slot_first_player,slot_second_player,slot_move1,slot_move1_abs_log1p,slot_move1_is_even,slot_move1_mod3,slot_move1_mod5,slot_move1_mod7,slot_move1_mod10,slot_move2,slot_move2_abs_log1p,slot_move2_is_even,slot_move2_mod3,slot_move2_mod5,slot_move2_mod7,slot_move2_mod10,slot_upper_limit,slot_upper_limit_abs_log1p,slot_upper_limit_is_even,slot_upper_limit_mod3,slot_upper_limit_mod5,slot_upper_limit_mod7,slot_upper_limit_mod10,gcd_all,n_multiple_pairs,y
0,0,1,0.6931471805599453,0,1,1,1,1,6,1.9459101490553132,1,0,1,6,6,3619,8.194229304819817,0,1,4,0,9,1,2,1551.0
0,1,2,1.0986122886681098,1,2,2,2,2,4,1.6094379124341003,1,1,4,4,4,2256,7.721791776817535,1,0,1,2,6,2,3,752.0
1,2,2,1.0986122886681098,1,2,2,2,2,6,1.9459101490553132,1,0,1,6,6,1378,7.229113877793302,1,1,3,6,8,2,2,689.0
2,3,3,1.3862943611198906,0,0,3,3,3,6,1.9459101490553132,1,0,1,6,6,319,5.768320995793772,0,1,4,4,9,1,1,107.0
3,1,2,1.0986122886681098,1,2,2,2,2,7,2.0794415416798357,0,1,2,0,7,4100,8.31898612539206,1,2,0,5,0,1,1,1823.0
1,0,2,1.0986122886681098,1,2,2,2,2,6,1.9459101490553132,1,0,1,6,6,4805,8.477620416296414,0,2,0,3,5,1,1,2403.0
2,0,2,1.0986122886681098,1,2,2,2,2,8,2.1972245773362196,1,2,3,1,8,2384,7.776954403322442,1,2,4,4,4,2,3,954.0
0,2,2,1.0986122886681098,1,2,2,2,2,8,2.1972245773362196,1,2,3,1,8,3850,8.25608813381491,1,1,0,0,0,2,2,1540.0
3,3,2,1.0986122886681098,1,2,2,2,2,7,2.0794415416798357,0,1,2,0,7,2254,7.720905251936779,1,1,4,0,4,1,2,1002.0
3,1,1,0.6931471805599453,0,1,1,1,1,7,2.0794415416798357,0,1,2,0,7,824,6.715383386334681,1,2,4,5,4,1,2,412.0
2,2,2,1.0986122886681098,1,2,2,2,2,4,1.6094379124341003,1,1,4,4,4,3905,8.270269111436624,0,2,0,6,5,1,1,1301.0
2,1,1,0.6931471805599453,0,1,1,1,1,6,1.9459101490553132,1,0,1,6,6,1810,7.501634457883413,1,1,0,4,0,1,2,776.0
3,4,1,0.6931471805599453,0,1,1,1,1,3,1.3862943611198906,0,0,3,3,3,3177,8.064007347096661,0,0,2,6,7,1,3,1588.0
4,4,1,0.6931471805599453,0,1,1,1,1,5,1.791759469228055,0,2,0,5,5,4542,8.421342865759403,1,0,2,6,2,1,2,2271.0
4,4,1,0.6931471805599453,0,1,1,1,1,7,2.0794415416798357,0,1,2,0,7,2720,7.908754738783246,1,2,0,4,0,1,2,1360.0
3,2,3,1.3862943611198906,0,0,3,3,3,8,2.1972245773362196,1,2,3,1,8,3003,8.007700012884026,0,0,3,0,3,1,1,1365.0
2,0,1,0.6931471805599453,0,1,1,1,1,3,1.3862943611198906,0,0,3,3,3,4250,8.35490952835879,1,2,0,1,0,1,2,2125.0
1,1,2,1.0986122886681098,1,2,2,2,2,3,1.3862943611198906,0,0,3,3,3,4062,8.309676895987726,1,0,2,2,2,1,2,1625.0
2,2,1,0.6931471805599453,0,1,1,1,1,3,1.3862943611198906,0,0,3,3,3,2656,7.884952945759814,1,1,1,3,6,1,2,1328.0
1,0,1,0.6931471805599453,0,1,1,1,1,2,1.0986122886681098,1,2,2,2,2,3416,8.136518252115291,1,2,1,0,6,1,3,1138.0
4,2,2,1.0986122886681098,1,2,2,2,2,6,1.9459101490553132,1,0,1,6,6,2069,7.635303886259415,0,2,4,4,9,1,1,1035.0
1,3,1,0.6931471805599453,0,1,1,1,1,7,2.0794415416798357,0,1,2,0,7,4938,8.504918160540624,1,0,3,3,8,1,2,2469.0
3,4,1,0.6931471805599453,0,1,1,1,1,5,1.791759469228055,0,2,0,5,5,3449,8.146129510025405,0,2,4,5,9,1,2,1724.0
2,2,2,1.0986122886681098,1,2,2,2,2,6,1.9459101490553132,1,0,1,6,6,2158,7.677400430514807,1,1,3,2,8,2,2,1079.0
3,1,3,1.3862943611198906,0,0,3,3,3,6,1.9459101490553132,1,0,1,6,6,4377,8.384347278082808,0,0,2,2,7,3,2,1460.0
2,1,2,1.0986122886681098,1,2,2,2,2,5,1.791759469228055,0,2,0,5,5,2197,7.6953031349635665,0,1,2,6,7,1,0,941.0
1,2,1,0.6931471805599453,0,1,1,1,1,4,1.6094379124341003,1,1,4,4,4,3852,8.256607344626158,1,0,2,2,2,1,3,1541.0
0,1,2,1.0986122886681098,1,2,2,2,2,4,1.6094379124341003,1,1,4,4,4,1594,7.374629015218945,1,1,4,5,4,2,2,531.0
0,4,1,0.6931471805599453,0,1,1,1,1,4,1.6094379124341003,1,1,4,4,4,3550,8.174984532943087,1,1,0,1,0,1,2,1420.0
4,3,1,0.6931471805599453,0,1,1,1,1,7,2.0794415416798357,0,1,2,0,7,2003,7.602900462204755,0,2,3,1,3,1,2,1001.0
3,0,1,0.6931471805599453,0,1,1,1,1,3,1.3862943611198906,0,0,3,3,3,705,6.559615237493242,0,0,0,5,5,1,3,352.0
4,1,2,1.0986122886681098,1,2,2,2,2,5,1.791759469228055,0,2,0,5,5,1589,7.371489295214277,0,2,4,0,9,1,0,681.0
4,2,2,1.0986122886681098,1,2,2,2,2,7,2.0794415416798357,0,1,2,0,7,1319,7.1853870155804165,0,2,4,3,9,1,0,587.0
2,2,2,1.0986122886681098,1,2,2,2,2,8,2.1972245773362196,1,2,3,1,8,587,6.376726947898627,0,2,2,6,7,1,1,235.0
4,2,1,0.6931471805599453,0,1,1,1,1,3,1.3862943611198906,0,0,3,3,3,2649,7.882314918980268,0,0,4,3,9,1,3,1324.0
1,1,1,0.6931471805599453,0,1,1,1,1,4,1.6094379124341003,1,1,4,4,4,1405,7.2485040723706105,0,1,0,5,5,1,2,562.0
0,2,2,1.0986122886681098,1,2,2,2,2,3,1.3862943611198906,0,0,3,3,3,1411,7.252762418053187,0,1,1,4,1,1,0,565.0
1,3,3,1.3862943611198906,0,0,3,3,3,5,1.791759469228055,0,2,0,5,5,4950,8.507344855361422,1,0,0,1,0,1,2,1856.0
4,4,1,0.6931471805599453,0,1,1,1,1,4,1.6094379124341003,1,1,4,4,4,3437,8.142645185942795,0,2,2,0,7,1,2,1375.0
1,0,1,0.6931471805599453,0,1,1,1,1,5,1.791759469228055,0,2,0,5,5,4732,8.462314529906248,1,1,2,0,2,1,2,2366.0
1,1,1,0.6931471805599453,0,1,1,1,1,4,1.6094379124341003,1,1,4,4,4,1059,6.966024187106113,0,0,4,2,9,1,2,423.0
4,1,1,0.6931471805599453,0,1,1,1,1,4,1.6094379124341003,1,1,4,4,4,2354,7.764296006450518,1,2,4,2,4,1,2,941.0
2,2,1,0.6931471805599453,0,1,1,1,1,4,1.6094379124341003,1,1,4,4,4,1133,7.033506484287697,0,2,3,6,3,1,2,453.0
3,3,2,1.0986122886681098,1,2,2,2,2,6,1.9459101490553132,1,0,1,6,6,4427,8.395703293828527,0,2,2,3,7,1,1,2213.0
2,3,2,1.0986122886681098,1,2,2,2,2,8,2.1972245773362196,1,2,3,1,8,2185,7.689828668736484,0,1,0,1,5,1,1,875.0
1,1,2,1.0986122886681098,1,2,2,2,2,5,1.791759469228055,0,2,0,5,5,553,6.317164686747284,0,1,3,0,3,1,0,237.0
4,0,1,0.6931471805599453,0,1,1,1,1,7,2.0794415416798357,0,1,2,0,7,4849,8.48673398393153,0,1,4,5,9,1,2,2424.0
3,3,1,0.6931471805599453,0,1,1,1,1,6,1.9459101490553132,1,0,1,6,6,2097,7.6487397889562425,0,0,2,4,7,1,2,899.0
0,2,3,1.3862943611198906,0,0,3,3,3,9,2.302585092994046,0,0,4,2,9,463,6.139884552226255,0,1,3,1,3,1,1,232.0
2,4,3,1.3862943611198906,0,0,3,3,3,9,2.302585092994046,0,0,4,2,9,4980,8.513385953073284,1,0,0,3,0,3,2,2490.0
3,1,2,1.0986122886681098,1,2,2,2,2,8,2.1972245773362196,1,2,3,1,8,4211,8.345692873253865,0,2,1,4,1,1,1,1685.0
2,4,1,0.6931471805599453,0,1,1,1,1,2,1.0986122886681098,1,2,2,2,2,3492,8.158516244806831,1,0,2,6,2,1,3,1164.0
3,4,1,0.6931471805599453,0,1,1,1,1,5,1.791759469228055,0,2,0,5,5,1451,7.280697195384741,0,2,1,2,1,1,2,725.0
1,2,1,0.6931471805599453,0,1,1,1,1,6,1.9459101490553132,1,0,1,6,6,2274,7.729735331385051,1,0,4,6,4,1,3,974.0
3,3,1,0.6931471805599453,0,1,1,1,1,6,1.9459101490553132,1,0,1,6,6,546,6.304448802421981,1,0,1,0,6,1,3,234.0
0,1,1,0.6931471805599453,0,1,1,1,1,7,2.0794415416798357,0,1,2,0,7,122,4.812184355372417,1,2,2,3,2,1,2,61.0
2,4,1,0.6931471805599453,0,1,1,1,1,2,1.0986122886681098,1,2,2,2,2,1122,7.023758954738443,1,0,2,2,2,1,3,374.0
4,3,2,1.0986122886681098,1,2,2,2,2,6,1.9459101490553132,1,0,1,6,6,3220,8.0774471493312,1,1,0,0,0,2,2,1610.0
3,2,3,1.3862943611198906,0,0,3,3,3,7,2.0794415416798357,0,1,2,0,7,3747,8.228977643358313,0,0,2,2,7,1,1,1499.0
3,1,2,1.0986122886681098,1,2,2,2,2,3,1.3862943611198906,0,0,3,3,3,1676,7.424761761823209,1,2,1,3,6,1,1,671.0
2,3,2,1.0986122886681098,1,2,2,2,2,7,2.0794415416798357,0,1,2,0,7,4357,8.379768515504566,0,1,2,3,7,1,0,1937.0
2,4,1,0.6931471805599453,0,1,1,1,1,5,1.791759469228055,0,2,0,5,5,874,6.774223886357614,1,1,4,6,4,1,2,437.0
0,0,2,1.0986122886681098,1,2,2,2,2,3,1.3862943611198906,0,0,3,3,3,355,5.87493073085203,0,1,0,5,5,1,0,142.0
3,0,2,1.0986122886681098,1,2,2,2,2,3,1.3862943611198906,0,0,3,3,3,3683,8.211754397375197,0,2,3,1,3,1,0,1473.0
2,1,1,0.6931471805599453,0,1,1,1,1,6,1.9459101490553132,1,0,1,6,6,3329,8.110727582974489,0,2,4,4,9,1,2,1427.0
1,4,3,1.3862943611198906,0,0,3,3,3,5,1.791759469228055,0,2,0,5,5,3286,8.097730573664219,1,1,1,3,6,1,0,1232.0
4,3,1,0.6931471805599453,0,1,1,1,1,5,1.791759469228055,0,2,0,5,5,4038,8.303752415563412,1,0,3,6,8,1,2,2019.0
2,3,2,1.0986122886681098,1,2,2,2,2,4,1.6094379124341003,1,1,4,4,4,1903,7.55171221535131,0,1,3,6,3,1,1,635.0
2,4,2,1.0986122886681098,1,2,2,2,2,3,1.3862943611198906,0,0,3,3,3,1203,7.093404625868766,0,0,3,6,3,1,1,481.0
4,4,2,1.0986122886681098,1,2,2,2,2,5,1.791759469228055,0,2,0,5,5,4573,8.428143374582726,0,1,3,2,3,1,0,1960.0
1,0,1,0.6931471805599453,0,1,1,1,1,3,1.3862943611198906,0,0,3,3,3,3202,8.071843149609158,1,1,2,3,2,1,2,1601.0
2,3,1,0.6931471805599453,0,1,1,1,1,7,2.0794415416798357,0,1,2,0,7,2488,7.819636302367592,1,1,3,3,8,1,2,1244.0
3,2,2,1.0986122886681098,1,2,2,2,2,5,1.791759469228055,0,2,0,5,5,1725,7.453561871643373,0,0,0,3,5,1,1,739.0
1,1,2,1.0986122886681098,1,2,2,2,2,5,1.791759469228055,0,2,0,5,5,1735,7.459338895220296,0,1,0,6,5,1,1,743.0
0,1,2,1.0986122886681098,1,2,2,2,2,5,1.791759469228055,0,2,0,5,5,4847,8.48632152774915,0,2,2,3,7,1,0,2077.0
1,1,1,0.6931471805599453,0,1,1,1,1,4,1.6094379124341003,1,1,4,4,4,284,5.652489180268651,1,2,4,4,4,1,3,113.0
1,0,1,0.6931471805599453,0,1,1,1,1,2,1.0986122886681098,1,2,2,2,2,1114,7.016609683894219,1,1,4,1,4,1,3,371.0
3,3,3,1.3862943611198906,0,0,3,3,3,4,1.6094379124341003,1,1,4,4,4,1366,7.220373836723949,1,1,1,1,6,1,0,586.0
2,1,1,0.6931471805599453,0,1,1,1,1,3,1.3862943611198906,0,0,3,3,3,4589,8.431635303054591,0,2,4,4,9,1,2,2294.0
1,1,2,1.0986122886681098,1,2,2,2,2,3,1.3862943611198906,0,0,3,3,3,3979,8.289037098278483,0,1,4,3,9,1,0,1591.0
3,2,2,1.0986122886681098,1,2,2,2,2,6,1.9459101490553132,1,0,1,6,6,2596,7.862112211662748,1,1,1,6,6,2,2,1298.0
0,3,1,0.6931471805599453,0,1,1,1,1,4,1.6094379124341003,1,1,4,4,4,1634,7.399398083331354,1,2,4,3,4,1,2,653.0
0,3,2,1.0986122886681098,1,2,2,2,2,4,1.6094379124341003,1,1,4,4,4,1805,7.498869733976931,0,2,0,6,5,1,1,601.0
2,3,2,1.0986122886681098,1,2,2,2,2,3,1.3862943611198906,0,0,3,3,3,112,4.727387818712341,1,1,2,0,2,1,1,45.0
4,4,2,1.0986122886681098,1,2,2,2,2,8,2.1972245773362196,1,2,3,1,8,4861,8.48920515487607,0,1,1,3,1,1,1,1945.0
2,0,3,1.3862943611198906,0,0,3,3,3,6,1.9459101490553132,1,0,1,6,6,1817,7.505492274737424,0,2,2,4,7,1,1,605.0
1,4,3,1.3862943611198906,0,0,3,3,3,7,2.0794415416798357,0,1,2,0,7,4391,8.387539983189367,0,2,1,2,1,1,0,1757.0
2,4,2,1.0986122886681098,1,2,2,2,2,4,1.6094379124341003,1,1,4,4,4,4004,8.29529885950246,1,2,4,0,4,2,3,1335.0
2,0,3,1.3862943611198906,0,0,3,3,3,5,1.791759469228055,0,2,0,5,5,2742,7.916807490937603,1,0,2,5,2,1,1,1028.0
2,2,1,0.6931471805599453,0,1,1,1,1,5,1.791759469228055,0,2,0,5,5,3819,8.24800570160062,0,0,4,4,9,1,2,1909.0
2,1,3,1.3862943611198906,0,0,3,3,3,8,2.1972245773362196,1,2,3,1,8,3365,8.121480374750751,0,2,0,5,5,1,0,1529.0
2,2,1,0.6931471805599453,0,1,1,1,1,6,1.9459101490553132,1,0,1,6,6,3060,8.026496938945412,1,0,0,1,0,1,3,1311.0
0,0,1,0.6931471805599453,0,1,1,1,1,4,1.6094379124341003,1,1,4,4,4,219,5.393627546352362,0,0,4,2,9,1,2,87.0
0,3,3,1.3862943611198906,0,0,3,3,3,8,2.1972245773362196,1,2,3,1,8,4257,8.356554845453426,0,0,2,1,7,1,1,1935.0
1,4,2,1.0986122886681098,1,2,2,2,2,7,2.0794415416798357,0,1,2,0,7,2990,8.003363058629947,1,2,0,1,0,1,1,1329.0
3,1,1,0.6931471805599453,0,1,1,1,1,5,1.791759469228055,0,2,0,5,5,4146,8.330140460246382,1,0,1,2,6,1,2,2073.0
4,1,3,1.3862943611198906,0,0,3,3,3,8,2.1972245773362196,1,2,3,1,8,1073,6.97914527506881,0,2,3,2,3,1,0,488.0
3,3,2,1.0986122886681098,1,2,2,2,2,7,2.0794415416798357,0,1,2,0,7,2011,7.60688453121963,0,1,1,2,1,1,0,894.0
0,0,2,1.0986122886681098,1,2,2,2,2,3,1.3862943611198906,0,0,3,3,3,1907,7.553810852008231,0,2,2,3,7,1,0,763.0
2,3,3,1.3862943611198906,0,0,3,3,3,6,1.9459101490553132,1,0,1,6,6,3442,8.144098463338524,1,1,2,5,2,1,1,1148.0
2,3,1,0.6931471805599453,0,1,1,1,1,5,1.791759469228055,0,2,0,5,5,3862,8.259199362666282,1,1,2,5,2,1,2,1931.0
1,4,1,0.6931471805599453,0,1,1,1,1,4,1.6094379124341003,1,1,4,4,4,2359,7.7664168980196555,0,1,4,0,9,1,2,943.0
4,1,2,1.0986122886681098,1,2,2,2,2,3,1.3862943611198906,0,0,3,3,3,2026,7.614312146452,1,1,1,3,6,1,1,811.0
0,2,1,0.6931471805599453,0,1,1,1,1,5,1.791759469228055,0,2,0,5,5,3230,8.080546965824498,1,2,0,3,0,1,3,1615.0
4,0,2,1.0986122886681098,1,2,2,2,2,3,1.3862943611198906,0,0,3,3,3,4799,8.476371196895983,0,2,4,4,9,1,0,1919.0
2,4,1,0.6931471805599453,0,1,1,1,1,3,1.3862943611198906,0,0,3,3,3,2325,7.75190533307861,0,0,0,1,5,1,3,1162.0
3,0,2,1.0986122886681098,1,2,2,2,2,3,1.3862943611198906,0,0,3,3,3,3140,8.052296499538647,1,2,0,4,0,1,1,1256.0
3,4,3,1.3862943611198906,0,0,3,3,3,7,2.0794415416798357,0,1,2,0,7,4113,8.322151070212902,0,0,3,4,3,1,1,1646.0
4,1,1,0.6931471805599453,0,1,1,1,1,2,1.0986122886681098,1,2,2,2,2,422,6.0473721790462776,1,2,2,2,2,1,3,140.0
2,4,3,1.3862943611198906,0,0,3,3,3,6,1.9459101490553132,1,0,1,6,6,3267,8.091933455979893,0,0,2,5,7,3,2,1089.0
4,0,2,1.0986122886681098,1,2,2,2,2,5,1.791759469228055,0,2,0,5,5,2655,7.884576510596324,0,0,0,2,5,1,1,1138.0
3,2,2,1.0986122886681098,1,2,2,2,2,3,1.3862943611198906,0,0,3,3,3,4292,8.36474106822456,1,2,2,1,2,1,1,1717.0
4,4,1,0.6931471805599453,0,1,1,1,1,6,1.9459101490553132,1,0,1,6,6,3961,8.284504227258497,0,1,1,6,1,1,2,1697.0
1,4,2,1.0986122886681098,1,2,2,2,2,7,2.0794415416798357,0,1,2,0,7,1647,7.4073177104694174,0,0,2,2,7,1,0,732.0
1,2,3,1.3862943611198906,0,0,3,3,3,4,1.6094379124341003,1,1,4,4,4,2221,7.706162970199576,0,1,1,2,1,1,0,953.0
0,3,1,0.6931471805599453,0,1,1,1,1,4,1.6094379124341003,1,1,4,4,4,4814,8.479491324232226,1,2,4,5,4,1,2,1925.0
2,3,3,1.3862943611198906,0,0,3,3,3,6,1.9459101490553132,1,0,1,6,6,2847,7.954372272531867,0,0,2,5,7,3,2,950.0
1,2,1,0.6931471805599453,0,1,1,1,1,2,1.0986122886681098,1,2,2,2,2,3832,8.251403065380556,1,1,2,3,2,1,3,1277.0
0,0,1,0.6931471805599453,0,1,1,1,1,6,1.9459101490553132,1,0,1,6,6,713,6.570882962339584,0,2,3,6,3,1,2,305.0
3,1,2,1.0986122886681098,1,2,2,2,2,7,2.0794415416798357,0,1,2,0,7,3328,8.110427237575024,1,1,3,3,8,1,1,1479.0
1,4,1,0.6931471805599453,0,1,1,1,1,2,1.0986122886681098,1,2,2,2,2,1228,7.113956109566034,1,1,3,3,8,1,3,409.0
3,4,2,1.0986122886681098,1,2,2,2,2,4,1.6094379124341003,1,1,4,4,4,4303,8.36730010184162,0,1,3,5,3,1,1,1435.0
0,1,3,1.3862943611198906,0,0,3,3,3,6,1.9459101490553132,1,0,1,6,6,2930,7.983098940710892,1,2,0,4,0,1,1,977.0
3,4,2,1.0986122886681098,1,2,2,2,2,3,1.3862943611198906,0,0,3,3,3,3131,8.049427057110695,0,2,1,2,1,1,0,1253.0
2,3,2,1.0986122886681098,1,2,2,2,2,3,1.3862943611198906,0,0,3,3,3,1753,7.469654172932128,0,1,3,3,3,1,0,701.0
1,1,1,0.6931471805599453,0,1,1,1,1,7,2.0794415416798357,0,1,2,0,7,751,6.62273632394984,0,1,1,2,1,1,2,375.0
0,2,2,1.0986122886681098,1,2,2,2,2,8,2.1972245773362196,1,2,3,1,8,4636,8.441822884391462,1,1,1,2,6,2,2,1855.0
1,2,2,1.0986122886681098,1,2,2,2,2,6,1.9459101490553132,1,0,1,6,6,504,6.22455842927536,1,0,4,0,4,2,3,252.0
1,4,2,1.0986122886681098,1,2,2,2,2,8,2.1972245773362196,1,2,3,1,8,4267,8.358900612421644,0,1,2,4,7,1,1,1707.0
3,0,2,1.0986122886681098,1,2,2,2,2,4,1.6094379124341003,1,1,4,4,4,2881,7.966239776559467,0,1,1,4,1,1,1,961.0
4,1,2,1.0986122886681098,1,2,2,2,2,3,1.3862943611198906,0,0,3,3,3,652,6.481577129276431,1,1,2,1,2,1,1,261.0
0,1,2,1.0986122886681098,1,2,2,2,2,3,1.3862943611198906,0,0,3,3,3,1545,7.343426229147367,0,0,0,5,5,1,1,618.0
1,3,2,1.0986122886681098,1,2,2,2,2,8,2.1972245773362196,1,2,3,1,8,2408,7.786967002614872,1,2,3,0,8,2,3,963.0
2,4,2,1.0986122886681098,1,2,2,2,2,7,2.0794415416798357,0,1,2,0,7,2373,7.772331575169614,0,0,3,0,3,1,1,1055.0
1,1,1,0.6931471805599453,0,1,1,1,1,4,1.6094379124341003,1,1,4,4,4,1244,7.126890808898808,1,2,4,5,4,1,3,497.0
4,0,2,1.0986122886681098,1,2,2,2,2,8,2.1972245773362196,1,2,3,1,8,1350,7.208600337960199,1,0,0,6,0,2,2,540.0
3,4,2,1.0986122886681098,1,2,2,2,2,7,2.0794415416798357,0,1,2,0,7,4013,8.297543529356284,0,2,3,2,3,1,0,1783.0
1,2,2,1.0986122886681098,1,2,2,2,2,4,1.6094379124341003,1,1,4,4,4,409,6.016157159698354,0,1,4,3,9,1,1,137.0
0,2,2,1.0986122886681098,1,2,2,2,2,5,1.791759469228055,0,2,0,5,5,4943,8.505929999137527,0,2,3,1,3,1,0,2119.0
1,4,3,1.3862943611198906,0,0,3,3,3,9,2.302585092994046,0,0,4,2,9,1916,7.558516743045645,1,2,1,5,6,1,1,959.0
1,1,2,1.0986122886681098,1,2,2,2,2,6,1.9459101490553132,1,0,1,6,6,2211,7.701652362642226,0,0,1,6,1,1,1,1105.0
1,3,1,0.6931471805599453,0,1,1,1,1,4,1.6094379124341003,1,1,4,4,4,4660,8.446985296372741,1,1,0,5,0,1,3,1864.0
2,3,1,0.6931471805599453,0,1,1,1,1,3,1.3862943611198906,0,0,3,3,3,4572,8.427924723658055,1,0,2,1,2,1,3,2286.0
3,0,2,1.0986122886681098,1,2,2,2,2,4,1.6094379124341003,1,1,4,4,4,457,6.126869184114185,0,1,2,2,7,1,1,153.0
4,4,2,1.0986122886681098,1,2,2,2,2,7,2.0794415416798357,0,1,2,0,7,3598,8.188411308079031,1,1,3,0,8,1,2,1599.0
3,1,3,1.3862943611198906,0,0,3,3,3,5,1.791759469228055,0,2,0,5,5,1581,7.366445148327599,0,0,1,6,1,1,1,593.0
0,4,1,0.6931471805599453,0,1,1,1,1,6,1.9459101490553132,1,0,1,6,6,1660,7.415175109613295,1,1,0,1,0,1,2,711.0
1,3,1,0.6931471805599453,0,1,1,1,1,3,1.3862943611198906,0,0,3,3,3,3758,8.231908243564177,1,2,3,6,8,1,2,1879.0
4,2,2,1.0986122886681098,1,2,2,2,2,4,1.6094379124341003,1,1,4,4,4,2424,7.793586803371584,1,0,4,2,4,2,3,808.0
2,0,2,1.0986122886681098,1,2,2,2,2,5,1.791759469228055,0,2,0,5,5,318,5.765191102784844,1,0,3,3,8,1,1,136.0
4,2,1,0.6931471805599453,0,1,1,1,1,3,1.3862943611198906,0,0,3,3,3,1866,7.532088143541722,1,0,1,4,6,1,3,933.0
0,4,3,1.3862943611198906,0,0,3,3,3,6,1.9459101490553132,1,0,1,6,6,1974,7.5883236773352225,1,0,4,0,4,3,3,659.0
0,1,1,0.6931471805599453,0,1,1,1,1,5,1.791759469228055,0,2,0,5,5,724,6.586171654854675,1,1,4,3,4,1,2,362.0
3,2,1,0.6931471805599453,0,1,1,1,1,3,1.3862943611198906,0,0,3,3,3,2944,7.987864096085687,1,1,4,4,4,1,2,1472.0
4,3,3,1.3862943611198906,0,0,3,3,3,7,2.0794415416798357,0,1,2,0,7,3387,8.127995055771946,0,0,2,6,7,1,1,1355.0
1,1,3,1.3862943611198906,0,0,3,3,3,9,2.302585092994046,0,0,4,2,9,701,6.553933404025811,0,2,1,1,1,1,1,350.0
1,2,3,1.3862943611198906,0,0,3,3,3,6,1.9459101490553132,1,0,1,6,6,2044,7.623153068476902,1,1,4,0,4,1,1,682.0
2,1,2,1.0986122886681098,1,2,2,2,2,5,1.791759469228055,0,2,0,5,5,806,6.693323668269949,1,2,1,1,6,1,1,346.0
4,4,2,1.0986122886681098,1,2,2,2,2,8,2.1972245773362196,1,2,3,1,8,4086,8.315566483564277,1,0,1,5,6,2,2,1635.0
1,3,2,1.0986122886681098,1,2,2,2,2,4,1.6094379124341003,1,1,4,4,4,2226,7.708410667257367,1,0,1,0,6,2,2,742.0
3,0,1,0.6931471805599453,0,1,1,1,1,5,1.791759469228055,0,2,0,5,5,604,6.405228458030842,1,1,4,2,4,1,2,302.0
4,4,3,1.3862943611198906,0,0,3,3,3,4,1.6094379124341003,1,1,4,4,4,2145,7.671360923190644,0,0,0,3,5,1,1,920.0
4,2,3,1.3862943611198906,0,0,3,3,3,9,2.302585092994046,0,0,4,2,9,1986,7.594381242551817,1,0,1,5,6,3,2,993.0
0,3,3,1.3862943611198906,0,0,3,3,3,6,1.9459101490553132,1,0,1,6,6,2201,7.697121317282625,0,2,1,3,1,1,1,734.0
2,1,3,1.3862943611198906,0,0,3,3,3,8,2.1972245773362196,1,2,3,1,8,525,6.26530121273771,0,0,0,0,5,1,1,239.0
0,1,2,1.0986122886681098,1,2,2,2,2,6,1.9459101490553132,1,0,1,6,6,2218,7.704811922932594,1,1,3,6,8,2,2,1109.0
3,3,2,1.0986122886681098,1,2,2,2,2,5,1.791759469228055,0,2,0,5,5,2675,7.892078421248119,0,2,0,1,5,1,1,1147.0
3,1,2,1.0986122886681098,1,2,2,2,2,7,2.0794415416798357,0,1,2,0,7,788,6.670766320845874,1,2,3,4,8,1,1,351.0
3,3,3,1.3862943611198906,0,0,3,3,3,6,1.9459101490553132,1,0,1,6,6,2596,7.862112211662748,1,1,1,6,6,1,1,866.0
1,3,2,1.0986122886681098,1,2,2,2,2,3,1.3862943611198906,0,0,3,3,3,586,6.375024819828097,1,1,1,5,6,1,1,235.0
1,3,2,1.0986122886681098,1,2,2,2,2,8,2.1972245773362196,1,2,3,1,8,875,6.775366090936392,0,2,0,0,5,1,1,351.0
1,3,3,1.3862943611198906,0,0,3,3,3,7,2.0794415416798357,0,1,2,0,7,1079,6.984716320118266,0,2,4,1,9,1,0,431.0
1,0,3,1.3862943611198906,0,0,3,3,3,4,1.6094379124341003,1,1,4,4,4,2679,7.893572073504902,0,0,4,5,9,1,1,1148.0
2,2,3,1.3862943611198906,0,0,3,3,3,8,2.1972245773362196,1,2,3,1,8,2195,7.694392802629421,0,2,0,4,5,1,0,998.0
2,3,1,0.6931471805599453,0,1,1,1,1,6,1.9459101490553132,1,0,1,6,6,476,6.1675164908883415,1,2,1,0,6,1,2,204.0
4,3,3,1.3862943611198906,0,0,3,3,3,5,1.791759469228055,0,2,0,5,5,1852,7.52456122628536,1,1,2,4,2,1,0,695.0
4,1,2,1.0986122886681098,1,2,2,2,2,6,1.9459101490553132,1,0,1,6,6,2857,7.957877358489813,0,1,2,1,7,1,1,1429.0
3,3,2,1.0986122886681098,1,2,2,2,2,8,2.1972245773362196,1,2,3,1,8,1396,7.242082359256962,1,1,1,3,6,2,2,559.0
3,4,2,1.0986122886681098,1,2,2,2,2,8,2.1972245773362196,1,2,3,1,8,2528,7.835579246669965,1,2,3,1,8,2,3,1011.0
3,1,3,1.3862943611198906,0,0,3,3,3,9,2.302585092994046,0,0,4,2,9,2084,7.642524134232902,1,2,4,5,4,1,1,1043.0
0,3,2,1.0986122886681098,1,2,2,2,2,7,2.0794415416798357,0,1,2,0,7,2206,7.699389406256737,1,1,1,1,6,1,1,981.0
1,0,3,1.3862943611198906,0,0,3,3,3,8,2.1972245773362196,1,2,3,1,8,1409,7.251344983372214,0,2,4,2,9,1,0,641.0
2,1,3,1.3862943611198906,0,0,3,3,3,7,2.0794415416798357,0,1,2,0,7,3130,8.049107721326406,1,1,0,1,0,1,0,1252.0
3,1,3,1.3862943611198906,0,0,3,3,3,4,1.6094379124341003,1,1,4,4,4,1197,7.088408778675395,0,0,2,0,7,1,1,513.0
2,1,3,1.3862943611198906,0,0,3,3,3,7,2.0794415416798357,0,1,2,0,7,4923,8.501876487304344,0,0,3,2,3,1,1,1970.0
0,1,3,1.3862943611198906,0,0,3,3,3,4,1.6094379124341003,1,1,4,4,4,3315,8.106514516255185,0,0,0,4,5,1,1,1421.0
1,4,2,1.0986122886681098,1,2,2,2,2,7,2.0794415416798357,0,1,2,0,7,3360,8.119993827725105,1,0,0,0,0,1,2,1493.0
0,4,3,1.3862943611198906,0,0,3,3,3,8,2.1972245773362196,1,2,3,1,8,1011,6.919683849847411,0,0,1,3,1,1,1,459.0
2,0,3,1.3862943611198906,0,0,3,3,3,8,2.1972245773362196,1,2,3,1,8,1460,7.2868764117507,1,2,0,4,0,1,0,664.0
0,4,2,1.0986122886681098,1,2,2,2,2,8,2.1972245773362196,1,2,3,1,8,4583,8.430327258394575,0,2,3,5,3,1,1,1833.0
0,3,3,1.3862943611198906,0,0,3,3,3,9,2.302585092994046,0,0,4,2,9,3530,8.169336395928386,1,2,0,2,0,1,1,1766.0
2,2,3,1.3862943611198906,0,0,3,3,3,9,2.302585092994046,0,0,4,2,9,2835,7.950149887652018,0,0,0,0,5,3,3,1418.0
4,0,3,1.3862943611198906,0,0,3,3,3,7,2.0794415416798357,0,1,2,0,7,1610,7.384610383176974,1,2,0,0,0,1,1,644.0
4,1,1,0.6931471805599453,0,1,1,1,1,7,2.0794415416798357,0,1,2,0,7,1709,7.444248649496705,0,2,4,1,9,1,2,854.0
4,4,2,1.0986122886681098,1,2,2,2,2,6,1.9459101490553132,1,0,1,6,6,2945,7.988203597022576,0,2,0,5,5,1,1,1473.0
4,2,3,1.3862943611198906,0,0,3,3,3,4,1.6094379124341003,1,1,4,4,4,1494,7.3098814858247865,1,0,4,3,4,1,1,641.0
3,2,1,0.6931471805599453,0,1,1,1,1,2,1.0986122886681098,1,2,2,2,2,3102,8.04012466444838,1,0,2,1,2,1,3,1034.0
3,3,3,1.3862943611198906,0,0,3,3,3,5,1.791759469228055,0,2,0,5,5,2374,7.772752716468742,1,1,4,1,4,1,0,890.0
1,4,3,1.3862943611198906,0,0,3,3,3,6,1.9459101490553132,1,0,1,6,6,2643,7.880048200971577,0,0,3,4,3,3,2,881.0
3,3,2,1.0986122886681098,1,2,2,2,2,8,2.1972245773362196,1,2,3,1,8,4455,8.40200678160712,0,0,0,3,5,1,1,1783.0
1,2,2,1.0986122886681098,1,2,2,2,2,6,1.9459101490553132,1,0,1,6,6,1432,7.267525427828172,1,1,2,4,2,2,2,716.0
3,1,1,0.6931471805599453,0,1,1,1,1,4,1.6094379124341003,1,1,4,4,4,3289,8.098642843759418,0,1,4,6,9,1,2,1315.0
1,2,3,1.3862943611198906,0,0,3,3,3,4,1.6094379124341003,1,1,4,4,4,3925,8.275376374836407,0,1,0,5,5,1,0,1682.0
4,4,1,0.6931471805599453,0,1,1,1,1,2,1.0986122886681098,1,2,2,2,2,3176,8.063692634269517,1,2,1,5,6,1,3,1058.0
0,1,3,1.3862943611198906,0,0,3,3,3,7,2.0794415416798357,0,1,2,0,7,1732,7.457609289715606,1,1,2,3,2,1,0,694.0
0,0,3,1.3862943611198906,0,0,3,3,3,6,1.9459101490553132,1,0,1,6,6,4919,8.501063809486354,0,2,4,5,9,1,1,1640.0
4,1,3,1.3862943611198906,0,0,3,3,3,4,1.6094379124341003,1,1,4,4,4,3115,8.044305406990638,0,1,0,0,5,1,0,1335.0
0,2,3,1.3862943611198906,0,0,3,3,3,5,1.791759469228055,0,2,0,5,5,1178,7.072421900537371,1,2,3,2,8,1,0,443.0
3,1,3,1.3862943611198906,0,0,3,3,3,8,2.1972245773362196,1,2,3,1,8,1203,7.093404625868766,0,0,3,6,3,1,1,547.0
4,2,2,1.0986122886681098,1,2,2,2,2,3,1.3862943611198906,0,0,3,3,3,294,5.68697535633982,1,0,4,0,4,1,2,117.0
1,2,3,1.3862943611198906,0,0,3,3,3,5,1.791759469228055,0,2,0,5,5,3440,8.14351740579748,1,2,0,3,0,1,1,1290.0
2,3,2,1.0986122886681098,1,2,2,2,2,4,1.6094379124341003,1,1,4,4,4,3950,8.281723990411392,1,2,0,2,0,2,2,1317.0
0,3,1,0.6931471805599453,0,1,1,1,1,2,1.0986122886681098,1,2,2,2,2,2247,7.717796211013582,0,0,2,0,7,1,2,749.0
2,3,2,1.0986122886681098,1,2,2,2,2,3,1.3862943611198906,0,0,3,3,3,2234,7.711996507047669,1,2,4,1,4,1,1,893.0
3,3,1,0.6931471805599453,0,1,1,1,1,3,1.3862943611198906,0,0,3,3,3,2252,7.720017940432244,1,2,2,5,2,1,2,1126.0
0,3,3,1.3862943611198906,0,0,3,3,3,9,2.302585092994046,0,0,4,2,9,4657,8.446341450444287,0,1,2,2,7,1,1,2329.0
3,4,3,1.3862943611198906,0,0,3,3,3,6,1.9459101490553132,1,0,1,6,6,2838,7.951207156472972,1,0,3,3,8,3,3,947.0
2,2,2,1.0986122886681098,1,2,2,2,2,5,1.791759469228055,0,2,0,5,5,2141,7.669495251007694,0,2,1,6,1,1,0,917.0
3,1,2,1.0986122886681098,1,2,2,2,2,4,1.6094379124341003,1,1,4,4,4,1620,7.390798521735676,1,0,0,3,0,2,3,540.0
3,4,1,0.6931471805599453,0,1,1,1,1,3,1.3862943611198906,0,0,3,3,3,3504,8.16194579946869,1,0,4,4,4,1,3,1752.0
3,4,1,0.6931471805599453,0,1,1,1,1,2,1.0986122886681098,1,2,2,2,2,3433,8.141481041457421,0,1,3,3,3,1,2,1144.0
0,1,2,1.0986122886681098,1,2,2,2,2,8,2.1972245773362196,1,2,3,1,8,281,5.641907070938114,0,2,1,1,1,1,1,113.0
3,3,1,0.6931471805599453,0,1,1,1,1,4,1.6094379124341003,1,1,4,4,4,4830,8.482808764554406,1,0,0,0,0,1,2,1932.0
2,0,3,1.3862943611198906,0,0,3,3,3,7,2.0794415416798357,0,1,2,0,7,432,6.07073772800249,1,0,2,5,2,1,1,174.0
2,1,2,1.0986122886681098,1,2,2,2,2,7,2.0794415416798357,0,1,2,0,7,4303,8.36730010184162,0,1,3,5,3,1,0,1913.0
4,4,2,1.0986122886681098,1,2,2,2,2,7,2.0794415416798357,0,1,2,0,7,1062,6.968850378341948,1,0,2,5,2,1,1,472.0
4,3,1,0.6931471805599453,0,1,1,1,1,3,1.3862943611198906,0,0,3,3,3,2344,7.76004068088038,1,1,4,6,4,1,2,1172.0
2,0,3,1.3862943611198906,0,0,3,3,3,6,1.9459101490553132,1,0,1,6,6,3872,8.261784679514752,1,2,2,1,2,1,1,1292.0
3,0,1,0.6931471805599453,0,1,1,1,1,6,1.9459101490553132,1,0,1,6,6,4247,8.354203562921775,0,2,2,5,7,1,2,1820.0
2,4,2,1.0986122886681098,1,2,2,2,2,8,2.1972245773362196,1,2,3,1,8,2085,7.643003635560718,0,0,0,6,5,1,1,835.0
0,1,1,0.6931471805599453,0,1,1,1,1,2,1.0986122886681098,1,2,2,2,2,2083,7.642044402873258,0,1,3,4,3,1,2,694.0
0,0,2,1.0986122886681098,1,2,2,2,2,8,2.1972245773362196,1,2,3,1,8,4126,8.325306029752582,1,1,1,3,6,2,2,1651.0
3,0,2,1.0986122886681098,1,2,2,2,2,8,2.1972245773362196,1,2,3,1,8,3008,8.009363076630045,1,2,3,5,8,2,3,1203.0
0,3,2,1.0986122886681098,1,2,2,2,2,3,1.3862943611198906,0,0,3,3,3,3610,8.191740021277457,1,1,0,5,0,1,1,1444.0
4,0,1,0.6931471805599453,0,1,1,1,1,3,1.3862943611198906,0,0,3,3,3,4753,8.46674164792014,0,1,3,0,3,1,2,2376.0
1,2,1,0.6931471805599453,0,1,1,1,1,6,1.9459101490553132,1,0,1,6,6,2479,7.8160138391590275,0,1,4,1,9,1,2,1062.0
2,0,3,1.3862943611198906,0,0,3,3,3,5,1.791759469228055,0,2,0,5,5,2560,7.848153086199526,1,1,0,5,0,1,1,960.0
0,4,2,1.0986122886681098,1,2,2,2,2,5,1.791759469228055,0,2,0,5,5,810,6.698268054115413,1,0,0,5,0,1,2,347.0
1,4,2,1.0986122886681098,1,2,2,2,2,6,1.9459101490553132,1,0,1,6,6,3203,8.07215530818825,0,2,3,4,3,1,1,1601.0
2,4,1,0.6931471805599453,0,1,1,1,1,7,2.0794415416798357,0,1,2,0,7,535,6.284134161070802,0,1,0,3,5,1,2,267.0
2,1,1,0.6931471805599453,0,1,1,1,1,3,1.3862943611198906,0,0,3,3,3,4546,8.42222295382501,1,1,1,3,6,1,2,2273.0
2,4,1,0.6931471805599453,0,1,1,1,1,2,1.0986122886681098,1,2,2,2,2,3764,8.233503140233994,1,2,4,5,4,1,3,1254.0
2,1,1,0.6931471805599453,0,1,1,1,1,2,1.0986122886681098,1,2,2,2,2,4404,8.39049553837028,1,0,4,1,4,1,3,1468.0
2,0,3,1.3862943611198906,0,0,3,3,3,5,1.791759469228055,0,2,0,5,5,1278,7.153833801578843,1,0,3,4,8,1,1,479.0
2,2,1,0.6931471805599453,0,1,1,1,1,5,1.791759469228055,0,2,0,5,5,3605,8.190354403763262,0,2,0,0,5,1,3,1802.0
4,0,1,0.6931471805599453,0,1,1,1,1,2,1.0986122886681098,1,2,2,2,2,1660,7.415175109613295,1,1,0,1,0,1,3,553.0
1,2,1,0.6931471805599453,0,1,1,1,1,4,1.6094379124341003,1,1,4,4,4,3219,8.077136638538454,0,0,4,6,9,1,2,1287.0
1,1,2,1.0986122886681098,1,2,2,2,2,4,1.6094379124341003,1,1,4,4,4,4566,8.426611813185,1,0,1,2,6,2,2,1522.0
2,4,2,1.0986122886681098,1,2,2,2,2,3,1.3862943611198906,0,0,3,3,3,4697,8.454892165218858,0,2,2,0,7,1,0,1879.0
1,3,1,0.6931471805599453,0,1,1,1,1,7,2.0794415416798357,0,1,2,0,7,1526,7.3310603052186325,1,2,1,0,6,1,3,763.0
3,3,3,1.3862943611198906,0,0,3,3,3,6,1.9459101490553132,1,0,1,6,6,121,4.804021044733257,0,1,1,2,1,1,1,41.0
3,4,2,1.0986122886681098,1,2,2,2,2,6,1.9459101490553132,1,0,1,6,6,1874,7.536363938404511,1,2,4,5,4,2,2,937.0
1,3,1,0.6931471805599453,0,1,1,1,1,4,1.6094379124341003,1,1,4,4,4,1923,7.562161631225652,0,0,3,5,3,1,2,769.0
4,2,1,0.6931471805599453,0,1,1,1,1,3,1.3862943611198906,0,0,3,3,3,2265,7.725771441587952,0,0,0,4,5,1,3,1132.0
1,4,1,0.6931471805599453,0,1,1,1,1,3,1.3862943611198906,0,0,3,3,3,1568,7.358193752733032,1,2,3,0,8,1,2,784.0
0,1,2,1.0986122886681098,1,2,2,2,2,6,1.9459101490553132,1,0,1,6,6,251,5.529429087511423,0,2,1,6,1,1,1,125.0
4,1,3,1.3862943611198906,0,0,3,3,3,7,2.0794415416798357,0,1,2,0,7,2134,7.666221925662725,1,1,4,6,4,1,0,854.0
3,3,2,1.0986122886681098,1,2,2,2,2,3,1.3862943611198906,0,0,3,3,3,4675,8.450198322591959,0,1,0,6,5,1,0,1870.0
0,0,2,1.0986122886681098,1,2,2,2,2,3,1.3862943611198906,0,0,3,3,3,3697,8.21554741194707,0,1,2,1,7,1,0,1479.0
2,0,3,1.3862943611198906,0,0,3,3,3,7,2.0794415416798357,0,1,2,0,7,4757,8.467582690862903,0,2,2,4,7,1,0,1903.0
2,4,2,1.0986122886681098,1,2,2,2,2,4,1.6094379124341003,1,1,4,4,4,2469,7.8119734296220225,0,0,4,5,9,1,1,823.0
3,1,1,0.6931471805599453,0,1,1,1,1,7,2.0794415416798357,0,1,2,0,7,3174,8.063062911326792,1,0,4,3,4,1,2,1587.0
4,1,3,1.3862943611198906,0,0,3,3,3,5,1.791759469228055,0,2,0,5,5,4833,8.483429561263428,0,0,3,3,3,1,1,1813.0
3,1,2,1.0986122886681098,1,2,2,2,2,8,2.1972245773362196,1,2,3,1,8,1411,7.252762418053187,0,1,1,4,1,1,1,565.0
4,3,1,0.6931471805599453,0,1,1,1,1,3,1.3862943611198906,0,0,3,3,3,853,6.74993119378857,0,1,3,6,3,1,2,426.0
3,2,2,1.0986122886681098,1,2,2,2,2,4,1.6094379124341003,1,1,4,4,4,2138,7.668093709082406,1,2,3,3,8,2,2,713.0
4,4,2,1.0986122886681098,1,2,2,2,2,6,1.9459101490553132,1,0,1,6,6,349,5.857933154483459,0,1,4,6,9,1,1,175.0
0,4,2,1.0986122886681098,1,2,2,2,2,3,1.3862943611198906,0,0,3,3,3,4828,8.482394685873542,1,1,3,5,8,1,1,1931.0
1,1,3,1.3862943611198906,0,0,3,3,3,9,2.302585092994046,0,0,4,2,9,3735,8.225770799348734,0,0,0,4,5,3,3,1868.0
2,0,2,1.0986122886681098,1,2,2,2,2,7,2.0794415416798357,0,1,2,0,7,2017,7.609862200913554,0,1,2,1,7,1,0,897.0
1,1,1,0.6931471805599453,0,1,1,1,1,6,1.9459101490553132,1,0,1,6,6,316,5.75890177387728,1,1,1,1,6,1,2,135.0
2,1,3,1.3862943611198906,0,0,3,3,3,5,1.791759469228055,0,2,0,5,5,3284,8.09712193091871,1,2,4,1,4,1,0,1232.0
4,3,3,1.3862943611198906,0,0,3,3,3,7,2.0794415416798357,0,1,2,0,7,3950,8.281723990411392,1,2,0,2,0,1,0,1580.0
3,3,2,1.0986122886681098,1,2,2,2,2,5,1.791759469228055,0,2,0,5,5,1610,7.384610383176974,1,2,0,0,0,1,2,690.0
0,3,3,1.3862943611198906,0,0,3,3,3,4,1.6094379124341003,1,1,4,4,4,4373,8.383433201236713,0,2,3,5,3,1,0,1874.0
3,4,1,0.6931471805599453,0,1,1,1,1,5,1.791759469228055,0,2,0,5,5,488,6.192362489474872,1,2,3,5,8,1,2,244.0
2,3,2,1.0986122886681098,1,2,2,2,2,5,1.791759469228055,0,2,0,5,5,2081,7.641084249174914,0,2,1,2,1,1,0,892.0
1,0,1,0.6931471805599453,0,1,1,1,1,5,1.791759469228055,0,2,0,5,5,3418,8.137103389639302,1,1,3,2,8,1,2,1709.0
0,0,2,1.0986122886681098,1,2,2,2,2,6,1.9459101490553132,1,0,1,6,6,3446,8.145259566516865,1,2,1,2,6,2,2,1723.0
1,3,2,1.0986122886681098,1,2,2,2,2,5,1.791759469228055,0,2,0,5,5,4084,8.315077007294104,1,1,4,3,4,1,1,1750.0
3,4,3,1.3862943611198906,0,0,3,3,3,8,2.1972245773362196,1,2,3,1,8,1882,7.5406215286571525,1,1,2,6,2,1,0,856.0
2,2,2,1.0986122886681098,1,2,2,2,2,8,2.1972245773362196,1,2,3,1,8,3511,8.163940954755008,0,1,1,4,1,1,1,1405.0
4,2,1,0.6931471805599453,0,1,1,1,1,5,1.791759469228055,0,2,0,5,5,100,4.61512051684126,1,1,0,2,0,1,3,50.0
3,1,3,1.3862943611198906,0,0,3,3,3,9,2.302585092994046,0,0,4,2,9,1617,7.388946097618437,0,0,2,0,7,3,2,809.0
0,4,2,1.0986122886681098,1,2,2,2,2,4,1.6094379124341003,1,1,4,4,4,1539,7.3395376954076745,0,0,4,6,9,1,1,513.0
2,3,2,1.0986122886681098,1,2,2,2,2,5,1.791759469228055,0,2,0,5,5,3033,8.017637159908478,0,0,3,2,3,1,0,1300.0
0,1,1,0.6931471805599453,0,1,1,1,1,5,1.791759469228055,0,2,0,5,5,2399,7.783224016336037,0,2,4,5,9,1,2,1199.0
0,3,2,1.0986122886681098,1,2,2,2,2,5,1.791759469228055,0,2,0,5,5,3670,8.208219383496834,1,1,0,2,0,1,2,1573.0
2,2,1,0.6931471805599453,0,1,1,1,1,6,1.9459101490553132,1,0,1,6,6,3617,8.193676665955241,0,2,2,5,7,1,2,1550.0
3,4,2,1.0986122886681098,1,2,2,2,2,7,2.0794415416798357,0,1,2,0,7,1858,7.527793987721444,1,1,3,3,8,1,1,826.0
1,3,1,0.6931471805599453,0,1,1,1,1,3,1.3862943611198906,0,0,3,3,3,4206,8.344505083590521,1,0,1,6,6,1,3,2103.0
4,0,3,1.3862943611198906,0,0,3,3,3,4,1.6094379124341003,1,1,4,4,4,3688,8.213110697596676,1,1,3,6,8,1,1,1580.0
3,3,2,1.0986122886681098,1,2,2,2,2,5,1.791759469228055,0,2,0,5,5,3649,8.202482446576537,0,1,4,2,9,1,0,1564.0
1,4,2,1.0986122886681098,1,2,2,2,2,8,2.1972245773362196,1,2,3,1,8,4492,8.41027590907016,1,1,2,5,2,2,2,1797.0
4,1,3,1.3862943611198906,0,0,3,3,3,8,2.1972245773362196,1,2,3,1,8,1137,7.037027614686276,0,0,2,3,7,1,1,517.0
3,0,3,1.3862943611198906,0,0,3,3,3,5,1.791759469228055,0,2,0,5,5,3426,8.139440521874608,1,0,1,3,6,1,1,1286.0
4,4,1,0.6931471805599453,0,1,1,1,1,7,2.0794415416798357,0,1,2,0,7,486,6.18826412308259,1,0,1,3,6,1,2,243.0
2,2,3,1.3862943611198906,0,0,3,3,3,6,1.9459101490553132,1,0,1,6,6,2932,7.983781068977451,1,1,2,6,2,1,1,977.0
1,2,2,1.0986122886681098,1,2,2,2,2,4,1.6094379124341003,1,1,4,4,4,824,6.715383386334681,1,2,4,5,4,2,3,275.0
2,2,3,1.3862943611198906,0,0,3,3,3,6,1.9459101490553132,1,0,1,6,6,1409,7.251344983372214,0,2,4,2,9,1,1,470.0
1,0,1,0.6931471805599453,0,1,1,1,1,3,1.3862943611198906,0,0,3,3,3,3316,8.106816038947052,1,1,1,5,6,1,2,1658.0
3,2,2,1.0986122886681098,1,2,2,2,2,3,1.3862943611198906,0,0,3,3,3,1160,7.057036981697891,1,2,0,5,0,1,1,464.0
0,3,3,1.3862943611198906,0,0,3,3,3,8,2.1972245773362196,1,2,3,1,8,3297,8.101071503119543,0,0,2,0,7,1,1,1499.0
3,4,1,0.6931471805599453,0,1,1,1,1,6,1.9459101490553132,1,0,1,6,6,3330,8.11102783819368,1,0,0,5,0,1,3,1427.0
3,1,2,1.0986122886681098,1,2,2,2,2,3,1.3862943611198906,0,0,3,3,3,346,5.849324779946859,1,1,1,3,6,1,1,139.0
4,4,2,1.0986122886681098,1,2,2,2,2,3,1.3862943611198906,0,0,3,3,3,1380,7.2305631534092925,1,0,0,1,0,1,2,552.0
3,0,3,1.3862943611198906,0,0,3,3,3,4,1.6094379124341003,1,1,4,4,4,4630,8.440528106480752,1,1,0,3,0,1,0,1985.0
1,2,3,1.3862943611198906,0,0,3,3,3,9,2.302585092994046,0,0,4,2,9,3710,8.219056661060598,1,2,0,0,0,1,1,1856.0
2,4,3,1.3862943611198906,0,0,3,3,3,8,2.1972245773362196,1,2,3,1,8,3151,8.05579245097777,0,1,1,1,1,1,0,1432.0
2,0,3,1.3862943611198906,0,0,3,3,3,5,1.791759469228055,0,2,0,5,5,4535,8.419800845407588,0,2,0,6,5,1,1,1700.0
2,1,1,0.6931471805599453,0,1,1,1,1,3,1.3862943611198906,0,0,3,3,3,2870,7.962415680121064,1,2,0,0,0,1,2,1435.0
2,0,2,1.0986122886681098,1,2,2,2,2,5,1.791759469228055,0,2,0,5,5,4234,8.351138607086154,1,1,4,6,4,1,1,1814.0
4,3,1,0.6931471805599453,0,1,1,1,1,7,2.0794415416798357,0,1,2,0,7,3917,8.273336598504486,0,2,2,4,7,1,2,1958.0
1,0,2,1.0986122886681098,1,2,2,2,2,6,1.9459101490553132,1,0,1,6,6,3148,8.054840221101024,1,1,3,5,8,2,2,1574.0
4,4,1,0.6931471805599453,0,1,1,1,1,4,1.6094379124341003,1,1,4,4,4,3446,8.145259566516865,1,2,1,2,6,1,2,1378.0
0,2,1,0.6931471805599453,0,1,1,1,1,3,1.3862943611198906,0,0,3,3,3,2335,7.756195343948118,0,1,0,4,5,1,2,1167.0
1,0,1,0.6931471805599453,0,1,1,1,1,4,1.6094379124341003,1,1,4,4,4,4175,8.337109129562474,0,2,0,3,5,1,2,1670.0
1,2,1,0.6931471805599453,0,1,1,1,1,4,1.6094379124341003,1,1,4,4,4,3257,8.08886878916199,0,2,2,2,7,1,2,1303.0
0,2,1,0.6931471805599453,0,1,1,1,1,2,1.0986122886681098,1,2,2,2,2,584,6.371611847231857,1,2,4,3,4,1,3,194.0
3,1,2,1.0986122886681098,1,2,2,2,2,4,1.6094379124341003,1,1,4,4,4,1417,7.257002707092073,0,1,2,3,7,1,1,473.0
1,1,1,0.6931471805599453,0,1,1,1,1,4,1.6094379124341003,1,1,4,4,4,4381,8.385260520155413,0,1,1,6,1,1,2,1752.0
2,1,1,0.6931471805599453,0,1,1,1,1,3,1.3862943611198906,0,0,3,3,3,3319,8.107720061910534,0,1,4,1,9,1,2,1659.0
4,1,1,0.6931471805599453,0,1,1,1,1,6,1.9459101490553132,1,0,1,6,6,734,6.5998704992128365,1,2,4,6,4,1,2,314.0
2,1,3,1.3862943611198906,0,0,3,3,3,7,2.0794415416798357,0,1,2,0,7,167,5.123963979403259,0,2,2,6,7,1,0,67.0
0,4,2,1.0986122886681098,1,2,2,2,2,4,1.6094379124341003,1,1,4,4,4,2304,7.742835955430749,1,0,4,1,4,2,3,768.0
0,1,1,0.6931471805599453,0,1,1,1,1,2,1.0986122886681098,1,2,2,2,2,1412,7.253470382684528,1,2,2,5,2,1,3,470.0
4,4,2,1.0986122886681098,1,2,2,2,2,8,2.1972245773362196,1,2,3,1,8,2407,7.786551806428712,0,1,2,6,7,1,1,963.0
2,2,3,1.3862943611198906,0,0,3,3,3,5,1.791759469228055,0,2,0,5,5,941,6.848005274576363,0,2,1,3,1,1,0,353.0
2,0,1,0.6931471805599453,0,1,1,1,1,2,1.0986122886681098,1,2,2,2,2,1884,7.541683099882111,1,0,4,1,4,1,3,628.0
2,0,3,1.3862943611198906,0,0,3,3,3,8,2.1972245773362196,1,2,3,1,8,151,5.0238805208462765,0,1,1,4,1,1,0,69.0
1,3,2,1.0986122886681098,1,2,2,2,2,5,1.791759469228055,0,2,0,5,5,2366,7.769378609513984,1,2,1,0,6,1,1,1014.0
1,2,2,1.0986122886681098,1,2,2,2,2,4,1.6094379124341003,1,1,4,4,4,4523,8.41715183723601,0,2,3,1,3,1,1,1507.0
2,1,2,1.0986122886681098,1,2,2,2,2,4,1.6094379124341003,1,1,4,4,4,4370,8.382747094863314,1,2,0,2,0,2,2,1457.0
1,3,1,0.6931471805599453,0,1,1,1,1,6,1.9459101490553132,1,0,1,6,6,2695,7.899524472032198,0,1,0,0,5,1,2,1155.0
1,4,2,1.0986122886681098,1,2,2,2,2,4,1.6094379124341003,1,1,4,4,4,3077,8.032035314398824,0,2,2,4,7,1,1,1025.0
2,4,3,1.3862943611198906,0,0,3,3,3,8,2.1972245773362196,1,2,3,1,8,235,5.4638318050256105,0,1,0,4,5,1,0,107.0
4,2,1,0.6931471805599453,0,1,1,1,1,2,1.0986122886681098,1,2,2,2,2,764,6.639875833826536,1,2,4,1,4,1,3,254.0
2,2,3,1.3862943611198906,0,0,3,3,3,9,2.302585092994046,0,0,4,2,9,2556,7.846589975291186,1,0,1,1,6,3,3,1278.0
3,3,1,0.6931471805599453,0,1,1,1,1,2,1.0986122886681098,1,2,2,2,2,2472,7.813187267521416,1,0,2,1,2,1,3,824.0
3,1,1,0.6931471805599453,0,1,1,1,1,5,1.791759469228055,0,2,0,5,5,2856,7.957527402230773,1,0,1,0,6,1,2,1428.0
1,4,3,1.3862943611198906,0,0,3,3,3,9,2.302585092994046,0,0,4,2,9,3513,8.164510268747042,0,0,3,6,3,3,2,1757.0
0,2,3,1.3862943611198906,0,0,3,3,3,4,1.6094379124341003,1,1,4,4,4,2259,7.723120092266331,0,0,4,5,9,1,1,968.0
3,2,1,0.6931471805599453,0,1,1,1,1,5,1.791759469228055,0,2,0,5,5,768,6.645090969505644,1,0,3,5,8,1,2,384.0
2,3,2,1.0986122886681098,1,2,2,2,2,6,1.9459101490553132,1,0,1,6,6,1990,7.596392304064196,1,1,0,2,0,2,2,995.0
2,3,1,0.6931471805599453,0,1,1,1,1,5,1.791759469228055,0,2,0,5,5,2612,7.868254265520613,1,2,2,1,2,1,2,1306.0
3,4,1,0.6931471805599453,0,1,1,1,1,3,1.3862943611198906,0,0,3,3,3,3710,8.219056661060598,1,2,0,0,0,1,2,1855.0
1,4,2,1.0986122886681098,1,2,2,2,2,8,2.1972245773362196,1,2,3,1,8,1663,7.416979621381154,0,1,3,4,3,1,1,665.0
3,2,1,0.6931471805599453,0,1,1,1,1,7,2.0794415416798357,0,1,2,0,7,2981,8.000349495324684,0,2,1,6,1,1,2,1490.0
2,1,3,1.3862943611198906,0,0,3,3,3,4,1.6094379124341003,1,1,4,4,4,2588,7.859026979751538,1,2,3,5,8,1,1,1109.0
2,2,1,0.6931471805599453,0,1,1,1,1,6,1.9459101490553132,1,0,1,6,6,1682,7.428333194190806,1,2,2,2,2,1,2,721.0
1,4,2,1.0986122886681098,1,2,2,2,2,8,2.1972245773362196,1,2,3,1,8,328,5.796057750765372,1,1,3,6,8,2,3,131.0
1,3,1,0.6931471805599453,0,1,1,1,1,4,1.6094379124341003,1,1,4,4,4,3564,8.178919332848396,1,0,4,1,4,1,3,1425.0
3,2,1,0.6931471805599453,0,1,1,1,1,6,1.9459101490553132,1,0,1,6,6,4772,8.470730317005897,1,2,2,5,2,1,2,2045.0
2,3,2,1.0986122886681098,1,2,2,2,2,5,1.791759469228055,0,2,0,5,5,362,5.8944028342648505,1,2,2,5,2,1,1,155.0
3,0,2,1.0986122886681098,1,2,2,2,2,5,1.791759469228055,0,2,0,5,5,4356,8.379539026117442,1,0,1,2,6,1,1,1867.0
1,3,1,0.6931471805599453,0,1,1,1,1,2,1.0986122886681098,1,2,2,2,2,120,4.795790545596741,1,0,0,1,0,1,3,40.0
2,4,1,0.6931471805599453,0,1,1,1,1,2,1.0986122886681098,1,2,2,2,2,1279,7.154615356913663,0,1,4,5,9,1,2,426.0
3,2,3,1.3862943611198906,0,0,3,3,3,9,2.302585092994046,0,0,4,2,9,533,6.280395838960195,0,2,3,1,3,1,1,266.0
4,0,1,0.6931471805599453,0,1,1,1,1,3,1.3862943611198906,0,0,3,3,3,3351,8.117312461601975,0,0,1,5,1,1,3,1675.0
3,1,2,1.0986122886681098,1,2,2,2,2,5,1.791759469228055,0,2,0,5,5,3170,8.061802274538348,1,2,0,6,0,1,2,1358.0
4,3,2,1.0986122886681098,1,2,2,2,2,6,1.9459101490553132,1,0,1,6,6,2742,7.916807490937603,1,0,2,5,2,2,3,1371.0
0,3,2,1.0986122886681098,1,2,2,2,2,5,1.791759469228055,0,2,0,5,5,4939,8.505120610181969,0,1,4,4,9,1,0,2117.0
3,2,2,1.0986122886681098,1,2,2,2,2,6,1.9459101490553132,1,0,1,6,6,887,6.78897174299217,0,2,2,5,7,1,1,443.0
3,4,3,1.3862943611198906,0,0,3,3,3,6,1.9459101490553132,1,0,1,6,6,2052,7.627057417018934,1,0,2,1,2,3,3,684.0
4,0,2,1.0986122886681098,1,2,2,2,2,3,1.3862943611198906,0,0,3,3,3,3228,8.079927770758275,1,0,3,1,8,1,2,1291.0
3,4,1,0.6931471805599453,0,1,1,1,1,6,1.9459101490553132,1,0,1,6,6,3356,8.118802996980035,1,2,1,3,6,1,2,1438.0
2,3,1,0.6931471805599453,0,1,1,1,1,3,1.3862943611198906,0,0,3,3,3,2409,7.787382026484701,0,0,4,1,9,1,3,1204.0
0,3,1,0.6931471805599453,0,1,1,1,1,6,1.9459101490553132,1,0,1,6,6,4891,8.495356496807062,0,1,1,5,1,1,2,2096.0
4,1,2,1.0986122886681098,1,2,2,2,2,6,1.9459101490553132,1,0,1,6,6,3014,8.011355109161286,1,2,4,4,4,2,2,1507.0
3,4,2,1.0986122886681098,1,2,2,2,2,8,2.1972245773362196,1,2,3,1,8,3926,8.27563105457801,1,2,1,6,6,2,2,1571.0
0,3,3,1.3862943611198906,0,0,3,3,3,7,2.0794415416798357,0,1,2,0,7,221,5.402677381872279,0,2,1,4,1,1,0,89.0
4,3,1,0.6931471805599453,0,1,1,1,1,6,1.9459101490553132,1,0,1,6,6,1340,7.201170883281678,1,2,0,3,0,1,2,574.0
1,3,2,1.0986122886681098,1,2,2,2,2,5,1.791759469228055,0,2,0,5,5,2000,7.601402334583733,1,2,0,5,0,1,2,857.0
1,1,1,0.6931471805599453,0,1,1,1,1,2,1.0986122886681098,1,2,2,2,2,3626,8.196161139282902,1,2,1,0,6,1,3,1208.0
0,4,3,1.3862943611198906,0,0,3,3,3,6,1.9459101490553132,1,0,1,6,6,4556,8.424419791263883,1,2,1,6,6,1,1,1520.0
1,0,2,1.0986122886681098,1,2,2,2,2,5,1.791759469228055,0,2,0,5,5,4685,8.452334619067742,0,2,0,2,5,1,1,2008.0
1,1,3,1.3862943611198906,0,0,3,3,3,5,1.791759469228055,0,2,0,5,5,4785,8.47345026846832,0,0,0,4,5,1,2,1795.0
4,4,1,0.6931471805599453,0,1,1,1,1,2,1.0986122886681098,1,2,2,2,2,3962,8.284756593190435,1,2,2,0,2,1,3,1320.0
2,0,1,0.6931471805599453,0,1,1,1,1,5,1.791759469228055,0,2,0,5,5,4913,8.499843553081124,0,2,3,6,3,1,2,2456.0
0,2,3,1.3862943611198906,0,0,3,3,3,8,2.1972245773362196,1,2,3,1,8,3121,8.046229101075378,0,1,1,6,1,1,0,1419.0
2,3,2,1.0986122886681098,1,2,2,2,2,4,1.6094379124341003,1,1,4,4,4,1660,7.415175109613295,1,1,0,1,0,2,3,553.0
3,2,1,0.6931471805599453,0,1,1,1,1,5,1.791759469228055,0,2,0,5,5,774,6.652863029353347,1,0,4,4,4,1,2,387.0
0,2,1,0.6931471805599453,0,1,1,1,1,4,1.6094379124341003,1,1,4,4,4,3053,8.024207485778577,0,2,3,1,3,1,2,1221.0
3,4,1,0.6931471805599453,0,1,1,1,1,3,1.3862943611198906,0,0,3,3,3,1775,7.4821189235521155,0,2,0,4,5,1,2,887.0
3,3,2,1.0986122886681098,1,2,2,2,2,3,1.3862943611198906,0,0,3,3,3,1119,7.02108396428914,0,0,4,6,9,1,1,447.0
1,3,3,1.3862943611198906,0,0,3,3,3,7,2.0794415416798357,0,1,2,0,7,1764,7.475905969367397,1,0,4,0,4,1,2,706.0
3,4,3,1.3862943611198906,0,0,3,3,3,5,1.791759469228055,0,2,0,5,5,1610,7.384610383176974,1,2,0,0,0,1,1,605.0
4,1,3,1.3862943611198906,0,0,3,3,3,6,1.9459101490553132,1,0,1,6,6,4948,8.506940814951886,1,1,3,6,8,1,1,1649.0
1,4,2,1.0986122886681098,1,2,2,2,2,6,1.9459101490553132,1,0,1,6,6,4964,8.510168576479273,1,2,4,1,4,2,2,2482.0
2,4,3,1.3862943611198906,0,0,3,3,3,7,2.0794415416798357,0,1,2,0,7,3352,8.117610746466228,1,1,2,6,2,1,0,1342.0
2,1,1,0.6931471805599453,0,1,1,1,1,5,1.791759469228055,0,2,0,5,5,3321,8.10832229017324,0,0,1,3,1,1,2,1660.0
3,1,2,1.0986122886681098,1,2,2,2,2,7,2.0794415416798357,0,1,2,0,7,1006,6.914730892718563,1,1,1,5,6,1,1,447.0
4,4,3,1.3862943611198906,0,0,3,3,3,8,2.1972245773362196,1,2,3,1,8,4436,8.39773375137891,1,2,1,5,6,1,0,2017.0
1,1,2,1.0986122886681098,1,2,2,2,2,8,2.1972245773362196,1,2,3,1,8,388,5.963579343618446,1,1,3,3,8,2,2,155.0
2,0,3,1.3862943611198906,0,0,3,3,3,6,1.9459101490553132,1,0,1,6,6,2736,7.914617709040679,1,0,1,6,6,3,3,912.0
1,2,2,1.0986122886681098,1,2,2,2,2,8,2.1972245773362196,1,2,3,1,8,472,6.159095388491933,1,1,2,3,2,2,3,189.0
4,1,1,0.6931471805599453,0,1,1,1,1,6,1.9459101490553132,1,0,1,6,6,2279,7.731930721948486,0,2,4,4,9,1,2,977.0
1,0,1,0.6931471805599453,0,1,1,1,1,4,1.6094379124341003,1,1,4,4,4,2960,7.993282328101591,1,2,0,6,0,1,3,1184.0
0,1,3,1.3862943611198906,0,0,3,3,3,5,1.791759469228055,0,2,0,5,5,961,6.8690144506657065,0,1,1,2,1,1,0,361.0
3,4,3,1.3862943611198906,0,0,3,3,3,5,1.791759469228055,0,2,0,5,5,608,6.411818267709897,1,2,3,6,8,1,0,228.0
2,0,2,1.0986122886681098,1,2,2,2,2,5,1.791759469228055,0,2,0,5,5,4879,8.492900498847193,0,1,4,0,9,1,0,2091.0
3,2,2,1.0986122886681098,1,2,2,2,2,5,1.791759469228055,0,2,0,5,5,3791,8.240648863374913,0,2,1,4,1,1,0,1625.0
4,2,2,1.0986122886681098,1,2,2,2,2,7,2.0794415416798357,0,1,2,0,7,3000,8.006700845440367,1,0,0,4,0,1,1,1333.0
0,2,2,1.0986122886681098,1,2,2,2,2,4,1.6094379124341003,1,1,4,4,4,819,6.709304340258298,0,0,4,0,9,1,1,273.0
0,0,3,1.3862943611198906,0,0,3,3,3,9,2.302585092994046,0,0,4,2,9,1426,7.2633296174768365,1,1,1,5,6,1,1,713.0
1,0,3,1.3862943611198906,0,0,3,3,3,5,1.791759469228055,0,2,0,5,5,2204,7.6984827878809465,1,2,4,6,4,1,0,827.0
2,0,1,0.6931471805599453,0,1,1,1,1,3,1.3862943611198906,0,0,3,3,3,4646,8.443977129084978,1,2,1,5,6,1,2,2323.0
2,4,2,1.0986122886681098,1,2,2,2,2,5,1.791759469228055,0,2,0,5,5,2114,7.656810091480378,1,2,4,0,4,1,1,906.0
1,2,1,0.6931471805599453,0,1,1,1,1,5,1.791759469228055,0,2,0,5,5,4701,8.455743229100015,0,0,1,4,1,1,2,2350.0
2,1,2,1.0986122886681098,1,2,2,2,2,8,2.1972245773362196,1,2,3,1,8,1781,7.485491608030754,0,2,1,3,1,1,1,713.0
0,3,1,0.6931471805599453,0,1,1,1,1,2,1.0986122886681098,1,2,2,2,2,1349,7.2078598714324755,0,2,4,5,9,1,2,449.0
0,4,1,0.6931471805599453,0,1,1,1,1,7,2.0794415416798357,0,1,2,0,7,1121,7.022868086082641,0,2,1,1,1,1,2,560.0
1,1,1,0.6931471805599453,0,1,1,1,1,2,1.0986122886681098,1,2,2,2,2,2677,7.8928255262511176,0,1,2,3,7,1,2,892.0
2,4,3,1.3862943611198906,0,0,3,3,3,7,2.0794415416798357,0,1,2,0,7,2747,7.91862865334224,0,2,2,3,7,1,0,1099.0
4,2,3,1.3862943611198906,0,0,3,3,3,6,1.9459101490553132,1,0,1,6,6,3740,8.227108234348146,1,2,0,2,0,1,1,1247.0
1,2,3,1.3862943611198906,0,0,3,3,3,9,2.302585092994046,0,0,4,2,9,110,4.709530201312334,1,2,0,5,0,1,1,56.0
1,2,3,1.3862943611198906,0,0,3,3,3,9,2.302585092994046,0,0,4,2,9,491,6.198478716492308,0,2,1,1,1,1,1,245.0
1,3,1,0.6931471805599453,0,1,1,1,1,5,1.791759469228055,0,2,0,5,5,409,6.016157159698354,0,1,4,3,9,1,2,204.0
1,2,3,1.3862943611198906,0,0,3,3,3,9,2.302585092994046,0,0,4,2,9,3224,8.078688229229872,1,2,4,4,4,1,1,1613.0
3,2,1,0.6931471805599453,0,1,1,1,1,4,1.6094379124341003,1,1,4,4,4,3917,8.273336598504486,0,2,2,4,7,1,2,1567.0
3,2,3,1.3862943611198906,0,0,3,3,3,5,1.791759469228055,0,2,0,5,5,4452,8.401333305321703,1,0,2,0,2,1,1,1670.0
1,1,2,1.0986122886681098,1,2,2,2,2,3,1.3862943611198906,0,0,3,3,3,4175,8.337109129562474,0,2,0,3,5,1,0,1670.0
4,4,3,1.3862943611198906,0,0,3,3,3,9,2.302585092994046,0,0,4,2,9,3819,8.24800570160062,0,0,4,4,9,3,2,1910.0
2,3,1,0.6931471805599453,0,1,1,1,1,5,1.791759469228055,0,2,0,5,5,3383,8.126813720726114,0,2,3,2,3,1,2,1691.0
3,3,3,1.3862943611198906,0,0,3,3,3,5,1.791759469228055,0,2,0,5,5,4615,8.437283808187935,0,1,0,2,5,1,1,1730.0
2,3,3,1.3862943611198906,0,0,3,3,3,6,1.9459101490553132,1,0,1,6,6,662,6.4967749901858625,1,2,2,4,2,1,1,221.0
4,4,3,1.3862943611198906,0,0,3,3,3,8,2.1972245773362196,1,2,3,1,8,1189,7.081708586105575,0,1,4,6,9,1,0,541.0
2,0,1,0.6931471805599453,0,1,1,1,1,4,1.6094379124341003,1,1,4,4,4,3167,8.060855752934316,0,2,2,3,7,1,2,1267.0
0,3,3,1.3862943611198906,0,0,3,3,3,7,2.0794415416798357,0,1,2,0,7,3871,8.261526448396468,0,1,1,0,1,1,1,1549.0
4,3,3,1.3862943611198906,0,0,3,3,3,6,1.9459101490553132,1,0,1,6,6,4081,8.31434234336979,0,1,1,0,1,1,1,1361.0
2,0,3,1.3862943611198906,0,0,3,3,3,4,1.6094379124341003,1,1,4,4,4,753,6.625392368007956,0,0,3,4,3,1,1,323.0
0,4,1,0.6931471805599453,0,1,1,1,1,7,2.0794415416798357,0,1,2,0,7,3538,8.171599480345463,1,1,3,3,8,1,2,1769.0
4,2,1,0.6931471805599453,0,1,1,1,1,4,1.6094379124341003,1,1,4,4,4,739,6.606650186198215,0,1,4,4,9,1,2,295.0
2,0,3,1.3862943611198906,0,0,3,3,3,9,2.302585092994046,0,0,4,2,9,1654,7.411556287811163,1,1,4,2,4,1,1,827.0
3,1,2,1.0986122886681098,1,2,2,2,2,8,2.1972245773362196,1,2,3,1,8,1200,7.0909098220799835,1,0,0,3,0,2,3,480.0
1,2,1,0.6931471805599453,0,1,1,1,1,2,1.0986122886681098,1,2,2,2,2,1175,7.069874128458572,0,2,0,6,5,1,2,391.0
0,1,3,1.3862943611198906,0,0,3,3,3,8,2.1972245773362196,1,2,3,1,8,1380,7.2305631534092925,1,0,0,1,0,1,1,627.0
4,0,3,1.3862943611198906,0,0,3,3,3,6,1.9459101490553132,1,0,1,6,6,573,6.352629396319567,0,0,3,6,3,3,2,191.0
4,2,1,0.6931471805599453,0,1,1,1,1,2,1.0986122886681098,1,2,2,2,2,3240,8.083637203141548,1,0,0,6,0,1,3,1080.0
3,2,1,0.6931471805599453,0,1,1,1,1,5,1.791759469228055,0,2,0,5,5,261,5.568344503761097,0,0,1,2,1,1,2,130.0
1,3,1,0.6931471805599453,0,1,1,1,1,2,1.0986122886681098,1,2,2,2,2,2831,7.94873845481361,0,2,1,3,1,1,2,943.0
2,4,3,1.3862943611198906,0,0,3,3,3,9,2.302585092994046,0,0,4,2,9,2540,7.840312983320164,1,2,0,6,0,1,1,1271.0
4,1,3,1.3862943611198906,0,0,3,3,3,6,1.9459101490553132,1,0,1,6,6,1385,7.234177179749849,0,2,0,6,5,1,1,461.0
3,2,1,0.6931471805599453,0,1,1,1,1,6,1.9459101490553132,1,0,1,6,6,4557,8.42463920980563,0,0,2,0,7,1,2,1953.0
4,0,3,1.3862943611198906,0,0,3,3,3,5,1.791759469228055,0,2,0,5,5,2682,7.894690850425624,1,0,2,1,2,1,1,1007.0
0,0,3,1.3862943611198906,0,0,3,3,3,9,2.302585092994046,0,0,4,2,9,2495,7.822444729489319,0,2,0,3,5,1,1,1247.0
3,1,1,0.6931471805599453,0,1,1,1,1,4,1.6094379124341003,1,1,4,4,4,3137,8.051340933292979,0,2,2,1,7,1,2,1255.0
4,2,3,1.3862943611198906,0,0,3,3,3,8,2.1972245773362196,1,2,3,1,8,4067,8.31090675716845,0,2,2,0,7,1,0,1849.0
0,3,3,1.3862943611198906,0,0,3,3,3,8,2.1972245773362196,1,2,3,1,8,3964,8.285261134068948,1,1,4,2,4,1,0,1802.0
2,4,1,0.6931471805599453,0,1,1,1,1,3,1.3862943611198906,0,0,3,3,3,4867,8.490438454107418,0,1,2,2,7,1,2,2433.0
2,2,3,1.3862943611198906,0,0,3,3,3,4,1.6094379124341003,1,1,4,4,4,2451,7.804659297056102,0,0,1,1,1,1,1,1051.0
4,3,1,0.6931471805599453,0,1,1,1,1,5,1.791759469228055,0,2,0,5,5,798,6.683360945766275,1,0,3,0,8,1,2,399.0
2,1,3,1.3862943611198906,0,0,3,3,3,4,1.6094379124341003,1,1,4,4,4,4767,8.469682208745185,0,0,2,0,7,1,1,2043.0
0,0,2,1.0986122886681098,1,2,2,2,2,7,2.0794415416798357,0,1,2,0,7,3588,8.185628891147607,1,0,3,4,8,1,1,1595.0
1,1,1,0.6931471805599453,0,1,1,1,1,3,1.3862943611198906,0,0,3,3,3,4031,8.302017809751204,0,2,1,6,1,1,2,2015.0
0,1,1,0.6931471805599453,0,1,1,1,1,5,1.791759469228055,0,2,0,5,5,3823,8.249052274171293,0,1,3,1,3,1,2,1911.0
2,1,2,1.0986122886681098,1,2,2,2,2,7,2.0794415416798357,0,1,2,0,7,3550,8.174984532943087,1,1,0,1,0,1,1,1578.0
4,2,1,0.6931471805599453,0,1,1,1,1,4,1.6094379124341003,1,1,4,4,4,3942,8.279697133877628,1,0,2,1,2,1,2,1577.0
0,2,3,1.3862943611198906,0,0,3,3,3,7,2.0794415416798357,0,1,2,0,7,281,5.641907070938114,0,2,1,1,1,1,0,113.0
2,2,2,1.0986122886681098,1,2,2,2,2,7,2.0794415416798357,0,1,2,0,7,1901,7.550661243105336,0,2,1,4,1,1,0,845.0
3,0,3,1.3862943611198906,0,0,3,3,3,6,1.9459101490553132,1,0,1,6,6,1274,7.150701457592526,1,2,4,0,4,1,1,425.0
2,4,2,1.0986122886681098,1,2,2,2,2,4,1.6094379124341003,1,1,4,4,4,1880,7.53955882930103,1,2,0,4,0,2,3,627.0
3,2,1,0.6931471805599453,0,1,1,1,1,7,2.0794415416798357,0,1,2,0,7,3180,8.064950891749143,1,0,0,2,0,1,2,1590.0
4,0,2,1.0986122886681098,1,2,2,2,2,8,2.1972245773362196,1,2,3,1,8,1790,7.490529402060711,1,2,0,5,0,2,2,716.0
1,1,3,1.3862943611198906,0,0,3,3,3,5,1.791759469228055,0,2,0,5,5,1388,7.236339342754344,1,2,3,2,8,1,0,521.0
3,2,3,1.3862943611198906,0,0,3,3,3,8,2.1972245773362196,1,2,3,1,8,3146,8.054204897064407,1,2,1,3,6,1,0,1430.0
3,2,3,1.3862943611198906,0,0,3,3,3,5,1.791759469228055,0,2,0,5,5,2079,7.640123172695364,0,0,4,0,9,1,1,779.0
2,1,2,1.0986122886681098,1,2,2,2,2,6,1.9459101490553132,1,0,1,6,6,252,5.53338948872752,1,0,2,0,2,2,3,126.0
1,1,3,1.3862943611198906,0,0,3,3,3,5,1.791759469228055,0,2,0,5,5,1206,7.095893221097532,1,0,1,2,6,1,1,452.0
2,1,1,0.6931471805599453,0,1,1,1,1,4,1.6094379124341003,1,1,4,4,4,2612,7.868254265520613,1,2,2,1,2,1,3,1045.0
3,3,3,1.3862943611198906,0,0,3,3,3,8,2.1972245773362196,1,2,3,1,8,2263,7.724888439323074,0,1,3,2,3,1,0,1029.0
2,2,1,0.6931471805599453,0,1,1,1,1,6,1.9459101490553132,1,0,1,6,6,3890,8.266421472984554,1,2,0,5,0,1,2,1667.0
2,4,2,1.0986122886681098,1,2,2,2,2,4,1.6094379124341003,1,1,4,4,4,2390,7.779466967458324,1,2,0,3,0,2,2,797.0
1,0,1,0.6931471805599453,0,1,1,1,1,7,2.0794415416798357,0,1,2,0,7,1243,7.126087273299125,0,1,3,4,3,1,2,621.0
2,1,3,1.3862943611198906,0,0,3,3,3,9,2.302585092994046,0,0,4,2,9,2616,7.869783902530146,1,0,1,5,6,3,2,1308.0
3,1,2,1.0986122886681098,1,2,2,2,2,4,1.6094379124341003,1,1,4,4,4,3619,8.194229304819817,0,1,4,0,9,1,1,1207.0
3,3,1,0.6931471805599453,0,1,1,1,1,5,1.791759469228055,0,2,0,5,5,469,6.152732694704104,0,1,4,0,9,1,2,234.0
0,4,3,1.3862943611198906,0,0,3,3,3,6,1.9459101490553132,1,0,1,6,6,1201,7.091742115095153,0,1,1,4,1,1,1,401.0
2,0,1,0.6931471805599453,0,1,1,1,1,3,1.3862943611198906,0,0,3,3,3,2047,7.6246189861593985,0,1,2,3,7,1,2,1023.0
4,3,1,0.6931471805599453,0,1,1,1,1,3,1.3862943611198906,0,0,3,3,3,3106,8.041412909393047,1,1,1,5,6,1,2,1553.0
2,4,2,1.0986122886681098,1,2,2,2,2,5,1.791759469228055,0,2,0,5,5,2107,7.653494909661253,0,1,2,0,7,1,0,903.0
4,0,1,0.6931471805599453,0,1,1,1,1,2,1.0986122886681098,1,2,2,2,2,2215,7.703459047867175,0,1,0,3,5,1,2,738.0
2,0,3,1.3862943611198906,0,0,3,3,3,9,2.302585092994046,0,0,4,2,9,2939,7.986164860332727,0,2,4,6,9,1,1,1469.0
3,2,2,1.0986122886681098,1,2,2,2,2,6,1.9459101490553132,1,0,1,6,6,1142,7.04141166379481,1,2,2,1,2,2,2,571.0
4,1,3,1.3862943611198906,0,0,3,3,3,6,1.9459101490553132,1,0,1,6,6,3028,8.015987811027237,1,1,3,4,8,1,1,1010.0
1,2,2,1.0986122886681098,1,2,2,2,2,3,1.3862943611198906,0,0,3,3,3,1963,7.582738488914411,0,1,3,3,3,1,0,785.0
4,4,2,1.0986122886681098,1,2,2,2,2,4,1.6094379124341003,1,1,4,4,4,4167,8.335191583433202,0,0,2,2,7,1,1,1389.0
0,0,2,1.0986122886681098,1,2,2,2,2,6,1.9459101490553132,1,0,1,6,6,2539,7.8399193600125825,0,1,4,5,9,1,1,1269.0
2,2,1,0.6931471805599453,0,1,1,1,1,3,1.3862943611198906,0,0,3,3,3,4146,8.330140460246382,1,0,1,2,6,1,3,2073.0
4,1,2,1.0986122886681098,1,2,2,2,2,7,2.0794415416798357,0,1,2,0,7,2326,7.752335163302292,1,1,1,2,6,1,1,1034.0
2,4,1,0.6931471805599453,0,1,1,1,1,3,1.3862943611198906,0,0,3,3,3,622,6.434546518787453,1,1,2,6,2,1,2,311.0
3,1,1,0.6931471805599453,0,1,1,1,1,3,1.3862943611198906,0,0,3,3,3,1497,7.311886164077165,0,0,2,6,7,1,3,748.0
4,1,3,1.3862943611198906,0,0,3,3,3,6,1.9459101490553132,1,0,1,6,6,296,5.6937321388027,1,2,1,2,6,1,1,98.0
0,4,3,1.3862943611198906,0,0,3,3,3,4,1.6094379124341003,1,1,4,4,4,197,5.288267030694535,0,2,2,1,7,1,0,85.0
3,2,2,1.0986122886681098,1,2,2,2,2,6,1.9459101490553132,1,0,1,6,6,2069,7.635303886259415,0,2,4,4,9,1,1,1035.0
0,4,2,1.0986122886681098,1,2,2,2,2,4,1.6094379124341003,1,1,4,4,4,297,5.697093486505405,0,0,2,3,7,1,1,99.0
1,0,1,0.6931471805599453,0,1,1,1,1,5,1.791759469228055,0,2,0,5,5,1576,7.3632795869630385,1,1,1,1,6,1,2,788.0
1,2,3,1.3862943611198906,0,0,3,3,3,6,1.9459101490553132,1,0,1,6,6,2922,7.980365765111246,1,0,2,3,2,3,3,974.0
3,0,1,0.6931471805599453,0,1,1,1,1,6,1.9459101490553132,1,0,1,6,6,646,6.472346294500901,1,1,1,2,6,1,2,277.0
1,4,1,0.6931471805599453,0,1,1,1,1,5,1.791759469228055,0,2,0,5,5,1257,7.1372784372603855,0,0,2,4,7,1,2,628.0
2,4,3,1.3862943611198906,0,0,3,3,3,6,1.9459101490553132,1,0,1,6,6,4290,8.364275084991524,1,0,0,6,0,3,3,1430.0
4,1,1,0.6931471805599453,0,1,1,1,1,3,1.3862943611198906,0,0,3,3,3,2576,7.854381210652365,1,2,1,0,6,1,2,1288.0
2,3,1,0.6931471805599453,0,1,1,1,1,6,1.9459101490553132,1,0,1,6,6,3218,8.076826031298808,1,2,3,5,8,1,2,1379.0
4,1,3,1.3862943611198906,0,0,3,3,3,8,2.1972245773362196,1,2,3,1,8,4967,8.510772623613315,0,2,2,4,7,1,0,2258.0
1,0,3,1.3862943611198906,0,0,3,3,3,4,1.6094379124341003,1,1,4,4,4,720,6.580639137284949,1,0,0,6,0,1,2,308.0
4,3,3,1.3862943611198906,0,0,3,3,3,7,2.0794415416798357,0,1,2,0,7,3264,8.09101504171053,1,0,4,2,4,1,1,1306.0
1,2,1,0.6931471805599453,0,1,1,1,1,5,1.791759469228055,0,2,0,5,5,4519,8.416267272826277,0,1,4,4,9,1,2,2259.0
3,2,3,1.3862943611198906,0,0,3,3,3,9,2.302585092994046,0,0,4,2,9,2687,7.89655270164304,0,2,2,6,7,1,1,1343.0
0,2,2,1.0986122886681098,1,2,2,2,2,7,2.0794415416798357,0,1,2,0,7,3042,8.02059914989697,1,0,2,4,2,1,1,1352.0
4,2,2,1.0986122886681098,1,2,2,2,2,4,1.6094379124341003,1,1,4,4,4,4588,8.431417414394833,1,1,3,3,8,2,3,1529.0
3,0,2,1.0986122886681098,1,2,2,2,2,3,1.3862943611198906,0,0,3,3,3,1921,7.561121589530238,0,1,1,3,1,1,0,769.0
0,2,3,1.3862943611198906,0,0,3,3,3,5,1.791759469228055,0,2,0,5,5,2992,8.0040315078527,1,1,2,3,2,1,0,1122.0
1,0,2,1.0986122886681098,1,2,2,2,2,8,2.1972245773362196,1,2,3,1,8,1874,7.536363938404511,1,2,4,5,4,2,2,750.0
1,3,1,0.6931471805599453,0,1,1,1,1,2,1.0986122886681098,1,2,2,2,2,610,6.415096959171596,1,1,0,1,0,1,3,203.0
2,2,1,0.6931471805599453,0,1,1,1,1,4,1.6094379124341003,1,1,4,4,4,3620,8.19450550976564,1,2,0,1,0,1,3,1448.0
1,3,1,0.6931471805599453,0,1,1,1,1,4,1.6094379124341003,1,1,4,4,4,4155,8.332308352219117,0,0,0,4,5,1,2,1662.0
1,1,3,1.3862943611198906,0,0,3,3,3,5,1.791759469228055,0,2,0,5,5,1115,7.017506142941256,0,2,0,2,5,1,1,419.0
4,3,2,1.0986122886681098,1,2,2,2,2,6,1.9459101490553132,1,0,1,6,6,1023,6.931471805599453,0,0,3,1,3,1,1,511.0
2,1,2,1.0986122886681098,1,2,2,2,2,8,2.1972245773362196,1,2,3,1,8,1022,6.930494765951626,1,2,2,0,2,2,2,409.0
0,2,2,1.0986122886681098,1,2,2,2,2,7,2.0794415416798357,0,1,2,0,7,768,6.645090969505644,1,0,3,5,8,1,1,341.0
4,0,1,0.6931471805599453,0,1,1,1,1,7,2.0794415416798357,0,1,2,0,7,1770,7.479299637782834,1,0,0,6,0,1,2,885.0
0,4,1,0.6931471805599453,0,1,1,1,1,6,1.9459101490553132,1,0,1,6,6,4748,8.465689348549121,1,2,3,2,8,1,2,2035.0
4,0,1,0.6931471805599453,0,1,1,1,1,7,2.0794415416798357,0,1,2,0,7,4467,8.404696160189092,0,0,2,1,7,1,2,2233.0
2,4,1,0.6931471805599453,0,1,1,1,1,2,1.0986122886681098,1,2,2,2,2,405,6.0063531596017325,0,0,0,6,5,1,2,135.0
1,4,1,0.6931471805599453,0,1,1,1,1,5,1.791759469228055,0,2,0,5,5,3869,8.261009786023827,0,2,4,5,9,1,2,1934.0
1,0,2,1.0986122886681098,1,2,2,2,2,5,1.791759469228055,0,2,0,5,5,358,5.883322388488279,1,1,3,1,8,1,1,154.0
0,3,2,1.0986122886681098,1,2,2,2,2,5,1.791759469228055,0,2,0,5,5,3470,8.152198015861787,1,2,0,5,0,1,2,1487.0
4,2,1,0.6931471805599453,0,1,1,1,1,3,1.3862943611198906,0,0,3,3,3,1953,7.577633832602728,0,0,3,0,3,1,3,976.0
0,1,1,0.6931471805599453,0,1,1,1,1,6,1.9459101490553132,1,0,1,6,6,1306,7.175489713624222,1,1,1,4,6,1,2,560.0
0,4,3,1.3862943611198906,0,0,3,3,3,4,1.6094379124341003,1,1,4,4,4,942,6.849066282633458,1,0,2,4,2,1,1,404.0
2,1,2,1.0986122886681098,1,2,2,2,2,6,1.9459101490553132,1,0,1,6,6,4424,8.39502555744203,1,2,4,0,4,2,2,2212.0
2,3,2,1.0986122886681098,1,2,2,2,2,5,1.791759469228055,0,2,0,5,5,1667,7.419380582918692,0,2,2,1,7,1,0,715.0
3,1,1,0.6931471805599453,0,1,1,1,1,4,1.6094379124341003,1,1,4,4,4,2134,7.666221925662725,1,1,4,6,4,1,2,853.0
3,4,1,0.6931471805599453,0,1,1,1,1,2,1.0986122886681098,1,2,2,2,2,2533,7.837554360881084,0,1,3,6,3,1,2,844.0
3,1,1,0.6931471805599453,0,1,1,1,1,2,1.0986122886681098,1,2,2,2,2,4928,8.502891406705377,1,2,3,0,8,1,3,1642.0
0,1,3,1.3862943611198906,0,0,3,3,3,6,1.9459101490553132,1,0,1,6,6,3340,8.114025442356757,1,1,0,1,0,1,1,1114.0
4,3,2,1.0986122886681098,1,2,2,2,2,4,1.6094379124341003,1,1,4,4,4,2355,7.764720544771477,0,0,0,3,5,1,1,785.0
2,3,3,1.3862943611198906,0,0,3,3,3,5,1.791759469228055,0,2,0,5,5,2857,7.957877358489813,0,1,2,1,7,1,0,1072.0
2,4,3,1.3862943611198906,0,0,3,3,3,7,2.0794415416798357,0,1,2,0,7,885,6.786716950605081,0,0,0,3,5,1,1,354.0
1,1,1,0.6931471805599453,0,1,1,1,1,7,2.0794415416798357,0,1,2,0,7,1434,7.268920128193722,1,0,4,6,4,1,2,717.0
4,4,3,1.3862943611198906,0,0,3,3,3,5,1.791759469228055,0,2,0,5,5,2416,7.790282380703483,1,1,1,1,6,1,0,906.0
1,1,2,1.0986122886681098,1,2,2,2,2,7,2.0794415416798357,0,1,2,0,7,666,6.502790045915623,1,0,1,1,6,1,1,296.0
1,4,3,1.3862943611198906,0,0,3,3,3,9,2.302585092994046,0,0,4,2,9,2199,7.696212639346407,0,0,4,1,9,3,2,1100.0
3,1,1,0.6931471805599453,0,1,1,1,1,6,1.9459101490553132,1,0,1,6,6,4617,8.43771698991444,0,0,2,4,7,1,2,1979.0
0,0,3,1.3862943611198906,0,0,3,3,3,9,2.302585092994046,0,0,4,2,9,1177,7.071573364211532,0,1,2,1,7,1,1,589.0
1,4,1,0.6931471805599453,0,1,1,1,1,3,1.3862943611198906,0,0,3,3,3,452,6.115892125483034,1,2,2,4,2,1,2,226.0
3,3,2,1.0986122886681098,1,2,2,2,2,6,1.9459101490553132,1,0,1,6,6,244,5.501258210544727,1,1,4,6,4,2,2,122.0
2,1,1,0.6931471805599453,0,1,1,1,1,7,2.0794415416798357,0,1,2,0,7,4628,8.44009614103127,1,2,3,1,8,1,2,2314.0
3,2,1,0.6931471805599453,0,1,1,1,1,7,2.0794415416798357,0,1,2,0,7,3544,8.173293438966228,1,1,4,2,4,1,2,1772.0
1,1,2,1.0986122886681098,1,2,2,2,2,4,1.6094379124341003,1,1,4,4,4,926,6.831953565565855,1,2,1,2,6,2,2,309.0
4,1,3,1.3862943611198906,0,0,3,3,3,5,1.791759469228055,0,2,0,5,5,4332,8.374015421739909,1,0,2,6,2,1,1,1625.0
4,4,1,0.6931471805599453,0,1,1,1,1,7,2.0794415416798357,0,1,2,0,7,2705,7.903226808730733,0,2,0,3,5,1,2,1352.0
1,0,1,0.6931471805599453,0,1,1,1,1,3,1.3862943611198906,0,0,3,3,3,1071,6.977281341630747,0,0,1,0,1,1,3,535.0
4,4,3,1.3862943611198906,0,0,3,3,3,7,2.0794415416798357,0,1,2,0,7,2437,7.798933310041217,0,1,2,1,7,1,0,975.0
2,2,1,0.6931471805599453,0,1,1,1,1,6,1.9459101490553132,1,0,1,6,6,238,5.476463551931511,1,1,3,0,8,1,2,102.0
3,0,1,0.6931471805599453,0,1,1,1,1,6,1.9459101490553132,1,0,1,6,6,389,5.966146739123692,0,2,4,4,9,1,2,167.0
4,1,3,1.3862943611198906,0,0,3,3,3,8,2.1972245773362196,1,2,3,1,8,3041,8.020270472819238,0,2,1,3,1,1,0,1382.0
4,3,2,1.0986122886681098,1,2,2,2,2,4,1.6094379124341003,1,1,4,4,4,1922,7.56164174558878,1,2,2,4,2,2,2,641.0
4,2,1,0.6931471805599453,0,1,1,1,1,7,2.0794415416798357,0,1,2,0,7,1362,7.217443431696533,1,0,2,4,2,1,2,681.0
4,0,2,1.0986122886681098,1,2,2,2,2,8,2.1972245773362196,1,2,3,1,8,701,6.553933404025811,0,2,1,1,1,1,1,281.0
2,0,3,1.3862943611198906,0,0,3,3,3,6,1.9459101490553132,1,0,1,6,6,3498,8.160232492367689,1,0,3,5,8,3,3,1166.0
2,2,1,0.6931471805599453,0,1,1,1,1,3,1.3862943611198906,0,0,3,3,3,1433,7.2682230211595655,0,2,3,5,3,1,2,716.0
4,3,1,0.6931471805599453,0,1,1,1,1,2,1.0986122886681098,1,2,2,2,2,3104,8.040768994367578,1,2,4,3,4,1,3,1034.0
4,4,2,1.0986122886681098,1,2,2,2,2,7,2.0794415416798357,0,1,2,0,7,4043,8.304989580140361,0,2,3,4,3,1,0,1797.0
4,0,1,0.6931471805599453,0,1,1,1,1,7,2.0794415416798357,0,1,2,0,7,3349,8.116715624819111,0,1,4,3,9,1,2,1674.0
0,0,3,1.3862943611198906,0,0,3,3,3,6,1.9459101490553132,1,0,1,6,6,3505,8.16223106548118,0,1,0,5,5,1,1,1169.0
4,3,2,1.0986122886681098,1,2,2,2,2,4,1.6094379124341003,1,1,4,4,4,3124,8.047189562170502,1,1,4,2,4,2,3,1041.0
0,3,2,1.0986122886681098,1,2,2,2,2,6,1.9459101490553132,1,0,1,6,6,1093,6.9975959829819265,0,1,3,1,3,1,1,547.0
1,4,2,1.0986122886681098,1,2,2,2,2,4,1.6094379124341003,1,1,4,4,4,337,5.823045895483019,0,1,2,1,7,1,1,113.0
0,4,3,1.3862943611198906,0,0,3,3,3,7,2.0794415416798357,0,1,2,0,7,1613,7.3864708488298945,0,2,3,3,3,1,0,646.0
2,2,1,0.6931471805599453,0,1,1,1,1,4,1.6094379124341003,1,1,4,4,4,2719,7.908387159290043,0,1,4,3,9,1,2,1087.0
3,1,1,0.6931471805599453,0,1,1,1,1,3,1.3862943611198906,0,0,3,3,3,131,4.882801922586371,0,2,1,5,1,1,2,65.0
0,3,1,0.6931471805599453,0,1,1,1,1,5,1.791759469228055,0,2,0,5,5,580,6.364750756851911,1,1,0,6,0,1,3,290.0
4,3,2,1.0986122886681098,1,2,2,2,2,7,2.0794415416798357,0,1,2,0,7,3594,8.187299270155147,1,0,4,3,4,1,1,1597.0
0,0,2,1.0986122886681098,1,2,2,2,2,8,2.1972245773362196,1,2,3,1,8,4826,8.481980435660493,1,2,1,3,6,2,2,1931.0
4,2,3,1.3862943611198906,0,0,3,3,3,9,2.302585092994046,0,0,4,2,9,301,5.71042701737487,0,1,1,0,1,1,1,151.0
3,2,1,0.6931471805599453,0,1,1,1,1,7,2.0794415416798357,0,1,2,0,7,1337,7.198931240688173,0,2,2,0,7,1,3,668.0
3,0,1,0.6931471805599453,0,1,1,1,1,2,1.0986122886681098,1,2,2,2,2,3653,8.203577736937952,0,2,3,6,3,1,2,1217.0
4,2,3,1.3862943611198906,0,0,3,3,3,6,1.9459101490553132,1,0,1,6,6,2979,7.9996785794994505,0,0,4,4,9,3,2,993.0
2,4,1,0.6931471805599453,0,1,1,1,1,3,1.3862943611198906,0,0,3,3,3,2396,7.781973234434385,1,2,1,2,6,1,2,1198.0
4,4,2,1.0986122886681098,1,2,2,2,2,8,2.1972245773362196,1,2,3,1,8,2828,7.947678571301568,1,2,3,0,8,2,2,1131.0
1,3,2,1.0986122886681098,1,2,2,2,2,8,2.1972245773362196,1,2,3,1,8,3316,8.106816038947052,1,1,1,5,6,2,2,1327.0
0,1,1,0.6931471805599453,0,1,1,1,1,4,1.6094379124341003,1,1,4,4,4,229,5.438079308923196,0,1,4,5,9,1,2,91.0
0,2,1,0.6931471805599453,0,1,1,1,1,2,1.0986122886681098,1,2,2,2,2,1882,7.5406215286571525,1,1,2,6,2,1,3,627.0
2,3,2,1.0986122886681098,1,2,2,2,2,7,2.0794415416798357,0,1,2,0,7,1132,7.0326242610280065,1,1,2,5,2,1,1,503.0
2,4,1,0.6931471805599453,0,1,1,1,1,6,1.9459101490553132,1,0,1,6,6,3600,8.188966863648876,1,0,0,2,0,1,3,1543.0
3,2,2,1.0986122886681098,1,2,2,2,2,8,2.1972245773362196,1,2,3,1,8,3392,8.129469764784231,1,2,2,4,2,2,3,1357.0
4,3,3,1.3862943611198906,0,0,3,3,3,7,2.0794415416798357,0,1,2,0,7,4947,8.506738733512378,0,0,2,5,7,1,1,1979.0
0,3,2,1.0986122886681098,1,2,2,2,2,3,1.3862943611198906,0,0,3,3,3,3704,8.217438537730187,1,2,4,1,4,1,1,1481.0
1,4,2,1.0986122886681098,1,2,2,2,2,7,2.0794415416798357,0,1,2,0,7,3267,8.091933455979893,0,0,2,5,7,1,0,1452.0
3,0,2,1.0986122886681098,1,2,2,2,2,5,1.791759469228055,0,2,0,5,5,3166,8.06054004653864,1,1,1,2,6,1,1,1357.0
4,2,3,1.3862943611198906,0,0,3,3,3,4,1.6094379124341003,1,1,4,4,4,998,6.906754778648554,1,2,3,4,8,1,0,428.0
1,1,3,1.3862943611198906,0,0,3,3,3,8,2.1972245773362196,1,2,3,1,8,1545,7.343426229147367,0,0,0,5,5,1,1,702.0
2,3,3,1.3862943611198906,0,0,3,3,3,5,1.791759469228055,0,2,0,5,5,642,6.466144724237619,1,0,2,5,2,1,1,242.0
0,2,1,0.6931471805599453,0,1,1,1,1,2,1.0986122886681098,1,2,2,2,2,2552,7.845024417241484,1,2,2,4,2,1,3,850.0
0,2,2,1.0986122886681098,1,2,2,2,2,3,1.3862943611198906,0,0,3,3,3,1522,7.328437352895162,1,1,2,3,2,1,1,609.0
2,0,1,0.6931471805599453,0,1,1,1,1,4,1.6094379124341003,1,1,4,4,4,1552,7.347943823148687,1,1,2,5,2,1,3,621.0
1,4,2,1.0986122886681098,1,2,2,2,2,8,2.1972245773362196,1,2,3,1,8,948,6.855408798609928,1,0,3,3,8,2,2,379.0
1,3,2,1.0986122886681098,1,2,2,2,2,4,1.6094379124341003,1,1,4,4,4,882,6.78332520060396,1,0,2,0,2,2,2,294.0
3,2,3,1.3862943611198906,0,0,3,3,3,8,2.1972245773362196,1,2,3,1,8,4605,8.43511508038063,0,0,0,6,5,1,1,2094.0
0,1,3,1.3862943611198906,0,0,3,3,3,9,2.302585092994046,0,0,4,2,9,482,6.180016653652572,1,2,2,6,2,1,1,242.0
0,4,2,1.0986122886681098,1,2,2,2,2,5,1.791759469228055,0,2,0,5,5,3302,8.10258642539079,1,2,2,5,2,1,1,1415.0
3,3,1,0.6931471805599453,0,1,1,1,1,5,1.791759469228055,0,2,0,5,5,1396,7.242082359256962,1,1,1,3,6,1,2,698.0
4,4,1,0.6931471805599453,0,1,1,1,1,3,1.3862943611198906,0,0,3,3,3,4052,8.307212626628308,1,2,2,6,2,1,2,2026.0
1,0,1,0.6931471805599453,0,1,1,1,1,3,1.3862943611198906,0,0,3,3,3,3285,8.097426298597213,0,0,0,2,5,1,3,1642.0
3,0,1,0.6931471805599453,0,1,1,1,1,3,1.3862943611198906,0,0,3,3,3,2956,7.9919305198524775,1,1,1,2,6,1,2,1478.0
4,3,3,1.3862943611198906,0,0,3,3,3,5,1.791759469228055,0,2,0,5,5,2651,7.883069351305753,0,2,1,5,1,1,0,995.0
2,0,2,1.0986122886681098,1,2,2,2,2,5,1.791759469228055,0,2,0,5,5,2109,7.6544432264701125,0,0,4,2,9,1,0,904.0
4,1,1,0.6931471805599453,0,1,1,1,1,5,1.791759469228055,0,2,0,5,5,4881,8.493310250952906,0,0,1,2,1,1,2,2440.0
4,2,2,1.0986122886681098,1,2,2,2,2,5,1.791759469228055,0,2,0,5,5,145,4.983606621708336,0,1,0,5,5,1,1,62.0
3,3,3,1.3862943611198906,0,0,3,3,3,8,2.1972245773362196,1,2,3,1,8,605,6.406879986069314,0,2,0,3,5,1,0,275.0
0,4,1,0.6931471805599453,0,1,1,1,1,6,1.9459101490553132,1,0,1,6,6,3990,8.291797105048733,1,0,0,0,0,1,3,1710.0
4,1,1,0.6931471805599453,0,1,1,1,1,6,1.9459101490553132,1,0,1,6,6,3536,8.17103418920548,1,2,1,1,6,1,2,1515.0
3,3,3,1.3862943611198906,0,0,3,3,3,7,2.0794415416798357,0,1,2,0,7,4108,8.32093496888341,1,1,3,6,8,1,0,1643.0
0,2,1,0.6931471805599453,0,1,1,1,1,4,1.6094379124341003,1,1,4,4,4,1674,7.423568444259167,1,0,4,1,4,1,2,669.0
1,1,3,1.3862943611198906,0,0,3,3,3,7,2.0794415416798357,0,1,2,0,7,1127,7.028201432058005,0,2,2,0,7,1,1,451.0
2,0,2,1.0986122886681098,1,2,2,2,2,8,2.1972245773362196,1,2,3,1,8,556,6.322565239927284,1,1,1,3,6,2,2,223.0
0,2,3,1.3862943611198906,0,0,3,3,3,9,2.302585092994046,0,0,4,2,9,4445,8.399760094524142,0,2,0,0,5,1,1,2222.0
0,3,2,1.0986122886681098,1,2,2,2,2,7,2.0794415416798357,0,1,2,0,7,1794,7.492760300922379,1,0,4,2,4,1,1,797.0
1,0,3,1.3862943611198906,0,0,3,3,3,9,2.302585092994046,0,0,4,2,9,2384,7.776954403322442,1,2,4,4,4,1,1,1193.0
3,2,1,0.6931471805599453,0,1,1,1,1,2,1.0986122886681098,1,2,2,2,2,257,5.552959584921617,0,2,2,5,7,1,2,85.0
1,3,2,1.0986122886681098,1,2,2,2,2,4,1.6094379124341003,1,1,4,4,4,4331,8.37378460812088,0,2,1,5,1,1,1,1443.0
4,2,3,1.3862943611198906,0,0,3,3,3,4,1.6094379124341003,1,1,4,4,4,2214,7.703007682479236,1,0,4,2,4,1,1,950.0
3,1,1,0.6931471805599453,0,1,1,1,1,2,1.0986122886681098,1,2,2,2,2,1096,7.00033446027523,1,1,1,4,6,1,3,365.0
2,2,3,1.3862943611198906,0,0,3,3,3,8,2.1972245773362196,1,2,3,1,8,982,6.890609120147166,1,1,2,2,2,1,0,447.0
2,1,1,0.6931471805599453,0,1,1,1,1,4,1.6094379124341003,1,1,4,4,4,4018,8.2987883944492,1,1,3,0,8,1,2,1607.0
3,3,3,1.3862943611198906,0,0,3,3,3,6,1.9459101490553132,1,0,1,6,6,4304,8.367532416861831,1,2,4,6,4,1,1,1436.0
1,1,3,1.3862943611198906,0,0,3,3,3,9,2.302585092994046,0,0,4,2,9,1641,7.403670290012373,0,0,1,3,1,3,2,821.0
1,1,3,1.3862943611198906,0,0,3,3,3,5,1.791759469228055,0,2,0,5,5,993,6.901737206656574,0,0,3,6,3,1,1,373.0
0,1,3,1.3862943611198906,0,0,3,3,3,6,1.9459101490553132,1,0,1,6,6,3917,8.273336598504486,0,2,2,4,7,1,1,1307.0
2,4,1,0.6931471805599453,0,1,1,1,1,2,1.0986122886681098,1,2,2,2,2,2515,7.830425617820331,0,1,0,2,5,1,2,838.0
4,1,1,0.6931471805599453,0,1,1,1,1,3,1.3862943611198906,0,0,3,3,3,3722,8.222285073872717,1,2,2,5,2,1,2,1861.0
2,4,2,1.0986122886681098,1,2,2,2,2,4,1.6094379124341003,1,1,4,4,4,2785,7.932362154339751,0,1,0,6,5,1,1,929.0
1,4,2,1.0986122886681098,1,2,2,2,2,5,1.791759469228055,0,2,0,5,5,979,6.887552571664617,0,1,4,6,9,1,0,419.0
4,1,3,1.3862943611198906,0,0,3,3,3,7,2.0794415416798357,0,1,2,0,7,297,5.697093486505405,0,0,2,3,7,1,1,119.0
0,3,3,1.3862943611198906,0,0,3,3,3,5,1.791759469228055,0,2,0,5,5,3699,8.216088098632316,0,0,4,3,9,1,1,1388.0
1,4,1,0.6931471805599453,0,1,1,1,1,4,1.6094379124341003,1,1,4,4,4,3667,8.207401833376355,0,1,2,6,7,1,2,1467.0
1,1,3,1.3862943611198906,0,0,3,3,3,8,2.1972245773362196,1,2,3,1,8,4965,8.510369966068112,0,0,0,2,5,1,1,2257.0
4,3,2,1.0986122886681098,1,2,2,2,2,4,1.6094379124341003,1,1,4,4,4,3404,8.133000218583613,1,2,4,2,4,2,3,1135.0
0,1,2,1.0986122886681098,1,2,2,2,2,5,1.791759469228055,0,2,0,5,5,2371,7.771488760117616,0,1,1,5,1,1,0,1016.0
3,4,2,1.0986122886681098,1,2,2,2,2,4,1.6094379124341003,1,1,4,4,4,3385,8.12740456269308,0,1,0,4,5,1,1,1129.0
1,2,3,1.3862943611198906,0,0,3,3,3,5,1.791759469228055,0,2,0,5,5,2224,7.707512194600341,1,1,4,5,4,1,0,834.0
1,1,1,0.6931471805599453,0,1,1,1,1,4,1.6094379124341003,1,1,4,4,4,778,6.658011045870748,1,1,3,1,8,1,2,311.0
4,2,1,0.6931471805599453,0,1,1,1,1,4,1.6094379124341003,1,1,4,4,4,2788,7.933438387627489,1,1,3,2,8,1,3,1115.0
4,4,1,0.6931471805599453,0,1,1,1,1,5,1.791759469228055,0,2,0,5,5,1284,7.158513997329321,1,0,4,3,4,1,2,642.0
2,4,3,1.3862943611198906,0,0,3,3,3,5,1.791759469228055,0,2,0,5,5,486,6.18826412308259,1,0,1,3,6,1,1,182.0
4,4,1,0.6931471805599453,0,1,1,1,1,7,2.0794415416798357,0,1,2,0,7,2877,7.964850887447313,0,0,2,0,7,1,3,1438.0
3,3,2,1.0986122886681098,1,2,2,2,2,6,1.9459101490553132,1,0,1,6,6,1805,7.498869733976931,0,2,0,6,5,1,1,903.0
3,0,1,0.6931471805599453,0,1,1,1,1,6,1.9459101490553132,1,0,1,6,6,4336,8.374938143835367,1,1,1,3,6,1,2,1858.0
2,0,3,1.3862943611198906,0,0,3,3,3,8,2.1972245773362196,1,2,3,1,8,4087,8.31581113188354,0,1,2,6,7,1,0,1858.0
1,1,2,1.0986122886681098,1,2,2,2,2,4,1.6094379124341003,1,1,4,4,4,3335,8.112527763478637,0,2,0,3,5,1,1,1111.0
4,3,3,1.3862943611198906,0,0,3,3,3,8,2.1972245773362196,1,2,3,1,8,3696,8.215276958936633,1,0,1,0,6,1,2,1680.0
4,4,2,1.0986122886681098,1,2,2,2,2,8,2.1972245773362196,1,2,3,1,8,165,5.111987788356544,0,0,0,4,5,1,1,67.0
2,1,2,1.0986122886681098,1,2,2,2,2,3,1.3862943611198906,0,0,3,3,3,907,6.811244378601294,0,1,2,4,7,1,0,363.0
3,2,1,0.6931471805599453,0,1,1,1,1,7,2.0794415416798357,0,1,2,0,7,2247,7.717796211013582,0,0,2,0,7,1,3,1123.0
1,2,2,1.0986122886681098,1,2,2,2,2,5,1.791759469228055,0,2,0,5,5,178,5.187385805840755,1,1,3,3,8,1,1,76.0
2,1,1,0.6931471805599453,0,1,1,1,1,3,1.3862943611198906,0,0,3,3,3,3572,8.181160858023409,1,2,2,2,2,1,2,1786.0
0,4,3,1.3862943611198906,0,0,3,3,3,8,2.1972245773362196,1,2,3,1,8,4368,8.382289428951436,1,0,3,0,8,1,2,1986.0
4,3,1,0.6931471805599453,0,1,1,1,1,2,1.0986122886681098,1,2,2,2,2,2469,7.8119734296220225,0,0,4,5,9,1,2,823.0
3,2,1,0.6931471805599453,0,1,1,1,1,4,1.6094379124341003,1,1,4,4,4,1520,7.327123292259293,1,2,0,1,0,1,3,608.0
1,0,3,1.3862943611198906,0,0,3,3,3,5,1.791759469228055,0,2,0,5,5,1568,7.358193752733032,1,2,3,0,8,1,0,588.0
4,2,3,1.3862943611198906,0,0,3,3,3,4,1.6094379124341003,1,1,4,4,4,4296,8.365672383774996,1,0,1,5,6,1,2,1841.0
0,2,2,1.0986122886681098,1,2,2,2,2,8,2.1972245773362196,1,2,3,1,8,829,6.721425700790643,0,1,4,3,9,1,1,331.0
2,4,2,1.0986122886681098,1,2,2,2,2,8,2.1972245773362196,1,2,3,1,8,1803,7.4977617006225685,0,0,3,4,3,1,1,721.0
2,1,2,1.0986122886681098,1,2,2,2,2,6,1.9459101490553132,1,0,1,6,6,1024,6.932447891572509,1,1,4,2,4,2,2,512.0
2,3,1,0.6931471805599453,0,1,1,1,1,5,1.791759469228055,0,2,0,5,5,3287,8.098034756176071,0,2,2,4,7,1,2,1643.0
2,2,1,0.6931471805599453,0,1,1,1,1,6,1.9459101490553132,1,0,1,6,6,1497,7.311886164077165,0,0,2,6,7,1,2,641.0
2,2,3,1.3862943611198906,0,0,3,3,3,9,2.302585092994046,0,0,4,2,9,2842,7.952615111651,1,1,2,0,2,1,1,1421.0
3,2,1,0.6931471805599453,0,1,1,1,1,2,1.0986122886681098,1,2,2,2,2,3651,8.20303024171486,0,0,1,4,1,1,2,1217.0
2,4,2,1.0986122886681098,1,2,2,2,2,6,1.9459101490553132,1,0,1,6,6,102,4.634728988229636,1,0,2,4,2,2,3,51.0
2,1,1,0.6931471805599453,0,1,1,1,1,6,1.9459101490553132,1,0,1,6,6,2399,7.783224016336037,0,2,4,5,9,1,2,1028.0
2,2,2,1.0986122886681098,1,2,2,2,2,3,1.3862943611198906,0,0,3,3,3,3031,8.016977746762262,0,1,1,0,1,1,0,1213.0
4,2,2,1.0986122886681098,1,2,2,2,2,3,1.3862943611198906,0,0,3,3,3,2858,7.958227192322312,1,2,3,2,8,1,1,1143.0
4,1,1,0.6931471805599453,0,1,1,1,1,5,1.791759469228055,0,2,0,5,5,4472,8.405814603432848,1,2,2,6,2,1,2,2236.0
2,0,2,1.0986122886681098,1,2,2,2,2,8,2.1972245773362196,1,2,3,1,8,3360,8.119993827725105,1,0,0,0,0,2,3,1344.0
2,4,1,0.6931471805599453,0,1,1,1,1,3,1.3862943611198906,0,0,3,3,3,990,6.898714534329988,1,0,0,3,0,1,3,495.0
2,4,2,1.0986122886681098,1,2,2,2,2,6,1.9459101490553132,1,0,1,6,6,3721,8.222016437202196,0,1,1,4,1,1,1,1861.0
0,2,1,0.6931471805599453,0,1,1,1,1,5,1.791759469228055,0,2,0,5,5,1242,7.1252830915107115,1,0,2,3,2,1,2,621.0
1,3,2,1.0986122886681098,1,2,2,2,2,6,1.9459101490553132,1,0,1,6,6,1885,7.542213463193403,0,1,0,2,5,1,1,943.0
3,4,2,1.0986122886681098,1,2,2,2,2,3,1.3862943611198906,0,0,3,3,3,4206,8.344505083590521,1,0,1,6,6,1,2,1683.0
3,0,3,1.3862943611198906,0,0,3,3,3,6,1.9459101490553132,1,0,1,6,6,4968,8.51097389160232,1,0,3,5,8,3,3,1656.0
1,1,3,1.3862943611198906,0,0,3,3,3,5,1.791759469228055,0,2,0,5,5,3145,8.053887083618223,0,1,0,2,5,1,1,1180.0
2,2,1,0.6931471805599453,0,1,1,1,1,2,1.0986122886681098,1,2,2,2,2,4549,8.422882511944996,0,1,4,6,9,1,2,1516.0
2,1,1,0.6931471805599453,0,1,1,1,1,6,1.9459101490553132,1,0,1,6,6,3557,8.17695386822578,0,2,2,1,7,1,2,1524.0
0,3,3,1.3862943611198906,0,0,3,3,3,7,2.0794415416798357,0,1,2,0,7,1757,7.471932078245122,0,2,2,0,7,1,1,703.0
2,3,3,1.3862943611198906,0,0,3,3,3,9,2.302585092994046,0,0,4,2,9,2262,7.724446645633537,1,0,2,1,2,3,2,1131.0
0,1,1,0.6931471805599453,0,1,1,1,1,3,1.3862943611198906,0,0,3,3,3,4301,8.366835309827675,0,2,1,3,1,1,2,2150.0
2,0,1,0.6931471805599453,0,1,1,1,1,7,2.0794415416798357,0,1,2,0,7,487,6.1903154058531475,0,1,2,4,7,1,2,243.0
2,0,2,1.0986122886681098,1,2,2,2,2,3,1.3862943611198906,0,0,3,3,3,2966,7.995306620290822,1,2,1,5,6,1,1,1187.0
0,2,1,0.6931471805599453,0,1,1,1,1,2,1.0986122886681098,1,2,2,2,2,195,5.278114659230517,0,0,0,6,5,1,2,65.0
0,0,3,1.3862943611198906,0,0,3,3,3,4,1.6094379124341003,1,1,4,4,4,4177,8.33758794211651,0,1,2,5,7,1,0,1790.0
0,4,2,1.0986122886681098,1,2,2,2,2,3,1.3862943611198906,0,0,3,3,3,2123,7.66105638236183,0,2,3,2,3,1,0,849.0
3,2,1,0.6931471805599453,0,1,1,1,1,4,1.6094379124341003,1,1,4,4,4,3643,8.200837258379849,0,1,3,3,3,1,2,1457.0
3,0,2,1.0986122886681098,1,2,2,2,2,5,1.791759469228055,0,2,0,5,5,444,6.09807428216624,1,0,4,3,4,1,1,190.0
0,1,3,1.3862943611198906,0,0,3,3,3,8,2.1972245773362196,1,2,3,1,8,4216,8.34687925374656,1,1,1,2,6,1,1,1917.0
3,4,2,1.0986122886681098,1,2,2,2,2,6,1.9459101490553132,1,0,1,6,6,3593,8.187021067343505,0,2,3,2,3,1,1,1797.0
0,2,1,0.6931471805599453,0,1,1,1,1,4,1.6094379124341003,1,1,4,4,4,4679,8.451053388911692,0,2,4,3,9,1,2,1871.0
1,3,3,1.3862943611198906,0,0,3,3,3,8,2.1972245773362196,1,2,3,1,8,2711,7.905441649060286,0,2,1,2,1,1,0,1232.0
1,2,2,1.0986122886681098,1,2,2,2,2,6,1.9459101490553132,1,0,1,6,6,1413,7.254177846456518,0,0,3,6,3,1,1,707.0
3,4,1,0.6931471805599453,0,1,1,1,1,5,1.791759469228055,0,2,0,5,5,4117,8.323122887587735,0,1,2,1,7,1,2,2058.0
2,2,3,1.3862943611198906,0,0,3,3,3,8,2.1972245773362196,1,2,3,1,8,1441,7.273786317844895,0,1,1,6,1,1,0,655.0
4,1,3,1.3862943611198906,0,0,3,3,3,8,2.1972245773362196,1,2,3,1,8,3169,8.061486866871327,0,1,4,5,9,1,0,1441.0
0,2,1,0.6931471805599453,0,1,1,1,1,4,1.6094379124341003,1,1,4,4,4,3432,8.141189793457691,1,0,2,2,2,1,3,1373.0
0,2,2,1.0986122886681098,1,2,2,2,2,3,1.3862943611198906,0,0,3,3,3,1426,7.2633296174768365,1,1,1,5,6,1,1,571.0
4,1,2,1.0986122886681098,1,2,2,2,2,3,1.3862943611198906,0,0,3,3,3,2298,7.740229524763182,1,0,3,2,8,1,2,919.0
3,4,3,1.3862943611198906,0,0,3,3,3,7,2.0794415416798357,0,1,2,0,7,660,6.493753839851686,1,0,0,2,0,1,1,264.0
1,1,2,1.0986122886681098,1,2,2,2,2,8,2.1972245773362196,1,2,3,1,8,4827,8.482187582217422,0,0,2,4,7,1,1,1931.0
0,4,1,0.6931471805599453,0,1,1,1,1,7,2.0794415416798357,0,1,2,0,7,3078,8.0323601479245,1,0,3,5,8,1,2,1539.0
4,0,1,0.6931471805599453,0,1,1,1,1,5,1.791759469228055,0,2,0,5,5,3829,8.250620082174692,0,1,4,0,9,1,2,1914.0
2,4,1,0.6931471805599453,0,1,1,1,1,7,2.0794415416798357,0,1,2,0,7,3738,8.226573474977114,1,0,3,0,8,1,3,1869.0
3,2,1,0.6931471805599453,0,1,1,1,1,6,1.9459101490553132,1,0,1,6,6,4384,8.385944904806284,1,1,4,2,4,1,2,1879.0
3,1,3,1.3862943611198906,0,0,3,3,3,6,1.9459101490553132,1,0,1,6,6,3279,8.09559870137819,0,0,4,3,9,3,2,1094.0
1,3,1,0.6931471805599453,0,1,1,1,1,7,2.0794415416798357,0,1,2,0,7,2200,7.696667081526462,1,1,0,2,0,1,2,1100.0
2,2,1,0.6931471805599453,0,1,1,1,1,5,1.791759469228055,0,2,0,5,5,3936,8.278174290943738,1,0,1,2,6,1,2,1968.0
3,0,3,1.3862943611198906,0,0,3,3,3,8,2.1972245773362196,1,2,3,1,8,913,6.81783057145415,0,1,3,3,3,1,0,415.0
2,0,2,1.0986122886681098,1,2,2,2,2,5,1.791759469228055,0,2,0,5,5,2651,7.883069351305753,0,2,1,5,1,1,0,1136.0
1,3,2,1.0986122886681098,1,2,2,2,2,4,1.6094379124341003,1,1,4,4,4,4001,8.294549515143679,0,2,1,4,1,1,1,1333.0
0,1,2,1.0986122886681098,1,2,2,2,2,5,1.791759469228055,0,2,0,5,5,162,5.093750200806762,1,0,2,1,2,1,1,70.0
4,2,1,0.6931471805599453,0,1,1,1,1,3,1.3862943611198906,0,0,3,3,3,2877,7.964850887447313,0,0,2,0,7,1,3,1438.0
3,4,3,1.3862943611198906,0,0,3,3,3,5,1.791759469228055,0,2,0,5,5,1541,7.340835554123275,0,2,1,1,1,1,0,578.0
0,3,1,0.6931471805599453,0,1,1,1,1,7,2.0794415416798357,0,1,2,0,7,3724,8.22282213081366,1,1,4,0,4,1,3,1862.0
0,3,1,0.6931471805599453,0,1,1,1,1,5,1.791759469228055,0,2,0,5,5,862,6.760414691083428,1,1,2,1,2,1,2,431.0
4,0,2,1.0986122886681098,1,2,2,2,2,8,2.1972245773362196,1,2,3,1,8,2516,7.830822995135316,1,2,1,3,6,2,2,1007.0
0,0,1,0.6931471805599453,0,1,1,1,1,2,1.0986122886681098,1,2,2,2,2,609,6.413458957167357,0,0,4,0,9,1,2,203.0
2,4,2,1.0986122886681098,1,2,2,2,2,3,1.3862943611198906,0,0,3,3,3,1077,6.982862751468942,0,0,2,6,7,1,1,431.0
4,4,1,0.6931471805599453,0,1,1,1,1,5,1.791759469228055,0,2,0,5,5,3069,8.029432840581244,0,0,4,3,9,1,2,1534.0
2,0,2,1.0986122886681098,1,2,2,2,2,3,1.3862943611198906,0,0,3,3,3,3070,8.029758520440822,1,1,0,4,0,1,1,1228.0
2,1,3,1.3862943611198906,0,0,3,3,3,4,1.6094379124341003,1,1,4,4,4,2383,7.776535028185241,0,1,3,3,3,1,0,1022.0
0,0,3,1.3862943611198906,0,0,3,3,3,4,1.6094379124341003,1,1,4,4,4,4318,8.3707791729607,1,1,3,6,8,1,0,1850.0
3,2,3,1.3862943611198906,0,0,3,3,3,5,1.791759469228055,0,2,0,5,5,742,6.610696044717759,1,1,2,0,2,1,0,278.0
0,2,3,1.3862943611198906,0,0,3,3,3,8,2.1972245773362196,1,2,3,1,8,3728,8.22389538017882,1,2,3,4,8,1,1,1694.0
1,2,2,1.0986122886681098,1,2,2,2,2,5,1.791759469228055,0,2,0,5,5,1906,7.553286605600419,1,1,1,2,6,1,1,817.0
0,2,3,1.3862943611198906,0,0,3,3,3,4,1.6094379124341003,1,1,4,4,4,1588,7.370860166536716,1,1,3,6,8,1,1,680.0
2,4,2,1.0986122886681098,1,2,2,2,2,3,1.3862943611198906,0,0,3,3,3,1856,7.526717561352706,1,2,1,1,6,1,1,743.0
1,2,3,1.3862943611198906,0,0,3,3,3,8,2.1972245773362196,1,2,3,1,8,4147,8.330381569349418,0,1,2,3,7,1,0,1885.0
0,3,2,1.0986122886681098,1,2,2,2,2,5,1.791759469228055,0,2,0,5,5,2128,7.663407664893479,1,1,3,0,8,1,1,912.0
3,4,3,1.3862943611198906,0,0,3,3,3,5,1.791759469228055,0,2,0,5,5,2362,7.767687277186908,1,1,2,3,2,1,0,887.0
1,3,2,1.0986122886681098,1,2,2,2,2,7,2.0794415416798357,0,1,2,0,7,4145,8.329899292995725,0,2,0,1,5,1,0,1843.0
3,0,1,0.6931471805599453,0,1,1,1,1,2,1.0986122886681098,1,2,2,2,2,3722,8.222285073872717,1,2,2,5,2,1,3,1240.0
4,3,1,0.6931471805599453,0,1,1,1,1,2,1.0986122886681098,1,2,2,2,2,3070,8.029758520440822,1,1,0,4,0,1,3,1023.0
2,2,1,0.6931471805599453,0,1,1,1,1,3,1.3862943611198906,0,0,3,3,3,4668,8.448700194970938,1,0,3,6,8,1,3,2334.0
4,1,2,1.0986122886681098,1,2,2,2,2,6,1.9459101490553132,1,0,1,6,6,3559,8.177515823846075,0,1,4,3,9,1,1,1779.0
4,2,2,1.0986122886681098,1,2,2,2,2,7,2.0794415416798357,0,1,2,0,7,3092,8.03689677268507,1,2,2,5,2,1,1,1375.0
1,2,1,0.6931471805599453,0,1,1,1,1,3,1.3862943611198906,0,0,3,3,3,1608,7.3833681469923835,1,0,3,5,8,1,3,804.0
4,2,2,1.0986122886681098,1,2,2,2,2,5,1.791759469228055,0,2,0,5,5,3501,8.161089512845797,0,0,1,1,1,1,0,1501.0
4,2,2,1.0986122886681098,1,2,2,2,2,6,1.9459101490553132,1,0,1,6,6,3255,8.08825472712243,0,0,0,0,5,1,1,1627.0
2,1,2,1.0986122886681098,1,2,2,2,2,3,1.3862943611198906,0,0,3,3,3,2642,7.879669914604289,1,2,2,3,2,1,1,1057.0
1,0,3,1.3862943611198906,0,0,3,3,3,6,1.9459101490553132,1,0,1,6,6,1698,7.4377951216719325,1,0,3,4,8,3,3,566.0
4,0,3,1.3862943611198906,0,0,3,3,3,4,1.6094379124341003,1,1,4,4,4,530,6.274762021241939,1,2,0,5,0,1,0,227.0
4,0,2,1.0986122886681098,1,2,2,2,2,3,1.3862943611198906,0,0,3,3,3,1871,7.534762657037537,0,2,1,2,1,1,0,749.0
0,2,2,1.0986122886681098,1,2,2,2,2,6,1.9459101490553132,1,0,1,6,6,3482,8.155649270366002,1,2,2,3,2,2,2,1741.0
3,4,2,1.0986122886681098,1,2,2,2,2,7,2.0794415416798357,0,1,2,0,7,940,6.846943139585379,1,1,0,2,0,1,1,418.0
0,3,2,1.0986122886681098,1,2,2,2,2,8,2.1972245773362196,1,2,3,1,8,2697,7.900266036767701,0,0,2,2,7,1,1,1079.0
1,2,1,0.6931471805599453,0,1,1,1,1,4,1.6094379124341003,1,1,4,4,4,1242,7.1252830915107115,1,0,2,3,2,1,2,497.0
0,1,2,1.0986122886681098,1,2,2,2,2,7,2.0794415416798357,0,1,2,0,7,2920,7.979681302387741,1,1,0,1,0,1,1,1298.0
3,2,3,1.3862943611198906,0,0,3,3,3,9,2.302585092994046,0,0,4,2,9,4278,8.361474616416817,1,0,3,1,8,3,2,2139.0
0,3,2,1.0986122886681098,1,2,2,2,2,5,1.791759469228055,0,2,0,5,5,1666,7.418780882750794,1,1,1,0,6,1,1,714.0
1,1,2,1.0986122886681098,1,2,2,2,2,5,1.791759469228055,0,2,0,5,5,4213,8.346167594364134,0,1,3,6,3,1,0,1805.0
0,0,1,0.6931471805599453,0,1,1,1,1,3,1.3862943611198906,0,0,3,3,3,2193,7.693481640835175,0,0,3,2,3,1,3,1096.0
0,3,3,1.3862943611198906,0,0,3,3,3,5,1.791759469228055,0,2,0,5,5,2558,7.847371836159788,1,2,3,3,8,1,0,959.0
0,2,1,0.6931471805599453,0,1,1,1,1,7,2.0794415416798357,0,1,2,0,7,905,6.80903930604298,0,2,0,2,5,1,2,452.0
2,0,3,1.3862943611198906,0,0,3,3,3,7,2.0794415416798357,0,1,2,0,7,2615,7.86940171257709,0,2,0,4,5,1,0,1046.0
1,0,1,0.6931471805599453,0,1,1,1,1,3,1.3862943611198906,0,0,3,3,3,216,5.37989735354046,1,0,1,6,6,1,3,108.0
3,4,2,1.0986122886681098,1,2,2,2,2,5,1.791759469228055,0,2,0,5,5,3209,8.07402621612406,0,2,4,3,9,1,0,1375.0
4,4,3,1.3862943611198906,0,0,3,3,3,5,1.791759469228055,0,2,0,5,5,2377,7.774015077250727,0,1,2,4,7,1,0,892.0
1,0,1,0.6931471805599453,0,1,1,1,1,5,1.791759469228055,0,2,0,5,5,1298,7.1693500166706,1,2,3,3,8,1,2,649.0
3,1,3,1.3862943611198906,0,0,3,3,3,7,2.0794415416798357,0,1,2,0,7,3647,8.201934351194222,0,2,2,0,7,1,1,1459.0
1,4,2,1.0986122886681098,1,2,2,2,2,6,1.9459101490553132,1,0,1,6,6,4572,8.427924723658055,1,0,2,1,2,2,3,2286.0
2,0,2,1.0986122886681098,1,2,2,2,2,6,1.9459101490553132,1,0,1,6,6,3692,8.214194414852564,1,2,2,3,2,2,2,1846.0
4,1,1,0.6931471805599453,0,1,1,1,1,3,1.3862943611198906,0,0,3,3,3,535,6.284134161070802,0,1,0,3,5,1,2,267.0
4,1,1,0.6931471805599453,0,1,1,1,1,3,1.3862943611198906,0,0,3,3,3,868,6.767343125265392,1,1,3,0,8,1,2,434.0
4,0,2,1.0986122886681098,1,2,2,2,2,4,1.6094379124341003,1,1,4,4,4,2684,7.895436006942965,1,2,4,3,4,2,3,895.0
0,3,2,1.0986122886681098,1,2,2,2,2,5,1.791759469228055,0,2,0,5,5,313,5.749392985908253,0,1,3,5,3,1,0,134.0
0,0,2,1.0986122886681098,1,2,2,2,2,8,2.1972245773362196,1,2,3,1,8,682,6.52649485957079,1,1,2,3,2,2,2,273.0
2,4,3,1.3862943611198906,0,0,3,3,3,8,2.1972245773362196,1,2,3,1,8,385,5.955837369464831,0,1,0,0,5,1,0,175.0
4,4,1,0.6931471805599453,0,1,1,1,1,3,1.3862943611198906,0,0,3,3,3,4589,8.431635303054591,0,2,4,4,9,1,2,2294.0
4,1,1,0.6931471805599453,0,1,1,1,1,4,1.6094379124341003,1,1,4,4,4,1820,7.507141079727608,1,2,0,0,0,1,3,728.0
3,3,2,1.0986122886681098,1,2,2,2,2,3,1.3862943611198906,0,0,3,3,3,1651,7.409741954080923,0,1,1,6,1,1,0,661.0
1,0,3,1.3862943611198906,0,0,3,3,3,5,1.791759469228055,0,2,0,5,5,2968,7.99598047476376,1,1,3,0,8,1,0,1113.0
3,1,3,1.3862943611198906,0,0,3,3,3,5,1.791759469228055,0,2,0,5,5,351,5.863631175598097,0,0,1,1,1,1,1,131.0
4,0,3,1.3862943611198906,0,0,3,3,3,7,2.0794415416798357,0,1,2,0,7,2514,7.83002808253384,1,0,4,1,4,1,1,1006.0
1,2,1,0.6931471805599453,0,1,1,1,1,7,2.0794415416798357,0,1,2,0,7,2440,7.80016307039296,1,1,0,4,0,1,2,1220.0
0,1,1,0.6931471805599453,0,1,1,1,1,4,1.6094379124341003,1,1,4,4,4,1345,7.204892510204673,0,1,0,1,5,1,2,538.0
4,0,1,0.6931471805599453,0,1,1,1,1,2,1.0986122886681098,1,2,2,2,2,4618,8.437933510430605,1,1,3,5,8,1,3,1539.0
3,2,3,1.3862943611198906,0,0,3,3,3,4,1.6094379124341003,1,1,4,4,4,4286,8.363342466597977,1,2,1,2,6,1,0,1838.0
0,1,2,1.0986122886681098,1,2,2,2,2,6,1.9459101490553132,1,0,1,6,6,927,6.833031732786201,0,0,2,3,7,1,1,463.0
1,4,2,1.0986122886681098,1,2,2,2,2,4,1.6094379124341003,1,1,4,4,4,2129,7.6638772587034705,0,2,4,1,9,1,1,709.0
3,2,1,0.6931471805599453,0,1,1,1,1,5,1.791759469228055,0,2,0,5,5,955,6.862757913051401,0,1,0,3,5,1,3,477.0
1,0,3,1.3862943611198906,0,0,3,3,3,4,1.6094379124341003,1,1,4,4,4,2404,7.785305182539862,1,1,4,3,4,1,1,1031.0
1,3,2,1.0986122886681098,1,2,2,2,2,7,2.0794415416798357,0,1,2,0,7,741,6.60934924316738,0,0,1,6,1,1,0,329.0
2,2,3,1.3862943611198906,0,0,3,3,3,8,2.1972245773362196,1,2,3,1,8,4671,8.449342524508063,0,0,1,2,1,1,1,2124.0
0,4,1,0.6931471805599453,0,1,1,1,1,6,1.9459101490553132,1,0,1,6,6,1871,7.534762657037537,0,2,1,2,1,1,2,802.0
4,3,2,1.0986122886681098,1,2,2,2,2,5,1.791759469228055,0,2,0,5,5,2208,7.700295203420117,1,0,3,3,8,1,1,946.0
1,2,3,1.3862943611198906,0,0,3,3,3,6,1.9459101490553132,1,0,1,6,6,1426,7.2633296174768365,1,1,1,5,6,1,1,476.0
4,0,3,1.3862943611198906,0,0,3,3,3,5,1.791759469228055,0,2,0,5,5,3791,8.240648863374913,0,2,1,4,1,1,0,1421.0
2,0,2,1.0986122886681098,1,2,2,2,2,7,2.0794415416798357,0,1,2,0,7,3537,8.17131687471973,0,0,2,2,7,1,0,1572.0
2,2,2,1.0986122886681098,1,2,2,2,2,7,2.0794415416798357,0,1,2,0,7,4775,8.471358655072438,0,2,0,1,5,1,0,2123.0
2,0,1,0.6931471805599453,0,1,1,1,1,5,1.791759469228055,0,2,0,5,5,4573,8.428143374582726,0,1,3,2,3,1,2,2286.0
1,4,3,1.3862943611198906,0,0,3,3,3,6,1.9459101490553132,1,0,1,6,6,2149,7.673223121121708,0,1,4,0,9,1,1,716.0
1,1,3,1.3862943611198906,0,0,3,3,3,7,2.0794415416798357,0,1,2,0,7,3154,8.056743774975313,1,1,4,4,4,1,0,1262.0
1,3,2,1.0986122886681098,1,2,2,2,2,4,1.6094379124341003,1,1,4,4,4,3291,8.09925056179696,0,0,1,1,1,1,1,1097.0
1,0,1,0.6931471805599453,0,1,1,1,1,7,2.0794415416798357,0,1,2,0,7,4751,8.466320861042481,0,2,1,5,1,1,2,2375.0
3,4,1,0.6931471805599453,0,1,1,1,1,6,1.9459101490553132,1,0,1,6,6,1732,7.457609289715606,1,1,2,3,2,1,2,742.0
2,0,2,1.0986122886681098,1,2,2,2,2,7,2.0794415416798357,0,1,2,0,7,2918,7.978996370854115,1,2,3,6,8,1,1,1297.0
1,3,1,0.6931471805599453,0,1,1,1,1,2,1.0986122886681098,1,2,2,2,2,2606,7.865955413933502,1,2,1,2,6,1,3,868.0
4,1,2,1.0986122886681098,1,2,2,2,2,3,1.3862943611198906,0,0,3,3,3,2646,7.881182202227102,1,0,1,0,6,1,2,1059.0
0,2,1,0.6931471805599453,0,1,1,1,1,2,1.0986122886681098,1,2,2,2,2,3946,8.280711075662847,1,1,1,5,6,1,3,1315.0
4,1,1,0.6931471805599453,0,1,1,1,1,3,1.3862943611198906,0,0,3,3,3,1969,7.585788821732034,0,1,4,2,9,1,2,984.0
0,3,3,1.3862943611198906,0,0,3,3,3,9,2.302585092994046,0,0,4,2,9,4444,8.399535147948004,1,1,4,6,4,1,1,2222.0
4,0,1,0.6931471805599453,0,1,1,1,1,2,1.0986122886681098,1,2,2,2,2,1817,7.505492274737424,0,2,2,4,7,1,2,605.0
3,1,2,1.0986122886681098,1,2,2,2,2,4,1.6094379124341003,1,1,4,4,4,3903,8.269756947532983,0,0,3,4,3,1,1,1301.0
3,3,3,1.3862943611198906,0,0,3,3,3,4,1.6094379124341003,1,1,4,4,4,1164,7.060476365999801,1,0,4,2,4,1,2,500.0
4,3,3,1.3862943611198906,0,0,3,3,3,6,1.9459101490553132,1,0,1,6,6,932,6.838405200847344,1,2,2,1,2,1,1,311.0
3,4,3,1.3862943611198906,0,0,3,3,3,9,2.302585092994046,0,0,4,2,9,3245,8.085178748074537,0,2,0,4,5,1,1,1622.0
4,3,2,1.0986122886681098,1,2,2,2,2,8,2.1972245773362196,1,2,3,1,8,339,5.8289456176102075,0,0,4,3,9,1,1,135.0
2,4,3,1.3862943611198906,0,0,3,3,3,4,1.6094379124341003,1,1,4,4,4,3745,8.228443883004033,0,1,0,0,5,1,0,1605.0
4,4,3,1.3862943611198906,0,0,3,3,3,9,2.302585092994046,0,0,4,2,9,2832,7.949091499830517,1,0,2,4,2,3,2,1416.0
3,2,3,1.3862943611198906,0,0,3,3,3,9,2.302585092994046,0,0,4,2,9,4968,8.51097389160232,1,0,3,5,8,3,3,2484.0
3,1,1,0.6931471805599453,0,1,1,1,1,5,1.791759469228055,0,2,0,5,5,1783,7.486613313139955,0,1,3,5,3,1,2,891.0
0,0,3,1.3862943611198906,0,0,3,3,3,5,1.791759469228055,0,2,0,5,5,3721,8.222016437202196,0,1,1,4,1,1,0,1396.0
4,0,1,0.6931471805599453,0,1,1,1,1,6,1.9459101490553132,1,0,1,6,6,1031,6.939253946041508,0,2,1,2,1,1,2,442.0
3,3,3,1.3862943611198906,0,0,3,3,3,7,2.0794415416798357,0,1,2,0,7,4301,8.366835309827675,0,2,1,3,1,1,0,1721.0
2,3,2,1.0986122886681098,1,2,2,2,2,4,1.6094379124341003,1,1,4,4,4,1348,7.207118856207756,1,1,3,4,8,2,3,449.0
3,2,2,1.0986122886681098,1,2,2,2,2,8,2.1972245773362196,1,2,3,1,8,2548,7.8434564043761155,1,1,3,0,8,2,2,1019.0
1,4,3,1.3862943611198906,0,0,3,3,3,4,1.6094379124341003,1,1,4,4,4,864,6.762729506931879,1,0,4,3,4,1,2,371.0
0,4,1,0.6931471805599453,0,1,1,1,1,7,2.0794415416798357,0,1,2,0,7,249,5.521460917862246,0,0,4,4,9,1,2,124.0
0,1,2,1.0986122886681098,1,2,2,2,2,6,1.9459101490553132,1,0,1,6,6,1356,7.213031659834869,1,0,1,5,6,2,3,678.0
4,0,1,0.6931471805599453,0,1,1,1,1,5,1.791759469228055,0,2,0,5,5,3460,8.149312843635345,1,1,0,2,0,1,3,1730.0
3,0,1,0.6931471805599453,0,1,1,1,1,4,1.6094379124341003,1,1,4,4,4,1673,7.422971251049421,0,2,3,0,3,1,2,669.0
4,2,1,0.6931471805599453,0,1,1,1,1,2,1.0986122886681098,1,2,2,2,2,1199,7.090076835776092,0,2,4,2,9,1,2,399.0
2,1,1,0.6931471805599453,0,1,1,1,1,6,1.9459101490553132,1,0,1,6,6,2746,7.918264686095274,1,1,1,2,6,1,2,1177.0
1,2,3,1.3862943611198906,0,0,3,3,3,8,2.1972245773362196,1,2,3,1,8,308,5.733341276897746,1,2,3,0,8,1,0,140.0
3,4,1,0.6931471805599453,0,1,1,1,1,7,2.0794415416798357,0,1,2,0,7,3328,8.110427237575024,1,1,3,3,8,1,2,1664.0
4,0,3,1.3862943611198906,0,0,3,3,3,6,1.9459101490553132,1,0,1,6,6,4958,8.508959386489133,1,2,3,2,8,1,1,1652.0
1,2,3,1.3862943611198906,0,0,3,3,3,4,1.6094379124341003,1,1,4,4,4,4792,8.474911799159631,1,1,2,4,2,1,1,2054.0
0,1,3,1.3862943611198906,0,0,3,3,3,7,2.0794415416798357,0,1,2,0,7,2734,7.913886714856082,1,1,4,4,4,1,0,1094.0
2,1,1,0.6931471805599453,0,1,1,1,1,4,1.6094379124341003,1,1,4,4,4,2513,7.829630389150193,0,2,3,0,3,1,2,1005.0
3,4,3,1.3862943611198906,0,0,3,3,3,7,2.0794415416798357,0,1,2,0,7,437,6.082218910376446,0,2,2,3,7,1,0,175.0
0,3,1,0.6931471805599453,0,1,1,1,1,5,1.791759469228055,0,2,0,5,5,3618,8.193953023563742,1,0,3,6,8,1,2,1809.0
3,3,3,1.3862943611198906,0,0,3,3,3,5,1.791759469228055,0,2,0,5,5,1792,7.491645473605133,1,1,2,0,2,1,0,672.0
0,2,1,0.6931471805599453,0,1,1,1,1,4,1.6094379124341003,1,1,4,4,4,365,5.902633333401366,0,2,0,1,5,1,2,146.0
4,1,3,1.3862943611198906,0,0,3,3,3,5,1.791759469228055,0,2,0,5,5,3270,8.092851027538384,1,0,0,1,0,1,2,1226.0
1,0,1,0.6931471805599453,0,1,1,1,1,4,1.6094379124341003,1,1,4,4,4,298,5.700443573390687,1,1,3,4,8,1,2,119.0
2,1,2,1.0986122886681098,1,2,2,2,2,4,1.6094379124341003,1,1,4,4,4,1693,7.434847875211999,0,1,3,6,3,1,1,565.0
1,2,1,0.6931471805599453,0,1,1,1,1,3,1.3862943611198906,0,0,3,3,3,1919,7.560080465021827,0,2,4,1,9,1,2,959.0
1,2,1,0.6931471805599453,0,1,1,1,1,5,1.791759469228055,0,2,0,5,5,4021,8.299534570332597,0,1,1,3,1,1,2,2010.0
0,3,3,1.3862943611198906,0,0,3,3,3,7,2.0794415416798357,0,1,2,0,7,1178,7.072421900537371,1,2,3,2,8,1,0,471.0
3,4,2,1.0986122886681098,1,2,2,2,2,3,1.3862943611198906,0,0,3,3,3,1789,7.489970898834801,0,1,4,4,9,1,0,715.0
4,1,3,1.3862943611198906,0,0,3,3,3,8,2.1972245773362196,1,2,3,1,8,4587,8.431199478249262,0,0,2,2,7,1,1,2085.0
3,3,3,1.3862943611198906,0,0,3,3,3,5,1.791759469228055,0,2,0,5,5,4730,8.461891875631148,1,2,0,5,0,1,1,1775.0
1,2,1,0.6931471805599453,0,1,1,1,1,5,1.791759469228055,0,2,0,5,5,2226,7.708410667257367,1,0,1,0,6,1,2,1113.0
4,1,1,0.6931471805599453,0,1,1,1,1,2,1.0986122886681098,1,2,2,2,2,1569,7.358830898342354,0,0,4,1,9,1,2,523.0
4,3,2,1.0986122886681098,1,2,2,2,2,3,1.3862943611198906,0,0,3,3,3,1944,7.573017256052546,1,0,4,5,4,1,2,777.0
3,4,1,0.6931471805599453,0,1,1,1,1,6,1.9459101490553132,1,0,1,6,6,2583,7.857093864902493,0,0,3,0,3,1,2,1107.0
0,2,3,1.3862943611198906,0,0,3,3,3,5,1.791759469228055,0,2,0,5,5,1521,7.3277805384216315,0,0,1,2,1,1,1,571.0
0,2,1,0.6931471805599453,0,1,1,1,1,7,2.0794415416798357,0,1,2,0,7,4747,8.465478755729558,0,1,2,1,7,1,2,2373.0
1,4,1,0.6931471805599453,0,1,1,1,1,5,1.791759469228055,0,2,0,5,5,360,5.8888779583328805,1,0,0,3,0,1,3,180.0
3,2,1,0.6931471805599453,0,1,1,1,1,2,1.0986122886681098,1,2,2,2,2,4399,8.389359819906353,0,1,4,3,9,1,2,1466.0
3,3,1,0.6931471805599453,0,1,1,1,1,6,1.9459101490553132,1,0,1,6,6,1598,7.377133712833954,1,2,3,2,8,1,2,685.0
1,0,3,1.3862943611198906,0,0,3,3,3,9,2.302585092994046,0,0,4,2,9,3981,8.289539484624141,0,0,1,5,1,3,2,1991.0
2,2,2,1.0986122886681098,1,2,2,2,2,6,1.9459101490553132,1,0,1,6,6,3262,8.09040229659332,1,1,2,0,2,2,2,1631.0
4,3,2,1.0986122886681098,1,2,2,2,2,6,1.9459101490553132,1,0,1,6,6,372,5.921578419643816,1,0,2,1,2,2,3,186.0
3,2,1,0.6931471805599453,0,1,1,1,1,6,1.9459101490553132,1,0,1,6,6,2233,7.711548979629146,0,1,3,0,3,1,2,957.0
1,3,1,0.6931471805599453,0,1,1,1,1,6,1.9459101490553132,1,0,1,6,6,4394,8.388222810119277,1,2,4,5,4,1,2,1883.0
1,1,3,1.3862943611198906,0,0,3,3,3,5,1.791759469228055,0,2,0,5,5,4703,8.456168489578463,0,2,3,6,3,1,0,1763.0
4,0,1,0.6931471805599453,0,1,1,1,1,7,2.0794415416798357,0,1,2,0,7,387,5.961005339623274,0,0,2,2,7,1,2,193.0
0,3,3,1.3862943611198906,0,0,3,3,3,6,1.9459101490553132,1,0,1,6,6,989,6.897704943128636,0,2,4,2,9,1,1,329.0
0,4,3,1.3862943611198906,0,0,3,3,3,8,2.1972245773362196,1,2,3,1,8,226,5.424950017481403,1,1,1,2,6,1,0,103.0
0,0,1,0.6931471805599453,0,1,1,1,1,2,1.0986122886681098,1,2,2,2,2,1186,7.079184394609668,1,1,1,3,6,1,3,395.0
0,2,1,0.6931471805599453,0,1,1,1,1,2,1.0986122886681098,1,2,2,2,2,2824,7.946263643580541,1,1,4,3,4,1,3,941.0
0,1,2,1.0986122886681098,1,2,2,2,2,3,1.3862943611198906,0,0,3,3,3,3537,8.17131687471973,0,0,2,2,7,1,1,1415.0
2,2,2,1.0986122886681098,1,2,2,2,2,7,2.0794415416798357,0,1,2,0,7,962,6.870053411798126,1,2,2,3,2,1,1,427.0
4,4,2,1.0986122886681098,1,2,2,2,2,6,1.9459101490553132,1,0,1,6,6,3200,8.071218539969863,1,2,0,1,0,2,2,1600.0
1,2,2,1.0986122886681098,1,2,2,2,2,7,2.0794415416798357,0,1,2,0,7,142,4.962844630259907,1,1,2,2,2,1,1,63.0
0,2,2,1.0986122886681098,1,2,2,2,2,6,1.9459101490553132,1,0,1,6,6,154,5.043425116919247,1,1,4,0,4,2,2,77.0
0,1,1,0.6931471805599453,0,1,1,1,1,3,1.3862943611198906,0,0,3,3,3,437,6.082218910376446,0,2,2,3,7,1,2,218.0
4,4,1,0.6931471805599453,0,1,1,1,1,3,1.3862943611198906,0,0,3,3,3,3921,8.274357006756292,0,0,1,1,1,1,3,1960.0
3,3,2,1.0986122886681098,1,2,2,2,2,8,2.1972245773362196,1,2,3,1,8,4637,8.442038517815478,0,2,2,3,7,1,1,1855.0
0,4,3,1.3862943611198906,0,0,3,3,3,6,1.9459101490553132,1,0,1,6,6,3415,8.13622555490846,0,1,0,6,5,1,1,1139.0
0,1,1,0.6931471805599453,0,1,1,1,1,4,1.6094379124341003,1,1,4,4,4,3282,8.096512917501594,1,0,2,6,2,1,2,1313.0
4,3,3,1.3862943611198906,0,0,3,3,3,6,1.9459101490553132,1,0,1,6,6,675,6.516193076042964,0,0,0,3,5,3,2,225.0
4,3,2,1.0986122886681098,1,2,2,2,2,7,2.0794415416798357,0,1,2,0,7,235,5.4638318050256105,0,1,0,4,5,1,0,105.0
1,1,3,1.3862943611198906,0,0,3,3,3,6,1.9459101490553132,1,0,1,6,6,2418,7.791109510610028,1,0,3,3,8,3,3,806.0
3,1,2,1.0986122886681098,1,2,2,2,2,8,2.1972245773362196,1,2,3,1,8,1591,7.3727463664043285,0,1,1,2,1,1,1,637.0
2,0,3,1.3862943611198906,0,0,3,3,3,6,1.9459101490553132,1,0,1,6,6,4525,8.417593826193484,0,1,0,3,5,1,1,1508.0
0,2,3,1.3862943611198906,0,0,3,3,3,5,1.791759469228055,0,2,0,5,5,2857,7.957877358489813,0,1,2,1,7,1,0,1072.0
0,1,1,0.6931471805599453,0,1,1,1,1,6,1.9459101490553132,1,0,1,6,6,744,6.61338421837956,1,0,4,2,4,1,3,319.0
3,0,1,0.6931471805599453,0,1,1,1,1,7,2.0794415416798357,0,1,2,0,7,4983,8.51398806046729,0,0,3,6,3,1,2,2491.0
1,3,3,1.3862943611198906,0,0,3,3,3,5,1.791759469228055,0,2,0,5,5,2035,7.618742377670413,0,1,0,5,5,1,1,764.0
1,1,3,1.3862943611198906,0,0,3,3,3,9,2.302585092994046,0,0,4,2,9,1640,7.403061091090091,1,2,0,2,0,1,1,821.0
1,0,2,1.0986122886681098,1,2,2,2,2,8,2.1972245773362196,1,2,3,1,8,4604,8.434897948689407,1,2,4,5,4,2,2,1842.0
3,1,3,1.3862943611198906,0,0,3,3,3,9,2.302585092994046,0,0,4,2,9,678,6.520621127558696,1,0,3,6,8,3,2,339.0
4,2,3,1.3862943611198906,0,0,3,3,3,5,1.791759469228055,0,2,0,5,5,4797,8.47595444339964,0,0,2,2,7,1,1,1799.0
4,2,1,0.6931471805599453,0,1,1,1,1,2,1.0986122886681098,1,2,2,2,2,4407,8.391176350832751,0,0,2,4,7,1,2,1469.0
2,0,3,1.3862943611198906,0,0,3,3,3,8,2.1972245773362196,1,2,3,1,8,318,5.765191102784844,1,0,3,3,8,1,1,144.0
3,4,3,1.3862943611198906,0,0,3,3,3,7,2.0794415416798357,0,1,2,0,7,3659,8.205218426395412,0,2,4,5,9,1,0,1463.0
3,2,2,1.0986122886681098,1,2,2,2,2,6,1.9459101490553132,1,0,1,6,6,3191,8.068402958569699,0,2,1,6,1,1,1,1595.0
1,2,2,1.0986122886681098,1,2,2,2,2,6,1.9459101490553132,1,0,1,6,6,3946,8.280711075662847,1,1,1,5,6,2,2,1973.0
0,4,2,1.0986122886681098,1,2,2,2,2,7,2.0794415416798357,0,1,2,0,7,2031,7.616775808698373,0,0,1,1,1,1,0,903.0
4,2,1,0.6931471805599453,0,1,1,1,1,3,1.3862943611198906,0,0,3,3,3,1425,7.262628600974241,0,0,0,4,5,1,3,712.0
3,1,2,1.0986122886681098,1,2,2,2,2,6,1.9459101490553132,1,0,1,6,6,5000,8.517393171418904,1,2,0,2,0,2,2,2500.0
3,3,2,1.0986122886681098,1,2,2,2,2,7,2.0794415416798357,0,1,2,0,7,2406,7.786136437783072,1,0,1,5,6,1,1,1069.0
2,4,2,1.0986122886681098,1,2,2,2,2,8,2.1972245773362196,1,2,3,1,8,3729,8.224163512637862,0,0,4,5,9,1,1,1491.0
0,0,2,1.0986122886681098,1,2,2,2,2,8,2.1972245773362196,1,2,3,1,8,428,6.061456918928017,1,2,3,1,8,2,2,171.0
0,2,2,1.0986122886681098,1,2,2,2,2,8,2.1972245773362196,1,2,3,1,8,3727,8.223627175805483,0,1,2,3,7,1,1,1491.0
4,0,3,1.3862943611198906,0,0,3,3,3,4,1.6094379124341003,1,1,4,4,4,564,6.336825731146441,1,0,4,4,4,1,2,242.0
0,3,3,1.3862943611198906,0,0,3,3,3,7,2.0794415416798357,0,1,2,0,7,1342,7.202661196523238,1,1,2,5,2,1,0,538.0
2,0,3,1.3862943611198906,0,0,3,3,3,5,1.791759469228055,0,2,0,5,5,3902,8.269500767180615,1,2,2,3,2,1,0,1463.0
3,1,3,1.3862943611198906,0,0,3,3,3,6,1.9459101490553132,1,0,1,6,6,1427,7.2640301428995295,0,2,2,6,7,1,1,476.0
0,3,2,1.0986122886681098,1,2,2,2,2,7,2.0794415416798357,0,1,2,0,7,165,5.111987788356544,0,0,0,4,5,1,0,73.0
3,1,1,0.6931471805599453,0,1,1,1,1,3,1.3862943611198906,0,0,3,3,3,2727,7.911324018963353,0,0,2,4,7,1,3,1363.0
0,4,2,1.0986122886681098,1,2,2,2,2,3,1.3862943611198906,0,0,3,3,3,1913,7.5569505720129,0,2,3,2,3,1,0,765.0
2,1,2,1.0986122886681098,1,2,2,2,2,7,2.0794415416798357,0,1,2,0,7,3924,8.275121630216509,1,0,4,4,4,1,1,1744.0
0,2,3,1.3862943611198906,0,0,3,3,3,7,2.0794415416798357,0,1,2,0,7,481,6.1779441140506,0,1,1,5,1,1,0,193.0
2,2,1,0.6931471805599453,0,1,1,1,1,6,1.9459101490553132,1,0,1,6,6,1948,7.575071699507561,1,1,3,2,8,1,2,835.0
3,1,2,1.0986122886681098,1,2,2,2,2,3,1.3862943611198906,0,0,3,3,3,2461,7.808729306744399,0,1,1,4,1,1,0,985.0
3,1,2,1.0986122886681098,1,2,2,2,2,7,2.0794415416798357,0,1,2,0,7,4922,8.5016733797582,1,2,2,1,2,1,1,2187.0
1,3,1,0.6931471805599453,0,1,1,1,1,4,1.6094379124341003,1,1,4,4,4,3064,8.027802848370312,1,1,4,5,4,1,3,1225.0
3,2,2,1.0986122886681098,1,2,2,2,2,8,2.1972245773362196,1,2,3,1,8,1258,7.138073034044347,1,1,3,5,8,2,2,503.0
0,0,1,0.6931471805599453,0,1,1,1,1,6,1.9459101490553132,1,0,1,6,6,1829,7.512071245835466,0,2,4,2,9,1,2,784.0
0,2,1,0.6931471805599453,0,1,1,1,1,7,2.0794415416798357,0,1,2,0,7,3325,8.109525659752872,0,1,0,0,5,1,3,1662.0
2,3,3,1.3862943611198906,0,0,3,3,3,8,2.1972245773362196,1,2,3,1,8,122,4.812184355372417,1,2,2,3,2,1,0,56.0
4,0,1,0.6931471805599453,0,1,1,1,1,3,1.3862943611198906,0,0,3,3,3,4094,8.31752199628717,1,2,4,6,4,1,2,2047.0
2,1,2,1.0986122886681098,1,2,2,2,2,7,2.0794415416798357,0,1,2,0,7,3857,8.257904193465674,0,2,2,0,7,1,1,1715.0
4,1,2,1.0986122886681098,1,2,2,2,2,8,2.1972245773362196,1,2,3,1,8,4322,8.371704884667631,1,2,2,3,2,2,2,1729.0
2,0,2,1.0986122886681098,1,2,2,2,2,6,1.9459101490553132,1,0,1,6,6,1127,7.028201432058005,0,2,2,0,7,1,1,563.0
1,0,1,0.6931471805599453,0,1,1,1,1,5,1.791759469228055,0,2,0,5,5,3964,8.285261134068948,1,1,4,2,4,1,2,1982.0
2,3,1,0.6931471805599453,0,1,1,1,1,7,2.0794415416798357,0,1,2,0,7,2161,7.6787889981991535,0,1,1,5,1,1,2,1080.0
2,3,1,0.6931471805599453,0,1,1,1,1,5,1.791759469228055,0,2,0,5,5,4553,8.423761246623686,0,2,3,3,3,1,2,2276.0
1,3,2,1.0986122886681098,1,2,2,2,2,5,1.791759469228055,0,2,0,5,5,1578,7.364547014255642,1,0,3,3,8,1,1,676.0
1,0,2,1.0986122886681098,1,2,2,2,2,4,1.6094379124341003,1,1,4,4,4,1344,7.20414929203594,1,0,4,0,4,2,3,448.0
1,0,1,0.6931471805599453,0,1,1,1,1,3,1.3862943611198906,0,0,3,3,3,781,6.661854740545311,0,1,1,4,1,1,2,390.0
1,0,1,0.6931471805599453,0,1,1,1,1,6,1.9459101490553132,1,0,1,6,6,4929,8.503094267036737,0,0,4,1,9,1,2,2112.0
3,2,3,1.3862943611198906,0,0,3,3,3,4,1.6094379124341003,1,1,4,4,4,3314,8.106212902619962,1,2,4,3,4,1,0,1421.0
2,2,3,1.3862943611198906,0,0,3,3,3,9,2.302585092994046,0,0,4,2,9,170,5.14166355650266,1,2,0,2,0,1,1,86.0
2,2,1,0.6931471805599453,0,1,1,1,1,7,2.0794415416798357,0,1,2,0,7,3392,8.129469764784231,1,2,2,4,2,1,2,1696.0
2,0,1,0.6931471805599453,0,1,1,1,1,3,1.3862943611198906,0,0,3,3,3,3827,8.250097752572845,0,2,2,5,7,1,2,1913.0
0,2,1,0.6931471805599453,0,1,1,1,1,4,1.6094379124341003,1,1,4,4,4,1507,7.318539548567902,0,1,2,2,7,1,2,603.0
0,4,3,1.3862943611198906,0,0,3,3,3,5,1.791759469228055,0,2,0,5,5,1624,7.393263094763838,1,1,4,0,4,1,0,609.0
0,0,3,1.3862943611198906,0,0,3,3,3,6,1.9459101490553132,1,0,1,6,6,3147,8.054522609537294,0,0,2,4,7,3,2,1049.0
4,0,1,0.6931471805599453,0,1,1,1,1,3,1.3862943611198906,0,0,3,3,3,788,6.670766320845874,1,2,3,4,8,1,2,394.0
1,0,3,1.3862943611198906,0,0,3,3,3,7,2.0794415416798357,0,1,2,0,7,1742,7.463363045520021,1,2,2,6,2,1,0,698.0
1,1,2,1.0986122886681098,1,2,2,2,2,7,2.0794415416798357,0,1,2,0,7,884,6.785587645007929,1,2,4,2,4,1,1,393.0
2,1,2,1.0986122886681098,1,2,2,2,2,4,1.6094379124341003,1,1,4,4,4,2662,7.887208585813932,1,1,2,2,2,2,2,887.0
0,4,2,1.0986122886681098,1,2,2,2,2,4,1.6094379124341003,1,1,4,4,4,2855,7.957177323459475,0,2,0,6,5,1,1,951.0
2,4,2,1.0986122886681098,1,2,2,2,2,5,1.791759469228055,0,2,0,5,5,2825,7.946617563244473,0,2,0,4,5,1,1,1211.0
2,1,2,1.0986122886681098,1,2,2,2,2,6,1.9459101490553132,1,0,1,6,6,3953,8.282483003730562,0,2,3,5,3,1,1,1977.0
4,3,1,0.6931471805599453,0,1,1,1,1,4,1.6094379124341003,1,1,4,4,4,996,6.904750769961838,1,0,1,2,6,1,3,398.0
2,0,3,1.3862943611198906,0,0,3,3,3,7,2.0794415416798357,0,1,2,0,7,414,6.028278520230698,1,0,4,1,4,1,1,166.0
4,2,3,1.3862943611198906,0,0,3,3,3,5,1.791759469228055,0,2,0,5,5,1674,7.423568444259167,1,0,4,1,4,1,1,629.0
4,3,3,1.3862943611198906,0,0,3,3,3,5,1.791759469228055,0,2,0,5,5,4179,8.338066525518801,0,0,4,0,9,1,1,1568.0
4,4,2,1.0986122886681098,1,2,2,2,2,4,1.6094379124341003,1,1,4,4,4,652,6.481577129276431,1,1,2,1,2,2,3,217.0
3,4,3,1.3862943611198906,0,0,3,3,3,9,2.302585092994046,0,0,4,2,9,4030,8.301769763117166,1,1,0,5,0,1,1,2015.0
3,0,2,1.0986122886681098,1,2,2,2,2,8,2.1972245773362196,1,2,3,1,8,4089,8.316300249036848,0,0,4,1,9,1,1,1635.0
1,3,2,1.0986122886681098,1,2,2,2,2,5,1.791759469228055,0,2,0,5,5,405,6.0063531596017325,0,0,0,6,5,1,1,173.0
4,2,1,0.6931471805599453,0,1,1,1,1,5,1.791759469228055,0,2,0,5,5,1333,7.195937226475569,0,1,3,3,3,1,2,666.0
3,1,1,0.6931471805599453,0,1,1,1,1,3,1.3862943611198906,0,0,3,3,3,372,5.921578419643816,1,0,2,1,2,1,3,186.0
4,2,2,1.0986122886681098,1,2,2,2,2,8,2.1972245773362196,1,2,3,1,8,1774,7.4815557019095165,1,1,4,3,4,2,2,710.0
4,1,3,1.3862943611198906,0,0,3,3,3,4,1.6094379124341003,1,1,4,4,4,1025,6.933423025730715,0,2,0,3,5,1,0,440.0
0,2,1,0.6931471805599453,0,1,1,1,1,3,1.3862943611198906,0,0,3,3,3,1455,7.283448228756631,0,0,0,6,5,1,3,727.0
1,1,2,1.0986122886681098,1,2,2,2,2,4,1.6094379124341003,1,1,4,4,4,200,5.303304908059076,1,2,0,4,0,2,3,67.0
1,1,1,0.6931471805599453,0,1,1,1,1,2,1.0986122886681098,1,2,2,2,2,2110,7.65491704784832,1,1,0,3,0,1,3,703.0
2,2,1,0.6931471805599453,0,1,1,1,1,5,1.791759469228055,0,2,0,5,5,2542,7.841099765422119,1,1,2,1,2,1,2,1271.0
4,2,2,1.0986122886681098,1,2,2,2,2,3,1.3862943611198906,0,0,3,3,3,1097,7.001245622069476,0,2,2,5,7,1,0,439.0
0,3,1,0.6931471805599453,0,1,1,1,1,3,1.3862943611198906,0,0,3,3,3,2029,7.615791072035833,0,1,4,6,9,1,2,1014.0
3,3,3,1.3862943611198906,0,0,3,3,3,7,2.0794415416798357,0,1,2,0,7,2748,7.918992488165245,1,0,3,4,8,1,1,1099.0
1,3,2,1.0986122886681098,1,2,2,2,2,4,1.6094379124341003,1,1,4,4,4,1712,7.44600149832412,1,2,2,4,2,2,3,571.0
1,0,3,1.3862943611198906,0,0,3,3,3,5,1.791759469228055,0,2,0,5,5,2736,7.914617709040679,1,0,1,6,6,1,1,1026.0
1,4,3,1.3862943611198906,0,0,3,3,3,6,1.9459101490553132,1,0,1,6,6,2221,7.706162970199576,0,1,1,2,1,1,1,740.0
4,0,2,1.0986122886681098,1,2,2,2,2,4,1.6094379124341003,1,1,4,4,4,1207,7.0967213784947605,0,1,2,3,7,1,1,403.0
0,0,1,0.6931471805599453,0,1,1,1,1,3,1.3862943611198906,0,0,3,3,3,3490,8.157943507105037,1,1,0,4,0,1,2,1745.0
4,2,2,1.0986122886681098,1,2,2,2,2,5,1.791759469228055,0,2,0,5,5,409,6.016157159698354,0,1,4,3,9,1,0,175.0
3,3,1,0.6931471805599453,0,1,1,1,1,3,1.3862943611198906,0,0,3,3,3,3291,8.09925056179696,0,0,1,1,1,1,3,1645.0
4,3,1,0.6931471805599453,0,1,1,1,1,5,1.791759469228055,0,2,0,5,5,4136,8.327726166461412,1,2,1,6,6,1,2,2068.0
0,4,2,1.0986122886681098,1,2,2,2,2,8,2.1972245773362196,1,2,3,1,8,3343,8.114922974204593,0,1,3,4,3,1,1,1337.0
0,2,3,1.3862943611198906,0,0,3,3,3,6,1.9459101490553132,1,0,1,6,6,3940,8.279189777195004,1,1,0,6,0,1,1,1313.0
0,3,1,0.6931471805599453,0,1,1,1,1,5,1.791759469228055,0,2,0,5,5,4857,8.488382109562117,0,0,2,6,7,1,2,2428.0
2,1,2,1.0986122886681098,1,2,2,2,2,5,1.791759469228055,0,2,0,5,5,4067,8.31090675716845,0,2,2,0,7,1,0,1743.0
3,1,2,1.0986122886681098,1,2,2,2,2,3,1.3862943611198906,0,0,3,3,3,357,5.8805329864007,0,0,2,0,7,1,1,143.0
4,3,2,1.0986122886681098,1,2,2,2,2,7,2.0794415416798357,0,1,2,0,7,3945,8.28045768658256,0,0,0,4,5,1,0,1753.0
4,1,1,0.6931471805599453,0,1,1,1,1,6,1.9459101490553132,1,0,1,6,6,109,4.700480365792417,0,1,4,4,9,1,2,47.0
3,3,2,1.0986122886681098,1,2,2,2,2,8,2.1972245773362196,1,2,3,1,8,3491,8.158229916959494,0,2,1,5,1,1,1,1397.0
2,1,1,0.6931471805599453,0,1,1,1,1,5,1.791759469228055,0,2,0,5,5,2822,7.945555428253489,1,2,2,1,2,1,2,1411.0
2,4,2,1.0986122886681098,1,2,2,2,2,5,1.791759469228055,0,2,0,5,5,4885,8.494129251817686,0,1,0,6,5,1,1,2093.0
2,3,3,1.3862943611198906,0,0,3,3,3,7,2.0794415416798357,0,1,2,0,7,1214,7.102499355774649,1,2,4,3,4,1,0,486.0
0,3,2,1.0986122886681098,1,2,2,2,2,8,2.1972245773362196,1,2,3,1,8,4196,8.34212526333359,1,2,1,3,6,2,2,1679.0
0,1,3,1.3862943611198906,0,0,3,3,3,7,2.0794415416798357,0,1,2,0,7,1504,7.316548177182976,1,1,4,6,4,1,0,602.0
3,2,3,1.3862943611198906,0,0,3,3,3,8,2.1972245773362196,1,2,3,1,8,2975,7.998335395952982,0,2,0,0,5,1,0,1352.0
4,1,3,1.3862943611198906,0,0,3,3,3,6,1.9459101490553132,1,0,1,6,6,4985,8.514389264083503,0,2,0,1,5,1,1,1661.0
1,0,3,1.3862943611198906,0,0,3,3,3,8,2.1972245773362196,1,2,3,1,8,1810,7.501634457883413,1,1,0,4,0,1,0,823.0
1,1,3,1.3862943611198906,0,0,3,3,3,9,2.302585092994046,0,0,4,2,9,4995,8.516392871245468,0,0,0,4,5,3,3,2498.0
1,0,2,1.0986122886681098,1,2,2,2,2,7,2.0794415416798357,0,1,2,0,7,2247,7.717796211013582,0,0,2,0,7,1,1,999.0
0,0,2,1.0986122886681098,1,2,2,2,2,6,1.9459101490553132,1,0,1,6,6,4169,8.335671314792847,0,2,4,4,9,1,1,2085.0
0,2,3,1.3862943611198906,0,0,3,3,3,9,2.302585092994046,0,0,4,2,9,2997,8.005700678662542,0,0,2,1,7,3,3,1499.0
4,4,1,0.6931471805599453,0,1,1,1,1,7,2.0794415416798357,0,1,2,0,7,2218,7.704811922932594,1,1,3,6,8,1,2,1109.0
1,3,2,1.0986122886681098,1,2,2,2,2,6,1.9459101490553132,1,0,1,6,6,4318,8.3707791729607,1,1,3,6,8,2,2,2159.0
2,3,2,1.0986122886681098,1,2,2,2,2,6,1.9459101490553132,1,0,1,6,6,3657,8.204671828950811,0,0,2,3,7,1,1,1829.0
3,1,3,1.3862943611198906,0,0,3,3,3,8,2.1972245773362196,1,2,3,1,8,2914,7.977625098784593,1,1,4,2,4,1,0,1324.0
4,1,2,1.0986122886681098,1,2,2,2,2,7,2.0794415416798357,0,1,2,0,7,2314,7.747164966520335,1,1,4,4,4,1,1,1029.0
1,4,3,1.3862943611198906,0,0,3,3,3,4,1.6094379124341003,1,1,4,4,4,1935,7.568379267836522,0,0,0,3,5,1,1,830.0
4,4,2,1.0986122886681098,1,2,2,2,2,5,1.791759469228055,0,2,0,5,5,1250,7.1316985104669115,1,2,0,4,0,1,2,536.0
4,4,3,1.3862943611198906,0,0,3,3,3,5,1.791759469228055,0,2,0,5,5,531,6.2766434893416445,0,0,1,6,1,1,1,200.0
1,3,3,1.3862943611198906,0,0,3,3,3,7,2.0794415416798357,0,1,2,0,7,175,5.170483995038151,0,1,0,0,5,1,1,70.0
4,4,3,1.3862943611198906,0,0,3,3,3,8,2.1972245773362196,1,2,3,1,8,2584,7.85748078694253,1,1,4,1,4,1,1,1174.0
0,2,3,1.3862943611198906,0,0,3,3,3,4,1.6094379124341003,1,1,4,4,4,3141,8.052614818815567,0,0,1,5,1,1,1,1346.0
3,4,3,1.3862943611198906,0,0,3,3,3,5,1.791759469228055,0,2,0,5,5,458,6.129050210060545,1,2,3,3,8,1,0,173.0
1,2,1,0.6931471805599453,0,1,1,1,1,4,1.6094379124341003,1,1,4,4,4,596,6.391917113392602,1,2,1,1,6,1,3,238.0
2,1,3,1.3862943611198906,0,0,3,3,3,4,1.6094379124341003,1,1,4,4,4,1244,7.126890808898808,1,2,4,5,4,1,1,533.0
3,2,2,1.0986122886681098,1,2,2,2,2,6,1.9459101490553132,1,0,1,6,6,4538,8.420462002456466,1,2,3,2,8,2,2,2269.0
4,4,1,0.6931471805599453,0,1,1,1,1,7,2.0794415416798357,0,1,2,0,7,654,6.484635235635252,1,0,4,3,4,1,2,327.0
0,2,1,0.6931471805599453,0,1,1,1,1,6,1.9459101490553132,1,0,1,6,6,189,5.247024072160486,0,0,4,0,9,1,2,81.0
1,3,1,0.6931471805599453,0,1,1,1,1,6,1.9459101490553132,1,0,1,6,6,3705,8.217708406845306,0,0,0,2,5,1,2,1588.0
1,0,2,1.0986122886681098,1,2,2,2,2,5,1.791759469228055,0,2,0,5,5,2156,7.676473646389156,1,2,1,0,6,1,1,924.0
2,0,1,0.6931471805599453,0,1,1,1,1,4,1.6094379124341003,1,1,4,4,4,1383,7.232733136177615,0,0,3,4,3,1,2,553.0
0,1,2,1.0986122886681098,1,2,2,2,2,4,1.6094379124341003,1,1,4,4,4,2174,7.684783943522785,1,2,4,4,4,2,2,725.0
3,0,2,1.0986122886681098,1,2,2,2,2,7,2.0794415416798357,0,1,2,0,7,921,6.826545223556594,0,0,1,4,1,1,0,409.0
3,0,1,0.6931471805599453,0,1,1,1,1,5,1.791759469228055,0,2,0,5,5,2817,7.943782692458625,0,0,2,3,7,1,2,1408.0
2,0,2,1.0986122886681098,1,2,2,2,2,6,1.9459101490553132,1,0,1,6,6,3330,8.11102783819368,1,0,0,5,0,2,3,1665.0
1,3,3,1.3862943611198906,0,0,3,3,3,4,1.6094379124341003,1,1,4,4,4,4645,8.443761913330354,0,1,0,4,5,1,0,1991.0
3,1,2,1.0986122886681098,1,2,2,2,2,4,1.6094379124341003,1,1,4,4,4,2112,7.655864017616056,1,0,2,5,2,2,3,704.0
0,0,3,1.3862943611198906,0,0,3,3,3,8,2.1972245773362196,1,2,3,1,8,2605,7.8655717576847906,0,1,0,1,5,1,0,1184.0
1,3,2,1.0986122886681098,1,2,2,2,2,4,1.6094379124341003,1,1,4,4,4,4969,8.511175119090675,0,1,4,6,9,1,1,1657.0
3,3,1,0.6931471805599453,0,1,1,1,1,5,1.791759469228055,0,2,0,5,5,2804,7.9391588179567965,1,2,4,4,4,1,2,1402.0
2,1,1,0.6931471805599453,0,1,1,1,1,5,1.791759469228055,0,2,0,5,5,373,5.924255797414532,0,1,3,2,3,1,2,186.0
2,4,1,0.6931471805599453,0,1,1,1,1,2,1.0986122886681098,1,2,2,2,2,1309,7.177782416195197,0,1,4,0,9,1,2,436.0
1,2,1,0.6931471805599453,0,1,1,1,1,7,2.0794415416798357,0,1,2,0,7,2555,7.846198815497425,0,2,0,0,5,1,3,1277.0
2,1,1,0.6931471805599453,0,1,1,1,1,3,1.3862943611198906,0,0,3,3,3,492,6.20050917404269,1,0,2,2,2,1,3,246.0
0,1,2,1.0986122886681098,1,2,2,2,2,5,1.791759469228055,0,2,0,5,5,1201,7.091742115095153,0,1,1,4,1,1,0,515.0
0,1,1,0.6931471805599453,0,1,1,1,1,3,1.3862943611198906,0,0,3,3,3,4154,8.332067707289548,1,2,4,3,4,1,2,2077.0
1,1,1,0.6931471805599453,0,1,1,1,1,4,1.6094379124341003,1,1,4,4,4,999,6.907755278982137,0,0,4,5,9,1,2,399.0
0,3,3,1.3862943611198906,0,0,3,3,3,5,1.791759469228055,0,2,0,5,5,4243,8.353261499733874,0,1,3,1,3,1,0,1592.0
2,1,3,1.3862943611198906,0,0,3,3,3,4,1.6094379124341003,1,1,4,4,4,3845,8.254788926148725,0,2,0,2,5,1,0,1649.0
0,0,1,0.6931471805599453,0,1,1,1,1,3,1.3862943611198906,0,0,3,3,3,4538,8.420462002456466,1,2,3,2,8,1,2,2269.0
0,2,2,1.0986122886681098,1,2,2,2,2,7,2.0794415416798357,0,1,2,0,7,4933,8.503905297089302,0,1,3,5,3,1,0,2193.0
0,2,3,1.3862943611198906,0,0,3,3,3,5,1.791759469228055,0,2,0,5,5,3039,8.019612794400267,0,0,4,1,9,1,1,1139.0
0,0,1,0.6931471805599453,0,1,1,1,1,3,1.3862943611198906,0,0,3,3,3,3210,8.074337694089515,1,0,0,4,0,1,3,1605.0
2,1,1,0.6931471805599453,0,1,1,1,1,2,1.0986122886681098,1,2,2,2,2,2246,7.717351272185329,1,2,1,6,6,1,3,748.0
2,1,2,1.0986122886681098,1,2,2,2,2,6,1.9459101490553132,1,0,1,6,6,2962,7.993957547573565,1,1,2,1,2,2,2,1481.0
1,0,3,1.3862943611198906,0,0,3,3,3,9,2.302585092994046,0,0,4,2,9,3871,8.261526448396468,0,1,1,0,1,1,1,1936.0
4,0,3,1.3862943611198906,0,0,3,3,3,7,2.0794415416798357,0,1,2,0,7,224,5.41610040220442,1,2,4,0,4,1,1,90.0
0,4,1,0.6931471805599453,0,1,1,1,1,3,1.3862943611198906,0,0,3,3,3,4182,8.338783971442199,1,0,2,3,2,1,3,2091.0
2,4,1,0.6931471805599453,0,1,1,1,1,7,2.0794415416798357,0,1,2,0,7,4363,8.381144346952961,0,1,3,2,3,1,2,2181.0
3,2,1,0.6931471805599453,0,1,1,1,1,2,1.0986122886681098,1,2,2,2,2,2827,7.947325027016463,0,1,2,6,7,1,2,942.0
0,3,3,1.3862943611198906,0,0,3,3,3,8,2.1972245773362196,1,2,3,1,8,3431,8.140898460607852,0,2,1,1,1,1,0,1559.0
0,1,2,1.0986122886681098,1,2,2,2,2,6,1.9459101490553132,1,0,1,6,6,211,5.356586274672012,0,1,1,1,1,1,1,105.0
2,4,1,0.6931471805599453,0,1,1,1,1,7,2.0794415416798357,0,1,2,0,7,3825,8.249575150000199,0,0,0,3,5,1,2,1912.0
0,3,1,0.6931471805599453,0,1,1,1,1,7,2.0794415416798357,0,1,2,0,7,269,5.598421958998375,0,2,4,3,9,1,2,134.0
2,2,2,1.0986122886681098,1,2,2,2,2,5,1.791759469228055,0,2,0,5,5,3489,8.157657015196472,0,0,4,3,9,1,0,1495.0
3,3,1,0.6931471805599453,0,1,1,1,1,6,1.9459101490553132,1,0,1,6,6,2350,7.762596048540069,1,1,0,5,0,1,2,1007.0
4,0,3,1.3862943611198906,0,0,3,3,3,5,1.791759469228055,0,2,0,5,5,3275,8.09437844497296,0,2,0,6,5,1,1,1229.0
2,4,3,1.3862943611198906,0,0,3,3,3,6,1.9459101490553132,1,0,1,6,6,4776,8.471568013389962,1,0,1,2,6,3,3,1592.0
0,1,3,1.3862943611198906,0,0,3,3,3,7,2.0794415416798357,0,1,2,0,7,393,5.976350909297934,0,0,3,1,3,1,1,158.0
3,4,2,1.0986122886681098,1,2,2,2,2,6,1.9459101490553132,1,0,1,6,6,1355,7.212294468500341,0,2,0,4,5,1,1,677.0
4,2,2,1.0986122886681098,1,2,2,2,2,8,2.1972245773362196,1,2,3,1,8,4350,8.37816098272068,1,0,0,3,0,2,2,1740.0
4,0,2,1.0986122886681098,1,2,2,2,2,8,2.1972245773362196,1,2,3,1,8,2094,7.647308832356238,1,0,4,1,4,2,2,838.0
3,4,1,0.6931471805599453,0,1,1,1,1,6,1.9459101490553132,1,0,1,6,6,3307,8.104099056143582,0,1,2,3,7,1,2,1417.0
4,2,2,1.0986122886681098,1,2,2,2,2,7,2.0794415416798357,0,1,2,0,7,127,4.852030263919617,0,1,2,1,7,1,0,57.0
2,2,2,1.0986122886681098,1,2,2,2,2,3,1.3862943611198906,0,0,3,3,3,1923,7.562161631225652,0,0,3,5,3,1,1,769.0
3,1,1,0.6931471805599453,0,1,1,1,1,7,2.0794415416798357,0,1,2,0,7,4616,8.43750042250699,1,2,1,3,6,1,2,2308.0
2,4,1,0.6931471805599453,0,1,1,1,1,2,1.0986122886681098,1,2,2,2,2,2123,7.66105638236183,0,2,3,2,3,1,2,707.0
3,1,3,1.3862943611198906,0,0,3,3,3,9,2.302585092994046,0,0,4,2,9,2982,8.000684784514748,1,0,2,0,2,3,2,1491.0
1,1,3,1.3862943611198906,0,0,3,3,3,6,1.9459101490553132,1,0,1,6,6,2572,7.8528278122817445,1,1,2,3,2,1,1,857.0
3,1,2,1.0986122886681098,1,2,2,2,2,7,2.0794415416798357,0,1,2,0,7,1063,6.96979066990159,0,1,3,6,3,1,0,473.0
2,1,2,1.0986122886681098,1,2,2,2,2,6,1.9459101490553132,1,0,1,6,6,2348,7.761744984658913,1,2,3,3,8,2,2,1174.0
2,2,2,1.0986122886681098,1,2,2,2,2,6,1.9459101490553132,1,0,1,6,6,2532,7.837159650001675,1,0,2,5,2,2,3,1266.0
3,4,1,0.6931471805599453,0,1,1,1,1,5,1.791759469228055,0,2,0,5,5,1901,7.550661243105336,0,2,1,4,1,1,2,950.0
4,0,1,0.6931471805599453,0,1,1,1,1,3,1.3862943611198906,0,0,3,3,3,879,6.779921907472252,0,0,4,4,9,1,3,439.0
1,1,1,0.6931471805599453,0,1,1,1,1,2,1.0986122886681098,1,2,2,2,2,1305,7.174724309836376,0,0,0,3,5,1,2,435.0
0,3,2,1.0986122886681098,1,2,2,2,2,7,2.0794415416798357,0,1,2,0,7,3300,8.101980731853192,1,0,0,3,0,1,1,1467.0
2,3,2,1.0986122886681098,1,2,2,2,2,3,1.3862943611198906,0,0,3,3,3,2885,7.9676267393338165,0,2,0,1,5,1,0,1154.0
4,1,2,1.0986122886681098,1,2,2,2,2,3,1.3862943611198906,0,0,3,3,3,2768,7.926241523170962,1,2,3,3,8,1,1,1107.0
4,4,1,0.6931471805599453,0,1,1,1,1,4,1.6094379124341003,1,1,4,4,4,2944,7.987864096085687,1,1,4,4,4,1,3,1177.0
4,1,3,1.3862943611198906,0,0,3,3,3,6,1.9459101490553132,1,0,1,6,6,2572,7.8528278122817445,1,1,2,3,2,1,1,857.0
0,4,1,0.6931471805599453,0,1,1,1,1,4,1.6094379124341003,1,1,4,4,4,2190,7.692113339595466,1,0,0,6,0,1,2,876.0
3,4,3,1.3862943611198906,0,0,3,3,3,4,1.6094379124341003,1,1,4,4,4,2910,7.976251943745623,1,0,0,5,0,1,1,1247.0
4,1,2,1.0986122886681098,1,2,2,2,2,3,1.3862943611198906,0,0,3,3,3,2667,7.889084407035514,0,0,2,0,7,1,1,1067.0
2,1,2,1.0986122886681098,1,2,2,2,2,5,1.791759469228055,0,2,0,5,5,4949,8.507142855562735,0,2,4,0,9,1,0,2121.0
3,4,2,1.0986122886681098,1,2,2,2,2,7,2.0794415416798357,0,1,2,0,7,1722,7.45182223652793,1,0,2,0,2,1,2,765.0
2,1,1,0.6931471805599453,0,1,1,1,1,7,2.0794415416798357,0,1,2,0,7,3737,8.226305988015508,0,2,2,6,7,1,2,1868.0
4,3,1,0.6931471805599453,0,1,1,1,1,6,1.9459101490553132,1,0,1,6,6,2539,7.8399193600125825,0,1,4,5,9,1,2,1088.0
3,0,1,0.6931471805599453,0,1,1,1,1,4,1.6094379124341003,1,1,4,4,4,4341,8.376090350438238,0,0,1,1,1,1,2,1736.0
4,4,3,1.3862943611198906,0,0,3,3,3,5,1.791759469228055,0,2,0,5,5,2164,7.68017564043659,1,1,4,1,4,1,0,812.0
0,1,1,0.6931471805599453,0,1,1,1,1,6,1.9459101490553132,1,0,1,6,6,4751,8.466320861042481,0,2,1,5,1,1,2,2036.0
1,4,1,0.6931471805599453,0,1,1,1,1,5,1.791759469228055,0,2,0,5,5,4528,8.418256443556213,1,1,3,6,8,1,2,2264.0
2,4,3,1.3862943611198906,0,0,3,3,3,9,2.302585092994046,0,0,4,2,9,3499,8.160518247477505,0,1,4,6,9,1,1,1750.0
2,3,1,0.6931471805599453,0,1,1,1,1,6,1.9459101490553132,1,0,1,6,6,4890,8.495152060539358,1,0,0,4,0,1,3,2096.0
3,1,1,0.6931471805599453,0,1,1,1,1,3,1.3862943611198906,0,0,3,3,3,2026,7.614312146452,1,1,1,3,6,1,2,1013.0
0,1,2,1.0986122886681098,1,2,2,2,2,7,2.0794415416798357,0,1,2,0,7,3524,8.16763571524637,1,2,4,3,4,1,1,1567.0
2,2,2,1.0986122886681098,1,2,2,2,2,5,1.791759469228055,0,2,0,5,5,3417,8.136810863675537,0,0,2,1,7,1,0,1465.0
0,0,1,0.6931471805599453,0,1,1,1,1,4,1.6094379124341003,1,1,4,4,4,2388,7.77863014732581,1,0,3,1,8,1,3,955.0
1,4,1,0.6931471805599453,0,1,1,1,1,6,1.9459101490553132,1,0,1,6,6,3990,8.291797105048733,1,0,0,0,0,1,3,1710.0
1,3,3,1.3862943611198906,0,0,3,3,3,5,1.791759469228055,0,2,0,5,5,2886,7.967973179662935,1,0,1,2,6,1,1,1082.0
2,2,3,1.3862943611198906,0,0,3,3,3,4,1.6094379124341003,1,1,4,4,4,155,5.049856007249537,0,2,0,1,5,1,0,67.0
3,2,3,1.3862943611198906,0,0,3,3,3,6,1.9459101490553132,1,0,1,6,6,602,6.401917196727186,1,2,2,0,2,1,1,200.0
0,1,1,0.6931471805599453,0,1,1,1,1,2,1.0986122886681098,1,2,2,2,2,4917,8.500657222776137,0,0,2,3,7,1,2,1639.0
1,2,1,0.6931471805599453,0,1,1,1,1,4,1.6094379124341003,1,1,4,4,4,4896,8.496378051702317,1,0,1,3,6,1,3,1958.0
3,0,2,1.0986122886681098,1,2,2,2,2,7,2.0794415416798357,0,1,2,0,7,4471,8.405591014834934,0,1,1,5,1,1,0,1987.0
1,2,1,0.6931471805599453,0,1,1,1,1,6,1.9459101490553132,1,0,1,6,6,2346,7.760893195851024,1,0,1,1,6,1,3,1005.0
2,0,1,0.6931471805599453,0,1,1,1,1,6,1.9459101490553132,1,0,1,6,6,4353,8.378850241794492,0,0,3,6,3,1,2,1865.0
3,1,1,0.6931471805599453,0,1,1,1,1,2,1.0986122886681098,1,2,2,2,2,1979,7.590852123688581,0,2,4,5,9,1,2,659.0
3,0,2,1.0986122886681098,1,2,2,2,2,3,1.3862943611198906,0,0,3,3,3,4302,8.3670677328386,1,0,2,4,2,1,2,1721.0
3,1,1,0.6931471805599453,0,1,1,1,1,3,1.3862943611198906,0,0,3,3,3,2271,7.7284157798410416,0,0,1,3,1,1,3,1135.0
2,2,3,1.3862943611198906,0,0,3,3,3,6,1.9459101490553132,1,0,1,6,6,3144,8.05356916913454,1,0,4,1,4,3,3,1049.0
1,3,2,1.0986122886681098,1,2,2,2,2,3,1.3862943611198906,0,0,3,3,3,1193,7.085064293952548,0,2,3,3,3,1,0,477.0
4,2,3,1.3862943611198906,0,0,3,3,3,8,2.1972245773362196,1,2,3,1,8,4486,8.408939605975984,1,1,1,6,6,1,0,2039.0
4,1,2,1.0986122886681098,1,2,2,2,2,3,1.3862943611198906,0,0,3,3,3,4264,8.35819745992578,1,1,4,1,4,1,1,1705.0
1,0,1,0.6931471805599453,0,1,1,1,1,2,1.0986122886681098,1,2,2,2,2,4763,8.46884293047519,0,2,3,3,3,1,2,1587.0
1,2,1,0.6931471805599453,0,1,1,1,1,6,1.9459101490553132,1,0,1,6,6,2352,7.763446388727362,1,0,2,0,2,1,3,1008.0
3,1,3,1.3862943611198906,0,0,3,3,3,7,2.0794415416798357,0,1,2,0,7,1650,7.409136443920128,1,0,0,5,0,1,1,660.0
3,0,3,1.3862943611198906,0,0,3,3,3,7,2.0794415416798357,0,1,2,0,7,4676,8.450412157725886,1,2,1,0,6,1,1,1871.0
0,0,3,1.3862943611198906,0,0,3,3,3,4,1.6094379124341003,1,1,4,4,4,3549,8.174702882469461,0,0,4,0,9,1,1,1521.0
4,1,1,0.6931471805599453,0,1,1,1,1,4,1.6094379124341003,1,1,4,4,4,2838,7.951207156472972,1,0,3,3,8,1,2,1135.0
0,3,2,1.0986122886681098,1,2,2,2,2,6,1.9459101490553132,1,0,1,6,6,2286,7.734996194022781,1,0,1,4,6,2,3,1143.0
1,4,2,1.0986122886681098,1,2,2,2,2,8,2.1972245773362196,1,2,3,1,8,1634,7.399398083331354,1,2,4,3,4,2,2,654.0
4,4,1,0.6931471805599453,0,1,1,1,1,3,1.3862943611198906,0,0,3,3,3,1344,7.20414929203594,1,0,4,0,4,1,3,672.0
3,4,3,1.3862943611198906,0,0,3,3,3,4,1.6094379124341003,1,1,4,4,4,754,6.626717749249025,1,1,4,5,4,1,0,323.0
2,0,3,1.3862943611198906,0,0,3,3,3,9,2.302585092994046,0,0,4,2,9,3176,8.063692634269517,1,2,1,5,6,1,1,1589.0
3,2,1,0.6931471805599453,0,1,1,1,1,7,2.0794415416798357,0,1,2,0,7,2810,7.941295570906532,1,2,0,3,0,1,2,1405.0
3,3,3,1.3862943611198906,0,0,3,3,3,4,1.6094379124341003,1,1,4,4,4,3758,8.231908243564177,1,2,3,6,8,1,0,1610.0
4,0,2,1.0986122886681098,1,2,2,2,2,7,2.0794415416798357,0,1,2,0,7,2898,7.972121128921655,1,0,3,0,8,1,2,1288.0
3,4,1,0.6931471805599453,0,1,1,1,1,4,1.6094379124341003,1,1,4,4,4,3788,8.239857411018601,1,2,3,1,8,1,3,1515.0
3,3,2,1.0986122886681098,1,2,2,2,2,6,1.9459101490553132,1,0,1,6,6,1273,7.149916836132109,0,1,3,6,3,1,1,637.0
1,0,3,1.3862943611198906,0,0,3,3,3,7,2.0794415416798357,0,1,2,0,7,2140,7.669028288589683,1,1,0,5,0,1,0,856.0
4,4,1,0.6931471805599453,0,1,1,1,1,6,1.9459101490553132,1,0,1,6,6,3168,8.06117135969092,1,0,3,4,8,1,3,1358.0
4,2,2,1.0986122886681098,1,2,2,2,2,3,1.3862943611198906,0,0,3,3,3,4467,8.404696160189092,0,0,2,1,7,1,1,1787.0
0,4,3,1.3862943611198906,0,0,3,3,3,6,1.9459101490553132,1,0,1,6,6,4122,8.3243363327069,1,0,2,6,2,3,3,1374.0
2,1,3,1.3862943611198906,0,0,3,3,3,5,1.791759469228055,0,2,0,5,5,2837,7.950854857719988,0,2,2,2,7,1,0,1064.0
3,1,1,0.6931471805599453,0,1,1,1,1,2,1.0986122886681098,1,2,2,2,2,2135,7.666690200080086,0,2,0,0,5,1,2,711.0
4,1,1,0.6931471805599453,0,1,1,1,1,5,1.791759469228055,0,2,0,5,5,225,5.420534999272286,0,0,0,1,5,1,3,112.0
3,4,1,0.6931471805599453,0,1,1,1,1,5,1.791759469228055,0,2,0,5,5,2853,7.956476798036782,0,0,3,4,3,1,2,1426.0
1,2,2,1.0986122886681098,1,2,2,2,2,7,2.0794415416798357,0,1,2,0,7,2982,8.000684784514748,1,0,2,0,2,1,2,1325.0
3,3,3,1.3862943611198906,0,0,3,3,3,9,2.302585092994046,0,0,4,2,9,1212,7.10085190894405,1,0,2,1,2,3,2,606.0
1,2,3,1.3862943611198906,0,0,3,3,3,5,1.791759469228055,0,2,0,5,5,1310,7.1785454837637,1,2,0,1,0,1,1,491.0
3,0,3,1.3862943611198906,0,0,3,3,3,7,2.0794415416798357,0,1,2,0,7,4694,8.454253391642363,1,2,4,4,4,1,0,1878.0
3,0,3,1.3862943611198906,0,0,3,3,3,5,1.791759469228055,0,2,0,5,5,979,6.887552571664617,0,1,4,6,9,1,0,368.0
4,0,1,0.6931471805599453,0,1,1,1,1,5,1.791759469228055,0,2,0,5,5,4884,8.493924564476883,1,0,4,5,4,1,2,2442.0
1,3,2,1.0986122886681098,1,2,2,2,2,8,2.1972245773362196,1,2,3,1,8,2749,7.919356190660617,0,1,4,5,9,1,1,1099.0
2,4,1,0.6931471805599453,0,1,1,1,1,2,1.0986122886681098,1,2,2,2,2,2710,7.905072849498666,1,1,0,1,0,1,3,903.0
3,3,3,1.3862943611198906,0,0,3,3,3,7,2.0794415416798357,0,1,2,0,7,1837,7.516433302915632,0,1,2,3,7,1,0,735.0
4,3,1,0.6931471805599453,0,1,1,1,1,4,1.6094379124341003,1,1,4,4,4,833,6.726233402358747,0,2,3,0,3,1,2,333.0
1,0,3,1.3862943611198906,0,0,3,3,3,8,2.1972245773362196,1,2,3,1,8,339,5.8289456176102075,0,0,4,3,9,1,1,154.0
0,3,2,1.0986122886681098,1,2,2,2,2,5,1.791759469228055,0,2,0,5,5,2324,7.751475318021456,1,2,4,0,4,1,1,996.0
0,4,3,1.3862943611198906,0,0,3,3,3,5,1.791759469228055,0,2,0,5,5,2664,7.887959336599945,1,0,4,4,4,1,1,999.0
4,4,2,1.0986122886681098,1,2,2,2,2,4,1.6094379124341003,1,1,4,4,4,3277,8.094988759303774,0,1,2,1,7,1,1,1093.0
4,1,1,0.6931471805599453,0,1,1,1,1,6,1.9459101490553132,1,0,1,6,6,4035,8.3030093814735,0,0,0,3,5,1,2,1729.0
3,0,1,0.6931471805599453,0,1,1,1,1,2,1.0986122886681098,1,2,2,2,2,4364,8.381373468273702,1,2,4,3,4,1,3,1454.0
4,0,2,1.0986122886681098,1,2,2,2,2,3,1.3862943611198906,0,0,3,3,3,973,6.881411303642535,0,1,3,0,3,1,0,389.0
4,4,1,0.6931471805599453,0,1,1,1,1,6,1.9459101490553132,1,0,1,6,6,362,5.8944028342648505,1,2,2,5,2,1,2,155.0
4,0,3,1.3862943611198906,0,0,3,3,3,5,1.791759469228055,0,2,0,5,5,3467,8.151333337900432,0,2,2,2,7,1,0,1301.0
0,3,2,1.0986122886681098,1,2,2,2,2,8,2.1972245773362196,1,2,3,1,8,3610,8.191740021277457,1,1,0,5,0,2,2,1444.0
1,2,1,0.6931471805599453,0,1,1,1,1,3,1.3862943611198906,0,0,3,3,3,4852,8.487352349405215,1,1,2,1,2,1,2,2426.0
2,0,3,1.3862943611198906,0,0,3,3,3,6,1.9459101490553132,1,0,1,6,6,1626,7.394493107219038,1,0,1,2,6,3,3,542.0
3,1,2,1.0986122886681098,1,2,2,2,2,5,1.791759469228055,0,2,0,5,5,362,5.8944028342648505,1,2,2,5,2,1,1,155.0
4,4,3,1.3862943611198906,0,0,3,3,3,8,2.1972245773362196,1,2,3,1,8,3720,8.221747728346623,1,0,0,3,0,1,2,1692.0
4,2,1,0.6931471805599453,0,1,1,1,1,7,2.0794415416798357,0,1,2,0,7,1248,7.130098510125578,1,0,3,2,8,1,2,624.0
4,4,1,0.6931471805599453,0,1,1,1,1,6,1.9459101490553132,1,0,1,6,6,760,6.634633357861686,1,1,0,4,0,1,2,326.0
3,2,1,0.6931471805599453,0,1,1,1,1,3,1.3862943611198906,0,0,3,3,3,3312,8.105609402299896,1,0,2,1,2,1,3,1656.0
0,0,2,1.0986122886681098,1,2,2,2,2,5,1.791759469228055,0,2,0,5,5,1973,7.587817219993427,0,2,3,6,3,1,0,845.0
4,4,2,1.0986122886681098,1,2,2,2,2,6,1.9459101490553132,1,0,1,6,6,3901,8.269244521183056,0,1,1,2,1,1,1,1951.0
2,4,3,1.3862943611198906,0,0,3,3,3,8,2.1972245773362196,1,2,3,1,8,1255,7.135687347028144,0,1,0,2,5,1,0,571.0
0,2,3,1.3862943611198906,0,0,3,3,3,6,1.9459101490553132,1,0,1,6,6,785,6.666956792429207,0,2,0,1,5,1,1,263.0
1,2,1,0.6931471805599453,0,1,1,1,1,3,1.3862943611198906,0,0,3,3,3,2547,7.843064016692054,0,0,2,6,7,1,3,1273.0
4,3,3,1.3862943611198906,0,0,3,3,3,6,1.9459101490553132,1,0,1,6,6,4712,8.45807992692373,1,2,2,1,2,1,1,1571.0
0,4,1,0.6931471805599453,0,1,1,1,1,7,2.0794415416798357,0,1,2,0,7,3713,8.219864741912652,0,2,3,3,3,1,2,1856.0
4,3,3,1.3862943611198906,0,0,3,3,3,6,1.9459101490553132,1,0,1,6,6,3640,8.200013648175434,1,1,0,0,0,1,1,1214.0
3,2,1,0.6931471805599453,0,1,1,1,1,2,1.0986122886681098,1,2,2,2,2,2426,7.794411205726601,1,2,1,4,6,1,3,808.0
0,2,1,0.6931471805599453,0,1,1,1,1,2,1.0986122886681098,1,2,2,2,2,2147,7.672292455628756,0,2,2,5,7,1,2,715.0
2,1,1,0.6931471805599453,0,1,1,1,1,6,1.9459101490553132,1,0,1,6,6,188,5.241747015059643,1,2,3,6,8,1,2,80.0
4,4,1,0.6931471805599453,0,1,1,1,1,3,1.3862943611198906,0,0,3,3,3,4635,8.441607204459642,0,0,0,1,5,1,3,2317.0
1,3,1,0.6931471805599453,0,1,1,1,1,7,2.0794415416798357,0,1,2,0,7,269,5.598421958998375,0,2,4,3,9,1,2,134.0
3,1,1,0.6931471805599453,0,1,1,1,1,5,1.791759469228055,0,2,0,5,5,541,6.295266001439646,0,1,1,2,1,1,2,270.0
1,0,2,1.0986122886681098,1,2,2,2,2,4,1.6094379124341003,1,1,4,4,4,1101,7.004881989712859,0,0,1,2,1,1,1,367.0
0,4,3,1.3862943611198906,0,0,3,3,3,4,1.6094379124341003,1,1,4,4,4,541,6.295266001439646,0,1,1,2,1,1,0,233.0
2,0,2,1.0986122886681098,1,2,2,2,2,8,2.1972245773362196,1,2,3,1,8,3004,8.008032846969307,1,1,4,1,4,2,2,1202.0
3,3,3,1.3862943611198906,0,0,3,3,3,4,1.6094379124341003,1,1,4,4,4,621,6.432940092739179,0,0,1,5,1,1,1,266.0
1,2,3,1.3862943611198906,0,0,3,3,3,8,2.1972245773362196,1,2,3,1,8,1991,7.596894438144544,0,2,1,3,1,1,0,905.0
2,3,1,0.6931471805599453,0,1,1,1,1,3,1.3862943611198906,0,0,3,3,3,4190,8.340694647925071,1,2,0,4,0,1,2,2095.0
1,2,1,0.6931471805599453,0,1,1,1,1,3,1.3862943611198906,0,0,3,3,3,669,6.507277712385012,0,0,4,4,9,1,3,334.0
4,3,1,0.6931471805599453,0,1,1,1,1,7,2.0794415416798357,0,1,2,0,7,4932,8.503702601233739,1,0,2,4,2,1,2,2466.0
3,1,1,0.6931471805599453,0,1,1,1,1,6,1.9459101490553132,1,0,1,6,6,4293,8.364973978438726,0,0,3,2,3,1,2,1840.0
1,2,1,0.6931471805599453,0,1,1,1,1,7,2.0794415416798357,0,1,2,0,7,2214,7.703007682479236,1,0,4,2,4,1,2,1107.0
2,1,1,0.6931471805599453,0,1,1,1,1,6,1.9459101490553132,1,0,1,6,6,3067,8.028781162487148,0,1,2,1,7,1,2,1314.0
3,4,1,0.6931471805599453,0,1,1,1,1,5,1.791759469228055,0,2,0,5,5,4017,8.29853954537488,0,0,2,6,7,1,2,2008.0
4,0,1,0.6931471805599453,0,1,1,1,1,5,1.791759469228055,0,2,0,5,5,3451,8.146709052203319,0,1,1,0,1,1,2,1725.0
2,1,2,1.0986122886681098,1,2,2,2,2,7,2.0794415416798357,0,1,2,0,7,4480,8.407601514786142,1,1,0,0,0,1,2,1991.0
3,4,2,1.0986122886681098,1,2,2,2,2,8,2.1972245773362196,1,2,3,1,8,656,6.48768401848461,1,2,1,5,6,2,3,263.0
2,0,1,0.6931471805599453,0,1,1,1,1,7,2.0794415416798357,0,1,2,0,7,2501,7.824845691026856,0,2,1,2,1,1,2,1250.0
1,1,2,1.0986122886681098,1,2,2,2,2,8,2.1972245773362196,1,2,3,1,8,4629,8.440312147080279,0,0,4,2,9,1,1,1851.0
1,2,3,1.3862943611198906,0,0,3,3,3,4,1.6094379124341003,1,1,4,4,4,3982,8.289790583181643,1,1,2,6,2,1,0,1706.0
1,0,2,1.0986122886681098,1,2,2,2,2,3,1.3862943611198906,0,0,3,3,3,128,4.859812404361672,1,2,3,2,8,1,1,51.0
4,1,2,1.0986122886681098,1,2,2,2,2,6,1.9459101490553132,1,0,1,6,6,3721,8.222016437202196,0,1,1,4,1,1,1,1861.0
0,0,3,1.3862943611198906,0,0,3,3,3,6,1.9459101490553132,1,0,1,6,6,1862,7.529943370601589,1,2,2,0,2,1,1,620.0
2,0,3,1.3862943611198906,0,0,3,3,3,9,2.302585092994046,0,0,4,2,9,4668,8.448700194970938,1,0,3,6,8,3,2,2334.0
0,0,2,1.0986122886681098,1,2,2,2,2,6,1.9459101490553132,1,0,1,6,6,2992,8.0040315078527,1,1,2,3,2,2,2,1496.0
1,3,3,1.3862943611198906,0,0,3,3,3,7,2.0794415416798357,0,1,2,0,7,3981,8.289539484624141,0,0,1,5,1,1,1,1593.0
2,1,3,1.3862943611198906,0,0,3,3,3,5,1.791759469228055,0,2,0,5,5,2293,7.738052297689316,0,1,3,4,3,1,0,860.0
3,2,1,0.6931471805599453,0,1,1,1,1,5,1.791759469228055,0,2,0,5,5,3869,8.261009786023827,0,2,4,5,9,1,2,1934.0
3,2,3,1.3862943611198906,0,0,3,3,3,5,1.791759469228055,0,2,0,5,5,2809,7.940939762327791,0,1,4,2,9,1,0,1054.0
0,4,1,0.6931471805599453,0,1,1,1,1,3,1.3862943611198906,0,0,3,3,3,3067,8.028781162487148,0,1,2,1,7,1,2,1533.0
3,0,2,1.0986122886681098,1,2,2,2,2,7,2.0794415416798357,0,1,2,0,7,605,6.406879986069314,0,2,0,3,5,1,0,269.0
0,1,3,1.3862943611198906,0,0,3,3,3,5,1.791759469228055,0,2,0,5,5,577,6.359573868672378,0,1,2,3,7,1,0,217.0
2,3,2,1.0986122886681098,1,2,2,2,2,5,1.791759469228055,0,2,0,5,5,588,6.3784261836515865,1,0,3,0,8,1,1,252.0
3,2,1,0.6931471805599453,0,1,1,1,1,7,2.0794415416798357,0,1,2,0,7,1843,7.519692404116539,0,1,3,2,3,1,2,921.0
1,3,1,0.6931471805599453,0,1,1,1,1,6,1.9459101490553132,1,0,1,6,6,3263,8.090708716083997,0,2,3,1,3,1,2,1398.0
4,1,2,1.0986122886681098,1,2,2,2,2,7,2.0794415416798357,0,1,2,0,7,1370,7.223295679562314,1,2,0,5,0,1,1,609.0
2,1,2,1.0986122886681098,1,2,2,2,2,6,1.9459101490553132,1,0,1,6,6,4528,8.418256443556213,1,1,3,6,8,2,2,2264.0
2,4,1,0.6931471805599453,0,1,1,1,1,6,1.9459101490553132,1,0,1,6,6,854,6.75110146893676,1,2,4,0,4,1,2,366.0
1,2,2,1.0986122886681098,1,2,2,2,2,3,1.3862943611198906,0,0,3,3,3,709,6.565264970035361,0,1,4,2,9,1,0,283.0
1,2,2,1.0986122886681098,1,2,2,2,2,3,1.3862943611198906,0,0,3,3,3,146,4.990432586778736,1,2,1,6,6,1,1,59.0
0,1,1,0.6931471805599453,0,1,1,1,1,4,1.6094379124341003,1,1,4,4,4,1837,7.516433302915632,0,1,2,3,7,1,2,735.0
0,4,1,0.6931471805599453,0,1,1,1,1,3,1.3862943611198906,0,0,3,3,3,2350,7.762596048540069,1,1,0,5,0,1,2,1175.0
2,4,3,1.3862943611198906,0,0,3,3,3,8,2.1972245773362196,1,2,3,1,8,937,6.843749949006225,0,1,2,6,7,1,0,427.0
1,3,2,1.0986122886681098,1,2,2,2,2,5,1.791759469228055,0,2,0,5,5,3953,8.282483003730562,0,2,3,5,3,1,0,1694.0
1,0,2,1.0986122886681098,1,2,2,2,2,8,2.1972245773362196,1,2,3,1,8,4307,8.36822903827628,0,2,2,2,7,1,1,1723.0
1,3,2,1.0986122886681098,1,2,2,2,2,8,2.1972245773362196,1,2,3,1,8,2994,8.00469951054955,1,0,4,5,4,2,2,1198.0
1,0,3,1.3862943611198906,0,0,3,3,3,5,1.791759469228055,0,2,0,5,5,2096,7.64826303090192,1,2,1,3,6,1,0,786.0
0,2,2,1.0986122886681098,1,2,2,2,2,6,1.9459101490553132,1,0,1,6,6,1287,7.160845906664299,0,0,2,6,7,1,1,643.0
1,2,1,0.6931471805599453,0,1,1,1,1,3,1.3862943611198906,0,0,3,3,3,2461,7.808729306744399,0,1,1,4,1,1,2,1230.0
3,3,1,0.6931471805599453,0,1,1,1,1,4,1.6094379124341003,1,1,4,4,4,298,5.700443573390687,1,1,3,4,8,1,2,119.0
1,2,3,1.3862943611198906,0,0,3,3,3,8,2.1972245773362196,1,2,3,1,8,3490,8.157943507105037,1,1,0,4,0,1,0,1587.0
2,4,2,1.0986122886681098,1,2,2,2,2,6,1.9459101490553132,1,0,1,6,6,135,4.912654885736052,0,0,0,2,5,1,1,67.0
0,4,2,1.0986122886681098,1,2,2,2,2,4,1.6094379124341003,1,1,4,4,4,683,6.52795791762255,0,2,3,4,3,1,1,227.0
2,0,3,1.3862943611198906,0,0,3,3,3,7,2.0794415416798357,0,1,2,0,7,1151,7.049254841255837,0,2,1,3,1,1,0,461.0
1,2,1,0.6931471805599453,0,1,1,1,1,6,1.9459101490553132,1,0,1,6,6,3674,8.209308411646937,1,2,4,6,4,1,2,1574.0
0,3,3,1.3862943611198906,0,0,3,3,3,6,1.9459101490553132,1,0,1,6,6,303,5.717027701406222,0,0,3,2,3,3,2,101.0
1,1,1,0.6931471805599453,0,1,1,1,1,2,1.0986122886681098,1,2,2,2,2,1113,7.01571242048723,0,0,3,0,3,1,2,371.0
4,3,2,1.0986122886681098,1,2,2,2,2,8,2.1972245773362196,1,2,3,1,8,4179,8.338066525518801,0,0,4,0,9,1,1,1671.0
3,2,1,0.6931471805599453,0,1,1,1,1,4,1.6094379124341003,1,1,4,4,4,1035,6.943122422819428,0,0,0,6,5,1,2,414.0
0,2,2,1.0986122886681098,1,2,2,2,2,3,1.3862943611198906,0,0,3,3,3,229,5.438079308923196,0,1,4,5,9,1,0,91.0
4,2,3,1.3862943611198906,0,0,3,3,3,5,1.791759469228055,0,2,0,5,5,2172,7.6838639802564295,1,0,2,2,2,1,1,815.0
2,3,2,1.0986122886681098,1,2,2,2,2,4,1.6094379124341003,1,1,4,4,4,2629,7.874739125171811,0,1,4,4,9,1,1,877.0
1,1,1,0.6931471805599453,0,1,1,1,1,4,1.6094379124341003,1,1,4,4,4,4370,8.382747094863314,1,2,0,2,0,1,2,1748.0
3,3,2,1.0986122886681098,1,2,2,2,2,5,1.791759469228055,0,2,0,5,5,1862,7.529943370601589,1,2,2,0,2,1,1,798.0
4,0,2,1.0986122886681098,1,2,2,2,2,6,1.9459101490553132,1,0,1,6,6,873,6.773080375655535,0,0,3,5,3,1,1,437.0
3,1,1,0.6931471805599453,0,1,1,1,1,7,2.0794415416798357,0,1,2,0,7,2900,7.972810784121404,1,2,0,2,0,1,2,1450.0
3,4,3,1.3862943611198906,0,0,3,3,3,9,2.302585092994046,0,0,4,2,9,4866,8.490233009833455,1,0,1,1,6,3,2,2433.0
2,1,2,1.0986122886681098,1,2,2,2,2,8,2.1972245773362196,1,2,3,1,8,3045,8.021584533455107,0,0,0,0,5,1,1,1219.0
4,1,2,1.0986122886681098,1,2,2,2,2,5,1.791759469228055,0,2,0,5,5,3847,8.255308811785596,0,1,2,4,7,1,0,1649.0
4,4,2,1.0986122886681098,1,2,2,2,2,6,1.9459101490553132,1,0,1,6,6,2944,7.987864096085687,1,1,4,4,4,2,2,1472.0
2,3,1,0.6931471805599453,0,1,1,1,1,2,1.0986122886681098,1,2,2,2,2,1057,6.964135612418245,0,1,2,0,7,1,2,352.0
4,1,1,0.6931471805599453,0,1,1,1,1,3,1.3862943611198906,0,0,3,3,3,2527,7.8351837552667485,0,1,2,0,7,1,2,1263.0
1,1,1,0.6931471805599453,0,1,1,1,1,5,1.791759469228055,0,2,0,5,5,2859,7.958576903813898,0,0,4,3,9,1,2,1429.0
1,2,3,1.3862943611198906,0,0,3,3,3,5,1.791759469228055,0,2,0,5,5,4590,8.431853144249223,1,0,0,5,0,1,2,1721.0
3,4,1,0.6931471805599453,0,1,1,1,1,2,1.0986122886681098,1,2,2,2,2,4175,8.337109129562474,0,2,0,3,5,1,2,1391.0
0,3,2,1.0986122886681098,1,2,2,2,2,4,1.6094379124341003,1,1,4,4,4,4132,8.326758814511733,1,1,2,2,2,2,3,1377.0
2,1,1,0.6931471805599453,0,1,1,1,1,5,1.791759469228055,0,2,0,5,5,1848,7.522400231387125,1,0,3,0,8,1,2,924.0
0,3,3,1.3862943611198906,0,0,3,3,3,6,1.9459101490553132,1,0,1,6,6,452,6.115892125483034,1,2,2,4,2,1,1,152.0
2,2,3,1.3862943611198906,0,0,3,3,3,9,2.302585092994046,0,0,4,2,9,1002,6.910750787961936,1,0,2,1,2,3,2,501.0
1,4,1,0.6931471805599453,0,1,1,1,1,2,1.0986122886681098,1,2,2,2,2,498,6.212606095751519,1,0,3,1,8,1,3,166.0
2,2,3,1.3862943611198906,0,0,3,3,3,6,1.9459101490553132,1,0,1,6,6,4814,8.479491324232226,1,2,4,5,4,1,1,1604.0
0,0,1,0.6931471805599453,0,1,1,1,1,6,1.9459101490553132,1,0,1,6,6,4080,8.314097335405807,1,0,0,6,0,1,3,1748.0
1,1,1,0.6931471805599453,0,1,1,1,1,5,1.791759469228055,0,2,0,5,5,3982,8.289790583181643,1,1,2,6,2,1,2,1991.0
3,0,3,1.3862943611198906,0,0,3,3,3,8,2.1972245773362196,1,2,3,1,8,4007,8.2960476427647,0,2,2,3,7,1,0,1822.0
0,3,2,1.0986122886681098,1,2,2,2,2,3,1.3862943611198906,0,0,3,3,3,1246,7.1284959456800365,1,1,1,0,6,1,1,499.0
0,4,1,0.6931471805599453,0,1,1,1,1,7,2.0794415416798357,0,1,2,0,7,4354,8.379079889286603,1,1,4,0,4,1,3,2177.0
3,1,3,1.3862943611198906,0,0,3,3,3,9,2.302585092994046,0,0,4,2,9,3758,8.231908243564177,1,2,3,6,8,1,1,1880.0
4,0,3,1.3862943611198906,0,0,3,3,3,5,1.791759469228055,0,2,0,5,5,1752,7.469083884921234,1,0,2,2,2,1,1,657.0
4,3,2,1.0986122886681098,1,2,2,2,2,3,1.3862943611198906,0,0,3,3,3,1549,7.346010209913293,0,1,4,2,9,1,0,619.0
0,2,3,1.3862943611198906,0,0,3,3,3,4,1.6094379124341003,1,1,4,4,4,4044,8.305236829492593,1,0,4,5,4,1,2,1733.0
2,0,3,1.3862943611198906,0,0,3,3,3,6,1.9459101490553132,1,0,1,6,6,4024,8.300280189852664,1,1,4,6,4,1,1,1342.0
2,3,2,1.0986122886681098,1,2,2,2,2,6,1.9459101490553132,1,0,1,6,6,2712,7.905810312658931,1,0,2,3,2,2,3,1356.0
4,0,2,1.0986122886681098,1,2,2,2,2,8,2.1972245773362196,1,2,3,1,8,1987,7.59488438721652,0,1,2,6,7,1,1,795.0
0,4,2,1.0986122886681098,1,2,2,2,2,3,1.3862943611198906,0,0,3,3,3,4558,8.424858580213442,1,1,3,1,8,1,1,1823.0
1,0,3,1.3862943611198906,0,0,3,3,3,6,1.9459101490553132,1,0,1,6,6,4031,8.302017809751204,0,2,1,6,1,1,1,1343.0
2,2,2,1.0986122886681098,1,2,2,2,2,4,1.6094379124341003,1,1,4,4,4,4745,8.465057436995709,0,2,0,6,5,1,1,1581.0
3,4,1,0.6931471805599453,0,1,1,1,1,3,1.3862943611198906,0,0,3,3,3,3373,8.123854263105914,0,1,3,6,3,1,2,1686.0
3,0,2,1.0986122886681098,1,2,2,2,2,7,2.0794415416798357,0,1,2,0,7,1035,6.943122422819428,0,0,0,6,5,1,0,460.0
3,4,2,1.0986122886681098,1,2,2,2,2,8,2.1972245773362196,1,2,3,1,8,592,6.385194398997726,1,1,2,4,2,2,3,237.0
3,1,2,1.0986122886681098,1,2,2,2,2,6,1.9459101490553132,1,0,1,6,6,386,5.958424693029782,1,2,1,1,6,2,2,193.0
4,2,1,0.6931471805599453,0,1,1,1,1,7,2.0794415416798357,0,1,2,0,7,2280,7.732369222284388,1,0,0,5,0,1,2,1140.0
3,3,1,0.6931471805599453,0,1,1,1,1,4,1.6094379124341003,1,1,4,4,4,4176,8.337348564497175,1,0,1,4,6,1,3,1670.0
4,4,2,1.0986122886681098,1,2,2,2,2,3,1.3862943611198906,0,0,3,3,3,1644,7.405495663199472,1,0,4,6,4,1,2,657.0
3,0,1,0.6931471805599453,0,1,1,1,1,3,1.3862943611198906,0,0,3,3,3,1460,7.2868764117507,1,2,0,4,0,1,2,730.0
4,2,2,1.0986122886681098,1,2,2,2,2,4,1.6094379124341003,1,1,4,4,4,541,6.295266001439646,0,1,1,2,1,1,1,181.0
0,1,1,0.6931471805599453,0,1,1,1,1,2,1.0986122886681098,1,2,2,2,2,2489,7.820037989458753,0,2,4,4,9,1,2,829.0
1,2,3,1.3862943611198906,0,0,3,3,3,8,2.1972245773362196,1,2,3,1,8,136,4.919980925828125,1,1,1,3,6,1,1,62.0
1,4,1,0.6931471805599453,0,1,1,1,1,6,1.9459101490553132,1,0,1,6,6,449,6.1092475827643655,0,2,4,1,9,1,2,192.0
3,4,1,0.6931471805599453,0,1,1,1,1,6,1.9459101490553132,1,0,1,6,6,4874,8.491875383431948,1,2,4,2,4,1,2,2089.0
0,2,2,1.0986122886681098,1,2,2,2,2,6,1.9459101490553132,1,0,1,6,6,1740,7.462214939768189,1,0,0,4,0,2,3,870.0
2,2,2,1.0986122886681098,1,2,2,2,2,5,1.791759469228055,0,2,0,5,5,1406,7.249215057114389,1,2,1,6,6,1,1,602.0
1,1,2,1.0986122886681098,1,2,2,2,2,7,2.0794415416798357,0,1,2,0,7,1859,7.528331766707247,0,2,4,4,9,1,0,827.0
3,4,3,1.3862943611198906,0,0,3,3,3,9,2.302585092994046,0,0,4,2,9,3029,8.016317898503415,0,2,4,5,9,1,1,1514.0
1,0,3,1.3862943611198906,0,0,3,3,3,8,2.1972245773362196,1,2,3,1,8,2770,7.9269635448629785,1,1,0,5,0,1,0,1259.0
1,2,3,1.3862943611198906,0,0,3,3,3,5,1.791759469228055,0,2,0,5,5,985,6.893656354602635,0,1,0,5,5,1,1,370.0
2,4,2,1.0986122886681098,1,2,2,2,2,5,1.791759469228055,0,2,0,5,5,2741,7.91644286012226,0,2,1,4,1,1,0,1175.0
0,0,2,1.0986122886681098,1,2,2,2,2,7,2.0794415416798357,0,1,2,0,7,4860,8.488999457045455,1,0,0,2,0,1,1,2160.0
3,1,3,1.3862943611198906,0,0,3,3,3,6,1.9459101490553132,1,0,1,6,6,825,6.716594773520978,0,0,0,6,5,3,2,275.0
2,4,1,0.6931471805599453,0,1,1,1,1,5,1.791759469228055,0,2,0,5,5,4681,8.451480648050856,0,1,1,5,1,1,2,2340.0
2,0,3,1.3862943611198906,0,0,3,3,3,7,2.0794415416798357,0,1,2,0,7,928,6.834108738813838,1,1,3,4,8,1,0,371.0
4,1,1,0.6931471805599453,0,1,1,1,1,5,1.791759469228055,0,2,0,5,5,842,6.736966958001855,1,2,2,2,2,1,2,421.0
2,2,1,0.6931471805599453,0,1,1,1,1,7,2.0794415416798357,0,1,2,0,7,304,5.720311776607412,1,1,4,3,4,1,2,152.0
2,1,3,1.3862943611198906,0,0,3,3,3,9,2.302585092994046,0,0,4,2,9,788,6.670766320845874,1,2,3,4,8,1,1,395.0
2,4,2,1.0986122886681098,1,2,2,2,2,8,2.1972245773362196,1,2,3,1,8,2393,7.780720886117918,0,2,3,6,3,1,1,957.0
0,1,2,1.0986122886681098,1,2,2,2,2,5,1.791759469228055,0,2,0,5,5,3028,8.015987811027237,1,1,3,4,8,1,1,1298.0
3,4,2,1.0986122886681098,1,2,2,2,2,4,1.6094379124341003,1,1,4,4,4,2049,7.6255950721324535,0,0,4,5,9,1,1,683.0
4,2,2,1.0986122886681098,1,2,2,2,2,3,1.3862943611198906,0,0,3,3,3,2522,7.833203948641057,1,2,2,2,2,1,1,1009.0
1,1,3,1.3862943611198906,0,0,3,3,3,5,1.791759469228055,0,2,0,5,5,1453,7.282073658093465,0,1,3,4,3,1,0,545.0
3,4,1,0.6931471805599453,0,1,1,1,1,6,1.9459101490553132,1,0,1,6,6,876,6.776506992372183,1,0,1,1,6,1,3,375.0
2,4,2,1.0986122886681098,1,2,2,2,2,7,2.0794415416798357,0,1,2,0,7,4666,8.448271745949816,1,1,1,4,6,1,1,2074.0
2,3,3,1.3862943611198906,0,0,3,3,3,6,1.9459101490553132,1,0,1,6,6,1022,6.930494765951626,1,2,2,0,2,1,1,341.0
4,1,2,1.0986122886681098,1,2,2,2,2,5,1.791759469228055,0,2,0,5,5,3912,8.272059622210412,1,0,2,6,2,1,1,1676.0
4,3,3,1.3862943611198906,0,0,3,3,3,6,1.9459101490553132,1,0,1,6,6,154,5.043425116919247,1,1,4,0,4,1,1,52.0
4,3,1,0.6931471805599453,0,1,1,1,1,6,1.9459101490553132,1,0,1,6,6,290,5.673323267171493,1,2,0,3,0,1,2,124.0
2,2,2,1.0986122886681098,1,2,2,2,2,5,1.791759469228055,0,2,0,5,5,1212,7.10085190894405,1,0,2,1,2,1,1,520.0
0,3,2,1.0986122886681098,1,2,2,2,2,4,1.6094379124341003,1,1,4,4,4,1231,7.116394144093465,0,1,1,6,1,1,1,411.0
4,3,2,1.0986122886681098,1,2,2,2,2,8,2.1972245773362196,1,2,3,1,8,3140,8.052296499538647,1,2,0,4,0,2,2,1256.0
0,2,1,0.6931471805599453,0,1,1,1,1,7,2.0794415416798357,0,1,2,0,7,829,6.721425700790643,0,1,4,3,9,1,2,414.0
3,3,3,1.3862943611198906,0,0,3,3,3,7,2.0794415416798357,0,1,2,0,7,625,6.439350371100098,0,1,0,2,5,1,0,250.0
0,0,3,1.3862943611198906,0,0,3,3,3,7,2.0794415416798357,0,1,2,0,7,1169,7.064759027791802,0,2,4,0,9,1,1,467.0
3,1,3,1.3862943611198906,0,0,3,3,3,7,2.0794415416798357,0,1,2,0,7,3032,8.017307507688582,1,2,2,1,2,1,0,1214.0
0,2,3,1.3862943611198906,0,0,3,3,3,4,1.6094379124341003,1,1,4,4,4,3638,8.19946419761216,1,2,3,5,8,1,0,1559.0
4,2,3,1.3862943611198906,0,0,3,3,3,5,1.791759469228055,0,2,0,5,5,2193,7.693481640835175,0,0,3,2,3,1,1,823.0
2,1,3,1.3862943611198906,0,0,3,3,3,7,2.0794415416798357,0,1,2,0,7,4574,8.428361977709622,1,2,4,3,4,1,0,1830.0
2,3,2,1.0986122886681098,1,2,2,2,2,8,2.1972245773362196,1,2,3,1,8,1073,6.97914527506881,0,2,3,2,3,1,1,429.0
1,0,3,1.3862943611198906,0,0,3,3,3,4,1.6094379124341003,1,1,4,4,4,2563,7.849323818040561,0,1,3,1,3,1,0,1099.0
2,1,2,1.0986122886681098,1,2,2,2,2,6,1.9459101490553132,1,0,1,6,6,2753,7.9208096792886,0,2,3,2,3,1,1,1377.0
4,3,1,0.6931471805599453,0,1,1,1,1,5,1.791759469228055,0,2,0,5,5,889,6.7912214627261855,0,1,4,0,9,1,2,444.0
4,2,1,0.6931471805599453,0,1,1,1,1,3,1.3862943611198906,0,0,3,3,3,1980,7.591357046698551,1,0,0,6,0,1,3,990.0
1,4,1,0.6931471805599453,0,1,1,1,1,4,1.6094379124341003,1,1,4,4,4,2044,7.623153068476902,1,1,4,0,4,1,3,817.0
0,1,2,1.0986122886681098,1,2,2,2,2,6,1.9459101490553132,1,0,1,6,6,311,5.7430031878094825,0,2,1,3,1,1,1,155.0
0,1,2,1.0986122886681098,1,2,2,2,2,5,1.791759469228055,0,2,0,5,5,1478,7.2991214627108,1,2,3,1,8,1,1,634.0
3,1,1,0.6931471805599453,0,1,1,1,1,7,2.0794415416798357,0,1,2,0,7,1112,7.014814351275545,1,2,2,6,2,1,2,556.0
2,4,2,1.0986122886681098,1,2,2,2,2,7,2.0794415416798357,0,1,2,0,7,3313,8.105911197986508,0,1,3,2,3,1,0,1473.0
3,3,3,1.3862943611198906,0,0,3,3,3,5,1.791759469228055,0,2,0,5,5,771,6.648984550024776,0,0,1,1,1,1,1,290.0
0,0,2,1.0986122886681098,1,2,2,2,2,5,1.791759469228055,0,2,0,5,5,2612,7.868254265520613,1,2,2,1,2,1,1,1120.0
4,1,3,1.3862943611198906,0,0,3,3,3,7,2.0794415416798357,0,1,2,0,7,2675,7.892078421248119,0,2,0,1,5,1,0,1070.0
0,1,1,0.6931471805599453,0,1,1,1,1,5,1.791759469228055,0,2,0,5,5,4423,8.39479954320217,0,1,3,6,3,1,2,2211.0
1,4,3,1.3862943611198906,0,0,3,3,3,7,2.0794415416798357,0,1,2,0,7,2373,7.772331575169614,0,0,3,0,3,1,2,950.0
4,1,2,1.0986122886681098,1,2,2,2,2,4,1.6094379124341003,1,1,4,4,4,4864,8.489821994620105,1,1,4,6,4,2,3,1621.0
1,2,1,0.6931471805599453,0,1,1,1,1,4,1.6094379124341003,1,1,4,4,4,4071,8.311889558230359,0,0,1,4,1,1,2,1628.0
1,4,1,0.6931471805599453,0,1,1,1,1,3,1.3862943611198906,0,0,3,3,3,4875,8.492080490601163,0,0,0,3,5,1,3,2437.0
0,0,3,1.3862943611198906,0,0,3,3,3,8,2.1972245773362196,1,2,3,1,8,1660,7.415175109613295,1,1,0,1,0,1,0,754.0
2,1,2,1.0986122886681098,1,2,2,2,2,5,1.791759469228055,0,2,0,5,5,423,6.049733455231958,0,0,3,3,3,1,0,181.0
3,1,2,1.0986122886681098,1,2,2,2,2,7,2.0794415416798357,0,1,2,0,7,624,6.437751649736401,1,0,4,1,4,1,1,277.0
3,2,1,0.6931471805599453,0,1,1,1,1,2,1.0986122886681098,1,2,2,2,2,2854,7.956827122090111,1,1,4,5,4,1,3,951.0
2,4,1,0.6931471805599453,0,1,1,1,1,3,1.3862943611198906,0,0,3,3,3,3190,8.068089626278244,1,1,0,5,0,1,2,1595.0
3,0,3,1.3862943611198906,0,0,3,3,3,5,1.791759469228055,0,2,0,5,5,1639,7.402451520818244,0,1,4,1,9,1,0,614.0
0,3,3,1.3862943611198906,0,0,3,3,3,7,2.0794415416798357,0,1,2,0,7,831,6.723832440821209,0,0,1,5,1,1,1,333.0
1,0,2,1.0986122886681098,1,2,2,2,2,6,1.9459101490553132,1,0,1,6,6,2030,7.616283561580385,1,2,0,0,0,2,2,1015.0
2,3,2,1.0986122886681098,1,2,2,2,2,7,2.0794415416798357,0,1,2,0,7,2963,7.994294986415977,0,2,3,2,3,1,0,1317.0
4,4,1,0.6931471805599453,0,1,1,1,1,6,1.9459101490553132,1,0,1,6,6,3393,8.129764445794171,0,0,3,5,3,1,2,1454.0
3,3,1,0.6931471805599453,0,1,1,1,1,2,1.0986122886681098,1,2,2,2,2,2856,7.957527402230773,1,0,1,0,6,1,3,952.0
4,1,2,1.0986122886681098,1,2,2,2,2,6,1.9459101490553132,1,0,1,6,6,1743,7.463936604468925,0,0,3,0,3,1,1,871.0
0,1,1,0.6931471805599453,0,1,1,1,1,2,1.0986122886681098,1,2,2,2,2,3710,8.219056661060598,1,2,0,0,0,1,3,1236.0
3,1,3,1.3862943611198906,0,0,3,3,3,7,2.0794415416798357,0,1,2,0,7,663,6.498282149476434,0,0,3,5,3,1,1,266.0
3,1,3,1.3862943611198906,0,0,3,3,3,6,1.9459101490553132,1,0,1,6,6,3840,8.253488028345904,1,0,0,4,0,3,3,1280.0
4,3,3,1.3862943611198906,0,0,3,3,3,4,1.6094379124341003,1,1,4,4,4,1952,7.577121930876679,1,2,2,6,2,1,1,836.0
3,3,2,1.0986122886681098,1,2,2,2,2,4,1.6094379124341003,1,1,4,4,4,588,6.3784261836515865,1,0,3,0,8,2,3,196.0
2,2,2,1.0986122886681098,1,2,2,2,2,4,1.6094379124341003,1,1,4,4,4,2558,7.847371836159788,1,2,3,3,8,2,2,853.0
4,2,1,0.6931471805599453,0,1,1,1,1,3,1.3862943611198906,0,0,3,3,3,447,6.104793232414985,0,0,2,6,7,1,3,223.0
3,2,2,1.0986122886681098,1,2,2,2,2,8,2.1972245773362196,1,2,3,1,8,2302,7.741967899820685,1,1,2,6,2,2,2,921.0
2,1,1,0.6931471805599453,0,1,1,1,1,2,1.0986122886681098,1,2,2,2,2,4910,8.499232866039245,1,2,0,3,0,1,3,1636.0
4,1,1,0.6931471805599453,0,1,1,1,1,5,1.791759469228055,0,2,0,5,5,3662,8.206037762778815,1,2,2,1,2,1,2,1831.0
0,1,3,1.3862943611198906,0,0,3,3,3,7,2.0794415416798357,0,1,2,0,7,4470,8.405367376233981,1,0,0,4,0,1,1,1788.0
2,1,3,1.3862943611198906,0,0,3,3,3,8,2.1972245773362196,1,2,3,1,8,2983,8.001019961323651,0,1,3,1,3,1,0,1357.0
3,3,1,0.6931471805599453,0,1,1,1,1,3,1.3862943611198906,0,0,3,3,3,554,6.318968113746434,1,2,4,1,4,1,2,277.0
4,4,2,1.0986122886681098,1,2,2,2,2,5,1.791759469228055,0,2,0,5,5,2797,7.936660155225426,0,1,2,4,7,1,0,1199.0
0,1,1,0.6931471805599453,0,1,1,1,1,7,2.0794415416798357,0,1,2,0,7,3868,8.260751354700513,1,1,3,4,8,1,2,1934.0
2,4,2,1.0986122886681098,1,2,2,2,2,5,1.791759469228055,0,2,0,5,5,2666,7.888709524182015,1,2,1,6,6,1,1,1142.0
2,2,2,1.0986122886681098,1,2,2,2,2,6,1.9459101490553132,1,0,1,6,6,4835,8.483843211734683,0,2,0,5,5,1,1,2417.0
0,4,1,0.6931471805599453,0,1,1,1,1,7,2.0794415416798357,0,1,2,0,7,4260,8.357259153499912,1,0,0,4,0,1,2,2130.0
0,3,1,0.6931471805599453,0,1,1,1,1,6,1.9459101490553132,1,0,1,6,6,4160,8.333510708982942,1,2,0,2,0,1,2,1783.0
0,4,1,0.6931471805599453,0,1,1,1,1,4,1.6094379124341003,1,1,4,4,4,3785,8.239065331769268,0,2,0,5,5,1,2,1514.0
0,3,1,0.6931471805599453,0,1,1,1,1,4,1.6094379124341003,1,1,4,4,4,3515,8.165079258805068,0,2,0,1,5,1,2,1406.0
1,0,3,1.3862943611198906,0,0,3,3,3,4,1.6094379124341003,1,1,4,4,4,3636,8.19891444498699,1,0,1,3,6,1,2,1559.0
3,4,1,0.6931471805599453,0,1,1,1,1,3,1.3862943611198906,0,0,3,3,3,246,5.5093883366279774,1,0,1,1,6,1,3,123.0
4,4,3,1.3862943611198906,0,0,3,3,3,8,2.1972245773362196,1,2,3,1,8,2678,7.893198869544609,1,2,3,4,8,1,0,1217.0
3,3,2,1.0986122886681098,1,2,2,2,2,6,1.9459101490553132,1,0,1,6,6,1172,7.067319848653476,1,2,2,3,2,2,2,586.0
3,3,3,1.3862943611198906,0,0,3,3,3,9,2.302585092994046,0,0,4,2,9,3602,8.189522110748094,1,2,2,4,2,1,1,1802.0
0,2,2,1.0986122886681098,1,2,2,2,2,7,2.0794415416798357,0,1,2,0,7,2573,7.853216388156072,0,2,3,4,3,1,0,1143.0
3,0,1,0.6931471805599453,0,1,1,1,1,7,2.0794415416798357,0,1,2,0,7,1584,7.368339686311381,1,0,4,2,4,1,2,792.0
3,4,3,1.3862943611198906,0,0,3,3,3,8,2.1972245773362196,1,2,3,1,8,4288,8.36380888451688,1,1,3,4,8,1,1,1949.0
1,4,1,0.6931471805599453,0,1,1,1,1,5,1.791759469228055,0,2,0,5,5,3425,8.139148678884066,0,2,0,2,5,1,3,1712.0
3,3,3,1.3862943611198906,0,0,3,3,3,7,2.0794415416798357,0,1,2,0,7,2738,7.915348169263078,1,2,3,1,8,1,0,1095.0
3,1,1,0.6931471805599453,0,1,1,1,1,7,2.0794415416798357,0,1,2,0,7,3514,8.164794804244766,1,1,4,0,4,1,3,1757.0
4,3,1,0.6931471805599453,0,1,1,1,1,4,1.6094379124341003,1,1,4,4,4,4756,8.467372496432281,1,1,1,3,6,1,3,1902.0
1,2,1,0.6931471805599453,0,1,1,1,1,2,1.0986122886681098,1,2,2,2,2,1575,7.362645270417825,0,0,0,0,5,1,2,525.0
3,4,1,0.6931471805599453,0,1,1,1,1,3,1.3862943611198906,0,0,3,3,3,1883,7.5411524551363085,0,2,3,0,3,1,2,941.0
0,0,1,0.6931471805599453,0,1,1,1,1,6,1.9459101490553132,1,0,1,6,6,3860,8.258681496264236,1,2,0,3,0,1,2,1654.0
2,4,1,0.6931471805599453,0,1,1,1,1,6,1.9459101490553132,1,0,1,6,6,3581,8.183676582620658,0,2,1,4,1,1,2,1535.0
0,0,2,1.0986122886681098,1,2,2,2,2,6,1.9459101490553132,1,0,1,6,6,850,6.7464121285733745,1,1,0,3,0,2,2,425.0
0,4,3,1.3862943611198906,0,0,3,3,3,5,1.791759469228055,0,2,0,5,5,2617,7.870165946469845,0,1,2,6,7,1,0,982.0
3,4,3,1.3862943611198906,0,0,3,3,3,7,2.0794415416798357,0,1,2,0,7,1461,7.2875606403097235,0,0,1,5,1,1,1,585.0
0,3,2,1.0986122886681098,1,2,2,2,2,3,1.3862943611198906,0,0,3,3,3,1215,7.103322062526113,0,0,0,4,5,1,1,486.0
2,1,3,1.3862943611198906,0,0,3,3,3,9,2.302585092994046,0,0,4,2,9,3967,8.286017468404763,0,1,2,5,7,1,1,1984.0
4,3,3,1.3862943611198906,0,0,3,3,3,9,2.302585092994046,0,0,4,2,9,4315,8.370084326378025,0,1,0,3,5,1,1,2158.0
3,0,3,1.3862943611198906,0,0,3,3,3,9,2.302585092994046,0,0,4,2,9,1060,6.966967138613983,1,1,0,3,0,1,1,530.0
1,3,3,1.3862943611198906,0,0,3,3,3,6,1.9459101490553132,1,0,1,6,6,4872,8.491465042843506,1,0,2,0,2,3,3,1625.0
1,4,1,0.6931471805599453,0,1,1,1,1,2,1.0986122886681098,1,2,2,2,2,3206,8.073091199693154,1,2,1,0,6,1,3,1068.0
3,0,1,0.6931471805599453,0,1,1,1,1,5,1.791759469228055,0,2,0,5,5,1508,7.319202458767849,1,2,3,3,8,1,2,754.0
3,1,3,1.3862943611198906,0,0,3,3,3,4,1.6094379124341003,1,1,4,4,4,4505,8.41316512099219,0,2,0,4,5,1,0,1931.0
1,2,1,0.6931471805599453,0,1,1,1,1,5,1.791759469228055,0,2,0,5,5,1117,7.0192966537150445,0,1,2,4,7,1,2,558.0
4,4,1,0.6931471805599453,0,1,1,1,1,6,1.9459101490553132,1,0,1,6,6,1782,7.48605261786314,1,0,2,4,2,1,3,764.0
4,3,1,0.6931471805599453,0,1,1,1,1,2,1.0986122886681098,1,2,2,2,2,2915,7.977968093128549,0,2,0,3,5,1,2,971.0
4,4,3,1.3862943611198906,0,0,3,3,3,7,2.0794415416798357,0,1,2,0,7,2689,7.897296472595885,0,1,4,1,9,1,0,1075.0
2,0,1,0.6931471805599453,0,1,1,1,1,2,1.0986122886681098,1,2,2,2,2,3759,8.23217423638394,0,0,4,0,9,1,2,1253.0
4,0,2,1.0986122886681098,1,2,2,2,2,8,2.1972245773362196,1,2,3,1,8,2788,7.933438387627489,1,1,3,2,8,2,2,1115.0
3,2,2,1.0986122886681098,1,2,2,2,2,7,2.0794415416798357,0,1,2,0,7,2008,7.605392364814935,1,1,3,6,8,1,1,893.0
4,1,1,0.6931471805599453,0,1,1,1,1,7,2.0794415416798357,0,1,2,0,7,1231,7.116394144093465,0,1,1,6,1,1,2,615.0
1,1,3,1.3862943611198906,0,0,3,3,3,4,1.6094379124341003,1,1,4,4,4,2031,7.616775808698373,0,0,1,1,1,1,1,871.0
3,3,2,1.0986122886681098,1,2,2,2,2,4,1.6094379124341003,1,1,4,4,4,828,6.720220155135295,1,0,3,2,8,2,3,276.0
1,1,2,1.0986122886681098,1,2,2,2,2,8,2.1972245773362196,1,2,3,1,8,4244,8.353497098745448,1,2,4,2,4,2,2,1698.0
2,3,3,1.3862943611198906,0,0,3,3,3,6,1.9459101490553132,1,0,1,6,6,570,6.3473892096560105,1,0,0,3,0,3,3,191.0
3,4,3,1.3862943611198906,0,0,3,3,3,5,1.791759469228055,0,2,0,5,5,455,6.1224928095143865,0,2,0,0,5,1,1,170.0
4,2,1,0.6931471805599453,0,1,1,1,1,4,1.6094379124341003,1,1,4,4,4,390,5.968707559985366,1,0,0,5,0,1,2,156.0
4,0,2,1.0986122886681098,1,2,2,2,2,3,1.3862943611198906,0,0,3,3,3,131,4.882801922586371,0,2,1,5,1,1,0,53.0
1,0,3,1.3862943611198906,0,0,3,3,3,8,2.1972245773362196,1,2,3,1,8,2794,7.9355873855892,1,1,4,1,4,1,0,1270.0
2,1,3,1.3862943611198906,0,0,3,3,3,8,2.1972245773362196,1,2,3,1,8,3576,8.182279739259018,1,0,1,6,6,1,2,1626.0
3,1,2,1.0986122886681098,1,2,2,2,2,3,1.3862943611198906,0,0,3,3,3,1466,7.2909747781429814,1,2,1,3,6,1,1,587.0
1,0,3,1.3862943611198906,0,0,3,3,3,7,2.0794415416798357,0,1,2,0,7,1861,7.529406457837013,0,1,1,6,1,1,0,745.0
0,2,2,1.0986122886681098,1,2,2,2,2,3,1.3862943611198906,0,0,3,3,3,1732,7.457609289715606,1,1,2,3,2,1,1,693.0
4,2,3,1.3862943611198906,0,0,3,3,3,6,1.9459101490553132,1,0,1,6,6,206,5.332718793265369,1,2,1,3,6,1,1,68.0
4,4,3,1.3862943611198906,0,0,3,3,3,6,1.9459101490553132,1,0,1,6,6,4445,8.399760094524142,0,2,0,0,5,1,1,1481.0
2,2,3,1.3862943611198906,0,0,3,3,3,8,2.1972245773362196,1,2,3,1,8,4793,8.475120414994329,0,2,3,5,3,1,0,2179.0
0,2,1,0.6931471805599453,0,1,1,1,1,5,1.791759469228055,0,2,0,5,5,3115,8.044305406990638,0,1,0,0,5,1,3,1557.0
2,1,1,0.6931471805599453,0,1,1,1,1,6,1.9459101490553132,1,0,1,6,6,3901,8.269244521183056,0,1,1,2,1,1,2,1672.0
3,1,3,1.3862943611198906,0,0,3,3,3,4,1.6094379124341003,1,1,4,4,4,2449,7.803843303538772,0,1,4,6,9,1,0,1049.0
2,2,1,0.6931471805599453,0,1,1,1,1,4,1.6094379124341003,1,1,4,4,4,1355,7.212294468500341,0,2,0,4,5,1,2,542.0
3,1,3,1.3862943611198906,0,0,3,3,3,9,2.302585092994046,0,0,4,2,9,3380,8.125926802707886,1,2,0,6,0,1,1,1691.0
1,3,1,0.6931471805599453,0,1,1,1,1,4,1.6094379124341003,1,1,4,4,4,3881,8.264105763728956,0,2,1,3,1,1,2,1552.0
0,3,3,1.3862943611198906,0,0,3,3,3,5,1.791759469228055,0,2,0,5,5,2318,7.7488913372555315,1,2,3,1,8,1,0,869.0
2,1,1,0.6931471805599453,0,1,1,1,1,7,2.0794415416798357,0,1,2,0,7,994,6.902742737158593,1,1,4,0,4,1,3,497.0
1,4,1,0.6931471805599453,0,1,1,1,1,7,2.0794415416798357,0,1,2,0,7,109,4.700480365792417,0,1,4,4,9,1,2,54.0
1,3,1,0.6931471805599453,0,1,1,1,1,6,1.9459101490553132,1,0,1,6,6,2622,7.872073979866873,1,0,2,4,2,1,3,1124.0
1,3,3,1.3862943611198906,0,0,3,3,3,8,2.1972245773362196,1,2,3,1,8,4697,8.454892165218858,0,2,2,0,7,1,0,2135.0
2,4,1,0.6931471805599453,0,1,1,1,1,4,1.6094379124341003,1,1,4,4,4,278,5.631211781821365,1,2,3,5,8,1,2,111.0
0,4,3,1.3862943611198906,0,0,3,3,3,8,2.1972245773362196,1,2,3,1,8,593,6.386879319362645,0,2,3,5,3,1,0,269.0
4,0,3,1.3862943611198906,0,0,3,3,3,5,1.791759469228055,0,2,0,5,5,3880,8.263848131368906,1,1,0,2,0,1,1,1455.0
2,3,3,1.3862943611198906,0,0,3,3,3,8,2.1972245773362196,1,2,3,1,8,3052,8.023879992734878,1,1,2,0,2,1,0,1387.0
2,3,1,0.6931471805599453,0,1,1,1,1,6,1.9459101490553132,1,0,1,6,6,2238,7.713784616598755,1,0,3,5,8,1,3,959.0
2,0,2,1.0986122886681098,1,2,2,2,2,4,1.6094379124341003,1,1,4,4,4,3656,8.204398418149381,1,2,1,2,6,2,3,1219.0
3,0,1,0.6931471805599453,0,1,1,1,1,6,1.9459101490553132,1,0,1,6,6,513,6.2422232654551655,0,0,3,2,3,1,2,220.0
3,0,3,1.3862943611198906,0,0,3,3,3,6,1.9459101490553132,1,0,1,6,6,3075,8.031385330625534,0,0,0,2,5,3,2,1025.0
2,0,3,1.3862943611198906,0,0,3,3,3,7,2.0794415416798357,0,1,2,0,7,4306,8.36799688505411,1,1,1,1,6,1,0,1723.0
4,1,3,1.3862943611198906,0,0,3,3,3,9,2.302585092994046,0,0,4,2,9,4770,8.470311205516108,1,0,0,3,0,3,3,2385.0
4,2,2,1.0986122886681098,1,2,2,2,2,7,2.0794415416798357,0,1,2,0,7,1851,7.524021415206125,0,0,1,3,1,1,0,823.0
4,3,2,1.0986122886681098,1,2,2,2,2,8,2.1972245773362196,1,2,3,1,8,4056,8.308199063206446,1,0,1,3,6,2,3,1623.0
3,3,1,0.6931471805599453,0,1,1,1,1,6,1.9459101490553132,1,0,1,6,6,3187,8.067149039910106,0,1,2,2,7,1,2,1366.0
1,2,2,1.0986122886681098,1,2,2,2,2,5,1.791759469228055,0,2,0,5,5,3417,8.136810863675537,0,0,2,1,7,1,0,1465.0
0,0,3,1.3862943611198906,0,0,3,3,3,8,2.1972245773362196,1,2,3,1,8,855,6.752270376141742,0,0,0,1,5,1,1,389.0
0,4,2,1.0986122886681098,1,2,2,2,2,6,1.9459101490553132,1,0,1,6,6,1443,7.275172319452771,0,0,3,1,3,1,1,721.0
3,0,3,1.3862943611198906,0,0,3,3,3,4,1.6094379124341003,1,1,4,4,4,2715,7.906915488678587,0,0,0,6,5,1,1,1163.0
3,3,2,1.0986122886681098,1,2,2,2,2,5,1.791759469228055,0,2,0,5,5,4270,8.359603270841466,1,1,0,0,0,1,2,1830.0
3,3,1,0.6931471805599453,0,1,1,1,1,7,2.0794415416798357,0,1,2,0,7,2425,7.793999089503996,0,1,0,3,5,1,2,1212.0
1,2,2,1.0986122886681098,1,2,2,2,2,6,1.9459101490553132,1,0,1,6,6,418,6.037870919922137,1,1,3,5,8,2,2,209.0
0,4,1,0.6931471805599453,0,1,1,1,1,7,2.0794415416798357,0,1,2,0,7,2891,7.969703583278656,0,2,1,0,1,1,3,1445.0
0,0,2,1.0986122886681098,1,2,2,2,2,6,1.9459101490553132,1,0,1,6,6,2411,7.788211557847076,0,2,1,3,1,1,1,1205.0
2,2,1,0.6931471805599453,0,1,1,1,1,7,2.0794415416798357,0,1,2,0,7,2799,7.937374696163295,0,0,4,6,9,1,2,1399.0
3,0,2,1.0986122886681098,1,2,2,2,2,8,2.1972245773362196,1,2,3,1,8,3179,8.064636475774222,0,2,4,1,9,1,1,1271.0
0,1,3,1.3862943611198906,0,0,3,3,3,6,1.9459101490553132,1,0,1,6,6,1959,7.580699752224563,0,0,4,6,9,3,2,653.0
2,0,2,1.0986122886681098,1,2,2,2,2,5,1.791759469228055,0,2,0,5,5,1060,6.966967138613983,1,1,0,3,0,1,2,454.0
1,1,3,1.3862943611198906,0,0,3,3,3,9,2.302585092994046,0,0,4,2,9,1528,7.332369205929062,1,1,3,2,8,1,1,764.0
1,2,1,0.6931471805599453,0,1,1,1,1,4,1.6094379124341003,1,1,4,4,4,3242,8.084254106307318,1,2,2,1,2,1,2,1297.0
2,0,2,1.0986122886681098,1,2,2,2,2,7,2.0794415416798357,0,1,2,0,7,2421,7.792348924113037,0,0,1,6,1,1,0,1076.0
4,2,2,1.0986122886681098,1,2,2,2,2,5,1.791759469228055,0,2,0,5,5,1522,7.328437352895162,1,1,2,3,2,1,1,652.0
2,3,1,0.6931471805599453,0,1,1,1,1,6,1.9459101490553132,1,0,1,6,6,3492,8.158516244806831,1,0,2,6,2,1,3,1496.0
2,3,3,1.3862943611198906,0,0,3,3,3,7,2.0794415416798357,0,1,2,0,7,2579,7.855544677915663,0,2,4,3,9,1,0,1031.0
3,1,2,1.0986122886681098,1,2,2,2,2,4,1.6094379124341003,1,1,4,4,4,549,6.309918278226516,0,0,4,3,9,1,1,183.0
2,2,2,1.0986122886681098,1,2,2,2,2,5,1.791759469228055,0,2,0,5,5,3316,8.106816038947052,1,1,1,5,6,1,1,1421.0
4,1,3,1.3862943611198906,0,0,3,3,3,8,2.1972245773362196,1,2,3,1,8,1171,7.066466970136958,0,1,1,2,1,1,0,532.0
0,4,3,1.3862943611198906,0,0,3,3,3,7,2.0794415416798357,0,1,2,0,7,2306,7.7437032581737535,1,2,1,3,6,1,0,923.0
4,2,3,1.3862943611198906,0,0,3,3,3,9,2.302585092994046,0,0,4,2,9,1768,7.478169694159785,1,1,3,4,8,1,1,884.0
2,4,1,0.6931471805599453,0,1,1,1,1,2,1.0986122886681098,1,2,2,2,2,4452,8.401333305321703,1,0,2,0,2,1,3,1484.0
3,4,1,0.6931471805599453,0,1,1,1,1,3,1.3862943611198906,0,0,3,3,3,1681,7.427738840532894,0,1,1,1,1,1,2,840.0
3,3,3,1.3862943611198906,0,0,3,3,3,6,1.9459101490553132,1,0,1,6,6,855,6.752270376141742,0,0,0,1,5,3,2,285.0
0,1,2,1.0986122886681098,1,2,2,2,2,4,1.6094379124341003,1,1,4,4,4,2116,7.6577552711348655,1,1,1,2,6,2,3,705.0
4,0,2,1.0986122886681098,1,2,2,2,2,7,2.0794415416798357,0,1,2,0,7,3920,8.27410200229233,1,2,0,0,0,1,2,1743.0
3,2,2,1.0986122886681098,1,2,2,2,2,4,1.6094379124341003,1,1,4,4,4,3425,8.139148678884066,0,2,0,2,5,1,1,1141.0
1,3,2,1.0986122886681098,1,2,2,2,2,6,1.9459101490553132,1,0,1,6,6,2184,7.68937110752969,1,0,4,0,4,2,3,1092.0
0,0,1,0.6931471805599453,0,1,1,1,1,7,2.0794415416798357,0,1,2,0,7,2304,7.742835955430749,1,0,4,1,4,1,2,1152.0
4,3,3,1.3862943611198906,0,0,3,3,3,5,1.791759469228055,0,2,0,5,5,2422,7.792761720816526,1,1,2,0,2,1,0,908.0
0,1,1,0.6931471805599453,0,1,1,1,1,5,1.791759469228055,0,2,0,5,5,1903,7.55171221535131,0,1,3,6,3,1,2,951.0
4,4,3,1.3862943611198906,0,0,3,3,3,7,2.0794415416798357,0,1,2,0,7,3942,8.279697133877628,1,0,2,1,2,1,1,1578.0
1,2,1,0.6931471805599453,0,1,1,1,1,2,1.0986122886681098,1,2,2,2,2,2725,7.9105906122564775,0,1,0,2,5,1,2,908.0
4,2,3,1.3862943611198906,0,0,3,3,3,6,1.9459101490553132,1,0,1,6,6,1302,7.172424577124845,1,0,2,0,2,3,3,434.0
4,4,2,1.0986122886681098,1,2,2,2,2,7,2.0794415416798357,0,1,2,0,7,3094,8.037543185118697,1,1,4,0,4,1,2,1375.0
3,3,2,1.0986122886681098,1,2,2,2,2,6,1.9459101490553132,1,0,1,6,6,2391,7.779885115070522,0,0,1,4,1,1,1,1195.0
3,2,3,1.3862943611198906,0,0,3,3,3,4,1.6094379124341003,1,1,4,4,4,3241,8.08394570229562,0,1,1,0,1,1,0,1389.0
2,0,2,1.0986122886681098,1,2,2,2,2,5,1.791759469228055,0,2,0,5,5,4243,8.353261499733874,0,1,3,1,3,1,0,1819.0
4,2,2,1.0986122886681098,1,2,2,2,2,5,1.791759469228055,0,2,0,5,5,3142,8.052933036797567,1,1,2,6,2,1,1,1346.0
0,2,2,1.0986122886681098,1,2,2,2,2,3,1.3862943611198906,0,0,3,3,3,2446,7.802618063442671,1,1,1,3,6,1,1,979.0
2,3,3,1.3862943611198906,0,0,3,3,3,8,2.1972245773362196,1,2,3,1,8,1379,7.22983877815125,0,2,4,0,9,1,0,627.0
2,1,3,1.3862943611198906,0,0,3,3,3,4,1.6094379124341003,1,1,4,4,4,712,6.569481420414296,1,1,2,5,2,1,1,305.0
0,4,2,1.0986122886681098,1,2,2,2,2,3,1.3862943611198906,0,0,3,3,3,4909,8.499029220788566,0,1,4,2,9,1,0,1963.0
1,2,3,1.3862943611198906,0,0,3,3,3,9,2.302585092994046,0,0,4,2,9,3422,8.138272638530186,1,2,2,6,2,1,1,1712.0
2,2,3,1.3862943611198906,0,0,3,3,3,6,1.9459101490553132,1,0,1,6,6,486,6.18826412308259,1,0,1,3,6,3,3,162.0
0,3,3,1.3862943611198906,0,0,3,3,3,7,2.0794415416798357,0,1,2,0,7,2771,7.927324360309794,0,2,1,6,1,1,0,1109.0
3,4,2,1.0986122886681098,1,2,2,2,2,6,1.9459101490553132,1,0,1,6,6,4884,8.493924564476883,1,0,4,5,4,2,3,2442.0
1,3,3,1.3862943611198906,0,0,3,3,3,6,1.9459101490553132,1,0,1,6,6,847,6.742880635791903,0,1,2,0,7,1,1,283.0
4,1,3,1.3862943611198906,0,0,3,3,3,8,2.1972245773362196,1,2,3,1,8,4334,8.374476889214643,1,2,4,1,4,1,0,1970.0
1,1,2,1.0986122886681098,1,2,2,2,2,5,1.791759469228055,0,2,0,5,5,654,6.484635235635252,1,0,4,3,4,1,1,280.0
0,0,2,1.0986122886681098,1,2,2,2,2,5,1.791759469228055,0,2,0,5,5,431,6.068425588244111,0,2,1,4,1,1,0,185.0
2,0,1,0.6931471805599453,0,1,1,1,1,7,2.0794415416798357,0,1,2,0,7,4144,8.329658067569396,1,1,4,0,4,1,3,2072.0
1,1,3,1.3862943611198906,0,0,3,3,3,4,1.6094379124341003,1,1,4,4,4,4495,8.410943391573527,0,1,0,1,5,1,0,1927.0
1,0,1,0.6931471805599453,0,1,1,1,1,5,1.791759469228055,0,2,0,5,5,4191,8.340933226000878,0,0,1,5,1,1,2,2095.0
2,1,2,1.0986122886681098,1,2,2,2,2,5,1.791759469228055,0,2,0,5,5,4704,8.45638105201948,1,0,4,0,4,1,1,2016.0
3,3,1,0.6931471805599453,0,1,1,1,1,4,1.6094379124341003,1,1,4,4,4,1212,7.10085190894405,1,0,2,1,2,1,3,485.0
3,2,1,0.6931471805599453,0,1,1,1,1,2,1.0986122886681098,1,2,2,2,2,1883,7.5411524551363085,0,2,3,0,3,1,2,627.0
2,2,2,1.0986122886681098,1,2,2,2,2,7,2.0794415416798357,0,1,2,0,7,1152,7.050122520269059,1,0,2,4,2,1,1,512.0
0,1,2,1.0986122886681098,1,2,2,2,2,5,1.791759469228055,0,2,0,5,5,2042,7.622174594817622,1,2,2,5,2,1,1,875.0
3,2,1,0.6931471805599453,0,1,1,1,1,2,1.0986122886681098,1,2,2,2,2,4981,8.513586695822125,0,1,1,4,1,1,2,1660.0
3,2,3,1.3862943611198906,0,0,3,3,3,5,1.791759469228055,0,2,0,5,5,512,6.240275845170769,1,2,2,1,2,1,0,192.0
4,2,2,1.0986122886681098,1,2,2,2,2,8,2.1972245773362196,1,2,3,1,8,1565,7.356279876550748,0,2,0,4,5,1,1,627.0
2,3,2,1.0986122886681098,1,2,2,2,2,6,1.9459101490553132,1,0,1,6,6,377,5.934894195619588,0,2,2,6,7,1,1,189.0
1,2,3,1.3862943611198906,0,0,3,3,3,5,1.791759469228055,0,2,0,5,5,1287,7.160845906664299,0,0,2,6,7,1,1,482.0
2,1,3,1.3862943611198906,0,0,3,3,3,6,1.9459101490553132,1,0,1,6,6,2644,7.8804263442924,1,1,4,5,4,1,1,881.0
0,4,1,0.6931471805599453,0,1,1,1,1,6,1.9459101490553132,1,0,1,6,6,2341,7.758760544157663,0,1,1,3,1,1,2,1003.0
0,0,1,0.6931471805599453,0,1,1,1,1,6,1.9459101490553132,1,0,1,6,6,2265,7.725771441587952,0,0,0,4,5,1,2,971.0
4,3,3,1.3862943611198906,0,0,3,3,3,5,1.791759469228055,0,2,0,5,5,3940,8.279189777195004,1,1,0,6,0,1,1,1478.0
0,2,3,1.3862943611198906,0,0,3,3,3,6,1.9459101490553132,1,0,1,6,6,375,5.929589143389895,0,0,0,4,5,3,2,125.0
1,1,1,0.6931471805599453,0,1,1,1,1,4,1.6094379124341003,1,1,4,4,4,269,5.598421958998375,0,2,4,3,9,1,2,107.0
1,0,2,1.0986122886681098,1,2,2,2,2,6,1.9459101490553132,1,0,1,6,6,3968,8.286269452783065,1,2,3,6,8,2,2,1984.0
1,2,1,0.6931471805599453,0,1,1,1,1,2,1.0986122886681098,1,2,2,2,2,2986,8.00202481821611,1,1,1,4,6,1,3,995.0
1,0,3,1.3862943611198906,0,0,3,3,3,7,2.0794415416798357,0,1,2,0,7,4339,8.375629627094451,0,1,4,6,9,1,0,1735.0
1,2,3,1.3862943611198906,0,0,3,3,3,8,2.1972245773362196,1,2,3,1,8,2758,7.922623574217286,1,1,3,0,8,1,0,1254.0
4,2,2,1.0986122886681098,1,2,2,2,2,8,2.1972245773362196,1,2,3,1,8,3673,8.20903626577507,0,1,3,5,3,1,1,1469.0
4,4,2,1.0986122886681098,1,2,2,2,2,5,1.791759469228055,0,2,0,5,5,1680,7.427144133408616,1,0,0,0,0,1,2,720.0
2,1,3,1.3862943611198906,0,0,3,3,3,4,1.6094379124341003,1,1,4,4,4,3428,8.14002395246292,1,2,3,5,8,1,1,1469.0
4,1,3,1.3862943611198906,0,0,3,3,3,5,1.791759469228055,0,2,0,5,5,2423,7.793174347189205,0,2,3,1,3,1,0,908.0
2,0,1,0.6931471805599453,0,1,1,1,1,3,1.3862943611198906,0,0,3,3,3,1709,7.444248649496705,0,2,4,1,9,1,2,854.0
0,4,2,1.0986122886681098,1,2,2,2,2,5,1.791759469228055,0,2,0,5,5,560,6.329720905522696,1,2,0,0,0,1,2,240.0
2,3,3,1.3862943611198906,0,0,3,3,3,7,2.0794415416798357,0,1,2,0,7,173,5.159055299214529,0,2,3,5,3,1,0,70.0
1,3,3,1.3862943611198906,0,0,3,3,3,4,1.6094379124341003,1,1,4,4,4,4097,8.318254328798846,0,2,2,2,7,1,0,1757.0
0,3,1,0.6931471805599453,0,1,1,1,1,3,1.3862943611198906,0,0,3,3,3,179,5.19295685089021,0,2,4,4,9,1,2,89.0
1,4,3,1.3862943611198906,0,0,3,3,3,5,1.791759469228055,0,2,0,5,5,1080,6.985641817639208,1,0,0,2,0,1,2,405.0
1,0,1,0.6931471805599453,0,1,1,1,1,5,1.791759469228055,0,2,0,5,5,758,6.63200177739563,1,2,3,2,8,1,2,379.0
1,3,3,1.3862943611198906,0,0,3,3,3,5,1.791759469228055,0,2,0,5,5,2521,7.8328075165248645,0,1,1,1,1,1,0,946.0
0,3,3,1.3862943611198906,0,0,3,3,3,7,2.0794415416798357,0,1,2,0,7,1910,7.555381944240273,1,2,0,6,0,1,0,764.0
0,0,1,0.6931471805599453,0,1,1,1,1,7,2.0794415416798357,0,1,2,0,7,1189,7.081708586105575,0,1,4,6,9,1,2,594.0
3,1,3,1.3862943611198906,0,0,3,3,3,6,1.9459101490553132,1,0,1,6,6,4164,8.334471554600944,1,0,4,6,4,3,3,1388.0
4,3,3,1.3862943611198906,0,0,3,3,3,7,2.0794415416798357,0,1,2,0,7,4689,8.453187861440325,0,0,4,6,9,1,1,1875.0
0,2,1,0.6931471805599453,0,1,1,1,1,5,1.791759469228055,0,2,0,5,5,4417,8.393442383980062,0,1,2,0,7,1,2,2208.0
2,0,3,1.3862943611198906,0,0,3,3,3,7,2.0794415416798357,0,1,2,0,7,3037,8.018954683155718,0,1,2,6,7,1,0,1215.0
4,4,3,1.3862943611198906,0,0,3,3,3,6,1.9459101490553132,1,0,1,6,6,243,5.497168225293202,0,0,3,5,3,3,2,81.0
2,3,3,1.3862943611198906,0,0,3,3,3,9,2.302585092994046,0,0,4,2,9,1768,7.478169694159785,1,1,3,4,8,1,1,884.0
2,4,3,1.3862943611198906,0,0,3,3,3,7,2.0794415416798357,0,1,2,0,7,3521,8.166784289056151,0,2,1,0,1,1,1,1409.0
0,0,2,1.0986122886681098,1,2,2,2,2,5,1.791759469228055,0,2,0,5,5,4965,8.510369966068112,0,0,0,2,5,1,1,2128.0
0,3,2,1.0986122886681098,1,2,2,2,2,4,1.6094379124341003,1,1,4,4,4,2876,7.964503363551548,1,2,1,6,6,2,3,959.0
2,4,3,1.3862943611198906,0,0,3,3,3,6,1.9459101490553132,1,0,1,6,6,878,6.778784897685177,1,2,3,3,8,1,1,293.0
2,1,2,1.0986122886681098,1,2,2,2,2,3,1.3862943611198906,0,0,3,3,3,4631,8.440744019252831,0,2,1,4,1,1,0,1853.0
3,0,2,1.0986122886681098,1,2,2,2,2,8,2.1972245773362196,1,2,3,1,8,1059,6.966024187106113,0,0,4,2,9,1,1,423.0
2,2,1,0.6931471805599453,0,1,1,1,1,4,1.6094379124341003,1,1,4,4,4,1625,7.3938782901077555,0,2,0,1,5,1,2,650.0
2,0,1,0.6931471805599453,0,1,1,1,1,4,1.6094379124341003,1,1,4,4,4,4092,8.317033476492403,1,0,2,4,2,1,3,1637.0
0,4,1,0.6931471805599453,0,1,1,1,1,2,1.0986122886681098,1,2,2,2,2,1159,7.05617528410041,0,1,4,4,9,1,2,386.0
0,3,3,1.3862943611198906,0,0,3,3,3,8,2.1972245773362196,1,2,3,1,8,358,5.883322388488279,1,1,3,1,8,1,0,163.0
0,4,2,1.0986122886681098,1,2,2,2,2,6,1.9459101490553132,1,0,1,6,6,1055,6.962243464266207,0,2,0,5,5,1,1,527.0
1,0,3,1.3862943611198906,0,0,3,3,3,4,1.6094379124341003,1,1,4,4,4,3712,8.21959545417708,1,1,2,2,2,1,1,1592.0
0,2,1,0.6931471805599453,0,1,1,1,1,3,1.3862943611198906,0,0,3,3,3,1892,7.545918151209323,1,2,2,2,2,1,2,946.0
2,1,1,0.6931471805599453,0,1,1,1,1,3,1.3862943611198906,0,0,3,3,3,2932,7.983781068977451,1,1,2,6,2,1,2,1466.0
3,4,3,1.3862943611198906,0,0,3,3,3,5,1.791759469228055,0,2,0,5,5,975,6.883462586413092,0,0,0,2,5,1,2,365.0
3,4,1,0.6931471805599453,0,1,1,1,1,5,1.791759469228055,0,2,0,5,5,769,6.646390514847729,0,1,4,6,9,1,2,384.0
2,2,3,1.3862943611198906,0,0,3,3,3,7,2.0794415416798357,0,1,2,0,7,2547,7.843064016692054,0,0,2,6,7,1,1,1019.0
4,1,3,1.3862943611198906,0,0,3,3,3,8,2.1972245773362196,1,2,3,1,8,4582,8.430109084509125,1,1,2,4,2,1,0,2083.0
3,1,3,1.3862943611198906,0,0,3,3,3,9,2.302585092994046,0,0,4,2,9,4857,8.488382109562117,0,0,2,6,7,3,2,2429.0
3,2,2,1.0986122886681098,1,2,2,2,2,8,2.1972245773362196,1,2,3,1,8,4923,8.501876487304344,0,0,3,2,3,1,1,1969.0
2,2,1,0.6931471805599453,0,1,1,1,1,7,2.0794415416798357,0,1,2,0,7,4220,8.347827345782498,1,2,0,6,0,1,2,2110.0
2,3,2,1.0986122886681098,1,2,2,2,2,4,1.6094379124341003,1,1,4,4,4,634,6.453624998892692,1,1,4,4,4,2,2,211.0
3,1,1,0.6931471805599453,0,1,1,1,1,2,1.0986122886681098,1,2,2,2,2,2339,7.757906208351747,0,2,4,1,9,1,2,779.0
3,0,1,0.6931471805599453,0,1,1,1,1,2,1.0986122886681098,1,2,2,2,2,1685,7.430114138561801,0,2,0,5,5,1,2,561.0
2,0,2,1.0986122886681098,1,2,2,2,2,6,1.9459101490553132,1,0,1,6,6,205,5.327876168789581,0,1,0,2,5,1,1,103.0
0,2,1,0.6931471805599453,0,1,1,1,1,7,2.0794415416798357,0,1,2,0,7,1069,6.975413927455952,0,1,4,5,9,1,2,534.0
3,2,2,1.0986122886681098,1,2,2,2,2,5,1.791759469228055,0,2,0,5,5,3525,8.167919362957816,0,0,0,4,5,1,1,1511.0
2,1,1,0.6931471805599453,0,1,1,1,1,2,1.0986122886681098,1,2,2,2,2,4654,8.445697189711167,1,1,4,6,4,1,3,1551.0
4,2,1,0.6931471805599453,0,1,1,1,1,2,1.0986122886681098,1,2,2,2,2,4003,8.295049140435111,0,1,3,6,3,1,2,1334.0
3,3,1,0.6931471805599453,0,1,1,1,1,4,1.6094379124341003,1,1,4,4,4,1770,7.479299637782834,1,0,0,6,0,1,2,708.0
3,2,2,1.0986122886681098,1,2,2,2,2,5,1.791759469228055,0,2,0,5,5,879,6.779921907472252,0,0,4,4,9,1,0,377.0
0,4,1,0.6931471805599453,0,1,1,1,1,6,1.9459101490553132,1,0,1,6,6,2611,7.867871490396322,0,1,1,0,1,1,2,1119.0
0,4,2,1.0986122886681098,1,2,2,2,2,8,2.1972245773362196,1,2,3,1,8,3431,8.140898460607852,0,2,1,1,1,1,1,1373.0
0,0,3,1.3862943611198906,0,0,3,3,3,7,2.0794415416798357,0,1,2,0,7,988,6.8966943316227125,1,1,3,1,8,1,0,395.0
4,2,2,1.0986122886681098,1,2,2,2,2,5,1.791759469228055,0,2,0,5,5,1392,7.239214973779806,1,0,2,6,2,1,1,596.0
1,0,1,0.6931471805599453,0,1,1,1,1,5,1.791759469228055,0,2,0,5,5,4921,8.501470230951002,0,1,1,0,1,1,2,2460.0
2,1,2,1.0986122886681098,1,2,2,2,2,8,2.1972245773362196,1,2,3,1,8,3578,8.182838710766026,1,2,3,1,8,2,2,1431.0
4,3,1,0.6931471805599453,0,1,1,1,1,3,1.3862943611198906,0,0,3,3,3,302,5.713732805509369,1,2,2,1,2,1,2,151.0
2,3,1,0.6931471805599453,0,1,1,1,1,5,1.791759469228055,0,2,0,5,5,456,6.124683390894205,1,0,1,1,6,1,2,228.0
4,0,1,0.6931471805599453,0,1,1,1,1,7,2.0794415416798357,0,1,2,0,7,116,4.762173934797756,1,2,1,4,6,1,2,58.0
4,1,1,0.6931471805599453,0,1,1,1,1,7,2.0794415416798357,0,1,2,0,7,1172,7.067319848653476,1,2,2,3,2,1,2,586.0
2,2,3,1.3862943611198906,0,0,3,3,3,5,1.791759469228055,0,2,0,5,5,4668,8.448700194970938,1,0,3,6,8,1,1,1751.0
0,1,2,1.0986122886681098,1,2,2,2,2,8,2.1972245773362196,1,2,3,1,8,1031,6.939253946041508,0,2,1,2,1,1,1,413.0
3,3,2,1.0986122886681098,1,2,2,2,2,6,1.9459101490553132,1,0,1,6,6,753,6.625392368007956,0,0,3,4,3,1,1,377.0
0,0,1,0.6931471805599453,0,1,1,1,1,3,1.3862943611198906,0,0,3,3,3,3668,8.207674424355282,1,2,3,0,8,1,2,1834.0
2,4,1,0.6931471805599453,0,1,1,1,1,7,2.0794415416798357,0,1,2,0,7,432,6.07073772800249,1,0,2,5,2,1,2,216.0
4,1,2,1.0986122886681098,1,2,2,2,2,5,1.791759469228055,0,2,0,5,5,136,4.919980925828125,1,1,1,3,6,1,1,58.0
3,2,1,0.6931471805599453,0,1,1,1,1,3,1.3862943611198906,0,0,3,3,3,3631,8.197538739721184,0,1,1,5,1,1,2,1815.0
4,0,1,0.6931471805599453,0,1,1,1,1,6,1.9459101490553132,1,0,1,6,6,4751,8.466320861042481,0,2,1,5,1,1,2,2036.0
4,0,3,1.3862943611198906,0,0,3,3,3,7,2.0794415416798357,0,1,2,0,7,1609,7.383989457978509,0,1,4,6,9,1,0,643.0
2,4,3,1.3862943611198906,0,0,3,3,3,8,2.1972245773362196,1,2,3,1,8,3608,8.19118600464279,1,2,3,3,8,1,1,1640.0
3,3,2,1.0986122886681098,1,2,2,2,2,4,1.6094379124341003,1,1,4,4,4,2222,7.706612913964197,1,2,2,3,2,2,2,741.0
0,4,1,0.6931471805599453,0,1,1,1,1,5,1.791759469228055,0,2,0,5,5,690,6.53813982376767,1,0,0,4,0,1,3,345.0
1,1,1,0.6931471805599453,0,1,1,1,1,3,1.3862943611198906,0,0,3,3,3,1728,7.455298485683291,1,0,3,6,8,1,3,864.0
0,3,3,1.3862943611198906,0,0,3,3,3,7,2.0794415416798357,0,1,2,0,7,1124,7.025538314638521,1,2,4,4,4,1,0,450.0
2,0,1,0.6931471805599453,0,1,1,1,1,7,2.0794415416798357,0,1,2,0,7,4297,8.365905077202456,0,1,2,6,7,1,2,2148.0
3,3,3,1.3862943611198906,0,0,3,3,3,7,2.0794415416798357,0,1,2,0,7,3367,8.122074375362217,0,1,2,0,7,1,1,1347.0
1,0,3,1.3862943611198906,0,0,3,3,3,9,2.302585092994046,0,0,4,2,9,3497,8.159946655578548,0,2,2,4,7,1,1,1748.0
4,1,2,1.0986122886681098,1,2,2,2,2,6,1.9459101490553132,1,0,1,6,6,4931,8.503499864284235,0,2,1,3,1,1,1,2465.0
1,1,3,1.3862943611198906,0,0,3,3,3,9,2.302585092994046,0,0,4,2,9,3698,8.215817791832453,1,2,3,2,8,1,1,1850.0
1,2,3,1.3862943611198906,0,0,3,3,3,5,1.791759469228055,0,2,0,5,5,132,4.890349128221754,1,0,2,6,2,1,1,50.0
0,1,2,1.0986122886681098,1,2,2,2,2,8,2.1972245773362196,1,2,3,1,8,1071,6.977281341630747,0,0,1,0,1,1,1,429.0
3,3,2,1.0986122886681098,1,2,2,2,2,4,1.6094379124341003,1,1,4,4,4,399,5.991464547107982,0,0,4,0,9,1,1,133.0
4,0,1,0.6931471805599453,0,1,1,1,1,4,1.6094379124341003,1,1,4,4,4,1721,7.451241684987676,0,2,1,6,1,1,2,688.0
0,3,2,1.0986122886681098,1,2,2,2,2,4,1.6094379124341003,1,1,4,4,4,3437,8.142645185942795,0,2,2,0,7,1,1,1145.0
0,0,3,1.3862943611198906,0,0,3,3,3,8,2.1972245773362196,1,2,3,1,8,4852,8.487352349405215,1,1,2,1,2,1,0,2206.0
3,1,3,1.3862943611198906,0,0,3,3,3,6,1.9459101490553132,1,0,1,6,6,3158,8.058010800802085,1,2,3,1,8,1,1,1052.0
3,3,3,1.3862943611198906,0,0,3,3,3,6,1.9459101490553132,1,0,1,6,6,609,6.413458957167357,0,0,4,0,9,3,2,203.0
1,0,1,0.6931471805599453,0,1,1,1,1,3,1.3862943611198906,0,0,3,3,3,3089,8.035926369891792,0,2,4,2,9,1,2,1544.0
1,1,3,1.3862943611198906,0,0,3,3,3,6,1.9459101490553132,1,0,1,6,6,1206,7.095893221097532,1,0,1,2,6,3,3,402.0
2,4,2,1.0986122886681098,1,2,2,2,2,8,2.1972245773362196,1,2,3,1,8,3480,8.15507488781144,1,0,0,1,0,2,3,1392.0
0,1,1,0.6931471805599453,0,1,1,1,1,4,1.6094379124341003,1,1,4,4,4,4976,8.512582578858554,1,2,1,6,6,1,3,1990.0
2,3,2,1.0986122886681098,1,2,2,2,2,3,1.3862943611198906,0,0,3,3,3,2481,7.8168199657645525,0,0,1,3,1,1,1,993.0
3,1,1,0.6931471805599453,0,1,1,1,1,5,1.791759469228055,0,2,0,5,5,3371,8.123261319121745,0,2,1,4,1,1,2,1685.0
2,4,2,1.0986122886681098,1,2,2,2,2,8,2.1972245773362196,1,2,3,1,8,4566,8.426611813185,1,0,1,2,6,2,2,1827.0
1,0,1,0.6931471805599453,0,1,1,1,1,3,1.3862943611198906,0,0,3,3,3,666,6.502790045915623,1,0,1,1,6,1,3,333.0
1,3,3,1.3862943611198906,0,0,3,3,3,8,2.1972245773362196,1,2,3,1,8,2132,7.665284718471351,1,2,2,4,2,1,0,969.0
1,4,1,0.6931471805599453,0,1,1,1,1,5,1.791759469228055,0,2,0,5,5,4190,8.340694647925071,1,2,0,4,0,1,3,2095.0
4,1,2,1.0986122886681098,1,2,2,2,2,7,2.0794415416798357,0,1,2,0,7,3208,8.073714641109857,1,1,3,2,8,1,1,1426.0
1,1,1,0.6931471805599453,0,1,1,1,1,4,1.6094379124341003,1,1,4,4,4,3830,8.25088114470065,1,2,0,1,0,1,2,1532.0
2,4,1,0.6931471805599453,0,1,1,1,1,5,1.791759469228055,0,2,0,5,5,3924,8.275121630216509,1,0,4,4,4,1,2,1962.0
0,2,2,1.0986122886681098,1,2,2,2,2,3,1.3862943611198906,0,0,3,3,3,1755,7.470793774195062,0,0,0,5,5,1,1,702.0
1,2,1,0.6931471805599453,0,1,1,1,1,7,2.0794415416798357,0,1,2,0,7,2279,7.731930721948486,0,2,4,4,9,1,2,1139.0
1,1,1,0.6931471805599453,0,1,1,1,1,2,1.0986122886681098,1,2,2,2,2,1282,7.1569563646156364,1,1,2,1,2,1,3,427.0
3,4,2,1.0986122886681098,1,2,2,2,2,6,1.9459101490553132,1,0,1,6,6,4240,8.352554369474591,1,1,0,5,0,2,2,2120.0
3,3,1,0.6931471805599453,0,1,1,1,1,2,1.0986122886681098,1,2,2,2,2,543,6.298949246855942,0,0,3,4,3,1,2,181.0
2,1,1,0.6931471805599453,0,1,1,1,1,3,1.3862943611198906,0,0,3,3,3,2980,8.000014093678072,1,1,0,5,0,1,2,1490.0
2,0,1,0.6931471805599453,0,1,1,1,1,5,1.791759469228055,0,2,0,5,5,3994,8.292798858200374,1,1,4,4,4,1,2,1997.0
3,1,2,1.0986122886681098,1,2,2,2,2,4,1.6094379124341003,1,1,4,4,4,4427,8.395703293828527,0,2,2,3,7,1,1,1475.0
4,3,3,1.3862943611198906,0,0,3,3,3,6,1.9459101490553132,1,0,1,6,6,315,5.755742213586912,0,0,0,0,5,3,2,105.0
3,2,3,1.3862943611198906,0,0,3,3,3,8,2.1972245773362196,1,2,3,1,8,3857,8.257904193465674,0,2,2,0,7,1,0,1754.0
0,1,3,1.3862943611198906,0,0,3,3,3,9,2.302585092994046,0,0,4,2,9,2687,7.89655270164304,0,2,2,6,7,1,1,1343.0
1,0,2,1.0986122886681098,1,2,2,2,2,3,1.3862943611198906,0,0,3,3,3,1434,7.268920128193722,1,0,4,6,4,1,2,573.0
2,1,2,1.0986122886681098,1,2,2,2,2,7,2.0794415416798357,0,1,2,0,7,259,5.560681631015528,0,1,4,0,9,1,1,115.0
1,0,1,0.6931471805599453,0,1,1,1,1,6,1.9459101490553132,1,0,1,6,6,1982,7.592366128519796,1,2,2,1,2,1,2,849.0
0,2,1,0.6931471805599453,0,1,1,1,1,6,1.9459101490553132,1,0,1,6,6,4070,8.31164394850298,1,2,0,3,0,1,2,1744.0
0,2,1,0.6931471805599453,0,1,1,1,1,4,1.6094379124341003,1,1,4,4,4,318,5.765191102784844,1,0,3,3,8,1,2,127.0
4,0,2,1.0986122886681098,1,2,2,2,2,5,1.791759469228055,0,2,0,5,5,2495,7.822444729489319,0,2,0,3,5,1,1,1069.0
0,1,2,1.0986122886681098,1,2,2,2,2,3,1.3862943611198906,0,0,3,3,3,3645,8.201385955238608,0,0,0,5,5,1,1,1458.0
4,2,1,0.6931471805599453,0,1,1,1,1,5,1.791759469228055,0,2,0,5,5,3295,8.100464891029363,0,1,0,5,5,1,3,1647.0
1,2,2,1.0986122886681098,1,2,2,2,2,8,2.1972245773362196,1,2,3,1,8,2483,7.81762544305337,0,2,3,5,3,1,1,993.0
3,0,1,0.6931471805599453,0,1,1,1,1,3,1.3862943611198906,0,0,3,3,3,2434,7.79770203551669,1,1,4,5,4,1,2,1217.0
1,4,2,1.0986122886681098,1,2,2,2,2,4,1.6094379124341003,1,1,4,4,4,2297,7.739794458408701,0,2,2,1,7,1,1,765.0
4,2,1,0.6931471805599453,0,1,1,1,1,5,1.791759469228055,0,2,0,5,5,2410,7.787796878181171,1,1,0,2,0,1,3,1205.0
1,1,3,1.3862943611198906,0,0,3,3,3,4,1.6094379124341003,1,1,4,4,4,1420,7.259116128097101,1,1,0,6,0,1,1,608.0
1,2,3,1.3862943611198906,0,0,3,3,3,7,2.0794415416798357,0,1,2,0,7,4410,8.39185670010494,1,0,0,0,0,1,2,1764.0
2,4,2,1.0986122886681098,1,2,2,2,2,3,1.3862943611198906,0,0,3,3,3,2062,7.631916513071252,1,1,2,4,2,1,1,825.0
0,2,2,1.0986122886681098,1,2,2,2,2,3,1.3862943611198906,0,0,3,3,3,3454,8.14757773620177,1,1,4,3,4,1,1,1381.0
3,3,3,1.3862943611198906,0,0,3,3,3,7,2.0794415416798357,0,1,2,0,7,4728,8.461469042643875,1,0,3,3,8,1,1,1891.0
2,0,1,0.6931471805599453,0,1,1,1,1,4,1.6094379124341003,1,1,4,4,4,1588,7.370860166536716,1,1,3,6,8,1,3,635.0
2,0,1,0.6931471805599453,0,1,1,1,1,3,1.3862943611198906,0,0,3,3,3,1623,7.392647520721623,0,0,3,6,3,1,3,811.0
4,3,2,1.0986122886681098,1,2,2,2,2,6,1.9459101490553132,1,0,1,6,6,4357,8.379768515504566,0,1,2,3,7,1,1,2179.0
2,4,1,0.6931471805599453,0,1,1,1,1,7,2.0794415416798357,0,1,2,0,7,3521,8.166784289056151,0,2,1,0,1,1,3,1760.0
2,4,3,1.3862943611198906,0,0,3,3,3,5,1.791759469228055,0,2,0,5,5,2098,7.649216319820633,1,1,3,5,8,1,0,788.0
0,0,2,1.0986122886681098,1,2,2,2,2,5,1.791759469228055,0,2,0,5,5,239,5.480638923341991,0,2,4,1,9,1,0,103.0
2,1,3,1.3862943611198906,0,0,3,3,3,9,2.302585092994046,0,0,4,2,9,4320,8.371242135931933,1,0,0,1,0,3,3,2160.0
3,1,2,1.0986122886681098,1,2,2,2,2,5,1.791759469228055,0,2,0,5,5,2808,7.940583827104244,1,0,3,1,8,1,1,1204.0
1,2,1,0.6931471805599453,0,1,1,1,1,4,1.6094379124341003,1,1,4,4,4,2908,7.975564658495202,1,1,3,3,8,1,3,1163.0
3,3,1,0.6931471805599453,0,1,1,1,1,4,1.6094379124341003,1,1,4,4,4,172,5.153291594497779,1,1,2,4,2,1,3,69.0
2,0,2,1.0986122886681098,1,2,2,2,2,7,2.0794415416798357,0,1,2,0,7,1663,7.416979621381154,0,1,3,4,3,1,0,739.0
1,0,2,1.0986122886681098,1,2,2,2,2,5,1.791759469228055,0,2,0,5,5,923,6.828712071641684,0,2,3,6,3,1,0,395.0
3,4,2,1.0986122886681098,1,2,2,2,2,5,1.791759469228055,0,2,0,5,5,1778,7.483806687665835,1,2,3,0,8,1,1,762.0
1,4,2,1.0986122886681098,1,2,2,2,2,6,1.9459101490553132,1,0,1,6,6,1444,7.275864600546533,1,1,4,2,4,2,2,722.0
4,4,3,1.3862943611198906,0,0,3,3,3,8,2.1972245773362196,1,2,3,1,8,495,6.206575926724928,0,0,0,5,5,1,1,225.0
2,3,3,1.3862943611198906,0,0,3,3,3,9,2.302585092994046,0,0,4,2,9,4396,8.388677769180811,1,1,1,0,6,1,1,2198.0
2,4,3,1.3862943611198906,0,0,3,3,3,6,1.9459101490553132,1,0,1,6,6,2737,7.914983005848394,0,1,2,0,7,1,1,913.0
2,0,2,1.0986122886681098,1,2,2,2,2,6,1.9459101490553132,1,0,1,6,6,330,5.802118375377063,1,0,0,1,0,2,3,165.0
3,3,1,0.6931471805599453,0,1,1,1,1,6,1.9459101490553132,1,0,1,6,6,581,6.366470447731438,0,2,1,0,1,1,2,249.0
3,0,2,1.0986122886681098,1,2,2,2,2,6,1.9459101490553132,1,0,1,6,6,3248,8.0861025356691,1,2,3,0,8,2,2,1624.0
0,0,3,1.3862943611198906,0,0,3,3,3,4,1.6094379124341003,1,1,4,4,4,430,6.066108090103747,1,1,0,3,0,1,0,185.0
0,3,2,1.0986122886681098,1,2,2,2,2,8,2.1972245773362196,1,2,3,1,8,3679,8.210668031162976,0,1,4,4,9,1,1,1471.0
2,1,1,0.6931471805599453,0,1,1,1,1,5,1.791759469228055,0,2,0,5,5,2710,7.905072849498666,1,1,0,1,0,1,3,1355.0
4,2,2,1.0986122886681098,1,2,2,2,2,5,1.791759469228055,0,2,0,5,5,2346,7.760893195851024,1,0,1,1,6,1,1,1006.0
2,0,1,0.6931471805599453,0,1,1,1,1,3,1.3862943611198906,0,0,3,3,3,4629,8.440312147080279,0,0,4,2,9,1,3,2314.0
2,2,3,1.3862943611198906,0,0,3,3,3,6,1.9459101490553132,1,0,1,6,6,2893,7.970394907191429,0,1,3,2,3,1,1,965.0
3,0,2,1.0986122886681098,1,2,2,2,2,4,1.6094379124341003,1,1,4,4,4,3964,8.285261134068948,1,1,4,2,4,2,3,1321.0
0,2,2,1.0986122886681098,1,2,2,2,2,4,1.6094379124341003,1,1,4,4,4,4870,8.491054533806542,1,1,0,5,0,2,2,1623.0
0,2,1,0.6931471805599453,0,1,1,1,1,3,1.3862943611198906,0,0,3,3,3,1722,7.45182223652793,1,0,2,0,2,1,3,861.0
1,0,2,1.0986122886681098,1,2,2,2,2,5,1.791759469228055,0,2,0,5,5,4207,8.344742754417545,0,1,2,0,7,1,0,1803.0
4,4,1,0.6931471805599453,0,1,1,1,1,6,1.9459101490553132,1,0,1,6,6,2386,7.77779262633883,1,1,1,6,6,1,2,1022.0
2,1,1,0.6931471805599453,0,1,1,1,1,6,1.9459101490553132,1,0,1,6,6,4646,8.443977129084978,1,2,1,5,6,1,2,1991.0
3,1,1,0.6931471805599453,0,1,1,1,1,4,1.6094379124341003,1,1,4,4,4,414,6.028278520230698,1,0,4,1,4,1,2,165.0
4,4,1,0.6931471805599453,0,1,1,1,1,5,1.791759469228055,0,2,0,5,5,1878,7.538494999413465,1,0,3,2,8,1,2,939.0
4,2,1,0.6931471805599453,0,1,1,1,1,2,1.0986122886681098,1,2,2,2,2,3388,8.128290171607052,1,1,3,0,8,1,3,1129.0
3,0,2,1.0986122886681098,1,2,2,2,2,6,1.9459101490553132,1,0,1,6,6,4902,8.497602541651233,1,0,2,2,2,2,3,2451.0
2,3,3,1.3862943611198906,0,0,3,3,3,6,1.9459101490553132,1,0,1,6,6,4063,8.309922989258318,0,1,3,3,3,1,1,1355.0
2,3,3,1.3862943611198906,0,0,3,3,3,9,2.302585092994046,0,0,4,2,9,654,6.484635235635252,1,0,4,3,4,3,2,327.0
3,1,1,0.6931471805599453,0,1,1,1,1,6,1.9459101490553132,1,0,1,6,6,2214,7.703007682479236,1,0,4,2,4,1,3,949.0
3,1,2,1.0986122886681098,1,2,2,2,2,6,1.9459101490553132,1,0,1,6,6,2228,7.709308333385869,1,2,3,2,8,2,2,1114.0
0,3,1,0.6931471805599453,0,1,1,1,1,3,1.3862943611198906,0,0,3,3,3,4044,8.305236829492593,1,0,4,5,4,1,3,2022.0
0,1,3,1.3862943611198906,0,0,3,3,3,6,1.9459101490553132,1,0,1,6,6,3898,8.268475388982598,1,1,3,6,8,1,1,1300.0
4,2,2,1.0986122886681098,1,2,2,2,2,8,2.1972245773362196,1,2,3,1,8,4756,8.467372496432281,1,1,1,3,6,2,2,1903.0
1,0,2,1.0986122886681098,1,2,2,2,2,8,2.1972245773362196,1,2,3,1,8,579,6.363028103540465,0,0,4,5,9,1,1,231.0
0,2,1,0.6931471805599453,0,1,1,1,1,3,1.3862943611198906,0,0,3,3,3,3386,8.127699852817772,1,2,1,5,6,1,2,1693.0
1,4,1,0.6931471805599453,0,1,1,1,1,3,1.3862943611198906,0,0,3,3,3,3124,8.047189562170502,1,1,4,2,4,1,2,1562.0
4,0,1,0.6931471805599453,0,1,1,1,1,6,1.9459101490553132,1,0,1,6,6,1985,7.593877844605118,0,2,0,4,5,1,2,851.0
4,3,1,0.6931471805599453,0,1,1,1,1,3,1.3862943611198906,0,0,3,3,3,4484,8.408493774492896,1,2,4,4,4,1,2,2242.0
0,0,2,1.0986122886681098,1,2,2,2,2,4,1.6094379124341003,1,1,4,4,4,1921,7.561121589530238,0,1,1,3,1,1,1,641.0
1,1,1,0.6931471805599453,0,1,1,1,1,2,1.0986122886681098,1,2,2,2,2,2717,7.907651594711089,0,2,2,1,7,1,2,905.0
4,2,2,1.0986122886681098,1,2,2,2,2,7,2.0794415416798357,0,1,2,0,7,2613,7.868636894184167,0,0,3,2,3,1,0,1161.0
3,2,2,1.0986122886681098,1,2,2,2,2,7,2.0794415416798357,0,1,2,0,7,119,4.787491742782046,0,2,4,0,9,1,1,53.0
3,0,3,1.3862943611198906,0,0,3,3,3,8,2.1972245773362196,1,2,3,1,8,2448,7.803435056952168,1,0,3,5,8,1,2,1113.0
0,1,3,1.3862943611198906,0,0,3,3,3,8,2.1972245773362196,1,2,3,1,8,846,6.741700694652055,1,0,1,6,6,1,1,384.0
0,0,3,1.3862943611198906,0,0,3,3,3,7,2.0794415416798357,0,1,2,0,7,152,5.030437921392435,1,2,2,5,2,1,0,62.0
4,1,3,1.3862943611198906,0,0,3,3,3,6,1.9459101490553132,1,0,1,6,6,2070,7.635786861395585,1,0,0,5,0,3,3,690.0
2,1,3,1.3862943611198906,0,0,3,3,3,9,2.302585092994046,0,0,4,2,9,1072,6.9782137426306985,1,1,2,1,2,1,1,536.0
2,4,3,1.3862943611198906,0,0,3,3,3,8,2.1972245773362196,1,2,3,1,8,4060,8.309184527686298,1,1,0,0,0,1,0,1846.0
1,3,3,1.3862943611198906,0,0,3,3,3,9,2.302585092994046,0,0,4,2,9,3150,8.055475141757274,1,0,0,0,0,3,3,1575.0
2,0,3,1.3862943611198906,0,0,3,3,3,8,2.1972245773362196,1,2,3,1,8,4014,8.297792626380861,1,0,4,3,4,1,1,1824.0
3,2,3,1.3862943611198906,0,0,3,3,3,4,1.6094379124341003,1,1,4,4,4,1572,7.360739903058278,1,0,2,4,2,1,2,674.0
0,3,3,1.3862943611198906,0,0,3,3,3,9,2.302585092994046,0,0,4,2,9,2687,7.89655270164304,0,2,2,6,7,1,1,1343.0
0,0,3,1.3862943611198906,0,0,3,3,3,6,1.9459101490553132,1,0,1,6,6,160,5.081404364984463,1,1,0,6,0,1,1,53.0
1,2,2,1.0986122886681098,1,2,2,2,2,7,2.0794415416798357,0,1,2,0,7,4223,8.348537825386098,0,2,3,2,3,1,0,1877.0
2,3,1,0.6931471805599453,0,1,1,1,1,4,1.6094379124341003,1,1,4,4,4,4463,8.403800504061147,0,2,3,4,3,1,2,1785.0
3,4,2,1.0986122886681098,1,2,2,2,2,8,2.1972245773362196,1,2,3,1,8,3416,8.136518252115291,1,2,1,0,6,2,3,1367.0
1,0,2,1.0986122886681098,1,2,2,2,2,6,1.9459101490553132,1,0,1,6,6,1798,7.4949862339505335,1,1,3,6,8,2,2,899.0
4,0,3,1.3862943611198906,0,0,3,3,3,9,2.302585092994046,0,0,4,2,9,2870,7.962415680121064,1,2,0,0,0,1,1,1436.0
0,3,2,1.0986122886681098,1,2,2,2,2,8,2.1972245773362196,1,2,3,1,8,1910,7.555381944240273,1,2,0,6,0,2,2,764.0
2,0,2,1.0986122886681098,1,2,2,2,2,7,2.0794415416798357,0,1,2,0,7,1540,7.340186835320115,1,1,0,0,0,1,2,685.0
2,0,2,1.0986122886681098,1,2,2,2,2,3,1.3862943611198906,0,0,3,3,3,3985,8.29054350077274,0,1,0,2,5,1,0,1594.0
4,0,2,1.0986122886681098,1,2,2,2,2,4,1.6094379124341003,1,1,4,4,4,4209,8.345217926676428,0,0,4,2,9,1,1,1403.0
0,4,3,1.3862943611198906,0,0,3,3,3,4,1.6094379124341003,1,1,4,4,4,3578,8.182838710766026,1,2,3,1,8,1,0,1534.0
0,3,1,0.6931471805599453,0,1,1,1,1,3,1.3862943611198906,0,0,3,3,3,2410,7.787796878181171,1,1,0,2,0,1,2,1205.0
3,1,2,1.0986122886681098,1,2,2,2,2,6,1.9459101490553132,1,0,1,6,6,3351,8.117312461601975,0,0,1,5,1,1,1,1675.0
0,3,1,0.6931471805599453,0,1,1,1,1,7,2.0794415416798357,0,1,2,0,7,691,6.539585955617669,0,1,1,5,1,1,2,345.0
4,4,1,0.6931471805599453,0,1,1,1,1,5,1.791759469228055,0,2,0,5,5,3402,8.132412674500905,1,0,2,0,2,1,2,1701.0
3,2,1,0.6931471805599453,0,1,1,1,1,3,1.3862943611198906,0,0,3,3,3,2473,7.813591552952433,0,1,3,2,3,1,2,1236.0
0,1,3,1.3862943611198906,0,0,3,3,3,5,1.791759469228055,0,2,0,5,5,4807,8.478036476215044,0,1,2,5,7,1,0,1802.0
2,3,2,1.0986122886681098,1,2,2,2,2,4,1.6094379124341003,1,1,4,4,4,2970,7.9966538754626075,1,0,0,2,0,2,2,990.0
3,1,3,1.3862943611198906,0,0,3,3,3,9,2.302585092994046,0,0,4,2,9,3400,8.131824785007195,1,1,0,5,0,1,1,1700.0
3,0,2,1.0986122886681098,1,2,2,2,2,8,2.1972245773362196,1,2,3,1,8,4223,8.348537825386098,0,2,3,2,3,1,1,1689.0
1,4,2,1.0986122886681098,1,2,2,2,2,6,1.9459101490553132,1,0,1,6,6,3669,8.207946941048617,0,0,4,1,9,1,1,1835.0
0,2,2,1.0986122886681098,1,2,2,2,2,4,1.6094379124341003,1,1,4,4,4,4128,8.32579052588609,1,0,3,5,8,2,3,1376.0
4,2,1,0.6931471805599453,0,1,1,1,1,2,1.0986122886681098,1,2,2,2,2,2645,7.880804344674901,0,2,0,6,5,1,2,881.0
4,1,2,1.0986122886681098,1,2,2,2,2,6,1.9459101490553132,1,0,1,6,6,1357,7.213768308118642,0,1,2,6,7,1,1,679.0
3,3,3,1.3862943611198906,0,0,3,3,3,9,2.302585092994046,0,0,4,2,9,829,6.721425700790643,0,1,4,3,9,1,1,415.0
1,4,3,1.3862943611198906,0,0,3,3,3,7,2.0794415416798357,0,1,2,0,7,4994,8.516192691082654,1,2,4,3,4,1,0,1998.0
2,2,1,0.6931471805599453,0,1,1,1,1,3,1.3862943611198906,0,0,3,3,3,2978,7.999342952713282,1,2,3,3,8,1,2,1489.0
2,3,2,1.0986122886681098,1,2,2,2,2,5,1.791759469228055,0,2,0,5,5,4202,8.343553835005117,1,2,2,2,2,1,1,1801.0
4,3,2,1.0986122886681098,1,2,2,2,2,4,1.6094379124341003,1,1,4,4,4,4102,8.319473692442186,1,1,2,0,2,2,2,1367.0
2,4,2,1.0986122886681098,1,2,2,2,2,4,1.6094379124341003,1,1,4,4,4,4927,8.502688505213357,0,1,2,6,7,1,1,1643.0
4,4,1,0.6931471805599453,0,1,1,1,1,7,2.0794415416798357,0,1,2,0,7,3604,8.190077049719049,1,1,4,6,4,1,2,1802.0
4,3,3,1.3862943611198906,0,0,3,3,3,5,1.791759469228055,0,2,0,5,5,1061,6.967909201801884,0,2,1,4,1,1,0,398.0
1,3,1,0.6931471805599453,0,1,1,1,1,2,1.0986122886681098,1,2,2,2,2,2208,7.700295203420117,1,0,3,3,8,1,3,736.0
3,0,3,1.3862943611198906,0,0,3,3,3,9,2.302585092994046,0,0,4,2,9,681,6.525029657843462,0,0,1,2,1,3,2,341.0
3,4,1,0.6931471805599453,0,1,1,1,1,7,2.0794415416798357,0,1,2,0,7,1218,7.105786129481271,1,0,3,0,8,1,3,609.0
4,1,3,1.3862943611198906,0,0,3,3,3,4,1.6094379124341003,1,1,4,4,4,1373,7.2254814727822945,0,2,3,1,3,1,0,589.0
2,0,2,1.0986122886681098,1,2,2,2,2,7,2.0794415416798357,0,1,2,0,7,1381,7.231287004327616,0,1,1,2,1,1,0,614.0
2,1,3,1.3862943611198906,0,0,3,3,3,4,1.6094379124341003,1,1,4,4,4,1033,6.9411900550683745,0,1,3,4,3,1,0,443.0
2,4,2,1.0986122886681098,1,2,2,2,2,8,2.1972245773362196,1,2,3,1,8,1810,7.501634457883413,1,1,0,4,0,2,2,724.0
2,1,1,0.6931471805599453,0,1,1,1,1,6,1.9459101490553132,1,0,1,6,6,4349,8.37793112408273,0,2,4,2,9,1,2,1864.0
1,4,1,0.6931471805599453,0,1,1,1,1,7,2.0794415416798357,0,1,2,0,7,2096,7.64826303090192,1,2,1,3,6,1,2,1048.0
2,1,1,0.6931471805599453,0,1,1,1,1,5,1.791759469228055,0,2,0,5,5,4978,8.512984346642183,1,1,3,1,8,1,2,2489.0
1,3,2,1.0986122886681098,1,2,2,2,2,5,1.791759469228055,0,2,0,5,5,3740,8.227108234348146,1,2,0,2,0,1,2,1603.0
2,0,3,1.3862943611198906,0,0,3,3,3,6,1.9459101490553132,1,0,1,6,6,1604,7.380879035564116,1,2,4,1,4,1,1,536.0
4,1,1,0.6931471805599453,0,1,1,1,1,3,1.3862943611198906,0,0,3,3,3,229,5.438079308923196,0,1,4,5,9,1,2,114.0
0,1,3,1.3862943611198906,0,0,3,3,3,7,2.0794415416798357,0,1,2,0,7,592,6.385194398997726,1,1,2,4,2,1,0,238.0
3,3,3,1.3862943611198906,0,0,3,3,3,9,2.302585092994046,0,0,4,2,9,268,5.594711379601839,1,1,3,2,8,1,1,134.0
0,0,2,1.0986122886681098,1,2,2,2,2,6,1.9459101490553132,1,0,1,6,6,2795,7.935945103353701,0,2,0,2,5,1,1,1397.0
4,2,1,0.6931471805599453,0,1,1,1,1,7,2.0794415416798357,0,1,2,0,7,825,6.716594773520978,0,0,0,6,5,1,2,412.0
2,3,3,1.3862943611198906,0,0,3,3,3,6,1.9459101490553132,1,0,1,6,6,3251,8.087025470667701,0,2,1,3,1,1,1,1085.0
1,4,2,1.0986122886681098,1,2,2,2,2,7,2.0794415416798357,0,1,2,0,7,681,6.525029657843462,0,0,1,2,1,1,0,303.0
4,4,1,0.6931471805599453,0,1,1,1,1,3,1.3862943611198906,0,0,3,3,3,4289,8.364042011922063,0,2,4,5,9,1,2,2144.0
3,1,3,1.3862943611198906,0,0,3,3,3,9,2.302585092994046,0,0,4,2,9,1321,7.186901020411631,0,1,1,5,1,1,1,661.0
0,3,1,0.6931471805599453,0,1,1,1,1,6,1.9459101490553132,1,0,1,6,6,1130,7.030857476116121,1,2,0,3,0,1,2,484.0
3,4,1,0.6931471805599453,0,1,1,1,1,5,1.791759469228055,0,2,0,5,5,3738,8.226573474977114,1,0,3,0,8,1,2,1869.0
2,4,3,1.3862943611198906,0,0,3,3,3,8,2.1972245773362196,1,2,3,1,8,2770,7.9269635448629785,1,1,0,5,0,1,0,1259.0
4,4,2,1.0986122886681098,1,2,2,2,2,6,1.9459101490553132,1,0,1,6,6,2803,7.938802248154481,0,1,3,3,3,1,1,1401.0
4,0,1,0.6931471805599453,0,1,1,1,1,5,1.791759469228055,0,2,0,5,5,937,6.843749949006225,0,1,2,6,7,1,2,468.0
4,4,2,1.0986122886681098,1,2,2,2,2,8,2.1972245773362196,1,2,3,1,8,2279,7.731930721948486,0,2,4,4,9,1,1,911.0
3,0,3,1.3862943611198906,0,0,3,3,3,9,2.302585092994046,0,0,4,2,9,3876,8.262816937670928,1,0,1,5,6,3,2,1938.0
3,2,3,1.3862943611198906,0,0,3,3,3,5,1.791759469228055,0,2,0,5,5,1618,7.389563953677635,1,1,3,1,8,1,0,608.0
2,1,3,1.3862943611198906,0,0,3,3,3,7,2.0794415416798357,0,1,2,0,7,4656,8.446126742982377,1,0,1,1,6,1,1,1863.0
2,1,1,0.6931471805599453,0,1,1,1,1,5,1.791759469228055,0,2,0,5,5,4353,8.378850241794492,0,0,3,6,3,1,2,2176.0
1,4,2,1.0986122886681098,1,2,2,2,2,3,1.3862943611198906,0,0,3,3,3,2270,7.7279755421055585,1,2,0,2,0,1,1,908.0
2,2,3,1.3862943611198906,0,0,3,3,3,4,1.6094379124341003,1,1,4,4,4,3871,8.261526448396468,0,1,1,0,1,1,0,1659.0
1,1,1,0.6931471805599453,0,1,1,1,1,4,1.6094379124341003,1,1,4,4,4,3519,8.166216268592143,0,0,4,5,9,1,2,1407.0
4,3,2,1.0986122886681098,1,2,2,2,2,7,2.0794415416798357,0,1,2,0,7,2275,7.730174795246222,0,1,0,0,5,1,1,1011.0
3,4,3,1.3862943611198906,0,0,3,3,3,5,1.791759469228055,0,2,0,5,5,1769,7.478734825567875,0,2,4,5,9,1,0,664.0
4,2,3,1.3862943611198906,0,0,3,3,3,6,1.9459101490553132,1,0,1,6,6,3467,8.151333337900432,0,2,2,2,7,1,1,1157.0
2,3,3,1.3862943611198906,0,0,3,3,3,6,1.9459101490553132,1,0,1,6,6,4479,8.40737832540903,0,0,4,6,9,3,2,1493.0
3,1,2,1.0986122886681098,1,2,2,2,2,5,1.791759469228055,0,2,0,5,5,4852,8.487352349405215,1,1,2,1,2,1,1,2080.0
0,2,2,1.0986122886681098,1,2,2,2,2,6,1.9459101490553132,1,0,1,6,6,1615,7.38770923908104,0,1,0,5,5,1,1,807.0
1,0,3,1.3862943611198906,0,0,3,3,3,4,1.6094379124341003,1,1,4,4,4,3572,8.181160858023409,1,2,2,2,2,1,1,1532.0
0,1,3,1.3862943611198906,0,0,3,3,3,7,2.0794415416798357,0,1,2,0,7,4866,8.490233009833455,1,0,1,1,6,1,1,1947.0
2,3,1,0.6931471805599453,0,1,1,1,1,5,1.791759469228055,0,2,0,5,5,2137,7.6676260915849905,0,1,2,2,7,1,2,1068.0
0,1,3,1.3862943611198906,0,0,3,3,3,5,1.791759469228055,0,2,0,5,5,2942,7.987184748233473,1,2,2,2,2,1,0,1103.0
1,4,3,1.3862943611198906,0,0,3,3,3,5,1.791759469228055,0,2,0,5,5,3922,8.274611946209552,1,1,2,2,2,1,0,1472.0
4,1,2,1.0986122886681098,1,2,2,2,2,5,1.791759469228055,0,2,0,5,5,1391,7.238496840894365,0,2,1,5,1,1,0,596.0
3,0,1,0.6931471805599453,0,1,1,1,1,6,1.9459101490553132,1,0,1,6,6,2473,7.813591552952433,0,1,3,2,3,1,2,1060.0
2,2,3,1.3862943611198906,0,0,3,3,3,8,2.1972245773362196,1,2,3,1,8,4847,8.48632152774915,0,2,2,3,7,1,0,2204.0
4,0,1,0.6931471805599453,0,1,1,1,1,6,1.9459101490553132,1,0,1,6,6,2077,7.639161171659173,0,1,2,5,7,1,2,890.0
1,3,1,0.6931471805599453,0,1,1,1,1,2,1.0986122886681098,1,2,2,2,2,4480,8.407601514786142,1,1,0,0,0,1,3,1493.0
4,1,1,0.6931471805599453,0,1,1,1,1,2,1.0986122886681098,1,2,2,2,2,3549,8.174702882469461,0,0,4,0,9,1,2,1183.0
0,4,1,0.6931471805599453,0,1,1,1,1,7,2.0794415416798357,0,1,2,0,7,3316,8.106816038947052,1,1,1,5,6,1,2,1658.0
0,4,2,1.0986122886681098,1,2,2,2,2,6,1.9459101490553132,1,0,1,6,6,4091,8.316789127071518,0,2,1,3,1,1,1,2045.0
4,2,3,1.3862943611198906,0,0,3,3,3,6,1.9459101490553132,1,0,1,6,6,3519,8.166216268592143,0,0,4,5,9,3,2,1173.0
4,0,2,1.0986122886681098,1,2,2,2,2,7,2.0794415416798357,0,1,2,0,7,1400,7.244941546337007,1,2,0,0,0,1,2,623.0
1,0,2,1.0986122886681098,1,2,2,2,2,6,1.9459101490553132,1,0,1,6,6,2225,7.70796153183549,0,2,0,6,5,1,1,1113.0
0,4,1,0.6931471805599453,0,1,1,1,1,3,1.3862943611198906,0,0,3,3,3,1124,7.025538314638521,1,2,4,4,4,1,2,562.0
2,3,2,1.0986122886681098,1,2,2,2,2,8,2.1972245773362196,1,2,3,1,8,4629,8.440312147080279,0,0,4,2,9,1,1,1851.0
0,3,1,0.6931471805599453,0,1,1,1,1,7,2.0794415416798357,0,1,2,0,7,3034,8.017966703493599,1,1,4,3,4,1,2,1517.0
0,4,1,0.6931471805599453,0,1,1,1,1,2,1.0986122886681098,1,2,2,2,2,630,6.447305862541213,1,0,0,0,0,1,3,210.0
3,4,2,1.0986122886681098,1,2,2,2,2,3,1.3862943611198906,0,0,3,3,3,3183,8.065893546964274,0,0,3,5,3,1,1,1273.0
4,1,2,1.0986122886681098,1,2,2,2,2,7,2.0794415416798357,0,1,2,0,7,1413,7.254177846456518,0,0,3,6,3,1,0,628.0
4,3,2,1.0986122886681098,1,2,2,2,2,3,1.3862943611198906,0,0,3,3,3,3981,8.289539484624141,0,0,1,5,1,1,1,1593.0
3,4,2,1.0986122886681098,1,2,2,2,2,3,1.3862943611198906,0,0,3,3,3,2767,7.92588031673756,0,1,2,2,7,1,0,1107.0
0,0,2,1.0986122886681098,1,2,2,2,2,5,1.791759469228055,0,2,0,5,5,1560,7.353081920515432,1,0,0,6,0,1,2,668.0
1,0,3,1.3862943611198906,0,0,3,3,3,7,2.0794415416798357,0,1,2,0,7,1237,7.121252453244542,0,1,2,5,7,1,0,495.0
2,1,3,1.3862943611198906,0,0,3,3,3,6,1.9459101490553132,1,0,1,6,6,3905,8.270269111436624,0,2,0,6,5,1,1,1301.0
3,2,2,1.0986122886681098,1,2,2,2,2,8,2.1972245773362196,1,2,3,1,8,194,5.272999558563747,1,2,4,5,4,2,2,78.0
0,4,1,0.6931471805599453,0,1,1,1,1,3,1.3862943611198906,0,0,3,3,3,2190,7.692113339595466,1,0,0,6,0,1,3,1095.0
2,4,1,0.6931471805599453,0,1,1,1,1,6,1.9459101490553132,1,0,1,6,6,412,6.023447592961033,1,1,2,6,2,1,2,176.0
4,4,2,1.0986122886681098,1,2,2,2,2,5,1.791759469228055,0,2,0,5,5,2568,7.851271997109883,1,0,3,6,8,1,1,1100.0
0,4,3,1.3862943611198906,0,0,3,3,3,6,1.9459101490553132,1,0,1,6,6,4997,8.516793111394898,0,2,2,6,7,1,1,1667.0
0,3,1,0.6931471805599453,0,1,1,1,1,7,2.0794415416798357,0,1,2,0,7,152,5.030437921392435,1,2,2,5,2,1,2,76.0
0,2,3,1.3862943611198906,0,0,3,3,3,6,1.9459101490553132,1,0,1,6,6,4906,8.498418036089904,1,1,1,6,6,1,1,1636.0
2,2,3,1.3862943611198906,0,0,3,3,3,9,2.302585092994046,0,0,4,2,9,3450,8.146419323098003,1,0,0,6,0,3,2,1725.0
0,1,1,0.6931471805599453,0,1,1,1,1,6,1.9459101490553132,1,0,1,6,6,3938,8.278682162970906,1,2,3,4,8,1,2,1688.0
3,4,1,0.6931471805599453,0,1,1,1,1,4,1.6094379124341003,1,1,4,4,4,3286,8.097730573664219,1,1,1,3,6,1,2,1314.0
1,3,3,1.3862943611198906,0,0,3,3,3,5,1.791759469228055,0,2,0,5,5,1564,7.355641102974253,1,1,4,3,4,1,0,587.0
0,0,2,1.0986122886681098,1,2,2,2,2,8,2.1972245773362196,1,2,3,1,8,308,5.733341276897746,1,2,3,0,8,2,2,123.0
4,4,3,1.3862943611198906,0,0,3,3,3,6,1.9459101490553132,1,0,1,6,6,903,6.806829360392176,0,0,3,0,3,3,2,302.0
2,1,2,1.0986122886681098,1,2,2,2,2,5,1.791759469228055,0,2,0,5,5,1585,7.368970402194793,0,1,0,3,5,1,1,679.0
0,1,2,1.0986122886681098,1,2,2,2,2,5,1.791759469228055,0,2,0,5,5,1282,7.1569563646156364,1,1,2,1,2,1,1,550.0
3,4,3,1.3862943611198906,0,0,3,3,3,5,1.791759469228055,0,2,0,5,5,2355,7.764720544771477,0,0,0,3,5,1,2,884.0
2,1,2,1.0986122886681098,1,2,2,2,2,6,1.9459101490553132,1,0,1,6,6,4049,8.306472160100585,0,2,4,3,9,1,1,2025.0
2,4,3,1.3862943611198906,0,0,3,3,3,4,1.6094379124341003,1,1,4,4,4,4381,8.385260520155413,0,1,1,6,1,1,0,1877.0
2,1,3,1.3862943611198906,0,0,3,3,3,8,2.1972245773362196,1,2,3,1,8,3930,8.27664912542186,1,0,0,3,0,1,1,1787.0
1,0,1,0.6931471805599453,0,1,1,1,1,7,2.0794415416798357,0,1,2,0,7,2437,7.798933310041217,0,1,2,1,7,1,2,1218.0
1,3,3,1.3862943611198906,0,0,3,3,3,6,1.9459101490553132,1,0,1,6,6,436,6.07993319509559,1,1,1,2,6,1,1,146.0
2,0,1,0.6931471805599453,0,1,1,1,1,3,1.3862943611198906,0,0,3,3,3,1466,7.2909747781429814,1,2,1,3,6,1,2,733.0
4,3,3,1.3862943611198906,0,0,3,3,3,8,2.1972245773362196,1,2,3,1,8,2959,7.992944547318106,0,1,4,5,9,1,0,1345.0
4,2,1,0.6931471805599453,0,1,1,1,1,6,1.9459101490553132,1,0,1,6,6,1567,7.357556200910353,0,1,2,6,7,1,2,671.0
4,2,2,1.0986122886681098,1,2,2,2,2,6,1.9459101490553132,1,0,1,6,6,156,5.056245805348308,1,0,1,2,6,2,3,78.0
3,1,3,1.3862943611198906,0,0,3,3,3,6,1.9459101490553132,1,0,1,6,6,1193,7.085064293952548,0,2,3,3,3,1,1,398.0
0,3,1,0.6931471805599453,0,1,1,1,1,5,1.791759469228055,0,2,0,5,5,1041,6.948897222313312,0,0,1,5,1,1,2,520.0
0,4,2,1.0986122886681098,1,2,2,2,2,6,1.9459101490553132,1,0,1,6,6,238,5.476463551931511,1,1,3,0,8,2,2,119.0
4,1,2,1.0986122886681098,1,2,2,2,2,3,1.3862943611198906,0,0,3,3,3,3791,8.240648863374913,0,2,1,4,1,1,0,1517.0
0,3,3,1.3862943611198906,0,0,3,3,3,6,1.9459101490553132,1,0,1,6,6,973,6.881411303642535,0,1,3,0,3,1,1,325.0
2,4,3,1.3862943611198906,0,0,3,3,3,8,2.1972245773362196,1,2,3,1,8,4016,8.298290634359283,1,2,1,5,6,1,1,1826.0
4,0,3,1.3862943611198906,0,0,3,3,3,7,2.0794415416798357,0,1,2,0,7,4186,8.339739766019143,1,1,1,0,6,1,1,1675.0
3,4,2,1.0986122886681098,1,2,2,2,2,4,1.6094379124341003,1,1,4,4,4,207,5.337538079701318,0,0,2,4,7,1,1,69.0
4,3,3,1.3862943611198906,0,0,3,3,3,7,2.0794415416798357,0,1,2,0,7,760,6.634633357861686,1,1,0,4,0,1,0,304.0
1,1,3,1.3862943611198906,0,0,3,3,3,7,2.0794415416798357,0,1,2,0,7,4756,8.467372496432281,1,1,1,3,6,1,0,1903.0
1,1,1,0.6931471805599453,0,1,1,1,1,6,1.9459101490553132,1,0,1,6,6,1033,6.9411900550683745,0,1,3,4,3,1,2,443.0
2,2,1,0.6931471805599453,0,1,1,1,1,5,1.791759469228055,0,2,0,5,5,1800,7.496097345175956,1,0,0,1,0,1,3,900.0
0,4,3,1.3862943611198906,0,0,3,3,3,9,2.302585092994046,0,0,4,2,9,2625,7.873217054862741,0,0,0,0,5,3,2,1313.0
2,4,2,1.0986122886681098,1,2,2,2,2,3,1.3862943611198906,0,0,3,3,3,4321,8.371473537066832,0,1,1,2,1,1,0,1729.0
4,3,3,1.3862943611198906,0,0,3,3,3,9,2.302585092994046,0,0,4,2,9,4794,8.475328987317539,1,0,4,6,4,3,2,2397.0
4,3,2,1.0986122886681098,1,2,2,2,2,3,1.3862943611198906,0,0,3,3,3,144,4.976733742420574,1,0,4,4,4,1,2,57.0
4,2,1,0.6931471805599453,0,1,1,1,1,3,1.3862943611198906,0,0,3,3,3,4732,8.462314529906248,1,1,2,0,2,1,2,2366.0
1,3,3,1.3862943611198906,0,0,3,3,3,6,1.9459101490553132,1,0,1,6,6,3909,8.271292652979412,0,0,4,3,9,3,2,1304.0
3,3,3,1.3862943611198906,0,0,3,3,3,5,1.791759469228055,0,2,0,5,5,3196,8.069968149059841,1,1,1,4,6,1,0,1199.0
0,3,1,0.6931471805599453,0,1,1,1,1,5,1.791759469228055,0,2,0,5,5,1233,7.1180162044653335,0,0,3,1,3,1,2,616.0
4,3,2,1.0986122886681098,1,2,2,2,2,4,1.6094379124341003,1,1,4,4,4,1268,7.1459844677143876,1,2,3,1,8,2,3,423.0
0,0,2,1.0986122886681098,1,2,2,2,2,5,1.791759469228055,0,2,0,5,5,3075,8.031385330625534,0,0,0,2,5,1,1,1318.0
2,4,3,1.3862943611198906,0,0,3,3,3,4,1.6094379124341003,1,1,4,4,4,4210,8.345455428161928,1,1,0,3,0,1,0,1805.0
0,3,1,0.6931471805599453,0,1,1,1,1,6,1.9459101490553132,1,0,1,6,6,1581,7.366445148327599,0,0,1,6,1,1,2,677.0
4,3,3,1.3862943611198906,0,0,3,3,3,4,1.6094379124341003,1,1,4,4,4,737,6.6039438246004725,0,2,2,2,7,1,0,317.0
0,1,3,1.3862943611198906,0,0,3,3,3,8,2.1972245773362196,1,2,3,1,8,2091,7.645875825184813,0,0,1,5,1,1,1,951.0
2,0,3,1.3862943611198906,0,0,3,3,3,4,1.6094379124341003,1,1,4,4,4,4229,8.349957272040324,0,2,4,1,9,1,0,1813.0
4,4,1,0.6931471805599453,0,1,1,1,1,5,1.791759469228055,0,2,0,5,5,4033,8.302513718514158,0,1,3,1,3,1,2,2016.0
0,1,2,1.0986122886681098,1,2,2,2,2,5,1.791759469228055,0,2,0,5,5,2152,7.674617497364363,1,1,2,3,2,1,1,922.0
3,2,1,0.6931471805599453,0,1,1,1,1,6,1.9459101490553132,1,0,1,6,6,4762,8.46863300080086,1,1,2,2,2,1,2,2041.0
0,1,2,1.0986122886681098,1,2,2,2,2,5,1.791759469228055,0,2,0,5,5,2348,7.761744984658913,1,2,3,3,8,1,1,1006.0
3,2,3,1.3862943611198906,0,0,3,3,3,8,2.1972245773362196,1,2,3,1,8,638,6.459904454377535,1,2,3,1,8,1,0,290.0
3,2,1,0.6931471805599453,0,1,1,1,1,6,1.9459101490553132,1,0,1,6,6,1620,7.390798521735676,1,0,0,3,0,1,3,694.0
1,0,3,1.3862943611198906,0,0,3,3,3,8,2.1972245773362196,1,2,3,1,8,2550,7.844240718141811,1,0,0,2,0,1,1,1159.0
4,2,1,0.6931471805599453,0,1,1,1,1,3,1.3862943611198906,0,0,3,3,3,3251,8.087025470667701,0,2,1,3,1,1,2,1625.0
2,4,2,1.0986122886681098,1,2,2,2,2,6,1.9459101490553132,1,0,1,6,6,996,6.904750769961838,1,0,1,2,6,2,3,498.0
1,3,3,1.3862943611198906,0,0,3,3,3,7,2.0794415416798357,0,1,2,0,7,4689,8.453187861440325,0,0,4,6,9,1,1,1875.0
0,1,2,1.0986122886681098,1,2,2,2,2,7,2.0794415416798357,0,1,2,0,7,640,6.46302945692067,1,1,0,3,0,1,1,285.0
3,3,3,1.3862943611198906,0,0,3,3,3,6,1.9459101490553132,1,0,1,6,6,1544,7.3427791893318455,1,2,4,4,4,1,1,515.0
2,0,2,1.0986122886681098,1,2,2,2,2,8,2.1972245773362196,1,2,3,1,8,4752,8.46653127661401,1,0,2,6,2,2,3,1901.0
2,2,2,1.0986122886681098,1,2,2,2,2,7,2.0794415416798357,0,1,2,0,7,1070,6.976348070447749,1,2,0,6,0,1,1,475.0
1,1,2,1.0986122886681098,1,2,2,2,2,3,1.3862943611198906,0,0,3,3,3,2689,7.897296472595885,0,1,4,1,9,1,0,1075.0
2,1,1,0.6931471805599453,0,1,1,1,1,5,1.791759469228055,0,2,0,5,5,3303,8.102889134640868,0,0,3,6,3,1,2,1651.0
1,3,2,1.0986122886681098,1,2,2,2,2,3,1.3862943611198906,0,0,3,3,3,783,6.664409020350408,0,0,3,6,3,1,1,313.0
2,0,2,1.0986122886681098,1,2,2,2,2,6,1.9459101490553132,1,0,1,6,6,2243,7.716015266642587,0,2,3,3,3,1,1,1121.0
2,1,3,1.3862943611198906,0,0,3,3,3,8,2.1972245773362196,1,2,3,1,8,1319,7.1853870155804165,0,2,4,3,9,1,0,599.0
3,4,2,1.0986122886681098,1,2,2,2,2,7,2.0794415416798357,0,1,2,0,7,1401,7.2456550675945355,0,0,1,1,1,1,0,623.0
0,3,3,1.3862943611198906,0,0,3,3,3,9,2.302585092994046,0,0,4,2,9,875,6.775366090936392,0,2,0,0,5,1,1,437.0
2,1,2,1.0986122886681098,1,2,2,2,2,3,1.3862943611198906,0,0,3,3,3,1585,7.368970402194793,0,1,0,3,5,1,0,634.0
4,4,2,1.0986122886681098,1,2,2,2,2,6,1.9459101490553132,1,0,1,6,6,2832,7.949091499830517,1,0,2,4,2,2,3,1416.0
0,2,3,1.3862943611198906,0,0,3,3,3,9,2.302585092994046,0,0,4,2,9,2149,7.673223121121708,0,1,4,0,9,1,1,1075.0
1,1,2,1.0986122886681098,1,2,2,2,2,8,2.1972245773362196,1,2,3,1,8,2670,7.890208213109961,1,0,0,3,0,2,2,1068.0
0,0,2,1.0986122886681098,1,2,2,2,2,4,1.6094379124341003,1,1,4,4,4,2777,7.9294865233142895,0,2,2,5,7,1,1,925.0
2,4,1,0.6931471805599453,0,1,1,1,1,5,1.791759469228055,0,2,0,5,5,3035,8.01829613851552,0,2,0,4,5,1,3,1517.0
3,2,2,1.0986122886681098,1,2,2,2,2,3,1.3862943611198906,0,0,3,3,3,2247,7.717796211013582,0,0,2,0,7,1,1,899.0
1,2,1,0.6931471805599453,0,1,1,1,1,2,1.0986122886681098,1,2,2,2,2,4557,8.42463920980563,0,0,2,0,7,1,2,1519.0
2,1,2,1.0986122886681098,1,2,2,2,2,3,1.3862943611198906,0,0,3,3,3,1314,7.181591944611865,1,0,4,5,4,1,2,525.0
2,3,1,0.6931471805599453,0,1,1,1,1,6,1.9459101490553132,1,0,1,6,6,561,6.331501849893691,0,0,1,1,1,1,2,240.0
0,3,1,0.6931471805599453,0,1,1,1,1,4,1.6094379124341003,1,1,4,4,4,2676,7.892452043520352,1,0,1,2,6,1,3,1070.0
3,1,3,1.3862943611198906,0,0,3,3,3,4,1.6094379124341003,1,1,4,4,4,2078,7.639642287858013,1,2,3,6,8,1,0,890.0
0,2,1,0.6931471805599453,0,1,1,1,1,7,2.0794415416798357,0,1,2,0,7,1405,7.2485040723706105,0,1,0,5,5,1,2,702.0
4,0,1,0.6931471805599453,0,1,1,1,1,2,1.0986122886681098,1,2,2,2,2,1215,7.103322062526113,0,0,0,4,5,1,2,405.0
3,0,1,0.6931471805599453,0,1,1,1,1,6,1.9459101490553132,1,0,1,6,6,3846,8.255048902752295,1,0,1,3,6,1,3,1648.0
2,1,1,0.6931471805599453,0,1,1,1,1,2,1.0986122886681098,1,2,2,2,2,2750,7.919719760924575,1,2,0,6,0,1,3,916.0
1,0,3,1.3862943611198906,0,0,3,3,3,5,1.791759469228055,0,2,0,5,5,1471,7.294377299288821,0,1,1,1,1,1,0,551.0
4,1,1,0.6931471805599453,0,1,1,1,1,6,1.9459101490553132,1,0,1,6,6,3326,8.109826276018477,1,2,1,1,6,1,2,1425.0
4,2,1,0.6931471805599453,0,1,1,1,1,4,1.6094379124341003,1,1,4,4,4,3568,8.18004072349016,1,1,3,5,8,1,3,1427.0
3,2,1,0.6931471805599453,0,1,1,1,1,4,1.6094379124341003,1,1,4,4,4,4850,8.486940148245216,1,2,0,6,0,1,2,1940.0
4,4,3,1.3862943611198906,0,0,3,3,3,8,2.1972245773362196,1,2,3,1,8,1409,7.251344983372214,0,2,4,2,9,1,0,641.0
2,2,3,1.3862943611198906,0,0,3,3,3,7,2.0794415416798357,0,1,2,0,7,1668,7.419979923661835,1,0,3,2,8,1,1,667.0
0,0,2,1.0986122886681098,1,2,2,2,2,4,1.6094379124341003,1,1,4,4,4,2355,7.764720544771477,0,0,0,3,5,1,1,785.0
2,1,1,0.6931471805599453,0,1,1,1,1,7,2.0794415416798357,0,1,2,0,7,3905,8.270269111436624,0,2,0,6,5,1,2,1952.0
0,3,2,1.0986122886681098,1,2,2,2,2,6,1.9459101490553132,1,0,1,6,6,2370,7.771067086065406,1,0,0,4,0,2,3,1185.0
0,2,1,0.6931471805599453,0,1,1,1,1,4,1.6094379124341003,1,1,4,4,4,3772,8.235625719964311,1,1,2,6,2,1,3,1509.0
3,0,2,1.0986122886681098,1,2,2,2,2,4,1.6094379124341003,1,1,4,4,4,1038,6.946013991099227,1,0,3,2,8,2,2,346.0
0,4,2,1.0986122886681098,1,2,2,2,2,8,2.1972245773362196,1,2,3,1,8,1636,7.400620577371135,1,1,1,5,6,2,2,655.0
2,0,1,0.6931471805599453,0,1,1,1,1,2,1.0986122886681098,1,2,2,2,2,4474,8.406261630708956,1,1,4,1,4,1,3,1491.0
1,3,3,1.3862943611198906,0,0,3,3,3,4,1.6094379124341003,1,1,4,4,4,4398,8.389132521348719,1,0,3,2,8,1,1,1886.0
3,3,2,1.0986122886681098,1,2,2,2,2,3,1.3862943611198906,0,0,3,3,3,948,6.855408798609928,1,0,3,3,8,1,2,379.0
2,2,3,1.3862943611198906,0,0,3,3,3,8,2.1972245773362196,1,2,3,1,8,2824,7.946263643580541,1,1,4,3,4,1,1,1284.0
2,1,2,1.0986122886681098,1,2,2,2,2,3,1.3862943611198906,0,0,3,3,3,3079,8.03268487596762,0,1,4,6,9,1,0,1231.0
4,1,2,1.0986122886681098,1,2,2,2,2,3,1.3862943611198906,0,0,3,3,3,3839,8.253227645581772,0,2,4,3,9,1,0,1535.0
2,2,2,1.0986122886681098,1,2,2,2,2,5,1.791759469228055,0,2,0,5,5,3572,8.181160858023409,1,2,2,2,2,1,1,1531.0
1,4,1,0.6931471805599453,0,1,1,1,1,2,1.0986122886681098,1,2,2,2,2,529,6.272877006546167,0,1,4,4,9,1,2,176.0
3,1,3,1.3862943611198906,0,0,3,3,3,7,2.0794415416798357,0,1,2,0,7,3462,8.149890544402423,1,0,2,4,2,1,1,1386.0
4,1,3,1.3862943611198906,0,0,3,3,3,7,2.0794415416798357,0,1,2,0,7,3434,8.14177220465645,1,2,4,4,4,1,0,1374.0
2,3,3,1.3862943611198906,0,0,3,3,3,4,1.6094379124341003,1,1,4,4,4,4339,8.375629627094451,0,1,4,6,9,1,0,1859.0
0,3,2,1.0986122886681098,1,2,2,2,2,8,2.1972245773362196,1,2,3,1,8,2621,7.871692664323645,0,2,1,3,1,1,1,1049.0
4,4,2,1.0986122886681098,1,2,2,2,2,4,1.6094379124341003,1,1,4,4,4,1168,7.063903961472068,1,1,3,6,8,2,3,389.0
4,0,1,0.6931471805599453,0,1,1,1,1,7,2.0794415416798357,0,1,2,0,7,2767,7.92588031673756,0,1,2,2,7,1,2,1383.0
0,2,3,1.3862943611198906,0,0,3,3,3,4,1.6094379124341003,1,1,4,4,4,4337,8.37516869138682,0,2,2,4,7,1,0,1859.0
1,2,1,0.6931471805599453,0,1,1,1,1,7,2.0794415416798357,0,1,2,0,7,3984,8.290292591224315,1,0,4,1,4,1,2,1992.0
0,1,1,0.6931471805599453,0,1,1,1,1,2,1.0986122886681098,1,2,2,2,2,1499,7.313220387090301,0,2,4,1,9,1,2,499.0
1,2,1,0.6931471805599453,0,1,1,1,1,7,2.0794415416798357,0,1,2,0,7,791,6.674561391814426,0,2,1,0,1,1,3,395.0
3,1,3,1.3862943611198906,0,0,3,3,3,7,2.0794415416798357,0,1,2,0,7,2927,7.982074875081202,0,2,2,1,7,1,0,1171.0
4,1,3,1.3862943611198906,0,0,3,3,3,8,2.1972245773362196,1,2,3,1,8,4744,8.464846711044029,1,1,4,5,4,1,1,2157.0
1,2,3,1.3862943611198906,0,0,3,3,3,6,1.9459101490553132,1,0,1,6,6,4265,8.358431899031295,0,2,0,2,5,1,1,1421.0
3,3,3,1.3862943611198906,0,0,3,3,3,8,2.1972245773362196,1,2,3,1,8,2929,7.982757702011113,0,1,4,3,9,1,0,1332.0
2,1,2,1.0986122886681098,1,2,2,2,2,3,1.3862943611198906,0,0,3,3,3,2337,7.757051142032013,0,0,2,6,7,1,1,935.0
3,2,3,1.3862943611198906,0,0,3,3,3,9,2.302585092994046,0,0,4,2,9,2983,8.001019961323651,0,1,3,1,3,1,1,1492.0
1,0,2,1.0986122886681098,1,2,2,2,2,5,1.791759469228055,0,2,0,5,5,454,6.12029741895095,1,1,4,6,4,1,1,194.0
2,3,2,1.0986122886681098,1,2,2,2,2,5,1.791759469228055,0,2,0,5,5,2506,7.826842098158293,1,1,1,0,6,1,1,1074.0
2,2,3,1.3862943611198906,0,0,3,3,3,8,2.1972245773362196,1,2,3,1,8,4825,8.481773246184977,0,1,0,2,5,1,0,2194.0
3,0,1,0.6931471805599453,0,1,1,1,1,4,1.6094379124341003,1,1,4,4,4,1900,7.550135342488429,1,1,0,3,0,1,3,760.0
3,4,3,1.3862943611198906,0,0,3,3,3,6,1.9459101490553132,1,0,1,6,6,3356,8.118802996980035,1,2,1,3,6,1,1,1118.0
2,3,1,0.6931471805599453,0,1,1,1,1,3,1.3862943611198906,0,0,3,3,3,3033,8.017637159908478,0,0,3,2,3,1,3,1516.0
3,4,2,1.0986122886681098,1,2,2,2,2,7,2.0794415416798357,0,1,2,0,7,1947,7.5745584842024805,0,0,2,1,7,1,0,865.0
3,4,1,0.6931471805599453,0,1,1,1,1,6,1.9459101490553132,1,0,1,6,6,3058,8.025843344150903,1,1,3,6,8,1,2,1310.0
0,4,3,1.3862943611198906,0,0,3,3,3,4,1.6094379124341003,1,1,4,4,4,2368,7.7702232041587855,1,1,3,2,8,1,1,1016.0
3,0,1,0.6931471805599453,0,1,1,1,1,6,1.9459101490553132,1,0,1,6,6,4235,8.351374706721296,0,2,0,0,5,1,2,1815.0
4,0,3,1.3862943611198906,0,0,3,3,3,8,2.1972245773362196,1,2,3,1,8,4208,8.344980368770571,1,2,3,1,8,1,1,1913.0
2,1,3,1.3862943611198906,0,0,3,3,3,4,1.6094379124341003,1,1,4,4,4,3561,8.178077463849608,0,0,1,5,1,1,1,1526.0
4,1,1,0.6931471805599453,0,1,1,1,1,2,1.0986122886681098,1,2,2,2,2,2120,7.659642954564682,1,2,0,6,0,1,3,706.0
1,3,3,1.3862943611198906,0,0,3,3,3,8,2.1972245773362196,1,2,3,1,8,2984,8.001355025826703,1,2,4,2,4,1,1,1357.0
4,2,2,1.0986122886681098,1,2,2,2,2,6,1.9459101490553132,1,0,1,6,6,2178,7.68662133494462,1,0,3,1,8,2,3,1089.0
1,4,3,1.3862943611198906,0,0,3,3,3,9,2.302585092994046,0,0,4,2,9,1324,7.1891677384203225,1,1,4,1,4,1,1,662.0
1,2,3,1.3862943611198906,0,0,3,3,3,6,1.9459101490553132,1,0,1,6,6,4640,8.442685139241176,1,2,0,6,0,1,1,1547.0
1,4,1,0.6931471805599453,0,1,1,1,1,2,1.0986122886681098,1,2,2,2,2,1274,7.150701457592526,1,2,4,0,4,1,3,424.0
4,4,2,1.0986122886681098,1,2,2,2,2,4,1.6094379124341003,1,1,4,4,4,4793,8.475120414994329,0,2,3,5,3,1,1,1597.0
1,1,2,1.0986122886681098,1,2,2,2,2,8,2.1972245773362196,1,2,3,1,8,786,6.668228248417403,1,0,1,2,6,2,2,315.0
1,4,2,1.0986122886681098,1,2,2,2,2,6,1.9459101490553132,1,0,1,6,6,382,5.948034989180646,1,1,2,4,2,2,2,191.0
0,3,2,1.0986122886681098,1,2,2,2,2,8,2.1972245773362196,1,2,3,1,8,353,5.869296913133774,0,2,3,3,3,1,1,141.0
1,2,2,1.0986122886681098,1,2,2,2,2,7,2.0794415416798357,0,1,2,0,7,1477,7.298445101508147,0,1,2,0,7,1,1,657.0
2,1,2,1.0986122886681098,1,2,2,2,2,6,1.9459101490553132,1,0,1,6,6,3078,8.0323601479245,1,0,3,5,8,2,3,1539.0
3,2,2,1.0986122886681098,1,2,2,2,2,3,1.3862943611198906,0,0,3,3,3,3145,8.053887083618223,0,1,0,2,5,1,0,1258.0
4,3,2,1.0986122886681098,1,2,2,2,2,6,1.9459101490553132,1,0,1,6,6,4383,8.385716828627851,0,0,3,1,3,1,1,2191.0
4,2,1,0.6931471805599453,0,1,1,1,1,2,1.0986122886681098,1,2,2,2,2,3241,8.08394570229562,0,1,1,0,1,1,2,1080.0
4,4,1,0.6931471805599453,0,1,1,1,1,5,1.791759469228055,0,2,0,5,5,4899,8.496990484098719,0,0,4,6,9,1,2,2449.0
1,4,2,1.0986122886681098,1,2,2,2,2,5,1.791759469228055,0,2,0,5,5,4150,8.33110454805304,1,1,0,6,0,1,2,1778.0
1,2,2,1.0986122886681098,1,2,2,2,2,5,1.791759469228055,0,2,0,5,5,2687,7.89655270164304,0,2,2,6,7,1,0,1151.0
1,0,2,1.0986122886681098,1,2,2,2,2,3,1.3862943611198906,0,0,3,3,3,2531,7.836764783264067,0,2,1,4,1,1,0,1013.0
4,3,2,1.0986122886681098,1,2,2,2,2,7,2.0794415416798357,0,1,2,0,7,4353,8.378850241794492,0,0,3,6,3,1,0,1935.0
4,3,3,1.3862943611198906,0,0,3,3,3,9,2.302585092994046,0,0,4,2,9,3933,8.277411998949004,0,0,3,6,3,3,3,1967.0
0,2,3,1.3862943611198906,0,0,3,3,3,5,1.791759469228055,0,2,0,5,5,403,6.0014148779611505,0,1,3,4,3,1,0,152.0
2,2,2,1.0986122886681098,1,2,2,2,2,8,2.1972245773362196,1,2,3,1,8,4616,8.43750042250699,1,2,1,3,6,2,3,1847.0
2,3,1,0.6931471805599453,0,1,1,1,1,6,1.9459101490553132,1,0,1,6,6,3606,8.19063168090354,1,0,1,1,6,1,3,1545.0
0,2,3,1.3862943611198906,0,0,3,3,3,5,1.791759469228055,0,2,0,5,5,3880,8.263848131368906,1,1,0,2,0,1,1,1455.0
4,1,3,1.3862943611198906,0,0,3,3,3,4,1.6094379124341003,1,1,4,4,4,2805,7.939515260662406,0,0,0,5,5,1,1,1202.0
0,4,1,0.6931471805599453,0,1,1,1,1,7,2.0794415416798357,0,1,2,0,7,3940,8.279189777195004,1,1,0,6,0,1,2,1970.0
4,3,2,1.0986122886681098,1,2,2,2,2,4,1.6094379124341003,1,1,4,4,4,3959,8.283999304248526,0,2,4,4,9,1,1,1319.0
4,3,2,1.0986122886681098,1,2,2,2,2,8,2.1972245773362196,1,2,3,1,8,2948,7.989221408815276,1,2,3,1,8,2,2,1179.0
1,1,3,1.3862943611198906,0,0,3,3,3,6,1.9459101490553132,1,0,1,6,6,2825,7.946617563244473,0,2,0,4,5,1,1,941.0
3,0,2,1.0986122886681098,1,2,2,2,2,3,1.3862943611198906,0,0,3,3,3,4772,8.470730317005897,1,2,2,5,2,1,1,1909.0
0,2,3,1.3862943611198906,0,0,3,3,3,7,2.0794415416798357,0,1,2,0,7,4642,8.443115988019922,1,1,2,1,2,1,0,1858.0
2,0,1,0.6931471805599453,0,1,1,1,1,7,2.0794415416798357,0,1,2,0,7,910,6.814542897259958,1,1,0,0,0,1,3,455.0
3,4,1,0.6931471805599453,0,1,1,1,1,7,2.0794415416798357,0,1,2,0,7,3070,8.029758520440822,1,1,0,4,0,1,2,1535.0
3,0,2,1.0986122886681098,1,2,2,2,2,3,1.3862943611198906,0,0,3,3,3,3031,8.016977746762262,0,1,1,0,1,1,0,1213.0
0,1,3,1.3862943611198906,0,0,3,3,3,8,2.1972245773362196,1,2,3,1,8,1605,7.381501894506707,0,0,0,2,5,1,1,729.0
0,4,2,1.0986122886681098,1,2,2,2,2,4,1.6094379124341003,1,1,4,4,4,1815,7.504391559161238,0,0,0,2,5,1,1,605.0
4,1,1,0.6931471805599453,0,1,1,1,1,3,1.3862943611198906,0,0,3,3,3,4487,8.409162447202533,0,2,2,0,7,1,2,2243.0
3,1,2,1.0986122886681098,1,2,2,2,2,6,1.9459101490553132,1,0,1,6,6,1850,7.523481312573497,1,2,0,2,0,2,2,925.0
2,4,3,1.3862943611198906,0,0,3,3,3,4,1.6094379124341003,1,1,4,4,4,3932,8.27715777243181,1,2,2,5,2,1,1,1685.0
1,2,3,1.3862943611198906,0,0,3,3,3,5,1.791759469228055,0,2,0,5,5,4854,8.487764380725425,1,0,4,3,4,1,1,1820.0
3,2,1,0.6931471805599453,0,1,1,1,1,4,1.6094379124341003,1,1,4,4,4,857,6.754604099487962,0,2,2,3,7,1,2,343.0
2,4,1,0.6931471805599453,0,1,1,1,1,4,1.6094379124341003,1,1,4,4,4,2733,7.913521017283895,0,0,3,3,3,1,2,1093.0
0,3,2,1.0986122886681098,1,2,2,2,2,4,1.6094379124341003,1,1,4,4,4,1613,7.3864708488298945,0,2,3,3,3,1,1,537.0
1,1,2,1.0986122886681098,1,2,2,2,2,4,1.6094379124341003,1,1,4,4,4,4065,8.310414994188292,0,0,0,5,5,1,1,1355.0
4,4,2,1.0986122886681098,1,2,2,2,2,7,2.0794415416798357,0,1,2,0,7,3144,8.05356916913454,1,0,4,1,4,1,1,1397.0
0,4,3,1.3862943611198906,0,0,3,3,3,4,1.6094379124341003,1,1,4,4,4,1646,7.4067107301776405,1,2,1,1,6,1,0,706.0
3,4,1,0.6931471805599453,0,1,1,1,1,4,1.6094379124341003,1,1,4,4,4,4579,8.429454277108231,0,1,4,1,9,1,2,1831.0
2,4,2,1.0986122886681098,1,2,2,2,2,5,1.791759469228055,0,2,0,5,5,1507,7.318539548567902,0,1,2,2,7,1,0,646.0
3,2,1,0.6931471805599453,0,1,1,1,1,2,1.0986122886681098,1,2,2,2,2,4122,8.3243363327069,1,0,2,6,2,1,3,1374.0
2,2,3,1.3862943611198906,0,0,3,3,3,7,2.0794415416798357,0,1,2,0,7,729,6.593044534142437,0,0,4,1,9,1,1,291.0
4,0,2,1.0986122886681098,1,2,2,2,2,5,1.791759469228055,0,2,0,5,5,380,5.942799375126701,1,2,0,2,0,1,2,163.0
2,2,1,0.6931471805599453,0,1,1,1,1,5,1.791759469228055,0,2,0,5,5,1521,7.3277805384216315,0,0,1,2,1,1,2,760.0
1,1,1,0.6931471805599453,0,1,1,1,1,6,1.9459101490553132,1,0,1,6,6,2790,7.934155233536322,1,0,0,4,0,1,3,1196.0
4,1,1,0.6931471805599453,0,1,1,1,1,6,1.9459101490553132,1,0,1,6,6,604,6.405228458030842,1,1,4,2,4,1,2,259.0
2,4,2,1.0986122886681098,1,2,2,2,2,4,1.6094379124341003,1,1,4,4,4,290,5.673323267171493,1,2,0,3,0,2,2,97.0
3,2,1,0.6931471805599453,0,1,1,1,1,2,1.0986122886681098,1,2,2,2,2,718,6.577861357721047,1,1,3,4,8,1,3,239.0
4,4,1,0.6931471805599453,0,1,1,1,1,6,1.9459101490553132,1,0,1,6,6,4733,8.46252579007393,0,2,3,1,3,1,2,2028.0
1,2,3,1.3862943611198906,0,0,3,3,3,6,1.9459101490553132,1,0,1,6,6,3760,8.232440158470336,1,1,0,1,0,1,1,1253.0
0,0,3,1.3862943611198906,0,0,3,3,3,8,2.1972245773362196,1,2,3,1,8,3727,8.223627175805483,0,1,2,3,7,1,0,1694.0
0,1,1,0.6931471805599453,0,1,1,1,1,7,2.0794415416798357,0,1,2,0,7,4379,8.384804003370492,0,2,4,4,9,1,2,2189.0
0,0,3,1.3862943611198906,0,0,3,3,3,6,1.9459101490553132,1,0,1,6,6,2158,7.677400430514807,1,1,3,2,8,1,1,719.0
4,2,3,1.3862943611198906,0,0,3,3,3,6,1.9459101490553132,1,0,1,6,6,1872,7.5352967024440884,1,0,2,3,2,3,3,624.0
1,0,2,1.0986122886681098,1,2,2,2,2,5,1.791759469228055,0,2,0,5,5,2138,7.668093709082406,1,2,3,3,8,1,1,916.0
4,1,1,0.6931471805599453,0,1,1,1,1,2,1.0986122886681098,1,2,2,2,2,557,6.324358962381311,0,2,2,4,7,1,2,185.0
2,3,3,1.3862943611198906,0,0,3,3,3,8,2.1972245773362196,1,2,3,1,8,383,5.950642552587727,0,2,3,5,3,1,0,174.0
4,3,3,1.3862943611198906,0,0,3,3,3,7,2.0794415416798357,0,1,2,0,7,1497,7.311886164077165,0,0,2,6,7,1,1,599.0
3,4,3,1.3862943611198906,0,0,3,3,3,9,2.302585092994046,0,0,4,2,9,2932,7.983781068977451,1,1,2,6,2,1,1,1466.0
4,0,1,0.6931471805599453,0,1,1,1,1,6,1.9459101490553132,1,0,1,6,6,3530,8.169336395928386,1,2,0,2,0,1,2,1513.0
3,4,3,1.3862943611198906,0,0,3,3,3,9,2.302585092994046,0,0,4,2,9,3746,8.228710798793687,1,2,1,1,6,1,1,1874.0
4,4,3,1.3862943611198906,0,0,3,3,3,4,1.6094379124341003,1,1,4,4,4,4059,8.308938252595778,0,0,4,6,9,1,1,1739.0
4,1,2,1.0986122886681098,1,2,2,2,2,4,1.6094379124341003,1,1,4,4,4,4695,8.454466361507933,0,0,0,5,5,1,1,1565.0
1,0,1,0.6931471805599453,0,1,1,1,1,6,1.9459101490553132,1,0,1,6,6,2532,7.837159650001675,1,0,2,5,2,1,3,1085.0
0,4,3,1.3862943611198906,0,0,3,3,3,8,2.1972245773362196,1,2,3,1,8,1639,7.402451520818244,0,1,4,1,9,1,0,745.0
0,0,3,1.3862943611198906,0,0,3,3,3,5,1.791759469228055,0,2,0,5,5,3523,8.16735198705607,0,1,3,2,3,1,0,1322.0
4,4,1,0.6931471805599453,0,1,1,1,1,7,2.0794415416798357,0,1,2,0,7,4615,8.437283808187935,0,1,0,2,5,1,2,2307.0
0,1,2,1.0986122886681098,1,2,2,2,2,5,1.791759469228055,0,2,0,5,5,3621,8.19478163844336,0,0,1,2,1,1,0,1552.0
2,0,2,1.0986122886681098,1,2,2,2,2,5,1.791759469228055,0,2,0,5,5,1478,7.2991214627108,1,2,3,1,8,1,1,634.0
1,1,2,1.0986122886681098,1,2,2,2,2,4,1.6094379124341003,1,1,4,4,4,852,6.748759547491679,1,0,2,5,2,2,3,284.0
1,3,2,1.0986122886681098,1,2,2,2,2,7,2.0794415416798357,0,1,2,0,7,663,6.498282149476434,0,0,3,5,3,1,0,295.0
1,0,1,0.6931471805599453,0,1,1,1,1,4,1.6094379124341003,1,1,4,4,4,4850,8.486940148245216,1,2,0,6,0,1,2,1940.0
3,2,2,1.0986122886681098,1,2,2,2,2,5,1.791759469228055,0,2,0,5,5,4136,8.327726166461412,1,2,1,6,6,1,1,1772.0
3,1,3,1.3862943611198906,0,0,3,3,3,4,1.6094379124341003,1,1,4,4,4,4733,8.46252579007393,0,2,3,1,3,1,0,2029.0
4,0,1,0.6931471805599453,0,1,1,1,1,6,1.9459101490553132,1,0,1,6,6,2591,7.860185057472165,0,2,1,1,1,1,2,1110.0
3,2,1,0.6931471805599453,0,1,1,1,1,2,1.0986122886681098,1,2,2,2,2,3295,8.100464891029363,0,1,0,5,5,1,2,1098.0
2,2,2,1.0986122886681098,1,2,2,2,2,3,1.3862943611198906,0,0,3,3,3,946,6.853299093186078,1,1,1,1,6,1,1,379.0
0,1,1,0.6931471805599453,0,1,1,1,1,6,1.9459101490553132,1,0,1,6,6,3330,8.11102783819368,1,0,0,5,0,1,3,1427.0
3,4,3,1.3862943611198906,0,0,3,3,3,5,1.791759469228055,0,2,0,5,5,4394,8.388222810119277,1,2,4,5,4,1,0,1649.0
0,3,1,0.6931471805599453,0,1,1,1,1,2,1.0986122886681098,1,2,2,2,2,3730,8.224431573221159,1,1,0,6,0,1,3,1243.0
3,1,2,1.0986122886681098,1,2,2,2,2,6,1.9459101490553132,1,0,1,6,6,4728,8.461469042643875,1,0,3,3,8,2,3,2364.0
2,4,3,1.3862943611198906,0,0,3,3,3,5,1.791759469228055,0,2,0,5,5,235,5.4638318050256105,0,1,0,4,5,1,1,89.0
2,2,3,1.3862943611198906,0,0,3,3,3,8,2.1972245773362196,1,2,3,1,8,2228,7.709308333385869,1,2,3,2,8,1,0,1013.0
1,3,2,1.0986122886681098,1,2,2,2,2,7,2.0794415416798357,0,1,2,0,7,1271,7.148345743900068,0,2,1,4,1,1,0,565.0
4,1,1,0.6931471805599453,0,1,1,1,1,7,2.0794415416798357,0,1,2,0,7,2942,7.987184748233473,1,2,2,2,2,1,2,1471.0
0,2,2,1.0986122886681098,1,2,2,2,2,8,2.1972245773362196,1,2,3,1,8,1553,7.348587530927593,0,2,3,6,3,1,1,621.0
4,4,2,1.0986122886681098,1,2,2,2,2,4,1.6094379124341003,1,1,4,4,4,3788,8.239857411018601,1,2,3,1,8,2,3,1263.0
1,4,1,0.6931471805599453,0,1,1,1,1,3,1.3862943611198906,0,0,3,3,3,4242,8.353025845202325,1,0,2,0,2,1,3,2121.0
0,4,3,1.3862943611198906,0,0,3,3,3,9,2.302585092994046,0,0,4,2,9,3739,8.226840890408578,0,1,4,1,9,1,1,1870.0
4,0,2,1.0986122886681098,1,2,2,2,2,3,1.3862943611198906,0,0,3,3,3,3781,8.238008249218403,0,1,1,1,1,1,0,1513.0
3,2,3,1.3862943611198906,0,0,3,3,3,5,1.791759469228055,0,2,0,5,5,1806,7.499423290592229,1,0,1,0,6,1,1,677.0
1,0,2,1.0986122886681098,1,2,2,2,2,3,1.3862943611198906,0,0,3,3,3,4684,8.452121194672523,1,1,4,1,4,1,1,1873.0
1,0,1,0.6931471805599453,0,1,1,1,1,6,1.9459101490553132,1,0,1,6,6,522,6.259581464064923,1,0,2,4,2,1,3,224.0
4,2,3,1.3862943611198906,0,0,3,3,3,5,1.791759469228055,0,2,0,5,5,407,6.0112671744041615,0,2,2,1,7,1,0,152.0
3,1,3,1.3862943611198906,0,0,3,3,3,8,2.1972245773362196,1,2,3,1,8,3578,8.182838710766026,1,2,3,1,8,1,0,1627.0
4,0,1,0.6931471805599453,0,1,1,1,1,4,1.6094379124341003,1,1,4,4,4,2913,7.97728198675515,0,0,3,1,3,1,2,1165.0
2,2,2,1.0986122886681098,1,2,2,2,2,6,1.9459101490553132,1,0,1,6,6,591,6.3835066348840055,0,0,1,3,1,1,1,295.0
