slot_max_number,slot_max_number_abs_log1p,slot_max_number_is_even,slot_max_number_mod3,slot_max_number_mod5,slot_max_number_mod7,slot_max_number_mod10,slot_k,slot_k_abs_log1p,slot_k_is_even,slot_k_mod3,slot_k_mod5,slot_k_mod7,slot_k_mod10,slot_r,slot_r_abs_log1p,slot_r_is_even,slot_r_mod3,slot_r_mod5,slot_r_mod7,slot_r_mod10,slot_t,slot_t_abs_log1p,slot_t_is_even,slot_t_mod3,slot_t_mod5,slot_t_mod7,slot_t_mod10,gcd_all,n_multiple_pairs,y
29,3.4011973816621555,0,2,4,1,9,5,1.791759469228055,0,2,0,5,5,7,2.0794415416798357,0,1,2,0,7,3,1.3862943611198906,0,0,3,3,3,1,0,1271.0
27,3.332204510175204,0,0,2,6,7,2,1.0986122886681098,1,2,2,2,2,8,2.1972245773362196,1,2,3,1,8,2,1.0986122886681098,1,2,2,2,2,1,3,2.0
25,3.258096538021482,0,1,0,4,5,5,1.791759469228055,0,2,0,5,5,8,2.1972245773362196,1,2,3,1,8,5,1.791759469228055,0,2,0,5,5,1,3,2.0
7,2.0794415416798357,0,1,2,0,7,4,1.6094379124341003,1,1,4,4,4,7,2.0794415416798357,0,1,2,0,7,4,1.6094379124341003,1,1,4,4,4,1,2,2.0
16,2.833213344056216,1,1,1,2,6,6,1.9459101490553132,1,0,1,6,6,10,2.3978952727983707,1,1,0,3,0,5,1.791759469228055,0,2,0,5,5,1,1,46.0
30,3.4339872044851463,1,0,0,2,0,5,1.791759469228055,0,2,0,5,5,23,3.1780538303479458,0,2,3,2,3,5,1.791759469228055,0,2,0,5,5,1,3,2.0
8,2.1972245773362196,1,2,3,1,8,3,1.3862943611198906,0,0,3,3,3,4,1.6094379124341003,1,1,4,4,4,2,1.0986122886681098,1,2,2,2,2,1,3,8.0
19,2.995732273553991,0,1,4,5,9,6,1.9459101490553132,1,0,1,6,6,12,2.5649493574615367,1,0,2,5,2,4,1.6094379124341003,1,1,4,4,4,1,2,77.0
20,3.044522437723423,1,2,0,6,0,6,1.9459101490553132,1,0,1,6,6,13,2.6390573296152584,0,1,3,6,3,6,1.9459101490553132,1,0,1,6,6,1,1,2.0
27,3.332204510175204,0,0,2,6,7,3,1.3862943611198906,0,0,3,3,3,13,2.6390573296152584,0,1,3,6,3,3,1.3862943611198906,0,0,3,3,3,1,3,2.0
6,1.9459101490553132,1,0,1,6,6,4,1.6094379124341003,1,1,4,4,4,4,1.6094379124341003,1,1,4,4,4,2,1.0986122886681098,1,2,2,2,2,2,4,16.0
28,3.367295829986474,1,1,3,0,8,5,1.791759469228055,0,2,0,5,5,11,2.4849066497880004,0,2,1,4,1,4,1.6094379124341003,1,1,4,4,4,1,1,99.0
8,2.1972245773362196,1,2,3,1,8,2,1.0986122886681098,1,2,2,2,2,4,1.6094379124341003,1,1,4,4,4,2,1.0986122886681098,1,2,2,2,2,2,6,2.0
13,2.6390573296152584,0,1,3,6,3,4,1.6094379124341003,1,1,4,4,4,5,1.791759469228055,0,2,0,5,5,4,1.6094379124341003,1,1,4,4,4,1,1,2.0
24,3.2188758248682006,1,0,4,3,4,4,1.6094379124341003,1,1,4,4,4,11,2.4849066497880004,0,2,1,4,1,2,1.0986122886681098,1,2,2,2,2,1,3,43.0
11,2.4849066497880004,0,2,1,4,1,6,1.9459101490553132,1,0,1,6,6,9,2.302585092994046,0,0,4,2,9,6,1.9459101490553132,1,0,1,6,6,1,1,2.0
12,2.5649493574615367,1,0,2,5,2,5,1.791759469228055,0,2,0,5,5,5,1.791759469228055,0,2,0,5,5,4,1.6094379124341003,1,1,4,4,4,1,2,37.0
30,3.4339872044851463,1,0,0,2,0,5,1.791759469228055,0,2,0,5,5,27,3.332204510175204,0,0,2,6,7,5,1.791759469228055,0,2,0,5,5,1,3,2.0
9,2.302585092994046,0,0,4,2,9,3,1.3862943611198906,0,0,3,3,3,3,1.3862943611198906,0,0,3,3,3,2,1.0986122886681098,1,2,2,2,2,1,3,20.0
4,1.6094379124341003,1,1,4,4,4,2,1.0986122886681098,1,2,2,2,2,3,1.3862943611198906,0,0,3,3,3,2,1.0986122886681098,1,2,2,2,2,1,3,2.0
13,2.6390573296152584,0,1,3,6,3,5,1.791759469228055,0,2,0,5,5,11,2.4849066497880004,0,2,1,4,1,2,1.0986122886681098,1,2,2,2,2,1,0,53.0
20,3.044522437723423,1,2,0,6,0,5,1.791759469228055,0,2,0,5,5,12,2.5649493574615367,1,0,2,5,2,3,1.3862943611198906,0,0,3,3,3,1,2,133.0
24,3.2188758248682006,1,0,4,3,4,3,1.3862943611198906,0,0,3,3,3,6,1.9459101490553132,1,0,1,6,6,3,1.3862943611198906,0,0,3,3,3,3,6,2.0
18,2.9444389791664403,1,0,3,4,8,5,1.791759469228055,0,2,0,5,5,15,2.772588722239781,0,0,0,1,5,2,1.0986122886681098,1,2,2,2,2,1,2,551.0
20,3.044522437723423,1,2,0,6,0,4,1.6094379124341003,1,1,4,4,4,19,2.995732273553991,0,1,4,5,9,4,1.6094379124341003,1,1,4,4,4,1,3,2.0
14,2.70805020110221,1,2,4,0,4,6,1.9459101490553132,1,0,1,6,6,9,2.302585092994046,0,0,4,2,9,2,1.0986122886681098,1,2,2,2,2,1,2,513.0
8,2.1972245773362196,1,2,3,1,8,3,1.3862943611198906,0,0,3,3,3,4,1.6094379124341003,1,1,4,4,4,3,1.3862943611198906,0,0,3,3,3,1,2,2.0
8,2.1972245773362196,1,2,3,1,8,6,1.9459101490553132,1,0,1,6,6,6,1.9459101490553132,1,0,1,6,6,2,1.0986122886681098,1,2,2,2,2,2,4,29.0
6,1.9459101490553132,1,0,1,6,6,3,1.3862943611198906,0,0,3,3,3,3,1.3862943611198906,0,0,3,3,3,3,1.3862943611198906,0,0,3,3,3,3,6,2.0
10,2.3978952727983707,1,1,0,3,0,5,1.791759469228055,0,2,0,5,5,10,2.3978952727983707,1,1,0,3,0,2,1.0986122886681098,1,2,2,2,2,1,5,2.0
23,3.1780538303479458,0,2,3,2,3,2,1.0986122886681098,1,2,2,2,2,7,2.0794415416798357,0,1,2,0,7,2,1.0986122886681098,1,2,2,2,2,1,1,2.0
28,3.367295829986474,1,1,3,0,8,4,1.6094379124341003,1,1,4,4,4,14,2.70805020110221,1,2,4,0,4,3,1.3862943611198906,0,0,3,3,3,1,2,78.0
20,3.044522437723423,1,2,0,6,0,4,1.6094379124341003,1,1,4,4,4,18,2.9444389791664403,1,0,3,4,8,2,1.0986122886681098,1,2,2,2,2,2,4,31.0
16,2.833213344056216,1,1,1,2,6,3,1.3862943611198906,0,0,3,3,3,8,2.1972245773362196,1,2,3,1,8,3,1.3862943611198906,0,0,3,3,3,1,2,2.0
15,2.772588722239781,0,0,0,1,5,6,1.9459101490553132,1,0,1,6,6,14,2.70805020110221,1,2,4,0,4,2,1.0986122886681098,1,2,2,2,2,1,2,8.0
25,3.258096538021482,0,1,0,4,5,4,1.6094379124341003,1,1,4,4,4,6,1.9459101490553132,1,0,1,6,6,3,1.3862943611198906,0,0,3,3,3,1,1,82.0
20,3.044522437723423,1,2,0,6,0,6,1.9459101490553132,1,0,1,6,6,16,2.833213344056216,1,1,1,2,6,3,1.3862943611198906,0,0,3,3,3,1,1,833.0
7,2.0794415416798357,0,1,2,0,7,3,1.3862943611198906,0,0,3,3,3,4,1.6094379124341003,1,1,4,4,4,2,1.0986122886681098,1,2,2,2,2,1,1,13.0
20,3.044522437723423,1,2,0,6,0,2,1.0986122886681098,1,2,2,2,2,2,1.0986122886681098,1,2,2,2,2,2,1.0986122886681098,1,2,2,2,2,2,6,2.0
12,2.5649493574615367,1,0,2,5,2,2,1.0986122886681098,1,2,2,2,2,10,2.3978952727983707,1,1,0,3,0,2,1.0986122886681098,1,2,2,2,2,2,5,2.0
25,3.258096538021482,0,1,0,4,5,3,1.3862943611198906,0,0,3,3,3,8,2.1972245773362196,1,2,3,1,8,2,1.0986122886681098,1,2,2,2,2,1,1,21.0
11,2.4849066497880004,0,2,1,4,1,5,1.791759469228055,0,2,0,5,5,10,2.3978952727983707,1,1,0,3,0,4,1.6094379124341003,1,1,4,4,4,1,1,17.0
27,3.332204510175204,0,0,2,6,7,6,1.9459101490553132,1,0,1,6,6,21,3.091042453358316,0,0,1,0,1,3,1.3862943611198906,0,0,3,3,3,3,3,2609.0
5,1.791759469228055,0,2,0,5,5,3,1.3862943611198906,0,0,3,3,3,4,1.6094379124341003,1,1,4,4,4,2,1.0986122886681098,1,2,2,2,2,1,1,7.0
30,3.4339872044851463,1,0,0,2,0,3,1.3862943611198906,0,0,3,3,3,5,1.791759469228055,0,2,0,5,5,2,1.0986122886681098,1,2,2,2,2,1,3,27.0
22,3.1354942159291497,1,1,2,1,2,4,1.6094379124341003,1,1,4,4,4,5,1.791759469228055,0,2,0,5,5,3,1.3862943611198906,0,0,3,3,3,1,0,36.0
20,3.044522437723423,1,2,0,6,0,2,1.0986122886681098,1,2,2,2,2,8,2.1972245773362196,1,2,3,1,8,2,1.0986122886681098,1,2,2,2,2,2,5,2.0
26,3.295836866004329,1,2,1,5,6,4,1.6094379124341003,1,1,4,4,4,9,2.302585092994046,0,0,4,2,9,4,1.6094379124341003,1,1,4,4,4,1,1,2.0
6,1.9459101490553132,1,0,1,6,6,3,1.3862943611198906,0,0,3,3,3,5,1.791759469228055,0,2,0,5,5,3,1.3862943611198906,0,0,3,3,3,1,3,2.0
18,2.9444389791664403,1,0,3,4,8,3,1.3862943611198906,0,0,3,3,3,6,1.9459101490553132,1,0,1,6,6,2,1.0986122886681098,1,2,2,2,2,1,5,11.0
17,2.8903717578961645,0,2,2,3,7,6,1.9459101490553132,1,0,1,6,6,7,2.0794415416798357,0,1,2,0,7,3,1.3862943611198906,0,0,3,3,3,1,1,857.0
26,3.295836866004329,1,2,1,5,6,3,1.3862943611198906,0,0,3,3,3,9,2.302585092994046,0,0,4,2,9,3,1.3862943611198906,0,0,3,3,3,1,3,2.0
8,2.1972245773362196,1,2,3,1,8,4,1.6094379124341003,1,1,4,4,4,7,2.0794415416798357,0,1,2,0,7,3,1.3862943611198906,0,0,3,3,3,1,1,3.0
5,1.791759469228055,0,2,0,5,5,3,1.3862943611198906,0,0,3,3,3,3,1.3862943611198906,0,0,3,3,3,2,1.0986122886681098,1,2,2,2,2,1,1,8.0
10,2.3978952727983707,1,1,0,3,0,5,1.791759469228055,0,2,0,5,5,6,1.9459101490553132,1,0,1,6,6,2,1.0986122886681098,1,2,2,2,2,1,3,42.0
17,2.8903717578961645,0,2,2,3,7,4,1.6094379124341003,1,1,4,4,4,15,2.772588722239781,0,0,0,1,5,3,1.3862943611198906,0,0,3,3,3,1,1,8.0
10,2.3978952727983707,1,1,0,3,0,6,1.9459101490553132,1,0,1,6,6,10,2.3978952727983707,1,1,0,3,0,5,1.791759469228055,0,2,0,5,5,1,3,2.0
20,3.044522437723423,1,2,0,6,0,6,1.9459101490553132,1,0,1,6,6,6,1.9459101490553132,1,0,1,6,6,3,1.3862943611198906,0,0,3,3,3,1,3,8731.0
17,2.8903717578961645,0,2,2,3,7,5,1.791759469228055,0,2,0,5,5,14,2.70805020110221,1,2,4,0,4,3,1.3862943611198906,0,0,3,3,3,1,0,89.0
7,2.0794415416798357,0,1,2,0,7,5,1.791759469228055,0,2,0,5,5,5,1.791759469228055,0,2,0,5,5,2,1.0986122886681098,1,2,2,2,2,1,1,22.0
13,2.6390573296152584,0,1,3,6,3,4,1.6094379124341003,1,1,4,4,4,8,2.1972245773362196,1,2,3,1,8,3,1.3862943611198906,0,0,3,3,3,1,1,6.0
8,2.1972245773362196,1,2,3,1,8,4,1.6094379124341003,1,1,4,4,4,4,1.6094379124341003,1,1,4,4,4,2,1.0986122886681098,1,2,2,2,2,2,6,54.0
4,1.6094379124341003,1,1,4,4,4,2,1.0986122886681098,1,2,2,2,2,4,1.6094379124341003,1,1,4,4,4,2,1.0986122886681098,1,2,2,2,2,2,6,2.0
10,2.3978952727983707,1,1,0,3,0,5,1.791759469228055,0,2,0,5,5,5,1.791759469228055,0,2,0,5,5,3,1.3862943611198906,0,0,3,3,3,1,3,127.0
13,2.6390573296152584,0,1,3,6,3,4,1.6094379124341003,1,1,4,4,4,7,2.0794415416798357,0,1,2,0,7,2,1.0986122886681098,1,2,2,2,2,1,1,17.0
13,2.6390573296152584,0,1,3,6,3,3,1.3862943611198906,0,0,3,3,3,6,1.9459101490553132,1,0,1,6,6,3,1.3862943611198906,0,0,3,3,3,1,3,2.0
17,2.8903717578961645,0,2,2,3,7,4,1.6094379124341003,1,1,4,4,4,4,1.6094379124341003,1,1,4,4,4,2,1.0986122886681098,1,2,2,2,2,1,3,522.0
21,3.091042453358316,0,0,1,0,1,6,1.9459101490553132,1,0,1,6,6,20,3.044522437723423,1,2,0,6,0,5,1.791759469228055,0,2,0,5,5,1,1,12.0
24,3.2188758248682006,1,0,4,3,4,3,1.3862943611198906,0,0,3,3,3,10,2.3978952727983707,1,1,0,3,0,3,1.3862943611198906,0,0,3,3,3,1,3,2.0
9,2.302585092994046,0,0,4,2,9,5,1.791759469228055,0,2,0,5,5,6,1.9459101490553132,1,0,1,6,6,3,1.3862943611198906,0,0,3,3,3,1,2,39.0
10,2.3978952727983707,1,1,0,3,0,5,1.791759469228055,0,2,0,5,5,9,2.302585092994046,0,0,4,2,9,4,1.6094379124341003,1,1,4,4,4,1,1,3.0
25,3.258096538021482,0,1,0,4,5,6,1.9459101490553132,1,0,1,6,6,10,2.3978952727983707,1,1,0,3,0,6,1.9459101490553132,1,0,1,6,6,1,1,2.0
10,2.3978952727983707,1,1,0,3,0,6,1.9459101490553132,1,0,1,6,6,9,2.302585092994046,0,0,4,2,9,6,1.9459101490553132,1,0,1,6,6,1,1,2.0
14,2.70805020110221,1,2,4,0,4,3,1.3862943611198906,0,0,3,3,3,6,1.9459101490553132,1,0,1,6,6,3,1.3862943611198906,0,0,3,3,3,1,3,2.0
18,2.9444389791664403,1,0,3,4,8,2,1.0986122886681098,1,2,2,2,2,15,2.772588722239781,0,0,0,1,5,2,1.0986122886681098,1,2,2,2,2,1,3,2.0
21,3.091042453358316,0,0,1,0,1,5,1.791759469228055,0,2,0,5,5,17,2.8903717578961645,0,2,2,3,7,2,1.0986122886681098,1,2,2,2,2,1,0,30.0
10,2.3978952727983707,1,1,0,3,0,3,1.3862943611198906,0,0,3,3,3,8,2.1972245773362196,1,2,3,1,8,3,1.3862943611198906,0,0,3,3,3,1,1,2.0
27,3.332204510175204,0,0,2,6,7,4,1.6094379124341003,1,1,4,4,4,14,2.70805020110221,1,2,4,0,4,3,1.3862943611198906,0,0,3,3,3,1,1,74.0
11,2.4849066497880004,0,2,1,4,1,4,1.6094379124341003,1,1,4,4,4,9,2.302585092994046,0,0,4,2,9,4,1.6094379124341003,1,1,4,4,4,1,1,2.0
12,2.5649493574615367,1,0,2,5,2,3,1.3862943611198906,0,0,3,3,3,6,1.9459101490553132,1,0,1,6,6,2,1.0986122886681098,1,2,2,2,2,1,5,13.0
22,3.1354942159291497,1,1,2,1,2,5,1.791759469228055,0,2,0,5,5,16,2.833213344056216,1,1,1,2,6,3,1.3862943611198906,0,0,3,3,3,1,0,167.0
17,2.8903717578961645,0,2,2,3,7,2,1.0986122886681098,1,2,2,2,2,7,2.0794415416798357,0,1,2,0,7,2,1.0986122886681098,1,2,2,2,2,1,1,2.0
10,2.3978952727983707,1,1,0,3,0,4,1.6094379124341003,1,1,4,4,4,6,1.9459101490553132,1,0,1,6,6,2,1.0986122886681098,1,2,2,2,2,2,3,40.0
9,2.302585092994046,0,0,4,2,9,4,1.6094379124341003,1,1,4,4,4,4,1.6094379124341003,1,1,4,4,4,4,1.6094379124341003,1,1,4,4,4,1,3,2.0
11,2.4849066497880004,0,2,1,4,1,4,1.6094379124341003,1,1,4,4,4,6,1.9459101490553132,1,0,1,6,6,2,1.0986122886681098,1,2,2,2,2,1,2,56.0
28,3.367295829986474,1,1,3,0,8,6,1.9459101490553132,1,0,1,6,6,11,2.4849066497880004,0,2,1,4,1,2,1.0986122886681098,1,2,2,2,2,1,2,1927.0
13,2.6390573296152584,0,1,3,6,3,3,1.3862943611198906,0,0,3,3,3,12,2.5649493574615367,1,0,2,5,2,2,1.0986122886681098,1,2,2,2,2,1,2,23.0
9,2.302585092994046,0,0,4,2,9,5,1.791759469228055,0,2,0,5,5,5,1.791759469228055,0,2,0,5,5,2,1.0986122886681098,1,2,2,2,2,1,1,122.0
8,2.1972245773362196,1,2,3,1,8,3,1.3862943611198906,0,0,3,3,3,3,1.3862943611198906,0,0,3,3,3,3,1.3862943611198906,0,0,3,3,3,1,3,2.0
14,2.70805020110221,1,2,4,0,4,2,1.0986122886681098,1,2,2,2,2,5,1.791759469228055,0,2,0,5,5,2,1.0986122886681098,1,2,2,2,2,1,3,2.0
19,2.995732273553991,0,1,4,5,9,4,1.6094379124341003,1,1,4,4,4,9,2.302585092994046,0,0,4,2,9,2,1.0986122886681098,1,2,2,2,2,1,1,452.0
23,3.1780538303479458,0,2,3,2,3,4,1.6094379124341003,1,1,4,4,4,10,2.3978952727983707,1,1,0,3,0,3,1.3862943611198906,0,0,3,3,3,1,0,66.0
16,2.833213344056216,1,1,1,2,6,3,1.3862943611198906,0,0,3,3,3,14,2.70805020110221,1,2,4,0,4,2,1.0986122886681098,1,2,2,2,2,1,2,5.0
14,2.70805020110221,1,2,4,0,4,6,1.9459101490553132,1,0,1,6,6,6,1.9459101490553132,1,0,1,6,6,2,1.0986122886681098,1,2,2,2,2,2,4,2640.0
12,2.5649493574615367,1,0,2,5,2,5,1.791759469228055,0,2,0,5,5,9,2.302585092994046,0,0,4,2,9,2,1.0986122886681098,1,2,2,2,2,1,1,51.0
5,1.791759469228055,0,2,0,5,5,2,1.0986122886681098,1,2,2,2,2,3,1.3862943611198906,0,0,3,3,3,2,1.0986122886681098,1,2,2,2,2,1,1,2.0
26,3.295836866004329,1,2,1,5,6,3,1.3862943611198906,0,0,3,3,3,18,2.9444389791664403,1,0,3,4,8,3,1.3862943611198906,0,0,3,3,3,1,3,2.0
23,3.1780538303479458,0,2,3,2,3,2,1.0986122886681098,1,2,2,2,2,21,3.091042453358316,0,0,1,0,1,2,1.0986122886681098,1,2,2,2,2,1,1,2.0
23,3.1780538303479458,0,2,3,2,3,4,1.6094379124341003,1,1,4,4,4,16,2.833213344056216,1,1,1,2,6,2,1.0986122886681098,1,2,2,2,2,1,3,72.0
21,3.091042453358316,0,0,1,0,1,3,1.3862943611198906,0,0,3,3,3,7,2.0794415416798357,0,1,2,0,7,3,1.3862943611198906,0,0,3,3,3,1,4,2.0
26,3.295836866004329,1,2,1,5,6,3,1.3862943611198906,0,0,3,3,3,22,3.1354942159291497,1,1,2,1,2,2,1.0986122886681098,1,2,2,2,2,1,2,13.0
26,3.295836866004329,1,2,1,5,6,5,1.791759469228055,0,2,0,5,5,8,2.1972245773362196,1,2,3,1,8,2,1.0986122886681098,1,2,2,2,2,1,2,1171.0
13,2.6390573296152584,0,1,3,6,3,3,1.3862943611198906,0,0,3,3,3,3,1.3862943611198906,0,0,3,3,3,3,1.3862943611198906,0,0,3,3,3,1,3,2.0
25,3.258096538021482,0,1,0,4,5,2,1.0986122886681098,1,2,2,2,2,3,1.3862943611198906,0,0,3,3,3,2,1.0986122886681098,1,2,2,2,2,1,1,2.0
13,2.6390573296152584,0,1,3,6,3,4,1.6094379124341003,1,1,4,4,4,7,2.0794415416798357,0,1,2,0,7,3,1.3862943611198906,0,0,3,3,3,1,0,8.0
27,3.332204510175204,0,0,2,6,7,5,1.791759469228055,0,2,0,5,5,5,1.791759469228055,0,2,0,5,5,5,1.791759469228055,0,2,0,5,5,1,3,2.0
16,2.833213344056216,1,1,1,2,6,6,1.9459101490553132,1,0,1,6,6,15,2.772588722239781,0,0,0,1,5,4,1.6094379124341003,1,1,4,4,4,1,1,13.0
19,2.995732273553991,0,1,4,5,9,6,1.9459101490553132,1,0,1,6,6,15,2.772588722239781,0,0,0,1,5,6,1.9459101490553132,1,0,1,6,6,1,1,2.0
7,2.0794415416798357,0,1,2,0,7,5,1.791759469228055,0,2,0,5,5,6,1.9459101490553132,1,0,1,6,6,5,1.791759469228055,0,2,0,5,5,1,1,2.0
30,3.4339872044851463,1,0,0,2,0,5,1.791759469228055,0,2,0,5,5,9,2.302585092994046,0,0,4,2,9,4,1.6094379124341003,1,1,4,4,4,1,1,23.0
11,2.4849066497880004,0,2,1,4,1,2,1.0986122886681098,1,2,2,2,2,10,2.3978952727983707,1,1,0,3,0,2,1.0986122886681098,1,2,2,2,2,1,3,2.0
28,3.367295829986474,1,1,3,0,8,4,1.6094379124341003,1,1,4,4,4,25,3.258096538021482,0,1,0,4,5,2,1.0986122886681098,1,2,2,2,2,1,3,662.0
16,2.833213344056216,1,1,1,2,6,3,1.3862943611198906,0,0,3,3,3,11,2.4849066497880004,0,2,1,4,1,3,1.3862943611198906,0,0,3,3,3,1,1,2.0
28,3.367295829986474,1,1,3,0,8,3,1.3862943611198906,0,0,3,3,3,21,3.091042453358316,0,0,1,0,1,2,1.0986122886681098,1,2,2,2,2,1,2,59.0
30,3.4339872044851463,1,0,0,2,0,4,1.6094379124341003,1,1,4,4,4,4,1.6094379124341003,1,1,4,4,4,3,1.3862943611198906,0,0,3,3,3,1,2,106.0
12,2.5649493574615367,1,0,2,5,2,2,1.0986122886681098,1,2,2,2,2,9,2.302585092994046,0,0,4,2,9,2,1.0986122886681098,1,2,2,2,2,1,3,2.0
23,3.1780538303479458,0,2,3,2,3,6,1.9459101490553132,1,0,1,6,6,7,2.0794415416798357,0,1,2,0,7,2,1.0986122886681098,1,2,2,2,2,1,1,8910.0
28,3.367295829986474,1,1,3,0,8,5,1.791759469228055,0,2,0,5,5,28,3.367295829986474,1,1,3,0,8,3,1.3862943611198906,0,0,3,3,3,1,1,2.0
10,2.3978952727983707,1,1,0,3,0,6,1.9459101490553132,1,0,1,6,6,8,2.1972245773362196,1,2,3,1,8,4,1.6094379124341003,1,1,4,4,4,2,1,17.0
26,3.295836866004329,1,2,1,5,6,5,1.791759469228055,0,2,0,5,5,15,2.772588722239781,0,0,0,1,5,3,1.3862943611198906,0,0,3,3,3,1,2,46.0
11,2.4849066497880004,0,2,1,4,1,2,1.0986122886681098,1,2,2,2,2,5,1.791759469228055,0,2,0,5,5,2,1.0986122886681098,1,2,2,2,2,1,1,2.0
19,2.995732273553991,0,1,4,5,9,6,1.9459101490553132,1,0,1,6,6,10,2.3978952727983707,1,1,0,3,0,6,1.9459101490553132,1,0,1,6,6,1,1,2.0
23,3.1780538303479458,0,2,3,2,3,5,1.791759469228055,0,2,0,5,5,20,3.044522437723423,1,2,0,6,0,5,1.791759469228055,0,2,0,5,5,1,3,2.0
13,2.6390573296152584,0,1,3,6,3,6,1.9459101490553132,1,0,1,6,6,11,2.4849066497880004,0,2,1,4,1,4,1.6094379124341003,1,1,4,4,4,1,0,33.0
6,1.9459101490553132,1,0,1,6,6,4,1.6094379124341003,1,1,4,4,4,4,1.6094379124341003,1,1,4,4,4,3,1.3862943611198906,0,0,3,3,3,1,2,10.0
11,2.4849066497880004,0,2,1,4,1,5,1.791759469228055,0,2,0,5,5,8,2.1972245773362196,1,2,3,1,8,4,1.6094379124341003,1,1,4,4,4,1,1,23.0
8,2.1972245773362196,1,2,3,1,8,6,1.9459101490553132,1,0,1,6,6,8,2.1972245773362196,1,2,3,1,8,3,1.3862943611198906,0,0,3,3,3,1,2,2.0
27,3.332204510175204,0,0,2,6,7,5,1.791759469228055,0,2,0,5,5,17,2.8903717578961645,0,2,2,3,7,2,1.0986122886681098,1,2,2,2,2,1,0,94.0
28,3.367295829986474,1,1,3,0,8,5,1.791759469228055,0,2,0,5,5,26,3.295836866004329,1,2,1,5,6,5,1.791759469228055,0,2,0,5,5,1,1,2.0
20,3.044522437723423,1,2,0,6,0,5,1.791759469228055,0,2,0,5,5,6,1.9459101490553132,1,0,1,6,6,4,1.6094379124341003,1,1,4,4,4,1,2,37.0
21,3.091042453358316,0,0,1,0,1,2,1.0986122886681098,1,2,2,2,2,14,2.70805020110221,1,2,4,0,4,2,1.0986122886681098,1,2,2,2,2,1,3,2.0
28,3.367295829986474,1,1,3,0,8,4,1.6094379124341003,1,1,4,4,4,21,3.091042453358316,0,0,1,0,1,3,1.3862943611198906,0,0,3,3,3,1,2,32.0
11,2.4849066497880004,0,2,1,4,1,4,1.6094379124341003,1,1,4,4,4,11,2.4849066497880004,0,2,1,4,1,2,1.0986122886681098,1,2,2,2,2,1,2,2.0
20,3.044522437723423,1,2,0,6,0,6,1.9459101490553132,1,0,1,6,6,20,3.044522437723423,1,2,0,6,0,3,1.3862943611198906,0,0,3,3,3,1,2,2.0
22,3.1354942159291497,1,1,2,1,2,4,1.6094379124341003,1,1,4,4,4,19,2.995732273553991,0,1,4,5,9,4,1.6094379124341003,1,1,4,4,4,1,1,2.0
27,3.332204510175204,0,0,2,6,7,3,1.3862943611198906,0,0,3,3,3,11,2.4849066497880004,0,2,1,4,1,2,1.0986122886681098,1,2,2,2,2,1,1,22.0
25,3.258096538021482,0,1,0,4,5,6,1.9459101490553132,1,0,1,6,6,12,2.5649493574615367,1,0,2,5,2,2,1.0986122886681098,1,2,2,2,2,1,3,3656.0
15,2.772588722239781,0,0,0,1,5,6,1.9459101490553132,1,0,1,6,6,14,2.70805020110221,1,2,4,0,4,5,1.791759469228055,0,2,0,5,5,1,1,8.0
11,2.4849066497880004,0,2,1,4,1,4,1.6094379124341003,1,1,4,4,4,5,1.791759469228055,0,2,0,5,5,3,1.3862943611198906,0,0,3,3,3,1,0,14.0
22,3.1354942159291497,1,1,2,1,2,4,1.6094379124341003,1,1,4,4,4,9,2.302585092994046,0,0,4,2,9,2,1.0986122886681098,1,2,2,2,2,1,2,692.0
11,2.4849066497880004,0,2,1,4,1,2,1.0986122886681098,1,2,2,2,2,8,2.1972245773362196,1,2,3,1,8,2,1.0986122886681098,1,2,2,2,2,1,3,2.0
21,3.091042453358316,0,0,1,0,1,5,1.791759469228055,0,2,0,5,5,19,2.995732273553991,0,1,4,5,9,3,1.3862943611198906,0,0,3,3,3,1,1,11.0
26,3.295836866004329,1,2,1,5,6,6,1.9459101490553132,1,0,1,6,6,12,2.5649493574615367,1,0,2,5,2,5,1.791759469228055,0,2,0,5,5,1,1,14.0
15,2.772588722239781,0,0,0,1,5,4,1.6094379124341003,1,1,4,4,4,4,1.6094379124341003,1,1,4,4,4,2,1.0986122886681098,1,2,2,2,2,1,3,376.0
8,2.1972245773362196,1,2,3,1,8,4,1.6094379124341003,1,1,4,4,4,5,1.791759469228055,0,2,0,5,5,2,1.0986122886681098,1,2,2,2,2,1,3,14.0
16,2.833213344056216,1,1,1,2,6,3,1.3862943611198906,0,0,3,3,3,4,1.6094379124341003,1,1,4,4,4,2,1.0986122886681098,1,2,2,2,2,1,3,20.0
16,2.833213344056216,1,1,1,2,6,4,1.6094379124341003,1,1,4,4,4,11,2.4849066497880004,0,2,1,4,1,2,1.0986122886681098,1,2,2,2,2,1,3,37.0
25,3.258096538021482,0,1,0,4,5,4,1.6094379124341003,1,1,4,4,4,11,2.4849066497880004,0,2,1,4,1,3,1.3862943611198906,0,0,3,3,3,1,0,9.0
11,2.4849066497880004,0,2,1,4,1,4,1.6094379124341003,1,1,4,4,4,4,1.6094379124341003,1,1,4,4,4,4,1.6094379124341003,1,1,4,4,4,1,3,2.0
24,3.2188758248682006,1,0,4,3,4,4,1.6094379124341003,1,1,4,4,4,19,2.995732273553991,0,1,4,5,9,2,1.0986122886681098,1,2,2,2,2,1,3,251.0
14,2.70805020110221,1,2,4,0,4,4,1.6094379124341003,1,1,4,4,4,13,2.6390573296152584,0,1,3,6,3,2,1.0986122886681098,1,2,2,2,2,1,2,12.0
24,3.2188758248682006,1,0,4,3,4,6,1.9459101490553132,1,0,1,6,6,8,2.1972245773362196,1,2,3,1,8,2,1.0986122886681098,1,2,2,2,2,2,5,3274.0
14,2.70805020110221,1,2,4,0,4,5,1.791759469228055,0,2,0,5,5,8,2.1972245773362196,1,2,3,1,8,2,1.0986122886681098,1,2,2,2,2,1,2,69.0
8,2.1972245773362196,1,2,3,1,8,6,1.9459101490553132,1,0,1,6,6,8,2.1972245773362196,1,2,3,1,8,5,1.791759469228055,0,2,0,5,5,1,1,2.0
20,3.044522437723423,1,2,0,6,0,4,1.6094379124341003,1,1,4,4,4,7,2.0794415416798357,0,1,2,0,7,3,1.3862943611198906,0,0,3,3,3,1,1,15.0
24,3.2188758248682006,1,0,4,3,4,6,1.9459101490553132,1,0,1,6,6,15,2.772588722239781,0,0,0,1,5,5,1.791759469228055,0,2,0,5,5,1,2,37.0
23,3.1780538303479458,0,2,3,2,3,4,1.6094379124341003,1,1,4,4,4,9,2.302585092994046,0,0,4,2,9,2,1.0986122886681098,1,2,2,2,2,1,1,112.0
22,3.1354942159291497,1,1,2,1,2,4,1.6094379124341003,1,1,4,4,4,17,2.8903717578961645,0,2,2,3,7,4,1.6094379124341003,1,1,4,4,4,1,1,2.0
7,2.0794415416798357,0,1,2,0,7,5,1.791759469228055,0,2,0,5,5,7,2.0794415416798357,0,1,2,0,7,3,1.3862943611198906,0,0,3,3,3,1,1,2.0
14,2.70805020110221,1,2,4,0,4,6,1.9459101490553132,1,0,1,6,6,10,2.3978952727983707,1,1,0,3,0,4,1.6094379124341003,1,1,4,4,4,2,0,64.0
29,3.4011973816621555,0,2,4,1,9,2,1.0986122886681098,1,2,2,2,2,24,3.2188758248682006,1,0,4,3,4,2,1.0986122886681098,1,2,2,2,2,1,3,2.0
30,3.4339872044851463,1,0,0,2,0,5,1.791759469228055,0,2,0,5,5,7,2.0794415416798357,0,1,2,0,7,3,1.3862943611198906,0,0,3,3,3,1,2,462.0
28,3.367295829986474,1,1,3,0,8,5,1.791759469228055,0,2,0,5,5,14,2.70805020110221,1,2,4,0,4,3,1.3862943611198906,0,0,3,3,3,1,1,281.0
25,3.258096538021482,0,1,0,4,5,6,1.9459101490553132,1,0,1,6,6,20,3.044522437723423,1,2,0,6,0,5,1.791759469228055,0,2,0,5,5,1,2,4.0
17,2.8903717578961645,0,2,2,3,7,3,1.3862943611198906,0,0,3,3,3,6,1.9459101490553132,1,0,1,6,6,3,1.3862943611198906,0,0,3,3,3,1,3,2.0
14,2.70805020110221,1,2,4,0,4,5,1.791759469228055,0,2,0,5,5,8,2.1972245773362196,1,2,3,1,8,5,1.791759469228055,0,2,0,5,5,1,1,2.0
8,2.1972245773362196,1,2,3,1,8,6,1.9459101490553132,1,0,1,6,6,8,2.1972245773362196,1,2,3,1,8,6,1.9459101490553132,1,0,1,6,6,2,2,2.0
16,2.833213344056216,1,1,1,2,6,5,1.791759469228055,0,2,0,5,5,11,2.4849066497880004,0,2,1,4,1,3,1.3862943611198906,0,0,3,3,3,1,0,64.0
15,2.772588722239781,0,0,0,1,5,5,1.791759469228055,0,2,0,5,5,12,2.5649493574615367,1,0,2,5,2,4,1.6094379124341003,1,1,4,4,4,1,2,31.0
23,3.1780538303479458,0,2,3,2,3,4,1.6094379124341003,1,1,4,4,4,17,2.8903717578961645,0,2,2,3,7,3,1.3862943611198906,0,0,3,3,3,1,0,26.0
22,3.1354942159291497,1,1,2,1,2,6,1.9459101490553132,1,0,1,6,6,21,3.091042453358316,0,0,1,0,1,6,1.9459101490553132,1,0,1,6,6,1,1,2.0
15,2.772588722239781,0,0,0,1,5,5,1.791759469228055,0,2,0,5,5,13,2.6390573296152584,0,1,3,6,3,2,1.0986122886681098,1,2,2,2,2,1,1,10.0
28,3.367295829986474,1,1,3,0,8,4,1.6094379124341003,1,1,4,4,4,7,2.0794415416798357,0,1,2,0,7,3,1.3862943611198906,0,0,3,3,3,1,2,23.0
6,1.9459101490553132,1,0,1,6,6,2,1.0986122886681098,1,2,2,2,2,6,1.9459101490553132,1,0,1,6,6,2,1.0986122886681098,1,2,2,2,2,2,6,2.0
26,3.295836866004329,1,2,1,5,6,5,1.791759469228055,0,2,0,5,5,19,2.995732273553991,0,1,4,5,9,2,1.0986122886681098,1,2,2,2,2,1,1,673.0
27,3.332204510175204,0,0,2,6,7,6,1.9459101490553132,1,0,1,6,6,22,3.1354942159291497,1,1,2,1,2,2,1.0986122886681098,1,2,2,2,2,1,2,4813.0
9,2.302585092994046,0,0,4,2,9,3,1.3862943611198906,0,0,3,3,3,3,1.3862943611198906,0,0,3,3,3,3,1.3862943611198906,0,0,3,3,3,3,6,2.0
28,3.367295829986474,1,1,3,0,8,6,1.9459101490553132,1,0,1,6,6,11,2.4849066497880004,0,2,1,4,1,6,1.9459101490553132,1,0,1,6,6,1,1,2.0
25,3.258096538021482,0,1,0,4,5,3,1.3862943611198906,0,0,3,3,3,24,3.2188758248682006,1,0,4,3,4,2,1.0986122886681098,1,2,2,2,2,1,2,47.0
14,2.70805020110221,1,2,4,0,4,4,1.6094379124341003,1,1,4,4,4,11,2.4849066497880004,0,2,1,4,1,2,1.0986122886681098,1,2,2,2,2,1,2,4.0
22,3.1354942159291497,1,1,2,1,2,3,1.3862943611198906,0,0,3,3,3,7,2.0794415416798357,0,1,2,0,7,3,1.3862943611198906,0,0,3,3,3,1,1,2.0
25,3.258096538021482,0,1,0,4,5,2,1.0986122886681098,1,2,2,2,2,15,2.772588722239781,0,0,0,1,5,2,1.0986122886681098,1,2,2,2,2,1,1,2.0
19,2.995732273553991,0,1,4,5,9,2,1.0986122886681098,1,2,2,2,2,13,2.6390573296152584,0,1,3,6,3,2,1.0986122886681098,1,2,2,2,2,1,1,2.0
16,2.833213344056216,1,1,1,2,6,4,1.6094379124341003,1,1,4,4,4,9,2.302585092994046,0,0,4,2,9,3,1.3862943611198906,0,0,3,3,3,1,2,20.0
20,3.044522437723423,1,2,0,6,0,5,1.791759469228055,0,2,0,5,5,18,2.9444389791664403,1,0,3,4,8,4,1.6094379124341003,1,1,4,4,4,1,2,19.0
17,2.8903717578961645,0,2,2,3,7,6,1.9459101490553132,1,0,1,6,6,16,2.833213344056216,1,1,1,2,6,2,1.0986122886681098,1,2,2,2,2,1,2,28.0
26,3.295836866004329,1,2,1,5,6,2,1.0986122886681098,1,2,2,2,2,12,2.5649493574615367,1,0,2,5,2,2,1.0986122886681098,1,2,2,2,2,2,5,2.0
17,2.8903717578961645,0,2,2,3,7,4,1.6094379124341003,1,1,4,4,4,12,2.5649493574615367,1,0,2,5,2,3,1.3862943611198906,0,0,3,3,3,1,2,38.0
28,3.367295829986474,1,1,3,0,8,2,1.0986122886681098,1,2,2,2,2,25,3.258096538021482,0,1,0,4,5,2,1.0986122886681098,1,2,2,2,2,1,3,2.0
28,3.367295829986474,1,1,3,0,8,6,1.9459101490553132,1,0,1,6,6,12,2.5649493574615367,1,0,2,5,2,6,1.9459101490553132,1,0,1,6,6,2,3,2.0
8,2.1972245773362196,1,2,3,1,8,2,1.0986122886681098,1,2,2,2,2,3,1.3862943611198906,0,0,3,3,3,2,1.0986122886681098,1,2,2,2,2,1,3,2.0
8,2.1972245773362196,1,2,3,1,8,4,1.6094379124341003,1,1,4,4,4,4,1.6094379124341003,1,1,4,4,4,4,1.6094379124341003,1,1,4,4,4,4,6,2.0
16,2.833213344056216,1,1,1,2,6,2,1.0986122886681098,1,2,2,2,2,13,2.6390573296152584,0,1,3,6,3,2,1.0986122886681098,1,2,2,2,2,1,3,2.0
27,3.332204510175204,0,0,2,6,7,2,1.0986122886681098,1,2,2,2,2,26,3.295836866004329,1,2,1,5,6,2,1.0986122886681098,1,2,2,2,2,1,3,2.0
12,2.5649493574615367,1,0,2,5,2,2,1.0986122886681098,1,2,2,2,2,4,1.6094379124341003,1,1,4,4,4,2,1.0986122886681098,1,2,2,2,2,2,6,2.0
19,2.995732273553991,0,1,4,5,9,4,1.6094379124341003,1,1,4,4,4,16,2.833213344056216,1,1,1,2,6,2,1.0986122886681098,1,2,2,2,2,1,3,284.0
23,3.1780538303479458,0,2,3,2,3,3,1.3862943611198906,0,0,3,3,3,21,3.091042453358316,0,0,1,0,1,2,1.0986122886681098,1,2,2,2,2,1,1,44.0
26,3.295836866004329,1,2,1,5,6,5,1.791759469228055,0,2,0,5,5,7,2.0794415416798357,0,1,2,0,7,2,1.0986122886681098,1,2,2,2,2,1,1,3863.0
26,3.295836866004329,1,2,1,5,6,2,1.0986122886681098,1,2,2,2,2,23,3.1780538303479458,0,2,3,2,3,2,1.0986122886681098,1,2,2,2,2,1,3,2.0
24,3.2188758248682006,1,0,4,3,4,3,1.3862943611198906,0,0,3,3,3,17,2.8903717578961645,0,2,2,3,7,2,1.0986122886681098,1,2,2,2,2,1,2,17.0
13,2.6390573296152584,0,1,3,6,3,2,1.0986122886681098,1,2,2,2,2,11,2.4849066497880004,0,2,1,4,1,2,1.0986122886681098,1,2,2,2,2,1,1,2.0
9,2.302585092994046,0,0,4,2,9,2,1.0986122886681098,1,2,2,2,2,2,1.0986122886681098,1,2,2,2,2,2,1.0986122886681098,1,2,2,2,2,1,3,2.0
26,3.295836866004329,1,2,1,5,6,2,1.0986122886681098,1,2,2,2,2,22,3.1354942159291497,1,1,2,1,2,2,1.0986122886681098,1,2,2,2,2,2,5,2.0
14,2.70805020110221,1,2,4,0,4,5,1.791759469228055,0,2,0,5,5,14,2.70805020110221,1,2,4,0,4,4,1.6094379124341003,1,1,4,4,4,1,1,2.0
28,3.367295829986474,1,1,3,0,8,2,1.0986122886681098,1,2,2,2,2,10,2.3978952727983707,1,1,0,3,0,2,1.0986122886681098,1,2,2,2,2,2,5,2.0
30,3.4339872044851463,1,0,0,2,0,4,1.6094379124341003,1,1,4,4,4,27,3.332204510175204,0,0,2,6,7,3,1.3862943611198906,0,0,3,3,3,1,2,5.0
25,3.258096538021482,0,1,0,4,5,4,1.6094379124341003,1,1,4,4,4,16,2.833213344056216,1,1,1,2,6,4,1.6094379124341003,1,1,4,4,4,1,3,2.0
12,2.5649493574615367,1,0,2,5,2,2,1.0986122886681098,1,2,2,2,2,2,1.0986122886681098,1,2,2,2,2,2,1.0986122886681098,1,2,2,2,2,2,6,2.0
10,2.3978952727983707,1,1,0,3,0,5,1.791759469228055,0,2,0,5,5,5,1.791759469228055,0,2,0,5,5,5,1.791759469228055,0,2,0,5,5,5,6,2.0
23,3.1780538303479458,0,2,3,2,3,3,1.3862943611198906,0,0,3,3,3,11,2.4849066497880004,0,2,1,4,1,2,1.0986122886681098,1,2,2,2,2,1,0,6.0
25,3.258096538021482,0,1,0,4,5,6,1.9459101490553132,1,0,1,6,6,14,2.70805020110221,1,2,4,0,4,4,1.6094379124341003,1,1,4,4,4,1,0,83.0
8,2.1972245773362196,1,2,3,1,8,3,1.3862943611198906,0,0,3,3,3,7,2.0794415416798357,0,1,2,0,7,2,1.0986122886681098,1,2,2,2,2,1,1,13.0
23,3.1780538303479458,0,2,3,2,3,4,1.6094379124341003,1,1,4,4,4,9,2.302585092994046,0,0,4,2,9,4,1.6094379124341003,1,1,4,4,4,1,1,2.0
4,1.6094379124341003,1,1,4,4,4,2,1.0986122886681098,1,2,2,2,2,2,1.0986122886681098,1,2,2,2,2,2,1.0986122886681098,1,2,2,2,2,2,6,2.0
28,3.367295829986474,1,1,3,0,8,2,1.0986122886681098,1,2,2,2,2,8,2.1972245773362196,1,2,3,1,8,2,1.0986122886681098,1,2,2,2,2,2,5,2.0
19,2.995732273553991,0,1,4,5,9,4,1.6094379124341003,1,1,4,4,4,16,2.833213344056216,1,1,1,2,6,4,1.6094379124341003,1,1,4,4,4,1,3,2.0
6,1.9459101490553132,1,0,1,6,6,3,1.3862943611198906,0,0,3,3,3,4,1.6094379124341003,1,1,4,4,4,2,1.0986122886681098,1,2,2,2,2,1,3,5.0
11,2.4849066497880004,0,2,1,4,1,3,1.3862943611198906,0,0,3,3,3,6,1.9459101490553132,1,0,1,6,6,2,1.0986122886681098,1,2,2,2,2,1,2,23.0
29,3.4011973816621555,0,2,4,1,9,6,1.9459101490553132,1,0,1,6,6,29,3.4011973816621555,0,2,4,1,9,6,1.9459101490553132,1,0,1,6,6,1,2,2.0
17,2.8903717578961645,0,2,2,3,7,6,1.9459101490553132,1,0,1,6,6,14,2.70805020110221,1,2,4,0,4,4,1.6094379124341003,1,1,4,4,4,1,0,5.0
30,3.4339872044851463,1,0,0,2,0,3,1.3862943611198906,0,0,3,3,3,28,3.367295829986474,1,1,3,0,8,3,1.3862943611198906,0,0,3,3,3,1,3,2.0
11,2.4849066497880004,0,2,1,4,1,6,1.9459101490553132,1,0,1,6,6,7,2.0794415416798357,0,1,2,0,7,5,1.791759469228055,0,2,0,5,5,1,0,14.0
21,3.091042453358316,0,0,1,0,1,6,1.9459101490553132,1,0,1,6,6,16,2.833213344056216,1,1,1,2,6,3,1.3862943611198906,0,0,3,3,3,1,2,1101.0
19,2.995732273553991,0,1,4,5,9,2,1.0986122886681098,1,2,2,2,2,2,1.0986122886681098,1,2,2,2,2,2,1.0986122886681098,1,2,2,2,2,1,3,2.0
28,3.367295829986474,1,1,3,0,8,3,1.3862943611198906,0,0,3,3,3,13,2.6390573296152584,0,1,3,6,3,3,1.3862943611198906,0,0,3,3,3,1,1,2.0
8,2.1972245773362196,1,2,3,1,8,5,1.791759469228055,0,2,0,5,5,6,1.9459101490553132,1,0,1,6,6,4,1.6094379124341003,1,1,4,4,4,1,1,7.0
24,3.2188758248682006,1,0,4,3,4,5,1.791759469228055,0,2,0,5,5,15,2.772588722239781,0,0,0,1,5,2,1.0986122886681098,1,2,2,2,2,1,2,2071.0
17,2.8903717578961645,0,2,2,3,7,2,1.0986122886681098,1,2,2,2,2,12,2.5649493574615367,1,0,2,5,2,2,1.0986122886681098,1,2,2,2,2,1,3,2.0
10,2.3978952727983707,1,1,0,3,0,4,1.6094379124341003,1,1,4,4,4,7,2.0794415416798357,0,1,2,0,7,2,1.0986122886681098,1,2,2,2,2,1,2,34.0
9,2.302585092994046,0,0,4,2,9,4,1.6094379124341003,1,1,4,4,4,4,1.6094379124341003,1,1,4,4,4,3,1.3862943611198906,0,0,3,3,3,1,2,22.0
13,2.6390573296152584,0,1,3,6,3,4,1.6094379124341003,1,1,4,4,4,6,1.9459101490553132,1,0,1,6,6,2,1.0986122886681098,1,2,2,2,2,1,2,97.0
23,3.1780538303479458,0,2,3,2,3,3,1.3862943611198906,0,0,3,3,3,15,2.772588722239781,0,0,0,1,5,2,1.0986122886681098,1,2,2,2,2,1,1,50.0
8,2.1972245773362196,1,2,3,1,8,3,1.3862943611198906,0,0,3,3,3,8,2.1972245773362196,1,2,3,1,8,3,1.3862943611198906,0,0,3,3,3,1,2,2.0
26,3.295836866004329,1,2,1,5,6,4,1.6094379124341003,1,1,4,4,4,11,2.4849066497880004,0,2,1,4,1,2,1.0986122886681098,1,2,2,2,2,1,2,27.0
22,3.1354942159291497,1,1,2,1,2,5,1.791759469228055,0,2,0,5,5,20,3.044522437723423,1,2,0,6,0,2,1.0986122886681098,1,2,2,2,2,1,3,367.0
25,3.258096538021482,0,1,0,4,5,5,1.791759469228055,0,2,0,5,5,17,2.8903717578961645,0,2,2,3,7,2,1.0986122886681098,1,2,2,2,2,1,1,122.0
23,3.1780538303479458,0,2,3,2,3,5,1.791759469228055,0,2,0,5,5,8,2.1972245773362196,1,2,3,1,8,5,1.791759469228055,0,2,0,5,5,1,1,2.0
7,2.0794415416798357,0,1,2,0,7,3,1.3862943611198906,0,0,3,3,3,5,1.791759469228055,0,2,0,5,5,2,1.0986122886681098,1,2,2,2,2,1,0,4.0
27,3.332204510175204,0,0,2,6,7,2,1.0986122886681098,1,2,2,2,2,15,2.772588722239781,0,0,0,1,5,2,1.0986122886681098,1,2,2,2,2,1,1,2.0
8,2.1972245773362196,1,2,3,1,8,2,1.0986122886681098,1,2,2,2,2,7,2.0794415416798357,0,1,2,0,7,2,1.0986122886681098,1,2,2,2,2,1,3,2.0
7,2.0794415416798357,0,1,2,0,7,2,1.0986122886681098,1,2,2,2,2,6,1.9459101490553132,1,0,1,6,6,2,1.0986122886681098,1,2,2,2,2,1,3,2.0
27,3.332204510175204,0,0,2,6,7,6,1.9459101490553132,1,0,1,6,6,15,2.772588722239781,0,0,0,1,5,6,1.9459101490553132,1,0,1,6,6,3,1,2.0
17,2.8903717578961645,0,2,2,3,7,5,1.791759469228055,0,2,0,5,5,13,2.6390573296152584,0,1,3,6,3,4,1.6094379124341003,1,1,4,4,4,1,0,38.0
20,3.044522437723423,1,2,0,6,0,2,1.0986122886681098,1,2,2,2,2,20,3.044522437723423,1,2,0,6,0,2,1.0986122886681098,1,2,2,2,2,2,6,2.0
15,2.772588722239781,0,0,0,1,5,4,1.6094379124341003,1,1,4,4,4,15,2.772588722239781,0,0,0,1,5,3,1.3862943611198906,0,0,3,3,3,1,3,2.0
19,2.995732273553991,0,1,4,5,9,4,1.6094379124341003,1,1,4,4,4,19,2.995732273553991,0,1,4,5,9,4,1.6094379124341003,1,1,4,4,4,1,2,2.0
9,2.302585092994046,0,0,4,2,9,5,1.791759469228055,0,2,0,5,5,6,1.9459101490553132,1,0,1,6,6,4,1.6094379124341003,1,1,4,4,4,1,0,19.0
19,2.995732273553991,0,1,4,5,9,5,1.791759469228055,0,2,0,5,5,11,2.4849066497880004,0,2,1,4,1,2,1.0986122886681098,1,2,2,2,2,1,0,512.0
20,3.044522437723423,1,2,0,6,0,5,1.791759469228055,0,2,0,5,5,10,2.3978952727983707,1,1,0,3,0,5,1.791759469228055,0,2,0,5,5,5,6,2.0
19,2.995732273553991,0,1,4,5,9,6,1.9459101490553132,1,0,1,6,6,13,2.6390573296152584,0,1,3,6,3,4,1.6094379124341003,1,1,4,4,4,1,0,51.0
13,2.6390573296152584,0,1,3,6,3,6,1.9459101490553132,1,0,1,6,6,6,1.9459101490553132,1,0,1,6,6,2,1.0986122886681098,1,2,2,2,2,1,3,1584.0
30,3.4339872044851463,1,0,0,2,0,2,1.0986122886681098,1,2,2,2,2,29,3.4011973816621555,0,2,4,1,9,2,1.0986122886681098,1,2,2,2,2,1,3,2.0
27,3.332204510175204,0,0,2,6,7,4,1.6094379124341003,1,1,4,4,4,20,3.044522437723423,1,2,0,6,0,3,1.3862943611198906,0,0,3,3,3,1,2,62.0
21,3.091042453358316,0,0,1,0,1,6,1.9459101490553132,1,0,1,6,6,14,2.70805020110221,1,2,4,0,4,2,1.0986122886681098,1,2,2,2,2,1,2,626.0
11,2.4849066497880004,0,2,1,4,1,6,1.9459101490553132,1,0,1,6,6,10,2.3978952727983707,1,1,0,3,0,6,1.9459101490553132,1,0,1,6,6,1,1,2.0
25,3.258096538021482,0,1,0,4,5,2,1.0986122886681098,1,2,2,2,2,23,3.1780538303479458,0,2,3,2,3,2,1.0986122886681098,1,2,2,2,2,1,1,2.0
16,2.833213344056216,1,1,1,2,6,6,1.9459101490553132,1,0,1,6,6,14,2.70805020110221,1,2,4,0,4,2,1.0986122886681098,1,2,2,2,2,2,3,11.0
6,1.9459101490553132,1,0,1,6,6,4,1.6094379124341003,1,1,4,4,4,5,1.791759469228055,0,2,0,5,5,2,1.0986122886681098,1,2,2,2,2,1,2,4.0
23,3.1780538303479458,0,2,3,2,3,2,1.0986122886681098,1,2,2,2,2,4,1.6094379124341003,1,1,4,4,4,2,1.0986122886681098,1,2,2,2,2,1,3,2.0
29,3.4011973816621555,0,2,4,1,9,3,1.3862943611198906,0,0,3,3,3,20,3.044522437723423,1,2,0,6,0,2,1.0986122886681098,1,2,2,2,2,1,1,7.0
5,1.791759469228055,0,2,0,5,5,2,1.0986122886681098,1,2,2,2,2,2,1.0986122886681098,1,2,2,2,2,2,1.0986122886681098,1,2,2,2,2,1,3,2.0
12,2.5649493574615367,1,0,2,5,2,6,1.9459101490553132,1,0,1,6,6,9,2.302585092994046,0,0,4,2,9,6,1.9459101490553132,1,0,1,6,6,3,3,2.0
16,2.833213344056216,1,1,1,2,6,5,1.791759469228055,0,2,0,5,5,9,2.302585092994046,0,0,4,2,9,3,1.3862943611198906,0,0,3,3,3,1,1,23.0
10,2.3978952727983707,1,1,0,3,0,5,1.791759469228055,0,2,0,5,5,8,2.1972245773362196,1,2,3,1,8,3,1.3862943611198906,0,0,3,3,3,1,1,11.0
15,2.772588722239781,0,0,0,1,5,3,1.3862943611198906,0,0,3,3,3,15,2.772588722239781,0,0,0,1,5,3,1.3862943611198906,0,0,3,3,3,3,6,2.0
27,3.332204510175204,0,0,2,6,7,4,1.6094379124341003,1,1,4,4,4,7,2.0794415416798357,0,1,2,0,7,4,1.6094379124341003,1,1,4,4,4,1,1,2.0
27,3.332204510175204,0,0,2,6,7,4,1.6094379124341003,1,1,4,4,4,13,2.6390573296152584,0,1,3,6,3,3,1.3862943611198906,0,0,3,3,3,1,1,38.0
11,2.4849066497880004,0,2,1,4,1,3,1.3862943611198906,0,0,3,3,3,7,2.0794415416798357,0,1,2,0,7,3,1.3862943611198906,0,0,3,3,3,1,1,2.0
30,3.4339872044851463,1,0,0,2,0,4,1.6094379124341003,1,1,4,4,4,15,2.772588722239781,0,0,0,1,5,3,1.3862943611198906,0,0,3,3,3,1,3,7.0
21,3.091042453358316,0,0,1,0,1,5,1.791759469228055,0,2,0,5,5,17,2.8903717578961645,0,2,2,3,7,5,1.791759469228055,0,2,0,5,5,1,1,2.0
13,2.6390573296152584,0,1,3,6,3,5,1.791759469228055,0,2,0,5,5,10,2.3978952727983707,1,1,0,3,0,3,1.3862943611198906,0,0,3,3,3,1,1,83.0
19,2.995732273553991,0,1,4,5,9,2,1.0986122886681098,1,2,2,2,2,16,2.833213344056216,1,1,1,2,6,2,1.0986122886681098,1,2,2,2,2,1,3,2.0
23,3.1780538303479458,0,2,3,2,3,6,1.9459101490553132,1,0,1,6,6,22,3.1354942159291497,1,1,2,1,2,5,1.791759469228055,0,2,0,5,5,1,0,40.0
6,1.9459101490553132,1,0,1,6,6,4,1.6094379124341003,1,1,4,4,4,4,1.6094379124341003,1,1,4,4,4,4,1.6094379124341003,1,1,4,4,4,2,3,2.0
21,3.091042453358316,0,0,1,0,1,4,1.6094379124341003,1,1,4,4,4,13,2.6390573296152584,0,1,3,6,3,3,1.3862943611198906,0,0,3,3,3,1,1,26.0
12,2.5649493574615367,1,0,2,5,2,6,1.9459101490553132,1,0,1,6,6,12,2.5649493574615367,1,0,2,5,2,3,1.3862943611198906,0,0,3,3,3,3,6,2.0
14,2.70805020110221,1,2,4,0,4,6,1.9459101490553132,1,0,1,6,6,12,2.5649493574615367,1,0,2,5,2,3,1.3862943611198906,0,0,3,3,3,1,3,17.0
18,2.9444389791664403,1,0,3,4,8,4,1.6094379124341003,1,1,4,4,4,12,2.5649493574615367,1,0,2,5,2,2,1.0986122886681098,1,2,2,2,2,2,4,20.0
17,2.8903717578961645,0,2,2,3,7,2,1.0986122886681098,1,2,2,2,2,3,1.3862943611198906,0,0,3,3,3,2,1.0986122886681098,1,2,2,2,2,1,1,2.0
18,2.9444389791664403,1,0,3,4,8,4,1.6094379124341003,1,1,4,4,4,15,2.772588722239781,0,0,0,1,5,3,1.3862943611198906,0,0,3,3,3,1,2,3.0
29,3.4011973816621555,0,2,4,1,9,4,1.6094379124341003,1,1,4,4,4,22,3.1354942159291497,1,1,2,1,2,4,1.6094379124341003,1,1,4,4,4,1,1,2.0
18,2.9444389791664403,1,0,3,4,8,3,1.3862943611198906,0,0,3,3,3,7,2.0794415416798357,0,1,2,0,7,2,1.0986122886681098,1,2,2,2,2,1,2,43.0
29,3.4011973816621555,0,2,4,1,9,6,1.9459101490553132,1,0,1,6,6,15,2.772588722239781,0,0,0,1,5,3,1.3862943611198906,0,0,3,3,3,1,2,3757.0
26,3.295836866004329,1,2,1,5,6,2,1.0986122886681098,1,2,2,2,2,7,2.0794415416798357,0,1,2,0,7,2,1.0986122886681098,1,2,2,2,2,1,3,2.0
23,3.1780538303479458,0,2,3,2,3,4,1.6094379124341003,1,1,4,4,4,9,2.302585092994046,0,0,4,2,9,3,1.3862943611198906,0,0,3,3,3,1,1,34.0
21,3.091042453358316,0,0,1,0,1,6,1.9459101490553132,1,0,1,6,6,9,2.302585092994046,0,0,4,2,9,4,1.6094379124341003,1,1,4,4,4,1,0,119.0
18,2.9444389791664403,1,0,3,4,8,3,1.3862943611198906,0,0,3,3,3,12,2.5649493574615367,1,0,2,5,2,2,1.0986122886681098,1,2,2,2,2,1,4,19.0
24,3.2188758248682006,1,0,4,3,4,5,1.791759469228055,0,2,0,5,5,11,2.4849066497880004,0,2,1,4,1,2,1.0986122886681098,1,2,2,2,2,1,1,1537.0
14,2.70805020110221,1,2,4,0,4,6,1.9459101490553132,1,0,1,6,6,11,2.4849066497880004,0,2,1,4,1,4,1.6094379124341003,1,1,4,4,4,1,0,50.0
28,3.367295829986474,1,1,3,0,8,2,1.0986122886681098,1,2,2,2,2,15,2.772588722239781,0,0,0,1,5,2,1.0986122886681098,1,2,2,2,2,1,3,2.0
21,3.091042453358316,0,0,1,0,1,6,1.9459101490553132,1,0,1,6,6,6,1.9459101490553132,1,0,1,6,6,2,1.0986122886681098,1,2,2,2,2,1,3,31242.0
12,2.5649493574615367,1,0,2,5,2,6,1.9459101490553132,1,0,1,6,6,7,2.0794415416798357,0,1,2,0,7,6,1.9459101490553132,1,0,1,6,6,1,3,2.0
23,3.1780538303479458,0,2,3,2,3,4,1.6094379124341003,1,1,4,4,4,12,2.5649493574615367,1,0,2,5,2,2,1.0986122886681098,1,2,2,2,2,1,3,128.0
28,3.367295829986474,1,1,3,0,8,3,1.3862943611198906,0,0,3,3,3,11,2.4849066497880004,0,2,1,4,1,3,1.3862943611198906,0,0,3,3,3,1,1,2.0
18,2.9444389791664403,1,0,3,4,8,2,1.0986122886681098,1,2,2,2,2,10,2.3978952727983707,1,1,0,3,0,2,1.0986122886681098,1,2,2,2,2,2,5,2.0
21,3.091042453358316,0,0,1,0,1,2,1.0986122886681098,1,2,2,2,2,7,2.0794415416798357,0,1,2,0,7,2,1.0986122886681098,1,2,2,2,2,1,2,2.0
7,2.0794415416798357,0,1,2,0,7,3,1.3862943611198906,0,0,3,3,3,4,1.6094379124341003,1,1,4,4,4,3,1.3862943611198906,0,0,3,3,3,1,1,2.0
13,2.6390573296152584,0,1,3,6,3,2,1.0986122886681098,1,2,2,2,2,12,2.5649493574615367,1,0,2,5,2,2,1.0986122886681098,1,2,2,2,2,1,3,2.0
12,2.5649493574615367,1,0,2,5,2,5,1.791759469228055,0,2,0,5,5,12,2.5649493574615367,1,0,2,5,2,4,1.6094379124341003,1,1,4,4,4,1,3,2.0
13,2.6390573296152584,0,1,3,6,3,6,1.9459101490553132,1,0,1,6,6,7,2.0794415416798357,0,1,2,0,7,4,1.6094379124341003,1,1,4,4,4,1,0,95.0
28,3.367295829986474,1,1,3,0,8,5,1.791759469228055,0,2,0,5,5,13,2.6390573296152584,0,1,3,6,3,4,1.6094379124341003,1,1,4,4,4,1,1,31.0
29,3.4011973816621555,0,2,4,1,9,2,1.0986122886681098,1,2,2,2,2,29,3.4011973816621555,0,2,4,1,9,2,1.0986122886681098,1,2,2,2,2,1,2,2.0
18,2.9444389791664403,1,0,3,4,8,4,1.6094379124341003,1,1,4,4,4,11,2.4849066497880004,0,2,1,4,1,3,1.3862943611198906,0,0,3,3,3,1,1,11.0
18,2.9444389791664403,1,0,3,4,8,4,1.6094379124341003,1,1,4,4,4,16,2.833213344056216,1,1,1,2,6,3,1.3862943611198906,0,0,3,3,3,1,2,34.0
10,2.3978952727983707,1,1,0,3,0,4,1.6094379124341003,1,1,4,4,4,7,2.0794415416798357,0,1,2,0,7,3,1.3862943611198906,0,0,3,3,3,1,0,5.0
21,3.091042453358316,0,0,1,0,1,4,1.6094379124341003,1,1,4,4,4,6,1.9459101490553132,1,0,1,6,6,4,1.6094379124341003,1,1,4,4,4,1,1,2.0
11,2.4849066497880004,0,2,1,4,1,6,1.9459101490553132,1,0,1,6,6,6,1.9459101490553132,1,0,1,6,6,4,1.6094379124341003,1,1,4,4,4,1,1,182.0
23,3.1780538303479458,0,2,3,2,3,4,1.6094379124341003,1,1,4,4,4,11,2.4849066497880004,0,2,1,4,1,3,1.3862943611198906,0,0,3,3,3,1,0,8.0
30,3.4339872044851463,1,0,0,2,0,3,1.3862943611198906,0,0,3,3,3,23,3.1780538303479458,0,2,3,2,3,3,1.3862943611198906,0,0,3,3,3,1,3,2.0
12,2.5649493574615367,1,0,2,5,2,2,1.0986122886681098,1,2,2,2,2,7,2.0794415416798357,0,1,2,0,7,2,1.0986122886681098,1,2,2,2,2,1,3,2.0
9,2.302585092994046,0,0,4,2,9,2,1.0986122886681098,1,2,2,2,2,7,2.0794415416798357,0,1,2,0,7,2,1.0986122886681098,1,2,2,2,2,1,1,2.0
18,2.9444389791664403,1,0,3,4,8,6,1.9459101490553132,1,0,1,6,6,8,2.1972245773362196,1,2,3,1,8,4,1.6094379124341003,1,1,4,4,4,2,2,269.0
30,3.4339872044851463,1,0,0,2,0,2,1.0986122886681098,1,2,2,2,2,7,2.0794415416798357,0,1,2,0,7,2,1.0986122886681098,1,2,2,2,2,1,3,2.0
15,2.772588722239781,0,0,0,1,5,4,1.6094379124341003,1,1,4,4,4,5,1.791759469228055,0,2,0,5,5,4,1.6094379124341003,1,1,4,4,4,1,2,2.0
16,2.833213344056216,1,1,1,2,6,4,1.6094379124341003,1,1,4,4,4,12,2.5649493574615367,1,0,2,5,2,4,1.6094379124341003,1,1,4,4,4,4,5,2.0
20,3.044522437723423,1,2,0,6,0,4,1.6094379124341003,1,1,4,4,4,6,1.9459101490553132,1,0,1,6,6,4,1.6094379124341003,1,1,4,4,4,2,3,2.0
8,2.1972245773362196,1,2,3,1,8,3,1.3862943611198906,0,0,3,3,3,3,1.3862943611198906,0,0,3,3,3,2,1.0986122886681098,1,2,2,2,2,1,2,17.0
12,2.5649493574615367,1,0,2,5,2,6,1.9459101490553132,1,0,1,6,6,11,2.4849066497880004,0,2,1,4,1,6,1.9459101490553132,1,0,1,6,6,1,3,2.0
6,1.9459101490553132,1,0,1,6,6,3,1.3862943611198906,0,0,3,3,3,5,1.791759469228055,0,2,0,5,5,2,1.0986122886681098,1,2,2,2,2,1,2,3.0
8,2.1972245773362196,1,2,3,1,8,2,1.0986122886681098,1,2,2,2,2,5,1.791759469228055,0,2,0,5,5,2,1.0986122886681098,1,2,2,2,2,1,3,2.0
11,2.4849066497880004,0,2,1,4,1,3,1.3862943611198906,0,0,3,3,3,11,2.4849066497880004,0,2,1,4,1,2,1.0986122886681098,1,2,2,2,2,1,1,2.0
25,3.258096538021482,0,1,0,4,5,4,1.6094379124341003,1,1,4,4,4,5,1.791759469228055,0,2,0,5,5,4,1.6094379124341003,1,1,4,4,4,1,2,2.0
9,2.302585092994046,0,0,4,2,9,2,1.0986122886681098,1,2,2,2,2,8,2.1972245773362196,1,2,3,1,8,2,1.0986122886681098,1,2,2,2,2,1,3,2.0
18,2.9444389791664403,1,0,3,4,8,3,1.3862943611198906,0,0,3,3,3,15,2.772588722239781,0,0,0,1,5,2,1.0986122886681098,1,2,2,2,2,1,3,35.0
21,3.091042453358316,0,0,1,0,1,2,1.0986122886681098,1,2,2,2,2,20,3.044522437723423,1,2,0,6,0,2,1.0986122886681098,1,2,2,2,2,1,3,2.0
17,2.8903717578961645,0,2,2,3,7,3,1.3862943611198906,0,0,3,3,3,17,2.8903717578961645,0,2,2,3,7,3,1.3862943611198906,0,0,3,3,3,1,2,2.0
10,2.3978952727983707,1,1,0,3,0,5,1.791759469228055,0,2,0,5,5,9,2.302585092994046,0,0,4,2,9,5,1.791759469228055,0,2,0,5,5,1,3,2.0
9,2.302585092994046,0,0,4,2,9,3,1.3862943611198906,0,0,3,3,3,9,2.302585092994046,0,0,4,2,9,2,1.0986122886681098,1,2,2,2,2,1,3,2.0
18,2.9444389791664403,1,0,3,4,8,3,1.3862943611198906,0,0,3,3,3,15,2.772588722239781,0,0,0,1,5,3,1.3862943611198906,0,0,3,3,3,3,5,2.0
26,3.295836866004329,1,2,1,5,6,4,1.6094379124341003,1,1,4,4,4,11,2.4849066497880004,0,2,1,4,1,4,1.6094379124341003,1,1,4,4,4,1,1,2.0
17,2.8903717578961645,0,2,2,3,7,5,1.791759469228055,0,2,0,5,5,13,2.6390573296152584,0,1,3,6,3,3,1.3862943611198906,0,0,3,3,3,1,0,50.0
9,2.302585092994046,0,0,4,2,9,4,1.6094379124341003,1,1,4,4,4,7,2.0794415416798357,0,1,2,0,7,2,1.0986122886681098,1,2,2,2,2,1,1,23.0
26,3.295836866004329,1,2,1,5,6,3,1.3862943611198906,0,0,3,3,3,24,3.2188758248682006,1,0,4,3,4,3,1.3862943611198906,0,0,3,3,3,1,3,2.0
27,3.332204510175204,0,0,2,6,7,4,1.6094379124341003,1,1,4,4,4,20,3.044522437723423,1,2,0,6,0,2,1.0986122886681098,1,2,2,2,2,1,3,76.0
20,3.044522437723423,1,2,0,6,0,6,1.9459101490553132,1,0,1,6,6,17,2.8903717578961645,0,2,2,3,7,4,1.6094379124341003,1,1,4,4,4,1,1,53.0
11,2.4849066497880004,0,2,1,4,1,6,1.9459101490553132,1,0,1,6,6,9,2.302585092994046,0,0,4,2,9,4,1.6094379124341003,1,1,4,4,4,1,0,13.0
20,3.044522437723423,1,2,0,6,0,6,1.9459101490553132,1,0,1,6,6,11,2.4849066497880004,0,2,1,4,1,5,1.791759469228055,0,2,0,5,5,1,1,11.0
15,2.772588722239781,0,0,0,1,5,5,1.791759469228055,0,2,0,5,5,7,2.0794415416798357,0,1,2,0,7,3,1.3862943611198906,0,0,3,3,3,1,2,62.0
19,2.995732273553991,0,1,4,5,9,5,1.791759469228055,0,2,0,5,5,12,2.5649493574615367,1,0,2,5,2,2,1.0986122886681098,1,2,2,2,2,1,1,121.0
6,1.9459101490553132,1,0,1,6,6,4,1.6094379124341003,1,1,4,4,4,6,1.9459101490553132,1,0,1,6,6,3,1.3862943611198906,0,0,3,3,3,1,3,2.0
13,2.6390573296152584,0,1,3,6,3,3,1.3862943611198906,0,0,3,3,3,3,1.3862943611198906,0,0,3,3,3,2,1.0986122886681098,1,2,2,2,2,1,1,32.0
25,3.258096538021482,0,1,0,4,5,6,1.9459101490553132,1,0,1,6,6,25,3.258096538021482,0,1,0,4,5,3,1.3862943611198906,0,0,3,3,3,1,2,2.0
12,2.5649493574615367,1,0,2,5,2,5,1.791759469228055,0,2,0,5,5,9,2.302585092994046,0,0,4,2,9,5,1.791759469228055,0,2,0,5,5,1,1,2.0
29,3.4011973816621555,0,2,4,1,9,6,1.9459101490553132,1,0,1,6,6,20,3.044522437723423,1,2,0,6,0,3,1.3862943611198906,0,0,3,3,3,1,1,2137.0
14,2.70805020110221,1,2,4,0,4,2,1.0986122886681098,1,2,2,2,2,12,2.5649493574615367,1,0,2,5,2,2,1.0986122886681098,1,2,2,2,2,2,5,2.0
29,3.4011973816621555,0,2,4,1,9,6,1.9459101490553132,1,0,1,6,6,10,2.3978952727983707,1,1,0,3,0,3,1.3862943611198906,0,0,3,3,3,1,1,26233.0
16,2.833213344056216,1,1,1,2,6,6,1.9459101490553132,1,0,1,6,6,7,2.0794415416798357,0,1,2,0,7,3,1.3862943611198906,0,0,3,3,3,1,1,629.0
25,3.258096538021482,0,1,0,4,5,5,1.791759469228055,0,2,0,5,5,17,2.8903717578961645,0,2,2,3,7,3,1.3862943611198906,0,0,3,3,3,1,1,106.0
21,3.091042453358316,0,0,1,0,1,6,1.9459101490553132,1,0,1,6,6,15,2.772588722239781,0,0,0,1,5,6,1.9459101490553132,1,0,1,6,6,3,1,2.0
16,2.833213344056216,1,1,1,2,6,5,1.791759469228055,0,2,0,5,5,13,2.6390573296152584,0,1,3,6,3,5,1.791759469228055,0,2,0,5,5,1,1,2.0
18,2.9444389791664403,1,0,3,4,8,2,1.0986122886681098,1,2,2,2,2,2,1.0986122886681098,1,2,2,2,2,2,1.0986122886681098,1,2,2,2,2,2,6,2.0
15,2.772588722239781,0,0,0,1,5,3,1.3862943611198906,0,0,3,3,3,14,2.70805020110221,1,2,4,0,4,2,1.0986122886681098,1,2,2,2,2,1,2,9.0
28,3.367295829986474,1,1,3,0,8,4,1.6094379124341003,1,1,4,4,4,20,3.044522437723423,1,2,0,6,0,4,1.6094379124341003,1,1,4,4,4,4,5,2.0
24,3.2188758248682006,1,0,4,3,4,3,1.3862943611198906,0,0,3,3,3,14,2.70805020110221,1,2,4,0,4,3,1.3862943611198906,0,0,3,3,3,1,3,2.0
19,2.995732273553991,0,1,4,5,9,4,1.6094379124341003,1,1,4,4,4,8,2.1972245773362196,1,2,3,1,8,2,1.0986122886681098,1,2,2,2,2,1,3,164.0
6,1.9459101490553132,1,0,1,6,6,4,1.6094379124341003,1,1,4,4,4,6,1.9459101490553132,1,0,1,6,6,2,1.0986122886681098,1,2,2,2,2,2,4,2.0
26,3.295836866004329,1,2,1,5,6,4,1.6094379124341003,1,1,4,4,4,14,2.70805020110221,1,2,4,0,4,2,1.0986122886681098,1,2,2,2,2,2,3,136.0
22,3.1354942159291497,1,1,2,1,2,5,1.791759469228055,0,2,0,5,5,8,2.1972245773362196,1,2,3,1,8,2,1.0986122886681098,1,2,2,2,2,1,2,585.0
15,2.772588722239781,0,0,0,1,5,3,1.3862943611198906,0,0,3,3,3,3,1.3862943611198906,0,0,3,3,3,2,1.0986122886681098,1,2,2,2,2,1,3,38.0
24,3.2188758248682006,1,0,4,3,4,4,1.6094379124341003,1,1,4,4,4,22,3.1354942159291497,1,1,2,1,2,4,1.6094379124341003,1,1,4,4,4,2,3,2.0
29,3.4011973816621555,0,2,4,1,9,4,1.6094379124341003,1,1,4,4,4,14,2.70805020110221,1,2,4,0,4,3,1.3862943611198906,0,0,3,3,3,1,0,82.0
19,2.995732273553991,0,1,4,5,9,3,1.3862943611198906,0,0,3,3,3,3,1.3862943611198906,0,0,3,3,3,3,1.3862943611198906,0,0,3,3,3,1,3,2.0
17,2.8903717578961645,0,2,2,3,7,3,1.3862943611198906,0,0,3,3,3,5,1.791759469228055,0,2,0,5,5,2,1.0986122886681098,1,2,2,2,2,1,0,14.0
12,2.5649493574615367,1,0,2,5,2,2,1.0986122886681098,1,2,2,2,2,11,2.4849066497880004,0,2,1,4,1,2,1.0986122886681098,1,2,2,2,2,1,3,2.0
27,3.332204510175204,0,0,2,6,7,6,1.9459101490553132,1,0,1,6,6,11,2.4849066497880004,0,2,1,4,1,3,1.3862943611198906,0,0,3,3,3,1,2,2126.0
14,2.70805020110221,1,2,4,0,4,2,1.0986122886681098,1,2,2,2,2,4,1.6094379124341003,1,1,4,4,4,2,1.0986122886681098,1,2,2,2,2,2,5,2.0
10,2.3978952727983707,1,1,0,3,0,2,1.0986122886681098,1,2,2,2,2,8,2.1972245773362196,1,2,3,1,8,2,1.0986122886681098,1,2,2,2,2,2,5,2.0
13,2.6390573296152584,0,1,3,6,3,5,1.791759469228055,0,2,0,5,5,13,2.6390573296152584,0,1,3,6,3,5,1.791759469228055,0,2,0,5,5,1,2,2.0
27,3.332204510175204,0,0,2,6,7,6,1.9459101490553132,1,0,1,6,6,16,2.833213344056216,1,1,1,2,6,2,1.0986122886681098,1,2,2,2,2,1,2,6731.0
11,2.4849066497880004,0,2,1,4,1,4,1.6094379124341003,1,1,4,4,4,10,2.3978952727983707,1,1,0,3,0,4,1.6094379124341003,1,1,4,4,4,1,1,2.0
10,2.3978952727983707,1,1,0,3,0,6,1.9459101490553132,1,0,1,6,6,9,2.302585092994046,0,0,4,2,9,2,1.0986122886681098,1,2,2,2,2,1,2,7.0
12,2.5649493574615367,1,0,2,5,2,4,1.6094379124341003,1,1,4,4,4,5,1.791759469228055,0,2,0,5,5,4,1.6094379124341003,1,1,4,4,4,1,3,2.0
23,3.1780538303479458,0,2,3,2,3,5,1.791759469228055,0,2,0,5,5,8,2.1972245773362196,1,2,3,1,8,2,1.0986122886681098,1,2,2,2,2,1,1,1413.0
24,3.2188758248682006,1,0,4,3,4,4,1.6094379124341003,1,1,4,4,4,22,3.1354942159291497,1,1,2,1,2,3,1.3862943611198906,0,0,3,3,3,1,2,46.0
20,3.044522437723423,1,2,0,6,0,6,1.9459101490553132,1,0,1,6,6,16,2.833213344056216,1,1,1,2,6,6,1.9459101490553132,1,0,1,6,6,2,1,2.0
5,1.791759469228055,0,2,0,5,5,2,1.0986122886681098,1,2,2,2,2,4,1.6094379124341003,1,1,4,4,4,2,1.0986122886681098,1,2,2,2,2,1,3,2.0
9,2.302585092994046,0,0,4,2,9,2,1.0986122886681098,1,2,2,2,2,5,1.791759469228055,0,2,0,5,5,2,1.0986122886681098,1,2,2,2,2,1,1,2.0
24,3.2188758248682006,1,0,4,3,4,5,1.791759469228055,0,2,0,5,5,8,2.1972245773362196,1,2,3,1,8,5,1.791759469228055,0,2,0,5,5,1,2,2.0
15,2.772588722239781,0,0,0,1,5,5,1.791759469228055,0,2,0,5,5,15,2.772588722239781,0,0,0,1,5,3,1.3862943611198906,0,0,3,3,3,1,5,2.0
8,2.1972245773362196,1,2,3,1,8,6,1.9459101490553132,1,0,1,6,6,7,2.0794415416798357,0,1,2,0,7,2,1.0986122886681098,1,2,2,2,2,1,2,5.0
27,3.332204510175204,0,0,2,6,7,6,1.9459101490553132,1,0,1,6,6,20,3.044522437723423,1,2,0,6,0,4,1.6094379124341003,1,1,4,4,4,1,1,297.0
23,3.1780538303479458,0,2,3,2,3,3,1.3862943611198906,0,0,3,3,3,11,2.4849066497880004,0,2,1,4,1,3,1.3862943611198906,0,0,3,3,3,1,1,2.0
8,2.1972245773362196,1,2,3,1,8,4,1.6094379124341003,1,1,4,4,4,7,2.0794415416798357,0,1,2,0,7,4,1.6094379124341003,1,1,4,4,4,1,3,2.0
29,3.4011973816621555,0,2,4,1,9,6,1.9459101490553132,1,0,1,6,6,15,2.772588722239781,0,0,0,1,5,5,1.791759469228055,0,2,0,5,5,1,1,52.0
27,3.332204510175204,0,0,2,6,7,2,1.0986122886681098,1,2,2,2,2,9,2.302585092994046,0,0,4,2,9,2,1.0986122886681098,1,2,2,2,2,1,2,2.0
17,2.8903717578961645,0,2,2,3,7,3,1.3862943611198906,0,0,3,3,3,13,2.6390573296152584,0,1,3,6,3,3,1.3862943611198906,0,0,3,3,3,1,1,2.0
11,2.4849066497880004,0,2,1,4,1,4,1.6094379124341003,1,1,4,4,4,5,1.791759469228055,0,2,0,5,5,2,1.0986122886681098,1,2,2,2,2,1,1,44.0
14,2.70805020110221,1,2,4,0,4,2,1.0986122886681098,1,2,2,2,2,11,2.4849066497880004,0,2,1,4,1,2,1.0986122886681098,1,2,2,2,2,1,3,2.0
27,3.332204510175204,0,0,2,6,7,6,1.9459101490553132,1,0,1,6,6,27,3.332204510175204,0,0,2,6,7,4,1.6094379124341003,1,1,4,4,4,1,1,2.0
13,2.6390573296152584,0,1,3,6,3,5,1.791759469228055,0,2,0,5,5,9,2.302585092994046,0,0,4,2,9,2,1.0986122886681098,1,2,2,2,2,1,0,78.0
8,2.1972245773362196,1,2,3,1,8,6,1.9459101490553132,1,0,1,6,6,6,1.9459101490553132,1,0,1,6,6,6,1.9459101490553132,1,0,1,6,6,2,3,2.0
27,3.332204510175204,0,0,2,6,7,5,1.791759469228055,0,2,0,5,5,22,3.1354942159291497,1,1,2,1,2,5,1.791759469228055,0,2,0,5,5,1,1,2.0
12,2.5649493574615367,1,0,2,5,2,2,1.0986122886681098,1,2,2,2,2,8,2.1972245773362196,1,2,3,1,8,2,1.0986122886681098,1,2,2,2,2,2,5,2.0
26,3.295836866004329,1,2,1,5,6,3,1.3862943611198906,0,0,3,3,3,25,3.258096538021482,0,1,0,4,5,3,1.3862943611198906,0,0,3,3,3,1,1,2.0
18,2.9444389791664403,1,0,3,4,8,5,1.791759469228055,0,2,0,5,5,6,1.9459101490553132,1,0,1,6,6,4,1.6094379124341003,1,1,4,4,4,1,1,32.0
17,2.8903717578961645,0,2,2,3,7,6,1.9459101490553132,1,0,1,6,6,12,2.5649493574615367,1,0,2,5,2,2,1.0986122886681098,1,2,2,2,2,1,3,302.0
18,2.9444389791664403,1,0,3,4,8,6,1.9459101490553132,1,0,1,6,6,14,2.70805020110221,1,2,4,0,4,6,1.9459101490553132,1,0,1,6,6,2,3,2.0
13,2.6390573296152584,0,1,3,6,3,5,1.791759469228055,0,2,0,5,5,8,2.1972245773362196,1,2,3,1,8,4,1.6094379124341003,1,1,4,4,4,1,1,33.0
23,3.1780538303479458,0,2,3,2,3,4,1.6094379124341003,1,1,4,4,4,14,2.70805020110221,1,2,4,0,4,2,1.0986122886681098,1,2,2,2,2,1,2,94.0
25,3.258096538021482,0,1,0,4,5,3,1.3862943611198906,0,0,3,3,3,16,2.833213344056216,1,1,1,2,6,3,1.3862943611198906,0,0,3,3,3,1,1,2.0
20,3.044522437723423,1,2,0,6,0,5,1.791759469228055,0,2,0,5,5,15,2.772588722239781,0,0,0,1,5,4,1.6094379124341003,1,1,4,4,4,1,3,47.0
14,2.70805020110221,1,2,4,0,4,5,1.791759469228055,0,2,0,5,5,13,2.6390573296152584,0,1,3,6,3,4,1.6094379124341003,1,1,4,4,4,1,0,23.0
11,2.4849066497880004,0,2,1,4,1,4,1.6094379124341003,1,1,4,4,4,6,1.9459101490553132,1,0,1,6,6,3,1.3862943611198906,0,0,3,3,3,1,1,26.0
18,2.9444389791664403,1,0,3,4,8,6,1.9459101490553132,1,0,1,6,6,16,2.833213344056216,1,1,1,2,6,5,1.791759469228055,0,2,0,5,5,1,1,34.0
23,3.1780538303479458,0,2,3,2,3,6,1.9459101490553132,1,0,1,6,6,6,1.9459101490553132,1,0,1,6,6,5,1.791759469228055,0,2,0,5,5,1,1,104.0
30,3.4339872044851463,1,0,0,2,0,5,1.791759469228055,0,2,0,5,5,5,1.791759469228055,0,2,0,5,5,5,1.791759469228055,0,2,0,5,5,5,6,2.0
13,2.6390573296152584,0,1,3,6,3,5,1.791759469228055,0,2,0,5,5,11,2.4849066497880004,0,2,1,4,1,3,1.3862943611198906,0,0,3,3,3,1,0,53.0
19,2.995732273553991,0,1,4,5,9,2,1.0986122886681098,1,2,2,2,2,7,2.0794415416798357,0,1,2,0,7,2,1.0986122886681098,1,2,2,2,2,1,1,2.0
15,2.772588722239781,0,0,0,1,5,2,1.0986122886681098,1,2,2,2,2,4,1.6094379124341003,1,1,4,4,4,2,1.0986122886681098,1,2,2,2,2,1,3,2.0
26,3.295836866004329,1,2,1,5,6,5,1.791759469228055,0,2,0,5,5,12,2.5649493574615367,1,0,2,5,2,4,1.6094379124341003,1,1,4,4,4,1,1,43.0
29,3.4011973816621555,0,2,4,1,9,6,1.9459101490553132,1,0,1,6,6,27,3.332204510175204,0,0,2,6,7,5,1.791759469228055,0,2,0,5,5,1,0,28.0
8,2.1972245773362196,1,2,3,1,8,4,1.6094379124341003,1,1,4,4,4,8,2.1972245773362196,1,2,3,1,8,4,1.6094379124341003,1,1,4,4,4,4,6,2.0
20,3.044522437723423,1,2,0,6,0,2,1.0986122886681098,1,2,2,2,2,15,2.772588722239781,0,0,0,1,5,2,1.0986122886681098,1,2,2,2,2,1,3,2.0
18,2.9444389791664403,1,0,3,4,8,2,1.0986122886681098,1,2,2,2,2,16,2.833213344056216,1,1,1,2,6,2,1.0986122886681098,1,2,2,2,2,2,5,2.0
30,3.4339872044851463,1,0,0,2,0,2,1.0986122886681098,1,2,2,2,2,3,1.3862943611198906,0,0,3,3,3,2,1.0986122886681098,1,2,2,2,2,1,4,2.0
13,2.6390573296152584,0,1,3,6,3,4,1.6094379124341003,1,1,4,4,4,4,1.6094379124341003,1,1,4,4,4,3,1.3862943611198906,0,0,3,3,3,1,1,38.0
11,2.4849066497880004,0,2,1,4,1,5,1.791759469228055,0,2,0,5,5,9,2.302585092994046,0,0,4,2,9,3,1.3862943611198906,0,0,3,3,3,1,1,14.0
21,3.091042453358316,0,0,1,0,1,6,1.9459101490553132,1,0,1,6,6,21,3.091042453358316,0,0,1,0,1,6,1.9459101490553132,1,0,1,6,6,3,2,2.0
12,2.5649493574615367,1,0,2,5,2,5,1.791759469228055,0,2,0,5,5,11,2.4849066497880004,0,2,1,4,1,3,1.3862943611198906,0,0,3,3,3,1,1,19.0
18,2.9444389791664403,1,0,3,4,8,4,1.6094379124341003,1,1,4,4,4,8,2.1972245773362196,1,2,3,1,8,2,1.0986122886681098,1,2,2,2,2,2,4,28.0
21,3.091042453358316,0,0,1,0,1,6,1.9459101490553132,1,0,1,6,6,7,2.0794415416798357,0,1,2,0,7,5,1.791759469228055,0,2,0,5,5,1,1,44.0
27,3.332204510175204,0,0,2,6,7,5,1.791759469228055,0,2,0,5,5,16,2.833213344056216,1,1,1,2,6,5,1.791759469228055,0,2,0,5,5,1,1,2.0
28,3.367295829986474,1,1,3,0,8,3,1.3862943611198906,0,0,3,3,3,7,2.0794415416798357,0,1,2,0,7,3,1.3862943611198906,0,0,3,3,3,1,2,2.0
13,2.6390573296152584,0,1,3,6,3,2,1.0986122886681098,1,2,2,2,2,2,1.0986122886681098,1,2,2,2,2,2,1.0986122886681098,1,2,2,2,2,1,3,2.0
29,3.4011973816621555,0,2,4,1,9,4,1.6094379124341003,1,1,4,4,4,25,3.258096538021482,0,1,0,4,5,2,1.0986122886681098,1,2,2,2,2,1,1,66.0
14,2.70805020110221,1,2,4,0,4,6,1.9459101490553132,1,0,1,6,6,6,1.9459101490553132,1,0,1,6,6,3,1.3862943611198906,0,0,3,3,3,1,3,1590.0
29,3.4011973816621555,0,2,4,1,9,3,1.3862943611198906,0,0,3,3,3,28,3.367295829986474,1,1,3,0,8,2,1.0986122886681098,1,2,2,2,2,1,1,55.0
27,3.332204510175204,0,0,2,6,7,6,1.9459101490553132,1,0,1,6,6,25,3.258096538021482,0,1,0,4,5,2,1.0986122886681098,1,2,2,2,2,1,1,187.0
10,2.3978952727983707,1,1,0,3,0,3,1.3862943611198906,0,0,3,3,3,7,2.0794415416798357,0,1,2,0,7,2,1.0986122886681098,1,2,2,2,2,1,1,19.0
15,2.772588722239781,0,0,0,1,5,3,1.3862943611198906,0,0,3,3,3,12,2.5649493574615367,1,0,2,5,2,3,1.3862943611198906,0,0,3,3,3,3,5,2.0
14,2.70805020110221,1,2,4,0,4,3,1.3862943611198906,0,0,3,3,3,12,2.5649493574615367,1,0,2,5,2,2,1.0986122886681098,1,2,2,2,2,1,3,13.0
7,2.0794415416798357,0,1,2,0,7,5,1.791759469228055,0,2,0,5,5,5,1.791759469228055,0,2,0,5,5,5,1.791759469228055,0,2,0,5,5,1,3,2.0
29,3.4011973816621555,0,2,4,1,9,6,1.9459101490553132,1,0,1,6,6,22,3.1354942159291497,1,1,2,1,2,3,1.3862943611198906,0,0,3,3,3,1,1,7027.0
30,3.4339872044851463,1,0,0,2,0,3,1.3862943611198906,0,0,3,3,3,18,2.9444389791664403,1,0,3,4,8,3,1.3862943611198906,0,0,3,3,3,3,5,2.0
20,3.044522437723423,1,2,0,6,0,5,1.791759469228055,0,2,0,5,5,18,2.9444389791664403,1,0,3,4,8,5,1.791759469228055,0,2,0,5,5,1,3,2.0
7,2.0794415416798357,0,1,2,0,7,4,1.6094379124341003,1,1,4,4,4,4,1.6094379124341003,1,1,4,4,4,2,1.0986122886681098,1,2,2,2,2,1,3,32.0
28,3.367295829986474,1,1,3,0,8,2,1.0986122886681098,1,2,2,2,2,26,3.295836866004329,1,2,1,5,6,2,1.0986122886681098,1,2,2,2,2,2,5,2.0
20,3.044522437723423,1,2,0,6,0,4,1.6094379124341003,1,1,4,4,4,7,2.0794415416798357,0,1,2,0,7,2,1.0986122886681098,1,2,2,2,2,1,3,309.0
10,2.3978952727983707,1,1,0,3,0,3,1.3862943611198906,0,0,3,3,3,3,1.3862943611198906,0,0,3,3,3,3,1.3862943611198906,0,0,3,3,3,1,3,2.0
30,3.4339872044851463,1,0,0,2,0,5,1.791759469228055,0,2,0,5,5,9,2.302585092994046,0,0,4,2,9,2,1.0986122886681098,1,2,2,2,2,1,2,543.0
10,2.3978952727983707,1,1,0,3,0,4,1.6094379124341003,1,1,4,4,4,8,2.1972245773362196,1,2,3,1,8,3,1.3862943611198906,0,0,3,3,3,1,1,18.0
27,3.332204510175204,0,0,2,6,7,3,1.3862943611198906,0,0,3,3,3,25,3.258096538021482,0,1,0,4,5,3,1.3862943611198906,0,0,3,3,3,1,3,2.0
10,2.3978952727983707,1,1,0,3,0,5,1.791759469228055,0,2,0,5,5,7,2.0794415416798357,0,1,2,0,7,2,1.0986122886681098,1,2,2,2,2,1,2,13.0
18,2.9444389791664403,1,0,3,4,8,6,1.9459101490553132,1,0,1,6,6,15,2.772588722239781,0,0,0,1,5,6,1.9459101490553132,1,0,1,6,6,3,3,2.0
13,2.6390573296152584,0,1,3,6,3,2,1.0986122886681098,1,2,2,2,2,13,2.6390573296152584,0,1,3,6,3,2,1.0986122886681098,1,2,2,2,2,1,2,2.0
24,3.2188758248682006,1,0,4,3,4,5,1.791759469228055,0,2,0,5,5,15,2.772588722239781,0,0,0,1,5,5,1.791759469228055,0,2,0,5,5,1,3,2.0
10,2.3978952727983707,1,1,0,3,0,4,1.6094379124341003,1,1,4,4,4,6,1.9459101490553132,1,0,1,6,6,4,1.6094379124341003,1,1,4,4,4,2,1,2.0
16,2.833213344056216,1,1,1,2,6,2,1.0986122886681098,1,2,2,2,2,9,2.302585092994046,0,0,4,2,9,2,1.0986122886681098,1,2,2,2,2,1,3,2.0
28,3.367295829986474,1,1,3,0,8,3,1.3862943611198906,0,0,3,3,3,15,2.772588722239781,0,0,0,1,5,2,1.0986122886681098,1,2,2,2,2,1,2,5.0
22,3.1354942159291497,1,1,2,1,2,2,1.0986122886681098,1,2,2,2,2,7,2.0794415416798357,0,1,2,0,7,2,1.0986122886681098,1,2,2,2,2,1,3,2.0
21,3.091042453358316,0,0,1,0,1,5,1.791759469228055,0,2,0,5,5,12,2.5649493574615367,1,0,2,5,2,4,1.6094379124341003,1,1,4,4,4,1,1,61.0
22,3.1354942159291497,1,1,2,1,2,6,1.9459101490553132,1,0,1,6,6,8,2.1972245773362196,1,2,3,1,8,4,1.6094379124341003,1,1,4,4,4,2,1,515.0
15,2.772588722239781,0,0,0,1,5,2,1.0986122886681098,1,2,2,2,2,9,2.302585092994046,0,0,4,2,9,2,1.0986122886681098,1,2,2,2,2,1,1,2.0
26,3.295836866004329,1,2,1,5,6,4,1.6094379124341003,1,1,4,4,4,4,1.6094379124341003,1,1,4,4,4,4,1.6094379124341003,1,1,4,4,4,2,3,2.0
11,2.4849066497880004,0,2,1,4,1,4,1.6094379124341003,1,1,4,4,4,11,2.4849066497880004,0,2,1,4,1,4,1.6094379124341003,1,1,4,4,4,1,2,2.0
29,3.4011973816621555,0,2,4,1,9,2,1.0986122886681098,1,2,2,2,2,21,3.091042453358316,0,0,1,0,1,2,1.0986122886681098,1,2,2,2,2,1,1,2.0
13,2.6390573296152584,0,1,3,6,3,3,1.3862943611198906,0,0,3,3,3,5,1.791759469228055,0,2,0,5,5,2,1.0986122886681098,1,2,2,2,2,1,0,10.0
11,2.4849066497880004,0,2,1,4,1,3,1.3862943611198906,0,0,3,3,3,3,1.3862943611198906,0,0,3,3,3,2,1.0986122886681098,1,2,2,2,2,1,1,26.0
26,3.295836866004329,1,2,1,5,6,5,1.791759469228055,0,2,0,5,5,16,2.833213344056216,1,1,1,2,6,5,1.791759469228055,0,2,0,5,5,1,1,2.0
29,3.4011973816621555,0,2,4,1,9,4,1.6094379124341003,1,1,4,4,4,26,3.295836866004329,1,2,1,5,6,2,1.0986122886681098,1,2,2,2,2,1,2,119.0
30,3.4339872044851463,1,0,0,2,0,2,1.0986122886681098,1,2,2,2,2,17,2.8903717578961645,0,2,2,3,7,2,1.0986122886681098,1,2,2,2,2,1,3,2.0
17,2.8903717578961645,0,2,2,3,7,5,1.791759469228055,0,2,0,5,5,13,2.6390573296152584,0,1,3,6,3,5,1.791759469228055,0,2,0,5,5,1,1,2.0
13,2.6390573296152584,0,1,3,6,3,6,1.9459101490553132,1,0,1,6,6,10,2.3978952727983707,1,1,0,3,0,4,1.6094379124341003,1,1,4,4,4,1,0,43.0
8,2.1972245773362196,1,2,3,1,8,6,1.9459101490553132,1,0,1,6,6,7,2.0794415416798357,0,1,2,0,7,4,1.6094379124341003,1,1,4,4,4,1,1,5.0
13,2.6390573296152584,0,1,3,6,3,2,1.0986122886681098,1,2,2,2,2,9,2.302585092994046,0,0,4,2,9,2,1.0986122886681098,1,2,2,2,2,1,1,2.0
27,3.332204510175204,0,0,2,6,7,5,1.791759469228055,0,2,0,5,5,8,2.1972245773362196,1,2,3,1,8,2,1.0986122886681098,1,2,2,2,2,1,1,2725.0
24,3.2188758248682006,1,0,4,3,4,4,1.6094379124341003,1,1,4,4,4,18,2.9444389791664403,1,0,3,4,8,3,1.3862943611198906,0,0,3,3,3,1,3,18.0
27,3.332204510175204,0,0,2,6,7,6,1.9459101490553132,1,0,1,6,6,7,2.0794415416798357,0,1,2,0,7,2,1.0986122886681098,1,2,2,2,2,1,1,21247.0
27,3.332204510175204,0,0,2,6,7,3,1.3862943611198906,0,0,3,3,3,5,1.791759469228055,0,2,0,5,5,3,1.3862943611198906,0,0,3,3,3,1,3,2.0
23,3.1780538303479458,0,2,3,2,3,2,1.0986122886681098,1,2,2,2,2,5,1.791759469228055,0,2,0,5,5,2,1.0986122886681098,1,2,2,2,2,1,1,2.0
23,3.1780538303479458,0,2,3,2,3,3,1.3862943611198906,0,0,3,3,3,8,2.1972245773362196,1,2,3,1,8,3,1.3862943611198906,0,0,3,3,3,1,1,2.0
10,2.3978952727983707,1,1,0,3,0,3,1.3862943611198906,0,0,3,3,3,4,1.6094379124341003,1,1,4,4,4,3,1.3862943611198906,0,0,3,3,3,1,1,2.0
26,3.295836866004329,1,2,1,5,6,4,1.6094379124341003,1,1,4,4,4,8,2.1972245773362196,1,2,3,1,8,4,1.6094379124341003,1,1,4,4,4,2,3,2.0
15,2.772588722239781,0,0,0,1,5,5,1.791759469228055,0,2,0,5,5,11,2.4849066497880004,0,2,1,4,1,5,1.791759469228055,0,2,0,5,5,1,3,2.0
15,2.772588722239781,0,0,0,1,5,6,1.9459101490553132,1,0,1,6,6,15,2.772588722239781,0,0,0,1,5,2,1.0986122886681098,1,2,2,2,2,1,2,2.0
16,2.833213344056216,1,1,1,2,6,6,1.9459101490553132,1,0,1,6,6,14,2.70805020110221,1,2,4,0,4,6,1.9459101490553132,1,0,1,6,6,2,1,2.0
17,2.8903717578961645,0,2,2,3,7,6,1.9459101490553132,1,0,1,6,6,14,2.70805020110221,1,2,4,0,4,5,1.791759469228055,0,2,0,5,5,1,0,4.0
8,2.1972245773362196,1,2,3,1,8,4,1.6094379124341003,1,1,4,4,4,6,1.9459101490553132,1,0,1,6,6,2,1.0986122886681098,1,2,2,2,2,2,4,17.0
27,3.332204510175204,0,0,2,6,7,5,1.791759469228055,0,2,0,5,5,25,3.258096538021482,0,1,0,4,5,3,1.3862943611198906,0,0,3,3,3,1,2,194.0
16,2.833213344056216,1,1,1,2,6,6,1.9459101490553132,1,0,1,6,6,8,2.1972245773362196,1,2,3,1,8,3,1.3862943611198906,0,0,3,3,3,1,2,200.0
27,3.332204510175204,0,0,2,6,7,4,1.6094379124341003,1,1,4,4,4,4,1.6094379124341003,1,1,4,4,4,3,1.3862943611198906,0,0,3,3,3,1,2,94.0
28,3.367295829986474,1,1,3,0,8,6,1.9459101490553132,1,0,1,6,6,22,3.1354942159291497,1,1,2,1,2,2,1.0986122886681098,1,2,2,2,2,2,3,5860.0
30,3.4339872044851463,1,0,0,2,0,3,1.3862943611198906,0,0,3,3,3,25,3.258096538021482,0,1,0,4,5,3,1.3862943611198906,0,0,3,3,3,1,3,2.0
28,3.367295829986474,1,1,3,0,8,5,1.791759469228055,0,2,0,5,5,7,2.0794415416798357,0,1,2,0,7,2,1.0986122886681098,1,2,2,2,2,1,2,1717.0
25,3.258096538021482,0,1,0,4,5,5,1.791759469228055,0,2,0,5,5,15,2.772588722239781,0,0,0,1,5,2,1.0986122886681098,1,2,2,2,2,1,2,2511.0
26,3.295836866004329,1,2,1,5,6,3,1.3862943611198906,0,0,3,3,3,10,2.3978952727983707,1,1,0,3,0,3,1.3862943611198906,0,0,3,3,3,1,1,2.0
6,1.9459101490553132,1,0,1,6,6,2,1.0986122886681098,1,2,2,2,2,4,1.6094379124341003,1,1,4,4,4,2,1.0986122886681098,1,2,2,2,2,2,5,2.0
26,3.295836866004329,1,2,1,5,6,4,1.6094379124341003,1,1,4,4,4,11,2.4849066497880004,0,2,1,4,1,3,1.3862943611198906,0,0,3,3,3,1,0,19.0
26,3.295836866004329,1,2,1,5,6,5,1.791759469228055,0,2,0,5,5,23,3.1780538303479458,0,2,3,2,3,2,1.0986122886681098,1,2,2,2,2,1,1,393.0
26,3.295836866004329,1,2,1,5,6,6,1.9459101490553132,1,0,1,6,6,9,2.302585092994046,0,0,4,2,9,2,1.0986122886681098,1,2,2,2,2,1,2,3863.0
8,2.1972245773362196,1,2,3,1,8,6,1.9459101490553132,1,0,1,6,6,6,1.9459101490553132,1,0,1,6,6,4,1.6094379124341003,1,1,4,4,4,2,2,29.0
9,2.302585092994046,0,0,4,2,9,5,1.791759469228055,0,2,0,5,5,8,2.1972245773362196,1,2,3,1,8,3,1.3862943611198906,0,0,3,3,3,1,1,13.0
24,3.2188758248682006,1,0,4,3,4,6,1.9459101490553132,1,0,1,6,6,12,2.5649493574615367,1,0,2,5,2,6,1.9459101490553132,1,0,1,6,6,6,6,2.0
23,3.1780538303479458,0,2,3,2,3,4,1.6094379124341003,1,1,4,4,4,12,2.5649493574615367,1,0,2,5,2,4,1.6094379124341003,1,1,4,4,4,1,3,2.0
23,3.1780538303479458,0,2,3,2,3,3,1.3862943611198906,0,0,3,3,3,23,3.1780538303479458,0,2,3,2,3,2,1.0986122886681098,1,2,2,2,2,1,1,2.0
21,3.091042453358316,0,0,1,0,1,5,1.791759469228055,0,2,0,5,5,20,3.044522437723423,1,2,0,6,0,2,1.0986122886681098,1,2,2,2,2,1,2,37.0
19,2.995732273553991,0,1,4,5,9,4,1.6094379124341003,1,1,4,4,4,7,2.0794415416798357,0,1,2,0,7,2,1.0986122886681098,1,2,2,2,2,1,1,268.0
11,2.4849066497880004,0,2,1,4,1,6,1.9459101490553132,1,0,1,6,6,11,2.4849066497880004,0,2,1,4,1,3,1.3862943611198906,0,0,3,3,3,1,2,2.0
17,2.8903717578961645,0,2,2,3,7,3,1.3862943611198906,0,0,3,3,3,10,2.3978952727983707,1,1,0,3,0,2,1.0986122886681098,1,2,2,2,2,1,1,37.0
27,3.332204510175204,0,0,2,6,7,6,1.9459101490553132,1,0,1,6,6,13,2.6390573296152584,0,1,3,6,3,2,1.0986122886681098,1,2,2,2,2,1,1,1879.0
22,3.1354942159291497,1,1,2,1,2,3,1.3862943611198906,0,0,3,3,3,13,2.6390573296152584,0,1,3,6,3,2,1.0986122886681098,1,2,2,2,2,1,1,49.0
24,3.2188758248682006,1,0,4,3,4,2,1.0986122886681098,1,2,2,2,2,23,3.1780538303479458,0,2,3,2,3,2,1.0986122886681098,1,2,2,2,2,1,3,2.0
24,3.2188758248682006,1,0,4,3,4,3,1.3862943611198906,0,0,3,3,3,5,1.791759469228055,0,2,0,5,5,3,1.3862943611198906,0,0,3,3,3,1,3,2.0
10,2.3978952727983707,1,1,0,3,0,3,1.3862943611198906,0,0,3,3,3,10,2.3978952727983707,1,1,0,3,0,2,1.0986122886681098,1,2,2,2,2,1,3,2.0
24,3.2188758248682006,1,0,4,3,4,3,1.3862943611198906,0,0,3,3,3,4,1.6094379124341003,1,1,4,4,4,3,1.3862943611198906,0,0,3,3,3,1,4,2.0
14,2.70805020110221,1,2,4,0,4,6,1.9459101490553132,1,0,1,6,6,8,2.1972245773362196,1,2,3,1,8,5,1.791759469228055,0,2,0,5,5,1,0,14.0
23,3.1780538303479458,0,2,3,2,3,3,1.3862943611198906,0,0,3,3,3,6,1.9459101490553132,1,0,1,6,6,3,1.3862943611198906,0,0,3,3,3,1,3,2.0
18,2.9444389791664403,1,0,3,4,8,3,1.3862943611198906,0,0,3,3,3,11,2.4849066497880004,0,2,1,4,1,2,1.0986122886681098,1,2,2,2,2,1,2,13.0
25,3.258096538021482,0,1,0,4,5,5,1.791759469228055,0,2,0,5,5,13,2.6390573296152584,0,1,3,6,3,4,1.6094379124341003,1,1,4,4,4,1,1,26.0
16,2.833213344056216,1,1,1,2,6,2,1.0986122886681098,1,2,2,2,2,3,1.3862943611198906,0,0,3,3,3,2,1.0986122886681098,1,2,2,2,2,1,3,2.0
17,2.8903717578961645,0,2,2,3,7,6,1.9459101490553132,1,0,1,6,6,14,2.70805020110221,1,2,4,0,4,2,1.0986122886681098,1,2,2,2,2,1,2,169.0
6,1.9459101490553132,1,0,1,6,6,4,1.6094379124341003,1,1,4,4,4,5,1.791759469228055,0,2,0,5,5,3,1.3862943611198906,0,0,3,3,3,1,1,4.0
7,2.0794415416798357,0,1,2,0,7,3,1.3862943611198906,0,0,3,3,3,3,1.3862943611198906,0,0,3,3,3,3,1.3862943611198906,0,0,3,3,3,1,3,2.0
6,1.9459101490553132,1,0,1,6,6,2,1.0986122886681098,1,2,2,2,2,2,1.0986122886681098,1,2,2,2,2,2,1.0986122886681098,1,2,2,2,2,2,6,2.0
27,3.332204510175204,0,0,2,6,7,3,1.3862943611198906,0,0,3,3,3,20,3.044522437723423,1,2,0,6,0,2,1.0986122886681098,1,2,2,2,2,1,2,19.0
30,3.4339872044851463,1,0,0,2,0,6,1.9459101490553132,1,0,1,6,6,17,2.8903717578961645,0,2,2,3,7,6,1.9459101490553132,1,0,1,6,6,1,3,2.0
11,2.4849066497880004,0,2,1,4,1,2,1.0986122886681098,1,2,2,2,2,9,2.302585092994046,0,0,4,2,9,2,1.0986122886681098,1,2,2,2,2,1,1,2.0
19,2.995732273553991,0,1,4,5,9,5,1.791759469228055,0,2,0,5,5,14,2.70805020110221,1,2,4,0,4,2,1.0986122886681098,1,2,2,2,2,1,1,149.0
19,2.995732273553991,0,1,4,5,9,4,1.6094379124341003,1,1,4,4,4,15,2.772588722239781,0,0,0,1,5,3,1.3862943611198906,0,0,3,3,3,1,1,10.0
22,3.1354942159291497,1,1,2,1,2,6,1.9459101490553132,1,0,1,6,6,22,3.1354942159291497,1,1,2,1,2,2,1.0986122886681098,1,2,2,2,2,2,4,2.0
14,2.70805020110221,1,2,4,0,4,4,1.6094379124341003,1,1,4,4,4,5,1.791759469228055,0,2,0,5,5,3,1.3862943611198906,0,0,3,3,3,1,0,20.0
18,2.9444389791664403,1,0,3,4,8,2,1.0986122886681098,1,2,2,2,2,9,2.302585092994046,0,0,4,2,9,2,1.0986122886681098,1,2,2,2,2,1,4,2.0
20,3.044522437723423,1,2,0,6,0,6,1.9459101490553132,1,0,1,6,6,8,2.1972245773362196,1,2,3,1,8,2,1.0986122886681098,1,2,2,2,2,2,3,1126.0
19,2.995732273553991,0,1,4,5,9,2,1.0986122886681098,1,2,2,2,2,17,2.8903717578961645,0,2,2,3,7,2,1.0986122886681098,1,2,2,2,2,1,1,2.0
22,3.1354942159291497,1,1,2,1,2,2,1.0986122886681098,1,2,2,2,2,3,1.3862943611198906,0,0,3,3,3,2,1.0986122886681098,1,2,2,2,2,1,3,2.0
25,3.258096538021482,0,1,0,4,5,4,1.6094379124341003,1,1,4,4,4,23,3.1780538303479458,0,2,3,2,3,4,1.6094379124341003,1,1,4,4,4,1,1,2.0
11,2.4849066497880004,0,2,1,4,1,4,1.6094379124341003,1,1,4,4,4,8,2.1972245773362196,1,2,3,1,8,4,1.6094379124341003,1,1,4,4,4,1,3,2.0
28,3.367295829986474,1,1,3,0,8,4,1.6094379124341003,1,1,4,4,4,17,2.8903717578961645,0,2,2,3,7,4,1.6094379124341003,1,1,4,4,4,1,3,2.0
16,2.833213344056216,1,1,1,2,6,5,1.791759469228055,0,2,0,5,5,8,2.1972245773362196,1,2,3,1,8,5,1.791759469228055,0,2,0,5,5,1,2,2.0
14,2.70805020110221,1,2,4,0,4,3,1.3862943611198906,0,0,3,3,3,11,2.4849066497880004,0,2,1,4,1,3,1.3862943611198906,0,0,3,3,3,1,1,2.0
19,2.995732273553991,0,1,4,5,9,6,1.9459101490553132,1,0,1,6,6,10,2.3978952727983707,1,1,0,3,0,4,1.6094379124341003,1,1,4,4,4,1,0,244.0
10,2.3978952727983707,1,1,0,3,0,6,1.9459101490553132,1,0,1,6,6,8,2.1972245773362196,1,2,3,1,8,5,1.791759469228055,0,2,0,5,5,1,1,6.0
21,3.091042453358316,0,0,1,0,1,6,1.9459101490553132,1,0,1,6,6,20,3.044522437723423,1,2,0,6,0,6,1.9459101490553132,1,0,1,6,6,1,1,2.0
11,2.4849066497880004,0,2,1,4,1,4,1.6094379124341003,1,1,4,4,4,4,1.6094379124341003,1,1,4,4,4,2,1.0986122886681098,1,2,2,2,2,1,3,156.0
27,3.332204510175204,0,0,2,6,7,3,1.3862943611198906,0,0,3,3,3,3,1.3862943611198906,0,0,3,3,3,3,1.3862943611198906,0,0,3,3,3,3,6,2.0
27,3.332204510175204,0,0,2,6,7,5,1.791759469228055,0,2,0,5,5,20,3.044522437723423,1,2,0,6,0,4,1.6094379124341003,1,1,4,4,4,1,2,67.0
7,2.0794415416798357,0,1,2,0,7,2,1.0986122886681098,1,2,2,2,2,4,1.6094379124341003,1,1,4,4,4,2,1.0986122886681098,1,2,2,2,2,1,3,2.0
28,3.367295829986474,1,1,3,0,8,4,1.6094379124341003,1,1,4,4,4,11,2.4849066497880004,0,2,1,4,1,2,1.0986122886681098,1,2,2,2,2,1,3,199.0
9,2.302585092994046,0,0,4,2,9,5,1.791759469228055,0,2,0,5,5,8,2.1972245773362196,1,2,3,1,8,5,1.791759469228055,0,2,0,5,5,1,1,2.0
21,3.091042453358316,0,0,1,0,1,4,1.6094379124341003,1,1,4,4,4,18,2.9444389791664403,1,0,3,4,8,3,1.3862943611198906,0,0,3,3,3,1,2,14.0
24,3.2188758248682006,1,0,4,3,4,2,1.0986122886681098,1,2,2,2,2,19,2.995732273553991,0,1,4,5,9,2,1.0986122886681098,1,2,2,2,2,1,3,2.0
25,3.258096538021482,0,1,0,4,5,6,1.9459101490553132,1,0,1,6,6,25,3.258096538021482,0,1,0,4,5,5,1.791759469228055,0,2,0,5,5,1,3,2.0
12,2.5649493574615367,1,0,2,5,2,6,1.9459101490553132,1,0,1,6,6,9,2.302585092994046,0,0,4,2,9,2,1.0986122886681098,1,2,2,2,2,1,3,12.0
22,3.1354942159291497,1,1,2,1,2,3,1.3862943611198906,0,0,3,3,3,9,2.302585092994046,0,0,4,2,9,2,1.0986122886681098,1,2,2,2,2,1,2,53.0
21,3.091042453358316,0,0,1,0,1,3,1.3862943611198906,0,0,3,3,3,3,1.3862943611198906,0,0,3,3,3,2,1.0986122886681098,1,2,2,2,2,1,3,56.0
22,3.1354942159291497,1,1,2,1,2,5,1.791759469228055,0,2,0,5,5,8,2.1972245773362196,1,2,3,1,8,5,1.791759469228055,0,2,0,5,5,1,1,2.0
13,2.6390573296152584,0,1,3,6,3,5,1.791759469228055,0,2,0,5,5,12,2.5649493574615367,1,0,2,5,2,5,1.791759469228055,0,2,0,5,5,1,1,2.0
26,3.295836866004329,1,2,1,5,6,6,1.9459101490553132,1,0,1,6,6,9,2.302585092994046,0,0,4,2,9,5,1.791759469228055,0,2,0,5,5,1,0,55.0
20,3.044522437723423,1,2,0,6,0,4,1.6094379124341003,1,1,4,4,4,16,2.833213344056216,1,1,1,2,6,2,1.0986122886681098,1,2,2,2,2,2,5,330.0
17,2.8903717578961645,0,2,2,3,7,3,1.3862943611198906,0,0,3,3,3,8,2.1972245773362196,1,2,3,1,8,3,1.3862943611198906,0,0,3,3,3,1,1,2.0
29,3.4011973816621555,0,2,4,1,9,4,1.6094379124341003,1,1,4,4,4,29,3.4011973816621555,0,2,4,1,9,4,1.6094379124341003,1,1,4,4,4,1,2,2.0
24,3.2188758248682006,1,0,4,3,4,6,1.9459101490553132,1,0,1,6,6,23,3.1780538303479458,0,2,3,2,3,4,1.6094379124341003,1,1,4,4,4,1,2,7.0
9,2.302585092994046,0,0,4,2,9,5,1.791759469228055,0,2,0,5,5,7,2.0794415416798357,0,1,2,0,7,2,1.0986122886681098,1,2,2,2,2,1,0,7.0
13,2.6390573296152584,0,1,3,6,3,5,1.791759469228055,0,2,0,5,5,7,2.0794415416798357,0,1,2,0,7,4,1.6094379124341003,1,1,4,4,4,1,0,12.0
11,2.4849066497880004,0,2,1,4,1,6,1.9459101490553132,1,0,1,6,6,11,2.4849066497880004,0,2,1,4,1,6,1.9459101490553132,1,0,1,6,6,1,2,2.0
9,2.302585092994046,0,0,4,2,9,4,1.6094379124341003,1,1,4,4,4,9,2.302585092994046,0,0,4,2,9,2,1.0986122886681098,1,2,2,2,2,1,2,2.0
11,2.4849066497880004,0,2,1,4,1,4,1.6094379124341003,1,1,4,4,4,7,2.0794415416798357,0,1,2,0,7,4,1.6094379124341003,1,1,4,4,4,1,1,2.0
30,3.4339872044851463,1,0,0,2,0,2,1.0986122886681098,1,2,2,2,2,30,3.4339872044851463,1,0,0,2,0,2,1.0986122886681098,1,2,2,2,2,2,6,2.0
18,2.9444389791664403,1,0,3,4,8,5,1.791759469228055,0,2,0,5,5,7,2.0794415416798357,0,1,2,0,7,3,1.3862943611198906,0,0,3,3,3,1,1,112.0
12,2.5649493574615367,1,0,2,5,2,3,1.3862943611198906,0,0,3,3,3,4,1.6094379124341003,1,1,4,4,4,3,1.3862943611198906,0,0,3,3,3,1,4,2.0
29,3.4011973816621555,0,2,4,1,9,4,1.6094379124341003,1,1,4,4,4,5,1.791759469228055,0,2,0,5,5,3,1.3862943611198906,0,0,3,3,3,1,0,50.0
12,2.5649493574615367,1,0,2,5,2,6,1.9459101490553132,1,0,1,6,6,10,2.3978952727983707,1,1,0,3,0,2,1.0986122886681098,1,2,2,2,2,2,4,27.0
29,3.4011973816621555,0,2,4,1,9,6,1.9459101490553132,1,0,1,6,6,17,2.8903717578961645,0,2,2,3,7,6,1.9459101490553132,1,0,1,6,6,1,1,2.0
30,3.4339872044851463,1,0,0,2,0,4,1.6094379124341003,1,1,4,4,4,11,2.4849066497880004,0,2,1,4,1,3,1.3862943611198906,0,0,3,3,3,1,1,23.0
9,2.302585092994046,0,0,4,2,9,3,1.3862943611198906,0,0,3,3,3,6,1.9459101490553132,1,0,1,6,6,3,1.3862943611198906,0,0,3,3,3,3,5,2.0
27,3.332204510175204,0,0,2,6,7,2,1.0986122886681098,1,2,2,2,2,18,2.9444389791664403,1,0,3,4,8,2,1.0986122886681098,1,2,2,2,2,1,3,2.0
18,2.9444389791664403,1,0,3,4,8,2,1.0986122886681098,1,2,2,2,2,8,2.1972245773362196,1,2,3,1,8,2,1.0986122886681098,1,2,2,2,2,2,5,2.0
11,2.4849066497880004,0,2,1,4,1,6,1.9459101490553132,1,0,1,6,6,10,2.3978952727983707,1,1,0,3,0,5,1.791759469228055,0,2,0,5,5,1,1,16.0
30,3.4339872044851463,1,0,0,2,0,6,1.9459101490553132,1,0,1,6,6,8,2.1972245773362196,1,2,3,1,8,6,1.9459101490553132,1,0,1,6,6,2,3,2.0
18,2.9444389791664403,1,0,3,4,8,4,1.6094379124341003,1,1,4,4,4,15,2.772588722239781,0,0,0,1,5,4,1.6094379124341003,1,1,4,4,4,1,1,2.0
10,2.3978952727983707,1,1,0,3,0,2,1.0986122886681098,1,2,2,2,2,9,2.302585092994046,0,0,4,2,9,2,1.0986122886681098,1,2,2,2,2,1,3,2.0
12,2.5649493574615367,1,0,2,5,2,6,1.9459101490553132,1,0,1,6,6,12,2.5649493574615367,1,0,2,5,2,5,1.791759469228055,0,2,0,5,5,1,3,2.0
24,3.2188758248682006,1,0,4,3,4,4,1.6094379124341003,1,1,4,4,4,15,2.772588722239781,0,0,0,1,5,4,1.6094379124341003,1,1,4,4,4,1,3,2.0
22,3.1354942159291497,1,1,2,1,2,4,1.6094379124341003,1,1,4,4,4,21,3.091042453358316,0,0,1,0,1,3,1.3862943611198906,0,0,3,3,3,1,1,20.0
29,3.4011973816621555,0,2,4,1,9,6,1.9459101490553132,1,0,1,6,6,24,3.2188758248682006,1,0,4,3,4,2,1.0986122886681098,1,2,2,2,2,1,3,6626.0
23,3.1780538303479458,0,2,3,2,3,5,1.791759469228055,0,2,0,5,5,19,2.995732273553991,0,1,4,5,9,5,1.791759469228055,0,2,0,5,5,1,1,2.0
8,2.1972245773362196,1,2,3,1,8,6,1.9459101490553132,1,0,1,6,6,7,2.0794415416798357,0,1,2,0,7,6,1.9459101490553132,1,0,1,6,6,1,1,2.0
18,2.9444389791664403,1,0,3,4,8,4,1.6094379124341003,1,1,4,4,4,7,2.0794415416798357,0,1,2,0,7,3,1.3862943611198906,0,0,3,3,3,1,1,13.0
20,3.044522437723423,1,2,0,6,0,2,1.0986122886681098,1,2,2,2,2,11,2.4849066497880004,0,2,1,4,1,2,1.0986122886681098,1,2,2,2,2,1,3,2.0
22,3.1354942159291497,1,1,2,1,2,3,1.3862943611198906,0,0,3,3,3,8,2.1972245773362196,1,2,3,1,8,3,1.3862943611198906,0,0,3,3,3,1,1,2.0
23,3.1780538303479458,0,2,3,2,3,4,1.6094379124341003,1,1,4,4,4,15,2.772588722239781,0,0,0,1,5,2,1.0986122886681098,1,2,2,2,2,1,1,266.0
17,2.8903717578961645,0,2,2,3,7,3,1.3862943611198906,0,0,3,3,3,7,2.0794415416798357,0,1,2,0,7,3,1.3862943611198906,0,0,3,3,3,1,1,2.0
21,3.091042453358316,0,0,1,0,1,4,1.6094379124341003,1,1,4,4,4,8,2.1972245773362196,1,2,3,1,8,4,1.6094379124341003,1,1,4,4,4,1,3,2.0
10,2.3978952727983707,1,1,0,3,0,3,1.3862943611198906,0,0,3,3,3,9,2.302585092994046,0,0,4,2,9,2,1.0986122886681098,1,2,2,2,2,1,2,17.0
21,3.091042453358316,0,0,1,0,1,6,1.9459101490553132,1,0,1,6,6,8,2.1972245773362196,1,2,3,1,8,6,1.9459101490553132,1,0,1,6,6,1,1,2.0
10,2.3978952727983707,1,1,0,3,0,5,1.791759469228055,0,2,0,5,5,10,2.3978952727983707,1,1,0,3,0,3,1.3862943611198906,0,0,3,3,3,1,3,2.0
27,3.332204510175204,0,0,2,6,7,2,1.0986122886681098,1,2,2,2,2,16,2.833213344056216,1,1,1,2,6,2,1.0986122886681098,1,2,2,2,2,1,3,2.0
23,3.1780538303479458,0,2,3,2,3,6,1.9459101490553132,1,0,1,6,6,13,2.6390573296152584,0,1,3,6,3,4,1.6094379124341003,1,1,4,4,4,1,0,113.0
30,3.4339872044851463,1,0,0,2,0,3,1.3862943611198906,0,0,3,3,3,11,2.4849066497880004,0,2,1,4,1,3,1.3862943611198906,0,0,3,3,3,1,3,2.0
19,2.995732273553991,0,1,4,5,9,2,1.0986122886681098,1,2,2,2,2,10,2.3978952727983707,1,1,0,3,0,2,1.0986122886681098,1,2,2,2,2,1,3,2.0
21,3.091042453358316,0,0,1,0,1,4,1.6094379124341003,1,1,4,4,4,21,3.091042453358316,0,0,1,0,1,3,1.3862943611198906,0,0,3,3,3,1,3,2.0
20,3.044522437723423,1,2,0,6,0,4,1.6094379124341003,1,1,4,4,4,18,2.9444389791664403,1,0,3,4,8,3,1.3862943611198906,0,0,3,3,3,1,2,38.0
10,2.3978952727983707,1,1,0,3,0,3,1.3862943611198906,0,0,3,3,3,6,1.9459101490553132,1,0,1,6,6,2,1.0986122886681098,1,2,2,2,2,1,3,5.0
24,3.2188758248682006,1,0,4,3,4,4,1.6094379124341003,1,1,4,4,4,7,2.0794415416798357,0,1,2,0,7,4,1.6094379124341003,1,1,4,4,4,1,3,2.0
30,3.4339872044851463,1,0,0,2,0,4,1.6094379124341003,1,1,4,4,4,18,2.9444389791664403,1,0,3,4,8,4,1.6094379124341003,1,1,4,4,4,2,1,2.0
23,3.1780538303479458,0,2,3,2,3,5,1.791759469228055,0,2,0,5,5,22,3.1354942159291497,1,1,2,1,2,3,1.3862943611198906,0,0,3,3,3,1,0,41.0
10,2.3978952727983707,1,1,0,3,0,6,1.9459101490553132,1,0,1,6,6,8,2.1972245773362196,1,2,3,1,8,3,1.3862943611198906,0,0,3,3,3,1,1,17.0
30,3.4339872044851463,1,0,0,2,0,2,1.0986122886681098,1,2,2,2,2,13,2.6390573296152584,0,1,3,6,3,2,1.0986122886681098,1,2,2,2,2,1,3,2.0
30,3.4339872044851463,1,0,0,2,0,3,1.3862943611198906,0,0,3,3,3,24,3.2188758248682006,1,0,4,3,4,3,1.3862943611198906,0,0,3,3,3,3,5,2.0
29,3.4011973816621555,0,2,4,1,9,3,1.3862943611198906,0,0,3,3,3,13,2.6390573296152584,0,1,3,6,3,3,1.3862943611198906,0,0,3,3,3,1,1,2.0
20,3.044522437723423,1,2,0,6,0,3,1.3862943611198906,0,0,3,3,3,10,2.3978952727983707,1,1,0,3,0,2,1.0986122886681098,1,2,2,2,2,1,3,23.0
22,3.1354942159291497,1,1,2,1,2,5,1.791759469228055,0,2,0,5,5,13,2.6390573296152584,0,1,3,6,3,4,1.6094379124341003,1,1,4,4,4,1,0,7.0
16,2.833213344056216,1,1,1,2,6,6,1.9459101490553132,1,0,1,6,6,8,2.1972245773362196,1,2,3,1,8,2,1.0986122886681098,1,2,2,2,2,2,4,270.0
27,3.332204510175204,0,0,2,6,7,4,1.6094379124341003,1,1,4,4,4,17,2.8903717578961645,0,2,2,3,7,4,1.6094379124341003,1,1,4,4,4,1,1,2.0
21,3.091042453358316,0,0,1,0,1,6,1.9459101490553132,1,0,1,6,6,19,2.995732273553991,0,1,4,5,9,4,1.6094379124341003,1,1,4,4,4,1,0,3.0
29,3.4011973816621555,0,2,4,1,9,4,1.6094379124341003,1,1,4,4,4,12,2.5649493574615367,1,0,2,5,2,3,1.3862943611198906,0,0,3,3,3,1,2,86.0
10,2.3978952727983707,1,1,0,3,0,6,1.9459101490553132,1,0,1,6,6,10,2.3978952727983707,1,1,0,3,0,2,1.0986122886681098,1,2,2,2,2,2,4,2.0
22,3.1354942159291497,1,1,2,1,2,2,1.0986122886681098,1,2,2,2,2,18,2.9444389791664403,1,0,3,4,8,2,1.0986122886681098,1,2,2,2,2,2,5,2.0
15,2.772588722239781,0,0,0,1,5,3,1.3862943611198906,0,0,3,3,3,5,1.791759469228055,0,2,0,5,5,3,1.3862943611198906,0,0,3,3,3,1,4,2.0
15,2.772588722239781,0,0,0,1,5,2,1.0986122886681098,1,2,2,2,2,2,1.0986122886681098,1,2,2,2,2,2,1.0986122886681098,1,2,2,2,2,1,3,2.0
11,2.4849066497880004,0,2,1,4,1,3,1.3862943611198906,0,0,3,3,3,11,2.4849066497880004,0,2,1,4,1,3,1.3862943611198906,0,0,3,3,3,1,2,2.0
18,2.9444389791664403,1,0,3,4,8,3,1.3862943611198906,0,0,3,3,3,5,1.791759469228055,0,2,0,5,5,2,1.0986122886681098,1,2,2,2,2,1,2,15.0
18,2.9444389791664403,1,0,3,4,8,6,1.9459101490553132,1,0,1,6,6,14,2.70805020110221,1,2,4,0,4,4,1.6094379124341003,1,1,4,4,4,2,1,20.0
25,3.258096538021482,0,1,0,4,5,6,1.9459101490553132,1,0,1,6,6,11,2.4849066497880004,0,2,1,4,1,5,1.791759469228055,0,2,0,5,5,1,1,16.0
28,3.367295829986474,1,1,3,0,8,6,1.9459101490553132,1,0,1,6,6,19,2.995732273553991,0,1,4,5,9,3,1.3862943611198906,0,0,3,3,3,1,1,14.0
21,3.091042453358316,0,0,1,0,1,3,1.3862943611198906,0,0,3,3,3,5,1.791759469228055,0,2,0,5,5,2,1.0986122886681098,1,2,2,2,2,1,1,18.0
22,3.1354942159291497,1,1,2,1,2,6,1.9459101490553132,1,0,1,6,6,22,3.1354942159291497,1,1,2,1,2,3,1.3862943611198906,0,0,3,3,3,1,2,2.0
13,2.6390573296152584,0,1,3,6,3,4,1.6094379124341003,1,1,4,4,4,6,1.9459101490553132,1,0,1,6,6,4,1.6094379124341003,1,1,4,4,4,1,1,2.0
16,2.833213344056216,1,1,1,2,6,6,1.9459101490553132,1,0,1,6,6,14,2.70805020110221,1,2,4,0,4,4,1.6094379124341003,1,1,4,4,4,2,1,11.0
28,3.367295829986474,1,1,3,0,8,6,1.9459101490553132,1,0,1,6,6,8,2.1972245773362196,1,2,3,1,8,2,1.0986122886681098,1,2,2,2,2,2,3,7642.0
19,2.995732273553991,0,1,4,5,9,6,1.9459101490553132,1,0,1,6,6,19,2.995732273553991,0,1,4,5,9,6,1.9459101490553132,1,0,1,6,6,1,2,2.0
20,3.044522437723423,1,2,0,6,0,5,1.791759469228055,0,2,0,5,5,13,2.6390573296152584,0,1,3,6,3,3,1.3862943611198906,0,0,3,3,3,1,1,95.0
30,3.4339872044851463,1,0,0,2,0,6,1.9459101490553132,1,0,1,6,6,9,2.302585092994046,0,0,4,2,9,4,1.6094379124341003,1,1,4,4,4,1,1,697.0
17,2.8903717578961645,0,2,2,3,7,4,1.6094379124341003,1,1,4,4,4,12,2.5649493574615367,1,0,2,5,2,2,1.0986122886681098,1,2,2,2,2,1,3,50.0
13,2.6390573296152584,0,1,3,6,3,4,1.6094379124341003,1,1,4,4,4,10,2.3978952727983707,1,1,0,3,0,4,1.6094379124341003,1,1,4,4,4,1,1,2.0
10,2.3978952727983707,1,1,0,3,0,3,1.3862943611198906,0,0,3,3,3,5,1.791759469228055,0,2,0,5,5,3,1.3862943611198906,0,0,3,3,3,1,2,2.0
17,2.8903717578961645,0,2,2,3,7,4,1.6094379124341003,1,1,4,4,4,10,2.3978952727983707,1,1,0,3,0,3,1.3862943611198906,0,0,3,3,3,1,0,6.0
13,2.6390573296152584,0,1,3,6,3,2,1.0986122886681098,1,2,2,2,2,8,2.1972245773362196,1,2,3,1,8,2,1.0986122886681098,1,2,2,2,2,1,3,2.0
18,2.9444389791664403,1,0,3,4,8,4,1.6094379124341003,1,1,4,4,4,10,2.3978952727983707,1,1,0,3,0,4,1.6094379124341003,1,1,4,4,4,2,1,2.0
30,3.4339872044851463,1,0,0,2,0,5,1.791759469228055,0,2,0,5,5,11,2.4849066497880004,0,2,1,4,1,4,1.6094379124341003,1,1,4,4,4,1,1,109.0
17,2.8903717578961645,0,2,2,3,7,6,1.9459101490553132,1,0,1,6,6,16,2.833213344056216,1,1,1,2,6,6,1.9459101490553132,1,0,1,6,6,1,1,2.0
24,3.2188758248682006,1,0,4,3,4,2,1.0986122886681098,1,2,2,2,2,13,2.6390573296152584,0,1,3,6,3,2,1.0986122886681098,1,2,2,2,2,1,3,2.0
14,2.70805020110221,1,2,4,0,4,4,1.6094379124341003,1,1,4,4,4,7,2.0794415416798357,0,1,2,0,7,4,1.6094379124341003,1,1,4,4,4,1,2,2.0
22,3.1354942159291497,1,1,2,1,2,3,1.3862943611198906,0,0,3,3,3,22,3.1354942159291497,1,1,2,1,2,3,1.3862943611198906,0,0,3,3,3,1,2,2.0
30,3.4339872044851463,1,0,0,2,0,4,1.6094379124341003,1,1,4,4,4,10,2.3978952727983707,1,1,0,3,0,4,1.6094379124341003,1,1,4,4,4,2,2,2.0
14,2.70805020110221,1,2,4,0,4,2,1.0986122886681098,1,2,2,2,2,3,1.3862943611198906,0,0,3,3,3,2,1.0986122886681098,1,2,2,2,2,1,3,2.0
16,2.833213344056216,1,1,1,2,6,2,1.0986122886681098,1,2,2,2,2,15,2.772588722239781,0,0,0,1,5,2,1.0986122886681098,1,2,2,2,2,1,3,2.0
25,3.258096538021482,0,1,0,4,5,5,1.791759469228055,0,2,0,5,5,5,1.791759469228055,0,2,0,5,5,2,1.0986122886681098,1,2,2,2,2,1,3,13402.0
22,3.1354942159291497,1,1,2,1,2,5,1.791759469228055,0,2,0,5,5,14,2.70805020110221,1,2,4,0,4,2,1.0986122886681098,1,2,2,2,2,1,2,150.0
28,3.367295829986474,1,1,3,0,8,4,1.6094379124341003,1,1,4,4,4,22,3.1354942159291497,1,1,2,1,2,2,1.0986122886681098,1,2,2,2,2,2,4,71.0
28,3.367295829986474,1,1,3,0,8,6,1.9459101490553132,1,0,1,6,6,15,2.772588722239781,0,0,0,1,5,2,1.0986122886681098,1,2,2,2,2,1,2,3964.0
18,2.9444389791664403,1,0,3,4,8,4,1.6094379124341003,1,1,4,4,4,8,2.1972245773362196,1,2,3,1,8,3,1.3862943611198906,0,0,3,3,3,1,2,10.0
19,2.995732273553991,0,1,4,5,9,3,1.3862943611198906,0,0,3,3,3,10,2.3978952727983707,1,1,0,3,0,3,1.3862943611198906,0,0,3,3,3,1,1,2.0
20,3.044522437723423,1,2,0,6,0,3,1.3862943611198906,0,0,3,3,3,19,2.995732273553991,0,1,4,5,9,2,1.0986122886681098,1,2,2,2,2,1,1,37.0
21,3.091042453358316,0,0,1,0,1,3,1.3862943611198906,0,0,3,3,3,8,2.1972245773362196,1,2,3,1,8,3,1.3862943611198906,0,0,3,3,3,1,3,2.0
15,2.772588722239781,0,0,0,1,5,3,1.3862943611198906,0,0,3,3,3,12,2.5649493574615367,1,0,2,5,2,2,1.0986122886681098,1,2,2,2,2,1,3,29.0
24,3.2188758248682006,1,0,4,3,4,3,1.3862943611198906,0,0,3,3,3,24,3.2188758248682006,1,0,4,3,4,2,1.0986122886681098,1,2,2,2,2,1,5,2.0
16,2.833213344056216,1,1,1,2,6,2,1.0986122886681098,1,2,2,2,2,11,2.4849066497880004,0,2,1,4,1,2,1.0986122886681098,1,2,2,2,2,1,3,2.0
14,2.70805020110221,1,2,4,0,4,4,1.6094379124341003,1,1,4,4,4,9,2.302585092994046,0,0,4,2,9,2,1.0986122886681098,1,2,2,2,2,1,2,172.0
28,3.367295829986474,1,1,3,0,8,4,1.6094379124341003,1,1,4,4,4,22,3.1354942159291497,1,1,2,1,2,3,1.3862943611198906,0,0,3,3,3,1,1,62.0
15,2.772588722239781,0,0,0,1,5,3,1.3862943611198906,0,0,3,3,3,9,2.302585092994046,0,0,4,2,9,3,1.3862943611198906,0,0,3,3,3,3,5,2.0
9,2.302585092994046,0,0,4,2,9,3,1.3862943611198906,0,0,3,3,3,9,2.302585092994046,0,0,4,2,9,3,1.3862943611198906,0,0,3,3,3,3,6,2.0
23,3.1780538303479458,0,2,3,2,3,3,1.3862943611198906,0,0,3,3,3,13,2.6390573296152584,0,1,3,6,3,2,1.0986122886681098,1,2,2,2,2,1,0,52.0
23,3.1780538303479458,0,2,3,2,3,3,1.3862943611198906,0,0,3,3,3,14,2.70805020110221,1,2,4,0,4,2,1.0986122886681098,1,2,2,2,2,1,1,17.0
19,2.995732273553991,0,1,4,5,9,2,1.0986122886681098,1,2,2,2,2,14,2.70805020110221,1,2,4,0,4,2,1.0986122886681098,1,2,2,2,2,1,3,2.0
18,2.9444389791664403,1,0,3,4,8,5,1.791759469228055,0,2,0,5,5,11,2.4849066497880004,0,2,1,4,1,4,1.6094379124341003,1,1,4,4,4,1,0,7.0
10,2.3978952727983707,1,1,0,3,0,4,1.6094379124341003,1,1,4,4,4,5,1.791759469228055,0,2,0,5,5,2,1.0986122886681098,1,2,2,2,2,1,3,32.0
7,2.0794415416798357,0,1,2,0,7,2,1.0986122886681098,1,2,2,2,2,3,1.3862943611198906,0,0,3,3,3,2,1.0986122886681098,1,2,2,2,2,1,1,2.0
15,2.772588722239781,0,0,0,1,5,6,1.9459101490553132,1,0,1,6,6,11,2.4849066497880004,0,2,1,4,1,5,1.791759469228055,0,2,0,5,5,1,1,6.0
14,2.70805020110221,1,2,4,0,4,5,1.791759469228055,0,2,0,5,5,14,2.70805020110221,1,2,4,0,4,2,1.0986122886681098,1,2,2,2,2,1,3,2.0
12,2.5649493574615367,1,0,2,5,2,6,1.9459101490553132,1,0,1,6,6,12,2.5649493574615367,1,0,2,5,2,6,1.9459101490553132,1,0,1,6,6,6,6,2.0
16,2.833213344056216,1,1,1,2,6,2,1.0986122886681098,1,2,2,2,2,5,1.791759469228055,0,2,0,5,5,2,1.0986122886681098,1,2,2,2,2,1,3,2.0
14,2.70805020110221,1,2,4,0,4,2,1.0986122886681098,1,2,2,2,2,9,2.302585092994046,0,0,4,2,9,2,1.0986122886681098,1,2,2,2,2,1,3,2.0
27,3.332204510175204,0,0,2,6,7,6,1.9459101490553132,1,0,1,6,6,15,2.772588722239781,0,0,0,1,5,3,1.3862943611198906,0,0,3,3,3,3,3,236.0
13,2.6390573296152584,0,1,3,6,3,5,1.791759469228055,0,2,0,5,5,7,2.0794415416798357,0,1,2,0,7,5,1.791759469228055,0,2,0,5,5,1,1,2.0
23,3.1780538303479458,0,2,3,2,3,3,1.3862943611198906,0,0,3,3,3,17,2.8903717578961645,0,2,2,3,7,3,1.3862943611198906,0,0,3,3,3,1,1,2.0
16,2.833213344056216,1,1,1,2,6,4,1.6094379124341003,1,1,4,4,4,13,2.6390573296152584,0,1,3,6,3,3,1.3862943611198906,0,0,3,3,3,1,1,16.0
22,3.1354942159291497,1,1,2,1,2,2,1.0986122886681098,1,2,2,2,2,4,1.6094379124341003,1,1,4,4,4,2,1.0986122886681098,1,2,2,2,2,2,5,2.0
23,3.1780538303479458,0,2,3,2,3,2,1.0986122886681098,1,2,2,2,2,8,2.1972245773362196,1,2,3,1,8,2,1.0986122886681098,1,2,2,2,2,1,3,2.0
29,3.4011973816621555,0,2,4,1,9,2,1.0986122886681098,1,2,2,2,2,28,3.367295829986474,1,1,3,0,8,2,1.0986122886681098,1,2,2,2,2,1,3,2.0
28,3.367295829986474,1,1,3,0,8,2,1.0986122886681098,1,2,2,2,2,18,2.9444389791664403,1,0,3,4,8,2,1.0986122886681098,1,2,2,2,2,2,5,2.0
24,3.2188758248682006,1,0,4,3,4,3,1.3862943611198906,0,0,3,3,3,15,2.772588722239781,0,0,0,1,5,3,1.3862943611198906,0,0,3,3,3,3,5,2.0
23,3.1780538303479458,0,2,3,2,3,4,1.6094379124341003,1,1,4,4,4,6,1.9459101490553132,1,0,1,6,6,4,1.6094379124341003,1,1,4,4,4,1,1,2.0
20,3.044522437723423,1,2,0,6,0,4,1.6094379124341003,1,1,4,4,4,17,2.8903717578961645,0,2,2,3,7,2,1.0986122886681098,1,2,2,2,2,1,3,106.0
11,2.4849066497880004,0,2,1,4,1,3,1.3862943611198906,0,0,3,3,3,5,1.791759469228055,0,2,0,5,5,2,1.0986122886681098,1,2,2,2,2,1,0,8.0
18,2.9444389791664403,1,0,3,4,8,4,1.6094379124341003,1,1,4,4,4,6,1.9459101490553132,1,0,1,6,6,4,1.6094379124341003,1,1,4,4,4,2,2,2.0
11,2.4849066497880004,0,2,1,4,1,5,1.791759469228055,0,2,0,5,5,6,1.9459101490553132,1,0,1,6,6,2,1.0986122886681098,1,2,2,2,2,1,1,437.0
20,3.044522437723423,1,2,0,6,0,6,1.9459101490553132,1,0,1,6,6,10,2.3978952727983707,1,1,0,3,0,2,1.0986122886681098,1,2,2,2,2,2,4,1208.0
20,3.044522437723423,1,2,0,6,0,4,1.6094379124341003,1,1,4,4,4,7,2.0794415416798357,0,1,2,0,7,4,1.6094379124341003,1,1,4,4,4,1,3,2.0
18,2.9444389791664403,1,0,3,4,8,2,1.0986122886681098,1,2,2,2,2,18,2.9444389791664403,1,0,3,4,8,2,1.0986122886681098,1,2,2,2,2,2,6,2.0
12,2.5649493574615367,1,0,2,5,2,5,1.791759469228055,0,2,0,5,5,6,1.9459101490553132,1,0,1,6,6,2,1.0986122886681098,1,2,2,2,2,1,3,117.0
22,3.1354942159291497,1,1,2,1,2,6,1.9459101490553132,1,0,1,6,6,16,2.833213344056216,1,1,1,2,6,3,1.3862943611198906,0,0,3,3,3,1,1,2883.0
15,2.772588722239781,0,0,0,1,5,2,1.0986122886681098,1,2,2,2,2,11,2.4849066497880004,0,2,1,4,1,2,1.0986122886681098,1,2,2,2,2,1,1,2.0
29,3.4011973816621555,0,2,4,1,9,3,1.3862943611198906,0,0,3,3,3,26,3.295836866004329,1,2,1,5,6,3,1.3862943611198906,0,0,3,3,3,1,1,2.0
19,2.995732273553991,0,1,4,5,9,2,1.0986122886681098,1,2,2,2,2,4,1.6094379124341003,1,1,4,4,4,2,1.0986122886681098,1,2,2,2,2,1,3,2.0
15,2.772588722239781,0,0,0,1,5,6,1.9459101490553132,1,0,1,6,6,13,2.6390573296152584,0,1,3,6,3,4,1.6094379124341003,1,1,4,4,4,1,0,47.0
30,3.4339872044851463,1,0,0,2,0,5,1.791759469228055,0,2,0,5,5,28,3.367295829986474,1,1,3,0,8,2,1.0986122886681098,1,2,2,2,2,1,3,49.0
24,3.2188758248682006,1,0,4,3,4,3,1.3862943611198906,0,0,3,3,3,20,3.044522437723423,1,2,0,6,0,2,1.0986122886681098,1,2,2,2,2,1,3,8.0
26,3.295836866004329,1,2,1,5,6,4,1.6094379124341003,1,1,4,4,4,12,2.5649493574615367,1,0,2,5,2,2,1.0986122886681098,1,2,2,2,2,2,4,916.0
10,2.3978952727983707,1,1,0,3,0,3,1.3862943611198906,0,0,3,3,3,4,1.6094379124341003,1,1,4,4,4,2,1.0986122886681098,1,2,2,2,2,1,2,11.0
15,2.772588722239781,0,0,0,1,5,4,1.6094379124341003,1,1,4,4,4,8,2.1972245773362196,1,2,3,1,8,2,1.0986122886681098,1,2,2,2,2,1,3,16.0
27,3.332204510175204,0,0,2,6,7,4,1.6094379124341003,1,1,4,4,4,27,3.332204510175204,0,0,2,6,7,2,1.0986122886681098,1,2,2,2,2,1,2,2.0
24,3.2188758248682006,1,0,4,3,4,3,1.3862943611198906,0,0,3,3,3,17,2.8903717578961645,0,2,2,3,7,3,1.3862943611198906,0,0,3,3,3,1,3,2.0
22,3.1354942159291497,1,1,2,1,2,2,1.0986122886681098,1,2,2,2,2,11,2.4849066497880004,0,2,1,4,1,2,1.0986122886681098,1,2,2,2,2,1,4,2.0
19,2.995732273553991,0,1,4,5,9,4,1.6094379124341003,1,1,4,4,4,18,2.9444389791664403,1,0,3,4,8,3,1.3862943611198906,0,0,3,3,3,1,1,34.0
9,2.302585092994046,0,0,4,2,9,3,1.3862943611198906,0,0,3,3,3,6,1.9459101490553132,1,0,1,6,6,2,1.0986122886681098,1,2,2,2,2,1,3,17.0
25,3.258096538021482,0,1,0,4,5,4,1.6094379124341003,1,1,4,4,4,19,2.995732273553991,0,1,4,5,9,4,1.6094379124341003,1,1,4,4,4,1,1,2.0
27,3.332204510175204,0,0,2,6,7,6,1.9459101490553132,1,0,1,6,6,16,2.833213344056216,1,1,1,2,6,5,1.791759469228055,0,2,0,5,5,1,0,8.0
25,3.258096538021482,0,1,0,4,5,3,1.3862943611198906,0,0,3,3,3,14,2.70805020110221,1,2,4,0,4,2,1.0986122886681098,1,2,2,2,2,1,1,19.0
15,2.772588722239781,0,0,0,1,5,6,1.9459101490553132,1,0,1,6,6,8,2.1972245773362196,1,2,3,1,8,5,1.791759469228055,0,2,0,5,5,1,1,16.0
12,2.5649493574615367,1,0,2,5,2,4,1.6094379124341003,1,1,4,4,4,8,2.1972245773362196,1,2,3,1,8,2,1.0986122886681098,1,2,2,2,2,2,5,38.0
10,2.3978952727983707,1,1,0,3,0,5,1.791759469228055,0,2,0,5,5,10,2.3978952727983707,1,1,0,3,0,5,1.791759469228055,0,2,0,5,5,5,6,2.0
18,2.9444389791664403,1,0,3,4,8,4,1.6094379124341003,1,1,4,4,4,5,1.791759469228055,0,2,0,5,5,2,1.0986122886681098,1,2,2,2,2,1,2,184.0
19,2.995732273553991,0,1,4,5,9,2,1.0986122886681098,1,2,2,2,2,9,2.302585092994046,0,0,4,2,9,2,1.0986122886681098,1,2,2,2,2,1,1,2.0
18,2.9444389791664403,1,0,3,4,8,2,1.0986122886681098,1,2,2,2,2,6,1.9459101490553132,1,0,1,6,6,2,1.0986122886681098,1,2,2,2,2,2,6,2.0
30,3.4339872044851463,1,0,0,2,0,2,1.0986122886681098,1,2,2,2,2,18,2.9444389791664403,1,0,3,4,8,2,1.0986122886681098,1,2,2,2,2,2,5,2.0
11,2.4849066497880004,0,2,1,4,1,2,1.0986122886681098,1,2,2,2,2,4,1.6094379124341003,1,1,4,4,4,2,1.0986122886681098,1,2,2,2,2,1,3,2.0
16,2.833213344056216,1,1,1,2,6,4,1.6094379124341003,1,1,4,4,4,14,2.70805020110221,1,2,4,0,4,4,1.6094379124341003,1,1,4,4,4,2,3,2.0
22,3.1354942159291497,1,1,2,1,2,4,1.6094379124341003,1,1,4,4,4,15,2.772588722239781,0,0,0,1,5,3,1.3862943611198906,0,0,3,3,3,1,1,13.0
14,2.70805020110221,1,2,4,0,4,4,1.6094379124341003,1,1,4,4,4,13,2.6390573296152584,0,1,3,6,3,3,1.3862943611198906,0,0,3,3,3,1,0,12.0
22,3.1354942159291497,1,1,2,1,2,2,1.0986122886681098,1,2,2,2,2,16,2.833213344056216,1,1,1,2,6,2,1.0986122886681098,1,2,2,2,2,2,5,2.0
19,2.995732273553991,0,1,4,5,9,5,1.791759469228055,0,2,0,5,5,9,2.302585092994046,0,0,4,2,9,5,1.791759469228055,0,2,0,5,5,1,1,2.0
18,2.9444389791664403,1,0,3,4,8,6,1.9459101490553132,1,0,1,6,6,14,2.70805020110221,1,2,4,0,4,5,1.791759469228055,0,2,0,5,5,1,1,14.0
11,2.4849066497880004,0,2,1,4,1,4,1.6094379124341003,1,1,4,4,4,8,2.1972245773362196,1,2,3,1,8,2,1.0986122886681098,1,2,2,2,2,1,3,28.0
24,3.2188758248682006,1,0,4,3,4,6,1.9459101490553132,1,0,1,6,6,16,2.833213344056216,1,1,1,2,6,6,1.9459101490553132,1,0,1,6,6,2,3,2.0
16,2.833213344056216,1,1,1,2,6,5,1.791759469228055,0,2,0,5,5,9,2.302585092994046,0,0,4,2,9,4,1.6094379124341003,1,1,4,4,4,1,1,9.0
30,3.4339872044851463,1,0,0,2,0,4,1.6094379124341003,1,1,4,4,4,5,1.791759469228055,0,2,0,5,5,2,1.0986122886681098,1,2,2,2,2,1,3,652.0
30,3.4339872044851463,1,0,0,2,0,5,1.791759469228055,0,2,0,5,5,24,3.2188758248682006,1,0,4,3,4,5,1.791759469228055,0,2,0,5,5,1,3,2.0
16,2.833213344056216,1,1,1,2,6,6,1.9459101490553132,1,0,1,6,6,16,2.833213344056216,1,1,1,2,6,5,1.791759469228055,0,2,0,5,5,1,1,2.0
14,2.70805020110221,1,2,4,0,4,2,1.0986122886681098,1,2,2,2,2,6,1.9459101490553132,1,0,1,6,6,2,1.0986122886681098,1,2,2,2,2,2,5,2.0
17,2.8903717578961645,0,2,2,3,7,4,1.6094379124341003,1,1,4,4,4,14,2.70805020110221,1,2,4,0,4,2,1.0986122886681098,1,2,2,2,2,1,2,37.0
15,2.772588722239781,0,0,0,1,5,3,1.3862943611198906,0,0,3,3,3,15,2.772588722239781,0,0,0,1,5,2,1.0986122886681098,1,2,2,2,2,1,3,2.0
14,2.70805020110221,1,2,4,0,4,3,1.3862943611198906,0,0,3,3,3,14,2.70805020110221,1,2,4,0,4,3,1.3862943611198906,0,0,3,3,3,1,2,2.0
11,2.4849066497880004,0,2,1,4,1,5,1.791759469228055,0,2,0,5,5,8,2.1972245773362196,1,2,3,1,8,2,1.0986122886681098,1,2,2,2,2,1,1,37.0
23,3.1780538303479458,0,2,3,2,3,5,1.791759469228055,0,2,0,5,5,23,3.1780538303479458,0,2,3,2,3,2,1.0986122886681098,1,2,2,2,2,1,1,2.0
14,2.70805020110221,1,2,4,0,4,5,1.791759469228055,0,2,0,5,5,5,1.791759469228055,0,2,0,5,5,5,1.791759469228055,0,2,0,5,5,1,3,2.0
30,3.4339872044851463,1,0,0,2,0,2,1.0986122886681098,1,2,2,2,2,21,3.091042453358316,0,0,1,0,1,2,1.0986122886681098,1,2,2,2,2,1,3,2.0
11,2.4849066497880004,0,2,1,4,1,6,1.9459101490553132,1,0,1,6,6,8,2.1972245773362196,1,2,3,1,8,6,1.9459101490553132,1,0,1,6,6,1,1,2.0
30,3.4339872044851463,1,0,0,2,0,4,1.6094379124341003,1,1,4,4,4,5,1.791759469228055,0,2,0,5,5,4,1.6094379124341003,1,1,4,4,4,1,2,2.0
14,2.70805020110221,1,2,4,0,4,6,1.9459101490553132,1,0,1,6,6,12,2.5649493574615367,1,0,2,5,2,2,1.0986122886681098,1,2,2,2,2,2,4,17.0
24,3.2188758248682006,1,0,4,3,4,6,1.9459101490553132,1,0,1,6,6,20,3.044522437723423,1,2,0,6,0,4,1.6094379124341003,1,1,4,4,4,2,3,87.0
10,2.3978952727983707,1,1,0,3,0,5,1.791759469228055,0,2,0,5,5,8,2.1972245773362196,1,2,3,1,8,2,1.0986122886681098,1,2,2,2,2,1,3,11.0
24,3.2188758248682006,1,0,4,3,4,2,1.0986122886681098,1,2,2,2,2,5,1.791759469228055,0,2,0,5,5,2,1.0986122886681098,1,2,2,2,2,1,3,2.0
26,3.295836866004329,1,2,1,5,6,5,1.791759469228055,0,2,0,5,5,5,1.791759469228055,0,2,0,5,5,2,1.0986122886681098,1,2,2,2,2,1,2,15507.0
16,2.833213344056216,1,1,1,2,6,4,1.6094379124341003,1,1,4,4,4,13,2.6390573296152584,0,1,3,6,3,2,1.0986122886681098,1,2,2,2,2,1,3,194.0
15,2.772588722239781,0,0,0,1,5,6,1.9459101490553132,1,0,1,6,6,12,2.5649493574615367,1,0,2,5,2,4,1.6094379124341003,1,1,4,4,4,1,2,173.0
15,2.772588722239781,0,0,0,1,5,5,1.791759469228055,0,2,0,5,5,13,2.6390573296152584,0,1,3,6,3,5,1.791759469228055,0,2,0,5,5,1,3,2.0
12,2.5649493574615367,1,0,2,5,2,5,1.791759469228055,0,2,0,5,5,5,1.791759469228055,0,2,0,5,5,3,1.3862943611198906,0,0,3,3,3,1,2,247.0
14,2.70805020110221,1,2,4,0,4,5,1.791759469228055,0,2,0,5,5,7,2.0794415416798357,0,1,2,0,7,2,1.0986122886681098,1,2,2,2,2,1,2,251.0
30,3.4339872044851463,1,0,0,2,0,6,1.9459101490553132,1,0,1,6,6,6,1.9459101490553132,1,0,1,6,6,3,1.3862943611198906,0,0,3,3,3,3,6,44766.0
9,2.302585092994046,0,0,4,2,9,5,1.791759469228055,0,2,0,5,5,6,1.9459101490553132,1,0,1,6,6,5,1.791759469228055,0,2,0,5,5,1,1,2.0
22,3.1354942159291497,1,1,2,1,2,2,1.0986122886681098,1,2,2,2,2,13,2.6390573296152584,0,1,3,6,3,2,1.0986122886681098,1,2,2,2,2,1,3,2.0
11,2.4849066497880004,0,2,1,4,1,4,1.6094379124341003,1,1,4,4,4,7,2.0794415416798357,0,1,2,0,7,3,1.3862943611198906,0,0,3,3,3,1,0,6.0
8,2.1972245773362196,1,2,3,1,8,5,1.791759469228055,0,2,0,5,5,7,2.0794415416798357,0,1,2,0,7,2,1.0986122886681098,1,2,2,2,2,1,1,11.0
25,3.258096538021482,0,1,0,4,5,5,1.791759469228055,0,2,0,5,5,12,2.5649493574615367,1,0,2,5,2,3,1.3862943611198906,0,0,3,3,3,1,2,763.0
8,2.1972245773362196,1,2,3,1,8,6,1.9459101490553132,1,0,1,6,6,8,2.1972245773362196,1,2,3,1,8,4,1.6094379124341003,1,1,4,4,4,2,3,2.0
7,2.0794415416798357,0,1,2,0,7,5,1.791759469228055,0,2,0,5,5,6,1.9459101490553132,1,0,1,6,6,3,1.3862943611198906,0,0,3,3,3,1,1,9.0
10,2.3978952727983707,1,1,0,3,0,5,1.791759469228055,0,2,0,5,5,9,2.302585092994046,0,0,4,2,9,2,1.0986122886681098,1,2,2,2,2,1,2,3.0
29,3.4011973816621555,0,2,4,1,9,6,1.9459101490553132,1,0,1,6,6,19,2.995732273553991,0,1,4,5,9,6,1.9459101490553132,1,0,1,6,6,1,1,2.0
25,3.258096538021482,0,1,0,4,5,4,1.6094379124341003,1,1,4,4,4,19,2.995732273553991,0,1,4,5,9,2,1.0986122886681098,1,2,2,2,2,1,1,283.0
15,2.772588722239781,0,0,0,1,5,6,1.9459101490553132,1,0,1,6,6,12,2.5649493574615367,1,0,2,5,2,6,1.9459101490553132,1,0,1,6,6,3,3,2.0
19,2.995732273553991,0,1,4,5,9,6,1.9459101490553132,1,0,1,6,6,6,1.9459101490553132,1,0,1,6,6,2,1.0986122886681098,1,2,2,2,2,1,3,17695.0
18,2.9444389791664403,1,0,3,4,8,5,1.791759469228055,0,2,0,5,5,18,2.9444389791664403,1,0,3,4,8,4,1.6094379124341003,1,1,4,4,4,1,1,2.0
22,3.1354942159291497,1,1,2,1,2,3,1.3862943611198906,0,0,3,3,3,10,2.3978952727983707,1,1,0,3,0,3,1.3862943611198906,0,0,3,3,3,1,1,2.0
27,3.332204510175204,0,0,2,6,7,6,1.9459101490553132,1,0,1,6,6,18,2.9444389791664403,1,0,3,4,8,2,1.0986122886681098,1,2,2,2,2,1,3,3061.0
16,2.833213344056216,1,1,1,2,6,5,1.791759469228055,0,2,0,5,5,16,2.833213344056216,1,1,1,2,6,3,1.3862943611198906,0,0,3,3,3,1,1,2.0
16,2.833213344056216,1,1,1,2,6,3,1.3862943611198906,0,0,3,3,3,4,1.6094379124341003,1,1,4,4,4,3,1.3862943611198906,0,0,3,3,3,1,2,2.0
20,3.044522437723423,1,2,0,6,0,4,1.6094379124341003,1,1,4,4,4,4,1.6094379124341003,1,1,4,4,4,2,1.0986122886681098,1,2,2,2,2,2,6,786.0
8,2.1972245773362196,1,2,3,1,8,3,1.3862943611198906,0,0,3,3,3,6,1.9459101490553132,1,0,1,6,6,2,1.0986122886681098,1,2,2,2,2,1,3,7.0
24,3.2188758248682006,1,0,4,3,4,2,1.0986122886681098,1,2,2,2,2,21,3.091042453358316,0,0,1,0,1,2,1.0986122886681098,1,2,2,2,2,1,3,2.0
13,2.6390573296152584,0,1,3,6,3,2,1.0986122886681098,1,2,2,2,2,6,1.9459101490553132,1,0,1,6,6,2,1.0986122886681098,1,2,2,2,2,1,3,2.0
12,2.5649493574615367,1,0,2,5,2,6,1.9459101490553132,1,0,1,6,6,6,1.9459101490553132,1,0,1,6,6,2,1.0986122886681098,1,2,2,2,2,2,6,888.0
23,3.1780538303479458,0,2,3,2,3,2,1.0986122886681098,1,2,2,2,2,14,2.70805020110221,1,2,4,0,4,2,1.0986122886681098,1,2,2,2,2,1,3,2.0
23,3.1780538303479458,0,2,3,2,3,5,1.791759469228055,0,2,0,5,5,17,2.8903717578961645,0,2,2,3,7,2,1.0986122886681098,1,2,2,2,2,1,0,582.0
15,2.772588722239781,0,0,0,1,5,5,1.791759469228055,0,2,0,5,5,15,2.772588722239781,0,0,0,1,5,5,1.791759469228055,0,2,0,5,5,5,6,2.0
7,2.0794415416798357,0,1,2,0,7,5,1.791759469228055,0,2,0,5,5,6,1.9459101490553132,1,0,1,6,6,4,1.6094379124341003,1,1,4,4,4,1,0,9.0
14,2.70805020110221,1,2,4,0,4,4,1.6094379124341003,1,1,4,4,4,13,2.6390573296152584,0,1,3,6,3,4,1.6094379124341003,1,1,4,4,4,1,1,2.0
25,3.258096538021482,0,1,0,4,5,4,1.6094379124341003,1,1,4,4,4,17,2.8903717578961645,0,2,2,3,7,4,1.6094379124341003,1,1,4,4,4,1,1,2.0
21,3.091042453358316,0,0,1,0,1,6,1.9459101490553132,1,0,1,6,6,13,2.6390573296152584,0,1,3,6,3,2,1.0986122886681098,1,2,2,2,2,1,1,354.0
12,2.5649493574615367,1,0,2,5,2,3,1.3862943611198906,0,0,3,3,3,5,1.791759469228055,0,2,0,5,5,3,1.3862943611198906,0,0,3,3,3,1,3,2.0
21,3.091042453358316,0,0,1,0,1,4,1.6094379124341003,1,1,4,4,4,21,3.091042453358316,0,0,1,0,1,4,1.6094379124341003,1,1,4,4,4,1,2,2.0
23,3.1780538303479458,0,2,3,2,3,6,1.9459101490553132,1,0,1,6,6,10,2.3978952727983707,1,1,0,3,0,4,1.6094379124341003,1,1,4,4,4,1,0,478.0
11,2.4849066497880004,0,2,1,4,1,2,1.0986122886681098,1,2,2,2,2,7,2.0794415416798357,0,1,2,0,7,2,1.0986122886681098,1,2,2,2,2,1,1,2.0
18,2.9444389791664403,1,0,3,4,8,6,1.9459101490553132,1,0,1,6,6,7,2.0794415416798357,0,1,2,0,7,6,1.9459101490553132,1,0,1,6,6,1,3,2.0
30,3.4339872044851463,1,0,0,2,0,5,1.791759469228055,0,2,0,5,5,20,3.044522437723423,1,2,0,6,0,2,1.0986122886681098,1,2,2,2,2,1,4,1347.0
19,2.995732273553991,0,1,4,5,9,3,1.3862943611198906,0,0,3,3,3,9,2.302585092994046,0,0,4,2,9,2,1.0986122886681098,1,2,2,2,2,1,1,44.0
19,2.995732273553991,0,1,4,5,9,4,1.6094379124341003,1,1,4,4,4,19,2.995732273553991,0,1,4,5,9,3,1.3862943611198906,0,0,3,3,3,1,1,2.0
30,3.4339872044851463,1,0,0,2,0,5,1.791759469228055,0,2,0,5,5,28,3.367295829986474,1,1,3,0,8,5,1.791759469228055,0,2,0,5,5,1,3,2.0
16,2.833213344056216,1,1,1,2,6,3,1.3862943611198906,0,0,3,3,3,16,2.833213344056216,1,1,1,2,6,3,1.3862943611198906,0,0,3,3,3,1,2,2.0
29,3.4011973816621555,0,2,4,1,9,5,1.791759469228055,0,2,0,5,5,9,2.302585092994046,0,0,4,2,9,2,1.0986122886681098,1,2,2,2,2,1,0,9962.0
18,2.9444389791664403,1,0,3,4,8,6,1.9459101490553132,1,0,1,6,6,13,2.6390573296152584,0,1,3,6,3,2,1.0986122886681098,1,2,2,2,2,1,3,1559.0
27,3.332204510175204,0,0,2,6,7,4,1.6094379124341003,1,1,4,4,4,21,3.091042453358316,0,0,1,0,1,3,1.3862943611198906,0,0,3,3,3,1,2,10.0
20,3.044522437723423,1,2,0,6,0,2,1.0986122886681098,1,2,2,2,2,13,2.6390573296152584,0,1,3,6,3,2,1.0986122886681098,1,2,2,2,2,1,3,2.0
18,2.9444389791664403,1,0,3,4,8,6,1.9459101490553132,1,0,1,6,6,8,2.1972245773362196,1,2,3,1,8,2,1.0986122886681098,1,2,2,2,2,2,4,1169.0
18,2.9444389791664403,1,0,3,4,8,3,1.3862943611198906,0,0,3,3,3,10,2.3978952727983707,1,1,0,3,0,2,1.0986122886681098,1,2,2,2,2,1,3,5.0
28,3.367295829986474,1,1,3,0,8,6,1.9459101490553132,1,0,1,6,6,18,2.9444389791664403,1,0,3,4,8,2,1.0986122886681098,1,2,2,2,2,2,4,547.0
24,3.2188758248682006,1,0,4,3,4,6,1.9459101490553132,1,0,1,6,6,22,3.1354942159291497,1,1,2,1,2,4,1.6094379124341003,1,1,4,4,4,2,2,143.0
7,2.0794415416798357,0,1,2,0,7,4,1.6094379124341003,1,1,4,4,4,7,2.0794415416798357,0,1,2,0,7,3,1.3862943611198906,0,0,3,3,3,1,1,2.0
7,2.0794415416798357,0,1,2,0,7,4,1.6094379124341003,1,1,4,4,4,7,2.0794415416798357,0,1,2,0,7,2,1.0986122886681098,1,2,2,2,2,1,2,2.0
19,2.995732273553991,0,1,4,5,9,3,1.3862943611198906,0,0,3,3,3,18,2.9444389791664403,1,0,3,4,8,3,1.3862943611198906,0,0,3,3,3,1,3,2.0
12,2.5649493574615367,1,0,2,5,2,5,1.791759469228055,0,2,0,5,5,6,1.9459101490553132,1,0,1,6,6,5,1.791759469228055,0,2,0,5,5,1,2,2.0
16,2.833213344056216,1,1,1,2,6,5,1.791759469228055,0,2,0,5,5,10,2.3978952727983707,1,1,0,3,0,5,1.791759469228055,0,2,0,5,5,1,3,2.0
15,2.772588722239781,0,0,0,1,5,5,1.791759469228055,0,2,0,5,5,6,1.9459101490553132,1,0,1,6,6,2,1.0986122886681098,1,2,2,2,2,1,2,709.0
17,2.8903717578961645,0,2,2,3,7,6,1.9459101490553132,1,0,1,6,6,12,2.5649493574615367,1,0,2,5,2,4,1.6094379124341003,1,1,4,4,4,1,2,163.0
18,2.9444389791664403,1,0,3,4,8,3,1.3862943611198906,0,0,3,3,3,13,2.6390573296152584,0,1,3,6,3,2,1.0986122886681098,1,2,2,2,2,1,2,37.0
30,3.4339872044851463,1,0,0,2,0,6,1.9459101490553132,1,0,1,6,6,29,3.4011973816621555,0,2,4,1,9,2,1.0986122886681098,1,2,2,2,2,1,3,9.0
29,3.4011973816621555,0,2,4,1,9,6,1.9459101490553132,1,0,1,6,6,16,2.833213344056216,1,1,1,2,6,3,1.3862943611198906,0,0,3,3,3,1,1,515.0
14,2.70805020110221,1,2,4,0,4,4,1.6094379124341003,1,1,4,4,4,6,1.9459101490553132,1,0,1,6,6,3,1.3862943611198906,0,0,3,3,3,1,1,38.0
8,2.1972245773362196,1,2,3,1,8,5,1.791759469228055,0,2,0,5,5,8,2.1972245773362196,1,2,3,1,8,5,1.791759469228055,0,2,0,5,5,1,2,2.0
19,2.995732273553991,0,1,4,5,9,5,1.791759469228055,0,2,0,5,5,12,2.5649493574615367,1,0,2,5,2,3,1.3862943611198906,0,0,3,3,3,1,1,293.0
9,2.302585092994046,0,0,4,2,9,6,1.9459101490553132,1,0,1,6,6,8,2.1972245773362196,1,2,3,1,8,4,1.6094379124341003,1,1,4,4,4,1,1,4.0
22,3.1354942159291497,1,1,2,1,2,2,1.0986122886681098,1,2,2,2,2,15,2.772588722239781,0,0,0,1,5,2,1.0986122886681098,1,2,2,2,2,1,3,2.0
12,2.5649493574615367,1,0,2,5,2,2,1.0986122886681098,1,2,2,2,2,3,1.3862943611198906,0,0,3,3,3,2,1.0986122886681098,1,2,2,2,2,1,4,2.0
14,2.70805020110221,1,2,4,0,4,6,1.9459101490553132,1,0,1,6,6,8,2.1972245773362196,1,2,3,1,8,3,1.3862943611198906,0,0,3,3,3,1,1,183.0
9,2.302585092994046,0,0,4,2,9,4,1.6094379124341003,1,1,4,4,4,5,1.791759469228055,0,2,0,5,5,2,1.0986122886681098,1,2,2,2,2,1,1,22.0
25,3.258096538021482,0,1,0,4,5,6,1.9459101490553132,1,0,1,6,6,18,2.9444389791664403,1,0,3,4,8,6,1.9459101490553132,1,0,1,6,6,1,3,2.0
7,2.0794415416798357,0,1,2,0,7,2,1.0986122886681098,1,2,2,2,2,7,2.0794415416798357,0,1,2,0,7,2,1.0986122886681098,1,2,2,2,2,1,2,2.0
18,2.9444389791664403,1,0,3,4,8,4,1.6094379124341003,1,1,4,4,4,11,2.4849066497880004,0,2,1,4,1,4,1.6094379124341003,1,1,4,4,4,1,1,2.0
10,2.3978952727983707,1,1,0,3,0,4,1.6094379124341003,1,1,4,4,4,7,2.0794415416798357,0,1,2,0,7,4,1.6094379124341003,1,1,4,4,4,1,1,2.0
20,3.044522437723423,1,2,0,6,0,3,1.3862943611198906,0,0,3,3,3,15,2.772588722239781,0,0,0,1,5,3,1.3862943611198906,0,0,3,3,3,1,3,2.0
18,2.9444389791664403,1,0,3,4,8,2,1.0986122886681098,1,2,2,2,2,4,1.6094379124341003,1,1,4,4,4,2,1.0986122886681098,1,2,2,2,2,2,5,2.0
7,2.0794415416798357,0,1,2,0,7,5,1.791759469228055,0,2,0,5,5,7,2.0794415416798357,0,1,2,0,7,5,1.791759469228055,0,2,0,5,5,1,2,2.0
21,3.091042453358316,0,0,1,0,1,5,1.791759469228055,0,2,0,5,5,8,2.1972245773362196,1,2,3,1,8,2,1.0986122886681098,1,2,2,2,2,1,1,957.0
11,2.4849066497880004,0,2,1,4,1,6,1.9459101490553132,1,0,1,6,6,11,2.4849066497880004,0,2,1,4,1,4,1.6094379124341003,1,1,4,4,4,1,1,2.0
19,2.995732273553991,0,1,4,5,9,4,1.6094379124341003,1,1,4,4,4,13,2.6390573296152584,0,1,3,6,3,3,1.3862943611198906,0,0,3,3,3,1,0,22.0
24,3.2188758248682006,1,0,4,3,4,5,1.791759469228055,0,2,0,5,5,18,2.9444389791664403,1,0,3,4,8,5,1.791759469228055,0,2,0,5,5,1,1,2.0
22,3.1354942159291497,1,1,2,1,2,5,1.791759469228055,0,2,0,5,5,6,1.9459101490553132,1,0,1,6,6,2,1.0986122886681098,1,2,2,2,2,1,2,1842.0
22,3.1354942159291497,1,1,2,1,2,6,1.9459101490553132,1,0,1,6,6,19,2.995732273553991,0,1,4,5,9,3,1.3862943611198906,0,0,3,3,3,1,1,15.0
21,3.091042453358316,0,0,1,0,1,3,1.3862943611198906,0,0,3,3,3,10,2.3978952727983707,1,1,0,3,0,2,1.0986122886681098,1,2,2,2,2,1,2,49.0
20,3.044522437723423,1,2,0,6,0,6,1.9459101490553132,1,0,1,6,6,12,2.5649493574615367,1,0,2,5,2,4,1.6094379124341003,1,1,4,4,4,2,3,167.0
17,2.8903717578961645,0,2,2,3,7,3,1.3862943611198906,0,0,3,3,3,16,2.833213344056216,1,1,1,2,6,3,1.3862943611198906,0,0,3,3,3,1,1,2.0
13,2.6390573296152584,0,1,3,6,3,4,1.6094379124341003,1,1,4,4,4,9,2.302585092994046,0,0,4,2,9,4,1.6094379124341003,1,1,4,4,4,1,1,2.0
22,3.1354942159291497,1,1,2,1,2,3,1.3862943611198906,0,0,3,3,3,15,2.772588722239781,0,0,0,1,5,3,1.3862943611198906,0,0,3,3,3,1,3,2.0
26,3.295836866004329,1,2,1,5,6,2,1.0986122886681098,1,2,2,2,2,20,3.044522437723423,1,2,0,6,0,2,1.0986122886681098,1,2,2,2,2,2,5,2.0
15,2.772588722239781,0,0,0,1,5,3,1.3862943611198906,0,0,3,3,3,8,2.1972245773362196,1,2,3,1,8,2,1.0986122886681098,1,2,2,2,2,1,2,11.0
19,2.995732273553991,0,1,4,5,9,3,1.3862943611198906,0,0,3,3,3,16,2.833213344056216,1,1,1,2,6,2,1.0986122886681098,1,2,2,2,2,1,1,37.0
26,3.295836866004329,1,2,1,5,6,3,1.3862943611198906,0,0,3,3,3,6,1.9459101490553132,1,0,1,6,6,2,1.0986122886681098,1,2,2,2,2,1,3,17.0
25,3.258096538021482,0,1,0,4,5,3,1.3862943611198906,0,0,3,3,3,3,1.3862943611198906,0,0,3,3,3,2,1.0986122886681098,1,2,2,2,2,1,1,68.0
11,2.4849066497880004,0,2,1,4,1,5,1.791759469228055,0,2,0,5,5,6,1.9459101490553132,1,0,1,6,6,3,1.3862943611198906,0,0,3,3,3,1,1,287.0
11,2.4849066497880004,0,2,1,4,1,6,1.9459101490553132,1,0,1,6,6,7,2.0794415416798357,0,1,2,0,7,3,1.3862943611198906,0,0,3,3,3,1,1,64.0
25,3.258096538021482,0,1,0,4,5,3,1.3862943611198906,0,0,3,3,3,4,1.6094379124341003,1,1,4,4,4,2,1.0986122886681098,1,2,2,2,2,1,1,67.0
18,2.9444389791664403,1,0,3,4,8,6,1.9459101490553132,1,0,1,6,6,6,1.9459101490553132,1,0,1,6,6,4,1.6094379124341003,1,1,4,4,4,2,3,1064.0
26,3.295836866004329,1,2,1,5,6,6,1.9459101490553132,1,0,1,6,6,19,2.995732273553991,0,1,4,5,9,4,1.6094379124341003,1,1,4,4,4,1,0,8.0
16,2.833213344056216,1,1,1,2,6,4,1.6094379124341003,1,1,4,4,4,6,1.9459101490553132,1,0,1,6,6,4,1.6094379124341003,1,1,4,4,4,2,3,2.0
20,3.044522437723423,1,2,0,6,0,2,1.0986122886681098,1,2,2,2,2,12,2.5649493574615367,1,0,2,5,2,2,1.0986122886681098,1,2,2,2,2,2,5,2.0
21,3.091042453358316,0,0,1,0,1,2,1.0986122886681098,1,2,2,2,2,12,2.5649493574615367,1,0,2,5,2,2,1.0986122886681098,1,2,2,2,2,1,3,2.0
15,2.772588722239781,0,0,0,1,5,3,1.3862943611198906,0,0,3,3,3,13,2.6390573296152584,0,1,3,6,3,3,1.3862943611198906,0,0,3,3,3,1,3,2.0
9,2.302585092994046,0,0,4,2,9,3,1.3862943611198906,0,0,3,3,3,8,2.1972245773362196,1,2,3,1,8,2,1.0986122886681098,1,2,2,2,2,1,2,5.0
24,3.2188758248682006,1,0,4,3,4,6,1.9459101490553132,1,0,1,6,6,6,1.9459101490553132,1,0,1,6,6,6,1.9459101490553132,1,0,1,6,6,6,6,2.0
27,3.332204510175204,0,0,2,6,7,6,1.9459101490553132,1,0,1,6,6,19,2.995732273553991,0,1,4,5,9,6,1.9459101490553132,1,0,1,6,6,1,1,2.0
18,2.9444389791664403,1,0,3,4,8,4,1.6094379124341003,1,1,4,4,4,18,2.9444389791664403,1,0,3,4,8,2,1.0986122886681098,1,2,2,2,2,2,4,2.0
17,2.8903717578961645,0,2,2,3,7,4,1.6094379124341003,1,1,4,4,4,13,2.6390573296152584,0,1,3,6,3,4,1.6094379124341003,1,1,4,4,4,1,1,2.0
30,3.4339872044851463,1,0,0,2,0,5,1.791759469228055,0,2,0,5,5,27,3.332204510175204,0,0,2,6,7,3,1.3862943611198906,0,0,3,3,3,1,3,127.0
17,2.8903717578961645,0,2,2,3,7,4,1.6094379124341003,1,1,4,4,4,7,2.0794415416798357,0,1,2,0,7,3,1.3862943611198906,0,0,3,3,3,1,0,12.0
29,3.4011973816621555,0,2,4,1,9,2,1.0986122886681098,1,2,2,2,2,2,1.0986122886681098,1,2,2,2,2,2,1.0986122886681098,1,2,2,2,2,1,3,2.0
14,2.70805020110221,1,2,4,0,4,2,1.0986122886681098,1,2,2,2,2,10,2.3978952727983707,1,1,0,3,0,2,1.0986122886681098,1,2,2,2,2,2,5,2.0
17,2.8903717578961645,0,2,2,3,7,5,1.791759469228055,0,2,0,5,5,7,2.0794415416798357,0,1,2,0,7,3,1.3862943611198906,0,0,3,3,3,1,0,281.0
14,2.70805020110221,1,2,4,0,4,5,1.791759469228055,0,2,0,5,5,5,1.791759469228055,0,2,0,5,5,3,1.3862943611198906,0,0,3,3,3,1,1,407.0
6,1.9459101490553132,1,0,1,6,6,3,1.3862943611198906,0,0,3,3,3,6,1.9459101490553132,1,0,1,6,6,2,1.0986122886681098,1,2,2,2,2,1,5,2.0
7,2.0794415416798357,0,1,2,0,7,3,1.3862943611198906,0,0,3,3,3,6,1.9459101490553132,1,0,1,6,6,3,1.3862943611198906,0,0,3,3,3,1,3,2.0
16,2.833213344056216,1,1,1,2,6,6,1.9459101490553132,1,0,1,6,6,12,2.5649493574615367,1,0,2,5,2,2,1.0986122886681098,1,2,2,2,2,2,4,29.0
19,2.995732273553991,0,1,4,5,9,6,1.9459101490553132,1,0,1,6,6,14,2.70805020110221,1,2,4,0,4,5,1.791759469228055,0,2,0,5,5,1,0,16.0
14,2.70805020110221,1,2,4,0,4,3,1.3862943611198906,0,0,3,3,3,9,2.302585092994046,0,0,4,2,9,3,1.3862943611198906,0,0,3,3,3,1,3,2.0
24,3.2188758248682006,1,0,4,3,4,2,1.0986122886681098,1,2,2,2,2,7,2.0794415416798357,0,1,2,0,7,2,1.0986122886681098,1,2,2,2,2,1,3,2.0
25,3.258096538021482,0,1,0,4,5,6,1.9459101490553132,1,0,1,6,6,7,2.0794415416798357,0,1,2,0,7,3,1.3862943611198906,0,0,3,3,3,1,1,4901.0
18,2.9444389791664403,1,0,3,4,8,4,1.6094379124341003,1,1,4,4,4,13,2.6390573296152584,0,1,3,6,3,3,1.3862943611198906,0,0,3,3,3,1,1,4.0
25,3.258096538021482,0,1,0,4,5,5,1.791759469228055,0,2,0,5,5,8,2.1972245773362196,1,2,3,1,8,4,1.6094379124341003,1,1,4,4,4,1,2,93.0
20,3.044522437723423,1,2,0,6,0,3,1.3862943611198906,0,0,3,3,3,4,1.6094379124341003,1,1,4,4,4,3,1.3862943611198906,0,0,3,3,3,1,2,2.0
23,3.1780538303479458,0,2,3,2,3,6,1.9459101490553132,1,0,1,6,6,16,2.833213344056216,1,1,1,2,6,2,1.0986122886681098,1,2,2,2,2,1,2,3879.0
12,2.5649493574615367,1,0,2,5,2,3,1.3862943611198906,0,0,3,3,3,9,2.302585092994046,0,0,4,2,9,3,1.3862943611198906,0,0,3,3,3,3,5,2.0
13,2.6390573296152584,0,1,3,6,3,4,1.6094379124341003,1,1,4,4,4,11,2.4849066497880004,0,2,1,4,1,2,1.0986122886681098,1,2,2,2,2,1,1,19.0
19,2.995732273553991,0,1,4,5,9,3,1.3862943611198906,0,0,3,3,3,4,1.6094379124341003,1,1,4,4,4,3,1.3862943611198906,0,0,3,3,3,1,1,2.0
17,2.8903717578961645,0,2,2,3,7,3,1.3862943611198906,0,0,3,3,3,11,2.4849066497880004,0,2,1,4,1,2,1.0986122886681098,1,2,2,2,2,1,0,4.0
7,2.0794415416798357,0,1,2,0,7,4,1.6094379124341003,1,1,4,4,4,5,1.791759469228055,0,2,0,5,5,2,1.0986122886681098,1,2,2,2,2,1,1,8.0
22,3.1354942159291497,1,1,2,1,2,6,1.9459101490553132,1,0,1,6,6,16,2.833213344056216,1,1,1,2,6,6,1.9459101490553132,1,0,1,6,6,2,1,2.0
17,2.8903717578961645,0,2,2,3,7,3,1.3862943611198906,0,0,3,3,3,15,2.772588722239781,0,0,0,1,5,3,1.3862943611198906,0,0,3,3,3,1,3,2.0
27,3.332204510175204,0,0,2,6,7,5,1.791759469228055,0,2,0,5,5,19,2.995732273553991,0,1,4,5,9,2,1.0986122886681098,1,2,2,2,2,1,0,133.0
20,3.044522437723423,1,2,0,6,0,3,1.3862943611198906,0,0,3,3,3,4,1.6094379124341003,1,1,4,4,4,2,1.0986122886681098,1,2,2,2,2,1,3,26.0
7,2.0794415416798357,0,1,2,0,7,5,1.791759469228055,0,2,0,5,5,6,1.9459101490553132,1,0,1,6,6,2,1.0986122886681098,1,2,2,2,2,1,1,9.0
17,2.8903717578961645,0,2,2,3,7,4,1.6094379124341003,1,1,4,4,4,9,2.302585092994046,0,0,4,2,9,3,1.3862943611198906,0,0,3,3,3,1,1,22.0
30,3.4339872044851463,1,0,0,2,0,3,1.3862943611198906,0,0,3,3,3,20,3.044522437723423,1,2,0,6,0,3,1.3862943611198906,0,0,3,3,3,1,3,2.0
29,3.4011973816621555,0,2,4,1,9,5,1.791759469228055,0,2,0,5,5,6,1.9459101490553132,1,0,1,6,6,3,1.3862943611198906,0,0,3,3,3,1,1,5417.0
22,3.1354942159291497,1,1,2,1,2,4,1.6094379124341003,1,1,4,4,4,16,2.833213344056216,1,1,1,2,6,2,1.0986122886681098,1,2,2,2,2,2,4,440.0
30,3.4339872044851463,1,0,0,2,0,4,1.6094379124341003,1,1,4,4,4,23,3.1780538303479458,0,2,3,2,3,4,1.6094379124341003,1,1,4,4,4,1,1,2.0
18,2.9444389791664403,1,0,3,4,8,2,1.0986122886681098,1,2,2,2,2,7,2.0794415416798357,0,1,2,0,7,2,1.0986122886681098,1,2,2,2,2,1,3,2.0
30,3.4339872044851463,1,0,0,2,0,6,1.9459101490553132,1,0,1,6,6,26,3.295836866004329,1,2,1,5,6,4,1.6094379124341003,1,1,4,4,4,2,1,272.0
26,3.295836866004329,1,2,1,5,6,5,1.791759469228055,0,2,0,5,5,22,3.1354942159291497,1,1,2,1,2,4,1.6094379124341003,1,1,4,4,4,1,0,28.0
12,2.5649493574615367,1,0,2,5,2,3,1.3862943611198906,0,0,3,3,3,5,1.791759469228055,0,2,0,5,5,2,1.0986122886681098,1,2,2,2,2,1,2,9.0
13,2.6390573296152584,0,1,3,6,3,6,1.9459101490553132,1,0,1,6,6,13,2.6390573296152584,0,1,3,6,3,2,1.0986122886681098,1,2,2,2,2,1,2,2.0
21,3.091042453358316,0,0,1,0,1,4,1.6094379124341003,1,1,4,4,4,12,2.5649493574615367,1,0,2,5,2,2,1.0986122886681098,1,2,2,2,2,1,3,54.0
19,2.995732273553991,0,1,4,5,9,6,1.9459101490553132,1,0,1,6,6,11,2.4849066497880004,0,2,1,4,1,6,1.9459101490553132,1,0,1,6,6,1,1,2.0
19,2.995732273553991,0,1,4,5,9,3,1.3862943611198906,0,0,3,3,3,16,2.833213344056216,1,1,1,2,6,3,1.3862943611198906,0,0,3,3,3,1,1,2.0
20,3.044522437723423,1,2,0,6,0,4,1.6094379124341003,1,1,4,4,4,6,1.9459101490553132,1,0,1,6,6,2,1.0986122886681098,1,2,2,2,2,2,4,335.0
26,3.295836866004329,1,2,1,5,6,3,1.3862943611198906,0,0,3,3,3,12,2.5649493574615367,1,0,2,5,2,3,1.3862943611198906,0,0,3,3,3,1,3,2.0
11,2.4849066497880004,0,2,1,4,1,5,1.791759469228055,0,2,0,5,5,9,2.302585092994046,0,0,4,2,9,4,1.6094379124341003,1,1,4,4,4,1,0,4.0
28,3.367295829986474,1,1,3,0,8,2,1.0986122886681098,1,2,2,2,2,6,1.9459101490553132,1,0,1,6,6,2,1.0986122886681098,1,2,2,2,2,2,5,2.0
29,3.4011973816621555,0,2,4,1,9,2,1.0986122886681098,1,2,2,2,2,26,3.295836866004329,1,2,1,5,6,2,1.0986122886681098,1,2,2,2,2,1,3,2.0
26,3.295836866004329,1,2,1,5,6,6,1.9459101490553132,1,0,1,6,6,23,3.1780538303479458,0,2,3,2,3,5,1.791759469228055,0,2,0,5,5,1,0,3.0
13,2.6390573296152584,0,1,3,6,3,6,1.9459101490553132,1,0,1,6,6,6,1.9459101490553132,1,0,1,6,6,6,1.9459101490553132,1,0,1,6,6,1,3,2.0
24,3.2188758248682006,1,0,4,3,4,5,1.791759469228055,0,2,0,5,5,24,3.2188758248682006,1,0,4,3,4,3,1.3862943611198906,0,0,3,3,3,1,3,2.0
18,2.9444389791664403,1,0,3,4,8,5,1.791759469228055,0,2,0,5,5,9,2.302585092994046,0,0,4,2,9,2,1.0986122886681098,1,2,2,2,2,1,2,59.0
22,3.1354942159291497,1,1,2,1,2,4,1.6094379124341003,1,1,4,4,4,15,2.772588722239781,0,0,0,1,5,4,1.6094379124341003,1,1,4,4,4,1,1,2.0
7,2.0794415416798357,0,1,2,0,7,4,1.6094379124341003,1,1,4,4,4,4,1.6094379124341003,1,1,4,4,4,3,1.3862943611198906,0,0,3,3,3,1,1,14.0
27,3.332204510175204,0,0,2,6,7,4,1.6094379124341003,1,1,4,4,4,11,2.4849066497880004,0,2,1,4,1,2,1.0986122886681098,1,2,2,2,2,1,1,30.0
15,2.772588722239781,0,0,0,1,5,5,1.791759469228055,0,2,0,5,5,5,1.791759469228055,0,2,0,5,5,3,1.3862943611198906,0,0,3,3,3,1,4,502.0
10,2.3978952727983707,1,1,0,3,0,4,1.6094379124341003,1,1,4,4,4,5,1.791759469228055,0,2,0,5,5,4,1.6094379124341003,1,1,4,4,4,1,2,2.0
18,2.9444389791664403,1,0,3,4,8,5,1.791759469228055,0,2,0,5,5,12,2.5649493574615367,1,0,2,5,2,4,1.6094379124341003,1,1,4,4,4,1,1,23.0
23,3.1780538303479458,0,2,3,2,3,6,1.9459101490553132,1,0,1,6,6,10,2.3978952727983707,1,1,0,3,0,2,1.0986122886681098,1,2,2,2,2,1,2,28857.0
30,3.4339872044851463,1,0,0,2,0,4,1.6094379124341003,1,1,4,4,4,8,2.1972245773362196,1,2,3,1,8,4,1.6094379124341003,1,1,4,4,4,2,3,2.0
16,2.833213344056216,1,1,1,2,6,5,1.791759469228055,0,2,0,5,5,14,2.70805020110221,1,2,4,0,4,2,1.0986122886681098,1,2,2,2,2,1,2,35.0
29,3.4011973816621555,0,2,4,1,9,4,1.6094379124341003,1,1,4,4,4,10,2.3978952727983707,1,1,0,3,0,3,1.3862943611198906,0,0,3,3,3,1,0,90.0
18,2.9444389791664403,1,0,3,4,8,5,1.791759469228055,0,2,0,5,5,5,1.791759469228055,0,2,0,5,5,3,1.3862943611198906,0,0,3,3,3,1,2,847.0
19,2.995732273553991,0,1,4,5,9,4,1.6094379124341003,1,1,4,4,4,12,2.5649493574615367,1,0,2,5,2,4,1.6094379124341003,1,1,4,4,4,1,3,2.0
27,3.332204510175204,0,0,2,6,7,2,1.0986122886681098,1,2,2,2,2,27,3.332204510175204,0,0,2,6,7,2,1.0986122886681098,1,2,2,2,2,1,2,2.0
20,3.044522437723423,1,2,0,6,0,6,1.9459101490553132,1,0,1,6,6,19,2.995732273553991,0,1,4,5,9,4,1.6094379124341003,1,1,4,4,4,1,1,17.0
9,2.302585092994046,0,0,4,2,9,6,1.9459101490553132,1,0,1,6,6,9,2.302585092994046,0,0,4,2,9,6,1.9459101490553132,1,0,1,6,6,3,2,2.0
30,3.4339872044851463,1,0,0,2,0,5,1.791759469228055,0,2,0,5,5,22,3.1354942159291497,1,1,2,1,2,3,1.3862943611198906,0,0,3,3,3,1,2,334.0
16,2.833213344056216,1,1,1,2,6,4,1.6094379124341003,1,1,4,4,4,16,2.833213344056216,1,1,1,2,6,3,1.3862943611198906,0,0,3,3,3,1,3,2.0
27,3.332204510175204,0,0,2,6,7,5,1.791759469228055,0,2,0,5,5,27,3.332204510175204,0,0,2,6,7,3,1.3862943611198906,0,0,3,3,3,1,3,2.0
23,3.1780538303479458,0,2,3,2,3,4,1.6094379124341003,1,1,4,4,4,23,3.1780538303479458,0,2,3,2,3,2,1.0986122886681098,1,2,2,2,2,1,2,2.0
27,3.332204510175204,0,0,2,6,7,3,1.3862943611198906,0,0,3,3,3,21,3.091042453358316,0,0,1,0,1,2,1.0986122886681098,1,2,2,2,2,1,2,56.0
11,2.4849066497880004,0,2,1,4,1,2,1.0986122886681098,1,2,2,2,2,11,2.4849066497880004,0,2,1,4,1,2,1.0986122886681098,1,2,2,2,2,1,2,2.0
11,2.4849066497880004,0,2,1,4,1,3,1.3862943611198906,0,0,3,3,3,10,2.3978952727983707,1,1,0,3,0,3,1.3862943611198906,0,0,3,3,3,1,1,2.0
17,2.8903717578961645,0,2,2,3,7,3,1.3862943611198906,0,0,3,3,3,3,1.3862943611198906,0,0,3,3,3,3,1.3862943611198906,0,0,3,3,3,1,3,2.0
13,2.6390573296152584,0,1,3,6,3,6,1.9459101490553132,1,0,1,6,6,12,2.5649493574615367,1,0,2,5,2,2,1.0986122886681098,1,2,2,2,2,1,3,20.0
7,2.0794415416798357,0,1,2,0,7,4,1.6094379124341003,1,1,4,4,4,6,1.9459101490553132,1,0,1,6,6,4,1.6094379124341003,1,1,4,4,4,1,1,2.0
8,2.1972245773362196,1,2,3,1,8,2,1.0986122886681098,1,2,2,2,2,6,1.9459101490553132,1,0,1,6,6,2,1.0986122886681098,1,2,2,2,2,2,5,2.0
15,2.772588722239781,0,0,0,1,5,6,1.9459101490553132,1,0,1,6,6,14,2.70805020110221,1,2,4,0,4,4,1.6094379124341003,1,1,4,4,4,1,0,8.0
30,3.4339872044851463,1,0,0,2,0,4,1.6094379124341003,1,1,4,4,4,14,2.70805020110221,1,2,4,0,4,4,1.6094379124341003,1,1,4,4,4,2,1,2.0
22,3.1354942159291497,1,1,2,1,2,6,1.9459101490553132,1,0,1,6,6,19,2.995732273553991,0,1,4,5,9,6,1.9459101490553132,1,0,1,6,6,1,1,2.0
27,3.332204510175204,0,0,2,6,7,2,1.0986122886681098,1,2,2,2,2,4,1.6094379124341003,1,1,4,4,4,2,1.0986122886681098,1,2,2,2,2,1,3,2.0
30,3.4339872044851463,1,0,0,2,0,6,1.9459101490553132,1,0,1,6,6,23,3.1780538303479458,0,2,3,2,3,4,1.6094379124341003,1,1,4,4,4,1,1,352.0
17,2.8903717578961645,0,2,2,3,7,3,1.3862943611198906,0,0,3,3,3,14,2.70805020110221,1,2,4,0,4,2,1.0986122886681098,1,2,2,2,2,1,1,11.0
24,3.2188758248682006,1,0,4,3,4,2,1.0986122886681098,1,2,2,2,2,15,2.772588722239781,0,0,0,1,5,2,1.0986122886681098,1,2,2,2,2,1,3,2.0
27,3.332204510175204,0,0,2,6,7,6,1.9459101490553132,1,0,1,6,6,11,2.4849066497880004,0,2,1,4,1,5,1.791759469228055,0,2,0,5,5,1,0,18.0
10,2.3978952727983707,1,1,0,3,0,6,1.9459101490553132,1,0,1,6,6,9,2.302585092994046,0,0,4,2,9,5,1.791759469228055,0,2,0,5,5,1,1,7.0
24,3.2188758248682006,1,0,4,3,4,3,1.3862943611198906,0,0,3,3,3,19,2.995732273553991,0,1,4,5,9,2,1.0986122886681098,1,2,2,2,2,1,2,49.0
28,3.367295829986474,1,1,3,0,8,4,1.6094379124341003,1,1,4,4,4,7,2.0794415416798357,0,1,2,0,7,2,1.0986122886681098,1,2,2,2,2,1,4,149.0
12,2.5649493574615367,1,0,2,5,2,2,1.0986122886681098,1,2,2,2,2,12,2.5649493574615367,1,0,2,5,2,2,1.0986122886681098,1,2,2,2,2,2,6,2.0
19,2.995732273553991,0,1,4,5,9,4,1.6094379124341003,1,1,4,4,4,15,2.772588722239781,0,0,0,1,5,4,1.6094379124341003,1,1,4,4,4,1,1,2.0
30,3.4339872044851463,1,0,0,2,0,4,1.6094379124341003,1,1,4,4,4,4,1.6094379124341003,1,1,4,4,4,4,1.6094379124341003,1,1,4,4,4,2,3,2.0
20,3.044522437723423,1,2,0,6,0,3,1.3862943611198906,0,0,3,3,3,7,2.0794415416798357,0,1,2,0,7,2,1.0986122886681098,1,2,2,2,2,1,1,49.0
30,3.4339872044851463,1,0,0,2,0,6,1.9459101490553132,1,0,1,6,6,30,3.4339872044851463,1,0,0,2,0,6,1.9459101490553132,1,0,1,6,6,6,6,2.0
13,2.6390573296152584,0,1,3,6,3,3,1.3862943611198906,0,0,3,3,3,8,2.1972245773362196,1,2,3,1,8,3,1.3862943611198906,0,0,3,3,3,1,1,2.0
14,2.70805020110221,1,2,4,0,4,4,1.6094379124341003,1,1,4,4,4,9,2.302585092994046,0,0,4,2,9,3,1.3862943611198906,0,0,3,3,3,1,1,16.0
15,2.772588722239781,0,0,0,1,5,5,1.791759469228055,0,2,0,5,5,11,2.4849066497880004,0,2,1,4,1,4,1.6094379124341003,1,1,4,4,4,1,1,34.0
28,3.367295829986474,1,1,3,0,8,4,1.6094379124341003,1,1,4,4,4,12,2.5649493574615367,1,0,2,5,2,2,1.0986122886681098,1,2,2,2,2,2,5,226.0
18,2.9444389791664403,1,0,3,4,8,6,1.9459101490553132,1,0,1,6,6,9,2.302585092994046,0,0,4,2,9,6,1.9459101490553132,1,0,1,6,6,3,4,2.0
27,3.332204510175204,0,0,2,6,7,2,1.0986122886681098,1,2,2,2,2,7,2.0794415416798357,0,1,2,0,7,2,1.0986122886681098,1,2,2,2,2,1,1,2.0
30,3.4339872044851463,1,0,0,2,0,4,1.6094379124341003,1,1,4,4,4,7,2.0794415416798357,0,1,2,0,7,2,1.0986122886681098,1,2,2,2,2,1,2,884.0
12,2.5649493574615367,1,0,2,5,2,6,1.9459101490553132,1,0,1,6,6,9,2.302585092994046,0,0,4,2,9,4,1.6094379124341003,1,1,4,4,4,1,2,11.0
28,3.367295829986474,1,1,3,0,8,2,1.0986122886681098,1,2,2,2,2,7,2.0794415416798357,0,1,2,0,7,2,1.0986122886681098,1,2,2,2,2,1,4,2.0
25,3.258096538021482,0,1,0,4,5,5,1.791759469228055,0,2,0,5,5,14,2.70805020110221,1,2,4,0,4,3,1.3862943611198906,0,0,3,3,3,1,1,35.0
10,2.3978952727983707,1,1,0,3,0,2,1.0986122886681098,1,2,2,2,2,10,2.3978952727983707,1,1,0,3,0,2,1.0986122886681098,1,2,2,2,2,2,6,2.0
11,2.4849066497880004,0,2,1,4,1,4,1.6094379124341003,1,1,4,4,4,10,2.3978952727983707,1,1,0,3,0,3,1.3862943611198906,0,0,3,3,3,1,0,18.0
9,2.302585092994046,0,0,4,2,9,5,1.791759469228055,0,2,0,5,5,8,2.1972245773362196,1,2,3,1,8,2,1.0986122886681098,1,2,2,2,2,1,1,13.0
12,2.5649493574615367,1,0,2,5,2,5,1.791759469228055,0,2,0,5,5,10,2.3978952727983707,1,1,0,3,0,5,1.791759469228055,0,2,0,5,5,1,3,2.0
30,3.4339872044851463,1,0,0,2,0,4,1.6094379124341003,1,1,4,4,4,20,3.044522437723423,1,2,0,6,0,4,1.6094379124341003,1,1,4,4,4,2,3,2.0
13,2.6390573296152584,0,1,3,6,3,4,1.6094379124341003,1,1,4,4,4,12,2.5649493574615367,1,0,2,5,2,3,1.3862943611198906,0,0,3,3,3,1,2,22.0
23,3.1780538303479458,0,2,3,2,3,4,1.6094379124341003,1,1,4,4,4,5,1.791759469228055,0,2,0,5,5,2,1.0986122886681098,1,2,2,2,2,1,1,344.0
26,3.295836866004329,1,2,1,5,6,4,1.6094379124341003,1,1,4,4,4,14,2.70805020110221,1,2,4,0,4,4,1.6094379124341003,1,1,4,4,4,2,1,2.0
11,2.4849066497880004,0,2,1,4,1,3,1.3862943611198906,0,0,3,3,3,4,1.6094379124341003,1,1,4,4,4,2,1.0986122886681098,1,2,2,2,2,1,1,25.0
20,3.044522437723423,1,2,0,6,0,5,1.791759469228055,0,2,0,5,5,7,2.0794415416798357,0,1,2,0,7,4,1.6094379124341003,1,1,4,4,4,1,2,71.0
25,3.258096538021482,0,1,0,4,5,2,1.0986122886681098,1,2,2,2,2,2,1.0986122886681098,1,2,2,2,2,2,1.0986122886681098,1,2,2,2,2,1,3,2.0
13,2.6390573296152584,0,1,3,6,3,4,1.6094379124341003,1,1,4,4,4,8,2.1972245773362196,1,2,3,1,8,2,1.0986122886681098,1,2,2,2,2,1,3,10.0
21,3.091042453358316,0,0,1,0,1,3,1.3862943611198906,0,0,3,3,3,18,2.9444389791664403,1,0,3,4,8,2,1.0986122886681098,1,2,2,2,2,1,3,41.0
17,2.8903717578961645,0,2,2,3,7,2,1.0986122886681098,1,2,2,2,2,16,2.833213344056216,1,1,1,2,6,2,1.0986122886681098,1,2,2,2,2,1,3,2.0
12,2.5649493574615367,1,0,2,5,2,4,1.6094379124341003,1,1,4,4,4,9,2.302585092994046,0,0,4,2,9,3,1.3862943611198906,0,0,3,3,3,1,3,4.0
5,1.791759469228055,0,2,0,5,5,2,1.0986122886681098,1,2,2,2,2,5,1.791759469228055,0,2,0,5,5,2,1.0986122886681098,1,2,2,2,2,1,2,2.0
30,3.4339872044851463,1,0,0,2,0,5,1.791759469228055,0,2,0,5,5,16,2.833213344056216,1,1,1,2,6,4,1.6094379124341003,1,1,4,4,4,1,2,47.0
19,2.995732273553991,0,1,4,5,9,5,1.791759469228055,0,2,0,5,5,14,2.70805020110221,1,2,4,0,4,5,1.791759469228055,0,2,0,5,5,1,1,2.0
23,3.1780538303479458,0,2,3,2,3,4,1.6094379124341003,1,1,4,4,4,8,2.1972245773362196,1,2,3,1,8,4,1.6094379124341003,1,1,4,4,4,1,3,2.0
29,3.4011973816621555,0,2,4,1,9,4,1.6094379124341003,1,1,4,4,4,21,3.091042453358316,0,0,1,0,1,2,1.0986122886681098,1,2,2,2,2,1,1,814.0
18,2.9444389791664403,1,0,3,4,8,2,1.0986122886681098,1,2,2,2,2,17,2.8903717578961645,0,2,2,3,7,2,1.0986122886681098,1,2,2,2,2,1,3,2.0
23,3.1780538303479458,0,2,3,2,3,5,1.791759469228055,0,2,0,5,5,14,2.70805020110221,1,2,4,0,4,3,1.3862943611198906,0,0,3,3,3,1,0,287.0
15,2.772588722239781,0,0,0,1,5,4,1.6094379124341003,1,1,4,4,4,11,2.4849066497880004,0,2,1,4,1,3,1.3862943611198906,0,0,3,3,3,1,1,4.0
25,3.258096538021482,0,1,0,4,5,4,1.6094379124341003,1,1,4,4,4,20,3.044522437723423,1,2,0,6,0,3,1.3862943611198906,0,0,3,3,3,1,1,54.0
9,2.302585092994046,0,0,4,2,9,4,1.6094379124341003,1,1,4,4,4,8,2.1972245773362196,1,2,3,1,8,2,1.0986122886681098,1,2,2,2,2,1,3,14.0
18,2.9444389791664403,1,0,3,4,8,5,1.791759469228055,0,2,0,5,5,12,2.5649493574615367,1,0,2,5,2,2,1.0986122886681098,1,2,2,2,2,1,2,139.0
15,2.772588722239781,0,0,0,1,5,5,1.791759469228055,0,2,0,5,5,10,2.3978952727983707,1,1,0,3,0,5,1.791759469228055,0,2,0,5,5,5,5,2.0
29,3.4011973816621555,0,2,4,1,9,4,1.6094379124341003,1,1,4,4,4,6,1.9459101490553132,1,0,1,6,6,3,1.3862943611198906,0,0,3,3,3,1,1,98.0
26,3.295836866004329,1,2,1,5,6,4,1.6094379124341003,1,1,4,4,4,5,1.791759469228055,0,2,0,5,5,4,1.6094379124341003,1,1,4,4,4,1,1,2.0
9,2.302585092994046,0,0,4,2,9,4,1.6094379124341003,1,1,4,4,4,8,2.1972245773362196,1,2,3,1,8,4,1.6094379124341003,1,1,4,4,4,1,3,2.0
15,2.772588722239781,0,0,0,1,5,2,1.0986122886681098,1,2,2,2,2,8,2.1972245773362196,1,2,3,1,8,2,1.0986122886681098,1,2,2,2,2,1,3,2.0
14,2.70805020110221,1,2,4,0,4,4,1.6094379124341003,1,1,4,4,4,8,2.1972245773362196,1,2,3,1,8,3,1.3862943611198906,0,0,3,3,3,1,1,34.0
16,2.833213344056216,1,1,1,2,6,5,1.791759469228055,0,2,0,5,5,6,1.9459101490553132,1,0,1,6,6,3,1.3862943611198906,0,0,3,3,3,1,1,177.0
30,3.4339872044851463,1,0,0,2,0,3,1.3862943611198906,0,0,3,3,3,15,2.772588722239781,0,0,0,1,5,3,1.3862943611198906,0,0,3,3,3,3,6,2.0
15,2.772588722239781,0,0,0,1,5,4,1.6094379124341003,1,1,4,4,4,12,2.5649493574615367,1,0,2,5,2,2,1.0986122886681098,1,2,2,2,2,1,3,56.0
21,3.091042453358316,0,0,1,0,1,6,1.9459101490553132,1,0,1,6,6,14,2.70805020110221,1,2,4,0,4,3,1.3862943611198906,0,0,3,3,3,1,2,197.0
18,2.9444389791664403,1,0,3,4,8,5,1.791759469228055,0,2,0,5,5,13,2.6390573296152584,0,1,3,6,3,4,1.6094379124341003,1,1,4,4,4,1,0,43.0
28,3.367295829986474,1,1,3,0,8,3,1.3862943611198906,0,0,3,3,3,26,3.295836866004329,1,2,1,5,6,3,1.3862943611198906,0,0,3,3,3,1,1,2.0
20,3.044522437723423,1,2,0,6,0,4,1.6094379124341003,1,1,4,4,4,20,3.044522437723423,1,2,0,6,0,4,1.6094379124341003,1,1,4,4,4,4,6,2.0
27,3.332204510175204,0,0,2,6,7,3,1.3862943611198906,0,0,3,3,3,6,1.9459101490553132,1,0,1,6,6,2,1.0986122886681098,1,2,2,2,2,1,3,71.0
21,3.091042453358316,0,0,1,0,1,4,1.6094379124341003,1,1,4,4,4,14,2.70805020110221,1,2,4,0,4,3,1.3862943611198906,0,0,3,3,3,1,1,50.0
13,2.6390573296152584,0,1,3,6,3,4,1.6094379124341003,1,1,4,4,4,5,1.791759469228055,0,2,0,5,5,3,1.3862943611198906,0,0,3,3,3,1,0,18.0
30,3.4339872044851463,1,0,0,2,0,5,1.791759469228055,0,2,0,5,5,21,3.091042453358316,0,0,1,0,1,2,1.0986122886681098,1,2,2,2,2,1,2,2541.0
24,3.2188758248682006,1,0,4,3,4,6,1.9459101490553132,1,0,1,6,6,23,3.1780538303479458,0,2,3,2,3,5,1.791759469228055,0,2,0,5,5,1,1,7.0
17,2.8903717578961645,0,2,2,3,7,6,1.9459101490553132,1,0,1,6,6,14,2.70805020110221,1,2,4,0,4,3,1.3862943611198906,0,0,3,3,3,1,1,169.0
24,3.2188758248682006,1,0,4,3,4,3,1.3862943611198906,0,0,3,3,3,9,2.302585092994046,0,0,4,2,9,2,1.0986122886681098,1,2,2,2,2,1,3,59.0
21,3.091042453358316,0,0,1,0,1,5,1.791759469228055,0,2,0,5,5,12,2.5649493574615367,1,0,2,5,2,3,1.3862943611198906,0,0,3,3,3,1,2,141.0
8,2.1972245773362196,1,2,3,1,8,2,1.0986122886681098,1,2,2,2,2,2,1.0986122886681098,1,2,2,2,2,2,1.0986122886681098,1,2,2,2,2,2,6,2.0
10,2.3978952727983707,1,1,0,3,0,5,1.791759469228055,0,2,0,5,5,6,1.9459101490553132,1,0,1,6,6,4,1.6094379124341003,1,1,4,4,4,1,1,12.0
24,3.2188758248682006,1,0,4,3,4,5,1.791759469228055,0,2,0,5,5,16,2.833213344056216,1,1,1,2,6,3,1.3862943611198906,0,0,3,3,3,1,1,116.0
21,3.091042453358316,0,0,1,0,1,5,1.791759469228055,0,2,0,5,5,15,2.772588722239781,0,0,0,1,5,3,1.3862943611198906,0,0,3,3,3,1,3,7.0
23,3.1780538303479458,0,2,3,2,3,2,1.0986122886681098,1,2,2,2,2,3,1.3862943611198906,0,0,3,3,3,2,1.0986122886681098,1,2,2,2,2,1,1,2.0
25,3.258096538021482,0,1,0,4,5,2,1.0986122886681098,1,2,2,2,2,19,2.995732273553991,0,1,4,5,9,2,1.0986122886681098,1,2,2,2,2,1,1,2.0
25,3.258096538021482,0,1,0,4,5,4,1.6094379124341003,1,1,4,4,4,18,2.9444389791664403,1,0,3,4,8,2,1.0986122886681098,1,2,2,2,2,1,2,59.0
30,3.4339872044851463,1,0,0,2,0,5,1.791759469228055,0,2,0,5,5,19,2.995732273553991,0,1,4,5,9,5,1.791759469228055,0,2,0,5,5,1,3,2.0
22,3.1354942159291497,1,1,2,1,2,5,1.791759469228055,0,2,0,5,5,20,3.044522437723423,1,2,0,6,0,3,1.3862943611198906,0,0,3,3,3,1,1,367.0
20,3.044522437723423,1,2,0,6,0,5,1.791759469228055,0,2,0,5,5,12,2.5649493574615367,1,0,2,5,2,4,1.6094379124341003,1,1,4,4,4,1,3,7.0
18,2.9444389791664403,1,0,3,4,8,2,1.0986122886681098,1,2,2,2,2,11,2.4849066497880004,0,2,1,4,1,2,1.0986122886681098,1,2,2,2,2,1,3,2.0
29,3.4011973816621555,0,2,4,1,9,5,1.791759469228055,0,2,0,5,5,19,2.995732273553991,0,1,4,5,9,5,1.791759469228055,0,2,0,5,5,1,1,2.0
23,3.1780538303479458,0,2,3,2,3,5,1.791759469228055,0,2,0,5,5,14,2.70805020110221,1,2,4,0,4,4,1.6094379124341003,1,1,4,4,4,1,0,13.0
30,3.4339872044851463,1,0,0,2,0,5,1.791759469228055,0,2,0,5,5,9,2.302585092994046,0,0,4,2,9,5,1.791759469228055,0,2,0,5,5,1,3,2.0
28,3.367295829986474,1,1,3,0,8,5,1.791759469228055,0,2,0,5,5,20,3.044522437723423,1,2,0,6,0,5,1.791759469228055,0,2,0,5,5,1,3,2.0
11,2.4849066497880004,0,2,1,4,1,4,1.6094379124341003,1,1,4,4,4,8,2.1972245773362196,1,2,3,1,8,3,1.3862943611198906,0,0,3,3,3,1,1,22.0
30,3.4339872044851463,1,0,0,2,0,5,1.791759469228055,0,2,0,5,5,12,2.5649493574615367,1,0,2,5,2,2,1.0986122886681098,1,2,2,2,2,1,3,495.0
26,3.295836866004329,1,2,1,5,6,2,1.0986122886681098,1,2,2,2,2,24,3.2188758248682006,1,0,4,3,4,2,1.0986122886681098,1,2,2,2,2,2,5,2.0
25,3.258096538021482,0,1,0,4,5,3,1.3862943611198906,0,0,3,3,3,16,2.833213344056216,1,1,1,2,6,2,1.0986122886681098,1,2,2,2,2,1,1,55.0
15,2.772588722239781,0,0,0,1,5,4,1.6094379124341003,1,1,4,4,4,6,1.9459101490553132,1,0,1,6,6,4,1.6094379124341003,1,1,4,4,4,1,1,2.0
24,3.2188758248682006,1,0,4,3,4,3,1.3862943611198906,0,0,3,3,3,15,2.772588722239781,0,0,0,1,5,2,1.0986122886681098,1,2,2,2,2,1,3,53.0
26,3.295836866004329,1,2,1,5,6,5,1.791759469228055,0,2,0,5,5,13,2.6390573296152584,0,1,3,6,3,5,1.791759469228055,0,2,0,5,5,1,2,2.0
13,2.6390573296152584,0,1,3,6,3,5,1.791759469228055,0,2,0,5,5,9,2.302585092994046,0,0,4,2,9,4,1.6094379124341003,1,1,4,4,4,1,0,6.0
24,3.2188758248682006,1,0,4,3,4,3,1.3862943611198906,0,0,3,3,3,23,3.1780538303479458,0,2,3,2,3,2,1.0986122886681098,1,2,2,2,2,1,2,15.0
13,2.6390573296152584,0,1,3,6,3,4,1.6094379124341003,1,1,4,4,4,11,2.4849066497880004,0,2,1,4,1,4,1.6094379124341003,1,1,4,4,4,1,1,2.0
10,2.3978952727983707,1,1,0,3,0,6,1.9459101490553132,1,0,1,6,6,10,2.3978952727983707,1,1,0,3,0,3,1.3862943611198906,0,0,3,3,3,1,2,2.0
25,3.258096538021482,0,1,0,4,5,4,1.6094379124341003,1,1,4,4,4,6,1.9459101490553132,1,0,1,6,6,4,1.6094379124341003,1,1,4,4,4,1,1,2.0
10,2.3978952727983707,1,1,0,3,0,5,1.791759469228055,0,2,0,5,5,6,1.9459101490553132,1,0,1,6,6,3,1.3862943611198906,0,0,3,3,3,1,2,32.0
27,3.332204510175204,0,0,2,6,7,4,1.6094379124341003,1,1,4,4,4,5,1.791759469228055,0,2,0,5,5,3,1.3862943611198906,0,0,3,3,3,1,1,46.0
23,3.1780538303479458,0,2,3,2,3,6,1.9459101490553132,1,0,1,6,6,22,3.1354942159291497,1,1,2,1,2,6,1.9459101490553132,1,0,1,6,6,1,1,2.0
15,2.772588722239781,0,0,0,1,5,6,1.9459101490553132,1,0,1,6,6,6,1.9459101490553132,1,0,1,6,6,6,1.9459101490553132,1,0,1,6,6,3,3,2.0
16,2.833213344056216,1,1,1,2,6,4,1.6094379124341003,1,1,4,4,4,12,2.5649493574615367,1,0,2,5,2,2,1.0986122886681098,1,2,2,2,2,2,5,206.0
11,2.4849066497880004,0,2,1,4,1,6,1.9459101490553132,1,0,1,6,6,8,2.1972245773362196,1,2,3,1,8,2,1.0986122886681098,1,2,2,2,2,1,2,35.0
29,3.4011973816621555,0,2,4,1,9,5,1.791759469228055,0,2,0,5,5,17,2.8903717578961645,0,2,2,3,7,5,1.791759469228055,0,2,0,5,5,1,1,2.0
29,3.4011973816621555,0,2,4,1,9,3,1.3862943611198906,0,0,3,3,3,27,3.332204510175204,0,0,2,6,7,3,1.3862943611198906,0,0,3,3,3,1,3,2.0
25,3.258096538021482,0,1,0,4,5,4,1.6094379124341003,1,1,4,4,4,5,1.791759469228055,0,2,0,5,5,3,1.3862943611198906,0,0,3,3,3,1,1,42.0
14,2.70805020110221,1,2,4,0,4,6,1.9459101490553132,1,0,1,6,6,6,1.9459101490553132,1,0,1,6,6,6,1.9459101490553132,1,0,1,6,6,2,3,2.0
17,2.8903717578961645,0,2,2,3,7,4,1.6094379124341003,1,1,4,4,4,11,2.4849066497880004,0,2,1,4,1,3,1.3862943611198906,0,0,3,3,3,1,0,5.0
30,3.4339872044851463,1,0,0,2,0,5,1.791759469228055,0,2,0,5,5,8,2.1972245773362196,1,2,3,1,8,3,1.3862943611198906,0,0,3,3,3,1,2,521.0
17,2.8903717578961645,0,2,2,3,7,4,1.6094379124341003,1,1,4,4,4,17,2.8903717578961645,0,2,2,3,7,2,1.0986122886681098,1,2,2,2,2,1,2,2.0
19,2.995732273553991,0,1,4,5,9,6,1.9459101490553132,1,0,1,6,6,7,2.0794415416798357,0,1,2,0,7,5,1.791759469228055,0,2,0,5,5,1,0,38.0
29,3.4011973816621555,0,2,4,1,9,3,1.3862943611198906,0,0,3,3,3,13,2.6390573296152584,0,1,3,6,3,2,1.0986122886681098,1,2,2,2,2,1,0,70.0
30,3.4339872044851463,1,0,0,2,0,6,1.9459101490553132,1,0,1,6,6,8,2.1972245773362196,1,2,3,1,8,2,1.0986122886681098,1,2,2,2,2,2,4,22037.0
7,2.0794415416798357,0,1,2,0,7,4,1.6094379124341003,1,1,4,4,4,5,1.791759469228055,0,2,0,5,5,3,1.3862943611198906,0,0,3,3,3,1,0,6.0
27,3.332204510175204,0,0,2,6,7,2,1.0986122886681098,1,2,2,2,2,12,2.5649493574615367,1,0,2,5,2,2,1.0986122886681098,1,2,2,2,2,1,3,2.0
12,2.5649493574615367,1,0,2,5,2,3,1.3862943611198906,0,0,3,3,3,8,2.1972245773362196,1,2,3,1,8,2,1.0986122886681098,1,2,2,2,2,1,3,4.0
29,3.4011973816621555,0,2,4,1,9,6,1.9459101490553132,1,0,1,6,6,24,3.2188758248682006,1,0,4,3,4,4,1.6094379124341003,1,1,4,4,4,1,2,83.0
10,2.3978952727983707,1,1,0,3,0,6,1.9459101490553132,1,0,1,6,6,6,1.9459101490553132,1,0,1,6,6,4,1.6094379124341003,1,1,4,4,4,2,1,116.0
16,2.833213344056216,1,1,1,2,6,6,1.9459101490553132,1,0,1,6,6,6,1.9459101490553132,1,0,1,6,6,2,1.0986122886681098,1,2,2,2,2,2,4,6287.0
26,3.295836866004329,1,2,1,5,6,2,1.0986122886681098,1,2,2,2,2,19,2.995732273553991,0,1,4,5,9,2,1.0986122886681098,1,2,2,2,2,1,3,2.0
13,2.6390573296152584,0,1,3,6,3,6,1.9459101490553132,1,0,1,6,6,8,2.1972245773362196,1,2,3,1,8,4,1.6094379124341003,1,1,4,4,4,1,1,37.0
19,2.995732273553991,0,1,4,5,9,2,1.0986122886681098,1,2,2,2,2,11,2.4849066497880004,0,2,1,4,1,2,1.0986122886681098,1,2,2,2,2,1,1,2.0
28,3.367295829986474,1,1,3,0,8,6,1.9459101490553132,1,0,1,6,6,9,2.302585092994046,0,0,4,2,9,3,1.3862943611198906,0,0,3,3,3,1,2,1256.0
13,2.6390573296152584,0,1,3,6,3,5,1.791759469228055,0,2,0,5,5,9,2.302585092994046,0,0,4,2,9,3,1.3862943611198906,0,0,3,3,3,1,1,10.0
25,3.258096538021482,0,1,0,4,5,5,1.791759469228055,0,2,0,5,5,11,2.4849066497880004,0,2,1,4,1,3,1.3862943611198906,0,0,3,3,3,1,1,89.0
19,2.995732273553991,0,1,4,5,9,6,1.9459101490553132,1,0,1,6,6,12,2.5649493574615367,1,0,2,5,2,2,1.0986122886681098,1,2,2,2,2,1,3,361.0
26,3.295836866004329,1,2,1,5,6,3,1.3862943611198906,0,0,3,3,3,14,2.70805020110221,1,2,4,0,4,2,1.0986122886681098,1,2,2,2,2,1,2,5.0
28,3.367295829986474,1,1,3,0,8,5,1.791759469228055,0,2,0,5,5,25,3.258096538021482,0,1,0,4,5,4,1.6094379124341003,1,1,4,4,4,1,2,19.0
6,1.9459101490553132,1,0,1,6,6,4,1.6094379124341003,1,1,4,4,4,5,1.791759469228055,0,2,0,5,5,4,1.6094379124341003,1,1,4,4,4,1,1,2.0
23,3.1780538303479458,0,2,3,2,3,5,1.791759469228055,0,2,0,5,5,16,2.833213344056216,1,1,1,2,6,3,1.3862943611198906,0,0,3,3,3,1,0,1187.0
22,3.1354942159291497,1,1,2,1,2,6,1.9459101490553132,1,0,1,6,6,21,3.091042453358316,0,0,1,0,1,4,1.6094379124341003,1,1,4,4,4,1,0,19.0
14,2.70805020110221,1,2,4,0,4,6,1.9459101490553132,1,0,1,6,6,12,2.5649493574615367,1,0,2,5,2,4,1.6094379124341003,1,1,4,4,4,2,2,17.0
28,3.367295829986474,1,1,3,0,8,5,1.791759469228055,0,2,0,5,5,5,1.791759469228055,0,2,0,5,5,5,1.791759469228055,0,2,0,5,5,1,3,2.0
12,2.5649493574615367,1,0,2,5,2,6,1.9459101490553132,1,0,1,6,6,9,2.302585092994046,0,0,4,2,9,5,1.791759469228055,0,2,0,5,5,1,1,13.0
23,3.1780538303479458,0,2,3,2,3,2,1.0986122886681098,1,2,2,2,2,6,1.9459101490553132,1,0,1,6,6,2,1.0986122886681098,1,2,2,2,2,1,3,2.0
12,2.5649493574615367,1,0,2,5,2,3,1.3862943611198906,0,0,3,3,3,12,2.5649493574615367,1,0,2,5,2,2,1.0986122886681098,1,2,2,2,2,1,5,2.0
20,3.044522437723423,1,2,0,6,0,6,1.9459101490553132,1,0,1,6,6,11,2.4849066497880004,0,2,1,4,1,3,1.3862943611198906,0,0,3,3,3,1,1,467.0
23,3.1780538303479458,0,2,3,2,3,5,1.791759469228055,0,2,0,5,5,12,2.5649493574615367,1,0,2,5,2,2,1.0986122886681098,1,2,2,2,2,1,1,2729.0
22,3.1354942159291497,1,1,2,1,2,3,1.3862943611198906,0,0,3,3,3,20,3.044522437723423,1,2,0,6,0,3,1.3862943611198906,0,0,3,3,3,1,1,2.0
8,2.1972245773362196,1,2,3,1,8,5,1.791759469228055,0,2,0,5,5,5,1.791759469228055,0,2,0,5,5,2,1.0986122886681098,1,2,2,2,2,1,2,57.0
18,2.9444389791664403,1,0,3,4,8,5,1.791759469228055,0,2,0,5,5,14,2.70805020110221,1,2,4,0,4,2,1.0986122886681098,1,2,2,2,2,1,2,58.0
11,2.4849066497880004,0,2,1,4,1,5,1.791759469228055,0,2,0,5,5,6,1.9459101490553132,1,0,1,6,6,4,1.6094379124341003,1,1,4,4,4,1,0,29.0
20,3.044522437723423,1,2,0,6,0,3,1.3862943611198906,0,0,3,3,3,20,3.044522437723423,1,2,0,6,0,2,1.0986122886681098,1,2,2,2,2,1,3,2.0
13,2.6390573296152584,0,1,3,6,3,6,1.9459101490553132,1,0,1,6,6,7,2.0794415416798357,0,1,2,0,7,3,1.3862943611198906,0,0,3,3,3,1,1,195.0
14,2.70805020110221,1,2,4,0,4,4,1.6094379124341003,1,1,4,4,4,8,2.1972245773362196,1,2,3,1,8,4,1.6094379124341003,1,1,4,4,4,2,3,2.0
9,2.302585092994046,0,0,4,2,9,6,1.9459101490553132,1,0,1,6,6,6,1.9459101490553132,1,0,1,6,6,6,1.9459101490553132,1,0,1,6,6,3,3,2.0
30,3.4339872044851463,1,0,0,2,0,2,1.0986122886681098,1,2,2,2,2,27,3.332204510175204,0,0,2,6,7,2,1.0986122886681098,1,2,2,2,2,1,3,2.0
10,2.3978952727983707,1,1,0,3,0,2,1.0986122886681098,1,2,2,2,2,6,1.9459101490553132,1,0,1,6,6,2,1.0986122886681098,1,2,2,2,2,2,5,2.0
20,3.044522437723423,1,2,0,6,0,4,1.6094379124341003,1,1,4,4,4,9,2.302585092994046,0,0,4,2,9,2,1.0986122886681098,1,2,2,2,2,1,3,526.0
29,3.4011973816621555,0,2,4,1,9,4,1.6094379124341003,1,1,4,4,4,19,2.995732273553991,0,1,4,5,9,4,1.6094379124341003,1,1,4,4,4,1,1,2.0
28,3.367295829986474,1,1,3,0,8,4,1.6094379124341003,1,1,4,4,4,17,2.8903717578961645,0,2,2,3,7,2,1.0986122886681098,1,2,2,2,2,1,3,58.0
8,2.1972245773362196,1,2,3,1,8,4,1.6094379124341003,1,1,4,4,4,5,1.791759469228055,0,2,0,5,5,3,1.3862943611198906,0,0,3,3,3,1,1,8.0
27,3.332204510175204,0,0,2,6,7,2,1.0986122886681098,1,2,2,2,2,19,2.995732273553991,0,1,4,5,9,2,1.0986122886681098,1,2,2,2,2,1,1,2.0
24,3.2188758248682006,1,0,4,3,4,5,1.791759469228055,0,2,0,5,5,13,2.6390573296152584,0,1,3,6,3,5,1.791759469228055,0,2,0,5,5,1,1,2.0
16,2.833213344056216,1,1,1,2,6,6,1.9459101490553132,1,0,1,6,6,16,2.833213344056216,1,1,1,2,6,3,1.3862943611198906,0,0,3,3,3,1,2,2.0
21,3.091042453358316,0,0,1,0,1,2,1.0986122886681098,1,2,2,2,2,6,1.9459101490553132,1,0,1,6,6,2,1.0986122886681098,1,2,2,2,2,1,3,2.0
25,3.258096538021482,0,1,0,4,5,6,1.9459101490553132,1,0,1,6,6,19,2.995732273553991,0,1,4,5,9,5,1.791759469228055,0,2,0,5,5,1,1,32.0
24,3.2188758248682006,1,0,4,3,4,6,1.9459101490553132,1,0,1,6,6,16,2.833213344056216,1,1,1,2,6,3,1.3862943611198906,0,0,3,3,3,1,3,2380.0
11,2.4849066497880004,0,2,1,4,1,6,1.9459101490553132,1,0,1,6,6,10,2.3978952727983707,1,1,0,3,0,4,1.6094379124341003,1,1,4,4,4,1,0,16.0
27,3.332204510175204,0,0,2,6,7,5,1.791759469228055,0,2,0,5,5,21,3.091042453358316,0,0,1,0,1,5,1.791759469228055,0,2,0,5,5,1,1,2.0
12,2.5649493574615367,1,0,2,5,2,3,1.3862943611198906,0,0,3,3,3,11,2.4849066497880004,0,2,1,4,1,3,1.3862943611198906,0,0,3,3,3,1,3,2.0
15,2.772588722239781,0,0,0,1,5,3,1.3862943611198906,0,0,3,3,3,7,2.0794415416798357,0,1,2,0,7,3,1.3862943611198906,0,0,3,3,3,1,3,2.0
11,2.4849066497880004,0,2,1,4,1,5,1.791759469228055,0,2,0,5,5,11,2.4849066497880004,0,2,1,4,1,5,1.791759469228055,0,2,0,5,5,1,2,2.0
14,2.70805020110221,1,2,4,0,4,4,1.6094379124341003,1,1,4,4,4,7,2.0794415416798357,0,1,2,0,7,3,1.3862943611198906,0,0,3,3,3,1,1,9.0
30,3.4339872044851463,1,0,0,2,0,3,1.3862943611198906,0,0,3,3,3,4,1.6094379124341003,1,1,4,4,4,3,1.3862943611198906,0,0,3,3,3,1,3,2.0
21,3.091042453358316,0,0,1,0,1,2,1.0986122886681098,1,2,2,2,2,5,1.791759469228055,0,2,0,5,5,2,1.0986122886681098,1,2,2,2,2,1,1,2.0
23,3.1780538303479458,0,2,3,2,3,5,1.791759469228055,0,2,0,5,5,15,2.772588722239781,0,0,0,1,5,5,1.791759469228055,0,2,0,5,5,1,3,2.0
21,3.091042453358316,0,0,1,0,1,2,1.0986122886681098,1,2,2,2,2,19,2.995732273553991,0,1,4,5,9,2,1.0986122886681098,1,2,2,2,2,1,1,2.0
17,2.8903717578961645,0,2,2,3,7,3,1.3862943611198906,0,0,3,3,3,14,2.70805020110221,1,2,4,0,4,3,1.3862943611198906,0,0,3,3,3,1,1,2.0
17,2.8903717578961645,0,2,2,3,7,6,1.9459101490553132,1,0,1,6,6,9,2.302585092994046,0,0,4,2,9,4,1.6094379124341003,1,1,4,4,4,1,0,56.0
11,2.4849066497880004,0,2,1,4,1,6,1.9459101490553132,1,0,1,6,6,9,2.302585092994046,0,0,4,2,9,5,1.791759469228055,0,2,0,5,5,1,0,5.0
7,2.0794415416798357,0,1,2,0,7,4,1.6094379124341003,1,1,4,4,4,4,1.6094379124341003,1,1,4,4,4,4,1.6094379124341003,1,1,4,4,4,1,3,2.0
15,2.772588722239781,0,0,0,1,5,4,1.6094379124341003,1,1,4,4,4,15,2.772588722239781,0,0,0,1,5,2,1.0986122886681098,1,2,2,2,2,1,2,2.0
19,2.995732273553991,0,1,4,5,9,5,1.791759469228055,0,2,0,5,5,18,2.9444389791664403,1,0,3,4,8,4,1.6094379124341003,1,1,4,4,4,1,0,33.0
14,2.70805020110221,1,2,4,0,4,5,1.791759469228055,0,2,0,5,5,6,1.9459101490553132,1,0,1,6,6,4,1.6094379124341003,1,1,4,4,4,1,0,22.0
13,2.6390573296152584,0,1,3,6,3,6,1.9459101490553132,1,0,1,6,6,6,1.9459101490553132,1,0,1,6,6,3,1.3862943611198906,0,0,3,3,3,1,3,1059.0
25,3.258096538021482,0,1,0,4,5,6,1.9459101490553132,1,0,1,6,6,9,2.302585092994046,0,0,4,2,9,5,1.791759469228055,0,2,0,5,5,1,1,26.0
14,2.70805020110221,1,2,4,0,4,2,1.0986122886681098,1,2,2,2,2,7,2.0794415416798357,0,1,2,0,7,2,1.0986122886681098,1,2,2,2,2,1,4,2.0
13,2.6390573296152584,0,1,3,6,3,3,1.3862943611198906,0,0,3,3,3,9,2.302585092994046,0,0,4,2,9,2,1.0986122886681098,1,2,2,2,2,1,1,26.0
21,3.091042453358316,0,0,1,0,1,2,1.0986122886681098,1,2,2,2,2,8,2.1972245773362196,1,2,3,1,8,2,1.0986122886681098,1,2,2,2,2,1,3,2.0
14,2.70805020110221,1,2,4,0,4,4,1.6094379124341003,1,1,4,4,4,6,1.9459101490553132,1,0,1,6,6,4,1.6094379124341003,1,1,4,4,4,2,1,2.0
26,3.295836866004329,1,2,1,5,6,2,1.0986122886681098,1,2,2,2,2,14,2.70805020110221,1,2,4,0,4,2,1.0986122886681098,1,2,2,2,2,2,5,2.0
23,3.1780538303479458,0,2,3,2,3,3,1.3862943611198906,0,0,3,3,3,16,2.833213344056216,1,1,1,2,6,3,1.3862943611198906,0,0,3,3,3,1,1,2.0
18,2.9444389791664403,1,0,3,4,8,3,1.3862943611198906,0,0,3,3,3,10,2.3978952727983707,1,1,0,3,0,3,1.3862943611198906,0,0,3,3,3,1,3,2.0
30,3.4339872044851463,1,0,0,2,0,2,1.0986122886681098,1,2,2,2,2,22,3.1354942159291497,1,1,2,1,2,2,1.0986122886681098,1,2,2,2,2,2,5,2.0
19,2.995732273553991,0,1,4,5,9,6,1.9459101490553132,1,0,1,6,6,9,2.302585092994046,0,0,4,2,9,5,1.791759469228055,0,2,0,5,5,1,0,17.0
17,2.8903717578961645,0,2,2,3,7,4,1.6094379124341003,1,1,4,4,4,6,1.9459101490553132,1,0,1,6,6,3,1.3862943611198906,0,0,3,3,3,1,1,50.0
18,2.9444389791664403,1,0,3,4,8,3,1.3862943611198906,0,0,3,3,3,5,1.791759469228055,0,2,0,5,5,3,1.3862943611198906,0,0,3,3,3,1,3,2.0
10,2.3978952727983707,1,1,0,3,0,3,1.3862943611198906,0,0,3,3,3,6,1.9459101490553132,1,0,1,6,6,3,1.3862943611198906,0,0,3,3,3,1,3,2.0
17,2.8903717578961645,0,2,2,3,7,4,1.6094379124341003,1,1,4,4,4,14,2.70805020110221,1,2,4,0,4,3,1.3862943611198906,0,0,3,3,3,1,0,34.0
12,2.5649493574615367,1,0,2,5,2,3,1.3862943611198906,0,0,3,3,3,7,2.0794415416798357,0,1,2,0,7,2,1.0986122886681098,1,2,2,2,2,1,2,5.0
9,2.302585092994046,0,0,4,2,9,2,1.0986122886681098,1,2,2,2,2,9,2.302585092994046,0,0,4,2,9,2,1.0986122886681098,1,2,2,2,2,1,2,2.0
26,3.295836866004329,1,2,1,5,6,2,1.0986122886681098,1,2,2,2,2,16,2.833213344056216,1,1,1,2,6,2,1.0986122886681098,1,2,2,2,2,2,5,2.0
29,3.4011973816621555,0,2,4,1,9,4,1.6094379124341003,1,1,4,4,4,26,3.295836866004329,1,2,1,5,6,3,1.3862943611198906,0,0,3,3,3,1,0,58.0
19,2.995732273553991,0,1,4,5,9,4,1.6094379124341003,1,1,4,4,4,17,2.8903717578961645,0,2,2,3,7,2,1.0986122886681098,1,2,2,2,2,1,1,92.0
13,2.6390573296152584,0,1,3,6,3,3,1.3862943611198906,0,0,3,3,3,12,2.5649493574615367,1,0,2,5,2,3,1.3862943611198906,0,0,3,3,3,1,3,2.0
7,2.0794415416798357,0,1,2,0,7,3,1.3862943611198906,0,0,3,3,3,3,1.3862943611198906,0,0,3,3,3,2,1.0986122886681098,1,2,2,2,2,1,1,14.0
27,3.332204510175204,0,0,2,6,7,3,1.3862943611198906,0,0,3,3,3,12,2.5649493574615367,1,0,2,5,2,3,1.3862943611198906,0,0,3,3,3,3,5,2.0
8,2.1972245773362196,1,2,3,1,8,5,1.791759469228055,0,2,0,5,5,8,2.1972245773362196,1,2,3,1,8,2,1.0986122886681098,1,2,2,2,2,1,3,2.0
16,2.833213344056216,1,1,1,2,6,6,1.9459101490553132,1,0,1,6,6,6,1.9459101490553132,1,0,1,6,6,5,1.791759469228055,0,2,0,5,5,1,1,62.0
23,3.1780538303479458,0,2,3,2,3,2,1.0986122886681098,1,2,2,2,2,13,2.6390573296152584,0,1,3,6,3,2,1.0986122886681098,1,2,2,2,2,1,1,2.0
8,2.1972245773362196,1,2,3,1,8,4,1.6094379124341003,1,1,4,4,4,6,1.9459101490553132,1,0,1,6,6,4,1.6094379124341003,1,1,4,4,4,2,3,2.0
24,3.2188758248682006,1,0,4,3,4,3,1.3862943611198906,0,0,3,3,3,7,2.0794415416798357,0,1,2,0,7,3,1.3862943611198906,0,0,3,3,3,1,3,2.0
9,2.302585092994046,0,0,4,2,9,2,1.0986122886681098,1,2,2,2,2,4,1.6094379124341003,1,1,4,4,4,2,1.0986122886681098,1,2,2,2,2,1,3,2.0
26,3.295836866004329,1,2,1,5,6,5,1.791759469228055,0,2,0,5,5,18,2.9444389791664403,1,0,3,4,8,2,1.0986122886681098,1,2,2,2,2,1,2,179.0
28,3.367295829986474,1,1,3,0,8,5,1.791759469228055,0,2,0,5,5,8,2.1972245773362196,1,2,3,1,8,4,1.6094379124341003,1,1,4,4,4,1,2,27.0
9,2.302585092994046,0,0,4,2,9,5,1.791759469228055,0,2,0,5,5,7,2.0794415416798357,0,1,2,0,7,4,1.6094379124341003,1,1,4,4,4,1,0,16.0
10,2.3978952727983707,1,1,0,3,0,3,1.3862943611198906,0,0,3,3,3,9,2.302585092994046,0,0,4,2,9,3,1.3862943611198906,0,0,3,3,3,1,3,2.0
8,2.1972245773362196,1,2,3,1,8,2,1.0986122886681098,1,2,2,2,2,8,2.1972245773362196,1,2,3,1,8,2,1.0986122886681098,1,2,2,2,2,2,6,2.0
25,3.258096538021482,0,1,0,4,5,5,1.791759469228055,0,2,0,5,5,19,2.995732273553991,0,1,4,5,9,3,1.3862943611198906,0,0,3,3,3,1,1,21.0
30,3.4339872044851463,1,0,0,2,0,5,1.791759469228055,0,2,0,5,5,21,3.091042453358316,0,0,1,0,1,5,1.791759469228055,0,2,0,5,5,1,3,2.0
30,3.4339872044851463,1,0,0,2,0,5,1.791759469228055,0,2,0,5,5,13,2.6390573296152584,0,1,3,6,3,2,1.0986122886681098,1,2,2,2,2,1,2,2735.0
26,3.295836866004329,1,2,1,5,6,6,1.9459101490553132,1,0,1,6,6,16,2.833213344056216,1,1,1,2,6,3,1.3862943611198906,0,0,3,3,3,1,1,7457.0
17,2.8903717578961645,0,2,2,3,7,4,1.6094379124341003,1,1,4,4,4,11,2.4849066497880004,0,2,1,4,1,4,1.6094379124341003,1,1,4,4,4,1,1,2.0
11,2.4849066497880004,0,2,1,4,1,3,1.3862943611198906,0,0,3,3,3,7,2.0794415416798357,0,1,2,0,7,2,1.0986122886681098,1,2,2,2,2,1,0,22.0
19,2.995732273553991,0,1,4,5,9,6,1.9459101490553132,1,0,1,6,6,17,2.8903717578961645,0,2,2,3,7,5,1.791759469228055,0,2,0,5,5,1,0,3.0
22,3.1354942159291497,1,1,2,1,2,3,1.3862943611198906,0,0,3,3,3,6,1.9459101490553132,1,0,1,6,6,2,1.0986122886681098,1,2,2,2,2,1,3,14.0
19,2.995732273553991,0,1,4,5,9,3,1.3862943611198906,0,0,3,3,3,13,2.6390573296152584,0,1,3,6,3,2,1.0986122886681098,1,2,2,2,2,1,0,40.0
20,3.044522437723423,1,2,0,6,0,5,1.791759469228055,0,2,0,5,5,20,3.044522437723423,1,2,0,6,0,4,1.6094379124341003,1,1,4,4,4,1,5,2.0
6,1.9459101490553132,1,0,1,6,6,3,1.3862943611198906,0,0,3,3,3,4,1.6094379124341003,1,1,4,4,4,3,1.3862943611198906,0,0,3,3,3,1,3,2.0
9,2.302585092994046,0,0,4,2,9,6,1.9459101490553132,1,0,1,6,6,9,2.302585092994046,0,0,4,2,9,3,1.3862943611198906,0,0,3,3,3,3,4,2.0
12,2.5649493574615367,1,0,2,5,2,5,1.791759469228055,0,2,0,5,5,10,2.3978952727983707,1,1,0,3,0,2,1.0986122886681098,1,2,2,2,2,1,3,29.0
14,2.70805020110221,1,2,4,0,4,5,1.791759469228055,0,2,0,5,5,13,2.6390573296152584,0,1,3,6,3,2,1.0986122886681098,1,2,2,2,2,1,1,23.0
11,2.4849066497880004,0,2,1,4,1,2,1.0986122886681098,1,2,2,2,2,2,1.0986122886681098,1,2,2,2,2,2,1.0986122886681098,1,2,2,2,2,1,3,2.0
24,3.2188758248682006,1,0,4,3,4,3,1.3862943611198906,0,0,3,3,3,16,2.833213344056216,1,1,1,2,6,3,1.3862943611198906,0,0,3,3,3,1,3,2.0
21,3.091042453358316,0,0,1,0,1,6,1.9459101490553132,1,0,1,6,6,15,2.772588722239781,0,0,0,1,5,4,1.6094379124341003,1,1,4,4,4,1,0,533.0
23,3.1780538303479458,0,2,3,2,3,5,1.791759469228055,0,2,0,5,5,5,1.791759469228055,0,2,0,5,5,2,1.0986122886681098,1,2,2,2,2,1,1,9782.0
16,2.833213344056216,1,1,1,2,6,3,1.3862943611198906,0,0,3,3,3,13,2.6390573296152584,0,1,3,6,3,2,1.0986122886681098,1,2,2,2,2,1,1,31.0
20,3.044522437723423,1,2,0,6,0,3,1.3862943611198906,0,0,3,3,3,13,2.6390573296152584,0,1,3,6,3,3,1.3862943611198906,0,0,3,3,3,1,1,2.0
8,2.1972245773362196,1,2,3,1,8,6,1.9459101490553132,1,0,1,6,6,7,2.0794415416798357,0,1,2,0,7,5,1.791759469228055,0,2,0,5,5,1,0,5.0
15,2.772588722239781,0,0,0,1,5,2,1.0986122886681098,1,2,2,2,2,3,1.3862943611198906,0,0,3,3,3,2,1.0986122886681098,1,2,2,2,2,1,2,2.0
24,3.2188758248682006,1,0,4,3,4,6,1.9459101490553132,1,0,1,6,6,23,3.1780538303479458,0,2,3,2,3,6,1.9459101490553132,1,0,1,6,6,1,3,2.0
28,3.367295829986474,1,1,3,0,8,6,1.9459101490553132,1,0,1,6,6,20,3.044522437723423,1,2,0,6,0,3,1.3862943611198906,0,0,3,3,3,1,1,1759.0
20,3.044522437723423,1,2,0,6,0,6,1.9459101490553132,1,0,1,6,6,12,2.5649493574615367,1,0,2,5,2,5,1.791759469228055,0,2,0,5,5,1,2,62.0
28,3.367295829986474,1,1,3,0,8,6,1.9459101490553132,1,0,1,6,6,16,2.833213344056216,1,1,1,2,6,6,1.9459101490553132,1,0,1,6,6,2,1,2.0
9,2.302585092994046,0,0,4,2,9,3,1.3862943611198906,0,0,3,3,3,5,1.791759469228055,0,2,0,5,5,2,1.0986122886681098,1,2,2,2,2,1,1,6.0
11,2.4849066497880004,0,2,1,4,1,6,1.9459101490553132,1,0,1,6,6,8,2.1972245773362196,1,2,3,1,8,3,1.3862943611198906,0,0,3,3,3,1,1,35.0
21,3.091042453358316,0,0,1,0,1,5,1.791759469228055,0,2,0,5,5,16,2.833213344056216,1,1,1,2,6,3,1.3862943611198906,0,0,3,3,3,1,1,279.0
20,3.044522437723423,1,2,0,6,0,3,1.3862943611198906,0,0,3,3,3,5,1.791759469228055,0,2,0,5,5,3,1.3862943611198906,0,0,3,3,3,1,2,2.0
9,2.302585092994046,0,0,4,2,9,3,1.3862943611198906,0,0,3,3,3,5,1.791759469228055,0,2,0,5,5,3,1.3862943611198906,0,0,3,3,3,1,3,2.0
29,3.4011973816621555,0,2,4,1,9,3,1.3862943611198906,0,0,3,3,3,21,3.091042453358316,0,0,1,0,1,2,1.0986122886681098,1,2,2,2,2,1,1,62.0
18,2.9444389791664403,1,0,3,4,8,5,1.791759469228055,0,2,0,5,5,17,2.8903717578961645,0,2,2,3,7,2,1.0986122886681098,1,2,2,2,2,1,1,31.0
30,3.4339872044851463,1,0,0,2,0,6,1.9459101490553132,1,0,1,6,6,19,2.995732273553991,0,1,4,5,9,5,1.791759469228055,0,2,0,5,5,1,2,47.0
13,2.6390573296152584,0,1,3,6,3,3,1.3862943611198906,0,0,3,3,3,8,2.1972245773362196,1,2,3,1,8,2,1.0986122886681098,1,2,2,2,2,1,1,9.0
20,3.044522437723423,1,2,0,6,0,4,1.6094379124341003,1,1,4,4,4,19,2.995732273553991,0,1,4,5,9,3,1.3862943611198906,0,0,3,3,3,1,1,9.0
10,2.3978952727983707,1,1,0,3,0,6,1.9459101490553132,1,0,1,6,6,8,2.1972245773362196,1,2,3,1,8,2,1.0986122886681098,1,2,2,2,2,2,3,17.0
29,3.4011973816621555,0,2,4,1,9,6,1.9459101490553132,1,0,1,6,6,15,2.772588722239781,0,0,0,1,5,4,1.6094379124341003,1,1,4,4,4,1,0,1937.0
27,3.332204510175204,0,0,2,6,7,6,1.9459101490553132,1,0,1,6,6,16,2.833213344056216,1,1,1,2,6,6,1.9459101490553132,1,0,1,6,6,1,1,2.0
24,3.2188758248682006,1,0,4,3,4,5,1.791759469228055,0,2,0,5,5,21,3.091042453358316,0,0,1,0,1,5,1.791759469228055,0,2,0,5,5,1,1,2.0
16,2.833213344056216,1,1,1,2,6,4,1.6094379124341003,1,1,4,4,4,14,2.70805020110221,1,2,4,0,4,3,1.3862943611198906,0,0,3,3,3,1,1,30.0
22,3.1354942159291497,1,1,2,1,2,4,1.6094379124341003,1,1,4,4,4,22,3.1354942159291497,1,1,2,1,2,4,1.6094379124341003,1,1,4,4,4,2,2,2.0
16,2.833213344056216,1,1,1,2,6,4,1.6094379124341003,1,1,4,4,4,8,2.1972245773362196,1,2,3,1,8,2,1.0986122886681098,1,2,2,2,2,2,6,98.0
26,3.295836866004329,1,2,1,5,6,4,1.6094379124341003,1,1,4,4,4,24,3.2188758248682006,1,0,4,3,4,3,1.3862943611198906,0,0,3,3,3,1,2,50.0
14,2.70805020110221,1,2,4,0,4,6,1.9459101490553132,1,0,1,6,6,13,2.6390573296152584,0,1,3,6,3,4,1.6094379124341003,1,1,4,4,4,1,0,11.0
23,3.1780538303479458,0,2,3,2,3,2,1.0986122886681098,1,2,2,2,2,17,2.8903717578961645,0,2,2,3,7,2,1.0986122886681098,1,2,2,2,2,1,1,2.0
15,2.772588722239781,0,0,0,1,5,4,1.6094379124341003,1,1,4,4,4,14,2.70805020110221,1,2,4,0,4,2,1.0986122886681098,1,2,2,2,2,1,2,26.0
21,3.091042453358316,0,0,1,0,1,3,1.3862943611198906,0,0,3,3,3,7,2.0794415416798357,0,1,2,0,7,2,1.0986122886681098,1,2,2,2,2,1,2,52.0
18,2.9444389791664403,1,0,3,4,8,4,1.6094379124341003,1,1,4,4,4,4,1.6094379124341003,1,1,4,4,4,4,1.6094379124341003,1,1,4,4,4,2,3,2.0
5,1.791759469228055,0,2,0,5,5,3,1.3862943611198906,0,0,3,3,3,5,1.791759469228055,0,2,0,5,5,2,1.0986122886681098,1,2,2,2,2,1,1,2.0
21,3.091042453358316,0,0,1,0,1,6,1.9459101490553132,1,0,1,6,6,19,2.995732273553991,0,1,4,5,9,3,1.3862943611198906,0,0,3,3,3,1,2,3.0
24,3.2188758248682006,1,0,4,3,4,6,1.9459101490553132,1,0,1,6,6,9,2.302585092994046,0,0,4,2,9,6,1.9459101490553132,1,0,1,6,6,3,3,2.0
24,3.2188758248682006,1,0,4,3,4,3,1.3862943611198906,0,0,3,3,3,16,2.833213344056216,1,1,1,2,6,2,1.0986122886681098,1,2,2,2,2,1,3,26.0
6,1.9459101490553132,1,0,1,6,6,4,1.6094379124341003,1,1,4,4,4,6,1.9459101490553132,1,0,1,6,6,4,1.6094379124341003,1,1,4,4,4,2,2,2.0
23,3.1780538303479458,0,2,3,2,3,3,1.3862943611198906,0,0,3,3,3,9,2.302585092994046,0,0,4,2,9,3,1.3862943611198906,0,0,3,3,3,1,3,2.0
27,3.332204510175204,0,0,2,6,7,6,1.9459101490553132,1,0,1,6,6,10,2.3978952727983707,1,1,0,3,0,5,1.791759469228055,0,2,0,5,5,1,1,112.0
27,3.332204510175204,0,0,2,6,7,5,1.791759469228055,0,2,0,5,5,11,2.4849066497880004,0,2,1,4,1,3,1.3862943611198906,0,0,3,3,3,1,1,394.0
26,3.295836866004329,1,2,1,5,6,6,1.9459101490553132,1,0,1,6,6,21,3.091042453358316,0,0,1,0,1,5,1.791759469228055,0,2,0,5,5,1,0,31.0
16,2.833213344056216,1,1,1,2,6,5,1.791759469228055,0,2,0,5,5,12,2.5649493574615367,1,0,2,5,2,5,1.791759469228055,0,2,0,5,5,1,1,2.0
23,3.1780538303479458,0,2,3,2,3,6,1.9459101490553132,1,0,1,6,6,11,2.4849066497880004,0,2,1,4,1,3,1.3862943611198906,0,0,3,3,3,1,1,978.0
6,1.9459101490553132,1,0,1,6,6,2,1.0986122886681098,1,2,2,2,2,5,1.791759469228055,0,2,0,5,5,2,1.0986122886681098,1,2,2,2,2,1,3,2.0
26,3.295836866004329,1,2,1,5,6,5,1.791759469228055,0,2,0,5,5,8,2.1972245773362196,1,2,3,1,8,5,1.791759469228055,0,2,0,5,5,1,1,2.0
15,2.772588722239781,0,0,0,1,5,6,1.9459101490553132,1,0,1,6,6,7,2.0794415416798357,0,1,2,0,7,3,1.3862943611198906,0,0,3,3,3,1,2,446.0
16,2.833213344056216,1,1,1,2,6,4,1.6094379124341003,1,1,4,4,4,5,1.791759469228055,0,2,0,5,5,2,1.0986122886681098,1,2,2,2,2,1,3,134.0
26,3.295836866004329,1,2,1,5,6,3,1.3862943611198906,0,0,3,3,3,4,1.6094379124341003,1,1,4,4,4,2,1.0986122886681098,1,2,2,2,2,1,2,35.0
29,3.4011973816621555,0,2,4,1,9,3,1.3862943611198906,0,0,3,3,3,23,3.1780538303479458,0,2,3,2,3,2,1.0986122886681098,1,2,2,2,2,1,0,20.0
19,2.995732273553991,0,1,4,5,9,3,1.3862943611198906,0,0,3,3,3,11,2.4849066497880004,0,2,1,4,1,3,1.3862943611198906,0,0,3,3,3,1,1,2.0
17,2.8903717578961645,0,2,2,3,7,6,1.9459101490553132,1,0,1,6,6,11,2.4849066497880004,0,2,1,4,1,5,1.791759469228055,0,2,0,5,5,1,0,8.0
28,3.367295829986474,1,1,3,0,8,6,1.9459101490553132,1,0,1,6,6,27,3.332204510175204,0,0,2,6,7,3,1.3862943611198906,0,0,3,3,3,1,2,25.0
26,3.295836866004329,1,2,1,5,6,3,1.3862943611198906,0,0,3,3,3,10,2.3978952727983707,1,1,0,3,0,2,1.0986122886681098,1,2,2,2,2,1,2,8.0
29,3.4011973816621555,0,2,4,1,9,3,1.3862943611198906,0,0,3,3,3,25,3.258096538021482,0,1,0,4,5,3,1.3862943611198906,0,0,3,3,3,1,1,2.0
28,3.367295829986474,1,1,3,0,8,3,1.3862943611198906,0,0,3,3,3,17,2.8903717578961645,0,2,2,3,7,2,1.0986122886681098,1,2,2,2,2,1,1,21.0
19,2.995732273553991,0,1,4,5,9,6,1.9459101490553132,1,0,1,6,6,18,2.9444389791664403,1,0,3,4,8,3,1.3862943611198906,0,0,3,3,3,1,3,32.0
22,3.1354942159291497,1,1,2,1,2,4,1.6094379124341003,1,1,4,4,4,13,2.6390573296152584,0,1,3,6,3,3,1.3862943611198906,0,0,3,3,3,1,0,28.0
21,3.091042453358316,0,0,1,0,1,3,1.3862943611198906,0,0,3,3,3,15,2.772588722239781,0,0,0,1,5,2,1.0986122886681098,1,2,2,2,2,1,2,44.0
28,3.367295829986474,1,1,3,0,8,5,1.791759469228055,0,2,0,5,5,17,2.8903717578961645,0,2,2,3,7,5,1.791759469228055,0,2,0,5,5,1,1,2.0
19,2.995732273553991,0,1,4,5,9,5,1.791759469228055,0,2,0,5,5,11,2.4849066497880004,0,2,1,4,1,3,1.3862943611198906,0,0,3,3,3,1,0,124.0
23,3.1780538303479458,0,2,3,2,3,2,1.0986122886681098,1,2,2,2,2,22,3.1354942159291497,1,1,2,1,2,2,1.0986122886681098,1,2,2,2,2,1,3,2.0
28,3.367295829986474,1,1,3,0,8,6,1.9459101490553132,1,0,1,6,6,27,3.332204510175204,0,0,2,6,7,4,1.6094379124341003,1,1,4,4,4,1,1,25.0
29,3.4011973816621555,0,2,4,1,9,3,1.3862943611198906,0,0,3,3,3,14,2.70805020110221,1,2,4,0,4,3,1.3862943611198906,0,0,3,3,3,1,1,2.0
21,3.091042453358316,0,0,1,0,1,5,1.791759469228055,0,2,0,5,5,12,2.5649493574615367,1,0,2,5,2,5,1.791759469228055,0,2,0,5,5,1,1,2.0
23,3.1780538303479458,0,2,3,2,3,5,1.791759469228055,0,2,0,5,5,11,2.4849066497880004,0,2,1,4,1,4,1.6094379124341003,1,1,4,4,4,1,0,74.0
18,2.9444389791664403,1,0,3,4,8,3,1.3862943611198906,0,0,3,3,3,14,2.70805020110221,1,2,4,0,4,3,1.3862943611198906,0,0,3,3,3,1,3,2.0
27,3.332204510175204,0,0,2,6,7,4,1.6094379124341003,1,1,4,4,4,21,3.091042453358316,0,0,1,0,1,2,1.0986122886681098,1,2,2,2,2,1,1,220.0
16,2.833213344056216,1,1,1,2,6,2,1.0986122886681098,1,2,2,2,2,12,2.5649493574615367,1,0,2,5,2,2,1.0986122886681098,1,2,2,2,2,2,5,2.0
24,3.2188758248682006,1,0,4,3,4,2,1.0986122886681098,1,2,2,2,2,17,2.8903717578961645,0,2,2,3,7,2,1.0986122886681098,1,2,2,2,2,1,3,2.0
30,3.4339872044851463,1,0,0,2,0,4,1.6094379124341003,1,1,4,4,4,21,3.091042453358316,0,0,1,0,1,4,1.6094379124341003,1,1,4,4,4,1,1,2.0
30,3.4339872044851463,1,0,0,2,0,2,1.0986122886681098,1,2,2,2,2,6,1.9459101490553132,1,0,1,6,6,2,1.0986122886681098,1,2,2,2,2,2,6,2.0
27,3.332204510175204,0,0,2,6,7,6,1.9459101490553132,1,0,1,6,6,20,3.044522437723423,1,2,0,6,0,5,1.791759469228055,0,2,0,5,5,1,1,24.0
22,3.1354942159291497,1,1,2,1,2,4,1.6094379124341003,1,1,4,4,4,8,2.1972245773362196,1,2,3,1,8,2,1.0986122886681098,1,2,2,2,2,2,4,248.0
10,2.3978952727983707,1,1,0,3,0,3,1.3862943611198906,0,0,3,3,3,10,2.3978952727983707,1,1,0,3,0,3,1.3862943611198906,0,0,3,3,3,1,2,2.0
12,2.5649493574615367,1,0,2,5,2,6,1.9459101490553132,1,0,1,6,6,11,2.4849066497880004,0,2,1,4,1,4,1.6094379124341003,1,1,4,4,4,1,2,3.0
20,3.044522437723423,1,2,0,6,0,3,1.3862943611198906,0,0,3,3,3,14,2.70805020110221,1,2,4,0,4,3,1.3862943611198906,0,0,3,3,3,1,1,2.0
14,2.70805020110221,1,2,4,0,4,2,1.0986122886681098,1,2,2,2,2,2,1.0986122886681098,1,2,2,2,2,2,1.0986122886681098,1,2,2,2,2,2,6,2.0
17,2.8903717578961645,0,2,2,3,7,5,1.791759469228055,0,2,0,5,5,7,2.0794415416798357,0,1,2,0,7,5,1.791759469228055,0,2,0,5,5,1,1,2.0
30,3.4339872044851463,1,0,0,2,0,2,1.0986122886681098,1,2,2,2,2,28,3.367295829986474,1,1,3,0,8,2,1.0986122886681098,1,2,2,2,2,2,5,2.0
26,3.295836866004329,1,2,1,5,6,2,1.0986122886681098,1,2,2,2,2,17,2.8903717578961645,0,2,2,3,7,2,1.0986122886681098,1,2,2,2,2,1,3,2.0
17,2.8903717578961645,0,2,2,3,7,6,1.9459101490553132,1,0,1,6,6,10,2.3978952727983707,1,1,0,3,0,2,1.0986122886681098,1,2,2,2,2,1,2,589.0
13,2.6390573296152584,0,1,3,6,3,5,1.791759469228055,0,2,0,5,5,7,2.0794415416798357,0,1,2,0,7,2,1.0986122886681098,1,2,2,2,2,1,0,57.0
13,2.6390573296152584,0,1,3,6,3,4,1.6094379124341003,1,1,4,4,4,10,2.3978952727983707,1,1,0,3,0,2,1.0986122886681098,1,2,2,2,2,1,2,61.0
26,3.295836866004329,1,2,1,5,6,5,1.791759469228055,0,2,0,5,5,16,2.833213344056216,1,1,1,2,6,2,1.0986122886681098,1,2,2,2,2,1,2,8317.0
22,3.1354942159291497,1,1,2,1,2,4,1.6094379124341003,1,1,4,4,4,12,2.5649493574615367,1,0,2,5,2,3,1.3862943611198906,0,0,3,3,3,1,2,58.0
25,3.258096538021482,0,1,0,4,5,4,1.6094379124341003,1,1,4,4,4,20,3.044522437723423,1,2,0,6,0,2,1.0986122886681098,1,2,2,2,2,1,3,182.0
27,3.332204510175204,0,0,2,6,7,5,1.791759469228055,0,2,0,5,5,5,1.791759469228055,0,2,0,5,5,4,1.6094379124341003,1,1,4,4,4,1,1,112.0
26,3.295836866004329,1,2,1,5,6,5,1.791759469228055,0,2,0,5,5,15,2.772588722239781,0,0,0,1,5,4,1.6094379124341003,1,1,4,4,4,1,1,7.0
30,3.4339872044851463,1,0,0,2,0,5,1.791759469228055,0,2,0,5,5,16,2.833213344056216,1,1,1,2,6,5,1.791759469228055,0,2,0,5,5,1,3,2.0
14,2.70805020110221,1,2,4,0,4,5,1.791759469228055,0,2,0,5,5,12,2.5649493574615367,1,0,2,5,2,3,1.3862943611198906,0,0,3,3,3,1,1,127.0
15,2.772588722239781,0,0,0,1,5,3,1.3862943611198906,0,0,3,3,3,7,2.0794415416798357,0,1,2,0,7,2,1.0986122886681098,1,2,2,2,2,1,1,34.0
10,2.3978952727983707,1,1,0,3,0,5,1.791759469228055,0,2,0,5,5,7,2.0794415416798357,0,1,2,0,7,5,1.791759469228055,0,2,0,5,5,1,3,2.0
28,3.367295829986474,1,1,3,0,8,6,1.9459101490553132,1,0,1,6,6,8,2.1972245773362196,1,2,3,1,8,5,1.791759469228055,0,2,0,5,5,1,0,42.0
5,1.791759469228055,0,2,0,5,5,3,1.3862943611198906,0,0,3,3,3,5,1.791759469228055,0,2,0,5,5,3,1.3862943611198906,0,0,3,3,3,1,2,2.0
16,2.833213344056216,1,1,1,2,6,6,1.9459101490553132,1,0,1,6,6,11,2.4849066497880004,0,2,1,4,1,2,1.0986122886681098,1,2,2,2,2,1,2,769.0
26,3.295836866004329,1,2,1,5,6,5,1.791759469228055,0,2,0,5,5,25,3.258096538021482,0,1,0,4,5,5,1.791759469228055,0,2,0,5,5,1,3,2.0
24,3.2188758248682006,1,0,4,3,4,6,1.9459101490553132,1,0,1,6,6,24,3.2188758248682006,1,0,4,3,4,2,1.0986122886681098,1,2,2,2,2,2,6,2.0
27,3.332204510175204,0,0,2,6,7,5,1.791759469228055,0,2,0,5,5,10,2.3978952727983707,1,1,0,3,0,2,1.0986122886681098,1,2,2,2,2,1,2,2833.0
28,3.367295829986474,1,1,3,0,8,6,1.9459101490553132,1,0,1,6,6,17,2.8903717578961645,0,2,2,3,7,6,1.9459101490553132,1,0,1,6,6,1,1,2.0
27,3.332204510175204,0,0,2,6,7,5,1.791759469228055,0,2,0,5,5,18,2.9444389791664403,1,0,3,4,8,4,1.6094379124341003,1,1,4,4,4,1,0,73.0
18,2.9444389791664403,1,0,3,4,8,6,1.9459101490553132,1,0,1,6,6,16,2.833213344056216,1,1,1,2,6,6,1.9459101490553132,1,0,1,6,6,2,3,2.0
15,2.772588722239781,0,0,0,1,5,4,1.6094379124341003,1,1,4,4,4,14,2.70805020110221,1,2,4,0,4,3,1.3862943611198906,0,0,3,3,3,1,1,26.0
28,3.367295829986474,1,1,3,0,8,6,1.9459101490553132,1,0,1,6,6,10,2.3978952727983707,1,1,0,3,0,2,1.0986122886681098,1,2,2,2,2,2,3,6493.0
10,2.3978952727983707,1,1,0,3,0,3,1.3862943611198906,0,0,3,3,3,5,1.791759469228055,0,2,0,5,5,2,1.0986122886681098,1,2,2,2,2,1,2,7.0
21,3.091042453358316,0,0,1,0,1,5,1.791759469228055,0,2,0,5,5,16,2.833213344056216,1,1,1,2,6,4,1.6094379124341003,1,1,4,4,4,1,1,49.0
14,2.70805020110221,1,2,4,0,4,5,1.791759469228055,0,2,0,5,5,6,1.9459101490553132,1,0,1,6,6,3,1.3862943611198906,0,0,3,3,3,1,1,346.0
10,2.3978952727983707,1,1,0,3,0,6,1.9459101490553132,1,0,1,6,6,7,2.0794415416798357,0,1,2,0,7,2,1.0986122886681098,1,2,2,2,2,1,2,31.0
29,3.4011973816621555,0,2,4,1,9,5,1.791759469228055,0,2,0,5,5,16,2.833213344056216,1,1,1,2,6,2,1.0986122886681098,1,2,2,2,2,1,1,2123.0
22,3.1354942159291497,1,1,2,1,2,5,1.791759469228055,0,2,0,5,5,12,2.5649493574615367,1,0,2,5,2,5,1.791759469228055,0,2,0,5,5,1,1,2.0
24,3.2188758248682006,1,0,4,3,4,2,1.0986122886681098,1,2,2,2,2,6,1.9459101490553132,1,0,1,6,6,2,1.0986122886681098,1,2,2,2,2,2,6,2.0
23,3.1780538303479458,0,2,3,2,3,3,1.3862943611198906,0,0,3,3,3,22,3.1354942159291497,1,1,2,1,2,2,1.0986122886681098,1,2,2,2,2,1,1,43.0
30,3.4339872044851463,1,0,0,2,0,4,1.6094379124341003,1,1,4,4,4,28,3.367295829986474,1,1,3,0,8,3,1.3862943611198906,0,0,3,3,3,1,2,58.0
24,3.2188758248682006,1,0,4,3,4,3,1.3862943611198906,0,0,3,3,3,9,2.302585092994046,0,0,4,2,9,3,1.3862943611198906,0,0,3,3,3,3,5,2.0
11,2.4849066497880004,0,2,1,4,1,3,1.3862943611198906,0,0,3,3,3,6,1.9459101490553132,1,0,1,6,6,3,1.3862943611198906,0,0,3,3,3,1,3,2.0
19,2.995732273553991,0,1,4,5,9,4,1.6094379124341003,1,1,4,4,4,4,1.6094379124341003,1,1,4,4,4,3,1.3862943611198906,0,0,3,3,3,1,1,62.0
18,2.9444389791664403,1,0,3,4,8,5,1.791759469228055,0,2,0,5,5,11,2.4849066497880004,0,2,1,4,1,3,1.3862943611198906,0,0,3,3,3,1,1,29.0
9,2.302585092994046,0,0,4,2,9,4,1.6094379124341003,1,1,4,4,4,7,2.0794415416798357,0,1,2,0,7,3,1.3862943611198906,0,0,3,3,3,1,1,4.0
20,3.044522437723423,1,2,0,6,0,6,1.9459101490553132,1,0,1,6,6,14,2.70805020110221,1,2,4,0,4,2,1.0986122886681098,1,2,2,2,2,2,3,458.0
24,3.2188758248682006,1,0,4,3,4,2,1.0986122886681098,1,2,2,2,2,4,1.6094379124341003,1,1,4,4,4,2,1.0986122886681098,1,2,2,2,2,2,6,2.0
18,2.9444389791664403,1,0,3,4,8,5,1.791759469228055,0,2,0,5,5,10,2.3978952727983707,1,1,0,3,0,5,1.791759469228055,0,2,0,5,5,1,3,2.0
23,3.1780538303479458,0,2,3,2,3,5,1.791759469228055,0,2,0,5,5,22,3.1354942159291497,1,1,2,1,2,2,1.0986122886681098,1,2,2,2,2,1,1,41.0
29,3.4011973816621555,0,2,4,1,9,3,1.3862943611198906,0,0,3,3,3,12,2.5649493574615367,1,0,2,5,2,3,1.3862943611198906,0,0,3,3,3,1,3,2.0
22,3.1354942159291497,1,1,2,1,2,6,1.9459101490553132,1,0,1,6,6,22,3.1354942159291497,1,1,2,1,2,6,1.9459101490553132,1,0,1,6,6,2,2,2.0
29,3.4011973816621555,0,2,4,1,9,2,1.0986122886681098,1,2,2,2,2,18,2.9444389791664403,1,0,3,4,8,2,1.0986122886681098,1,2,2,2,2,1,3,2.0
14,2.70805020110221,1,2,4,0,4,3,1.3862943611198906,0,0,3,3,3,13,2.6390573296152584,0,1,3,6,3,3,1.3862943611198906,0,0,3,3,3,1,1,2.0
15,2.772588722239781,0,0,0,1,5,2,1.0986122886681098,1,2,2,2,2,10,2.3978952727983707,1,1,0,3,0,2,1.0986122886681098,1,2,2,2,2,1,3,2.0
26,3.295836866004329,1,2,1,5,6,6,1.9459101490553132,1,0,1,6,6,21,3.091042453358316,0,0,1,0,1,3,1.3862943611198906,0,0,3,3,3,1,2,2131.0
13,2.6390573296152584,0,1,3,6,3,6,1.9459101490553132,1,0,1,6,6,8,2.1972245773362196,1,2,3,1,8,5,1.791759469228055,0,2,0,5,5,1,0,12.0
17,2.8903717578961645,0,2,2,3,7,4,1.6094379124341003,1,1,4,4,4,11,2.4849066497880004,0,2,1,4,1,2,1.0986122886681098,1,2,2,2,2,1,1,15.0
29,3.4011973816621555,0,2,4,1,9,2,1.0986122886681098,1,2,2,2,2,27,3.332204510175204,0,0,2,6,7,2,1.0986122886681098,1,2,2,2,2,1,1,2.0
5,1.791759469228055,0,2,0,5,5,3,1.3862943611198906,0,0,3,3,3,3,1.3862943611198906,0,0,3,3,3,3,1.3862943611198906,0,0,3,3,3,1,3,2.0
12,2.5649493574615367,1,0,2,5,2,6,1.9459101490553132,1,0,1,6,6,8,2.1972245773362196,1,2,3,1,8,3,1.3862943611198906,0,0,3,3,3,1,3,33.0
30,3.4339872044851463,1,0,0,2,0,4,1.6094379124341003,1,1,4,4,4,13,2.6390573296152584,0,1,3,6,3,4,1.6094379124341003,1,1,4,4,4,1,1,2.0
16,2.833213344056216,1,1,1,2,6,5,1.791759469228055,0,2,0,5,5,13,2.6390573296152584,0,1,3,6,3,4,1.6094379124341003,1,1,4,4,4,1,1,11.0
14,2.70805020110221,1,2,4,0,4,4,1.6094379124341003,1,1,4,4,4,12,2.5649493574615367,1,0,2,5,2,4,1.6094379124341003,1,1,4,4,4,2,3,2.0
23,3.1780538303479458,0,2,3,2,3,4,1.6094379124341003,1,1,4,4,4,22,3.1354942159291497,1,1,2,1,2,4,1.6094379124341003,1,1,4,4,4,1,1,2.0
23,3.1780538303479458,0,2,3,2,3,5,1.791759469228055,0,2,0,5,5,19,2.995732273553991,0,1,4,5,9,4,1.6094379124341003,1,1,4,4,4,1,0,10.0
27,3.332204510175204,0,0,2,6,7,2,1.0986122886681098,1,2,2,2,2,23,3.1780538303479458,0,2,3,2,3,2,1.0986122886681098,1,2,2,2,2,1,1,2.0
7,2.0794415416798357,0,1,2,0,7,5,1.791759469228055,0,2,0,5,5,5,1.791759469228055,0,2,0,5,5,4,1.6094379124341003,1,1,4,4,4,1,1,12.0
27,3.332204510175204,0,0,2,6,7,4,1.6094379124341003,1,1,4,4,4,10,2.3978952727983707,1,1,0,3,0,2,1.0986122886681098,1,2,2,2,2,1,2,286.0
8,2.1972245773362196,1,2,3,1,8,4,1.6094379124341003,1,1,4,4,4,7,2.0794415416798357,0,1,2,0,7,2,1.0986122886681098,1,2,2,2,2,1,3,3.0
17,2.8903717578961645,0,2,2,3,7,6,1.9459101490553132,1,0,1,6,6,8,2.1972245773362196,1,2,3,1,8,2,1.0986122886681098,1,2,2,2,2,1,2,404.0
25,3.258096538021482,0,1,0,4,5,4,1.6094379124341003,1,1,4,4,4,7,2.0794415416798357,0,1,2,0,7,3,1.3862943611198906,0,0,3,3,3,1,0,20.0
26,3.295836866004329,1,2,1,5,6,4,1.6094379124341003,1,1,4,4,4,24,3.2188758248682006,1,0,4,3,4,4,1.6094379124341003,1,1,4,4,4,2,3,2.0
17,2.8903717578961645,0,2,2,3,7,6,1.9459101490553132,1,0,1,6,6,8,2.1972245773362196,1,2,3,1,8,6,1.9459101490553132,1,0,1,6,6,1,1,2.0
29,3.4011973816621555,0,2,4,1,9,6,1.9459101490553132,1,0,1,6,6,25,3.258096538021482,0,1,0,4,5,2,1.0986122886681098,1,2,2,2,2,1,1,4658.0
16,2.833213344056216,1,1,1,2,6,6,1.9459101490553132,1,0,1,6,6,9,2.302585092994046,0,0,4,2,9,2,1.0986122886681098,1,2,2,2,2,1,2,94.0
11,2.4849066497880004,0,2,1,4,1,3,1.3862943611198906,0,0,3,3,3,8,2.1972245773362196,1,2,3,1,8,3,1.3862943611198906,0,0,3,3,3,1,1,2.0
21,3.091042453358316,0,0,1,0,1,6,1.9459101490553132,1,0,1,6,6,10,2.3978952727983707,1,1,0,3,0,2,1.0986122886681098,1,2,2,2,2,1,2,1176.0
11,2.4849066497880004,0,2,1,4,1,4,1.6094379124341003,1,1,4,4,4,9,2.302585092994046,0,0,4,2,9,3,1.3862943611198906,0,0,3,3,3,1,1,10.0
24,3.2188758248682006,1,0,4,3,4,2,1.0986122886681098,1,2,2,2,2,9,2.302585092994046,0,0,4,2,9,2,1.0986122886681098,1,2,2,2,2,1,3,2.0
19,2.995732273553991,0,1,4,5,9,5,1.791759469228055,0,2,0,5,5,10,2.3978952727983707,1,1,0,3,0,4,1.6094379124341003,1,1,4,4,4,1,1,19.0
28,3.367295829986474,1,1,3,0,8,4,1.6094379124341003,1,1,4,4,4,14,2.70805020110221,1,2,4,0,4,2,1.0986122886681098,1,2,2,2,2,2,5,169.0
28,3.367295829986474,1,1,3,0,8,6,1.9459101490553132,1,0,1,6,6,11,2.4849066497880004,0,2,1,4,1,3,1.3862943611198906,0,0,3,3,3,1,1,359.0
19,2.995732273553991,0,1,4,5,9,6,1.9459101490553132,1,0,1,6,6,16,2.833213344056216,1,1,1,2,6,5,1.791759469228055,0,2,0,5,5,1,0,40.0
20,3.044522437723423,1,2,0,6,0,4,1.6094379124341003,1,1,4,4,4,20,3.044522437723423,1,2,0,6,0,3,1.3862943611198906,0,0,3,3,3,1,3,2.0
22,3.1354942159291497,1,1,2,1,2,6,1.9459101490553132,1,0,1,6,6,10,2.3978952727983707,1,1,0,3,0,4,1.6094379124341003,1,1,4,4,4,2,0,412.0
24,3.2188758248682006,1,0,4,3,4,4,1.6094379124341003,1,1,4,4,4,21,3.091042453358316,0,0,1,0,1,4,1.6094379124341003,1,1,4,4,4,1,3,2.0
29,3.4011973816621555,0,2,4,1,9,3,1.3862943611198906,0,0,3,3,3,11,2.4849066497880004,0,2,1,4,1,3,1.3862943611198906,0,0,3,3,3,1,1,2.0
26,3.295836866004329,1,2,1,5,6,3,1.3862943611198906,0,0,3,3,3,4,1.6094379124341003,1,1,4,4,4,3,1.3862943611198906,0,0,3,3,3,1,1,2.0
21,3.091042453358316,0,0,1,0,1,4,1.6094379124341003,1,1,4,4,4,14,2.70805020110221,1,2,4,0,4,2,1.0986122886681098,1,2,2,2,2,1,2,71.0
26,3.295836866004329,1,2,1,5,6,3,1.3862943611198906,0,0,3,3,3,8,2.1972245773362196,1,2,3,1,8,3,1.3862943611198906,0,0,3,3,3,1,1,2.0
12,2.5649493574615367,1,0,2,5,2,2,1.0986122886681098,1,2,2,2,2,5,1.791759469228055,0,2,0,5,5,2,1.0986122886681098,1,2,2,2,2,1,3,2.0
15,2.772588722239781,0,0,0,1,5,5,1.791759469228055,0,2,0,5,5,6,1.9459101490553132,1,0,1,6,6,5,1.791759469228055,0,2,0,5,5,1,3,2.0
29,3.4011973816621555,0,2,4,1,9,6,1.9459101490553132,1,0,1,6,6,23,3.1780538303479458,0,2,3,2,3,4,1.6094379124341003,1,1,4,4,4,1,0,101.0
29,3.4011973816621555,0,2,4,1,9,4,1.6094379124341003,1,1,4,4,4,10,2.3978952727983707,1,1,0,3,0,4,1.6094379124341003,1,1,4,4,4,1,1,2.0
15,2.772588722239781,0,0,0,1,5,3,1.3862943611198906,0,0,3,3,3,11,2.4849066497880004,0,2,1,4,1,2,1.0986122886681098,1,2,2,2,2,1,1,10.0
13,2.6390573296152584,0,1,3,6,3,6,1.9459101490553132,1,0,1,6,6,11,2.4849066497880004,0,2,1,4,1,5,1.791759469228055,0,2,0,5,5,1,0,4.0
29,3.4011973816621555,0,2,4,1,9,6,1.9459101490553132,1,0,1,6,6,9,2.302585092994046,0,0,4,2,9,4,1.6094379124341003,1,1,4,4,4,1,0,317.0
29,3.4011973816621555,0,2,4,1,9,6,1.9459101490553132,1,0,1,6,6,29,3.4011973816621555,0,2,4,1,9,3,1.3862943611198906,0,0,3,3,3,1,2,2.0
28,3.367295829986474,1,1,3,0,8,3,1.3862943611198906,0,0,3,3,3,8,2.1972245773362196,1,2,3,1,8,2,1.0986122886681098,1,2,2,2,2,1,2,12.0
27,3.332204510175204,0,0,2,6,7,3,1.3862943611198906,0,0,3,3,3,17,2.8903717578961645,0,2,2,3,7,2,1.0986122886681098,1,2,2,2,2,1,1,4.0
24,3.2188758248682006,1,0,4,3,4,3,1.3862943611198906,0,0,3,3,3,19,2.995732273553991,0,1,4,5,9,3,1.3862943611198906,0,0,3,3,3,1,3,2.0
20,3.044522437723423,1,2,0,6,0,5,1.791759469228055,0,2,0,5,5,12,2.5649493574615367,1,0,2,5,2,2,1.0986122886681098,1,2,2,2,2,1,3,175.0
20,3.044522437723423,1,2,0,6,0,6,1.9459101490553132,1,0,1,6,6,6,1.9459101490553132,1,0,1,6,6,5,1.791759469228055,0,2,0,5,5,1,2,86.0
24,3.2188758248682006,1,0,4,3,4,6,1.9459101490553132,1,0,1,6,6,15,2.772588722239781,0,0,0,1,5,6,1.9459101490553132,1,0,1,6,6,3,3,2.0
11,2.4849066497880004,0,2,1,4,1,6,1.9459101490553132,1,0,1,6,6,10,2.3978952727983707,1,1,0,3,0,2,1.0986122886681098,1,2,2,2,2,1,2,16.0
27,3.332204510175204,0,0,2,6,7,2,1.0986122886681098,1,2,2,2,2,24,3.2188758248682006,1,0,4,3,4,2,1.0986122886681098,1,2,2,2,2,1,3,2.0
11,2.4849066497880004,0,2,1,4,1,4,1.6094379124341003,1,1,4,4,4,11,2.4849066497880004,0,2,1,4,1,3,1.3862943611198906,0,0,3,3,3,1,1,2.0
9,2.302585092994046,0,0,4,2,9,4,1.6094379124341003,1,1,4,4,4,7,2.0794415416798357,0,1,2,0,7,4,1.6094379124341003,1,1,4,4,4,1,1,2.0
27,3.332204510175204,0,0,2,6,7,2,1.0986122886681098,1,2,2,2,2,20,3.044522437723423,1,2,0,6,0,2,1.0986122886681098,1,2,2,2,2,1,3,2.0
15,2.772588722239781,0,0,0,1,5,5,1.791759469228055,0,2,0,5,5,14,2.70805020110221,1,2,4,0,4,3,1.3862943611198906,0,0,3,3,3,1,2,5.0
12,2.5649493574615367,1,0,2,5,2,3,1.3862943611198906,0,0,3,3,3,11,2.4849066497880004,0,2,1,4,1,2,1.0986122886681098,1,2,2,2,2,1,2,7.0
15,2.772588722239781,0,0,0,1,5,2,1.0986122886681098,1,2,2,2,2,14,2.70805020110221,1,2,4,0,4,2,1.0986122886681098,1,2,2,2,2,1,3,2.0
14,2.70805020110221,1,2,4,0,4,6,1.9459101490553132,1,0,1,6,6,10,2.3978952727983707,1,1,0,3,0,2,1.0986122886681098,1,2,2,2,2,2,3,153.0
16,2.833213344056216,1,1,1,2,6,6,1.9459101490553132,1,0,1,6,6,15,2.772588722239781,0,0,0,1,5,5,1.791759469228055,0,2,0,5,5,1,1,13.0
8,2.1972245773362196,1,2,3,1,8,4,1.6094379124341003,1,1,4,4,4,4,1.6094379124341003,1,1,4,4,4,3,1.3862943611198906,0,0,3,3,3,1,3,18.0
21,3.091042453358316,0,0,1,0,1,4,1.6094379124341003,1,1,4,4,4,4,1.6094379124341003,1,1,4,4,4,4,1.6094379124341003,1,1,4,4,4,1,3,2.0
30,3.4339872044851463,1,0,0,2,0,5,1.791759469228055,0,2,0,5,5,6,1.9459101490553132,1,0,1,6,6,3,1.3862943611198906,0,0,3,3,3,1,4,982.0
25,3.258096538021482,0,1,0,4,5,4,1.6094379124341003,1,1,4,4,4,21,3.091042453358316,0,0,1,0,1,2,1.0986122886681098,1,2,2,2,2,1,1,530.0
23,3.1780538303479458,0,2,3,2,3,6,1.9459101490553132,1,0,1,6,6,9,2.302585092994046,0,0,4,2,9,6,1.9459101490553132,1,0,1,6,6,1,1,2.0
29,3.4011973816621555,0,2,4,1,9,6,1.9459101490553132,1,0,1,6,6,25,3.258096538021482,0,1,0,4,5,3,1.3862943611198906,0,0,3,3,3,1,1,1417.0
26,3.295836866004329,1,2,1,5,6,5,1.791759469228055,0,2,0,5,5,24,3.2188758248682006,1,0,4,3,4,4,1.6094379124341003,1,1,4,4,4,1,1,5.0
23,3.1780538303479458,0,2,3,2,3,6,1.9459101490553132,1,0,1,6,6,11,2.4849066497880004,0,2,1,4,1,4,1.6094379124341003,1,1,4,4,4,1,0,428.0
16,2.833213344056216,1,1,1,2,6,3,1.3862943611198906,0,0,3,3,3,12,2.5649493574615367,1,0,2,5,2,3,1.3862943611198906,0,0,3,3,3,1,3,2.0
10,2.3978952727983707,1,1,0,3,0,2,1.0986122886681098,1,2,2,2,2,4,1.6094379124341003,1,1,4,4,4,2,1.0986122886681098,1,2,2,2,2,2,5,2.0
25,3.258096538021482,0,1,0,4,5,5,1.791759469228055,0,2,0,5,5,9,2.302585092994046,0,0,4,2,9,2,1.0986122886681098,1,2,2,2,2,1,1,258.0
21,3.091042453358316,0,0,1,0,1,5,1.791759469228055,0,2,0,5,5,14,2.70805020110221,1,2,4,0,4,5,1.791759469228055,0,2,0,5,5,1,1,2.0
19,2.995732273553991,0,1,4,5,9,4,1.6094379124341003,1,1,4,4,4,11,2.4849066497880004,0,2,1,4,1,4,1.6094379124341003,1,1,4,4,4,1,1,2.0
21,3.091042453358316,0,0,1,0,1,4,1.6094379124341003,1,1,4,4,4,19,2.995732273553991,0,1,4,5,9,4,1.6094379124341003,1,1,4,4,4,1,1,2.0
20,3.044522437723423,1,2,0,6,0,4,1.6094379124341003,1,1,4,4,4,12,2.5649493574615367,1,0,2,5,2,4,1.6094379124341003,1,1,4,4,4,4,5,2.0
29,3.4011973816621555,0,2,4,1,9,5,1.791759469228055,0,2,0,5,5,18,2.9444389791664403,1,0,3,4,8,4,1.6094379124341003,1,1,4,4,4,1,0,83.0
27,3.332204510175204,0,0,2,6,7,6,1.9459101490553132,1,0,1,6,6,26,3.295836866004329,1,2,1,5,6,4,1.6094379124341003,1,1,4,4,4,1,0,16.0
27,3.332204510175204,0,0,2,6,7,4,1.6094379124341003,1,1,4,4,4,14,2.70805020110221,1,2,4,0,4,2,1.0986122886681098,1,2,2,2,2,1,2,152.0
26,3.295836866004329,1,2,1,5,6,4,1.6094379124341003,1,1,4,4,4,4,1.6094379124341003,1,1,4,4,4,3,1.3862943611198906,0,0,3,3,3,1,1,90.0
11,2.4849066497880004,0,2,1,4,1,6,1.9459101490553132,1,0,1,6,6,8,2.1972245773362196,1,2,3,1,8,4,1.6094379124341003,1,1,4,4,4,1,1,31.0
13,2.6390573296152584,0,1,3,6,3,5,1.791759469228055,0,2,0,5,5,5,1.791759469228055,0,2,0,5,5,2,1.0986122886681098,1,2,2,2,2,1,1,882.0
17,2.8903717578961645,0,2,2,3,7,4,1.6094379124341003,1,1,4,4,4,16,2.833213344056216,1,1,1,2,6,4,1.6094379124341003,1,1,4,4,4,1,3,2.0
14,2.70805020110221,1,2,4,0,4,2,1.0986122886681098,1,2,2,2,2,8,2.1972245773362196,1,2,3,1,8,2,1.0986122886681098,1,2,2,2,2,2,5,2.0
16,2.833213344056216,1,1,1,2,6,6,1.9459101490553132,1,0,1,6,6,11,2.4849066497880004,0,2,1,4,1,4,1.6094379124341003,1,1,4,4,4,1,1,99.0
13,2.6390573296152584,0,1,3,6,3,6,1.9459101490553132,1,0,1,6,6,9,2.302585092994046,0,0,4,2,9,4,1.6094379124341003,1,1,4,4,4,1,0,17.0
17,2.8903717578961645,0,2,2,3,7,5,1.791759469228055,0,2,0,5,5,17,2.8903717578961645,0,2,2,3,7,3,1.3862943611198906,0,0,3,3,3,1,1,2.0
22,3.1354942159291497,1,1,2,1,2,4,1.6094379124341003,1,1,4,4,4,22,3.1354942159291497,1,1,2,1,2,2,1.0986122886681098,1,2,2,2,2,2,4,2.0
15,2.772588722239781,0,0,0,1,5,3,1.3862943611198906,0,0,3,3,3,6,1.9459101490553132,1,0,1,6,6,2,1.0986122886681098,1,2,2,2,2,1,3,35.0
10,2.3978952727983707,1,1,0,3,0,5,1.791759469228055,0,2,0,5,5,7,2.0794415416798357,0,1,2,0,7,4,1.6094379124341003,1,1,4,4,4,1,1,7.0
26,3.295836866004329,1,2,1,5,6,3,1.3862943611198906,0,0,3,3,3,20,3.044522437723423,1,2,0,6,0,3,1.3862943611198906,0,0,3,3,3,1,1,2.0
18,2.9444389791664403,1,0,3,4,8,6,1.9459101490553132,1,0,1,6,6,15,2.772588722239781,0,0,0,1,5,4,1.6094379124341003,1,1,4,4,4,1,1,254.0
15,2.772588722239781,0,0,0,1,5,5,1.791759469228055,0,2,0,5,5,11,2.4849066497880004,0,2,1,4,1,3,1.3862943611198906,0,0,3,3,3,1,2,7.0
7,2.0794415416798357,0,1,2,0,7,3,1.3862943611198906,0,0,3,3,3,5,1.791759469228055,0,2,0,5,5,3,1.3862943611198906,0,0,3,3,3,1,1,2.0
29,3.4011973816621555,0,2,4,1,9,6,1.9459101490553132,1,0,1,6,6,7,2.0794415416798357,0,1,2,0,7,6,1.9459101490553132,1,0,1,6,6,1,1,2.0
8,2.1972245773362196,1,2,3,1,8,5,1.791759469228055,0,2,0,5,5,7,2.0794415416798357,0,1,2,0,7,3,1.3862943611198906,0,0,3,3,3,1,0,11.0
21,3.091042453358316,0,0,1,0,1,3,1.3862943611198906,0,0,3,3,3,12,2.5649493574615367,1,0,2,5,2,2,1.0986122886681098,1,2,2,2,2,1,3,47.0
12,2.5649493574615367,1,0,2,5,2,4,1.6094379124341003,1,1,4,4,4,4,1.6094379124341003,1,1,4,4,4,3,1.3862943611198906,0,0,3,3,3,1,4,34.0
20,3.044522437723423,1,2,0,6,0,3,1.3862943611198906,0,0,3,3,3,18,2.9444389791664403,1,0,3,4,8,2,1.0986122886681098,1,2,2,2,2,1,3,19.0
10,2.3978952727983707,1,1,0,3,0,4,1.6094379124341003,1,1,4,4,4,8,2.1972245773362196,1,2,3,1,8,2,1.0986122886681098,1,2,2,2,2,2,4,4.0
30,3.4339872044851463,1,0,0,2,0,3,1.3862943611198906,0,0,3,3,3,21,3.091042453358316,0,0,1,0,1,3,1.3862943611198906,0,0,3,3,3,3,5,2.0
17,2.8903717578961645,0,2,2,3,7,6,1.9459101490553132,1,0,1,6,6,17,2.8903717578961645,0,2,2,3,7,2,1.0986122886681098,1,2,2,2,2,1,2,2.0
20,3.044522437723423,1,2,0,6,0,3,1.3862943611198906,0,0,3,3,3,12,2.5649493574615367,1,0,2,5,2,2,1.0986122886681098,1,2,2,2,2,1,3,22.0
16,2.833213344056216,1,1,1,2,6,5,1.791759469228055,0,2,0,5,5,10,2.3978952727983707,1,1,0,3,0,3,1.3862943611198906,0,0,3,3,3,1,1,99.0
25,3.258096538021482,0,1,0,4,5,4,1.6094379124341003,1,1,4,4,4,21,3.091042453358316,0,0,1,0,1,4,1.6094379124341003,1,1,4,4,4,1,1,2.0
21,3.091042453358316,0,0,1,0,1,5,1.791759469228055,0,2,0,5,5,10,2.3978952727983707,1,1,0,3,0,3,1.3862943611198906,0,0,3,3,3,1,2,523.0
15,2.772588722239781,0,0,0,1,5,5,1.791759469228055,0,2,0,5,5,13,2.6390573296152584,0,1,3,6,3,3,1.3862943611198906,0,0,3,3,3,1,2,10.0
29,3.4011973816621555,0,2,4,1,9,5,1.791759469228055,0,2,0,5,5,26,3.295836866004329,1,2,1,5,6,2,1.0986122886681098,1,2,2,2,2,1,1,2839.0
19,2.995732273553991,0,1,4,5,9,4,1.6094379124341003,1,1,4,4,4,5,1.791759469228055,0,2,0,5,5,4,1.6094379124341003,1,1,4,4,4,1,1,2.0
23,3.1780538303479458,0,2,3,2,3,5,1.791759469228055,0,2,0,5,5,5,1.791759469228055,0,2,0,5,5,4,1.6094379124341003,1,1,4,4,4,1,1,92.0
26,3.295836866004329,1,2,1,5,6,3,1.3862943611198906,0,0,3,3,3,17,2.8903717578961645,0,2,2,3,7,2,1.0986122886681098,1,2,2,2,2,1,1,19.0
20,3.044522437723423,1,2,0,6,0,3,1.3862943611198906,0,0,3,3,3,13,2.6390573296152584,0,1,3,6,3,2,1.0986122886681098,1,2,2,2,2,1,1,43.0
22,3.1354942159291497,1,1,2,1,2,5,1.791759469228055,0,2,0,5,5,18,2.9444389791664403,1,0,3,4,8,2,1.0986122886681098,1,2,2,2,2,1,2,57.0
22,3.1354942159291497,1,1,2,1,2,6,1.9459101490553132,1,0,1,6,6,6,1.9459101490553132,1,0,1,6,6,5,1.791759469228055,0,2,0,5,5,1,1,98.0
24,3.2188758248682006,1,0,4,3,4,6,1.9459101490553132,1,0,1,6,6,6,1.9459101490553132,1,0,1,6,6,2,1.0986122886681098,1,2,2,2,2,2,6,64625.0
11,2.4849066497880004,0,2,1,4,1,5,1.791759469228055,0,2,0,5,5,7,2.0794415416798357,0,1,2,0,7,4,1.6094379124341003,1,1,4,4,4,1,0,26.0
11,2.4849066497880004,0,2,1,4,1,3,1.3862943611198906,0,0,3,3,3,9,2.302585092994046,0,0,4,2,9,3,1.3862943611198906,0,0,3,3,3,1,3,2.0
16,2.833213344056216,1,1,1,2,6,4,1.6094379124341003,1,1,4,4,4,14,2.70805020110221,1,2,4,0,4,2,1.0986122886681098,1,2,2,2,2,2,4,31.0
16,2.833213344056216,1,1,1,2,6,6,1.9459101490553132,1,0,1,6,6,16,2.833213344056216,1,1,1,2,6,4,1.6094379124341003,1,1,4,4,4,2,3,2.0
20,3.044522437723423,1,2,0,6,0,6,1.9459101490553132,1,0,1,6,6,13,2.6390573296152584,0,1,3,6,3,4,1.6094379124341003,1,1,4,4,4,1,1,16.0
26,3.295836866004329,1,2,1,5,6,4,1.6094379124341003,1,1,4,4,4,8,2.1972245773362196,1,2,3,1,8,2,1.0986122886681098,1,2,2,2,2,2,4,388.0
29,3.4011973816621555,0,2,4,1,9,2,1.0986122886681098,1,2,2,2,2,4,1.6094379124341003,1,1,4,4,4,2,1.0986122886681098,1,2,2,2,2,1,3,2.0
12,2.5649493574615367,1,0,2,5,2,4,1.6094379124341003,1,1,4,4,4,11,2.4849066497880004,0,2,1,4,1,2,1.0986122886681098,1,2,2,2,2,1,3,5.0
9,2.302585092994046,0,0,4,2,9,4,1.6094379124341003,1,1,4,4,4,5,1.791759469228055,0,2,0,5,5,3,1.3862943611198906,0,0,3,3,3,1,1,10.0
17,2.8903717578961645,0,2,2,3,7,2,1.0986122886681098,1,2,2,2,2,13,2.6390573296152584,0,1,3,6,3,2,1.0986122886681098,1,2,2,2,2,1,1,2.0
23,3.1780538303479458,0,2,3,2,3,3,1.3862943611198906,0,0,3,3,3,14,2.70805020110221,1,2,4,0,4,3,1.3862943611198906,0,0,3,3,3,1,1,2.0
11,2.4849066497880004,0,2,1,4,1,5,1.791759469228055,0,2,0,5,5,10,2.3978952727983707,1,1,0,3,0,3,1.3862943611198906,0,0,3,3,3,1,1,17.0
25,3.258096538021482,0,1,0,4,5,2,1.0986122886681098,1,2,2,2,2,5,1.791759469228055,0,2,0,5,5,2,1.0986122886681098,1,2,2,2,2,1,2,2.0
20,3.044522437723423,1,2,0,6,0,6,1.9459101490553132,1,0,1,6,6,11,2.4849066497880004,0,2,1,4,1,2,1.0986122886681098,1,2,2,2,2,1,2,572.0
19,2.995732273553991,0,1,4,5,9,5,1.791759469228055,0,2,0,5,5,10,2.3978952727983707,1,1,0,3,0,2,1.0986122886681098,1,2,2,2,2,1,2,583.0
25,3.258096538021482,0,1,0,4,5,6,1.9459101490553132,1,0,1,6,6,21,3.091042453358316,0,0,1,0,1,4,1.6094379124341003,1,1,4,4,4,1,0,283.0
28,3.367295829986474,1,1,3,0,8,5,1.791759469228055,0,2,0,5,5,12,2.5649493574615367,1,0,2,5,2,3,1.3862943611198906,0,0,3,3,3,1,1,136.0
23,3.1780538303479458,0,2,3,2,3,6,1.9459101490553132,1,0,1,6,6,11,2.4849066497880004,0,2,1,4,1,6,1.9459101490553132,1,0,1,6,6,1,1,2.0
21,3.091042453358316,0,0,1,0,1,4,1.6094379124341003,1,1,4,4,4,8,2.1972245773362196,1,2,3,1,8,3,1.3862943611198906,0,0,3,3,3,1,2,62.0
28,3.367295829986474,1,1,3,0,8,4,1.6094379124341003,1,1,4,4,4,4,1.6094379124341003,1,1,4,4,4,3,1.3862943611198906,0,0,3,3,3,1,3,98.0
16,2.833213344056216,1,1,1,2,6,3,1.3862943611198906,0,0,3,3,3,8,2.1972245773362196,1,2,3,1,8,2,1.0986122886681098,1,2,2,2,2,1,3,6.0
22,3.1354942159291497,1,1,2,1,2,3,1.3862943611198906,0,0,3,3,3,12,2.5649493574615367,1,0,2,5,2,2,1.0986122886681098,1,2,2,2,2,1,3,5.0
19,2.995732273553991,0,1,4,5,9,6,1.9459101490553132,1,0,1,6,6,14,2.70805020110221,1,2,4,0,4,4,1.6094379124341003,1,1,4,4,4,1,0,26.0
24,3.2188758248682006,1,0,4,3,4,5,1.791759469228055,0,2,0,5,5,11,2.4849066497880004,0,2,1,4,1,5,1.791759469228055,0,2,0,5,5,1,1,2.0
28,3.367295829986474,1,1,3,0,8,3,1.3862943611198906,0,0,3,3,3,26,3.295836866004329,1,2,1,5,6,2,1.0986122886681098,1,2,2,2,2,1,2,9.0
16,2.833213344056216,1,1,1,2,6,3,1.3862943611198906,0,0,3,3,3,3,1.3862943611198906,0,0,3,3,3,2,1.0986122886681098,1,2,2,2,2,1,2,41.0
11,2.4849066497880004,0,2,1,4,1,5,1.791759469228055,0,2,0,5,5,9,2.302585092994046,0,0,4,2,9,5,1.791759469228055,0,2,0,5,5,1,1,2.0
21,3.091042453358316,0,0,1,0,1,3,1.3862943611198906,0,0,3,3,3,14,2.70805020110221,1,2,4,0,4,2,1.0986122886681098,1,2,2,2,2,1,2,15.0
26,3.295836866004329,1,2,1,5,6,2,1.0986122886681098,1,2,2,2,2,13,2.6390573296152584,0,1,3,6,3,2,1.0986122886681098,1,2,2,2,2,1,4,2.0
15,2.772588722239781,0,0,0,1,5,3,1.3862943611198906,0,0,3,3,3,11,2.4849066497880004,0,2,1,4,1,3,1.3862943611198906,0,0,3,3,3,1,3,2.0
21,3.091042453358316,0,0,1,0,1,2,1.0986122886681098,1,2,2,2,2,17,2.8903717578961645,0,2,2,3,7,2,1.0986122886681098,1,2,2,2,2,1,1,2.0
9,2.302585092994046,0,0,4,2,9,6,1.9459101490553132,1,0,1,6,6,9,2.302585092994046,0,0,4,2,9,4,1.6094379124341003,1,1,4,4,4,1,1,2.0
30,3.4339872044851463,1,0,0,2,0,6,1.9459101490553132,1,0,1,6,6,12,2.5649493574615367,1,0,2,5,2,5,1.791759469228055,0,2,0,5,5,1,3,122.0
21,3.091042453358316,0,0,1,0,1,3,1.3862943611198906,0,0,3,3,3,3,1.3862943611198906,0,0,3,3,3,3,1.3862943611198906,0,0,3,3,3,3,6,2.0
22,3.1354942159291497,1,1,2,1,2,3,1.3862943611198906,0,0,3,3,3,17,2.8903717578961645,0,2,2,3,7,2,1.0986122886681098,1,2,2,2,2,1,1,3.0
21,3.091042453358316,0,0,1,0,1,4,1.6094379124341003,1,1,4,4,4,16,2.833213344056216,1,1,1,2,6,3,1.3862943611198906,0,0,3,3,3,1,2,46.0
15,2.772588722239781,0,0,0,1,5,3,1.3862943611198906,0,0,3,3,3,13,2.6390573296152584,0,1,3,6,3,2,1.0986122886681098,1,2,2,2,2,1,1,28.0
20,3.044522437723423,1,2,0,6,0,4,1.6094379124341003,1,1,4,4,4,10,2.3978952727983707,1,1,0,3,0,2,1.0986122886681098,1,2,2,2,2,2,5,243.0
18,2.9444389791664403,1,0,3,4,8,2,1.0986122886681098,1,2,2,2,2,5,1.791759469228055,0,2,0,5,5,2,1.0986122886681098,1,2,2,2,2,1,3,2.0
28,3.367295829986474,1,1,3,0,8,6,1.9459101490553132,1,0,1,6,6,14,2.70805020110221,1,2,4,0,4,4,1.6094379124341003,1,1,4,4,4,2,2,125.0
30,3.4339872044851463,1,0,0,2,0,6,1.9459101490553132,1,0,1,6,6,23,3.1780538303479458,0,2,3,2,3,6,1.9459101490553132,1,0,1,6,6,1,3,2.0
22,3.1354942159291497,1,1,2,1,2,2,1.0986122886681098,1,2,2,2,2,10,2.3978952727983707,1,1,0,3,0,2,1.0986122886681098,1,2,2,2,2,2,5,2.0
13,2.6390573296152584,0,1,3,6,3,6,1.9459101490553132,1,0,1,6,6,11,2.4849066497880004,0,2,1,4,1,6,1.9459101490553132,1,0,1,6,6,1,1,2.0
29,3.4011973816621555,0,2,4,1,9,5,1.791759469228055,0,2,0,5,5,25,3.258096538021482,0,1,0,4,5,4,1.6094379124341003,1,1,4,4,4,1,1,62.0
25,3.258096538021482,0,1,0,4,5,3,1.3862943611198906,0,0,3,3,3,5,1.791759469228055,0,2,0,5,5,3,1.3862943611198906,0,0,3,3,3,1,2,2.0
19,2.995732273553991,0,1,4,5,9,4,1.6094379124341003,1,1,4,4,4,5,1.791759469228055,0,2,0,5,5,2,1.0986122886681098,1,2,2,2,2,1,1,212.0
11,2.4849066497880004,0,2,1,4,1,2,1.0986122886681098,1,2,2,2,2,6,1.9459101490553132,1,0,1,6,6,2,1.0986122886681098,1,2,2,2,2,1,3,2.0
27,3.332204510175204,0,0,2,6,7,3,1.3862943611198906,0,0,3,3,3,14,2.70805020110221,1,2,4,0,4,2,1.0986122886681098,1,2,2,2,2,1,2,21.0
29,3.4011973816621555,0,2,4,1,9,5,1.791759469228055,0,2,0,5,5,13,2.6390573296152584,0,1,3,6,3,2,1.0986122886681098,1,2,2,2,2,1,0,7078.0
10,2.3978952727983707,1,1,0,3,0,6,1.9459101490553132,1,0,1,6,6,6,1.9459101490553132,1,0,1,6,6,5,1.791759469228055,0,2,0,5,5,1,2,26.0
30,3.4339872044851463,1,0,0,2,0,5,1.791759469228055,0,2,0,5,5,7,2.0794415416798357,0,1,2,0,7,5,1.791759469228055,0,2,0,5,5,1,3,2.0
19,2.995732273553991,0,1,4,5,9,6,1.9459101490553132,1,0,1,6,6,17,2.8903717578961645,0,2,2,3,7,2,1.0986122886681098,1,2,2,2,2,1,1,83.0
14,2.70805020110221,1,2,4,0,4,4,1.6094379124341003,1,1,4,4,4,10,2.3978952727983707,1,1,0,3,0,4,1.6094379124341003,1,1,4,4,4,2,1,2.0
30,3.4339872044851463,1,0,0,2,0,3,1.3862943611198906,0,0,3,3,3,9,2.302585092994046,0,0,4,2,9,2,1.0986122886681098,1,2,2,2,2,1,3,11.0
18,2.9444389791664403,1,0,3,4,8,2,1.0986122886681098,1,2,2,2,2,12,2.5649493574615367,1,0,2,5,2,2,1.0986122886681098,1,2,2,2,2,2,5,2.0
29,3.4011973816621555,0,2,4,1,9,3,1.3862943611198906,0,0,3,3,3,20,3.044522437723423,1,2,0,6,0,3,1.3862943611198906,0,0,3,3,3,1,1,2.0
22,3.1354942159291497,1,1,2,1,2,5,1.791759469228055,0,2,0,5,5,13,2.6390573296152584,0,1,3,6,3,2,1.0986122886681098,1,2,2,2,2,1,1,221.0
15,2.772588722239781,0,0,0,1,5,6,1.9459101490553132,1,0,1,6,6,9,2.302585092994046,0,0,4,2,9,6,1.9459101490553132,1,0,1,6,6,3,1,2.0
25,3.258096538021482,0,1,0,4,5,6,1.9459101490553132,1,0,1,6,6,22,3.1354942159291497,1,1,2,1,2,2,1.0986122886681098,1,2,2,2,2,1,2,3269.0
11,2.4849066497880004,0,2,1,4,1,6,1.9459101490553132,1,0,1,6,6,6,1.9459101490553132,1,0,1,6,6,6,1.9459101490553132,1,0,1,6,6,1,3,2.0
13,2.6390573296152584,0,1,3,6,3,5,1.791759469228055,0,2,0,5,5,9,2.302585092994046,0,0,4,2,9,5,1.791759469228055,0,2,0,5,5,1,1,2.0
22,3.1354942159291497,1,1,2,1,2,6,1.9459101490553132,1,0,1,6,6,16,2.833213344056216,1,1,1,2,6,5,1.791759469228055,0,2,0,5,5,1,0,58.0
22,3.1354942159291497,1,1,2,1,2,6,1.9459101490553132,1,0,1,6,6,12,2.5649493574615367,1,0,2,5,2,6,1.9459101490553132,1,0,1,6,6,2,3,2.0
24,3.2188758248682006,1,0,4,3,4,4,1.6094379124341003,1,1,4,4,4,15,2.772588722239781,0,0,0,1,5,3,1.3862943611198906,0,0,3,3,3,1,3,5.0
24,3.2188758248682006,1,0,4,3,4,3,1.3862943611198906,0,0,3,3,3,21,3.091042453358316,0,0,1,0,1,2,1.0986122886681098,1,2,2,2,2,1,3,47.0
19,2.995732273553991,0,1,4,5,9,3,1.3862943611198906,0,0,3,3,3,9,2.302585092994046,0,0,4,2,9,3,1.3862943611198906,0,0,3,3,3,1,3,2.0
28,3.367295829986474,1,1,3,0,8,4,1.6094379124341003,1,1,4,4,4,13,2.6390573296152584,0,1,3,6,3,4,1.6094379124341003,1,1,4,4,4,1,3,2.0
14,2.70805020110221,1,2,4,0,4,4,1.6094379124341003,1,1,4,4,4,14,2.70805020110221,1,2,4,0,4,4,1.6094379124341003,1,1,4,4,4,2,2,2.0
16,2.833213344056216,1,1,1,2,6,4,1.6094379124341003,1,1,4,4,4,4,1.6094379124341003,1,1,4,4,4,2,1.0986122886681098,1,2,2,2,2,2,6,446.0
16,2.833213344056216,1,1,1,2,6,3,1.3862943611198906,0,0,3,3,3,11,2.4849066497880004,0,2,1,4,1,2,1.0986122886681098,1,2,2,2,2,1,1,11.0
28,3.367295829986474,1,1,3,0,8,5,1.791759469228055,0,2,0,5,5,11,2.4849066497880004,0,2,1,4,1,2,1.0986122886681098,1,2,2,2,2,1,1,431.0
22,3.1354942159291497,1,1,2,1,2,4,1.6094379124341003,1,1,4,4,4,18,2.9444389791664403,1,0,3,4,8,4,1.6094379124341003,1,1,4,4,4,2,1,2.0
24,3.2188758248682006,1,0,4,3,4,4,1.6094379124341003,1,1,4,4,4,5,1.791759469228055,0,2,0,5,5,3,1.3862943611198906,0,0,3,3,3,1,2,40.0
16,2.833213344056216,1,1,1,2,6,3,1.3862943611198906,0,0,3,3,3,7,2.0794415416798357,0,1,2,0,7,3,1.3862943611198906,0,0,3,3,3,1,1,2.0
18,2.9444389791664403,1,0,3,4,8,5,1.791759469228055,0,2,0,5,5,8,2.1972245773362196,1,2,3,1,8,3,1.3862943611198906,0,0,3,3,3,1,1,119.0
30,3.4339872044851463,1,0,0,2,0,6,1.9459101490553132,1,0,1,6,6,20,3.044522437723423,1,2,0,6,0,5,1.791759469228055,0,2,0,5,5,1,3,6.0
8,2.1972245773362196,1,2,3,1,8,4,1.6094379124341003,1,1,4,4,4,8,2.1972245773362196,1,2,3,1,8,2,1.0986122886681098,1,2,2,2,2,2,6,2.0
19,2.995732273553991,0,1,4,5,9,2,1.0986122886681098,1,2,2,2,2,18,2.9444389791664403,1,0,3,4,8,2,1.0986122886681098,1,2,2,2,2,1,3,2.0
28,3.367295829986474,1,1,3,0,8,6,1.9459101490553132,1,0,1,6,6,24,3.2188758248682006,1,0,4,3,4,5,1.791759469228055,0,2,0,5,5,1,1,62.0
18,2.9444389791664403,1,0,3,4,8,4,1.6094379124341003,1,1,4,4,4,9,2.302585092994046,0,0,4,2,9,2,1.0986122886681098,1,2,2,2,2,1,3,128.0
22,3.1354942159291497,1,1,2,1,2,3,1.3862943611198906,0,0,3,3,3,16,2.833213344056216,1,1,1,2,6,2,1.0986122886681098,1,2,2,2,2,1,2,23.0
24,3.2188758248682006,1,0,4,3,4,2,1.0986122886681098,1,2,2,2,2,10,2.3978952727983707,1,1,0,3,0,2,1.0986122886681098,1,2,2,2,2,2,5,2.0
9,2.302585092994046,0,0,4,2,9,6,1.9459101490553132,1,0,1,6,6,6,1.9459101490553132,1,0,1,6,6,3,1.3862943611198906,0,0,3,3,3,3,4,85.0
20,3.044522437723423,1,2,0,6,0,6,1.9459101490553132,1,0,1,6,6,13,2.6390573296152584,0,1,3,6,3,5,1.791759469228055,0,2,0,5,5,1,1,29.0
30,3.4339872044851463,1,0,0,2,0,3,1.3862943611198906,0,0,3,3,3,12,2.5649493574615367,1,0,2,5,2,3,1.3862943611198906,0,0,3,3,3,3,5,2.0
28,3.367295829986474,1,1,3,0,8,5,1.791759469228055,0,2,0,5,5,16,2.833213344056216,1,1,1,2,6,5,1.791759469228055,0,2,0,5,5,1,1,2.0
20,3.044522437723423,1,2,0,6,0,5,1.791759469228055,0,2,0,5,5,6,1.9459101490553132,1,0,1,6,6,3,1.3862943611198906,0,0,3,3,3,1,2,1021.0
25,3.258096538021482,0,1,0,4,5,6,1.9459101490553132,1,0,1,6,6,7,2.0794415416798357,0,1,2,0,7,4,1.6094379124341003,1,1,4,4,4,1,0,821.0
23,3.1780538303479458,0,2,3,2,3,6,1.9459101490553132,1,0,1,6,6,20,3.044522437723423,1,2,0,6,0,3,1.3862943611198906,0,0,3,3,3,1,1,2451.0
28,3.367295829986474,1,1,3,0,8,6,1.9459101490553132,1,0,1,6,6,24,3.2188758248682006,1,0,4,3,4,4,1.6094379124341003,1,1,4,4,4,2,3,71.0
18,2.9444389791664403,1,0,3,4,8,6,1.9459101490553132,1,0,1,6,6,11,2.4849066497880004,0,2,1,4,1,2,1.0986122886681098,1,2,2,2,2,1,3,122.0
21,3.091042453358316,0,0,1,0,1,5,1.791759469228055,0,2,0,5,5,10,2.3978952727983707,1,1,0,3,0,5,1.791759469228055,0,2,0,5,5,1,3,2.0
23,3.1780538303479458,0,2,3,2,3,2,1.0986122886681098,1,2,2,2,2,12,2.5649493574615367,1,0,2,5,2,2,1.0986122886681098,1,2,2,2,2,1,3,2.0
15,2.772588722239781,0,0,0,1,5,4,1.6094379124341003,1,1,4,4,4,12,2.5649493574615367,1,0,2,5,2,3,1.3862943611198906,0,0,3,3,3,1,3,10.0
24,3.2188758248682006,1,0,4,3,4,4,1.6094379124341003,1,1,4,4,4,14,2.70805020110221,1,2,4,0,4,2,1.0986122886681098,1,2,2,2,2,2,4,107.0
27,3.332204510175204,0,0,2,6,7,4,1.6094379124341003,1,1,4,4,4,27,3.332204510175204,0,0,2,6,7,3,1.3862943611198906,0,0,3,3,3,1,3,2.0
19,2.995732273553991,0,1,4,5,9,6,1.9459101490553132,1,0,1,6,6,13,2.6390573296152584,0,1,3,6,3,2,1.0986122886681098,1,2,2,2,2,1,1,2213.0
14,2.70805020110221,1,2,4,0,4,3,1.3862943611198906,0,0,3,3,3,4,1.6094379124341003,1,1,4,4,4,3,1.3862943611198906,0,0,3,3,3,1,1,2.0
30,3.4339872044851463,1,0,0,2,0,5,1.791759469228055,0,2,0,5,5,25,3.258096538021482,0,1,0,4,5,3,1.3862943611198906,0,0,3,3,3,1,3,279.0
9,2.302585092994046,0,0,4,2,9,5,1.791759469228055,0,2,0,5,5,9,2.302585092994046,0,0,4,2,9,4,1.6094379124341003,1,1,4,4,4,1,1,2.0
24,3.2188758248682006,1,0,4,3,4,2,1.0986122886681098,1,2,2,2,2,11,2.4849066497880004,0,2,1,4,1,2,1.0986122886681098,1,2,2,2,2,1,3,2.0
30,3.4339872044851463,1,0,0,2,0,2,1.0986122886681098,1,2,2,2,2,9,2.302585092994046,0,0,4,2,9,2,1.0986122886681098,1,2,2,2,2,1,3,2.0
25,3.258096538021482,0,1,0,4,5,3,1.3862943611198906,0,0,3,3,3,17,2.8903717578961645,0,2,2,3,7,2,1.0986122886681098,1,2,2,2,2,1,0,18.0
12,2.5649493574615367,1,0,2,5,2,5,1.791759469228055,0,2,0,5,5,11,2.4849066497880004,0,2,1,4,1,5,1.791759469228055,0,2,0,5,5,1,1,2.0
30,3.4339872044851463,1,0,0,2,0,6,1.9459101490553132,1,0,1,6,6,15,2.772588722239781,0,0,0,1,5,5,1.791759469228055,0,2,0,5,5,1,4,11.0
8,2.1972245773362196,1,2,3,1,8,5,1.791759469228055,0,2,0,5,5,6,1.9459101490553132,1,0,1,6,6,5,1.791759469228055,0,2,0,5,5,1,1,2.0
27,3.332204510175204,0,0,2,6,7,3,1.3862943611198906,0,0,3,3,3,22,3.1354942159291497,1,1,2,1,2,2,1.0986122886681098,1,2,2,2,2,1,2,11.0
25,3.258096538021482,0,1,0,4,5,2,1.0986122886681098,1,2,2,2,2,13,2.6390573296152584,0,1,3,6,3,2,1.0986122886681098,1,2,2,2,2,1,1,2.0
10,2.3978952727983707,1,1,0,3,0,2,1.0986122886681098,1,2,2,2,2,5,1.791759469228055,0,2,0,5,5,2,1.0986122886681098,1,2,2,2,2,1,4,2.0
17,2.8903717578961645,0,2,2,3,7,6,1.9459101490553132,1,0,1,6,6,6,1.9459101490553132,1,0,1,6,6,2,1.0986122886681098,1,2,2,2,2,1,3,9143.0
25,3.258096538021482,0,1,0,4,5,6,1.9459101490553132,1,0,1,6,6,22,3.1354942159291497,1,1,2,1,2,3,1.3862943611198906,0,0,3,3,3,1,1,3269.0
21,3.091042453358316,0,0,1,0,1,6,1.9459101490553132,1,0,1,6,6,13,2.6390573296152584,0,1,3,6,3,5,1.791759469228055,0,2,0,5,5,1,0,8.0
22,3.1354942159291497,1,1,2,1,2,2,1.0986122886681098,1,2,2,2,2,2,1.0986122886681098,1,2,2,2,2,2,1.0986122886681098,1,2,2,2,2,2,6,2.0
17,2.8903717578961645,0,2,2,3,7,2,1.0986122886681098,1,2,2,2,2,2,1.0986122886681098,1,2,2,2,2,2,1.0986122886681098,1,2,2,2,2,1,3,2.0
24,3.2188758248682006,1,0,4,3,4,2,1.0986122886681098,1,2,2,2,2,14,2.70805020110221,1,2,4,0,4,2,1.0986122886681098,1,2,2,2,2,2,5,2.0
21,3.091042453358316,0,0,1,0,1,4,1.6094379124341003,1,1,4,4,4,5,1.791759469228055,0,2,0,5,5,2,1.0986122886681098,1,2,2,2,2,1,1,274.0
29,3.4011973816621555,0,2,4,1,9,2,1.0986122886681098,1,2,2,2,2,12,2.5649493574615367,1,0,2,5,2,2,1.0986122886681098,1,2,2,2,2,1,3,2.0
24,3.2188758248682006,1,0,4,3,4,6,1.9459101490553132,1,0,1,6,6,10,2.3978952727983707,1,1,0,3,0,3,1.3862943611198906,0,0,3,3,3,1,3,1589.0
17,2.8903717578961645,0,2,2,3,7,6,1.9459101490553132,1,0,1,6,6,15,2.772588722239781,0,0,0,1,5,6,1.9459101490553132,1,0,1,6,6,1,1,2.0
24,3.2188758248682006,1,0,4,3,4,4,1.6094379124341003,1,1,4,4,4,9,2.302585092994046,0,0,4,2,9,3,1.3862943611198906,0,0,3,3,3,1,3,12.0
15,2.772588722239781,0,0,0,1,5,4,1.6094379124341003,1,1,4,4,4,7,2.0794415416798357,0,1,2,0,7,3,1.3862943611198906,0,0,3,3,3,1,1,10.0
20,3.044522437723423,1,2,0,6,0,6,1.9459101490553132,1,0,1,6,6,13,2.6390573296152584,0,1,3,6,3,2,1.0986122886681098,1,2,2,2,2,1,2,773.0
28,3.367295829986474,1,1,3,0,8,3,1.3862943611198906,0,0,3,3,3,9,2.302585092994046,0,0,4,2,9,3,1.3862943611198906,0,0,3,3,3,1,3,2.0
13,2.6390573296152584,0,1,3,6,3,6,1.9459101490553132,1,0,1,6,6,9,2.302585092994046,0,0,4,2,9,5,1.791759469228055,0,2,0,5,5,1,0,8.0
8,2.1972245773362196,1,2,3,1,8,6,1.9459101490553132,1,0,1,6,6,6,1.9459101490553132,1,0,1,6,6,3,1.3862943611198906,0,0,3,3,3,1,3,29.0
15,2.772588722239781,0,0,0,1,5,4,1.6094379124341003,1,1,4,4,4,13,2.6390573296152584,0,1,3,6,3,2,1.0986122886681098,1,2,2,2,2,1,1,32.0
29,3.4011973816621555,0,2,4,1,9,3,1.3862943611198906,0,0,3,3,3,10,2.3978952727983707,1,1,0,3,0,3,1.3862943611198906,0,0,3,3,3,1,1,2.0
15,2.772588722239781,0,0,0,1,5,6,1.9459101490553132,1,0,1,6,6,12,2.5649493574615367,1,0,2,5,2,2,1.0986122886681098,1,2,2,2,2,1,3,77.0
21,3.091042453358316,0,0,1,0,1,6,1.9459101490553132,1,0,1,6,6,19,2.995732273553991,0,1,4,5,9,5,1.791759469228055,0,2,0,5,5,1,0,20.0
15,2.772588722239781,0,0,0,1,5,2,1.0986122886681098,1,2,2,2,2,12,2.5649493574615367,1,0,2,5,2,2,1.0986122886681098,1,2,2,2,2,1,3,2.0
23,3.1780538303479458,0,2,3,2,3,2,1.0986122886681098,1,2,2,2,2,11,2.4849066497880004,0,2,1,4,1,2,1.0986122886681098,1,2,2,2,2,1,1,2.0
15,2.772588722239781,0,0,0,1,5,6,1.9459101490553132,1,0,1,6,6,6,1.9459101490553132,1,0,1,6,6,2,1.0986122886681098,1,2,2,2,2,1,3,4166.0
17,2.8903717578961645,0,2,2,3,7,6,1.9459101490553132,1,0,1,6,6,8,2.1972245773362196,1,2,3,1,8,5,1.791759469228055,0,2,0,5,5,1,0,20.0
22,3.1354942159291497,1,1,2,1,2,4,1.6094379124341003,1,1,4,4,4,13,2.6390573296152584,0,1,3,6,3,4,1.6094379124341003,1,1,4,4,4,1,1,2.0
27,3.332204510175204,0,0,2,6,7,4,1.6094379124341003,1,1,4,4,4,10,2.3978952727983707,1,1,0,3,0,4,1.6094379124341003,1,1,4,4,4,1,1,2.0
21,3.091042453358316,0,0,1,0,1,6,1.9459101490553132,1,0,1,6,6,11,2.4849066497880004,0,2,1,4,1,4,1.6094379124341003,1,1,4,4,4,1,0,309.0
18,2.9444389791664403,1,0,3,4,8,3,1.3862943611198906,0,0,3,3,3,18,2.9444389791664403,1,0,3,4,8,3,1.3862943611198906,0,0,3,3,3,3,6,2.0
26,3.295836866004329,1,2,1,5,6,2,1.0986122886681098,1,2,2,2,2,15,2.772588722239781,0,0,0,1,5,2,1.0986122886681098,1,2,2,2,2,1,3,2.0
26,3.295836866004329,1,2,1,5,6,5,1.791759469228055,0,2,0,5,5,11,2.4849066497880004,0,2,1,4,1,3,1.3862943611198906,0,0,3,3,3,1,0,703.0
14,2.70805020110221,1,2,4,0,4,6,1.9459101490553132,1,0,1,6,6,10,2.3978952727983707,1,1,0,3,0,6,1.9459101490553132,1,0,1,6,6,2,1,2.0
21,3.091042453358316,0,0,1,0,1,5,1.791759469228055,0,2,0,5,5,6,1.9459101490553132,1,0,1,6,6,5,1.791759469228055,0,2,0,5,5,1,1,2.0
19,2.995732273553991,0,1,4,5,9,2,1.0986122886681098,1,2,2,2,2,12,2.5649493574615367,1,0,2,5,2,2,1.0986122886681098,1,2,2,2,2,1,3,2.0
25,3.258096538021482,0,1,0,4,5,4,1.6094379124341003,1,1,4,4,4,4,1.6094379124341003,1,1,4,4,4,2,1.0986122886681098,1,2,2,2,2,1,3,1346.0
23,3.1780538303479458,0,2,3,2,3,3,1.3862943611198906,0,0,3,3,3,12,2.5649493574615367,1,0,2,5,2,2,1.0986122886681098,1,2,2,2,2,1,2,53.0
18,2.9444389791664403,1,0,3,4,8,6,1.9459101490553132,1,0,1,6,6,18,2.9444389791664403,1,0,3,4,8,5,1.791759469228055,0,2,0,5,5,1,3,2.0
25,3.258096538021482,0,1,0,4,5,2,1.0986122886681098,1,2,2,2,2,14,2.70805020110221,1,2,4,0,4,2,1.0986122886681098,1,2,2,2,2,1,3,2.0
25,3.258096538021482,0,1,0,4,5,5,1.791759469228055,0,2,0,5,5,23,3.1780538303479458,0,2,3,2,3,4,1.6094379124341003,1,1,4,4,4,1,1,48.0
28,3.367295829986474,1,1,3,0,8,6,1.9459101490553132,1,0,1,6,6,22,3.1354942159291497,1,1,2,1,2,6,1.9459101490553132,1,0,1,6,6,2,1,2.0
18,2.9444389791664403,1,0,3,4,8,3,1.3862943611198906,0,0,3,3,3,16,2.833213344056216,1,1,1,2,6,3,1.3862943611198906,0,0,3,3,3,1,3,2.0
13,2.6390573296152584,0,1,3,6,3,6,1.9459101490553132,1,0,1,6,6,9,2.302585092994046,0,0,4,2,9,3,1.3862943611198906,0,0,3,3,3,1,2,21.0
14,2.70805020110221,1,2,4,0,4,6,1.9459101490553132,1,0,1,6,6,11,2.4849066497880004,0,2,1,4,1,6,1.9459101490553132,1,0,1,6,6,1,1,2.0
29,3.4011973816621555,0,2,4,1,9,5,1.791759469228055,0,2,0,5,5,19,2.995732273553991,0,1,4,5,9,4,1.6094379124341003,1,1,4,4,4,1,0,16.0
22,3.1354942159291497,1,1,2,1,2,5,1.791759469228055,0,2,0,5,5,6,1.9459101490553132,1,0,1,6,6,3,1.3862943611198906,0,0,3,3,3,1,1,442.0
14,2.70805020110221,1,2,4,0,4,3,1.3862943611198906,0,0,3,3,3,6,1.9459101490553132,1,0,1,6,6,2,1.0986122886681098,1,2,2,2,2,1,3,8.0
28,3.367295829986474,1,1,3,0,8,6,1.9459101490553132,1,0,1,6,6,9,2.302585092994046,0,0,4,2,9,2,1.0986122886681098,1,2,2,2,2,1,2,20420.0
17,2.8903717578961645,0,2,2,3,7,3,1.3862943611198906,0,0,3,3,3,4,1.6094379124341003,1,1,4,4,4,3,1.3862943611198906,0,0,3,3,3,1,1,2.0
16,2.833213344056216,1,1,1,2,6,6,1.9459101490553132,1,0,1,6,6,8,2.1972245773362196,1,2,3,1,8,4,1.6094379124341003,1,1,4,4,4,2,3,88.0
23,3.1780538303479458,0,2,3,2,3,6,1.9459101490553132,1,0,1,6,6,12,2.5649493574615367,1,0,2,5,2,6,1.9459101490553132,1,0,1,6,6,1,3,2.0
30,3.4339872044851463,1,0,0,2,0,3,1.3862943611198906,0,0,3,3,3,7,2.0794415416798357,0,1,2,0,7,3,1.3862943611198906,0,0,3,3,3,1,3,2.0
23,3.1780538303479458,0,2,3,2,3,2,1.0986122886681098,1,2,2,2,2,18,2.9444389791664403,1,0,3,4,8,2,1.0986122886681098,1,2,2,2,2,1,3,2.0
22,3.1354942159291497,1,1,2,1,2,3,1.3862943611198906,0,0,3,3,3,7,2.0794415416798357,0,1,2,0,7,2,1.0986122886681098,1,2,2,2,2,1,1,11.0
25,3.258096538021482,0,1,0,4,5,6,1.9459101490553132,1,0,1,6,6,14,2.70805020110221,1,2,4,0,4,2,1.0986122886681098,1,2,2,2,2,1,2,173.0
18,2.9444389791664403,1,0,3,4,8,5,1.791759469228055,0,2,0,5,5,6,1.9459101490553132,1,0,1,6,6,5,1.791759469228055,0,2,0,5,5,1,2,2.0
12,2.5649493574615367,1,0,2,5,2,6,1.9459101490553132,1,0,1,6,6,10,2.3978952727983707,1,1,0,3,0,5,1.791759469228055,0,2,0,5,5,1,2,22.0
26,3.295836866004329,1,2,1,5,6,4,1.6094379124341003,1,1,4,4,4,23,3.1780538303479458,0,2,3,2,3,4,1.6094379124341003,1,1,4,4,4,1,1,2.0
19,2.995732273553991,0,1,4,5,9,2,1.0986122886681098,1,2,2,2,2,19,2.995732273553991,0,1,4,5,9,2,1.0986122886681098,1,2,2,2,2,1,2,2.0
25,3.258096538021482,0,1,0,4,5,4,1.6094379124341003,1,1,4,4,4,6,1.9459101490553132,1,0,1,6,6,2,1.0986122886681098,1,2,2,2,2,1,2,595.0
18,2.9444389791664403,1,0,3,4,8,6,1.9459101490553132,1,0,1,6,6,18,2.9444389791664403,1,0,3,4,8,2,1.0986122886681098,1,2,2,2,2,2,6,2.0
18,2.9444389791664403,1,0,3,4,8,6,1.9459101490553132,1,0,1,6,6,9,2.302585092994046,0,0,4,2,9,3,1.3862943611198906,0,0,3,3,3,3,5,307.0
7,2.0794415416798357,0,1,2,0,7,5,1.791759469228055,0,2,0,5,5,7,2.0794415416798357,0,1,2,0,7,2,1.0986122886681098,1,2,2,2,2,1,1,2.0
15,2.772588722239781,0,0,0,1,5,5,1.791759469228055,0,2,0,5,5,11,2.4849066497880004,0,2,1,4,1,2,1.0986122886681098,1,2,2,2,2,1,1,157.0
23,3.1780538303479458,0,2,3,2,3,2,1.0986122886681098,1,2,2,2,2,16,2.833213344056216,1,1,1,2,6,2,1.0986122886681098,1,2,2,2,2,1,3,2.0
11,2.4849066497880004,0,2,1,4,1,6,1.9459101490553132,1,0,1,6,6,6,1.9459101490553132,1,0,1,6,6,2,1.0986122886681098,1,2,2,2,2,1,3,457.0
25,3.258096538021482,0,1,0,4,5,6,1.9459101490553132,1,0,1,6,6,8,2.1972245773362196,1,2,3,1,8,3,1.3862943611198906,0,0,3,3,3,1,1,1736.0
14,2.70805020110221,1,2,4,0,4,3,1.3862943611198906,0,0,3,3,3,3,1.3862943611198906,0,0,3,3,3,2,1.0986122886681098,1,2,2,2,2,1,2,35.0
27,3.332204510175204,0,0,2,6,7,4,1.6094379124341003,1,1,4,4,4,6,1.9459101490553132,1,0,1,6,6,2,1.0986122886681098,1,2,2,2,2,1,2,240.0
20,3.044522437723423,1,2,0,6,0,4,1.6094379124341003,1,1,4,4,4,9,2.302585092994046,0,0,4,2,9,4,1.6094379124341003,1,1,4,4,4,1,3,2.0
12,2.5649493574615367,1,0,2,5,2,3,1.3862943611198906,0,0,3,3,3,7,2.0794415416798357,0,1,2,0,7,3,1.3862943611198906,0,0,3,3,3,1,3,2.0
12,2.5649493574615367,1,0,2,5,2,3,1.3862943611198906,0,0,3,3,3,12,2.5649493574615367,1,0,2,5,2,3,1.3862943611198906,0,0,3,3,3,3,6,2.0
21,3.091042453358316,0,0,1,0,1,5,1.791759469228055,0,2,0,5,5,5,1.791759469228055,0,2,0,5,5,5,1.791759469228055,0,2,0,5,5,1,3,2.0
19,2.995732273553991,0,1,4,5,9,5,1.791759469228055,0,2,0,5,5,12,2.5649493574615367,1,0,2,5,2,5,1.791759469228055,0,2,0,5,5,1,1,2.0
13,2.6390573296152584,0,1,3,6,3,4,1.6094379124341003,1,1,4,4,4,13,2.6390573296152584,0,1,3,6,3,3,1.3862943611198906,0,0,3,3,3,1,1,2.0
22,3.1354942159291497,1,1,2,1,2,4,1.6094379124341003,1,1,4,4,4,17,2.8903717578961645,0,2,2,3,7,3,1.3862943611198906,0,0,3,3,3,1,0,24.0
21,3.091042453358316,0,0,1,0,1,6,1.9459101490553132,1,0,1,6,6,8,2.1972245773362196,1,2,3,1,8,3,1.3862943611198906,0,0,3,3,3,1,2,795.0
16,2.833213344056216,1,1,1,2,6,6,1.9459101490553132,1,0,1,6,6,11,2.4849066497880004,0,2,1,4,1,6,1.9459101490553132,1,0,1,6,6,1,1,2.0
17,2.8903717578961645,0,2,2,3,7,5,1.791759469228055,0,2,0,5,5,8,2.1972245773362196,1,2,3,1,8,3,1.3862943611198906,0,0,3,3,3,1,0,197.0
20,3.044522437723423,1,2,0,6,0,3,1.3862943611198906,0,0,3,3,3,9,2.302585092994046,0,0,4,2,9,3,1.3862943611198906,0,0,3,3,3,1,3,2.0
11,2.4849066497880004,0,2,1,4,1,3,1.3862943611198906,0,0,3,3,3,4,1.6094379124341003,1,1,4,4,4,3,1.3862943611198906,0,0,3,3,3,1,1,2.0
28,3.367295829986474,1,1,3,0,8,2,1.0986122886681098,1,2,2,2,2,19,2.995732273553991,0,1,4,5,9,2,1.0986122886681098,1,2,2,2,2,1,3,2.0
25,3.258096538021482,0,1,0,4,5,6,1.9459101490553132,1,0,1,6,6,6,1.9459101490553132,1,0,1,6,6,5,1.791759469228055,0,2,0,5,5,1,2,116.0
25,3.258096538021482,0,1,0,4,5,3,1.3862943611198906,0,0,3,3,3,9,2.302585092994046,0,0,4,2,9,2,1.0986122886681098,1,2,2,2,2,1,1,62.0
28,3.367295829986474,1,1,3,0,8,4,1.6094379124341003,1,1,4,4,4,27,3.332204510175204,0,0,2,6,7,4,1.6094379124341003,1,1,4,4,4,1,3,2.0
15,2.772588722239781,0,0,0,1,5,3,1.3862943611198906,0,0,3,3,3,5,1.791759469228055,0,2,0,5,5,2,1.0986122886681098,1,2,2,2,2,1,2,12.0
23,3.1780538303479458,0,2,3,2,3,3,1.3862943611198906,0,0,3,3,3,7,2.0794415416798357,0,1,2,0,7,3,1.3862943611198906,0,0,3,3,3,1,1,2.0
18,2.9444389791664403,1,0,3,4,8,4,1.6094379124341003,1,1,4,4,4,9,2.302585092994046,0,0,4,2,9,4,1.6094379124341003,1,1,4,4,4,1,2,2.0
29,3.4011973816621555,0,2,4,1,9,2,1.0986122886681098,1,2,2,2,2,5,1.791759469228055,0,2,0,5,5,2,1.0986122886681098,1,2,2,2,2,1,1,2.0
16,2.833213344056216,1,1,1,2,6,4,1.6094379124341003,1,1,4,4,4,7,2.0794415416798357,0,1,2,0,7,4,1.6094379124341003,1,1,4,4,4,1,3,2.0
25,3.258096538021482,0,1,0,4,5,4,1.6094379124341003,1,1,4,4,4,8,2.1972245773362196,1,2,3,1,8,2,1.0986122886681098,1,2,2,2,2,1,3,70.0
20,3.044522437723423,1,2,0,6,0,4,1.6094379124341003,1,1,4,4,4,8,2.1972245773362196,1,2,3,1,8,4,1.6094379124341003,1,1,4,4,4,4,5,2.0
23,3.1780538303479458,0,2,3,2,3,5,1.791759469228055,0,2,0,5,5,6,1.9459101490553132,1,0,1,6,6,4,1.6094379124341003,1,1,4,4,4,1,0,89.0
24,3.2188758248682006,1,0,4,3,4,6,1.9459101490553132,1,0,1,6,6,8,2.1972245773362196,1,2,3,1,8,3,1.3862943611198906,0,0,3,3,3,1,4,1454.0
28,3.367295829986474,1,1,3,0,8,3,1.3862943611198906,0,0,3,3,3,7,2.0794415416798357,0,1,2,0,7,2,1.0986122886681098,1,2,2,2,2,1,2,73.0
23,3.1780538303479458,0,2,3,2,3,6,1.9459101490553132,1,0,1,6,6,9,2.302585092994046,0,0,4,2,9,2,1.0986122886681098,1,2,2,2,2,1,1,1905.0
26,3.295836866004329,1,2,1,5,6,4,1.6094379124341003,1,1,4,4,4,25,3.258096538021482,0,1,0,4,5,4,1.6094379124341003,1,1,4,4,4,1,1,2.0
19,2.995732273553991,0,1,4,5,9,4,1.6094379124341003,1,1,4,4,4,7,2.0794415416798357,0,1,2,0,7,4,1.6094379124341003,1,1,4,4,4,1,1,2.0
15,2.772588722239781,0,0,0,1,5,2,1.0986122886681098,1,2,2,2,2,6,1.9459101490553132,1,0,1,6,6,2,1.0986122886681098,1,2,2,2,2,1,3,2.0
25,3.258096538021482,0,1,0,4,5,2,1.0986122886681098,1,2,2,2,2,17,2.8903717578961645,0,2,2,3,7,2,1.0986122886681098,1,2,2,2,2,1,1,2.0
26,3.295836866004329,1,2,1,5,6,2,1.0986122886681098,1,2,2,2,2,26,3.295836866004329,1,2,1,5,6,2,1.0986122886681098,1,2,2,2,2,2,6,2.0
25,3.258096538021482,0,1,0,4,5,2,1.0986122886681098,1,2,2,2,2,9,2.302585092994046,0,0,4,2,9,2,1.0986122886681098,1,2,2,2,2,1,1,2.0
7,2.0794415416798357,0,1,2,0,7,2,1.0986122886681098,1,2,2,2,2,5,1.791759469228055,0,2,0,5,5,2,1.0986122886681098,1,2,2,2,2,1,1,2.0
16,2.833213344056216,1,1,1,2,6,6,1.9459101490553132,1,0,1,6,6,9,2.302585092994046,0,0,4,2,9,3,1.3862943611198906,0,0,3,3,3,1,2,79.0
9,2.302585092994046,0,0,4,2,9,2,1.0986122886681098,1,2,2,2,2,6,1.9459101490553132,1,0,1,6,6,2,1.0986122886681098,1,2,2,2,2,1,3,2.0
26,3.295836866004329,1,2,1,5,6,5,1.791759469228055,0,2,0,5,5,11,2.4849066497880004,0,2,1,4,1,2,1.0986122886681098,1,2,2,2,2,1,1,2192.0
19,2.995732273553991,0,1,4,5,9,5,1.791759469228055,0,2,0,5,5,7,2.0794415416798357,0,1,2,0,7,4,1.6094379124341003,1,1,4,4,4,1,0,22.0
26,3.295836866004329,1,2,1,5,6,5,1.791759469228055,0,2,0,5,5,22,3.1354942159291497,1,1,2,1,2,2,1.0986122886681098,1,2,2,2,2,1,2,598.0
14,2.70805020110221,1,2,4,0,4,5,1.791759469228055,0,2,0,5,5,13,2.6390573296152584,0,1,3,6,3,5,1.791759469228055,0,2,0,5,5,1,1,2.0
29,3.4011973816621555,0,2,4,1,9,3,1.3862943611198906,0,0,3,3,3,12,2.5649493574615367,1,0,2,5,2,2,1.0986122886681098,1,2,2,2,2,1,2,71.0
17,2.8903717578961645,0,2,2,3,7,2,1.0986122886681098,1,2,2,2,2,4,1.6094379124341003,1,1,4,4,4,2,1.0986122886681098,1,2,2,2,2,1,3,2.0
9,2.302585092994046,0,0,4,2,9,5,1.791759469228055,0,2,0,5,5,9,2.302585092994046,0,0,4,2,9,5,1.791759469228055,0,2,0,5,5,1,2,2.0
16,2.833213344056216,1,1,1,2,6,2,1.0986122886681098,1,2,2,2,2,6,1.9459101490553132,1,0,1,6,6,2,1.0986122886681098,1,2,2,2,2,2,5,2.0
24,3.2188758248682006,1,0,4,3,4,6,1.9459101490553132,1,0,1,6,6,7,2.0794415416798357,0,1,2,0,7,5,1.791759469228055,0,2,0,5,5,1,1,53.0
30,3.4339872044851463,1,0,0,2,0,5,1.791759469228055,0,2,0,5,5,13,2.6390573296152584,0,1,3,6,3,4,1.6094379124341003,1,1,4,4,4,1,1,103.0
18,2.9444389791664403,1,0,3,4,8,5,1.791759469228055,0,2,0,5,5,6,1.9459101490553132,1,0,1,6,6,3,1.3862943611198906,0,0,3,3,3,1,3,252.0
15,2.772588722239781,0,0,0,1,5,6,1.9459101490553132,1,0,1,6,6,13,2.6390573296152584,0,1,3,6,3,2,1.0986122886681098,1,2,2,2,2,1,1,47.0
26,3.295836866004329,1,2,1,5,6,5,1.791759469228055,0,2,0,5,5,5,1.791759469228055,0,2,0,5,5,4,1.6094379124341003,1,1,4,4,4,1,1,107.0
24,3.2188758248682006,1,0,4,3,4,6,1.9459101490553132,1,0,1,6,6,19,2.995732273553991,0,1,4,5,9,5,1.791759469228055,0,2,0,5,5,1,1,29.0
16,2.833213344056216,1,1,1,2,6,2,1.0986122886681098,1,2,2,2,2,16,2.833213344056216,1,1,1,2,6,2,1.0986122886681098,1,2,2,2,2,2,6,2.0
14,2.70805020110221,1,2,4,0,4,6,1.9459101490553132,1,0,1,6,6,7,2.0794415416798357,0,1,2,0,7,4,1.6094379124341003,1,1,4,4,4,1,1,128.0
12,2.5649493574615367,1,0,2,5,2,2,1.0986122886681098,1,2,2,2,2,6,1.9459101490553132,1,0,1,6,6,2,1.0986122886681098,1,2,2,2,2,2,6,2.0
30,3.4339872044851463,1,0,0,2,0,3,1.3862943611198906,0,0,3,3,3,26,3.295836866004329,1,2,1,5,6,3,1.3862943611198906,0,0,3,3,3,1,3,2.0
13,2.6390573296152584,0,1,3,6,3,5,1.791759469228055,0,2,0,5,5,11,2.4849066497880004,0,2,1,4,1,5,1.791759469228055,0,2,0,5,5,1,1,2.0
27,3.332204510175204,0,0,2,6,7,2,1.0986122886681098,1,2,2,2,2,17,2.8903717578961645,0,2,2,3,7,2,1.0986122886681098,1,2,2,2,2,1,1,2.0
22,3.1354942159291497,1,1,2,1,2,3,1.3862943611198906,0,0,3,3,3,10,2.3978952727983707,1,1,0,3,0,2,1.0986122886681098,1,2,2,2,2,1,2,13.0
15,2.772588722239781,0,0,0,1,5,6,1.9459101490553132,1,0,1,6,6,12,2.5649493574615367,1,0,2,5,2,3,1.3862943611198906,0,0,3,3,3,3,4,77.0
30,3.4339872044851463,1,0,0,2,0,2,1.0986122886681098,1,2,2,2,2,10,2.3978952727983707,1,1,0,3,0,2,1.0986122886681098,1,2,2,2,2,2,6,2.0
26,3.295836866004329,1,2,1,5,6,6,1.9459101490553132,1,0,1,6,6,22,3.1354942159291497,1,1,2,1,2,6,1.9459101490553132,1,0,1,6,6,2,1,2.0
27,3.332204510175204,0,0,2,6,7,6,1.9459101490553132,1,0,1,6,6,25,3.258096538021482,0,1,0,4,5,6,1.9459101490553132,1,0,1,6,6,1,1,2.0
28,3.367295829986474,1,1,3,0,8,4,1.6094379124341003,1,1,4,4,4,23,3.1780538303479458,0,2,3,2,3,2,1.0986122886681098,1,2,2,2,2,1,3,23.0
22,3.1354942159291497,1,1,2,1,2,4,1.6094379124341003,1,1,4,4,4,8,2.1972245773362196,1,2,3,1,8,3,1.3862943611198906,0,0,3,3,3,1,1,66.0
22,3.1354942159291497,1,1,2,1,2,5,1.791759469228055,0,2,0,5,5,22,3.1354942159291497,1,1,2,1,2,3,1.3862943611198906,0,0,3,3,3,1,1,2.0
19,2.995732273553991,0,1,4,5,9,3,1.3862943611198906,0,0,3,3,3,17,2.8903717578961645,0,2,2,3,7,2,1.0986122886681098,1,2,2,2,2,1,0,12.0
9,2.302585092994046,0,0,4,2,9,3,1.3862943611198906,0,0,3,3,3,4,1.6094379124341003,1,1,4,4,4,2,1.0986122886681098,1,2,2,2,2,1,2,19.0
29,3.4011973816621555,0,2,4,1,9,4,1.6094379124341003,1,1,4,4,4,21,3.091042453358316,0,0,1,0,1,4,1.6094379124341003,1,1,4,4,4,1,1,2.0
29,3.4011973816621555,0,2,4,1,9,5,1.791759469228055,0,2,0,5,5,27,3.332204510175204,0,0,2,6,7,5,1.791759469228055,0,2,0,5,5,1,1,2.0
27,3.332204510175204,0,0,2,6,7,2,1.0986122886681098,1,2,2,2,2,3,1.3862943611198906,0,0,3,3,3,2,1.0986122886681098,1,2,2,2,2,1,2,2.0
9,2.302585092994046,0,0,4,2,9,3,1.3862943611198906,0,0,3,3,3,8,2.1972245773362196,1,2,3,1,8,3,1.3862943611198906,0,0,3,3,3,1,3,2.0
22,3.1354942159291497,1,1,2,1,2,4,1.6094379124341003,1,1,4,4,4,6,1.9459101490553132,1,0,1,6,6,4,1.6094379124341003,1,1,4,4,4,2,1,2.0
17,2.8903717578961645,0,2,2,3,7,2,1.0986122886681098,1,2,2,2,2,5,1.791759469228055,0,2,0,5,5,2,1.0986122886681098,1,2,2,2,2,1,1,2.0
23,3.1780538303479458,0,2,3,2,3,6,1.9459101490553132,1,0,1,6,6,23,3.1780538303479458,0,2,3,2,3,5,1.791759469228055,0,2,0,5,5,1,1,2.0
13,2.6390573296152584,0,1,3,6,3,2,1.0986122886681098,1,2,2,2,2,4,1.6094379124341003,1,1,4,4,4,2,1.0986122886681098,1,2,2,2,2,1,3,2.0
21,3.091042453358316,0,0,1,0,1,3,1.3862943611198906,0,0,3,3,3,5,1.791759469228055,0,2,0,5,5,3,1.3862943611198906,0,0,3,3,3,1,3,2.0
28,3.367295829986474,1,1,3,0,8,2,1.0986122886681098,1,2,2,2,2,16,2.833213344056216,1,1,1,2,6,2,1.0986122886681098,1,2,2,2,2,2,5,2.0
15,2.772588722239781,0,0,0,1,5,4,1.6094379124341003,1,1,4,4,4,6,1.9459101490553132,1,0,1,6,6,3,1.3862943611198906,0,0,3,3,3,1,2,14.0
23,3.1780538303479458,0,2,3,2,3,5,1.791759469228055,0,2,0,5,5,10,2.3978952727983707,1,1,0,3,0,2,1.0986122886681098,1,2,2,2,2,1,2,2122.0
14,2.70805020110221,1,2,4,0,4,5,1.791759469228055,0,2,0,5,5,10,2.3978952727983707,1,1,0,3,0,5,1.791759469228055,0,2,0,5,5,1,3,2.0
8,2.1972245773362196,1,2,3,1,8,6,1.9459101490553132,1,0,1,6,6,6,1.9459101490553132,1,0,1,6,6,5,1.791759469228055,0,2,0,5,5,1,1,14.0
21,3.091042453358316,0,0,1,0,1,2,1.0986122886681098,1,2,2,2,2,18,2.9444389791664403,1,0,3,4,8,2,1.0986122886681098,1,2,2,2,2,1,3,2.0
29,3.4011973816621555,0,2,4,1,9,4,1.6094379124341003,1,1,4,4,4,22,3.1354942159291497,1,1,2,1,2,2,1.0986122886681098,1,2,2,2,2,1,2,393.0
25,3.258096538021482,0,1,0,4,5,5,1.791759469228055,0,2,0,5,5,10,2.3978952727983707,1,1,0,3,0,3,1.3862943611198906,0,0,3,3,3,1,2,129.0
15,2.772588722239781,0,0,0,1,5,3,1.3862943611198906,0,0,3,3,3,10,2.3978952727983707,1,1,0,3,0,3,1.3862943611198906,0,0,3,3,3,1,3,2.0
7,2.0794415416798357,0,1,2,0,7,3,1.3862943611198906,0,0,3,3,3,7,2.0794415416798357,0,1,2,0,7,2,1.0986122886681098,1,2,2,2,2,1,1,2.0
30,3.4339872044851463,1,0,0,2,0,4,1.6094379124341003,1,1,4,4,4,22,3.1354942159291497,1,1,2,1,2,4,1.6094379124341003,1,1,4,4,4,2,1,2.0
23,3.1780538303479458,0,2,3,2,3,5,1.791759469228055,0,2,0,5,5,12,2.5649493574615367,1,0,2,5,2,5,1.791759469228055,0,2,0,5,5,1,1,2.0
17,2.8903717578961645,0,2,2,3,7,3,1.3862943611198906,0,0,3,3,3,5,1.791759469228055,0,2,0,5,5,3,1.3862943611198906,0,0,3,3,3,1,1,2.0
10,2.3978952727983707,1,1,0,3,0,3,1.3862943611198906,0,0,3,3,3,3,1.3862943611198906,0,0,3,3,3,2,1.0986122886681098,1,2,2,2,2,1,2,23.0
13,2.6390573296152584,0,1,3,6,3,6,1.9459101490553132,1,0,1,6,6,13,2.6390573296152584,0,1,3,6,3,3,1.3862943611198906,0,0,3,3,3,1,2,2.0
16,2.833213344056216,1,1,1,2,6,6,1.9459101490553132,1,0,1,6,6,8,2.1972245773362196,1,2,3,1,8,5,1.791759469228055,0,2,0,5,5,1,1,18.0
17,2.8903717578961645,0,2,2,3,7,6,1.9459101490553132,1,0,1,6,6,13,2.6390573296152584,0,1,3,6,3,6,1.9459101490553132,1,0,1,6,6,1,1,2.0
17,2.8903717578961645,0,2,2,3,7,6,1.9459101490553132,1,0,1,6,6,15,2.772588722239781,0,0,0,1,5,4,1.6094379124341003,1,1,4,4,4,1,0,191.0
21,3.091042453358316,0,0,1,0,1,3,1.3862943611198906,0,0,3,3,3,6,1.9459101490553132,1,0,1,6,6,2,1.0986122886681098,1,2,2,2,2,1,3,53.0
6,1.9459101490553132,1,0,1,6,6,3,1.3862943611198906,0,0,3,3,3,6,1.9459101490553132,1,0,1,6,6,3,1.3862943611198906,0,0,3,3,3,3,6,2.0
21,3.091042453358316,0,0,1,0,1,3,1.3862943611198906,0,0,3,3,3,10,2.3978952727983707,1,1,0,3,0,3,1.3862943611198906,0,0,3,3,3,1,3,2.0
21,3.091042453358316,0,0,1,0,1,6,1.9459101490553132,1,0,1,6,6,12,2.5649493574615367,1,0,2,5,2,5,1.791759469228055,0,2,0,5,5,1,1,68.0
16,2.833213344056216,1,1,1,2,6,3,1.3862943611198906,0,0,3,3,3,12,2.5649493574615367,1,0,2,5,2,2,1.0986122886681098,1,2,2,2,2,1,3,16.0
16,2.833213344056216,1,1,1,2,6,6,1.9459101490553132,1,0,1,6,6,6,1.9459101490553132,1,0,1,6,6,6,1.9459101490553132,1,0,1,6,6,2,3,2.0
17,2.8903717578961645,0,2,2,3,7,6,1.9459101490553132,1,0,1,6,6,17,2.8903717578961645,0,2,2,3,7,5,1.791759469228055,0,2,0,5,5,1,1,2.0
15,2.772588722239781,0,0,0,1,5,4,1.6094379124341003,1,1,4,4,4,13,2.6390573296152584,0,1,3,6,3,4,1.6094379124341003,1,1,4,4,4,1,1,2.0
10,2.3978952727983707,1,1,0,3,0,6,1.9459101490553132,1,0,1,6,6,10,2.3978952727983707,1,1,0,3,0,6,1.9459101490553132,1,0,1,6,6,2,2,2.0
12,2.5649493574615367,1,0,2,5,2,6,1.9459101490553132,1,0,1,6,6,10,2.3978952727983707,1,1,0,3,0,4,1.6094379124341003,1,1,4,4,4,2,2,27.0
28,3.367295829986474,1,1,3,0,8,4,1.6094379124341003,1,1,4,4,4,5,1.791759469228055,0,2,0,5,5,2,1.0986122886681098,1,2,2,2,2,1,3,554.0
30,3.4339872044851463,1,0,0,2,0,5,1.791759469228055,0,2,0,5,5,23,3.1780538303479458,0,2,3,2,3,3,1.3862943611198906,0,0,3,3,3,1,2,94.0
22,3.1354942159291497,1,1,2,1,2,5,1.791759469228055,0,2,0,5,5,20,3.044522437723423,1,2,0,6,0,4,1.6094379124341003,1,1,4,4,4,1,2,21.0
23,3.1780538303479458,0,2,3,2,3,4,1.6094379124341003,1,1,4,4,4,19,2.995732273553991,0,1,4,5,9,3,1.3862943611198906,0,0,3,3,3,1,0,3.0
30,3.4339872044851463,1,0,0,2,0,6,1.9459101490553132,1,0,1,6,6,30,3.4339872044851463,1,0,0,2,0,3,1.3862943611198906,0,0,3,3,3,3,6,2.0
14,2.70805020110221,1,2,4,0,4,4,1.6094379124341003,1,1,4,4,4,14,2.70805020110221,1,2,4,0,4,3,1.3862943611198906,0,0,3,3,3,1,1,2.0
14,2.70805020110221,1,2,4,0,4,5,1.791759469228055,0,2,0,5,5,6,1.9459101490553132,1,0,1,6,6,5,1.791759469228055,0,2,0,5,5,1,1,2.0
19,2.995732273553991,0,1,4,5,9,5,1.791759469228055,0,2,0,5,5,17,2.8903717578961645,0,2,2,3,7,3,1.3862943611198906,0,0,3,3,3,1,0,262.0
21,3.091042453358316,0,0,1,0,1,2,1.0986122886681098,1,2,2,2,2,21,3.091042453358316,0,0,1,0,1,2,1.0986122886681098,1,2,2,2,2,1,2,2.0
16,2.833213344056216,1,1,1,2,6,4,1.6094379124341003,1,1,4,4,4,16,2.833213344056216,1,1,1,2,6,4,1.6094379124341003,1,1,4,4,4,4,6,2.0
10,2.3978952727983707,1,1,0,3,0,2,1.0986122886681098,1,2,2,2,2,2,1.0986122886681098,1,2,2,2,2,2,1.0986122886681098,1,2,2,2,2,2,6,2.0
26,3.295836866004329,1,2,1,5,6,5,1.791759469228055,0,2,0,5,5,12,2.5649493574615367,1,0,2,5,2,5,1.791759469228055,0,2,0,5,5,1,1,2.0
21,3.091042453358316,0,0,1,0,1,3,1.3862943611198906,0,0,3,3,3,9,2.302585092994046,0,0,4,2,9,2,1.0986122886681098,1,2,2,2,2,1,2,50.0
28,3.367295829986474,1,1,3,0,8,2,1.0986122886681098,1,2,2,2,2,20,3.044522437723423,1,2,0,6,0,2,1.0986122886681098,1,2,2,2,2,2,5,2.0
20,3.044522437723423,1,2,0,6,0,5,1.791759469228055,0,2,0,5,5,7,2.0794415416798357,0,1,2,0,7,3,1.3862943611198906,0,0,3,3,3,1,1,461.0
29,3.4011973816621555,0,2,4,1,9,3,1.3862943611198906,0,0,3,3,3,5,1.791759469228055,0,2,0,5,5,3,1.3862943611198906,0,0,3,3,3,1,1,2.0
28,3.367295829986474,1,1,3,0,8,5,1.791759469228055,0,2,0,5,5,16,2.833213344056216,1,1,1,2,6,2,1.0986122886681098,1,2,2,2,2,1,2,1957.0
21,3.091042453358316,0,0,1,0,1,4,1.6094379124341003,1,1,4,4,4,7,2.0794415416798357,0,1,2,0,7,4,1.6094379124341003,1,1,4,4,4,1,2,2.0
9,2.302585092994046,0,0,4,2,9,5,1.791759469228055,0,2,0,5,5,5,1.791759469228055,0,2,0,5,5,4,1.6094379124341003,1,1,4,4,4,1,1,22.0
9,2.302585092994046,0,0,4,2,9,3,1.3862943611198906,0,0,3,3,3,4,1.6094379124341003,1,1,4,4,4,3,1.3862943611198906,0,0,3,3,3,1,3,2.0
9,2.302585092994046,0,0,4,2,9,4,1.6094379124341003,1,1,4,4,4,5,1.791759469228055,0,2,0,5,5,4,1.6094379124341003,1,1,4,4,4,1,1,2.0
24,3.2188758248682006,1,0,4,3,4,6,1.9459101490553132,1,0,1,6,6,8,2.1972245773362196,1,2,3,1,8,6,1.9459101490553132,1,0,1,6,6,2,4,2.0
26,3.295836866004329,1,2,1,5,6,6,1.9459101490553132,1,0,1,6,6,26,3.295836866004329,1,2,1,5,6,6,1.9459101490553132,1,0,1,6,6,2,2,2.0
19,2.995732273553991,0,1,4,5,9,6,1.9459101490553132,1,0,1,6,6,10,2.3978952727983707,1,1,0,3,0,3,1.3862943611198906,0,0,3,3,3,1,1,484.0
30,3.4339872044851463,1,0,0,2,0,5,1.791759469228055,0,2,0,5,5,22,3.1354942159291497,1,1,2,1,2,4,1.6094379124341003,1,1,4,4,4,1,1,38.0
15,2.772588722239781,0,0,0,1,5,6,1.9459101490553132,1,0,1,6,6,13,2.6390573296152584,0,1,3,6,3,6,1.9459101490553132,1,0,1,6,6,1,1,2.0
26,3.295836866004329,1,2,1,5,6,5,1.791759469228055,0,2,0,5,5,24,3.2188758248682006,1,0,4,3,4,3,1.3862943611198906,0,0,3,3,3,1,1,107.0
30,3.4339872044851463,1,0,0,2,0,6,1.9459101490553132,1,0,1,6,6,17,2.8903717578961645,0,2,2,3,7,2,1.0986122886681098,1,2,2,2,2,1,3,659.0
22,3.1354942159291497,1,1,2,1,2,6,1.9459101490553132,1,0,1,6,6,17,2.8903717578961645,0,2,2,3,7,6,1.9459101490553132,1,0,1,6,6,1,1,2.0
20,3.044522437723423,1,2,0,6,0,5,1.791759469228055,0,2,0,5,5,20,3.044522437723423,1,2,0,6,0,3,1.3862943611198906,0,0,3,3,3,1,3,2.0
21,3.091042453358316,0,0,1,0,1,3,1.3862943611198906,0,0,3,3,3,4,1.6094379124341003,1,1,4,4,4,2,1.0986122886681098,1,2,2,2,2,1,2,55.0
20,3.044522437723423,1,2,0,6,0,6,1.9459101490553132,1,0,1,6,6,18,2.9444389791664403,1,0,3,4,8,2,1.0986122886681098,1,2,2,2,2,2,4,281.0
28,3.367295829986474,1,1,3,0,8,5,1.791759469228055,0,2,0,5,5,26,3.295836866004329,1,2,1,5,6,2,1.0986122886681098,1,2,2,2,2,1,2,631.0
17,2.8903717578961645,0,2,2,3,7,3,1.3862943611198906,0,0,3,3,3,17,2.8903717578961645,0,2,2,3,7,2,1.0986122886681098,1,2,2,2,2,1,1,2.0
15,2.772588722239781,0,0,0,1,5,5,1.791759469228055,0,2,0,5,5,14,2.70805020110221,1,2,4,0,4,2,1.0986122886681098,1,2,2,2,2,1,2,5.0
13,2.6390573296152584,0,1,3,6,3,6,1.9459101490553132,1,0,1,6,6,11,2.4849066497880004,0,2,1,4,1,3,1.3862943611198906,0,0,3,3,3,1,1,33.0
10,2.3978952727983707,1,1,0,3,0,2,1.0986122886681098,1,2,2,2,2,7,2.0794415416798357,0,1,2,0,7,2,1.0986122886681098,1,2,2,2,2,1,3,2.0
12,2.5649493574615367,1,0,2,5,2,5,1.791759469228055,0,2,0,5,5,6,1.9459101490553132,1,0,1,6,6,3,1.3862943611198906,0,0,3,3,3,1,3,67.0
21,3.091042453358316,0,0,1,0,1,3,1.3862943611198906,0,0,3,3,3,19,2.995732273553991,0,1,4,5,9,3,1.3862943611198906,0,0,3,3,3,1,3,2.0
13,2.6390573296152584,0,1,3,6,3,4,1.6094379124341003,1,1,4,4,4,4,1.6094379124341003,1,1,4,4,4,2,1.0986122886681098,1,2,2,2,2,1,3,254.0
19,2.995732273553991,0,1,4,5,9,6,1.9459101490553132,1,0,1,6,6,16,2.833213344056216,1,1,1,2,6,6,1.9459101490553132,1,0,1,6,6,1,1,2.0
17,2.8903717578961645,0,2,2,3,7,6,1.9459101490553132,1,0,1,6,6,17,2.8903717578961645,0,2,2,3,7,3,1.3862943611198906,0,0,3,3,3,1,2,2.0
25,3.258096538021482,0,1,0,4,5,6,1.9459101490553132,1,0,1,6,6,23,3.1780538303479458,0,2,3,2,3,6,1.9459101490553132,1,0,1,6,6,1,1,2.0
18,2.9444389791664403,1,0,3,4,8,5,1.791759469228055,0,2,0,5,5,14,2.70805020110221,1,2,4,0,4,3,1.3862943611198906,0,0,3,3,3,1,1,56.0
25,3.258096538021482,0,1,0,4,5,3,1.3862943611198906,0,0,3,3,3,12,2.5649493574615367,1,0,2,5,2,3,1.3862943611198906,0,0,3,3,3,1,3,2.0
27,3.332204510175204,0,0,2,6,7,6,1.9459101490553132,1,0,1,6,6,26,3.295836866004329,1,2,1,5,6,6,1.9459101490553132,1,0,1,6,6,1,1,2.0
17,2.8903717578961645,0,2,2,3,7,6,1.9459101490553132,1,0,1,6,6,6,1.9459101490553132,1,0,1,6,6,5,1.791759469228055,0,2,0,5,5,1,1,68.0
12,2.5649493574615367,1,0,2,5,2,4,1.6094379124341003,1,1,4,4,4,7,2.0794415416798357,0,1,2,0,7,3,1.3862943611198906,0,0,3,3,3,1,2,7.0
12,2.5649493574615367,1,0,2,5,2,6,1.9459101490553132,1,0,1,6,6,6,1.9459101490553132,1,0,1,6,6,3,1.3862943611198906,0,0,3,3,3,3,6,663.0
17,2.8903717578961645,0,2,2,3,7,4,1.6094379124341003,1,1,4,4,4,9,2.302585092994046,0,0,4,2,9,4,1.6094379124341003,1,1,4,4,4,1,1,2.0
23,3.1780538303479458,0,2,3,2,3,5,1.791759469228055,0,2,0,5,5,14,2.70805020110221,1,2,4,0,4,5,1.791759469228055,0,2,0,5,5,1,1,2.0
15,2.772588722239781,0,0,0,1,5,3,1.3862943611198906,0,0,3,3,3,4,1.6094379124341003,1,1,4,4,4,3,1.3862943611198906,0,0,3,3,3,1,3,2.0
17,2.8903717578961645,0,2,2,3,7,5,1.791759469228055,0,2,0,5,5,10,2.3978952727983707,1,1,0,3,0,5,1.791759469228055,0,2,0,5,5,1,3,2.0
28,3.367295829986474,1,1,3,0,8,6,1.9459101490553132,1,0,1,6,6,14,2.70805020110221,1,2,4,0,4,5,1.791759469228055,0,2,0,5,5,1,1,34.0
21,3.091042453358316,0,0,1,0,1,5,1.791759469228055,0,2,0,5,5,6,1.9459101490553132,1,0,1,6,6,4,1.6094379124341003,1,1,4,4,4,1,0,79.0
15,2.772588722239781,0,0,0,1,5,4,1.6094379124341003,1,1,4,4,4,10,2.3978952727983707,1,1,0,3,0,4,1.6094379124341003,1,1,4,4,4,1,1,2.0
20,3.044522437723423,1,2,0,6,0,2,1.0986122886681098,1,2,2,2,2,10,2.3978952727983707,1,1,0,3,0,2,1.0986122886681098,1,2,2,2,2,2,6,2.0
28,3.367295829986474,1,1,3,0,8,4,1.6094379124341003,1,1,4,4,4,12,2.5649493574615367,1,0,2,5,2,3,1.3862943611198906,0,0,3,3,3,1,3,82.0
22,3.1354942159291497,1,1,2,1,2,6,1.9459101490553132,1,0,1,6,6,7,2.0794415416798357,0,1,2,0,7,2,1.0986122886681098,1,2,2,2,2,1,2,6942.0
20,3.044522437723423,1,2,0,6,0,3,1.3862943611198906,0,0,3,3,3,7,2.0794415416798357,0,1,2,0,7,3,1.3862943611198906,0,0,3,3,3,1,1,2.0
26,3.295836866004329,1,2,1,5,6,2,1.0986122886681098,1,2,2,2,2,25,3.258096538021482,0,1,0,4,5,2,1.0986122886681098,1,2,2,2,2,1,3,2.0
23,3.1780538303479458,0,2,3,2,3,5,1.791759469228055,0,2,0,5,5,21,3.091042453358316,0,0,1,0,1,3,1.3862943611198906,0,0,3,3,3,1,1,406.0
28,3.367295829986474,1,1,3,0,8,2,1.0986122886681098,1,2,2,2,2,28,3.367295829986474,1,1,3,0,8,2,1.0986122886681098,1,2,2,2,2,2,6,2.0
15,2.772588722239781,0,0,0,1,5,3,1.3862943611198906,0,0,3,3,3,8,2.1972245773362196,1,2,3,1,8,3,1.3862943611198906,0,0,3,3,3,1,3,2.0
18,2.9444389791664403,1,0,3,4,8,3,1.3862943611198906,0,0,3,3,3,8,2.1972245773362196,1,2,3,1,8,3,1.3862943611198906,0,0,3,3,3,1,3,2.0
11,2.4849066497880004,0,2,1,4,1,4,1.6094379124341003,1,1,4,4,4,7,2.0794415416798357,0,1,2,0,7,2,1.0986122886681098,1,2,2,2,2,1,1,48.0
21,3.091042453358316,0,0,1,0,1,6,1.9459101490553132,1,0,1,6,6,16,2.833213344056216,1,1,1,2,6,4,1.6094379124341003,1,1,4,4,4,1,1,7.0
19,2.995732273553991,0,1,4,5,9,3,1.3862943611198906,0,0,3,3,3,6,1.9459101490553132,1,0,1,6,6,2,1.0986122886681098,1,2,2,2,2,1,2,47.0
18,2.9444389791664403,1,0,3,4,8,2,1.0986122886681098,1,2,2,2,2,3,1.3862943611198906,0,0,3,3,3,2,1.0986122886681098,1,2,2,2,2,1,4,2.0
29,3.4011973816621555,0,2,4,1,9,2,1.0986122886681098,1,2,2,2,2,6,1.9459101490553132,1,0,1,6,6,2,1.0986122886681098,1,2,2,2,2,1,3,2.0
9,2.302585092994046,0,0,4,2,9,5,1.791759469228055,0,2,0,5,5,9,2.302585092994046,0,0,4,2,9,3,1.3862943611198906,0,0,3,3,3,1,3,2.0
21,3.091042453358316,0,0,1,0,1,4,1.6094379124341003,1,1,4,4,4,19,2.995732273553991,0,1,4,5,9,3,1.3862943611198906,0,0,3,3,3,1,1,5.0
16,2.833213344056216,1,1,1,2,6,4,1.6094379124341003,1,1,4,4,4,10,2.3978952727983707,1,1,0,3,0,3,1.3862943611198906,0,0,3,3,3,1,1,38.0
29,3.4011973816621555,0,2,4,1,9,6,1.9459101490553132,1,0,1,6,6,18,2.9444389791664403,1,0,3,4,8,3,1.3862943611198906,0,0,3,3,3,1,3,2129.0
19,2.995732273553991,0,1,4,5,9,6,1.9459101490553132,1,0,1,6,6,8,2.1972245773362196,1,2,3,1,8,6,1.9459101490553132,1,0,1,6,6,1,1,2.0
23,3.1780538303479458,0,2,3,2,3,4,1.6094379124341003,1,1,4,4,4,6,1.9459101490553132,1,0,1,6,6,2,1.0986122886681098,1,2,2,2,2,1,2,482.0
23,3.1780538303479458,0,2,3,2,3,3,1.3862943611198906,0,0,3,3,3,10,2.3978952727983707,1,1,0,3,0,2,1.0986122886681098,1,2,2,2,2,1,1,55.0
7,2.0794415416798357,0,1,2,0,7,4,1.6094379124341003,1,1,4,4,4,6,1.9459101490553132,1,0,1,6,6,2,1.0986122886681098,1,2,2,2,2,1,2,10.0
9,2.302585092994046,0,0,4,2,9,2,1.0986122886681098,1,2,2,2,2,3,1.3862943611198906,0,0,3,3,3,2,1.0986122886681098,1,2,2,2,2,1,2,2.0
27,3.332204510175204,0,0,2,6,7,5,1.791759469228055,0,2,0,5,5,18,2.9444389791664403,1,0,3,4,8,3,1.3862943611198906,0,0,3,3,3,1,2,121.0
16,2.833213344056216,1,1,1,2,6,5,1.791759469228055,0,2,0,5,5,11,2.4849066497880004,0,2,1,4,1,2,1.0986122886681098,1,2,2,2,2,1,1,31.0
23,3.1780538303479458,0,2,3,2,3,6,1.9459101490553132,1,0,1,6,6,23,3.1780538303479458,0,2,3,2,3,4,1.6094379124341003,1,1,4,4,4,1,1,2.0
26,3.295836866004329,1,2,1,5,6,3,1.3862943611198906,0,0,3,3,3,26,3.295836866004329,1,2,1,5,6,3,1.3862943611198906,0,0,3,3,3,1,2,2.0
18,2.9444389791664403,1,0,3,4,8,3,1.3862943611198906,0,0,3,3,3,4,1.6094379124341003,1,1,4,4,4,2,1.0986122886681098,1,2,2,2,2,1,3,23.0
16,2.833213344056216,1,1,1,2,6,6,1.9459101490553132,1,0,1,6,6,16,2.833213344056216,1,1,1,2,6,6,1.9459101490553132,1,0,1,6,6,2,2,2.0
26,3.295836866004329,1,2,1,5,6,4,1.6094379124341003,1,1,4,4,4,22,3.1354942159291497,1,1,2,1,2,3,1.3862943611198906,0,0,3,3,3,1,0,54.0
24,3.2188758248682006,1,0,4,3,4,4,1.6094379124341003,1,1,4,4,4,22,3.1354942159291497,1,1,2,1,2,2,1.0986122886681098,1,2,2,2,2,2,4,233.0
21,3.091042453358316,0,0,1,0,1,6,1.9459101490553132,1,0,1,6,6,10,2.3978952727983707,1,1,0,3,0,6,1.9459101490553132,1,0,1,6,6,1,1,2.0
23,3.1780538303479458,0,2,3,2,3,6,1.9459101490553132,1,0,1,6,6,23,3.1780538303479458,0,2,3,2,3,2,1.0986122886681098,1,2,2,2,2,1,2,2.0
22,3.1354942159291497,1,1,2,1,2,4,1.6094379124341003,1,1,4,4,4,14,2.70805020110221,1,2,4,0,4,2,1.0986122886681098,1,2,2,2,2,2,3,82.0
13,2.6390573296152584,0,1,3,6,3,2,1.0986122886681098,1,2,2,2,2,10,2.3978952727983707,1,1,0,3,0,2,1.0986122886681098,1,2,2,2,2,1,3,2.0
23,3.1780538303479458,0,2,3,2,3,2,1.0986122886681098,1,2,2,2,2,19,2.995732273553991,0,1,4,5,9,2,1.0986122886681098,1,2,2,2,2,1,1,2.0
28,3.367295829986474,1,1,3,0,8,2,1.0986122886681098,1,2,2,2,2,4,1.6094379124341003,1,1,4,4,4,2,1.0986122886681098,1,2,2,2,2,2,6,2.0
16,2.833213344056216,1,1,1,2,6,4,1.6094379124341003,1,1,4,4,4,6,1.9459101490553132,1,0,1,6,6,2,1.0986122886681098,1,2,2,2,2,2,4,181.0
24,3.2188758248682006,1,0,4,3,4,5,1.791759469228055,0,2,0,5,5,12,2.5649493574615367,1,0,2,5,2,3,1.3862943611198906,0,0,3,3,3,1,3,167.0
19,2.995732273553991,0,1,4,5,9,4,1.6094379124341003,1,1,4,4,4,4,1.6094379124341003,1,1,4,4,4,4,1.6094379124341003,1,1,4,4,4,1,3,2.0
28,3.367295829986474,1,1,3,0,8,4,1.6094379124341003,1,1,4,4,4,8,2.1972245773362196,1,2,3,1,8,3,1.3862943611198906,0,0,3,3,3,1,2,18.0
25,3.258096538021482,0,1,0,4,5,6,1.9459101490553132,1,0,1,6,6,15,2.772588722239781,0,0,0,1,5,6,1.9459101490553132,1,0,1,6,6,1,1,2.0
23,3.1780538303479458,0,2,3,2,3,6,1.9459101490553132,1,0,1,6,6,9,2.302585092994046,0,0,4,2,9,4,1.6094379124341003,1,1,4,4,4,1,0,319.0
17,2.8903717578961645,0,2,2,3,7,5,1.791759469228055,0,2,0,5,5,11,2.4849066497880004,0,2,1,4,1,5,1.791759469228055,0,2,0,5,5,1,1,2.0
7,2.0794415416798357,0,1,2,0,7,2,1.0986122886681098,1,2,2,2,2,2,1.0986122886681098,1,2,2,2,2,2,1.0986122886681098,1,2,2,2,2,1,3,2.0
20,3.044522437723423,1,2,0,6,0,5,1.791759469228055,0,2,0,5,5,10,2.3978952727983707,1,1,0,3,0,4,1.6094379124341003,1,1,4,4,4,1,4,31.0
27,3.332204510175204,0,0,2,6,7,5,1.791759469228055,0,2,0,5,5,21,3.091042453358316,0,0,1,0,1,2,1.0986122886681098,1,2,2,2,2,1,0,4798.0
18,2.9444389791664403,1,0,3,4,8,6,1.9459101490553132,1,0,1,6,6,7,2.0794415416798357,0,1,2,0,7,5,1.791759469228055,0,2,0,5,5,1,1,35.0
25,3.258096538021482,0,1,0,4,5,6,1.9459101490553132,1,0,1,6,6,15,2.772588722239781,0,0,0,1,5,4,1.6094379124341003,1,1,4,4,4,1,0,223.0
20,3.044522437723423,1,2,0,6,0,5,1.791759469228055,0,2,0,5,5,16,2.833213344056216,1,1,1,2,6,5,1.791759469228055,0,2,0,5,5,1,3,2.0
12,2.5649493574615367,1,0,2,5,2,6,1.9459101490553132,1,0,1,6,6,10,2.3978952727983707,1,1,0,3,0,6,1.9459101490553132,1,0,1,6,6,2,3,2.0
19,2.995732273553991,0,1,4,5,9,5,1.791759469228055,0,2,0,5,5,5,1.791759469228055,0,2,0,5,5,5,1.791759469228055,0,2,0,5,5,1,3,2.0
9,2.302585092994046,0,0,4,2,9,6,1.9459101490553132,1,0,1,6,6,6,1.9459101490553132,1,0,1,6,6,4,1.6094379124341003,1,1,4,4,4,1,1,65.0
17,2.8903717578961645,0,2,2,3,7,5,1.791759469228055,0,2,0,5,5,10,2.3978952727983707,1,1,0,3,0,2,1.0986122886681098,1,2,2,2,2,1,2,289.0
20,3.044522437723423,1,2,0,6,0,5,1.791759469228055,0,2,0,5,5,11,2.4849066497880004,0,2,1,4,1,5,1.791759469228055,0,2,0,5,5,1,3,2.0
27,3.332204510175204,0,0,2,6,7,4,1.6094379124341003,1,1,4,4,4,26,3.295836866004329,1,2,1,5,6,4,1.6094379124341003,1,1,4,4,4,1,1,2.0
26,3.295836866004329,1,2,1,5,6,3,1.3862943611198906,0,0,3,3,3,3,1.3862943611198906,0,0,3,3,3,2,1.0986122886681098,1,2,2,2,2,1,2,71.0
25,3.258096538021482,0,1,0,4,5,5,1.791759469228055,0,2,0,5,5,15,2.772588722239781,0,0,0,1,5,4,1.6094379124341003,1,1,4,4,4,1,2,72.0
11,2.4849066497880004,0,2,1,4,1,6,1.9459101490553132,1,0,1,6,6,10,2.3978952727983707,1,1,0,3,0,3,1.3862943611198906,0,0,3,3,3,1,1,16.0
29,3.4011973816621555,0,2,4,1,9,4,1.6094379124341003,1,1,4,4,4,16,2.833213344056216,1,1,1,2,6,4,1.6094379124341003,1,1,4,4,4,1,3,2.0
25,3.258096538021482,0,1,0,4,5,5,1.791759469228055,0,2,0,5,5,23,3.1780538303479458,0,2,3,2,3,2,1.0986122886681098,1,2,2,2,2,1,1,49.0
17,2.8903717578961645,0,2,2,3,7,5,1.791759469228055,0,2,0,5,5,13,2.6390573296152584,0,1,3,6,3,2,1.0986122886681098,1,2,2,2,2,1,0,574.0
27,3.332204510175204,0,0,2,6,7,6,1.9459101490553132,1,0,1,6,6,23,3.1780538303479458,0,2,3,2,3,5,1.791759469228055,0,2,0,5,5,1,0,10.0
16,2.833213344056216,1,1,1,2,6,6,1.9459101490553132,1,0,1,6,6,15,2.772588722239781,0,0,0,1,5,3,1.3862943611198906,0,0,3,3,3,1,2,13.0
19,2.995732273553991,0,1,4,5,9,2,1.0986122886681098,1,2,2,2,2,8,2.1972245773362196,1,2,3,1,8,2,1.0986122886681098,1,2,2,2,2,1,3,2.0
10,2.3978952727983707,1,1,0,3,0,4,1.6094379124341003,1,1,4,4,4,10,2.3978952727983707,1,1,0,3,0,3,1.3862943611198906,0,0,3,3,3,1,1,2.0
20,3.044522437723423,1,2,0,6,0,3,1.3862943611198906,0,0,3,3,3,14,2.70805020110221,1,2,4,0,4,2,1.0986122886681098,1,2,2,2,2,1,2,7.0
18,2.9444389791664403,1,0,3,4,8,6,1.9459101490553132,1,0,1,6,6,15,2.772588722239781,0,0,0,1,5,5,1.791759469228055,0,2,0,5,5,1,2,19.0
29,3.4011973816621555,0,2,4,1,9,5,1.791759469228055,0,2,0,5,5,16,2.833213344056216,1,1,1,2,6,4,1.6094379124341003,1,1,4,4,4,1,1,89.0
27,3.332204510175204,0,0,2,6,7,6,1.9459101490553132,1,0,1,6,6,23,3.1780538303479458,0,2,3,2,3,6,1.9459101490553132,1,0,1,6,6,1,1,2.0
21,3.091042453358316,0,0,1,0,1,2,1.0986122886681098,1,2,2,2,2,3,1.3862943611198906,0,0,3,3,3,2,1.0986122886681098,1,2,2,2,2,1,2,2.0
29,3.4011973816621555,0,2,4,1,9,6,1.9459101490553132,1,0,1,6,6,13,2.6390573296152584,0,1,3,6,3,6,1.9459101490553132,1,0,1,6,6,1,1,2.0
29,3.4011973816621555,0,2,4,1,9,4,1.6094379124341003,1,1,4,4,4,11,2.4849066497880004,0,2,1,4,1,4,1.6094379124341003,1,1,4,4,4,1,1,2.0
13,2.6390573296152584,0,1,3,6,3,6,1.9459101490553132,1,0,1,6,6,13,2.6390573296152584,0,1,3,6,3,4,1.6094379124341003,1,1,4,4,4,1,1,2.0
26,3.295836866004329,1,2,1,5,6,6,1.9459101490553132,1,0,1,6,6,8,2.1972245773362196,1,2,3,1,8,6,1.9459101490553132,1,0,1,6,6,2,1,2.0
20,3.044522437723423,1,2,0,6,0,5,1.791759469228055,0,2,0,5,5,18,2.9444389791664403,1,0,3,4,8,2,1.0986122886681098,1,2,2,2,2,1,3,59.0
9,2.302585092994046,0,0,4,2,9,5,1.791759469228055,0,2,0,5,5,7,2.0794415416798357,0,1,2,0,7,3,1.3862943611198906,0,0,3,3,3,1,1,7.0
25,3.258096538021482,0,1,0,4,5,4,1.6094379124341003,1,1,4,4,4,24,3.2188758248682006,1,0,4,3,4,2,1.0986122886681098,1,2,2,2,2,1,3,46.0
29,3.4011973816621555,0,2,4,1,9,5,1.791759469228055,0,2,0,5,5,13,2.6390573296152584,0,1,3,6,3,5,1.791759469228055,0,2,0,5,5,1,1,2.0
17,2.8903717578961645,0,2,2,3,7,3,1.3862943611198906,0,0,3,3,3,3,1.3862943611198906,0,0,3,3,3,2,1.0986122886681098,1,2,2,2,2,1,1,44.0
25,3.258096538021482,0,1,0,4,5,5,1.791759469228055,0,2,0,5,5,18,2.9444389791664403,1,0,3,4,8,4,1.6094379124341003,1,1,4,4,4,1,1,9.0
29,3.4011973816621555,0,2,4,1,9,4,1.6094379124341003,1,1,4,4,4,4,1.6094379124341003,1,1,4,4,4,3,1.3862943611198906,0,0,3,3,3,1,1,102.0
12,2.5649493574615367,1,0,2,5,2,6,1.9459101490553132,1,0,1,6,6,7,2.0794415416798357,0,1,2,0,7,2,1.0986122886681098,1,2,2,2,2,1,3,132.0
23,3.1780538303479458,0,2,3,2,3,6,1.9459101490553132,1,0,1,6,6,13,2.6390573296152584,0,1,3,6,3,5,1.791759469228055,0,2,0,5,5,1,0,19.0
20,3.044522437723423,1,2,0,6,0,6,1.9459101490553132,1,0,1,6,6,17,2.8903717578961645,0,2,2,3,7,3,1.3862943611198906,0,0,3,3,3,1,1,376.0
27,3.332204510175204,0,0,2,6,7,5,1.791759469228055,0,2,0,5,5,23,3.1780538303479458,0,2,3,2,3,5,1.791759469228055,0,2,0,5,5,1,1,2.0
27,3.332204510175204,0,0,2,6,7,4,1.6094379124341003,1,1,4,4,4,23,3.1780538303479458,0,2,3,2,3,2,1.0986122886681098,1,2,2,2,2,1,1,104.0
24,3.2188758248682006,1,0,4,3,4,4,1.6094379124341003,1,1,4,4,4,15,2.772588722239781,0,0,0,1,5,2,1.0986122886681098,1,2,2,2,2,1,3,101.0
21,3.091042453358316,0,0,1,0,1,6,1.9459101490553132,1,0,1,6,6,17,2.8903717578961645,0,2,2,3,7,2,1.0986122886681098,1,2,2,2,2,1,1,70.0
20,3.044522437723423,1,2,0,6,0,5,1.791759469228055,0,2,0,5,5,9,2.302585092994046,0,0,4,2,9,5,1.791759469228055,0,2,0,5,5,1,3,2.0
13,2.6390573296152584,0,1,3,6,3,4,1.6094379124341003,1,1,4,4,4,13,2.6390573296152584,0,1,3,6,3,2,1.0986122886681098,1,2,2,2,2,1,2,2.0
9,2.302585092994046,0,0,4,2,9,5,1.791759469228055,0,2,0,5,5,5,1.791759469228055,0,2,0,5,5,5,1.791759469228055,0,2,0,5,5,1,3,2.0
22,3.1354942159291497,1,1,2,1,2,6,1.9459101490553132,1,0,1,6,6,15,2.772588722239781,0,0,0,1,5,6,1.9459101490553132,1,0,1,6,6,1,1,2.0
24,3.2188758248682006,1,0,4,3,4,6,1.9459101490553132,1,0,1,6,6,9,2.302585092994046,0,0,4,2,9,3,1.3862943611198906,0,0,3,3,3,3,4,637.0
30,3.4339872044851463,1,0,0,2,0,3,1.3862943611198906,0,0,3,3,3,26,3.295836866004329,1,2,1,5,6,2,1.0986122886681098,1,2,2,2,2,1,3,5.0
30,3.4339872044851463,1,0,0,2,0,2,1.0986122886681098,1,2,2,2,2,12,2.5649493574615367,1,0,2,5,2,2,1.0986122886681098,1,2,2,2,2,2,5,2.0
25,3.258096538021482,0,1,0,4,5,4,1.6094379124341003,1,1,4,4,4,10,2.3978952727983707,1,1,0,3,0,3,1.3862943611198906,0,0,3,3,3,1,0,74.0
18,2.9444389791664403,1,0,3,4,8,5,1.791759469228055,0,2,0,5,5,9,2.302585092994046,0,0,4,2,9,3,1.3862943611198906,0,0,3,3,3,1,3,35.0
27,3.332204510175204,0,0,2,6,7,3,1.3862943611198906,0,0,3,3,3,22,3.1354942159291497,1,1,2,1,2,3,1.3862943611198906,0,0,3,3,3,1,3,2.0
16,2.833213344056216,1,1,1,2,6,3,1.3862943611198906,0,0,3,3,3,3,1.3862943611198906,0,0,3,3,3,3,1.3862943611198906,0,0,3,3,3,1,3,2.0
19,2.995732273553991,0,1,4,5,9,4,1.6094379124341003,1,1,4,4,4,11,2.4849066497880004,0,2,1,4,1,3,1.3862943611198906,0,0,3,3,3,1,0,6.0
15,2.772588722239781,0,0,0,1,5,3,1.3862943611198906,0,0,3,3,3,4,1.6094379124341003,1,1,4,4,4,2,1.0986122886681098,1,2,2,2,2,1,2,37.0
8,2.1972245773362196,1,2,3,1,8,5,1.791759469228055,0,2,0,5,5,6,1.9459101490553132,1,0,1,6,6,2,1.0986122886681098,1,2,2,2,2,1,2,31.0
7,2.0794415416798357,0,1,2,0,7,5,1.791759469228055,0,2,0,5,5,7,2.0794415416798357,0,1,2,0,7,4,1.6094379124341003,1,1,4,4,4,1,1,2.0
25,3.258096538021482,0,1,0,4,5,6,1.9459101490553132,1,0,1,6,6,12,2.5649493574615367,1,0,2,5,2,6,1.9459101490553132,1,0,1,6,6,1,3,2.0
24,3.2188758248682006,1,0,4,3,4,6,1.9459101490553132,1,0,1,6,6,19,2.995732273553991,0,1,4,5,9,2,1.0986122886681098,1,2,2,2,2,1,3,2837.0
27,3.332204510175204,0,0,2,6,7,3,1.3862943611198906,0,0,3,3,3,19,2.995732273553991,0,1,4,5,9,2,1.0986122886681098,1,2,2,2,2,1,1,58.0
18,2.9444389791664403,1,0,3,4,8,4,1.6094379124341003,1,1,4,4,4,14,2.70805020110221,1,2,4,0,4,2,1.0986122886681098,1,2,2,2,2,2,3,4.0
19,2.995732273553991,0,1,4,5,9,6,1.9459101490553132,1,0,1,6,6,19,2.995732273553991,0,1,4,5,9,4,1.6094379124341003,1,1,4,4,4,1,1,2.0
25,3.258096538021482,0,1,0,4,5,3,1.3862943611198906,0,0,3,3,3,13,2.6390573296152584,0,1,3,6,3,2,1.0986122886681098,1,2,2,2,2,1,0,58.0
14,2.70805020110221,1,2,4,0,4,3,1.3862943611198906,0,0,3,3,3,10,2.3978952727983707,1,1,0,3,0,2,1.0986122886681098,1,2,2,2,2,1,2,7.0
23,3.1780538303479458,0,2,3,2,3,6,1.9459101490553132,1,0,1,6,6,17,2.8903717578961645,0,2,2,3,7,4,1.6094379124341003,1,1,4,4,4,1,0,205.0
23,3.1780538303479458,0,2,3,2,3,6,1.9459101490553132,1,0,1,6,6,8,2.1972245773362196,1,2,3,1,8,4,1.6094379124341003,1,1,4,4,4,1,1,589.0
29,3.4011973816621555,0,2,4,1,9,6,1.9459101490553132,1,0,1,6,6,29,3.4011973816621555,0,2,4,1,9,4,1.6094379124341003,1,1,4,4,4,1,1,2.0
30,3.4339872044851463,1,0,0,2,0,5,1.791759469228055,0,2,0,5,5,20,3.044522437723423,1,2,0,6,0,3,1.3862943611198906,0,0,3,3,3,1,3,1147.0
17,2.8903717578961645,0,2,2,3,7,6,1.9459101490553132,1,0,1,6,6,9,2.302585092994046,0,0,4,2,9,3,1.3862943611198906,0,0,3,3,3,1,2,112.0
11,2.4849066497880004,0,2,1,4,1,5,1.791759469228055,0,2,0,5,5,5,1.791759469228055,0,2,0,5,5,3,1.3862943611198906,0,0,3,3,3,1,1,182.0
27,3.332204510175204,0,0,2,6,7,4,1.6094379124341003,1,1,4,4,4,21,3.091042453358316,0,0,1,0,1,4,1.6094379124341003,1,1,4,4,4,1,1,2.0
10,2.3978952727983707,1,1,0,3,0,6,1.9459101490553132,1,0,1,6,6,6,1.9459101490553132,1,0,1,6,6,6,1.9459101490553132,1,0,1,6,6,2,3,2.0
8,2.1972245773362196,1,2,3,1,8,5,1.791759469228055,0,2,0,5,5,5,1.791759469228055,0,2,0,5,5,4,1.6094379124341003,1,1,4,4,4,1,2,17.0
9,2.302585092994046,0,0,4,2,9,4,1.6094379124341003,1,1,4,4,4,6,1.9459101490553132,1,0,1,6,6,3,1.3862943611198906,0,0,3,3,3,1,2,6.0
16,2.833213344056216,1,1,1,2,6,5,1.791759469228055,0,2,0,5,5,5,1.791759469228055,0,2,0,5,5,5,1.791759469228055,0,2,0,5,5,1,3,2.0
27,3.332204510175204,0,0,2,6,7,6,1.9459101490553132,1,0,1,6,6,19,2.995732273553991,0,1,4,5,9,4,1.6094379124341003,1,1,4,4,4,1,0,66.0
23,3.1780538303479458,0,2,3,2,3,4,1.6094379124341003,1,1,4,4,4,23,3.1780538303479458,0,2,3,2,3,4,1.6094379124341003,1,1,4,4,4,1,2,2.0
24,3.2188758248682006,1,0,4,3,4,4,1.6094379124341003,1,1,4,4,4,9,2.302585092994046,0,0,4,2,9,4,1.6094379124341003,1,1,4,4,4,1,3,2.0
26,3.295836866004329,1,2,1,5,6,4,1.6094379124341003,1,1,4,4,4,13,2.6390573296152584,0,1,3,6,3,2,1.0986122886681098,1,2,2,2,2,1,3,864.0
22,3.1354942159291497,1,1,2,1,2,3,1.3862943611198906,0,0,3,3,3,18,2.9444389791664403,1,0,3,4,8,3,1.3862943611198906,0,0,3,3,3,1,3,2.0
17,2.8903717578961645,0,2,2,3,7,3,1.3862943611198906,0,0,3,3,3,11,2.4849066497880004,0,2,1,4,1,3,1.3862943611198906,0,0,3,3,3,1,1,2.0
18,2.9444389791664403,1,0,3,4,8,5,1.791759469228055,0,2,0,5,5,13,2.6390573296152584,0,1,3,6,3,5,1.791759469228055,0,2,0,5,5,1,1,2.0
22,3.1354942159291497,1,1,2,1,2,2,1.0986122886681098,1,2,2,2,2,22,3.1354942159291497,1,1,2,1,2,2,1.0986122886681098,1,2,2,2,2,2,6,2.0
26,3.295836866004329,1,2,1,5,6,4,1.6094379124341003,1,1,4,4,4,10,2.3978952727983707,1,1,0,3,0,2,1.0986122886681098,1,2,2,2,2,2,3,258.0
17,2.8903717578961645,0,2,2,3,7,4,1.6094379124341003,1,1,4,4,4,10,2.3978952727983707,1,1,0,3,0,2,1.0986122886681098,1,2,2,2,2,1,2,21.0
14,2.70805020110221,1,2,4,0,4,5,1.791759469228055,0,2,0,5,5,8,2.1972245773362196,1,2,3,1,8,4,1.6094379124341003,1,1,4,4,4,1,1,19.0
16,2.833213344056216,1,1,1,2,6,6,1.9459101490553132,1,0,1,6,6,13,2.6390573296152584,0,1,3,6,3,6,1.9459101490553132,1,0,1,6,6,1,1,2.0
9,2.302585092994046,0,0,4,2,9,4,1.6094379124341003,1,1,4,4,4,4,1.6094379124341003,1,1,4,4,4,2,1.0986122886681098,1,2,2,2,2,1,3,82.0
21,3.091042453358316,0,0,1,0,1,2,1.0986122886681098,1,2,2,2,2,13,2.6390573296152584,0,1,3,6,3,2,1.0986122886681098,1,2,2,2,2,1,1,2.0
27,3.332204510175204,0,0,2,6,7,2,1.0986122886681098,1,2,2,2,2,25,3.258096538021482,0,1,0,4,5,2,1.0986122886681098,1,2,2,2,2,1,1,2.0
9,2.302585092994046,0,0,4,2,9,4,1.6094379124341003,1,1,4,4,4,6,1.9459101490553132,1,0,1,6,6,4,1.6094379124341003,1,1,4,4,4,1,1,2.0
17,2.8903717578961645,0,2,2,3,7,2,1.0986122886681098,1,2,2,2,2,10,2.3978952727983707,1,1,0,3,0,2,1.0986122886681098,1,2,2,2,2,1,3,2.0
19,2.995732273553991,0,1,4,5,9,5,1.791759469228055,0,2,0,5,5,18,2.9444389791664403,1,0,3,4,8,3,1.3862943611198906,0,0,3,3,3,1,1,33.0
30,3.4339872044851463,1,0,0,2,0,5,1.791759469228055,0,2,0,5,5,13,2.6390573296152584,0,1,3,6,3,5,1.791759469228055,0,2,0,5,5,1,3,2.0
19,2.995732273553991,0,1,4,5,9,2,1.0986122886681098,1,2,2,2,2,6,1.9459101490553132,1,0,1,6,6,2,1.0986122886681098,1,2,2,2,2,1,3,2.0
28,3.367295829986474,1,1,3,0,8,3,1.3862943611198906,0,0,3,3,3,10,2.3978952727983707,1,1,0,3,0,2,1.0986122886681098,1,2,2,2,2,1,2,35.0
19,2.995732273553991,0,1,4,5,9,5,1.791759469228055,0,2,0,5,5,8,2.1972245773362196,1,2,3,1,8,3,1.3862943611198906,0,0,3,3,3,1,0,283.0
15,2.772588722239781,0,0,0,1,5,2,1.0986122886681098,1,2,2,2,2,5,1.791759469228055,0,2,0,5,5,2,1.0986122886681098,1,2,2,2,2,1,2,2.0
26,3.295836866004329,1,2,1,5,6,4,1.6094379124341003,1,1,4,4,4,22,3.1354942159291497,1,1,2,1,2,4,1.6094379124341003,1,1,4,4,4,2,1,2.0
13,2.6390573296152584,0,1,3,6,3,6,1.9459101490553132,1,0,1,6,6,12,2.5649493574615367,1,0,2,5,2,5,1.791759469228055,0,2,0,5,5,1,1,20.0
13,2.6390573296152584,0,1,3,6,3,3,1.3862943611198906,0,0,3,3,3,4,1.6094379124341003,1,1,4,4,4,2,1.0986122886681098,1,2,2,2,2,1,1,31.0
30,3.4339872044851463,1,0,0,2,0,4,1.6094379124341003,1,1,4,4,4,30,3.4339872044851463,1,0,0,2,0,3,1.3862943611198906,0,0,3,3,3,1,3,2.0
21,3.091042453358316,0,0,1,0,1,4,1.6094379124341003,1,1,4,4,4,20,3.044522437723423,1,2,0,6,0,4,1.6094379124341003,1,1,4,4,4,1,3,2.0
22,3.1354942159291497,1,1,2,1,2,2,1.0986122886681098,1,2,2,2,2,19,2.995732273553991,0,1,4,5,9,2,1.0986122886681098,1,2,2,2,2,1,3,2.0
14,2.70805020110221,1,2,4,0,4,3,1.3862943611198906,0,0,3,3,3,7,2.0794415416798357,0,1,2,0,7,2,1.0986122886681098,1,2,2,2,2,1,2,31.0
25,3.258096538021482,0,1,0,4,5,5,1.791759469228055,0,2,0,5,5,19,2.995732273553991,0,1,4,5,9,2,1.0986122886681098,1,2,2,2,2,1,1,377.0
12,2.5649493574615367,1,0,2,5,2,5,1.791759469228055,0,2,0,5,5,7,2.0794415416798357,0,1,2,0,7,2,1.0986122886681098,1,2,2,2,2,1,1,37.0
20,3.044522437723423,1,2,0,6,0,4,1.6094379124341003,1,1,4,4,4,18,2.9444389791664403,1,0,3,4,8,4,1.6094379124341003,1,1,4,4,4,2,3,2.0
10,2.3978952727983707,1,1,0,3,0,5,1.791759469228055,0,2,0,5,5,9,2.302585092994046,0,0,4,2,9,3,1.3862943611198906,0,0,3,3,3,1,2,3.0
23,3.1780538303479458,0,2,3,2,3,3,1.3862943611198906,0,0,3,3,3,4,1.6094379124341003,1,1,4,4,4,3,1.3862943611198906,0,0,3,3,3,1,1,2.0
30,3.4339872044851463,1,0,0,2,0,5,1.791759469228055,0,2,0,5,5,11,2.4849066497880004,0,2,1,4,1,5,1.791759469228055,0,2,0,5,5,1,3,2.0
30,3.4339872044851463,1,0,0,2,0,6,1.9459101490553132,1,0,1,6,6,27,3.332204510175204,0,0,2,6,7,4,1.6094379124341003,1,1,4,4,4,1,1,758.0
24,3.2188758248682006,1,0,4,3,4,4,1.6094379124341003,1,1,4,4,4,4,1.6094379124341003,1,1,4,4,4,3,1.3862943611198906,0,0,3,3,3,1,4,82.0
23,3.1780538303479458,0,2,3,2,3,6,1.9459101490553132,1,0,1,6,6,8,2.1972245773362196,1,2,3,1,8,5,1.791759469228055,0,2,0,5,5,1,0,32.0
26,3.295836866004329,1,2,1,5,6,6,1.9459101490553132,1,0,1,6,6,18,2.9444389791664403,1,0,3,4,8,2,1.0986122886681098,1,2,2,2,2,2,4,347.0
24,3.2188758248682006,1,0,4,3,4,4,1.6094379124341003,1,1,4,4,4,8,2.1972245773362196,1,2,3,1,8,2,1.0986122886681098,1,2,2,2,2,2,6,314.0
16,2.833213344056216,1,1,1,2,6,4,1.6094379124341003,1,1,4,4,4,10,2.3978952727983707,1,1,0,3,0,4,1.6094379124341003,1,1,4,4,4,2,3,2.0
9,2.302585092994046,0,0,4,2,9,6,1.9459101490553132,1,0,1,6,6,8,2.1972245773362196,1,2,3,1,8,3,1.3862943611198906,0,0,3,3,3,1,2,4.0
14,2.70805020110221,1,2,4,0,4,5,1.791759469228055,0,2,0,5,5,9,2.302585092994046,0,0,4,2,9,2,1.0986122886681098,1,2,2,2,2,1,1,347.0
23,3.1780538303479458,0,2,3,2,3,4,1.6094379124341003,1,1,4,4,4,13,2.6390573296152584,0,1,3,6,3,3,1.3862943611198906,0,0,3,3,3,1,0,6.0
22,3.1354942159291497,1,1,2,1,2,5,1.791759469228055,0,2,0,5,5,10,2.3978952727983707,1,1,0,3,0,3,1.3862943611198906,0,0,3,3,3,1,1,304.0
25,3.258096538021482,0,1,0,4,5,4,1.6094379124341003,1,1,4,4,4,12,2.5649493574615367,1,0,2,5,2,4,1.6094379124341003,1,1,4,4,4,1,3,2.0
19,2.995732273553991,0,1,4,5,9,5,1.791759469228055,0,2,0,5,5,14,2.70805020110221,1,2,4,0,4,4,1.6094379124341003,1,1,4,4,4,1,0,9.0
16,2.833213344056216,1,1,1,2,6,3,1.3862943611198906,0,0,3,3,3,5,1.791759469228055,0,2,0,5,5,2,1.0986122886681098,1,2,2,2,2,1,1,13.0
18,2.9444389791664403,1,0,3,4,8,6,1.9459101490553132,1,0,1,6,6,14,2.70805020110221,1,2,4,0,4,3,1.3862943611198906,0,0,3,3,3,1,3,236.0
26,3.295836866004329,1,2,1,5,6,4,1.6094379124341003,1,1,4,4,4,12,2.5649493574615367,1,0,2,5,2,3,1.3862943611198906,0,0,3,3,3,1,2,74.0
30,3.4339872044851463,1,0,0,2,0,6,1.9459101490553132,1,0,1,6,6,20,3.044522437723423,1,2,0,6,0,3,1.3862943611198906,0,0,3,3,3,1,3,2061.0
30,3.4339872044851463,1,0,0,2,0,4,1.6094379124341003,1,1,4,4,4,24,3.2188758248682006,1,0,4,3,4,2,1.0986122886681098,1,2,2,2,2,2,4,272.0
30,3.4339872044851463,1,0,0,2,0,6,1.9459101490553132,1,0,1,6,6,24,3.2188758248682006,1,0,4,3,4,3,1.3862943611198906,0,0,3,3,3,3,5,1431.0
26,3.295836866004329,1,2,1,5,6,5,1.791759469228055,0,2,0,5,5,17,2.8903717578961645,0,2,2,3,7,4,1.6094379124341003,1,1,4,4,4,1,0,71.0
25,3.258096538021482,0,1,0,4,5,6,1.9459101490553132,1,0,1,6,6,16,2.833213344056216,1,1,1,2,6,6,1.9459101490553132,1,0,1,6,6,1,1,2.0
28,3.367295829986474,1,1,3,0,8,5,1.791759469228055,0,2,0,5,5,20,3.044522437723423,1,2,0,6,0,4,1.6094379124341003,1,1,4,4,4,1,3,9.0
28,3.367295829986474,1,1,3,0,8,5,1.791759469228055,0,2,0,5,5,11,2.4849066497880004,0,2,1,4,1,5,1.791759469228055,0,2,0,5,5,1,1,2.0
28,3.367295829986474,1,1,3,0,8,5,1.791759469228055,0,2,0,5,5,21,3.091042453358316,0,0,1,0,1,4,1.6094379124341003,1,1,4,4,4,1,1,69.0
24,3.2188758248682006,1,0,4,3,4,6,1.9459101490553132,1,0,1,6,6,18,2.9444389791664403,1,0,3,4,8,5,1.791759469228055,0,2,0,5,5,1,2,62.0
24,3.2188758248682006,1,0,4,3,4,3,1.3862943611198906,0,0,3,3,3,14,2.70805020110221,1,2,4,0,4,2,1.0986122886681098,1,2,2,2,2,1,3,9.0
12,2.5649493574615367,1,0,2,5,2,5,1.791759469228055,0,2,0,5,5,12,2.5649493574615367,1,0,2,5,2,5,1.791759469228055,0,2,0,5,5,1,2,2.0
20,3.044522437723423,1,2,0,6,0,5,1.791759469228055,0,2,0,5,5,17,2.8903717578961645,0,2,2,3,7,5,1.791759469228055,0,2,0,5,5,1,3,2.0
23,3.1780538303479458,0,2,3,2,3,4,1.6094379124341003,1,1,4,4,4,7,2.0794415416798357,0,1,2,0,7,2,1.0986122886681098,1,2,2,2,2,1,1,90.0
30,3.4339872044851463,1,0,0,2,0,3,1.3862943611198906,0,0,3,3,3,16,2.833213344056216,1,1,1,2,6,2,1.0986122886681098,1,2,2,2,2,1,3,5.0
27,3.332204510175204,0,0,2,6,7,5,1.791759469228055,0,2,0,5,5,26,3.295836866004329,1,2,1,5,6,4,1.6094379124341003,1,1,4,4,4,1,0,49.0
21,3.091042453358316,0,0,1,0,1,6,1.9459101490553132,1,0,1,6,6,11,2.4849066497880004,0,2,1,4,1,6,1.9459101490553132,1,0,1,6,6,1,1,2.0
27,3.332204510175204,0,0,2,6,7,3,1.3862943611198906,0,0,3,3,3,7,2.0794415416798357,0,1,2,0,7,3,1.3862943611198906,0,0,3,3,3,1,3,2.0
16,2.833213344056216,1,1,1,2,6,4,1.6094379124341003,1,1,4,4,4,4,1.6094379124341003,1,1,4,4,4,3,1.3862943611198906,0,0,3,3,3,1,3,50.0
18,2.9444389791664403,1,0,3,4,8,4,1.6094379124341003,1,1,4,4,4,17,2.8903717578961645,0,2,2,3,7,4,1.6094379124341003,1,1,4,4,4,1,1,2.0
29,3.4011973816621555,0,2,4,1,9,2,1.0986122886681098,1,2,2,2,2,10,2.3978952727983707,1,1,0,3,0,2,1.0986122886681098,1,2,2,2,2,1,3,2.0
24,3.2188758248682006,1,0,4,3,4,5,1.791759469228055,0,2,0,5,5,6,1.9459101490553132,1,0,1,6,6,3,1.3862943611198906,0,0,3,3,3,1,3,557.0
21,3.091042453358316,0,0,1,0,1,6,1.9459101490553132,1,0,1,6,6,17,2.8903717578961645,0,2,2,3,7,4,1.6094379124341003,1,1,4,4,4,1,0,67.0
16,2.833213344056216,1,1,1,2,6,5,1.791759469228055,0,2,0,5,5,16,2.833213344056216,1,1,1,2,6,5,1.791759469228055,0,2,0,5,5,1,2,2.0
17,2.8903717578961645,0,2,2,3,7,5,1.791759469228055,0,2,0,5,5,17,2.8903717578961645,0,2,2,3,7,4,1.6094379124341003,1,1,4,4,4,1,1,2.0
26,3.295836866004329,1,2,1,5,6,4,1.6094379124341003,1,1,4,4,4,23,3.1780538303479458,0,2,3,2,3,2,1.0986122886681098,1,2,2,2,2,1,2,94.0
22,3.1354942159291497,1,1,2,1,2,2,1.0986122886681098,1,2,2,2,2,17,2.8903717578961645,0,2,2,3,7,2,1.0986122886681098,1,2,2,2,2,1,3,2.0
15,2.772588722239781,0,0,0,1,5,5,1.791759469228055,0,2,0,5,5,9,2.302585092994046,0,0,4,2,9,4,1.6094379124341003,1,1,4,4,4,1,1,8.0
20,3.044522437723423,1,2,0,6,0,4,1.6094379124341003,1,1,4,4,4,19,2.995732273553991,0,1,4,5,9,2,1.0986122886681098,1,2,2,2,2,1,3,9.0
28,3.367295829986474,1,1,3,0,8,6,1.9459101490553132,1,0,1,6,6,27,3.332204510175204,0,0,2,6,7,6,1.9459101490553132,1,0,1,6,6,1,1,2.0
27,3.332204510175204,0,0,2,6,7,3,1.3862943611198906,0,0,3,3,3,26,3.295836866004329,1,2,1,5,6,2,1.0986122886681098,1,2,2,2,2,1,2,17.0
20,3.044522437723423,1,2,0,6,0,2,1.0986122886681098,1,2,2,2,2,3,1.3862943611198906,0,0,3,3,3,2,1.0986122886681098,1,2,2,2,2,1,3,2.0
17,2.8903717578961645,0,2,2,3,7,6,1.9459101490553132,1,0,1,6,6,13,2.6390573296152584,0,1,3,6,3,3,1.3862943611198906,0,0,3,3,3,1,1,49.0
28,3.367295829986474,1,1,3,0,8,4,1.6094379124341003,1,1,4,4,4,25,3.258096538021482,0,1,0,4,5,4,1.6094379124341003,1,1,4,4,4,1,3,2.0
21,3.091042453358316,0,0,1,0,1,5,1.791759469228055,0,2,0,5,5,17,2.8903717578961645,0,2,2,3,7,3,1.3862943611198906,0,0,3,3,3,1,1,382.0
29,3.4011973816621555,0,2,4,1,9,5,1.791759469228055,0,2,0,5,5,8,2.1972245773362196,1,2,3,1,8,2,1.0986122886681098,1,2,2,2,2,1,1,3613.0
21,3.091042453358316,0,0,1,0,1,5,1.791759469228055,0,2,0,5,5,8,2.1972245773362196,1,2,3,1,8,4,1.6094379124341003,1,1,4,4,4,1,1,73.0
24,3.2188758248682006,1,0,4,3,4,4,1.6094379124341003,1,1,4,4,4,21,3.091042453358316,0,0,1,0,1,3,1.3862943611198906,0,0,3,3,3,1,3,8.0
24,3.2188758248682006,1,0,4,3,4,5,1.791759469228055,0,2,0,5,5,13,2.6390573296152584,0,1,3,6,3,4,1.6094379124341003,1,1,4,4,4,1,1,73.0
30,3.4339872044851463,1,0,0,2,0,4,1.6094379124341003,1,1,4,4,4,19,2.995732273553991,0,1,4,5,9,2,1.0986122886681098,1,2,2,2,2,1,2,122.0
21,3.091042453358316,0,0,1,0,1,6,1.9459101490553132,1,0,1,6,6,10,2.3978952727983707,1,1,0,3,0,5,1.791759469228055,0,2,0,5,5,1,1,76.0
27,3.332204510175204,0,0,2,6,7,4,1.6094379124341003,1,1,4,4,4,5,1.791759469228055,0,2,0,5,5,2,1.0986122886681098,1,2,2,2,2,1,1,508.0
24,3.2188758248682006,1,0,4,3,4,3,1.3862943611198906,0,0,3,3,3,22,3.1354942159291497,1,1,2,1,2,2,1.0986122886681098,1,2,2,2,2,1,3,23.0
17,2.8903717578961645,0,2,2,3,7,6,1.9459101490553132,1,0,1,6,6,10,2.3978952727983707,1,1,0,3,0,4,1.6094379124341003,1,1,4,4,4,1,0,157.0
10,2.3978952727983707,1,1,0,3,0,5,1.791759469228055,0,2,0,5,5,8,2.1972245773362196,1,2,3,1,8,4,1.6094379124341003,1,1,4,4,4,1,2,9.0
19,2.995732273553991,0,1,4,5,9,5,1.791759469228055,0,2,0,5,5,13,2.6390573296152584,0,1,3,6,3,5,1.791759469228055,0,2,0,5,5,1,1,2.0
23,3.1780538303479458,0,2,3,2,3,4,1.6094379124341003,1,1,4,4,4,8,2.1972245773362196,1,2,3,1,8,2,1.0986122886681098,1,2,2,2,2,1,3,56.0
17,2.8903717578961645,0,2,2,3,7,6,1.9459101490553132,1,0,1,6,6,11,2.4849066497880004,0,2,1,4,1,3,1.3862943611198906,0,0,3,3,3,1,1,181.0
22,3.1354942159291497,1,1,2,1,2,4,1.6094379124341003,1,1,4,4,4,4,1.6094379124341003,1,1,4,4,4,2,1.0986122886681098,1,2,2,2,2,2,4,992.0
17,2.8903717578961645,0,2,2,3,7,5,1.791759469228055,0,2,0,5,5,12,2.5649493574615367,1,0,2,5,2,2,1.0986122886681098,1,2,2,2,2,1,1,629.0
15,2.772588722239781,0,0,0,1,5,6,1.9459101490553132,1,0,1,6,6,7,2.0794415416798357,0,1,2,0,7,4,1.6094379124341003,1,1,4,4,4,1,0,166.0
13,2.6390573296152584,0,1,3,6,3,5,1.791759469228055,0,2,0,5,5,13,2.6390573296152584,0,1,3,6,3,3,1.3862943611198906,0,0,3,3,3,1,1,2.0
25,3.258096538021482,0,1,0,4,5,4,1.6094379124341003,1,1,4,4,4,15,2.772588722239781,0,0,0,1,5,3,1.3862943611198906,0,0,3,3,3,1,1,16.0
14,2.70805020110221,1,2,4,0,4,4,1.6094379124341003,1,1,4,4,4,10,2.3978952727983707,1,1,0,3,0,2,1.0986122886681098,1,2,2,2,2,2,3,39.0
18,2.9444389791664403,1,0,3,4,8,6,1.9459101490553132,1,0,1,6,6,18,2.9444389791664403,1,0,3,4,8,3,1.3862943611198906,0,0,3,3,3,3,6,2.0
29,3.4011973816621555,0,2,4,1,9,2,1.0986122886681098,1,2,2,2,2,14,2.70805020110221,1,2,4,0,4,2,1.0986122886681098,1,2,2,2,2,1,3,2.0
23,3.1780538303479458,0,2,3,2,3,4,1.6094379124341003,1,1,4,4,4,10,2.3978952727983707,1,1,0,3,0,2,1.0986122886681098,1,2,2,2,2,1,2,183.0
17,2.8903717578961645,0,2,2,3,7,3,1.3862943611198906,0,0,3,3,3,4,1.6094379124341003,1,1,4,4,4,2,1.0986122886681098,1,2,2,2,2,1,1,43.0
13,2.6390573296152584,0,1,3,6,3,6,1.9459101490553132,1,0,1,6,6,12,2.5649493574615367,1,0,2,5,2,6,1.9459101490553132,1,0,1,6,6,1,3,2.0
30,3.4339872044851463,1,0,0,2,0,3,1.3862943611198906,0,0,3,3,3,27,3.332204510175204,0,0,2,6,7,3,1.3862943611198906,0,0,3,3,3,3,5,2.0
11,2.4849066497880004,0,2,1,4,1,5,1.791759469228055,0,2,0,5,5,10,2.3978952727983707,1,1,0,3,0,2,1.0986122886681098,1,2,2,2,2,1,2,17.0
11,2.4849066497880004,0,2,1,4,1,6,1.9459101490553132,1,0,1,6,6,7,2.0794415416798357,0,1,2,0,7,6,1.9459101490553132,1,0,1,6,6,1,1,2.0
21,3.091042453358316,0,0,1,0,1,6,1.9459101490553132,1,0,1,6,6,18,2.9444389791664403,1,0,3,4,8,6,1.9459101490553132,1,0,1,6,6,3,3,2.0
11,2.4849066497880004,0,2,1,4,1,5,1.791759469228055,0,2,0,5,5,11,2.4849066497880004,0,2,1,4,1,3,1.3862943611198906,0,0,3,3,3,1,1,2.0
27,3.332204510175204,0,0,2,6,7,3,1.3862943611198906,0,0,3,3,3,27,3.332204510175204,0,0,2,6,7,2,1.0986122886681098,1,2,2,2,2,1,3,2.0
13,2.6390573296152584,0,1,3,6,3,5,1.791759469228055,0,2,0,5,5,12,2.5649493574615367,1,0,2,5,2,4,1.6094379124341003,1,1,4,4,4,1,1,21.0
26,3.295836866004329,1,2,1,5,6,5,1.791759469228055,0,2,0,5,5,23,3.1780538303479458,0,2,3,2,3,5,1.791759469228055,0,2,0,5,5,1,1,2.0
29,3.4011973816621555,0,2,4,1,9,6,1.9459101490553132,1,0,1,6,6,23,3.1780538303479458,0,2,3,2,3,3,1.3862943611198906,0,0,3,3,3,1,1,17.0
17,2.8903717578961645,0,2,2,3,7,6,1.9459101490553132,1,0,1,6,6,7,2.0794415416798357,0,1,2,0,7,4,1.6094379124341003,1,1,4,4,4,1,0,257.0
13,2.6390573296152584,0,1,3,6,3,2,1.0986122886681098,1,2,2,2,2,7,2.0794415416798357,0,1,2,0,7,2,1.0986122886681098,1,2,2,2,2,1,1,2.0
30,3.4339872044851463,1,0,0,2,0,4,1.6094379124341003,1,1,4,4,4,8,2.1972245773362196,1,2,3,1,8,3,1.3862943611198906,0,0,3,3,3,1,2,98.0
17,2.8903717578961645,0,2,2,3,7,6,1.9459101490553132,1,0,1,6,6,13,2.6390573296152584,0,1,3,6,3,5,1.791759469228055,0,2,0,5,5,1,0,5.0
18,2.9444389791664403,1,0,3,4,8,5,1.791759469228055,0,2,0,5,5,7,2.0794415416798357,0,1,2,0,7,4,1.6094379124341003,1,1,4,4,4,1,0,61.0
12,2.5649493574615367,1,0,2,5,2,6,1.9459101490553132,1,0,1,6,6,8,2.1972245773362196,1,2,3,1,8,6,1.9459101490553132,1,0,1,6,6,2,3,2.0
12,2.5649493574615367,1,0,2,5,2,4,1.6094379124341003,1,1,4,4,4,10,2.3978952727983707,1,1,0,3,0,4,1.6094379124341003,1,1,4,4,4,2,3,2.0
29,3.4011973816621555,0,2,4,1,9,6,1.9459101490553132,1,0,1,6,6,14,2.70805020110221,1,2,4,0,4,3,1.3862943611198906,0,0,3,3,3,1,1,3371.0
12,2.5649493574615367,1,0,2,5,2,5,1.791759469228055,0,2,0,5,5,10,2.3978952727983707,1,1,0,3,0,4,1.6094379124341003,1,1,4,4,4,1,2,11.0
27,3.332204510175204,0,0,2,6,7,2,1.0986122886681098,1,2,2,2,2,2,1.0986122886681098,1,2,2,2,2,2,1.0986122886681098,1,2,2,2,2,1,3,2.0
29,3.4011973816621555,0,2,4,1,9,6,1.9459101490553132,1,0,1,6,6,12,2.5649493574615367,1,0,2,5,2,4,1.6094379124341003,1,1,4,4,4,1,2,626.0
16,2.833213344056216,1,1,1,2,6,6,1.9459101490553132,1,0,1,6,6,10,2.3978952727983707,1,1,0,3,0,4,1.6094379124341003,1,1,4,4,4,2,1,121.0
23,3.1780538303479458,0,2,3,2,3,5,1.791759469228055,0,2,0,5,5,13,2.6390573296152584,0,1,3,6,3,5,1.791759469228055,0,2,0,5,5,1,1,2.0
19,2.995732273553991,0,1,4,5,9,4,1.6094379124341003,1,1,4,4,4,9,2.302585092994046,0,0,4,2,9,3,1.3862943611198906,0,0,3,3,3,1,1,26.0
24,3.2188758248682006,1,0,4,3,4,6,1.9459101490553132,1,0,1,6,6,12,2.5649493574615367,1,0,2,5,2,2,1.0986122886681098,1,2,2,2,2,2,6,2843.0
29,3.4011973816621555,0,2,4,1,9,5,1.791759469228055,0,2,0,5,5,15,2.772588722239781,0,0,0,1,5,3,1.3862943611198906,0,0,3,3,3,1,2,731.0
15,2.772588722239781,0,0,0,1,5,6,1.9459101490553132,1,0,1,6,6,9,2.302585092994046,0,0,4,2,9,2,1.0986122886681098,1,2,2,2,2,1,1,839.0
27,3.332204510175204,0,0,2,6,7,6,1.9459101490553132,1,0,1,6,6,8,2.1972245773362196,1,2,3,1,8,4,1.6094379124341003,1,1,4,4,4,1,1,935.0
29,3.4011973816621555,0,2,4,1,9,4,1.6094379124341003,1,1,4,4,4,12,2.5649493574615367,1,0,2,5,2,4,1.6094379124341003,1,1,4,4,4,1,3,2.0
14,2.70805020110221,1,2,4,0,4,3,1.3862943611198906,0,0,3,3,3,7,2.0794415416798357,0,1,2,0,7,3,1.3862943611198906,0,0,3,3,3,1,2,2.0
15,2.772588722239781,0,0,0,1,5,4,1.6094379124341003,1,1,4,4,4,9,2.302585092994046,0,0,4,2,9,4,1.6094379124341003,1,1,4,4,4,1,1,2.0
25,3.258096538021482,0,1,0,4,5,3,1.3862943611198906,0,0,3,3,3,3,1.3862943611198906,0,0,3,3,3,3,1.3862943611198906,0,0,3,3,3,1,3,2.0
21,3.091042453358316,0,0,1,0,1,6,1.9459101490553132,1,0,1,6,6,20,3.044522437723423,1,2,0,6,0,4,1.6094379124341003,1,1,4,4,4,1,1,12.0
22,3.1354942159291497,1,1,2,1,2,2,1.0986122886681098,1,2,2,2,2,9,2.302585092994046,0,0,4,2,9,2,1.0986122886681098,1,2,2,2,2,1,3,2.0
22,3.1354942159291497,1,1,2,1,2,4,1.6094379124341003,1,1,4,4,4,6,1.9459101490553132,1,0,1,6,6,2,1.0986122886681098,1,2,2,2,2,2,3,430.0
30,3.4339872044851463,1,0,0,2,0,4,1.6094379124341003,1,1,4,4,4,25,3.258096538021482,0,1,0,4,5,2,1.0986122886681098,1,2,2,2,2,1,2,796.0
9,2.302585092994046,0,0,4,2,9,3,1.3862943611198906,0,0,3,3,3,7,2.0794415416798357,0,1,2,0,7,2,1.0986122886681098,1,2,2,2,2,1,1,16.0
25,3.258096538021482,0,1,0,4,5,2,1.0986122886681098,1,2,2,2,2,4,1.6094379124341003,1,1,4,4,4,2,1.0986122886681098,1,2,2,2,2,1,3,2.0
21,3.091042453358316,0,0,1,0,1,3,1.3862943611198906,0,0,3,3,3,20,3.044522437723423,1,2,0,6,0,3,1.3862943611198906,0,0,3,3,3,1,3,2.0
19,2.995732273553991,0,1,4,5,9,3,1.3862943611198906,0,0,3,3,3,18,2.9444389791664403,1,0,3,4,8,2,1.0986122886681098,1,2,2,2,2,1,2,35.0
9,2.302585092994046,0,0,4,2,9,6,1.9459101490553132,1,0,1,6,6,9,2.302585092994046,0,0,4,2,9,2,1.0986122886681098,1,2,2,2,2,1,2,2.0
19,2.995732273553991,0,1,4,5,9,3,1.3862943611198906,0,0,3,3,3,8,2.1972245773362196,1,2,3,1,8,2,1.0986122886681098,1,2,2,2,2,1,1,15.0
23,3.1780538303479458,0,2,3,2,3,3,1.3862943611198906,0,0,3,3,3,5,1.791759469228055,0,2,0,5,5,2,1.0986122886681098,1,2,2,2,2,1,0,20.0
16,2.833213344056216,1,1,1,2,6,5,1.791759469228055,0,2,0,5,5,8,2.1972245773362196,1,2,3,1,8,3,1.3862943611198906,0,0,3,3,3,1,1,40.0
13,2.6390573296152584,0,1,3,6,3,6,1.9459101490553132,1,0,1,6,6,6,1.9459101490553132,1,0,1,6,6,4,1.6094379124341003,1,1,4,4,4,1,1,359.0
18,2.9444389791664403,1,0,3,4,8,6,1.9459101490553132,1,0,1,6,6,13,2.6390573296152584,0,1,3,6,3,5,1.791759469228055,0,2,0,5,5,1,1,23.0
27,3.332204510175204,0,0,2,6,7,5,1.791759469228055,0,2,0,5,5,6,1.9459101490553132,1,0,1,6,6,3,1.3862943611198906,0,0,3,3,3,1,2,1509.0
14,2.70805020110221,1,2,4,0,4,5,1.791759469228055,0,2,0,5,5,10,2.3978952727983707,1,1,0,3,0,4,1.6094379124341003,1,1,4,4,4,1,1,16.0
25,3.258096538021482,0,1,0,4,5,5,1.791759469228055,0,2,0,5,5,7,2.0794415416798357,0,1,2,0,7,5,1.791759469228055,0,2,0,5,5,1,3,2.0
25,3.258096538021482,0,1,0,4,5,2,1.0986122886681098,1,2,2,2,2,25,3.258096538021482,0,1,0,4,5,2,1.0986122886681098,1,2,2,2,2,1,2,2.0
18,2.9444389791664403,1,0,3,4,8,5,1.791759469228055,0,2,0,5,5,14,2.70805020110221,1,2,4,0,4,4,1.6094379124341003,1,1,4,4,4,1,0,4.0
14,2.70805020110221,1,2,4,0,4,3,1.3862943611198906,0,0,3,3,3,11,2.4849066497880004,0,2,1,4,1,2,1.0986122886681098,1,2,2,2,2,1,1,3.0
25,3.258096538021482,0,1,0,4,5,6,1.9459101490553132,1,0,1,6,6,20,3.044522437723423,1,2,0,6,0,4,1.6094379124341003,1,1,4,4,4,1,1,21.0
16,2.833213344056216,1,1,1,2,6,5,1.791759469228055,0,2,0,5,5,16,2.833213344056216,1,1,1,2,6,4,1.6094379124341003,1,1,4,4,4,1,3,2.0
22,3.1354942159291497,1,1,2,1,2,3,1.3862943611198906,0,0,3,3,3,16,2.833213344056216,1,1,1,2,6,3,1.3862943611198906,0,0,3,3,3,1,1,2.0
15,2.772588722239781,0,0,0,1,5,6,1.9459101490553132,1,0,1,6,6,11,2.4849066497880004,0,2,1,4,1,6,1.9459101490553132,1,0,1,6,6,1,1,2.0
26,3.295836866004329,1,2,1,5,6,4,1.6094379124341003,1,1,4,4,4,18,2.9444389791664403,1,0,3,4,8,4,1.6094379124341003,1,1,4,4,4,2,1,2.0
24,3.2188758248682006,1,0,4,3,4,5,1.791759469228055,0,2,0,5,5,17,2.8903717578961645,0,2,2,3,7,4,1.6094379124341003,1,1,4,4,4,1,1,61.0
20,3.044522437723423,1,2,0,6,0,5,1.791759469228055,0,2,0,5,5,10,2.3978952727983707,1,1,0,3,0,2,1.0986122886681098,1,2,2,2,2,1,5,1117.0
28,3.367295829986474,1,1,3,0,8,6,1.9459101490553132,1,0,1,6,6,15,2.772588722239781,0,0,0,1,5,3,1.3862943611198906,0,0,3,3,3,1,2,3139.0
13,2.6390573296152584,0,1,3,6,3,3,1.3862943611198906,0,0,3,3,3,11,2.4849066497880004,0,2,1,4,1,2,1.0986122886681098,1,2,2,2,2,1,0,8.0
27,3.332204510175204,0,0,2,6,7,5,1.791759469228055,0,2,0,5,5,26,3.295836866004329,1,2,1,5,6,5,1.791759469228055,0,2,0,5,5,1,1,2.0
29,3.4011973816621555,0,2,4,1,9,4,1.6094379124341003,1,1,4,4,4,15,2.772588722239781,0,0,0,1,5,3,1.3862943611198906,0,0,3,3,3,1,1,20.0
25,3.258096538021482,0,1,0,4,5,5,1.791759469228055,0,2,0,5,5,25,3.258096538021482,0,1,0,4,5,3,1.3862943611198906,0,0,3,3,3,1,3,2.0
6,1.9459101490553132,1,0,1,6,6,3,1.3862943611198906,0,0,3,3,3,3,1.3862943611198906,0,0,3,3,3,2,1.0986122886681098,1,2,2,2,2,1,4,11.0
22,3.1354942159291497,1,1,2,1,2,4,1.6094379124341003,1,1,4,4,4,9,2.302585092994046,0,0,4,2,9,4,1.6094379124341003,1,1,4,4,4,1,1,2.0
28,3.367295829986474,1,1,3,0,8,6,1.9459101490553132,1,0,1,6,6,25,3.258096538021482,0,1,0,4,5,2,1.0986122886681098,1,2,2,2,2,1,2,172.0
14,2.70805020110221,1,2,4,0,4,6,1.9459101490553132,1,0,1,6,6,7,2.0794415416798357,0,1,2,0,7,2,1.0986122886681098,1,2,2,2,2,1,3,408.0
12,2.5649493574615367,1,0,2,5,2,4,1.6094379124341003,1,1,4,4,4,10,2.3978952727983707,1,1,0,3,0,3,1.3862943611198906,0,0,3,3,3,1,2,22.0
24,3.2188758248682006,1,0,4,3,4,6,1.9459101490553132,1,0,1,6,6,11,2.4849066497880004,0,2,1,4,1,6,1.9459101490553132,1,0,1,6,6,1,3,2.0
25,3.258096538021482,0,1,0,4,5,5,1.791759469228055,0,2,0,5,5,15,2.772588722239781,0,0,0,1,5,5,1.791759469228055,0,2,0,5,5,5,5,2.0
22,3.1354942159291497,1,1,2,1,2,5,1.791759469228055,0,2,0,5,5,10,2.3978952727983707,1,1,0,3,0,5,1.791759469228055,0,2,0,5,5,1,3,2.0
17,2.8903717578961645,0,2,2,3,7,6,1.9459101490553132,1,0,1,6,6,6,1.9459101490553132,1,0,1,6,6,3,1.3862943611198906,0,0,3,3,3,1,3,4193.0
25,3.258096538021482,0,1,0,4,5,5,1.791759469228055,0,2,0,5,5,25,3.258096538021482,0,1,0,4,5,2,1.0986122886681098,1,2,2,2,2,1,3,2.0
15,2.772588722239781,0,0,0,1,5,4,1.6094379124341003,1,1,4,4,4,7,2.0794415416798357,0,1,2,0,7,2,1.0986122886681098,1,2,2,2,2,1,1,134.0
26,3.295836866004329,1,2,1,5,6,5,1.791759469228055,0,2,0,5,5,17,2.8903717578961645,0,2,2,3,7,2,1.0986122886681098,1,2,2,2,2,1,1,1025.0
24,3.2188758248682006,1,0,4,3,4,6,1.9459101490553132,1,0,1,6,6,13,2.6390573296152584,0,1,3,6,3,3,1.3862943611198906,0,0,3,3,3,1,3,182.0
11,2.4849066497880004,0,2,1,4,1,4,1.6094379124341003,1,1,4,4,4,4,1.6094379124341003,1,1,4,4,4,3,1.3862943611198906,0,0,3,3,3,1,1,30.0
26,3.295836866004329,1,2,1,5,6,2,1.0986122886681098,1,2,2,2,2,11,2.4849066497880004,0,2,1,4,1,2,1.0986122886681098,1,2,2,2,2,1,3,2.0
28,3.367295829986474,1,1,3,0,8,6,1.9459101490553132,1,0,1,6,6,12,2.5649493574615367,1,0,2,5,2,2,1.0986122886681098,1,2,2,2,2,2,4,1030.0
28,3.367295829986474,1,1,3,0,8,3,1.3862943611198906,0,0,3,3,3,25,3.258096538021482,0,1,0,4,5,2,1.0986122886681098,1,2,2,2,2,1,1,55.0
22,3.1354942159291497,1,1,2,1,2,5,1.791759469228055,0,2,0,5,5,5,1.791759469228055,0,2,0,5,5,4,1.6094379124341003,1,1,4,4,4,1,1,87.0
13,2.6390573296152584,0,1,3,6,3,6,1.9459101490553132,1,0,1,6,6,13,2.6390573296152584,0,1,3,6,3,6,1.9459101490553132,1,0,1,6,6,1,2,2.0
30,3.4339872044851463,1,0,0,2,0,3,1.3862943611198906,0,0,3,3,3,16,2.833213344056216,1,1,1,2,6,3,1.3862943611198906,0,0,3,3,3,1,3,2.0
22,3.1354942159291497,1,1,2,1,2,6,1.9459101490553132,1,0,1,6,6,14,2.70805020110221,1,2,4,0,4,3,1.3862943611198906,0,0,3,3,3,1,1,258.0
21,3.091042453358316,0,0,1,0,1,5,1.791759469228055,0,2,0,5,5,11,2.4849066497880004,0,2,1,4,1,4,1.6094379124341003,1,1,4,4,4,1,0,64.0
29,3.4011973816621555,0,2,4,1,9,2,1.0986122886681098,1,2,2,2,2,9,2.302585092994046,0,0,4,2,9,2,1.0986122886681098,1,2,2,2,2,1,1,2.0
18,2.9444389791664403,1,0,3,4,8,6,1.9459101490553132,1,0,1,6,6,13,2.6390573296152584,0,1,3,6,3,3,1.3862943611198906,0,0,3,3,3,1,3,139.0
24,3.2188758248682006,1,0,4,3,4,4,1.6094379124341003,1,1,4,4,4,11,2.4849066497880004,0,2,1,4,1,4,1.6094379124341003,1,1,4,4,4,1,3,2.0
20,3.044522437723423,1,2,0,6,0,3,1.3862943611198906,0,0,3,3,3,15,2.772588722239781,0,0,0,1,5,2,1.0986122886681098,1,2,2,2,2,1,2,41.0
25,3.258096538021482,0,1,0,4,5,2,1.0986122886681098,1,2,2,2,2,22,3.1354942159291497,1,1,2,1,2,2,1.0986122886681098,1,2,2,2,2,1,3,2.0
17,2.8903717578961645,0,2,2,3,7,5,1.791759469228055,0,2,0,5,5,5,1.791759469228055,0,2,0,5,5,2,1.0986122886681098,1,2,2,2,2,1,1,2922.0
26,3.295836866004329,1,2,1,5,6,4,1.6094379124341003,1,1,4,4,4,21,3.091042453358316,0,0,1,0,1,4,1.6094379124341003,1,1,4,4,4,1,1,2.0
16,2.833213344056216,1,1,1,2,6,5,1.791759469228055,0,2,0,5,5,8,2.1972245773362196,1,2,3,1,8,4,1.6094379124341003,1,1,4,4,4,1,3,12.0
17,2.8903717578961645,0,2,2,3,7,4,1.6094379124341003,1,1,4,4,4,5,1.791759469228055,0,2,0,5,5,3,1.3862943611198906,0,0,3,3,3,1,0,26.0
25,3.258096538021482,0,1,0,4,5,3,1.3862943611198906,0,0,3,3,3,11,2.4849066497880004,0,2,1,4,1,2,1.0986122886681098,1,2,2,2,2,1,0,20.0
16,2.833213344056216,1,1,1,2,6,3,1.3862943611198906,0,0,3,3,3,9,2.302585092994046,0,0,4,2,9,2,1.0986122886681098,1,2,2,2,2,1,2,5.0
