slot_x,slot_x_abs_log1p,slot_x_is_even,slot_x_mod3,slot_x_mod5,slot_x_mod7,slot_x_mod10,slot_y,slot_y_abs_log1p,slot_y_is_even,slot_y_mod3,slot_y_mod5,slot_y_mod7,slot_y_mod10,slot_z,slot_z_abs_log1p,slot_z_is_even,slot_z_mod3,slot_z_mod5,slot_z_mod7,slot_z_mod10,gcd_all,n_multiple_pairs,y
49,3.912023005428146,0,1,4,0,9,38,3.6635616461296463,1,2,3,3,8,76,4.343805421853684,1,1,1,6,6,1,1,911581379.0
52,3.970291913552122,1,1,2,3,2,67,4.219507705176107,0,1,2,4,7,31,3.4657359027997265,0,1,1,3,1,1,0,21888.0
74,4.31748811353631,1,2,4,4,4,34,3.5553480614894135,1,1,4,6,4,44,3.8066624897703196,1,2,4,2,4,2,0,16041.0
62,4.143134726391533,1,2,2,6,2,78,4.3694478524670215,1,0,3,1,8,64,4.174387269895637,1,1,4,1,4,2,0,30317.0
38,3.6635616461296463,1,2,3,3,8,33,3.5263605246161616,0,0,3,5,3,30,3.4339872044851463,1,0,0,2,0,1,0,385531.0
11,2.4849066497880004,0,2,1,4,1,35,3.58351893845611,0,2,0,0,5,29,3.4011973816621555,0,2,4,1,9,1,0,1254059.0
64,4.174387269895637,1,1,4,1,4,56,4.04305126783455,1,2,1,0,6,57,4.060443010546419,0,0,2,1,7,1,0,198475.0
46,3.8501476017100584,1,1,1,4,6,61,4.127134385045092,0,1,1,5,1,69,4.248495242049359,0,0,4,6,9,1,0,652003.0
80,4.394449154672439,1,2,0,3,0,86,4.465908118654584,1,2,1,2,6,44,3.8066624897703196,1,2,4,2,4,2,0,45908.0
82,4.418840607796598,1,1,2,5,2,23,3.1780538303479458,0,2,3,2,3,76,4.343805421853684,1,1,1,6,6,1,0,99164185.0
64,4.174387269895637,1,1,4,1,4,50,3.9318256327243257,1,2,0,1,0,39,3.6888794541139363,0,0,4,4,9,1,0,92419.0
31,3.4657359027997265,0,1,1,3,1,69,4.248495242049359,0,0,4,6,9,64,4.174387269895637,1,1,4,1,4,1,0,2323.0
63,4.1588830833596715,0,0,3,0,3,53,3.9889840465642745,0,2,3,4,3,35,3.58351893845611,0,2,0,0,5,1,0,951.0
79,4.382026634673881,0,1,4,2,9,87,4.477336814478207,0,0,2,3,7,22,3.1354942159291497,1,1,2,1,2,1,0,39976.0
89,4.499809670330265,0,2,4,5,9,73,4.30406509320417,0,1,3,3,3,86,4.465908118654584,1,2,1,2,6,1,0,342755097.0
78,4.3694478524670215,1,0,3,1,8,59,4.0943445622221,0,2,4,3,9,85,4.454347296253507,0,1,0,1,5,1,0,64931.0
86,4.465908118654584,1,2,1,2,6,76,4.343805421853684,1,1,1,6,6,53,3.9889840465642745,0,2,3,4,3,1,0,935966589.0
65,4.189654742026425,0,2,0,2,5,87,4.477336814478207,0,0,2,3,7,81,4.406719247264253,0,0,1,4,1,1,0,15169587103.0
29,3.4011973816621555,0,2,4,1,9,34,3.5553480614894135,1,1,4,6,4,22,3.1354942159291497,1,1,2,1,2,1,0,9472921.0
43,3.784189633918261,0,1,3,1,3,68,4.23410650459726,1,2,3,5,8,38,3.6635616461296463,1,2,3,3,8,1,0,84617433.0
33,3.5263605246161616,0,0,3,5,3,69,4.248495242049359,0,0,4,6,9,66,4.204692619390966,1,0,1,3,6,3,1,37327.0
82,4.418840607796598,1,1,2,5,2,56,4.04305126783455,1,2,1,0,6,45,3.828641396489095,0,0,0,3,5,1,0,2438672043.0
53,3.9889840465642745,0,2,3,4,3,47,3.871201010907891,0,2,2,5,7,81,4.406719247264253,0,0,1,4,1,1,0,1180107.0
47,3.871201010907891,0,2,2,5,7,52,3.970291913552122,1,1,2,3,2,59,4.0943445622221,0,2,4,3,9,1,0,15847.0
36,3.6109179126442243,1,0,1,1,6,27,3.332204510175204,0,0,2,6,7,41,3.7376696182833684,0,2,1,6,1,1,0,10222.0
87,4.477336814478207,0,0,2,3,7,41,3.7376696182833684,0,2,1,6,1,88,4.48863636973214,1,1,3,4,8,1,0,22283013.0
63,4.1588830833596715,0,0,3,0,3,14,2.70805020110221,1,2,4,0,4,59,4.0943445622221,0,2,4,3,9,1,0,2851.0
23,3.1780538303479458,0,2,3,2,3,20,3.044522437723423,1,2,0,6,0,17,2.8903717578961645,0,2,2,3,7,1,0,265393.0
50,3.9318256327243257,1,2,0,1,0,76,4.343805421853684,1,1,1,6,6,42,3.7612001156935624,1,0,2,0,2,2,0,363936.0
85,4.454347296253507,0,1,0,1,5,65,4.189654742026425,0,2,0,2,5,41,3.7376696182833684,0,2,1,6,1,1,0,2853778379.0
30,3.4339872044851463,1,0,0,2,0,28,3.367295829986474,1,1,3,0,8,39,3.6888794541139363,0,0,4,4,9,1,0,172892351.0
69,4.248495242049359,0,0,4,6,9,78,4.3694478524670215,1,0,3,1,8,40,3.713572066704308,1,1,0,5,0,1,0,66904409.0
38,3.6635616461296463,1,2,3,3,8,37,3.6375861597263857,0,1,2,2,7,11,2.4849066497880004,0,2,1,4,1,1,0,5923.0
48,3.8918202981106265,1,0,3,6,8,22,3.1354942159291497,1,1,2,1,2,50,3.9318256327243257,1,2,0,1,0,2,0,68355.0
10,2.3978952727983707,1,1,0,3,0,52,3.970291913552122,1,1,2,3,2,59,4.0943445622221,0,2,4,3,9,1,0,21343727.0
43,3.784189633918261,0,1,3,1,3,71,4.276666119016055,0,2,1,1,1,88,4.48863636973214,1,1,3,4,8,1,0,4078698.0
68,4.23410650459726,1,2,3,5,8,86,4.465908118654584,1,2,1,2,6,83,4.430816798843313,0,2,3,6,3,1,0,1900841439.0
17,2.8903717578961645,0,2,2,3,7,35,3.58351893845611,0,2,0,0,5,31,3.4657359027997265,0,1,1,3,1,1,0,22721.0
86,4.465908118654584,1,2,1,2,6,74,4.31748811353631,1,2,4,4,4,27,3.332204510175204,0,0,2,6,7,1,0,14924723.0
75,4.330733340286331,0,0,0,5,5,67,4.219507705176107,0,1,2,4,7,52,3.970291913552122,1,1,2,3,2,1,0,133.0
90,4.51085950651685,1,0,0,6,0,57,4.060443010546419,0,0,2,1,7,82,4.418840607796598,1,1,2,5,2,1,0,9757453.0
18,2.9444389791664403,1,0,3,4,8,35,3.58351893845611,0,2,0,0,5,52,3.970291913552122,1,1,2,3,2,1,0,12176847.0
52,3.970291913552122,1,1,2,3,2,26,3.295836866004329,1,2,1,5,6,41,3.7376696182833684,0,2,1,6,1,1,1,300396587.0
37,3.6375861597263857,0,1,2,2,7,22,3.1354942159291497,1,1,2,1,2,42,3.7612001156935624,1,0,2,0,2,1,0,1920641.0
47,3.871201010907891,0,2,2,5,7,52,3.970291913552122,1,1,2,3,2,83,4.430816798843313,0,2,3,6,3,1,0,511106.0
55,4.02535169073515,0,1,0,6,5,38,3.6635616461296463,1,2,3,3,8,41,3.7376696182833684,0,2,1,6,1,1,0,800325.0
35,3.58351893845611,0,2,0,0,5,16,2.833213344056216,1,1,1,2,6,32,3.4965075614664802,1,2,2,4,2,1,1,47347043.0
74,4.31748811353631,1,2,4,4,4,57,4.060443010546419,0,0,2,1,7,59,4.0943445622221,0,2,4,3,9,1,0,65261.0
49,3.912023005428146,0,1,4,0,9,33,3.5263605246161616,0,0,3,5,3,35,3.58351893845611,0,2,0,0,5,1,0,387952311.0
84,4.442651256490317,1,0,4,0,4,57,4.060443010546419,0,0,2,1,7,30,3.4339872044851463,1,0,0,2,0,3,0,356731.0
21,3.091042453358316,0,0,1,0,1,51,3.9512437185814275,0,0,1,2,1,56,4.04305126783455,1,2,1,0,6,1,0,1126834.0
74,4.31748811353631,1,2,4,4,4,30,3.4339872044851463,1,0,0,2,0,79,4.382026634673881,0,1,4,2,9,1,0,2849631.0
89,4.499809670330265,0,2,4,5,9,72,4.290459441148391,1,0,2,2,2,38,3.6635616461296463,1,2,3,3,8,1,0,36846859.0
67,4.219507705176107,0,1,2,4,7,65,4.189654742026425,0,2,0,2,5,60,4.110873864173311,1,0,0,4,0,1,0,2753103.0
81,4.406719247264253,0,0,1,4,1,42,3.7612001156935624,1,0,2,0,2,58,4.07753744390572,1,1,3,2,8,1,0,2248110503.0
16,2.833213344056216,1,1,1,2,6,65,4.189654742026425,0,2,0,2,5,60,4.110873864173311,1,0,0,4,0,1,0,187296279.0
67,4.219507705176107,0,1,2,4,7,58,4.07753744390572,1,1,3,2,8,71,4.276666119016055,0,2,1,1,1,1,0,2939170.0
62,4.143134726391533,1,2,2,6,2,54,4.007333185232471,1,0,4,5,4,61,4.127134385045092,0,1,1,5,1,1,0,4170374559.0
74,4.31748811353631,1,2,4,4,4,30,3.4339872044851463,1,0,0,2,0,53,3.9889840465642745,0,2,3,4,3,1,0,6911089.0
89,4.499809670330265,0,2,4,5,9,71,4.276666119016055,0,2,1,1,1,85,4.454347296253507,0,1,0,1,5,1,0,813747915.0
63,4.1588830833596715,0,0,3,0,3,59,4.0943445622221,0,2,4,3,9,50,3.9318256327243257,1,2,0,1,0,1,0,18833.0
68,4.23410650459726,1,2,3,5,8,51,3.9512437185814275,0,0,1,2,1,65,4.189654742026425,0,2,0,2,5,1,0,225514.0
23,3.1780538303479458,0,2,3,2,3,77,4.356708826689592,0,2,2,0,7,71,4.276666119016055,0,2,1,1,1,1,0,30802967.0
80,4.394449154672439,1,2,0,3,0,15,2.772588722239781,0,0,0,1,5,89,4.499809670330265,0,2,4,5,9,1,0,92105.0
75,4.330733340286331,0,0,0,5,5,78,4.3694478524670215,1,0,3,1,8,74,4.31748811353631,1,2,4,4,4,1,0,14821772611.0
11,2.4849066497880004,0,2,1,4,1,26,3.295836866004329,1,2,1,5,6,33,3.5263605246161616,0,0,3,5,3,1,1,144.0
60,4.110873864173311,1,0,0,4,0,67,4.219507705176107,0,1,2,4,7,65,4.189654742026425,0,2,0,2,5,1,0,2753103.0
58,4.07753744390572,1,1,3,2,8,59,4.0943445622221,0,2,4,3,9,30,3.4339872044851463,1,0,0,2,0,1,0,1138979.0
88,4.48863636973214,1,1,3,4,8,81,4.406719247264253,0,0,1,4,1,20,3.044522437723423,1,2,0,6,0,1,0,73371689.0
75,4.330733340286331,0,0,0,5,5,56,4.04305126783455,1,2,1,0,6,56,4.04305126783455,1,2,1,0,6,1,1,33679.0
66,4.204692619390966,1,0,1,3,6,53,3.9889840465642745,0,2,3,4,3,16,2.833213344056216,1,1,1,2,6,1,0,60643659.0
73,4.30406509320417,0,1,3,3,3,79,4.382026634673881,0,1,4,2,9,73,4.30406509320417,0,1,3,3,3,1,1,2255671.0
38,3.6635616461296463,1,2,3,3,8,90,4.51085950651685,1,0,0,6,0,77,4.356708826689592,0,2,2,0,7,1,0,1804651.0
27,3.332204510175204,0,0,2,6,7,13,2.6390573296152584,0,1,3,6,3,28,3.367295829986474,1,1,3,0,8,1,0,81.0
23,3.1780538303479458,0,2,3,2,3,68,4.23410650459726,1,2,3,5,8,75,4.330733340286331,0,0,0,5,5,1,0,36.0
30,3.4339872044851463,1,0,0,2,0,73,4.30406509320417,0,1,3,3,3,88,4.48863636973214,1,1,3,4,8,1,0,747669.0
44,3.8066624897703196,1,2,4,2,4,50,3.9318256327243257,1,2,0,1,0,90,4.51085950651685,1,0,0,6,0,2,0,490.0
61,4.127134385045092,0,1,1,5,1,57,4.060443010546419,0,0,2,1,7,72,4.290459441148391,1,0,2,2,2,1,0,5476648.0
71,4.276666119016055,0,2,1,1,1,53,3.9889840465642745,0,2,3,4,3,48,3.8918202981106265,1,0,3,6,8,1,0,4848257.0
33,3.5263605246161616,0,0,3,5,3,48,3.8918202981106265,1,0,3,6,8,26,3.295836866004329,1,2,1,5,6,1,0,1358715.0
61,4.127134385045092,0,1,1,5,1,53,3.9889840465642745,0,2,3,4,3,24,3.2188758248682006,1,0,4,3,4,1,0,912.0
46,3.8501476017100584,1,1,1,4,6,90,4.51085950651685,1,0,0,6,0,57,4.060443010546419,0,0,2,1,7,1,0,2140759103.0
51,3.9512437185814275,0,0,1,2,1,54,4.007333185232471,1,0,4,5,4,10,2.3978952727983707,1,1,0,3,0,1,0,34432355.0
76,4.343805421853684,1,1,1,6,6,72,4.290459441148391,1,0,2,2,2,79,4.382026634673881,0,1,4,2,9,1,0,7273271.0
11,2.4849066497880004,0,2,1,4,1,86,4.465908118654584,1,2,1,2,6,85,4.454347296253507,0,1,0,1,5,1,0,1458.0
76,4.343805421853684,1,1,1,6,6,41,3.7376696182833684,0,2,1,6,1,57,4.060443010546419,0,0,2,1,7,1,0,2103539.0
66,4.204692619390966,1,0,1,3,6,55,4.02535169073515,0,1,0,6,5,58,4.07753744390572,1,1,3,2,8,1,0,53240349.0
38,3.6635616461296463,1,2,3,3,8,24,3.2188758248682006,1,0,4,3,4,37,3.6375861597263857,0,1,2,2,7,1,0,7104055.0
51,3.9512437185814275,0,0,1,2,1,79,4.382026634673881,0,1,4,2,9,47,3.871201010907891,0,2,2,5,7,1,0,87342787.0
17,2.8903717578961645,0,2,2,3,7,49,3.912023005428146,0,1,4,0,9,37,3.6375861597263857,0,1,2,2,7,1,0,49854875.0
30,3.4339872044851463,1,0,0,2,0,67,4.219507705176107,0,1,2,4,7,73,4.30406509320417,0,1,3,3,3,1,0,17419.0
47,3.871201010907891,0,2,2,5,7,65,4.189654742026425,0,2,0,2,5,29,3.4011973816621555,0,2,4,1,9,1,0,457538407.0
32,3.4965075614664802,1,2,2,4,2,23,3.1780538303479458,0,2,3,2,3,25,3.258096538021482,0,1,0,4,5,1,0,261122.0
64,4.174387269895637,1,1,4,1,4,13,2.6390573296152584,0,1,3,6,3,56,4.04305126783455,1,2,1,0,6,1,0,64882439.0
54,4.007333185232471,1,0,4,5,4,80,4.394449154672439,1,2,0,3,0,44,3.8066624897703196,1,2,4,2,4,2,0,1820.0
27,3.332204510175204,0,0,2,6,7,40,3.713572066704308,1,1,0,5,0,39,3.6888794541139363,0,0,4,4,9,1,0,1582.0
42,3.7612001156935624,1,0,2,0,2,21,3.091042453358316,0,0,1,0,1,26,3.295836866004329,1,2,1,5,6,1,1,37553647.0
30,3.4339872044851463,1,0,0,2,0,57,4.060443010546419,0,0,2,1,7,55,4.02535169073515,0,1,0,6,5,1,0,209378.0
84,4.442651256490317,1,0,4,0,4,44,3.8066624897703196,1,2,4,2,4,80,4.394449154672439,1,2,0,3,0,4,0,404.0
60,4.110873864173311,1,0,0,4,0,27,3.332204510175204,0,0,2,6,7,39,3.6888794541139363,0,0,4,4,9,3,0,90.0
64,4.174387269895637,1,1,4,1,4,69,4.248495242049359,0,0,4,6,9,35,3.58351893845611,0,2,0,0,5,1,0,6455.0
64,4.174387269895637,1,1,4,1,4,23,3.1780538303479458,0,2,3,2,3,54,4.007333185232471,1,0,4,5,4,1,0,391185687.0
16,2.833213344056216,1,1,1,2,6,74,4.31748811353631,1,2,4,4,4,66,4.204692619390966,1,0,1,3,6,2,0,12221.0
65,4.189654742026425,0,2,0,2,5,81,4.406719247264253,0,0,1,4,1,55,4.02535169073515,0,1,0,6,5,1,0,38110911.0
24,3.2188758248682006,1,0,4,3,4,79,4.382026634673881,0,1,4,2,9,90,4.51085950651685,1,0,0,6,0,1,0,39142303.0
26,3.295836866004329,1,2,1,5,6,62,4.143134726391533,1,2,2,6,2,72,4.290459441148391,1,0,2,2,2,2,0,304.0
71,4.276666119016055,0,2,1,1,1,28,3.367295829986474,1,1,3,0,8,62,4.143134726391533,1,2,2,6,2,1,0,971874623.0
65,4.189654742026425,0,2,0,2,5,67,4.219507705176107,0,1,2,4,7,36,3.6109179126442243,1,0,1,1,6,1,0,1989472.0
53,3.9889840465642745,0,2,3,4,3,53,3.9889840465642745,0,2,3,4,3,17,2.8903717578961645,0,2,2,3,7,1,1,590851.0
66,4.204692619390966,1,0,1,3,6,18,2.9444389791664403,1,0,3,4,8,54,4.007333185232471,1,0,4,5,4,6,1,27500.0
68,4.23410650459726,1,2,3,5,8,89,4.499809670330265,0,2,4,5,9,41,3.7376696182833684,0,2,1,6,1,1,0,189127.0
42,3.7612001156935624,1,0,2,0,2,69,4.248495242049359,0,0,4,6,9,54,4.007333185232471,1,0,4,5,4,3,0,4335.0
28,3.367295829986474,1,1,3,0,8,68,4.23410650459726,1,2,3,5,8,59,4.0943445622221,0,2,4,3,9,1,0,96641093.0
61,4.127134385045092,0,1,1,5,1,72,4.290459441148391,1,0,2,2,2,79,4.382026634673881,0,1,4,2,9,1,0,208387.0
54,4.007333185232471,1,0,4,5,4,33,3.5263605246161616,0,0,3,5,3,48,3.8918202981106265,1,0,3,6,8,3,0,1120157.0
29,3.4011973816621555,0,2,4,1,9,61,4.127134385045092,0,1,1,5,1,34,3.5553480614894135,1,1,4,6,4,1,0,228521.0
82,4.418840607796598,1,1,2,5,2,65,4.189654742026425,0,2,0,2,5,73,4.30406509320417,0,1,3,3,3,1,0,5133459.0
33,3.5263605246161616,0,0,3,5,3,61,4.127134385045092,0,1,1,5,1,40,3.713572066704308,1,1,0,5,0,1,0,5674.0
84,4.442651256490317,1,0,4,0,4,12,2.5649493574615367,1,0,2,5,2,74,4.31748811353631,1,2,4,4,4,2,1,714036.0
34,3.5553480614894135,1,1,4,6,4,30,3.4339872044851463,1,0,0,2,0,15,2.772588722239781,0,0,0,1,5,1,1,708545.0
35,3.58351893845611,0,2,0,0,5,53,3.9889840465642745,0,2,3,4,3,55,4.02535169073515,0,1,0,6,5,1,0,1128627371.0
32,3.4965075614664802,1,2,2,4,2,27,3.332204510175204,0,0,2,6,7,20,3.044522437723423,1,2,0,6,0,1,0,1295.0
57,4.060443010546419,0,0,2,1,7,63,4.1588830833596715,0,0,3,0,3,17,2.8903717578961645,0,2,2,3,7,1,0,195718111.0
65,4.189654742026425,0,2,0,2,5,52,3.970291913552122,1,1,2,3,2,45,3.828641396489095,0,0,0,3,5,1,0,15636.0
54,4.007333185232471,1,0,4,5,4,84,4.442651256490317,1,0,4,0,4,73,4.30406509320417,0,1,3,3,3,1,0,8014198307.0
78,4.3694478524670215,1,0,3,1,8,53,3.9889840465642745,0,2,3,4,3,52,3.970291913552122,1,1,2,3,2,1,0,375788093.0
83,4.430816798843313,0,2,3,6,3,65,4.189654742026425,0,2,0,2,5,60,4.110873864173311,1,0,0,4,0,1,0,3463613.0
31,3.4657359027997265,0,1,1,3,1,76,4.343805421853684,1,1,1,6,6,88,4.48863636973214,1,1,3,4,8,1,0,606851.0
29,3.4011973816621555,0,2,4,1,9,82,4.418840607796598,1,1,2,5,2,66,4.204692619390966,1,0,1,3,6,1,0,115853841.0
42,3.7612001156935624,1,0,2,0,2,87,4.477336814478207,0,0,2,3,7,74,4.31748811353631,1,2,4,4,4,1,0,4400105875.0
47,3.871201010907891,0,2,2,5,7,51,3.9512437185814275,0,0,1,2,1,17,2.8903717578961645,0,2,2,3,7,1,1,187683.0
42,3.7612001156935624,1,0,2,0,2,77,4.356708826689592,0,2,2,0,7,46,3.8501476017100584,1,1,1,4,6,1,0,12247279.0
27,3.332204510175204,0,0,2,6,7,76,4.343805421853684,1,1,1,6,6,53,3.9889840465642745,0,2,3,4,3,1,0,148413.0
18,2.9444389791664403,1,0,3,4,8,81,4.406719247264253,0,0,1,4,1,65,4.189654742026425,0,2,0,2,5,1,0,21046.0
60,4.110873864173311,1,0,0,4,0,58,4.07753744390572,1,1,3,2,8,25,3.258096538021482,0,1,0,4,5,1,0,7523477.0
78,4.3694478524670215,1,0,3,1,8,53,3.9889840465642745,0,2,3,4,3,68,4.23410650459726,1,2,3,5,8,1,0,78191877.0
77,4.356708826689592,0,2,2,0,7,21,3.091042453358316,0,0,1,0,1,87,4.477336814478207,0,0,2,3,7,1,0,5117991.0
24,3.2188758248682006,1,0,4,3,4,59,4.0943445622221,0,2,4,3,9,56,4.04305126783455,1,2,1,0,6,1,0,129253.0
83,4.430816798843313,0,2,3,6,3,60,4.110873864173311,1,0,0,4,0,70,4.2626798770413155,1,1,0,0,0,1,0,9311538471.0
70,4.2626798770413155,1,1,0,0,0,44,3.8066624897703196,1,2,4,2,4,72,4.290459441148391,1,0,2,2,2,2,0,26774.0
82,4.418840607796598,1,1,2,5,2,87,4.477336814478207,0,0,2,3,7,70,4.2626798770413155,1,1,0,0,0,1,0,362225.0
79,4.382026634673881,0,1,4,2,9,49,3.912023005428146,0,1,4,0,9,53,3.9889840465642745,0,2,3,4,3,1,0,112964427.0
64,4.174387269895637,1,1,4,1,4,77,4.356708826689592,0,2,2,0,7,28,3.367295829986474,1,1,3,0,8,1,0,965035343.0
28,3.367295829986474,1,1,3,0,8,39,3.6888794541139363,0,0,4,4,9,52,3.970291913552122,1,1,2,3,2,1,0,3968997.0
24,3.2188758248682006,1,0,4,3,4,59,4.0943445622221,0,2,4,3,9,50,3.9318256327243257,1,2,0,1,0,1,0,68687.0
73,4.30406509320417,0,1,3,3,3,59,4.0943445622221,0,2,4,3,9,83,4.430816798843313,0,2,3,6,3,1,0,198533537.0
53,3.9889840465642745,0,2,3,4,3,29,3.4011973816621555,0,2,4,1,9,29,3.4011973816621555,0,2,4,1,9,1,1,3795.0
64,4.174387269895637,1,1,4,1,4,56,4.04305126783455,1,2,1,0,6,22,3.1354942159291497,1,1,2,1,2,2,0,48.0
78,4.3694478524670215,1,0,3,1,8,77,4.356708826689592,0,2,2,0,7,14,2.70805020110221,1,2,4,0,4,1,0,25319255.0
57,4.060443010546419,0,0,2,1,7,44,3.8066624897703196,1,2,4,2,4,44,3.8066624897703196,1,2,4,2,4,1,1,421023.0
63,4.1588830833596715,0,0,3,0,3,80,4.394449154672439,1,2,0,3,0,46,3.8501476017100584,1,1,1,4,6,1,0,423438889.0
19,2.995732273553991,0,1,4,5,9,40,3.713572066704308,1,1,0,5,0,36,3.6109179126442243,1,0,1,1,6,1,0,135843.0
67,4.219507705176107,0,1,2,4,7,56,4.04305126783455,1,2,1,0,6,60,4.110873864173311,1,0,0,4,0,1,0,230263.0
52,3.970291913552122,1,1,2,3,2,85,4.454347296253507,0,1,0,1,5,36,3.6109179126442243,1,0,1,1,6,1,0,3864151.0
57,4.060443010546419,0,0,2,1,7,57,4.060443010546419,0,0,2,1,7,42,3.7612001156935624,1,0,2,0,2,3,1,251.0
48,3.8918202981106265,1,0,3,6,8,80,4.394449154672439,1,2,0,3,0,53,3.9889840465642745,0,2,3,4,3,1,0,465987.0
67,4.219507705176107,0,1,2,4,7,58,4.07753744390572,1,1,3,2,8,76,4.343805421853684,1,1,1,6,6,1,0,149751349.0
75,4.330733340286331,0,0,0,5,5,86,4.465908118654584,1,2,1,2,6,35,3.58351893845611,0,2,0,0,5,1,0,133977.0
43,3.784189633918261,0,1,3,1,3,60,4.110873864173311,1,0,0,4,0,84,4.442651256490317,1,0,4,0,4,1,0,2560956851.0
19,2.995732273553991,0,1,4,5,9,83,4.430816798843313,0,2,3,6,3,79,4.382026634673881,0,1,4,2,9,1,0,570237047.0
28,3.367295829986474,1,1,3,0,8,49,3.912023005428146,0,1,4,0,9,64,4.174387269895637,1,1,4,1,4,1,0,56169823.0
67,4.219507705176107,0,1,2,4,7,20,3.044522437723423,1,2,0,6,0,82,4.418840607796598,1,1,2,5,2,1,0,9639279.0
75,4.330733340286331,0,0,0,5,5,70,4.2626798770413155,1,1,0,0,0,63,4.1588830833596715,0,0,3,0,3,1,0,144287533.0
25,3.258096538021482,0,1,0,4,5,23,3.1780538303479458,0,2,3,2,3,18,2.9444389791664403,1,0,3,4,8,1,0,50.0
18,2.9444389791664403,1,0,3,4,8,11,2.4849066497880004,0,2,1,4,1,23,3.1780538303479458,0,2,3,2,3,1,0,232.0
52,3.970291913552122,1,1,2,3,2,26,3.295836866004329,1,2,1,5,6,30,3.4339872044851463,1,0,0,2,0,2,1,4172.0
84,4.442651256490317,1,0,4,0,4,79,4.382026634673881,0,1,4,2,9,15,2.772588722239781,0,0,0,1,5,1,0,10847.0
53,3.9889840465642745,0,2,3,4,3,10,2.3978952727983707,1,1,0,3,0,52,3.970291913552122,1,1,2,3,2,1,0,4185909.0
22,3.1354942159291497,1,1,2,1,2,10,2.3978952727983707,1,1,0,3,0,23,3.1780538303479458,0,2,3,2,3,1,0,618429.0
73,4.30406509320417,0,1,3,3,3,62,4.143134726391533,1,2,2,6,2,52,3.970291913552122,1,1,2,3,2,1,0,534349893.0
29,3.4011973816621555,0,2,4,1,9,55,4.02535169073515,0,1,0,6,5,52,3.970291913552122,1,1,2,3,2,1,0,4122.0
90,4.51085950651685,1,0,0,6,0,46,3.8501476017100584,1,1,1,4,6,87,4.477336814478207,0,0,2,3,7,1,0,159571937.0
40,3.713572066704308,1,1,0,5,0,68,4.23410650459726,1,2,3,5,8,74,4.31748811353631,1,2,4,4,4,2,0,168026.0
89,4.499809670330265,0,2,4,5,9,88,4.48863636973214,1,1,3,4,8,66,4.204692619390966,1,0,1,3,6,1,0,18376233699.0
39,3.6888794541139363,0,0,4,4,9,62,4.143134726391533,1,2,2,6,2,42,3.7612001156935624,1,0,2,0,2,1,0,902239195.0
79,4.382026634673881,0,1,4,2,9,33,3.5263605246161616,0,0,3,5,3,67,4.219507705176107,0,1,2,4,7,1,0,22167117.0
65,4.189654742026425,0,2,0,2,5,64,4.174387269895637,1,1,4,1,4,43,3.784189633918261,0,1,3,1,3,1,0,45914949.0
82,4.418840607796598,1,1,2,5,2,22,3.1354942159291497,1,1,2,1,2,88,4.48863636973214,1,1,3,4,8,2,1,225766.0
61,4.127134385045092,0,1,1,5,1,62,4.143134726391533,1,2,2,6,2,44,3.8066624897703196,1,2,4,2,4,1,0,301926941.0
51,3.9512437185814275,0,0,1,2,1,79,4.382026634673881,0,1,4,2,9,41,3.7376696182833684,0,2,1,6,1,1,0,1308495651.0
73,4.30406509320417,0,1,3,3,3,36,3.6109179126442243,1,0,1,1,6,80,4.394449154672439,1,2,0,3,0,1,0,313591849.0
35,3.58351893845611,0,2,0,0,5,76,4.343805421853684,1,1,1,6,6,77,4.356708826689592,0,2,2,0,7,1,0,4760971.0
87,4.477336814478207,0,0,2,3,7,80,4.394449154672439,1,2,0,3,0,69,4.248495242049359,0,0,4,6,9,1,0,5379627.0
44,3.8066624897703196,1,2,4,2,4,33,3.5263605246161616,0,0,3,5,3,18,2.9444389791664403,1,0,3,4,8,1,0,55750267.0
25,3.258096538021482,0,1,0,4,5,27,3.332204510175204,0,0,2,6,7,32,3.4965075614664802,1,2,2,4,2,1,0,2393.0
52,3.970291913552122,1,1,2,3,2,26,3.295836866004329,1,2,1,5,6,71,4.276666119016055,0,2,1,1,1,1,1,36409049.0
16,2.833213344056216,1,1,1,2,6,28,3.367295829986474,1,1,3,0,8,27,3.332204510175204,0,0,2,6,7,1,0,369739.0
47,3.871201010907891,0,2,2,5,7,44,3.8066624897703196,1,2,4,2,4,42,3.7612001156935624,1,0,2,0,2,1,0,262259.0
76,4.343805421853684,1,1,1,6,6,37,3.6375861597263857,0,1,2,2,7,54,4.007333185232471,1,0,4,5,4,1,0,15787723.0
60,4.110873864173311,1,0,0,4,0,82,4.418840607796598,1,1,2,5,2,30,3.4339872044851463,1,0,0,2,0,2,1,40810.0
67,4.219507705176107,0,1,2,4,7,71,4.276666119016055,0,2,1,1,1,16,2.833213344056216,1,1,1,2,6,1,0,237504.0
60,4.110873864173311,1,0,0,4,0,30,3.4339872044851463,1,0,0,2,0,73,4.30406509320417,0,1,3,3,3,1,1,1040727491.0
80,4.394449154672439,1,2,0,3,0,59,4.0943445622221,0,2,4,3,9,38,3.6635616461296463,1,2,3,3,8,1,0,1758452191.0
34,3.5553480614894135,1,1,4,6,4,47,3.871201010907891,0,2,2,5,7,45,3.828641396489095,0,0,0,3,5,1,0,474.0
13,2.6390573296152584,0,1,3,6,3,88,4.48863636973214,1,1,3,4,8,86,4.465908118654584,1,2,1,2,6,1,0,231186035.0
27,3.332204510175204,0,0,2,6,7,69,4.248495242049359,0,0,4,6,9,61,4.127134385045092,0,1,1,5,1,1,0,853061639.0
75,4.330733340286331,0,0,0,5,5,79,4.382026634673881,0,1,4,2,9,26,3.295836866004329,1,2,1,5,6,1,0,303618.0
89,4.499809670330265,0,2,4,5,9,22,3.1354942159291497,1,1,2,1,2,73,4.30406509320417,0,1,3,3,3,1,0,6375225.0
90,4.51085950651685,1,0,0,6,0,30,3.4339872044851463,1,0,0,2,0,64,4.174387269895637,1,1,4,1,4,2,1,104423.0
79,4.382026634673881,0,1,4,2,9,45,3.828641396489095,0,0,0,3,5,66,4.204692619390966,1,0,1,3,6,1,0,40720.0
53,3.9889840465642745,0,2,3,4,3,58,4.07753744390572,1,1,3,2,8,44,3.8066624897703196,1,2,4,2,4,1,0,40830617.0
52,3.970291913552122,1,1,2,3,2,20,3.044522437723423,1,2,0,6,0,52,3.970291913552122,1,1,2,3,2,4,1,9965.0
11,2.4849066497880004,0,2,1,4,1,64,4.174387269895637,1,1,4,1,4,68,4.23410650459726,1,2,3,5,8,1,0,592149.0
85,4.454347296253507,0,1,0,1,5,50,3.9318256327243257,1,2,0,1,0,58,4.07753744390572,1,1,3,2,8,1,0,3646898111.0
21,3.091042453358316,0,0,1,0,1,30,3.4339872044851463,1,0,0,2,0,25,3.258096538021482,0,1,0,4,5,1,0,204224.0
77,4.356708826689592,0,2,2,0,7,38,3.6635616461296463,1,2,3,3,8,75,4.330733340286331,0,0,0,5,5,1,0,40419.0
40,3.713572066704308,1,1,0,5,0,16,2.833213344056216,1,1,1,2,6,55,4.02535169073515,0,1,0,6,5,1,0,12544219.0
63,4.1588830833596715,0,0,3,0,3,43,3.784189633918261,0,1,3,1,3,41,3.7376696182833684,0,2,1,6,1,1,0,1100956275.0
64,4.174387269895637,1,1,4,1,4,15,2.772588722239781,0,0,0,1,5,63,4.1588830833596715,0,0,3,0,3,1,0,19.0
44,3.8066624897703196,1,2,4,2,4,84,4.442651256490317,1,0,4,0,4,64,4.174387269895637,1,1,4,1,4,4,0,13195.0
43,3.784189633918261,0,1,3,1,3,11,2.4849066497880004,0,2,1,4,1,46,3.8501476017100584,1,1,1,4,6,1,0,125219.0
68,4.23410650459726,1,2,3,5,8,59,4.0943445622221,0,2,4,3,9,77,4.356708826689592,0,2,2,0,7,1,0,4958573.0
53,3.9889840465642745,0,2,3,4,3,34,3.5553480614894135,1,1,4,6,4,56,4.04305126783455,1,2,1,0,6,1,0,43016847.0
38,3.6635616461296463,1,2,3,3,8,65,4.189654742026425,0,2,0,2,5,72,4.290459441148391,1,0,2,2,2,1,0,3383277.0
56,4.04305126783455,1,2,1,0,6,89,4.499809670330265,0,2,4,5,9,47,3.871201010907891,0,2,2,5,7,1,0,540.0
46,3.8501476017100584,1,1,1,4,6,83,4.430816798843313,0,2,3,6,3,60,4.110873864173311,1,0,0,4,0,1,0,6119231.0
55,4.02535169073515,0,1,0,6,5,50,3.9318256327243257,1,2,0,1,0,26,3.295836866004329,1,2,1,5,6,1,0,489520259.0
43,3.784189633918261,0,1,3,1,3,55,4.02535169073515,0,1,0,6,5,65,4.189654742026425,0,2,0,2,5,1,0,18636891.0
80,4.394449154672439,1,2,0,3,0,65,4.189654742026425,0,2,0,2,5,35,3.58351893845611,0,2,0,0,5,5,0,2093.0
43,3.784189633918261,0,1,3,1,3,49,3.912023005428146,0,1,4,0,9,57,4.060443010546419,0,0,2,1,7,1,0,201.0
88,4.48863636973214,1,1,3,4,8,45,3.828641396489095,0,0,0,3,5,76,4.343805421853684,1,1,1,6,6,1,0,69594655.0
52,3.970291913552122,1,1,2,3,2,76,4.343805421853684,1,1,1,6,6,86,4.465908118654584,1,2,1,2,6,2,0,125718378.0
33,3.5263605246161616,0,0,3,5,3,20,3.044522437723423,1,2,0,6,0,16,2.833213344056216,1,1,1,2,6,1,0,8187783.0
50,3.9318256327243257,1,2,0,1,0,30,3.4339872044851463,1,0,0,2,0,44,3.8066624897703196,1,2,4,2,4,2,0,15.0
38,3.6635616461296463,1,2,3,3,8,37,3.6375861597263857,0,1,2,2,7,73,4.30406509320417,0,1,3,3,3,1,0,53393.0
38,3.6635616461296463,1,2,3,3,8,57,4.060443010546419,0,0,2,1,7,83,4.430816798843313,0,2,3,6,3,1,0,36567.0
38,3.6635616461296463,1,2,3,3,8,73,4.30406509320417,0,1,3,3,3,78,4.3694478524670215,1,0,3,1,8,1,0,3209224887.0
70,4.2626798770413155,1,1,0,0,0,29,3.4011973816621555,0,2,4,1,9,62,4.143134726391533,1,2,2,6,2,1,0,1080605567.0
30,3.4339872044851463,1,0,0,2,0,15,2.772588722239781,0,0,0,1,5,32,3.4965075614664802,1,2,2,4,2,1,1,33888919.0
81,4.406719247264253,0,0,1,4,1,52,3.970291913552122,1,1,2,3,2,31,3.4657359027997265,0,1,1,3,1,1,0,30789.0
70,4.2626798770413155,1,1,0,0,0,88,4.48863636973214,1,1,3,4,8,39,3.6888794541139363,0,0,4,4,9,1,0,6771431.0
72,4.290459441148391,1,0,2,2,2,42,3.7612001156935624,1,0,2,0,2,37,3.6375861597263857,0,1,2,2,7,1,0,9093683.0
11,2.4849066497880004,0,2,1,4,1,10,2.3978952727983707,1,1,0,3,0,14,2.70805020110221,1,2,4,0,4,1,0,1068995.0
51,3.9512437185814275,0,0,1,2,1,33,3.5263605246161616,0,0,3,5,3,65,4.189654742026425,0,2,0,2,5,1,0,944449783.0
29,3.4011973816621555,0,2,4,1,9,27,3.332204510175204,0,0,2,6,7,51,3.9512437185814275,0,0,1,2,1,1,0,1659145.0
80,4.394449154672439,1,2,0,3,0,73,4.30406509320417,0,1,3,3,3,27,3.332204510175204,0,0,2,6,7,1,0,2230235.0
62,4.143134726391533,1,2,2,6,2,70,4.2626798770413155,1,1,0,0,0,36,3.6109179126442243,1,0,1,1,6,2,0,118090.0
66,4.204692619390966,1,0,1,3,6,77,4.356708826689592,0,2,2,0,7,23,3.1780538303479458,0,2,3,2,3,1,0,63233.0
47,3.871201010907891,0,2,2,5,7,51,3.9512437185814275,0,0,1,2,1,84,4.442651256490317,1,0,4,0,4,1,0,452578.0
77,4.356708826689592,0,2,2,0,7,79,4.382026634673881,0,1,4,2,9,57,4.060443010546419,0,0,2,1,7,1,0,8578577.0
33,3.5263605246161616,0,0,3,5,3,52,3.970291913552122,1,1,2,3,2,55,4.02535169073515,0,1,0,6,5,1,0,184887.0
25,3.258096538021482,0,1,0,4,5,74,4.31748811353631,1,2,4,4,4,58,4.07753744390572,1,1,3,2,8,1,0,50201385.0
54,4.007333185232471,1,0,4,5,4,75,4.330733340286331,0,0,0,5,5,65,4.189654742026425,0,2,0,2,5,1,0,1432813.0
56,4.04305126783455,1,2,1,0,6,52,3.970291913552122,1,1,2,3,2,52,3.970291913552122,1,1,2,3,2,4,1,818.0
69,4.248495242049359,0,0,4,6,9,73,4.30406509320417,0,1,3,3,3,70,4.2626798770413155,1,1,0,0,0,1,0,508779.0
79,4.382026634673881,0,1,4,2,9,51,3.9512437185814275,0,0,1,2,1,59,4.0943445622221,0,2,4,3,9,1,0,169666343.0
23,3.1780538303479458,0,2,3,2,3,62,4.143134726391533,1,2,2,6,2,46,3.8501476017100584,1,1,1,4,6,1,1,194149763.0
49,3.912023005428146,0,1,4,0,9,75,4.330733340286331,0,0,0,5,5,53,3.9889840465642745,0,2,3,4,3,1,0,325102625.0
29,3.4011973816621555,0,2,4,1,9,61,4.127134385045092,0,1,1,5,1,44,3.8066624897703196,1,2,4,2,4,1,0,407031.0
39,3.6888794541139363,0,0,4,4,9,12,2.5649493574615367,1,0,2,5,2,50,3.9318256327243257,1,2,0,1,0,1,0,6634567.0
85,4.454347296253507,0,1,0,1,5,26,3.295836866004329,1,2,1,5,6,78,4.3694478524670215,1,0,3,1,8,1,1,1331637303.0
57,4.060443010546419,0,0,2,1,7,47,3.871201010907891,0,2,2,5,7,58,4.07753744390572,1,1,3,2,8,1,0,101094.0
30,3.4339872044851463,1,0,0,2,0,88,4.48863636973214,1,1,3,4,8,79,4.382026634673881,0,1,4,2,9,1,0,225390479.0
73,4.30406509320417,0,1,3,3,3,75,4.330733340286331,0,0,0,5,5,57,4.060443010546419,0,0,2,1,7,1,0,8043299687.0
31,3.4657359027997265,0,1,1,3,1,26,3.295836866004329,1,2,1,5,6,29,3.4011973816621555,0,2,4,1,9,1,0,109191.0
39,3.6888794541139363,0,0,4,4,9,76,4.343805421853684,1,1,1,6,6,38,3.6635616461296463,1,2,3,3,8,1,1,2761987.0
55,4.02535169073515,0,1,0,6,5,42,3.7612001156935624,1,0,2,0,2,87,4.477336814478207,0,0,2,3,7,1,0,34737.0
65,4.189654742026425,0,2,0,2,5,60,4.110873864173311,1,0,0,4,0,58,4.07753744390572,1,1,3,2,8,1,0,552416701.0
81,4.406719247264253,0,0,1,4,1,75,4.330733340286331,0,0,0,5,5,28,3.367295829986474,1,1,3,0,8,1,0,372056.0
52,3.970291913552122,1,1,2,3,2,18,2.9444389791664403,1,0,3,4,8,66,4.204692619390966,1,0,1,3,6,2,0,476.0
71,4.276666119016055,0,2,1,1,1,82,4.418840607796598,1,1,2,5,2,15,2.772588722239781,0,0,0,1,5,1,0,1905557.0
41,3.7376696182833684,0,2,1,6,1,63,4.1588830833596715,0,0,3,0,3,71,4.276666119016055,0,2,1,1,1,1,0,704529.0
65,4.189654742026425,0,2,0,2,5,39,3.6888794541139363,0,0,4,4,9,37,3.6375861597263857,0,1,2,2,7,1,0,58329625.0
44,3.8066624897703196,1,2,4,2,4,61,4.127134385045092,0,1,1,5,1,75,4.330733340286331,0,0,0,5,5,1,0,49209509.0
90,4.51085950651685,1,0,0,6,0,83,4.430816798843313,0,2,3,6,3,85,4.454347296253507,0,1,0,1,5,1,0,27304757.0
52,3.970291913552122,1,1,2,3,2,20,3.044522437723423,1,2,0,6,0,64,4.174387269895637,1,1,4,1,4,4,0,6.0
55,4.02535169073515,0,1,0,6,5,68,4.23410650459726,1,2,3,5,8,85,4.454347296253507,0,1,0,1,5,1,0,67601.0
70,4.2626798770413155,1,1,0,0,0,90,4.51085950651685,1,0,0,6,0,70,4.2626798770413155,1,1,0,0,0,10,1,72.0
79,4.382026634673881,0,1,4,2,9,49,3.912023005428146,0,1,4,0,9,36,3.6109179126442243,1,0,1,1,6,1,0,99061.0
87,4.477336814478207,0,0,2,3,7,83,4.430816798843313,0,2,3,6,3,55,4.02535169073515,0,1,0,6,5,1,0,10837186767.0
20,3.044522437723423,1,2,0,6,0,25,3.258096538021482,0,1,0,4,5,12,2.5649493574615367,1,0,2,5,2,1,0,7158639.0
30,3.4339872044851463,1,0,0,2,0,82,4.418840607796598,1,1,2,5,2,62,4.143134726391533,1,2,2,6,2,2,0,21658.0
32,3.4965075614664802,1,2,2,4,2,47,3.871201010907891,0,2,2,5,7,30,3.4339872044851463,1,0,0,2,0,1,0,3395.0
80,4.394449154672439,1,2,0,3,0,88,4.48863636973214,1,1,3,4,8,16,2.833213344056216,1,1,1,2,6,8,1,4583.0
58,4.07753744390572,1,1,3,2,8,51,3.9512437185814275,0,0,1,2,1,39,3.6888794541139363,0,0,4,4,9,1,0,1396800.0
89,4.499809670330265,0,2,4,5,9,40,3.713572066704308,1,1,0,5,0,84,4.442651256490317,1,0,4,0,4,1,0,465569.0
27,3.332204510175204,0,0,2,6,7,45,3.828641396489095,0,0,0,3,5,42,3.7612001156935624,1,0,2,0,2,3,0,177.0
88,4.48863636973214,1,1,3,4,8,13,2.6390573296152584,0,1,3,6,3,78,4.3694478524670215,1,0,3,1,8,1,1,1060317.0
44,3.8066624897703196,1,2,4,2,4,52,3.970291913552122,1,1,2,3,2,30,3.4339872044851463,1,0,0,2,0,2,0,68562.0
56,4.04305126783455,1,2,1,0,6,76,4.343805421853684,1,1,1,6,6,84,4.442651256490317,1,0,4,0,4,4,0,9087.0
83,4.430816798843313,0,2,3,6,3,43,3.784189633918261,0,1,3,1,3,81,4.406719247264253,0,0,1,4,1,1,0,5071947.0
45,3.828641396489095,0,0,0,3,5,14,2.70805020110221,1,2,4,0,4,40,3.713572066704308,1,1,0,5,0,1,0,5833621.0
62,4.143134726391533,1,2,2,6,2,53,3.9889840465642745,0,2,3,4,3,48,3.8918202981106265,1,0,3,6,8,1,0,286474731.0
30,3.4339872044851463,1,0,0,2,0,24,3.2188758248682006,1,0,4,3,4,49,3.912023005428146,0,1,4,0,9,1,0,2703115.0
52,3.970291913552122,1,1,2,3,2,53,3.9889840465642745,0,2,3,4,3,44,3.8066624897703196,1,2,4,2,4,1,0,191586905.0
61,4.127134385045092,0,1,1,5,1,46,3.8501476017100584,1,1,1,4,6,51,3.9512437185814275,0,0,1,2,1,1,0,26289.0
28,3.367295829986474,1,1,3,0,8,35,3.58351893845611,0,2,0,0,5,58,4.07753744390572,1,1,3,2,8,1,0,5167887.0
69,4.248495242049359,0,0,4,6,9,40,3.713572066704308,1,1,0,5,0,66,4.204692619390966,1,0,1,3,6,1,0,2778384155.0
22,3.1354942159291497,1,1,2,1,2,36,3.6109179126442243,1,0,1,1,6,16,2.833213344056216,1,1,1,2,6,2,0,1444.0
78,4.3694478524670215,1,0,3,1,8,69,4.248495242049359,0,0,4,6,9,82,4.418840607796598,1,1,2,5,2,1,0,731215.0
52,3.970291913552122,1,1,2,3,2,55,4.02535169073515,0,1,0,6,5,39,3.6888794541139363,0,0,4,4,9,1,0,17185.0
75,4.330733340286331,0,0,0,5,5,85,4.454347296253507,0,1,0,1,5,31,3.4657359027997265,0,1,1,3,1,1,0,218669651.0
72,4.290459441148391,1,0,2,2,2,77,4.356708826689592,0,2,2,0,7,59,4.0943445622221,0,2,4,3,9,1,0,12127.0
25,3.258096538021482,0,1,0,4,5,50,3.9318256327243257,1,2,0,1,0,51,3.9512437185814275,0,0,1,2,1,1,1,410327.0
89,4.499809670330265,0,2,4,5,9,63,4.1588830833596715,0,0,3,0,3,34,3.5553480614894135,1,1,4,6,4,1,0,941819.0
86,4.465908118654584,1,2,1,2,6,74,4.31748811353631,1,2,4,4,4,64,4.174387269895637,1,1,4,1,4,2,0,753132.0
28,3.367295829986474,1,1,3,0,8,62,4.143134726391533,1,2,2,6,2,87,4.477336814478207,0,0,2,3,7,1,0,2233081.0
44,3.8066624897703196,1,2,4,2,4,56,4.04305126783455,1,2,1,0,6,24,3.2188758248682006,1,0,4,3,4,4,0,3403.0
17,2.8903717578961645,0,2,2,3,7,37,3.6375861597263857,0,1,2,2,7,47,3.871201010907891,0,2,2,5,7,1,0,6952009.0
87,4.477336814478207,0,0,2,3,7,52,3.970291913552122,1,1,2,3,2,41,3.7376696182833684,0,2,1,6,1,1,0,246275.0
63,4.1588830833596715,0,0,3,0,3,49,3.912023005428146,0,1,4,0,9,52,3.970291913552122,1,1,2,3,2,1,0,6325.0
76,4.343805421853684,1,1,1,6,6,54,4.007333185232471,1,0,4,5,4,26,3.295836866004329,1,2,1,5,6,2,0,582.0
41,3.7376696182833684,0,2,1,6,1,57,4.060443010546419,0,0,2,1,7,21,3.091042453358316,0,0,1,0,1,1,0,97420987.0
66,4.204692619390966,1,0,1,3,6,34,3.5553480614894135,1,1,4,6,4,48,3.8918202981106265,1,0,3,6,8,2,0,73.0
70,4.2626798770413155,1,1,0,0,0,52,3.970291913552122,1,1,2,3,2,84,4.442651256490317,1,0,4,0,4,2,0,11652474.0
84,4.442651256490317,1,0,4,0,4,74,4.31748811353631,1,2,4,4,4,34,3.5553480614894135,1,1,4,6,4,2,0,607233.0
47,3.871201010907891,0,2,2,5,7,86,4.465908118654584,1,2,1,2,6,58,4.07753744390572,1,1,3,2,8,1,0,116626671.0
52,3.970291913552122,1,1,2,3,2,63,4.1588830833596715,0,0,3,0,3,32,3.4965075614664802,1,2,2,4,2,1,0,931640931.0
43,3.784189633918261,0,1,3,1,3,29,3.4011973816621555,0,2,4,1,9,43,3.784189633918261,0,1,3,1,3,1,1,473331.0
69,4.248495242049359,0,0,4,6,9,12,2.5649493574615367,1,0,2,5,2,73,4.30406509320417,0,1,3,3,3,1,0,26594.0
82,4.418840607796598,1,1,2,5,2,56,4.04305126783455,1,2,1,0,6,70,4.2626798770413155,1,1,0,0,0,2,0,482760.0
30,3.4339872044851463,1,0,0,2,0,36,3.6109179126442243,1,0,1,1,6,46,3.8501476017100584,1,1,1,4,6,2,0,73.0
49,3.912023005428146,0,1,4,0,9,28,3.367295829986474,1,1,3,0,8,65,4.189654742026425,0,2,0,2,5,1,0,474615.0
41,3.7376696182833684,0,2,1,6,1,31,3.4657359027997265,0,1,1,3,1,54,4.007333185232471,1,0,4,5,4,1,0,13691.0
22,3.1354942159291497,1,1,2,1,2,38,3.6635616461296463,1,2,3,3,8,56,4.04305126783455,1,2,1,0,6,2,0,185.0
79,4.382026634673881,0,1,4,2,9,55,4.02535169073515,0,1,0,6,5,55,4.02535169073515,0,1,0,6,5,1,1,691183.0
52,3.970291913552122,1,1,2,3,2,55,4.02535169073515,0,1,0,6,5,14,2.70805020110221,1,2,4,0,4,1,0,97087727.0
68,4.23410650459726,1,2,3,5,8,46,3.8501476017100584,1,1,1,4,6,78,4.3694478524670215,1,0,3,1,8,2,0,5623.0
69,4.248495242049359,0,0,4,6,9,27,3.332204510175204,0,0,2,6,7,44,3.8066624897703196,1,2,4,2,4,1,0,1329441.0
45,3.828641396489095,0,0,0,3,5,87,4.477336814478207,0,0,2,3,7,63,4.1588830833596715,0,0,3,0,3,3,0,836283.0
15,2.772588722239781,0,0,0,1,5,68,4.23410650459726,1,2,3,5,8,55,4.02535169073515,0,1,0,6,5,1,0,4741.0
43,3.784189633918261,0,1,3,1,3,43,3.784189633918261,0,1,3,1,3,43,3.784189633918261,0,1,3,1,3,43,3,271.0
83,4.430816798843313,0,2,3,6,3,86,4.465908118654584,1,2,1,2,6,66,4.204692619390966,1,0,1,3,6,1,0,198389773.0
38,3.6635616461296463,1,2,3,3,8,72,4.290459441148391,1,0,2,2,2,85,4.454347296253507,0,1,0,1,5,1,0,435831.0
17,2.8903717578961645,0,2,2,3,7,38,3.6635616461296463,1,2,3,3,8,49,3.912023005428146,0,1,4,0,9,1,0,417.0
80,4.394449154672439,1,2,0,3,0,41,3.7376696182833684,0,2,1,6,1,57,4.060443010546419,0,0,2,1,7,1,0,147.0
62,4.143134726391533,1,2,2,6,2,75,4.330733340286331,0,0,0,5,5,48,3.8918202981106265,1,0,3,6,8,1,0,4058383087.0
37,3.6375861597263857,0,1,2,2,7,30,3.4339872044851463,1,0,0,2,0,11,2.4849066497880004,0,2,1,4,1,1,0,1307.0
29,3.4011973816621555,0,2,4,1,9,84,4.442651256490317,1,0,4,0,4,76,4.343805421853684,1,1,1,6,6,1,0,68203991.0
47,3.871201010907891,0,2,2,5,7,75,4.330733340286331,0,0,0,5,5,41,3.7376696182833684,0,2,1,6,1,1,0,1512835.0
75,4.330733340286331,0,0,0,5,5,51,3.9512437185814275,0,0,1,2,1,53,3.9889840465642745,0,2,3,4,3,1,0,19238131.0
66,4.204692619390966,1,0,1,3,6,80,4.394449154672439,1,2,0,3,0,27,3.332204510175204,0,0,2,6,7,1,0,882804823.0
33,3.5263605246161616,0,0,3,5,3,36,3.6109179126442243,1,0,1,1,6,30,3.4339872044851463,1,0,0,2,0,3,0,309461.0
83,4.430816798843313,0,2,3,6,3,63,4.1588830833596715,0,0,3,0,3,65,4.189654742026425,0,2,0,2,5,1,0,55515.0
14,2.70805020110221,1,2,4,0,4,41,3.7376696182833684,0,2,1,6,1,38,3.6635616461296463,1,2,3,3,8,1,0,5423807.0
63,4.1588830833596715,0,0,3,0,3,87,4.477336814478207,0,0,2,3,7,42,3.7612001156935624,1,0,2,0,2,3,0,6463.0
24,3.2188758248682006,1,0,4,3,4,81,4.406719247264253,0,0,1,4,1,81,4.406719247264253,0,0,1,4,1,3,1,149.0
22,3.1354942159291497,1,1,2,1,2,14,2.70805020110221,1,2,4,0,4,20,3.044522437723423,1,2,0,6,0,2,0,2624.0
77,4.356708826689592,0,2,2,0,7,88,4.48863636973214,1,1,3,4,8,30,3.4339872044851463,1,0,0,2,0,1,0,207537749.0
76,4.343805421853684,1,1,1,6,6,65,4.189654742026425,0,2,0,2,5,19,2.995732273553991,0,1,4,5,9,1,1,1116605.0
68,4.23410650459726,1,2,3,5,8,70,4.2626798770413155,1,1,0,0,0,22,3.1354942159291497,1,1,2,1,2,2,0,152165.0
65,4.189654742026425,0,2,0,2,5,78,4.3694478524670215,1,0,3,1,8,80,4.394449154672439,1,2,0,3,0,1,0,158118837.0
47,3.871201010907891,0,2,2,5,7,22,3.1354942159291497,1,1,2,1,2,55,4.02535169073515,0,1,0,6,5,1,0,41568.0
67,4.219507705176107,0,1,2,4,7,37,3.6375861597263857,0,1,2,2,7,33,3.5263605246161616,0,0,3,5,3,1,0,65913.0
83,4.430816798843313,0,2,3,6,3,27,3.332204510175204,0,0,2,6,7,68,4.23410650459726,1,2,3,5,8,1,0,455.0
33,3.5263605246161616,0,0,3,5,3,46,3.8501476017100584,1,1,1,4,6,35,3.58351893845611,0,2,0,0,5,1,0,3150.0
25,3.258096538021482,0,1,0,4,5,42,3.7612001156935624,1,0,2,0,2,32,3.4965075614664802,1,2,2,4,2,1,0,177.0
64,4.174387269895637,1,1,4,1,4,24,3.2188758248682006,1,0,4,3,4,47,3.871201010907891,0,2,2,5,7,1,0,222891147.0
26,3.295836866004329,1,2,1,5,6,74,4.31748811353631,1,2,4,4,4,53,3.9889840465642745,0,2,3,4,3,1,0,260489839.0
41,3.7376696182833684,0,2,1,6,1,39,3.6888794541139363,0,0,4,4,9,55,4.02535169073515,0,1,0,6,5,1,0,34891471.0
74,4.31748811353631,1,2,4,4,4,59,4.0943445622221,0,2,4,3,9,27,3.332204510175204,0,0,2,6,7,1,0,128713.0
53,3.9889840465642745,0,2,3,4,3,28,3.367295829986474,1,1,3,0,8,77,4.356708826689592,0,2,2,0,7,1,0,246051.0
40,3.713572066704308,1,1,0,5,0,61,4.127134385045092,0,1,1,5,1,74,4.31748811353631,1,2,4,4,4,1,0,272862637.0
61,4.127134385045092,0,1,1,5,1,59,4.0943445622221,0,2,4,3,9,59,4.0943445622221,0,2,4,3,9,1,1,48819.0
71,4.276666119016055,0,2,1,1,1,57,4.060443010546419,0,0,2,1,7,37,3.6375861597263857,0,1,2,2,7,1,0,1688065431.0
28,3.367295829986474,1,1,3,0,8,37,3.6375861597263857,0,1,2,2,7,61,4.127134385045092,0,1,1,5,1,1,0,117907.0
45,3.828641396489095,0,0,0,3,5,44,3.8066624897703196,1,2,4,2,4,34,3.5553480614894135,1,1,4,6,4,1,0,205947.0
32,3.4965075614664802,1,2,2,4,2,82,4.418840607796598,1,1,2,5,2,70,4.2626798770413155,1,1,0,0,0,2,0,17763.0
32,3.4965075614664802,1,2,2,4,2,25,3.258096538021482,0,1,0,4,5,48,3.8918202981106265,1,0,3,6,8,1,0,14079169.0
26,3.295836866004329,1,2,1,5,6,67,4.219507705176107,0,1,2,4,7,76,4.343805421853684,1,1,1,6,6,1,0,103350849.0
43,3.784189633918261,0,1,3,1,3,22,3.1354942159291497,1,1,2,1,2,45,3.828641396489095,0,0,0,3,5,1,0,2633.0
55,4.02535169073515,0,1,0,6,5,75,4.330733340286331,0,0,0,5,5,32,3.4965075614664802,1,2,2,4,2,1,0,17678.0
85,4.454347296253507,0,1,0,1,5,50,3.9318256327243257,1,2,0,1,0,36,3.6109179126442243,1,0,1,1,6,1,0,11273637.0
44,3.8066624897703196,1,2,4,2,4,58,4.07753744390572,1,1,3,2,8,80,4.394449154672439,1,2,0,3,0,2,0,343214.0
40,3.713572066704308,1,1,0,5,0,37,3.6375861597263857,0,1,2,2,7,57,4.060443010546419,0,0,2,1,7,1,0,394.0
59,4.0943445622221,0,2,4,3,9,90,4.51085950651685,1,0,0,6,0,39,3.6888794541139363,0,0,4,4,9,1,0,176403.0
23,3.1780538303479458,0,2,3,2,3,50,3.9318256327243257,1,2,0,1,0,72,4.290459441148391,1,0,2,2,2,1,0,58257.0
74,4.31748811353631,1,2,4,4,4,33,3.5263605246161616,0,0,3,5,3,66,4.204692619390966,1,0,1,3,6,1,1,70987691.0
43,3.784189633918261,0,1,3,1,3,22,3.1354942159291497,1,1,2,1,2,62,4.143134726391533,1,2,2,6,2,1,0,3086139.0
47,3.871201010907891,0,2,2,5,7,50,3.9318256327243257,1,2,0,1,0,11,2.4849066497880004,0,2,1,4,1,1,0,151303.0
14,2.70805020110221,1,2,4,0,4,80,4.394449154672439,1,2,0,3,0,81,4.406719247264253,0,0,1,4,1,1,0,64193.0
52,3.970291913552122,1,1,2,3,2,83,4.430816798843313,0,2,3,6,3,35,3.58351893845611,0,2,0,0,5,1,0,15895.0
50,3.9318256327243257,1,2,0,1,0,75,4.330733340286331,0,0,0,5,5,78,4.3694478524670215,1,0,3,1,8,1,0,6563701651.0
16,2.833213344056216,1,1,1,2,6,40,3.713572066704308,1,1,0,5,0,35,3.58351893845611,0,2,0,0,5,1,0,57768179.0
24,3.2188758248682006,1,0,4,3,4,48,3.8918202981106265,1,0,3,6,8,33,3.5263605246161616,0,0,3,5,3,3,1,3657.0
90,4.51085950651685,1,0,0,6,0,63,4.1588830833596715,0,0,3,0,3,43,3.784189633918261,0,1,3,1,3,1,0,794.0
82,4.418840607796598,1,1,2,5,2,46,3.8501476017100584,1,1,1,4,6,68,4.23410650459726,1,2,3,5,8,2,0,70366.0
70,4.2626798770413155,1,1,0,0,0,66,4.204692619390966,1,0,1,3,6,41,3.7376696182833684,0,2,1,6,1,1,0,13301297.0
40,3.713572066704308,1,1,0,5,0,56,4.04305126783455,1,2,1,0,6,18,2.9444389791664403,1,0,3,4,8,2,0,478136.0
52,3.970291913552122,1,1,2,3,2,55,4.02535169073515,0,1,0,6,5,38,3.6635616461296463,1,2,3,3,8,1,0,1322669087.0
71,4.276666119016055,0,2,1,1,1,23,3.1780538303479458,0,2,3,2,3,53,3.9889840465642745,0,2,3,4,3,1,0,456435.0
10,2.3978952727983707,1,1,0,3,0,57,4.060443010546419,0,0,2,1,7,60,4.110873864173311,1,0,0,4,0,1,1,43455419.0
86,4.465908118654584,1,2,1,2,6,79,4.382026634673881,0,1,4,2,9,77,4.356708826689592,0,2,2,0,7,1,0,401133.0
10,2.3978952727983707,1,1,0,3,0,80,4.394449154672439,1,2,0,3,0,89,4.499809670330265,0,2,4,5,9,1,1,19341155.0
70,4.2626798770413155,1,1,0,0,0,46,3.8501476017100584,1,1,1,4,6,33,3.5263605246161616,0,0,3,5,3,1,0,6306529.0
79,4.382026634673881,0,1,4,2,9,41,3.7376696182833684,0,2,1,6,1,60,4.110873864173311,1,0,0,4,0,1,0,776555.0
53,3.9889840465642745,0,2,3,4,3,85,4.454347296253507,0,1,0,1,5,44,3.8066624897703196,1,2,4,2,4,1,0,1538895.0
88,4.48863636973214,1,1,3,4,8,36,3.6109179126442243,1,0,1,1,6,67,4.219507705176107,0,1,2,4,7,1,0,23676859.0
53,3.9889840465642745,0,2,3,4,3,44,3.8066624897703196,1,2,4,2,4,78,4.3694478524670215,1,0,3,1,8,1,0,4640027.0
82,4.418840607796598,1,1,2,5,2,44,3.8066624897703196,1,2,4,2,4,63,4.1588830833596715,0,0,3,0,3,1,0,14836549.0
34,3.5553480614894135,1,1,4,6,4,70,4.2626798770413155,1,1,0,0,0,37,3.6375861597263857,0,1,2,2,7,1,0,5474847.0
10,2.3978952727983707,1,1,0,3,0,17,2.8903717578961645,0,2,2,3,7,14,2.70805020110221,1,2,4,0,4,1,0,40151.0
28,3.367295829986474,1,1,3,0,8,53,3.9889840465642745,0,2,3,4,3,76,4.343805421853684,1,1,1,6,6,1,0,304499255.0
32,3.4965075614664802,1,2,2,4,2,28,3.367295829986474,1,1,3,0,8,15,2.772588722239781,0,0,0,1,5,1,0,3264549.0
52,3.970291913552122,1,1,2,3,2,32,3.4965075614664802,1,2,2,4,2,34,3.5553480614894135,1,1,4,6,4,2,0,23912.0
54,4.007333185232471,1,0,4,5,4,79,4.382026634673881,0,1,4,2,9,89,4.499809670330265,0,2,4,5,9,1,0,2373207.0
50,3.9318256327243257,1,2,0,1,0,72,4.290459441148391,1,0,2,2,2,56,4.04305126783455,1,2,1,0,6,2,0,75548.0
86,4.465908118654584,1,2,1,2,6,81,4.406719247264253,0,0,1,4,1,25,3.258096538021482,0,1,0,4,5,1,0,32957.0
32,3.4965075614664802,1,2,2,4,2,26,3.295836866004329,1,2,1,5,6,45,3.828641396489095,0,0,0,3,5,1,0,1363.0
38,3.6635616461296463,1,2,3,3,8,74,4.31748811353631,1,2,4,4,4,87,4.477336814478207,0,0,2,3,7,1,0,14822631.0
85,4.454347296253507,0,1,0,1,5,89,4.499809670330265,0,2,4,5,9,79,4.382026634673881,0,1,4,2,9,1,0,40202107.0
68,4.23410650459726,1,2,3,5,8,20,3.044522437723423,1,2,0,6,0,56,4.04305126783455,1,2,1,0,6,4,0,968.0
35,3.58351893845611,0,2,0,0,5,12,2.5649493574615367,1,0,2,5,2,27,3.332204510175204,0,0,2,6,7,1,0,14.0
27,3.332204510175204,0,0,2,6,7,39,3.6888794541139363,0,0,4,4,9,21,3.091042453358316,0,0,1,0,1,3,0,123.0
45,3.828641396489095,0,0,0,3,5,72,4.290459441148391,1,0,2,2,2,43,3.784189633918261,0,1,3,1,3,1,0,4847762.0
45,3.828641396489095,0,0,0,3,5,19,2.995732273553991,0,1,4,5,9,27,3.332204510175204,0,0,2,6,7,1,0,8052227.0
65,4.189654742026425,0,2,0,2,5,15,2.772588722239781,0,0,0,1,5,53,3.9889840465642745,0,2,3,4,3,1,0,657457.0
62,4.143134726391533,1,2,2,6,2,90,4.51085950651685,1,0,0,6,0,65,4.189654742026425,0,2,0,2,5,1,0,109042671.0
11,2.4849066497880004,0,2,1,4,1,69,4.248495242049359,0,0,4,6,9,61,4.127134385045092,0,1,1,5,1,1,0,1453703.0
87,4.477336814478207,0,0,2,3,7,86,4.465908118654584,1,2,1,2,6,35,3.58351893845611,0,2,0,0,5,1,0,711091.0
28,3.367295829986474,1,1,3,0,8,34,3.5553480614894135,1,1,4,6,4,17,2.8903717578961645,0,2,2,3,7,1,1,4518125.0
81,4.406719247264253,0,0,1,4,1,20,3.044522437723423,1,2,0,6,0,88,4.48863636973214,1,1,3,4,8,1,0,73371689.0
37,3.6375861597263857,0,1,2,2,7,62,4.143134726391533,1,2,2,6,2,28,3.367295829986474,1,1,3,0,8,1,0,93376571.0
75,4.330733340286331,0,0,0,5,5,78,4.3694478524670215,1,0,3,1,8,14,2.70805020110221,1,2,4,0,4,1,0,212067211.0
51,3.9512437185814275,0,0,1,2,1,85,4.454347296253507,0,1,0,1,5,72,4.290459441148391,1,0,2,2,2,1,0,6671667.0
82,4.418840607796598,1,1,2,5,2,13,2.6390573296152584,0,1,3,6,3,74,4.31748811353631,1,2,4,4,4,1,0,114819983.0
81,4.406719247264253,0,0,1,4,1,61,4.127134385045092,0,1,1,5,1,40,3.713572066704308,1,1,0,5,0,1,0,1132.0
20,3.044522437723423,1,2,0,6,0,71,4.276666119016055,0,2,1,1,1,75,4.330733340286331,0,0,0,5,5,1,0,1698.0
63,4.1588830833596715,0,0,3,0,3,30,3.4339872044851463,1,0,0,2,0,53,3.9889840465642745,0,2,3,4,3,1,0,32185.0
67,4.219507705176107,0,1,2,4,7,79,4.382026634673881,0,1,4,2,9,77,4.356708826689592,0,2,2,0,7,1,0,13101459275.0
35,3.58351893845611,0,2,0,0,5,71,4.276666119016055,0,2,1,1,1,80,4.394449154672439,1,2,0,3,0,1,0,2402272.0
73,4.30406509320417,0,1,3,3,3,83,4.430816798843313,0,2,3,6,3,60,4.110873864173311,1,0,0,4,0,1,0,16532.0
55,4.02535169073515,0,1,0,6,5,31,3.4657359027997265,0,1,1,3,1,67,4.219507705176107,0,1,2,4,7,1,0,960440383.0
19,2.995732273553991,0,1,4,5,9,80,4.394449154672439,1,2,0,3,0,68,4.23410650459726,1,2,3,5,8,1,0,286612811.0
77,4.356708826689592,0,2,2,0,7,78,4.3694478524670215,1,0,3,1,8,39,3.6888794541139363,0,0,4,4,9,1,1,3640677.0
45,3.828641396489095,0,0,0,3,5,19,2.995732273553991,0,1,4,5,9,38,3.6635616461296463,1,2,3,3,8,1,1,597.0
36,3.6109179126442243,1,0,1,1,6,54,4.007333185232471,1,0,4,5,4,74,4.31748811353631,1,2,4,4,4,2,0,75906.0
58,4.07753744390572,1,1,3,2,8,62,4.143134726391533,1,2,2,6,2,21,3.091042453358316,0,0,1,0,1,1,0,1732389.0
40,3.713572066704308,1,1,0,5,0,82,4.418840607796598,1,1,2,5,2,87,4.477336814478207,0,0,2,3,7,1,0,2390105.0
81,4.406719247264253,0,0,1,4,1,90,4.51085950651685,1,0,0,6,0,68,4.23410650459726,1,2,3,5,8,1,0,17361175963.0
87,4.477336814478207,0,0,2,3,7,38,3.6635616461296463,1,2,3,3,8,73,4.30406509320417,0,1,3,3,3,1,0,3129701.0
44,3.8066624897703196,1,2,4,2,4,35,3.58351893845611,0,2,0,0,5,59,4.0943445622221,0,2,4,3,9,1,0,63.0
48,3.8918202981106265,1,0,3,6,8,33,3.5263605246161616,0,0,3,5,3,66,4.204692619390966,1,0,1,3,6,3,1,118155.0
33,3.5263605246161616,0,0,3,5,3,70,4.2626798770413155,1,1,0,0,0,49,3.912023005428146,0,1,4,0,9,1,0,137023.0
73,4.30406509320417,0,1,3,3,3,61,4.127134385045092,0,1,1,5,1,85,4.454347296253507,0,1,0,1,5,1,0,218312233.0
40,3.713572066704308,1,1,0,5,0,22,3.1354942159291497,1,1,2,1,2,24,3.2188758248682006,1,0,4,3,4,2,0,69374.0
43,3.784189633918261,0,1,3,1,3,75,4.330733340286331,0,0,0,5,5,58,4.07753744390572,1,1,3,2,8,1,0,871.0
32,3.4965075614664802,1,2,2,4,2,73,4.30406509320417,0,1,3,3,3,64,4.174387269895637,1,1,4,1,4,1,1,1517534543.0
69,4.248495242049359,0,0,4,6,9,48,3.8918202981106265,1,0,3,6,8,66,4.204692619390966,1,0,1,3,6,3,0,34877.0
62,4.143134726391533,1,2,2,6,2,41,3.7376696182833684,0,2,1,6,1,75,4.330733340286331,0,0,0,5,5,1,0,8608.0
20,3.044522437723423,1,2,0,6,0,38,3.6635616461296463,1,2,3,3,8,26,3.295836866004329,1,2,1,5,6,2,0,100.0
46,3.8501476017100584,1,1,1,4,6,61,4.127134385045092,0,1,1,5,1,44,3.8066624897703196,1,2,4,2,4,1,0,173815293.0
37,3.6375861597263857,0,1,2,2,7,46,3.8501476017100584,1,1,1,4,6,46,3.8501476017100584,1,1,1,4,6,1,1,12295.0
82,4.418840607796598,1,1,2,5,2,61,4.127134385045092,0,1,1,5,1,82,4.418840607796598,1,1,2,5,2,1,1,3356191.0
39,3.6888794541139363,0,0,4,4,9,52,3.970291913552122,1,1,2,3,2,86,4.465908118654584,1,2,1,2,6,1,0,64970961.0
26,3.295836866004329,1,2,1,5,6,49,3.912023005428146,0,1,4,0,9,35,3.58351893845611,0,2,0,0,5,1,0,190533.0
10,2.3978952727983707,1,1,0,3,0,49,3.912023005428146,0,1,4,0,9,51,3.9512437185814275,0,0,1,2,1,1,0,477.0
25,3.258096538021482,0,1,0,4,5,37,3.6375861597263857,0,1,2,2,7,35,3.58351893845611,0,2,0,0,5,1,0,19281793.0
62,4.143134726391533,1,2,2,6,2,70,4.2626798770413155,1,1,0,0,0,65,4.189654742026425,0,2,0,2,5,1,0,7176586439.0
12,2.5649493574615367,1,0,2,5,2,62,4.143134726391533,1,2,2,6,2,55,4.02535169073515,0,1,0,6,5,1,0,2088863.0
36,3.6109179126442243,1,0,1,1,6,41,3.7376696182833684,0,2,1,6,1,30,3.4339872044851463,1,0,0,2,0,1,0,489223.0
53,3.9889840465642745,0,2,3,4,3,63,4.1588830833596715,0,0,3,0,3,25,3.258096538021482,0,1,0,4,5,1,0,15951.0
33,3.5263605246161616,0,0,3,5,3,89,4.499809670330265,0,2,4,5,9,69,4.248495242049359,0,0,4,6,9,1,0,61625471.0
39,3.6888794541139363,0,0,4,4,9,32,3.4965075614664802,1,2,2,4,2,32,3.4965075614664802,1,2,2,4,2,1,1,7303.0
80,4.394449154672439,1,2,0,3,0,62,4.143134726391533,1,2,2,6,2,59,4.0943445622221,0,2,4,3,9,1,0,754142487.0
30,3.4339872044851463,1,0,0,2,0,18,2.9444389791664403,1,0,3,4,8,37,3.6375861597263857,0,1,2,2,7,1,0,53049.0
26,3.295836866004329,1,2,1,5,6,85,4.454347296253507,0,1,0,1,5,61,4.127134385045092,0,1,1,5,1,1,0,1273.0
88,4.48863636973214,1,1,3,4,8,55,4.02535169073515,0,1,0,6,5,68,4.23410650459726,1,2,3,5,8,1,0,11663767.0
47,3.871201010907891,0,2,2,5,7,39,3.6888794541139363,0,0,4,4,9,50,3.9318256327243257,1,2,0,1,0,1,0,205227.0
44,3.8066624897703196,1,2,4,2,4,59,4.0943445622221,0,2,4,3,9,80,4.394449154672439,1,2,0,3,0,1,0,12444019.0
30,3.4339872044851463,1,0,0,2,0,53,3.9889840465642745,0,2,3,4,3,51,3.9512437185814275,0,0,1,2,1,1,0,173422.0
55,4.02535169073515,0,1,0,6,5,36,3.6109179126442243,1,0,1,1,6,26,3.295836866004329,1,2,1,5,6,1,0,675449.0
53,3.9889840465642745,0,2,3,4,3,35,3.58351893845611,0,2,0,0,5,76,4.343805421853684,1,1,1,6,6,1,0,14879421.0
63,4.1588830833596715,0,0,3,0,3,60,4.110873864173311,1,0,0,4,0,12,2.5649493574615367,1,0,2,5,2,3,1,116317.0
89,4.499809670330265,0,2,4,5,9,74,4.31748811353631,1,2,4,4,4,30,3.4339872044851463,1,0,0,2,0,1,0,769721.0
78,4.3694478524670215,1,0,3,1,8,49,3.912023005428146,0,1,4,0,9,78,4.3694478524670215,1,0,3,1,8,1,1,57341.0
66,4.204692619390966,1,0,1,3,6,89,4.499809670330265,0,2,4,5,9,42,3.7612001156935624,1,0,2,0,2,1,0,2994055879.0
80,4.394449154672439,1,2,0,3,0,71,4.276666119016055,0,2,1,1,1,20,3.044522437723423,1,2,0,6,0,1,1,464632339.0
81,4.406719247264253,0,0,1,4,1,39,3.6888794541139363,0,0,4,4,9,61,4.127134385045092,0,1,1,5,1,1,0,2114164151.0
51,3.9512437185814275,0,0,1,2,1,78,4.3694478524670215,1,0,3,1,8,76,4.343805421853684,1,1,1,6,6,1,0,143110973.0
48,3.8918202981106265,1,0,3,6,8,61,4.127134385045092,0,1,1,5,1,40,3.713572066704308,1,1,0,5,0,1,0,16955809.0
80,4.394449154672439,1,2,0,3,0,26,3.295836866004329,1,2,1,5,6,87,4.477336814478207,0,0,2,3,7,1,0,156373127.0
48,3.8918202981106265,1,0,3,6,8,27,3.332204510175204,0,0,2,6,7,29,3.4011973816621555,0,2,4,1,9,1,0,18413.0
62,4.143134726391533,1,2,2,6,2,24,3.2188758248682006,1,0,4,3,4,43,3.784189633918261,0,1,3,1,3,1,0,1780711.0
26,3.295836866004329,1,2,1,5,6,88,4.48863636973214,1,1,3,4,8,80,4.394449154672439,1,2,0,3,0,2,0,2416794.0
49,3.912023005428146,0,1,4,0,9,73,4.30406509320417,0,1,3,3,3,86,4.465908118654584,1,2,1,2,6,1,0,11099239.0
27,3.332204510175204,0,0,2,6,7,40,3.713572066704308,1,1,0,5,0,25,3.258096538021482,0,1,0,4,5,1,0,19029.0
57,4.060443010546419,0,0,2,1,7,49,3.912023005428146,0,1,4,0,9,55,4.02535169073515,0,1,0,6,5,1,0,31969833.0
25,3.258096538021482,0,1,0,4,5,40,3.713572066704308,1,1,0,5,0,34,3.5553480614894135,1,1,4,6,4,1,0,3592105.0
75,4.330733340286331,0,0,0,5,5,78,4.3694478524670215,1,0,3,1,8,11,2.4849066497880004,0,2,1,4,1,1,0,402883.0
65,4.189654742026425,0,2,0,2,5,54,4.007333185232471,1,0,4,5,4,68,4.23410650459726,1,2,3,5,8,1,0,64869299.0
64,4.174387269895637,1,1,4,1,4,22,3.1354942159291497,1,1,2,1,2,63,4.1588830833596715,0,0,3,0,3,1,0,1647.0
89,4.499809670330265,0,2,4,5,9,23,3.1780538303479458,0,2,3,2,3,87,4.477336814478207,0,0,2,3,7,1,0,610097.0
31,3.4657359027997265,0,1,1,3,1,62,4.143134726391533,1,2,2,6,2,73,4.30406509320417,0,1,3,3,3,1,1,1244427.0
60,4.110873864173311,1,0,0,4,0,78,4.3694478524670215,1,0,3,1,8,47,3.871201010907891,0,2,2,5,7,1,0,21194383.0
72,4.290459441148391,1,0,2,2,2,62,4.143134726391533,1,2,2,6,2,64,4.174387269895637,1,1,4,1,4,2,0,12589996.0
83,4.430816798843313,0,2,3,6,3,64,4.174387269895637,1,1,4,1,4,36,3.6109179126442243,1,0,1,1,6,1,0,1853013099.0
36,3.6109179126442243,1,0,1,1,6,66,4.204692619390966,1,0,1,3,6,45,3.828641396489095,0,0,0,3,5,3,0,16407.0
27,3.332204510175204,0,0,2,6,7,80,4.394449154672439,1,2,0,3,0,57,4.060443010546419,0,0,2,1,7,1,0,7373.0
43,3.784189633918261,0,1,3,1,3,52,3.970291913552122,1,1,2,3,2,84,4.442651256490317,1,0,4,0,4,1,0,6029055.0
53,3.9889840465642745,0,2,3,4,3,43,3.784189633918261,0,1,3,1,3,68,4.23410650459726,1,2,3,5,8,1,0,32986389.0
72,4.290459441148391,1,0,2,2,2,80,4.394449154672439,1,2,0,3,0,61,4.127134385045092,0,1,1,5,1,1,0,9823265703.0
60,4.110873864173311,1,0,0,4,0,48,3.8918202981106265,1,0,3,6,8,70,4.2626798770413155,1,1,0,0,0,2,0,56911768.0
44,3.8066624897703196,1,2,4,2,4,78,4.3694478524670215,1,0,3,1,8,74,4.31748811353631,1,2,4,4,4,2,0,3692.0
66,4.204692619390966,1,0,1,3,6,34,3.5553480614894135,1,1,4,6,4,60,4.110873864173311,1,0,0,4,0,2,0,371567.0
55,4.02535169073515,0,1,0,6,5,55,4.02535169073515,0,1,0,6,5,85,4.454347296253507,0,1,0,1,5,5,1,143.0
52,3.970291913552122,1,1,2,3,2,18,2.9444389791664403,1,0,3,4,8,64,4.174387269895637,1,1,4,1,4,2,0,728.0
82,4.418840607796598,1,1,2,5,2,45,3.828641396489095,0,0,0,3,5,78,4.3694478524670215,1,0,3,1,8,1,0,116594813.0
15,2.772588722239781,0,0,0,1,5,79,4.382026634673881,0,1,4,2,9,71,4.276666119016055,0,2,1,1,1,1,0,20355977.0
49,3.912023005428146,0,1,4,0,9,48,3.8918202981106265,1,0,3,6,8,18,2.9444389791664403,1,0,3,4,8,1,0,161637347.0
48,3.8918202981106265,1,0,3,6,8,25,3.258096538021482,0,1,0,4,5,40,3.713572066704308,1,1,0,5,0,1,0,3243417.0
44,3.8066624897703196,1,2,4,2,4,30,3.4339872044851463,1,0,0,2,0,18,2.9444389791664403,1,0,3,4,8,2,0,538.0
22,3.1354942159291497,1,1,2,1,2,34,3.5553480614894135,1,1,4,6,4,31,3.4657359027997265,0,1,1,3,1,1,0,432903.0
73,4.30406509320417,0,1,3,3,3,49,3.912023005428146,0,1,4,0,9,60,4.110873864173311,1,0,0,4,0,1,0,47745.0
70,4.2626798770413155,1,1,0,0,0,69,4.248495242049359,0,0,4,6,9,15,2.772588722239781,0,0,0,1,5,1,0,214456.0
46,3.8501476017100584,1,1,1,4,6,76,4.343805421853684,1,1,1,6,6,39,3.6888794541139363,0,0,4,4,9,1,0,9039033.0
38,3.6635616461296463,1,2,3,3,8,79,4.382026634673881,0,1,4,2,9,64,4.174387269895637,1,1,4,1,4,1,0,2354888807.0
40,3.713572066704308,1,1,0,5,0,21,3.091042453358316,0,0,1,0,1,50,3.9318256327243257,1,2,0,1,0,1,0,152433819.0
13,2.6390573296152584,0,1,3,6,3,11,2.4849066497880004,0,2,1,4,1,17,2.8903717578961645,0,2,2,3,7,1,0,2088863.0
67,4.219507705176107,0,1,2,4,7,40,3.713572066704308,1,1,0,5,0,28,3.367295829986474,1,1,3,0,8,1,0,38940427.0
83,4.430816798843313,0,2,3,6,3,87,4.477336814478207,0,0,2,3,7,63,4.1588830833596715,0,0,3,0,3,1,0,14749068511.0
10,2.3978952727983707,1,1,0,3,0,40,3.713572066704308,1,1,0,5,0,32,3.4965075614664802,1,2,2,4,2,2,1,10530.0
84,4.442651256490317,1,0,4,0,4,50,3.9318256327243257,1,2,0,1,0,78,4.3694478524670215,1,0,3,1,8,2,0,9456.0
34,3.5553480614894135,1,1,4,6,4,37,3.6375861597263857,0,1,2,2,7,60,4.110873864173311,1,0,0,4,0,1,0,4796413.0
41,3.7376696182833684,0,2,1,6,1,62,4.143134726391533,1,2,2,6,2,49,3.912023005428146,0,1,4,0,9,1,0,1187.0
26,3.295836866004329,1,2,1,5,6,85,4.454347296253507,0,1,0,1,5,81,4.406719247264253,0,0,1,4,1,1,0,917865.0
40,3.713572066704308,1,1,0,5,0,90,4.51085950651685,1,0,0,6,0,83,4.430816798843313,0,2,3,6,3,1,0,5029640871.0
65,4.189654742026425,0,2,0,2,5,34,3.5553480614894135,1,1,4,6,4,55,4.02535169073515,0,1,0,6,5,1,0,1225461.0
37,3.6375861597263857,0,1,2,2,7,70,4.2626798770413155,1,1,0,0,0,64,4.174387269895637,1,1,4,1,4,1,0,2200995667.0
79,4.382026634673881,0,1,4,2,9,51,3.9512437185814275,0,0,1,2,1,35,3.58351893845611,0,2,0,0,5,1,0,1351345.0
52,3.970291913552122,1,1,2,3,2,78,4.3694478524670215,1,0,3,1,8,37,3.6375861597263857,0,1,2,2,7,1,0,484197.0
60,4.110873864173311,1,0,0,4,0,51,3.9512437185814275,0,0,1,2,1,87,4.477336814478207,0,0,2,3,7,3,0,50.0
30,3.4339872044851463,1,0,0,2,0,59,4.0943445622221,0,2,4,3,9,58,4.07753744390572,1,1,3,2,8,1,0,1138979.0
43,3.784189633918261,0,1,3,1,3,35,3.58351893845611,0,2,0,0,5,16,2.833213344056216,1,1,1,2,6,1,0,3231.0
77,4.356708826689592,0,2,2,0,7,47,3.871201010907891,0,2,2,5,7,89,4.499809670330265,0,2,4,5,9,1,0,132915103.0
44,3.8066624897703196,1,2,4,2,4,79,4.382026634673881,0,1,4,2,9,53,3.9889840465642745,0,2,3,4,3,1,0,868889.0
66,4.204692619390966,1,0,1,3,6,76,4.343805421853684,1,1,1,6,6,86,4.465908118654584,1,2,1,2,6,2,0,424.0
54,4.007333185232471,1,0,4,5,4,62,4.143134726391533,1,2,2,6,2,66,4.204692619390966,1,0,1,3,6,2,0,2927230.0
60,4.110873864173311,1,0,0,4,0,77,4.356708826689592,0,2,2,0,7,59,4.0943445622221,0,2,4,3,9,1,0,10718409.0
47,3.871201010907891,0,2,2,5,7,45,3.828641396489095,0,0,0,3,5,53,3.9889840465642745,0,2,3,4,3,1,0,18746095.0
61,4.127134385045092,0,1,1,5,1,90,4.51085950651685,1,0,0,6,0,63,4.1588830833596715,0,0,3,0,3,1,0,7644655.0
63,4.1588830833596715,0,0,3,0,3,73,4.30406509320417,0,1,3,3,3,53,3.9889840465642745,0,2,3,4,3,1,0,575004793.0
52,3.970291913552122,1,1,2,3,2,17,2.8903717578961645,0,2,2,3,7,56,4.04305126783455,1,2,1,0,6,1,0,20351.0
12,2.5649493574615367,1,0,2,5,2,69,4.248495242049359,0,0,4,6,9,61,4.127134385045092,0,1,1,5,1,1,0,54055.0
61,4.127134385045092,0,1,1,5,1,60,4.110873864173311,1,0,0,4,0,17,2.8903717578961645,0,2,2,3,7,1,0,6456.0
81,4.406719247264253,0,0,1,4,1,73,4.30406509320417,0,1,3,3,3,79,4.382026634673881,0,1,4,2,9,1,0,8256371.0
51,3.9512437185814275,0,0,1,2,1,47,3.871201010907891,0,2,2,5,7,79,4.382026634673881,0,1,4,2,9,1,0,87342787.0
86,4.465908118654584,1,2,1,2,6,79,4.382026634673881,0,1,4,2,9,89,4.499809670330265,0,2,4,5,9,1,0,250596.0
29,3.4011973816621555,0,2,4,1,9,67,4.219507705176107,0,1,2,4,7,54,4.007333185232471,1,0,4,5,4,1,0,726218.0
51,3.9512437185814275,0,0,1,2,1,56,4.04305126783455,1,2,1,0,6,23,3.1780538303479458,0,2,3,2,3,1,0,120.0
73,4.30406509320417,0,1,3,3,3,52,3.970291913552122,1,1,2,3,2,70,4.2626798770413155,1,1,0,0,0,1,0,278313.0
90,4.51085950651685,1,0,0,6,0,44,3.8066624897703196,1,2,4,2,4,65,4.189654742026425,0,2,0,2,5,1,0,39813003.0
46,3.8501476017100584,1,1,1,4,6,33,3.5263605246161616,0,0,3,5,3,63,4.1588830833596715,0,0,3,0,3,1,0,28358.0
50,3.9318256327243257,1,2,0,1,0,74,4.31748811353631,1,2,4,4,4,80,4.394449154672439,1,2,0,3,0,2,0,402805.0
71,4.276666119016055,0,2,1,1,1,86,4.465908118654584,1,2,1,2,6,27,3.332204510175204,0,0,2,6,7,1,0,190609.0
42,3.7612001156935624,1,0,2,0,2,79,4.382026634673881,0,1,4,2,9,69,4.248495242049359,0,0,4,6,9,1,0,911492.0
83,4.430816798843313,0,2,3,6,3,79,4.382026634673881,0,1,4,2,9,57,4.060443010546419,0,0,2,1,7,1,0,10321833603.0
69,4.248495242049359,0,0,4,6,9,81,4.406719247264253,0,0,1,4,1,14,2.70805020110221,1,2,4,0,4,1,0,214231.0
87,4.477336814478207,0,0,2,3,7,88,4.48863636973214,1,1,3,4,8,42,3.7612001156935624,1,0,2,0,2,1,0,6066023471.0
35,3.58351893845611,0,2,0,0,5,44,3.8066624897703196,1,2,4,2,4,64,4.174387269895637,1,1,4,1,4,1,0,28599579.0
61,4.127134385045092,0,1,1,5,1,40,3.713572066704308,1,1,0,5,0,58,4.07753744390572,1,1,3,2,8,1,0,220971811.0
73,4.30406509320417,0,1,3,3,3,51,3.9512437185814275,0,0,1,2,1,73,4.30406509320417,0,1,3,3,3,1,1,2336255.0
41,3.7376696182833684,0,2,1,6,1,62,4.143134726391533,1,2,2,6,2,25,3.258096538021482,0,1,0,4,5,1,0,1833717.0
58,4.07753744390572,1,1,3,2,8,86,4.465908118654584,1,2,1,2,6,90,4.51085950651685,1,0,0,6,0,2,0,23377654.0
80,4.394449154672439,1,2,0,3,0,89,4.499809670330265,0,2,4,5,9,23,3.1780538303479458,0,2,3,2,3,1,0,102288.0
57,4.060443010546419,0,0,2,1,7,41,3.7376696182833684,0,2,1,6,1,74,4.31748811353631,1,2,4,4,4,1,0,106729.0
50,3.9318256327243257,1,2,0,1,0,59,4.0943445622221,0,2,4,3,9,73,4.30406509320417,0,1,3,3,3,1,0,108985.0
28,3.367295829986474,1,1,3,0,8,83,4.430816798843313,0,2,3,6,3,69,4.248495242049359,0,0,4,6,9,1,0,350777.0
51,3.9512437185814275,0,0,1,2,1,50,3.9318256327243257,1,2,0,1,0,36,3.6109179126442243,1,0,1,1,6,1,0,1610383.0
22,3.1354942159291497,1,1,2,1,2,27,3.332204510175204,0,0,2,6,7,46,3.8501476017100584,1,1,1,4,6,1,0,367675.0
37,3.6375861597263857,0,1,2,2,7,55,4.02535169073515,0,1,0,6,5,56,4.04305126783455,1,2,1,0,6,1,0,2409091.0
51,3.9512437185814275,0,0,1,2,1,69,4.248495242049359,0,0,4,6,9,63,4.1588830833596715,0,0,3,0,3,3,0,77803.0
75,4.330733340286331,0,0,0,5,5,22,3.1354942159291497,1,1,2,1,2,72,4.290459441148391,1,0,2,2,2,1,0,46371.0
41,3.7376696182833684,0,2,1,6,1,40,3.713572066704308,1,1,0,5,0,66,4.204692619390966,1,0,1,3,6,1,0,33111779.0
71,4.276666119016055,0,2,1,1,1,86,4.465908118654584,1,2,1,2,6,90,4.51085950651685,1,0,0,6,0,1,0,417311.0
46,3.8501476017100584,1,1,1,4,6,58,4.07753744390572,1,1,3,2,8,83,4.430816798843313,0,2,3,6,3,1,0,2898380915.0
51,3.9512437185814275,0,0,1,2,1,14,2.70805020110221,1,2,4,0,4,38,3.6635616461296463,1,2,3,3,8,1,0,7105.0
59,4.0943445622221,0,2,4,3,9,40,3.713572066704308,1,1,0,5,0,48,3.8918202981106265,1,0,3,6,8,1,0,1355421411.0
31,3.4657359027997265,0,1,1,3,1,62,4.143134726391533,1,2,2,6,2,84,4.442651256490317,1,0,4,0,4,1,1,92759761.0
69,4.248495242049359,0,0,4,6,9,73,4.30406509320417,0,1,3,3,3,21,3.091042453358316,0,0,1,0,1,1,0,209321.0
10,2.3978952727983707,1,1,0,3,0,64,4.174387269895637,1,1,4,1,4,55,4.02535169073515,0,1,0,6,5,1,0,9117055.0
73,4.30406509320417,0,1,3,3,3,64,4.174387269895637,1,1,4,1,4,40,3.713572066704308,1,1,0,5,0,1,0,6212813.0
48,3.8918202981106265,1,0,3,6,8,61,4.127134385045092,0,1,1,5,1,53,3.9889840465642745,0,2,3,4,3,1,0,155039.0
16,2.833213344056216,1,1,1,2,6,69,4.248495242049359,0,0,4,6,9,67,4.219507705176107,0,1,2,4,7,1,0,12279.0
23,3.1780538303479458,0,2,3,2,3,20,3.044522437723423,1,2,0,6,0,15,2.772588722239781,0,0,0,1,5,1,0,201.0
71,4.276666119016055,0,2,1,1,1,30,3.4339872044851463,1,0,0,2,0,69,4.248495242049359,0,0,4,6,9,1,0,361684.0
70,4.2626798770413155,1,1,0,0,0,80,4.394449154672439,1,2,0,3,0,79,4.382026634673881,0,1,4,2,9,1,0,15137499335.0
30,3.4339872044851463,1,0,0,2,0,72,4.290459441148391,1,0,2,2,2,73,4.30406509320417,0,1,3,3,3,1,0,1612630427.0
72,4.290459441148391,1,0,2,2,2,88,4.48863636973214,1,1,3,4,8,67,4.219507705176107,0,1,2,4,7,1,0,162286531.0
48,3.8918202981106265,1,0,3,6,8,55,4.02535169073515,0,1,0,6,5,25,3.258096538021482,0,1,0,4,5,1,0,5228.0
85,4.454347296253507,0,1,0,1,5,48,3.8918202981106265,1,0,3,6,8,70,4.2626798770413155,1,1,0,0,0,1,0,67856397.0
52,3.970291913552122,1,1,2,3,2,26,3.295836866004329,1,2,1,5,6,58,4.07753744390572,1,1,3,2,8,2,1,33180.0
41,3.7376696182833684,0,2,1,6,1,25,3.258096538021482,0,1,0,4,5,64,4.174387269895637,1,1,4,1,4,1,0,24.0
85,4.454347296253507,0,1,0,1,5,79,4.382026634673881,0,1,4,2,9,76,4.343805421853684,1,1,1,6,6,1,0,931847.0
42,3.7612001156935624,1,0,2,0,2,25,3.258096538021482,0,1,0,4,5,44,3.8066624897703196,1,2,4,2,4,1,0,30917165.0
16,2.833213344056216,1,1,1,2,6,89,4.499809670330265,0,2,4,5,9,79,4.382026634673881,0,1,4,2,9,1,0,931211.0
77,4.356708826689592,0,2,2,0,7,28,3.367295829986474,1,1,3,0,8,80,4.394449154672439,1,2,0,3,0,1,0,64008003.0
78,4.3694478524670215,1,0,3,1,8,51,3.9512437185814275,0,0,1,2,1,78,4.3694478524670215,1,0,3,1,8,3,1,34627.0
78,4.3694478524670215,1,0,3,1,8,82,4.418840607796598,1,1,2,5,2,70,4.2626798770413155,1,1,0,0,0,2,0,2967912.0
87,4.477336814478207,0,0,2,3,7,70,4.2626798770413155,1,1,0,0,0,59,4.0943445622221,0,2,4,3,9,1,0,61139.0
83,4.430816798843313,0,2,3,6,3,17,2.8903717578961645,0,2,2,3,7,67,4.219507705176107,0,1,2,4,7,1,0,40002011.0
41,3.7376696182833684,0,2,1,6,1,25,3.258096538021482,0,1,0,4,5,30,3.4339872044851463,1,0,0,2,0,1,0,227127.0
84,4.442651256490317,1,0,4,0,4,58,4.07753744390572,1,1,3,2,8,64,4.174387269895637,1,1,4,1,4,2,0,1381732.0
17,2.8903717578961645,0,2,2,3,7,23,3.1780538303479458,0,2,3,2,3,29,3.4011973816621555,0,2,4,1,9,1,0,25561303.0
72,4.290459441148391,1,0,2,2,2,84,4.442651256490317,1,0,4,0,4,23,3.1780538303479458,0,2,3,2,3,1,0,13594987.0
61,4.127134385045092,0,1,1,5,1,52,3.970291913552122,1,1,2,3,2,12,2.5649493574615367,1,0,2,5,2,1,0,3519935.0
84,4.442651256490317,1,0,4,0,4,65,4.189654742026425,0,2,0,2,5,61,4.127134385045092,0,1,1,5,1,1,0,2035992.0
87,4.477336814478207,0,0,2,3,7,73,4.30406509320417,0,1,3,3,3,81,4.406719247264253,0,0,1,4,1,1,0,19271730863.0
19,2.995732273553991,0,1,4,5,9,33,3.5263605246161616,0,0,3,5,3,45,3.828641396489095,0,0,0,3,5,1,0,62974991.0
39,3.6888794541139363,0,0,4,4,9,29,3.4011973816621555,0,2,4,1,9,57,4.060443010546419,0,0,2,1,7,1,0,305048647.0
15,2.772588722239781,0,0,0,1,5,49,3.912023005428146,0,1,4,0,9,40,3.713572066704308,1,1,0,5,0,1,0,22065.0
79,4.382026634673881,0,1,4,2,9,87,4.477336814478207,0,0,2,3,7,86,4.465908118654584,1,2,1,2,6,1,0,96659364.0
72,4.290459441148391,1,0,2,2,2,66,4.204692619390966,1,0,1,3,6,46,3.8501476017100584,1,1,1,4,6,2,0,985865.0
50,3.9318256327243257,1,2,0,1,0,64,4.174387269895637,1,1,4,1,4,63,4.1588830833596715,0,0,3,0,3,1,0,1640589.0
36,3.6109179126442243,1,0,1,1,6,34,3.5553480614894135,1,1,4,6,4,16,2.833213344056216,1,1,1,2,6,2,0,1268.0
53,3.9889840465642745,0,2,3,4,3,52,3.970291913552122,1,1,2,3,2,74,4.31748811353631,1,2,4,4,4,1,0,136675671.0
90,4.51085950651685,1,0,0,6,0,70,4.2626798770413155,1,1,0,0,0,46,3.8501476017100584,1,1,1,4,6,2,0,921742.0
65,4.189654742026425,0,2,0,2,5,18,2.9444389791664403,1,0,3,4,8,79,4.382026634673881,0,1,4,2,9,1,0,4670.0
59,4.0943445622221,0,2,4,3,9,72,4.290459441148391,1,0,2,2,2,33,3.5263605246161616,0,0,3,5,3,1,0,428511.0
68,4.23410650459726,1,2,3,5,8,12,2.5649493574615367,1,0,2,5,2,59,4.0943445622221,0,2,4,3,9,1,0,4548795.0
40,3.713572066704308,1,1,0,5,0,64,4.174387269895637,1,1,4,1,4,36,3.6109179126442243,1,0,1,1,6,4,0,6709.0
55,4.02535169073515,0,1,0,6,5,59,4.0943445622221,0,2,4,3,9,81,4.406719247264253,0,0,1,4,1,1,0,42455195.0
50,3.9318256327243257,1,2,0,1,0,71,4.276666119016055,0,2,1,1,1,90,4.51085950651685,1,0,0,6,0,1,0,77618787.0
35,3.58351893845611,0,2,0,0,5,27,3.332204510175204,0,0,2,6,7,13,2.6390573296152584,0,1,3,6,3,1,0,6705.0
50,3.9318256327243257,1,2,0,1,0,59,4.0943445622221,0,2,4,3,9,54,4.007333185232471,1,0,4,5,4,1,0,6059.0
27,3.332204510175204,0,0,2,6,7,54,4.007333185232471,1,0,4,5,4,36,3.6109179126442243,1,0,1,1,6,9,1,3481.0
21,3.091042453358316,0,0,1,0,1,21,3.091042453358316,0,0,1,0,1,21,3.091042453358316,0,0,1,0,1,21,3,19.0
77,4.356708826689592,0,2,2,0,7,40,3.713572066704308,1,1,0,5,0,65,4.189654742026425,0,2,0,2,5,1,0,2790444.0
63,4.1588830833596715,0,0,3,0,3,78,4.3694478524670215,1,0,3,1,8,63,4.1588830833596715,0,0,3,0,3,3,1,2292.0
42,3.7612001156935624,1,0,2,0,2,38,3.6635616461296463,1,2,3,3,8,70,4.2626798770413155,1,1,0,0,0,2,0,9594098.0
26,3.295836866004329,1,2,1,5,6,69,4.248495242049359,0,0,4,6,9,56,4.04305126783455,1,2,1,0,6,1,0,42053.0
39,3.6888794541139363,0,0,4,4,9,12,2.5649493574615367,1,0,2,5,2,34,3.5553480614894135,1,1,4,6,4,1,0,22988327.0
65,4.189654742026425,0,2,0,2,5,42,3.7612001156935624,1,0,2,0,2,42,3.7612001156935624,1,0,2,0,2,1,1,254823.0
46,3.8501476017100584,1,1,1,4,6,57,4.060443010546419,0,0,2,1,7,89,4.499809670330265,0,2,4,5,9,1,0,1410009.0
84,4.442651256490317,1,0,4,0,4,78,4.3694478524670215,1,0,3,1,8,68,4.23410650459726,1,2,3,5,8,2,0,234135474.0
61,4.127134385045092,0,1,1,5,1,41,3.7376696182833684,0,2,1,6,1,40,3.713572066704308,1,1,0,5,0,1,0,35960.0
14,2.70805020110221,1,2,4,0,4,76,4.343805421853684,1,1,1,6,6,79,4.382026634673881,0,1,4,2,9,1,0,218071631.0
71,4.276666119016055,0,2,1,1,1,88,4.48863636973214,1,1,3,4,8,39,3.6888794541139363,0,0,4,4,9,1,0,765273.0
44,3.8066624897703196,1,2,4,2,4,28,3.367295829986474,1,1,3,0,8,45,3.828641396489095,0,0,0,3,5,1,0,44584985.0
54,4.007333185232471,1,0,4,5,4,25,3.258096538021482,0,1,0,4,5,78,4.3694478524670215,1,0,3,1,8,1,0,1176989.0
73,4.30406509320417,0,1,3,3,3,25,3.258096538021482,0,1,0,4,5,70,4.2626798770413155,1,1,0,0,0,1,0,1645653.0
69,4.248495242049359,0,0,4,6,9,90,4.51085950651685,1,0,0,6,0,40,3.713572066704308,1,1,0,5,0,1,0,2945759435.0
89,4.499809670330265,0,2,4,5,9,59,4.0943445622221,0,2,4,3,9,45,3.828641396489095,0,0,0,3,5,1,0,48515.0
30,3.4339872044851463,1,0,0,2,0,40,3.713572066704308,1,1,0,5,0,22,3.1354942159291497,1,1,2,1,2,2,0,54.0
48,3.8918202981106265,1,0,3,6,8,44,3.8066624897703196,1,2,4,2,4,11,2.4849066497880004,0,2,1,4,1,1,1,46555.0
55,4.02535169073515,0,1,0,6,5,49,3.912023005428146,0,1,4,0,9,31,3.4657359027997265,0,1,1,3,1,1,0,29468111.0
38,3.6635616461296463,1,2,3,3,8,36,3.6109179126442243,1,0,1,1,6,35,3.58351893845611,0,2,0,0,5,1,0,4647255.0
58,4.07753744390572,1,1,3,2,8,35,3.58351893845611,0,2,0,0,5,26,3.295836866004329,1,2,1,5,6,1,0,1474193.0
10,2.3978952727983707,1,1,0,3,0,72,4.290459441148391,1,0,2,2,2,65,4.189654742026425,0,2,0,2,5,1,0,33574179.0
61,4.127134385045092,0,1,1,5,1,90,4.51085950651685,1,0,0,6,0,40,3.713572066704308,1,1,0,5,0,1,0,2229347.0
65,4.189654742026425,0,2,0,2,5,64,4.174387269895637,1,1,4,1,4,75,4.330733340286331,0,0,0,5,5,1,0,14478823.0
68,4.23410650459726,1,2,3,5,8,81,4.406719247264253,0,0,1,4,1,53,3.9889840465642745,0,2,3,4,3,1,0,4986.0
51,3.9512437185814275,0,0,1,2,1,87,4.477336814478207,0,0,2,3,7,63,4.1588830833596715,0,0,3,0,3,3,0,31445.0
78,4.3694478524670215,1,0,3,1,8,30,3.4339872044851463,1,0,0,2,0,54,4.007333185232471,1,0,4,5,4,6,0,9490.0
47,3.871201010907891,0,2,2,5,7,36,3.6109179126442243,1,0,1,1,6,35,3.58351893845611,0,2,0,0,5,1,0,1458.0
89,4.499809670330265,0,2,4,5,9,23,3.1780538303479458,0,2,3,2,3,67,4.219507705176107,0,1,2,4,7,1,0,8221445.0
68,4.23410650459726,1,2,3,5,8,40,3.713572066704308,1,1,0,5,0,86,4.465908118654584,1,2,1,2,6,2,0,47262816.0
43,3.784189633918261,0,1,3,1,3,52,3.970291913552122,1,1,2,3,2,83,4.430816798843313,0,2,3,6,3,1,0,56387.0
77,4.356708826689592,0,2,2,0,7,77,4.356708826689592,0,2,2,0,7,30,3.4339872044851463,1,0,0,2,0,1,1,129549.0
71,4.276666119016055,0,2,1,1,1,87,4.477336814478207,0,0,2,3,7,33,3.5263605246161616,0,0,3,5,3,1,0,1580477.0
53,3.9889840465642745,0,2,3,4,3,12,2.5649493574615367,1,0,2,5,2,42,3.7612001156935624,1,0,2,0,2,1,0,7701331.0
87,4.477336814478207,0,0,2,3,7,24,3.2188758248682006,1,0,4,3,4,78,4.3694478524670215,1,0,3,1,8,3,0,1391807.0
16,2.833213344056216,1,1,1,2,6,71,4.276666119016055,0,2,1,1,1,56,4.04305126783455,1,2,1,0,6,1,0,24672539.0
55,4.02535169073515,0,1,0,6,5,77,4.356708826689592,0,2,2,0,7,56,4.04305126783455,1,2,1,0,6,1,0,70322037.0
66,4.204692619390966,1,0,1,3,6,17,2.8903717578961645,0,2,2,3,7,55,4.02535169073515,0,1,0,6,5,1,0,126863.0
82,4.418840607796598,1,1,2,5,2,72,4.290459441148391,1,0,2,2,2,47,3.871201010907891,0,2,2,5,7,1,0,10382615.0
86,4.465908118654584,1,2,1,2,6,79,4.382026634673881,0,1,4,2,9,51,3.9512437185814275,0,0,1,2,1,1,0,128924561.0
61,4.127134385045092,0,1,1,5,1,45,3.828641396489095,0,0,0,3,5,19,2.995732273553991,0,1,4,5,9,1,0,770887.0
49,3.912023005428146,0,1,4,0,9,67,4.219507705176107,0,1,2,4,7,89,4.499809670330265,0,2,4,5,9,1,0,565403161.0
37,3.6375861597263857,0,1,2,2,7,33,3.5263605246161616,0,0,3,5,3,42,3.7612001156935624,1,0,2,0,2,1,0,251249.0
74,4.31748811353631,1,2,4,4,4,22,3.1354942159291497,1,1,2,1,2,83,4.430816798843313,0,2,3,6,3,1,0,76712245.0
53,3.9889840465642745,0,2,3,4,3,59,4.0943445622221,0,2,4,3,9,90,4.51085950651685,1,0,0,6,0,1,0,13028.0
45,3.828641396489095,0,0,0,3,5,75,4.330733340286331,0,0,0,5,5,58,4.07753744390572,1,1,3,2,8,1,0,2882317.0
24,3.2188758248682006,1,0,4,3,4,68,4.23410650459726,1,2,3,5,8,79,4.382026634673881,0,1,4,2,9,1,0,711788307.0
21,3.091042453358316,0,0,1,0,1,39,3.6888794541139363,0,0,4,4,9,33,3.5263605246161616,0,0,3,5,3,3,0,145465.0
39,3.6888794541139363,0,0,4,4,9,34,3.5553480614894135,1,1,4,6,4,25,3.258096538021482,0,1,0,4,5,1,0,36.0
51,3.9512437185814275,0,0,1,2,1,64,4.174387269895637,1,1,4,1,4,74,4.31748811353631,1,2,4,4,4,1,0,198013271.0
75,4.330733340286331,0,0,0,5,5,76,4.343805421853684,1,1,1,6,6,29,3.4011973816621555,0,2,4,1,9,1,0,25354949.0
62,4.143134726391533,1,2,2,6,2,90,4.51085950651685,1,0,0,6,0,45,3.828641396489095,0,0,0,3,5,1,1,2887098439.0
56,4.04305126783455,1,2,1,0,6,88,4.48863636973214,1,1,3,4,8,76,4.343805421853684,1,1,1,6,6,4,0,1059935.0
26,3.295836866004329,1,2,1,5,6,71,4.276666119016055,0,2,1,1,1,47,3.871201010907891,0,2,2,5,7,1,0,58613.0
65,4.189654742026425,0,2,0,2,5,74,4.31748811353631,1,2,4,4,4,81,4.406719247264253,0,0,1,4,1,1,0,153.0
86,4.465908118654584,1,2,1,2,6,84,4.442651256490317,1,0,4,0,4,47,3.871201010907891,0,2,2,5,7,1,0,1899867.0
56,4.04305126783455,1,2,1,0,6,20,3.044522437723423,1,2,0,6,0,38,3.6635616461296463,1,2,3,3,8,2,0,535096.0
35,3.58351893845611,0,2,0,0,5,37,3.6375861597263857,0,1,2,2,7,52,3.970291913552122,1,1,2,3,2,1,0,1927.0
23,3.1780538303479458,0,2,3,2,3,15,2.772588722239781,0,0,0,1,5,20,3.044522437723423,1,2,0,6,0,1,0,201.0
48,3.8918202981106265,1,0,3,6,8,62,4.143134726391533,1,2,2,6,2,66,4.204692619390966,1,0,1,3,6,2,0,891514.0
68,4.23410650459726,1,2,3,5,8,42,3.7612001156935624,1,0,2,0,2,82,4.418840607796598,1,1,2,5,2,2,0,2093.0
33,3.5263605246161616,0,0,3,5,3,20,3.044522437723423,1,2,0,6,0,26,3.295836866004329,1,2,1,5,6,1,0,109.0
87,4.477336814478207,0,0,2,3,7,47,3.871201010907891,0,2,2,5,7,57,4.060443010546419,0,0,2,1,7,1,0,2647936651.0
19,2.995732273553991,0,1,4,5,9,37,3.6375861597263857,0,1,2,2,7,40,3.713572066704308,1,1,0,5,0,1,0,45512.0
49,3.912023005428146,0,1,4,0,9,39,3.6888794541139363,0,0,4,4,9,85,4.454347296253507,0,1,0,1,5,1,0,60067.0
21,3.091042453358316,0,0,1,0,1,53,3.9889840465642745,0,2,3,4,3,48,3.8918202981106265,1,0,3,6,8,1,0,3895.0
48,3.8918202981106265,1,0,3,6,8,34,3.5553480614894135,1,1,4,6,4,24,3.2188758248682006,1,0,4,3,4,2,1,2180788.0
77,4.356708826689592,0,2,2,0,7,88,4.48863636973214,1,1,3,4,8,35,3.58351893845611,0,2,0,0,5,1,0,11443787.0
32,3.4965075614664802,1,2,2,4,2,50,3.9318256327243257,1,2,0,1,0,42,3.7612001156935624,1,0,2,0,2,2,0,9.0
23,3.1780538303479458,0,2,3,2,3,59,4.0943445622221,0,2,4,3,9,52,3.970291913552122,1,1,2,3,2,1,0,93674.0
36,3.6109179126442243,1,0,1,1,6,69,4.248495242049359,0,0,4,6,9,34,3.5553480614894135,1,1,4,6,4,1,0,46590611.0
17,2.8903717578961645,0,2,2,3,7,19,2.995732273553991,0,1,4,5,9,26,3.295836866004329,1,2,1,5,6,1,0,15795.0
60,4.110873864173311,1,0,0,4,0,52,3.970291913552122,1,1,2,3,2,86,4.465908118654584,1,2,1,2,6,2,0,416546.0
86,4.465908118654584,1,2,1,2,6,59,4.0943445622221,0,2,4,3,9,33,3.5263605246161616,0,0,3,5,3,1,0,68154.0
32,3.4965075614664802,1,2,2,4,2,87,4.477336814478207,0,0,2,3,7,65,4.189654742026425,0,2,0,2,5,1,0,2195.0
66,4.204692619390966,1,0,1,3,6,89,4.499809670330265,0,2,4,5,9,90,4.51085950651685,1,0,0,6,0,1,0,18967173415.0
50,3.9318256327243257,1,2,0,1,0,24,3.2188758248682006,1,0,4,3,4,38,3.6635616461296463,1,2,3,3,8,2,0,225.0
57,4.060443010546419,0,0,2,1,7,89,4.499809670330265,0,2,4,5,9,46,3.8501476017100584,1,1,1,4,6,1,0,1410009.0
38,3.6635616461296463,1,2,3,3,8,79,4.382026634673881,0,1,4,2,9,50,3.9318256327243257,1,2,0,1,0,1,0,91716765.0
29,3.4011973816621555,0,2,4,1,9,13,2.6390573296152584,0,1,3,6,3,17,2.8903717578961645,0,2,2,3,7,1,0,61815.0
44,3.8066624897703196,1,2,4,2,4,78,4.3694478524670215,1,0,3,1,8,39,3.6888794541139363,0,0,4,4,9,1,1,414402367.0
82,4.418840607796598,1,1,2,5,2,62,4.143134726391533,1,2,2,6,2,39,3.6888794541139363,0,0,4,4,9,1,0,2191939755.0
47,3.871201010907891,0,2,2,5,7,68,4.23410650459726,1,2,3,5,8,60,4.110873864173311,1,0,0,4,0,1,0,4664811.0
58,4.07753744390572,1,1,3,2,8,41,3.7376696182833684,0,2,1,6,1,61,4.127134385045092,0,1,1,5,1,1,0,32885169.0
51,3.9512437185814275,0,0,1,2,1,56,4.04305126783455,1,2,1,0,6,48,3.8918202981106265,1,0,3,6,8,1,0,12641779.0
43,3.784189633918261,0,1,3,1,3,52,3.970291913552122,1,1,2,3,2,60,4.110873864173311,1,0,0,4,0,1,0,211279323.0
88,4.48863636973214,1,1,3,4,8,76,4.343805421853684,1,1,1,6,6,72,4.290459441148391,1,0,2,2,2,4,0,204725.0
70,4.2626798770413155,1,1,0,0,0,51,3.9512437185814275,0,0,1,2,1,31,3.4657359027997265,0,1,1,3,1,1,0,427.0
87,4.477336814478207,0,0,2,3,7,27,3.332204510175204,0,0,2,6,7,76,4.343805421853684,1,1,1,6,6,1,0,321560.0
83,4.430816798843313,0,2,3,6,3,65,4.189654742026425,0,2,0,2,5,82,4.418840607796598,1,1,2,5,2,1,0,144261.0
16,2.833213344056216,1,1,1,2,6,32,3.4965075614664802,1,2,2,4,2,32,3.4965075614664802,1,2,2,4,2,16,3,50.0
48,3.8918202981106265,1,0,3,6,8,75,4.330733340286331,0,0,0,5,5,88,4.48863636973214,1,1,3,4,8,1,0,10353443.0
88,4.48863636973214,1,1,3,4,8,42,3.7612001156935624,1,0,2,0,2,90,4.51085950651685,1,0,0,6,0,2,0,96512.0
79,4.382026634673881,0,1,4,2,9,53,3.9889840465642745,0,2,3,4,3,52,3.970291913552122,1,1,2,3,2,1,0,77810.0
55,4.02535169073515,0,1,0,6,5,60,4.110873864173311,1,0,0,4,0,56,4.04305126783455,1,2,1,0,6,1,0,3567864339.0
32,3.4965075614664802,1,2,2,4,2,20,3.044522437723423,1,2,0,6,0,30,3.4339872044851463,1,0,0,2,0,2,0,13670.0
73,4.30406509320417,0,1,3,3,3,56,4.04305126783455,1,2,1,0,6,71,4.276666119016055,0,2,1,1,1,1,0,3110629.0
31,3.4657359027997265,0,1,1,3,1,56,4.04305126783455,1,2,1,0,6,45,3.828641396489095,0,0,0,3,5,1,0,7845.0
46,3.8501476017100584,1,1,1,4,6,72,4.290459441148391,1,0,2,2,2,40,3.713572066704308,1,1,0,5,0,2,0,199598.0
41,3.7376696182833684,0,2,1,6,1,59,4.0943445622221,0,2,4,3,9,57,4.060443010546419,0,0,2,1,7,1,0,8761027.0
42,3.7612001156935624,1,0,2,0,2,85,4.454347296253507,0,1,0,1,5,66,4.204692619390966,1,0,1,3,6,1,0,3229554623.0
32,3.4965075614664802,1,2,2,4,2,67,4.219507705176107,0,1,2,4,7,63,4.1588830833596715,0,0,3,0,3,1,0,216.0
41,3.7376696182833684,0,2,1,6,1,67,4.219507705176107,0,1,2,4,7,78,4.3694478524670215,1,0,3,1,8,1,0,19013.0
51,3.9512437185814275,0,0,1,2,1,46,3.8501476017100584,1,1,1,4,6,54,4.007333185232471,1,0,4,5,4,1,0,38262737.0
78,4.3694478524670215,1,0,3,1,8,90,4.51085950651685,1,0,0,6,0,40,3.713572066704308,1,1,0,5,0,2,0,67256.0
50,3.9318256327243257,1,2,0,1,0,37,3.6375861597263857,0,1,2,2,7,17,2.8903717578961645,0,2,2,3,7,1,0,53.0
72,4.290459441148391,1,0,2,2,2,25,3.258096538021482,0,1,0,4,5,75,4.330733340286331,0,0,0,5,5,1,1,15775885.0
90,4.51085950651685,1,0,0,6,0,86,4.465908118654584,1,2,1,2,6,41,3.7376696182833684,0,2,1,6,1,1,0,315265.0
63,4.1588830833596715,0,0,3,0,3,53,3.9889840465642745,0,2,3,4,3,90,4.51085950651685,1,0,0,6,0,1,0,8564.0
60,4.110873864173311,1,0,0,4,0,83,4.430816798843313,0,2,3,6,3,82,4.418840607796598,1,1,2,5,2,1,0,12243107007.0
40,3.713572066704308,1,1,0,5,0,27,3.332204510175204,0,0,2,6,7,65,4.189654742026425,0,2,0,2,5,1,0,6641.0
41,3.7376696182833684,0,2,1,6,1,72,4.290459441148391,1,0,2,2,2,79,4.382026634673881,0,1,4,2,9,1,0,14942094.0
38,3.6635616461296463,1,2,3,3,8,86,4.465908118654584,1,2,1,2,6,90,4.51085950651685,1,0,0,6,0,2,0,906610.0
30,3.4339872044851463,1,0,0,2,0,57,4.060443010546419,0,0,2,1,7,57,4.060443010546419,0,0,2,1,7,3,1,793.0
61,4.127134385045092,0,1,1,5,1,57,4.060443010546419,0,0,2,1,7,80,4.394449154672439,1,2,0,3,0,1,0,16442.0
73,4.30406509320417,0,1,3,3,3,11,2.4849066497880004,0,2,1,4,1,77,4.356708826689592,0,2,2,0,7,1,1,92340623.0
84,4.442651256490317,1,0,4,0,4,39,3.6888794541139363,0,0,4,4,9,47,3.871201010907891,0,2,2,5,7,1,0,201063.0
62,4.143134726391533,1,2,2,6,2,75,4.330733340286331,0,0,0,5,5,76,4.343805421853684,1,1,1,6,6,1,0,1130952793.0
38,3.6635616461296463,1,2,3,3,8,23,3.1780538303479458,0,2,3,2,3,58,4.07753744390572,1,1,3,2,8,1,0,65688107.0
49,3.912023005428146,0,1,4,0,9,54,4.007333185232471,1,0,4,5,4,13,2.6390573296152584,0,1,3,6,3,1,0,369.0
32,3.4965075614664802,1,2,2,4,2,24,3.2188758248682006,1,0,4,3,4,19,2.995732273553991,0,1,4,5,9,1,0,4165541.0
76,4.343805421853684,1,1,1,6,6,86,4.465908118654584,1,2,1,2,6,68,4.23410650459726,1,2,3,5,8,2,0,230018994.0
17,2.8903717578961645,0,2,2,3,7,59,4.0943445622221,0,2,4,3,9,55,4.02535169073515,0,1,0,6,5,1,0,189141587.0
45,3.828641396489095,0,0,0,3,5,73,4.30406509320417,0,1,3,3,3,61,4.127134385045092,0,1,1,5,1,1,0,40889395.0
39,3.6888794541139363,0,0,4,4,9,60,4.110873864173311,1,0,0,4,0,78,4.3694478524670215,1,0,3,1,8,3,1,2903633.0
21,3.091042453358316,0,0,1,0,1,13,2.6390573296152584,0,1,3,6,3,26,3.295836866004329,1,2,1,5,6,1,1,4629.0
46,3.8501476017100584,1,1,1,4,6,45,3.828641396489095,0,0,0,3,5,13,2.6390573296152584,0,1,3,6,3,1,0,11225.0
49,3.912023005428146,0,1,4,0,9,54,4.007333185232471,1,0,4,5,4,72,4.290459441148391,1,0,2,2,2,1,0,3078032027.0
23,3.1780538303479458,0,2,3,2,3,28,3.367295829986474,1,1,3,0,8,44,3.8066624897703196,1,2,4,2,4,1,0,161.0
28,3.367295829986474,1,1,3,0,8,40,3.713572066704308,1,1,0,5,0,13,2.6390573296152584,0,1,3,6,3,1,0,7571.0
38,3.6635616461296463,1,2,3,3,8,61,4.127134385045092,0,1,1,5,1,87,4.477336814478207,0,0,2,3,7,1,0,377673.0
64,4.174387269895637,1,1,4,1,4,32,3.4965075614664802,1,2,2,4,2,39,3.6888794541139363,0,0,4,4,9,1,1,280080267.0
66,4.204692619390966,1,0,1,3,6,73,4.30406509320417,0,1,3,3,3,18,2.9444389791664403,1,0,3,4,8,1,0,2581.0
53,3.9889840465642745,0,2,3,4,3,14,2.70805020110221,1,2,4,0,4,42,3.7612001156935624,1,0,2,0,2,1,1,4731.0
66,4.204692619390966,1,0,1,3,6,12,2.5649493574615367,1,0,2,5,2,66,4.204692619390966,1,0,1,3,6,6,1,43.0
25,3.258096538021482,0,1,0,4,5,34,3.5553480614894135,1,1,4,6,4,50,3.9318256327243257,1,2,0,1,0,1,1,16070601.0
77,4.356708826689592,0,2,2,0,7,73,4.30406509320417,0,1,3,3,3,73,4.30406509320417,0,1,3,3,3,1,1,2285451.0
37,3.6375861597263857,0,1,2,2,7,29,3.4011973816621555,0,2,4,1,9,16,2.833213344056216,1,1,1,2,6,1,0,54.0
35,3.58351893845611,0,2,0,0,5,76,4.343805421853684,1,1,1,6,6,60,4.110873864173311,1,0,0,4,0,1,0,1573569939.0
87,4.477336814478207,0,0,2,3,7,69,4.248495242049359,0,0,4,6,9,79,4.382026634673881,0,1,4,2,9,1,0,97505891.0
50,3.9318256327243257,1,2,0,1,0,72,4.290459441148391,1,0,2,2,2,78,4.3694478524670215,1,0,3,1,8,2,0,60767.0
81,4.406719247264253,0,0,1,4,1,47,3.871201010907891,0,2,2,5,7,61,4.127134385045092,0,1,1,5,1,1,0,410165369.0
42,3.7612001156935624,1,0,2,0,2,14,2.70805020110221,1,2,4,0,4,34,3.5553480614894135,1,1,4,6,4,2,1,478676.0
90,4.51085950651685,1,0,0,6,0,62,4.143134726391533,1,2,2,6,2,69,4.248495242049359,0,0,4,6,9,1,0,10187330167.0
38,3.6635616461296463,1,2,3,3,8,81,4.406719247264253,0,0,1,4,1,63,4.1588830833596715,0,0,3,0,3,1,0,2128833.0
57,4.060443010546419,0,0,2,1,7,40,3.713572066704308,1,1,0,5,0,54,4.007333185232471,1,0,4,5,4,1,0,1642707947.0
82,4.418840607796598,1,1,2,5,2,16,2.833213344056216,1,1,1,2,6,81,4.406719247264253,0,0,1,4,1,1,0,95881.0
42,3.7612001156935624,1,0,2,0,2,83,4.430816798843313,0,2,3,6,3,51,3.9512437185814275,0,0,1,2,1,1,0,18019905.0
42,3.7612001156935624,1,0,2,0,2,31,3.4657359027997265,0,1,1,3,1,48,3.8918202981106265,1,0,3,6,8,1,0,20027715.0
80,4.394449154672439,1,2,0,3,0,86,4.465908118654584,1,2,1,2,6,30,3.4339872044851463,1,0,0,2,0,2,0,1695.0
81,4.406719247264253,0,0,1,4,1,37,3.6375861597263857,0,1,2,2,7,52,3.970291913552122,1,1,2,3,2,1,0,638.0
76,4.343805421853684,1,1,1,6,6,53,3.9889840465642745,0,2,3,4,3,40,3.713572066704308,1,1,0,5,0,1,0,173534529.0
55,4.02535169073515,0,1,0,6,5,81,4.406719247264253,0,0,1,4,1,68,4.23410650459726,1,2,3,5,8,1,0,110714441.0
76,4.343805421853684,1,1,1,6,6,34,3.5553480614894135,1,1,4,6,4,62,4.143134726391533,1,2,2,6,2,2,0,98142.0
81,4.406719247264253,0,0,1,4,1,24,3.2188758248682006,1,0,4,3,4,86,4.465908118654584,1,2,1,2,6,1,0,1168529851.0
80,4.394449154672439,1,2,0,3,0,28,3.367295829986474,1,1,3,0,8,87,4.477336814478207,0,0,2,3,7,1,0,35529099.0
35,3.58351893845611,0,2,0,0,5,57,4.060443010546419,0,0,2,1,7,50,3.9318256327243257,1,2,0,1,0,1,0,299.0
55,4.02535169073515,0,1,0,6,5,69,4.248495242049359,0,0,4,6,9,65,4.189654742026425,0,2,0,2,5,1,0,5562008775.0
74,4.31748811353631,1,2,4,4,4,49,3.912023005428146,0,1,4,0,9,34,3.5553480614894135,1,1,4,6,4,1,0,69161001.0
44,3.8066624897703196,1,2,4,2,4,46,3.8501476017100584,1,1,1,4,6,65,4.189654742026425,0,2,0,2,5,1,0,7037697.0
53,3.9889840465642745,0,2,3,4,3,83,4.430816798843313,0,2,3,6,3,60,4.110873864173311,1,0,0,4,0,1,0,37827.0
27,3.332204510175204,0,0,2,6,7,54,4.007333185232471,1,0,4,5,4,64,4.174387269895637,1,1,4,1,4,1,1,634573727.0
39,3.6888794541139363,0,0,4,4,9,64,4.174387269895637,1,1,4,1,4,41,3.7376696182833684,0,2,1,6,1,1,0,3142146.0
19,2.995732273553991,0,1,4,5,9,15,2.772588722239781,0,0,0,1,5,22,3.1354942159291497,1,1,2,1,2,1,0,2327.0
72,4.290459441148391,1,0,2,2,2,89,4.499809670330265,0,2,4,5,9,19,2.995732273553991,0,1,4,5,9,1,0,196851.0
40,3.713572066704308,1,1,0,5,0,40,3.713572066704308,1,1,0,5,0,39,3.6888794541139363,0,0,4,4,9,1,1,3243.0
62,4.143134726391533,1,2,2,6,2,73,4.30406509320417,0,1,3,3,3,72,4.290459441148391,1,0,2,2,2,1,0,1001973613.0
84,4.442651256490317,1,0,4,0,4,54,4.007333185232471,1,0,4,5,4,36,3.6109179126442243,1,0,1,1,6,6,0,121046.0
66,4.204692619390966,1,0,1,3,6,43,3.784189633918261,0,1,3,1,3,87,4.477336814478207,0,0,2,3,7,1,0,27419.0
74,4.31748811353631,1,2,4,4,4,64,4.174387269895637,1,1,4,1,4,66,4.204692619390966,1,0,1,3,6,2,0,57623.0
25,3.258096538021482,0,1,0,4,5,20,3.044522437723423,1,2,0,6,0,29,3.4011973816621555,0,2,4,1,9,1,0,11228.0
18,2.9444389791664403,1,0,3,4,8,50,3.9318256327243257,1,2,0,1,0,42,3.7612001156935624,1,0,2,0,2,2,0,1759518.0
57,4.060443010546419,0,0,2,1,7,88,4.48863636973214,1,1,3,4,8,62,4.143134726391533,1,2,2,6,2,1,0,262787.0
70,4.2626798770413155,1,1,0,0,0,21,3.091042453358316,0,0,1,0,1,68,4.23410650459726,1,2,3,5,8,1,0,60819469.0
48,3.8918202981106265,1,0,3,6,8,56,4.04305126783455,1,2,1,0,6,60,4.110873864173311,1,0,0,4,0,4,0,2680065.0
15,2.772588722239781,0,0,0,1,5,46,3.8501476017100584,1,1,1,4,6,50,3.9318256327243257,1,2,0,1,0,1,0,1113667.0
47,3.871201010907891,0,2,2,5,7,76,4.343805421853684,1,1,1,6,6,74,4.31748811353631,1,2,4,4,4,1,0,12291179.0
28,3.367295829986474,1,1,3,0,8,57,4.060443010546419,0,0,2,1,7,82,4.418840607796598,1,1,2,5,2,1,0,1001811.0
88,4.48863636973214,1,1,3,4,8,20,3.044522437723423,1,2,0,6,0,75,4.330733340286331,0,0,0,5,5,1,0,3251411.0
44,3.8066624897703196,1,2,4,2,4,36,3.6109179126442243,1,0,1,1,6,30,3.4339872044851463,1,0,0,2,0,2,0,202354.0
65,4.189654742026425,0,2,0,2,5,66,4.204692619390966,1,0,1,3,6,30,3.4339872044851463,1,0,0,2,0,1,0,1263768319.0
61,4.127134385045092,0,1,1,5,1,53,3.9889840465642745,0,2,3,4,3,65,4.189654742026425,0,2,0,2,5,1,0,87681113.0
28,3.367295829986474,1,1,3,0,8,32,3.4965075614664802,1,2,2,4,2,41,3.7376696182833684,0,2,1,6,1,1,0,22670585.0
33,3.5263605246161616,0,0,3,5,3,37,3.6375861597263857,0,1,2,2,7,64,4.174387269895637,1,1,4,1,4,1,0,25958.0
13,2.6390573296152584,0,1,3,6,3,38,3.6635616461296463,1,2,3,3,8,45,3.828641396489095,0,0,0,3,5,1,0,20565.0
27,3.332204510175204,0,0,2,6,7,66,4.204692619390966,1,0,1,3,6,56,4.04305126783455,1,2,1,0,6,1,0,688281127.0
66,4.204692619390966,1,0,1,3,6,73,4.30406509320417,0,1,3,3,3,58,4.07753744390572,1,1,3,2,8,1,0,9380727.0
63,4.1588830833596715,0,0,3,0,3,45,3.828641396489095,0,0,0,3,5,73,4.30406509320417,0,1,3,3,3,1,0,10079.0
67,4.219507705176107,0,1,2,4,7,42,3.7612001156935624,1,0,2,0,2,52,3.970291913552122,1,1,2,3,2,1,0,23439161.0
70,4.2626798770413155,1,1,0,0,0,76,4.343805421853684,1,1,1,6,6,68,4.23410650459726,1,2,3,5,8,2,0,169948266.0
49,3.912023005428146,0,1,4,0,9,32,3.4965075614664802,1,2,2,4,2,33,3.5263605246161616,0,0,3,5,3,1,0,253.0
51,3.9512437185814275,0,0,1,2,1,68,4.23410650459726,1,2,3,5,8,90,4.51085950651685,1,0,0,6,0,1,0,5903590303.0
53,3.9889840465642745,0,2,3,4,3,55,4.02535169073515,0,1,0,6,5,65,4.189654742026425,0,2,0,2,5,1,0,395756121.0
60,4.110873864173311,1,0,0,4,0,33,3.5263605246161616,0,0,3,5,3,62,4.143134726391533,1,2,2,6,2,1,0,1344019507.0
48,3.8918202981106265,1,0,3,6,8,73,4.30406509320417,0,1,3,3,3,26,3.295836866004329,1,2,1,5,6,1,0,48382755.0
38,3.6635616461296463,1,2,3,3,8,52,3.970291913552122,1,1,2,3,2,40,3.713572066704308,1,1,0,5,0,2,0,55406.0
36,3.6109179126442243,1,0,1,1,6,32,3.4965075614664802,1,2,2,4,2,25,3.258096538021482,0,1,0,4,5,1,0,144510903.0
13,2.6390573296152584,0,1,3,6,3,44,3.8066624897703196,1,2,4,2,4,41,3.7376696182833684,0,2,1,6,1,1,0,1400.0
73,4.30406509320417,0,1,3,3,3,68,4.23410650459726,1,2,3,5,8,68,4.23410650459726,1,2,3,5,8,1,1,204177.0
87,4.477336814478207,0,0,2,3,7,69,4.248495242049359,0,0,4,6,9,23,3.1780538303479458,0,2,3,2,3,1,1,344818483.0
56,4.04305126783455,1,2,1,0,6,88,4.48863636973214,1,1,3,4,8,63,4.1588830833596715,0,0,3,0,3,1,0,77512003.0
46,3.8501476017100584,1,1,1,4,6,19,2.995732273553991,0,1,4,5,9,30,3.4339872044851463,1,0,0,2,0,1,0,3023459.0
84,4.442651256490317,1,0,4,0,4,75,4.330733340286331,0,0,0,5,5,10,2.3978952727983707,1,1,0,3,0,1,0,16992335.0
76,4.343805421853684,1,1,1,6,6,45,3.828641396489095,0,0,0,3,5,41,3.7376696182833684,0,2,1,6,1,1,0,1004.0
69,4.248495242049359,0,0,4,6,9,61,4.127134385045092,0,1,1,5,1,60,4.110873864173311,1,0,0,4,0,1,0,5771803.0
55,4.02535169073515,0,1,0,6,5,61,4.127134385045092,0,1,1,5,1,77,4.356708826689592,0,2,2,0,7,1,0,5469470543.0
73,4.30406509320417,0,1,3,3,3,38,3.6635616461296463,1,2,3,3,8,74,4.31748811353631,1,2,4,4,4,1,0,3059900207.0
65,4.189654742026425,0,2,0,2,5,46,3.8501476017100584,1,1,1,4,6,86,4.465908118654584,1,2,1,2,6,1,0,6388411.0
78,4.3694478524670215,1,0,3,1,8,30,3.4339872044851463,1,0,0,2,0,66,4.204692619390966,1,0,1,3,6,6,0,28488.0
83,4.430816798843313,0,2,3,6,3,63,4.1588830833596715,0,0,3,0,3,30,3.4339872044851463,1,0,0,2,0,1,0,22385.0
58,4.07753744390572,1,1,3,2,8,68,4.23410650459726,1,2,3,5,8,41,3.7376696182833684,0,2,1,6,1,1,0,7954443.0
66,4.204692619390966,1,0,1,3,6,83,4.430816798843313,0,2,3,6,3,31,3.4657359027997265,0,1,1,3,1,1,0,4950564.0
56,4.04305126783455,1,2,1,0,6,56,4.04305126783455,1,2,1,0,6,85,4.454347296253507,0,1,0,1,5,1,1,71449.0
37,3.6375861597263857,0,1,2,2,7,49,3.912023005428146,0,1,4,0,9,37,3.6375861597263857,0,1,2,2,7,1,1,189.0
43,3.784189633918261,0,1,3,1,3,62,4.143134726391533,1,2,2,6,2,33,3.5263605246161616,0,0,3,5,3,1,0,63023.0
72,4.290459441148391,1,0,2,2,2,85,4.454347296253507,0,1,0,1,5,38,3.6635616461296463,1,2,3,3,8,1,0,435831.0
51,3.9512437185814275,0,0,1,2,1,61,4.127134385045092,0,1,1,5,1,49,3.912023005428146,0,1,4,0,9,1,0,1215657.0
34,3.5553480614894135,1,1,4,6,4,57,4.060443010546419,0,0,2,1,7,36,3.6109179126442243,1,0,1,1,6,1,0,398835899.0
57,4.060443010546419,0,0,2,1,7,73,4.30406509320417,0,1,3,3,3,54,4.007333185232471,1,0,4,5,4,1,0,190477.0
15,2.772588722239781,0,0,0,1,5,42,3.7612001156935624,1,0,2,0,2,47,3.871201010907891,0,2,2,5,7,1,0,393.0
55,4.02535169073515,0,1,0,6,5,55,4.02535169073515,0,1,0,6,5,88,4.48863636973214,1,1,3,4,8,11,1,73.0
64,4.174387269895637,1,1,4,1,4,30,3.4339872044851463,1,0,0,2,0,65,4.189654742026425,0,2,0,2,5,1,0,135289101.0
27,3.332204510175204,0,0,2,6,7,14,2.70805020110221,1,2,4,0,4,16,2.833213344056216,1,1,1,2,6,1,0,157891.0
70,4.2626798770413155,1,1,0,0,0,67,4.219507705176107,0,1,2,4,7,15,2.772588722239781,0,0,0,1,5,1,0,40055.0
47,3.871201010907891,0,2,2,5,7,59,4.0943445622221,0,2,4,3,9,32,3.4965075614664802,1,2,2,4,2,1,0,79600.0
24,3.2188758248682006,1,0,4,3,4,64,4.174387269895637,1,1,4,1,4,61,4.127134385045092,0,1,1,5,1,1,0,21593.0
62,4.143134726391533,1,2,2,6,2,71,4.276666119016055,0,2,1,1,1,27,3.332204510175204,0,0,2,6,7,1,0,18881.0
64,4.174387269895637,1,1,4,1,4,31,3.4657359027997265,0,1,1,3,1,51,3.9512437185814275,0,0,1,2,1,1,0,438.0
82,4.418840607796598,1,1,2,5,2,54,4.007333185232471,1,0,4,5,4,32,3.4965075614664802,1,2,2,4,2,2,0,84477.0
60,4.110873864173311,1,0,0,4,0,40,3.713572066704308,1,1,0,5,0,49,3.912023005428146,0,1,4,0,9,1,0,158732655.0
50,3.9318256327243257,1,2,0,1,0,59,4.0943445622221,0,2,4,3,9,20,3.044522437723423,1,2,0,6,0,1,0,24478215.0
41,3.7376696182833684,0,2,1,6,1,16,2.833213344056216,1,1,1,2,6,41,3.7376696182833684,0,2,1,6,1,1,1,1259.0
38,3.6635616461296463,1,2,3,3,8,12,2.5649493574615367,1,0,2,5,2,39,3.6888794541139363,0,0,4,4,9,1,0,187855.0
61,4.127134385045092,0,1,1,5,1,74,4.31748811353631,1,2,4,4,4,76,4.343805421853684,1,1,1,6,6,1,0,42870325.0
29,3.4011973816621555,0,2,4,1,9,18,2.9444389791664403,1,0,3,4,8,32,3.4965075614664802,1,2,2,4,2,1,0,69507.0
21,3.091042453358316,0,0,1,0,1,63,4.1588830833596715,0,0,3,0,3,77,4.356708826689592,0,2,2,0,7,7,1,127759.0
90,4.51085950651685,1,0,0,6,0,78,4.3694478524670215,1,0,3,1,8,44,3.8066624897703196,1,2,4,2,4,2,0,86548.0
53,3.9889840465642745,0,2,3,4,3,52,3.970291913552122,1,1,2,3,2,76,4.343805421853684,1,1,1,6,6,1,0,136472571.0
70,4.2626798770413155,1,1,0,0,0,66,4.204692619390966,1,0,1,3,6,81,4.406719247264253,0,0,1,4,1,1,0,3679415.0
61,4.127134385045092,0,1,1,5,1,56,4.04305126783455,1,2,1,0,6,47,3.871201010907891,0,2,2,5,7,1,0,855117.0
33,3.5263605246161616,0,0,3,5,3,59,4.0943445622221,0,2,4,3,9,88,4.48863636973214,1,1,3,4,8,1,0,6870449.0
28,3.367295829986474,1,1,3,0,8,24,3.2188758248682006,1,0,4,3,4,41,3.7376696182833684,0,2,1,6,1,1,0,10457961.0
25,3.258096538021482,0,1,0,4,5,15,2.772588722239781,0,0,0,1,5,17,2.8903717578961645,0,2,2,3,7,1,0,941873.0
86,4.465908118654584,1,2,1,2,6,76,4.343805421853684,1,1,1,6,6,46,3.8501476017100584,1,1,1,4,6,2,0,161775.0
32,3.4965075614664802,1,2,2,4,2,60,4.110873864173311,1,0,0,4,0,74,4.31748811353631,1,2,4,4,4,2,0,240912.0
53,3.9889840465642745,0,2,3,4,3,59,4.0943445622221,0,2,4,3,9,53,3.9889840465642745,0,2,3,4,3,1,1,94487.0
36,3.6109179126442243,1,0,1,1,6,88,4.48863636973214,1,1,3,4,8,53,3.9889840465642745,0,2,3,4,3,1,0,113808735.0
79,4.382026634673881,0,1,4,2,9,48,3.8918202981106265,1,0,3,6,8,71,4.276666119016055,0,2,1,1,1,1,0,84084.0
48,3.8918202981106265,1,0,3,6,8,26,3.295836866004329,1,2,1,5,6,66,4.204692619390966,1,0,1,3,6,2,0,169.0
59,4.0943445622221,0,2,4,3,9,78,4.3694478524670215,1,0,3,1,8,24,3.2188758248682006,1,0,4,3,4,1,0,274021567.0
84,4.442651256490317,1,0,4,0,4,62,4.143134726391533,1,2,2,6,2,41,3.7376696182833684,0,2,1,6,1,1,0,622981.0
48,3.8918202981106265,1,0,3,6,8,52,3.970291913552122,1,1,2,3,2,24,3.2188758248682006,1,0,4,3,4,4,1,350317.0
81,4.406719247264253,0,0,1,4,1,50,3.9318256327243257,1,2,0,1,0,50,3.9318256327243257,1,2,0,1,0,1,1,5007.0
71,4.276666119016055,0,2,1,1,1,54,4.007333185232471,1,0,4,5,4,25,3.258096538021482,0,1,0,4,5,1,0,14679.0
73,4.30406509320417,0,1,3,3,3,85,4.454347296253507,0,1,0,1,5,87,4.477336814478207,0,0,2,3,7,1,0,10324653.0
54,4.007333185232471,1,0,4,5,4,43,3.784189633918261,0,1,3,1,3,38,3.6635616461296463,1,2,3,3,8,1,0,2078927.0
43,3.784189633918261,0,1,3,1,3,28,3.367295829986474,1,1,3,0,8,26,3.295836866004329,1,2,1,5,6,1,0,12598577.0
82,4.418840607796598,1,1,2,5,2,32,3.4965075614664802,1,2,2,4,2,53,3.9889840465642745,0,2,3,4,3,1,0,10221579.0
77,4.356708826689592,0,2,2,0,7,40,3.713572066704308,1,1,0,5,0,53,3.9889840465642745,0,2,3,4,3,1,0,2833.0
52,3.970291913552122,1,1,2,3,2,88,4.48863636973214,1,1,3,4,8,90,4.51085950651685,1,0,0,6,0,2,0,10112.0
26,3.295836866004329,1,2,1,5,6,49,3.912023005428146,0,1,4,0,9,54,4.007333185232471,1,0,4,5,4,1,0,194751.0
87,4.477336814478207,0,0,2,3,7,62,4.143134726391533,1,2,2,6,2,49,3.912023005428146,0,1,4,0,9,1,0,162069.0
46,3.8501476017100584,1,1,1,4,6,34,3.5553480614894135,1,1,4,6,4,33,3.5263605246161616,0,0,3,5,3,1,0,4443609.0
14,2.70805020110221,1,2,4,0,4,65,4.189654742026425,0,2,0,2,5,67,4.219507705176107,0,1,2,4,7,1,0,155136.0
64,4.174387269895637,1,1,4,1,4,39,3.6888794541139363,0,0,4,4,9,33,3.5263605246161616,0,0,3,5,3,1,0,1291337.0
73,4.30406509320417,0,1,3,3,3,73,4.30406509320417,0,1,3,3,3,39,3.6888794541139363,0,0,4,4,9,1,1,2112551.0
67,4.219507705176107,0,1,2,4,7,73,4.30406509320417,0,1,3,3,3,76,4.343805421853684,1,1,1,6,6,1,0,11102159.0
71,4.276666119016055,0,2,1,1,1,38,3.6635616461296463,1,2,3,3,8,83,4.430816798843313,0,2,3,6,3,1,0,213565.0
64,4.174387269895637,1,1,4,1,4,77,4.356708826689592,0,2,2,0,7,43,3.784189633918261,0,1,3,1,3,1,0,41.0
23,3.1780538303479458,0,2,3,2,3,73,4.30406509320417,0,1,3,3,3,66,4.204692619390966,1,0,1,3,6,1,0,633218.0
79,4.382026634673881,0,1,4,2,9,56,4.04305126783455,1,2,1,0,6,69,4.248495242049359,0,0,4,6,9,1,0,220401.0
87,4.477336814478207,0,0,2,3,7,43,3.784189633918261,0,1,3,1,3,71,4.276666119016055,0,2,1,1,1,1,0,467518865.0
76,4.343805421853684,1,1,1,6,6,56,4.04305126783455,1,2,1,0,6,78,4.3694478524670215,1,0,3,1,8,2,0,313924.0
45,3.828641396489095,0,0,0,3,5,68,4.23410650459726,1,2,3,5,8,61,4.127134385045092,0,1,1,5,1,1,0,773460.0
61,4.127134385045092,0,1,1,5,1,75,4.330733340286331,0,0,0,5,5,81,4.406719247264253,0,0,1,4,1,1,0,17114111.0
71,4.276666119016055,0,2,1,1,1,20,3.044522437723423,1,2,0,6,0,69,4.248495242049359,0,0,4,6,9,1,0,24251.0
53,3.9889840465642745,0,2,3,4,3,66,4.204692619390966,1,0,1,3,6,20,3.044522437723423,1,2,0,6,0,1,0,20069.0
29,3.4011973816621555,0,2,4,1,9,32,3.4965075614664802,1,2,2,4,2,13,2.6390573296152584,0,1,3,6,3,1,0,353.0
84,4.442651256490317,1,0,4,0,4,54,4.007333185232471,1,0,4,5,4,72,4.290459441148391,1,0,2,2,2,6,0,1504808.0
72,4.290459441148391,1,0,2,2,2,63,4.1588830833596715,0,0,3,0,3,12,2.5649493574615367,1,0,2,5,2,3,1,578211.0
45,3.828641396489095,0,0,0,3,5,54,4.007333185232471,1,0,4,5,4,75,4.330733340286331,0,0,0,5,5,3,0,29465.0
34,3.5553480614894135,1,1,4,6,4,32,3.4965075614664802,1,2,2,4,2,24,3.2188758248682006,1,0,4,3,4,2,0,1944236.0
84,4.442651256490317,1,0,4,0,4,63,4.1588830833596715,0,0,3,0,3,74,4.31748811353631,1,2,4,4,4,1,0,11643470647.0
14,2.70805020110221,1,2,4,0,4,54,4.007333185232471,1,0,4,5,4,64,4.174387269895637,1,1,4,1,4,2,0,3761.0
47,3.871201010907891,0,2,2,5,7,63,4.1588830833596715,0,0,3,0,3,66,4.204692619390966,1,0,1,3,6,1,0,2239213.0
48,3.8918202981106265,1,0,3,6,8,24,3.2188758248682006,1,0,4,3,4,48,3.8918202981106265,1,0,3,6,8,24,3,17.0
58,4.07753744390572,1,1,3,2,8,81,4.406719247264253,0,0,1,4,1,33,3.5263605246161616,0,0,3,5,3,1,0,3505985.0
37,3.6375861597263857,0,1,2,2,7,43,3.784189633918261,0,1,3,1,3,39,3.6888794541139363,0,0,4,4,9,1,0,7046357.0
35,3.58351893845611,0,2,0,0,5,90,4.51085950651685,1,0,0,6,0,87,4.477336814478207,0,0,2,3,7,1,0,3765152.0
74,4.31748811353631,1,2,4,4,4,10,2.3978952727983707,1,1,0,3,0,74,4.31748811353631,1,2,4,4,4,2,1,49622.0
31,3.4657359027997265,0,1,1,3,1,62,4.143134726391533,1,2,2,6,2,49,3.912023005428146,0,1,4,0,9,1,1,79812.0
88,4.48863636973214,1,1,3,4,8,32,3.4965075614664802,1,2,2,4,2,65,4.189654742026425,0,2,0,2,5,1,0,10519.0
64,4.174387269895637,1,1,4,1,4,66,4.204692619390966,1,0,1,3,6,50,3.9318256327243257,1,2,0,1,0,2,0,16073.0
73,4.30406509320417,0,1,3,3,3,53,3.9889840465642745,0,2,3,4,3,24,3.2188758248682006,1,0,4,3,4,1,0,178472.0
77,4.356708826689592,0,2,2,0,7,81,4.406719247264253,0,0,1,4,1,11,2.4849066497880004,0,2,1,4,1,1,1,749.0
87,4.477336814478207,0,0,2,3,7,43,3.784189633918261,0,1,3,1,3,61,4.127134385045092,0,1,1,5,1,1,0,279269715.0
37,3.6375861597263857,0,1,2,2,7,41,3.7376696182833684,0,2,1,6,1,28,3.367295829986474,1,1,3,0,8,1,0,902.0
53,3.9889840465642745,0,2,3,4,3,64,4.174387269895637,1,1,4,1,4,89,4.499809670330265,0,2,4,5,9,1,0,219730.0
31,3.4657359027997265,0,1,1,3,1,54,4.007333185232471,1,0,4,5,4,80,4.394449154672439,1,2,0,3,0,1,0,391681095.0
83,4.430816798843313,0,2,3,6,3,53,3.9889840465642745,0,2,3,4,3,78,4.3694478524670215,1,0,3,1,8,1,0,103778.0
47,3.871201010907891,0,2,2,5,7,64,4.174387269895637,1,1,4,1,4,53,3.9889840465642745,0,2,3,4,3,1,0,4403347.0
56,4.04305126783455,1,2,1,0,6,38,3.6635616461296463,1,2,3,3,8,85,4.454347296253507,0,1,0,1,5,1,0,116398389.0
62,4.143134726391533,1,2,2,6,2,75,4.330733340286331,0,0,0,5,5,22,3.1354942159291497,1,1,2,1,2,1,0,70093.0
55,4.02535169073515,0,1,0,6,5,68,4.23410650459726,1,2,3,5,8,78,4.3694478524670215,1,0,3,1,8,1,0,181889.0
65,4.189654742026425,0,2,0,2,5,24,3.2188758248682006,1,0,4,3,4,68,4.23410650459726,1,2,3,5,8,1,0,8857009.0
69,4.248495242049359,0,0,4,6,9,56,4.04305126783455,1,2,1,0,6,59,4.0943445622221,0,2,4,3,9,1,0,9549.0
84,4.442651256490317,1,0,4,0,4,56,4.04305126783455,1,2,1,0,6,64,4.174387269895637,1,1,4,1,4,4,0,713943.0
19,2.995732273553991,0,1,4,5,9,29,3.4011973816621555,0,2,4,1,9,41,3.7376696182833684,0,2,1,6,1,1,0,47707391.0
56,4.04305126783455,1,2,1,0,6,38,3.6635616461296463,1,2,3,3,8,73,4.30406509320417,0,1,3,3,3,1,0,34629203.0
50,3.9318256327243257,1,2,0,1,0,54,4.007333185232471,1,0,4,5,4,78,4.3694478524670215,1,0,3,1,8,2,0,49918914.0
66,4.204692619390966,1,0,1,3,6,80,4.394449154672439,1,2,0,3,0,22,3.1354942159291497,1,1,2,1,2,2,1,11491.0
59,4.0943445622221,0,2,4,3,9,39,3.6888794541139363,0,0,4,4,9,35,3.58351893845611,0,2,0,0,5,1,0,270129.0
23,3.1780538303479458,0,2,3,2,3,43,3.784189633918261,0,1,3,1,3,24,3.2188758248682006,1,0,4,3,4,1,0,31922.0
55,4.02535169073515,0,1,0,6,5,67,4.219507705176107,0,1,2,4,7,17,2.8903717578961645,0,2,2,3,7,1,0,4527843.0
58,4.07753744390572,1,1,3,2,8,40,3.713572066704308,1,1,0,5,0,62,4.143134726391533,1,2,2,6,2,2,0,55392.0
42,3.7612001156935624,1,0,2,0,2,47,3.871201010907891,0,2,2,5,7,10,2.3978952727983707,1,1,0,3,0,1,0,785795.0
50,3.9318256327243257,1,2,0,1,0,61,4.127134385045092,0,1,1,5,1,66,4.204692619390966,1,0,1,3,6,1,0,5849.0
70,4.2626798770413155,1,1,0,0,0,48,3.8918202981106265,1,0,3,6,8,36,3.6109179126442243,1,0,1,1,6,2,0,13977676.0
60,4.110873864173311,1,0,0,4,0,27,3.332204510175204,0,0,2,6,7,41,3.7376696182833684,0,2,1,6,1,1,0,929533.0
64,4.174387269895637,1,1,4,1,4,46,3.8501476017100584,1,1,1,4,6,87,4.477336814478207,0,0,2,3,7,1,0,787943.0
69,4.248495242049359,0,0,4,6,9,47,3.871201010907891,0,2,2,5,7,76,4.343805421853684,1,1,1,6,6,1,0,45509.0
53,3.9889840465642745,0,2,3,4,3,44,3.8066624897703196,1,2,4,2,4,33,3.5263605246161616,0,0,3,5,3,1,0,4689.0
69,4.248495242049359,0,0,4,6,9,67,4.219507705176107,0,1,2,4,7,84,4.442651256490317,1,0,4,0,4,1,0,180930481.0
72,4.290459441148391,1,0,2,2,2,55,4.02535169073515,0,1,0,6,5,77,4.356708826689592,0,2,2,0,7,1,0,189433.0
85,4.454347296253507,0,1,0,1,5,60,4.110873864173311,1,0,0,4,0,48,3.8918202981106265,1,0,3,6,8,1,0,3580098431.0
62,4.143134726391533,1,2,2,6,2,16,2.833213344056216,1,1,1,2,6,59,4.0943445622221,0,2,4,3,9,1,0,187109519.0
54,4.007333185232471,1,0,4,5,4,57,4.060443010546419,0,0,2,1,7,46,3.8501476017100584,1,1,1,4,6,1,0,45238685.0
78,4.3694478524670215,1,0,3,1,8,62,4.143134726391533,1,2,2,6,2,34,3.5553480614894135,1,1,4,6,4,2,0,111500.0
76,4.343805421853684,1,1,1,6,6,63,4.1588830833596715,0,0,3,0,3,30,3.4339872044851463,1,0,0,2,0,1,0,1158721103.0
41,3.7376696182833684,0,2,1,6,1,63,4.1588830833596715,0,0,3,0,3,72,4.290459441148391,1,0,2,2,2,1,0,111706.0
46,3.8501476017100584,1,1,1,4,6,53,3.9889840465642745,0,2,3,4,3,75,4.330733340286331,0,0,0,5,5,1,0,2399525.0
71,4.276666119016055,0,2,1,1,1,34,3.5553480614894135,1,1,4,6,4,84,4.442651256490317,1,0,4,0,4,1,0,18227281.0
41,3.7376696182833684,0,2,1,6,1,72,4.290459441148391,1,0,2,2,2,36,3.6109179126442243,1,0,1,1,6,1,1,303321127.0
67,4.219507705176107,0,1,2,4,7,77,4.356708826689592,0,2,2,0,7,56,4.04305126783455,1,2,1,0,6,1,0,222681.0
10,2.3978952727983707,1,1,0,3,0,10,2.3978952727983707,1,1,0,3,0,13,2.6390573296152584,0,1,3,6,3,1,1,583.0
29,3.4011973816621555,0,2,4,1,9,63,4.1588830833596715,0,0,3,0,3,43,3.784189633918261,0,1,3,1,3,1,0,18247.0
53,3.9889840465642745,0,2,3,4,3,81,4.406719247264253,0,0,1,4,1,48,3.8918202981106265,1,0,3,6,8,1,0,2497158.0
70,4.2626798770413155,1,1,0,0,0,79,4.382026634673881,0,1,4,2,9,44,3.8066624897703196,1,2,4,2,4,1,0,3529479.0
56,4.04305126783455,1,2,1,0,6,46,3.8501476017100584,1,1,1,4,6,16,2.833213344056216,1,1,1,2,6,2,0,1220634.0
28,3.367295829986474,1,1,3,0,8,71,4.276666119016055,0,2,1,1,1,77,4.356708826689592,0,2,2,0,7,1,0,5238803.0
77,4.356708826689592,0,2,2,0,7,74,4.31748811353631,1,2,4,4,4,10,2.3978952727983707,1,1,0,3,0,1,0,74713727.0
50,3.9318256327243257,1,2,0,1,0,67,4.219507705176107,0,1,2,4,7,51,3.9512437185814275,0,0,1,2,1,1,0,149493.0
61,4.127134385045092,0,1,1,5,1,60,4.110873864173311,1,0,0,4,0,48,3.8918202981106265,1,0,3,6,8,1,0,63929333.0
53,3.9889840465642745,0,2,3,4,3,33,3.5263605246161616,0,0,3,5,3,70,4.2626798770413155,1,1,0,0,0,1,0,1026.0
36,3.6109179126442243,1,0,1,1,6,43,3.784189633918261,0,1,3,1,3,72,4.290459441148391,1,0,2,2,2,1,1,441644843.0
51,3.9512437185814275,0,0,1,2,1,67,4.219507705176107,0,1,2,4,7,46,3.8501476017100584,1,1,1,4,6,1,0,110295.0
25,3.258096538021482,0,1,0,4,5,65,4.189654742026425,0,2,0,2,5,71,4.276666119016055,0,2,1,1,1,1,0,802747919.0
24,3.2188758248682006,1,0,4,3,4,24,3.2188758248682006,1,0,4,3,4,12,2.5649493574615367,1,0,2,5,2,12,3,31.0
76,4.343805421853684,1,1,1,6,6,56,4.04305126783455,1,2,1,0,6,54,4.007333185232471,1,0,4,5,4,2,0,67097756.0
57,4.060443010546419,0,0,2,1,7,37,3.6375861597263857,0,1,2,2,7,74,4.31748811353631,1,2,4,4,4,1,1,58387.0
17,2.8903717578961645,0,2,2,3,7,66,4.204692619390966,1,0,1,3,6,67,4.219507705176107,0,1,2,4,7,1,0,84.0
59,4.0943445622221,0,2,4,3,9,81,4.406719247264253,0,0,1,4,1,88,4.48863636973214,1,1,3,4,8,1,0,1600917.0
39,3.6888794541139363,0,0,4,4,9,36,3.6109179126442243,1,0,1,1,6,53,3.9889840465642745,0,2,3,4,3,1,0,100079.0
80,4.394449154672439,1,2,0,3,0,14,2.70805020110221,1,2,4,0,4,83,4.430816798843313,0,2,3,6,3,1,0,242927071.0
27,3.332204510175204,0,0,2,6,7,39,3.6888794541139363,0,0,4,4,9,27,3.332204510175204,0,0,2,6,7,3,1,9063.0
19,2.995732273553991,0,1,4,5,9,19,2.995732273553991,0,1,4,5,9,12,2.5649493574615367,1,0,2,5,2,1,1,48.0
60,4.110873864173311,1,0,0,4,0,85,4.454347296253507,0,1,0,1,5,85,4.454347296253507,0,1,0,1,5,5,1,2339.0
57,4.060443010546419,0,0,2,1,7,65,4.189654742026425,0,2,0,2,5,68,4.23410650459726,1,2,3,5,8,1,0,17921.0
59,4.0943445622221,0,2,4,3,9,25,3.258096538021482,0,1,0,4,5,58,4.07753744390572,1,1,3,2,8,1,0,586395.0
75,4.330733340286331,0,0,0,5,5,79,4.382026634673881,0,1,4,2,9,81,4.406719247264253,0,0,1,4,1,1,0,17554849955.0
22,3.1354942159291497,1,1,2,1,2,62,4.143134726391533,1,2,2,6,2,49,3.912023005428146,0,1,4,0,9,1,0,26376057.0
74,4.31748811353631,1,2,4,4,4,51,3.9512437185814275,0,0,1,2,1,82,4.418840607796598,1,1,2,5,2,1,0,7057657179.0
48,3.8918202981106265,1,0,3,6,8,16,2.833213344056216,1,1,1,2,6,53,3.9889840465642745,0,2,3,4,3,1,1,115897575.0
58,4.07753744390572,1,1,3,2,8,29,3.4011973816621555,0,2,4,1,9,32,3.4965075614664802,1,2,2,4,2,1,1,141555.0
64,4.174387269895637,1,1,4,1,4,59,4.0943445622221,0,2,4,3,9,40,3.713572066704308,1,1,0,5,0,1,0,9552405.0
80,4.394449154672439,1,2,0,3,0,18,2.9444389791664403,1,0,3,4,8,80,4.394449154672439,1,2,0,3,0,2,1,11026.0
46,3.8501476017100584,1,1,1,4,6,66,4.204692619390966,1,0,1,3,6,72,4.290459441148391,1,0,2,2,2,2,0,985865.0
61,4.127134385045092,0,1,1,5,1,42,3.7612001156935624,1,0,2,0,2,81,4.406719247264253,0,0,1,4,1,1,0,1669649.0
43,3.784189633918261,0,1,3,1,3,49,3.912023005428146,0,1,4,0,9,69,4.248495242049359,0,0,4,6,9,1,0,858373.0
46,3.8501476017100584,1,1,1,4,6,55,4.02535169073515,0,1,0,6,5,38,3.6635616461296463,1,2,3,3,8,1,0,117397989.0
52,3.970291913552122,1,1,2,3,2,51,3.9512437185814275,0,0,1,2,1,61,4.127134385045092,0,1,1,5,1,1,0,4799345.0
21,3.091042453358316,0,0,1,0,1,14,2.70805020110221,1,2,4,0,4,26,3.295836866004329,1,2,1,5,6,1,0,154033.0
31,3.4657359027997265,0,1,1,3,1,44,3.8066624897703196,1,2,4,2,4,47,3.871201010907891,0,2,2,5,7,1,0,130598.0
47,3.871201010907891,0,2,2,5,7,56,4.04305126783455,1,2,1,0,6,75,4.330733340286331,0,0,0,5,5,1,0,6758.0
54,4.007333185232471,1,0,4,5,4,40,3.713572066704308,1,1,0,5,0,46,3.8501476017100584,1,1,1,4,6,2,0,68.0
74,4.31748811353631,1,2,4,4,4,20,3.044522437723423,1,2,0,6,0,87,4.477336814478207,0,0,2,3,7,1,0,42502127.0
29,3.4011973816621555,0,2,4,1,9,19,2.995732273553991,0,1,4,5,9,39,3.6888794541139363,0,0,4,4,9,1,0,131647.0
73,4.30406509320417,0,1,3,3,3,85,4.454347296253507,0,1,0,1,5,64,4.174387269895637,1,1,4,1,4,1,0,1289266.0
52,3.970291913552122,1,1,2,3,2,46,3.8501476017100584,1,1,1,4,6,79,4.382026634673881,0,1,4,2,9,1,0,241225447.0
65,4.189654742026425,0,2,0,2,5,82,4.418840607796598,1,1,2,5,2,47,3.871201010907891,0,2,2,5,7,1,0,1991.0
55,4.02535169073515,0,1,0,6,5,46,3.8501476017100584,1,1,1,4,6,72,4.290459441148391,1,0,2,2,2,1,0,422719.0
37,3.6375861597263857,0,1,2,2,7,49,3.912023005428146,0,1,4,0,9,61,4.127134385045092,0,1,1,5,1,1,0,1037.0
30,3.4339872044851463,1,0,0,2,0,35,3.58351893845611,0,2,0,0,5,33,3.5263605246161616,0,0,3,5,3,1,0,53200.0
45,3.828641396489095,0,0,0,3,5,73,4.30406509320417,0,1,3,3,3,56,4.04305126783455,1,2,1,0,6,1,0,54200.0
87,4.477336814478207,0,0,2,3,7,72,4.290459441148391,1,0,2,2,2,87,4.477336814478207,0,0,2,3,7,3,1,831.0
33,3.5263605246161616,0,0,3,5,3,13,2.6390573296152584,0,1,3,6,3,30,3.4339872044851463,1,0,0,2,0,1,0,224.0
75,4.330733340286331,0,0,0,5,5,73,4.30406509320417,0,1,3,3,3,79,4.382026634673881,0,1,4,2,9,1,0,20258307.0
18,2.9444389791664403,1,0,3,4,8,41,3.7376696182833684,0,2,1,6,1,51,3.9512437185814275,0,0,1,2,1,1,0,279.0
41,3.7376696182833684,0,2,1,6,1,41,3.7376696182833684,0,2,1,6,1,79,4.382026634673881,0,1,4,2,9,1,1,40631.0
86,4.465908118654584,1,2,1,2,6,87,4.477336814478207,0,0,2,3,7,54,4.007333185232471,1,0,4,5,4,1,0,10938734659.0
80,4.394449154672439,1,2,0,3,0,71,4.276666119016055,0,2,1,1,1,68,4.23410650459726,1,2,3,5,8,1,0,1326549851.0
54,4.007333185232471,1,0,4,5,4,56,4.04305126783455,1,2,1,0,6,19,2.995732273553991,0,1,4,5,9,1,0,5060871.0
57,4.060443010546419,0,0,2,1,7,56,4.04305126783455,1,2,1,0,6,14,2.70805020110221,1,2,4,0,4,1,1,1418229.0
71,4.276666119016055,0,2,1,1,1,88,4.48863636973214,1,1,3,4,8,83,4.430816798843313,0,2,3,6,3,1,0,755434.0
76,4.343805421853684,1,1,1,6,6,85,4.454347296253507,0,1,0,1,5,86,4.465908118654584,1,2,1,2,6,1,0,35505631.0
46,3.8501476017100584,1,1,1,4,6,47,3.871201010907891,0,2,2,5,7,56,4.04305126783455,1,2,1,0,6,1,0,1688684327.0
73,4.30406509320417,0,1,3,3,3,89,4.499809670330265,0,2,4,5,9,33,3.5263605246161616,0,0,3,5,3,1,0,41033337.0
20,3.044522437723423,1,2,0,6,0,24,3.2188758248682006,1,0,4,3,4,13,2.6390573296152584,0,1,3,6,3,1,0,1014625.0
86,4.465908118654584,1,2,1,2,6,19,2.995732273553991,0,1,4,5,9,69,4.248495242049359,0,0,4,6,9,1,0,11793.0
82,4.418840607796598,1,1,2,5,2,75,4.330733340286331,0,0,0,5,5,46,3.8501476017100584,1,1,1,4,6,1,0,626073467.0
68,4.23410650459726,1,2,3,5,8,71,4.276666119016055,0,2,1,1,1,61,4.127134385045092,0,1,1,5,1,1,0,7483743.0
46,3.8501476017100584,1,1,1,4,6,28,3.367295829986474,1,1,3,0,8,47,3.871201010907891,0,2,2,5,7,1,0,50041825.0
24,3.2188758248682006,1,0,4,3,4,66,4.204692619390966,1,0,1,3,6,43,3.784189633918261,0,1,3,1,3,1,0,32991239.0
61,4.127134385045092,0,1,1,5,1,75,4.330733340286331,0,0,0,5,5,33,3.5263605246161616,0,0,3,5,3,1,0,1414851743.0
59,4.0943445622221,0,2,4,3,9,60,4.110873864173311,1,0,0,4,0,27,3.332204510175204,0,0,2,6,7,1,0,186634.0
41,3.7376696182833684,0,2,1,6,1,28,3.367295829986474,1,1,3,0,8,46,3.8501476017100584,1,1,1,4,6,1,0,363906659.0
60,4.110873864173311,1,0,0,4,0,67,4.219507705176107,0,1,2,4,7,77,4.356708826689592,0,2,2,0,7,1,0,4273.0
80,4.394449154672439,1,2,0,3,0,68,4.23410650459726,1,2,3,5,8,20,3.044522437723423,1,2,0,6,0,4,1,46.0
89,4.499809670330265,0,2,4,5,9,21,3.091042453358316,0,0,1,0,1,72,4.290459441148391,1,0,2,2,2,1,0,251460.0
90,4.51085950651685,1,0,0,6,0,42,3.7612001156935624,1,0,2,0,2,65,4.189654742026425,0,2,0,2,5,1,0,2736610759.0
49,3.912023005428146,0,1,4,0,9,37,3.6375861597263857,0,1,2,2,7,47,3.871201010907891,0,2,2,5,7,1,0,923115095.0
86,4.465908118654584,1,2,1,2,6,74,4.31748811353631,1,2,4,4,4,31,3.4657359027997265,0,1,1,3,1,1,0,1005731.0
20,3.044522437723423,1,2,0,6,0,60,4.110873864173311,1,0,0,4,0,53,3.9889840465642745,0,2,3,4,3,1,1,3286657.0
74,4.31748811353631,1,2,4,4,4,21,3.091042453358316,0,0,1,0,1,87,4.477336814478207,0,0,2,3,7,1,0,458325.0
79,4.382026634673881,0,1,4,2,9,64,4.174387269895637,1,1,4,1,4,58,4.07753744390572,1,1,3,2,8,1,0,6936708367.0
74,4.31748811353631,1,2,4,4,4,81,4.406719247264253,0,0,1,4,1,36,3.6109179126442243,1,0,1,1,6,1,0,2912993851.0
69,4.248495242049359,0,0,4,6,9,82,4.418840607796598,1,1,2,5,2,36,3.6109179126442243,1,0,1,1,6,1,0,95713.0
18,2.9444389791664403,1,0,3,4,8,66,4.204692619390966,1,0,1,3,6,79,4.382026634673881,0,1,4,2,9,1,0,186120899.0
32,3.4965075614664802,1,2,2,4,2,56,4.04305126783455,1,2,1,0,6,57,4.060443010546419,0,0,2,1,7,1,0,1419343.0
58,4.07753744390572,1,1,3,2,8,37,3.6375861597263857,0,1,2,2,7,73,4.30406509320417,0,1,3,3,3,1,0,13533.0
45,3.828641396489095,0,0,0,3,5,88,4.48863636973214,1,1,3,4,8,47,3.871201010907891,0,2,2,5,7,1,0,911955.0
84,4.442651256490317,1,0,4,0,4,25,3.258096538021482,0,1,0,4,5,90,4.51085950651685,1,0,0,6,0,1,0,1411053515.0
24,3.2188758248682006,1,0,4,3,4,62,4.143134726391533,1,2,2,6,2,63,4.1588830833596715,0,0,3,0,3,1,0,25216955.0
63,4.1588830833596715,0,0,3,0,3,53,3.9889840465642745,0,2,3,4,3,44,3.8066624897703196,1,2,4,2,4,1,0,11807.0
38,3.6635616461296463,1,2,3,3,8,54,4.007333185232471,1,0,4,5,4,83,4.430816798843313,0,2,3,6,3,1,0,1332227.0
46,3.8501476017100584,1,1,1,4,6,88,4.48863636973214,1,1,3,4,8,44,3.8066624897703196,1,2,4,2,4,2,1,1746.0
84,4.442651256490317,1,0,4,0,4,47,3.871201010907891,0,2,2,5,7,90,4.51085950651685,1,0,0,6,0,1,0,7788510007.0
51,3.9512437185814275,0,0,1,2,1,38,3.6635616461296463,1,2,3,3,8,43,3.784189633918261,0,1,3,1,3,1,0,3404145.0
40,3.713572066704308,1,1,0,5,0,13,2.6390573296152584,0,1,3,6,3,41,3.7376696182833684,0,2,1,6,1,1,0,380.0
39,3.6888794541139363,0,0,4,4,9,41,3.7376696182833684,0,2,1,6,1,44,3.8066624897703196,1,2,4,2,4,1,0,5647.0
61,4.127134385045092,0,1,1,5,1,65,4.189654742026425,0,2,0,2,5,49,3.912023005428146,0,1,4,0,9,1,0,405323837.0
29,3.4011973816621555,0,2,4,1,9,63,4.1588830833596715,0,0,3,0,3,52,3.970291913552122,1,1,2,3,2,1,0,308235.0
85,4.454347296253507,0,1,0,1,5,46,3.8501476017100584,1,1,1,4,6,47,3.871201010907891,0,2,2,5,7,1,0,969993.0
19,2.995732273553991,0,1,4,5,9,27,3.332204510175204,0,0,2,6,7,45,3.828641396489095,0,0,0,3,5,1,0,8052227.0
56,4.04305126783455,1,2,1,0,6,32,3.4965075614664802,1,2,2,4,2,54,4.007333185232471,1,0,4,5,4,2,0,184870.0
63,4.1588830833596715,0,0,3,0,3,43,3.784189633918261,0,1,3,1,3,49,3.912023005428146,0,1,4,0,9,1,0,21370051.0
23,3.1780538303479458,0,2,3,2,3,18,2.9444389791664403,1,0,3,4,8,20,3.044522437723423,1,2,0,6,0,1,0,83.0
65,4.189654742026425,0,2,0,2,5,51,3.9512437185814275,0,0,1,2,1,37,3.6375861597263857,0,1,2,2,7,1,0,1300887423.0
85,4.454347296253507,0,1,0,1,5,15,2.772588722239781,0,0,0,1,5,74,4.31748811353631,1,2,4,4,4,1,0,14934.0
65,4.189654742026425,0,2,0,2,5,84,4.442651256490317,1,0,4,0,4,75,4.330733340286331,0,0,0,5,5,1,0,49803835.0
20,3.044522437723423,1,2,0,6,0,74,4.31748811353631,1,2,4,4,4,74,4.31748811353631,1,2,4,4,4,2,1,418.0
65,4.189654742026425,0,2,0,2,5,45,3.828641396489095,0,0,0,3,5,62,4.143134726391533,1,2,2,6,2,1,0,16734.0
82,4.418840607796598,1,1,2,5,2,52,3.970291913552122,1,1,2,3,2,34,3.5553480614894135,1,1,4,6,4,2,0,33.0
71,4.276666119016055,0,2,1,1,1,90,4.51085950651685,1,0,0,6,0,41,3.7376696182833684,0,2,1,6,1,1,0,1737.0
36,3.6109179126442243,1,0,1,1,6,48,3.8918202981106265,1,0,3,6,8,18,2.9444389791664403,1,0,3,4,8,6,1,11858.0
60,4.110873864173311,1,0,0,4,0,45,3.828641396489095,0,0,0,3,5,37,3.6375861597263857,0,1,2,2,7,1,0,939139.0
60,4.110873864173311,1,0,0,4,0,63,4.1588830833596715,0,0,3,0,3,79,4.382026634673881,0,1,4,2,9,1,0,1766039.0
88,4.48863636973214,1,1,3,4,8,46,3.8501476017100584,1,1,1,4,6,76,4.343805421853684,1,1,1,6,6,2,0,93288424.0
86,4.465908118654584,1,2,1,2,6,13,2.6390573296152584,0,1,3,6,3,76,4.343805421853684,1,1,1,6,6,1,0,81091739.0
64,4.174387269895637,1,1,4,1,4,35,3.58351893845611,0,2,0,0,5,53,3.9889840465642745,0,2,3,4,3,1,0,4842131.0
76,4.343805421853684,1,1,1,6,6,52,3.970291913552122,1,1,2,3,2,63,4.1588830833596715,0,0,3,0,3,1,0,41603.0
56,4.04305126783455,1,2,1,0,6,71,4.276666119016055,0,2,1,1,1,32,3.4965075614664802,1,2,2,4,2,1,0,1044328507.0
40,3.713572066704308,1,1,0,5,0,42,3.7612001156935624,1,0,2,0,2,31,3.4657359027997265,0,1,1,3,1,1,0,44680167.0
19,2.995732273553991,0,1,4,5,9,26,3.295836866004329,1,2,1,5,6,34,3.5553480614894135,1,1,4,6,4,1,0,5027053.0
34,3.5553480614894135,1,1,4,6,4,69,4.248495242049359,0,0,4,6,9,61,4.127134385045092,0,1,1,5,1,1,0,173992.0
68,4.23410650459726,1,2,3,5,8,51,3.9512437185814275,0,0,1,2,1,83,4.430816798843313,0,2,3,6,3,1,0,3421.0
64,4.174387269895637,1,1,4,1,4,47,3.871201010907891,0,2,2,5,7,60,4.110873864173311,1,0,0,4,0,1,0,3185093907.0
46,3.8501476017100584,1,1,1,4,6,18,2.9444389791664403,1,0,3,4,8,39,3.6888794541139363,0,0,4,4,9,1,0,3971391.0
28,3.367295829986474,1,1,3,0,8,38,3.6635616461296463,1,2,3,3,8,19,2.995732273553991,0,1,4,5,9,1,1,5588313.0
78,4.3694478524670215,1,0,3,1,8,74,4.31748811353631,1,2,4,4,4,80,4.394449154672439,1,2,0,3,0,2,0,49985.0
72,4.290459441148391,1,0,2,2,2,63,4.1588830833596715,0,0,3,0,3,50,3.9318256327243257,1,2,0,1,0,1,0,4490264047.0
42,3.7612001156935624,1,0,2,0,2,67,4.219507705176107,0,1,2,4,7,85,4.454347296253507,0,1,0,1,5,1,0,14775.0
50,3.9318256327243257,1,2,0,1,0,78,4.3694478524670215,1,0,3,1,8,47,3.871201010907891,0,2,2,5,7,1,0,126591.0
80,4.394449154672439,1,2,0,3,0,86,4.465908118654584,1,2,1,2,6,16,2.833213344056216,1,1,1,2,6,2,1,8790.0
53,3.9889840465642745,0,2,3,4,3,45,3.828641396489095,0,0,0,3,5,58,4.07753744390572,1,1,3,2,8,1,0,13503.0
70,4.2626798770413155,1,1,0,0,0,56,4.04305126783455,1,2,1,0,6,72,4.290459441148391,1,0,2,2,2,2,0,11943916.0
53,3.9889840465642745,0,2,3,4,3,35,3.58351893845611,0,2,0,0,5,68,4.23410650459726,1,2,3,5,8,1,0,3593.0
80,4.394449154672439,1,2,0,3,0,46,3.8501476017100584,1,1,1,4,6,65,4.189654742026425,0,2,0,2,5,1,0,457624397.0
16,2.833213344056216,1,1,1,2,6,39,3.6888794541139363,0,0,4,4,9,34,3.5553480614894135,1,1,4,6,4,1,0,6015671.0
33,3.5263605246161616,0,0,3,5,3,33,3.5263605246161616,0,0,3,5,3,29,3.4011973816621555,0,2,4,1,9,1,1,221451.0
28,3.367295829986474,1,1,3,0,8,42,3.7612001156935624,1,0,2,0,2,15,2.772588722239781,0,0,0,1,5,1,0,5362727.0
88,4.48863636973214,1,1,3,4,8,75,4.330733340286331,0,0,0,5,5,25,3.258096538021482,0,1,0,4,5,1,1,1608513.0
57,4.060443010546419,0,0,2,1,7,12,2.5649493574615367,1,0,2,5,2,60,4.110873864173311,1,0,0,4,0,3,1,4369.0
48,3.8918202981106265,1,0,3,6,8,47,3.871201010907891,0,2,2,5,7,28,3.367295829986474,1,1,3,0,8,1,0,52887173.0
26,3.295836866004329,1,2,1,5,6,43,3.784189633918261,0,1,3,1,3,30,3.4339872044851463,1,0,0,2,0,1,0,833091.0
15,2.772588722239781,0,0,0,1,5,69,4.248495242049359,0,0,4,6,9,64,4.174387269895637,1,1,4,1,4,1,0,110705.0
88,4.48863636973214,1,1,3,4,8,69,4.248495242049359,0,0,4,6,9,86,4.465908118654584,1,2,1,2,6,1,0,19227252579.0
79,4.382026634673881,0,1,4,2,9,90,4.51085950651685,1,0,0,6,0,67,4.219507705176107,0,1,2,4,7,1,0,775549.0
50,3.9318256327243257,1,2,0,1,0,72,4.290459441148391,1,0,2,2,2,43,3.784189633918261,0,1,3,1,3,1,0,1759684167.0
76,4.343805421853684,1,1,1,6,6,48,3.8918202981106265,1,0,3,6,8,34,3.5553480614894135,1,1,4,6,4,2,0,84940.0
86,4.465908118654584,1,2,1,2,6,90,4.51085950651685,1,0,0,6,0,10,2.3978952727983707,1,1,0,3,0,2,1,1484996.0
86,4.465908118654584,1,2,1,2,6,32,3.4965075614664802,1,2,2,4,2,62,4.143134726391533,1,2,2,6,2,2,0,50185.0
82,4.418840607796598,1,1,2,5,2,72,4.290459441148391,1,0,2,2,2,84,4.442651256490317,1,0,4,0,4,2,0,284796694.0
25,3.258096538021482,0,1,0,4,5,72,4.290459441148391,1,0,2,2,2,65,4.189654742026425,0,2,0,2,5,1,0,1550.0
22,3.1354942159291497,1,1,2,1,2,33,3.5263605246161616,0,0,3,5,3,43,3.784189633918261,0,1,3,1,3,1,0,466.0
22,3.1354942159291497,1,1,2,1,2,41,3.7376696182833684,0,2,1,6,1,49,3.912023005428146,0,1,4,0,9,1,0,3046917.0
33,3.5263605246161616,0,0,3,5,3,36,3.6109179126442243,1,0,1,1,6,54,4.007333185232471,1,0,4,5,4,3,0,4876083.0
43,3.784189633918261,0,1,3,1,3,52,3.970291913552122,1,1,2,3,2,86,4.465908118654584,1,2,1,2,6,1,1,129701145.0
18,2.9444389791664403,1,0,3,4,8,46,3.8501476017100584,1,1,1,4,6,48,3.8918202981106265,1,0,3,6,8,2,0,36482.0
58,4.07753744390572,1,1,3,2,8,33,3.5263605246161616,0,0,3,5,3,26,3.295836866004329,1,2,1,5,6,1,0,22761255.0
90,4.51085950651685,1,0,0,6,0,40,3.713572066704308,1,1,0,5,0,88,4.48863636973214,1,1,3,4,8,2,0,119536.0
34,3.5553480614894135,1,1,4,6,4,71,4.276666119016055,0,2,1,1,1,66,4.204692619390966,1,0,1,3,6,1,0,1895373651.0
71,4.276666119016055,0,2,1,1,1,67,4.219507705176107,0,1,2,4,7,55,4.02535169073515,0,1,0,6,5,1,0,6063406223.0
34,3.5553480614894135,1,1,4,6,4,86,4.465908118654584,1,2,1,2,6,59,4.0943445622221,0,2,4,3,9,1,0,30245667.0
40,3.713572066704308,1,1,0,5,0,32,3.4965075614664802,1,2,2,4,2,43,3.784189633918261,0,1,3,1,3,1,0,443021987.0
55,4.02535169073515,0,1,0,6,5,44,3.8066624897703196,1,2,4,2,4,14,2.70805020110221,1,2,4,0,4,1,0,52051.0
77,4.356708826689592,0,2,2,0,7,30,3.4339872044851463,1,0,0,2,0,52,3.970291913552122,1,1,2,3,2,1,0,12885.0
84,4.442651256490317,1,0,4,0,4,79,4.382026634673881,0,1,4,2,9,72,4.290459441148391,1,0,2,2,2,1,0,349966043.0
86,4.465908118654584,1,2,1,2,6,58,4.07753744390572,1,1,3,2,8,63,4.1588830833596715,0,0,3,0,3,1,0,1748491.0
32,3.4965075614664802,1,2,2,4,2,28,3.367295829986474,1,1,3,0,8,10,2.3978952727983707,1,1,0,3,0,2,0,6238.0
19,2.995732273553991,0,1,4,5,9,80,4.394449154672439,1,2,0,3,0,77,4.356708826689592,0,2,2,0,7,1,0,2125082.0
71,4.276666119016055,0,2,1,1,1,74,4.31748811353631,1,2,4,4,4,23,3.1780538303479458,0,2,3,2,3,1,0,12159757.0
38,3.6635616461296463,1,2,3,3,8,32,3.4965075614664802,1,2,2,4,2,30,3.4339872044851463,1,0,0,2,0,2,0,207.0
29,3.4011973816621555,0,2,4,1,9,15,2.772588722239781,0,0,0,1,5,33,3.5263605246161616,0,0,3,5,3,1,0,31813351.0
70,4.2626798770413155,1,1,0,0,0,87,4.477336814478207,0,0,2,3,7,90,4.51085950651685,1,0,0,6,0,1,0,20798538539.0
24,3.2188758248682006,1,0,4,3,4,58,4.07753744390572,1,1,3,2,8,64,4.174387269895637,1,1,4,1,4,2,0,3080.0
62,4.143134726391533,1,2,2,6,2,20,3.044522437723423,1,2,0,6,0,73,4.30406509320417,0,1,3,3,3,1,0,34806789.0
82,4.418840607796598,1,1,2,5,2,57,4.060443010546419,0,0,2,1,7,63,4.1588830833596715,0,0,3,0,3,1,0,17851.0
73,4.30406509320417,0,1,3,3,3,50,3.9318256327243257,1,2,0,1,0,58,4.07753744390572,1,1,3,2,8,1,0,77199.0
40,3.713572066704308,1,1,0,5,0,22,3.1354942159291497,1,1,2,1,2,54,4.007333185232471,1,0,4,5,4,2,0,6.0
88,4.48863636973214,1,1,3,4,8,43,3.784189633918261,0,1,3,1,3,73,4.30406509320417,0,1,3,3,3,1,0,7834921.0
66,4.204692619390966,1,0,1,3,6,47,3.871201010907891,0,2,2,5,7,29,3.4011973816621555,0,2,4,1,9,1,0,47054.0
74,4.31748811353631,1,2,4,4,4,65,4.189654742026425,0,2,0,2,5,70,4.2626798770413155,1,1,0,0,0,1,0,9628911455.0
41,3.7376696182833684,0,2,1,6,1,56,4.04305126783455,1,2,1,0,6,45,3.828641396489095,0,0,0,3,5,1,0,72.0
19,2.995732273553991,0,1,4,5,9,72,4.290459441148391,1,0,2,2,2,63,4.1588830833596715,0,0,3,0,3,1,0,297982.0
41,3.7376696182833684,0,2,1,6,1,40,3.713572066704308,1,1,0,5,0,57,4.060443010546419,0,0,2,1,7,1,0,228141.0
88,4.48863636973214,1,1,3,4,8,70,4.2626798770413155,1,1,0,0,0,46,3.8501476017100584,1,1,1,4,6,2,0,53.0
19,2.995732273553991,0,1,4,5,9,49,3.912023005428146,0,1,4,0,9,65,4.189654742026425,0,2,0,2,5,1,0,2967543.0
89,4.499809670330265,0,2,4,5,9,52,3.970291913552122,1,1,2,3,2,67,4.219507705176107,0,1,2,4,7,1,0,23516945.0
75,4.330733340286331,0,0,0,5,5,49,3.912023005428146,0,1,4,0,9,89,4.499809670330265,0,2,4,5,9,1,0,553.0
64,4.174387269895637,1,1,4,1,4,50,3.9318256327243257,1,2,0,1,0,54,4.007333185232471,1,0,4,5,4,2,0,1197.0
18,2.9444389791664403,1,0,3,4,8,70,4.2626798770413155,1,1,0,0,0,70,4.2626798770413155,1,1,0,0,0,2,1,8256.0
68,4.23410650459726,1,2,3,5,8,66,4.204692619390966,1,0,1,3,6,70,4.2626798770413155,1,1,0,0,0,2,0,15161.0
27,3.332204510175204,0,0,2,6,7,45,3.828641396489095,0,0,0,3,5,53,3.9889840465642745,0,2,3,4,3,1,0,424858567.0
75,4.330733340286331,0,0,0,5,5,86,4.465908118654584,1,2,1,2,6,70,4.2626798770413155,1,1,0,0,0,1,0,188189107.0
76,4.343805421853684,1,1,1,6,6,35,3.58351893845611,0,2,0,0,5,82,4.418840607796598,1,1,2,5,2,1,0,1705983.0
35,3.58351893845611,0,2,0,0,5,18,2.9444389791664403,1,0,3,4,8,52,3.970291913552122,1,1,2,3,2,1,0,12176847.0
29,3.4011973816621555,0,2,4,1,9,32,3.4965075614664802,1,2,2,4,2,52,3.970291913552122,1,1,2,3,2,1,0,413955.0
35,3.58351893845611,0,2,0,0,5,72,4.290459441148391,1,0,2,2,2,46,3.8501476017100584,1,1,1,4,6,1,0,64416673.0
67,4.219507705176107,0,1,2,4,7,85,4.454347296253507,0,1,0,1,5,80,4.394449154672439,1,2,0,3,0,1,0,140789.0
78,4.3694478524670215,1,0,3,1,8,59,4.0943445622221,0,2,4,3,9,80,4.394449154672439,1,2,0,3,0,1,0,128861609.0
51,3.9512437185814275,0,0,1,2,1,54,4.007333185232471,1,0,4,5,4,32,3.4965075614664802,1,2,2,4,2,1,0,6966999.0
79,4.382026634673881,0,1,4,2,9,89,4.499809670330265,0,2,4,5,9,15,2.772588722239781,0,0,0,1,5,1,0,35849.0
37,3.6375861597263857,0,1,2,2,7,44,3.8066624897703196,1,2,4,2,4,35,3.58351893845611,0,2,0,0,5,1,0,151977.0
36,3.6109179126442243,1,0,1,1,6,58,4.07753744390572,1,1,3,2,8,31,3.4657359027997265,0,1,1,3,1,1,0,363305.0
60,4.110873864173311,1,0,0,4,0,68,4.23410650459726,1,2,3,5,8,83,4.430816798843313,0,2,3,6,3,1,0,177273.0
41,3.7376696182833684,0,2,1,6,1,72,4.290459441148391,1,0,2,2,2,65,4.189654742026425,0,2,0,2,5,1,0,596.0
76,4.343805421853684,1,1,1,6,6,60,4.110873864173311,1,0,0,4,0,73,4.30406509320417,0,1,3,3,3,1,0,112636249.0
73,4.30406509320417,0,1,3,3,3,58,4.07753744390572,1,1,3,2,8,55,4.02535169073515,0,1,0,6,5,1,0,20709.0
50,3.9318256327243257,1,2,0,1,0,66,4.204692619390966,1,0,1,3,6,42,3.7612001156935624,1,0,2,0,2,2,0,26939382.0
87,4.477336814478207,0,0,2,3,7,79,4.382026634673881,0,1,4,2,9,32,3.4965075614664802,1,2,2,4,2,1,0,150044.0
57,4.060443010546419,0,0,2,1,7,31,3.4657359027997265,0,1,1,3,1,52,3.970291913552122,1,1,2,3,2,1,0,1039.0
77,4.356708826689592,0,2,2,0,7,48,3.8918202981106265,1,0,3,6,8,70,4.2626798770413155,1,1,0,0,0,1,0,4825469.0
72,4.290459441148391,1,0,2,2,2,64,4.174387269895637,1,1,4,1,4,68,4.23410650459726,1,2,3,5,8,4,0,8364197.0
17,2.8903717578961645,0,2,2,3,7,90,4.51085950651685,1,0,0,6,0,80,4.394449154672439,1,2,0,3,0,1,0,430085.0
70,4.2626798770413155,1,1,0,0,0,85,4.454347296253507,0,1,0,1,5,88,4.48863636973214,1,1,3,4,8,1,0,19456798051.0
23,3.1780538303479458,0,2,3,2,3,47,3.871201010907891,0,2,2,5,7,44,3.8066624897703196,1,2,4,2,4,1,0,63214.0
65,4.189654742026425,0,2,0,2,5,58,4.07753744390572,1,1,3,2,8,45,3.828641396489095,0,0,0,3,5,1,0,256733.0
71,4.276666119016055,0,2,1,1,1,49,3.912023005428146,0,1,4,0,9,68,4.23410650459726,1,2,3,5,8,1,0,8386579.0
65,4.189654742026425,0,2,0,2,5,47,3.871201010907891,0,2,2,5,7,49,3.912023005428146,0,1,4,0,9,1,0,239955585.0
31,3.4657359027997265,0,1,1,3,1,23,3.1780538303479458,0,2,3,2,3,34,3.5553480614894135,1,1,4,6,4,1,0,1674717.0
26,3.295836866004329,1,2,1,5,6,78,4.3694478524670215,1,0,3,1,8,87,4.477336814478207,0,0,2,3,7,1,1,1294033723.0
74,4.31748811353631,1,2,4,4,4,53,3.9889840465642745,0,2,3,4,3,66,4.204692619390966,1,0,1,3,6,1,0,70581369.0
39,3.6888794541139363,0,0,4,4,9,42,3.7612001156935624,1,0,2,0,2,49,3.912023005428146,0,1,4,0,9,1,0,207302.0
27,3.332204510175204,0,0,2,6,7,55,4.02535169073515,0,1,0,6,5,60,4.110873864173311,1,0,0,4,0,1,0,374.0
89,4.499809670330265,0,2,4,5,9,86,4.465908118654584,1,2,1,2,6,63,4.1588830833596715,0,0,3,0,3,1,0,193522.0
70,4.2626798770413155,1,1,0,0,0,62,4.143134726391533,1,2,2,6,2,89,4.499809670330265,0,2,4,5,9,1,0,129454815.0
58,4.07753744390572,1,1,3,2,8,49,3.912023005428146,0,1,4,0,9,62,4.143134726391533,1,2,2,6,2,1,0,351614465.0
50,3.9318256327243257,1,2,0,1,0,44,3.8066624897703196,1,2,4,2,4,47,3.871201010907891,0,2,2,5,7,1,0,7968247.0
32,3.4965075614664802,1,2,2,4,2,32,3.4965075614664802,1,2,2,4,2,61,4.127134385045092,0,1,1,5,1,1,1,24791.0
61,4.127134385045092,0,1,1,5,1,61,4.127134385045092,0,1,1,5,1,21,3.091042453358316,0,0,1,0,1,1,1,946859.0
83,4.430816798843313,0,2,3,6,3,59,4.0943445622221,0,2,4,3,9,63,4.1588830833596715,0,0,3,0,3,1,0,88342311.0
38,3.6635616461296463,1,2,3,3,8,35,3.58351893845611,0,2,0,0,5,72,4.290459441148391,1,0,2,2,2,1,0,29555.0
77,4.356708826689592,0,2,2,0,7,70,4.2626798770413155,1,1,0,0,0,67,4.219507705176107,0,1,2,4,7,1,0,421070.0
69,4.248495242049359,0,0,4,6,9,63,4.1588830833596715,0,0,3,0,3,83,4.430816798843313,0,2,3,6,3,1,0,4200649.0
38,3.6635616461296463,1,2,3,3,8,58,4.07753744390572,1,1,3,2,8,52,3.970291913552122,1,1,2,3,2,2,0,2586.0
84,4.442651256490317,1,0,4,0,4,21,3.091042453358316,0,0,1,0,1,64,4.174387269895637,1,1,4,1,4,1,1,2243311.0
30,3.4339872044851463,1,0,0,2,0,73,4.30406509320417,0,1,3,3,3,66,4.204692619390966,1,0,1,3,6,1,0,1371193103.0
47,3.871201010907891,0,2,2,5,7,35,3.58351893845611,0,2,0,0,5,49,3.912023005428146,0,1,4,0,9,1,0,2831571.0
72,4.290459441148391,1,0,2,2,2,66,4.204692619390966,1,0,1,3,6,41,3.7376696182833684,0,2,1,6,1,1,0,3063367267.0
51,3.9512437185814275,0,0,1,2,1,55,4.02535169073515,0,1,0,6,5,11,2.4849066497880004,0,2,1,4,1,1,1,1753367.0
52,3.970291913552122,1,1,2,3,2,64,4.174387269895637,1,1,4,1,4,22,3.1354942159291497,1,1,2,1,2,2,0,4472644.0
32,3.4965075614664802,1,2,2,4,2,83,4.430816798843313,0,2,3,6,3,53,3.9889840465642745,0,2,3,4,3,1,0,684781.0
62,4.143134726391533,1,2,2,6,2,44,3.8066624897703196,1,2,4,2,4,86,4.465908118654584,1,2,1,2,6,2,0,80885.0
68,4.23410650459726,1,2,3,5,8,78,4.3694478524670215,1,0,3,1,8,77,4.356708826689592,0,2,2,0,7,1,0,1470736931.0
83,4.430816798843313,0,2,3,6,3,49,3.912023005428146,0,1,4,0,9,81,4.406719247264253,0,0,1,4,1,1,0,7534808439.0
48,3.8918202981106265,1,0,3,6,8,57,4.060443010546419,0,0,2,1,7,32,3.4965075614664802,1,2,2,4,2,1,0,773084431.0
29,3.4011973816621555,0,2,4,1,9,63,4.1588830833596715,0,0,3,0,3,77,4.356708826689592,0,2,2,0,7,1,0,12524319.0
63,4.1588830833596715,0,0,3,0,3,39,3.6888794541139363,0,0,4,4,9,52,3.970291913552122,1,1,2,3,2,1,0,61835.0
18,2.9444389791664403,1,0,3,4,8,21,3.091042453358316,0,0,1,0,1,23,3.1780538303479458,0,2,3,2,3,1,0,20568.0
53,3.9889840465642745,0,2,3,4,3,56,4.04305126783455,1,2,1,0,6,62,4.143134726391533,1,2,2,6,2,1,0,3483453523.0
31,3.4657359027997265,0,1,1,3,1,77,4.356708826689592,0,2,2,0,7,57,4.060443010546419,0,0,2,1,7,1,0,802864791.0
47,3.871201010907891,0,2,2,5,7,16,2.833213344056216,1,1,1,2,6,46,3.8501476017100584,1,1,1,4,6,1,0,106786007.0
10,2.3978952727983707,1,1,0,3,0,24,3.2188758248682006,1,0,4,3,4,28,3.367295829986474,1,1,3,0,8,2,0,254.0
27,3.332204510175204,0,0,2,6,7,30,3.4339872044851463,1,0,0,2,0,37,3.6375861597263857,0,1,2,2,7,1,0,6107.0
28,3.367295829986474,1,1,3,0,8,54,4.007333185232471,1,0,4,5,4,63,4.1588830833596715,0,0,3,0,3,1,0,5883367.0
47,3.871201010907891,0,2,2,5,7,30,3.4339872044851463,1,0,0,2,0,18,2.9444389791664403,1,0,3,4,8,1,0,8925307.0
70,4.2626798770413155,1,1,0,0,0,31,3.4657359027997265,0,1,1,3,1,58,4.07753744390572,1,1,3,2,8,1,0,120309091.0
56,4.04305126783455,1,2,1,0,6,48,3.8918202981106265,1,0,3,6,8,72,4.290459441148391,1,0,2,2,2,8,0,211.0
22,3.1354942159291497,1,1,2,1,2,26,3.295836866004329,1,2,1,5,6,40,3.713572066704308,1,1,0,5,0,2,0,1671.0
55,4.02535169073515,0,1,0,6,5,58,4.07753744390572,1,1,3,2,8,55,4.02535169073515,0,1,0,6,5,1,1,773.0
25,3.258096538021482,0,1,0,4,5,55,4.02535169073515,0,1,0,6,5,71,4.276666119016055,0,2,1,1,1,1,0,44901837.0
69,4.248495242049359,0,0,4,6,9,61,4.127134385045092,0,1,1,5,1,25,3.258096538021482,0,1,0,4,5,1,0,76073739.0
13,2.6390573296152584,0,1,3,6,3,77,4.356708826689592,0,2,2,0,7,71,4.276666119016055,0,2,1,1,1,1,0,14550145.0
17,2.8903717578961645,0,2,2,3,7,68,4.23410650459726,1,2,3,5,8,62,4.143134726391533,1,2,2,6,2,1,1,26021451.0
73,4.30406509320417,0,1,3,3,3,45,3.828641396489095,0,0,0,3,5,32,3.4965075614664802,1,2,2,4,2,1,0,232274.0
70,4.2626798770413155,1,1,0,0,0,73,4.30406509320417,0,1,3,3,3,87,4.477336814478207,0,0,2,3,7,1,0,3711.0
45,3.828641396489095,0,0,0,3,5,23,3.1780538303479458,0,2,3,2,3,24,3.2188758248682006,1,0,4,3,4,1,0,279909.0
19,2.995732273553991,0,1,4,5,9,23,3.1780538303479458,0,2,3,2,3,24,3.2188758248682006,1,0,4,3,4,1,0,3296.0
58,4.07753744390572,1,1,3,2,8,56,4.04305126783455,1,2,1,0,6,83,4.430816798843313,0,2,3,6,3,1,0,63451503.0
69,4.248495242049359,0,0,4,6,9,77,4.356708826689592,0,2,2,0,7,65,4.189654742026425,0,2,0,2,5,1,0,13603875.0
76,4.343805421853684,1,1,1,6,6,77,4.356708826689592,0,2,2,0,7,81,4.406719247264253,0,0,1,4,1,1,0,468132.0
48,3.8918202981106265,1,0,3,6,8,77,4.356708826689592,0,2,2,0,7,30,3.4339872044851463,1,0,0,2,0,1,0,64581427.0
83,4.430816798843313,0,2,3,6,3,62,4.143134726391533,1,2,2,6,2,43,3.784189633918261,0,1,3,1,3,1,0,2858037.0
51,3.9512437185814275,0,0,1,2,1,29,3.4011973816621555,0,2,4,1,9,36,3.6109179126442243,1,0,1,1,6,1,0,4445661.0
72,4.290459441148391,1,0,2,2,2,72,4.290459441148391,1,0,2,2,2,71,4.276666119016055,0,2,1,1,1,1,1,2250291.0
70,4.2626798770413155,1,1,0,0,0,81,4.406719247264253,0,0,1,4,1,68,4.23410650459726,1,2,3,5,8,1,0,11803804083.0
77,4.356708826689592,0,2,2,0,7,70,4.2626798770413155,1,1,0,0,0,34,3.5553480614894135,1,1,4,6,4,1,0,244407385.0
38,3.6635616461296463,1,2,3,3,8,80,4.394449154672439,1,2,0,3,0,69,4.248495242049359,0,0,4,6,9,1,0,735199.0
71,4.276666119016055,0,2,1,1,1,89,4.499809670330265,0,2,4,5,9,47,3.871201010907891,0,2,2,5,7,1,0,5328157099.0
56,4.04305126783455,1,2,1,0,6,22,3.1354942159291497,1,1,2,1,2,65,4.189654742026425,0,2,0,2,5,1,0,42212333.0
16,2.833213344056216,1,1,1,2,6,66,4.204692619390966,1,0,1,3,6,54,4.007333185232471,1,0,4,5,4,2,0,19781.0
90,4.51085950651685,1,0,0,6,0,74,4.31748811353631,1,2,4,4,4,24,3.2188758248682006,1,0,4,3,4,2,0,408.0
90,4.51085950651685,1,0,0,6,0,36,3.6109179126442243,1,0,1,1,6,79,4.382026634673881,0,1,4,2,9,1,0,134452011.0
38,3.6635616461296463,1,2,3,3,8,71,4.276666119016055,0,2,1,1,1,59,4.0943445622221,0,2,4,3,9,1,0,1243805.0
71,4.276666119016055,0,2,1,1,1,67,4.219507705176107,0,1,2,4,7,63,4.1588830833596715,0,0,3,0,3,1,0,317945971.0
56,4.04305126783455,1,2,1,0,6,71,4.276666119016055,0,2,1,1,1,53,3.9889840465642745,0,2,3,4,3,1,0,62317729.0
71,4.276666119016055,0,2,1,1,1,60,4.110873864173311,1,0,0,4,0,63,4.1588830833596715,0,0,3,0,3,1,0,1587115.0
61,4.127134385045092,0,1,1,5,1,77,4.356708826689592,0,2,2,0,7,28,3.367295829986474,1,1,3,0,8,1,0,6347.0
83,4.430816798843313,0,2,3,6,3,29,3.4011973816621555,0,2,4,1,9,80,4.394449154672439,1,2,0,3,0,1,0,208888.0
18,2.9444389791664403,1,0,3,4,8,36,3.6109179126442243,1,0,1,1,6,49,3.912023005428146,0,1,4,0,9,1,1,53326859.0
80,4.394449154672439,1,2,0,3,0,88,4.48863636973214,1,1,3,4,8,46,3.8501476017100584,1,1,1,4,6,2,0,11546804.0
84,4.442651256490317,1,0,4,0,4,43,3.784189633918261,0,1,3,1,3,43,3.784189633918261,0,1,3,1,3,1,1,507.0
88,4.48863636973214,1,1,3,4,8,50,3.9318256327243257,1,2,0,1,0,44,3.8066624897703196,1,2,4,2,4,2,1,12670554.0
66,4.204692619390966,1,0,1,3,6,60,4.110873864173311,1,0,0,4,0,20,3.044522437723423,1,2,0,6,0,2,1,5553576.0
85,4.454347296253507,0,1,0,1,5,80,4.394449154672439,1,2,0,3,0,72,4.290459441148391,1,0,2,2,2,1,0,17801131479.0
42,3.7612001156935624,1,0,2,0,2,80,4.394449154672439,1,2,0,3,0,78,4.3694478524670215,1,0,3,1,8,2,0,1147525.0
39,3.6888794541139363,0,0,4,4,9,48,3.8918202981106265,1,0,3,6,8,76,4.343805421853684,1,1,1,6,6,1,0,923040899.0
38,3.6635616461296463,1,2,3,3,8,48,3.8918202981106265,1,0,3,6,8,76,4.343805421853684,1,1,1,6,6,2,1,12767504.0
80,4.394449154672439,1,2,0,3,0,66,4.204692619390966,1,0,1,3,6,85,4.454347296253507,0,1,0,1,5,1,0,1657881117.0
49,3.912023005428146,0,1,4,0,9,37,3.6375861597263857,0,1,2,2,7,37,3.6375861597263857,0,1,2,2,7,1,1,189.0
16,2.833213344056216,1,1,1,2,6,34,3.5553480614894135,1,1,4,6,4,49,3.912023005428146,0,1,4,0,9,1,0,363139.0
56,4.04305126783455,1,2,1,0,6,31,3.4657359027997265,0,1,1,3,1,61,4.127134385045092,0,1,1,5,1,1,0,1755043.0
27,3.332204510175204,0,0,2,6,7,16,2.833213344056216,1,1,1,2,6,38,3.6635616461296463,1,2,3,3,8,1,0,57923.0
36,3.6109179126442243,1,0,1,1,6,73,4.30406509320417,0,1,3,3,3,46,3.8501476017100584,1,1,1,4,6,1,0,847685.0
52,3.970291913552122,1,1,2,3,2,58,4.07753744390572,1,1,3,2,8,62,4.143134726391533,1,2,2,6,2,2,0,218076.0
28,3.367295829986474,1,1,3,0,8,63,4.1588830833596715,0,0,3,0,3,71,4.276666119016055,0,2,1,1,1,1,0,7101.0
59,4.0943445622221,0,2,4,3,9,48,3.8918202981106265,1,0,3,6,8,87,4.477336814478207,0,0,2,3,7,1,0,66258.0
19,2.995732273553991,0,1,4,5,9,18,2.9444389791664403,1,0,3,4,8,15,2.772588722239781,0,0,0,1,5,1,0,34256.0
64,4.174387269895637,1,1,4,1,4,61,4.127134385045092,0,1,1,5,1,88,4.48863636973214,1,1,3,4,8,1,0,906112367.0
81,4.406719247264253,0,0,1,4,1,37,3.6375861597263857,0,1,2,2,7,51,3.9512437185814275,0,0,1,2,1,1,0,668265887.0
64,4.174387269895637,1,1,4,1,4,56,4.04305126783455,1,2,1,0,6,43,3.784189633918261,0,1,3,1,3,1,0,47168075.0
79,4.382026634673881,0,1,4,2,9,86,4.465908118654584,1,2,1,2,6,23,3.1780538303479458,0,2,3,2,3,1,0,3735644.0
80,4.394449154672439,1,2,0,3,0,67,4.219507705176107,0,1,2,4,7,43,3.784189633918261,0,1,3,1,3,1,0,226923.0
81,4.406719247264253,0,0,1,4,1,69,4.248495242049359,0,0,4,6,9,47,3.871201010907891,0,2,2,5,7,1,0,4997103319.0
61,4.127134385045092,0,1,1,5,1,25,3.258096538021482,0,1,0,4,5,75,4.330733340286331,0,0,0,5,5,1,1,63277751.0
45,3.828641396489095,0,0,0,3,5,24,3.2188758248682006,1,0,4,3,4,50,3.9318256327243257,1,2,0,1,0,1,0,309775915.0
78,4.3694478524670215,1,0,3,1,8,65,4.189654742026425,0,2,0,2,5,23,3.1780538303479458,0,2,3,2,3,1,0,15.0
69,4.248495242049359,0,0,4,6,9,80,4.394449154672439,1,2,0,3,0,21,3.091042453358316,0,0,1,0,1,1,0,538.0
39,3.6888794541139363,0,0,4,4,9,21,3.091042453358316,0,0,1,0,1,38,3.6635616461296463,1,2,3,3,8,1,0,134715.0
68,4.23410650459726,1,2,3,5,8,87,4.477336814478207,0,0,2,3,7,81,4.406719247264253,0,0,1,4,1,1,0,10439917.0
33,3.5263605246161616,0,0,3,5,3,76,4.343805421853684,1,1,1,6,6,66,4.204692619390966,1,0,1,3,6,1,1,36010211.0
37,3.6375861597263857,0,1,2,2,7,10,2.3978952727983707,1,1,0,3,0,43,3.784189633918261,0,1,3,1,3,1,0,12994.0
73,4.30406509320417,0,1,3,3,3,60,4.110873864173311,1,0,0,4,0,77,4.356708826689592,0,2,2,0,7,1,0,63835.0
77,4.356708826689592,0,2,2,0,7,50,3.9318256327243257,1,2,0,1,0,57,4.060443010546419,0,0,2,1,7,1,0,221.0
84,4.442651256490317,1,0,4,0,4,80,4.394449154672439,1,2,0,3,0,74,4.31748811353631,1,2,4,4,4,2,0,143044.0
13,2.6390573296152584,0,1,3,6,3,15,2.772588722239781,0,0,0,1,5,23,3.1780538303479458,0,2,3,2,3,1,0,6951.0
84,4.442651256490317,1,0,4,0,4,71,4.276666119016055,0,2,1,1,1,18,2.9444389791664403,1,0,3,4,8,1,0,216065239.0
75,4.330733340286331,0,0,0,5,5,31,3.4657359027997265,0,1,1,3,1,82,4.418840607796598,1,1,2,5,2,1,0,97421.0
34,3.5553480614894135,1,1,4,6,4,48,3.8918202981106265,1,0,3,6,8,21,3.091042453358316,0,0,1,0,1,1,0,1713875.0
80,4.394449154672439,1,2,0,3,0,76,4.343805421853684,1,1,1,6,6,23,3.1780538303479458,0,2,3,2,3,1,0,279901.0
67,4.219507705176107,0,1,2,4,7,50,3.9318256327243257,1,2,0,1,0,83,4.430816798843313,0,2,3,6,3,1,0,3440569.0
58,4.07753744390572,1,1,3,2,8,89,4.499809670330265,0,2,4,5,9,53,3.9889840465642745,0,2,3,4,3,1,0,64127349.0
47,3.871201010907891,0,2,2,5,7,77,4.356708826689592,0,2,2,0,7,67,4.219507705176107,0,1,2,4,7,1,0,4593527051.0
27,3.332204510175204,0,0,2,6,7,50,3.9318256327243257,1,2,0,1,0,52,3.970291913552122,1,1,2,3,2,1,0,34003.0
58,4.07753744390572,1,1,3,2,8,70,4.2626798770413155,1,1,0,0,0,53,3.9889840465642745,0,2,3,4,3,1,0,6797851.0
42,3.7612001156935624,1,0,2,0,2,60,4.110873864173311,1,0,0,4,0,56,4.04305126783455,1,2,1,0,6,2,0,32196462.0
71,4.276666119016055,0,2,1,1,1,48,3.8918202981106265,1,0,3,6,8,83,4.430816798843313,0,2,3,6,3,1,0,68622.0
75,4.330733340286331,0,0,0,5,5,34,3.5553480614894135,1,1,4,6,4,71,4.276666119016055,0,2,1,1,1,1,0,8736300.0
20,3.044522437723423,1,2,0,6,0,63,4.1588830833596715,0,0,3,0,3,73,4.30406509320417,0,1,3,3,3,1,0,215385.0
47,3.871201010907891,0,2,2,5,7,66,4.204692619390966,1,0,1,3,6,66,4.204692619390966,1,0,1,3,6,1,1,1734699.0
65,4.189654742026425,0,2,0,2,5,19,2.995732273553991,0,1,4,5,9,71,4.276666119016055,0,2,1,1,1,1,0,11025.0
46,3.8501476017100584,1,1,1,4,6,34,3.5553480614894135,1,1,4,6,4,48,3.8918202981106265,1,0,3,6,8,2,0,660.0
33,3.5263605246161616,0,0,3,5,3,67,4.219507705176107,0,1,2,4,7,55,4.02535169073515,0,1,0,6,5,1,0,14169885.0
61,4.127134385045092,0,1,1,5,1,41,3.7376696182833684,0,2,1,6,1,24,3.2188758248682006,1,0,4,3,4,1,0,2216.0
19,2.995732273553991,0,1,4,5,9,86,4.465908118654584,1,2,1,2,6,68,4.23410650459726,1,2,3,5,8,1,0,5756041.0
24,3.2188758248682006,1,0,4,3,4,23,3.1780538303479458,0,2,3,2,3,41,3.7376696182833684,0,2,1,6,1,1,0,19187.0
56,4.04305126783455,1,2,1,0,6,51,3.9512437185814275,0,0,1,2,1,20,3.044522437723423,1,2,0,6,0,1,0,45751.0
23,3.1780538303479458,0,2,3,2,3,44,3.8066624897703196,1,2,4,2,4,56,4.04305126783455,1,2,1,0,6,1,0,39475.0
88,4.48863636973214,1,1,3,4,8,72,4.290459441148391,1,0,2,2,2,54,4.007333185232471,1,0,4,5,4,2,0,124316170.0
59,4.0943445622221,0,2,4,3,9,42,3.7612001156935624,1,0,2,0,2,41,3.7376696182833684,0,2,1,6,1,1,0,114669.0
90,4.51085950651685,1,0,0,6,0,84,4.442651256490317,1,0,4,0,4,38,3.6635616461296463,1,2,3,3,8,2,0,68998.0
19,2.995732273553991,0,1,4,5,9,60,4.110873864173311,1,0,0,4,0,72,4.290459441148391,1,0,2,2,2,1,0,221246507.0
88,4.48863636973214,1,1,3,4,8,35,3.58351893845611,0,2,0,0,5,77,4.356708826689592,0,2,2,0,7,1,0,11443787.0
25,3.258096538021482,0,1,0,4,5,46,3.8501476017100584,1,1,1,4,6,30,3.4339872044851463,1,0,0,2,0,1,0,1360257.0
83,4.430816798843313,0,2,3,6,3,86,4.465908118654584,1,2,1,2,6,78,4.3694478524670215,1,0,3,1,8,1,0,1256847.0
78,4.3694478524670215,1,0,3,1,8,83,4.430816798843313,0,2,3,6,3,78,4.3694478524670215,1,0,3,1,8,1,1,2775939.0
14,2.70805020110221,1,2,4,0,4,22,3.1354942159291497,1,1,2,1,2,12,2.5649493574615367,1,0,2,5,2,2,0,657.0
54,4.007333185232471,1,0,4,5,4,49,3.912023005428146,0,1,4,0,9,57,4.060443010546419,0,0,2,1,7,1,0,39249181.0
56,4.04305126783455,1,2,1,0,6,65,4.189654742026425,0,2,0,2,5,31,3.4657359027997265,0,1,1,3,1,1,0,18091.0
51,3.9512437185814275,0,0,1,2,1,56,4.04305126783455,1,2,1,0,6,29,3.4011973816621555,0,2,4,1,9,1,0,295481.0
71,4.276666119016055,0,2,1,1,1,22,3.1354942159291497,1,1,2,1,2,64,4.174387269895637,1,1,4,1,4,1,0,531583799.0
85,4.454347296253507,0,1,0,1,5,83,4.430816798843313,0,2,3,6,3,61,4.127134385045092,0,1,1,5,1,1,0,1482321609.0
35,3.58351893845611,0,2,0,0,5,40,3.713572066704308,1,1,0,5,0,39,3.6888794541139363,0,0,4,4,9,1,0,50844.0
58,4.07753744390572,1,1,3,2,8,89,4.499809670330265,0,2,4,5,9,57,4.060443010546419,0,0,2,1,7,1,0,2246095.0
80,4.394449154672439,1,2,0,3,0,50,3.9318256327243257,1,2,0,1,0,56,4.04305126783455,1,2,1,0,6,2,0,54422236.0
74,4.31748811353631,1,2,4,4,4,21,3.091042453358316,0,0,1,0,1,68,4.23410650459726,1,2,3,5,8,1,0,62219.0
49,3.912023005428146,0,1,4,0,9,20,3.044522437723423,1,2,0,6,0,63,4.1588830833596715,0,0,3,0,3,1,0,2279909.0
44,3.8066624897703196,1,2,4,2,4,57,4.060443010546419,0,0,2,1,7,60,4.110873864173311,1,0,0,4,0,1,0,2349520447.0
77,4.356708826689592,0,2,2,0,7,58,4.07753744390572,1,1,3,2,8,85,4.454347296253507,0,1,0,1,5,1,0,1651635.0
79,4.382026634673881,0,1,4,2,9,90,4.51085950651685,1,0,0,6,0,43,3.784189633918261,0,1,3,1,3,1,0,7684.0
25,3.258096538021482,0,1,0,4,5,68,4.23410650459726,1,2,3,5,8,52,3.970291913552122,1,1,2,3,2,1,0,39897489.0
28,3.367295829986474,1,1,3,0,8,83,4.430816798843313,0,2,3,6,3,58,4.07753744390572,1,1,3,2,8,1,0,233129807.0
42,3.7612001156935624,1,0,2,0,2,76,4.343805421853684,1,1,1,6,6,63,4.1588830833596715,0,0,3,0,3,1,0,3014815463.0
61,4.127134385045092,0,1,1,5,1,43,3.784189633918261,0,1,3,1,3,61,4.127134385045092,0,1,1,5,1,1,1,1366399.0
66,4.204692619390966,1,0,1,3,6,18,2.9444389791664403,1,0,3,4,8,61,4.127134385045092,0,1,1,5,1,1,0,275280479.0
13,2.6390573296152584,0,1,3,6,3,33,3.5263605246161616,0,0,3,5,3,23,3.1780538303479458,0,2,3,2,3,1,0,7048407.0
57,4.060443010546419,0,0,2,1,7,20,3.044522437723423,1,2,0,6,0,42,3.7612001156935624,1,0,2,0,2,1,0,3691179.0
72,4.290459441148391,1,0,2,2,2,42,3.7612001156935624,1,0,2,0,2,42,3.7612001156935624,1,0,2,0,2,6,1,9.0
55,4.02535169073515,0,1,0,6,5,85,4.454347296253507,0,1,0,1,5,86,4.465908118654584,1,2,1,2,6,1,0,1203533.0
82,4.418840607796598,1,1,2,5,2,57,4.060443010546419,0,0,2,1,7,28,3.367295829986474,1,1,3,0,8,1,0,1001811.0
50,3.9318256327243257,1,2,0,1,0,56,4.04305126783455,1,2,1,0,6,11,2.4849066497880004,0,2,1,4,1,1,0,56551.0
29,3.4011973816621555,0,2,4,1,9,41,3.7376696182833684,0,2,1,6,1,43,3.784189633918261,0,1,3,1,3,1,0,41212321.0
37,3.6375861597263857,0,1,2,2,7,88,4.48863636973214,1,1,3,4,8,73,4.30406509320417,0,1,3,3,3,1,0,2860576.0
87,4.477336814478207,0,0,2,3,7,82,4.418840607796598,1,1,2,5,2,49,3.912023005428146,0,1,4,0,9,1,0,97777.0
88,4.48863636973214,1,1,3,4,8,86,4.465908118654584,1,2,1,2,6,83,4.430816798843313,0,2,3,6,3,1,0,340288743.0
48,3.8918202981106265,1,0,3,6,8,40,3.713572066704308,1,1,0,5,0,65,4.189654742026425,0,2,0,2,5,1,0,1368772911.0
47,3.871201010907891,0,2,2,5,7,40,3.713572066704308,1,1,0,5,0,24,3.2188758248682006,1,0,4,3,4,1,0,26213485.0
59,4.0943445622221,0,2,4,3,9,39,3.6888794541139363,0,0,4,4,9,29,3.4011973816621555,0,2,4,1,9,1,0,74071.0
48,3.8918202981106265,1,0,3,6,8,41,3.7376696182833684,0,2,1,6,1,86,4.465908118654584,1,2,1,2,6,1,0,38523459.0
84,4.442651256490317,1,0,4,0,4,24,3.2188758248682006,1,0,4,3,4,76,4.343805421853684,1,1,1,6,6,4,0,992.0
64,4.174387269895637,1,1,4,1,4,43,3.784189633918261,0,1,3,1,3,61,4.127134385045092,0,1,1,5,1,1,0,1165347.0
17,2.8903717578961645,0,2,2,3,7,79,4.382026634673881,0,1,4,2,9,66,4.204692619390966,1,0,1,3,6,1,0,8948.0
38,3.6635616461296463,1,2,3,3,8,65,4.189654742026425,0,2,0,2,5,57,4.060443010546419,0,0,2,1,7,1,0,3126305.0
42,3.7612001156935624,1,0,2,0,2,51,3.9512437185814275,0,0,1,2,1,47,3.871201010907891,0,2,2,5,7,1,0,4935781.0
59,4.0943445622221,0,2,4,3,9,33,3.5263605246161616,0,0,3,5,3,53,3.9889840465642745,0,2,3,4,3,1,0,12880777.0
43,3.784189633918261,0,1,3,1,3,51,3.9512437185814275,0,0,1,2,1,71,4.276666119016055,0,2,1,1,1,1,0,209718409.0
77,4.356708826689592,0,2,2,0,7,79,4.382026634673881,0,1,4,2,9,25,3.258096538021482,0,1,0,4,5,1,0,129666025.0
70,4.2626798770413155,1,1,0,0,0,79,4.382026634673881,0,1,4,2,9,32,3.4965075614664802,1,2,2,4,2,1,0,206744985.0
81,4.406719247264253,0,0,1,4,1,82,4.418840607796598,1,1,2,5,2,43,3.784189633918261,0,1,3,1,3,1,0,399.0
63,4.1588830833596715,0,0,3,0,3,82,4.418840607796598,1,1,2,5,2,66,4.204692619390966,1,0,1,3,6,1,0,9103999523.0
17,2.8903717578961645,0,2,2,3,7,80,4.394449154672439,1,2,0,3,0,80,4.394449154672439,1,2,0,3,0,1,1,1474399.0
70,4.2626798770413155,1,1,0,0,0,74,4.31748811353631,1,2,4,4,4,60,4.110873864173311,1,0,0,4,0,2,0,2625.0
88,4.48863636973214,1,1,3,4,8,30,3.4339872044851463,1,0,0,2,0,76,4.343805421853684,1,1,1,6,6,2,0,345246.0
38,3.6635616461296463,1,2,3,3,8,85,4.454347296253507,0,1,0,1,5,55,4.02535169073515,0,1,0,6,5,1,0,3173.0
21,3.091042453358316,0,0,1,0,1,67,4.219507705176107,0,1,2,4,7,51,3.9512437185814275,0,0,1,2,1,1,0,152872547.0
90,4.51085950651685,1,0,0,6,0,90,4.51085950651685,1,0,0,6,0,58,4.07753744390572,1,1,3,2,8,2,1,267422.0
65,4.189654742026425,0,2,0,2,5,64,4.174387269895637,1,1,4,1,4,89,4.499809670330265,0,2,4,5,9,1,0,2682.0
80,4.394449154672439,1,2,0,3,0,18,2.9444389791664403,1,0,3,4,8,82,4.418840607796598,1,1,2,5,2,2,0,261.0
38,3.6635616461296463,1,2,3,3,8,25,3.258096538021482,0,1,0,4,5,31,3.4657359027997265,0,1,1,3,1,1,0,4170.0
19,2.995732273553991,0,1,4,5,9,46,3.8501476017100584,1,1,1,4,6,39,3.6888794541139363,0,0,4,4,9,1,0,202101.0
61,4.127134385045092,0,1,1,5,1,80,4.394449154672439,1,2,0,3,0,57,4.060443010546419,0,0,2,1,7,1,0,16442.0
88,4.48863636973214,1,1,3,4,8,85,4.454347296253507,0,1,0,1,5,89,4.499809670330265,0,2,4,5,9,1,0,29681760.0
36,3.6109179126442243,1,0,1,1,6,37,3.6375861597263857,0,1,2,2,7,44,3.8066624897703196,1,2,4,2,4,1,0,55970841.0
39,3.6888794541139363,0,0,4,4,9,18,2.9444389791664403,1,0,3,4,8,55,4.02535169073515,0,1,0,6,5,1,0,454249.0
67,4.219507705176107,0,1,2,4,7,23,3.1780538303479458,0,2,3,2,3,63,4.1588830833596715,0,0,3,0,3,1,0,66317873.0
35,3.58351893845611,0,2,0,0,5,78,4.3694478524670215,1,0,3,1,8,84,4.442651256490317,1,0,4,0,4,1,0,3043958791.0
53,3.9889840465642745,0,2,3,4,3,48,3.8918202981106265,1,0,3,6,8,33,3.5263605246161616,0,0,3,5,3,1,0,785262.0
83,4.430816798843313,0,2,3,6,3,52,3.970291913552122,1,1,2,3,2,51,3.9512437185814275,0,0,1,2,1,1,0,2747867.0
31,3.4657359027997265,0,1,1,3,1,25,3.258096538021482,0,1,0,4,5,42,3.7612001156935624,1,0,2,0,2,1,0,28.0
60,4.110873864173311,1,0,0,4,0,25,3.258096538021482,0,1,0,4,5,77,4.356708826689592,0,2,2,0,7,1,0,2280.0
69,4.248495242049359,0,0,4,6,9,48,3.8918202981106265,1,0,3,6,8,72,4.290459441148391,1,0,2,2,2,3,0,6576681.0
37,3.6375861597263857,0,1,2,2,7,53,3.9889840465642745,0,2,3,4,3,34,3.5553480614894135,1,1,4,6,4,1,0,9431.0
37,3.6375861597263857,0,1,2,2,7,74,4.31748811353631,1,2,4,4,4,84,4.442651256490317,1,0,4,0,4,1,1,2923811.0
19,2.995732273553991,0,1,4,5,9,68,4.23410650459726,1,2,3,5,8,72,4.290459441148391,1,0,2,2,2,1,0,3430453.0
37,3.6375861597263857,0,1,2,2,7,73,4.30406509320417,0,1,3,3,3,82,4.418840607796598,1,1,2,5,2,1,0,47595001.0
62,4.143134726391533,1,2,2,6,2,51,3.9512437185814275,0,0,1,2,1,17,2.8903717578961645,0,2,2,3,7,1,1,3148.0
74,4.31748811353631,1,2,4,4,4,50,3.9318256327243257,1,2,0,1,0,58,4.07753744390572,1,1,3,2,8,2,0,60060834.0
64,4.174387269895637,1,1,4,1,4,72,4.290459441148391,1,0,2,2,2,14,2.70805020110221,1,2,4,0,4,2,0,1787306.0
78,4.3694478524670215,1,0,3,1,8,22,3.1354942159291497,1,1,2,1,2,65,4.189654742026425,0,2,0,2,5,1,0,417319.0
84,4.442651256490317,1,0,4,0,4,69,4.248495242049359,0,0,4,6,9,84,4.442651256490317,1,0,4,0,4,3,1,45393.0
11,2.4849066497880004,0,2,1,4,1,85,4.454347296253507,0,1,0,1,5,80,4.394449154672439,1,2,0,3,0,1,0,403274.0
40,3.713572066704308,1,1,0,5,0,59,4.0943445622221,0,2,4,3,9,90,4.51085950651685,1,0,0,6,0,1,0,2961649.0
28,3.367295829986474,1,1,3,0,8,79,4.382026634673881,0,1,4,2,9,60,4.110873864173311,1,0,0,4,0,1,0,7705669.0
26,3.295836866004329,1,2,1,5,6,67,4.219507705176107,0,1,2,4,7,46,3.8501476017100584,1,1,1,4,6,1,0,194614547.0
60,4.110873864173311,1,0,0,4,0,82,4.418840607796598,1,1,2,5,2,28,3.367295829986474,1,1,3,0,8,2,0,32868.0
50,3.9318256327243257,1,2,0,1,0,78,4.3694478524670215,1,0,3,1,8,58,4.07753744390572,1,1,3,2,8,2,0,96836.0
12,2.5649493574615367,1,0,2,5,2,30,3.4339872044851463,1,0,0,2,0,38,3.6635616461296463,1,2,3,3,8,2,0,3205.0
79,4.382026634673881,0,1,4,2,9,52,3.970291913552122,1,1,2,3,2,29,3.4011973816621555,0,2,4,1,9,1,0,539507.0
75,4.330733340286331,0,0,0,5,5,50,3.9318256327243257,1,2,0,1,0,51,3.9512437185814275,0,0,1,2,1,1,0,43524681.0
66,4.204692619390966,1,0,1,3,6,75,4.330733340286331,0,0,0,5,5,41,3.7376696182833684,0,2,1,6,1,1,0,18.0
30,3.4339872044851463,1,0,0,2,0,34,3.5553480614894135,1,1,4,6,4,16,2.833213344056216,1,1,1,2,6,2,0,1148.0
58,4.07753744390572,1,1,3,2,8,41,3.7376696182833684,0,2,1,6,1,59,4.0943445622221,0,2,4,3,9,1,0,1974045.0
39,3.6888794541139363,0,0,4,4,9,78,4.3694478524670215,1,0,3,1,8,75,4.330733340286331,0,0,0,5,5,3,1,303.0
81,4.406719247264253,0,0,1,4,1,41,3.7376696182833684,0,2,1,6,1,50,3.9318256327243257,1,2,0,1,0,1,0,3.0
68,4.23410650459726,1,2,3,5,8,68,4.23410650459726,1,2,3,5,8,13,2.6390573296152584,0,1,3,6,3,1,1,829319.0
67,4.219507705176107,0,1,2,4,7,29,3.4011973816621555,0,2,4,1,9,57,4.060443010546419,0,0,2,1,7,1,0,2439207.0
71,4.276666119016055,0,2,1,1,1,88,4.48863636973214,1,1,3,4,8,85,4.454347296253507,0,1,0,1,5,1,0,1083713.0
56,4.04305126783455,1,2,1,0,6,51,3.9512437185814275,0,0,1,2,1,28,3.367295829986474,1,1,3,0,8,1,1,621576459.0
18,2.9444389791664403,1,0,3,4,8,88,4.48863636973214,1,1,3,4,8,85,4.454347296253507,0,1,0,1,5,1,0,284795.0
37,3.6375861597263857,0,1,2,2,7,28,3.367295829986474,1,1,3,0,8,51,3.9512437185814275,0,0,1,2,1,1,0,9965.0
87,4.477336814478207,0,0,2,3,7,50,3.9318256327243257,1,2,0,1,0,54,4.007333185232471,1,0,4,5,4,1,0,2699287867.0
66,4.204692619390966,1,0,1,3,6,35,3.58351893845611,0,2,0,0,5,87,4.477336814478207,0,0,2,3,7,1,0,133723.0
39,3.6888794541139363,0,0,4,4,9,48,3.8918202981106265,1,0,3,6,8,11,2.4849066497880004,0,2,1,4,1,1,0,10380.0
53,3.9889840465642745,0,2,3,4,3,69,4.248495242049359,0,0,4,6,9,45,3.828641396489095,0,0,0,3,5,1,0,2369868571.0
19,2.995732273553991,0,1,4,5,9,74,4.31748811353631,1,2,4,4,4,78,4.3694478524670215,1,0,3,1,8,1,0,495487827.0
16,2.833213344056216,1,1,1,2,6,67,4.219507705176107,0,1,2,4,7,78,4.3694478524670215,1,0,3,1,8,1,0,38225.0
52,3.970291913552122,1,1,2,3,2,47,3.871201010907891,0,2,2,5,7,26,3.295836866004329,1,2,1,5,6,1,1,422687351.0
38,3.6635616461296463,1,2,3,3,8,51,3.9512437185814275,0,0,1,2,1,43,3.784189633918261,0,1,3,1,3,1,0,3404145.0
12,2.5649493574615367,1,0,2,5,2,30,3.4339872044851463,1,0,0,2,0,21,3.091042453358316,0,0,1,0,1,3,0,6883.0
40,3.713572066704308,1,1,0,5,0,78,4.3694478524670215,1,0,3,1,8,39,3.6888794541139363,0,0,4,4,9,1,1,75928631.0
82,4.418840607796598,1,1,2,5,2,45,3.828641396489095,0,0,0,3,5,76,4.343805421853684,1,1,1,6,6,1,0,67482451.0
25,3.258096538021482,0,1,0,4,5,36,3.6109179126442243,1,0,1,1,6,20,3.044522437723423,1,2,0,6,0,1,0,4885777.0
48,3.8918202981106265,1,0,3,6,8,19,2.995732273553991,0,1,4,5,9,53,3.9889840465642745,0,2,3,4,3,1,0,743907.0
29,3.4011973816621555,0,2,4,1,9,86,4.465908118654584,1,2,1,2,6,67,4.219507705176107,0,1,2,4,7,1,0,892830.0
24,3.2188758248682006,1,0,4,3,4,60,4.110873864173311,1,0,0,4,0,69,4.248495242049359,0,0,4,6,9,3,0,31735.0
63,4.1588830833596715,0,0,3,0,3,77,4.356708826689592,0,2,2,0,7,29,3.4011973816621555,0,2,4,1,9,1,0,12524319.0
64,4.174387269895637,1,1,4,1,4,34,3.5553480614894135,1,1,4,6,4,71,4.276666119016055,0,2,1,1,1,1,0,7932257.0
20,3.044522437723423,1,2,0,6,0,30,3.4339872044851463,1,0,0,2,0,27,3.332204510175204,0,0,2,6,7,1,0,54142999.0
65,4.189654742026425,0,2,0,2,5,11,2.4849066497880004,0,2,1,4,1,63,4.1588830833596715,0,0,3,0,3,1,0,693.0
27,3.332204510175204,0,0,2,6,7,56,4.04305126783455,1,2,1,0,6,39,3.6888794541139363,0,0,4,4,9,1,0,240810.0
81,4.406719247264253,0,0,1,4,1,25,3.258096538021482,0,1,0,4,5,80,4.394449154672439,1,2,0,3,0,1,0,19344.0
72,4.290459441148391,1,0,2,2,2,46,3.8501476017100584,1,1,1,4,6,51,3.9512437185814275,0,0,1,2,1,1,0,90410403.0
86,4.465908118654584,1,2,1,2,6,63,4.1588830833596715,0,0,3,0,3,47,3.871201010907891,0,2,2,5,7,1,0,186549.0
64,4.174387269895637,1,1,4,1,4,81,4.406719247264253,0,0,1,4,1,64,4.174387269895637,1,1,4,1,4,1,1,807.0
83,4.430816798843313,0,2,3,6,3,78,4.3694478524670215,1,0,3,1,8,19,2.995732273553991,0,1,4,5,9,1,0,2138037.0
15,2.772588722239781,0,0,0,1,5,66,4.204692619390966,1,0,1,3,6,67,4.219507705176107,0,1,2,4,7,1,0,778208.0
74,4.31748811353631,1,2,4,4,4,36,3.6109179126442243,1,0,1,1,6,50,3.9318256327243257,1,2,0,1,0,2,0,63.0
36,3.6109179126442243,1,0,1,1,6,49,3.912023005428146,0,1,4,0,9,40,3.713572066704308,1,1,0,5,0,1,0,891049.0
61,4.127134385045092,0,1,1,5,1,28,3.367295829986474,1,1,3,0,8,73,4.30406509320417,0,1,3,3,3,1,0,218242.0
28,3.367295829986474,1,1,3,0,8,52,3.970291913552122,1,1,2,3,2,72,4.290459441148391,1,0,2,2,2,4,0,12.0
89,4.499809670330265,0,2,4,5,9,67,4.219507705176107,0,1,2,4,7,71,4.276666119016055,0,2,1,1,1,1,0,262939385.0
68,4.23410650459726,1,2,3,5,8,79,4.382026634673881,0,1,4,2,9,27,3.332204510175204,0,0,2,6,7,1,0,252954.0
19,2.995732273553991,0,1,4,5,9,90,4.51085950651685,1,0,0,6,0,84,4.442651256490317,1,0,4,0,4,1,0,1006835.0
38,3.6635616461296463,1,2,3,3,8,52,3.970291913552122,1,1,2,3,2,52,3.970291913552122,1,1,2,3,2,2,1,53466.0
23,3.1780538303479458,0,2,3,2,3,69,4.248495242049359,0,0,4,6,9,64,4.174387269895637,1,1,4,1,4,1,1,1073855.0
67,4.219507705176107,0,1,2,4,7,31,3.4657359027997265,0,1,1,3,1,80,4.394449154672439,1,2,0,3,0,1,0,160182.0
13,2.6390573296152584,0,1,3,6,3,43,3.784189633918261,0,1,3,1,3,35,3.58351893845611,0,2,0,0,5,1,0,981507.0
59,4.0943445622221,0,2,4,3,9,82,4.418840607796598,1,1,2,5,2,63,4.1588830833596715,0,0,3,0,3,1,0,27816363.0
86,4.465908118654584,1,2,1,2,6,45,3.828641396489095,0,0,0,3,5,84,4.442651256490317,1,0,4,0,4,1,0,268259999.0
51,3.9512437185814275,0,0,1,2,1,60,4.110873864173311,1,0,0,4,0,17,2.8903717578961645,0,2,2,3,7,1,1,520813.0
24,3.2188758248682006,1,0,4,3,4,29,3.4011973816621555,0,2,4,1,9,48,3.8918202981106265,1,0,3,6,8,1,1,62888647.0
51,3.9512437185814275,0,0,1,2,1,47,3.871201010907891,0,2,2,5,7,74,4.31748811353631,1,2,4,4,4,1,0,1025867.0
82,4.418840607796598,1,1,2,5,2,50,3.9318256327243257,1,2,0,1,0,66,4.204692619390966,1,0,1,3,6,2,0,1695200.0
55,4.02535169073515,0,1,0,6,5,11,2.4849066497880004,0,2,1,4,1,55,4.02535169073515,0,1,0,6,5,11,3,497.0
45,3.828641396489095,0,0,0,3,5,58,4.07753744390572,1,1,3,2,8,76,4.343805421853684,1,1,1,6,6,1,0,4037621.0
85,4.454347296253507,0,1,0,1,5,63,4.1588830833596715,0,0,3,0,3,34,3.5553480614894135,1,1,4,6,4,1,0,1769.0
59,4.0943445622221,0,2,4,3,9,46,3.8501476017100584,1,1,1,4,6,67,4.219507705176107,0,1,2,4,7,1,0,1343566.0
11,2.4849066497880004,0,2,1,4,1,61,4.127134385045092,0,1,1,5,1,52,3.970291913552122,1,1,2,3,2,1,0,292353.0
54,4.007333185232471,1,0,4,5,4,55,4.02535169073515,0,1,0,6,5,10,2.3978952727983707,1,1,0,3,0,1,0,491.0
31,3.4657359027997265,0,1,1,3,1,36,3.6109179126442243,1,0,1,1,6,17,2.8903717578961645,0,2,2,3,7,1,0,33393.0
77,4.356708826689592,0,2,2,0,7,69,4.248495242049359,0,0,4,6,9,42,3.7612001156935624,1,0,2,0,2,1,0,579203.0
53,3.9889840465642745,0,2,3,4,3,45,3.828641396489095,0,0,0,3,5,12,2.5649493574615367,1,0,2,5,2,1,0,29079.0
23,3.1780538303479458,0,2,3,2,3,20,3.044522437723423,1,2,0,6,0,25,3.258096538021482,0,1,0,4,5,1,0,59127.0
67,4.219507705176107,0,1,2,4,7,55,4.02535169073515,0,1,0,6,5,46,3.8501476017100584,1,1,1,4,6,1,0,4666261.0
38,3.6635616461296463,1,2,3,3,8,30,3.4339872044851463,1,0,0,2,0,39,3.6888794541139363,0,0,4,4,9,1,0,314292691.0
54,4.007333185232471,1,0,4,5,4,29,3.4011973816621555,0,2,4,1,9,60,4.110873864173311,1,0,0,4,0,1,0,31397979.0
85,4.454347296253507,0,1,0,1,5,54,4.007333185232471,1,0,4,5,4,45,3.828641396489095,0,0,0,3,5,1,0,29772025.0
38,3.6635616461296463,1,2,3,3,8,70,4.2626798770413155,1,1,0,0,0,36,3.6109179126442243,1,0,1,1,6,2,0,6141.0
53,3.9889840465642745,0,2,3,4,3,47,3.871201010907891,0,2,2,5,7,56,4.04305126783455,1,2,1,0,6,1,0,153429.0
40,3.713572066704308,1,1,0,5,0,35,3.58351893845611,0,2,0,0,5,45,3.828641396489095,0,0,0,3,5,5,0,193.0
38,3.6635616461296463,1,2,3,3,8,51,3.9512437185814275,0,0,1,2,1,87,4.477336814478207,0,0,2,3,7,1,0,147217.0
67,4.219507705176107,0,1,2,4,7,19,2.995732273553991,0,1,4,5,9,78,4.3694478524670215,1,0,3,1,8,1,0,15087.0
53,3.9889840465642745,0,2,3,4,3,50,3.9318256327243257,1,2,0,1,0,55,4.02535169073515,0,1,0,6,5,1,0,2346732.0
75,4.330733340286331,0,0,0,5,5,69,4.248495242049359,0,0,4,6,9,50,3.9318256327243257,1,2,0,1,0,1,0,5368461.0
48,3.8918202981106265,1,0,3,6,8,73,4.30406509320417,0,1,3,3,3,46,3.8501476017100584,1,1,1,4,6,1,0,8351847.0
70,4.2626798770413155,1,1,0,0,0,72,4.290459441148391,1,0,2,2,2,18,2.9444389791664403,1,0,3,4,8,2,1,92990.0
31,3.4657359027997265,0,1,1,3,1,60,4.110873864173311,1,0,0,4,0,57,4.060443010546419,0,0,2,1,7,1,0,16080757.0
37,3.6375861597263857,0,1,2,2,7,50,3.9318256327243257,1,2,0,1,0,31,3.4657359027997265,0,1,1,3,1,1,0,41577.0
68,4.23410650459726,1,2,3,5,8,71,4.276666119016055,0,2,1,1,1,12,2.5649493574615367,1,0,2,5,2,1,0,1351717.0
66,4.204692619390966,1,0,1,3,6,48,3.8918202981106265,1,0,3,6,8,28,3.367295829986474,1,1,3,0,8,2,0,6525094.0
60,4.110873864173311,1,0,0,4,0,73,4.30406509320417,0,1,3,3,3,51,3.9512437185814275,0,0,1,2,1,1,0,4207743.0
49,3.912023005428146,0,1,4,0,9,62,4.143134726391533,1,2,2,6,2,28,3.367295829986474,1,1,3,0,8,1,0,537320723.0
58,4.07753744390572,1,1,3,2,8,66,4.204692619390966,1,0,1,3,6,61,4.127134385045092,0,1,1,5,1,1,0,64541673.0
61,4.127134385045092,0,1,1,5,1,44,3.8066624897703196,1,2,4,2,4,34,3.5553480614894135,1,1,4,6,4,1,0,2427411.0
43,3.784189633918261,0,1,3,1,3,33,3.5263605246161616,0,0,3,5,3,26,3.295836866004329,1,2,1,5,6,1,0,1206.0
50,3.9318256327243257,1,2,0,1,0,73,4.30406509320417,0,1,3,3,3,77,4.356708826689592,0,2,2,0,7,1,0,436955.0
59,4.0943445622221,0,2,4,3,9,44,3.8066624897703196,1,2,4,2,4,48,3.8918202981106265,1,0,3,6,8,1,0,172605.0
52,3.970291913552122,1,1,2,3,2,71,4.276666119016055,0,2,1,1,1,28,3.367295829986474,1,1,3,0,8,1,0,51307965.0
85,4.454347296253507,0,1,0,1,5,88,4.48863636973214,1,1,3,4,8,64,4.174387269895637,1,1,4,1,4,1,0,16072207831.0
12,2.5649493574615367,1,0,2,5,2,74,4.31748811353631,1,2,4,4,4,82,4.418840607796598,1,1,2,5,2,2,0,2434.0
18,2.9444389791664403,1,0,3,4,8,10,2.3978952727983707,1,1,0,3,0,10,2.3978952727983707,1,1,0,3,0,2,1,36.0
56,4.04305126783455,1,2,1,0,6,36,3.6109179126442243,1,0,1,1,6,64,4.174387269895637,1,1,4,1,4,4,0,30161.0
74,4.31748811353631,1,2,4,4,4,73,4.30406509320417,0,1,3,3,3,28,3.367295829986474,1,1,3,0,8,1,0,154227373.0
51,3.9512437185814275,0,0,1,2,1,39,3.6888794541139363,0,0,4,4,9,28,3.367295829986474,1,1,3,0,8,1,0,79928.0
73,4.30406509320417,0,1,3,3,3,83,4.430816798843313,0,2,3,6,3,11,2.4849066497880004,0,2,1,4,1,1,0,116699.0
28,3.367295829986474,1,1,3,0,8,12,2.5649493574615367,1,0,2,5,2,39,3.6888794541139363,0,0,4,4,9,1,0,3403163.0
63,4.1588830833596715,0,0,3,0,3,43,3.784189633918261,0,1,3,1,3,87,4.477336814478207,0,0,2,3,7,1,0,114153199.0
57,4.060443010546419,0,0,2,1,7,33,3.5263605246161616,0,0,3,5,3,41,3.7376696182833684,0,2,1,6,1,1,0,11342329.0
59,4.0943445622221,0,2,4,3,9,52,3.970291913552122,1,1,2,3,2,30,3.4339872044851463,1,0,0,2,0,1,0,9742975.0
47,3.871201010907891,0,2,2,5,7,18,2.9444389791664403,1,0,3,4,8,44,3.8066624897703196,1,2,4,2,4,1,0,1672279.0
31,3.4657359027997265,0,1,1,3,1,75,4.330733340286331,0,0,0,5,5,48,3.8918202981106265,1,0,3,6,8,1,0,248200.0
39,3.6888794541139363,0,0,4,4,9,82,4.418840607796598,1,1,2,5,2,83,4.430816798843313,0,2,3,6,3,1,0,1889445.0
31,3.4657359027997265,0,1,1,3,1,53,3.9889840465642745,0,2,3,4,3,40,3.713572066704308,1,1,0,5,0,1,0,792759.0
80,4.394449154672439,1,2,0,3,0,75,4.330733340286331,0,0,0,5,5,29,3.4011973816621555,0,2,4,1,9,1,0,81243.0
85,4.454347296253507,0,1,0,1,5,61,4.127134385045092,0,1,1,5,1,55,4.02535169073515,0,1,0,6,5,1,0,5553250399.0
64,4.174387269895637,1,1,4,1,4,44,3.8066624897703196,1,2,4,2,4,26,3.295836866004329,1,2,1,5,6,2,0,3213186.0
77,4.356708826689592,0,2,2,0,7,75,4.330733340286331,0,0,0,5,5,60,4.110873864173311,1,0,0,4,0,1,0,151321605.0
56,4.04305126783455,1,2,1,0,6,44,3.8066624897703196,1,2,4,2,4,36,3.6109179126442243,1,0,1,1,6,4,0,17.0
87,4.477336814478207,0,0,2,3,7,83,4.430816798843313,0,2,3,6,3,80,4.394449154672439,1,2,0,3,0,1,0,288814.0
28,3.367295829986474,1,1,3,0,8,73,4.30406509320417,0,1,3,3,3,78,4.3694478524670215,1,0,3,1,8,1,0,158654859.0
60,4.110873864173311,1,0,0,4,0,90,4.51085950651685,1,0,0,6,0,64,4.174387269895637,1,1,4,1,4,2,0,122008810.0
35,3.58351893845611,0,2,0,0,5,11,2.4849066497880004,0,2,1,4,1,44,3.8066624897703196,1,2,4,2,4,1,1,559.0
56,4.04305126783455,1,2,1,0,6,69,4.248495242049359,0,0,4,6,9,58,4.07753744390572,1,1,3,2,8,1,0,521744061.0
65,4.189654742026425,0,2,0,2,5,41,3.7376696182833684,0,2,1,6,1,54,4.007333185232471,1,0,4,5,4,1,0,2245.0
44,3.8066624897703196,1,2,4,2,4,17,2.8903717578961645,0,2,2,3,7,35,3.58351893845611,0,2,0,0,5,1,0,233917.0
56,4.04305126783455,1,2,1,0,6,58,4.07753744390572,1,1,3,2,8,24,3.2188758248682006,1,0,4,3,4,2,0,876894.0
47,3.871201010907891,0,2,2,5,7,11,2.4849066497880004,0,2,1,4,1,47,3.871201010907891,0,2,2,5,7,1,1,323911.0
36,3.6109179126442243,1,0,1,1,6,76,4.343805421853684,1,1,1,6,6,65,4.189654742026425,0,2,0,2,5,1,0,3455571.0
53,3.9889840465642745,0,2,3,4,3,57,4.060443010546419,0,0,2,1,7,78,4.3694478524670215,1,0,3,1,8,1,0,4197272.0
68,4.23410650459726,1,2,3,5,8,88,4.48863636973214,1,1,3,4,8,55,4.02535169073515,0,1,0,6,5,1,0,11663767.0
64,4.174387269895637,1,1,4,1,4,23,3.1780538303479458,0,2,3,2,3,75,4.330733340286331,0,0,0,5,5,1,0,531680.0
20,3.044522437723423,1,2,0,6,0,65,4.189654742026425,0,2,0,2,5,70,4.2626798770413155,1,1,0,0,0,5,0,28263.0
72,4.290459441148391,1,0,2,2,2,70,4.2626798770413155,1,1,0,0,0,47,3.871201010907891,0,2,2,5,7,1,0,432059.0
69,4.248495242049359,0,0,4,6,9,74,4.31748811353631,1,2,4,4,4,30,3.4339872044851463,1,0,0,2,0,1,0,2428171.0
53,3.9889840465642745,0,2,3,4,3,69,4.248495242049359,0,0,4,6,9,82,4.418840607796598,1,1,2,5,2,1,0,540669.0
83,4.430816798843313,0,2,3,6,3,70,4.2626798770413155,1,1,0,0,0,54,4.007333185232471,1,0,4,5,4,1,0,812226285.0
78,4.3694478524670215,1,0,3,1,8,67,4.219507705176107,0,1,2,4,7,15,2.772588722239781,0,0,0,1,5,1,0,10165.0
64,4.174387269895637,1,1,4,1,4,71,4.276666119016055,0,2,1,1,1,58,4.07753744390572,1,1,3,2,8,1,0,6252264959.0
52,3.970291913552122,1,1,2,3,2,25,3.258096538021482,0,1,0,4,5,31,3.4657359027997265,0,1,1,3,1,1,0,1030057.0
14,2.70805020110221,1,2,4,0,4,89,4.499809670330265,0,2,4,5,9,86,4.465908118654584,1,2,1,2,6,1,0,282723511.0
74,4.31748811353631,1,2,4,4,4,38,3.6635616461296463,1,2,3,3,8,78,4.3694478524670215,1,0,3,1,8,2,0,6842.0
67,4.219507705176107,0,1,2,4,7,46,3.8501476017100584,1,1,1,4,6,31,3.4657359027997265,0,1,1,3,1,1,0,7470133.0
32,3.4965075614664802,1,2,2,4,2,71,4.276666119016055,0,2,1,1,1,71,4.276666119016055,0,2,1,1,1,1,1,792.0
72,4.290459441148391,1,0,2,2,2,53,3.9889840465642745,0,2,3,4,3,87,4.477336814478207,0,0,2,3,7,1,0,118299201.0
53,3.9889840465642745,0,2,3,4,3,86,4.465908118654584,1,2,1,2,6,34,3.5553480614894135,1,1,4,6,4,1,0,101431319.0
29,3.4011973816621555,0,2,4,1,9,16,2.833213344056216,1,1,1,2,6,38,3.6635616461296463,1,2,3,3,8,1,0,1297431.0
13,2.6390573296152584,0,1,3,6,3,28,3.367295829986474,1,1,3,0,8,29,3.4011973816621555,0,2,4,1,9,1,0,19107.0
33,3.5263605246161616,0,0,3,5,3,42,3.7612001156935624,1,0,2,0,2,34,3.5553480614894135,1,1,4,6,4,1,0,13636395.0
47,3.871201010907891,0,2,2,5,7,24,3.2188758248682006,1,0,4,3,4,41,3.7376696182833684,0,2,1,6,1,1,0,3317.0
85,4.454347296253507,0,1,0,1,5,22,3.1354942159291497,1,1,2,1,2,71,4.276666119016055,0,2,1,1,1,1,0,52567.0
81,4.406719247264253,0,0,1,4,1,57,4.060443010546419,0,0,2,1,7,82,4.418840607796598,1,1,2,5,2,1,0,41243081.0
50,3.9318256327243257,1,2,0,1,0,88,4.48863636973214,1,1,3,4,8,84,4.442651256490317,1,0,4,0,4,2,0,15458584.0
63,4.1588830833596715,0,0,3,0,3,43,3.784189633918261,0,1,3,1,3,39,3.6888794541139363,0,0,4,4,9,1,0,953433647.0
66,4.204692619390966,1,0,1,3,6,77,4.356708826689592,0,2,2,0,7,26,3.295836866004329,1,2,1,5,6,1,0,10653385.0
30,3.4339872044851463,1,0,0,2,0,51,3.9512437185814275,0,0,1,2,1,72,4.290459441148391,1,0,2,2,2,3,0,709921.0
61,4.127134385045092,0,1,1,5,1,65,4.189654742026425,0,2,0,2,5,89,4.499809670330265,0,2,4,5,9,1,0,8476858235.0
59,4.0943445622221,0,2,4,3,9,47,3.871201010907891,0,2,2,5,7,69,4.248495242049359,0,0,4,6,9,1,0,4569819.0
19,2.995732273553991,0,1,4,5,9,25,3.258096538021482,0,1,0,4,5,25,3.258096538021482,0,1,0,4,5,1,1,1215.0
54,4.007333185232471,1,0,4,5,4,71,4.276666119016055,0,2,1,1,1,45,3.828641396489095,0,0,0,3,5,1,0,2425008.0
88,4.48863636973214,1,1,3,4,8,31,3.4657359027997265,0,1,1,3,1,85,4.454347296253507,0,1,0,1,5,1,0,4580985.0
69,4.248495242049359,0,0,4,6,9,56,4.04305126783455,1,2,1,0,6,38,3.6635616461296463,1,2,3,3,8,1,0,7787103.0
49,3.912023005428146,0,1,4,0,9,57,4.060443010546419,0,0,2,1,7,81,4.406719247264253,0,0,1,4,1,1,0,137089911.0
47,3.871201010907891,0,2,2,5,7,20,3.044522437723423,1,2,0,6,0,39,3.6888794541139363,0,0,4,4,9,1,0,14447.0
87,4.477336814478207,0,0,2,3,7,29,3.4011973816621555,0,2,4,1,9,78,4.3694478524670215,1,0,3,1,8,1,1,1746897.0
60,4.110873864173311,1,0,0,4,0,15,2.772588722239781,0,0,0,1,5,63,4.1588830833596715,0,0,3,0,3,3,1,17.0
28,3.367295829986474,1,1,3,0,8,46,3.8501476017100584,1,1,1,4,6,43,3.784189633918261,0,1,3,1,3,1,0,15867131.0
58,4.07753744390572,1,1,3,2,8,25,3.258096538021482,0,1,0,4,5,36,3.6109179126442243,1,0,1,1,6,1,0,864235.0
53,3.9889840465642745,0,2,3,4,3,33,3.5263605246161616,0,0,3,5,3,64,4.174387269895637,1,1,4,1,4,1,0,8622.0
54,4.007333185232471,1,0,4,5,4,63,4.1588830833596715,0,0,3,0,3,87,4.477336814478207,0,0,2,3,7,3,0,69190.0
83,4.430816798843313,0,2,3,6,3,29,3.4011973816621555,0,2,4,1,9,55,4.02535169073515,0,1,0,6,5,1,0,79290971.0
55,4.02535169073515,0,1,0,6,5,78,4.3694478524670215,1,0,3,1,8,71,4.276666119016055,0,2,1,1,1,1,0,29105448.0
82,4.418840607796598,1,1,2,5,2,19,2.995732273553991,0,1,4,5,9,68,4.23410650459726,1,2,3,5,8,1,0,222352463.0
89,4.499809670330265,0,2,4,5,9,88,4.48863636973214,1,1,3,4,8,81,4.406719247264253,0,0,1,4,1,1,0,425658.0
54,4.007333185232471,1,0,4,5,4,63,4.1588830833596715,0,0,3,0,3,14,2.70805020110221,1,2,4,0,4,1,0,71058307.0
36,3.6109179126442243,1,0,1,1,6,41,3.7376696182833684,0,2,1,6,1,37,3.6375861597263857,0,1,2,2,7,1,0,28516.0
51,3.9512437185814275,0,0,1,2,1,80,4.394449154672439,1,2,0,3,0,52,3.970291913552122,1,1,2,3,2,1,0,36667411.0
26,3.295836866004329,1,2,1,5,6,45,3.828641396489095,0,0,0,3,5,50,3.9318256327243257,1,2,0,1,0,1,0,4703407.0
59,4.0943445622221,0,2,4,3,9,31,3.4657359027997265,0,1,1,3,1,67,4.219507705176107,0,1,2,4,7,1,0,1156735559.0
49,3.912023005428146,0,1,4,0,9,12,2.5649493574615367,1,0,2,5,2,60,4.110873864173311,1,0,0,4,0,1,1,10499567.0
15,2.772588722239781,0,0,0,1,5,28,3.367295829986474,1,1,3,0,8,21,3.091042453358316,0,0,1,0,1,1,0,56213.0
74,4.31748811353631,1,2,4,4,4,67,4.219507705176107,0,1,2,4,7,29,3.4011973816621555,0,2,4,1,9,1,0,141208.0
23,3.1780538303479458,0,2,3,2,3,66,4.204692619390966,1,0,1,3,6,53,3.9889840465642745,0,2,3,4,3,1,0,1200.0
29,3.4011973816621555,0,2,4,1,9,40,3.713572066704308,1,1,0,5,0,59,4.0943445622221,0,2,4,3,9,1,0,47898.0
42,3.7612001156935624,1,0,2,0,2,41,3.7376696182833684,0,2,1,6,1,67,4.219507705176107,0,1,2,4,7,1,0,930968.0
33,3.5263605246161616,0,0,3,5,3,86,4.465908118654584,1,2,1,2,6,66,4.204692619390966,1,0,1,3,6,1,1,1400932399.0
57,4.060443010546419,0,0,2,1,7,61,4.127134385045092,0,1,1,5,1,83,4.430816798843313,0,2,3,6,3,1,0,6101968863.0
65,4.189654742026425,0,2,0,2,5,51,3.9512437185814275,0,0,1,2,1,90,4.51085950651685,1,0,0,6,0,1,0,259.0
71,4.276666119016055,0,2,1,1,1,14,2.70805020110221,1,2,4,0,4,79,4.382026634673881,0,1,4,2,9,1,0,553571.0
72,4.290459441148391,1,0,2,2,2,73,4.30406509320417,0,1,3,3,3,31,3.4657359027997265,0,1,1,3,1,1,0,21410.0
86,4.465908118654584,1,2,1,2,6,76,4.343805421853684,1,1,1,6,6,18,2.9444389791664403,1,0,3,4,8,2,0,30.0
27,3.332204510175204,0,0,2,6,7,44,3.8066624897703196,1,2,4,2,4,56,4.04305126783455,1,2,1,0,6,1,0,4775483.0
71,4.276666119016055,0,2,1,1,1,52,3.970291913552122,1,1,2,3,2,20,3.044522437723423,1,2,0,6,0,1,0,33430043.0
87,4.477336814478207,0,0,2,3,7,87,4.477336814478207,0,0,2,3,7,32,3.4965075614664802,1,2,2,4,2,1,1,11298.0
31,3.4657359027997265,0,1,1,3,1,46,3.8501476017100584,1,1,1,4,6,29,3.4011973816621555,0,2,4,1,9,1,0,7940.0
76,4.343805421853684,1,1,1,6,6,73,4.30406509320417,0,1,3,3,3,48,3.8918202981106265,1,0,3,6,8,1,0,68644481.0
73,4.30406509320417,0,1,3,3,3,50,3.9318256327243257,1,2,0,1,0,59,4.0943445622221,0,2,4,3,9,1,0,108985.0
37,3.6375861597263857,0,1,2,2,7,62,4.143134726391533,1,2,2,6,2,37,3.6375861597263857,0,1,2,2,7,1,1,8085.0
82,4.418840607796598,1,1,2,5,2,31,3.4657359027997265,0,1,1,3,1,74,4.31748811353631,1,2,4,4,4,1,0,77598183.0
51,3.9512437185814275,0,0,1,2,1,83,4.430816798843313,0,2,3,6,3,90,4.51085950651685,1,0,0,6,0,1,0,145911081.0
26,3.295836866004329,1,2,1,5,6,44,3.8066624897703196,1,2,4,2,4,49,3.912023005428146,0,1,4,0,9,1,0,360729131.0
88,4.48863636973214,1,1,3,4,8,51,3.9512437185814275,0,0,1,2,1,60,4.110873864173311,1,0,0,4,0,1,0,84253715.0
67,4.219507705176107,0,1,2,4,7,88,4.48863636973214,1,1,3,4,8,49,3.912023005428146,0,1,4,0,9,1,0,3753.0
84,4.442651256490317,1,0,4,0,4,90,4.51085950651685,1,0,0,6,0,77,4.356708826689592,0,2,2,0,7,1,0,23814957427.0
13,2.6390573296152584,0,1,3,6,3,28,3.367295829986474,1,1,3,0,8,40,3.713572066704308,1,1,0,5,0,1,0,7571.0
29,3.4011973816621555,0,2,4,1,9,18,2.9444389791664403,1,0,3,4,8,13,2.6390573296152584,0,1,3,6,3,1,0,12117.0
61,4.127134385045092,0,1,1,5,1,22,3.1354942159291497,1,1,2,1,2,54,4.007333185232471,1,0,4,5,4,1,0,4523983.0
56,4.04305126783455,1,2,1,0,6,47,3.871201010907891,0,2,2,5,7,18,2.9444389791664403,1,0,3,4,8,1,0,188641.0
82,4.418840607796598,1,1,2,5,2,68,4.23410650459726,1,2,3,5,8,72,4.290459441148391,1,0,2,2,2,2,0,197214926.0
78,4.3694478524670215,1,0,3,1,8,37,3.6375861597263857,0,1,2,2,7,42,3.7612001156935624,1,0,2,0,2,1,0,75338231.0
53,3.9889840465642745,0,2,3,4,3,86,4.465908118654584,1,2,1,2,6,42,3.7612001156935624,1,0,2,0,2,1,0,582333.0
47,3.871201010907891,0,2,2,5,7,63,4.1588830833596715,0,0,3,0,3,79,4.382026634673881,0,1,4,2,9,1,0,448749625.0
75,4.330733340286331,0,0,0,5,5,40,3.713572066704308,1,1,0,5,0,50,3.9318256327243257,1,2,0,1,0,5,0,2063175.0
54,4.007333185232471,1,0,4,5,4,66,4.204692619390966,1,0,1,3,6,68,4.23410650459726,1,2,3,5,8,2,0,930.0
78,4.3694478524670215,1,0,3,1,8,56,4.04305126783455,1,2,1,0,6,33,3.5263605246161616,0,0,3,5,3,1,0,7346355.0
41,3.7376696182833684,0,2,1,6,1,28,3.367295829986474,1,1,3,0,8,22,3.1354942159291497,1,1,2,1,2,1,0,7849605.0
44,3.8066624897703196,1,2,4,2,4,89,4.499809670330265,0,2,4,5,9,87,4.477336814478207,0,0,2,3,7,1,0,11999013.0
21,3.091042453358316,0,0,1,0,1,68,4.23410650459726,1,2,3,5,8,83,4.430816798843313,0,2,3,6,3,1,0,62439.0
22,3.1354942159291497,1,1,2,1,2,55,4.02535169073515,0,1,0,6,5,62,4.143134726391533,1,2,2,6,2,1,0,15260883.0
70,4.2626798770413155,1,1,0,0,0,55,4.02535169073515,0,1,0,6,5,47,3.871201010907891,0,2,2,5,7,1,0,2818092.0
28,3.367295829986474,1,1,3,0,8,35,3.58351893845611,0,2,0,0,5,47,3.871201010907891,0,2,2,5,7,1,0,7102.0
89,4.499809670330265,0,2,4,5,9,78,4.3694478524670215,1,0,3,1,8,19,2.995732273553991,0,1,4,5,9,1,0,407549.0
88,4.48863636973214,1,1,3,4,8,44,3.8066624897703196,1,2,4,2,4,70,4.2626798770413155,1,1,0,0,0,2,1,66874404.0
41,3.7376696182833684,0,2,1,6,1,51,3.9512437185814275,0,0,1,2,1,68,4.23410650459726,1,2,3,5,8,1,0,734669.0
25,3.258096538021482,0,1,0,4,5,58,4.07753744390572,1,1,3,2,8,48,3.8918202981106265,1,0,3,6,8,1,0,1107.0
82,4.418840607796598,1,1,2,5,2,24,3.2188758248682006,1,0,4,3,4,70,4.2626798770413155,1,1,0,0,0,2,0,286.0
64,4.174387269895637,1,1,4,1,4,42,3.7612001156935624,1,0,2,0,2,24,3.2188758248682006,1,0,4,3,4,2,0,951616.0
68,4.23410650459726,1,2,3,5,8,76,4.343805421853684,1,1,1,6,6,52,3.970291913552122,1,1,2,3,2,4,0,5792697.0
59,4.0943445622221,0,2,4,3,9,58,4.07753744390572,1,1,3,2,8,55,4.02535169073515,0,1,0,6,5,1,0,1604575.0
84,4.442651256490317,1,0,4,0,4,23,3.1780538303479458,0,2,3,2,3,80,4.394449154672439,1,2,0,3,0,1,0,12509549.0
62,4.143134726391533,1,2,2,6,2,64,4.174387269895637,1,1,4,1,4,34,3.5553480614894135,1,1,4,6,4,2,0,11118.0
60,4.110873864173311,1,0,0,4,0,42,3.7612001156935624,1,0,2,0,2,31,3.4657359027997265,0,1,1,3,1,1,0,9322157.0
23,3.1780538303479458,0,2,3,2,3,47,3.871201010907891,0,2,2,5,7,47,3.871201010907891,0,2,2,5,7,1,1,539551.0
16,2.833213344056216,1,1,1,2,6,39,3.6888794541139363,0,0,4,4,9,41,3.7376696182833684,0,2,1,6,1,1,0,443.0
40,3.713572066704308,1,1,0,5,0,69,4.248495242049359,0,0,4,6,9,46,3.8501476017100584,1,1,1,4,6,1,0,570409.0
81,4.406719247264253,0,0,1,4,1,12,2.5649493574615367,1,0,2,5,2,73,4.30406509320417,0,1,3,3,3,1,0,77827.0
67,4.219507705176107,0,1,2,4,7,41,3.7376696182833684,0,2,1,6,1,82,4.418840607796598,1,1,2,5,2,1,1,353189.0
33,3.5263605246161616,0,0,3,5,3,36,3.6109179126442243,1,0,1,1,6,27,3.332204510175204,0,0,2,6,7,3,0,8799.0
22,3.1354942159291497,1,1,2,1,2,10,2.3978952727983707,1,1,0,3,0,19,2.995732273553991,0,1,4,5,9,1,0,446667.0
90,4.51085950651685,1,0,0,6,0,37,3.6375861597263857,0,1,2,2,7,64,4.174387269895637,1,1,4,1,4,1,0,2084237.0
28,3.367295829986474,1,1,3,0,8,42,3.7612001156935624,1,0,2,0,2,60,4.110873864173311,1,0,0,4,0,2,0,4899808.0
64,4.174387269895637,1,1,4,1,4,88,4.48863636973214,1,1,3,4,8,86,4.465908118654584,1,2,1,2,6,2,0,2113322.0
35,3.58351893845611,0,2,0,0,5,67,4.219507705176107,0,1,2,4,7,33,3.5263605246161616,0,0,3,5,3,1,0,41450907.0
38,3.6635616461296463,1,2,3,3,8,84,4.442651256490317,1,0,4,0,4,52,3.970291913552122,1,1,2,3,2,2,0,4784.0
65,4.189654742026425,0,2,0,2,5,57,4.060443010546419,0,0,2,1,7,90,4.51085950651685,1,0,0,6,0,1,0,144872.0
54,4.007333185232471,1,0,4,5,4,29,3.4011973816621555,0,2,4,1,9,62,4.143134726391533,1,2,2,6,2,1,0,9721823.0
69,4.248495242049359,0,0,4,6,9,82,4.418840607796598,1,1,2,5,2,84,4.442651256490317,1,0,4,0,4,1,0,16743485267.0
44,3.8066624897703196,1,2,4,2,4,21,3.091042453358316,0,0,1,0,1,30,3.4339872044851463,1,0,0,2,0,1,0,1311043.0
70,4.2626798770413155,1,1,0,0,0,86,4.465908118654584,1,2,1,2,6,79,4.382026634673881,0,1,4,2,9,1,0,37945965.0
53,3.9889840465642745,0,2,3,4,3,17,2.8903717578961645,0,2,2,3,7,69,4.248495242049359,0,0,4,6,9,1,0,2779115.0
70,4.2626798770413155,1,1,0,0,0,85,4.454347296253507,0,1,0,1,5,23,3.1780538303479458,0,2,3,2,3,1,0,500517.0
58,4.07753744390572,1,1,3,2,8,80,4.394449154672439,1,2,0,3,0,73,4.30406509320417,0,1,3,3,3,1,0,361167459.0
19,2.995732273553991,0,1,4,5,9,37,3.6375861597263857,0,1,2,2,7,50,3.9318256327243257,1,2,0,1,0,1,0,18046.0
78,4.3694478524670215,1,0,3,1,8,24,3.2188758248682006,1,0,4,3,4,79,4.382026634673881,0,1,4,2,9,1,0,42603003.0
77,4.356708826689592,0,2,2,0,7,17,2.8903717578961645,0,2,2,3,7,80,4.394449154672439,1,2,0,3,0,1,0,42.0
69,4.248495242049359,0,0,4,6,9,47,3.871201010907891,0,2,2,5,7,66,4.204692619390966,1,0,1,3,6,1,0,1433.0
35,3.58351893845611,0,2,0,0,5,71,4.276666119016055,0,2,1,1,1,47,3.871201010907891,0,2,2,5,7,1,0,695879743.0
72,4.290459441148391,1,0,2,2,2,68,4.23410650459726,1,2,3,5,8,16,2.833213344056216,1,1,1,2,6,4,0,245117.0
40,3.713572066704308,1,1,0,5,0,13,2.6390573296152584,0,1,3,6,3,37,3.6375861597263857,0,1,2,2,7,1,0,629.0
55,4.02535169073515,0,1,0,6,5,51,3.9512437185814275,0,0,1,2,1,49,3.912023005428146,0,1,4,0,9,1,0,26766621.0
39,3.6888794541139363,0,0,4,4,9,43,3.784189633918261,0,1,3,1,3,67,4.219507705176107,0,1,2,4,7,1,0,10748817.0
87,4.477336814478207,0,0,2,3,7,59,4.0943445622221,0,2,4,3,9,89,4.499809670330265,0,2,4,5,9,1,0,173625021.0
66,4.204692619390966,1,0,1,3,6,37,3.6375861597263857,0,1,2,2,7,42,3.7612001156935624,1,0,2,0,2,1,0,680952671.0
20,3.044522437723423,1,2,0,6,0,46,3.8501476017100584,1,1,1,4,6,38,3.6635616461296463,1,2,3,3,8,2,0,7785.0
50,3.9318256327243257,1,2,0,1,0,45,3.828641396489095,0,0,0,3,5,40,3.713572066704308,1,1,0,5,0,5,0,184989.0
81,4.406719247264253,0,0,1,4,1,20,3.044522437723423,1,2,0,6,0,70,4.2626798770413155,1,1,0,0,0,1,0,44847397.0
32,3.4965075614664802,1,2,2,4,2,33,3.5263605246161616,0,0,3,5,3,31,3.4657359027997265,0,1,1,3,1,1,0,196354.0
66,4.204692619390966,1,0,1,3,6,10,2.3978952727983707,1,1,0,3,0,58,4.07753744390572,1,1,3,2,8,2,0,4056.0
37,3.6375861597263857,0,1,2,2,7,27,3.332204510175204,0,0,2,6,7,50,3.9318256327243257,1,2,0,1,0,1,0,419.0
79,4.382026634673881,0,1,4,2,9,30,3.4339872044851463,1,0,0,2,0,53,3.9889840465642745,0,2,3,4,3,1,0,283895.0
61,4.127134385045092,0,1,1,5,1,48,3.8918202981106265,1,0,3,6,8,35,3.58351893845611,0,2,0,0,5,1,0,3808638.0
18,2.9444389791664403,1,0,3,4,8,23,3.1780538303479458,0,2,3,2,3,10,2.3978952727983707,1,1,0,3,0,1,0,129827.0
47,3.871201010907891,0,2,2,5,7,36,3.6109179126442243,1,0,1,1,6,28,3.367295829986474,1,1,3,0,8,1,0,272991963.0
63,4.1588830833596715,0,0,3,0,3,76,4.343805421853684,1,1,1,6,6,70,4.2626798770413155,1,1,0,0,0,1,0,116001055.0
72,4.290459441148391,1,0,2,2,2,38,3.6635616461296463,1,2,3,3,8,43,3.784189633918261,0,1,3,1,3,1,0,66628513.0
84,4.442651256490317,1,0,4,0,4,75,4.330733340286331,0,0,0,5,5,39,3.6888794541139363,0,0,4,4,9,3,0,4.0
58,4.07753744390572,1,1,3,2,8,71,4.276666119016055,0,2,1,1,1,53,3.9889840465642745,0,2,3,4,3,1,0,4192833.0
21,3.091042453358316,0,0,1,0,1,51,3.9512437185814275,0,0,1,2,1,43,3.784189633918261,0,1,3,1,3,1,0,189523379.0
84,4.442651256490317,1,0,4,0,4,15,2.772588722239781,0,0,0,1,5,76,4.343805421853684,1,1,1,6,6,1,0,210636635.0
64,4.174387269895637,1,1,4,1,4,15,2.772588722239781,0,0,0,1,5,71,4.276666119016055,0,2,1,1,1,1,0,9854.0
72,4.290459441148391,1,0,2,2,2,65,4.189654742026425,0,2,0,2,5,73,4.30406509320417,0,1,3,3,3,1,0,151269.0
57,4.060443010546419,0,0,2,1,7,37,3.6375861597263857,0,1,2,2,7,88,4.48863636973214,1,1,3,4,8,1,0,430.0
86,4.465908118654584,1,2,1,2,6,85,4.454347296253507,0,1,0,1,5,72,4.290459441148391,1,0,2,2,2,1,0,2216629173.0
79,4.382026634673881,0,1,4,2,9,72,4.290459441148391,1,0,2,2,2,50,3.9318256327243257,1,2,0,1,0,1,0,6214075407.0
59,4.0943445622221,0,2,4,3,9,15,2.772588722239781,0,0,0,1,5,52,3.970291913552122,1,1,2,3,2,1,0,6496.0
58,4.07753744390572,1,1,3,2,8,37,3.6375861597263857,0,1,2,2,7,48,3.8918202981106265,1,0,3,6,8,1,0,553013.0
34,3.5553480614894135,1,1,4,6,4,24,3.2188758248682006,1,0,4,3,4,40,3.713572066704308,1,1,0,5,0,2,0,30.0
52,3.970291913552122,1,1,2,3,2,70,4.2626798770413155,1,1,0,0,0,79,4.382026634673881,0,1,4,2,9,1,0,6468195727.0
82,4.418840607796598,1,1,2,5,2,11,2.4849066497880004,0,2,1,4,1,85,4.454347296253507,0,1,0,1,5,1,0,121383.0
37,3.6375861597263857,0,1,2,2,7,36,3.6109179126442243,1,0,1,1,6,37,3.6375861597263857,0,1,2,2,7,1,1,164.0
85,4.454347296253507,0,1,0,1,5,68,4.23410650459726,1,2,3,5,8,37,3.6375861597263857,0,1,2,2,7,1,0,66292.0
78,4.3694478524670215,1,0,3,1,8,49,3.912023005428146,0,1,4,0,9,59,4.0943445622221,0,2,4,3,9,1,0,3740399.0
38,3.6635616461296463,1,2,3,3,8,53,3.9889840465642745,0,2,3,4,3,50,3.9318256327243257,1,2,0,1,0,1,0,1903831.0
40,3.713572066704308,1,1,0,5,0,85,4.454347296253507,0,1,0,1,5,64,4.174387269895637,1,1,4,1,4,1,0,2496087415.0
51,3.9512437185814275,0,0,1,2,1,49,3.912023005428146,0,1,4,0,9,52,3.970291913552122,1,1,2,3,2,1,0,4502.0
59,4.0943445622221,0,2,4,3,9,78,4.3694478524670215,1,0,3,1,8,43,3.784189633918261,0,1,3,1,3,1,0,10462197.0
26,3.295836866004329,1,2,1,5,6,27,3.332204510175204,0,0,2,6,7,48,3.8918202981106265,1,0,3,6,8,1,0,11829.0
42,3.7612001156935624,1,0,2,0,2,67,4.219507705176107,0,1,2,4,7,38,3.6635616461296463,1,2,3,3,8,1,0,80335093.0
59,4.0943445622221,0,2,4,3,9,84,4.442651256490317,1,0,4,0,4,47,3.871201010907891,0,2,2,5,7,1,0,2658.0
65,4.189654742026425,0,2,0,2,5,11,2.4849066497880004,0,2,1,4,1,59,4.0943445622221,0,2,4,3,9,1,0,49399195.0
50,3.9318256327243257,1,2,0,1,0,44,3.8066624897703196,1,2,4,2,4,87,4.477336814478207,0,0,2,3,7,1,0,1277655.0
79,4.382026634673881,0,1,4,2,9,80,4.394449154672439,1,2,0,3,0,16,2.833213344056216,1,1,1,2,6,1,1,352344155.0
71,4.276666119016055,0,2,1,1,1,25,3.258096538021482,0,1,0,4,5,76,4.343805421853684,1,1,1,6,6,1,0,24657.0
65,4.189654742026425,0,2,0,2,5,24,3.2188758248682006,1,0,4,3,4,81,4.406719247264253,0,0,1,4,1,1,0,118117.0
18,2.9444389791664403,1,0,3,4,8,15,2.772588722239781,0,0,0,1,5,30,3.4339872044851463,1,0,0,2,0,3,1,8333.0
24,3.2188758248682006,1,0,4,3,4,57,4.060443010546419,0,0,2,1,7,36,3.6109179126442243,1,0,1,1,6,3,0,89625.0
30,3.4339872044851463,1,0,0,2,0,52,3.970291913552122,1,1,2,3,2,27,3.332204510175204,0,0,2,6,7,1,0,73309.0
80,4.394449154672439,1,2,0,3,0,85,4.454347296253507,0,1,0,1,5,81,4.406719247264253,0,0,1,4,1,1,0,21603182.0
61,4.127134385045092,0,1,1,5,1,79,4.382026634673881,0,1,4,2,9,55,4.02535169073515,0,1,0,6,5,1,0,614844699.0
65,4.189654742026425,0,2,0,2,5,82,4.418840607796598,1,1,2,5,2,31,3.4657359027997265,0,1,1,3,1,1,0,1198278.0
51,3.9512437185814275,0,0,1,2,1,43,3.784189633918261,0,1,3,1,3,66,4.204692619390966,1,0,1,3,6,1,0,30002929.0
59,4.0943445622221,0,2,4,3,9,68,4.23410650459726,1,2,3,5,8,26,3.295836866004329,1,2,1,5,6,1,0,702774319.0
50,3.9318256327243257,1,2,0,1,0,36,3.6109179126442243,1,0,1,1,6,82,4.418840607796598,1,1,2,5,2,2,0,23350.0
52,3.970291913552122,1,1,2,3,2,30,3.4339872044851463,1,0,0,2,0,65,4.189654742026425,0,2,0,2,5,1,0,756955299.0
86,4.465908118654584,1,2,1,2,6,88,4.48863636973214,1,1,3,4,8,82,4.418840607796598,1,1,2,5,2,2,0,6584654.0
60,4.110873864173311,1,0,0,4,0,74,4.31748811353631,1,2,4,4,4,50,3.9318256327243257,1,2,0,1,0,2,0,3351.0
72,4.290459441148391,1,0,2,2,2,47,3.871201010907891,0,2,2,5,7,34,3.5553480614894135,1,1,4,6,4,1,0,63324577.0
79,4.382026634673881,0,1,4,2,9,30,3.4339872044851463,1,0,0,2,0,81,4.406719247264253,0,0,1,4,1,1,0,495674.0
85,4.454347296253507,0,1,0,1,5,85,4.454347296253507,0,1,0,1,5,45,3.828641396489095,0,0,0,3,5,5,1,841.0
37,3.6375861597263857,0,1,2,2,7,62,4.143134726391533,1,2,2,6,2,62,4.143134726391533,1,2,2,6,2,1,1,1359263.0
77,4.356708826689592,0,2,2,0,7,66,4.204692619390966,1,0,1,3,6,32,3.4965075614664802,1,2,2,4,2,1,0,178358595.0
43,3.784189633918261,0,1,3,1,3,73,4.30406509320417,0,1,3,3,3,53,3.9889840465642745,0,2,3,4,3,1,0,229530513.0
57,4.060443010546419,0,0,2,1,7,42,3.7612001156935624,1,0,2,0,2,72,4.290459441148391,1,0,2,2,2,3,0,3253733.0
90,4.51085950651685,1,0,0,6,0,61,4.127134385045092,0,1,1,5,1,55,4.02535169073515,0,1,0,6,5,1,0,16286.0
45,3.828641396489095,0,0,0,3,5,41,3.7376696182833684,0,2,1,6,1,55,4.02535169073515,0,1,0,6,5,1,0,24442767.0
71,4.276666119016055,0,2,1,1,1,82,4.418840607796598,1,1,2,5,2,65,4.189654742026425,0,2,0,2,5,1,0,1220207.0
83,4.430816798843313,0,2,3,6,3,58,4.07753744390572,1,1,3,2,8,52,3.970291913552122,1,1,2,3,2,1,0,466117873.0
25,3.258096538021482,0,1,0,4,5,44,3.8066624897703196,1,2,4,2,4,21,3.091042453358316,0,0,1,0,1,1,0,4062.0
36,3.6109179126442243,1,0,1,1,6,50,3.9318256327243257,1,2,0,1,0,25,3.258096538021482,0,1,0,4,5,1,1,3717987.0
70,4.2626798770413155,1,1,0,0,0,62,4.143134726391533,1,2,2,6,2,87,4.477336814478207,0,0,2,3,7,1,0,46047941.0
17,2.8903717578961645,0,2,2,3,7,35,3.58351893845611,0,2,0,0,5,39,3.6888794541139363,0,0,4,4,9,1,0,7648587.0
83,4.430816798843313,0,2,3,6,3,58,4.07753744390572,1,1,3,2,8,53,3.9889840465642745,0,2,3,4,3,1,0,4322757.0
62,4.143134726391533,1,2,2,6,2,67,4.219507705176107,0,1,2,4,7,54,4.007333185232471,1,0,4,5,4,1,0,3934813.0
44,3.8066624897703196,1,2,4,2,4,20,3.044522437723423,1,2,0,6,0,30,3.4339872044851463,1,0,0,2,0,2,0,10444.0
53,3.9889840465642745,0,2,3,4,3,49,3.912023005428146,0,1,4,0,9,21,3.091042453358316,0,0,1,0,1,1,0,145471.0
64,4.174387269895637,1,1,4,1,4,68,4.23410650459726,1,2,3,5,8,24,3.2188758248682006,1,0,4,3,4,4,0,76111.0
66,4.204692619390966,1,0,1,3,6,28,3.367295829986474,1,1,3,0,8,45,3.828641396489095,0,0,0,3,5,1,0,121217.0
82,4.418840607796598,1,1,2,5,2,53,3.9889840465642745,0,2,3,4,3,79,4.382026634673881,0,1,4,2,9,1,0,39197.0
34,3.5553480614894135,1,1,4,6,4,58,4.07753744390572,1,1,3,2,8,45,3.828641396489095,0,0,0,3,5,1,0,9552079.0
52,3.970291913552122,1,1,2,3,2,75,4.330733340286331,0,0,0,5,5,34,3.5553480614894135,1,1,4,6,4,1,0,90080327.0
24,3.2188758248682006,1,0,4,3,4,66,4.204692619390966,1,0,1,3,6,47,3.871201010907891,0,2,2,5,7,1,0,171735439.0
53,3.9889840465642745,0,2,3,4,3,42,3.7612001156935624,1,0,2,0,2,61,4.127134385045092,0,1,1,5,1,1,0,34881.0
40,3.713572066704308,1,1,0,5,0,44,3.8066624897703196,1,2,4,2,4,28,3.367295829986474,1,1,3,0,8,4,0,1344.0
71,4.276666119016055,0,2,1,1,1,53,3.9889840465642745,0,2,3,4,3,30,3.4339872044851463,1,0,0,2,0,1,0,73298.0
24,3.2188758248682006,1,0,4,3,4,48,3.8918202981106265,1,0,3,6,8,61,4.127134385045092,0,1,1,5,1,1,1,310473479.0
32,3.4965075614664802,1,2,2,4,2,19,2.995732273553991,0,1,4,5,9,48,3.8918202981106265,1,0,3,6,8,1,0,31048323.0
29,3.4011973816621555,0,2,4,1,9,36,3.6109179126442243,1,0,1,1,6,30,3.4339872044851463,1,0,0,2,0,1,0,175802875.0
25,3.258096538021482,0,1,0,4,5,45,3.828641396489095,0,0,0,3,5,42,3.7612001156935624,1,0,2,0,2,1,0,4436905.0
35,3.58351893845611,0,2,0,0,5,84,4.442651256490317,1,0,4,0,4,54,4.007333185232471,1,0,4,5,4,1,0,20184759.0
26,3.295836866004329,1,2,1,5,6,63,4.1588830833596715,0,0,3,0,3,71,4.276666119016055,0,2,1,1,1,1,0,17995.0
28,3.367295829986474,1,1,3,0,8,65,4.189654742026425,0,2,0,2,5,45,3.828641396489095,0,0,0,3,5,1,0,76818.0
41,3.7376696182833684,0,2,1,6,1,22,3.1354942159291497,1,1,2,1,2,57,4.060443010546419,0,0,2,1,7,1,0,5453.0
24,3.2188758248682006,1,0,4,3,4,45,3.828641396489095,0,0,0,3,5,29,3.4011973816621555,0,2,4,1,9,1,0,73.0
73,4.30406509320417,0,1,3,3,3,50,3.9318256327243257,1,2,0,1,0,67,4.219507705176107,0,1,2,4,7,1,0,553141.0
45,3.828641396489095,0,0,0,3,5,41,3.7376696182833684,0,2,1,6,1,80,4.394449154672439,1,2,0,3,0,1,0,6886.0
53,3.9889840465642745,0,2,3,4,3,65,4.189654742026425,0,2,0,2,5,36,3.6109179126442243,1,0,1,1,6,1,0,90.0
68,4.23410650459726,1,2,3,5,8,75,4.330733340286331,0,0,0,5,5,81,4.406719247264253,0,0,1,4,1,1,0,52225903.0
51,3.9512437185814275,0,0,1,2,1,89,4.499809670330265,0,2,4,5,9,53,3.9889840465642745,0,2,3,4,3,1,0,279405047.0
53,3.9889840465642745,0,2,3,4,3,90,4.51085950651685,1,0,0,6,0,50,3.9318256327243257,1,2,0,1,0,1,0,27095103.0
37,3.6375861597263857,0,1,2,2,7,26,3.295836866004329,1,2,1,5,6,41,3.7376696182833684,0,2,1,6,1,1,0,4349.0
45,3.828641396489095,0,0,0,3,5,42,3.7612001156935624,1,0,2,0,2,38,3.6635616461296463,1,2,3,3,8,1,0,305125.0
37,3.6375861597263857,0,1,2,2,7,30,3.4339872044851463,1,0,0,2,0,63,4.1588830833596715,0,0,3,0,3,1,0,2845.0
34,3.5553480614894135,1,1,4,6,4,82,4.418840607796598,1,1,2,5,2,62,4.143134726391533,1,2,2,6,2,2,0,2382266.0
52,3.970291913552122,1,1,2,3,2,82,4.418840607796598,1,1,2,5,2,75,4.330733340286331,0,0,0,5,5,1,0,150233.0
29,3.4011973816621555,0,2,4,1,9,71,4.276666119016055,0,2,1,1,1,89,4.499809670330265,0,2,4,5,9,1,0,1099241671.0
60,4.110873864173311,1,0,0,4,0,59,4.0943445622221,0,2,4,3,9,75,4.330733340286331,0,0,0,5,5,1,0,1477768.0
82,4.418840607796598,1,1,2,5,2,62,4.143134726391533,1,2,2,6,2,28,3.367295829986474,1,1,3,0,8,2,0,37626.0
37,3.6375861597263857,0,1,2,2,7,67,4.219507705176107,0,1,2,4,7,57,4.060443010546419,0,0,2,1,7,1,0,21019561.0
43,3.784189633918261,0,1,3,1,3,35,3.58351893845611,0,2,0,0,5,32,3.4965075614664802,1,2,2,4,2,1,0,21168.0
40,3.713572066704308,1,1,0,5,0,43,3.784189633918261,0,1,3,1,3,29,3.4011973816621555,0,2,4,1,9,1,0,39646.0
35,3.58351893845611,0,2,0,0,5,61,4.127134385045092,0,1,1,5,1,56,4.04305126783455,1,2,1,0,6,1,0,213753.0
69,4.248495242049359,0,0,4,6,9,53,3.9889840465642745,0,2,3,4,3,57,4.060443010546419,0,0,2,1,7,1,0,4047744883.0
72,4.290459441148391,1,0,2,2,2,69,4.248495242049359,0,0,4,6,9,51,3.9512437185814275,0,0,1,2,1,3,0,3382.0
57,4.060443010546419,0,0,2,1,7,23,3.1780538303479458,0,2,3,2,3,37,3.6375861597263857,0,1,2,2,7,1,0,62203191.0
63,4.1588830833596715,0,0,3,0,3,32,3.4965075614664802,1,2,2,4,2,77,4.356708826689592,0,2,2,0,7,1,0,30103.0
74,4.31748811353631,1,2,4,4,4,22,3.1354942159291497,1,1,2,1,2,77,4.356708826689592,0,2,2,0,7,1,0,30176811.0
74,4.31748811353631,1,2,4,4,4,66,4.204692619390966,1,0,1,3,6,59,4.0943445622221,0,2,4,3,9,1,0,397563.0
56,4.04305126783455,1,2,1,0,6,46,3.8501476017100584,1,1,1,4,6,35,3.58351893845611,0,2,0,0,5,1,0,160509.0
19,2.995732273553991,0,1,4,5,9,52,3.970291913552122,1,1,2,3,2,67,4.219507705176107,0,1,2,4,7,1,0,4679.0
46,3.8501476017100584,1,1,1,4,6,85,4.454347296253507,0,1,0,1,5,53,3.9889840465642745,0,2,3,4,3,1,0,30005841.0
81,4.406719247264253,0,0,1,4,1,41,3.7376696182833684,0,2,1,6,1,76,4.343805421853684,1,1,1,6,6,1,0,466965.0
52,3.970291913552122,1,1,2,3,2,61,4.127134385045092,0,1,1,5,1,67,4.219507705176107,0,1,2,4,7,1,0,66994765.0
88,4.48863636973214,1,1,3,4,8,16,2.833213344056216,1,1,1,2,6,78,4.3694478524670215,1,0,3,1,8,2,0,16938.0
64,4.174387269895637,1,1,4,1,4,40,3.713572066704308,1,1,0,5,0,29,3.4011973816621555,0,2,4,1,9,1,0,297211.0
33,3.5263605246161616,0,0,3,5,3,59,4.0943445622221,0,2,4,3,9,78,4.3694478524670215,1,0,3,1,8,1,0,6717.0
62,4.143134726391533,1,2,2,6,2,56,4.04305126783455,1,2,1,0,6,52,3.970291913552122,1,1,2,3,2,2,0,52456980.0
88,4.48863636973214,1,1,3,4,8,65,4.189654742026425,0,2,0,2,5,83,4.430816798843313,0,2,3,6,3,1,0,10007669.0
39,3.6888794541139363,0,0,4,4,9,24,3.2188758248682006,1,0,4,3,4,62,4.143134726391533,1,2,2,6,2,1,0,27106807.0
42,3.7612001156935624,1,0,2,0,2,77,4.356708826689592,0,2,2,0,7,36,3.6109179126442243,1,0,1,1,6,1,0,71294131.0
68,4.23410650459726,1,2,3,5,8,25,3.258096538021482,0,1,0,4,5,70,4.2626798770413155,1,1,0,0,0,1,0,97815061.0
71,4.276666119016055,0,2,1,1,1,47,3.871201010907891,0,2,2,5,7,86,4.465908118654584,1,2,1,2,6,1,0,5256188.0
24,3.2188758248682006,1,0,4,3,4,35,3.58351893845611,0,2,0,0,5,23,3.1780538303479458,0,2,3,2,3,1,0,820.0
40,3.713572066704308,1,1,0,5,0,13,2.6390573296152584,0,1,3,6,3,32,3.4965075614664802,1,2,2,4,2,1,0,20313767.0
48,3.8918202981106265,1,0,3,6,8,58,4.07753744390572,1,1,3,2,8,74,4.31748811353631,1,2,4,4,4,2,0,3399.0
30,3.4339872044851463,1,0,0,2,0,22,3.1354942159291497,1,1,2,1,2,17,2.8903717578961645,0,2,2,3,7,1,0,5109.0
86,4.465908118654584,1,2,1,2,6,82,4.418840607796598,1,1,2,5,2,75,4.330733340286331,0,0,0,5,5,1,0,20405474403.0
55,4.02535169073515,0,1,0,6,5,45,3.828641396489095,0,0,0,3,5,15,2.772588722239781,0,0,0,1,5,5,1,4071.0
19,2.995732273553991,0,1,4,5,9,39,3.6888794541139363,0,0,4,4,9,48,3.8918202981106265,1,0,3,6,8,1,0,106864.0
41,3.7376696182833684,0,2,1,6,1,48,3.8918202981106265,1,0,3,6,8,87,4.477336814478207,0,0,2,3,7,1,0,926458.0
82,4.418840607796598,1,1,2,5,2,67,4.219507705176107,0,1,2,4,7,31,3.4657359027997265,0,1,1,3,1,1,0,5465296.0
21,3.091042453358316,0,0,1,0,1,78,4.3694478524670215,1,0,3,1,8,84,4.442651256490317,1,0,4,0,4,3,1,994045.0
90,4.51085950651685,1,0,0,6,0,35,3.58351893845611,0,2,0,0,5,90,4.51085950651685,1,0,0,6,0,5,1,5331.0
42,3.7612001156935624,1,0,2,0,2,80,4.394449154672439,1,2,0,3,0,42,3.7612001156935624,1,0,2,0,2,2,1,67.0
75,4.330733340286331,0,0,0,5,5,53,3.9889840465642745,0,2,3,4,3,77,4.356708826689592,0,2,2,0,7,1,0,755225.0
56,4.04305126783455,1,2,1,0,6,88,4.48863636973214,1,1,3,4,8,39,3.6888794541139363,0,0,4,4,9,1,0,18508275.0
47,3.871201010907891,0,2,2,5,7,35,3.58351893845611,0,2,0,0,5,36,3.6109179126442243,1,0,1,1,6,1,0,1458.0
90,4.51085950651685,1,0,0,6,0,62,4.143134726391533,1,2,2,6,2,77,4.356708826689592,0,2,2,0,7,1,0,353.0
36,3.6109179126442243,1,0,1,1,6,68,4.23410650459726,1,2,3,5,8,72,4.290459441148391,1,0,2,2,2,4,1,9044.0
43,3.784189633918261,0,1,3,1,3,59,4.0943445622221,0,2,4,3,9,68,4.23410650459726,1,2,3,5,8,1,0,2609367.0
20,3.044522437723423,1,2,0,6,0,80,4.394449154672439,1,2,0,3,0,69,4.248495242049359,0,0,4,6,9,1,1,99681.0
33,3.5263605246161616,0,0,3,5,3,73,4.30406509320417,0,1,3,3,3,54,4.007333185232471,1,0,4,5,4,1,0,14827549.0
13,2.6390573296152584,0,1,3,6,3,34,3.5553480614894135,1,1,4,6,4,41,3.7376696182833684,0,2,1,6,1,1,0,403557.0
68,4.23410650459726,1,2,3,5,8,63,4.1588830833596715,0,0,3,0,3,78,4.3694478524670215,1,0,3,1,8,1,0,9201630367.0
30,3.4339872044851463,1,0,0,2,0,23,3.1780538303479458,0,2,3,2,3,26,3.295836866004329,1,2,1,5,6,1,0,851669.0
62,4.143134726391533,1,2,2,6,2,52,3.970291913552122,1,1,2,3,2,48,3.8918202981106265,1,0,3,6,8,2,0,38824976.0
52,3.970291913552122,1,1,2,3,2,75,4.330733340286331,0,0,0,5,5,50,3.9318256327243257,1,2,0,1,0,1,0,326202833.0
81,4.406719247264253,0,0,1,4,1,51,3.9512437185814275,0,0,1,2,1,62,4.143134726391533,1,2,2,6,2,1,0,1171120.0
71,4.276666119016055,0,2,1,1,1,72,4.290459441148391,1,0,2,2,2,62,4.143134726391533,1,2,2,6,2,1,0,1323903.0
70,4.2626798770413155,1,1,0,0,0,81,4.406719247264253,0,0,1,4,1,22,3.1354942159291497,1,1,2,1,2,1,0,57951.0
32,3.4965075614664802,1,2,2,4,2,31,3.4657359027997265,0,1,1,3,1,27,3.332204510175204,0,0,2,6,7,1,0,15534.0
48,3.8918202981106265,1,0,3,6,8,84,4.442651256490317,1,0,4,0,4,64,4.174387269895637,1,1,4,1,4,4,0,172565.0
39,3.6888794541139363,0,0,4,4,9,56,4.04305126783455,1,2,1,0,6,18,2.9444389791664403,1,0,3,4,8,1,0,310375.0
77,4.356708826689592,0,2,2,0,7,75,4.330733340286331,0,0,0,5,5,19,2.995732273553991,0,1,4,5,9,1,0,10489611.0
81,4.406719247264253,0,0,1,4,1,44,3.8066624897703196,1,2,4,2,4,82,4.418840607796598,1,1,2,5,2,1,0,634915821.0
78,4.3694478524670215,1,0,3,1,8,53,3.9889840465642745,0,2,3,4,3,34,3.5553480614894135,1,1,4,6,4,1,0,81604153.0
73,4.30406509320417,0,1,3,3,3,68,4.23410650459726,1,2,3,5,8,69,4.248495242049359,0,0,4,6,9,1,0,68781.0
56,4.04305126783455,1,2,1,0,6,33,3.5263605246161616,0,0,3,5,3,86,4.465908118654584,1,2,1,2,6,1,0,3765333.0
24,3.2188758248682006,1,0,4,3,4,42,3.7612001156935624,1,0,2,0,2,48,3.8918202981106265,1,0,3,6,8,6,1,5874.0
25,3.258096538021482,0,1,0,4,5,24,3.2188758248682006,1,0,4,3,4,10,2.3978952727983707,1,1,0,3,0,1,0,84973.0
72,4.290459441148391,1,0,2,2,2,82,4.418840607796598,1,1,2,5,2,54,4.007333185232471,1,0,4,5,4,2,0,19583.0
76,4.343805421853684,1,1,1,6,6,36,3.6109179126442243,1,0,1,1,6,88,4.48863636973214,1,1,3,4,8,4,0,8.0
61,4.127134385045092,0,1,1,5,1,29,3.4011973816621555,0,2,4,1,9,44,3.8066624897703196,1,2,4,2,4,1,0,407031.0
77,4.356708826689592,0,2,2,0,7,31,3.4657359027997265,0,1,1,3,1,68,4.23410650459726,1,2,3,5,8,1,0,6231233.0
69,4.248495242049359,0,0,4,6,9,24,3.2188758248682006,1,0,4,3,4,53,3.9889840465642745,0,2,3,4,3,1,0,1891.0
36,3.6109179126442243,1,0,1,1,6,45,3.828641396489095,0,0,0,3,5,46,3.8501476017100584,1,1,1,4,6,1,0,29947195.0
87,4.477336814478207,0,0,2,3,7,21,3.091042453358316,0,0,1,0,1,80,4.394449154672439,1,2,0,3,0,1,0,238593.0
55,4.02535169073515,0,1,0,6,5,45,3.828641396489095,0,0,0,3,5,13,2.6390573296152584,0,1,3,6,3,1,0,346543.0
50,3.9318256327243257,1,2,0,1,0,38,3.6635616461296463,1,2,3,3,8,45,3.828641396489095,0,0,0,3,5,1,0,1277007.0
28,3.367295829986474,1,1,3,0,8,31,3.4657359027997265,0,1,1,3,1,18,2.9444389791664403,1,0,3,4,8,1,0,571927.0
47,3.871201010907891,0,2,2,5,7,54,4.007333185232471,1,0,4,5,4,59,4.0943445622221,0,2,4,3,9,1,0,466933.0
37,3.6375861597263857,0,1,2,2,7,69,4.248495242049359,0,0,4,6,9,90,4.51085950651685,1,0,0,6,0,1,0,8808572.0
11,2.4849066497880004,0,2,1,4,1,22,3.1354942159291497,1,1,2,1,2,15,2.772588722239781,0,0,0,1,5,1,1,4511.0
26,3.295836866004329,1,2,1,5,6,56,4.04305126783455,1,2,1,0,6,50,3.9318256327243257,1,2,0,1,0,2,0,8.0
29,3.4011973816621555,0,2,4,1,9,86,4.465908118654584,1,2,1,2,6,88,4.48863636973214,1,1,3,4,8,1,0,249428581.0
88,4.48863636973214,1,1,3,4,8,76,4.343805421853684,1,1,1,6,6,88,4.48863636973214,1,1,3,4,8,4,1,2765.0
73,4.30406509320417,0,1,3,3,3,71,4.276666119016055,0,2,1,1,1,65,4.189654742026425,0,2,0,2,5,1,0,1073870049.0
81,4.406719247264253,0,0,1,4,1,39,3.6888794541139363,0,0,4,4,9,48,3.8918202981106265,1,0,3,6,8,3,0,369.0
59,4.0943445622221,0,2,4,3,9,31,3.4657359027997265,0,1,1,3,1,73,4.30406509320417,0,1,3,3,3,1,0,120681701.0
48,3.8918202981106265,1,0,3,6,8,33,3.5263605246161616,0,0,3,5,3,71,4.276666119016055,0,2,1,1,1,1,0,2347855.0
59,4.0943445622221,0,2,4,3,9,37,3.6375861597263857,0,1,2,2,7,60,4.110873864173311,1,0,0,4,0,1,0,17427.0
34,3.5553480614894135,1,1,4,6,4,67,4.219507705176107,0,1,2,4,7,76,4.343805421853684,1,1,1,6,6,1,0,8851003.0
28,3.367295829986474,1,1,3,0,8,29,3.4011973816621555,0,2,4,1,9,17,2.8903717578961645,0,2,2,3,7,1,0,1136.0
49,3.912023005428146,0,1,4,0,9,67,4.219507705176107,0,1,2,4,7,31,3.4657359027997265,0,1,1,3,1,1,0,13078105.0
20,3.044522437723423,1,2,0,6,0,54,4.007333185232471,1,0,4,5,4,61,4.127134385045092,0,1,1,5,1,1,0,30775517.0
19,2.995732273553991,0,1,4,5,9,27,3.332204510175204,0,0,2,6,7,24,3.2188758248682006,1,0,4,3,4,1,0,20.0
84,4.442651256490317,1,0,4,0,4,78,4.3694478524670215,1,0,3,1,8,83,4.430816798843313,0,2,3,6,3,1,0,21619828327.0
66,4.204692619390966,1,0,1,3,6,73,4.30406509320417,0,1,3,3,3,80,4.394449154672439,1,2,0,3,0,1,0,11834122803.0
73,4.30406509320417,0,1,3,3,3,44,3.8066624897703196,1,2,4,2,4,31,3.4657359027997265,0,1,1,3,1,1,0,1760997.0
64,4.174387269895637,1,1,4,1,4,40,3.713572066704308,1,1,0,5,0,77,4.356708826689592,0,2,2,0,7,1,0,305512345.0
14,2.70805020110221,1,2,4,0,4,82,4.418840607796598,1,1,2,5,2,81,4.406719247264253,0,0,1,4,1,1,0,253783839.0
15,2.772588722239781,0,0,0,1,5,33,3.5263605246161616,0,0,3,5,3,24,3.2188758248682006,1,0,4,3,4,3,0,105.0
36,3.6109179126442243,1,0,1,1,6,62,4.143134726391533,1,2,2,6,2,29,3.4011973816621555,0,2,4,1,9,1,0,1173243.0
14,2.70805020110221,1,2,4,0,4,49,3.912023005428146,0,1,4,0,9,57,4.060443010546419,0,0,2,1,7,1,0,1029041.0
41,3.7376696182833684,0,2,1,6,1,40,3.713572066704308,1,1,0,5,0,72,4.290459441148391,1,0,2,2,2,1,0,67187233.0
18,2.9444389791664403,1,0,3,4,8,42,3.7612001156935624,1,0,2,0,2,47,3.871201010907891,0,2,2,5,7,1,0,121229011.0
40,3.713572066704308,1,1,0,5,0,18,2.9444389791664403,1,0,3,4,8,32,3.4965075614664802,1,2,2,4,2,2,0,108550.0
48,3.8918202981106265,1,0,3,6,8,69,4.248495242049359,0,0,4,6,9,38,3.6635616461296463,1,2,3,3,8,1,0,22665787.0
51,3.9512437185814275,0,0,1,2,1,59,4.0943445622221,0,2,4,3,9,10,2.3978952727983707,1,1,0,3,0,1,0,2051.0
51,3.9512437185814275,0,0,1,2,1,71,4.276666119016055,0,2,1,1,1,51,3.9512437185814275,0,0,1,2,1,1,1,585999.0
65,4.189654742026425,0,2,0,2,5,12,2.5649493574615367,1,0,2,5,2,72,4.290459441148391,1,0,2,2,2,1,1,120091.0
67,4.219507705176107,0,1,2,4,7,77,4.356708826689592,0,2,2,0,7,87,4.477336814478207,0,0,2,3,7,1,0,14804508891.0
65,4.189654742026425,0,2,0,2,5,64,4.174387269895637,1,1,4,1,4,39,3.6888794541139363,0,0,4,4,9,1,0,40995.0
75,4.330733340286331,0,0,0,5,5,66,4.204692619390966,1,0,1,3,6,43,3.784189633918261,0,1,3,1,3,1,0,1131763.0
31,3.4657359027997265,0,1,1,3,1,85,4.454347296253507,0,1,0,1,5,89,4.499809670330265,0,2,4,5,9,1,0,294663577.0
59,4.0943445622221,0,2,4,3,9,82,4.418840607796598,1,1,2,5,2,30,3.4339872044851463,1,0,0,2,0,1,0,579115347.0
56,4.04305126783455,1,2,1,0,6,35,3.58351893845611,0,2,0,0,5,72,4.290459441148391,1,0,2,2,2,1,0,16644931.0
81,4.406719247264253,0,0,1,4,1,62,4.143134726391533,1,2,2,6,2,46,3.8501476017100584,1,1,1,4,6,1,0,404029289.0
15,2.772588722239781,0,0,0,1,5,71,4.276666119016055,0,2,1,1,1,59,4.0943445622221,0,2,4,3,9,1,0,816841.0
28,3.367295829986474,1,1,3,0,8,14,2.70805020110221,1,2,4,0,4,25,3.258096538021482,0,1,0,4,5,1,1,18660611.0
24,3.2188758248682006,1,0,4,3,4,57,4.060443010546419,0,0,2,1,7,56,4.04305126783455,1,2,1,0,6,1,0,19863011.0
65,4.189654742026425,0,2,0,2,5,85,4.454347296253507,0,1,0,1,5,67,4.219507705176107,0,1,2,4,7,1,0,10324892159.0
38,3.6635616461296463,1,2,3,3,8,27,3.332204510175204,0,0,2,6,7,12,2.5649493574615367,1,0,2,5,2,1,0,3162391.0
68,4.23410650459726,1,2,3,5,8,73,4.30406509320417,0,1,3,3,3,30,3.4339872044851463,1,0,0,2,0,1,0,2347911.0
11,2.4849066497880004,0,2,1,4,1,18,2.9444389791664403,1,0,3,4,8,21,3.091042453358316,0,0,1,0,1,1,0,105.0
43,3.784189633918261,0,1,3,1,3,71,4.276666119016055,0,2,1,1,1,89,4.499809670330265,0,2,4,5,9,1,0,18423345.0
53,3.9889840465642745,0,2,3,4,3,56,4.04305126783455,1,2,1,0,6,39,3.6888794541139363,0,0,4,4,9,1,0,5979.0
41,3.7376696182833684,0,2,1,6,1,88,4.48863636973214,1,1,3,4,8,87,4.477336814478207,0,0,2,3,7,1,0,22283013.0
31,3.4657359027997265,0,1,1,3,1,45,3.828641396489095,0,0,0,3,5,29,3.4011973816621555,0,2,4,1,9,1,0,204397215.0
53,3.9889840465642745,0,2,3,4,3,65,4.189654742026425,0,2,0,2,5,22,3.1354942159291497,1,1,2,1,2,1,0,292098.0
38,3.6635616461296463,1,2,3,3,8,53,3.9889840465642745,0,2,3,4,3,53,3.9889840465642745,0,2,3,4,3,1,1,56377.0
71,4.276666119016055,0,2,1,1,1,33,3.5263605246161616,0,0,3,5,3,87,4.477336814478207,0,0,2,3,7,1,0,1580477.0
33,3.5263605246161616,0,0,3,5,3,55,4.02535169073515,0,1,0,6,5,79,4.382026634673881,0,1,4,2,9,1,0,9193909.0
77,4.356708826689592,0,2,2,0,7,61,4.127134385045092,0,1,1,5,1,75,4.330733340286331,0,0,0,5,5,1,0,22740817.0
44,3.8066624897703196,1,2,4,2,4,28,3.367295829986474,1,1,3,0,8,69,4.248495242049359,0,0,4,6,9,1,0,132980247.0
67,4.219507705176107,0,1,2,4,7,52,3.970291913552122,1,1,2,3,2,50,3.9318256327243257,1,2,0,1,0,1,0,4610255.0
90,4.51085950651685,1,0,0,6,0,77,4.356708826689592,0,2,2,0,7,32,3.4965075614664802,1,2,2,4,2,1,0,121117.0
41,3.7376696182833684,0,2,1,6,1,58,4.07753744390572,1,1,3,2,8,39,3.6888794541139363,0,0,4,4,9,1,0,854285.0
87,4.477336814478207,0,0,2,3,7,65,4.189654742026425,0,2,0,2,5,48,3.8918202981106265,1,0,3,6,8,1,0,103513.0
45,3.828641396489095,0,0,0,3,5,71,4.276666119016055,0,2,1,1,1,29,3.4011973816621555,0,2,4,1,9,1,0,1849327.0
81,4.406719247264253,0,0,1,4,1,34,3.5553480614894135,1,1,4,6,4,68,4.23410650459726,1,2,3,5,8,1,1,1999312299.0
36,3.6109179126442243,1,0,1,1,6,66,4.204692619390966,1,0,1,3,6,66,4.204692619390966,1,0,1,3,6,6,1,44.0
33,3.5263605246161616,0,0,3,5,3,64,4.174387269895637,1,1,4,1,4,38,3.6635616461296463,1,2,3,3,8,1,0,283109067.0
64,4.174387269895637,1,1,4,1,4,65,4.189654742026425,0,2,0,2,5,34,3.5553480614894135,1,1,4,6,4,1,0,66850563.0
46,3.8501476017100584,1,1,1,4,6,48,3.8918202981106265,1,0,3,6,8,31,3.4657359027997265,0,1,1,3,1,1,0,7245873.0
49,3.912023005428146,0,1,4,0,9,75,4.330733340286331,0,0,0,5,5,81,4.406719247264253,0,0,1,4,1,1,0,6504071015.0
72,4.290459441148391,1,0,2,2,2,81,4.406719247264253,0,0,1,4,1,42,3.7612001156935624,1,0,2,0,2,3,0,50776515.0
86,4.465908118654584,1,2,1,2,6,80,4.394449154672439,1,2,0,3,0,72,4.290459441148391,1,0,2,2,2,2,0,3489238.0
68,4.23410650459726,1,2,3,5,8,53,3.9889840465642745,0,2,3,4,3,20,3.044522437723423,1,2,0,6,0,1,0,5963383.0
90,4.51085950651685,1,0,0,6,0,82,4.418840607796598,1,1,2,5,2,81,4.406719247264253,0,0,1,4,1,1,0,25114225463.0
27,3.332204510175204,0,0,2,6,7,63,4.1588830833596715,0,0,3,0,3,82,4.418840607796598,1,1,2,5,2,1,0,2288231.0
68,4.23410650459726,1,2,3,5,8,20,3.044522437723423,1,2,0,6,0,74,4.31748811353631,1,2,4,4,4,2,0,7279984.0
84,4.442651256490317,1,0,4,0,4,62,4.143134726391533,1,2,2,6,2,44,3.8066624897703196,1,2,4,2,4,2,0,44478.0
44,3.8066624897703196,1,2,4,2,4,35,3.58351893845611,0,2,0,0,5,25,3.258096538021482,0,1,0,4,5,1,0,83536.0
62,4.143134726391533,1,2,2,6,2,90,4.51085950651685,1,0,0,6,0,87,4.477336814478207,0,0,2,3,7,1,0,638442267.0
40,3.713572066704308,1,1,0,5,0,59,4.0943445622221,0,2,4,3,9,57,4.060443010546419,0,0,2,1,7,1,0,80801.0
30,3.4339872044851463,1,0,0,2,0,73,4.30406509320417,0,1,3,3,3,69,4.248495242049359,0,0,4,6,9,1,0,5883596.0
33,3.5263605246161616,0,0,3,5,3,39,3.6888794541139363,0,0,4,4,9,27,3.332204510175204,0,0,2,6,7,3,0,268581.0
38,3.6635616461296463,1,2,3,3,8,29,3.4011973816621555,0,2,4,1,9,61,4.127134385045092,0,1,1,5,1,1,0,2986077.0
38,3.6635616461296463,1,2,3,3,8,60,4.110873864173311,1,0,0,4,0,56,4.04305126783455,1,2,1,0,6,2,0,2846160.0
64,4.174387269895637,1,1,4,1,4,80,4.394449154672439,1,2,0,3,0,26,3.295836866004329,1,2,1,5,6,2,0,10156884.0
79,4.382026634673881,0,1,4,2,9,53,3.9889840465642745,0,2,3,4,3,56,4.04305126783455,1,2,1,0,6,1,0,64109397.0
47,3.871201010907891,0,2,2,5,7,51,3.9512437185814275,0,0,1,2,1,16,2.833213344056216,1,1,1,2,6,1,0,110444.0
67,4.219507705176107,0,1,2,4,7,60,4.110873864173311,1,0,0,4,0,30,3.4339872044851463,1,0,0,2,0,1,1,1101368759.0
75,4.330733340286331,0,0,0,5,5,50,3.9318256327243257,1,2,0,1,0,32,3.4965075614664802,1,2,2,4,2,1,0,52378815.0
89,4.499809670330265,0,2,4,5,9,31,3.4657359027997265,0,1,1,3,1,61,4.127134385045092,0,1,1,5,1,1,0,318292151.0
58,4.07753744390572,1,1,3,2,8,29,3.4011973816621555,0,2,4,1,9,39,3.6888794541139363,0,0,4,4,9,1,1,282584.0
83,4.430816798843313,0,2,3,6,3,78,4.3694478524670215,1,0,3,1,8,83,4.430816798843313,0,2,3,6,3,1,1,54611.0
82,4.418840607796598,1,1,2,5,2,70,4.2626798770413155,1,1,0,0,0,67,4.219507705176107,0,1,2,4,7,1,0,464918899.0
80,4.394449154672439,1,2,0,3,0,17,2.8903717578961645,0,2,2,3,7,71,4.276666119016055,0,2,1,1,1,1,0,1038553.0
71,4.276666119016055,0,2,1,1,1,84,4.442651256490317,1,0,4,0,4,60,4.110873864173311,1,0,0,4,0,1,0,9668239915.0
54,4.007333185232471,1,0,4,5,4,51,3.9512437185814275,0,0,1,2,1,18,2.9444389791664403,1,0,3,4,8,3,1,2334003.0
26,3.295836866004329,1,2,1,5,6,45,3.828641396489095,0,0,0,3,5,59,4.0943445622221,0,2,4,3,9,1,0,477.0
31,3.4657359027997265,0,1,1,3,1,52,3.970291913552122,1,1,2,3,2,22,3.1354942159291497,1,1,2,1,2,1,0,1593175.0
72,4.290459441148391,1,0,2,2,2,34,3.5553480614894135,1,1,4,6,4,46,3.8501476017100584,1,1,1,4,6,2,0,1549.0
39,3.6888794541139363,0,0,4,4,9,10,2.3978952727983707,1,1,0,3,0,31,3.4657359027997265,0,1,1,3,1,1,0,1239.0
76,4.343805421853684,1,1,1,6,6,31,3.4657359027997265,0,1,1,3,1,88,4.48863636973214,1,1,3,4,8,1,0,606851.0
33,3.5263605246161616,0,0,3,5,3,46,3.8501476017100584,1,1,1,4,6,22,3.1354942159291497,1,1,2,1,2,1,0,1255297.0
34,3.5553480614894135,1,1,4,6,4,46,3.8501476017100584,1,1,1,4,6,68,4.23410650459726,1,2,3,5,8,2,1,40302.0
13,2.6390573296152584,0,1,3,6,3,67,4.219507705176107,0,1,2,4,7,66,4.204692619390966,1,0,1,3,6,1,0,14523.0
56,4.04305126783455,1,2,1,0,6,24,3.2188758248682006,1,0,4,3,4,43,3.784189633918261,0,1,3,1,3,1,0,9801127.0
21,3.091042453358316,0,0,1,0,1,78,4.3694478524670215,1,0,3,1,8,58,4.07753744390572,1,1,3,2,8,1,0,45953015.0
33,3.5263605246161616,0,0,3,5,3,43,3.784189633918261,0,1,3,1,3,53,3.9889840465642745,0,2,3,4,3,1,0,71285953.0
34,3.5553480614894135,1,1,4,6,4,10,2.3978952727983707,1,1,0,3,0,39,3.6888794541139363,0,0,4,4,9,1,0,6589.0
49,3.912023005428146,0,1,4,0,9,69,4.248495242049359,0,0,4,6,9,69,4.248495242049359,0,0,4,6,9,1,1,41321.0
22,3.1354942159291497,1,1,2,1,2,62,4.143134726391533,1,2,2,6,2,61,4.127134385045092,0,1,1,5,1,1,0,480727391.0
86,4.465908118654584,1,2,1,2,6,44,3.8066624897703196,1,2,4,2,4,62,4.143134726391533,1,2,2,6,2,2,0,80885.0
72,4.290459441148391,1,0,2,2,2,90,4.51085950651685,1,0,0,6,0,59,4.0943445622221,0,2,4,3,9,1,0,9957447607.0
60,4.110873864173311,1,0,0,4,0,42,3.7612001156935624,1,0,2,0,2,43,3.784189633918261,0,1,3,1,3,1,0,47526003.0
70,4.2626798770413155,1,1,0,0,0,45,3.828641396489095,0,0,0,3,5,61,4.127134385045092,0,1,1,5,1,1,0,69943.0
37,3.6375861597263857,0,1,2,2,7,14,2.70805020110221,1,2,4,0,4,27,3.332204510175204,0,0,2,6,7,1,0,753.0
37,3.6375861597263857,0,1,2,2,7,73,4.30406509320417,0,1,3,3,3,81,4.406719247264253,0,0,1,4,1,1,0,464203.0
73,4.30406509320417,0,1,3,3,3,77,4.356708826689592,0,2,2,0,7,83,4.430816798843313,0,2,3,6,3,1,0,16573143071.0
35,3.58351893845611,0,2,0,0,5,87,4.477336814478207,0,0,2,3,7,78,4.3694478524670215,1,0,3,1,8,1,0,282105.0
12,2.5649493574615367,1,0,2,5,2,61,4.127134385045092,0,1,1,5,1,68,4.23410650459726,1,2,3,5,8,1,0,7182025.0
76,4.343805421853684,1,1,1,6,6,68,4.23410650459726,1,2,3,5,8,63,4.1588830833596715,0,0,3,0,3,1,0,110263363.0
66,4.204692619390966,1,0,1,3,6,68,4.23410650459726,1,2,3,5,8,22,3.1354942159291497,1,1,2,1,2,2,1,224.0
61,4.127134385045092,0,1,1,5,1,57,4.060443010546419,0,0,2,1,7,31,3.4657359027997265,0,1,1,3,1,1,0,12876625.0
36,3.6109179126442243,1,0,1,1,6,23,3.1780538303479458,0,2,3,2,3,40,3.713572066704308,1,1,0,5,0,1,0,17841749.0
33,3.5263605246161616,0,0,3,5,3,58,4.07753744390572,1,1,3,2,8,88,4.48863636973214,1,1,3,4,8,1,0,4042717.0
62,4.143134726391533,1,2,2,6,2,49,3.912023005428146,0,1,4,0,9,87,4.477336814478207,0,0,2,3,7,1,0,162069.0
64,4.174387269895637,1,1,4,1,4,35,3.58351893845611,0,2,0,0,5,60,4.110873864173311,1,0,0,4,0,1,0,1600917435.0
38,3.6635616461296463,1,2,3,3,8,37,3.6375861597263857,0,1,2,2,7,58,4.07753744390572,1,1,3,2,8,1,0,610035911.0
30,3.4339872044851463,1,0,0,2,0,73,4.30406509320417,0,1,3,3,3,50,3.9318256327243257,1,2,0,1,0,1,0,410678511.0
60,4.110873864173311,1,0,0,4,0,34,3.5553480614894135,1,1,4,6,4,76,4.343805421853684,1,1,1,6,6,2,0,12422.0
54,4.007333185232471,1,0,4,5,4,54,4.007333185232471,1,0,4,5,4,13,2.6390573296152584,0,1,3,6,3,1,1,502223.0
58,4.07753744390572,1,1,3,2,8,54,4.007333185232471,1,0,4,5,4,67,4.219507705176107,0,1,2,4,7,1,0,5801547.0
43,3.784189633918261,0,1,3,1,3,42,3.7612001156935624,1,0,2,0,2,35,3.58351893845611,0,2,0,0,5,1,0,42531.0
69,4.248495242049359,0,0,4,6,9,36,3.6109179126442243,1,0,1,1,6,35,3.58351893845611,0,2,0,0,5,1,0,1500729.0
63,4.1588830833596715,0,0,3,0,3,60,4.110873864173311,1,0,0,4,0,77,4.356708826689592,0,2,2,0,7,1,0,27669262.0
41,3.7376696182833684,0,2,1,6,1,50,3.9318256327243257,1,2,0,1,0,71,4.276666119016055,0,2,1,1,1,1,0,2458.0
25,3.258096538021482,0,1,0,4,5,34,3.5553480614894135,1,1,4,6,4,30,3.4339872044851463,1,0,0,2,0,1,0,13509815.0
49,3.912023005428146,0,1,4,0,9,60,4.110873864173311,1,0,0,4,0,23,3.1780538303479458,0,2,3,2,3,1,0,4787309.0
39,3.6888794541139363,0,0,4,4,9,68,4.23410650459726,1,2,3,5,8,88,4.48863636973214,1,1,3,4,8,1,0,298700053.0
19,2.995732273553991,0,1,4,5,9,62,4.143134726391533,1,2,2,6,2,80,4.394449154672439,1,2,0,3,0,1,0,42898367.0
19,2.995732273553991,0,1,4,5,9,53,3.9889840465642745,0,2,3,4,3,54,4.007333185232471,1,0,4,5,4,1,0,25931.0
83,4.430816798843313,0,2,3,6,3,80,4.394449154672439,1,2,0,3,0,86,4.465908118654584,1,2,1,2,6,1,0,44369911.0
48,3.8918202981106265,1,0,3,6,8,20,3.044522437723423,1,2,0,6,0,62,4.143134726391533,1,2,2,6,2,2,0,27582.0
55,4.02535169073515,0,1,0,6,5,28,3.367295829986474,1,1,3,0,8,52,3.970291913552122,1,1,2,3,2,1,0,25485503.0
21,3.091042453358316,0,0,1,0,1,74,4.31748811353631,1,2,4,4,4,73,4.30406509320417,0,1,3,3,3,1,0,1106279.0
12,2.5649493574615367,1,0,2,5,2,84,4.442651256490317,1,0,4,0,4,79,4.382026634673881,0,1,4,2,9,1,1,134530907.0
76,4.343805421853684,1,1,1,6,6,45,3.828641396489095,0,0,0,3,5,35,3.58351893845611,0,2,0,0,5,1,0,4461641.0
76,4.343805421853684,1,1,1,6,6,83,4.430816798843313,0,2,3,6,3,24,3.2188758248682006,1,0,4,3,4,1,0,2264837.0
81,4.406719247264253,0,0,1,4,1,77,4.356708826689592,0,2,2,0,7,45,3.828641396489095,0,0,0,3,5,1,0,112899337.0
33,3.5263605246161616,0,0,3,5,3,32,3.4965075614664802,1,2,2,4,2,15,2.772588722239781,0,0,0,1,5,1,0,6470.0
41,3.7376696182833684,0,2,1,6,1,56,4.04305126783455,1,2,1,0,6,88,4.48863636973214,1,1,3,4,8,1,0,136927329.0
87,4.477336814478207,0,0,2,3,7,45,3.828641396489095,0,0,0,3,5,81,4.406719247264253,0,0,1,4,1,3,0,78890871.0
77,4.356708826689592,0,2,2,0,7,84,4.442651256490317,1,0,4,0,4,85,4.454347296253507,0,1,0,1,5,1,0,5352759.0
43,3.784189633918261,0,1,3,1,3,89,4.499809670330265,0,2,4,5,9,47,3.871201010907891,0,2,2,5,7,1,0,127824563.0
29,3.4011973816621555,0,2,4,1,9,60,4.110873864173311,1,0,0,4,0,76,4.343805421853684,1,1,1,6,6,1,0,94489977.0
87,4.477336814478207,0,0,2,3,7,42,3.7612001156935624,1,0,2,0,2,78,4.3694478524670215,1,0,3,1,8,3,0,6825411.0
64,4.174387269895637,1,1,4,1,4,84,4.442651256490317,1,0,4,0,4,29,3.4011973816621555,0,2,4,1,9,1,0,39883.0
28,3.367295829986474,1,1,3,0,8,39,3.6888794541139363,0,0,4,4,9,58,4.07753744390572,1,1,3,2,8,1,0,3095217.0
10,2.3978952727983707,1,1,0,3,0,85,4.454347296253507,0,1,0,1,5,84,4.442651256490317,1,0,4,0,4,1,0,1278813.0
84,4.442651256490317,1,0,4,0,4,77,4.356708826689592,0,2,2,0,7,82,4.418840607796598,1,1,2,5,2,1,0,828231895.0
34,3.5553480614894135,1,1,4,6,4,40,3.713572066704308,1,1,0,5,0,63,4.1588830833596715,0,0,3,0,3,1,0,5684239.0
36,3.6109179126442243,1,0,1,1,6,58,4.07753744390572,1,1,3,2,8,76,4.343805421853684,1,1,1,6,6,2,0,1136.0
48,3.8918202981106265,1,0,3,6,8,48,3.8918202981106265,1,0,3,6,8,44,3.8066624897703196,1,2,4,2,4,4,1,10657.0
84,4.442651256490317,1,0,4,0,4,78,4.3694478524670215,1,0,3,1,8,52,3.970291913552122,1,1,2,3,2,2,0,129395050.0
82,4.418840607796598,1,1,2,5,2,67,4.219507705176107,0,1,2,4,7,50,3.9318256327243257,1,2,0,1,0,1,0,976925.0
54,4.007333185232471,1,0,4,5,4,66,4.204692619390966,1,0,1,3,6,22,3.1354942159291497,1,1,2,1,2,2,1,101188.0
61,4.127134385045092,0,1,1,5,1,88,4.48863636973214,1,1,3,4,8,75,4.330733340286331,0,0,0,5,5,1,0,5032076.0
73,4.30406509320417,0,1,3,3,3,55,4.02535169073515,0,1,0,6,5,25,3.258096538021482,0,1,0,4,5,1,0,338016511.0
33,3.5263605246161616,0,0,3,5,3,68,4.23410650459726,1,2,3,5,8,55,4.02535169073515,0,1,0,6,5,1,0,1711.0
55,4.02535169073515,0,1,0,6,5,47,3.871201010907891,0,2,2,5,7,68,4.23410650459726,1,2,3,5,8,1,0,2782179.0
61,4.127134385045092,0,1,1,5,1,70,4.2626798770413155,1,1,0,0,0,18,2.9444389791664403,1,0,3,4,8,1,0,326681.0
41,3.7376696182833684,0,2,1,6,1,23,3.1780538303479458,0,2,3,2,3,51,3.9512437185814275,0,0,1,2,1,1,0,23705339.0
58,4.07753744390572,1,1,3,2,8,65,4.189654742026425,0,2,0,2,5,46,3.8501476017100584,1,1,1,4,6,1,0,2912964623.0
89,4.499809670330265,0,2,4,5,9,57,4.060443010546419,0,0,2,1,7,53,3.9889840465642745,0,2,3,4,3,1,0,429525795.0
37,3.6375861597263857,0,1,2,2,7,76,4.343805421853684,1,1,1,6,6,87,4.477336814478207,0,0,2,3,7,1,0,161226.0
45,3.828641396489095,0,0,0,3,5,49,3.912023005428146,0,1,4,0,9,47,3.871201010907891,0,2,2,5,7,1,0,1362831207.0
56,4.04305126783455,1,2,1,0,6,11,2.4849066497880004,0,2,1,4,1,62,4.143134726391533,1,2,2,6,2,1,0,4932743.0
41,3.7376696182833684,0,2,1,6,1,55,4.02535169073515,0,1,0,6,5,49,3.912023005428146,0,1,4,0,9,1,0,65889.0
46,3.8501476017100584,1,1,1,4,6,64,4.174387269895637,1,1,4,1,4,27,3.332204510175204,0,0,2,6,7,1,0,451415.0
48,3.8918202981106265,1,0,3,6,8,63,4.1588830833596715,0,0,3,0,3,28,3.367295829986474,1,1,3,0,8,1,0,483199187.0
36,3.6109179126442243,1,0,1,1,6,30,3.4339872044851463,1,0,0,2,0,61,4.127134385045092,0,1,1,5,1,1,0,6334267.0
57,4.060443010546419,0,0,2,1,7,72,4.290459441148391,1,0,2,2,2,80,4.394449154672439,1,2,0,3,0,1,0,6934629.0
18,2.9444389791664403,1,0,3,4,8,70,4.2626798770413155,1,1,0,0,0,75,4.330733340286331,0,0,0,5,5,1,0,369952451.0
88,4.48863636973214,1,1,3,4,8,20,3.044522437723423,1,2,0,6,0,80,4.394449154672439,1,2,0,3,0,4,1,608397.0
51,3.9512437185814275,0,0,1,2,1,80,4.394449154672439,1,2,0,3,0,62,4.143134726391533,1,2,2,6,2,1,0,532261127.0
66,4.204692619390966,1,0,1,3,6,82,4.418840607796598,1,1,2,5,2,59,4.0943445622221,0,2,4,3,9,1,0,315254287.0
88,4.48863636973214,1,1,3,4,8,48,3.8918202981106265,1,0,3,6,8,57,4.060443010546419,0,0,2,1,7,1,0,2776117631.0
74,4.31748811353631,1,2,4,4,4,53,3.9889840465642745,0,2,3,4,3,67,4.219507705176107,0,1,2,4,7,1,0,5735757.0
49,3.912023005428146,0,1,4,0,9,48,3.8918202981106265,1,0,3,6,8,88,4.48863636973214,1,1,3,4,8,1,0,16061097.0
61,4.127134385045092,0,1,1,5,1,64,4.174387269895637,1,1,4,1,4,21,3.091042453358316,0,0,1,0,1,1,0,26.0
76,4.343805421853684,1,1,1,6,6,60,4.110873864173311,1,0,0,4,0,45,3.828641396489095,0,0,0,3,5,1,0,3206419559.0
16,2.833213344056216,1,1,1,2,6,50,3.9318256327243257,1,2,0,1,0,35,3.58351893845611,0,2,0,0,5,1,0,9587399.0
30,3.4339872044851463,1,0,0,2,0,60,4.110873864173311,1,0,0,4,0,33,3.5263605246161616,0,0,3,5,3,3,1,118533.0
40,3.713572066704308,1,1,0,5,0,50,3.9318256327243257,1,2,0,1,0,83,4.430816798843313,0,2,3,6,3,1,0,755742551.0
57,4.060443010546419,0,0,2,1,7,48,3.8918202981106265,1,0,3,6,8,22,3.1354942159291497,1,1,2,1,2,1,0,271287611.0
44,3.8066624897703196,1,2,4,2,4,80,4.394449154672439,1,2,0,3,0,79,4.382026634673881,0,1,4,2,9,1,0,23854437.0
65,4.189654742026425,0,2,0,2,5,77,4.356708826689592,0,2,2,0,7,78,4.3694478524670215,1,0,3,1,8,1,0,147303.0
78,4.3694478524670215,1,0,3,1,8,79,4.382026634673881,0,1,4,2,9,89,4.499809670330265,0,2,4,5,9,1,0,2342811.0
58,4.07753744390572,1,1,3,2,8,76,4.343805421853684,1,1,1,6,6,19,2.995732273553991,0,1,4,5,9,1,1,37521199.0
40,3.713572066704308,1,1,0,5,0,65,4.189654742026425,0,2,0,2,5,48,3.8918202981106265,1,0,3,6,8,1,0,1368772911.0
86,4.465908118654584,1,2,1,2,6,81,4.406719247264253,0,0,1,4,1,32,3.4965075614664802,1,2,2,4,2,1,0,44509.0
49,3.912023005428146,0,1,4,0,9,63,4.1588830833596715,0,0,3,0,3,15,2.772588722239781,0,0,0,1,5,1,0,16546571.0
72,4.290459441148391,1,0,2,2,2,33,3.5263605246161616,0,0,3,5,3,51,3.9512437185814275,0,0,1,2,1,3,0,1955.0
14,2.70805020110221,1,2,4,0,4,49,3.912023005428146,0,1,4,0,9,58,4.07753744390572,1,1,3,2,8,1,0,58170287.0
90,4.51085950651685,1,0,0,6,0,71,4.276666119016055,0,2,1,1,1,51,3.9512437185814275,0,0,1,2,1,1,0,259780.0
20,3.044522437723423,1,2,0,6,0,60,4.110873864173311,1,0,0,4,0,62,4.143134726391533,1,2,2,6,2,2,1,70500.0
85,4.454347296253507,0,1,0,1,5,69,4.248495242049359,0,0,4,6,9,26,3.295836866004329,1,2,1,5,6,1,0,187518.0
39,3.6888794541139363,0,0,4,4,9,57,4.060443010546419,0,0,2,1,7,80,4.394449154672439,1,2,0,3,0,1,0,136024.0
57,4.060443010546419,0,0,2,1,7,77,4.356708826689592,0,2,2,0,7,80,4.394449154672439,1,2,0,3,0,1,0,320.0
61,4.127134385045092,0,1,1,5,1,14,2.70805020110221,1,2,4,0,4,54,4.007333185232471,1,0,4,5,4,1,0,72455.0
22,3.1354942159291497,1,1,2,1,2,63,4.1588830833596715,0,0,3,0,3,76,4.343805421853684,1,1,1,6,6,1,0,554801.0
78,4.3694478524670215,1,0,3,1,8,45,3.828641396489095,0,0,0,3,5,57,4.060443010546419,0,0,2,1,7,3,0,15067.0
80,4.394449154672439,1,2,0,3,0,78,4.3694478524670215,1,0,3,1,8,26,3.295836866004329,1,2,1,5,6,2,1,36425.0
26,3.295836866004329,1,2,1,5,6,88,4.48863636973214,1,1,3,4,8,89,4.499809670330265,0,2,4,5,9,1,0,7759585.0
53,3.9889840465642745,0,2,3,4,3,84,4.442651256490317,1,0,4,0,4,66,4.204692619390966,1,0,1,3,6,1,0,6154894099.0
44,3.8066624897703196,1,2,4,2,4,86,4.465908118654584,1,2,1,2,6,67,4.219507705176107,0,1,2,4,7,1,0,17085525.0
75,4.330733340286331,0,0,0,5,5,11,2.4849066497880004,0,2,1,4,1,75,4.330733340286331,0,0,0,5,5,1,1,3127.0
89,4.499809670330265,0,2,4,5,9,65,4.189654742026425,0,2,0,2,5,79,4.382026634673881,0,1,4,2,9,1,0,23827411.0
19,2.995732273553991,0,1,4,5,9,56,4.04305126783455,1,2,1,0,6,43,3.784189633918261,0,1,3,1,3,1,0,1618.0
39,3.6888794541139363,0,0,4,4,9,74,4.31748811353631,1,2,4,4,4,81,4.406719247264253,0,0,1,4,1,1,0,878422.0
61,4.127134385045092,0,1,1,5,1,74,4.31748811353631,1,2,4,4,4,75,4.330733340286331,0,0,0,5,5,1,0,9244613.0
33,3.5263605246161616,0,0,3,5,3,19,2.995732273553991,0,1,4,5,9,50,3.9318256327243257,1,2,0,1,0,1,0,945.0
45,3.828641396489095,0,0,0,3,5,88,4.48863636973214,1,1,3,4,8,52,3.970291913552122,1,1,2,3,2,1,0,200023.0
48,3.8918202981106265,1,0,3,6,8,34,3.5553480614894135,1,1,4,6,4,80,4.394449154672439,1,2,0,3,0,2,0,2532944.0
65,4.189654742026425,0,2,0,2,5,23,3.1780538303479458,0,2,3,2,3,48,3.8918202981106265,1,0,3,6,8,1,0,441.0
52,3.970291913552122,1,1,2,3,2,41,3.7376696182833684,0,2,1,6,1,24,3.2188758248682006,1,0,4,3,4,1,0,236544999.0
15,2.772588722239781,0,0,0,1,5,72,4.290459441148391,1,0,2,2,2,74,4.31748811353631,1,2,4,4,4,1,0,240367807.0
48,3.8918202981106265,1,0,3,6,8,15,2.772588722239781,0,0,0,1,5,42,3.7612001156935624,1,0,2,0,2,3,0,4893.0
55,4.02535169073515,0,1,0,6,5,57,4.060443010546419,0,0,2,1,7,57,4.060443010546419,0,0,2,1,7,1,1,1123463.0
39,3.6888794541139363,0,0,4,4,9,83,4.430816798843313,0,2,3,6,3,54,4.007333185232471,1,0,4,5,4,1,0,357939.0
65,4.189654742026425,0,2,0,2,5,89,4.499809670330265,0,2,4,5,9,41,3.7376696182833684,0,2,1,6,1,1,0,2589991315.0
28,3.367295829986474,1,1,3,0,8,40,3.713572066704308,1,1,0,5,0,27,3.332204510175204,0,0,2,6,7,1,0,1658875.0
53,3.9889840465642745,0,2,3,4,3,44,3.8066624897703196,1,2,4,2,4,62,4.143134726391533,1,2,2,6,2,1,0,2134443643.0
65,4.189654742026425,0,2,0,2,5,37,3.6375861597263857,0,1,2,2,7,47,3.871201010907891,0,2,2,5,7,1,0,1659307.0
44,3.8066624897703196,1,2,4,2,4,45,3.828641396489095,0,0,0,3,5,72,4.290459441148391,1,0,2,2,2,1,0,1344780607.0
40,3.713572066704308,1,1,0,5,0,36,3.6109179126442243,1,0,1,1,6,31,3.4657359027997265,0,1,1,3,1,1,0,17765.0
39,3.6888794541139363,0,0,4,4,9,52,3.970291913552122,1,1,2,3,2,69,4.248495242049359,0,0,4,6,9,1,0,6022307.0
