slot_total_listed,slot_total_listed_abs_log1p,slot_total_listed_is_even,slot_total_listed_mod3,slot_total_listed_mod5,slot_total_listed_mod7,slot_total_listed_mod10,slot_alice_name,slot_bob_name,gcd_all,y
55950,10.932231586681333,1,0,0,6,0,0,0,55950,83.0
166965,12.02554547785669,0,0,0,1,5,1,1,166965,72.0
468941,13.058234372403577,0,2,1,4,1,0,0,468941,121.0
194133,12.176303921256542,0,0,3,2,3,1,2,194133,113.0
130862,11.78190625342459,1,2,2,4,2,1,3,130862,132.0
31937,10.371551802400813,0,2,2,3,7,0,1,31937,81.0
190564,12.157748622699984,1,1,4,3,4,2,4,190564,91.0
36230,10.497670384943484,1,2,0,5,0,2,0,36230,61.0
430448,12.97258412893321,1,2,3,4,8,0,2,430448,93.0
118915,11.686172640488476,0,1,0,6,5,2,2,118915,72.0
97602,11.488663509633708,1,0,2,1,2,3,2,97602,100.0
304528,12.626521599692467,1,1,3,0,8,3,2,304528,82.0
241816,12.395936520729524,1,1,1,1,6,2,3,241816,95.0
81293,11.305827492074487,0,2,3,2,3,2,2,81293,92.0
65596,11.091285242179136,1,1,1,6,6,2,4,65596,35.0
465821,13.05155886588811,0,2,1,6,1,4,3,465821,119.0
484123,13.090096351232685,0,1,3,3,3,0,4,484123,114.0
296205,12.598810437194063,0,0,0,0,5,2,3,296205,63.0
186543,12.136422415173072,0,0,3,0,3,3,0,186543,98.0
365879,12.810060689770301,0,2,4,3,9,0,2,365879,102.0
193675,12.173941938775789,0,1,0,6,5,4,2,193675,102.0
208029,12.245437579052428,0,0,4,3,9,0,4,208029,93.0
279289,12.540005947497095,0,1,4,3,9,1,3,279289,75.0
470834,13.062262993151368,1,2,4,0,4,3,1,470834,123.0
287846,12.570184367954804,1,2,1,6,6,2,4,287846,77.0
58881,10.983290720217184,0,0,1,4,1,3,2,58881,67.0
491156,13.104519111266546,1,2,1,1,6,3,3,491156,145.0
28214,10.24760903040324,1,2,4,4,4,1,2,28214,78.0
302271,12.619082553255788,0,0,1,4,1,3,0,302271,100.0
119739,11.693078004479343,0,0,4,4,9,4,4,119739,106.0
335800,12.724274001584217,1,1,0,3,0,3,4,335800,114.0
400584,12.900681257678569,1,0,4,2,4,0,0,400584,92.0
207830,12.244480528426429,1,2,0,0,0,0,0,207830,105.0
477424,13.076162358503614,1,1,4,3,4,4,0,477424,107.0
68008,11.127395328341542,1,1,3,3,8,0,3,68008,56.0
41013,10.621668750815715,0,0,3,0,3,2,2,41013,45.0
178607,12.092948739254513,0,2,2,2,7,0,4,178607,106.0
354366,12.778088378253427,1,0,1,5,6,4,4,354366,97.0
350057,12.765854134022215,0,2,2,1,7,1,4,350057,112.0
369717,12.820495831865003,0,0,2,5,7,4,1,369717,92.0
410595,12.92536504167831,0,0,0,3,5,0,2,410595,95.0
53117,10.880271132839104,0,2,2,1,7,1,4,53117,99.0
73349,11.202997783571128,0,2,4,3,9,3,2,73349,75.0
348174,12.760460505921293,1,0,4,1,4,1,1,348174,73.0
67683,11.122605094188517,0,0,3,0,3,0,0,67683,45.0
205915,12.23522359762186,0,1,0,3,5,1,3,205915,79.0
464522,13.048766351618355,1,2,2,2,2,2,2,464522,102.0
297010,12.601524454136019,1,1,0,0,0,4,3,297010,60.0
347095,12.757356677727007,0,1,0,0,5,3,3,347095,108.0
375078,12.834891949432109,1,0,3,4,8,1,0,375078,111.0
373395,12.83039479765959,0,0,0,1,5,2,4,373395,105.0
404394,12.910147402055975,1,0,4,4,4,4,3,404394,102.0
338483,12.732232102861348,0,2,3,5,3,2,1,338483,86.0
181620,12.109677377230202,1,0,0,5,0,2,2,181620,90.0
110108,11.609226063239133,1,2,3,5,8,0,4,110108,92.0
439932,12.994377721572503,1,0,2,3,2,2,0,439932,126.0
474,6.163314804034641,1,0,4,5,4,1,3,474,35.0
152615,11.935680241615353,0,2,0,1,5,2,2,152615,69.0
18392,9.819725436430797,1,2,2,3,2,4,4,18392,69.0
32897,10.401167144632103,0,2,2,4,7,4,4,32897,25.0
361045,12.796760653020007,0,1,0,6,5,0,0,361045,78.0
318088,12.67008649681867,1,1,3,1,8,3,2,318088,97.0
318675,12.671930191639452,0,0,0,0,5,3,4,318675,109.0
462711,13.044860109289719,0,0,1,4,1,2,4,462711,120.0
374480,12.833296346339965,1,2,0,1,0,4,2,374480,120.0
75405,11.230642126426895,0,0,0,1,5,3,2,75405,68.0
449138,13.015087695652786,1,2,3,4,8,4,4,449138,123.0
287211,12.567975898013136,0,0,1,1,1,4,3,287211,85.0
214815,12.277537126738478,0,0,0,6,5,0,2,214815,95.0
351682,12.770485480643266,1,1,2,2,2,2,2,351682,113.0
250043,12.429392181358201,0,2,3,3,3,4,2,250043,105.0
232273,12.355672988258615,0,1,3,6,3,0,0,232273,95.0
209794,12.253886142439178,1,1,4,4,4,0,4,209794,91.0
12815,9.458449669308141,0,2,0,5,5,0,4,12815,47.0
201516,12.213629024055816,1,0,1,0,6,3,2,201516,80.0
102636,11.538953770491355,1,0,1,2,6,3,2,102636,74.0
120248,11.697319871925114,1,2,3,2,8,2,4,120248,104.0
18804,9.841878070904437,1,0,4,2,4,0,3,18804,57.0
19538,9.88016774721451,1,2,3,1,8,4,2,19538,52.0
439677,12.993797919802985,0,0,2,0,7,1,1,439677,126.0
377725,12.841924344033222,0,1,0,5,5,2,1,377725,112.0
357994,12.788274298804858,1,1,4,0,4,3,0,357994,118.0
302960,12.621359363336007,1,2,0,0,0,4,3,302960,108.0
172618,12.058842132685383,1,1,3,5,8,2,1,172618,71.0
51128,10.842107129893346,1,2,3,0,8,0,2,51128,84.0
399381,12.897673631346875,0,0,1,3,1,4,2,399381,71.0
349823,12.765185449847685,0,2,3,5,3,4,3,349823,113.0
63328,11.056098639081055,1,1,3,6,8,1,1,63328,101.0
163377,12.003821813420517,0,0,2,4,7,1,1,163377,105.0
414431,12.934664187023314,0,2,1,3,1,0,0,414431,105.0
16678,9.721905722077173,1,1,3,4,8,1,4,16678,35.0
245419,12.410726307530538,0,1,4,6,9,3,0,245419,132.0
164492,12.010623295090662,1,2,2,6,2,3,4,164492,59.0
12152,9.4053313318708,1,2,2,0,2,3,1,12152,78.0
120059,11.695746896805835,0,2,4,2,9,1,1,120059,105.0
89792,11.405262300249726,1,2,2,3,2,3,4,89792,93.0
176004,12.078267682707667,1,0,4,3,4,2,1,176004,101.0
474058,13.069087065504986,1,1,3,4,8,4,4,474058,133.0
434503,12.9819604296291,0,1,3,6,3,1,1,434503,89.0
326245,12.695406977007481,0,1,0,3,5,0,4,326245,116.0
24434,10.103771809704256,1,2,4,4,4,0,1,24434,90.0
281396,12.547521762624786,1,2,1,3,6,1,2,281396,79.0
431978,12.976132254933578,1,2,3,1,8,0,2,431978,115.0
490376,13.10292976201488,1,2,1,5,6,4,4,490376,139.0
496590,13.115522028653958,1,0,0,3,0,1,1,496590,126.0
286416,12.565204069848939,1,0,1,4,6,1,0,286416,100.0
358438,12.789513771127062,1,1,3,3,8,1,4,358438,101.0
138888,11.841430331941945,1,0,3,1,8,3,1,138888,76.0
300232,12.612314118855522,1,1,2,2,2,4,3,300232,78.0
167039,12.02598858367641,0,2,4,5,9,3,2,167039,85.0
35376,10.47381717044985,1,0,1,5,6,0,2,35376,49.0
337457,12.729196337106425,0,2,2,1,7,0,2,337457,83.0
221082,12.306293475603638,1,0,2,1,2,1,2,221082,124.0
277600,12.533940109913773,1,1,0,1,0,3,4,277600,82.0
284296,12.55777474534986,1,1,1,5,6,1,2,284296,80.0
134775,11.81136942006604,0,0,0,4,5,4,2,134775,75.0
52098,10.860901033699289,1,0,3,4,8,4,4,52098,72.0
361510,12.79804774888703,1,1,0,2,0,3,0,361510,74.0
269354,12.503785491144107,1,2,4,1,4,4,1,269354,67.0
369696,12.820439030204215,1,0,1,5,6,4,4,369696,83.0
386868,12.865841413415435,1,0,3,6,8,0,2,386868,125.0
194135,12.176314223365898,0,2,0,4,5,1,4,194135,115.0
329633,12.705738227037113,0,2,3,3,3,3,4,329633,81.0
221231,12.3069672036284,0,2,1,3,1,2,4,221231,80.0
289662,12.576473457271454,1,0,2,2,2,1,0,289662,106.0
148967,11.911486796761599,0,2,2,0,7,2,1,148967,80.0
322042,12.682440355983495,1,1,2,0,2,3,3,322042,117.0
40145,10.600278088010873,0,2,0,0,5,3,4,40145,73.0
474629,13.070290832111219,0,2,4,1,9,2,4,474629,118.0
135965,11.820160133462979,0,2,0,4,5,4,0,135965,63.0
92704,11.437177687531953,1,1,4,3,4,3,3,92704,74.0
120267,11.697477864915543,0,0,2,0,7,0,4,120267,103.0
114644,11.649595676345093,1,2,4,5,4,0,0,114644,125.0
205016,12.230848181511574,1,2,1,0,6,1,1,205016,73.0
126577,11.748613997920065,0,1,2,3,7,4,3,126577,114.0
69523,11.14942729568337,0,1,3,6,3,1,0,69523,75.0
95600,11.467938559235831,1,2,0,1,0,0,1,95600,97.0
473169,13.0672100109363,0,0,4,4,9,4,1,473169,106.0
117758,11.676395442078821,1,2,3,4,8,3,0,117758,114.0
107604,11.586222394031685,1,0,4,0,4,1,4,107604,73.0
157558,11.967555270276176,1,1,3,2,8,0,0,157558,100.0
458299,13.035279270497215,0,1,4,2,9,0,2,458299,146.0
417323,12.941618177506736,0,2,3,4,3,3,1,417323,111.0
355297,12.780712152947398,0,1,2,5,7,3,2,355297,118.0
182006,12.111800426857767,1,2,1,6,6,1,2,182006,101.0
54497,10.905919282730268,0,2,2,2,7,2,0,54497,77.0
86545,11.36843134347628,0,1,0,4,5,4,0,86545,61.0
72246,11.187846082621247,1,0,1,6,6,1,0,72246,68.0
280473,12.544236308026651,0,0,3,4,3,1,0,280473,82.0
343913,12.748146905100326,0,2,3,3,3,3,0,343913,123.0
93082,11.441246847236334,1,1,2,3,2,4,3,93082,96.0
434109,12.981053237189139,0,0,4,4,9,3,0,434109,135.0
64131,11.068698738308727,0,0,1,4,1,4,2,64131,91.0
401043,12.901826425955068,0,0,3,6,3,4,4,401043,99.0
340169,12.737200771633995,0,2,4,4,9,2,0,340169,83.0
305266,12.628942082477899,1,1,1,3,6,3,1,305266,81.0
492513,13.107278165586198,0,0,3,0,3,1,3,492513,111.0
303935,12.624572431908794,0,2,0,2,5,1,0,303935,89.0
184780,12.1269266190512,1,1,0,1,0,4,3,184780,93.0
121677,11.709133490243195,0,0,2,3,7,1,4,121677,107.0
68185,11.129994544166644,0,1,0,5,5,1,3,68185,56.0
205794,12.234635806654488,1,0,4,1,4,0,3,205794,91.0
357539,12.787002522969079,0,2,4,0,9,1,2,357539,106.0
54669,10.909070391889045,0,0,4,6,9,3,2,54669,80.0
108538,11.594864834381662,1,1,3,3,8,4,1,108538,109.0
164709,12.011941630776722,0,0,4,6,9,1,3,164709,70.0
392516,12.88033512736857,1,2,1,5,6,1,1,392516,136.0
291895,12.584152853425259,0,1,0,2,5,1,3,291895,89.0
266883,12.494569386049792,0,0,3,1,3,1,3,266883,53.0
77958,11.263938326448413,1,0,3,6,8,2,2,77958,57.0
388383,12.869749819906088,0,0,3,2,3,2,0,388383,128.0
357982,12.788240778221821,1,1,2,2,2,3,4,357982,120.0
240481,12.39040052165215,0,1,1,3,1,3,3,240481,110.0
471509,13.063695589738485,0,2,4,3,9,1,1,471509,114.0
498430,13.119220443558019,1,1,0,2,0,0,1,498430,140.0
205835,12.234835014197825,0,2,0,0,5,2,1,205835,67.0
329367,12.704930945680012,0,0,2,3,7,3,2,329367,76.0
143723,11.875650072735507,0,2,3,6,3,3,2,143723,74.0
433269,12.979116369235987,0,0,4,4,9,4,1,433269,111.0
448206,13.01301045825467,1,0,1,3,6,0,1,448206,126.0
311921,12.65050843553641,0,2,1,1,1,3,1,311921,79.0
77331,11.255863120452393,0,0,1,2,1,3,0,77331,72.0
434925,12.982931180657104,0,0,0,1,5,3,1,434925,106.0
85934,11.361346475510787,1,2,4,2,4,2,4,85934,97.0
228331,12.338555989143146,0,1,1,5,1,1,0,228331,136.0
11808,9.376617231601282,1,0,3,6,8,1,0,11808,53.0
303544,12.623285148671972,1,1,4,3,4,2,0,303544,81.0
145806,11.890039108378142,1,0,1,3,6,2,2,145806,83.0
486444,13.09487912180208,1,0,4,0,4,0,3,486444,119.0
33523,10.420016879218796,0,1,3,0,3,3,0,33523,55.0
198061,12.196335391974426,0,1,1,3,1,1,0,198061,77.0
88905,11.395334910788097,0,0,0,5,5,4,1,88905,88.0
482745,13.087245914394185,0,0,0,4,5,3,1,482745,138.0
99261,11.505518098041806,0,0,1,1,1,2,4,99261,79.0
429139,12.969538484999072,0,1,4,4,9,0,3,429139,91.0
89745,11.404738737112206,0,0,0,5,5,3,4,89745,92.0
358929,12.790882662385737,0,0,4,4,9,2,2,358929,106.0
183349,12.119152173499472,0,1,4,5,9,4,4,183349,87.0
182915,12.116782310049842,0,2,0,5,5,4,1,182915,82.0
438843,12.991899275829272,0,0,3,6,3,1,0,438843,108.0
69262,11.145666132063102,1,1,2,4,2,2,2,69262,67.0
137498,11.831371923335045,1,2,3,4,8,3,1,137498,63.0
384399,12.859438956078275,0,0,4,1,9,0,4,384399,130.0
209704,12.253457060191833,1,1,4,5,4,0,1,209704,91.0
312858,12.653507888792811,1,0,3,0,8,2,2,312858,82.0
493644,13.109571914354653,1,0,4,4,4,0,1,493644,96.0
147000,11.898194668458823,1,0,0,0,0,3,0,147000,93.0
254030,12.44521158579761,1,2,0,0,0,4,4,254030,96.0
476256,13.07371290347776,1,0,1,4,6,3,1,476256,93.0
269131,12.502957244546705,0,1,1,2,1,2,2,269131,77.0
70801,11.167642527870399,0,1,1,3,1,0,1,70801,55.0
58363,10.974454540383913,0,1,3,4,3,1,3,58363,97.0
13500,9.510519035757246,1,0,0,4,0,2,2,13500,64.0
498288,13.118935508970651,1,0,3,0,8,4,1,498288,123.0
121176,11.705007565632043,1,0,1,6,6,2,4,121176,98.0
170067,12.043953636053725,0,0,2,2,7,1,4,170067,74.0
175120,12.073232442550472,1,1,0,1,0,4,3,175120,76.0
454479,13.02690918723101,0,0,4,4,9,3,2,454479,141.0
63766,11.062991094138104,1,1,1,3,6,0,3,63766,89.0
364183,12.805414513405063,0,1,3,1,3,1,1,364183,104.0
325982,12.694600511749867,1,2,2,6,2,3,1,325982,119.0
234362,12.364626474396047,1,2,2,2,2,3,0,234362,107.0
88001,11.38511482047481,0,2,1,4,1,2,1,88001,91.0
448074,13.012715908099798,1,0,4,4,4,2,4,448074,115.0
54800,10.911463720944793,1,2,0,4,0,4,4,54800,70.0
330381,12.708004839726016,0,0,1,2,1,1,4,330381,74.0
362923,12.8019487249356,0,1,3,1,3,4,4,362923,94.0
252386,12.438718902775987,1,2,1,1,6,3,2,252386,123.0
163182,12.002627549419753,1,0,2,5,2,3,0,163182,114.0
27035,10.204924590220244,0,2,0,1,5,1,1,27035,70.0
124761,11.734163201372343,0,0,1,0,1,0,2,124761,109.0
43952,10.690876160169422,1,2,2,6,2,0,2,43952,80.0
369331,12.819451247506437,0,1,1,4,1,1,3,369331,98.0
378958,12.845183298793224,1,1,3,6,8,4,4,378958,95.0
171823,12.054225976097998,0,1,3,1,3,4,2,171823,105.0
385392,12.862018871849868,1,0,2,0,2,3,3,385392,108.0
332573,12.714617670707023,0,2,3,3,3,2,1,332573,81.0
133325,11.800552535909453,0,2,0,3,5,2,0,133325,53.0
230224,12.346812370589568,1,1,4,1,4,3,1,230224,82.0
457171,13.032814966682697,0,1,1,1,1,1,3,457171,139.0
91171,11.420503111379029,0,1,1,3,1,4,0,91171,66.0
349482,12.7642101985574,1,0,2,0,2,1,0,349482,96.0
228762,12.340441812124062,1,0,2,2,2,1,3,228762,128.0
437071,12.987853220231734,0,1,1,5,1,0,1,437071,115.0
3122,8.046549357283078,1,2,2,0,2,1,4,3122,36.0
270622,12.508481987411352,1,1,2,2,2,2,3,270622,56.0
359824,12.793373081130872,1,1,4,3,4,2,2,359824,123.0
40133,10.599979134346462,0,2,3,2,3,0,4,40133,71.0
219966,12.301232814083374,1,0,1,5,6,4,1,219966,114.0
139948,11.849033349508996,1,1,3,4,8,2,3,139948,63.0
87439,11.378708122850421,0,1,4,2,9,3,2,87439,83.0
55115,10.917195334113794,0,2,0,4,5,2,4,55115,88.0
142474,11.8669218247032,1,1,4,3,4,3,0,142474,69.0
371616,12.82561903299166,1,0,1,0,6,3,0,371616,111.0
191690,12.16363997957482,1,2,0,2,0,0,3,191690,107.0
181172,12.10720765486591,1,2,2,5,2,1,4,181172,90.0
291675,12.583398876159652,0,0,0,6,5,2,0,291675,99.0
148176,11.906162784118516,1,0,1,0,6,2,1,148176,63.0
376398,12.838405029941692,1,0,3,1,8,0,4,376398,128.0
13858,9.536690120068803,1,1,3,5,8,1,4,13858,56.0
158724,11.974928424038652,1,0,4,6,4,4,3,158724,73.0
252894,12.440729661802274,1,0,4,5,4,4,2,252894,139.0
406435,12.915181754000361,0,1,0,1,5,3,3,406435,100.0
267045,12.495176207187287,0,0,0,2,5,2,3,267045,61.0
233924,12.362755830144113,1,2,4,5,4,4,4,233924,91.0
222049,12.310657860720248,0,1,4,2,9,2,2,222049,97.0
387475,12.867409190373586,0,1,0,4,5,1,2,387475,118.0
87321,11.377357714661773,0,0,1,3,1,4,2,87321,75.0
280341,12.543765565385794,0,0,1,5,1,4,4,280341,73.0
241071,12.39285092304107,0,0,1,5,1,2,2,241071,121.0
11589,9.357897936333798,0,0,4,4,9,4,0,11589,57.0
119935,11.69471354615804,0,1,0,4,5,1,0,119935,100.0
117453,11.673802046552682,0,0,3,0,3,3,4,117453,93.0
484998,13.091902108061824,1,0,3,3,8,3,3,484998,117.0
119775,11.693378610704155,0,0,0,5,5,0,4,119775,110.0
317961,12.66968715776665,0,0,1,0,1,2,2,317961,90.0
371969,12.826568484841998,0,2,4,3,9,1,2,371969,99.0
486205,13.094387681388591,0,1,0,6,5,1,4,486205,133.0
283426,12.554709873401434,1,1,1,3,6,3,3,283426,74.0
492699,13.107655748532055,0,0,4,4,9,4,2,492699,101.0
175506,12.075434207132517,1,0,1,2,6,1,0,175506,95.0
212383,12.266151235945651,0,1,3,3,3,1,2,212383,117.0
423764,12.956934335280383,1,2,4,5,4,3,3,423764,124.0
330742,12.709096917732078,1,1,2,6,2,1,2,330742,98.0
34991,10.462874742916549,0,2,1,5,1,0,3,34991,52.0
288264,12.571635474938686,1,0,4,4,4,3,3,288264,73.0
10650,9.273409063443166,1,0,0,3,0,2,1,10650,54.0
41679,10.637776676427249,0,0,4,1,9,4,2,41679,65.0
23631,10.07035700477116,0,0,1,6,1,4,3,23631,68.0
280930,12.545864366561728,1,1,0,6,0,1,1,280930,70.0
254385,12.446608077487278,0,0,0,5,5,3,1,254385,109.0
114269,11.646319348140759,0,2,4,1,9,1,0,114269,113.0
361351,12.797607831495865,0,1,1,4,1,0,3,361351,85.0
403687,12.908397581355885,0,1,2,4,7,1,1,403687,90.0
99500,11.507922973347437,1,2,0,2,0,3,4,99500,65.0
17006,9.741380302992413,1,2,1,3,6,0,1,17006,47.0
201804,12.215057163601639,1,0,4,1,4,4,1,201804,73.0
258846,12.463992432539108,1,0,1,0,6,0,3,258846,126.0
468590,13.057485598725425,1,2,0,3,0,3,4,468590,111.0
53928,10.895423645604193,1,0,3,0,8,2,4,53928,72.0
319233,12.67367965517606,0,0,3,5,3,4,1,319233,106.0
358269,12.78904217106865,0,0,4,2,9,2,1,358269,134.0
472292,13.065354834686083,1,2,2,2,2,1,4,472292,116.0
379998,12.847923900120158,1,0,3,3,8,1,1,379998,111.0
357762,12.787626034983498,1,0,2,6,2,0,4,357762,108.0
392012,12.879050281488016,1,2,2,5,2,4,4,392012,139.0
444842,13.00547668990788,1,2,2,6,2,1,2,444842,109.0
165030,12.013888614023587,1,0,0,5,0,3,3,165030,64.0
300010,12.611574419632799,1,1,0,4,0,1,2,300010,94.0
114670,11.64982243767105,1,1,0,3,0,1,2,114670,132.0
296221,12.598864452196743,0,1,1,2,1,1,1,296221,68.0
286996,12.567227041725452,1,1,1,3,6,1,4,286996,65.0
247799,12.420377248177179,0,2,4,6,9,0,3,247799,128.0
225765,12.3272543436293,0,0,0,1,5,2,3,225765,111.0
210530,12.257388189670197,1,2,0,5,0,3,1,210530,98.0
473401,13.067700200810172,0,1,1,5,1,3,4,473401,118.0
408081,12.919223413584602,0,0,1,2,1,2,0,408081,92.0
469445,13.05930855504117,0,2,0,4,5,2,2,469445,108.0
325736,12.693845586285915,1,2,1,5,6,0,2,325736,106.0
348710,12.761998777907511,1,2,0,5,0,3,1,348710,85.0
458815,13.036404537212544,0,1,0,0,5,1,0,458815,75.0
322133,12.682722887028861,0,2,3,0,3,4,1,322133,102.0
61074,11.019857896125941,1,0,4,6,4,1,3,61074,93.0
385803,12.863084747466374,0,0,3,5,3,2,2,385803,107.0
497749,13.117853221926442,0,1,4,0,9,0,4,497749,111.0
423534,12.956391434287466,1,0,4,6,4,2,4,423534,122.0
135956,11.820093938253283,1,2,1,2,6,4,4,135956,58.0
426703,12.963845843399788,0,1,3,4,3,0,0,426703,88.0
442808,13.000893804813316,1,2,3,2,8,1,2,442808,100.0
166889,12.025090191737448,0,2,4,2,9,3,2,166889,91.0
289641,12.576400956602518,0,0,1,2,1,3,4,289641,97.0
86842,11.37185716968755,1,1,2,0,2,0,4,86842,81.0
102725,11.539820528432873,0,2,0,0,5,2,2,102725,66.0
15251,9.632465920977454,0,2,1,5,1,3,4,15251,74.0
467257,13.054636846626563,0,1,2,0,7,4,3,467257,93.0
151191,11.926305831274874,0,0,1,5,1,1,2,151191,85.0
66721,11.108290012602541,0,1,1,4,1,1,4,66721,43.0
362025,12.799471311433166,0,0,0,6,5,4,4,362025,84.0
37445,10.530655174162098,0,2,0,2,5,0,3,37445,50.0
471095,13.062817173885794,0,2,0,2,5,3,1,471095,98.0
373147,12.82973040277028,0,1,2,5,7,2,4,373147,108.0
344264,12.749166988626376,1,2,4,4,4,0,1,344264,70.0
401387,12.902683819531282,0,2,2,0,7,2,2,401387,120.0
151523,11.92849930722668,0,2,3,1,3,4,1,151523,99.0
434213,12.981292779112424,0,2,3,3,3,3,2,434213,77.0
413389,12.932146736290399,0,1,4,4,9,4,0,413389,108.0
263036,12.480049985675425,1,2,1,4,6,1,4,263036,63.0
166288,12.021482517473164,1,1,3,3,8,3,3,166288,68.0
421112,12.950656485200456,1,2,2,6,2,4,1,421112,119.0
117934,11.677888904217976,1,1,4,5,4,0,1,117934,94.0
188422,12.146444714352565,1,1,2,3,2,2,3,188422,68.0
301783,12.617466808668645,0,1,3,6,3,2,1,301783,96.0
401502,12.902970284321112,1,0,2,3,2,2,1,401502,72.0
432728,12.977866944997904,1,2,3,2,8,0,4,432728,104.0
444296,13.00424853670674,1,2,1,6,6,4,1,444296,110.0
351667,12.770442827686201,0,1,2,1,7,0,0,351667,118.0
254405,12.446686695075645,0,2,0,4,5,4,3,254405,108.0
29209,10.282266395381786,0,1,4,5,9,3,3,29209,62.0
136964,11.827480697718551,1,2,4,2,4,4,2,136964,64.0
79675,11.285723690195164,0,1,0,1,5,0,1,79675,92.0
116925,11.669296535048428,0,0,0,4,5,0,3,116925,87.0
32577,10.39139249291755,0,0,2,6,7,4,0,32577,92.0
318313,12.670793595966142,0,1,3,2,3,0,4,318313,112.0
499869,13.12210334359847,0,0,4,6,9,3,4,499869,105.0
180085,12.101189793550665,0,1,0,3,5,0,4,180085,125.0
336369,12.725967023556041,0,0,4,5,9,2,0,336369,86.0
243174,12.401536627737642,1,0,4,1,4,3,0,243174,124.0
424749,12.959256039534178,0,0,4,3,9,1,2,424749,124.0
314617,12.65911448348133,0,1,2,2,7,3,2,314617,104.0
184929,12.127732654078923,0,0,4,3,9,2,0,184929,86.0
429432,12.970221012894486,1,0,2,3,2,1,3,429432,107.0
483349,13.088496307892752,0,1,4,6,9,0,3,483349,92.0
51760,10.854392248926331,1,1,0,2,0,0,4,51760,64.0
481642,13.084958454705301,1,1,2,0,2,4,3,481642,122.0
263407,12.481459439887804,0,1,2,4,7,2,3,263407,61.0
363786,12.80432381050795,1,0,1,3,6,4,1,363786,90.0
50303,10.825839875788878,0,2,3,1,3,1,1,50303,70.0
402220,12.904756967787085,1,1,0,0,0,3,0,402220,83.0
271373,12.511253222235986,0,2,3,4,3,2,2,271373,52.0
151740,11.929930399090464,1,0,0,1,0,0,0,151740,72.0
164004,12.00765219414647,1,0,4,1,4,1,1,164004,51.0
33508,10.419569338447822,1,1,3,6,8,4,0,33508,50.0
236977,12.375722588804356,0,1,2,6,7,4,4,236977,116.0
403164,12.90710118641592,1,0,4,6,4,0,0,403164,99.0
192793,12.169377540342385,0,1,3,6,3,1,0,192793,95.0
494863,13.112038256326079,0,1,3,5,3,3,1,494863,112.0
18638,9.833011438731804,1,2,3,4,8,1,3,18638,51.0
115307,11.655362088065267,0,2,2,3,7,4,2,115307,78.0
73739,11.208300671788136,0,2,4,1,9,4,2,73739,38.0
255750,12.451959593874655,1,0,0,5,0,0,4,255750,115.0
20489,9.927692241232945,0,2,4,0,9,0,3,20489,33.0
46748,10.752548144113725,1,2,3,2,8,4,3,46748,84.0
493990,13.110272577380616,1,1,0,0,0,0,0,493990,110.0
38457,10.557322015710533,0,0,2,6,7,3,2,38457,66.0
295646,12.59692145406406,1,2,1,1,6,0,0,295646,74.0
290190,12.578294605856891,1,0,0,5,0,2,2,290190,97.0
479952,13.081443461423257,1,0,2,4,2,0,1,479952,112.0
40317,10.604553298340369,0,0,2,4,7,4,4,40317,87.0
74828,11.222960789360895,1,2,3,5,8,2,4,74828,56.0
191788,12.164151088379104,1,1,3,2,8,1,1,191788,108.0
153107,11.938898833709743,0,2,2,3,7,1,2,153107,75.0
265169,12.488126408723103,0,2,4,2,9,1,4,265169,71.0
492845,13.107952031000996,0,2,0,3,5,1,4,492845,104.0
123370,11.722951354730965,1,1,0,2,0,3,4,123370,98.0
129428,11.770887747222599,1,2,3,5,8,0,3,129428,112.0
125004,11.736109015484459,1,0,4,5,4,3,3,125004,88.0
134986,11.812933756487483,1,1,1,5,6,0,0,134986,73.0
433760,12.980248970152187,1,2,0,5,0,4,3,433760,112.0
361892,12.799103867005,1,2,2,6,2,0,2,361892,89.0
206852,12.239763675047621,1,2,2,2,2,0,0,206852,64.0
211565,12.262292285526481,0,2,0,4,5,0,0,211565,105.0
348981,12.762775623923249,0,0,1,3,1,0,2,348981,98.0
167091,12.026299837913777,0,0,1,1,1,1,1,167091,79.0
61824,11.032063092389617,1,0,4,0,4,1,0,61824,75.0
249595,12.427598889707973,0,1,0,3,5,4,2,249595,132.0
75234,11.228371827192978,1,0,4,5,4,1,0,75234,74.0
16545,9.713899659750128,0,0,0,4,5,4,4,16545,30.0
389250,12.871979658735976,1,0,0,1,0,3,3,389250,104.0
127155,11.753169958097134,0,0,0,0,5,1,3,127155,97.0
340520,12.73823207667875,1,2,0,5,0,4,3,340520,83.0
607,6.410174881966167,0,1,2,5,7,3,0,607,32.0
448698,13.014107563301016,1,0,3,5,8,1,1,448698,118.0
184064,12.123044235078758,1,2,4,6,4,3,2,184064,91.0
245423,12.41074260598789,0,2,3,3,3,0,4,245423,135.0
153770,11.943219761707686,1,2,0,1,0,1,1,153770,78.0
185441,12.13049744367504,0,2,1,4,1,3,1,185441,87.0
275363,12.525849137777977,0,2,3,4,3,0,4,275363,82.0
71966,11.183962959598032,1,2,1,6,6,2,2,71966,65.0
42574,10.659022505530888,1,1,4,0,4,4,0,42574,67.0
38361,10.554822665281634,0,0,1,1,1,2,2,38361,74.0
51225,10.844002494634465,0,0,0,6,5,2,0,51225,53.0
91140,11.420163036888468,1,0,0,0,0,2,0,91140,60.0
170543,12.046748606928919,0,2,3,2,3,1,3,170543,85.0
349359,12.763858188159443,0,0,4,3,9,0,4,349359,99.0
61363,11.024578622964665,0,1,3,1,3,0,4,61363,109.0
236425,12.373390541545911,0,1,0,0,5,3,1,236425,108.0
267282,12.496063301152024,1,0,2,1,2,0,2,267282,50.0
418080,12.9434304726383,1,0,0,5,0,2,3,418080,81.0
114796,11.650920630121965,1,1,1,3,6,3,3,114796,68.0
385325,12.861845008223387,0,2,0,3,5,0,1,385325,104.0
201060,12.211363623586752,1,0,0,6,0,4,0,201060,73.0
174295,12.06851028230617,0,1,0,2,5,4,1,174295,86.0
213876,12.273156362407347,1,0,1,5,6,0,4,213876,90.0
259219,12.465432400977367,0,1,4,2,9,4,3,259219,120.0
429428,12.970211698243238,1,2,3,6,8,1,1,429428,106.0
397765,12.893619171663763,0,1,0,4,5,3,3,397765,78.0
266194,12.491984401896726,1,1,4,5,4,4,4,266194,83.0
464512,13.048744823927285,1,1,2,6,2,2,4,464512,96.0
497468,13.11728852208155,1,2,3,6,8,1,3,497468,131.0
252180,12.43790236264088,1,0,0,5,0,1,3,252180,108.0
465583,13.051047810547733,0,1,3,6,3,3,2,465583,113.0
34538,10.449844399341774,1,2,3,0,8,4,3,34538,64.0
367441,12.814320762050396,0,1,1,4,1,1,0,367441,109.0
366477,12.811693771222004,0,0,2,6,7,3,0,366477,111.0
219554,12.299358049586157,1,2,4,6,4,3,3,219554,100.0
454509,13.026975194557846,0,0,4,6,9,0,2,454509,145.0
433136,12.978809354170217,1,2,1,4,6,3,0,433136,123.0
193101,12.170973825690778,0,0,1,6,1,0,1,193101,101.0
134670,11.81059004597529,1,0,0,4,0,4,2,134670,60.0
23643,10.07086466194426,0,0,3,4,3,2,0,23643,70.0
148205,11.906358476854553,0,2,0,1,5,4,1,148205,72.0
351335,12.769498309519358,0,2,0,5,5,3,1,351335,106.0
275763,12.52730070645253,0,0,3,5,3,1,1,275763,80.0
337656,12.729785866314822,1,0,1,4,6,0,0,337656,101.0
362283,12.800183713611545,0,0,3,5,3,3,3,362283,95.0
126756,11.750027146752942,1,0,1,0,6,2,0,126756,113.0
316523,12.665154347075351,0,2,3,4,3,2,3,316523,94.0
48531,10.789978653171763,0,0,1,0,1,3,1,48531,91.0
212058,12.264619816822155,1,0,3,0,8,1,0,212058,103.0
143791,11.876123089898154,0,1,1,4,1,3,2,143791,78.0
364674,12.806761824954414,1,0,4,2,4,2,2,364674,75.0
274510,12.522746611988572,1,1,0,5,0,4,1,274510,62.0
57646,10.962093486181855,1,1,1,1,6,3,2,57646,69.0
378801,12.844768920111168,0,0,1,3,1,3,2,378801,117.0
46175,10.740215461573598,0,2,0,3,5,2,2,46175,76.0
58561,10.977841301057458,0,1,1,6,1,0,1,58561,72.0
316160,12.664006856492103,1,2,0,5,0,4,3,316160,82.0
331176,12.71040825463742,1,0,1,6,6,1,0,331176,86.0
96716,11.479544467437899,1,2,1,4,6,3,2,96716,102.0
191207,12.161117119728312,0,2,2,2,7,4,0,191207,112.0
426047,12.962307294960375,0,2,2,6,7,1,2,426047,74.0
415573,12.937415976096247,0,1,3,4,3,3,3,415573,111.0
226637,12.331109309897865,0,2,2,5,7,2,3,226637,112.0
349695,12.764819484610298,0,0,0,3,5,4,1,349695,120.0
442784,13.000839603904083,1,2,4,6,4,3,1,442784,91.0
433158,12.978860145123896,1,0,3,5,8,0,3,433158,94.0
241894,12.396259026686275,1,1,4,2,4,1,4,241894,104.0
344469,12.749762282915338,0,0,4,6,9,3,0,344469,77.0
188639,12.147595715771198,0,2,4,3,9,4,2,188639,93.0
315351,12.66144475423119,0,0,1,1,1,1,4,315351,118.0
100916,11.5220536757971,1,2,1,4,6,2,0,100916,69.0
262345,12.477419522190925,0,1,0,6,5,2,2,262345,39.0
154162,11.945765763199885,1,1,2,1,2,1,3,154162,81.0
376263,12.838046303655299,0,0,3,6,3,1,3,376263,132.0
4281,8.362175469149628,0,0,1,4,1,0,2,4281,37.0
432473,12.97727748794012,0,2,3,6,3,0,0,432473,104.0
208529,12.247838194762641,0,2,4,6,9,3,4,208529,96.0
400839,12.901317624172265,0,0,4,5,9,4,4,400839,103.0
182150,12.112591292402424,1,2,0,3,0,4,2,182150,92.0
388706,12.870581125425264,1,2,1,3,6,4,1,388706,129.0
254973,12.448916858157896,0,0,3,5,3,2,3,254973,133.0
248534,12.423338959671508,1,2,4,6,4,0,0,248534,113.0
477793,13.076934956239537,0,1,3,1,3,2,1,477793,105.0
222188,12.311283650011761,1,2,3,1,8,0,1,222188,111.0
445534,13.007031086218955,1,1,4,5,4,0,3,445534,112.0
142585,11.867700605424591,0,1,0,2,5,2,4,142585,86.0
64734,11.078057292492748,1,0,4,5,4,2,3,64734,110.0
487272,13.09657981994995,1,0,2,2,2,0,3,487272,142.0
91538,11.424520389961815,1,2,3,6,8,4,0,91538,81.0
409675,12.923121882370742,0,1,0,0,5,2,2,409675,66.0
198251,12.197294227718592,0,2,1,4,1,1,4,198251,76.0
15358,9.639456900415627,1,1,3,0,8,3,4,15358,93.0
233007,12.358828066722362,0,0,2,5,7,3,3,233007,100.0
400311,12.89999952204821,0,0,1,2,1,2,4,400311,106.0
494443,13.111189177929395,0,1,3,5,3,2,0,494443,121.0
2209,7.700747794511798,0,1,4,4,9,3,0,2209,27.0
354625,12.778818991987333,0,1,0,5,5,2,2,354625,94.0
110883,11.616239888809117,0,0,3,3,3,4,0,110883,78.0
191152,12.160829433482176,1,1,2,3,2,0,4,191152,104.0
82207,11.31700789990961,0,1,2,6,7,1,1,82207,56.0
131010,11.783036568123698,1,0,0,5,0,4,2,131010,134.0
83000,11.326607934898927,1,2,0,1,0,2,1,83000,58.0
86824,11.371649877612274,1,1,4,3,4,1,2,86824,74.0
191616,12.163253867096502,1,0,1,5,6,1,3,191616,94.0
497528,13.11740912533919,1,2,3,3,8,1,4,497528,135.0
103842,11.550635422121516,1,0,2,4,2,4,1,103842,82.0
253260,12.442175856508216,1,0,0,0,0,1,4,253260,125.0
355181,12.780385613140421,0,2,1,1,1,4,2,355181,117.0
110309,11.611049862963428,0,2,4,3,9,2,4,110309,105.0
65847,11.09510433465248,0,0,2,5,7,3,1,65847,43.0
78352,11.268979536776724,1,1,2,1,2,4,0,78352,59.0
214219,12.27475880331862,0,1,4,5,9,1,0,214219,83.0
336155,12.725330616912364,0,2,0,1,5,1,2,336155,71.0
30605,10.328951347150982,0,2,0,1,5,4,4,30605,88.0
16046,9.68327719519936,1,2,1,2,6,1,4,16046,83.0
264284,12.48478334529284,1,2,4,6,4,2,0,264284,50.0
418950,12.945509246958263,1,0,0,0,0,2,0,418950,90.0
65690,11.092717208787851,1,2,0,2,0,1,1,65690,36.0
297460,12.603038402937482,1,1,0,2,0,0,4,297460,85.0
404239,12.90976403996579,0,1,4,3,9,2,4,404239,92.0
283489,12.554932128159217,0,1,4,3,9,3,3,283489,80.0
255767,12.452026062568901,0,2,2,1,7,4,2,255767,121.0
364247,12.805590233307992,0,2,2,2,7,1,4,364247,111.0
453908,13.025652016403964,1,2,3,0,8,3,4,453908,122.0
376698,12.839201739044276,1,0,3,0,8,1,4,376698,145.0
367135,12.81348763059887,0,1,0,6,5,0,3,367135,102.0
409713,12.923214634296022,0,0,3,3,3,1,2,409713,71.0
194123,12.176252409117694,0,2,3,6,3,3,2,194123,111.0
153208,11.939558281299398,1,1,3,6,8,4,2,153208,89.0
256507,12.454915132190413,0,1,2,6,7,0,0,256507,134.0
234108,12.363542097848935,1,0,3,0,8,3,4,234108,99.0
72069,11.185393147918488,0,0,4,4,9,2,2,72069,63.0
206186,12.236538802990731,1,2,1,1,6,2,2,206186,88.0
16711,9.723882303236401,0,1,1,2,1,3,4,16711,37.0
54085,10.898330651308273,0,1,0,3,5,4,4,54085,74.0
188424,12.14645532871167,1,0,4,5,4,3,3,188424,67.0
211146,12.260309852352087,1,0,1,5,6,4,4,211146,95.0
110045,11.608653739179088,0,2,0,5,5,2,1,110045,107.0
195614,12.183903720759112,1,2,4,6,4,0,0,195614,113.0
342426,12.743813775281009,1,0,1,0,6,1,1,342426,103.0
117024,11.670142866168272,1,0,4,5,4,3,1,117024,75.0
61047,11.01941571896947,0,0,2,0,7,3,0,61047,102.0
81456,11.30783055263325,1,0,1,4,6,4,3,81456,88.0
155773,11.956161517876492,0,1,3,2,3,1,1,155773,73.0
229901,12.34540841014797,0,2,1,0,1,0,3,229901,69.0
324576,12.690278075113499,1,0,1,0,6,0,2,324576,117.0
428453,12.967938660032212,0,2,3,4,3,1,1,428453,92.0
131578,11.787362710671909,1,1,3,6,8,1,1,131578,59.0
429041,12.969310095215958,0,2,1,4,1,2,0,429041,111.0
21264,9.964817807687734,1,0,4,5,4,4,1,21264,52.0
300530,12.613306189034299,1,2,0,6,0,2,1,300530,96.0
334056,12.719066916080935,1,0,1,2,6,4,3,334056,86.0
284318,12.557852126218535,1,2,3,6,8,0,4,284318,90.0
324097,12.688801218175701,0,1,2,4,7,2,0,324097,88.0
124607,11.732928088731871,0,2,2,0,7,3,4,124607,112.0
183463,12.119773741943808,0,1,3,0,3,0,4,183463,92.0
246986,12.417090982646076,1,2,1,5,6,1,4,246986,98.0
138652,11.839729688025855,1,1,2,3,2,0,2,138652,83.0
363557,12.803694123062332,0,2,2,5,7,2,4,363557,85.0
449718,13.016378222255424,1,0,3,3,8,1,1,449718,128.0
323121,12.685785239869043,0,0,1,1,1,2,0,323121,109.0
245629,12.411581617632574,0,1,4,6,9,3,0,245629,146.0
338197,12.731386801768576,0,1,2,6,7,3,3,338197,80.0
74486,11.218379892497046,1,2,1,6,6,4,4,74486,72.0
333327,12.716882269168163,0,0,2,1,7,3,4,333327,80.0
384813,12.860515379648243,0,0,3,2,3,2,2,384813,136.0
150123,11.919216898244363,0,0,3,1,3,1,3,150123,75.0
118826,11.68542393281542,1,2,1,1,6,0,3,118826,73.0
152705,11.93626978316563,0,2,0,0,5,3,3,152705,66.0
498409,13.119178310459555,0,1,4,2,9,0,4,498409,131.0
408080,12.919220963093707,1,2,0,1,0,1,0,408080,91.0
360608,12.79554954784256,1,2,3,3,8,4,3,360608,66.0
3723,8.222553638396958,0,0,3,6,3,3,4,3723,48.0
229505,12.343684451931844,0,2,0,3,5,1,1,229505,60.0
294324,12.592439877946397,1,0,4,2,4,0,0,294324,115.0
149980,11.918263898388826,1,1,0,5,0,1,4,149980,81.0
407828,12.91860324788489,1,2,3,1,8,0,2,407828,93.0
196126,12.186517687561414,1,1,1,0,6,1,3,196126,123.0
74791,11.222466206371152,0,1,1,3,1,3,4,74791,54.0
25606,10.150621030590434,1,1,1,0,6,2,1,25606,45.0
224983,12.323784567546932,0,1,3,3,3,3,3,224983,123.0
111623,11.622891359572042,0,2,3,1,3,4,1,111623,77.0
328295,12.70167091943739,0,2,0,2,5,4,0,328295,65.0
118917,11.686189458941682,0,0,2,1,7,4,3,118917,73.0
124970,11.735836989368275,1,2,0,6,0,2,1,124970,86.0
443819,13.003174353809968,0,2,4,5,9,4,4,443819,109.0
389520,12.87267305811556,1,0,0,5,0,2,0,389520,116.0
186083,12.13395346365215,0,2,3,2,3,0,0,186083,107.0
149897,11.917710341773528,0,2,2,6,7,3,4,149897,67.0
302753,12.620675873549363,0,2,3,3,3,1,3,302753,96.0
294012,12.591379263030321,1,0,2,5,2,0,2,294012,109.0
39662,10.588174042178206,1,2,2,0,2,2,1,39662,81.0
407629,12.91811517919241,0,1,4,5,9,1,3,407629,91.0
204495,12.228303694371496,0,0,0,4,5,3,4,204495,106.0
93299,11.443575386835436,0,2,4,3,9,3,1,93299,90.0
167371,12.02797415900909,0,1,1,1,1,3,2,167371,88.0
445342,13.00660005076186,1,1,2,2,2,0,0,445342,121.0
396567,12.890602805983004,0,0,2,3,7,4,0,396567,80.0
359699,12.793025629683715,0,2,4,4,9,1,2,359699,118.0
33464,10.418255395534743,1,2,4,4,4,3,3,33464,49.0
342980,12.745430331027789,1,2,0,1,0,2,4,342980,112.0
483026,13.087827831693446,1,2,1,5,6,2,4,483026,137.0
487310,13.096657801940253,1,2,0,5,0,4,1,487310,142.0
431639,12.97534718647767,0,2,4,5,9,3,3,431639,98.0
300541,12.613342790245802,0,1,1,3,1,3,4,300541,102.0
331181,12.710423352190258,0,2,1,4,1,0,1,331181,90.0
341781,12.741928385901257,0,0,1,6,1,0,3,341781,102.0
365121,12.807986823292028,0,0,1,1,1,3,3,365121,83.0
83808,11.33629567927138,1,0,3,4,8,1,0,83808,75.0
209229,12.251189404333298,0,0,4,6,9,4,3,209229,86.0
240696,12.391294160045797,1,0,1,1,6,4,4,240696,103.0
367317,12.813983236868902,0,0,2,6,7,3,1,367317,111.0
314818,12.659753149485496,1,1,3,0,8,0,2,314818,99.0
231292,12.351440584034814,1,1,2,5,2,3,4,231292,106.0
362149,12.799813769623473,0,1,4,4,9,4,4,362149,91.0
494348,13.110997024464934,1,2,3,1,8,2,0,494348,108.0
400717,12.901013217002872,0,1,2,2,7,0,4,400717,97.0
91388,11.422880400090177,1,2,3,3,8,0,3,91388,90.0
48718,10.793824376721568,1,1,3,5,8,0,3,48718,92.0
217808,12.291373810941304,1,2,3,3,8,1,1,217808,93.0
431533,12.97510158130297,0,1,3,4,3,3,2,431533,108.0
91807,11.42745471878109,0,1,2,2,7,4,4,91807,90.0
442821,13.00092316241259,0,0,1,1,1,0,3,442821,96.0
394001,12.88411126440932,0,2,1,6,1,1,0,394001,62.0
35352,10.473138533353255,1,0,2,2,2,2,2,35352,47.0
269141,12.502994400344685,0,2,1,5,1,1,0,269141,79.0
400551,12.900598874765237,0,0,1,4,1,2,4,400551,93.0
162074,11.995814470043197,1,2,4,3,4,0,1,162074,92.0
316113,12.66385818700466,0,0,3,0,3,4,0,316113,94.0
419434,12.94666384651925,1,1,4,1,4,2,1,419434,106.0
418851,12.945272914549665,0,0,1,6,1,4,2,418851,86.0
385116,12.86130246320675,1,0,1,4,6,3,4,385116,100.0
338513,12.732320729415694,0,2,3,0,3,2,2,338513,85.0
231518,12.352417222574712,1,2,3,0,8,0,2,231518,84.0
118985,11.686761118113886,0,2,0,6,5,4,4,118985,81.0
96124,11.473404706807946,1,1,4,0,4,4,0,96124,114.0
159206,11.97796052127502,1,2,1,5,6,4,3,159206,105.0
418320,12.944004359373594,1,0,0,0,0,1,3,418320,81.0
228181,12.337898835122028,0,1,1,2,1,2,0,228181,124.0
151581,11.928882011631792,0,0,1,3,1,3,2,151581,59.0
411835,12.92838049083302,0,1,0,4,5,0,1,411835,90.0
303341,12.62261616084534,0,2,1,3,1,3,4,303341,78.0
491398,13.10501170406511,1,1,3,5,8,2,4,491398,151.0
347761,12.759273616738843,0,1,1,1,1,0,1,347761,103.0
319694,12.675122695263449,1,2,4,4,4,0,2,319694,88.0
325025,12.691660458112045,0,2,0,1,5,1,4,325025,112.0
299937,12.611331065613173,0,0,2,1,7,3,3,299937,82.0
115431,11.656436890977092,0,0,1,1,1,2,3,115431,85.0
480205,13.081970457485067,0,1,0,5,5,3,0,480205,124.0
269966,12.506055008288545,1,2,1,4,6,1,4,269966,82.0
235992,12.371557422550902,1,0,2,1,2,1,0,235992,109.0
135079,11.813622474499503,0,1,4,0,9,0,2,135079,80.0
182849,12.116421423577528,0,2,4,2,9,1,3,182849,79.0
242269,12.397808085684703,0,1,4,6,9,2,1,242269,108.0
204135,12.226541717369514,0,0,0,1,5,2,0,204135,99.0
441498,12.997931034017924,1,0,3,1,8,0,3,441498,122.0
52879,10.875780474525568,0,1,4,1,9,2,3,52879,82.0
49468,10.809101489746167,1,1,3,6,8,1,2,49468,58.0
147621,11.902410231531954,0,0,1,5,1,0,1,147621,51.0
371796,12.826103285382704,1,0,1,5,6,2,0,371796,104.0
324907,12.691297344314963,0,1,2,2,7,0,4,324907,110.0
240073,12.388702488132509,0,1,3,1,3,3,1,240073,106.0
55814,10.929797929448833,1,2,4,3,4,4,1,55814,71.0
280370,12.543869005113518,1,2,0,6,0,3,0,280370,77.0
198833,12.200225584738247,0,2,3,5,3,0,2,198833,67.0
109270,11.601586314165635,1,1,0,0,0,3,0,109270,94.0
45431,10.723971981557268,0,2,1,1,1,0,1,45431,76.0
457783,13.034152736130126,0,1,3,4,3,4,3,457783,135.0
484398,13.090664226249364,1,0,3,5,8,4,4,484398,109.0
460983,13.041118614218126,0,0,3,5,3,0,0,460983,91.0
63570,11.059912670497306,1,0,0,3,0,1,3,63570,84.0
244630,12.407506231735349,1,1,0,1,0,4,2,244630,127.0
498045,13.118447721218905,0,0,0,2,5,3,4,498045,130.0
259304,12.465760254024996,1,2,4,3,4,0,2,259304,129.0
370391,12.822317183248778,0,2,1,0,1,4,1,370391,113.0
204951,12.230531084362548,0,0,1,5,1,3,4,204951,68.0
463047,13.045585999401094,0,0,2,4,7,4,4,463047,88.0
223794,12.31848573323416,1,0,4,4,4,3,4,223794,99.0
364393,12.80599097880977,0,1,3,1,3,0,2,364393,112.0
454178,13.026246672446012,1,2,3,4,8,4,0,454178,123.0
72553,11.192086391182565,0,1,3,5,3,0,1,72553,79.0
403504,12.907944158189096,1,1,4,3,4,4,1,403504,74.0
366228,12.811014099785575,1,0,3,2,8,4,0,366228,102.0
296627,12.600234107466946,0,2,2,2,7,0,1,296627,78.0
295338,12.59587912809395,1,0,3,1,8,3,0,295338,64.0
6134,8.721765357145012,1,2,4,2,4,1,1,6134,74.0
419935,12.947857597696013,0,1,0,5,5,2,4,419935,100.0
242412,12.398398162102277,1,0,2,2,2,4,3,242412,116.0
314198,12.657781822112407,1,2,3,3,8,0,3,314198,98.0
397085,12.891908160894728,0,2,0,3,5,4,4,397085,92.0
123890,11.727157425753695,1,2,0,4,0,4,0,123890,109.0
44755,10.708980792927612,0,1,0,4,5,2,3,44755,86.0
75831,11.236275646132878,0,0,1,0,1,0,0,75831,60.0
91379,11.422781915117262,0,2,4,1,9,4,2,91379,86.0
499347,13.12105852645649,0,0,2,2,7,4,4,499347,132.0
195894,12.185334080380773,1,0,4,6,4,2,3,195894,124.0
368546,12.817323526576164,1,2,1,3,6,0,1,368546,123.0
362258,12.800114704594801,1,2,3,1,8,4,1,362258,89.0
467960,13.056140238094036,1,2,0,3,0,0,4,467960,117.0
438525,12.991174382081082,0,0,0,3,5,0,0,438525,114.0
137162,11.828925278603629,1,2,2,4,2,3,0,137162,82.0
473538,13.067989553580738,1,0,3,2,8,1,4,473538,119.0
35601,10.480157095037379,0,0,1,6,1,2,1,35601,53.0
204479,12.228225450171307,0,2,4,2,9,3,2,204479,110.0
155106,11.951870480318997,1,0,1,0,6,4,3,155106,101.0
493419,13.1091160173187,0,0,4,3,9,0,3,493419,120.0
26304,10.177514314164908,1,0,4,5,4,3,1,26304,65.0
162318,11.997318813810438,1,0,3,2,8,1,1,162318,91.0
253960,12.444935990904607,1,1,0,0,0,1,1,253960,84.0
32768,10.397238225511654,1,2,3,1,8,1,4,32768,16.0
158069,11.970793251871441,0,2,4,2,9,1,1,158069,90.0
262684,12.478710874690528,1,1,4,2,4,4,2,262684,41.0
79965,11.289356823317922,0,0,0,4,5,2,2,79965,76.0
467552,13.055267990269058,1,2,2,1,2,0,0,467552,91.0
347228,12.757739783625906,1,2,3,0,8,2,2,347228,93.0
469035,13.058434803544424,0,0,0,0,5,0,4,469035,93.0
65442,11.08893481374663,1,0,2,6,2,4,4,65442,116.0
410519,12.92517992775965,0,2,4,4,9,3,2,410519,90.0
394720,12.885934465201402,1,1,0,4,0,2,4,394720,78.0
455259,13.02862396330138,0,0,4,0,9,4,4,455259,124.0
462571,13.044557499494092,0,1,1,4,1,1,3,462571,115.0
383473,12.857027100880984,0,1,3,6,3,2,1,383473,128.0
291092,12.581398082725247,1,2,2,4,2,0,3,291092,78.0
294166,12.591902912265313,1,1,1,5,6,1,1,294166,103.0
378697,12.844494332650696,0,1,2,4,7,4,3,378697,109.0
301596,12.616846968116866,1,0,1,1,6,2,1,301596,82.0
470085,13.06067093567108,0,0,0,0,5,3,0,470085,102.0
2054,7.628031126930335,1,2,4,3,4,3,3,2054,17.0
141225,11.858116723067667,0,0,0,0,5,1,3,141225,81.0
93714,11.448013540793085,1,0,4,5,4,1,4,93714,86.0
132287,11.79273664304144,0,2,2,1,7,0,0,132287,58.0
483400,13.088601815929563,1,1,0,1,0,4,4,483400,94.0
154555,11.94831176919427,0,1,0,2,5,1,2,154555,103.0
299276,12.609124844914048,1,2,1,5,6,1,2,299276,64.0
450364,13.017813644084764,1,1,4,5,4,3,2,450364,141.0
201089,12.211507848020114,0,2,4,0,9,1,3,201089,66.0
20945,9.949702976333091,0,2,0,1,5,4,2,20945,58.0
372848,12.828928790924627,1,2,3,0,8,1,2,372848,97.0
358747,12.790375471127536,0,1,2,4,7,2,0,358747,118.0
457217,13.032915580206552,0,2,2,5,7,2,4,457217,118.0
31282,10.350830097988764,1,1,2,6,2,4,4,31282,77.0
185681,12.131790812109612,0,2,1,6,1,4,2,185681,95.0
269452,12.504149257090718,1,1,2,1,2,4,0,269452,70.0
62432,11.04184926072152,1,2,2,6,2,4,0,62432,98.0
87248,11.376521378680941,1,2,3,0,8,2,1,87248,76.0
64219,11.070069967643505,0,1,4,1,9,0,0,64219,107.0
220922,12.305569503499239,1,2,2,2,2,4,1,220922,128.0
223481,12.317086152879737,0,2,1,6,1,2,3,223481,107.0
212788,12.26805634338424,1,1,3,2,8,1,0,212788,118.0
281389,12.547496886428284,0,1,4,3,9,0,3,281389,79.0
220078,12.301741851785879,1,1,3,5,8,1,3,220078,117.0
157339,11.966164347883234,0,1,4,0,9,2,4,157339,88.0
74984,11.225043372515781,1,2,4,0,4,0,0,74984,67.0
304394,12.626081479079179,1,2,4,6,4,1,2,304394,75.0
456766,13.031928693033121,1,1,1,2,6,4,4,456766,127.0
19954,9.901235017482835,1,1,4,4,4,4,0,19954,75.0
113554,11.640042580029693,1,1,4,0,4,3,2,113554,106.0
328110,12.70110724475111,1,0,0,6,0,2,0,328110,68.0
408601,12.920496856116284,0,1,1,4,1,0,1,408601,97.0
327434,12.699044841076573,1,2,4,2,4,2,4,327434,125.0
202331,12.217665191565981,0,2,1,3,1,2,1,202331,88.0
161645,11.993164038028368,0,2,0,1,5,4,2,161645,111.0
175020,12.072661245706227,1,0,0,6,0,4,0,175020,100.0
316343,12.664585508060412,0,2,3,6,3,2,1,316343,107.0
260359,12.469820567686323,0,1,4,1,9,2,0,260359,120.0
104125,11.553356983264564,0,1,0,0,5,0,2,104125,94.0
318005,12.669825529508845,0,2,0,2,5,1,2,318005,100.0
218773,12.295794512487403,0,1,3,2,3,2,4,218773,101.0
443505,13.002466609388849,0,0,0,6,5,0,3,443505,98.0
46174,10.74019380506744,1,1,4,2,4,1,2,46174,75.0
300721,12.613941528920918,0,1,1,1,1,3,1,300721,89.0
170142,12.044394538912334,1,0,2,0,2,1,0,170142,81.0
261200,12.473045504861005,1,2,0,2,0,0,2,261200,128.0
12389,9.424644974623188,0,2,4,6,9,0,0,12389,44.0
298459,12.60639119948546,0,1,4,0,9,4,0,298459,94.0
203317,12.222526534801855,0,1,2,2,7,4,4,203317,85.0
433270,12.979118677262958,1,1,0,5,0,1,1,433270,112.0
496014,13.11436144718527,1,0,4,1,4,0,3,496014,109.0
469452,13.059323466123193,1,0,2,4,2,0,0,469452,111.0
145953,11.891046782552817,0,0,3,3,3,3,0,145953,74.0
137093,11.8284221009166,0,2,3,5,3,3,0,137093,73.0
130564,11.779626466033266,1,1,4,0,4,4,1,130564,111.0
134759,11.811250697520489,0,2,4,2,9,4,0,134759,70.0
377716,12.841900516954276,1,1,1,3,6,1,0,377716,107.0
146435,11.89434375191984,0,2,0,2,5,1,1,146435,71.0
821,6.71174039505618,0,2,1,2,1,1,3,821,34.0
280274,12.543526543021795,1,2,4,1,4,4,4,280274,77.0
172219,12.056528008250156,0,1,4,5,9,1,0,172219,74.0
460696,13.040495839072982,1,1,1,5,6,4,3,460696,101.0
208867,12.24945775246958,0,1,2,1,7,1,3,208867,115.0
57585,10.961034761585639,0,0,0,3,5,4,2,57585,72.0
451936,13.021298068569026,1,1,1,2,6,2,2,451936,115.0
96676,11.479130804133241,1,1,1,6,6,2,1,96676,97.0
69170,11.144336978624723,1,2,0,3,0,3,1,69170,63.0
405572,12.913056160996023,1,2,2,6,2,0,3,405572,74.0
317740,12.668991864496356,1,1,0,3,0,0,2,317740,97.0
370745,12.823272471000642,0,2,0,4,5,1,3,370745,94.0
416804,12.94037376551057,1,2,4,3,4,3,1,416804,97.0
247266,12.418224003440866,1,0,1,5,6,2,1,247266,109.0
102032,11.533051569353818,1,2,2,0,2,3,0,102032,79.0
267381,12.496433626500163,0,0,1,2,1,2,1,267381,65.0
496749,13.115842160414063,0,0,4,1,9,2,1,496749,115.0
52792,10.874133885147835,1,1,2,5,2,4,3,52792,79.0
225998,12.328285853465873,1,2,3,3,8,3,0,225998,111.0
215339,12.279973453369708,0,2,4,5,9,1,4,215339,84.0
233253,12.359883267544328,0,0,3,6,3,4,4,233253,103.0
54661,10.908924048640696,0,1,1,5,1,4,4,54661,76.0
493627,13.109537476058454,0,1,2,1,7,2,3,493627,100.0
300378,12.612800289637578,1,0,3,1,8,1,1,300378,86.0
84644,11.34622131907135,1,2,4,0,4,2,3,84644,71.0
280918,12.545821650534313,1,1,3,1,8,1,4,280918,72.0
338584,12.732530447640828,1,1,4,1,4,2,3,338584,89.0
173676,12.064952531256976,1,0,1,6,6,4,4,173676,89.0
62963,11.050318413474711,0,2,3,5,3,2,3,62963,107.0
324146,12.688952395585765,1,2,1,4,6,1,0,324146,100.0
344795,12.75070821677631,0,2,0,3,5,2,3,344795,88.0
330607,12.708688662503386,0,1,2,4,7,1,0,330607,90.0
265632,12.48987093585435,1,0,2,3,2,1,4,265632,65.0
358155,12.788723924659497,0,0,0,0,5,4,1,358155,115.0
74682,11.221007768246775,1,0,2,6,2,0,2,74682,75.0
162374,11.997663753972901,1,2,4,2,4,2,2,162374,94.0
127076,11.752548480928217,1,2,1,5,6,1,0,127076,91.0
39837,10.592576509635219,0,0,2,0,7,0,3,39837,81.0
212785,12.26804224481172,0,1,0,6,5,0,0,212785,116.0
12066,9.3982297330736,1,0,1,5,6,0,4,12066,64.0
125603,11.740889379642883,0,2,3,2,3,0,1,125603,101.0
166087,12.020273047356385,0,1,2,5,7,4,2,166087,67.0
251436,12.43494774012442,1,0,1,3,6,0,1,251436,113.0
195303,12.182312597965835,0,0,3,3,3,3,3,195303,125.0
269741,12.505221225590702,0,2,1,3,1,2,1,269741,86.0
185618,12.131451464784371,1,2,3,6,8,1,4,185618,89.0
387995,12.868750309273919,0,2,0,6,5,4,4,387995,132.0
226347,12.32982891695142,0,0,2,2,7,3,3,226347,101.0
49299,10.805679360030782,0,0,4,5,9,1,4,49299,47.0
153676,11.94260827616913,1,1,1,5,6,1,2,153676,72.0
319303,12.673898906028102,0,1,3,5,3,4,2,319303,118.0
202339,12.217704729759882,0,1,4,4,9,0,3,202339,85.0
22542,10.023179875454133,1,0,2,2,2,1,4,22542,49.0
353754,12.776359862115315,1,0,4,2,4,3,0,353754,111.0
471440,13.063549240670245,1,2,0,4,0,3,3,471440,103.0
248303,12.422409080911406,0,2,3,6,3,2,1,248303,118.0
198947,12.200798763027466,0,2,2,0,7,3,1,198947,65.0
253790,12.44426637264076,1,2,0,5,0,2,2,253790,142.0
465199,13.050222699626646,0,1,4,0,9,3,0,465199,104.0
355635,12.781663014843064,0,0,0,0,5,0,0,355635,111.0
201830,12.215185992546708,1,2,0,6,0,0,2,201830,77.0
454991,13.028035115360932,0,2,1,5,1,3,1,454991,121.0
51827,10.855685822748702,0,2,2,6,7,1,4,51827,74.0
231161,12.350874042410206,0,2,1,0,1,0,4,231161,103.0
88019,11.385319340365083,0,2,4,1,9,0,4,88019,98.0
388974,12.871270353183164,1,0,4,5,4,4,2,388974,145.0
278627,12.537632837790365,0,2,2,6,7,4,3,278627,50.0
458010,13.034648480275155,1,0,0,0,0,2,3,458010,138.0
176330,12.080118189570598,1,2,0,0,0,3,4,176330,82.0
102255,11.535234751890062,0,0,0,6,5,3,4,102255,98.0
306441,12.632783783172572,0,0,1,2,1,3,2,306441,86.0
438735,12.991653144421207,0,0,0,3,5,4,1,438735,114.0
493166,13.108603138058085,1,2,1,2,6,3,3,493166,113.0
110796,11.61545497711649,1,0,1,0,6,1,0,110796,82.0
428887,12.968951091563786,0,1,2,4,7,0,3,428887,102.0
348916,12.762589350550774,1,1,1,1,6,1,4,348916,103.0
403882,12.908880511039566,1,1,2,3,2,2,1,403882,92.0
487882,13.097830901991315,1,1,2,3,2,4,1,487882,126.0
268257,12.499704482974625,0,0,2,3,7,0,0,268257,84.0
162928,12.00106980207306,1,1,3,3,8,2,3,162928,101.0
139182,11.843544892987634,1,0,2,1,2,0,2,139182,96.0
142137,11.864553695647308,0,0,2,2,7,0,1,142137,79.0
28734,10.265871170941843,1,0,4,6,4,4,1,28734,62.0
334866,12.721488717050539,1,0,1,0,6,1,2,334866,79.0
25843,10.159833744678057,0,1,3,6,3,1,2,25843,69.0
100163,11.514564121638736,0,2,3,0,3,1,3,100163,73.0
415845,12.938070278397621,0,0,0,3,5,1,1,415845,94.0
468656,13.057626436582874,1,2,1,6,6,3,2,468656,108.0
7384,8.90720619496548,1,1,4,6,4,0,0,7384,60.0
382633,12.85483419769601,0,1,3,6,3,0,3,382633,120.0
22327,10.013596775216158,0,1,2,4,7,2,2,22327,75.0
278023,12.535462719881725,0,1,3,4,3,4,3,278023,85.0
107108,11.58160228651866,1,2,3,1,8,4,1,107108,73.0
293832,12.59076685772136,1,0,2,0,2,2,4,293832,111.0
199005,12.201090254005873,0,0,0,2,5,3,3,199005,76.0
214372,12.275472767412758,1,1,2,4,2,1,3,214372,86.0
35143,10.467209185655616,0,1,3,3,3,2,0,35143,50.0
20070,9.907031266159493,1,0,0,1,0,4,3,20070,66.0
74834,11.223040968963247,1,2,4,4,4,0,3,74834,56.0
303126,12.621907138590263,1,0,1,5,6,0,3,303126,59.0
226600,12.330946040628971,1,1,0,3,0,4,0,226600,107.0
160983,11.989060260146204,0,0,3,4,3,3,3,160983,97.0
54837,10.91213866328109,0,0,2,6,7,4,1,54837,80.0
139292,11.84433490724898,1,2,2,6,2,3,4,139292,44.0
182522,12.114631471461157,1,2,2,4,2,0,3,182522,93.0
224823,12.323073152868899,0,0,3,4,3,2,2,224823,114.0
148419,11.907801371524124,0,0,4,5,9,0,0,148419,70.0
3798,8.242493153187626,1,0,3,4,8,0,1,3798,58.0
45232,10.719582187930941,1,1,2,5,2,2,1,45232,62.0
479699,13.080916187490155,0,2,4,3,9,3,3,479699,114.0
375960,12.837240693588132,1,0,0,4,0,3,2,375960,119.0
91454,11.423602327010027,1,2,4,6,4,4,4,91454,86.0
180273,12.102233194688726,0,0,3,2,3,2,2,180273,61.0
82006,11.314559888456591,1,1,1,1,6,1,3,82006,49.0
437768,12.989446652975456,1,2,3,2,8,3,1,437768,104.0
179694,12.099016248233188,1,0,4,4,4,3,4,179694,123.0
195497,12.183305428176201,0,2,2,1,7,2,4,195497,126.0
284077,12.557004127321841,0,1,2,3,7,0,2,284077,89.0
46404,10.745162491029493,1,0,4,1,4,0,2,46404,73.0
109050,11.599570941693186,1,0,0,4,0,1,4,109050,100.0
264047,12.48388618378335,0,2,2,0,7,1,0,264047,72.0
153324,11.940315130494184,1,0,4,3,4,2,0,153324,95.0
148485,11.908245956686345,0,0,0,1,5,2,3,148485,48.0
69690,11.151826463590629,1,0,0,5,0,3,2,69690,47.0
190616,12.158021458250051,1,2,1,6,6,2,4,190616,92.0
340756,12.738924892267805,1,1,1,3,6,4,3,340756,90.0
92958,11.439913814712904,1,0,3,5,8,2,2,92958,91.0
329105,12.704135166305804,0,2,0,0,5,4,0,329105,70.0
448104,13.012782858935593,1,0,4,6,4,4,1,448104,119.0
360922,12.796419918165213,1,1,2,2,2,3,2,360922,87.0
94528,11.456661944711197,1,1,3,0,8,0,1,94528,75.0
166609,12.023411030923114,0,1,4,2,9,3,4,166609,77.0
407211,12.917089213332366,0,0,1,0,1,3,2,407211,106.0
54003,10.896813396877137,0,0,3,5,3,3,3,54003,83.0
6169,8.727454116899434,0,1,4,2,9,4,0,6169,35.0
484575,13.091029560756382,0,0,0,0,5,3,2,484575,124.0
451101,13.019448756993398,0,0,1,0,1,3,2,451101,105.0
301982,12.618126003381859,1,2,2,2,2,2,2,301982,101.0
242217,12.397593426084466,0,0,2,3,7,2,2,242217,99.0
435331,12.983864237358578,0,1,1,1,1,4,4,435331,89.0
361730,12.798656120654115,1,2,0,5,0,1,1,361730,74.0
179645,12.098743526777502,0,2,0,4,5,0,4,179645,120.0
241752,12.395671822752504,1,0,2,0,2,0,3,241752,94.0
254653,12.447661040023666,0,1,3,0,3,1,1,254653,117.0
88969,11.396054513238813,0,1,4,6,9,0,2,88969,89.0
192872,12.16978722020146,1,2,2,1,2,3,4,192872,102.0
15709,9.662052731249666,0,1,4,1,9,0,2,15709,79.0
473561,13.068038122846328,0,2,1,4,1,0,1,473561,127.0
330919,12.709631933304118,0,1,4,1,9,1,2,330919,79.0
454545,13.027054397599285,0,0,0,0,5,4,4,454545,138.0
189670,12.153046271279543,1,1,0,5,0,2,1,189670,100.0
72251,11.187915287252448,0,2,1,4,1,0,2,72251,70.0
139442,11.845411194592415,1,2,2,2,2,1,1,139442,53.0
284730,12.559300153885662,1,0,0,5,0,2,3,284730,76.0
66289,11.101794335235438,0,1,4,6,9,4,1,66289,54.0
119047,11.687282052109886,0,1,2,5,7,3,4,119047,76.0
252234,12.438116471631103,1,0,4,3,4,0,3,252234,113.0
17215,9.75359446296151,0,1,0,2,5,4,0,17215,55.0
228482,12.339217088299256,1,2,2,2,2,4,4,228482,110.0
392919,12.881361307788806,0,0,4,2,9,3,4,392919,153.0
288911,12.573877422455661,0,2,1,0,1,4,3,288911,78.0
8083,8.997642078523512,0,1,3,5,3,4,2,8083,71.0
208763,12.24895970633255,0,2,3,2,3,1,3,208763,116.0
312281,12.651661904722493,0,2,1,4,1,4,0,312281,94.0
104667,11.558548714994645,0,0,2,3,7,4,3,104667,85.0
499379,13.121122607968196,0,2,4,6,9,1,3,499379,138.0
71714,11.180455209728313,1,2,4,6,4,2,3,71714,50.0
465873,13.051670490280731,0,0,3,2,3,3,2,465873,119.0
494927,13.112167576425835,0,2,2,6,7,3,1,494927,119.0
162794,12.000247019548224,1,2,4,2,4,1,2,162794,118.0
73837,11.209628783219447,0,1,2,1,7,1,0,73837,52.0
476068,13.073318080691356,1,1,3,5,8,3,4,476068,105.0
445355,13.006629241318942,0,2,0,1,5,2,1,445355,120.0
31001,10.34180699751524,0,2,1,5,1,0,0,31001,73.0
156531,11.961015740904072,0,0,1,4,1,1,1,156531,87.0
206690,12.238980203357611,1,2,0,1,0,0,0,206690,94.0
343105,12.745794716306575,0,1,0,0,5,4,2,343105,94.0
59104,10.987070802184478,1,1,4,3,4,1,0,59104,87.0
248803,12.424420716888344,0,1,3,2,3,2,3,248803,121.0
6889,8.837826364007704,0,1,4,1,9,1,1,6889,61.0
366512,12.81178927034826,1,2,2,6,2,1,3,366512,114.0
209830,12.254057723800145,1,1,0,5,0,4,4,209830,100.0
382889,12.855503020644846,0,2,4,3,9,2,0,382889,129.0
97379,11.486376129736692,0,2,4,2,9,2,3,97379,98.0
476225,13.073647810452455,0,2,0,1,5,4,0,476225,88.0
241740,12.39562218408066,1,0,0,2,0,3,4,241740,92.0
462193,13.043739995344822,0,1,3,4,3,1,0,462193,105.0
8636,9.063810579280286,1,2,1,5,6,2,0,8636,49.0
19204,9.862925940780006,1,1,4,3,4,1,2,19204,49.0
272573,12.51566541585282,0,2,3,0,3,3,3,272573,72.0
395271,12.88732941449677,0,0,1,2,1,1,3,395271,55.0
90662,11.414904614615788,1,2,2,5,2,3,4,90662,67.0
483578,13.088969972462294,1,2,3,4,8,4,0,483578,115.0
177595,12.087266586764049,0,1,0,5,5,1,3,177595,107.0
415625,12.937541096404399,0,2,0,0,5,0,0,415625,108.0
184229,12.123940255991554,0,2,4,3,9,3,1,184229,109.0
152905,11.937578632481438,0,1,0,4,5,1,2,152905,78.0
420273,12.948662158503984,0,0,3,0,3,1,0,420273,107.0
344282,12.74921927256302,1,2,2,1,2,1,1,344282,77.0
262933,12.479658329096196,0,1,3,6,3,4,4,262933,47.0
228933,12.34118903138902,0,0,3,5,3,3,2,228933,121.0
321031,12.679296085617107,0,1,1,4,1,0,3,321031,91.0
15942,9.676775140407365,1,0,2,3,2,0,4,15942,72.0
309833,12.643791949167671,0,2,3,6,3,3,0,309833,96.0
222316,12.311859570262728,1,1,1,3,6,2,0,222316,95.0
87637,11.380969972819159,0,1,2,4,7,1,4,87637,82.0
415643,12.937584403633103,0,2,3,4,3,3,3,415643,115.0
72839,11.196020533841544,0,2,4,4,9,1,3,72839,67.0
199566,12.203905298529557,1,0,1,3,6,3,3,199566,83.0
443610,13.002703331265423,1,0,0,6,0,2,1,443610,105.0
415107,12.936294006319885,0,0,2,0,7,2,0,415107,96.0
88441,11.390102248917405,0,1,1,3,1,3,1,88441,89.0
289542,12.57605909691705,1,0,2,1,2,0,3,289542,84.0
221024,12.306031096274005,1,2,4,6,4,3,4,221024,118.0
75723,11.2348504301298,0,0,3,4,3,3,1,75723,83.0
228545,12.339492781965957,0,2,0,2,5,1,1,228545,116.0
5662,8.641709066113805,1,1,2,6,2,0,4,5662,48.0
143618,11.87491923882152,1,2,3,6,8,0,0,143618,56.0
330515,12.70841034859981,0,2,0,3,5,4,3,330515,75.0
146559,11.895190179907956,0,0,4,0,9,2,3,146559,96.0
416006,12.938457366024906,1,2,1,3,6,3,4,416006,91.0
53608,10.889472243411273,1,1,3,2,8,0,4,53608,70.0
371690,12.825818142917141,1,2,0,4,0,2,4,371690,124.0
497760,13.117875321129768,1,0,0,4,0,0,2,497760,108.0
463324,13.046184030665511,1,1,4,1,4,4,1,463324,103.0
47900,10.776891660007811,1,2,0,6,0,3,2,47900,86.0
115988,11.661250638005875,1,2,3,5,8,0,2,115988,76.0
369786,12.82068244317987,1,0,1,4,6,4,4,369786,101.0
394377,12.885065119221741,0,0,2,4,7,4,1,394377,61.0
339852,12.736268450159686,1,0,2,2,2,4,0,339852,107.0
35261,10.470561175840706,0,2,1,2,1,3,2,35261,64.0
197609,12.194050670302849,0,2,4,6,9,4,0,197609,80.0
89747,11.404761021979668,0,2,2,0,7,0,1,89747,94.0
433423,12.979471742647181,0,1,3,4,3,3,0,433423,108.0
354253,12.777769448950012,0,1,3,4,3,3,4,354253,118.0
12913,9.466067273186413,0,1,3,5,3,1,1,12913,56.0
271754,12.51265620407822,1,2,4,0,4,4,3,271754,67.0
421285,12.951067216937869,0,1,0,4,5,0,2,421285,116.0
403708,12.908449600375041,1,1,3,4,8,2,4,403708,96.0
484503,13.090880966212831,0,0,3,5,3,0,1,484503,113.0
411889,12.928511602392149,0,1,4,2,9,4,2,411889,91.0
74679,11.220967597655658,0,0,4,3,9,0,4,74679,75.0
220780,12.304926538957863,1,1,0,0,0,3,3,220780,116.0
228401,12.33886251329308,0,2,1,5,1,3,4,228401,112.0
52474,10.868092144688834,1,1,4,2,4,2,1,52474,86.0
19153,9.860266850081565,0,1,3,1,3,4,1,19153,58.0
166772,12.024388885300743,1,2,2,4,2,0,0,166772,86.0
156190,11.958834896289817,1,1,0,6,0,0,3,156190,71.0
457956,13.03453057222583,1,0,1,2,6,2,0,457956,142.0
43424,10.678790591109305,1,2,4,3,4,0,4,43424,65.0
430038,12.971631181231379,1,0,3,0,8,2,3,430038,120.0
305781,12.630627708743356,0,0,1,0,1,0,3,305781,93.0
405762,12.913524524296735,1,0,2,0,2,0,4,405762,75.0
66525,11.10534812767579,0,0,0,4,5,1,4,66525,64.0
241821,12.395957197308544,0,0,1,6,1,4,3,241821,99.0
10275,9.237566358229774,0,0,0,6,5,1,0,10275,35.0
45892,10.734067878971876,1,1,2,0,2,1,0,45892,72.0
333869,12.71850697463558,0,2,4,4,9,3,3,333869,75.0
444296,13.00424853670674,1,2,1,6,6,3,4,444296,110.0
233695,12.361776404419837,0,1,0,0,5,2,4,233695,94.0
306093,12.631647523303954,0,0,3,4,3,3,4,306093,102.0
228635,12.339886498259085,0,2,0,1,5,2,3,228635,121.0
37079,10.520833019679792,0,2,4,0,9,0,0,37079,55.0
424708,12.959159507506072,1,1,3,4,8,3,4,424708,113.0
2360,7.766840537085513,1,2,0,1,0,0,3,2360,36.0
85954,11.361579182475595,1,1,4,1,4,3,3,85954,91.0
90444,11.412497210135735,1,0,4,4,4,3,3,90444,69.0
374866,12.834326575376783,1,1,1,2,6,4,4,374866,105.0
93782,11.448738881895192,1,2,2,3,2,3,3,93782,96.0
135213,11.814613987525897,0,0,3,1,3,4,2,135213,45.0
59131,10.98752751202098,0,1,1,2,1,3,3,59131,99.0
132878,11.797194218671864,1,2,3,4,8,0,2,132878,57.0
386130,12.863931969109542,1,0,0,3,0,2,1,386130,106.0
220069,12.30170095654358,0,1,4,3,9,2,1,220069,112.0
392518,12.8803402226763,1,1,3,0,8,0,3,392518,138.0
364145,12.805310165101316,0,2,0,5,5,1,3,364145,104.0
145960,11.891094741719023,1,1,0,3,0,1,3,145960,77.0
492734,13.107726783151314,1,2,4,4,4,2,0,492734,109.0
175785,12.07702262511216,0,0,0,1,5,0,2,175785,100.0
381742,12.852502886305034,1,1,2,4,2,1,1,381742,114.0
265934,12.49100719700059,1,2,4,4,4,1,4,265934,76.0
155851,11.956662117965244,0,1,1,3,1,4,3,155851,69.0
438842,12.9918969971126,1,2,2,5,2,3,4,438842,107.0
14647,9.592059086354347,0,1,2,3,7,3,0,14647,65.0
222452,12.31247112231992,1,2,2,6,2,2,2,222452,104.0
479633,13.08077859203309,0,2,3,0,3,3,4,479633,105.0
54827,10.911956291351272,0,2,2,3,7,2,4,54827,78.0
15685,9.660523873772611,0,1,0,5,5,3,3,15685,70.0
401876,12.903901350633488,1,2,1,6,6,1,4,401876,83.0
156728,11.962273478228346,1,2,3,5,8,2,4,156728,73.0
257805,12.459962643072094,0,0,0,2,5,4,0,257805,130.0
41506,10.633617366693608,1,1,1,3,6,1,4,41506,48.0
292952,12.5877674655759,1,2,2,2,2,0,1,292952,89.0
297821,12.604251271587366,0,2,1,6,1,2,4,297821,86.0
332208,12.713519567907532,1,0,3,2,8,2,3,332208,77.0
344272,12.749190226269034,1,1,2,5,2,0,2,344272,71.0
179354,12.09712236102179,1,2,4,0,4,0,2,179354,103.0
367140,12.813501249437538,1,0,0,4,0,3,3,367140,96.0
416756,12.940258597112651,1,2,1,4,6,2,3,416756,125.0
73499,11.205040685200927,0,2,4,6,9,1,4,73499,84.0
225249,12.324966175470584,0,0,4,3,9,2,4,225249,128.0
356646,12.784501776062788,1,0,1,3,6,2,1,356646,98.0
136940,11.827305455116626,1,2,0,6,0,0,3,136940,80.0
75796,11.235813993010828,1,1,1,0,6,0,0,75796,51.0
429302,12.969918242308431,1,2,2,6,2,1,0,429302,107.0
433401,12.979420982748413,0,0,1,3,1,1,3,433401,120.0
93185,11.442352774798065,0,2,0,1,5,1,3,93185,70.0
90730,11.41565436381571,1,1,0,3,0,1,3,90730,75.0
486956,13.095931102478549,1,2,1,1,6,3,3,486956,129.0
360802,12.796087381991914,1,1,2,1,2,4,0,360802,76.0
229767,12.344825383177335,0,0,2,6,7,2,3,229767,74.0
296975,12.60140660643888,0,2,0,0,5,2,4,296975,57.0
363051,12.802301353676294,0,0,1,3,1,4,3,363051,87.0
430558,12.972839643401365,1,1,3,2,8,0,2,430558,104.0
192455,12.167622835154974,0,2,0,4,5,2,1,192455,126.0
123957,11.727698077534676,0,0,2,1,7,4,3,123957,88.0
295615,12.596816593790278,0,1,0,5,5,2,2,295615,74.0
363956,12.804791007772627,1,2,1,5,6,2,4,363956,106.0
213295,12.270436151353458,0,1,0,5,5,4,3,213295,75.0
214981,12.278309582674774,0,1,1,4,1,4,2,214981,99.0
124121,11.729020231871104,0,2,1,4,1,0,0,124121,98.0
361685,12.798531711081052,0,2,0,2,5,3,1,361685,87.0
371148,12.824358878213625,1,0,3,1,8,1,0,371148,109.0
445278,13.006456330979258,1,0,3,1,8,2,1,445278,120.0
486297,13.094576883695778,0,0,2,0,7,0,0,486297,132.0
379140,12.845663446540213,1,0,0,6,0,2,4,379140,91.0
348619,12.761737782768856,0,1,4,5,9,1,2,348619,95.0
455370,13.02886775030303,1,0,0,6,0,2,4,455370,126.0
6105,8.717027173294824,0,0,0,1,5,2,1,6105,68.0
187853,12.143420344360717,0,2,3,1,3,0,1,187853,117.0
148560,11.908750927290955,1,0,0,6,0,0,4,148560,56.0
424880,12.959564408699235,1,2,0,1,0,0,0,424880,129.0
71115,11.172067625636462,0,0,0,2,5,1,0,71115,72.0
252378,12.43868720491995,1,0,3,0,8,0,4,252378,126.0
217537,12.290128826894078,0,1,2,5,7,2,2,217537,88.0
319514,12.674559500054494,1,2,4,6,4,4,1,319514,75.0
8056,8.994296557777195,1,1,1,6,6,2,2,8056,77.0
346853,12.756659221109643,0,2,3,3,3,2,2,346853,98.0
71172,11.172868811997306,1,0,2,3,2,2,1,71172,54.0
116483,11.665509203500227,0,2,3,3,3,3,1,116483,81.0
382236,12.853796114056673,1,0,1,1,6,1,4,382236,112.0
84425,11.34363069001631,0,2,0,5,5,0,0,84425,73.0
286557,12.565696237929032,0,0,2,5,7,1,1,286557,109.0
171506,12.052379361081698,1,2,1,6,6,4,0,171506,107.0
107208,11.582535479318677,1,0,3,3,8,4,4,107208,76.0
324492,12.69001924324492,1,0,2,0,2,2,2,324492,111.0
1796,7.493873886783559,1,2,1,4,6,0,3,1796,33.0
260410,12.470016431127886,1,1,0,3,0,1,3,260410,131.0
83367,11.331019821672264,0,0,2,4,7,2,3,83367,72.0
397295,12.892436873793287,0,2,0,3,5,4,4,397295,110.0
220554,12.30390237587235,1,0,4,5,4,2,0,220554,109.0
153772,11.943232767976708,1,1,2,3,2,1,4,153772,79.0
152362,11.934021110606094,1,1,2,0,2,3,0,152362,77.0
484975,13.091854684159138,0,1,0,1,5,3,3,484975,127.0
307934,12.637644000722817,1,2,4,4,4,2,0,307934,101.0
423358,12.955975797850005,1,1,3,5,8,0,4,423358,127.0
457930,13.03447379672488,1,1,0,4,0,2,3,457930,139.0
464451,13.048613494974981,0,0,1,1,1,4,2,464451,98.0
189581,12.152576927587424,0,2,1,0,1,3,3,189581,90.0
413534,12.932497433152838,1,2,4,2,4,2,0,413534,115.0
495241,13.11280181097248,0,1,1,5,1,2,1,495241,116.0
360394,12.794955931146164,1,1,4,6,4,0,3,360394,141.0
490864,13.103924419887726,1,1,4,3,4,0,1,490864,146.0
330451,12.708216693233135,0,1,1,2,1,3,0,330451,81.0
86700,11.370220696727491,1,0,0,5,0,1,3,86700,76.0
77049,11.252209840748263,0,0,4,0,9,4,4,77049,85.0
403765,12.908590781216787,0,1,0,5,5,4,0,403765,87.0
99346,11.506374051248253,1,1,1,2,6,3,0,99346,51.0
145395,11.887216333386771,0,0,0,5,5,4,2,145395,104.0
428463,12.967961999488264,0,0,3,0,3,1,2,428463,98.0
34483,10.448250727329816,0,1,3,1,3,0,0,34483,59.0
257599,12.459163273212335,0,1,4,6,9,0,4,257599,134.0
367972,12.815764844894172,1,1,2,3,2,0,3,367972,113.0
426760,12.963979416540068,1,1,0,5,0,4,0,426760,76.0
403152,12.907071421484464,1,0,2,1,2,4,0,403152,92.0
358745,12.790369896168023,0,2,0,2,5,1,4,358745,116.0
426968,12.964466690043672,1,2,3,3,8,4,2,426968,96.0
401064,12.901878787915862,1,0,4,6,4,1,2,401064,101.0
258940,12.46435551550369,1,1,0,3,0,1,0,258940,137.0
38500,10.55843949396453,1,1,0,0,0,1,1,38500,66.0
489468,13.101076409018779,1,0,3,0,8,0,3,489468,159.0
438633,12.991420631341297,0,0,3,6,3,4,1,438633,107.0
449303,13.015454997756214,0,2,3,1,3,0,1,449303,123.0
420969,12.950316851218119,0,0,4,3,9,3,3,420969,107.0
463450,13.046455941031718,1,1,0,1,0,1,3,463450,95.0
43349,10.677061982208688,0,2,4,5,9,2,2,43349,67.0
111289,11.619894685967472,0,1,4,3,9,2,2,111289,94.0
314323,12.658179580035817,0,1,3,2,3,3,3,314323,104.0
303117,12.621877447623737,0,0,2,3,7,0,4,303117,57.0
115416,11.656306935898048,1,0,1,0,6,1,4,115416,82.0
387339,12.867058139281722,0,0,4,1,9,2,2,387339,109.0
490259,13.102691141606808,0,2,4,0,9,0,4,490259,135.0
127732,11.757697426803988,1,1,2,3,2,1,4,127732,114.0
116612,11.66661603896503,1,2,2,6,2,4,0,116612,89.0
382012,12.85320991842327,1,1,2,1,2,3,2,382012,109.0
388503,12.870058744747132,0,0,3,3,3,3,1,388503,132.0
482280,13.08628221071338,1,0,0,1,0,4,2,482280,138.0
290223,12.57840831759775,0,0,3,3,3,3,0,290223,104.0
201647,12.214278882077274,0,2,2,5,7,2,0,201647,91.0
230407,12.347606929423293,0,1,2,2,7,4,0,230407,68.0
120373,11.698358841693127,0,1,3,1,3,3,0,120373,97.0
225354,12.32543221558066,1,0,4,3,4,3,2,225354,90.0
188129,12.144888492205176,0,2,4,4,9,2,2,188129,117.0
296033,12.598229591574599,0,2,3,3,3,4,3,296033,60.0
247495,12.41914969924412,0,1,0,3,5,3,3,247495,108.0
263296,12.481037951572167,1,1,1,5,6,0,3,263296,38.0
242493,12.398732246785539,0,0,3,6,3,0,0,242493,116.0
109241,11.60132088373202,0,2,1,6,1,1,1,109241,93.0
476916,13.07509775053712,1,0,1,6,6,1,0,476916,119.0
456297,13.030901383824583,0,0,2,2,7,4,0,456297,134.0
32242,10.381056244400666,1,1,2,0,2,1,2,32242,102.0
85802,11.359809249899756,1,2,2,3,2,4,0,85802,86.0
117377,11.673154775289367,0,2,2,1,7,3,2,117377,79.0
497356,13.11706335707687,1,1,1,6,6,2,2,497356,126.0
340367,12.737782664211888,0,2,2,6,7,4,0,340367,90.0
412961,12.93111085802479,0,2,1,3,1,0,4,412961,91.0
95253,11.46430228685785,0,0,3,4,3,1,4,95253,79.0
411622,12.927863160875486,1,1,2,1,2,0,1,411622,108.0
458814,13.036402357687223,1,0,4,6,4,2,1,458814,74.0
312148,12.65123591689674,1,1,3,4,8,3,0,312148,84.0
363391,12.803237420392588,0,1,1,0,1,1,3,363391,111.0
253524,12.443217716480197,1,0,4,5,4,4,4,253524,127.0
323859,12.688066602627462,0,0,4,4,9,3,3,323859,94.0
109031,11.599396696107348,0,2,1,6,1,0,3,109031,95.0
62556,11.04383342010517,1,0,1,4,6,0,4,62556,88.0
373639,12.831048045986785,0,1,4,0,9,3,3,373639,112.0
361167,12.797098503023358,0,0,2,2,7,0,1,361167,87.0
221255,12.30707568114654,0,2,0,6,5,4,0,221255,77.0
255620,12.451451157735013,1,2,0,1,0,4,1,255620,112.0
438541,12.991210867279497,0,1,1,5,1,0,0,438541,97.0
188726,12.148056805381797,1,2,1,6,6,1,0,188726,88.0
380993,12.850538905953341,0,2,3,4,3,1,0,380993,88.0
266488,12.493088245938793,1,1,3,5,8,0,4,266488,62.0
7722,8.951958168569265,1,0,2,1,2,4,3,7722,58.0
493051,13.108369924135982,0,1,1,6,1,4,2,493051,123.0
441284,12.997446204197285,1,2,4,4,4,2,2,441284,129.0
1098,7.002155954403621,1,0,3,6,8,0,3,1098,24.0
407584,12.918004778868458,1,1,4,2,4,3,3,407584,82.0
80199,11.292278793854607,0,0,4,0,9,4,2,80199,78.0
141282,11.858520250040426,1,0,2,1,2,2,1,141282,85.0
457036,13.032519629399907,1,1,1,6,6,3,0,457036,130.0
99326,11.506172716397517,1,2,1,3,6,4,1,99326,87.0
208675,12.248538088848344,0,1,0,5,5,3,1,208675,100.0
485158,13.092231951244997,1,1,3,2,8,2,0,485158,124.0
454076,13.026022066166663,1,2,1,0,6,4,4,454076,140.0
279514,12.540811237400224,1,1,4,4,4,3,4,279514,79.0
438586,12.991313474763777,1,1,1,1,6,0,1,438586,106.0
284610,12.558878614628846,1,0,0,4,0,1,4,284610,94.0
131533,11.787020652313418,0,1,3,3,3,0,0,131533,50.0
409278,12.92215235405454,1,0,3,2,8,1,2,409278,125.0
405069,12.911815170659823,0,0,4,0,9,2,3,405069,99.0
257279,12.457920264972739,0,2,4,1,9,2,0,257279,139.0
447722,13.011930016597212,1,2,2,2,2,4,4,447722,119.0
430646,12.973044007979192,1,2,1,6,6,3,2,430646,92.0
377126,12.840337279728706,1,2,1,1,6,3,3,377126,87.0
401511,12.902992699842617,0,0,1,5,1,4,2,401511,70.0
298453,12.60637109608698,0,1,3,1,3,0,0,298453,91.0
115004,11.652730884661105,1,2,4,1,4,3,3,115004,75.0
262724,12.478863136733798,1,2,4,0,4,3,2,262724,39.0
492388,13.107024333481572,1,1,3,1,8,3,3,492388,105.0
222056,12.310689384654799,1,2,1,2,6,1,0,222056,100.0
384510,12.859727676101192,1,0,0,0,0,1,2,384510,147.0
271106,12.510268855883766,1,2,1,3,6,4,1,271106,54.0
403121,12.906994524644018,0,2,1,5,1,0,0,403121,92.0
199278,12.202461131858437,1,0,3,2,8,0,0,199278,79.0
426342,12.962999465599854,1,0,2,0,2,4,0,426342,80.0
211451,12.26175330135673,0,2,1,2,1,3,0,211451,116.0
4894,8.49596955496461,1,1,4,1,4,3,0,4894,46.0
78253,11.267715225306771,0,1,3,0,3,3,2,78253,75.0
279115,12.539382745004172,0,1,0,4,5,2,2,279115,58.0
34750,10.455963627557306,1,1,0,2,0,0,4,34750,74.0
388441,12.869899145495365,0,1,1,4,1,3,0,388441,130.0
240223,12.389327100372729,0,1,3,4,3,1,0,240223,109.0
289594,12.576238674151282,1,1,4,4,4,4,2,289594,96.0
64793,11.078968285460816,0,2,3,1,3,3,3,64793,100.0
324428,12.689821993035473,1,2,3,6,8,3,3,324428,110.0
218774,12.295799083404033,1,2,4,3,4,2,4,218774,102.0
260272,12.469486359133237,1,1,2,5,2,4,3,260272,124.0
445117,13.00609469453674,0,1,2,1,7,0,0,445117,117.0
368328,12.816731839490794,1,0,3,2,8,2,4,368328,117.0
15260,9.633055833490875,1,2,0,0,0,1,4,15260,78.0
275982,12.528094548599388,1,0,2,0,2,2,0,275982,76.0
404088,12.909390429711163,1,0,3,6,8,0,0,404088,95.0
103826,11.550481331496663,1,2,1,2,6,3,4,103826,81.0
473630,13.068183816490858,1,2,0,3,0,0,3,473630,117.0
448413,13.013472191815845,0,0,3,0,3,2,3,448413,132.0
336864,12.72743753560369,1,0,4,3,4,4,3,336864,90.0
155571,11.95486392594762,0,0,1,3,1,2,2,155571,110.0
232429,12.356344383408473,0,1,4,1,9,2,2,232429,111.0
441591,12.998141657838898,0,0,1,3,1,3,2,441591,135.0
279191,12.539654996164712,0,2,1,3,1,4,0,279191,63.0
272513,12.515445267912515,0,2,3,3,3,4,1,272513,54.0
1134,7.034387929915503,1,0,4,0,4,0,2,1134,33.0
33469,10.418404794205372,0,1,4,2,9,2,0,33469,53.0
243910,12.40455868363802,1,1,0,2,0,4,3,243910,110.0
14934,9.61146273065021,1,0,4,3,4,2,2,14934,66.0
279056,12.53917134101215,1,2,1,1,6,2,1,279056,49.0
125703,11.741685215869968,0,0,3,4,3,1,1,125703,99.0
325389,12.692779741887357,0,0,4,1,9,4,1,325389,115.0
149868,11.917516858167325,1,0,3,5,8,0,3,149868,74.0
265047,12.487666220641398,0,0,2,6,7,4,1,265047,68.0
343090,12.74575099708308,1,1,0,6,0,2,0,343090,99.0
121881,11.710808642548207,0,0,1,4,1,1,1,121881,94.0
366884,12.81280372643323,1,2,4,0,4,1,2,366884,95.0
1250,7.1316985104669115,1,2,0,4,0,4,0,1250,34.0
126149,11.745226954069203,0,2,4,2,9,4,1,126149,104.0
446284,13.008713040372955,1,1,4,6,4,0,4,446284,124.0
246834,12.416475376193548,1,0,4,0,4,4,4,246834,90.0
359937,12.79368707337812,0,0,2,4,7,4,1,359937,112.0
326241,12.695394716245596,0,0,1,6,1,2,3,326241,113.0
375798,12.836809704968074,1,0,3,3,8,1,1,375798,141.0
80530,11.296397482445013,1,1,0,2,0,2,0,80530,81.0
457125,13.032714343034742,0,0,0,4,5,2,4,457125,134.0
169692,12.041746201108138,1,0,2,5,2,0,2,169692,95.0
97884,11.491548599210644,1,0,4,3,4,0,3,97884,111.0
35984,10.490857463941905,1,2,4,4,4,4,0,35984,52.0
258877,12.464112187235276,0,1,2,3,7,4,3,258877,131.0
47133,10.760749887948041,0,0,3,2,3,0,0,47133,68.0
77398,11.256729139597715,1,1,3,6,8,1,4,77398,81.0
445,6.100318952020064,0,1,0,4,5,3,4,445,36.0
122034,11.712063167817591,1,0,4,3,4,3,2,122034,105.0
212730,12.267783735749537,1,0,0,0,0,0,0,212730,127.0
324084,12.688761106046869,1,0,4,5,4,0,4,324084,115.0
488132,13.098343188686343,1,2,2,1,2,0,0,488132,124.0
327713,12.699896555776178,0,2,3,1,3,4,2,327713,43.0
37133,10.522288270967417,0,2,3,5,3,1,0,37133,46.0
374734,12.833974388479298,1,1,4,3,4,2,0,374734,133.0
124072,11.728625381043033,1,1,2,4,2,1,1,124072,91.0
36571,10.507038199284317,0,1,1,3,1,4,1,36571,76.0
446337,13.008831791514394,0,0,2,3,7,3,1,446337,119.0
363954,12.804785512602882,1,0,4,3,4,3,3,363954,105.0
51969,10.858421908002487,0,0,4,1,9,0,4,51969,63.0
78094,11.265681313291823,1,1,4,2,4,3,3,78094,62.0
175592,12.075924096062849,1,2,2,4,2,2,3,175592,105.0
309442,12.642529186132853,1,1,2,0,2,3,2,309442,91.0
453341,13.024402086508443,0,2,1,0,1,3,4,453341,132.0
199878,12.205467462443826,1,0,3,0,8,2,1,199878,78.0
104191,11.553990629922158,0,1,1,3,1,4,4,104191,103.0
243489,12.40283115289967,0,0,4,1,9,4,1,243489,115.0
81142,11.303968309209806,1,1,2,5,2,4,2,81142,98.0
455148,13.028380116853135,1,0,3,1,8,3,2,455148,132.0
11797,9.37568530456302,0,1,2,2,7,1,3,11797,56.0
174787,12.071329089961477,0,1,2,4,7,4,1,174787,88.0
83577,11.333535606545942,0,0,2,4,7,3,1,83577,76.0
390833,12.876038196389937,0,2,3,2,3,0,2,390833,135.0
457631,13.033820646672662,0,2,1,6,1,2,0,457631,149.0
209792,12.253876609278079,1,2,2,2,2,1,3,209792,89.0
252196,12.437965807121033,1,1,1,0,6,2,0,252196,109.0
481512,13.08468850881743,1,0,2,3,2,0,2,481512,119.0
143670,11.875281242375891,1,0,0,2,0,2,2,143670,70.0
325132,12.691989608369031,1,1,2,3,2,4,1,325132,105.0
267120,12.495457018246348,1,0,0,0,0,1,4,267120,69.0
449824,13.016613897220719,1,1,4,4,4,3,1,449824,119.0
245771,12.412159555874391,0,2,1,1,1,4,4,245771,73.0
66718,11.108245048910714,1,1,3,1,8,4,2,66718,50.0
264858,12.486952887894276,1,0,3,6,8,0,2,264858,60.0
394717,12.885926864867493,0,1,2,1,7,1,0,394717,85.0
449123,13.015054297861713,0,2,3,3,3,1,3,449123,119.0
459633,13.038185799592174,0,0,3,6,3,4,0,459633,92.0
470081,13.060662426553561,0,2,1,3,1,3,1,470081,99.0
367811,12.815327217047534,0,2,1,3,1,3,4,367811,106.0
206561,12.238355888450327,0,2,1,5,1,0,4,206561,92.0
248990,12.4251720302153,1,2,0,0,0,2,3,248990,111.0
112654,11.632085330139486,1,1,4,3,4,1,4,112654,81.0
338262,12.731578978406105,1,0,2,1,2,3,1,338262,88.0
274801,12.523806117324225,0,1,1,2,1,2,3,274801,74.0
189257,12.15086644253307,0,2,2,5,7,0,2,189257,94.0
243178,12.401553076661676,1,1,3,5,8,4,1,243178,125.0
123545,11.724368835336202,0,2,0,2,5,0,1,123545,90.0
9125,9.118882761487347,0,2,0,4,5,3,3,9125,51.0
313109,12.654309845482206,0,2,4,6,9,2,2,313109,89.0
370842,12.823534071430403,1,0,2,3,2,0,2,370842,97.0
269761,12.505295367765772,0,1,1,2,1,0,3,269761,80.0
489133,13.100391759547879,0,1,3,1,3,4,1,489133,139.0
469463,13.059346897374304,0,2,3,1,3,2,2,469463,115.0
379856,12.847550145088539,1,2,1,1,6,2,0,379856,118.0
69362,11.147108863114212,1,2,2,6,2,2,0,69362,78.0
456998,13.03243648169014,1,2,3,3,8,1,1,456998,127.0
282759,12.552353760284891,0,0,4,1,9,0,4,282759,61.0
394528,12.885447927339412,1,1,3,1,8,1,0,394528,63.0
145687,11.889222627775656,0,1,2,3,7,0,4,145687,77.0
428624,12.968337689765221,1,2,4,0,4,4,3,428624,87.0
242178,12.397432401139703,1,0,3,6,8,0,2,242178,90.0
326649,12.696644540268897,0,0,4,1,9,3,2,326649,139.0
213974,12.27361446474981,1,2,4,5,4,4,1,213974,94.0
171798,12.054080467793582,1,0,3,4,8,1,2,171798,99.0
410524,12.925192107360038,1,1,4,2,4,4,1,410524,91.0
126987,11.751847872787462,0,0,2,0,7,1,0,126987,82.0
457097,13.03265308890007,0,2,2,4,7,1,3,457097,129.0
427150,12.964892859674999,1,1,0,3,0,3,1,427150,81.0
58396,10.975019797633829,1,1,1,2,6,1,2,58396,68.0
332453,12.714256783642712,0,2,3,2,3,4,1,332453,77.0
165035,12.013918910902708,0,2,0,3,5,0,4,165035,66.0
310079,12.644585607684538,0,2,4,0,9,2,4,310079,114.0
446978,13.010266892626346,1,2,3,0,8,2,2,446978,93.0
116789,11.66813272927261,0,2,4,1,9,2,2,116789,75.0
351614,12.770292105999198,1,2,4,4,4,0,4,351614,123.0
490008,13.10217903726507,1,0,3,1,8,3,0,490008,127.0
491271,13.10475322487786,0,0,1,4,1,2,3,491271,144.0
75195,11.227853317033851,0,0,0,1,5,1,4,75195,77.0
359193,12.79161791148448,0,0,3,2,3,2,4,359193,119.0
12415,9.426741242423,0,1,0,4,5,2,2,12415,55.0
456621,13.031611194133488,0,0,1,4,1,3,0,456621,147.0
191907,12.16477136950622,0,0,2,2,7,1,4,191907,112.0
122951,11.719549314287148,0,2,1,3,1,4,0,122951,75.0
305046,12.62822114207827,1,0,1,0,6,3,4,305046,97.0
252511,12.43921405132076,0,1,1,0,1,4,4,252511,123.0
298299,12.60585497050284,0,0,4,1,9,3,1,298299,85.0
15220,9.630431332279667,1,1,0,2,0,2,2,15220,79.0
204937,12.230462773352249,0,1,2,5,7,1,4,204937,62.0
78454,11.27028049099317,1,1,4,5,4,3,2,78454,77.0
356724,12.784720455798777,1,0,4,4,4,0,3,356724,108.0
141511,11.860139798123344,0,1,1,6,1,1,0,141511,65.0
42464,10.656435486214109,1,2,4,2,4,0,2,42464,71.0
345771,12.753534877293026,0,0,1,6,1,2,4,345771,93.0
50232,10.824427460224394,1,0,2,0,2,4,3,50232,57.0
10423,9.251866118804681,0,1,3,0,3,0,3,10423,51.0
433667,12.980034543379839,0,2,2,3,7,3,3,433667,102.0
294353,12.592538403628556,0,2,3,3,3,1,2,294353,114.0
411739,12.9281473611633,0,1,4,6,9,4,0,411739,83.0
215498,12.280711548143943,1,2,3,3,8,2,1,215498,92.0
14862,9.606630182148894,1,0,2,1,2,0,4,14862,58.0
489168,13.100463312021938,1,0,3,1,8,0,0,489168,137.0
215557,12.280985293845177,0,1,2,6,7,2,3,215557,76.0
133226,11.799809719249712,1,2,1,2,6,2,2,133226,49.0
471814,13.064342238583004,1,1,4,0,4,0,4,471814,105.0
287061,12.567453499285662,0,0,1,5,1,4,2,287061,73.0
373024,12.829400720508623,1,1,4,1,4,4,4,373024,94.0
151920,11.931115927876299,1,0,0,6,0,2,0,151920,73.0
144224,11.87912985912509,1,2,4,3,4,2,2,144224,77.0
104729,11.55914088876719,0,2,4,2,9,0,0,104729,77.0
276529,12.530074593154767,0,1,4,1,9,2,2,276529,70.0
273648,12.519601542262446,1,0,3,4,8,4,0,273648,82.0
207588,12.243315442357511,1,0,3,3,8,3,2,207588,95.0
227964,12.33694738738097,1,0,4,2,4,4,1,227964,124.0
320780,12.678513926287843,1,2,0,5,0,1,4,320780,91.0
3495,8.159374736775426,0,0,0,2,5,4,4,3495,52.0
180501,12.103497137026096,0,0,1,6,1,1,1,180501,67.0
113830,11.642470171310983,1,1,0,3,0,4,1,113830,102.0
224717,12.32260156177412,0,2,2,3,7,1,4,224717,119.0
12994,9.47231994707559,1,1,4,2,4,4,0,12994,54.0
460947,13.041040517351941,0,0,2,4,7,2,4,460947,82.0
484669,13.091223525962933,0,1,4,3,9,4,3,484669,122.0
450732,13.01863042543476,1,0,2,2,2,4,1,450732,103.0
440112,12.994786791104119,1,0,2,1,2,4,0,440112,121.0
490933,13.104064978189605,0,1,3,2,3,3,4,490933,151.0
297556,12.603361082254185,1,1,1,0,6,3,1,297556,72.0
339032,12.7338527267576,1,2,2,1,2,0,0,339032,89.0
167126,12.02650928142314,1,2,1,1,6,0,2,167126,82.0
29908,10.305914717430841,1,1,3,4,8,2,1,29908,76.0
422231,12.953310204986991,0,2,1,5,1,3,0,422231,106.0
80200,11.2922912626048,1,1,0,1,0,0,2,80200,76.0
133963,11.80532638612195,0,1,3,4,3,3,4,133963,63.0
386883,12.865880185478359,0,0,3,0,3,2,3,386883,121.0
103654,11.548823355967214,1,1,4,5,4,1,4,103654,83.0
381508,12.851889720516194,1,1,3,1,8,4,0,381508,100.0
302837,12.620953288048032,0,2,2,3,7,1,3,302837,111.0
363847,12.804491476989478,0,1,2,1,7,3,2,363847,97.0
185048,12.128375933854821,1,2,3,3,8,4,1,185048,96.0
216572,12.285682952039492,1,2,2,6,2,0,0,216572,115.0
401466,12.902880617210203,1,0,1,2,6,0,0,401466,68.0
475566,13.072263055352753,1,0,1,0,6,0,4,475566,101.0
31265,10.35028652413727,0,2,0,3,5,0,3,31265,71.0
38072,10.547260648478273,1,2,2,6,2,2,3,38072,63.0
361574,12.798224767941933,1,2,4,3,4,3,2,361574,81.0
486047,13.094062663437745,0,2,2,2,7,2,2,486047,128.0
422671,12.954351743528118,0,1,1,4,1,4,0,422671,108.0
465025,13.04984859698486,0,1,0,1,5,1,3,465025,88.0
366475,12.811688313853601,0,1,0,4,5,4,0,366475,110.0
264443,12.485384787637757,0,2,3,4,3,1,3,264443,64.0
122431,11.715311052799924,0,1,1,1,1,1,3,122431,115.0
227438,12.334637349551233,1,2,3,1,8,2,0,227438,111.0
21869,9.992871113670814,0,2,4,1,9,3,2,21869,69.0
449075,13.01494741743409,0,2,0,4,5,2,3,449075,117.0
48251,10.784192556685275,0,2,1,0,1,3,3,48251,91.0
42299,10.65254236503437,0,2,4,5,9,4,2,42299,68.0
497354,13.117059335812423,1,2,4,4,4,3,2,497354,125.0
300616,12.613592308261467,1,1,1,1,6,1,2,300616,80.0
80638,11.297737682434654,1,1,3,5,8,2,2,80638,101.0
218615,12.295072045092756,0,2,0,5,5,3,3,218615,115.0
240056,12.388631674125469,1,2,1,5,6,3,0,240056,109.0
9942,9.204624064980074,1,0,2,2,2,1,0,9942,60.0
144770,11.882908462632694,1,2,0,3,0,1,3,144770,75.0
458221,13.035109061816598,0,1,1,1,1,4,3,458221,156.0
431370,12.974723787682725,1,0,0,2,0,3,4,431370,92.0
12134,9.403849118160702,1,2,4,3,4,0,4,12134,74.0
154555,11.94831176919427,0,1,0,2,5,4,0,154555,103.0
349798,12.765113982786108,1,1,3,1,8,2,2,349798,103.0
75435,11.231039893632255,0,0,0,3,5,4,3,75435,73.0
34173,10.43922040000822,0,0,3,6,3,0,0,34173,62.0
189363,12.151426367750144,0,0,3,6,3,3,2,189363,104.0
53897,10.894848650457261,0,2,2,4,7,1,0,53897,67.0
227087,12.333092886539038,0,2,2,0,7,4,0,227087,117.0
396226,12.889742558324961,1,1,1,5,6,2,4,396226,85.0
443577,13.002628938999479,0,0,2,1,7,3,0,443577,103.0
36409,10.502598741169479,0,1,4,2,9,1,4,36409,65.0
114142,11.64520732725677,1,1,2,0,2,0,1,114142,121.0
233105,12.35924856471832,0,2,0,5,5,1,1,233105,98.0
360336,12.794794983664644,1,0,1,4,6,1,2,360336,133.0
121865,11.71067735941954,0,2,0,2,5,1,4,121865,89.0
3033,8.017637159908478,0,0,3,2,3,0,4,3033,56.0
223027,12.315052603098307,0,1,2,0,7,4,1,223027,108.0
268794,12.501704286267652,1,0,4,1,4,2,3,268794,85.0
141567,11.860535446001897,0,0,2,6,7,1,3,141567,80.0
326166,12.695164799122043,1,0,1,1,6,1,3,326166,109.0
134111,11.806430550724798,0,2,1,5,1,0,4,134111,79.0
96853,11.480959968963178,0,1,3,1,3,3,4,96853,97.0
359359,12.792079950532216,0,1,4,0,9,1,4,359359,138.0
226422,12.330160210257247,1,0,2,0,2,1,2,226422,111.0
138530,11.83884940627887,1,2,0,0,0,3,4,138530,71.0
73464,11.204564381310046,1,0,4,6,4,2,4,73464,93.0
263956,12.483541490074384,1,1,1,0,6,0,4,263956,57.0
67570,11.120934175903928,1,1,0,6,0,2,4,67570,75.0
312022,12.650832182023303,1,1,2,4,2,1,0,312022,85.0
283005,12.553223377814055,0,0,0,2,5,1,3,283005,82.0
217275,12.288923713757386,0,0,0,2,5,0,3,217275,89.0
486606,13.095212094760353,1,0,1,1,6,4,2,486606,130.0
412848,12.930837187655406,1,0,3,2,8,2,4,412848,94.0
85366,11.3547148882366,1,1,1,1,6,4,0,85366,87.0
42428,10.65558736968861,1,2,3,1,8,1,1,42428,76.0
496506,13.115352861058815,1,0,1,3,6,1,2,496506,126.0
64315,11.071563712864302,0,1,0,6,5,1,0,64315,107.0
12972,9.470625553571013,1,0,2,1,2,2,2,12972,58.0
358390,12.789379848160468,1,1,0,4,0,0,0,358390,139.0
250054,12.429436172647932,1,1,4,0,4,1,4,250054,99.0
45085,10.716327056014078,0,1,0,5,5,0,0,45085,56.0
192698,12.168884664975396,1,2,3,2,8,0,3,192698,101.0
302670,12.620401685993448,1,0,0,4,0,1,4,302670,97.0
149676,11.916234917989229,1,0,1,2,6,1,1,149676,66.0
468874,13.05809148738419,1,1,4,0,4,3,2,468874,112.0
202818,12.220069234673604,1,0,3,0,8,3,0,202818,69.0
417364,12.941716417689685,1,1,4,3,4,3,0,417364,113.0
193218,12.171579539610432,1,0,3,4,8,1,3,193218,103.0
149841,11.917336684599634,0,0,1,6,1,3,3,149841,67.0
265120,12.487941604530162,1,1,0,2,0,3,4,265120,64.0
492872,13.108006813347703,1,2,2,2,2,1,3,492872,101.0
192819,12.16951239021837,0,0,4,4,9,3,4,192819,99.0
133454,11.801519621346978,1,2,4,6,4,3,1,133454,55.0
207994,12.245269319932989,1,1,4,3,4,3,2,207994,96.0
200218,12.207167046454959,1,1,3,4,8,3,3,200218,79.0
280012,12.542591309645042,1,1,2,5,2,1,3,280012,76.0
224824,12.323077600782716,1,1,4,5,4,3,2,224824,112.0
101917,11.531923847379543,0,1,2,4,7,4,0,101917,79.0
182952,12.116984568235837,1,0,2,0,2,1,4,182952,89.0
170444,12.046167943020219,1,2,4,1,4,3,3,170444,90.0
269006,12.502492680550235,1,2,1,3,6,4,3,269006,78.0
388567,12.870223465648527,0,1,2,4,7,2,0,388567,139.0
499809,13.121983305186033,0,0,4,2,9,3,1,499809,98.0
50314,10.826058522367434,1,1,4,5,4,3,2,50314,56.0
392642,12.880656081062291,1,2,2,5,2,2,3,392642,143.0
468596,13.057498402986683,1,2,1,2,6,4,3,468596,110.0
339716,12.735868197053117,1,2,1,6,6,0,1,339716,95.0
495172,13.112662475441189,1,1,2,6,2,3,4,495172,113.0
485429,13.092790375061963,0,2,4,0,9,2,4,485429,110.0
179039,12.095364523545753,0,2,4,0,9,1,2,179039,114.0
221687,12.309026266940556,0,2,2,4,7,4,0,221687,105.0
312207,12.65142491133478,0,0,2,0,7,4,1,312207,87.0
214654,12.276787367115398,1,1,4,6,4,4,4,214654,98.0
80423,11.295067918085255,0,2,3,0,3,0,2,80423,78.0
243671,12.403578337649169,0,2,1,1,1,2,4,243671,134.0
374037,12.832112675513379,0,0,2,6,7,4,2,374037,108.0
18110,9.804274767464536,1,2,0,1,0,1,0,18110,64.0
281282,12.547116558951084,1,2,2,1,2,3,4,281282,73.0
20220,9.91447694733573,1,0,0,4,0,0,0,20220,81.0
9,2.302585092994046,0,0,4,2,9,1,0,9,5.0
196476,12.188300655094706,1,0,1,0,6,2,2,196476,143.0
136186,11.821784220271333,1,1,1,1,6,1,0,136186,82.0
440223,12.995038967260722,0,0,3,0,3,2,1,440223,133.0
31986,10.373084849239977,1,0,1,3,6,0,0,31986,93.0
482618,13.086982801476827,1,2,3,3,8,3,3,482618,131.0
178309,12.091278887528093,0,1,4,5,9,0,4,178309,85.0
419047,12.945740750815508,0,1,2,6,7,3,0,419047,104.0
37592,10.534573141833395,1,2,2,2,2,2,2,37592,63.0
16148,9.689613407229068,1,2,3,6,8,1,4,16148,77.0
433974,12.98074220773675,1,0,4,2,4,1,3,433974,124.0
355151,12.780301145833441,0,2,1,6,1,0,3,355151,113.0
259056,12.464803393688314,1,0,1,0,6,1,3,259056,138.0
156178,11.958758064327682,1,1,3,1,8,3,1,156178,64.0
171403,12.051778622096379,0,1,3,1,3,1,2,171403,94.0
86711,11.370347561495587,0,2,1,2,1,1,2,86711,80.0
307938,12.637656990392783,1,0,3,1,8,1,3,307938,95.0
32600,10.392098241730961,1,2,0,1,0,1,1,32600,100.0
100641,11.519324944550796,0,0,1,2,1,3,3,100641,61.0
423927,12.957318908473765,0,0,2,0,7,4,2,423927,141.0
452834,13.023283099703653,1,2,4,4,4,2,2,452834,117.0
74878,11.223628756361444,1,1,3,6,8,0,1,74878,69.0
148313,11.907086926907,0,2,3,4,3,2,2,148313,69.0
70507,11.163481457539843,0,1,2,3,7,0,0,70507,69.0
248957,12.425039486520873,0,2,2,2,7,1,1,248957,115.0
41034,10.622180640063812,1,0,4,0,4,1,3,41034,43.0
336838,12.727360350370967,1,1,3,5,8,2,0,336838,89.0
248810,12.42444885108848,1,2,0,2,0,2,3,248810,124.0
474293,13.06958266156428,0,2,3,1,3,2,0,474293,127.0
50623,10.832181051127325,0,1,3,6,3,4,3,50623,80.0
40160,10.600651654454007,1,2,0,1,0,0,0,40160,73.0
413278,12.931878188659686,1,1,3,5,8,4,4,413278,106.0
426732,12.963913803893677,1,0,2,5,2,3,2,426732,91.0
212661,12.267459329844385,0,0,1,1,1,4,0,212661,118.0
344356,12.749434188920723,1,1,1,5,6,2,4,344356,69.0
61396,11.025116253006695,1,1,1,6,6,2,4,61396,110.0
172922,12.060601687694225,1,2,2,1,2,0,1,172922,91.0
284027,12.556828103832812,0,2,2,2,7,4,4,284027,92.0
404159,12.909566118144264,0,2,4,0,9,1,2,404159,102.0
487391,13.09682400641523,0,2,1,2,1,0,1,487391,155.0
387068,12.866358250692974,1,2,3,3,8,0,0,387068,144.0
326273,12.69549279813179,0,2,3,3,3,0,2,326273,108.0
325336,12.692616847155412,1,1,1,4,6,1,3,325336,122.0
86772,11.37105079235144,1,0,2,0,2,0,1,86772,84.0
384929,12.860816778557174,0,2,4,6,9,3,1,384929,137.0
129836,11.774035096561096,1,2,1,0,6,2,1,129836,119.0
482839,13.087440614815064,0,1,4,0,9,0,0,482839,126.0
65843,11.095043586846975,0,2,3,1,3,3,4,65843,40.0
212701,12.267647404059025,0,1,1,6,1,3,2,212701,123.0
238955,12.384034713546676,0,2,0,3,5,4,4,238955,105.0
97631,11.488960587516397,0,2,1,2,1,4,0,97631,113.0
139691,11.847195278036242,0,2,1,6,1,2,1,139691,62.0
144144,11.878575016374095,1,0,4,0,4,4,2,144144,69.0
331298,12.710776569871117,1,2,3,2,8,3,1,331298,77.0
47010,10.758136895861702,1,0,0,5,0,0,3,47010,89.0
15736,9.663769906600864,1,1,1,0,6,3,1,15736,81.0
431758,12.975622841188304,1,1,3,5,8,3,1,431758,104.0
448713,13.014140992725375,0,0,3,6,3,0,3,448713,113.0
57070,10.952051385718224,1,1,0,6,0,3,0,57070,107.0
218207,12.293204015320379,0,2,2,3,7,4,4,218207,96.0
282088,12.549977902965031,1,1,3,2,8,0,0,282088,91.0
50488,10.829510769754663,1,1,3,4,8,2,2,50488,66.0
205110,12.23130657499676,1,0,0,3,0,3,1,205110,74.0
191752,12.163963364478693,1,1,2,1,2,0,2,191752,99.0
495984,13.114300963314284,1,0,4,6,4,4,0,495984,110.0
61643,11.029131180255268,0,2,3,1,3,1,2,61643,80.0
25706,10.154518607337229,1,2,1,2,6,2,2,25706,59.0
276663,12.530559052504003,0,0,3,2,3,4,3,276663,83.0
64565,11.075443235428446,0,2,0,4,5,2,3,64565,96.0
62127,11.036952051971449,0,0,2,2,7,0,1,62127,92.0
229856,12.345212655414974,1,2,1,4,6,0,4,229856,81.0
413608,12.932676362094346,1,1,3,6,8,0,3,413608,112.0
400089,12.899444800781415,0,0,4,4,9,3,3,400089,97.0
24613,10.111070665732282,0,1,3,1,3,0,0,24613,39.0
140352,11.851915956695178,1,0,2,2,2,3,3,140352,50.0
135479,11.816579306931708,0,2,4,1,9,3,1,135479,57.0
425912,12.961990379042557,1,2,2,4,2,2,3,425912,144.0
180749,12.104870140021012,0,2,4,2,9,1,1,180749,67.0
122012,11.71188287541561,1,2,2,2,2,1,3,122012,104.0
293768,12.590549023199854,1,2,3,6,8,3,4,293768,104.0
23647,10.071033823747928,0,1,2,1,7,2,1,23647,73.0
267249,12.495939828887291,0,0,4,3,9,2,3,267249,78.0
94341,11.454681756528737,0,0,1,2,1,3,4,94341,71.0
418560,12.944577916951793,1,0,0,2,0,2,3,418560,85.0
100837,11.521270547705727,0,1,2,2,7,4,2,100837,79.0
286466,12.56537862525676,1,2,1,5,6,4,4,286466,91.0
270444,12.507824029422997,1,0,4,6,4,0,3,270444,53.0
352799,12.773656603114773,0,2,4,6,9,4,1,352799,90.0
427806,12.966427438282922,1,0,1,1,6,2,3,427806,97.0
43892,10.689510133046271,1,2,2,2,2,3,2,43892,82.0
282327,12.550824794586951,0,0,2,3,7,0,3,282327,93.0
456153,13.030585750780443,0,0,3,5,3,4,2,456153,140.0
43045,10.670024590324125,0,1,0,2,5,4,1,43045,52.0
42740,10.662913925885341,1,2,0,5,0,2,4,42740,80.0
297134,12.60194185996489,1,2,4,5,4,3,3,297134,70.0
357967,12.788198875912858,0,1,2,1,7,2,2,357967,116.0
363558,12.803696873651303,1,0,3,6,8,0,4,363558,86.0
260348,12.469778317600376,1,2,3,4,8,3,1,260348,138.0
386905,12.865937048451533,0,1,0,1,5,1,3,386905,128.0
468441,13.057167573637182,0,0,1,1,1,0,2,468441,113.0
262718,12.478840298905217,1,2,3,1,8,4,2,262718,49.0
391865,12.87867522359841,0,2,0,5,5,4,1,391865,140.0
30858,10.337183720985118,1,0,3,2,8,4,1,30858,68.0
398911,12.896496120168523,0,1,1,2,1,1,3,398911,92.0
231502,12.352348111387743,1,1,2,5,2,1,2,231502,79.0
2589,7.859413154693583,0,0,4,6,9,0,2,2589,35.0
311422,12.648907395641675,1,1,2,6,2,3,0,311422,77.0
473583,13.068084578197464,0,0,3,5,3,4,2,473583,133.0
427714,12.966212364911684,1,1,4,0,4,4,3,427714,91.0
178540,12.092573545703441,1,1,0,5,0,0,1,178540,102.0
383068,12.855970408594485,1,1,3,0,8,4,0,383068,111.0
483966,13.089772001556101,1,0,1,0,6,1,2,483966,120.0
162089,11.995907015506221,0,2,4,4,9,2,4,162089,92.0
159812,11.981759660695054,1,2,2,2,2,4,0,159812,70.0
496733,13.115809950534485,0,2,3,6,3,1,4,496733,114.0
17113,9.747652120978,0,1,3,5,3,1,1,17113,50.0
39961,10.595684281560079,0,1,1,5,1,0,1,39961,62.0
68396,11.133084242999656,1,2,1,6,6,4,3,68396,61.0
218120,12.2928052336618,1,2,0,0,0,2,2,218120,78.0
216441,12.285077892150127,0,0,1,1,1,1,1,216441,105.0
150891,11.9243196281087,0,0,1,6,1,4,3,150891,85.0
382788,12.855239202515877,1,0,3,0,8,2,3,382788,120.0
79256,11.280451015914542,1,2,1,2,6,2,2,79256,81.0
477278,13.075856504540212,1,2,3,4,8,1,1,477278,102.0
94041,11.45149676997358,0,0,1,3,1,1,4,94041,105.0
105506,11.566532580408047,1,2,1,2,6,1,0,105506,77.0
110171,11.6097980599317,0,2,1,5,1,3,4,110171,99.0
475950,13.07307018673828,1,0,0,6,0,1,1,475950,103.0
336744,12.727081246352432,1,0,4,2,4,1,0,336744,86.0
309707,12.643385197077459,0,2,2,6,7,3,4,309707,105.0
235275,12.368514572063296,0,0,0,5,5,4,4,235275,101.0
419933,12.947852835054176,0,2,3,3,3,0,1,419933,98.0
403516,12.90797389715532,1,1,1,1,6,3,4,403516,81.0
282458,12.551288686292494,1,2,3,1,8,1,4,282458,94.0
216201,12.28396843483826,0,0,1,6,1,4,1,216201,86.0
59797,10.99872749456338,0,1,2,3,7,2,4,59797,83.0
95087,11.462558057606442,0,2,2,6,7,4,3,95087,101.0
491673,13.105571174230954,0,0,3,0,3,0,0,491673,88.0
418791,12.945129655599317,0,0,1,2,1,4,3,418791,112.0
64546,11.075148919594454,1,1,1,6,6,2,0,64546,89.0
220297,12.302736454219946,0,1,2,0,7,0,4,220297,99.0
471648,13.063990343859489,1,0,3,2,8,3,1,471648,104.0
325409,12.692841204702374,0,2,4,0,9,3,0,325409,114.0
300079,12.61180438475577,0,1,4,3,9,3,2,300079,75.0
358743,12.790364321177432,0,0,3,0,3,4,2,358743,117.0
53658,10.89040448795058,1,0,3,3,8,2,4,53658,72.0
190603,12.157953256340894,0,1,3,0,3,3,0,190603,90.0
123737,11.725921706032102,0,2,2,5,7,3,2,123737,98.0
246928,12.416856124895906,1,1,3,3,8,0,1,246928,90.0
62379,11.040999990161794,0,0,4,2,9,4,4,62379,98.0
351063,12.768723822009118,0,0,3,6,3,2,3,351063,113.0
177897,12.088965631319793,0,0,2,6,7,3,1,177897,108.0
462349,13.044077459005784,0,1,4,6,9,4,0,462349,95.0
490874,13.103944791880311,1,2,4,6,4,2,0,490874,152.0
99670,11.509630041020431,1,1,0,4,0,1,2,99670,70.0
446404,13.008981890703357,1,1,4,0,4,1,0,446404,128.0
217278,12.28893752098547,1,0,3,5,8,1,0,217278,91.0
27038,10.205035547224519,1,2,3,4,8,0,3,27038,72.0
205065,12.231087157524884,0,0,0,0,5,2,2,205065,63.0
395298,12.887397719557317,1,0,3,1,8,1,2,395298,57.0
98513,11.497953949040083,0,2,3,2,3,2,2,98513,54.0
21262,9.964723752006702,1,1,2,3,2,3,0,21262,56.0
91482,11.42390844165235,1,0,2,6,2,1,1,91482,84.0
461055,13.04127478965552,0,0,0,0,5,4,0,461055,102.0
352284,12.772195786074038,1,0,4,2,4,0,3,352284,77.0
363830,12.804444753090607,1,2,0,5,0,3,4,363830,100.0
226584,12.330875429445014,1,0,4,1,4,4,1,226584,106.0
362944,12.802006586615892,1,1,4,1,4,0,4,362944,88.0
388404,12.869803888642913,1,0,4,2,4,3,4,388404,127.0
283865,12.556257574810163,0,2,0,1,5,2,1,283865,83.0
418305,12.943968501099832,0,0,0,6,5,3,2,418305,77.0
121213,11.70531285749756,0,1,3,1,3,0,4,121213,108.0
438198,12.990428424077914,1,0,3,5,8,0,0,438198,133.0
368380,12.816873007657607,1,1,0,5,0,0,1,368380,131.0
364449,12.80614464681036,0,0,4,1,9,1,0,364449,109.0
446932,13.010163974218178,1,1,2,3,2,0,2,446932,113.0
422193,12.953220203021099,0,0,3,2,3,2,0,422193,100.0
135764,11.818680728929381,1,2,4,6,4,3,2,135764,56.0
396121,12.88947752359755,0,1,1,5,1,3,4,396121,85.0
10696,9.27771860730613,1,1,1,0,6,2,1,10696,54.0
343425,12.746726938033092,0,0,0,5,5,3,3,343425,104.0
434441,12.981817728011034,0,2,1,0,1,3,0,434441,81.0
81320,11.30615956476456,1,2,0,1,0,0,3,81320,94.0
158619,11.97426668363731,0,0,4,6,9,1,4,158619,98.0
399388,12.897691158272615,1,1,3,3,8,3,3,399388,74.0
349322,12.763752274604842,1,2,2,1,2,3,3,349322,89.0
263466,12.481683401929072,1,0,1,0,6,2,2,263466,51.0
66179,11.100133581475603,0,2,4,1,9,3,0,66179,38.0
114,4.74493212836325,1,0,4,2,4,3,3,114,20.0
97053,11.483022803615915,0,0,3,5,3,0,0,97053,103.0
269550,12.504512890759782,1,0,0,1,0,3,3,269550,85.0
218632,12.295149803989899,1,1,2,1,2,4,2,218632,88.0
54015,10.897035577955629,0,0,0,3,5,4,0,54015,90.0
222359,12.312052969067405,0,2,4,4,9,4,1,222359,94.0
413557,12.93255304963129,0,1,2,4,7,1,1,413557,116.0
384818,12.860528372854095,1,2,3,0,8,1,3,384818,135.0
395871,12.888846205662558,0,0,1,0,1,0,2,395871,81.0
196126,12.186517687561414,1,1,1,0,6,0,2,196126,123.0
282558,12.551642657320121,1,0,3,3,8,1,1,282558,104.0
367466,12.814388797684765,1,2,1,1,6,2,0,367466,115.0
401243,12.902325000043533,0,2,3,3,3,3,4,401243,111.0
48214,10.783425454944485,1,1,4,5,4,4,1,48214,83.0
70654,11.165564157016847,1,1,4,3,4,3,4,70654,84.0
262249,12.477053526258544,0,1,4,1,9,4,1,262249,37.0
74463,11.218071066102018,0,0,3,4,3,3,1,74463,71.0
320244,12.676841606834602,1,0,4,1,4,2,3,320244,103.0
236209,12.372476518851753,0,1,4,1,9,2,2,236209,106.0
311694,12.649780424561643,1,0,4,5,4,4,4,311694,76.0
139313,11.84448565723042,0,2,3,6,3,0,3,139313,44.0
131438,11.786298144648125,1,2,3,6,8,0,4,131438,49.0
440054,12.994654998082595,1,2,4,6,4,2,1,440054,132.0
222726,12.313702085231993,1,0,1,0,6,1,3,222726,90.0
153077,11.938702874390271,0,2,2,1,7,4,4,153077,96.0
140273,11.851352931739726,0,2,3,0,3,4,0,140273,78.0
417613,12.942312839892834,0,1,3,0,3,0,4,417613,122.0
347897,12.759664612345125,0,2,2,4,7,1,4,347897,115.0
399279,12.897418204143491,0,0,4,6,9,4,1,399279,104.0
36011,10.491607495228367,0,2,1,3,1,3,1,36011,60.0
370303,12.822079568895752,0,1,3,3,3,0,0,370303,115.0
396279,12.889876311086967,0,0,4,2,9,1,4,396279,100.0
272661,12.515988211855888,0,0,1,4,1,0,4,272661,63.0
404550,12.910533089115269,1,0,0,6,0,2,0,404550,86.0
13578,9.516279760698795,1,0,3,5,8,4,4,13578,53.0
391235,12.877066237448679,0,2,0,5,5,1,0,391235,116.0
397473,12.892884802132244,0,0,3,6,3,3,4,397473,65.0
188175,12.145132974090817,0,0,0,1,5,0,3,188175,114.0
391932,12.878846185797045,1,0,2,2,2,4,0,391932,149.0
395715,12.888452061228788,0,0,0,5,5,3,0,395715,76.0
126057,11.744497397480352,0,0,2,1,7,0,3,126057,103.0
456781,13.031961531994142,0,1,1,3,1,3,3,456781,122.0
417914,12.943033341546329,1,2,4,0,4,2,0,417914,90.0
354655,12.77890358457538,0,1,0,0,5,4,2,354655,108.0
234573,12.365526382120281,0,0,3,3,3,4,4,234573,90.0
99075,11.50364251137131,0,0,0,4,5,1,2,99075,55.0
17618,9.77673314419063,1,2,3,6,8,3,1,17618,48.0
259030,12.464703024638956,1,1,0,2,0,1,0,259030,137.0
399962,12.899127321811731,1,2,2,3,2,1,3,399962,90.0
484085,13.090017855864904,0,2,0,0,5,3,0,484085,123.0
433446,12.979524807059315,1,0,1,6,6,2,3,433446,109.0
71255,11.174034305111705,0,2,0,2,5,1,0,71255,69.0
33035,10.405353154930607,0,2,0,2,5,1,2,33035,32.0
127179,11.753358684821398,0,0,4,3,9,3,4,127179,97.0
416230,12.938995673589352,1,1,0,3,0,3,0,416230,112.0
312134,12.65119106551499,1,2,4,4,4,2,3,312134,81.0
156468,11.96061318627421,1,0,3,4,8,3,2,156468,80.0
356714,12.784692422607476,1,2,4,1,4,0,3,356714,106.0
90215,11.409962073912123,0,2,0,6,5,1,3,90215,65.0
387010,12.86620839538058,1,1,0,1,0,3,0,387010,128.0
232908,12.358403098320307,1,0,3,4,8,4,3,232908,105.0
451097,13.01943988977992,0,2,2,3,7,4,4,451097,102.0
105384,11.565375589971147,1,0,4,6,4,0,2,105384,95.0
235083,12.367698176065916,0,0,3,2,3,1,4,235083,99.0
216705,12.286296875189135,0,0,0,6,5,4,1,216705,92.0
281000,12.546113507028412,1,2,0,6,0,2,2,281000,73.0
222132,12.311031580565293,1,0,2,1,2,0,0,222132,105.0
289284,12.575167640328612,1,0,4,2,4,1,3,289284,73.0
130122,11.776235435962457,1,0,2,6,2,4,2,130122,111.0
123558,11.72447405376571,1,0,3,1,8,4,4,123558,91.0
150512,11.921804738178182,1,2,2,5,2,0,3,150512,90.0
193003,12.170466193060856,0,1,3,6,3,1,0,193003,113.0
307024,12.634684456478585,1,1,4,4,4,2,1,307024,103.0
489765,13.101683005002597,0,0,0,3,5,2,3,489765,127.0
422296,12.953464136942268,1,1,1,0,6,1,0,422296,105.0
46187,10.740475303071747,0,2,2,1,7,4,2,46187,74.0
24374,10.101313295866047,1,2,4,0,4,3,4,24374,86.0
282174,12.550282724823827,1,0,4,4,4,4,3,282174,87.0
248794,12.424384543182203,1,1,4,0,4,2,0,248794,123.0
175980,12.078131313647322,1,0,0,0,0,2,3,175980,110.0
278030,12.535487897247275,1,2,0,4,0,0,2,278030,88.0
159732,11.981258950301738,1,0,2,6,2,2,4,159732,118.0
116350,11.664366763450701,1,1,0,3,0,1,0,116350,96.0
279650,12.541297676141784,1,2,0,0,0,4,4,279650,60.0
95346,11.465278147502655,1,0,1,6,6,1,1,95346,90.0
450103,13.017233946155555,0,1,3,3,3,1,1,450103,131.0
197314,12.192556715476654,1,1,4,5,4,2,2,197314,62.0
243625,12.4033895414705,0,1,0,4,5,0,4,243625,127.0
165602,12.017348636711233,1,2,2,3,2,3,0,165602,78.0
71304,11.174721730170868,1,0,4,2,4,1,2,71304,63.0
499324,13.121012465333372,1,1,4,0,4,1,1,499324,141.0
431808,12.975738639828494,1,0,3,6,8,2,4,431808,102.0
3680,8.210939733379021,1,2,0,5,0,2,1,3680,46.0
452034,13.021514889444859,1,0,4,2,4,4,4,452034,119.0
326981,12.697660402492751,0,2,1,4,1,0,3,326981,120.0
453102,13.023874751688265,1,0,2,6,2,2,2,453102,133.0
374566,12.833525971144725,1,1,1,3,6,1,3,374566,120.0
370173,12.821728444348269,0,0,3,6,3,3,2,370173,120.0
48862,10.796775742844966,1,1,2,2,2,2,4,48862,105.0
200387,12.208010766160433,0,2,2,5,7,1,3,200387,86.0
37568,10.533934521232142,1,2,3,6,8,2,2,37568,54.0
161191,11.990351480031602,0,1,1,2,1,4,2,161191,100.0
321410,12.680475956964345,1,2,0,5,0,2,3,321410,104.0
182344,12.113655776063803,1,1,4,1,4,4,1,182344,72.0
370467,12.822522350217614,0,0,2,6,7,3,2,370467,105.0
498294,13.11894755010316,1,0,4,6,4,0,1,498294,128.0
129494,11.771397549337733,1,2,4,1,4,3,1,129494,121.0
146870,11.897309929467154,1,2,0,3,0,4,0,146870,101.0
135861,11.8193949436733,0,0,1,5,1,0,0,135861,64.0
262228,12.476973446789161,1,1,3,1,8,2,1,262228,34.0
345691,12.753303484189821,0,1,1,3,1,3,3,345691,91.0
252042,12.437354986857713,1,0,2,0,2,3,3,252042,105.0
321153,12.679676037847358,0,0,3,0,3,2,3,321153,94.0
60675,11.013303511711563,0,0,0,6,5,1,4,60675,80.0
388549,12.870177140637388,0,1,4,0,9,1,3,388549,132.0
154423,11.947457344907711,0,1,3,3,3,1,1,154423,94.0
50700,10.83370091325064,1,0,0,6,0,0,4,50700,59.0
131554,11.787180294107978,1,1,4,3,4,0,1,131554,50.0
458332,13.035351273141707,1,1,2,0,2,3,1,458332,147.0
467270,13.05466466812809,1,2,0,6,0,3,4,467270,89.0
370907,12.823709332401178,0,2,2,5,7,4,0,370907,105.0
322958,12.685280659163347,1,2,3,6,8,4,3,322958,113.0
405543,12.912984654665832,0,0,3,5,3,2,1,405543,76.0
184304,12.124347272969782,1,2,4,1,4,4,0,184304,117.0
277982,12.535315239723834,1,2,2,5,2,1,0,277982,107.0
9837,9.194007717355285,0,0,2,2,7,3,3,9837,56.0
273269,12.518215596406964,0,2,4,3,9,2,1,273269,86.0
346118,12.754537925545115,1,2,3,3,8,4,1,346118,68.0
372864,12.82897170281847,1,0,4,2,4,1,4,372864,87.0
106958,11.580200862442666,1,2,3,5,8,1,2,106958,80.0
440675,12.996065190531622,0,2,0,4,5,3,4,440675,117.0
42774,10.663709098760394,1,0,4,4,4,1,1,42774,70.0
370773,12.823347991553057,0,0,3,4,3,3,0,370773,94.0
235806,12.370768952819507,1,0,1,4,6,3,3,235806,99.0
83242,11.32951932022334,1,1,2,5,2,0,1,83242,64.0
437361,12.988516506450322,0,0,1,1,1,4,4,437361,109.0
379027,12.84536535996364,0,1,2,5,7,4,0,379027,95.0
33298,10.413282645487595,1,1,3,6,8,3,1,33298,33.0
433410,12.97944174847297,1,0,0,5,0,1,4,433410,100.0
421705,12.952063667757692,0,1,0,4,5,1,0,421705,120.0
402838,12.906292257383864,1,1,3,2,8,4,2,402838,89.0
58801,10.98193114691371,0,1,1,1,1,0,2,58801,85.0
253987,12.445042300790147,0,1,2,6,7,2,3,253987,89.0
366806,12.812591103151815,1,2,1,6,6,2,3,366806,102.0
23497,10.064670590127518,0,1,2,5,7,2,4,23497,79.0
79641,11.285296870871345,0,0,1,2,1,2,1,79641,84.0
463674,13.046939154757487,1,0,4,1,4,2,2,463674,103.0
439479,12.993347488814818,0,0,4,5,9,0,0,439479,116.0
70158,11.158519373808797,1,0,3,4,8,1,1,70158,49.0
343985,12.748356237852944,0,2,0,5,5,0,1,343985,125.0
34355,10.444531954886115,0,2,0,6,5,1,2,34355,51.0
175984,12.07815404311551,1,1,4,4,4,3,3,175984,108.0
362948,12.80201760750875,1,2,3,5,8,1,0,362948,91.0
323105,12.685735721742303,0,2,0,6,5,2,3,323105,104.0
53492,10.887306083202157,1,2,2,5,2,1,2,53492,73.0
88735,11.393420948415505,0,1,0,3,5,4,0,88735,90.0
193558,12.173337654537224,1,1,3,1,8,3,2,193558,97.0
250454,12.431034542651167,1,2,4,1,4,0,3,250454,106.0
264952,12.487307730747917,1,1,2,2,2,2,0,264952,71.0
331668,12.711892762623753,1,0,3,1,8,0,4,331668,94.0
152782,11.936773892980586,1,1,2,0,2,1,3,152782,81.0
241116,12.393037571845296,1,0,1,1,6,0,1,241116,124.0
334013,12.718938187248044,0,2,3,1,3,0,0,334013,88.0
443257,13.00190727227894,0,1,2,3,7,4,3,443257,110.0
484172,13.090197559849548,1,2,2,3,2,0,3,484172,116.0
183371,12.119272155393258,0,2,1,6,1,0,3,183371,86.0
417569,12.942207473889557,0,2,4,5,9,3,4,417569,114.0
79372,11.281913539027153,1,1,2,6,2,2,4,79372,72.0
475374,13.071859245230561,1,0,4,4,4,4,3,475374,99.0
486234,13.094447325109925,1,0,4,0,4,0,3,486234,132.0
9797,9.18993356219852,0,2,2,4,7,2,1,9797,46.0
433565,12.979799312748959,0,2,0,6,5,1,3,433565,119.0
215497,12.280706907740413,0,1,2,2,7,0,4,215497,91.0
18125,9.805102650614726,0,2,0,2,5,2,0,18125,59.0
448215,13.013030538060745,0,0,0,5,5,1,2,448215,128.0
180911,12.105766004175026,0,2,1,3,1,1,3,180911,83.0
30335,10.320090405054748,0,2,0,4,5,2,0,30335,91.0
73713,11.207948019431882,0,0,3,3,3,2,0,73713,99.0
228582,12.339654661873293,1,0,2,4,2,1,3,228582,126.0
42960,10.668048006379243,1,0,0,1,0,4,0,42960,80.0
136698,11.82553670739633,1,0,3,2,8,0,2,136698,83.0
316072,12.663728478547961,1,1,2,1,2,4,2,316072,91.0
317810,12.669212145449865,1,2,0,3,0,3,4,317810,104.0
216643,12.286010732346524,0,1,3,0,3,2,2,216643,93.0
351500,12.769967835179024,1,2,0,2,0,1,2,351500,103.0
51185,10.84322133613675,0,2,0,1,5,4,4,51185,88.0
405484,12.912839160484726,1,1,4,2,4,2,0,405484,121.0
450573,13.018277604472203,0,0,3,4,3,0,2,450573,90.0
144295,11.879622024350034,0,1,0,4,5,3,4,144295,84.0
486127,13.094227242691256,0,1,2,5,7,2,0,486127,136.0
136832,11.82651648314995,1,2,2,3,2,3,3,136832,60.0
440141,12.994852681101927,0,2,1,2,1,3,1,440141,125.0
74701,11.22126214452421,0,1,1,4,1,3,0,74701,73.0
208235,12.246427330878504,0,2,0,6,5,1,4,208235,101.0
397374,12.892635698213104,1,0,4,5,4,2,4,397374,70.0
320193,12.676682341080618,0,0,3,6,3,2,3,320193,90.0
52303,10.864828128963993,0,1,3,6,3,3,4,52303,71.0
214098,12.274193803852247,1,0,3,3,8,3,3,214098,75.0
214237,12.274842825556556,0,1,2,2,7,1,2,214237,89.0
319361,12.674080534610678,0,2,1,0,1,3,4,319361,114.0
189054,12.149793256998958,1,0,4,5,4,2,1,189054,100.0
38303,10.553309608357699,0,2,3,6,3,0,0,38303,72.0
147000,11.898194668458823,1,0,0,0,0,0,0,147000,93.0
82717,11.323192511500254,0,1,2,5,7,2,1,82717,64.0
121778,11.709963205599864,1,2,3,6,8,2,2,121778,113.0
7629,8.939843124278502,0,0,4,6,9,3,0,7629,68.0
328751,12.703058946105797,0,2,1,3,1,4,3,328751,63.0
260863,12.471754477702287,0,1,3,1,3,4,0,260863,151.0
17499,9.769956159911606,0,0,4,6,9,2,0,17499,45.0
39349,10.58025125384555,0,1,4,2,9,3,1,39349,73.0
315406,12.661619147304107,1,1,1,0,6,3,4,315406,72.0
294461,12.592905241490335,0,2,1,6,1,2,0,294461,113.0
446954,13.010213197387086,1,2,4,4,4,4,2,446954,117.0
277654,12.534134614791416,1,1,4,6,4,1,4,277654,87.0
446829,13.009933488059195,0,0,4,5,9,1,2,446829,111.0
465129,13.050072215389585,0,0,4,0,9,3,0,465129,105.0
288883,12.57378050243537,0,1,3,0,3,3,0,288883,81.0
212341,12.265953461379757,0,1,1,3,1,1,3,212341,116.0
480657,13.082911277483195,0,0,2,2,7,3,0,480657,116.0
324262,12.68931019389621,1,1,2,1,2,0,4,324262,106.0
379429,12.846425405576301,0,1,4,1,9,2,1,379429,99.0
465454,13.050770700779344,1,1,4,3,4,2,2,465454,104.0
421806,12.952303142432019,1,0,1,0,6,0,0,421806,131.0
84621,11.345949559069204,0,0,1,5,1,0,1,84621,70.0
52517,10.868911246960494,0,2,2,3,7,3,3,52517,73.0
417315,12.941599007565204,0,0,0,3,5,0,4,417315,107.0
231480,12.352253075706091,1,0,0,4,0,2,3,231480,78.0
333479,12.71733817252455,0,2,4,6,9,1,4,333479,90.0
366377,12.811420866311297,0,2,2,4,7,0,0,366377,106.0
10012,9.211639527707803,1,1,2,2,2,4,3,10012,56.0
310184,12.644924172655971,1,2,4,0,4,3,4,310184,111.0
34361,10.444706581621912,0,2,1,5,1,0,4,34361,53.0
405925,12.91392615596155,0,1,0,2,5,4,1,405925,91.0
291665,12.583364590954744,0,2,0,3,5,2,0,291665,93.0
23250,10.054103420843255,1,0,0,3,0,4,0,23250,72.0
175371,12.074664711057451,0,0,1,0,1,0,0,175371,87.0
294396,12.592684475567546,1,0,1,4,6,2,0,294396,126.0
254738,12.447994770564875,1,2,3,1,8,1,0,254738,106.0
79655,11.285472642067921,0,2,0,2,5,4,1,79655,86.0
230161,12.346538687794904,0,1,1,1,1,3,0,230161,76.0
479703,13.080924526000313,0,0,3,0,3,4,3,479703,117.0
6136,8.722091302389098,1,1,1,4,6,0,3,6136,73.0
76423,11.244052061949844,0,1,3,4,3,4,0,76423,67.0
395465,12.887820095364246,0,2,0,0,5,3,3,395465,69.0
82118,11.315924693757216,1,2,3,1,8,3,1,82118,52.0
155119,11.951954289916534,0,1,4,6,9,1,2,155119,109.0
470238,13.060996355076819,1,0,3,6,8,3,1,470238,120.0
293607,12.590000823307681,0,0,2,6,7,3,3,293607,110.0
133705,11.80339863867249,0,1,0,5,5,0,3,133705,52.0
36352,10.50103201050528,1,1,2,1,2,4,4,36352,49.0
79063,11.27801293005602,0,1,3,5,3,3,0,79063,81.0
212134,12.264978143440699,1,1,4,6,4,0,2,212134,104.0
376583,12.838896408907013,0,2,3,4,3,2,0,376583,127.0
466245,13.05246867081489,0,0,0,3,5,0,1,466245,110.0
430349,12.972354110077621,0,2,4,3,9,1,2,430349,83.0
141043,11.856827177418317,0,1,3,0,3,1,4,141043,82.0
211374,12.261389086200882,1,0,4,2,4,1,1,211374,106.0
357458,12.786775949224651,1,2,3,3,8,4,2,357458,103.0
474516,13.070052723576854,1,0,1,0,6,4,1,474516,129.0
347109,12.757397011576042,0,0,4,0,9,4,3,347109,107.0
333613,12.717739915013022,0,1,3,0,3,4,2,333613,93.0
85541,11.356762762382015,0,2,1,1,1,0,2,85541,75.0
311878,12.650370571056975,1,1,3,0,8,0,1,311878,72.0
444356,13.004383572390125,1,2,1,3,6,0,1,444356,116.0
438413,12.990918948412624,0,2,3,3,3,0,3,438413,96.0
119399,11.690234479940639,0,2,4,0,9,3,2,119399,90.0
173369,12.063183317979933,0,2,4,0,9,4,1,173369,84.0
50474,10.829233443181039,1,2,4,4,4,0,1,50474,63.0
42574,10.659022505530888,1,1,4,0,4,1,0,42574,67.0
162914,12.000983871382246,1,2,4,3,4,0,2,162914,98.0
249221,12.426099344502777,0,2,1,0,1,3,3,249221,110.0
30844,10.336729941643739,1,1,4,2,4,4,4,30844,79.0
72015,11.184643595532714,0,0,0,6,5,1,4,72015,68.0
119276,11.689203798216898,1,2,1,3,6,4,3,119276,98.0
308696,12.640115492270045,1,2,1,3,6,2,0,308696,106.0
359290,12.791887924082069,1,1,0,1,0,4,0,359290,133.0
496743,13.1158300818308,0,0,3,2,3,4,0,496743,113.0
30514,10.325973644978596,1,1,4,1,4,0,4,30514,85.0
290299,12.578670150012721,0,1,4,2,9,3,3,290299,113.0
435196,12.983554081117758,1,1,1,6,6,0,2,435196,119.0
357955,12.788165352801462,0,1,0,3,5,2,1,357955,109.0
4378,8.384575666801398,1,1,3,3,8,0,1,4378,33.0
421438,12.95143032471723,1,1,3,3,8,3,2,421438,119.0
470512,13.061578867806524,1,1,2,0,2,1,1,470512,126.0
368065,12.816017548896257,0,1,0,5,5,3,1,368065,113.0
212755,12.267901248153107,0,1,0,4,5,1,0,212755,112.0
154143,11.945642509429947,0,0,3,3,3,4,1,154143,83.0
208118,12.245865310472459,1,2,3,1,8,3,2,208118,103.0
477247,13.075791550903467,0,1,2,1,7,1,3,477247,102.0
182446,12.11421499886835,1,1,1,5,6,2,2,182446,84.0
471530,13.063740126508367,1,2,0,3,0,2,1,471530,117.0
