slot_base,slot_base_abs_log1p,slot_base_is_even,slot_base_mod3,slot_base_mod5,slot_base_mod7,slot_base_mod10,slot_u_num,slot_u_num_abs_log1p,slot_u_num_is_even,slot_u_num_mod3,slot_u_num_mod5,slot_u_num_mod7,slot_u_num_mod10,slot_u_den,slot_u_den_abs_log1p,slot_u_den_is_even,slot_u_den_mod3,slot_u_den_mod5,slot_u_den_mod7,slot_u_den_mod10,slot_v_num,slot_v_num_abs_log1p,slot_v_num_is_even,slot_v_num_mod3,slot_v_num_mod5,slot_v_num_mod7,slot_v_num_mod10,slot_v_den,slot_v_den_abs_log1p,slot_v_den_is_even,slot_v_den_mod3,slot_v_den_mod5,slot_v_den_mod7,slot_v_den_mod10,slot_w_num,slot_w_num_abs_log1p,slot_w_num_is_even,slot_w_num_mod3,slot_w_num_mod5,slot_w_num_mod7,slot_w_num_mod10,slot_w_den,slot_w_den_abs_log1p,slot_w_den_is_even,slot_w_den_mod3,slot_w_den_mod5,slot_w_den_mod7,slot_w_den_mod10,slot_p,slot_p_abs_log1p,slot_p_is_even,slot_p_mod3,slot_p_mod5,slot_p_mod7,slot_p_mod10,slot_q,slot_q_abs_log1p,slot_q_is_even,slot_q_mod3,slot_q_mod5,slot_q_mod7,slot_q_mod10,slot_r,slot_r_abs_log1p,slot_r_is_even,slot_r_mod3,slot_r_mod5,slot_r_mod7,slot_r_mod10,gcd_all,n_multiple_pairs,y
7,2.0794415416798357,0,1,2,0,7,2,1.0986122886681098,1,2,2,2,2,4,1.6094379124341003,1,1,4,4,4,1,0.6931471805599453,0,1,1,1,1,2,1.0986122886681098,1,2,2,2,2,9,2.302585092994046,0,0,4,2,9,12,2.5649493574615367,1,0,2,5,2,8,2.1972245773362196,1,2,3,1,8,3,1.3862943611198906,0,0,3,3,3,6,1.9459101490553132,1,0,1,6,6,1,24,87.0
6,1.9459101490553132,1,0,1,6,6,6,1.9459101490553132,1,0,1,6,6,7,2.0794415416798357,0,1,2,0,7,3,1.3862943611198906,0,0,3,3,3,6,1.9459101490553132,1,0,1,6,6,7,2.0794415416798357,0,1,2,0,7,10,2.3978952727983707,1,1,0,3,0,4,1.6094379124341003,1,1,4,4,4,7,2.0794415416798357,0,1,2,0,7,3,1.3862943611198906,0,0,3,3,3,1,13,381.0
6,1.9459101490553132,1,0,1,6,6,2,1.0986122886681098,1,2,2,2,2,9,2.302585092994046,0,0,4,2,9,2,1.0986122886681098,1,2,2,2,2,5,1.791759469228055,0,2,0,5,5,1,0.6931471805599453,0,1,1,1,1,6,1.9459101490553132,1,0,1,6,6,6,1.9459101490553132,1,0,1,6,6,6,1.9459101490553132,1,0,1,6,6,4,1.6094379124341003,1,1,4,4,4,1,26,46.0
5,1.791759469228055,0,2,0,5,5,4,1.6094379124341003,1,1,4,4,4,8,2.1972245773362196,1,2,3,1,8,2,1.0986122886681098,1,2,2,2,2,3,1.3862943611198906,0,0,3,3,3,1,0.6931471805599453,0,1,1,1,1,2,1.0986122886681098,1,2,2,2,2,7,2.0794415416798357,0,1,2,0,7,8,2.1972245773362196,1,2,3,1,8,1,0.6931471805599453,0,1,1,1,1,1,27,29.0
7,2.0794415416798357,0,1,2,0,7,4,1.6094379124341003,1,1,4,4,4,6,1.9459101490553132,1,0,1,6,6,6,1.9459101490553132,1,0,1,6,6,8,2.1972245773362196,1,2,3,1,8,3,1.3862943611198906,0,0,3,3,3,6,1.9459101490553132,1,0,1,6,6,7,2.0794415416798357,0,1,2,0,7,5,1.791759469228055,0,2,0,5,5,4,1.6094379124341003,1,1,4,4,4,1,10,89.0
5,1.791759469228055,0,2,0,5,5,5,1.791759469228055,0,2,0,5,5,8,2.1972245773362196,1,2,3,1,8,1,0.6931471805599453,0,1,1,1,1,3,1.3862943611198906,0,0,3,3,3,5,1.791759469228055,0,2,0,5,5,6,1.9459101490553132,1,0,1,6,6,2,1.0986122886681098,1,2,2,2,2,2,1.0986122886681098,1,2,2,2,2,3,1.3862943611198906,0,0,3,3,3,1,20,81.0
7,2.0794415416798357,0,1,2,0,7,3,1.3862943611198906,0,0,3,3,3,4,1.6094379124341003,1,1,4,4,4,5,1.791759469228055,0,2,0,5,5,8,2.1972245773362196,1,2,3,1,8,5,1.791759469228055,0,2,0,5,5,10,2.3978952727983707,1,1,0,3,0,8,2.1972245773362196,1,2,3,1,8,2,1.0986122886681098,1,2,2,2,2,8,2.1972245773362196,1,2,3,1,8,1,14,49.0
2,1.0986122886681098,1,2,2,2,2,1,0.6931471805599453,0,1,1,1,1,11,2.4849066497880004,0,2,1,4,1,1,0.6931471805599453,0,1,1,1,1,2,1.0986122886681098,1,2,2,2,2,2,1.0986122886681098,1,2,2,2,2,8,2.1972245773362196,1,2,3,1,8,4,1.6094379124341003,1,1,4,4,4,8,2.1972245773362196,1,2,3,1,8,2,1.0986122886681098,1,2,2,2,2,1,38,49.0
4,1.6094379124341003,1,1,4,4,4,1,0.6931471805599453,0,1,1,1,1,7,2.0794415416798357,0,1,2,0,7,5,1.791759469228055,0,2,0,5,5,11,2.4849066497880004,0,2,1,4,1,1,0.6931471805599453,0,1,1,1,1,3,1.3862943611198906,0,0,3,3,3,2,1.0986122886681098,1,2,2,2,2,5,1.791759469228055,0,2,0,5,5,8,2.1972245773362196,1,2,3,1,8,1,21,1240.0
11,2.4849066497880004,0,2,1,4,1,1,0.6931471805599453,0,1,1,1,1,10,2.3978952727983707,1,1,0,3,0,10,2.3978952727983707,1,1,0,3,0,12,2.5649493574615367,1,0,2,5,2,10,2.3978952727983707,1,1,0,3,0,12,2.5649493574615367,1,0,2,5,2,4,1.6094379124341003,1,1,4,4,4,8,2.1972245773362196,1,2,3,1,8,3,1.3862943611198906,0,0,3,3,3,1,18,142.0
9,2.302585092994046,0,0,4,2,9,9,2.302585092994046,0,0,4,2,9,11,2.4849066497880004,0,2,1,4,1,11,2.4849066497880004,0,2,1,4,1,12,2.5649493574615367,1,0,2,5,2,7,2.0794415416798357,0,1,2,0,7,11,2.4849066497880004,0,2,1,4,1,7,2.0794415416798357,0,1,2,0,7,1,0.6931471805599453,0,1,1,1,1,6,1.9459101490553132,1,0,1,6,6,1,15,3265.0
12,2.5649493574615367,1,0,2,5,2,8,2.1972245773362196,1,2,3,1,8,12,2.5649493574615367,1,0,2,5,2,2,1.0986122886681098,1,2,2,2,2,5,1.791759469228055,0,2,0,5,5,4,1.6094379124341003,1,1,4,4,4,6,1.9459101490553132,1,0,1,6,6,3,1.3862943611198906,0,0,3,3,3,5,1.791759469228055,0,2,0,5,5,1,0.6931471805599453,0,1,1,1,1,1,24,97.0
12,2.5649493574615367,1,0,2,5,2,7,2.0794415416798357,0,1,2,0,7,12,2.5649493574615367,1,0,2,5,2,6,1.9459101490553132,1,0,1,6,6,11,2.4849066497880004,0,2,1,4,1,2,1.0986122886681098,1,2,2,2,2,3,1.3862943611198906,0,0,3,3,3,5,1.791759469228055,0,2,0,5,5,4,1.6094379124341003,1,1,4,4,4,6,1.9459101490553132,1,0,1,6,6,1,17,119.0
7,2.0794415416798357,0,1,2,0,7,1,0.6931471805599453,0,1,1,1,1,3,1.3862943611198906,0,0,3,3,3,3,1.3862943611198906,0,0,3,3,3,5,1.791759469228055,0,2,0,5,5,3,1.3862943611198906,0,0,3,3,3,5,1.791759469228055,0,2,0,5,5,3,1.3862943611198906,0,0,3,3,3,8,2.1972245773362196,1,2,3,1,8,6,1.9459101490553132,1,0,1,6,6,1,20,28.0
2,1.0986122886681098,1,2,2,2,2,9,2.302585092994046,0,0,4,2,9,12,2.5649493574615367,1,0,2,5,2,5,1.791759469228055,0,2,0,5,5,6,1.9459101490553132,1,0,1,6,6,7,2.0794415416798357,0,1,2,0,7,8,2.1972245773362196,1,2,3,1,8,1,0.6931471805599453,0,1,1,1,1,8,2.1972245773362196,1,2,3,1,8,6,1.9459101490553132,1,0,1,6,6,1,18,629.0
11,2.4849066497880004,0,2,1,4,1,3,1.3862943611198906,0,0,3,3,3,10,2.3978952727983707,1,1,0,3,0,3,1.3862943611198906,0,0,3,3,3,6,1.9459101490553132,1,0,1,6,6,3,1.3862943611198906,0,0,3,3,3,11,2.4849066497880004,0,2,1,4,1,8,2.1972245773362196,1,2,3,1,8,6,1.9459101490553132,1,0,1,6,6,3,1.3862943611198906,0,0,3,3,3,1,16,771.0
2,1.0986122886681098,1,2,2,2,2,1,0.6931471805599453,0,1,1,1,1,3,1.3862943611198906,0,0,3,3,3,4,1.6094379124341003,1,1,4,4,4,5,1.791759469228055,0,2,0,5,5,2,1.0986122886681098,1,2,2,2,2,11,2.4849066497880004,0,2,1,4,1,7,2.0794415416798357,0,1,2,0,7,3,1.3862943611198906,0,0,3,3,3,3,1.3862943611198906,0,0,3,3,3,1,15,76.0
6,1.9459101490553132,1,0,1,6,6,1,0.6931471805599453,0,1,1,1,1,6,1.9459101490553132,1,0,1,6,6,1,0.6931471805599453,0,1,1,1,1,2,1.0986122886681098,1,2,2,2,2,1,0.6931471805599453,0,1,1,1,1,9,2.302585092994046,0,0,4,2,9,8,2.1972245773362196,1,2,3,1,8,6,1.9459101490553132,1,0,1,6,6,6,1.9459101490553132,1,0,1,6,6,1,35,113.0
3,1.3862943611198906,0,0,3,3,3,4,1.6094379124341003,1,1,4,4,4,8,2.1972245773362196,1,2,3,1,8,1,0.6931471805599453,0,1,1,1,1,2,1.0986122886681098,1,2,2,2,2,1,0.6931471805599453,0,1,1,1,1,5,1.791759469228055,0,2,0,5,5,7,2.0794415416798357,0,1,2,0,7,4,1.6094379124341003,1,1,4,4,4,4,1.6094379124341003,1,1,4,4,4,1,27,137.0
4,1.6094379124341003,1,1,4,4,4,3,1.3862943611198906,0,0,3,3,3,8,2.1972245773362196,1,2,3,1,8,1,0.6931471805599453,0,1,1,1,1,3,1.3862943611198906,0,0,3,3,3,3,1.3862943611198906,0,0,3,3,3,8,2.1972245773362196,1,2,3,1,8,7,2.0794415416798357,0,1,2,0,7,6,1.9459101490553132,1,0,1,6,6,5,1.791759469228055,0,2,0,5,5,1,18,15.0
12,2.5649493574615367,1,0,2,5,2,5,1.791759469228055,0,2,0,5,5,12,2.5649493574615367,1,0,2,5,2,3,1.3862943611198906,0,0,3,3,3,5,1.791759469228055,0,2,0,5,5,5,1.791759469228055,0,2,0,5,5,6,1.9459101490553132,1,0,1,6,6,1,0.6931471805599453,0,1,1,1,1,7,2.0794415416798357,0,1,2,0,7,4,1.6094379124341003,1,1,4,4,4,1,20,65.0
2,1.0986122886681098,1,2,2,2,2,8,2.1972245773362196,1,2,3,1,8,10,2.3978952727983707,1,1,0,3,0,7,2.0794415416798357,0,1,2,0,7,11,2.4849066497880004,0,2,1,4,1,1,0.6931471805599453,0,1,1,1,1,11,2.4849066497880004,0,2,1,4,1,2,1.0986122886681098,1,2,2,2,2,7,2.0794415416798357,0,1,2,0,7,2,1.0986122886681098,1,2,2,2,2,1,20,691.0
7,2.0794415416798357,0,1,2,0,7,3,1.3862943611198906,0,0,3,3,3,4,1.6094379124341003,1,1,4,4,4,2,1.0986122886681098,1,2,2,2,2,3,1.3862943611198906,0,0,3,3,3,1,0.6931471805599453,0,1,1,1,1,12,2.5649493574615367,1,0,2,5,2,5,1.791759469228055,0,2,0,5,5,8,2.1972245773362196,1,2,3,1,8,5,1.791759469228055,0,2,0,5,5,1,18,39.0
7,2.0794415416798357,0,1,2,0,7,2,1.0986122886681098,1,2,2,2,2,11,2.4849066497880004,0,2,1,4,1,1,0.6931471805599453,0,1,1,1,1,2,1.0986122886681098,1,2,2,2,2,7,2.0794415416798357,0,1,2,0,7,12,2.5649493574615367,1,0,2,5,2,7,2.0794415416798357,0,1,2,0,7,7,2.0794415416798357,0,1,2,0,7,2,1.0986122886681098,1,2,2,2,2,1,21,269.0
6,1.9459101490553132,1,0,1,6,6,1,0.6931471805599453,0,1,1,1,1,10,2.3978952727983707,1,1,0,3,0,3,1.3862943611198906,0,0,3,3,3,4,1.6094379124341003,1,1,4,4,4,2,1.0986122886681098,1,2,2,2,2,7,2.0794415416798357,0,1,2,0,7,8,2.1972245773362196,1,2,3,1,8,7,2.0794415416798357,0,1,2,0,7,1,0.6931471805599453,0,1,1,1,1,1,24,1937.0
9,2.302585092994046,0,0,4,2,9,3,1.3862943611198906,0,0,3,3,3,5,1.791759469228055,0,2,0,5,5,3,1.3862943611198906,0,0,3,3,3,7,2.0794415416798357,0,1,2,0,7,7,2.0794415416798357,0,1,2,0,7,10,2.3978952727983707,1,1,0,3,0,7,2.0794415416798357,0,1,2,0,7,4,1.6094379124341003,1,1,4,4,4,4,1.6094379124341003,1,1,4,4,4,1,8,269.0
2,1.0986122886681098,1,2,2,2,2,2,1.0986122886681098,1,2,2,2,2,6,1.9459101490553132,1,0,1,6,6,6,1.9459101490553132,1,0,1,6,6,8,2.1972245773362196,1,2,3,1,8,7,2.0794415416798357,0,1,2,0,7,12,2.5649493574615367,1,0,2,5,2,7,2.0794415416798357,0,1,2,0,7,5,1.791759469228055,0,2,0,5,5,3,1.3862943611198906,0,0,3,3,3,1,16,115.0
8,2.1972245773362196,1,2,3,1,8,1,0.6931471805599453,0,1,1,1,1,3,1.3862943611198906,0,0,3,3,3,1,0.6931471805599453,0,1,1,1,1,3,1.3862943611198906,0,0,3,3,3,1,0.6931471805599453,0,1,1,1,1,2,1.0986122886681098,1,2,2,2,2,6,1.9459101490553132,1,0,1,6,6,8,2.1972245773362196,1,2,3,1,8,2,1.0986122886681098,1,2,2,2,2,1,35,15.0
10,2.3978952727983707,1,1,0,3,0,1,0.6931471805599453,0,1,1,1,1,11,2.4849066497880004,0,2,1,4,1,5,1.791759469228055,0,2,0,5,5,6,1.9459101490553132,1,0,1,6,6,1,0.6931471805599453,0,1,1,1,1,3,1.3862943611198906,0,0,3,3,3,4,1.6094379124341003,1,1,4,4,4,8,2.1972245773362196,1,2,3,1,8,8,2.1972245773362196,1,2,3,1,8,1,22,96.0
2,1.0986122886681098,1,2,2,2,2,3,1.3862943611198906,0,0,3,3,3,11,2.4849066497880004,0,2,1,4,1,3,1.3862943611198906,0,0,3,3,3,4,1.6094379124341003,1,1,4,4,4,2,1.0986122886681098,1,2,2,2,2,3,1.3862943611198906,0,0,3,3,3,1,0.6931471805599453,0,1,1,1,1,4,1.6094379124341003,1,1,4,4,4,5,1.791759469228055,0,2,0,5,5,1,18,811.0
6,1.9459101490553132,1,0,1,6,6,1,0.6931471805599453,0,1,1,1,1,5,1.791759469228055,0,2,0,5,5,3,1.3862943611198906,0,0,3,3,3,12,2.5649493574615367,1,0,2,5,2,2,1.0986122886681098,1,2,2,2,2,8,2.1972245773362196,1,2,3,1,8,6,1.9459101490553132,1,0,1,6,6,4,1.6094379124341003,1,1,4,4,4,1,0.6931471805599453,0,1,1,1,1,1,30,29.0
5,1.791759469228055,0,2,0,5,5,3,1.3862943611198906,0,0,3,3,3,11,2.4849066497880004,0,2,1,4,1,5,1.791759469228055,0,2,0,5,5,6,1.9459101490553132,1,0,1,6,6,3,1.3862943611198906,0,0,3,3,3,4,1.6094379124341003,1,1,4,4,4,1,0.6931471805599453,0,1,1,1,1,4,1.6094379124341003,1,1,4,4,4,2,1.0986122886681098,1,2,2,2,2,1,17,435.0
11,2.4849066497880004,0,2,1,4,1,2,1.0986122886681098,1,2,2,2,2,10,2.3978952727983707,1,1,0,3,0,3,1.3862943611198906,0,0,3,3,3,6,1.9459101490553132,1,0,1,6,6,1,0.6931471805599453,0,1,1,1,1,9,2.302585092994046,0,0,4,2,9,4,1.6094379124341003,1,1,4,4,4,8,2.1972245773362196,1,2,3,1,8,8,2.1972245773362196,1,2,3,1,8,1,19,94.0
9,2.302585092994046,0,0,4,2,9,3,1.3862943611198906,0,0,3,3,3,6,1.9459101490553132,1,0,1,6,6,6,1.9459101490553132,1,0,1,6,6,12,2.5649493574615367,1,0,2,5,2,2,1.0986122886681098,1,2,2,2,2,12,2.5649493574615367,1,0,2,5,2,4,1.6094379124341003,1,1,4,4,4,4,1.6094379124341003,1,1,4,4,4,3,1.3862943611198906,0,0,3,3,3,1,28,31.0
10,2.3978952727983707,1,1,0,3,0,2,1.0986122886681098,1,2,2,2,2,4,1.6094379124341003,1,1,4,4,4,3,1.3862943611198906,0,0,3,3,3,5,1.791759469228055,0,2,0,5,5,3,1.3862943611198906,0,0,3,3,3,4,1.6094379124341003,1,1,4,4,4,5,1.791759469228055,0,2,0,5,5,6,1.9459101490553132,1,0,1,6,6,1,0.6931471805599453,0,1,1,1,1,1,20,347.0
9,2.302585092994046,0,0,4,2,9,3,1.3862943611198906,0,0,3,3,3,5,1.791759469228055,0,2,0,5,5,2,1.0986122886681098,1,2,2,2,2,4,1.6094379124341003,1,1,4,4,4,1,0.6931471805599453,0,1,1,1,1,6,1.9459101490553132,1,0,1,6,6,1,0.6931471805599453,0,1,1,1,1,2,1.0986122886681098,1,2,2,2,2,7,2.0794415416798357,0,1,2,0,7,1,24,119.0
5,1.791759469228055,0,2,0,5,5,5,1.791759469228055,0,2,0,5,5,7,2.0794415416798357,0,1,2,0,7,6,1.9459101490553132,1,0,1,6,6,12,2.5649493574615367,1,0,2,5,2,3,1.3862943611198906,0,0,3,3,3,8,2.1972245773362196,1,2,3,1,8,8,2.1972245773362196,1,2,3,1,8,2,1.0986122886681098,1,2,2,2,2,5,1.791759469228055,0,2,0,5,5,1,11,69.0
12,2.5649493574615367,1,0,2,5,2,1,0.6931471805599453,0,1,1,1,1,6,1.9459101490553132,1,0,1,6,6,1,0.6931471805599453,0,1,1,1,1,2,1.0986122886681098,1,2,2,2,2,9,2.302585092994046,0,0,4,2,9,11,2.4849066497880004,0,2,1,4,1,8,2.1972245773362196,1,2,3,1,8,3,1.3862943611198906,0,0,3,3,3,6,1.9459101490553132,1,0,1,6,6,1,28,39.0
3,1.3862943611198906,0,0,3,3,3,1,0.6931471805599453,0,1,1,1,1,11,2.4849066497880004,0,2,1,4,1,1,0.6931471805599453,0,1,1,1,1,4,1.6094379124341003,1,1,4,4,4,3,1.3862943611198906,0,0,3,3,3,4,1.6094379124341003,1,1,4,4,4,7,2.0794415416798357,0,1,2,0,7,8,2.1972245773362196,1,2,3,1,8,1,0.6931471805599453,0,1,1,1,1,1,28,707.0
3,1.3862943611198906,0,0,3,3,3,2,1.0986122886681098,1,2,2,2,2,3,1.3862943611198906,0,0,3,3,3,4,1.6094379124341003,1,1,4,4,4,10,2.3978952727983707,1,1,0,3,0,4,1.6094379124341003,1,1,4,4,4,7,2.0794415416798357,0,1,2,0,7,8,2.1972245773362196,1,2,3,1,8,5,1.791759469228055,0,2,0,5,5,7,2.0794415416798357,0,1,2,0,7,1,10,82.0
2,1.0986122886681098,1,2,2,2,2,5,1.791759469228055,0,2,0,5,5,6,1.9459101490553132,1,0,1,6,6,8,2.1972245773362196,1,2,3,1,8,10,2.3978952727983707,1,1,0,3,0,3,1.3862943611198906,0,0,3,3,3,8,2.1972245773362196,1,2,3,1,8,4,1.6094379124341003,1,1,4,4,4,3,1.3862943611198906,0,0,3,3,3,8,2.1972245773362196,1,2,3,1,8,1,16,2807.0
8,2.1972245773362196,1,2,3,1,8,4,1.6094379124341003,1,1,4,4,4,8,2.1972245773362196,1,2,3,1,8,2,1.0986122886681098,1,2,2,2,2,3,1.3862943611198906,0,0,3,3,3,4,1.6094379124341003,1,1,4,4,4,5,1.791759469228055,0,2,0,5,5,5,1.791759469228055,0,2,0,5,5,8,2.1972245773362196,1,2,3,1,8,2,1.0986122886681098,1,2,2,2,2,1,22,331.0
11,2.4849066497880004,0,2,1,4,1,1,0.6931471805599453,0,1,1,1,1,7,2.0794415416798357,0,1,2,0,7,3,1.3862943611198906,0,0,3,3,3,5,1.791759469228055,0,2,0,5,5,1,0.6931471805599453,0,1,1,1,1,7,2.0794415416798357,0,1,2,0,7,7,2.0794415416798357,0,1,2,0,7,8,2.1972245773362196,1,2,3,1,8,8,2.1972245773362196,1,2,3,1,8,1,21,54.0
12,2.5649493574615367,1,0,2,5,2,2,1.0986122886681098,1,2,2,2,2,8,2.1972245773362196,1,2,3,1,8,5,1.791759469228055,0,2,0,5,5,9,2.302585092994046,0,0,4,2,9,2,1.0986122886681098,1,2,2,2,2,4,1.6094379124341003,1,1,4,4,4,8,2.1972245773362196,1,2,3,1,8,7,2.0794415416798357,0,1,2,0,7,6,1.9459101490553132,1,0,1,6,6,1,16,739.0
8,2.1972245773362196,1,2,3,1,8,1,0.6931471805599453,0,1,1,1,1,3,1.3862943611198906,0,0,3,3,3,5,1.791759469228055,0,2,0,5,5,12,2.5649493574615367,1,0,2,5,2,1,0.6931471805599453,0,1,1,1,1,2,1.0986122886681098,1,2,2,2,2,3,1.3862943611198906,0,0,3,3,3,5,1.791759469228055,0,2,0,5,5,7,2.0794415416798357,0,1,2,0,7,1,23,85.0
3,1.3862943611198906,0,0,3,3,3,5,1.791759469228055,0,2,0,5,5,7,2.0794415416798357,0,1,2,0,7,4,1.6094379124341003,1,1,4,4,4,9,2.302585092994046,0,0,4,2,9,3,1.3862943611198906,0,0,3,3,3,4,1.6094379124341003,1,1,4,4,4,7,2.0794415416798357,0,1,2,0,7,8,2.1972245773362196,1,2,3,1,8,5,1.791759469228055,0,2,0,5,5,1,8,2341.0
11,2.4849066497880004,0,2,1,4,1,4,1.6094379124341003,1,1,4,4,4,6,1.9459101490553132,1,0,1,6,6,1,0.6931471805599453,0,1,1,1,1,2,1.0986122886681098,1,2,2,2,2,2,1.0986122886681098,1,2,2,2,2,3,1.3862943611198906,0,0,3,3,3,4,1.6094379124341003,1,1,4,4,4,4,1.6094379124341003,1,1,4,4,4,5,1.791759469228055,0,2,0,5,5,1,22,107.0
5,1.791759469228055,0,2,0,5,5,2,1.0986122886681098,1,2,2,2,2,6,1.9459101490553132,1,0,1,6,6,3,1.3862943611198906,0,0,3,3,3,12,2.5649493574615367,1,0,2,5,2,1,0.6931471805599453,0,1,1,1,1,5,1.791759469228055,0,2,0,5,5,6,1.9459101490553132,1,0,1,6,6,4,1.6094379124341003,1,1,4,4,4,2,1.0986122886681098,1,2,2,2,2,1,26,4.0
9,2.302585092994046,0,0,4,2,9,4,1.6094379124341003,1,1,4,4,4,8,2.1972245773362196,1,2,3,1,8,5,1.791759469228055,0,2,0,5,5,6,1.9459101490553132,1,0,1,6,6,1,0.6931471805599453,0,1,1,1,1,2,1.0986122886681098,1,2,2,2,2,8,2.1972245773362196,1,2,3,1,8,4,1.6094379124341003,1,1,4,4,4,7,2.0794415416798357,0,1,2,0,7,1,20,13.0
4,1.6094379124341003,1,1,4,4,4,6,1.9459101490553132,1,0,1,6,6,8,2.1972245773362196,1,2,3,1,8,7,2.0794415416798357,0,1,2,0,7,12,2.5649493574615367,1,0,2,5,2,9,2.302585092994046,0,0,4,2,9,10,2.3978952727983707,1,1,0,3,0,3,1.3862943611198906,0,0,3,3,3,1,0.6931471805599453,0,1,1,1,1,6,1.9459101490553132,1,0,1,6,6,1,18,161.0
4,1.6094379124341003,1,1,4,4,4,6,1.9459101490553132,1,0,1,6,6,10,2.3978952727983707,1,1,0,3,0,6,1.9459101490553132,1,0,1,6,6,7,2.0794415416798357,0,1,2,0,7,4,1.6094379124341003,1,1,4,4,4,7,2.0794415416798357,0,1,2,0,7,2,1.0986122886681098,1,2,2,2,2,2,1.0986122886681098,1,2,2,2,2,8,2.1972245773362196,1,2,3,1,8,1,18,66.0
6,1.9459101490553132,1,0,1,6,6,6,1.9459101490553132,1,0,1,6,6,11,2.4849066497880004,0,2,1,4,1,1,0.6931471805599453,0,1,1,1,1,5,1.791759469228055,0,2,0,5,5,3,1.3862943611198906,0,0,3,3,3,5,1.791759469228055,0,2,0,5,5,3,1.3862943611198906,0,0,3,3,3,4,1.6094379124341003,1,1,4,4,4,2,1.0986122886681098,1,2,2,2,2,1,19,288.0
2,1.0986122886681098,1,2,2,2,2,5,1.791759469228055,0,2,0,5,5,6,1.9459101490553132,1,0,1,6,6,7,2.0794415416798357,0,1,2,0,7,11,2.4849066497880004,0,2,1,4,1,1,0.6931471805599453,0,1,1,1,1,5,1.791759469228055,0,2,0,5,5,4,1.6094379124341003,1,1,4,4,4,8,2.1972245773362196,1,2,3,1,8,1,0.6931471805599453,0,1,1,1,1,1,22,1659.0
3,1.3862943611198906,0,0,3,3,3,1,0.6931471805599453,0,1,1,1,1,6,1.9459101490553132,1,0,1,6,6,2,1.0986122886681098,1,2,2,2,2,3,1.3862943611198906,0,0,3,3,3,6,1.9459101490553132,1,0,1,6,6,8,2.1972245773362196,1,2,3,1,8,5,1.791759469228055,0,2,0,5,5,8,2.1972245773362196,1,2,3,1,8,3,1.3862943611198906,0,0,3,3,3,1,24,227.0
10,2.3978952727983707,1,1,0,3,0,3,1.3862943611198906,0,0,3,3,3,4,1.6094379124341003,1,1,4,4,4,3,1.3862943611198906,0,0,3,3,3,9,2.302585092994046,0,0,4,2,9,2,1.0986122886681098,1,2,2,2,2,6,1.9459101490553132,1,0,1,6,6,7,2.0794415416798357,0,1,2,0,7,2,1.0986122886681098,1,2,2,2,2,3,1.3862943611198906,0,0,3,3,3,1,16,145.0
9,2.302585092994046,0,0,4,2,9,11,2.4849066497880004,0,2,1,4,1,12,2.5649493574615367,1,0,2,5,2,8,2.1972245773362196,1,2,3,1,8,11,2.4849066497880004,0,2,1,4,1,11,2.4849066497880004,0,2,1,4,1,12,2.5649493574615367,1,0,2,5,2,1,0.6931471805599453,0,1,1,1,1,4,1.6094379124341003,1,1,4,4,4,4,1.6094379124341003,1,1,4,4,4,1,20,2317.0
4,1.6094379124341003,1,1,4,4,4,2,1.0986122886681098,1,2,2,2,2,11,2.4849066497880004,0,2,1,4,1,3,1.3862943611198906,0,0,3,3,3,8,2.1972245773362196,1,2,3,1,8,2,1.0986122886681098,1,2,2,2,2,7,2.0794415416798357,0,1,2,0,7,1,0.6931471805599453,0,1,1,1,1,5,1.791759469228055,0,2,0,5,5,8,2.1972245773362196,1,2,3,1,8,1,19,5823.0
8,2.1972245773362196,1,2,3,1,8,4,1.6094379124341003,1,1,4,4,4,6,1.9459101490553132,1,0,1,6,6,6,1.9459101490553132,1,0,1,6,6,10,2.3978952727983707,1,1,0,3,0,1,0.6931471805599453,0,1,1,1,1,2,1.0986122886681098,1,2,2,2,2,3,1.3862943611198906,0,0,3,3,3,2,1.0986122886681098,1,2,2,2,2,3,1.3862943611198906,0,0,3,3,3,1,27,343.0
4,1.6094379124341003,1,1,4,4,4,2,1.0986122886681098,1,2,2,2,2,6,1.9459101490553132,1,0,1,6,6,5,1.791759469228055,0,2,0,5,5,8,2.1972245773362196,1,2,3,1,8,1,0.6931471805599453,0,1,1,1,1,5,1.791759469228055,0,2,0,5,5,2,1.0986122886681098,1,2,2,2,2,3,1.3862943611198906,0,0,3,3,3,5,1.791759469228055,0,2,0,5,5,1,21,241.0
12,2.5649493574615367,1,0,2,5,2,1,0.6931471805599453,0,1,1,1,1,4,1.6094379124341003,1,1,4,4,4,2,1.0986122886681098,1,2,2,2,2,3,1.3862943611198906,0,0,3,3,3,2,1.0986122886681098,1,2,2,2,2,5,1.791759469228055,0,2,0,5,5,2,1.0986122886681098,1,2,2,2,2,2,1.0986122886681098,1,2,2,2,2,2,1.0986122886681098,1,2,2,2,2,1,31,109.0
10,2.3978952727983707,1,1,0,3,0,1,0.6931471805599453,0,1,1,1,1,10,2.3978952727983707,1,1,0,3,0,1,0.6931471805599453,0,1,1,1,1,5,1.791759469228055,0,2,0,5,5,2,1.0986122886681098,1,2,2,2,2,6,1.9459101490553132,1,0,1,6,6,1,0.6931471805599453,0,1,1,1,1,1,0.6931471805599453,0,1,1,1,1,3,1.3862943611198906,0,0,3,3,3,1,37,29.0
11,2.4849066497880004,0,2,1,4,1,4,1.6094379124341003,1,1,4,4,4,5,1.791759469228055,0,2,0,5,5,1,0.6931471805599453,0,1,1,1,1,2,1.0986122886681098,1,2,2,2,2,5,1.791759469228055,0,2,0,5,5,6,1.9459101490553132,1,0,1,6,6,1,0.6931471805599453,0,1,1,1,1,1,0.6931471805599453,0,1,1,1,1,8,2.1972245773362196,1,2,3,1,8,1,29,461.0
10,2.3978952727983707,1,1,0,3,0,5,1.791759469228055,0,2,0,5,5,7,2.0794415416798357,0,1,2,0,7,4,1.6094379124341003,1,1,4,4,4,9,2.302585092994046,0,0,4,2,9,3,1.3862943611198906,0,0,3,3,3,12,2.5649493574615367,1,0,2,5,2,1,0.6931471805599453,0,1,1,1,1,4,1.6094379124341003,1,1,4,4,4,6,1.9459101490553132,1,0,1,6,6,1,17,3403.0
12,2.5649493574615367,1,0,2,5,2,4,1.6094379124341003,1,1,4,4,4,11,2.4849066497880004,0,2,1,4,1,1,0.6931471805599453,0,1,1,1,1,5,1.791759469228055,0,2,0,5,5,1,0.6931471805599453,0,1,1,1,1,2,1.0986122886681098,1,2,2,2,2,8,2.1972245773362196,1,2,3,1,8,8,2.1972245773362196,1,2,3,1,8,5,1.791759469228055,0,2,0,5,5,1,26,953.0
11,2.4849066497880004,0,2,1,4,1,1,0.6931471805599453,0,1,1,1,1,4,1.6094379124341003,1,1,4,4,4,1,0.6931471805599453,0,1,1,1,1,2,1.0986122886681098,1,2,2,2,2,6,1.9459101490553132,1,0,1,6,6,7,2.0794415416798357,0,1,2,0,7,6,1.9459101490553132,1,0,1,6,6,8,2.1972245773362196,1,2,3,1,8,2,1.0986122886681098,1,2,2,2,2,1,28,41.0
2,1.0986122886681098,1,2,2,2,2,2,1.0986122886681098,1,2,2,2,2,3,1.3862943611198906,0,0,3,3,3,3,1.3862943611198906,0,0,3,3,3,7,2.0794415416798357,0,1,2,0,7,9,2.302585092994046,0,0,4,2,9,11,2.4849066497880004,0,2,1,4,1,1,0.6931471805599453,0,1,1,1,1,1,0.6931471805599453,0,1,1,1,1,3,1.3862943611198906,0,0,3,3,3,1,24,926.0
4,1.6094379124341003,1,1,4,4,4,2,1.0986122886681098,1,2,2,2,2,6,1.9459101490553132,1,0,1,6,6,10,2.3978952727983707,1,1,0,3,0,12,2.5649493574615367,1,0,2,5,2,1,0.6931471805599453,0,1,1,1,1,2,1.0986122886681098,1,2,2,2,2,6,1.9459101490553132,1,0,1,6,6,8,2.1972245773362196,1,2,3,1,8,6,1.9459101490553132,1,0,1,6,6,1,32,71.0
9,2.302585092994046,0,0,4,2,9,6,1.9459101490553132,1,0,1,6,6,11,2.4849066497880004,0,2,1,4,1,3,1.3862943611198906,0,0,3,3,3,4,1.6094379124341003,1,1,4,4,4,2,1.0986122886681098,1,2,2,2,2,4,1.6094379124341003,1,1,4,4,4,1,0.6931471805599453,0,1,1,1,1,6,1.9459101490553132,1,0,1,6,6,1,0.6931471805599453,0,1,1,1,1,1,26,119.0
4,1.6094379124341003,1,1,4,4,4,4,1.6094379124341003,1,1,4,4,4,9,2.302585092994046,0,0,4,2,9,7,2.0794415416798357,0,1,2,0,7,10,2.3978952727983707,1,1,0,3,0,2,1.0986122886681098,1,2,2,2,2,3,1.3862943611198906,0,0,3,3,3,1,0.6931471805599453,0,1,1,1,1,8,2.1972245773362196,1,2,3,1,8,2,1.0986122886681098,1,2,2,2,2,1,22,1309.0
12,2.5649493574615367,1,0,2,5,2,7,2.0794415416798357,0,1,2,0,7,8,2.1972245773362196,1,2,3,1,8,1,0.6931471805599453,0,1,1,1,1,3,1.3862943611198906,0,0,3,3,3,2,1.0986122886681098,1,2,2,2,2,6,1.9459101490553132,1,0,1,6,6,5,1.791759469228055,0,2,0,5,5,7,2.0794415416798357,0,1,2,0,7,8,2.1972245773362196,1,2,3,1,8,1,18,563.0
10,2.3978952727983707,1,1,0,3,0,1,0.6931471805599453,0,1,1,1,1,9,2.302585092994046,0,0,4,2,9,5,1.791759469228055,0,2,0,5,5,8,2.1972245773362196,1,2,3,1,8,1,0.6931471805599453,0,1,1,1,1,11,2.4849066497880004,0,2,1,4,1,4,1.6094379124341003,1,1,4,4,4,3,1.3862943611198906,0,0,3,3,3,8,2.1972245773362196,1,2,3,1,8,1,22,2249.0
12,2.5649493574615367,1,0,2,5,2,4,1.6094379124341003,1,1,4,4,4,11,2.4849066497880004,0,2,1,4,1,4,1.6094379124341003,1,1,4,4,4,6,1.9459101490553132,1,0,1,6,6,6,1.9459101490553132,1,0,1,6,6,11,2.4849066497880004,0,2,1,4,1,7,2.0794415416798357,0,1,2,0,7,7,2.0794415416798357,0,1,2,0,7,4,1.6094379124341003,1,1,4,4,4,1,11,346.0
2,1.0986122886681098,1,2,2,2,2,1,0.6931471805599453,0,1,1,1,1,2,1.0986122886681098,1,2,2,2,2,3,1.3862943611198906,0,0,3,3,3,12,2.5649493574615367,1,0,2,5,2,2,1.0986122886681098,1,2,2,2,2,7,2.0794415416798357,0,1,2,0,7,7,2.0794415416798357,0,1,2,0,7,7,2.0794415416798357,0,1,2,0,7,3,1.3862943611198906,0,0,3,3,3,1,21,27.0
3,1.3862943611198906,0,0,3,3,3,1,0.6931471805599453,0,1,1,1,1,12,2.5649493574615367,1,0,2,5,2,2,1.0986122886681098,1,2,2,2,2,9,2.302585092994046,0,0,4,2,9,9,2.302585092994046,0,0,4,2,9,10,2.3978952727983707,1,1,0,3,0,2,1.0986122886681098,1,2,2,2,2,4,1.6094379124341003,1,1,4,4,4,1,0.6931471805599453,0,1,1,1,1,1,29,509.0
8,2.1972245773362196,1,2,3,1,8,3,1.3862943611198906,0,0,3,3,3,7,2.0794415416798357,0,1,2,0,7,3,1.3862943611198906,0,0,3,3,3,7,2.0794415416798357,0,1,2,0,7,3,1.3862943611198906,0,0,3,3,3,7,2.0794415416798357,0,1,2,0,7,1,0.6931471805599453,0,1,1,1,1,5,1.791759469228055,0,2,0,5,5,5,1.791759469228055,0,2,0,5,5,1,16,40.0
8,2.1972245773362196,1,2,3,1,8,1,0.6931471805599453,0,1,1,1,1,4,1.6094379124341003,1,1,4,4,4,1,0.6931471805599453,0,1,1,1,1,8,2.1972245773362196,1,2,3,1,8,1,0.6931471805599453,0,1,1,1,1,3,1.3862943611198906,0,0,3,3,3,7,2.0794415416798357,0,1,2,0,7,8,2.1972245773362196,1,2,3,1,8,3,1.3862943611198906,0,0,3,3,3,1,31,11.0
11,2.4849066497880004,0,2,1,4,1,2,1.0986122886681098,1,2,2,2,2,10,2.3978952727983707,1,1,0,3,0,1,0.6931471805599453,0,1,1,1,1,2,1.0986122886681098,1,2,2,2,2,10,2.3978952727983707,1,1,0,3,0,12,2.5649493574615367,1,0,2,5,2,4,1.6094379124341003,1,1,4,4,4,1,0.6931471805599453,0,1,1,1,1,6,1.9459101490553132,1,0,1,6,6,1,31,377.0
4,1.6094379124341003,1,1,4,4,4,2,1.0986122886681098,1,2,2,2,2,4,1.6094379124341003,1,1,4,4,4,3,1.3862943611198906,0,0,3,3,3,11,2.4849066497880004,0,2,1,4,1,3,1.3862943611198906,0,0,3,3,3,6,1.9459101490553132,1,0,1,6,6,2,1.0986122886681098,1,2,2,2,2,4,1.6094379124341003,1,1,4,4,4,7,2.0794415416798357,0,1,2,0,7,1,15,285.0
5,1.791759469228055,0,2,0,5,5,7,2.0794415416798357,0,1,2,0,7,8,2.1972245773362196,1,2,3,1,8,1,0.6931471805599453,0,1,1,1,1,9,2.302585092994046,0,0,4,2,9,1,0.6931471805599453,0,1,1,1,1,4,1.6094379124341003,1,1,4,4,4,2,1.0986122886681098,1,2,2,2,2,8,2.1972245773362196,1,2,3,1,8,2,1.0986122886681098,1,2,2,2,2,1,27,493.0
8,2.1972245773362196,1,2,3,1,8,2,1.0986122886681098,1,2,2,2,2,3,1.3862943611198906,0,0,3,3,3,6,1.9459101490553132,1,0,1,6,6,10,2.3978952727983707,1,1,0,3,0,6,1.9459101490553132,1,0,1,6,6,8,2.1972245773362196,1,2,3,1,8,3,1.3862943611198906,0,0,3,3,3,5,1.791759469228055,0,2,0,5,5,7,2.0794415416798357,0,1,2,0,7,1,13,11.0
9,2.302585092994046,0,0,4,2,9,4,1.6094379124341003,1,1,4,4,4,7,2.0794415416798357,0,1,2,0,7,8,2.1972245773362196,1,2,3,1,8,9,2.302585092994046,0,0,4,2,9,10,2.3978952727983707,1,1,0,3,0,11,2.4849066497880004,0,2,1,4,1,4,1.6094379124341003,1,1,4,4,4,1,0.6931471805599453,0,1,1,1,1,6,1.9459101490553132,1,0,1,6,6,1,13,962.0
10,2.3978952727983707,1,1,0,3,0,3,1.3862943611198906,0,0,3,3,3,11,2.4849066497880004,0,2,1,4,1,1,0.6931471805599453,0,1,1,1,1,4,1.6094379124341003,1,1,4,4,4,6,1.9459101490553132,1,0,1,6,6,11,2.4849066497880004,0,2,1,4,1,7,2.0794415416798357,0,1,2,0,7,2,1.0986122886681098,1,2,2,2,2,4,1.6094379124341003,1,1,4,4,4,1,16,497.0
5,1.791759469228055,0,2,0,5,5,2,1.0986122886681098,1,2,2,2,2,8,2.1972245773362196,1,2,3,1,8,7,2.0794415416798357,0,1,2,0,7,9,2.302585092994046,0,0,4,2,9,2,1.0986122886681098,1,2,2,2,2,6,1.9459101490553132,1,0,1,6,6,1,0.6931471805599453,0,1,1,1,1,1,0.6931471805599453,0,1,1,1,1,2,1.0986122886681098,1,2,2,2,2,1,26,23.0
10,2.3978952727983707,1,1,0,3,0,6,1.9459101490553132,1,0,1,6,6,11,2.4849066497880004,0,2,1,4,1,1,0.6931471805599453,0,1,1,1,1,2,1.0986122886681098,1,2,2,2,2,4,1.6094379124341003,1,1,4,4,4,11,2.4849066497880004,0,2,1,4,1,1,0.6931471805599453,0,1,1,1,1,7,2.0794415416798357,0,1,2,0,7,1,0.6931471805599453,0,1,1,1,1,1,28,113.0
2,1.0986122886681098,1,2,2,2,2,9,2.302585092994046,0,0,4,2,9,12,2.5649493574615367,1,0,2,5,2,1,0.6931471805599453,0,1,1,1,1,3,1.3862943611198906,0,0,3,3,3,2,1.0986122886681098,1,2,2,2,2,3,1.3862943611198906,0,0,3,3,3,7,2.0794415416798357,0,1,2,0,7,6,1.9459101490553132,1,0,1,6,6,1,0.6931471805599453,0,1,1,1,1,1,30,223.0
12,2.5649493574615367,1,0,2,5,2,1,0.6931471805599453,0,1,1,1,1,5,1.791759469228055,0,2,0,5,5,2,1.0986122886681098,1,2,2,2,2,8,2.1972245773362196,1,2,3,1,8,1,0.6931471805599453,0,1,1,1,1,3,1.3862943611198906,0,0,3,3,3,4,1.6094379124341003,1,1,4,4,4,7,2.0794415416798357,0,1,2,0,7,8,2.1972245773362196,1,2,3,1,8,1,26,35.0
3,1.3862943611198906,0,0,3,3,3,8,2.1972245773362196,1,2,3,1,8,9,2.302585092994046,0,0,4,2,9,1,0.6931471805599453,0,1,1,1,1,5,1.791759469228055,0,2,0,5,5,9,2.302585092994046,0,0,4,2,9,12,2.5649493574615367,1,0,2,5,2,6,1.9459101490553132,1,0,1,6,6,7,2.0794415416798357,0,1,2,0,7,7,2.0794415416798357,0,1,2,0,7,1,16,4823.0
12,2.5649493574615367,1,0,2,5,2,6,1.9459101490553132,1,0,1,6,6,7,2.0794415416798357,0,1,2,0,7,3,1.3862943611198906,0,0,3,3,3,11,2.4849066497880004,0,2,1,4,1,2,1.0986122886681098,1,2,2,2,2,4,1.6094379124341003,1,1,4,4,4,5,1.791759469228055,0,2,0,5,5,3,1.3862943611198906,0,0,3,3,3,3,1.3862943611198906,0,0,3,3,3,1,14,513.0
6,1.9459101490553132,1,0,1,6,6,2,1.0986122886681098,1,2,2,2,2,11,2.4849066497880004,0,2,1,4,1,1,0.6931471805599453,0,1,1,1,1,6,1.9459101490553132,1,0,1,6,6,1,0.6931471805599453,0,1,1,1,1,6,1.9459101490553132,1,0,1,6,6,7,2.0794415416798357,0,1,2,0,7,6,1.9459101490553132,1,0,1,6,6,5,1.791759469228055,0,2,0,5,5,1,27,49.0
3,1.3862943611198906,0,0,3,3,3,4,1.6094379124341003,1,1,4,4,4,9,2.302585092994046,0,0,4,2,9,5,1.791759469228055,0,2,0,5,5,7,2.0794415416798357,0,1,2,0,7,8,2.1972245773362196,1,2,3,1,8,11,2.4849066497880004,0,2,1,4,1,8,2.1972245773362196,1,2,3,1,8,1,0.6931471805599453,0,1,1,1,1,4,1.6094379124341003,1,1,4,4,4,1,16,6701.0
11,2.4849066497880004,0,2,1,4,1,3,1.3862943611198906,0,0,3,3,3,9,2.302585092994046,0,0,4,2,9,9,2.302585092994046,0,0,4,2,9,10,2.3978952727983707,1,1,0,3,0,1,0.6931471805599453,0,1,1,1,1,8,2.1972245773362196,1,2,3,1,8,8,2.1972245773362196,1,2,3,1,8,5,1.791759469228055,0,2,0,5,5,8,2.1972245773362196,1,2,3,1,8,1,16,2683.0
7,2.0794415416798357,0,1,2,0,7,1,0.6931471805599453,0,1,1,1,1,11,2.4849066497880004,0,2,1,4,1,7,2.0794415416798357,0,1,2,0,7,8,2.1972245773362196,1,2,3,1,8,5,1.791759469228055,0,2,0,5,5,6,1.9459101490553132,1,0,1,6,6,1,0.6931471805599453,0,1,1,1,1,4,1.6094379124341003,1,1,4,4,4,7,2.0794415416798357,0,1,2,0,7,1,21,85.0
8,2.1972245773362196,1,2,3,1,8,3,1.3862943611198906,0,0,3,3,3,4,1.6094379124341003,1,1,4,4,4,1,0.6931471805599453,0,1,1,1,1,3,1.3862943611198906,0,0,3,3,3,6,1.9459101490553132,1,0,1,6,6,7,2.0794415416798357,0,1,2,0,7,8,2.1972245773362196,1,2,3,1,8,8,2.1972245773362196,1,2,3,1,8,6,1.9459101490553132,1,0,1,6,6,1,21,1297.0
10,2.3978952727983707,1,1,0,3,0,2,1.0986122886681098,1,2,2,2,2,3,1.3862943611198906,0,0,3,3,3,2,1.0986122886681098,1,2,2,2,2,6,1.9459101490553132,1,0,1,6,6,8,2.1972245773362196,1,2,3,1,8,11,2.4849066497880004,0,2,1,4,1,4,1.6094379124341003,1,1,4,4,4,4,1.6094379124341003,1,1,4,4,4,8,2.1972245773362196,1,2,3,1,8,1,20,109.0
8,2.1972245773362196,1,2,3,1,8,1,0.6931471805599453,0,1,1,1,1,8,2.1972245773362196,1,2,3,1,8,9,2.302585092994046,0,0,4,2,9,10,2.3978952727983707,1,1,0,3,0,2,1.0986122886681098,1,2,2,2,2,4,1.6094379124341003,1,1,4,4,4,2,1.0986122886681098,1,2,2,2,2,3,1.3862943611198906,0,0,3,3,3,7,2.0794415416798357,0,1,2,0,7,1,22,277.0
12,2.5649493574615367,1,0,2,5,2,1,0.6931471805599453,0,1,1,1,1,4,1.6094379124341003,1,1,4,4,4,5,1.791759469228055,0,2,0,5,5,9,2.302585092994046,0,0,4,2,9,3,1.3862943611198906,0,0,3,3,3,6,1.9459101490553132,1,0,1,6,6,6,1.9459101490553132,1,0,1,6,6,2,1.0986122886681098,1,2,2,2,2,8,2.1972245773362196,1,2,3,1,8,1,23,293.0
12,2.5649493574615367,1,0,2,5,2,2,1.0986122886681098,1,2,2,2,2,11,2.4849066497880004,0,2,1,4,1,3,1.3862943611198906,0,0,3,3,3,6,1.9459101490553132,1,0,1,6,6,3,1.3862943611198906,0,0,3,3,3,9,2.302585092994046,0,0,4,2,9,7,2.0794415416798357,0,1,2,0,7,3,1.3862943611198906,0,0,3,3,3,4,1.6094379124341003,1,1,4,4,4,1,17,799.0
12,2.5649493574615367,1,0,2,5,2,5,1.791759469228055,0,2,0,5,5,9,2.302585092994046,0,0,4,2,9,1,0.6931471805599453,0,1,1,1,1,7,2.0794415416798357,0,1,2,0,7,6,1.9459101490553132,1,0,1,6,6,10,2.3978952727983707,1,1,0,3,0,5,1.791759469228055,0,2,0,5,5,6,1.9459101490553132,1,0,1,6,6,2,1.0986122886681098,1,2,2,2,2,1,19,316.0
11,2.4849066497880004,0,2,1,4,1,4,1.6094379124341003,1,1,4,4,4,8,2.1972245773362196,1,2,3,1,8,4,1.6094379124341003,1,1,4,4,4,6,1.9459101490553132,1,0,1,6,6,7,2.0794415416798357,0,1,2,0,7,12,2.5649493574615367,1,0,2,5,2,4,1.6094379124341003,1,1,4,4,4,2,1.0986122886681098,1,2,2,2,2,3,1.3862943611198906,0,0,3,3,3,1,18,19.0
5,1.791759469228055,0,2,0,5,5,2,1.0986122886681098,1,2,2,2,2,6,1.9459101490553132,1,0,1,6,6,1,0.6931471805599453,0,1,1,1,1,3,1.3862943611198906,0,0,3,3,3,5,1.791759469228055,0,2,0,5,5,11,2.4849066497880004,0,2,1,4,1,4,1.6094379124341003,1,1,4,4,4,6,1.9459101490553132,1,0,1,6,6,6,1.9459101490553132,1,0,1,6,6,1,20,229.0
8,2.1972245773362196,1,2,3,1,8,2,1.0986122886681098,1,2,2,2,2,6,1.9459101490553132,1,0,1,6,6,1,0.6931471805599453,0,1,1,1,1,2,1.0986122886681098,1,2,2,2,2,5,1.791759469228055,0,2,0,5,5,9,2.302585092994046,0,0,4,2,9,1,0.6931471805599453,0,1,1,1,1,1,0.6931471805599453,0,1,1,1,1,7,2.0794415416798357,0,1,2,0,7,1,29,44.0
12,2.5649493574615367,1,0,2,5,2,5,1.791759469228055,0,2,0,5,5,6,1.9459101490553132,1,0,1,6,6,1,0.6931471805599453,0,1,1,1,1,2,1.0986122886681098,1,2,2,2,2,2,1.0986122886681098,1,2,2,2,2,9,2.302585092994046,0,0,4,2,9,2,1.0986122886681098,1,2,2,2,2,6,1.9459101490553132,1,0,1,6,6,2,1.0986122886681098,1,2,2,2,2,1,30,56.0
9,2.302585092994046,0,0,4,2,9,10,2.3978952727983707,1,1,0,3,0,11,2.4849066497880004,0,2,1,4,1,4,1.6094379124341003,1,1,4,4,4,7,2.0794415416798357,0,1,2,0,7,8,2.1972245773362196,1,2,3,1,8,11,2.4849066497880004,0,2,1,4,1,5,1.791759469228055,0,2,0,5,5,4,1.6094379124341003,1,1,4,4,4,7,2.0794415416798357,0,1,2,0,7,1,6,978.0
4,1.6094379124341003,1,1,4,4,4,1,0.6931471805599453,0,1,1,1,1,4,1.6094379124341003,1,1,4,4,4,2,1.0986122886681098,1,2,2,2,2,9,2.302585092994046,0,0,4,2,9,2,1.0986122886681098,1,2,2,2,2,8,2.1972245773362196,1,2,3,1,8,2,1.0986122886681098,1,2,2,2,2,4,1.6094379124341003,1,1,4,4,4,7,2.0794415416798357,0,1,2,0,7,1,30,33.0
4,1.6094379124341003,1,1,4,4,4,6,1.9459101490553132,1,0,1,6,6,9,2.302585092994046,0,0,4,2,9,2,1.0986122886681098,1,2,2,2,2,5,1.791759469228055,0,2,0,5,5,2,1.0986122886681098,1,2,2,2,2,8,2.1972245773362196,1,2,3,1,8,8,2.1972245773362196,1,2,3,1,8,2,1.0986122886681098,1,2,2,2,2,3,1.3862943611198906,0,0,3,3,3,1,20,367.0
3,1.3862943611198906,0,0,3,3,3,1,0.6931471805599453,0,1,1,1,1,2,1.0986122886681098,1,2,2,2,2,1,0.6931471805599453,0,1,1,1,1,2,1.0986122886681098,1,2,2,2,2,2,1.0986122886681098,1,2,2,2,2,4,1.6094379124341003,1,1,4,4,4,6,1.9459101490553132,1,0,1,6,6,8,2.1972245773362196,1,2,3,1,8,1,0.6931471805599453,0,1,1,1,1,1,38,17.0
2,1.0986122886681098,1,2,2,2,2,2,1.0986122886681098,1,2,2,2,2,3,1.3862943611198906,0,0,3,3,3,3,1.3862943611198906,0,0,3,3,3,10,2.3978952727983707,1,1,0,3,0,8,2.1972245773362196,1,2,3,1,8,11,2.4849066497880004,0,2,1,4,1,7,2.0794415416798357,0,1,2,0,7,2,1.0986122886681098,1,2,2,2,2,4,1.6094379124341003,1,1,4,4,4,1,14,1743.0
2,1.0986122886681098,1,2,2,2,2,6,1.9459101490553132,1,0,1,6,6,8,2.1972245773362196,1,2,3,1,8,5,1.791759469228055,0,2,0,5,5,7,2.0794415416798357,0,1,2,0,7,4,1.6094379124341003,1,1,4,4,4,11,2.4849066497880004,0,2,1,4,1,1,0.6931471805599453,0,1,1,1,1,3,1.3862943611198906,0,0,3,3,3,8,2.1972245773362196,1,2,3,1,8,1,17,5585.0
3,1.3862943611198906,0,0,3,3,3,4,1.6094379124341003,1,1,4,4,4,10,2.3978952727983707,1,1,0,3,0,6,1.9459101490553132,1,0,1,6,6,11,2.4849066497880004,0,2,1,4,1,5,1.791759469228055,0,2,0,5,5,8,2.1972245773362196,1,2,3,1,8,5,1.791759469228055,0,2,0,5,5,4,1.6094379124341003,1,1,4,4,4,6,1.9459101490553132,1,0,1,6,6,1,9,141.0
8,2.1972245773362196,1,2,3,1,8,4,1.6094379124341003,1,1,4,4,4,10,2.3978952727983707,1,1,0,3,0,1,0.6931471805599453,0,1,1,1,1,8,2.1972245773362196,1,2,3,1,8,9,2.302585092994046,0,0,4,2,9,12,2.5649493574615367,1,0,2,5,2,5,1.791759469228055,0,2,0,5,5,2,1.0986122886681098,1,2,2,2,2,5,1.791759469228055,0,2,0,5,5,1,21,113.0
11,2.4849066497880004,0,2,1,4,1,1,0.6931471805599453,0,1,1,1,1,11,2.4849066497880004,0,2,1,4,1,3,1.3862943611198906,0,0,3,3,3,4,1.6094379124341003,1,1,4,4,4,3,1.3862943611198906,0,0,3,3,3,10,2.3978952727983707,1,1,0,3,0,6,1.9459101490553132,1,0,1,6,6,3,1.3862943611198906,0,0,3,3,3,2,1.0986122886681098,1,2,2,2,2,1,19,1227.0
8,2.1972245773362196,1,2,3,1,8,2,1.0986122886681098,1,2,2,2,2,3,1.3862943611198906,0,0,3,3,3,1,0.6931471805599453,0,1,1,1,1,3,1.3862943611198906,0,0,3,3,3,4,1.6094379124341003,1,1,4,4,4,6,1.9459101490553132,1,0,1,6,6,5,1.791759469228055,0,2,0,5,5,5,1.791759469228055,0,2,0,5,5,2,1.0986122886681098,1,2,2,2,2,1,21,47.0
11,2.4849066497880004,0,2,1,4,1,4,1.6094379124341003,1,1,4,4,4,5,1.791759469228055,0,2,0,5,5,1,0.6931471805599453,0,1,1,1,1,2,1.0986122886681098,1,2,2,2,2,3,1.3862943611198906,0,0,3,3,3,8,2.1972245773362196,1,2,3,1,8,7,2.0794415416798357,0,1,2,0,7,4,1.6094379124341003,1,1,4,4,4,5,1.791759469228055,0,2,0,5,5,1,16,773.0
6,1.9459101490553132,1,0,1,6,6,6,1.9459101490553132,1,0,1,6,6,8,2.1972245773362196,1,2,3,1,8,1,0.6931471805599453,0,1,1,1,1,12,2.5649493574615367,1,0,2,5,2,11,2.4849066497880004,0,2,1,4,1,12,2.5649493574615367,1,0,2,5,2,8,2.1972245773362196,1,2,3,1,8,6,1.9459101490553132,1,0,1,6,6,1,0.6931471805599453,0,1,1,1,1,1,28,125.0
6,1.9459101490553132,1,0,1,6,6,2,1.0986122886681098,1,2,2,2,2,8,2.1972245773362196,1,2,3,1,8,8,2.1972245773362196,1,2,3,1,8,11,2.4849066497880004,0,2,1,4,1,5,1.791759469228055,0,2,0,5,5,9,2.302585092994046,0,0,4,2,9,5,1.791759469228055,0,2,0,5,5,5,1.791759469228055,0,2,0,5,5,4,1.6094379124341003,1,1,4,4,4,1,10,6475.0
3,1.3862943611198906,0,0,3,3,3,1,0.6931471805599453,0,1,1,1,1,5,1.791759469228055,0,2,0,5,5,3,1.3862943611198906,0,0,3,3,3,7,2.0794415416798357,0,1,2,0,7,3,1.3862943611198906,0,0,3,3,3,4,1.6094379124341003,1,1,4,4,4,1,0.6931471805599453,0,1,1,1,1,8,2.1972245773362196,1,2,3,1,8,3,1.3862943611198906,0,0,3,3,3,1,24,1773.0
6,1.9459101490553132,1,0,1,6,6,2,1.0986122886681098,1,2,2,2,2,8,2.1972245773362196,1,2,3,1,8,2,1.0986122886681098,1,2,2,2,2,9,2.302585092994046,0,0,4,2,9,1,0.6931471805599453,0,1,1,1,1,11,2.4849066497880004,0,2,1,4,1,4,1.6094379124341003,1,1,4,4,4,4,1.6094379124341003,1,1,4,4,4,2,1.0986122886681098,1,2,2,2,2,1,27,367.0
6,1.9459101490553132,1,0,1,6,6,2,1.0986122886681098,1,2,2,2,2,7,2.0794415416798357,0,1,2,0,7,4,1.6094379124341003,1,1,4,4,4,7,2.0794415416798357,0,1,2,0,7,4,1.6094379124341003,1,1,4,4,4,10,2.3978952727983707,1,1,0,3,0,6,1.9459101490553132,1,0,1,6,6,4,1.6094379124341003,1,1,4,4,4,5,1.791759469228055,0,2,0,5,5,1,12,52.0
3,1.3862943611198906,0,0,3,3,3,3,1.3862943611198906,0,0,3,3,3,4,1.6094379124341003,1,1,4,4,4,1,0.6931471805599453,0,1,1,1,1,2,1.0986122886681098,1,2,2,2,2,3,1.3862943611198906,0,0,3,3,3,12,2.5649493574615367,1,0,2,5,2,4,1.6094379124341003,1,1,4,4,4,6,1.9459101490553132,1,0,1,6,6,6,1.9459101490553132,1,0,1,6,6,1,32,37.0
5,1.791759469228055,0,2,0,5,5,8,2.1972245773362196,1,2,3,1,8,9,2.302585092994046,0,0,4,2,9,2,1.0986122886681098,1,2,2,2,2,8,2.1972245773362196,1,2,3,1,8,7,2.0794415416798357,0,1,2,0,7,10,2.3978952727983707,1,1,0,3,0,4,1.6094379124341003,1,1,4,4,4,7,2.0794415416798357,0,1,2,0,7,7,2.0794415416798357,0,1,2,0,7,1,11,4481.0
10,2.3978952727983707,1,1,0,3,0,5,1.791759469228055,0,2,0,5,5,7,2.0794415416798357,0,1,2,0,7,1,0.6931471805599453,0,1,1,1,1,9,2.302585092994046,0,0,4,2,9,3,1.3862943611198906,0,0,3,3,3,5,1.791759469228055,0,2,0,5,5,7,2.0794415416798357,0,1,2,0,7,7,2.0794415416798357,0,1,2,0,7,4,1.6094379124341003,1,1,4,4,4,1,16,3068.0
5,1.791759469228055,0,2,0,5,5,4,1.6094379124341003,1,1,4,4,4,9,2.302585092994046,0,0,4,2,9,3,1.3862943611198906,0,0,3,3,3,7,2.0794415416798357,0,1,2,0,7,2,1.0986122886681098,1,2,2,2,2,4,1.6094379124341003,1,1,4,4,4,4,1.6094379124341003,1,1,4,4,4,6,1.9459101490553132,1,0,1,6,6,7,2.0794415416798357,0,1,2,0,7,1,10,551.0
5,1.791759469228055,0,2,0,5,5,3,1.3862943611198906,0,0,3,3,3,7,2.0794415416798357,0,1,2,0,7,1,0.6931471805599453,0,1,1,1,1,6,1.9459101490553132,1,0,1,6,6,9,2.302585092994046,0,0,4,2,9,10,2.3978952727983707,1,1,0,3,0,5,1.791759469228055,0,2,0,5,5,7,2.0794415416798357,0,1,2,0,7,5,1.791759469228055,0,2,0,5,5,1,18,2059.0
6,1.9459101490553132,1,0,1,6,6,1,0.6931471805599453,0,1,1,1,1,3,1.3862943611198906,0,0,3,3,3,6,1.9459101490553132,1,0,1,6,6,12,2.5649493574615367,1,0,2,5,2,6,1.9459101490553132,1,0,1,6,6,12,2.5649493574615367,1,0,2,5,2,1,0.6931471805599453,0,1,1,1,1,3,1.3862943611198906,0,0,3,3,3,6,1.9459101490553132,1,0,1,6,6,1,45,21.0
10,2.3978952727983707,1,1,0,3,0,3,1.3862943611198906,0,0,3,3,3,10,2.3978952727983707,1,1,0,3,0,4,1.6094379124341003,1,1,4,4,4,9,2.302585092994046,0,0,4,2,9,1,0.6931471805599453,0,1,1,1,1,4,1.6094379124341003,1,1,4,4,4,7,2.0794415416798357,0,1,2,0,7,7,2.0794415416798357,0,1,2,0,7,6,1.9459101490553132,1,0,1,6,6,1,14,683.0
10,2.3978952727983707,1,1,0,3,0,9,2.302585092994046,0,0,4,2,9,10,2.3978952727983707,1,1,0,3,0,3,1.3862943611198906,0,0,3,3,3,4,1.6094379124341003,1,1,4,4,4,1,0.6931471805599453,0,1,1,1,1,5,1.791759469228055,0,2,0,5,5,4,1.6094379124341003,1,1,4,4,4,3,1.3862943611198906,0,0,3,3,3,7,2.0794415416798357,0,1,2,0,7,1,16,413.0
12,2.5649493574615367,1,0,2,5,2,1,0.6931471805599453,0,1,1,1,1,2,1.0986122886681098,1,2,2,2,2,3,1.3862943611198906,0,0,3,3,3,4,1.6094379124341003,1,1,4,4,4,11,2.4849066497880004,0,2,1,4,1,12,2.5649493574615367,1,0,2,5,2,7,2.0794415416798357,0,1,2,0,7,6,1.9459101490553132,1,0,1,6,6,3,1.3862943611198906,0,0,3,3,3,1,25,311.0
9,2.302585092994046,0,0,4,2,9,1,0.6931471805599453,0,1,1,1,1,5,1.791759469228055,0,2,0,5,5,3,1.3862943611198906,0,0,3,3,3,7,2.0794415416798357,0,1,2,0,7,7,2.0794415416798357,0,1,2,0,7,8,2.1972245773362196,1,2,3,1,8,4,1.6094379124341003,1,1,4,4,4,3,1.3862943611198906,0,0,3,3,3,5,1.791759469228055,0,2,0,5,5,1,15,3803.0
10,2.3978952727983707,1,1,0,3,0,1,0.6931471805599453,0,1,1,1,1,3,1.3862943611198906,0,0,3,3,3,1,0.6931471805599453,0,1,1,1,1,9,2.302585092994046,0,0,4,2,9,11,2.4849066497880004,0,2,1,4,1,12,2.5649493574615367,1,0,2,5,2,4,1.6094379124341003,1,1,4,4,4,2,1.0986122886681098,1,2,2,2,2,2,1.0986122886681098,1,2,2,2,2,1,27,19.0
12,2.5649493574615367,1,0,2,5,2,1,0.6931471805599453,0,1,1,1,1,5,1.791759469228055,0,2,0,5,5,7,2.0794415416798357,0,1,2,0,7,12,2.5649493574615367,1,0,2,5,2,4,1.6094379124341003,1,1,4,4,4,5,1.791759469228055,0,2,0,5,5,5,1.791759469228055,0,2,0,5,5,4,1.6094379124341003,1,1,4,4,4,4,1.6094379124341003,1,1,4,4,4,1,22,321.0
4,1.6094379124341003,1,1,4,4,4,1,0.6931471805599453,0,1,1,1,1,4,1.6094379124341003,1,1,4,4,4,1,0.6931471805599453,0,1,1,1,1,8,2.1972245773362196,1,2,3,1,8,3,1.3862943611198906,0,0,3,3,3,7,2.0794415416798357,0,1,2,0,7,2,1.0986122886681098,1,2,2,2,2,1,0.6931471805599453,0,1,1,1,1,1,0.6931471805599453,0,1,1,1,1,1,36,233.0
9,2.302585092994046,0,0,4,2,9,2,1.0986122886681098,1,2,2,2,2,3,1.3862943611198906,0,0,3,3,3,1,0.6931471805599453,0,1,1,1,1,2,1.0986122886681098,1,2,2,2,2,4,1.6094379124341003,1,1,4,4,4,6,1.9459101490553132,1,0,1,6,6,7,2.0794415416798357,0,1,2,0,7,8,2.1972245773362196,1,2,3,1,8,6,1.9459101490553132,1,0,1,6,6,1,23,167.0
4,1.6094379124341003,1,1,4,4,4,7,2.0794415416798357,0,1,2,0,7,9,2.302585092994046,0,0,4,2,9,8,2.1972245773362196,1,2,3,1,8,9,2.302585092994046,0,0,4,2,9,9,2.302585092994046,0,0,4,2,9,10,2.3978952727983707,1,1,0,3,0,8,2.1972245773362196,1,2,3,1,8,3,1.3862943611198906,0,0,3,3,3,7,2.0794415416798357,0,1,2,0,7,1,10,2971.0
9,2.302585092994046,0,0,4,2,9,3,1.3862943611198906,0,0,3,3,3,10,2.3978952727983707,1,1,0,3,0,2,1.0986122886681098,1,2,2,2,2,4,1.6094379124341003,1,1,4,4,4,1,0.6931471805599453,0,1,1,1,1,4,1.6094379124341003,1,1,4,4,4,5,1.791759469228055,0,2,0,5,5,8,2.1972245773362196,1,2,3,1,8,1,0.6931471805599453,0,1,1,1,1,1,26,219.0
5,1.791759469228055,0,2,0,5,5,2,1.0986122886681098,1,2,2,2,2,6,1.9459101490553132,1,0,1,6,6,5,1.791759469228055,0,2,0,5,5,7,2.0794415416798357,0,1,2,0,7,1,0.6931471805599453,0,1,1,1,1,12,2.5649493574615367,1,0,2,5,2,1,0.6931471805599453,0,1,1,1,1,1,0.6931471805599453,0,1,1,1,1,1,0.6931471805599453,0,1,1,1,1,1,34,179.0
9,2.302585092994046,0,0,4,2,9,8,2.1972245773362196,1,2,3,1,8,10,2.3978952727983707,1,1,0,3,0,2,1.0986122886681098,1,2,2,2,2,10,2.3978952727983707,1,1,0,3,0,4,1.6094379124341003,1,1,4,4,4,5,1.791759469228055,0,2,0,5,5,1,0.6931471805599453,0,1,1,1,1,1,0.6931471805599453,0,1,1,1,1,3,1.3862943611198906,0,0,3,3,3,1,26,19.0
12,2.5649493574615367,1,0,2,5,2,2,1.0986122886681098,1,2,2,2,2,4,1.6094379124341003,1,1,4,4,4,2,1.0986122886681098,1,2,2,2,2,5,1.791759469228055,0,2,0,5,5,2,1.0986122886681098,1,2,2,2,2,11,2.4849066497880004,0,2,1,4,1,7,2.0794415416798357,0,1,2,0,7,7,2.0794415416798357,0,1,2,0,7,7,2.0794415416798357,0,1,2,0,7,1,13,943.0
8,2.1972245773362196,1,2,3,1,8,2,1.0986122886681098,1,2,2,2,2,7,2.0794415416798357,0,1,2,0,7,2,1.0986122886681098,1,2,2,2,2,3,1.3862943611198906,0,0,3,3,3,2,1.0986122886681098,1,2,2,2,2,5,1.791759469228055,0,2,0,5,5,5,1.791759469228055,0,2,0,5,5,6,1.9459101490553132,1,0,1,6,6,3,1.3862943611198906,0,0,3,3,3,1,13,751.0
10,2.3978952727983707,1,1,0,3,0,2,1.0986122886681098,1,2,2,2,2,5,1.791759469228055,0,2,0,5,5,2,1.0986122886681098,1,2,2,2,2,6,1.9459101490553132,1,0,1,6,6,2,1.0986122886681098,1,2,2,2,2,9,2.302585092994046,0,0,4,2,9,2,1.0986122886681098,1,2,2,2,2,1,0.6931471805599453,0,1,1,1,1,6,1.9459101490553132,1,0,1,6,6,1,29,61.0
11,2.4849066497880004,0,2,1,4,1,2,1.0986122886681098,1,2,2,2,2,4,1.6094379124341003,1,1,4,4,4,1,0.6931471805599453,0,1,1,1,1,4,1.6094379124341003,1,1,4,4,4,4,1.6094379124341003,1,1,4,4,4,5,1.791759469228055,0,2,0,5,5,2,1.0986122886681098,1,2,2,2,2,4,1.6094379124341003,1,1,4,4,4,8,2.1972245773362196,1,2,3,1,8,1,30,153.0
6,1.9459101490553132,1,0,1,6,6,1,0.6931471805599453,0,1,1,1,1,3,1.3862943611198906,0,0,3,3,3,4,1.6094379124341003,1,1,4,4,4,5,1.791759469228055,0,2,0,5,5,5,1.791759469228055,0,2,0,5,5,7,2.0794415416798357,0,1,2,0,7,5,1.791759469228055,0,2,0,5,5,5,1.791759469228055,0,2,0,5,5,3,1.3862943611198906,0,0,3,3,3,1,18,956.0
4,1.6094379124341003,1,1,4,4,4,1,0.6931471805599453,0,1,1,1,1,10,2.3978952727983707,1,1,0,3,0,6,1.9459101490553132,1,0,1,6,6,7,2.0794415416798357,0,1,2,0,7,4,1.6094379124341003,1,1,4,4,4,8,2.1972245773362196,1,2,3,1,8,6,1.9459101490553132,1,0,1,6,6,7,2.0794415416798357,0,1,2,0,7,4,1.6094379124341003,1,1,4,4,4,1,17,318.0
2,1.0986122886681098,1,2,2,2,2,1,0.6931471805599453,0,1,1,1,1,12,2.5649493574615367,1,0,2,5,2,8,2.1972245773362196,1,2,3,1,8,10,2.3978952727983707,1,1,0,3,0,10,2.3978952727983707,1,1,0,3,0,12,2.5649493574615367,1,0,2,5,2,4,1.6094379124341003,1,1,4,4,4,6,1.9459101490553132,1,0,1,6,6,1,0.6931471805599453,0,1,1,1,1,1,31,179.0
7,2.0794415416798357,0,1,2,0,7,1,0.6931471805599453,0,1,1,1,1,3,1.3862943611198906,0,0,3,3,3,2,1.0986122886681098,1,2,2,2,2,4,1.6094379124341003,1,1,4,4,4,2,1.0986122886681098,1,2,2,2,2,7,2.0794415416798357,0,1,2,0,7,4,1.6094379124341003,1,1,4,4,4,6,1.9459101490553132,1,0,1,6,6,8,2.1972245773362196,1,2,3,1,8,1,23,163.0
11,2.4849066497880004,0,2,1,4,1,10,2.3978952727983707,1,1,0,3,0,12,2.5649493574615367,1,0,2,5,2,1,0.6931471805599453,0,1,1,1,1,6,1.9459101490553132,1,0,1,6,6,8,2.1972245773362196,1,2,3,1,8,11,2.4849066497880004,0,2,1,4,1,5,1.791759469228055,0,2,0,5,5,4,1.6094379124341003,1,1,4,4,4,3,1.3862943611198906,0,0,3,3,3,1,16,1037.0
11,2.4849066497880004,0,2,1,4,1,2,1.0986122886681098,1,2,2,2,2,8,2.1972245773362196,1,2,3,1,8,1,0.6931471805599453,0,1,1,1,1,2,1.0986122886681098,1,2,2,2,2,4,1.6094379124341003,1,1,4,4,4,12,2.5649493574615367,1,0,2,5,2,1,0.6931471805599453,0,1,1,1,1,1,0.6931471805599453,0,1,1,1,1,4,1.6094379124341003,1,1,4,4,4,1,38,77.0
6,1.9459101490553132,1,0,1,6,6,1,0.6931471805599453,0,1,1,1,1,2,1.0986122886681098,1,2,2,2,2,2,1.0986122886681098,1,2,2,2,2,11,2.4849066497880004,0,2,1,4,1,4,1.6094379124341003,1,1,4,4,4,5,1.791759469228055,0,2,0,5,5,8,2.1972245773362196,1,2,3,1,8,4,1.6094379124341003,1,1,4,4,4,5,1.791759469228055,0,2,0,5,5,1,22,2031.0
4,1.6094379124341003,1,1,4,4,4,1,0.6931471805599453,0,1,1,1,1,2,1.0986122886681098,1,2,2,2,2,1,0.6931471805599453,0,1,1,1,1,8,2.1972245773362196,1,2,3,1,8,1,0.6931471805599453,0,1,1,1,1,5,1.791759469228055,0,2,0,5,5,2,1.0986122886681098,1,2,2,2,2,2,1.0986122886681098,1,2,2,2,2,8,2.1972245773362196,1,2,3,1,8,1,39,181.0
11,2.4849066497880004,0,2,1,4,1,9,2.302585092994046,0,0,4,2,9,12,2.5649493574615367,1,0,2,5,2,2,1.0986122886681098,1,2,2,2,2,10,2.3978952727983707,1,1,0,3,0,5,1.791759469228055,0,2,0,5,5,7,2.0794415416798357,0,1,2,0,7,8,2.1972245773362196,1,2,3,1,8,5,1.791759469228055,0,2,0,5,5,4,1.6094379124341003,1,1,4,4,4,1,9,2861.0
10,2.3978952727983707,1,1,0,3,0,8,2.1972245773362196,1,2,3,1,8,11,2.4849066497880004,0,2,1,4,1,5,1.791759469228055,0,2,0,5,5,10,2.3978952727983707,1,1,0,3,0,2,1.0986122886681098,1,2,2,2,2,3,1.3862943611198906,0,0,3,3,3,8,2.1972245773362196,1,2,3,1,8,8,2.1972245773362196,1,2,3,1,8,2,1.0986122886681098,1,2,2,2,2,1,17,823.0
6,1.9459101490553132,1,0,1,6,6,9,2.302585092994046,0,0,4,2,9,12,2.5649493574615367,1,0,2,5,2,8,2.1972245773362196,1,2,3,1,8,12,2.5649493574615367,1,0,2,5,2,1,0.6931471805599453,0,1,1,1,1,2,1.0986122886681098,1,2,2,2,2,5,1.791759469228055,0,2,0,5,5,1,0.6931471805599453,0,1,1,1,1,8,2.1972245773362196,1,2,3,1,8,1,26,245.0
10,2.3978952727983707,1,1,0,3,0,5,1.791759469228055,0,2,0,5,5,8,2.1972245773362196,1,2,3,1,8,1,0.6931471805599453,0,1,1,1,1,2,1.0986122886681098,1,2,2,2,2,2,1.0986122886681098,1,2,2,2,2,4,1.6094379124341003,1,1,4,4,4,1,0.6931471805599453,0,1,1,1,1,8,2.1972245773362196,1,2,3,1,8,3,1.3862943611198906,0,0,3,3,3,1,30,123.0
12,2.5649493574615367,1,0,2,5,2,3,1.3862943611198906,0,0,3,3,3,7,2.0794415416798357,0,1,2,0,7,4,1.6094379124341003,1,1,4,4,4,12,2.5649493574615367,1,0,2,5,2,1,0.6931471805599453,0,1,1,1,1,4,1.6094379124341003,1,1,4,4,4,7,2.0794415416798357,0,1,2,0,7,1,0.6931471805599453,0,1,1,1,1,8,2.1972245773362196,1,2,3,1,8,1,28,45.0
7,2.0794415416798357,0,1,2,0,7,7,2.0794415416798357,0,1,2,0,7,8,2.1972245773362196,1,2,3,1,8,1,0.6931471805599453,0,1,1,1,1,2,1.0986122886681098,1,2,2,2,2,1,0.6931471805599453,0,1,1,1,1,2,1.0986122886681098,1,2,2,2,2,8,2.1972245773362196,1,2,3,1,8,5,1.791759469228055,0,2,0,5,5,3,1.3862943611198906,0,0,3,3,3,1,24,21.0
3,1.3862943611198906,0,0,3,3,3,3,1.3862943611198906,0,0,3,3,3,8,2.1972245773362196,1,2,3,1,8,1,0.6931471805599453,0,1,1,1,1,2,1.0986122886681098,1,2,2,2,2,1,0.6931471805599453,0,1,1,1,1,2,1.0986122886681098,1,2,2,2,2,7,2.0794415416798357,0,1,2,0,7,3,1.3862943611198906,0,0,3,3,3,3,1.3862943611198906,0,0,3,3,3,1,26,57.0
5,1.791759469228055,0,2,0,5,5,2,1.0986122886681098,1,2,2,2,2,4,1.6094379124341003,1,1,4,4,4,1,0.6931471805599453,0,1,1,1,1,2,1.0986122886681098,1,2,2,2,2,1,0.6931471805599453,0,1,1,1,1,2,1.0986122886681098,1,2,2,2,2,4,1.6094379124341003,1,1,4,4,4,4,1.6094379124341003,1,1,4,4,4,5,1.791759469228055,0,2,0,5,5,1,33,15.0
9,2.302585092994046,0,0,4,2,9,3,1.3862943611198906,0,0,3,3,3,5,1.791759469228055,0,2,0,5,5,1,0.6931471805599453,0,1,1,1,1,10,2.3978952727983707,1,1,0,3,0,2,1.0986122886681098,1,2,2,2,2,4,1.6094379124341003,1,1,4,4,4,8,2.1972245773362196,1,2,3,1,8,1,0.6931471805599453,0,1,1,1,1,6,1.9459101490553132,1,0,1,6,6,1,25,121.0
10,2.3978952727983707,1,1,0,3,0,3,1.3862943611198906,0,0,3,3,3,12,2.5649493574615367,1,0,2,5,2,4,1.6094379124341003,1,1,4,4,4,7,2.0794415416798357,0,1,2,0,7,1,0.6931471805599453,0,1,1,1,1,9,2.302585092994046,0,0,4,2,9,7,2.0794415416798357,0,1,2,0,7,6,1.9459101490553132,1,0,1,6,6,5,1.791759469228055,0,2,0,5,5,1,16,3289.0
3,1.3862943611198906,0,0,3,3,3,5,1.791759469228055,0,2,0,5,5,7,2.0794415416798357,0,1,2,0,7,1,0.6931471805599453,0,1,1,1,1,5,1.791759469228055,0,2,0,5,5,7,2.0794415416798357,0,1,2,0,7,10,2.3978952727983707,1,1,0,3,0,8,2.1972245773362196,1,2,3,1,8,2,1.0986122886681098,1,2,2,2,2,2,1.0986122886681098,1,2,2,2,2,1,18,97.0
6,1.9459101490553132,1,0,1,6,6,4,1.6094379124341003,1,1,4,4,4,10,2.3978952727983707,1,1,0,3,0,1,0.6931471805599453,0,1,1,1,1,7,2.0794415416798357,0,1,2,0,7,1,0.6931471805599453,0,1,1,1,1,6,1.9459101490553132,1,0,1,6,6,5,1.791759469228055,0,2,0,5,5,4,1.6094379124341003,1,1,4,4,4,6,1.9459101490553132,1,0,1,6,6,1,22,127.0
12,2.5649493574615367,1,0,2,5,2,2,1.0986122886681098,1,2,2,2,2,10,2.3978952727983707,1,1,0,3,0,4,1.6094379124341003,1,1,4,4,4,5,1.791759469228055,0,2,0,5,5,4,1.6094379124341003,1,1,4,4,4,7,2.0794415416798357,0,1,2,0,7,1,0.6931471805599453,0,1,1,1,1,2,1.0986122886681098,1,2,2,2,2,2,1.0986122886681098,1,2,2,2,2,1,28,121.0
4,1.6094379124341003,1,1,4,4,4,6,1.9459101490553132,1,0,1,6,6,11,2.4849066497880004,0,2,1,4,1,10,2.3978952727983707,1,1,0,3,0,12,2.5649493574615367,1,0,2,5,2,3,1.3862943611198906,0,0,3,3,3,10,2.3978952727983707,1,1,0,3,0,5,1.791759469228055,0,2,0,5,5,6,1.9459101490553132,1,0,1,6,6,4,1.6094379124341003,1,1,4,4,4,1,12,502.0
2,1.0986122886681098,1,2,2,2,2,4,1.6094379124341003,1,1,4,4,4,5,1.791759469228055,0,2,0,5,5,2,1.0986122886681098,1,2,2,2,2,11,2.4849066497880004,0,2,1,4,1,2,1.0986122886681098,1,2,2,2,2,4,1.6094379124341003,1,1,4,4,4,8,2.1972245773362196,1,2,3,1,8,3,1.3862943611198906,0,0,3,3,3,8,2.1972245773362196,1,2,3,1,8,1,21,2113.0
4,1.6094379124341003,1,1,4,4,4,1,0.6931471805599453,0,1,1,1,1,2,1.0986122886681098,1,2,2,2,2,1,0.6931471805599453,0,1,1,1,1,2,1.0986122886681098,1,2,2,2,2,7,2.0794415416798357,0,1,2,0,7,9,2.302585092994046,0,0,4,2,9,6,1.9459101490553132,1,0,1,6,6,3,1.3862943611198906,0,0,3,3,3,4,1.6094379124341003,1,1,4,4,4,1,27,35.0
9,2.302585092994046,0,0,4,2,9,1,0.6931471805599453,0,1,1,1,1,7,2.0794415416798357,0,1,2,0,7,2,1.0986122886681098,1,2,2,2,2,6,1.9459101490553132,1,0,1,6,6,2,1.0986122886681098,1,2,2,2,2,3,1.3862943611198906,0,0,3,3,3,8,2.1972245773362196,1,2,3,1,8,4,1.6094379124341003,1,1,4,4,4,2,1.0986122886681098,1,2,2,2,2,1,24,149.0
12,2.5649493574615367,1,0,2,5,2,1,0.6931471805599453,0,1,1,1,1,2,1.0986122886681098,1,2,2,2,2,3,1.3862943611198906,0,0,3,3,3,8,2.1972245773362196,1,2,3,1,8,2,1.0986122886681098,1,2,2,2,2,9,2.302585092994046,0,0,4,2,9,5,1.791759469228055,0,2,0,5,5,7,2.0794415416798357,0,1,2,0,7,6,1.9459101490553132,1,0,1,6,6,1,20,367.0
9,2.302585092994046,0,0,4,2,9,1,0.6931471805599453,0,1,1,1,1,4,1.6094379124341003,1,1,4,4,4,5,1.791759469228055,0,2,0,5,5,9,2.302585092994046,0,0,4,2,9,1,0.6931471805599453,0,1,1,1,1,11,2.4849066497880004,0,2,1,4,1,6,1.9459101490553132,1,0,1,6,6,7,2.0794415416798357,0,1,2,0,7,7,2.0794415416798357,0,1,2,0,7,1,19,2753.0
12,2.5649493574615367,1,0,2,5,2,6,1.9459101490553132,1,0,1,6,6,11,2.4849066497880004,0,2,1,4,1,3,1.3862943611198906,0,0,3,3,3,5,1.791759469228055,0,2,0,5,5,3,1.3862943611198906,0,0,3,3,3,9,2.302585092994046,0,0,4,2,9,7,2.0794415416798357,0,1,2,0,7,4,1.6094379124341003,1,1,4,4,4,2,1.0986122886681098,1,2,2,2,2,1,12,1183.0
8,2.1972245773362196,1,2,3,1,8,3,1.3862943611198906,0,0,3,3,3,5,1.791759469228055,0,2,0,5,5,4,1.6094379124341003,1,1,4,4,4,8,2.1972245773362196,1,2,3,1,8,3,1.3862943611198906,0,0,3,3,3,8,2.1972245773362196,1,2,3,1,8,8,2.1972245773362196,1,2,3,1,8,4,1.6094379124341003,1,1,4,4,4,7,2.0794415416798357,0,1,2,0,7,1,16,103.0
8,2.1972245773362196,1,2,3,1,8,3,1.3862943611198906,0,0,3,3,3,6,1.9459101490553132,1,0,1,6,6,2,1.0986122886681098,1,2,2,2,2,8,2.1972245773362196,1,2,3,1,8,5,1.791759469228055,0,2,0,5,5,6,1.9459101490553132,1,0,1,6,6,1,0.6931471805599453,0,1,1,1,1,8,2.1972245773362196,1,2,3,1,8,6,1.9459101490553132,1,0,1,6,6,1,24,73.0
10,2.3978952727983707,1,1,0,3,0,1,0.6931471805599453,0,1,1,1,1,7,2.0794415416798357,0,1,2,0,7,7,2.0794415416798357,0,1,2,0,7,10,2.3978952727983707,1,1,0,3,0,6,1.9459101490553132,1,0,1,6,6,10,2.3978952727983707,1,1,0,3,0,8,2.1972245773362196,1,2,3,1,8,4,1.6094379124341003,1,1,4,4,4,7,2.0794415416798357,0,1,2,0,7,1,16,1489.0
12,2.5649493574615367,1,0,2,5,2,6,1.9459101490553132,1,0,1,6,6,9,2.302585092994046,0,0,4,2,9,4,1.6094379124341003,1,1,4,4,4,7,2.0794415416798357,0,1,2,0,7,3,1.3862943611198906,0,0,3,3,3,10,2.3978952727983707,1,1,0,3,0,3,1.3862943611198906,0,0,3,3,3,7,2.0794415416798357,0,1,2,0,7,7,2.0794415416798357,0,1,2,0,7,1,12,421.0
11,2.4849066497880004,0,2,1,4,1,1,0.6931471805599453,0,1,1,1,1,2,1.0986122886681098,1,2,2,2,2,5,1.791759469228055,0,2,0,5,5,8,2.1972245773362196,1,2,3,1,8,1,0.6931471805599453,0,1,1,1,1,2,1.0986122886681098,1,2,2,2,2,4,1.6094379124341003,1,1,4,4,4,8,2.1972245773362196,1,2,3,1,8,1,0.6931471805599453,0,1,1,1,1,1,34,125.0
8,2.1972245773362196,1,2,3,1,8,4,1.6094379124341003,1,1,4,4,4,9,2.302585092994046,0,0,4,2,9,3,1.3862943611198906,0,0,3,3,3,5,1.791759469228055,0,2,0,5,5,8,2.1972245773362196,1,2,3,1,8,12,2.5649493574615367,1,0,2,5,2,2,1.0986122886681098,1,2,2,2,2,4,1.6094379124341003,1,1,4,4,4,6,1.9459101490553132,1,0,1,6,6,1,18,343.0
11,2.4849066497880004,0,2,1,4,1,1,0.6931471805599453,0,1,1,1,1,11,2.4849066497880004,0,2,1,4,1,2,1.0986122886681098,1,2,2,2,2,9,2.302585092994046,0,0,4,2,9,1,0.6931471805599453,0,1,1,1,1,2,1.0986122886681098,1,2,2,2,2,2,1.0986122886681098,1,2,2,2,2,4,1.6094379124341003,1,1,4,4,4,6,1.9459101490553132,1,0,1,6,6,1,27,761.0
4,1.6094379124341003,1,1,4,4,4,4,1.6094379124341003,1,1,4,4,4,7,2.0794415416798357,0,1,2,0,7,2,1.0986122886681098,1,2,2,2,2,8,2.1972245773362196,1,2,3,1,8,3,1.3862943611198906,0,0,3,3,3,4,1.6094379124341003,1,1,4,4,4,6,1.9459101490553132,1,0,1,6,6,6,1.9459101490553132,1,0,1,6,6,2,1.0986122886681098,1,2,2,2,2,1,22,123.0
5,1.791759469228055,0,2,0,5,5,7,2.0794415416798357,0,1,2,0,7,8,2.1972245773362196,1,2,3,1,8,4,1.6094379124341003,1,1,4,4,4,8,2.1972245773362196,1,2,3,1,8,6,1.9459101490553132,1,0,1,6,6,8,2.1972245773362196,1,2,3,1,8,1,0.6931471805599453,0,1,1,1,1,7,2.0794415416798357,0,1,2,0,7,5,1.791759469228055,0,2,0,5,5,1,17,43.0
9,2.302585092994046,0,0,4,2,9,2,1.0986122886681098,1,2,2,2,2,5,1.791759469228055,0,2,0,5,5,3,1.3862943611198906,0,0,3,3,3,5,1.791759469228055,0,2,0,5,5,7,2.0794415416798357,0,1,2,0,7,10,2.3978952727983707,1,1,0,3,0,4,1.6094379124341003,1,1,4,4,4,5,1.791759469228055,0,2,0,5,5,3,1.3862943611198906,0,0,3,3,3,1,11,157.0
6,1.9459101490553132,1,0,1,6,6,2,1.0986122886681098,1,2,2,2,2,3,1.3862943611198906,0,0,3,3,3,6,1.9459101490553132,1,0,1,6,6,12,2.5649493574615367,1,0,2,5,2,1,0.6931471805599453,0,1,1,1,1,3,1.3862943611198906,0,0,3,3,3,2,1.0986122886681098,1,2,2,2,2,5,1.791759469228055,0,2,0,5,5,8,2.1972245773362196,1,2,3,1,8,1,28,9.0
9,2.302585092994046,0,0,4,2,9,1,0.6931471805599453,0,1,1,1,1,3,1.3862943611198906,0,0,3,3,3,1,0.6931471805599453,0,1,1,1,1,2,1.0986122886681098,1,2,2,2,2,6,1.9459101490553132,1,0,1,6,6,10,2.3978952727983707,1,1,0,3,0,3,1.3862943611198906,0,0,3,3,3,5,1.791759469228055,0,2,0,5,5,5,1.791759469228055,0,2,0,5,5,1,27,106.0
11,2.4849066497880004,0,2,1,4,1,1,0.6931471805599453,0,1,1,1,1,2,1.0986122886681098,1,2,2,2,2,3,1.3862943611198906,0,0,3,3,3,10,2.3978952727983707,1,1,0,3,0,4,1.6094379124341003,1,1,4,4,4,11,2.4849066497880004,0,2,1,4,1,3,1.3862943611198906,0,0,3,3,3,1,0.6931471805599453,0,1,1,1,1,5,1.791759469228055,0,2,0,5,5,1,22,487.0
3,1.3862943611198906,0,0,3,3,3,3,1.3862943611198906,0,0,3,3,3,9,2.302585092994046,0,0,4,2,9,1,0.6931471805599453,0,1,1,1,1,4,1.6094379124341003,1,1,4,4,4,5,1.791759469228055,0,2,0,5,5,10,2.3978952727983707,1,1,0,3,0,6,1.9459101490553132,1,0,1,6,6,3,1.3862943611198906,0,0,3,3,3,3,1.3862943611198906,0,0,3,3,3,1,24,43.0
3,1.3862943611198906,0,0,3,3,3,2,1.0986122886681098,1,2,2,2,2,3,1.3862943611198906,0,0,3,3,3,3,1.3862943611198906,0,0,3,3,3,6,1.9459101490553132,1,0,1,6,6,5,1.791759469228055,0,2,0,5,5,11,2.4849066497880004,0,2,1,4,1,6,1.9459101490553132,1,0,1,6,6,3,1.3862943611198906,0,0,3,3,3,3,1.3862943611198906,0,0,3,3,3,1,23,321.0
4,1.6094379124341003,1,1,4,4,4,4,1.6094379124341003,1,1,4,4,4,8,2.1972245773362196,1,2,3,1,8,7,2.0794415416798357,0,1,2,0,7,9,2.302585092994046,0,0,4,2,9,7,2.0794415416798357,0,1,2,0,7,11,2.4849066497880004,0,2,1,4,1,2,1.0986122886681098,1,2,2,2,2,7,2.0794415416798357,0,1,2,0,7,1,0.6931471805599453,0,1,1,1,1,1,18,232.0
7,2.0794415416798357,0,1,2,0,7,10,2.3978952727983707,1,1,0,3,0,11,2.4849066497880004,0,2,1,4,1,1,0.6931471805599453,0,1,1,1,1,3,1.3862943611198906,0,0,3,3,3,10,2.3978952727983707,1,1,0,3,0,11,2.4849066497880004,0,2,1,4,1,8,2.1972245773362196,1,2,3,1,8,3,1.3862943611198906,0,0,3,3,3,1,0.6931471805599453,0,1,1,1,1,1,20,205.0
5,1.791759469228055,0,2,0,5,5,4,1.6094379124341003,1,1,4,4,4,8,2.1972245773362196,1,2,3,1,8,4,1.6094379124341003,1,1,4,4,4,8,2.1972245773362196,1,2,3,1,8,5,1.791759469228055,0,2,0,5,5,7,2.0794415416798357,0,1,2,0,7,3,1.3862943611198906,0,0,3,3,3,3,1.3862943611198906,0,0,3,3,3,8,2.1972245773362196,1,2,3,1,8,1,12,121.0
8,2.1972245773362196,1,2,3,1,8,1,0.6931471805599453,0,1,1,1,1,2,1.0986122886681098,1,2,2,2,2,1,0.6931471805599453,0,1,1,1,1,2,1.0986122886681098,1,2,2,2,2,4,1.6094379124341003,1,1,4,4,4,5,1.791759469228055,0,2,0,5,5,4,1.6094379124341003,1,1,4,4,4,5,1.791759469228055,0,2,0,5,5,8,2.1972245773362196,1,2,3,1,8,1,33,217.0
12,2.5649493574615367,1,0,2,5,2,3,1.3862943611198906,0,0,3,3,3,6,1.9459101490553132,1,0,1,6,6,3,1.3862943611198906,0,0,3,3,3,5,1.791759469228055,0,2,0,5,5,7,2.0794415416798357,0,1,2,0,7,8,2.1972245773362196,1,2,3,1,8,7,2.0794415416798357,0,1,2,0,7,1,0.6931471805599453,0,1,1,1,1,5,1.791759469228055,0,2,0,5,5,1,17,48.0
2,1.0986122886681098,1,2,2,2,2,6,1.9459101490553132,1,0,1,6,6,12,2.5649493574615367,1,0,2,5,2,2,1.0986122886681098,1,2,2,2,2,8,2.1972245773362196,1,2,3,1,8,2,1.0986122886681098,1,2,2,2,2,4,1.6094379124341003,1,1,4,4,4,8,2.1972245773362196,1,2,3,1,8,8,2.1972245773362196,1,2,3,1,8,6,1.9459101490553132,1,0,1,6,6,2,34,41.0
4,1.6094379124341003,1,1,4,4,4,1,0.6931471805599453,0,1,1,1,1,2,1.0986122886681098,1,2,2,2,2,4,1.6094379124341003,1,1,4,4,4,7,2.0794415416798357,0,1,2,0,7,6,1.9459101490553132,1,0,1,6,6,11,2.4849066497880004,0,2,1,4,1,4,1.6094379124341003,1,1,4,4,4,6,1.9459101490553132,1,0,1,6,6,5,1.791759469228055,0,2,0,5,5,1,18,2787.0
8,2.1972245773362196,1,2,3,1,8,2,1.0986122886681098,1,2,2,2,2,5,1.791759469228055,0,2,0,5,5,1,0.6931471805599453,0,1,1,1,1,11,2.4849066497880004,0,2,1,4,1,3,1.3862943611198906,0,0,3,3,3,7,2.0794415416798357,0,1,2,0,7,4,1.6094379124341003,1,1,4,4,4,1,0.6931471805599453,0,1,1,1,1,2,1.0986122886681098,1,2,2,2,2,1,23,2267.0
6,1.9459101490553132,1,0,1,6,6,1,0.6931471805599453,0,1,1,1,1,8,2.1972245773362196,1,2,3,1,8,3,1.3862943611198906,0,0,3,3,3,7,2.0794415416798357,0,1,2,0,7,5,1.791759469228055,0,2,0,5,5,6,1.9459101490553132,1,0,1,6,6,5,1.791759469228055,0,2,0,5,5,1,0.6931471805599453,0,1,1,1,1,7,2.0794415416798357,0,1,2,0,7,1,22,46.0
11,2.4849066497880004,0,2,1,4,1,4,1.6094379124341003,1,1,4,4,4,5,1.791759469228055,0,2,0,5,5,9,2.302585092994046,0,0,4,2,9,12,2.5649493574615367,1,0,2,5,2,2,1.0986122886681098,1,2,2,2,2,5,1.791759469228055,0,2,0,5,5,1,0.6931471805599453,0,1,1,1,1,1,0.6931471805599453,0,1,1,1,1,1,0.6931471805599453,0,1,1,1,1,1,28,59.0
9,2.302585092994046,0,0,4,2,9,5,1.791759469228055,0,2,0,5,5,7,2.0794415416798357,0,1,2,0,7,5,1.791759469228055,0,2,0,5,5,10,2.3978952727983707,1,1,0,3,0,7,2.0794415416798357,0,1,2,0,7,10,2.3978952727983707,1,1,0,3,0,4,1.6094379124341003,1,1,4,4,4,7,2.0794415416798357,0,1,2,0,7,1,0.6931471805599453,0,1,1,1,1,1,18,627.0
5,1.791759469228055,0,2,0,5,5,7,2.0794415416798357,0,1,2,0,7,12,2.5649493574615367,1,0,2,5,2,6,1.9459101490553132,1,0,1,6,6,12,2.5649493574615367,1,0,2,5,2,10,2.3978952727983707,1,1,0,3,0,11,2.4849066497880004,0,2,1,4,1,1,0.6931471805599453,0,1,1,1,1,3,1.3862943611198906,0,0,3,3,3,7,2.0794415416798357,0,1,2,0,7,1,17,1021.0
12,2.5649493574615367,1,0,2,5,2,2,1.0986122886681098,1,2,2,2,2,3,1.3862943611198906,0,0,3,3,3,1,0.6931471805599453,0,1,1,1,1,2,1.0986122886681098,1,2,2,2,2,1,0.6931471805599453,0,1,1,1,1,5,1.791759469228055,0,2,0,5,5,6,1.9459101490553132,1,0,1,6,6,5,1.791759469228055,0,2,0,5,5,1,0.6931471805599453,0,1,1,1,1,1,33,117.0
2,1.0986122886681098,1,2,2,2,2,1,0.6931471805599453,0,1,1,1,1,7,2.0794415416798357,0,1,2,0,7,6,1.9459101490553132,1,0,1,6,6,11,2.4849066497880004,0,2,1,4,1,3,1.3862943611198906,0,0,3,3,3,9,2.302585092994046,0,0,4,2,9,3,1.3862943611198906,0,0,3,3,3,2,1.0986122886681098,1,2,2,2,2,1,0.6931471805599453,0,1,1,1,1,1,25,725.0
5,1.791759469228055,0,2,0,5,5,1,0.6931471805599453,0,1,1,1,1,7,2.0794415416798357,0,1,2,0,7,2,1.0986122886681098,1,2,2,2,2,9,2.302585092994046,0,0,4,2,9,6,1.9459101490553132,1,0,1,6,6,9,2.302585092994046,0,0,4,2,9,1,0.6931471805599453,0,1,1,1,1,8,2.1972245773362196,1,2,3,1,8,3,1.3862943611198906,0,0,3,3,3,1,23,659.0
9,2.302585092994046,0,0,4,2,9,8,2.1972245773362196,1,2,3,1,8,10,2.3978952727983707,1,1,0,3,0,6,1.9459101490553132,1,0,1,6,6,11,2.4849066497880004,0,2,1,4,1,1,0.6931471805599453,0,1,1,1,1,9,2.302585092994046,0,0,4,2,9,6,1.9459101490553132,1,0,1,6,6,3,1.3862943611198906,0,0,3,3,3,6,1.9459101490553132,1,0,1,6,6,1,18,921.0
4,1.6094379124341003,1,1,4,4,4,1,0.6931471805599453,0,1,1,1,1,7,2.0794415416798357,0,1,2,0,7,1,0.6931471805599453,0,1,1,1,1,9,2.302585092994046,0,0,4,2,9,3,1.3862943611198906,0,0,3,3,3,5,1.791759469228055,0,2,0,5,5,1,0.6931471805599453,0,1,1,1,1,3,1.3862943611198906,0,0,3,3,3,6,1.9459101490553132,1,0,1,6,6,1,29,1018.0
10,2.3978952727983707,1,1,0,3,0,2,1.0986122886681098,1,2,2,2,2,4,1.6094379124341003,1,1,4,4,4,1,0.6931471805599453,0,1,1,1,1,5,1.791759469228055,0,2,0,5,5,7,2.0794415416798357,0,1,2,0,7,8,2.1972245773362196,1,2,3,1,8,5,1.791759469228055,0,2,0,5,5,4,1.6094379124341003,1,1,4,4,4,3,1.3862943611198906,0,0,3,3,3,1,19,599.0
8,2.1972245773362196,1,2,3,1,8,1,0.6931471805599453,0,1,1,1,1,2,1.0986122886681098,1,2,2,2,2,5,1.791759469228055,0,2,0,5,5,10,2.3978952727983707,1,1,0,3,0,3,1.3862943611198906,0,0,3,3,3,5,1.791759469228055,0,2,0,5,5,6,1.9459101490553132,1,0,1,6,6,5,1.791759469228055,0,2,0,5,5,7,2.0794415416798357,0,1,2,0,7,1,19,211.0
11,2.4849066497880004,0,2,1,4,1,7,2.0794415416798357,0,1,2,0,7,10,2.3978952727983707,1,1,0,3,0,1,0.6931471805599453,0,1,1,1,1,2,1.0986122886681098,1,2,2,2,2,7,2.0794415416798357,0,1,2,0,7,10,2.3978952727983707,1,1,0,3,0,3,1.3862943611198906,0,0,3,3,3,2,1.0986122886681098,1,2,2,2,2,7,2.0794415416798357,0,1,2,0,7,1,18,42.0
6,1.9459101490553132,1,0,1,6,6,7,2.0794415416798357,0,1,2,0,7,12,2.5649493574615367,1,0,2,5,2,2,1.0986122886681098,1,2,2,2,2,4,1.6094379124341003,1,1,4,4,4,11,2.4849066497880004,0,2,1,4,1,12,2.5649493574615367,1,0,2,5,2,8,2.1972245773362196,1,2,3,1,8,7,2.0794415416798357,0,1,2,0,7,1,0.6931471805599453,0,1,1,1,1,1,21,299.0
12,2.5649493574615367,1,0,2,5,2,3,1.3862943611198906,0,0,3,3,3,4,1.6094379124341003,1,1,4,4,4,5,1.791759469228055,0,2,0,5,5,12,2.5649493574615367,1,0,2,5,2,4,1.6094379124341003,1,1,4,4,4,6,1.9459101490553132,1,0,1,6,6,2,1.0986122886681098,1,2,2,2,2,6,1.9459101490553132,1,0,1,6,6,5,1.791759469228055,0,2,0,5,5,1,22,37.0
9,2.302585092994046,0,0,4,2,9,6,1.9459101490553132,1,0,1,6,6,10,2.3978952727983707,1,1,0,3,0,2,1.0986122886681098,1,2,2,2,2,7,2.0794415416798357,0,1,2,0,7,3,1.3862943611198906,0,0,3,3,3,7,2.0794415416798357,0,1,2,0,7,4,1.6094379124341003,1,1,4,4,4,1,0.6931471805599453,0,1,1,1,1,4,1.6094379124341003,1,1,4,4,4,1,17,33.0
10,2.3978952727983707,1,1,0,3,0,1,0.6931471805599453,0,1,1,1,1,10,2.3978952727983707,1,1,0,3,0,1,0.6931471805599453,0,1,1,1,1,3,1.3862943611198906,0,0,3,3,3,9,2.302585092994046,0,0,4,2,9,11,2.4849066497880004,0,2,1,4,1,2,1.0986122886681098,1,2,2,2,2,7,2.0794415416798357,0,1,2,0,7,4,1.6094379124341003,1,1,4,4,4,1,22,1371.0
9,2.302585092994046,0,0,4,2,9,4,1.6094379124341003,1,1,4,4,4,5,1.791759469228055,0,2,0,5,5,1,0.6931471805599453,0,1,1,1,1,2,1.0986122886681098,1,2,2,2,2,1,0.6931471805599453,0,1,1,1,1,4,1.6094379124341003,1,1,4,4,4,3,1.3862943611198906,0,0,3,3,3,8,2.1972245773362196,1,2,3,1,8,5,1.791759469228055,0,2,0,5,5,1,25,383.0
11,2.4849066497880004,0,2,1,4,1,8,2.1972245773362196,1,2,3,1,8,11,2.4849066497880004,0,2,1,4,1,3,1.3862943611198906,0,0,3,3,3,7,2.0794415416798357,0,1,2,0,7,2,1.0986122886681098,1,2,2,2,2,12,2.5649493574615367,1,0,2,5,2,3,1.3862943611198906,0,0,3,3,3,4,1.6094379124341003,1,1,4,4,4,6,1.9459101490553132,1,0,1,6,6,1,13,6605.0
12,2.5649493574615367,1,0,2,5,2,3,1.3862943611198906,0,0,3,3,3,6,1.9459101490553132,1,0,1,6,6,11,2.4849066497880004,0,2,1,4,1,12,2.5649493574615367,1,0,2,5,2,2,1.0986122886681098,1,2,2,2,2,8,2.1972245773362196,1,2,3,1,8,7,2.0794415416798357,0,1,2,0,7,4,1.6094379124341003,1,1,4,4,4,6,1.9459101490553132,1,0,1,6,6,1,19,65.0
9,2.302585092994046,0,0,4,2,9,10,2.3978952727983707,1,1,0,3,0,11,2.4849066497880004,0,2,1,4,1,2,1.0986122886681098,1,2,2,2,2,3,1.3862943611198906,0,0,3,3,3,8,2.1972245773362196,1,2,3,1,8,9,2.302585092994046,0,0,4,2,9,3,1.3862943611198906,0,0,3,3,3,6,1.9459101490553132,1,0,1,6,6,7,2.0794415416798357,0,1,2,0,7,1,11,470.0
2,1.0986122886681098,1,2,2,2,2,3,1.3862943611198906,0,0,3,3,3,10,2.3978952727983707,1,1,0,3,0,5,1.791759469228055,0,2,0,5,5,6,1.9459101490553132,1,0,1,6,6,9,2.302585092994046,0,0,4,2,9,11,2.4849066497880004,0,2,1,4,1,3,1.3862943611198906,0,0,3,3,3,8,2.1972245773362196,1,2,3,1,8,7,2.0794415416798357,0,1,2,0,7,1,9,143.0
9,2.302585092994046,0,0,4,2,9,1,0.6931471805599453,0,1,1,1,1,2,1.0986122886681098,1,2,2,2,2,8,2.1972245773362196,1,2,3,1,8,11,2.4849066497880004,0,2,1,4,1,6,1.9459101490553132,1,0,1,6,6,7,2.0794415416798357,0,1,2,0,7,5,1.791759469228055,0,2,0,5,5,6,1.9459101490553132,1,0,1,6,6,5,1.791759469228055,0,2,0,5,5,1,14,3727.0
11,2.4849066497880004,0,2,1,4,1,4,1.6094379124341003,1,1,4,4,4,10,2.3978952727983707,1,1,0,3,0,3,1.3862943611198906,0,0,3,3,3,11,2.4849066497880004,0,2,1,4,1,4,1.6094379124341003,1,1,4,4,4,12,2.5649493574615367,1,0,2,5,2,7,2.0794415416798357,0,1,2,0,7,6,1.9459101490553132,1,0,1,6,6,4,1.6094379124341003,1,1,4,4,4,1,10,20.0
11,2.4849066497880004,0,2,1,4,1,4,1.6094379124341003,1,1,4,4,4,11,2.4849066497880004,0,2,1,4,1,3,1.3862943611198906,0,0,3,3,3,6,1.9459101490553132,1,0,1,6,6,1,0.6931471805599453,0,1,1,1,1,7,2.0794415416798357,0,1,2,0,7,8,2.1972245773362196,1,2,3,1,8,6,1.9459101490553132,1,0,1,6,6,1,0.6931471805599453,0,1,1,1,1,1,22,243.0
9,2.302585092994046,0,0,4,2,9,1,0.6931471805599453,0,1,1,1,1,2,1.0986122886681098,1,2,2,2,2,2,1.0986122886681098,1,2,2,2,2,5,1.791759469228055,0,2,0,5,5,3,1.3862943611198906,0,0,3,3,3,8,2.1972245773362196,1,2,3,1,8,2,1.0986122886681098,1,2,2,2,2,7,2.0794415416798357,0,1,2,0,7,6,1.9459101490553132,1,0,1,6,6,1,20,603.0
2,1.0986122886681098,1,2,2,2,2,4,1.6094379124341003,1,1,4,4,4,11,2.4849066497880004,0,2,1,4,1,5,1.791759469228055,0,2,0,5,5,7,2.0794415416798357,0,1,2,0,7,1,0.6931471805599453,0,1,1,1,1,5,1.791759469228055,0,2,0,5,5,6,1.9459101490553132,1,0,1,6,6,5,1.791759469228055,0,2,0,5,5,3,1.3862943611198906,0,0,3,3,3,1,15,2606.0
4,1.6094379124341003,1,1,4,4,4,1,0.6931471805599453,0,1,1,1,1,4,1.6094379124341003,1,1,4,4,4,1,0.6931471805599453,0,1,1,1,1,3,1.3862943611198906,0,0,3,3,3,7,2.0794415416798357,0,1,2,0,7,8,2.1972245773362196,1,2,3,1,8,1,0.6931471805599453,0,1,1,1,1,2,1.0986122886681098,1,2,2,2,2,8,2.1972245773362196,1,2,3,1,8,1,34,81.0
10,2.3978952727983707,1,1,0,3,0,6,1.9459101490553132,1,0,1,6,6,8,2.1972245773362196,1,2,3,1,8,3,1.3862943611198906,0,0,3,3,3,4,1.6094379124341003,1,1,4,4,4,11,2.4849066497880004,0,2,1,4,1,12,2.5649493574615367,1,0,2,5,2,2,1.0986122886681098,1,2,2,2,2,8,2.1972245773362196,1,2,3,1,8,6,1.9459101490553132,1,0,1,6,6,1,17,83.0
6,1.9459101490553132,1,0,1,6,6,1,0.6931471805599453,0,1,1,1,1,2,1.0986122886681098,1,2,2,2,2,2,1.0986122886681098,1,2,2,2,2,3,1.3862943611198906,0,0,3,3,3,2,1.0986122886681098,1,2,2,2,2,3,1.3862943611198906,0,0,3,3,3,1,0.6931471805599453,0,1,1,1,1,5,1.791759469228055,0,2,0,5,5,3,1.3862943611198906,0,0,3,3,3,1,29,19.0
10,2.3978952727983707,1,1,0,3,0,3,1.3862943611198906,0,0,3,3,3,5,1.791759469228055,0,2,0,5,5,2,1.0986122886681098,1,2,2,2,2,6,1.9459101490553132,1,0,1,6,6,4,1.6094379124341003,1,1,4,4,4,12,2.5649493574615367,1,0,2,5,2,5,1.791759469228055,0,2,0,5,5,1,0.6931471805599453,0,1,1,1,1,4,1.6094379124341003,1,1,4,4,4,1,23,5.0
3,1.3862943611198906,0,0,3,3,3,1,0.6931471805599453,0,1,1,1,1,8,2.1972245773362196,1,2,3,1,8,2,1.0986122886681098,1,2,2,2,2,3,1.3862943611198906,0,0,3,3,3,6,1.9459101490553132,1,0,1,6,6,9,2.302585092994046,0,0,4,2,9,6,1.9459101490553132,1,0,1,6,6,1,0.6931471805599453,0,1,1,1,1,3,1.3862943611198906,0,0,3,3,3,1,33,79.0
3,1.3862943611198906,0,0,3,3,3,2,1.0986122886681098,1,2,2,2,2,6,1.9459101490553132,1,0,1,6,6,4,1.6094379124341003,1,1,4,4,4,11,2.4849066497880004,0,2,1,4,1,1,0.6931471805599453,0,1,1,1,1,2,1.0986122886681098,1,2,2,2,2,7,2.0794415416798357,0,1,2,0,7,1,0.6931471805599453,0,1,1,1,1,1,0.6931471805599453,0,1,1,1,1,1,30,158.0
2,1.0986122886681098,1,2,2,2,2,2,1.0986122886681098,1,2,2,2,2,7,2.0794415416798357,0,1,2,0,7,1,0.6931471805599453,0,1,1,1,1,8,2.1972245773362196,1,2,3,1,8,6,1.9459101490553132,1,0,1,6,6,8,2.1972245773362196,1,2,3,1,8,1,0.6931471805599453,0,1,1,1,1,7,2.0794415416798357,0,1,2,0,7,6,1.9459101490553132,1,0,1,6,6,1,29,705.0
12,2.5649493574615367,1,0,2,5,2,3,1.3862943611198906,0,0,3,3,3,4,1.6094379124341003,1,1,4,4,4,2,1.0986122886681098,1,2,2,2,2,3,1.3862943611198906,0,0,3,3,3,1,0.6931471805599453,0,1,1,1,1,2,1.0986122886681098,1,2,2,2,2,1,0.6931471805599453,0,1,1,1,1,1,0.6931471805599453,0,1,1,1,1,6,1.9459101490553132,1,0,1,6,6,1,38,155.0
11,2.4849066497880004,0,2,1,4,1,2,1.0986122886681098,1,2,2,2,2,9,2.302585092994046,0,0,4,2,9,11,2.4849066497880004,0,2,1,4,1,12,2.5649493574615367,1,0,2,5,2,1,0.6931471805599453,0,1,1,1,1,2,1.0986122886681098,1,2,2,2,2,8,2.1972245773362196,1,2,3,1,8,1,0.6931471805599453,0,1,1,1,1,7,2.0794415416798357,0,1,2,0,7,1,23,793.0
10,2.3978952727983707,1,1,0,3,0,6,1.9459101490553132,1,0,1,6,6,7,2.0794415416798357,0,1,2,0,7,3,1.3862943611198906,0,0,3,3,3,4,1.6094379124341003,1,1,4,4,4,5,1.791759469228055,0,2,0,5,5,6,1.9459101490553132,1,0,1,6,6,7,2.0794415416798357,0,1,2,0,7,5,1.791759469228055,0,2,0,5,5,1,0.6931471805599453,0,1,1,1,1,1,16,81.0
9,2.302585092994046,0,0,4,2,9,3,1.3862943611198906,0,0,3,3,3,6,1.9459101490553132,1,0,1,6,6,1,0.6931471805599453,0,1,1,1,1,10,2.3978952727983707,1,1,0,3,0,2,1.0986122886681098,1,2,2,2,2,12,2.5649493574615367,1,0,2,5,2,4,1.6094379124341003,1,1,4,4,4,4,1.6094379124341003,1,1,4,4,4,7,2.0794415416798357,0,1,2,0,7,1,21,149.0
9,2.302585092994046,0,0,4,2,9,4,1.6094379124341003,1,1,4,4,4,6,1.9459101490553132,1,0,1,6,6,2,1.0986122886681098,1,2,2,2,2,5,1.791759469228055,0,2,0,5,5,4,1.6094379124341003,1,1,4,4,4,5,1.791759469228055,0,2,0,5,5,6,1.9459101490553132,1,0,1,6,6,2,1.0986122886681098,1,2,2,2,2,7,2.0794415416798357,0,1,2,0,7,1,12,49.0
3,1.3862943611198906,0,0,3,3,3,2,1.0986122886681098,1,2,2,2,2,6,1.9459101490553132,1,0,1,6,6,6,1.9459101490553132,1,0,1,6,6,8,2.1972245773362196,1,2,3,1,8,4,1.6094379124341003,1,1,4,4,4,10,2.3978952727983707,1,1,0,3,0,8,2.1972245773362196,1,2,3,1,8,1,0.6931471805599453,0,1,1,1,1,7,2.0794415416798357,0,1,2,0,7,1,21,1171.0
12,2.5649493574615367,1,0,2,5,2,1,0.6931471805599453,0,1,1,1,1,5,1.791759469228055,0,2,0,5,5,1,0.6931471805599453,0,1,1,1,1,5,1.791759469228055,0,2,0,5,5,1,0.6931471805599453,0,1,1,1,1,6,1.9459101490553132,1,0,1,6,6,2,1.0986122886681098,1,2,2,2,2,4,1.6094379124341003,1,1,4,4,4,8,2.1972245773362196,1,2,3,1,8,1,32,37.0
2,1.0986122886681098,1,2,2,2,2,5,1.791759469228055,0,2,0,5,5,7,2.0794415416798357,0,1,2,0,7,10,2.3978952727983707,1,1,0,3,0,11,2.4849066497880004,0,2,1,4,1,2,1.0986122886681098,1,2,2,2,2,4,1.6094379124341003,1,1,4,4,4,3,1.3862943611198906,0,0,3,3,3,2,1.0986122886681098,1,2,2,2,2,5,1.791759469228055,0,2,0,5,5,1,12,369.0
6,1.9459101490553132,1,0,1,6,6,2,1.0986122886681098,1,2,2,2,2,3,1.3862943611198906,0,0,3,3,3,1,0.6931471805599453,0,1,1,1,1,5,1.791759469228055,0,2,0,5,5,4,1.6094379124341003,1,1,4,4,4,5,1.791759469228055,0,2,0,5,5,8,2.1972245773362196,1,2,3,1,8,2,1.0986122886681098,1,2,2,2,2,6,1.9459101490553132,1,0,1,6,6,1,23,136.0
3,1.3862943611198906,0,0,3,3,3,6,1.9459101490553132,1,0,1,6,6,7,2.0794415416798357,0,1,2,0,7,1,0.6931471805599453,0,1,1,1,1,3,1.3862943611198906,0,0,3,3,3,5,1.791759469228055,0,2,0,5,5,12,2.5649493574615367,1,0,2,5,2,1,0.6931471805599453,0,1,1,1,1,4,1.6094379124341003,1,1,4,4,4,3,1.3862943611198906,0,0,3,3,3,1,28,137.0
3,1.3862943611198906,0,0,3,3,3,2,1.0986122886681098,1,2,2,2,2,7,2.0794415416798357,0,1,2,0,7,3,1.3862943611198906,0,0,3,3,3,4,1.6094379124341003,1,1,4,4,4,4,1.6094379124341003,1,1,4,4,4,5,1.791759469228055,0,2,0,5,5,8,2.1972245773362196,1,2,3,1,8,7,2.0794415416798357,0,1,2,0,7,8,2.1972245773362196,1,2,3,1,8,1,12,106.0
5,1.791759469228055,0,2,0,5,5,1,0.6931471805599453,0,1,1,1,1,4,1.6094379124341003,1,1,4,4,4,5,1.791759469228055,0,2,0,5,5,10,2.3978952727983707,1,1,0,3,0,9,2.302585092994046,0,0,4,2,9,10,2.3978952727983707,1,1,0,3,0,7,2.0794415416798357,0,1,2,0,7,1,0.6931471805599453,0,1,1,1,1,6,1.9459101490553132,1,0,1,6,6,1,23,349.0
10,2.3978952727983707,1,1,0,3,0,6,1.9459101490553132,1,0,1,6,6,10,2.3978952727983707,1,1,0,3,0,7,2.0794415416798357,0,1,2,0,7,8,2.1972245773362196,1,2,3,1,8,1,0.6931471805599453,0,1,1,1,1,2,1.0986122886681098,1,2,2,2,2,5,1.791759469228055,0,2,0,5,5,3,1.3862943611198906,0,0,3,3,3,3,1.3862943611198906,0,0,3,3,3,1,19,83.0
3,1.3862943611198906,0,0,3,3,3,1,0.6931471805599453,0,1,1,1,1,4,1.6094379124341003,1,1,4,4,4,2,1.0986122886681098,1,2,2,2,2,5,1.791759469228055,0,2,0,5,5,1,0.6931471805599453,0,1,1,1,1,7,2.0794415416798357,0,1,2,0,7,6,1.9459101490553132,1,0,1,6,6,1,0.6931471805599453,0,1,1,1,1,2,1.0986122886681098,1,2,2,2,2,1,30,139.0
8,2.1972245773362196,1,2,3,1,8,2,1.0986122886681098,1,2,2,2,2,4,1.6094379124341003,1,1,4,4,4,9,2.302585092994046,0,0,4,2,9,10,2.3978952727983707,1,1,0,3,0,6,1.9459101490553132,1,0,1,6,6,8,2.1972245773362196,1,2,3,1,8,1,0.6931471805599453,0,1,1,1,1,7,2.0794415416798357,0,1,2,0,7,4,1.6094379124341003,1,1,4,4,4,1,21,9.0
6,1.9459101490553132,1,0,1,6,6,6,1.9459101490553132,1,0,1,6,6,8,2.1972245773362196,1,2,3,1,8,4,1.6094379124341003,1,1,4,4,4,6,1.9459101490553132,1,0,1,6,6,2,1.0986122886681098,1,2,2,2,2,6,1.9459101490553132,1,0,1,6,6,2,1.0986122886681098,1,2,2,2,2,5,1.791759469228055,0,2,0,5,5,2,1.0986122886681098,1,2,2,2,2,1,28,49.0
6,1.9459101490553132,1,0,1,6,6,2,1.0986122886681098,1,2,2,2,2,5,1.791759469228055,0,2,0,5,5,1,0.6931471805599453,0,1,1,1,1,2,1.0986122886681098,1,2,2,2,2,2,1.0986122886681098,1,2,2,2,2,8,2.1972245773362196,1,2,3,1,8,6,1.9459101490553132,1,0,1,6,6,8,2.1972245773362196,1,2,3,1,8,3,1.3862943611198906,0,0,3,3,3,1,28,36.0
9,2.302585092994046,0,0,4,2,9,1,0.6931471805599453,0,1,1,1,1,3,1.3862943611198906,0,0,3,3,3,1,0.6931471805599453,0,1,1,1,1,7,2.0794415416798357,0,1,2,0,7,9,2.302585092994046,0,0,4,2,9,12,2.5649493574615367,1,0,2,5,2,6,1.9459101490553132,1,0,1,6,6,2,1.0986122886681098,1,2,2,2,2,5,1.791759469228055,0,2,0,5,5,1,25,125.0
10,2.3978952727983707,1,1,0,3,0,3,1.3862943611198906,0,0,3,3,3,4,1.6094379124341003,1,1,4,4,4,3,1.3862943611198906,0,0,3,3,3,9,2.302585092994046,0,0,4,2,9,3,1.3862943611198906,0,0,3,3,3,9,2.302585092994046,0,0,4,2,9,4,1.6094379124341003,1,1,4,4,4,2,1.0986122886681098,1,2,2,2,2,3,1.3862943611198906,0,0,3,3,3,1,19,121.0
12,2.5649493574615367,1,0,2,5,2,1,0.6931471805599453,0,1,1,1,1,4,1.6094379124341003,1,1,4,4,4,10,2.3978952727983707,1,1,0,3,0,12,2.5649493574615367,1,0,2,5,2,10,2.3978952727983707,1,1,0,3,0,11,2.4849066497880004,0,2,1,4,1,1,0.6931471805599453,0,1,1,1,1,5,1.791759469228055,0,2,0,5,5,1,0.6931471805599453,0,1,1,1,1,1,30,701.0
9,2.302585092994046,0,0,4,2,9,2,1.0986122886681098,1,2,2,2,2,4,1.6094379124341003,1,1,4,4,4,2,1.0986122886681098,1,2,2,2,2,3,1.3862943611198906,0,0,3,3,3,1,0.6931471805599453,0,1,1,1,1,6,1.9459101490553132,1,0,1,6,6,2,1.0986122886681098,1,2,2,2,2,1,0.6931471805599453,0,1,1,1,1,3,1.3862943611198906,0,0,3,3,3,1,31,47.0
11,2.4849066497880004,0,2,1,4,1,1,0.6931471805599453,0,1,1,1,1,2,1.0986122886681098,1,2,2,2,2,4,1.6094379124341003,1,1,4,4,4,11,2.4849066497880004,0,2,1,4,1,1,0.6931471805599453,0,1,1,1,1,3,1.3862943611198906,0,0,3,3,3,7,2.0794415416798357,0,1,2,0,7,7,2.0794415416798357,0,1,2,0,7,1,0.6931471805599453,0,1,1,1,1,1,27,224.0
2,1.0986122886681098,1,2,2,2,2,2,1.0986122886681098,1,2,2,2,2,4,1.6094379124341003,1,1,4,4,4,2,1.0986122886681098,1,2,2,2,2,3,1.3862943611198906,0,0,3,3,3,6,1.9459101490553132,1,0,1,6,6,10,2.3978952727983707,1,1,0,3,0,6,1.9459101490553132,1,0,1,6,6,7,2.0794415416798357,0,1,2,0,7,2,1.0986122886681098,1,2,2,2,2,1,25,589.0
7,2.0794415416798357,0,1,2,0,7,2,1.0986122886681098,1,2,2,2,2,5,1.791759469228055,0,2,0,5,5,2,1.0986122886681098,1,2,2,2,2,3,1.3862943611198906,0,0,3,3,3,3,1.3862943611198906,0,0,3,3,3,5,1.791759469228055,0,2,0,5,5,2,1.0986122886681098,1,2,2,2,2,8,2.1972245773362196,1,2,3,1,8,1,0.6931471805599453,0,1,1,1,1,1,17,34.0
12,2.5649493574615367,1,0,2,5,2,8,2.1972245773362196,1,2,3,1,8,12,2.5649493574615367,1,0,2,5,2,1,0.6931471805599453,0,1,1,1,1,8,2.1972245773362196,1,2,3,1,8,3,1.3862943611198906,0,0,3,3,3,8,2.1972245773362196,1,2,3,1,8,6,1.9459101490553132,1,0,1,6,6,1,0.6931471805599453,0,1,1,1,1,5,1.791759469228055,0,2,0,5,5,1,26,5.0
10,2.3978952727983707,1,1,0,3,0,6,1.9459101490553132,1,0,1,6,6,12,2.5649493574615367,1,0,2,5,2,8,2.1972245773362196,1,2,3,1,8,11,2.4849066497880004,0,2,1,4,1,5,1.791759469228055,0,2,0,5,5,8,2.1972245773362196,1,2,3,1,8,8,2.1972245773362196,1,2,3,1,8,7,2.0794415416798357,0,1,2,0,7,1,0.6931471805599453,0,1,1,1,1,1,14,1929.0
7,2.0794415416798357,0,1,2,0,7,4,1.6094379124341003,1,1,4,4,4,6,1.9459101490553132,1,0,1,6,6,1,0.6931471805599453,0,1,1,1,1,6,1.9459101490553132,1,0,1,6,6,1,0.6931471805599453,0,1,1,1,1,7,2.0794415416798357,0,1,2,0,7,3,1.3862943611198906,0,0,3,3,3,2,1.0986122886681098,1,2,2,2,2,8,2.1972245773362196,1,2,3,1,8,1,26,157.0
4,1.6094379124341003,1,1,4,4,4,3,1.3862943611198906,0,0,3,3,3,8,2.1972245773362196,1,2,3,1,8,2,1.0986122886681098,1,2,2,2,2,8,2.1972245773362196,1,2,3,1,8,3,1.3862943611198906,0,0,3,3,3,4,1.6094379124341003,1,1,4,4,4,4,1.6094379124341003,1,1,4,4,4,8,2.1972245773362196,1,2,3,1,8,5,1.791759469228055,0,2,0,5,5,1,22,145.0
8,2.1972245773362196,1,2,3,1,8,9,2.302585092994046,0,0,4,2,9,12,2.5649493574615367,1,0,2,5,2,5,1.791759469228055,0,2,0,5,5,9,2.302585092994046,0,0,4,2,9,5,1.791759469228055,0,2,0,5,5,6,1.9459101490553132,1,0,1,6,6,4,1.6094379124341003,1,1,4,4,4,8,2.1972245773362196,1,2,3,1,8,2,1.0986122886681098,1,2,2,2,2,1,12,137.0
7,2.0794415416798357,0,1,2,0,7,2,1.0986122886681098,1,2,2,2,2,3,1.3862943611198906,0,0,3,3,3,2,1.0986122886681098,1,2,2,2,2,4,1.6094379124341003,1,1,4,4,4,2,1.0986122886681098,1,2,2,2,2,10,2.3978952727983707,1,1,0,3,0,7,2.0794415416798357,0,1,2,0,7,5,1.791759469228055,0,2,0,5,5,5,1.791759469228055,0,2,0,5,5,1,13,128.0
10,2.3978952727983707,1,1,0,3,0,1,0.6931471805599453,0,1,1,1,1,5,1.791759469228055,0,2,0,5,5,1,0.6931471805599453,0,1,1,1,1,4,1.6094379124341003,1,1,4,4,4,2,1.0986122886681098,1,2,2,2,2,3,1.3862943611198906,0,0,3,3,3,3,1.3862943611198906,0,0,3,3,3,3,1.3862943611198906,0,0,3,3,3,2,1.0986122886681098,1,2,2,2,2,1,26,33.0
5,1.791759469228055,0,2,0,5,5,5,1.791759469228055,0,2,0,5,5,9,2.302585092994046,0,0,4,2,9,6,1.9459101490553132,1,0,1,6,6,12,2.5649493574615367,1,0,2,5,2,1,0.6931471805599453,0,1,1,1,1,3,1.3862943611198906,0,0,3,3,3,5,1.791759469228055,0,2,0,5,5,8,2.1972245773362196,1,2,3,1,8,5,1.791759469228055,0,2,0,5,5,1,19,167.0
8,2.1972245773362196,1,2,3,1,8,5,1.791759469228055,0,2,0,5,5,12,2.5649493574615367,1,0,2,5,2,5,1.791759469228055,0,2,0,5,5,7,2.0794415416798357,0,1,2,0,7,6,1.9459101490553132,1,0,1,6,6,9,2.302585092994046,0,0,4,2,9,1,0.6931471805599453,0,1,1,1,1,6,1.9459101490553132,1,0,1,6,6,7,2.0794415416798357,0,1,2,0,7,1,14,1495.0
11,2.4849066497880004,0,2,1,4,1,6,1.9459101490553132,1,0,1,6,6,10,2.3978952727983707,1,1,0,3,0,1,0.6931471805599453,0,1,1,1,1,9,2.302585092994046,0,0,4,2,9,5,1.791759469228055,0,2,0,5,5,6,1.9459101490553132,1,0,1,6,6,1,0.6931471805599453,0,1,1,1,1,3,1.3862943611198906,0,0,3,3,3,4,1.6094379124341003,1,1,4,4,4,1,22,227.0
3,1.3862943611198906,0,0,3,3,3,2,1.0986122886681098,1,2,2,2,2,5,1.791759469228055,0,2,0,5,5,4,1.6094379124341003,1,1,4,4,4,7,2.0794415416798357,0,1,2,0,7,1,0.6931471805599453,0,1,1,1,1,2,1.0986122886681098,1,2,2,2,2,8,2.1972245773362196,1,2,3,1,8,5,1.791759469228055,0,2,0,5,5,8,2.1972245773362196,1,2,3,1,8,1,20,1599.0
6,1.9459101490553132,1,0,1,6,6,2,1.0986122886681098,1,2,2,2,2,5,1.791759469228055,0,2,0,5,5,2,1.0986122886681098,1,2,2,2,2,11,2.4849066497880004,0,2,1,4,1,2,1.0986122886681098,1,2,2,2,2,5,1.791759469228055,0,2,0,5,5,6,1.9459101490553132,1,0,1,6,6,8,2.1972245773362196,1,2,3,1,8,6,1.9459101490553132,1,0,1,6,6,1,19,423.0
7,2.0794415416798357,0,1,2,0,7,1,0.6931471805599453,0,1,1,1,1,3,1.3862943611198906,0,0,3,3,3,6,1.9459101490553132,1,0,1,6,6,10,2.3978952727983707,1,1,0,3,0,1,0.6931471805599453,0,1,1,1,1,4,1.6094379124341003,1,1,4,4,4,5,1.791759469228055,0,2,0,5,5,4,1.6094379124341003,1,1,4,4,4,7,2.0794415416798357,0,1,2,0,7,1,21,907.0
2,1.0986122886681098,1,2,2,2,2,5,1.791759469228055,0,2,0,5,5,6,1.9459101490553132,1,0,1,6,6,4,1.6094379124341003,1,1,4,4,4,11,2.4849066497880004,0,2,1,4,1,1,0.6931471805599453,0,1,1,1,1,9,2.302585092994046,0,0,4,2,9,1,0.6931471805599453,0,1,1,1,1,4,1.6094379124341003,1,1,4,4,4,3,1.3862943611198906,0,0,3,3,3,1,23,1949.0
11,2.4849066497880004,0,2,1,4,1,9,2.302585092994046,0,0,4,2,9,11,2.4849066497880004,0,2,1,4,1,4,1.6094379124341003,1,1,4,4,4,6,1.9459101490553132,1,0,1,6,6,3,1.3862943611198906,0,0,3,3,3,6,1.9459101490553132,1,0,1,6,6,3,1.3862943611198906,0,0,3,3,3,6,1.9459101490553132,1,0,1,6,6,7,2.0794415416798357,0,1,2,0,7,1,13,1571.0
3,1.3862943611198906,0,0,3,3,3,1,0.6931471805599453,0,1,1,1,1,2,1.0986122886681098,1,2,2,2,2,4,1.6094379124341003,1,1,4,4,4,5,1.791759469228055,0,2,0,5,5,2,1.0986122886681098,1,2,2,2,2,3,1.3862943611198906,0,0,3,3,3,7,2.0794415416798357,0,1,2,0,7,2,1.0986122886681098,1,2,2,2,2,6,1.9459101490553132,1,0,1,6,6,1,21,56.0
3,1.3862943611198906,0,0,3,3,3,2,1.0986122886681098,1,2,2,2,2,5,1.791759469228055,0,2,0,5,5,2,1.0986122886681098,1,2,2,2,2,5,1.791759469228055,0,2,0,5,5,7,2.0794415416798357,0,1,2,0,7,8,2.1972245773362196,1,2,3,1,8,6,1.9459101490553132,1,0,1,6,6,2,1.0986122886681098,1,2,2,2,2,2,1.0986122886681098,1,2,2,2,2,1,16,69.0
5,1.791759469228055,0,2,0,5,5,11,2.4849066497880004,0,2,1,4,1,12,2.5649493574615367,1,0,2,5,2,3,1.3862943611198906,0,0,3,3,3,5,1.791759469228055,0,2,0,5,5,4,1.6094379124341003,1,1,4,4,4,6,1.9459101490553132,1,0,1,6,6,4,1.6094379124341003,1,1,4,4,4,4,1.6094379124341003,1,1,4,4,4,3,1.3862943611198906,0,0,3,3,3,1,13,359.0
2,1.0986122886681098,1,2,2,2,2,1,0.6931471805599453,0,1,1,1,1,5,1.791759469228055,0,2,0,5,5,5,1.791759469228055,0,2,0,5,5,8,2.1972245773362196,1,2,3,1,8,1,0.6931471805599453,0,1,1,1,1,2,1.0986122886681098,1,2,2,2,2,1,0.6931471805599453,0,1,1,1,1,8,2.1972245773362196,1,2,3,1,8,1,0.6931471805599453,0,1,1,1,1,1,37,191.0
11,2.4849066497880004,0,2,1,4,1,1,0.6931471805599453,0,1,1,1,1,9,2.302585092994046,0,0,4,2,9,2,1.0986122886681098,1,2,2,2,2,4,1.6094379124341003,1,1,4,4,4,1,0.6931471805599453,0,1,1,1,1,5,1.791759469228055,0,2,0,5,5,4,1.6094379124341003,1,1,4,4,4,4,1.6094379124341003,1,1,4,4,4,2,1.0986122886681098,1,2,2,2,2,1,27,109.0
4,1.6094379124341003,1,1,4,4,4,6,1.9459101490553132,1,0,1,6,6,11,2.4849066497880004,0,2,1,4,1,3,1.3862943611198906,0,0,3,3,3,5,1.791759469228055,0,2,0,5,5,2,1.0986122886681098,1,2,2,2,2,3,1.3862943611198906,0,0,3,3,3,6,1.9459101490553132,1,0,1,6,6,2,1.0986122886681098,1,2,2,2,2,1,0.6931471805599453,0,1,1,1,1,1,22,2173.0
8,2.1972245773362196,1,2,3,1,8,1,0.6931471805599453,0,1,1,1,1,4,1.6094379124341003,1,1,4,4,4,2,1.0986122886681098,1,2,2,2,2,3,1.3862943611198906,0,0,3,3,3,5,1.791759469228055,0,2,0,5,5,7,2.0794415416798357,0,1,2,0,7,1,0.6931471805599453,0,1,1,1,1,3,1.3862943611198906,0,0,3,3,3,2,1.0986122886681098,1,2,2,2,2,1,24,227.0
6,1.9459101490553132,1,0,1,6,6,1,0.6931471805599453,0,1,1,1,1,2,1.0986122886681098,1,2,2,2,2,3,1.3862943611198906,0,0,3,3,3,11,2.4849066497880004,0,2,1,4,1,1,0.6931471805599453,0,1,1,1,1,8,2.1972245773362196,1,2,3,1,8,1,0.6931471805599453,0,1,1,1,1,8,2.1972245773362196,1,2,3,1,8,4,1.6094379124341003,1,1,4,4,4,1,32,923.0
11,2.4849066497880004,0,2,1,4,1,3,1.3862943611198906,0,0,3,3,3,4,1.6094379124341003,1,1,4,4,4,3,1.3862943611198906,0,0,3,3,3,9,2.302585092994046,0,0,4,2,9,3,1.3862943611198906,0,0,3,3,3,12,2.5649493574615367,1,0,2,5,2,3,1.3862943611198906,0,0,3,3,3,7,2.0794415416798357,0,1,2,0,7,6,1.9459101490553132,1,0,1,6,6,1,20,69.0
5,1.791759469228055,0,2,0,5,5,1,0.6931471805599453,0,1,1,1,1,8,2.1972245773362196,1,2,3,1,8,1,0.6931471805599453,0,1,1,1,1,2,1.0986122886681098,1,2,2,2,2,9,2.302585092994046,0,0,4,2,9,12,2.5649493574615367,1,0,2,5,2,7,2.0794415416798357,0,1,2,0,7,1,0.6931471805599453,0,1,1,1,1,1,0.6931471805599453,0,1,1,1,1,1,32,49.0
2,1.0986122886681098,1,2,2,2,2,2,1.0986122886681098,1,2,2,2,2,9,2.302585092994046,0,0,4,2,9,5,1.791759469228055,0,2,0,5,5,8,2.1972245773362196,1,2,3,1,8,1,0.6931471805599453,0,1,1,1,1,3,1.3862943611198906,0,0,3,3,3,5,1.791759469228055,0,2,0,5,5,7,2.0794415416798357,0,1,2,0,7,7,2.0794415416798357,0,1,2,0,7,1,15,299.0
11,2.4849066497880004,0,2,1,4,1,4,1.6094379124341003,1,1,4,4,4,5,1.791759469228055,0,2,0,5,5,5,1.791759469228055,0,2,0,5,5,6,1.9459101490553132,1,0,1,6,6,1,0.6931471805599453,0,1,1,1,1,4,1.6094379124341003,1,1,4,4,4,8,2.1972245773362196,1,2,3,1,8,2,1.0986122886681098,1,2,2,2,2,7,2.0794415416798357,0,1,2,0,7,1,17,121.0
12,2.5649493574615367,1,0,2,5,2,2,1.0986122886681098,1,2,2,2,2,10,2.3978952727983707,1,1,0,3,0,1,0.6931471805599453,0,1,1,1,1,2,1.0986122886681098,1,2,2,2,2,3,1.3862943611198906,0,0,3,3,3,7,2.0794415416798357,0,1,2,0,7,3,1.3862943611198906,0,0,3,3,3,3,1.3862943611198906,0,0,3,3,3,4,1.6094379124341003,1,1,4,4,4,1,23,663.0
4,1.6094379124341003,1,1,4,4,4,6,1.9459101490553132,1,0,1,6,6,7,2.0794415416798357,0,1,2,0,7,3,1.3862943611198906,0,0,3,3,3,10,2.3978952727983707,1,1,0,3,0,10,2.3978952727983707,1,1,0,3,0,11,2.4849066497880004,0,2,1,4,1,6,1.9459101490553132,1,0,1,6,6,5,1.791759469228055,0,2,0,5,5,4,1.6094379124341003,1,1,4,4,4,1,7,159.0
6,1.9459101490553132,1,0,1,6,6,2,1.0986122886681098,1,2,2,2,2,5,1.791759469228055,0,2,0,5,5,9,2.302585092994046,0,0,4,2,9,11,2.4849066497880004,0,2,1,4,1,4,1.6094379124341003,1,1,4,4,4,8,2.1972245773362196,1,2,3,1,8,1,0.6931471805599453,0,1,1,1,1,5,1.791759469228055,0,2,0,5,5,3,1.3862943611198906,0,0,3,3,3,1,16,631.0
9,2.302585092994046,0,0,4,2,9,1,0.6931471805599453,0,1,1,1,1,2,1.0986122886681098,1,2,2,2,2,1,0.6931471805599453,0,1,1,1,1,4,1.6094379124341003,1,1,4,4,4,1,0.6931471805599453,0,1,1,1,1,2,1.0986122886681098,1,2,2,2,2,3,1.3862943611198906,0,0,3,3,3,5,1.791759469228055,0,2,0,5,5,5,1.791759469228055,0,2,0,5,5,1,29,13.0
12,2.5649493574615367,1,0,2,5,2,1,0.6931471805599453,0,1,1,1,1,2,1.0986122886681098,1,2,2,2,2,5,1.791759469228055,0,2,0,5,5,9,2.302585092994046,0,0,4,2,9,2,1.0986122886681098,1,2,2,2,2,3,1.3862943611198906,0,0,3,3,3,4,1.6094379124341003,1,1,4,4,4,2,1.0986122886681098,1,2,2,2,2,6,1.9459101490553132,1,0,1,6,6,1,26,70.0
7,2.0794415416798357,0,1,2,0,7,1,0.6931471805599453,0,1,1,1,1,11,2.4849066497880004,0,2,1,4,1,2,1.0986122886681098,1,2,2,2,2,3,1.3862943611198906,0,0,3,3,3,8,2.1972245773362196,1,2,3,1,8,9,2.302585092994046,0,0,4,2,9,7,2.0794415416798357,0,1,2,0,7,5,1.791759469228055,0,2,0,5,5,7,2.0794415416798357,0,1,2,0,7,1,14,127.0
8,2.1972245773362196,1,2,3,1,8,2,1.0986122886681098,1,2,2,2,2,9,2.302585092994046,0,0,4,2,9,3,1.3862943611198906,0,0,3,3,3,4,1.6094379124341003,1,1,4,4,4,6,1.9459101490553132,1,0,1,6,6,7,2.0794415416798357,0,1,2,0,7,4,1.6094379124341003,1,1,4,4,4,1,0.6931471805599453,0,1,1,1,1,1,0.6931471805599453,0,1,1,1,1,1,26,2641.0
6,1.9459101490553132,1,0,1,6,6,6,1.9459101490553132,1,0,1,6,6,11,2.4849066497880004,0,2,1,4,1,6,1.9459101490553132,1,0,1,6,6,10,2.3978952727983707,1,1,0,3,0,5,1.791759469228055,0,2,0,5,5,9,2.302585092994046,0,0,4,2,9,7,2.0794415416798357,0,1,2,0,7,2,1.0986122886681098,1,2,2,2,2,8,2.1972245773362196,1,2,3,1,8,1,9,118.0
3,1.3862943611198906,0,0,3,3,3,7,2.0794415416798357,0,1,2,0,7,12,2.5649493574615367,1,0,2,5,2,2,1.0986122886681098,1,2,2,2,2,11,2.4849066497880004,0,2,1,4,1,1,0.6931471805599453,0,1,1,1,1,2,1.0986122886681098,1,2,2,2,2,8,2.1972245773362196,1,2,3,1,8,1,0.6931471805599453,0,1,1,1,1,8,2.1972245773362196,1,2,3,1,8,1,26,645.0
8,2.1972245773362196,1,2,3,1,8,3,1.3862943611198906,0,0,3,3,3,4,1.6094379124341003,1,1,4,4,4,2,1.0986122886681098,1,2,2,2,2,10,2.3978952727983707,1,1,0,3,0,4,1.6094379124341003,1,1,4,4,4,12,2.5649493574615367,1,0,2,5,2,5,1.791759469228055,0,2,0,5,5,6,1.9459101490553132,1,0,1,6,6,7,2.0794415416798357,0,1,2,0,7,1,15,1069.0
9,2.302585092994046,0,0,4,2,9,3,1.3862943611198906,0,0,3,3,3,8,2.1972245773362196,1,2,3,1,8,1,0.6931471805599453,0,1,1,1,1,5,1.791759469228055,0,2,0,5,5,1,0.6931471805599453,0,1,1,1,1,3,1.3862943611198906,0,0,3,3,3,8,2.1972245773362196,1,2,3,1,8,5,1.791759469228055,0,2,0,5,5,5,1.791759469228055,0,2,0,5,5,1,24,761.0
12,2.5649493574615367,1,0,2,5,2,2,1.0986122886681098,1,2,2,2,2,8,2.1972245773362196,1,2,3,1,8,5,1.791759469228055,0,2,0,5,5,6,1.9459101490553132,1,0,1,6,6,2,1.0986122886681098,1,2,2,2,2,7,2.0794415416798357,0,1,2,0,7,2,1.0986122886681098,1,2,2,2,2,7,2.0794415416798357,0,1,2,0,7,2,1.0986122886681098,1,2,2,2,2,1,20,853.0
7,2.0794415416798357,0,1,2,0,7,7,2.0794415416798357,0,1,2,0,7,10,2.3978952727983707,1,1,0,3,0,1,0.6931471805599453,0,1,1,1,1,2,1.0986122886681098,1,2,2,2,2,3,1.3862943611198906,0,0,3,3,3,4,1.6094379124341003,1,1,4,4,4,4,1.6094379124341003,1,1,4,4,4,3,1.3862943611198906,0,0,3,3,3,3,1.3862943611198906,0,0,3,3,3,1,17,299.0
9,2.302585092994046,0,0,4,2,9,4,1.6094379124341003,1,1,4,4,4,10,2.3978952727983707,1,1,0,3,0,3,1.3862943611198906,0,0,3,3,3,4,1.6094379124341003,1,1,4,4,4,7,2.0794415416798357,0,1,2,0,7,9,2.302585092994046,0,0,4,2,9,3,1.3862943611198906,0,0,3,3,3,1,0.6931471805599453,0,1,1,1,1,2,1.0986122886681098,1,2,2,2,2,1,19,1811.0
3,1.3862943611198906,0,0,3,3,3,1,0.6931471805599453,0,1,1,1,1,5,1.791759469228055,0,2,0,5,5,2,1.0986122886681098,1,2,2,2,2,10,2.3978952727983707,1,1,0,3,0,4,1.6094379124341003,1,1,4,4,4,7,2.0794415416798357,0,1,2,0,7,3,1.3862943611198906,0,0,3,3,3,3,1.3862943611198906,0,0,3,3,3,3,1.3862943611198906,0,0,3,3,3,1,18,137.0
11,2.4849066497880004,0,2,1,4,1,8,2.1972245773362196,1,2,3,1,8,10,2.3978952727983707,1,1,0,3,0,1,0.6931471805599453,0,1,1,1,1,8,2.1972245773362196,1,2,3,1,8,5,1.791759469228055,0,2,0,5,5,7,2.0794415416798357,0,1,2,0,7,2,1.0986122886681098,1,2,2,2,2,1,0.6931471805599453,0,1,1,1,1,5,1.791759469228055,0,2,0,5,5,1,24,2749.0
7,2.0794415416798357,0,1,2,0,7,1,0.6931471805599453,0,1,1,1,1,8,2.1972245773362196,1,2,3,1,8,10,2.3978952727983707,1,1,0,3,0,11,2.4849066497880004,0,2,1,4,1,3,1.3862943611198906,0,0,3,3,3,4,1.6094379124341003,1,1,4,4,4,2,1.0986122886681098,1,2,2,2,2,3,1.3862943611198906,0,0,3,3,3,6,1.9459101490553132,1,0,1,6,6,1,17,1245.0
10,2.3978952727983707,1,1,0,3,0,8,2.1972245773362196,1,2,3,1,8,11,2.4849066497880004,0,2,1,4,1,9,2.302585092994046,0,0,4,2,9,10,2.3978952727983707,1,1,0,3,0,3,1.3862943611198906,0,0,3,3,3,4,1.6094379124341003,1,1,4,4,4,6,1.9459101490553132,1,0,1,6,6,4,1.6094379124341003,1,1,4,4,4,8,2.1972245773362196,1,2,3,1,8,1,9,3391.0
5,1.791759469228055,0,2,0,5,5,3,1.3862943611198906,0,0,3,3,3,5,1.791759469228055,0,2,0,5,5,5,1.791759469228055,0,2,0,5,5,6,1.9459101490553132,1,0,1,6,6,1,0.6931471805599453,0,1,1,1,1,8,2.1972245773362196,1,2,3,1,8,7,2.0794415416798357,0,1,2,0,7,2,1.0986122886681098,1,2,2,2,2,1,0.6931471805599453,0,1,1,1,1,1,23,1391.0
9,2.302585092994046,0,0,4,2,9,1,0.6931471805599453,0,1,1,1,1,2,1.0986122886681098,1,2,2,2,2,8,2.1972245773362196,1,2,3,1,8,11,2.4849066497880004,0,2,1,4,1,8,2.1972245773362196,1,2,3,1,8,10,2.3978952727983707,1,1,0,3,0,7,2.0794415416798357,0,1,2,0,7,8,2.1972245773362196,1,2,3,1,8,6,1.9459101490553132,1,0,1,6,6,1,17,335.0
9,2.302585092994046,0,0,4,2,9,1,0.6931471805599453,0,1,1,1,1,2,1.0986122886681098,1,2,2,2,2,1,0.6931471805599453,0,1,1,1,1,5,1.791759469228055,0,2,0,5,5,10,2.3978952727983707,1,1,0,3,0,11,2.4849066497880004,0,2,1,4,1,1,0.6931471805599453,0,1,1,1,1,4,1.6094379124341003,1,1,4,4,4,3,1.3862943611198906,0,0,3,3,3,1,28,1193.0
6,1.9459101490553132,1,0,1,6,6,2,1.0986122886681098,1,2,2,2,2,3,1.3862943611198906,0,0,3,3,3,4,1.6094379124341003,1,1,4,4,4,6,1.9459101490553132,1,0,1,6,6,7,2.0794415416798357,0,1,2,0,7,10,2.3978952727983707,1,1,0,3,0,1,0.6931471805599453,0,1,1,1,1,5,1.791759469228055,0,2,0,5,5,8,2.1972245773362196,1,2,3,1,8,1,19,313.0
12,2.5649493574615367,1,0,2,5,2,3,1.3862943611198906,0,0,3,3,3,5,1.791759469228055,0,2,0,5,5,1,0.6931471805599453,0,1,1,1,1,2,1.0986122886681098,1,2,2,2,2,1,0.6931471805599453,0,1,1,1,1,4,1.6094379124341003,1,1,4,4,4,4,1.6094379124341003,1,1,4,4,4,4,1.6094379124341003,1,1,4,4,4,6,1.9459101490553132,1,0,1,6,6,1,31,15.0
8,2.1972245773362196,1,2,3,1,8,1,0.6931471805599453,0,1,1,1,1,4,1.6094379124341003,1,1,4,4,4,1,0.6931471805599453,0,1,1,1,1,2,1.0986122886681098,1,2,2,2,2,1,0.6931471805599453,0,1,1,1,1,7,2.0794415416798357,0,1,2,0,7,5,1.791759469228055,0,2,0,5,5,7,2.0794415416798357,0,1,2,0,7,6,1.9459101490553132,1,0,1,6,6,1,29,349.0
4,1.6094379124341003,1,1,4,4,4,5,1.791759469228055,0,2,0,5,5,11,2.4849066497880004,0,2,1,4,1,3,1.3862943611198906,0,0,3,3,3,10,2.3978952727983707,1,1,0,3,0,4,1.6094379124341003,1,1,4,4,4,5,1.791759469228055,0,2,0,5,5,5,1.791759469228055,0,2,0,5,5,4,1.6094379124341003,1,1,4,4,4,5,1.791759469228055,0,2,0,5,5,1,13,448.0
6,1.9459101490553132,1,0,1,6,6,4,1.6094379124341003,1,1,4,4,4,8,2.1972245773362196,1,2,3,1,8,3,1.3862943611198906,0,0,3,3,3,9,2.302585092994046,0,0,4,2,9,1,0.6931471805599453,0,1,1,1,1,2,1.0986122886681098,1,2,2,2,2,2,1.0986122886681098,1,2,2,2,2,8,2.1972245773362196,1,2,3,1,8,8,2.1972245773362196,1,2,3,1,8,1,28,55.0
5,1.791759469228055,0,2,0,5,5,3,1.3862943611198906,0,0,3,3,3,4,1.6094379124341003,1,1,4,4,4,1,0.6931471805599453,0,1,1,1,1,3,1.3862943611198906,0,0,3,3,3,2,1.0986122886681098,1,2,2,2,2,3,1.3862943611198906,0,0,3,3,3,5,1.791759469228055,0,2,0,5,5,8,2.1972245773362196,1,2,3,1,8,2,1.0986122886681098,1,2,2,2,2,1,19,41.0
6,1.9459101490553132,1,0,1,6,6,8,2.1972245773362196,1,2,3,1,8,9,2.302585092994046,0,0,4,2,9,6,1.9459101490553132,1,0,1,6,6,8,2.1972245773362196,1,2,3,1,8,6,1.9459101490553132,1,0,1,6,6,11,2.4849066497880004,0,2,1,4,1,7,2.0794415416798357,0,1,2,0,7,7,2.0794415416798357,0,1,2,0,7,3,1.3862943611198906,0,0,3,3,3,1,9,5153.0
11,2.4849066497880004,0,2,1,4,1,1,0.6931471805599453,0,1,1,1,1,2,1.0986122886681098,1,2,2,2,2,2,1.0986122886681098,1,2,2,2,2,11,2.4849066497880004,0,2,1,4,1,2,1.0986122886681098,1,2,2,2,2,3,1.3862943611198906,0,0,3,3,3,8,2.1972245773362196,1,2,3,1,8,2,1.0986122886681098,1,2,2,2,2,3,1.3862943611198906,0,0,3,3,3,1,21,79.0
10,2.3978952727983707,1,1,0,3,0,3,1.3862943611198906,0,0,3,3,3,7,2.0794415416798357,0,1,2,0,7,2,1.0986122886681098,1,2,2,2,2,11,2.4849066497880004,0,2,1,4,1,2,1.0986122886681098,1,2,2,2,2,6,1.9459101490553132,1,0,1,6,6,6,1.9459101490553132,1,0,1,6,6,5,1.791759469228055,0,2,0,5,5,2,1.0986122886681098,1,2,2,2,2,1,16,167.0
3,1.3862943611198906,0,0,3,3,3,10,2.3978952727983707,1,1,0,3,0,12,2.5649493574615367,1,0,2,5,2,5,1.791759469228055,0,2,0,5,5,12,2.5649493574615367,1,0,2,5,2,1,0.6931471805599453,0,1,1,1,1,5,1.791759469228055,0,2,0,5,5,1,0.6931471805599453,0,1,1,1,1,2,1.0986122886681098,1,2,2,2,2,7,2.0794415416798357,0,1,2,0,7,1,26,403.0
6,1.9459101490553132,1,0,1,6,6,2,1.0986122886681098,1,2,2,2,2,4,1.6094379124341003,1,1,4,4,4,3,1.3862943611198906,0,0,3,3,3,4,1.6094379124341003,1,1,4,4,4,3,1.3862943611198906,0,0,3,3,3,9,2.302585092994046,0,0,4,2,9,2,1.0986122886681098,1,2,2,2,2,4,1.6094379124341003,1,1,4,4,4,1,0.6931471805599453,0,1,1,1,1,1,26,35.0
3,1.3862943611198906,0,0,3,3,3,10,2.3978952727983707,1,1,0,3,0,12,2.5649493574615367,1,0,2,5,2,4,1.6094379124341003,1,1,4,4,4,11,2.4849066497880004,0,2,1,4,1,6,1.9459101490553132,1,0,1,6,6,11,2.4849066497880004,0,2,1,4,1,2,1.0986122886681098,1,2,2,2,2,7,2.0794415416798357,0,1,2,0,7,1,0.6931471805599453,0,1,1,1,1,1,18,22.0
11,2.4849066497880004,0,2,1,4,1,2,1.0986122886681098,1,2,2,2,2,8,2.1972245773362196,1,2,3,1,8,5,1.791759469228055,0,2,0,5,5,11,2.4849066497880004,0,2,1,4,1,9,2.302585092994046,0,0,4,2,9,10,2.3978952727983707,1,1,0,3,0,5,1.791759469228055,0,2,0,5,5,3,1.3862943611198906,0,0,3,3,3,4,1.6094379124341003,1,1,4,4,4,1,9,3309.0
4,1.6094379124341003,1,1,4,4,4,3,1.3862943611198906,0,0,3,3,3,7,2.0794415416798357,0,1,2,0,7,2,1.0986122886681098,1,2,2,2,2,8,2.1972245773362196,1,2,3,1,8,2,1.0986122886681098,1,2,2,2,2,8,2.1972245773362196,1,2,3,1,8,8,2.1972245773362196,1,2,3,1,8,2,1.0986122886681098,1,2,2,2,2,1,0.6931471805599453,0,1,1,1,1,1,30,225.0
4,1.6094379124341003,1,1,4,4,4,5,1.791759469228055,0,2,0,5,5,8,2.1972245773362196,1,2,3,1,8,5,1.791759469228055,0,2,0,5,5,11,2.4849066497880004,0,2,1,4,1,9,2.302585092994046,0,0,4,2,9,12,2.5649493574615367,1,0,2,5,2,2,1.0986122886681098,1,2,2,2,2,6,1.9459101490553132,1,0,1,6,6,1,0.6931471805599453,0,1,1,1,1,1,17,1209.0
6,1.9459101490553132,1,0,1,6,6,10,2.3978952727983707,1,1,0,3,0,12,2.5649493574615367,1,0,2,5,2,2,1.0986122886681098,1,2,2,2,2,7,2.0794415416798357,0,1,2,0,7,4,1.6094379124341003,1,1,4,4,4,7,2.0794415416798357,0,1,2,0,7,2,1.0986122886681098,1,2,2,2,2,3,1.3862943611198906,0,0,3,3,3,6,1.9459101490553132,1,0,1,6,6,1,19,205.0
7,2.0794415416798357,0,1,2,0,7,5,1.791759469228055,0,2,0,5,5,6,1.9459101490553132,1,0,1,6,6,7,2.0794415416798357,0,1,2,0,7,9,2.302585092994046,0,0,4,2,9,2,1.0986122886681098,1,2,2,2,2,12,2.5649493574615367,1,0,2,5,2,4,1.6094379124341003,1,1,4,4,4,3,1.3862943611198906,0,0,3,3,3,2,1.0986122886681098,1,2,2,2,2,1,13,6.0
7,2.0794415416798357,0,1,2,0,7,2,1.0986122886681098,1,2,2,2,2,10,2.3978952727983707,1,1,0,3,0,4,1.6094379124341003,1,1,4,4,4,5,1.791759469228055,0,2,0,5,5,2,1.0986122886681098,1,2,2,2,2,4,1.6094379124341003,1,1,4,4,4,2,1.0986122886681098,1,2,2,2,2,1,0.6931471805599453,0,1,1,1,1,1,0.6931471805599453,0,1,1,1,1,1,31,63.0
11,2.4849066497880004,0,2,1,4,1,1,0.6931471805599453,0,1,1,1,1,5,1.791759469228055,0,2,0,5,5,1,0.6931471805599453,0,1,1,1,1,5,1.791759469228055,0,2,0,5,5,5,1.791759469228055,0,2,0,5,5,12,2.5649493574615367,1,0,2,5,2,6,1.9459101490553132,1,0,1,6,6,5,1.791759469228055,0,2,0,5,5,1,0.6931471805599453,0,1,1,1,1,1,31,551.0
8,2.1972245773362196,1,2,3,1,8,6,1.9459101490553132,1,0,1,6,6,9,2.302585092994046,0,0,4,2,9,2,1.0986122886681098,1,2,2,2,2,7,2.0794415416798357,0,1,2,0,7,1,0.6931471805599453,0,1,1,1,1,6,1.9459101490553132,1,0,1,6,6,7,2.0794415416798357,0,1,2,0,7,4,1.6094379124341003,1,1,4,4,4,3,1.3862943611198906,0,0,3,3,3,1,19,159.0
8,2.1972245773362196,1,2,3,1,8,6,1.9459101490553132,1,0,1,6,6,9,2.302585092994046,0,0,4,2,9,3,1.3862943611198906,0,0,3,3,3,10,2.3978952727983707,1,1,0,3,0,7,2.0794415416798357,0,1,2,0,7,11,2.4849066497880004,0,2,1,4,1,2,1.0986122886681098,1,2,2,2,2,3,1.3862943611198906,0,0,3,3,3,7,2.0794415416798357,0,1,2,0,7,1,9,4801.0
7,2.0794415416798357,0,1,2,0,7,1,0.6931471805599453,0,1,1,1,1,5,1.791759469228055,0,2,0,5,5,1,0.6931471805599453,0,1,1,1,1,7,2.0794415416798357,0,1,2,0,7,1,0.6931471805599453,0,1,1,1,1,2,1.0986122886681098,1,2,2,2,2,2,1.0986122886681098,1,2,2,2,2,5,1.791759469228055,0,2,0,5,5,3,1.3862943611198906,0,0,3,3,3,1,27,547.0
2,1.0986122886681098,1,2,2,2,2,1,0.6931471805599453,0,1,1,1,1,5,1.791759469228055,0,2,0,5,5,1,0.6931471805599453,0,1,1,1,1,5,1.791759469228055,0,2,0,5,5,3,1.3862943611198906,0,0,3,3,3,7,2.0794415416798357,0,1,2,0,7,7,2.0794415416798357,0,1,2,0,7,7,2.0794415416798357,0,1,2,0,7,2,1.0986122886681098,1,2,2,2,2,1,22,29.0
10,2.3978952727983707,1,1,0,3,0,2,1.0986122886681098,1,2,2,2,2,6,1.9459101490553132,1,0,1,6,6,2,1.0986122886681098,1,2,2,2,2,11,2.4849066497880004,0,2,1,4,1,10,2.3978952727983707,1,1,0,3,0,11,2.4849066497880004,0,2,1,4,1,7,2.0794415416798357,0,1,2,0,7,6,1.9459101490553132,1,0,1,6,6,5,1.791759469228055,0,2,0,5,5,1,14,59.0
8,2.1972245773362196,1,2,3,1,8,1,0.6931471805599453,0,1,1,1,1,2,1.0986122886681098,1,2,2,2,2,1,0.6931471805599453,0,1,1,1,1,2,1.0986122886681098,1,2,2,2,2,5,1.791759469228055,0,2,0,5,5,6,1.9459101490553132,1,0,1,6,6,5,1.791759469228055,0,2,0,5,5,8,2.1972245773362196,1,2,3,1,8,2,1.0986122886681098,1,2,2,2,2,1,31,32.0
2,1.0986122886681098,1,2,2,2,2,2,1.0986122886681098,1,2,2,2,2,11,2.4849066497880004,0,2,1,4,1,3,1.3862943611198906,0,0,3,3,3,7,2.0794415416798357,0,1,2,0,7,1,0.6931471805599453,0,1,1,1,1,2,1.0986122886681098,1,2,2,2,2,3,1.3862943611198906,0,0,3,3,3,3,1.3862943611198906,0,0,3,3,3,5,1.791759469228055,0,2,0,5,5,1,15,761.0
9,2.302585092994046,0,0,4,2,9,1,0.6931471805599453,0,1,1,1,1,2,1.0986122886681098,1,2,2,2,2,2,1.0986122886681098,1,2,2,2,2,10,2.3978952727983707,1,1,0,3,0,3,1.3862943611198906,0,0,3,3,3,4,1.6094379124341003,1,1,4,4,4,5,1.791759469228055,0,2,0,5,5,8,2.1972245773362196,1,2,3,1,8,1,0.6931471805599453,0,1,1,1,1,1,27,349.0
2,1.0986122886681098,1,2,2,2,2,1,0.6931471805599453,0,1,1,1,1,2,1.0986122886681098,1,2,2,2,2,5,1.791759469228055,0,2,0,5,5,6,1.9459101490553132,1,0,1,6,6,1,0.6931471805599453,0,1,1,1,1,12,2.5649493574615367,1,0,2,5,2,8,2.1972245773362196,1,2,3,1,8,4,1.6094379124341003,1,1,4,4,4,7,2.0794415416798357,0,1,2,0,7,1,29,21.0
9,2.302585092994046,0,0,4,2,9,3,1.3862943611198906,0,0,3,3,3,4,1.6094379124341003,1,1,4,4,4,1,0.6931471805599453,0,1,1,1,1,3,1.3862943611198906,0,0,3,3,3,1,0.6931471805599453,0,1,1,1,1,12,2.5649493574615367,1,0,2,5,2,2,1.0986122886681098,1,2,2,2,2,2,1.0986122886681098,1,2,2,2,2,8,2.1972245773362196,1,2,3,1,8,1,31,79.0
4,1.6094379124341003,1,1,4,4,4,2,1.0986122886681098,1,2,2,2,2,3,1.3862943611198906,0,0,3,3,3,3,1.3862943611198906,0,0,3,3,3,5,1.791759469228055,0,2,0,5,5,2,1.0986122886681098,1,2,2,2,2,12,2.5649493574615367,1,0,2,5,2,4,1.6094379124341003,1,1,4,4,4,4,1.6094379124341003,1,1,4,4,4,3,1.3862943611198906,0,0,3,3,3,1,21,61.0
6,1.9459101490553132,1,0,1,6,6,4,1.6094379124341003,1,1,4,4,4,9,2.302585092994046,0,0,4,2,9,2,1.0986122886681098,1,2,2,2,2,8,2.1972245773362196,1,2,3,1,8,10,2.3978952727983707,1,1,0,3,0,11,2.4849066497880004,0,2,1,4,1,8,2.1972245773362196,1,2,3,1,8,4,1.6094379124341003,1,1,4,4,4,8,2.1972245773362196,1,2,3,1,8,1,17,367.0
4,1.6094379124341003,1,1,4,4,4,4,1.6094379124341003,1,1,4,4,4,11,2.4849066497880004,0,2,1,4,1,5,1.791759469228055,0,2,0,5,5,9,2.302585092994046,0,0,4,2,9,1,0.6931471805599453,0,1,1,1,1,6,1.9459101490553132,1,0,1,6,6,1,0.6931471805599453,0,1,1,1,1,1,0.6931471805599453,0,1,1,1,1,3,1.3862943611198906,0,0,3,3,3,1,27,595.0
9,2.302585092994046,0,0,4,2,9,3,1.3862943611198906,0,0,3,3,3,10,2.3978952727983707,1,1,0,3,0,2,1.0986122886681098,1,2,2,2,2,5,1.791759469228055,0,2,0,5,5,1,0.6931471805599453,0,1,1,1,1,4,1.6094379124341003,1,1,4,4,4,8,2.1972245773362196,1,2,3,1,8,5,1.791759469228055,0,2,0,5,5,8,2.1972245773362196,1,2,3,1,8,1,20,311.0
5,1.791759469228055,0,2,0,5,5,4,1.6094379124341003,1,1,4,4,4,7,2.0794415416798357,0,1,2,0,7,8,2.1972245773362196,1,2,3,1,8,9,2.302585092994046,0,0,4,2,9,1,0.6931471805599453,0,1,1,1,1,12,2.5649493574615367,1,0,2,5,2,7,2.0794415416798357,0,1,2,0,7,5,1.791759469228055,0,2,0,5,5,5,1.791759469228055,0,2,0,5,5,1,15,407.0
4,1.6094379124341003,1,1,4,4,4,8,2.1972245773362196,1,2,3,1,8,11,2.4849066497880004,0,2,1,4,1,7,2.0794415416798357,0,1,2,0,7,10,2.3978952727983707,1,1,0,3,0,2,1.0986122886681098,1,2,2,2,2,11,2.4849066497880004,0,2,1,4,1,7,2.0794415416798357,0,1,2,0,7,2,1.0986122886681098,1,2,2,2,2,6,1.9459101490553132,1,0,1,6,6,1,12,2041.0
7,2.0794415416798357,0,1,2,0,7,4,1.6094379124341003,1,1,4,4,4,9,2.302585092994046,0,0,4,2,9,5,1.791759469228055,0,2,0,5,5,6,1.9459101490553132,1,0,1,6,6,3,1.3862943611198906,0,0,3,3,3,5,1.791759469228055,0,2,0,5,5,1,0.6931471805599453,0,1,1,1,1,8,2.1972245773362196,1,2,3,1,8,6,1.9459101490553132,1,0,1,6,6,1,15,1751.0
8,2.1972245773362196,1,2,3,1,8,1,0.6931471805599453,0,1,1,1,1,2,1.0986122886681098,1,2,2,2,2,5,1.791759469228055,0,2,0,5,5,7,2.0794415416798357,0,1,2,0,7,1,0.6931471805599453,0,1,1,1,1,2,1.0986122886681098,1,2,2,2,2,8,2.1972245773362196,1,2,3,1,8,7,2.0794415416798357,0,1,2,0,7,8,2.1972245773362196,1,2,3,1,8,1,28,199.0
4,1.6094379124341003,1,1,4,4,4,10,2.3978952727983707,1,1,0,3,0,12,2.5649493574615367,1,0,2,5,2,2,1.0986122886681098,1,2,2,2,2,9,2.302585092994046,0,0,4,2,9,1,0.6931471805599453,0,1,1,1,1,2,1.0986122886681098,1,2,2,2,2,5,1.791759469228055,0,2,0,5,5,2,1.0986122886681098,1,2,2,2,2,4,1.6094379124341003,1,1,4,4,4,1,28,25.0
12,2.5649493574615367,1,0,2,5,2,3,1.3862943611198906,0,0,3,3,3,7,2.0794415416798357,0,1,2,0,7,3,1.3862943611198906,0,0,3,3,3,6,1.9459101490553132,1,0,1,6,6,1,0.6931471805599453,0,1,1,1,1,3,1.3862943611198906,0,0,3,3,3,4,1.6094379124341003,1,1,4,4,4,4,1.6094379124341003,1,1,4,4,4,7,2.0794415416798357,0,1,2,0,7,1,23,625.0
12,2.5649493574615367,1,0,2,5,2,10,2.3978952727983707,1,1,0,3,0,12,2.5649493574615367,1,0,2,5,2,8,2.1972245773362196,1,2,3,1,8,11,2.4849066497880004,0,2,1,4,1,3,1.3862943611198906,0,0,3,3,3,4,1.6094379124341003,1,1,4,4,4,2,1.0986122886681098,1,2,2,2,2,2,1.0986122886681098,1,2,2,2,2,1,0.6931471805599453,0,1,1,1,1,1,26,213.0
4,1.6094379124341003,1,1,4,4,4,1,0.6931471805599453,0,1,1,1,1,7,2.0794415416798357,0,1,2,0,7,5,1.791759469228055,0,2,0,5,5,12,2.5649493574615367,1,0,2,5,2,7,2.0794415416798357,0,1,2,0,7,8,2.1972245773362196,1,2,3,1,8,2,1.0986122886681098,1,2,2,2,2,5,1.791759469228055,0,2,0,5,5,3,1.3862943611198906,0,0,3,3,3,1,17,1907.0
10,2.3978952727983707,1,1,0,3,0,2,1.0986122886681098,1,2,2,2,2,5,1.791759469228055,0,2,0,5,5,1,0.6931471805599453,0,1,1,1,1,2,1.0986122886681098,1,2,2,2,2,4,1.6094379124341003,1,1,4,4,4,10,2.3978952727983707,1,1,0,3,0,3,1.3862943611198906,0,0,3,3,3,7,2.0794415416798357,0,1,2,0,7,2,1.0986122886681098,1,2,2,2,2,1,24,121.0
8,2.1972245773362196,1,2,3,1,8,4,1.6094379124341003,1,1,4,4,4,6,1.9459101490553132,1,0,1,6,6,4,1.6094379124341003,1,1,4,4,4,5,1.791759469228055,0,2,0,5,5,6,1.9459101490553132,1,0,1,6,6,7,2.0794415416798357,0,1,2,0,7,4,1.6094379124341003,1,1,4,4,4,2,1.0986122886681098,1,2,2,2,2,5,1.791759469228055,0,2,0,5,5,1,14,998.0
8,2.1972245773362196,1,2,3,1,8,1,0.6931471805599453,0,1,1,1,1,3,1.3862943611198906,0,0,3,3,3,8,2.1972245773362196,1,2,3,1,8,9,2.302585092994046,0,0,4,2,9,1,0.6931471805599453,0,1,1,1,1,4,1.6094379124341003,1,1,4,4,4,2,1.0986122886681098,1,2,2,2,2,5,1.791759469228055,0,2,0,5,5,1,0.6931471805599453,0,1,1,1,1,1,31,101.0
2,1.0986122886681098,1,2,2,2,2,1,0.6931471805599453,0,1,1,1,1,7,2.0794415416798357,0,1,2,0,7,1,0.6931471805599453,0,1,1,1,1,3,1.3862943611198906,0,0,3,3,3,1,0.6931471805599453,0,1,1,1,1,8,2.1972245773362196,1,2,3,1,8,7,2.0794415416798357,0,1,2,0,7,8,2.1972245773362196,1,2,3,1,8,4,1.6094379124341003,1,1,4,4,4,1,31,1555.0
11,2.4849066497880004,0,2,1,4,1,2,1.0986122886681098,1,2,2,2,2,7,2.0794415416798357,0,1,2,0,7,6,1.9459101490553132,1,0,1,6,6,9,2.302585092994046,0,0,4,2,9,1,0.6931471805599453,0,1,1,1,1,2,1.0986122886681098,1,2,2,2,2,1,0.6931471805599453,0,1,1,1,1,2,1.0986122886681098,1,2,2,2,2,3,1.3862943611198906,0,0,3,3,3,1,25,319.0
11,2.4849066497880004,0,2,1,4,1,2,1.0986122886681098,1,2,2,2,2,9,2.302585092994046,0,0,4,2,9,2,1.0986122886681098,1,2,2,2,2,4,1.6094379124341003,1,1,4,4,4,1,0.6931471805599453,0,1,1,1,1,2,1.0986122886681098,1,2,2,2,2,2,1.0986122886681098,1,2,2,2,2,5,1.791759469228055,0,2,0,5,5,7,2.0794415416798357,0,1,2,0,7,1,19,19.0
9,2.302585092994046,0,0,4,2,9,6,1.9459101490553132,1,0,1,6,6,10,2.3978952727983707,1,1,0,3,0,1,0.6931471805599453,0,1,1,1,1,6,1.9459101490553132,1,0,1,6,6,3,1.3862943611198906,0,0,3,3,3,5,1.791759469228055,0,2,0,5,5,7,2.0794415416798357,0,1,2,0,7,1,0.6931471805599453,0,1,1,1,1,3,1.3862943611198906,0,0,3,3,3,1,26,163.0
4,1.6094379124341003,1,1,4,4,4,5,1.791759469228055,0,2,0,5,5,11,2.4849066497880004,0,2,1,4,1,5,1.791759469228055,0,2,0,5,5,8,2.1972245773362196,1,2,3,1,8,3,1.3862943611198906,0,0,3,3,3,5,1.791759469228055,0,2,0,5,5,5,1.791759469228055,0,2,0,5,5,3,1.3862943611198906,0,0,3,3,3,6,1.9459101490553132,1,0,1,6,6,1,10,7817.0
2,1.0986122886681098,1,2,2,2,2,2,1.0986122886681098,1,2,2,2,2,4,1.6094379124341003,1,1,4,4,4,1,0.6931471805599453,0,1,1,1,1,2,1.0986122886681098,1,2,2,2,2,1,0.6931471805599453,0,1,1,1,1,8,2.1972245773362196,1,2,3,1,8,6,1.9459101490553132,1,0,1,6,6,4,1.6094379124341003,1,1,4,4,4,6,1.9459101490553132,1,0,1,6,6,1,39,57.0
4,1.6094379124341003,1,1,4,4,4,1,0.6931471805599453,0,1,1,1,1,6,1.9459101490553132,1,0,1,6,6,9,2.302585092994046,0,0,4,2,9,10,2.3978952727983707,1,1,0,3,0,5,1.791759469228055,0,2,0,5,5,8,2.1972245773362196,1,2,3,1,8,2,1.0986122886681098,1,2,2,2,2,8,2.1972245773362196,1,2,3,1,8,6,1.9459101490553132,1,0,1,6,6,1,20,1067.0
7,2.0794415416798357,0,1,2,0,7,1,0.6931471805599453,0,1,1,1,1,9,2.302585092994046,0,0,4,2,9,2,1.0986122886681098,1,2,2,2,2,3,1.3862943611198906,0,0,3,3,3,1,0.6931471805599453,0,1,1,1,1,2,1.0986122886681098,1,2,2,2,2,4,1.6094379124341003,1,1,4,4,4,1,0.6931471805599453,0,1,1,1,1,8,2.1972245773362196,1,2,3,1,8,1,31,27.0
3,1.3862943611198906,0,0,3,3,3,2,1.0986122886681098,1,2,2,2,2,4,1.6094379124341003,1,1,4,4,4,6,1.9459101490553132,1,0,1,6,6,7,2.0794415416798357,0,1,2,0,7,7,2.0794415416798357,0,1,2,0,7,8,2.1972245773362196,1,2,3,1,8,6,1.9459101490553132,1,0,1,6,6,4,1.6094379124341003,1,1,4,4,4,4,1.6094379124341003,1,1,4,4,4,1,16,653.0
7,2.0794415416798357,0,1,2,0,7,4,1.6094379124341003,1,1,4,4,4,5,1.791759469228055,0,2,0,5,5,4,1.6094379124341003,1,1,4,4,4,8,2.1972245773362196,1,2,3,1,8,2,1.0986122886681098,1,2,2,2,2,7,2.0794415416798357,0,1,2,0,7,3,1.3862943611198906,0,0,3,3,3,4,1.6094379124341003,1,1,4,4,4,1,0.6931471805599453,0,1,1,1,1,1,20,5.0
11,2.4849066497880004,0,2,1,4,1,1,0.6931471805599453,0,1,1,1,1,2,1.0986122886681098,1,2,2,2,2,6,1.9459101490553132,1,0,1,6,6,11,2.4849066497880004,0,2,1,4,1,4,1.6094379124341003,1,1,4,4,4,11,2.4849066497880004,0,2,1,4,1,5,1.791759469228055,0,2,0,5,5,5,1.791759469228055,0,2,0,5,5,1,0.6931471805599453,0,1,1,1,1,1,23,131.0
2,1.0986122886681098,1,2,2,2,2,2,1.0986122886681098,1,2,2,2,2,9,2.302585092994046,0,0,4,2,9,3,1.3862943611198906,0,0,3,3,3,10,2.3978952727983707,1,1,0,3,0,3,1.3862943611198906,0,0,3,3,3,5,1.791759469228055,0,2,0,5,5,6,1.9459101490553132,1,0,1,6,6,8,2.1972245773362196,1,2,3,1,8,1,0.6931471805599453,0,1,1,1,1,1,22,29.0
5,1.791759469228055,0,2,0,5,5,7,2.0794415416798357,0,1,2,0,7,9,2.302585092994046,0,0,4,2,9,7,2.0794415416798357,0,1,2,0,7,10,2.3978952727983707,1,1,0,3,0,10,2.3978952727983707,1,1,0,3,0,11,2.4849066497880004,0,2,1,4,1,1,0.6931471805599453,0,1,1,1,1,5,1.791759469228055,0,2,0,5,5,2,1.0986122886681098,1,2,2,2,2,1,18,14849.0
6,1.9459101490553132,1,0,1,6,6,4,1.6094379124341003,1,1,4,4,4,9,2.302585092994046,0,0,4,2,9,2,1.0986122886681098,1,2,2,2,2,4,1.6094379124341003,1,1,4,4,4,1,0.6931471805599453,0,1,1,1,1,7,2.0794415416798357,0,1,2,0,7,4,1.6094379124341003,1,1,4,4,4,4,1.6094379124341003,1,1,4,4,4,8,2.1972245773362196,1,2,3,1,8,1,25,152.0
8,2.1972245773362196,1,2,3,1,8,1,0.6931471805599453,0,1,1,1,1,11,2.4849066497880004,0,2,1,4,1,4,1.6094379124341003,1,1,4,4,4,8,2.1972245773362196,1,2,3,1,8,6,1.9459101490553132,1,0,1,6,6,12,2.5649493574615367,1,0,2,5,2,6,1.9459101490553132,1,0,1,6,6,1,0.6931471805599453,0,1,1,1,1,5,1.791759469228055,0,2,0,5,5,1,24,127.0
8,2.1972245773362196,1,2,3,1,8,4,1.6094379124341003,1,1,4,4,4,10,2.3978952727983707,1,1,0,3,0,1,0.6931471805599453,0,1,1,1,1,5,1.791759469228055,0,2,0,5,5,5,1.791759469228055,0,2,0,5,5,9,2.302585092994046,0,0,4,2,9,5,1.791759469228055,0,2,0,5,5,3,1.3862943611198906,0,0,3,3,3,7,2.0794415416798357,0,1,2,0,7,1,17,289.0
9,2.302585092994046,0,0,4,2,9,1,0.6931471805599453,0,1,1,1,1,4,1.6094379124341003,1,1,4,4,4,3,1.3862943611198906,0,0,3,3,3,4,1.6094379124341003,1,1,4,4,4,3,1.3862943611198906,0,0,3,3,3,11,2.4849066497880004,0,2,1,4,1,8,2.1972245773362196,1,2,3,1,8,1,0.6931471805599453,0,1,1,1,1,3,1.3862943611198906,0,0,3,3,3,1,26,603.0
2,1.0986122886681098,1,2,2,2,2,4,1.6094379124341003,1,1,4,4,4,5,1.791759469228055,0,2,0,5,5,5,1.791759469228055,0,2,0,5,5,11,2.4849066497880004,0,2,1,4,1,3,1.3862943611198906,0,0,3,3,3,4,1.6094379124341003,1,1,4,4,4,2,1.0986122886681098,1,2,2,2,2,4,1.6094379124341003,1,1,4,4,4,5,1.791759469228055,0,2,0,5,5,1,13,1857.0
8,2.1972245773362196,1,2,3,1,8,2,1.0986122886681098,1,2,2,2,2,9,2.302585092994046,0,0,4,2,9,6,1.9459101490553132,1,0,1,6,6,10,2.3978952727983707,1,1,0,3,0,9,2.302585092994046,0,0,4,2,9,11,2.4849066497880004,0,2,1,4,1,7,2.0794415416798357,0,1,2,0,7,2,1.0986122886681098,1,2,2,2,2,5,1.791759469228055,0,2,0,5,5,1,9,8969.0
3,1.3862943611198906,0,0,3,3,3,3,1.3862943611198906,0,0,3,3,3,11,2.4849066497880004,0,2,1,4,1,5,1.791759469228055,0,2,0,5,5,10,2.3978952727983707,1,1,0,3,0,1,0.6931471805599453,0,1,1,1,1,4,1.6094379124341003,1,1,4,4,4,6,1.9459101490553132,1,0,1,6,6,6,1.9459101490553132,1,0,1,6,6,1,0.6931471805599453,0,1,1,1,1,1,24,229.0
10,2.3978952727983707,1,1,0,3,0,3,1.3862943611198906,0,0,3,3,3,6,1.9459101490553132,1,0,1,6,6,7,2.0794415416798357,0,1,2,0,7,8,2.1972245773362196,1,2,3,1,8,3,1.3862943611198906,0,0,3,3,3,6,1.9459101490553132,1,0,1,6,6,2,1.0986122886681098,1,2,2,2,2,3,1.3862943611198906,0,0,3,3,3,4,1.6094379124341003,1,1,4,4,4,1,16,53.0
9,2.302585092994046,0,0,4,2,9,3,1.3862943611198906,0,0,3,3,3,6,1.9459101490553132,1,0,1,6,6,1,0.6931471805599453,0,1,1,1,1,7,2.0794415416798357,0,1,2,0,7,1,0.6931471805599453,0,1,1,1,1,2,1.0986122886681098,1,2,2,2,2,6,1.9459101490553132,1,0,1,6,6,3,1.3862943611198906,0,0,3,3,3,8,2.1972245773362196,1,2,3,1,8,1,28,7.0
6,1.9459101490553132,1,0,1,6,6,11,2.4849066497880004,0,2,1,4,1,12,2.5649493574615367,1,0,2,5,2,1,0.6931471805599453,0,1,1,1,1,2,1.0986122886681098,1,2,2,2,2,1,0.6931471805599453,0,1,1,1,1,2,1.0986122886681098,1,2,2,2,2,3,1.3862943611198906,0,0,3,3,3,3,1.3862943611198906,0,0,3,3,3,6,1.9459101490553132,1,0,1,6,6,1,34,71.0
4,1.6094379124341003,1,1,4,4,4,6,1.9459101490553132,1,0,1,6,6,7,2.0794415416798357,0,1,2,0,7,1,0.6931471805599453,0,1,1,1,1,2,1.0986122886681098,1,2,2,2,2,1,0.6931471805599453,0,1,1,1,1,2,1.0986122886681098,1,2,2,2,2,3,1.3862943611198906,0,0,3,3,3,3,1.3862943611198906,0,0,3,3,3,6,1.9459101490553132,1,0,1,6,6,1,30,241.0
2,1.0986122886681098,1,2,2,2,2,3,1.3862943611198906,0,0,3,3,3,9,2.302585092994046,0,0,4,2,9,5,1.791759469228055,0,2,0,5,5,7,2.0794415416798357,0,1,2,0,7,1,0.6931471805599453,0,1,1,1,1,6,1.9459101490553132,1,0,1,6,6,5,1.791759469228055,0,2,0,5,5,5,1.791759469228055,0,2,0,5,5,7,2.0794415416798357,0,1,2,0,7,1,16,341.0
4,1.6094379124341003,1,1,4,4,4,1,0.6931471805599453,0,1,1,1,1,2,1.0986122886681098,1,2,2,2,2,3,1.3862943611198906,0,0,3,3,3,7,2.0794415416798357,0,1,2,0,7,1,0.6931471805599453,0,1,1,1,1,9,2.302585092994046,0,0,4,2,9,6,1.9459101490553132,1,0,1,6,6,2,1.0986122886681098,1,2,2,2,2,4,1.6094379124341003,1,1,4,4,4,1,27,641.0
6,1.9459101490553132,1,0,1,6,6,1,0.6931471805599453,0,1,1,1,1,2,1.0986122886681098,1,2,2,2,2,4,1.6094379124341003,1,1,4,4,4,5,1.791759469228055,0,2,0,5,5,3,1.3862943611198906,0,0,3,3,3,5,1.791759469228055,0,2,0,5,5,5,1.791759469228055,0,2,0,5,5,6,1.9459101490553132,1,0,1,6,6,5,1.791759469228055,0,2,0,5,5,1,21,221.0
8,2.1972245773362196,1,2,3,1,8,2,1.0986122886681098,1,2,2,2,2,4,1.6094379124341003,1,1,4,4,4,1,0.6931471805599453,0,1,1,1,1,4,1.6094379124341003,1,1,4,4,4,1,0.6931471805599453,0,1,1,1,1,9,2.302585092994046,0,0,4,2,9,4,1.6094379124341003,1,1,4,4,4,5,1.791759469228055,0,2,0,5,5,4,1.6094379124341003,1,1,4,4,4,1,32,19.0
8,2.1972245773362196,1,2,3,1,8,3,1.3862943611198906,0,0,3,3,3,4,1.6094379124341003,1,1,4,4,4,1,0.6931471805599453,0,1,1,1,1,7,2.0794415416798357,0,1,2,0,7,10,2.3978952727983707,1,1,0,3,0,12,2.5649493574615367,1,0,2,5,2,2,1.0986122886681098,1,2,2,2,2,5,1.791759469228055,0,2,0,5,5,8,2.1972245773362196,1,2,3,1,8,1,20,1597.0
4,1.6094379124341003,1,1,4,4,4,5,1.791759469228055,0,2,0,5,5,7,2.0794415416798357,0,1,2,0,7,5,1.791759469228055,0,2,0,5,5,9,2.302585092994046,0,0,4,2,9,2,1.0986122886681098,1,2,2,2,2,3,1.3862943611198906,0,0,3,3,3,4,1.6094379124341003,1,1,4,4,4,4,1.6094379124341003,1,1,4,4,4,8,2.1972245773362196,1,2,3,1,8,1,12,79.0
7,2.0794415416798357,0,1,2,0,7,2,1.0986122886681098,1,2,2,2,2,12,2.5649493574615367,1,0,2,5,2,1,0.6931471805599453,0,1,1,1,1,8,2.1972245773362196,1,2,3,1,8,1,0.6931471805599453,0,1,1,1,1,6,1.9459101490553132,1,0,1,6,6,8,2.1972245773362196,1,2,3,1,8,8,2.1972245773362196,1,2,3,1,8,2,1.0986122886681098,1,2,2,2,2,1,32,91.0
5,1.791759469228055,0,2,0,5,5,2,1.0986122886681098,1,2,2,2,2,4,1.6094379124341003,1,1,4,4,4,7,2.0794415416798357,0,1,2,0,7,8,2.1972245773362196,1,2,3,1,8,5,1.791759469228055,0,2,0,5,5,6,1.9459101490553132,1,0,1,6,6,8,2.1972245773362196,1,2,3,1,8,7,2.0794415416798357,0,1,2,0,7,7,2.0794415416798357,0,1,2,0,7,1,11,277.0
11,2.4849066497880004,0,2,1,4,1,1,0.6931471805599453,0,1,1,1,1,4,1.6094379124341003,1,1,4,4,4,4,1.6094379124341003,1,1,4,4,4,8,2.1972245773362196,1,2,3,1,8,2,1.0986122886681098,1,2,2,2,2,3,1.3862943611198906,0,0,3,3,3,1,0.6931471805599453,0,1,1,1,1,6,1.9459101490553132,1,0,1,6,6,7,2.0794415416798357,0,1,2,0,7,1,25,167.0
6,1.9459101490553132,1,0,1,6,6,5,1.791759469228055,0,2,0,5,5,9,2.302585092994046,0,0,4,2,9,1,0.6931471805599453,0,1,1,1,1,6,1.9459101490553132,1,0,1,6,6,3,1.3862943611198906,0,0,3,3,3,4,1.6094379124341003,1,1,4,4,4,1,0.6931471805599453,0,1,1,1,1,1,0.6931471805599453,0,1,1,1,1,4,1.6094379124341003,1,1,4,4,4,1,29,32.0
3,1.3862943611198906,0,0,3,3,3,1,0.6931471805599453,0,1,1,1,1,3,1.3862943611198906,0,0,3,3,3,3,1.3862943611198906,0,0,3,3,3,9,2.302585092994046,0,0,4,2,9,4,1.6094379124341003,1,1,4,4,4,11,2.4849066497880004,0,2,1,4,1,3,1.3862943611198906,0,0,3,3,3,4,1.6094379124341003,1,1,4,4,4,2,1.0986122886681098,1,2,2,2,2,1,22,271.0
8,2.1972245773362196,1,2,3,1,8,3,1.3862943611198906,0,0,3,3,3,5,1.791759469228055,0,2,0,5,5,11,2.4849066497880004,0,2,1,4,1,12,2.5649493574615367,1,0,2,5,2,1,0.6931471805599453,0,1,1,1,1,3,1.3862943611198906,0,0,3,3,3,4,1.6094379124341003,1,1,4,4,4,5,1.791759469228055,0,2,0,5,5,4,1.6094379124341003,1,1,4,4,4,1,18,133.0
9,2.302585092994046,0,0,4,2,9,1,0.6931471805599453,0,1,1,1,1,2,1.0986122886681098,1,2,2,2,2,6,1.9459101490553132,1,0,1,6,6,11,2.4849066497880004,0,2,1,4,1,3,1.3862943611198906,0,0,3,3,3,8,2.1972245773362196,1,2,3,1,8,8,2.1972245773362196,1,2,3,1,8,3,1.3862943611198906,0,0,3,3,3,3,1.3862943611198906,0,0,3,3,3,1,22,121.0
3,1.3862943611198906,0,0,3,3,3,4,1.6094379124341003,1,1,4,4,4,6,1.9459101490553132,1,0,1,6,6,2,1.0986122886681098,1,2,2,2,2,5,1.791759469228055,0,2,0,5,5,1,0.6931471805599453,0,1,1,1,1,5,1.791759469228055,0,2,0,5,5,7,2.0794415416798357,0,1,2,0,7,5,1.791759469228055,0,2,0,5,5,7,2.0794415416798357,0,1,2,0,7,1,16,9.0
4,1.6094379124341003,1,1,4,4,4,3,1.3862943611198906,0,0,3,3,3,12,2.5649493574615367,1,0,2,5,2,2,1.0986122886681098,1,2,2,2,2,11,2.4849066497880004,0,2,1,4,1,2,1.0986122886681098,1,2,2,2,2,6,1.9459101490553132,1,0,1,6,6,8,2.1972245773362196,1,2,3,1,8,1,0.6931471805599453,0,1,1,1,1,3,1.3862943611198906,0,0,3,3,3,1,26,4.0
2,1.0986122886681098,1,2,2,2,2,1,0.6931471805599453,0,1,1,1,1,8,2.1972245773362196,1,2,3,1,8,3,1.3862943611198906,0,0,3,3,3,11,2.4849066497880004,0,2,1,4,1,4,1.6094379124341003,1,1,4,4,4,7,2.0794415416798357,0,1,2,0,7,7,2.0794415416798357,0,1,2,0,7,7,2.0794415416798357,0,1,2,0,7,3,1.3862943611198906,0,0,3,3,3,1,16,615.0
4,1.6094379124341003,1,1,4,4,4,8,2.1972245773362196,1,2,3,1,8,11,2.4849066497880004,0,2,1,4,1,8,2.1972245773362196,1,2,3,1,8,9,2.302585092994046,0,0,4,2,9,2,1.0986122886681098,1,2,2,2,2,3,1.3862943611198906,0,0,3,3,3,7,2.0794415416798357,0,1,2,0,7,7,2.0794415416798357,0,1,2,0,7,3,1.3862943611198906,0,0,3,3,3,1,10,1361.0
5,1.791759469228055,0,2,0,5,5,1,0.6931471805599453,0,1,1,1,1,2,1.0986122886681098,1,2,2,2,2,5,1.791759469228055,0,2,0,5,5,6,1.9459101490553132,1,0,1,6,6,1,0.6931471805599453,0,1,1,1,1,2,1.0986122886681098,1,2,2,2,2,7,2.0794415416798357,0,1,2,0,7,4,1.6094379124341003,1,1,4,4,4,7,2.0794415416798357,0,1,2,0,7,1,24,37.0
7,2.0794415416798357,0,1,2,0,7,3,1.3862943611198906,0,0,3,3,3,11,2.4849066497880004,0,2,1,4,1,4,1.6094379124341003,1,1,4,4,4,5,1.791759469228055,0,2,0,5,5,1,0.6931471805599453,0,1,1,1,1,11,2.4849066497880004,0,2,1,4,1,7,2.0794415416798357,0,1,2,0,7,1,0.6931471805599453,0,1,1,1,1,5,1.791759469228055,0,2,0,5,5,1,20,384.0
7,2.0794415416798357,0,1,2,0,7,2,1.0986122886681098,1,2,2,2,2,9,2.302585092994046,0,0,4,2,9,1,0.6931471805599453,0,1,1,1,1,8,2.1972245773362196,1,2,3,1,8,7,2.0794415416798357,0,1,2,0,7,12,2.5649493574615367,1,0,2,5,2,3,1.3862943611198906,0,0,3,3,3,3,1.3862943611198906,0,0,3,3,3,7,2.0794415416798357,0,1,2,0,7,1,19,323.0
9,2.302585092994046,0,0,4,2,9,9,2.302585092994046,0,0,4,2,9,11,2.4849066497880004,0,2,1,4,1,1,0.6931471805599453,0,1,1,1,1,4,1.6094379124341003,1,1,4,4,4,6,1.9459101490553132,1,0,1,6,6,7,2.0794415416798357,0,1,2,0,7,6,1.9459101490553132,1,0,1,6,6,8,2.1972245773362196,1,2,3,1,8,8,2.1972245773362196,1,2,3,1,8,1,14,673.0
4,1.6094379124341003,1,1,4,4,4,5,1.791759469228055,0,2,0,5,5,10,2.3978952727983707,1,1,0,3,0,1,0.6931471805599453,0,1,1,1,1,3,1.3862943611198906,0,0,3,3,3,2,1.0986122886681098,1,2,2,2,2,3,1.3862943611198906,0,0,3,3,3,3,1.3862943611198906,0,0,3,3,3,5,1.791759469228055,0,2,0,5,5,8,2.1972245773362196,1,2,3,1,8,1,19,35.0
12,2.5649493574615367,1,0,2,5,2,1,0.6931471805599453,0,1,1,1,1,3,1.3862943611198906,0,0,3,3,3,3,1.3862943611198906,0,0,3,3,3,8,2.1972245773362196,1,2,3,1,8,5,1.791759469228055,0,2,0,5,5,8,2.1972245773362196,1,2,3,1,8,4,1.6094379124341003,1,1,4,4,4,2,1.0986122886681098,1,2,2,2,2,8,2.1972245773362196,1,2,3,1,8,1,24,163.0
8,2.1972245773362196,1,2,3,1,8,3,1.3862943611198906,0,0,3,3,3,12,2.5649493574615367,1,0,2,5,2,3,1.3862943611198906,0,0,3,3,3,10,2.3978952727983707,1,1,0,3,0,6,1.9459101490553132,1,0,1,6,6,8,2.1972245773362196,1,2,3,1,8,6,1.9459101490553132,1,0,1,6,6,8,2.1972245773362196,1,2,3,1,8,7,2.0794415416798357,0,1,2,0,7,1,13,403.0
7,2.0794415416798357,0,1,2,0,7,1,0.6931471805599453,0,1,1,1,1,2,1.0986122886681098,1,2,2,2,2,1,0.6931471805599453,0,1,1,1,1,6,1.9459101490553132,1,0,1,6,6,2,1.0986122886681098,1,2,2,2,2,9,2.302585092994046,0,0,4,2,9,2,1.0986122886681098,1,2,2,2,2,3,1.3862943611198906,0,0,3,3,3,7,2.0794415416798357,0,1,2,0,7,1,26,173.0
8,2.1972245773362196,1,2,3,1,8,2,1.0986122886681098,1,2,2,2,2,8,2.1972245773362196,1,2,3,1,8,2,1.0986122886681098,1,2,2,2,2,10,2.3978952727983707,1,1,0,3,0,7,2.0794415416798357,0,1,2,0,7,10,2.3978952727983707,1,1,0,3,0,1,0.6931471805599453,0,1,1,1,1,7,2.0794415416798357,0,1,2,0,7,8,2.1972245773362196,1,2,3,1,8,1,25,263.0
8,2.1972245773362196,1,2,3,1,8,4,1.6094379124341003,1,1,4,4,4,11,2.4849066497880004,0,2,1,4,1,4,1.6094379124341003,1,1,4,4,4,9,2.302585092994046,0,0,4,2,9,7,2.0794415416798357,0,1,2,0,7,11,2.4849066497880004,0,2,1,4,1,2,1.0986122886681098,1,2,2,2,2,7,2.0794415416798357,0,1,2,0,7,2,1.0986122886681098,1,2,2,2,2,1,12,115.0
11,2.4849066497880004,0,2,1,4,1,3,1.3862943611198906,0,0,3,3,3,6,1.9459101490553132,1,0,1,6,6,2,1.0986122886681098,1,2,2,2,2,3,1.3862943611198906,0,0,3,3,3,1,0.6931471805599453,0,1,1,1,1,4,1.6094379124341003,1,1,4,4,4,1,0.6931471805599453,0,1,1,1,1,3,1.3862943611198906,0,0,3,3,3,4,1.6094379124341003,1,1,4,4,4,1,27,59.0
7,2.0794415416798357,0,1,2,0,7,5,1.791759469228055,0,2,0,5,5,10,2.3978952727983707,1,1,0,3,0,2,1.0986122886681098,1,2,2,2,2,3,1.3862943611198906,0,0,3,3,3,3,1.3862943611198906,0,0,3,3,3,5,1.791759469228055,0,2,0,5,5,5,1.791759469228055,0,2,0,5,5,8,2.1972245773362196,1,2,3,1,8,6,1.9459101490553132,1,0,1,6,6,1,12,181.0
12,2.5649493574615367,1,0,2,5,2,2,1.0986122886681098,1,2,2,2,2,3,1.3862943611198906,0,0,3,3,3,5,1.791759469228055,0,2,0,5,5,7,2.0794415416798357,0,1,2,0,7,4,1.6094379124341003,1,1,4,4,4,8,2.1972245773362196,1,2,3,1,8,5,1.791759469228055,0,2,0,5,5,5,1.791759469228055,0,2,0,5,5,3,1.3862943611198906,0,0,3,3,3,1,11,379.0
3,1.3862943611198906,0,0,3,3,3,6,1.9459101490553132,1,0,1,6,6,10,2.3978952727983707,1,1,0,3,0,2,1.0986122886681098,1,2,2,2,2,7,2.0794415416798357,0,1,2,0,7,4,1.6094379124341003,1,1,4,4,4,10,2.3978952727983707,1,1,0,3,0,8,2.1972245773362196,1,2,3,1,8,1,0.6931471805599453,0,1,1,1,1,6,1.9459101490553132,1,0,1,6,6,1,20,69.0
2,1.0986122886681098,1,2,2,2,2,4,1.6094379124341003,1,1,4,4,4,6,1.9459101490553132,1,0,1,6,6,2,1.0986122886681098,1,2,2,2,2,6,1.9459101490553132,1,0,1,6,6,1,0.6931471805599453,0,1,1,1,1,2,1.0986122886681098,1,2,2,2,2,5,1.791759469228055,0,2,0,5,5,5,1.791759469228055,0,2,0,5,5,1,0.6931471805599453,0,1,1,1,1,1,31,13.0
6,1.9459101490553132,1,0,1,6,6,1,0.6931471805599453,0,1,1,1,1,3,1.3862943611198906,0,0,3,3,3,4,1.6094379124341003,1,1,4,4,4,6,1.9459101490553132,1,0,1,6,6,2,1.0986122886681098,1,2,2,2,2,11,2.4849066497880004,0,2,1,4,1,5,1.791759469228055,0,2,0,5,5,2,1.0986122886681098,1,2,2,2,2,4,1.6094379124341003,1,1,4,4,4,1,22,62.0
8,2.1972245773362196,1,2,3,1,8,6,1.9459101490553132,1,0,1,6,6,8,2.1972245773362196,1,2,3,1,8,2,1.0986122886681098,1,2,2,2,2,4,1.6094379124341003,1,1,4,4,4,2,1.0986122886681098,1,2,2,2,2,4,1.6094379124341003,1,1,4,4,4,2,1.0986122886681098,1,2,2,2,2,1,0.6931471805599453,0,1,1,1,1,6,1.9459101490553132,1,0,1,6,6,1,37,51.0
8,2.1972245773362196,1,2,3,1,8,3,1.3862943611198906,0,0,3,3,3,5,1.791759469228055,0,2,0,5,5,2,1.0986122886681098,1,2,2,2,2,3,1.3862943611198906,0,0,3,3,3,1,0.6931471805599453,0,1,1,1,1,11,2.4849066497880004,0,2,1,4,1,1,0.6931471805599453,0,1,1,1,1,5,1.791759469228055,0,2,0,5,5,3,1.3862943611198906,0,0,3,3,3,1,22,826.0
7,2.0794415416798357,0,1,2,0,7,3,1.3862943611198906,0,0,3,3,3,4,1.6094379124341003,1,1,4,4,4,9,2.302585092994046,0,0,4,2,9,10,2.3978952727983707,1,1,0,3,0,3,1.3862943611198906,0,0,3,3,3,6,1.9459101490553132,1,0,1,6,6,2,1.0986122886681098,1,2,2,2,2,8,2.1972245773362196,1,2,3,1,8,4,1.6094379124341003,1,1,4,4,4,1,13,107.0
6,1.9459101490553132,1,0,1,6,6,1,0.6931471805599453,0,1,1,1,1,2,1.0986122886681098,1,2,2,2,2,3,1.3862943611198906,0,0,3,3,3,5,1.791759469228055,0,2,0,5,5,9,2.302585092994046,0,0,4,2,9,11,2.4849066497880004,0,2,1,4,1,2,1.0986122886681098,1,2,2,2,2,4,1.6094379124341003,1,1,4,4,4,4,1.6094379124341003,1,1,4,4,4,1,19,399.0
11,2.4849066497880004,0,2,1,4,1,2,1.0986122886681098,1,2,2,2,2,9,2.302585092994046,0,0,4,2,9,10,2.3978952727983707,1,1,0,3,0,12,2.5649493574615367,1,0,2,5,2,6,1.9459101490553132,1,0,1,6,6,7,2.0794415416798357,0,1,2,0,7,3,1.3862943611198906,0,0,3,3,3,5,1.791759469228055,0,2,0,5,5,4,1.6094379124341003,1,1,4,4,4,1,10,701.0
10,2.3978952727983707,1,1,0,3,0,10,2.3978952727983707,1,1,0,3,0,11,2.4849066497880004,0,2,1,4,1,3,1.3862943611198906,0,0,3,3,3,4,1.6094379124341003,1,1,4,4,4,6,1.9459101490553132,1,0,1,6,6,10,2.3978952727983707,1,1,0,3,0,4,1.6094379124341003,1,1,4,4,4,3,1.3862943611198906,0,0,3,3,3,3,1.3862943611198906,0,0,3,3,3,1,10,3719.0
9,2.302585092994046,0,0,4,2,9,1,0.6931471805599453,0,1,1,1,1,3,1.3862943611198906,0,0,3,3,3,1,0.6931471805599453,0,1,1,1,1,4,1.6094379124341003,1,1,4,4,4,1,0.6931471805599453,0,1,1,1,1,12,2.5649493574615367,1,0,2,5,2,6,1.9459101490553132,1,0,1,6,6,7,2.0794415416798357,0,1,2,0,7,2,1.0986122886681098,1,2,2,2,2,1,32,97.0
3,1.3862943611198906,0,0,3,3,3,4,1.6094379124341003,1,1,4,4,4,7,2.0794415416798357,0,1,2,0,7,1,0.6931471805599453,0,1,1,1,1,2,1.0986122886681098,1,2,2,2,2,1,0.6931471805599453,0,1,1,1,1,2,1.0986122886681098,1,2,2,2,2,4,1.6094379124341003,1,1,4,4,4,7,2.0794415416798357,0,1,2,0,7,7,2.0794415416798357,0,1,2,0,7,1,26,21.0
11,2.4849066497880004,0,2,1,4,1,5,1.791759469228055,0,2,0,5,5,6,1.9459101490553132,1,0,1,6,6,1,0.6931471805599453,0,1,1,1,1,2,1.0986122886681098,1,2,2,2,2,1,0.6931471805599453,0,1,1,1,1,4,1.6094379124341003,1,1,4,4,4,1,0.6931471805599453,0,1,1,1,1,3,1.3862943611198906,0,0,3,3,3,4,1.6094379124341003,1,1,4,4,4,1,29,17.0
7,2.0794415416798357,0,1,2,0,7,7,2.0794415416798357,0,1,2,0,7,12,2.5649493574615367,1,0,2,5,2,2,1.0986122886681098,1,2,2,2,2,5,1.791759469228055,0,2,0,5,5,10,2.3978952727983707,1,1,0,3,0,11,2.4849066497880004,0,2,1,4,1,8,2.1972245773362196,1,2,3,1,8,3,1.3862943611198906,0,0,3,3,3,5,1.791759469228055,0,2,0,5,5,1,8,164.0
5,1.791759469228055,0,2,0,5,5,3,1.3862943611198906,0,0,3,3,3,11,2.4849066497880004,0,2,1,4,1,1,0.6931471805599453,0,1,1,1,1,7,2.0794415416798357,0,1,2,0,7,1,0.6931471805599453,0,1,1,1,1,4,1.6094379124341003,1,1,4,4,4,1,0.6931471805599453,0,1,1,1,1,5,1.791759469228055,0,2,0,5,5,4,1.6094379124341003,1,1,4,4,4,1,26,1027.0
8,2.1972245773362196,1,2,3,1,8,2,1.0986122886681098,1,2,2,2,2,5,1.791759469228055,0,2,0,5,5,2,1.0986122886681098,1,2,2,2,2,4,1.6094379124341003,1,1,4,4,4,2,1.0986122886681098,1,2,2,2,2,8,2.1972245773362196,1,2,3,1,8,8,2.1972245773362196,1,2,3,1,8,5,1.791759469228055,0,2,0,5,5,5,1.791759469228055,0,2,0,5,5,1,24,63.0
6,1.9459101490553132,1,0,1,6,6,2,1.0986122886681098,1,2,2,2,2,7,2.0794415416798357,0,1,2,0,7,4,1.6094379124341003,1,1,4,4,4,8,2.1972245773362196,1,2,3,1,8,7,2.0794415416798357,0,1,2,0,7,11,2.4849066497880004,0,2,1,4,1,4,1.6094379124341003,1,1,4,4,4,1,0.6931471805599453,0,1,1,1,1,8,2.1972245773362196,1,2,3,1,8,1,21,1059.0
9,2.302585092994046,0,0,4,2,9,10,2.3978952727983707,1,1,0,3,0,12,2.5649493574615367,1,0,2,5,2,3,1.3862943611198906,0,0,3,3,3,9,2.302585092994046,0,0,4,2,9,1,0.6931471805599453,0,1,1,1,1,3,1.3862943611198906,0,0,3,3,3,6,1.9459101490553132,1,0,1,6,6,4,1.6094379124341003,1,1,4,4,4,6,1.9459101490553132,1,0,1,6,6,1,25,53.0
10,2.3978952727983707,1,1,0,3,0,2,1.0986122886681098,1,2,2,2,2,6,1.9459101490553132,1,0,1,6,6,7,2.0794415416798357,0,1,2,0,7,12,2.5649493574615367,1,0,2,5,2,1,0.6931471805599453,0,1,1,1,1,4,1.6094379124341003,1,1,4,4,4,1,0.6931471805599453,0,1,1,1,1,6,1.9459101490553132,1,0,1,6,6,3,1.3862943611198906,0,0,3,3,3,1,29,109.0
6,1.9459101490553132,1,0,1,6,6,1,0.6931471805599453,0,1,1,1,1,3,1.3862943611198906,0,0,3,3,3,10,2.3978952727983707,1,1,0,3,0,11,2.4849066497880004,0,2,1,4,1,5,1.791759469228055,0,2,0,5,5,6,1.9459101490553132,1,0,1,6,6,8,2.1972245773362196,1,2,3,1,8,3,1.3862943611198906,0,0,3,3,3,1,0.6931471805599453,0,1,1,1,1,1,24,455.0
3,1.3862943611198906,0,0,3,3,3,10,2.3978952727983707,1,1,0,3,0,12,2.5649493574615367,1,0,2,5,2,5,1.791759469228055,0,2,0,5,5,10,2.3978952727983707,1,1,0,3,0,6,1.9459101490553132,1,0,1,6,6,8,2.1972245773362196,1,2,3,1,8,7,2.0794415416798357,0,1,2,0,7,4,1.6094379124341003,1,1,4,4,4,8,2.1972245773362196,1,2,3,1,8,1,10,111.0
10,2.3978952727983707,1,1,0,3,0,3,1.3862943611198906,0,0,3,3,3,5,1.791759469228055,0,2,0,5,5,2,1.0986122886681098,1,2,2,2,2,8,2.1972245773362196,1,2,3,1,8,3,1.3862943611198906,0,0,3,3,3,12,2.5649493574615367,1,0,2,5,2,2,1.0986122886681098,1,2,2,2,2,6,1.9459101490553132,1,0,1,6,6,7,2.0794415416798357,0,1,2,0,7,1,16,281.0
9,2.302585092994046,0,0,4,2,9,4,1.6094379124341003,1,1,4,4,4,12,2.5649493574615367,1,0,2,5,2,1,0.6931471805599453,0,1,1,1,1,10,2.3978952727983707,1,1,0,3,0,1,0.6931471805599453,0,1,1,1,1,4,1.6094379124341003,1,1,4,4,4,1,0.6931471805599453,0,1,1,1,1,7,2.0794415416798357,0,1,2,0,7,8,2.1972245773362196,1,2,3,1,8,1,29,99.0
3,1.3862943611198906,0,0,3,3,3,3,1.3862943611198906,0,0,3,3,3,11,2.4849066497880004,0,2,1,4,1,1,0.6931471805599453,0,1,1,1,1,4,1.6094379124341003,1,1,4,4,4,8,2.1972245773362196,1,2,3,1,8,11,2.4849066497880004,0,2,1,4,1,4,1.6094379124341003,1,1,4,4,4,3,1.3862943611198906,0,0,3,3,3,6,1.9459101490553132,1,0,1,6,6,1,19,265.0
6,1.9459101490553132,1,0,1,6,6,4,1.6094379124341003,1,1,4,4,4,11,2.4849066497880004,0,2,1,4,1,1,0.6931471805599453,0,1,1,1,1,7,2.0794415416798357,0,1,2,0,7,9,2.302585092994046,0,0,4,2,9,10,2.3978952727983707,1,1,0,3,0,8,2.1972245773362196,1,2,3,1,8,6,1.9459101490553132,1,0,1,6,6,6,1.9459101490553132,1,0,1,6,6,1,13,1153.0
8,2.1972245773362196,1,2,3,1,8,2,1.0986122886681098,1,2,2,2,2,6,1.9459101490553132,1,0,1,6,6,1,0.6931471805599453,0,1,1,1,1,2,1.0986122886681098,1,2,2,2,2,6,1.9459101490553132,1,0,1,6,6,8,2.1972245773362196,1,2,3,1,8,8,2.1972245773362196,1,2,3,1,8,4,1.6094379124341003,1,1,4,4,4,8,2.1972245773362196,1,2,3,1,8,1,35,23.0
2,1.0986122886681098,1,2,2,2,2,1,0.6931471805599453,0,1,1,1,1,2,1.0986122886681098,1,2,2,2,2,4,1.6094379124341003,1,1,4,4,4,5,1.791759469228055,0,2,0,5,5,5,1.791759469228055,0,2,0,5,5,9,2.302585092994046,0,0,4,2,9,6,1.9459101490553132,1,0,1,6,6,6,1.9459101490553132,1,0,1,6,6,5,1.791759469228055,0,2,0,5,5,1,20,689.0
5,1.791759469228055,0,2,0,5,5,7,2.0794415416798357,0,1,2,0,7,8,2.1972245773362196,1,2,3,1,8,8,2.1972245773362196,1,2,3,1,8,11,2.4849066497880004,0,2,1,4,1,10,2.3978952727983707,1,1,0,3,0,11,2.4849066497880004,0,2,1,4,1,2,1.0986122886681098,1,2,2,2,2,5,1.791759469228055,0,2,0,5,5,5,1.791759469228055,0,2,0,5,5,1,11,977.0
4,1.6094379124341003,1,1,4,4,4,1,0.6931471805599453,0,1,1,1,1,4,1.6094379124341003,1,1,4,4,4,8,2.1972245773362196,1,2,3,1,8,11,2.4849066497880004,0,2,1,4,1,3,1.3862943611198906,0,0,3,3,3,6,1.9459101490553132,1,0,1,6,6,5,1.791759469228055,0,2,0,5,5,5,1.791759469228055,0,2,0,5,5,3,1.3862943611198906,0,0,3,3,3,1,16,163.0
2,1.0986122886681098,1,2,2,2,2,3,1.3862943611198906,0,0,3,3,3,6,1.9459101490553132,1,0,1,6,6,1,0.6931471805599453,0,1,1,1,1,2,1.0986122886681098,1,2,2,2,2,7,2.0794415416798357,0,1,2,0,7,8,2.1972245773362196,1,2,3,1,8,2,1.0986122886681098,1,2,2,2,2,1,0.6931471805599453,0,1,1,1,1,8,2.1972245773362196,1,2,3,1,8,1,31,113.0
11,2.4849066497880004,0,2,1,4,1,6,1.9459101490553132,1,0,1,6,6,8,2.1972245773362196,1,2,3,1,8,4,1.6094379124341003,1,1,4,4,4,7,2.0794415416798357,0,1,2,0,7,1,0.6931471805599453,0,1,1,1,1,7,2.0794415416798357,0,1,2,0,7,4,1.6094379124341003,1,1,4,4,4,8,2.1972245773362196,1,2,3,1,8,2,1.0986122886681098,1,2,2,2,2,1,21,205.0
3,1.3862943611198906,0,0,3,3,3,1,0.6931471805599453,0,1,1,1,1,4,1.6094379124341003,1,1,4,4,4,2,1.0986122886681098,1,2,2,2,2,11,2.4849066497880004,0,2,1,4,1,11,2.4849066497880004,0,2,1,4,1,12,2.5649493574615367,1,0,2,5,2,5,1.791759469228055,0,2,0,5,5,5,1.791759469228055,0,2,0,5,5,3,1.3862943611198906,0,0,3,3,3,1,17,965.0
11,2.4849066497880004,0,2,1,4,1,1,0.6931471805599453,0,1,1,1,1,2,1.0986122886681098,1,2,2,2,2,5,1.791759469228055,0,2,0,5,5,6,1.9459101490553132,1,0,1,6,6,1,0.6931471805599453,0,1,1,1,1,2,1.0986122886681098,1,2,2,2,2,5,1.791759469228055,0,2,0,5,5,7,2.0794415416798357,0,1,2,0,7,8,2.1972245773362196,1,2,3,1,8,1,23,79.0
12,2.5649493574615367,1,0,2,5,2,8,2.1972245773362196,1,2,3,1,8,11,2.4849066497880004,0,2,1,4,1,2,1.0986122886681098,1,2,2,2,2,4,1.6094379124341003,1,1,4,4,4,2,1.0986122886681098,1,2,2,2,2,6,1.9459101490553132,1,0,1,6,6,8,2.1972245773362196,1,2,3,1,8,6,1.9459101490553132,1,0,1,6,6,8,2.1972245773362196,1,2,3,1,8,1,25,410.0
6,1.9459101490553132,1,0,1,6,6,3,1.3862943611198906,0,0,3,3,3,5,1.791759469228055,0,2,0,5,5,1,0.6931471805599453,0,1,1,1,1,3,1.3862943611198906,0,0,3,3,3,1,0.6931471805599453,0,1,1,1,1,3,1.3862943611198906,0,0,3,3,3,3,1.3862943611198906,0,0,3,3,3,6,1.9459101490553132,1,0,1,6,6,4,1.6094379124341003,1,1,4,4,4,1,32,20.0
9,2.302585092994046,0,0,4,2,9,3,1.3862943611198906,0,0,3,3,3,9,2.302585092994046,0,0,4,2,9,2,1.0986122886681098,1,2,2,2,2,10,2.3978952727983707,1,1,0,3,0,3,1.3862943611198906,0,0,3,3,3,11,2.4849066497880004,0,2,1,4,1,7,2.0794415416798357,0,1,2,0,7,6,1.9459101490553132,1,0,1,6,6,4,1.6094379124341003,1,1,4,4,4,1,11,914.0
12,2.5649493574615367,1,0,2,5,2,4,1.6094379124341003,1,1,4,4,4,7,2.0794415416798357,0,1,2,0,7,6,1.9459101490553132,1,0,1,6,6,9,2.302585092994046,0,0,4,2,9,2,1.0986122886681098,1,2,2,2,2,5,1.791759469228055,0,2,0,5,5,6,1.9459101490553132,1,0,1,6,6,2,1.0986122886681098,1,2,2,2,2,5,1.791759469228055,0,2,0,5,5,1,14,124.0
3,1.3862943611198906,0,0,3,3,3,1,0.6931471805599453,0,1,1,1,1,8,2.1972245773362196,1,2,3,1,8,3,1.3862943611198906,0,0,3,3,3,6,1.9459101490553132,1,0,1,6,6,7,2.0794415416798357,0,1,2,0,7,11,2.4849066497880004,0,2,1,4,1,1,0.6931471805599453,0,1,1,1,1,2,1.0986122886681098,1,2,2,2,2,7,2.0794415416798357,0,1,2,0,7,1,23,795.0
10,2.3978952727983707,1,1,0,3,0,1,0.6931471805599453,0,1,1,1,1,3,1.3862943611198906,0,0,3,3,3,2,1.0986122886681098,1,2,2,2,2,7,2.0794415416798357,0,1,2,0,7,5,1.791759469228055,0,2,0,5,5,6,1.9459101490553132,1,0,1,6,6,7,2.0794415416798357,0,1,2,0,7,7,2.0794415416798357,0,1,2,0,7,6,1.9459101490553132,1,0,1,6,6,1,19,76.0
7,2.0794415416798357,0,1,2,0,7,1,0.6931471805599453,0,1,1,1,1,11,2.4849066497880004,0,2,1,4,1,2,1.0986122886681098,1,2,2,2,2,7,2.0794415416798357,0,1,2,0,7,6,1.9459101490553132,1,0,1,6,6,7,2.0794415416798357,0,1,2,0,7,3,1.3862943611198906,0,0,3,3,3,1,0.6931471805599453,0,1,1,1,1,4,1.6094379124341003,1,1,4,4,4,1,23,607.0
8,2.1972245773362196,1,2,3,1,8,3,1.3862943611198906,0,0,3,3,3,11,2.4849066497880004,0,2,1,4,1,8,2.1972245773362196,1,2,3,1,8,11,2.4849066497880004,0,2,1,4,1,4,1.6094379124341003,1,1,4,4,4,6,1.9459101490553132,1,0,1,6,6,3,1.3862943611198906,0,0,3,3,3,7,2.0794415416798357,0,1,2,0,7,5,1.791759469228055,0,2,0,5,5,1,7,293.0
12,2.5649493574615367,1,0,2,5,2,1,0.6931471805599453,0,1,1,1,1,2,1.0986122886681098,1,2,2,2,2,2,1.0986122886681098,1,2,2,2,2,11,2.4849066497880004,0,2,1,4,1,3,1.3862943611198906,0,0,3,3,3,11,2.4849066497880004,0,2,1,4,1,5,1.791759469228055,0,2,0,5,5,7,2.0794415416798357,0,1,2,0,7,4,1.6094379124341003,1,1,4,4,4,1,17,273.0
8,2.1972245773362196,1,2,3,1,8,4,1.6094379124341003,1,1,4,4,4,12,2.5649493574615367,1,0,2,5,2,3,1.3862943611198906,0,0,3,3,3,7,2.0794415416798357,0,1,2,0,7,2,1.0986122886681098,1,2,2,2,2,7,2.0794415416798357,0,1,2,0,7,8,2.1972245773362196,1,2,3,1,8,3,1.3862943611198906,0,0,3,3,3,7,2.0794415416798357,0,1,2,0,7,1,14,313.0
11,2.4849066497880004,0,2,1,4,1,1,0.6931471805599453,0,1,1,1,1,4,1.6094379124341003,1,1,4,4,4,3,1.3862943611198906,0,0,3,3,3,8,2.1972245773362196,1,2,3,1,8,3,1.3862943611198906,0,0,3,3,3,6,1.9459101490553132,1,0,1,6,6,3,1.3862943611198906,0,0,3,3,3,7,2.0794415416798357,0,1,2,0,7,6,1.9459101490553132,1,0,1,6,6,1,20,109.0
5,1.791759469228055,0,2,0,5,5,3,1.3862943611198906,0,0,3,3,3,4,1.6094379124341003,1,1,4,4,4,2,1.0986122886681098,1,2,2,2,2,12,2.5649493574615367,1,0,2,5,2,7,2.0794415416798357,0,1,2,0,7,10,2.3978952727983707,1,1,0,3,0,3,1.3862943611198906,0,0,3,3,3,2,1.0986122886681098,1,2,2,2,2,8,2.1972245773362196,1,2,3,1,8,1,15,89.0
6,1.9459101490553132,1,0,1,6,6,7,2.0794415416798357,0,1,2,0,7,10,2.3978952727983707,1,1,0,3,0,3,1.3862943611198906,0,0,3,3,3,12,2.5649493574615367,1,0,2,5,2,11,2.4849066497880004,0,2,1,4,1,12,2.5649493574615367,1,0,2,5,2,4,1.6094379124341003,1,1,4,4,4,7,2.0794415416798357,0,1,2,0,7,7,2.0794415416798357,0,1,2,0,7,1,11,739.0
12,2.5649493574615367,1,0,2,5,2,1,0.6931471805599453,0,1,1,1,1,2,1.0986122886681098,1,2,2,2,2,3,1.3862943611198906,0,0,3,3,3,6,1.9459101490553132,1,0,1,6,6,9,2.302585092994046,0,0,4,2,9,10,2.3978952727983707,1,1,0,3,0,6,1.9459101490553132,1,0,1,6,6,2,1.0986122886681098,1,2,2,2,2,2,1.0986122886681098,1,2,2,2,2,1,31,38.0
4,1.6094379124341003,1,1,4,4,4,5,1.791759469228055,0,2,0,5,5,6,1.9459101490553132,1,0,1,6,6,5,1.791759469228055,0,2,0,5,5,10,2.3978952727983707,1,1,0,3,0,3,1.3862943611198906,0,0,3,3,3,8,2.1972245773362196,1,2,3,1,8,5,1.791759469228055,0,2,0,5,5,2,1.0986122886681098,1,2,2,2,2,4,1.6094379124341003,1,1,4,4,4,1,15,113.0
4,1.6094379124341003,1,1,4,4,4,4,1.6094379124341003,1,1,4,4,4,10,2.3978952727983707,1,1,0,3,0,1,0.6931471805599453,0,1,1,1,1,6,1.9459101490553132,1,0,1,6,6,5,1.791759469228055,0,2,0,5,5,6,1.9459101490553132,1,0,1,6,6,1,0.6931471805599453,0,1,1,1,1,2,1.0986122886681098,1,2,2,2,2,7,2.0794415416798357,0,1,2,0,7,1,25,283.0
7,2.0794415416798357,0,1,2,0,7,1,0.6931471805599453,0,1,1,1,1,4,1.6094379124341003,1,1,4,4,4,6,1.9459101490553132,1,0,1,6,6,12,2.5649493574615367,1,0,2,5,2,4,1.6094379124341003,1,1,4,4,4,10,2.3978952727983707,1,1,0,3,0,3,1.3862943611198906,0,0,3,3,3,2,1.0986122886681098,1,2,2,2,2,4,1.6094379124341003,1,1,4,4,4,1,24,9.0
5,1.791759469228055,0,2,0,5,5,2,1.0986122886681098,1,2,2,2,2,9,2.302585092994046,0,0,4,2,9,1,0.6931471805599453,0,1,1,1,1,5,1.791759469228055,0,2,0,5,5,5,1.791759469228055,0,2,0,5,5,11,2.4849066497880004,0,2,1,4,1,1,0.6931471805599453,0,1,1,1,1,3,1.3862943611198906,0,0,3,3,3,6,1.9459101490553132,1,0,1,6,6,1,23,397.0
11,2.4849066497880004,0,2,1,4,1,1,0.6931471805599453,0,1,1,1,1,2,1.0986122886681098,1,2,2,2,2,6,1.9459101490553132,1,0,1,6,6,7,2.0794415416798357,0,1,2,0,7,2,1.0986122886681098,1,2,2,2,2,4,1.6094379124341003,1,1,4,4,4,1,0.6931471805599453,0,1,1,1,1,5,1.791759469228055,0,2,0,5,5,3,1.3862943611198906,0,0,3,3,3,1,23,87.0
2,1.0986122886681098,1,2,2,2,2,2,1.0986122886681098,1,2,2,2,2,10,2.3978952727983707,1,1,0,3,0,2,1.0986122886681098,1,2,2,2,2,10,2.3978952727983707,1,1,0,3,0,8,2.1972245773362196,1,2,3,1,8,10,2.3978952727983707,1,1,0,3,0,7,2.0794415416798357,0,1,2,0,7,2,1.0986122886681098,1,2,2,2,2,2,1.0986122886681098,1,2,2,2,2,1,33,59.0
10,2.3978952727983707,1,1,0,3,0,5,1.791759469228055,0,2,0,5,5,9,2.302585092994046,0,0,4,2,9,3,1.3862943611198906,0,0,3,3,3,6,1.9459101490553132,1,0,1,6,6,1,0.6931471805599453,0,1,1,1,1,7,2.0794415416798357,0,1,2,0,7,6,1.9459101490553132,1,0,1,6,6,8,2.1972245773362196,1,2,3,1,8,1,0.6931471805599453,0,1,1,1,1,1,22,25.0
10,2.3978952727983707,1,1,0,3,0,4,1.6094379124341003,1,1,4,4,4,9,2.302585092994046,0,0,4,2,9,1,0.6931471805599453,0,1,1,1,1,12,2.5649493574615367,1,0,2,5,2,4,1.6094379124341003,1,1,4,4,4,6,1.9459101490553132,1,0,1,6,6,7,2.0794415416798357,0,1,2,0,7,6,1.9459101490553132,1,0,1,6,6,3,1.3862943611198906,0,0,3,3,3,1,19,31.0
7,2.0794415416798357,0,1,2,0,7,3,1.3862943611198906,0,0,3,3,3,10,2.3978952727983707,1,1,0,3,0,7,2.0794415416798357,0,1,2,0,7,11,2.4849066497880004,0,2,1,4,1,11,2.4849066497880004,0,2,1,4,1,12,2.5649493574615367,1,0,2,5,2,1,0.6931471805599453,0,1,1,1,1,1,0.6931471805599453,0,1,1,1,1,4,1.6094379124341003,1,1,4,4,4,1,21,281.0
9,2.302585092994046,0,0,4,2,9,2,1.0986122886681098,1,2,2,2,2,4,1.6094379124341003,1,1,4,4,4,1,0.6931471805599453,0,1,1,1,1,10,2.3978952727983707,1,1,0,3,0,1,0.6931471805599453,0,1,1,1,1,3,1.3862943611198906,0,0,3,3,3,3,1.3862943611198906,0,0,3,3,3,5,1.791759469228055,0,2,0,5,5,4,1.6094379124341003,1,1,4,4,4,1,25,74.0
10,2.3978952727983707,1,1,0,3,0,4,1.6094379124341003,1,1,4,4,4,6,1.9459101490553132,1,0,1,6,6,2,1.0986122886681098,1,2,2,2,2,11,2.4849066497880004,0,2,1,4,1,6,1.9459101490553132,1,0,1,6,6,8,2.1972245773362196,1,2,3,1,8,5,1.791759469228055,0,2,0,5,5,8,2.1972245773362196,1,2,3,1,8,5,1.791759469228055,0,2,0,5,5,1,13,2935.0
9,2.302585092994046,0,0,4,2,9,3,1.3862943611198906,0,0,3,3,3,11,2.4849066497880004,0,2,1,4,1,3,1.3862943611198906,0,0,3,3,3,8,2.1972245773362196,1,2,3,1,8,4,1.6094379124341003,1,1,4,4,4,7,2.0794415416798357,0,1,2,0,7,8,2.1972245773362196,1,2,3,1,8,3,1.3862943611198906,0,0,3,3,3,1,0.6931471805599453,0,1,1,1,1,1,18,7855.0
8,2.1972245773362196,1,2,3,1,8,3,1.3862943611198906,0,0,3,3,3,5,1.791759469228055,0,2,0,5,5,9,2.302585092994046,0,0,4,2,9,10,2.3978952727983707,1,1,0,3,0,8,2.1972245773362196,1,2,3,1,8,9,2.302585092994046,0,0,4,2,9,7,2.0794415416798357,0,1,2,0,7,7,2.0794415416798357,0,1,2,0,7,3,1.3862943611198906,0,0,3,3,3,1,9,265.0
6,1.9459101490553132,1,0,1,6,6,4,1.6094379124341003,1,1,4,4,4,7,2.0794415416798357,0,1,2,0,7,2,1.0986122886681098,1,2,2,2,2,5,1.791759469228055,0,2,0,5,5,3,1.3862943611198906,0,0,3,3,3,8,2.1972245773362196,1,2,3,1,8,2,1.0986122886681098,1,2,2,2,2,4,1.6094379124341003,1,1,4,4,4,8,2.1972245773362196,1,2,3,1,8,1,18,423.0
9,2.302585092994046,0,0,4,2,9,1,0.6931471805599453,0,1,1,1,1,4,1.6094379124341003,1,1,4,4,4,8,2.1972245773362196,1,2,3,1,8,11,2.4849066497880004,0,2,1,4,1,1,0.6931471805599453,0,1,1,1,1,2,1.0986122886681098,1,2,2,2,2,3,1.3862943611198906,0,0,3,3,3,2,1.0986122886681098,1,2,2,2,2,4,1.6094379124341003,1,1,4,4,4,1,28,61.0
8,2.1972245773362196,1,2,3,1,8,1,0.6931471805599453,0,1,1,1,1,7,2.0794415416798357,0,1,2,0,7,6,1.9459101490553132,1,0,1,6,6,10,2.3978952727983707,1,1,0,3,0,5,1.791759469228055,0,2,0,5,5,6,1.9459101490553132,1,0,1,6,6,1,0.6931471805599453,0,1,1,1,1,2,1.0986122886681098,1,2,2,2,2,1,0.6931471805599453,0,1,1,1,1,1,30,429.0
6,1.9459101490553132,1,0,1,6,6,8,2.1972245773362196,1,2,3,1,8,10,2.3978952727983707,1,1,0,3,0,4,1.6094379124341003,1,1,4,4,4,7,2.0794415416798357,0,1,2,0,7,1,0.6931471805599453,0,1,1,1,1,2,1.0986122886681098,1,2,2,2,2,5,1.791759469228055,0,2,0,5,5,4,1.6094379124341003,1,1,4,4,4,7,2.0794415416798357,0,1,2,0,7,1,19,1551.0
2,1.0986122886681098,1,2,2,2,2,4,1.6094379124341003,1,1,4,4,4,6,1.9459101490553132,1,0,1,6,6,1,0.6931471805599453,0,1,1,1,1,9,2.302585092994046,0,0,4,2,9,1,0.6931471805599453,0,1,1,1,1,3,1.3862943611198906,0,0,3,3,3,8,2.1972245773362196,1,2,3,1,8,4,1.6094379124341003,1,1,4,4,4,1,0.6931471805599453,0,1,1,1,1,1,33,31.0
4,1.6094379124341003,1,1,4,4,4,1,0.6931471805599453,0,1,1,1,1,3,1.3862943611198906,0,0,3,3,3,1,0.6931471805599453,0,1,1,1,1,3,1.3862943611198906,0,0,3,3,3,1,0.6931471805599453,0,1,1,1,1,2,1.0986122886681098,1,2,2,2,2,3,1.3862943611198906,0,0,3,3,3,3,1.3862943611198906,0,0,3,3,3,1,0.6931471805599453,0,1,1,1,1,1,37,23.0
10,2.3978952727983707,1,1,0,3,0,1,0.6931471805599453,0,1,1,1,1,2,1.0986122886681098,1,2,2,2,2,10,2.3978952727983707,1,1,0,3,0,11,2.4849066497880004,0,2,1,4,1,9,2.302585092994046,0,0,4,2,9,11,2.4849066497880004,0,2,1,4,1,3,1.3862943611198906,0,0,3,3,3,7,2.0794415416798357,0,1,2,0,7,4,1.6094379124341003,1,1,4,4,4,1,15,485.0
5,1.791759469228055,0,2,0,5,5,3,1.3862943611198906,0,0,3,3,3,11,2.4849066497880004,0,2,1,4,1,8,2.1972245773362196,1,2,3,1,8,10,2.3978952727983707,1,1,0,3,0,10,2.3978952727983707,1,1,0,3,0,12,2.5649493574615367,1,0,2,5,2,8,2.1972245773362196,1,2,3,1,8,2,1.0986122886681098,1,2,2,2,2,2,1.0986122886681098,1,2,2,2,2,1,16,641.0
5,1.791759469228055,0,2,0,5,5,5,1.791759469228055,0,2,0,5,5,12,2.5649493574615367,1,0,2,5,2,3,1.3862943611198906,0,0,3,3,3,9,2.302585092994046,0,0,4,2,9,10,2.3978952727983707,1,1,0,3,0,12,2.5649493574615367,1,0,2,5,2,1,0.6931471805599453,0,1,1,1,1,6,1.9459101490553132,1,0,1,6,6,6,1.9459101490553132,1,0,1,6,6,1,23,91.0
2,1.0986122886681098,1,2,2,2,2,2,1.0986122886681098,1,2,2,2,2,4,1.6094379124341003,1,1,4,4,4,1,0.6931471805599453,0,1,1,1,1,5,1.791759469228055,0,2,0,5,5,1,0.6931471805599453,0,1,1,1,1,2,1.0986122886681098,1,2,2,2,2,7,2.0794415416798357,0,1,2,0,7,7,2.0794415416798357,0,1,2,0,7,4,1.6094379124341003,1,1,4,4,4,1,28,167.0
10,2.3978952727983707,1,1,0,3,0,7,2.0794415416798357,0,1,2,0,7,12,2.5649493574615367,1,0,2,5,2,4,1.6094379124341003,1,1,4,4,4,6,1.9459101490553132,1,0,1,6,6,1,0.6931471805599453,0,1,1,1,1,2,1.0986122886681098,1,2,2,2,2,7,2.0794415416798357,0,1,2,0,7,6,1.9459101490553132,1,0,1,6,6,1,0.6931471805599453,0,1,1,1,1,1,27,215.0
2,1.0986122886681098,1,2,2,2,2,4,1.6094379124341003,1,1,4,4,4,5,1.791759469228055,0,2,0,5,5,7,2.0794415416798357,0,1,2,0,7,10,2.3978952727983707,1,1,0,3,0,1,0.6931471805599453,0,1,1,1,1,2,1.0986122886681098,1,2,2,2,2,1,0.6931471805599453,0,1,1,1,1,4,1.6094379124341003,1,1,4,4,4,5,1.791759469228055,0,2,0,5,5,1,28,159.0
6,1.9459101490553132,1,0,1,6,6,6,1.9459101490553132,1,0,1,6,6,7,2.0794415416798357,0,1,2,0,7,5,1.791759469228055,0,2,0,5,5,8,2.1972245773362196,1,2,3,1,8,8,2.1972245773362196,1,2,3,1,8,12,2.5649493574615367,1,0,2,5,2,5,1.791759469228055,0,2,0,5,5,6,1.9459101490553132,1,0,1,6,6,1,0.6931471805599453,0,1,1,1,1,1,17,229.0
5,1.791759469228055,0,2,0,5,5,1,0.6931471805599453,0,1,1,1,1,9,2.302585092994046,0,0,4,2,9,3,1.3862943611198906,0,0,3,3,3,8,2.1972245773362196,1,2,3,1,8,1,0.6931471805599453,0,1,1,1,1,10,2.3978952727983707,1,1,0,3,0,2,1.0986122886681098,1,2,2,2,2,4,1.6094379124341003,1,1,4,4,4,7,2.0794415416798357,0,1,2,0,7,1,23,2591.0
6,1.9459101490553132,1,0,1,6,6,2,1.0986122886681098,1,2,2,2,2,5,1.791759469228055,0,2,0,5,5,2,1.0986122886681098,1,2,2,2,2,3,1.3862943611198906,0,0,3,3,3,5,1.791759469228055,0,2,0,5,5,12,2.5649493574615367,1,0,2,5,2,3,1.3862943611198906,0,0,3,3,3,3,1.3862943611198906,0,0,3,3,3,6,1.9459101490553132,1,0,1,6,6,1,23,141.0
8,2.1972245773362196,1,2,3,1,8,1,0.6931471805599453,0,1,1,1,1,2,1.0986122886681098,1,2,2,2,2,6,1.9459101490553132,1,0,1,6,6,8,2.1972245773362196,1,2,3,1,8,4,1.6094379124341003,1,1,4,4,4,7,2.0794415416798357,0,1,2,0,7,2,1.0986122886681098,1,2,2,2,2,3,1.3862943611198906,0,0,3,3,3,7,2.0794415416798357,0,1,2,0,7,1,23,465.0
8,2.1972245773362196,1,2,3,1,8,3,1.3862943611198906,0,0,3,3,3,9,2.302585092994046,0,0,4,2,9,1,0.6931471805599453,0,1,1,1,1,5,1.791759469228055,0,2,0,5,5,2,1.0986122886681098,1,2,2,2,2,4,1.6094379124341003,1,1,4,4,4,2,1.0986122886681098,1,2,2,2,2,4,1.6094379124341003,1,1,4,4,4,6,1.9459101490553132,1,0,1,6,6,1,23,149.0
4,1.6094379124341003,1,1,4,4,4,1,0.6931471805599453,0,1,1,1,1,3,1.3862943611198906,0,0,3,3,3,2,1.0986122886681098,1,2,2,2,2,6,1.9459101490553132,1,0,1,6,6,3,1.3862943611198906,0,0,3,3,3,10,2.3978952727983707,1,1,0,3,0,6,1.9459101490553132,1,0,1,6,6,6,1.9459101490553132,1,0,1,6,6,4,1.6094379124341003,1,1,4,4,4,1,26,92.0
6,1.9459101490553132,1,0,1,6,6,1,0.6931471805599453,0,1,1,1,1,7,2.0794415416798357,0,1,2,0,7,3,1.3862943611198906,0,0,3,3,3,4,1.6094379124341003,1,1,4,4,4,1,0.6931471805599453,0,1,1,1,1,4,1.6094379124341003,1,1,4,4,4,4,1.6094379124341003,1,1,4,4,4,3,1.3862943611198906,0,0,3,3,3,4,1.6094379124341003,1,1,4,4,4,1,26,43.0
5,1.791759469228055,0,2,0,5,5,5,1.791759469228055,0,2,0,5,5,10,2.3978952727983707,1,1,0,3,0,2,1.0986122886681098,1,2,2,2,2,4,1.6094379124341003,1,1,4,4,4,1,0.6931471805599453,0,1,1,1,1,2,1.0986122886681098,1,2,2,2,2,3,1.3862943611198906,0,0,3,3,3,7,2.0794415416798357,0,1,2,0,7,6,1.9459101490553132,1,0,1,6,6,1,20,9.0
3,1.3862943611198906,0,0,3,3,3,5,1.791759469228055,0,2,0,5,5,7,2.0794415416798357,0,1,2,0,7,1,0.6931471805599453,0,1,1,1,1,2,1.0986122886681098,1,2,2,2,2,5,1.791759469228055,0,2,0,5,5,6,1.9459101490553132,1,0,1,6,6,1,0.6931471805599453,0,1,1,1,1,2,1.0986122886681098,1,2,2,2,2,2,1.0986122886681098,1,2,2,2,2,1,25,31.0
6,1.9459101490553132,1,0,1,6,6,2,1.0986122886681098,1,2,2,2,2,9,2.302585092994046,0,0,4,2,9,7,2.0794415416798357,0,1,2,0,7,11,2.4849066497880004,0,2,1,4,1,3,1.3862943611198906,0,0,3,3,3,5,1.791759469228055,0,2,0,5,5,6,1.9459101490553132,1,0,1,6,6,8,2.1972245773362196,1,2,3,1,8,7,2.0794415416798357,0,1,2,0,7,1,8,3631.0
12,2.5649493574615367,1,0,2,5,2,4,1.6094379124341003,1,1,4,4,4,8,2.1972245773362196,1,2,3,1,8,1,0.6931471805599453,0,1,1,1,1,7,2.0794415416798357,0,1,2,0,7,2,1.0986122886681098,1,2,2,2,2,7,2.0794415416798357,0,1,2,0,7,5,1.791759469228055,0,2,0,5,5,1,0.6931471805599453,0,1,1,1,1,4,1.6094379124341003,1,1,4,4,4,1,27,15.0
8,2.1972245773362196,1,2,3,1,8,3,1.3862943611198906,0,0,3,3,3,4,1.6094379124341003,1,1,4,4,4,1,0.6931471805599453,0,1,1,1,1,3,1.3862943611198906,0,0,3,3,3,3,1.3862943611198906,0,0,3,3,3,4,1.6094379124341003,1,1,4,4,4,8,2.1972245773362196,1,2,3,1,8,2,1.0986122886681098,1,2,2,2,2,1,0.6931471805599453,0,1,1,1,1,1,30,59.0
2,1.0986122886681098,1,2,2,2,2,5,1.791759469228055,0,2,0,5,5,6,1.9459101490553132,1,0,1,6,6,2,1.0986122886681098,1,2,2,2,2,4,1.6094379124341003,1,1,4,4,4,2,1.0986122886681098,1,2,2,2,2,5,1.791759469228055,0,2,0,5,5,8,2.1972245773362196,1,2,3,1,8,5,1.791759469228055,0,2,0,5,5,4,1.6094379124341003,1,1,4,4,4,1,21,207.0
2,1.0986122886681098,1,2,2,2,2,9,2.302585092994046,0,0,4,2,9,10,2.3978952727983707,1,1,0,3,0,3,1.3862943611198906,0,0,3,3,3,10,2.3978952727983707,1,1,0,3,0,2,1.0986122886681098,1,2,2,2,2,7,2.0794415416798357,0,1,2,0,7,3,1.3862943611198906,0,0,3,3,3,6,1.9459101490553132,1,0,1,6,6,5,1.791759469228055,0,2,0,5,5,1,15,1181.0
12,2.5649493574615367,1,0,2,5,2,1,0.6931471805599453,0,1,1,1,1,2,1.0986122886681098,1,2,2,2,2,2,1.0986122886681098,1,2,2,2,2,11,2.4849066497880004,0,2,1,4,1,5,1.791759469228055,0,2,0,5,5,10,2.3978952727983707,1,1,0,3,0,6,1.9459101490553132,1,0,1,6,6,1,0.6931471805599453,0,1,1,1,1,8,2.1972245773362196,1,2,3,1,8,1,28,69.0
5,1.791759469228055,0,2,0,5,5,3,1.3862943611198906,0,0,3,3,3,4,1.6094379124341003,1,1,4,4,4,2,1.0986122886681098,1,2,2,2,2,11,2.4849066497880004,0,2,1,4,1,1,0.6931471805599453,0,1,1,1,1,2,1.0986122886681098,1,2,2,2,2,6,1.9459101490553132,1,0,1,6,6,5,1.791759469228055,0,2,0,5,5,1,0.6931471805599453,0,1,1,1,1,1,24,73.0
10,2.3978952727983707,1,1,0,3,0,3,1.3862943611198906,0,0,3,3,3,4,1.6094379124341003,1,1,4,4,4,3,1.3862943611198906,0,0,3,3,3,11,2.4849066497880004,0,2,1,4,1,3,1.3862943611198906,0,0,3,3,3,4,1.6094379124341003,1,1,4,4,4,2,1.0986122886681098,1,2,2,2,2,5,1.791759469228055,0,2,0,5,5,6,1.9459101490553132,1,0,1,6,6,1,12,389.0
8,2.1972245773362196,1,2,3,1,8,1,0.6931471805599453,0,1,1,1,1,5,1.791759469228055,0,2,0,5,5,1,0.6931471805599453,0,1,1,1,1,4,1.6094379124341003,1,1,4,4,4,1,0.6931471805599453,0,1,1,1,1,9,2.302585092994046,0,0,4,2,9,7,2.0794415416798357,0,1,2,0,7,8,2.1972245773362196,1,2,3,1,8,2,1.0986122886681098,1,2,2,2,2,1,30,95.0
6,1.9459101490553132,1,0,1,6,6,1,0.6931471805599453,0,1,1,1,1,6,1.9459101490553132,1,0,1,6,6,1,0.6931471805599453,0,1,1,1,1,2,1.0986122886681098,1,2,2,2,2,5,1.791759469228055,0,2,0,5,5,7,2.0794415416798357,0,1,2,0,7,3,1.3862943611198906,0,0,3,3,3,8,2.1972245773362196,1,2,3,1,8,2,1.0986122886681098,1,2,2,2,2,1,27,589.0
5,1.791759469228055,0,2,0,5,5,4,1.6094379124341003,1,1,4,4,4,10,2.3978952727983707,1,1,0,3,0,1,0.6931471805599453,0,1,1,1,1,8,2.1972245773362196,1,2,3,1,8,4,1.6094379124341003,1,1,4,4,4,10,2.3978952727983707,1,1,0,3,0,7,2.0794415416798357,0,1,2,0,7,7,2.0794415416798357,0,1,2,0,7,7,2.0794415416798357,0,1,2,0,7,1,18,299.0
9,2.302585092994046,0,0,4,2,9,4,1.6094379124341003,1,1,4,4,4,11,2.4849066497880004,0,2,1,4,1,3,1.3862943611198906,0,0,3,3,3,10,2.3978952727983707,1,1,0,3,0,2,1.0986122886681098,1,2,2,2,2,4,1.6094379124341003,1,1,4,4,4,7,2.0794415416798357,0,1,2,0,7,7,2.0794415416798357,0,1,2,0,7,5,1.791759469228055,0,2,0,5,5,1,7,933.0
12,2.5649493574615367,1,0,2,5,2,1,0.6931471805599453,0,1,1,1,1,2,1.0986122886681098,1,2,2,2,2,6,1.9459101490553132,1,0,1,6,6,7,2.0794415416798357,0,1,2,0,7,2,1.0986122886681098,1,2,2,2,2,3,1.3862943611198906,0,0,3,3,3,2,1.0986122886681098,1,2,2,2,2,4,1.6094379124341003,1,1,4,4,4,4,1.6094379124341003,1,1,4,4,4,1,30,53.0
7,2.0794415416798357,0,1,2,0,7,1,0.6931471805599453,0,1,1,1,1,12,2.5649493574615367,1,0,2,5,2,4,1.6094379124341003,1,1,4,4,4,6,1.9459101490553132,1,0,1,6,6,9,2.302585092994046,0,0,4,2,9,11,2.4849066497880004,0,2,1,4,1,4,1.6094379124341003,1,1,4,4,4,6,1.9459101490553132,1,0,1,6,6,3,1.3862943611198906,0,0,3,3,3,1,19,2059.0
5,1.791759469228055,0,2,0,5,5,1,0.6931471805599453,0,1,1,1,1,12,2.5649493574615367,1,0,2,5,2,2,1.0986122886681098,1,2,2,2,2,7,2.0794415416798357,0,1,2,0,7,2,1.0986122886681098,1,2,2,2,2,7,2.0794415416798357,0,1,2,0,7,5,1.791759469228055,0,2,0,5,5,3,1.3862943611198906,0,0,3,3,3,2,1.0986122886681098,1,2,2,2,2,1,18,563.0
3,1.3862943611198906,0,0,3,3,3,1,0.6931471805599453,0,1,1,1,1,6,1.9459101490553132,1,0,1,6,6,1,0.6931471805599453,0,1,1,1,1,7,2.0794415416798357,0,1,2,0,7,3,1.3862943611198906,0,0,3,3,3,5,1.791759469228055,0,2,0,5,5,3,1.3862943611198906,0,0,3,3,3,7,2.0794415416798357,0,1,2,0,7,1,0.6931471805599453,0,1,1,1,1,1,31,104.0
11,2.4849066497880004,0,2,1,4,1,2,1.0986122886681098,1,2,2,2,2,8,2.1972245773362196,1,2,3,1,8,2,1.0986122886681098,1,2,2,2,2,6,1.9459101490553132,1,0,1,6,6,3,1.3862943611198906,0,0,3,3,3,6,1.9459101490553132,1,0,1,6,6,1,0.6931471805599453,0,1,1,1,1,7,2.0794415416798357,0,1,2,0,7,4,1.6094379124341003,1,1,4,4,4,1,22,125.0
8,2.1972245773362196,1,2,3,1,8,2,1.0986122886681098,1,2,2,2,2,3,1.3862943611198906,0,0,3,3,3,7,2.0794415416798357,0,1,2,0,7,8,2.1972245773362196,1,2,3,1,8,5,1.791759469228055,0,2,0,5,5,11,2.4849066497880004,0,2,1,4,1,6,1.9459101490553132,1,0,1,6,6,7,2.0794415416798357,0,1,2,0,7,2,1.0986122886681098,1,2,2,2,2,1,10,115.0
10,2.3978952727983707,1,1,0,3,0,5,1.791759469228055,0,2,0,5,5,7,2.0794415416798357,0,1,2,0,7,9,2.302585092994046,0,0,4,2,9,12,2.5649493574615367,1,0,2,5,2,1,0.6931471805599453,0,1,1,1,1,3,1.3862943611198906,0,0,3,3,3,6,1.9459101490553132,1,0,1,6,6,4,1.6094379124341003,1,1,4,4,4,4,1.6094379124341003,1,1,4,4,4,1,17,779.0
6,1.9459101490553132,1,0,1,6,6,1,0.6931471805599453,0,1,1,1,1,3,1.3862943611198906,0,0,3,3,3,3,1.3862943611198906,0,0,3,3,3,5,1.791759469228055,0,2,0,5,5,1,0.6931471805599453,0,1,1,1,1,2,1.0986122886681098,1,2,2,2,2,1,0.6931471805599453,0,1,1,1,1,3,1.3862943611198906,0,0,3,3,3,1,0.6931471805599453,0,1,1,1,1,1,37,49.0
2,1.0986122886681098,1,2,2,2,2,2,1.0986122886681098,1,2,2,2,2,5,1.791759469228055,0,2,0,5,5,1,0.6931471805599453,0,1,1,1,1,4,1.6094379124341003,1,1,4,4,4,8,2.1972245773362196,1,2,3,1,8,10,2.3978952727983707,1,1,0,3,0,5,1.791759469228055,0,2,0,5,5,6,1.9459101490553132,1,0,1,6,6,7,2.0794415416798357,0,1,2,0,7,1,22,19.0
6,1.9459101490553132,1,0,1,6,6,11,2.4849066497880004,0,2,1,4,1,12,2.5649493574615367,1,0,2,5,2,3,1.3862943611198906,0,0,3,3,3,11,2.4849066497880004,0,2,1,4,1,5,1.791759469228055,0,2,0,5,5,8,2.1972245773362196,1,2,3,1,8,8,2.1972245773362196,1,2,3,1,8,5,1.791759469228055,0,2,0,5,5,4,1.6094379124341003,1,1,4,4,4,1,9,1905.0
7,2.0794415416798357,0,1,2,0,7,6,1.9459101490553132,1,0,1,6,6,7,2.0794415416798357,0,1,2,0,7,1,0.6931471805599453,0,1,1,1,1,9,2.302585092994046,0,0,4,2,9,6,1.9459101490553132,1,0,1,6,6,8,2.1972245773362196,1,2,3,1,8,2,1.0986122886681098,1,2,2,2,2,8,2.1972245773362196,1,2,3,1,8,4,1.6094379124341003,1,1,4,4,4,1,19,859.0
6,1.9459101490553132,1,0,1,6,6,1,0.6931471805599453,0,1,1,1,1,9,2.302585092994046,0,0,4,2,9,9,2.302585092994046,0,0,4,2,9,10,2.3978952727983707,1,1,0,3,0,4,1.6094379124341003,1,1,4,4,4,5,1.791759469228055,0,2,0,5,5,5,1.791759469228055,0,2,0,5,5,1,0.6931471805599453,0,1,1,1,1,1,0.6931471805599453,0,1,1,1,1,1,28,559.0
11,2.4849066497880004,0,2,1,4,1,4,1.6094379124341003,1,1,4,4,4,12,2.5649493574615367,1,0,2,5,2,2,1.0986122886681098,1,2,2,2,2,6,1.9459101490553132,1,0,1,6,6,1,0.6931471805599453,0,1,1,1,1,6,1.9459101490553132,1,0,1,6,6,7,2.0794415416798357,0,1,2,0,7,5,1.791759469228055,0,2,0,5,5,5,1.791759469228055,0,2,0,5,5,1,18,17.0
4,1.6094379124341003,1,1,4,4,4,2,1.0986122886681098,1,2,2,2,2,8,2.1972245773362196,1,2,3,1,8,9,2.302585092994046,0,0,4,2,9,11,2.4849066497880004,0,2,1,4,1,3,1.3862943611198906,0,0,3,3,3,10,2.3978952727983707,1,1,0,3,0,3,1.3862943611198906,0,0,3,3,3,3,1.3862943611198906,0,0,3,3,3,1,0.6931471805599453,0,1,1,1,1,1,19,222.0
3,1.3862943611198906,0,0,3,3,3,1,0.6931471805599453,0,1,1,1,1,12,2.5649493574615367,1,0,2,5,2,4,1.6094379124341003,1,1,4,4,4,5,1.791759469228055,0,2,0,5,5,6,1.9459101490553132,1,0,1,6,6,7,2.0794415416798357,0,1,2,0,7,6,1.9459101490553132,1,0,1,6,6,4,1.6094379124341003,1,1,4,4,4,7,2.0794415416798357,0,1,2,0,7,1,19,9193.0
3,1.3862943611198906,0,0,3,3,3,1,0.6931471805599453,0,1,1,1,1,2,1.0986122886681098,1,2,2,2,2,6,1.9459101490553132,1,0,1,6,6,10,2.3978952727983707,1,1,0,3,0,1,0.6931471805599453,0,1,1,1,1,6,1.9459101490553132,1,0,1,6,6,3,1.3862943611198906,0,0,3,3,3,6,1.9459101490553132,1,0,1,6,6,7,2.0794415416798357,0,1,2,0,7,1,31,8.0
3,1.3862943611198906,0,0,3,3,3,1,0.6931471805599453,0,1,1,1,1,3,1.3862943611198906,0,0,3,3,3,6,1.9459101490553132,1,0,1,6,6,11,2.4849066497880004,0,2,1,4,1,2,1.0986122886681098,1,2,2,2,2,6,1.9459101490553132,1,0,1,6,6,1,0.6931471805599453,0,1,1,1,1,3,1.3862943611198906,0,0,3,3,3,5,1.791759469228055,0,2,0,5,5,1,29,51.0
6,1.9459101490553132,1,0,1,6,6,7,2.0794415416798357,0,1,2,0,7,11,2.4849066497880004,0,2,1,4,1,3,1.3862943611198906,0,0,3,3,3,11,2.4849066497880004,0,2,1,4,1,3,1.3862943611198906,0,0,3,3,3,7,2.0794415416798357,0,1,2,0,7,2,1.0986122886681098,1,2,2,2,2,8,2.1972245773362196,1,2,3,1,8,4,1.6094379124341003,1,1,4,4,4,1,9,599.0
11,2.4849066497880004,0,2,1,4,1,6,1.9459101490553132,1,0,1,6,6,7,2.0794415416798357,0,1,2,0,7,1,0.6931471805599453,0,1,1,1,1,3,1.3862943611198906,0,0,3,3,3,6,1.9459101490553132,1,0,1,6,6,8,2.1972245773362196,1,2,3,1,8,5,1.791759469228055,0,2,0,5,5,3,1.3862943611198906,0,0,3,3,3,4,1.6094379124341003,1,1,4,4,4,1,16,17.0
9,2.302585092994046,0,0,4,2,9,1,0.6931471805599453,0,1,1,1,1,7,2.0794415416798357,0,1,2,0,7,1,0.6931471805599453,0,1,1,1,1,4,1.6094379124341003,1,1,4,4,4,2,1.0986122886681098,1,2,2,2,2,3,1.3862943611198906,0,0,3,3,3,8,2.1972245773362196,1,2,3,1,8,4,1.6094379124341003,1,1,4,4,4,4,1.6094379124341003,1,1,4,4,4,1,28,99.0
11,2.4849066497880004,0,2,1,4,1,4,1.6094379124341003,1,1,4,4,4,7,2.0794415416798357,0,1,2,0,7,2,1.0986122886681098,1,2,2,2,2,8,2.1972245773362196,1,2,3,1,8,4,1.6094379124341003,1,1,4,4,4,8,2.1972245773362196,1,2,3,1,8,1,0.6931471805599453,0,1,1,1,1,1,0.6931471805599453,0,1,1,1,1,4,1.6094379124341003,1,1,4,4,4,1,32,199.0
6,1.9459101490553132,1,0,1,6,6,4,1.6094379124341003,1,1,4,4,4,7,2.0794415416798357,0,1,2,0,7,1,0.6931471805599453,0,1,1,1,1,9,2.302585092994046,0,0,4,2,9,4,1.6094379124341003,1,1,4,4,4,9,2.302585092994046,0,0,4,2,9,3,1.3862943611198906,0,0,3,3,3,4,1.6094379124341003,1,1,4,4,4,6,1.9459101490553132,1,0,1,6,6,1,18,745.0
8,2.1972245773362196,1,2,3,1,8,3,1.3862943611198906,0,0,3,3,3,5,1.791759469228055,0,2,0,5,5,10,2.3978952727983707,1,1,0,3,0,11,2.4849066497880004,0,2,1,4,1,1,0.6931471805599453,0,1,1,1,1,5,1.791759469228055,0,2,0,5,5,5,1.791759469228055,0,2,0,5,5,2,1.0986122886681098,1,2,2,2,2,5,1.791759469228055,0,2,0,5,5,1,21,459.0
11,2.4849066497880004,0,2,1,4,1,8,2.1972245773362196,1,2,3,1,8,9,2.302585092994046,0,0,4,2,9,5,1.791759469228055,0,2,0,5,5,7,2.0794415416798357,0,1,2,0,7,4,1.6094379124341003,1,1,4,4,4,5,1.791759469228055,0,2,0,5,5,2,1.0986122886681098,1,2,2,2,2,7,2.0794415416798357,0,1,2,0,7,2,1.0986122886681098,1,2,2,2,2,1,8,351.0
6,1.9459101490553132,1,0,1,6,6,1,0.6931471805599453,0,1,1,1,1,4,1.6094379124341003,1,1,4,4,4,3,1.3862943611198906,0,0,3,3,3,6,1.9459101490553132,1,0,1,6,6,1,0.6931471805599453,0,1,1,1,1,2,1.0986122886681098,1,2,2,2,2,4,1.6094379124341003,1,1,4,4,4,4,1.6094379124341003,1,1,4,4,4,8,2.1972245773362196,1,2,3,1,8,1,32,15.0
10,2.3978952727983707,1,1,0,3,0,1,0.6931471805599453,0,1,1,1,1,8,2.1972245773362196,1,2,3,1,8,2,1.0986122886681098,1,2,2,2,2,11,2.4849066497880004,0,2,1,4,1,4,1.6094379124341003,1,1,4,4,4,7,2.0794415416798357,0,1,2,0,7,3,1.3862943611198906,0,0,3,3,3,7,2.0794415416798357,0,1,2,0,7,6,1.9459101490553132,1,0,1,6,6,1,16,6761.0
10,2.3978952727983707,1,1,0,3,0,2,1.0986122886681098,1,2,2,2,2,3,1.3862943611198906,0,0,3,3,3,1,0.6931471805599453,0,1,1,1,1,4,1.6094379124341003,1,1,4,4,4,1,0.6931471805599453,0,1,1,1,1,11,2.4849066497880004,0,2,1,4,1,6,1.9459101490553132,1,0,1,6,6,1,0.6931471805599453,0,1,1,1,1,8,2.1972245773362196,1,2,3,1,8,1,30,267.0
11,2.4849066497880004,0,2,1,4,1,1,0.6931471805599453,0,1,1,1,1,2,1.0986122886681098,1,2,2,2,2,1,0.6931471805599453,0,1,1,1,1,3,1.3862943611198906,0,0,3,3,3,5,1.791759469228055,0,2,0,5,5,6,1.9459101490553132,1,0,1,6,6,2,1.0986122886681098,1,2,2,2,2,3,1.3862943611198906,0,0,3,3,3,8,2.1972245773362196,1,2,3,1,8,1,25,15.0
5,1.791759469228055,0,2,0,5,5,6,1.9459101490553132,1,0,1,6,6,12,2.5649493574615367,1,0,2,5,2,6,1.9459101490553132,1,0,1,6,6,9,2.302585092994046,0,0,4,2,9,2,1.0986122886681098,1,2,2,2,2,10,2.3978952727983707,1,1,0,3,0,5,1.791759469228055,0,2,0,5,5,6,1.9459101490553132,1,0,1,6,6,5,1.791759469228055,0,2,0,5,5,1,17,491.0
10,2.3978952727983707,1,1,0,3,0,1,0.6931471805599453,0,1,1,1,1,2,1.0986122886681098,1,2,2,2,2,4,1.6094379124341003,1,1,4,4,4,9,2.302585092994046,0,0,4,2,9,3,1.3862943611198906,0,0,3,3,3,5,1.791759469228055,0,2,0,5,5,5,1.791759469228055,0,2,0,5,5,4,1.6094379124341003,1,1,4,4,4,4,1.6094379124341003,1,1,4,4,4,1,20,77.0
5,1.791759469228055,0,2,0,5,5,3,1.3862943611198906,0,0,3,3,3,5,1.791759469228055,0,2,0,5,5,11,2.4849066497880004,0,2,1,4,1,12,2.5649493574615367,1,0,2,5,2,2,1.0986122886681098,1,2,2,2,2,11,2.4849066497880004,0,2,1,4,1,5,1.791759469228055,0,2,0,5,5,3,1.3862943611198906,0,0,3,3,3,8,2.1972245773362196,1,2,3,1,8,1,9,14501.0
3,1.3862943611198906,0,0,3,3,3,2,1.0986122886681098,1,2,2,2,2,5,1.791759469228055,0,2,0,5,5,3,1.3862943611198906,0,0,3,3,3,7,2.0794415416798357,0,1,2,0,7,5,1.791759469228055,0,2,0,5,5,12,2.5649493574615367,1,0,2,5,2,8,2.1972245773362196,1,2,3,1,8,3,1.3862943611198906,0,0,3,3,3,2,1.0986122886681098,1,2,2,2,2,1,12,1081.0
6,1.9459101490553132,1,0,1,6,6,10,2.3978952727983707,1,1,0,3,0,11,2.4849066497880004,0,2,1,4,1,1,0.6931471805599453,0,1,1,1,1,6,1.9459101490553132,1,0,1,6,6,2,1.0986122886681098,1,2,2,2,2,7,2.0794415416798357,0,1,2,0,7,5,1.791759469228055,0,2,0,5,5,4,1.6094379124341003,1,1,4,4,4,5,1.791759469228055,0,2,0,5,5,1,17,3331.0
4,1.6094379124341003,1,1,4,4,4,10,2.3978952727983707,1,1,0,3,0,12,2.5649493574615367,1,0,2,5,2,9,2.302585092994046,0,0,4,2,9,11,2.4849066497880004,0,2,1,4,1,2,1.0986122886681098,1,2,2,2,2,3,1.3862943611198906,0,0,3,3,3,5,1.791759469228055,0,2,0,5,5,3,1.3862943611198906,0,0,3,3,3,7,2.0794415416798357,0,1,2,0,7,1,10,841.0
8,2.1972245773362196,1,2,3,1,8,4,1.6094379124341003,1,1,4,4,4,11,2.4849066497880004,0,2,1,4,1,4,1.6094379124341003,1,1,4,4,4,7,2.0794415416798357,0,1,2,0,7,5,1.791759469228055,0,2,0,5,5,9,2.302585092994046,0,0,4,2,9,4,1.6094379124341003,1,1,4,4,4,6,1.9459101490553132,1,0,1,6,6,5,1.791759469228055,0,2,0,5,5,1,7,526.0
10,2.3978952727983707,1,1,0,3,0,1,0.6931471805599453,0,1,1,1,1,2,1.0986122886681098,1,2,2,2,2,2,1.0986122886681098,1,2,2,2,2,8,2.1972245773362196,1,2,3,1,8,11,2.4849066497880004,0,2,1,4,1,12,2.5649493574615367,1,0,2,5,2,4,1.6094379124341003,1,1,4,4,4,2,1.0986122886681098,1,2,2,2,2,3,1.3862943611198906,0,0,3,3,3,1,27,47.0
5,1.791759469228055,0,2,0,5,5,5,1.791759469228055,0,2,0,5,5,9,2.302585092994046,0,0,4,2,9,2,1.0986122886681098,1,2,2,2,2,4,1.6094379124341003,1,1,4,4,4,8,2.1972245773362196,1,2,3,1,8,12,2.5649493574615367,1,0,2,5,2,7,2.0794415416798357,0,1,2,0,7,1,0.6931471805599453,0,1,1,1,1,7,2.0794415416798357,0,1,2,0,7,1,16,169.0
4,1.6094379124341003,1,1,4,4,4,5,1.791759469228055,0,2,0,5,5,7,2.0794415416798357,0,1,2,0,7,8,2.1972245773362196,1,2,3,1,8,11,2.4849066497880004,0,2,1,4,1,1,0.6931471805599453,0,1,1,1,1,3,1.3862943611198906,0,0,3,3,3,1,0.6931471805599453,0,1,1,1,1,8,2.1972245773362196,1,2,3,1,8,1,0.6931471805599453,0,1,1,1,1,1,27,496.0
12,2.5649493574615367,1,0,2,5,2,6,1.9459101490553132,1,0,1,6,6,9,2.302585092994046,0,0,4,2,9,6,1.9459101490553132,1,0,1,6,6,11,2.4849066497880004,0,2,1,4,1,8,2.1972245773362196,1,2,3,1,8,11,2.4849066497880004,0,2,1,4,1,3,1.3862943611198906,0,0,3,3,3,3,1.3862943611198906,0,0,3,3,3,1,0.6931471805599453,0,1,1,1,1,1,22,185.0
12,2.5649493574615367,1,0,2,5,2,8,2.1972245773362196,1,2,3,1,8,10,2.3978952727983707,1,1,0,3,0,2,1.0986122886681098,1,2,2,2,2,7,2.0794415416798357,0,1,2,0,7,4,1.6094379124341003,1,1,4,4,4,9,2.302585092994046,0,0,4,2,9,6,1.9459101490553132,1,0,1,6,6,2,1.0986122886681098,1,2,2,2,2,1,0.6931471805599453,0,1,1,1,1,1,23,224.0
9,2.302585092994046,0,0,4,2,9,2,1.0986122886681098,1,2,2,2,2,3,1.3862943611198906,0,0,3,3,3,2,1.0986122886681098,1,2,2,2,2,11,2.4849066497880004,0,2,1,4,1,1,0.6931471805599453,0,1,1,1,1,4,1.6094379124341003,1,1,4,4,4,5,1.791759469228055,0,2,0,5,5,3,1.3862943611198906,0,0,3,3,3,6,1.9459101490553132,1,0,1,6,6,1,19,6.0
12,2.5649493574615367,1,0,2,5,2,3,1.3862943611198906,0,0,3,3,3,6,1.9459101490553132,1,0,1,6,6,3,1.3862943611198906,0,0,3,3,3,4,1.6094379124341003,1,1,4,4,4,2,1.0986122886681098,1,2,2,2,2,3,1.3862943611198906,0,0,3,3,3,5,1.791759469228055,0,2,0,5,5,8,2.1972245773362196,1,2,3,1,8,4,1.6094379124341003,1,1,4,4,4,1,20,281.0
12,2.5649493574615367,1,0,2,5,2,1,0.6931471805599453,0,1,1,1,1,8,2.1972245773362196,1,2,3,1,8,5,1.791759469228055,0,2,0,5,5,7,2.0794415416798357,0,1,2,0,7,2,1.0986122886681098,1,2,2,2,2,4,1.6094379124341003,1,1,4,4,4,7,2.0794415416798357,0,1,2,0,7,7,2.0794415416798357,0,1,2,0,7,8,2.1972245773362196,1,2,3,1,8,1,20,1209.0
10,2.3978952727983707,1,1,0,3,0,1,0.6931471805599453,0,1,1,1,1,2,1.0986122886681098,1,2,2,2,2,2,1.0986122886681098,1,2,2,2,2,4,1.6094379124341003,1,1,4,4,4,1,0.6931471805599453,0,1,1,1,1,3,1.3862943611198906,0,0,3,3,3,6,1.9459101490553132,1,0,1,6,6,2,1.0986122886681098,1,2,2,2,2,6,1.9459101490553132,1,0,1,6,6,1,35,22.0
10,2.3978952727983707,1,1,0,3,0,1,0.6931471805599453,0,1,1,1,1,2,1.0986122886681098,1,2,2,2,2,4,1.6094379124341003,1,1,4,4,4,5,1.791759469228055,0,2,0,5,5,7,2.0794415416798357,0,1,2,0,7,11,2.4849066497880004,0,2,1,4,1,3,1.3862943611198906,0,0,3,3,3,3,1.3862943611198906,0,0,3,3,3,6,1.9459101490553132,1,0,1,6,6,1,16,1927.0
8,2.1972245773362196,1,2,3,1,8,8,2.1972245773362196,1,2,3,1,8,9,2.302585092994046,0,0,4,2,9,1,0.6931471805599453,0,1,1,1,1,6,1.9459101490553132,1,0,1,6,6,3,1.3862943611198906,0,0,3,3,3,9,2.302585092994046,0,0,4,2,9,7,2.0794415416798357,0,1,2,0,7,7,2.0794415416798357,0,1,2,0,7,6,1.9459101490553132,1,0,1,6,6,1,17,367.0
6,1.9459101490553132,1,0,1,6,6,9,2.302585092994046,0,0,4,2,9,11,2.4849066497880004,0,2,1,4,1,4,1.6094379124341003,1,1,4,4,4,5,1.791759469228055,0,2,0,5,5,2,1.0986122886681098,1,2,2,2,2,9,2.302585092994046,0,0,4,2,9,4,1.6094379124341003,1,1,4,4,4,3,1.3862943611198906,0,0,3,3,3,6,1.9459101490553132,1,0,1,6,6,1,11,1873.0
11,2.4849066497880004,0,2,1,4,1,3,1.3862943611198906,0,0,3,3,3,11,2.4849066497880004,0,2,1,4,1,3,1.3862943611198906,0,0,3,3,3,7,2.0794415416798357,0,1,2,0,7,3,1.3862943611198906,0,0,3,3,3,9,2.302585092994046,0,0,4,2,9,8,2.1972245773362196,1,2,3,1,8,3,1.3862943611198906,0,0,3,3,3,4,1.6094379124341003,1,1,4,4,4,1,12,1469.0
11,2.4849066497880004,0,2,1,4,1,2,1.0986122886681098,1,2,2,2,2,3,1.3862943611198906,0,0,3,3,3,1,0.6931471805599453,0,1,1,1,1,2,1.0986122886681098,1,2,2,2,2,3,1.3862943611198906,0,0,3,3,3,12,2.5649493574615367,1,0,2,5,2,5,1.791759469228055,0,2,0,5,5,6,1.9459101490553132,1,0,1,6,6,7,2.0794415416798357,0,1,2,0,7,1,20,233.0
9,2.302585092994046,0,0,4,2,9,3,1.3862943611198906,0,0,3,3,3,5,1.791759469228055,0,2,0,5,5,1,0.6931471805599453,0,1,1,1,1,2,1.0986122886681098,1,2,2,2,2,1,0.6931471805599453,0,1,1,1,1,2,1.0986122886681098,1,2,2,2,2,8,2.1972245773362196,1,2,3,1,8,1,0.6931471805599453,0,1,1,1,1,5,1.791759469228055,0,2,0,5,5,1,29,83.0
10,2.3978952727983707,1,1,0,3,0,8,2.1972245773362196,1,2,3,1,8,9,2.302585092994046,0,0,4,2,9,2,1.0986122886681098,1,2,2,2,2,3,1.3862943611198906,0,0,3,3,3,6,1.9459101490553132,1,0,1,6,6,7,2.0794415416798357,0,1,2,0,7,6,1.9459101490553132,1,0,1,6,6,5,1.791759469228055,0,2,0,5,5,7,2.0794415416798357,0,1,2,0,7,1,10,323.0
6,1.9459101490553132,1,0,1,6,6,3,1.3862943611198906,0,0,3,3,3,5,1.791759469228055,0,2,0,5,5,5,1.791759469228055,0,2,0,5,5,8,2.1972245773362196,1,2,3,1,8,7,2.0794415416798357,0,1,2,0,7,12,2.5649493574615367,1,0,2,5,2,3,1.3862943611198906,0,0,3,3,3,5,1.791759469228055,0,2,0,5,5,7,2.0794415416798357,0,1,2,0,7,1,10,1207.0
6,1.9459101490553132,1,0,1,6,6,3,1.3862943611198906,0,0,3,3,3,5,1.791759469228055,0,2,0,5,5,8,2.1972245773362196,1,2,3,1,8,12,2.5649493574615367,1,0,2,5,2,3,1.3862943611198906,0,0,3,3,3,4,1.6094379124341003,1,1,4,4,4,7,2.0794415416798357,0,1,2,0,7,3,1.3862943611198906,0,0,3,3,3,5,1.791759469228055,0,2,0,5,5,1,13,223.0
7,2.0794415416798357,0,1,2,0,7,4,1.6094379124341003,1,1,4,4,4,10,2.3978952727983707,1,1,0,3,0,6,1.9459101490553132,1,0,1,6,6,8,2.1972245773362196,1,2,3,1,8,2,1.0986122886681098,1,2,2,2,2,11,2.4849066497880004,0,2,1,4,1,3,1.3862943611198906,0,0,3,3,3,5,1.791759469228055,0,2,0,5,5,8,2.1972245773362196,1,2,3,1,8,1,10,3719.0
11,2.4849066497880004,0,2,1,4,1,4,1.6094379124341003,1,1,4,4,4,6,1.9459101490553132,1,0,1,6,6,11,2.4849066497880004,0,2,1,4,1,12,2.5649493574615367,1,0,2,5,2,2,1.0986122886681098,1,2,2,2,2,5,1.791759469228055,0,2,0,5,5,8,2.1972245773362196,1,2,3,1,8,5,1.791759469228055,0,2,0,5,5,2,1.0986122886681098,1,2,2,2,2,1,14,631.0
10,2.3978952727983707,1,1,0,3,0,2,1.0986122886681098,1,2,2,2,2,6,1.9459101490553132,1,0,1,6,6,1,0.6931471805599453,0,1,1,1,1,2,1.0986122886681098,1,2,2,2,2,7,2.0794415416798357,0,1,2,0,7,11,2.4849066497880004,0,2,1,4,1,1,0.6931471805599453,0,1,1,1,1,4,1.6094379124341003,1,1,4,4,4,8,2.1972245773362196,1,2,3,1,8,1,27,301.0
6,1.9459101490553132,1,0,1,6,6,2,1.0986122886681098,1,2,2,2,2,4,1.6094379124341003,1,1,4,4,4,4,1.6094379124341003,1,1,4,4,4,9,2.302585092994046,0,0,4,2,9,1,0.6931471805599453,0,1,1,1,1,3,1.3862943611198906,0,0,3,3,3,6,1.9459101490553132,1,0,1,6,6,1,0.6931471805599453,0,1,1,1,1,8,2.1972245773362196,1,2,3,1,8,1,29,271.0
12,2.5649493574615367,1,0,2,5,2,1,0.6931471805599453,0,1,1,1,1,5,1.791759469228055,0,2,0,5,5,6,1.9459101490553132,1,0,1,6,6,8,2.1972245773362196,1,2,3,1,8,1,0.6931471805599453,0,1,1,1,1,3,1.3862943611198906,0,0,3,3,3,8,2.1972245773362196,1,2,3,1,8,6,1.9459101490553132,1,0,1,6,6,5,1.791759469228055,0,2,0,5,5,1,25,1117.0
11,2.4849066497880004,0,2,1,4,1,4,1.6094379124341003,1,1,4,4,4,7,2.0794415416798357,0,1,2,0,7,2,1.0986122886681098,1,2,2,2,2,3,1.3862943611198906,0,0,3,3,3,3,1.3862943611198906,0,0,3,3,3,4,1.6094379124341003,1,1,4,4,4,2,1.0986122886681098,1,2,2,2,2,2,1.0986122886681098,1,2,2,2,2,4,1.6094379124341003,1,1,4,4,4,1,16,87.0
8,2.1972245773362196,1,2,3,1,8,1,0.6931471805599453,0,1,1,1,1,2,1.0986122886681098,1,2,2,2,2,5,1.791759469228055,0,2,0,5,5,6,1.9459101490553132,1,0,1,6,6,6,1.9459101490553132,1,0,1,6,6,12,2.5649493574615367,1,0,2,5,2,7,2.0794415416798357,0,1,2,0,7,5,1.791759469228055,0,2,0,5,5,7,2.0794415416798357,0,1,2,0,7,1,18,77.0
4,1.6094379124341003,1,1,4,4,4,1,0.6931471805599453,0,1,1,1,1,10,2.3978952727983707,1,1,0,3,0,1,0.6931471805599453,0,1,1,1,1,3,1.3862943611198906,0,0,3,3,3,3,1.3862943611198906,0,0,3,3,3,4,1.6094379124341003,1,1,4,4,4,7,2.0794415416798357,0,1,2,0,7,2,1.0986122886681098,1,2,2,2,2,3,1.3862943611198906,0,0,3,3,3,1,24,151.0
11,2.4849066497880004,0,2,1,4,1,1,0.6931471805599453,0,1,1,1,1,5,1.791759469228055,0,2,0,5,5,3,1.3862943611198906,0,0,3,3,3,6,1.9459101490553132,1,0,1,6,6,2,1.0986122886681098,1,2,2,2,2,6,1.9459101490553132,1,0,1,6,6,7,2.0794415416798357,0,1,2,0,7,8,2.1972245773362196,1,2,3,1,8,3,1.3862943611198906,0,0,3,3,3,1,18,71.0
5,1.791759469228055,0,2,0,5,5,1,0.6931471805599453,0,1,1,1,1,8,2.1972245773362196,1,2,3,1,8,3,1.3862943611198906,0,0,3,3,3,9,2.302585092994046,0,0,4,2,9,1,0.6931471805599453,0,1,1,1,1,5,1.791759469228055,0,2,0,5,5,6,1.9459101490553132,1,0,1,6,6,4,1.6094379124341003,1,1,4,4,4,6,1.9459101490553132,1,0,1,6,6,1,23,37.0
9,2.302585092994046,0,0,4,2,9,2,1.0986122886681098,1,2,2,2,2,3,1.3862943611198906,0,0,3,3,3,7,2.0794415416798357,0,1,2,0,7,8,2.1972245773362196,1,2,3,1,8,2,1.0986122886681098,1,2,2,2,2,4,1.6094379124341003,1,1,4,4,4,1,0.6931471805599453,0,1,1,1,1,1,0.6931471805599453,0,1,1,1,1,5,1.791759469228055,0,2,0,5,5,1,24,49.0
7,2.0794415416798357,0,1,2,0,7,1,0.6931471805599453,0,1,1,1,1,5,1.791759469228055,0,2,0,5,5,1,0.6931471805599453,0,1,1,1,1,2,1.0986122886681098,1,2,2,2,2,5,1.791759469228055,0,2,0,5,5,10,2.3978952727983707,1,1,0,3,0,3,1.3862943611198906,0,0,3,3,3,2,1.0986122886681098,1,2,2,2,2,2,1.0986122886681098,1,2,2,2,2,1,26,39.0
11,2.4849066497880004,0,2,1,4,1,1,0.6931471805599453,0,1,1,1,1,4,1.6094379124341003,1,1,4,4,4,11,2.4849066497880004,0,2,1,4,1,12,2.5649493574615367,1,0,2,5,2,3,1.3862943611198906,0,0,3,3,3,10,2.3978952727983707,1,1,0,3,0,5,1.791759469228055,0,2,0,5,5,8,2.1972245773362196,1,2,3,1,8,2,1.0986122886681098,1,2,2,2,2,1,18,889.0
2,1.0986122886681098,1,2,2,2,2,5,1.791759469228055,0,2,0,5,5,10,2.3978952727983707,1,1,0,3,0,1,0.6931471805599453,0,1,1,1,1,2,1.0986122886681098,1,2,2,2,2,1,0.6931471805599453,0,1,1,1,1,8,2.1972245773362196,1,2,3,1,8,1,0.6931471805599453,0,1,1,1,1,3,1.3862943611198906,0,0,3,3,3,6,1.9459101490553132,1,0,1,6,6,1,33,21.0
4,1.6094379124341003,1,1,4,4,4,2,1.0986122886681098,1,2,2,2,2,10,2.3978952727983707,1,1,0,3,0,6,1.9459101490553132,1,0,1,6,6,11,2.4849066497880004,0,2,1,4,1,7,2.0794415416798357,0,1,2,0,7,9,2.302585092994046,0,0,4,2,9,8,2.1972245773362196,1,2,3,1,8,6,1.9459101490553132,1,0,1,6,6,4,1.6094379124341003,1,1,4,4,4,1,10,1061.0
12,2.5649493574615367,1,0,2,5,2,2,1.0986122886681098,1,2,2,2,2,8,2.1972245773362196,1,2,3,1,8,5,1.791759469228055,0,2,0,5,5,9,2.302585092994046,0,0,4,2,9,1,0.6931471805599453,0,1,1,1,1,2,1.0986122886681098,1,2,2,2,2,4,1.6094379124341003,1,1,4,4,4,5,1.791759469228055,0,2,0,5,5,6,1.9459101490553132,1,0,1,6,6,1,22,533.0
4,1.6094379124341003,1,1,4,4,4,1,0.6931471805599453,0,1,1,1,1,3,1.3862943611198906,0,0,3,3,3,11,2.4849066497880004,0,2,1,4,1,12,2.5649493574615367,1,0,2,5,2,1,0.6931471805599453,0,1,1,1,1,2,1.0986122886681098,1,2,2,2,2,8,2.1972245773362196,1,2,3,1,8,2,1.0986122886681098,1,2,2,2,2,7,2.0794415416798357,0,1,2,0,7,1,27,95.0
4,1.6094379124341003,1,1,4,4,4,1,0.6931471805599453,0,1,1,1,1,2,1.0986122886681098,1,2,2,2,2,7,2.0794415416798357,0,1,2,0,7,11,2.4849066497880004,0,2,1,4,1,1,0.6931471805599453,0,1,1,1,1,2,1.0986122886681098,1,2,2,2,2,4,1.6094379124341003,1,1,4,4,4,2,1.0986122886681098,1,2,2,2,2,6,1.9459101490553132,1,0,1,6,6,1,30,169.0
5,1.791759469228055,0,2,0,5,5,4,1.6094379124341003,1,1,4,4,4,5,1.791759469228055,0,2,0,5,5,2,1.0986122886681098,1,2,2,2,2,4,1.6094379124341003,1,1,4,4,4,1,0.6931471805599453,0,1,1,1,1,4,1.6094379124341003,1,1,4,4,4,8,2.1972245773362196,1,2,3,1,8,7,2.0794415416798357,0,1,2,0,7,5,1.791759469228055,0,2,0,5,5,1,22,437.0
5,1.791759469228055,0,2,0,5,5,1,0.6931471805599453,0,1,1,1,1,2,1.0986122886681098,1,2,2,2,2,10,2.3978952727983707,1,1,0,3,0,11,2.4849066497880004,0,2,1,4,1,5,1.791759469228055,0,2,0,5,5,7,2.0794415416798357,0,1,2,0,7,8,2.1972245773362196,1,2,3,1,8,1,0.6931471805599453,0,1,1,1,1,5,1.791759469228055,0,2,0,5,5,1,25,895.0
12,2.5649493574615367,1,0,2,5,2,9,2.302585092994046,0,0,4,2,9,11,2.4849066497880004,0,2,1,4,1,3,1.3862943611198906,0,0,3,3,3,7,2.0794415416798357,0,1,2,0,7,1,0.6931471805599453,0,1,1,1,1,5,1.791759469228055,0,2,0,5,5,2,1.0986122886681098,1,2,2,2,2,5,1.791759469228055,0,2,0,5,5,4,1.6094379124341003,1,1,4,4,4,1,15,2567.0
11,2.4849066497880004,0,2,1,4,1,8,2.1972245773362196,1,2,3,1,8,11,2.4849066497880004,0,2,1,4,1,9,2.302585092994046,0,0,4,2,9,11,2.4849066497880004,0,2,1,4,1,5,1.791759469228055,0,2,0,5,5,9,2.302585092994046,0,0,4,2,9,4,1.6094379124341003,1,1,4,4,4,4,1.6094379124341003,1,1,4,4,4,5,1.791759469228055,0,2,0,5,5,1,8,2015.0
11,2.4849066497880004,0,2,1,4,1,3,1.3862943611198906,0,0,3,3,3,7,2.0794415416798357,0,1,2,0,7,1,0.6931471805599453,0,1,1,1,1,6,1.9459101490553132,1,0,1,6,6,2,1.0986122886681098,1,2,2,2,2,4,1.6094379124341003,1,1,4,4,4,1,0.6931471805599453,0,1,1,1,1,7,2.0794415416798357,0,1,2,0,7,6,1.9459101490553132,1,0,1,6,6,1,24,535.0
7,2.0794415416798357,0,1,2,0,7,2,1.0986122886681098,1,2,2,2,2,3,1.3862943611198906,0,0,3,3,3,3,1.3862943611198906,0,0,3,3,3,9,2.302585092994046,0,0,4,2,9,10,2.3978952727983707,1,1,0,3,0,12,2.5649493574615367,1,0,2,5,2,2,1.0986122886681098,1,2,2,2,2,6,1.9459101490553132,1,0,1,6,6,7,2.0794415416798357,0,1,2,0,7,1,16,61.0
10,2.3978952727983707,1,1,0,3,0,4,1.6094379124341003,1,1,4,4,4,11,2.4849066497880004,0,2,1,4,1,1,0.6931471805599453,0,1,1,1,1,3,1.3862943611198906,0,0,3,3,3,1,0.6931471805599453,0,1,1,1,1,2,1.0986122886681098,1,2,2,2,2,1,0.6931471805599453,0,1,1,1,1,4,1.6094379124341003,1,1,4,4,4,5,1.791759469228055,0,2,0,5,5,1,29,215.0
11,2.4849066497880004,0,2,1,4,1,4,1.6094379124341003,1,1,4,4,4,12,2.5649493574615367,1,0,2,5,2,4,1.6094379124341003,1,1,4,4,4,9,2.302585092994046,0,0,4,2,9,1,0.6931471805599453,0,1,1,1,1,7,2.0794415416798357,0,1,2,0,7,6,1.9459101490553132,1,0,1,6,6,2,1.0986122886681098,1,2,2,2,2,2,1.0986122886681098,1,2,2,2,2,1,22,253.0
8,2.1972245773362196,1,2,3,1,8,1,0.6931471805599453,0,1,1,1,1,6,1.9459101490553132,1,0,1,6,6,5,1.791759469228055,0,2,0,5,5,10,2.3978952727983707,1,1,0,3,0,3,1.3862943611198906,0,0,3,3,3,4,1.6094379124341003,1,1,4,4,4,7,2.0794415416798357,0,1,2,0,7,8,2.1972245773362196,1,2,3,1,8,7,2.0794415416798357,0,1,2,0,7,1,15,91.0
5,1.791759469228055,0,2,0,5,5,3,1.3862943611198906,0,0,3,3,3,4,1.6094379124341003,1,1,4,4,4,1,0.6931471805599453,0,1,1,1,1,2,1.0986122886681098,1,2,2,2,2,4,1.6094379124341003,1,1,4,4,4,5,1.791759469228055,0,2,0,5,5,1,0.6931471805599453,0,1,1,1,1,1,0.6931471805599453,0,1,1,1,1,8,2.1972245773362196,1,2,3,1,8,1,31,297.0
8,2.1972245773362196,1,2,3,1,8,1,0.6931471805599453,0,1,1,1,1,4,1.6094379124341003,1,1,4,4,4,2,1.0986122886681098,1,2,2,2,2,7,2.0794415416798357,0,1,2,0,7,2,1.0986122886681098,1,2,2,2,2,4,1.6094379124341003,1,1,4,4,4,1,0.6931471805599453,0,1,1,1,1,8,2.1972245773362196,1,2,3,1,8,4,1.6094379124341003,1,1,4,4,4,1,38,153.0
4,1.6094379124341003,1,1,4,4,4,3,1.3862943611198906,0,0,3,3,3,11,2.4849066497880004,0,2,1,4,1,3,1.3862943611198906,0,0,3,3,3,7,2.0794415416798357,0,1,2,0,7,4,1.6094379124341003,1,1,4,4,4,8,2.1972245773362196,1,2,3,1,8,5,1.791759469228055,0,2,0,5,5,7,2.0794415416798357,0,1,2,0,7,3,1.3862943611198906,0,0,3,3,3,1,7,545.0
2,1.0986122886681098,1,2,2,2,2,8,2.1972245773362196,1,2,3,1,8,10,2.3978952727983707,1,1,0,3,0,4,1.6094379124341003,1,1,4,4,4,5,1.791759469228055,0,2,0,5,5,8,2.1972245773362196,1,2,3,1,8,11,2.4849066497880004,0,2,1,4,1,2,1.0986122886681098,1,2,2,2,2,7,2.0794415416798357,0,1,2,0,7,1,0.6931471805599453,0,1,1,1,1,1,22,477.0
9,2.302585092994046,0,0,4,2,9,4,1.6094379124341003,1,1,4,4,4,11,2.4849066497880004,0,2,1,4,1,2,1.0986122886681098,1,2,2,2,2,4,1.6094379124341003,1,1,4,4,4,10,2.3978952727983707,1,1,0,3,0,11,2.4849066497880004,0,2,1,4,1,6,1.9459101490553132,1,0,1,6,6,1,0.6931471805599453,0,1,1,1,1,3,1.3862943611198906,0,0,3,3,3,1,17,315.0
5,1.791759469228055,0,2,0,5,5,3,1.3862943611198906,0,0,3,3,3,4,1.6094379124341003,1,1,4,4,4,3,1.3862943611198906,0,0,3,3,3,9,2.302585092994046,0,0,4,2,9,7,2.0794415416798357,0,1,2,0,7,8,2.1972245773362196,1,2,3,1,8,1,0.6931471805599453,0,1,1,1,1,4,1.6094379124341003,1,1,4,4,4,4,1.6094379124341003,1,1,4,4,4,1,18,337.0
6,1.9459101490553132,1,0,1,6,6,4,1.6094379124341003,1,1,4,4,4,7,2.0794415416798357,0,1,2,0,7,2,1.0986122886681098,1,2,2,2,2,3,1.3862943611198906,0,0,3,3,3,4,1.6094379124341003,1,1,4,4,4,8,2.1972245773362196,1,2,3,1,8,4,1.6094379124341003,1,1,4,4,4,3,1.3862943611198906,0,0,3,3,3,1,0.6931471805599453,0,1,1,1,1,1,23,467.0
12,2.5649493574615367,1,0,2,5,2,1,0.6931471805599453,0,1,1,1,1,4,1.6094379124341003,1,1,4,4,4,7,2.0794415416798357,0,1,2,0,7,9,2.302585092994046,0,0,4,2,9,1,0.6931471805599453,0,1,1,1,1,4,1.6094379124341003,1,1,4,4,4,8,2.1972245773362196,1,2,3,1,8,1,0.6931471805599453,0,1,1,1,1,7,2.0794415416798357,0,1,2,0,7,1,30,215.0
4,1.6094379124341003,1,1,4,4,4,1,0.6931471805599453,0,1,1,1,1,4,1.6094379124341003,1,1,4,4,4,1,0.6931471805599453,0,1,1,1,1,6,1.9459101490553132,1,0,1,6,6,1,0.6931471805599453,0,1,1,1,1,3,1.3862943611198906,0,0,3,3,3,6,1.9459101490553132,1,0,1,6,6,4,1.6094379124341003,1,1,4,4,4,2,1.0986122886681098,1,2,2,2,2,1,35,49.0
2,1.0986122886681098,1,2,2,2,2,2,1.0986122886681098,1,2,2,2,2,4,1.6094379124341003,1,1,4,4,4,6,1.9459101490553132,1,0,1,6,6,7,2.0794415416798357,0,1,2,0,7,7,2.0794415416798357,0,1,2,0,7,11,2.4849066497880004,0,2,1,4,1,7,2.0794415416798357,0,1,2,0,7,5,1.791759469228055,0,2,0,5,5,2,1.0986122886681098,1,2,2,2,2,1,12,3211.0
4,1.6094379124341003,1,1,4,4,4,2,1.0986122886681098,1,2,2,2,2,5,1.791759469228055,0,2,0,5,5,5,1.791759469228055,0,2,0,5,5,9,2.302585092994046,0,0,4,2,9,6,1.9459101490553132,1,0,1,6,6,10,2.3978952727983707,1,1,0,3,0,4,1.6094379124341003,1,1,4,4,4,3,1.3862943611198906,0,0,3,3,3,8,2.1972245773362196,1,2,3,1,8,1,13,259.0
6,1.9459101490553132,1,0,1,6,6,1,0.6931471805599453,0,1,1,1,1,4,1.6094379124341003,1,1,4,4,4,3,1.3862943611198906,0,0,3,3,3,4,1.6094379124341003,1,1,4,4,4,1,0.6931471805599453,0,1,1,1,1,2,1.0986122886681098,1,2,2,2,2,1,0.6931471805599453,0,1,1,1,1,4,1.6094379124341003,1,1,4,4,4,2,1.0986122886681098,1,2,2,2,2,1,37,33.0
6,1.9459101490553132,1,0,1,6,6,1,0.6931471805599453,0,1,1,1,1,7,2.0794415416798357,0,1,2,0,7,8,2.1972245773362196,1,2,3,1,8,12,2.5649493574615367,1,0,2,5,2,2,1.0986122886681098,1,2,2,2,2,10,2.3978952727983707,1,1,0,3,0,5,1.791759469228055,0,2,0,5,5,3,1.3862943611198906,0,0,3,3,3,1,0.6931471805599453,0,1,1,1,1,1,25,143.0
2,1.0986122886681098,1,2,2,2,2,3,1.3862943611198906,0,0,3,3,3,4,1.6094379124341003,1,1,4,4,4,3,1.3862943611198906,0,0,3,3,3,6,1.9459101490553132,1,0,1,6,6,1,0.6931471805599453,0,1,1,1,1,3,1.3862943611198906,0,0,3,3,3,7,2.0794415416798357,0,1,2,0,7,3,1.3862943611198906,0,0,3,3,3,3,1.3862943611198906,0,0,3,3,3,1,26,89.0
8,2.1972245773362196,1,2,3,1,8,1,0.6931471805599453,0,1,1,1,1,2,1.0986122886681098,1,2,2,2,2,3,1.3862943611198906,0,0,3,3,3,6,1.9459101490553132,1,0,1,6,6,2,1.0986122886681098,1,2,2,2,2,3,1.3862943611198906,0,0,3,3,3,6,1.9459101490553132,1,0,1,6,6,1,0.6931471805599453,0,1,1,1,1,6,1.9459101490553132,1,0,1,6,6,1,36,97.0
3,1.3862943611198906,0,0,3,3,3,2,1.0986122886681098,1,2,2,2,2,12,2.5649493574615367,1,0,2,5,2,4,1.6094379124341003,1,1,4,4,4,9,2.302585092994046,0,0,4,2,9,1,0.6931471805599453,0,1,1,1,1,2,1.0986122886681098,1,2,2,2,2,3,1.3862943611198906,0,0,3,3,3,1,0.6931471805599453,0,1,1,1,1,2,1.0986122886681098,1,2,2,2,2,1,32,121.0
3,1.3862943611198906,0,0,3,3,3,2,1.0986122886681098,1,2,2,2,2,4,1.6094379124341003,1,1,4,4,4,6,1.9459101490553132,1,0,1,6,6,10,2.3978952727983707,1,1,0,3,0,9,2.302585092994046,0,0,4,2,9,10,2.3978952727983707,1,1,0,3,0,1,0.6931471805599453,0,1,1,1,1,3,1.3862943611198906,0,0,3,3,3,2,1.0986122886681098,1,2,2,2,2,1,24,99.0
12,2.5649493574615367,1,0,2,5,2,2,1.0986122886681098,1,2,2,2,2,6,1.9459101490553132,1,0,1,6,6,3,1.3862943611198906,0,0,3,3,3,7,2.0794415416798357,0,1,2,0,7,6,1.9459101490553132,1,0,1,6,6,8,2.1972245773362196,1,2,3,1,8,7,2.0794415416798357,0,1,2,0,7,7,2.0794415416798357,0,1,2,0,7,5,1.791759469228055,0,2,0,5,5,1,13,303.0
12,2.5649493574615367,1,0,2,5,2,1,0.6931471805599453,0,1,1,1,1,12,2.5649493574615367,1,0,2,5,2,1,0.6931471805599453,0,1,1,1,1,2,1.0986122886681098,1,2,2,2,2,1,0.6931471805599453,0,1,1,1,1,4,1.6094379124341003,1,1,4,4,4,7,2.0794415416798357,0,1,2,0,7,2,1.0986122886681098,1,2,2,2,2,3,1.3862943611198906,0,0,3,3,3,1,36,29.0
8,2.1972245773362196,1,2,3,1,8,3,1.3862943611198906,0,0,3,3,3,4,1.6094379124341003,1,1,4,4,4,4,1.6094379124341003,1,1,4,4,4,10,2.3978952727983707,1,1,0,3,0,3,1.3862943611198906,0,0,3,3,3,10,2.3978952727983707,1,1,0,3,0,6,1.9459101490553132,1,0,1,6,6,4,1.6094379124341003,1,1,4,4,4,6,1.9459101490553132,1,0,1,6,6,1,13,173.0
9,2.302585092994046,0,0,4,2,9,1,0.6931471805599453,0,1,1,1,1,3,1.3862943611198906,0,0,3,3,3,2,1.0986122886681098,1,2,2,2,2,4,1.6094379124341003,1,1,4,4,4,10,2.3978952727983707,1,1,0,3,0,11,2.4849066497880004,0,2,1,4,1,1,0.6931471805599453,0,1,1,1,1,2,1.0986122886681098,1,2,2,2,2,2,1.0986122886681098,1,2,2,2,2,1,27,499.0
11,2.4849066497880004,0,2,1,4,1,1,0.6931471805599453,0,1,1,1,1,8,2.1972245773362196,1,2,3,1,8,4,1.6094379124341003,1,1,4,4,4,5,1.791759469228055,0,2,0,5,5,2,1.0986122886681098,1,2,2,2,2,5,1.791759469228055,0,2,0,5,5,8,2.1972245773362196,1,2,3,1,8,8,2.1972245773362196,1,2,3,1,8,5,1.791759469228055,0,2,0,5,5,1,22,817.0
10,2.3978952727983707,1,1,0,3,0,4,1.6094379124341003,1,1,4,4,4,8,2.1972245773362196,1,2,3,1,8,3,1.3862943611198906,0,0,3,3,3,5,1.791759469228055,0,2,0,5,5,5,1.791759469228055,0,2,0,5,5,9,2.302585092994046,0,0,4,2,9,4,1.6094379124341003,1,1,4,4,4,1,0.6931471805599453,0,1,1,1,1,3,1.3862943611198906,0,0,3,3,3,1,18,247.0
5,1.791759469228055,0,2,0,5,5,6,1.9459101490553132,1,0,1,6,6,9,2.302585092994046,0,0,4,2,9,4,1.6094379124341003,1,1,4,4,4,8,2.1972245773362196,1,2,3,1,8,3,1.3862943611198906,0,0,3,3,3,8,2.1972245773362196,1,2,3,1,8,4,1.6094379124341003,1,1,4,4,4,2,1.0986122886681098,1,2,2,2,2,2,1.0986122886681098,1,2,2,2,2,1,19,119.0
11,2.4849066497880004,0,2,1,4,1,5,1.791759469228055,0,2,0,5,5,11,2.4849066497880004,0,2,1,4,1,9,2.302585092994046,0,0,4,2,9,12,2.5649493574615367,1,0,2,5,2,3,1.3862943611198906,0,0,3,3,3,4,1.6094379124341003,1,1,4,4,4,3,1.3862943611198906,0,0,3,3,3,7,2.0794415416798357,0,1,2,0,7,5,1.791759469228055,0,2,0,5,5,1,8,461.0
5,1.791759469228055,0,2,0,5,5,4,1.6094379124341003,1,1,4,4,4,5,1.791759469228055,0,2,0,5,5,3,1.3862943611198906,0,0,3,3,3,6,1.9459101490553132,1,0,1,6,6,1,0.6931471805599453,0,1,1,1,1,2,1.0986122886681098,1,2,2,2,2,1,0.6931471805599453,0,1,1,1,1,7,2.0794415416798357,0,1,2,0,7,1,0.6931471805599453,0,1,1,1,1,1,28,67.0
10,2.3978952727983707,1,1,0,3,0,3,1.3862943611198906,0,0,3,3,3,7,2.0794415416798357,0,1,2,0,7,2,1.0986122886681098,1,2,2,2,2,10,2.3978952727983707,1,1,0,3,0,3,1.3862943611198906,0,0,3,3,3,6,1.9459101490553132,1,0,1,6,6,6,1.9459101490553132,1,0,1,6,6,3,1.3862943611198906,0,0,3,3,3,6,1.9459101490553132,1,0,1,6,6,1,21,893.0
4,1.6094379124341003,1,1,4,4,4,8,2.1972245773362196,1,2,3,1,8,11,2.4849066497880004,0,2,1,4,1,1,0.6931471805599453,0,1,1,1,1,10,2.3978952727983707,1,1,0,3,0,1,0.6931471805599453,0,1,1,1,1,7,2.0794415416798357,0,1,2,0,7,4,1.6094379124341003,1,1,4,4,4,5,1.791759469228055,0,2,0,5,5,1,0.6931471805599453,0,1,1,1,1,1,28,1255.0
11,2.4849066497880004,0,2,1,4,1,5,1.791759469228055,0,2,0,5,5,6,1.9459101490553132,1,0,1,6,6,4,1.6094379124341003,1,1,4,4,4,5,1.791759469228055,0,2,0,5,5,2,1.0986122886681098,1,2,2,2,2,6,1.9459101490553132,1,0,1,6,6,5,1.791759469228055,0,2,0,5,5,2,1.0986122886681098,1,2,2,2,2,4,1.6094379124341003,1,1,4,4,4,1,14,124.0
7,2.0794415416798357,0,1,2,0,7,1,0.6931471805599453,0,1,1,1,1,3,1.3862943611198906,0,0,3,3,3,5,1.791759469228055,0,2,0,5,5,6,1.9459101490553132,1,0,1,6,6,1,0.6931471805599453,0,1,1,1,1,3,1.3862943611198906,0,0,3,3,3,8,2.1972245773362196,1,2,3,1,8,8,2.1972245773362196,1,2,3,1,8,4,1.6094379124341003,1,1,4,4,4,1,23,32.0
6,1.9459101490553132,1,0,1,6,6,5,1.791759469228055,0,2,0,5,5,6,1.9459101490553132,1,0,1,6,6,7,2.0794415416798357,0,1,2,0,7,11,2.4849066497880004,0,2,1,4,1,1,0.6931471805599453,0,1,1,1,1,3,1.3862943611198906,0,0,3,3,3,3,1.3862943611198906,0,0,3,3,3,1,0.6931471805599453,0,1,1,1,1,4,1.6094379124341003,1,1,4,4,4,1,23,263.0
12,2.5649493574615367,1,0,2,5,2,1,0.6931471805599453,0,1,1,1,1,5,1.791759469228055,0,2,0,5,5,4,1.6094379124341003,1,1,4,4,4,5,1.791759469228055,0,2,0,5,5,3,1.3862943611198906,0,0,3,3,3,11,2.4849066497880004,0,2,1,4,1,2,1.0986122886681098,1,2,2,2,2,4,1.6094379124341003,1,1,4,4,4,5,1.791759469228055,0,2,0,5,5,1,19,607.0
2,1.0986122886681098,1,2,2,2,2,1,0.6931471805599453,0,1,1,1,1,5,1.791759469228055,0,2,0,5,5,4,1.6094379124341003,1,1,4,4,4,8,2.1972245773362196,1,2,3,1,8,2,1.0986122886681098,1,2,2,2,2,3,1.3862943611198906,0,0,3,3,3,2,1.0986122886681098,1,2,2,2,2,4,1.6094379124341003,1,1,4,4,4,7,2.0794415416798357,0,1,2,0,7,1,24,127.0
3,1.3862943611198906,0,0,3,3,3,1,0.6931471805599453,0,1,1,1,1,6,1.9459101490553132,1,0,1,6,6,3,1.3862943611198906,0,0,3,3,3,8,2.1972245773362196,1,2,3,1,8,1,0.6931471805599453,0,1,1,1,1,11,2.4849066497880004,0,2,1,4,1,2,1.0986122886681098,1,2,2,2,2,3,1.3862943611198906,0,0,3,3,3,1,0.6931471805599453,0,1,1,1,1,1,32,1121.0
4,1.6094379124341003,1,1,4,4,4,2,1.0986122886681098,1,2,2,2,2,10,2.3978952727983707,1,1,0,3,0,2,1.0986122886681098,1,2,2,2,2,7,2.0794415416798357,0,1,2,0,7,4,1.6094379124341003,1,1,4,4,4,5,1.791759469228055,0,2,0,5,5,3,1.3862943611198906,0,0,3,3,3,6,1.9459101490553132,1,0,1,6,6,5,1.791759469228055,0,2,0,5,5,1,14,479.0
5,1.791759469228055,0,2,0,5,5,3,1.3862943611198906,0,0,3,3,3,11,2.4849066497880004,0,2,1,4,1,4,1.6094379124341003,1,1,4,4,4,6,1.9459101490553132,1,0,1,6,6,1,0.6931471805599453,0,1,1,1,1,3,1.3862943611198906,0,0,3,3,3,2,1.0986122886681098,1,2,2,2,2,6,1.9459101490553132,1,0,1,6,6,1,0.6931471805599453,0,1,1,1,1,1,26,283.0
5,1.791759469228055,0,2,0,5,5,3,1.3862943611198906,0,0,3,3,3,5,1.791759469228055,0,2,0,5,5,9,2.302585092994046,0,0,4,2,9,11,2.4849066497880004,0,2,1,4,1,2,1.0986122886681098,1,2,2,2,2,3,1.3862943611198906,0,0,3,3,3,6,1.9459101490553132,1,0,1,6,6,1,0.6931471805599453,0,1,1,1,1,1,0.6931471805599453,0,1,1,1,1,1,24,2243.0
10,2.3978952727983707,1,1,0,3,0,1,0.6931471805599453,0,1,1,1,1,3,1.3862943611198906,0,0,3,3,3,5,1.791759469228055,0,2,0,5,5,6,1.9459101490553132,1,0,1,6,6,4,1.6094379124341003,1,1,4,4,4,8,2.1972245773362196,1,2,3,1,8,4,1.6094379124341003,1,1,4,4,4,5,1.791759469228055,0,2,0,5,5,3,1.3862943611198906,0,0,3,3,3,1,18,15.0
3,1.3862943611198906,0,0,3,3,3,10,2.3978952727983707,1,1,0,3,0,11,2.4849066497880004,0,2,1,4,1,6,1.9459101490553132,1,0,1,6,6,7,2.0794415416798357,0,1,2,0,7,1,0.6931471805599453,0,1,1,1,1,3,1.3862943611198906,0,0,3,3,3,8,2.1972245773362196,1,2,3,1,8,2,1.0986122886681098,1,2,2,2,2,4,1.6094379124341003,1,1,4,4,4,1,17,2434.0
6,1.9459101490553132,1,0,1,6,6,5,1.791759469228055,0,2,0,5,5,8,2.1972245773362196,1,2,3,1,8,1,0.6931471805599453,0,1,1,1,1,6,1.9459101490553132,1,0,1,6,6,3,1.3862943611198906,0,0,3,3,3,8,2.1972245773362196,1,2,3,1,8,7,2.0794415416798357,0,1,2,0,7,6,1.9459101490553132,1,0,1,6,6,7,2.0794415416798357,0,1,2,0,7,1,17,26.0
6,1.9459101490553132,1,0,1,6,6,2,1.0986122886681098,1,2,2,2,2,10,2.3978952727983707,1,1,0,3,0,3,1.3862943611198906,0,0,3,3,3,6,1.9459101490553132,1,0,1,6,6,1,0.6931471805599453,0,1,1,1,1,2,1.0986122886681098,1,2,2,2,2,1,0.6931471805599453,0,1,1,1,1,1,0.6931471805599453,0,1,1,1,1,1,0.6931471805599453,0,1,1,1,1,1,40,11.0
4,1.6094379124341003,1,1,4,4,4,9,2.302585092994046,0,0,4,2,9,12,2.5649493574615367,1,0,2,5,2,7,2.0794415416798357,0,1,2,0,7,8,2.1972245773362196,1,2,3,1,8,6,1.9459101490553132,1,0,1,6,6,9,2.302585092994046,0,0,4,2,9,3,1.3862943611198906,0,0,3,3,3,2,1.0986122886681098,1,2,2,2,2,4,1.6094379124341003,1,1,4,4,4,1,16,383.0
11,2.4849066497880004,0,2,1,4,1,2,1.0986122886681098,1,2,2,2,2,3,1.3862943611198906,0,0,3,3,3,3,1.3862943611198906,0,0,3,3,3,6,1.9459101490553132,1,0,1,6,6,2,1.0986122886681098,1,2,2,2,2,4,1.6094379124341003,1,1,4,4,4,8,2.1972245773362196,1,2,3,1,8,5,1.791759469228055,0,2,0,5,5,8,2.1972245773362196,1,2,3,1,8,1,15,151.0
3,1.3862943611198906,0,0,3,3,3,11,2.4849066497880004,0,2,1,4,1,12,2.5649493574615367,1,0,2,5,2,3,1.3862943611198906,0,0,3,3,3,8,2.1972245773362196,1,2,3,1,8,1,0.6931471805599453,0,1,1,1,1,6,1.9459101490553132,1,0,1,6,6,4,1.6094379124341003,1,1,4,4,4,8,2.1972245773362196,1,2,3,1,8,3,1.3862943611198906,0,0,3,3,3,1,23,401.0
7,2.0794415416798357,0,1,2,0,7,6,1.9459101490553132,1,0,1,6,6,7,2.0794415416798357,0,1,2,0,7,3,1.3862943611198906,0,0,3,3,3,6,1.9459101490553132,1,0,1,6,6,3,1.3862943611198906,0,0,3,3,3,12,2.5649493574615367,1,0,2,5,2,3,1.3862943611198906,0,0,3,3,3,3,1.3862943611198906,0,0,3,3,3,3,1.3862943611198906,0,0,3,3,3,1,29,163.0
11,2.4849066497880004,0,2,1,4,1,3,1.3862943611198906,0,0,3,3,3,7,2.0794415416798357,0,1,2,0,7,8,2.1972245773362196,1,2,3,1,8,10,2.3978952727983707,1,1,0,3,0,4,1.6094379124341003,1,1,4,4,4,5,1.791759469228055,0,2,0,5,5,7,2.0794415416798357,0,1,2,0,7,1,0.6931471805599453,0,1,1,1,1,5,1.791759469228055,0,2,0,5,5,1,14,72.0
2,1.0986122886681098,1,2,2,2,2,2,1.0986122886681098,1,2,2,2,2,4,1.6094379124341003,1,1,4,4,4,4,1.6094379124341003,1,1,4,4,4,5,1.791759469228055,0,2,0,5,5,2,1.0986122886681098,1,2,2,2,2,9,2.302585092994046,0,0,4,2,9,4,1.6094379124341003,1,1,4,4,4,3,1.3862943611198906,0,0,3,3,3,5,1.791759469228055,0,2,0,5,5,1,17,332.0
12,2.5649493574615367,1,0,2,5,2,2,1.0986122886681098,1,2,2,2,2,4,1.6094379124341003,1,1,4,4,4,4,1.6094379124341003,1,1,4,4,4,11,2.4849066497880004,0,2,1,4,1,4,1.6094379124341003,1,1,4,4,4,10,2.3978952727983707,1,1,0,3,0,8,2.1972245773362196,1,2,3,1,8,8,2.1972245773362196,1,2,3,1,8,5,1.791759469228055,0,2,0,5,5,1,21,2159.0
12,2.5649493574615367,1,0,2,5,2,1,0.6931471805599453,0,1,1,1,1,6,1.9459101490553132,1,0,1,6,6,2,1.0986122886681098,1,2,2,2,2,4,1.6094379124341003,1,1,4,4,4,2,1.0986122886681098,1,2,2,2,2,6,1.9459101490553132,1,0,1,6,6,3,1.3862943611198906,0,0,3,3,3,2,1.0986122886681098,1,2,2,2,2,3,1.3862943611198906,0,0,3,3,3,1,35,15.0
12,2.5649493574615367,1,0,2,5,2,1,0.6931471805599453,0,1,1,1,1,2,1.0986122886681098,1,2,2,2,2,2,1.0986122886681098,1,2,2,2,2,5,1.791759469228055,0,2,0,5,5,2,1.0986122886681098,1,2,2,2,2,3,1.3862943611198906,0,0,3,3,3,5,1.791759469228055,0,2,0,5,5,5,1.791759469228055,0,2,0,5,5,3,1.3862943611198906,0,0,3,3,3,1,21,119.0
9,2.302585092994046,0,0,4,2,9,4,1.6094379124341003,1,1,4,4,4,6,1.9459101490553132,1,0,1,6,6,4,1.6094379124341003,1,1,4,4,4,8,2.1972245773362196,1,2,3,1,8,1,0.6931471805599453,0,1,1,1,1,12,2.5649493574615367,1,0,2,5,2,5,1.791759469228055,0,2,0,5,5,6,1.9459101490553132,1,0,1,6,6,5,1.791759469228055,0,2,0,5,5,1,18,61.0
12,2.5649493574615367,1,0,2,5,2,7,2.0794415416798357,0,1,2,0,7,9,2.302585092994046,0,0,4,2,9,10,2.3978952727983707,1,1,0,3,0,12,2.5649493574615367,1,0,2,5,2,9,2.302585092994046,0,0,4,2,9,12,2.5649493574615367,1,0,2,5,2,6,1.9459101490553132,1,0,1,6,6,6,1.9459101490553132,1,0,1,6,6,7,2.0794415416798357,0,1,2,0,7,1,12,575.0
8,2.1972245773362196,1,2,3,1,8,6,1.9459101490553132,1,0,1,6,6,11,2.4849066497880004,0,2,1,4,1,7,2.0794415416798357,0,1,2,0,7,8,2.1972245773362196,1,2,3,1,8,2,1.0986122886681098,1,2,2,2,2,4,1.6094379124341003,1,1,4,4,4,7,2.0794415416798357,0,1,2,0,7,6,1.9459101490553132,1,0,1,6,6,8,2.1972245773362196,1,2,3,1,8,1,14,2575.0
10,2.3978952727983707,1,1,0,3,0,1,0.6931471805599453,0,1,1,1,1,5,1.791759469228055,0,2,0,5,5,8,2.1972245773362196,1,2,3,1,8,10,2.3978952727983707,1,1,0,3,0,1,0.6931471805599453,0,1,1,1,1,4,1.6094379124341003,1,1,4,4,4,2,1.0986122886681098,1,2,2,2,2,8,2.1972245773362196,1,2,3,1,8,6,1.9459101490553132,1,0,1,6,6,1,29,137.0
5,1.791759469228055,0,2,0,5,5,1,0.6931471805599453,0,1,1,1,1,2,1.0986122886681098,1,2,2,2,2,8,2.1972245773362196,1,2,3,1,8,11,2.4849066497880004,0,2,1,4,1,2,1.0986122886681098,1,2,2,2,2,3,1.3862943611198906,0,0,3,3,3,5,1.791759469228055,0,2,0,5,5,8,2.1972245773362196,1,2,3,1,8,7,2.0794415416798357,0,1,2,0,7,1,16,1775.0
12,2.5649493574615367,1,0,2,5,2,1,0.6931471805599453,0,1,1,1,1,5,1.791759469228055,0,2,0,5,5,10,2.3978952727983707,1,1,0,3,0,11,2.4849066497880004,0,2,1,4,1,2,1.0986122886681098,1,2,2,2,2,6,1.9459101490553132,1,0,1,6,6,3,1.3862943611198906,0,0,3,3,3,2,1.0986122886681098,1,2,2,2,2,8,2.1972245773362196,1,2,3,1,8,1,22,47.0
10,2.3978952727983707,1,1,0,3,0,3,1.3862943611198906,0,0,3,3,3,4,1.6094379124341003,1,1,4,4,4,1,0.6931471805599453,0,1,1,1,1,2,1.0986122886681098,1,2,2,2,2,1,0.6931471805599453,0,1,1,1,1,7,2.0794415416798357,0,1,2,0,7,4,1.6094379124341003,1,1,4,4,4,3,1.3862943611198906,0,0,3,3,3,2,1.0986122886681098,1,2,2,2,2,1,26,39.0
11,2.4849066497880004,0,2,1,4,1,2,1.0986122886681098,1,2,2,2,2,5,1.791759469228055,0,2,0,5,5,8,2.1972245773362196,1,2,3,1,8,9,2.302585092994046,0,0,4,2,9,3,1.3862943611198906,0,0,3,3,3,7,2.0794415416798357,0,1,2,0,7,4,1.6094379124341003,1,1,4,4,4,2,1.0986122886681098,1,2,2,2,2,7,2.0794415416798357,0,1,2,0,7,1,8,2827.0
4,1.6094379124341003,1,1,4,4,4,1,0.6931471805599453,0,1,1,1,1,2,1.0986122886681098,1,2,2,2,2,1,0.6931471805599453,0,1,1,1,1,5,1.791759469228055,0,2,0,5,5,5,1.791759469228055,0,2,0,5,5,6,1.9459101490553132,1,0,1,6,6,7,2.0794415416798357,0,1,2,0,7,5,1.791759469228055,0,2,0,5,5,6,1.9459101490553132,1,0,1,6,6,1,24,201.0
10,2.3978952727983707,1,1,0,3,0,3,1.3862943611198906,0,0,3,3,3,8,2.1972245773362196,1,2,3,1,8,1,0.6931471805599453,0,1,1,1,1,2,1.0986122886681098,1,2,2,2,2,3,1.3862943611198906,0,0,3,3,3,6,1.9459101490553132,1,0,1,6,6,7,2.0794415416798357,0,1,2,0,7,2,1.0986122886681098,1,2,2,2,2,8,2.1972245773362196,1,2,3,1,8,1,22,71.0
10,2.3978952727983707,1,1,0,3,0,1,0.6931471805599453,0,1,1,1,1,2,1.0986122886681098,1,2,2,2,2,4,1.6094379124341003,1,1,4,4,4,5,1.791759469228055,0,2,0,5,5,5,1.791759469228055,0,2,0,5,5,7,2.0794415416798357,0,1,2,0,7,7,2.0794415416798357,0,1,2,0,7,6,1.9459101490553132,1,0,1,6,6,5,1.791759469228055,0,2,0,5,5,1,19,1847.0
9,2.302585092994046,0,0,4,2,9,3,1.3862943611198906,0,0,3,3,3,7,2.0794415416798357,0,1,2,0,7,1,0.6931471805599453,0,1,1,1,1,2,1.0986122886681098,1,2,2,2,2,7,2.0794415416798357,0,1,2,0,7,8,2.1972245773362196,1,2,3,1,8,4,1.6094379124341003,1,1,4,4,4,8,2.1972245773362196,1,2,3,1,8,8,2.1972245773362196,1,2,3,1,8,1,21,355.0
7,2.0794415416798357,0,1,2,0,7,1,0.6931471805599453,0,1,1,1,1,5,1.791759469228055,0,2,0,5,5,8,2.1972245773362196,1,2,3,1,8,11,2.4849066497880004,0,2,1,4,1,1,0.6931471805599453,0,1,1,1,1,2,1.0986122886681098,1,2,2,2,2,1,0.6931471805599453,0,1,1,1,1,3,1.3862943611198906,0,0,3,3,3,4,1.6094379124341003,1,1,4,4,4,1,27,497.0
3,1.3862943611198906,0,0,3,3,3,3,1.3862943611198906,0,0,3,3,3,6,1.9459101490553132,1,0,1,6,6,1,0.6931471805599453,0,1,1,1,1,2,1.0986122886681098,1,2,2,2,2,8,2.1972245773362196,1,2,3,1,8,10,2.3978952727983707,1,1,0,3,0,6,1.9459101490553132,1,0,1,6,6,4,1.6094379124341003,1,1,4,4,4,1,0.6931471805599453,0,1,1,1,1,1,29,8.0
3,1.3862943611198906,0,0,3,3,3,1,0.6931471805599453,0,1,1,1,1,2,1.0986122886681098,1,2,2,2,2,2,1.0986122886681098,1,2,2,2,2,4,1.6094379124341003,1,1,4,4,4,8,2.1972245773362196,1,2,3,1,8,11,2.4849066497880004,0,2,1,4,1,4,1.6094379124341003,1,1,4,4,4,2,1.0986122886681098,1,2,2,2,2,3,1.3862943611198906,0,0,3,3,3,1,25,68.0
12,2.5649493574615367,1,0,2,5,2,7,2.0794415416798357,0,1,2,0,7,8,2.1972245773362196,1,2,3,1,8,4,1.6094379124341003,1,1,4,4,4,11,2.4849066497880004,0,2,1,4,1,2,1.0986122886681098,1,2,2,2,2,5,1.791759469228055,0,2,0,5,5,6,1.9459101490553132,1,0,1,6,6,2,1.0986122886681098,1,2,2,2,2,2,1.0986122886681098,1,2,2,2,2,1,18,1277.0
11,2.4849066497880004,0,2,1,4,1,1,0.6931471805599453,0,1,1,1,1,11,2.4849066497880004,0,2,1,4,1,2,1.0986122886681098,1,2,2,2,2,12,2.5649493574615367,1,0,2,5,2,5,1.791759469228055,0,2,0,5,5,7,2.0794415416798357,0,1,2,0,7,1,0.6931471805599453,0,1,1,1,1,1,0.6931471805599453,0,1,1,1,1,8,2.1972245773362196,1,2,3,1,8,1,27,885.0
8,2.1972245773362196,1,2,3,1,8,3,1.3862943611198906,0,0,3,3,3,10,2.3978952727983707,1,1,0,3,0,5,1.791759469228055,0,2,0,5,5,6,1.9459101490553132,1,0,1,6,6,1,0.6931471805599453,0,1,1,1,1,2,1.0986122886681098,1,2,2,2,2,5,1.791759469228055,0,2,0,5,5,5,1.791759469228055,0,2,0,5,5,2,1.0986122886681098,1,2,2,2,2,1,23,112.0
5,1.791759469228055,0,2,0,5,5,9,2.302585092994046,0,0,4,2,9,10,2.3978952727983707,1,1,0,3,0,2,1.0986122886681098,1,2,2,2,2,12,2.5649493574615367,1,0,2,5,2,8,2.1972245773362196,1,2,3,1,8,11,2.4849066497880004,0,2,1,4,1,4,1.6094379124341003,1,1,4,4,4,4,1.6094379124341003,1,1,4,4,4,3,1.3862943611198906,0,0,3,3,3,1,13,1261.0
10,2.3978952727983707,1,1,0,3,0,3,1.3862943611198906,0,0,3,3,3,12,2.5649493574615367,1,0,2,5,2,1,0.6931471805599453,0,1,1,1,1,3,1.3862943611198906,0,0,3,3,3,3,1.3862943611198906,0,0,3,3,3,5,1.791759469228055,0,2,0,5,5,7,2.0794415416798357,0,1,2,0,7,3,1.3862943611198906,0,0,3,3,3,6,1.9459101490553132,1,0,1,6,6,1,25,175.0
7,2.0794415416798357,0,1,2,0,7,6,1.9459101490553132,1,0,1,6,6,8,2.1972245773362196,1,2,3,1,8,1,0.6931471805599453,0,1,1,1,1,6,1.9459101490553132,1,0,1,6,6,1,0.6931471805599453,0,1,1,1,1,12,2.5649493574615367,1,0,2,5,2,3,1.3862943611198906,0,0,3,3,3,8,2.1972245773362196,1,2,3,1,8,3,1.3862943611198906,0,0,3,3,3,1,28,73.0
9,2.302585092994046,0,0,4,2,9,1,0.6931471805599453,0,1,1,1,1,2,1.0986122886681098,1,2,2,2,2,4,1.6094379124341003,1,1,4,4,4,5,1.791759469228055,0,2,0,5,5,3,1.3862943611198906,0,0,3,3,3,5,1.791759469228055,0,2,0,5,5,8,2.1972245773362196,1,2,3,1,8,1,0.6931471805599453,0,1,1,1,1,4,1.6094379124341003,1,1,4,4,4,1,25,39.0
10,2.3978952727983707,1,1,0,3,0,4,1.6094379124341003,1,1,4,4,4,7,2.0794415416798357,0,1,2,0,7,1,0.6931471805599453,0,1,1,1,1,2,1.0986122886681098,1,2,2,2,2,5,1.791759469228055,0,2,0,5,5,8,2.1972245773362196,1,2,3,1,8,2,1.0986122886681098,1,2,2,2,2,4,1.6094379124341003,1,1,4,4,4,7,2.0794415416798357,0,1,2,0,7,1,23,463.0
11,2.4849066497880004,0,2,1,4,1,1,0.6931471805599453,0,1,1,1,1,2,1.0986122886681098,1,2,2,2,2,8,2.1972245773362196,1,2,3,1,8,10,2.3978952727983707,1,1,0,3,0,3,1.3862943611198906,0,0,3,3,3,5,1.791759469228055,0,2,0,5,5,1,0.6931471805599453,0,1,1,1,1,6,1.9459101490553132,1,0,1,6,6,6,1.9459101490553132,1,0,1,6,6,1,25,89.0
4,1.6094379124341003,1,1,4,4,4,3,1.3862943611198906,0,0,3,3,3,10,2.3978952727983707,1,1,0,3,0,2,1.0986122886681098,1,2,2,2,2,12,2.5649493574615367,1,0,2,5,2,5,1.791759469228055,0,2,0,5,5,8,2.1972245773362196,1,2,3,1,8,5,1.791759469228055,0,2,0,5,5,4,1.6094379124341003,1,1,4,4,4,7,2.0794415416798357,0,1,2,0,7,1,14,517.0
2,1.0986122886681098,1,2,2,2,2,2,1.0986122886681098,1,2,2,2,2,4,1.6094379124341003,1,1,4,4,4,1,0.6931471805599453,0,1,1,1,1,2,1.0986122886681098,1,2,2,2,2,2,1.0986122886681098,1,2,2,2,2,6,1.9459101490553132,1,0,1,6,6,6,1.9459101490553132,1,0,1,6,6,4,1.6094379124341003,1,1,4,4,4,2,1.0986122886681098,1,2,2,2,2,1,41,37.0
11,2.4849066497880004,0,2,1,4,1,8,2.1972245773362196,1,2,3,1,8,10,2.3978952727983707,1,1,0,3,0,2,1.0986122886681098,1,2,2,2,2,10,2.3978952727983707,1,1,0,3,0,6,1.9459101490553132,1,0,1,6,6,12,2.5649493574615367,1,0,2,5,2,7,2.0794415416798357,0,1,2,0,7,7,2.0794415416798357,0,1,2,0,7,3,1.3862943611198906,0,0,3,3,3,1,10,19.0
5,1.791759469228055,0,2,0,5,5,5,1.791759469228055,0,2,0,5,5,8,2.1972245773362196,1,2,3,1,8,4,1.6094379124341003,1,1,4,4,4,9,2.302585092994046,0,0,4,2,9,6,1.9459101490553132,1,0,1,6,6,9,2.302585092994046,0,0,4,2,9,4,1.6094379124341003,1,1,4,4,4,8,2.1972245773362196,1,2,3,1,8,8,2.1972245773362196,1,2,3,1,8,1,12,38.0
6,1.9459101490553132,1,0,1,6,6,3,1.3862943611198906,0,0,3,3,3,10,2.3978952727983707,1,1,0,3,0,10,2.3978952727983707,1,1,0,3,0,12,2.5649493574615367,1,0,2,5,2,8,2.1972245773362196,1,2,3,1,8,12,2.5649493574615367,1,0,2,5,2,7,2.0794415416798357,0,1,2,0,7,1,0.6931471805599453,0,1,1,1,1,7,2.0794415416798357,0,1,2,0,7,1,17,107.0
12,2.5649493574615367,1,0,2,5,2,2,1.0986122886681098,1,2,2,2,2,3,1.3862943611198906,0,0,3,3,3,4,1.6094379124341003,1,1,4,4,4,5,1.791759469228055,0,2,0,5,5,2,1.0986122886681098,1,2,2,2,2,3,1.3862943611198906,0,0,3,3,3,5,1.791759469228055,0,2,0,5,5,8,2.1972245773362196,1,2,3,1,8,4,1.6094379124341003,1,1,4,4,4,1,18,194.0
7,2.0794415416798357,0,1,2,0,7,1,0.6931471805599453,0,1,1,1,1,2,1.0986122886681098,1,2,2,2,2,1,0.6931471805599453,0,1,1,1,1,3,1.3862943611198906,0,0,3,3,3,2,1.0986122886681098,1,2,2,2,2,10,2.3978952727983707,1,1,0,3,0,7,2.0794415416798357,0,1,2,0,7,6,1.9459101490553132,1,0,1,6,6,6,1.9459101490553132,1,0,1,6,6,1,28,112.0
3,1.3862943611198906,0,0,3,3,3,5,1.791759469228055,0,2,0,5,5,8,2.1972245773362196,1,2,3,1,8,3,1.3862943611198906,0,0,3,3,3,6,1.9459101490553132,1,0,1,6,6,1,0.6931471805599453,0,1,1,1,1,3,1.3862943611198906,0,0,3,3,3,5,1.791759469228055,0,2,0,5,5,1,0.6931471805599453,0,1,1,1,1,5,1.791759469228055,0,2,0,5,5,1,26,51.0
10,2.3978952727983707,1,1,0,3,0,1,0.6931471805599453,0,1,1,1,1,5,1.791759469228055,0,2,0,5,5,2,1.0986122886681098,1,2,2,2,2,7,2.0794415416798357,0,1,2,0,7,3,1.3862943611198906,0,0,3,3,3,8,2.1972245773362196,1,2,3,1,8,7,2.0794415416798357,0,1,2,0,7,1,0.6931471805599453,0,1,1,1,1,7,2.0794415416798357,0,1,2,0,7,1,23,53.0
8,2.1972245773362196,1,2,3,1,8,3,1.3862943611198906,0,0,3,3,3,6,1.9459101490553132,1,0,1,6,6,1,0.6931471805599453,0,1,1,1,1,4,1.6094379124341003,1,1,4,4,4,4,1.6094379124341003,1,1,4,4,4,6,1.9459101490553132,1,0,1,6,6,2,1.0986122886681098,1,2,2,2,2,2,1.0986122886681098,1,2,2,2,2,1,0.6931471805599453,0,1,1,1,1,1,34,83.0
6,1.9459101490553132,1,0,1,6,6,1,0.6931471805599453,0,1,1,1,1,3,1.3862943611198906,0,0,3,3,3,2,1.0986122886681098,1,2,2,2,2,4,1.6094379124341003,1,1,4,4,4,4,1.6094379124341003,1,1,4,4,4,10,2.3978952727983707,1,1,0,3,0,3,1.3862943611198906,0,0,3,3,3,5,1.791759469228055,0,2,0,5,5,4,1.6094379124341003,1,1,4,4,4,1,21,117.0
12,2.5649493574615367,1,0,2,5,2,4,1.6094379124341003,1,1,4,4,4,6,1.9459101490553132,1,0,1,6,6,1,0.6931471805599453,0,1,1,1,1,3,1.3862943611198906,0,0,3,3,3,6,1.9459101490553132,1,0,1,6,6,7,2.0794415416798357,0,1,2,0,7,3,1.3862943611198906,0,0,3,3,3,6,1.9459101490553132,1,0,1,6,6,1,0.6931471805599453,0,1,1,1,1,1,33,55.0
11,2.4849066497880004,0,2,1,4,1,1,0.6931471805599453,0,1,1,1,1,2,1.0986122886681098,1,2,2,2,2,7,2.0794415416798357,0,1,2,0,7,12,2.5649493574615367,1,0,2,5,2,2,1.0986122886681098,1,2,2,2,2,5,1.791759469228055,0,2,0,5,5,7,2.0794415416798357,0,1,2,0,7,8,2.1972245773362196,1,2,3,1,8,8,2.1972245773362196,1,2,3,1,8,1,18,99.0
3,1.3862943611198906,0,0,3,3,3,3,1.3862943611198906,0,0,3,3,3,5,1.791759469228055,0,2,0,5,5,1,0.6931471805599453,0,1,1,1,1,2,1.0986122886681098,1,2,2,2,2,1,0.6931471805599453,0,1,1,1,1,7,2.0794415416798357,0,1,2,0,7,3,1.3862943611198906,0,0,3,3,3,7,2.0794415416798357,0,1,2,0,7,4,1.6094379124341003,1,1,4,4,4,1,22,947.0
9,2.302585092994046,0,0,4,2,9,1,0.6931471805599453,0,1,1,1,1,7,2.0794415416798357,0,1,2,0,7,7,2.0794415416798357,0,1,2,0,7,11,2.4849066497880004,0,2,1,4,1,2,1.0986122886681098,1,2,2,2,2,11,2.4849066497880004,0,2,1,4,1,5,1.791759469228055,0,2,0,5,5,1,0.6931471805599453,0,1,1,1,1,3,1.3862943611198906,0,0,3,3,3,1,20,337.0
3,1.3862943611198906,0,0,3,3,3,3,1.3862943611198906,0,0,3,3,3,5,1.791759469228055,0,2,0,5,5,1,0.6931471805599453,0,1,1,1,1,2,1.0986122886681098,1,2,2,2,2,1,0.6931471805599453,0,1,1,1,1,8,2.1972245773362196,1,2,3,1,8,7,2.0794415416798357,0,1,2,0,7,4,1.6094379124341003,1,1,4,4,4,4,1.6094379124341003,1,1,4,4,4,1,24,547.0
9,2.302585092994046,0,0,4,2,9,5,1.791759469228055,0,2,0,5,5,8,2.1972245773362196,1,2,3,1,8,3,1.3862943611198906,0,0,3,3,3,7,2.0794415416798357,0,1,2,0,7,2,1.0986122886681098,1,2,2,2,2,9,2.302585092994046,0,0,4,2,9,3,1.3862943611198906,0,0,3,3,3,4,1.6094379124341003,1,1,4,4,4,5,1.791759469228055,0,2,0,5,5,1,10,6355.0
10,2.3978952727983707,1,1,0,3,0,1,0.6931471805599453,0,1,1,1,1,4,1.6094379124341003,1,1,4,4,4,2,1.0986122886681098,1,2,2,2,2,9,2.302585092994046,0,0,4,2,9,2,1.0986122886681098,1,2,2,2,2,4,1.6094379124341003,1,1,4,4,4,1,0.6931471805599453,0,1,1,1,1,1,0.6931471805599453,0,1,1,1,1,8,2.1972245773362196,1,2,3,1,8,1,36,29.0
10,2.3978952727983707,1,1,0,3,0,9,2.302585092994046,0,0,4,2,9,12,2.5649493574615367,1,0,2,5,2,1,0.6931471805599453,0,1,1,1,1,6,1.9459101490553132,1,0,1,6,6,5,1.791759469228055,0,2,0,5,5,9,2.302585092994046,0,0,4,2,9,3,1.3862943611198906,0,0,3,3,3,4,1.6094379124341003,1,1,4,4,4,2,1.0986122886681098,1,2,2,2,2,1,21,101.0
12,2.5649493574615367,1,0,2,5,2,2,1.0986122886681098,1,2,2,2,2,10,2.3978952727983707,1,1,0,3,0,2,1.0986122886681098,1,2,2,2,2,9,2.302585092994046,0,0,4,2,9,2,1.0986122886681098,1,2,2,2,2,8,2.1972245773362196,1,2,3,1,8,8,2.1972245773362196,1,2,3,1,8,6,1.9459101490553132,1,0,1,6,6,5,1.791759469228055,0,2,0,5,5,1,21,953.0
8,2.1972245773362196,1,2,3,1,8,1,0.6931471805599453,0,1,1,1,1,2,1.0986122886681098,1,2,2,2,2,3,1.3862943611198906,0,0,3,3,3,7,2.0794415416798357,0,1,2,0,7,2,1.0986122886681098,1,2,2,2,2,6,1.9459101490553132,1,0,1,6,6,3,1.3862943611198906,0,0,3,3,3,1,0.6931471805599453,0,1,1,1,1,1,0.6931471805599453,0,1,1,1,1,1,32,127.0
4,1.6094379124341003,1,1,4,4,4,1,0.6931471805599453,0,1,1,1,1,2,1.0986122886681098,1,2,2,2,2,3,1.3862943611198906,0,0,3,3,3,6,1.9459101490553132,1,0,1,6,6,3,1.3862943611198906,0,0,3,3,3,12,2.5649493574615367,1,0,2,5,2,8,2.1972245773362196,1,2,3,1,8,1,0.6931471805599453,0,1,1,1,1,1,0.6931471805599453,0,1,1,1,1,1,36,39.0
7,2.0794415416798357,0,1,2,0,7,2,1.0986122886681098,1,2,2,2,2,3,1.3862943611198906,0,0,3,3,3,5,1.791759469228055,0,2,0,5,5,12,2.5649493574615367,1,0,2,5,2,1,0.6931471805599453,0,1,1,1,1,10,2.3978952727983707,1,1,0,3,0,1,0.6931471805599453,0,1,1,1,1,5,1.791759469228055,0,2,0,5,5,5,1.791759469228055,0,2,0,5,5,1,26,353.0
8,2.1972245773362196,1,2,3,1,8,6,1.9459101490553132,1,0,1,6,6,8,2.1972245773362196,1,2,3,1,8,5,1.791759469228055,0,2,0,5,5,6,1.9459101490553132,1,0,1,6,6,2,1.0986122886681098,1,2,2,2,2,3,1.3862943611198906,0,0,3,3,3,4,1.6094379124341003,1,1,4,4,4,8,2.1972245773362196,1,2,3,1,8,2,1.0986122886681098,1,2,2,2,2,1,22,45.0
11,2.4849066497880004,0,2,1,4,1,1,0.6931471805599453,0,1,1,1,1,7,2.0794415416798357,0,1,2,0,7,1,0.6931471805599453,0,1,1,1,1,10,2.3978952727983707,1,1,0,3,0,2,1.0986122886681098,1,2,2,2,2,5,1.791759469228055,0,2,0,5,5,1,0.6931471805599453,0,1,1,1,1,2,1.0986122886681098,1,2,2,2,2,3,1.3862943611198906,0,0,3,3,3,1,28,151.0
5,1.791759469228055,0,2,0,5,5,4,1.6094379124341003,1,1,4,4,4,6,1.9459101490553132,1,0,1,6,6,10,2.3978952727983707,1,1,0,3,0,12,2.5649493574615367,1,0,2,5,2,3,1.3862943611198906,0,0,3,3,3,4,1.6094379124341003,1,1,4,4,4,8,2.1972245773362196,1,2,3,1,8,3,1.3862943611198906,0,0,3,3,3,1,0.6931471805599453,0,1,1,1,1,1,21,245.0
4,1.6094379124341003,1,1,4,4,4,4,1.6094379124341003,1,1,4,4,4,6,1.9459101490553132,1,0,1,6,6,1,0.6931471805599453,0,1,1,1,1,3,1.3862943611198906,0,0,3,3,3,2,1.0986122886681098,1,2,2,2,2,3,1.3862943611198906,0,0,3,3,3,3,1.3862943611198906,0,0,3,3,3,6,1.9459101490553132,1,0,1,6,6,8,2.1972245773362196,1,2,3,1,8,1,27,21.0
3,1.3862943611198906,0,0,3,3,3,4,1.6094379124341003,1,1,4,4,4,10,2.3978952727983707,1,1,0,3,0,6,1.9459101490553132,1,0,1,6,6,8,2.1972245773362196,1,2,3,1,8,2,1.0986122886681098,1,2,2,2,2,9,2.302585092994046,0,0,4,2,9,6,1.9459101490553132,1,0,1,6,6,8,2.1972245773362196,1,2,3,1,8,2,1.0986122886681098,1,2,2,2,2,1,20,68.0
3,1.3862943611198906,0,0,3,3,3,1,0.6931471805599453,0,1,1,1,1,2,1.0986122886681098,1,2,2,2,2,3,1.3862943611198906,0,0,3,3,3,11,2.4849066497880004,0,2,1,4,1,4,1.6094379124341003,1,1,4,4,4,6,1.9459101490553132,1,0,1,6,6,5,1.791759469228055,0,2,0,5,5,4,1.6094379124341003,1,1,4,4,4,1,0.6931471805599453,0,1,1,1,1,1,24,267.0
12,2.5649493574615367,1,0,2,5,2,5,1.791759469228055,0,2,0,5,5,6,1.9459101490553132,1,0,1,6,6,6,1.9459101490553132,1,0,1,6,6,7,2.0794415416798357,0,1,2,0,7,2,1.0986122886681098,1,2,2,2,2,4,1.6094379124341003,1,1,4,4,4,1,0.6931471805599453,0,1,1,1,1,3,1.3862943611198906,0,0,3,3,3,5,1.791759469228055,0,2,0,5,5,1,21,166.0
10,2.3978952727983707,1,1,0,3,0,8,2.1972245773362196,1,2,3,1,8,10,2.3978952727983707,1,1,0,3,0,2,1.0986122886681098,1,2,2,2,2,8,2.1972245773362196,1,2,3,1,8,1,0.6931471805599453,0,1,1,1,1,2,1.0986122886681098,1,2,2,2,2,1,0.6931471805599453,0,1,1,1,1,2,1.0986122886681098,1,2,2,2,2,1,0.6931471805599453,0,1,1,1,1,1,41,16.0
10,2.3978952727983707,1,1,0,3,0,4,1.6094379124341003,1,1,4,4,4,9,2.302585092994046,0,0,4,2,9,8,2.1972245773362196,1,2,3,1,8,11,2.4849066497880004,0,2,1,4,1,4,1.6094379124341003,1,1,4,4,4,6,1.9459101490553132,1,0,1,6,6,1,0.6931471805599453,0,1,1,1,1,3,1.3862943611198906,0,0,3,3,3,5,1.791759469228055,0,2,0,5,5,1,15,623.0
8,2.1972245773362196,1,2,3,1,8,9,2.302585092994046,0,0,4,2,9,12,2.5649493574615367,1,0,2,5,2,3,1.3862943611198906,0,0,3,3,3,7,2.0794415416798357,0,1,2,0,7,1,0.6931471805599453,0,1,1,1,1,4,1.6094379124341003,1,1,4,4,4,7,2.0794415416798357,0,1,2,0,7,6,1.9459101490553132,1,0,1,6,6,4,1.6094379124341003,1,1,4,4,4,1,19,489.0
10,2.3978952727983707,1,1,0,3,0,7,2.0794415416798357,0,1,2,0,7,8,2.1972245773362196,1,2,3,1,8,7,2.0794415416798357,0,1,2,0,7,11,2.4849066497880004,0,2,1,4,1,1,0.6931471805599453,0,1,1,1,1,7,2.0794415416798357,0,1,2,0,7,7,2.0794415416798357,0,1,2,0,7,3,1.3862943611198906,0,0,3,3,3,1,0.6931471805599453,0,1,1,1,1,1,23,1851.0
4,1.6094379124341003,1,1,4,4,4,2,1.0986122886681098,1,2,2,2,2,3,1.3862943611198906,0,0,3,3,3,2,1.0986122886681098,1,2,2,2,2,3,1.3862943611198906,0,0,3,3,3,7,2.0794415416798357,0,1,2,0,7,10,2.3978952727983707,1,1,0,3,0,3,1.3862943611198906,0,0,3,3,3,2,1.0986122886681098,1,2,2,2,2,6,1.9459101490553132,1,0,1,6,6,1,18,101.0
10,2.3978952727983707,1,1,0,3,0,1,0.6931471805599453,0,1,1,1,1,6,1.9459101490553132,1,0,1,6,6,4,1.6094379124341003,1,1,4,4,4,5,1.791759469228055,0,2,0,5,5,5,1.791759469228055,0,2,0,5,5,8,2.1972245773362196,1,2,3,1,8,4,1.6094379124341003,1,1,4,4,4,2,1.0986122886681098,1,2,2,2,2,5,1.791759469228055,0,2,0,5,5,1,23,847.0
6,1.9459101490553132,1,0,1,6,6,5,1.791759469228055,0,2,0,5,5,9,2.302585092994046,0,0,4,2,9,3,1.3862943611198906,0,0,3,3,3,5,1.791759469228055,0,2,0,5,5,10,2.3978952727983707,1,1,0,3,0,12,2.5649493574615367,1,0,2,5,2,4,1.6094379124341003,1,1,4,4,4,8,2.1972245773362196,1,2,3,1,8,7,2.0794415416798357,0,1,2,0,7,1,9,202.0
12,2.5649493574615367,1,0,2,5,2,3,1.3862943611198906,0,0,3,3,3,5,1.791759469228055,0,2,0,5,5,1,0.6931471805599453,0,1,1,1,1,8,2.1972245773362196,1,2,3,1,8,2,1.0986122886681098,1,2,2,2,2,6,1.9459101490553132,1,0,1,6,6,5,1.791759469228055,0,2,0,5,5,1,0.6931471805599453,0,1,1,1,1,3,1.3862943611198906,0,0,3,3,3,1,27,37.0
8,2.1972245773362196,1,2,3,1,8,7,2.0794415416798357,0,1,2,0,7,12,2.5649493574615367,1,0,2,5,2,2,1.0986122886681098,1,2,2,2,2,9,2.302585092994046,0,0,4,2,9,9,2.302585092994046,0,0,4,2,9,12,2.5649493574615367,1,0,2,5,2,8,2.1972245773362196,1,2,3,1,8,8,2.1972245773362196,1,2,3,1,8,1,0.6931471805599453,0,1,1,1,1,1,19,85.0
11,2.4849066497880004,0,2,1,4,1,2,1.0986122886681098,1,2,2,2,2,11,2.4849066497880004,0,2,1,4,1,2,1.0986122886681098,1,2,2,2,2,3,1.3862943611198906,0,0,3,3,3,9,2.302585092994046,0,0,4,2,9,11,2.4849066497880004,0,2,1,4,1,3,1.3862943611198906,0,0,3,3,3,1,0.6931471805599453,0,1,1,1,1,4,1.6094379124341003,1,1,4,4,4,1,18,179.0
11,2.4849066497880004,0,2,1,4,1,2,1.0986122886681098,1,2,2,2,2,3,1.3862943611198906,0,0,3,3,3,1,0.6931471805599453,0,1,1,1,1,6,1.9459101490553132,1,0,1,6,6,2,1.0986122886681098,1,2,2,2,2,9,2.302585092994046,0,0,4,2,9,1,0.6931471805599453,0,1,1,1,1,7,2.0794415416798357,0,1,2,0,7,8,2.1972245773362196,1,2,3,1,8,1,24,275.0
12,2.5649493574615367,1,0,2,5,2,1,0.6931471805599453,0,1,1,1,1,2,1.0986122886681098,1,2,2,2,2,4,1.6094379124341003,1,1,4,4,4,9,2.302585092994046,0,0,4,2,9,5,1.791759469228055,0,2,0,5,5,6,1.9459101490553132,1,0,1,6,6,7,2.0794415416798357,0,1,2,0,7,1,0.6931471805599453,0,1,1,1,1,4,1.6094379124341003,1,1,4,4,4,1,25,289.0
5,1.791759469228055,0,2,0,5,5,5,1.791759469228055,0,2,0,5,5,8,2.1972245773362196,1,2,3,1,8,1,0.6931471805599453,0,1,1,1,1,2,1.0986122886681098,1,2,2,2,2,1,0.6931471805599453,0,1,1,1,1,3,1.3862943611198906,0,0,3,3,3,8,2.1972245773362196,1,2,3,1,8,2,1.0986122886681098,1,2,2,2,2,3,1.3862943611198906,0,0,3,3,3,1,25,335.0
8,2.1972245773362196,1,2,3,1,8,3,1.3862943611198906,0,0,3,3,3,4,1.6094379124341003,1,1,4,4,4,3,1.3862943611198906,0,0,3,3,3,5,1.791759469228055,0,2,0,5,5,7,2.0794415416798357,0,1,2,0,7,12,2.5649493574615367,1,0,2,5,2,5,1.791759469228055,0,2,0,5,5,6,1.9459101490553132,1,0,1,6,6,5,1.791759469228055,0,2,0,5,5,1,11,34.0
6,1.9459101490553132,1,0,1,6,6,2,1.0986122886681098,1,2,2,2,2,3,1.3862943611198906,0,0,3,3,3,1,0.6931471805599453,0,1,1,1,1,2,1.0986122886681098,1,2,2,2,2,2,1.0986122886681098,1,2,2,2,2,7,2.0794415416798357,0,1,2,0,7,2,1.0986122886681098,1,2,2,2,2,6,1.9459101490553132,1,0,1,6,6,2,1.0986122886681098,1,2,2,2,2,1,32,122.0
4,1.6094379124341003,1,1,4,4,4,5,1.791759469228055,0,2,0,5,5,9,2.302585092994046,0,0,4,2,9,2,1.0986122886681098,1,2,2,2,2,3,1.3862943611198906,0,0,3,3,3,5,1.791759469228055,0,2,0,5,5,7,2.0794415416798357,0,1,2,0,7,2,1.0986122886681098,1,2,2,2,2,1,0.6931471805599453,0,1,1,1,1,6,1.9459101490553132,1,0,1,6,6,1,17,421.0
3,1.3862943611198906,0,0,3,3,3,3,1.3862943611198906,0,0,3,3,3,4,1.6094379124341003,1,1,4,4,4,1,0.6931471805599453,0,1,1,1,1,2,1.0986122886681098,1,2,2,2,2,1,0.6931471805599453,0,1,1,1,1,3,1.3862943611198906,0,0,3,3,3,4,1.6094379124341003,1,1,4,4,4,2,1.0986122886681098,1,2,2,2,2,2,1.0986122886681098,1,2,2,2,2,1,30,5.0
6,1.9459101490553132,1,0,1,6,6,2,1.0986122886681098,1,2,2,2,2,5,1.791759469228055,0,2,0,5,5,1,0.6931471805599453,0,1,1,1,1,11,2.4849066497880004,0,2,1,4,1,4,1.6094379124341003,1,1,4,4,4,11,2.4849066497880004,0,2,1,4,1,8,2.1972245773362196,1,2,3,1,8,2,1.0986122886681098,1,2,2,2,2,7,2.0794415416798357,0,1,2,0,7,1,18,53.0
7,2.0794415416798357,0,1,2,0,7,2,1.0986122886681098,1,2,2,2,2,10,2.3978952727983707,1,1,0,3,0,3,1.3862943611198906,0,0,3,3,3,9,2.302585092994046,0,0,4,2,9,7,2.0794415416798357,0,1,2,0,7,10,2.3978952727983707,1,1,0,3,0,7,2.0794415416798357,0,1,2,0,7,4,1.6094379124341003,1,1,4,4,4,7,2.0794415416798357,0,1,2,0,7,1,11,497.0
3,1.3862943611198906,0,0,3,3,3,2,1.0986122886681098,1,2,2,2,2,8,2.1972245773362196,1,2,3,1,8,4,1.6094379124341003,1,1,4,4,4,7,2.0794415416798357,0,1,2,0,7,2,1.0986122886681098,1,2,2,2,2,7,2.0794415416798357,0,1,2,0,7,5,1.791759469228055,0,2,0,5,5,2,1.0986122886681098,1,2,2,2,2,6,1.9459101490553132,1,0,1,6,6,1,15,43.0
12,2.5649493574615367,1,0,2,5,2,8,2.1972245773362196,1,2,3,1,8,9,2.302585092994046,0,0,4,2,9,3,1.3862943611198906,0,0,3,3,3,10,2.3978952727983707,1,1,0,3,0,4,1.6094379124341003,1,1,4,4,4,6,1.9459101490553132,1,0,1,6,6,7,2.0794415416798357,0,1,2,0,7,1,0.6931471805599453,0,1,1,1,1,3,1.3862943611198906,0,0,3,3,3,1,19,125.0
10,2.3978952727983707,1,1,0,3,0,5,1.791759469228055,0,2,0,5,5,11,2.4849066497880004,0,2,1,4,1,7,2.0794415416798357,0,1,2,0,7,12,2.5649493574615367,1,0,2,5,2,9,2.302585092994046,0,0,4,2,9,11,2.4849066497880004,0,2,1,4,1,2,1.0986122886681098,1,2,2,2,2,6,1.9459101490553132,1,0,1,6,6,1,0.6931471805599453,0,1,1,1,1,1,15,593.0
9,2.302585092994046,0,0,4,2,9,1,0.6931471805599453,0,1,1,1,1,2,1.0986122886681098,1,2,2,2,2,3,1.3862943611198906,0,0,3,3,3,8,2.1972245773362196,1,2,3,1,8,8,2.1972245773362196,1,2,3,1,8,10,2.3978952727983707,1,1,0,3,0,2,1.0986122886681098,1,2,2,2,2,3,1.3862943611198906,0,0,3,3,3,1,0.6931471805599453,0,1,1,1,1,1,28,73.0
2,1.0986122886681098,1,2,2,2,2,4,1.6094379124341003,1,1,4,4,4,5,1.791759469228055,0,2,0,5,5,3,1.3862943611198906,0,0,3,3,3,6,1.9459101490553132,1,0,1,6,6,1,0.6931471805599453,0,1,1,1,1,6,1.9459101490553132,1,0,1,6,6,7,2.0794415416798357,0,1,2,0,7,4,1.6094379124341003,1,1,4,4,4,8,2.1972245773362196,1,2,3,1,8,1,20,157.0
10,2.3978952727983707,1,1,0,3,0,4,1.6094379124341003,1,1,4,4,4,6,1.9459101490553132,1,0,1,6,6,3,1.3862943611198906,0,0,3,3,3,10,2.3978952727983707,1,1,0,3,0,5,1.791759469228055,0,2,0,5,5,8,2.1972245773362196,1,2,3,1,8,1,0.6931471805599453,0,1,1,1,1,4,1.6094379124341003,1,1,4,4,4,7,2.0794415416798357,0,1,2,0,7,1,16,1783.0
12,2.5649493574615367,1,0,2,5,2,2,1.0986122886681098,1,2,2,2,2,3,1.3862943611198906,0,0,3,3,3,4,1.6094379124341003,1,1,4,4,4,9,2.302585092994046,0,0,4,2,9,2,1.0986122886681098,1,2,2,2,2,3,1.3862943611198906,0,0,3,3,3,7,2.0794415416798357,0,1,2,0,7,8,2.1972245773362196,1,2,3,1,8,4,1.6094379124341003,1,1,4,4,4,1,19,112.0
11,2.4849066497880004,0,2,1,4,1,6,1.9459101490553132,1,0,1,6,6,7,2.0794415416798357,0,1,2,0,7,1,0.6931471805599453,0,1,1,1,1,2,1.0986122886681098,1,2,2,2,2,8,2.1972245773362196,1,2,3,1,8,12,2.5649493574615367,1,0,2,5,2,8,2.1972245773362196,1,2,3,1,8,4,1.6094379124341003,1,1,4,4,4,5,1.791759469228055,0,2,0,5,5,1,19,339.0
9,2.302585092994046,0,0,4,2,9,1,0.6931471805599453,0,1,1,1,1,3,1.3862943611198906,0,0,3,3,3,2,1.0986122886681098,1,2,2,2,2,5,1.791759469228055,0,2,0,5,5,1,0.6931471805599453,0,1,1,1,1,9,2.302585092994046,0,0,4,2,9,5,1.791759469228055,0,2,0,5,5,5,1.791759469228055,0,2,0,5,5,8,2.1972245773362196,1,2,3,1,8,1,24,569.0
2,1.0986122886681098,1,2,2,2,2,1,0.6931471805599453,0,1,1,1,1,2,1.0986122886681098,1,2,2,2,2,2,1.0986122886681098,1,2,2,2,2,8,2.1972245773362196,1,2,3,1,8,1,0.6931471805599453,0,1,1,1,1,2,1.0986122886681098,1,2,2,2,2,7,2.0794415416798357,0,1,2,0,7,8,2.1972245773362196,1,2,3,1,8,7,2.0794415416798357,0,1,2,0,7,1,33,41.0
10,2.3978952727983707,1,1,0,3,0,1,0.6931471805599453,0,1,1,1,1,4,1.6094379124341003,1,1,4,4,4,1,0.6931471805599453,0,1,1,1,1,12,2.5649493574615367,1,0,2,5,2,1,0.6931471805599453,0,1,1,1,1,4,1.6094379124341003,1,1,4,4,4,2,1.0986122886681098,1,2,2,2,2,3,1.3862943611198906,0,0,3,3,3,8,2.1972245773362196,1,2,3,1,8,1,35,41.0
3,1.3862943611198906,0,0,3,3,3,2,1.0986122886681098,1,2,2,2,2,3,1.3862943611198906,0,0,3,3,3,4,1.6094379124341003,1,1,4,4,4,6,1.9459101490553132,1,0,1,6,6,2,1.0986122886681098,1,2,2,2,2,10,2.3978952727983707,1,1,0,3,0,1,0.6931471805599453,0,1,1,1,1,6,1.9459101490553132,1,0,1,6,6,2,1.0986122886681098,1,2,2,2,2,1,30,161.0
11,2.4849066497880004,0,2,1,4,1,1,0.6931471805599453,0,1,1,1,1,8,2.1972245773362196,1,2,3,1,8,2,1.0986122886681098,1,2,2,2,2,7,2.0794415416798357,0,1,2,0,7,3,1.3862943611198906,0,0,3,3,3,4,1.6094379124341003,1,1,4,4,4,8,2.1972245773362196,1,2,3,1,8,7,2.0794415416798357,0,1,2,0,7,8,2.1972245773362196,1,2,3,1,8,1,20,1103.0
7,2.0794415416798357,0,1,2,0,7,4,1.6094379124341003,1,1,4,4,4,6,1.9459101490553132,1,0,1,6,6,2,1.0986122886681098,1,2,2,2,2,7,2.0794415416798357,0,1,2,0,7,3,1.3862943611198906,0,0,3,3,3,4,1.6094379124341003,1,1,4,4,4,5,1.791759469228055,0,2,0,5,5,1,0.6931471805599453,0,1,1,1,1,6,1.9459101490553132,1,0,1,6,6,1,18,601.0
3,1.3862943611198906,0,0,3,3,3,3,1.3862943611198906,0,0,3,3,3,6,1.9459101490553132,1,0,1,6,6,1,0.6931471805599453,0,1,1,1,1,2,1.0986122886681098,1,2,2,2,2,8,2.1972245773362196,1,2,3,1,8,11,2.4849066497880004,0,2,1,4,1,6,1.9459101490553132,1,0,1,6,6,8,2.1972245773362196,1,2,3,1,8,2,1.0986122886681098,1,2,2,2,2,1,25,233.0
3,1.3862943611198906,0,0,3,3,3,8,2.1972245773362196,1,2,3,1,8,9,2.302585092994046,0,0,4,2,9,6,1.9459101490553132,1,0,1,6,6,10,2.3978952727983707,1,1,0,3,0,7,2.0794415416798357,0,1,2,0,7,10,2.3978952727983707,1,1,0,3,0,5,1.791759469228055,0,2,0,5,5,5,1.791759469228055,0,2,0,5,5,6,1.9459101490553132,1,0,1,6,6,1,10,571.0
4,1.6094379124341003,1,1,4,4,4,9,2.302585092994046,0,0,4,2,9,10,2.3978952727983707,1,1,0,3,0,9,2.302585092994046,0,0,4,2,9,10,2.3978952727983707,1,1,0,3,0,6,1.9459101490553132,1,0,1,6,6,8,2.1972245773362196,1,2,3,1,8,8,2.1972245773362196,1,2,3,1,8,2,1.0986122886681098,1,2,2,2,2,1,0.6931471805599453,0,1,1,1,1,1,20,203.0
4,1.6094379124341003,1,1,4,4,4,3,1.3862943611198906,0,0,3,3,3,10,2.3978952727983707,1,1,0,3,0,4,1.6094379124341003,1,1,4,4,4,6,1.9459101490553132,1,0,1,6,6,4,1.6094379124341003,1,1,4,4,4,8,2.1972245773362196,1,2,3,1,8,8,2.1972245773362196,1,2,3,1,8,4,1.6094379124341003,1,1,4,4,4,2,1.0986122886681098,1,2,2,2,2,1,24,247.0
7,2.0794415416798357,0,1,2,0,7,4,1.6094379124341003,1,1,4,4,4,11,2.4849066497880004,0,2,1,4,1,1,0.6931471805599453,0,1,1,1,1,2,1.0986122886681098,1,2,2,2,2,5,1.791759469228055,0,2,0,5,5,11,2.4849066497880004,0,2,1,4,1,8,2.1972245773362196,1,2,3,1,8,4,1.6094379124341003,1,1,4,4,4,2,1.0986122886681098,1,2,2,2,2,1,20,161.0
4,1.6094379124341003,1,1,4,4,4,2,1.0986122886681098,1,2,2,2,2,5,1.791759469228055,0,2,0,5,5,1,0.6931471805599453,0,1,1,1,1,5,1.791759469228055,0,2,0,5,5,2,1.0986122886681098,1,2,2,2,2,7,2.0794415416798357,0,1,2,0,7,3,1.3862943611198906,0,0,3,3,3,8,2.1972245773362196,1,2,3,1,8,5,1.791759469228055,0,2,0,5,5,1,18,209.0
12,2.5649493574615367,1,0,2,5,2,1,0.6931471805599453,0,1,1,1,1,5,1.791759469228055,0,2,0,5,5,2,1.0986122886681098,1,2,2,2,2,5,1.791759469228055,0,2,0,5,5,4,1.6094379124341003,1,1,4,4,4,5,1.791759469228055,0,2,0,5,5,5,1.791759469228055,0,2,0,5,5,4,1.6094379124341003,1,1,4,4,4,3,1.3862943611198906,0,0,3,3,3,1,22,69.0
11,2.4849066497880004,0,2,1,4,1,2,1.0986122886681098,1,2,2,2,2,5,1.791759469228055,0,2,0,5,5,4,1.6094379124341003,1,1,4,4,4,8,2.1972245773362196,1,2,3,1,8,3,1.3862943611198906,0,0,3,3,3,7,2.0794415416798357,0,1,2,0,7,3,1.3862943611198906,0,0,3,3,3,1,0.6931471805599453,0,1,1,1,1,4,1.6094379124341003,1,1,4,4,4,1,16,129.0
8,2.1972245773362196,1,2,3,1,8,5,1.791759469228055,0,2,0,5,5,9,2.302585092994046,0,0,4,2,9,1,0.6931471805599453,0,1,1,1,1,3,1.3862943611198906,0,0,3,3,3,3,1.3862943611198906,0,0,3,3,3,4,1.6094379124341003,1,1,4,4,4,8,2.1972245773362196,1,2,3,1,8,4,1.6094379124341003,1,1,4,4,4,8,2.1972245773362196,1,2,3,1,8,1,22,23.0
7,2.0794415416798357,0,1,2,0,7,5,1.791759469228055,0,2,0,5,5,6,1.9459101490553132,1,0,1,6,6,3,1.3862943611198906,0,0,3,3,3,7,2.0794415416798357,0,1,2,0,7,2,1.0986122886681098,1,2,2,2,2,3,1.3862943611198906,0,0,3,3,3,7,2.0794415416798357,0,1,2,0,7,4,1.6094379124341003,1,1,4,4,4,1,0.6931471805599453,0,1,1,1,1,1,17,237.0
3,1.3862943611198906,0,0,3,3,3,3,1.3862943611198906,0,0,3,3,3,5,1.791759469228055,0,2,0,5,5,6,1.9459101490553132,1,0,1,6,6,9,2.302585092994046,0,0,4,2,9,9,2.302585092994046,0,0,4,2,9,10,2.3978952727983707,1,1,0,3,0,2,1.0986122886681098,1,2,2,2,2,7,2.0794415416798357,0,1,2,0,7,4,1.6094379124341003,1,1,4,4,4,1,12,207.0
2,1.0986122886681098,1,2,2,2,2,8,2.1972245773362196,1,2,3,1,8,12,2.5649493574615367,1,0,2,5,2,8,2.1972245773362196,1,2,3,1,8,9,2.302585092994046,0,0,4,2,9,1,0.6931471805599453,0,1,1,1,1,5,1.791759469228055,0,2,0,5,5,2,1.0986122886681098,1,2,2,2,2,5,1.791759469228055,0,2,0,5,5,8,2.1972245773362196,1,2,3,1,8,1,22,943.0
9,2.302585092994046,0,0,4,2,9,2,1.0986122886681098,1,2,2,2,2,6,1.9459101490553132,1,0,1,6,6,2,1.0986122886681098,1,2,2,2,2,5,1.791759469228055,0,2,0,5,5,1,0.6931471805599453,0,1,1,1,1,2,1.0986122886681098,1,2,2,2,2,6,1.9459101490553132,1,0,1,6,6,5,1.791759469228055,0,2,0,5,5,4,1.6094379124341003,1,1,4,4,4,1,23,29.0
4,1.6094379124341003,1,1,4,4,4,1,0.6931471805599453,0,1,1,1,1,9,2.302585092994046,0,0,4,2,9,3,1.3862943611198906,0,0,3,3,3,7,2.0794415416798357,0,1,2,0,7,4,1.6094379124341003,1,1,4,4,4,6,1.9459101490553132,1,0,1,6,6,4,1.6094379124341003,1,1,4,4,4,4,1.6094379124341003,1,1,4,4,4,1,0.6931471805599453,0,1,1,1,1,1,25,316.0
12,2.5649493574615367,1,0,2,5,2,2,1.0986122886681098,1,2,2,2,2,3,1.3862943611198906,0,0,3,3,3,4,1.6094379124341003,1,1,4,4,4,11,2.4849066497880004,0,2,1,4,1,7,2.0794415416798357,0,1,2,0,7,10,2.3978952727983707,1,1,0,3,0,1,0.6931471805599453,0,1,1,1,1,7,2.0794415416798357,0,1,2,0,7,1,0.6931471805599453,0,1,1,1,1,1,23,1127.0
10,2.3978952727983707,1,1,0,3,0,2,1.0986122886681098,1,2,2,2,2,5,1.791759469228055,0,2,0,5,5,5,1.791759469228055,0,2,0,5,5,12,2.5649493574615367,1,0,2,5,2,8,2.1972245773362196,1,2,3,1,8,12,2.5649493574615367,1,0,2,5,2,8,2.1972245773362196,1,2,3,1,8,7,2.0794415416798357,0,1,2,0,7,8,2.1972245773362196,1,2,3,1,8,1,13,37.0
4,1.6094379124341003,1,1,4,4,4,8,2.1972245773362196,1,2,3,1,8,12,2.5649493574615367,1,0,2,5,2,3,1.3862943611198906,0,0,3,3,3,12,2.5649493574615367,1,0,2,5,2,4,1.6094379124341003,1,1,4,4,4,12,2.5649493574615367,1,0,2,5,2,1,0.6931471805599453,0,1,1,1,1,5,1.791759469228055,0,2,0,5,5,5,1.791759469228055,0,2,0,5,5,1,25,73.0
11,2.4849066497880004,0,2,1,4,1,2,1.0986122886681098,1,2,2,2,2,5,1.791759469228055,0,2,0,5,5,7,2.0794415416798357,0,1,2,0,7,8,2.1972245773362196,1,2,3,1,8,4,1.6094379124341003,1,1,4,4,4,6,1.9459101490553132,1,0,1,6,6,5,1.791759469228055,0,2,0,5,5,6,1.9459101490553132,1,0,1,6,6,1,0.6931471805599453,0,1,1,1,1,1,16,1043.0
3,1.3862943611198906,0,0,3,3,3,1,0.6931471805599453,0,1,1,1,1,8,2.1972245773362196,1,2,3,1,8,1,0.6931471805599453,0,1,1,1,1,2,1.0986122886681098,1,2,2,2,2,4,1.6094379124341003,1,1,4,4,4,7,2.0794415416798357,0,1,2,0,7,7,2.0794415416798357,0,1,2,0,7,5,1.791759469228055,0,2,0,5,5,3,1.3862943611198906,0,0,3,3,3,1,22,52.0
7,2.0794415416798357,0,1,2,0,7,3,1.3862943611198906,0,0,3,3,3,9,2.302585092994046,0,0,4,2,9,2,1.0986122886681098,1,2,2,2,2,8,2.1972245773362196,1,2,3,1,8,1,0.6931471805599453,0,1,1,1,1,2,1.0986122886681098,1,2,2,2,2,8,2.1972245773362196,1,2,3,1,8,3,1.3862943611198906,0,0,3,3,3,4,1.6094379124341003,1,1,4,4,4,1,22,77.0
5,1.791759469228055,0,2,0,5,5,3,1.3862943611198906,0,0,3,3,3,5,1.791759469228055,0,2,0,5,5,3,1.3862943611198906,0,0,3,3,3,4,1.6094379124341003,1,1,4,4,4,2,1.0986122886681098,1,2,2,2,2,8,2.1972245773362196,1,2,3,1,8,2,1.0986122886681098,1,2,2,2,2,4,1.6094379124341003,1,1,4,4,4,7,2.0794415416798357,0,1,2,0,7,1,12,337.0
9,2.302585092994046,0,0,4,2,9,4,1.6094379124341003,1,1,4,4,4,9,2.302585092994046,0,0,4,2,9,3,1.3862943611198906,0,0,3,3,3,11,2.4849066497880004,0,2,1,4,1,1,0.6931471805599453,0,1,1,1,1,3,1.3862943611198906,0,0,3,3,3,5,1.791759469228055,0,2,0,5,5,4,1.6094379124341003,1,1,4,4,4,4,1.6094379124341003,1,1,4,4,4,1,18,545.0
7,2.0794415416798357,0,1,2,0,7,4,1.6094379124341003,1,1,4,4,4,7,2.0794415416798357,0,1,2,0,7,1,0.6931471805599453,0,1,1,1,1,7,2.0794415416798357,0,1,2,0,7,11,2.4849066497880004,0,2,1,4,1,12,2.5649493574615367,1,0,2,5,2,1,0.6931471805599453,0,1,1,1,1,8,2.1972245773362196,1,2,3,1,8,7,2.0794415416798357,0,1,2,0,7,1,25,559.0
7,2.0794415416798357,0,1,2,0,7,4,1.6094379124341003,1,1,4,4,4,5,1.791759469228055,0,2,0,5,5,10,2.3978952727983707,1,1,0,3,0,12,2.5649493574615367,1,0,2,5,2,5,1.791759469228055,0,2,0,5,5,7,2.0794415416798357,0,1,2,0,7,7,2.0794415416798357,0,1,2,0,7,6,1.9459101490553132,1,0,1,6,6,5,1.791759469228055,0,2,0,5,5,1,11,1053.0
9,2.302585092994046,0,0,4,2,9,6,1.9459101490553132,1,0,1,6,6,12,2.5649493574615367,1,0,2,5,2,5,1.791759469228055,0,2,0,5,5,7,2.0794415416798357,0,1,2,0,7,1,0.6931471805599453,0,1,1,1,1,6,1.9459101490553132,1,0,1,6,6,4,1.6094379124341003,1,1,4,4,4,6,1.9459101490553132,1,0,1,6,6,6,1.9459101490553132,1,0,1,6,6,1,20,353.0
10,2.3978952727983707,1,1,0,3,0,4,1.6094379124341003,1,1,4,4,4,9,2.302585092994046,0,0,4,2,9,1,0.6931471805599453,0,1,1,1,1,7,2.0794415416798357,0,1,2,0,7,3,1.3862943611198906,0,0,3,3,3,6,1.9459101490553132,1,0,1,6,6,5,1.791759469228055,0,2,0,5,5,4,1.6094379124341003,1,1,4,4,4,5,1.791759469228055,0,2,0,5,5,1,15,167.0
9,2.302585092994046,0,0,4,2,9,5,1.791759469228055,0,2,0,5,5,7,2.0794415416798357,0,1,2,0,7,6,1.9459101490553132,1,0,1,6,6,8,2.1972245773362196,1,2,3,1,8,3,1.3862943611198906,0,0,3,3,3,7,2.0794415416798357,0,1,2,0,7,6,1.9459101490553132,1,0,1,6,6,4,1.6094379124341003,1,1,4,4,4,5,1.791759469228055,0,2,0,5,5,1,7,587.0
7,2.0794415416798357,0,1,2,0,7,1,0.6931471805599453,0,1,1,1,1,8,2.1972245773362196,1,2,3,1,8,9,2.302585092994046,0,0,4,2,9,10,2.3978952727983707,1,1,0,3,0,7,2.0794415416798357,0,1,2,0,7,12,2.5649493574615367,1,0,2,5,2,4,1.6094379124341003,1,1,4,4,4,6,1.9459101490553132,1,0,1,6,6,8,2.1972245773362196,1,2,3,1,8,1,15,1223.0
6,1.9459101490553132,1,0,1,6,6,1,0.6931471805599453,0,1,1,1,1,4,1.6094379124341003,1,1,4,4,4,4,1.6094379124341003,1,1,4,4,4,8,2.1972245773362196,1,2,3,1,8,1,0.6931471805599453,0,1,1,1,1,2,1.0986122886681098,1,2,2,2,2,2,1.0986122886681098,1,2,2,2,2,7,2.0794415416798357,0,1,2,0,7,7,2.0794415416798357,0,1,2,0,7,1,30,29.0
2,1.0986122886681098,1,2,2,2,2,1,0.6931471805599453,0,1,1,1,1,10,2.3978952727983707,1,1,0,3,0,1,0.6931471805599453,0,1,1,1,1,2,1.0986122886681098,1,2,2,2,2,5,1.791759469228055,0,2,0,5,5,7,2.0794415416798357,0,1,2,0,7,1,0.6931471805599453,0,1,1,1,1,2,1.0986122886681098,1,2,2,2,2,6,1.9459101490553132,1,0,1,6,6,1,34,591.0
10,2.3978952727983707,1,1,0,3,0,4,1.6094379124341003,1,1,4,4,4,5,1.791759469228055,0,2,0,5,5,5,1.791759469228055,0,2,0,5,5,8,2.1972245773362196,1,2,3,1,8,6,1.9459101490553132,1,0,1,6,6,9,2.302585092994046,0,0,4,2,9,3,1.3862943611198906,0,0,3,3,3,5,1.791759469228055,0,2,0,5,5,4,1.6094379124341003,1,1,4,4,4,1,11,2269.0
5,1.791759469228055,0,2,0,5,5,8,2.1972245773362196,1,2,3,1,8,10,2.3978952727983707,1,1,0,3,0,1,0.6931471805599453,0,1,1,1,1,3,1.3862943611198906,0,0,3,3,3,2,1.0986122886681098,1,2,2,2,2,4,1.6094379124341003,1,1,4,4,4,3,1.3862943611198906,0,0,3,3,3,2,1.0986122886681098,1,2,2,2,2,8,2.1972245773362196,1,2,3,1,8,1,23,97.0
8,2.1972245773362196,1,2,3,1,8,1,0.6931471805599453,0,1,1,1,1,4,1.6094379124341003,1,1,4,4,4,3,1.3862943611198906,0,0,3,3,3,4,1.6094379124341003,1,1,4,4,4,3,1.3862943611198906,0,0,3,3,3,8,2.1972245773362196,1,2,3,1,8,2,1.0986122886681098,1,2,2,2,2,8,2.1972245773362196,1,2,3,1,8,5,1.791759469228055,0,2,0,5,5,1,25,57.0
10,2.3978952727983707,1,1,0,3,0,9,2.302585092994046,0,0,4,2,9,11,2.4849066497880004,0,2,1,4,1,6,1.9459101490553132,1,0,1,6,6,8,2.1972245773362196,1,2,3,1,8,1,0.6931471805599453,0,1,1,1,1,5,1.791759469228055,0,2,0,5,5,8,2.1972245773362196,1,2,3,1,8,8,2.1972245773362196,1,2,3,1,8,3,1.3862943611198906,0,0,3,3,3,1,15,449.0
4,1.6094379124341003,1,1,4,4,4,1,0.6931471805599453,0,1,1,1,1,6,1.9459101490553132,1,0,1,6,6,5,1.791759469228055,0,2,0,5,5,6,1.9459101490553132,1,0,1,6,6,2,1.0986122886681098,1,2,2,2,2,6,1.9459101490553132,1,0,1,6,6,4,1.6094379124341003,1,1,4,4,4,3,1.3862943611198906,0,0,3,3,3,7,2.0794415416798357,0,1,2,0,7,1,21,91.0
8,2.1972245773362196,1,2,3,1,8,4,1.6094379124341003,1,1,4,4,4,8,2.1972245773362196,1,2,3,1,8,10,2.3978952727983707,1,1,0,3,0,11,2.4849066497880004,0,2,1,4,1,7,2.0794415416798357,0,1,2,0,7,9,2.302585092994046,0,0,4,2,9,3,1.3862943611198906,0,0,3,3,3,4,1.6094379124341003,1,1,4,4,4,8,2.1972245773362196,1,2,3,1,8,1,11,211.0
8,2.1972245773362196,1,2,3,1,8,2,1.0986122886681098,1,2,2,2,2,6,1.9459101490553132,1,0,1,6,6,3,1.3862943611198906,0,0,3,3,3,11,2.4849066497880004,0,2,1,4,1,1,0.6931471805599453,0,1,1,1,1,2,1.0986122886681098,1,2,2,2,2,4,1.6094379124341003,1,1,4,4,4,4,1.6094379124341003,1,1,4,4,4,6,1.9459101490553132,1,0,1,6,6,1,26,199.0
7,2.0794415416798357,0,1,2,0,7,4,1.6094379124341003,1,1,4,4,4,11,2.4849066497880004,0,2,1,4,1,1,0.6931471805599453,0,1,1,1,1,4,1.6094379124341003,1,1,4,4,4,5,1.791759469228055,0,2,0,5,5,6,1.9459101490553132,1,0,1,6,6,5,1.791759469228055,0,2,0,5,5,1,0.6931471805599453,0,1,1,1,1,5,1.791759469228055,0,2,0,5,5,1,21,257.0
8,2.1972245773362196,1,2,3,1,8,4,1.6094379124341003,1,1,4,4,4,8,2.1972245773362196,1,2,3,1,8,2,1.0986122886681098,1,2,2,2,2,4,1.6094379124341003,1,1,4,4,4,2,1.0986122886681098,1,2,2,2,2,3,1.3862943611198906,0,0,3,3,3,6,1.9459101490553132,1,0,1,6,6,8,2.1972245773362196,1,2,3,1,8,5,1.791759469228055,0,2,0,5,5,1,24,35.0
7,2.0794415416798357,0,1,2,0,7,3,1.3862943611198906,0,0,3,3,3,4,1.6094379124341003,1,1,4,4,4,2,1.0986122886681098,1,2,2,2,2,3,1.3862943611198906,0,0,3,3,3,3,1.3862943611198906,0,0,3,3,3,9,2.302585092994046,0,0,4,2,9,5,1.791759469228055,0,2,0,5,5,7,2.0794415416798357,0,1,2,0,7,1,0.6931471805599453,0,1,1,1,1,1,17,8.0
2,1.0986122886681098,1,2,2,2,2,3,1.3862943611198906,0,0,3,3,3,4,1.6094379124341003,1,1,4,4,4,2,1.0986122886681098,1,2,2,2,2,3,1.3862943611198906,0,0,3,3,3,1,0.6931471805599453,0,1,1,1,1,2,1.0986122886681098,1,2,2,2,2,1,0.6931471805599453,0,1,1,1,1,6,1.9459101490553132,1,0,1,6,6,7,2.0794415416798357,0,1,2,0,7,1,29,247.0
7,2.0794415416798357,0,1,2,0,7,9,2.302585092994046,0,0,4,2,9,11,2.4849066497880004,0,2,1,4,1,3,1.3862943611198906,0,0,3,3,3,4,1.6094379124341003,1,1,4,4,4,7,2.0794415416798357,0,1,2,0,7,10,2.3978952727983707,1,1,0,3,0,3,1.3862943611198906,0,0,3,3,3,3,1.3862943611198906,0,0,3,3,3,8,2.1972245773362196,1,2,3,1,8,1,8,469.0
12,2.5649493574615367,1,0,2,5,2,4,1.6094379124341003,1,1,4,4,4,11,2.4849066497880004,0,2,1,4,1,2,1.0986122886681098,1,2,2,2,2,5,1.791759469228055,0,2,0,5,5,1,0.6931471805599453,0,1,1,1,1,2,1.0986122886681098,1,2,2,2,2,5,1.791759469228055,0,2,0,5,5,6,1.9459101490553132,1,0,1,6,6,8,2.1972245773362196,1,2,3,1,8,1,22,1957.0
5,1.791759469228055,0,2,0,5,5,8,2.1972245773362196,1,2,3,1,8,11,2.4849066497880004,0,2,1,4,1,2,1.0986122886681098,1,2,2,2,2,8,2.1972245773362196,1,2,3,1,8,6,1.9459101490553132,1,0,1,6,6,7,2.0794415416798357,0,1,2,0,7,7,2.0794415416798357,0,1,2,0,7,5,1.791759469228055,0,2,0,5,5,1,0.6931471805599453,0,1,1,1,1,1,15,718.0
7,2.0794415416798357,0,1,2,0,7,1,0.6931471805599453,0,1,1,1,1,9,2.302585092994046,0,0,4,2,9,1,0.6931471805599453,0,1,1,1,1,6,1.9459101490553132,1,0,1,6,6,1,0.6931471805599453,0,1,1,1,1,7,2.0794415416798357,0,1,2,0,7,1,0.6931471805599453,0,1,1,1,1,8,2.1972245773362196,1,2,3,1,8,4,1.6094379124341003,1,1,4,4,4,1,32,229.0
2,1.0986122886681098,1,2,2,2,2,5,1.791759469228055,0,2,0,5,5,11,2.4849066497880004,0,2,1,4,1,5,1.791759469228055,0,2,0,5,5,6,1.9459101490553132,1,0,1,6,6,4,1.6094379124341003,1,1,4,4,4,11,2.4849066497880004,0,2,1,4,1,2,1.0986122886681098,1,2,2,2,2,1,0.6931471805599453,0,1,1,1,1,7,2.0794415416798357,0,1,2,0,7,1,16,313.0
7,2.0794415416798357,0,1,2,0,7,1,0.6931471805599453,0,1,1,1,1,2,1.0986122886681098,1,2,2,2,2,2,1.0986122886681098,1,2,2,2,2,11,2.4849066497880004,0,2,1,4,1,3,1.3862943611198906,0,0,3,3,3,4,1.6094379124341003,1,1,4,4,4,8,2.1972245773362196,1,2,3,1,8,3,1.3862943611198906,0,0,3,3,3,6,1.9459101490553132,1,0,1,6,6,1,20,761.0
11,2.4849066497880004,0,2,1,4,1,3,1.3862943611198906,0,0,3,3,3,4,1.6094379124341003,1,1,4,4,4,7,2.0794415416798357,0,1,2,0,7,11,2.4849066497880004,0,2,1,4,1,5,1.791759469228055,0,2,0,5,5,7,2.0794415416798357,0,1,2,0,7,2,1.0986122886681098,1,2,2,2,2,2,1.0986122886681098,1,2,2,2,2,7,2.0794415416798357,0,1,2,0,7,1,7,5339.0
11,2.4849066497880004,0,2,1,4,1,1,0.6931471805599453,0,1,1,1,1,2,1.0986122886681098,1,2,2,2,2,1,0.6931471805599453,0,1,1,1,1,4,1.6094379124341003,1,1,4,4,4,6,1.9459101490553132,1,0,1,6,6,9,2.302585092994046,0,0,4,2,9,2,1.0986122886681098,1,2,2,2,2,5,1.791759469228055,0,2,0,5,5,1,0.6931471805599453,0,1,1,1,1,1,29,125.0
7,2.0794415416798357,0,1,2,0,7,2,1.0986122886681098,1,2,2,2,2,7,2.0794415416798357,0,1,2,0,7,7,2.0794415416798357,0,1,2,0,7,12,2.5649493574615367,1,0,2,5,2,2,1.0986122886681098,1,2,2,2,2,4,1.6094379124341003,1,1,4,4,4,3,1.3862943611198906,0,0,3,3,3,8,2.1972245773362196,1,2,3,1,8,4,1.6094379124341003,1,1,4,4,4,1,18,1261.0
12,2.5649493574615367,1,0,2,5,2,5,1.791759469228055,0,2,0,5,5,8,2.1972245773362196,1,2,3,1,8,1,0.6931471805599453,0,1,1,1,1,5,1.791759469228055,0,2,0,5,5,1,0.6931471805599453,0,1,1,1,1,10,2.3978952727983707,1,1,0,3,0,4,1.6094379124341003,1,1,4,4,4,3,1.3862943611198906,0,0,3,3,3,5,1.791759469228055,0,2,0,5,5,1,26,19.0
8,2.1972245773362196,1,2,3,1,8,2,1.0986122886681098,1,2,2,2,2,5,1.791759469228055,0,2,0,5,5,4,1.6094379124341003,1,1,4,4,4,6,1.9459101490553132,1,0,1,6,6,11,2.4849066497880004,0,2,1,4,1,12,2.5649493574615367,1,0,2,5,2,7,2.0794415416798357,0,1,2,0,7,3,1.3862943611198906,0,0,3,3,3,8,2.1972245773362196,1,2,3,1,8,1,12,767.0
2,1.0986122886681098,1,2,2,2,2,3,1.3862943611198906,0,0,3,3,3,12,2.5649493574615367,1,0,2,5,2,4,1.6094379124341003,1,1,4,4,4,6,1.9459101490553132,1,0,1,6,6,4,1.6094379124341003,1,1,4,4,4,6,1.9459101490553132,1,0,1,6,6,1,0.6931471805599453,0,1,1,1,1,2,1.0986122886681098,1,2,2,2,2,4,1.6094379124341003,1,1,4,4,4,1,34,53.0
9,2.302585092994046,0,0,4,2,9,4,1.6094379124341003,1,1,4,4,4,7,2.0794415416798357,0,1,2,0,7,4,1.6094379124341003,1,1,4,4,4,7,2.0794415416798357,0,1,2,0,7,3,1.3862943611198906,0,0,3,3,3,4,1.6094379124341003,1,1,4,4,4,1,0.6931471805599453,0,1,1,1,1,1,0.6931471805599453,0,1,1,1,1,4,1.6094379124341003,1,1,4,4,4,1,25,129.0
2,1.0986122886681098,1,2,2,2,2,1,0.6931471805599453,0,1,1,1,1,2,1.0986122886681098,1,2,2,2,2,7,2.0794415416798357,0,1,2,0,7,10,2.3978952727983707,1,1,0,3,0,2,1.0986122886681098,1,2,2,2,2,12,2.5649493574615367,1,0,2,5,2,8,2.1972245773362196,1,2,3,1,8,4,1.6094379124341003,1,1,4,4,4,8,2.1972245773362196,1,2,3,1,8,1,31,53.0
10,2.3978952727983707,1,1,0,3,0,3,1.3862943611198906,0,0,3,3,3,6,1.9459101490553132,1,0,1,6,6,3,1.3862943611198906,0,0,3,3,3,7,2.0794415416798357,0,1,2,0,7,3,1.3862943611198906,0,0,3,3,3,5,1.791759469228055,0,2,0,5,5,2,1.0986122886681098,1,2,2,2,2,7,2.0794415416798357,0,1,2,0,7,8,2.1972245773362196,1,2,3,1,8,1,11,1343.0
7,2.0794415416798357,0,1,2,0,7,2,1.0986122886681098,1,2,2,2,2,4,1.6094379124341003,1,1,4,4,4,1,0.6931471805599453,0,1,1,1,1,11,2.4849066497880004,0,2,1,4,1,6,1.9459101490553132,1,0,1,6,6,7,2.0794415416798357,0,1,2,0,7,5,1.791759469228055,0,2,0,5,5,5,1.791759469228055,0,2,0,5,5,1,0.6931471805599453,0,1,1,1,1,1,21,1087.0
6,1.9459101490553132,1,0,1,6,6,6,1.9459101490553132,1,0,1,6,6,11,2.4849066497880004,0,2,1,4,1,3,1.3862943611198906,0,0,3,3,3,8,2.1972245773362196,1,2,3,1,8,4,1.6094379124341003,1,1,4,4,4,12,2.5649493574615367,1,0,2,5,2,4,1.6094379124341003,1,1,4,4,4,4,1.6094379124341003,1,1,4,4,4,5,1.791759469228055,0,2,0,5,5,1,15,3419.0
3,1.3862943611198906,0,0,3,3,3,6,1.9459101490553132,1,0,1,6,6,12,2.5649493574615367,1,0,2,5,2,3,1.3862943611198906,0,0,3,3,3,5,1.791759469228055,0,2,0,5,5,4,1.6094379124341003,1,1,4,4,4,5,1.791759469228055,0,2,0,5,5,1,0.6931471805599453,0,1,1,1,1,2,1.0986122886681098,1,2,2,2,2,8,2.1972245773362196,1,2,3,1,8,1,22,37.0
8,2.1972245773362196,1,2,3,1,8,1,0.6931471805599453,0,1,1,1,1,2,1.0986122886681098,1,2,2,2,2,6,1.9459101490553132,1,0,1,6,6,10,2.3978952727983707,1,1,0,3,0,4,1.6094379124341003,1,1,4,4,4,12,2.5649493574615367,1,0,2,5,2,2,1.0986122886681098,1,2,2,2,2,3,1.3862943611198906,0,0,3,3,3,2,1.0986122886681098,1,2,2,2,2,1,32,257.0
2,1.0986122886681098,1,2,2,2,2,2,1.0986122886681098,1,2,2,2,2,7,2.0794415416798357,0,1,2,0,7,3,1.3862943611198906,0,0,3,3,3,4,1.6094379124341003,1,1,4,4,4,1,0.6931471805599453,0,1,1,1,1,2,1.0986122886681098,1,2,2,2,2,4,1.6094379124341003,1,1,4,4,4,3,1.3862943611198906,0,0,3,3,3,4,1.6094379124341003,1,1,4,4,4,1,25,27.0
10,2.3978952727983707,1,1,0,3,0,6,1.9459101490553132,1,0,1,6,6,11,2.4849066497880004,0,2,1,4,1,1,0.6931471805599453,0,1,1,1,1,10,2.3978952727983707,1,1,0,3,0,1,0.6931471805599453,0,1,1,1,1,9,2.302585092994046,0,0,4,2,9,3,1.3862943611198906,0,0,3,3,3,2,1.0986122886681098,1,2,2,2,2,6,1.9459101490553132,1,0,1,6,6,1,26,7741.0
4,1.6094379124341003,1,1,4,4,4,1,0.6931471805599453,0,1,1,1,1,6,1.9459101490553132,1,0,1,6,6,3,1.3862943611198906,0,0,3,3,3,11,2.4849066497880004,0,2,1,4,1,3,1.3862943611198906,0,0,3,3,3,10,2.3978952727983707,1,1,0,3,0,4,1.6094379124341003,1,1,4,4,4,4,1.6094379124341003,1,1,4,4,4,2,1.0986122886681098,1,2,2,2,2,1,20,387.0
5,1.791759469228055,0,2,0,5,5,1,0.6931471805599453,0,1,1,1,1,5,1.791759469228055,0,2,0,5,5,1,0.6931471805599453,0,1,1,1,1,2,1.0986122886681098,1,2,2,2,2,2,1.0986122886681098,1,2,2,2,2,3,1.3862943611198906,0,0,3,3,3,8,2.1972245773362196,1,2,3,1,8,6,1.9459101490553132,1,0,1,6,6,4,1.6094379124341003,1,1,4,4,4,1,27,29.0
7,2.0794415416798357,0,1,2,0,7,5,1.791759469228055,0,2,0,5,5,9,2.302585092994046,0,0,4,2,9,1,0.6931471805599453,0,1,1,1,1,7,2.0794415416798357,0,1,2,0,7,7,2.0794415416798357,0,1,2,0,7,12,2.5649493574615367,1,0,2,5,2,6,1.9459101490553132,1,0,1,6,6,3,1.3862943611198906,0,0,3,3,3,2,1.0986122886681098,1,2,2,2,2,1,18,2815.0
11,2.4849066497880004,0,2,1,4,1,1,0.6931471805599453,0,1,1,1,1,2,1.0986122886681098,1,2,2,2,2,5,1.791759469228055,0,2,0,5,5,11,2.4849066497880004,0,2,1,4,1,5,1.791759469228055,0,2,0,5,5,8,2.1972245773362196,1,2,3,1,8,3,1.3862943611198906,0,0,3,3,3,4,1.6094379124341003,1,1,4,4,4,7,2.0794415416798357,0,1,2,0,7,1,14,1445.0
8,2.1972245773362196,1,2,3,1,8,1,0.6931471805599453,0,1,1,1,1,2,1.0986122886681098,1,2,2,2,2,3,1.3862943611198906,0,0,3,3,3,5,1.791759469228055,0,2,0,5,5,3,1.3862943611198906,0,0,3,3,3,4,1.6094379124341003,1,1,4,4,4,8,2.1972245773362196,1,2,3,1,8,6,1.9459101490553132,1,0,1,6,6,4,1.6094379124341003,1,1,4,4,4,1,23,247.0
5,1.791759469228055,0,2,0,5,5,3,1.3862943611198906,0,0,3,3,3,4,1.6094379124341003,1,1,4,4,4,2,1.0986122886681098,1,2,2,2,2,4,1.6094379124341003,1,1,4,4,4,3,1.3862943611198906,0,0,3,3,3,4,1.6094379124341003,1,1,4,4,4,6,1.9459101490553132,1,0,1,6,6,2,1.0986122886681098,1,2,2,2,2,5,1.791759469228055,0,2,0,5,5,1,16,75.0
2,1.0986122886681098,1,2,2,2,2,1,0.6931471805599453,0,1,1,1,1,8,2.1972245773362196,1,2,3,1,8,4,1.6094379124341003,1,1,4,4,4,6,1.9459101490553132,1,0,1,6,6,7,2.0794415416798357,0,1,2,0,7,8,2.1972245773362196,1,2,3,1,8,1,0.6931471805599453,0,1,1,1,1,2,1.0986122886681098,1,2,2,2,2,4,1.6094379124341003,1,1,4,4,4,1,34,209.0
6,1.9459101490553132,1,0,1,6,6,5,1.791759469228055,0,2,0,5,5,6,1.9459101490553132,1,0,1,6,6,7,2.0794415416798357,0,1,2,0,7,12,2.5649493574615367,1,0,2,5,2,3,1.3862943611198906,0,0,3,3,3,7,2.0794415416798357,0,1,2,0,7,5,1.791759469228055,0,2,0,5,5,1,0.6931471805599453,0,1,1,1,1,6,1.9459101490553132,1,0,1,6,6,1,21,471.0
2,1.0986122886681098,1,2,2,2,2,1,0.6931471805599453,0,1,1,1,1,3,1.3862943611198906,0,0,3,3,3,3,1.3862943611198906,0,0,3,3,3,4,1.6094379124341003,1,1,4,4,4,2,1.0986122886681098,1,2,2,2,2,11,2.4849066497880004,0,2,1,4,1,1,0.6931471805599453,0,1,1,1,1,8,2.1972245773362196,1,2,3,1,8,4,1.6094379124341003,1,1,4,4,4,1,28,501.0
9,2.302585092994046,0,0,4,2,9,1,0.6931471805599453,0,1,1,1,1,4,1.6094379124341003,1,1,4,4,4,7,2.0794415416798357,0,1,2,0,7,9,2.302585092994046,0,0,4,2,9,2,1.0986122886681098,1,2,2,2,2,3,1.3862943611198906,0,0,3,3,3,8,2.1972245773362196,1,2,3,1,8,8,2.1972245773362196,1,2,3,1,8,1,0.6931471805599453,0,1,1,1,1,1,26,263.0
11,2.4849066497880004,0,2,1,4,1,5,1.791759469228055,0,2,0,5,5,7,2.0794415416798357,0,1,2,0,7,2,1.0986122886681098,1,2,2,2,2,10,2.3978952727983707,1,1,0,3,0,1,0.6931471805599453,0,1,1,1,1,4,1.6094379124341003,1,1,4,4,4,2,1.0986122886681098,1,2,2,2,2,4,1.6094379124341003,1,1,4,4,4,3,1.3862943611198906,0,0,3,3,3,1,18,19.0
9,2.302585092994046,0,0,4,2,9,5,1.791759469228055,0,2,0,5,5,9,2.302585092994046,0,0,4,2,9,5,1.791759469228055,0,2,0,5,5,8,2.1972245773362196,1,2,3,1,8,4,1.6094379124341003,1,1,4,4,4,6,1.9459101490553132,1,0,1,6,6,4,1.6094379124341003,1,1,4,4,4,3,1.3862943611198906,0,0,3,3,3,4,1.6094379124341003,1,1,4,4,4,1,11,70.0
8,2.1972245773362196,1,2,3,1,8,3,1.3862943611198906,0,0,3,3,3,4,1.6094379124341003,1,1,4,4,4,4,1.6094379124341003,1,1,4,4,4,7,2.0794415416798357,0,1,2,0,7,1,0.6931471805599453,0,1,1,1,1,3,1.3862943611198906,0,0,3,3,3,8,2.1972245773362196,1,2,3,1,8,7,2.0794415416798357,0,1,2,0,7,7,2.0794415416798357,0,1,2,0,7,1,19,365.0
2,1.0986122886681098,1,2,2,2,2,5,1.791759469228055,0,2,0,5,5,10,2.3978952727983707,1,1,0,3,0,1,0.6931471805599453,0,1,1,1,1,2,1.0986122886681098,1,2,2,2,2,3,1.3862943611198906,0,0,3,3,3,5,1.791759469228055,0,2,0,5,5,3,1.3862943611198906,0,0,3,3,3,7,2.0794415416798357,0,1,2,0,7,7,2.0794415416798357,0,1,2,0,7,1,17,10.0
12,2.5649493574615367,1,0,2,5,2,9,2.302585092994046,0,0,4,2,9,12,2.5649493574615367,1,0,2,5,2,5,1.791759469228055,0,2,0,5,5,8,2.1972245773362196,1,2,3,1,8,6,1.9459101490553132,1,0,1,6,6,9,2.302585092994046,0,0,4,2,9,5,1.791759469228055,0,2,0,5,5,7,2.0794415416798357,0,1,2,0,7,4,1.6094379124341003,1,1,4,4,4,1,8,191.0
2,1.0986122886681098,1,2,2,2,2,1,0.6931471805599453,0,1,1,1,1,3,1.3862943611198906,0,0,3,3,3,7,2.0794415416798357,0,1,2,0,7,9,2.302585092994046,0,0,4,2,9,4,1.6094379124341003,1,1,4,4,4,5,1.791759469228055,0,2,0,5,5,2,1.0986122886681098,1,2,2,2,2,5,1.791759469228055,0,2,0,5,5,2,1.0986122886681098,1,2,2,2,2,1,17,587.0
7,2.0794415416798357,0,1,2,0,7,8,2.1972245773362196,1,2,3,1,8,11,2.4849066497880004,0,2,1,4,1,2,1.0986122886681098,1,2,2,2,2,3,1.3862943611198906,0,0,3,3,3,1,0.6931471805599453,0,1,1,1,1,2,1.0986122886681098,1,2,2,2,2,5,1.791759469228055,0,2,0,5,5,1,0.6931471805599453,0,1,1,1,1,1,0.6931471805599453,0,1,1,1,1,1,27,115.0
7,2.0794415416798357,0,1,2,0,7,1,0.6931471805599453,0,1,1,1,1,3,1.3862943611198906,0,0,3,3,3,1,0.6931471805599453,0,1,1,1,1,4,1.6094379124341003,1,1,4,4,4,4,1.6094379124341003,1,1,4,4,4,11,2.4849066497880004,0,2,1,4,1,8,2.1972245773362196,1,2,3,1,8,5,1.791759469228055,0,2,0,5,5,5,1.791759469228055,0,2,0,5,5,1,21,1757.0
5,1.791759469228055,0,2,0,5,5,1,0.6931471805599453,0,1,1,1,1,5,1.791759469228055,0,2,0,5,5,6,1.9459101490553132,1,0,1,6,6,12,2.5649493574615367,1,0,2,5,2,3,1.3862943611198906,0,0,3,3,3,5,1.791759469228055,0,2,0,5,5,8,2.1972245773362196,1,2,3,1,8,5,1.791759469228055,0,2,0,5,5,7,2.0794415416798357,0,1,2,0,7,1,18,197.0
11,2.4849066497880004,0,2,1,4,1,2,1.0986122886681098,1,2,2,2,2,6,1.9459101490553132,1,0,1,6,6,8,2.1972245773362196,1,2,3,1,8,12,2.5649493574615367,1,0,2,5,2,4,1.6094379124341003,1,1,4,4,4,11,2.4849066497880004,0,2,1,4,1,4,1.6094379124341003,1,1,4,4,4,5,1.791759469228055,0,2,0,5,5,6,1.9459101490553132,1,0,1,6,6,1,15,515.0
5,1.791759469228055,0,2,0,5,5,2,1.0986122886681098,1,2,2,2,2,5,1.791759469228055,0,2,0,5,5,3,1.3862943611198906,0,0,3,3,3,4,1.6094379124341003,1,1,4,4,4,1,0.6931471805599453,0,1,1,1,1,5,1.791759469228055,0,2,0,5,5,1,0.6931471805599453,0,1,1,1,1,6,1.9459101490553132,1,0,1,6,6,6,1.9459101490553132,1,0,1,6,6,1,26,269.0
6,1.9459101490553132,1,0,1,6,6,1,0.6931471805599453,0,1,1,1,1,5,1.791759469228055,0,2,0,5,5,1,0.6931471805599453,0,1,1,1,1,5,1.791759469228055,0,2,0,5,5,2,1.0986122886681098,1,2,2,2,2,9,2.302585092994046,0,0,4,2,9,7,2.0794415416798357,0,1,2,0,7,7,2.0794415416798357,0,1,2,0,7,5,1.791759469228055,0,2,0,5,5,1,22,223.0
2,1.0986122886681098,1,2,2,2,2,2,1.0986122886681098,1,2,2,2,2,3,1.3862943611198906,0,0,3,3,3,1,0.6931471805599453,0,1,1,1,1,3,1.3862943611198906,0,0,3,3,3,8,2.1972245773362196,1,2,3,1,8,11,2.4849066497880004,0,2,1,4,1,5,1.791759469228055,0,2,0,5,5,4,1.6094379124341003,1,1,4,4,4,3,1.3862943611198906,0,0,3,3,3,1,18,262.0
2,1.0986122886681098,1,2,2,2,2,5,1.791759469228055,0,2,0,5,5,6,1.9459101490553132,1,0,1,6,6,3,1.3862943611198906,0,0,3,3,3,4,1.6094379124341003,1,1,4,4,4,1,0.6931471805599453,0,1,1,1,1,2,1.0986122886681098,1,2,2,2,2,8,2.1972245773362196,1,2,3,1,8,6,1.9459101490553132,1,0,1,6,6,7,2.0794415416798357,0,1,2,0,7,1,22,373.0
7,2.0794415416798357,0,1,2,0,7,3,1.3862943611198906,0,0,3,3,3,7,2.0794415416798357,0,1,2,0,7,8,2.1972245773362196,1,2,3,1,8,9,2.302585092994046,0,0,4,2,9,7,2.0794415416798357,0,1,2,0,7,9,2.302585092994046,0,0,4,2,9,1,0.6931471805599453,0,1,1,1,1,5,1.791759469228055,0,2,0,5,5,1,0.6931471805599453,0,1,1,1,1,1,23,347.0
7,2.0794415416798357,0,1,2,0,7,2,1.0986122886681098,1,2,2,2,2,4,1.6094379124341003,1,1,4,4,4,3,1.3862943611198906,0,0,3,3,3,11,2.4849066497880004,0,2,1,4,1,2,1.0986122886681098,1,2,2,2,2,3,1.3862943611198906,0,0,3,3,3,6,1.9459101490553132,1,0,1,6,6,7,2.0794415416798357,0,1,2,0,7,8,2.1972245773362196,1,2,3,1,8,1,12,1451.0
5,1.791759469228055,0,2,0,5,5,6,1.9459101490553132,1,0,1,6,6,10,2.3978952727983707,1,1,0,3,0,11,2.4849066497880004,0,2,1,4,1,12,2.5649493574615367,1,0,2,5,2,2,1.0986122886681098,1,2,2,2,2,5,1.791759469228055,0,2,0,5,5,8,2.1972245773362196,1,2,3,1,8,7,2.0794415416798357,0,1,2,0,7,5,1.791759469228055,0,2,0,5,5,1,11,1627.0
5,1.791759469228055,0,2,0,5,5,1,0.6931471805599453,0,1,1,1,1,4,1.6094379124341003,1,1,4,4,4,1,0.6931471805599453,0,1,1,1,1,2,1.0986122886681098,1,2,2,2,2,1,0.6931471805599453,0,1,1,1,1,6,1.9459101490553132,1,0,1,6,6,2,1.0986122886681098,1,2,2,2,2,2,1.0986122886681098,1,2,2,2,2,3,1.3862943611198906,0,0,3,3,3,1,34,77.0
6,1.9459101490553132,1,0,1,6,6,1,0.6931471805599453,0,1,1,1,1,10,2.3978952727983707,1,1,0,3,0,1,0.6931471805599453,0,1,1,1,1,5,1.791759469228055,0,2,0,5,5,4,1.6094379124341003,1,1,4,4,4,11,2.4849066497880004,0,2,1,4,1,6,1.9459101490553132,1,0,1,6,6,3,1.3862943611198906,0,0,3,3,3,8,2.1972245773362196,1,2,3,1,8,1,22,1009.0
9,2.302585092994046,0,0,4,2,9,1,0.6931471805599453,0,1,1,1,1,5,1.791759469228055,0,2,0,5,5,1,0.6931471805599453,0,1,1,1,1,3,1.3862943611198906,0,0,3,3,3,1,0.6931471805599453,0,1,1,1,1,2,1.0986122886681098,1,2,2,2,2,4,1.6094379124341003,1,1,4,4,4,7,2.0794415416798357,0,1,2,0,7,2,1.0986122886681098,1,2,2,2,2,1,28,113.0
2,1.0986122886681098,1,2,2,2,2,1,0.6931471805599453,0,1,1,1,1,2,1.0986122886681098,1,2,2,2,2,4,1.6094379124341003,1,1,4,4,4,10,2.3978952727983707,1,1,0,3,0,1,0.6931471805599453,0,1,1,1,1,12,2.5649493574615367,1,0,2,5,2,5,1.791759469228055,0,2,0,5,5,5,1.791759469228055,0,2,0,5,5,8,2.1972245773362196,1,2,3,1,8,1,31,109.0
5,1.791759469228055,0,2,0,5,5,8,2.1972245773362196,1,2,3,1,8,12,2.5649493574615367,1,0,2,5,2,1,0.6931471805599453,0,1,1,1,1,5,1.791759469228055,0,2,0,5,5,7,2.0794415416798357,0,1,2,0,7,9,2.302585092994046,0,0,4,2,9,8,2.1972245773362196,1,2,3,1,8,5,1.791759469228055,0,2,0,5,5,7,2.0794415416798357,0,1,2,0,7,1,14,104.0
3,1.3862943611198906,0,0,3,3,3,5,1.791759469228055,0,2,0,5,5,11,2.4849066497880004,0,2,1,4,1,4,1.6094379124341003,1,1,4,4,4,6,1.9459101490553132,1,0,1,6,6,2,1.0986122886681098,1,2,2,2,2,3,1.3862943611198906,0,0,3,3,3,2,1.0986122886681098,1,2,2,2,2,6,1.9459101490553132,1,0,1,6,6,3,1.3862943611198906,0,0,3,3,3,1,17,487.0
10,2.3978952727983707,1,1,0,3,0,2,1.0986122886681098,1,2,2,2,2,11,2.4849066497880004,0,2,1,4,1,7,2.0794415416798357,0,1,2,0,7,11,2.4849066497880004,0,2,1,4,1,1,0.6931471805599453,0,1,1,1,1,9,2.302585092994046,0,0,4,2,9,8,2.1972245773362196,1,2,3,1,8,1,0.6931471805599453,0,1,1,1,1,4,1.6094379124341003,1,1,4,4,4,1,22,127.0
4,1.6094379124341003,1,1,4,4,4,2,1.0986122886681098,1,2,2,2,2,5,1.791759469228055,0,2,0,5,5,2,1.0986122886681098,1,2,2,2,2,8,2.1972245773362196,1,2,3,1,8,1,0.6931471805599453,0,1,1,1,1,10,2.3978952727983707,1,1,0,3,0,5,1.791759469228055,0,2,0,5,5,1,0.6931471805599453,0,1,1,1,1,2,1.0986122886681098,1,2,2,2,2,1,33,111.0
3,1.3862943611198906,0,0,3,3,3,2,1.0986122886681098,1,2,2,2,2,4,1.6094379124341003,1,1,4,4,4,2,1.0986122886681098,1,2,2,2,2,5,1.791759469228055,0,2,0,5,5,2,1.0986122886681098,1,2,2,2,2,7,2.0794415416798357,0,1,2,0,7,6,1.9459101490553132,1,0,1,6,6,3,1.3862943611198906,0,0,3,3,3,1,0.6931471805599453,0,1,1,1,1,1,21,164.0
4,1.6094379124341003,1,1,4,4,4,2,1.0986122886681098,1,2,2,2,2,3,1.3862943611198906,0,0,3,3,3,1,0.6931471805599453,0,1,1,1,1,3,1.3862943611198906,0,0,3,3,3,1,0.6931471805599453,0,1,1,1,1,9,2.302585092994046,0,0,4,2,9,5,1.791759469228055,0,2,0,5,5,7,2.0794415416798357,0,1,2,0,7,2,1.0986122886681098,1,2,2,2,2,1,23,35.0
9,2.302585092994046,0,0,4,2,9,1,0.6931471805599453,0,1,1,1,1,6,1.9459101490553132,1,0,1,6,6,2,1.0986122886681098,1,2,2,2,2,12,2.5649493574615367,1,0,2,5,2,10,2.3978952727983707,1,1,0,3,0,11,2.4849066497880004,0,2,1,4,1,5,1.791759469228055,0,2,0,5,5,4,1.6094379124341003,1,1,4,4,4,8,2.1972245773362196,1,2,3,1,8,1,18,947.0
6,1.9459101490553132,1,0,1,6,6,2,1.0986122886681098,1,2,2,2,2,8,2.1972245773362196,1,2,3,1,8,2,1.0986122886681098,1,2,2,2,2,4,1.6094379124341003,1,1,4,4,4,3,1.3862943611198906,0,0,3,3,3,10,2.3978952727983707,1,1,0,3,0,5,1.791759469228055,0,2,0,5,5,3,1.3862943611198906,0,0,3,3,3,5,1.791759469228055,0,2,0,5,5,1,16,57.0
2,1.0986122886681098,1,2,2,2,2,1,0.6931471805599453,0,1,1,1,1,3,1.3862943611198906,0,0,3,3,3,3,1.3862943611198906,0,0,3,3,3,5,1.791759469228055,0,2,0,5,5,9,2.302585092994046,0,0,4,2,9,12,2.5649493574615367,1,0,2,5,2,5,1.791759469228055,0,2,0,5,5,5,1.791759469228055,0,2,0,5,5,7,2.0794415416798357,0,1,2,0,7,1,18,207.0
9,2.302585092994046,0,0,4,2,9,1,0.6931471805599453,0,1,1,1,1,6,1.9459101490553132,1,0,1,6,6,7,2.0794415416798357,0,1,2,0,7,11,2.4849066497880004,0,2,1,4,1,1,0.6931471805599453,0,1,1,1,1,2,1.0986122886681098,1,2,2,2,2,7,2.0794415416798357,0,1,2,0,7,6,1.9459101490553132,1,0,1,6,6,6,1.9459101490553132,1,0,1,6,6,1,24,413.0
10,2.3978952727983707,1,1,0,3,0,2,1.0986122886681098,1,2,2,2,2,6,1.9459101490553132,1,0,1,6,6,5,1.791759469228055,0,2,0,5,5,9,2.302585092994046,0,0,4,2,9,6,1.9459101490553132,1,0,1,6,6,12,2.5649493574615367,1,0,2,5,2,4,1.6094379124341003,1,1,4,4,4,3,1.3862943611198906,0,0,3,3,3,6,1.9459101490553132,1,0,1,6,6,1,19,253.0
6,1.9459101490553132,1,0,1,6,6,6,1.9459101490553132,1,0,1,6,6,11,2.4849066497880004,0,2,1,4,1,2,1.0986122886681098,1,2,2,2,2,3,1.3862943611198906,0,0,3,3,3,3,1.3862943611198906,0,0,3,3,3,5,1.791759469228055,0,2,0,5,5,5,1.791759469228055,0,2,0,5,5,7,2.0794415416798357,0,1,2,0,7,2,1.0986122886681098,1,2,2,2,2,1,12,1549.0
5,1.791759469228055,0,2,0,5,5,4,1.6094379124341003,1,1,4,4,4,5,1.791759469228055,0,2,0,5,5,3,1.3862943611198906,0,0,3,3,3,9,2.302585092994046,0,0,4,2,9,6,1.9459101490553132,1,0,1,6,6,10,2.3978952727983707,1,1,0,3,0,1,0.6931471805599453,0,1,1,1,1,2,1.0986122886681098,1,2,2,2,2,7,2.0794415416798357,0,1,2,0,7,1,17,41.0
11,2.4849066497880004,0,2,1,4,1,4,1.6094379124341003,1,1,4,4,4,6,1.9459101490553132,1,0,1,6,6,6,1.9459101490553132,1,0,1,6,6,10,2.3978952727983707,1,1,0,3,0,5,1.791759469228055,0,2,0,5,5,8,2.1972245773362196,1,2,3,1,8,5,1.791759469228055,0,2,0,5,5,8,2.1972245773362196,1,2,3,1,8,7,2.0794415416798357,0,1,2,0,7,1,7,1093.0
6,1.9459101490553132,1,0,1,6,6,3,1.3862943611198906,0,0,3,3,3,9,2.302585092994046,0,0,4,2,9,1,0.6931471805599453,0,1,1,1,1,2,1.0986122886681098,1,2,2,2,2,1,0.6931471805599453,0,1,1,1,1,9,2.302585092994046,0,0,4,2,9,5,1.791759469228055,0,2,0,5,5,8,2.1972245773362196,1,2,3,1,8,2,1.0986122886681098,1,2,2,2,2,1,26,185.0
2,1.0986122886681098,1,2,2,2,2,1,0.6931471805599453,0,1,1,1,1,4,1.6094379124341003,1,1,4,4,4,5,1.791759469228055,0,2,0,5,5,9,2.302585092994046,0,0,4,2,9,3,1.3862943611198906,0,0,3,3,3,8,2.1972245773362196,1,2,3,1,8,8,2.1972245773362196,1,2,3,1,8,8,2.1972245773362196,1,2,3,1,8,8,2.1972245773362196,1,2,3,1,8,1,25,94.0
5,1.791759469228055,0,2,0,5,5,5,1.791759469228055,0,2,0,5,5,11,2.4849066497880004,0,2,1,4,1,1,0.6931471805599453,0,1,1,1,1,2,1.0986122886681098,1,2,2,2,2,1,0.6931471805599453,0,1,1,1,1,2,1.0986122886681098,1,2,2,2,2,5,1.791759469228055,0,2,0,5,5,3,1.3862943611198906,0,0,3,3,3,4,1.6094379124341003,1,1,4,4,4,1,23,301.0
3,1.3862943611198906,0,0,3,3,3,5,1.791759469228055,0,2,0,5,5,7,2.0794415416798357,0,1,2,0,7,6,1.9459101490553132,1,0,1,6,6,8,2.1972245773362196,1,2,3,1,8,4,1.6094379124341003,1,1,4,4,4,10,2.3978952727983707,1,1,0,3,0,3,1.3862943611198906,0,0,3,3,3,5,1.791759469228055,0,2,0,5,5,8,2.1972245773362196,1,2,3,1,8,1,9,3183.0
10,2.3978952727983707,1,1,0,3,0,10,2.3978952727983707,1,1,0,3,0,12,2.5649493574615367,1,0,2,5,2,4,1.6094379124341003,1,1,4,4,4,12,2.5649493574615367,1,0,2,5,2,4,1.6094379124341003,1,1,4,4,4,8,2.1972245773362196,1,2,3,1,8,4,1.6094379124341003,1,1,4,4,4,2,1.0986122886681098,1,2,2,2,2,6,1.9459101490553132,1,0,1,6,6,2,25,15.0
12,2.5649493574615367,1,0,2,5,2,1,0.6931471805599453,0,1,1,1,1,9,2.302585092994046,0,0,4,2,9,3,1.3862943611198906,0,0,3,3,3,4,1.6094379124341003,1,1,4,4,4,10,2.3978952727983707,1,1,0,3,0,11,2.4849066497880004,0,2,1,4,1,2,1.0986122886681098,1,2,2,2,2,6,1.9459101490553132,1,0,1,6,6,7,2.0794415416798357,0,1,2,0,7,1,18,6917.0
10,2.3978952727983707,1,1,0,3,0,2,1.0986122886681098,1,2,2,2,2,5,1.791759469228055,0,2,0,5,5,4,1.6094379124341003,1,1,4,4,4,11,2.4849066497880004,0,2,1,4,1,3,1.3862943611198906,0,0,3,3,3,4,1.6094379124341003,1,1,4,4,4,1,0.6931471805599453,0,1,1,1,1,2,1.0986122886681098,1,2,2,2,2,1,0.6931471805599453,0,1,1,1,1,1,26,1359.0
10,2.3978952727983707,1,1,0,3,0,1,0.6931471805599453,0,1,1,1,1,9,2.302585092994046,0,0,4,2,9,6,1.9459101490553132,1,0,1,6,6,7,2.0794415416798357,0,1,2,0,7,4,1.6094379124341003,1,1,4,4,4,9,2.302585092994046,0,0,4,2,9,4,1.6094379124341003,1,1,4,4,4,2,1.0986122886681098,1,2,2,2,2,8,2.1972245773362196,1,2,3,1,8,1,18,506.0
2,1.0986122886681098,1,2,2,2,2,5,1.791759469228055,0,2,0,5,5,7,2.0794415416798357,0,1,2,0,7,1,0.6931471805599453,0,1,1,1,1,2,1.0986122886681098,1,2,2,2,2,3,1.3862943611198906,0,0,3,3,3,8,2.1972245773362196,1,2,3,1,8,4,1.6094379124341003,1,1,4,4,4,4,1.6094379124341003,1,1,4,4,4,7,2.0794415416798357,0,1,2,0,7,1,20,257.0
4,1.6094379124341003,1,1,4,4,4,3,1.3862943611198906,0,0,3,3,3,6,1.9459101490553132,1,0,1,6,6,2,1.0986122886681098,1,2,2,2,2,12,2.5649493574615367,1,0,2,5,2,4,1.6094379124341003,1,1,4,4,4,8,2.1972245773362196,1,2,3,1,8,6,1.9459101490553132,1,0,1,6,6,1,0.6931471805599453,0,1,1,1,1,2,1.0986122886681098,1,2,2,2,2,1,33,25.0
7,2.0794415416798357,0,1,2,0,7,5,1.791759469228055,0,2,0,5,5,11,2.4849066497880004,0,2,1,4,1,1,0.6931471805599453,0,1,1,1,1,3,1.3862943611198906,0,0,3,3,3,3,1.3862943611198906,0,0,3,3,3,5,1.791759469228055,0,2,0,5,5,1,0.6931471805599453,0,1,1,1,1,2,1.0986122886681098,1,2,2,2,2,8,2.1972245773362196,1,2,3,1,8,1,20,312.0
10,2.3978952727983707,1,1,0,3,0,1,0.6931471805599453,0,1,1,1,1,6,1.9459101490553132,1,0,1,6,6,4,1.6094379124341003,1,1,4,4,4,11,2.4849066497880004,0,2,1,4,1,5,1.791759469228055,0,2,0,5,5,9,2.302585092994046,0,0,4,2,9,5,1.791759469228055,0,2,0,5,5,5,1.791759469228055,0,2,0,5,5,5,1.791759469228055,0,2,0,5,5,1,19,1273.0
5,1.791759469228055,0,2,0,5,5,3,1.3862943611198906,0,0,3,3,3,4,1.6094379124341003,1,1,4,4,4,6,1.9459101490553132,1,0,1,6,6,8,2.1972245773362196,1,2,3,1,8,1,0.6931471805599453,0,1,1,1,1,5,1.791759469228055,0,2,0,5,5,3,1.3862943611198906,0,0,3,3,3,5,1.791759469228055,0,2,0,5,5,1,0.6931471805599453,0,1,1,1,1,1,24,111.0
7,2.0794415416798357,0,1,2,0,7,3,1.3862943611198906,0,0,3,3,3,4,1.6094379124341003,1,1,4,4,4,3,1.3862943611198906,0,0,3,3,3,10,2.3978952727983707,1,1,0,3,0,3,1.3862943611198906,0,0,3,3,3,7,2.0794415416798357,0,1,2,0,7,3,1.3862943611198906,0,0,3,3,3,4,1.6094379124341003,1,1,4,4,4,1,0.6931471805599453,0,1,1,1,1,1,17,199.0
4,1.6094379124341003,1,1,4,4,4,4,1.6094379124341003,1,1,4,4,4,9,2.302585092994046,0,0,4,2,9,3,1.3862943611198906,0,0,3,3,3,4,1.6094379124341003,1,1,4,4,4,1,0.6931471805599453,0,1,1,1,1,10,2.3978952727983707,1,1,0,3,0,5,1.791759469228055,0,2,0,5,5,4,1.6094379124341003,1,1,4,4,4,2,1.0986122886681098,1,2,2,2,2,1,22,649.0
6,1.9459101490553132,1,0,1,6,6,4,1.6094379124341003,1,1,4,4,4,7,2.0794415416798357,0,1,2,0,7,3,1.3862943611198906,0,0,3,3,3,4,1.6094379124341003,1,1,4,4,4,3,1.3862943611198906,0,0,3,3,3,4,1.6094379124341003,1,1,4,4,4,4,1.6094379124341003,1,1,4,4,4,8,2.1972245773362196,1,2,3,1,8,7,2.0794415416798357,0,1,2,0,7,1,14,779.0
7,2.0794415416798357,0,1,2,0,7,2,1.0986122886681098,1,2,2,2,2,4,1.6094379124341003,1,1,4,4,4,10,2.3978952727983707,1,1,0,3,0,11,2.4849066497880004,0,2,1,4,1,3,1.3862943611198906,0,0,3,3,3,9,2.302585092994046,0,0,4,2,9,3,1.3862943611198906,0,0,3,3,3,1,0.6931471805599453,0,1,1,1,1,8,2.1972245773362196,1,2,3,1,8,1,16,107.0
9,2.302585092994046,0,0,4,2,9,6,1.9459101490553132,1,0,1,6,6,7,2.0794415416798357,0,1,2,0,7,3,1.3862943611198906,0,0,3,3,3,12,2.5649493574615367,1,0,2,5,2,6,1.9459101490553132,1,0,1,6,6,10,2.3978952727983707,1,1,0,3,0,3,1.3862943611198906,0,0,3,3,3,4,1.6094379124341003,1,1,4,4,4,7,2.0794415416798357,0,1,2,0,7,1,14,1269.0
7,2.0794415416798357,0,1,2,0,7,2,1.0986122886681098,1,2,2,2,2,10,2.3978952727983707,1,1,0,3,0,2,1.0986122886681098,1,2,2,2,2,7,2.0794415416798357,0,1,2,0,7,9,2.302585092994046,0,0,4,2,9,12,2.5649493574615367,1,0,2,5,2,3,1.3862943611198906,0,0,3,3,3,1,0.6931471805599453,0,1,1,1,1,4,1.6094379124341003,1,1,4,4,4,1,20,4.0
12,2.5649493574615367,1,0,2,5,2,3,1.3862943611198906,0,0,3,3,3,4,1.6094379124341003,1,1,4,4,4,1,0.6931471805599453,0,1,1,1,1,4,1.6094379124341003,1,1,4,4,4,7,2.0794415416798357,0,1,2,0,7,8,2.1972245773362196,1,2,3,1,8,3,1.3862943611198906,0,0,3,3,3,1,0.6931471805599453,0,1,1,1,1,4,1.6094379124341003,1,1,4,4,4,1,29,11.0
6,1.9459101490553132,1,0,1,6,6,2,1.0986122886681098,1,2,2,2,2,3,1.3862943611198906,0,0,3,3,3,3,1.3862943611198906,0,0,3,3,3,10,2.3978952727983707,1,1,0,3,0,7,2.0794415416798357,0,1,2,0,7,11,2.4849066497880004,0,2,1,4,1,5,1.791759469228055,0,2,0,5,5,5,1.791759469228055,0,2,0,5,5,7,2.0794415416798357,0,1,2,0,7,1,9,549.0
11,2.4849066497880004,0,2,1,4,1,1,0.6931471805599453,0,1,1,1,1,12,2.5649493574615367,1,0,2,5,2,3,1.3862943611198906,0,0,3,3,3,6,1.9459101490553132,1,0,1,6,6,8,2.1972245773362196,1,2,3,1,8,9,2.302585092994046,0,0,4,2,9,3,1.3862943611198906,0,0,3,3,3,6,1.9459101490553132,1,0,1,6,6,4,1.6094379124341003,1,1,4,4,4,1,23,43.0
2,1.0986122886681098,1,2,2,2,2,4,1.6094379124341003,1,1,4,4,4,5,1.791759469228055,0,2,0,5,5,2,1.0986122886681098,1,2,2,2,2,4,1.6094379124341003,1,1,4,4,4,8,2.1972245773362196,1,2,3,1,8,9,2.302585092994046,0,0,4,2,9,6,1.9459101490553132,1,0,1,6,6,4,1.6094379124341003,1,1,4,4,4,3,1.3862943611198906,0,0,3,3,3,1,19,1889.0
4,1.6094379124341003,1,1,4,4,4,1,0.6931471805599453,0,1,1,1,1,7,2.0794415416798357,0,1,2,0,7,4,1.6094379124341003,1,1,4,4,4,7,2.0794415416798357,0,1,2,0,7,9,2.302585092994046,0,0,4,2,9,10,2.3978952727983707,1,1,0,3,0,3,1.3862943611198906,0,0,3,3,3,8,2.1972245773362196,1,2,3,1,8,7,2.0794415416798357,0,1,2,0,7,1,16,1383.0
6,1.9459101490553132,1,0,1,6,6,7,2.0794415416798357,0,1,2,0,7,10,2.3978952727983707,1,1,0,3,0,5,1.791759469228055,0,2,0,5,5,8,2.1972245773362196,1,2,3,1,8,1,0.6931471805599453,0,1,1,1,1,2,1.0986122886681098,1,2,2,2,2,5,1.791759469228055,0,2,0,5,5,7,2.0794415416798357,0,1,2,0,7,6,1.9459101490553132,1,0,1,6,6,1,18,959.0
10,2.3978952727983707,1,1,0,3,0,8,2.1972245773362196,1,2,3,1,8,11,2.4849066497880004,0,2,1,4,1,9,2.302585092994046,0,0,4,2,9,10,2.3978952727983707,1,1,0,3,0,6,1.9459101490553132,1,0,1,6,6,10,2.3978952727983707,1,1,0,3,0,1,0.6931471805599453,0,1,1,1,1,7,2.0794415416798357,0,1,2,0,7,2,1.0986122886681098,1,2,2,2,2,1,17,353.0
11,2.4849066497880004,0,2,1,4,1,2,1.0986122886681098,1,2,2,2,2,6,1.9459101490553132,1,0,1,6,6,7,2.0794415416798357,0,1,2,0,7,8,2.1972245773362196,1,2,3,1,8,3,1.3862943611198906,0,0,3,3,3,8,2.1972245773362196,1,2,3,1,8,5,1.791759469228055,0,2,0,5,5,8,2.1972245773362196,1,2,3,1,8,8,2.1972245773362196,1,2,3,1,8,1,12,283.0
12,2.5649493574615367,1,0,2,5,2,2,1.0986122886681098,1,2,2,2,2,4,1.6094379124341003,1,1,4,4,4,8,2.1972245773362196,1,2,3,1,8,11,2.4849066497880004,0,2,1,4,1,6,1.9459101490553132,1,0,1,6,6,7,2.0794415416798357,0,1,2,0,7,1,0.6931471805599453,0,1,1,1,1,3,1.3862943611198906,0,0,3,3,3,4,1.6094379124341003,1,1,4,4,4,1,22,1935.0
6,1.9459101490553132,1,0,1,6,6,1,0.6931471805599453,0,1,1,1,1,2,1.0986122886681098,1,2,2,2,2,1,0.6931471805599453,0,1,1,1,1,9,2.302585092994046,0,0,4,2,9,3,1.3862943611198906,0,0,3,3,3,11,2.4849066497880004,0,2,1,4,1,6,1.9459101490553132,1,0,1,6,6,2,1.0986122886681098,1,2,2,2,2,6,1.9459101490553132,1,0,1,6,6,1,31,157.0
8,2.1972245773362196,1,2,3,1,8,2,1.0986122886681098,1,2,2,2,2,3,1.3862943611198906,0,0,3,3,3,5,1.791759469228055,0,2,0,5,5,11,2.4849066497880004,0,2,1,4,1,8,2.1972245773362196,1,2,3,1,8,10,2.3978952727983707,1,1,0,3,0,1,0.6931471805599453,0,1,1,1,1,7,2.0794415416798357,0,1,2,0,7,4,1.6094379124341003,1,1,4,4,4,1,17,2971.0
8,2.1972245773362196,1,2,3,1,8,2,1.0986122886681098,1,2,2,2,2,10,2.3978952727983707,1,1,0,3,0,1,0.6931471805599453,0,1,1,1,1,5,1.791759469228055,0,2,0,5,5,5,1.791759469228055,0,2,0,5,5,12,2.5649493574615367,1,0,2,5,2,5,1.791759469228055,0,2,0,5,5,1,0.6931471805599453,0,1,1,1,1,5,1.791759469228055,0,2,0,5,5,1,30,77.0
12,2.5649493574615367,1,0,2,5,2,8,2.1972245773362196,1,2,3,1,8,11,2.4849066497880004,0,2,1,4,1,3,1.3862943611198906,0,0,3,3,3,5,1.791759469228055,0,2,0,5,5,5,1.791759469228055,0,2,0,5,5,9,2.302585092994046,0,0,4,2,9,2,1.0986122886681098,1,2,2,2,2,5,1.791759469228055,0,2,0,5,5,8,2.1972245773362196,1,2,3,1,8,1,9,2113.0
11,2.4849066497880004,0,2,1,4,1,2,1.0986122886681098,1,2,2,2,2,3,1.3862943611198906,0,0,3,3,3,5,1.791759469228055,0,2,0,5,5,11,2.4849066497880004,0,2,1,4,1,7,2.0794415416798357,0,1,2,0,7,8,2.1972245773362196,1,2,3,1,8,4,1.6094379124341003,1,1,4,4,4,4,1.6094379124341003,1,1,4,4,4,6,1.9459101490553132,1,0,1,6,6,1,9,667.0
10,2.3978952727983707,1,1,0,3,0,1,0.6931471805599453,0,1,1,1,1,2,1.0986122886681098,1,2,2,2,2,2,1.0986122886681098,1,2,2,2,2,11,2.4849066497880004,0,2,1,4,1,2,1.0986122886681098,1,2,2,2,2,7,2.0794415416798357,0,1,2,0,7,4,1.6094379124341003,1,1,4,4,4,5,1.791759469228055,0,2,0,5,5,8,2.1972245773362196,1,2,3,1,8,1,23,2041.0
2,1.0986122886681098,1,2,2,2,2,8,2.1972245773362196,1,2,3,1,8,11,2.4849066497880004,0,2,1,4,1,2,1.0986122886681098,1,2,2,2,2,9,2.302585092994046,0,0,4,2,9,5,1.791759469228055,0,2,0,5,5,7,2.0794415416798357,0,1,2,0,7,5,1.791759469228055,0,2,0,5,5,8,2.1972245773362196,1,2,3,1,8,8,2.1972245773362196,1,2,3,1,8,1,11,17887.0
5,1.791759469228055,0,2,0,5,5,1,0.6931471805599453,0,1,1,1,1,11,2.4849066497880004,0,2,1,4,1,6,1.9459101490553132,1,0,1,6,6,10,2.3978952727983707,1,1,0,3,0,1,0.6931471805599453,0,1,1,1,1,2,1.0986122886681098,1,2,2,2,2,5,1.791759469228055,0,2,0,5,5,4,1.6094379124341003,1,1,4,4,4,2,1.0986122886681098,1,2,2,2,2,1,27,1237.0
9,2.302585092994046,0,0,4,2,9,1,0.6931471805599453,0,1,1,1,1,9,2.302585092994046,0,0,4,2,9,5,1.791759469228055,0,2,0,5,5,6,1.9459101490553132,1,0,1,6,6,7,2.0794415416798357,0,1,2,0,7,11,2.4849066497880004,0,2,1,4,1,4,1.6094379124341003,1,1,4,4,4,7,2.0794415416798357,0,1,2,0,7,8,2.1972245773362196,1,2,3,1,8,1,12,31.0
10,2.3978952727983707,1,1,0,3,0,8,2.1972245773362196,1,2,3,1,8,10,2.3978952727983707,1,1,0,3,0,1,0.6931471805599453,0,1,1,1,1,11,2.4849066497880004,0,2,1,4,1,4,1.6094379124341003,1,1,4,4,4,7,2.0794415416798357,0,1,2,0,7,4,1.6094379124341003,1,1,4,4,4,4,1.6094379124341003,1,1,4,4,4,2,1.0986122886681098,1,2,2,2,2,1,22,2294.0
11,2.4849066497880004,0,2,1,4,1,5,1.791759469228055,0,2,0,5,5,6,1.9459101490553132,1,0,1,6,6,3,1.3862943611198906,0,0,3,3,3,6,1.9459101490553132,1,0,1,6,6,1,0.6931471805599453,0,1,1,1,1,2,1.0986122886681098,1,2,2,2,2,3,1.3862943611198906,0,0,3,3,3,6,1.9459101490553132,1,0,1,6,6,7,2.0794415416798357,0,1,2,0,7,1,22,67.0
11,2.4849066497880004,0,2,1,4,1,2,1.0986122886681098,1,2,2,2,2,5,1.791759469228055,0,2,0,5,5,3,1.3862943611198906,0,0,3,3,3,4,1.6094379124341003,1,1,4,4,4,5,1.791759469228055,0,2,0,5,5,7,2.0794415416798357,0,1,2,0,7,2,1.0986122886681098,1,2,2,2,2,2,1.0986122886681098,1,2,2,2,2,7,2.0794415416798357,0,1,2,0,7,1,8,2129.0
2,1.0986122886681098,1,2,2,2,2,3,1.3862943611198906,0,0,3,3,3,7,2.0794415416798357,0,1,2,0,7,5,1.791759469228055,0,2,0,5,5,8,2.1972245773362196,1,2,3,1,8,2,1.0986122886681098,1,2,2,2,2,7,2.0794415416798357,0,1,2,0,7,3,1.3862943611198906,0,0,3,3,3,2,1.0986122886681098,1,2,2,2,2,1,0.6931471805599453,0,1,1,1,1,1,17,101.0
9,2.302585092994046,0,0,4,2,9,1,0.6931471805599453,0,1,1,1,1,2,1.0986122886681098,1,2,2,2,2,1,0.6931471805599453,0,1,1,1,1,2,1.0986122886681098,1,2,2,2,2,1,0.6931471805599453,0,1,1,1,1,3,1.3862943611198906,0,0,3,3,3,7,2.0794415416798357,0,1,2,0,7,3,1.3862943611198906,0,0,3,3,3,1,0.6931471805599453,0,1,1,1,1,1,34,17.0
7,2.0794415416798357,0,1,2,0,7,1,0.6931471805599453,0,1,1,1,1,4,1.6094379124341003,1,1,4,4,4,1,0.6931471805599453,0,1,1,1,1,4,1.6094379124341003,1,1,4,4,4,2,1.0986122886681098,1,2,2,2,2,3,1.3862943611198906,0,0,3,3,3,1,0.6931471805599453,0,1,1,1,1,2,1.0986122886681098,1,2,2,2,2,3,1.3862943611198906,0,0,3,3,3,1,31,25.0
10,2.3978952727983707,1,1,0,3,0,1,0.6931471805599453,0,1,1,1,1,2,1.0986122886681098,1,2,2,2,2,2,1.0986122886681098,1,2,2,2,2,5,1.791759469228055,0,2,0,5,5,1,0.6931471805599453,0,1,1,1,1,2,1.0986122886681098,1,2,2,2,2,1,0.6931471805599453,0,1,1,1,1,3,1.3862943611198906,0,0,3,3,3,4,1.6094379124341003,1,1,4,4,4,1,34,19.0
10,2.3978952727983707,1,1,0,3,0,1,0.6931471805599453,0,1,1,1,1,2,1.0986122886681098,1,2,2,2,2,2,1.0986122886681098,1,2,2,2,2,3,1.3862943611198906,0,0,3,3,3,11,2.4849066497880004,0,2,1,4,1,12,2.5649493574615367,1,0,2,5,2,6,1.9459101490553132,1,0,1,6,6,1,0.6931471805599453,0,1,1,1,1,2,1.0986122886681098,1,2,2,2,2,1,32,61.0
6,1.9459101490553132,1,0,1,6,6,1,0.6931471805599453,0,1,1,1,1,4,1.6094379124341003,1,1,4,4,4,7,2.0794415416798357,0,1,2,0,7,8,2.1972245773362196,1,2,3,1,8,4,1.6094379124341003,1,1,4,4,4,10,2.3978952727983707,1,1,0,3,0,2,1.0986122886681098,1,2,2,2,2,2,1.0986122886681098,1,2,2,2,2,1,0.6931471805599453,0,1,1,1,1,1,31,279.0
12,2.5649493574615367,1,0,2,5,2,8,2.1972245773362196,1,2,3,1,8,12,2.5649493574615367,1,0,2,5,2,1,0.6931471805599453,0,1,1,1,1,7,2.0794415416798357,0,1,2,0,7,2,1.0986122886681098,1,2,2,2,2,7,2.0794415416798357,0,1,2,0,7,1,0.6931471805599453,0,1,1,1,1,8,2.1972245773362196,1,2,3,1,8,6,1.9459101490553132,1,0,1,6,6,1,27,313.0
10,2.3978952727983707,1,1,0,3,0,1,0.6931471805599453,0,1,1,1,1,2,1.0986122886681098,1,2,2,2,2,5,1.791759469228055,0,2,0,5,5,6,1.9459101490553132,1,0,1,6,6,2,1.0986122886681098,1,2,2,2,2,9,2.302585092994046,0,0,4,2,9,5,1.791759469228055,0,2,0,5,5,3,1.3862943611198906,0,0,3,3,3,5,1.791759469228055,0,2,0,5,5,1,22,145.0
7,2.0794415416798357,0,1,2,0,7,2,1.0986122886681098,1,2,2,2,2,3,1.3862943611198906,0,0,3,3,3,2,1.0986122886681098,1,2,2,2,2,5,1.791759469228055,0,2,0,5,5,2,1.0986122886681098,1,2,2,2,2,3,1.3862943611198906,0,0,3,3,3,7,2.0794415416798357,0,1,2,0,7,2,1.0986122886681098,1,2,2,2,2,6,1.9459101490553132,1,0,1,6,6,1,14,139.0
8,2.1972245773362196,1,2,3,1,8,3,1.3862943611198906,0,0,3,3,3,11,2.4849066497880004,0,2,1,4,1,1,0.6931471805599453,0,1,1,1,1,2,1.0986122886681098,1,2,2,2,2,3,1.3862943611198906,0,0,3,3,3,6,1.9459101490553132,1,0,1,6,6,6,1.9459101490553132,1,0,1,6,6,4,1.6094379124341003,1,1,4,4,4,3,1.3862943611198906,0,0,3,3,3,1,24,295.0
4,1.6094379124341003,1,1,4,4,4,1,0.6931471805599453,0,1,1,1,1,10,2.3978952727983707,1,1,0,3,0,1,0.6931471805599453,0,1,1,1,1,2,1.0986122886681098,1,2,2,2,2,3,1.3862943611198906,0,0,3,3,3,5,1.791759469228055,0,2,0,5,5,1,0.6931471805599453,0,1,1,1,1,5,1.791759469228055,0,2,0,5,5,2,1.0986122886681098,1,2,2,2,2,1,32,39.0
2,1.0986122886681098,1,2,2,2,2,5,1.791759469228055,0,2,0,5,5,10,2.3978952727983707,1,1,0,3,0,1,0.6931471805599453,0,1,1,1,1,2,1.0986122886681098,1,2,2,2,2,4,1.6094379124341003,1,1,4,4,4,6,1.9459101490553132,1,0,1,6,6,6,1.9459101490553132,1,0,1,6,6,4,1.6094379124341003,1,1,4,4,4,4,1.6094379124341003,1,1,4,4,4,1,27,53.0
12,2.5649493574615367,1,0,2,5,2,6,1.9459101490553132,1,0,1,6,6,10,2.3978952727983707,1,1,0,3,0,7,2.0794415416798357,0,1,2,0,7,8,2.1972245773362196,1,2,3,1,8,3,1.3862943611198906,0,0,3,3,3,6,1.9459101490553132,1,0,1,6,6,7,2.0794415416798357,0,1,2,0,7,7,2.0794415416798357,0,1,2,0,7,3,1.3862943611198906,0,0,3,3,3,1,13,95.0
9,2.302585092994046,0,0,4,2,9,1,0.6931471805599453,0,1,1,1,1,5,1.791759469228055,0,2,0,5,5,3,1.3862943611198906,0,0,3,3,3,10,2.3978952727983707,1,1,0,3,0,9,2.302585092994046,0,0,4,2,9,11,2.4849066497880004,0,2,1,4,1,7,2.0794415416798357,0,1,2,0,7,6,1.9459101490553132,1,0,1,6,6,6,1.9459101490553132,1,0,1,6,6,1,16,2083.0
3,1.3862943611198906,0,0,3,3,3,2,1.0986122886681098,1,2,2,2,2,9,2.302585092994046,0,0,4,2,9,1,0.6931471805599453,0,1,1,1,1,5,1.791759469228055,0,2,0,5,5,2,1.0986122886681098,1,2,2,2,2,4,1.6094379124341003,1,1,4,4,4,4,1.6094379124341003,1,1,4,4,4,2,1.0986122886681098,1,2,2,2,2,1,0.6931471805599453,0,1,1,1,1,1,28,10.0
9,2.302585092994046,0,0,4,2,9,1,0.6931471805599453,0,1,1,1,1,2,1.0986122886681098,1,2,2,2,2,6,1.9459101490553132,1,0,1,6,6,8,2.1972245773362196,1,2,3,1,8,1,0.6931471805599453,0,1,1,1,1,2,1.0986122886681098,1,2,2,2,2,4,1.6094379124341003,1,1,4,4,4,7,2.0794415416798357,0,1,2,0,7,1,0.6931471805599453,0,1,1,1,1,1,32,61.0
4,1.6094379124341003,1,1,4,4,4,3,1.3862943611198906,0,0,3,3,3,4,1.6094379124341003,1,1,4,4,4,6,1.9459101490553132,1,0,1,6,6,8,2.1972245773362196,1,2,3,1,8,9,2.302585092994046,0,0,4,2,9,10,2.3978952727983707,1,1,0,3,0,1,0.6931471805599453,0,1,1,1,1,6,1.9459101490553132,1,0,1,6,6,5,1.791759469228055,0,2,0,5,5,1,17,421.0
9,2.302585092994046,0,0,4,2,9,2,1.0986122886681098,1,2,2,2,2,4,1.6094379124341003,1,1,4,4,4,1,0.6931471805599453,0,1,1,1,1,10,2.3978952727983707,1,1,0,3,0,2,1.0986122886681098,1,2,2,2,2,5,1.791759469228055,0,2,0,5,5,2,1.0986122886681098,1,2,2,2,2,6,1.9459101490553132,1,0,1,6,6,4,1.6094379124341003,1,1,4,4,4,1,26,27.0
5,1.791759469228055,0,2,0,5,5,3,1.3862943611198906,0,0,3,3,3,9,2.302585092994046,0,0,4,2,9,2,1.0986122886681098,1,2,2,2,2,3,1.3862943611198906,0,0,3,3,3,1,0.6931471805599453,0,1,1,1,1,9,2.302585092994046,0,0,4,2,9,5,1.791759469228055,0,2,0,5,5,3,1.3862943611198906,0,0,3,3,3,1,0.6931471805599453,0,1,1,1,1,1,28,37.0
2,1.0986122886681098,1,2,2,2,2,1,0.6931471805599453,0,1,1,1,1,12,2.5649493574615367,1,0,2,5,2,4,1.6094379124341003,1,1,4,4,4,8,2.1972245773362196,1,2,3,1,8,1,0.6931471805599453,0,1,1,1,1,3,1.3862943611198906,0,0,3,3,3,2,1.0986122886681098,1,2,2,2,2,1,0.6931471805599453,0,1,1,1,1,7,2.0794415416798357,0,1,2,0,7,1,34,49.0
9,2.302585092994046,0,0,4,2,9,2,1.0986122886681098,1,2,2,2,2,3,1.3862943611198906,0,0,3,3,3,1,0.6931471805599453,0,1,1,1,1,2,1.0986122886681098,1,2,2,2,2,6,1.9459101490553132,1,0,1,6,6,8,2.1972245773362196,1,2,3,1,8,2,1.0986122886681098,1,2,2,2,2,7,2.0794415416798357,0,1,2,0,7,5,1.791759469228055,0,2,0,5,5,1,20,81.0
2,1.0986122886681098,1,2,2,2,2,2,1.0986122886681098,1,2,2,2,2,6,1.9459101490553132,1,0,1,6,6,1,0.6931471805599453,0,1,1,1,1,8,2.1972245773362196,1,2,3,1,8,3,1.3862943611198906,0,0,3,3,3,8,2.1972245773362196,1,2,3,1,8,7,2.0794415416798357,0,1,2,0,7,8,2.1972245773362196,1,2,3,1,8,7,2.0794415416798357,0,1,2,0,7,1,23,115.0
5,1.791759469228055,0,2,0,5,5,2,1.0986122886681098,1,2,2,2,2,11,2.4849066497880004,0,2,1,4,1,2,1.0986122886681098,1,2,2,2,2,3,1.3862943611198906,0,0,3,3,3,4,1.6094379124341003,1,1,4,4,4,8,2.1972245773362196,1,2,3,1,8,7,2.0794415416798357,0,1,2,0,7,7,2.0794415416798357,0,1,2,0,7,7,2.0794415416798357,0,1,2,0,7,1,9,689.0
7,2.0794415416798357,0,1,2,0,7,2,1.0986122886681098,1,2,2,2,2,3,1.3862943611198906,0,0,3,3,3,5,1.791759469228055,0,2,0,5,5,6,1.9459101490553132,1,0,1,6,6,6,1.9459101490553132,1,0,1,6,6,9,2.302585092994046,0,0,4,2,9,4,1.6094379124341003,1,1,4,4,4,5,1.791759469228055,0,2,0,5,5,1,0.6931471805599453,0,1,1,1,1,1,17,97.0
5,1.791759469228055,0,2,0,5,5,3,1.3862943611198906,0,0,3,3,3,9,2.302585092994046,0,0,4,2,9,9,2.302585092994046,0,0,4,2,9,10,2.3978952727983707,1,1,0,3,0,9,2.302585092994046,0,0,4,2,9,10,2.3978952727983707,1,1,0,3,0,4,1.6094379124341003,1,1,4,4,4,5,1.791759469228055,0,2,0,5,5,8,2.1972245773362196,1,2,3,1,8,1,13,757.0
2,1.0986122886681098,1,2,2,2,2,4,1.6094379124341003,1,1,4,4,4,5,1.791759469228055,0,2,0,5,5,4,1.6094379124341003,1,1,4,4,4,10,2.3978952727983707,1,1,0,3,0,2,1.0986122886681098,1,2,2,2,2,11,2.4849066497880004,0,2,1,4,1,4,1.6094379124341003,1,1,4,4,4,7,2.0794415416798357,0,1,2,0,7,6,1.9459101490553132,1,0,1,6,6,1,15,46.0
6,1.9459101490553132,1,0,1,6,6,3,1.3862943611198906,0,0,3,3,3,5,1.791759469228055,0,2,0,5,5,3,1.3862943611198906,0,0,3,3,3,6,1.9459101490553132,1,0,1,6,6,8,2.1972245773362196,1,2,3,1,8,11,2.4849066497880004,0,2,1,4,1,8,2.1972245773362196,1,2,3,1,8,6,1.9459101490553132,1,0,1,6,6,8,2.1972245773362196,1,2,3,1,8,1,13,786.0
11,2.4849066497880004,0,2,1,4,1,3,1.3862943611198906,0,0,3,3,3,10,2.3978952727983707,1,1,0,3,0,4,1.6094379124341003,1,1,4,4,4,5,1.791759469228055,0,2,0,5,5,4,1.6094379124341003,1,1,4,4,4,8,2.1972245773362196,1,2,3,1,8,4,1.6094379124341003,1,1,4,4,4,4,1.6094379124341003,1,1,4,4,4,2,1.0986122886681098,1,2,2,2,2,1,17,63.0
5,1.791759469228055,0,2,0,5,5,2,1.0986122886681098,1,2,2,2,2,6,1.9459101490553132,1,0,1,6,6,2,1.0986122886681098,1,2,2,2,2,3,1.3862943611198906,0,0,3,3,3,1,0.6931471805599453,0,1,1,1,1,3,1.3862943611198906,0,0,3,3,3,1,0.6931471805599453,0,1,1,1,1,5,1.791759469228055,0,2,0,5,5,3,1.3862943611198906,0,0,3,3,3,1,27,14.0
5,1.791759469228055,0,2,0,5,5,2,1.0986122886681098,1,2,2,2,2,3,1.3862943611198906,0,0,3,3,3,1,0.6931471805599453,0,1,1,1,1,9,2.302585092994046,0,0,4,2,9,7,2.0794415416798357,0,1,2,0,7,10,2.3978952727983707,1,1,0,3,0,4,1.6094379124341003,1,1,4,4,4,5,1.791759469228055,0,2,0,5,5,4,1.6094379124341003,1,1,4,4,4,1,17,1367.0
7,2.0794415416798357,0,1,2,0,7,1,0.6931471805599453,0,1,1,1,1,4,1.6094379124341003,1,1,4,4,4,1,0.6931471805599453,0,1,1,1,1,2,1.0986122886681098,1,2,2,2,2,2,1.0986122886681098,1,2,2,2,2,6,1.9459101490553132,1,0,1,6,6,2,1.0986122886681098,1,2,2,2,2,4,1.6094379124341003,1,1,4,4,4,4,1.6094379124341003,1,1,4,4,4,1,35,9.0
3,1.3862943611198906,0,0,3,3,3,4,1.6094379124341003,1,1,4,4,4,6,1.9459101490553132,1,0,1,6,6,5,1.791759469228055,0,2,0,5,5,6,1.9459101490553132,1,0,1,6,6,1,0.6931471805599453,0,1,1,1,1,2,1.0986122886681098,1,2,2,2,2,7,2.0794415416798357,0,1,2,0,7,4,1.6094379124341003,1,1,4,4,4,1,0.6931471805599453,0,1,1,1,1,1,25,35.0
9,2.302585092994046,0,0,4,2,9,2,1.0986122886681098,1,2,2,2,2,4,1.6094379124341003,1,1,4,4,4,8,2.1972245773362196,1,2,3,1,8,12,2.5649493574615367,1,0,2,5,2,5,1.791759469228055,0,2,0,5,5,11,2.4849066497880004,0,2,1,4,1,4,1.6094379124341003,1,1,4,4,4,2,1.0986122886681098,1,2,2,2,2,8,2.1972245773362196,1,2,3,1,8,1,19,195.0
10,2.3978952727983707,1,1,0,3,0,2,1.0986122886681098,1,2,2,2,2,5,1.791759469228055,0,2,0,5,5,9,2.302585092994046,0,0,4,2,9,12,2.5649493574615367,1,0,2,5,2,1,0.6931471805599453,0,1,1,1,1,5,1.791759469228055,0,2,0,5,5,8,2.1972245773362196,1,2,3,1,8,1,0.6931471805599453,0,1,1,1,1,7,2.0794415416798357,0,1,2,0,7,1,23,73.0
7,2.0794415416798357,0,1,2,0,7,2,1.0986122886681098,1,2,2,2,2,8,2.1972245773362196,1,2,3,1,8,6,1.9459101490553132,1,0,1,6,6,7,2.0794415416798357,0,1,2,0,7,1,0.6931471805599453,0,1,1,1,1,5,1.791759469228055,0,2,0,5,5,7,2.0794415416798357,0,1,2,0,7,4,1.6094379124341003,1,1,4,4,4,5,1.791759469228055,0,2,0,5,5,1,17,2343.0
12,2.5649493574615367,1,0,2,5,2,8,2.1972245773362196,1,2,3,1,8,11,2.4849066497880004,0,2,1,4,1,4,1.6094379124341003,1,1,4,4,4,5,1.791759469228055,0,2,0,5,5,5,1.791759469228055,0,2,0,5,5,8,2.1972245773362196,1,2,3,1,8,8,2.1972245773362196,1,2,3,1,8,4,1.6094379124341003,1,1,4,4,4,7,2.0794415416798357,0,1,2,0,7,1,13,59.0
2,1.0986122886681098,1,2,2,2,2,1,0.6931471805599453,0,1,1,1,1,2,1.0986122886681098,1,2,2,2,2,6,1.9459101490553132,1,0,1,6,6,11,2.4849066497880004,0,2,1,4,1,5,1.791759469228055,0,2,0,5,5,10,2.3978952727983707,1,1,0,3,0,5,1.791759469228055,0,2,0,5,5,7,2.0794415416798357,0,1,2,0,7,8,2.1972245773362196,1,2,3,1,8,1,19,497.0
7,2.0794415416798357,0,1,2,0,7,5,1.791759469228055,0,2,0,5,5,7,2.0794415416798357,0,1,2,0,7,2,1.0986122886681098,1,2,2,2,2,4,1.6094379124341003,1,1,4,4,4,5,1.791759469228055,0,2,0,5,5,12,2.5649493574615367,1,0,2,5,2,8,2.1972245773362196,1,2,3,1,8,5,1.791759469228055,0,2,0,5,5,4,1.6094379124341003,1,1,4,4,4,1,13,1667.0
4,1.6094379124341003,1,1,4,4,4,1,0.6931471805599453,0,1,1,1,1,6,1.9459101490553132,1,0,1,6,6,1,0.6931471805599453,0,1,1,1,1,10,2.3978952727983707,1,1,0,3,0,1,0.6931471805599453,0,1,1,1,1,3,1.3862943611198906,0,0,3,3,3,4,1.6094379124341003,1,1,4,4,4,3,1.3862943611198906,0,0,3,3,3,5,1.791759469228055,0,2,0,5,5,1,29,197.0
8,2.1972245773362196,1,2,3,1,8,2,1.0986122886681098,1,2,2,2,2,3,1.3862943611198906,0,0,3,3,3,6,1.9459101490553132,1,0,1,6,6,8,2.1972245773362196,1,2,3,1,8,5,1.791759469228055,0,2,0,5,5,10,2.3978952727983707,1,1,0,3,0,6,1.9459101490553132,1,0,1,6,6,8,2.1972245773362196,1,2,3,1,8,8,2.1972245773362196,1,2,3,1,8,1,17,181.0
7,2.0794415416798357,0,1,2,0,7,1,0.6931471805599453,0,1,1,1,1,8,2.1972245773362196,1,2,3,1,8,6,1.9459101490553132,1,0,1,6,6,11,2.4849066497880004,0,2,1,4,1,9,2.302585092994046,0,0,4,2,9,10,2.3978952727983707,1,1,0,3,0,3,1.3862943611198906,0,0,3,3,3,8,2.1972245773362196,1,2,3,1,8,5,1.791759469228055,0,2,0,5,5,1,13,7871.0
11,2.4849066497880004,0,2,1,4,1,1,0.6931471805599453,0,1,1,1,1,2,1.0986122886681098,1,2,2,2,2,1,0.6931471805599453,0,1,1,1,1,5,1.791759469228055,0,2,0,5,5,3,1.3862943611198906,0,0,3,3,3,12,2.5649493574615367,1,0,2,5,2,3,1.3862943611198906,0,0,3,3,3,7,2.0794415416798357,0,1,2,0,7,6,1.9459101490553132,1,0,1,6,6,1,25,32.0
7,2.0794415416798357,0,1,2,0,7,1,0.6931471805599453,0,1,1,1,1,2,1.0986122886681098,1,2,2,2,2,2,1.0986122886681098,1,2,2,2,2,7,2.0794415416798357,0,1,2,0,7,3,1.3862943611198906,0,0,3,3,3,9,2.302585092994046,0,0,4,2,9,2,1.0986122886681098,1,2,2,2,2,2,1.0986122886681098,1,2,2,2,2,6,1.9459101490553132,1,0,1,6,6,1,22,101.0
12,2.5649493574615367,1,0,2,5,2,3,1.3862943611198906,0,0,3,3,3,9,2.302585092994046,0,0,4,2,9,6,1.9459101490553132,1,0,1,6,6,11,2.4849066497880004,0,2,1,4,1,3,1.3862943611198906,0,0,3,3,3,11,2.4849066497880004,0,2,1,4,1,7,2.0794415416798357,0,1,2,0,7,7,2.0794415416798357,0,1,2,0,7,6,1.9459101490553132,1,0,1,6,6,1,14,569.0
4,1.6094379124341003,1,1,4,4,4,10,2.3978952727983707,1,1,0,3,0,11,2.4849066497880004,0,2,1,4,1,7,2.0794415416798357,0,1,2,0,7,10,2.3978952727983707,1,1,0,3,0,5,1.791759469228055,0,2,0,5,5,11,2.4849066497880004,0,2,1,4,1,7,2.0794415416798357,0,1,2,0,7,6,1.9459101490553132,1,0,1,6,6,7,2.0794415416798357,0,1,2,0,7,1,7,812.0
12,2.5649493574615367,1,0,2,5,2,2,1.0986122886681098,1,2,2,2,2,4,1.6094379124341003,1,1,4,4,4,8,2.1972245773362196,1,2,3,1,8,11,2.4849066497880004,0,2,1,4,1,2,1.0986122886681098,1,2,2,2,2,8,2.1972245773362196,1,2,3,1,8,4,1.6094379124341003,1,1,4,4,4,3,1.3862943611198906,0,0,3,3,3,5,1.791759469228055,0,2,0,5,5,1,20,629.0
10,2.3978952727983707,1,1,0,3,0,1,0.6931471805599453,0,1,1,1,1,3,1.3862943611198906,0,0,3,3,3,2,1.0986122886681098,1,2,2,2,2,9,2.302585092994046,0,0,4,2,9,9,2.302585092994046,0,0,4,2,9,10,2.3978952727983707,1,1,0,3,0,2,1.0986122886681098,1,2,2,2,2,8,2.1972245773362196,1,2,3,1,8,5,1.791759469228055,0,2,0,5,5,1,22,76.0
11,2.4849066497880004,0,2,1,4,1,1,0.6931471805599453,0,1,1,1,1,8,2.1972245773362196,1,2,3,1,8,1,0.6931471805599453,0,1,1,1,1,6,1.9459101490553132,1,0,1,6,6,3,1.3862943611198906,0,0,3,3,3,4,1.6094379124341003,1,1,4,4,4,4,1.6094379124341003,1,1,4,4,4,6,1.9459101490553132,1,0,1,6,6,1,0.6931471805599453,0,1,1,1,1,1,30,269.0
3,1.3862943611198906,0,0,3,3,3,10,2.3978952727983707,1,1,0,3,0,11,2.4849066497880004,0,2,1,4,1,6,1.9459101490553132,1,0,1,6,6,7,2.0794415416798357,0,1,2,0,7,1,0.6931471805599453,0,1,1,1,1,2,1.0986122886681098,1,2,2,2,2,1,0.6931471805599453,0,1,1,1,1,3,1.3862943611198906,0,0,3,3,3,6,1.9459101490553132,1,0,1,6,6,1,26,100.0
8,2.1972245773362196,1,2,3,1,8,2,1.0986122886681098,1,2,2,2,2,4,1.6094379124341003,1,1,4,4,4,2,1.0986122886681098,1,2,2,2,2,4,1.6094379124341003,1,1,4,4,4,1,0.6931471805599453,0,1,1,1,1,11,2.4849066497880004,0,2,1,4,1,4,1.6094379124341003,1,1,4,4,4,3,1.3862943611198906,0,0,3,3,3,3,1.3862943611198906,0,0,3,3,3,1,25,201.0
11,2.4849066497880004,0,2,1,4,1,1,0.6931471805599453,0,1,1,1,1,2,1.0986122886681098,1,2,2,2,2,1,0.6931471805599453,0,1,1,1,1,8,2.1972245773362196,1,2,3,1,8,9,2.302585092994046,0,0,4,2,9,10,2.3978952727983707,1,1,0,3,0,8,2.1972245773362196,1,2,3,1,8,7,2.0794415416798357,0,1,2,0,7,4,1.6094379124341003,1,1,4,4,4,1,24,45.0
12,2.5649493574615367,1,0,2,5,2,1,0.6931471805599453,0,1,1,1,1,2,1.0986122886681098,1,2,2,2,2,1,0.6931471805599453,0,1,1,1,1,2,1.0986122886681098,1,2,2,2,2,5,1.791759469228055,0,2,0,5,5,11,2.4849066497880004,0,2,1,4,1,5,1.791759469228055,0,2,0,5,5,8,2.1972245773362196,1,2,3,1,8,2,1.0986122886681098,1,2,2,2,2,1,27,361.0
3,1.3862943611198906,0,0,3,3,3,7,2.0794415416798357,0,1,2,0,7,12,2.5649493574615367,1,0,2,5,2,3,1.3862943611198906,0,0,3,3,3,7,2.0794415416798357,0,1,2,0,7,1,0.6931471805599453,0,1,1,1,1,2,1.0986122886681098,1,2,2,2,2,1,0.6931471805599453,0,1,1,1,1,4,1.6094379124341003,1,1,4,4,4,7,2.0794415416798357,0,1,2,0,7,1,26,1205.0
5,1.791759469228055,0,2,0,5,5,2,1.0986122886681098,1,2,2,2,2,3,1.3862943611198906,0,0,3,3,3,2,1.0986122886681098,1,2,2,2,2,6,1.9459101490553132,1,0,1,6,6,3,1.3862943611198906,0,0,3,3,3,8,2.1972245773362196,1,2,3,1,8,7,2.0794415416798357,0,1,2,0,7,6,1.9459101490553132,1,0,1,6,6,7,2.0794415416798357,0,1,2,0,7,1,14,485.0
6,1.9459101490553132,1,0,1,6,6,4,1.6094379124341003,1,1,4,4,4,5,1.791759469228055,0,2,0,5,5,2,1.0986122886681098,1,2,2,2,2,3,1.3862943611198906,0,0,3,3,3,9,2.302585092994046,0,0,4,2,9,10,2.3978952727983707,1,1,0,3,0,7,2.0794415416798357,0,1,2,0,7,3,1.3862943611198906,0,0,3,3,3,4,1.6094379124341003,1,1,4,4,4,1,11,359.0
9,2.302585092994046,0,0,4,2,9,1,0.6931471805599453,0,1,1,1,1,2,1.0986122886681098,1,2,2,2,2,1,0.6931471805599453,0,1,1,1,1,6,1.9459101490553132,1,0,1,6,6,6,1.9459101490553132,1,0,1,6,6,8,2.1972245773362196,1,2,3,1,8,8,2.1972245773362196,1,2,3,1,8,6,1.9459101490553132,1,0,1,6,6,4,1.6094379124341003,1,1,4,4,4,1,29,39.0
6,1.9459101490553132,1,0,1,6,6,6,1.9459101490553132,1,0,1,6,6,7,2.0794415416798357,0,1,2,0,7,1,0.6931471805599453,0,1,1,1,1,4,1.6094379124341003,1,1,4,4,4,1,0.6931471805599453,0,1,1,1,1,4,1.6094379124341003,1,1,4,4,4,2,1.0986122886681098,1,2,2,2,2,4,1.6094379124341003,1,1,4,4,4,3,1.3862943611198906,0,0,3,3,3,1,28,43.0
11,2.4849066497880004,0,2,1,4,1,4,1.6094379124341003,1,1,4,4,4,12,2.5649493574615367,1,0,2,5,2,1,0.6931471805599453,0,1,1,1,1,2,1.0986122886681098,1,2,2,2,2,6,1.9459101490553132,1,0,1,6,6,10,2.3978952727983707,1,1,0,3,0,1,0.6931471805599453,0,1,1,1,1,4,1.6094379124341003,1,1,4,4,4,8,2.1972245773362196,1,2,3,1,8,1,29,27.0
4,1.6094379124341003,1,1,4,4,4,1,0.6931471805599453,0,1,1,1,1,10,2.3978952727983707,1,1,0,3,0,1,0.6931471805599453,0,1,1,1,1,2,1.0986122886681098,1,2,2,2,2,3,1.3862943611198906,0,0,3,3,3,5,1.791759469228055,0,2,0,5,5,1,0.6931471805599453,0,1,1,1,1,5,1.791759469228055,0,2,0,5,5,5,1.791759469228055,0,2,0,5,5,1,32,24.0
3,1.3862943611198906,0,0,3,3,3,4,1.6094379124341003,1,1,4,4,4,5,1.791759469228055,0,2,0,5,5,1,0.6931471805599453,0,1,1,1,1,3,1.3862943611198906,0,0,3,3,3,4,1.6094379124341003,1,1,4,4,4,5,1.791759469228055,0,2,0,5,5,4,1.6094379124341003,1,1,4,4,4,8,2.1972245773362196,1,2,3,1,8,8,2.1972245773362196,1,2,3,1,8,1,21,71.0
11,2.4849066497880004,0,2,1,4,1,1,0.6931471805599453,0,1,1,1,1,2,1.0986122886681098,1,2,2,2,2,1,0.6931471805599453,0,1,1,1,1,3,1.3862943611198906,0,0,3,3,3,1,0.6931471805599453,0,1,1,1,1,2,1.0986122886681098,1,2,2,2,2,4,1.6094379124341003,1,1,4,4,4,7,2.0794415416798357,0,1,2,0,7,3,1.3862943611198906,0,0,3,3,3,1,28,89.0
2,1.0986122886681098,1,2,2,2,2,5,1.791759469228055,0,2,0,5,5,8,2.1972245773362196,1,2,3,1,8,7,2.0794415416798357,0,1,2,0,7,11,2.4849066497880004,0,2,1,4,1,2,1.0986122886681098,1,2,2,2,2,11,2.4849066497880004,0,2,1,4,1,1,0.6931471805599453,0,1,1,1,1,7,2.0794415416798357,0,1,2,0,7,8,2.1972245773362196,1,2,3,1,8,1,17,1633.0
7,2.0794415416798357,0,1,2,0,7,2,1.0986122886681098,1,2,2,2,2,3,1.3862943611198906,0,0,3,3,3,2,1.0986122886681098,1,2,2,2,2,3,1.3862943611198906,0,0,3,3,3,1,0.6931471805599453,0,1,1,1,1,7,2.0794415416798357,0,1,2,0,7,1,0.6931471805599453,0,1,1,1,1,5,1.791759469228055,0,2,0,5,5,5,1.791759469228055,0,2,0,5,5,1,21,142.0
5,1.791759469228055,0,2,0,5,5,3,1.3862943611198906,0,0,3,3,3,5,1.791759469228055,0,2,0,5,5,8,2.1972245773362196,1,2,3,1,8,12,2.5649493574615367,1,0,2,5,2,1,0.6931471805599453,0,1,1,1,1,2,1.0986122886681098,1,2,2,2,2,3,1.3862943611198906,0,0,3,3,3,2,1.0986122886681098,1,2,2,2,2,7,2.0794415416798357,0,1,2,0,7,1,18,497.0
5,1.791759469228055,0,2,0,5,5,3,1.3862943611198906,0,0,3,3,3,5,1.791759469228055,0,2,0,5,5,7,2.0794415416798357,0,1,2,0,7,11,2.4849066497880004,0,2,1,4,1,7,2.0794415416798357,0,1,2,0,7,10,2.3978952727983707,1,1,0,3,0,3,1.3862943611198906,0,0,3,3,3,8,2.1972245773362196,1,2,3,1,8,3,1.3862943611198906,0,0,3,3,3,1,7,2213.0
6,1.9459101490553132,1,0,1,6,6,2,1.0986122886681098,1,2,2,2,2,6,1.9459101490553132,1,0,1,6,6,6,1.9459101490553132,1,0,1,6,6,8,2.1972245773362196,1,2,3,1,8,2,1.0986122886681098,1,2,2,2,2,7,2.0794415416798357,0,1,2,0,7,5,1.791759469228055,0,2,0,5,5,6,1.9459101490553132,1,0,1,6,6,5,1.791759469228055,0,2,0,5,5,1,18,685.0
10,2.3978952727983707,1,1,0,3,0,1,0.6931471805599453,0,1,1,1,1,2,1.0986122886681098,1,2,2,2,2,3,1.3862943611198906,0,0,3,3,3,12,2.5649493574615367,1,0,2,5,2,1,0.6931471805599453,0,1,1,1,1,2,1.0986122886681098,1,2,2,2,2,8,2.1972245773362196,1,2,3,1,8,8,2.1972245773362196,1,2,3,1,8,6,1.9459101490553132,1,0,1,6,6,1,32,41.0
12,2.5649493574615367,1,0,2,5,2,3,1.3862943611198906,0,0,3,3,3,4,1.6094379124341003,1,1,4,4,4,1,0.6931471805599453,0,1,1,1,1,3,1.3862943611198906,0,0,3,3,3,3,1.3862943611198906,0,0,3,3,3,6,1.9459101490553132,1,0,1,6,6,6,1.9459101490553132,1,0,1,6,6,7,2.0794415416798357,0,1,2,0,7,3,1.3862943611198906,0,0,3,3,3,1,31,19.0
8,2.1972245773362196,1,2,3,1,8,1,0.6931471805599453,0,1,1,1,1,7,2.0794415416798357,0,1,2,0,7,5,1.791759469228055,0,2,0,5,5,6,1.9459101490553132,1,0,1,6,6,10,2.3978952727983707,1,1,0,3,0,11,2.4849066497880004,0,2,1,4,1,8,2.1972245773362196,1,2,3,1,8,7,2.0794415416798357,0,1,2,0,7,5,1.791759469228055,0,2,0,5,5,1,14,13021.0
9,2.302585092994046,0,0,4,2,9,6,1.9459101490553132,1,0,1,6,6,12,2.5649493574615367,1,0,2,5,2,1,0.6931471805599453,0,1,1,1,1,2,1.0986122886681098,1,2,2,2,2,3,1.3862943611198906,0,0,3,3,3,6,1.9459101490553132,1,0,1,6,6,8,2.1972245773362196,1,2,3,1,8,1,0.6931471805599453,0,1,1,1,1,2,1.0986122886681098,1,2,2,2,2,1,33,13.0
6,1.9459101490553132,1,0,1,6,6,5,1.791759469228055,0,2,0,5,5,6,1.9459101490553132,1,0,1,6,6,1,0.6931471805599453,0,1,1,1,1,8,2.1972245773362196,1,2,3,1,8,1,0.6931471805599453,0,1,1,1,1,2,1.0986122886681098,1,2,2,2,2,5,1.791759469228055,0,2,0,5,5,4,1.6094379124341003,1,1,4,4,4,1,0.6931471805599453,0,1,1,1,1,1,31,137.0
11,2.4849066497880004,0,2,1,4,1,5,1.791759469228055,0,2,0,5,5,11,2.4849066497880004,0,2,1,4,1,6,1.9459101490553132,1,0,1,6,6,12,2.5649493574615367,1,0,2,5,2,4,1.6094379124341003,1,1,4,4,4,5,1.791759469228055,0,2,0,5,5,7,2.0794415416798357,0,1,2,0,7,4,1.6094379124341003,1,1,4,4,4,4,1.6094379124341003,1,1,4,4,4,1,9,2193.0
6,1.9459101490553132,1,0,1,6,6,2,1.0986122886681098,1,2,2,2,2,6,1.9459101490553132,1,0,1,6,6,6,1.9459101490553132,1,0,1,6,6,12,2.5649493574615367,1,0,2,5,2,3,1.3862943611198906,0,0,3,3,3,4,1.6094379124341003,1,1,4,4,4,1,0.6931471805599453,0,1,1,1,1,5,1.791759469228055,0,2,0,5,5,4,1.6094379124341003,1,1,4,4,4,1,28,6.0
7,2.0794415416798357,0,1,2,0,7,1,0.6931471805599453,0,1,1,1,1,10,2.3978952727983707,1,1,0,3,0,2,1.0986122886681098,1,2,2,2,2,3,1.3862943611198906,0,0,3,3,3,6,1.9459101490553132,1,0,1,6,6,11,2.4849066497880004,0,2,1,4,1,3,1.3862943611198906,0,0,3,3,3,1,0.6931471805599453,0,1,1,1,1,6,1.9459101490553132,1,0,1,6,6,1,26,1197.0
9,2.302585092994046,0,0,4,2,9,6,1.9459101490553132,1,0,1,6,6,11,2.4849066497880004,0,2,1,4,1,1,0.6931471805599453,0,1,1,1,1,5,1.791759469228055,0,2,0,5,5,3,1.3862943611198906,0,0,3,3,3,6,1.9459101490553132,1,0,1,6,6,5,1.791759469228055,0,2,0,5,5,8,2.1972245773362196,1,2,3,1,8,8,2.1972245773362196,1,2,3,1,8,1,15,2181.0
11,2.4849066497880004,0,2,1,4,1,5,1.791759469228055,0,2,0,5,5,12,2.5649493574615367,1,0,2,5,2,5,1.791759469228055,0,2,0,5,5,9,2.302585092994046,0,0,4,2,9,2,1.0986122886681098,1,2,2,2,2,10,2.3978952727983707,1,1,0,3,0,2,1.0986122886681098,1,2,2,2,2,7,2.0794415416798357,0,1,2,0,7,8,2.1972245773362196,1,2,3,1,8,1,10,2809.0
6,1.9459101490553132,1,0,1,6,6,3,1.3862943611198906,0,0,3,3,3,5,1.791759469228055,0,2,0,5,5,3,1.3862943611198906,0,0,3,3,3,4,1.6094379124341003,1,1,4,4,4,7,2.0794415416798357,0,1,2,0,7,8,2.1972245773362196,1,2,3,1,8,6,1.9459101490553132,1,0,1,6,6,4,1.6094379124341003,1,1,4,4,4,4,1.6094379124341003,1,1,4,4,4,1,12,461.0
11,2.4849066497880004,0,2,1,4,1,4,1.6094379124341003,1,1,4,4,4,12,2.5649493574615367,1,0,2,5,2,4,1.6094379124341003,1,1,4,4,4,11,2.4849066497880004,0,2,1,4,1,4,1.6094379124341003,1,1,4,4,4,5,1.791759469228055,0,2,0,5,5,3,1.3862943611198906,0,0,3,3,3,5,1.791759469228055,0,2,0,5,5,1,0.6931471805599453,0,1,1,1,1,1,18,326.0
6,1.9459101490553132,1,0,1,6,6,6,1.9459101490553132,1,0,1,6,6,7,2.0794415416798357,0,1,2,0,7,6,1.9459101490553132,1,0,1,6,6,12,2.5649493574615367,1,0,2,5,2,3,1.3862943611198906,0,0,3,3,3,4,1.6094379124341003,1,1,4,4,4,4,1.6094379124341003,1,1,4,4,4,1,0.6931471805599453,0,1,1,1,1,2,1.0986122886681098,1,2,2,2,2,1,28,317.0
11,2.4849066497880004,0,2,1,4,1,3,1.3862943611198906,0,0,3,3,3,6,1.9459101490553132,1,0,1,6,6,6,1.9459101490553132,1,0,1,6,6,7,2.0794415416798357,0,1,2,0,7,8,2.1972245773362196,1,2,3,1,8,11,2.4849066497880004,0,2,1,4,1,1,0.6931471805599453,0,1,1,1,1,3,1.3862943611198906,0,0,3,3,3,8,2.1972245773362196,1,2,3,1,8,1,17,2791.0
7,2.0794415416798357,0,1,2,0,7,1,0.6931471805599453,0,1,1,1,1,7,2.0794415416798357,0,1,2,0,7,7,2.0794415416798357,0,1,2,0,7,10,2.3978952727983707,1,1,0,3,0,9,2.302585092994046,0,0,4,2,9,11,2.4849066497880004,0,2,1,4,1,7,2.0794415416798357,0,1,2,0,7,8,2.1972245773362196,1,2,3,1,8,7,2.0794415416798357,0,1,2,0,7,1,19,10093.0
10,2.3978952727983707,1,1,0,3,0,3,1.3862943611198906,0,0,3,3,3,9,2.302585092994046,0,0,4,2,9,1,0.6931471805599453,0,1,1,1,1,2,1.0986122886681098,1,2,2,2,2,3,1.3862943611198906,0,0,3,3,3,12,2.5649493574615367,1,0,2,5,2,4,1.6094379124341003,1,1,4,4,4,6,1.9459101490553132,1,0,1,6,6,7,2.0794415416798357,0,1,2,0,7,1,22,43.0
11,2.4849066497880004,0,2,1,4,1,3,1.3862943611198906,0,0,3,3,3,7,2.0794415416798357,0,1,2,0,7,3,1.3862943611198906,0,0,3,3,3,7,2.0794415416798357,0,1,2,0,7,3,1.3862943611198906,0,0,3,3,3,9,2.302585092994046,0,0,4,2,9,4,1.6094379124341003,1,1,4,4,4,5,1.791759469228055,0,2,0,5,5,8,2.1972245773362196,1,2,3,1,8,1,8,55.0
7,2.0794415416798357,0,1,2,0,7,3,1.3862943611198906,0,0,3,3,3,8,2.1972245773362196,1,2,3,1,8,2,1.0986122886681098,1,2,2,2,2,3,1.3862943611198906,0,0,3,3,3,1,0.6931471805599453,0,1,1,1,1,2,1.0986122886681098,1,2,2,2,2,8,2.1972245773362196,1,2,3,1,8,7,2.0794415416798357,0,1,2,0,7,8,2.1972245773362196,1,2,3,1,8,1,21,619.0
3,1.3862943611198906,0,0,3,3,3,7,2.0794415416798357,0,1,2,0,7,8,2.1972245773362196,1,2,3,1,8,7,2.0794415416798357,0,1,2,0,7,9,2.302585092994046,0,0,4,2,9,3,1.3862943611198906,0,0,3,3,3,7,2.0794415416798357,0,1,2,0,7,2,1.0986122886681098,1,2,2,2,2,8,2.1972245773362196,1,2,3,1,8,1,0.6931471805599453,0,1,1,1,1,1,18,2771.0
5,1.791759469228055,0,2,0,5,5,10,2.3978952727983707,1,1,0,3,0,12,2.5649493574615367,1,0,2,5,2,1,0.6931471805599453,0,1,1,1,1,4,1.6094379124341003,1,1,4,4,4,1,0.6931471805599453,0,1,1,1,1,3,1.3862943611198906,0,0,3,3,3,4,1.6094379124341003,1,1,4,4,4,3,1.3862943611198906,0,0,3,3,3,5,1.791759469228055,0,2,0,5,5,1,26,53.0
7,2.0794415416798357,0,1,2,0,7,2,1.0986122886681098,1,2,2,2,2,4,1.6094379124341003,1,1,4,4,4,4,1.6094379124341003,1,1,4,4,4,5,1.791759469228055,0,2,0,5,5,2,1.0986122886681098,1,2,2,2,2,6,1.9459101490553132,1,0,1,6,6,5,1.791759469228055,0,2,0,5,5,3,1.3862943611198906,0,0,3,3,3,8,2.1972245773362196,1,2,3,1,8,1,14,617.0
3,1.3862943611198906,0,0,3,3,3,3,1.3862943611198906,0,0,3,3,3,4,1.6094379124341003,1,1,4,4,4,3,1.3862943611198906,0,0,3,3,3,6,1.9459101490553132,1,0,1,6,6,9,2.302585092994046,0,0,4,2,9,11,2.4849066497880004,0,2,1,4,1,6,1.9459101490553132,1,0,1,6,6,3,1.3862943611198906,0,0,3,3,3,6,1.9459101490553132,1,0,1,6,6,1,25,973.0
5,1.791759469228055,0,2,0,5,5,5,1.791759469228055,0,2,0,5,5,6,1.9459101490553132,1,0,1,6,6,1,0.6931471805599453,0,1,1,1,1,2,1.0986122886681098,1,2,2,2,2,3,1.3862943611198906,0,0,3,3,3,7,2.0794415416798357,0,1,2,0,7,1,0.6931471805599453,0,1,1,1,1,6,1.9459101490553132,1,0,1,6,6,7,2.0794415416798357,0,1,2,0,7,1,24,119.0
6,1.9459101490553132,1,0,1,6,6,1,0.6931471805599453,0,1,1,1,1,2,1.0986122886681098,1,2,2,2,2,5,1.791759469228055,0,2,0,5,5,6,1.9459101490553132,1,0,1,6,6,6,1.9459101490553132,1,0,1,6,6,12,2.5649493574615367,1,0,2,5,2,7,2.0794415416798357,0,1,2,0,7,7,2.0794415416798357,0,1,2,0,7,6,1.9459101490553132,1,0,1,6,6,1,25,79.0
5,1.791759469228055,0,2,0,5,5,1,0.6931471805599453,0,1,1,1,1,2,1.0986122886681098,1,2,2,2,2,5,1.791759469228055,0,2,0,5,5,8,2.1972245773362196,1,2,3,1,8,3,1.3862943611198906,0,0,3,3,3,5,1.791759469228055,0,2,0,5,5,5,1.791759469228055,0,2,0,5,5,2,1.0986122886681098,1,2,2,2,2,8,2.1972245773362196,1,2,3,1,8,1,21,773.0
8,2.1972245773362196,1,2,3,1,8,2,1.0986122886681098,1,2,2,2,2,4,1.6094379124341003,1,1,4,4,4,1,0.6931471805599453,0,1,1,1,1,9,2.302585092994046,0,0,4,2,9,2,1.0986122886681098,1,2,2,2,2,9,2.302585092994046,0,0,4,2,9,8,2.1972245773362196,1,2,3,1,8,5,1.791759469228055,0,2,0,5,5,4,1.6094379124341003,1,1,4,4,4,1,25,193.0
10,2.3978952727983707,1,1,0,3,0,6,1.9459101490553132,1,0,1,6,6,12,2.5649493574615367,1,0,2,5,2,9,2.302585092994046,0,0,4,2,9,10,2.3978952727983707,1,1,0,3,0,3,1.3862943611198906,0,0,3,3,3,7,2.0794415416798357,0,1,2,0,7,5,1.791759469228055,0,2,0,5,5,7,2.0794415416798357,0,1,2,0,7,1,0.6931471805599453,0,1,1,1,1,1,17,579.0
2,1.0986122886681098,1,2,2,2,2,1,0.6931471805599453,0,1,1,1,1,8,2.1972245773362196,1,2,3,1,8,2,1.0986122886681098,1,2,2,2,2,8,2.1972245773362196,1,2,3,1,8,8,2.1972245773362196,1,2,3,1,8,11,2.4849066497880004,0,2,1,4,1,1,0.6931471805599453,0,1,1,1,1,5,1.791759469228055,0,2,0,5,5,2,1.0986122886681098,1,2,2,2,2,1,32,703.0
5,1.791759469228055,0,2,0,5,5,5,1.791759469228055,0,2,0,5,5,9,2.302585092994046,0,0,4,2,9,3,1.3862943611198906,0,0,3,3,3,5,1.791759469228055,0,2,0,5,5,3,1.3862943611198906,0,0,3,3,3,4,1.6094379124341003,1,1,4,4,4,4,1.6094379124341003,1,1,4,4,4,2,1.0986122886681098,1,2,2,2,2,1,0.6931471805599453,0,1,1,1,1,1,18,67.0
11,2.4849066497880004,0,2,1,4,1,5,1.791759469228055,0,2,0,5,5,7,2.0794415416798357,0,1,2,0,7,3,1.3862943611198906,0,0,3,3,3,12,2.5649493574615367,1,0,2,5,2,5,1.791759469228055,0,2,0,5,5,10,2.3978952727983707,1,1,0,3,0,5,1.791759469228055,0,2,0,5,5,3,1.3862943611198906,0,0,3,3,3,6,1.9459101490553132,1,0,1,6,6,1,12,425.0
11,2.4849066497880004,0,2,1,4,1,6,1.9459101490553132,1,0,1,6,6,11,2.4849066497880004,0,2,1,4,1,2,1.0986122886681098,1,2,2,2,2,12,2.5649493574615367,1,0,2,5,2,5,1.791759469228055,0,2,0,5,5,11,2.4849066497880004,0,2,1,4,1,1,0.6931471805599453,0,1,1,1,1,3,1.3862943611198906,0,0,3,3,3,1,0.6931471805599453,0,1,1,1,1,1,25,19.0
2,1.0986122886681098,1,2,2,2,2,4,1.6094379124341003,1,1,4,4,4,11,2.4849066497880004,0,2,1,4,1,3,1.3862943611198906,0,0,3,3,3,8,2.1972245773362196,1,2,3,1,8,6,1.9459101490553132,1,0,1,6,6,8,2.1972245773362196,1,2,3,1,8,8,2.1972245773362196,1,2,3,1,8,6,1.9459101490553132,1,0,1,6,6,2,1.0986122886681098,1,2,2,2,2,1,22,843.0
7,2.0794415416798357,0,1,2,0,7,4,1.6094379124341003,1,1,4,4,4,6,1.9459101490553132,1,0,1,6,6,8,2.1972245773362196,1,2,3,1,8,10,2.3978952727983707,1,1,0,3,0,4,1.6094379124341003,1,1,4,4,4,7,2.0794415416798357,0,1,2,0,7,4,1.6094379124341003,1,1,4,4,4,5,1.791759469228055,0,2,0,5,5,2,1.0986122886681098,1,2,2,2,2,1,14,872.0
8,2.1972245773362196,1,2,3,1,8,4,1.6094379124341003,1,1,4,4,4,7,2.0794415416798357,0,1,2,0,7,3,1.3862943611198906,0,0,3,3,3,6,1.9459101490553132,1,0,1,6,6,8,2.1972245773362196,1,2,3,1,8,11,2.4849066497880004,0,2,1,4,1,3,1.3862943611198906,0,0,3,3,3,3,1.3862943611198906,0,0,3,3,3,3,1.3862943611198906,0,0,3,3,3,1,13,985.0
8,2.1972245773362196,1,2,3,1,8,1,0.6931471805599453,0,1,1,1,1,4,1.6094379124341003,1,1,4,4,4,5,1.791759469228055,0,2,0,5,5,6,1.9459101490553132,1,0,1,6,6,1,0.6931471805599453,0,1,1,1,1,11,2.4849066497880004,0,2,1,4,1,3,1.3862943611198906,0,0,3,3,3,5,1.791759469228055,0,2,0,5,5,1,0.6931471805599453,0,1,1,1,1,1,27,499.0
2,1.0986122886681098,1,2,2,2,2,2,1.0986122886681098,1,2,2,2,2,3,1.3862943611198906,0,0,3,3,3,1,0.6931471805599453,0,1,1,1,1,6,1.9459101490553132,1,0,1,6,6,6,1.9459101490553132,1,0,1,6,6,7,2.0794415416798357,0,1,2,0,7,2,1.0986122886681098,1,2,2,2,2,4,1.6094379124341003,1,1,4,4,4,7,2.0794415416798357,0,1,2,0,7,1,25,671.0
2,1.0986122886681098,1,2,2,2,2,2,1.0986122886681098,1,2,2,2,2,10,2.3978952727983707,1,1,0,3,0,4,1.6094379124341003,1,1,4,4,4,7,2.0794415416798357,0,1,2,0,7,4,1.6094379124341003,1,1,4,4,4,12,2.5649493574615367,1,0,2,5,2,5,1.791759469228055,0,2,0,5,5,4,1.6094379124341003,1,1,4,4,4,8,2.1972245773362196,1,2,3,1,8,1,23,519.0
2,1.0986122886681098,1,2,2,2,2,5,1.791759469228055,0,2,0,5,5,10,2.3978952727983707,1,1,0,3,0,6,1.9459101490553132,1,0,1,6,6,11,2.4849066497880004,0,2,1,4,1,8,2.1972245773362196,1,2,3,1,8,9,2.302585092994046,0,0,4,2,9,3,1.3862943611198906,0,0,3,3,3,4,1.6094379124341003,1,1,4,4,4,5,1.791759469228055,0,2,0,5,5,1,10,3383.0
11,2.4849066497880004,0,2,1,4,1,2,1.0986122886681098,1,2,2,2,2,3,1.3862943611198906,0,0,3,3,3,4,1.6094379124341003,1,1,4,4,4,7,2.0794415416798357,0,1,2,0,7,2,1.0986122886681098,1,2,2,2,2,4,1.6094379124341003,1,1,4,4,4,5,1.791759469228055,0,2,0,5,5,4,1.6094379124341003,1,1,4,4,4,8,2.1972245773362196,1,2,3,1,8,1,15,307.0
4,1.6094379124341003,1,1,4,4,4,1,0.6931471805599453,0,1,1,1,1,3,1.3862943611198906,0,0,3,3,3,1,0.6931471805599453,0,1,1,1,1,8,2.1972245773362196,1,2,3,1,8,9,2.302585092994046,0,0,4,2,9,12,2.5649493574615367,1,0,2,5,2,8,2.1972245773362196,1,2,3,1,8,3,1.3862943611198906,0,0,3,3,3,6,1.9459101490553132,1,0,1,6,6,1,29,15.0
10,2.3978952727983707,1,1,0,3,0,9,2.302585092994046,0,0,4,2,9,10,2.3978952727983707,1,1,0,3,0,2,1.0986122886681098,1,2,2,2,2,5,1.791759469228055,0,2,0,5,5,2,1.0986122886681098,1,2,2,2,2,4,1.6094379124341003,1,1,4,4,4,7,2.0794415416798357,0,1,2,0,7,3,1.3862943611198906,0,0,3,3,3,3,1.3862943611198906,0,0,3,3,3,1,13,41.0
3,1.3862943611198906,0,0,3,3,3,1,0.6931471805599453,0,1,1,1,1,5,1.791759469228055,0,2,0,5,5,2,1.0986122886681098,1,2,2,2,2,3,1.3862943611198906,0,0,3,3,3,2,1.0986122886681098,1,2,2,2,2,3,1.3862943611198906,0,0,3,3,3,3,1.3862943611198906,0,0,3,3,3,1,0.6931471805599453,0,1,1,1,1,7,2.0794415416798357,0,1,2,0,7,1,24,97.0
3,1.3862943611198906,0,0,3,3,3,3,1.3862943611198906,0,0,3,3,3,6,1.9459101490553132,1,0,1,6,6,1,0.6931471805599453,0,1,1,1,1,3,1.3862943611198906,0,0,3,3,3,2,1.0986122886681098,1,2,2,2,2,7,2.0794415416798357,0,1,2,0,7,7,2.0794415416798357,0,1,2,0,7,8,2.1972245773362196,1,2,3,1,8,5,1.791759469228055,0,2,0,5,5,1,18,235.0
4,1.6094379124341003,1,1,4,4,4,6,1.9459101490553132,1,0,1,6,6,9,2.302585092994046,0,0,4,2,9,7,2.0794415416798357,0,1,2,0,7,10,2.3978952727983707,1,1,0,3,0,2,1.0986122886681098,1,2,2,2,2,10,2.3978952727983707,1,1,0,3,0,5,1.791759469228055,0,2,0,5,5,4,1.6094379124341003,1,1,4,4,4,6,1.9459101490553132,1,0,1,6,6,1,11,109.0
6,1.9459101490553132,1,0,1,6,6,2,1.0986122886681098,1,2,2,2,2,8,2.1972245773362196,1,2,3,1,8,1,0.6931471805599453,0,1,1,1,1,5,1.791759469228055,0,2,0,5,5,1,0.6931471805599453,0,1,1,1,1,2,1.0986122886681098,1,2,2,2,2,3,1.3862943611198906,0,0,3,3,3,5,1.791759469228055,0,2,0,5,5,2,1.0986122886681098,1,2,2,2,2,1,28,35.0
2,1.0986122886681098,1,2,2,2,2,5,1.791759469228055,0,2,0,5,5,12,2.5649493574615367,1,0,2,5,2,2,1.0986122886681098,1,2,2,2,2,3,1.3862943611198906,0,0,3,3,3,5,1.791759469228055,0,2,0,5,5,12,2.5649493574615367,1,0,2,5,2,2,1.0986122886681098,1,2,2,2,2,1,0.6931471805599453,0,1,1,1,1,3,1.3862943611198906,0,0,3,3,3,1,25,33.0
11,2.4849066497880004,0,2,1,4,1,3,1.3862943611198906,0,0,3,3,3,8,2.1972245773362196,1,2,3,1,8,3,1.3862943611198906,0,0,3,3,3,5,1.791759469228055,0,2,0,5,5,10,2.3978952727983707,1,1,0,3,0,12,2.5649493574615367,1,0,2,5,2,1,0.6931471805599453,0,1,1,1,1,7,2.0794415416798357,0,1,2,0,7,8,2.1972245773362196,1,2,3,1,8,1,14,2363.0
9,2.302585092994046,0,0,4,2,9,4,1.6094379124341003,1,1,4,4,4,7,2.0794415416798357,0,1,2,0,7,2,1.0986122886681098,1,2,2,2,2,4,1.6094379124341003,1,1,4,4,4,1,0.6931471805599453,0,1,1,1,1,5,1.791759469228055,0,2,0,5,5,5,1.791759469228055,0,2,0,5,5,1,0.6931471805599453,0,1,1,1,1,2,1.0986122886681098,1,2,2,2,2,1,24,589.0
11,2.4849066497880004,0,2,1,4,1,4,1.6094379124341003,1,1,4,4,4,9,2.302585092994046,0,0,4,2,9,3,1.3862943611198906,0,0,3,3,3,9,2.302585092994046,0,0,4,2,9,3,1.3862943611198906,0,0,3,3,3,6,1.9459101490553132,1,0,1,6,6,2,1.0986122886681098,1,2,2,2,2,3,1.3862943611198906,0,0,3,3,3,7,2.0794415416798357,0,1,2,0,7,1,15,215.0
8,2.1972245773362196,1,2,3,1,8,2,1.0986122886681098,1,2,2,2,2,4,1.6094379124341003,1,1,4,4,4,5,1.791759469228055,0,2,0,5,5,6,1.9459101490553132,1,0,1,6,6,1,0.6931471805599453,0,1,1,1,1,5,1.791759469228055,0,2,0,5,5,1,0.6931471805599453,0,1,1,1,1,4,1.6094379124341003,1,1,4,4,4,6,1.9459101490553132,1,0,1,6,6,1,27,83.0
9,2.302585092994046,0,0,4,2,9,6,1.9459101490553132,1,0,1,6,6,10,2.3978952727983707,1,1,0,3,0,7,2.0794415416798357,0,1,2,0,7,10,2.3978952727983707,1,1,0,3,0,4,1.6094379124341003,1,1,4,4,4,12,2.5649493574615367,1,0,2,5,2,8,2.1972245773362196,1,2,3,1,8,5,1.791759469228055,0,2,0,5,5,5,1.791759469228055,0,2,0,5,5,1,9,643.0
12,2.5649493574615367,1,0,2,5,2,8,2.1972245773362196,1,2,3,1,8,12,2.5649493574615367,1,0,2,5,2,7,2.0794415416798357,0,1,2,0,7,11,2.4849066497880004,0,2,1,4,1,4,1.6094379124341003,1,1,4,4,4,7,2.0794415416798357,0,1,2,0,7,2,1.0986122886681098,1,2,2,2,2,7,2.0794415416798357,0,1,2,0,7,5,1.791759469228055,0,2,0,5,5,1,11,1509.0
3,1.3862943611198906,0,0,3,3,3,5,1.791759469228055,0,2,0,5,5,8,2.1972245773362196,1,2,3,1,8,8,2.1972245773362196,1,2,3,1,8,11,2.4849066497880004,0,2,1,4,1,2,1.0986122886681098,1,2,2,2,2,3,1.3862943611198906,0,0,3,3,3,3,1.3862943611198906,0,0,3,3,3,8,2.1972245773362196,1,2,3,1,8,1,0.6931471805599453,0,1,1,1,1,1,18,4717.0
6,1.9459101490553132,1,0,1,6,6,1,0.6931471805599453,0,1,1,1,1,2,1.0986122886681098,1,2,2,2,2,3,1.3862943611198906,0,0,3,3,3,8,2.1972245773362196,1,2,3,1,8,1,0.6931471805599453,0,1,1,1,1,5,1.791759469228055,0,2,0,5,5,4,1.6094379124341003,1,1,4,4,4,1,0.6931471805599453,0,1,1,1,1,7,2.0794415416798357,0,1,2,0,7,1,29,89.0
6,1.9459101490553132,1,0,1,6,6,4,1.6094379124341003,1,1,4,4,4,5,1.791759469228055,0,2,0,5,5,2,1.0986122886681098,1,2,2,2,2,5,1.791759469228055,0,2,0,5,5,4,1.6094379124341003,1,1,4,4,4,6,1.9459101490553132,1,0,1,6,6,4,1.6094379124341003,1,1,4,4,4,7,2.0794415416798357,0,1,2,0,7,6,1.9459101490553132,1,0,1,6,6,1,13,178.0
3,1.3862943611198906,0,0,3,3,3,1,0.6931471805599453,0,1,1,1,1,5,1.791759469228055,0,2,0,5,5,1,0.6931471805599453,0,1,1,1,1,2,1.0986122886681098,1,2,2,2,2,1,0.6931471805599453,0,1,1,1,1,7,2.0794415416798357,0,1,2,0,7,4,1.6094379124341003,1,1,4,4,4,8,2.1972245773362196,1,2,3,1,8,7,2.0794415416798357,0,1,2,0,7,1,28,171.0
6,1.9459101490553132,1,0,1,6,6,5,1.791759469228055,0,2,0,5,5,11,2.4849066497880004,0,2,1,4,1,4,1.6094379124341003,1,1,4,4,4,10,2.3978952727983707,1,1,0,3,0,3,1.3862943611198906,0,0,3,3,3,4,1.6094379124341003,1,1,4,4,4,6,1.9459101490553132,1,0,1,6,6,3,1.3862943611198906,0,0,3,3,3,5,1.791759469228055,0,2,0,5,5,1,10,3693.0
8,2.1972245773362196,1,2,3,1,8,3,1.3862943611198906,0,0,3,3,3,10,2.3978952727983707,1,1,0,3,0,6,1.9459101490553132,1,0,1,6,6,10,2.3978952727983707,1,1,0,3,0,7,2.0794415416798357,0,1,2,0,7,8,2.1972245773362196,1,2,3,1,8,7,2.0794415416798357,0,1,2,0,7,1,0.6931471805599453,0,1,1,1,1,7,2.0794415416798357,0,1,2,0,7,1,15,99.0
11,2.4849066497880004,0,2,1,4,1,2,1.0986122886681098,1,2,2,2,2,3,1.3862943611198906,0,0,3,3,3,3,1.3862943611198906,0,0,3,3,3,6,1.9459101490553132,1,0,1,6,6,6,1.9459101490553132,1,0,1,6,6,7,2.0794415416798357,0,1,2,0,7,1,0.6931471805599453,0,1,1,1,1,2,1.0986122886681098,1,2,2,2,2,3,1.3862943611198906,0,0,3,3,3,1,24,104.0
5,1.791759469228055,0,2,0,5,5,2,1.0986122886681098,1,2,2,2,2,3,1.3862943611198906,0,0,3,3,3,1,0.6931471805599453,0,1,1,1,1,2,1.0986122886681098,1,2,2,2,2,2,1.0986122886681098,1,2,2,2,2,4,1.6094379124341003,1,1,4,4,4,8,2.1972245773362196,1,2,3,1,8,6,1.9459101490553132,1,0,1,6,6,3,1.3862943611198906,0,0,3,3,3,1,25,41.0
6,1.9459101490553132,1,0,1,6,6,2,1.0986122886681098,1,2,2,2,2,5,1.791759469228055,0,2,0,5,5,10,2.3978952727983707,1,1,0,3,0,11,2.4849066497880004,0,2,1,4,1,3,1.3862943611198906,0,0,3,3,3,4,1.6094379124341003,1,1,4,4,4,3,1.3862943611198906,0,0,3,3,3,3,1.3862943611198906,0,0,3,3,3,2,1.0986122886681098,1,2,2,2,2,1,14,287.0
4,1.6094379124341003,1,1,4,4,4,1,0.6931471805599453,0,1,1,1,1,3,1.3862943611198906,0,0,3,3,3,2,1.0986122886681098,1,2,2,2,2,8,2.1972245773362196,1,2,3,1,8,4,1.6094379124341003,1,1,4,4,4,6,1.9459101490553132,1,0,1,6,6,2,1.0986122886681098,1,2,2,2,2,1,0.6931471805599453,0,1,1,1,1,1,0.6931471805599453,0,1,1,1,1,1,37,65.0
4,1.6094379124341003,1,1,4,4,4,2,1.0986122886681098,1,2,2,2,2,10,2.3978952727983707,1,1,0,3,0,1,0.6931471805599453,0,1,1,1,1,8,2.1972245773362196,1,2,3,1,8,1,0.6931471805599453,0,1,1,1,1,2,1.0986122886681098,1,2,2,2,2,4,1.6094379124341003,1,1,4,4,4,1,0.6931471805599453,0,1,1,1,1,5,1.791759469228055,0,2,0,5,5,1,37,273.0
12,2.5649493574615367,1,0,2,5,2,8,2.1972245773362196,1,2,3,1,8,10,2.3978952727983707,1,1,0,3,0,2,1.0986122886681098,1,2,2,2,2,5,1.791759469228055,0,2,0,5,5,1,0.6931471805599453,0,1,1,1,1,6,1.9459101490553132,1,0,1,6,6,6,1.9459101490553132,1,0,1,6,6,5,1.791759469228055,0,2,0,5,5,5,1.791759469228055,0,2,0,5,5,1,23,487.0
12,2.5649493574615367,1,0,2,5,2,7,2.0794415416798357,0,1,2,0,7,10,2.3978952727983707,1,1,0,3,0,10,2.3978952727983707,1,1,0,3,0,11,2.4849066497880004,0,2,1,4,1,11,2.4849066497880004,0,2,1,4,1,12,2.5649493574615367,1,0,2,5,2,1,0.6931471805599453,0,1,1,1,1,1,0.6931471805599453,0,1,1,1,1,3,1.3862943611198906,0,0,3,3,3,1,22,3389.0
10,2.3978952727983707,1,1,0,3,0,2,1.0986122886681098,1,2,2,2,2,6,1.9459101490553132,1,0,1,6,6,1,0.6931471805599453,0,1,1,1,1,9,2.302585092994046,0,0,4,2,9,1,0.6931471805599453,0,1,1,1,1,4,1.6094379124341003,1,1,4,4,4,6,1.9459101490553132,1,0,1,6,6,8,2.1972245773362196,1,2,3,1,8,3,1.3862943611198906,0,0,3,3,3,1,27,61.0
10,2.3978952727983707,1,1,0,3,0,1,0.6931471805599453,0,1,1,1,1,5,1.791759469228055,0,2,0,5,5,2,1.0986122886681098,1,2,2,2,2,10,2.3978952727983707,1,1,0,3,0,3,1.3862943611198906,0,0,3,3,3,6,1.9459101490553132,1,0,1,6,6,5,1.791759469228055,0,2,0,5,5,6,1.9459101490553132,1,0,1,6,6,1,0.6931471805599453,0,1,1,1,1,1,30,101.0
3,1.3862943611198906,0,0,3,3,3,1,0.6931471805599453,0,1,1,1,1,2,1.0986122886681098,1,2,2,2,2,6,1.9459101490553132,1,0,1,6,6,7,2.0794415416798357,0,1,2,0,7,2,1.0986122886681098,1,2,2,2,2,4,1.6094379124341003,1,1,4,4,4,2,1.0986122886681098,1,2,2,2,2,7,2.0794415416798357,0,1,2,0,7,8,2.1972245773362196,1,2,3,1,8,1,24,79.0
8,2.1972245773362196,1,2,3,1,8,5,1.791759469228055,0,2,0,5,5,7,2.0794415416798357,0,1,2,0,7,1,0.6931471805599453,0,1,1,1,1,10,2.3978952727983707,1,1,0,3,0,2,1.0986122886681098,1,2,2,2,2,9,2.302585092994046,0,0,4,2,9,6,1.9459101490553132,1,0,1,6,6,8,2.1972245773362196,1,2,3,1,8,5,1.791759469228055,0,2,0,5,5,1,17,9763.0
12,2.5649493574615367,1,0,2,5,2,3,1.3862943611198906,0,0,3,3,3,11,2.4849066497880004,0,2,1,4,1,1,0.6931471805599453,0,1,1,1,1,3,1.3862943611198906,0,0,3,3,3,2,1.0986122886681098,1,2,2,2,2,8,2.1972245773362196,1,2,3,1,8,6,1.9459101490553132,1,0,1,6,6,2,1.0986122886681098,1,2,2,2,2,4,1.6094379124341003,1,1,4,4,4,1,26,148.0
8,2.1972245773362196,1,2,3,1,8,1,0.6931471805599453,0,1,1,1,1,2,1.0986122886681098,1,2,2,2,2,1,0.6931471805599453,0,1,1,1,1,5,1.791759469228055,0,2,0,5,5,5,1.791759469228055,0,2,0,5,5,10,2.3978952727983707,1,1,0,3,0,4,1.6094379124341003,1,1,4,4,4,2,1.0986122886681098,1,2,2,2,2,8,2.1972245773362196,1,2,3,1,8,1,32,31.0
9,2.302585092994046,0,0,4,2,9,3,1.3862943611198906,0,0,3,3,3,9,2.302585092994046,0,0,4,2,9,2,1.0986122886681098,1,2,2,2,2,7,2.0794415416798357,0,1,2,0,7,8,2.1972245773362196,1,2,3,1,8,11,2.4849066497880004,0,2,1,4,1,5,1.791759469228055,0,2,0,5,5,7,2.0794415416798357,0,1,2,0,7,2,1.0986122886681098,1,2,2,2,2,1,7,173.0
3,1.3862943611198906,0,0,3,3,3,3,1.3862943611198906,0,0,3,3,3,5,1.791759469228055,0,2,0,5,5,5,1.791759469228055,0,2,0,5,5,10,2.3978952727983707,1,1,0,3,0,2,1.0986122886681098,1,2,2,2,2,3,1.3862943611198906,0,0,3,3,3,3,1.3862943611198906,0,0,3,3,3,3,1.3862943611198906,0,0,3,3,3,7,2.0794415416798357,0,1,2,0,7,1,14,17.0
8,2.1972245773362196,1,2,3,1,8,8,2.1972245773362196,1,2,3,1,8,11,2.4849066497880004,0,2,1,4,1,2,1.0986122886681098,1,2,2,2,2,6,1.9459101490553132,1,0,1,6,6,1,0.6931471805599453,0,1,1,1,1,2,1.0986122886681098,1,2,2,2,2,5,1.791759469228055,0,2,0,5,5,4,1.6094379124341003,1,1,4,4,4,8,2.1972245773362196,1,2,3,1,8,1,26,1291.0
8,2.1972245773362196,1,2,3,1,8,2,1.0986122886681098,1,2,2,2,2,4,1.6094379124341003,1,1,4,4,4,9,2.302585092994046,0,0,4,2,9,10,2.3978952727983707,1,1,0,3,0,1,0.6931471805599453,0,1,1,1,1,3,1.3862943611198906,0,0,3,3,3,2,1.0986122886681098,1,2,2,2,2,2,1.0986122886681098,1,2,2,2,2,5,1.791759469228055,0,2,0,5,5,1,24,197.0
12,2.5649493574615367,1,0,2,5,2,1,0.6931471805599453,0,1,1,1,1,2,1.0986122886681098,1,2,2,2,2,3,1.3862943611198906,0,0,3,3,3,6,1.9459101490553132,1,0,1,6,6,6,1.9459101490553132,1,0,1,6,6,8,2.1972245773362196,1,2,3,1,8,3,1.3862943611198906,0,0,3,3,3,6,1.9459101490553132,1,0,1,6,6,6,1.9459101490553132,1,0,1,6,6,1,36,77.0
8,2.1972245773362196,1,2,3,1,8,11,2.4849066497880004,0,2,1,4,1,12,2.5649493574615367,1,0,2,5,2,2,1.0986122886681098,1,2,2,2,2,7,2.0794415416798357,0,1,2,0,7,3,1.3862943611198906,0,0,3,3,3,9,2.302585092994046,0,0,4,2,9,7,2.0794415416798357,0,1,2,0,7,5,1.791759469228055,0,2,0,5,5,6,1.9459101490553132,1,0,1,6,6,1,8,1663.0
8,2.1972245773362196,1,2,3,1,8,2,1.0986122886681098,1,2,2,2,2,4,1.6094379124341003,1,1,4,4,4,1,0.6931471805599453,0,1,1,1,1,2,1.0986122886681098,1,2,2,2,2,3,1.3862943611198906,0,0,3,3,3,4,1.6094379124341003,1,1,4,4,4,7,2.0794415416798357,0,1,2,0,7,4,1.6094379124341003,1,1,4,4,4,7,2.0794415416798357,0,1,2,0,7,1,25,91.0
10,2.3978952727983707,1,1,0,3,0,7,2.0794415416798357,0,1,2,0,7,12,2.5649493574615367,1,0,2,5,2,3,1.3862943611198906,0,0,3,3,3,6,1.9459101490553132,1,0,1,6,6,1,0.6931471805599453,0,1,1,1,1,2,1.0986122886681098,1,2,2,2,2,3,1.3862943611198906,0,0,3,3,3,2,1.0986122886681098,1,2,2,2,2,4,1.6094379124341003,1,1,4,4,4,1,25,23.0
5,1.791759469228055,0,2,0,5,5,6,1.9459101490553132,1,0,1,6,6,9,2.302585092994046,0,0,4,2,9,6,1.9459101490553132,1,0,1,6,6,12,2.5649493574615367,1,0,2,5,2,7,2.0794415416798357,0,1,2,0,7,10,2.3978952727983707,1,1,0,3,0,5,1.791759469228055,0,2,0,5,5,4,1.6094379124341003,1,1,4,4,4,1,0.6931471805599453,0,1,1,1,1,1,16,439.0
10,2.3978952727983707,1,1,0,3,0,2,1.0986122886681098,1,2,2,2,2,3,1.3862943611198906,0,0,3,3,3,9,2.302585092994046,0,0,4,2,9,12,2.5649493574615367,1,0,2,5,2,4,1.6094379124341003,1,1,4,4,4,6,1.9459101490553132,1,0,1,6,6,8,2.1972245773362196,1,2,3,1,8,1,0.6931471805599453,0,1,1,1,1,8,2.1972245773362196,1,2,3,1,8,1,23,13.0
7,2.0794415416798357,0,1,2,0,7,1,0.6931471805599453,0,1,1,1,1,2,1.0986122886681098,1,2,2,2,2,2,1.0986122886681098,1,2,2,2,2,4,1.6094379124341003,1,1,4,4,4,6,1.9459101490553132,1,0,1,6,6,10,2.3978952727983707,1,1,0,3,0,7,2.0794415416798357,0,1,2,0,7,4,1.6094379124341003,1,1,4,4,4,2,1.0986122886681098,1,2,2,2,2,1,26,161.0
8,2.1972245773362196,1,2,3,1,8,4,1.6094379124341003,1,1,4,4,4,6,1.9459101490553132,1,0,1,6,6,1,0.6931471805599453,0,1,1,1,1,2,1.0986122886681098,1,2,2,2,2,9,2.302585092994046,0,0,4,2,9,11,2.4849066497880004,0,2,1,4,1,3,1.3862943611198906,0,0,3,3,3,1,0.6931471805599453,0,1,1,1,1,5,1.791759469228055,0,2,0,5,5,1,23,73.0
10,2.3978952727983707,1,1,0,3,0,2,1.0986122886681098,1,2,2,2,2,7,2.0794415416798357,0,1,2,0,7,6,1.9459101490553132,1,0,1,6,6,8,2.1972245773362196,1,2,3,1,8,4,1.6094379124341003,1,1,4,4,4,6,1.9459101490553132,1,0,1,6,6,6,1.9459101490553132,1,0,1,6,6,6,1.9459101490553132,1,0,1,6,6,2,1.0986122886681098,1,2,2,2,2,1,22,64.0
11,2.4849066497880004,0,2,1,4,1,4,1.6094379124341003,1,1,4,4,4,5,1.791759469228055,0,2,0,5,5,2,1.0986122886681098,1,2,2,2,2,10,2.3978952727983707,1,1,0,3,0,2,1.0986122886681098,1,2,2,2,2,9,2.302585092994046,0,0,4,2,9,3,1.3862943611198906,0,0,3,3,3,1,0.6931471805599453,0,1,1,1,1,1,0.6931471805599453,0,1,1,1,1,1,24,119.0
7,2.0794415416798357,0,1,2,0,7,1,0.6931471805599453,0,1,1,1,1,2,1.0986122886681098,1,2,2,2,2,3,1.3862943611198906,0,0,3,3,3,5,1.791759469228055,0,2,0,5,5,1,0.6931471805599453,0,1,1,1,1,11,2.4849066497880004,0,2,1,4,1,4,1.6094379124341003,1,1,4,4,4,2,1.0986122886681098,1,2,2,2,2,6,1.9459101490553132,1,0,1,6,6,1,23,69.0
3,1.3862943611198906,0,0,3,3,3,1,0.6931471805599453,0,1,1,1,1,2,1.0986122886681098,1,2,2,2,2,2,1.0986122886681098,1,2,2,2,2,9,2.302585092994046,0,0,4,2,9,1,0.6931471805599453,0,1,1,1,1,8,2.1972245773362196,1,2,3,1,8,7,2.0794415416798357,0,1,2,0,7,5,1.791759469228055,0,2,0,5,5,7,2.0794415416798357,0,1,2,0,7,1,22,227.0
4,1.6094379124341003,1,1,4,4,4,4,1.6094379124341003,1,1,4,4,4,10,2.3978952727983707,1,1,0,3,0,2,1.0986122886681098,1,2,2,2,2,5,1.791759469228055,0,2,0,5,5,7,2.0794415416798357,0,1,2,0,7,9,2.302585092994046,0,0,4,2,9,6,1.9459101490553132,1,0,1,6,6,6,1.9459101490553132,1,0,1,6,6,3,1.3862943611198906,0,0,3,3,3,1,11,139.0
12,2.5649493574615367,1,0,2,5,2,5,1.791759469228055,0,2,0,5,5,8,2.1972245773362196,1,2,3,1,8,6,1.9459101490553132,1,0,1,6,6,12,2.5649493574615367,1,0,2,5,2,7,2.0794415416798357,0,1,2,0,7,8,2.1972245773362196,1,2,3,1,8,8,2.1972245773362196,1,2,3,1,8,7,2.0794415416798357,0,1,2,0,7,5,1.791759469228055,0,2,0,5,5,1,8,233.0
4,1.6094379124341003,1,1,4,4,4,3,1.3862943611198906,0,0,3,3,3,5,1.791759469228055,0,2,0,5,5,2,1.0986122886681098,1,2,2,2,2,3,1.3862943611198906,0,0,3,3,3,2,1.0986122886681098,1,2,2,2,2,12,2.5649493574615367,1,0,2,5,2,7,2.0794415416798357,0,1,2,0,7,2,1.0986122886681098,1,2,2,2,2,2,1.0986122886681098,1,2,2,2,2,1,18,119.0
8,2.1972245773362196,1,2,3,1,8,6,1.9459101490553132,1,0,1,6,6,11,2.4849066497880004,0,2,1,4,1,6,1.9459101490553132,1,0,1,6,6,7,2.0794415416798357,0,1,2,0,7,3,1.3862943611198906,0,0,3,3,3,8,2.1972245773362196,1,2,3,1,8,1,0.6931471805599453,0,1,1,1,1,6,1.9459101490553132,1,0,1,6,6,1,0.6931471805599453,0,1,1,1,1,1,24,6257.0
6,1.9459101490553132,1,0,1,6,6,8,2.1972245773362196,1,2,3,1,8,12,2.5649493574615367,1,0,2,5,2,6,1.9459101490553132,1,0,1,6,6,7,2.0794415416798357,0,1,2,0,7,11,2.4849066497880004,0,2,1,4,1,12,2.5649493574615367,1,0,2,5,2,2,1.0986122886681098,1,2,2,2,2,4,1.6094379124341003,1,1,4,4,4,5,1.791759469228055,0,2,0,5,5,1,15,39.0
12,2.5649493574615367,1,0,2,5,2,2,1.0986122886681098,1,2,2,2,2,5,1.791759469228055,0,2,0,5,5,1,0.6931471805599453,0,1,1,1,1,3,1.3862943611198906,0,0,3,3,3,1,0.6931471805599453,0,1,1,1,1,7,2.0794415416798357,0,1,2,0,7,1,0.6931471805599453,0,1,1,1,1,3,1.3862943611198906,0,0,3,3,3,2,1.0986122886681098,1,2,2,2,2,1,30,39.0
8,2.1972245773362196,1,2,3,1,8,2,1.0986122886681098,1,2,2,2,2,12,2.5649493574615367,1,0,2,5,2,1,0.6931471805599453,0,1,1,1,1,5,1.791759469228055,0,2,0,5,5,1,0.6931471805599453,0,1,1,1,1,6,1.9459101490553132,1,0,1,6,6,8,2.1972245773362196,1,2,3,1,8,2,1.0986122886681098,1,2,2,2,2,8,2.1972245773362196,1,2,3,1,8,1,32,64.0
12,2.5649493574615367,1,0,2,5,2,2,1.0986122886681098,1,2,2,2,2,6,1.9459101490553132,1,0,1,6,6,5,1.791759469228055,0,2,0,5,5,12,2.5649493574615367,1,0,2,5,2,4,1.6094379124341003,1,1,4,4,4,5,1.791759469228055,0,2,0,5,5,4,1.6094379124341003,1,1,4,4,4,8,2.1972245773362196,1,2,3,1,8,1,0.6931471805599453,0,1,1,1,1,1,26,1001.0
7,2.0794415416798357,0,1,2,0,7,2,1.0986122886681098,1,2,2,2,2,7,2.0794415416798357,0,1,2,0,7,9,2.302585092994046,0,0,4,2,9,10,2.3978952727983707,1,1,0,3,0,1,0.6931471805599453,0,1,1,1,1,2,1.0986122886681098,1,2,2,2,2,2,1.0986122886681098,1,2,2,2,2,4,1.6094379124341003,1,1,4,4,4,6,1.9459101490553132,1,0,1,6,6,1,22,527.0
12,2.5649493574615367,1,0,2,5,2,8,2.1972245773362196,1,2,3,1,8,11,2.4849066497880004,0,2,1,4,1,1,0.6931471805599453,0,1,1,1,1,6,1.9459101490553132,1,0,1,6,6,1,0.6931471805599453,0,1,1,1,1,4,1.6094379124341003,1,1,4,4,4,4,1.6094379124341003,1,1,4,4,4,4,1.6094379124341003,1,1,4,4,4,4,1.6094379124341003,1,1,4,4,4,1,32,184.0
12,2.5649493574615367,1,0,2,5,2,8,2.1972245773362196,1,2,3,1,8,12,2.5649493574615367,1,0,2,5,2,6,1.9459101490553132,1,0,1,6,6,9,2.302585092994046,0,0,4,2,9,1,0.6931471805599453,0,1,1,1,1,3,1.3862943611198906,0,0,3,3,3,8,2.1972245773362196,1,2,3,1,8,6,1.9459101490553132,1,0,1,6,6,7,2.0794415416798357,0,1,2,0,7,1,21,38.0
4,1.6094379124341003,1,1,4,4,4,5,1.791759469228055,0,2,0,5,5,6,1.9459101490553132,1,0,1,6,6,1,0.6931471805599453,0,1,1,1,1,4,1.6094379124341003,1,1,4,4,4,1,0.6931471805599453,0,1,1,1,1,6,1.9459101490553132,1,0,1,6,6,8,2.1972245773362196,1,2,3,1,8,1,0.6931471805599453,0,1,1,1,1,8,2.1972245773362196,1,2,3,1,8,1,31,15.0
6,1.9459101490553132,1,0,1,6,6,2,1.0986122886681098,1,2,2,2,2,3,1.3862943611198906,0,0,3,3,3,2,1.0986122886681098,1,2,2,2,2,3,1.3862943611198906,0,0,3,3,3,1,0.6931471805599453,0,1,1,1,1,9,2.302585092994046,0,0,4,2,9,1,0.6931471805599453,0,1,1,1,1,4,1.6094379124341003,1,1,4,4,4,3,1.3862943611198906,0,0,3,3,3,1,31,89.0
10,2.3978952727983707,1,1,0,3,0,8,2.1972245773362196,1,2,3,1,8,10,2.3978952727983707,1,1,0,3,0,7,2.0794415416798357,0,1,2,0,7,10,2.3978952727983707,1,1,0,3,0,2,1.0986122886681098,1,2,2,2,2,9,2.302585092994046,0,0,4,2,9,3,1.3862943611198906,0,0,3,3,3,7,2.0794415416798357,0,1,2,0,7,7,2.0794415416798357,0,1,2,0,7,1,11,1009.0
6,1.9459101490553132,1,0,1,6,6,7,2.0794415416798357,0,1,2,0,7,9,2.302585092994046,0,0,4,2,9,1,0.6931471805599453,0,1,1,1,1,9,2.302585092994046,0,0,4,2,9,2,1.0986122886681098,1,2,2,2,2,7,2.0794415416798357,0,1,2,0,7,1,0.6931471805599453,0,1,1,1,1,6,1.9459101490553132,1,0,1,6,6,4,1.6094379124341003,1,1,4,4,4,1,23,37.0
11,2.4849066497880004,0,2,1,4,1,1,0.6931471805599453,0,1,1,1,1,3,1.3862943611198906,0,0,3,3,3,2,1.0986122886681098,1,2,2,2,2,10,2.3978952727983707,1,1,0,3,0,4,1.6094379124341003,1,1,4,4,4,6,1.9459101490553132,1,0,1,6,6,3,1.3862943611198906,0,0,3,3,3,3,1.3862943611198906,0,0,3,3,3,2,1.0986122886681098,1,2,2,2,2,1,22,13.0
3,1.3862943611198906,0,0,3,3,3,7,2.0794415416798357,0,1,2,0,7,9,2.302585092994046,0,0,4,2,9,2,1.0986122886681098,1,2,2,2,2,3,1.3862943611198906,0,0,3,3,3,5,1.791759469228055,0,2,0,5,5,6,1.9459101490553132,1,0,1,6,6,3,1.3862943611198906,0,0,3,3,3,1,0.6931471805599453,0,1,1,1,1,4,1.6094379124341003,1,1,4,4,4,1,20,125.0
2,1.0986122886681098,1,2,2,2,2,1,0.6931471805599453,0,1,1,1,1,5,1.791759469228055,0,2,0,5,5,1,0.6931471805599453,0,1,1,1,1,3,1.3862943611198906,0,0,3,3,3,1,0.6931471805599453,0,1,1,1,1,3,1.3862943611198906,0,0,3,3,3,2,1.0986122886681098,1,2,2,2,2,1,0.6931471805599453,0,1,1,1,1,7,2.0794415416798357,0,1,2,0,7,1,32,19.0
5,1.791759469228055,0,2,0,5,5,5,1.791759469228055,0,2,0,5,5,11,2.4849066497880004,0,2,1,4,1,2,1.0986122886681098,1,2,2,2,2,3,1.3862943611198906,0,0,3,3,3,8,2.1972245773362196,1,2,3,1,8,10,2.3978952727983707,1,1,0,3,0,8,2.1972245773362196,1,2,3,1,8,7,2.0794415416798357,0,1,2,0,7,6,1.9459101490553132,1,0,1,6,6,1,9,965.0
5,1.791759469228055,0,2,0,5,5,1,0.6931471805599453,0,1,1,1,1,2,1.0986122886681098,1,2,2,2,2,1,0.6931471805599453,0,1,1,1,1,2,1.0986122886681098,1,2,2,2,2,4,1.6094379124341003,1,1,4,4,4,7,2.0794415416798357,0,1,2,0,7,4,1.6094379124341003,1,1,4,4,4,3,1.3862943611198906,0,0,3,3,3,7,2.0794415416798357,0,1,2,0,7,1,24,33.0
8,2.1972245773362196,1,2,3,1,8,1,0.6931471805599453,0,1,1,1,1,12,2.5649493574615367,1,0,2,5,2,2,1.0986122886681098,1,2,2,2,2,3,1.3862943611198906,0,0,3,3,3,8,2.1972245773362196,1,2,3,1,8,9,2.302585092994046,0,0,4,2,9,8,2.1972245773362196,1,2,3,1,8,8,2.1972245773362196,1,2,3,1,8,7,2.0794415416798357,0,1,2,0,7,1,22,989.0
6,1.9459101490553132,1,0,1,6,6,6,1.9459101490553132,1,0,1,6,6,12,2.5649493574615367,1,0,2,5,2,10,2.3978952727983707,1,1,0,3,0,11,2.4849066497880004,0,2,1,4,1,3,1.3862943611198906,0,0,3,3,3,12,2.5649493574615367,1,0,2,5,2,3,1.3862943611198906,0,0,3,3,3,5,1.791759469228055,0,2,0,5,5,3,1.3862943611198906,0,0,3,3,3,1,22,74.0
5,1.791759469228055,0,2,0,5,5,2,1.0986122886681098,1,2,2,2,2,5,1.791759469228055,0,2,0,5,5,2,1.0986122886681098,1,2,2,2,2,6,1.9459101490553132,1,0,1,6,6,1,0.6931471805599453,0,1,1,1,1,5,1.791759469228055,0,2,0,5,5,1,0.6931471805599453,0,1,1,1,1,2,1.0986122886681098,1,2,2,2,2,2,1.0986122886681098,1,2,2,2,2,1,30,13.0
12,2.5649493574615367,1,0,2,5,2,1,0.6931471805599453,0,1,1,1,1,3,1.3862943611198906,0,0,3,3,3,2,1.0986122886681098,1,2,2,2,2,3,1.3862943611198906,0,0,3,3,3,2,1.0986122886681098,1,2,2,2,2,5,1.791759469228055,0,2,0,5,5,4,1.6094379124341003,1,1,4,4,4,7,2.0794415416798357,0,1,2,0,7,7,2.0794415416798357,0,1,2,0,7,1,19,46.0
12,2.5649493574615367,1,0,2,5,2,2,1.0986122886681098,1,2,2,2,2,8,2.1972245773362196,1,2,3,1,8,7,2.0794415416798357,0,1,2,0,7,10,2.3978952727983707,1,1,0,3,0,5,1.791759469228055,0,2,0,5,5,9,2.302585092994046,0,0,4,2,9,8,2.1972245773362196,1,2,3,1,8,7,2.0794415416798357,0,1,2,0,7,3,1.3862943611198906,0,0,3,3,3,1,9,154.0
10,2.3978952727983707,1,1,0,3,0,1,0.6931471805599453,0,1,1,1,1,3,1.3862943611198906,0,0,3,3,3,9,2.302585092994046,0,0,4,2,9,10,2.3978952727983707,1,1,0,3,0,11,2.4849066497880004,0,2,1,4,1,12,2.5649493574615367,1,0,2,5,2,3,1.3862943611198906,0,0,3,3,3,3,1.3862943611198906,0,0,3,3,3,5,1.791759469228055,0,2,0,5,5,1,21,521.0
4,1.6094379124341003,1,1,4,4,4,1,0.6931471805599453,0,1,1,1,1,3,1.3862943611198906,0,0,3,3,3,11,2.4849066497880004,0,2,1,4,1,12,2.5649493574615367,1,0,2,5,2,2,1.0986122886681098,1,2,2,2,2,6,1.9459101490553132,1,0,1,6,6,4,1.6094379124341003,1,1,4,4,4,3,1.3862943611198906,0,0,3,3,3,2,1.0986122886681098,1,2,2,2,2,1,27,23.0
8,2.1972245773362196,1,2,3,1,8,1,0.6931471805599453,0,1,1,1,1,2,1.0986122886681098,1,2,2,2,2,9,2.302585092994046,0,0,4,2,9,12,2.5649493574615367,1,0,2,5,2,2,1.0986122886681098,1,2,2,2,2,9,2.302585092994046,0,0,4,2,9,6,1.9459101490553132,1,0,1,6,6,7,2.0794415416798357,0,1,2,0,7,8,2.1972245773362196,1,2,3,1,8,1,21,103.0
4,1.6094379124341003,1,1,4,4,4,4,1.6094379124341003,1,1,4,4,4,9,2.302585092994046,0,0,4,2,9,2,1.0986122886681098,1,2,2,2,2,5,1.791759469228055,0,2,0,5,5,6,1.9459101490553132,1,0,1,6,6,9,2.302585092994046,0,0,4,2,9,2,1.0986122886681098,1,2,2,2,2,2,1.0986122886681098,1,2,2,2,2,7,2.0794415416798357,0,1,2,0,7,1,14,92.0
11,2.4849066497880004,0,2,1,4,1,5,1.791759469228055,0,2,0,5,5,10,2.3978952727983707,1,1,0,3,0,1,0.6931471805599453,0,1,1,1,1,4,1.6094379124341003,1,1,4,4,4,4,1.6094379124341003,1,1,4,4,4,7,2.0794415416798357,0,1,2,0,7,7,2.0794415416798357,0,1,2,0,7,4,1.6094379124341003,1,1,4,4,4,5,1.791759469228055,0,2,0,5,5,1,16,221.0
9,2.302585092994046,0,0,4,2,9,2,1.0986122886681098,1,2,2,2,2,7,2.0794415416798357,0,1,2,0,7,4,1.6094379124341003,1,1,4,4,4,10,2.3978952727983707,1,1,0,3,0,2,1.0986122886681098,1,2,2,2,2,6,1.9459101490553132,1,0,1,6,6,2,1.0986122886681098,1,2,2,2,2,4,1.6094379124341003,1,1,4,4,4,4,1.6094379124341003,1,1,4,4,4,1,21,152.0
3,1.3862943611198906,0,0,3,3,3,1,0.6931471805599453,0,1,1,1,1,6,1.9459101490553132,1,0,1,6,6,2,1.0986122886681098,1,2,2,2,2,11,2.4849066497880004,0,2,1,4,1,4,1.6094379124341003,1,1,4,4,4,7,2.0794415416798357,0,1,2,0,7,1,0.6931471805599453,0,1,1,1,1,4,1.6094379124341003,1,1,4,4,4,7,2.0794415416798357,0,1,2,0,7,1,23,3763.0
7,2.0794415416798357,0,1,2,0,7,3,1.3862943611198906,0,0,3,3,3,4,1.6094379124341003,1,1,4,4,4,1,0.6931471805599453,0,1,1,1,1,2,1.0986122886681098,1,2,2,2,2,2,1.0986122886681098,1,2,2,2,2,12,2.5649493574615367,1,0,2,5,2,8,2.1972245773362196,1,2,3,1,8,6,1.9459101490553132,1,0,1,6,6,1,0.6931471805599453,0,1,1,1,1,1,31,169.0
9,2.302585092994046,0,0,4,2,9,4,1.6094379124341003,1,1,4,4,4,5,1.791759469228055,0,2,0,5,5,1,0.6931471805599453,0,1,1,1,1,3,1.3862943611198906,0,0,3,3,3,1,0.6931471805599453,0,1,1,1,1,8,2.1972245773362196,1,2,3,1,8,1,0.6931471805599453,0,1,1,1,1,2,1.0986122886681098,1,2,2,2,2,4,1.6094379124341003,1,1,4,4,4,1,31,1061.0
6,1.9459101490553132,1,0,1,6,6,3,1.3862943611198906,0,0,3,3,3,5,1.791759469228055,0,2,0,5,5,10,2.3978952727983707,1,1,0,3,0,12,2.5649493574615367,1,0,2,5,2,2,1.0986122886681098,1,2,2,2,2,12,2.5649493574615367,1,0,2,5,2,3,1.3862943611198906,0,0,3,3,3,1,0.6931471805599453,0,1,1,1,1,2,1.0986122886681098,1,2,2,2,2,1,29,259.0
8,2.1972245773362196,1,2,3,1,8,9,2.302585092994046,0,0,4,2,9,10,2.3978952727983707,1,1,0,3,0,4,1.6094379124341003,1,1,4,4,4,9,2.302585092994046,0,0,4,2,9,3,1.3862943611198906,0,0,3,3,3,5,1.791759469228055,0,2,0,5,5,5,1.791759469228055,0,2,0,5,5,5,1.791759469228055,0,2,0,5,5,8,2.1972245773362196,1,2,3,1,8,1,12,2293.0
4,1.6094379124341003,1,1,4,4,4,1,0.6931471805599453,0,1,1,1,1,11,2.4849066497880004,0,2,1,4,1,1,0.6931471805599453,0,1,1,1,1,3,1.3862943611198906,0,0,3,3,3,1,0.6931471805599453,0,1,1,1,1,7,2.0794415416798357,0,1,2,0,7,6,1.9459101490553132,1,0,1,6,6,1,0.6931471805599453,0,1,1,1,1,5,1.791759469228055,0,2,0,5,5,1,31,119.0
11,2.4849066497880004,0,2,1,4,1,3,1.3862943611198906,0,0,3,3,3,8,2.1972245773362196,1,2,3,1,8,3,1.3862943611198906,0,0,3,3,3,5,1.791759469228055,0,2,0,5,5,1,0.6931471805599453,0,1,1,1,1,8,2.1972245773362196,1,2,3,1,8,4,1.6094379124341003,1,1,4,4,4,2,1.0986122886681098,1,2,2,2,2,1,0.6931471805599453,0,1,1,1,1,1,24,55.0
5,1.791759469228055,0,2,0,5,5,1,0.6931471805599453,0,1,1,1,1,2,1.0986122886681098,1,2,2,2,2,2,1.0986122886681098,1,2,2,2,2,3,1.3862943611198906,0,0,3,3,3,6,1.9459101490553132,1,0,1,6,6,11,2.4849066497880004,0,2,1,4,1,6,1.9459101490553132,1,0,1,6,6,7,2.0794415416798357,0,1,2,0,7,4,1.6094379124341003,1,1,4,4,4,1,19,1403.0
6,1.9459101490553132,1,0,1,6,6,2,1.0986122886681098,1,2,2,2,2,10,2.3978952727983707,1,1,0,3,0,6,1.9459101490553132,1,0,1,6,6,9,2.302585092994046,0,0,4,2,9,1,0.6931471805599453,0,1,1,1,1,2,1.0986122886681098,1,2,2,2,2,8,2.1972245773362196,1,2,3,1,8,3,1.3862943611198906,0,0,3,3,3,1,0.6931471805599453,0,1,1,1,1,1,30,143.0
6,1.9459101490553132,1,0,1,6,6,5,1.791759469228055,0,2,0,5,5,10,2.3978952727983707,1,1,0,3,0,9,2.302585092994046,0,0,4,2,9,10,2.3978952727983707,1,1,0,3,0,3,1.3862943611198906,0,0,3,3,3,12,2.5649493574615367,1,0,2,5,2,1,0.6931471805599453,0,1,1,1,1,7,2.0794415416798357,0,1,2,0,7,6,1.9459101490553132,1,0,1,6,6,1,19,42.0
7,2.0794415416798357,0,1,2,0,7,5,1.791759469228055,0,2,0,5,5,9,2.302585092994046,0,0,4,2,9,2,1.0986122886681098,1,2,2,2,2,7,2.0794415416798357,0,1,2,0,7,4,1.6094379124341003,1,1,4,4,4,11,2.4849066497880004,0,2,1,4,1,6,1.9459101490553132,1,0,1,6,6,4,1.6094379124341003,1,1,4,4,4,6,1.9459101490553132,1,0,1,6,6,1,7,5066.0
10,2.3978952727983707,1,1,0,3,0,1,0.6931471805599453,0,1,1,1,1,6,1.9459101490553132,1,0,1,6,6,8,2.1972245773362196,1,2,3,1,8,9,2.302585092994046,0,0,4,2,9,1,0.6931471805599453,0,1,1,1,1,2,1.0986122886681098,1,2,2,2,2,1,0.6931471805599453,0,1,1,1,1,5,1.791759469228055,0,2,0,5,5,4,1.6094379124341003,1,1,4,4,4,1,30,197.0
11,2.4849066497880004,0,2,1,4,1,4,1.6094379124341003,1,1,4,4,4,11,2.4849066497880004,0,2,1,4,1,2,1.0986122886681098,1,2,2,2,2,10,2.3978952727983707,1,1,0,3,0,1,0.6931471805599453,0,1,1,1,1,9,2.302585092994046,0,0,4,2,9,4,1.6094379124341003,1,1,4,4,4,5,1.791759469228055,0,2,0,5,5,7,2.0794415416798357,0,1,2,0,7,1,15,263.0
12,2.5649493574615367,1,0,2,5,2,11,2.4849066497880004,0,2,1,4,1,12,2.5649493574615367,1,0,2,5,2,2,1.0986122886681098,1,2,2,2,2,7,2.0794415416798357,0,1,2,0,7,2,1.0986122886681098,1,2,2,2,2,3,1.3862943611198906,0,0,3,3,3,7,2.0794415416798357,0,1,2,0,7,3,1.3862943611198906,0,0,3,3,3,8,2.1972245773362196,1,2,3,1,8,1,14,645.0
7,2.0794415416798357,0,1,2,0,7,4,1.6094379124341003,1,1,4,4,4,7,2.0794415416798357,0,1,2,0,7,3,1.3862943611198906,0,0,3,3,3,6,1.9459101490553132,1,0,1,6,6,1,0.6931471805599453,0,1,1,1,1,12,2.5649493574615367,1,0,2,5,2,3,1.3862943611198906,0,0,3,3,3,7,2.0794415416798357,0,1,2,0,7,8,2.1972245773362196,1,2,3,1,8,1,20,355.0
3,1.3862943611198906,0,0,3,3,3,5,1.791759469228055,0,2,0,5,5,10,2.3978952727983707,1,1,0,3,0,9,2.302585092994046,0,0,4,2,9,11,2.4849066497880004,0,2,1,4,1,5,1.791759469228055,0,2,0,5,5,10,2.3978952727983707,1,1,0,3,0,2,1.0986122886681098,1,2,2,2,2,6,1.9459101490553132,1,0,1,6,6,4,1.6094379124341003,1,1,4,4,4,1,12,175.0
5,1.791759469228055,0,2,0,5,5,1,0.6931471805599453,0,1,1,1,1,3,1.3862943611198906,0,0,3,3,3,1,0.6931471805599453,0,1,1,1,1,2,1.0986122886681098,1,2,2,2,2,1,0.6931471805599453,0,1,1,1,1,2,1.0986122886681098,1,2,2,2,2,8,2.1972245773362196,1,2,3,1,8,4,1.6094379124341003,1,1,4,4,4,5,1.791759469228055,0,2,0,5,5,1,31,35.0
12,2.5649493574615367,1,0,2,5,2,3,1.3862943611198906,0,0,3,3,3,8,2.1972245773362196,1,2,3,1,8,3,1.3862943611198906,0,0,3,3,3,7,2.0794415416798357,0,1,2,0,7,7,2.0794415416798357,0,1,2,0,7,8,2.1972245773362196,1,2,3,1,8,8,2.1972245773362196,1,2,3,1,8,4,1.6094379124341003,1,1,4,4,4,2,1.0986122886681098,1,2,2,2,2,1,16,533.0
7,2.0794415416798357,0,1,2,0,7,3,1.3862943611198906,0,0,3,3,3,6,1.9459101490553132,1,0,1,6,6,2,1.0986122886681098,1,2,2,2,2,12,2.5649493574615367,1,0,2,5,2,5,1.791759469228055,0,2,0,5,5,10,2.3978952727983707,1,1,0,3,0,1,0.6931471805599453,0,1,1,1,1,5,1.791759469228055,0,2,0,5,5,6,1.9459101490553132,1,0,1,6,6,1,22,35.0
8,2.1972245773362196,1,2,3,1,8,5,1.791759469228055,0,2,0,5,5,7,2.0794415416798357,0,1,2,0,7,1,0.6931471805599453,0,1,1,1,1,3,1.3862943611198906,0,0,3,3,3,3,1.3862943611198906,0,0,3,3,3,12,2.5649493574615367,1,0,2,5,2,5,1.791759469228055,0,2,0,5,5,8,2.1972245773362196,1,2,3,1,8,7,2.0794415416798357,0,1,2,0,7,1,15,559.0
9,2.302585092994046,0,0,4,2,9,4,1.6094379124341003,1,1,4,4,4,11,2.4849066497880004,0,2,1,4,1,1,0.6931471805599453,0,1,1,1,1,3,1.3862943611198906,0,0,3,3,3,8,2.1972245773362196,1,2,3,1,8,12,2.5649493574615367,1,0,2,5,2,2,1.0986122886681098,1,2,2,2,2,4,1.6094379124341003,1,1,4,4,4,3,1.3862943611198906,0,0,3,3,3,1,23,337.0
9,2.302585092994046,0,0,4,2,9,8,2.1972245773362196,1,2,3,1,8,11,2.4849066497880004,0,2,1,4,1,1,0.6931471805599453,0,1,1,1,1,9,2.302585092994046,0,0,4,2,9,1,0.6931471805599453,0,1,1,1,1,4,1.6094379124341003,1,1,4,4,4,7,2.0794415416798357,0,1,2,0,7,7,2.0794415416798357,0,1,2,0,7,8,2.1972245773362196,1,2,3,1,8,1,22,1193.0
8,2.1972245773362196,1,2,3,1,8,2,1.0986122886681098,1,2,2,2,2,9,2.302585092994046,0,0,4,2,9,4,1.6094379124341003,1,1,4,4,4,12,2.5649493574615367,1,0,2,5,2,10,2.3978952727983707,1,1,0,3,0,12,2.5649493574615367,1,0,2,5,2,1,0.6931471805599453,0,1,1,1,1,7,2.0794415416798357,0,1,2,0,7,3,1.3862943611198906,0,0,3,3,3,1,21,55.0
6,1.9459101490553132,1,0,1,6,6,1,0.6931471805599453,0,1,1,1,1,2,1.0986122886681098,1,2,2,2,2,1,0.6931471805599453,0,1,1,1,1,12,2.5649493574615367,1,0,2,5,2,9,2.302585092994046,0,0,4,2,9,10,2.3978952727983707,1,1,0,3,0,5,1.791759469228055,0,2,0,5,5,7,2.0794415416798357,0,1,2,0,7,4,1.6094379124341003,1,1,4,4,4,1,24,381.0
10,2.3978952727983707,1,1,0,3,0,1,0.6931471805599453,0,1,1,1,1,2,1.0986122886681098,1,2,2,2,2,3,1.3862943611198906,0,0,3,3,3,4,1.6094379124341003,1,1,4,4,4,1,0.6931471805599453,0,1,1,1,1,10,2.3978952727983707,1,1,0,3,0,3,1.3862943611198906,0,0,3,3,3,5,1.791759469228055,0,2,0,5,5,1,0.6931471805599453,0,1,1,1,1,1,31,22.0
4,1.6094379124341003,1,1,4,4,4,1,0.6931471805599453,0,1,1,1,1,5,1.791759469228055,0,2,0,5,5,5,1.791759469228055,0,2,0,5,5,12,2.5649493574615367,1,0,2,5,2,5,1.791759469228055,0,2,0,5,5,12,2.5649493574615367,1,0,2,5,2,3,1.3862943611198906,0,0,3,3,3,7,2.0794415416798357,0,1,2,0,7,6,1.9459101490553132,1,0,1,6,6,1,20,751.0
4,1.6094379124341003,1,1,4,4,4,6,1.9459101490553132,1,0,1,6,6,8,2.1972245773362196,1,2,3,1,8,2,1.0986122886681098,1,2,2,2,2,10,2.3978952727983707,1,1,0,3,0,2,1.0986122886681098,1,2,2,2,2,4,1.6094379124341003,1,1,4,4,4,5,1.791759469228055,0,2,0,5,5,8,2.1972245773362196,1,2,3,1,8,1,0.6931471805599453,0,1,1,1,1,1,29,329.0
8,2.1972245773362196,1,2,3,1,8,3,1.3862943611198906,0,0,3,3,3,5,1.791759469228055,0,2,0,5,5,2,1.0986122886681098,1,2,2,2,2,3,1.3862943611198906,0,0,3,3,3,2,1.0986122886681098,1,2,2,2,2,10,2.3978952727983707,1,1,0,3,0,1,0.6931471805599453,0,1,1,1,1,3,1.3862943611198906,0,0,3,3,3,2,1.0986122886681098,1,2,2,2,2,1,22,39.0
6,1.9459101490553132,1,0,1,6,6,4,1.6094379124341003,1,1,4,4,4,12,2.5649493574615367,1,0,2,5,2,8,2.1972245773362196,1,2,3,1,8,9,2.302585092994046,0,0,4,2,9,1,0.6931471805599453,0,1,1,1,1,10,2.3978952727983707,1,1,0,3,0,8,2.1972245773362196,1,2,3,1,8,4,1.6094379124341003,1,1,4,4,4,3,1.3862943611198906,0,0,3,3,3,1,21,689.0
10,2.3978952727983707,1,1,0,3,0,6,1.9459101490553132,1,0,1,6,6,8,2.1972245773362196,1,2,3,1,8,2,1.0986122886681098,1,2,2,2,2,3,1.3862943611198906,0,0,3,3,3,1,0.6931471805599453,0,1,1,1,1,3,1.3862943611198906,0,0,3,3,3,2,1.0986122886681098,1,2,2,2,2,8,2.1972245773362196,1,2,3,1,8,7,2.0794415416798357,0,1,2,0,7,1,22,271.0
3,1.3862943611198906,0,0,3,3,3,1,0.6931471805599453,0,1,1,1,1,5,1.791759469228055,0,2,0,5,5,4,1.6094379124341003,1,1,4,4,4,6,1.9459101490553132,1,0,1,6,6,1,0.6931471805599453,0,1,1,1,1,7,2.0794415416798357,0,1,2,0,7,3,1.3862943611198906,0,0,3,3,3,4,1.6094379124341003,1,1,4,4,4,8,2.1972245773362196,1,2,3,1,8,1,23,191.0
4,1.6094379124341003,1,1,4,4,4,4,1.6094379124341003,1,1,4,4,4,10,2.3978952727983707,1,1,0,3,0,8,2.1972245773362196,1,2,3,1,8,9,2.302585092994046,0,0,4,2,9,3,1.3862943611198906,0,0,3,3,3,6,1.9459101490553132,1,0,1,6,6,4,1.6094379124341003,1,1,4,4,4,5,1.791759469228055,0,2,0,5,5,2,1.0986122886681098,1,2,2,2,2,1,15,439.0
8,2.1972245773362196,1,2,3,1,8,1,0.6931471805599453,0,1,1,1,1,3,1.3862943611198906,0,0,3,3,3,2,1.0986122886681098,1,2,2,2,2,3,1.3862943611198906,0,0,3,3,3,2,1.0986122886681098,1,2,2,2,2,11,2.4849066497880004,0,2,1,4,1,1,0.6931471805599453,0,1,1,1,1,1,0.6931471805599453,0,1,1,1,1,8,2.1972245773362196,1,2,3,1,8,1,31,125.0
4,1.6094379124341003,1,1,4,4,4,4,1.6094379124341003,1,1,4,4,4,5,1.791759469228055,0,2,0,5,5,6,1.9459101490553132,1,0,1,6,6,8,2.1972245773362196,1,2,3,1,8,10,2.3978952727983707,1,1,0,3,0,12,2.5649493574615367,1,0,2,5,2,1,0.6931471805599453,0,1,1,1,1,6,1.9459101490553132,1,0,1,6,6,3,1.3862943611198906,0,0,3,3,3,1,21,541.0
3,1.3862943611198906,0,0,3,3,3,1,0.6931471805599453,0,1,1,1,1,2,1.0986122886681098,1,2,2,2,2,8,2.1972245773362196,1,2,3,1,8,11,2.4849066497880004,0,2,1,4,1,2,1.0986122886681098,1,2,2,2,2,9,2.302585092994046,0,0,4,2,9,3,1.3862943611198906,0,0,3,3,3,3,1.3862943611198906,0,0,3,3,3,2,1.0986122886681098,1,2,2,2,2,1,21,625.0
6,1.9459101490553132,1,0,1,6,6,2,1.0986122886681098,1,2,2,2,2,7,2.0794415416798357,0,1,2,0,7,2,1.0986122886681098,1,2,2,2,2,10,2.3978952727983707,1,1,0,3,0,9,2.302585092994046,0,0,4,2,9,11,2.4849066497880004,0,2,1,4,1,2,1.0986122886681098,1,2,2,2,2,4,1.6094379124341003,1,1,4,4,4,8,2.1972245773362196,1,2,3,1,8,1,16,475.0
8,2.1972245773362196,1,2,3,1,8,2,1.0986122886681098,1,2,2,2,2,5,1.791759469228055,0,2,0,5,5,4,1.6094379124341003,1,1,4,4,4,7,2.0794415416798357,0,1,2,0,7,1,0.6931471805599453,0,1,1,1,1,8,2.1972245773362196,1,2,3,1,8,5,1.791759469228055,0,2,0,5,5,3,1.3862943611198906,0,0,3,3,3,5,1.791759469228055,0,2,0,5,5,1,18,417.0
5,1.791759469228055,0,2,0,5,5,1,0.6931471805599453,0,1,1,1,1,3,1.3862943611198906,0,0,3,3,3,7,2.0794415416798357,0,1,2,0,7,10,2.3978952727983707,1,1,0,3,0,2,1.0986122886681098,1,2,2,2,2,11,2.4849066497880004,0,2,1,4,1,2,1.0986122886681098,1,2,2,2,2,4,1.6094379124341003,1,1,4,4,4,7,2.0794415416798357,0,1,2,0,7,1,16,4309.0
10,2.3978952727983707,1,1,0,3,0,1,0.6931471805599453,0,1,1,1,1,3,1.3862943611198906,0,0,3,3,3,1,0.6931471805599453,0,1,1,1,1,2,1.0986122886681098,1,2,2,2,2,1,0.6931471805599453,0,1,1,1,1,2,1.0986122886681098,1,2,2,2,2,6,1.9459101490553132,1,0,1,6,6,1,0.6931471805599453,0,1,1,1,1,5,1.791759469228055,0,2,0,5,5,1,37,13.0
3,1.3862943611198906,0,0,3,3,3,2,1.0986122886681098,1,2,2,2,2,3,1.3862943611198906,0,0,3,3,3,8,2.1972245773362196,1,2,3,1,8,12,2.5649493574615367,1,0,2,5,2,4,1.6094379124341003,1,1,4,4,4,7,2.0794415416798357,0,1,2,0,7,1,0.6931471805599453,0,1,1,1,1,6,1.9459101490553132,1,0,1,6,6,5,1.791759469228055,0,2,0,5,5,1,21,26.0
9,2.302585092994046,0,0,4,2,9,5,1.791759469228055,0,2,0,5,5,7,2.0794415416798357,0,1,2,0,7,2,1.0986122886681098,1,2,2,2,2,3,1.3862943611198906,0,0,3,3,3,4,1.6094379124341003,1,1,4,4,4,8,2.1972245773362196,1,2,3,1,8,6,1.9459101490553132,1,0,1,6,6,3,1.3862943611198906,0,0,3,3,3,1,0.6931471805599453,0,1,1,1,1,1,18,589.0
8,2.1972245773362196,1,2,3,1,8,1,0.6931471805599453,0,1,1,1,1,2,1.0986122886681098,1,2,2,2,2,7,2.0794415416798357,0,1,2,0,7,12,2.5649493574615367,1,0,2,5,2,4,1.6094379124341003,1,1,4,4,4,9,2.302585092994046,0,0,4,2,9,5,1.791759469228055,0,2,0,5,5,1,0.6931471805599453,0,1,1,1,1,7,2.0794415416798357,0,1,2,0,7,1,23,47.0
11,2.4849066497880004,0,2,1,4,1,1,0.6931471805599453,0,1,1,1,1,3,1.3862943611198906,0,0,3,3,3,4,1.6094379124341003,1,1,4,4,4,10,2.3978952727983707,1,1,0,3,0,1,0.6931471805599453,0,1,1,1,1,3,1.3862943611198906,0,0,3,3,3,8,2.1972245773362196,1,2,3,1,8,8,2.1972245773362196,1,2,3,1,8,2,1.0986122886681098,1,2,2,2,2,1,25,22.0
5,1.791759469228055,0,2,0,5,5,2,1.0986122886681098,1,2,2,2,2,3,1.3862943611198906,0,0,3,3,3,5,1.791759469228055,0,2,0,5,5,9,2.302585092994046,0,0,4,2,9,8,2.1972245773362196,1,2,3,1,8,12,2.5649493574615367,1,0,2,5,2,3,1.3862943611198906,0,0,3,3,3,5,1.791759469228055,0,2,0,5,5,3,1.3862943611198906,0,0,3,3,3,1,14,8.0
9,2.302585092994046,0,0,4,2,9,4,1.6094379124341003,1,1,4,4,4,8,2.1972245773362196,1,2,3,1,8,1,0.6931471805599453,0,1,1,1,1,2,1.0986122886681098,1,2,2,2,2,4,1.6094379124341003,1,1,4,4,4,5,1.791759469228055,0,2,0,5,5,1,0.6931471805599453,0,1,1,1,1,3,1.3862943611198906,0,0,3,3,3,8,2.1972245773362196,1,2,3,1,8,1,28,38.0
12,2.5649493574615367,1,0,2,5,2,2,1.0986122886681098,1,2,2,2,2,3,1.3862943611198906,0,0,3,3,3,2,1.0986122886681098,1,2,2,2,2,5,1.791759469228055,0,2,0,5,5,3,1.3862943611198906,0,0,3,3,3,4,1.6094379124341003,1,1,4,4,4,3,1.3862943611198906,0,0,3,3,3,5,1.791759469228055,0,2,0,5,5,2,1.0986122886681098,1,2,2,2,2,1,17,22.0
6,1.9459101490553132,1,0,1,6,6,1,0.6931471805599453,0,1,1,1,1,4,1.6094379124341003,1,1,4,4,4,2,1.0986122886681098,1,2,2,2,2,3,1.3862943611198906,0,0,3,3,3,5,1.791759469228055,0,2,0,5,5,8,2.1972245773362196,1,2,3,1,8,8,2.1972245773362196,1,2,3,1,8,6,1.9459101490553132,1,0,1,6,6,1,0.6931471805599453,0,1,1,1,1,1,28,37.0
12,2.5649493574615367,1,0,2,5,2,1,0.6931471805599453,0,1,1,1,1,8,2.1972245773362196,1,2,3,1,8,1,0.6931471805599453,0,1,1,1,1,2,1.0986122886681098,1,2,2,2,2,1,0.6931471805599453,0,1,1,1,1,5,1.791759469228055,0,2,0,5,5,5,1.791759469228055,0,2,0,5,5,1,0.6931471805599453,0,1,1,1,1,7,2.0794415416798357,0,1,2,0,7,1,33,51.0
3,1.3862943611198906,0,0,3,3,3,2,1.0986122886681098,1,2,2,2,2,3,1.3862943611198906,0,0,3,3,3,3,1.3862943611198906,0,0,3,3,3,6,1.9459101490553132,1,0,1,6,6,7,2.0794415416798357,0,1,2,0,7,12,2.5649493574615367,1,0,2,5,2,1,0.6931471805599453,0,1,1,1,1,5,1.791759469228055,0,2,0,5,5,7,2.0794415416798357,0,1,2,0,7,1,22,35.0
4,1.6094379124341003,1,1,4,4,4,1,0.6931471805599453,0,1,1,1,1,3,1.3862943611198906,0,0,3,3,3,2,1.0986122886681098,1,2,2,2,2,3,1.3862943611198906,0,0,3,3,3,4,1.6094379124341003,1,1,4,4,4,11,2.4849066497880004,0,2,1,4,1,3,1.3862943611198906,0,0,3,3,3,7,2.0794415416798357,0,1,2,0,7,4,1.6094379124341003,1,1,4,4,4,1,18,461.0
7,2.0794415416798357,0,1,2,0,7,7,2.0794415416798357,0,1,2,0,7,8,2.1972245773362196,1,2,3,1,8,8,2.1972245773362196,1,2,3,1,8,10,2.3978952727983707,1,1,0,3,0,5,1.791759469228055,0,2,0,5,5,9,2.302585092994046,0,0,4,2,9,4,1.6094379124341003,1,1,4,4,4,8,2.1972245773362196,1,2,3,1,8,6,1.9459101490553132,1,0,1,6,6,1,8,347.0
4,1.6094379124341003,1,1,4,4,4,6,1.9459101490553132,1,0,1,6,6,7,2.0794415416798357,0,1,2,0,7,1,0.6931471805599453,0,1,1,1,1,2,1.0986122886681098,1,2,2,2,2,1,0.6931471805599453,0,1,1,1,1,3,1.3862943611198906,0,0,3,3,3,3,1.3862943611198906,0,0,3,3,3,7,2.0794415416798357,0,1,2,0,7,5,1.791759469228055,0,2,0,5,5,1,23,206.0
3,1.3862943611198906,0,0,3,3,3,1,0.6931471805599453,0,1,1,1,1,6,1.9459101490553132,1,0,1,6,6,3,1.3862943611198906,0,0,3,3,3,7,2.0794415416798357,0,1,2,0,7,5,1.791759469228055,0,2,0,5,5,6,1.9459101490553132,1,0,1,6,6,8,2.1972245773362196,1,2,3,1,8,7,2.0794415416798357,0,1,2,0,7,5,1.791759469228055,0,2,0,5,5,1,17,309.0
11,2.4849066497880004,0,2,1,4,1,7,2.0794415416798357,0,1,2,0,7,12,2.5649493574615367,1,0,2,5,2,9,2.302585092994046,0,0,4,2,9,11,2.4849066497880004,0,2,1,4,1,2,1.0986122886681098,1,2,2,2,2,9,2.302585092994046,0,0,4,2,9,1,0.6931471805599453,0,1,1,1,1,8,2.1972245773362196,1,2,3,1,8,4,1.6094379124341003,1,1,4,4,4,1,16,83.0
3,1.3862943611198906,0,0,3,3,3,8,2.1972245773362196,1,2,3,1,8,11,2.4849066497880004,0,2,1,4,1,1,0.6931471805599453,0,1,1,1,1,3,1.3862943611198906,0,0,3,3,3,3,1.3862943611198906,0,0,3,3,3,11,2.4849066497880004,0,2,1,4,1,4,1.6094379124341003,1,1,4,4,4,5,1.791759469228055,0,2,0,5,5,2,1.0986122886681098,1,2,2,2,2,1,16,127.0
4,1.6094379124341003,1,1,4,4,4,2,1.0986122886681098,1,2,2,2,2,4,1.6094379124341003,1,1,4,4,4,1,0.6931471805599453,0,1,1,1,1,2,1.0986122886681098,1,2,2,2,2,8,2.1972245773362196,1,2,3,1,8,11,2.4849066497880004,0,2,1,4,1,8,2.1972245773362196,1,2,3,1,8,1,0.6931471805599453,0,1,1,1,1,3,1.3862943611198906,0,0,3,3,3,1,32,353.0
2,1.0986122886681098,1,2,2,2,2,1,0.6931471805599453,0,1,1,1,1,2,1.0986122886681098,1,2,2,2,2,10,2.3978952727983707,1,1,0,3,0,11,2.4849066497880004,0,2,1,4,1,2,1.0986122886681098,1,2,2,2,2,4,1.6094379124341003,1,1,4,4,4,8,2.1972245773362196,1,2,3,1,8,2,1.0986122886681098,1,2,2,2,2,6,1.9459101490553132,1,0,1,6,6,1,32,261.0
11,2.4849066497880004,0,2,1,4,1,5,1.791759469228055,0,2,0,5,5,11,2.4849066497880004,0,2,1,4,1,5,1.791759469228055,0,2,0,5,5,7,2.0794415416798357,0,1,2,0,7,1,0.6931471805599453,0,1,1,1,1,2,1.0986122886681098,1,2,2,2,2,7,2.0794415416798357,0,1,2,0,7,2,1.0986122886681098,1,2,2,2,2,3,1.3862943611198906,0,0,3,3,3,1,13,2451.0
10,2.3978952727983707,1,1,0,3,0,5,1.791759469228055,0,2,0,5,5,12,2.5649493574615367,1,0,2,5,2,1,0.6931471805599453,0,1,1,1,1,9,2.302585092994046,0,0,4,2,9,2,1.0986122886681098,1,2,2,2,2,4,1.6094379124341003,1,1,4,4,4,1,0.6931471805599453,0,1,1,1,1,1,0.6931471805599453,0,1,1,1,1,1,0.6931471805599453,0,1,1,1,1,1,35,73.0
7,2.0794415416798357,0,1,2,0,7,7,2.0794415416798357,0,1,2,0,7,10,2.3978952727983707,1,1,0,3,0,3,1.3862943611198906,0,0,3,3,3,6,1.9459101490553132,1,0,1,6,6,1,0.6931471805599453,0,1,1,1,1,4,1.6094379124341003,1,1,4,4,4,5,1.791759469228055,0,2,0,5,5,4,1.6094379124341003,1,1,4,4,4,1,0.6931471805599453,0,1,1,1,1,1,21,43.0
4,1.6094379124341003,1,1,4,4,4,1,0.6931471805599453,0,1,1,1,1,5,1.791759469228055,0,2,0,5,5,6,1.9459101490553132,1,0,1,6,6,12,2.5649493574615367,1,0,2,5,2,3,1.3862943611198906,0,0,3,3,3,7,2.0794415416798357,0,1,2,0,7,7,2.0794415416798357,0,1,2,0,7,8,2.1972245773362196,1,2,3,1,8,2,1.0986122886681098,1,2,2,2,2,1,19,209.0
12,2.5649493574615367,1,0,2,5,2,2,1.0986122886681098,1,2,2,2,2,3,1.3862943611198906,0,0,3,3,3,1,0.6931471805599453,0,1,1,1,1,8,2.1972245773362196,1,2,3,1,8,1,0.6931471805599453,0,1,1,1,1,2,1.0986122886681098,1,2,2,2,2,6,1.9459101490553132,1,0,1,6,6,5,1.791759469228055,0,2,0,5,5,3,1.3862943611198906,0,0,3,3,3,1,30,335.0
12,2.5649493574615367,1,0,2,5,2,2,1.0986122886681098,1,2,2,2,2,4,1.6094379124341003,1,1,4,4,4,1,0.6931471805599453,0,1,1,1,1,2,1.0986122886681098,1,2,2,2,2,1,0.6931471805599453,0,1,1,1,1,4,1.6094379124341003,1,1,4,4,4,1,0.6931471805599453,0,1,1,1,1,4,1.6094379124341003,1,1,4,4,4,2,1.0986122886681098,1,2,2,2,2,1,45,31.0
7,2.0794415416798357,0,1,2,0,7,7,2.0794415416798357,0,1,2,0,7,8,2.1972245773362196,1,2,3,1,8,2,1.0986122886681098,1,2,2,2,2,9,2.302585092994046,0,0,4,2,9,2,1.0986122886681098,1,2,2,2,2,9,2.302585092994046,0,0,4,2,9,4,1.6094379124341003,1,1,4,4,4,1,0.6931471805599453,0,1,1,1,1,3,1.3862943611198906,0,0,3,3,3,1,19,49.0
9,2.302585092994046,0,0,4,2,9,4,1.6094379124341003,1,1,4,4,4,8,2.1972245773362196,1,2,3,1,8,3,1.3862943611198906,0,0,3,3,3,7,2.0794415416798357,0,1,2,0,7,9,2.302585092994046,0,0,4,2,9,10,2.3978952727983707,1,1,0,3,0,1,0.6931471805599453,0,1,1,1,1,4,1.6094379124341003,1,1,4,4,4,4,1.6094379124341003,1,1,4,4,4,1,18,177.0
6,1.9459101490553132,1,0,1,6,6,1,0.6931471805599453,0,1,1,1,1,5,1.791759469228055,0,2,0,5,5,3,1.3862943611198906,0,0,3,3,3,4,1.6094379124341003,1,1,4,4,4,5,1.791759469228055,0,2,0,5,5,6,1.9459101490553132,1,0,1,6,6,3,1.3862943611198906,0,0,3,3,3,3,1.3862943611198906,0,0,3,3,3,5,1.791759469228055,0,2,0,5,5,1,22,73.0
11,2.4849066497880004,0,2,1,4,1,1,0.6931471805599453,0,1,1,1,1,11,2.4849066497880004,0,2,1,4,1,1,0.6931471805599453,0,1,1,1,1,2,1.0986122886681098,1,2,2,2,2,2,1.0986122886681098,1,2,2,2,2,11,2.4849066497880004,0,2,1,4,1,1,0.6931471805599453,0,1,1,1,1,1,0.6931471805599453,0,1,1,1,1,8,2.1972245773362196,1,2,3,1,8,1,36,169.0
5,1.791759469228055,0,2,0,5,5,5,1.791759469228055,0,2,0,5,5,10,2.3978952727983707,1,1,0,3,0,2,1.0986122886681098,1,2,2,2,2,5,1.791759469228055,0,2,0,5,5,1,0.6931471805599453,0,1,1,1,1,2,1.0986122886681098,1,2,2,2,2,5,1.791759469228055,0,2,0,5,5,7,2.0794415416798357,0,1,2,0,7,8,2.1972245773362196,1,2,3,1,8,1,24,207.0
3,1.3862943611198906,0,0,3,3,3,2,1.0986122886681098,1,2,2,2,2,7,2.0794415416798357,0,1,2,0,7,2,1.0986122886681098,1,2,2,2,2,8,2.1972245773362196,1,2,3,1,8,6,1.9459101490553132,1,0,1,6,6,10,2.3978952727983707,1,1,0,3,0,8,2.1972245773362196,1,2,3,1,8,4,1.6094379124341003,1,1,4,4,4,2,1.0986122886681098,1,2,2,2,2,1,22,939.0
11,2.4849066497880004,0,2,1,4,1,1,0.6931471805599453,0,1,1,1,1,2,1.0986122886681098,1,2,2,2,2,5,1.791759469228055,0,2,0,5,5,9,2.302585092994046,0,0,4,2,9,4,1.6094379124341003,1,1,4,4,4,7,2.0794415416798357,0,1,2,0,7,5,1.791759469228055,0,2,0,5,5,5,1.791759469228055,0,2,0,5,5,2,1.0986122886681098,1,2,2,2,2,1,15,1903.0
9,2.302585092994046,0,0,4,2,9,1,0.6931471805599453,0,1,1,1,1,10,2.3978952727983707,1,1,0,3,0,2,1.0986122886681098,1,2,2,2,2,4,1.6094379124341003,1,1,4,4,4,5,1.791759469228055,0,2,0,5,5,9,2.302585092994046,0,0,4,2,9,8,2.1972245773362196,1,2,3,1,8,8,2.1972245773362196,1,2,3,1,8,7,2.0794415416798357,0,1,2,0,7,1,18,179.0
6,1.9459101490553132,1,0,1,6,6,1,0.6931471805599453,0,1,1,1,1,3,1.3862943611198906,0,0,3,3,3,7,2.0794415416798357,0,1,2,0,7,10,2.3978952727983707,1,1,0,3,0,2,1.0986122886681098,1,2,2,2,2,3,1.3862943611198906,0,0,3,3,3,4,1.6094379124341003,1,1,4,4,4,5,1.791759469228055,0,2,0,5,5,5,1.791759469228055,0,2,0,5,5,1,18,529.0
2,1.0986122886681098,1,2,2,2,2,4,1.6094379124341003,1,1,4,4,4,10,2.3978952727983707,1,1,0,3,0,8,2.1972245773362196,1,2,3,1,8,9,2.302585092994046,0,0,4,2,9,7,2.0794415416798357,0,1,2,0,7,12,2.5649493574615367,1,0,2,5,2,8,2.1972245773362196,1,2,3,1,8,2,1.0986122886681098,1,2,2,2,2,2,1.0986122886681098,1,2,2,2,2,1,22,1649.0
12,2.5649493574615367,1,0,2,5,2,2,1.0986122886681098,1,2,2,2,2,3,1.3862943611198906,0,0,3,3,3,2,1.0986122886681098,1,2,2,2,2,4,1.6094379124341003,1,1,4,4,4,1,0.6931471805599453,0,1,1,1,1,8,2.1972245773362196,1,2,3,1,8,1,0.6931471805599453,0,1,1,1,1,4,1.6094379124341003,1,1,4,4,4,4,1.6094379124341003,1,1,4,4,4,1,38,251.0
2,1.0986122886681098,1,2,2,2,2,1,0.6931471805599453,0,1,1,1,1,4,1.6094379124341003,1,1,4,4,4,1,0.6931471805599453,0,1,1,1,1,6,1.9459101490553132,1,0,1,6,6,5,1.791759469228055,0,2,0,5,5,10,2.3978952727983707,1,1,0,3,0,2,1.0986122886681098,1,2,2,2,2,1,0.6931471805599453,0,1,1,1,1,8,2.1972245773362196,1,2,3,1,8,1,35,89.0
7,2.0794415416798357,0,1,2,0,7,5,1.791759469228055,0,2,0,5,5,8,2.1972245773362196,1,2,3,1,8,3,1.3862943611198906,0,0,3,3,3,11,2.4849066497880004,0,2,1,4,1,3,1.3862943611198906,0,0,3,3,3,6,1.9459101490553132,1,0,1,6,6,4,1.6094379124341003,1,1,4,4,4,6,1.9459101490553132,1,0,1,6,6,3,1.3862943611198906,0,0,3,3,3,1,11,1279.0
9,2.302585092994046,0,0,4,2,9,1,0.6931471805599453,0,1,1,1,1,6,1.9459101490553132,1,0,1,6,6,9,2.302585092994046,0,0,4,2,9,10,2.3978952727983707,1,1,0,3,0,4,1.6094379124341003,1,1,4,4,4,11,2.4849066497880004,0,2,1,4,1,5,1.791759469228055,0,2,0,5,5,5,1.791759469228055,0,2,0,5,5,1,0.6931471805599453,0,1,1,1,1,1,21,331.0
5,1.791759469228055,0,2,0,5,5,6,1.9459101490553132,1,0,1,6,6,11,2.4849066497880004,0,2,1,4,1,4,1.6094379124341003,1,1,4,4,4,5,1.791759469228055,0,2,0,5,5,1,0.6931471805599453,0,1,1,1,1,6,1.9459101490553132,1,0,1,6,6,6,1.9459101490553132,1,0,1,6,6,3,1.3862943611198906,0,0,3,3,3,8,2.1972245773362196,1,2,3,1,8,1,17,207.0
6,1.9459101490553132,1,0,1,6,6,1,0.6931471805599453,0,1,1,1,1,4,1.6094379124341003,1,1,4,4,4,1,0.6931471805599453,0,1,1,1,1,11,2.4849066497880004,0,2,1,4,1,2,1.0986122886681098,1,2,2,2,2,3,1.3862943611198906,0,0,3,3,3,5,1.791759469228055,0,2,0,5,5,6,1.9459101490553132,1,0,1,6,6,4,1.6094379124341003,1,1,4,4,4,1,25,835.0
10,2.3978952727983707,1,1,0,3,0,1,0.6931471805599453,0,1,1,1,1,2,1.0986122886681098,1,2,2,2,2,3,1.3862943611198906,0,0,3,3,3,11,2.4849066497880004,0,2,1,4,1,8,2.1972245773362196,1,2,3,1,8,9,2.302585092994046,0,0,4,2,9,6,1.9459101490553132,1,0,1,6,6,3,1.3862943611198906,0,0,3,3,3,4,1.6094379124341003,1,1,4,4,4,1,19,357.0
8,2.1972245773362196,1,2,3,1,8,4,1.6094379124341003,1,1,4,4,4,5,1.791759469228055,0,2,0,5,5,1,0.6931471805599453,0,1,1,1,1,3,1.3862943611198906,0,0,3,3,3,4,1.6094379124341003,1,1,4,4,4,5,1.791759469228055,0,2,0,5,5,6,1.9459101490553132,1,0,1,6,6,7,2.0794415416798357,0,1,2,0,7,6,1.9459101490553132,1,0,1,6,6,1,16,67.0
3,1.3862943611198906,0,0,3,3,3,8,2.1972245773362196,1,2,3,1,8,12,2.5649493574615367,1,0,2,5,2,2,1.0986122886681098,1,2,2,2,2,4,1.6094379124341003,1,1,4,4,4,3,1.3862943611198906,0,0,3,3,3,10,2.3978952727983707,1,1,0,3,0,6,1.9459101490553132,1,0,1,6,6,6,1.9459101490553132,1,0,1,6,6,2,1.0986122886681098,1,2,2,2,2,1,25,112.0
10,2.3978952727983707,1,1,0,3,0,2,1.0986122886681098,1,2,2,2,2,4,1.6094379124341003,1,1,4,4,4,7,2.0794415416798357,0,1,2,0,7,8,2.1972245773362196,1,2,3,1,8,3,1.3862943611198906,0,0,3,3,3,12,2.5649493574615367,1,0,2,5,2,6,1.9459101490553132,1,0,1,6,6,2,1.0986122886681098,1,2,2,2,2,1,0.6931471805599453,0,1,1,1,1,1,25,93.0
11,2.4849066497880004,0,2,1,4,1,1,0.6931471805599453,0,1,1,1,1,4,1.6094379124341003,1,1,4,4,4,1,0.6931471805599453,0,1,1,1,1,2,1.0986122886681098,1,2,2,2,2,3,1.3862943611198906,0,0,3,3,3,10,2.3978952727983707,1,1,0,3,0,5,1.791759469228055,0,2,0,5,5,5,1.791759469228055,0,2,0,5,5,7,2.0794415416798357,0,1,2,0,7,1,22,7.0
5,1.791759469228055,0,2,0,5,5,1,0.6931471805599453,0,1,1,1,1,2,1.0986122886681098,1,2,2,2,2,1,0.6931471805599453,0,1,1,1,1,3,1.3862943611198906,0,0,3,3,3,3,1.3862943611198906,0,0,3,3,3,8,2.1972245773362196,1,2,3,1,8,8,2.1972245773362196,1,2,3,1,8,4,1.6094379124341003,1,1,4,4,4,8,2.1972245773362196,1,2,3,1,8,1,28,107.0
8,2.1972245773362196,1,2,3,1,8,2,1.0986122886681098,1,2,2,2,2,8,2.1972245773362196,1,2,3,1,8,2,1.0986122886681098,1,2,2,2,2,3,1.3862943611198906,0,0,3,3,3,2,1.0986122886681098,1,2,2,2,2,3,1.3862943611198906,0,0,3,3,3,6,1.9459101490553132,1,0,1,6,6,1,0.6931471805599453,0,1,1,1,1,2,1.0986122886681098,1,2,2,2,2,1,31,51.0
11,2.4849066497880004,0,2,1,4,1,3,1.3862943611198906,0,0,3,3,3,7,2.0794415416798357,0,1,2,0,7,5,1.791759469228055,0,2,0,5,5,11,2.4849066497880004,0,2,1,4,1,2,1.0986122886681098,1,2,2,2,2,9,2.302585092994046,0,0,4,2,9,1,0.6931471805599453,0,1,1,1,1,2,1.0986122886681098,1,2,2,2,2,4,1.6094379124341003,1,1,4,4,4,1,14,1735.0
9,2.302585092994046,0,0,4,2,9,3,1.3862943611198906,0,0,3,3,3,10,2.3978952727983707,1,1,0,3,0,2,1.0986122886681098,1,2,2,2,2,6,1.9459101490553132,1,0,1,6,6,1,0.6931471805599453,0,1,1,1,1,10,2.3978952727983707,1,1,0,3,0,1,0.6931471805599453,0,1,1,1,1,6,1.9459101490553132,1,0,1,6,6,4,1.6094379124341003,1,1,4,4,4,1,27,221.0
9,2.302585092994046,0,0,4,2,9,4,1.6094379124341003,1,1,4,4,4,12,2.5649493574615367,1,0,2,5,2,3,1.3862943611198906,0,0,3,3,3,5,1.791759469228055,0,2,0,5,5,5,1.791759469228055,0,2,0,5,5,10,2.3978952727983707,1,1,0,3,0,2,1.0986122886681098,1,2,2,2,2,5,1.791759469228055,0,2,0,5,5,6,1.9459101490553132,1,0,1,6,6,1,15,419.0
5,1.791759469228055,0,2,0,5,5,5,1.791759469228055,0,2,0,5,5,11,2.4849066497880004,0,2,1,4,1,4,1.6094379124341003,1,1,4,4,4,10,2.3978952727983707,1,1,0,3,0,2,1.0986122886681098,1,2,2,2,2,4,1.6094379124341003,1,1,4,4,4,6,1.9459101490553132,1,0,1,6,6,1,0.6931471805599453,0,1,1,1,1,1,0.6931471805599453,0,1,1,1,1,1,25,1013.0
7,2.0794415416798357,0,1,2,0,7,4,1.6094379124341003,1,1,4,4,4,11,2.4849066497880004,0,2,1,4,1,1,0.6931471805599453,0,1,1,1,1,6,1.9459101490553132,1,0,1,6,6,5,1.791759469228055,0,2,0,5,5,10,2.3978952727983707,1,1,0,3,0,1,0.6931471805599453,0,1,1,1,1,4,1.6094379124341003,1,1,4,4,4,6,1.9459101490553132,1,0,1,6,6,1,20,307.0
8,2.1972245773362196,1,2,3,1,8,2,1.0986122886681098,1,2,2,2,2,4,1.6094379124341003,1,1,4,4,4,1,0.6931471805599453,0,1,1,1,1,2,1.0986122886681098,1,2,2,2,2,4,1.6094379124341003,1,1,4,4,4,12,2.5649493574615367,1,0,2,5,2,4,1.6094379124341003,1,1,4,4,4,6,1.9459101490553132,1,0,1,6,6,3,1.3862943611198906,0,0,3,3,3,1,34,20.0
7,2.0794415416798357,0,1,2,0,7,2,1.0986122886681098,1,2,2,2,2,3,1.3862943611198906,0,0,3,3,3,7,2.0794415416798357,0,1,2,0,7,10,2.3978952727983707,1,1,0,3,0,6,1.9459101490553132,1,0,1,6,6,12,2.5649493574615367,1,0,2,5,2,2,1.0986122886681098,1,2,2,2,2,5,1.791759469228055,0,2,0,5,5,2,1.0986122886681098,1,2,2,2,2,1,17,389.0
3,1.3862943611198906,0,0,3,3,3,6,1.9459101490553132,1,0,1,6,6,10,2.3978952727983707,1,1,0,3,0,7,2.0794415416798357,0,1,2,0,7,8,2.1972245773362196,1,2,3,1,8,8,2.1972245773362196,1,2,3,1,8,12,2.5649493574615367,1,0,2,5,2,6,1.9459101490553132,1,0,1,6,6,6,1.9459101490553132,1,0,1,6,6,7,2.0794415416798357,0,1,2,0,7,1,12,1167.0
4,1.6094379124341003,1,1,4,4,4,4,1.6094379124341003,1,1,4,4,4,10,2.3978952727983707,1,1,0,3,0,7,2.0794415416798357,0,1,2,0,7,8,2.1972245773362196,1,2,3,1,8,1,0.6931471805599453,0,1,1,1,1,4,1.6094379124341003,1,1,4,4,4,5,1.791759469228055,0,2,0,5,5,3,1.3862943611198906,0,0,3,3,3,3,1.3862943611198906,0,0,3,3,3,1,17,67.0
10,2.3978952727983707,1,1,0,3,0,4,1.6094379124341003,1,1,4,4,4,5,1.791759469228055,0,2,0,5,5,2,1.0986122886681098,1,2,2,2,2,5,1.791759469228055,0,2,0,5,5,9,2.302585092994046,0,0,4,2,9,12,2.5649493574615367,1,0,2,5,2,8,2.1972245773362196,1,2,3,1,8,1,0.6931471805599453,0,1,1,1,1,5,1.791759469228055,0,2,0,5,5,1,21,75.0
11,2.4849066497880004,0,2,1,4,1,8,2.1972245773362196,1,2,3,1,8,12,2.5649493574615367,1,0,2,5,2,7,2.0794415416798357,0,1,2,0,7,10,2.3978952727983707,1,1,0,3,0,2,1.0986122886681098,1,2,2,2,2,4,1.6094379124341003,1,1,4,4,4,6,1.9459101490553132,1,0,1,6,6,1,0.6931471805599453,0,1,1,1,1,4,1.6094379124341003,1,1,4,4,4,1,21,95.0
2,1.0986122886681098,1,2,2,2,2,5,1.791759469228055,0,2,0,5,5,8,2.1972245773362196,1,2,3,1,8,7,2.0794415416798357,0,1,2,0,7,11,2.4849066497880004,0,2,1,4,1,1,0.6931471805599453,0,1,1,1,1,4,1.6094379124341003,1,1,4,4,4,6,1.9459101490553132,1,0,1,6,6,7,2.0794415416798357,0,1,2,0,7,1,0.6931471805599453,0,1,1,1,1,1,22,647.0
5,1.791759469228055,0,2,0,5,5,3,1.3862943611198906,0,0,3,3,3,12,2.5649493574615367,1,0,2,5,2,6,1.9459101490553132,1,0,1,6,6,8,2.1972245773362196,1,2,3,1,8,2,1.0986122886681098,1,2,2,2,2,3,1.3862943611198906,0,0,3,3,3,3,1.3862943611198906,0,0,3,3,3,5,1.791759469228055,0,2,0,5,5,6,1.9459101490553132,1,0,1,6,6,1,20,101.0
7,2.0794415416798357,0,1,2,0,7,2,1.0986122886681098,1,2,2,2,2,8,2.1972245773362196,1,2,3,1,8,3,1.3862943611198906,0,0,3,3,3,8,2.1972245773362196,1,2,3,1,8,1,0.6931471805599453,0,1,1,1,1,2,1.0986122886681098,1,2,2,2,2,4,1.6094379124341003,1,1,4,4,4,3,1.3862943611198906,0,0,3,3,3,4,1.6094379124341003,1,1,4,4,4,1,25,41.0
9,2.302585092994046,0,0,4,2,9,1,0.6931471805599453,0,1,1,1,1,3,1.3862943611198906,0,0,3,3,3,1,0.6931471805599453,0,1,1,1,1,2,1.0986122886681098,1,2,2,2,2,1,0.6931471805599453,0,1,1,1,1,5,1.791759469228055,0,2,0,5,5,1,0.6931471805599453,0,1,1,1,1,5,1.791759469228055,0,2,0,5,5,4,1.6094379124341003,1,1,4,4,4,1,33,87.0
4,1.6094379124341003,1,1,4,4,4,3,1.3862943611198906,0,0,3,3,3,12,2.5649493574615367,1,0,2,5,2,1,0.6931471805599453,0,1,1,1,1,7,2.0794415416798357,0,1,2,0,7,2,1.0986122886681098,1,2,2,2,2,3,1.3862943611198906,0,0,3,3,3,4,1.6094379124341003,1,1,4,4,4,5,1.791759469228055,0,2,0,5,5,2,1.0986122886681098,1,2,2,2,2,1,22,297.0
8,2.1972245773362196,1,2,3,1,8,4,1.6094379124341003,1,1,4,4,4,6,1.9459101490553132,1,0,1,6,6,4,1.6094379124341003,1,1,4,4,4,5,1.791759469228055,0,2,0,5,5,3,1.3862943611198906,0,0,3,3,3,12,2.5649493574615367,1,0,2,5,2,8,2.1972245773362196,1,2,3,1,8,3,1.3862943611198906,0,0,3,3,3,8,2.1972245773362196,1,2,3,1,8,1,18,1493.0
10,2.3978952727983707,1,1,0,3,0,9,2.302585092994046,0,0,4,2,9,12,2.5649493574615367,1,0,2,5,2,1,0.6931471805599453,0,1,1,1,1,2,1.0986122886681098,1,2,2,2,2,5,1.791759469228055,0,2,0,5,5,7,2.0794415416798357,0,1,2,0,7,6,1.9459101490553132,1,0,1,6,6,4,1.6094379124341003,1,1,4,4,4,2,1.0986122886681098,1,2,2,2,2,1,21,247.0
5,1.791759469228055,0,2,0,5,5,1,0.6931471805599453,0,1,1,1,1,7,2.0794415416798357,0,1,2,0,7,3,1.3862943611198906,0,0,3,3,3,5,1.791759469228055,0,2,0,5,5,1,0.6931471805599453,0,1,1,1,1,11,2.4849066497880004,0,2,1,4,1,4,1.6094379124341003,1,1,4,4,4,4,1.6094379124341003,1,1,4,4,4,6,1.9459101490553132,1,0,1,6,6,1,20,391.0
8,2.1972245773362196,1,2,3,1,8,4,1.6094379124341003,1,1,4,4,4,6,1.9459101490553132,1,0,1,6,6,2,1.0986122886681098,1,2,2,2,2,3,1.3862943611198906,0,0,3,3,3,2,1.0986122886681098,1,2,2,2,2,3,1.3862943611198906,0,0,3,3,3,1,0.6931471805599453,0,1,1,1,1,5,1.791759469228055,0,2,0,5,5,3,1.3862943611198906,0,0,3,3,3,1,23,7.0
9,2.302585092994046,0,0,4,2,9,3,1.3862943611198906,0,0,3,3,3,6,1.9459101490553132,1,0,1,6,6,5,1.791759469228055,0,2,0,5,5,12,2.5649493574615367,1,0,2,5,2,2,1.0986122886681098,1,2,2,2,2,3,1.3862943611198906,0,0,3,3,3,2,1.0986122886681098,1,2,2,2,2,5,1.791759469228055,0,2,0,5,5,4,1.6094379124341003,1,1,4,4,4,1,17,41.0
7,2.0794415416798357,0,1,2,0,7,8,2.1972245773362196,1,2,3,1,8,10,2.3978952727983707,1,1,0,3,0,4,1.6094379124341003,1,1,4,4,4,6,1.9459101490553132,1,0,1,6,6,2,1.0986122886681098,1,2,2,2,2,11,2.4849066497880004,0,2,1,4,1,8,2.1972245773362196,1,2,3,1,8,6,1.9459101490553132,1,0,1,6,6,7,2.0794415416798357,0,1,2,0,7,1,11,686.0
4,1.6094379124341003,1,1,4,4,4,5,1.791759469228055,0,2,0,5,5,6,1.9459101490553132,1,0,1,6,6,7,2.0794415416798357,0,1,2,0,7,8,2.1972245773362196,1,2,3,1,8,1,0.6931471805599453,0,1,1,1,1,2,1.0986122886681098,1,2,2,2,2,1,0.6931471805599453,0,1,1,1,1,4,1.6094379124341003,1,1,4,4,4,4,1.6094379124341003,1,1,4,4,4,1,28,373.0
11,2.4849066497880004,0,2,1,4,1,6,1.9459101490553132,1,0,1,6,6,7,2.0794415416798357,0,1,2,0,7,4,1.6094379124341003,1,1,4,4,4,8,2.1972245773362196,1,2,3,1,8,7,2.0794415416798357,0,1,2,0,7,8,2.1972245773362196,1,2,3,1,8,1,0.6931471805599453,0,1,1,1,1,3,1.3862943611198906,0,0,3,3,3,4,1.6094379124341003,1,1,4,4,4,1,17,7.0
12,2.5649493574615367,1,0,2,5,2,1,0.6931471805599453,0,1,1,1,1,2,1.0986122886681098,1,2,2,2,2,8,2.1972245773362196,1,2,3,1,8,11,2.4849066497880004,0,2,1,4,1,2,1.0986122886681098,1,2,2,2,2,8,2.1972245773362196,1,2,3,1,8,7,2.0794415416798357,0,1,2,0,7,7,2.0794415416798357,0,1,2,0,7,4,1.6094379124341003,1,1,4,4,4,1,23,19.0
6,1.9459101490553132,1,0,1,6,6,1,0.6931471805599453,0,1,1,1,1,3,1.3862943611198906,0,0,3,3,3,7,2.0794415416798357,0,1,2,0,7,11,2.4849066497880004,0,2,1,4,1,2,1.0986122886681098,1,2,2,2,2,5,1.791759469228055,0,2,0,5,5,5,1.791759469228055,0,2,0,5,5,8,2.1972245773362196,1,2,3,1,8,4,1.6094379124341003,1,1,4,4,4,1,15,931.0
7,2.0794415416798357,0,1,2,0,7,2,1.0986122886681098,1,2,2,2,2,3,1.3862943611198906,0,0,3,3,3,3,1.3862943611198906,0,0,3,3,3,5,1.791759469228055,0,2,0,5,5,4,1.6094379124341003,1,1,4,4,4,7,2.0794415416798357,0,1,2,0,7,6,1.9459101490553132,1,0,1,6,6,8,2.1972245773362196,1,2,3,1,8,7,2.0794415416798357,0,1,2,0,7,1,10,139.0
2,1.0986122886681098,1,2,2,2,2,1,0.6931471805599453,0,1,1,1,1,2,1.0986122886681098,1,2,2,2,2,3,1.3862943611198906,0,0,3,3,3,9,2.302585092994046,0,0,4,2,9,10,2.3978952727983707,1,1,0,3,0,11,2.4849066497880004,0,2,1,4,1,1,0.6931471805599453,0,1,1,1,1,3,1.3862943611198906,0,0,3,3,3,2,1.0986122886681098,1,2,2,2,2,1,26,201.0
5,1.791759469228055,0,2,0,5,5,1,0.6931471805599453,0,1,1,1,1,11,2.4849066497880004,0,2,1,4,1,2,1.0986122886681098,1,2,2,2,2,4,1.6094379124341003,1,1,4,4,4,1,0.6931471805599453,0,1,1,1,1,2,1.0986122886681098,1,2,2,2,2,2,1.0986122886681098,1,2,2,2,2,1,0.6931471805599453,0,1,1,1,1,4,1.6094379124341003,1,1,4,4,4,1,34,153.0
4,1.6094379124341003,1,1,4,4,4,5,1.791759469228055,0,2,0,5,5,6,1.9459101490553132,1,0,1,6,6,2,1.0986122886681098,1,2,2,2,2,6,1.9459101490553132,1,0,1,6,6,2,1.0986122886681098,1,2,2,2,2,5,1.791759469228055,0,2,0,5,5,4,1.6094379124341003,1,1,4,4,4,5,1.791759469228055,0,2,0,5,5,7,2.0794415416798357,0,1,2,0,7,1,14,289.0
3,1.3862943611198906,0,0,3,3,3,1,0.6931471805599453,0,1,1,1,1,8,2.1972245773362196,1,2,3,1,8,1,0.6931471805599453,0,1,1,1,1,2,1.0986122886681098,1,2,2,2,2,8,2.1972245773362196,1,2,3,1,8,9,2.302585092994046,0,0,4,2,9,5,1.791759469228055,0,2,0,5,5,2,1.0986122886681098,1,2,2,2,2,3,1.3862943611198906,0,0,3,3,3,1,26,925.0
8,2.1972245773362196,1,2,3,1,8,3,1.3862943611198906,0,0,3,3,3,5,1.791759469228055,0,2,0,5,5,5,1.791759469228055,0,2,0,5,5,10,2.3978952727983707,1,1,0,3,0,5,1.791759469228055,0,2,0,5,5,6,1.9459101490553132,1,0,1,6,6,7,2.0794415416798357,0,1,2,0,7,3,1.3862943611198906,0,0,3,3,3,2,1.0986122886681098,1,2,2,2,2,1,12,107.0
2,1.0986122886681098,1,2,2,2,2,4,1.6094379124341003,1,1,4,4,4,8,2.1972245773362196,1,2,3,1,8,2,1.0986122886681098,1,2,2,2,2,4,1.6094379124341003,1,1,4,4,4,5,1.791759469228055,0,2,0,5,5,6,1.9459101490553132,1,0,1,6,6,8,2.1972245773362196,1,2,3,1,8,3,1.3862943611198906,0,0,3,3,3,1,0.6931471805599453,0,1,1,1,1,1,27,53.0
10,2.3978952727983707,1,1,0,3,0,2,1.0986122886681098,1,2,2,2,2,12,2.5649493574615367,1,0,2,5,2,1,0.6931471805599453,0,1,1,1,1,4,1.6094379124341003,1,1,4,4,4,4,1.6094379124341003,1,1,4,4,4,7,2.0794415416798357,0,1,2,0,7,6,1.9459101490553132,1,0,1,6,6,3,1.3862943611198906,0,0,3,3,3,1,0.6931471805599453,0,1,1,1,1,1,28,803.0
7,2.0794415416798357,0,1,2,0,7,2,1.0986122886681098,1,2,2,2,2,12,2.5649493574615367,1,0,2,5,2,1,0.6931471805599453,0,1,1,1,1,11,2.4849066497880004,0,2,1,4,1,7,2.0794415416798357,0,1,2,0,7,9,2.302585092994046,0,0,4,2,9,8,2.1972245773362196,1,2,3,1,8,5,1.791759469228055,0,2,0,5,5,8,2.1972245773362196,1,2,3,1,8,1,14,3115.0
11,2.4849066497880004,0,2,1,4,1,1,0.6931471805599453,0,1,1,1,1,4,1.6094379124341003,1,1,4,4,4,1,0.6931471805599453,0,1,1,1,1,10,2.3978952727983707,1,1,0,3,0,2,1.0986122886681098,1,2,2,2,2,8,2.1972245773362196,1,2,3,1,8,7,2.0794415416798357,0,1,2,0,7,7,2.0794415416798357,0,1,2,0,7,3,1.3862943611198906,0,0,3,3,3,1,22,9.0
3,1.3862943611198906,0,0,3,3,3,2,1.0986122886681098,1,2,2,2,2,5,1.791759469228055,0,2,0,5,5,9,2.302585092994046,0,0,4,2,9,12,2.5649493574615367,1,0,2,5,2,6,1.9459101490553132,1,0,1,6,6,9,2.302585092994046,0,0,4,2,9,1,0.6931471805599453,0,1,1,1,1,4,1.6094379124341003,1,1,4,4,4,3,1.3862943611198906,0,0,3,3,3,1,24,167.0
8,2.1972245773362196,1,2,3,1,8,4,1.6094379124341003,1,1,4,4,4,7,2.0794415416798357,0,1,2,0,7,5,1.791759469228055,0,2,0,5,5,6,1.9459101490553132,1,0,1,6,6,3,1.3862943611198906,0,0,3,3,3,6,1.9459101490553132,1,0,1,6,6,1,0.6931471805599453,0,1,1,1,1,8,2.1972245773362196,1,2,3,1,8,1,0.6931471805599453,0,1,1,1,1,1,23,559.0
7,2.0794415416798357,0,1,2,0,7,2,1.0986122886681098,1,2,2,2,2,4,1.6094379124341003,1,1,4,4,4,5,1.791759469228055,0,2,0,5,5,12,2.5649493574615367,1,0,2,5,2,8,2.1972245773362196,1,2,3,1,8,9,2.302585092994046,0,0,4,2,9,5,1.791759469228055,0,2,0,5,5,1,0.6931471805599453,0,1,1,1,1,7,2.0794415416798357,0,1,2,0,7,1,16,49.0
11,2.4849066497880004,0,2,1,4,1,8,2.1972245773362196,1,2,3,1,8,12,2.5649493574615367,1,0,2,5,2,2,1.0986122886681098,1,2,2,2,2,10,2.3978952727983707,1,1,0,3,0,1,0.6931471805599453,0,1,1,1,1,3,1.3862943611198906,0,0,3,3,3,1,0.6931471805599453,0,1,1,1,1,1,0.6931471805599453,0,1,1,1,1,6,1.9459101490553132,1,0,1,6,6,1,31,131.0
8,2.1972245773362196,1,2,3,1,8,11,2.4849066497880004,0,2,1,4,1,12,2.5649493574615367,1,0,2,5,2,1,0.6931471805599453,0,1,1,1,1,2,1.0986122886681098,1,2,2,2,2,1,0.6931471805599453,0,1,1,1,1,7,2.0794415416798357,0,1,2,0,7,8,2.1972245773362196,1,2,3,1,8,1,0.6931471805599453,0,1,1,1,1,7,2.0794415416798357,0,1,2,0,7,1,29,761.0
7,2.0794415416798357,0,1,2,0,7,3,1.3862943611198906,0,0,3,3,3,11,2.4849066497880004,0,2,1,4,1,8,2.1972245773362196,1,2,3,1,8,9,2.302585092994046,0,0,4,2,9,1,0.6931471805599453,0,1,1,1,1,2,1.0986122886681098,1,2,2,2,2,3,1.3862943611198906,0,0,3,3,3,6,1.9459101490553132,1,0,1,6,6,1,0.6931471805599453,0,1,1,1,1,1,24,2369.0
9,2.302585092994046,0,0,4,2,9,3,1.3862943611198906,0,0,3,3,3,4,1.6094379124341003,1,1,4,4,4,8,2.1972245773362196,1,2,3,1,8,10,2.3978952727983707,1,1,0,3,0,1,0.6931471805599453,0,1,1,1,1,3,1.3862943611198906,0,0,3,3,3,1,0.6931471805599453,0,1,1,1,1,1,0.6931471805599453,0,1,1,1,1,1,0.6931471805599453,0,1,1,1,1,1,34,173.0
2,1.0986122886681098,1,2,2,2,2,5,1.791759469228055,0,2,0,5,5,9,2.302585092994046,0,0,4,2,9,6,1.9459101490553132,1,0,1,6,6,8,2.1972245773362196,1,2,3,1,8,3,1.3862943611198906,0,0,3,3,3,4,1.6094379124341003,1,1,4,4,4,2,1.0986122886681098,1,2,2,2,2,4,1.6094379124341003,1,1,4,4,4,2,1.0986122886681098,1,2,2,2,2,1,20,77.0
9,2.302585092994046,0,0,4,2,9,2,1.0986122886681098,1,2,2,2,2,3,1.3862943611198906,0,0,3,3,3,2,1.0986122886681098,1,2,2,2,2,8,2.1972245773362196,1,2,3,1,8,4,1.6094379124341003,1,1,4,4,4,9,2.302585092994046,0,0,4,2,9,5,1.791759469228055,0,2,0,5,5,7,2.0794415416798357,0,1,2,0,7,8,2.1972245773362196,1,2,3,1,8,1,13,247.0
9,2.302585092994046,0,0,4,2,9,8,2.1972245773362196,1,2,3,1,8,9,2.302585092994046,0,0,4,2,9,10,2.3978952727983707,1,1,0,3,0,11,2.4849066497880004,0,2,1,4,1,3,1.3862943611198906,0,0,3,3,3,10,2.3978952727983707,1,1,0,3,0,7,2.0794415416798357,0,1,2,0,7,2,1.0986122886681098,1,2,2,2,2,5,1.791759469228055,0,2,0,5,5,1,9,21613.0
9,2.302585092994046,0,0,4,2,9,1,0.6931471805599453,0,1,1,1,1,2,1.0986122886681098,1,2,2,2,2,3,1.3862943611198906,0,0,3,3,3,8,2.1972245773362196,1,2,3,1,8,1,0.6931471805599453,0,1,1,1,1,5,1.791759469228055,0,2,0,5,5,5,1.791759469228055,0,2,0,5,5,1,0.6931471805599453,0,1,1,1,1,1,0.6931471805599453,0,1,1,1,1,1,33,129.0
4,1.6094379124341003,1,1,4,4,4,5,1.791759469228055,0,2,0,5,5,6,1.9459101490553132,1,0,1,6,6,6,1.9459101490553132,1,0,1,6,6,12,2.5649493574615367,1,0,2,5,2,1,0.6931471805599453,0,1,1,1,1,6,1.9459101490553132,1,0,1,6,6,4,1.6094379124341003,1,1,4,4,4,5,1.791759469228055,0,2,0,5,5,6,1.9459101490553132,1,0,1,6,6,1,23,53.0
4,1.6094379124341003,1,1,4,4,4,2,1.0986122886681098,1,2,2,2,2,6,1.9459101490553132,1,0,1,6,6,7,2.0794415416798357,0,1,2,0,7,8,2.1972245773362196,1,2,3,1,8,5,1.791759469228055,0,2,0,5,5,8,2.1972245773362196,1,2,3,1,8,1,0.6931471805599453,0,1,1,1,1,4,1.6094379124341003,1,1,4,4,4,2,1.0986122886681098,1,2,2,2,2,1,26,39.0
6,1.9459101490553132,1,0,1,6,6,4,1.6094379124341003,1,1,4,4,4,10,2.3978952727983707,1,1,0,3,0,2,1.0986122886681098,1,2,2,2,2,10,2.3978952727983707,1,1,0,3,0,1,0.6931471805599453,0,1,1,1,1,8,2.1972245773362196,1,2,3,1,8,6,1.9459101490553132,1,0,1,6,6,1,0.6931471805599453,0,1,1,1,1,4,1.6094379124341003,1,1,4,4,4,1,29,55.0
11,2.4849066497880004,0,2,1,4,1,9,2.302585092994046,0,0,4,2,9,10,2.3978952727983707,1,1,0,3,0,3,1.3862943611198906,0,0,3,3,3,8,2.1972245773362196,1,2,3,1,8,1,0.6931471805599453,0,1,1,1,1,2,1.0986122886681098,1,2,2,2,2,1,0.6931471805599453,0,1,1,1,1,7,2.0794415416798357,0,1,2,0,7,6,1.9459101490553132,1,0,1,6,6,1,22,813.0
11,2.4849066497880004,0,2,1,4,1,2,1.0986122886681098,1,2,2,2,2,9,2.302585092994046,0,0,4,2,9,1,0.6931471805599453,0,1,1,1,1,6,1.9459101490553132,1,0,1,6,6,1,0.6931471805599453,0,1,1,1,1,7,2.0794415416798357,0,1,2,0,7,6,1.9459101490553132,1,0,1,6,6,4,1.6094379124341003,1,1,4,4,4,7,2.0794415416798357,0,1,2,0,7,1,22,1013.0
6,1.9459101490553132,1,0,1,6,6,1,0.6931471805599453,0,1,1,1,1,2,1.0986122886681098,1,2,2,2,2,2,1.0986122886681098,1,2,2,2,2,3,1.3862943611198906,0,0,3,3,3,7,2.0794415416798357,0,1,2,0,7,11,2.4849066497880004,0,2,1,4,1,2,1.0986122886681098,1,2,2,2,2,2,1.0986122886681098,1,2,2,2,2,8,2.1972245773362196,1,2,3,1,8,1,24,535.0
2,1.0986122886681098,1,2,2,2,2,1,0.6931471805599453,0,1,1,1,1,2,1.0986122886681098,1,2,2,2,2,1,0.6931471805599453,0,1,1,1,1,3,1.3862943611198906,0,0,3,3,3,3,1.3862943611198906,0,0,3,3,3,8,2.1972245773362196,1,2,3,1,8,4,1.6094379124341003,1,1,4,4,4,3,1.3862943611198906,0,0,3,3,3,4,1.6094379124341003,1,1,4,4,4,1,30,259.0
10,2.3978952727983707,1,1,0,3,0,1,0.6931471805599453,0,1,1,1,1,5,1.791759469228055,0,2,0,5,5,1,0.6931471805599453,0,1,1,1,1,5,1.791759469228055,0,2,0,5,5,9,2.302585092994046,0,0,4,2,9,10,2.3978952727983707,1,1,0,3,0,6,1.9459101490553132,1,0,1,6,6,6,1.9459101490553132,1,0,1,6,6,4,1.6094379124341003,1,1,4,4,4,1,24,42.0
3,1.3862943611198906,0,0,3,3,3,2,1.0986122886681098,1,2,2,2,2,5,1.791759469228055,0,2,0,5,5,4,1.6094379124341003,1,1,4,4,4,9,2.302585092994046,0,0,4,2,9,3,1.3862943611198906,0,0,3,3,3,4,1.6094379124341003,1,1,4,4,4,8,2.1972245773362196,1,2,3,1,8,8,2.1972245773362196,1,2,3,1,8,2,1.0986122886681098,1,2,2,2,2,1,18,101.0
2,1.0986122886681098,1,2,2,2,2,2,1.0986122886681098,1,2,2,2,2,5,1.791759469228055,0,2,0,5,5,4,1.6094379124341003,1,1,4,4,4,5,1.791759469228055,0,2,0,5,5,3,1.3862943611198906,0,0,3,3,3,7,2.0794415416798357,0,1,2,0,7,1,0.6931471805599453,0,1,1,1,1,7,2.0794415416798357,0,1,2,0,7,1,0.6931471805599453,0,1,1,1,1,1,22,179.0
6,1.9459101490553132,1,0,1,6,6,3,1.3862943611198906,0,0,3,3,3,4,1.6094379124341003,1,1,4,4,4,2,1.0986122886681098,1,2,2,2,2,6,1.9459101490553132,1,0,1,6,6,2,1.0986122886681098,1,2,2,2,2,4,1.6094379124341003,1,1,4,4,4,3,1.3862943611198906,0,0,3,3,3,8,2.1972245773362196,1,2,3,1,8,1,0.6931471805599453,0,1,1,1,1,1,29,187.0
2,1.0986122886681098,1,2,2,2,2,3,1.3862943611198906,0,0,3,3,3,7,2.0794415416798357,0,1,2,0,7,1,0.6931471805599453,0,1,1,1,1,3,1.3862943611198906,0,0,3,3,3,6,1.9459101490553132,1,0,1,6,6,7,2.0794415416798357,0,1,2,0,7,6,1.9459101490553132,1,0,1,6,6,6,1.9459101490553132,1,0,1,6,6,5,1.791759469228055,0,2,0,5,5,1,23,31.0
5,1.791759469228055,0,2,0,5,5,4,1.6094379124341003,1,1,4,4,4,7,2.0794415416798357,0,1,2,0,7,1,0.6931471805599453,0,1,1,1,1,2,1.0986122886681098,1,2,2,2,2,3,1.3862943611198906,0,0,3,3,3,11,2.4849066497880004,0,2,1,4,1,4,1.6094379124341003,1,1,4,4,4,6,1.9459101490553132,1,0,1,6,6,4,1.6094379124341003,1,1,4,4,4,1,17,556.0
10,2.3978952727983707,1,1,0,3,0,11,2.4849066497880004,0,2,1,4,1,12,2.5649493574615367,1,0,2,5,2,1,0.6931471805599453,0,1,1,1,1,3,1.3862943611198906,0,0,3,3,3,5,1.791759469228055,0,2,0,5,5,8,2.1972245773362196,1,2,3,1,8,1,0.6931471805599453,0,1,1,1,1,6,1.9459101490553132,1,0,1,6,6,7,2.0794415416798357,0,1,2,0,7,1,21,503.0
10,2.3978952727983707,1,1,0,3,0,4,1.6094379124341003,1,1,4,4,4,10,2.3978952727983707,1,1,0,3,0,1,0.6931471805599453,0,1,1,1,1,5,1.791759469228055,0,2,0,5,5,5,1.791759469228055,0,2,0,5,5,10,2.3978952727983707,1,1,0,3,0,2,1.0986122886681098,1,2,2,2,2,2,1.0986122886681098,1,2,2,2,2,5,1.791759469228055,0,2,0,5,5,1,33,41.0
2,1.0986122886681098,1,2,2,2,2,1,0.6931471805599453,0,1,1,1,1,6,1.9459101490553132,1,0,1,6,6,2,1.0986122886681098,1,2,2,2,2,10,2.3978952727983707,1,1,0,3,0,5,1.791759469228055,0,2,0,5,5,6,1.9459101490553132,1,0,1,6,6,3,1.3862943611198906,0,0,3,3,3,1,0.6931471805599453,0,1,1,1,1,4,1.6094379124341003,1,1,4,4,4,1,30,227.0
10,2.3978952727983707,1,1,0,3,0,1,0.6931471805599453,0,1,1,1,1,3,1.3862943611198906,0,0,3,3,3,11,2.4849066497880004,0,2,1,4,1,12,2.5649493574615367,1,0,2,5,2,2,1.0986122886681098,1,2,2,2,2,11,2.4849066497880004,0,2,1,4,1,5,1.791759469228055,0,2,0,5,5,4,1.6094379124341003,1,1,4,4,4,1,0.6931471805599453,0,1,1,1,1,1,24,713.0
9,2.302585092994046,0,0,4,2,9,1,0.6931471805599453,0,1,1,1,1,3,1.3862943611198906,0,0,3,3,3,2,1.0986122886681098,1,2,2,2,2,4,1.6094379124341003,1,1,4,4,4,4,1.6094379124341003,1,1,4,4,4,5,1.791759469228055,0,2,0,5,5,3,1.3862943611198906,0,0,3,3,3,6,1.9459101490553132,1,0,1,6,6,2,1.0986122886681098,1,2,2,2,2,1,22,431.0
7,2.0794415416798357,0,1,2,0,7,2,1.0986122886681098,1,2,2,2,2,5,1.791759469228055,0,2,0,5,5,3,1.3862943611198906,0,0,3,3,3,5,1.791759469228055,0,2,0,5,5,5,1.791759469228055,0,2,0,5,5,8,2.1972245773362196,1,2,3,1,8,1,0.6931471805599453,0,1,1,1,1,2,1.0986122886681098,1,2,2,2,2,8,2.1972245773362196,1,2,3,1,8,1,18,531.0
2,1.0986122886681098,1,2,2,2,2,3,1.3862943611198906,0,0,3,3,3,11,2.4849066497880004,0,2,1,4,1,6,1.9459101490553132,1,0,1,6,6,12,2.5649493574615367,1,0,2,5,2,2,1.0986122886681098,1,2,2,2,2,4,1.6094379124341003,1,1,4,4,4,3,1.3862943611198906,0,0,3,3,3,3,1.3862943611198906,0,0,3,3,3,4,1.6094379124341003,1,1,4,4,4,1,22,229.0
10,2.3978952727983707,1,1,0,3,0,1,0.6931471805599453,0,1,1,1,1,2,1.0986122886681098,1,2,2,2,2,4,1.6094379124341003,1,1,4,4,4,5,1.791759469228055,0,2,0,5,5,6,1.9459101490553132,1,0,1,6,6,7,2.0794415416798357,0,1,2,0,7,7,2.0794415416798357,0,1,2,0,7,6,1.9459101490553132,1,0,1,6,6,8,2.1972245773362196,1,2,3,1,8,1,18,225.0
12,2.5649493574615367,1,0,2,5,2,5,1.791759469228055,0,2,0,5,5,6,1.9459101490553132,1,0,1,6,6,5,1.791759469228055,0,2,0,5,5,10,2.3978952727983707,1,1,0,3,0,2,1.0986122886681098,1,2,2,2,2,6,1.9459101490553132,1,0,1,6,6,8,2.1972245773362196,1,2,3,1,8,5,1.791759469228055,0,2,0,5,5,3,1.3862943611198906,0,0,3,3,3,1,17,37.0
8,2.1972245773362196,1,2,3,1,8,1,0.6931471805599453,0,1,1,1,1,3,1.3862943611198906,0,0,3,3,3,5,1.791759469228055,0,2,0,5,5,9,2.302585092994046,0,0,4,2,9,4,1.6094379124341003,1,1,4,4,4,6,1.9459101490553132,1,0,1,6,6,8,2.1972245773362196,1,2,3,1,8,7,2.0794415416798357,0,1,2,0,7,3,1.3862943611198906,0,0,3,3,3,1,17,193.0
7,2.0794415416798357,0,1,2,0,7,7,2.0794415416798357,0,1,2,0,7,9,2.302585092994046,0,0,4,2,9,1,0.6931471805599453,0,1,1,1,1,5,1.791759469228055,0,2,0,5,5,6,1.9459101490553132,1,0,1,6,6,7,2.0794415416798357,0,1,2,0,7,6,1.9459101490553132,1,0,1,6,6,4,1.6094379124341003,1,1,4,4,4,2,1.0986122886681098,1,2,2,2,2,1,16,884.0
12,2.5649493574615367,1,0,2,5,2,3,1.3862943611198906,0,0,3,3,3,10,2.3978952727983707,1,1,0,3,0,2,1.0986122886681098,1,2,2,2,2,8,2.1972245773362196,1,2,3,1,8,1,0.6931471805599453,0,1,1,1,1,2,1.0986122886681098,1,2,2,2,2,1,0.6931471805599453,0,1,1,1,1,7,2.0794415416798357,0,1,2,0,7,8,2.1972245773362196,1,2,3,1,8,1,28,51.0
8,2.1972245773362196,1,2,3,1,8,1,0.6931471805599453,0,1,1,1,1,12,2.5649493574615367,1,0,2,5,2,1,0.6931471805599453,0,1,1,1,1,4,1.6094379124341003,1,1,4,4,4,3,1.3862943611198906,0,0,3,3,3,7,2.0794415416798357,0,1,2,0,7,5,1.791759469228055,0,2,0,5,5,6,1.9459101490553132,1,0,1,6,6,8,2.1972245773362196,1,2,3,1,8,1,24,935.0
10,2.3978952727983707,1,1,0,3,0,2,1.0986122886681098,1,2,2,2,2,3,1.3862943611198906,0,0,3,3,3,2,1.0986122886681098,1,2,2,2,2,10,2.3978952727983707,1,1,0,3,0,1,0.6931471805599453,0,1,1,1,1,2,1.0986122886681098,1,2,2,2,2,8,2.1972245773362196,1,2,3,1,8,6,1.9459101490553132,1,0,1,6,6,5,1.791759469228055,0,2,0,5,5,1,28,142.0
4,1.6094379124341003,1,1,4,4,4,3,1.3862943611198906,0,0,3,3,3,6,1.9459101490553132,1,0,1,6,6,3,1.3862943611198906,0,0,3,3,3,11,2.4849066497880004,0,2,1,4,1,2,1.0986122886681098,1,2,2,2,2,5,1.791759469228055,0,2,0,5,5,3,1.3862943611198906,0,0,3,3,3,3,1.3862943611198906,0,0,3,3,3,1,0.6931471805599453,0,1,1,1,1,1,21,206.0
3,1.3862943611198906,0,0,3,3,3,3,1.3862943611198906,0,0,3,3,3,11,2.4849066497880004,0,2,1,4,1,1,0.6931471805599453,0,1,1,1,1,2,1.0986122886681098,1,2,2,2,2,6,1.9459101490553132,1,0,1,6,6,12,2.5649493574615367,1,0,2,5,2,1,0.6931471805599453,0,1,1,1,1,2,1.0986122886681098,1,2,2,2,2,8,2.1972245773362196,1,2,3,1,8,1,30,59.0
9,2.302585092994046,0,0,4,2,9,1,0.6931471805599453,0,1,1,1,1,2,1.0986122886681098,1,2,2,2,2,1,0.6931471805599453,0,1,1,1,1,2,1.0986122886681098,1,2,2,2,2,11,2.4849066497880004,0,2,1,4,1,12,2.5649493574615367,1,0,2,5,2,4,1.6094379124341003,1,1,4,4,4,7,2.0794415416798357,0,1,2,0,7,8,2.1972245773362196,1,2,3,1,8,1,26,307.0
6,1.9459101490553132,1,0,1,6,6,4,1.6094379124341003,1,1,4,4,4,8,2.1972245773362196,1,2,3,1,8,8,2.1972245773362196,1,2,3,1,8,9,2.302585092994046,0,0,4,2,9,2,1.0986122886681098,1,2,2,2,2,10,2.3978952727983707,1,1,0,3,0,5,1.791759469228055,0,2,0,5,5,8,2.1972245773362196,1,2,3,1,8,5,1.791759469228055,0,2,0,5,5,1,15,1799.0
12,2.5649493574615367,1,0,2,5,2,1,0.6931471805599453,0,1,1,1,1,4,1.6094379124341003,1,1,4,4,4,2,1.0986122886681098,1,2,2,2,2,6,1.9459101490553132,1,0,1,6,6,3,1.3862943611198906,0,0,3,3,3,9,2.302585092994046,0,0,4,2,9,6,1.9459101490553132,1,0,1,6,6,6,1.9459101490553132,1,0,1,6,6,1,0.6931471805599453,0,1,1,1,1,1,34,121.0
2,1.0986122886681098,1,2,2,2,2,4,1.6094379124341003,1,1,4,4,4,6,1.9459101490553132,1,0,1,6,6,6,1.9459101490553132,1,0,1,6,6,8,2.1972245773362196,1,2,3,1,8,2,1.0986122886681098,1,2,2,2,2,4,1.6094379124341003,1,1,4,4,4,4,1.6094379124341003,1,1,4,4,4,7,2.0794415416798357,0,1,2,0,7,1,0.6931471805599453,0,1,1,1,1,1,29,199.0
10,2.3978952727983707,1,1,0,3,0,6,1.9459101490553132,1,0,1,6,6,8,2.1972245773362196,1,2,3,1,8,1,0.6931471805599453,0,1,1,1,1,7,2.0794415416798357,0,1,2,0,7,2,1.0986122886681098,1,2,2,2,2,3,1.3862943611198906,0,0,3,3,3,3,1.3862943611198906,0,0,3,3,3,8,2.1972245773362196,1,2,3,1,8,4,1.6094379124341003,1,1,4,4,4,1,20,29.0
8,2.1972245773362196,1,2,3,1,8,1,0.6931471805599453,0,1,1,1,1,2,1.0986122886681098,1,2,2,2,2,4,1.6094379124341003,1,1,4,4,4,8,2.1972245773362196,1,2,3,1,8,1,0.6931471805599453,0,1,1,1,1,3,1.3862943611198906,0,0,3,3,3,1,0.6931471805599453,0,1,1,1,1,8,2.1972245773362196,1,2,3,1,8,3,1.3862943611198906,0,0,3,3,3,1,35,25.0
3,1.3862943611198906,0,0,3,3,3,4,1.6094379124341003,1,1,4,4,4,6,1.9459101490553132,1,0,1,6,6,1,0.6931471805599453,0,1,1,1,1,2,1.0986122886681098,1,2,2,2,2,9,2.302585092994046,0,0,4,2,9,12,2.5649493574615367,1,0,2,5,2,4,1.6094379124341003,1,1,4,4,4,6,1.9459101490553132,1,0,1,6,6,6,1.9459101490553132,1,0,1,6,6,1,29,45.0
8,2.1972245773362196,1,2,3,1,8,1,0.6931471805599453,0,1,1,1,1,3,1.3862943611198906,0,0,3,3,3,9,2.302585092994046,0,0,4,2,9,11,2.4849066497880004,0,2,1,4,1,3,1.3862943611198906,0,0,3,3,3,4,1.6094379124341003,1,1,4,4,4,8,2.1972245773362196,1,2,3,1,8,8,2.1972245773362196,1,2,3,1,8,3,1.3862943611198906,0,0,3,3,3,1,21,40.0
10,2.3978952727983707,1,1,0,3,0,1,0.6931471805599453,0,1,1,1,1,5,1.791759469228055,0,2,0,5,5,1,0.6931471805599453,0,1,1,1,1,12,2.5649493574615367,1,0,2,5,2,4,1.6094379124341003,1,1,4,4,4,11,2.4849066497880004,0,2,1,4,1,6,1.9459101490553132,1,0,1,6,6,8,2.1972245773362196,1,2,3,1,8,7,2.0794415416798357,0,1,2,0,7,1,21,1475.0
3,1.3862943611198906,0,0,3,3,3,6,1.9459101490553132,1,0,1,6,6,11,2.4849066497880004,0,2,1,4,1,10,2.3978952727983707,1,1,0,3,0,11,2.4849066497880004,0,2,1,4,1,1,0.6931471805599453,0,1,1,1,1,3,1.3862943611198906,0,0,3,3,3,6,1.9459101490553132,1,0,1,6,6,7,2.0794415416798357,0,1,2,0,7,3,1.3862943611198906,0,0,3,3,3,1,20,659.0
7,2.0794415416798357,0,1,2,0,7,7,2.0794415416798357,0,1,2,0,7,9,2.302585092994046,0,0,4,2,9,1,0.6931471805599453,0,1,1,1,1,3,1.3862943611198906,0,0,3,3,3,1,0.6931471805599453,0,1,1,1,1,5,1.791759469228055,0,2,0,5,5,8,2.1972245773362196,1,2,3,1,8,6,1.9459101490553132,1,0,1,6,6,8,2.1972245773362196,1,2,3,1,8,1,21,473.0
3,1.3862943611198906,0,0,3,3,3,1,0.6931471805599453,0,1,1,1,1,2,1.0986122886681098,1,2,2,2,2,3,1.3862943611198906,0,0,3,3,3,4,1.6094379124341003,1,1,4,4,4,1,0.6931471805599453,0,1,1,1,1,2,1.0986122886681098,1,2,2,2,2,4,1.6094379124341003,1,1,4,4,4,3,1.3862943611198906,0,0,3,3,3,5,1.791759469228055,0,2,0,5,5,1,26,65.0
8,2.1972245773362196,1,2,3,1,8,1,0.6931471805599453,0,1,1,1,1,3,1.3862943611198906,0,0,3,3,3,1,0.6931471805599453,0,1,1,1,1,7,2.0794415416798357,0,1,2,0,7,3,1.3862943611198906,0,0,3,3,3,9,2.302585092994046,0,0,4,2,9,4,1.6094379124341003,1,1,4,4,4,6,1.9459101490553132,1,0,1,6,6,8,2.1972245773362196,1,2,3,1,8,1,25,41.0
6,1.9459101490553132,1,0,1,6,6,8,2.1972245773362196,1,2,3,1,8,9,2.302585092994046,0,0,4,2,9,4,1.6094379124341003,1,1,4,4,4,5,1.791759469228055,0,2,0,5,5,5,1.791759469228055,0,2,0,5,5,7,2.0794415416798357,0,1,2,0,7,2,1.0986122886681098,1,2,2,2,2,1,0.6931471805599453,0,1,1,1,1,3,1.3862943611198906,0,0,3,3,3,1,16,737.0
2,1.0986122886681098,1,2,2,2,2,5,1.791759469228055,0,2,0,5,5,10,2.3978952727983707,1,1,0,3,0,4,1.6094379124341003,1,1,4,4,4,5,1.791759469228055,0,2,0,5,5,4,1.6094379124341003,1,1,4,4,4,5,1.791759469228055,0,2,0,5,5,1,0.6931471805599453,0,1,1,1,1,1,0.6931471805599453,0,1,1,1,1,4,1.6094379124341003,1,1,4,4,4,1,30,101.0
9,2.302585092994046,0,0,4,2,9,1,0.6931471805599453,0,1,1,1,1,10,2.3978952727983707,1,1,0,3,0,1,0.6931471805599453,0,1,1,1,1,3,1.3862943611198906,0,0,3,3,3,2,1.0986122886681098,1,2,2,2,2,9,2.302585092994046,0,0,4,2,9,4,1.6094379124341003,1,1,4,4,4,5,1.791759469228055,0,2,0,5,5,4,1.6094379124341003,1,1,4,4,4,1,25,227.0
4,1.6094379124341003,1,1,4,4,4,2,1.0986122886681098,1,2,2,2,2,4,1.6094379124341003,1,1,4,4,4,2,1.0986122886681098,1,2,2,2,2,3,1.3862943611198906,0,0,3,3,3,2,1.0986122886681098,1,2,2,2,2,3,1.3862943611198906,0,0,3,3,3,2,1.0986122886681098,1,2,2,2,2,5,1.791759469228055,0,2,0,5,5,8,2.1972245773362196,1,2,3,1,8,1,22,119.0
11,2.4849066497880004,0,2,1,4,1,3,1.3862943611198906,0,0,3,3,3,4,1.6094379124341003,1,1,4,4,4,3,1.3862943611198906,0,0,3,3,3,4,1.6094379124341003,1,1,4,4,4,6,1.9459101490553132,1,0,1,6,6,10,2.3978952727983707,1,1,0,3,0,1,0.6931471805599453,0,1,1,1,1,4,1.6094379124341003,1,1,4,4,4,3,1.3862943611198906,0,0,3,3,3,1,18,53.0
11,2.4849066497880004,0,2,1,4,1,1,0.6931471805599453,0,1,1,1,1,3,1.3862943611198906,0,0,3,3,3,1,0.6931471805599453,0,1,1,1,1,2,1.0986122886681098,1,2,2,2,2,7,2.0794415416798357,0,1,2,0,7,12,2.5649493574615367,1,0,2,5,2,8,2.1972245773362196,1,2,3,1,8,4,1.6094379124341003,1,1,4,4,4,8,2.1972245773362196,1,2,3,1,8,1,26,21.0
8,2.1972245773362196,1,2,3,1,8,5,1.791759469228055,0,2,0,5,5,10,2.3978952727983707,1,1,0,3,0,4,1.6094379124341003,1,1,4,4,4,7,2.0794415416798357,0,1,2,0,7,1,0.6931471805599453,0,1,1,1,1,2,1.0986122886681098,1,2,2,2,2,2,1.0986122886681098,1,2,2,2,2,5,1.791759469228055,0,2,0,5,5,5,1.791759469228055,0,2,0,5,5,1,23,29.0
4,1.6094379124341003,1,1,4,4,4,8,2.1972245773362196,1,2,3,1,8,10,2.3978952727983707,1,1,0,3,0,4,1.6094379124341003,1,1,4,4,4,6,1.9459101490553132,1,0,1,6,6,8,2.1972245773362196,1,2,3,1,8,9,2.302585092994046,0,0,4,2,9,4,1.6094379124341003,1,1,4,4,4,1,0.6931471805599453,0,1,1,1,1,8,2.1972245773362196,1,2,3,1,8,1,24,487.0
12,2.5649493574615367,1,0,2,5,2,2,1.0986122886681098,1,2,2,2,2,4,1.6094379124341003,1,1,4,4,4,4,1.6094379124341003,1,1,4,4,4,10,2.3978952727983707,1,1,0,3,0,2,1.0986122886681098,1,2,2,2,2,3,1.3862943611198906,0,0,3,3,3,2,1.0986122886681098,1,2,2,2,2,2,1.0986122886681098,1,2,2,2,2,6,1.9459101490553132,1,0,1,6,6,1,32,89.0
8,2.1972245773362196,1,2,3,1,8,2,1.0986122886681098,1,2,2,2,2,4,1.6094379124341003,1,1,4,4,4,5,1.791759469228055,0,2,0,5,5,8,2.1972245773362196,1,2,3,1,8,7,2.0794415416798357,0,1,2,0,7,10,2.3978952727983707,1,1,0,3,0,5,1.791759469228055,0,2,0,5,5,5,1.791759469228055,0,2,0,5,5,5,1.791759469228055,0,2,0,5,5,1,17,81.0
4,1.6094379124341003,1,1,4,4,4,2,1.0986122886681098,1,2,2,2,2,5,1.791759469228055,0,2,0,5,5,1,0.6931471805599453,0,1,1,1,1,5,1.791759469228055,0,2,0,5,5,8,2.1972245773362196,1,2,3,1,8,10,2.3978952727983707,1,1,0,3,0,4,1.6094379124341003,1,1,4,4,4,7,2.0794415416798357,0,1,2,0,7,6,1.9459101490553132,1,0,1,6,6,1,20,9.0
9,2.302585092994046,0,0,4,2,9,6,1.9459101490553132,1,0,1,6,6,11,2.4849066497880004,0,2,1,4,1,1,0.6931471805599453,0,1,1,1,1,2,1.0986122886681098,1,2,2,2,2,3,1.3862943611198906,0,0,3,3,3,4,1.6094379124341003,1,1,4,4,4,1,0.6931471805599453,0,1,1,1,1,1,0.6931471805599453,0,1,1,1,1,7,2.0794415416798357,0,1,2,0,7,1,28,261.0
10,2.3978952727983707,1,1,0,3,0,1,0.6931471805599453,0,1,1,1,1,3,1.3862943611198906,0,0,3,3,3,4,1.6094379124341003,1,1,4,4,4,11,2.4849066497880004,0,2,1,4,1,1,0.6931471805599453,0,1,1,1,1,6,1.9459101490553132,1,0,1,6,6,2,1.0986122886681098,1,2,2,2,2,5,1.791759469228055,0,2,0,5,5,8,2.1972245773362196,1,2,3,1,8,1,24,245.0
9,2.302585092994046,0,0,4,2,9,7,2.0794415416798357,0,1,2,0,7,10,2.3978952727983707,1,1,0,3,0,2,1.0986122886681098,1,2,2,2,2,11,2.4849066497880004,0,2,1,4,1,1,0.6931471805599453,0,1,1,1,1,2,1.0986122886681098,1,2,2,2,2,8,2.1972245773362196,1,2,3,1,8,1,0.6931471805599453,0,1,1,1,1,2,1.0986122886681098,1,2,2,2,2,1,26,573.0
4,1.6094379124341003,1,1,4,4,4,2,1.0986122886681098,1,2,2,2,2,7,2.0794415416798357,0,1,2,0,7,2,1.0986122886681098,1,2,2,2,2,10,2.3978952727983707,1,1,0,3,0,2,1.0986122886681098,1,2,2,2,2,3,1.3862943611198906,0,0,3,3,3,4,1.6094379124341003,1,1,4,4,4,1,0.6931471805599453,0,1,1,1,1,3,1.3862943611198906,0,0,3,3,3,1,23,827.0
2,1.0986122886681098,1,2,2,2,2,6,1.9459101490553132,1,0,1,6,6,9,2.302585092994046,0,0,4,2,9,3,1.3862943611198906,0,0,3,3,3,7,2.0794415416798357,0,1,2,0,7,1,0.6931471805599453,0,1,1,1,1,5,1.791759469228055,0,2,0,5,5,5,1.791759469228055,0,2,0,5,5,7,2.0794415416798357,0,1,2,0,7,5,1.791759469228055,0,2,0,5,5,1,16,292.0
8,2.1972245773362196,1,2,3,1,8,3,1.3862943611198906,0,0,3,3,3,11,2.4849066497880004,0,2,1,4,1,1,0.6931471805599453,0,1,1,1,1,3,1.3862943611198906,0,0,3,3,3,1,0.6931471805599453,0,1,1,1,1,2,1.0986122886681098,1,2,2,2,2,4,1.6094379124341003,1,1,4,4,4,6,1.9459101490553132,1,0,1,6,6,4,1.6094379124341003,1,1,4,4,4,1,27,409.0
2,1.0986122886681098,1,2,2,2,2,1,0.6931471805599453,0,1,1,1,1,10,2.3978952727983707,1,1,0,3,0,1,0.6931471805599453,0,1,1,1,1,2,1.0986122886681098,1,2,2,2,2,6,1.9459101490553132,1,0,1,6,6,10,2.3978952727983707,1,1,0,3,0,5,1.791759469228055,0,2,0,5,5,7,2.0794415416798357,0,1,2,0,7,7,2.0794415416798357,0,1,2,0,7,1,28,83.0
5,1.791759469228055,0,2,0,5,5,3,1.3862943611198906,0,0,3,3,3,6,1.9459101490553132,1,0,1,6,6,6,1.9459101490553132,1,0,1,6,6,8,2.1972245773362196,1,2,3,1,8,3,1.3862943611198906,0,0,3,3,3,10,2.3978952727983707,1,1,0,3,0,3,1.3862943611198906,0,0,3,3,3,6,1.9459101490553132,1,0,1,6,6,7,2.0794415416798357,0,1,2,0,7,1,16,187.0
3,1.3862943611198906,0,0,3,3,3,7,2.0794415416798357,0,1,2,0,7,12,2.5649493574615367,1,0,2,5,2,3,1.3862943611198906,0,0,3,3,3,7,2.0794415416798357,0,1,2,0,7,1,0.6931471805599453,0,1,1,1,1,4,1.6094379124341003,1,1,4,4,4,1,0.6931471805599453,0,1,1,1,1,1,0.6931471805599453,0,1,1,1,1,8,2.1972245773362196,1,2,3,1,8,1,30,325.0
8,2.1972245773362196,1,2,3,1,8,5,1.791759469228055,0,2,0,5,5,6,1.9459101490553132,1,0,1,6,6,1,0.6931471805599453,0,1,1,1,1,5,1.791759469228055,0,2,0,5,5,6,1.9459101490553132,1,0,1,6,6,7,2.0794415416798357,0,1,2,0,7,8,2.1972245773362196,1,2,3,1,8,7,2.0794415416798357,0,1,2,0,7,2,1.0986122886681098,1,2,2,2,2,1,17,341.0
3,1.3862943611198906,0,0,3,3,3,2,1.0986122886681098,1,2,2,2,2,4,1.6094379124341003,1,1,4,4,4,9,2.302585092994046,0,0,4,2,9,12,2.5649493574615367,1,0,2,5,2,9,2.302585092994046,0,0,4,2,9,10,2.3978952727983707,1,1,0,3,0,4,1.6094379124341003,1,1,4,4,4,5,1.791759469228055,0,2,0,5,5,7,2.0794415416798357,0,1,2,0,7,1,12,487.0
9,2.302585092994046,0,0,4,2,9,9,2.302585092994046,0,0,4,2,9,11,2.4849066497880004,0,2,1,4,1,2,1.0986122886681098,1,2,2,2,2,8,2.1972245773362196,1,2,3,1,8,4,1.6094379124341003,1,1,4,4,4,6,1.9459101490553132,1,0,1,6,6,1,0.6931471805599453,0,1,1,1,1,7,2.0794415416798357,0,1,2,0,7,2,1.0986122886681098,1,2,2,2,2,1,18,2039.0
9,2.302585092994046,0,0,4,2,9,5,1.791759469228055,0,2,0,5,5,8,2.1972245773362196,1,2,3,1,8,1,0.6931471805599453,0,1,1,1,1,3,1.3862943611198906,0,0,3,3,3,7,2.0794415416798357,0,1,2,0,7,9,2.302585092994046,0,0,4,2,9,2,1.0986122886681098,1,2,2,2,2,4,1.6094379124341003,1,1,4,4,4,4,1.6094379124341003,1,1,4,4,4,1,18,41.0
9,2.302585092994046,0,0,4,2,9,3,1.3862943611198906,0,0,3,3,3,9,2.302585092994046,0,0,4,2,9,2,1.0986122886681098,1,2,2,2,2,6,1.9459101490553132,1,0,1,6,6,8,2.1972245773362196,1,2,3,1,8,12,2.5649493574615367,1,0,2,5,2,8,2.1972245773362196,1,2,3,1,8,6,1.9459101490553132,1,0,1,6,6,3,1.3862943611198906,0,0,3,3,3,1,21,9.0
9,2.302585092994046,0,0,4,2,9,2,1.0986122886681098,1,2,2,2,2,6,1.9459101490553132,1,0,1,6,6,2,1.0986122886681098,1,2,2,2,2,8,2.1972245773362196,1,2,3,1,8,1,0.6931471805599453,0,1,1,1,1,2,1.0986122886681098,1,2,2,2,2,4,1.6094379124341003,1,1,4,4,4,5,1.791759469228055,0,2,0,5,5,5,1.791759469228055,0,2,0,5,5,1,23,145.0
11,2.4849066497880004,0,2,1,4,1,1,0.6931471805599453,0,1,1,1,1,7,2.0794415416798357,0,1,2,0,7,9,2.302585092994046,0,0,4,2,9,12,2.5649493574615367,1,0,2,5,2,7,2.0794415416798357,0,1,2,0,7,9,2.302585092994046,0,0,4,2,9,4,1.6094379124341003,1,1,4,4,4,6,1.9459101490553132,1,0,1,6,6,2,1.0986122886681098,1,2,2,2,2,1,16,1943.0
4,1.6094379124341003,1,1,4,4,4,2,1.0986122886681098,1,2,2,2,2,6,1.9459101490553132,1,0,1,6,6,1,0.6931471805599453,0,1,1,1,1,2,1.0986122886681098,1,2,2,2,2,3,1.3862943611198906,0,0,3,3,3,8,2.1972245773362196,1,2,3,1,8,7,2.0794415416798357,0,1,2,0,7,4,1.6094379124341003,1,1,4,4,4,5,1.791759469228055,0,2,0,5,5,1,22,121.0
2,1.0986122886681098,1,2,2,2,2,2,1.0986122886681098,1,2,2,2,2,6,1.9459101490553132,1,0,1,6,6,2,1.0986122886681098,1,2,2,2,2,6,1.9459101490553132,1,0,1,6,6,5,1.791759469228055,0,2,0,5,5,7,2.0794415416798357,0,1,2,0,7,7,2.0794415416798357,0,1,2,0,7,7,2.0794415416798357,0,1,2,0,7,2,1.0986122886681098,1,2,2,2,2,1,18,9.0
9,2.302585092994046,0,0,4,2,9,3,1.3862943611198906,0,0,3,3,3,5,1.791759469228055,0,2,0,5,5,4,1.6094379124341003,1,1,4,4,4,9,2.302585092994046,0,0,4,2,9,1,0.6931471805599453,0,1,1,1,1,3,1.3862943611198906,0,0,3,3,3,8,2.1972245773362196,1,2,3,1,8,1,0.6931471805599453,0,1,1,1,1,4,1.6094379124341003,1,1,4,4,4,1,26,20.0
2,1.0986122886681098,1,2,2,2,2,3,1.3862943611198906,0,0,3,3,3,9,2.302585092994046,0,0,4,2,9,5,1.791759469228055,0,2,0,5,5,6,1.9459101490553132,1,0,1,6,6,4,1.6094379124341003,1,1,4,4,4,9,2.302585092994046,0,0,4,2,9,3,1.3862943611198906,0,0,3,3,3,2,1.0986122886681098,1,2,2,2,2,5,1.791759469228055,0,2,0,5,5,1,14,119.0
8,2.1972245773362196,1,2,3,1,8,7,2.0794415416798357,0,1,2,0,7,12,2.5649493574615367,1,0,2,5,2,2,1.0986122886681098,1,2,2,2,2,3,1.3862943611198906,0,0,3,3,3,2,1.0986122886681098,1,2,2,2,2,5,1.791759469228055,0,2,0,5,5,2,1.0986122886681098,1,2,2,2,2,6,1.9459101490553132,1,0,1,6,6,6,1.9459101490553132,1,0,1,6,6,1,21,263.0
5,1.791759469228055,0,2,0,5,5,2,1.0986122886681098,1,2,2,2,2,11,2.4849066497880004,0,2,1,4,1,1,0.6931471805599453,0,1,1,1,1,5,1.791759469228055,0,2,0,5,5,2,1.0986122886681098,1,2,2,2,2,5,1.791759469228055,0,2,0,5,5,6,1.9459101490553132,1,0,1,6,6,6,1.9459101490553132,1,0,1,6,6,3,1.3862943611198906,0,0,3,3,3,1,20,563.0
4,1.6094379124341003,1,1,4,4,4,2,1.0986122886681098,1,2,2,2,2,4,1.6094379124341003,1,1,4,4,4,3,1.3862943611198906,0,0,3,3,3,12,2.5649493574615367,1,0,2,5,2,6,1.9459101490553132,1,0,1,6,6,10,2.3978952727983707,1,1,0,3,0,3,1.3862943611198906,0,0,3,3,3,2,1.0986122886681098,1,2,2,2,2,5,1.791759469228055,0,2,0,5,5,1,21,21.0
6,1.9459101490553132,1,0,1,6,6,8,2.1972245773362196,1,2,3,1,8,10,2.3978952727983707,1,1,0,3,0,5,1.791759469228055,0,2,0,5,5,10,2.3978952727983707,1,1,0,3,0,6,1.9459101490553132,1,0,1,6,6,12,2.5649493574615367,1,0,2,5,2,7,2.0794415416798357,0,1,2,0,7,8,2.1972245773362196,1,2,3,1,8,7,2.0794415416798357,0,1,2,0,7,1,8,57.0
6,1.9459101490553132,1,0,1,6,6,1,0.6931471805599453,0,1,1,1,1,2,1.0986122886681098,1,2,2,2,2,6,1.9459101490553132,1,0,1,6,6,9,2.302585092994046,0,0,4,2,9,3,1.3862943611198906,0,0,3,3,3,4,1.6094379124341003,1,1,4,4,4,5,1.791759469228055,0,2,0,5,5,1,0.6931471805599453,0,1,1,1,1,2,1.0986122886681098,1,2,2,2,2,1,28,19.0
6,1.9459101490553132,1,0,1,6,6,4,1.6094379124341003,1,1,4,4,4,10,2.3978952727983707,1,1,0,3,0,4,1.6094379124341003,1,1,4,4,4,8,2.1972245773362196,1,2,3,1,8,9,2.302585092994046,0,0,4,2,9,11,2.4849066497880004,0,2,1,4,1,4,1.6094379124341003,1,1,4,4,4,2,1.0986122886681098,1,2,2,2,2,3,1.3862943611198906,0,0,3,3,3,1,14,273.0
5,1.791759469228055,0,2,0,5,5,3,1.3862943611198906,0,0,3,3,3,6,1.9459101490553132,1,0,1,6,6,1,0.6931471805599453,0,1,1,1,1,3,1.3862943611198906,0,0,3,3,3,1,0.6931471805599453,0,1,1,1,1,4,1.6094379124341003,1,1,4,4,4,4,1.6094379124341003,1,1,4,4,4,4,1.6094379124341003,1,1,4,4,4,1,0.6931471805599453,0,1,1,1,1,1,30,49.0
2,1.0986122886681098,1,2,2,2,2,2,1.0986122886681098,1,2,2,2,2,10,2.3978952727983707,1,1,0,3,0,3,1.3862943611198906,0,0,3,3,3,8,2.1972245773362196,1,2,3,1,8,8,2.1972245773362196,1,2,3,1,8,10,2.3978952727983707,1,1,0,3,0,3,1.3862943611198906,0,0,3,3,3,3,1.3862943611198906,0,0,3,3,3,1,0.6931471805599453,0,1,1,1,1,1,23,91.0
4,1.6094379124341003,1,1,4,4,4,3,1.3862943611198906,0,0,3,3,3,4,1.6094379124341003,1,1,4,4,4,4,1.6094379124341003,1,1,4,4,4,8,2.1972245773362196,1,2,3,1,8,4,1.6094379124341003,1,1,4,4,4,6,1.9459101490553132,1,0,1,6,6,1,0.6931471805599453,0,1,1,1,1,6,1.9459101490553132,1,0,1,6,6,6,1.9459101490553132,1,0,1,6,6,1,25,115.0
2,1.0986122886681098,1,2,2,2,2,6,1.9459101490553132,1,0,1,6,6,10,2.3978952727983707,1,1,0,3,0,4,1.6094379124341003,1,1,4,4,4,8,2.1972245773362196,1,2,3,1,8,2,1.0986122886681098,1,2,2,2,2,7,2.0794415416798357,0,1,2,0,7,2,1.0986122886681098,1,2,2,2,2,7,2.0794415416798357,0,1,2,0,7,8,2.1972245773362196,1,2,3,1,8,1,22,65.0
2,1.0986122886681098,1,2,2,2,2,1,0.6931471805599453,0,1,1,1,1,6,1.9459101490553132,1,0,1,6,6,2,1.0986122886681098,1,2,2,2,2,5,1.791759469228055,0,2,0,5,5,1,0.6931471805599453,0,1,1,1,1,5,1.791759469228055,0,2,0,5,5,4,1.6094379124341003,1,1,4,4,4,7,2.0794415416798357,0,1,2,0,7,5,1.791759469228055,0,2,0,5,5,1,25,49.0
2,1.0986122886681098,1,2,2,2,2,5,1.791759469228055,0,2,0,5,5,9,2.302585092994046,0,0,4,2,9,3,1.3862943611198906,0,0,3,3,3,6,1.9459101490553132,1,0,1,6,6,1,0.6931471805599453,0,1,1,1,1,5,1.791759469228055,0,2,0,5,5,2,1.0986122886681098,1,2,2,2,2,3,1.3862943611198906,0,0,3,3,3,6,1.9459101490553132,1,0,1,6,6,1,23,6.0
11,2.4849066497880004,0,2,1,4,1,2,1.0986122886681098,1,2,2,2,2,7,2.0794415416798357,0,1,2,0,7,2,1.0986122886681098,1,2,2,2,2,3,1.3862943611198906,0,0,3,3,3,1,0.6931471805599453,0,1,1,1,1,3,1.3862943611198906,0,0,3,3,3,5,1.791759469228055,0,2,0,5,5,3,1.3862943611198906,0,0,3,3,3,6,1.9459101490553132,1,0,1,6,6,1,18,51.0
6,1.9459101490553132,1,0,1,6,6,4,1.6094379124341003,1,1,4,4,4,5,1.791759469228055,0,2,0,5,5,5,1.791759469228055,0,2,0,5,5,6,1.9459101490553132,1,0,1,6,6,7,2.0794415416798357,0,1,2,0,7,9,2.302585092994046,0,0,4,2,9,4,1.6094379124341003,1,1,4,4,4,2,1.0986122886681098,1,2,2,2,2,4,1.6094379124341003,1,1,4,4,4,1,10,136.0
4,1.6094379124341003,1,1,4,4,4,3,1.3862943611198906,0,0,3,3,3,7,2.0794415416798357,0,1,2,0,7,6,1.9459101490553132,1,0,1,6,6,8,2.1972245773362196,1,2,3,1,8,1,0.6931471805599453,0,1,1,1,1,9,2.302585092994046,0,0,4,2,9,4,1.6094379124341003,1,1,4,4,4,6,1.9459101490553132,1,0,1,6,6,2,1.0986122886681098,1,2,2,2,2,1,21,1391.0
10,2.3978952727983707,1,1,0,3,0,10,2.3978952727983707,1,1,0,3,0,12,2.5649493574615367,1,0,2,5,2,1,0.6931471805599453,0,1,1,1,1,2,1.0986122886681098,1,2,2,2,2,2,1.0986122886681098,1,2,2,2,2,7,2.0794415416798357,0,1,2,0,7,7,2.0794415416798357,0,1,2,0,7,5,1.791759469228055,0,2,0,5,5,1,0.6931471805599453,0,1,1,1,1,1,28,101.0
5,1.791759469228055,0,2,0,5,5,1,0.6931471805599453,0,1,1,1,1,8,2.1972245773362196,1,2,3,1,8,1,0.6931471805599453,0,1,1,1,1,5,1.791759469228055,0,2,0,5,5,1,0.6931471805599453,0,1,1,1,1,4,1.6094379124341003,1,1,4,4,4,5,1.791759469228055,0,2,0,5,5,7,2.0794415416798357,0,1,2,0,7,5,1.791759469228055,0,2,0,5,5,1,31,17.0
7,2.0794415416798357,0,1,2,0,7,3,1.3862943611198906,0,0,3,3,3,10,2.3978952727983707,1,1,0,3,0,3,1.3862943611198906,0,0,3,3,3,7,2.0794415416798357,0,1,2,0,7,1,0.6931471805599453,0,1,1,1,1,5,1.791759469228055,0,2,0,5,5,6,1.9459101490553132,1,0,1,6,6,2,1.0986122886681098,1,2,2,2,2,2,1.0986122886681098,1,2,2,2,2,1,19,144.0
7,2.0794415416798357,0,1,2,0,7,1,0.6931471805599453,0,1,1,1,1,12,2.5649493574615367,1,0,2,5,2,1,0.6931471805599453,0,1,1,1,1,3,1.3862943611198906,0,0,3,3,3,4,1.6094379124341003,1,1,4,4,4,12,2.5649493574615367,1,0,2,5,2,4,1.6094379124341003,1,1,4,4,4,7,2.0794415416798357,0,1,2,0,7,6,1.9459101490553132,1,0,1,6,6,1,29,121.0
7,2.0794415416798357,0,1,2,0,7,3,1.3862943611198906,0,0,3,3,3,9,2.302585092994046,0,0,4,2,9,2,1.0986122886681098,1,2,2,2,2,3,1.3862943611198906,0,0,3,3,3,8,2.1972245773362196,1,2,3,1,8,12,2.5649493574615367,1,0,2,5,2,5,1.791759469228055,0,2,0,5,5,7,2.0794415416798357,0,1,2,0,7,2,1.0986122886681098,1,2,2,2,2,1,11,53.0
4,1.6094379124341003,1,1,4,4,4,4,1.6094379124341003,1,1,4,4,4,7,2.0794415416798357,0,1,2,0,7,2,1.0986122886681098,1,2,2,2,2,4,1.6094379124341003,1,1,4,4,4,1,0.6931471805599453,0,1,1,1,1,4,1.6094379124341003,1,1,4,4,4,5,1.791759469228055,0,2,0,5,5,2,1.0986122886681098,1,2,2,2,2,3,1.3862943611198906,0,0,3,3,3,1,24,297.0
12,2.5649493574615367,1,0,2,5,2,1,0.6931471805599453,0,1,1,1,1,2,1.0986122886681098,1,2,2,2,2,5,1.791759469228055,0,2,0,5,5,10,2.3978952727983707,1,1,0,3,0,1,0.6931471805599453,0,1,1,1,1,2,1.0986122886681098,1,2,2,2,2,3,1.3862943611198906,0,0,3,3,3,6,1.9459101490553132,1,0,1,6,6,4,1.6094379124341003,1,1,4,4,4,1,31,15.0
5,1.791759469228055,0,2,0,5,5,1,0.6931471805599453,0,1,1,1,1,2,1.0986122886681098,1,2,2,2,2,2,1.0986122886681098,1,2,2,2,2,3,1.3862943611198906,0,0,3,3,3,1,0.6931471805599453,0,1,1,1,1,5,1.791759469228055,0,2,0,5,5,4,1.6094379124341003,1,1,4,4,4,8,2.1972245773362196,1,2,3,1,8,7,2.0794415416798357,0,1,2,0,7,1,24,577.0
3,1.3862943611198906,0,0,3,3,3,2,1.0986122886681098,1,2,2,2,2,10,2.3978952727983707,1,1,0,3,0,9,2.302585092994046,0,0,4,2,9,11,2.4849066497880004,0,2,1,4,1,3,1.3862943611198906,0,0,3,3,3,5,1.791759469228055,0,2,0,5,5,8,2.1972245773362196,1,2,3,1,8,6,1.9459101490553132,1,0,1,6,6,5,1.791759469228055,0,2,0,5,5,1,11,639.0
8,2.1972245773362196,1,2,3,1,8,8,2.1972245773362196,1,2,3,1,8,9,2.302585092994046,0,0,4,2,9,2,1.0986122886681098,1,2,2,2,2,6,1.9459101490553132,1,0,1,6,6,1,0.6931471805599453,0,1,1,1,1,10,2.3978952727983707,1,1,0,3,0,1,0.6931471805599453,0,1,1,1,1,2,1.0986122886681098,1,2,2,2,2,4,1.6094379124341003,1,1,4,4,4,1,31,93.0
6,1.9459101490553132,1,0,1,6,6,2,1.0986122886681098,1,2,2,2,2,3,1.3862943611198906,0,0,3,3,3,4,1.6094379124341003,1,1,4,4,4,5,1.791759469228055,0,2,0,5,5,3,1.3862943611198906,0,0,3,3,3,10,2.3978952727983707,1,1,0,3,0,4,1.6094379124341003,1,1,4,4,4,5,1.791759469228055,0,2,0,5,5,5,1.791759469228055,0,2,0,5,5,1,14,557.0
12,2.5649493574615367,1,0,2,5,2,5,1.791759469228055,0,2,0,5,5,6,1.9459101490553132,1,0,1,6,6,1,0.6931471805599453,0,1,1,1,1,8,2.1972245773362196,1,2,3,1,8,7,2.0794415416798357,0,1,2,0,7,9,2.302585092994046,0,0,4,2,9,5,1.791759469228055,0,2,0,5,5,3,1.3862943611198906,0,0,3,3,3,1,0.6931471805599453,0,1,1,1,1,1,22,443.0
2,1.0986122886681098,1,2,2,2,2,4,1.6094379124341003,1,1,4,4,4,7,2.0794415416798357,0,1,2,0,7,7,2.0794415416798357,0,1,2,0,7,11,2.4849066497880004,0,2,1,4,1,4,1.6094379124341003,1,1,4,4,4,10,2.3978952727983707,1,1,0,3,0,8,2.1972245773362196,1,2,3,1,8,5,1.791759469228055,0,2,0,5,5,6,1.9459101490553132,1,0,1,6,6,1,10,4311.0
12,2.5649493574615367,1,0,2,5,2,11,2.4849066497880004,0,2,1,4,1,12,2.5649493574615367,1,0,2,5,2,1,0.6931471805599453,0,1,1,1,1,6,1.9459101490553132,1,0,1,6,6,6,1.9459101490553132,1,0,1,6,6,12,2.5649493574615367,1,0,2,5,2,8,2.1972245773362196,1,2,3,1,8,5,1.791759469228055,0,2,0,5,5,7,2.0794415416798357,0,1,2,0,7,1,19,11.0
4,1.6094379124341003,1,1,4,4,4,10,2.3978952727983707,1,1,0,3,0,12,2.5649493574615367,1,0,2,5,2,4,1.6094379124341003,1,1,4,4,4,5,1.791759469228055,0,2,0,5,5,4,1.6094379124341003,1,1,4,4,4,11,2.4849066497880004,0,2,1,4,1,1,0.6931471805599453,0,1,1,1,1,7,2.0794415416798357,0,1,2,0,7,2,1.0986122886681098,1,2,2,2,2,1,21,1629.0
12,2.5649493574615367,1,0,2,5,2,2,1.0986122886681098,1,2,2,2,2,4,1.6094379124341003,1,1,4,4,4,9,2.302585092994046,0,0,4,2,9,11,2.4849066497880004,0,2,1,4,1,1,0.6931471805599453,0,1,1,1,1,2,1.0986122886681098,1,2,2,2,2,8,2.1972245773362196,1,2,3,1,8,1,0.6931471805599453,0,1,1,1,1,6,1.9459101490553132,1,0,1,6,6,1,29,118.0
9,2.302585092994046,0,0,4,2,9,5,1.791759469228055,0,2,0,5,5,8,2.1972245773362196,1,2,3,1,8,3,1.3862943611198906,0,0,3,3,3,10,2.3978952727983707,1,1,0,3,0,2,1.0986122886681098,1,2,2,2,2,3,1.3862943611198906,0,0,3,3,3,5,1.791759469228055,0,2,0,5,5,5,1.791759469228055,0,2,0,5,5,3,1.3862943611198906,0,0,3,3,3,1,14,241.0
12,2.5649493574615367,1,0,2,5,2,7,2.0794415416798357,0,1,2,0,7,8,2.1972245773362196,1,2,3,1,8,1,0.6931471805599453,0,1,1,1,1,8,2.1972245773362196,1,2,3,1,8,4,1.6094379124341003,1,1,4,4,4,7,2.0794415416798357,0,1,2,0,7,6,1.9459101490553132,1,0,1,6,6,3,1.3862943611198906,0,0,3,3,3,1,0.6931471805599453,0,1,1,1,1,1,25,645.0
10,2.3978952727983707,1,1,0,3,0,7,2.0794415416798357,0,1,2,0,7,10,2.3978952727983707,1,1,0,3,0,1,0.6931471805599453,0,1,1,1,1,3,1.3862943611198906,0,0,3,3,3,5,1.791759469228055,0,2,0,5,5,9,2.302585092994046,0,0,4,2,9,2,1.0986122886681098,1,2,2,2,2,3,1.3862943611198906,0,0,3,3,3,8,2.1972245773362196,1,2,3,1,8,1,18,1423.0
7,2.0794415416798357,0,1,2,0,7,4,1.6094379124341003,1,1,4,4,4,5,1.791759469228055,0,2,0,5,5,2,1.0986122886681098,1,2,2,2,2,3,1.3862943611198906,0,0,3,3,3,1,0.6931471805599453,0,1,1,1,1,3,1.3862943611198906,0,0,3,3,3,7,2.0794415416798357,0,1,2,0,7,2,1.0986122886681098,1,2,2,2,2,4,1.6094379124341003,1,1,4,4,4,1,17,257.0
2,1.0986122886681098,1,2,2,2,2,1,0.6931471805599453,0,1,1,1,1,2,1.0986122886681098,1,2,2,2,2,1,0.6931471805599453,0,1,1,1,1,3,1.3862943611198906,0,0,3,3,3,1,0.6931471805599453,0,1,1,1,1,6,1.9459101490553132,1,0,1,6,6,5,1.791759469228055,0,2,0,5,5,4,1.6094379124341003,1,1,4,4,4,3,1.3862943611198906,0,0,3,3,3,1,32,29.0
8,2.1972245773362196,1,2,3,1,8,4,1.6094379124341003,1,1,4,4,4,10,2.3978952727983707,1,1,0,3,0,6,1.9459101490553132,1,0,1,6,6,8,2.1972245773362196,1,2,3,1,8,3,1.3862943611198906,0,0,3,3,3,10,2.3978952727983707,1,1,0,3,0,2,1.0986122886681098,1,2,2,2,2,5,1.791759469228055,0,2,0,5,5,5,1.791759469228055,0,2,0,5,5,1,16,267.0
6,1.9459101490553132,1,0,1,6,6,2,1.0986122886681098,1,2,2,2,2,4,1.6094379124341003,1,1,4,4,4,1,0.6931471805599453,0,1,1,1,1,12,2.5649493574615367,1,0,2,5,2,2,1.0986122886681098,1,2,2,2,2,3,1.3862943611198906,0,0,3,3,3,2,1.0986122886681098,1,2,2,2,2,8,2.1972245773362196,1,2,3,1,8,2,1.0986122886681098,1,2,2,2,2,1,36,7.0
11,2.4849066497880004,0,2,1,4,1,2,1.0986122886681098,1,2,2,2,2,6,1.9459101490553132,1,0,1,6,6,2,1.0986122886681098,1,2,2,2,2,9,2.302585092994046,0,0,4,2,9,3,1.3862943611198906,0,0,3,3,3,6,1.9459101490553132,1,0,1,6,6,2,1.0986122886681098,1,2,2,2,2,4,1.6094379124341003,1,1,4,4,4,8,2.1972245773362196,1,2,3,1,8,1,20,101.0
2,1.0986122886681098,1,2,2,2,2,1,0.6931471805599453,0,1,1,1,1,5,1.791759469228055,0,2,0,5,5,1,0.6931471805599453,0,1,1,1,1,11,2.4849066497880004,0,2,1,4,1,2,1.0986122886681098,1,2,2,2,2,3,1.3862943611198906,0,0,3,3,3,3,1.3862943611198906,0,0,3,3,3,6,1.9459101490553132,1,0,1,6,6,7,2.0794415416798357,0,1,2,0,7,1,23,633.0
6,1.9459101490553132,1,0,1,6,6,3,1.3862943611198906,0,0,3,3,3,4,1.6094379124341003,1,1,4,4,4,1,0.6931471805599453,0,1,1,1,1,5,1.791759469228055,0,2,0,5,5,6,1.9459101490553132,1,0,1,6,6,8,2.1972245773362196,1,2,3,1,8,4,1.6094379124341003,1,1,4,4,4,1,0.6931471805599453,0,1,1,1,1,2,1.0986122886681098,1,2,2,2,2,1,28,23.0
4,1.6094379124341003,1,1,4,4,4,2,1.0986122886681098,1,2,2,2,2,3,1.3862943611198906,0,0,3,3,3,1,0.6931471805599453,0,1,1,1,1,5,1.791759469228055,0,2,0,5,5,2,1.0986122886681098,1,2,2,2,2,10,2.3978952727983707,1,1,0,3,0,5,1.791759469228055,0,2,0,5,5,4,1.6094379124341003,1,1,4,4,4,8,2.1972245773362196,1,2,3,1,8,1,24,36.0
11,2.4849066497880004,0,2,1,4,1,3,1.3862943611198906,0,0,3,3,3,6,1.9459101490553132,1,0,1,6,6,2,1.0986122886681098,1,2,2,2,2,5,1.791759469228055,0,2,0,5,5,1,0.6931471805599453,0,1,1,1,1,2,1.0986122886681098,1,2,2,2,2,5,1.791759469228055,0,2,0,5,5,8,2.1972245773362196,1,2,3,1,8,6,1.9459101490553132,1,0,1,6,6,1,20,199.0
4,1.6094379124341003,1,1,4,4,4,7,2.0794415416798357,0,1,2,0,7,9,2.302585092994046,0,0,4,2,9,10,2.3978952727983707,1,1,0,3,0,11,2.4849066497880004,0,2,1,4,1,3,1.3862943611198906,0,0,3,3,3,4,1.6094379124341003,1,1,4,4,4,3,1.3862943611198906,0,0,3,3,3,7,2.0794415416798357,0,1,2,0,7,2,1.0986122886681098,1,2,2,2,2,1,8,463.0
7,2.0794415416798357,0,1,2,0,7,1,0.6931471805599453,0,1,1,1,1,7,2.0794415416798357,0,1,2,0,7,5,1.791759469228055,0,2,0,5,5,6,1.9459101490553132,1,0,1,6,6,4,1.6094379124341003,1,1,4,4,4,8,2.1972245773362196,1,2,3,1,8,8,2.1972245773362196,1,2,3,1,8,7,2.0794415416798357,0,1,2,0,7,2,1.0986122886681098,1,2,2,2,2,1,19,803.0
11,2.4849066497880004,0,2,1,4,1,11,2.4849066497880004,0,2,1,4,1,12,2.5649493574615367,1,0,2,5,2,3,1.3862943611198906,0,0,3,3,3,4,1.6094379124341003,1,1,4,4,4,4,1.6094379124341003,1,1,4,4,4,5,1.791759469228055,0,2,0,5,5,3,1.3862943611198906,0,0,3,3,3,3,1.3862943611198906,0,0,3,3,3,4,1.6094379124341003,1,1,4,4,4,1,13,277.0
6,1.9459101490553132,1,0,1,6,6,7,2.0794415416798357,0,1,2,0,7,8,2.1972245773362196,1,2,3,1,8,4,1.6094379124341003,1,1,4,4,4,8,2.1972245773362196,1,2,3,1,8,3,1.3862943611198906,0,0,3,3,3,5,1.791759469228055,0,2,0,5,5,7,2.0794415416798357,0,1,2,0,7,6,1.9459101490553132,1,0,1,6,6,1,0.6931471805599453,0,1,1,1,1,1,16,797.0
9,2.302585092994046,0,0,4,2,9,1,0.6931471805599453,0,1,1,1,1,9,2.302585092994046,0,0,4,2,9,6,1.9459101490553132,1,0,1,6,6,7,2.0794415416798357,0,1,2,0,7,4,1.6094379124341003,1,1,4,4,4,11,2.4849066497880004,0,2,1,4,1,5,1.791759469228055,0,2,0,5,5,4,1.6094379124341003,1,1,4,4,4,6,1.9459101490553132,1,0,1,6,6,1,12,5479.0
9,2.302585092994046,0,0,4,2,9,4,1.6094379124341003,1,1,4,4,4,5,1.791759469228055,0,2,0,5,5,11,2.4849066497880004,0,2,1,4,1,12,2.5649493574615367,1,0,2,5,2,1,0.6931471805599453,0,1,1,1,1,7,2.0794415416798357,0,1,2,0,7,8,2.1972245773362196,1,2,3,1,8,8,2.1972245773362196,1,2,3,1,8,1,0.6931471805599453,0,1,1,1,1,1,21,2763.0
9,2.302585092994046,0,0,4,2,9,1,0.6931471805599453,0,1,1,1,1,6,1.9459101490553132,1,0,1,6,6,1,0.6931471805599453,0,1,1,1,1,8,2.1972245773362196,1,2,3,1,8,1,0.6931471805599453,0,1,1,1,1,4,1.6094379124341003,1,1,4,4,4,5,1.791759469228055,0,2,0,5,5,5,1.791759469228055,0,2,0,5,5,2,1.0986122886681098,1,2,2,2,2,1,29,157.0
9,2.302585092994046,0,0,4,2,9,1,0.6931471805599453,0,1,1,1,1,3,1.3862943611198906,0,0,3,3,3,1,0.6931471805599453,0,1,1,1,1,9,2.302585092994046,0,0,4,2,9,1,0.6931471805599453,0,1,1,1,1,6,1.9459101490553132,1,0,1,6,6,4,1.6094379124341003,1,1,4,4,4,2,1.0986122886681098,1,2,2,2,2,2,1.0986122886681098,1,2,2,2,2,1,33,5.0
10,2.3978952727983707,1,1,0,3,0,2,1.0986122886681098,1,2,2,2,2,6,1.9459101490553132,1,0,1,6,6,5,1.791759469228055,0,2,0,5,5,12,2.5649493574615367,1,0,2,5,2,1,0.6931471805599453,0,1,1,1,1,7,2.0794415416798357,0,1,2,0,7,2,1.0986122886681098,1,2,2,2,2,8,2.1972245773362196,1,2,3,1,8,8,2.1972245773362196,1,2,3,1,8,1,23,181.0
11,2.4849066497880004,0,2,1,4,1,2,1.0986122886681098,1,2,2,2,2,5,1.791759469228055,0,2,0,5,5,3,1.3862943611198906,0,0,3,3,3,4,1.6094379124341003,1,1,4,4,4,9,2.302585092994046,0,0,4,2,9,10,2.3978952727983707,1,1,0,3,0,5,1.791759469228055,0,2,0,5,5,8,2.1972245773362196,1,2,3,1,8,8,2.1972245773362196,1,2,3,1,8,1,11,597.0
4,1.6094379124341003,1,1,4,4,4,3,1.3862943611198906,0,0,3,3,3,4,1.6094379124341003,1,1,4,4,4,3,1.3862943611198906,0,0,3,3,3,10,2.3978952727983707,1,1,0,3,0,3,1.3862943611198906,0,0,3,3,3,11,2.4849066497880004,0,2,1,4,1,2,1.0986122886681098,1,2,2,2,2,7,2.0794415416798357,0,1,2,0,7,5,1.791759469228055,0,2,0,5,5,1,8,1711.0
7,2.0794415416798357,0,1,2,0,7,2,1.0986122886681098,1,2,2,2,2,5,1.791759469228055,0,2,0,5,5,3,1.3862943611198906,0,0,3,3,3,6,1.9459101490553132,1,0,1,6,6,9,2.302585092994046,0,0,4,2,9,12,2.5649493574615367,1,0,2,5,2,3,1.3862943611198906,0,0,3,3,3,2,1.0986122886681098,1,2,2,2,2,1,0.6931471805599453,0,1,1,1,1,1,22,179.0
4,1.6094379124341003,1,1,4,4,4,5,1.791759469228055,0,2,0,5,5,7,2.0794415416798357,0,1,2,0,7,2,1.0986122886681098,1,2,2,2,2,5,1.791759469228055,0,2,0,5,5,1,0.6931471805599453,0,1,1,1,1,2,1.0986122886681098,1,2,2,2,2,7,2.0794415416798357,0,1,2,0,7,4,1.6094379124341003,1,1,4,4,4,2,1.0986122886681098,1,2,2,2,2,1,21,1077.0
4,1.6094379124341003,1,1,4,4,4,3,1.3862943611198906,0,0,3,3,3,9,2.302585092994046,0,0,4,2,9,3,1.3862943611198906,0,0,3,3,3,6,1.9459101490553132,1,0,1,6,6,3,1.3862943611198906,0,0,3,3,3,12,2.5649493574615367,1,0,2,5,2,7,2.0794415416798357,0,1,2,0,7,6,1.9459101490553132,1,0,1,6,6,4,1.6094379124341003,1,1,4,4,4,1,21,169.0
3,1.3862943611198906,0,0,3,3,3,7,2.0794415416798357,0,1,2,0,7,9,2.302585092994046,0,0,4,2,9,4,1.6094379124341003,1,1,4,4,4,5,1.791759469228055,0,2,0,5,5,1,0.6931471805599453,0,1,1,1,1,3,1.3862943611198906,0,0,3,3,3,1,0.6931471805599453,0,1,1,1,1,2,1.0986122886681098,1,2,2,2,2,4,1.6094379124341003,1,1,4,4,4,1,23,35.0
5,1.791759469228055,0,2,0,5,5,6,1.9459101490553132,1,0,1,6,6,12,2.5649493574615367,1,0,2,5,2,1,0.6931471805599453,0,1,1,1,1,2,1.0986122886681098,1,2,2,2,2,2,1.0986122886681098,1,2,2,2,2,12,2.5649493574615367,1,0,2,5,2,4,1.6094379124341003,1,1,4,4,4,1,0.6931471805599453,0,1,1,1,1,4,1.6094379124341003,1,1,4,4,4,1,36,14.0
4,1.6094379124341003,1,1,4,4,4,1,0.6931471805599453,0,1,1,1,1,3,1.3862943611198906,0,0,3,3,3,3,1.3862943611198906,0,0,3,3,3,6,1.9459101490553132,1,0,1,6,6,2,1.0986122886681098,1,2,2,2,2,5,1.791759469228055,0,2,0,5,5,1,0.6931471805599453,0,1,1,1,1,8,2.1972245773362196,1,2,3,1,8,2,1.0986122886681098,1,2,2,2,2,1,28,313.0
5,1.791759469228055,0,2,0,5,5,2,1.0986122886681098,1,2,2,2,2,4,1.6094379124341003,1,1,4,4,4,3,1.3862943611198906,0,0,3,3,3,4,1.6094379124341003,1,1,4,4,4,1,0.6931471805599453,0,1,1,1,1,2,1.0986122886681098,1,2,2,2,2,5,1.791759469228055,0,2,0,5,5,2,1.0986122886681098,1,2,2,2,2,8,2.1972245773362196,1,2,3,1,8,1,25,81.0
12,2.5649493574615367,1,0,2,5,2,7,2.0794415416798357,0,1,2,0,7,8,2.1972245773362196,1,2,3,1,8,2,1.0986122886681098,1,2,2,2,2,3,1.3862943611198906,0,0,3,3,3,2,1.0986122886681098,1,2,2,2,2,7,2.0794415416798357,0,1,2,0,7,8,2.1972245773362196,1,2,3,1,8,1,0.6931471805599453,0,1,1,1,1,1,0.6931471805599453,0,1,1,1,1,1,27,345.0
10,2.3978952727983707,1,1,0,3,0,1,0.6931471805599453,0,1,1,1,1,3,1.3862943611198906,0,0,3,3,3,1,0.6931471805599453,0,1,1,1,1,6,1.9459101490553132,1,0,1,6,6,2,1.0986122886681098,1,2,2,2,2,3,1.3862943611198906,0,0,3,3,3,8,2.1972245773362196,1,2,3,1,8,3,1.3862943611198906,0,0,3,3,3,1,0.6931471805599453,0,1,1,1,1,1,33,73.0
6,1.9459101490553132,1,0,1,6,6,1,0.6931471805599453,0,1,1,1,1,4,1.6094379124341003,1,1,4,4,4,9,2.302585092994046,0,0,4,2,9,11,2.4849066497880004,0,2,1,4,1,5,1.791759469228055,0,2,0,5,5,9,2.302585092994046,0,0,4,2,9,6,1.9459101490553132,1,0,1,6,6,2,1.0986122886681098,1,2,2,2,2,8,2.1972245773362196,1,2,3,1,8,1,16,4039.0
5,1.791759469228055,0,2,0,5,5,1,0.6931471805599453,0,1,1,1,1,10,2.3978952727983707,1,1,0,3,0,3,1.3862943611198906,0,0,3,3,3,8,2.1972245773362196,1,2,3,1,8,6,1.9459101490553132,1,0,1,6,6,8,2.1972245773362196,1,2,3,1,8,1,0.6931471805599453,0,1,1,1,1,7,2.0794415416798357,0,1,2,0,7,1,0.6931471805599453,0,1,1,1,1,1,27,191.0
5,1.791759469228055,0,2,0,5,5,7,2.0794415416798357,0,1,2,0,7,9,2.302585092994046,0,0,4,2,9,3,1.3862943611198906,0,0,3,3,3,4,1.6094379124341003,1,1,4,4,4,2,1.0986122886681098,1,2,2,2,2,3,1.3862943611198906,0,0,3,3,3,7,2.0794415416798357,0,1,2,0,7,4,1.6094379124341003,1,1,4,4,4,7,2.0794415416798357,0,1,2,0,7,1,9,511.0
10,2.3978952727983707,1,1,0,3,0,1,0.6931471805599453,0,1,1,1,1,5,1.791759469228055,0,2,0,5,5,1,0.6931471805599453,0,1,1,1,1,2,1.0986122886681098,1,2,2,2,2,5,1.791759469228055,0,2,0,5,5,7,2.0794415416798357,0,1,2,0,7,3,1.3862943611198906,0,0,3,3,3,7,2.0794415416798357,0,1,2,0,7,7,2.0794415416798357,0,1,2,0,7,1,24,593.0
9,2.302585092994046,0,0,4,2,9,1,0.6931471805599453,0,1,1,1,1,2,1.0986122886681098,1,2,2,2,2,8,2.1972245773362196,1,2,3,1,8,9,2.302585092994046,0,0,4,2,9,2,1.0986122886681098,1,2,2,2,2,12,2.5649493574615367,1,0,2,5,2,8,2.1972245773362196,1,2,3,1,8,4,1.6094379124341003,1,1,4,4,4,2,1.0986122886681098,1,2,2,2,2,1,29,143.0
4,1.6094379124341003,1,1,4,4,4,1,0.6931471805599453,0,1,1,1,1,2,1.0986122886681098,1,2,2,2,2,1,0.6931471805599453,0,1,1,1,1,5,1.791759469228055,0,2,0,5,5,6,1.9459101490553132,1,0,1,6,6,7,2.0794415416798357,0,1,2,0,7,3,1.3862943611198906,0,0,3,3,3,3,1.3862943611198906,0,0,3,3,3,5,1.791759469228055,0,2,0,5,5,1,23,223.0
10,2.3978952727983707,1,1,0,3,0,1,0.6931471805599453,0,1,1,1,1,3,1.3862943611198906,0,0,3,3,3,1,0.6931471805599453,0,1,1,1,1,7,2.0794415416798357,0,1,2,0,7,1,0.6931471805599453,0,1,1,1,1,3,1.3862943611198906,0,0,3,3,3,6,1.9459101490553132,1,0,1,6,6,1,0.6931471805599453,0,1,1,1,1,6,1.9459101490553132,1,0,1,6,6,1,36,88.0
10,2.3978952727983707,1,1,0,3,0,4,1.6094379124341003,1,1,4,4,4,6,1.9459101490553132,1,0,1,6,6,2,1.0986122886681098,1,2,2,2,2,4,1.6094379124341003,1,1,4,4,4,1,0.6931471805599453,0,1,1,1,1,8,2.1972245773362196,1,2,3,1,8,6,1.9459101490553132,1,0,1,6,6,1,0.6931471805599453,0,1,1,1,1,1,0.6931471805599453,0,1,1,1,1,1,34,185.0
8,2.1972245773362196,1,2,3,1,8,8,2.1972245773362196,1,2,3,1,8,11,2.4849066497880004,0,2,1,4,1,2,1.0986122886681098,1,2,2,2,2,3,1.3862943611198906,0,0,3,3,3,4,1.6094379124341003,1,1,4,4,4,5,1.791759469228055,0,2,0,5,5,6,1.9459101490553132,1,0,1,6,6,3,1.3862943611198906,0,0,3,3,3,6,1.9459101490553132,1,0,1,6,6,1,14,653.0
9,2.302585092994046,0,0,4,2,9,1,0.6931471805599453,0,1,1,1,1,8,2.1972245773362196,1,2,3,1,8,1,0.6931471805599453,0,1,1,1,1,2,1.0986122886681098,1,2,2,2,2,4,1.6094379124341003,1,1,4,4,4,5,1.791759469228055,0,2,0,5,5,1,0.6931471805599453,0,1,1,1,1,1,0.6931471805599453,0,1,1,1,1,6,1.9459101490553132,1,0,1,6,6,1,34,319.0
7,2.0794415416798357,0,1,2,0,7,7,2.0794415416798357,0,1,2,0,7,10,2.3978952727983707,1,1,0,3,0,1,0.6931471805599453,0,1,1,1,1,10,2.3978952727983707,1,1,0,3,0,1,0.6931471805599453,0,1,1,1,1,2,1.0986122886681098,1,2,2,2,2,2,1.0986122886681098,1,2,2,2,2,5,1.791759469228055,0,2,0,5,5,7,2.0794415416798357,0,1,2,0,7,1,28,37.0
5,1.791759469228055,0,2,0,5,5,2,1.0986122886681098,1,2,2,2,2,5,1.791759469228055,0,2,0,5,5,4,1.6094379124341003,1,1,4,4,4,12,2.5649493574615367,1,0,2,5,2,4,1.6094379124341003,1,1,4,4,4,5,1.791759469228055,0,2,0,5,5,1,0.6931471805599453,0,1,1,1,1,6,1.9459101490553132,1,0,1,6,6,8,2.1972245773362196,1,2,3,1,8,1,23,81.0
3,1.3862943611198906,0,0,3,3,3,2,1.0986122886681098,1,2,2,2,2,6,1.9459101490553132,1,0,1,6,6,2,1.0986122886681098,1,2,2,2,2,3,1.3862943611198906,0,0,3,3,3,1,0.6931471805599453,0,1,1,1,1,2,1.0986122886681098,1,2,2,2,2,4,1.6094379124341003,1,1,4,4,4,3,1.3862943611198906,0,0,3,3,3,7,2.0794415416798357,0,1,2,0,7,1,24,97.0
4,1.6094379124341003,1,1,4,4,4,2,1.0986122886681098,1,2,2,2,2,7,2.0794415416798357,0,1,2,0,7,7,2.0794415416798357,0,1,2,0,7,11,2.4849066497880004,0,2,1,4,1,11,2.4849066497880004,0,2,1,4,1,12,2.5649493574615367,1,0,2,5,2,2,1.0986122886681098,1,2,2,2,2,5,1.791759469228055,0,2,0,5,5,3,1.3862943611198906,0,0,3,3,3,1,9,12829.0
2,1.0986122886681098,1,2,2,2,2,7,2.0794415416798357,0,1,2,0,7,10,2.3978952727983707,1,1,0,3,0,4,1.6094379124341003,1,1,4,4,4,8,2.1972245773362196,1,2,3,1,8,11,2.4849066497880004,0,2,1,4,1,12,2.5649493574615367,1,0,2,5,2,4,1.6094379124341003,1,1,4,4,4,5,1.791759469228055,0,2,0,5,5,6,1.9459101490553132,1,0,1,6,6,1,13,459.0
8,2.1972245773362196,1,2,3,1,8,3,1.3862943611198906,0,0,3,3,3,4,1.6094379124341003,1,1,4,4,4,2,1.0986122886681098,1,2,2,2,2,10,2.3978952727983707,1,1,0,3,0,1,0.6931471805599453,0,1,1,1,1,2,1.0986122886681098,1,2,2,2,2,6,1.9459101490553132,1,0,1,6,6,2,1.0986122886681098,1,2,2,2,2,4,1.6094379124341003,1,1,4,4,4,1,31,25.0
4,1.6094379124341003,1,1,4,4,4,3,1.3862943611198906,0,0,3,3,3,4,1.6094379124341003,1,1,4,4,4,5,1.791759469228055,0,2,0,5,5,9,2.302585092994046,0,0,4,2,9,5,1.791759469228055,0,2,0,5,5,7,2.0794415416798357,0,1,2,0,7,2,1.0986122886681098,1,2,2,2,2,8,2.1972245773362196,1,2,3,1,8,2,1.0986122886681098,1,2,2,2,2,1,12,2377.0
12,2.5649493574615367,1,0,2,5,2,10,2.3978952727983707,1,1,0,3,0,11,2.4849066497880004,0,2,1,4,1,4,1.6094379124341003,1,1,4,4,4,6,1.9459101490553132,1,0,1,6,6,1,0.6931471805599453,0,1,1,1,1,2,1.0986122886681098,1,2,2,2,2,4,1.6094379124341003,1,1,4,4,4,5,1.791759469228055,0,2,0,5,5,4,1.6094379124341003,1,1,4,4,4,1,23,1321.0
7,2.0794415416798357,0,1,2,0,7,1,0.6931471805599453,0,1,1,1,1,5,1.791759469228055,0,2,0,5,5,1,0.6931471805599453,0,1,1,1,1,11,2.4849066497880004,0,2,1,4,1,2,1.0986122886681098,1,2,2,2,2,3,1.3862943611198906,0,0,3,3,3,2,1.0986122886681098,1,2,2,2,2,4,1.6094379124341003,1,1,4,4,4,1,0.6931471805599453,0,1,1,1,1,1,27,40.0
5,1.791759469228055,0,2,0,5,5,8,2.1972245773362196,1,2,3,1,8,10,2.3978952727983707,1,1,0,3,0,1,0.6931471805599453,0,1,1,1,1,2,1.0986122886681098,1,2,2,2,2,4,1.6094379124341003,1,1,4,4,4,7,2.0794415416798357,0,1,2,0,7,1,0.6931471805599453,0,1,1,1,1,1,0.6931471805599453,0,1,1,1,1,4,1.6094379124341003,1,1,4,4,4,1,32,135.0
4,1.6094379124341003,1,1,4,4,4,3,1.3862943611198906,0,0,3,3,3,8,2.1972245773362196,1,2,3,1,8,2,1.0986122886681098,1,2,2,2,2,12,2.5649493574615367,1,0,2,5,2,1,0.6931471805599453,0,1,1,1,1,11,2.4849066497880004,0,2,1,4,1,7,2.0794415416798357,0,1,2,0,7,5,1.791759469228055,0,2,0,5,5,7,2.0794415416798357,0,1,2,0,7,1,16,655.0
6,1.9459101490553132,1,0,1,6,6,4,1.6094379124341003,1,1,4,4,4,9,2.302585092994046,0,0,4,2,9,3,1.3862943611198906,0,0,3,3,3,4,1.6094379124341003,1,1,4,4,4,1,0.6931471805599453,0,1,1,1,1,3,1.3862943611198906,0,0,3,3,3,7,2.0794415416798357,0,1,2,0,7,8,2.1972245773362196,1,2,3,1,8,1,0.6931471805599453,0,1,1,1,1,1,25,17.0
6,1.9459101490553132,1,0,1,6,6,6,1.9459101490553132,1,0,1,6,6,10,2.3978952727983707,1,1,0,3,0,2,1.0986122886681098,1,2,2,2,2,8,2.1972245773362196,1,2,3,1,8,8,2.1972245773362196,1,2,3,1,8,12,2.5649493574615367,1,0,2,5,2,5,1.791759469228055,0,2,0,5,5,1,0.6931471805599453,0,1,1,1,1,8,2.1972245773362196,1,2,3,1,8,1,23,293.0
11,2.4849066497880004,0,2,1,4,1,5,1.791759469228055,0,2,0,5,5,6,1.9459101490553132,1,0,1,6,6,11,2.4849066497880004,0,2,1,4,1,12,2.5649493574615367,1,0,2,5,2,4,1.6094379124341003,1,1,4,4,4,6,1.9459101490553132,1,0,1,6,6,2,1.0986122886681098,1,2,2,2,2,8,2.1972245773362196,1,2,3,1,8,7,2.0794415416798357,0,1,2,0,7,1,11,353.0
7,2.0794415416798357,0,1,2,0,7,1,0.6931471805599453,0,1,1,1,1,8,2.1972245773362196,1,2,3,1,8,1,0.6931471805599453,0,1,1,1,1,3,1.3862943611198906,0,0,3,3,3,4,1.6094379124341003,1,1,4,4,4,6,1.9459101490553132,1,0,1,6,6,6,1.9459101490553132,1,0,1,6,6,7,2.0794415416798357,0,1,2,0,7,8,2.1972245773362196,1,2,3,1,8,1,24,413.0
9,2.302585092994046,0,0,4,2,9,5,1.791759469228055,0,2,0,5,5,8,2.1972245773362196,1,2,3,1,8,2,1.0986122886681098,1,2,2,2,2,3,1.3862943611198906,0,0,3,3,3,6,1.9459101490553132,1,0,1,6,6,11,2.4849066497880004,0,2,1,4,1,8,2.1972245773362196,1,2,3,1,8,1,0.6931471805599453,0,1,1,1,1,3,1.3862943611198906,0,0,3,3,3,1,18,1105.0
4,1.6094379124341003,1,1,4,4,4,4,1.6094379124341003,1,1,4,4,4,6,1.9459101490553132,1,0,1,6,6,5,1.791759469228055,0,2,0,5,5,6,1.9459101490553132,1,0,1,6,6,3,1.3862943611198906,0,0,3,3,3,4,1.6094379124341003,1,1,4,4,4,3,1.3862943611198906,0,0,3,3,3,8,2.1972245773362196,1,2,3,1,8,7,2.0794415416798357,0,1,2,0,7,1,12,343.0
3,1.3862943611198906,0,0,3,3,3,4,1.6094379124341003,1,1,4,4,4,5,1.791759469228055,0,2,0,5,5,3,1.3862943611198906,0,0,3,3,3,10,2.3978952727983707,1,1,0,3,0,2,1.0986122886681098,1,2,2,2,2,11,2.4849066497880004,0,2,1,4,1,2,1.0986122886681098,1,2,2,2,2,1,0.6931471805599453,0,1,1,1,1,4,1.6094379124341003,1,1,4,4,4,1,19,459.0
3,1.3862943611198906,0,0,3,3,3,3,1.3862943611198906,0,0,3,3,3,12,2.5649493574615367,1,0,2,5,2,5,1.791759469228055,0,2,0,5,5,8,2.1972245773362196,1,2,3,1,8,8,2.1972245773362196,1,2,3,1,8,9,2.302585092994046,0,0,4,2,9,7,2.0794415416798357,0,1,2,0,7,7,2.0794415416798357,0,1,2,0,7,7,2.0794415416798357,0,1,2,0,7,1,9,961.0
4,1.6094379124341003,1,1,4,4,4,4,1.6094379124341003,1,1,4,4,4,6,1.9459101490553132,1,0,1,6,6,4,1.6094379124341003,1,1,4,4,4,5,1.791759469228055,0,2,0,5,5,4,1.6094379124341003,1,1,4,4,4,7,2.0794415416798357,0,1,2,0,7,1,0.6931471805599453,0,1,1,1,1,3,1.3862943611198906,0,0,3,3,3,3,1.3862943611198906,0,0,3,3,3,1,18,201.0
10,2.3978952727983707,1,1,0,3,0,3,1.3862943611198906,0,0,3,3,3,11,2.4849066497880004,0,2,1,4,1,1,0.6931471805599453,0,1,1,1,1,5,1.791759469228055,0,2,0,5,5,1,0.6931471805599453,0,1,1,1,1,11,2.4849066497880004,0,2,1,4,1,4,1.6094379124341003,1,1,4,4,4,2,1.0986122886681098,1,2,2,2,2,3,1.3862943611198906,0,0,3,3,3,1,22,146.0
4,1.6094379124341003,1,1,4,4,4,9,2.302585092994046,0,0,4,2,9,11,2.4849066497880004,0,2,1,4,1,10,2.3978952727983707,1,1,0,3,0,12,2.5649493574615367,1,0,2,5,2,3,1.3862943611198906,0,0,3,3,3,4,1.6094379124341003,1,1,4,4,4,8,2.1972245773362196,1,2,3,1,8,6,1.9459101490553132,1,0,1,6,6,7,2.0794415416798357,0,1,2,0,7,1,9,196.0
4,1.6094379124341003,1,1,4,4,4,3,1.3862943611198906,0,0,3,3,3,6,1.9459101490553132,1,0,1,6,6,6,1.9459101490553132,1,0,1,6,6,9,2.302585092994046,0,0,4,2,9,1,0.6931471805599453,0,1,1,1,1,4,1.6094379124341003,1,1,4,4,4,5,1.791759469228055,0,2,0,5,5,2,1.0986122886681098,1,2,2,2,2,5,1.791759469228055,0,2,0,5,5,1,19,167.0
9,2.302585092994046,0,0,4,2,9,1,0.6931471805599453,0,1,1,1,1,6,1.9459101490553132,1,0,1,6,6,7,2.0794415416798357,0,1,2,0,7,9,2.302585092994046,0,0,4,2,9,1,0.6931471805599453,0,1,1,1,1,8,2.1972245773362196,1,2,3,1,8,5,1.791759469228055,0,2,0,5,5,4,1.6094379124341003,1,1,4,4,4,4,1.6094379124341003,1,1,4,4,4,1,21,275.0
7,2.0794415416798357,0,1,2,0,7,1,0.6931471805599453,0,1,1,1,1,11,2.4849066497880004,0,2,1,4,1,4,1.6094379124341003,1,1,4,4,4,10,2.3978952727983707,1,1,0,3,0,3,1.3862943611198906,0,0,3,3,3,6,1.9459101490553132,1,0,1,6,6,7,2.0794415416798357,0,1,2,0,7,4,1.6094379124341003,1,1,4,4,4,8,2.1972245773362196,1,2,3,1,8,1,14,321.0
9,2.302585092994046,0,0,4,2,9,1,0.6931471805599453,0,1,1,1,1,5,1.791759469228055,0,2,0,5,5,1,0.6931471805599453,0,1,1,1,1,2,1.0986122886681098,1,2,2,2,2,4,1.6094379124341003,1,1,4,4,4,5,1.791759469228055,0,2,0,5,5,6,1.9459101490553132,1,0,1,6,6,3,1.3862943611198906,0,0,3,3,3,7,2.0794415416798357,0,1,2,0,7,1,22,177.0
2,1.0986122886681098,1,2,2,2,2,1,0.6931471805599453,0,1,1,1,1,3,1.3862943611198906,0,0,3,3,3,5,1.791759469228055,0,2,0,5,5,11,2.4849066497880004,0,2,1,4,1,2,1.0986122886681098,1,2,2,2,2,3,1.3862943611198906,0,0,3,3,3,5,1.791759469228055,0,2,0,5,5,6,1.9459101490553132,1,0,1,6,6,5,1.791759469228055,0,2,0,5,5,1,18,193.0
2,1.0986122886681098,1,2,2,2,2,5,1.791759469228055,0,2,0,5,5,10,2.3978952727983707,1,1,0,3,0,3,1.3862943611198906,0,0,3,3,3,9,2.302585092994046,0,0,4,2,9,6,1.9459101490553132,1,0,1,6,6,7,2.0794415416798357,0,1,2,0,7,7,2.0794415416798357,0,1,2,0,7,1,0.6931471805599453,0,1,1,1,1,6,1.9459101490553132,1,0,1,6,6,1,18,701.0
2,1.0986122886681098,1,2,2,2,2,3,1.3862943611198906,0,0,3,3,3,10,2.3978952727983707,1,1,0,3,0,3,1.3862943611198906,0,0,3,3,3,5,1.791759469228055,0,2,0,5,5,4,1.6094379124341003,1,1,4,4,4,11,2.4849066497880004,0,2,1,4,1,2,1.0986122886681098,1,2,2,2,2,3,1.3862943611198906,0,0,3,3,3,5,1.791759469228055,0,2,0,5,5,1,11,573.0
8,2.1972245773362196,1,2,3,1,8,3,1.3862943611198906,0,0,3,3,3,6,1.9459101490553132,1,0,1,6,6,2,1.0986122886681098,1,2,2,2,2,5,1.791759469228055,0,2,0,5,5,4,1.6094379124341003,1,1,4,4,4,9,2.302585092994046,0,0,4,2,9,2,1.0986122886681098,1,2,2,2,2,1,0.6931471805599453,0,1,1,1,1,3,1.3862943611198906,0,0,3,3,3,1,22,11.0
6,1.9459101490553132,1,0,1,6,6,1,0.6931471805599453,0,1,1,1,1,2,1.0986122886681098,1,2,2,2,2,2,1.0986122886681098,1,2,2,2,2,7,2.0794415416798357,0,1,2,0,7,3,1.3862943611198906,0,0,3,3,3,7,2.0794415416798357,0,1,2,0,7,8,2.1972245773362196,1,2,3,1,8,5,1.791759469228055,0,2,0,5,5,2,1.0986122886681098,1,2,2,2,2,1,20,195.0
10,2.3978952727983707,1,1,0,3,0,6,1.9459101490553132,1,0,1,6,6,9,2.302585092994046,0,0,4,2,9,1,0.6931471805599453,0,1,1,1,1,5,1.791759469228055,0,2,0,5,5,5,1.791759469228055,0,2,0,5,5,9,2.302585092994046,0,0,4,2,9,8,2.1972245773362196,1,2,3,1,8,6,1.9459101490553132,1,0,1,6,6,6,1.9459101490553132,1,0,1,6,6,1,16,463.0
11,2.4849066497880004,0,2,1,4,1,9,2.302585092994046,0,0,4,2,9,12,2.5649493574615367,1,0,2,5,2,2,1.0986122886681098,1,2,2,2,2,5,1.791759469228055,0,2,0,5,5,2,1.0986122886681098,1,2,2,2,2,8,2.1972245773362196,1,2,3,1,8,3,1.3862943611198906,0,0,3,3,3,7,2.0794415416798357,0,1,2,0,7,7,2.0794415416798357,0,1,2,0,7,1,8,19.0
10,2.3978952727983707,1,1,0,3,0,1,0.6931471805599453,0,1,1,1,1,4,1.6094379124341003,1,1,4,4,4,5,1.791759469228055,0,2,0,5,5,10,2.3978952727983707,1,1,0,3,0,3,1.3862943611198906,0,0,3,3,3,5,1.791759469228055,0,2,0,5,5,2,1.0986122886681098,1,2,2,2,2,4,1.6094379124341003,1,1,4,4,4,6,1.9459101490553132,1,0,1,6,6,1,22,121.0
6,1.9459101490553132,1,0,1,6,6,1,0.6931471805599453,0,1,1,1,1,9,2.302585092994046,0,0,4,2,9,5,1.791759469228055,0,2,0,5,5,8,2.1972245773362196,1,2,3,1,8,3,1.3862943611198906,0,0,3,3,3,4,1.6094379124341003,1,1,4,4,4,7,2.0794415416798357,0,1,2,0,7,1,0.6931471805599453,0,1,1,1,1,6,1.9459101490553132,1,0,1,6,6,1,22,1217.0
7,2.0794415416798357,0,1,2,0,7,6,1.9459101490553132,1,0,1,6,6,7,2.0794415416798357,0,1,2,0,7,7,2.0794415416798357,0,1,2,0,7,12,2.5649493574615367,1,0,2,5,2,1,0.6931471805599453,0,1,1,1,1,3,1.3862943611198906,0,0,3,3,3,2,1.0986122886681098,1,2,2,2,2,6,1.9459101490553132,1,0,1,6,6,5,1.791759469228055,0,2,0,5,5,1,21,509.0
2,1.0986122886681098,1,2,2,2,2,3,1.3862943611198906,0,0,3,3,3,9,2.302585092994046,0,0,4,2,9,7,2.0794415416798357,0,1,2,0,7,10,2.3978952727983707,1,1,0,3,0,2,1.0986122886681098,1,2,2,2,2,7,2.0794415416798357,0,1,2,0,7,8,2.1972245773362196,1,2,3,1,8,3,1.3862943611198906,0,0,3,3,3,8,2.1972245773362196,1,2,3,1,8,1,12,2101.0
9,2.302585092994046,0,0,4,2,9,7,2.0794415416798357,0,1,2,0,7,8,2.1972245773362196,1,2,3,1,8,1,0.6931471805599453,0,1,1,1,1,8,2.1972245773362196,1,2,3,1,8,2,1.0986122886681098,1,2,2,2,2,8,2.1972245773362196,1,2,3,1,8,5,1.791759469228055,0,2,0,5,5,2,1.0986122886681098,1,2,2,2,2,1,0.6931471805599453,0,1,1,1,1,1,27,57.0
11,2.4849066497880004,0,2,1,4,1,6,1.9459101490553132,1,0,1,6,6,12,2.5649493574615367,1,0,2,5,2,1,0.6931471805599453,0,1,1,1,1,2,1.0986122886681098,1,2,2,2,2,1,0.6931471805599453,0,1,1,1,1,2,1.0986122886681098,1,2,2,2,2,3,1.3862943611198906,0,0,3,3,3,1,0.6931471805599453,0,1,1,1,1,5,1.791759469228055,0,2,0,5,5,1,32,11.0
3,1.3862943611198906,0,0,3,3,3,2,1.0986122886681098,1,2,2,2,2,7,2.0794415416798357,0,1,2,0,7,1,0.6931471805599453,0,1,1,1,1,3,1.3862943611198906,0,0,3,3,3,3,1.3862943611198906,0,0,3,3,3,5,1.791759469228055,0,2,0,5,5,2,1.0986122886681098,1,2,2,2,2,2,1.0986122886681098,1,2,2,2,2,3,1.3862943611198906,0,0,3,3,3,1,18,787.0
12,2.5649493574615367,1,0,2,5,2,3,1.3862943611198906,0,0,3,3,3,10,2.3978952727983707,1,1,0,3,0,1,0.6931471805599453,0,1,1,1,1,2,1.0986122886681098,1,2,2,2,2,10,2.3978952727983707,1,1,0,3,0,12,2.5649493574615367,1,0,2,5,2,6,1.9459101490553132,1,0,1,6,6,8,2.1972245773362196,1,2,3,1,8,3,1.3862943611198906,0,0,3,3,3,1,26,161.0
5,1.791759469228055,0,2,0,5,5,9,2.302585092994046,0,0,4,2,9,11,2.4849066497880004,0,2,1,4,1,5,1.791759469228055,0,2,0,5,5,10,2.3978952727983707,1,1,0,3,0,4,1.6094379124341003,1,1,4,4,4,10,2.3978952727983707,1,1,0,3,0,5,1.791759469228055,0,2,0,5,5,1,0.6931471805599453,0,1,1,1,1,1,0.6931471805599453,0,1,1,1,1,1,27,497.0
11,2.4849066497880004,0,2,1,4,1,1,0.6931471805599453,0,1,1,1,1,2,1.0986122886681098,1,2,2,2,2,6,1.9459101490553132,1,0,1,6,6,10,2.3978952727983707,1,1,0,3,0,2,1.0986122886681098,1,2,2,2,2,12,2.5649493574615367,1,0,2,5,2,6,1.9459101490553132,1,0,1,6,6,2,1.0986122886681098,1,2,2,2,2,6,1.9459101490553132,1,0,1,6,6,1,33,109.0
6,1.9459101490553132,1,0,1,6,6,4,1.6094379124341003,1,1,4,4,4,12,2.5649493574615367,1,0,2,5,2,1,0.6931471805599453,0,1,1,1,1,11,2.4849066497880004,0,2,1,4,1,2,1.0986122886681098,1,2,2,2,2,8,2.1972245773362196,1,2,3,1,8,2,1.0986122886681098,1,2,2,2,2,3,1.3862943611198906,0,0,3,3,3,6,1.9459101490553132,1,0,1,6,6,1,28,307.0
4,1.6094379124341003,1,1,4,4,4,3,1.3862943611198906,0,0,3,3,3,11,2.4849066497880004,0,2,1,4,1,2,1.0986122886681098,1,2,2,2,2,3,1.3862943611198906,0,0,3,3,3,1,0.6931471805599453,0,1,1,1,1,2,1.0986122886681098,1,2,2,2,2,7,2.0794415416798357,0,1,2,0,7,8,2.1972245773362196,1,2,3,1,8,4,1.6094379124341003,1,1,4,4,4,1,20,1327.0
6,1.9459101490553132,1,0,1,6,6,2,1.0986122886681098,1,2,2,2,2,5,1.791759469228055,0,2,0,5,5,1,0.6931471805599453,0,1,1,1,1,3,1.3862943611198906,0,0,3,3,3,5,1.791759469228055,0,2,0,5,5,9,2.302585092994046,0,0,4,2,9,4,1.6094379124341003,1,1,4,4,4,1,0.6931471805599453,0,1,1,1,1,7,2.0794415416798357,0,1,2,0,7,1,22,262.0
8,2.1972245773362196,1,2,3,1,8,2,1.0986122886681098,1,2,2,2,2,5,1.791759469228055,0,2,0,5,5,6,1.9459101490553132,1,0,1,6,6,9,2.302585092994046,0,0,4,2,9,5,1.791759469228055,0,2,0,5,5,7,2.0794415416798357,0,1,2,0,7,1,0.6931471805599453,0,1,1,1,1,5,1.791759469228055,0,2,0,5,5,2,1.0986122886681098,1,2,2,2,2,1,17,194.0
6,1.9459101490553132,1,0,1,6,6,3,1.3862943611198906,0,0,3,3,3,9,2.302585092994046,0,0,4,2,9,3,1.3862943611198906,0,0,3,3,3,9,2.302585092994046,0,0,4,2,9,2,1.0986122886681098,1,2,2,2,2,5,1.791759469228055,0,2,0,5,5,7,2.0794415416798357,0,1,2,0,7,7,2.0794415416798357,0,1,2,0,7,5,1.791759469228055,0,2,0,5,5,1,11,39.0
8,2.1972245773362196,1,2,3,1,8,2,1.0986122886681098,1,2,2,2,2,11,2.4849066497880004,0,2,1,4,1,2,1.0986122886681098,1,2,2,2,2,5,1.791759469228055,0,2,0,5,5,1,0.6931471805599453,0,1,1,1,1,9,2.302585092994046,0,0,4,2,9,8,2.1972245773362196,1,2,3,1,8,2,1.0986122886681098,1,2,2,2,2,5,1.791759469228055,0,2,0,5,5,1,20,2372.0
12,2.5649493574615367,1,0,2,5,2,1,0.6931471805599453,0,1,1,1,1,2,1.0986122886681098,1,2,2,2,2,1,0.6931471805599453,0,1,1,1,1,2,1.0986122886681098,1,2,2,2,2,2,1.0986122886681098,1,2,2,2,2,4,1.6094379124341003,1,1,4,4,4,6,1.9459101490553132,1,0,1,6,6,7,2.0794415416798357,0,1,2,0,7,8,2.1972245773362196,1,2,3,1,8,1,35,23.0
7,2.0794415416798357,0,1,2,0,7,2,1.0986122886681098,1,2,2,2,2,4,1.6094379124341003,1,1,4,4,4,10,2.3978952727983707,1,1,0,3,0,12,2.5649493574615367,1,0,2,5,2,6,1.9459101490553132,1,0,1,6,6,10,2.3978952727983707,1,1,0,3,0,4,1.6094379124341003,1,1,4,4,4,7,2.0794415416798357,0,1,2,0,7,6,1.9459101490553132,1,0,1,6,6,1,15,703.0
6,1.9459101490553132,1,0,1,6,6,1,0.6931471805599453,0,1,1,1,1,10,2.3978952727983707,1,1,0,3,0,1,0.6931471805599453,0,1,1,1,1,4,1.6094379124341003,1,1,4,4,4,1,0.6931471805599453,0,1,1,1,1,3,1.3862943611198906,0,0,3,3,3,6,1.9459101490553132,1,0,1,6,6,2,1.0986122886681098,1,2,2,2,2,6,1.9459101490553132,1,0,1,6,6,1,35,127.0
7,2.0794415416798357,0,1,2,0,7,2,1.0986122886681098,1,2,2,2,2,6,1.9459101490553132,1,0,1,6,6,11,2.4849066497880004,0,2,1,4,1,12,2.5649493574615367,1,0,2,5,2,7,2.0794415416798357,0,1,2,0,7,10,2.3978952727983707,1,1,0,3,0,5,1.791759469228055,0,2,0,5,5,1,0.6931471805599453,0,1,1,1,1,5,1.791759469228055,0,2,0,5,5,1,17,521.0
11,2.4849066497880004,0,2,1,4,1,6,1.9459101490553132,1,0,1,6,6,8,2.1972245773362196,1,2,3,1,8,3,1.3862943611198906,0,0,3,3,3,5,1.791759469228055,0,2,0,5,5,2,1.0986122886681098,1,2,2,2,2,6,1.9459101490553132,1,0,1,6,6,5,1.791759469228055,0,2,0,5,5,3,1.3862943611198906,0,0,3,3,3,3,1.3862943611198906,0,0,3,3,3,1,14,419.0
4,1.6094379124341003,1,1,4,4,4,3,1.3862943611198906,0,0,3,3,3,11,2.4849066497880004,0,2,1,4,1,2,1.0986122886681098,1,2,2,2,2,3,1.3862943611198906,0,0,3,3,3,1,0.6931471805599453,0,1,1,1,1,6,1.9459101490553132,1,0,1,6,6,2,1.0986122886681098,1,2,2,2,2,6,1.9459101490553132,1,0,1,6,6,7,2.0794415416798357,0,1,2,0,7,1,22,425.0
12,2.5649493574615367,1,0,2,5,2,3,1.3862943611198906,0,0,3,3,3,7,2.0794415416798357,0,1,2,0,7,3,1.3862943611198906,0,0,3,3,3,5,1.791759469228055,0,2,0,5,5,3,1.3862943611198906,0,0,3,3,3,7,2.0794415416798357,0,1,2,0,7,2,1.0986122886681098,1,2,2,2,2,8,2.1972245773362196,1,2,3,1,8,3,1.3862943611198906,0,0,3,3,3,1,13,7.0
4,1.6094379124341003,1,1,4,4,4,1,0.6931471805599453,0,1,1,1,1,2,1.0986122886681098,1,2,2,2,2,2,1.0986122886681098,1,2,2,2,2,3,1.3862943611198906,0,0,3,3,3,2,1.0986122886681098,1,2,2,2,2,6,1.9459101490553132,1,0,1,6,6,7,2.0794415416798357,0,1,2,0,7,8,2.1972245773362196,1,2,3,1,8,7,2.0794415416798357,0,1,2,0,7,1,24,143.0
3,1.3862943611198906,0,0,3,3,3,2,1.0986122886681098,1,2,2,2,2,3,1.3862943611198906,0,0,3,3,3,3,1.3862943611198906,0,0,3,3,3,8,2.1972245773362196,1,2,3,1,8,1,0.6931471805599453,0,1,1,1,1,2,1.0986122886681098,1,2,2,2,2,6,1.9459101490553132,1,0,1,6,6,1,0.6931471805599453,0,1,1,1,1,2,1.0986122886681098,1,2,2,2,2,1,32,21.0
3,1.3862943611198906,0,0,3,3,3,3,1.3862943611198906,0,0,3,3,3,5,1.791759469228055,0,2,0,5,5,1,0.6931471805599453,0,1,1,1,1,3,1.3862943611198906,0,0,3,3,3,2,1.0986122886681098,1,2,2,2,2,4,1.6094379124341003,1,1,4,4,4,6,1.9459101490553132,1,0,1,6,6,2,1.0986122886681098,1,2,2,2,2,3,1.3862943611198906,0,0,3,3,3,1,24,6.0
3,1.3862943611198906,0,0,3,3,3,2,1.0986122886681098,1,2,2,2,2,9,2.302585092994046,0,0,4,2,9,1,0.6931471805599453,0,1,1,1,1,9,2.302585092994046,0,0,4,2,9,6,1.9459101490553132,1,0,1,6,6,10,2.3978952727983707,1,1,0,3,0,4,1.6094379124341003,1,1,4,4,4,5,1.791759469228055,0,2,0,5,5,7,2.0794415416798357,0,1,2,0,7,1,17,254.0
5,1.791759469228055,0,2,0,5,5,2,1.0986122886681098,1,2,2,2,2,3,1.3862943611198906,0,0,3,3,3,2,1.0986122886681098,1,2,2,2,2,6,1.9459101490553132,1,0,1,6,6,1,0.6931471805599453,0,1,1,1,1,5,1.791759469228055,0,2,0,5,5,1,0.6931471805599453,0,1,1,1,1,7,2.0794415416798357,0,1,2,0,7,6,1.9459101490553132,1,0,1,6,6,1,26,73.0
8,2.1972245773362196,1,2,3,1,8,2,1.0986122886681098,1,2,2,2,2,4,1.6094379124341003,1,1,4,4,4,1,0.6931471805599453,0,1,1,1,1,9,2.302585092994046,0,0,4,2,9,1,0.6931471805599453,0,1,1,1,1,4,1.6094379124341003,1,1,4,4,4,2,1.0986122886681098,1,2,2,2,2,8,2.1972245773362196,1,2,3,1,8,8,2.1972245773362196,1,2,3,1,8,1,38,245.0
9,2.302585092994046,0,0,4,2,9,6,1.9459101490553132,1,0,1,6,6,9,2.302585092994046,0,0,4,2,9,1,0.6931471805599453,0,1,1,1,1,3,1.3862943611198906,0,0,3,3,3,3,1.3862943611198906,0,0,3,3,3,5,1.791759469228055,0,2,0,5,5,5,1.791759469228055,0,2,0,5,5,3,1.3862943611198906,0,0,3,3,3,6,1.9459101490553132,1,0,1,6,6,1,27,247.0
12,2.5649493574615367,1,0,2,5,2,8,2.1972245773362196,1,2,3,1,8,10,2.3978952727983707,1,1,0,3,0,1,0.6931471805599453,0,1,1,1,1,6,1.9459101490553132,1,0,1,6,6,7,2.0794415416798357,0,1,2,0,7,9,2.302585092994046,0,0,4,2,9,5,1.791759469228055,0,2,0,5,5,8,2.1972245773362196,1,2,3,1,8,4,1.6094379124341003,1,1,4,4,4,1,15,2089.0
10,2.3978952727983707,1,1,0,3,0,4,1.6094379124341003,1,1,4,4,4,6,1.9459101490553132,1,0,1,6,6,6,1.9459101490553132,1,0,1,6,6,7,2.0794415416798357,0,1,2,0,7,9,2.302585092994046,0,0,4,2,9,10,2.3978952727983707,1,1,0,3,0,6,1.9459101490553132,1,0,1,6,6,2,1.0986122886681098,1,2,2,2,2,2,1.0986122886681098,1,2,2,2,2,1,17,983.0
10,2.3978952727983707,1,1,0,3,0,1,0.6931471805599453,0,1,1,1,1,7,2.0794415416798357,0,1,2,0,7,8,2.1972245773362196,1,2,3,1,8,10,2.3978952727983707,1,1,0,3,0,2,1.0986122886681098,1,2,2,2,2,7,2.0794415416798357,0,1,2,0,7,6,1.9459101490553132,1,0,1,6,6,8,2.1972245773362196,1,2,3,1,8,2,1.0986122886681098,1,2,2,2,2,1,23,242.0
3,1.3862943611198906,0,0,3,3,3,3,1.3862943611198906,0,0,3,3,3,11,2.4849066497880004,0,2,1,4,1,3,1.3862943611198906,0,0,3,3,3,4,1.6094379124341003,1,1,4,4,4,1,0.6931471805599453,0,1,1,1,1,8,2.1972245773362196,1,2,3,1,8,6,1.9459101490553132,1,0,1,6,6,5,1.791759469228055,0,2,0,5,5,1,0.6931471805599453,0,1,1,1,1,1,24,903.0
8,2.1972245773362196,1,2,3,1,8,1,0.6931471805599453,0,1,1,1,1,4,1.6094379124341003,1,1,4,4,4,6,1.9459101490553132,1,0,1,6,6,8,2.1972245773362196,1,2,3,1,8,7,2.0794415416798357,0,1,2,0,7,9,2.302585092994046,0,0,4,2,9,4,1.6094379124341003,1,1,4,4,4,1,0.6931471805599453,0,1,1,1,1,2,1.0986122886681098,1,2,2,2,2,1,28,401.0
5,1.791759469228055,0,2,0,5,5,6,1.9459101490553132,1,0,1,6,6,7,2.0794415416798357,0,1,2,0,7,7,2.0794415416798357,0,1,2,0,7,10,2.3978952727983707,1,1,0,3,0,8,2.1972245773362196,1,2,3,1,8,11,2.4849066497880004,0,2,1,4,1,6,1.9459101490553132,1,0,1,6,6,8,2.1972245773362196,1,2,3,1,8,6,1.9459101490553132,1,0,1,6,6,1,6,896.0
10,2.3978952727983707,1,1,0,3,0,4,1.6094379124341003,1,1,4,4,4,7,2.0794415416798357,0,1,2,0,7,3,1.3862943611198906,0,0,3,3,3,5,1.791759469228055,0,2,0,5,5,3,1.3862943611198906,0,0,3,3,3,4,1.6094379124341003,1,1,4,4,4,2,1.0986122886681098,1,2,2,2,2,3,1.3862943611198906,0,0,3,3,3,5,1.791759469228055,0,2,0,5,5,1,10,2033.0
3,1.3862943611198906,0,0,3,3,3,1,0.6931471805599453,0,1,1,1,1,6,1.9459101490553132,1,0,1,6,6,1,0.6931471805599453,0,1,1,1,1,2,1.0986122886681098,1,2,2,2,2,10,2.3978952727983707,1,1,0,3,0,12,2.5649493574615367,1,0,2,5,2,2,1.0986122886681098,1,2,2,2,2,7,2.0794415416798357,0,1,2,0,7,6,1.9459101490553132,1,0,1,6,6,1,32,47.0
6,1.9459101490553132,1,0,1,6,6,4,1.6094379124341003,1,1,4,4,4,7,2.0794415416798357,0,1,2,0,7,1,0.6931471805599453,0,1,1,1,1,11,2.4849066497880004,0,2,1,4,1,2,1.0986122886681098,1,2,2,2,2,3,1.3862943611198906,0,0,3,3,3,8,2.1972245773362196,1,2,3,1,8,1,0.6931471805599453,0,1,1,1,1,3,1.3862943611198906,0,0,3,3,3,1,24,79.0
5,1.791759469228055,0,2,0,5,5,5,1.791759469228055,0,2,0,5,5,6,1.9459101490553132,1,0,1,6,6,2,1.0986122886681098,1,2,2,2,2,3,1.3862943611198906,0,0,3,3,3,1,0.6931471805599453,0,1,1,1,1,6,1.9459101490553132,1,0,1,6,6,1,0.6931471805599453,0,1,1,1,1,8,2.1972245773362196,1,2,3,1,8,5,1.791759469228055,0,2,0,5,5,1,26,55.0
6,1.9459101490553132,1,0,1,6,6,6,1.9459101490553132,1,0,1,6,6,8,2.1972245773362196,1,2,3,1,8,1,0.6931471805599453,0,1,1,1,1,2,1.0986122886681098,1,2,2,2,2,3,1.3862943611198906,0,0,3,3,3,5,1.791759469228055,0,2,0,5,5,1,0.6931471805599453,0,1,1,1,1,8,2.1972245773362196,1,2,3,1,8,3,1.3862943611198906,0,0,3,3,3,1,28,353.0
9,2.302585092994046,0,0,4,2,9,1,0.6931471805599453,0,1,1,1,1,5,1.791759469228055,0,2,0,5,5,2,1.0986122886681098,1,2,2,2,2,7,2.0794415416798357,0,1,2,0,7,3,1.3862943611198906,0,0,3,3,3,5,1.791759469228055,0,2,0,5,5,2,1.0986122886681098,1,2,2,2,2,4,1.6094379124341003,1,1,4,4,4,6,1.9459101490553132,1,0,1,6,6,1,17,173.0
10,2.3978952727983707,1,1,0,3,0,4,1.6094379124341003,1,1,4,4,4,5,1.791759469228055,0,2,0,5,5,1,0.6931471805599453,0,1,1,1,1,8,2.1972245773362196,1,2,3,1,8,1,0.6931471805599453,0,1,1,1,1,2,1.0986122886681098,1,2,2,2,2,3,1.3862943611198906,0,0,3,3,3,3,1.3862943611198906,0,0,3,3,3,6,1.9459101490553132,1,0,1,6,6,1,26,533.0
5,1.791759469228055,0,2,0,5,5,5,1.791759469228055,0,2,0,5,5,6,1.9459101490553132,1,0,1,6,6,6,1.9459101490553132,1,0,1,6,6,9,2.302585092994046,0,0,4,2,9,1,0.6931471805599453,0,1,1,1,1,2,1.0986122886681098,1,2,2,2,2,5,1.791759469228055,0,2,0,5,5,5,1.791759469228055,0,2,0,5,5,2,1.0986122886681098,1,2,2,2,2,1,21,35.0
9,2.302585092994046,0,0,4,2,9,4,1.6094379124341003,1,1,4,4,4,6,1.9459101490553132,1,0,1,6,6,8,2.1972245773362196,1,2,3,1,8,9,2.302585092994046,0,0,4,2,9,4,1.6094379124341003,1,1,4,4,4,12,2.5649493574615367,1,0,2,5,2,1,0.6931471805599453,0,1,1,1,1,8,2.1972245773362196,1,2,3,1,8,3,1.3862943611198906,0,0,3,3,3,1,23,143.0
11,2.4849066497880004,0,2,1,4,1,2,1.0986122886681098,1,2,2,2,2,5,1.791759469228055,0,2,0,5,5,2,1.0986122886681098,1,2,2,2,2,6,1.9459101490553132,1,0,1,6,6,6,1.9459101490553132,1,0,1,6,6,7,2.0794415416798357,0,1,2,0,7,1,0.6931471805599453,0,1,1,1,1,6,1.9459101490553132,1,0,1,6,6,7,2.0794415416798357,0,1,2,0,7,1,20,119.0
7,2.0794415416798357,0,1,2,0,7,1,0.6931471805599453,0,1,1,1,1,2,1.0986122886681098,1,2,2,2,2,4,1.6094379124341003,1,1,4,4,4,10,2.3978952727983707,1,1,0,3,0,4,1.6094379124341003,1,1,4,4,4,6,1.9459101490553132,1,0,1,6,6,2,1.0986122886681098,1,2,2,2,2,6,1.9459101490553132,1,0,1,6,6,4,1.6094379124341003,1,1,4,4,4,1,26,221.0
3,1.3862943611198906,0,0,3,3,3,2,1.0986122886681098,1,2,2,2,2,6,1.9459101490553132,1,0,1,6,6,6,1.9459101490553132,1,0,1,6,6,9,2.302585092994046,0,0,4,2,9,1,0.6931471805599453,0,1,1,1,1,2,1.0986122886681098,1,2,2,2,2,6,1.9459101490553132,1,0,1,6,6,4,1.6094379124341003,1,1,4,4,4,8,2.1972245773362196,1,2,3,1,8,1,28,61.0
11,2.4849066497880004,0,2,1,4,1,1,0.6931471805599453,0,1,1,1,1,12,2.5649493574615367,1,0,2,5,2,2,1.0986122886681098,1,2,2,2,2,11,2.4849066497880004,0,2,1,4,1,1,0.6931471805599453,0,1,1,1,1,4,1.6094379124341003,1,1,4,4,4,6,1.9459101490553132,1,0,1,6,6,4,1.6094379124341003,1,1,4,4,4,3,1.3862943611198906,0,0,3,3,3,1,28,887.0
10,2.3978952727983707,1,1,0,3,0,3,1.3862943611198906,0,0,3,3,3,7,2.0794415416798357,0,1,2,0,7,4,1.6094379124341003,1,1,4,4,4,5,1.791759469228055,0,2,0,5,5,1,0.6931471805599453,0,1,1,1,1,3,1.3862943611198906,0,0,3,3,3,3,1.3862943611198906,0,0,3,3,3,1,0.6931471805599453,0,1,1,1,1,6,1.9459101490553132,1,0,1,6,6,1,24,203.0
4,1.6094379124341003,1,1,4,4,4,7,2.0794415416798357,0,1,2,0,7,10,2.3978952727983707,1,1,0,3,0,5,1.791759469228055,0,2,0,5,5,11,2.4849066497880004,0,2,1,4,1,4,1.6094379124341003,1,1,4,4,4,6,1.9459101490553132,1,0,1,6,6,3,1.3862943611198906,0,0,3,3,3,6,1.9459101490553132,1,0,1,6,6,6,1.9459101490553132,1,0,1,6,6,1,8,1127.0
9,2.302585092994046,0,0,4,2,9,4,1.6094379124341003,1,1,4,4,4,5,1.791759469228055,0,2,0,5,5,5,1.791759469228055,0,2,0,5,5,9,2.302585092994046,0,0,4,2,9,6,1.9459101490553132,1,0,1,6,6,11,2.4849066497880004,0,2,1,4,1,5,1.791759469228055,0,2,0,5,5,7,2.0794415416798357,0,1,2,0,7,4,1.6094379124341003,1,1,4,4,4,1,5,1229.0
2,1.0986122886681098,1,2,2,2,2,4,1.6094379124341003,1,1,4,4,4,8,2.1972245773362196,1,2,3,1,8,3,1.3862943611198906,0,0,3,3,3,5,1.791759469228055,0,2,0,5,5,2,1.0986122886681098,1,2,2,2,2,4,1.6094379124341003,1,1,4,4,4,5,1.791759469228055,0,2,0,5,5,4,1.6094379124341003,1,1,4,4,4,5,1.791759469228055,0,2,0,5,5,1,18,17.0
8,2.1972245773362196,1,2,3,1,8,4,1.6094379124341003,1,1,4,4,4,11,2.4849066497880004,0,2,1,4,1,3,1.3862943611198906,0,0,3,3,3,12,2.5649493574615367,1,0,2,5,2,9,2.302585092994046,0,0,4,2,9,11,2.4849066497880004,0,2,1,4,1,8,2.1972245773362196,1,2,3,1,8,7,2.0794415416798357,0,1,2,0,7,4,1.6094379124341003,1,1,4,4,4,1,11,117.0
4,1.6094379124341003,1,1,4,4,4,3,1.3862943611198906,0,0,3,3,3,12,2.5649493574615367,1,0,2,5,2,1,0.6931471805599453,0,1,1,1,1,2,1.0986122886681098,1,2,2,2,2,3,1.3862943611198906,0,0,3,3,3,7,2.0794415416798357,0,1,2,0,7,8,2.1972245773362196,1,2,3,1,8,3,1.3862943611198906,0,0,3,3,3,6,1.9459101490553132,1,0,1,6,6,1,25,447.0
3,1.3862943611198906,0,0,3,3,3,1,0.6931471805599453,0,1,1,1,1,5,1.791759469228055,0,2,0,5,5,1,0.6931471805599453,0,1,1,1,1,3,1.3862943611198906,0,0,3,3,3,6,1.9459101490553132,1,0,1,6,6,8,2.1972245773362196,1,2,3,1,8,7,2.0794415416798357,0,1,2,0,7,7,2.0794415416798357,0,1,2,0,7,5,1.791759469228055,0,2,0,5,5,1,22,189.0
5,1.791759469228055,0,2,0,5,5,2,1.0986122886681098,1,2,2,2,2,10,2.3978952727983707,1,1,0,3,0,7,2.0794415416798357,0,1,2,0,7,8,2.1972245773362196,1,2,3,1,8,6,1.9459101490553132,1,0,1,6,6,7,2.0794415416798357,0,1,2,0,7,7,2.0794415416798357,0,1,2,0,7,7,2.0794415416798357,0,1,2,0,7,6,1.9459101490553132,1,0,1,6,6,1,12,1119.0
4,1.6094379124341003,1,1,4,4,4,9,2.302585092994046,0,0,4,2,9,11,2.4849066497880004,0,2,1,4,1,1,0.6931471805599453,0,1,1,1,1,5,1.791759469228055,0,2,0,5,5,3,1.3862943611198906,0,0,3,3,3,4,1.6094379124341003,1,1,4,4,4,8,2.1972245773362196,1,2,3,1,8,3,1.3862943611198906,0,0,3,3,3,5,1.791759469228055,0,2,0,5,5,1,16,4267.0
11,2.4849066497880004,0,2,1,4,1,1,0.6931471805599453,0,1,1,1,1,2,1.0986122886681098,1,2,2,2,2,8,2.1972245773362196,1,2,3,1,8,11,2.4849066497880004,0,2,1,4,1,6,1.9459101490553132,1,0,1,6,6,8,2.1972245773362196,1,2,3,1,8,3,1.3862943611198906,0,0,3,3,3,1,0.6931471805599453,0,1,1,1,1,3,1.3862943611198906,0,0,3,3,3,1,25,125.0
3,1.3862943611198906,0,0,3,3,3,1,0.6931471805599453,0,1,1,1,1,2,1.0986122886681098,1,2,2,2,2,3,1.3862943611198906,0,0,3,3,3,7,2.0794415416798357,0,1,2,0,7,5,1.791759469228055,0,2,0,5,5,9,2.302585092994046,0,0,4,2,9,1,0.6931471805599453,0,1,1,1,1,5,1.791759469228055,0,2,0,5,5,5,1.791759469228055,0,2,0,5,5,1,23,271.0
9,2.302585092994046,0,0,4,2,9,1,0.6931471805599453,0,1,1,1,1,2,1.0986122886681098,1,2,2,2,2,2,1.0986122886681098,1,2,2,2,2,3,1.3862943611198906,0,0,3,3,3,5,1.791759469228055,0,2,0,5,5,11,2.4849066497880004,0,2,1,4,1,5,1.791759469228055,0,2,0,5,5,3,1.3862943611198906,0,0,3,3,3,5,1.791759469228055,0,2,0,5,5,1,16,269.0
9,2.302585092994046,0,0,4,2,9,5,1.791759469228055,0,2,0,5,5,7,2.0794415416798357,0,1,2,0,7,1,0.6931471805599453,0,1,1,1,1,2,1.0986122886681098,1,2,2,2,2,3,1.3862943611198906,0,0,3,3,3,5,1.791759469228055,0,2,0,5,5,2,1.0986122886681098,1,2,2,2,2,2,1.0986122886681098,1,2,2,2,2,6,1.9459101490553132,1,0,1,6,6,1,18,247.0
10,2.3978952727983707,1,1,0,3,0,3,1.3862943611198906,0,0,3,3,3,7,2.0794415416798357,0,1,2,0,7,8,2.1972245773362196,1,2,3,1,8,9,2.302585092994046,0,0,4,2,9,5,1.791759469228055,0,2,0,5,5,10,2.3978952727983707,1,1,0,3,0,4,1.6094379124341003,1,1,4,4,4,2,1.0986122886681098,1,2,2,2,2,2,1.0986122886681098,1,2,2,2,2,1,14,253.0
6,1.9459101490553132,1,0,1,6,6,3,1.3862943611198906,0,0,3,3,3,4,1.6094379124341003,1,1,4,4,4,5,1.791759469228055,0,2,0,5,5,7,2.0794415416798357,0,1,2,0,7,1,0.6931471805599453,0,1,1,1,1,2,1.0986122886681098,1,2,2,2,2,3,1.3862943611198906,0,0,3,3,3,7,2.0794415416798357,0,1,2,0,7,5,1.791759469228055,0,2,0,5,5,1,16,76.0
3,1.3862943611198906,0,0,3,3,3,7,2.0794415416798357,0,1,2,0,7,11,2.4849066497880004,0,2,1,4,1,4,1.6094379124341003,1,1,4,4,4,7,2.0794415416798357,0,1,2,0,7,4,1.6094379124341003,1,1,4,4,4,11,2.4849066497880004,0,2,1,4,1,7,2.0794415416798357,0,1,2,0,7,1,0.6931471805599453,0,1,1,1,1,5,1.791759469228055,0,2,0,5,5,1,14,600.0
12,2.5649493574615367,1,0,2,5,2,1,0.6931471805599453,0,1,1,1,1,2,1.0986122886681098,1,2,2,2,2,2,1.0986122886681098,1,2,2,2,2,5,1.791759469228055,0,2,0,5,5,2,1.0986122886681098,1,2,2,2,2,4,1.6094379124341003,1,1,4,4,4,7,2.0794415416798357,0,1,2,0,7,3,1.3862943611198906,0,0,3,3,3,6,1.9459101490553132,1,0,1,6,6,1,25,167.0
9,2.302585092994046,0,0,4,2,9,2,1.0986122886681098,1,2,2,2,2,7,2.0794415416798357,0,1,2,0,7,5,1.791759469228055,0,2,0,5,5,11,2.4849066497880004,0,2,1,4,1,3,1.3862943611198906,0,0,3,3,3,4,1.6094379124341003,1,1,4,4,4,4,1.6094379124341003,1,1,4,4,4,1,0.6931471805599453,0,1,1,1,1,4,1.6094379124341003,1,1,4,4,4,1,16,3331.0
9,2.302585092994046,0,0,4,2,9,1,0.6931471805599453,0,1,1,1,1,5,1.791759469228055,0,2,0,5,5,5,1.791759469228055,0,2,0,5,5,8,2.1972245773362196,1,2,3,1,8,10,2.3978952727983707,1,1,0,3,0,11,2.4849066497880004,0,2,1,4,1,6,1.9459101490553132,1,0,1,6,6,7,2.0794415416798357,0,1,2,0,7,1,0.6931471805599453,0,1,1,1,1,1,20,8709.0
12,2.5649493574615367,1,0,2,5,2,7,2.0794415416798357,0,1,2,0,7,8,2.1972245773362196,1,2,3,1,8,2,1.0986122886681098,1,2,2,2,2,6,1.9459101490553132,1,0,1,6,6,4,1.6094379124341003,1,1,4,4,4,6,1.9459101490553132,1,0,1,6,6,8,2.1972245773362196,1,2,3,1,8,2,1.0986122886681098,1,2,2,2,2,3,1.3862943611198906,0,0,3,3,3,1,23,401.0
3,1.3862943611198906,0,0,3,3,3,4,1.6094379124341003,1,1,4,4,4,5,1.791759469228055,0,2,0,5,5,2,1.0986122886681098,1,2,2,2,2,3,1.3862943611198906,0,0,3,3,3,2,1.0986122886681098,1,2,2,2,2,3,1.3862943611198906,0,0,3,3,3,6,1.9459101490553132,1,0,1,6,6,4,1.6094379124341003,1,1,4,4,4,6,1.9459101490553132,1,0,1,6,6,1,20,37.0
12,2.5649493574615367,1,0,2,5,2,7,2.0794415416798357,0,1,2,0,7,8,2.1972245773362196,1,2,3,1,8,6,1.9459101490553132,1,0,1,6,6,10,2.3978952727983707,1,1,0,3,0,1,0.6931471805599453,0,1,1,1,1,6,1.9459101490553132,1,0,1,6,6,4,1.6094379124341003,1,1,4,4,4,6,1.9459101490553132,1,0,1,6,6,2,1.0986122886681098,1,2,2,2,2,1,24,107.0
2,1.0986122886681098,1,2,2,2,2,1,0.6931471805599453,0,1,1,1,1,3,1.3862943611198906,0,0,3,3,3,2,1.0986122886681098,1,2,2,2,2,4,1.6094379124341003,1,1,4,4,4,3,1.3862943611198906,0,0,3,3,3,10,2.3978952727983707,1,1,0,3,0,6,1.9459101490553132,1,0,1,6,6,2,1.0986122886681098,1,2,2,2,2,7,2.0794415416798357,0,1,2,0,7,1,24,139.0
2,1.0986122886681098,1,2,2,2,2,3,1.3862943611198906,0,0,3,3,3,5,1.791759469228055,0,2,0,5,5,2,1.0986122886681098,1,2,2,2,2,5,1.791759469228055,0,2,0,5,5,1,0.6931471805599453,0,1,1,1,1,2,1.0986122886681098,1,2,2,2,2,3,1.3862943611198906,0,0,3,3,3,7,2.0794415416798357,0,1,2,0,7,7,2.0794415416798357,0,1,2,0,7,1,15,97.0
9,2.302585092994046,0,0,4,2,9,1,0.6931471805599453,0,1,1,1,1,2,1.0986122886681098,1,2,2,2,2,1,0.6931471805599453,0,1,1,1,1,4,1.6094379124341003,1,1,4,4,4,1,0.6931471805599453,0,1,1,1,1,4,1.6094379124341003,1,1,4,4,4,1,0.6931471805599453,0,1,1,1,1,5,1.791759469228055,0,2,0,5,5,6,1.9459101490553132,1,0,1,6,6,1,34,43.0
8,2.1972245773362196,1,2,3,1,8,2,1.0986122886681098,1,2,2,2,2,7,2.0794415416798357,0,1,2,0,7,3,1.3862943611198906,0,0,3,3,3,4,1.6094379124341003,1,1,4,4,4,2,1.0986122886681098,1,2,2,2,2,7,2.0794415416798357,0,1,2,0,7,6,1.9459101490553132,1,0,1,6,6,2,1.0986122886681098,1,2,2,2,2,2,1.0986122886681098,1,2,2,2,2,1,21,40.0
10,2.3978952727983707,1,1,0,3,0,4,1.6094379124341003,1,1,4,4,4,9,2.302585092994046,0,0,4,2,9,8,2.1972245773362196,1,2,3,1,8,9,2.302585092994046,0,0,4,2,9,2,1.0986122886681098,1,2,2,2,2,10,2.3978952727983707,1,1,0,3,0,6,1.9459101490553132,1,0,1,6,6,5,1.791759469228055,0,2,0,5,5,1,0.6931471805599453,0,1,1,1,1,1,19,589.0
9,2.302585092994046,0,0,4,2,9,3,1.3862943611198906,0,0,3,3,3,6,1.9459101490553132,1,0,1,6,6,2,1.0986122886681098,1,2,2,2,2,5,1.791759469228055,0,2,0,5,5,2,1.0986122886681098,1,2,2,2,2,6,1.9459101490553132,1,0,1,6,6,6,1.9459101490553132,1,0,1,6,6,4,1.6094379124341003,1,1,4,4,4,2,1.0986122886681098,1,2,2,2,2,1,22,173.0
10,2.3978952727983707,1,1,0,3,0,2,1.0986122886681098,1,2,2,2,2,10,2.3978952727983707,1,1,0,3,0,9,2.302585092994046,0,0,4,2,9,10,2.3978952727983707,1,1,0,3,0,7,2.0794415416798357,0,1,2,0,7,8,2.1972245773362196,1,2,3,1,8,6,1.9459101490553132,1,0,1,6,6,5,1.791759469228055,0,2,0,5,5,4,1.6094379124341003,1,1,4,4,4,1,13,897.0
12,2.5649493574615367,1,0,2,5,2,4,1.6094379124341003,1,1,4,4,4,7,2.0794415416798357,0,1,2,0,7,9,2.302585092994046,0,0,4,2,9,10,2.3978952727983707,1,1,0,3,0,1,0.6931471805599453,0,1,1,1,1,4,1.6094379124341003,1,1,4,4,4,4,1.6094379124341003,1,1,4,4,4,7,2.0794415416798357,0,1,2,0,7,7,2.0794415416798357,0,1,2,0,7,1,18,453.0
12,2.5649493574615367,1,0,2,5,2,3,1.3862943611198906,0,0,3,3,3,9,2.302585092994046,0,0,4,2,9,2,1.0986122886681098,1,2,2,2,2,4,1.6094379124341003,1,1,4,4,4,2,1.0986122886681098,1,2,2,2,2,8,2.1972245773362196,1,2,3,1,8,2,1.0986122886681098,1,2,2,2,2,7,2.0794415416798357,0,1,2,0,7,7,2.0794415416798357,0,1,2,0,7,1,17,161.0
12,2.5649493574615367,1,0,2,5,2,9,2.302585092994046,0,0,4,2,9,12,2.5649493574615367,1,0,2,5,2,8,2.1972245773362196,1,2,3,1,8,10,2.3978952727983707,1,1,0,3,0,2,1.0986122886681098,1,2,2,2,2,5,1.791759469228055,0,2,0,5,5,7,2.0794415416798357,0,1,2,0,7,8,2.1972245773362196,1,2,3,1,8,8,2.1972245773362196,1,2,3,1,8,1,11,16.0
8,2.1972245773362196,1,2,3,1,8,1,0.6931471805599453,0,1,1,1,1,6,1.9459101490553132,1,0,1,6,6,1,0.6931471805599453,0,1,1,1,1,3,1.3862943611198906,0,0,3,3,3,3,1.3862943611198906,0,0,3,3,3,4,1.6094379124341003,1,1,4,4,4,8,2.1972245773362196,1,2,3,1,8,6,1.9459101490553132,1,0,1,6,6,8,2.1972245773362196,1,2,3,1,8,1,29,121.0
2,1.0986122886681098,1,2,2,2,2,3,1.3862943611198906,0,0,3,3,3,11,2.4849066497880004,0,2,1,4,1,8,2.1972245773362196,1,2,3,1,8,11,2.4849066497880004,0,2,1,4,1,4,1.6094379124341003,1,1,4,4,4,12,2.5649493574615367,1,0,2,5,2,4,1.6094379124341003,1,1,4,4,4,7,2.0794415416798357,0,1,2,0,7,4,1.6094379124341003,1,1,4,4,4,1,16,239.0
9,2.302585092994046,0,0,4,2,9,8,2.1972245773362196,1,2,3,1,8,9,2.302585092994046,0,0,4,2,9,3,1.3862943611198906,0,0,3,3,3,12,2.5649493574615367,1,0,2,5,2,2,1.0986122886681098,1,2,2,2,2,4,1.6094379124341003,1,1,4,4,4,5,1.791759469228055,0,2,0,5,5,5,1.791759469228055,0,2,0,5,5,3,1.3862943611198906,0,0,3,3,3,1,14,145.0
8,2.1972245773362196,1,2,3,1,8,4,1.6094379124341003,1,1,4,4,4,10,2.3978952727983707,1,1,0,3,0,2,1.0986122886681098,1,2,2,2,2,3,1.3862943611198906,0,0,3,3,3,1,0.6931471805599453,0,1,1,1,1,4,1.6094379124341003,1,1,4,4,4,5,1.791759469228055,0,2,0,5,5,7,2.0794415416798357,0,1,2,0,7,2,1.0986122886681098,1,2,2,2,2,1,22,199.0
10,2.3978952727983707,1,1,0,3,0,5,1.791759469228055,0,2,0,5,5,7,2.0794415416798357,0,1,2,0,7,6,1.9459101490553132,1,0,1,6,6,10,2.3978952727983707,1,1,0,3,0,4,1.6094379124341003,1,1,4,4,4,10,2.3978952727983707,1,1,0,3,0,4,1.6094379124341003,1,1,4,4,4,4,1.6094379124341003,1,1,4,4,4,3,1.3862943611198906,0,0,3,3,3,1,10,36.0
8,2.1972245773362196,1,2,3,1,8,1,0.6931471805599453,0,1,1,1,1,5,1.791759469228055,0,2,0,5,5,1,0.6931471805599453,0,1,1,1,1,2,1.0986122886681098,1,2,2,2,2,7,2.0794415416798357,0,1,2,0,7,9,2.302585092994046,0,0,4,2,9,2,1.0986122886681098,1,2,2,2,2,8,2.1972245773362196,1,2,3,1,8,8,2.1972245773362196,1,2,3,1,8,1,27,809.0
12,2.5649493574615367,1,0,2,5,2,2,1.0986122886681098,1,2,2,2,2,12,2.5649493574615367,1,0,2,5,2,7,2.0794415416798357,0,1,2,0,7,8,2.1972245773362196,1,2,3,1,8,4,1.6094379124341003,1,1,4,4,4,6,1.9459101490553132,1,0,1,6,6,2,1.0986122886681098,1,2,2,2,2,6,1.9459101490553132,1,0,1,6,6,6,1.9459101490553132,1,0,1,6,6,1,28,49.0
10,2.3978952727983707,1,1,0,3,0,3,1.3862943611198906,0,0,3,3,3,5,1.791759469228055,0,2,0,5,5,8,2.1972245773362196,1,2,3,1,8,9,2.302585092994046,0,0,4,2,9,4,1.6094379124341003,1,1,4,4,4,7,2.0794415416798357,0,1,2,0,7,1,0.6931471805599453,0,1,1,1,1,7,2.0794415416798357,0,1,2,0,7,5,1.791759469228055,0,2,0,5,5,1,15,1003.0
3,1.3862943611198906,0,0,3,3,3,1,0.6931471805599453,0,1,1,1,1,3,1.3862943611198906,0,0,3,3,3,2,1.0986122886681098,1,2,2,2,2,8,2.1972245773362196,1,2,3,1,8,2,1.0986122886681098,1,2,2,2,2,4,1.6094379124341003,1,1,4,4,4,6,1.9459101490553132,1,0,1,6,6,3,1.3862943611198906,0,0,3,3,3,8,2.1972245773362196,1,2,3,1,8,1,27,41.0
3,1.3862943611198906,0,0,3,3,3,1,0.6931471805599453,0,1,1,1,1,3,1.3862943611198906,0,0,3,3,3,3,1.3862943611198906,0,0,3,3,3,4,1.6094379124341003,1,1,4,4,4,4,1.6094379124341003,1,1,4,4,4,7,2.0794415416798357,0,1,2,0,7,1,0.6931471805599453,0,1,1,1,1,2,1.0986122886681098,1,2,2,2,2,6,1.9459101490553132,1,0,1,6,6,1,27,977.0
10,2.3978952727983707,1,1,0,3,0,6,1.9459101490553132,1,0,1,6,6,10,2.3978952727983707,1,1,0,3,0,1,0.6931471805599453,0,1,1,1,1,2,1.0986122886681098,1,2,2,2,2,6,1.9459101490553132,1,0,1,6,6,8,2.1972245773362196,1,2,3,1,8,7,2.0794415416798357,0,1,2,0,7,7,2.0794415416798357,0,1,2,0,7,2,1.0986122886681098,1,2,2,2,2,1,23,56.0
3,1.3862943611198906,0,0,3,3,3,4,1.6094379124341003,1,1,4,4,4,6,1.9459101490553132,1,0,1,6,6,7,2.0794415416798357,0,1,2,0,7,10,2.3978952727983707,1,1,0,3,0,2,1.0986122886681098,1,2,2,2,2,5,1.791759469228055,0,2,0,5,5,2,1.0986122886681098,1,2,2,2,2,5,1.791759469228055,0,2,0,5,5,7,2.0794415416798357,0,1,2,0,7,1,12,191.0
7,2.0794415416798357,0,1,2,0,7,5,1.791759469228055,0,2,0,5,5,6,1.9459101490553132,1,0,1,6,6,7,2.0794415416798357,0,1,2,0,7,9,2.302585092994046,0,0,4,2,9,3,1.3862943611198906,0,0,3,3,3,5,1.791759469228055,0,2,0,5,5,8,2.1972245773362196,1,2,3,1,8,2,1.0986122886681098,1,2,2,2,2,6,1.9459101490553132,1,0,1,6,6,1,9,115.0
8,2.1972245773362196,1,2,3,1,8,4,1.6094379124341003,1,1,4,4,4,8,2.1972245773362196,1,2,3,1,8,2,1.0986122886681098,1,2,2,2,2,6,1.9459101490553132,1,0,1,6,6,2,1.0986122886681098,1,2,2,2,2,6,1.9459101490553132,1,0,1,6,6,5,1.791759469228055,0,2,0,5,5,6,1.9459101490553132,1,0,1,6,6,5,1.791759469228055,0,2,0,5,5,1,20,29.0
8,2.1972245773362196,1,2,3,1,8,3,1.3862943611198906,0,0,3,3,3,6,1.9459101490553132,1,0,1,6,6,1,0.6931471805599453,0,1,1,1,1,12,2.5649493574615367,1,0,2,5,2,1,0.6931471805599453,0,1,1,1,1,8,2.1972245773362196,1,2,3,1,8,2,1.0986122886681098,1,2,2,2,2,1,0.6931471805599453,0,1,1,1,1,4,1.6094379124341003,1,1,4,4,4,1,36,43.0
4,1.6094379124341003,1,1,4,4,4,9,2.302585092994046,0,0,4,2,9,11,2.4849066497880004,0,2,1,4,1,4,1.6094379124341003,1,1,4,4,4,7,2.0794415416798357,0,1,2,0,7,3,1.3862943611198906,0,0,3,3,3,9,2.302585092994046,0,0,4,2,9,3,1.3862943611198906,0,0,3,3,3,6,1.9459101490553132,1,0,1,6,6,1,0.6931471805599453,0,1,1,1,1,1,18,501.0
9,2.302585092994046,0,0,4,2,9,1,0.6931471805599453,0,1,1,1,1,2,1.0986122886681098,1,2,2,2,2,5,1.791759469228055,0,2,0,5,5,7,2.0794415416798357,0,1,2,0,7,6,1.9459101490553132,1,0,1,6,6,10,2.3978952727983707,1,1,0,3,0,2,1.0986122886681098,1,2,2,2,2,3,1.3862943611198906,0,0,3,3,3,3,1.3862943611198906,0,0,3,3,3,1,20,81.0
11,2.4849066497880004,0,2,1,4,1,1,0.6931471805599453,0,1,1,1,1,2,1.0986122886681098,1,2,2,2,2,3,1.3862943611198906,0,0,3,3,3,4,1.6094379124341003,1,1,4,4,4,5,1.791759469228055,0,2,0,5,5,7,2.0794415416798357,0,1,2,0,7,7,2.0794415416798357,0,1,2,0,7,1,0.6931471805599453,0,1,1,1,1,2,1.0986122886681098,1,2,2,2,2,1,21,447.0
7,2.0794415416798357,0,1,2,0,7,1,0.6931471805599453,0,1,1,1,1,5,1.791759469228055,0,2,0,5,5,2,1.0986122886681098,1,2,2,2,2,4,1.6094379124341003,1,1,4,4,4,1,0.6931471805599453,0,1,1,1,1,11,2.4849066497880004,0,2,1,4,1,7,2.0794415416798357,0,1,2,0,7,5,1.791759469228055,0,2,0,5,5,6,1.9459101490553132,1,0,1,6,6,1,21,1297.0
11,2.4849066497880004,0,2,1,4,1,2,1.0986122886681098,1,2,2,2,2,5,1.791759469228055,0,2,0,5,5,4,1.6094379124341003,1,1,4,4,4,6,1.9459101490553132,1,0,1,6,6,2,1.0986122886681098,1,2,2,2,2,6,1.9459101490553132,1,0,1,6,6,4,1.6094379124341003,1,1,4,4,4,2,1.0986122886681098,1,2,2,2,2,2,1.0986122886681098,1,2,2,2,2,1,24,24.0
8,2.1972245773362196,1,2,3,1,8,4,1.6094379124341003,1,1,4,4,4,6,1.9459101490553132,1,0,1,6,6,1,0.6931471805599453,0,1,1,1,1,3,1.3862943611198906,0,0,3,3,3,3,1.3862943611198906,0,0,3,3,3,4,1.6094379124341003,1,1,4,4,4,7,2.0794415416798357,0,1,2,0,7,1,0.6931471805599453,0,1,1,1,1,8,2.1972245773362196,1,2,3,1,8,1,26,19.0
6,1.9459101490553132,1,0,1,6,6,6,1.9459101490553132,1,0,1,6,6,7,2.0794415416798357,0,1,2,0,7,7,2.0794415416798357,0,1,2,0,7,11,2.4849066497880004,0,2,1,4,1,11,2.4849066497880004,0,2,1,4,1,12,2.5649493574615367,1,0,2,5,2,2,1.0986122886681098,1,2,2,2,2,2,1.0986122886681098,1,2,2,2,2,4,1.6094379124341003,1,1,4,4,4,1,15,3379.0
11,2.4849066497880004,0,2,1,4,1,1,0.6931471805599453,0,1,1,1,1,3,1.3862943611198906,0,0,3,3,3,9,2.302585092994046,0,0,4,2,9,11,2.4849066497880004,0,2,1,4,1,6,1.9459101490553132,1,0,1,6,6,7,2.0794415416798357,0,1,2,0,7,2,1.0986122886681098,1,2,2,2,2,3,1.3862943611198906,0,0,3,3,3,6,1.9459101490553132,1,0,1,6,6,1,20,1219.0
7,2.0794415416798357,0,1,2,0,7,1,0.6931471805599453,0,1,1,1,1,2,1.0986122886681098,1,2,2,2,2,2,1.0986122886681098,1,2,2,2,2,7,2.0794415416798357,0,1,2,0,7,1,0.6931471805599453,0,1,1,1,1,3,1.3862943611198906,0,0,3,3,3,1,0.6931471805599453,0,1,1,1,1,1,0.6931471805599453,0,1,1,1,1,3,1.3862943611198906,0,0,3,3,3,1,33,61.0
12,2.5649493574615367,1,0,2,5,2,1,0.6931471805599453,0,1,1,1,1,3,1.3862943611198906,0,0,3,3,3,11,2.4849066497880004,0,2,1,4,1,12,2.5649493574615367,1,0,2,5,2,10,2.3978952727983707,1,1,0,3,0,11,2.4849066497880004,0,2,1,4,1,6,1.9459101490553132,1,0,1,6,6,4,1.6094379124341003,1,1,4,4,4,3,1.3862943611198906,0,0,3,3,3,1,22,2861.0
5,1.791759469228055,0,2,0,5,5,2,1.0986122886681098,1,2,2,2,2,9,2.302585092994046,0,0,4,2,9,6,1.9459101490553132,1,0,1,6,6,9,2.302585092994046,0,0,4,2,9,2,1.0986122886681098,1,2,2,2,2,5,1.791759469228055,0,2,0,5,5,6,1.9459101490553132,1,0,1,6,6,2,1.0986122886681098,1,2,2,2,2,1,0.6931471805599453,0,1,1,1,1,1,21,79.0
12,2.5649493574615367,1,0,2,5,2,2,1.0986122886681098,1,2,2,2,2,10,2.3978952727983707,1,1,0,3,0,3,1.3862943611198906,0,0,3,3,3,5,1.791759469228055,0,2,0,5,5,4,1.6094379124341003,1,1,4,4,4,11,2.4849066497880004,0,2,1,4,1,5,1.791759469228055,0,2,0,5,5,8,2.1972245773362196,1,2,3,1,8,8,2.1972245773362196,1,2,3,1,8,1,13,195.0
5,1.791759469228055,0,2,0,5,5,3,1.3862943611198906,0,0,3,3,3,4,1.6094379124341003,1,1,4,4,4,3,1.3862943611198906,0,0,3,3,3,9,2.302585092994046,0,0,4,2,9,2,1.0986122886681098,1,2,2,2,2,8,2.1972245773362196,1,2,3,1,8,3,1.3862943611198906,0,0,3,3,3,7,2.0794415416798357,0,1,2,0,7,7,2.0794415416798357,0,1,2,0,7,1,10,55.0
2,1.0986122886681098,1,2,2,2,2,3,1.3862943611198906,0,0,3,3,3,10,2.3978952727983707,1,1,0,3,0,1,0.6931471805599453,0,1,1,1,1,3,1.3862943611198906,0,0,3,3,3,3,1.3862943611198906,0,0,3,3,3,7,2.0794415416798357,0,1,2,0,7,4,1.6094379124341003,1,1,4,4,4,1,0.6931471805599453,0,1,1,1,1,6,1.9459101490553132,1,0,1,6,6,1,26,2011.0
5,1.791759469228055,0,2,0,5,5,5,1.791759469228055,0,2,0,5,5,12,2.5649493574615367,1,0,2,5,2,1,0.6931471805599453,0,1,1,1,1,4,1.6094379124341003,1,1,4,4,4,5,1.791759469228055,0,2,0,5,5,10,2.3978952727983707,1,1,0,3,0,8,2.1972245773362196,1,2,3,1,8,3,1.3862943611198906,0,0,3,3,3,1,0.6931471805599453,0,1,1,1,1,1,26,137.0
10,2.3978952727983707,1,1,0,3,0,4,1.6094379124341003,1,1,4,4,4,11,2.4849066497880004,0,2,1,4,1,4,1.6094379124341003,1,1,4,4,4,9,2.302585092994046,0,0,4,2,9,1,0.6931471805599453,0,1,1,1,1,8,2.1972245773362196,1,2,3,1,8,3,1.3862943611198906,0,0,3,3,3,3,1.3862943611198906,0,0,3,3,3,6,1.9459101490553132,1,0,1,6,6,1,17,441.0
10,2.3978952727983707,1,1,0,3,0,2,1.0986122886681098,1,2,2,2,2,10,2.3978952727983707,1,1,0,3,0,1,0.6931471805599453,0,1,1,1,1,4,1.6094379124341003,1,1,4,4,4,3,1.3862943611198906,0,0,3,3,3,12,2.5649493574615367,1,0,2,5,2,8,2.1972245773362196,1,2,3,1,8,8,2.1972245773362196,1,2,3,1,8,8,2.1972245773362196,1,2,3,1,8,1,25,33.0
12,2.5649493574615367,1,0,2,5,2,8,2.1972245773362196,1,2,3,1,8,11,2.4849066497880004,0,2,1,4,1,5,1.791759469228055,0,2,0,5,5,6,1.9459101490553132,1,0,1,6,6,5,1.791759469228055,0,2,0,5,5,8,2.1972245773362196,1,2,3,1,8,5,1.791759469228055,0,2,0,5,5,6,1.9459101490553132,1,0,1,6,6,5,1.791759469228055,0,2,0,5,5,1,10,605.0
6,1.9459101490553132,1,0,1,6,6,3,1.3862943611198906,0,0,3,3,3,4,1.6094379124341003,1,1,4,4,4,9,2.302585092994046,0,0,4,2,9,11,2.4849066497880004,0,2,1,4,1,6,1.9459101490553132,1,0,1,6,6,7,2.0794415416798357,0,1,2,0,7,2,1.0986122886681098,1,2,2,2,2,8,2.1972245773362196,1,2,3,1,8,7,2.0794415416798357,0,1,2,0,7,1,10,8989.0
3,1.3862943611198906,0,0,3,3,3,2,1.0986122886681098,1,2,2,2,2,7,2.0794415416798357,0,1,2,0,7,5,1.791759469228055,0,2,0,5,5,6,1.9459101490553132,1,0,1,6,6,2,1.0986122886681098,1,2,2,2,2,4,1.6094379124341003,1,1,4,4,4,7,2.0794415416798357,0,1,2,0,7,8,2.1972245773362196,1,2,3,1,8,6,1.9459101490553132,1,0,1,6,6,1,14,73.0
12,2.5649493574615367,1,0,2,5,2,4,1.6094379124341003,1,1,4,4,4,5,1.791759469228055,0,2,0,5,5,9,2.302585092994046,0,0,4,2,9,10,2.3978952727983707,1,1,0,3,0,1,0.6931471805599453,0,1,1,1,1,2,1.0986122886681098,1,2,2,2,2,3,1.3862943611198906,0,0,3,3,3,1,0.6931471805599453,0,1,1,1,1,6,1.9459101490553132,1,0,1,6,6,1,27,177.0
7,2.0794415416798357,0,1,2,0,7,7,2.0794415416798357,0,1,2,0,7,11,2.4849066497880004,0,2,1,4,1,5,1.791759469228055,0,2,0,5,5,7,2.0794415416798357,0,1,2,0,7,3,1.3862943611198906,0,0,3,3,3,6,1.9459101490553132,1,0,1,6,6,3,1.3862943611198906,0,0,3,3,3,1,0.6931471805599453,0,1,1,1,1,6,1.9459101490553132,1,0,1,6,6,1,18,573.0
12,2.5649493574615367,1,0,2,5,2,2,1.0986122886681098,1,2,2,2,2,3,1.3862943611198906,0,0,3,3,3,3,1.3862943611198906,0,0,3,3,3,6,1.9459101490553132,1,0,1,6,6,1,0.6931471805599453,0,1,1,1,1,12,2.5649493574615367,1,0,2,5,2,6,1.9459101490553132,1,0,1,6,6,2,1.0986122886681098,1,2,2,2,2,1,0.6931471805599453,0,1,1,1,1,1,41,49.0
8,2.1972245773362196,1,2,3,1,8,4,1.6094379124341003,1,1,4,4,4,5,1.791759469228055,0,2,0,5,5,1,0.6931471805599453,0,1,1,1,1,4,1.6094379124341003,1,1,4,4,4,5,1.791759469228055,0,2,0,5,5,8,2.1972245773362196,1,2,3,1,8,7,2.0794415416798357,0,1,2,0,7,5,1.791759469228055,0,2,0,5,5,6,1.9459101490553132,1,0,1,6,6,1,18,431.0
6,1.9459101490553132,1,0,1,6,6,2,1.0986122886681098,1,2,2,2,2,5,1.791759469228055,0,2,0,5,5,8,2.1972245773362196,1,2,3,1,8,10,2.3978952727983707,1,1,0,3,0,3,1.3862943611198906,0,0,3,3,3,12,2.5649493574615367,1,0,2,5,2,2,1.0986122886681098,1,2,2,2,2,7,2.0794415416798357,0,1,2,0,7,6,1.9459101490553132,1,0,1,6,6,1,18,317.0
10,2.3978952727983707,1,1,0,3,0,6,1.9459101490553132,1,0,1,6,6,8,2.1972245773362196,1,2,3,1,8,2,1.0986122886681098,1,2,2,2,2,3,1.3862943611198906,0,0,3,3,3,4,1.6094379124341003,1,1,4,4,4,8,2.1972245773362196,1,2,3,1,8,7,2.0794415416798357,0,1,2,0,7,2,1.0986122886681098,1,2,2,2,2,1,0.6931471805599453,0,1,1,1,1,1,24,169.0
11,2.4849066497880004,0,2,1,4,1,2,1.0986122886681098,1,2,2,2,2,8,2.1972245773362196,1,2,3,1,8,1,0.6931471805599453,0,1,1,1,1,7,2.0794415416798357,0,1,2,0,7,5,1.791759469228055,0,2,0,5,5,6,1.9459101490553132,1,0,1,6,6,6,1.9459101490553132,1,0,1,6,6,3,1.3862943611198906,0,0,3,3,3,4,1.6094379124341003,1,1,4,4,4,1,17,355.0
9,2.302585092994046,0,0,4,2,9,5,1.791759469228055,0,2,0,5,5,8,2.1972245773362196,1,2,3,1,8,2,1.0986122886681098,1,2,2,2,2,4,1.6094379124341003,1,1,4,4,4,1,0.6931471805599453,0,1,1,1,1,8,2.1972245773362196,1,2,3,1,8,3,1.3862943611198906,0,0,3,3,3,6,1.9459101490553132,1,0,1,6,6,8,2.1972245773362196,1,2,3,1,8,1,22,139.0
12,2.5649493574615367,1,0,2,5,2,2,1.0986122886681098,1,2,2,2,2,10,2.3978952727983707,1,1,0,3,0,1,0.6931471805599453,0,1,1,1,1,7,2.0794415416798357,0,1,2,0,7,2,1.0986122886681098,1,2,2,2,2,10,2.3978952727983707,1,1,0,3,0,7,2.0794415416798357,0,1,2,0,7,3,1.3862943611198906,0,0,3,3,3,4,1.6094379124341003,1,1,4,4,4,1,22,122.0
3,1.3862943611198906,0,0,3,3,3,2,1.0986122886681098,1,2,2,2,2,7,2.0794415416798357,0,1,2,0,7,5,1.791759469228055,0,2,0,5,5,7,2.0794415416798357,0,1,2,0,7,6,1.9459101490553132,1,0,1,6,6,9,2.302585092994046,0,0,4,2,9,8,2.1972245773362196,1,2,3,1,8,2,1.0986122886681098,1,2,2,2,2,5,1.791759469228055,0,2,0,5,5,1,9,419.0
5,1.791759469228055,0,2,0,5,5,4,1.6094379124341003,1,1,4,4,4,7,2.0794415416798357,0,1,2,0,7,10,2.3978952727983707,1,1,0,3,0,12,2.5649493574615367,1,0,2,5,2,2,1.0986122886681098,1,2,2,2,2,3,1.3862943611198906,0,0,3,3,3,5,1.791759469228055,0,2,0,5,5,2,1.0986122886681098,1,2,2,2,2,6,1.9459101490553132,1,0,1,6,6,1,16,857.0
9,2.302585092994046,0,0,4,2,9,7,2.0794415416798357,0,1,2,0,7,8,2.1972245773362196,1,2,3,1,8,2,1.0986122886681098,1,2,2,2,2,3,1.3862943611198906,0,0,3,3,3,5,1.791759469228055,0,2,0,5,5,6,1.9459101490553132,1,0,1,6,6,2,1.0986122886681098,1,2,2,2,2,1,0.6931471805599453,0,1,1,1,1,8,2.1972245773362196,1,2,3,1,8,1,19,457.0
10,2.3978952727983707,1,1,0,3,0,1,0.6931471805599453,0,1,1,1,1,2,1.0986122886681098,1,2,2,2,2,6,1.9459101490553132,1,0,1,6,6,10,2.3978952727983707,1,1,0,3,0,1,0.6931471805599453,0,1,1,1,1,3,1.3862943611198906,0,0,3,3,3,8,2.1972245773362196,1,2,3,1,8,8,2.1972245773362196,1,2,3,1,8,6,1.9459101490553132,1,0,1,6,6,1,28,341.0
5,1.791759469228055,0,2,0,5,5,6,1.9459101490553132,1,0,1,6,6,12,2.5649493574615367,1,0,2,5,2,5,1.791759469228055,0,2,0,5,5,6,1.9459101490553132,1,0,1,6,6,4,1.6094379124341003,1,1,4,4,4,5,1.791759469228055,0,2,0,5,5,8,2.1972245773362196,1,2,3,1,8,8,2.1972245773362196,1,2,3,1,8,5,1.791759469228055,0,2,0,5,5,1,13,241.0
11,2.4849066497880004,0,2,1,4,1,4,1.6094379124341003,1,1,4,4,4,12,2.5649493574615367,1,0,2,5,2,10,2.3978952727983707,1,1,0,3,0,11,2.4849066497880004,0,2,1,4,1,1,0.6931471805599453,0,1,1,1,1,5,1.791759469228055,0,2,0,5,5,4,1.6094379124341003,1,1,4,4,4,2,1.0986122886681098,1,2,2,2,2,4,1.6094379124341003,1,1,4,4,4,1,22,343.0
11,2.4849066497880004,0,2,1,4,1,4,1.6094379124341003,1,1,4,4,4,5,1.791759469228055,0,2,0,5,5,2,1.0986122886681098,1,2,2,2,2,4,1.6094379124341003,1,1,4,4,4,1,0.6931471805599453,0,1,1,1,1,2,1.0986122886681098,1,2,2,2,2,1,0.6931471805599453,0,1,1,1,1,4,1.6094379124341003,1,1,4,4,4,2,1.0986122886681098,1,2,2,2,2,1,32,27.0
3,1.3862943611198906,0,0,3,3,3,1,0.6931471805599453,0,1,1,1,1,2,1.0986122886681098,1,2,2,2,2,4,1.6094379124341003,1,1,4,4,4,5,1.791759469228055,0,2,0,5,5,2,1.0986122886681098,1,2,2,2,2,6,1.9459101490553132,1,0,1,6,6,3,1.3862943611198906,0,0,3,3,3,2,1.0986122886681098,1,2,2,2,2,4,1.6094379124341003,1,1,4,4,4,1,25,92.0
6,1.9459101490553132,1,0,1,6,6,11,2.4849066497880004,0,2,1,4,1,12,2.5649493574615367,1,0,2,5,2,3,1.3862943611198906,0,0,3,3,3,6,1.9459101490553132,1,0,1,6,6,8,2.1972245773362196,1,2,3,1,8,9,2.302585092994046,0,0,4,2,9,7,2.0794415416798357,0,1,2,0,7,4,1.6094379124341003,1,1,4,4,4,8,2.1972245773362196,1,2,3,1,8,1,11,545.0
8,2.1972245773362196,1,2,3,1,8,4,1.6094379124341003,1,1,4,4,4,12,2.5649493574615367,1,0,2,5,2,4,1.6094379124341003,1,1,4,4,4,11,2.4849066497880004,0,2,1,4,1,3,1.3862943611198906,0,0,3,3,3,5,1.791759469228055,0,2,0,5,5,7,2.0794415416798357,0,1,2,0,7,5,1.791759469228055,0,2,0,5,5,5,1.791759469228055,0,2,0,5,5,1,9,1394.0
9,2.302585092994046,0,0,4,2,9,1,0.6931471805599453,0,1,1,1,1,7,2.0794415416798357,0,1,2,0,7,3,1.3862943611198906,0,0,3,3,3,4,1.6094379124341003,1,1,4,4,4,4,1.6094379124341003,1,1,4,4,4,8,2.1972245773362196,1,2,3,1,8,5,1.791759469228055,0,2,0,5,5,8,2.1972245773362196,1,2,3,1,8,8,2.1972245773362196,1,2,3,1,8,1,20,575.0
8,2.1972245773362196,1,2,3,1,8,2,1.0986122886681098,1,2,2,2,2,6,1.9459101490553132,1,0,1,6,6,3,1.3862943611198906,0,0,3,3,3,5,1.791759469228055,0,2,0,5,5,11,2.4849066497880004,0,2,1,4,1,12,2.5649493574615367,1,0,2,5,2,2,1.0986122886681098,1,2,2,2,2,8,2.1972245773362196,1,2,3,1,8,4,1.6094379124341003,1,1,4,4,4,1,18,563.0
6,1.9459101490553132,1,0,1,6,6,6,1.9459101490553132,1,0,1,6,6,10,2.3978952727983707,1,1,0,3,0,6,1.9459101490553132,1,0,1,6,6,11,2.4849066497880004,0,2,1,4,1,11,2.4849066497880004,0,2,1,4,1,12,2.5649493574615367,1,0,2,5,2,4,1.6094379124341003,1,1,4,4,4,1,0.6931471805599453,0,1,1,1,1,6,1.9459101490553132,1,0,1,6,6,1,21,10717.0
9,2.302585092994046,0,0,4,2,9,2,1.0986122886681098,1,2,2,2,2,5,1.791759469228055,0,2,0,5,5,6,1.9459101490553132,1,0,1,6,6,10,2.3978952727983707,1,1,0,3,0,3,1.3862943611198906,0,0,3,3,3,7,2.0794415416798357,0,1,2,0,7,8,2.1972245773362196,1,2,3,1,8,3,1.3862943611198906,0,0,3,3,3,8,2.1972245773362196,1,2,3,1,8,1,11,145.0
7,2.0794415416798357,0,1,2,0,7,9,2.302585092994046,0,0,4,2,9,12,2.5649493574615367,1,0,2,5,2,4,1.6094379124341003,1,1,4,4,4,5,1.791759469228055,0,2,0,5,5,5,1.791759469228055,0,2,0,5,5,6,1.9459101490553132,1,0,1,6,6,4,1.6094379124341003,1,1,4,4,4,3,1.3862943611198906,0,0,3,3,3,5,1.791759469228055,0,2,0,5,5,1,10,631.0
12,2.5649493574615367,1,0,2,5,2,5,1.791759469228055,0,2,0,5,5,9,2.302585092994046,0,0,4,2,9,2,1.0986122886681098,1,2,2,2,2,6,1.9459101490553132,1,0,1,6,6,4,1.6094379124341003,1,1,4,4,4,5,1.791759469228055,0,2,0,5,5,7,2.0794415416798357,0,1,2,0,7,1,0.6931471805599453,0,1,1,1,1,6,1.9459101490553132,1,0,1,6,6,1,18,374.0
9,2.302585092994046,0,0,4,2,9,1,0.6931471805599453,0,1,1,1,1,8,2.1972245773362196,1,2,3,1,8,2,1.0986122886681098,1,2,2,2,2,3,1.3862943611198906,0,0,3,3,3,4,1.6094379124341003,1,1,4,4,4,8,2.1972245773362196,1,2,3,1,8,2,1.0986122886681098,1,2,2,2,2,2,1.0986122886681098,1,2,2,2,2,2,1.0986122886681098,1,2,2,2,2,1,31,43.0
5,1.791759469228055,0,2,0,5,5,7,2.0794415416798357,0,1,2,0,7,8,2.1972245773362196,1,2,3,1,8,1,0.6931471805599453,0,1,1,1,1,9,2.302585092994046,0,0,4,2,9,1,0.6931471805599453,0,1,1,1,1,2,1.0986122886681098,1,2,2,2,2,5,1.791759469228055,0,2,0,5,5,7,2.0794415416798357,0,1,2,0,7,1,0.6931471805599453,0,1,1,1,1,1,27,47.0
3,1.3862943611198906,0,0,3,3,3,5,1.791759469228055,0,2,0,5,5,12,2.5649493574615367,1,0,2,5,2,1,0.6931471805599453,0,1,1,1,1,2,1.0986122886681098,1,2,2,2,2,1,0.6931471805599453,0,1,1,1,1,2,1.0986122886681098,1,2,2,2,2,6,1.9459101490553132,1,0,1,6,6,7,2.0794415416798357,0,1,2,0,7,4,1.6094379124341003,1,1,4,4,4,1,28,217.0
3,1.3862943611198906,0,0,3,3,3,6,1.9459101490553132,1,0,1,6,6,7,2.0794415416798357,0,1,2,0,7,2,1.0986122886681098,1,2,2,2,2,10,2.3978952727983707,1,1,0,3,0,8,2.1972245773362196,1,2,3,1,8,9,2.302585092994046,0,0,4,2,9,8,2.1972245773362196,1,2,3,1,8,4,1.6094379124341003,1,1,4,4,4,8,2.1972245773362196,1,2,3,1,8,1,14,1373.0
8,2.1972245773362196,1,2,3,1,8,2,1.0986122886681098,1,2,2,2,2,6,1.9459101490553132,1,0,1,6,6,3,1.3862943611198906,0,0,3,3,3,4,1.6094379124341003,1,1,4,4,4,1,0.6931471805599453,0,1,1,1,1,4,1.6094379124341003,1,1,4,4,4,4,1.6094379124341003,1,1,4,4,4,3,1.3862943611198906,0,0,3,3,3,6,1.9459101490553132,1,0,1,6,6,1,27,57.0
3,1.3862943611198906,0,0,3,3,3,2,1.0986122886681098,1,2,2,2,2,7,2.0794415416798357,0,1,2,0,7,4,1.6094379124341003,1,1,4,4,4,11,2.4849066497880004,0,2,1,4,1,3,1.3862943611198906,0,0,3,3,3,6,1.9459101490553132,1,0,1,6,6,7,2.0794415416798357,0,1,2,0,7,1,0.6931471805599453,0,1,1,1,1,1,0.6931471805599453,0,1,1,1,1,1,23,365.0
7,2.0794415416798357,0,1,2,0,7,1,0.6931471805599453,0,1,1,1,1,4,1.6094379124341003,1,1,4,4,4,8,2.1972245773362196,1,2,3,1,8,10,2.3978952727983707,1,1,0,3,0,3,1.3862943611198906,0,0,3,3,3,6,1.9459101490553132,1,0,1,6,6,5,1.791759469228055,0,2,0,5,5,3,1.3862943611198906,0,0,3,3,3,1,0.6931471805599453,0,1,1,1,1,1,22,59.0
12,2.5649493574615367,1,0,2,5,2,6,1.9459101490553132,1,0,1,6,6,7,2.0794415416798357,0,1,2,0,7,2,1.0986122886681098,1,2,2,2,2,11,2.4849066497880004,0,2,1,4,1,4,1.6094379124341003,1,1,4,4,4,7,2.0794415416798357,0,1,2,0,7,8,2.1972245773362196,1,2,3,1,8,1,0.6931471805599453,0,1,1,1,1,3,1.3862943611198906,0,0,3,3,3,1,19,44.0
5,1.791759469228055,0,2,0,5,5,4,1.6094379124341003,1,1,4,4,4,12,2.5649493574615367,1,0,2,5,2,1,0.6931471805599453,0,1,1,1,1,12,2.5649493574615367,1,0,2,5,2,1,0.6931471805599453,0,1,1,1,1,4,1.6094379124341003,1,1,4,4,4,3,1.3862943611198906,0,0,3,3,3,3,1.3862943611198906,0,0,3,3,3,4,1.6094379124341003,1,1,4,4,4,1,32,77.0
10,2.3978952727983707,1,1,0,3,0,8,2.1972245773362196,1,2,3,1,8,11,2.4849066497880004,0,2,1,4,1,5,1.791759469228055,0,2,0,5,5,11,2.4849066497880004,0,2,1,4,1,4,1.6094379124341003,1,1,4,4,4,9,2.302585092994046,0,0,4,2,9,5,1.791759469228055,0,2,0,5,5,5,1.791759469228055,0,2,0,5,5,6,1.9459101490553132,1,0,1,6,6,1,8,175.0
5,1.791759469228055,0,2,0,5,5,10,2.3978952727983707,1,1,0,3,0,11,2.4849066497880004,0,2,1,4,1,1,0.6931471805599453,0,1,1,1,1,9,2.302585092994046,0,0,4,2,9,3,1.3862943611198906,0,0,3,3,3,5,1.791759469228055,0,2,0,5,5,4,1.6094379124341003,1,1,4,4,4,8,2.1972245773362196,1,2,3,1,8,6,1.9459101490553132,1,0,1,6,6,1,15,5702.0
7,2.0794415416798357,0,1,2,0,7,2,1.0986122886681098,1,2,2,2,2,7,2.0794415416798357,0,1,2,0,7,7,2.0794415416798357,0,1,2,0,7,9,2.302585092994046,0,0,4,2,9,1,0.6931471805599453,0,1,1,1,1,4,1.6094379124341003,1,1,4,4,4,7,2.0794415416798357,0,1,2,0,7,7,2.0794415416798357,0,1,2,0,7,7,2.0794415416798357,0,1,2,0,7,1,25,367.0
10,2.3978952727983707,1,1,0,3,0,4,1.6094379124341003,1,1,4,4,4,7,2.0794415416798357,0,1,2,0,7,1,0.6931471805599453,0,1,1,1,1,3,1.3862943611198906,0,0,3,3,3,5,1.791759469228055,0,2,0,5,5,7,2.0794415416798357,0,1,2,0,7,8,2.1972245773362196,1,2,3,1,8,5,1.791759469228055,0,2,0,5,5,8,2.1972245773362196,1,2,3,1,8,1,16,505.0
12,2.5649493574615367,1,0,2,5,2,5,1.791759469228055,0,2,0,5,5,7,2.0794415416798357,0,1,2,0,7,3,1.3862943611198906,0,0,3,3,3,4,1.6094379124341003,1,1,4,4,4,3,1.3862943611198906,0,0,3,3,3,9,2.302585092994046,0,0,4,2,9,7,2.0794415416798357,0,1,2,0,7,3,1.3862943611198906,0,0,3,3,3,2,1.0986122886681098,1,2,2,2,2,1,13,1315.0
7,2.0794415416798357,0,1,2,0,7,1,0.6931471805599453,0,1,1,1,1,3,1.3862943611198906,0,0,3,3,3,5,1.791759469228055,0,2,0,5,5,6,1.9459101490553132,1,0,1,6,6,1,0.6931471805599453,0,1,1,1,1,10,2.3978952727983707,1,1,0,3,0,2,1.0986122886681098,1,2,2,2,2,3,1.3862943611198906,0,0,3,3,3,7,2.0794415416798357,0,1,2,0,7,1,24,20.0
3,1.3862943611198906,0,0,3,3,3,4,1.6094379124341003,1,1,4,4,4,5,1.791759469228055,0,2,0,5,5,3,1.3862943611198906,0,0,3,3,3,4,1.6094379124341003,1,1,4,4,4,1,0.6931471805599453,0,1,1,1,1,5,1.791759469228055,0,2,0,5,5,5,1.791759469228055,0,2,0,5,5,1,0.6931471805599453,0,1,1,1,1,2,1.0986122886681098,1,2,2,2,2,1,24,217.0
12,2.5649493574615367,1,0,2,5,2,6,1.9459101490553132,1,0,1,6,6,12,2.5649493574615367,1,0,2,5,2,10,2.3978952727983707,1,1,0,3,0,11,2.4849066497880004,0,2,1,4,1,1,0.6931471805599453,0,1,1,1,1,5,1.791759469228055,0,2,0,5,5,3,1.3862943611198906,0,0,3,3,3,1,0.6931471805599453,0,1,1,1,1,3,1.3862943611198906,0,0,3,3,3,1,28,282.0
4,1.6094379124341003,1,1,4,4,4,1,0.6931471805599453,0,1,1,1,1,2,1.0986122886681098,1,2,2,2,2,2,1.0986122886681098,1,2,2,2,2,6,1.9459101490553132,1,0,1,6,6,2,1.0986122886681098,1,2,2,2,2,11,2.4849066497880004,0,2,1,4,1,7,2.0794415416798357,0,1,2,0,7,3,1.3862943611198906,0,0,3,3,3,4,1.6094379124341003,1,1,4,4,4,1,23,725.0
9,2.302585092994046,0,0,4,2,9,2,1.0986122886681098,1,2,2,2,2,10,2.3978952727983707,1,1,0,3,0,2,1.0986122886681098,1,2,2,2,2,12,2.5649493574615367,1,0,2,5,2,3,1.3862943611198906,0,0,3,3,3,5,1.791759469228055,0,2,0,5,5,6,1.9459101490553132,1,0,1,6,6,6,1.9459101490553132,1,0,1,6,6,8,2.1972245773362196,1,2,3,1,8,1,19,43.0
3,1.3862943611198906,0,0,3,3,3,3,1.3862943611198906,0,0,3,3,3,6,1.9459101490553132,1,0,1,6,6,7,2.0794415416798357,0,1,2,0,7,8,2.1972245773362196,1,2,3,1,8,1,0.6931471805599453,0,1,1,1,1,4,1.6094379124341003,1,1,4,4,4,4,1.6094379124341003,1,1,4,4,4,2,1.0986122886681098,1,2,2,2,2,6,1.9459101490553132,1,0,1,6,6,1,23,65.0
4,1.6094379124341003,1,1,4,4,4,4,1.6094379124341003,1,1,4,4,4,9,2.302585092994046,0,0,4,2,9,1,0.6931471805599453,0,1,1,1,1,8,2.1972245773362196,1,2,3,1,8,2,1.0986122886681098,1,2,2,2,2,12,2.5649493574615367,1,0,2,5,2,7,2.0794415416798357,0,1,2,0,7,8,2.1972245773362196,1,2,3,1,8,4,1.6094379124341003,1,1,4,4,4,1,28,269.0
3,1.3862943611198906,0,0,3,3,3,4,1.6094379124341003,1,1,4,4,4,7,2.0794415416798357,0,1,2,0,7,7,2.0794415416798357,0,1,2,0,7,10,2.3978952727983707,1,1,0,3,0,3,1.3862943611198906,0,0,3,3,3,5,1.791759469228055,0,2,0,5,5,8,2.1972245773362196,1,2,3,1,8,4,1.6094379124341003,1,1,4,4,4,5,1.791759469228055,0,2,0,5,5,1,8,1641.0
3,1.3862943611198906,0,0,3,3,3,1,0.6931471805599453,0,1,1,1,1,3,1.3862943611198906,0,0,3,3,3,1,0.6931471805599453,0,1,1,1,1,3,1.3862943611198906,0,0,3,3,3,5,1.791759469228055,0,2,0,5,5,6,1.9459101490553132,1,0,1,6,6,7,2.0794415416798357,0,1,2,0,7,3,1.3862943611198906,0,0,3,3,3,4,1.6094379124341003,1,1,4,4,4,1,27,49.0
7,2.0794415416798357,0,1,2,0,7,1,0.6931471805599453,0,1,1,1,1,2,1.0986122886681098,1,2,2,2,2,1,0.6931471805599453,0,1,1,1,1,4,1.6094379124341003,1,1,4,4,4,2,1.0986122886681098,1,2,2,2,2,5,1.791759469228055,0,2,0,5,5,5,1.791759469228055,0,2,0,5,5,7,2.0794415416798357,0,1,2,0,7,8,2.1972245773362196,1,2,3,1,8,1,25,351.0
2,1.0986122886681098,1,2,2,2,2,2,1.0986122886681098,1,2,2,2,2,8,2.1972245773362196,1,2,3,1,8,4,1.6094379124341003,1,1,4,4,4,9,2.302585092994046,0,0,4,2,9,8,2.1972245773362196,1,2,3,1,8,9,2.302585092994046,0,0,4,2,9,5,1.791759469228055,0,2,0,5,5,8,2.1972245773362196,1,2,3,1,8,6,1.9459101490553132,1,0,1,6,6,1,18,395.0
2,1.0986122886681098,1,2,2,2,2,4,1.6094379124341003,1,1,4,4,4,6,1.9459101490553132,1,0,1,6,6,6,1.9459101490553132,1,0,1,6,6,7,2.0794415416798357,0,1,2,0,7,1,0.6931471805599453,0,1,1,1,1,5,1.791759469228055,0,2,0,5,5,4,1.6094379124341003,1,1,4,4,4,8,2.1972245773362196,1,2,3,1,8,5,1.791759469228055,0,2,0,5,5,1,19,1091.0
9,2.302585092994046,0,0,4,2,9,3,1.3862943611198906,0,0,3,3,3,6,1.9459101490553132,1,0,1,6,6,3,1.3862943611198906,0,0,3,3,3,4,1.6094379124341003,1,1,4,4,4,3,1.3862943611198906,0,0,3,3,3,6,1.9459101490553132,1,0,1,6,6,7,2.0794415416798357,0,1,2,0,7,5,1.791759469228055,0,2,0,5,5,3,1.3862943611198906,0,0,3,3,3,1,19,39.0
12,2.5649493574615367,1,0,2,5,2,1,0.6931471805599453,0,1,1,1,1,12,2.5649493574615367,1,0,2,5,2,4,1.6094379124341003,1,1,4,4,4,9,2.302585092994046,0,0,4,2,9,1,0.6931471805599453,0,1,1,1,1,8,2.1972245773362196,1,2,3,1,8,1,0.6931471805599453,0,1,1,1,1,1,0.6931471805599453,0,1,1,1,1,7,2.0794415416798357,0,1,2,0,7,1,34,233.0
12,2.5649493574615367,1,0,2,5,2,2,1.0986122886681098,1,2,2,2,2,3,1.3862943611198906,0,0,3,3,3,1,0.6931471805599453,0,1,1,1,1,3,1.3862943611198906,0,0,3,3,3,4,1.6094379124341003,1,1,4,4,4,6,1.9459101490553132,1,0,1,6,6,2,1.0986122886681098,1,2,2,2,2,4,1.6094379124341003,1,1,4,4,4,7,2.0794415416798357,0,1,2,0,7,1,27,49.0
6,1.9459101490553132,1,0,1,6,6,7,2.0794415416798357,0,1,2,0,7,8,2.1972245773362196,1,2,3,1,8,10,2.3978952727983707,1,1,0,3,0,11,2.4849066497880004,0,2,1,4,1,4,1.6094379124341003,1,1,4,4,4,9,2.302585092994046,0,0,4,2,9,2,1.0986122886681098,1,2,2,2,2,7,2.0794415416798357,0,1,2,0,7,6,1.9459101490553132,1,0,1,6,6,1,8,2169.0
10,2.3978952727983707,1,1,0,3,0,3,1.3862943611198906,0,0,3,3,3,4,1.6094379124341003,1,1,4,4,4,5,1.791759469228055,0,2,0,5,5,10,2.3978952727983707,1,1,0,3,0,2,1.0986122886681098,1,2,2,2,2,5,1.791759469228055,0,2,0,5,5,1,0.6931471805599453,0,1,1,1,1,3,1.3862943611198906,0,0,3,3,3,4,1.6094379124341003,1,1,4,4,4,1,21,227.0
8,2.1972245773362196,1,2,3,1,8,3,1.3862943611198906,0,0,3,3,3,6,1.9459101490553132,1,0,1,6,6,8,2.1972245773362196,1,2,3,1,8,10,2.3978952727983707,1,1,0,3,0,4,1.6094379124341003,1,1,4,4,4,5,1.791759469228055,0,2,0,5,5,4,1.6094379124341003,1,1,4,4,4,2,1.0986122886681098,1,2,2,2,2,8,2.1972245773362196,1,2,3,1,8,1,19,107.0
11,2.4849066497880004,0,2,1,4,1,3,1.3862943611198906,0,0,3,3,3,4,1.6094379124341003,1,1,4,4,4,2,1.0986122886681098,1,2,2,2,2,6,1.9459101490553132,1,0,1,6,6,7,2.0794415416798357,0,1,2,0,7,9,2.302585092994046,0,0,4,2,9,8,2.1972245773362196,1,2,3,1,8,7,2.0794415416798357,0,1,2,0,7,8,2.1972245773362196,1,2,3,1,8,1,10,121.0
11,2.4849066497880004,0,2,1,4,1,8,2.1972245773362196,1,2,3,1,8,12,2.5649493574615367,1,0,2,5,2,3,1.3862943611198906,0,0,3,3,3,10,2.3978952727983707,1,1,0,3,0,3,1.3862943611198906,0,0,3,3,3,8,2.1972245773362196,1,2,3,1,8,6,1.9459101490553132,1,0,1,6,6,6,1.9459101490553132,1,0,1,6,6,1,0.6931471805599453,0,1,1,1,1,1,20,199.0
7,2.0794415416798357,0,1,2,0,7,7,2.0794415416798357,0,1,2,0,7,10,2.3978952727983707,1,1,0,3,0,1,0.6931471805599453,0,1,1,1,1,2,1.0986122886681098,1,2,2,2,2,2,1.0986122886681098,1,2,2,2,2,10,2.3978952727983707,1,1,0,3,0,4,1.6094379124341003,1,1,4,4,4,2,1.0986122886681098,1,2,2,2,2,8,2.1972245773362196,1,2,3,1,8,1,27,81.0
3,1.3862943611198906,0,0,3,3,3,8,2.1972245773362196,1,2,3,1,8,11,2.4849066497880004,0,2,1,4,1,1,0.6931471805599453,0,1,1,1,1,12,2.5649493574615367,1,0,2,5,2,1,0.6931471805599453,0,1,1,1,1,3,1.3862943611198906,0,0,3,3,3,1,0.6931471805599453,0,1,1,1,1,5,1.791759469228055,0,2,0,5,5,4,1.6094379124341003,1,1,4,4,4,1,29,1447.0
7,2.0794415416798357,0,1,2,0,7,1,0.6931471805599453,0,1,1,1,1,2,1.0986122886681098,1,2,2,2,2,8,2.1972245773362196,1,2,3,1,8,10,2.3978952727983707,1,1,0,3,0,5,1.791759469228055,0,2,0,5,5,6,1.9459101490553132,1,0,1,6,6,5,1.791759469228055,0,2,0,5,5,2,1.0986122886681098,1,2,2,2,2,6,1.9459101490553132,1,0,1,6,6,1,22,619.0
8,2.1972245773362196,1,2,3,1,8,4,1.6094379124341003,1,1,4,4,4,12,2.5649493574615367,1,0,2,5,2,3,1.3862943611198906,0,0,3,3,3,4,1.6094379124341003,1,1,4,4,4,5,1.791759469228055,0,2,0,5,5,7,2.0794415416798357,0,1,2,0,7,6,1.9459101490553132,1,0,1,6,6,5,1.791759469228055,0,2,0,5,5,3,1.3862943611198906,0,0,3,3,3,1,12,1619.0
10,2.3978952727983707,1,1,0,3,0,3,1.3862943611198906,0,0,3,3,3,5,1.791759469228055,0,2,0,5,5,1,0.6931471805599453,0,1,1,1,1,11,2.4849066497880004,0,2,1,4,1,2,1.0986122886681098,1,2,2,2,2,5,1.791759469228055,0,2,0,5,5,6,1.9459101490553132,1,0,1,6,6,2,1.0986122886681098,1,2,2,2,2,2,1.0986122886681098,1,2,2,2,2,1,22,229.0
9,2.302585092994046,0,0,4,2,9,10,2.3978952727983707,1,1,0,3,0,11,2.4849066497880004,0,2,1,4,1,1,0.6931471805599453,0,1,1,1,1,2,1.0986122886681098,1,2,2,2,2,2,1.0986122886681098,1,2,2,2,2,5,1.791759469228055,0,2,0,5,5,2,1.0986122886681098,1,2,2,2,2,3,1.3862943611198906,0,0,3,3,3,4,1.6094379124341003,1,1,4,4,4,1,20,147.0
3,1.3862943611198906,0,0,3,3,3,1,0.6931471805599453,0,1,1,1,1,2,1.0986122886681098,1,2,2,2,2,1,0.6931471805599453,0,1,1,1,1,7,2.0794415416798357,0,1,2,0,7,1,0.6931471805599453,0,1,1,1,1,5,1.791759469228055,0,2,0,5,5,8,2.1972245773362196,1,2,3,1,8,3,1.3862943611198906,0,0,3,3,3,8,2.1972245773362196,1,2,3,1,8,1,28,839.0
6,1.9459101490553132,1,0,1,6,6,8,2.1972245773362196,1,2,3,1,8,12,2.5649493574615367,1,0,2,5,2,3,1.3862943611198906,0,0,3,3,3,5,1.791759469228055,0,2,0,5,5,11,2.4849066497880004,0,2,1,4,1,12,2.5649493574615367,1,0,2,5,2,6,1.9459101490553132,1,0,1,6,6,3,1.3862943611198906,0,0,3,3,3,3,1.3862943611198906,0,0,3,3,3,1,21,393.0
2,1.0986122886681098,1,2,2,2,2,2,1.0986122886681098,1,2,2,2,2,5,1.791759469228055,0,2,0,5,5,3,1.3862943611198906,0,0,3,3,3,4,1.6094379124341003,1,1,4,4,4,1,0.6931471805599453,0,1,1,1,1,4,1.6094379124341003,1,1,4,4,4,3,1.3862943611198906,0,0,3,3,3,8,2.1972245773362196,1,2,3,1,8,2,1.0986122886681098,1,2,2,2,2,1,25,25.0
8,2.1972245773362196,1,2,3,1,8,3,1.3862943611198906,0,0,3,3,3,6,1.9459101490553132,1,0,1,6,6,1,0.6931471805599453,0,1,1,1,1,9,2.302585092994046,0,0,4,2,9,3,1.3862943611198906,0,0,3,3,3,11,2.4849066497880004,0,2,1,4,1,5,1.791759469228055,0,2,0,5,5,2,1.0986122886681098,1,2,2,2,2,8,2.1972245773362196,1,2,3,1,8,1,18,1025.0
5,1.791759469228055,0,2,0,5,5,2,1.0986122886681098,1,2,2,2,2,4,1.6094379124341003,1,1,4,4,4,2,1.0986122886681098,1,2,2,2,2,10,2.3978952727983707,1,1,0,3,0,6,1.9459101490553132,1,0,1,6,6,9,2.302585092994046,0,0,4,2,9,5,1.791759469228055,0,2,0,5,5,2,1.0986122886681098,1,2,2,2,2,6,1.9459101490553132,1,0,1,6,6,1,19,193.0
11,2.4849066497880004,0,2,1,4,1,6,1.9459101490553132,1,0,1,6,6,12,2.5649493574615367,1,0,2,5,2,1,0.6931471805599453,0,1,1,1,1,2,1.0986122886681098,1,2,2,2,2,4,1.6094379124341003,1,1,4,4,4,6,1.9459101490553132,1,0,1,6,6,4,1.6094379124341003,1,1,4,4,4,7,2.0794415416798357,0,1,2,0,7,5,1.791759469228055,0,2,0,5,5,1,20,119.0
2,1.0986122886681098,1,2,2,2,2,1,0.6931471805599453,0,1,1,1,1,8,2.1972245773362196,1,2,3,1,8,1,0.6931471805599453,0,1,1,1,1,3,1.3862943611198906,0,0,3,3,3,3,1.3862943611198906,0,0,3,3,3,4,1.6094379124341003,1,1,4,4,4,3,1.3862943611198906,0,0,3,3,3,5,1.791759469228055,0,2,0,5,5,7,2.0794415416798357,0,1,2,0,7,1,23,77.0
8,2.1972245773362196,1,2,3,1,8,1,0.6931471805599453,0,1,1,1,1,5,1.791759469228055,0,2,0,5,5,6,1.9459101490553132,1,0,1,6,6,8,2.1972245773362196,1,2,3,1,8,8,2.1972245773362196,1,2,3,1,8,9,2.302585092994046,0,0,4,2,9,5,1.791759469228055,0,2,0,5,5,2,1.0986122886681098,1,2,2,2,2,2,1.0986122886681098,1,2,2,2,2,1,22,2569.0
6,1.9459101490553132,1,0,1,6,6,1,0.6931471805599453,0,1,1,1,1,2,1.0986122886681098,1,2,2,2,2,6,1.9459101490553132,1,0,1,6,6,10,2.3978952727983707,1,1,0,3,0,1,0.6931471805599453,0,1,1,1,1,3,1.3862943611198906,0,0,3,3,3,8,2.1972245773362196,1,2,3,1,8,6,1.9459101490553132,1,0,1,6,6,7,2.0794415416798357,0,1,2,0,7,1,28,133.0
3,1.3862943611198906,0,0,3,3,3,5,1.791759469228055,0,2,0,5,5,9,2.302585092994046,0,0,4,2,9,1,0.6931471805599453,0,1,1,1,1,2,1.0986122886681098,1,2,2,2,2,8,2.1972245773362196,1,2,3,1,8,11,2.4849066497880004,0,2,1,4,1,8,2.1972245773362196,1,2,3,1,8,1,0.6931471805599453,0,1,1,1,1,2,1.0986122886681098,1,2,2,2,2,1,24,251.0
9,2.302585092994046,0,0,4,2,9,7,2.0794415416798357,0,1,2,0,7,11,2.4849066497880004,0,2,1,4,1,5,1.791759469228055,0,2,0,5,5,12,2.5649493574615367,1,0,2,5,2,1,0.6931471805599453,0,1,1,1,1,2,1.0986122886681098,1,2,2,2,2,7,2.0794415416798357,0,1,2,0,7,5,1.791759469228055,0,2,0,5,5,4,1.6094379124341003,1,1,4,4,4,1,14,2417.0
6,1.9459101490553132,1,0,1,6,6,2,1.0986122886681098,1,2,2,2,2,4,1.6094379124341003,1,1,4,4,4,1,0.6931471805599453,0,1,1,1,1,5,1.791759469228055,0,2,0,5,5,1,0.6931471805599453,0,1,1,1,1,2,1.0986122886681098,1,2,2,2,2,1,0.6931471805599453,0,1,1,1,1,8,2.1972245773362196,1,2,3,1,8,8,2.1972245773362196,1,2,3,1,8,1,36,163.0
8,2.1972245773362196,1,2,3,1,8,8,2.1972245773362196,1,2,3,1,8,9,2.302585092994046,0,0,4,2,9,6,1.9459101490553132,1,0,1,6,6,7,2.0794415416798357,0,1,2,0,7,5,1.791759469228055,0,2,0,5,5,7,2.0794415416798357,0,1,2,0,7,7,2.0794415416798357,0,1,2,0,7,2,1.0986122886681098,1,2,2,2,2,1,0.6931471805599453,0,1,1,1,1,1,16,377.0
11,2.4849066497880004,0,2,1,4,1,7,2.0794415416798357,0,1,2,0,7,10,2.3978952727983707,1,1,0,3,0,2,1.0986122886681098,1,2,2,2,2,4,1.6094379124341003,1,1,4,4,4,1,0.6931471805599453,0,1,1,1,1,6,1.9459101490553132,1,0,1,6,6,5,1.791759469228055,0,2,0,5,5,3,1.3862943611198906,0,0,3,3,3,8,2.1972245773362196,1,2,3,1,8,1,16,263.0
9,2.302585092994046,0,0,4,2,9,7,2.0794415416798357,0,1,2,0,7,9,2.302585092994046,0,0,4,2,9,6,1.9459101490553132,1,0,1,6,6,12,2.5649493574615367,1,0,2,5,2,5,1.791759469228055,0,2,0,5,5,6,1.9459101490553132,1,0,1,6,6,6,1.9459101490553132,1,0,1,6,6,2,1.0986122886681098,1,2,2,2,2,6,1.9459101490553132,1,0,1,6,6,1,16,94.0
10,2.3978952727983707,1,1,0,3,0,1,0.6931471805599453,0,1,1,1,1,2,1.0986122886681098,1,2,2,2,2,1,0.6931471805599453,0,1,1,1,1,3,1.3862943611198906,0,0,3,3,3,5,1.791759469228055,0,2,0,5,5,8,2.1972245773362196,1,2,3,1,8,4,1.6094379124341003,1,1,4,4,4,2,1.0986122886681098,1,2,2,2,2,2,1.0986122886681098,1,2,2,2,2,1,31,39.0
2,1.0986122886681098,1,2,2,2,2,2,1.0986122886681098,1,2,2,2,2,7,2.0794415416798357,0,1,2,0,7,4,1.6094379124341003,1,1,4,4,4,12,2.5649493574615367,1,0,2,5,2,2,1.0986122886681098,1,2,2,2,2,3,1.3862943611198906,0,0,3,3,3,3,1.3862943611198906,0,0,3,3,3,2,1.0986122886681098,1,2,2,2,2,2,1.0986122886681098,1,2,2,2,2,1,24,57.0
8,2.1972245773362196,1,2,3,1,8,4,1.6094379124341003,1,1,4,4,4,8,2.1972245773362196,1,2,3,1,8,9,2.302585092994046,0,0,4,2,9,12,2.5649493574615367,1,0,2,5,2,7,2.0794415416798357,0,1,2,0,7,8,2.1972245773362196,1,2,3,1,8,3,1.3862943611198906,0,0,3,3,3,5,1.791759469228055,0,2,0,5,5,5,1.791759469228055,0,2,0,5,5,1,10,10.0
2,1.0986122886681098,1,2,2,2,2,1,0.6931471805599453,0,1,1,1,1,2,1.0986122886681098,1,2,2,2,2,4,1.6094379124341003,1,1,4,4,4,11,2.4849066497880004,0,2,1,4,1,1,0.6931471805599453,0,1,1,1,1,7,2.0794415416798357,0,1,2,0,7,5,1.791759469228055,0,2,0,5,5,8,2.1972245773362196,1,2,3,1,8,6,1.9459101490553132,1,0,1,6,6,1,25,52.0
3,1.3862943611198906,0,0,3,3,3,7,2.0794415416798357,0,1,2,0,7,9,2.302585092994046,0,0,4,2,9,2,1.0986122886681098,1,2,2,2,2,3,1.3862943611198906,0,0,3,3,3,1,0.6931471805599453,0,1,1,1,1,2,1.0986122886681098,1,2,2,2,2,6,1.9459101490553132,1,0,1,6,6,1,0.6931471805599453,0,1,1,1,1,3,1.3862943611198906,0,0,3,3,3,1,29,263.0
8,2.1972245773362196,1,2,3,1,8,1,0.6931471805599453,0,1,1,1,1,7,2.0794415416798357,0,1,2,0,7,2,1.0986122886681098,1,2,2,2,2,3,1.3862943611198906,0,0,3,3,3,1,0.6931471805599453,0,1,1,1,1,3,1.3862943611198906,0,0,3,3,3,7,2.0794415416798357,0,1,2,0,7,5,1.791759469228055,0,2,0,5,5,2,1.0986122886681098,1,2,2,2,2,1,22,13.0
4,1.6094379124341003,1,1,4,4,4,2,1.0986122886681098,1,2,2,2,2,5,1.791759469228055,0,2,0,5,5,1,0.6931471805599453,0,1,1,1,1,2,1.0986122886681098,1,2,2,2,2,3,1.3862943611198906,0,0,3,3,3,6,1.9459101490553132,1,0,1,6,6,2,1.0986122886681098,1,2,2,2,2,6,1.9459101490553132,1,0,1,6,6,6,1.9459101490553132,1,0,1,6,6,1,30,37.0
9,2.302585092994046,0,0,4,2,9,1,0.6931471805599453,0,1,1,1,1,2,1.0986122886681098,1,2,2,2,2,6,1.9459101490553132,1,0,1,6,6,12,2.5649493574615367,1,0,2,5,2,6,1.9459101490553132,1,0,1,6,6,10,2.3978952727983707,1,1,0,3,0,3,1.3862943611198906,0,0,3,3,3,5,1.791759469228055,0,2,0,5,5,8,2.1972245773362196,1,2,3,1,8,1,22,47.0
4,1.6094379124341003,1,1,4,4,4,4,1.6094379124341003,1,1,4,4,4,5,1.791759469228055,0,2,0,5,5,1,0.6931471805599453,0,1,1,1,1,2,1.0986122886681098,1,2,2,2,2,1,0.6931471805599453,0,1,1,1,1,3,1.3862943611198906,0,0,3,3,3,2,1.0986122886681098,1,2,2,2,2,4,1.6094379124341003,1,1,4,4,4,8,2.1972245773362196,1,2,3,1,8,1,32,93.0
3,1.3862943611198906,0,0,3,3,3,9,2.302585092994046,0,0,4,2,9,10,2.3978952727983707,1,1,0,3,0,9,2.302585092994046,0,0,4,2,9,10,2.3978952727983707,1,1,0,3,0,11,2.4849066497880004,0,2,1,4,1,12,2.5649493574615367,1,0,2,5,2,7,2.0794415416798357,0,1,2,0,7,7,2.0794415416798357,0,1,2,0,7,6,1.9459101490553132,1,0,1,6,6,1,8,1147.0
10,2.3978952727983707,1,1,0,3,0,4,1.6094379124341003,1,1,4,4,4,7,2.0794415416798357,0,1,2,0,7,9,2.302585092994046,0,0,4,2,9,10,2.3978952727983707,1,1,0,3,0,3,1.3862943611198906,0,0,3,3,3,7,2.0794415416798357,0,1,2,0,7,5,1.791759469228055,0,2,0,5,5,5,1.791759469228055,0,2,0,5,5,1,0.6931471805599453,0,1,1,1,1,1,17,529.0
2,1.0986122886681098,1,2,2,2,2,4,1.6094379124341003,1,1,4,4,4,7,2.0794415416798357,0,1,2,0,7,1,0.6931471805599453,0,1,1,1,1,3,1.3862943611198906,0,0,3,3,3,1,0.6931471805599453,0,1,1,1,1,3,1.3862943611198906,0,0,3,3,3,1,0.6931471805599453,0,1,1,1,1,3,1.3862943611198906,0,0,3,3,3,3,1.3862943611198906,0,0,3,3,3,1,31,85.0
9,2.302585092994046,0,0,4,2,9,1,0.6931471805599453,0,1,1,1,1,2,1.0986122886681098,1,2,2,2,2,4,1.6094379124341003,1,1,4,4,4,6,1.9459101490553132,1,0,1,6,6,1,0.6931471805599453,0,1,1,1,1,2,1.0986122886681098,1,2,2,2,2,2,1.0986122886681098,1,2,2,2,2,3,1.3862943611198906,0,0,3,3,3,7,2.0794415416798357,0,1,2,0,7,1,28,31.0
8,2.1972245773362196,1,2,3,1,8,1,0.6931471805599453,0,1,1,1,1,11,2.4849066497880004,0,2,1,4,1,4,1.6094379124341003,1,1,4,4,4,6,1.9459101490553132,1,0,1,6,6,1,0.6931471805599453,0,1,1,1,1,2,1.0986122886681098,1,2,2,2,2,7,2.0794415416798357,0,1,2,0,7,8,2.1972245773362196,1,2,3,1,8,4,1.6094379124341003,1,1,4,4,4,1,28,1183.0
5,1.791759469228055,0,2,0,5,5,2,1.0986122886681098,1,2,2,2,2,8,2.1972245773362196,1,2,3,1,8,4,1.6094379124341003,1,1,4,4,4,7,2.0794415416798357,0,1,2,0,7,4,1.6094379124341003,1,1,4,4,4,8,2.1972245773362196,1,2,3,1,8,6,1.9459101490553132,1,0,1,6,6,3,1.3862943611198906,0,0,3,3,3,5,1.791759469228055,0,2,0,5,5,1,13,207.0
10,2.3978952727983707,1,1,0,3,0,3,1.3862943611198906,0,0,3,3,3,6,1.9459101490553132,1,0,1,6,6,1,0.6931471805599453,0,1,1,1,1,2,1.0986122886681098,1,2,2,2,2,2,1.0986122886681098,1,2,2,2,2,3,1.3862943611198906,0,0,3,3,3,7,2.0794415416798357,0,1,2,0,7,7,2.0794415416798357,0,1,2,0,7,7,2.0794415416798357,0,1,2,0,7,1,20,38.0
6,1.9459101490553132,1,0,1,6,6,1,0.6931471805599453,0,1,1,1,1,3,1.3862943611198906,0,0,3,3,3,1,0.6931471805599453,0,1,1,1,1,7,2.0794415416798357,0,1,2,0,7,3,1.3862943611198906,0,0,3,3,3,10,2.3978952727983707,1,1,0,3,0,1,0.6931471805599453,0,1,1,1,1,5,1.791759469228055,0,2,0,5,5,4,1.6094379124341003,1,1,4,4,4,1,28,263.0
3,1.3862943611198906,0,0,3,3,3,1,0.6931471805599453,0,1,1,1,1,4,1.6094379124341003,1,1,4,4,4,4,1.6094379124341003,1,1,4,4,4,7,2.0794415416798357,0,1,2,0,7,1,0.6931471805599453,0,1,1,1,1,3,1.3862943611198906,0,0,3,3,3,8,2.1972245773362196,1,2,3,1,8,2,1.0986122886681098,1,2,2,2,2,8,2.1972245773362196,1,2,3,1,8,1,28,713.0
11,2.4849066497880004,0,2,1,4,1,3,1.3862943611198906,0,0,3,3,3,4,1.6094379124341003,1,1,4,4,4,4,1.6094379124341003,1,1,4,4,4,7,2.0794415416798357,0,1,2,0,7,4,1.6094379124341003,1,1,4,4,4,8,2.1972245773362196,1,2,3,1,8,4,1.6094379124341003,1,1,4,4,4,7,2.0794415416798357,0,1,2,0,7,2,1.0986122886681098,1,2,2,2,2,1,16,495.0
6,1.9459101490553132,1,0,1,6,6,4,1.6094379124341003,1,1,4,4,4,6,1.9459101490553132,1,0,1,6,6,3,1.3862943611198906,0,0,3,3,3,4,1.6094379124341003,1,1,4,4,4,3,1.3862943611198906,0,0,3,3,3,7,2.0794415416798357,0,1,2,0,7,5,1.791759469228055,0,2,0,5,5,6,1.9459101490553132,1,0,1,6,6,7,2.0794415416798357,0,1,2,0,7,1,12,256.0
6,1.9459101490553132,1,0,1,6,6,1,0.6931471805599453,0,1,1,1,1,3,1.3862943611198906,0,0,3,3,3,5,1.791759469228055,0,2,0,5,5,8,2.1972245773362196,1,2,3,1,8,1,0.6931471805599453,0,1,1,1,1,2,1.0986122886681098,1,2,2,2,2,5,1.791759469228055,0,2,0,5,5,2,1.0986122886681098,1,2,2,2,2,4,1.6094379124341003,1,1,4,4,4,1,27,105.0
7,2.0794415416798357,0,1,2,0,7,3,1.3862943611198906,0,0,3,3,3,12,2.5649493574615367,1,0,2,5,2,1,0.6931471805599453,0,1,1,1,1,3,1.3862943611198906,0,0,3,3,3,1,0.6931471805599453,0,1,1,1,1,5,1.791759469228055,0,2,0,5,5,5,1.791759469228055,0,2,0,5,5,4,1.6094379124341003,1,1,4,4,4,3,1.3862943611198906,0,0,3,3,3,1,25,493.0
11,2.4849066497880004,0,2,1,4,1,2,1.0986122886681098,1,2,2,2,2,12,2.5649493574615367,1,0,2,5,2,2,1.0986122886681098,1,2,2,2,2,3,1.3862943611198906,0,0,3,3,3,3,1.3862943611198906,0,0,3,3,3,10,2.3978952727983707,1,1,0,3,0,5,1.791759469228055,0,2,0,5,5,4,1.6094379124341003,1,1,4,4,4,2,1.0986122886681098,1,2,2,2,2,1,17,311.0
7,2.0794415416798357,0,1,2,0,7,1,0.6931471805599453,0,1,1,1,1,2,1.0986122886681098,1,2,2,2,2,5,1.791759469228055,0,2,0,5,5,10,2.3978952727983707,1,1,0,3,0,5,1.791759469228055,0,2,0,5,5,10,2.3978952727983707,1,1,0,3,0,7,2.0794415416798357,0,1,2,0,7,8,2.1972245773362196,1,2,3,1,8,4,1.6094379124341003,1,1,4,4,4,1,21,21.0
3,1.3862943611198906,0,0,3,3,3,1,0.6931471805599453,0,1,1,1,1,5,1.791759469228055,0,2,0,5,5,6,1.9459101490553132,1,0,1,6,6,7,2.0794415416798357,0,1,2,0,7,7,2.0794415416798357,0,1,2,0,7,11,2.4849066497880004,0,2,1,4,1,5,1.791759469228055,0,2,0,5,5,1,0.6931471805599453,0,1,1,1,1,7,2.0794415416798357,0,1,2,0,7,1,22,3408.0
11,2.4849066497880004,0,2,1,4,1,4,1.6094379124341003,1,1,4,4,4,5,1.791759469228055,0,2,0,5,5,1,0.6931471805599453,0,1,1,1,1,2,1.0986122886681098,1,2,2,2,2,1,0.6931471805599453,0,1,1,1,1,2,1.0986122886681098,1,2,2,2,2,4,1.6094379124341003,1,1,4,4,4,4,1.6094379124341003,1,1,4,4,4,2,1.0986122886681098,1,2,2,2,2,1,32,69.0
3,1.3862943611198906,0,0,3,3,3,6,1.9459101490553132,1,0,1,6,6,8,2.1972245773362196,1,2,3,1,8,2,1.0986122886681098,1,2,2,2,2,3,1.3862943611198906,0,0,3,3,3,2,1.0986122886681098,1,2,2,2,2,3,1.3862943611198906,0,0,3,3,3,5,1.791759469228055,0,2,0,5,5,2,1.0986122886681098,1,2,2,2,2,6,1.9459101490553132,1,0,1,6,6,1,22,10.0
12,2.5649493574615367,1,0,2,5,2,1,0.6931471805599453,0,1,1,1,1,3,1.3862943611198906,0,0,3,3,3,8,2.1972245773362196,1,2,3,1,8,10,2.3978952727983707,1,1,0,3,0,1,0.6931471805599453,0,1,1,1,1,4,1.6094379124341003,1,1,4,4,4,8,2.1972245773362196,1,2,3,1,8,4,1.6094379124341003,1,1,4,4,4,1,0.6931471805599453,0,1,1,1,1,1,33,104.0
12,2.5649493574615367,1,0,2,5,2,10,2.3978952727983707,1,1,0,3,0,11,2.4849066497880004,0,2,1,4,1,1,0.6931471805599453,0,1,1,1,1,2,1.0986122886681098,1,2,2,2,2,1,0.6931471805599453,0,1,1,1,1,2,1.0986122886681098,1,2,2,2,2,3,1.3862943611198906,0,0,3,3,3,3,1.3862943611198906,0,0,3,3,3,3,1.3862943611198906,0,0,3,3,3,1,28,74.0
2,1.0986122886681098,1,2,2,2,2,2,1.0986122886681098,1,2,2,2,2,5,1.791759469228055,0,2,0,5,5,3,1.3862943611198906,0,0,3,3,3,10,2.3978952727983707,1,1,0,3,0,4,1.6094379124341003,1,1,4,4,4,8,2.1972245773362196,1,2,3,1,8,5,1.791759469228055,0,2,0,5,5,1,0.6931471805599453,0,1,1,1,1,4,1.6094379124341003,1,1,4,4,4,1,24,97.0
6,1.9459101490553132,1,0,1,6,6,1,0.6931471805599453,0,1,1,1,1,2,1.0986122886681098,1,2,2,2,2,7,2.0794415416798357,0,1,2,0,7,11,2.4849066497880004,0,2,1,4,1,2,1.0986122886681098,1,2,2,2,2,3,1.3862943611198906,0,0,3,3,3,8,2.1972245773362196,1,2,3,1,8,8,2.1972245773362196,1,2,3,1,8,2,1.0986122886681098,1,2,2,2,2,1,23,793.0
6,1.9459101490553132,1,0,1,6,6,10,2.3978952727983707,1,1,0,3,0,11,2.4849066497880004,0,2,1,4,1,3,1.3862943611198906,0,0,3,3,3,10,2.3978952727983707,1,1,0,3,0,2,1.0986122886681098,1,2,2,2,2,5,1.791759469228055,0,2,0,5,5,6,1.9459101490553132,1,0,1,6,6,8,2.1972245773362196,1,2,3,1,8,5,1.791759469228055,0,2,0,5,5,1,14,2499.0
11,2.4849066497880004,0,2,1,4,1,1,0.6931471805599453,0,1,1,1,1,2,1.0986122886681098,1,2,2,2,2,1,0.6931471805599453,0,1,1,1,1,9,2.302585092994046,0,0,4,2,9,1,0.6931471805599453,0,1,1,1,1,6,1.9459101490553132,1,0,1,6,6,6,1.9459101490553132,1,0,1,6,6,2,1.0986122886681098,1,2,2,2,2,5,1.791759469228055,0,2,0,5,5,1,30,145.0
4,1.6094379124341003,1,1,4,4,4,2,1.0986122886681098,1,2,2,2,2,9,2.302585092994046,0,0,4,2,9,4,1.6094379124341003,1,1,4,4,4,6,1.9459101490553132,1,0,1,6,6,3,1.3862943611198906,0,0,3,3,3,8,2.1972245773362196,1,2,3,1,8,7,2.0794415416798357,0,1,2,0,7,5,1.791759469228055,0,2,0,5,5,2,1.0986122886681098,1,2,2,2,2,1,14,253.0
10,2.3978952727983707,1,1,0,3,0,5,1.791759469228055,0,2,0,5,5,11,2.4849066497880004,0,2,1,4,1,11,2.4849066497880004,0,2,1,4,1,12,2.5649493574615367,1,0,2,5,2,2,1.0986122886681098,1,2,2,2,2,12,2.5649493574615367,1,0,2,5,2,7,2.0794415416798357,0,1,2,0,7,6,1.9459101490553132,1,0,1,6,6,1,0.6931471805599453,0,1,1,1,1,1,18,323.0
3,1.3862943611198906,0,0,3,3,3,1,0.6931471805599453,0,1,1,1,1,2,1.0986122886681098,1,2,2,2,2,1,0.6931471805599453,0,1,1,1,1,4,1.6094379124341003,1,1,4,4,4,8,2.1972245773362196,1,2,3,1,8,12,2.5649493574615367,1,0,2,5,2,7,2.0794415416798357,0,1,2,0,7,3,1.3862943611198906,0,0,3,3,3,1,0.6931471805599453,0,1,1,1,1,1,32,19.0
2,1.0986122886681098,1,2,2,2,2,2,1.0986122886681098,1,2,2,2,2,11,2.4849066497880004,0,2,1,4,1,1,0.6931471805599453,0,1,1,1,1,2,1.0986122886681098,1,2,2,2,2,4,1.6094379124341003,1,1,4,4,4,9,2.302585092994046,0,0,4,2,9,5,1.791759469228055,0,2,0,5,5,4,1.6094379124341003,1,1,4,4,4,5,1.791759469228055,0,2,0,5,5,1,20,139.0
7,2.0794415416798357,0,1,2,0,7,2,1.0986122886681098,1,2,2,2,2,10,2.3978952727983707,1,1,0,3,0,2,1.0986122886681098,1,2,2,2,2,3,1.3862943611198906,0,0,3,3,3,8,2.1972245773362196,1,2,3,1,8,10,2.3978952727983707,1,1,0,3,0,1,0.6931471805599453,0,1,1,1,1,2,1.0986122886681098,1,2,2,2,2,8,2.1972245773362196,1,2,3,1,8,1,26,31.0
11,2.4849066497880004,0,2,1,4,1,1,0.6931471805599453,0,1,1,1,1,3,1.3862943611198906,0,0,3,3,3,4,1.6094379124341003,1,1,4,4,4,5,1.791759469228055,0,2,0,5,5,4,1.6094379124341003,1,1,4,4,4,12,2.5649493574615367,1,0,2,5,2,5,1.791759469228055,0,2,0,5,5,4,1.6094379124341003,1,1,4,4,4,8,2.1972245773362196,1,2,3,1,8,1,20,97.0
5,1.791759469228055,0,2,0,5,5,1,0.6931471805599453,0,1,1,1,1,7,2.0794415416798357,0,1,2,0,7,2,1.0986122886681098,1,2,2,2,2,6,1.9459101490553132,1,0,1,6,6,6,1.9459101490553132,1,0,1,6,6,11,2.4849066497880004,0,2,1,4,1,3,1.3862943611198906,0,0,3,3,3,2,1.0986122886681098,1,2,2,2,2,7,2.0794415416798357,0,1,2,0,7,1,18,2159.0
6,1.9459101490553132,1,0,1,6,6,1,0.6931471805599453,0,1,1,1,1,4,1.6094379124341003,1,1,4,4,4,2,1.0986122886681098,1,2,2,2,2,3,1.3862943611198906,0,0,3,3,3,5,1.791759469228055,0,2,0,5,5,8,2.1972245773362196,1,2,3,1,8,7,2.0794415416798357,0,1,2,0,7,1,0.6931471805599453,0,1,1,1,1,3,1.3862943611198906,0,0,3,3,3,1,24,22.0
2,1.0986122886681098,1,2,2,2,2,5,1.791759469228055,0,2,0,5,5,9,2.302585092994046,0,0,4,2,9,2,1.0986122886681098,1,2,2,2,2,8,2.1972245773362196,1,2,3,1,8,6,1.9459101490553132,1,0,1,6,6,12,2.5649493574615367,1,0,2,5,2,1,0.6931471805599453,0,1,1,1,1,6,1.9459101490553132,1,0,1,6,6,6,1.9459101490553132,1,0,1,6,6,1,26,167.0
12,2.5649493574615367,1,0,2,5,2,1,0.6931471805599453,0,1,1,1,1,2,1.0986122886681098,1,2,2,2,2,8,2.1972245773362196,1,2,3,1,8,9,2.302585092994046,0,0,4,2,9,2,1.0986122886681098,1,2,2,2,2,11,2.4849066497880004,0,2,1,4,1,8,2.1972245773362196,1,2,3,1,8,7,2.0794415416798357,0,1,2,0,7,1,0.6931471805599453,0,1,1,1,1,1,25,92.0
10,2.3978952727983707,1,1,0,3,0,5,1.791759469228055,0,2,0,5,5,6,1.9459101490553132,1,0,1,6,6,7,2.0794415416798357,0,1,2,0,7,12,2.5649493574615367,1,0,2,5,2,1,0.6931471805599453,0,1,1,1,1,6,1.9459101490553132,1,0,1,6,6,5,1.791759469228055,0,2,0,5,5,4,1.6094379124341003,1,1,4,4,4,7,2.0794415416798357,0,1,2,0,7,1,17,59.0
9,2.302585092994046,0,0,4,2,9,6,1.9459101490553132,1,0,1,6,6,8,2.1972245773362196,1,2,3,1,8,6,1.9459101490553132,1,0,1,6,6,8,2.1972245773362196,1,2,3,1,8,6,1.9459101490553132,1,0,1,6,6,11,2.4849066497880004,0,2,1,4,1,1,0.6931471805599453,0,1,1,1,1,6,1.9459101490553132,1,0,1,6,6,4,1.6094379124341003,1,1,4,4,4,1,18,751.0
2,1.0986122886681098,1,2,2,2,2,10,2.3978952727983707,1,1,0,3,0,11,2.4849066497880004,0,2,1,4,1,3,1.3862943611198906,0,0,3,3,3,10,2.3978952727983707,1,1,0,3,0,1,0.6931471805599453,0,1,1,1,1,3,1.3862943611198906,0,0,3,3,3,5,1.791759469228055,0,2,0,5,5,1,0.6931471805599453,0,1,1,1,1,5,1.791759469228055,0,2,0,5,5,1,26,137.0
8,2.1972245773362196,1,2,3,1,8,1,0.6931471805599453,0,1,1,1,1,4,1.6094379124341003,1,1,4,4,4,2,1.0986122886681098,1,2,2,2,2,7,2.0794415416798357,0,1,2,0,7,6,1.9459101490553132,1,0,1,6,6,7,2.0794415416798357,0,1,2,0,7,4,1.6094379124341003,1,1,4,4,4,8,2.1972245773362196,1,2,3,1,8,7,2.0794415416798357,0,1,2,0,7,1,23,537.0
12,2.5649493574615367,1,0,2,5,2,6,1.9459101490553132,1,0,1,6,6,11,2.4849066497880004,0,2,1,4,1,1,0.6931471805599453,0,1,1,1,1,2,1.0986122886681098,1,2,2,2,2,2,1.0986122886681098,1,2,2,2,2,5,1.791759469228055,0,2,0,5,5,7,2.0794415416798357,0,1,2,0,7,8,2.1972245773362196,1,2,3,1,8,2,1.0986122886681098,1,2,2,2,2,1,22,395.0
10,2.3978952727983707,1,1,0,3,0,2,1.0986122886681098,1,2,2,2,2,3,1.3862943611198906,0,0,3,3,3,1,0.6931471805599453,0,1,1,1,1,2,1.0986122886681098,1,2,2,2,2,2,1.0986122886681098,1,2,2,2,2,6,1.9459101490553132,1,0,1,6,6,8,2.1972245773362196,1,2,3,1,8,1,0.6931471805599453,0,1,1,1,1,8,2.1972245773362196,1,2,3,1,8,1,34,19.0
12,2.5649493574615367,1,0,2,5,2,2,1.0986122886681098,1,2,2,2,2,8,2.1972245773362196,1,2,3,1,8,5,1.791759469228055,0,2,0,5,5,9,2.302585092994046,0,0,4,2,9,1,0.6931471805599453,0,1,1,1,1,2,1.0986122886681098,1,2,2,2,2,2,1.0986122886681098,1,2,2,2,2,6,1.9459101490553132,1,0,1,6,6,6,1.9459101490553132,1,0,1,6,6,1,27,121.0
9,2.302585092994046,0,0,4,2,9,5,1.791759469228055,0,2,0,5,5,6,1.9459101490553132,1,0,1,6,6,5,1.791759469228055,0,2,0,5,5,9,2.302585092994046,0,0,4,2,9,7,2.0794415416798357,0,1,2,0,7,11,2.4849066497880004,0,2,1,4,1,2,1.0986122886681098,1,2,2,2,2,2,1.0986122886681098,1,2,2,2,2,5,1.791759469228055,0,2,0,5,5,1,7,2825.0
11,2.4849066497880004,0,2,1,4,1,4,1.6094379124341003,1,1,4,4,4,5,1.791759469228055,0,2,0,5,5,8,2.1972245773362196,1,2,3,1,8,9,2.302585092994046,0,0,4,2,9,6,1.9459101490553132,1,0,1,6,6,9,2.302585092994046,0,0,4,2,9,5,1.791759469228055,0,2,0,5,5,2,1.0986122886681098,1,2,2,2,2,4,1.6094379124341003,1,1,4,4,4,1,9,146.0
9,2.302585092994046,0,0,4,2,9,8,2.1972245773362196,1,2,3,1,8,10,2.3978952727983707,1,1,0,3,0,2,1.0986122886681098,1,2,2,2,2,3,1.3862943611198906,0,0,3,3,3,5,1.791759469228055,0,2,0,5,5,8,2.1972245773362196,1,2,3,1,8,2,1.0986122886681098,1,2,2,2,2,7,2.0794415416798357,0,1,2,0,7,8,2.1972245773362196,1,2,3,1,8,1,14,631.0
4,1.6094379124341003,1,1,4,4,4,3,1.3862943611198906,0,0,3,3,3,5,1.791759469228055,0,2,0,5,5,3,1.3862943611198906,0,0,3,3,3,4,1.6094379124341003,1,1,4,4,4,1,0.6931471805599453,0,1,1,1,1,2,1.0986122886681098,1,2,2,2,2,6,1.9459101490553132,1,0,1,6,6,8,2.1972245773362196,1,2,3,1,8,1,0.6931471805599453,0,1,1,1,1,1,27,393.0
7,2.0794415416798357,0,1,2,0,7,1,0.6931471805599453,0,1,1,1,1,5,1.791759469228055,0,2,0,5,5,6,1.9459101490553132,1,0,1,6,6,8,2.1972245773362196,1,2,3,1,8,8,2.1972245773362196,1,2,3,1,8,11,2.4849066497880004,0,2,1,4,1,7,2.0794415416798357,0,1,2,0,7,1,0.6931471805599453,0,1,1,1,1,4,1.6094379124341003,1,1,4,4,4,1,21,751.0
10,2.3978952727983707,1,1,0,3,0,6,1.9459101490553132,1,0,1,6,6,11,2.4849066497880004,0,2,1,4,1,1,0.6931471805599453,0,1,1,1,1,3,1.3862943611198906,0,0,3,3,3,3,1.3862943611198906,0,0,3,3,3,6,1.9459101490553132,1,0,1,6,6,3,1.3862943611198906,0,0,3,3,3,3,1.3862943611198906,0,0,3,3,3,7,2.0794415416798357,0,1,2,0,7,1,24,455.0
5,1.791759469228055,0,2,0,5,5,1,0.6931471805599453,0,1,1,1,1,2,1.0986122886681098,1,2,2,2,2,4,1.6094379124341003,1,1,4,4,4,6,1.9459101490553132,1,0,1,6,6,7,2.0794415416798357,0,1,2,0,7,8,2.1972245773362196,1,2,3,1,8,3,1.3862943611198906,0,0,3,3,3,4,1.6094379124341003,1,1,4,4,4,6,1.9459101490553132,1,0,1,6,6,1,20,153.0
9,2.302585092994046,0,0,4,2,9,1,0.6931471805599453,0,1,1,1,1,4,1.6094379124341003,1,1,4,4,4,7,2.0794415416798357,0,1,2,0,7,12,2.5649493574615367,1,0,2,5,2,1,0.6931471805599453,0,1,1,1,1,2,1.0986122886681098,1,2,2,2,2,4,1.6094379124341003,1,1,4,4,4,7,2.0794415416798357,0,1,2,0,7,6,1.9459101490553132,1,0,1,6,6,1,26,199.0
2,1.0986122886681098,1,2,2,2,2,11,2.4849066497880004,0,2,1,4,1,12,2.5649493574615367,1,0,2,5,2,1,0.6931471805599453,0,1,1,1,1,3,1.3862943611198906,0,0,3,3,3,6,1.9459101490553132,1,0,1,6,6,9,2.302585092994046,0,0,4,2,9,7,2.0794415416798357,0,1,2,0,7,8,2.1972245773362196,1,2,3,1,8,2,1.0986122886681098,1,2,2,2,2,1,20,145.0
7,2.0794415416798357,0,1,2,0,7,2,1.0986122886681098,1,2,2,2,2,5,1.791759469228055,0,2,0,5,5,1,0.6931471805599453,0,1,1,1,1,4,1.6094379124341003,1,1,4,4,4,2,1.0986122886681098,1,2,2,2,2,3,1.3862943611198906,0,0,3,3,3,7,2.0794415416798357,0,1,2,0,7,3,1.3862943611198906,0,0,3,3,3,8,2.1972245773362196,1,2,3,1,8,1,17,1009.0
5,1.791759469228055,0,2,0,5,5,4,1.6094379124341003,1,1,4,4,4,9,2.302585092994046,0,0,4,2,9,7,2.0794415416798357,0,1,2,0,7,10,2.3978952727983707,1,1,0,3,0,1,0.6931471805599453,0,1,1,1,1,3,1.3862943611198906,0,0,3,3,3,4,1.6094379124341003,1,1,4,4,4,8,2.1972245773362196,1,2,3,1,8,3,1.3862943611198906,0,0,3,3,3,1,16,1421.0
5,1.791759469228055,0,2,0,5,5,4,1.6094379124341003,1,1,4,4,4,5,1.791759469228055,0,2,0,5,5,1,0.6931471805599453,0,1,1,1,1,3,1.3862943611198906,0,0,3,3,3,4,1.6094379124341003,1,1,4,4,4,5,1.791759469228055,0,2,0,5,5,6,1.9459101490553132,1,0,1,6,6,6,1.9459101490553132,1,0,1,6,6,5,1.791759469228055,0,2,0,5,5,1,19,361.0
8,2.1972245773362196,1,2,3,1,8,3,1.3862943611198906,0,0,3,3,3,8,2.1972245773362196,1,2,3,1,8,2,1.0986122886681098,1,2,2,2,2,4,1.6094379124341003,1,1,4,4,4,5,1.791759469228055,0,2,0,5,5,10,2.3978952727983707,1,1,0,3,0,7,2.0794415416798357,0,1,2,0,7,4,1.6094379124341003,1,1,4,4,4,6,1.9459101490553132,1,0,1,6,6,1,14,71.0
12,2.5649493574615367,1,0,2,5,2,1,0.6931471805599453,0,1,1,1,1,6,1.9459101490553132,1,0,1,6,6,1,0.6931471805599453,0,1,1,1,1,11,2.4849066497880004,0,2,1,4,1,1,0.6931471805599453,0,1,1,1,1,2,1.0986122886681098,1,2,2,2,2,1,0.6931471805599453,0,1,1,1,1,8,2.1972245773362196,1,2,3,1,8,4,1.6094379124341003,1,1,4,4,4,1,37,197.0
11,2.4849066497880004,0,2,1,4,1,2,1.0986122886681098,1,2,2,2,2,4,1.6094379124341003,1,1,4,4,4,1,0.6931471805599453,0,1,1,1,1,2,1.0986122886681098,1,2,2,2,2,2,1.0986122886681098,1,2,2,2,2,6,1.9459101490553132,1,0,1,6,6,8,2.1972245773362196,1,2,3,1,8,5,1.791759469228055,0,2,0,5,5,7,2.0794415416798357,0,1,2,0,7,1,22,119.0
2,1.0986122886681098,1,2,2,2,2,2,1.0986122886681098,1,2,2,2,2,5,1.791759469228055,0,2,0,5,5,5,1.791759469228055,0,2,0,5,5,7,2.0794415416798357,0,1,2,0,7,4,1.6094379124341003,1,1,4,4,4,8,2.1972245773362196,1,2,3,1,8,5,1.791759469228055,0,2,0,5,5,1,0.6931471805599453,0,1,1,1,1,3,1.3862943611198906,0,0,3,3,3,1,18,431.0
11,2.4849066497880004,0,2,1,4,1,9,2.302585092994046,0,0,4,2,9,12,2.5649493574615367,1,0,2,5,2,2,1.0986122886681098,1,2,2,2,2,12,2.5649493574615367,1,0,2,5,2,2,1.0986122886681098,1,2,2,2,2,3,1.3862943611198906,0,0,3,3,3,4,1.6094379124341003,1,1,4,4,4,8,2.1972245773362196,1,2,3,1,8,4,1.6094379124341003,1,1,4,4,4,1,22,61.0
11,2.4849066497880004,0,2,1,4,1,3,1.3862943611198906,0,0,3,3,3,6,1.9459101490553132,1,0,1,6,6,1,0.6931471805599453,0,1,1,1,1,3,1.3862943611198906,0,0,3,3,3,1,0.6931471805599453,0,1,1,1,1,3,1.3862943611198906,0,0,3,3,3,8,2.1972245773362196,1,2,3,1,8,2,1.0986122886681098,1,2,2,2,2,1,0.6931471805599453,0,1,1,1,1,1,32,59.0
10,2.3978952727983707,1,1,0,3,0,1,0.6931471805599453,0,1,1,1,1,2,1.0986122886681098,1,2,2,2,2,1,0.6931471805599453,0,1,1,1,1,2,1.0986122886681098,1,2,2,2,2,1,0.6931471805599453,0,1,1,1,1,7,2.0794415416798357,0,1,2,0,7,8,2.1972245773362196,1,2,3,1,8,7,2.0794415416798357,0,1,2,0,7,5,1.791759469228055,0,2,0,5,5,1,31,233.0
2,1.0986122886681098,1,2,2,2,2,8,2.1972245773362196,1,2,3,1,8,9,2.302585092994046,0,0,4,2,9,1,0.6931471805599453,0,1,1,1,1,3,1.3862943611198906,0,0,3,3,3,2,1.0986122886681098,1,2,2,2,2,9,2.302585092994046,0,0,4,2,9,1,0.6931471805599453,0,1,1,1,1,6,1.9459101490553132,1,0,1,6,6,6,1.9459101490553132,1,0,1,6,6,1,30,149.0
5,1.791759469228055,0,2,0,5,5,11,2.4849066497880004,0,2,1,4,1,12,2.5649493574615367,1,0,2,5,2,3,1.3862943611198906,0,0,3,3,3,6,1.9459101490553132,1,0,1,6,6,6,1.9459101490553132,1,0,1,6,6,9,2.302585092994046,0,0,4,2,9,1,0.6931471805599453,0,1,1,1,1,3,1.3862943611198906,0,0,3,3,3,8,2.1972245773362196,1,2,3,1,8,1,21,77.0
3,1.3862943611198906,0,0,3,3,3,4,1.6094379124341003,1,1,4,4,4,11,2.4849066497880004,0,2,1,4,1,4,1.6094379124341003,1,1,4,4,4,7,2.0794415416798357,0,1,2,0,7,5,1.791759469228055,0,2,0,5,5,7,2.0794415416798357,0,1,2,0,7,5,1.791759469228055,0,2,0,5,5,1,0.6931471805599453,0,1,1,1,1,5,1.791759469228055,0,2,0,5,5,1,14,78.0
4,1.6094379124341003,1,1,4,4,4,5,1.791759469228055,0,2,0,5,5,8,2.1972245773362196,1,2,3,1,8,3,1.3862943611198906,0,0,3,3,3,4,1.6094379124341003,1,1,4,4,4,4,1.6094379124341003,1,1,4,4,4,12,2.5649493574615367,1,0,2,5,2,3,1.3862943611198906,0,0,3,3,3,7,2.0794415416798357,0,1,2,0,7,5,1.791759469228055,0,2,0,5,5,1,13,113.0
7,2.0794415416798357,0,1,2,0,7,8,2.1972245773362196,1,2,3,1,8,12,2.5649493574615367,1,0,2,5,2,2,1.0986122886681098,1,2,2,2,2,4,1.6094379124341003,1,1,4,4,4,9,2.302585092994046,0,0,4,2,9,11,2.4849066497880004,0,2,1,4,1,7,2.0794415416798357,0,1,2,0,7,2,1.0986122886681098,1,2,2,2,2,4,1.6094379124341003,1,1,4,4,4,1,15,415.0
4,1.6094379124341003,1,1,4,4,4,2,1.0986122886681098,1,2,2,2,2,3,1.3862943611198906,0,0,3,3,3,6,1.9459101490553132,1,0,1,6,6,10,2.3978952727983707,1,1,0,3,0,3,1.3862943611198906,0,0,3,3,3,8,2.1972245773362196,1,2,3,1,8,6,1.9459101490553132,1,0,1,6,6,4,1.6094379124341003,1,1,4,4,4,7,2.0794415416798357,0,1,2,0,7,1,15,1253.0
4,1.6094379124341003,1,1,4,4,4,1,0.6931471805599453,0,1,1,1,1,2,1.0986122886681098,1,2,2,2,2,4,1.6094379124341003,1,1,4,4,4,9,2.302585092994046,0,0,4,2,9,3,1.3862943611198906,0,0,3,3,3,12,2.5649493574615367,1,0,2,5,2,2,1.0986122886681098,1,2,2,2,2,1,0.6931471805599453,0,1,1,1,1,7,2.0794415416798357,0,1,2,0,7,1,29,43.0
9,2.302585092994046,0,0,4,2,9,3,1.3862943611198906,0,0,3,3,3,6,1.9459101490553132,1,0,1,6,6,1,0.6931471805599453,0,1,1,1,1,12,2.5649493574615367,1,0,2,5,2,5,1.791759469228055,0,2,0,5,5,10,2.3978952727983707,1,1,0,3,0,4,1.6094379124341003,1,1,4,4,4,5,1.791759469228055,0,2,0,5,5,8,2.1972245773362196,1,2,3,1,8,1,18,7.0
5,1.791759469228055,0,2,0,5,5,1,0.6931471805599453,0,1,1,1,1,4,1.6094379124341003,1,1,4,4,4,3,1.3862943611198906,0,0,3,3,3,6,1.9459101490553132,1,0,1,6,6,8,2.1972245773362196,1,2,3,1,8,10,2.3978952727983707,1,1,0,3,0,8,2.1972245773362196,1,2,3,1,8,7,2.0794415416798357,0,1,2,0,7,8,2.1972245773362196,1,2,3,1,8,1,17,103.0
9,2.302585092994046,0,0,4,2,9,6,1.9459101490553132,1,0,1,6,6,7,2.0794415416798357,0,1,2,0,7,1,0.6931471805599453,0,1,1,1,1,2,1.0986122886681098,1,2,2,2,2,1,0.6931471805599453,0,1,1,1,1,8,2.1972245773362196,1,2,3,1,8,7,2.0794415416798357,0,1,2,0,7,5,1.791759469228055,0,2,0,5,5,7,2.0794415416798357,0,1,2,0,7,1,22,291.0
5,1.791759469228055,0,2,0,5,5,5,1.791759469228055,0,2,0,5,5,9,2.302585092994046,0,0,4,2,9,1,0.6931471805599453,0,1,1,1,1,2,1.0986122886681098,1,2,2,2,2,1,0.6931471805599453,0,1,1,1,1,3,1.3862943611198906,0,0,3,3,3,7,2.0794415416798357,0,1,2,0,7,8,2.1972245773362196,1,2,3,1,8,8,2.1972245773362196,1,2,3,1,8,1,22,421.0
8,2.1972245773362196,1,2,3,1,8,1,0.6931471805599453,0,1,1,1,1,3,1.3862943611198906,0,0,3,3,3,6,1.9459101490553132,1,0,1,6,6,7,2.0794415416798357,0,1,2,0,7,1,0.6931471805599453,0,1,1,1,1,3,1.3862943611198906,0,0,3,3,3,5,1.791759469228055,0,2,0,5,5,6,1.9459101490553132,1,0,1,6,6,2,1.0986122886681098,1,2,2,2,2,1,26,43.0
4,1.6094379124341003,1,1,4,4,4,2,1.0986122886681098,1,2,2,2,2,3,1.3862943611198906,0,0,3,3,3,1,0.6931471805599453,0,1,1,1,1,3,1.3862943611198906,0,0,3,3,3,1,0.6931471805599453,0,1,1,1,1,2,1.0986122886681098,1,2,2,2,2,2,1.0986122886681098,1,2,2,2,2,5,1.791759469228055,0,2,0,5,5,6,1.9459101490553132,1,0,1,6,6,1,29,31.0
9,2.302585092994046,0,0,4,2,9,1,0.6931471805599453,0,1,1,1,1,3,1.3862943611198906,0,0,3,3,3,1,0.6931471805599453,0,1,1,1,1,9,2.302585092994046,0,0,4,2,9,1,0.6931471805599453,0,1,1,1,1,3,1.3862943611198906,0,0,3,3,3,4,1.6094379124341003,1,1,4,4,4,1,0.6931471805599453,0,1,1,1,1,6,1.9459101490553132,1,0,1,6,6,1,38,32.0
10,2.3978952727983707,1,1,0,3,0,4,1.6094379124341003,1,1,4,4,4,8,2.1972245773362196,1,2,3,1,8,6,1.9459101490553132,1,0,1,6,6,11,2.4849066497880004,0,2,1,4,1,4,1.6094379124341003,1,1,4,4,4,5,1.791759469228055,0,2,0,5,5,6,1.9459101490553132,1,0,1,6,6,3,1.3862943611198906,0,0,3,3,3,5,1.791759469228055,0,2,0,5,5,1,9,48.0
4,1.6094379124341003,1,1,4,4,4,7,2.0794415416798357,0,1,2,0,7,10,2.3978952727983707,1,1,0,3,0,4,1.6094379124341003,1,1,4,4,4,7,2.0794415416798357,0,1,2,0,7,3,1.3862943611198906,0,0,3,3,3,4,1.6094379124341003,1,1,4,4,4,3,1.3862943611198906,0,0,3,3,3,7,2.0794415416798357,0,1,2,0,7,8,2.1972245773362196,1,2,3,1,8,1,10,92.0
2,1.0986122886681098,1,2,2,2,2,1,0.6931471805599453,0,1,1,1,1,3,1.3862943611198906,0,0,3,3,3,1,0.6931471805599453,0,1,1,1,1,2,1.0986122886681098,1,2,2,2,2,3,1.3862943611198906,0,0,3,3,3,5,1.791759469228055,0,2,0,5,5,6,1.9459101490553132,1,0,1,6,6,7,2.0794415416798357,0,1,2,0,7,5,1.791759469228055,0,2,0,5,5,1,24,193.0
4,1.6094379124341003,1,1,4,4,4,1,0.6931471805599453,0,1,1,1,1,12,2.5649493574615367,1,0,2,5,2,5,1.791759469228055,0,2,0,5,5,8,2.1972245773362196,1,2,3,1,8,6,1.9459101490553132,1,0,1,6,6,10,2.3978952727983707,1,1,0,3,0,5,1.791759469228055,0,2,0,5,5,8,2.1972245773362196,1,2,3,1,8,7,2.0794415416798357,0,1,2,0,7,1,17,371.0
10,2.3978952727983707,1,1,0,3,0,8,2.1972245773362196,1,2,3,1,8,9,2.302585092994046,0,0,4,2,9,3,1.3862943611198906,0,0,3,3,3,7,2.0794415416798357,0,1,2,0,7,1,0.6931471805599453,0,1,1,1,1,2,1.0986122886681098,1,2,2,2,2,8,2.1972245773362196,1,2,3,1,8,1,0.6931471805599453,0,1,1,1,1,8,2.1972245773362196,1,2,3,1,8,1,25,299.0
8,2.1972245773362196,1,2,3,1,8,2,1.0986122886681098,1,2,2,2,2,10,2.3978952727983707,1,1,0,3,0,6,1.9459101490553132,1,0,1,6,6,9,2.302585092994046,0,0,4,2,9,5,1.791759469228055,0,2,0,5,5,6,1.9459101490553132,1,0,1,6,6,4,1.6094379124341003,1,1,4,4,4,4,1.6094379124341003,1,1,4,4,4,2,1.0986122886681098,1,2,2,2,2,1,18,104.0
2,1.0986122886681098,1,2,2,2,2,2,1.0986122886681098,1,2,2,2,2,7,2.0794415416798357,0,1,2,0,7,1,0.6931471805599453,0,1,1,1,1,7,2.0794415416798357,0,1,2,0,7,6,1.9459101490553132,1,0,1,6,6,8,2.1972245773362196,1,2,3,1,8,7,2.0794415416798357,0,1,2,0,7,8,2.1972245773362196,1,2,3,1,8,2,1.0986122886681098,1,2,2,2,2,1,25,487.0
3,1.3862943611198906,0,0,3,3,3,4,1.6094379124341003,1,1,4,4,4,7,2.0794415416798357,0,1,2,0,7,10,2.3978952727983707,1,1,0,3,0,12,2.5649493574615367,1,0,2,5,2,3,1.3862943611198906,0,0,3,3,3,8,2.1972245773362196,1,2,3,1,8,6,1.9459101490553132,1,0,1,6,6,3,1.3862943611198906,0,0,3,3,3,4,1.6094379124341003,1,1,4,4,4,1,15,425.0
8,2.1972245773362196,1,2,3,1,8,1,0.6931471805599453,0,1,1,1,1,2,1.0986122886681098,1,2,2,2,2,7,2.0794415416798357,0,1,2,0,7,12,2.5649493574615367,1,0,2,5,2,1,0.6931471805599453,0,1,1,1,1,10,2.3978952727983707,1,1,0,3,0,8,2.1972245773362196,1,2,3,1,8,7,2.0794415416798357,0,1,2,0,7,8,2.1972245773362196,1,2,3,1,8,1,26,61.0
11,2.4849066497880004,0,2,1,4,1,3,1.3862943611198906,0,0,3,3,3,7,2.0794415416798357,0,1,2,0,7,1,0.6931471805599453,0,1,1,1,1,11,2.4849066497880004,0,2,1,4,1,5,1.791759469228055,0,2,0,5,5,6,1.9459101490553132,1,0,1,6,6,6,1.9459101490553132,1,0,1,6,6,6,1.9459101490553132,1,0,1,6,6,6,1.9459101490553132,1,0,1,6,6,1,20,702.0
7,2.0794415416798357,0,1,2,0,7,5,1.791759469228055,0,2,0,5,5,9,2.302585092994046,0,0,4,2,9,6,1.9459101490553132,1,0,1,6,6,9,2.302585092994046,0,0,4,2,9,5,1.791759469228055,0,2,0,5,5,12,2.5649493574615367,1,0,2,5,2,3,1.3862943611198906,0,0,3,3,3,1,0.6931471805599453,0,1,1,1,1,4,1.6094379124341003,1,1,4,4,4,1,17,50.0
6,1.9459101490553132,1,0,1,6,6,7,2.0794415416798357,0,1,2,0,7,8,2.1972245773362196,1,2,3,1,8,1,0.6931471805599453,0,1,1,1,1,3,1.3862943611198906,0,0,3,3,3,2,1.0986122886681098,1,2,2,2,2,5,1.791759469228055,0,2,0,5,5,2,1.0986122886681098,1,2,2,2,2,2,1.0986122886681098,1,2,2,2,2,7,2.0794415416798357,0,1,2,0,7,1,20,579.0
12,2.5649493574615367,1,0,2,5,2,2,1.0986122886681098,1,2,2,2,2,3,1.3862943611198906,0,0,3,3,3,5,1.791759469228055,0,2,0,5,5,9,2.302585092994046,0,0,4,2,9,4,1.6094379124341003,1,1,4,4,4,12,2.5649493574615367,1,0,2,5,2,1,0.6931471805599453,0,1,1,1,1,3,1.3862943611198906,0,0,3,3,3,2,1.0986122886681098,1,2,2,2,2,1,26,25.0
3,1.3862943611198906,0,0,3,3,3,1,0.6931471805599453,0,1,1,1,1,3,1.3862943611198906,0,0,3,3,3,1,0.6931471805599453,0,1,1,1,1,6,1.9459101490553132,1,0,1,6,6,7,2.0794415416798357,0,1,2,0,7,9,2.302585092994046,0,0,4,2,9,6,1.9459101490553132,1,0,1,6,6,2,1.0986122886681098,1,2,2,2,2,2,1.0986122886681098,1,2,2,2,2,1,30,49.0
4,1.6094379124341003,1,1,4,4,4,2,1.0986122886681098,1,2,2,2,2,5,1.791759469228055,0,2,0,5,5,1,0.6931471805599453,0,1,1,1,1,6,1.9459101490553132,1,0,1,6,6,7,2.0794415416798357,0,1,2,0,7,8,2.1972245773362196,1,2,3,1,8,4,1.6094379124341003,1,1,4,4,4,5,1.791759469228055,0,2,0,5,5,1,0.6931471805599453,0,1,1,1,1,1,25,1573.0
6,1.9459101490553132,1,0,1,6,6,3,1.3862943611198906,0,0,3,3,3,5,1.791759469228055,0,2,0,5,5,2,1.0986122886681098,1,2,2,2,2,4,1.6094379124341003,1,1,4,4,4,2,1.0986122886681098,1,2,2,2,2,6,1.9459101490553132,1,0,1,6,6,1,0.6931471805599453,0,1,1,1,1,1,0.6931471805599453,0,1,1,1,1,1,0.6931471805599453,0,1,1,1,1,1,34,73.0
4,1.6094379124341003,1,1,4,4,4,6,1.9459101490553132,1,0,1,6,6,10,2.3978952727983707,1,1,0,3,0,2,1.0986122886681098,1,2,2,2,2,3,1.3862943611198906,0,0,3,3,3,4,1.6094379124341003,1,1,4,4,4,6,1.9459101490553132,1,0,1,6,6,4,1.6094379124341003,1,1,4,4,4,8,2.1972245773362196,1,2,3,1,8,7,2.0794415416798357,0,1,2,0,7,1,16,79.0
4,1.6094379124341003,1,1,4,4,4,7,2.0794415416798357,0,1,2,0,7,9,2.302585092994046,0,0,4,2,9,11,2.4849066497880004,0,2,1,4,1,12,2.5649493574615367,1,0,2,5,2,4,1.6094379124341003,1,1,4,4,4,12,2.5649493574615367,1,0,2,5,2,4,1.6094379124341003,1,1,4,4,4,4,1.6094379124341003,1,1,4,4,4,6,1.9459101490553132,1,0,1,6,6,1,17,389.0
10,2.3978952727983707,1,1,0,3,0,3,1.3862943611198906,0,0,3,3,3,9,2.302585092994046,0,0,4,2,9,3,1.3862943611198906,0,0,3,3,3,6,1.9459101490553132,1,0,1,6,6,5,1.791759469228055,0,2,0,5,5,6,1.9459101490553132,1,0,1,6,6,1,0.6931471805599453,0,1,1,1,1,3,1.3862943611198906,0,0,3,3,3,5,1.791759469228055,0,2,0,5,5,1,25,11.0
11,2.4849066497880004,0,2,1,4,1,3,1.3862943611198906,0,0,3,3,3,10,2.3978952727983707,1,1,0,3,0,1,0.6931471805599453,0,1,1,1,1,2,1.0986122886681098,1,2,2,2,2,1,0.6931471805599453,0,1,1,1,1,12,2.5649493574615367,1,0,2,5,2,4,1.6094379124341003,1,1,4,4,4,7,2.0794415416798357,0,1,2,0,7,7,2.0794415416798357,0,1,2,0,7,1,23,757.0
12,2.5649493574615367,1,0,2,5,2,4,1.6094379124341003,1,1,4,4,4,10,2.3978952727983707,1,1,0,3,0,1,0.6931471805599453,0,1,1,1,1,7,2.0794415416798357,0,1,2,0,7,1,0.6931471805599453,0,1,1,1,1,2,1.0986122886681098,1,2,2,2,2,7,2.0794415416798357,0,1,2,0,7,3,1.3862943611198906,0,0,3,3,3,6,1.9459101490553132,1,0,1,6,6,1,26,218.0
8,2.1972245773362196,1,2,3,1,8,3,1.3862943611198906,0,0,3,3,3,11,2.4849066497880004,0,2,1,4,1,2,1.0986122886681098,1,2,2,2,2,8,2.1972245773362196,1,2,3,1,8,4,1.6094379124341003,1,1,4,4,4,6,1.9459101490553132,1,0,1,6,6,4,1.6094379124341003,1,1,4,4,4,7,2.0794415416798357,0,1,2,0,7,4,1.6094379124341003,1,1,4,4,4,1,17,43.0
6,1.9459101490553132,1,0,1,6,6,5,1.791759469228055,0,2,0,5,5,7,2.0794415416798357,0,1,2,0,7,1,0.6931471805599453,0,1,1,1,1,11,2.4849066497880004,0,2,1,4,1,3,1.3862943611198906,0,0,3,3,3,10,2.3978952727983707,1,1,0,3,0,8,2.1972245773362196,1,2,3,1,8,5,1.791759469228055,0,2,0,5,5,4,1.6094379124341003,1,1,4,4,4,1,14,10333.0
5,1.791759469228055,0,2,0,5,5,5,1.791759469228055,0,2,0,5,5,11,2.4849066497880004,0,2,1,4,1,8,2.1972245773362196,1,2,3,1,8,12,2.5649493574615367,1,0,2,5,2,2,1.0986122886681098,1,2,2,2,2,8,2.1972245773362196,1,2,3,1,8,4,1.6094379124341003,1,1,4,4,4,6,1.9459101490553132,1,0,1,6,6,6,1.9459101490553132,1,0,1,6,6,1,14,1097.0
4,1.6094379124341003,1,1,4,4,4,2,1.0986122886681098,1,2,2,2,2,6,1.9459101490553132,1,0,1,6,6,5,1.791759469228055,0,2,0,5,5,11,2.4849066497880004,0,2,1,4,1,10,2.3978952727983707,1,1,0,3,0,12,2.5649493574615367,1,0,2,5,2,4,1.6094379124341003,1,1,4,4,4,8,2.1972245773362196,1,2,3,1,8,7,2.0794415416798357,0,1,2,0,7,1,13,11.0
9,2.302585092994046,0,0,4,2,9,5,1.791759469228055,0,2,0,5,5,12,2.5649493574615367,1,0,2,5,2,2,1.0986122886681098,1,2,2,2,2,3,1.3862943611198906,0,0,3,3,3,1,0.6931471805599453,0,1,1,1,1,2,1.0986122886681098,1,2,2,2,2,6,1.9459101490553132,1,0,1,6,6,2,1.0986122886681098,1,2,2,2,2,3,1.3862943611198906,0,0,3,3,3,1,26,169.0
7,2.0794415416798357,0,1,2,0,7,3,1.3862943611198906,0,0,3,3,3,10,2.3978952727983707,1,1,0,3,0,8,2.1972245773362196,1,2,3,1,8,11,2.4849066497880004,0,2,1,4,1,1,0.6931471805599453,0,1,1,1,1,4,1.6094379124341003,1,1,4,4,4,3,1.3862943611198906,0,0,3,3,3,2,1.0986122886681098,1,2,2,2,2,7,2.0794415416798357,0,1,2,0,7,1,15,2909.0
2,1.0986122886681098,1,2,2,2,2,1,0.6931471805599453,0,1,1,1,1,2,1.0986122886681098,1,2,2,2,2,7,2.0794415416798357,0,1,2,0,7,9,2.302585092994046,0,0,4,2,9,6,1.9459101490553132,1,0,1,6,6,8,2.1972245773362196,1,2,3,1,8,2,1.0986122886681098,1,2,2,2,2,8,2.1972245773362196,1,2,3,1,8,8,2.1972245773362196,1,2,3,1,8,1,27,455.0
6,1.9459101490553132,1,0,1,6,6,3,1.3862943611198906,0,0,3,3,3,6,1.9459101490553132,1,0,1,6,6,3,1.3862943611198906,0,0,3,3,3,5,1.791759469228055,0,2,0,5,5,1,0.6931471805599453,0,1,1,1,1,11,2.4849066497880004,0,2,1,4,1,4,1.6094379124341003,1,1,4,4,4,7,2.0794415416798357,0,1,2,0,7,4,1.6094379124341003,1,1,4,4,4,1,16,133.0
6,1.9459101490553132,1,0,1,6,6,8,2.1972245773362196,1,2,3,1,8,10,2.3978952727983707,1,1,0,3,0,8,2.1972245773362196,1,2,3,1,8,10,2.3978952727983707,1,1,0,3,0,1,0.6931471805599453,0,1,1,1,1,3,1.3862943611198906,0,0,3,3,3,2,1.0986122886681098,1,2,2,2,2,7,2.0794415416798357,0,1,2,0,7,8,2.1972245773362196,1,2,3,1,8,1,20,25.0
10,2.3978952727983707,1,1,0,3,0,2,1.0986122886681098,1,2,2,2,2,3,1.3862943611198906,0,0,3,3,3,1,0.6931471805599453,0,1,1,1,1,9,2.302585092994046,0,0,4,2,9,1,0.6931471805599453,0,1,1,1,1,5,1.791759469228055,0,2,0,5,5,8,2.1972245773362196,1,2,3,1,8,7,2.0794415416798357,0,1,2,0,7,7,2.0794415416798357,0,1,2,0,7,1,22,8.0
12,2.5649493574615367,1,0,2,5,2,1,0.6931471805599453,0,1,1,1,1,7,2.0794415416798357,0,1,2,0,7,6,1.9459101490553132,1,0,1,6,6,8,2.1972245773362196,1,2,3,1,8,2,1.0986122886681098,1,2,2,2,2,5,1.791759469228055,0,2,0,5,5,2,1.0986122886681098,1,2,2,2,2,7,2.0794415416798357,0,1,2,0,7,4,1.6094379124341003,1,1,4,4,4,1,22,817.0
10,2.3978952727983707,1,1,0,3,0,6,1.9459101490553132,1,0,1,6,6,8,2.1972245773362196,1,2,3,1,8,1,0.6931471805599453,0,1,1,1,1,3,1.3862943611198906,0,0,3,3,3,1,0.6931471805599453,0,1,1,1,1,4,1.6094379124341003,1,1,4,4,4,3,1.3862943611198906,0,0,3,3,3,2,1.0986122886681098,1,2,2,2,2,8,2.1972245773362196,1,2,3,1,8,1,28,173.0
2,1.0986122886681098,1,2,2,2,2,1,0.6931471805599453,0,1,1,1,1,2,1.0986122886681098,1,2,2,2,2,1,0.6931471805599453,0,1,1,1,1,3,1.3862943611198906,0,0,3,3,3,1,0.6931471805599453,0,1,1,1,1,2,1.0986122886681098,1,2,2,2,2,4,1.6094379124341003,1,1,4,4,4,2,1.0986122886681098,1,2,2,2,2,5,1.791759469228055,0,2,0,5,5,1,34,23.0
6,1.9459101490553132,1,0,1,6,6,4,1.6094379124341003,1,1,4,4,4,11,2.4849066497880004,0,2,1,4,1,1,0.6931471805599453,0,1,1,1,1,12,2.5649493574615367,1,0,2,5,2,4,1.6094379124341003,1,1,4,4,4,8,2.1972245773362196,1,2,3,1,8,3,1.3862943611198906,0,0,3,3,3,2,1.0986122886681098,1,2,2,2,2,1,0.6931471805599453,0,1,1,1,1,1,30,391.0
3,1.3862943611198906,0,0,3,3,3,1,0.6931471805599453,0,1,1,1,1,2,1.0986122886681098,1,2,2,2,2,7,2.0794415416798357,0,1,2,0,7,9,2.302585092994046,0,0,4,2,9,4,1.6094379124341003,1,1,4,4,4,7,2.0794415416798357,0,1,2,0,7,3,1.3862943611198906,0,0,3,3,3,7,2.0794415416798357,0,1,2,0,7,7,2.0794415416798357,0,1,2,0,7,1,19,1417.0
6,1.9459101490553132,1,0,1,6,6,4,1.6094379124341003,1,1,4,4,4,5,1.791759469228055,0,2,0,5,5,1,0.6931471805599453,0,1,1,1,1,5,1.791759469228055,0,2,0,5,5,1,0.6931471805599453,0,1,1,1,1,8,2.1972245773362196,1,2,3,1,8,6,1.9459101490553132,1,0,1,6,6,6,1.9459101490553132,1,0,1,6,6,6,1.9459101490553132,1,0,1,6,6,1,25,31.0
11,2.4849066497880004,0,2,1,4,1,4,1.6094379124341003,1,1,4,4,4,5,1.791759469228055,0,2,0,5,5,8,2.1972245773362196,1,2,3,1,8,11,2.4849066497880004,0,2,1,4,1,3,1.3862943611198906,0,0,3,3,3,5,1.791759469228055,0,2,0,5,5,5,1.791759469228055,0,2,0,5,5,1,0.6931471805599453,0,1,1,1,1,2,1.0986122886681098,1,2,2,2,2,1,16,72.0
11,2.4849066497880004,0,2,1,4,1,6,1.9459101490553132,1,0,1,6,6,7,2.0794415416798357,0,1,2,0,7,5,1.791759469228055,0,2,0,5,5,7,2.0794415416798357,0,1,2,0,7,7,2.0794415416798357,0,1,2,0,7,12,2.5649493574615367,1,0,2,5,2,2,1.0986122886681098,1,2,2,2,2,3,1.3862943611198906,0,0,3,3,3,7,2.0794415416798357,0,1,2,0,7,1,11,239.0
3,1.3862943611198906,0,0,3,3,3,5,1.791759469228055,0,2,0,5,5,8,2.1972245773362196,1,2,3,1,8,2,1.0986122886681098,1,2,2,2,2,6,1.9459101490553132,1,0,1,6,6,7,2.0794415416798357,0,1,2,0,7,8,2.1972245773362196,1,2,3,1,8,7,2.0794415416798357,0,1,2,0,7,7,2.0794415416798357,0,1,2,0,7,7,2.0794415416798357,0,1,2,0,7,1,11,83.0
11,2.4849066497880004,0,2,1,4,1,6,1.9459101490553132,1,0,1,6,6,8,2.1972245773362196,1,2,3,1,8,1,0.6931471805599453,0,1,1,1,1,7,2.0794415416798357,0,1,2,0,7,1,0.6931471805599453,0,1,1,1,1,2,1.0986122886681098,1,2,2,2,2,5,1.791759469228055,0,2,0,5,5,7,2.0794415416798357,0,1,2,0,7,2,1.0986122886681098,1,2,2,2,2,1,23,63.0
3,1.3862943611198906,0,0,3,3,3,1,0.6931471805599453,0,1,1,1,1,11,2.4849066497880004,0,2,1,4,1,2,1.0986122886681098,1,2,2,2,2,3,1.3862943611198906,0,0,3,3,3,5,1.791759469228055,0,2,0,5,5,6,1.9459101490553132,1,0,1,6,6,5,1.791759469228055,0,2,0,5,5,5,1.791759469228055,0,2,0,5,5,6,1.9459101490553132,1,0,1,6,6,1,20,28.0
2,1.0986122886681098,1,2,2,2,2,1,0.6931471805599453,0,1,1,1,1,2,1.0986122886681098,1,2,2,2,2,1,0.6931471805599453,0,1,1,1,1,2,1.0986122886681098,1,2,2,2,2,1,0.6931471805599453,0,1,1,1,1,6,1.9459101490553132,1,0,1,6,6,8,2.1972245773362196,1,2,3,1,8,5,1.791759469228055,0,2,0,5,5,3,1.3862943611198906,0,0,3,3,3,1,34,41.0
9,2.302585092994046,0,0,4,2,9,1,0.6931471805599453,0,1,1,1,1,4,1.6094379124341003,1,1,4,4,4,1,0.6931471805599453,0,1,1,1,1,4,1.6094379124341003,1,1,4,4,4,2,1.0986122886681098,1,2,2,2,2,3,1.3862943611198906,0,0,3,3,3,5,1.791759469228055,0,2,0,5,5,1,0.6931471805599453,0,1,1,1,1,4,1.6094379124341003,1,1,4,4,4,1,31,19.0
3,1.3862943611198906,0,0,3,3,3,7,2.0794415416798357,0,1,2,0,7,11,2.4849066497880004,0,2,1,4,1,1,0.6931471805599453,0,1,1,1,1,4,1.6094379124341003,1,1,4,4,4,2,1.0986122886681098,1,2,2,2,2,4,1.6094379124341003,1,1,4,4,4,6,1.9459101490553132,1,0,1,6,6,3,1.3862943611198906,0,0,3,3,3,7,2.0794415416798357,0,1,2,0,7,1,17,709.0
4,1.6094379124341003,1,1,4,4,4,3,1.3862943611198906,0,0,3,3,3,10,2.3978952727983707,1,1,0,3,0,5,1.791759469228055,0,2,0,5,5,10,2.3978952727983707,1,1,0,3,0,3,1.3862943611198906,0,0,3,3,3,7,2.0794415416798357,0,1,2,0,7,8,2.1972245773362196,1,2,3,1,8,7,2.0794415416798357,0,1,2,0,7,2,1.0986122886681098,1,2,2,2,2,1,10,1129.0
11,2.4849066497880004,0,2,1,4,1,4,1.6094379124341003,1,1,4,4,4,6,1.9459101490553132,1,0,1,6,6,1,0.6931471805599453,0,1,1,1,1,2,1.0986122886681098,1,2,2,2,2,1,0.6931471805599453,0,1,1,1,1,9,2.302585092994046,0,0,4,2,9,1,0.6931471805599453,0,1,1,1,1,6,1.9459101490553132,1,0,1,6,6,7,2.0794415416798357,0,1,2,0,7,1,28,139.0
4,1.6094379124341003,1,1,4,4,4,1,0.6931471805599453,0,1,1,1,1,3,1.3862943611198906,0,0,3,3,3,3,1.3862943611198906,0,0,3,3,3,5,1.791759469228055,0,2,0,5,5,2,1.0986122886681098,1,2,2,2,2,6,1.9459101490553132,1,0,1,6,6,1,0.6931471805599453,0,1,1,1,1,1,0.6931471805599453,0,1,1,1,1,5,1.791759469228055,0,2,0,5,5,1,30,62.0
5,1.791759469228055,0,2,0,5,5,8,2.1972245773362196,1,2,3,1,8,11,2.4849066497880004,0,2,1,4,1,1,0.6931471805599453,0,1,1,1,1,10,2.3978952727983707,1,1,0,3,0,4,1.6094379124341003,1,1,4,4,4,6,1.9459101490553132,1,0,1,6,6,7,2.0794415416798357,0,1,2,0,7,1,0.6931471805599453,0,1,1,1,1,7,2.0794415416798357,0,1,2,0,7,1,20,2401.0
2,1.0986122886681098,1,2,2,2,2,1,0.6931471805599453,0,1,1,1,1,2,1.0986122886681098,1,2,2,2,2,3,1.3862943611198906,0,0,3,3,3,5,1.791759469228055,0,2,0,5,5,8,2.1972245773362196,1,2,3,1,8,10,2.3978952727983707,1,1,0,3,0,1,0.6931471805599453,0,1,1,1,1,3,1.3862943611198906,0,0,3,3,3,1,0.6931471805599453,0,1,1,1,1,1,31,21.0
3,1.3862943611198906,0,0,3,3,3,2,1.0986122886681098,1,2,2,2,2,7,2.0794415416798357,0,1,2,0,7,9,2.302585092994046,0,0,4,2,9,11,2.4849066497880004,0,2,1,4,1,4,1.6094379124341003,1,1,4,4,4,12,2.5649493574615367,1,0,2,5,2,5,1.791759469228055,0,2,0,5,5,1,0.6931471805599453,0,1,1,1,1,5,1.791759469228055,0,2,0,5,5,1,15,535.0
11,2.4849066497880004,0,2,1,4,1,3,1.3862943611198906,0,0,3,3,3,10,2.3978952727983707,1,1,0,3,0,10,2.3978952727983707,1,1,0,3,0,12,2.5649493574615367,1,0,2,5,2,9,2.302585092994046,0,0,4,2,9,10,2.3978952727983707,1,1,0,3,0,3,1.3862943611198906,0,0,3,3,3,8,2.1972245773362196,1,2,3,1,8,6,1.9459101490553132,1,0,1,6,6,1,11,59.0
12,2.5649493574615367,1,0,2,5,2,3,1.3862943611198906,0,0,3,3,3,7,2.0794415416798357,0,1,2,0,7,1,0.6931471805599453,0,1,1,1,1,2,1.0986122886681098,1,2,2,2,2,3,1.3862943611198906,0,0,3,3,3,6,1.9459101490553132,1,0,1,6,6,6,1.9459101490553132,1,0,1,6,6,1,0.6931471805599453,0,1,1,1,1,7,2.0794415416798357,0,1,2,0,7,1,31,54.0
12,2.5649493574615367,1,0,2,5,2,2,1.0986122886681098,1,2,2,2,2,4,1.6094379124341003,1,1,4,4,4,3,1.3862943611198906,0,0,3,3,3,8,2.1972245773362196,1,2,3,1,8,3,1.3862943611198906,0,0,3,3,3,9,2.302585092994046,0,0,4,2,9,6,1.9459101490553132,1,0,1,6,6,7,2.0794415416798357,0,1,2,0,7,1,0.6931471805599453,0,1,1,1,1,1,23,311.0
5,1.791759469228055,0,2,0,5,5,3,1.3862943611198906,0,0,3,3,3,6,1.9459101490553132,1,0,1,6,6,4,1.6094379124341003,1,1,4,4,4,7,2.0794415416798357,0,1,2,0,7,1,0.6931471805599453,0,1,1,1,1,9,2.302585092994046,0,0,4,2,9,2,1.0986122886681098,1,2,2,2,2,3,1.3862943611198906,0,0,3,3,3,8,2.1972245773362196,1,2,3,1,8,1,18,1735.0
4,1.6094379124341003,1,1,4,4,4,2,1.0986122886681098,1,2,2,2,2,6,1.9459101490553132,1,0,1,6,6,4,1.6094379124341003,1,1,4,4,4,8,2.1972245773362196,1,2,3,1,8,1,0.6931471805599453,0,1,1,1,1,3,1.3862943611198906,0,0,3,3,3,1,0.6931471805599453,0,1,1,1,1,3,1.3862943611198906,0,0,3,3,3,6,1.9459101490553132,1,0,1,6,6,1,31,59.0
3,1.3862943611198906,0,0,3,3,3,8,2.1972245773362196,1,2,3,1,8,11,2.4849066497880004,0,2,1,4,1,2,1.0986122886681098,1,2,2,2,2,5,1.791759469228055,0,2,0,5,5,1,0.6931471805599453,0,1,1,1,1,9,2.302585092994046,0,0,4,2,9,4,1.6094379124341003,1,1,4,4,4,6,1.9459101490553132,1,0,1,6,6,4,1.6094379124341003,1,1,4,4,4,1,18,3362.0
4,1.6094379124341003,1,1,4,4,4,2,1.0986122886681098,1,2,2,2,2,10,2.3978952727983707,1,1,0,3,0,4,1.6094379124341003,1,1,4,4,4,11,2.4849066497880004,0,2,1,4,1,1,0.6931471805599453,0,1,1,1,1,2,1.0986122886681098,1,2,2,2,2,4,1.6094379124341003,1,1,4,4,4,3,1.3862943611198906,0,0,3,3,3,5,1.791759469228055,0,2,0,5,5,1,22,1141.0
4,1.6094379124341003,1,1,4,4,4,1,0.6931471805599453,0,1,1,1,1,9,2.302585092994046,0,0,4,2,9,1,0.6931471805599453,0,1,1,1,1,5,1.791759469228055,0,2,0,5,5,1,0.6931471805599453,0,1,1,1,1,6,1.9459101490553132,1,0,1,6,6,7,2.0794415416798357,0,1,2,0,7,8,2.1972245773362196,1,2,3,1,8,2,1.0986122886681098,1,2,2,2,2,1,28,667.0
5,1.791759469228055,0,2,0,5,5,1,0.6931471805599453,0,1,1,1,1,5,1.791759469228055,0,2,0,5,5,3,1.3862943611198906,0,0,3,3,3,4,1.6094379124341003,1,1,4,4,4,5,1.791759469228055,0,2,0,5,5,9,2.302585092994046,0,0,4,2,9,6,1.9459101490553132,1,0,1,6,6,2,1.0986122886681098,1,2,2,2,2,1,0.6931471805599453,0,1,1,1,1,1,24,2213.0
8,2.1972245773362196,1,2,3,1,8,1,0.6931471805599453,0,1,1,1,1,12,2.5649493574615367,1,0,2,5,2,5,1.791759469228055,0,2,0,5,5,10,2.3978952727983707,1,1,0,3,0,3,1.3862943611198906,0,0,3,3,3,5,1.791759469228055,0,2,0,5,5,3,1.3862943611198906,0,0,3,3,3,7,2.0794415416798357,0,1,2,0,7,6,1.9459101490553132,1,0,1,6,6,1,18,163.0
12,2.5649493574615367,1,0,2,5,2,5,1.791759469228055,0,2,0,5,5,12,2.5649493574615367,1,0,2,5,2,2,1.0986122886681098,1,2,2,2,2,11,2.4849066497880004,0,2,1,4,1,4,1.6094379124341003,1,1,4,4,4,6,1.9459101490553132,1,0,1,6,6,6,1.9459101490553132,1,0,1,6,6,7,2.0794415416798357,0,1,2,0,7,4,1.6094379124341003,1,1,4,4,4,1,17,751.0
10,2.3978952727983707,1,1,0,3,0,2,1.0986122886681098,1,2,2,2,2,7,2.0794415416798357,0,1,2,0,7,10,2.3978952727983707,1,1,0,3,0,11,2.4849066497880004,0,2,1,4,1,2,1.0986122886681098,1,2,2,2,2,7,2.0794415416798357,0,1,2,0,7,7,2.0794415416798357,0,1,2,0,7,7,2.0794415416798357,0,1,2,0,7,8,2.1972245773362196,1,2,3,1,8,1,14,921.0
7,2.0794415416798357,0,1,2,0,7,7,2.0794415416798357,0,1,2,0,7,11,2.4849066497880004,0,2,1,4,1,1,0.6931471805599453,0,1,1,1,1,7,2.0794415416798357,0,1,2,0,7,1,0.6931471805599453,0,1,1,1,1,7,2.0794415416798357,0,1,2,0,7,5,1.791759469228055,0,2,0,5,5,2,1.0986122886681098,1,2,2,2,2,7,2.0794415416798357,0,1,2,0,7,1,27,402.0
4,1.6094379124341003,1,1,4,4,4,6,1.9459101490553132,1,0,1,6,6,7,2.0794415416798357,0,1,2,0,7,1,0.6931471805599453,0,1,1,1,1,6,1.9459101490553132,1,0,1,6,6,2,1.0986122886681098,1,2,2,2,2,3,1.3862943611198906,0,0,3,3,3,7,2.0794415416798357,0,1,2,0,7,6,1.9459101490553132,1,0,1,6,6,6,1.9459101490553132,1,0,1,6,6,1,25,971.0
10,2.3978952727983707,1,1,0,3,0,1,0.6931471805599453,0,1,1,1,1,2,1.0986122886681098,1,2,2,2,2,1,0.6931471805599453,0,1,1,1,1,4,1.6094379124341003,1,1,4,4,4,2,1.0986122886681098,1,2,2,2,2,11,2.4849066497880004,0,2,1,4,1,4,1.6094379124341003,1,1,4,4,4,3,1.3862943611198906,0,0,3,3,3,1,0.6931471805599453,0,1,1,1,1,1,32,287.0
4,1.6094379124341003,1,1,4,4,4,1,0.6931471805599453,0,1,1,1,1,2,1.0986122886681098,1,2,2,2,2,4,1.6094379124341003,1,1,4,4,4,7,2.0794415416798357,0,1,2,0,7,2,1.0986122886681098,1,2,2,2,2,6,1.9459101490553132,1,0,1,6,6,2,1.0986122886681098,1,2,2,2,2,2,1.0986122886681098,1,2,2,2,2,1,0.6931471805599453,0,1,1,1,1,1,36,275.0
3,1.3862943611198906,0,0,3,3,3,2,1.0986122886681098,1,2,2,2,2,3,1.3862943611198906,0,0,3,3,3,2,1.0986122886681098,1,2,2,2,2,5,1.791759469228055,0,2,0,5,5,3,1.3862943611198906,0,0,3,3,3,11,2.4849066497880004,0,2,1,4,1,2,1.0986122886681098,1,2,2,2,2,8,2.1972245773362196,1,2,3,1,8,8,2.1972245773362196,1,2,3,1,8,1,13,320.0
8,2.1972245773362196,1,2,3,1,8,6,1.9459101490553132,1,0,1,6,6,7,2.0794415416798357,0,1,2,0,7,6,1.9459101490553132,1,0,1,6,6,7,2.0794415416798357,0,1,2,0,7,1,0.6931471805599453,0,1,1,1,1,5,1.791759469228055,0,2,0,5,5,7,2.0794415416798357,0,1,2,0,7,4,1.6094379124341003,1,1,4,4,4,7,2.0794415416798357,0,1,2,0,7,1,17,897.0
5,1.791759469228055,0,2,0,5,5,2,1.0986122886681098,1,2,2,2,2,4,1.6094379124341003,1,1,4,4,4,3,1.3862943611198906,0,0,3,3,3,11,2.4849066497880004,0,2,1,4,1,1,0.6931471805599453,0,1,1,1,1,8,2.1972245773362196,1,2,3,1,8,8,2.1972245773362196,1,2,3,1,8,5,1.791759469228055,0,2,0,5,5,7,2.0794415416798357,0,1,2,0,7,1,16,1207.0
9,2.302585092994046,0,0,4,2,9,3,1.3862943611198906,0,0,3,3,3,12,2.5649493574615367,1,0,2,5,2,3,1.3862943611198906,0,0,3,3,3,10,2.3978952727983707,1,1,0,3,0,5,1.791759469228055,0,2,0,5,5,12,2.5649493574615367,1,0,2,5,2,7,2.0794415416798357,0,1,2,0,7,4,1.6094379124341003,1,1,4,4,4,4,1.6094379124341003,1,1,4,4,4,1,14,713.0
3,1.3862943611198906,0,0,3,3,3,9,2.302585092994046,0,0,4,2,9,10,2.3978952727983707,1,1,0,3,0,3,1.3862943611198906,0,0,3,3,3,4,1.6094379124341003,1,1,4,4,4,3,1.3862943611198906,0,0,3,3,3,12,2.5649493574615367,1,0,2,5,2,1,0.6931471805599453,0,1,1,1,1,2,1.0986122886681098,1,2,2,2,2,8,2.1972245773362196,1,2,3,1,8,1,24,37.0
10,2.3978952727983707,1,1,0,3,0,1,0.6931471805599453,0,1,1,1,1,5,1.791759469228055,0,2,0,5,5,1,0.6931471805599453,0,1,1,1,1,3,1.3862943611198906,0,0,3,3,3,4,1.6094379124341003,1,1,4,4,4,7,2.0794415416798357,0,1,2,0,7,8,2.1972245773362196,1,2,3,1,8,4,1.6094379124341003,1,1,4,4,4,2,1.0986122886681098,1,2,2,2,2,1,25,703.0
11,2.4849066497880004,0,2,1,4,1,2,1.0986122886681098,1,2,2,2,2,10,2.3978952727983707,1,1,0,3,0,1,0.6931471805599453,0,1,1,1,1,2,1.0986122886681098,1,2,2,2,2,7,2.0794415416798357,0,1,2,0,7,8,2.1972245773362196,1,2,3,1,8,5,1.791759469228055,0,2,0,5,5,3,1.3862943611198906,0,0,3,3,3,3,1.3862943611198906,0,0,3,3,3,1,16,71.0
8,2.1972245773362196,1,2,3,1,8,2,1.0986122886681098,1,2,2,2,2,8,2.1972245773362196,1,2,3,1,8,2,1.0986122886681098,1,2,2,2,2,3,1.3862943611198906,0,0,3,3,3,2,1.0986122886681098,1,2,2,2,2,9,2.302585092994046,0,0,4,2,9,8,2.1972245773362196,1,2,3,1,8,8,2.1972245773362196,1,2,3,1,8,3,1.3862943611198906,0,0,3,3,3,1,24,563.0
9,2.302585092994046,0,0,4,2,9,1,0.6931471805599453,0,1,1,1,1,11,2.4849066497880004,0,2,1,4,1,1,0.6931471805599453,0,1,1,1,1,5,1.791759469228055,0,2,0,5,5,5,1.791759469228055,0,2,0,5,5,11,2.4849066497880004,0,2,1,4,1,5,1.791759469228055,0,2,0,5,5,6,1.9459101490553132,1,0,1,6,6,3,1.3862943611198906,0,0,3,3,3,1,23,259.0
12,2.5649493574615367,1,0,2,5,2,1,0.6931471805599453,0,1,1,1,1,8,2.1972245773362196,1,2,3,1,8,1,0.6931471805599453,0,1,1,1,1,7,2.0794415416798357,0,1,2,0,7,7,2.0794415416798357,0,1,2,0,7,8,2.1972245773362196,1,2,3,1,8,6,1.9459101490553132,1,0,1,6,6,3,1.3862943611198906,0,0,3,3,3,4,1.6094379124341003,1,1,4,4,4,1,25,341.0
5,1.791759469228055,0,2,0,5,5,8,2.1972245773362196,1,2,3,1,8,12,2.5649493574615367,1,0,2,5,2,1,0.6931471805599453,0,1,1,1,1,9,2.302585092994046,0,0,4,2,9,7,2.0794415416798357,0,1,2,0,7,9,2.302585092994046,0,0,4,2,9,8,2.1972245773362196,1,2,3,1,8,5,1.791759469228055,0,2,0,5,5,3,1.3862943611198906,0,0,3,3,3,1,15,28.0
3,1.3862943611198906,0,0,3,3,3,2,1.0986122886681098,1,2,2,2,2,6,1.9459101490553132,1,0,1,6,6,2,1.0986122886681098,1,2,2,2,2,8,2.1972245773362196,1,2,3,1,8,1,0.6931471805599453,0,1,1,1,1,2,1.0986122886681098,1,2,2,2,2,1,0.6931471805599453,0,1,1,1,1,2,1.0986122886681098,1,2,2,2,2,6,1.9459101490553132,1,0,1,6,6,1,38,95.0
6,1.9459101490553132,1,0,1,6,6,7,2.0794415416798357,0,1,2,0,7,12,2.5649493574615367,1,0,2,5,2,3,1.3862943611198906,0,0,3,3,3,8,2.1972245773362196,1,2,3,1,8,6,1.9459101490553132,1,0,1,6,6,7,2.0794415416798357,0,1,2,0,7,7,2.0794415416798357,0,1,2,0,7,4,1.6094379124341003,1,1,4,4,4,5,1.791759469228055,0,2,0,5,5,1,11,593.0
5,1.791759469228055,0,2,0,5,5,5,1.791759469228055,0,2,0,5,5,11,2.4849066497880004,0,2,1,4,1,5,1.791759469228055,0,2,0,5,5,7,2.0794415416798357,0,1,2,0,7,3,1.3862943611198906,0,0,3,3,3,4,1.6094379124341003,1,1,4,4,4,4,1.6094379124341003,1,1,4,4,4,3,1.3862943611198906,0,0,3,3,3,2,1.0986122886681098,1,2,2,2,2,1,7,4253.0
5,1.791759469228055,0,2,0,5,5,1,0.6931471805599453,0,1,1,1,1,4,1.6094379124341003,1,1,4,4,4,1,0.6931471805599453,0,1,1,1,1,3,1.3862943611198906,0,0,3,3,3,2,1.0986122886681098,1,2,2,2,2,11,2.4849066497880004,0,2,1,4,1,1,0.6931471805599453,0,1,1,1,1,3,1.3862943611198906,0,0,3,3,3,8,2.1972245773362196,1,2,3,1,8,1,28,373.0
9,2.302585092994046,0,0,4,2,9,1,0.6931471805599453,0,1,1,1,1,2,1.0986122886681098,1,2,2,2,2,4,1.6094379124341003,1,1,4,4,4,12,2.5649493574615367,1,0,2,5,2,4,1.6094379124341003,1,1,4,4,4,5,1.791759469228055,0,2,0,5,5,5,1.791759469228055,0,2,0,5,5,5,1.791759469228055,0,2,0,5,5,8,2.1972245773362196,1,2,3,1,8,1,21,125.0
11,2.4849066497880004,0,2,1,4,1,1,0.6931471805599453,0,1,1,1,1,3,1.3862943611198906,0,0,3,3,3,1,0.6931471805599453,0,1,1,1,1,2,1.0986122886681098,1,2,2,2,2,2,1.0986122886681098,1,2,2,2,2,8,2.1972245773362196,1,2,3,1,8,4,1.6094379124341003,1,1,4,4,4,7,2.0794415416798357,0,1,2,0,7,3,1.3862943611198906,0,0,3,3,3,1,24,139.0
11,2.4849066497880004,0,2,1,4,1,1,0.6931471805599453,0,1,1,1,1,2,1.0986122886681098,1,2,2,2,2,3,1.3862943611198906,0,0,3,3,3,8,2.1972245773362196,1,2,3,1,8,1,0.6931471805599453,0,1,1,1,1,3,1.3862943611198906,0,0,3,3,3,8,2.1972245773362196,1,2,3,1,8,6,1.9459101490553132,1,0,1,6,6,1,0.6931471805599453,0,1,1,1,1,1,31,325.0
7,2.0794415416798357,0,1,2,0,7,4,1.6094379124341003,1,1,4,4,4,5,1.791759469228055,0,2,0,5,5,1,0.6931471805599453,0,1,1,1,1,3,1.3862943611198906,0,0,3,3,3,2,1.0986122886681098,1,2,2,2,2,7,2.0794415416798357,0,1,2,0,7,2,1.0986122886681098,1,2,2,2,2,1,0.6931471805599453,0,1,1,1,1,5,1.791759469228055,0,2,0,5,5,1,22,1049.0
2,1.0986122886681098,1,2,2,2,2,9,2.302585092994046,0,0,4,2,9,12,2.5649493574615367,1,0,2,5,2,1,0.6931471805599453,0,1,1,1,1,12,2.5649493574615367,1,0,2,5,2,2,1.0986122886681098,1,2,2,2,2,6,1.9459101490553132,1,0,1,6,6,2,1.0986122886681098,1,2,2,2,2,5,1.791759469228055,0,2,0,5,5,4,1.6094379124341003,1,1,4,4,4,1,29,139.0
11,2.4849066497880004,0,2,1,4,1,1,0.6931471805599453,0,1,1,1,1,2,1.0986122886681098,1,2,2,2,2,2,1.0986122886681098,1,2,2,2,2,4,1.6094379124341003,1,1,4,4,4,8,2.1972245773362196,1,2,3,1,8,9,2.302585092994046,0,0,4,2,9,4,1.6094379124341003,1,1,4,4,4,7,2.0794415416798357,0,1,2,0,7,1,0.6931471805599453,0,1,1,1,1,1,27,329.0
9,2.302585092994046,0,0,4,2,9,11,2.4849066497880004,0,2,1,4,1,12,2.5649493574615367,1,0,2,5,2,8,2.1972245773362196,1,2,3,1,8,10,2.3978952727983707,1,1,0,3,0,1,0.6931471805599453,0,1,1,1,1,2,1.0986122886681098,1,2,2,2,2,4,1.6094379124341003,1,1,4,4,4,5,1.791759469228055,0,2,0,5,5,3,1.3862943611198906,0,0,3,3,3,1,18,583.0
7,2.0794415416798357,0,1,2,0,7,1,0.6931471805599453,0,1,1,1,1,3,1.3862943611198906,0,0,3,3,3,2,1.0986122886681098,1,2,2,2,2,8,2.1972245773362196,1,2,3,1,8,2,1.0986122886681098,1,2,2,2,2,3,1.3862943611198906,0,0,3,3,3,6,1.9459101490553132,1,0,1,6,6,5,1.791759469228055,0,2,0,5,5,7,2.0794415416798357,0,1,2,0,7,1,18,199.0
12,2.5649493574615367,1,0,2,5,2,1,0.6931471805599453,0,1,1,1,1,6,1.9459101490553132,1,0,1,6,6,7,2.0794415416798357,0,1,2,0,7,8,2.1972245773362196,1,2,3,1,8,5,1.791759469228055,0,2,0,5,5,11,2.4849066497880004,0,2,1,4,1,6,1.9459101490553132,1,0,1,6,6,7,2.0794415416798357,0,1,2,0,7,1,0.6931471805599453,0,1,1,1,1,1,21,4057.0
3,1.3862943611198906,0,0,3,3,3,3,1.3862943611198906,0,0,3,3,3,8,2.1972245773362196,1,2,3,1,8,10,2.3978952727983707,1,1,0,3,0,12,2.5649493574615367,1,0,2,5,2,1,0.6931471805599453,0,1,1,1,1,9,2.302585092994046,0,0,4,2,9,6,1.9459101490553132,1,0,1,6,6,2,1.0986122886681098,1,2,2,2,2,6,1.9459101490553132,1,0,1,6,6,1,26,143.0
8,2.1972245773362196,1,2,3,1,8,8,2.1972245773362196,1,2,3,1,8,11,2.4849066497880004,0,2,1,4,1,2,1.0986122886681098,1,2,2,2,2,9,2.302585092994046,0,0,4,2,9,1,0.6931471805599453,0,1,1,1,1,6,1.9459101490553132,1,0,1,6,6,7,2.0794415416798357,0,1,2,0,7,7,2.0794415416798357,0,1,2,0,7,5,1.791759469228055,0,2,0,5,5,1,14,173.0
5,1.791759469228055,0,2,0,5,5,2,1.0986122886681098,1,2,2,2,2,3,1.3862943611198906,0,0,3,3,3,3,1.3862943611198906,0,0,3,3,3,5,1.791759469228055,0,2,0,5,5,2,1.0986122886681098,1,2,2,2,2,7,2.0794415416798357,0,1,2,0,7,8,2.1972245773362196,1,2,3,1,8,2,1.0986122886681098,1,2,2,2,2,1,0.6931471805599453,0,1,1,1,1,1,17,429.0
7,2.0794415416798357,0,1,2,0,7,7,2.0794415416798357,0,1,2,0,7,10,2.3978952727983707,1,1,0,3,0,1,0.6931471805599453,0,1,1,1,1,2,1.0986122886681098,1,2,2,2,2,1,0.6931471805599453,0,1,1,1,1,2,1.0986122886681098,1,2,2,2,2,4,1.6094379124341003,1,1,4,4,4,2,1.0986122886681098,1,2,2,2,2,8,2.1972245773362196,1,2,3,1,8,1,31,9.0
6,1.9459101490553132,1,0,1,6,6,3,1.3862943611198906,0,0,3,3,3,12,2.5649493574615367,1,0,2,5,2,2,1.0986122886681098,1,2,2,2,2,6,1.9459101490553132,1,0,1,6,6,6,1.9459101490553132,1,0,1,6,6,7,2.0794415416798357,0,1,2,0,7,3,1.3862943611198906,0,0,3,3,3,2,1.0986122886681098,1,2,2,2,2,4,1.6094379124341003,1,1,4,4,4,1,27,425.0
8,2.1972245773362196,1,2,3,1,8,2,1.0986122886681098,1,2,2,2,2,10,2.3978952727983707,1,1,0,3,0,2,1.0986122886681098,1,2,2,2,2,10,2.3978952727983707,1,1,0,3,0,1,0.6931471805599453,0,1,1,1,1,5,1.791759469228055,0,2,0,5,5,6,1.9459101490553132,1,0,1,6,6,1,0.6931471805599453,0,1,1,1,1,6,1.9459101490553132,1,0,1,6,6,1,32,18.0
8,2.1972245773362196,1,2,3,1,8,5,1.791759469228055,0,2,0,5,5,9,2.302585092994046,0,0,4,2,9,5,1.791759469228055,0,2,0,5,5,6,1.9459101490553132,1,0,1,6,6,1,0.6931471805599453,0,1,1,1,1,4,1.6094379124341003,1,1,4,4,4,6,1.9459101490553132,1,0,1,6,6,6,1.9459101490553132,1,0,1,6,6,7,2.0794415416798357,0,1,2,0,7,1,14,415.0
12,2.5649493574615367,1,0,2,5,2,10,2.3978952727983707,1,1,0,3,0,12,2.5649493574615367,1,0,2,5,2,5,1.791759469228055,0,2,0,5,5,10,2.3978952727983707,1,1,0,3,0,3,1.3862943611198906,0,0,3,3,3,5,1.791759469228055,0,2,0,5,5,3,1.3862943611198906,0,0,3,3,3,8,2.1972245773362196,1,2,3,1,8,6,1.9459101490553132,1,0,1,6,6,1,16,743.0
10,2.3978952727983707,1,1,0,3,0,2,1.0986122886681098,1,2,2,2,2,3,1.3862943611198906,0,0,3,3,3,3,1.3862943611198906,0,0,3,3,3,8,2.1972245773362196,1,2,3,1,8,5,1.791759469228055,0,2,0,5,5,6,1.9459101490553132,1,0,1,6,6,7,2.0794415416798357,0,1,2,0,7,4,1.6094379124341003,1,1,4,4,4,3,1.3862943611198906,0,0,3,3,3,1,12,235.0
12,2.5649493574615367,1,0,2,5,2,1,0.6931471805599453,0,1,1,1,1,9,2.302585092994046,0,0,4,2,9,2,1.0986122886681098,1,2,2,2,2,3,1.3862943611198906,0,0,3,3,3,2,1.0986122886681098,1,2,2,2,2,5,1.791759469228055,0,2,0,5,5,3,1.3862943611198906,0,0,3,3,3,7,2.0794415416798357,0,1,2,0,7,1,0.6931471805599453,0,1,1,1,1,1,25,43.0
3,1.3862943611198906,0,0,3,3,3,6,1.9459101490553132,1,0,1,6,6,12,2.5649493574615367,1,0,2,5,2,1,0.6931471805599453,0,1,1,1,1,2,1.0986122886681098,1,2,2,2,2,1,0.6931471805599453,0,1,1,1,1,6,1.9459101490553132,1,0,1,6,6,6,1.9459101490553132,1,0,1,6,6,3,1.3862943611198906,0,0,3,3,3,7,2.0794415416798357,0,1,2,0,7,1,36,15.0
7,2.0794415416798357,0,1,2,0,7,7,2.0794415416798357,0,1,2,0,7,12,2.5649493574615367,1,0,2,5,2,8,2.1972245773362196,1,2,3,1,8,10,2.3978952727983707,1,1,0,3,0,10,2.3978952727983707,1,1,0,3,0,12,2.5649493574615367,1,0,2,5,2,7,2.0794415416798357,0,1,2,0,7,6,1.9459101490553132,1,0,1,6,6,8,2.1972245773362196,1,2,3,1,8,1,8,33.0
5,1.791759469228055,0,2,0,5,5,4,1.6094379124341003,1,1,4,4,4,5,1.791759469228055,0,2,0,5,5,1,0.6931471805599453,0,1,1,1,1,8,2.1972245773362196,1,2,3,1,8,5,1.791759469228055,0,2,0,5,5,11,2.4849066497880004,0,2,1,4,1,2,1.0986122886681098,1,2,2,2,2,5,1.791759469228055,0,2,0,5,5,6,1.9459101490553132,1,0,1,6,6,1,19,412.0
8,2.1972245773362196,1,2,3,1,8,9,2.302585092994046,0,0,4,2,9,11,2.4849066497880004,0,2,1,4,1,9,2.302585092994046,0,0,4,2,9,11,2.4849066497880004,0,2,1,4,1,2,1.0986122886681098,1,2,2,2,2,8,2.1972245773362196,1,2,3,1,8,3,1.3862943611198906,0,0,3,3,3,8,2.1972245773362196,1,2,3,1,8,7,2.0794415416798357,0,1,2,0,7,1,10,1109.0
3,1.3862943611198906,0,0,3,3,3,8,2.1972245773362196,1,2,3,1,8,9,2.302585092994046,0,0,4,2,9,8,2.1972245773362196,1,2,3,1,8,10,2.3978952727983707,1,1,0,3,0,1,0.6931471805599453,0,1,1,1,1,8,2.1972245773362196,1,2,3,1,8,1,0.6931471805599453,0,1,1,1,1,8,2.1972245773362196,1,2,3,1,8,3,1.3862943611198906,0,0,3,3,3,1,26,5797.0
11,2.4849066497880004,0,2,1,4,1,3,1.3862943611198906,0,0,3,3,3,12,2.5649493574615367,1,0,2,5,2,2,1.0986122886681098,1,2,2,2,2,4,1.6094379124341003,1,1,4,4,4,1,0.6931471805599453,0,1,1,1,1,5,1.791759469228055,0,2,0,5,5,7,2.0794415416798357,0,1,2,0,7,6,1.9459101490553132,1,0,1,6,6,7,2.0794415416798357,0,1,2,0,7,1,17,297.0
10,2.3978952727983707,1,1,0,3,0,2,1.0986122886681098,1,2,2,2,2,4,1.6094379124341003,1,1,4,4,4,3,1.3862943611198906,0,0,3,3,3,9,2.302585092994046,0,0,4,2,9,1,0.6931471805599453,0,1,1,1,1,3,1.3862943611198906,0,0,3,3,3,8,2.1972245773362196,1,2,3,1,8,1,0.6931471805599453,0,1,1,1,1,8,2.1972245773362196,1,2,3,1,8,1,27,89.0
3,1.3862943611198906,0,0,3,3,3,1,0.6931471805599453,0,1,1,1,1,2,1.0986122886681098,1,2,2,2,2,5,1.791759469228055,0,2,0,5,5,7,2.0794415416798357,0,1,2,0,7,2,1.0986122886681098,1,2,2,2,2,8,2.1972245773362196,1,2,3,1,8,4,1.6094379124341003,1,1,4,4,4,6,1.9459101490553132,1,0,1,6,6,4,1.6094379124341003,1,1,4,4,4,1,22,213.0
8,2.1972245773362196,1,2,3,1,8,2,1.0986122886681098,1,2,2,2,2,4,1.6094379124341003,1,1,4,4,4,1,0.6931471805599453,0,1,1,1,1,2,1.0986122886681098,1,2,2,2,2,8,2.1972245773362196,1,2,3,1,8,9,2.302585092994046,0,0,4,2,9,3,1.3862943611198906,0,0,3,3,3,8,2.1972245773362196,1,2,3,1,8,6,1.9459101490553132,1,0,1,6,6,1,28,419.0
6,1.9459101490553132,1,0,1,6,6,1,0.6931471805599453,0,1,1,1,1,2,1.0986122886681098,1,2,2,2,2,3,1.3862943611198906,0,0,3,3,3,9,2.302585092994046,0,0,4,2,9,1,0.6931471805599453,0,1,1,1,1,5,1.791759469228055,0,2,0,5,5,6,1.9459101490553132,1,0,1,6,6,1,0.6931471805599453,0,1,1,1,1,7,2.0794415416798357,0,1,2,0,7,1,30,88.0
5,1.791759469228055,0,2,0,5,5,2,1.0986122886681098,1,2,2,2,2,3,1.3862943611198906,0,0,3,3,3,1,0.6931471805599453,0,1,1,1,1,2,1.0986122886681098,1,2,2,2,2,4,1.6094379124341003,1,1,4,4,4,7,2.0794415416798357,0,1,2,0,7,3,1.3862943611198906,0,0,3,3,3,4,1.6094379124341003,1,1,4,4,4,7,2.0794415416798357,0,1,2,0,7,1,17,55.0
7,2.0794415416798357,0,1,2,0,7,11,2.4849066497880004,0,2,1,4,1,12,2.5649493574615367,1,0,2,5,2,4,1.6094379124341003,1,1,4,4,4,6,1.9459101490553132,1,0,1,6,6,8,2.1972245773362196,1,2,3,1,8,12,2.5649493574615367,1,0,2,5,2,1,0.6931471805599453,0,1,1,1,1,6,1.9459101490553132,1,0,1,6,6,6,1.9459101490553132,1,0,1,6,6,1,22,67.0
2,1.0986122886681098,1,2,2,2,2,2,1.0986122886681098,1,2,2,2,2,12,2.5649493574615367,1,0,2,5,2,4,1.6094379124341003,1,1,4,4,4,7,2.0794415416798357,0,1,2,0,7,7,2.0794415416798357,0,1,2,0,7,11,2.4849066497880004,0,2,1,4,1,1,0.6931471805599453,0,1,1,1,1,3,1.3862943611198906,0,0,3,3,3,8,2.1972245773362196,1,2,3,1,8,1,20,5323.0
10,2.3978952727983707,1,1,0,3,0,2,1.0986122886681098,1,2,2,2,2,5,1.791759469228055,0,2,0,5,5,1,0.6931471805599453,0,1,1,1,1,3,1.3862943611198906,0,0,3,3,3,3,1.3862943611198906,0,0,3,3,3,11,2.4849066497880004,0,2,1,4,1,5,1.791759469228055,0,2,0,5,5,1,0.6931471805599453,0,1,1,1,1,3,1.3862943611198906,0,0,3,3,3,1,24,652.0
3,1.3862943611198906,0,0,3,3,3,7,2.0794415416798357,0,1,2,0,7,10,2.3978952727983707,1,1,0,3,0,5,1.791759469228055,0,2,0,5,5,7,2.0794415416798357,0,1,2,0,7,1,0.6931471805599453,0,1,1,1,1,3,1.3862943611198906,0,0,3,3,3,5,1.791759469228055,0,2,0,5,5,7,2.0794415416798357,0,1,2,0,7,6,1.9459101490553132,1,0,1,6,6,1,18,1607.0
2,1.0986122886681098,1,2,2,2,2,1,0.6931471805599453,0,1,1,1,1,10,2.3978952727983707,1,1,0,3,0,1,0.6931471805599453,0,1,1,1,1,9,2.302585092994046,0,0,4,2,9,2,1.0986122886681098,1,2,2,2,2,3,1.3862943611198906,0,0,3,3,3,1,0.6931471805599453,0,1,1,1,1,3,1.3862943611198906,0,0,3,3,3,8,2.1972245773362196,1,2,3,1,8,1,32,203.0
8,2.1972245773362196,1,2,3,1,8,7,2.0794415416798357,0,1,2,0,7,9,2.302585092994046,0,0,4,2,9,7,2.0794415416798357,0,1,2,0,7,11,2.4849066497880004,0,2,1,4,1,3,1.3862943611198906,0,0,3,3,3,11,2.4849066497880004,0,2,1,4,1,7,2.0794415416798357,0,1,2,0,7,8,2.1972245773362196,1,2,3,1,8,7,2.0794415416798357,0,1,2,0,7,1,9,40.0
9,2.302585092994046,0,0,4,2,9,1,0.6931471805599453,0,1,1,1,1,2,1.0986122886681098,1,2,2,2,2,6,1.9459101490553132,1,0,1,6,6,9,2.302585092994046,0,0,4,2,9,1,0.6931471805599453,0,1,1,1,1,8,2.1972245773362196,1,2,3,1,8,1,0.6931471805599453,0,1,1,1,1,1,0.6931471805599453,0,1,1,1,1,7,2.0794415416798357,0,1,2,0,7,1,33,139.0
7,2.0794415416798357,0,1,2,0,7,6,1.9459101490553132,1,0,1,6,6,8,2.1972245773362196,1,2,3,1,8,1,0.6931471805599453,0,1,1,1,1,8,2.1972245773362196,1,2,3,1,8,2,1.0986122886681098,1,2,2,2,2,3,1.3862943611198906,0,0,3,3,3,6,1.9459101490553132,1,0,1,6,6,4,1.6094379124341003,1,1,4,4,4,4,1.6094379124341003,1,1,4,4,4,1,24,191.0
10,2.3978952727983707,1,1,0,3,0,1,0.6931471805599453,0,1,1,1,1,9,2.302585092994046,0,0,4,2,9,3,1.3862943611198906,0,0,3,3,3,5,1.791759469228055,0,2,0,5,5,1,0.6931471805599453,0,1,1,1,1,11,2.4849066497880004,0,2,1,4,1,7,2.0794415416798357,0,1,2,0,7,4,1.6094379124341003,1,1,4,4,4,5,1.791759469228055,0,2,0,5,5,1,21,28.0
6,1.9459101490553132,1,0,1,6,6,8,2.1972245773362196,1,2,3,1,8,10,2.3978952727983707,1,1,0,3,0,4,1.6094379124341003,1,1,4,4,4,10,2.3978952727983707,1,1,0,3,0,8,2.1972245773362196,1,2,3,1,8,11,2.4849066497880004,0,2,1,4,1,4,1.6094379124341003,1,1,4,4,4,5,1.791759469228055,0,2,0,5,5,1,0.6931471805599453,0,1,1,1,1,1,18,422.0
5,1.791759469228055,0,2,0,5,5,2,1.0986122886681098,1,2,2,2,2,3,1.3862943611198906,0,0,3,3,3,5,1.791759469228055,0,2,0,5,5,12,2.5649493574615367,1,0,2,5,2,4,1.6094379124341003,1,1,4,4,4,5,1.791759469228055,0,2,0,5,5,2,1.0986122886681098,1,2,2,2,2,6,1.9459101490553132,1,0,1,6,6,5,1.791759469228055,0,2,0,5,5,1,17,373.0
3,1.3862943611198906,0,0,3,3,3,5,1.791759469228055,0,2,0,5,5,11,2.4849066497880004,0,2,1,4,1,7,2.0794415416798357,0,1,2,0,7,8,2.1972245773362196,1,2,3,1,8,3,1.3862943611198906,0,0,3,3,3,11,2.4849066497880004,0,2,1,4,1,7,2.0794415416798357,0,1,2,0,7,5,1.791759469228055,0,2,0,5,5,2,1.0986122886681098,1,2,2,2,2,1,5,1437.0
7,2.0794415416798357,0,1,2,0,7,7,2.0794415416798357,0,1,2,0,7,10,2.3978952727983707,1,1,0,3,0,9,2.302585092994046,0,0,4,2,9,10,2.3978952727983707,1,1,0,3,0,1,0.6931471805599453,0,1,1,1,1,9,2.302585092994046,0,0,4,2,9,6,1.9459101490553132,1,0,1,6,6,4,1.6094379124341003,1,1,4,4,4,7,2.0794415416798357,0,1,2,0,7,1,14,1013.0
2,1.0986122886681098,1,2,2,2,2,4,1.6094379124341003,1,1,4,4,4,5,1.791759469228055,0,2,0,5,5,2,1.0986122886681098,1,2,2,2,2,9,2.302585092994046,0,0,4,2,9,1,0.6931471805599453,0,1,1,1,1,4,1.6094379124341003,1,1,4,4,4,7,2.0794415416798357,0,1,2,0,7,8,2.1972245773362196,1,2,3,1,8,5,1.791759469228055,0,2,0,5,5,1,20,1129.0
9,2.302585092994046,0,0,4,2,9,1,0.6931471805599453,0,1,1,1,1,7,2.0794415416798357,0,1,2,0,7,1,0.6931471805599453,0,1,1,1,1,3,1.3862943611198906,0,0,3,3,3,7,2.0794415416798357,0,1,2,0,7,8,2.1972245773362196,1,2,3,1,8,4,1.6094379124341003,1,1,4,4,4,4,1.6094379124341003,1,1,4,4,4,2,1.0986122886681098,1,2,2,2,2,1,25,83.0
12,2.5649493574615367,1,0,2,5,2,1,0.6931471805599453,0,1,1,1,1,2,1.0986122886681098,1,2,2,2,2,1,0.6931471805599453,0,1,1,1,1,2,1.0986122886681098,1,2,2,2,2,2,1.0986122886681098,1,2,2,2,2,7,2.0794415416798357,0,1,2,0,7,4,1.6094379124341003,1,1,4,4,4,8,2.1972245773362196,1,2,3,1,8,8,2.1972245773362196,1,2,3,1,8,1,36,68.0
8,2.1972245773362196,1,2,3,1,8,1,0.6931471805599453,0,1,1,1,1,4,1.6094379124341003,1,1,4,4,4,2,1.0986122886681098,1,2,2,2,2,10,2.3978952727983707,1,1,0,3,0,3,1.3862943611198906,0,0,3,3,3,4,1.6094379124341003,1,1,4,4,4,7,2.0794415416798357,0,1,2,0,7,6,1.9459101490553132,1,0,1,6,6,5,1.791759469228055,0,2,0,5,5,1,19,169.0
7,2.0794415416798357,0,1,2,0,7,1,0.6931471805599453,0,1,1,1,1,6,1.9459101490553132,1,0,1,6,6,7,2.0794415416798357,0,1,2,0,7,9,2.302585092994046,0,0,4,2,9,6,1.9459101490553132,1,0,1,6,6,11,2.4849066497880004,0,2,1,4,1,6,1.9459101490553132,1,0,1,6,6,7,2.0794415416798357,0,1,2,0,7,4,1.6094379124341003,1,1,4,4,4,1,15,3703.0
5,1.791759469228055,0,2,0,5,5,7,2.0794415416798357,0,1,2,0,7,8,2.1972245773362196,1,2,3,1,8,2,1.0986122886681098,1,2,2,2,2,4,1.6094379124341003,1,1,4,4,4,10,2.3978952727983707,1,1,0,3,0,11,2.4849066497880004,0,2,1,4,1,1,0.6931471805599453,0,1,1,1,1,2,1.0986122886681098,1,2,2,2,2,4,1.6094379124341003,1,1,4,4,4,1,22,549.0
3,1.3862943611198906,0,0,3,3,3,9,2.302585092994046,0,0,4,2,9,12,2.5649493574615367,1,0,2,5,2,3,1.3862943611198906,0,0,3,3,3,8,2.1972245773362196,1,2,3,1,8,6,1.9459101490553132,1,0,1,6,6,7,2.0794415416798357,0,1,2,0,7,6,1.9459101490553132,1,0,1,6,6,5,1.791759469228055,0,2,0,5,5,3,1.3862943611198906,0,0,3,3,3,1,18,1165.0
12,2.5649493574615367,1,0,2,5,2,2,1.0986122886681098,1,2,2,2,2,12,2.5649493574615367,1,0,2,5,2,1,0.6931471805599453,0,1,1,1,1,2,1.0986122886681098,1,2,2,2,2,2,1.0986122886681098,1,2,2,2,2,9,2.302585092994046,0,0,4,2,9,7,2.0794415416798357,0,1,2,0,7,7,2.0794415416798357,0,1,2,0,7,8,2.1972245773362196,1,2,3,1,8,1,23,68.0
7,2.0794415416798357,0,1,2,0,7,4,1.6094379124341003,1,1,4,4,4,7,2.0794415416798357,0,1,2,0,7,1,0.6931471805599453,0,1,1,1,1,3,1.3862943611198906,0,0,3,3,3,5,1.791759469228055,0,2,0,5,5,8,2.1972245773362196,1,2,3,1,8,8,2.1972245773362196,1,2,3,1,8,8,2.1972245773362196,1,2,3,1,8,8,2.1972245773362196,1,2,3,1,8,1,20,278.0
6,1.9459101490553132,1,0,1,6,6,2,1.0986122886681098,1,2,2,2,2,3,1.3862943611198906,0,0,3,3,3,1,0.6931471805599453,0,1,1,1,1,3,1.3862943611198906,0,0,3,3,3,2,1.0986122886681098,1,2,2,2,2,3,1.3862943611198906,0,0,3,3,3,6,1.9459101490553132,1,0,1,6,6,5,1.791759469228055,0,2,0,5,5,4,1.6094379124341003,1,1,4,4,4,1,26,28.0
5,1.791759469228055,0,2,0,5,5,4,1.6094379124341003,1,1,4,4,4,6,1.9459101490553132,1,0,1,6,6,2,1.0986122886681098,1,2,2,2,2,5,1.791759469228055,0,2,0,5,5,4,1.6094379124341003,1,1,4,4,4,10,2.3978952727983707,1,1,0,3,0,8,2.1972245773362196,1,2,3,1,8,6,1.9459101490553132,1,0,1,6,6,8,2.1972245773362196,1,2,3,1,8,1,17,35.0
10,2.3978952727983707,1,1,0,3,0,7,2.0794415416798357,0,1,2,0,7,10,2.3978952727983707,1,1,0,3,0,1,0.6931471805599453,0,1,1,1,1,9,2.302585092994046,0,0,4,2,9,4,1.6094379124341003,1,1,4,4,4,6,1.9459101490553132,1,0,1,6,6,2,1.0986122886681098,1,2,2,2,2,4,1.6094379124341003,1,1,4,4,4,6,1.9459101490553132,1,0,1,6,6,1,18,125.0
12,2.5649493574615367,1,0,2,5,2,3,1.3862943611198906,0,0,3,3,3,10,2.3978952727983707,1,1,0,3,0,5,1.791759469228055,0,2,0,5,5,6,1.9459101490553132,1,0,1,6,6,9,2.302585092994046,0,0,4,2,9,10,2.3978952727983707,1,1,0,3,0,4,1.6094379124341003,1,1,4,4,4,6,1.9459101490553132,1,0,1,6,6,4,1.6094379124341003,1,1,4,4,4,1,13,31.0
5,1.791759469228055,0,2,0,5,5,7,2.0794415416798357,0,1,2,0,7,8,2.1972245773362196,1,2,3,1,8,4,1.6094379124341003,1,1,4,4,4,7,2.0794415416798357,0,1,2,0,7,1,0.6931471805599453,0,1,1,1,1,2,1.0986122886681098,1,2,2,2,2,5,1.791759469228055,0,2,0,5,5,5,1.791759469228055,0,2,0,5,5,1,0.6931471805599453,0,1,1,1,1,1,24,439.0
2,1.0986122886681098,1,2,2,2,2,1,0.6931471805599453,0,1,1,1,1,7,2.0794415416798357,0,1,2,0,7,1,0.6931471805599453,0,1,1,1,1,10,2.3978952727983707,1,1,0,3,0,3,1.3862943611198906,0,0,3,3,3,5,1.791759469228055,0,2,0,5,5,7,2.0794415416798357,0,1,2,0,7,3,1.3862943611198906,0,0,3,3,3,4,1.6094379124341003,1,1,4,4,4,1,22,101.0
3,1.3862943611198906,0,0,3,3,3,4,1.6094379124341003,1,1,4,4,4,7,2.0794415416798357,0,1,2,0,7,3,1.3862943611198906,0,0,3,3,3,6,1.9459101490553132,1,0,1,6,6,1,0.6931471805599453,0,1,1,1,1,3,1.3862943611198906,0,0,3,3,3,8,2.1972245773362196,1,2,3,1,8,1,0.6931471805599453,0,1,1,1,1,3,1.3862943611198906,0,0,3,3,3,1,28,179.0
5,1.791759469228055,0,2,0,5,5,2,1.0986122886681098,1,2,2,2,2,6,1.9459101490553132,1,0,1,6,6,4,1.6094379124341003,1,1,4,4,4,6,1.9459101490553132,1,0,1,6,6,5,1.791759469228055,0,2,0,5,5,9,2.302585092994046,0,0,4,2,9,7,2.0794415416798357,0,1,2,0,7,8,2.1972245773362196,1,2,3,1,8,4,1.6094379124341003,1,1,4,4,4,1,10,65.0
4,1.6094379124341003,1,1,4,4,4,3,1.3862943611198906,0,0,3,3,3,8,2.1972245773362196,1,2,3,1,8,2,1.0986122886681098,1,2,2,2,2,10,2.3978952727983707,1,1,0,3,0,1,0.6931471805599453,0,1,1,1,1,8,2.1972245773362196,1,2,3,1,8,5,1.791759469228055,0,2,0,5,5,1,0.6931471805599453,0,1,1,1,1,1,0.6931471805599453,0,1,1,1,1,1,32,47.0
3,1.3862943611198906,0,0,3,3,3,4,1.6094379124341003,1,1,4,4,4,5,1.791759469228055,0,2,0,5,5,1,0.6931471805599453,0,1,1,1,1,2,1.0986122886681098,1,2,2,2,2,1,0.6931471805599453,0,1,1,1,1,3,1.3862943611198906,0,0,3,3,3,1,0.6931471805599453,0,1,1,1,1,1,0.6931471805599453,0,1,1,1,1,5,1.791759469228055,0,2,0,5,5,1,33,157.0
3,1.3862943611198906,0,0,3,3,3,4,1.6094379124341003,1,1,4,4,4,11,2.4849066497880004,0,2,1,4,1,2,1.0986122886681098,1,2,2,2,2,6,1.9459101490553132,1,0,1,6,6,1,0.6931471805599453,0,1,1,1,1,2,1.0986122886681098,1,2,2,2,2,8,2.1972245773362196,1,2,3,1,8,6,1.9459101490553132,1,0,1,6,6,4,1.6094379124341003,1,1,4,4,4,1,26,183.0
7,2.0794415416798357,0,1,2,0,7,5,1.791759469228055,0,2,0,5,5,8,2.1972245773362196,1,2,3,1,8,1,0.6931471805599453,0,1,1,1,1,7,2.0794415416798357,0,1,2,0,7,4,1.6094379124341003,1,1,4,4,4,11,2.4849066497880004,0,2,1,4,1,4,1.6094379124341003,1,1,4,4,4,4,1.6094379124341003,1,1,4,4,4,6,1.9459101490553132,1,0,1,6,6,1,16,3877.0
7,2.0794415416798357,0,1,2,0,7,6,1.9459101490553132,1,0,1,6,6,9,2.302585092994046,0,0,4,2,9,1,0.6931471805599453,0,1,1,1,1,12,2.5649493574615367,1,0,2,5,2,7,2.0794415416798357,0,1,2,0,7,9,2.302585092994046,0,0,4,2,9,5,1.791759469228055,0,2,0,5,5,1,0.6931471805599453,0,1,1,1,1,3,1.3862943611198906,0,0,3,3,3,1,24,5.0
7,2.0794415416798357,0,1,2,0,7,2,1.0986122886681098,1,2,2,2,2,9,2.302585092994046,0,0,4,2,9,5,1.791759469228055,0,2,0,5,5,10,2.3978952727983707,1,1,0,3,0,3,1.3862943611198906,0,0,3,3,3,4,1.6094379124341003,1,1,4,4,4,4,1.6094379124341003,1,1,4,4,4,6,1.9459101490553132,1,0,1,6,6,7,2.0794415416798357,0,1,2,0,7,1,9,161.0
11,2.4849066497880004,0,2,1,4,1,6,1.9459101490553132,1,0,1,6,6,9,2.302585092994046,0,0,4,2,9,5,1.791759469228055,0,2,0,5,5,9,2.302585092994046,0,0,4,2,9,1,0.6931471805599453,0,1,1,1,1,4,1.6094379124341003,1,1,4,4,4,8,2.1972245773362196,1,2,3,1,8,4,1.6094379124341003,1,1,4,4,4,5,1.791759469228055,0,2,0,5,5,1,14,82.0
6,1.9459101490553132,1,0,1,6,6,5,1.791759469228055,0,2,0,5,5,8,2.1972245773362196,1,2,3,1,8,1,0.6931471805599453,0,1,1,1,1,2,1.0986122886681098,1,2,2,2,2,1,0.6931471805599453,0,1,1,1,1,9,2.302585092994046,0,0,4,2,9,1,0.6931471805599453,0,1,1,1,1,5,1.791759469228055,0,2,0,5,5,6,1.9459101490553132,1,0,1,6,6,1,29,313.0
9,2.302585092994046,0,0,4,2,9,3,1.3862943611198906,0,0,3,3,3,6,1.9459101490553132,1,0,1,6,6,1,0.6931471805599453,0,1,1,1,1,7,2.0794415416798357,0,1,2,0,7,2,1.0986122886681098,1,2,2,2,2,6,1.9459101490553132,1,0,1,6,6,8,2.1972245773362196,1,2,3,1,8,2,1.0986122886681098,1,2,2,2,2,4,1.6094379124341003,1,1,4,4,4,1,23,211.0
10,2.3978952727983707,1,1,0,3,0,6,1.9459101490553132,1,0,1,6,6,12,2.5649493574615367,1,0,2,5,2,6,1.9459101490553132,1,0,1,6,6,12,2.5649493574615367,1,0,2,5,2,5,1.791759469228055,0,2,0,5,5,12,2.5649493574615367,1,0,2,5,2,1,0.6931471805599453,0,1,1,1,1,8,2.1972245773362196,1,2,3,1,8,6,1.9459101490553132,1,0,1,6,6,1,25,65.0
12,2.5649493574615367,1,0,2,5,2,2,1.0986122886681098,1,2,2,2,2,10,2.3978952727983707,1,1,0,3,0,1,0.6931471805599453,0,1,1,1,1,6,1.9459101490553132,1,0,1,6,6,1,0.6931471805599453,0,1,1,1,1,6,1.9459101490553132,1,0,1,6,6,2,1.0986122886681098,1,2,2,2,2,6,1.9459101490553132,1,0,1,6,6,7,2.0794415416798357,0,1,2,0,7,1,34,223.0
12,2.5649493574615367,1,0,2,5,2,2,1.0986122886681098,1,2,2,2,2,3,1.3862943611198906,0,0,3,3,3,4,1.6094379124341003,1,1,4,4,4,9,2.302585092994046,0,0,4,2,9,2,1.0986122886681098,1,2,2,2,2,12,2.5649493574615367,1,0,2,5,2,1,0.6931471805599453,0,1,1,1,1,5,1.791759469228055,0,2,0,5,5,7,2.0794415416798357,0,1,2,0,7,1,22,131.0
7,2.0794415416798357,0,1,2,0,7,1,0.6931471805599453,0,1,1,1,1,9,2.302585092994046,0,0,4,2,9,2,1.0986122886681098,1,2,2,2,2,3,1.3862943611198906,0,0,3,3,3,9,2.302585092994046,0,0,4,2,9,12,2.5649493574615367,1,0,2,5,2,2,1.0986122886681098,1,2,2,2,2,2,1.0986122886681098,1,2,2,2,2,7,2.0794415416798357,0,1,2,0,7,1,20,6.0
12,2.5649493574615367,1,0,2,5,2,4,1.6094379124341003,1,1,4,4,4,5,1.791759469228055,0,2,0,5,5,10,2.3978952727983707,1,1,0,3,0,12,2.5649493574615367,1,0,2,5,2,9,2.302585092994046,0,0,4,2,9,11,2.4849066497880004,0,2,1,4,1,3,1.3862943611198906,0,0,3,3,3,7,2.0794415416798357,0,1,2,0,7,8,2.1972245773362196,1,2,3,1,8,1,8,2069.0
2,1.0986122886681098,1,2,2,2,2,6,1.9459101490553132,1,0,1,6,6,8,2.1972245773362196,1,2,3,1,8,4,1.6094379124341003,1,1,4,4,4,11,2.4849066497880004,0,2,1,4,1,1,0.6931471805599453,0,1,1,1,1,2,1.0986122886681098,1,2,2,2,2,7,2.0794415416798357,0,1,2,0,7,4,1.6094379124341003,1,1,4,4,4,6,1.9459101490553132,1,0,1,6,6,1,24,217.0
7,2.0794415416798357,0,1,2,0,7,1,0.6931471805599453,0,1,1,1,1,3,1.3862943611198906,0,0,3,3,3,7,2.0794415416798357,0,1,2,0,7,8,2.1972245773362196,1,2,3,1,8,5,1.791759469228055,0,2,0,5,5,11,2.4849066497880004,0,2,1,4,1,3,1.3862943611198906,0,0,3,3,3,5,1.791759469228055,0,2,0,5,5,8,2.1972245773362196,1,2,3,1,8,1,13,5173.0
10,2.3978952727983707,1,1,0,3,0,4,1.6094379124341003,1,1,4,4,4,5,1.791759469228055,0,2,0,5,5,4,1.6094379124341003,1,1,4,4,4,9,2.302585092994046,0,0,4,2,9,9,2.302585092994046,0,0,4,2,9,11,2.4849066497880004,0,2,1,4,1,3,1.3862943611198906,0,0,3,3,3,7,2.0794415416798357,0,1,2,0,7,7,2.0794415416798357,0,1,2,0,7,1,6,6392.0
4,1.6094379124341003,1,1,4,4,4,5,1.791759469228055,0,2,0,5,5,8,2.1972245773362196,1,2,3,1,8,11,2.4849066497880004,0,2,1,4,1,12,2.5649493574615367,1,0,2,5,2,3,1.3862943611198906,0,0,3,3,3,4,1.6094379124341003,1,1,4,4,4,7,2.0794415416798357,0,1,2,0,7,6,1.9459101490553132,1,0,1,6,6,3,1.3862943611198906,0,0,3,3,3,1,11,637.0
5,1.791759469228055,0,2,0,5,5,7,2.0794415416798357,0,1,2,0,7,11,2.4849066497880004,0,2,1,4,1,8,2.1972245773362196,1,2,3,1,8,9,2.302585092994046,0,0,4,2,9,7,2.0794415416798357,0,1,2,0,7,8,2.1972245773362196,1,2,3,1,8,3,1.3862943611198906,0,0,3,3,3,7,2.0794415416798357,0,1,2,0,7,4,1.6094379124341003,1,1,4,4,4,1,7,863.0
11,2.4849066497880004,0,2,1,4,1,5,1.791759469228055,0,2,0,5,5,8,2.1972245773362196,1,2,3,1,8,7,2.0794415416798357,0,1,2,0,7,11,2.4849066497880004,0,2,1,4,1,3,1.3862943611198906,0,0,3,3,3,4,1.6094379124341003,1,1,4,4,4,4,1.6094379124341003,1,1,4,4,4,2,1.0986122886681098,1,2,2,2,2,7,2.0794415416798357,0,1,2,0,7,1,8,153.0
7,2.0794415416798357,0,1,2,0,7,4,1.6094379124341003,1,1,4,4,4,9,2.302585092994046,0,0,4,2,9,3,1.3862943611198906,0,0,3,3,3,8,2.1972245773362196,1,2,3,1,8,10,2.3978952727983707,1,1,0,3,0,12,2.5649493574615367,1,0,2,5,2,5,1.791759469228055,0,2,0,5,5,3,1.3862943611198906,0,0,3,3,3,1,0.6931471805599453,0,1,1,1,1,1,17,457.0
5,1.791759469228055,0,2,0,5,5,8,2.1972245773362196,1,2,3,1,8,11,2.4849066497880004,0,2,1,4,1,3,1.3862943611198906,0,0,3,3,3,5,1.791759469228055,0,2,0,5,5,2,1.0986122886681098,1,2,2,2,2,8,2.1972245773362196,1,2,3,1,8,7,2.0794415416798357,0,1,2,0,7,8,2.1972245773362196,1,2,3,1,8,6,1.9459101490553132,1,0,1,6,6,1,9,5221.0
9,2.302585092994046,0,0,4,2,9,1,0.6931471805599453,0,1,1,1,1,2,1.0986122886681098,1,2,2,2,2,1,0.6931471805599453,0,1,1,1,1,6,1.9459101490553132,1,0,1,6,6,3,1.3862943611198906,0,0,3,3,3,7,2.0794415416798357,0,1,2,0,7,7,2.0794415416798357,0,1,2,0,7,4,1.6094379124341003,1,1,4,4,4,1,0.6931471805599453,0,1,1,1,1,1,29,443.0
9,2.302585092994046,0,0,4,2,9,1,0.6931471805599453,0,1,1,1,1,2,1.0986122886681098,1,2,2,2,2,1,0.6931471805599453,0,1,1,1,1,2,1.0986122886681098,1,2,2,2,2,1,0.6931471805599453,0,1,1,1,1,10,2.3978952727983707,1,1,0,3,0,3,1.3862943611198906,0,0,3,3,3,2,1.0986122886681098,1,2,2,2,2,8,2.1972245773362196,1,2,3,1,8,1,34,13.0
12,2.5649493574615367,1,0,2,5,2,6,1.9459101490553132,1,0,1,6,6,7,2.0794415416798357,0,1,2,0,7,8,2.1972245773362196,1,2,3,1,8,11,2.4849066497880004,0,2,1,4,1,9,2.302585092994046,0,0,4,2,9,10,2.3978952727983707,1,1,0,3,0,8,2.1972245773362196,1,2,3,1,8,7,2.0794415416798357,0,1,2,0,7,8,2.1972245773362196,1,2,3,1,8,1,5,6159.0
12,2.5649493574615367,1,0,2,5,2,2,1.0986122886681098,1,2,2,2,2,11,2.4849066497880004,0,2,1,4,1,1,0.6931471805599453,0,1,1,1,1,2,1.0986122886681098,1,2,2,2,2,1,0.6931471805599453,0,1,1,1,1,3,1.3862943611198906,0,0,3,3,3,1,0.6931471805599453,0,1,1,1,1,5,1.791759469228055,0,2,0,5,5,6,1.9459101490553132,1,0,1,6,6,1,32,19.0
11,2.4849066497880004,0,2,1,4,1,1,0.6931471805599453,0,1,1,1,1,3,1.3862943611198906,0,0,3,3,3,4,1.6094379124341003,1,1,4,4,4,8,2.1972245773362196,1,2,3,1,8,4,1.6094379124341003,1,1,4,4,4,10,2.3978952727983707,1,1,0,3,0,2,1.0986122886681098,1,2,2,2,2,1,0.6931471805599453,0,1,1,1,1,2,1.0986122886681098,1,2,2,2,2,1,29,31.0
7,2.0794415416798357,0,1,2,0,7,4,1.6094379124341003,1,1,4,4,4,5,1.791759469228055,0,2,0,5,5,1,0.6931471805599453,0,1,1,1,1,4,1.6094379124341003,1,1,4,4,4,3,1.3862943611198906,0,0,3,3,3,4,1.6094379124341003,1,1,4,4,4,5,1.791759469228055,0,2,0,5,5,6,1.9459101490553132,1,0,1,6,6,4,1.6094379124341003,1,1,4,4,4,1,17,41.0
4,1.6094379124341003,1,1,4,4,4,3,1.3862943611198906,0,0,3,3,3,11,2.4849066497880004,0,2,1,4,1,3,1.3862943611198906,0,0,3,3,3,6,1.9459101490553132,1,0,1,6,6,1,0.6931471805599453,0,1,1,1,1,3,1.3862943611198906,0,0,3,3,3,2,1.0986122886681098,1,2,2,2,2,5,1.791759469228055,0,2,0,5,5,5,1.791759469228055,0,2,0,5,5,1,18,697.0
7,2.0794415416798357,0,1,2,0,7,6,1.9459101490553132,1,0,1,6,6,9,2.302585092994046,0,0,4,2,9,7,2.0794415416798357,0,1,2,0,7,10,2.3978952727983707,1,1,0,3,0,5,1.791759469228055,0,2,0,5,5,12,2.5649493574615367,1,0,2,5,2,7,2.0794415416798357,0,1,2,0,7,3,1.3862943611198906,0,0,3,3,3,2,1.0986122886681098,1,2,2,2,2,1,11,79.0
11,2.4849066497880004,0,2,1,4,1,5,1.791759469228055,0,2,0,5,5,8,2.1972245773362196,1,2,3,1,8,3,1.3862943611198906,0,0,3,3,3,4,1.6094379124341003,1,1,4,4,4,1,0.6931471805599453,0,1,1,1,1,5,1.791759469228055,0,2,0,5,5,3,1.3862943611198906,0,0,3,3,3,5,1.791759469228055,0,2,0,5,5,6,1.9459101490553132,1,0,1,6,6,1,16,689.0
7,2.0794415416798357,0,1,2,0,7,2,1.0986122886681098,1,2,2,2,2,8,2.1972245773362196,1,2,3,1,8,4,1.6094379124341003,1,1,4,4,4,11,2.4849066497880004,0,2,1,4,1,1,0.6931471805599453,0,1,1,1,1,2,1.0986122886681098,1,2,2,2,2,7,2.0794415416798357,0,1,2,0,7,6,1.9459101490553132,1,0,1,6,6,8,2.1972245773362196,1,2,3,1,8,1,22,96.0
9,2.302585092994046,0,0,4,2,9,3,1.3862943611198906,0,0,3,3,3,7,2.0794415416798357,0,1,2,0,7,2,1.0986122886681098,1,2,2,2,2,3,1.3862943611198906,0,0,3,3,3,4,1.6094379124341003,1,1,4,4,4,6,1.9459101490553132,1,0,1,6,6,1,0.6931471805599453,0,1,1,1,1,5,1.791759469228055,0,2,0,5,5,8,2.1972245773362196,1,2,3,1,8,1,18,123.0
5,1.791759469228055,0,2,0,5,5,8,2.1972245773362196,1,2,3,1,8,9,2.302585092994046,0,0,4,2,9,3,1.3862943611198906,0,0,3,3,3,6,1.9459101490553132,1,0,1,6,6,4,1.6094379124341003,1,1,4,4,4,12,2.5649493574615367,1,0,2,5,2,2,1.0986122886681098,1,2,2,2,2,7,2.0794415416798357,0,1,2,0,7,2,1.0986122886681098,1,2,2,2,2,1,15,15.0
8,2.1972245773362196,1,2,3,1,8,2,1.0986122886681098,1,2,2,2,2,10,2.3978952727983707,1,1,0,3,0,2,1.0986122886681098,1,2,2,2,2,3,1.3862943611198906,0,0,3,3,3,5,1.791759469228055,0,2,0,5,5,11,2.4849066497880004,0,2,1,4,1,4,1.6094379124341003,1,1,4,4,4,3,1.3862943611198906,0,0,3,3,3,7,2.0794415416798357,0,1,2,0,7,1,10,479.0
4,1.6094379124341003,1,1,4,4,4,2,1.0986122886681098,1,2,2,2,2,3,1.3862943611198906,0,0,3,3,3,1,0.6931471805599453,0,1,1,1,1,3,1.3862943611198906,0,0,3,3,3,4,1.6094379124341003,1,1,4,4,4,9,2.302585092994046,0,0,4,2,9,3,1.3862943611198906,0,0,3,3,3,3,1.3862943611198906,0,0,3,3,3,6,1.9459101490553132,1,0,1,6,6,1,27,41.0
8,2.1972245773362196,1,2,3,1,8,1,0.6931471805599453,0,1,1,1,1,2,1.0986122886681098,1,2,2,2,2,10,2.3978952727983707,1,1,0,3,0,12,2.5649493574615367,1,0,2,5,2,5,1.791759469228055,0,2,0,5,5,6,1.9459101490553132,1,0,1,6,6,5,1.791759469228055,0,2,0,5,5,7,2.0794415416798357,0,1,2,0,7,2,1.0986122886681098,1,2,2,2,2,1,22,67.0
9,2.302585092994046,0,0,4,2,9,2,1.0986122886681098,1,2,2,2,2,3,1.3862943611198906,0,0,3,3,3,7,2.0794415416798357,0,1,2,0,7,8,2.1972245773362196,1,2,3,1,8,3,1.3862943611198906,0,0,3,3,3,7,2.0794415416798357,0,1,2,0,7,5,1.791759469228055,0,2,0,5,5,5,1.791759469228055,0,2,0,5,5,1,0.6931471805599453,0,1,1,1,1,1,15,435.0
10,2.3978952727983707,1,1,0,3,0,2,1.0986122886681098,1,2,2,2,2,10,2.3978952727983707,1,1,0,3,0,2,1.0986122886681098,1,2,2,2,2,9,2.302585092994046,0,0,4,2,9,5,1.791759469228055,0,2,0,5,5,8,2.1972245773362196,1,2,3,1,8,3,1.3862943611198906,0,0,3,3,3,3,1.3862943611198906,0,0,3,3,3,7,2.0794415416798357,0,1,2,0,7,1,13,359.0
8,2.1972245773362196,1,2,3,1,8,2,1.0986122886681098,1,2,2,2,2,3,1.3862943611198906,0,0,3,3,3,8,2.1972245773362196,1,2,3,1,8,12,2.5649493574615367,1,0,2,5,2,1,0.6931471805599453,0,1,1,1,1,11,2.4849066497880004,0,2,1,4,1,5,1.791759469228055,0,2,0,5,5,3,1.3862943611198906,0,0,3,3,3,5,1.791759469228055,0,2,0,5,5,1,17,81.0
9,2.302585092994046,0,0,4,2,9,1,0.6931471805599453,0,1,1,1,1,8,2.1972245773362196,1,2,3,1,8,5,1.791759469228055,0,2,0,5,5,10,2.3978952727983707,1,1,0,3,0,4,1.6094379124341003,1,1,4,4,4,6,1.9459101490553132,1,0,1,6,6,8,2.1972245773362196,1,2,3,1,8,7,2.0794415416798357,0,1,2,0,7,5,1.791759469228055,0,2,0,5,5,1,15,10.0
12,2.5649493574615367,1,0,2,5,2,7,2.0794415416798357,0,1,2,0,7,10,2.3978952727983707,1,1,0,3,0,2,1.0986122886681098,1,2,2,2,2,6,1.9459101490553132,1,0,1,6,6,6,1.9459101490553132,1,0,1,6,6,10,2.3978952727983707,1,1,0,3,0,6,1.9459101490553132,1,0,1,6,6,4,1.6094379124341003,1,1,4,4,4,6,1.9459101490553132,1,0,1,6,6,1,20,19.0
9,2.302585092994046,0,0,4,2,9,1,0.6931471805599453,0,1,1,1,1,9,2.302585092994046,0,0,4,2,9,3,1.3862943611198906,0,0,3,3,3,9,2.302585092994046,0,0,4,2,9,6,1.9459101490553132,1,0,1,6,6,11,2.4849066497880004,0,2,1,4,1,8,2.1972245773362196,1,2,3,1,8,8,2.1972245773362196,1,2,3,1,8,3,1.3862943611198906,0,0,3,3,3,1,22,773.0
4,1.6094379124341003,1,1,4,4,4,2,1.0986122886681098,1,2,2,2,2,6,1.9459101490553132,1,0,1,6,6,2,1.0986122886681098,1,2,2,2,2,6,1.9459101490553132,1,0,1,6,6,4,1.6094379124341003,1,1,4,4,4,8,2.1972245773362196,1,2,3,1,8,5,1.791759469228055,0,2,0,5,5,3,1.3862943611198906,0,0,3,3,3,7,2.0794415416798357,0,1,2,0,7,1,17,20.0
3,1.3862943611198906,0,0,3,3,3,1,0.6931471805599453,0,1,1,1,1,10,2.3978952727983707,1,1,0,3,0,3,1.3862943611198906,0,0,3,3,3,4,1.6094379124341003,1,1,4,4,4,1,0.6931471805599453,0,1,1,1,1,4,1.6094379124341003,1,1,4,4,4,4,1.6094379124341003,1,1,4,4,4,6,1.9459101490553132,1,0,1,6,6,4,1.6094379124341003,1,1,4,4,4,1,26,23.0
8,2.1972245773362196,1,2,3,1,8,3,1.3862943611198906,0,0,3,3,3,5,1.791759469228055,0,2,0,5,5,4,1.6094379124341003,1,1,4,4,4,11,2.4849066497880004,0,2,1,4,1,3,1.3862943611198906,0,0,3,3,3,10,2.3978952727983707,1,1,0,3,0,7,2.0794415416798357,0,1,2,0,7,5,1.791759469228055,0,2,0,5,5,5,1.791759469228055,0,2,0,5,5,1,8,439.0
2,1.0986122886681098,1,2,2,2,2,4,1.6094379124341003,1,1,4,4,4,5,1.791759469228055,0,2,0,5,5,4,1.6094379124341003,1,1,4,4,4,5,1.791759469228055,0,2,0,5,5,3,1.3862943611198906,0,0,3,3,3,8,2.1972245773362196,1,2,3,1,8,3,1.3862943611198906,0,0,3,3,3,3,1.3862943611198906,0,0,3,3,3,5,1.791759469228055,0,2,0,5,5,1,12,341.0
9,2.302585092994046,0,0,4,2,9,1,0.6931471805599453,0,1,1,1,1,2,1.0986122886681098,1,2,2,2,2,1,0.6931471805599453,0,1,1,1,1,3,1.3862943611198906,0,0,3,3,3,1,0.6931471805599453,0,1,1,1,1,3,1.3862943611198906,0,0,3,3,3,2,1.0986122886681098,1,2,2,2,2,4,1.6094379124341003,1,1,4,4,4,5,1.791759469228055,0,2,0,5,5,1,30,65.0
3,1.3862943611198906,0,0,3,3,3,5,1.791759469228055,0,2,0,5,5,6,1.9459101490553132,1,0,1,6,6,1,0.6931471805599453,0,1,1,1,1,2,1.0986122886681098,1,2,2,2,2,2,1.0986122886681098,1,2,2,2,2,3,1.3862943611198906,0,0,3,3,3,6,1.9459101490553132,1,0,1,6,6,2,1.0986122886681098,1,2,2,2,2,2,1.0986122886681098,1,2,2,2,2,1,29,22.0
5,1.791759469228055,0,2,0,5,5,1,0.6931471805599453,0,1,1,1,1,2,1.0986122886681098,1,2,2,2,2,5,1.791759469228055,0,2,0,5,5,9,2.302585092994046,0,0,4,2,9,1,0.6931471805599453,0,1,1,1,1,3,1.3862943611198906,0,0,3,3,3,5,1.791759469228055,0,2,0,5,5,7,2.0794415416798357,0,1,2,0,7,3,1.3862943611198906,0,0,3,3,3,1,23,139.0
2,1.0986122886681098,1,2,2,2,2,2,1.0986122886681098,1,2,2,2,2,12,2.5649493574615367,1,0,2,5,2,2,1.0986122886681098,1,2,2,2,2,6,1.9459101490553132,1,0,1,6,6,2,1.0986122886681098,1,2,2,2,2,10,2.3978952727983707,1,1,0,3,0,7,2.0794415416798357,0,1,2,0,7,6,1.9459101490553132,1,0,1,6,6,8,2.1972245773362196,1,2,3,1,8,1,29,179.0
3,1.3862943611198906,0,0,3,3,3,2,1.0986122886681098,1,2,2,2,2,7,2.0794415416798357,0,1,2,0,7,10,2.3978952727983707,1,1,0,3,0,12,2.5649493574615367,1,0,2,5,2,4,1.6094379124341003,1,1,4,4,4,6,1.9459101490553132,1,0,1,6,6,5,1.791759469228055,0,2,0,5,5,5,1.791759469228055,0,2,0,5,5,8,2.1972245773362196,1,2,3,1,8,1,13,325.0
4,1.6094379124341003,1,1,4,4,4,8,2.1972245773362196,1,2,3,1,8,9,2.302585092994046,0,0,4,2,9,7,2.0794415416798357,0,1,2,0,7,9,2.302585092994046,0,0,4,2,9,1,0.6931471805599453,0,1,1,1,1,4,1.6094379124341003,1,1,4,4,4,8,2.1972245773362196,1,2,3,1,8,2,1.0986122886681098,1,2,2,2,2,2,1.0986122886681098,1,2,2,2,2,1,25,95.0
4,1.6094379124341003,1,1,4,4,4,1,0.6931471805599453,0,1,1,1,1,11,2.4849066497880004,0,2,1,4,1,3,1.3862943611198906,0,0,3,3,3,4,1.6094379124341003,1,1,4,4,4,1,0.6931471805599453,0,1,1,1,1,2,1.0986122886681098,1,2,2,2,2,8,2.1972245773362196,1,2,3,1,8,7,2.0794415416798357,0,1,2,0,7,8,2.1972245773362196,1,2,3,1,8,1,27,503.0
7,2.0794415416798357,0,1,2,0,7,1,0.6931471805599453,0,1,1,1,1,2,1.0986122886681098,1,2,2,2,2,1,0.6931471805599453,0,1,1,1,1,2,1.0986122886681098,1,2,2,2,2,8,2.1972245773362196,1,2,3,1,8,9,2.302585092994046,0,0,4,2,9,3,1.3862943611198906,0,0,3,3,3,8,2.1972245773362196,1,2,3,1,8,5,1.791759469228055,0,2,0,5,5,1,24,401.0
8,2.1972245773362196,1,2,3,1,8,4,1.6094379124341003,1,1,4,4,4,10,2.3978952727983707,1,1,0,3,0,5,1.791759469228055,0,2,0,5,5,10,2.3978952727983707,1,1,0,3,0,4,1.6094379124341003,1,1,4,4,4,11,2.4849066497880004,0,2,1,4,1,8,2.1972245773362196,1,2,3,1,8,8,2.1972245773362196,1,2,3,1,8,4,1.6094379124341003,1,1,4,4,4,1,18,512.0
10,2.3978952727983707,1,1,0,3,0,1,0.6931471805599453,0,1,1,1,1,3,1.3862943611198906,0,0,3,3,3,2,1.0986122886681098,1,2,2,2,2,8,2.1972245773362196,1,2,3,1,8,1,0.6931471805599453,0,1,1,1,1,2,1.0986122886681098,1,2,2,2,2,3,1.3862943611198906,0,0,3,3,3,4,1.6094379124341003,1,1,4,4,4,8,2.1972245773362196,1,2,3,1,8,1,30,49.0
2,1.0986122886681098,1,2,2,2,2,1,0.6931471805599453,0,1,1,1,1,8,2.1972245773362196,1,2,3,1,8,3,1.3862943611198906,0,0,3,3,3,9,2.302585092994046,0,0,4,2,9,2,1.0986122886681098,1,2,2,2,2,5,1.791759469228055,0,2,0,5,5,4,1.6094379124341003,1,1,4,4,4,5,1.791759469228055,0,2,0,5,5,2,1.0986122886681098,1,2,2,2,2,1,21,339.0
2,1.0986122886681098,1,2,2,2,2,3,1.3862943611198906,0,0,3,3,3,12,2.5649493574615367,1,0,2,5,2,4,1.6094379124341003,1,1,4,4,4,9,2.302585092994046,0,0,4,2,9,1,0.6931471805599453,0,1,1,1,1,6,1.9459101490553132,1,0,1,6,6,3,1.3862943611198906,0,0,3,3,3,5,1.791759469228055,0,2,0,5,5,4,1.6094379124341003,1,1,4,4,4,1,24,313.0
7,2.0794415416798357,0,1,2,0,7,3,1.3862943611198906,0,0,3,3,3,6,1.9459101490553132,1,0,1,6,6,3,1.3862943611198906,0,0,3,3,3,5,1.791759469228055,0,2,0,5,5,6,1.9459101490553132,1,0,1,6,6,8,2.1972245773362196,1,2,3,1,8,4,1.6094379124341003,1,1,4,4,4,3,1.3862943611198906,0,0,3,3,3,2,1.0986122886681098,1,2,2,2,2,1,15,267.0
10,2.3978952727983707,1,1,0,3,0,1,0.6931471805599453,0,1,1,1,1,2,1.0986122886681098,1,2,2,2,2,1,0.6931471805599453,0,1,1,1,1,3,1.3862943611198906,0,0,3,3,3,5,1.791759469228055,0,2,0,5,5,12,2.5649493574615367,1,0,2,5,2,6,1.9459101490553132,1,0,1,6,6,5,1.791759469228055,0,2,0,5,5,3,1.3862943611198906,0,0,3,3,3,1,29,163.0
12,2.5649493574615367,1,0,2,5,2,3,1.3862943611198906,0,0,3,3,3,4,1.6094379124341003,1,1,4,4,4,1,0.6931471805599453,0,1,1,1,1,2,1.0986122886681098,1,2,2,2,2,6,1.9459101490553132,1,0,1,6,6,7,2.0794415416798357,0,1,2,0,7,2,1.0986122886681098,1,2,2,2,2,3,1.3862943611198906,0,0,3,3,3,8,2.1972245773362196,1,2,3,1,8,1,26,547.0
11,2.4849066497880004,0,2,1,4,1,2,1.0986122886681098,1,2,2,2,2,3,1.3862943611198906,0,0,3,3,3,1,0.6931471805599453,0,1,1,1,1,2,1.0986122886681098,1,2,2,2,2,5,1.791759469228055,0,2,0,5,5,10,2.3978952727983707,1,1,0,3,0,5,1.791759469228055,0,2,0,5,5,1,0.6931471805599453,0,1,1,1,1,5,1.791759469228055,0,2,0,5,5,1,26,7.0
5,1.791759469228055,0,2,0,5,5,1,0.6931471805599453,0,1,1,1,1,3,1.3862943611198906,0,0,3,3,3,8,2.1972245773362196,1,2,3,1,8,10,2.3978952727983707,1,1,0,3,0,6,1.9459101490553132,1,0,1,6,6,7,2.0794415416798357,0,1,2,0,7,6,1.9459101490553132,1,0,1,6,6,3,1.3862943611198906,0,0,3,3,3,4,1.6094379124341003,1,1,4,4,4,1,17,421.0
5,1.791759469228055,0,2,0,5,5,2,1.0986122886681098,1,2,2,2,2,3,1.3862943611198906,0,0,3,3,3,1,0.6931471805599453,0,1,1,1,1,5,1.791759469228055,0,2,0,5,5,3,1.3862943611198906,0,0,3,3,3,4,1.6094379124341003,1,1,4,4,4,2,1.0986122886681098,1,2,2,2,2,6,1.9459101490553132,1,0,1,6,6,1,0.6931471805599453,0,1,1,1,1,1,26,199.0
2,1.0986122886681098,1,2,2,2,2,9,2.302585092994046,0,0,4,2,9,12,2.5649493574615367,1,0,2,5,2,1,0.6931471805599453,0,1,1,1,1,2,1.0986122886681098,1,2,2,2,2,2,1.0986122886681098,1,2,2,2,2,8,2.1972245773362196,1,2,3,1,8,1,0.6931471805599453,0,1,1,1,1,6,1.9459101490553132,1,0,1,6,6,2,1.0986122886681098,1,2,2,2,2,1,36,45.0
7,2.0794415416798357,0,1,2,0,7,2,1.0986122886681098,1,2,2,2,2,8,2.1972245773362196,1,2,3,1,8,1,0.6931471805599453,0,1,1,1,1,6,1.9459101490553132,1,0,1,6,6,3,1.3862943611198906,0,0,3,3,3,12,2.5649493574615367,1,0,2,5,2,6,1.9459101490553132,1,0,1,6,6,2,1.0986122886681098,1,2,2,2,2,6,1.9459101490553132,1,0,1,6,6,1,30,4.0
7,2.0794415416798357,0,1,2,0,7,6,1.9459101490553132,1,0,1,6,6,9,2.302585092994046,0,0,4,2,9,3,1.3862943611198906,0,0,3,3,3,5,1.791759469228055,0,2,0,5,5,2,1.0986122886681098,1,2,2,2,2,5,1.791759469228055,0,2,0,5,5,7,2.0794415416798357,0,1,2,0,7,8,2.1972245773362196,1,2,3,1,8,7,2.0794415416798357,0,1,2,0,7,1,8,66.0
8,2.1972245773362196,1,2,3,1,8,5,1.791759469228055,0,2,0,5,5,7,2.0794415416798357,0,1,2,0,7,4,1.6094379124341003,1,1,4,4,4,11,2.4849066497880004,0,2,1,4,1,2,1.0986122886681098,1,2,2,2,2,4,1.6094379124341003,1,1,4,4,4,2,1.0986122886681098,1,2,2,2,2,2,1.0986122886681098,1,2,2,2,2,2,1.0986122886681098,1,2,2,2,2,1,21,320.0
5,1.791759469228055,0,2,0,5,5,7,2.0794415416798357,0,1,2,0,7,9,2.302585092994046,0,0,4,2,9,11,2.4849066497880004,0,2,1,4,1,12,2.5649493574615367,1,0,2,5,2,8,2.1972245773362196,1,2,3,1,8,10,2.3978952727983707,1,1,0,3,0,5,1.791759469228055,0,2,0,5,5,4,1.6094379124341003,1,1,4,4,4,7,2.0794415416798357,0,1,2,0,7,1,6,647.0
9,2.302585092994046,0,0,4,2,9,6,1.9459101490553132,1,0,1,6,6,8,2.1972245773362196,1,2,3,1,8,3,1.3862943611198906,0,0,3,3,3,11,2.4849066497880004,0,2,1,4,1,2,1.0986122886681098,1,2,2,2,2,5,1.791759469228055,0,2,0,5,5,2,1.0986122886681098,1,2,2,2,2,1,0.6931471805599453,0,1,1,1,1,2,1.0986122886681098,1,2,2,2,2,1,20,1439.0
9,2.302585092994046,0,0,4,2,9,3,1.3862943611198906,0,0,3,3,3,10,2.3978952727983707,1,1,0,3,0,6,1.9459101490553132,1,0,1,6,6,9,2.302585092994046,0,0,4,2,9,1,0.6931471805599453,0,1,1,1,1,6,1.9459101490553132,1,0,1,6,6,7,2.0794415416798357,0,1,2,0,7,5,1.791759469228055,0,2,0,5,5,3,1.3862943611198906,0,0,3,3,3,1,21,98.0
9,2.302585092994046,0,0,4,2,9,3,1.3862943611198906,0,0,3,3,3,12,2.5649493574615367,1,0,2,5,2,7,2.0794415416798357,0,1,2,0,7,8,2.1972245773362196,1,2,3,1,8,2,1.0986122886681098,1,2,2,2,2,8,2.1972245773362196,1,2,3,1,8,5,1.791759469228055,0,2,0,5,5,3,1.3862943611198906,0,0,3,3,3,3,1.3862943611198906,0,0,3,3,3,1,13,25.0
10,2.3978952727983707,1,1,0,3,0,1,0.6931471805599453,0,1,1,1,1,3,1.3862943611198906,0,0,3,3,3,5,1.791759469228055,0,2,0,5,5,6,1.9459101490553132,1,0,1,6,6,2,1.0986122886681098,1,2,2,2,2,6,1.9459101490553132,1,0,1,6,6,1,0.6931471805599453,0,1,1,1,1,8,2.1972245773362196,1,2,3,1,8,5,1.791759469228055,0,2,0,5,5,1,27,43.0
11,2.4849066497880004,0,2,1,4,1,4,1.6094379124341003,1,1,4,4,4,6,1.9459101490553132,1,0,1,6,6,4,1.6094379124341003,1,1,4,4,4,6,1.9459101490553132,1,0,1,6,6,3,1.3862943611198906,0,0,3,3,3,5,1.791759469228055,0,2,0,5,5,8,2.1972245773362196,1,2,3,1,8,4,1.6094379124341003,1,1,4,4,4,7,2.0794415416798357,0,1,2,0,7,1,9,199.0
3,1.3862943611198906,0,0,3,3,3,4,1.6094379124341003,1,1,4,4,4,10,2.3978952727983707,1,1,0,3,0,3,1.3862943611198906,0,0,3,3,3,4,1.6094379124341003,1,1,4,4,4,2,1.0986122886681098,1,2,2,2,2,6,1.9459101490553132,1,0,1,6,6,8,2.1972245773362196,1,2,3,1,8,8,2.1972245773362196,1,2,3,1,8,6,1.9459101490553132,1,0,1,6,6,1,19,703.0
11,2.4849066497880004,0,2,1,4,1,1,0.6931471805599453,0,1,1,1,1,4,1.6094379124341003,1,1,4,4,4,2,1.0986122886681098,1,2,2,2,2,10,2.3978952727983707,1,1,0,3,0,4,1.6094379124341003,1,1,4,4,4,7,2.0794415416798357,0,1,2,0,7,1,0.6931471805599453,0,1,1,1,1,7,2.0794415416798357,0,1,2,0,7,2,1.0986122886681098,1,2,2,2,2,1,26,1319.0
10,2.3978952727983707,1,1,0,3,0,2,1.0986122886681098,1,2,2,2,2,10,2.3978952727983707,1,1,0,3,0,3,1.3862943611198906,0,0,3,3,3,7,2.0794415416798357,0,1,2,0,7,6,1.9459101490553132,1,0,1,6,6,7,2.0794415416798357,0,1,2,0,7,5,1.791759469228055,0,2,0,5,5,5,1.791759469228055,0,2,0,5,5,2,1.0986122886681098,1,2,2,2,2,1,15,262.0
11,2.4849066497880004,0,2,1,4,1,4,1.6094379124341003,1,1,4,4,4,5,1.791759469228055,0,2,0,5,5,1,0.6931471805599453,0,1,1,1,1,6,1.9459101490553132,1,0,1,6,6,1,0.6931471805599453,0,1,1,1,1,2,1.0986122886681098,1,2,2,2,2,5,1.791759469228055,0,2,0,5,5,6,1.9459101490553132,1,0,1,6,6,8,2.1972245773362196,1,2,3,1,8,1,24,313.0
10,2.3978952727983707,1,1,0,3,0,2,1.0986122886681098,1,2,2,2,2,8,2.1972245773362196,1,2,3,1,8,3,1.3862943611198906,0,0,3,3,3,4,1.6094379124341003,1,1,4,4,4,3,1.3862943611198906,0,0,3,3,3,4,1.6094379124341003,1,1,4,4,4,4,1.6094379124341003,1,1,4,4,4,1,0.6931471805599453,0,1,1,1,1,5,1.791759469228055,0,2,0,5,5,1,22,7.0
12,2.5649493574615367,1,0,2,5,2,2,1.0986122886681098,1,2,2,2,2,3,1.3862943611198906,0,0,3,3,3,1,0.6931471805599453,0,1,1,1,1,2,1.0986122886681098,1,2,2,2,2,1,0.6931471805599453,0,1,1,1,1,2,1.0986122886681098,1,2,2,2,2,4,1.6094379124341003,1,1,4,4,4,1,0.6931471805599453,0,1,1,1,1,2,1.0986122886681098,1,2,2,2,2,1,40,19.0
7,2.0794415416798357,0,1,2,0,7,2,1.0986122886681098,1,2,2,2,2,5,1.791759469228055,0,2,0,5,5,2,1.0986122886681098,1,2,2,2,2,8,2.1972245773362196,1,2,3,1,8,1,0.6931471805599453,0,1,1,1,1,5,1.791759469228055,0,2,0,5,5,1,0.6931471805599453,0,1,1,1,1,3,1.3862943611198906,0,0,3,3,3,4,1.6094379124341003,1,1,4,4,4,1,24,137.0
3,1.3862943611198906,0,0,3,3,3,4,1.6094379124341003,1,1,4,4,4,7,2.0794415416798357,0,1,2,0,7,1,0.6931471805599453,0,1,1,1,1,3,1.3862943611198906,0,0,3,3,3,1,0.6931471805599453,0,1,1,1,1,5,1.791759469228055,0,2,0,5,5,4,1.6094379124341003,1,1,4,4,4,7,2.0794415416798357,0,1,2,0,7,7,2.0794415416798357,0,1,2,0,7,1,22,119.0
5,1.791759469228055,0,2,0,5,5,1,0.6931471805599453,0,1,1,1,1,3,1.3862943611198906,0,0,3,3,3,7,2.0794415416798357,0,1,2,0,7,8,2.1972245773362196,1,2,3,1,8,3,1.3862943611198906,0,0,3,3,3,6,1.9459101490553132,1,0,1,6,6,3,1.3862943611198906,0,0,3,3,3,4,1.6094379124341003,1,1,4,4,4,7,2.0794415416798357,0,1,2,0,7,1,17,215.0
6,1.9459101490553132,1,0,1,6,6,2,1.0986122886681098,1,2,2,2,2,3,1.3862943611198906,0,0,3,3,3,1,0.6931471805599453,0,1,1,1,1,4,1.6094379124341003,1,1,4,4,4,1,0.6931471805599453,0,1,1,1,1,8,2.1972245773362196,1,2,3,1,8,3,1.3862943611198906,0,0,3,3,3,2,1.0986122886681098,1,2,2,2,2,4,1.6094379124341003,1,1,4,4,4,1,32,67.0
4,1.6094379124341003,1,1,4,4,4,2,1.0986122886681098,1,2,2,2,2,9,2.302585092994046,0,0,4,2,9,1,0.6931471805599453,0,1,1,1,1,7,2.0794415416798357,0,1,2,0,7,6,1.9459101490553132,1,0,1,6,6,7,2.0794415416798357,0,1,2,0,7,4,1.6094379124341003,1,1,4,4,4,1,0.6931471805599453,0,1,1,1,1,8,2.1972245773362196,1,2,3,1,8,1,25,5.0
6,1.9459101490553132,1,0,1,6,6,1,0.6931471805599453,0,1,1,1,1,3,1.3862943611198906,0,0,3,3,3,4,1.6094379124341003,1,1,4,4,4,11,2.4849066497880004,0,2,1,4,1,1,0.6931471805599453,0,1,1,1,1,8,2.1972245773362196,1,2,3,1,8,4,1.6094379124341003,1,1,4,4,4,8,2.1972245773362196,1,2,3,1,8,3,1.3862943611198906,0,0,3,3,3,1,26,641.0
7,2.0794415416798357,0,1,2,0,7,4,1.6094379124341003,1,1,4,4,4,7,2.0794415416798357,0,1,2,0,7,9,2.302585092994046,0,0,4,2,9,10,2.3978952727983707,1,1,0,3,0,5,1.791759469228055,0,2,0,5,5,9,2.302585092994046,0,0,4,2,9,3,1.3862943611198906,0,0,3,3,3,2,1.0986122886681098,1,2,2,2,2,2,1.0986122886681098,1,2,2,2,2,1,10,1457.0
7,2.0794415416798357,0,1,2,0,7,1,0.6931471805599453,0,1,1,1,1,3,1.3862943611198906,0,0,3,3,3,6,1.9459101490553132,1,0,1,6,6,11,2.4849066497880004,0,2,1,4,1,5,1.791759469228055,0,2,0,5,5,12,2.5649493574615367,1,0,2,5,2,7,2.0794415416798357,0,1,2,0,7,8,2.1972245773362196,1,2,3,1,8,6,1.9459101490553132,1,0,1,6,6,1,16,2641.0
6,1.9459101490553132,1,0,1,6,6,5,1.791759469228055,0,2,0,5,5,8,2.1972245773362196,1,2,3,1,8,5,1.791759469228055,0,2,0,5,5,8,2.1972245773362196,1,2,3,1,8,2,1.0986122886681098,1,2,2,2,2,6,1.9459101490553132,1,0,1,6,6,2,1.0986122886681098,1,2,2,2,2,5,1.791759469228055,0,2,0,5,5,5,1.791759469228055,0,2,0,5,5,1,17,359.0
3,1.3862943611198906,0,0,3,3,3,2,1.0986122886681098,1,2,2,2,2,5,1.791759469228055,0,2,0,5,5,3,1.3862943611198906,0,0,3,3,3,10,2.3978952727983707,1,1,0,3,0,1,0.6931471805599453,0,1,1,1,1,6,1.9459101490553132,1,0,1,6,6,7,2.0794415416798357,0,1,2,0,7,1,0.6931471805599453,0,1,1,1,1,1,0.6931471805599453,0,1,1,1,1,1,30,49.0
2,1.0986122886681098,1,2,2,2,2,2,1.0986122886681098,1,2,2,2,2,4,1.6094379124341003,1,1,4,4,4,2,1.0986122886681098,1,2,2,2,2,7,2.0794415416798357,0,1,2,0,7,1,0.6931471805599453,0,1,1,1,1,9,2.302585092994046,0,0,4,2,9,8,2.1972245773362196,1,2,3,1,8,8,2.1972245773362196,1,2,3,1,8,3,1.3862943611198906,0,0,3,3,3,1,25,1565.0
12,2.5649493574615367,1,0,2,5,2,9,2.302585092994046,0,0,4,2,9,12,2.5649493574615367,1,0,2,5,2,6,1.9459101490553132,1,0,1,6,6,12,2.5649493574615367,1,0,2,5,2,3,1.3862943611198906,0,0,3,3,3,11,2.4849066497880004,0,2,1,4,1,4,1.6094379124341003,1,1,4,4,4,8,2.1972245773362196,1,2,3,1,8,1,0.6931471805599453,0,1,1,1,1,1,24,639.0
9,2.302585092994046,0,0,4,2,9,5,1.791759469228055,0,2,0,5,5,8,2.1972245773362196,1,2,3,1,8,3,1.3862943611198906,0,0,3,3,3,9,2.302585092994046,0,0,4,2,9,1,0.6931471805599453,0,1,1,1,1,12,2.5649493574615367,1,0,2,5,2,5,1.791759469228055,0,2,0,5,5,8,2.1972245773362196,1,2,3,1,8,5,1.791759469228055,0,2,0,5,5,1,17,349.0
11,2.4849066497880004,0,2,1,4,1,2,1.0986122886681098,1,2,2,2,2,4,1.6094379124341003,1,1,4,4,4,1,0.6931471805599453,0,1,1,1,1,2,1.0986122886681098,1,2,2,2,2,1,0.6931471805599453,0,1,1,1,1,4,1.6094379124341003,1,1,4,4,4,5,1.791759469228055,0,2,0,5,5,5,1.791759469228055,0,2,0,5,5,5,1.791759469228055,0,2,0,5,5,1,26,29.0
12,2.5649493574615367,1,0,2,5,2,3,1.3862943611198906,0,0,3,3,3,4,1.6094379124341003,1,1,4,4,4,2,1.0986122886681098,1,2,2,2,2,6,1.9459101490553132,1,0,1,6,6,7,2.0794415416798357,0,1,2,0,7,9,2.302585092994046,0,0,4,2,9,8,2.1972245773362196,1,2,3,1,8,6,1.9459101490553132,1,0,1,6,6,6,1.9459101490553132,1,0,1,6,6,1,19,239.0
5,1.791759469228055,0,2,0,5,5,1,0.6931471805599453,0,1,1,1,1,3,1.3862943611198906,0,0,3,3,3,1,0.6931471805599453,0,1,1,1,1,8,2.1972245773362196,1,2,3,1,8,3,1.3862943611198906,0,0,3,3,3,12,2.5649493574615367,1,0,2,5,2,1,0.6931471805599453,0,1,1,1,1,1,0.6931471805599453,0,1,1,1,1,7,2.0794415416798357,0,1,2,0,7,1,33,37.0
4,1.6094379124341003,1,1,4,4,4,3,1.3862943611198906,0,0,3,3,3,7,2.0794415416798357,0,1,2,0,7,10,2.3978952727983707,1,1,0,3,0,12,2.5649493574615367,1,0,2,5,2,1,0.6931471805599453,0,1,1,1,1,4,1.6094379124341003,1,1,4,4,4,3,1.3862943611198906,0,0,3,3,3,8,2.1972245773362196,1,2,3,1,8,1,0.6931471805599453,0,1,1,1,1,1,25,1003.0
3,1.3862943611198906,0,0,3,3,3,3,1.3862943611198906,0,0,3,3,3,12,2.5649493574615367,1,0,2,5,2,1,0.6931471805599453,0,1,1,1,1,5,1.791759469228055,0,2,0,5,5,4,1.6094379124341003,1,1,4,4,4,6,1.9459101490553132,1,0,1,6,6,3,1.3862943611198906,0,0,3,3,3,4,1.6094379124341003,1,1,4,4,4,8,2.1972245773362196,1,2,3,1,8,1,24,89.0
10,2.3978952727983707,1,1,0,3,0,2,1.0986122886681098,1,2,2,2,2,3,1.3862943611198906,0,0,3,3,3,3,1.3862943611198906,0,0,3,3,3,5,1.791759469228055,0,2,0,5,5,1,0.6931471805599453,0,1,1,1,1,5,1.791759469228055,0,2,0,5,5,7,2.0794415416798357,0,1,2,0,7,4,1.6094379124341003,1,1,4,4,4,8,2.1972245773362196,1,2,3,1,8,1,17,53.0
5,1.791759469228055,0,2,0,5,5,2,1.0986122886681098,1,2,2,2,2,3,1.3862943611198906,0,0,3,3,3,3,1.3862943611198906,0,0,3,3,3,10,2.3978952727983707,1,1,0,3,0,1,0.6931471805599453,0,1,1,1,1,9,2.302585092994046,0,0,4,2,9,1,0.6931471805599453,0,1,1,1,1,3,1.3862943611198906,0,0,3,3,3,6,1.9459101490553132,1,0,1,6,6,1,29,949.0
2,1.0986122886681098,1,2,2,2,2,2,1.0986122886681098,1,2,2,2,2,3,1.3862943611198906,0,0,3,3,3,2,1.0986122886681098,1,2,2,2,2,5,1.791759469228055,0,2,0,5,5,2,1.0986122886681098,1,2,2,2,2,5,1.791759469228055,0,2,0,5,5,1,0.6931471805599453,0,1,1,1,1,1,0.6931471805599453,0,1,1,1,1,5,1.791759469228055,0,2,0,5,5,1,26,23.0
3,1.3862943611198906,0,0,3,3,3,2,1.0986122886681098,1,2,2,2,2,7,2.0794415416798357,0,1,2,0,7,2,1.0986122886681098,1,2,2,2,2,10,2.3978952727983707,1,1,0,3,0,1,0.6931471805599453,0,1,1,1,1,3,1.3862943611198906,0,0,3,3,3,8,2.1972245773362196,1,2,3,1,8,1,0.6931471805599453,0,1,1,1,1,4,1.6094379124341003,1,1,4,4,4,1,26,309.0
9,2.302585092994046,0,0,4,2,9,8,2.1972245773362196,1,2,3,1,8,10,2.3978952727983707,1,1,0,3,0,2,1.0986122886681098,1,2,2,2,2,3,1.3862943611198906,0,0,3,3,3,2,1.0986122886681098,1,2,2,2,2,8,2.1972245773362196,1,2,3,1,8,2,1.0986122886681098,1,2,2,2,2,3,1.3862943611198906,0,0,3,3,3,3,1.3862943611198906,0,0,3,3,3,1,19,683.0
5,1.791759469228055,0,2,0,5,5,1,0.6931471805599453,0,1,1,1,1,3,1.3862943611198906,0,0,3,3,3,7,2.0794415416798357,0,1,2,0,7,9,2.302585092994046,0,0,4,2,9,8,2.1972245773362196,1,2,3,1,8,12,2.5649493574615367,1,0,2,5,2,2,1.0986122886681098,1,2,2,2,2,3,1.3862943611198906,0,0,3,3,3,2,1.0986122886681098,1,2,2,2,2,1,19,91.0
4,1.6094379124341003,1,1,4,4,4,5,1.791759469228055,0,2,0,5,5,10,2.3978952727983707,1,1,0,3,0,6,1.9459101490553132,1,0,1,6,6,11,2.4849066497880004,0,2,1,4,1,2,1.0986122886681098,1,2,2,2,2,3,1.3862943611198906,0,0,3,3,3,1,0.6931471805599453,0,1,1,1,1,5,1.791759469228055,0,2,0,5,5,6,1.9459101490553132,1,0,1,6,6,1,19,337.0
8,2.1972245773362196,1,2,3,1,8,2,1.0986122886681098,1,2,2,2,2,3,1.3862943611198906,0,0,3,3,3,3,1.3862943611198906,0,0,3,3,3,10,2.3978952727983707,1,1,0,3,0,1,0.6931471805599453,0,1,1,1,1,8,2.1972245773362196,1,2,3,1,8,3,1.3862943611198906,0,0,3,3,3,3,1.3862943611198906,0,0,3,3,3,3,1.3862943611198906,0,0,3,3,3,1,23,171.0
8,2.1972245773362196,1,2,3,1,8,5,1.791759469228055,0,2,0,5,5,8,2.1972245773362196,1,2,3,1,8,4,1.6094379124341003,1,1,4,4,4,5,1.791759469228055,0,2,0,5,5,2,1.0986122886681098,1,2,2,2,2,5,1.791759469228055,0,2,0,5,5,6,1.9459101490553132,1,0,1,6,6,3,1.3862943611198906,0,0,3,3,3,1,0.6931471805599453,0,1,1,1,1,1,20,137.0
5,1.791759469228055,0,2,0,5,5,6,1.9459101490553132,1,0,1,6,6,8,2.1972245773362196,1,2,3,1,8,8,2.1972245773362196,1,2,3,1,8,11,2.4849066497880004,0,2,1,4,1,6,1.9459101490553132,1,0,1,6,6,7,2.0794415416798357,0,1,2,0,7,4,1.6094379124341003,1,1,4,4,4,4,1.6094379124341003,1,1,4,4,4,7,2.0794415416798357,0,1,2,0,7,1,8,703.0
9,2.302585092994046,0,0,4,2,9,4,1.6094379124341003,1,1,4,4,4,8,2.1972245773362196,1,2,3,1,8,1,0.6931471805599453,0,1,1,1,1,5,1.791759469228055,0,2,0,5,5,1,0.6931471805599453,0,1,1,1,1,2,1.0986122886681098,1,2,2,2,2,7,2.0794415416798357,0,1,2,0,7,2,1.0986122886681098,1,2,2,2,2,5,1.791759469228055,0,2,0,5,5,1,24,31.0
12,2.5649493574615367,1,0,2,5,2,6,1.9459101490553132,1,0,1,6,6,8,2.1972245773362196,1,2,3,1,8,6,1.9459101490553132,1,0,1,6,6,7,2.0794415416798357,0,1,2,0,7,1,0.6931471805599453,0,1,1,1,1,2,1.0986122886681098,1,2,2,2,2,3,1.3862943611198906,0,0,3,3,3,8,2.1972245773362196,1,2,3,1,8,1,0.6931471805599453,0,1,1,1,1,1,29,495.0
7,2.0794415416798357,0,1,2,0,7,6,1.9459101490553132,1,0,1,6,6,9,2.302585092994046,0,0,4,2,9,5,1.791759469228055,0,2,0,5,5,7,2.0794415416798357,0,1,2,0,7,1,0.6931471805599453,0,1,1,1,1,4,1.6094379124341003,1,1,4,4,4,3,1.3862943611198906,0,0,3,3,3,8,2.1972245773362196,1,2,3,1,8,8,2.1972245773362196,1,2,3,1,8,1,15,1955.0
12,2.5649493574615367,1,0,2,5,2,3,1.3862943611198906,0,0,3,3,3,7,2.0794415416798357,0,1,2,0,7,3,1.3862943611198906,0,0,3,3,3,5,1.791759469228055,0,2,0,5,5,1,0.6931471805599453,0,1,1,1,1,2,1.0986122886681098,1,2,2,2,2,5,1.791759469228055,0,2,0,5,5,4,1.6094379124341003,1,1,4,4,4,2,1.0986122886681098,1,2,2,2,2,1,19,929.0
6,1.9459101490553132,1,0,1,6,6,1,0.6931471805599453,0,1,1,1,1,4,1.6094379124341003,1,1,4,4,4,4,1.6094379124341003,1,1,4,4,4,5,1.791759469228055,0,2,0,5,5,2,1.0986122886681098,1,2,2,2,2,9,2.302585092994046,0,0,4,2,9,2,1.0986122886681098,1,2,2,2,2,2,1.0986122886681098,1,2,2,2,2,3,1.3862943611198906,0,0,3,3,3,1,24,293.0
3,1.3862943611198906,0,0,3,3,3,3,1.3862943611198906,0,0,3,3,3,9,2.302585092994046,0,0,4,2,9,5,1.791759469228055,0,2,0,5,5,8,2.1972245773362196,1,2,3,1,8,5,1.791759469228055,0,2,0,5,5,6,1.9459101490553132,1,0,1,6,6,1,0.6931471805599453,0,1,1,1,1,5,1.791759469228055,0,2,0,5,5,7,2.0794415416798357,0,1,2,0,7,1,17,8.0
6,1.9459101490553132,1,0,1,6,6,3,1.3862943611198906,0,0,3,3,3,11,2.4849066497880004,0,2,1,4,1,10,2.3978952727983707,1,1,0,3,0,12,2.5649493574615367,1,0,2,5,2,2,1.0986122886681098,1,2,2,2,2,4,1.6094379124341003,1,1,4,4,4,3,1.3862943611198906,0,0,3,3,3,5,1.791759469228055,0,2,0,5,5,4,1.6094379124341003,1,1,4,4,4,1,15,943.0
9,2.302585092994046,0,0,4,2,9,2,1.0986122886681098,1,2,2,2,2,7,2.0794415416798357,0,1,2,0,7,10,2.3978952727983707,1,1,0,3,0,11,2.4849066497880004,0,2,1,4,1,4,1.6094379124341003,1,1,4,4,4,5,1.791759469228055,0,2,0,5,5,3,1.3862943611198906,0,0,3,3,3,4,1.6094379124341003,1,1,4,4,4,7,2.0794415416798357,0,1,2,0,7,1,7,3818.0
5,1.791759469228055,0,2,0,5,5,1,0.6931471805599453,0,1,1,1,1,10,2.3978952727983707,1,1,0,3,0,7,2.0794415416798357,0,1,2,0,7,9,2.302585092994046,0,0,4,2,9,1,0.6931471805599453,0,1,1,1,1,3,1.3862943611198906,0,0,3,3,3,2,1.0986122886681098,1,2,2,2,2,2,1.0986122886681098,1,2,2,2,2,7,2.0794415416798357,0,1,2,0,7,1,23,337.0
11,2.4849066497880004,0,2,1,4,1,3,1.3862943611198906,0,0,3,3,3,10,2.3978952727983707,1,1,0,3,0,2,1.0986122886681098,1,2,2,2,2,10,2.3978952727983707,1,1,0,3,0,4,1.6094379124341003,1,1,4,4,4,9,2.302585092994046,0,0,4,2,9,3,1.3862943611198906,0,0,3,3,3,7,2.0794415416798357,0,1,2,0,7,2,1.0986122886681098,1,2,2,2,2,1,11,913.0
10,2.3978952727983707,1,1,0,3,0,3,1.3862943611198906,0,0,3,3,3,7,2.0794415416798357,0,1,2,0,7,9,2.302585092994046,0,0,4,2,9,10,2.3978952727983707,1,1,0,3,0,2,1.0986122886681098,1,2,2,2,2,4,1.6094379124341003,1,1,4,4,4,6,1.9459101490553132,1,0,1,6,6,5,1.791759469228055,0,2,0,5,5,8,2.1972245773362196,1,2,3,1,8,1,11,1797.0
6,1.9459101490553132,1,0,1,6,6,1,0.6931471805599453,0,1,1,1,1,2,1.0986122886681098,1,2,2,2,2,3,1.3862943611198906,0,0,3,3,3,10,2.3978952727983707,1,1,0,3,0,2,1.0986122886681098,1,2,2,2,2,5,1.791759469228055,0,2,0,5,5,4,1.6094379124341003,1,1,4,4,4,4,1.6094379124341003,1,1,4,4,4,2,1.0986122886681098,1,2,2,2,2,1,27,5.0
9,2.302585092994046,0,0,4,2,9,4,1.6094379124341003,1,1,4,4,4,8,2.1972245773362196,1,2,3,1,8,2,1.0986122886681098,1,2,2,2,2,4,1.6094379124341003,1,1,4,4,4,3,1.3862943611198906,0,0,3,3,3,9,2.302585092994046,0,0,4,2,9,7,2.0794415416798357,0,1,2,0,7,5,1.791759469228055,0,2,0,5,5,2,1.0986122886681098,1,2,2,2,2,1,13,7.0
5,1.791759469228055,0,2,0,5,5,4,1.6094379124341003,1,1,4,4,4,6,1.9459101490553132,1,0,1,6,6,1,0.6931471805599453,0,1,1,1,1,9,2.302585092994046,0,0,4,2,9,8,2.1972245773362196,1,2,3,1,8,11,2.4849066497880004,0,2,1,4,1,6,1.9459101490553132,1,0,1,6,6,1,0.6931471805599453,0,1,1,1,1,3,1.3862943611198906,0,0,3,3,3,1,22,355.0
10,2.3978952727983707,1,1,0,3,0,4,1.6094379124341003,1,1,4,4,4,10,2.3978952727983707,1,1,0,3,0,4,1.6094379124341003,1,1,4,4,4,8,2.1972245773362196,1,2,3,1,8,6,1.9459101490553132,1,0,1,6,6,10,2.3978952727983707,1,1,0,3,0,6,1.9459101490553132,1,0,1,6,6,1,0.6931471805599453,0,1,1,1,1,6,1.9459101490553132,1,0,1,6,6,1,18,15.0
8,2.1972245773362196,1,2,3,1,8,1,0.6931471805599453,0,1,1,1,1,11,2.4849066497880004,0,2,1,4,1,1,0.6931471805599453,0,1,1,1,1,7,2.0794415416798357,0,1,2,0,7,3,1.3862943611198906,0,0,3,3,3,6,1.9459101490553132,1,0,1,6,6,5,1.791759469228055,0,2,0,5,5,3,1.3862943611198906,0,0,3,3,3,3,1.3862943611198906,0,0,3,3,3,1,23,296.0
3,1.3862943611198906,0,0,3,3,3,3,1.3862943611198906,0,0,3,3,3,6,1.9459101490553132,1,0,1,6,6,1,0.6931471805599453,0,1,1,1,1,3,1.3862943611198906,0,0,3,3,3,1,0.6931471805599453,0,1,1,1,1,2,1.0986122886681098,1,2,2,2,2,1,0.6931471805599453,0,1,1,1,1,6,1.9459101490553132,1,0,1,6,6,8,2.1972245773362196,1,2,3,1,8,1,37,31.0
4,1.6094379124341003,1,1,4,4,4,2,1.0986122886681098,1,2,2,2,2,9,2.302585092994046,0,0,4,2,9,10,2.3978952727983707,1,1,0,3,0,12,2.5649493574615367,1,0,2,5,2,8,2.1972245773362196,1,2,3,1,8,9,2.302585092994046,0,0,4,2,9,1,0.6931471805599453,0,1,1,1,1,7,2.0794415416798357,0,1,2,0,7,3,1.3862943611198906,0,0,3,3,3,1,19,22.0
2,1.0986122886681098,1,2,2,2,2,9,2.302585092994046,0,0,4,2,9,11,2.4849066497880004,0,2,1,4,1,1,0.6931471805599453,0,1,1,1,1,4,1.6094379124341003,1,1,4,4,4,4,1.6094379124341003,1,1,4,4,4,7,2.0794415416798357,0,1,2,0,7,1,0.6931471805599453,0,1,1,1,1,5,1.791759469228055,0,2,0,5,5,2,1.0986122886681098,1,2,2,2,2,1,23,3667.0
3,1.3862943611198906,0,0,3,3,3,5,1.791759469228055,0,2,0,5,5,9,2.302585092994046,0,0,4,2,9,1,0.6931471805599453,0,1,1,1,1,7,2.0794415416798357,0,1,2,0,7,2,1.0986122886681098,1,2,2,2,2,9,2.302585092994046,0,0,4,2,9,6,1.9459101490553132,1,0,1,6,6,3,1.3862943611198906,0,0,3,3,3,6,1.9459101490553132,1,0,1,6,6,1,22,75.0
12,2.5649493574615367,1,0,2,5,2,5,1.791759469228055,0,2,0,5,5,8,2.1972245773362196,1,2,3,1,8,1,0.6931471805599453,0,1,1,1,1,8,2.1972245773362196,1,2,3,1,8,3,1.3862943611198906,0,0,3,3,3,9,2.302585092994046,0,0,4,2,9,5,1.791759469228055,0,2,0,5,5,7,2.0794415416798357,0,1,2,0,7,6,1.9459101490553132,1,0,1,6,6,1,15,31.0
10,2.3978952727983707,1,1,0,3,0,4,1.6094379124341003,1,1,4,4,4,8,2.1972245773362196,1,2,3,1,8,1,0.6931471805599453,0,1,1,1,1,3,1.3862943611198906,0,0,3,3,3,2,1.0986122886681098,1,2,2,2,2,3,1.3862943611198906,0,0,3,3,3,1,0.6931471805599453,0,1,1,1,1,8,2.1972245773362196,1,2,3,1,8,2,1.0986122886681098,1,2,2,2,2,1,30,7.0
4,1.6094379124341003,1,1,4,4,4,3,1.3862943611198906,0,0,3,3,3,4,1.6094379124341003,1,1,4,4,4,3,1.3862943611198906,0,0,3,3,3,11,2.4849066497880004,0,2,1,4,1,5,1.791759469228055,0,2,0,5,5,10,2.3978952727983707,1,1,0,3,0,1,0.6931471805599453,0,1,1,1,1,5,1.791759469228055,0,2,0,5,5,6,1.9459101490553132,1,0,1,6,6,1,16,667.0
3,1.3862943611198906,0,0,3,3,3,8,2.1972245773362196,1,2,3,1,8,9,2.302585092994046,0,0,4,2,9,3,1.3862943611198906,0,0,3,3,3,9,2.302585092994046,0,0,4,2,9,1,0.6931471805599453,0,1,1,1,1,7,2.0794415416798357,0,1,2,0,7,1,0.6931471805599453,0,1,1,1,1,3,1.3862943611198906,0,0,3,3,3,1,0.6931471805599453,0,1,1,1,1,1,34,214.0
11,2.4849066497880004,0,2,1,4,1,2,1.0986122886681098,1,2,2,2,2,3,1.3862943611198906,0,0,3,3,3,1,0.6931471805599453,0,1,1,1,1,3,1.3862943611198906,0,0,3,3,3,2,1.0986122886681098,1,2,2,2,2,3,1.3862943611198906,0,0,3,3,3,8,2.1972245773362196,1,2,3,1,8,1,0.6931471805599453,0,1,1,1,1,4,1.6094379124341003,1,1,4,4,4,1,26,23.0
9,2.302585092994046,0,0,4,2,9,1,0.6931471805599453,0,1,1,1,1,2,1.0986122886681098,1,2,2,2,2,9,2.302585092994046,0,0,4,2,9,12,2.5649493574615367,1,0,2,5,2,3,1.3862943611198906,0,0,3,3,3,7,2.0794415416798357,0,1,2,0,7,3,1.3862943611198906,0,0,3,3,3,8,2.1972245773362196,1,2,3,1,8,4,1.6094379124341003,1,1,4,4,4,1,22,503.0
5,1.791759469228055,0,2,0,5,5,2,1.0986122886681098,1,2,2,2,2,10,2.3978952727983707,1,1,0,3,0,1,0.6931471805599453,0,1,1,1,1,2,1.0986122886681098,1,2,2,2,2,5,1.791759469228055,0,2,0,5,5,11,2.4849066497880004,0,2,1,4,1,3,1.3862943611198906,0,0,3,3,3,6,1.9459101490553132,1,0,1,6,6,8,2.1972245773362196,1,2,3,1,8,1,20,1583.0
7,2.0794415416798357,0,1,2,0,7,3,1.3862943611198906,0,0,3,3,3,6,1.9459101490553132,1,0,1,6,6,7,2.0794415416798357,0,1,2,0,7,10,2.3978952727983707,1,1,0,3,0,1,0.6931471805599453,0,1,1,1,1,3,1.3862943611198906,0,0,3,3,3,5,1.791759469228055,0,2,0,5,5,4,1.6094379124341003,1,1,4,4,4,3,1.3862943611198906,0,0,3,3,3,1,17,141.0
4,1.6094379124341003,1,1,4,4,4,5,1.791759469228055,0,2,0,5,5,9,2.302585092994046,0,0,4,2,9,7,2.0794415416798357,0,1,2,0,7,8,2.1972245773362196,1,2,3,1,8,3,1.3862943611198906,0,0,3,3,3,4,1.6094379124341003,1,1,4,4,4,2,1.0986122886681098,1,2,2,2,2,6,1.9459101490553132,1,0,1,6,6,2,1.0986122886681098,1,2,2,2,2,1,14,287.0
5,1.791759469228055,0,2,0,5,5,6,1.9459101490553132,1,0,1,6,6,10,2.3978952727983707,1,1,0,3,0,7,2.0794415416798357,0,1,2,0,7,9,2.302585092994046,0,0,4,2,9,1,0.6931471805599453,0,1,1,1,1,2,1.0986122886681098,1,2,2,2,2,8,2.1972245773362196,1,2,3,1,8,8,2.1972245773362196,1,2,3,1,8,5,1.791759469228055,0,2,0,5,5,1,17,628.0
7,2.0794415416798357,0,1,2,0,7,4,1.6094379124341003,1,1,4,4,4,5,1.791759469228055,0,2,0,5,5,2,1.0986122886681098,1,2,2,2,2,3,1.3862943611198906,0,0,3,3,3,2,1.0986122886681098,1,2,2,2,2,3,1.3862943611198906,0,0,3,3,3,4,1.6094379124341003,1,1,4,4,4,2,1.0986122886681098,1,2,2,2,2,6,1.9459101490553132,1,0,1,6,6,1,16,143.0
5,1.791759469228055,0,2,0,5,5,2,1.0986122886681098,1,2,2,2,2,4,1.6094379124341003,1,1,4,4,4,3,1.3862943611198906,0,0,3,3,3,10,2.3978952727983707,1,1,0,3,0,5,1.791759469228055,0,2,0,5,5,6,1.9459101490553132,1,0,1,6,6,4,1.6094379124341003,1,1,4,4,4,8,2.1972245773362196,1,2,3,1,8,4,1.6094379124341003,1,1,4,4,4,1,16,51.0
6,1.9459101490553132,1,0,1,6,6,6,1.9459101490553132,1,0,1,6,6,9,2.302585092994046,0,0,4,2,9,1,0.6931471805599453,0,1,1,1,1,4,1.6094379124341003,1,1,4,4,4,4,1.6094379124341003,1,1,4,4,4,11,2.4849066497880004,0,2,1,4,1,7,2.0794415416798357,0,1,2,0,7,1,0.6931471805599453,0,1,1,1,1,7,2.0794415416798357,0,1,2,0,7,1,20,907.0
3,1.3862943611198906,0,0,3,3,3,5,1.791759469228055,0,2,0,5,5,7,2.0794415416798357,0,1,2,0,7,4,1.6094379124341003,1,1,4,4,4,10,2.3978952727983707,1,1,0,3,0,1,0.6931471805599453,0,1,1,1,1,5,1.791759469228055,0,2,0,5,5,4,1.6094379124341003,1,1,4,4,4,5,1.791759469228055,0,2,0,5,5,7,2.0794415416798357,0,1,2,0,7,1,17,587.0
8,2.1972245773362196,1,2,3,1,8,5,1.791759469228055,0,2,0,5,5,12,2.5649493574615367,1,0,2,5,2,1,0.6931471805599453,0,1,1,1,1,5,1.791759469228055,0,2,0,5,5,8,2.1972245773362196,1,2,3,1,8,11,2.4849066497880004,0,2,1,4,1,4,1.6094379124341003,1,1,4,4,4,8,2.1972245773362196,1,2,3,1,8,3,1.3862943611198906,0,0,3,3,3,1,18,11029.0
5,1.791759469228055,0,2,0,5,5,2,1.0986122886681098,1,2,2,2,2,7,2.0794415416798357,0,1,2,0,7,1,0.6931471805599453,0,1,1,1,1,2,1.0986122886681098,1,2,2,2,2,9,2.302585092994046,0,0,4,2,9,12,2.5649493574615367,1,0,2,5,2,4,1.6094379124341003,1,1,4,4,4,1,0.6931471805599453,0,1,1,1,1,2,1.0986122886681098,1,2,2,2,2,1,27,269.0
10,2.3978952727983707,1,1,0,3,0,3,1.3862943611198906,0,0,3,3,3,6,1.9459101490553132,1,0,1,6,6,2,1.0986122886681098,1,2,2,2,2,7,2.0794415416798357,0,1,2,0,7,2,1.0986122886681098,1,2,2,2,2,9,2.302585092994046,0,0,4,2,9,1,0.6931471805599453,0,1,1,1,1,8,2.1972245773362196,1,2,3,1,8,2,1.0986122886681098,1,2,2,2,2,1,23,69.0
6,1.9459101490553132,1,0,1,6,6,1,0.6931471805599453,0,1,1,1,1,2,1.0986122886681098,1,2,2,2,2,3,1.3862943611198906,0,0,3,3,3,4,1.6094379124341003,1,1,4,4,4,3,1.3862943611198906,0,0,3,3,3,4,1.6094379124341003,1,1,4,4,4,8,2.1972245773362196,1,2,3,1,8,5,1.791759469228055,0,2,0,5,5,4,1.6094379124341003,1,1,4,4,4,1,23,101.0
5,1.791759469228055,0,2,0,5,5,1,0.6931471805599453,0,1,1,1,1,10,2.3978952727983707,1,1,0,3,0,9,2.302585092994046,0,0,4,2,9,10,2.3978952727983707,1,1,0,3,0,2,1.0986122886681098,1,2,2,2,2,9,2.302585092994046,0,0,4,2,9,7,2.0794415416798357,0,1,2,0,7,3,1.3862943611198906,0,0,3,3,3,1,0.6931471805599453,0,1,1,1,1,1,25,266.0
9,2.302585092994046,0,0,4,2,9,2,1.0986122886681098,1,2,2,2,2,4,1.6094379124341003,1,1,4,4,4,2,1.0986122886681098,1,2,2,2,2,5,1.791759469228055,0,2,0,5,5,1,0.6931471805599453,0,1,1,1,1,2,1.0986122886681098,1,2,2,2,2,8,2.1972245773362196,1,2,3,1,8,6,1.9459101490553132,1,0,1,6,6,2,1.0986122886681098,1,2,2,2,2,1,28,17.0
2,1.0986122886681098,1,2,2,2,2,1,0.6931471805599453,0,1,1,1,1,11,2.4849066497880004,0,2,1,4,1,3,1.3862943611198906,0,0,3,3,3,12,2.5649493574615367,1,0,2,5,2,1,0.6931471805599453,0,1,1,1,1,9,2.302585092994046,0,0,4,2,9,2,1.0986122886681098,1,2,2,2,2,5,1.791759469228055,0,2,0,5,5,2,1.0986122886681098,1,2,2,2,2,1,25,437.0
3,1.3862943611198906,0,0,3,3,3,3,1.3862943611198906,0,0,3,3,3,6,1.9459101490553132,1,0,1,6,6,4,1.6094379124341003,1,1,4,4,4,6,1.9459101490553132,1,0,1,6,6,6,1.9459101490553132,1,0,1,6,6,8,2.1972245773362196,1,2,3,1,8,6,1.9459101490553132,1,0,1,6,6,7,2.0794415416798357,0,1,2,0,7,7,2.0794415416798357,0,1,2,0,7,1,17,329.0
2,1.0986122886681098,1,2,2,2,2,6,1.9459101490553132,1,0,1,6,6,11,2.4849066497880004,0,2,1,4,1,4,1.6094379124341003,1,1,4,4,4,6,1.9459101490553132,1,0,1,6,6,3,1.3862943611198906,0,0,3,3,3,9,2.302585092994046,0,0,4,2,9,6,1.9459101490553132,1,0,1,6,6,2,1.0986122886681098,1,2,2,2,2,7,2.0794415416798357,0,1,2,0,7,1,16,301.0
2,1.0986122886681098,1,2,2,2,2,3,1.3862943611198906,0,0,3,3,3,11,2.4849066497880004,0,2,1,4,1,4,1.6094379124341003,1,1,4,4,4,5,1.791759469228055,0,2,0,5,5,1,0.6931471805599453,0,1,1,1,1,2,1.0986122886681098,1,2,2,2,2,2,1.0986122886681098,1,2,2,2,2,4,1.6094379124341003,1,1,4,4,4,3,1.3862943611198906,0,0,3,3,3,1,20,60.0
5,1.791759469228055,0,2,0,5,5,3,1.3862943611198906,0,0,3,3,3,10,2.3978952727983707,1,1,0,3,0,2,1.0986122886681098,1,2,2,2,2,5,1.791759469228055,0,2,0,5,5,5,1.791759469228055,0,2,0,5,5,11,2.4849066497880004,0,2,1,4,1,5,1.791759469228055,0,2,0,5,5,6,1.9459101490553132,1,0,1,6,6,8,2.1972245773362196,1,2,3,1,8,1,14,41.0
12,2.5649493574615367,1,0,2,5,2,1,0.6931471805599453,0,1,1,1,1,2,1.0986122886681098,1,2,2,2,2,7,2.0794415416798357,0,1,2,0,7,9,2.302585092994046,0,0,4,2,9,3,1.3862943611198906,0,0,3,3,3,12,2.5649493574615367,1,0,2,5,2,8,2.1972245773362196,1,2,3,1,8,5,1.791759469228055,0,2,0,5,5,5,1.791759469228055,0,2,0,5,5,1,17,733.0
2,1.0986122886681098,1,2,2,2,2,2,1.0986122886681098,1,2,2,2,2,11,2.4849066497880004,0,2,1,4,1,1,0.6931471805599453,0,1,1,1,1,2,1.0986122886681098,1,2,2,2,2,1,0.6931471805599453,0,1,1,1,1,2,1.0986122886681098,1,2,2,2,2,8,2.1972245773362196,1,2,3,1,8,6,1.9459101490553132,1,0,1,6,6,6,1.9459101490553132,1,0,1,6,6,1,36,100.0
10,2.3978952727983707,1,1,0,3,0,7,2.0794415416798357,0,1,2,0,7,10,2.3978952727983707,1,1,0,3,0,5,1.791759469228055,0,2,0,5,5,7,2.0794415416798357,0,1,2,0,7,1,0.6931471805599453,0,1,1,1,1,6,1.9459101490553132,1,0,1,6,6,5,1.791759469228055,0,2,0,5,5,5,1.791759469228055,0,2,0,5,5,3,1.3862943611198906,0,0,3,3,3,1,21,1573.0
2,1.0986122886681098,1,2,2,2,2,3,1.3862943611198906,0,0,3,3,3,4,1.6094379124341003,1,1,4,4,4,5,1.791759469228055,0,2,0,5,5,6,1.9459101490553132,1,0,1,6,6,3,1.3862943611198906,0,0,3,3,3,10,2.3978952727983707,1,1,0,3,0,2,1.0986122886681098,1,2,2,2,2,7,2.0794415416798357,0,1,2,0,7,4,1.6094379124341003,1,1,4,4,4,1,14,359.0
12,2.5649493574615367,1,0,2,5,2,2,1.0986122886681098,1,2,2,2,2,4,1.6094379124341003,1,1,4,4,4,5,1.791759469228055,0,2,0,5,5,7,2.0794415416798357,0,1,2,0,7,4,1.6094379124341003,1,1,4,4,4,7,2.0794415416798357,0,1,2,0,7,4,1.6094379124341003,1,1,4,4,4,5,1.791759469228055,0,2,0,5,5,6,1.9459101490553132,1,0,1,6,6,1,14,277.0
10,2.3978952727983707,1,1,0,3,0,4,1.6094379124341003,1,1,4,4,4,10,2.3978952727983707,1,1,0,3,0,2,1.0986122886681098,1,2,2,2,2,7,2.0794415416798357,0,1,2,0,7,8,2.1972245773362196,1,2,3,1,8,12,2.5649493574615367,1,0,2,5,2,4,1.6094379124341003,1,1,4,4,4,3,1.3862943611198906,0,0,3,3,3,1,0.6931471805599453,0,1,1,1,1,1,22,509.0
7,2.0794415416798357,0,1,2,0,7,2,1.0986122886681098,1,2,2,2,2,4,1.6094379124341003,1,1,4,4,4,1,0.6931471805599453,0,1,1,1,1,3,1.3862943611198906,0,0,3,3,3,8,2.1972245773362196,1,2,3,1,8,9,2.302585092994046,0,0,4,2,9,3,1.3862943611198906,0,0,3,3,3,3,1.3862943611198906,0,0,3,3,3,2,1.0986122886681098,1,2,2,2,2,1,21,23.0
10,2.3978952727983707,1,1,0,3,0,7,2.0794415416798357,0,1,2,0,7,9,2.302585092994046,0,0,4,2,9,2,1.0986122886681098,1,2,2,2,2,10,2.3978952727983707,1,1,0,3,0,1,0.6931471805599453,0,1,1,1,1,3,1.3862943611198906,0,0,3,3,3,6,1.9459101490553132,1,0,1,6,6,2,1.0986122886681098,1,2,2,2,2,2,1.0986122886681098,1,2,2,2,2,1,24,211.0
9,2.302585092994046,0,0,4,2,9,9,2.302585092994046,0,0,4,2,9,11,2.4849066497880004,0,2,1,4,1,5,1.791759469228055,0,2,0,5,5,7,2.0794415416798357,0,1,2,0,7,6,1.9459101490553132,1,0,1,6,6,11,2.4849066497880004,0,2,1,4,1,2,1.0986122886681098,1,2,2,2,2,7,2.0794415416798357,0,1,2,0,7,5,1.791759469228055,0,2,0,5,5,1,5,239.0
6,1.9459101490553132,1,0,1,6,6,11,2.4849066497880004,0,2,1,4,1,12,2.5649493574615367,1,0,2,5,2,2,1.0986122886681098,1,2,2,2,2,3,1.3862943611198906,0,0,3,3,3,2,1.0986122886681098,1,2,2,2,2,3,1.3862943611198906,0,0,3,3,3,4,1.6094379124341003,1,1,4,4,4,4,1.6094379124341003,1,1,4,4,4,3,1.3862943611198906,0,0,3,3,3,1,22,221.0
5,1.791759469228055,0,2,0,5,5,2,1.0986122886681098,1,2,2,2,2,7,2.0794415416798357,0,1,2,0,7,3,1.3862943611198906,0,0,3,3,3,4,1.6094379124341003,1,1,4,4,4,2,1.0986122886681098,1,2,2,2,2,8,2.1972245773362196,1,2,3,1,8,5,1.791759469228055,0,2,0,5,5,7,2.0794415416798357,0,1,2,0,7,4,1.6094379124341003,1,1,4,4,4,1,12,417.0
11,2.4849066497880004,0,2,1,4,1,1,0.6931471805599453,0,1,1,1,1,2,1.0986122886681098,1,2,2,2,2,3,1.3862943611198906,0,0,3,3,3,4,1.6094379124341003,1,1,4,4,4,4,1.6094379124341003,1,1,4,4,4,7,2.0794415416798357,0,1,2,0,7,3,1.3862943611198906,0,0,3,3,3,7,2.0794415416798357,0,1,2,0,7,2,1.0986122886681098,1,2,2,2,2,1,17,447.0
4,1.6094379124341003,1,1,4,4,4,3,1.3862943611198906,0,0,3,3,3,8,2.1972245773362196,1,2,3,1,8,2,1.0986122886681098,1,2,2,2,2,5,1.791759469228055,0,2,0,5,5,2,1.0986122886681098,1,2,2,2,2,3,1.3862943611198906,0,0,3,3,3,3,1.3862943611198906,0,0,3,3,3,8,2.1972245773362196,1,2,3,1,8,3,1.3862943611198906,0,0,3,3,3,1,16,1903.0
2,1.0986122886681098,1,2,2,2,2,1,0.6931471805599453,0,1,1,1,1,2,1.0986122886681098,1,2,2,2,2,2,1.0986122886681098,1,2,2,2,2,3,1.3862943611198906,0,0,3,3,3,5,1.791759469228055,0,2,0,5,5,10,2.3978952727983707,1,1,0,3,0,2,1.0986122886681098,1,2,2,2,2,4,1.6094379124341003,1,1,4,4,4,5,1.791759469228055,0,2,0,5,5,1,26,85.0
2,1.0986122886681098,1,2,2,2,2,5,1.791759469228055,0,2,0,5,5,12,2.5649493574615367,1,0,2,5,2,3,1.3862943611198906,0,0,3,3,3,11,2.4849066497880004,0,2,1,4,1,11,2.4849066497880004,0,2,1,4,1,12,2.5649493574615367,1,0,2,5,2,3,1.3862943611198906,0,0,3,3,3,8,2.1972245773362196,1,2,3,1,8,8,2.1972245773362196,1,2,3,1,8,1,12,87.0
7,2.0794415416798357,0,1,2,0,7,5,1.791759469228055,0,2,0,5,5,7,2.0794415416798357,0,1,2,0,7,1,0.6931471805599453,0,1,1,1,1,2,1.0986122886681098,1,2,2,2,2,3,1.3862943611198906,0,0,3,3,3,11,2.4849066497880004,0,2,1,4,1,3,1.3862943611198906,0,0,3,3,3,8,2.1972245773362196,1,2,3,1,8,4,1.6094379124341003,1,1,4,4,4,1,14,239.0
3,1.3862943611198906,0,0,3,3,3,6,1.9459101490553132,1,0,1,6,6,8,2.1972245773362196,1,2,3,1,8,8,2.1972245773362196,1,2,3,1,8,9,2.302585092994046,0,0,4,2,9,1,0.6931471805599453,0,1,1,1,1,2,1.0986122886681098,1,2,2,2,2,7,2.0794415416798357,0,1,2,0,7,1,0.6931471805599453,0,1,1,1,1,4,1.6094379124341003,1,1,4,4,4,1,26,703.0
5,1.791759469228055,0,2,0,5,5,6,1.9459101490553132,1,0,1,6,6,11,2.4849066497880004,0,2,1,4,1,6,1.9459101490553132,1,0,1,6,6,7,2.0794415416798357,0,1,2,0,7,5,1.791759469228055,0,2,0,5,5,9,2.302585092994046,0,0,4,2,9,4,1.6094379124341003,1,1,4,4,4,2,1.0986122886681098,1,2,2,2,2,4,1.6094379124341003,1,1,4,4,4,1,7,1786.0
7,2.0794415416798357,0,1,2,0,7,1,0.6931471805599453,0,1,1,1,1,3,1.3862943611198906,0,0,3,3,3,1,0.6931471805599453,0,1,1,1,1,2,1.0986122886681098,1,2,2,2,2,1,0.6931471805599453,0,1,1,1,1,10,2.3978952727983707,1,1,0,3,0,7,2.0794415416798357,0,1,2,0,7,2,1.0986122886681098,1,2,2,2,2,6,1.9459101490553132,1,0,1,6,6,1,31,181.0
2,1.0986122886681098,1,2,2,2,2,2,1.0986122886681098,1,2,2,2,2,9,2.302585092994046,0,0,4,2,9,1,0.6931471805599453,0,1,1,1,1,2,1.0986122886681098,1,2,2,2,2,3,1.3862943611198906,0,0,3,3,3,4,1.6094379124341003,1,1,4,4,4,4,1.6094379124341003,1,1,4,4,4,4,1.6094379124341003,1,1,4,4,4,1,0.6931471805599453,0,1,1,1,1,1,33,209.0
3,1.3862943611198906,0,0,3,3,3,1,0.6931471805599453,0,1,1,1,1,6,1.9459101490553132,1,0,1,6,6,2,1.0986122886681098,1,2,2,2,2,4,1.6094379124341003,1,1,4,4,4,6,1.9459101490553132,1,0,1,6,6,9,2.302585092994046,0,0,4,2,9,7,2.0794415416798357,0,1,2,0,7,4,1.6094379124341003,1,1,4,4,4,1,0.6931471805599453,0,1,1,1,1,1,26,85.0
2,1.0986122886681098,1,2,2,2,2,7,2.0794415416798357,0,1,2,0,7,9,2.302585092994046,0,0,4,2,9,5,1.791759469228055,0,2,0,5,5,8,2.1972245773362196,1,2,3,1,8,4,1.6094379124341003,1,1,4,4,4,7,2.0794415416798357,0,1,2,0,7,3,1.3862943611198906,0,0,3,3,3,7,2.0794415416798357,0,1,2,0,7,8,2.1972245773362196,1,2,3,1,8,1,10,4411.0
5,1.791759469228055,0,2,0,5,5,4,1.6094379124341003,1,1,4,4,4,5,1.791759469228055,0,2,0,5,5,1,0.6931471805599453,0,1,1,1,1,4,1.6094379124341003,1,1,4,4,4,7,2.0794415416798357,0,1,2,0,7,9,2.302585092994046,0,0,4,2,9,3,1.3862943611198906,0,0,3,3,3,6,1.9459101490553132,1,0,1,6,6,8,2.1972245773362196,1,2,3,1,8,1,15,459.0
3,1.3862943611198906,0,0,3,3,3,7,2.0794415416798357,0,1,2,0,7,8,2.1972245773362196,1,2,3,1,8,5,1.791759469228055,0,2,0,5,5,6,1.9459101490553132,1,0,1,6,6,5,1.791759469228055,0,2,0,5,5,8,2.1972245773362196,1,2,3,1,8,7,2.0794415416798357,0,1,2,0,7,3,1.3862943611198906,0,0,3,3,3,1,0.6931471805599453,0,1,1,1,1,1,15,221.0
7,2.0794415416798357,0,1,2,0,7,1,0.6931471805599453,0,1,1,1,1,3,1.3862943611198906,0,0,3,3,3,1,0.6931471805599453,0,1,1,1,1,4,1.6094379124341003,1,1,4,4,4,4,1.6094379124341003,1,1,4,4,4,7,2.0794415416798357,0,1,2,0,7,2,1.0986122886681098,1,2,2,2,2,8,2.1972245773362196,1,2,3,1,8,6,1.9459101490553132,1,0,1,6,6,1,26,151.0
10,2.3978952727983707,1,1,0,3,0,1,0.6931471805599453,0,1,1,1,1,4,1.6094379124341003,1,1,4,4,4,6,1.9459101490553132,1,0,1,6,6,7,2.0794415416798357,0,1,2,0,7,4,1.6094379124341003,1,1,4,4,4,7,2.0794415416798357,0,1,2,0,7,4,1.6094379124341003,1,1,4,4,4,3,1.3862943611198906,0,0,3,3,3,7,2.0794415416798357,0,1,2,0,7,1,16,251.0
11,2.4849066497880004,0,2,1,4,1,7,2.0794415416798357,0,1,2,0,7,12,2.5649493574615367,1,0,2,5,2,9,2.302585092994046,0,0,4,2,9,12,2.5649493574615367,1,0,2,5,2,1,0.6931471805599453,0,1,1,1,1,3,1.3862943611198906,0,0,3,3,3,6,1.9459101490553132,1,0,1,6,6,8,2.1972245773362196,1,2,3,1,8,3,1.3862943611198906,0,0,3,3,3,1,21,119.0
10,2.3978952727983707,1,1,0,3,0,2,1.0986122886681098,1,2,2,2,2,4,1.6094379124341003,1,1,4,4,4,1,0.6931471805599453,0,1,1,1,1,3,1.3862943611198906,0,0,3,3,3,3,1.3862943611198906,0,0,3,3,3,8,2.1972245773362196,1,2,3,1,8,2,1.0986122886681098,1,2,2,2,2,7,2.0794415416798357,0,1,2,0,7,5,1.791759469228055,0,2,0,5,5,1,19,329.0
11,2.4849066497880004,0,2,1,4,1,6,1.9459101490553132,1,0,1,6,6,7,2.0794415416798357,0,1,2,0,7,2,1.0986122886681098,1,2,2,2,2,4,1.6094379124341003,1,1,4,4,4,4,1.6094379124341003,1,1,4,4,4,9,2.302585092994046,0,0,4,2,9,4,1.6094379124341003,1,1,4,4,4,8,2.1972245773362196,1,2,3,1,8,8,2.1972245773362196,1,2,3,1,8,1,16,284.0
3,1.3862943611198906,0,0,3,3,3,1,0.6931471805599453,0,1,1,1,1,12,2.5649493574615367,1,0,2,5,2,4,1.6094379124341003,1,1,4,4,4,10,2.3978952727983707,1,1,0,3,0,5,1.791759469228055,0,2,0,5,5,11,2.4849066497880004,0,2,1,4,1,8,2.1972245773362196,1,2,3,1,8,7,2.0794415416798357,0,1,2,0,7,4,1.6094379124341003,1,1,4,4,4,1,16,9593.0
2,1.0986122886681098,1,2,2,2,2,1,0.6931471805599453,0,1,1,1,1,5,1.791759469228055,0,2,0,5,5,4,1.6094379124341003,1,1,4,4,4,9,2.302585092994046,0,0,4,2,9,7,2.0794415416798357,0,1,2,0,7,12,2.5649493574615367,1,0,2,5,2,4,1.6094379124341003,1,1,4,4,4,6,1.9459101490553132,1,0,1,6,6,5,1.791759469228055,0,2,0,5,5,1,18,421.0
5,1.791759469228055,0,2,0,5,5,2,1.0986122886681098,1,2,2,2,2,4,1.6094379124341003,1,1,4,4,4,10,2.3978952727983707,1,1,0,3,0,11,2.4849066497880004,0,2,1,4,1,7,2.0794415416798357,0,1,2,0,7,12,2.5649493574615367,1,0,2,5,2,7,2.0794415416798357,0,1,2,0,7,7,2.0794415416798357,0,1,2,0,7,6,1.9459101490553132,1,0,1,6,6,1,10,470.0
6,1.9459101490553132,1,0,1,6,6,8,2.1972245773362196,1,2,3,1,8,9,2.302585092994046,0,0,4,2,9,1,0.6931471805599453,0,1,1,1,1,2,1.0986122886681098,1,2,2,2,2,1,0.6931471805599453,0,1,1,1,1,10,2.3978952727983707,1,1,0,3,0,4,1.6094379124341003,1,1,4,4,4,2,1.0986122886681098,1,2,2,2,2,5,1.791759469228055,0,2,0,5,5,1,28,1199.0
10,2.3978952727983707,1,1,0,3,0,3,1.3862943611198906,0,0,3,3,3,5,1.791759469228055,0,2,0,5,5,9,2.302585092994046,0,0,4,2,9,10,2.3978952727983707,1,1,0,3,0,1,0.6931471805599453,0,1,1,1,1,5,1.791759469228055,0,2,0,5,5,7,2.0794415416798357,0,1,2,0,7,3,1.3862943611198906,0,0,3,3,3,3,1.3862943611198906,0,0,3,3,3,1,21,83.0
3,1.3862943611198906,0,0,3,3,3,2,1.0986122886681098,1,2,2,2,2,7,2.0794415416798357,0,1,2,0,7,1,0.6931471805599453,0,1,1,1,1,3,1.3862943611198906,0,0,3,3,3,7,2.0794415416798357,0,1,2,0,7,9,2.302585092994046,0,0,4,2,9,4,1.6094379124341003,1,1,4,4,4,8,2.1972245773362196,1,2,3,1,8,1,0.6931471805599453,0,1,1,1,1,1,24,109.0
9,2.302585092994046,0,0,4,2,9,2,1.0986122886681098,1,2,2,2,2,5,1.791759469228055,0,2,0,5,5,1,0.6931471805599453,0,1,1,1,1,7,2.0794415416798357,0,1,2,0,7,10,2.3978952727983707,1,1,0,3,0,11,2.4849066497880004,0,2,1,4,1,4,1.6094379124341003,1,1,4,4,4,4,1.6094379124341003,1,1,4,4,4,1,0.6931471805599453,0,1,1,1,1,1,22,923.0
6,1.9459101490553132,1,0,1,6,6,2,1.0986122886681098,1,2,2,2,2,7,2.0794415416798357,0,1,2,0,7,3,1.3862943611198906,0,0,3,3,3,10,2.3978952727983707,1,1,0,3,0,2,1.0986122886681098,1,2,2,2,2,6,1.9459101490553132,1,0,1,6,6,5,1.791759469228055,0,2,0,5,5,4,1.6094379124341003,1,1,4,4,4,4,1.6094379124341003,1,1,4,4,4,1,16,699.0
12,2.5649493574615367,1,0,2,5,2,7,2.0794415416798357,0,1,2,0,7,8,2.1972245773362196,1,2,3,1,8,2,1.0986122886681098,1,2,2,2,2,8,2.1972245773362196,1,2,3,1,8,11,2.4849066497880004,0,2,1,4,1,12,2.5649493574615367,1,0,2,5,2,7,2.0794415416798357,0,1,2,0,7,8,2.1972245773362196,1,2,3,1,8,3,1.3862943611198906,0,0,3,3,3,1,12,223.0
4,1.6094379124341003,1,1,4,4,4,1,0.6931471805599453,0,1,1,1,1,2,1.0986122886681098,1,2,2,2,2,5,1.791759469228055,0,2,0,5,5,8,2.1972245773362196,1,2,3,1,8,5,1.791759469228055,0,2,0,5,5,6,1.9459101490553132,1,0,1,6,6,5,1.791759469228055,0,2,0,5,5,1,0.6931471805599453,0,1,1,1,1,8,2.1972245773362196,1,2,3,1,8,1,27,157.0
5,1.791759469228055,0,2,0,5,5,4,1.6094379124341003,1,1,4,4,4,7,2.0794415416798357,0,1,2,0,7,2,1.0986122886681098,1,2,2,2,2,4,1.6094379124341003,1,1,4,4,4,2,1.0986122886681098,1,2,2,2,2,4,1.6094379124341003,1,1,4,4,4,1,0.6931471805599453,0,1,1,1,1,6,1.9459101490553132,1,0,1,6,6,6,1.9459101490553132,1,0,1,6,6,1,24,111.0
3,1.3862943611198906,0,0,3,3,3,1,0.6931471805599453,0,1,1,1,1,2,1.0986122886681098,1,2,2,2,2,8,2.1972245773362196,1,2,3,1,8,12,2.5649493574615367,1,0,2,5,2,1,0.6931471805599453,0,1,1,1,1,2,1.0986122886681098,1,2,2,2,2,5,1.791759469228055,0,2,0,5,5,2,1.0986122886681098,1,2,2,2,2,1,0.6931471805599453,0,1,1,1,1,1,34,11.0
9,2.302585092994046,0,0,4,2,9,1,0.6931471805599453,0,1,1,1,1,2,1.0986122886681098,1,2,2,2,2,2,1.0986122886681098,1,2,2,2,2,6,1.9459101490553132,1,0,1,6,6,1,0.6931471805599453,0,1,1,1,1,6,1.9459101490553132,1,0,1,6,6,5,1.791759469228055,0,2,0,5,5,2,1.0986122886681098,1,2,2,2,2,7,2.0794415416798357,0,1,2,0,7,1,27,35.0
3,1.3862943611198906,0,0,3,3,3,4,1.6094379124341003,1,1,4,4,4,5,1.791759469228055,0,2,0,5,5,5,1.791759469228055,0,2,0,5,5,9,2.302585092994046,0,0,4,2,9,2,1.0986122886681098,1,2,2,2,2,4,1.6094379124341003,1,1,4,4,4,3,1.3862943611198906,0,0,3,3,3,2,1.0986122886681098,1,2,2,2,2,5,1.791759469228055,0,2,0,5,5,1,12,1309.0
3,1.3862943611198906,0,0,3,3,3,2,1.0986122886681098,1,2,2,2,2,3,1.3862943611198906,0,0,3,3,3,2,1.0986122886681098,1,2,2,2,2,9,2.302585092994046,0,0,4,2,9,3,1.3862943611198906,0,0,3,3,3,4,1.6094379124341003,1,1,4,4,4,3,1.3862943611198906,0,0,3,3,3,1,0.6931471805599453,0,1,1,1,1,3,1.3862943611198906,0,0,3,3,3,1,27,9.0
10,2.3978952727983707,1,1,0,3,0,9,2.302585092994046,0,0,4,2,9,10,2.3978952727983707,1,1,0,3,0,6,1.9459101490553132,1,0,1,6,6,8,2.1972245773362196,1,2,3,1,8,1,0.6931471805599453,0,1,1,1,1,5,1.791759469228055,0,2,0,5,5,6,1.9459101490553132,1,0,1,6,6,6,1.9459101490553132,1,0,1,6,6,5,1.791759469228055,0,2,0,5,5,1,18,451.0
4,1.6094379124341003,1,1,4,4,4,7,2.0794415416798357,0,1,2,0,7,9,2.302585092994046,0,0,4,2,9,1,0.6931471805599453,0,1,1,1,1,10,2.3978952727983707,1,1,0,3,0,2,1.0986122886681098,1,2,2,2,2,3,1.3862943611198906,0,0,3,3,3,7,2.0794415416798357,0,1,2,0,7,1,0.6931471805599453,0,1,1,1,1,5,1.791759469228055,0,2,0,5,5,1,22,33.0
3,1.3862943611198906,0,0,3,3,3,11,2.4849066497880004,0,2,1,4,1,12,2.5649493574615367,1,0,2,5,2,1,0.6931471805599453,0,1,1,1,1,10,2.3978952727983707,1,1,0,3,0,5,1.791759469228055,0,2,0,5,5,7,2.0794415416798357,0,1,2,0,7,1,0.6931471805599453,0,1,1,1,1,3,1.3862943611198906,0,0,3,3,3,6,1.9459101490553132,1,0,1,6,6,1,24,1933.0
8,2.1972245773362196,1,2,3,1,8,8,2.1972245773362196,1,2,3,1,8,12,2.5649493574615367,1,0,2,5,2,1,0.6931471805599453,0,1,1,1,1,10,2.3978952727983707,1,1,0,3,0,1,0.6931471805599453,0,1,1,1,1,7,2.0794415416798357,0,1,2,0,7,8,2.1972245773362196,1,2,3,1,8,3,1.3862943611198906,0,0,3,3,3,2,1.0986122886681098,1,2,2,2,2,1,26,83.0
2,1.0986122886681098,1,2,2,2,2,1,0.6931471805599453,0,1,1,1,1,4,1.6094379124341003,1,1,4,4,4,1,0.6931471805599453,0,1,1,1,1,11,2.4849066497880004,0,2,1,4,1,7,2.0794415416798357,0,1,2,0,7,9,2.302585092994046,0,0,4,2,9,4,1.6094379124341003,1,1,4,4,4,8,2.1972245773362196,1,2,3,1,8,3,1.3862943611198906,0,0,3,3,3,1,24,1943.0
12,2.5649493574615367,1,0,2,5,2,1,0.6931471805599453,0,1,1,1,1,2,1.0986122886681098,1,2,2,2,2,3,1.3862943611198906,0,0,3,3,3,7,2.0794415416798357,0,1,2,0,7,1,0.6931471805599453,0,1,1,1,1,7,2.0794415416798357,0,1,2,0,7,6,1.9459101490553132,1,0,1,6,6,1,0.6931471805599453,0,1,1,1,1,3,1.3862943611198906,0,0,3,3,3,1,33,31.0
10,2.3978952727983707,1,1,0,3,0,5,1.791759469228055,0,2,0,5,5,12,2.5649493574615367,1,0,2,5,2,1,0.6931471805599453,0,1,1,1,1,2,1.0986122886681098,1,2,2,2,2,10,2.3978952727983707,1,1,0,3,0,11,2.4849066497880004,0,2,1,4,1,3,1.3862943611198906,0,0,3,3,3,7,2.0794415416798357,0,1,2,0,7,1,0.6931471805599453,0,1,1,1,1,1,24,271.0
10,2.3978952727983707,1,1,0,3,0,5,1.791759469228055,0,2,0,5,5,12,2.5649493574615367,1,0,2,5,2,1,0.6931471805599453,0,1,1,1,1,4,1.6094379124341003,1,1,4,4,4,2,1.0986122886681098,1,2,2,2,2,4,1.6094379124341003,1,1,4,4,4,2,1.0986122886681098,1,2,2,2,2,4,1.6094379124341003,1,1,4,4,4,1,0.6931471805599453,0,1,1,1,1,1,35,47.0
3,1.3862943611198906,0,0,3,3,3,5,1.791759469228055,0,2,0,5,5,7,2.0794415416798357,0,1,2,0,7,1,0.6931471805599453,0,1,1,1,1,2,1.0986122886681098,1,2,2,2,2,1,0.6931471805599453,0,1,1,1,1,10,2.3978952727983707,1,1,0,3,0,7,2.0794415416798357,0,1,2,0,7,5,1.791759469228055,0,2,0,5,5,5,1.791759469228055,0,2,0,5,5,1,25,286.0
7,2.0794415416798357,0,1,2,0,7,7,2.0794415416798357,0,1,2,0,7,9,2.302585092994046,0,0,4,2,9,4,1.6094379124341003,1,1,4,4,4,6,1.9459101490553132,1,0,1,6,6,3,1.3862943611198906,0,0,3,3,3,8,2.1972245773362196,1,2,3,1,8,7,2.0794415416798357,0,1,2,0,7,4,1.6094379124341003,1,1,4,4,4,6,1.9459101490553132,1,0,1,6,6,1,10,1625.0
3,1.3862943611198906,0,0,3,3,3,1,0.6931471805599453,0,1,1,1,1,9,2.302585092994046,0,0,4,2,9,6,1.9459101490553132,1,0,1,6,6,7,2.0794415416798357,0,1,2,0,7,3,1.3862943611198906,0,0,3,3,3,5,1.791759469228055,0,2,0,5,5,7,2.0794415416798357,0,1,2,0,7,4,1.6094379124341003,1,1,4,4,4,8,2.1972245773362196,1,2,3,1,8,1,16,2393.0
6,1.9459101490553132,1,0,1,6,6,2,1.0986122886681098,1,2,2,2,2,5,1.791759469228055,0,2,0,5,5,5,1.791759469228055,0,2,0,5,5,7,2.0794415416798357,0,1,2,0,7,2,1.0986122886681098,1,2,2,2,2,3,1.3862943611198906,0,0,3,3,3,5,1.791759469228055,0,2,0,5,5,6,1.9459101490553132,1,0,1,6,6,3,1.3862943611198906,0,0,3,3,3,1,14,979.0
9,2.302585092994046,0,0,4,2,9,1,0.6931471805599453,0,1,1,1,1,5,1.791759469228055,0,2,0,5,5,11,2.4849066497880004,0,2,1,4,1,12,2.5649493574615367,1,0,2,5,2,8,2.1972245773362196,1,2,3,1,8,12,2.5649493574615367,1,0,2,5,2,4,1.6094379124341003,1,1,4,4,4,4,1.6094379124341003,1,1,4,4,4,3,1.3862943611198906,0,0,3,3,3,1,20,303.0
12,2.5649493574615367,1,0,2,5,2,1,0.6931471805599453,0,1,1,1,1,2,1.0986122886681098,1,2,2,2,2,1,0.6931471805599453,0,1,1,1,1,4,1.6094379124341003,1,1,4,4,4,5,1.791759469228055,0,2,0,5,5,9,2.302585092994046,0,0,4,2,9,8,2.1972245773362196,1,2,3,1,8,2,1.0986122886681098,1,2,2,2,2,8,2.1972245773362196,1,2,3,1,8,1,30,149.0
11,2.4849066497880004,0,2,1,4,1,4,1.6094379124341003,1,1,4,4,4,12,2.5649493574615367,1,0,2,5,2,4,1.6094379124341003,1,1,4,4,4,5,1.791759469228055,0,2,0,5,5,2,1.0986122886681098,1,2,2,2,2,3,1.3862943611198906,0,0,3,3,3,3,1.3862943611198906,0,0,3,3,3,3,1.3862943611198906,0,0,3,3,3,7,2.0794415416798357,0,1,2,0,7,1,12,26.0
7,2.0794415416798357,0,1,2,0,7,5,1.791759469228055,0,2,0,5,5,7,2.0794415416798357,0,1,2,0,7,5,1.791759469228055,0,2,0,5,5,11,2.4849066497880004,0,2,1,4,1,7,2.0794415416798357,0,1,2,0,7,12,2.5649493574615367,1,0,2,5,2,1,0.6931471805599453,0,1,1,1,1,3,1.3862943611198906,0,0,3,3,3,1,0.6931471805599453,0,1,1,1,1,1,22,1871.0
8,2.1972245773362196,1,2,3,1,8,11,2.4849066497880004,0,2,1,4,1,12,2.5649493574615367,1,0,2,5,2,3,1.3862943611198906,0,0,3,3,3,4,1.6094379124341003,1,1,4,4,4,1,0.6931471805599453,0,1,1,1,1,9,2.302585092994046,0,0,4,2,9,5,1.791759469228055,0,2,0,5,5,1,0.6931471805599453,0,1,1,1,1,5,1.791759469228055,0,2,0,5,5,1,22,47.0
11,2.4849066497880004,0,2,1,4,1,7,2.0794415416798357,0,1,2,0,7,9,2.302585092994046,0,0,4,2,9,1,0.6931471805599453,0,1,1,1,1,10,2.3978952727983707,1,1,0,3,0,6,1.9459101490553132,1,0,1,6,6,7,2.0794415416798357,0,1,2,0,7,1,0.6931471805599453,0,1,1,1,1,5,1.791759469228055,0,2,0,5,5,7,2.0794415416798357,0,1,2,0,7,1,21,907.0
7,2.0794415416798357,0,1,2,0,7,8,2.1972245773362196,1,2,3,1,8,10,2.3978952727983707,1,1,0,3,0,2,1.0986122886681098,1,2,2,2,2,4,1.6094379124341003,1,1,4,4,4,1,0.6931471805599453,0,1,1,1,1,3,1.3862943611198906,0,0,3,3,3,1,0.6931471805599453,0,1,1,1,1,3,1.3862943611198906,0,0,3,3,3,7,2.0794415416798357,0,1,2,0,7,1,23,23.0
12,2.5649493574615367,1,0,2,5,2,5,1.791759469228055,0,2,0,5,5,11,2.4849066497880004,0,2,1,4,1,3,1.3862943611198906,0,0,3,3,3,4,1.6094379124341003,1,1,4,4,4,7,2.0794415416798357,0,1,2,0,7,10,2.3978952727983707,1,1,0,3,0,3,1.3862943611198906,0,0,3,3,3,7,2.0794415416798357,0,1,2,0,7,8,2.1972245773362196,1,2,3,1,8,1,7,1059.0
5,1.791759469228055,0,2,0,5,5,7,2.0794415416798357,0,1,2,0,7,10,2.3978952727983707,1,1,0,3,0,4,1.6094379124341003,1,1,4,4,4,12,2.5649493574615367,1,0,2,5,2,1,0.6931471805599453,0,1,1,1,1,2,1.0986122886681098,1,2,2,2,2,6,1.9459101490553132,1,0,1,6,6,6,1.9459101490553132,1,0,1,6,6,4,1.6094379124341003,1,1,4,4,4,1,22,55.0
9,2.302585092994046,0,0,4,2,9,7,2.0794415416798357,0,1,2,0,7,8,2.1972245773362196,1,2,3,1,8,2,1.0986122886681098,1,2,2,2,2,12,2.5649493574615367,1,0,2,5,2,5,1.791759469228055,0,2,0,5,5,6,1.9459101490553132,1,0,1,6,6,1,0.6931471805599453,0,1,1,1,1,1,0.6931471805599453,0,1,1,1,1,1,0.6931471805599453,0,1,1,1,1,1,28,23.0
2,1.0986122886681098,1,2,2,2,2,4,1.6094379124341003,1,1,4,4,4,8,2.1972245773362196,1,2,3,1,8,9,2.302585092994046,0,0,4,2,9,11,2.4849066497880004,0,2,1,4,1,2,1.0986122886681098,1,2,2,2,2,3,1.3862943611198906,0,0,3,3,3,3,1.3862943611198906,0,0,3,3,3,8,2.1972245773362196,1,2,3,1,8,5,1.791759469228055,0,2,0,5,5,1,13,1477.0
2,1.0986122886681098,1,2,2,2,2,1,0.6931471805599453,0,1,1,1,1,10,2.3978952727983707,1,1,0,3,0,8,2.1972245773362196,1,2,3,1,8,12,2.5649493574615367,1,0,2,5,2,3,1.3862943611198906,0,0,3,3,3,5,1.791759469228055,0,2,0,5,5,7,2.0794415416798357,0,1,2,0,7,3,1.3862943611198906,0,0,3,3,3,6,1.9459101490553132,1,0,1,6,6,1,20,527.0
11,2.4849066497880004,0,2,1,4,1,1,0.6931471805599453,0,1,1,1,1,3,1.3862943611198906,0,0,3,3,3,1,0.6931471805599453,0,1,1,1,1,3,1.3862943611198906,0,0,3,3,3,6,1.9459101490553132,1,0,1,6,6,9,2.302585092994046,0,0,4,2,9,3,1.3862943611198906,0,0,3,3,3,6,1.9459101490553132,1,0,1,6,6,1,0.6931471805599453,0,1,1,1,1,1,37,35.0
8,2.1972245773362196,1,2,3,1,8,7,2.0794415416798357,0,1,2,0,7,10,2.3978952727983707,1,1,0,3,0,1,0.6931471805599453,0,1,1,1,1,4,1.6094379124341003,1,1,4,4,4,1,0.6931471805599453,0,1,1,1,1,2,1.0986122886681098,1,2,2,2,2,2,1.0986122886681098,1,2,2,2,2,4,1.6094379124341003,1,1,4,4,4,3,1.3862943611198906,0,0,3,3,3,1,29,223.0
3,1.3862943611198906,0,0,3,3,3,4,1.6094379124341003,1,1,4,4,4,8,2.1972245773362196,1,2,3,1,8,4,1.6094379124341003,1,1,4,4,4,7,2.0794415416798357,0,1,2,0,7,2,1.0986122886681098,1,2,2,2,2,9,2.302585092994046,0,0,4,2,9,5,1.791759469228055,0,2,0,5,5,2,1.0986122886681098,1,2,2,2,2,6,1.9459101490553132,1,0,1,6,6,1,14,436.0
12,2.5649493574615367,1,0,2,5,2,5,1.791759469228055,0,2,0,5,5,12,2.5649493574615367,1,0,2,5,2,4,1.6094379124341003,1,1,4,4,4,6,1.9459101490553132,1,0,1,6,6,4,1.6094379124341003,1,1,4,4,4,9,2.302585092994046,0,0,4,2,9,6,1.9459101490553132,1,0,1,6,6,8,2.1972245773362196,1,2,3,1,8,6,1.9459101490553132,1,0,1,6,6,1,17,397.0
2,1.0986122886681098,1,2,2,2,2,2,1.0986122886681098,1,2,2,2,2,4,1.6094379124341003,1,1,4,4,4,2,1.0986122886681098,1,2,2,2,2,8,2.1972245773362196,1,2,3,1,8,2,1.0986122886681098,1,2,2,2,2,5,1.791759469228055,0,2,0,5,5,7,2.0794415416798357,0,1,2,0,7,3,1.3862943611198906,0,0,3,3,3,7,2.0794415416798357,0,1,2,0,7,1,16,29.0
11,2.4849066497880004,0,2,1,4,1,3,1.3862943611198906,0,0,3,3,3,10,2.3978952727983707,1,1,0,3,0,7,2.0794415416798357,0,1,2,0,7,11,2.4849066497880004,0,2,1,4,1,1,0.6931471805599453,0,1,1,1,1,2,1.0986122886681098,1,2,2,2,2,8,2.1972245773362196,1,2,3,1,8,5,1.791759469228055,0,2,0,5,5,8,2.1972245773362196,1,2,3,1,8,1,15,621.0
5,1.791759469228055,0,2,0,5,5,1,0.6931471805599453,0,1,1,1,1,3,1.3862943611198906,0,0,3,3,3,7,2.0794415416798357,0,1,2,0,7,9,2.302585092994046,0,0,4,2,9,9,2.302585092994046,0,0,4,2,9,11,2.4849066497880004,0,2,1,4,1,3,1.3862943611198906,0,0,3,3,3,5,1.791759469228055,0,2,0,5,5,4,1.6094379124341003,1,1,4,4,4,1,16,841.0
7,2.0794415416798357,0,1,2,0,7,3,1.3862943611198906,0,0,3,3,3,11,2.4849066497880004,0,2,1,4,1,1,0.6931471805599453,0,1,1,1,1,3,1.3862943611198906,0,0,3,3,3,1,0.6931471805599453,0,1,1,1,1,6,1.9459101490553132,1,0,1,6,6,8,2.1972245773362196,1,2,3,1,8,3,1.3862943611198906,0,0,3,3,3,6,1.9459101490553132,1,0,1,6,6,1,27,241.0
2,1.0986122886681098,1,2,2,2,2,1,0.6931471805599453,0,1,1,1,1,4,1.6094379124341003,1,1,4,4,4,5,1.791759469228055,0,2,0,5,5,7,2.0794415416798357,0,1,2,0,7,2,1.0986122886681098,1,2,2,2,2,7,2.0794415416798357,0,1,2,0,7,8,2.1972245773362196,1,2,3,1,8,1,0.6931471805599453,0,1,1,1,1,6,1.9459101490553132,1,0,1,6,6,1,26,457.0
5,1.791759469228055,0,2,0,5,5,9,2.302585092994046,0,0,4,2,9,10,2.3978952727983707,1,1,0,3,0,3,1.3862943611198906,0,0,3,3,3,6,1.9459101490553132,1,0,1,6,6,2,1.0986122886681098,1,2,2,2,2,5,1.791759469228055,0,2,0,5,5,4,1.6094379124341003,1,1,4,4,4,8,2.1972245773362196,1,2,3,1,8,7,2.0794415416798357,0,1,2,0,7,1,10,129.0
7,2.0794415416798357,0,1,2,0,7,7,2.0794415416798357,0,1,2,0,7,9,2.302585092994046,0,0,4,2,9,1,0.6931471805599453,0,1,1,1,1,8,2.1972245773362196,1,2,3,1,8,3,1.3862943611198906,0,0,3,3,3,6,1.9459101490553132,1,0,1,6,6,3,1.3862943611198906,0,0,3,3,3,7,2.0794415416798357,0,1,2,0,7,8,2.1972245773362196,1,2,3,1,8,1,18,481.0
11,2.4849066497880004,0,2,1,4,1,5,1.791759469228055,0,2,0,5,5,12,2.5649493574615367,1,0,2,5,2,5,1.791759469228055,0,2,0,5,5,9,2.302585092994046,0,0,4,2,9,3,1.3862943611198906,0,0,3,3,3,8,2.1972245773362196,1,2,3,1,8,6,1.9459101490553132,1,0,1,6,6,6,1.9459101490553132,1,0,1,6,6,7,2.0794415416798357,0,1,2,0,7,1,8,689.0
9,2.302585092994046,0,0,4,2,9,1,0.6931471805599453,0,1,1,1,1,2,1.0986122886681098,1,2,2,2,2,1,0.6931471805599453,0,1,1,1,1,12,2.5649493574615367,1,0,2,5,2,1,0.6931471805599453,0,1,1,1,1,2,1.0986122886681098,1,2,2,2,2,8,2.1972245773362196,1,2,3,1,8,1,0.6931471805599453,0,1,1,1,1,3,1.3862943611198906,0,0,3,3,3,1,37,113.0
7,2.0794415416798357,0,1,2,0,7,7,2.0794415416798357,0,1,2,0,7,10,2.3978952727983707,1,1,0,3,0,9,2.302585092994046,0,0,4,2,9,12,2.5649493574615367,1,0,2,5,2,5,1.791759469228055,0,2,0,5,5,7,2.0794415416798357,0,1,2,0,7,7,2.0794415416798357,0,1,2,0,7,2,1.0986122886681098,1,2,2,2,2,5,1.791759469228055,0,2,0,5,5,1,11,1563.0
2,1.0986122886681098,1,2,2,2,2,1,0.6931471805599453,0,1,1,1,1,5,1.791759469228055,0,2,0,5,5,1,0.6931471805599453,0,1,1,1,1,2,1.0986122886681098,1,2,2,2,2,6,1.9459101490553132,1,0,1,6,6,9,2.302585092994046,0,0,4,2,9,5,1.791759469228055,0,2,0,5,5,7,2.0794415416798357,0,1,2,0,7,1,0.6931471805599453,0,1,1,1,1,1,28,73.0
8,2.1972245773362196,1,2,3,1,8,2,1.0986122886681098,1,2,2,2,2,9,2.302585092994046,0,0,4,2,9,5,1.791759469228055,0,2,0,5,5,8,2.1972245773362196,1,2,3,1,8,1,0.6931471805599453,0,1,1,1,1,2,1.0986122886681098,1,2,2,2,2,4,1.6094379124341003,1,1,4,4,4,5,1.791759469228055,0,2,0,5,5,1,0.6931471805599453,0,1,1,1,1,1,28,263.0
4,1.6094379124341003,1,1,4,4,4,8,2.1972245773362196,1,2,3,1,8,9,2.302585092994046,0,0,4,2,9,6,1.9459101490553132,1,0,1,6,6,7,2.0794415416798357,0,1,2,0,7,2,1.0986122886681098,1,2,2,2,2,6,1.9459101490553132,1,0,1,6,6,4,1.6094379124341003,1,1,4,4,4,6,1.9459101490553132,1,0,1,6,6,7,2.0794415416798357,0,1,2,0,7,1,13,829.0
5,1.791759469228055,0,2,0,5,5,1,0.6931471805599453,0,1,1,1,1,4,1.6094379124341003,1,1,4,4,4,1,0.6931471805599453,0,1,1,1,1,2,1.0986122886681098,1,2,2,2,2,4,1.6094379124341003,1,1,4,4,4,8,2.1972245773362196,1,2,3,1,8,2,1.0986122886681098,1,2,2,2,2,4,1.6094379124341003,1,1,4,4,4,8,2.1972245773362196,1,2,3,1,8,1,38,13.0
10,2.3978952727983707,1,1,0,3,0,1,0.6931471805599453,0,1,1,1,1,3,1.3862943611198906,0,0,3,3,3,4,1.6094379124341003,1,1,4,4,4,5,1.791759469228055,0,2,0,5,5,1,0.6931471805599453,0,1,1,1,1,2,1.0986122886681098,1,2,2,2,2,8,2.1972245773362196,1,2,3,1,8,8,2.1972245773362196,1,2,3,1,8,4,1.6094379124341003,1,1,4,4,4,1,29,59.0
10,2.3978952727983707,1,1,0,3,0,10,2.3978952727983707,1,1,0,3,0,11,2.4849066497880004,0,2,1,4,1,4,1.6094379124341003,1,1,4,4,4,7,2.0794415416798357,0,1,2,0,7,4,1.6094379124341003,1,1,4,4,4,11,2.4849066497880004,0,2,1,4,1,5,1.791759469228055,0,2,0,5,5,1,0.6931471805599453,0,1,1,1,1,6,1.9459101490553132,1,0,1,6,6,1,14,648.0
11,2.4849066497880004,0,2,1,4,1,3,1.3862943611198906,0,0,3,3,3,9,2.302585092994046,0,0,4,2,9,2,1.0986122886681098,1,2,2,2,2,10,2.3978952727983707,1,1,0,3,0,2,1.0986122886681098,1,2,2,2,2,8,2.1972245773362196,1,2,3,1,8,5,1.791759469228055,0,2,0,5,5,2,1.0986122886681098,1,2,2,2,2,4,1.6094379124341003,1,1,4,4,4,1,15,151.0
4,1.6094379124341003,1,1,4,4,4,4,1.6094379124341003,1,1,4,4,4,6,1.9459101490553132,1,0,1,6,6,1,0.6931471805599453,0,1,1,1,1,5,1.791759469228055,0,2,0,5,5,2,1.0986122886681098,1,2,2,2,2,10,2.3978952727983707,1,1,0,3,0,1,0.6931471805599453,0,1,1,1,1,8,2.1972245773362196,1,2,3,1,8,4,1.6094379124341003,1,1,4,4,4,1,30,32.0
3,1.3862943611198906,0,0,3,3,3,3,1.3862943611198906,0,0,3,3,3,5,1.791759469228055,0,2,0,5,5,1,0.6931471805599453,0,1,1,1,1,11,2.4849066497880004,0,2,1,4,1,1,0.6931471805599453,0,1,1,1,1,3,1.3862943611198906,0,0,3,3,3,8,2.1972245773362196,1,2,3,1,8,1,0.6931471805599453,0,1,1,1,1,7,2.0794415416798357,0,1,2,0,7,1,27,307.0
5,1.791759469228055,0,2,0,5,5,1,0.6931471805599453,0,1,1,1,1,8,2.1972245773362196,1,2,3,1,8,4,1.6094379124341003,1,1,4,4,4,7,2.0794415416798357,0,1,2,0,7,5,1.791759469228055,0,2,0,5,5,6,1.9459101490553132,1,0,1,6,6,3,1.3862943611198906,0,0,3,3,3,3,1.3862943611198906,0,0,3,3,3,1,0.6931471805599453,0,1,1,1,1,1,22,137.0
5,1.791759469228055,0,2,0,5,5,5,1.791759469228055,0,2,0,5,5,7,2.0794415416798357,0,1,2,0,7,1,0.6931471805599453,0,1,1,1,1,4,1.6094379124341003,1,1,4,4,4,4,1.6094379124341003,1,1,4,4,4,10,2.3978952727983707,1,1,0,3,0,7,2.0794415416798357,0,1,2,0,7,3,1.3862943611198906,0,0,3,3,3,6,1.9459101490553132,1,0,1,6,6,1,15,439.0
5,1.791759469228055,0,2,0,5,5,4,1.6094379124341003,1,1,4,4,4,8,2.1972245773362196,1,2,3,1,8,2,1.0986122886681098,1,2,2,2,2,3,1.3862943611198906,0,0,3,3,3,7,2.0794415416798357,0,1,2,0,7,11,2.4849066497880004,0,2,1,4,1,3,1.3862943611198906,0,0,3,3,3,5,1.791759469228055,0,2,0,5,5,5,1.791759469228055,0,2,0,5,5,1,7,575.0
11,2.4849066497880004,0,2,1,4,1,3,1.3862943611198906,0,0,3,3,3,4,1.6094379124341003,1,1,4,4,4,4,1.6094379124341003,1,1,4,4,4,7,2.0794415416798357,0,1,2,0,7,4,1.6094379124341003,1,1,4,4,4,6,1.9459101490553132,1,0,1,6,6,5,1.791759469228055,0,2,0,5,5,5,1.791759469228055,0,2,0,5,5,6,1.9459101490553132,1,0,1,6,6,1,7,1949.0
5,1.791759469228055,0,2,0,5,5,6,1.9459101490553132,1,0,1,6,6,9,2.302585092994046,0,0,4,2,9,6,1.9459101490553132,1,0,1,6,6,12,2.5649493574615367,1,0,2,5,2,2,1.0986122886681098,1,2,2,2,2,5,1.791759469228055,0,2,0,5,5,6,1.9459101490553132,1,0,1,6,6,1,0.6931471805599453,0,1,1,1,1,2,1.0986122886681098,1,2,2,2,2,1,25,27.0
5,1.791759469228055,0,2,0,5,5,1,0.6931471805599453,0,1,1,1,1,3,1.3862943611198906,0,0,3,3,3,1,0.6931471805599453,0,1,1,1,1,2,1.0986122886681098,1,2,2,2,2,5,1.791759469228055,0,2,0,5,5,7,2.0794415416798357,0,1,2,0,7,4,1.6094379124341003,1,1,4,4,4,7,2.0794415416798357,0,1,2,0,7,4,1.6094379124341003,1,1,4,4,4,1,22,184.0
11,2.4849066497880004,0,2,1,4,1,1,0.6931471805599453,0,1,1,1,1,7,2.0794415416798357,0,1,2,0,7,2,1.0986122886681098,1,2,2,2,2,12,2.5649493574615367,1,0,2,5,2,2,1.0986122886681098,1,2,2,2,2,8,2.1972245773362196,1,2,3,1,8,1,0.6931471805599453,0,1,1,1,1,6,1.9459101490553132,1,0,1,6,6,8,2.1972245773362196,1,2,3,1,8,1,28,29.0
5,1.791759469228055,0,2,0,5,5,3,1.3862943611198906,0,0,3,3,3,4,1.6094379124341003,1,1,4,4,4,2,1.0986122886681098,1,2,2,2,2,4,1.6094379124341003,1,1,4,4,4,1,0.6931471805599453,0,1,1,1,1,8,2.1972245773362196,1,2,3,1,8,6,1.9459101490553132,1,0,1,6,6,4,1.6094379124341003,1,1,4,4,4,5,1.791759469228055,0,2,0,5,5,1,22,31.0
4,1.6094379124341003,1,1,4,4,4,4,1.6094379124341003,1,1,4,4,4,7,2.0794415416798357,0,1,2,0,7,2,1.0986122886681098,1,2,2,2,2,6,1.9459101490553132,1,0,1,6,6,2,1.0986122886681098,1,2,2,2,2,7,2.0794415416798357,0,1,2,0,7,4,1.6094379124341003,1,1,4,4,4,1,0.6931471805599453,0,1,1,1,1,7,2.0794415416798357,0,1,2,0,7,1,24,35.0
6,1.9459101490553132,1,0,1,6,6,1,0.6931471805599453,0,1,1,1,1,7,2.0794415416798357,0,1,2,0,7,2,1.0986122886681098,1,2,2,2,2,12,2.5649493574615367,1,0,2,5,2,2,1.0986122886681098,1,2,2,2,2,4,1.6094379124341003,1,1,4,4,4,3,1.3862943611198906,0,0,3,3,3,7,2.0794415416798357,0,1,2,0,7,4,1.6094379124341003,1,1,4,4,4,1,25,409.0
11,2.4849066497880004,0,2,1,4,1,3,1.3862943611198906,0,0,3,3,3,12,2.5649493574615367,1,0,2,5,2,1,0.6931471805599453,0,1,1,1,1,2,1.0986122886681098,1,2,2,2,2,4,1.6094379124341003,1,1,4,4,4,5,1.791759469228055,0,2,0,5,5,7,2.0794415416798357,0,1,2,0,7,3,1.3862943611198906,0,0,3,3,3,2,1.0986122886681098,1,2,2,2,2,1,18,63.0
12,2.5649493574615367,1,0,2,5,2,2,1.0986122886681098,1,2,2,2,2,7,2.0794415416798357,0,1,2,0,7,2,1.0986122886681098,1,2,2,2,2,3,1.3862943611198906,0,0,3,3,3,1,0.6931471805599453,0,1,1,1,1,3,1.3862943611198906,0,0,3,3,3,2,1.0986122886681098,1,2,2,2,2,8,2.1972245773362196,1,2,3,1,8,2,1.0986122886681098,1,2,2,2,2,1,26,38.0
4,1.6094379124341003,1,1,4,4,4,7,2.0794415416798357,0,1,2,0,7,10,2.3978952727983707,1,1,0,3,0,2,1.0986122886681098,1,2,2,2,2,3,1.3862943611198906,0,0,3,3,3,1,0.6931471805599453,0,1,1,1,1,6,1.9459101490553132,1,0,1,6,6,8,2.1972245773362196,1,2,3,1,8,8,2.1972245773362196,1,2,3,1,8,6,1.9459101490553132,1,0,1,6,6,1,21,119.0
8,2.1972245773362196,1,2,3,1,8,8,2.1972245773362196,1,2,3,1,8,10,2.3978952727983707,1,1,0,3,0,1,0.6931471805599453,0,1,1,1,1,6,1.9459101490553132,1,0,1,6,6,3,1.3862943611198906,0,0,3,3,3,9,2.302585092994046,0,0,4,2,9,3,1.3862943611198906,0,0,3,3,3,3,1.3862943611198906,0,0,3,3,3,8,2.1972245773362196,1,2,3,1,8,1,21,439.0
11,2.4849066497880004,0,2,1,4,1,4,1.6094379124341003,1,1,4,4,4,5,1.791759469228055,0,2,0,5,5,6,1.9459101490553132,1,0,1,6,6,7,2.0794415416798357,0,1,2,0,7,5,1.791759469228055,0,2,0,5,5,8,2.1972245773362196,1,2,3,1,8,1,0.6931471805599453,0,1,1,1,1,4,1.6094379124341003,1,1,4,4,4,8,2.1972245773362196,1,2,3,1,8,1,16,6283.0
3,1.3862943611198906,0,0,3,3,3,2,1.0986122886681098,1,2,2,2,2,4,1.6094379124341003,1,1,4,4,4,4,1.6094379124341003,1,1,4,4,4,12,2.5649493574615367,1,0,2,5,2,1,0.6931471805599453,0,1,1,1,1,8,2.1972245773362196,1,2,3,1,8,5,1.791759469228055,0,2,0,5,5,3,1.3862943611198906,0,0,3,3,3,6,1.9459101490553132,1,0,1,6,6,1,25,67.0
2,1.0986122886681098,1,2,2,2,2,3,1.3862943611198906,0,0,3,3,3,12,2.5649493574615367,1,0,2,5,2,1,0.6931471805599453,0,1,1,1,1,3,1.3862943611198906,0,0,3,3,3,7,2.0794415416798357,0,1,2,0,7,9,2.302585092994046,0,0,4,2,9,8,2.1972245773362196,1,2,3,1,8,5,1.791759469228055,0,2,0,5,5,8,2.1972245773362196,1,2,3,1,8,1,18,745.0
4,1.6094379124341003,1,1,4,4,4,8,2.1972245773362196,1,2,3,1,8,12,2.5649493574615367,1,0,2,5,2,1,0.6931471805599453,0,1,1,1,1,9,2.302585092994046,0,0,4,2,9,7,2.0794415416798357,0,1,2,0,7,8,2.1972245773362196,1,2,3,1,8,1,0.6931471805599453,0,1,1,1,1,8,2.1972245773362196,1,2,3,1,8,1,0.6931471805599453,0,1,1,1,1,1,31,1159.0
6,1.9459101490553132,1,0,1,6,6,3,1.3862943611198906,0,0,3,3,3,8,2.1972245773362196,1,2,3,1,8,7,2.0794415416798357,0,1,2,0,7,11,2.4849066497880004,0,2,1,4,1,2,1.0986122886681098,1,2,2,2,2,4,1.6094379124341003,1,1,4,4,4,8,2.1972245773362196,1,2,3,1,8,3,1.3862943611198906,0,0,3,3,3,1,0.6931471805599453,0,1,1,1,1,1,19,81.0
9,2.302585092994046,0,0,4,2,9,1,0.6931471805599453,0,1,1,1,1,6,1.9459101490553132,1,0,1,6,6,6,1.9459101490553132,1,0,1,6,6,11,2.4849066497880004,0,2,1,4,1,2,1.0986122886681098,1,2,2,2,2,3,1.3862943611198906,0,0,3,3,3,6,1.9459101490553132,1,0,1,6,6,5,1.791759469228055,0,2,0,5,5,8,2.1972245773362196,1,2,3,1,8,1,20,421.0
4,1.6094379124341003,1,1,4,4,4,1,0.6931471805599453,0,1,1,1,1,12,2.5649493574615367,1,0,2,5,2,1,0.6931471805599453,0,1,1,1,1,2,1.0986122886681098,1,2,2,2,2,3,1.3862943611198906,0,0,3,3,3,11,2.4849066497880004,0,2,1,4,1,2,1.0986122886681098,1,2,2,2,2,4,1.6094379124341003,1,1,4,4,4,1,0.6931471805599453,0,1,1,1,1,1,35,733.0
12,2.5649493574615367,1,0,2,5,2,4,1.6094379124341003,1,1,4,4,4,8,2.1972245773362196,1,2,3,1,8,2,1.0986122886681098,1,2,2,2,2,6,1.9459101490553132,1,0,1,6,6,2,1.0986122886681098,1,2,2,2,2,3,1.3862943611198906,0,0,3,3,3,2,1.0986122886681098,1,2,2,2,2,4,1.6094379124341003,1,1,4,4,4,8,2.1972245773362196,1,2,3,1,8,1,32,23.0
9,2.302585092994046,0,0,4,2,9,1,0.6931471805599453,0,1,1,1,1,7,2.0794415416798357,0,1,2,0,7,3,1.3862943611198906,0,0,3,3,3,4,1.6094379124341003,1,1,4,4,4,5,1.791759469228055,0,2,0,5,5,7,2.0794415416798357,0,1,2,0,7,6,1.9459101490553132,1,0,1,6,6,3,1.3862943611198906,0,0,3,3,3,5,1.791759469228055,0,2,0,5,5,1,16,499.0
4,1.6094379124341003,1,1,4,4,4,3,1.3862943611198906,0,0,3,3,3,8,2.1972245773362196,1,2,3,1,8,1,0.6931471805599453,0,1,1,1,1,2,1.0986122886681098,1,2,2,2,2,2,1.0986122886681098,1,2,2,2,2,3,1.3862943611198906,0,0,3,3,3,7,2.0794415416798357,0,1,2,0,7,5,1.791759469228055,0,2,0,5,5,8,2.1972245773362196,1,2,3,1,8,1,20,179.0
9,2.302585092994046,0,0,4,2,9,2,1.0986122886681098,1,2,2,2,2,10,2.3978952727983707,1,1,0,3,0,3,1.3862943611198906,0,0,3,3,3,5,1.791759469228055,0,2,0,5,5,1,0.6931471805599453,0,1,1,1,1,5,1.791759469228055,0,2,0,5,5,4,1.6094379124341003,1,1,4,4,4,3,1.3862943611198906,0,0,3,3,3,8,2.1972245773362196,1,2,3,1,8,1,19,32.0
7,2.0794415416798357,0,1,2,0,7,7,2.0794415416798357,0,1,2,0,7,10,2.3978952727983707,1,1,0,3,0,2,1.0986122886681098,1,2,2,2,2,6,1.9459101490553132,1,0,1,6,6,9,2.302585092994046,0,0,4,2,9,10,2.3978952727983707,1,1,0,3,0,8,2.1972245773362196,1,2,3,1,8,6,1.9459101490553132,1,0,1,6,6,5,1.791759469228055,0,2,0,5,5,1,10,799.0
10,2.3978952727983707,1,1,0,3,0,4,1.6094379124341003,1,1,4,4,4,9,2.302585092994046,0,0,4,2,9,4,1.6094379124341003,1,1,4,4,4,9,2.302585092994046,0,0,4,2,9,1,0.6931471805599453,0,1,1,1,1,9,2.302585092994046,0,0,4,2,9,1,0.6931471805599453,0,1,1,1,1,2,1.0986122886681098,1,2,2,2,2,6,1.9459101490553132,1,0,1,6,6,1,25,9.0
2,1.0986122886681098,1,2,2,2,2,4,1.6094379124341003,1,1,4,4,4,8,2.1972245773362196,1,2,3,1,8,1,0.6931471805599453,0,1,1,1,1,10,2.3978952727983707,1,1,0,3,0,4,1.6094379124341003,1,1,4,4,4,6,1.9459101490553132,1,0,1,6,6,2,1.0986122886681098,1,2,2,2,2,6,1.9459101490553132,1,0,1,6,6,6,1.9459101490553132,1,0,1,6,6,1,30,106.0
4,1.6094379124341003,1,1,4,4,4,2,1.0986122886681098,1,2,2,2,2,9,2.302585092994046,0,0,4,2,9,9,2.302585092994046,0,0,4,2,9,10,2.3978952727983707,1,1,0,3,0,3,1.3862943611198906,0,0,3,3,3,9,2.302585092994046,0,0,4,2,9,3,1.3862943611198906,0,0,3,3,3,1,0.6931471805599453,0,1,1,1,1,6,1.9459101490553132,1,0,1,6,6,1,24,1169.0
5,1.791759469228055,0,2,0,5,5,2,1.0986122886681098,1,2,2,2,2,4,1.6094379124341003,1,1,4,4,4,3,1.3862943611198906,0,0,3,3,3,9,2.302585092994046,0,0,4,2,9,4,1.6094379124341003,1,1,4,4,4,7,2.0794415416798357,0,1,2,0,7,2,1.0986122886681098,1,2,2,2,2,4,1.6094379124341003,1,1,4,4,4,1,0.6931471805599453,0,1,1,1,1,1,20,125.0
5,1.791759469228055,0,2,0,5,5,1,0.6931471805599453,0,1,1,1,1,8,2.1972245773362196,1,2,3,1,8,6,1.9459101490553132,1,0,1,6,6,11,2.4849066497880004,0,2,1,4,1,4,1.6094379124341003,1,1,4,4,4,5,1.791759469228055,0,2,0,5,5,5,1.791759469228055,0,2,0,5,5,7,2.0794415416798357,0,1,2,0,7,7,2.0794415416798357,0,1,2,0,7,1,14,4377.0
12,2.5649493574615367,1,0,2,5,2,1,0.6931471805599453,0,1,1,1,1,2,1.0986122886681098,1,2,2,2,2,2,1.0986122886681098,1,2,2,2,2,8,2.1972245773362196,1,2,3,1,8,3,1.3862943611198906,0,0,3,3,3,10,2.3978952727983707,1,1,0,3,0,6,1.9459101490553132,1,0,1,6,6,4,1.6094379124341003,1,1,4,4,4,8,2.1972245773362196,1,2,3,1,8,1,29,29.0
11,2.4849066497880004,0,2,1,4,1,7,2.0794415416798357,0,1,2,0,7,9,2.302585092994046,0,0,4,2,9,2,1.0986122886681098,1,2,2,2,2,10,2.3978952727983707,1,1,0,3,0,9,2.302585092994046,0,0,4,2,9,11,2.4849066497880004,0,2,1,4,1,1,0.6931471805599453,0,1,1,1,1,4,1.6094379124341003,1,1,4,4,4,2,1.0986122886681098,1,2,2,2,2,1,16,937.0
8,2.1972245773362196,1,2,3,1,8,4,1.6094379124341003,1,1,4,4,4,5,1.791759469228055,0,2,0,5,5,4,1.6094379124341003,1,1,4,4,4,5,1.791759469228055,0,2,0,5,5,4,1.6094379124341003,1,1,4,4,4,9,2.302585092994046,0,0,4,2,9,1,0.6931471805599453,0,1,1,1,1,5,1.791759469228055,0,2,0,5,5,7,2.0794415416798357,0,1,2,0,7,1,18,31.0
6,1.9459101490553132,1,0,1,6,6,4,1.6094379124341003,1,1,4,4,4,7,2.0794415416798357,0,1,2,0,7,1,0.6931471805599453,0,1,1,1,1,3,1.3862943611198906,0,0,3,3,3,3,1.3862943611198906,0,0,3,3,3,5,1.791759469228055,0,2,0,5,5,5,1.791759469228055,0,2,0,5,5,4,1.6094379124341003,1,1,4,4,4,7,2.0794415416798357,0,1,2,0,7,1,15,619.0
6,1.9459101490553132,1,0,1,6,6,6,1.9459101490553132,1,0,1,6,6,8,2.1972245773362196,1,2,3,1,8,2,1.0986122886681098,1,2,2,2,2,4,1.6094379124341003,1,1,4,4,4,7,2.0794415416798357,0,1,2,0,7,9,2.302585092994046,0,0,4,2,9,7,2.0794415416798357,0,1,2,0,7,7,2.0794415416798357,0,1,2,0,7,2,1.0986122886681098,1,2,2,2,2,1,14,869.0
