slot_rows,slot_rows_abs_log1p,slot_rows_is_even,slot_rows_mod3,slot_rows_mod5,slot_rows_mod7,slot_rows_mod10,slot_cols,slot_cols_abs_log1p,slot_cols_is_even,slot_cols_mod3,slot_cols_mod5,slot_cols_mod7,slot_cols_mod10,slot_color1,slot_color2,slot_supply1,slot_supply1_abs_log1p,slot_supply1_is_even,slot_supply1_mod3,slot_supply1_mod5,slot_supply1_mod7,slot_supply1_mod10,slot_supply2,slot_supply2_abs_log1p,slot_supply2_is_even,slot_supply2_mod3,slot_supply2_mod5,slot_supply2_mod7,slot_supply2_mod10,gcd_all,n_multiple_pairs,y
1,0.6931471805599453,0,1,1,1,1,2,1.0986122886681098,1,2,2,2,2,0,0,4,1.6094379124341003,1,1,4,4,4,3,1.3862943611198906,0,0,3,3,3,1,4,2.0
7,2.0794415416798357,0,1,2,0,7,6,1.9459101490553132,1,0,1,6,6,1,0,65,4.189654742026425,0,2,0,2,5,75,4.330733340286331,0,0,0,5,5,1,0,7814.0
7,2.0794415416798357,0,1,2,0,7,1,0.6931471805599453,0,1,1,1,1,1,0,8,2.1972245773362196,1,2,3,1,8,14,2.70805020110221,1,2,4,0,4,1,4,2.0
1,0.6931471805599453,0,1,1,1,1,3,1.3862943611198906,0,0,3,3,3,2,1,5,1.791759469228055,0,2,0,5,5,6,1.9459101490553132,1,0,1,6,6,1,4,2.0
4,1.6094379124341003,1,1,4,4,4,4,1.6094379124341003,1,1,4,4,4,3,2,32,3.4965075614664802,1,2,2,4,2,31,3.4657359027997265,0,1,1,3,1,1,3,198.0
4,1.6094379124341003,1,1,4,4,4,4,1.6094379124341003,1,1,4,4,4,3,2,30,3.4339872044851463,1,0,0,2,0,32,3.4965075614664802,1,2,2,4,2,2,3,198.0
1,0.6931471805599453,0,1,1,1,1,2,1.0986122886681098,1,2,2,2,2,0,3,3,1.3862943611198906,0,0,3,3,3,4,1.6094379124341003,1,1,4,4,4,1,4,2.0
2,1.0986122886681098,1,2,2,2,2,1,0.6931471805599453,0,1,1,1,1,4,4,3,1.3862943611198906,0,0,3,3,3,3,1.3862943611198906,0,0,3,3,3,1,4,2.0
5,1.791759469228055,0,2,0,5,5,1,0.6931471805599453,0,1,1,1,1,5,5,7,2.0794415416798357,0,1,2,0,7,5,1.791759469228055,0,2,0,5,5,1,4,2.0
4,1.6094379124341003,1,1,4,4,4,5,1.791759469228055,0,2,0,5,5,6,2,37,3.6375861597263857,0,1,2,2,7,33,3.5263605246161616,0,0,3,5,3,1,0,422.0
6,1.9459101490553132,1,0,1,6,6,4,1.6094379124341003,1,1,4,4,4,6,1,44,3.8066624897703196,1,2,4,2,4,44,3.8066624897703196,1,2,4,2,4,2,3,870.0
6,1.9459101490553132,1,0,1,6,6,3,1.3862943611198906,0,0,3,3,3,6,6,27,3.332204510175204,0,0,2,6,7,20,3.044522437723423,1,2,0,6,0,1,2,374.0
5,1.791759469228055,0,2,0,5,5,1,0.6931471805599453,0,1,1,1,1,5,6,8,2.1972245773362196,1,2,3,1,8,7,2.0794415416798357,0,1,2,0,7,1,3,2.0
5,1.791759469228055,0,2,0,5,5,2,1.0986122886681098,1,2,2,2,2,7,0,20,3.044522437723423,1,2,0,6,0,17,2.8903717578961645,0,2,2,3,7,1,2,62.0
7,2.0794415416798357,0,1,2,0,7,4,1.6094379124341003,1,1,4,4,4,1,7,51,3.9512437185814275,0,0,1,2,1,55,4.02535169073515,0,1,0,6,5,1,0,1766.0
4,1.6094379124341003,1,1,4,4,4,4,1.6094379124341003,1,1,4,4,4,2,5,25,3.258096538021482,0,1,0,4,5,31,3.4657359027997265,0,1,1,3,1,1,1,198.0
3,1.3862943611198906,0,0,3,3,3,4,1.6094379124341003,1,1,4,4,4,7,5,16,2.833213344056216,1,1,1,2,6,13,2.6390573296152584,0,1,3,6,3,1,1,86.0
5,1.791759469228055,0,2,0,5,5,3,1.3862943611198906,0,0,3,3,3,6,3,23,3.1780538303479458,0,2,3,2,3,25,3.258096538021482,0,1,0,4,5,1,1,182.0
1,0.6931471805599453,0,1,1,1,1,1,0.6931471805599453,0,1,1,1,1,7,2,1,0.6931471805599453,0,1,1,1,1,2,1.0986122886681098,1,2,2,2,2,1,6,2.0
6,1.9459101490553132,1,0,1,6,6,5,1.791759469228055,0,2,0,5,5,5,7,55,4.02535169073515,0,1,0,6,5,31,3.4657359027997265,0,1,1,3,1,1,1,1862.0
1,0.6931471805599453,0,1,1,1,1,2,1.0986122886681098,1,2,2,2,2,6,3,4,1.6094379124341003,1,1,4,4,4,3,1.3862943611198906,0,0,3,3,3,1,4,2.0
5,1.791759469228055,0,2,0,5,5,3,1.3862943611198906,0,0,3,3,3,0,1,18,2.9444389791664403,1,0,3,4,8,16,2.833213344056216,1,1,1,2,6,1,1,182.0
4,1.6094379124341003,1,1,4,4,4,3,1.3862943611198906,0,0,3,3,3,1,1,20,3.044522437723423,1,2,0,6,0,14,2.70805020110221,1,2,4,0,4,1,1,86.0
7,2.0794415416798357,0,1,2,0,7,1,0.6931471805599453,0,1,1,1,1,4,0,9,2.302585092994046,0,0,4,2,9,13,2.6390573296152584,0,1,3,6,3,1,3,2.0
1,0.6931471805599453,0,1,1,1,1,6,1.9459101490553132,1,0,1,6,6,6,1,11,2.4849066497880004,0,2,1,4,1,9,2.302585092994046,0,0,4,2,9,1,3,2.0
4,1.6094379124341003,1,1,4,4,4,4,1.6094379124341003,1,1,4,4,4,4,5,23,3.1780538303479458,0,2,3,2,3,18,2.9444389791664403,1,0,3,4,8,1,1,198.0
2,1.0986122886681098,1,2,2,2,2,3,1.3862943611198906,0,0,3,3,3,6,7,6,1.9459101490553132,1,0,1,6,6,12,2.5649493574615367,1,0,2,5,2,1,5,14.0
7,2.0794415416798357,0,1,2,0,7,1,0.6931471805599453,0,1,1,1,1,7,6,12,2.5649493574615367,1,0,2,5,2,13,2.6390573296152584,0,1,3,6,3,1,3,2.0
1,0.6931471805599453,0,1,1,1,1,2,1.0986122886681098,1,2,2,2,2,5,5,4,1.6094379124341003,1,1,4,4,4,4,1.6094379124341003,1,1,4,4,4,1,6,2.0
6,1.9459101490553132,1,0,1,6,6,7,2.0794415416798357,0,1,2,0,7,4,4,54,4.007333185232471,1,0,4,5,4,63,4.1588830833596715,0,0,3,0,3,1,2,7814.0
6,1.9459101490553132,1,0,1,6,6,5,1.791759469228055,0,2,0,5,5,0,3,43,3.784189633918261,0,1,3,1,3,38,3.6635616461296463,1,2,3,3,8,1,0,1862.0
3,1.3862943611198906,0,0,3,3,3,5,1.791759469228055,0,2,0,5,5,1,6,26,3.295836866004329,1,2,1,5,6,17,2.8903717578961645,0,2,2,3,7,1,0,182.0
6,1.9459101490553132,1,0,1,6,6,2,1.0986122886681098,1,2,2,2,2,5,4,19,2.995732273553991,0,1,4,5,9,23,3.1780538303479458,0,2,3,2,3,1,1,126.0
4,1.6094379124341003,1,1,4,4,4,1,0.6931471805599453,0,1,1,1,1,1,6,6,1.9459101490553132,1,0,1,6,6,8,2.1972245773362196,1,2,3,1,8,1,4,2.0
5,1.791759469228055,0,2,0,5,5,6,1.9459101490553132,1,0,1,6,6,3,8,56,4.04305126783455,1,2,1,0,6,33,3.5263605246161616,0,0,3,5,3,1,0,1862.0
6,1.9459101490553132,1,0,1,6,6,3,1.3862943611198906,0,0,3,3,3,7,0,36,3.6109179126442243,1,0,1,1,6,27,3.332204510175204,0,0,2,6,7,3,4,374.0
1,0.6931471805599453,0,1,1,1,1,1,0.6931471805599453,0,1,1,1,1,0,4,1,0.6931471805599453,0,1,1,1,1,2,1.0986122886681098,1,2,2,2,2,1,6,2.0
2,1.0986122886681098,1,2,2,2,2,1,0.6931471805599453,0,1,1,1,1,3,6,2,1.0986122886681098,1,2,2,2,2,2,1.0986122886681098,1,2,2,2,2,1,6,2.0
5,1.791759469228055,0,2,0,5,5,4,1.6094379124341003,1,1,4,4,4,2,4,20,3.044522437723423,1,2,0,6,0,24,3.2188758248682006,1,0,4,3,4,1,3,422.0
5,1.791759469228055,0,2,0,5,5,5,1.791759469228055,0,2,0,5,5,8,0,46,3.8501476017100584,1,1,1,4,6,33,3.5263605246161616,0,0,3,5,3,1,1,902.0
2,1.0986122886681098,1,2,2,2,2,6,1.9459101490553132,1,0,1,6,6,3,2,13,2.6390573296152584,0,1,3,6,3,22,3.1354942159291497,1,1,2,1,2,1,2,126.0
2,1.0986122886681098,1,2,2,2,2,4,1.6094379124341003,1,1,4,4,4,5,2,12,2.5649493574615367,1,0,2,5,2,16,2.833213344056216,1,1,1,2,6,2,5,30.0
2,1.0986122886681098,1,2,2,2,2,7,2.0794415416798357,0,1,2,0,7,4,0,27,3.332204510175204,0,0,2,6,7,16,2.833213344056216,1,1,1,2,6,1,1,254.0
5,1.791759469228055,0,2,0,5,5,2,1.0986122886681098,1,2,2,2,2,7,8,20,3.044522437723423,1,2,0,6,0,19,2.995732273553991,0,1,4,5,9,1,2,62.0
5,1.791759469228055,0,2,0,5,5,6,1.9459101490553132,1,0,1,6,6,6,7,34,3.5553480614894135,1,1,4,6,4,43,3.784189633918261,0,1,3,1,3,1,0,1862.0
5,1.791759469228055,0,2,0,5,5,4,1.6094379124341003,1,1,4,4,4,6,6,22,3.1354942159291497,1,1,2,1,2,31,3.4657359027997265,0,1,1,3,1,1,0,422.0
3,1.3862943611198906,0,0,3,3,3,1,0.6931471805599453,0,1,1,1,1,6,4,3,1.3862943611198906,0,0,3,3,3,6,1.9459101490553132,1,0,1,6,6,1,6,2.0
4,1.6094379124341003,1,1,4,4,4,3,1.3862943611198906,0,0,3,3,3,5,0,18,2.9444389791664403,1,0,3,4,8,15,2.772588722239781,0,0,0,1,5,1,2,86.0
6,1.9459101490553132,1,0,1,6,6,7,2.0794415416798357,0,1,2,0,7,1,5,62,4.143134726391533,1,2,2,6,2,48,3.8918202981106265,1,0,3,6,8,1,1,7814.0
1,0.6931471805599453,0,1,1,1,1,1,0.6931471805599453,0,1,1,1,1,7,7,2,1.0986122886681098,1,2,2,2,2,1,0.6931471805599453,0,1,1,1,1,1,6,2.0
7,2.0794415416798357,0,1,2,0,7,7,2.0794415416798357,0,1,2,0,7,3,0,97,4.584967478670572,0,1,2,6,7,61,4.127134385045092,0,1,1,5,1,1,1,15878.0
5,1.791759469228055,0,2,0,5,5,4,1.6094379124341003,1,1,4,4,4,4,3,30,3.4339872044851463,1,0,0,2,0,24,3.2188758248682006,1,0,4,3,4,1,2,422.0
2,1.0986122886681098,1,2,2,2,2,7,2.0794415416798357,0,1,2,0,7,2,3,17,2.8903717578961645,0,2,2,3,7,14,2.70805020110221,1,2,4,0,4,1,2,254.0
6,1.9459101490553132,1,0,1,6,6,1,0.6931471805599453,0,1,1,1,1,4,5,11,2.4849066497880004,0,2,1,4,1,7,2.0794415416798357,0,1,2,0,7,1,3,2.0
5,1.791759469228055,0,2,0,5,5,6,1.9459101490553132,1,0,1,6,6,6,4,38,3.6635616461296463,1,2,3,3,8,42,3.7612001156935624,1,0,2,0,2,1,1,1862.0
4,1.6094379124341003,1,1,4,4,4,5,1.791759469228055,0,2,0,5,5,8,8,40,3.713572066704308,1,1,0,5,0,25,3.258096538021482,0,1,0,4,5,1,3,422.0
7,2.0794415416798357,0,1,2,0,7,3,1.3862943611198906,0,0,3,3,3,6,6,21,3.091042453358316,0,0,1,0,1,36,3.6109179126442243,1,0,1,1,6,1,3,758.0
4,1.6094379124341003,1,1,4,4,4,7,2.0794415416798357,0,1,2,0,7,2,1,37,3.6375861597263857,0,1,2,2,7,51,3.9512437185814275,0,0,1,2,1,1,0,1766.0
3,1.3862943611198906,0,0,3,3,3,6,1.9459101490553132,1,0,1,6,6,8,7,21,3.091042453358316,0,0,1,0,1,34,3.5553480614894135,1,1,4,6,4,1,2,374.0
4,1.6094379124341003,1,1,4,4,4,2,1.0986122886681098,1,2,2,2,2,1,4,12,2.5649493574615367,1,0,2,5,2,13,2.6390573296152584,0,1,3,6,3,1,3,30.0
4,1.6094379124341003,1,1,4,4,4,3,1.3862943611198906,0,0,3,3,3,6,8,23,3.1780538303479458,0,2,3,2,3,21,3.091042453358316,0,0,1,0,1,1,1,86.0
1,0.6931471805599453,0,1,1,1,1,7,2.0794415416798357,0,1,2,0,7,7,8,14,2.70805020110221,1,2,4,0,4,8,2.1972245773362196,1,2,3,1,8,1,4,2.0
7,2.0794415416798357,0,1,2,0,7,5,1.791759469228055,0,2,0,5,5,6,3,51,3.9512437185814275,0,0,1,2,1,59,4.0943445622221,0,2,4,3,9,1,0,3782.0
1,0.6931471805599453,0,1,1,1,1,4,1.6094379124341003,1,1,4,4,4,2,8,5,1.791759469228055,0,2,0,5,5,4,1.6094379124341003,1,1,4,4,4,1,4,2.0
2,1.0986122886681098,1,2,2,2,2,2,1.0986122886681098,1,2,2,2,2,2,1,5,1.791759469228055,0,2,0,5,5,7,2.0794415416798357,0,1,2,0,7,1,1,6.0
1,0.6931471805599453,0,1,1,1,1,5,1.791759469228055,0,2,0,5,5,0,5,8,2.1972245773362196,1,2,3,1,8,8,2.1972245773362196,1,2,3,1,8,1,4,2.0
7,2.0794415416798357,0,1,2,0,7,6,1.9459101490553132,1,0,1,6,6,1,0,69,4.248495242049359,0,0,4,6,9,48,3.8918202981106265,1,0,3,6,8,1,1,7814.0
5,1.791759469228055,0,2,0,5,5,6,1.9459101490553132,1,0,1,6,6,0,1,57,4.060443010546419,0,0,2,1,7,39,3.6888794541139363,0,0,4,4,9,1,0,1862.0
5,1.791759469228055,0,2,0,5,5,3,1.3862943611198906,0,0,3,3,3,2,3,25,3.258096538021482,0,1,0,4,5,15,2.772588722239781,0,0,0,1,5,1,3,182.0
7,2.0794415416798357,0,1,2,0,7,5,1.791759469228055,0,2,0,5,5,6,5,45,3.828641396489095,0,0,0,3,5,47,3.871201010907891,0,2,2,5,7,1,1,3782.0
2,1.0986122886681098,1,2,2,2,2,3,1.3862943611198906,0,0,3,3,3,0,0,10,2.3978952727983707,1,1,0,3,0,9,2.302585092994046,0,0,4,2,9,1,2,14.0
5,1.791759469228055,0,2,0,5,5,6,1.9459101490553132,1,0,1,6,6,3,1,57,4.060443010546419,0,0,2,1,7,51,3.9512437185814275,0,0,1,2,1,1,0,1862.0
6,1.9459101490553132,1,0,1,6,6,5,1.791759469228055,0,2,0,5,5,6,3,42,3.7612001156935624,1,0,2,0,2,54,4.007333185232471,1,0,4,5,4,1,2,1862.0
1,0.6931471805599453,0,1,1,1,1,4,1.6094379124341003,1,1,4,4,4,6,8,5,1.791759469228055,0,2,0,5,5,6,1.9459101490553132,1,0,1,6,6,1,3,2.0
1,0.6931471805599453,0,1,1,1,1,4,1.6094379124341003,1,1,4,4,4,8,2,8,2.1972245773362196,1,2,3,1,8,8,2.1972245773362196,1,2,3,1,8,1,6,2.0
1,0.6931471805599453,0,1,1,1,1,1,0.6931471805599453,0,1,1,1,1,6,3,1,0.6931471805599453,0,1,1,1,1,2,1.0986122886681098,1,2,2,2,2,1,6,2.0
2,1.0986122886681098,1,2,2,2,2,4,1.6094379124341003,1,1,4,4,4,1,6,15,2.772588722239781,0,0,0,1,5,13,2.6390573296152584,0,1,3,6,3,1,1,30.0
1,0.6931471805599453,0,1,1,1,1,2,1.0986122886681098,1,2,2,2,2,1,5,3,1.3862943611198906,0,0,3,3,3,4,1.6094379124341003,1,1,4,4,4,1,4,2.0
5,1.791759469228055,0,2,0,5,5,3,1.3862943611198906,0,0,3,3,3,0,4,27,3.332204510175204,0,0,2,6,7,16,2.833213344056216,1,1,1,2,6,1,1,182.0
6,1.9459101490553132,1,0,1,6,6,6,1.9459101490553132,1,0,1,6,6,8,7,60,4.110873864173311,1,0,0,4,0,68,4.23410650459726,1,2,3,5,8,2,3,3846.0
3,1.3862943611198906,0,0,3,3,3,2,1.0986122886681098,1,2,2,2,2,8,8,11,2.4849066497880004,0,2,1,4,1,10,2.3978952727983707,1,1,0,3,0,1,1,14.0
2,1.0986122886681098,1,2,2,2,2,4,1.6094379124341003,1,1,4,4,4,7,5,8,2.1972245773362196,1,2,3,1,8,9,2.302585092994046,0,0,4,2,9,1,3,30.0
2,1.0986122886681098,1,2,2,2,2,1,0.6931471805599453,0,1,1,1,1,0,5,2,1.0986122886681098,1,2,2,2,2,3,1.3862943611198906,0,0,3,3,3,1,4,2.0
4,1.6094379124341003,1,1,4,4,4,6,1.9459101490553132,1,0,1,6,6,7,4,40,3.713572066704308,1,1,0,5,0,34,3.5553480614894135,1,1,4,6,4,2,1,870.0
7,2.0794415416798357,0,1,2,0,7,7,2.0794415416798357,0,1,2,0,7,5,0,51,3.9512437185814275,0,0,1,2,1,72,4.290459441148391,1,0,2,2,2,1,1,15878.0
6,1.9459101490553132,1,0,1,6,6,7,2.0794415416798357,0,1,2,0,7,4,8,48,3.8918202981106265,1,0,3,6,8,79,4.382026634673881,0,1,4,2,9,1,1,7814.0
4,1.6094379124341003,1,1,4,4,4,6,1.9459101490553132,1,0,1,6,6,6,2,34,3.5553480614894135,1,1,4,6,4,37,3.6375861597263857,0,1,2,2,7,1,0,870.0
1,0.6931471805599453,0,1,1,1,1,4,1.6094379124341003,1,1,4,4,4,8,3,8,2.1972245773362196,1,2,3,1,8,6,1.9459101490553132,1,0,1,6,6,1,4,2.0
5,1.791759469228055,0,2,0,5,5,4,1.6094379124341003,1,1,4,4,4,3,5,30,3.4339872044851463,1,0,0,2,0,20,3.044522437723423,1,2,0,6,0,1,3,422.0
7,2.0794415416798357,0,1,2,0,7,1,0.6931471805599453,0,1,1,1,1,1,6,11,2.4849066497880004,0,2,1,4,1,13,2.6390573296152584,0,1,3,6,3,1,3,2.0
5,1.791759469228055,0,2,0,5,5,6,1.9459101490553132,1,0,1,6,6,4,2,39,3.6888794541139363,0,0,4,4,9,59,4.0943445622221,0,2,4,3,9,1,0,1862.0
5,1.791759469228055,0,2,0,5,5,6,1.9459101490553132,1,0,1,6,6,2,4,38,3.6635616461296463,1,2,3,3,8,32,3.4965075614664802,1,2,2,4,2,1,0,1862.0
2,1.0986122886681098,1,2,2,2,2,2,1.0986122886681098,1,2,2,2,2,0,3,8,2.1972245773362196,1,2,3,1,8,7,2.0794415416798357,0,1,2,0,7,1,3,6.0
7,2.0794415416798357,0,1,2,0,7,5,1.791759469228055,0,2,0,5,5,5,8,66,4.204692619390966,1,0,1,3,6,43,3.784189633918261,0,1,3,1,3,1,0,3782.0
6,1.9459101490553132,1,0,1,6,6,4,1.6094379124341003,1,1,4,4,4,3,1,43,3.784189633918261,0,1,3,1,3,41,3.7376696182833684,0,2,1,6,1,1,0,870.0
1,0.6931471805599453,0,1,1,1,1,5,1.791759469228055,0,2,0,5,5,5,4,7,2.0794415416798357,0,1,2,0,7,9,2.302585092994046,0,0,4,2,9,1,3,2.0
1,0.6931471805599453,0,1,1,1,1,1,0.6931471805599453,0,1,1,1,1,0,5,2,1.0986122886681098,1,2,2,2,2,2,1.0986122886681098,1,2,2,2,2,1,6,2.0
4,1.6094379124341003,1,1,4,4,4,4,1.6094379124341003,1,1,4,4,4,3,0,27,3.332204510175204,0,0,2,6,7,31,3.4657359027997265,0,1,1,3,1,1,1,198.0
4,1.6094379124341003,1,1,4,4,4,3,1.3862943611198906,0,0,3,3,3,7,4,15,2.772588722239781,0,0,0,1,5,17,2.8903717578961645,0,2,2,3,7,1,1,86.0
7,2.0794415416798357,0,1,2,0,7,5,1.791759469228055,0,2,0,5,5,6,5,60,4.110873864173311,1,0,0,4,0,48,3.8918202981106265,1,0,3,6,8,1,1,3782.0
2,1.0986122886681098,1,2,2,2,2,7,2.0794415416798357,0,1,2,0,7,5,5,27,3.332204510175204,0,0,2,6,7,22,3.1354942159291497,1,1,2,1,2,1,1,254.0
6,1.9459101490553132,1,0,1,6,6,6,1.9459101490553132,1,0,1,6,6,2,4,42,3.7612001156935624,1,0,2,0,2,62,4.143134726391533,1,2,2,6,2,2,3,3846.0
1,0.6931471805599453,0,1,1,1,1,3,1.3862943611198906,0,0,3,3,3,3,0,3,1.3862943611198906,0,0,3,3,3,6,1.9459101490553132,1,0,1,6,6,1,6,2.0
7,2.0794415416798357,0,1,2,0,7,7,2.0794415416798357,0,1,2,0,7,3,5,86,4.465908118654584,1,2,1,2,6,81,4.406719247264253,0,0,1,4,1,1,1,15878.0
4,1.6094379124341003,1,1,4,4,4,5,1.791759469228055,0,2,0,5,5,3,5,40,3.713572066704308,1,1,0,5,0,31,3.4657359027997265,0,1,1,3,1,1,2,422.0
5,1.791759469228055,0,2,0,5,5,6,1.9459101490553132,1,0,1,6,6,5,8,49,3.912023005428146,0,1,4,0,9,32,3.4965075614664802,1,2,2,4,2,1,0,1862.0
1,0.6931471805599453,0,1,1,1,1,7,2.0794415416798357,0,1,2,0,7,6,6,10,2.3978952727983707,1,1,0,3,0,14,2.70805020110221,1,2,4,0,4,1,4,2.0
3,1.3862943611198906,0,0,3,3,3,1,0.6931471805599453,0,1,1,1,1,1,2,4,1.6094379124341003,1,1,4,4,4,5,1.791759469228055,0,2,0,5,5,1,3,2.0
7,2.0794415416798357,0,1,2,0,7,2,1.0986122886681098,1,2,2,2,2,7,2,25,3.258096538021482,0,1,0,4,5,24,3.2188758248682006,1,0,4,3,4,1,1,254.0
5,1.791759469228055,0,2,0,5,5,7,2.0794415416798357,0,1,2,0,7,7,7,39,3.6888794541139363,0,0,4,4,9,59,4.0943445622221,0,2,4,3,9,1,0,3782.0
7,2.0794415416798357,0,1,2,0,7,3,1.3862943611198906,0,0,3,3,3,8,7,26,3.295836866004329,1,2,1,5,6,35,3.58351893845611,0,2,0,0,5,1,1,758.0
5,1.791759469228055,0,2,0,5,5,5,1.791759469228055,0,2,0,5,5,4,8,35,3.58351893845611,0,2,0,0,5,33,3.5263605246161616,0,0,3,5,3,1,3,902.0
7,2.0794415416798357,0,1,2,0,7,7,2.0794415416798357,0,1,2,0,7,5,0,69,4.248495242049359,0,0,4,6,9,91,4.5217885770490405,0,1,1,0,1,1,3,15878.0
1,0.6931471805599453,0,1,1,1,1,5,1.791759469228055,0,2,0,5,5,4,8,10,2.3978952727983707,1,1,0,3,0,6,1.9459101490553132,1,0,1,6,6,1,4,2.0
4,1.6094379124341003,1,1,4,4,4,3,1.3862943611198906,0,0,3,3,3,7,5,16,2.833213344056216,1,1,1,2,6,17,2.8903717578961645,0,2,2,3,7,1,1,86.0
4,1.6094379124341003,1,1,4,4,4,5,1.791759469228055,0,2,0,5,5,1,2,20,3.044522437723423,1,2,0,6,0,37,3.6375861597263857,0,1,2,2,7,1,2,422.0
5,1.791759469228055,0,2,0,5,5,5,1.791759469228055,0,2,0,5,5,7,1,49,3.912023005428146,0,1,4,0,9,38,3.6635616461296463,1,2,3,3,8,1,1,902.0
1,0.6931471805599453,0,1,1,1,1,5,1.791759469228055,0,2,0,5,5,1,1,5,1.791759469228055,0,2,0,5,5,8,2.1972245773362196,1,2,3,1,8,1,4,2.0
3,1.3862943611198906,0,0,3,3,3,3,1.3862943611198906,0,0,3,3,3,4,5,15,2.772588722239781,0,0,0,1,5,10,2.3978952727983707,1,1,0,3,0,1,3,38.0
1,0.6931471805599453,0,1,1,1,1,1,0.6931471805599453,0,1,1,1,1,8,0,1,0.6931471805599453,0,1,1,1,1,2,1.0986122886681098,1,2,2,2,2,1,6,2.0
1,0.6931471805599453,0,1,1,1,1,6,1.9459101490553132,1,0,1,6,6,6,1,6,1.9459101490553132,1,0,1,6,6,8,2.1972245773362196,1,2,3,1,8,1,4,2.0
3,1.3862943611198906,0,0,3,3,3,2,1.0986122886681098,1,2,2,2,2,1,3,12,2.5649493574615367,1,0,2,5,2,9,2.302585092994046,0,0,4,2,9,1,3,14.0
3,1.3862943611198906,0,0,3,3,3,3,1.3862943611198906,0,0,3,3,3,6,2,14,2.70805020110221,1,2,4,0,4,15,2.772588722239781,0,0,0,1,5,1,3,38.0
5,1.791759469228055,0,2,0,5,5,1,0.6931471805599453,0,1,1,1,1,0,3,7,2.0794415416798357,0,1,2,0,7,5,1.791759469228055,0,2,0,5,5,1,4,2.0
7,2.0794415416798357,0,1,2,0,7,1,0.6931471805599453,0,1,1,1,1,2,3,8,2.1972245773362196,1,2,3,1,8,13,2.6390573296152584,0,1,3,6,3,1,3,2.0
4,1.6094379124341003,1,1,4,4,4,6,1.9459101490553132,1,0,1,6,6,8,1,29,3.4011973816621555,0,2,4,1,9,26,3.295836866004329,1,2,1,5,6,1,0,870.0
7,2.0794415416798357,0,1,2,0,7,7,2.0794415416798357,0,1,2,0,7,4,5,73,4.30406509320417,0,1,3,3,3,86,4.465908118654584,1,2,1,2,6,1,1,15878.0
5,1.791759469228055,0,2,0,5,5,5,1.791759469228055,0,2,0,5,5,5,5,40,3.713572066704308,1,1,0,5,0,29,3.4011973816621555,0,2,4,1,9,1,3,902.0
7,2.0794415416798357,0,1,2,0,7,2,1.0986122886681098,1,2,2,2,2,2,1,26,3.295836866004329,1,2,1,5,6,19,2.995732273553991,0,1,4,5,9,1,1,254.0
6,1.9459101490553132,1,0,1,6,6,1,0.6931471805599453,0,1,1,1,1,2,6,6,1.9459101490553132,1,0,1,6,6,10,2.3978952727983707,1,1,0,3,0,1,4,2.0
4,1.6094379124341003,1,1,4,4,4,6,1.9459101490553132,1,0,1,6,6,5,3,33,3.5263605246161616,0,0,3,5,3,37,3.6375861597263857,0,1,2,2,7,1,0,870.0
7,2.0794415416798357,0,1,2,0,7,4,1.6094379124341003,1,1,4,4,4,3,7,38,3.6635616461296463,1,2,3,3,8,38,3.6635616461296463,1,2,3,3,8,1,1,1766.0
1,0.6931471805599453,0,1,1,1,1,3,1.3862943611198906,0,0,3,3,3,7,6,6,1.9459101490553132,1,0,1,6,6,4,1.6094379124341003,1,1,4,4,4,1,4,2.0
7,2.0794415416798357,0,1,2,0,7,2,1.0986122886681098,1,2,2,2,2,4,1,15,2.772588722239781,0,0,0,1,5,25,3.258096538021482,0,1,0,4,5,1,0,254.0
7,2.0794415416798357,0,1,2,0,7,6,1.9459101490553132,1,0,1,6,6,7,4,53,3.9889840465642745,0,2,3,4,3,45,3.828641396489095,0,0,0,3,5,1,0,7814.0
1,0.6931471805599453,0,1,1,1,1,5,1.791759469228055,0,2,0,5,5,6,3,8,2.1972245773362196,1,2,3,1,8,10,2.3978952727983707,1,1,0,3,0,1,4,2.0
4,1.6094379124341003,1,1,4,4,4,7,2.0794415416798357,0,1,2,0,7,2,6,49,3.912023005428146,0,1,4,0,9,56,4.04305126783455,1,2,1,0,6,1,3,1766.0
7,2.0794415416798357,0,1,2,0,7,1,0.6931471805599453,0,1,1,1,1,8,0,8,2.1972245773362196,1,2,3,1,8,9,2.302585092994046,0,0,4,2,9,1,3,2.0
6,1.9459101490553132,1,0,1,6,6,4,1.6094379124341003,1,1,4,4,4,5,5,47,3.871201010907891,0,2,2,5,7,27,3.332204510175204,0,0,2,6,7,1,0,870.0
1,0.6931471805599453,0,1,1,1,1,4,1.6094379124341003,1,1,4,4,4,3,3,5,1.791759469228055,0,2,0,5,5,8,2.1972245773362196,1,2,3,1,8,1,4,2.0
5,1.791759469228055,0,2,0,5,5,3,1.3862943611198906,0,0,3,3,3,5,8,27,3.332204510175204,0,0,2,6,7,24,3.2188758248682006,1,0,4,3,4,1,2,182.0
7,2.0794415416798357,0,1,2,0,7,6,1.9459101490553132,1,0,1,6,6,6,7,47,3.871201010907891,0,2,2,5,7,62,4.143134726391533,1,2,2,6,2,1,0,7814.0
1,0.6931471805599453,0,1,1,1,1,1,0.6931471805599453,0,1,1,1,1,2,1,1,0.6931471805599453,0,1,1,1,1,2,1.0986122886681098,1,2,2,2,2,1,6,2.0
6,1.9459101490553132,1,0,1,6,6,6,1.9459101490553132,1,0,1,6,6,7,8,64,4.174387269895637,1,1,4,1,4,54,4.007333185232471,1,0,4,5,4,2,3,3846.0
6,1.9459101490553132,1,0,1,6,6,4,1.6094379124341003,1,1,4,4,4,3,2,38,3.6635616461296463,1,2,3,3,8,26,3.295836866004329,1,2,1,5,6,2,0,870.0
5,1.791759469228055,0,2,0,5,5,5,1.791759469228055,0,2,0,5,5,7,2,47,3.871201010907891,0,2,2,5,7,37,3.6375861597263857,0,1,2,2,7,1,1,902.0
7,2.0794415416798357,0,1,2,0,7,6,1.9459101490553132,1,0,1,6,6,5,7,49,3.912023005428146,0,1,4,0,9,48,3.8918202981106265,1,0,3,6,8,1,2,7814.0
5,1.791759469228055,0,2,0,5,5,7,2.0794415416798357,0,1,2,0,7,5,6,54,4.007333185232471,1,0,4,5,4,47,3.871201010907891,0,2,2,5,7,1,0,3782.0
1,0.6931471805599453,0,1,1,1,1,6,1.9459101490553132,1,0,1,6,6,8,0,6,1.9459101490553132,1,0,1,6,6,7,2.0794415416798357,0,1,2,0,7,1,4,2.0
6,1.9459101490553132,1,0,1,6,6,5,1.791759469228055,0,2,0,5,5,4,0,30,3.4339872044851463,1,0,0,2,0,45,3.828641396489095,0,0,0,3,5,1,3,1862.0
2,1.0986122886681098,1,2,2,2,2,2,1.0986122886681098,1,2,2,2,2,7,7,4,1.6094379124341003,1,1,4,4,4,7,2.0794415416798357,0,1,2,0,7,1,3,6.0
7,2.0794415416798357,0,1,2,0,7,5,1.791759469228055,0,2,0,5,5,1,0,60,4.110873864173311,1,0,0,4,0,63,4.1588830833596715,0,0,3,0,3,1,2,3782.0
5,1.791759469228055,0,2,0,5,5,1,0.6931471805599453,0,1,1,1,1,8,6,7,2.0794415416798357,0,1,2,0,7,7,2.0794415416798357,0,1,2,0,7,1,4,2.0
2,1.0986122886681098,1,2,2,2,2,3,1.3862943611198906,0,0,3,3,3,0,3,6,1.9459101490553132,1,0,1,6,6,12,2.5649493574615367,1,0,2,5,2,1,5,14.0
6,1.9459101490553132,1,0,1,6,6,5,1.791759469228055,0,2,0,5,5,0,3,34,3.5553480614894135,1,1,4,6,4,46,3.8501476017100584,1,1,1,4,6,1,0,1862.0
6,1.9459101490553132,1,0,1,6,6,6,1.9459101490553132,1,0,1,6,6,1,1,58,4.07753744390572,1,1,3,2,8,45,3.828641396489095,0,0,0,3,5,1,1,3846.0
2,1.0986122886681098,1,2,2,2,2,2,1.0986122886681098,1,2,2,2,2,2,3,5,1.791759469228055,0,2,0,5,5,6,1.9459101490553132,1,0,1,6,6,1,3,6.0
1,0.6931471805599453,0,1,1,1,1,1,0.6931471805599453,0,1,1,1,1,3,2,2,1.0986122886681098,1,2,2,2,2,2,1.0986122886681098,1,2,2,2,2,1,6,2.0
4,1.6094379124341003,1,1,4,4,4,3,1.3862943611198906,0,0,3,3,3,2,0,16,2.833213344056216,1,1,1,2,6,14,2.70805020110221,1,2,4,0,4,1,1,86.0
6,1.9459101490553132,1,0,1,6,6,7,2.0794415416798357,0,1,2,0,7,3,5,64,4.174387269895637,1,1,4,1,4,47,3.871201010907891,0,2,2,5,7,1,0,7814.0
3,1.3862943611198906,0,0,3,3,3,3,1.3862943611198906,0,0,3,3,3,7,0,12,2.5649493574615367,1,0,2,5,2,9,2.302585092994046,0,0,4,2,9,3,5,38.0
4,1.6094379124341003,1,1,4,4,4,7,2.0794415416798357,0,1,2,0,7,8,6,51,3.9512437185814275,0,0,1,2,1,54,4.007333185232471,1,0,4,5,4,1,0,1766.0
6,1.9459101490553132,1,0,1,6,6,1,0.6931471805599453,0,1,1,1,1,0,1,9,2.302585092994046,0,0,4,2,9,7,2.0794415416798357,0,1,2,0,7,1,3,2.0
7,2.0794415416798357,0,1,2,0,7,4,1.6094379124341003,1,1,4,4,4,6,7,39,3.6888794541139363,0,0,4,4,9,37,3.6375861597263857,0,1,2,2,7,1,0,1766.0
3,1.3862943611198906,0,0,3,3,3,7,2.0794415416798357,0,1,2,0,7,1,1,38,3.6635616461296463,1,2,3,3,8,38,3.6635616461296463,1,2,3,3,8,1,1,758.0
6,1.9459101490553132,1,0,1,6,6,4,1.6094379124341003,1,1,4,4,4,0,3,32,3.4965075614664802,1,2,2,4,2,24,3.2188758248682006,1,0,4,3,4,2,3,870.0
5,1.791759469228055,0,2,0,5,5,3,1.3862943611198906,0,0,3,3,3,4,8,27,3.332204510175204,0,0,2,6,7,27,3.332204510175204,0,0,2,6,7,1,3,182.0
4,1.6094379124341003,1,1,4,4,4,7,2.0794415416798357,0,1,2,0,7,7,8,48,3.8918202981106265,1,0,3,6,8,56,4.04305126783455,1,2,1,0,6,1,3,1766.0
7,2.0794415416798357,0,1,2,0,7,6,1.9459101490553132,1,0,1,6,6,5,3,51,3.9512437185814275,0,0,1,2,1,81,4.406719247264253,0,0,1,4,1,1,0,7814.0
1,0.6931471805599453,0,1,1,1,1,7,2.0794415416798357,0,1,2,0,7,4,4,10,2.3978952727983707,1,1,0,3,0,13,2.6390573296152584,0,1,3,6,3,1,3,2.0
5,1.791759469228055,0,2,0,5,5,1,0.6931471805599453,0,1,1,1,1,6,5,8,2.1972245773362196,1,2,3,1,8,5,1.791759469228055,0,2,0,5,5,1,4,2.0
5,1.791759469228055,0,2,0,5,5,5,1.791759469228055,0,2,0,5,5,7,2,26,3.295836866004329,1,2,1,5,6,31,3.4657359027997265,0,1,1,3,1,1,1,902.0
5,1.791759469228055,0,2,0,5,5,3,1.3862943611198906,0,0,3,3,3,2,2,24,3.2188758248682006,1,0,4,3,4,29,3.4011973816621555,0,2,4,1,9,1,1,182.0
6,1.9459101490553132,1,0,1,6,6,4,1.6094379124341003,1,1,4,4,4,7,8,43,3.784189633918261,0,1,3,1,3,28,3.367295829986474,1,1,3,0,8,1,1,870.0
4,1.6094379124341003,1,1,4,4,4,5,1.791759469228055,0,2,0,5,5,7,4,36,3.6109179126442243,1,0,1,1,6,32,3.4965075614664802,1,2,2,4,2,1,2,422.0
7,2.0794415416798357,0,1,2,0,7,7,2.0794415416798357,0,1,2,0,7,8,4,73,4.30406509320417,0,1,3,3,3,80,4.394449154672439,1,2,0,3,0,1,1,15878.0
3,1.3862943611198906,0,0,3,3,3,3,1.3862943611198906,0,0,3,3,3,2,3,15,2.772588722239781,0,0,0,1,5,12,2.5649493574615367,1,0,2,5,2,3,5,38.0
4,1.6094379124341003,1,1,4,4,4,4,1.6094379124341003,1,1,4,4,4,6,3,21,3.091042453358316,0,0,1,0,1,31,3.4657359027997265,0,1,1,3,1,1,1,198.0
2,1.0986122886681098,1,2,2,2,2,7,2.0794415416798357,0,1,2,0,7,7,5,22,3.1354942159291497,1,1,2,1,2,21,3.091042453358316,0,0,1,0,1,1,2,254.0
2,1.0986122886681098,1,2,2,2,2,6,1.9459101490553132,1,0,1,6,6,8,2,13,2.6390573296152584,0,1,3,6,3,13,2.6390573296152584,0,1,3,6,3,1,2,126.0
6,1.9459101490553132,1,0,1,6,6,5,1.791759469228055,0,2,0,5,5,4,5,58,4.07753744390572,1,1,3,2,8,41,3.7376696182833684,0,2,1,6,1,1,0,1862.0
4,1.6094379124341003,1,1,4,4,4,3,1.3862943611198906,0,0,3,3,3,0,0,12,2.5649493574615367,1,0,2,5,2,16,2.833213344056216,1,1,1,2,6,1,3,86.0
4,1.6094379124341003,1,1,4,4,4,5,1.791759469228055,0,2,0,5,5,1,5,40,3.713572066704308,1,1,0,5,0,23,3.1780538303479458,0,2,3,2,3,1,2,422.0
5,1.791759469228055,0,2,0,5,5,3,1.3862943611198906,0,0,3,3,3,5,7,19,2.995732273553991,0,1,4,5,9,16,2.833213344056216,1,1,1,2,6,1,0,182.0
6,1.9459101490553132,1,0,1,6,6,5,1.791759469228055,0,2,0,5,5,1,7,48,3.8918202981106265,1,0,3,6,8,48,3.8918202981106265,1,0,3,6,8,1,3,1862.0
2,1.0986122886681098,1,2,2,2,2,6,1.9459101490553132,1,0,1,6,6,7,7,21,3.091042453358316,0,0,1,0,1,23,3.1780538303479458,0,2,3,2,3,1,1,126.0
3,1.3862943611198906,0,0,3,3,3,1,0.6931471805599453,0,1,1,1,1,4,4,4,1.6094379124341003,1,1,4,4,4,4,1.6094379124341003,1,1,4,4,4,1,4,2.0
2,1.0986122886681098,1,2,2,2,2,4,1.6094379124341003,1,1,4,4,4,7,8,8,2.1972245773362196,1,2,3,1,8,11,2.4849066497880004,0,2,1,4,1,1,3,30.0
5,1.791759469228055,0,2,0,5,5,5,1.791759469228055,0,2,0,5,5,4,2,25,3.258096538021482,0,1,0,4,5,49,3.912023005428146,0,1,4,0,9,1,3,902.0
7,2.0794415416798357,0,1,2,0,7,3,1.3862943611198906,0,0,3,3,3,7,2,33,3.5263605246161616,0,0,3,5,3,36,3.6109179126442243,1,0,1,1,6,1,2,758.0
7,2.0794415416798357,0,1,2,0,7,3,1.3862943611198906,0,0,3,3,3,4,5,40,3.713572066704308,1,1,0,5,0,30,3.4339872044851463,1,0,0,2,0,1,1,758.0
6,1.9459101490553132,1,0,1,6,6,5,1.791759469228055,0,2,0,5,5,4,1,42,3.7612001156935624,1,0,2,0,2,53,3.9889840465642745,0,2,3,4,3,1,1,1862.0
2,1.0986122886681098,1,2,2,2,2,6,1.9459101490553132,1,0,1,6,6,4,3,16,2.833213344056216,1,1,1,2,6,19,2.995732273553991,0,1,4,5,9,1,2,126.0
3,1.3862943611198906,0,0,3,3,3,5,1.791759469228055,0,2,0,5,5,7,0,27,3.332204510175204,0,0,2,6,7,16,2.833213344056216,1,1,1,2,6,1,1,182.0
7,2.0794415416798357,0,1,2,0,7,7,2.0794415416798357,0,1,2,0,7,3,2,97,4.584967478670572,0,1,2,6,7,96,4.574710978503383,1,0,1,5,6,1,1,15878.0
5,1.791759469228055,0,2,0,5,5,4,1.6094379124341003,1,1,4,4,4,5,4,34,3.5553480614894135,1,1,4,6,4,38,3.6635616461296463,1,2,3,3,8,1,0,422.0
4,1.6094379124341003,1,1,4,4,4,7,2.0794415416798357,0,1,2,0,7,4,3,33,3.5263605246161616,0,0,3,5,3,43,3.784189633918261,0,1,3,1,3,1,0,1766.0
4,1.6094379124341003,1,1,4,4,4,5,1.791759469228055,0,2,0,5,5,7,1,26,3.295836866004329,1,2,1,5,6,27,3.332204510175204,0,0,2,6,7,1,0,422.0
6,1.9459101490553132,1,0,1,6,6,6,1.9459101490553132,1,0,1,6,6,6,2,48,3.8918202981106265,1,0,3,6,8,70,4.2626798770413155,1,1,0,0,0,2,3,3846.0
3,1.3862943611198906,0,0,3,3,3,3,1.3862943611198906,0,0,3,3,3,5,7,9,2.302585092994046,0,0,4,2,9,17,2.8903717578961645,0,2,2,3,7,1,3,38.0
2,1.0986122886681098,1,2,2,2,2,5,1.791759469228055,0,2,0,5,5,0,0,13,2.6390573296152584,0,1,3,6,3,18,2.9444389791664403,1,0,3,4,8,1,1,62.0
4,1.6094379124341003,1,1,4,4,4,3,1.3862943611198906,0,0,3,3,3,4,8,21,3.091042453358316,0,0,1,0,1,17,2.8903717578961645,0,2,2,3,7,1,1,86.0
1,0.6931471805599453,0,1,1,1,1,5,1.791759469228055,0,2,0,5,5,0,5,9,2.302585092994046,0,0,4,2,9,10,2.3978952727983707,1,1,0,3,0,1,4,2.0
7,2.0794415416798357,0,1,2,0,7,1,0.6931471805599453,0,1,1,1,1,4,2,8,2.1972245773362196,1,2,3,1,8,14,2.70805020110221,1,2,4,0,4,1,4,2.0
7,2.0794415416798357,0,1,2,0,7,3,1.3862943611198906,0,0,3,3,3,7,1,22,3.1354942159291497,1,1,2,1,2,31,3.4657359027997265,0,1,1,3,1,1,0,758.0
6,1.9459101490553132,1,0,1,6,6,7,2.0794415416798357,0,1,2,0,7,3,7,49,3.912023005428146,0,1,4,0,9,47,3.871201010907891,0,2,2,5,7,1,1,7814.0
5,1.791759469228055,0,2,0,5,5,2,1.0986122886681098,1,2,2,2,2,5,6,10,2.3978952727983707,1,1,0,3,0,17,2.8903717578961645,0,2,2,3,7,1,2,62.0
7,2.0794415416798357,0,1,2,0,7,4,1.6094379124341003,1,1,4,4,4,4,7,51,3.9512437185814275,0,0,1,2,1,43,3.784189633918261,0,1,3,1,3,1,0,1766.0
5,1.791759469228055,0,2,0,5,5,7,2.0794415416798357,0,1,2,0,7,0,8,59,4.0943445622221,0,2,4,3,9,64,4.174387269895637,1,1,4,1,4,1,0,3782.0
6,1.9459101490553132,1,0,1,6,6,1,0.6931471805599453,0,1,1,1,1,5,6,9,2.302585092994046,0,0,4,2,9,6,1.9459101490553132,1,0,1,6,6,1,4,2.0
4,1.6094379124341003,1,1,4,4,4,6,1.9459101490553132,1,0,1,6,6,2,1,41,3.7376696182833684,0,2,1,6,1,42,3.7612001156935624,1,0,2,0,2,1,1,870.0
5,1.791759469228055,0,2,0,5,5,2,1.0986122886681098,1,2,2,2,2,4,8,18,2.9444389791664403,1,0,3,4,8,18,2.9444389791664403,1,0,3,4,8,1,3,62.0
5,1.791759469228055,0,2,0,5,5,2,1.0986122886681098,1,2,2,2,2,6,6,10,2.3978952727983707,1,1,0,3,0,19,2.995732273553991,0,1,4,5,9,1,2,62.0
4,1.6094379124341003,1,1,4,4,4,1,0.6931471805599453,0,1,1,1,1,0,7,4,1.6094379124341003,1,1,4,4,4,8,2.1972245773362196,1,2,3,1,8,1,6,2.0
6,1.9459101490553132,1,0,1,6,6,1,0.6931471805599453,0,1,1,1,1,1,3,6,1.9459101490553132,1,0,1,6,6,10,2.3978952727983707,1,1,0,3,0,1,4,2.0
6,1.9459101490553132,1,0,1,6,6,3,1.3862943611198906,0,0,3,3,3,7,1,33,3.5263605246161616,0,0,3,5,3,20,3.044522437723423,1,2,0,6,0,1,2,374.0
5,1.791759469228055,0,2,0,5,5,3,1.3862943611198906,0,0,3,3,3,4,8,18,2.9444389791664403,1,0,3,4,8,30,3.4339872044851463,1,0,0,2,0,1,3,182.0
3,1.3862943611198906,0,0,3,3,3,1,0.6931471805599453,0,1,1,1,1,6,6,3,1.3862943611198906,0,0,3,3,3,4,1.6094379124341003,1,1,4,4,4,1,4,2.0
7,2.0794415416798357,0,1,2,0,7,1,0.6931471805599453,0,1,1,1,1,3,6,8,2.1972245773362196,1,2,3,1,8,10,2.3978952727983707,1,1,0,3,0,1,3,2.0
3,1.3862943611198906,0,0,3,3,3,4,1.6094379124341003,1,1,4,4,4,5,8,15,2.772588722239781,0,0,0,1,5,21,3.091042453358316,0,0,1,0,1,1,2,86.0
5,1.791759469228055,0,2,0,5,5,6,1.9459101490553132,1,0,1,6,6,1,2,53,3.9889840465642745,0,2,3,4,3,40,3.713572066704308,1,1,0,5,0,1,1,1862.0
7,2.0794415416798357,0,1,2,0,7,2,1.0986122886681098,1,2,2,2,2,7,8,24,3.2188758248682006,1,0,4,3,4,21,3.091042453358316,0,0,1,0,1,1,2,254.0
3,1.3862943611198906,0,0,3,3,3,3,1.3862943611198906,0,0,3,3,3,1,1,15,2.772588722239781,0,0,0,1,5,13,2.6390573296152584,0,1,3,6,3,1,3,38.0
1,0.6931471805599453,0,1,1,1,1,2,1.0986122886681098,1,2,2,2,2,7,8,3,1.3862943611198906,0,0,3,3,3,4,1.6094379124341003,1,1,4,4,4,1,4,2.0
5,1.791759469228055,0,2,0,5,5,6,1.9459101490553132,1,0,1,6,6,1,1,42,3.7612001156935624,1,0,2,0,2,51,3.9512437185814275,0,0,1,2,1,1,1,1862.0
6,1.9459101490553132,1,0,1,6,6,4,1.6094379124341003,1,1,4,4,4,5,7,38,3.6635616461296463,1,2,3,3,8,24,3.2188758248682006,1,0,4,3,4,2,2,870.0
5,1.791759469228055,0,2,0,5,5,2,1.0986122886681098,1,2,2,2,2,0,4,10,2.3978952727983707,1,1,0,3,0,16,2.833213344056216,1,1,1,2,6,1,3,62.0
5,1.791759469228055,0,2,0,5,5,7,2.0794415416798357,0,1,2,0,7,3,3,69,4.248495242049359,0,0,4,6,9,62,4.143134726391533,1,2,2,6,2,1,0,3782.0
4,1.6094379124341003,1,1,4,4,4,7,2.0794415416798357,0,1,2,0,7,5,5,33,3.5263605246161616,0,0,3,5,3,32,3.4965075614664802,1,2,2,4,2,1,1,1766.0
2,1.0986122886681098,1,2,2,2,2,3,1.3862943611198906,0,0,3,3,3,8,6,10,2.3978952727983707,1,1,0,3,0,8,2.1972245773362196,1,2,3,1,8,1,2,14.0
4,1.6094379124341003,1,1,4,4,4,6,1.9459101490553132,1,0,1,6,6,8,1,48,3.8918202981106265,1,0,3,6,8,24,3.2188758248682006,1,0,4,3,4,2,5,870.0
6,1.9459101490553132,1,0,1,6,6,2,1.0986122886681098,1,2,2,2,2,3,2,22,3.1354942159291497,1,1,2,1,2,23,3.1780538303479458,0,2,3,2,3,1,2,126.0
1,0.6931471805599453,0,1,1,1,1,2,1.0986122886681098,1,2,2,2,2,6,3,2,1.0986122886681098,1,2,2,2,2,4,1.6094379124341003,1,1,4,4,4,1,6,2.0
7,2.0794415416798357,0,1,2,0,7,4,1.6094379124341003,1,1,4,4,4,6,7,49,3.912023005428146,0,1,4,0,9,53,3.9889840465642745,0,2,3,4,3,1,1,1766.0
7,2.0794415416798357,0,1,2,0,7,3,1.3862943611198906,0,0,3,3,3,6,1,42,3.7612001156935624,1,0,2,0,2,26,3.295836866004329,1,2,1,5,6,1,2,758.0
3,1.3862943611198906,0,0,3,3,3,2,1.0986122886681098,1,2,2,2,2,3,0,11,2.4849066497880004,0,2,1,4,1,10,2.3978952727983707,1,1,0,3,0,1,1,14.0
2,1.0986122886681098,1,2,2,2,2,1,0.6931471805599453,0,1,1,1,1,0,7,4,1.6094379124341003,1,1,4,4,4,2,1.0986122886681098,1,2,2,2,2,1,6,2.0
5,1.791759469228055,0,2,0,5,5,6,1.9459101490553132,1,0,1,6,6,3,2,49,3.912023005428146,0,1,4,0,9,55,4.02535169073515,0,1,0,6,5,1,1,1862.0
3,1.3862943611198906,0,0,3,3,3,5,1.791759469228055,0,2,0,5,5,7,4,30,3.4339872044851463,1,0,0,2,0,24,3.2188758248682006,1,0,4,3,4,1,3,182.0
2,1.0986122886681098,1,2,2,2,2,4,1.6094379124341003,1,1,4,4,4,4,3,9,2.302585092994046,0,0,4,2,9,12,2.5649493574615367,1,0,2,5,2,1,3,30.0
3,1.3862943611198906,0,0,3,3,3,5,1.791759469228055,0,2,0,5,5,6,3,26,3.295836866004329,1,2,1,5,6,30,3.4339872044851463,1,0,0,2,0,1,2,182.0
2,1.0986122886681098,1,2,2,2,2,6,1.9459101490553132,1,0,1,6,6,7,0,19,2.995732273553991,0,1,4,5,9,16,2.833213344056216,1,1,1,2,6,1,2,126.0
6,1.9459101490553132,1,0,1,6,6,4,1.6094379124341003,1,1,4,4,4,5,4,44,3.8066624897703196,1,2,4,2,4,38,3.6635616461296463,1,2,3,3,8,2,1,870.0
4,1.6094379124341003,1,1,4,4,4,6,1.9459101490553132,1,0,1,6,6,5,3,30,3.4339872044851463,1,0,0,2,0,27,3.332204510175204,0,0,2,6,7,1,1,870.0
6,1.9459101490553132,1,0,1,6,6,2,1.0986122886681098,1,2,2,2,2,4,8,21,3.091042453358316,0,0,1,0,1,20,3.044522437723423,1,2,0,6,0,1,2,126.0
4,1.6094379124341003,1,1,4,4,4,2,1.0986122886681098,1,2,2,2,2,0,4,9,2.302585092994046,0,0,4,2,9,13,2.6390573296152584,0,1,3,6,3,1,1,30.0
2,1.0986122886681098,1,2,2,2,2,4,1.6094379124341003,1,1,4,4,4,0,7,8,2.1972245773362196,1,2,3,1,8,15,2.772588722239781,0,0,0,1,5,1,3,30.0
5,1.791759469228055,0,2,0,5,5,3,1.3862943611198906,0,0,3,3,3,0,0,15,2.772588722239781,0,0,0,1,5,23,3.1780538303479458,0,2,3,2,3,1,2,182.0
2,1.0986122886681098,1,2,2,2,2,2,1.0986122886681098,1,2,2,2,2,6,6,6,1.9459101490553132,1,0,1,6,6,6,1.9459101490553132,1,0,1,6,6,2,6,6.0
1,0.6931471805599453,0,1,1,1,1,6,1.9459101490553132,1,0,1,6,6,1,1,10,2.3978952727983707,1,1,0,3,0,9,2.302585092994046,0,0,4,2,9,1,3,2.0
6,1.9459101490553132,1,0,1,6,6,2,1.0986122886681098,1,2,2,2,2,4,8,22,3.1354942159291497,1,1,2,1,2,13,2.6390573296152584,0,1,3,6,3,1,2,126.0
6,1.9459101490553132,1,0,1,6,6,3,1.3862943611198906,0,0,3,3,3,7,8,33,3.5263605246161616,0,0,3,5,3,29,3.4011973816621555,0,2,4,1,9,1,2,374.0
6,1.9459101490553132,1,0,1,6,6,6,1.9459101490553132,1,0,1,6,6,7,2,63,4.1588830833596715,0,0,3,0,3,46,3.8501476017100584,1,1,1,4,6,1,1,3846.0
4,1.6094379124341003,1,1,4,4,4,3,1.3862943611198906,0,0,3,3,3,2,8,21,3.091042453358316,0,0,1,0,1,21,3.091042453358316,0,0,1,0,1,1,3,86.0
4,1.6094379124341003,1,1,4,4,4,3,1.3862943611198906,0,0,3,3,3,8,8,19,2.995732273553991,0,1,4,5,9,19,2.995732273553991,0,1,4,5,9,1,1,86.0
7,2.0794415416798357,0,1,2,0,7,1,0.6931471805599453,0,1,1,1,1,2,2,10,2.3978952727983707,1,1,0,3,0,8,2.1972245773362196,1,2,3,1,8,1,3,2.0
3,1.3862943611198906,0,0,3,3,3,4,1.6094379124341003,1,1,4,4,4,3,2,21,3.091042453358316,0,0,1,0,1,23,3.1780538303479458,0,2,3,2,3,1,1,86.0
7,2.0794415416798357,0,1,2,0,7,6,1.9459101490553132,1,0,1,6,6,6,3,60,4.110873864173311,1,0,0,4,0,71,4.276666119016055,0,2,1,1,1,1,1,7814.0
2,1.0986122886681098,1,2,2,2,2,7,2.0794415416798357,0,1,2,0,7,6,1,22,3.1354942159291497,1,1,2,1,2,14,2.70805020110221,1,2,4,0,4,1,3,254.0
5,1.791759469228055,0,2,0,5,5,1,0.6931471805599453,0,1,1,1,1,4,5,9,2.302585092994046,0,0,4,2,9,10,2.3978952727983707,1,1,0,3,0,1,4,2.0
3,1.3862943611198906,0,0,3,3,3,6,1.9459101490553132,1,0,1,6,6,4,8,21,3.091042453358316,0,0,1,0,1,26,3.295836866004329,1,2,1,5,6,1,2,374.0
1,0.6931471805599453,0,1,1,1,1,5,1.791759469228055,0,2,0,5,5,4,3,6,1.9459101490553132,1,0,1,6,6,10,2.3978952727983707,1,1,0,3,0,1,4,2.0
5,1.791759469228055,0,2,0,5,5,6,1.9459101490553132,1,0,1,6,6,1,2,34,3.5553480614894135,1,1,4,6,4,47,3.871201010907891,0,2,2,5,7,1,0,1862.0
6,1.9459101490553132,1,0,1,6,6,6,1.9459101490553132,1,0,1,6,6,3,2,41,3.7376696182833684,0,2,1,6,1,44,3.8066624897703196,1,2,4,2,4,1,1,3846.0
2,1.0986122886681098,1,2,2,2,2,5,1.791759469228055,0,2,0,5,5,3,1,20,3.044522437723423,1,2,0,6,0,11,2.4849066497880004,0,2,1,4,1,1,2,62.0
4,1.6094379124341003,1,1,4,4,4,7,2.0794415416798357,0,1,2,0,7,6,5,36,3.6109179126442243,1,0,1,1,6,52,3.970291913552122,1,1,2,3,2,1,2,1766.0
3,1.3862943611198906,0,0,3,3,3,4,1.6094379124341003,1,1,4,4,4,4,8,17,2.8903717578961645,0,2,2,3,7,21,3.091042453358316,0,0,1,0,1,1,1,86.0
2,1.0986122886681098,1,2,2,2,2,5,1.791759469228055,0,2,0,5,5,4,7,17,2.8903717578961645,0,2,2,3,7,17,2.8903717578961645,0,2,2,3,7,1,1,62.0
1,0.6931471805599453,0,1,1,1,1,4,1.6094379124341003,1,1,4,4,4,3,7,4,1.6094379124341003,1,1,4,4,4,8,2.1972245773362196,1,2,3,1,8,1,6,2.0
2,1.0986122886681098,1,2,2,2,2,3,1.3862943611198906,0,0,3,3,3,3,0,9,2.302585092994046,0,0,4,2,9,7,2.0794415416798357,0,1,2,0,7,1,1,14.0
1,0.6931471805599453,0,1,1,1,1,4,1.6094379124341003,1,1,4,4,4,4,8,4,1.6094379124341003,1,1,4,4,4,8,2.1972245773362196,1,2,3,1,8,1,6,2.0
1,0.6931471805599453,0,1,1,1,1,3,1.3862943611198906,0,0,3,3,3,7,7,3,1.3862943611198906,0,0,3,3,3,5,1.791759469228055,0,2,0,5,5,1,4,2.0
5,1.791759469228055,0,2,0,5,5,3,1.3862943611198906,0,0,3,3,3,0,0,15,2.772588722239781,0,0,0,1,5,15,2.772588722239781,0,0,0,1,5,1,5,182.0
3,1.3862943611198906,0,0,3,3,3,1,0.6931471805599453,0,1,1,1,1,8,6,4,1.6094379124341003,1,1,4,4,4,5,1.791759469228055,0,2,0,5,5,1,3,2.0
6,1.9459101490553132,1,0,1,6,6,7,2.0794415416798357,0,1,2,0,7,3,6,69,4.248495242049359,0,0,4,6,9,72,4.290459441148391,1,0,2,2,2,1,1,7814.0
3,1.3862943611198906,0,0,3,3,3,6,1.9459101490553132,1,0,1,6,6,7,5,19,2.995732273553991,0,1,4,5,9,20,3.044522437723423,1,2,0,6,0,1,1,374.0
4,1.6094379124341003,1,1,4,4,4,4,1.6094379124341003,1,1,4,4,4,3,7,16,2.833213344056216,1,1,1,2,6,16,2.833213344056216,1,1,1,2,6,4,6,198.0
3,1.3862943611198906,0,0,3,3,3,7,2.0794415416798357,0,1,2,0,7,4,2,37,3.6375861597263857,0,1,2,2,7,35,3.58351893845611,0,2,0,0,5,1,1,758.0
5,1.791759469228055,0,2,0,5,5,6,1.9459101490553132,1,0,1,6,6,3,0,55,4.02535169073515,0,1,0,6,5,33,3.5263605246161616,0,0,3,5,3,1,1,1862.0
3,1.3862943611198906,0,0,3,3,3,7,2.0794415416798357,0,1,2,0,7,3,8,29,3.4011973816621555,0,2,4,1,9,34,3.5553480614894135,1,1,4,6,4,1,0,758.0
7,2.0794415416798357,0,1,2,0,7,5,1.791759469228055,0,2,0,5,5,0,1,38,3.6635616461296463,1,2,3,3,8,53,3.9889840465642745,0,2,3,4,3,1,0,3782.0
2,1.0986122886681098,1,2,2,2,2,2,1.0986122886681098,1,2,2,2,2,6,6,7,2.0794415416798357,0,1,2,0,7,6,1.9459101490553132,1,0,1,6,6,1,3,6.0
5,1.791759469228055,0,2,0,5,5,3,1.3862943611198906,0,0,3,3,3,0,7,25,3.258096538021482,0,1,0,4,5,18,2.9444389791664403,1,0,3,4,8,1,2,182.0
7,2.0794415416798357,0,1,2,0,7,7,2.0794415416798357,0,1,2,0,7,4,1,49,3.912023005428146,0,1,4,0,9,84,4.442651256490317,1,0,4,0,4,7,5,15878.0
5,1.791759469228055,0,2,0,5,5,2,1.0986122886681098,1,2,2,2,2,7,6,17,2.8903717578961645,0,2,2,3,7,13,2.6390573296152584,0,1,3,6,3,1,0,62.0
4,1.6094379124341003,1,1,4,4,4,5,1.791759469228055,0,2,0,5,5,6,3,40,3.713572066704308,1,1,0,5,0,25,3.258096538021482,0,1,0,4,5,1,3,422.0
6,1.9459101490553132,1,0,1,6,6,1,0.6931471805599453,0,1,1,1,1,6,1,11,2.4849066497880004,0,2,1,4,1,8,2.1972245773362196,1,2,3,1,8,1,3,2.0
4,1.6094379124341003,1,1,4,4,4,3,1.3862943611198906,0,0,3,3,3,0,0,13,2.6390573296152584,0,1,3,6,3,20,3.044522437723423,1,2,0,6,0,1,1,86.0
5,1.791759469228055,0,2,0,5,5,6,1.9459101490553132,1,0,1,6,6,8,8,52,3.970291913552122,1,1,2,3,2,53,3.9889840465642745,0,2,3,4,3,1,0,1862.0
2,1.0986122886681098,1,2,2,2,2,6,1.9459101490553132,1,0,1,6,6,0,7,24,3.2188758248682006,1,0,4,3,4,20,3.044522437723423,1,2,0,6,0,2,4,126.0
2,1.0986122886681098,1,2,2,2,2,2,1.0986122886681098,1,2,2,2,2,2,2,4,1.6094379124341003,1,1,4,4,4,5,1.791759469228055,0,2,0,5,5,1,3,6.0
1,0.6931471805599453,0,1,1,1,1,5,1.791759469228055,0,2,0,5,5,0,4,9,2.302585092994046,0,0,4,2,9,8,2.1972245773362196,1,2,3,1,8,1,3,2.0
3,1.3862943611198906,0,0,3,3,3,4,1.6094379124341003,1,1,4,4,4,1,0,23,3.1780538303479458,0,2,3,2,3,13,2.6390573296152584,0,1,3,6,3,1,0,86.0
5,1.791759469228055,0,2,0,5,5,4,1.6094379124341003,1,1,4,4,4,7,8,23,3.1780538303479458,0,2,3,2,3,35,3.58351893845611,0,2,0,0,5,1,1,422.0
2,1.0986122886681098,1,2,2,2,2,3,1.3862943611198906,0,0,3,3,3,3,2,6,1.9459101490553132,1,0,1,6,6,11,2.4849066497880004,0,2,1,4,1,1,2,14.0
5,1.791759469228055,0,2,0,5,5,3,1.3862943611198906,0,0,3,3,3,6,1,16,2.833213344056216,1,1,1,2,6,26,3.295836866004329,1,2,1,5,6,1,0,182.0
3,1.3862943611198906,0,0,3,3,3,7,2.0794415416798357,0,1,2,0,7,0,3,25,3.258096538021482,0,1,0,4,5,24,3.2188758248682006,1,0,4,3,4,1,1,758.0
1,0.6931471805599453,0,1,1,1,1,3,1.3862943611198906,0,0,3,3,3,2,5,6,1.9459101490553132,1,0,1,6,6,5,1.791759469228055,0,2,0,5,5,1,4,2.0
1,0.6931471805599453,0,1,1,1,1,5,1.791759469228055,0,2,0,5,5,6,4,6,1.9459101490553132,1,0,1,6,6,8,2.1972245773362196,1,2,3,1,8,1,3,2.0
1,0.6931471805599453,0,1,1,1,1,4,1.6094379124341003,1,1,4,4,4,3,2,6,1.9459101490553132,1,0,1,6,6,4,1.6094379124341003,1,1,4,4,4,1,4,2.0
5,1.791759469228055,0,2,0,5,5,7,2.0794415416798357,0,1,2,0,7,1,5,68,4.23410650459726,1,2,3,5,8,70,4.2626798770413155,1,1,0,0,0,1,2,3782.0
2,1.0986122886681098,1,2,2,2,2,6,1.9459101490553132,1,0,1,6,6,4,5,14,2.70805020110221,1,2,4,0,4,21,3.091042453358316,0,0,1,0,1,1,2,126.0
7,2.0794415416798357,0,1,2,0,7,5,1.791759469228055,0,2,0,5,5,4,0,49,3.912023005428146,0,1,4,0,9,55,4.02535169073515,0,1,0,6,5,1,2,3782.0
4,1.6094379124341003,1,1,4,4,4,6,1.9459101490553132,1,0,1,6,6,1,5,30,3.4339872044851463,1,0,0,2,0,39,3.6888794541139363,0,0,4,4,9,1,1,870.0
4,1.6094379124341003,1,1,4,4,4,3,1.3862943611198906,0,0,3,3,3,6,4,14,2.70805020110221,1,2,4,0,4,15,2.772588722239781,0,0,0,1,5,1,1,86.0
2,1.0986122886681098,1,2,2,2,2,5,1.791759469228055,0,2,0,5,5,2,6,10,2.3978952727983707,1,1,0,3,0,11,2.4849066497880004,0,2,1,4,1,1,2,62.0
1,0.6931471805599453,0,1,1,1,1,2,1.0986122886681098,1,2,2,2,2,4,3,2,1.0986122886681098,1,2,2,2,2,2,1.0986122886681098,1,2,2,2,2,1,6,2.0
1,0.6931471805599453,0,1,1,1,1,4,1.6094379124341003,1,1,4,4,4,1,4,7,2.0794415416798357,0,1,2,0,7,7,2.0794415416798357,0,1,2,0,7,1,4,2.0
7,2.0794415416798357,0,1,2,0,7,1,0.6931471805599453,0,1,1,1,1,0,3,14,2.70805020110221,1,2,4,0,4,7,2.0794415416798357,0,1,2,0,7,1,6,2.0
3,1.3862943611198906,0,0,3,3,3,5,1.791759469228055,0,2,0,5,5,3,3,25,3.258096538021482,0,1,0,4,5,29,3.4011973816621555,0,2,4,1,9,1,1,182.0
7,2.0794415416798357,0,1,2,0,7,2,1.0986122886681098,1,2,2,2,2,4,8,22,3.1354942159291497,1,1,2,1,2,19,2.995732273553991,0,1,4,5,9,1,1,254.0
4,1.6094379124341003,1,1,4,4,4,2,1.0986122886681098,1,2,2,2,2,8,2,16,2.833213344056216,1,1,1,2,6,13,2.6390573296152584,0,1,3,6,3,1,3,30.0
3,1.3862943611198906,0,0,3,3,3,6,1.9459101490553132,1,0,1,6,6,1,2,34,3.5553480614894135,1,1,4,6,4,33,3.5263605246161616,0,0,3,5,3,1,2,374.0
7,2.0794415416798357,0,1,2,0,7,2,1.0986122886681098,1,2,2,2,2,4,1,27,3.332204510175204,0,0,2,6,7,28,3.367295829986474,1,1,3,0,8,1,2,254.0
7,2.0794415416798357,0,1,2,0,7,1,0.6931471805599453,0,1,1,1,1,6,4,10,2.3978952727983707,1,1,0,3,0,14,2.70805020110221,1,2,4,0,4,1,4,2.0
5,1.791759469228055,0,2,0,5,5,5,1.791759469228055,0,2,0,5,5,4,4,44,3.8066624897703196,1,2,4,2,4,42,3.7612001156935624,1,0,2,0,2,1,1,902.0
5,1.791759469228055,0,2,0,5,5,7,2.0794415416798357,0,1,2,0,7,4,8,39,3.6888794541139363,0,0,4,4,9,63,4.1588830833596715,0,0,3,0,3,1,1,3782.0
5,1.791759469228055,0,2,0,5,5,4,1.6094379124341003,1,1,4,4,4,8,6,39,3.6888794541139363,0,0,4,4,9,37,3.6375861597263857,0,1,2,2,7,1,0,422.0
6,1.9459101490553132,1,0,1,6,6,5,1.791759469228055,0,2,0,5,5,4,1,52,3.970291913552122,1,1,2,3,2,52,3.970291913552122,1,1,2,3,2,1,1,1862.0
5,1.791759469228055,0,2,0,5,5,3,1.3862943611198906,0,0,3,3,3,4,4,23,3.1780538303479458,0,2,3,2,3,28,3.367295829986474,1,1,3,0,8,1,0,182.0
7,2.0794415416798357,0,1,2,0,7,4,1.6094379124341003,1,1,4,4,4,1,5,47,3.871201010907891,0,2,2,5,7,28,3.367295829986474,1,1,3,0,8,1,2,1766.0
2,1.0986122886681098,1,2,2,2,2,6,1.9459101490553132,1,0,1,6,6,1,4,13,2.6390573296152584,0,1,3,6,3,12,2.5649493574615367,1,0,2,5,2,1,3,126.0
5,1.791759469228055,0,2,0,5,5,2,1.0986122886681098,1,2,2,2,2,7,0,13,2.6390573296152584,0,1,3,6,3,16,2.833213344056216,1,1,1,2,6,1,1,62.0
2,1.0986122886681098,1,2,2,2,2,1,0.6931471805599453,0,1,1,1,1,7,2,2,1.0986122886681098,1,2,2,2,2,4,1.6094379124341003,1,1,4,4,4,1,6,2.0
3,1.3862943611198906,0,0,3,3,3,5,1.791759469228055,0,2,0,5,5,3,1,29,3.4011973816621555,0,2,4,1,9,21,3.091042453358316,0,0,1,0,1,1,1,182.0
7,2.0794415416798357,0,1,2,0,7,1,0.6931471805599453,0,1,1,1,1,0,5,14,2.70805020110221,1,2,4,0,4,10,2.3978952727983707,1,1,0,3,0,1,4,2.0
3,1.3862943611198906,0,0,3,3,3,2,1.0986122886681098,1,2,2,2,2,6,7,12,2.5649493574615367,1,0,2,5,2,11,2.4849066497880004,0,2,1,4,1,1,2,14.0
1,0.6931471805599453,0,1,1,1,1,1,0.6931471805599453,0,1,1,1,1,3,1,2,1.0986122886681098,1,2,2,2,2,1,0.6931471805599453,0,1,1,1,1,1,6,2.0
3,1.3862943611198906,0,0,3,3,3,4,1.6094379124341003,1,1,4,4,4,6,6,19,2.995732273553991,0,1,4,5,9,12,2.5649493574615367,1,0,2,5,2,1,2,86.0
1,0.6931471805599453,0,1,1,1,1,6,1.9459101490553132,1,0,1,6,6,2,0,11,2.4849066497880004,0,2,1,4,1,10,2.3978952727983707,1,1,0,3,0,1,3,2.0
3,1.3862943611198906,0,0,3,3,3,7,2.0794415416798357,0,1,2,0,7,2,4,29,3.4011973816621555,0,2,4,1,9,27,3.332204510175204,0,0,2,6,7,1,1,758.0
3,1.3862943611198906,0,0,3,3,3,2,1.0986122886681098,1,2,2,2,2,0,0,7,2.0794415416798357,0,1,2,0,7,12,2.5649493574615367,1,0,2,5,2,1,2,14.0
2,1.0986122886681098,1,2,2,2,2,5,1.791759469228055,0,2,0,5,5,7,5,13,2.6390573296152584,0,1,3,6,3,16,2.833213344056216,1,1,1,2,6,1,1,62.0
3,1.3862943611198906,0,0,3,3,3,3,1.3862943611198906,0,0,3,3,3,6,5,11,2.4849066497880004,0,2,1,4,1,10,2.3978952727983707,1,1,0,3,0,1,1,38.0
4,1.6094379124341003,1,1,4,4,4,6,1.9459101490553132,1,0,1,6,6,2,3,46,3.8501476017100584,1,1,1,4,6,24,3.2188758248682006,1,0,4,3,4,2,2,870.0
1,0.6931471805599453,0,1,1,1,1,2,1.0986122886681098,1,2,2,2,2,3,2,2,1.0986122886681098,1,2,2,2,2,4,1.6094379124341003,1,1,4,4,4,1,6,2.0
5,1.791759469228055,0,2,0,5,5,4,1.6094379124341003,1,1,4,4,4,5,7,30,3.4339872044851463,1,0,0,2,0,20,3.044522437723423,1,2,0,6,0,1,3,422.0
4,1.6094379124341003,1,1,4,4,4,5,1.791759469228055,0,2,0,5,5,4,4,28,3.367295829986474,1,1,3,0,8,40,3.713572066704308,1,1,0,5,0,1,3,422.0
1,0.6931471805599453,0,1,1,1,1,3,1.3862943611198906,0,0,3,3,3,1,1,3,1.3862943611198906,0,0,3,3,3,4,1.6094379124341003,1,1,4,4,4,1,4,2.0
5,1.791759469228055,0,2,0,5,5,5,1.791759469228055,0,2,0,5,5,1,1,47,3.871201010907891,0,2,2,5,7,45,3.828641396489095,0,0,0,3,5,1,3,902.0
5,1.791759469228055,0,2,0,5,5,6,1.9459101490553132,1,0,1,6,6,6,5,49,3.912023005428146,0,1,4,0,9,48,3.8918202981106265,1,0,3,6,8,1,1,1862.0
6,1.9459101490553132,1,0,1,6,6,6,1.9459101490553132,1,0,1,6,6,7,8,69,4.248495242049359,0,0,4,6,9,67,4.219507705176107,0,1,2,4,7,1,1,3846.0
6,1.9459101490553132,1,0,1,6,6,3,1.3862943611198906,0,0,3,3,3,1,1,18,2.9444389791664403,1,0,3,4,8,20,3.044522437723423,1,2,0,6,0,1,3,374.0
3,1.3862943611198906,0,0,3,3,3,1,0.6931471805599453,0,1,1,1,1,5,0,3,1.3862943611198906,0,0,3,3,3,3,1.3862943611198906,0,0,3,3,3,1,6,2.0
5,1.791759469228055,0,2,0,5,5,1,0.6931471805599453,0,1,1,1,1,5,0,7,2.0794415416798357,0,1,2,0,7,7,2.0794415416798357,0,1,2,0,7,1,4,2.0
7,2.0794415416798357,0,1,2,0,7,2,1.0986122886681098,1,2,2,2,2,7,6,20,3.044522437723423,1,2,0,6,0,20,3.044522437723423,1,2,0,6,0,1,3,254.0
2,1.0986122886681098,1,2,2,2,2,1,0.6931471805599453,0,1,1,1,1,0,7,4,1.6094379124341003,1,1,4,4,4,4,1.6094379124341003,1,1,4,4,4,1,6,2.0
3,1.3862943611198906,0,0,3,3,3,3,1.3862943611198906,0,0,3,3,3,8,0,15,2.772588722239781,0,0,0,1,5,16,2.833213344056216,1,1,1,2,6,1,3,38.0
3,1.3862943611198906,0,0,3,3,3,4,1.6094379124341003,1,1,4,4,4,8,8,19,2.995732273553991,0,1,4,5,9,15,2.772588722239781,0,0,0,1,5,1,1,86.0
3,1.3862943611198906,0,0,3,3,3,2,1.0986122886681098,1,2,2,2,2,3,8,8,2.1972245773362196,1,2,3,1,8,11,2.4849066497880004,0,2,1,4,1,1,1,14.0
5,1.791759469228055,0,2,0,5,5,4,1.6094379124341003,1,1,4,4,4,8,4,22,3.1354942159291497,1,1,2,1,2,29,3.4011973816621555,0,2,4,1,9,1,0,422.0
7,2.0794415416798357,0,1,2,0,7,1,0.6931471805599453,0,1,1,1,1,4,8,10,2.3978952727983707,1,1,0,3,0,7,2.0794415416798357,0,1,2,0,7,1,4,2.0
3,1.3862943611198906,0,0,3,3,3,6,1.9459101490553132,1,0,1,6,6,4,3,30,3.4339872044851463,1,0,0,2,0,33,3.5263605246161616,0,0,3,5,3,3,4,374.0
7,2.0794415416798357,0,1,2,0,7,4,1.6094379124341003,1,1,4,4,4,1,6,30,3.4339872044851463,1,0,0,2,0,47,3.871201010907891,0,2,2,5,7,1,0,1766.0
2,1.0986122886681098,1,2,2,2,2,7,2.0794415416798357,0,1,2,0,7,0,4,25,3.258096538021482,0,1,0,4,5,19,2.995732273553991,0,1,4,5,9,1,0,254.0
4,1.6094379124341003,1,1,4,4,4,2,1.0986122886681098,1,2,2,2,2,5,4,16,2.833213344056216,1,1,1,2,6,11,2.4849066497880004,0,2,1,4,1,1,3,30.0
4,1.6094379124341003,1,1,4,4,4,5,1.791759469228055,0,2,0,5,5,0,6,21,3.091042453358316,0,0,1,0,1,32,3.4965075614664802,1,2,2,4,2,1,1,422.0
7,2.0794415416798357,0,1,2,0,7,1,0.6931471805599453,0,1,1,1,1,6,2,14,2.70805020110221,1,2,4,0,4,13,2.6390573296152584,0,1,3,6,3,1,4,2.0
4,1.6094379124341003,1,1,4,4,4,3,1.3862943611198906,0,0,3,3,3,7,2,20,3.044522437723423,1,2,0,6,0,14,2.70805020110221,1,2,4,0,4,1,1,86.0
5,1.791759469228055,0,2,0,5,5,2,1.0986122886681098,1,2,2,2,2,2,4,20,3.044522437723423,1,2,0,6,0,12,2.5649493574615367,1,0,2,5,2,1,3,62.0
5,1.791759469228055,0,2,0,5,5,1,0.6931471805599453,0,1,1,1,1,0,0,6,1.9459101490553132,1,0,1,6,6,10,2.3978952727983707,1,1,0,3,0,1,4,2.0
3,1.3862943611198906,0,0,3,3,3,3,1.3862943611198906,0,0,3,3,3,6,3,18,2.9444389791664403,1,0,3,4,8,13,2.6390573296152584,0,1,3,6,3,1,3,38.0
2,1.0986122886681098,1,2,2,2,2,5,1.791759469228055,0,2,0,5,5,7,1,13,2.6390573296152584,0,1,3,6,3,13,2.6390573296152584,0,1,3,6,3,1,1,62.0
4,1.6094379124341003,1,1,4,4,4,3,1.3862943611198906,0,0,3,3,3,4,5,15,2.772588722239781,0,0,0,1,5,21,3.091042453358316,0,0,1,0,1,1,2,86.0
7,2.0794415416798357,0,1,2,0,7,3,1.3862943611198906,0,0,3,3,3,4,4,39,3.6888794541139363,0,0,4,4,9,40,3.713572066704308,1,1,0,5,0,1,1,758.0
7,2.0794415416798357,0,1,2,0,7,7,2.0794415416798357,0,1,2,0,7,3,6,71,4.276666119016055,0,2,1,1,1,54,4.007333185232471,1,0,4,5,4,1,1,15878.0
2,1.0986122886681098,1,2,2,2,2,6,1.9459101490553132,1,0,1,6,6,7,0,23,3.1780538303479458,0,2,3,2,3,16,2.833213344056216,1,1,1,2,6,1,2,126.0
6,1.9459101490553132,1,0,1,6,6,3,1.3862943611198906,0,0,3,3,3,7,7,30,3.4339872044851463,1,0,0,2,0,33,3.5263605246161616,0,0,3,5,3,3,4,374.0
4,1.6094379124341003,1,1,4,4,4,5,1.791759469228055,0,2,0,5,5,3,3,20,3.044522437723423,1,2,0,6,0,36,3.6109179126442243,1,0,1,1,6,1,3,422.0
6,1.9459101490553132,1,0,1,6,6,2,1.0986122886681098,1,2,2,2,2,4,3,13,2.6390573296152584,0,1,3,6,3,14,2.70805020110221,1,2,4,0,4,1,2,126.0
4,1.6094379124341003,1,1,4,4,4,2,1.0986122886681098,1,2,2,2,2,3,1,13,2.6390573296152584,0,1,3,6,3,13,2.6390573296152584,0,1,3,6,3,1,2,30.0
5,1.791759469228055,0,2,0,5,5,4,1.6094379124341003,1,1,4,4,4,1,2,40,3.713572066704308,1,1,0,5,0,26,3.295836866004329,1,2,1,5,6,1,2,422.0
7,2.0794415416798357,0,1,2,0,7,3,1.3862943611198906,0,0,3,3,3,2,0,35,3.58351893845611,0,2,0,0,5,34,3.5553480614894135,1,1,4,6,4,1,1,758.0
6,1.9459101490553132,1,0,1,6,6,1,0.6931471805599453,0,1,1,1,1,6,4,12,2.5649493574615367,1,0,2,5,2,8,2.1972245773362196,1,2,3,1,8,1,4,2.0
4,1.6094379124341003,1,1,4,4,4,2,1.0986122886681098,1,2,2,2,2,1,6,9,2.302585092994046,0,0,4,2,9,12,2.5649493574615367,1,0,2,5,2,1,3,30.0
7,2.0794415416798357,0,1,2,0,7,4,1.6094379124341003,1,1,4,4,4,6,5,33,3.5263605246161616,0,0,3,5,3,40,3.713572066704308,1,1,0,5,0,1,1,1766.0
7,2.0794415416798357,0,1,2,0,7,7,2.0794415416798357,0,1,2,0,7,7,8,58,4.07753744390572,1,1,3,2,8,56,4.04305126783455,1,2,1,0,6,1,3,15878.0
3,1.3862943611198906,0,0,3,3,3,2,1.0986122886681098,1,2,2,2,2,3,5,9,2.302585092994046,0,0,4,2,9,12,2.5649493574615367,1,0,2,5,2,1,3,14.0
1,0.6931471805599453,0,1,1,1,1,2,1.0986122886681098,1,2,2,2,2,8,7,2,1.0986122886681098,1,2,2,2,2,4,1.6094379124341003,1,1,4,4,4,1,6,2.0
2,1.0986122886681098,1,2,2,2,2,5,1.791759469228055,0,2,0,5,5,6,6,12,2.5649493574615367,1,0,2,5,2,19,2.995732273553991,0,1,4,5,9,1,1,62.0
1,0.6931471805599453,0,1,1,1,1,3,1.3862943611198906,0,0,3,3,3,5,6,6,1.9459101490553132,1,0,1,6,6,4,1.6094379124341003,1,1,4,4,4,1,4,2.0
6,1.9459101490553132,1,0,1,6,6,5,1.791759469228055,0,2,0,5,5,0,5,56,4.04305126783455,1,2,1,0,6,40,3.713572066704308,1,1,0,5,0,1,1,1862.0
2,1.0986122886681098,1,2,2,2,2,1,0.6931471805599453,0,1,1,1,1,6,1,2,1.0986122886681098,1,2,2,2,2,3,1.3862943611198906,0,0,3,3,3,1,4,2.0
2,1.0986122886681098,1,2,2,2,2,2,1.0986122886681098,1,2,2,2,2,2,5,5,1.791759469228055,0,2,0,5,5,8,2.1972245773362196,1,2,3,1,8,1,3,6.0
5,1.791759469228055,0,2,0,5,5,1,0.6931471805599453,0,1,1,1,1,4,3,5,1.791759469228055,0,2,0,5,5,9,2.302585092994046,0,0,4,2,9,1,4,2.0
6,1.9459101490553132,1,0,1,6,6,2,1.0986122886681098,1,2,2,2,2,7,7,12,2.5649493574615367,1,0,2,5,2,18,2.9444389791664403,1,0,3,4,8,2,5,126.0
4,1.6094379124341003,1,1,4,4,4,5,1.791759469228055,0,2,0,5,5,0,6,25,3.258096538021482,0,1,0,4,5,40,3.713572066704308,1,1,0,5,0,1,3,422.0
2,1.0986122886681098,1,2,2,2,2,2,1.0986122886681098,1,2,2,2,2,1,3,4,1.6094379124341003,1,1,4,4,4,7,2.0794415416798357,0,1,2,0,7,1,3,6.0
5,1.791759469228055,0,2,0,5,5,4,1.6094379124341003,1,1,4,4,4,1,5,33,3.5263605246161616,0,0,3,5,3,29,3.4011973816621555,0,2,4,1,9,1,0,422.0
4,1.6094379124341003,1,1,4,4,4,1,0.6931471805599453,0,1,1,1,1,4,3,6,1.9459101490553132,1,0,1,6,6,6,1.9459101490553132,1,0,1,6,6,1,4,2.0
3,1.3862943611198906,0,0,3,3,3,2,1.0986122886681098,1,2,2,2,2,0,6,7,2.0794415416798357,0,1,2,0,7,8,2.1972245773362196,1,2,3,1,8,1,1,14.0
2,1.0986122886681098,1,2,2,2,2,6,1.9459101490553132,1,0,1,6,6,7,6,13,2.6390573296152584,0,1,3,6,3,16,2.833213344056216,1,1,1,2,6,1,2,126.0
3,1.3862943611198906,0,0,3,3,3,3,1.3862943611198906,0,0,3,3,3,1,1,11,2.4849066497880004,0,2,1,4,1,15,2.772588722239781,0,0,0,1,5,1,3,38.0
6,1.9459101490553132,1,0,1,6,6,7,2.0794415416798357,0,1,2,0,7,6,3,55,4.02535169073515,0,1,0,6,5,79,4.382026634673881,0,1,4,2,9,1,0,7814.0
3,1.3862943611198906,0,0,3,3,3,3,1.3862943611198906,0,0,3,3,3,0,1,9,2.302585092994046,0,0,4,2,9,12,2.5649493574615367,1,0,2,5,2,3,5,38.0
5,1.791759469228055,0,2,0,5,5,4,1.6094379124341003,1,1,4,4,4,0,6,37,3.6375861597263857,0,1,2,2,7,27,3.332204510175204,0,0,2,6,7,1,0,422.0
3,1.3862943611198906,0,0,3,3,3,5,1.791759469228055,0,2,0,5,5,5,5,27,3.332204510175204,0,0,2,6,7,20,3.044522437723423,1,2,0,6,0,1,2,182.0
6,1.9459101490553132,1,0,1,6,6,6,1.9459101490553132,1,0,1,6,6,2,8,46,3.8501476017100584,1,1,1,4,6,39,3.6888794541139363,0,0,4,4,9,1,1,3846.0
2,1.0986122886681098,1,2,2,2,2,6,1.9459101490553132,1,0,1,6,6,2,3,18,2.9444389791664403,1,0,3,4,8,24,3.2188758248682006,1,0,4,3,4,2,5,126.0
2,1.0986122886681098,1,2,2,2,2,2,1.0986122886681098,1,2,2,2,2,0,5,6,1.9459101490553132,1,0,1,6,6,5,1.791759469228055,0,2,0,5,5,1,3,6.0
3,1.3862943611198906,0,0,3,3,3,2,1.0986122886681098,1,2,2,2,2,6,8,6,1.9459101490553132,1,0,1,6,6,7,2.0794415416798357,0,1,2,0,7,1,2,14.0
7,2.0794415416798357,0,1,2,0,7,4,1.6094379124341003,1,1,4,4,4,3,2,34,3.5553480614894135,1,1,4,6,4,48,3.8918202981106265,1,0,3,6,8,1,1,1766.0
2,1.0986122886681098,1,2,2,2,2,5,1.791759469228055,0,2,0,5,5,2,4,13,2.6390573296152584,0,1,3,6,3,11,2.4849066497880004,0,2,1,4,1,1,0,62.0
7,2.0794415416798357,0,1,2,0,7,6,1.9459101490553132,1,0,1,6,6,3,8,55,4.02535169073515,0,1,0,6,5,84,4.442651256490317,1,0,4,0,4,1,2,7814.0
1,0.6931471805599453,0,1,1,1,1,5,1.791759469228055,0,2,0,5,5,5,2,9,2.302585092994046,0,0,4,2,9,7,2.0794415416798357,0,1,2,0,7,1,3,2.0
5,1.791759469228055,0,2,0,5,5,5,1.791759469228055,0,2,0,5,5,2,0,33,3.5263605246161616,0,0,3,5,3,41,3.7376696182833684,0,2,1,6,1,1,1,902.0
1,0.6931471805599453,0,1,1,1,1,3,1.3862943611198906,0,0,3,3,3,2,8,5,1.791759469228055,0,2,0,5,5,4,1.6094379124341003,1,1,4,4,4,1,3,2.0
3,1.3862943611198906,0,0,3,3,3,4,1.6094379124341003,1,1,4,4,4,2,6,19,2.995732273553991,0,1,4,5,9,18,2.9444389791664403,1,0,3,4,8,1,1,86.0
2,1.0986122886681098,1,2,2,2,2,1,0.6931471805599453,0,1,1,1,1,3,0,4,1.6094379124341003,1,1,4,4,4,3,1.3862943611198906,0,0,3,3,3,1,4,2.0
5,1.791759469228055,0,2,0,5,5,4,1.6094379124341003,1,1,4,4,4,4,2,26,3.295836866004329,1,2,1,5,6,39,3.6888794541139363,0,0,4,4,9,1,0,422.0
3,1.3862943611198906,0,0,3,3,3,7,2.0794415416798357,0,1,2,0,7,1,4,39,3.6888794541139363,0,0,4,4,9,38,3.6635616461296463,1,2,3,3,8,1,1,758.0
1,0.6931471805599453,0,1,1,1,1,2,1.0986122886681098,1,2,2,2,2,2,2,2,1.0986122886681098,1,2,2,2,2,3,1.3862943611198906,0,0,3,3,3,1,4,2.0
7,2.0794415416798357,0,1,2,0,7,4,1.6094379124341003,1,1,4,4,4,3,0,30,3.4339872044851463,1,0,0,2,0,42,3.7612001156935624,1,0,2,0,2,1,1,1766.0
3,1.3862943611198906,0,0,3,3,3,4,1.6094379124341003,1,1,4,4,4,3,7,21,3.091042453358316,0,0,1,0,1,16,2.833213344056216,1,1,1,2,6,1,2,86.0
3,1.3862943611198906,0,0,3,3,3,1,0.6931471805599453,0,1,1,1,1,7,6,6,1.9459101490553132,1,0,1,6,6,4,1.6094379124341003,1,1,4,4,4,1,4,2.0
3,1.3862943611198906,0,0,3,3,3,2,1.0986122886681098,1,2,2,2,2,3,2,12,2.5649493574615367,1,0,2,5,2,7,2.0794415416798357,0,1,2,0,7,1,2,14.0
2,1.0986122886681098,1,2,2,2,2,3,1.3862943611198906,0,0,3,3,3,5,2,7,2.0794415416798357,0,1,2,0,7,6,1.9459101490553132,1,0,1,6,6,1,2,14.0
4,1.6094379124341003,1,1,4,4,4,7,2.0794415416798357,0,1,2,0,7,8,8,34,3.5553480614894135,1,1,4,6,4,53,3.9889840465642745,0,2,3,4,3,1,0,1766.0
2,1.0986122886681098,1,2,2,2,2,5,1.791759469228055,0,2,0,5,5,5,3,15,2.772588722239781,0,0,0,1,5,18,2.9444389791664403,1,0,3,4,8,1,2,62.0
7,2.0794415416798357,0,1,2,0,7,1,0.6931471805599453,0,1,1,1,1,6,5,14,2.70805020110221,1,2,4,0,4,10,2.3978952727983707,1,1,0,3,0,1,4,2.0
7,2.0794415416798357,0,1,2,0,7,4,1.6094379124341003,1,1,4,4,4,8,2,34,3.5553480614894135,1,1,4,6,4,31,3.4657359027997265,0,1,1,3,1,1,0,1766.0
4,1.6094379124341003,1,1,4,4,4,1,0.6931471805599453,0,1,1,1,1,7,0,8,2.1972245773362196,1,2,3,1,8,4,1.6094379124341003,1,1,4,4,4,1,6,2.0
5,1.791759469228055,0,2,0,5,5,4,1.6094379124341003,1,1,4,4,4,5,6,40,3.713572066704308,1,1,0,5,0,20,3.044522437723423,1,2,0,6,0,1,5,422.0
6,1.9459101490553132,1,0,1,6,6,2,1.0986122886681098,1,2,2,2,2,3,1,19,2.995732273553991,0,1,4,5,9,23,3.1780538303479458,0,2,3,2,3,1,1,126.0
3,1.3862943611198906,0,0,3,3,3,4,1.6094379124341003,1,1,4,4,4,7,1,23,3.1780538303479458,0,2,3,2,3,22,3.1354942159291497,1,1,2,1,2,1,0,86.0
5,1.791759469228055,0,2,0,5,5,2,1.0986122886681098,1,2,2,2,2,4,1,17,2.8903717578961645,0,2,2,3,7,20,3.044522437723423,1,2,0,6,0,1,2,62.0
4,1.6094379124341003,1,1,4,4,4,3,1.3862943611198906,0,0,3,3,3,0,8,13,2.6390573296152584,0,1,3,6,3,23,3.1780538303479458,0,2,3,2,3,1,0,86.0
2,1.0986122886681098,1,2,2,2,2,4,1.6094379124341003,1,1,4,4,4,3,7,16,2.833213344056216,1,1,1,2,6,15,2.772588722239781,0,0,0,1,5,1,3,30.0
3,1.3862943611198906,0,0,3,3,3,2,1.0986122886681098,1,2,2,2,2,5,7,12,2.5649493574615367,1,0,2,5,2,12,2.5649493574615367,1,0,2,5,2,1,5,14.0
7,2.0794415416798357,0,1,2,0,7,7,2.0794415416798357,0,1,2,0,7,2,3,70,4.2626798770413155,1,1,0,0,0,73,4.30406509320417,0,1,3,3,3,1,3,15878.0
2,1.0986122886681098,1,2,2,2,2,2,1.0986122886681098,1,2,2,2,2,7,5,5,1.791759469228055,0,2,0,5,5,4,1.6094379124341003,1,1,4,4,4,1,3,6.0
7,2.0794415416798357,0,1,2,0,7,7,2.0794415416798357,0,1,2,0,7,6,8,71,4.276666119016055,0,2,1,1,1,74,4.31748811353631,1,2,4,4,4,1,1,15878.0
1,0.6931471805599453,0,1,1,1,1,7,2.0794415416798357,0,1,2,0,7,0,0,12,2.5649493574615367,1,0,2,5,2,8,2.1972245773362196,1,2,3,1,8,1,3,2.0
7,2.0794415416798357,0,1,2,0,7,4,1.6094379124341003,1,1,4,4,4,1,7,51,3.9512437185814275,0,0,1,2,1,29,3.4011973816621555,0,2,4,1,9,1,0,1766.0
2,1.0986122886681098,1,2,2,2,2,6,1.9459101490553132,1,0,1,6,6,5,7,20,3.044522437723423,1,2,0,6,0,21,3.091042453358316,0,0,1,0,1,1,2,126.0
2,1.0986122886681098,1,2,2,2,2,4,1.6094379124341003,1,1,4,4,4,4,4,10,2.3978952727983707,1,1,0,3,0,11,2.4849066497880004,0,2,1,4,1,1,2,30.0
5,1.791759469228055,0,2,0,5,5,1,0.6931471805599453,0,1,1,1,1,0,3,8,2.1972245773362196,1,2,3,1,8,5,1.791759469228055,0,2,0,5,5,1,4,2.0
7,2.0794415416798357,0,1,2,0,7,2,1.0986122886681098,1,2,2,2,2,3,7,15,2.772588722239781,0,0,0,1,5,28,3.367295829986474,1,1,3,0,8,1,2,254.0
6,1.9459101490553132,1,0,1,6,6,6,1.9459101490553132,1,0,1,6,6,1,2,38,3.6635616461296463,1,2,3,3,8,71,4.276666119016055,0,2,1,1,1,1,1,3846.0
5,1.791759469228055,0,2,0,5,5,6,1.9459101490553132,1,0,1,6,6,0,1,57,4.060443010546419,0,0,2,1,7,34,3.5553480614894135,1,1,4,6,4,1,0,1862.0
5,1.791759469228055,0,2,0,5,5,6,1.9459101490553132,1,0,1,6,6,2,6,37,3.6375861597263857,0,1,2,2,7,45,3.828641396489095,0,0,0,3,5,1,1,1862.0
7,2.0794415416798357,0,1,2,0,7,6,1.9459101490553132,1,0,1,6,6,1,7,49,3.912023005428146,0,1,4,0,9,50,3.9318256327243257,1,2,0,1,0,1,1,7814.0
7,2.0794415416798357,0,1,2,0,7,7,2.0794415416798357,0,1,2,0,7,2,2,73,4.30406509320417,0,1,3,3,3,85,4.454347296253507,0,1,0,1,5,1,1,15878.0
7,2.0794415416798357,0,1,2,0,7,4,1.6094379124341003,1,1,4,4,4,1,3,48,3.8918202981106265,1,0,3,6,8,56,4.04305126783455,1,2,1,0,6,1,3,1766.0
1,0.6931471805599453,0,1,1,1,1,5,1.791759469228055,0,2,0,5,5,5,5,10,2.3978952727983707,1,1,0,3,0,5,1.791759469228055,0,2,0,5,5,1,6,2.0
6,1.9459101490553132,1,0,1,6,6,2,1.0986122886681098,1,2,2,2,2,5,2,24,3.2188758248682006,1,0,4,3,4,24,3.2188758248682006,1,0,4,3,4,2,6,126.0
4,1.6094379124341003,1,1,4,4,4,5,1.791759469228055,0,2,0,5,5,7,2,22,3.1354942159291497,1,1,2,1,2,20,3.044522437723423,1,2,0,6,0,1,2,422.0
4,1.6094379124341003,1,1,4,4,4,1,0.6931471805599453,0,1,1,1,1,5,2,7,2.0794415416798357,0,1,2,0,7,8,2.1972245773362196,1,2,3,1,8,1,4,2.0
6,1.9459101490553132,1,0,1,6,6,7,2.0794415416798357,0,1,2,0,7,4,7,56,4.04305126783455,1,2,1,0,6,55,4.02535169073515,0,1,0,6,5,1,1,7814.0
3,1.3862943611198906,0,0,3,3,3,7,2.0794415416798357,0,1,2,0,7,5,0,31,3.4657359027997265,0,1,1,3,1,29,3.4011973816621555,0,2,4,1,9,1,0,758.0
5,1.791759469228055,0,2,0,5,5,5,1.791759469228055,0,2,0,5,5,5,6,30,3.4339872044851463,1,0,0,2,0,49,3.912023005428146,0,1,4,0,9,1,3,902.0
7,2.0794415416798357,0,1,2,0,7,3,1.3862943611198906,0,0,3,3,3,4,0,35,3.58351893845611,0,2,0,0,5,36,3.6109179126442243,1,0,1,1,6,1,2,758.0
2,1.0986122886681098,1,2,2,2,2,1,0.6931471805599453,0,1,1,1,1,6,2,2,1.0986122886681098,1,2,2,2,2,2,1.0986122886681098,1,2,2,2,2,1,6,2.0
6,1.9459101490553132,1,0,1,6,6,3,1.3862943611198906,0,0,3,3,3,4,0,27,3.332204510175204,0,0,2,6,7,34,3.5553480614894135,1,1,4,6,4,1,2,374.0
5,1.791759469228055,0,2,0,5,5,3,1.3862943611198906,0,0,3,3,3,7,7,19,2.995732273553991,0,1,4,5,9,25,3.258096538021482,0,1,0,4,5,1,1,182.0
7,2.0794415416798357,0,1,2,0,7,1,0.6931471805599453,0,1,1,1,1,1,0,8,2.1972245773362196,1,2,3,1,8,13,2.6390573296152584,0,1,3,6,3,1,3,2.0
5,1.791759469228055,0,2,0,5,5,3,1.3862943611198906,0,0,3,3,3,0,4,28,3.367295829986474,1,1,3,0,8,24,3.2188758248682006,1,0,4,3,4,1,1,182.0
7,2.0794415416798357,0,1,2,0,7,5,1.791759469228055,0,2,0,5,5,5,3,45,3.828641396489095,0,0,0,3,5,65,4.189654742026425,0,2,0,2,5,1,2,3782.0
7,2.0794415416798357,0,1,2,0,7,7,2.0794415416798357,0,1,2,0,7,2,1,98,4.59511985013459,1,2,3,0,8,68,4.23410650459726,1,2,3,5,8,1,3,15878.0
3,1.3862943611198906,0,0,3,3,3,3,1.3862943611198906,0,0,3,3,3,6,1,15,2.772588722239781,0,0,0,1,5,18,2.9444389791664403,1,0,3,4,8,3,5,38.0
7,2.0794415416798357,0,1,2,0,7,7,2.0794415416798357,0,1,2,0,7,1,4,93,4.543294782270004,0,0,3,2,3,62,4.143134726391533,1,2,2,6,2,1,1,15878.0
1,0.6931471805599453,0,1,1,1,1,2,1.0986122886681098,1,2,2,2,2,3,0,3,1.3862943611198906,0,0,3,3,3,4,1.6094379124341003,1,1,4,4,4,1,4,2.0
5,1.791759469228055,0,2,0,5,5,5,1.791759469228055,0,2,0,5,5,4,1,32,3.4965075614664802,1,2,2,4,2,50,3.9318256327243257,1,2,0,1,0,1,3,902.0
7,2.0794415416798357,0,1,2,0,7,7,2.0794415416798357,0,1,2,0,7,2,5,74,4.31748811353631,1,2,4,4,4,57,4.060443010546419,0,0,2,1,7,1,1,15878.0
5,1.791759469228055,0,2,0,5,5,4,1.6094379124341003,1,1,4,4,4,2,3,30,3.4339872044851463,1,0,0,2,0,21,3.091042453358316,0,0,1,0,1,1,1,422.0
5,1.791759469228055,0,2,0,5,5,6,1.9459101490553132,1,0,1,6,6,6,7,31,3.4657359027997265,0,1,1,3,1,54,4.007333185232471,1,0,4,5,4,1,1,1862.0
3,1.3862943611198906,0,0,3,3,3,1,0.6931471805599453,0,1,1,1,1,1,7,4,1.6094379124341003,1,1,4,4,4,4,1.6094379124341003,1,1,4,4,4,1,4,2.0
7,2.0794415416798357,0,1,2,0,7,3,1.3862943611198906,0,0,3,3,3,6,4,41,3.7376696182833684,0,2,1,6,1,28,3.367295829986474,1,1,3,0,8,1,1,758.0
5,1.791759469228055,0,2,0,5,5,5,1.791759469228055,0,2,0,5,5,8,2,40,3.713572066704308,1,1,0,5,0,38,3.6635616461296463,1,2,3,3,8,1,3,902.0
2,1.0986122886681098,1,2,2,2,2,5,1.791759469228055,0,2,0,5,5,4,1,15,2.772588722239781,0,0,0,1,5,11,2.4849066497880004,0,2,1,4,1,1,1,62.0
1,0.6931471805599453,0,1,1,1,1,5,1.791759469228055,0,2,0,5,5,0,7,10,2.3978952727983707,1,1,0,3,0,7,2.0794415416798357,0,1,2,0,7,1,4,2.0
7,2.0794415416798357,0,1,2,0,7,6,1.9459101490553132,1,0,1,6,6,3,1,69,4.248495242049359,0,0,4,6,9,44,3.8066624897703196,1,2,4,2,4,1,0,7814.0
1,0.6931471805599453,0,1,1,1,1,4,1.6094379124341003,1,1,4,4,4,2,3,8,2.1972245773362196,1,2,3,1,8,6,1.9459101490553132,1,0,1,6,6,1,4,2.0
2,1.0986122886681098,1,2,2,2,2,1,0.6931471805599453,0,1,1,1,1,5,6,4,1.6094379124341003,1,1,4,4,4,3,1.3862943611198906,0,0,3,3,3,1,4,2.0
7,2.0794415416798357,0,1,2,0,7,6,1.9459101490553132,1,0,1,6,6,0,0,62,4.143134726391533,1,2,2,6,2,71,4.276666119016055,0,2,1,1,1,1,0,7814.0
3,1.3862943611198906,0,0,3,3,3,6,1.9459101490553132,1,0,1,6,6,6,7,34,3.5553480614894135,1,1,4,6,4,26,3.295836866004329,1,2,1,5,6,1,1,374.0
6,1.9459101490553132,1,0,1,6,6,3,1.3862943611198906,0,0,3,3,3,7,7,26,3.295836866004329,1,2,1,5,6,24,3.2188758248682006,1,0,4,3,4,1,3,374.0
6,1.9459101490553132,1,0,1,6,6,4,1.6094379124341003,1,1,4,4,4,2,5,34,3.5553480614894135,1,1,4,6,4,36,3.6109179126442243,1,0,1,1,6,2,2,870.0
5,1.791759469228055,0,2,0,5,5,4,1.6094379124341003,1,1,4,4,4,5,0,24,3.2188758248682006,1,0,4,3,4,28,3.367295829986474,1,1,3,0,8,1,2,422.0
2,1.0986122886681098,1,2,2,2,2,7,2.0794415416798357,0,1,2,0,7,4,4,18,2.9444389791664403,1,0,3,4,8,19,2.995732273553991,0,1,4,5,9,1,1,254.0
1,0.6931471805599453,0,1,1,1,1,3,1.3862943611198906,0,0,3,3,3,7,6,6,1.9459101490553132,1,0,1,6,6,6,1.9459101490553132,1,0,1,6,6,1,6,2.0
1,0.6931471805599453,0,1,1,1,1,2,1.0986122886681098,1,2,2,2,2,7,5,4,1.6094379124341003,1,1,4,4,4,3,1.3862943611198906,0,0,3,3,3,1,4,2.0
1,0.6931471805599453,0,1,1,1,1,1,0.6931471805599453,0,1,1,1,1,7,4,2,1.0986122886681098,1,2,2,2,2,2,1.0986122886681098,1,2,2,2,2,1,6,2.0
3,1.3862943611198906,0,0,3,3,3,2,1.0986122886681098,1,2,2,2,2,8,0,11,2.4849066497880004,0,2,1,4,1,7,2.0794415416798357,0,1,2,0,7,1,0,14.0
1,0.6931471805599453,0,1,1,1,1,2,1.0986122886681098,1,2,2,2,2,1,2,3,1.3862943611198906,0,0,3,3,3,4,1.6094379124341003,1,1,4,4,4,1,4,2.0
6,1.9459101490553132,1,0,1,6,6,5,1.791759469228055,0,2,0,5,5,5,5,47,3.871201010907891,0,2,2,5,7,39,3.6888794541139363,0,0,4,4,9,1,0,1862.0
6,1.9459101490553132,1,0,1,6,6,6,1.9459101490553132,1,0,1,6,6,5,4,48,3.8918202981106265,1,0,3,6,8,48,3.8918202981106265,1,0,3,6,8,6,6,3846.0
4,1.6094379124341003,1,1,4,4,4,7,2.0794415416798357,0,1,2,0,7,6,1,45,3.828641396489095,0,0,0,3,5,50,3.9318256327243257,1,2,0,1,0,1,0,1766.0
6,1.9459101490553132,1,0,1,6,6,5,1.791759469228055,0,2,0,5,5,5,5,43,3.784189633918261,0,1,3,1,3,53,3.9889840465642745,0,2,3,4,3,1,0,1862.0
1,0.6931471805599453,0,1,1,1,1,7,2.0794415416798357,0,1,2,0,7,3,8,9,2.302585092994046,0,0,4,2,9,13,2.6390573296152584,0,1,3,6,3,1,3,2.0
7,2.0794415416798357,0,1,2,0,7,7,2.0794415416798357,0,1,2,0,7,1,2,69,4.248495242049359,0,0,4,6,9,94,4.553876891600541,1,1,4,3,4,1,1,15878.0
2,1.0986122886681098,1,2,2,2,2,1,0.6931471805599453,0,1,1,1,1,8,7,2,1.0986122886681098,1,2,2,2,2,2,1.0986122886681098,1,2,2,2,2,1,6,2.0
1,0.6931471805599453,0,1,1,1,1,5,1.791759469228055,0,2,0,5,5,5,3,6,1.9459101490553132,1,0,1,6,6,9,2.302585092994046,0,0,4,2,9,1,3,2.0
2,1.0986122886681098,1,2,2,2,2,6,1.9459101490553132,1,0,1,6,6,0,1,19,2.995732273553991,0,1,4,5,9,13,2.6390573296152584,0,1,3,6,3,1,1,126.0
6,1.9459101490553132,1,0,1,6,6,1,0.6931471805599453,0,1,1,1,1,1,0,6,1.9459101490553132,1,0,1,6,6,9,2.302585092994046,0,0,4,2,9,1,4,2.0
4,1.6094379124341003,1,1,4,4,4,6,1.9459101490553132,1,0,1,6,6,0,7,36,3.6109179126442243,1,0,1,1,6,34,3.5553480614894135,1,1,4,6,4,2,2,870.0
7,2.0794415416798357,0,1,2,0,7,5,1.791759469228055,0,2,0,5,5,3,3,39,3.6888794541139363,0,0,4,4,9,50,3.9318256327243257,1,2,0,1,0,1,1,3782.0
5,1.791759469228055,0,2,0,5,5,6,1.9459101490553132,1,0,1,6,6,0,8,31,3.4657359027997265,0,1,1,3,1,52,3.970291913552122,1,1,2,3,2,1,0,1862.0
6,1.9459101490553132,1,0,1,6,6,2,1.0986122886681098,1,2,2,2,2,0,5,12,2.5649493574615367,1,0,2,5,2,24,3.2188758248682006,1,0,4,3,4,2,6,126.0
7,2.0794415416798357,0,1,2,0,7,1,0.6931471805599453,0,1,1,1,1,2,1,8,2.1972245773362196,1,2,3,1,8,8,2.1972245773362196,1,2,3,1,8,1,4,2.0
2,1.0986122886681098,1,2,2,2,2,2,1.0986122886681098,1,2,2,2,2,2,5,6,1.9459101490553132,1,0,1,6,6,4,1.6094379124341003,1,1,4,4,4,2,5,6.0
4,1.6094379124341003,1,1,4,4,4,2,1.0986122886681098,1,2,2,2,2,7,7,16,2.833213344056216,1,1,1,2,6,9,2.302585092994046,0,0,4,2,9,1,3,30.0
3,1.3862943611198906,0,0,3,3,3,3,1.3862943611198906,0,0,3,3,3,5,6,11,2.4849066497880004,0,2,1,4,1,11,2.4849066497880004,0,2,1,4,1,1,2,38.0
7,2.0794415416798357,0,1,2,0,7,4,1.6094379124341003,1,1,4,4,4,1,5,51,3.9512437185814275,0,0,1,2,1,44,3.8066624897703196,1,2,4,2,4,1,1,1766.0
3,1.3862943611198906,0,0,3,3,3,1,0.6931471805599453,0,1,1,1,1,3,6,6,1.9459101490553132,1,0,1,6,6,5,1.791759469228055,0,2,0,5,5,1,4,2.0
1,0.6931471805599453,0,1,1,1,1,4,1.6094379124341003,1,1,4,4,4,5,7,5,1.791759469228055,0,2,0,5,5,4,1.6094379124341003,1,1,4,4,4,1,4,2.0
7,2.0794415416798357,0,1,2,0,7,6,1.9459101490553132,1,0,1,6,6,2,3,70,4.2626798770413155,1,1,0,0,0,72,4.290459441148391,1,0,2,2,2,1,2,7814.0
1,0.6931471805599453,0,1,1,1,1,4,1.6094379124341003,1,1,4,4,4,5,6,5,1.791759469228055,0,2,0,5,5,7,2.0794415416798357,0,1,2,0,7,1,3,2.0
5,1.791759469228055,0,2,0,5,5,4,1.6094379124341003,1,1,4,4,4,3,3,34,3.5553480614894135,1,1,4,6,4,36,3.6109179126442243,1,0,1,1,6,1,1,422.0
2,1.0986122886681098,1,2,2,2,2,6,1.9459101490553132,1,0,1,6,6,5,6,12,2.5649493574615367,1,0,2,5,2,21,3.091042453358316,0,0,1,0,1,1,3,126.0
4,1.6094379124341003,1,1,4,4,4,7,2.0794415416798357,0,1,2,0,7,0,1,42,3.7612001156935624,1,0,2,0,2,28,3.367295829986474,1,1,3,0,8,1,3,1766.0
2,1.0986122886681098,1,2,2,2,2,7,2.0794415416798357,0,1,2,0,7,0,8,22,3.1354942159291497,1,1,2,1,2,19,2.995732273553991,0,1,4,5,9,1,1,254.0
5,1.791759469228055,0,2,0,5,5,7,2.0794415416798357,0,1,2,0,7,1,6,35,3.58351893845611,0,2,0,0,5,64,4.174387269895637,1,1,4,1,4,1,2,3782.0
6,1.9459101490553132,1,0,1,6,6,5,1.791759469228055,0,2,0,5,5,0,6,32,3.4965075614664802,1,2,2,4,2,54,4.007333185232471,1,0,4,5,4,1,1,1862.0
1,0.6931471805599453,0,1,1,1,1,2,1.0986122886681098,1,2,2,2,2,4,1,4,1.6094379124341003,1,1,4,4,4,3,1.3862943611198906,0,0,3,3,3,1,4,2.0
3,1.3862943611198906,0,0,3,3,3,7,2.0794415416798357,0,1,2,0,7,3,6,34,3.5553480614894135,1,1,4,6,4,22,3.1354942159291497,1,1,2,1,2,1,0,758.0
4,1.6094379124341003,1,1,4,4,4,5,1.791759469228055,0,2,0,5,5,0,6,40,3.713572066704308,1,1,0,5,0,25,3.258096538021482,0,1,0,4,5,1,3,422.0
1,0.6931471805599453,0,1,1,1,1,7,2.0794415416798357,0,1,2,0,7,6,5,9,2.302585092994046,0,0,4,2,9,14,2.70805020110221,1,2,4,0,4,1,4,2.0
5,1.791759469228055,0,2,0,5,5,3,1.3862943611198906,0,0,3,3,3,2,1,16,2.833213344056216,1,1,1,2,6,29,3.4011973816621555,0,2,4,1,9,1,0,182.0
4,1.6094379124341003,1,1,4,4,4,6,1.9459101490553132,1,0,1,6,6,8,2,29,3.4011973816621555,0,2,4,1,9,41,3.7376696182833684,0,2,1,6,1,1,0,870.0
7,2.0794415416798357,0,1,2,0,7,7,2.0794415416798357,0,1,2,0,7,7,8,83,4.430816798843313,0,2,3,6,3,59,4.0943445622221,0,2,4,3,9,1,1,15878.0
2,1.0986122886681098,1,2,2,2,2,7,2.0794415416798357,0,1,2,0,7,0,1,21,3.091042453358316,0,0,1,0,1,25,3.258096538021482,0,1,0,4,5,1,1,254.0
5,1.791759469228055,0,2,0,5,5,2,1.0986122886681098,1,2,2,2,2,4,5,14,2.70805020110221,1,2,4,0,4,14,2.70805020110221,1,2,4,0,4,1,3,62.0
6,1.9459101490553132,1,0,1,6,6,4,1.6094379124341003,1,1,4,4,4,8,3,47,3.871201010907891,0,2,2,5,7,35,3.58351893845611,0,2,0,0,5,1,0,870.0
1,0.6931471805599453,0,1,1,1,1,3,1.3862943611198906,0,0,3,3,3,2,2,6,1.9459101490553132,1,0,1,6,6,5,1.791759469228055,0,2,0,5,5,1,4,2.0
6,1.9459101490553132,1,0,1,6,6,2,1.0986122886681098,1,2,2,2,2,4,4,12,2.5649493574615367,1,0,2,5,2,22,3.1354942159291497,1,1,2,1,2,2,4,126.0
4,1.6094379124341003,1,1,4,4,4,1,0.6931471805599453,0,1,1,1,1,3,3,6,1.9459101490553132,1,0,1,6,6,4,1.6094379124341003,1,1,4,4,4,1,4,2.0
1,0.6931471805599453,0,1,1,1,1,6,1.9459101490553132,1,0,1,6,6,5,8,11,2.4849066497880004,0,2,1,4,1,12,2.5649493574615367,1,0,2,5,2,1,4,2.0
5,1.791759469228055,0,2,0,5,5,6,1.9459101490553132,1,0,1,6,6,8,7,49,3.912023005428146,0,1,4,0,9,33,3.5263605246161616,0,0,3,5,3,1,0,1862.0
5,1.791759469228055,0,2,0,5,5,5,1.791759469228055,0,2,0,5,5,7,2,40,3.713572066704308,1,1,0,5,0,29,3.4011973816621555,0,2,4,1,9,1,3,902.0
4,1.6094379124341003,1,1,4,4,4,6,1.9459101490553132,1,0,1,6,6,1,5,37,3.6375861597263857,0,1,2,2,7,40,3.713572066704308,1,1,0,5,0,1,1,870.0
5,1.791759469228055,0,2,0,5,5,1,0.6931471805599453,0,1,1,1,1,5,4,5,1.791759469228055,0,2,0,5,5,7,2.0794415416798357,0,1,2,0,7,1,4,2.0
5,1.791759469228055,0,2,0,5,5,1,0.6931471805599453,0,1,1,1,1,8,3,6,1.9459101490553132,1,0,1,6,6,9,2.302585092994046,0,0,4,2,9,1,3,2.0
7,2.0794415416798357,0,1,2,0,7,2,1.0986122886681098,1,2,2,2,2,5,6,19,2.995732273553991,0,1,4,5,9,27,3.332204510175204,0,0,2,6,7,1,0,254.0
3,1.3862943611198906,0,0,3,3,3,6,1.9459101490553132,1,0,1,6,6,4,7,27,3.332204510175204,0,0,2,6,7,18,2.9444389791664403,1,0,3,4,8,3,4,374.0
6,1.9459101490553132,1,0,1,6,6,4,1.6094379124341003,1,1,4,4,4,8,6,31,3.4657359027997265,0,1,1,3,1,24,3.2188758248682006,1,0,4,3,4,1,2,870.0
5,1.791759469228055,0,2,0,5,5,4,1.6094379124341003,1,1,4,4,4,0,1,22,3.1354942159291497,1,1,2,1,2,30,3.4339872044851463,1,0,0,2,0,1,1,422.0
7,2.0794415416798357,0,1,2,0,7,3,1.3862943611198906,0,0,3,3,3,1,5,38,3.6635616461296463,1,2,3,3,8,26,3.295836866004329,1,2,1,5,6,1,0,758.0
4,1.6094379124341003,1,1,4,4,4,6,1.9459101490553132,1,0,1,6,6,4,3,47,3.871201010907891,0,2,2,5,7,39,3.6888794541139363,0,0,4,4,9,1,0,870.0
7,2.0794415416798357,0,1,2,0,7,3,1.3862943611198906,0,0,3,3,3,0,7,38,3.6635616461296463,1,2,3,3,8,35,3.58351893845611,0,2,0,0,5,1,1,758.0
4,1.6094379124341003,1,1,4,4,4,4,1.6094379124341003,1,1,4,4,4,6,8,27,3.332204510175204,0,0,2,6,7,22,3.1354942159291497,1,1,2,1,2,1,1,198.0
7,2.0794415416798357,0,1,2,0,7,7,2.0794415416798357,0,1,2,0,7,0,4,54,4.007333185232471,1,0,4,5,4,83,4.430816798843313,0,2,3,6,3,1,1,15878.0
3,1.3862943611198906,0,0,3,3,3,5,1.791759469228055,0,2,0,5,5,3,6,16,2.833213344056216,1,1,1,2,6,17,2.8903717578961645,0,2,2,3,7,1,0,182.0
2,1.0986122886681098,1,2,2,2,2,6,1.9459101490553132,1,0,1,6,6,2,2,21,3.091042453358316,0,0,1,0,1,16,2.833213344056216,1,1,1,2,6,1,2,126.0
7,2.0794415416798357,0,1,2,0,7,3,1.3862943611198906,0,0,3,3,3,0,8,28,3.367295829986474,1,1,3,0,8,33,3.5263605246161616,0,0,3,5,3,1,2,758.0
7,2.0794415416798357,0,1,2,0,7,4,1.6094379124341003,1,1,4,4,4,0,4,45,3.828641396489095,0,0,0,3,5,47,3.871201010907891,0,2,2,5,7,1,0,1766.0
4,1.6094379124341003,1,1,4,4,4,3,1.3862943611198906,0,0,3,3,3,6,4,12,2.5649493574615367,1,0,2,5,2,18,2.9444389791664403,1,0,3,4,8,1,3,86.0
6,1.9459101490553132,1,0,1,6,6,2,1.0986122886681098,1,2,2,2,2,4,7,19,2.995732273553991,0,1,4,5,9,23,3.1780538303479458,0,2,3,2,3,1,1,126.0
5,1.791759469228055,0,2,0,5,5,5,1.791759469228055,0,2,0,5,5,4,2,48,3.8918202981106265,1,0,3,6,8,43,3.784189633918261,0,1,3,1,3,1,1,902.0
7,2.0794415416798357,0,1,2,0,7,2,1.0986122886681098,1,2,2,2,2,7,1,21,3.091042453358316,0,0,1,0,1,20,3.044522437723423,1,2,0,6,0,1,2,254.0
5,1.791759469228055,0,2,0,5,5,7,2.0794415416798357,0,1,2,0,7,6,5,52,3.970291913552122,1,1,2,3,2,50,3.9318256327243257,1,2,0,1,0,1,1,3782.0
6,1.9459101490553132,1,0,1,6,6,6,1.9459101490553132,1,0,1,6,6,8,4,70,4.2626798770413155,1,1,0,0,0,39,3.6888794541139363,0,0,4,4,9,1,1,3846.0
1,0.6931471805599453,0,1,1,1,1,7,2.0794415416798357,0,1,2,0,7,4,2,13,2.6390573296152584,0,1,3,6,3,12,2.5649493574615367,1,0,2,5,2,1,3,2.0
1,0.6931471805599453,0,1,1,1,1,1,0.6931471805599453,0,1,1,1,1,7,5,1,0.6931471805599453,0,1,1,1,1,2,1.0986122886681098,1,2,2,2,2,1,6,2.0
3,1.3862943611198906,0,0,3,3,3,5,1.791759469228055,0,2,0,5,5,4,5,15,2.772588722239781,0,0,0,1,5,16,2.833213344056216,1,1,1,2,6,1,2,182.0
7,2.0794415416798357,0,1,2,0,7,6,1.9459101490553132,1,0,1,6,6,6,8,80,4.394449154672439,1,2,0,3,0,80,4.394449154672439,1,2,0,3,0,1,1,7814.0
2,1.0986122886681098,1,2,2,2,2,3,1.3862943611198906,0,0,3,3,3,4,7,10,2.3978952727983707,1,1,0,3,0,6,1.9459101490553132,1,0,1,6,6,1,3,14.0
3,1.3862943611198906,0,0,3,3,3,7,2.0794415416798357,0,1,2,0,7,7,7,28,3.367295829986474,1,1,3,0,8,29,3.4011973816621555,0,2,4,1,9,1,1,758.0
5,1.791759469228055,0,2,0,5,5,1,0.6931471805599453,0,1,1,1,1,0,5,7,2.0794415416798357,0,1,2,0,7,6,1.9459101490553132,1,0,1,6,6,1,3,2.0
4,1.6094379124341003,1,1,4,4,4,5,1.791759469228055,0,2,0,5,5,0,4,39,3.6888794541139363,0,0,4,4,9,37,3.6375861597263857,0,1,2,2,7,1,0,422.0
4,1.6094379124341003,1,1,4,4,4,1,0.6931471805599453,0,1,1,1,1,5,7,7,2.0794415416798357,0,1,2,0,7,7,2.0794415416798357,0,1,2,0,7,1,4,2.0
3,1.3862943611198906,0,0,3,3,3,6,1.9459101490553132,1,0,1,6,6,4,3,28,3.367295829986474,1,1,3,0,8,30,3.4339872044851463,1,0,0,2,0,1,3,374.0
7,2.0794415416798357,0,1,2,0,7,6,1.9459101490553132,1,0,1,6,6,3,0,64,4.174387269895637,1,1,4,1,4,48,3.8918202981106265,1,0,3,6,8,1,1,7814.0
6,1.9459101490553132,1,0,1,6,6,7,2.0794415416798357,0,1,2,0,7,3,0,49,3.912023005428146,0,1,4,0,9,57,4.060443010546419,0,0,2,1,7,1,1,7814.0
1,0.6931471805599453,0,1,1,1,1,7,2.0794415416798357,0,1,2,0,7,1,4,8,2.1972245773362196,1,2,3,1,8,11,2.4849066497880004,0,2,1,4,1,1,3,2.0
1,0.6931471805599453,0,1,1,1,1,7,2.0794415416798357,0,1,2,0,7,7,7,14,2.70805020110221,1,2,4,0,4,7,2.0794415416798357,0,1,2,0,7,1,6,2.0
2,1.0986122886681098,1,2,2,2,2,2,1.0986122886681098,1,2,2,2,2,2,5,7,2.0794415416798357,0,1,2,0,7,7,2.0794415416798357,0,1,2,0,7,1,2,6.0
3,1.3862943611198906,0,0,3,3,3,3,1.3862943611198906,0,0,3,3,3,5,8,10,2.3978952727983707,1,1,0,3,0,14,2.70805020110221,1,2,4,0,4,1,1,38.0
2,1.0986122886681098,1,2,2,2,2,7,2.0794415416798357,0,1,2,0,7,3,1,26,3.295836866004329,1,2,1,5,6,28,3.367295829986474,1,1,3,0,8,1,3,254.0
2,1.0986122886681098,1,2,2,2,2,6,1.9459101490553132,1,0,1,6,6,4,5,16,2.833213344056216,1,1,1,2,6,17,2.8903717578961645,0,2,2,3,7,1,2,126.0
4,1.6094379124341003,1,1,4,4,4,5,1.791759469228055,0,2,0,5,5,3,0,31,3.4657359027997265,0,1,1,3,1,28,3.367295829986474,1,1,3,0,8,1,1,422.0
7,2.0794415416798357,0,1,2,0,7,6,1.9459101490553132,1,0,1,6,6,6,4,66,4.204692619390966,1,0,1,3,6,46,3.8501476017100584,1,1,1,4,6,1,1,7814.0
5,1.791759469228055,0,2,0,5,5,4,1.6094379124341003,1,1,4,4,4,8,7,22,3.1354942159291497,1,1,2,1,2,35,3.58351893845611,0,2,0,0,5,1,1,422.0
6,1.9459101490553132,1,0,1,6,6,6,1.9459101490553132,1,0,1,6,6,3,7,54,4.007333185232471,1,0,4,5,4,43,3.784189633918261,0,1,3,1,3,1,3,3846.0
4,1.6094379124341003,1,1,4,4,4,5,1.791759469228055,0,2,0,5,5,6,4,33,3.5263605246161616,0,0,3,5,3,22,3.1354942159291497,1,1,2,1,2,1,0,422.0
3,1.3862943611198906,0,0,3,3,3,5,1.791759469228055,0,2,0,5,5,4,4,30,3.4339872044851463,1,0,0,2,0,30,3.4339872044851463,1,0,0,2,0,1,5,182.0
3,1.3862943611198906,0,0,3,3,3,4,1.6094379124341003,1,1,4,4,4,7,0,16,2.833213344056216,1,1,1,2,6,14,2.70805020110221,1,2,4,0,4,1,1,86.0
5,1.791759469228055,0,2,0,5,5,3,1.3862943611198906,0,0,3,3,3,8,1,18,2.9444389791664403,1,0,3,4,8,16,2.833213344056216,1,1,1,2,6,1,1,182.0
7,2.0794415416798357,0,1,2,0,7,1,0.6931471805599453,0,1,1,1,1,2,6,10,2.3978952727983707,1,1,0,3,0,10,2.3978952727983707,1,1,0,3,0,1,4,2.0
1,0.6931471805599453,0,1,1,1,1,5,1.791759469228055,0,2,0,5,5,3,0,8,2.1972245773362196,1,2,3,1,8,8,2.1972245773362196,1,2,3,1,8,1,4,2.0
1,0.6931471805599453,0,1,1,1,1,5,1.791759469228055,0,2,0,5,5,7,5,5,1.791759469228055,0,2,0,5,5,10,2.3978952727983707,1,1,0,3,0,1,6,2.0
1,0.6931471805599453,0,1,1,1,1,6,1.9459101490553132,1,0,1,6,6,3,5,12,2.5649493574615367,1,0,2,5,2,11,2.4849066497880004,0,2,1,4,1,1,4,2.0
4,1.6094379124341003,1,1,4,4,4,6,1.9459101490553132,1,0,1,6,6,8,6,41,3.7376696182833684,0,2,1,6,1,29,3.4011973816621555,0,2,4,1,9,1,0,870.0
3,1.3862943611198906,0,0,3,3,3,1,0.6931471805599453,0,1,1,1,1,2,2,6,1.9459101490553132,1,0,1,6,6,6,1.9459101490553132,1,0,1,6,6,1,6,2.0
5,1.791759469228055,0,2,0,5,5,7,2.0794415416798357,0,1,2,0,7,8,0,38,3.6635616461296463,1,2,3,3,8,67,4.219507705176107,0,1,2,4,7,1,0,3782.0
4,1.6094379124341003,1,1,4,4,4,2,1.0986122886681098,1,2,2,2,2,7,6,16,2.833213344056216,1,1,1,2,6,9,2.302585092994046,0,0,4,2,9,1,3,30.0
7,2.0794415416798357,0,1,2,0,7,4,1.6094379124341003,1,1,4,4,4,7,0,32,3.4965075614664802,1,2,2,4,2,37,3.6375861597263857,0,1,2,2,7,1,1,1766.0
1,0.6931471805599453,0,1,1,1,1,5,1.791759469228055,0,2,0,5,5,7,1,5,1.791759469228055,0,2,0,5,5,5,1.791759469228055,0,2,0,5,5,1,6,2.0
2,1.0986122886681098,1,2,2,2,2,7,2.0794415416798357,0,1,2,0,7,1,5,22,3.1354942159291497,1,1,2,1,2,17,2.8903717578961645,0,2,2,3,7,1,1,254.0
1,0.6931471805599453,0,1,1,1,1,7,2.0794415416798357,0,1,2,0,7,8,6,11,2.4849066497880004,0,2,1,4,1,11,2.4849066497880004,0,2,1,4,1,1,4,2.0
2,1.0986122886681098,1,2,2,2,2,1,0.6931471805599453,0,1,1,1,1,2,6,4,1.6094379124341003,1,1,4,4,4,2,1.0986122886681098,1,2,2,2,2,1,6,2.0
5,1.791759469228055,0,2,0,5,5,2,1.0986122886681098,1,2,2,2,2,7,8,19,2.995732273553991,0,1,4,5,9,17,2.8903717578961645,0,2,2,3,7,1,0,62.0
7,2.0794415416798357,0,1,2,0,7,2,1.0986122886681098,1,2,2,2,2,2,0,16,2.833213344056216,1,1,1,2,6,15,2.772588722239781,0,0,0,1,5,1,1,254.0
7,2.0794415416798357,0,1,2,0,7,1,0.6931471805599453,0,1,1,1,1,6,1,13,2.6390573296152584,0,1,3,6,3,10,2.3978952727983707,1,1,0,3,0,1,3,2.0
6,1.9459101490553132,1,0,1,6,6,1,0.6931471805599453,0,1,1,1,1,7,6,9,2.302585092994046,0,0,4,2,9,9,2.302585092994046,0,0,4,2,9,1,4,2.0
1,0.6931471805599453,0,1,1,1,1,2,1.0986122886681098,1,2,2,2,2,1,6,4,1.6094379124341003,1,1,4,4,4,3,1.3862943611198906,0,0,3,3,3,1,4,2.0
6,1.9459101490553132,1,0,1,6,6,2,1.0986122886681098,1,2,2,2,2,0,3,17,2.8903717578961645,0,2,2,3,7,20,3.044522437723423,1,2,0,6,0,1,2,126.0
4,1.6094379124341003,1,1,4,4,4,3,1.3862943611198906,0,0,3,3,3,6,2,20,3.044522437723423,1,2,0,6,0,14,2.70805020110221,1,2,4,0,4,1,1,86.0
2,1.0986122886681098,1,2,2,2,2,3,1.3862943611198906,0,0,3,3,3,1,5,7,2.0794415416798357,0,1,2,0,7,8,2.1972245773362196,1,2,3,1,8,1,1,14.0
2,1.0986122886681098,1,2,2,2,2,5,1.791759469228055,0,2,0,5,5,0,5,15,2.772588722239781,0,0,0,1,5,15,2.772588722239781,0,0,0,1,5,1,3,62.0
6,1.9459101490553132,1,0,1,6,6,7,2.0794415416798357,0,1,2,0,7,0,5,66,4.204692619390966,1,0,1,3,6,62,4.143134726391533,1,2,2,6,2,1,1,7814.0
4,1.6094379124341003,1,1,4,4,4,6,1.9459101490553132,1,0,1,6,6,7,6,37,3.6375861597263857,0,1,2,2,7,33,3.5263605246161616,0,0,3,5,3,1,0,870.0
6,1.9459101490553132,1,0,1,6,6,4,1.6094379124341003,1,1,4,4,4,7,7,29,3.4011973816621555,0,2,4,1,9,47,3.871201010907891,0,2,2,5,7,1,0,870.0
7,2.0794415416798357,0,1,2,0,7,1,0.6931471805599453,0,1,1,1,1,4,0,8,2.1972245773362196,1,2,3,1,8,8,2.1972245773362196,1,2,3,1,8,1,4,2.0
2,1.0986122886681098,1,2,2,2,2,5,1.791759469228055,0,2,0,5,5,3,2,10,2.3978952727983707,1,1,0,3,0,14,2.70805020110221,1,2,4,0,4,1,3,62.0
1,0.6931471805599453,0,1,1,1,1,5,1.791759469228055,0,2,0,5,5,7,2,8,2.1972245773362196,1,2,3,1,8,7,2.0794415416798357,0,1,2,0,7,1,3,2.0
7,2.0794415416798357,0,1,2,0,7,5,1.791759469228055,0,2,0,5,5,5,2,39,3.6888794541139363,0,0,4,4,9,45,3.828641396489095,0,0,0,3,5,1,1,3782.0
2,1.0986122886681098,1,2,2,2,2,2,1.0986122886681098,1,2,2,2,2,7,1,7,2.0794415416798357,0,1,2,0,7,4,1.6094379124341003,1,1,4,4,4,1,3,6.0
3,1.3862943611198906,0,0,3,3,3,3,1.3862943611198906,0,0,3,3,3,8,4,18,2.9444389791664403,1,0,3,4,8,9,2.302585092994046,0,0,4,2,9,3,6,38.0
6,1.9459101490553132,1,0,1,6,6,4,1.6094379124341003,1,1,4,4,4,5,4,42,3.7612001156935624,1,0,2,0,2,43,3.784189633918261,0,1,3,1,3,1,1,870.0
1,0.6931471805599453,0,1,1,1,1,5,1.791759469228055,0,2,0,5,5,4,3,10,2.3978952727983707,1,1,0,3,0,8,2.1972245773362196,1,2,3,1,8,1,4,2.0
7,2.0794415416798357,0,1,2,0,7,1,0.6931471805599453,0,1,1,1,1,0,3,7,2.0794415416798357,0,1,2,0,7,11,2.4849066497880004,0,2,1,4,1,1,4,2.0
7,2.0794415416798357,0,1,2,0,7,4,1.6094379124341003,1,1,4,4,4,2,0,42,3.7612001156935624,1,0,2,0,2,38,3.6635616461296463,1,2,3,3,8,1,1,1766.0
3,1.3862943611198906,0,0,3,3,3,4,1.6094379124341003,1,1,4,4,4,6,3,17,2.8903717578961645,0,2,2,3,7,16,2.833213344056216,1,1,1,2,6,1,1,86.0
3,1.3862943611198906,0,0,3,3,3,4,1.6094379124341003,1,1,4,4,4,8,7,13,2.6390573296152584,0,1,3,6,3,12,2.5649493574615367,1,0,2,5,2,1,2,86.0
7,2.0794415416798357,0,1,2,0,7,3,1.3862943611198906,0,0,3,3,3,7,8,32,3.4965075614664802,1,2,2,4,2,33,3.5263605246161616,0,0,3,5,3,1,1,758.0
3,1.3862943611198906,0,0,3,3,3,4,1.6094379124341003,1,1,4,4,4,3,0,24,3.2188758248682006,1,0,4,3,4,14,2.70805020110221,1,2,4,0,4,1,2,86.0
7,2.0794415416798357,0,1,2,0,7,1,0.6931471805599453,0,1,1,1,1,4,4,13,2.6390573296152584,0,1,3,6,3,14,2.70805020110221,1,2,4,0,4,1,4,2.0
5,1.791759469228055,0,2,0,5,5,7,2.0794415416798357,0,1,2,0,7,5,5,43,3.784189633918261,0,1,3,1,3,47,3.871201010907891,0,2,2,5,7,1,0,3782.0
2,1.0986122886681098,1,2,2,2,2,1,0.6931471805599453,0,1,1,1,1,0,0,4,1.6094379124341003,1,1,4,4,4,3,1.3862943611198906,0,0,3,3,3,1,4,2.0
7,2.0794415416798357,0,1,2,0,7,7,2.0794415416798357,0,1,2,0,7,0,0,92,4.532599493153256,1,2,2,1,2,59,4.0943445622221,0,2,4,3,9,1,1,15878.0
5,1.791759469228055,0,2,0,5,5,1,0.6931471805599453,0,1,1,1,1,2,2,9,2.302585092994046,0,0,4,2,9,5,1.791759469228055,0,2,0,5,5,1,4,2.0
5,1.791759469228055,0,2,0,5,5,4,1.6094379124341003,1,1,4,4,4,1,1,24,3.2188758248682006,1,0,4,3,4,22,3.1354942159291497,1,1,2,1,2,1,1,422.0
6,1.9459101490553132,1,0,1,6,6,7,2.0794415416798357,0,1,2,0,7,0,6,71,4.276666119016055,0,2,1,1,1,73,4.30406509320417,0,1,3,3,3,1,0,7814.0
3,1.3862943611198906,0,0,3,3,3,7,2.0794415416798357,0,1,2,0,7,7,4,25,3.258096538021482,0,1,0,4,5,25,3.258096538021482,0,1,0,4,5,1,1,758.0
1,0.6931471805599453,0,1,1,1,1,5,1.791759469228055,0,2,0,5,5,8,7,6,1.9459101490553132,1,0,1,6,6,9,2.302585092994046,0,0,4,2,9,1,3,2.0
5,1.791759469228055,0,2,0,5,5,7,2.0794415416798357,0,1,2,0,7,5,7,56,4.04305126783455,1,2,1,0,6,49,3.912023005428146,0,1,4,0,9,1,2,3782.0
1,0.6931471805599453,0,1,1,1,1,1,0.6931471805599453,0,1,1,1,1,1,3,2,1.0986122886681098,1,2,2,2,2,1,0.6931471805599453,0,1,1,1,1,1,6,2.0
5,1.791759469228055,0,2,0,5,5,7,2.0794415416798357,0,1,2,0,7,1,0,52,3.970291913552122,1,1,2,3,2,49,3.912023005428146,0,1,4,0,9,1,1,3782.0
1,0.6931471805599453,0,1,1,1,1,3,1.3862943611198906,0,0,3,3,3,1,2,3,1.3862943611198906,0,0,3,3,3,5,1.791759469228055,0,2,0,5,5,1,4,2.0
4,1.6094379124341003,1,1,4,4,4,6,1.9459101490553132,1,0,1,6,6,8,2,45,3.828641396489095,0,0,0,3,5,46,3.8501476017100584,1,1,1,4,6,1,0,870.0
5,1.791759469228055,0,2,0,5,5,4,1.6094379124341003,1,1,4,4,4,3,6,20,3.044522437723423,1,2,0,6,0,35,3.58351893845611,0,2,0,0,5,1,3,422.0
2,1.0986122886681098,1,2,2,2,2,4,1.6094379124341003,1,1,4,4,4,0,4,12,2.5649493574615367,1,0,2,5,2,16,2.833213344056216,1,1,1,2,6,2,5,30.0
4,1.6094379124341003,1,1,4,4,4,2,1.0986122886681098,1,2,2,2,2,7,7,11,2.4849066497880004,0,2,1,4,1,8,2.1972245773362196,1,2,3,1,8,1,3,30.0
7,2.0794415416798357,0,1,2,0,7,6,1.9459101490553132,1,0,1,6,6,1,7,53,3.9889840465642745,0,2,3,4,3,62,4.143134726391533,1,2,2,6,2,1,0,7814.0
2,1.0986122886681098,1,2,2,2,2,2,1.0986122886681098,1,2,2,2,2,4,5,4,1.6094379124341003,1,1,4,4,4,7,2.0794415416798357,0,1,2,0,7,1,3,6.0
6,1.9459101490553132,1,0,1,6,6,7,2.0794415416798357,0,1,2,0,7,6,4,80,4.394449154672439,1,2,0,3,0,61,4.127134385045092,0,1,1,5,1,1,0,7814.0
4,1.6094379124341003,1,1,4,4,4,3,1.3862943611198906,0,0,3,3,3,2,4,21,3.091042453358316,0,0,1,0,1,24,3.2188758248682006,1,0,4,3,4,1,3,86.0
6,1.9459101490553132,1,0,1,6,6,3,1.3862943611198906,0,0,3,3,3,8,4,20,3.044522437723423,1,2,0,6,0,35,3.58351893845611,0,2,0,0,5,1,1,374.0
4,1.6094379124341003,1,1,4,4,4,6,1.9459101490553132,1,0,1,6,6,2,3,26,3.295836866004329,1,2,1,5,6,46,3.8501476017100584,1,1,1,4,6,2,0,870.0
2,1.0986122886681098,1,2,2,2,2,2,1.0986122886681098,1,2,2,2,2,5,0,5,1.791759469228055,0,2,0,5,5,7,2.0794415416798357,0,1,2,0,7,1,1,6.0
1,0.6931471805599453,0,1,1,1,1,1,0.6931471805599453,0,1,1,1,1,2,4,1,0.6931471805599453,0,1,1,1,1,2,1.0986122886681098,1,2,2,2,2,1,6,2.0
4,1.6094379124341003,1,1,4,4,4,4,1.6094379124341003,1,1,4,4,4,3,7,27,3.332204510175204,0,0,2,6,7,28,3.367295829986474,1,1,3,0,8,1,3,198.0
7,2.0794415416798357,0,1,2,0,7,3,1.3862943611198906,0,0,3,3,3,3,8,25,3.258096538021482,0,1,0,4,5,35,3.58351893845611,0,2,0,0,5,1,1,758.0
5,1.791759469228055,0,2,0,5,5,6,1.9459101490553132,1,0,1,6,6,8,8,56,4.04305126783455,1,2,1,0,6,32,3.4965075614664802,1,2,2,4,2,1,0,1862.0
3,1.3862943611198906,0,0,3,3,3,3,1.3862943611198906,0,0,3,3,3,3,7,15,2.772588722239781,0,0,0,1,5,11,2.4849066497880004,0,2,1,4,1,1,3,38.0
5,1.791759469228055,0,2,0,5,5,1,0.6931471805599453,0,1,1,1,1,8,1,5,1.791759469228055,0,2,0,5,5,5,1.791759469228055,0,2,0,5,5,1,6,2.0
5,1.791759469228055,0,2,0,5,5,7,2.0794415416798357,0,1,2,0,7,1,7,49,3.912023005428146,0,1,4,0,9,69,4.248495242049359,0,0,4,6,9,1,1,3782.0
3,1.3862943611198906,0,0,3,3,3,5,1.791759469228055,0,2,0,5,5,8,8,18,2.9444389791664403,1,0,3,4,8,18,2.9444389791664403,1,0,3,4,8,1,3,182.0
7,2.0794415416798357,0,1,2,0,7,3,1.3862943611198906,0,0,3,3,3,3,5,37,3.6375861597263857,0,1,2,2,7,29,3.4011973816621555,0,2,4,1,9,1,0,758.0
6,1.9459101490553132,1,0,1,6,6,7,2.0794415416798357,0,1,2,0,7,1,4,65,4.189654742026425,0,2,0,2,5,56,4.04305126783455,1,2,1,0,6,1,1,7814.0
2,1.0986122886681098,1,2,2,2,2,6,1.9459101490553132,1,0,1,6,6,1,3,23,3.1780538303479458,0,2,3,2,3,20,3.044522437723423,1,2,0,6,0,1,2,126.0
5,1.791759469228055,0,2,0,5,5,2,1.0986122886681098,1,2,2,2,2,1,7,17,2.8903717578961645,0,2,2,3,7,16,2.833213344056216,1,1,1,2,6,1,1,62.0
7,2.0794415416798357,0,1,2,0,7,2,1.0986122886681098,1,2,2,2,2,7,7,14,2.70805020110221,1,2,4,0,4,14,2.70805020110221,1,2,4,0,4,1,5,254.0
7,2.0794415416798357,0,1,2,0,7,4,1.6094379124341003,1,1,4,4,4,6,2,56,4.04305126783455,1,2,1,0,6,35,3.58351893845611,0,2,0,0,5,1,3,1766.0
6,1.9459101490553132,1,0,1,6,6,4,1.6094379124341003,1,1,4,4,4,0,3,44,3.8066624897703196,1,2,4,2,4,38,3.6635616461296463,1,2,3,3,8,2,1,870.0
1,0.6931471805599453,0,1,1,1,1,3,1.3862943611198906,0,0,3,3,3,1,3,5,1.791759469228055,0,2,0,5,5,3,1.3862943611198906,0,0,3,3,3,1,4,2.0
1,0.6931471805599453,0,1,1,1,1,2,1.0986122886681098,1,2,2,2,2,0,4,2,1.0986122886681098,1,2,2,2,2,2,1.0986122886681098,1,2,2,2,2,1,6,2.0
2,1.0986122886681098,1,2,2,2,2,7,2.0794415416798357,0,1,2,0,7,7,0,17,2.8903717578961645,0,2,2,3,7,22,3.1354942159291497,1,1,2,1,2,1,1,254.0
5,1.791759469228055,0,2,0,5,5,3,1.3862943611198906,0,0,3,3,3,3,5,15,2.772588722239781,0,0,0,1,5,16,2.833213344056216,1,1,1,2,6,1,2,182.0
2,1.0986122886681098,1,2,2,2,2,3,1.3862943611198906,0,0,3,3,3,1,5,6,1.9459101490553132,1,0,1,6,6,11,2.4849066497880004,0,2,1,4,1,1,2,14.0
4,1.6094379124341003,1,1,4,4,4,7,2.0794415416798357,0,1,2,0,7,3,1,52,3.970291913552122,1,1,2,3,2,53,3.9889840465642745,0,2,3,4,3,1,1,1766.0
2,1.0986122886681098,1,2,2,2,2,3,1.3862943611198906,0,0,3,3,3,4,4,10,2.3978952727983707,1,1,0,3,0,10,2.3978952727983707,1,1,0,3,0,1,3,14.0
3,1.3862943611198906,0,0,3,3,3,3,1.3862943611198906,0,0,3,3,3,1,4,14,2.70805020110221,1,2,4,0,4,14,2.70805020110221,1,2,4,0,4,1,2,38.0
4,1.6094379124341003,1,1,4,4,4,2,1.0986122886681098,1,2,2,2,2,0,3,13,2.6390573296152584,0,1,3,6,3,13,2.6390573296152584,0,1,3,6,3,1,2,30.0
6,1.9459101490553132,1,0,1,6,6,2,1.0986122886681098,1,2,2,2,2,7,2,24,3.2188758248682006,1,0,4,3,4,20,3.044522437723423,1,2,0,6,0,2,4,126.0
2,1.0986122886681098,1,2,2,2,2,5,1.791759469228055,0,2,0,5,5,4,2,10,2.3978952727983707,1,1,0,3,0,20,3.044522437723423,1,2,0,6,0,1,5,62.0
2,1.0986122886681098,1,2,2,2,2,6,1.9459101490553132,1,0,1,6,6,0,7,19,2.995732273553991,0,1,4,5,9,16,2.833213344056216,1,1,1,2,6,1,2,126.0
7,2.0794415416798357,0,1,2,0,7,7,2.0794415416798357,0,1,2,0,7,4,0,52,3.970291913552122,1,1,2,3,2,52,3.970291913552122,1,1,2,3,2,1,2,15878.0
4,1.6094379124341003,1,1,4,4,4,5,1.791759469228055,0,2,0,5,5,4,7,30,3.4339872044851463,1,0,0,2,0,36,3.6109179126442243,1,0,1,1,6,1,2,422.0
3,1.3862943611198906,0,0,3,3,3,6,1.9459101490553132,1,0,1,6,6,7,1,22,3.1354942159291497,1,1,2,1,2,22,3.1354942159291497,1,1,2,1,2,1,2,374.0
2,1.0986122886681098,1,2,2,2,2,1,0.6931471805599453,0,1,1,1,1,1,3,3,1.3862943611198906,0,0,3,3,3,4,1.6094379124341003,1,1,4,4,4,1,4,2.0
5,1.791759469228055,0,2,0,5,5,1,0.6931471805599453,0,1,1,1,1,8,6,9,2.302585092994046,0,0,4,2,9,10,2.3978952727983707,1,1,0,3,0,1,4,2.0
6,1.9459101490553132,1,0,1,6,6,7,2.0794415416798357,0,1,2,0,7,2,1,43,3.784189633918261,0,1,3,1,3,44,3.8066624897703196,1,2,4,2,4,1,0,7814.0
2,1.0986122886681098,1,2,2,2,2,7,2.0794415416798357,0,1,2,0,7,7,2,19,2.995732273553991,0,1,4,5,9,24,3.2188758248682006,1,0,4,3,4,1,1,254.0
4,1.6094379124341003,1,1,4,4,4,3,1.3862943611198906,0,0,3,3,3,8,6,14,2.70805020110221,1,2,4,0,4,20,3.044522437723423,1,2,0,6,0,1,1,86.0
7,2.0794415416798357,0,1,2,0,7,6,1.9459101490553132,1,0,1,6,6,5,7,74,4.31748811353631,1,2,4,4,4,53,3.9889840465642745,0,2,3,4,3,1,0,7814.0
2,1.0986122886681098,1,2,2,2,2,6,1.9459101490553132,1,0,1,6,6,3,2,19,2.995732273553991,0,1,4,5,9,23,3.1780538303479458,0,2,3,2,3,1,1,126.0
2,1.0986122886681098,1,2,2,2,2,1,0.6931471805599453,0,1,1,1,1,7,0,4,1.6094379124341003,1,1,4,4,4,4,1.6094379124341003,1,1,4,4,4,1,6,2.0
3,1.3862943611198906,0,0,3,3,3,7,2.0794415416798357,0,1,2,0,7,6,7,41,3.7376696182833684,0,2,1,6,1,21,3.091042453358316,0,0,1,0,1,1,2,758.0
5,1.791759469228055,0,2,0,5,5,1,0.6931471805599453,0,1,1,1,1,5,6,8,2.1972245773362196,1,2,3,1,8,10,2.3978952727983707,1,1,0,3,0,1,4,2.0
5,1.791759469228055,0,2,0,5,5,2,1.0986122886681098,1,2,2,2,2,7,4,18,2.9444389791664403,1,0,3,4,8,15,2.772588722239781,0,0,0,1,5,1,2,62.0
1,0.6931471805599453,0,1,1,1,1,6,1.9459101490553132,1,0,1,6,6,3,2,8,2.1972245773362196,1,2,3,1,8,6,1.9459101490553132,1,0,1,6,6,1,4,2.0
1,0.6931471805599453,0,1,1,1,1,3,1.3862943611198906,0,0,3,3,3,5,0,3,1.3862943611198906,0,0,3,3,3,3,1.3862943611198906,0,0,3,3,3,1,6,2.0
2,1.0986122886681098,1,2,2,2,2,2,1.0986122886681098,1,2,2,2,2,7,0,4,1.6094379124341003,1,1,4,4,4,6,1.9459101490553132,1,0,1,6,6,2,5,6.0
7,2.0794415416798357,0,1,2,0,7,5,1.791759469228055,0,2,0,5,5,3,1,52,3.970291913552122,1,1,2,3,2,59,4.0943445622221,0,2,4,3,9,1,0,3782.0
5,1.791759469228055,0,2,0,5,5,3,1.3862943611198906,0,0,3,3,3,0,4,24,3.2188758248682006,1,0,4,3,4,15,2.772588722239781,0,0,0,1,5,1,3,182.0
1,0.6931471805599453,0,1,1,1,1,1,0.6931471805599453,0,1,1,1,1,0,3,1,0.6931471805599453,0,1,1,1,1,1,0.6931471805599453,0,1,1,1,1,1,6,2.0
6,1.9459101490553132,1,0,1,6,6,5,1.791759469228055,0,2,0,5,5,5,7,36,3.6109179126442243,1,0,1,1,6,39,3.6888794541139363,0,0,4,4,9,1,1,1862.0
2,1.0986122886681098,1,2,2,2,2,3,1.3862943611198906,0,0,3,3,3,4,4,7,2.0794415416798357,0,1,2,0,7,12,2.5649493574615367,1,0,2,5,2,1,2,14.0
6,1.9459101490553132,1,0,1,6,6,1,0.6931471805599453,0,1,1,1,1,8,6,11,2.4849066497880004,0,2,1,4,1,7,2.0794415416798357,0,1,2,0,7,1,3,2.0
7,2.0794415416798357,0,1,2,0,7,4,1.6094379124341003,1,1,4,4,4,3,0,28,3.367295829986474,1,1,3,0,8,43,3.784189633918261,0,1,3,1,3,1,2,1766.0
1,0.6931471805599453,0,1,1,1,1,5,1.791759469228055,0,2,0,5,5,6,2,7,2.0794415416798357,0,1,2,0,7,8,2.1972245773362196,1,2,3,1,8,1,3,2.0
1,0.6931471805599453,0,1,1,1,1,5,1.791759469228055,0,2,0,5,5,6,3,10,2.3978952727983707,1,1,0,3,0,7,2.0794415416798357,0,1,2,0,7,1,4,2.0
7,2.0794415416798357,0,1,2,0,7,3,1.3862943611198906,0,0,3,3,3,0,6,27,3.332204510175204,0,0,2,6,7,27,3.332204510175204,0,0,2,6,7,1,3,758.0
6,1.9459101490553132,1,0,1,6,6,7,2.0794415416798357,0,1,2,0,7,3,6,66,4.204692619390966,1,0,1,3,6,82,4.418840607796598,1,1,2,5,2,1,1,7814.0
1,0.6931471805599453,0,1,1,1,1,1,0.6931471805599453,0,1,1,1,1,7,0,2,1.0986122886681098,1,2,2,2,2,1,0.6931471805599453,0,1,1,1,1,1,6,2.0
1,0.6931471805599453,0,1,1,1,1,3,1.3862943611198906,0,0,3,3,3,2,2,3,1.3862943611198906,0,0,3,3,3,5,1.791759469228055,0,2,0,5,5,1,4,2.0
1,0.6931471805599453,0,1,1,1,1,1,0.6931471805599453,0,1,1,1,1,4,7,2,1.0986122886681098,1,2,2,2,2,1,0.6931471805599453,0,1,1,1,1,1,6,2.0
6,1.9459101490553132,1,0,1,6,6,2,1.0986122886681098,1,2,2,2,2,5,3,21,3.091042453358316,0,0,1,0,1,13,2.6390573296152584,0,1,3,6,3,1,1,126.0
4,1.6094379124341003,1,1,4,4,4,6,1.9459101490553132,1,0,1,6,6,8,3,27,3.332204510175204,0,0,2,6,7,24,3.2188758248682006,1,0,4,3,4,1,2,870.0
4,1.6094379124341003,1,1,4,4,4,1,0.6931471805599453,0,1,1,1,1,0,8,5,1.791759469228055,0,2,0,5,5,7,2.0794415416798357,0,1,2,0,7,1,3,2.0
3,1.3862943611198906,0,0,3,3,3,5,1.791759469228055,0,2,0,5,5,7,0,30,3.4339872044851463,1,0,0,2,0,24,3.2188758248682006,1,0,4,3,4,1,3,182.0
5,1.791759469228055,0,2,0,5,5,5,1.791759469228055,0,2,0,5,5,2,3,36,3.6109179126442243,1,0,1,1,6,26,3.295836866004329,1,2,1,5,6,1,1,902.0
4,1.6094379124341003,1,1,4,4,4,3,1.3862943611198906,0,0,3,3,3,5,8,15,2.772588722239781,0,0,0,1,5,17,2.8903717578961645,0,2,2,3,7,1,1,86.0
2,1.0986122886681098,1,2,2,2,2,7,2.0794415416798357,0,1,2,0,7,2,4,27,3.332204510175204,0,0,2,6,7,25,3.258096538021482,0,1,0,4,5,1,0,254.0
3,1.3862943611198906,0,0,3,3,3,2,1.0986122886681098,1,2,2,2,2,8,7,7,2.0794415416798357,0,1,2,0,7,7,2.0794415416798357,0,1,2,0,7,1,1,14.0
6,1.9459101490553132,1,0,1,6,6,6,1.9459101490553132,1,0,1,6,6,6,5,36,3.6109179126442243,1,0,1,1,6,52,3.970291913552122,1,1,2,3,2,2,3,3846.0
4,1.6094379124341003,1,1,4,4,4,5,1.791759469228055,0,2,0,5,5,8,0,28,3.367295829986474,1,1,3,0,8,25,3.258096538021482,0,1,0,4,5,1,2,422.0
5,1.791759469228055,0,2,0,5,5,1,0.6931471805599453,0,1,1,1,1,3,5,5,1.791759469228055,0,2,0,5,5,10,2.3978952727983707,1,1,0,3,0,1,6,2.0
3,1.3862943611198906,0,0,3,3,3,7,2.0794415416798357,0,1,2,0,7,5,0,31,3.4657359027997265,0,1,1,3,1,42,3.7612001156935624,1,0,2,0,2,1,2,758.0
3,1.3862943611198906,0,0,3,3,3,4,1.6094379124341003,1,1,4,4,4,3,5,22,3.1354942159291497,1,1,2,1,2,19,2.995732273553991,0,1,4,5,9,1,0,86.0
6,1.9459101490553132,1,0,1,6,6,7,2.0794415416798357,0,1,2,0,7,4,7,58,4.07753744390572,1,1,3,2,8,64,4.174387269895637,1,1,4,1,4,1,0,7814.0
6,1.9459101490553132,1,0,1,6,6,4,1.6094379124341003,1,1,4,4,4,0,6,32,3.4965075614664802,1,2,2,4,2,32,3.4965075614664802,1,2,2,4,2,2,3,870.0
7,2.0794415416798357,0,1,2,0,7,4,1.6094379124341003,1,1,4,4,4,4,1,50,3.9318256327243257,1,2,0,1,0,33,3.5263605246161616,0,0,3,5,3,1,0,1766.0
5,1.791759469228055,0,2,0,5,5,3,1.3862943611198906,0,0,3,3,3,3,3,22,3.1354942159291497,1,1,2,1,2,20,3.044522437723423,1,2,0,6,0,1,1,182.0
6,1.9459101490553132,1,0,1,6,6,3,1.3862943611198906,0,0,3,3,3,6,2,27,3.332204510175204,0,0,2,6,7,25,3.258096538021482,0,1,0,4,5,1,2,374.0
1,0.6931471805599453,0,1,1,1,1,7,2.0794415416798357,0,1,2,0,7,2,6,12,2.5649493574615367,1,0,2,5,2,12,2.5649493574615367,1,0,2,5,2,1,4,2.0
6,1.9459101490553132,1,0,1,6,6,6,1.9459101490553132,1,0,1,6,6,5,5,48,3.8918202981106265,1,0,3,6,8,62,4.143134726391533,1,2,2,6,2,2,3,3846.0
7,2.0794415416798357,0,1,2,0,7,5,1.791759469228055,0,2,0,5,5,6,4,48,3.8918202981106265,1,0,3,6,8,40,3.713572066704308,1,1,0,5,0,1,1,3782.0
5,1.791759469228055,0,2,0,5,5,7,2.0794415416798357,0,1,2,0,7,5,3,52,3.970291913552122,1,1,2,3,2,61,4.127134385045092,0,1,1,5,1,1,0,3782.0
4,1.6094379124341003,1,1,4,4,4,2,1.0986122886681098,1,2,2,2,2,4,0,9,2.302585092994046,0,0,4,2,9,11,2.4849066497880004,0,2,1,4,1,1,1,30.0
3,1.3862943611198906,0,0,3,3,3,5,1.791759469228055,0,2,0,5,5,8,8,19,2.995732273553991,0,1,4,5,9,29,3.4011973816621555,0,2,4,1,9,1,0,182.0
3,1.3862943611198906,0,0,3,3,3,6,1.9459101490553132,1,0,1,6,6,6,6,18,2.9444389791664403,1,0,3,4,8,21,3.091042453358316,0,0,1,0,1,3,4,374.0
3,1.3862943611198906,0,0,3,3,3,7,2.0794415416798357,0,1,2,0,7,7,5,35,3.58351893845611,0,2,0,0,5,24,3.2188758248682006,1,0,4,3,4,1,2,758.0
7,2.0794415416798357,0,1,2,0,7,2,1.0986122886681098,1,2,2,2,2,0,0,19,2.995732273553991,0,1,4,5,9,22,3.1354942159291497,1,1,2,1,2,1,1,254.0
3,1.3862943611198906,0,0,3,3,3,2,1.0986122886681098,1,2,2,2,2,4,0,10,2.3978952727983707,1,1,0,3,0,10,2.3978952727983707,1,1,0,3,0,1,3,14.0
7,2.0794415416798357,0,1,2,0,7,5,1.791759469228055,0,2,0,5,5,1,7,62,4.143134726391533,1,2,2,6,2,68,4.23410650459726,1,2,3,5,8,1,0,3782.0
4,1.6094379124341003,1,1,4,4,4,4,1.6094379124341003,1,1,4,4,4,4,0,28,3.367295829986474,1,1,3,0,8,20,3.044522437723423,1,2,0,6,0,4,5,198.0
3,1.3862943611198906,0,0,3,3,3,6,1.9459101490553132,1,0,1,6,6,7,6,19,2.995732273553991,0,1,4,5,9,36,3.6109179126442243,1,0,1,1,6,1,3,374.0
7,2.0794415416798357,0,1,2,0,7,5,1.791759469228055,0,2,0,5,5,6,8,63,4.1588830833596715,0,0,3,0,3,56,4.04305126783455,1,2,1,0,6,1,2,3782.0
3,1.3862943611198906,0,0,3,3,3,4,1.6094379124341003,1,1,4,4,4,7,8,20,3.044522437723423,1,2,0,6,0,23,3.1780538303479458,0,2,3,2,3,1,1,86.0
7,2.0794415416798357,0,1,2,0,7,2,1.0986122886681098,1,2,2,2,2,3,0,20,3.044522437723423,1,2,0,6,0,14,2.70805020110221,1,2,4,0,4,1,3,254.0
4,1.6094379124341003,1,1,4,4,4,6,1.9459101490553132,1,0,1,6,6,0,3,45,3.828641396489095,0,0,0,3,5,27,3.332204510175204,0,0,2,6,7,1,0,870.0
3,1.3862943611198906,0,0,3,3,3,4,1.6094379124341003,1,1,4,4,4,6,6,19,2.995732273553991,0,1,4,5,9,19,2.995732273553991,0,1,4,5,9,1,1,86.0
5,1.791759469228055,0,2,0,5,5,7,2.0794415416798357,0,1,2,0,7,2,4,57,4.060443010546419,0,0,2,1,7,44,3.8066624897703196,1,2,4,2,4,1,0,3782.0
3,1.3862943611198906,0,0,3,3,3,7,2.0794415416798357,0,1,2,0,7,4,4,33,3.5263605246161616,0,0,3,5,3,29,3.4011973816621555,0,2,4,1,9,1,1,758.0
3,1.3862943611198906,0,0,3,3,3,1,0.6931471805599453,0,1,1,1,1,4,8,3,1.3862943611198906,0,0,3,3,3,3,1.3862943611198906,0,0,3,3,3,1,6,2.0
3,1.3862943611198906,0,0,3,3,3,6,1.9459101490553132,1,0,1,6,6,7,0,35,3.58351893845611,0,2,0,0,5,20,3.044522437723423,1,2,0,6,0,1,1,374.0
1,0.6931471805599453,0,1,1,1,1,3,1.3862943611198906,0,0,3,3,3,6,4,6,1.9459101490553132,1,0,1,6,6,6,1.9459101490553132,1,0,1,6,6,1,6,2.0
6,1.9459101490553132,1,0,1,6,6,4,1.6094379124341003,1,1,4,4,4,7,2,30,3.4339872044851463,1,0,0,2,0,42,3.7612001156935624,1,0,2,0,2,2,2,870.0
6,1.9459101490553132,1,0,1,6,6,4,1.6094379124341003,1,1,4,4,4,5,5,46,3.8501476017100584,1,1,1,4,6,41,3.7376696182833684,0,2,1,6,1,1,0,870.0
2,1.0986122886681098,1,2,2,2,2,5,1.791759469228055,0,2,0,5,5,0,0,11,2.4849066497880004,0,2,1,4,1,20,3.044522437723423,1,2,0,6,0,1,2,62.0
2,1.0986122886681098,1,2,2,2,2,3,1.3862943611198906,0,0,3,3,3,8,2,12,2.5649493574615367,1,0,2,5,2,12,2.5649493574615367,1,0,2,5,2,1,5,14.0
4,1.6094379124341003,1,1,4,4,4,7,2.0794415416798357,0,1,2,0,7,7,8,42,3.7612001156935624,1,0,2,0,2,52,3.970291913552122,1,1,2,3,2,1,2,1766.0
6,1.9459101490553132,1,0,1,6,6,1,0.6931471805599453,0,1,1,1,1,0,5,9,2.302585092994046,0,0,4,2,9,8,2.1972245773362196,1,2,3,1,8,1,3,2.0
4,1.6094379124341003,1,1,4,4,4,6,1.9459101490553132,1,0,1,6,6,4,4,30,3.4339872044851463,1,0,0,2,0,36,3.6109179126442243,1,0,1,1,6,2,3,870.0
5,1.791759469228055,0,2,0,5,5,3,1.3862943611198906,0,0,3,3,3,2,6,17,2.8903717578961645,0,2,2,3,7,21,3.091042453358316,0,0,1,0,1,1,1,182.0
3,1.3862943611198906,0,0,3,3,3,7,2.0794415416798357,0,1,2,0,7,0,1,38,3.6635616461296463,1,2,3,3,8,41,3.7376696182833684,0,2,1,6,1,1,0,758.0
5,1.791759469228055,0,2,0,5,5,6,1.9459101490553132,1,0,1,6,6,7,0,37,3.6375861597263857,0,1,2,2,7,56,4.04305126783455,1,2,1,0,6,1,0,1862.0
4,1.6094379124341003,1,1,4,4,4,3,1.3862943611198906,0,0,3,3,3,7,6,22,3.1354942159291497,1,1,2,1,2,23,3.1780538303479458,0,2,3,2,3,1,0,86.0
1,0.6931471805599453,0,1,1,1,1,6,1.9459101490553132,1,0,1,6,6,5,2,8,2.1972245773362196,1,2,3,1,8,7,2.0794415416798357,0,1,2,0,7,1,3,2.0
2,1.0986122886681098,1,2,2,2,2,6,1.9459101490553132,1,0,1,6,6,7,7,17,2.8903717578961645,0,2,2,3,7,15,2.772588722239781,0,0,0,1,5,1,1,126.0
6,1.9459101490553132,1,0,1,6,6,5,1.791759469228055,0,2,0,5,5,7,7,41,3.7376696182833684,0,2,1,6,1,35,3.58351893845611,0,2,0,0,5,1,1,1862.0
7,2.0794415416798357,0,1,2,0,7,6,1.9459101490553132,1,0,1,6,6,4,3,65,4.189654742026425,0,2,0,2,5,63,4.1588830833596715,0,0,3,0,3,1,1,7814.0
1,0.6931471805599453,0,1,1,1,1,2,1.0986122886681098,1,2,2,2,2,6,7,3,1.3862943611198906,0,0,3,3,3,3,1.3862943611198906,0,0,3,3,3,1,4,2.0
2,1.0986122886681098,1,2,2,2,2,1,0.6931471805599453,0,1,1,1,1,8,1,4,1.6094379124341003,1,1,4,4,4,2,1.0986122886681098,1,2,2,2,2,1,6,2.0
3,1.3862943611198906,0,0,3,3,3,5,1.791759469228055,0,2,0,5,5,2,1,24,3.2188758248682006,1,0,4,3,4,27,3.332204510175204,0,0,2,6,7,1,2,182.0
4,1.6094379124341003,1,1,4,4,4,5,1.791759469228055,0,2,0,5,5,0,4,21,3.091042453358316,0,0,1,0,1,40,3.713572066704308,1,1,0,5,0,1,2,422.0
6,1.9459101490553132,1,0,1,6,6,7,2.0794415416798357,0,1,2,0,7,4,7,79,4.382026634673881,0,1,4,2,9,46,3.8501476017100584,1,1,1,4,6,1,0,7814.0
6,1.9459101490553132,1,0,1,6,6,6,1.9459101490553132,1,0,1,6,6,5,2,56,4.04305126783455,1,2,1,0,6,71,4.276666119016055,0,2,1,1,1,1,1,3846.0
3,1.3862943611198906,0,0,3,3,3,6,1.9459101490553132,1,0,1,6,6,6,6,18,2.9444389791664403,1,0,3,4,8,28,3.367295829986474,1,1,3,0,8,1,3,374.0
2,1.0986122886681098,1,2,2,2,2,2,1.0986122886681098,1,2,2,2,2,3,2,7,2.0794415416798357,0,1,2,0,7,6,1.9459101490553132,1,0,1,6,6,1,3,6.0
1,0.6931471805599453,0,1,1,1,1,1,0.6931471805599453,0,1,1,1,1,4,5,1,0.6931471805599453,0,1,1,1,1,2,1.0986122886681098,1,2,2,2,2,1,6,2.0
3,1.3862943611198906,0,0,3,3,3,1,0.6931471805599453,0,1,1,1,1,4,8,6,1.9459101490553132,1,0,1,6,6,6,1.9459101490553132,1,0,1,6,6,1,6,2.0
6,1.9459101490553132,1,0,1,6,6,1,0.6931471805599453,0,1,1,1,1,7,1,8,2.1972245773362196,1,2,3,1,8,7,2.0794415416798357,0,1,2,0,7,1,3,2.0
4,1.6094379124341003,1,1,4,4,4,3,1.3862943611198906,0,0,3,3,3,2,6,17,2.8903717578961645,0,2,2,3,7,21,3.091042453358316,0,0,1,0,1,1,1,86.0
3,1.3862943611198906,0,0,3,3,3,7,2.0794415416798357,0,1,2,0,7,8,1,37,3.6375861597263857,0,1,2,2,7,42,3.7612001156935624,1,0,2,0,2,1,2,758.0
2,1.0986122886681098,1,2,2,2,2,6,1.9459101490553132,1,0,1,6,6,8,8,17,2.8903717578961645,0,2,2,3,7,19,2.995732273553991,0,1,4,5,9,1,1,126.0
3,1.3862943611198906,0,0,3,3,3,7,2.0794415416798357,0,1,2,0,7,4,3,30,3.4339872044851463,1,0,0,2,0,31,3.4657359027997265,0,1,1,3,1,1,1,758.0
2,1.0986122886681098,1,2,2,2,2,2,1.0986122886681098,1,2,2,2,2,3,6,7,2.0794415416798357,0,1,2,0,7,6,1.9459101490553132,1,0,1,6,6,1,3,6.0
7,2.0794415416798357,0,1,2,0,7,7,2.0794415416798357,0,1,2,0,7,0,6,73,4.30406509320417,0,1,3,3,3,69,4.248495242049359,0,0,4,6,9,1,1,15878.0
3,1.3862943611198906,0,0,3,3,3,4,1.6094379124341003,1,1,4,4,4,0,6,12,2.5649493574615367,1,0,2,5,2,19,2.995732273553991,0,1,4,5,9,1,2,86.0
7,2.0794415416798357,0,1,2,0,7,2,1.0986122886681098,1,2,2,2,2,8,4,28,3.367295829986474,1,1,3,0,8,22,3.1354942159291497,1,1,2,1,2,1,3,254.0
6,1.9459101490553132,1,0,1,6,6,6,1.9459101490553132,1,0,1,6,6,1,4,46,3.8501476017100584,1,1,1,4,6,68,4.23410650459726,1,2,3,5,8,2,1,3846.0
3,1.3862943611198906,0,0,3,3,3,1,0.6931471805599453,0,1,1,1,1,6,8,4,1.6094379124341003,1,1,4,4,4,3,1.3862943611198906,0,0,3,3,3,1,4,2.0
4,1.6094379124341003,1,1,4,4,4,3,1.3862943611198906,0,0,3,3,3,7,1,13,2.6390573296152584,0,1,3,6,3,22,3.1354942159291497,1,1,2,1,2,1,0,86.0
2,1.0986122886681098,1,2,2,2,2,5,1.791759469228055,0,2,0,5,5,1,0,11,2.4849066497880004,0,2,1,4,1,11,2.4849066497880004,0,2,1,4,1,1,1,62.0
3,1.3862943611198906,0,0,3,3,3,2,1.0986122886681098,1,2,2,2,2,6,4,11,2.4849066497880004,0,2,1,4,1,12,2.5649493574615367,1,0,2,5,2,1,2,14.0
6,1.9459101490553132,1,0,1,6,6,6,1.9459101490553132,1,0,1,6,6,4,1,72,4.290459441148391,1,0,2,2,2,70,4.2626798770413155,1,1,0,0,0,2,3,3846.0
1,0.6931471805599453,0,1,1,1,1,4,1.6094379124341003,1,1,4,4,4,0,4,8,2.1972245773362196,1,2,3,1,8,6,1.9459101490553132,1,0,1,6,6,1,4,2.0
7,2.0794415416798357,0,1,2,0,7,2,1.0986122886681098,1,2,2,2,2,8,0,20,3.044522437723423,1,2,0,6,0,18,2.9444389791664403,1,0,3,4,8,1,2,254.0
1,0.6931471805599453,0,1,1,1,1,6,1.9459101490553132,1,0,1,6,6,2,1,10,2.3978952727983707,1,1,0,3,0,6,1.9459101490553132,1,0,1,6,6,1,4,2.0
1,0.6931471805599453,0,1,1,1,1,7,2.0794415416798357,0,1,2,0,7,6,4,9,2.302585092994046,0,0,4,2,9,9,2.302585092994046,0,0,4,2,9,1,4,2.0
2,1.0986122886681098,1,2,2,2,2,1,0.6931471805599453,0,1,1,1,1,1,0,3,1.3862943611198906,0,0,3,3,3,2,1.0986122886681098,1,2,2,2,2,1,4,2.0
2,1.0986122886681098,1,2,2,2,2,1,0.6931471805599453,0,1,1,1,1,3,3,2,1.0986122886681098,1,2,2,2,2,3,1.3862943611198906,0,0,3,3,3,1,4,2.0
7,2.0794415416798357,0,1,2,0,7,1,0.6931471805599453,0,1,1,1,1,0,4,11,2.4849066497880004,0,2,1,4,1,12,2.5649493574615367,1,0,2,5,2,1,3,2.0
5,1.791759469228055,0,2,0,5,5,2,1.0986122886681098,1,2,2,2,2,0,4,18,2.9444389791664403,1,0,3,4,8,19,2.995732273553991,0,1,4,5,9,1,1,62.0
5,1.791759469228055,0,2,0,5,5,3,1.3862943611198906,0,0,3,3,3,6,8,21,3.091042453358316,0,0,1,0,1,25,3.258096538021482,0,1,0,4,5,1,2,182.0
1,0.6931471805599453,0,1,1,1,1,2,1.0986122886681098,1,2,2,2,2,1,5,4,1.6094379124341003,1,1,4,4,4,4,1.6094379124341003,1,1,4,4,4,1,6,2.0
7,2.0794415416798357,0,1,2,0,7,7,2.0794415416798357,0,1,2,0,7,2,5,67,4.219507705176107,0,1,2,4,7,85,4.454347296253507,0,1,0,1,5,1,1,15878.0
1,0.6931471805599453,0,1,1,1,1,2,1.0986122886681098,1,2,2,2,2,6,4,3,1.3862943611198906,0,0,3,3,3,3,1.3862943611198906,0,0,3,3,3,1,4,2.0
2,1.0986122886681098,1,2,2,2,2,2,1.0986122886681098,1,2,2,2,2,7,7,8,2.1972245773362196,1,2,3,1,8,8,2.1972245773362196,1,2,3,1,8,2,6,6.0
4,1.6094379124341003,1,1,4,4,4,6,1.9459101490553132,1,0,1,6,6,6,6,47,3.871201010907891,0,2,2,5,7,27,3.332204510175204,0,0,2,6,7,1,0,870.0
5,1.791759469228055,0,2,0,5,5,2,1.0986122886681098,1,2,2,2,2,8,0,10,2.3978952727983707,1,1,0,3,0,10,2.3978952727983707,1,1,0,3,0,1,5,62.0
3,1.3862943611198906,0,0,3,3,3,5,1.791759469228055,0,2,0,5,5,5,6,30,3.4339872044851463,1,0,0,2,0,17,2.8903717578961645,0,2,2,3,7,1,2,182.0
7,2.0794415416798357,0,1,2,0,7,1,0.6931471805599453,0,1,1,1,1,0,5,12,2.5649493574615367,1,0,2,5,2,9,2.302585092994046,0,0,4,2,9,1,3,2.0
2,1.0986122886681098,1,2,2,2,2,2,1.0986122886681098,1,2,2,2,2,8,0,8,2.1972245773362196,1,2,3,1,8,8,2.1972245773362196,1,2,3,1,8,2,6,6.0
1,0.6931471805599453,0,1,1,1,1,4,1.6094379124341003,1,1,4,4,4,4,8,6,1.9459101490553132,1,0,1,6,6,5,1.791759469228055,0,2,0,5,5,1,3,2.0
5,1.791759469228055,0,2,0,5,5,6,1.9459101490553132,1,0,1,6,6,1,3,54,4.007333185232471,1,0,4,5,4,59,4.0943445622221,0,2,4,3,9,1,1,1862.0
5,1.791759469228055,0,2,0,5,5,7,2.0794415416798357,0,1,2,0,7,1,4,59,4.0943445622221,0,2,4,3,9,55,4.02535169073515,0,1,0,6,5,1,1,3782.0
1,0.6931471805599453,0,1,1,1,1,2,1.0986122886681098,1,2,2,2,2,2,5,4,1.6094379124341003,1,1,4,4,4,2,1.0986122886681098,1,2,2,2,2,1,6,2.0
1,0.6931471805599453,0,1,1,1,1,6,1.9459101490553132,1,0,1,6,6,4,0,9,2.302585092994046,0,0,4,2,9,9,2.302585092994046,0,0,4,2,9,1,4,2.0
5,1.791759469228055,0,2,0,5,5,7,2.0794415416798357,0,1,2,0,7,1,2,56,4.04305126783455,1,2,1,0,6,42,3.7612001156935624,1,0,2,0,2,1,2,3782.0
4,1.6094379124341003,1,1,4,4,4,5,1.791759469228055,0,2,0,5,5,4,2,37,3.6375861597263857,0,1,2,2,7,35,3.58351893845611,0,2,0,0,5,1,1,422.0
2,1.0986122886681098,1,2,2,2,2,5,1.791759469228055,0,2,0,5,5,6,1,14,2.70805020110221,1,2,4,0,4,18,2.9444389791664403,1,0,3,4,8,1,2,62.0
3,1.3862943611198906,0,0,3,3,3,7,2.0794415416798357,0,1,2,0,7,8,3,22,3.1354942159291497,1,1,2,1,2,22,3.1354942159291497,1,1,2,1,2,1,1,758.0
4,1.6094379124341003,1,1,4,4,4,6,1.9459101490553132,1,0,1,6,6,7,7,33,3.5263605246161616,0,0,3,5,3,30,3.4339872044851463,1,0,0,2,0,1,1,870.0
4,1.6094379124341003,1,1,4,4,4,2,1.0986122886681098,1,2,2,2,2,5,0,8,2.1972245773362196,1,2,3,1,8,11,2.4849066497880004,0,2,1,4,1,1,3,30.0
2,1.0986122886681098,1,2,2,2,2,7,2.0794415416798357,0,1,2,0,7,4,8,24,3.2188758248682006,1,0,4,3,4,26,3.295836866004329,1,2,1,5,6,1,2,254.0
4,1.6094379124341003,1,1,4,4,4,6,1.9459101490553132,1,0,1,6,6,7,7,31,3.4657359027997265,0,1,1,3,1,32,3.4965075614664802,1,2,2,4,2,1,1,870.0
5,1.791759469228055,0,2,0,5,5,7,2.0794415416798357,0,1,2,0,7,2,1,60,4.110873864173311,1,0,0,4,0,50,3.9318256327243257,1,2,0,1,0,1,2,3782.0
5,1.791759469228055,0,2,0,5,5,1,0.6931471805599453,0,1,1,1,1,8,3,6,1.9459101490553132,1,0,1,6,6,7,2.0794415416798357,0,1,2,0,7,1,3,2.0
7,2.0794415416798357,0,1,2,0,7,6,1.9459101490553132,1,0,1,6,6,2,3,69,4.248495242049359,0,0,4,6,9,83,4.430816798843313,0,2,3,6,3,1,0,7814.0
2,1.0986122886681098,1,2,2,2,2,2,1.0986122886681098,1,2,2,2,2,1,1,7,2.0794415416798357,0,1,2,0,7,6,1.9459101490553132,1,0,1,6,6,1,3,6.0
2,1.0986122886681098,1,2,2,2,2,4,1.6094379124341003,1,1,4,4,4,0,5,14,2.70805020110221,1,2,4,0,4,9,2.302585092994046,0,0,4,2,9,1,2,30.0
3,1.3862943611198906,0,0,3,3,3,4,1.6094379124341003,1,1,4,4,4,7,0,18,2.9444389791664403,1,0,3,4,8,14,2.70805020110221,1,2,4,0,4,1,1,86.0
3,1.3862943611198906,0,0,3,3,3,6,1.9459101490553132,1,0,1,6,6,5,0,25,3.258096538021482,0,1,0,4,5,31,3.4657359027997265,0,1,1,3,1,1,1,374.0
1,0.6931471805599453,0,1,1,1,1,6,1.9459101490553132,1,0,1,6,6,3,8,7,2.0794415416798357,0,1,2,0,7,7,2.0794415416798357,0,1,2,0,7,1,4,2.0
3,1.3862943611198906,0,0,3,3,3,6,1.9459101490553132,1,0,1,6,6,8,3,31,3.4657359027997265,0,1,1,3,1,26,3.295836866004329,1,2,1,5,6,1,1,374.0
5,1.791759469228055,0,2,0,5,5,3,1.3862943611198906,0,0,3,3,3,7,2,27,3.332204510175204,0,0,2,6,7,18,2.9444389791664403,1,0,3,4,8,1,2,182.0
3,1.3862943611198906,0,0,3,3,3,3,1.3862943611198906,0,0,3,3,3,0,7,18,2.9444389791664403,1,0,3,4,8,16,2.833213344056216,1,1,1,2,6,1,3,38.0
1,0.6931471805599453,0,1,1,1,1,1,0.6931471805599453,0,1,1,1,1,5,3,2,1.0986122886681098,1,2,2,2,2,2,1.0986122886681098,1,2,2,2,2,1,6,2.0
2,1.0986122886681098,1,2,2,2,2,5,1.791759469228055,0,2,0,5,5,3,8,20,3.044522437723423,1,2,0,6,0,14,2.70805020110221,1,2,4,0,4,1,3,62.0
3,1.3862943611198906,0,0,3,3,3,5,1.791759469228055,0,2,0,5,5,4,8,16,2.833213344056216,1,1,1,2,6,22,3.1354942159291497,1,1,2,1,2,1,0,182.0
2,1.0986122886681098,1,2,2,2,2,6,1.9459101490553132,1,0,1,6,6,7,1,14,2.70805020110221,1,2,4,0,4,24,3.2188758248682006,1,0,4,3,4,2,4,126.0
3,1.3862943611198906,0,0,3,3,3,5,1.791759469228055,0,2,0,5,5,5,5,16,2.833213344056216,1,1,1,2,6,16,2.833213344056216,1,1,1,2,6,1,1,182.0
4,1.6094379124341003,1,1,4,4,4,7,2.0794415416798357,0,1,2,0,7,2,0,48,3.8918202981106265,1,0,3,6,8,28,3.367295829986474,1,1,3,0,8,1,3,1766.0
1,0.6931471805599453,0,1,1,1,1,2,1.0986122886681098,1,2,2,2,2,4,1,3,1.3862943611198906,0,0,3,3,3,3,1.3862943611198906,0,0,3,3,3,1,4,2.0
6,1.9459101490553132,1,0,1,6,6,2,1.0986122886681098,1,2,2,2,2,3,0,22,3.1354942159291497,1,1,2,1,2,13,2.6390573296152584,0,1,3,6,3,1,2,126.0
2,1.0986122886681098,1,2,2,2,2,1,0.6931471805599453,0,1,1,1,1,5,3,4,1.6094379124341003,1,1,4,4,4,4,1.6094379124341003,1,1,4,4,4,1,6,2.0
4,1.6094379124341003,1,1,4,4,4,7,2.0794415416798357,0,1,2,0,7,3,8,33,3.5263605246161616,0,0,3,5,3,34,3.5553480614894135,1,1,4,6,4,1,0,1766.0
4,1.6094379124341003,1,1,4,4,4,1,0.6931471805599453,0,1,1,1,1,0,7,7,2.0794415416798357,0,1,2,0,7,7,2.0794415416798357,0,1,2,0,7,1,4,2.0
6,1.9459101490553132,1,0,1,6,6,2,1.0986122886681098,1,2,2,2,2,5,4,15,2.772588722239781,0,0,0,1,5,21,3.091042453358316,0,0,1,0,1,1,1,126.0
5,1.791759469228055,0,2,0,5,5,7,2.0794415416798357,0,1,2,0,7,0,4,61,4.127134385045092,0,1,1,5,1,48,3.8918202981106265,1,0,3,6,8,1,0,3782.0
5,1.791759469228055,0,2,0,5,5,6,1.9459101490553132,1,0,1,6,6,6,8,44,3.8066624897703196,1,2,4,2,4,50,3.9318256327243257,1,2,0,1,0,1,1,1862.0
3,1.3862943611198906,0,0,3,3,3,2,1.0986122886681098,1,2,2,2,2,7,7,11,2.4849066497880004,0,2,1,4,1,7,2.0794415416798357,0,1,2,0,7,1,0,14.0
3,1.3862943611198906,0,0,3,3,3,3,1.3862943611198906,0,0,3,3,3,7,2,14,2.70805020110221,1,2,4,0,4,10,2.3978952727983707,1,1,0,3,0,1,1,38.0
5,1.791759469228055,0,2,0,5,5,3,1.3862943611198906,0,0,3,3,3,1,2,23,3.1780538303479458,0,2,3,2,3,20,3.044522437723423,1,2,0,6,0,1,1,182.0
2,1.0986122886681098,1,2,2,2,2,4,1.6094379124341003,1,1,4,4,4,3,1,12,2.5649493574615367,1,0,2,5,2,8,2.1972245773362196,1,2,3,1,8,2,5,30.0
1,0.6931471805599453,0,1,1,1,1,2,1.0986122886681098,1,2,2,2,2,7,6,3,1.3862943611198906,0,0,3,3,3,4,1.6094379124341003,1,1,4,4,4,1,4,2.0
7,2.0794415416798357,0,1,2,0,7,6,1.9459101490553132,1,0,1,6,6,7,7,53,3.9889840465642745,0,2,3,4,3,59,4.0943445622221,0,2,4,3,9,1,0,7814.0
1,0.6931471805599453,0,1,1,1,1,3,1.3862943611198906,0,0,3,3,3,8,3,5,1.791759469228055,0,2,0,5,5,3,1.3862943611198906,0,0,3,3,3,1,4,2.0
1,0.6931471805599453,0,1,1,1,1,6,1.9459101490553132,1,0,1,6,6,2,5,10,2.3978952727983707,1,1,0,3,0,10,2.3978952727983707,1,1,0,3,0,1,4,2.0
6,1.9459101490553132,1,0,1,6,6,4,1.6094379124341003,1,1,4,4,4,2,3,38,3.6635616461296463,1,2,3,3,8,46,3.8501476017100584,1,1,1,4,6,2,0,870.0
7,2.0794415416798357,0,1,2,0,7,2,1.0986122886681098,1,2,2,2,2,2,4,27,3.332204510175204,0,0,2,6,7,24,3.2188758248682006,1,0,4,3,4,1,1,254.0
5,1.791759469228055,0,2,0,5,5,2,1.0986122886681098,1,2,2,2,2,4,7,13,2.6390573296152584,0,1,3,6,3,17,2.8903717578961645,0,2,2,3,7,1,0,62.0
7,2.0794415416798357,0,1,2,0,7,7,2.0794415416798357,0,1,2,0,7,0,8,94,4.553876891600541,1,1,4,3,4,50,3.9318256327243257,1,2,0,1,0,1,1,15878.0
2,1.0986122886681098,1,2,2,2,2,6,1.9459101490553132,1,0,1,6,6,4,4,16,2.833213344056216,1,1,1,2,6,20,3.044522437723423,1,2,0,6,0,2,3,126.0
3,1.3862943611198906,0,0,3,3,3,7,2.0794415416798357,0,1,2,0,7,5,5,24,3.2188758248682006,1,0,4,3,4,36,3.6109179126442243,1,0,1,1,6,1,2,758.0
5,1.791759469228055,0,2,0,5,5,4,1.6094379124341003,1,1,4,4,4,8,8,27,3.332204510175204,0,0,2,6,7,20,3.044522437723423,1,2,0,6,0,1,2,422.0
5,1.791759469228055,0,2,0,5,5,6,1.9459101490553132,1,0,1,6,6,0,3,44,3.8066624897703196,1,2,4,2,4,46,3.8501476017100584,1,1,1,4,6,1,0,1862.0
2,1.0986122886681098,1,2,2,2,2,2,1.0986122886681098,1,2,2,2,2,1,2,5,1.791759469228055,0,2,0,5,5,4,1.6094379124341003,1,1,4,4,4,1,3,6.0
2,1.0986122886681098,1,2,2,2,2,4,1.6094379124341003,1,1,4,4,4,7,4,16,2.833213344056216,1,1,1,2,6,13,2.6390573296152584,0,1,3,6,3,1,3,30.0
3,1.3862943611198906,0,0,3,3,3,3,1.3862943611198906,0,0,3,3,3,1,2,17,2.8903717578961645,0,2,2,3,7,9,2.302585092994046,0,0,4,2,9,1,3,38.0
2,1.0986122886681098,1,2,2,2,2,6,1.9459101490553132,1,0,1,6,6,4,1,23,3.1780538303479458,0,2,3,2,3,24,3.2188758248682006,1,0,4,3,4,1,3,126.0
6,1.9459101490553132,1,0,1,6,6,4,1.6094379124341003,1,1,4,4,4,2,3,37,3.6375861597263857,0,1,2,2,7,30,3.4339872044851463,1,0,0,2,0,1,1,870.0
5,1.791759469228055,0,2,0,5,5,4,1.6094379124341003,1,1,4,4,4,4,3,37,3.6375861597263857,0,1,2,2,7,39,3.6888794541139363,0,0,4,4,9,1,0,422.0
3,1.3862943611198906,0,0,3,3,3,7,2.0794415416798357,0,1,2,0,7,5,2,40,3.713572066704308,1,1,0,5,0,35,3.58351893845611,0,2,0,0,5,1,1,758.0
1,0.6931471805599453,0,1,1,1,1,5,1.791759469228055,0,2,0,5,5,6,5,5,1.791759469228055,0,2,0,5,5,5,1.791759469228055,0,2,0,5,5,1,6,2.0
5,1.791759469228055,0,2,0,5,5,4,1.6094379124341003,1,1,4,4,4,1,7,40,3.713572066704308,1,1,0,5,0,28,3.367295829986474,1,1,3,0,8,1,3,422.0
5,1.791759469228055,0,2,0,5,5,7,2.0794415416798357,0,1,2,0,7,4,2,55,4.02535169073515,0,1,0,6,5,40,3.713572066704308,1,1,0,5,0,1,2,3782.0
2,1.0986122886681098,1,2,2,2,2,2,1.0986122886681098,1,2,2,2,2,7,4,5,1.791759469228055,0,2,0,5,5,7,2.0794415416798357,0,1,2,0,7,1,1,6.0
1,0.6931471805599453,0,1,1,1,1,2,1.0986122886681098,1,2,2,2,2,4,4,3,1.3862943611198906,0,0,3,3,3,4,1.6094379124341003,1,1,4,4,4,1,4,2.0
2,1.0986122886681098,1,2,2,2,2,4,1.6094379124341003,1,1,4,4,4,5,6,9,2.302585092994046,0,0,4,2,9,14,2.70805020110221,1,2,4,0,4,1,2,30.0
2,1.0986122886681098,1,2,2,2,2,5,1.791759469228055,0,2,0,5,5,3,0,16,2.833213344056216,1,1,1,2,6,17,2.8903717578961645,0,2,2,3,7,1,1,62.0
1,0.6931471805599453,0,1,1,1,1,6,1.9459101490553132,1,0,1,6,6,8,4,8,2.1972245773362196,1,2,3,1,8,8,2.1972245773362196,1,2,3,1,8,1,4,2.0
6,1.9459101490553132,1,0,1,6,6,2,1.0986122886681098,1,2,2,2,2,6,3,19,2.995732273553991,0,1,4,5,9,14,2.70805020110221,1,2,4,0,4,1,2,126.0
2,1.0986122886681098,1,2,2,2,2,6,1.9459101490553132,1,0,1,6,6,0,3,21,3.091042453358316,0,0,1,0,1,16,2.833213344056216,1,1,1,2,6,1,2,126.0
6,1.9459101490553132,1,0,1,6,6,5,1.791759469228055,0,2,0,5,5,8,7,40,3.713572066704308,1,1,0,5,0,54,4.007333185232471,1,0,4,5,4,1,2,1862.0
4,1.6094379124341003,1,1,4,4,4,2,1.0986122886681098,1,2,2,2,2,0,8,11,2.4849066497880004,0,2,1,4,1,11,2.4849066497880004,0,2,1,4,1,1,2,30.0
1,0.6931471805599453,0,1,1,1,1,6,1.9459101490553132,1,0,1,6,6,2,2,8,2.1972245773362196,1,2,3,1,8,6,1.9459101490553132,1,0,1,6,6,1,4,2.0
3,1.3862943611198906,0,0,3,3,3,1,0.6931471805599453,0,1,1,1,1,7,8,3,1.3862943611198906,0,0,3,3,3,3,1.3862943611198906,0,0,3,3,3,1,6,2.0
3,1.3862943611198906,0,0,3,3,3,5,1.791759469228055,0,2,0,5,5,7,8,19,2.995732273553991,0,1,4,5,9,22,3.1354942159291497,1,1,2,1,2,1,0,182.0
2,1.0986122886681098,1,2,2,2,2,4,1.6094379124341003,1,1,4,4,4,1,5,8,2.1972245773362196,1,2,3,1,8,9,2.302585092994046,0,0,4,2,9,1,3,30.0
7,2.0794415416798357,0,1,2,0,7,6,1.9459101490553132,1,0,1,6,6,6,2,51,3.9512437185814275,0,0,1,2,1,47,3.871201010907891,0,2,2,5,7,1,0,7814.0
6,1.9459101490553132,1,0,1,6,6,7,2.0794415416798357,0,1,2,0,7,2,3,60,4.110873864173311,1,0,0,4,0,63,4.1588830833596715,0,0,3,0,3,1,2,7814.0
1,0.6931471805599453,0,1,1,1,1,2,1.0986122886681098,1,2,2,2,2,4,0,4,1.6094379124341003,1,1,4,4,4,4,1.6094379124341003,1,1,4,4,4,1,6,2.0
6,1.9459101490553132,1,0,1,6,6,4,1.6094379124341003,1,1,4,4,4,4,1,46,3.8501476017100584,1,1,1,4,6,47,3.871201010907891,0,2,2,5,7,1,0,870.0
4,1.6094379124341003,1,1,4,4,4,1,0.6931471805599453,0,1,1,1,1,4,4,6,1.9459101490553132,1,0,1,6,6,5,1.791759469228055,0,2,0,5,5,1,3,2.0
7,2.0794415416798357,0,1,2,0,7,6,1.9459101490553132,1,0,1,6,6,2,0,56,4.04305126783455,1,2,1,0,6,66,4.204692619390966,1,0,1,3,6,1,2,7814.0
5,1.791759469228055,0,2,0,5,5,7,2.0794415416798357,0,1,2,0,7,1,3,48,3.8918202981106265,1,0,3,6,8,53,3.9889840465642745,0,2,3,4,3,1,0,3782.0
2,1.0986122886681098,1,2,2,2,2,3,1.3862943611198906,0,0,3,3,3,6,4,11,2.4849066497880004,0,2,1,4,1,6,1.9459101490553132,1,0,1,6,6,1,2,14.0
6,1.9459101490553132,1,0,1,6,6,7,2.0794415416798357,0,1,2,0,7,4,3,62,4.143134726391533,1,2,2,6,2,71,4.276666119016055,0,2,1,1,1,1,0,7814.0
5,1.791759469228055,0,2,0,5,5,6,1.9459101490553132,1,0,1,6,6,5,7,32,3.4965075614664802,1,2,2,4,2,46,3.8501476017100584,1,1,1,4,6,1,0,1862.0
3,1.3862943611198906,0,0,3,3,3,1,0.6931471805599453,0,1,1,1,1,4,0,6,1.9459101490553132,1,0,1,6,6,5,1.791759469228055,0,2,0,5,5,1,4,2.0
7,2.0794415416798357,0,1,2,0,7,7,2.0794415416798357,0,1,2,0,7,0,6,76,4.343805421853684,1,1,1,6,6,83,4.430816798843313,0,2,3,6,3,1,1,15878.0
4,1.6094379124341003,1,1,4,4,4,1,0.6931471805599453,0,1,1,1,1,6,4,5,1.791759469228055,0,2,0,5,5,8,2.1972245773362196,1,2,3,1,8,1,4,2.0
3,1.3862943611198906,0,0,3,3,3,1,0.6931471805599453,0,1,1,1,1,0,6,6,1.9459101490553132,1,0,1,6,6,6,1.9459101490553132,1,0,1,6,6,1,6,2.0
1,0.6931471805599453,0,1,1,1,1,4,1.6094379124341003,1,1,4,4,4,8,0,6,1.9459101490553132,1,0,1,6,6,8,2.1972245773362196,1,2,3,1,8,1,4,2.0
3,1.3862943611198906,0,0,3,3,3,7,2.0794415416798357,0,1,2,0,7,3,5,25,3.258096538021482,0,1,0,4,5,21,3.091042453358316,0,0,1,0,1,1,2,758.0
7,2.0794415416798357,0,1,2,0,7,1,0.6931471805599453,0,1,1,1,1,6,8,13,2.6390573296152584,0,1,3,6,3,12,2.5649493574615367,1,0,2,5,2,1,3,2.0
4,1.6094379124341003,1,1,4,4,4,3,1.3862943611198906,0,0,3,3,3,7,5,24,3.2188758248682006,1,0,4,3,4,16,2.833213344056216,1,1,1,2,6,1,3,86.0
4,1.6094379124341003,1,1,4,4,4,3,1.3862943611198906,0,0,3,3,3,7,5,14,2.70805020110221,1,2,4,0,4,16,2.833213344056216,1,1,1,2,6,1,1,86.0
6,1.9459101490553132,1,0,1,6,6,2,1.0986122886681098,1,2,2,2,2,1,5,21,3.091042453358316,0,0,1,0,1,23,3.1780538303479458,0,2,3,2,3,1,1,126.0
4,1.6094379124341003,1,1,4,4,4,7,2.0794415416798357,0,1,2,0,7,7,4,54,4.007333185232471,1,0,4,5,4,32,3.4965075614664802,1,2,2,4,2,1,1,1766.0
2,1.0986122886681098,1,2,2,2,2,1,0.6931471805599453,0,1,1,1,1,2,1,4,1.6094379124341003,1,1,4,4,4,2,1.0986122886681098,1,2,2,2,2,1,6,2.0
2,1.0986122886681098,1,2,2,2,2,7,2.0794415416798357,0,1,2,0,7,8,1,16,2.833213344056216,1,1,1,2,6,24,3.2188758248682006,1,0,4,3,4,1,2,254.0
5,1.791759469228055,0,2,0,5,5,1,0.6931471805599453,0,1,1,1,1,4,7,9,2.302585092994046,0,0,4,2,9,8,2.1972245773362196,1,2,3,1,8,1,3,2.0
1,0.6931471805599453,0,1,1,1,1,7,2.0794415416798357,0,1,2,0,7,7,1,10,2.3978952727983707,1,1,0,3,0,8,2.1972245773362196,1,2,3,1,8,1,3,2.0
7,2.0794415416798357,0,1,2,0,7,7,2.0794415416798357,0,1,2,0,7,3,2,65,4.189654742026425,0,2,0,2,5,53,3.9889840465642745,0,2,3,4,3,1,1,15878.0
5,1.791759469228055,0,2,0,5,5,1,0.6931471805599453,0,1,1,1,1,2,6,7,2.0794415416798357,0,1,2,0,7,10,2.3978952727983707,1,1,0,3,0,1,4,2.0
7,2.0794415416798357,0,1,2,0,7,3,1.3862943611198906,0,0,3,3,3,5,5,31,3.4657359027997265,0,1,1,3,1,40,3.713572066704308,1,1,0,5,0,1,0,758.0
4,1.6094379124341003,1,1,4,4,4,4,1.6094379124341003,1,1,4,4,4,5,3,22,3.1354942159291497,1,1,2,1,2,28,3.367295829986474,1,1,3,0,8,2,3,198.0
7,2.0794415416798357,0,1,2,0,7,2,1.0986122886681098,1,2,2,2,2,2,0,21,3.091042453358316,0,0,1,0,1,15,2.772588722239781,0,0,0,1,5,1,1,254.0
5,1.791759469228055,0,2,0,5,5,4,1.6094379124341003,1,1,4,4,4,2,3,26,3.295836866004329,1,2,1,5,6,20,3.044522437723423,1,2,0,6,0,1,2,422.0
7,2.0794415416798357,0,1,2,0,7,2,1.0986122886681098,1,2,2,2,2,0,0,20,3.044522437723423,1,2,0,6,0,25,3.258096538021482,0,1,0,4,5,1,1,254.0
7,2.0794415416798357,0,1,2,0,7,2,1.0986122886681098,1,2,2,2,2,2,8,22,3.1354942159291497,1,1,2,1,2,20,3.044522437723423,1,2,0,6,0,1,2,254.0
4,1.6094379124341003,1,1,4,4,4,4,1.6094379124341003,1,1,4,4,4,3,3,23,3.1780538303479458,0,2,3,2,3,25,3.258096538021482,0,1,0,4,5,1,1,198.0
6,1.9459101490553132,1,0,1,6,6,2,1.0986122886681098,1,2,2,2,2,3,7,19,2.995732273553991,0,1,4,5,9,17,2.8903717578961645,0,2,2,3,7,1,1,126.0
1,0.6931471805599453,0,1,1,1,1,7,2.0794415416798357,0,1,2,0,7,1,2,10,2.3978952727983707,1,1,0,3,0,14,2.70805020110221,1,2,4,0,4,1,4,2.0
4,1.6094379124341003,1,1,4,4,4,1,0.6931471805599453,0,1,1,1,1,0,3,6,1.9459101490553132,1,0,1,6,6,8,2.1972245773362196,1,2,3,1,8,1,4,2.0
2,1.0986122886681098,1,2,2,2,2,4,1.6094379124341003,1,1,4,4,4,6,2,11,2.4849066497880004,0,2,1,4,1,10,2.3978952727983707,1,1,0,3,0,1,2,30.0
6,1.9459101490553132,1,0,1,6,6,5,1.791759469228055,0,2,0,5,5,5,2,57,4.060443010546419,0,0,2,1,7,53,3.9889840465642745,0,2,3,4,3,1,0,1862.0
5,1.791759469228055,0,2,0,5,5,7,2.0794415416798357,0,1,2,0,7,1,5,57,4.060443010546419,0,0,2,1,7,36,3.6109179126442243,1,0,1,1,6,1,0,3782.0
5,1.791759469228055,0,2,0,5,5,6,1.9459101490553132,1,0,1,6,6,0,1,39,3.6888794541139363,0,0,4,4,9,40,3.713572066704308,1,1,0,5,0,1,1,1862.0
7,2.0794415416798357,0,1,2,0,7,5,1.791759469228055,0,2,0,5,5,1,6,55,4.02535169073515,0,1,0,6,5,60,4.110873864173311,1,0,0,4,0,1,2,3782.0
3,1.3862943611198906,0,0,3,3,3,2,1.0986122886681098,1,2,2,2,2,4,4,10,2.3978952727983707,1,1,0,3,0,9,2.302585092994046,0,0,4,2,9,1,2,14.0
3,1.3862943611198906,0,0,3,3,3,3,1.3862943611198906,0,0,3,3,3,2,2,11,2.4849066497880004,0,2,1,4,1,11,2.4849066497880004,0,2,1,4,1,1,2,38.0
3,1.3862943611198906,0,0,3,3,3,5,1.791759469228055,0,2,0,5,5,1,7,25,3.258096538021482,0,1,0,4,5,17,2.8903717578961645,0,2,2,3,7,1,1,182.0
2,1.0986122886681098,1,2,2,2,2,4,1.6094379124341003,1,1,4,4,4,1,5,13,2.6390573296152584,0,1,3,6,3,12,2.5649493574615367,1,0,2,5,2,1,3,30.0
2,1.0986122886681098,1,2,2,2,2,2,1.0986122886681098,1,2,2,2,2,2,6,8,2.1972245773362196,1,2,3,1,8,6,1.9459101490553132,1,0,1,6,6,2,5,6.0
5,1.791759469228055,0,2,0,5,5,4,1.6094379124341003,1,1,4,4,4,1,3,40,3.713572066704308,1,1,0,5,0,30,3.4339872044851463,1,0,0,2,0,1,3,422.0
6,1.9459101490553132,1,0,1,6,6,3,1.3862943611198906,0,0,3,3,3,7,7,20,3.044522437723423,1,2,0,6,0,35,3.58351893845611,0,2,0,0,5,1,1,374.0
7,2.0794415416798357,0,1,2,0,7,2,1.0986122886681098,1,2,2,2,2,2,3,15,2.772588722239781,0,0,0,1,5,27,3.332204510175204,0,0,2,6,7,1,0,254.0
5,1.791759469228055,0,2,0,5,5,6,1.9459101490553132,1,0,1,6,6,7,5,57,4.060443010546419,0,0,2,1,7,36,3.6109179126442243,1,0,1,1,6,1,1,1862.0
1,0.6931471805599453,0,1,1,1,1,4,1.6094379124341003,1,1,4,4,4,6,5,7,2.0794415416798357,0,1,2,0,7,4,1.6094379124341003,1,1,4,4,4,1,4,2.0
7,2.0794415416798357,0,1,2,0,7,6,1.9459101490553132,1,0,1,6,6,1,4,74,4.31748811353631,1,2,4,4,4,70,4.2626798770413155,1,1,0,0,0,1,1,7814.0
5,1.791759469228055,0,2,0,5,5,4,1.6094379124341003,1,1,4,4,4,4,4,20,3.044522437723423,1,2,0,6,0,29,3.4011973816621555,0,2,4,1,9,1,2,422.0
5,1.791759469228055,0,2,0,5,5,6,1.9459101490553132,1,0,1,6,6,4,3,36,3.6109179126442243,1,0,1,1,6,32,3.4965075614664802,1,2,2,4,2,1,1,1862.0
2,1.0986122886681098,1,2,2,2,2,6,1.9459101490553132,1,0,1,6,6,3,5,18,2.9444389791664403,1,0,3,4,8,18,2.9444389791664403,1,0,3,4,8,2,6,126.0
7,2.0794415416798357,0,1,2,0,7,6,1.9459101490553132,1,0,1,6,6,0,7,42,3.7612001156935624,1,0,2,0,2,65,4.189654742026425,0,2,0,2,5,1,2,7814.0
3,1.3862943611198906,0,0,3,3,3,6,1.9459101490553132,1,0,1,6,6,7,4,33,3.5263605246161616,0,0,3,5,3,19,2.995732273553991,0,1,4,5,9,1,2,374.0
1,0.6931471805599453,0,1,1,1,1,2,1.0986122886681098,1,2,2,2,2,5,7,3,1.3862943611198906,0,0,3,3,3,3,1.3862943611198906,0,0,3,3,3,1,4,2.0
7,2.0794415416798357,0,1,2,0,7,1,0.6931471805599453,0,1,1,1,1,3,7,7,2.0794415416798357,0,1,2,0,7,11,2.4849066497880004,0,2,1,4,1,1,4,2.0
5,1.791759469228055,0,2,0,5,5,4,1.6094379124341003,1,1,4,4,4,4,1,21,3.091042453358316,0,0,1,0,1,23,3.1780538303479458,0,2,3,2,3,1,0,422.0
3,1.3862943611198906,0,0,3,3,3,7,2.0794415416798357,0,1,2,0,7,2,2,24,3.2188758248682006,1,0,4,3,4,34,3.5553480614894135,1,1,4,6,4,1,1,758.0
3,1.3862943611198906,0,0,3,3,3,7,2.0794415416798357,0,1,2,0,7,2,6,24,3.2188758248682006,1,0,4,3,4,29,3.4011973816621555,0,2,4,1,9,1,1,758.0
1,0.6931471805599453,0,1,1,1,1,3,1.3862943611198906,0,0,3,3,3,6,4,3,1.3862943611198906,0,0,3,3,3,3,1.3862943611198906,0,0,3,3,3,1,6,2.0
5,1.791759469228055,0,2,0,5,5,6,1.9459101490553132,1,0,1,6,6,5,0,32,3.4965075614664802,1,2,2,4,2,52,3.970291913552122,1,1,2,3,2,1,0,1862.0
7,2.0794415416798357,0,1,2,0,7,2,1.0986122886681098,1,2,2,2,2,7,5,14,2.70805020110221,1,2,4,0,4,16,2.833213344056216,1,1,1,2,6,1,3,254.0
7,2.0794415416798357,0,1,2,0,7,2,1.0986122886681098,1,2,2,2,2,1,5,17,2.8903717578961645,0,2,2,3,7,19,2.995732273553991,0,1,4,5,9,1,0,254.0
5,1.791759469228055,0,2,0,5,5,3,1.3862943611198906,0,0,3,3,3,0,0,29,3.4011973816621555,0,2,4,1,9,27,3.332204510175204,0,0,2,6,7,1,1,182.0
2,1.0986122886681098,1,2,2,2,2,4,1.6094379124341003,1,1,4,4,4,3,8,13,2.6390573296152584,0,1,3,6,3,10,2.3978952727983707,1,1,0,3,0,1,2,30.0
1,0.6931471805599453,0,1,1,1,1,2,1.0986122886681098,1,2,2,2,2,0,5,2,1.0986122886681098,1,2,2,2,2,4,1.6094379124341003,1,1,4,4,4,1,6,2.0
2,1.0986122886681098,1,2,2,2,2,1,0.6931471805599453,0,1,1,1,1,1,4,2,1.0986122886681098,1,2,2,2,2,4,1.6094379124341003,1,1,4,4,4,1,6,2.0
3,1.3862943611198906,0,0,3,3,3,7,2.0794415416798357,0,1,2,0,7,2,1,22,3.1354942159291497,1,1,2,1,2,30,3.4339872044851463,1,0,0,2,0,1,1,758.0
5,1.791759469228055,0,2,0,5,5,6,1.9459101490553132,1,0,1,6,6,6,3,45,3.828641396489095,0,0,0,3,5,30,3.4339872044851463,1,0,0,2,0,1,3,1862.0
6,1.9459101490553132,1,0,1,6,6,6,1.9459101490553132,1,0,1,6,6,8,0,66,4.204692619390966,1,0,1,3,6,40,3.713572066704308,1,1,0,5,0,2,3,3846.0
2,1.0986122886681098,1,2,2,2,2,6,1.9459101490553132,1,0,1,6,6,0,4,17,2.8903717578961645,0,2,2,3,7,15,2.772588722239781,0,0,0,1,5,1,1,126.0
6,1.9459101490553132,1,0,1,6,6,3,1.3862943611198906,0,0,3,3,3,1,3,23,3.1780538303479458,0,2,3,2,3,35,3.58351893845611,0,2,0,0,5,1,1,374.0
3,1.3862943611198906,0,0,3,3,3,3,1.3862943611198906,0,0,3,3,3,3,7,14,2.70805020110221,1,2,4,0,4,12,2.5649493574615367,1,0,2,5,2,1,3,38.0
5,1.791759469228055,0,2,0,5,5,3,1.3862943611198906,0,0,3,3,3,0,6,30,3.4339872044851463,1,0,0,2,0,28,3.367295829986474,1,1,3,0,8,1,2,182.0
4,1.6094379124341003,1,1,4,4,4,1,0.6931471805599453,0,1,1,1,1,0,3,4,1.6094379124341003,1,1,4,4,4,6,1.9459101490553132,1,0,1,6,6,1,4,2.0
5,1.791759469228055,0,2,0,5,5,7,2.0794415416798357,0,1,2,0,7,7,0,55,4.02535169073515,0,1,0,6,5,67,4.219507705176107,0,1,2,4,7,1,1,3782.0
2,1.0986122886681098,1,2,2,2,2,7,2.0794415416798357,0,1,2,0,7,6,1,19,2.995732273553991,0,1,4,5,9,15,2.772588722239781,0,0,0,1,5,1,0,254.0
5,1.791759469228055,0,2,0,5,5,6,1.9459101490553132,1,0,1,6,6,3,1,58,4.07753744390572,1,1,3,2,8,44,3.8066624897703196,1,2,4,2,4,1,0,1862.0
7,2.0794415416798357,0,1,2,0,7,1,0.6931471805599453,0,1,1,1,1,6,4,9,2.302585092994046,0,0,4,2,9,12,2.5649493574615367,1,0,2,5,2,1,3,2.0
4,1.6094379124341003,1,1,4,4,4,3,1.3862943611198906,0,0,3,3,3,4,0,12,2.5649493574615367,1,0,2,5,2,16,2.833213344056216,1,1,1,2,6,1,3,86.0
1,0.6931471805599453,0,1,1,1,1,3,1.3862943611198906,0,0,3,3,3,3,8,3,1.3862943611198906,0,0,3,3,3,3,1.3862943611198906,0,0,3,3,3,1,6,2.0
3,1.3862943611198906,0,0,3,3,3,7,2.0794415416798357,0,1,2,0,7,1,4,40,3.713572066704308,1,1,0,5,0,26,3.295836866004329,1,2,1,5,6,1,0,758.0
6,1.9459101490553132,1,0,1,6,6,1,0.6931471805599453,0,1,1,1,1,2,0,7,2.0794415416798357,0,1,2,0,7,8,2.1972245773362196,1,2,3,1,8,1,3,2.0
4,1.6094379124341003,1,1,4,4,4,5,1.791759469228055,0,2,0,5,5,3,8,37,3.6375861597263857,0,1,2,2,7,38,3.6635616461296463,1,2,3,3,8,1,0,422.0
3,1.3862943611198906,0,0,3,3,3,7,2.0794415416798357,0,1,2,0,7,8,7,32,3.4965075614664802,1,2,2,4,2,33,3.5263605246161616,0,0,3,5,3,1,1,758.0
5,1.791759469228055,0,2,0,5,5,5,1.791759469228055,0,2,0,5,5,1,3,47,3.871201010907891,0,2,2,5,7,27,3.332204510175204,0,0,2,6,7,1,1,902.0
3,1.3862943611198906,0,0,3,3,3,5,1.791759469228055,0,2,0,5,5,4,3,26,3.295836866004329,1,2,1,5,6,19,2.995732273553991,0,1,4,5,9,1,0,182.0
5,1.791759469228055,0,2,0,5,5,7,2.0794415416798357,0,1,2,0,7,7,2,65,4.189654742026425,0,2,0,2,5,70,4.2626798770413155,1,1,0,0,0,1,3,3782.0
2,1.0986122886681098,1,2,2,2,2,5,1.791759469228055,0,2,0,5,5,7,4,11,2.4849066497880004,0,2,1,4,1,14,2.70805020110221,1,2,4,0,4,1,1,62.0
3,1.3862943611198906,0,0,3,3,3,2,1.0986122886681098,1,2,2,2,2,1,2,7,2.0794415416798357,0,1,2,0,7,8,2.1972245773362196,1,2,3,1,8,1,1,14.0
4,1.6094379124341003,1,1,4,4,4,6,1.9459101490553132,1,0,1,6,6,1,1,45,3.828641396489095,0,0,0,3,5,45,3.828641396489095,0,0,0,3,5,1,1,870.0
6,1.9459101490553132,1,0,1,6,6,5,1.791759469228055,0,2,0,5,5,1,7,60,4.110873864173311,1,0,0,4,0,42,3.7612001156935624,1,0,2,0,2,1,3,1862.0
4,1.6094379124341003,1,1,4,4,4,4,1.6094379124341003,1,1,4,4,4,1,5,29,3.4011973816621555,0,2,4,1,9,24,3.2188758248682006,1,0,4,3,4,1,3,198.0
7,2.0794415416798357,0,1,2,0,7,5,1.791759469228055,0,2,0,5,5,2,2,45,3.828641396489095,0,0,0,3,5,52,3.970291913552122,1,1,2,3,2,1,1,3782.0
3,1.3862943611198906,0,0,3,3,3,6,1.9459101490553132,1,0,1,6,6,0,6,19,2.995732273553991,0,1,4,5,9,31,3.4657359027997265,0,1,1,3,1,1,1,374.0
6,1.9459101490553132,1,0,1,6,6,7,2.0794415416798357,0,1,2,0,7,3,2,80,4.394449154672439,1,2,0,3,0,63,4.1588830833596715,0,0,3,0,3,1,1,7814.0
1,0.6931471805599453,0,1,1,1,1,2,1.0986122886681098,1,2,2,2,2,8,6,3,1.3862943611198906,0,0,3,3,3,4,1.6094379124341003,1,1,4,4,4,1,4,2.0
7,2.0794415416798357,0,1,2,0,7,5,1.791759469228055,0,2,0,5,5,3,2,46,3.8501476017100584,1,1,1,4,6,43,3.784189633918261,0,1,3,1,3,1,0,3782.0
1,0.6931471805599453,0,1,1,1,1,5,1.791759469228055,0,2,0,5,5,4,1,10,2.3978952727983707,1,1,0,3,0,10,2.3978952727983707,1,1,0,3,0,1,6,2.0
7,2.0794415416798357,0,1,2,0,7,4,1.6094379124341003,1,1,4,4,4,6,2,34,3.5553480614894135,1,1,4,6,4,56,4.04305126783455,1,2,1,0,6,1,2,1766.0
5,1.791759469228055,0,2,0,5,5,7,2.0794415416798357,0,1,2,0,7,2,2,52,3.970291913552122,1,1,2,3,2,42,3.7612001156935624,1,0,2,0,2,1,1,3782.0
7,2.0794415416798357,0,1,2,0,7,5,1.791759469228055,0,2,0,5,5,3,6,59,4.0943445622221,0,2,4,3,9,60,4.110873864173311,1,0,0,4,0,1,1,3782.0
7,2.0794415416798357,0,1,2,0,7,2,1.0986122886681098,1,2,2,2,2,4,8,27,3.332204510175204,0,0,2,6,7,24,3.2188758248682006,1,0,4,3,4,1,1,254.0
1,0.6931471805599453,0,1,1,1,1,3,1.3862943611198906,0,0,3,3,3,1,0,6,1.9459101490553132,1,0,1,6,6,4,1.6094379124341003,1,1,4,4,4,1,4,2.0
2,1.0986122886681098,1,2,2,2,2,6,1.9459101490553132,1,0,1,6,6,5,7,23,3.1780538303479458,0,2,3,2,3,16,2.833213344056216,1,1,1,2,6,1,2,126.0
1,0.6931471805599453,0,1,1,1,1,6,1.9459101490553132,1,0,1,6,6,7,2,7,2.0794415416798357,0,1,2,0,7,6,1.9459101490553132,1,0,1,6,6,1,4,2.0
7,2.0794415416798357,0,1,2,0,7,5,1.791759469228055,0,2,0,5,5,2,8,47,3.871201010907891,0,2,2,5,7,44,3.8066624897703196,1,2,4,2,4,1,0,3782.0
7,2.0794415416798357,0,1,2,0,7,7,2.0794415416798357,0,1,2,0,7,3,7,83,4.430816798843313,0,2,3,6,3,82,4.418840607796598,1,1,2,5,2,1,1,15878.0
7,2.0794415416798357,0,1,2,0,7,3,1.3862943611198906,0,0,3,3,3,6,3,23,3.1780538303479458,0,2,3,2,3,25,3.258096538021482,0,1,0,4,5,1,0,758.0
6,1.9459101490553132,1,0,1,6,6,2,1.0986122886681098,1,2,2,2,2,3,3,12,2.5649493574615367,1,0,2,5,2,21,3.091042453358316,0,0,1,0,1,1,3,126.0
7,2.0794415416798357,0,1,2,0,7,1,0.6931471805599453,0,1,1,1,1,2,2,14,2.70805020110221,1,2,4,0,4,8,2.1972245773362196,1,2,3,1,8,1,4,2.0
3,1.3862943611198906,0,0,3,3,3,1,0.6931471805599453,0,1,1,1,1,1,1,4,1.6094379124341003,1,1,4,4,4,3,1.3862943611198906,0,0,3,3,3,1,4,2.0
1,0.6931471805599453,0,1,1,1,1,5,1.791759469228055,0,2,0,5,5,7,8,6,1.9459101490553132,1,0,1,6,6,5,1.791759469228055,0,2,0,5,5,1,4,2.0
1,0.6931471805599453,0,1,1,1,1,3,1.3862943611198906,0,0,3,3,3,0,4,5,1.791759469228055,0,2,0,5,5,6,1.9459101490553132,1,0,1,6,6,1,4,2.0
3,1.3862943611198906,0,0,3,3,3,1,0.6931471805599453,0,1,1,1,1,5,4,4,1.6094379124341003,1,1,4,4,4,6,1.9459101490553132,1,0,1,6,6,1,4,2.0
2,1.0986122886681098,1,2,2,2,2,1,0.6931471805599453,0,1,1,1,1,6,8,2,1.0986122886681098,1,2,2,2,2,4,1.6094379124341003,1,1,4,4,4,1,6,2.0
6,1.9459101490553132,1,0,1,6,6,7,2.0794415416798357,0,1,2,0,7,7,5,44,3.8066624897703196,1,2,4,2,4,44,3.8066624897703196,1,2,4,2,4,1,1,7814.0
7,2.0794415416798357,0,1,2,0,7,5,1.791759469228055,0,2,0,5,5,0,0,65,4.189654742026425,0,2,0,2,5,39,3.6888794541139363,0,0,4,4,9,1,1,3782.0
1,0.6931471805599453,0,1,1,1,1,5,1.791759469228055,0,2,0,5,5,4,5,6,1.9459101490553132,1,0,1,6,6,8,2.1972245773362196,1,2,3,1,8,1,3,2.0
1,0.6931471805599453,0,1,1,1,1,5,1.791759469228055,0,2,0,5,5,5,0,7,2.0794415416798357,0,1,2,0,7,8,2.1972245773362196,1,2,3,1,8,1,3,2.0
5,1.791759469228055,0,2,0,5,5,2,1.0986122886681098,1,2,2,2,2,7,0,18,2.9444389791664403,1,0,3,4,8,13,2.6390573296152584,0,1,3,6,3,1,1,62.0
6,1.9459101490553132,1,0,1,6,6,3,1.3862943611198906,0,0,3,3,3,6,7,29,3.4011973816621555,0,2,4,1,9,18,2.9444389791664403,1,0,3,4,8,1,3,374.0
4,1.6094379124341003,1,1,4,4,4,6,1.9459101490553132,1,0,1,6,6,7,5,39,3.6888794541139363,0,0,4,4,9,40,3.713572066704308,1,1,0,5,0,1,1,870.0
4,1.6094379124341003,1,1,4,4,4,2,1.0986122886681098,1,2,2,2,2,4,2,15,2.772588722239781,0,0,0,1,5,8,2.1972245773362196,1,2,3,1,8,1,3,30.0
5,1.791759469228055,0,2,0,5,5,2,1.0986122886681098,1,2,2,2,2,1,7,14,2.70805020110221,1,2,4,0,4,11,2.4849066497880004,0,2,1,4,1,1,1,62.0
5,1.791759469228055,0,2,0,5,5,2,1.0986122886681098,1,2,2,2,2,4,7,17,2.8903717578961645,0,2,2,3,7,12,2.5649493574615367,1,0,2,5,2,1,1,62.0
2,1.0986122886681098,1,2,2,2,2,7,2.0794415416798357,0,1,2,0,7,1,1,28,3.367295829986474,1,1,3,0,8,16,2.833213344056216,1,1,1,2,6,1,3,254.0
5,1.791759469228055,0,2,0,5,5,2,1.0986122886681098,1,2,2,2,2,0,1,19,2.995732273553991,0,1,4,5,9,17,2.8903717578961645,0,2,2,3,7,1,0,62.0
4,1.6094379124341003,1,1,4,4,4,4,1.6094379124341003,1,1,4,4,4,3,5,21,3.091042453358316,0,0,1,0,1,16,2.833213344056216,1,1,1,2,6,1,3,198.0
2,1.0986122886681098,1,2,2,2,2,6,1.9459101490553132,1,0,1,6,6,1,1,15,2.772588722239781,0,0,0,1,5,23,3.1780538303479458,0,2,3,2,3,1,1,126.0
7,2.0794415416798357,0,1,2,0,7,4,1.6094379124341003,1,1,4,4,4,7,1,34,3.5553480614894135,1,1,4,6,4,37,3.6375861597263857,0,1,2,2,7,1,0,1766.0
5,1.791759469228055,0,2,0,5,5,1,0.6931471805599453,0,1,1,1,1,5,0,9,2.302585092994046,0,0,4,2,9,5,1.791759469228055,0,2,0,5,5,1,4,2.0
4,1.6094379124341003,1,1,4,4,4,2,1.0986122886681098,1,2,2,2,2,6,1,11,2.4849066497880004,0,2,1,4,1,10,2.3978952727983707,1,1,0,3,0,1,2,30.0
3,1.3862943611198906,0,0,3,3,3,5,1.791759469228055,0,2,0,5,5,5,3,18,2.9444389791664403,1,0,3,4,8,29,3.4011973816621555,0,2,4,1,9,1,1,182.0
5,1.791759469228055,0,2,0,5,5,1,0.6931471805599453,0,1,1,1,1,1,7,5,1.791759469228055,0,2,0,5,5,6,1.9459101490553132,1,0,1,6,6,1,4,2.0
7,2.0794415416798357,0,1,2,0,7,2,1.0986122886681098,1,2,2,2,2,8,0,21,3.091042453358316,0,0,1,0,1,27,3.332204510175204,0,0,2,6,7,1,1,254.0
3,1.3862943611198906,0,0,3,3,3,1,0.6931471805599453,0,1,1,1,1,1,7,5,1.791759469228055,0,2,0,5,5,5,1.791759469228055,0,2,0,5,5,1,4,2.0
2,1.0986122886681098,1,2,2,2,2,1,0.6931471805599453,0,1,1,1,1,5,2,4,1.6094379124341003,1,1,4,4,4,2,1.0986122886681098,1,2,2,2,2,1,6,2.0
2,1.0986122886681098,1,2,2,2,2,3,1.3862943611198906,0,0,3,3,3,1,7,6,1.9459101490553132,1,0,1,6,6,9,2.302585092994046,0,0,4,2,9,1,3,14.0
6,1.9459101490553132,1,0,1,6,6,5,1.791759469228055,0,2,0,5,5,8,1,57,4.060443010546419,0,0,2,1,7,51,3.9512437185814275,0,0,1,2,1,1,0,1862.0
3,1.3862943611198906,0,0,3,3,3,3,1.3862943611198906,0,0,3,3,3,5,3,10,2.3978952727983707,1,1,0,3,0,13,2.6390573296152584,0,1,3,6,3,1,1,38.0
5,1.791759469228055,0,2,0,5,5,3,1.3862943611198906,0,0,3,3,3,4,8,22,3.1354942159291497,1,1,2,1,2,30,3.4339872044851463,1,0,0,2,0,1,2,182.0
4,1.6094379124341003,1,1,4,4,4,3,1.3862943611198906,0,0,3,3,3,7,2,15,2.772588722239781,0,0,0,1,5,14,2.70805020110221,1,2,4,0,4,1,1,86.0
7,2.0794415416798357,0,1,2,0,7,6,1.9459101490553132,1,0,1,6,6,1,1,62,4.143134726391533,1,2,2,6,2,50,3.9318256327243257,1,2,0,1,0,1,0,7814.0
3,1.3862943611198906,0,0,3,3,3,5,1.791759469228055,0,2,0,5,5,5,6,26,3.295836866004329,1,2,1,5,6,19,2.995732273553991,0,1,4,5,9,1,0,182.0
2,1.0986122886681098,1,2,2,2,2,2,1.0986122886681098,1,2,2,2,2,8,6,4,1.6094379124341003,1,1,4,4,4,4,1.6094379124341003,1,1,4,4,4,2,6,6.0
4,1.6094379124341003,1,1,4,4,4,6,1.9459101490553132,1,0,1,6,6,0,8,33,3.5263605246161616,0,0,3,5,3,34,3.5553480614894135,1,1,4,6,4,1,0,870.0
2,1.0986122886681098,1,2,2,2,2,4,1.6094379124341003,1,1,4,4,4,8,7,14,2.70805020110221,1,2,4,0,4,11,2.4849066497880004,0,2,1,4,1,1,2,30.0
3,1.3862943611198906,0,0,3,3,3,6,1.9459101490553132,1,0,1,6,6,5,6,21,3.091042453358316,0,0,1,0,1,26,3.295836866004329,1,2,1,5,6,1,2,374.0
1,0.6931471805599453,0,1,1,1,1,1,0.6931471805599453,0,1,1,1,1,8,8,1,0.6931471805599453,0,1,1,1,1,1,0.6931471805599453,0,1,1,1,1,1,6,2.0
6,1.9459101490553132,1,0,1,6,6,5,1.791759469228055,0,2,0,5,5,4,5,58,4.07753744390572,1,1,3,2,8,54,4.007333185232471,1,0,4,5,4,1,1,1862.0
7,2.0794415416798357,0,1,2,0,7,2,1.0986122886681098,1,2,2,2,2,3,5,16,2.833213344056216,1,1,1,2,6,28,3.367295829986474,1,1,3,0,8,1,3,254.0
4,1.6094379124341003,1,1,4,4,4,2,1.0986122886681098,1,2,2,2,2,5,0,9,2.302585092994046,0,0,4,2,9,8,2.1972245773362196,1,2,3,1,8,1,3,30.0
1,0.6931471805599453,0,1,1,1,1,7,2.0794415416798357,0,1,2,0,7,1,0,8,2.1972245773362196,1,2,3,1,8,12,2.5649493574615367,1,0,2,5,2,1,3,2.0
1,0.6931471805599453,0,1,1,1,1,2,1.0986122886681098,1,2,2,2,2,0,6,3,1.3862943611198906,0,0,3,3,3,2,1.0986122886681098,1,2,2,2,2,1,4,2.0
5,1.791759469228055,0,2,0,5,5,3,1.3862943611198906,0,0,3,3,3,7,1,30,3.4339872044851463,1,0,0,2,0,24,3.2188758248682006,1,0,4,3,4,1,3,182.0
7,2.0794415416798357,0,1,2,0,7,4,1.6094379124341003,1,1,4,4,4,7,0,36,3.6109179126442243,1,0,1,1,6,40,3.713572066704308,1,1,0,5,0,1,2,1766.0
1,0.6931471805599453,0,1,1,1,1,4,1.6094379124341003,1,1,4,4,4,3,6,5,1.791759469228055,0,2,0,5,5,5,1.791759469228055,0,2,0,5,5,1,4,2.0
1,0.6931471805599453,0,1,1,1,1,4,1.6094379124341003,1,1,4,4,4,8,3,6,1.9459101490553132,1,0,1,6,6,4,1.6094379124341003,1,1,4,4,4,1,4,2.0
5,1.791759469228055,0,2,0,5,5,6,1.9459101490553132,1,0,1,6,6,3,2,52,3.970291913552122,1,1,2,3,2,56,4.04305126783455,1,2,1,0,6,1,0,1862.0
1,0.6931471805599453,0,1,1,1,1,4,1.6094379124341003,1,1,4,4,4,2,0,6,1.9459101490553132,1,0,1,6,6,5,1.791759469228055,0,2,0,5,5,1,3,2.0
7,2.0794415416798357,0,1,2,0,7,5,1.791759469228055,0,2,0,5,5,3,7,43,3.784189633918261,0,1,3,1,3,52,3.970291913552122,1,1,2,3,2,1,0,3782.0
2,1.0986122886681098,1,2,2,2,2,4,1.6094379124341003,1,1,4,4,4,7,8,11,2.4849066497880004,0,2,1,4,1,14,2.70805020110221,1,2,4,0,4,1,2,30.0
3,1.3862943611198906,0,0,3,3,3,5,1.791759469228055,0,2,0,5,5,2,0,17,2.8903717578961645,0,2,2,3,7,27,3.332204510175204,0,0,2,6,7,1,1,182.0
3,1.3862943611198906,0,0,3,3,3,1,0.6931471805599453,0,1,1,1,1,4,2,4,1.6094379124341003,1,1,4,4,4,5,1.791759469228055,0,2,0,5,5,1,3,2.0
3,1.3862943611198906,0,0,3,3,3,2,1.0986122886681098,1,2,2,2,2,4,5,9,2.302585092994046,0,0,4,2,9,12,2.5649493574615367,1,0,2,5,2,1,3,14.0
5,1.791759469228055,0,2,0,5,5,7,2.0794415416798357,0,1,2,0,7,5,8,46,3.8501476017100584,1,1,1,4,6,57,4.060443010546419,0,0,2,1,7,1,0,3782.0
5,1.791759469228055,0,2,0,5,5,4,1.6094379124341003,1,1,4,4,4,7,5,22,3.1354942159291497,1,1,2,1,2,21,3.091042453358316,0,0,1,0,1,1,0,422.0
7,2.0794415416798357,0,1,2,0,7,5,1.791759469228055,0,2,0,5,5,5,3,44,3.8066624897703196,1,2,4,2,4,54,4.007333185232471,1,0,4,5,4,1,0,3782.0
5,1.791759469228055,0,2,0,5,5,6,1.9459101490553132,1,0,1,6,6,2,4,30,3.4339872044851463,1,0,0,2,0,36,3.6109179126442243,1,0,1,1,6,1,3,1862.0
2,1.0986122886681098,1,2,2,2,2,2,1.0986122886681098,1,2,2,2,2,6,8,5,1.791759469228055,0,2,0,5,5,6,1.9459101490553132,1,0,1,6,6,1,3,6.0
1,0.6931471805599453,0,1,1,1,1,1,0.6931471805599453,0,1,1,1,1,1,5,2,1.0986122886681098,1,2,2,2,2,1,0.6931471805599453,0,1,1,1,1,1,6,2.0
1,0.6931471805599453,0,1,1,1,1,6,1.9459101490553132,1,0,1,6,6,5,7,11,2.4849066497880004,0,2,1,4,1,10,2.3978952727983707,1,1,0,3,0,1,3,2.0
5,1.791759469228055,0,2,0,5,5,3,1.3862943611198906,0,0,3,3,3,2,1,26,3.295836866004329,1,2,1,5,6,29,3.4011973816621555,0,2,4,1,9,1,0,182.0
5,1.791759469228055,0,2,0,5,5,3,1.3862943611198906,0,0,3,3,3,6,1,17,2.8903717578961645,0,2,2,3,7,19,2.995732273553991,0,1,4,5,9,1,0,182.0
5,1.791759469228055,0,2,0,5,5,5,1.791759469228055,0,2,0,5,5,7,1,35,3.58351893845611,0,2,0,0,5,30,3.4339872044851463,1,0,0,2,0,5,5,902.0
3,1.3862943611198906,0,0,3,3,3,1,0.6931471805599453,0,1,1,1,1,4,4,4,1.6094379124341003,1,1,4,4,4,5,1.791759469228055,0,2,0,5,5,1,3,2.0
4,1.6094379124341003,1,1,4,4,4,3,1.3862943611198906,0,0,3,3,3,8,2,22,3.1354942159291497,1,1,2,1,2,24,3.2188758248682006,1,0,4,3,4,1,2,86.0
6,1.9459101490553132,1,0,1,6,6,4,1.6094379124341003,1,1,4,4,4,4,3,24,3.2188758248682006,1,0,4,3,4,42,3.7612001156935624,1,0,2,0,2,2,3,870.0
6,1.9459101490553132,1,0,1,6,6,7,2.0794415416798357,0,1,2,0,7,2,0,63,4.1588830833596715,0,0,3,0,3,75,4.330733340286331,0,0,0,5,5,1,1,7814.0
4,1.6094379124341003,1,1,4,4,4,5,1.791759469228055,0,2,0,5,5,3,7,36,3.6109179126442243,1,0,1,1,6,26,3.295836866004329,1,2,1,5,6,1,1,422.0
2,1.0986122886681098,1,2,2,2,2,2,1.0986122886681098,1,2,2,2,2,7,0,5,1.791759469228055,0,2,0,5,5,8,2.1972245773362196,1,2,3,1,8,1,3,6.0
3,1.3862943611198906,0,0,3,3,3,2,1.0986122886681098,1,2,2,2,2,7,7,11,2.4849066497880004,0,2,1,4,1,11,2.4849066497880004,0,2,1,4,1,1,1,14.0
4,1.6094379124341003,1,1,4,4,4,1,0.6931471805599453,0,1,1,1,1,3,2,5,1.791759469228055,0,2,0,5,5,7,2.0794415416798357,0,1,2,0,7,1,3,2.0
5,1.791759469228055,0,2,0,5,5,1,0.6931471805599453,0,1,1,1,1,2,0,5,1.791759469228055,0,2,0,5,5,6,1.9459101490553132,1,0,1,6,6,1,4,2.0
5,1.791759469228055,0,2,0,5,5,7,2.0794415416798357,0,1,2,0,7,8,0,57,4.060443010546419,0,0,2,1,7,44,3.8066624897703196,1,2,4,2,4,1,0,3782.0
2,1.0986122886681098,1,2,2,2,2,6,1.9459101490553132,1,0,1,6,6,2,5,20,3.044522437723423,1,2,0,6,0,23,3.1780538303479458,0,2,3,2,3,1,2,126.0
3,1.3862943611198906,0,0,3,3,3,4,1.6094379124341003,1,1,4,4,4,8,0,24,3.2188758248682006,1,0,4,3,4,17,2.8903717578961645,0,2,2,3,7,1,2,86.0
1,0.6931471805599453,0,1,1,1,1,1,0.6931471805599453,0,1,1,1,1,4,7,2,1.0986122886681098,1,2,2,2,2,2,1.0986122886681098,1,2,2,2,2,1,6,2.0
2,1.0986122886681098,1,2,2,2,2,2,1.0986122886681098,1,2,2,2,2,3,8,4,1.6094379124341003,1,1,4,4,4,7,2.0794415416798357,0,1,2,0,7,1,3,6.0
6,1.9459101490553132,1,0,1,6,6,7,2.0794415416798357,0,1,2,0,7,5,6,64,4.174387269895637,1,1,4,1,4,55,4.02535169073515,0,1,0,6,5,1,0,7814.0
2,1.0986122886681098,1,2,2,2,2,2,1.0986122886681098,1,2,2,2,2,4,0,8,2.1972245773362196,1,2,3,1,8,8,2.1972245773362196,1,2,3,1,8,2,6,6.0
5,1.791759469228055,0,2,0,5,5,3,1.3862943611198906,0,0,3,3,3,8,4,28,3.367295829986474,1,1,3,0,8,23,3.1780538303479458,0,2,3,2,3,1,0,182.0
2,1.0986122886681098,1,2,2,2,2,7,2.0794415416798357,0,1,2,0,7,0,5,15,2.772588722239781,0,0,0,1,5,16,2.833213344056216,1,1,1,2,6,1,1,254.0
1,0.6931471805599453,0,1,1,1,1,1,0.6931471805599453,0,1,1,1,1,0,1,1,0.6931471805599453,0,1,1,1,1,2,1.0986122886681098,1,2,2,2,2,1,6,2.0
2,1.0986122886681098,1,2,2,2,2,5,1.791759469228055,0,2,0,5,5,5,7,19,2.995732273553991,0,1,4,5,9,20,3.044522437723423,1,2,0,6,0,1,2,62.0
7,2.0794415416798357,0,1,2,0,7,2,1.0986122886681098,1,2,2,2,2,8,1,18,2.9444389791664403,1,0,3,4,8,15,2.772588722239781,0,0,0,1,5,1,1,254.0
3,1.3862943611198906,0,0,3,3,3,5,1.791759469228055,0,2,0,5,5,5,6,16,2.833213344056216,1,1,1,2,6,18,2.9444389791664403,1,0,3,4,8,1,1,182.0
7,2.0794415416798357,0,1,2,0,7,5,1.791759469228055,0,2,0,5,5,5,8,44,3.8066624897703196,1,2,4,2,4,65,4.189654742026425,0,2,0,2,5,1,1,3782.0
1,0.6931471805599453,0,1,1,1,1,7,2.0794415416798357,0,1,2,0,7,7,5,7,2.0794415416798357,0,1,2,0,7,10,2.3978952727983707,1,1,0,3,0,1,4,2.0
6,1.9459101490553132,1,0,1,6,6,4,1.6094379124341003,1,1,4,4,4,3,5,40,3.713572066704308,1,1,0,5,0,36,3.6109179126442243,1,0,1,1,6,2,3,870.0
3,1.3862943611198906,0,0,3,3,3,4,1.6094379124341003,1,1,4,4,4,6,3,14,2.70805020110221,1,2,4,0,4,16,2.833213344056216,1,1,1,2,6,1,1,86.0
2,1.0986122886681098,1,2,2,2,2,5,1.791759469228055,0,2,0,5,5,0,8,13,2.6390573296152584,0,1,3,6,3,12,2.5649493574615367,1,0,2,5,2,1,1,62.0
2,1.0986122886681098,1,2,2,2,2,1,0.6931471805599453,0,1,1,1,1,5,6,2,1.0986122886681098,1,2,2,2,2,3,1.3862943611198906,0,0,3,3,3,1,4,2.0
6,1.9459101490553132,1,0,1,6,6,5,1.791759469228055,0,2,0,5,5,2,8,44,3.8066624897703196,1,2,4,2,4,32,3.4965075614664802,1,2,2,4,2,1,0,1862.0
2,1.0986122886681098,1,2,2,2,2,7,2.0794415416798357,0,1,2,0,7,6,8,16,2.833213344056216,1,1,1,2,6,18,2.9444389791664403,1,0,3,4,8,1,2,254.0
5,1.791759469228055,0,2,0,5,5,5,1.791759469228055,0,2,0,5,5,2,1,45,3.828641396489095,0,0,0,3,5,28,3.367295829986474,1,1,3,0,8,1,3,902.0
5,1.791759469228055,0,2,0,5,5,2,1.0986122886681098,1,2,2,2,2,4,7,10,2.3978952727983707,1,1,0,3,0,11,2.4849066497880004,0,2,1,4,1,1,2,62.0
7,2.0794415416798357,0,1,2,0,7,6,1.9459101490553132,1,0,1,6,6,3,6,73,4.30406509320417,0,1,3,3,3,65,4.189654742026425,0,2,0,2,5,1,0,7814.0
7,2.0794415416798357,0,1,2,0,7,2,1.0986122886681098,1,2,2,2,2,5,6,15,2.772588722239781,0,0,0,1,5,16,2.833213344056216,1,1,1,2,6,1,1,254.0
4,1.6094379124341003,1,1,4,4,4,6,1.9459101490553132,1,0,1,6,6,1,2,41,3.7376696182833684,0,2,1,6,1,48,3.8918202981106265,1,0,3,6,8,1,2,870.0
4,1.6094379124341003,1,1,4,4,4,7,2.0794415416798357,0,1,2,0,7,0,5,46,3.8501476017100584,1,1,1,4,6,36,3.6109179126442243,1,0,1,1,6,1,1,1766.0
2,1.0986122886681098,1,2,2,2,2,2,1.0986122886681098,1,2,2,2,2,6,8,6,1.9459101490553132,1,0,1,6,6,5,1.791759469228055,0,2,0,5,5,1,3,6.0
7,2.0794415416798357,0,1,2,0,7,2,1.0986122886681098,1,2,2,2,2,7,5,15,2.772588722239781,0,0,0,1,5,26,3.295836866004329,1,2,1,5,6,1,1,254.0
5,1.791759469228055,0,2,0,5,5,1,0.6931471805599453,0,1,1,1,1,8,6,9,2.302585092994046,0,0,4,2,9,9,2.302585092994046,0,0,4,2,9,1,4,2.0
5,1.791759469228055,0,2,0,5,5,6,1.9459101490553132,1,0,1,6,6,6,7,52,3.970291913552122,1,1,2,3,2,42,3.7612001156935624,1,0,2,0,2,1,1,1862.0
7,2.0794415416798357,0,1,2,0,7,2,1.0986122886681098,1,2,2,2,2,5,5,14,2.70805020110221,1,2,4,0,4,28,3.367295829986474,1,1,3,0,8,1,5,254.0
1,0.6931471805599453,0,1,1,1,1,4,1.6094379124341003,1,1,4,4,4,2,3,4,1.6094379124341003,1,1,4,4,4,8,2.1972245773362196,1,2,3,1,8,1,6,2.0
7,2.0794415416798357,0,1,2,0,7,3,1.3862943611198906,0,0,3,3,3,4,7,34,3.5553480614894135,1,1,4,6,4,25,3.258096538021482,0,1,0,4,5,1,0,758.0
7,2.0794415416798357,0,1,2,0,7,7,2.0794415416798357,0,1,2,0,7,5,5,75,4.330733340286331,0,0,0,5,5,56,4.04305126783455,1,2,1,0,6,1,3,15878.0
5,1.791759469228055,0,2,0,5,5,7,2.0794415416798357,0,1,2,0,7,5,3,51,3.9512437185814275,0,0,1,2,1,68,4.23410650459726,1,2,3,5,8,1,0,3782.0
1,0.6931471805599453,0,1,1,1,1,4,1.6094379124341003,1,1,4,4,4,5,6,8,2.1972245773362196,1,2,3,1,8,4,1.6094379124341003,1,1,4,4,4,1,6,2.0
4,1.6094379124341003,1,1,4,4,4,2,1.0986122886681098,1,2,2,2,2,3,5,10,2.3978952727983707,1,1,0,3,0,8,2.1972245773362196,1,2,3,1,8,2,4,30.0
5,1.791759469228055,0,2,0,5,5,1,0.6931471805599453,0,1,1,1,1,3,3,9,2.302585092994046,0,0,4,2,9,7,2.0794415416798357,0,1,2,0,7,1,3,2.0
6,1.9459101490553132,1,0,1,6,6,2,1.0986122886681098,1,2,2,2,2,2,8,13,2.6390573296152584,0,1,3,6,3,23,3.1780538303479458,0,2,3,2,3,1,1,126.0
2,1.0986122886681098,1,2,2,2,2,2,1.0986122886681098,1,2,2,2,2,2,2,5,1.791759469228055,0,2,0,5,5,7,2.0794415416798357,0,1,2,0,7,1,1,6.0
1,0.6931471805599453,0,1,1,1,1,2,1.0986122886681098,1,2,2,2,2,0,4,3,1.3862943611198906,0,0,3,3,3,4,1.6094379124341003,1,1,4,4,4,1,4,2.0
5,1.791759469228055,0,2,0,5,5,2,1.0986122886681098,1,2,2,2,2,7,4,10,2.3978952727983707,1,1,0,3,0,14,2.70805020110221,1,2,4,0,4,1,3,62.0
2,1.0986122886681098,1,2,2,2,2,6,1.9459101490553132,1,0,1,6,6,0,5,24,3.2188758248682006,1,0,4,3,4,20,3.044522437723423,1,2,0,6,0,2,4,126.0
7,2.0794415416798357,0,1,2,0,7,5,1.791759469228055,0,2,0,5,5,6,1,40,3.713572066704308,1,1,0,5,0,52,3.970291913552122,1,1,2,3,2,1,1,3782.0
3,1.3862943611198906,0,0,3,3,3,1,0.6931471805599453,0,1,1,1,1,4,7,4,1.6094379124341003,1,1,4,4,4,4,1.6094379124341003,1,1,4,4,4,1,4,2.0
1,0.6931471805599453,0,1,1,1,1,5,1.791759469228055,0,2,0,5,5,7,4,6,1.9459101490553132,1,0,1,6,6,6,1.9459101490553132,1,0,1,6,6,1,4,2.0
2,1.0986122886681098,1,2,2,2,2,5,1.791759469228055,0,2,0,5,5,6,2,13,2.6390573296152584,0,1,3,6,3,13,2.6390573296152584,0,1,3,6,3,1,1,62.0
5,1.791759469228055,0,2,0,5,5,5,1.791759469228055,0,2,0,5,5,7,2,27,3.332204510175204,0,0,2,6,7,43,3.784189633918261,0,1,3,1,3,1,1,902.0
3,1.3862943611198906,0,0,3,3,3,5,1.791759469228055,0,2,0,5,5,2,0,29,3.4011973816621555,0,2,4,1,9,16,2.833213344056216,1,1,1,2,6,1,0,182.0
5,1.791759469228055,0,2,0,5,5,7,2.0794415416798357,0,1,2,0,7,4,1,37,3.6375861597263857,0,1,2,2,7,64,4.174387269895637,1,1,4,1,4,1,0,3782.0
1,0.6931471805599453,0,1,1,1,1,4,1.6094379124341003,1,1,4,4,4,3,5,8,2.1972245773362196,1,2,3,1,8,8,2.1972245773362196,1,2,3,1,8,1,6,2.0
1,0.6931471805599453,0,1,1,1,1,2,1.0986122886681098,1,2,2,2,2,6,3,2,1.0986122886681098,1,2,2,2,2,2,1.0986122886681098,1,2,2,2,2,1,6,2.0
1,0.6931471805599453,0,1,1,1,1,7,2.0794415416798357,0,1,2,0,7,6,8,13,2.6390573296152584,0,1,3,6,3,7,2.0794415416798357,0,1,2,0,7,1,4,2.0
6,1.9459101490553132,1,0,1,6,6,5,1.791759469228055,0,2,0,5,5,0,5,56,4.04305126783455,1,2,1,0,6,50,3.9318256327243257,1,2,0,1,0,1,1,1862.0
2,1.0986122886681098,1,2,2,2,2,7,2.0794415416798357,0,1,2,0,7,3,5,28,3.367295829986474,1,1,3,0,8,18,2.9444389791664403,1,0,3,4,8,1,3,254.0
1,0.6931471805599453,0,1,1,1,1,5,1.791759469228055,0,2,0,5,5,0,0,7,2.0794415416798357,0,1,2,0,7,9,2.302585092994046,0,0,4,2,9,1,3,2.0
1,0.6931471805599453,0,1,1,1,1,1,0.6931471805599453,0,1,1,1,1,3,5,1,0.6931471805599453,0,1,1,1,1,2,1.0986122886681098,1,2,2,2,2,1,6,2.0
2,1.0986122886681098,1,2,2,2,2,7,2.0794415416798357,0,1,2,0,7,0,0,17,2.8903717578961645,0,2,2,3,7,14,2.70805020110221,1,2,4,0,4,1,2,254.0
1,0.6931471805599453,0,1,1,1,1,7,2.0794415416798357,0,1,2,0,7,0,7,8,2.1972245773362196,1,2,3,1,8,14,2.70805020110221,1,2,4,0,4,1,4,2.0
7,2.0794415416798357,0,1,2,0,7,2,1.0986122886681098,1,2,2,2,2,0,7,15,2.772588722239781,0,0,0,1,5,15,2.772588722239781,0,0,0,1,5,1,1,254.0
5,1.791759469228055,0,2,0,5,5,2,1.0986122886681098,1,2,2,2,2,3,8,20,3.044522437723423,1,2,0,6,0,19,2.995732273553991,0,1,4,5,9,1,2,62.0
6,1.9459101490553132,1,0,1,6,6,3,1.3862943611198906,0,0,3,3,3,6,7,30,3.4339872044851463,1,0,0,2,0,24,3.2188758248682006,1,0,4,3,4,3,5,374.0
6,1.9459101490553132,1,0,1,6,6,2,1.0986122886681098,1,2,2,2,2,5,6,13,2.6390573296152584,0,1,3,6,3,19,2.995732273553991,0,1,4,5,9,1,1,126.0
3,1.3862943611198906,0,0,3,3,3,7,2.0794415416798357,0,1,2,0,7,4,8,24,3.2188758248682006,1,0,4,3,4,37,3.6375861597263857,0,1,2,2,7,1,1,758.0
5,1.791759469228055,0,2,0,5,5,5,1.791759469228055,0,2,0,5,5,4,1,25,3.258096538021482,0,1,0,4,5,25,3.258096538021482,0,1,0,4,5,5,6,902.0
1,0.6931471805599453,0,1,1,1,1,6,1.9459101490553132,1,0,1,6,6,3,2,11,2.4849066497880004,0,2,1,4,1,12,2.5649493574615367,1,0,2,5,2,1,4,2.0
2,1.0986122886681098,1,2,2,2,2,4,1.6094379124341003,1,1,4,4,4,7,5,13,2.6390573296152584,0,1,3,6,3,14,2.70805020110221,1,2,4,0,4,1,2,30.0
7,2.0794415416798357,0,1,2,0,7,5,1.791759469228055,0,2,0,5,5,8,7,61,4.127134385045092,0,1,1,5,1,63,4.1588830833596715,0,0,3,0,3,1,1,3782.0
5,1.791759469228055,0,2,0,5,5,7,2.0794415416798357,0,1,2,0,7,5,7,41,3.7376696182833684,0,2,1,6,1,56,4.04305126783455,1,2,1,0,6,1,1,3782.0
3,1.3862943611198906,0,0,3,3,3,3,1.3862943611198906,0,0,3,3,3,0,3,10,2.3978952727983707,1,1,0,3,0,10,2.3978952727983707,1,1,0,3,0,1,2,38.0
2,1.0986122886681098,1,2,2,2,2,7,2.0794415416798357,0,1,2,0,7,1,6,17,2.8903717578961645,0,2,2,3,7,27,3.332204510175204,0,0,2,6,7,1,0,254.0
3,1.3862943611198906,0,0,3,3,3,1,0.6931471805599453,0,1,1,1,1,8,8,5,1.791759469228055,0,2,0,5,5,5,1.791759469228055,0,2,0,5,5,1,4,2.0
2,1.0986122886681098,1,2,2,2,2,1,0.6931471805599453,0,1,1,1,1,8,2,2,1.0986122886681098,1,2,2,2,2,4,1.6094379124341003,1,1,4,4,4,1,6,2.0
4,1.6094379124341003,1,1,4,4,4,2,1.0986122886681098,1,2,2,2,2,4,3,11,2.4849066497880004,0,2,1,4,1,12,2.5649493574615367,1,0,2,5,2,1,3,30.0
4,1.6094379124341003,1,1,4,4,4,2,1.0986122886681098,1,2,2,2,2,1,6,12,2.5649493574615367,1,0,2,5,2,11,2.4849066497880004,0,2,1,4,1,1,3,30.0
7,2.0794415416798357,0,1,2,0,7,4,1.6094379124341003,1,1,4,4,4,5,0,47,3.871201010907891,0,2,2,5,7,44,3.8066624897703196,1,2,4,2,4,1,1,1766.0
6,1.9459101490553132,1,0,1,6,6,2,1.0986122886681098,1,2,2,2,2,1,5,23,3.1780538303479458,0,2,3,2,3,19,2.995732273553991,0,1,4,5,9,1,1,126.0
3,1.3862943611198906,0,0,3,3,3,2,1.0986122886681098,1,2,2,2,2,5,7,6,1.9459101490553132,1,0,1,6,6,7,2.0794415416798357,0,1,2,0,7,1,2,14.0
6,1.9459101490553132,1,0,1,6,6,2,1.0986122886681098,1,2,2,2,2,7,6,24,3.2188758248682006,1,0,4,3,4,17,2.8903717578961645,0,2,2,3,7,1,3,126.0
3,1.3862943611198906,0,0,3,3,3,5,1.791759469228055,0,2,0,5,5,4,8,22,3.1354942159291497,1,1,2,1,2,24,3.2188758248682006,1,0,4,3,4,1,1,182.0
4,1.6094379124341003,1,1,4,4,4,2,1.0986122886681098,1,2,2,2,2,1,4,13,2.6390573296152584,0,1,3,6,3,9,2.302585092994046,0,0,4,2,9,1,1,30.0
4,1.6094379124341003,1,1,4,4,4,2,1.0986122886681098,1,2,2,2,2,1,0,9,2.302585092994046,0,0,4,2,9,14,2.70805020110221,1,2,4,0,4,1,2,30.0
4,1.6094379124341003,1,1,4,4,4,6,1.9459101490553132,1,0,1,6,6,4,7,27,3.332204510175204,0,0,2,6,7,41,3.7376696182833684,0,2,1,6,1,1,0,870.0
3,1.3862943611198906,0,0,3,3,3,3,1.3862943611198906,0,0,3,3,3,1,1,11,2.4849066497880004,0,2,1,4,1,12,2.5649493574615367,1,0,2,5,2,1,3,38.0
6,1.9459101490553132,1,0,1,6,6,5,1.791759469228055,0,2,0,5,5,2,2,35,3.58351893845611,0,2,0,0,5,46,3.8501476017100584,1,1,1,4,6,1,1,1862.0
6,1.9459101490553132,1,0,1,6,6,6,1.9459101490553132,1,0,1,6,6,5,0,60,4.110873864173311,1,0,0,4,0,37,3.6375861597263857,0,1,2,2,7,1,3,3846.0
4,1.6094379124341003,1,1,4,4,4,5,1.791759469228055,0,2,0,5,5,0,7,40,3.713572066704308,1,1,0,5,0,39,3.6888794541139363,0,0,4,4,9,1,2,422.0
4,1.6094379124341003,1,1,4,4,4,2,1.0986122886681098,1,2,2,2,2,2,4,9,2.302585092994046,0,0,4,2,9,12,2.5649493574615367,1,0,2,5,2,1,3,30.0
5,1.791759469228055,0,2,0,5,5,1,0.6931471805599453,0,1,1,1,1,1,7,10,2.3978952727983707,1,1,0,3,0,9,2.302585092994046,0,0,4,2,9,1,4,2.0
5,1.791759469228055,0,2,0,5,5,4,1.6094379124341003,1,1,4,4,4,4,7,31,3.4657359027997265,0,1,1,3,1,30,3.4339872044851463,1,0,0,2,0,1,1,422.0
1,0.6931471805599453,0,1,1,1,1,6,1.9459101490553132,1,0,1,6,6,7,4,12,2.5649493574615367,1,0,2,5,2,10,2.3978952727983707,1,1,0,3,0,1,4,2.0
4,1.6094379124341003,1,1,4,4,4,1,0.6931471805599453,0,1,1,1,1,3,2,8,2.1972245773362196,1,2,3,1,8,7,2.0794415416798357,0,1,2,0,7,1,4,2.0
7,2.0794415416798357,0,1,2,0,7,5,1.791759469228055,0,2,0,5,5,6,7,42,3.7612001156935624,1,0,2,0,2,56,4.04305126783455,1,2,1,0,6,1,2,3782.0
7,2.0794415416798357,0,1,2,0,7,1,0.6931471805599453,0,1,1,1,1,6,5,11,2.4849066497880004,0,2,1,4,1,8,2.1972245773362196,1,2,3,1,8,1,3,2.0
6,1.9459101490553132,1,0,1,6,6,5,1.791759469228055,0,2,0,5,5,3,6,39,3.6888794541139363,0,0,4,4,9,44,3.8066624897703196,1,2,4,2,4,1,0,1862.0
7,2.0794415416798357,0,1,2,0,7,5,1.791759469228055,0,2,0,5,5,1,1,66,4.204692619390966,1,0,1,3,6,61,4.127134385045092,0,1,1,5,1,1,0,3782.0
3,1.3862943611198906,0,0,3,3,3,5,1.791759469228055,0,2,0,5,5,8,4,20,3.044522437723423,1,2,0,6,0,15,2.772588722239781,0,0,0,1,5,1,3,182.0
3,1.3862943611198906,0,0,3,3,3,3,1.3862943611198906,0,0,3,3,3,5,6,15,2.772588722239781,0,0,0,1,5,9,2.302585092994046,0,0,4,2,9,3,5,38.0
7,2.0794415416798357,0,1,2,0,7,7,2.0794415416798357,0,1,2,0,7,6,5,94,4.553876891600541,1,1,4,3,4,66,4.204692619390966,1,0,1,3,6,1,1,15878.0
7,2.0794415416798357,0,1,2,0,7,4,1.6094379124341003,1,1,4,4,4,7,0,40,3.713572066704308,1,1,0,5,0,47,3.871201010907891,0,2,2,5,7,1,1,1766.0
2,1.0986122886681098,1,2,2,2,2,1,0.6931471805599453,0,1,1,1,1,0,4,3,1.3862943611198906,0,0,3,3,3,2,1.0986122886681098,1,2,2,2,2,1,4,2.0
7,2.0794415416798357,0,1,2,0,7,6,1.9459101490553132,1,0,1,6,6,2,4,70,4.2626798770413155,1,1,0,0,0,46,3.8501476017100584,1,1,1,4,6,1,1,7814.0
6,1.9459101490553132,1,0,1,6,6,6,1.9459101490553132,1,0,1,6,6,4,7,45,3.828641396489095,0,0,0,3,5,54,4.007333185232471,1,0,4,5,4,3,3,3846.0
7,2.0794415416798357,0,1,2,0,7,3,1.3862943611198906,0,0,3,3,3,4,2,35,3.58351893845611,0,2,0,0,5,37,3.6375861597263857,0,1,2,2,7,1,1,758.0
3,1.3862943611198906,0,0,3,3,3,1,0.6931471805599453,0,1,1,1,1,8,7,4,1.6094379124341003,1,1,4,4,4,4,1.6094379124341003,1,1,4,4,4,1,4,2.0
3,1.3862943611198906,0,0,3,3,3,4,1.6094379124341003,1,1,4,4,4,8,3,14,2.70805020110221,1,2,4,0,4,14,2.70805020110221,1,2,4,0,4,1,1,86.0
3,1.3862943611198906,0,0,3,3,3,7,2.0794415416798357,0,1,2,0,7,0,0,29,3.4011973816621555,0,2,4,1,9,29,3.4011973816621555,0,2,4,1,9,1,1,758.0
2,1.0986122886681098,1,2,2,2,2,2,1.0986122886681098,1,2,2,2,2,2,8,6,1.9459101490553132,1,0,1,6,6,8,2.1972245773362196,1,2,3,1,8,2,5,6.0
7,2.0794415416798357,0,1,2,0,7,1,0.6931471805599453,0,1,1,1,1,2,0,7,2.0794415416798357,0,1,2,0,7,11,2.4849066497880004,0,2,1,4,1,1,4,2.0
5,1.791759469228055,0,2,0,5,5,2,1.0986122886681098,1,2,2,2,2,4,4,17,2.8903717578961645,0,2,2,3,7,13,2.6390573296152584,0,1,3,6,3,1,0,62.0
3,1.3862943611198906,0,0,3,3,3,3,1.3862943611198906,0,0,3,3,3,3,6,18,2.9444389791664403,1,0,3,4,8,9,2.302585092994046,0,0,4,2,9,3,6,38.0
6,1.9459101490553132,1,0,1,6,6,1,0.6931471805599453,0,1,1,1,1,6,5,11,2.4849066497880004,0,2,1,4,1,10,2.3978952727983707,1,1,0,3,0,1,3,2.0
4,1.6094379124341003,1,1,4,4,4,2,1.0986122886681098,1,2,2,2,2,3,8,9,2.302585092994046,0,0,4,2,9,14,2.70805020110221,1,2,4,0,4,1,2,30.0
7,2.0794415416798357,0,1,2,0,7,2,1.0986122886681098,1,2,2,2,2,8,2,18,2.9444389791664403,1,0,3,4,8,22,3.1354942159291497,1,1,2,1,2,1,2,254.0
5,1.791759469228055,0,2,0,5,5,4,1.6094379124341003,1,1,4,4,4,8,1,20,3.044522437723423,1,2,0,6,0,30,3.4339872044851463,1,0,0,2,0,1,3,422.0
2,1.0986122886681098,1,2,2,2,2,5,1.791759469228055,0,2,0,5,5,1,5,18,2.9444389791664403,1,0,3,4,8,17,2.8903717578961645,0,2,2,3,7,1,1,62.0
4,1.6094379124341003,1,1,4,4,4,1,0.6931471805599453,0,1,1,1,1,5,8,5,1.791759469228055,0,2,0,5,5,4,1.6094379124341003,1,1,4,4,4,1,4,2.0
2,1.0986122886681098,1,2,2,2,2,5,1.791759469228055,0,2,0,5,5,6,6,20,3.044522437723423,1,2,0,6,0,17,2.8903717578961645,0,2,2,3,7,1,2,62.0
7,2.0794415416798357,0,1,2,0,7,3,1.3862943611198906,0,0,3,3,3,7,0,34,3.5553480614894135,1,1,4,6,4,25,3.258096538021482,0,1,0,4,5,1,0,758.0
2,1.0986122886681098,1,2,2,2,2,6,1.9459101490553132,1,0,1,6,6,0,3,15,2.772588722239781,0,0,0,1,5,22,3.1354942159291497,1,1,2,1,2,1,2,126.0
6,1.9459101490553132,1,0,1,6,6,3,1.3862943611198906,0,0,3,3,3,0,6,22,3.1354942159291497,1,1,2,1,2,28,3.367295829986474,1,1,3,0,8,1,1,374.0
6,1.9459101490553132,1,0,1,6,6,1,0.6931471805599453,0,1,1,1,1,7,6,6,1.9459101490553132,1,0,1,6,6,9,2.302585092994046,0,0,4,2,9,1,4,2.0
3,1.3862943611198906,0,0,3,3,3,2,1.0986122886681098,1,2,2,2,2,7,8,7,2.0794415416798357,0,1,2,0,7,9,2.302585092994046,0,0,4,2,9,1,1,14.0
7,2.0794415416798357,0,1,2,0,7,5,1.791759469228055,0,2,0,5,5,3,2,68,4.23410650459726,1,2,3,5,8,56,4.04305126783455,1,2,1,0,6,1,1,3782.0
3,1.3862943611198906,0,0,3,3,3,1,0.6931471805599453,0,1,1,1,1,3,6,4,1.6094379124341003,1,1,4,4,4,5,1.791759469228055,0,2,0,5,5,1,3,2.0
1,0.6931471805599453,0,1,1,1,1,5,1.791759469228055,0,2,0,5,5,4,3,6,1.9459101490553132,1,0,1,6,6,5,1.791759469228055,0,2,0,5,5,1,4,2.0
2,1.0986122886681098,1,2,2,2,2,3,1.3862943611198906,0,0,3,3,3,3,1,9,2.302585092994046,0,0,4,2,9,8,2.1972245773362196,1,2,3,1,8,1,2,14.0
4,1.6094379124341003,1,1,4,4,4,5,1.791759469228055,0,2,0,5,5,0,4,28,3.367295829986474,1,1,3,0,8,34,3.5553480614894135,1,1,4,6,4,1,1,422.0
7,2.0794415416798357,0,1,2,0,7,1,0.6931471805599453,0,1,1,1,1,7,6,13,2.6390573296152584,0,1,3,6,3,10,2.3978952727983707,1,1,0,3,0,1,3,2.0
7,2.0794415416798357,0,1,2,0,7,3,1.3862943611198906,0,0,3,3,3,1,1,31,3.4657359027997265,0,1,1,3,1,23,3.1780538303479458,0,2,3,2,3,1,0,758.0
4,1.6094379124341003,1,1,4,4,4,1,0.6931471805599453,0,1,1,1,1,2,6,7,2.0794415416798357,0,1,2,0,7,5,1.791759469228055,0,2,0,5,5,1,3,2.0
4,1.6094379124341003,1,1,4,4,4,3,1.3862943611198906,0,0,3,3,3,5,0,12,2.5649493574615367,1,0,2,5,2,13,2.6390573296152584,0,1,3,6,3,1,2,86.0
6,1.9459101490553132,1,0,1,6,6,5,1.791759469228055,0,2,0,5,5,2,0,35,3.58351893845611,0,2,0,0,5,35,3.58351893845611,0,2,0,0,5,1,3,1862.0
3,1.3862943611198906,0,0,3,3,3,3,1.3862943611198906,0,0,3,3,3,3,1,13,2.6390573296152584,0,1,3,6,3,18,2.9444389791664403,1,0,3,4,8,1,3,38.0
2,1.0986122886681098,1,2,2,2,2,3,1.3862943611198906,0,0,3,3,3,7,2,9,2.302585092994046,0,0,4,2,9,12,2.5649493574615367,1,0,2,5,2,1,3,14.0
2,1.0986122886681098,1,2,2,2,2,2,1.0986122886681098,1,2,2,2,2,2,0,7,2.0794415416798357,0,1,2,0,7,6,1.9459101490553132,1,0,1,6,6,1,3,6.0
1,0.6931471805599453,0,1,1,1,1,5,1.791759469228055,0,2,0,5,5,8,0,8,2.1972245773362196,1,2,3,1,8,9,2.302585092994046,0,0,4,2,9,1,3,2.0
3,1.3862943611198906,0,0,3,3,3,3,1.3862943611198906,0,0,3,3,3,8,0,12,2.5649493574615367,1,0,2,5,2,9,2.302585092994046,0,0,4,2,9,3,5,38.0
4,1.6094379124341003,1,1,4,4,4,2,1.0986122886681098,1,2,2,2,2,5,4,8,2.1972245773362196,1,2,3,1,8,9,2.302585092994046,0,0,4,2,9,1,3,30.0
6,1.9459101490553132,1,0,1,6,6,7,2.0794415416798357,0,1,2,0,7,2,5,64,4.174387269895637,1,1,4,1,4,79,4.382026634673881,0,1,4,2,9,1,0,7814.0
6,1.9459101490553132,1,0,1,6,6,4,1.6094379124341003,1,1,4,4,4,5,6,31,3.4657359027997265,0,1,1,3,1,27,3.332204510175204,0,0,2,6,7,1,0,870.0
2,1.0986122886681098,1,2,2,2,2,7,2.0794415416798357,0,1,2,0,7,5,6,16,2.833213344056216,1,1,1,2,6,20,3.044522437723423,1,2,0,6,0,1,2,254.0
6,1.9459101490553132,1,0,1,6,6,2,1.0986122886681098,1,2,2,2,2,6,8,24,3.2188758248682006,1,0,4,3,4,17,2.8903717578961645,0,2,2,3,7,1,3,126.0
6,1.9459101490553132,1,0,1,6,6,5,1.791759469228055,0,2,0,5,5,5,0,41,3.7376696182833684,0,2,1,6,1,54,4.007333185232471,1,0,4,5,4,1,1,1862.0
1,0.6931471805599453,0,1,1,1,1,3,1.3862943611198906,0,0,3,3,3,4,0,3,1.3862943611198906,0,0,3,3,3,6,1.9459101490553132,1,0,1,6,6,1,6,2.0
4,1.6094379124341003,1,1,4,4,4,7,2.0794415416798357,0,1,2,0,7,6,5,46,3.8501476017100584,1,1,1,4,6,45,3.828641396489095,0,0,0,3,5,1,0,1766.0
5,1.791759469228055,0,2,0,5,5,4,1.6094379124341003,1,1,4,4,4,3,0,29,3.4011973816621555,0,2,4,1,9,20,3.044522437723423,1,2,0,6,0,1,2,422.0
7,2.0794415416798357,0,1,2,0,7,1,0.6931471805599453,0,1,1,1,1,7,4,10,2.3978952727983707,1,1,0,3,0,9,2.302585092994046,0,0,4,2,9,1,3,2.0
1,0.6931471805599453,0,1,1,1,1,6,1.9459101490553132,1,0,1,6,6,2,4,10,2.3978952727983707,1,1,0,3,0,8,2.1972245773362196,1,2,3,1,8,1,3,2.0
4,1.6094379124341003,1,1,4,4,4,5,1.791759469228055,0,2,0,5,5,6,6,27,3.332204510175204,0,0,2,6,7,23,3.1780538303479458,0,2,3,2,3,1,0,422.0
6,1.9459101490553132,1,0,1,6,6,3,1.3862943611198906,0,0,3,3,3,8,3,30,3.4339872044851463,1,0,0,2,0,26,3.295836866004329,1,2,1,5,6,1,3,374.0
3,1.3862943611198906,0,0,3,3,3,2,1.0986122886681098,1,2,2,2,2,8,8,7,2.0794415416798357,0,1,2,0,7,7,2.0794415416798357,0,1,2,0,7,1,1,14.0
1,0.6931471805599453,0,1,1,1,1,3,1.3862943611198906,0,0,3,3,3,0,1,5,1.791759469228055,0,2,0,5,5,3,1.3862943611198906,0,0,3,3,3,1,4,2.0
5,1.791759469228055,0,2,0,5,5,6,1.9459101490553132,1,0,1,6,6,4,7,55,4.02535169073515,0,1,0,6,5,31,3.4657359027997265,0,1,1,3,1,1,1,1862.0
5,1.791759469228055,0,2,0,5,5,2,1.0986122886681098,1,2,2,2,2,7,1,15,2.772588722239781,0,0,0,1,5,12,2.5649493574615367,1,0,2,5,2,1,2,62.0
7,2.0794415416798357,0,1,2,0,7,4,1.6094379124341003,1,1,4,4,4,8,1,53,3.9889840465642745,0,2,3,4,3,48,3.8918202981106265,1,0,3,6,8,1,1,1766.0
2,1.0986122886681098,1,2,2,2,2,2,1.0986122886681098,1,2,2,2,2,4,4,5,1.791759469228055,0,2,0,5,5,4,1.6094379124341003,1,1,4,4,4,1,3,6.0
4,1.6094379124341003,1,1,4,4,4,3,1.3862943611198906,0,0,3,3,3,0,6,12,2.5649493574615367,1,0,2,5,2,13,2.6390573296152584,0,1,3,6,3,1,2,86.0
4,1.6094379124341003,1,1,4,4,4,5,1.791759469228055,0,2,0,5,5,0,8,29,3.4011973816621555,0,2,4,1,9,23,3.1780538303479458,0,2,3,2,3,1,0,422.0
1,0.6931471805599453,0,1,1,1,1,2,1.0986122886681098,1,2,2,2,2,6,5,2,1.0986122886681098,1,2,2,2,2,2,1.0986122886681098,1,2,2,2,2,1,6,2.0
5,1.791759469228055,0,2,0,5,5,1,0.6931471805599453,0,1,1,1,1,7,2,10,2.3978952727983707,1,1,0,3,0,8,2.1972245773362196,1,2,3,1,8,1,4,2.0
7,2.0794415416798357,0,1,2,0,7,6,1.9459101490553132,1,0,1,6,6,0,8,84,4.442651256490317,1,0,4,0,4,45,3.828641396489095,0,0,0,3,5,1,2,7814.0
1,0.6931471805599453,0,1,1,1,1,2,1.0986122886681098,1,2,2,2,2,2,1,2,1.0986122886681098,1,2,2,2,2,4,1.6094379124341003,1,1,4,4,4,1,6,2.0
4,1.6094379124341003,1,1,4,4,4,1,0.6931471805599453,0,1,1,1,1,7,7,5,1.791759469228055,0,2,0,5,5,7,2.0794415416798357,0,1,2,0,7,1,3,2.0
5,1.791759469228055,0,2,0,5,5,4,1.6094379124341003,1,1,4,4,4,3,0,21,3.091042453358316,0,0,1,0,1,23,3.1780538303479458,0,2,3,2,3,1,0,422.0
7,2.0794415416798357,0,1,2,0,7,1,0.6931471805599453,0,1,1,1,1,0,5,8,2.1972245773362196,1,2,3,1,8,7,2.0794415416798357,0,1,2,0,7,1,4,2.0
7,2.0794415416798357,0,1,2,0,7,6,1.9459101490553132,1,0,1,6,6,7,6,76,4.343805421853684,1,1,1,6,6,64,4.174387269895637,1,1,4,1,4,1,0,7814.0
5,1.791759469228055,0,2,0,5,5,4,1.6094379124341003,1,1,4,4,4,3,0,29,3.4011973816621555,0,2,4,1,9,22,3.1354942159291497,1,1,2,1,2,1,0,422.0
4,1.6094379124341003,1,1,4,4,4,6,1.9459101490553132,1,0,1,6,6,5,3,43,3.784189633918261,0,1,3,1,3,36,3.6109179126442243,1,0,1,1,6,1,2,870.0
3,1.3862943611198906,0,0,3,3,3,2,1.0986122886681098,1,2,2,2,2,4,8,8,2.1972245773362196,1,2,3,1,8,7,2.0794415416798357,0,1,2,0,7,1,1,14.0
3,1.3862943611198906,0,0,3,3,3,4,1.6094379124341003,1,1,4,4,4,6,1,21,3.091042453358316,0,0,1,0,1,12,2.5649493574615367,1,0,2,5,2,1,3,86.0
3,1.3862943611198906,0,0,3,3,3,2,1.0986122886681098,1,2,2,2,2,3,1,12,2.5649493574615367,1,0,2,5,2,6,1.9459101490553132,1,0,1,6,6,1,5,14.0
7,2.0794415416798357,0,1,2,0,7,1,0.6931471805599453,0,1,1,1,1,2,5,14,2.70805020110221,1,2,4,0,4,7,2.0794415416798357,0,1,2,0,7,1,6,2.0
1,0.6931471805599453,0,1,1,1,1,2,1.0986122886681098,1,2,2,2,2,6,8,4,1.6094379124341003,1,1,4,4,4,3,1.3862943611198906,0,0,3,3,3,1,4,2.0
2,1.0986122886681098,1,2,2,2,2,3,1.3862943611198906,0,0,3,3,3,4,7,12,2.5649493574615367,1,0,2,5,2,7,2.0794415416798357,0,1,2,0,7,1,2,14.0
4,1.6094379124341003,1,1,4,4,4,5,1.791759469228055,0,2,0,5,5,7,5,32,3.4965075614664802,1,2,2,4,2,40,3.713572066704308,1,1,0,5,0,1,3,422.0
6,1.9459101490553132,1,0,1,6,6,4,1.6094379124341003,1,1,4,4,4,2,4,42,3.7612001156935624,1,0,2,0,2,44,3.8066624897703196,1,2,4,2,4,2,2,870.0
6,1.9459101490553132,1,0,1,6,6,4,1.6094379124341003,1,1,4,4,4,3,7,31,3.4657359027997265,0,1,1,3,1,34,3.5553480614894135,1,1,4,6,4,1,0,870.0
4,1.6094379124341003,1,1,4,4,4,4,1.6094379124341003,1,1,4,4,4,2,5,31,3.4657359027997265,0,1,1,3,1,29,3.4011973816621555,0,2,4,1,9,1,1,198.0
5,1.791759469228055,0,2,0,5,5,2,1.0986122886681098,1,2,2,2,2,0,5,13,2.6390573296152584,0,1,3,6,3,13,2.6390573296152584,0,1,3,6,3,1,1,62.0
7,2.0794415416798357,0,1,2,0,7,5,1.791759469228055,0,2,0,5,5,6,3,63,4.1588830833596715,0,0,3,0,3,66,4.204692619390966,1,0,1,3,6,1,1,3782.0
4,1.6094379124341003,1,1,4,4,4,3,1.3862943611198906,0,0,3,3,3,0,6,20,3.044522437723423,1,2,0,6,0,24,3.2188758248682006,1,0,4,3,4,1,3,86.0
6,1.9459101490553132,1,0,1,6,6,7,2.0794415416798357,0,1,2,0,7,0,7,66,4.204692619390966,1,0,1,3,6,63,4.1588830833596715,0,0,3,0,3,1,2,7814.0
4,1.6094379124341003,1,1,4,4,4,5,1.791759469228055,0,2,0,5,5,5,4,38,3.6635616461296463,1,2,3,3,8,38,3.6635616461296463,1,2,3,3,8,1,1,422.0
3,1.3862943611198906,0,0,3,3,3,1,0.6931471805599453,0,1,1,1,1,0,6,3,1.3862943611198906,0,0,3,3,3,3,1.3862943611198906,0,0,3,3,3,1,6,2.0
7,2.0794415416798357,0,1,2,0,7,2,1.0986122886681098,1,2,2,2,2,0,1,20,3.044522437723423,1,2,0,6,0,21,3.091042453358316,0,0,1,0,1,1,2,254.0
1,0.6931471805599453,0,1,1,1,1,1,0.6931471805599453,0,1,1,1,1,8,0,2,1.0986122886681098,1,2,2,2,2,1,0.6931471805599453,0,1,1,1,1,1,6,2.0
1,0.6931471805599453,0,1,1,1,1,7,2.0794415416798357,0,1,2,0,7,8,2,9,2.302585092994046,0,0,4,2,9,8,2.1972245773362196,1,2,3,1,8,1,3,2.0
1,0.6931471805599453,0,1,1,1,1,5,1.791759469228055,0,2,0,5,5,0,4,9,2.302585092994046,0,0,4,2,9,6,1.9459101490553132,1,0,1,6,6,1,3,2.0
2,1.0986122886681098,1,2,2,2,2,5,1.791759469228055,0,2,0,5,5,7,2,12,2.5649493574615367,1,0,2,5,2,11,2.4849066497880004,0,2,1,4,1,1,1,62.0
3,1.3862943611198906,0,0,3,3,3,1,0.6931471805599453,0,1,1,1,1,2,0,4,1.6094379124341003,1,1,4,4,4,6,1.9459101490553132,1,0,1,6,6,1,4,2.0
6,1.9459101490553132,1,0,1,6,6,6,1.9459101490553132,1,0,1,6,6,8,3,50,3.9318256327243257,1,2,0,1,0,59,4.0943445622221,0,2,4,3,9,1,1,3846.0
3,1.3862943611198906,0,0,3,3,3,3,1.3862943611198906,0,0,3,3,3,2,2,11,2.4849066497880004,0,2,1,4,1,10,2.3978952727983707,1,1,0,3,0,1,1,38.0
2,1.0986122886681098,1,2,2,2,2,2,1.0986122886681098,1,2,2,2,2,0,7,8,2.1972245773362196,1,2,3,1,8,7,2.0794415416798357,0,1,2,0,7,1,3,6.0
3,1.3862943611198906,0,0,3,3,3,4,1.6094379124341003,1,1,4,4,4,8,8,19,2.995732273553991,0,1,4,5,9,24,3.2188758248682006,1,0,4,3,4,1,2,86.0
7,2.0794415416798357,0,1,2,0,7,7,2.0794415416798357,0,1,2,0,7,6,7,54,4.007333185232471,1,0,4,5,4,51,3.9512437185814275,0,0,1,2,1,1,1,15878.0
3,1.3862943611198906,0,0,3,3,3,2,1.0986122886681098,1,2,2,2,2,8,4,12,2.5649493574615367,1,0,2,5,2,8,2.1972245773362196,1,2,3,1,8,1,3,14.0
2,1.0986122886681098,1,2,2,2,2,7,2.0794415416798357,0,1,2,0,7,8,3,15,2.772588722239781,0,0,0,1,5,20,3.044522437723423,1,2,0,6,0,1,1,254.0
1,0.6931471805599453,0,1,1,1,1,7,2.0794415416798357,0,1,2,0,7,3,8,10,2.3978952727983707,1,1,0,3,0,11,2.4849066497880004,0,2,1,4,1,1,3,2.0
2,1.0986122886681098,1,2,2,2,2,6,1.9459101490553132,1,0,1,6,6,5,2,15,2.772588722239781,0,0,0,1,5,12,2.5649493574615367,1,0,2,5,2,1,3,126.0
1,0.6931471805599453,0,1,1,1,1,7,2.0794415416798357,0,1,2,0,7,5,5,9,2.302585092994046,0,0,4,2,9,12,2.5649493574615367,1,0,2,5,2,1,3,2.0
5,1.791759469228055,0,2,0,5,5,3,1.3862943611198906,0,0,3,3,3,2,4,28,3.367295829986474,1,1,3,0,8,16,2.833213344056216,1,1,1,2,6,1,0,182.0
4,1.6094379124341003,1,1,4,4,4,7,2.0794415416798357,0,1,2,0,7,8,4,45,3.828641396489095,0,0,0,3,5,31,3.4657359027997265,0,1,1,3,1,1,0,1766.0
6,1.9459101490553132,1,0,1,6,6,6,1.9459101490553132,1,0,1,6,6,4,3,62,4.143134726391533,1,2,2,6,2,41,3.7376696182833684,0,2,1,6,1,1,1,3846.0
3,1.3862943611198906,0,0,3,3,3,5,1.791759469228055,0,2,0,5,5,6,3,15,2.772588722239781,0,0,0,1,5,23,3.1780538303479458,0,2,3,2,3,1,2,182.0
7,2.0794415416798357,0,1,2,0,7,4,1.6094379124341003,1,1,4,4,4,8,1,30,3.4339872044851463,1,0,0,2,0,54,4.007333185232471,1,0,4,5,4,1,0,1766.0
7,2.0794415416798357,0,1,2,0,7,6,1.9459101490553132,1,0,1,6,6,8,7,70,4.2626798770413155,1,1,0,0,0,44,3.8066624897703196,1,2,4,2,4,1,1,7814.0
6,1.9459101490553132,1,0,1,6,6,6,1.9459101490553132,1,0,1,6,6,3,2,47,3.871201010907891,0,2,2,5,7,55,4.02535169073515,0,1,0,6,5,1,1,3846.0
2,1.0986122886681098,1,2,2,2,2,3,1.3862943611198906,0,0,3,3,3,0,1,6,1.9459101490553132,1,0,1,6,6,12,2.5649493574615367,1,0,2,5,2,1,5,14.0
2,1.0986122886681098,1,2,2,2,2,5,1.791759469228055,0,2,0,5,5,3,8,17,2.8903717578961645,0,2,2,3,7,18,2.9444389791664403,1,0,3,4,8,1,1,62.0
1,0.6931471805599453,0,1,1,1,1,7,2.0794415416798357,0,1,2,0,7,0,8,8,2.1972245773362196,1,2,3,1,8,9,2.302585092994046,0,0,4,2,9,1,3,2.0
6,1.9459101490553132,1,0,1,6,6,6,1.9459101490553132,1,0,1,6,6,5,3,38,3.6635616461296463,1,2,3,3,8,68,4.23410650459726,1,2,3,5,8,2,1,3846.0
1,0.6931471805599453,0,1,1,1,1,5,1.791759469228055,0,2,0,5,5,4,1,7,2.0794415416798357,0,1,2,0,7,10,2.3978952727983707,1,1,0,3,0,1,4,2.0
5,1.791759469228055,0,2,0,5,5,4,1.6094379124341003,1,1,4,4,4,4,8,29,3.4011973816621555,0,2,4,1,9,22,3.1354942159291497,1,1,2,1,2,1,0,422.0
7,2.0794415416798357,0,1,2,0,7,4,1.6094379124341003,1,1,4,4,4,7,4,55,4.02535169073515,0,1,0,6,5,44,3.8066624897703196,1,2,4,2,4,1,1,1766.0
7,2.0794415416798357,0,1,2,0,7,6,1.9459101490553132,1,0,1,6,6,2,1,80,4.394449154672439,1,2,0,3,0,73,4.30406509320417,0,1,3,3,3,1,0,7814.0
5,1.791759469228055,0,2,0,5,5,6,1.9459101490553132,1,0,1,6,6,8,6,30,3.4339872044851463,1,0,0,2,0,54,4.007333185232471,1,0,4,5,4,1,3,1862.0
1,0.6931471805599453,0,1,1,1,1,4,1.6094379124341003,1,1,4,4,4,0,4,6,1.9459101490553132,1,0,1,6,6,4,1.6094379124341003,1,1,4,4,4,1,4,2.0
5,1.791759469228055,0,2,0,5,5,4,1.6094379124341003,1,1,4,4,4,2,4,22,3.1354942159291497,1,1,2,1,2,20,3.044522437723423,1,2,0,6,0,1,2,422.0
7,2.0794415416798357,0,1,2,0,7,3,1.3862943611198906,0,0,3,3,3,1,0,21,3.091042453358316,0,0,1,0,1,32,3.4965075614664802,1,2,2,4,2,1,2,758.0
2,1.0986122886681098,1,2,2,2,2,3,1.3862943611198906,0,0,3,3,3,2,8,11,2.4849066497880004,0,2,1,4,1,11,2.4849066497880004,0,2,1,4,1,1,1,14.0
1,0.6931471805599453,0,1,1,1,1,6,1.9459101490553132,1,0,1,6,6,8,3,11,2.4849066497880004,0,2,1,4,1,7,2.0794415416798357,0,1,2,0,7,1,3,2.0
5,1.791759469228055,0,2,0,5,5,5,1.791759469228055,0,2,0,5,5,1,4,26,3.295836866004329,1,2,1,5,6,33,3.5263605246161616,0,0,3,5,3,1,1,902.0
4,1.6094379124341003,1,1,4,4,4,6,1.9459101490553132,1,0,1,6,6,8,0,42,3.7612001156935624,1,0,2,0,2,37,3.6375861597263857,0,1,2,2,7,1,1,870.0
7,2.0794415416798357,0,1,2,0,7,6,1.9459101490553132,1,0,1,6,6,1,4,45,3.828641396489095,0,0,0,3,5,50,3.9318256327243257,1,2,0,1,0,1,0,7814.0
6,1.9459101490553132,1,0,1,6,6,7,2.0794415416798357,0,1,2,0,7,8,4,78,4.3694478524670215,1,0,3,1,8,69,4.248495242049359,0,0,4,6,9,1,1,7814.0
6,1.9459101490553132,1,0,1,6,6,1,0.6931471805599453,0,1,1,1,1,8,1,10,2.3978952727983707,1,1,0,3,0,12,2.5649493574615367,1,0,2,5,2,1,4,2.0
6,1.9459101490553132,1,0,1,6,6,2,1.0986122886681098,1,2,2,2,2,8,2,21,3.091042453358316,0,0,1,0,1,20,3.044522437723423,1,2,0,6,0,1,2,126.0
6,1.9459101490553132,1,0,1,6,6,7,2.0794415416798357,0,1,2,0,7,2,5,56,4.04305126783455,1,2,1,0,6,77,4.356708826689592,0,2,2,0,7,1,2,7814.0
7,2.0794415416798357,0,1,2,0,7,4,1.6094379124341003,1,1,4,4,4,5,6,51,3.9512437185814275,0,0,1,2,1,47,3.871201010907891,0,2,2,5,7,1,0,1766.0
1,0.6931471805599453,0,1,1,1,1,2,1.0986122886681098,1,2,2,2,2,1,6,4,1.6094379124341003,1,1,4,4,4,2,1.0986122886681098,1,2,2,2,2,1,6,2.0
7,2.0794415416798357,0,1,2,0,7,7,2.0794415416798357,0,1,2,0,7,8,0,50,3.9318256327243257,1,2,0,1,0,89,4.499809670330265,0,2,4,5,9,1,1,15878.0
6,1.9459101490553132,1,0,1,6,6,3,1.3862943611198906,0,0,3,3,3,7,0,25,3.258096538021482,0,1,0,4,5,22,3.1354942159291497,1,1,2,1,2,1,1,374.0
3,1.3862943611198906,0,0,3,3,3,3,1.3862943611198906,0,0,3,3,3,1,1,17,2.8903717578961645,0,2,2,3,7,14,2.70805020110221,1,2,4,0,4,1,1,38.0
7,2.0794415416798357,0,1,2,0,7,4,1.6094379124341003,1,1,4,4,4,2,2,29,3.4011973816621555,0,2,4,1,9,28,3.367295829986474,1,1,3,0,8,1,2,1766.0
5,1.791759469228055,0,2,0,5,5,6,1.9459101490553132,1,0,1,6,6,0,0,35,3.58351893845611,0,2,0,0,5,44,3.8066624897703196,1,2,4,2,4,1,1,1862.0
2,1.0986122886681098,1,2,2,2,2,6,1.9459101490553132,1,0,1,6,6,5,8,24,3.2188758248682006,1,0,4,3,4,15,2.772588722239781,0,0,0,1,5,1,3,126.0
2,1.0986122886681098,1,2,2,2,2,3,1.3862943611198906,0,0,3,3,3,3,5,9,2.302585092994046,0,0,4,2,9,12,2.5649493574615367,1,0,2,5,2,1,3,14.0
3,1.3862943611198906,0,0,3,3,3,6,1.9459101490553132,1,0,1,6,6,0,8,20,3.044522437723423,1,2,0,6,0,34,3.5553480614894135,1,1,4,6,4,1,1,374.0
4,1.6094379124341003,1,1,4,4,4,7,2.0794415416798357,0,1,2,0,7,4,1,50,3.9318256327243257,1,2,0,1,0,47,3.871201010907891,0,2,2,5,7,1,0,1766.0
1,0.6931471805599453,0,1,1,1,1,5,1.791759469228055,0,2,0,5,5,0,8,10,2.3978952727983707,1,1,0,3,0,7,2.0794415416798357,0,1,2,0,7,1,4,2.0
3,1.3862943611198906,0,0,3,3,3,3,1.3862943611198906,0,0,3,3,3,1,0,15,2.772588722239781,0,0,0,1,5,17,2.8903717578961645,0,2,2,3,7,1,3,38.0
7,2.0794415416798357,0,1,2,0,7,7,2.0794415416798357,0,1,2,0,7,2,6,68,4.23410650459726,1,2,3,5,8,70,4.2626798770413155,1,1,0,0,0,1,3,15878.0
7,2.0794415416798357,0,1,2,0,7,7,2.0794415416798357,0,1,2,0,7,6,2,68,4.23410650459726,1,2,3,5,8,62,4.143134726391533,1,2,2,6,2,1,1,15878.0
5,1.791759469228055,0,2,0,5,5,4,1.6094379124341003,1,1,4,4,4,4,1,33,3.5263605246161616,0,0,3,5,3,39,3.6888794541139363,0,0,4,4,9,1,0,422.0
5,1.791759469228055,0,2,0,5,5,7,2.0794415416798357,0,1,2,0,7,4,4,39,3.6888794541139363,0,0,4,4,9,39,3.6888794541139363,0,0,4,4,9,1,1,3782.0
2,1.0986122886681098,1,2,2,2,2,5,1.791759469228055,0,2,0,5,5,6,2,20,3.044522437723423,1,2,0,6,0,16,2.833213344056216,1,1,1,2,6,1,3,62.0
4,1.6094379124341003,1,1,4,4,4,6,1.9459101490553132,1,0,1,6,6,8,6,27,3.332204510175204,0,0,2,6,7,45,3.828641396489095,0,0,0,3,5,1,0,870.0
1,0.6931471805599453,0,1,1,1,1,5,1.791759469228055,0,2,0,5,5,1,4,6,1.9459101490553132,1,0,1,6,6,9,2.302585092994046,0,0,4,2,9,1,3,2.0
6,1.9459101490553132,1,0,1,6,6,7,2.0794415416798357,0,1,2,0,7,2,3,54,4.007333185232471,1,0,4,5,4,56,4.04305126783455,1,2,1,0,6,1,2,7814.0
5,1.791759469228055,0,2,0,5,5,7,2.0794415416798357,0,1,2,0,7,8,8,61,4.127134385045092,0,1,1,5,1,36,3.6109179126442243,1,0,1,1,6,1,0,3782.0
4,1.6094379124341003,1,1,4,4,4,4,1.6094379124341003,1,1,4,4,4,3,8,21,3.091042453358316,0,0,1,0,1,17,2.8903717578961645,0,2,2,3,7,1,1,198.0
6,1.9459101490553132,1,0,1,6,6,5,1.791759469228055,0,2,0,5,5,6,1,33,3.5263605246161616,0,0,3,5,3,39,3.6888794541139363,0,0,4,4,9,1,0,1862.0
4,1.6094379124341003,1,1,4,4,4,7,2.0794415416798357,0,1,2,0,7,4,7,37,3.6375861597263857,0,1,2,2,7,45,3.828641396489095,0,0,0,3,5,1,0,1766.0
7,2.0794415416798357,0,1,2,0,7,5,1.791759469228055,0,2,0,5,5,5,7,62,4.143134726391533,1,2,2,6,2,50,3.9318256327243257,1,2,0,1,0,1,1,3782.0
2,1.0986122886681098,1,2,2,2,2,1,0.6931471805599453,0,1,1,1,1,8,7,3,1.3862943611198906,0,0,3,3,3,2,1.0986122886681098,1,2,2,2,2,1,4,2.0
1,0.6931471805599453,0,1,1,1,1,2,1.0986122886681098,1,2,2,2,2,8,3,4,1.6094379124341003,1,1,4,4,4,2,1.0986122886681098,1,2,2,2,2,1,6,2.0
3,1.3862943611198906,0,0,3,3,3,6,1.9459101490553132,1,0,1,6,6,1,6,34,3.5553480614894135,1,1,4,6,4,18,2.9444389791664403,1,0,3,4,8,1,3,374.0
7,2.0794415416798357,0,1,2,0,7,5,1.791759469228055,0,2,0,5,5,7,2,54,4.007333185232471,1,0,4,5,4,46,3.8501476017100584,1,1,1,4,6,1,0,3782.0
7,2.0794415416798357,0,1,2,0,7,5,1.791759469228055,0,2,0,5,5,8,8,39,3.6888794541139363,0,0,4,4,9,63,4.1588830833596715,0,0,3,0,3,1,1,3782.0
5,1.791759469228055,0,2,0,5,5,2,1.0986122886681098,1,2,2,2,2,3,6,13,2.6390573296152584,0,1,3,6,3,11,2.4849066497880004,0,2,1,4,1,1,0,62.0
4,1.6094379124341003,1,1,4,4,4,6,1.9459101490553132,1,0,1,6,6,3,8,30,3.4339872044851463,1,0,0,2,0,36,3.6109179126442243,1,0,1,1,6,2,3,870.0
2,1.0986122886681098,1,2,2,2,2,1,0.6931471805599453,0,1,1,1,1,7,4,3,1.3862943611198906,0,0,3,3,3,2,1.0986122886681098,1,2,2,2,2,1,4,2.0
5,1.791759469228055,0,2,0,5,5,3,1.3862943611198906,0,0,3,3,3,1,0,27,3.332204510175204,0,0,2,6,7,30,3.4339872044851463,1,0,0,2,0,1,3,182.0
5,1.791759469228055,0,2,0,5,5,2,1.0986122886681098,1,2,2,2,2,3,6,19,2.995732273553991,0,1,4,5,9,10,2.3978952727983707,1,1,0,3,0,1,2,62.0
2,1.0986122886681098,1,2,2,2,2,2,1.0986122886681098,1,2,2,2,2,7,6,8,2.1972245773362196,1,2,3,1,8,5,1.791759469228055,0,2,0,5,5,1,3,6.0
5,1.791759469228055,0,2,0,5,5,6,1.9459101490553132,1,0,1,6,6,3,6,35,3.58351893845611,0,2,0,0,5,34,3.5553480614894135,1,1,4,6,4,1,1,1862.0
6,1.9459101490553132,1,0,1,6,6,3,1.3862943611198906,0,0,3,3,3,5,4,20,3.044522437723423,1,2,0,6,0,28,3.367295829986474,1,1,3,0,8,1,1,374.0
4,1.6094379124341003,1,1,4,4,4,3,1.3862943611198906,0,0,3,3,3,5,2,24,3.2188758248682006,1,0,4,3,4,16,2.833213344056216,1,1,1,2,6,1,3,86.0
4,1.6094379124341003,1,1,4,4,4,6,1.9459101490553132,1,0,1,6,6,2,2,43,3.784189633918261,0,1,3,1,3,32,3.4965075614664802,1,2,2,4,2,1,1,870.0
6,1.9459101490553132,1,0,1,6,6,3,1.3862943611198906,0,0,3,3,3,5,5,30,3.4339872044851463,1,0,0,2,0,19,2.995732273553991,0,1,4,5,9,1,3,374.0
1,0.6931471805599453,0,1,1,1,1,1,0.6931471805599453,0,1,1,1,1,0,0,2,1.0986122886681098,1,2,2,2,2,1,0.6931471805599453,0,1,1,1,1,1,6,2.0
1,0.6931471805599453,0,1,1,1,1,2,1.0986122886681098,1,2,2,2,2,3,0,3,1.3862943611198906,0,0,3,3,3,2,1.0986122886681098,1,2,2,2,2,1,4,2.0
2,1.0986122886681098,1,2,2,2,2,1,0.6931471805599453,0,1,1,1,1,1,6,2,1.0986122886681098,1,2,2,2,2,2,1.0986122886681098,1,2,2,2,2,1,6,2.0
2,1.0986122886681098,1,2,2,2,2,7,2.0794415416798357,0,1,2,0,7,0,5,28,3.367295829986474,1,1,3,0,8,21,3.091042453358316,0,0,1,0,1,1,3,254.0
4,1.6094379124341003,1,1,4,4,4,7,2.0794415416798357,0,1,2,0,7,5,3,32,3.4965075614664802,1,2,2,4,2,37,3.6375861597263857,0,1,2,2,7,1,1,1766.0
2,1.0986122886681098,1,2,2,2,2,5,1.791759469228055,0,2,0,5,5,8,4,12,2.5649493574615367,1,0,2,5,2,20,3.044522437723423,1,2,0,6,0,1,3,62.0
2,1.0986122886681098,1,2,2,2,2,5,1.791759469228055,0,2,0,5,5,2,2,15,2.772588722239781,0,0,0,1,5,18,2.9444389791664403,1,0,3,4,8,1,2,62.0
3,1.3862943611198906,0,0,3,3,3,3,1.3862943611198906,0,0,3,3,3,7,1,18,2.9444389791664403,1,0,3,4,8,13,2.6390573296152584,0,1,3,6,3,1,3,38.0
1,0.6931471805599453,0,1,1,1,1,7,2.0794415416798357,0,1,2,0,7,1,1,14,2.70805020110221,1,2,4,0,4,12,2.5649493574615367,1,0,2,5,2,1,4,2.0
6,1.9459101490553132,1,0,1,6,6,4,1.6094379124341003,1,1,4,4,4,6,3,35,3.58351893845611,0,2,0,0,5,25,3.258096538021482,0,1,0,4,5,1,0,870.0
5,1.791759469228055,0,2,0,5,5,6,1.9459101490553132,1,0,1,6,6,7,6,55,4.02535169073515,0,1,0,6,5,50,3.9318256327243257,1,2,0,1,0,1,2,1862.0
5,1.791759469228055,0,2,0,5,5,2,1.0986122886681098,1,2,2,2,2,0,3,18,2.9444389791664403,1,0,3,4,8,11,2.4849066497880004,0,2,1,4,1,1,1,62.0
2,1.0986122886681098,1,2,2,2,2,3,1.3862943611198906,0,0,3,3,3,6,3,12,2.5649493574615367,1,0,2,5,2,10,2.3978952727983707,1,1,0,3,0,1,3,14.0
1,0.6931471805599453,0,1,1,1,1,4,1.6094379124341003,1,1,4,4,4,2,0,7,2.0794415416798357,0,1,2,0,7,4,1.6094379124341003,1,1,4,4,4,1,4,2.0
5,1.791759469228055,0,2,0,5,5,5,1.791759469228055,0,2,0,5,5,1,0,45,3.828641396489095,0,0,0,3,5,48,3.8918202981106265,1,0,3,6,8,1,3,902.0
2,1.0986122886681098,1,2,2,2,2,3,1.3862943611198906,0,0,3,3,3,3,0,11,2.4849066497880004,0,2,1,4,1,12,2.5649493574615367,1,0,2,5,2,1,2,14.0
4,1.6094379124341003,1,1,4,4,4,4,1.6094379124341003,1,1,4,4,4,0,3,25,3.258096538021482,0,1,0,4,5,17,2.8903717578961645,0,2,2,3,7,1,1,198.0
3,1.3862943611198906,0,0,3,3,3,3,1.3862943611198906,0,0,3,3,3,7,1,14,2.70805020110221,1,2,4,0,4,14,2.70805020110221,1,2,4,0,4,1,2,38.0
5,1.791759469228055,0,2,0,5,5,4,1.6094379124341003,1,1,4,4,4,7,5,29,3.4011973816621555,0,2,4,1,9,40,3.713572066704308,1,1,0,5,0,1,2,422.0
5,1.791759469228055,0,2,0,5,5,7,2.0794415416798357,0,1,2,0,7,4,4,38,3.6635616461296463,1,2,3,3,8,52,3.970291913552122,1,1,2,3,2,1,0,3782.0
2,1.0986122886681098,1,2,2,2,2,5,1.791759469228055,0,2,0,5,5,7,2,14,2.70805020110221,1,2,4,0,4,15,2.772588722239781,0,0,0,1,5,1,2,62.0
7,2.0794415416798357,0,1,2,0,7,6,1.9459101490553132,1,0,1,6,6,0,8,74,4.31748811353631,1,2,4,4,4,78,4.3694478524670215,1,0,3,1,8,1,1,7814.0
1,0.6931471805599453,0,1,1,1,1,1,0.6931471805599453,0,1,1,1,1,6,8,1,0.6931471805599453,0,1,1,1,1,1,0.6931471805599453,0,1,1,1,1,1,6,2.0
1,0.6931471805599453,0,1,1,1,1,1,0.6931471805599453,0,1,1,1,1,6,8,2,1.0986122886681098,1,2,2,2,2,2,1.0986122886681098,1,2,2,2,2,1,6,2.0
3,1.3862943611198906,0,0,3,3,3,5,1.791759469228055,0,2,0,5,5,4,1,30,3.4339872044851463,1,0,0,2,0,21,3.091042453358316,0,0,1,0,1,1,3,182.0
7,2.0794415416798357,0,1,2,0,7,1,0.6931471805599453,0,1,1,1,1,2,2,10,2.3978952727983707,1,1,0,3,0,9,2.302585092994046,0,0,4,2,9,1,3,2.0
7,2.0794415416798357,0,1,2,0,7,4,1.6094379124341003,1,1,4,4,4,2,8,46,3.8501476017100584,1,1,1,4,6,47,3.871201010907891,0,2,2,5,7,1,0,1766.0
1,0.6931471805599453,0,1,1,1,1,2,1.0986122886681098,1,2,2,2,2,7,6,2,1.0986122886681098,1,2,2,2,2,3,1.3862943611198906,0,0,3,3,3,1,4,2.0
2,1.0986122886681098,1,2,2,2,2,7,2.0794415416798357,0,1,2,0,7,6,3,14,2.70805020110221,1,2,4,0,4,19,2.995732273553991,0,1,4,5,9,1,2,254.0
6,1.9459101490553132,1,0,1,6,6,3,1.3862943611198906,0,0,3,3,3,6,5,32,3.4965075614664802,1,2,2,4,2,30,3.4339872044851463,1,0,0,2,0,1,3,374.0
7,2.0794415416798357,0,1,2,0,7,1,0.6931471805599453,0,1,1,1,1,3,2,12,2.5649493574615367,1,0,2,5,2,9,2.302585092994046,0,0,4,2,9,1,3,2.0
7,2.0794415416798357,0,1,2,0,7,6,1.9459101490553132,1,0,1,6,6,0,6,82,4.418840607796598,1,1,2,5,2,43,3.784189633918261,0,1,3,1,3,1,0,7814.0
1,0.6931471805599453,0,1,1,1,1,1,0.6931471805599453,0,1,1,1,1,4,1,2,1.0986122886681098,1,2,2,2,2,1,0.6931471805599453,0,1,1,1,1,1,6,2.0
3,1.3862943611198906,0,0,3,3,3,5,1.791759469228055,0,2,0,5,5,2,5,25,3.258096538021482,0,1,0,4,5,27,3.332204510175204,0,0,2,6,7,1,2,182.0
5,1.791759469228055,0,2,0,5,5,1,0.6931471805599453,0,1,1,1,1,5,4,9,2.302585092994046,0,0,4,2,9,6,1.9459101490553132,1,0,1,6,6,1,3,2.0
5,1.791759469228055,0,2,0,5,5,2,1.0986122886681098,1,2,2,2,2,4,2,15,2.772588722239781,0,0,0,1,5,19,2.995732273553991,0,1,4,5,9,1,1,62.0
2,1.0986122886681098,1,2,2,2,2,3,1.3862943611198906,0,0,3,3,3,5,2,9,2.302585092994046,0,0,4,2,9,8,2.1972245773362196,1,2,3,1,8,1,2,14.0
7,2.0794415416798357,0,1,2,0,7,1,0.6931471805599453,0,1,1,1,1,1,5,7,2.0794415416798357,0,1,2,0,7,9,2.302585092994046,0,0,4,2,9,1,4,2.0
5,1.791759469228055,0,2,0,5,5,3,1.3862943611198906,0,0,3,3,3,7,1,19,2.995732273553991,0,1,4,5,9,26,3.295836866004329,1,2,1,5,6,1,0,182.0
3,1.3862943611198906,0,0,3,3,3,7,2.0794415416798357,0,1,2,0,7,6,1,31,3.4657359027997265,0,1,1,3,1,38,3.6635616461296463,1,2,3,3,8,1,0,758.0
4,1.6094379124341003,1,1,4,4,4,3,1.3862943611198906,0,0,3,3,3,3,7,21,3.091042453358316,0,0,1,0,1,21,3.091042453358316,0,0,1,0,1,1,3,86.0
3,1.3862943611198906,0,0,3,3,3,6,1.9459101490553132,1,0,1,6,6,8,0,31,3.4657359027997265,0,1,1,3,1,28,3.367295829986474,1,1,3,0,8,1,1,374.0
6,1.9459101490553132,1,0,1,6,6,4,1.6094379124341003,1,1,4,4,4,0,1,29,3.4011973816621555,0,2,4,1,9,25,3.258096538021482,0,1,0,4,5,1,0,870.0
5,1.791759469228055,0,2,0,5,5,4,1.6094379124341003,1,1,4,4,4,2,2,32,3.4965075614664802,1,2,2,4,2,38,3.6635616461296463,1,2,3,3,8,1,1,422.0
1,0.6931471805599453,0,1,1,1,1,5,1.791759469228055,0,2,0,5,5,6,8,9,2.302585092994046,0,0,4,2,9,8,2.1972245773362196,1,2,3,1,8,1,3,2.0
4,1.6094379124341003,1,1,4,4,4,3,1.3862943611198906,0,0,3,3,3,5,5,16,2.833213344056216,1,1,1,2,6,17,2.8903717578961645,0,2,2,3,7,1,1,86.0
4,1.6094379124341003,1,1,4,4,4,4,1.6094379124341003,1,1,4,4,4,2,3,22,3.1354942159291497,1,1,2,1,2,25,3.258096538021482,0,1,0,4,5,1,1,198.0
2,1.0986122886681098,1,2,2,2,2,5,1.791759469228055,0,2,0,5,5,2,0,13,2.6390573296152584,0,1,3,6,3,20,3.044522437723423,1,2,0,6,0,1,2,62.0
2,1.0986122886681098,1,2,2,2,2,6,1.9459101490553132,1,0,1,6,6,1,7,18,2.9444389791664403,1,0,3,4,8,24,3.2188758248682006,1,0,4,3,4,2,5,126.0
3,1.3862943611198906,0,0,3,3,3,2,1.0986122886681098,1,2,2,2,2,3,0,8,2.1972245773362196,1,2,3,1,8,12,2.5649493574615367,1,0,2,5,2,1,3,14.0
7,2.0794415416798357,0,1,2,0,7,7,2.0794415416798357,0,1,2,0,7,3,3,67,4.219507705176107,0,1,2,4,7,57,4.060443010546419,0,0,2,1,7,1,1,15878.0
6,1.9459101490553132,1,0,1,6,6,5,1.791759469228055,0,2,0,5,5,4,8,30,3.4339872044851463,1,0,0,2,0,37,3.6375861597263857,0,1,2,2,7,1,2,1862.0
1,0.6931471805599453,0,1,1,1,1,1,0.6931471805599453,0,1,1,1,1,7,6,1,0.6931471805599453,0,1,1,1,1,2,1.0986122886681098,1,2,2,2,2,1,6,2.0
5,1.791759469228055,0,2,0,5,5,1,0.6931471805599453,0,1,1,1,1,1,2,8,2.1972245773362196,1,2,3,1,8,6,1.9459101490553132,1,0,1,6,6,1,3,2.0
6,1.9459101490553132,1,0,1,6,6,6,1.9459101490553132,1,0,1,6,6,0,6,45,3.828641396489095,0,0,0,3,5,53,3.9889840465642745,0,2,3,4,3,1,1,3846.0
2,1.0986122886681098,1,2,2,2,2,7,2.0794415416798357,0,1,2,0,7,2,4,21,3.091042453358316,0,0,1,0,1,19,2.995732273553991,0,1,4,5,9,1,1,254.0
3,1.3862943611198906,0,0,3,3,3,5,1.791759469228055,0,2,0,5,5,5,8,17,2.8903717578961645,0,2,2,3,7,28,3.367295829986474,1,1,3,0,8,1,0,182.0
4,1.6094379124341003,1,1,4,4,4,7,2.0794415416798357,0,1,2,0,7,6,6,37,3.6375861597263857,0,1,2,2,7,34,3.5553480614894135,1,1,4,6,4,1,0,1766.0
7,2.0794415416798357,0,1,2,0,7,1,0.6931471805599453,0,1,1,1,1,8,0,11,2.4849066497880004,0,2,1,4,1,11,2.4849066497880004,0,2,1,4,1,1,4,2.0
1,0.6931471805599453,0,1,1,1,1,6,1.9459101490553132,1,0,1,6,6,5,7,10,2.3978952727983707,1,1,0,3,0,11,2.4849066497880004,0,2,1,4,1,1,3,2.0
7,2.0794415416798357,0,1,2,0,7,6,1.9459101490553132,1,0,1,6,6,3,0,66,4.204692619390966,1,0,1,3,6,61,4.127134385045092,0,1,1,5,1,1,1,7814.0
2,1.0986122886681098,1,2,2,2,2,1,0.6931471805599453,0,1,1,1,1,5,4,4,1.6094379124341003,1,1,4,4,4,3,1.3862943611198906,0,0,3,3,3,1,4,2.0
5,1.791759469228055,0,2,0,5,5,2,1.0986122886681098,1,2,2,2,2,7,8,15,2.772588722239781,0,0,0,1,5,13,2.6390573296152584,0,1,3,6,3,1,1,62.0
1,0.6931471805599453,0,1,1,1,1,6,1.9459101490553132,1,0,1,6,6,7,5,7,2.0794415416798357,0,1,2,0,7,8,2.1972245773362196,1,2,3,1,8,1,3,2.0
3,1.3862943611198906,0,0,3,3,3,2,1.0986122886681098,1,2,2,2,2,2,6,10,2.3978952727983707,1,1,0,3,0,9,2.302585092994046,0,0,4,2,9,1,2,14.0
4,1.6094379124341003,1,1,4,4,4,7,2.0794415416798357,0,1,2,0,7,7,7,45,3.828641396489095,0,0,0,3,5,53,3.9889840465642745,0,2,3,4,3,1,0,1766.0
3,1.3862943611198906,0,0,3,3,3,5,1.791759469228055,0,2,0,5,5,2,4,29,3.4011973816621555,0,2,4,1,9,24,3.2188758248682006,1,0,4,3,4,1,1,182.0
6,1.9459101490553132,1,0,1,6,6,1,0.6931471805599453,0,1,1,1,1,2,1,9,2.302585092994046,0,0,4,2,9,9,2.302585092994046,0,0,4,2,9,1,4,2.0
5,1.791759469228055,0,2,0,5,5,7,2.0794415416798357,0,1,2,0,7,6,1,68,4.23410650459726,1,2,3,5,8,59,4.0943445622221,0,2,4,3,9,1,0,3782.0
3,1.3862943611198906,0,0,3,3,3,3,1.3862943611198906,0,0,3,3,3,3,0,13,2.6390573296152584,0,1,3,6,3,13,2.6390573296152584,0,1,3,6,3,1,2,38.0
7,2.0794415416798357,0,1,2,0,7,1,0.6931471805599453,0,1,1,1,1,6,7,11,2.4849066497880004,0,2,1,4,1,11,2.4849066497880004,0,2,1,4,1,1,4,2.0
5,1.791759469228055,0,2,0,5,5,6,1.9459101490553132,1,0,1,6,6,0,5,47,3.871201010907891,0,2,2,5,7,37,3.6375861597263857,0,1,2,2,7,1,0,1862.0
4,1.6094379124341003,1,1,4,4,4,4,1.6094379124341003,1,1,4,4,4,7,5,21,3.091042453358316,0,0,1,0,1,28,3.367295829986474,1,1,3,0,8,1,3,198.0
1,0.6931471805599453,0,1,1,1,1,4,1.6094379124341003,1,1,4,4,4,7,0,6,1.9459101490553132,1,0,1,6,6,6,1.9459101490553132,1,0,1,6,6,1,4,2.0
7,2.0794415416798357,0,1,2,0,7,3,1.3862943611198906,0,0,3,3,3,8,6,41,3.7376696182833684,0,2,1,6,1,30,3.4339872044851463,1,0,0,2,0,1,1,758.0
7,2.0794415416798357,0,1,2,0,7,5,1.791759469228055,0,2,0,5,5,4,0,47,3.871201010907891,0,2,2,5,7,54,4.007333185232471,1,0,4,5,4,1,0,3782.0
3,1.3862943611198906,0,0,3,3,3,2,1.0986122886681098,1,2,2,2,2,6,7,10,2.3978952727983707,1,1,0,3,0,9,2.302585092994046,0,0,4,2,9,1,2,14.0
3,1.3862943611198906,0,0,3,3,3,6,1.9459101490553132,1,0,1,6,6,6,8,25,3.258096538021482,0,1,0,4,5,20,3.044522437723423,1,2,0,6,0,1,1,374.0
2,1.0986122886681098,1,2,2,2,2,4,1.6094379124341003,1,1,4,4,4,6,8,11,2.4849066497880004,0,2,1,4,1,11,2.4849066497880004,0,2,1,4,1,1,2,30.0
2,1.0986122886681098,1,2,2,2,2,4,1.6094379124341003,1,1,4,4,4,3,2,16,2.833213344056216,1,1,1,2,6,15,2.772588722239781,0,0,0,1,5,1,3,30.0
2,1.0986122886681098,1,2,2,2,2,2,1.0986122886681098,1,2,2,2,2,5,0,8,2.1972245773362196,1,2,3,1,8,6,1.9459101490553132,1,0,1,6,6,2,5,6.0
2,1.0986122886681098,1,2,2,2,2,6,1.9459101490553132,1,0,1,6,6,1,0,16,2.833213344056216,1,1,1,2,6,22,3.1354942159291497,1,1,2,1,2,2,3,126.0
1,0.6931471805599453,0,1,1,1,1,2,1.0986122886681098,1,2,2,2,2,4,0,2,1.0986122886681098,1,2,2,2,2,2,1.0986122886681098,1,2,2,2,2,1,6,2.0
7,2.0794415416798357,0,1,2,0,7,4,1.6094379124341003,1,1,4,4,4,4,8,46,3.8501476017100584,1,1,1,4,6,52,3.970291913552122,1,1,2,3,2,1,1,1766.0
4,1.6094379124341003,1,1,4,4,4,1,0.6931471805599453,0,1,1,1,1,3,2,8,2.1972245773362196,1,2,3,1,8,4,1.6094379124341003,1,1,4,4,4,1,6,2.0
1,0.6931471805599453,0,1,1,1,1,1,0.6931471805599453,0,1,1,1,1,3,3,2,1.0986122886681098,1,2,2,2,2,1,0.6931471805599453,0,1,1,1,1,1,6,2.0
2,1.0986122886681098,1,2,2,2,2,2,1.0986122886681098,1,2,2,2,2,4,4,6,1.9459101490553132,1,0,1,6,6,8,2.1972245773362196,1,2,3,1,8,2,5,6.0
6,1.9459101490553132,1,0,1,6,6,1,0.6931471805599453,0,1,1,1,1,1,0,11,2.4849066497880004,0,2,1,4,1,10,2.3978952727983707,1,1,0,3,0,1,3,2.0
6,1.9459101490553132,1,0,1,6,6,7,2.0794415416798357,0,1,2,0,7,1,4,81,4.406719247264253,0,0,1,4,1,63,4.1588830833596715,0,0,3,0,3,1,1,7814.0
2,1.0986122886681098,1,2,2,2,2,3,1.3862943611198906,0,0,3,3,3,1,3,7,2.0794415416798357,0,1,2,0,7,7,2.0794415416798357,0,1,2,0,7,1,1,14.0
3,1.3862943611198906,0,0,3,3,3,6,1.9459101490553132,1,0,1,6,6,4,8,25,3.258096538021482,0,1,0,4,5,34,3.5553480614894135,1,1,4,6,4,1,1,374.0
6,1.9459101490553132,1,0,1,6,6,2,1.0986122886681098,1,2,2,2,2,5,5,12,2.5649493574615367,1,0,2,5,2,13,2.6390573296152584,0,1,3,6,3,1,3,126.0
5,1.791759469228055,0,2,0,5,5,5,1.791759469228055,0,2,0,5,5,7,5,27,3.332204510175204,0,0,2,6,7,35,3.58351893845611,0,2,0,0,5,1,3,902.0
2,1.0986122886681098,1,2,2,2,2,5,1.791759469228055,0,2,0,5,5,1,6,16,2.833213344056216,1,1,1,2,6,14,2.70805020110221,1,2,4,0,4,1,2,62.0
7,2.0794415416798357,0,1,2,0,7,2,1.0986122886681098,1,2,2,2,2,3,5,26,3.295836866004329,1,2,1,5,6,18,2.9444389791664403,1,0,3,4,8,1,2,254.0
6,1.9459101490553132,1,0,1,6,6,6,1.9459101490553132,1,0,1,6,6,2,8,40,3.713572066704308,1,1,0,5,0,51,3.9512437185814275,0,0,1,2,1,1,1,3846.0
1,0.6931471805599453,0,1,1,1,1,1,0.6931471805599453,0,1,1,1,1,1,4,2,1.0986122886681098,1,2,2,2,2,2,1.0986122886681098,1,2,2,2,2,1,6,2.0
7,2.0794415416798357,0,1,2,0,7,6,1.9459101490553132,1,0,1,6,6,2,4,84,4.442651256490317,1,0,4,0,4,83,4.430816798843313,0,2,3,6,3,1,2,7814.0
1,0.6931471805599453,0,1,1,1,1,1,0.6931471805599453,0,1,1,1,1,2,5,1,0.6931471805599453,0,1,1,1,1,1,0.6931471805599453,0,1,1,1,1,1,6,2.0
4,1.6094379124341003,1,1,4,4,4,6,1.9459101490553132,1,0,1,6,6,4,7,24,3.2188758248682006,1,0,4,3,4,40,3.713572066704308,1,1,0,5,0,2,3,870.0
1,0.6931471805599453,0,1,1,1,1,6,1.9459101490553132,1,0,1,6,6,8,7,8,2.1972245773362196,1,2,3,1,8,12,2.5649493574615367,1,0,2,5,2,1,4,2.0
3,1.3862943611198906,0,0,3,3,3,5,1.791759469228055,0,2,0,5,5,4,1,30,3.4339872044851463,1,0,0,2,0,26,3.295836866004329,1,2,1,5,6,1,2,182.0
7,2.0794415416798357,0,1,2,0,7,3,1.3862943611198906,0,0,3,3,3,4,0,27,3.332204510175204,0,0,2,6,7,32,3.4965075614664802,1,2,2,4,2,1,1,758.0
1,0.6931471805599453,0,1,1,1,1,5,1.791759469228055,0,2,0,5,5,8,2,10,2.3978952727983707,1,1,0,3,0,10,2.3978952727983707,1,1,0,3,0,1,6,2.0
2,1.0986122886681098,1,2,2,2,2,3,1.3862943611198906,0,0,3,3,3,8,6,11,2.4849066497880004,0,2,1,4,1,10,2.3978952727983707,1,1,0,3,0,1,1,14.0
6,1.9459101490553132,1,0,1,6,6,2,1.0986122886681098,1,2,2,2,2,5,3,13,2.6390573296152584,0,1,3,6,3,16,2.833213344056216,1,1,1,2,6,1,2,126.0
3,1.3862943611198906,0,0,3,3,3,5,1.791759469228055,0,2,0,5,5,5,5,30,3.4339872044851463,1,0,0,2,0,17,2.8903717578961645,0,2,2,3,7,1,2,182.0
1,0.6931471805599453,0,1,1,1,1,5,1.791759469228055,0,2,0,5,5,7,2,9,2.302585092994046,0,0,4,2,9,5,1.791759469228055,0,2,0,5,5,1,4,2.0
4,1.6094379124341003,1,1,4,4,4,2,1.0986122886681098,1,2,2,2,2,1,4,8,2.1972245773362196,1,2,3,1,8,16,2.833213344056216,1,1,1,2,6,2,6,30.0
4,1.6094379124341003,1,1,4,4,4,1,0.6931471805599453,0,1,1,1,1,3,0,5,1.791759469228055,0,2,0,5,5,8,2.1972245773362196,1,2,3,1,8,1,4,2.0
2,1.0986122886681098,1,2,2,2,2,3,1.3862943611198906,0,0,3,3,3,7,4,8,2.1972245773362196,1,2,3,1,8,11,2.4849066497880004,0,2,1,4,1,1,1,14.0
7,2.0794415416798357,0,1,2,0,7,7,2.0794415416798357,0,1,2,0,7,8,1,84,4.442651256490317,1,0,4,0,4,83,4.430816798843313,0,2,3,6,3,1,3,15878.0
3,1.3862943611198906,0,0,3,3,3,2,1.0986122886681098,1,2,2,2,2,8,8,6,1.9459101490553132,1,0,1,6,6,9,2.302585092994046,0,0,4,2,9,1,3,14.0
2,1.0986122886681098,1,2,2,2,2,6,1.9459101490553132,1,0,1,6,6,2,4,22,3.1354942159291497,1,1,2,1,2,23,3.1780538303479458,0,2,3,2,3,1,2,126.0
3,1.3862943611198906,0,0,3,3,3,5,1.791759469228055,0,2,0,5,5,1,2,19,2.995732273553991,0,1,4,5,9,18,2.9444389791664403,1,0,3,4,8,1,1,182.0
5,1.791759469228055,0,2,0,5,5,1,0.6931471805599453,0,1,1,1,1,5,5,10,2.3978952727983707,1,1,0,3,0,10,2.3978952727983707,1,1,0,3,0,1,6,2.0
7,2.0794415416798357,0,1,2,0,7,2,1.0986122886681098,1,2,2,2,2,1,6,28,3.367295829986474,1,1,3,0,8,27,3.332204510175204,0,0,2,6,7,1,2,254.0
5,1.791759469228055,0,2,0,5,5,6,1.9459101490553132,1,0,1,6,6,3,2,33,3.5263605246161616,0,0,3,5,3,41,3.7376696182833684,0,2,1,6,1,1,0,1862.0
1,0.6931471805599453,0,1,1,1,1,3,1.3862943611198906,0,0,3,3,3,5,6,4,1.6094379124341003,1,1,4,4,4,6,1.9459101490553132,1,0,1,6,6,1,4,2.0
3,1.3862943611198906,0,0,3,3,3,4,1.6094379124341003,1,1,4,4,4,6,6,16,2.833213344056216,1,1,1,2,6,14,2.70805020110221,1,2,4,0,4,1,1,86.0
6,1.9459101490553132,1,0,1,6,6,1,0.6931471805599453,0,1,1,1,1,2,2,7,2.0794415416798357,0,1,2,0,7,6,1.9459101490553132,1,0,1,6,6,1,4,2.0
6,1.9459101490553132,1,0,1,6,6,1,0.6931471805599453,0,1,1,1,1,7,2,11,2.4849066497880004,0,2,1,4,1,9,2.302585092994046,0,0,4,2,9,1,3,2.0
3,1.3862943611198906,0,0,3,3,3,5,1.791759469228055,0,2,0,5,5,5,5,15,2.772588722239781,0,0,0,1,5,18,2.9444389791664403,1,0,3,4,8,1,3,182.0
1,0.6931471805599453,0,1,1,1,1,6,1.9459101490553132,1,0,1,6,6,6,7,7,2.0794415416798357,0,1,2,0,7,6,1.9459101490553132,1,0,1,6,6,1,4,2.0
5,1.791759469228055,0,2,0,5,5,5,1.791759469228055,0,2,0,5,5,4,2,40,3.713572066704308,1,1,0,5,0,29,3.4011973816621555,0,2,4,1,9,1,3,902.0
4,1.6094379124341003,1,1,4,4,4,4,1.6094379124341003,1,1,4,4,4,7,6,31,3.4657359027997265,0,1,1,3,1,31,3.4657359027997265,0,1,1,3,1,1,2,198.0
7,2.0794415416798357,0,1,2,0,7,1,0.6931471805599453,0,1,1,1,1,5,2,10,2.3978952727983707,1,1,0,3,0,14,2.70805020110221,1,2,4,0,4,1,4,2.0
3,1.3862943611198906,0,0,3,3,3,3,1.3862943611198906,0,0,3,3,3,1,2,16,2.833213344056216,1,1,1,2,6,18,2.9444389791664403,1,0,3,4,8,1,3,38.0
2,1.0986122886681098,1,2,2,2,2,2,1.0986122886681098,1,2,2,2,2,2,8,4,1.6094379124341003,1,1,4,4,4,6,1.9459101490553132,1,0,1,6,6,2,5,6.0
1,0.6931471805599453,0,1,1,1,1,4,1.6094379124341003,1,1,4,4,4,5,4,6,1.9459101490553132,1,0,1,6,6,7,2.0794415416798357,0,1,2,0,7,1,3,2.0
1,0.6931471805599453,0,1,1,1,1,7,2.0794415416798357,0,1,2,0,7,8,3,14,2.70805020110221,1,2,4,0,4,7,2.0794415416798357,0,1,2,0,7,1,6,2.0
5,1.791759469228055,0,2,0,5,5,2,1.0986122886681098,1,2,2,2,2,7,6,12,2.5649493574615367,1,0,2,5,2,16,2.833213344056216,1,1,1,2,6,1,2,62.0
2,1.0986122886681098,1,2,2,2,2,6,1.9459101490553132,1,0,1,6,6,2,1,23,3.1780538303479458,0,2,3,2,3,17,2.8903717578961645,0,2,2,3,7,1,1,126.0
1,0.6931471805599453,0,1,1,1,1,5,1.791759469228055,0,2,0,5,5,0,0,6,1.9459101490553132,1,0,1,6,6,5,1.791759469228055,0,2,0,5,5,1,4,2.0
3,1.3862943611198906,0,0,3,3,3,4,1.6094379124341003,1,1,4,4,4,7,0,21,3.091042453358316,0,0,1,0,1,23,3.1780538303479458,0,2,3,2,3,1,1,86.0
6,1.9459101490553132,1,0,1,6,6,7,2.0794415416798357,0,1,2,0,7,1,7,54,4.007333185232471,1,0,4,5,4,57,4.060443010546419,0,0,2,1,7,1,1,7814.0
1,0.6931471805599453,0,1,1,1,1,2,1.0986122886681098,1,2,2,2,2,2,3,4,1.6094379124341003,1,1,4,4,4,4,1.6094379124341003,1,1,4,4,4,1,6,2.0
3,1.3862943611198906,0,0,3,3,3,7,2.0794415416798357,0,1,2,0,7,5,4,22,3.1354942159291497,1,1,2,1,2,21,3.091042453358316,0,0,1,0,1,1,2,758.0
4,1.6094379124341003,1,1,4,4,4,6,1.9459101490553132,1,0,1,6,6,6,2,45,3.828641396489095,0,0,0,3,5,32,3.4965075614664802,1,2,2,4,2,1,1,870.0
5,1.791759469228055,0,2,0,5,5,2,1.0986122886681098,1,2,2,2,2,3,6,20,3.044522437723423,1,2,0,6,0,13,2.6390573296152584,0,1,3,6,3,1,2,62.0
5,1.791759469228055,0,2,0,5,5,3,1.3862943611198906,0,0,3,3,3,3,7,16,2.833213344056216,1,1,1,2,6,25,3.258096538021482,0,1,0,4,5,1,1,182.0
2,1.0986122886681098,1,2,2,2,2,5,1.791759469228055,0,2,0,5,5,6,1,19,2.995732273553991,0,1,4,5,9,17,2.8903717578961645,0,2,2,3,7,1,0,62.0
3,1.3862943611198906,0,0,3,3,3,7,2.0794415416798357,0,1,2,0,7,2,6,39,3.6888794541139363,0,0,4,4,9,36,3.6109179126442243,1,0,1,1,6,1,2,758.0
3,1.3862943611198906,0,0,3,3,3,7,2.0794415416798357,0,1,2,0,7,7,2,31,3.4657359027997265,0,1,1,3,1,22,3.1354942159291497,1,1,2,1,2,1,0,758.0
1,0.6931471805599453,0,1,1,1,1,1,0.6931471805599453,0,1,1,1,1,0,7,1,0.6931471805599453,0,1,1,1,1,1,0.6931471805599453,0,1,1,1,1,1,6,2.0
5,1.791759469228055,0,2,0,5,5,7,2.0794415416798357,0,1,2,0,7,2,1,39,3.6888794541139363,0,0,4,4,9,50,3.9318256327243257,1,2,0,1,0,1,1,3782.0
1,0.6931471805599453,0,1,1,1,1,7,2.0794415416798357,0,1,2,0,7,7,2,13,2.6390573296152584,0,1,3,6,3,12,2.5649493574615367,1,0,2,5,2,1,3,2.0
2,1.0986122886681098,1,2,2,2,2,4,1.6094379124341003,1,1,4,4,4,8,2,14,2.70805020110221,1,2,4,0,4,12,2.5649493574615367,1,0,2,5,2,2,4,30.0
2,1.0986122886681098,1,2,2,2,2,6,1.9459101490553132,1,0,1,6,6,8,6,16,2.833213344056216,1,1,1,2,6,18,2.9444389791664403,1,0,3,4,8,2,4,126.0
2,1.0986122886681098,1,2,2,2,2,6,1.9459101490553132,1,0,1,6,6,6,7,21,3.091042453358316,0,0,1,0,1,16,2.833213344056216,1,1,1,2,6,1,2,126.0
1,0.6931471805599453,0,1,1,1,1,2,1.0986122886681098,1,2,2,2,2,5,2,4,1.6094379124341003,1,1,4,4,4,4,1.6094379124341003,1,1,4,4,4,1,6,2.0
6,1.9459101490553132,1,0,1,6,6,5,1.791759469228055,0,2,0,5,5,8,4,42,3.7612001156935624,1,0,2,0,2,35,3.58351893845611,0,2,0,0,5,1,2,1862.0
5,1.791759469228055,0,2,0,5,5,1,0.6931471805599453,0,1,1,1,1,8,0,9,2.302585092994046,0,0,4,2,9,10,2.3978952727983707,1,1,0,3,0,1,4,2.0
6,1.9459101490553132,1,0,1,6,6,7,2.0794415416798357,0,1,2,0,7,6,2,48,3.8918202981106265,1,0,3,6,8,81,4.406719247264253,0,0,1,4,1,1,1,7814.0
3,1.3862943611198906,0,0,3,3,3,4,1.6094379124341003,1,1,4,4,4,8,4,24,3.2188758248682006,1,0,4,3,4,16,2.833213344056216,1,1,1,2,6,1,3,86.0
1,0.6931471805599453,0,1,1,1,1,5,1.791759469228055,0,2,0,5,5,5,6,9,2.302585092994046,0,0,4,2,9,9,2.302585092994046,0,0,4,2,9,1,4,2.0
7,2.0794415416798357,0,1,2,0,7,5,1.791759469228055,0,2,0,5,5,7,5,64,4.174387269895637,1,1,4,1,4,46,3.8501476017100584,1,1,1,4,6,1,0,3782.0
4,1.6094379124341003,1,1,4,4,4,1,0.6931471805599453,0,1,1,1,1,0,6,7,2.0794415416798357,0,1,2,0,7,6,1.9459101490553132,1,0,1,6,6,1,3,2.0
3,1.3862943611198906,0,0,3,3,3,6,1.9459101490553132,1,0,1,6,6,6,1,19,2.995732273553991,0,1,4,5,9,33,3.5263605246161616,0,0,3,5,3,1,2,374.0
5,1.791759469228055,0,2,0,5,5,3,1.3862943611198906,0,0,3,3,3,5,8,18,2.9444389791664403,1,0,3,4,8,22,3.1354942159291497,1,1,2,1,2,1,1,182.0
5,1.791759469228055,0,2,0,5,5,6,1.9459101490553132,1,0,1,6,6,0,5,41,3.7376696182833684,0,2,1,6,1,46,3.8501476017100584,1,1,1,4,6,1,0,1862.0
7,2.0794415416798357,0,1,2,0,7,3,1.3862943611198906,0,0,3,3,3,1,0,41,3.7376696182833684,0,2,1,6,1,42,3.7612001156935624,1,0,2,0,2,1,2,758.0
2,1.0986122886681098,1,2,2,2,2,1,0.6931471805599453,0,1,1,1,1,7,8,4,1.6094379124341003,1,1,4,4,4,3,1.3862943611198906,0,0,3,3,3,1,4,2.0
7,2.0794415416798357,0,1,2,0,7,6,1.9459101490553132,1,0,1,6,6,5,4,53,3.9889840465642745,0,2,3,4,3,64,4.174387269895637,1,1,4,1,4,1,0,7814.0
4,1.6094379124341003,1,1,4,4,4,1,0.6931471805599453,0,1,1,1,1,2,8,4,1.6094379124341003,1,1,4,4,4,6,1.9459101490553132,1,0,1,6,6,1,4,2.0
5,1.791759469228055,0,2,0,5,5,7,2.0794415416798357,0,1,2,0,7,6,4,59,4.0943445622221,0,2,4,3,9,53,3.9889840465642745,0,2,3,4,3,1,0,3782.0
1,0.6931471805599453,0,1,1,1,1,1,0.6931471805599453,0,1,1,1,1,2,2,2,1.0986122886681098,1,2,2,2,2,1,0.6931471805599453,0,1,1,1,1,1,6,2.0
3,1.3862943611198906,0,0,3,3,3,7,2.0794415416798357,0,1,2,0,7,5,6,21,3.091042453358316,0,0,1,0,1,22,3.1354942159291497,1,1,2,1,2,1,2,758.0
7,2.0794415416798357,0,1,2,0,7,5,1.791759469228055,0,2,0,5,5,0,0,65,4.189654742026425,0,2,0,2,5,59,4.0943445622221,0,2,4,3,9,1,1,3782.0
2,1.0986122886681098,1,2,2,2,2,2,1.0986122886681098,1,2,2,2,2,0,0,7,2.0794415416798357,0,1,2,0,7,7,2.0794415416798357,0,1,2,0,7,1,2,6.0
3,1.3862943611198906,0,0,3,3,3,5,1.791759469228055,0,2,0,5,5,5,5,25,3.258096538021482,0,1,0,4,5,21,3.091042453358316,0,0,1,0,1,1,2,182.0
5,1.791759469228055,0,2,0,5,5,7,2.0794415416798357,0,1,2,0,7,2,1,36,3.6109179126442243,1,0,1,1,6,53,3.9889840465642745,0,2,3,4,3,1,0,3782.0
1,0.6931471805599453,0,1,1,1,1,6,1.9459101490553132,1,0,1,6,6,3,2,12,2.5649493574615367,1,0,2,5,2,8,2.1972245773362196,1,2,3,1,8,1,4,2.0
6,1.9459101490553132,1,0,1,6,6,3,1.3862943611198906,0,0,3,3,3,3,2,21,3.091042453358316,0,0,1,0,1,32,3.4965075614664802,1,2,2,4,2,1,2,374.0
7,2.0794415416798357,0,1,2,0,7,2,1.0986122886681098,1,2,2,2,2,0,1,16,2.833213344056216,1,1,1,2,6,25,3.258096538021482,0,1,0,4,5,1,1,254.0
6,1.9459101490553132,1,0,1,6,6,1,0.6931471805599453,0,1,1,1,1,7,4,6,1.9459101490553132,1,0,1,6,6,7,2.0794415416798357,0,1,2,0,7,1,4,2.0
7,2.0794415416798357,0,1,2,0,7,1,0.6931471805599453,0,1,1,1,1,7,2,12,2.5649493574615367,1,0,2,5,2,14,2.70805020110221,1,2,4,0,4,1,4,2.0
2,1.0986122886681098,1,2,2,2,2,2,1.0986122886681098,1,2,2,2,2,6,5,6,1.9459101490553132,1,0,1,6,6,7,2.0794415416798357,0,1,2,0,7,1,3,6.0
2,1.0986122886681098,1,2,2,2,2,6,1.9459101490553132,1,0,1,6,6,5,8,15,2.772588722239781,0,0,0,1,5,20,3.044522437723423,1,2,0,6,0,1,2,126.0
5,1.791759469228055,0,2,0,5,5,6,1.9459101490553132,1,0,1,6,6,2,4,37,3.6375861597263857,0,1,2,2,7,42,3.7612001156935624,1,0,2,0,2,1,1,1862.0
1,0.6931471805599453,0,1,1,1,1,6,1.9459101490553132,1,0,1,6,6,0,3,6,1.9459101490553132,1,0,1,6,6,11,2.4849066497880004,0,2,1,4,1,1,4,2.0
5,1.791759469228055,0,2,0,5,5,7,2.0794415416798357,0,1,2,0,7,3,8,64,4.174387269895637,1,1,4,1,4,69,4.248495242049359,0,0,4,6,9,1,0,3782.0
5,1.791759469228055,0,2,0,5,5,2,1.0986122886681098,1,2,2,2,2,0,1,10,2.3978952727983707,1,1,0,3,0,18,2.9444389791664403,1,0,3,4,8,1,3,62.0
6,1.9459101490553132,1,0,1,6,6,2,1.0986122886681098,1,2,2,2,2,7,6,20,3.044522437723423,1,2,0,6,0,18,2.9444389791664403,1,0,3,4,8,2,4,126.0
6,1.9459101490553132,1,0,1,6,6,1,0.6931471805599453,0,1,1,1,1,3,2,12,2.5649493574615367,1,0,2,5,2,12,2.5649493574615367,1,0,2,5,2,1,6,2.0
5,1.791759469228055,0,2,0,5,5,3,1.3862943611198906,0,0,3,3,3,2,1,25,3.258096538021482,0,1,0,4,5,21,3.091042453358316,0,0,1,0,1,1,2,182.0
3,1.3862943611198906,0,0,3,3,3,7,2.0794415416798357,0,1,2,0,7,3,6,42,3.7612001156935624,1,0,2,0,2,40,3.713572066704308,1,1,0,5,0,1,2,758.0
3,1.3862943611198906,0,0,3,3,3,5,1.791759469228055,0,2,0,5,5,5,3,19,2.995732273553991,0,1,4,5,9,29,3.4011973816621555,0,2,4,1,9,1,0,182.0
6,1.9459101490553132,1,0,1,6,6,1,0.6931471805599453,0,1,1,1,1,4,4,12,2.5649493574615367,1,0,2,5,2,8,2.1972245773362196,1,2,3,1,8,1,4,2.0
1,0.6931471805599453,0,1,1,1,1,7,2.0794415416798357,0,1,2,0,7,7,2,11,2.4849066497880004,0,2,1,4,1,13,2.6390573296152584,0,1,3,6,3,1,3,2.0
5,1.791759469228055,0,2,0,5,5,6,1.9459101490553132,1,0,1,6,6,1,4,35,3.58351893845611,0,2,0,0,5,32,3.4965075614664802,1,2,2,4,2,1,1,1862.0
4,1.6094379124341003,1,1,4,4,4,7,2.0794415416798357,0,1,2,0,7,6,3,29,3.4011973816621555,0,2,4,1,9,54,4.007333185232471,1,0,4,5,4,1,0,1766.0
4,1.6094379124341003,1,1,4,4,4,1,0.6931471805599453,0,1,1,1,1,7,5,7,2.0794415416798357,0,1,2,0,7,7,2.0794415416798357,0,1,2,0,7,1,4,2.0
2,1.0986122886681098,1,2,2,2,2,5,1.791759469228055,0,2,0,5,5,2,3,18,2.9444389791664403,1,0,3,4,8,11,2.4849066497880004,0,2,1,4,1,1,1,62.0
6,1.9459101490553132,1,0,1,6,6,5,1.791759469228055,0,2,0,5,5,4,2,46,3.8501476017100584,1,1,1,4,6,39,3.6888794541139363,0,0,4,4,9,1,0,1862.0
3,1.3862943611198906,0,0,3,3,3,5,1.791759469228055,0,2,0,5,5,1,0,28,3.367295829986474,1,1,3,0,8,27,3.332204510175204,0,0,2,6,7,1,1,182.0
3,1.3862943611198906,0,0,3,3,3,2,1.0986122886681098,1,2,2,2,2,0,1,9,2.302585092994046,0,0,4,2,9,7,2.0794415416798357,0,1,2,0,7,1,1,14.0
2,1.0986122886681098,1,2,2,2,2,6,1.9459101490553132,1,0,1,6,6,1,0,18,2.9444389791664403,1,0,3,4,8,21,3.091042453358316,0,0,1,0,1,1,3,126.0
2,1.0986122886681098,1,2,2,2,2,3,1.3862943611198906,0,0,3,3,3,0,7,11,2.4849066497880004,0,2,1,4,1,9,2.302585092994046,0,0,4,2,9,1,1,14.0
6,1.9459101490553132,1,0,1,6,6,6,1.9459101490553132,1,0,1,6,6,0,8,70,4.2626798770413155,1,1,0,0,0,72,4.290459441148391,1,0,2,2,2,2,3,3846.0
4,1.6094379124341003,1,1,4,4,4,7,2.0794415416798357,0,1,2,0,7,5,8,53,3.9889840465642745,0,2,3,4,3,53,3.9889840465642745,0,2,3,4,3,1,1,1766.0
3,1.3862943611198906,0,0,3,3,3,7,2.0794415416798357,0,1,2,0,7,8,0,37,3.6375861597263857,0,1,2,2,7,28,3.367295829986474,1,1,3,0,8,1,1,758.0
7,2.0794415416798357,0,1,2,0,7,2,1.0986122886681098,1,2,2,2,2,6,4,18,2.9444389791664403,1,0,3,4,8,15,2.772588722239781,0,0,0,1,5,1,1,254.0
7,2.0794415416798357,0,1,2,0,7,1,0.6931471805599453,0,1,1,1,1,6,4,12,2.5649493574615367,1,0,2,5,2,12,2.5649493574615367,1,0,2,5,2,1,4,2.0
2,1.0986122886681098,1,2,2,2,2,7,2.0794415416798357,0,1,2,0,7,4,1,20,3.044522437723423,1,2,0,6,0,22,3.1354942159291497,1,1,2,1,2,1,2,254.0
6,1.9459101490553132,1,0,1,6,6,2,1.0986122886681098,1,2,2,2,2,0,3,17,2.8903717578961645,0,2,2,3,7,13,2.6390573296152584,0,1,3,6,3,1,1,126.0
4,1.6094379124341003,1,1,4,4,4,4,1.6094379124341003,1,1,4,4,4,6,8,31,3.4657359027997265,0,1,1,3,1,32,3.4965075614664802,1,2,2,4,2,1,3,198.0
5,1.791759469228055,0,2,0,5,5,3,1.3862943611198906,0,0,3,3,3,0,8,27,3.332204510175204,0,0,2,6,7,30,3.4339872044851463,1,0,0,2,0,1,3,182.0
7,2.0794415416798357,0,1,2,0,7,4,1.6094379124341003,1,1,4,4,4,5,6,39,3.6888794541139363,0,0,4,4,9,33,3.5263605246161616,0,0,3,5,3,1,0,1766.0
5,1.791759469228055,0,2,0,5,5,5,1.791759469228055,0,2,0,5,5,4,2,48,3.8918202981106265,1,0,3,6,8,42,3.7612001156935624,1,0,2,0,2,1,1,902.0
2,1.0986122886681098,1,2,2,2,2,6,1.9459101490553132,1,0,1,6,6,2,0,14,2.70805020110221,1,2,4,0,4,24,3.2188758248682006,1,0,4,3,4,2,4,126.0
3,1.3862943611198906,0,0,3,3,3,6,1.9459101490553132,1,0,1,6,6,7,8,28,3.367295829986474,1,1,3,0,8,36,3.6109179126442243,1,0,1,1,6,1,3,374.0
5,1.791759469228055,0,2,0,5,5,4,1.6094379124341003,1,1,4,4,4,8,2,23,3.1780538303479458,0,2,3,2,3,28,3.367295829986474,1,1,3,0,8,1,1,422.0
5,1.791759469228055,0,2,0,5,5,2,1.0986122886681098,1,2,2,2,2,7,7,18,2.9444389791664403,1,0,3,4,8,20,3.044522437723423,1,2,0,6,0,1,3,62.0
7,2.0794415416798357,0,1,2,0,7,6,1.9459101490553132,1,0,1,6,6,0,6,77,4.356708826689592,0,2,2,0,7,65,4.189654742026425,0,2,0,2,5,1,1,7814.0
7,2.0794415416798357,0,1,2,0,7,2,1.0986122886681098,1,2,2,2,2,5,0,18,2.9444389791664403,1,0,3,4,8,28,3.367295829986474,1,1,3,0,8,1,3,254.0
1,0.6931471805599453,0,1,1,1,1,5,1.791759469228055,0,2,0,5,5,5,7,6,1.9459101490553132,1,0,1,6,6,6,1.9459101490553132,1,0,1,6,6,1,4,2.0
5,1.791759469228055,0,2,0,5,5,5,1.791759469228055,0,2,0,5,5,1,7,31,3.4657359027997265,0,1,1,3,1,35,3.58351893845611,0,2,0,0,5,1,3,902.0
5,1.791759469228055,0,2,0,5,5,2,1.0986122886681098,1,2,2,2,2,3,8,13,2.6390573296152584,0,1,3,6,3,20,3.044522437723423,1,2,0,6,0,1,2,62.0
5,1.791759469228055,0,2,0,5,5,2,1.0986122886681098,1,2,2,2,2,4,3,10,2.3978952727983707,1,1,0,3,0,14,2.70805020110221,1,2,4,0,4,1,3,62.0
4,1.6094379124341003,1,1,4,4,4,7,2.0794415416798357,0,1,2,0,7,4,5,56,4.04305126783455,1,2,1,0,6,47,3.871201010907891,0,2,2,5,7,1,2,1766.0
2,1.0986122886681098,1,2,2,2,2,5,1.791759469228055,0,2,0,5,5,2,5,13,2.6390573296152584,0,1,3,6,3,18,2.9444389791664403,1,0,3,4,8,1,1,62.0
5,1.791759469228055,0,2,0,5,5,7,2.0794415416798357,0,1,2,0,7,3,7,38,3.6635616461296463,1,2,3,3,8,68,4.23410650459726,1,2,3,5,8,1,0,3782.0
2,1.0986122886681098,1,2,2,2,2,5,1.791759469228055,0,2,0,5,5,4,8,13,2.6390573296152584,0,1,3,6,3,13,2.6390573296152584,0,1,3,6,3,1,1,62.0
6,1.9459101490553132,1,0,1,6,6,1,0.6931471805599453,0,1,1,1,1,6,3,12,2.5649493574615367,1,0,2,5,2,10,2.3978952727983707,1,1,0,3,0,1,4,2.0
5,1.791759469228055,0,2,0,5,5,1,0.6931471805599453,0,1,1,1,1,5,4,6,1.9459101490553132,1,0,1,6,6,7,2.0794415416798357,0,1,2,0,7,1,3,2.0
6,1.9459101490553132,1,0,1,6,6,4,1.6094379124341003,1,1,4,4,4,5,2,42,3.7612001156935624,1,0,2,0,2,43,3.784189633918261,0,1,3,1,3,1,1,870.0
3,1.3862943611198906,0,0,3,3,3,4,1.6094379124341003,1,1,4,4,4,8,2,14,2.70805020110221,1,2,4,0,4,17,2.8903717578961645,0,2,2,3,7,1,0,86.0
2,1.0986122886681098,1,2,2,2,2,5,1.791759469228055,0,2,0,5,5,1,2,15,2.772588722239781,0,0,0,1,5,12,2.5649493574615367,1,0,2,5,2,1,2,62.0
3,1.3862943611198906,0,0,3,3,3,1,0.6931471805599453,0,1,1,1,1,3,5,6,1.9459101490553132,1,0,1,6,6,5,1.791759469228055,0,2,0,5,5,1,4,2.0
4,1.6094379124341003,1,1,4,4,4,6,1.9459101490553132,1,0,1,6,6,1,6,48,3.8918202981106265,1,0,3,6,8,30,3.4339872044851463,1,0,0,2,0,2,3,870.0
3,1.3862943611198906,0,0,3,3,3,5,1.791759469228055,0,2,0,5,5,1,4,15,2.772588722239781,0,0,0,1,5,23,3.1780538303479458,0,2,3,2,3,1,2,182.0
7,2.0794415416798357,0,1,2,0,7,5,1.791759469228055,0,2,0,5,5,2,8,69,4.248495242049359,0,0,4,6,9,63,4.1588830833596715,0,0,3,0,3,1,1,3782.0
7,2.0794415416798357,0,1,2,0,7,6,1.9459101490553132,1,0,1,6,6,4,5,82,4.418840607796598,1,1,2,5,2,59,4.0943445622221,0,2,4,3,9,1,0,7814.0
6,1.9459101490553132,1,0,1,6,6,1,0.6931471805599453,0,1,1,1,1,8,2,10,2.3978952727983707,1,1,0,3,0,12,2.5649493574615367,1,0,2,5,2,1,4,2.0
4,1.6094379124341003,1,1,4,4,4,5,1.791759469228055,0,2,0,5,5,8,0,20,3.044522437723423,1,2,0,6,0,34,3.5553480614894135,1,1,4,6,4,1,2,422.0
1,0.6931471805599453,0,1,1,1,1,7,2.0794415416798357,0,1,2,0,7,6,6,12,2.5649493574615367,1,0,2,5,2,7,2.0794415416798357,0,1,2,0,7,1,4,2.0
4,1.6094379124341003,1,1,4,4,4,4,1.6094379124341003,1,1,4,4,4,5,8,16,2.833213344056216,1,1,1,2,6,17,2.8903717578961645,0,2,2,3,7,1,3,198.0
3,1.3862943611198906,0,0,3,3,3,5,1.791759469228055,0,2,0,5,5,5,3,27,3.332204510175204,0,0,2,6,7,28,3.367295829986474,1,1,3,0,8,1,1,182.0
2,1.0986122886681098,1,2,2,2,2,3,1.3862943611198906,0,0,3,3,3,4,5,9,2.302585092994046,0,0,4,2,9,7,2.0794415416798357,0,1,2,0,7,1,1,14.0
5,1.791759469228055,0,2,0,5,5,2,1.0986122886681098,1,2,2,2,2,6,2,15,2.772588722239781,0,0,0,1,5,12,2.5649493574615367,1,0,2,5,2,1,2,62.0
6,1.9459101490553132,1,0,1,6,6,4,1.6094379124341003,1,1,4,4,4,0,1,28,3.367295829986474,1,1,3,0,8,27,3.332204510175204,0,0,2,6,7,1,1,870.0
3,1.3862943611198906,0,0,3,3,3,3,1.3862943611198906,0,0,3,3,3,8,8,17,2.8903717578961645,0,2,2,3,7,15,2.772588722239781,0,0,0,1,5,1,3,38.0
2,1.0986122886681098,1,2,2,2,2,6,1.9459101490553132,1,0,1,6,6,0,0,22,3.1354942159291497,1,1,2,1,2,24,3.2188758248682006,1,0,4,3,4,2,4,126.0
4,1.6094379124341003,1,1,4,4,4,4,1.6094379124341003,1,1,4,4,4,0,8,26,3.295836866004329,1,2,1,5,6,18,2.9444389791664403,1,0,3,4,8,2,1,198.0
2,1.0986122886681098,1,2,2,2,2,4,1.6094379124341003,1,1,4,4,4,8,4,10,2.3978952727983707,1,1,0,3,0,16,2.833213344056216,1,1,1,2,6,2,4,30.0
6,1.9459101490553132,1,0,1,6,6,3,1.3862943611198906,0,0,3,3,3,8,1,34,3.5553480614894135,1,1,4,6,4,18,2.9444389791664403,1,0,3,4,8,1,3,374.0
1,0.6931471805599453,0,1,1,1,1,7,2.0794415416798357,0,1,2,0,7,1,3,12,2.5649493574615367,1,0,2,5,2,8,2.1972245773362196,1,2,3,1,8,1,3,2.0
2,1.0986122886681098,1,2,2,2,2,3,1.3862943611198906,0,0,3,3,3,1,5,7,2.0794415416798357,0,1,2,0,7,12,2.5649493574615367,1,0,2,5,2,1,2,14.0
2,1.0986122886681098,1,2,2,2,2,7,2.0794415416798357,0,1,2,0,7,2,4,28,3.367295829986474,1,1,3,0,8,18,2.9444389791664403,1,0,3,4,8,1,3,254.0
5,1.791759469228055,0,2,0,5,5,2,1.0986122886681098,1,2,2,2,2,8,4,11,2.4849066497880004,0,2,1,4,1,20,3.044522437723423,1,2,0,6,0,1,2,62.0
2,1.0986122886681098,1,2,2,2,2,5,1.791759469228055,0,2,0,5,5,3,2,10,2.3978952727983707,1,1,0,3,0,11,2.4849066497880004,0,2,1,4,1,1,2,62.0
4,1.6094379124341003,1,1,4,4,4,7,2.0794415416798357,0,1,2,0,7,2,6,54,4.007333185232471,1,0,4,5,4,47,3.871201010907891,0,2,2,5,7,1,0,1766.0
3,1.3862943611198906,0,0,3,3,3,7,2.0794415416798357,0,1,2,0,7,5,6,39,3.6888794541139363,0,0,4,4,9,29,3.4011973816621555,0,2,4,1,9,1,1,758.0
3,1.3862943611198906,0,0,3,3,3,4,1.6094379124341003,1,1,4,4,4,7,1,15,2.772588722239781,0,0,0,1,5,24,3.2188758248682006,1,0,4,3,4,1,3,86.0
2,1.0986122886681098,1,2,2,2,2,5,1.791759469228055,0,2,0,5,5,1,4,20,3.044522437723423,1,2,0,6,0,13,2.6390573296152584,0,1,3,6,3,1,2,62.0
6,1.9459101490553132,1,0,1,6,6,1,0.6931471805599453,0,1,1,1,1,5,6,8,2.1972245773362196,1,2,3,1,8,9,2.302585092994046,0,0,4,2,9,1,3,2.0
1,0.6931471805599453,0,1,1,1,1,3,1.3862943611198906,0,0,3,3,3,3,1,5,1.791759469228055,0,2,0,5,5,6,1.9459101490553132,1,0,1,6,6,1,4,2.0
3,1.3862943611198906,0,0,3,3,3,1,0.6931471805599453,0,1,1,1,1,3,1,5,1.791759469228055,0,2,0,5,5,4,1.6094379124341003,1,1,4,4,4,1,3,2.0
1,0.6931471805599453,0,1,1,1,1,3,1.3862943611198906,0,0,3,3,3,2,2,3,1.3862943611198906,0,0,3,3,3,6,1.9459101490553132,1,0,1,6,6,1,6,2.0
2,1.0986122886681098,1,2,2,2,2,2,1.0986122886681098,1,2,2,2,2,2,6,5,1.791759469228055,0,2,0,5,5,5,1.791759469228055,0,2,0,5,5,1,2,6.0
4,1.6094379124341003,1,1,4,4,4,1,0.6931471805599453,0,1,1,1,1,7,1,7,2.0794415416798357,0,1,2,0,7,4,1.6094379124341003,1,1,4,4,4,1,4,2.0
5,1.791759469228055,0,2,0,5,5,6,1.9459101490553132,1,0,1,6,6,7,1,48,3.8918202981106265,1,0,3,6,8,47,3.871201010907891,0,2,2,5,7,1,1,1862.0
6,1.9459101490553132,1,0,1,6,6,1,0.6931471805599453,0,1,1,1,1,8,0,11,2.4849066497880004,0,2,1,4,1,12,2.5649493574615367,1,0,2,5,2,1,4,2.0
7,2.0794415416798357,0,1,2,0,7,7,2.0794415416798357,0,1,2,0,7,3,0,78,4.3694478524670215,1,0,3,1,8,76,4.343805421853684,1,1,1,6,6,1,1,15878.0
4,1.6094379124341003,1,1,4,4,4,5,1.791759469228055,0,2,0,5,5,7,6,34,3.5553480614894135,1,1,4,6,4,31,3.4657359027997265,0,1,1,3,1,1,0,422.0
6,1.9459101490553132,1,0,1,6,6,7,2.0794415416798357,0,1,2,0,7,5,3,72,4.290459441148391,1,0,2,2,2,80,4.394449154672439,1,2,0,3,0,1,1,7814.0
7,2.0794415416798357,0,1,2,0,7,3,1.3862943611198906,0,0,3,3,3,8,4,35,3.58351893845611,0,2,0,0,5,27,3.332204510175204,0,0,2,6,7,1,2,758.0
6,1.9459101490553132,1,0,1,6,6,4,1.6094379124341003,1,1,4,4,4,6,5,34,3.5553480614894135,1,1,4,6,4,47,3.871201010907891,0,2,2,5,7,1,0,870.0
7,2.0794415416798357,0,1,2,0,7,3,1.3862943611198906,0,0,3,3,3,3,7,40,3.713572066704308,1,1,0,5,0,23,3.1780538303479458,0,2,3,2,3,1,0,758.0
2,1.0986122886681098,1,2,2,2,2,6,1.9459101490553132,1,0,1,6,6,4,4,12,2.5649493574615367,1,0,2,5,2,20,3.044522437723423,1,2,0,6,0,2,4,126.0
2,1.0986122886681098,1,2,2,2,2,5,1.791759469228055,0,2,0,5,5,3,7,12,2.5649493574615367,1,0,2,5,2,18,2.9444389791664403,1,0,3,4,8,1,2,62.0
2,1.0986122886681098,1,2,2,2,2,3,1.3862943611198906,0,0,3,3,3,0,8,6,1.9459101490553132,1,0,1,6,6,6,1.9459101490553132,1,0,1,6,6,1,5,14.0
4,1.6094379124341003,1,1,4,4,4,4,1.6094379124341003,1,1,4,4,4,2,6,16,2.833213344056216,1,1,1,2,6,31,3.4657359027997265,0,1,1,3,1,1,3,198.0
5,1.791759469228055,0,2,0,5,5,2,1.0986122886681098,1,2,2,2,2,3,2,10,2.3978952727983707,1,1,0,3,0,20,3.044522437723423,1,2,0,6,0,1,5,62.0
6,1.9459101490553132,1,0,1,6,6,6,1.9459101490553132,1,0,1,6,6,3,5,39,3.6888794541139363,0,0,4,4,9,38,3.6635616461296463,1,2,3,3,8,1,1,3846.0
7,2.0794415416798357,0,1,2,0,7,1,0.6931471805599453,0,1,1,1,1,2,6,8,2.1972245773362196,1,2,3,1,8,8,2.1972245773362196,1,2,3,1,8,1,4,2.0
7,2.0794415416798357,0,1,2,0,7,1,0.6931471805599453,0,1,1,1,1,5,4,7,2.0794415416798357,0,1,2,0,7,11,2.4849066497880004,0,2,1,4,1,1,4,2.0
4,1.6094379124341003,1,1,4,4,4,2,1.0986122886681098,1,2,2,2,2,7,8,13,2.6390573296152584,0,1,3,6,3,10,2.3978952727983707,1,1,0,3,0,1,2,30.0
5,1.791759469228055,0,2,0,5,5,3,1.3862943611198906,0,0,3,3,3,2,8,27,3.332204510175204,0,0,2,6,7,27,3.332204510175204,0,0,2,6,7,1,3,182.0
6,1.9459101490553132,1,0,1,6,6,3,1.3862943611198906,0,0,3,3,3,5,6,19,2.995732273553991,0,1,4,5,9,31,3.4657359027997265,0,1,1,3,1,1,1,374.0
1,0.6931471805599453,0,1,1,1,1,4,1.6094379124341003,1,1,4,4,4,6,7,8,2.1972245773362196,1,2,3,1,8,5,1.791759469228055,0,2,0,5,5,1,4,2.0
1,0.6931471805599453,0,1,1,1,1,1,0.6931471805599453,0,1,1,1,1,8,2,1,0.6931471805599453,0,1,1,1,1,2,1.0986122886681098,1,2,2,2,2,1,6,2.0
2,1.0986122886681098,1,2,2,2,2,7,2.0794415416798357,0,1,2,0,7,4,4,14,2.70805020110221,1,2,4,0,4,17,2.8903717578961645,0,2,2,3,7,1,2,254.0
4,1.6094379124341003,1,1,4,4,4,7,2.0794415416798357,0,1,2,0,7,3,7,35,3.58351893845611,0,2,0,0,5,32,3.4965075614664802,1,2,2,4,2,1,2,1766.0
7,2.0794415416798357,0,1,2,0,7,2,1.0986122886681098,1,2,2,2,2,0,5,17,2.8903717578961645,0,2,2,3,7,23,3.1780538303479458,0,2,3,2,3,1,0,254.0
4,1.6094379124341003,1,1,4,4,4,3,1.3862943611198906,0,0,3,3,3,5,7,17,2.8903717578961645,0,2,2,3,7,15,2.772588722239781,0,0,0,1,5,1,1,86.0
5,1.791759469228055,0,2,0,5,5,1,0.6931471805599453,0,1,1,1,1,7,1,8,2.1972245773362196,1,2,3,1,8,5,1.791759469228055,0,2,0,5,5,1,4,2.0
6,1.9459101490553132,1,0,1,6,6,4,1.6094379124341003,1,1,4,4,4,0,4,25,3.258096538021482,0,1,0,4,5,44,3.8066624897703196,1,2,4,2,4,1,1,870.0
5,1.791759469228055,0,2,0,5,5,6,1.9459101490553132,1,0,1,6,6,1,0,43,3.784189633918261,0,1,3,1,3,41,3.7376696182833684,0,2,1,6,1,1,0,1862.0
3,1.3862943611198906,0,0,3,3,3,1,0.6931471805599453,0,1,1,1,1,7,7,3,1.3862943611198906,0,0,3,3,3,5,1.791759469228055,0,2,0,5,5,1,4,2.0
5,1.791759469228055,0,2,0,5,5,5,1.791759469228055,0,2,0,5,5,7,5,35,3.58351893845611,0,2,0,0,5,36,3.6109179126442243,1,0,1,1,6,1,3,902.0
1,0.6931471805599453,0,1,1,1,1,4,1.6094379124341003,1,1,4,4,4,0,8,7,2.0794415416798357,0,1,2,0,7,7,2.0794415416798357,0,1,2,0,7,1,4,2.0
5,1.791759469228055,0,2,0,5,5,2,1.0986122886681098,1,2,2,2,2,8,2,16,2.833213344056216,1,1,1,2,6,20,3.044522437723423,1,2,0,6,0,1,3,62.0
1,0.6931471805599453,0,1,1,1,1,3,1.3862943611198906,0,0,3,3,3,6,7,5,1.791759469228055,0,2,0,5,5,5,1.791759469228055,0,2,0,5,5,1,4,2.0
7,2.0794415416798357,0,1,2,0,7,5,1.791759469228055,0,2,0,5,5,6,1,66,4.204692619390966,1,0,1,3,6,47,3.871201010907891,0,2,2,5,7,1,0,3782.0
2,1.0986122886681098,1,2,2,2,2,7,2.0794415416798357,0,1,2,0,7,2,0,17,2.8903717578961645,0,2,2,3,7,24,3.2188758248682006,1,0,4,3,4,1,1,254.0
6,1.9459101490553132,1,0,1,6,6,2,1.0986122886681098,1,2,2,2,2,7,7,19,2.995732273553991,0,1,4,5,9,19,2.995732273553991,0,1,4,5,9,1,2,126.0
7,2.0794415416798357,0,1,2,0,7,7,2.0794415416798357,0,1,2,0,7,7,7,62,4.143134726391533,1,2,2,6,2,96,4.574710978503383,1,0,1,5,6,1,1,15878.0
5,1.791759469228055,0,2,0,5,5,6,1.9459101490553132,1,0,1,6,6,8,3,36,3.6109179126442243,1,0,1,1,6,57,4.060443010546419,0,0,2,1,7,1,1,1862.0
6,1.9459101490553132,1,0,1,6,6,2,1.0986122886681098,1,2,2,2,2,5,0,21,3.091042453358316,0,0,1,0,1,19,2.995732273553991,0,1,4,5,9,1,1,126.0
1,0.6931471805599453,0,1,1,1,1,5,1.791759469228055,0,2,0,5,5,4,1,6,1.9459101490553132,1,0,1,6,6,9,2.302585092994046,0,0,4,2,9,1,3,2.0
6,1.9459101490553132,1,0,1,6,6,3,1.3862943611198906,0,0,3,3,3,5,3,18,2.9444389791664403,1,0,3,4,8,34,3.5553480614894135,1,1,4,6,4,1,3,374.0
3,1.3862943611198906,0,0,3,3,3,6,1.9459101490553132,1,0,1,6,6,6,7,28,3.367295829986474,1,1,3,0,8,28,3.367295829986474,1,1,3,0,8,1,2,374.0
4,1.6094379124341003,1,1,4,4,4,3,1.3862943611198906,0,0,3,3,3,6,7,22,3.1354942159291497,1,1,2,1,2,21,3.091042453358316,0,0,1,0,1,1,1,86.0
2,1.0986122886681098,1,2,2,2,2,7,2.0794415416798357,0,1,2,0,7,4,8,18,2.9444389791664403,1,0,3,4,8,26,3.295836866004329,1,2,1,5,6,1,2,254.0
4,1.6094379124341003,1,1,4,4,4,7,2.0794415416798357,0,1,2,0,7,1,2,49,3.912023005428146,0,1,4,0,9,42,3.7612001156935624,1,0,2,0,2,1,2,1766.0
2,1.0986122886681098,1,2,2,2,2,1,0.6931471805599453,0,1,1,1,1,0,7,3,1.3862943611198906,0,0,3,3,3,2,1.0986122886681098,1,2,2,2,2,1,4,2.0
7,2.0794415416798357,0,1,2,0,7,7,2.0794415416798357,0,1,2,0,7,2,4,79,4.382026634673881,0,1,4,2,9,81,4.406719247264253,0,0,1,4,1,1,1,15878.0
4,1.6094379124341003,1,1,4,4,4,7,2.0794415416798357,0,1,2,0,7,6,4,34,3.5553480614894135,1,1,4,6,4,44,3.8066624897703196,1,2,4,2,4,1,1,1766.0
4,1.6094379124341003,1,1,4,4,4,2,1.0986122886681098,1,2,2,2,2,1,1,12,2.5649493574615367,1,0,2,5,2,16,2.833213344056216,1,1,1,2,6,2,5,30.0
4,1.6094379124341003,1,1,4,4,4,5,1.791759469228055,0,2,0,5,5,7,8,26,3.295836866004329,1,2,1,5,6,32,3.4965075614664802,1,2,2,4,2,1,1,422.0
4,1.6094379124341003,1,1,4,4,4,6,1.9459101490553132,1,0,1,6,6,2,1,45,3.828641396489095,0,0,0,3,5,46,3.8501476017100584,1,1,1,4,6,1,0,870.0
4,1.6094379124341003,1,1,4,4,4,4,1.6094379124341003,1,1,4,4,4,0,3,29,3.4011973816621555,0,2,4,1,9,26,3.295836866004329,1,2,1,5,6,1,1,198.0
1,0.6931471805599453,0,1,1,1,1,6,1.9459101490553132,1,0,1,6,6,7,4,9,2.302585092994046,0,0,4,2,9,12,2.5649493574615367,1,0,2,5,2,1,4,2.0
5,1.791759469228055,0,2,0,5,5,6,1.9459101490553132,1,0,1,6,6,8,1,39,3.6888794541139363,0,0,4,4,9,32,3.4965075614664802,1,2,2,4,2,1,0,1862.0
1,0.6931471805599453,0,1,1,1,1,5,1.791759469228055,0,2,0,5,5,6,4,8,2.1972245773362196,1,2,3,1,8,9,2.302585092994046,0,0,4,2,9,1,3,2.0
6,1.9459101490553132,1,0,1,6,6,4,1.6094379124341003,1,1,4,4,4,2,5,45,3.828641396489095,0,0,0,3,5,27,3.332204510175204,0,0,2,6,7,1,0,870.0
4,1.6094379124341003,1,1,4,4,4,1,0.6931471805599453,0,1,1,1,1,8,4,6,1.9459101490553132,1,0,1,6,6,7,2.0794415416798357,0,1,2,0,7,1,3,2.0
1,0.6931471805599453,0,1,1,1,1,3,1.3862943611198906,0,0,3,3,3,4,0,4,1.6094379124341003,1,1,4,4,4,6,1.9459101490553132,1,0,1,6,6,1,4,2.0
4,1.6094379124341003,1,1,4,4,4,4,1.6094379124341003,1,1,4,4,4,0,7,30,3.4339872044851463,1,0,0,2,0,29,3.4011973816621555,0,2,4,1,9,1,1,198.0
3,1.3862943611198906,0,0,3,3,3,3,1.3862943611198906,0,0,3,3,3,5,0,16,2.833213344056216,1,1,1,2,6,15,2.772588722239781,0,0,0,1,5,1,3,38.0
1,0.6931471805599453,0,1,1,1,1,4,1.6094379124341003,1,1,4,4,4,0,8,6,1.9459101490553132,1,0,1,6,6,6,1.9459101490553132,1,0,1,6,6,1,4,2.0
7,2.0794415416798357,0,1,2,0,7,5,1.791759469228055,0,2,0,5,5,2,0,48,3.8918202981106265,1,0,3,6,8,44,3.8066624897703196,1,2,4,2,4,1,0,3782.0
3,1.3862943611198906,0,0,3,3,3,7,2.0794415416798357,0,1,2,0,7,2,5,30,3.4339872044851463,1,0,0,2,0,34,3.5553480614894135,1,1,4,6,4,1,1,758.0
2,1.0986122886681098,1,2,2,2,2,4,1.6094379124341003,1,1,4,4,4,7,0,14,2.70805020110221,1,2,4,0,4,9,2.302585092994046,0,0,4,2,9,1,2,30.0
6,1.9459101490553132,1,0,1,6,6,1,0.6931471805599453,0,1,1,1,1,0,6,11,2.4849066497880004,0,2,1,4,1,8,2.1972245773362196,1,2,3,1,8,1,3,2.0
4,1.6094379124341003,1,1,4,4,4,3,1.3862943611198906,0,0,3,3,3,1,6,24,3.2188758248682006,1,0,4,3,4,17,2.8903717578961645,0,2,2,3,7,1,2,86.0
1,0.6931471805599453,0,1,1,1,1,2,1.0986122886681098,1,2,2,2,2,8,8,3,1.3862943611198906,0,0,3,3,3,2,1.0986122886681098,1,2,2,2,2,1,4,2.0
6,1.9459101490553132,1,0,1,6,6,4,1.6094379124341003,1,1,4,4,4,7,5,45,3.828641396489095,0,0,0,3,5,24,3.2188758248682006,1,0,4,3,4,1,2,870.0
3,1.3862943611198906,0,0,3,3,3,7,2.0794415416798357,0,1,2,0,7,5,6,22,3.1354942159291497,1,1,2,1,2,27,3.332204510175204,0,0,2,6,7,1,1,758.0
6,1.9459101490553132,1,0,1,6,6,2,1.0986122886681098,1,2,2,2,2,1,7,22,3.1354942159291497,1,1,2,1,2,23,3.1780538303479458,0,2,3,2,3,1,2,126.0
1,0.6931471805599453,0,1,1,1,1,6,1.9459101490553132,1,0,1,6,6,0,7,12,2.5649493574615367,1,0,2,5,2,11,2.4849066497880004,0,2,1,4,1,1,4,2.0
2,1.0986122886681098,1,2,2,2,2,1,0.6931471805599453,0,1,1,1,1,4,5,3,1.3862943611198906,0,0,3,3,3,2,1.0986122886681098,1,2,2,2,2,1,4,2.0
1,0.6931471805599453,0,1,1,1,1,2,1.0986122886681098,1,2,2,2,2,3,6,4,1.6094379124341003,1,1,4,4,4,3,1.3862943611198906,0,0,3,3,3,1,4,2.0
1,0.6931471805599453,0,1,1,1,1,6,1.9459101490553132,1,0,1,6,6,6,6,10,2.3978952727983707,1,1,0,3,0,10,2.3978952727983707,1,1,0,3,0,1,4,2.0
5,1.791759469228055,0,2,0,5,5,7,2.0794415416798357,0,1,2,0,7,7,6,38,3.6635616461296463,1,2,3,3,8,37,3.6375861597263857,0,1,2,2,7,1,0,3782.0
2,1.0986122886681098,1,2,2,2,2,3,1.3862943611198906,0,0,3,3,3,0,1,8,2.1972245773362196,1,2,3,1,8,9,2.302585092994046,0,0,4,2,9,1,2,14.0
1,0.6931471805599453,0,1,1,1,1,2,1.0986122886681098,1,2,2,2,2,3,8,2,1.0986122886681098,1,2,2,2,2,4,1.6094379124341003,1,1,4,4,4,1,6,2.0
3,1.3862943611198906,0,0,3,3,3,6,1.9459101490553132,1,0,1,6,6,4,2,21,3.091042453358316,0,0,1,0,1,22,3.1354942159291497,1,1,2,1,2,1,2,374.0
7,2.0794415416798357,0,1,2,0,7,5,1.791759469228055,0,2,0,5,5,6,6,52,3.970291913552122,1,1,2,3,2,42,3.7612001156935624,1,0,2,0,2,1,1,3782.0
4,1.6094379124341003,1,1,4,4,4,7,2.0794415416798357,0,1,2,0,7,6,7,52,3.970291913552122,1,1,2,3,2,37,3.6375861597263857,0,1,2,2,7,1,1,1766.0
6,1.9459101490553132,1,0,1,6,6,5,1.791759469228055,0,2,0,5,5,1,2,30,3.4339872044851463,1,0,0,2,0,59,4.0943445622221,0,2,4,3,9,1,2,1862.0
7,2.0794415416798357,0,1,2,0,7,1,0.6931471805599453,0,1,1,1,1,2,8,11,2.4849066497880004,0,2,1,4,1,12,2.5649493574615367,1,0,2,5,2,1,3,2.0
6,1.9459101490553132,1,0,1,6,6,1,0.6931471805599453,0,1,1,1,1,3,8,11,2.4849066497880004,0,2,1,4,1,10,2.3978952727983707,1,1,0,3,0,1,3,2.0
6,1.9459101490553132,1,0,1,6,6,2,1.0986122886681098,1,2,2,2,2,1,5,18,2.9444389791664403,1,0,3,4,8,17,2.8903717578961645,0,2,2,3,7,1,3,126.0
6,1.9459101490553132,1,0,1,6,6,1,0.6931471805599453,0,1,1,1,1,4,5,6,1.9459101490553132,1,0,1,6,6,7,2.0794415416798357,0,1,2,0,7,1,4,2.0
4,1.6094379124341003,1,1,4,4,4,1,0.6931471805599453,0,1,1,1,1,6,4,7,2.0794415416798357,0,1,2,0,7,7,2.0794415416798357,0,1,2,0,7,1,4,2.0
3,1.3862943611198906,0,0,3,3,3,4,1.6094379124341003,1,1,4,4,4,3,6,18,2.9444389791664403,1,0,3,4,8,23,3.1780538303479458,0,2,3,2,3,1,1,86.0
5,1.791759469228055,0,2,0,5,5,6,1.9459101490553132,1,0,1,6,6,7,4,43,3.784189633918261,0,1,3,1,3,46,3.8501476017100584,1,1,1,4,6,1,0,1862.0
4,1.6094379124341003,1,1,4,4,4,3,1.3862943611198906,0,0,3,3,3,5,6,22,3.1354942159291497,1,1,2,1,2,15,2.772588722239781,0,0,0,1,5,1,1,86.0
7,2.0794415416798357,0,1,2,0,7,3,1.3862943611198906,0,0,3,3,3,4,4,22,3.1354942159291497,1,1,2,1,2,37,3.6375861597263857,0,1,2,2,7,1,0,758.0
1,0.6931471805599453,0,1,1,1,1,2,1.0986122886681098,1,2,2,2,2,0,5,3,1.3862943611198906,0,0,3,3,3,2,1.0986122886681098,1,2,2,2,2,1,4,2.0
3,1.3862943611198906,0,0,3,3,3,6,1.9459101490553132,1,0,1,6,6,5,2,31,3.4657359027997265,0,1,1,3,1,27,3.332204510175204,0,0,2,6,7,1,2,374.0
1,0.6931471805599453,0,1,1,1,1,4,1.6094379124341003,1,1,4,4,4,7,8,8,2.1972245773362196,1,2,3,1,8,7,2.0794415416798357,0,1,2,0,7,1,4,2.0
5,1.791759469228055,0,2,0,5,5,5,1.791759469228055,0,2,0,5,5,4,2,44,3.8066624897703196,1,2,4,2,4,38,3.6635616461296463,1,2,3,3,8,1,1,902.0
1,0.6931471805599453,0,1,1,1,1,3,1.3862943611198906,0,0,3,3,3,4,2,4,1.6094379124341003,1,1,4,4,4,3,1.3862943611198906,0,0,3,3,3,1,4,2.0
5,1.791759469228055,0,2,0,5,5,1,0.6931471805599453,0,1,1,1,1,5,7,9,2.302585092994046,0,0,4,2,9,5,1.791759469228055,0,2,0,5,5,1,4,2.0
3,1.3862943611198906,0,0,3,3,3,4,1.6094379124341003,1,1,4,4,4,6,5,16,2.833213344056216,1,1,1,2,6,17,2.8903717578961645,0,2,2,3,7,1,1,86.0
7,2.0794415416798357,0,1,2,0,7,4,1.6094379124341003,1,1,4,4,4,0,6,38,3.6635616461296463,1,2,3,3,8,36,3.6109179126442243,1,0,1,1,6,1,1,1766.0
7,2.0794415416798357,0,1,2,0,7,2,1.0986122886681098,1,2,2,2,2,3,3,19,2.995732273553991,0,1,4,5,9,15,2.772588722239781,0,0,0,1,5,1,0,254.0
5,1.791759469228055,0,2,0,5,5,5,1.791759469228055,0,2,0,5,5,4,2,49,3.912023005428146,0,1,4,0,9,35,3.58351893845611,0,2,0,0,5,1,3,902.0
1,0.6931471805599453,0,1,1,1,1,1,0.6931471805599453,0,1,1,1,1,0,6,1,0.6931471805599453,0,1,1,1,1,1,0.6931471805599453,0,1,1,1,1,1,6,2.0
7,2.0794415416798357,0,1,2,0,7,4,1.6094379124341003,1,1,4,4,4,2,6,50,3.9318256327243257,1,2,0,1,0,40,3.713572066704308,1,1,0,5,0,1,1,1766.0
6,1.9459101490553132,1,0,1,6,6,3,1.3862943611198906,0,0,3,3,3,0,0,19,2.995732273553991,0,1,4,5,9,18,2.9444389791664403,1,0,3,4,8,1,3,374.0
2,1.0986122886681098,1,2,2,2,2,5,1.791759469228055,0,2,0,5,5,7,2,15,2.772588722239781,0,0,0,1,5,20,3.044522437723423,1,2,0,6,0,1,3,62.0
1,0.6931471805599453,0,1,1,1,1,2,1.0986122886681098,1,2,2,2,2,1,3,4,1.6094379124341003,1,1,4,4,4,2,1.0986122886681098,1,2,2,2,2,1,6,2.0
4,1.6094379124341003,1,1,4,4,4,5,1.791759469228055,0,2,0,5,5,6,3,27,3.332204510175204,0,0,2,6,7,35,3.58351893845611,0,2,0,0,5,1,1,422.0
6,1.9459101490553132,1,0,1,6,6,3,1.3862943611198906,0,0,3,3,3,5,2,36,3.6109179126442243,1,0,1,1,6,22,3.1354942159291497,1,1,2,1,2,1,3,374.0
2,1.0986122886681098,1,2,2,2,2,7,2.0794415416798357,0,1,2,0,7,8,7,28,3.367295829986474,1,1,3,0,8,17,2.8903717578961645,0,2,2,3,7,1,2,254.0
2,1.0986122886681098,1,2,2,2,2,7,2.0794415416798357,0,1,2,0,7,1,1,14,2.70805020110221,1,2,4,0,4,22,3.1354942159291497,1,1,2,1,2,1,3,254.0
3,1.3862943611198906,0,0,3,3,3,1,0.6931471805599453,0,1,1,1,1,4,8,3,1.3862943611198906,0,0,3,3,3,5,1.791759469228055,0,2,0,5,5,1,4,2.0
5,1.791759469228055,0,2,0,5,5,1,0.6931471805599453,0,1,1,1,1,6,4,5,1.791759469228055,0,2,0,5,5,5,1.791759469228055,0,2,0,5,5,1,6,2.0
4,1.6094379124341003,1,1,4,4,4,7,2.0794415416798357,0,1,2,0,7,4,8,30,3.4339872044851463,1,0,0,2,0,49,3.912023005428146,0,1,4,0,9,1,1,1766.0
7,2.0794415416798357,0,1,2,0,7,5,1.791759469228055,0,2,0,5,5,3,2,54,4.007333185232471,1,0,4,5,4,37,3.6375861597263857,0,1,2,2,7,1,0,3782.0
4,1.6094379124341003,1,1,4,4,4,4,1.6094379124341003,1,1,4,4,4,4,2,25,3.258096538021482,0,1,0,4,5,16,2.833213344056216,1,1,1,2,6,1,3,198.0
3,1.3862943611198906,0,0,3,3,3,5,1.791759469228055,0,2,0,5,5,2,0,18,2.9444389791664403,1,0,3,4,8,20,3.044522437723423,1,2,0,6,0,1,2,182.0
5,1.791759469228055,0,2,0,5,5,6,1.9459101490553132,1,0,1,6,6,7,6,35,3.58351893845611,0,2,0,0,5,41,3.7376696182833684,0,2,1,6,1,1,1,1862.0
7,2.0794415416798357,0,1,2,0,7,6,1.9459101490553132,1,0,1,6,6,4,8,66,4.204692619390966,1,0,1,3,6,78,4.3694478524670215,1,0,3,1,8,1,2,7814.0
4,1.6094379124341003,1,1,4,4,4,2,1.0986122886681098,1,2,2,2,2,1,5,10,2.3978952727983707,1,1,0,3,0,11,2.4849066497880004,0,2,1,4,1,1,2,30.0
6,1.9459101490553132,1,0,1,6,6,6,1.9459101490553132,1,0,1,6,6,4,8,69,4.248495242049359,0,0,4,6,9,59,4.0943445622221,0,2,4,3,9,1,1,3846.0
2,1.0986122886681098,1,2,2,2,2,2,1.0986122886681098,1,2,2,2,2,3,5,7,2.0794415416798357,0,1,2,0,7,6,1.9459101490553132,1,0,1,6,6,1,3,6.0
3,1.3862943611198906,0,0,3,3,3,4,1.6094379124341003,1,1,4,4,4,7,2,14,2.70805020110221,1,2,4,0,4,16,2.833213344056216,1,1,1,2,6,1,1,86.0
1,0.6931471805599453,0,1,1,1,1,2,1.0986122886681098,1,2,2,2,2,8,4,3,1.3862943611198906,0,0,3,3,3,3,1.3862943611198906,0,0,3,3,3,1,4,2.0
4,1.6094379124341003,1,1,4,4,4,3,1.3862943611198906,0,0,3,3,3,2,5,18,2.9444389791664403,1,0,3,4,8,21,3.091042453358316,0,0,1,0,1,1,2,86.0
6,1.9459101490553132,1,0,1,6,6,4,1.6094379124341003,1,1,4,4,4,8,6,39,3.6888794541139363,0,0,4,4,9,43,3.784189633918261,0,1,3,1,3,1,0,870.0
7,2.0794415416798357,0,1,2,0,7,5,1.791759469228055,0,2,0,5,5,0,1,56,4.04305126783455,1,2,1,0,6,43,3.784189633918261,0,1,3,1,3,1,1,3782.0
6,1.9459101490553132,1,0,1,6,6,2,1.0986122886681098,1,2,2,2,2,5,8,22,3.1354942159291497,1,1,2,1,2,14,2.70805020110221,1,2,4,0,4,2,3,126.0
7,2.0794415416798357,0,1,2,0,7,6,1.9459101490553132,1,0,1,6,6,6,7,52,3.970291913552122,1,1,2,3,2,60,4.110873864173311,1,0,0,4,0,1,1,7814.0
7,2.0794415416798357,0,1,2,0,7,2,1.0986122886681098,1,2,2,2,2,2,5,23,3.1780538303479458,0,2,3,2,3,25,3.258096538021482,0,1,0,4,5,1,0,254.0
5,1.791759469228055,0,2,0,5,5,5,1.791759469228055,0,2,0,5,5,0,3,37,3.6375861597263857,0,1,2,2,7,31,3.4657359027997265,0,1,1,3,1,1,1,902.0
2,1.0986122886681098,1,2,2,2,2,7,2.0794415416798357,0,1,2,0,7,0,5,18,2.9444389791664403,1,0,3,4,8,20,3.044522437723423,1,2,0,6,0,1,2,254.0
6,1.9459101490553132,1,0,1,6,6,1,0.6931471805599453,0,1,1,1,1,1,5,10,2.3978952727983707,1,1,0,3,0,12,2.5649493574615367,1,0,2,5,2,1,4,2.0
6,1.9459101490553132,1,0,1,6,6,5,1.791759469228055,0,2,0,5,5,0,1,53,3.9889840465642745,0,2,3,4,3,42,3.7612001156935624,1,0,2,0,2,1,1,1862.0
4,1.6094379124341003,1,1,4,4,4,1,0.6931471805599453,0,1,1,1,1,3,0,6,1.9459101490553132,1,0,1,6,6,4,1.6094379124341003,1,1,4,4,4,1,4,2.0
3,1.3862943611198906,0,0,3,3,3,1,0.6931471805599453,0,1,1,1,1,3,2,4,1.6094379124341003,1,1,4,4,4,4,1.6094379124341003,1,1,4,4,4,1,4,2.0
6,1.9459101490553132,1,0,1,6,6,1,0.6931471805599453,0,1,1,1,1,7,2,6,1.9459101490553132,1,0,1,6,6,6,1.9459101490553132,1,0,1,6,6,1,6,2.0
7,2.0794415416798357,0,1,2,0,7,3,1.3862943611198906,0,0,3,3,3,7,6,38,3.6635616461296463,1,2,3,3,8,24,3.2188758248682006,1,0,4,3,4,1,1,758.0
1,0.6931471805599453,0,1,1,1,1,2,1.0986122886681098,1,2,2,2,2,2,6,3,1.3862943611198906,0,0,3,3,3,3,1.3862943611198906,0,0,3,3,3,1,4,2.0
1,0.6931471805599453,0,1,1,1,1,1,0.6931471805599453,0,1,1,1,1,6,5,1,0.6931471805599453,0,1,1,1,1,2,1.0986122886681098,1,2,2,2,2,1,6,2.0
1,0.6931471805599453,0,1,1,1,1,6,1.9459101490553132,1,0,1,6,6,1,2,12,2.5649493574615367,1,0,2,5,2,12,2.5649493574615367,1,0,2,5,2,1,6,2.0
1,0.6931471805599453,0,1,1,1,1,1,0.6931471805599453,0,1,1,1,1,6,4,1,0.6931471805599453,0,1,1,1,1,1,0.6931471805599453,0,1,1,1,1,1,6,2.0
2,1.0986122886681098,1,2,2,2,2,6,1.9459101490553132,1,0,1,6,6,1,5,12,2.5649493574615367,1,0,2,5,2,17,2.8903717578961645,0,2,2,3,7,1,3,126.0
2,1.0986122886681098,1,2,2,2,2,2,1.0986122886681098,1,2,2,2,2,5,0,7,2.0794415416798357,0,1,2,0,7,4,1.6094379124341003,1,1,4,4,4,1,3,6.0
7,2.0794415416798357,0,1,2,0,7,1,0.6931471805599453,0,1,1,1,1,8,8,11,2.4849066497880004,0,2,1,4,1,12,2.5649493574615367,1,0,2,5,2,1,3,2.0
1,0.6931471805599453,0,1,1,1,1,1,0.6931471805599453,0,1,1,1,1,0,5,1,0.6931471805599453,0,1,1,1,1,2,1.0986122886681098,1,2,2,2,2,1,6,2.0
4,1.6094379124341003,1,1,4,4,4,3,1.3862943611198906,0,0,3,3,3,8,7,15,2.772588722239781,0,0,0,1,5,19,2.995732273553991,0,1,4,5,9,1,1,86.0
7,2.0794415416798357,0,1,2,0,7,5,1.791759469228055,0,2,0,5,5,3,6,62,4.143134726391533,1,2,2,6,2,44,3.8066624897703196,1,2,4,2,4,1,0,3782.0
3,1.3862943611198906,0,0,3,3,3,2,1.0986122886681098,1,2,2,2,2,0,3,12,2.5649493574615367,1,0,2,5,2,9,2.302585092994046,0,0,4,2,9,1,3,14.0
6,1.9459101490553132,1,0,1,6,6,4,1.6094379124341003,1,1,4,4,4,2,0,28,3.367295829986474,1,1,3,0,8,39,3.6888794541139363,0,0,4,4,9,1,1,870.0
7,2.0794415416798357,0,1,2,0,7,5,1.791759469228055,0,2,0,5,5,3,8,42,3.7612001156935624,1,0,2,0,2,66,4.204692619390966,1,0,1,3,6,1,1,3782.0
5,1.791759469228055,0,2,0,5,5,6,1.9459101490553132,1,0,1,6,6,0,6,33,3.5263605246161616,0,0,3,5,3,49,3.912023005428146,0,1,4,0,9,1,0,1862.0
1,0.6931471805599453,0,1,1,1,1,5,1.791759469228055,0,2,0,5,5,3,0,9,2.302585092994046,0,0,4,2,9,7,2.0794415416798357,0,1,2,0,7,1,3,2.0
2,1.0986122886681098,1,2,2,2,2,7,2.0794415416798357,0,1,2,0,7,7,1,27,3.332204510175204,0,0,2,6,7,22,3.1354942159291497,1,1,2,1,2,1,1,254.0
3,1.3862943611198906,0,0,3,3,3,2,1.0986122886681098,1,2,2,2,2,2,5,8,2.1972245773362196,1,2,3,1,8,9,2.302585092994046,0,0,4,2,9,1,2,14.0
5,1.791759469228055,0,2,0,5,5,5,1.791759469228055,0,2,0,5,5,4,2,34,3.5553480614894135,1,1,4,6,4,43,3.784189633918261,0,1,3,1,3,1,1,902.0
5,1.791759469228055,0,2,0,5,5,1,0.6931471805599453,0,1,1,1,1,1,4,5,1.791759469228055,0,2,0,5,5,6,1.9459101490553132,1,0,1,6,6,1,4,2.0
5,1.791759469228055,0,2,0,5,5,1,0.6931471805599453,0,1,1,1,1,7,1,6,1.9459101490553132,1,0,1,6,6,7,2.0794415416798357,0,1,2,0,7,1,3,2.0
4,1.6094379124341003,1,1,4,4,4,7,2.0794415416798357,0,1,2,0,7,8,4,52,3.970291913552122,1,1,2,3,2,56,4.04305126783455,1,2,1,0,6,1,3,1766.0
4,1.6094379124341003,1,1,4,4,4,2,1.0986122886681098,1,2,2,2,2,8,4,14,2.70805020110221,1,2,4,0,4,8,2.1972245773362196,1,2,3,1,8,2,4,30.0
7,2.0794415416798357,0,1,2,0,7,3,1.3862943611198906,0,0,3,3,3,6,1,34,3.5553480614894135,1,1,4,6,4,28,3.367295829986474,1,1,3,0,8,1,1,758.0
2,1.0986122886681098,1,2,2,2,2,1,0.6931471805599453,0,1,1,1,1,8,6,4,1.6094379124341003,1,1,4,4,4,2,1.0986122886681098,1,2,2,2,2,1,6,2.0
4,1.6094379124341003,1,1,4,4,4,1,0.6931471805599453,0,1,1,1,1,7,4,5,1.791759469228055,0,2,0,5,5,7,2.0794415416798357,0,1,2,0,7,1,3,2.0
3,1.3862943611198906,0,0,3,3,3,6,1.9459101490553132,1,0,1,6,6,7,1,20,3.044522437723423,1,2,0,6,0,32,3.4965075614664802,1,2,2,4,2,1,1,374.0
3,1.3862943611198906,0,0,3,3,3,7,2.0794415416798357,0,1,2,0,7,0,8,34,3.5553480614894135,1,1,4,6,4,38,3.6635616461296463,1,2,3,3,8,1,0,758.0
5,1.791759469228055,0,2,0,5,5,3,1.3862943611198906,0,0,3,3,3,0,3,23,3.1780538303479458,0,2,3,2,3,23,3.1780538303479458,0,2,3,2,3,1,1,182.0
4,1.6094379124341003,1,1,4,4,4,6,1.9459101490553132,1,0,1,6,6,8,0,39,3.6888794541139363,0,0,4,4,9,31,3.4657359027997265,0,1,1,3,1,1,0,870.0
3,1.3862943611198906,0,0,3,3,3,3,1.3862943611198906,0,0,3,3,3,4,1,9,2.302585092994046,0,0,4,2,9,18,2.9444389791664403,1,0,3,4,8,3,6,38.0
3,1.3862943611198906,0,0,3,3,3,1,0.6931471805599453,0,1,1,1,1,8,3,5,1.791759469228055,0,2,0,5,5,4,1.6094379124341003,1,1,4,4,4,1,3,2.0
1,0.6931471805599453,0,1,1,1,1,5,1.791759469228055,0,2,0,5,5,2,5,8,2.1972245773362196,1,2,3,1,8,7,2.0794415416798357,0,1,2,0,7,1,3,2.0
1,0.6931471805599453,0,1,1,1,1,2,1.0986122886681098,1,2,2,2,2,5,2,3,1.3862943611198906,0,0,3,3,3,3,1.3862943611198906,0,0,3,3,3,1,4,2.0
7,2.0794415416798357,0,1,2,0,7,4,1.6094379124341003,1,1,4,4,4,0,1,54,4.007333185232471,1,0,4,5,4,38,3.6635616461296463,1,2,3,3,8,1,0,1766.0
7,2.0794415416798357,0,1,2,0,7,6,1.9459101490553132,1,0,1,6,6,8,6,58,4.07753744390572,1,1,3,2,8,45,3.828641396489095,0,0,0,3,5,1,0,7814.0
7,2.0794415416798357,0,1,2,0,7,2,1.0986122886681098,1,2,2,2,2,6,1,27,3.332204510175204,0,0,2,6,7,17,2.8903717578961645,0,2,2,3,7,1,0,254.0
1,0.6931471805599453,0,1,1,1,1,4,1.6094379124341003,1,1,4,4,4,8,3,5,1.791759469228055,0,2,0,5,5,6,1.9459101490553132,1,0,1,6,6,1,3,2.0
3,1.3862943611198906,0,0,3,3,3,1,0.6931471805599453,0,1,1,1,1,5,8,6,1.9459101490553132,1,0,1,6,6,5,1.791759469228055,0,2,0,5,5,1,4,2.0
5,1.791759469228055,0,2,0,5,5,1,0.6931471805599453,0,1,1,1,1,3,6,9,2.302585092994046,0,0,4,2,9,7,2.0794415416798357,0,1,2,0,7,1,3,2.0
1,0.6931471805599453,0,1,1,1,1,1,0.6931471805599453,0,1,1,1,1,3,3,2,1.0986122886681098,1,2,2,2,2,2,1.0986122886681098,1,2,2,2,2,1,6,2.0
5,1.791759469228055,0,2,0,5,5,5,1.791759469228055,0,2,0,5,5,0,4,36,3.6109179126442243,1,0,1,1,6,33,3.5263605246161616,0,0,3,5,3,1,1,902.0
6,1.9459101490553132,1,0,1,6,6,5,1.791759469228055,0,2,0,5,5,8,3,41,3.7376696182833684,0,2,1,6,1,33,3.5263605246161616,0,0,3,5,3,1,0,1862.0
2,1.0986122886681098,1,2,2,2,2,7,2.0794415416798357,0,1,2,0,7,6,8,23,3.1780538303479458,0,2,3,2,3,14,2.70805020110221,1,2,4,0,4,1,2,254.0
3,1.3862943611198906,0,0,3,3,3,6,1.9459101490553132,1,0,1,6,6,5,3,29,3.4011973816621555,0,2,4,1,9,29,3.4011973816621555,0,2,4,1,9,1,2,374.0
3,1.3862943611198906,0,0,3,3,3,4,1.6094379124341003,1,1,4,4,4,5,5,24,3.2188758248682006,1,0,4,3,4,13,2.6390573296152584,0,1,3,6,3,1,2,86.0
2,1.0986122886681098,1,2,2,2,2,3,1.3862943611198906,0,0,3,3,3,3,0,12,2.5649493574615367,1,0,2,5,2,6,1.9459101490553132,1,0,1,6,6,1,5,14.0
2,1.0986122886681098,1,2,2,2,2,4,1.6094379124341003,1,1,4,4,4,5,6,13,2.6390573296152584,0,1,3,6,3,16,2.833213344056216,1,1,1,2,6,1,3,30.0
4,1.6094379124341003,1,1,4,4,4,6,1.9459101490553132,1,0,1,6,6,7,4,28,3.367295829986474,1,1,3,0,8,34,3.5553480614894135,1,1,4,6,4,2,1,870.0
3,1.3862943611198906,0,0,3,3,3,7,2.0794415416798357,0,1,2,0,7,7,0,32,3.4965075614664802,1,2,2,4,2,26,3.295836866004329,1,2,1,5,6,1,0,758.0
7,2.0794415416798357,0,1,2,0,7,7,2.0794415416798357,0,1,2,0,7,4,4,91,4.5217885770490405,0,1,1,0,1,92,4.532599493153256,1,2,2,1,2,1,3,15878.0
3,1.3862943611198906,0,0,3,3,3,3,1.3862943611198906,0,0,3,3,3,4,2,17,2.8903717578961645,0,2,2,3,7,15,2.772588722239781,0,0,0,1,5,1,3,38.0
2,1.0986122886681098,1,2,2,2,2,5,1.791759469228055,0,2,0,5,5,6,6,17,2.8903717578961645,0,2,2,3,7,13,2.6390573296152584,0,1,3,6,3,1,0,62.0
3,1.3862943611198906,0,0,3,3,3,7,2.0794415416798357,0,1,2,0,7,3,5,27,3.332204510175204,0,0,2,6,7,41,3.7376696182833684,0,2,1,6,1,1,1,758.0
4,1.6094379124341003,1,1,4,4,4,4,1.6094379124341003,1,1,4,4,4,6,6,18,2.9444389791664403,1,0,3,4,8,17,2.8903717578961645,0,2,2,3,7,1,1,198.0
3,1.3862943611198906,0,0,3,3,3,2,1.0986122886681098,1,2,2,2,2,4,4,6,1.9459101490553132,1,0,1,6,6,9,2.302585092994046,0,0,4,2,9,1,3,14.0
7,2.0794415416798357,0,1,2,0,7,4,1.6094379124341003,1,1,4,4,4,4,0,37,3.6375861597263857,0,1,2,2,7,28,3.367295829986474,1,1,3,0,8,1,2,1766.0
1,0.6931471805599453,0,1,1,1,1,4,1.6094379124341003,1,1,4,4,4,8,4,4,1.6094379124341003,1,1,4,4,4,4,1.6094379124341003,1,1,4,4,4,1,6,2.0
5,1.791759469228055,0,2,0,5,5,1,0.6931471805599453,0,1,1,1,1,6,7,8,2.1972245773362196,1,2,3,1,8,6,1.9459101490553132,1,0,1,6,6,1,3,2.0
1,0.6931471805599453,0,1,1,1,1,7,2.0794415416798357,0,1,2,0,7,0,5,10,2.3978952727983707,1,1,0,3,0,8,2.1972245773362196,1,2,3,1,8,1,3,2.0
7,2.0794415416798357,0,1,2,0,7,3,1.3862943611198906,0,0,3,3,3,4,2,40,3.713572066704308,1,1,0,5,0,22,3.1354942159291497,1,1,2,1,2,1,0,758.0
7,2.0794415416798357,0,1,2,0,7,4,1.6094379124341003,1,1,4,4,4,5,8,36,3.6109179126442243,1,0,1,1,6,28,3.367295829986474,1,1,3,0,8,1,3,1766.0
4,1.6094379124341003,1,1,4,4,4,3,1.3862943611198906,0,0,3,3,3,1,3,13,2.6390573296152584,0,1,3,6,3,18,2.9444389791664403,1,0,3,4,8,1,1,86.0
3,1.3862943611198906,0,0,3,3,3,2,1.0986122886681098,1,2,2,2,2,7,7,6,1.9459101490553132,1,0,1,6,6,7,2.0794415416798357,0,1,2,0,7,1,2,14.0
2,1.0986122886681098,1,2,2,2,2,4,1.6094379124341003,1,1,4,4,4,8,3,10,2.3978952727983707,1,1,0,3,0,13,2.6390573296152584,0,1,3,6,3,1,2,30.0
1,0.6931471805599453,0,1,1,1,1,7,2.0794415416798357,0,1,2,0,7,6,2,8,2.1972245773362196,1,2,3,1,8,14,2.70805020110221,1,2,4,0,4,1,4,2.0
7,2.0794415416798357,0,1,2,0,7,7,2.0794415416798357,0,1,2,0,7,4,4,59,4.0943445622221,0,2,4,3,9,59,4.0943445622221,0,2,4,3,9,1,2,15878.0
1,0.6931471805599453,0,1,1,1,1,4,1.6094379124341003,1,1,4,4,4,5,0,7,2.0794415416798357,0,1,2,0,7,8,2.1972245773362196,1,2,3,1,8,1,4,2.0
3,1.3862943611198906,0,0,3,3,3,4,1.6094379124341003,1,1,4,4,4,7,2,18,2.9444389791664403,1,0,3,4,8,14,2.70805020110221,1,2,4,0,4,1,1,86.0
5,1.791759469228055,0,2,0,5,5,4,1.6094379124341003,1,1,4,4,4,3,6,26,3.295836866004329,1,2,1,5,6,31,3.4657359027997265,0,1,1,3,1,1,0,422.0
4,1.6094379124341003,1,1,4,4,4,7,2.0794415416798357,0,1,2,0,7,8,7,32,3.4965075614664802,1,2,2,4,2,38,3.6635616461296463,1,2,3,3,8,1,1,1766.0
6,1.9459101490553132,1,0,1,6,6,2,1.0986122886681098,1,2,2,2,2,2,1,14,2.70805020110221,1,2,4,0,4,21,3.091042453358316,0,0,1,0,1,1,2,126.0
3,1.3862943611198906,0,0,3,3,3,2,1.0986122886681098,1,2,2,2,2,7,8,11,2.4849066497880004,0,2,1,4,1,12,2.5649493574615367,1,0,2,5,2,1,2,14.0
1,0.6931471805599453,0,1,1,1,1,1,0.6931471805599453,0,1,1,1,1,0,4,2,1.0986122886681098,1,2,2,2,2,1,0.6931471805599453,0,1,1,1,1,1,6,2.0
6,1.9459101490553132,1,0,1,6,6,6,1.9459101490553132,1,0,1,6,6,3,7,42,3.7612001156935624,1,0,2,0,2,69,4.248495242049359,0,0,4,6,9,3,3,3846.0
4,1.6094379124341003,1,1,4,4,4,2,1.0986122886681098,1,2,2,2,2,6,5,8,2.1972245773362196,1,2,3,1,8,14,2.70805020110221,1,2,4,0,4,2,4,30.0
1,0.6931471805599453,0,1,1,1,1,6,1.9459101490553132,1,0,1,6,6,6,1,8,2.1972245773362196,1,2,3,1,8,9,2.302585092994046,0,0,4,2,9,1,3,2.0
7,2.0794415416798357,0,1,2,0,7,6,1.9459101490553132,1,0,1,6,6,7,4,75,4.330733340286331,0,0,0,5,5,66,4.204692619390966,1,0,1,3,6,1,1,7814.0
7,2.0794415416798357,0,1,2,0,7,2,1.0986122886681098,1,2,2,2,2,4,7,24,3.2188758248682006,1,0,4,3,4,22,3.1354942159291497,1,1,2,1,2,1,2,254.0
4,1.6094379124341003,1,1,4,4,4,2,1.0986122886681098,1,2,2,2,2,3,6,14,2.70805020110221,1,2,4,0,4,10,2.3978952727983707,1,1,0,3,0,2,3,30.0
7,2.0794415416798357,0,1,2,0,7,3,1.3862943611198906,0,0,3,3,3,1,1,39,3.6888794541139363,0,0,4,4,9,30,3.4339872044851463,1,0,0,2,0,1,2,758.0
1,0.6931471805599453,0,1,1,1,1,3,1.3862943611198906,0,0,3,3,3,7,7,4,1.6094379124341003,1,1,4,4,4,4,1.6094379124341003,1,1,4,4,4,1,4,2.0
6,1.9459101490553132,1,0,1,6,6,5,1.791759469228055,0,2,0,5,5,1,4,59,4.0943445622221,0,2,4,3,9,55,4.02535169073515,0,1,0,6,5,1,1,1862.0
5,1.791759469228055,0,2,0,5,5,3,1.3862943611198906,0,0,3,3,3,0,7,23,3.1780538303479458,0,2,3,2,3,28,3.367295829986474,1,1,3,0,8,1,0,182.0
7,2.0794415416798357,0,1,2,0,7,4,1.6094379124341003,1,1,4,4,4,8,0,41,3.7376696182833684,0,2,1,6,1,42,3.7612001156935624,1,0,2,0,2,1,1,1766.0
7,2.0794415416798357,0,1,2,0,7,6,1.9459101490553132,1,0,1,6,6,6,1,66,4.204692619390966,1,0,1,3,6,71,4.276666119016055,0,2,1,1,1,1,1,7814.0
1,0.6931471805599453,0,1,1,1,1,1,0.6931471805599453,0,1,1,1,1,4,2,1,0.6931471805599453,0,1,1,1,1,2,1.0986122886681098,1,2,2,2,2,1,6,2.0
3,1.3862943611198906,0,0,3,3,3,5,1.791759469228055,0,2,0,5,5,4,5,19,2.995732273553991,0,1,4,5,9,19,2.995732273553991,0,1,4,5,9,1,1,182.0
2,1.0986122886681098,1,2,2,2,2,5,1.791759469228055,0,2,0,5,5,3,8,14,2.70805020110221,1,2,4,0,4,12,2.5649493574615367,1,0,2,5,2,1,2,62.0
5,1.791759469228055,0,2,0,5,5,7,2.0794415416798357,0,1,2,0,7,8,1,64,4.174387269895637,1,1,4,1,4,39,3.6888794541139363,0,0,4,4,9,1,0,3782.0
5,1.791759469228055,0,2,0,5,5,5,1.791759469228055,0,2,0,5,5,8,0,48,3.8918202981106265,1,0,3,6,8,25,3.258096538021482,0,1,0,4,5,1,3,902.0
4,1.6094379124341003,1,1,4,4,4,4,1.6094379124341003,1,1,4,4,4,8,0,28,3.367295829986474,1,1,3,0,8,27,3.332204510175204,0,0,2,6,7,1,3,198.0
6,1.9459101490553132,1,0,1,6,6,4,1.6094379124341003,1,1,4,4,4,0,4,40,3.713572066704308,1,1,0,5,0,31,3.4657359027997265,0,1,1,3,1,1,1,870.0
7,2.0794415416798357,0,1,2,0,7,1,0.6931471805599453,0,1,1,1,1,7,7,7,2.0794415416798357,0,1,2,0,7,14,2.70805020110221,1,2,4,0,4,1,6,2.0
4,1.6094379124341003,1,1,4,4,4,3,1.3862943611198906,0,0,3,3,3,5,6,13,2.6390573296152584,0,1,3,6,3,24,3.2188758248682006,1,0,4,3,4,1,2,86.0
2,1.0986122886681098,1,2,2,2,2,4,1.6094379124341003,1,1,4,4,4,4,7,13,2.6390573296152584,0,1,3,6,3,10,2.3978952727983707,1,1,0,3,0,1,2,30.0
1,0.6931471805599453,0,1,1,1,1,4,1.6094379124341003,1,1,4,4,4,3,1,8,2.1972245773362196,1,2,3,1,8,4,1.6094379124341003,1,1,4,4,4,1,6,2.0
4,1.6094379124341003,1,1,4,4,4,3,1.3862943611198906,0,0,3,3,3,8,0,20,3.044522437723423,1,2,0,6,0,16,2.833213344056216,1,1,1,2,6,1,2,86.0
5,1.791759469228055,0,2,0,5,5,4,1.6094379124341003,1,1,4,4,4,0,7,25,3.258096538021482,0,1,0,4,5,30,3.4339872044851463,1,0,0,2,0,1,2,422.0
3,1.3862943611198906,0,0,3,3,3,6,1.9459101490553132,1,0,1,6,6,0,7,20,3.044522437723423,1,2,0,6,0,35,3.58351893845611,0,2,0,0,5,1,1,374.0
2,1.0986122886681098,1,2,2,2,2,4,1.6094379124341003,1,1,4,4,4,1,5,13,2.6390573296152584,0,1,3,6,3,9,2.302585092994046,0,0,4,2,9,1,1,30.0
6,1.9459101490553132,1,0,1,6,6,1,0.6931471805599453,0,1,1,1,1,8,6,12,2.5649493574615367,1,0,2,5,2,11,2.4849066497880004,0,2,1,4,1,1,4,2.0
3,1.3862943611198906,0,0,3,3,3,2,1.0986122886681098,1,2,2,2,2,6,4,7,2.0794415416798357,0,1,2,0,7,8,2.1972245773362196,1,2,3,1,8,1,1,14.0
4,1.6094379124341003,1,1,4,4,4,3,1.3862943611198906,0,0,3,3,3,3,3,18,2.9444389791664403,1,0,3,4,8,16,2.833213344056216,1,1,1,2,6,1,2,86.0
3,1.3862943611198906,0,0,3,3,3,4,1.6094379124341003,1,1,4,4,4,1,2,13,2.6390573296152584,0,1,3,6,3,21,3.091042453358316,0,0,1,0,1,1,1,86.0
3,1.3862943611198906,0,0,3,3,3,2,1.0986122886681098,1,2,2,2,2,1,0,6,1.9459101490553132,1,0,1,6,6,9,2.302585092994046,0,0,4,2,9,1,3,14.0
5,1.791759469228055,0,2,0,5,5,1,0.6931471805599453,0,1,1,1,1,6,3,6,1.9459101490553132,1,0,1,6,6,6,1.9459101490553132,1,0,1,6,6,1,4,2.0
7,2.0794415416798357,0,1,2,0,7,1,0.6931471805599453,0,1,1,1,1,0,8,11,2.4849066497880004,0,2,1,4,1,11,2.4849066497880004,0,2,1,4,1,1,4,2.0
7,2.0794415416798357,0,1,2,0,7,4,1.6094379124341003,1,1,4,4,4,8,3,46,3.8501476017100584,1,1,1,4,6,29,3.4011973816621555,0,2,4,1,9,1,0,1766.0
1,0.6931471805599453,0,1,1,1,1,6,1.9459101490553132,1,0,1,6,6,7,1,7,2.0794415416798357,0,1,2,0,7,10,2.3978952727983707,1,1,0,3,0,1,3,2.0
6,1.9459101490553132,1,0,1,6,6,5,1.791759469228055,0,2,0,5,5,5,8,42,3.7612001156935624,1,0,2,0,2,33,3.5263605246161616,0,0,3,5,3,1,1,1862.0
6,1.9459101490553132,1,0,1,6,6,2,1.0986122886681098,1,2,2,2,2,8,2,17,2.8903717578961645,0,2,2,3,7,12,2.5649493574615367,1,0,2,5,2,1,3,126.0
1,0.6931471805599453,0,1,1,1,1,7,2.0794415416798357,0,1,2,0,7,5,6,8,2.1972245773362196,1,2,3,1,8,13,2.6390573296152584,0,1,3,6,3,1,3,2.0
3,1.3862943611198906,0,0,3,3,3,6,1.9459101490553132,1,0,1,6,6,8,0,19,2.995732273553991,0,1,4,5,9,26,3.295836866004329,1,2,1,5,6,1,1,374.0
3,1.3862943611198906,0,0,3,3,3,4,1.6094379124341003,1,1,4,4,4,5,3,12,2.5649493574615367,1,0,2,5,2,21,3.091042453358316,0,0,1,0,1,1,3,86.0
4,1.6094379124341003,1,1,4,4,4,7,2.0794415416798357,0,1,2,0,7,1,1,47,3.871201010907891,0,2,2,5,7,31,3.4657359027997265,0,1,1,3,1,1,0,1766.0
3,1.3862943611198906,0,0,3,3,3,4,1.6094379124341003,1,1,4,4,4,6,7,24,3.2188758248682006,1,0,4,3,4,13,2.6390573296152584,0,1,3,6,3,1,2,86.0
2,1.0986122886681098,1,2,2,2,2,3,1.3862943611198906,0,0,3,3,3,3,5,11,2.4849066497880004,0,2,1,4,1,7,2.0794415416798357,0,1,2,0,7,1,0,14.0
1,0.6931471805599453,0,1,1,1,1,5,1.791759469228055,0,2,0,5,5,1,6,5,1.791759469228055,0,2,0,5,5,8,2.1972245773362196,1,2,3,1,8,1,4,2.0
2,1.0986122886681098,1,2,2,2,2,2,1.0986122886681098,1,2,2,2,2,2,4,6,1.9459101490553132,1,0,1,6,6,6,1.9459101490553132,1,0,1,6,6,2,6,6.0
3,1.3862943611198906,0,0,3,3,3,2,1.0986122886681098,1,2,2,2,2,6,7,7,2.0794415416798357,0,1,2,0,7,12,2.5649493574615367,1,0,2,5,2,1,2,14.0
5,1.791759469228055,0,2,0,5,5,3,1.3862943611198906,0,0,3,3,3,1,5,15,2.772588722239781,0,0,0,1,5,28,3.367295829986474,1,1,3,0,8,1,2,182.0
5,1.791759469228055,0,2,0,5,5,1,0.6931471805599453,0,1,1,1,1,6,5,10,2.3978952727983707,1,1,0,3,0,10,2.3978952727983707,1,1,0,3,0,1,6,2.0
2,1.0986122886681098,1,2,2,2,2,2,1.0986122886681098,1,2,2,2,2,7,5,6,1.9459101490553132,1,0,1,6,6,7,2.0794415416798357,0,1,2,0,7,1,3,6.0
1,0.6931471805599453,0,1,1,1,1,7,2.0794415416798357,0,1,2,0,7,4,3,8,2.1972245773362196,1,2,3,1,8,12,2.5649493574615367,1,0,2,5,2,1,3,2.0
3,1.3862943611198906,0,0,3,3,3,2,1.0986122886681098,1,2,2,2,2,5,8,8,2.1972245773362196,1,2,3,1,8,9,2.302585092994046,0,0,4,2,9,1,2,14.0
4,1.6094379124341003,1,1,4,4,4,3,1.3862943611198906,0,0,3,3,3,3,2,22,3.1354942159291497,1,1,2,1,2,16,2.833213344056216,1,1,1,2,6,1,1,86.0
1,0.6931471805599453,0,1,1,1,1,5,1.791759469228055,0,2,0,5,5,1,5,5,1.791759469228055,0,2,0,5,5,9,2.302585092994046,0,0,4,2,9,1,4,2.0
6,1.9459101490553132,1,0,1,6,6,2,1.0986122886681098,1,2,2,2,2,6,1,20,3.044522437723423,1,2,0,6,0,14,2.70805020110221,1,2,4,0,4,2,3,126.0
2,1.0986122886681098,1,2,2,2,2,6,1.9459101490553132,1,0,1,6,6,6,7,24,3.2188758248682006,1,0,4,3,4,22,3.1354942159291497,1,1,2,1,2,2,4,126.0
2,1.0986122886681098,1,2,2,2,2,5,1.791759469228055,0,2,0,5,5,4,3,13,2.6390573296152584,0,1,3,6,3,12,2.5649493574615367,1,0,2,5,2,1,1,62.0
2,1.0986122886681098,1,2,2,2,2,1,0.6931471805599453,0,1,1,1,1,5,7,2,1.0986122886681098,1,2,2,2,2,2,1.0986122886681098,1,2,2,2,2,1,6,2.0
2,1.0986122886681098,1,2,2,2,2,1,0.6931471805599453,0,1,1,1,1,7,8,3,1.3862943611198906,0,0,3,3,3,3,1.3862943611198906,0,0,3,3,3,1,4,2.0
1,0.6931471805599453,0,1,1,1,1,6,1.9459101490553132,1,0,1,6,6,3,6,9,2.302585092994046,0,0,4,2,9,6,1.9459101490553132,1,0,1,6,6,1,4,2.0
1,0.6931471805599453,0,1,1,1,1,2,1.0986122886681098,1,2,2,2,2,1,0,3,1.3862943611198906,0,0,3,3,3,3,1.3862943611198906,0,0,3,3,3,1,4,2.0
6,1.9459101490553132,1,0,1,6,6,2,1.0986122886681098,1,2,2,2,2,4,8,13,2.6390573296152584,0,1,3,6,3,18,2.9444389791664403,1,0,3,4,8,1,3,126.0
7,2.0794415416798357,0,1,2,0,7,4,1.6094379124341003,1,1,4,4,4,2,5,54,4.007333185232471,1,0,4,5,4,47,3.871201010907891,0,2,2,5,7,1,0,1766.0
5,1.791759469228055,0,2,0,5,5,7,2.0794415416798357,0,1,2,0,7,8,1,65,4.189654742026425,0,2,0,2,5,68,4.23410650459726,1,2,3,5,8,1,1,3782.0
4,1.6094379124341003,1,1,4,4,4,6,1.9459101490553132,1,0,1,6,6,8,2,43,3.784189633918261,0,1,3,1,3,28,3.367295829986474,1,1,3,0,8,1,1,870.0
5,1.791759469228055,0,2,0,5,5,2,1.0986122886681098,1,2,2,2,2,0,3,10,2.3978952727983707,1,1,0,3,0,15,2.772588722239781,0,0,0,1,5,1,3,62.0
4,1.6094379124341003,1,1,4,4,4,3,1.3862943611198906,0,0,3,3,3,7,2,16,2.833213344056216,1,1,1,2,6,16,2.833213344056216,1,1,1,2,6,1,3,86.0
5,1.791759469228055,0,2,0,5,5,6,1.9459101490553132,1,0,1,6,6,4,8,58,4.07753744390572,1,1,3,2,8,37,3.6375861597263857,0,1,2,2,7,1,0,1862.0
5,1.791759469228055,0,2,0,5,5,7,2.0794415416798357,0,1,2,0,7,0,8,50,3.9318256327243257,1,2,0,1,0,54,4.007333185232471,1,0,4,5,4,1,1,3782.0
3,1.3862943611198906,0,0,3,3,3,3,1.3862943611198906,0,0,3,3,3,2,0,18,2.9444389791664403,1,0,3,4,8,15,2.772588722239781,0,0,0,1,5,3,5,38.0
2,1.0986122886681098,1,2,2,2,2,6,1.9459101490553132,1,0,1,6,6,6,3,15,2.772588722239781,0,0,0,1,5,12,2.5649493574615367,1,0,2,5,2,1,3,126.0
7,2.0794415416798357,0,1,2,0,7,7,2.0794415416798357,0,1,2,0,7,0,1,61,4.127134385045092,0,1,1,5,1,77,4.356708826689592,0,2,2,0,7,1,3,15878.0
6,1.9459101490553132,1,0,1,6,6,7,2.0794415416798357,0,1,2,0,7,0,4,57,4.060443010546419,0,0,2,1,7,42,3.7612001156935624,1,0,2,0,2,1,2,7814.0
5,1.791759469228055,0,2,0,5,5,3,1.3862943611198906,0,0,3,3,3,4,5,21,3.091042453358316,0,0,1,0,1,30,3.4339872044851463,1,0,0,2,0,1,3,182.0
2,1.0986122886681098,1,2,2,2,2,2,1.0986122886681098,1,2,2,2,2,1,6,7,2.0794415416798357,0,1,2,0,7,5,1.791759469228055,0,2,0,5,5,1,1,6.0
7,2.0794415416798357,0,1,2,0,7,4,1.6094379124341003,1,1,4,4,4,4,0,33,3.5263605246161616,0,0,3,5,3,30,3.4339872044851463,1,0,0,2,0,1,0,1766.0
4,1.6094379124341003,1,1,4,4,4,1,0.6931471805599453,0,1,1,1,1,4,2,4,1.6094379124341003,1,1,4,4,4,4,1.6094379124341003,1,1,4,4,4,1,6,2.0
5,1.791759469228055,0,2,0,5,5,1,0.6931471805599453,0,1,1,1,1,6,7,6,1.9459101490553132,1,0,1,6,6,6,1.9459101490553132,1,0,1,6,6,1,4,2.0
2,1.0986122886681098,1,2,2,2,2,5,1.791759469228055,0,2,0,5,5,3,0,14,2.70805020110221,1,2,4,0,4,17,2.8903717578961645,0,2,2,3,7,1,1,62.0
1,0.6931471805599453,0,1,1,1,1,4,1.6094379124341003,1,1,4,4,4,8,2,6,1.9459101490553132,1,0,1,6,6,8,2.1972245773362196,1,2,3,1,8,1,4,2.0
2,1.0986122886681098,1,2,2,2,2,3,1.3862943611198906,0,0,3,3,3,8,6,12,2.5649493574615367,1,0,2,5,2,10,2.3978952727983707,1,1,0,3,0,1,3,14.0
7,2.0794415416798357,0,1,2,0,7,3,1.3862943611198906,0,0,3,3,3,2,8,22,3.1354942159291497,1,1,2,1,2,28,3.367295829986474,1,1,3,0,8,1,1,758.0
2,1.0986122886681098,1,2,2,2,2,7,2.0794415416798357,0,1,2,0,7,5,6,17,2.8903717578961645,0,2,2,3,7,27,3.332204510175204,0,0,2,6,7,1,0,254.0
3,1.3862943611198906,0,0,3,3,3,5,1.791759469228055,0,2,0,5,5,7,7,18,2.9444389791664403,1,0,3,4,8,26,3.295836866004329,1,2,1,5,6,1,1,182.0
4,1.6094379124341003,1,1,4,4,4,4,1.6094379124341003,1,1,4,4,4,4,3,30,3.4339872044851463,1,0,0,2,0,20,3.044522437723423,1,2,0,6,0,2,3,198.0
5,1.791759469228055,0,2,0,5,5,1,0.6931471805599453,0,1,1,1,1,2,1,7,2.0794415416798357,0,1,2,0,7,7,2.0794415416798357,0,1,2,0,7,1,4,2.0
3,1.3862943611198906,0,0,3,3,3,1,0.6931471805599453,0,1,1,1,1,0,7,6,1.9459101490553132,1,0,1,6,6,3,1.3862943611198906,0,0,3,3,3,1,6,2.0
6,1.9459101490553132,1,0,1,6,6,1,0.6931471805599453,0,1,1,1,1,5,2,7,2.0794415416798357,0,1,2,0,7,10,2.3978952727983707,1,1,0,3,0,1,3,2.0
6,1.9459101490553132,1,0,1,6,6,4,1.6094379124341003,1,1,4,4,4,0,6,40,3.713572066704308,1,1,0,5,0,43,3.784189633918261,0,1,3,1,3,1,1,870.0
3,1.3862943611198906,0,0,3,3,3,4,1.6094379124341003,1,1,4,4,4,2,3,16,2.833213344056216,1,1,1,2,6,20,3.044522437723423,1,2,0,6,0,1,2,86.0
4,1.6094379124341003,1,1,4,4,4,1,0.6931471805599453,0,1,1,1,1,2,5,8,2.1972245773362196,1,2,3,1,8,4,1.6094379124341003,1,1,4,4,4,1,6,2.0
4,1.6094379124341003,1,1,4,4,4,1,0.6931471805599453,0,1,1,1,1,7,0,5,1.791759469228055,0,2,0,5,5,6,1.9459101490553132,1,0,1,6,6,1,3,2.0
7,2.0794415416798357,0,1,2,0,7,7,2.0794415416798357,0,1,2,0,7,8,4,83,4.430816798843313,0,2,3,6,3,69,4.248495242049359,0,0,4,6,9,1,1,15878.0
3,1.3862943611198906,0,0,3,3,3,3,1.3862943611198906,0,0,3,3,3,3,0,14,2.70805020110221,1,2,4,0,4,9,2.302585092994046,0,0,4,2,9,1,3,38.0
2,1.0986122886681098,1,2,2,2,2,4,1.6094379124341003,1,1,4,4,4,6,7,10,2.3978952727983707,1,1,0,3,0,12,2.5649493574615367,1,0,2,5,2,2,4,30.0
1,0.6931471805599453,0,1,1,1,1,7,2.0794415416798357,0,1,2,0,7,3,0,9,2.302585092994046,0,0,4,2,9,7,2.0794415416798357,0,1,2,0,7,1,4,2.0
5,1.791759469228055,0,2,0,5,5,3,1.3862943611198906,0,0,3,3,3,0,0,15,2.772588722239781,0,0,0,1,5,20,3.044522437723423,1,2,0,6,0,1,3,182.0
5,1.791759469228055,0,2,0,5,5,1,0.6931471805599453,0,1,1,1,1,5,3,8,2.1972245773362196,1,2,3,1,8,7,2.0794415416798357,0,1,2,0,7,1,3,2.0
5,1.791759469228055,0,2,0,5,5,1,0.6931471805599453,0,1,1,1,1,1,7,7,2.0794415416798357,0,1,2,0,7,7,2.0794415416798357,0,1,2,0,7,1,4,2.0
1,0.6931471805599453,0,1,1,1,1,7,2.0794415416798357,0,1,2,0,7,8,2,13,2.6390573296152584,0,1,3,6,3,14,2.70805020110221,1,2,4,0,4,1,4,2.0
4,1.6094379124341003,1,1,4,4,4,4,1.6094379124341003,1,1,4,4,4,8,4,21,3.091042453358316,0,0,1,0,1,32,3.4965075614664802,1,2,2,4,2,1,3,198.0
4,1.6094379124341003,1,1,4,4,4,1,0.6931471805599453,0,1,1,1,1,8,0,4,1.6094379124341003,1,1,4,4,4,8,2.1972245773362196,1,2,3,1,8,1,6,2.0
2,1.0986122886681098,1,2,2,2,2,6,1.9459101490553132,1,0,1,6,6,7,5,20,3.044522437723423,1,2,0,6,0,14,2.70805020110221,1,2,4,0,4,2,3,126.0
5,1.791759469228055,0,2,0,5,5,1,0.6931471805599453,0,1,1,1,1,6,2,10,2.3978952727983707,1,1,0,3,0,5,1.791759469228055,0,2,0,5,5,1,6,2.0
1,0.6931471805599453,0,1,1,1,1,6,1.9459101490553132,1,0,1,6,6,5,0,10,2.3978952727983707,1,1,0,3,0,11,2.4849066497880004,0,2,1,4,1,1,3,2.0
6,1.9459101490553132,1,0,1,6,6,6,1.9459101490553132,1,0,1,6,6,7,1,62,4.143134726391533,1,2,2,6,2,53,3.9889840465642745,0,2,3,4,3,1,1,3846.0
1,0.6931471805599453,0,1,1,1,1,4,1.6094379124341003,1,1,4,4,4,6,8,8,2.1972245773362196,1,2,3,1,8,5,1.791759469228055,0,2,0,5,5,1,4,2.0
3,1.3862943611198906,0,0,3,3,3,3,1.3862943611198906,0,0,3,3,3,5,3,9,2.302585092994046,0,0,4,2,9,12,2.5649493574615367,1,0,2,5,2,3,5,38.0
5,1.791759469228055,0,2,0,5,5,3,1.3862943611198906,0,0,3,3,3,3,2,26,3.295836866004329,1,2,1,5,6,28,3.367295829986474,1,1,3,0,8,1,0,182.0
3,1.3862943611198906,0,0,3,3,3,4,1.6094379124341003,1,1,4,4,4,7,8,15,2.772588722239781,0,0,0,1,5,24,3.2188758248682006,1,0,4,3,4,1,3,86.0
2,1.0986122886681098,1,2,2,2,2,4,1.6094379124341003,1,1,4,4,4,4,0,11,2.4849066497880004,0,2,1,4,1,15,2.772588722239781,0,0,0,1,5,1,1,30.0
4,1.6094379124341003,1,1,4,4,4,2,1.0986122886681098,1,2,2,2,2,0,7,10,2.3978952727983707,1,1,0,3,0,13,2.6390573296152584,0,1,3,6,3,1,2,30.0
5,1.791759469228055,0,2,0,5,5,4,1.6094379124341003,1,1,4,4,4,4,2,36,3.6109179126442243,1,0,1,1,6,38,3.6635616461296463,1,2,3,3,8,1,1,422.0
1,0.6931471805599453,0,1,1,1,1,1,0.6931471805599453,0,1,1,1,1,2,8,1,0.6931471805599453,0,1,1,1,1,2,1.0986122886681098,1,2,2,2,2,1,6,2.0
6,1.9459101490553132,1,0,1,6,6,1,0.6931471805599453,0,1,1,1,1,4,8,7,2.0794415416798357,0,1,2,0,7,9,2.302585092994046,0,0,4,2,9,1,3,2.0
7,2.0794415416798357,0,1,2,0,7,2,1.0986122886681098,1,2,2,2,2,6,8,16,2.833213344056216,1,1,1,2,6,20,3.044522437723423,1,2,0,6,0,1,2,254.0
2,1.0986122886681098,1,2,2,2,2,1,0.6931471805599453,0,1,1,1,1,5,8,2,1.0986122886681098,1,2,2,2,2,3,1.3862943611198906,0,0,3,3,3,1,4,2.0
3,1.3862943611198906,0,0,3,3,3,6,1.9459101490553132,1,0,1,6,6,6,5,22,3.1354942159291497,1,1,2,1,2,33,3.5263605246161616,0,0,3,5,3,1,2,374.0
2,1.0986122886681098,1,2,2,2,2,4,1.6094379124341003,1,1,4,4,4,2,1,11,2.4849066497880004,0,2,1,4,1,13,2.6390573296152584,0,1,3,6,3,1,1,30.0
5,1.791759469228055,0,2,0,5,5,1,0.6931471805599453,0,1,1,1,1,6,2,7,2.0794415416798357,0,1,2,0,7,10,2.3978952727983707,1,1,0,3,0,1,4,2.0
5,1.791759469228055,0,2,0,5,5,3,1.3862943611198906,0,0,3,3,3,0,7,19,2.995732273553991,0,1,4,5,9,16,2.833213344056216,1,1,1,2,6,1,0,182.0
3,1.3862943611198906,0,0,3,3,3,3,1.3862943611198906,0,0,3,3,3,7,0,16,2.833213344056216,1,1,1,2,6,18,2.9444389791664403,1,0,3,4,8,1,3,38.0
3,1.3862943611198906,0,0,3,3,3,3,1.3862943611198906,0,0,3,3,3,7,5,11,2.4849066497880004,0,2,1,4,1,11,2.4849066497880004,0,2,1,4,1,1,2,38.0
3,1.3862943611198906,0,0,3,3,3,5,1.791759469228055,0,2,0,5,5,6,8,27,3.332204510175204,0,0,2,6,7,29,3.4011973816621555,0,2,4,1,9,1,1,182.0
1,0.6931471805599453,0,1,1,1,1,5,1.791759469228055,0,2,0,5,5,4,2,6,1.9459101490553132,1,0,1,6,6,6,1.9459101490553132,1,0,1,6,6,1,4,2.0
7,2.0794415416798357,0,1,2,0,7,4,1.6094379124341003,1,1,4,4,4,0,6,55,4.02535169073515,0,1,0,6,5,50,3.9318256327243257,1,2,0,1,0,1,0,1766.0
5,1.791759469228055,0,2,0,5,5,1,0.6931471805599453,0,1,1,1,1,2,1,8,2.1972245773362196,1,2,3,1,8,9,2.302585092994046,0,0,4,2,9,1,3,2.0
3,1.3862943611198906,0,0,3,3,3,2,1.0986122886681098,1,2,2,2,2,4,1,11,2.4849066497880004,0,2,1,4,1,6,1.9459101490553132,1,0,1,6,6,1,2,14.0
2,1.0986122886681098,1,2,2,2,2,1,0.6931471805599453,0,1,1,1,1,7,4,2,1.0986122886681098,1,2,2,2,2,2,1.0986122886681098,1,2,2,2,2,1,6,2.0
7,2.0794415416798357,0,1,2,0,7,5,1.791759469228055,0,2,0,5,5,5,5,65,4.189654742026425,0,2,0,2,5,54,4.007333185232471,1,0,4,5,4,1,1,3782.0
6,1.9459101490553132,1,0,1,6,6,6,1.9459101490553132,1,0,1,6,6,0,3,36,3.6109179126442243,1,0,1,1,6,55,4.02535169073515,0,1,0,6,5,1,3,3846.0
3,1.3862943611198906,0,0,3,3,3,3,1.3862943611198906,0,0,3,3,3,1,1,12,2.5649493574615367,1,0,2,5,2,14,2.70805020110221,1,2,4,0,4,1,3,38.0
5,1.791759469228055,0,2,0,5,5,6,1.9459101490553132,1,0,1,6,6,8,1,46,3.8501476017100584,1,1,1,4,6,48,3.8918202981106265,1,0,3,6,8,1,1,1862.0
6,1.9459101490553132,1,0,1,6,6,6,1.9459101490553132,1,0,1,6,6,4,2,64,4.174387269895637,1,1,4,1,4,64,4.174387269895637,1,1,4,1,4,2,2,3846.0
6,1.9459101490553132,1,0,1,6,6,1,0.6931471805599453,0,1,1,1,1,6,1,6,1.9459101490553132,1,0,1,6,6,8,2.1972245773362196,1,2,3,1,8,1,4,2.0
6,1.9459101490553132,1,0,1,6,6,7,2.0794415416798357,0,1,2,0,7,8,4,51,3.9512437185814275,0,0,1,2,1,67,4.219507705176107,0,1,2,4,7,1,0,7814.0
3,1.3862943611198906,0,0,3,3,3,7,2.0794415416798357,0,1,2,0,7,4,3,37,3.6375861597263857,0,1,2,2,7,32,3.4965075614664802,1,2,2,4,2,1,0,758.0
6,1.9459101490553132,1,0,1,6,6,4,1.6094379124341003,1,1,4,4,4,3,6,30,3.4339872044851463,1,0,0,2,0,45,3.828641396489095,0,0,0,3,5,1,1,870.0
5,1.791759469228055,0,2,0,5,5,5,1.791759469228055,0,2,0,5,5,2,8,30,3.4339872044851463,1,0,0,2,0,48,3.8918202981106265,1,0,3,6,8,1,3,902.0
2,1.0986122886681098,1,2,2,2,2,7,2.0794415416798357,0,1,2,0,7,1,1,19,2.995732273553991,0,1,4,5,9,18,2.9444389791664403,1,0,3,4,8,1,1,254.0
2,1.0986122886681098,1,2,2,2,2,1,0.6931471805599453,0,1,1,1,1,6,7,4,1.6094379124341003,1,1,4,4,4,2,1.0986122886681098,1,2,2,2,2,1,6,2.0
4,1.6094379124341003,1,1,4,4,4,6,1.9459101490553132,1,0,1,6,6,5,3,29,3.4011973816621555,0,2,4,1,9,32,3.4965075614664802,1,2,2,4,2,1,1,870.0
4,1.6094379124341003,1,1,4,4,4,5,1.791759469228055,0,2,0,5,5,3,3,35,3.58351893845611,0,2,0,0,5,39,3.6888794541139363,0,0,4,4,9,1,1,422.0
6,1.9459101490553132,1,0,1,6,6,3,1.3862943611198906,0,0,3,3,3,2,5,25,3.258096538021482,0,1,0,4,5,31,3.4657359027997265,0,1,1,3,1,1,1,374.0
3,1.3862943611198906,0,0,3,3,3,6,1.9459101490553132,1,0,1,6,6,5,5,27,3.332204510175204,0,0,2,6,7,33,3.5263605246161616,0,0,3,5,3,3,3,374.0
7,2.0794415416798357,0,1,2,0,7,4,1.6094379124341003,1,1,4,4,4,8,8,28,3.367295829986474,1,1,3,0,8,43,3.784189633918261,0,1,3,1,3,1,2,1766.0
2,1.0986122886681098,1,2,2,2,2,2,1.0986122886681098,1,2,2,2,2,3,7,4,1.6094379124341003,1,1,4,4,4,4,1.6094379124341003,1,1,4,4,4,2,6,6.0
5,1.791759469228055,0,2,0,5,5,4,1.6094379124341003,1,1,4,4,4,0,3,36,3.6109179126442243,1,0,1,1,6,35,3.58351893845611,0,2,0,0,5,1,2,422.0
1,0.6931471805599453,0,1,1,1,1,3,1.3862943611198906,0,0,3,3,3,1,7,4,1.6094379124341003,1,1,4,4,4,6,1.9459101490553132,1,0,1,6,6,1,4,2.0
3,1.3862943611198906,0,0,3,3,3,3,1.3862943611198906,0,0,3,3,3,6,2,16,2.833213344056216,1,1,1,2,6,17,2.8903717578961645,0,2,2,3,7,1,1,38.0
5,1.791759469228055,0,2,0,5,5,3,1.3862943611198906,0,0,3,3,3,1,4,22,3.1354942159291497,1,1,2,1,2,15,2.772588722239781,0,0,0,1,5,1,2,182.0
2,1.0986122886681098,1,2,2,2,2,1,0.6931471805599453,0,1,1,1,1,3,1,3,1.3862943611198906,0,0,3,3,3,4,1.6094379124341003,1,1,4,4,4,1,4,2.0
6,1.9459101490553132,1,0,1,6,6,4,1.6094379124341003,1,1,4,4,4,4,2,45,3.828641396489095,0,0,0,3,5,40,3.713572066704308,1,1,0,5,0,1,1,870.0
6,1.9459101490553132,1,0,1,6,6,6,1.9459101490553132,1,0,1,6,6,2,0,67,4.219507705176107,0,1,2,4,7,64,4.174387269895637,1,1,4,1,4,1,1,3846.0
1,0.6931471805599453,0,1,1,1,1,6,1.9459101490553132,1,0,1,6,6,5,4,10,2.3978952727983707,1,1,0,3,0,6,1.9459101490553132,1,0,1,6,6,1,4,2.0
2,1.0986122886681098,1,2,2,2,2,2,1.0986122886681098,1,2,2,2,2,2,6,5,1.791759469228055,0,2,0,5,5,6,1.9459101490553132,1,0,1,6,6,1,3,6.0
7,2.0794415416798357,0,1,2,0,7,2,1.0986122886681098,1,2,2,2,2,3,0,25,3.258096538021482,0,1,0,4,5,24,3.2188758248682006,1,0,4,3,4,1,1,254.0
4,1.6094379124341003,1,1,4,4,4,1,0.6931471805599453,0,1,1,1,1,7,0,6,1.9459101490553132,1,0,1,6,6,5,1.791759469228055,0,2,0,5,5,1,3,2.0
3,1.3862943611198906,0,0,3,3,3,5,1.791759469228055,0,2,0,5,5,6,2,18,2.9444389791664403,1,0,3,4,8,21,3.091042453358316,0,0,1,0,1,1,2,182.0
2,1.0986122886681098,1,2,2,2,2,4,1.6094379124341003,1,1,4,4,4,1,6,12,2.5649493574615367,1,0,2,5,2,16,2.833213344056216,1,1,1,2,6,2,5,30.0
5,1.791759469228055,0,2,0,5,5,2,1.0986122886681098,1,2,2,2,2,8,1,19,2.995732273553991,0,1,4,5,9,17,2.8903717578961645,0,2,2,3,7,1,0,62.0
5,1.791759469228055,0,2,0,5,5,3,1.3862943611198906,0,0,3,3,3,1,2,15,2.772588722239781,0,0,0,1,5,30,3.4339872044851463,1,0,0,2,0,1,5,182.0
5,1.791759469228055,0,2,0,5,5,4,1.6094379124341003,1,1,4,4,4,6,6,35,3.58351893845611,0,2,0,0,5,33,3.5263605246161616,0,0,3,5,3,1,1,422.0
6,1.9459101490553132,1,0,1,6,6,3,1.3862943611198906,0,0,3,3,3,3,5,19,2.995732273553991,0,1,4,5,9,33,3.5263605246161616,0,0,3,5,3,1,2,374.0
4,1.6094379124341003,1,1,4,4,4,4,1.6094379124341003,1,1,4,4,4,2,6,21,3.091042453358316,0,0,1,0,1,21,3.091042453358316,0,0,1,0,1,1,2,198.0
4,1.6094379124341003,1,1,4,4,4,4,1.6094379124341003,1,1,4,4,4,2,2,27,3.332204510175204,0,0,2,6,7,32,3.4965075614664802,1,2,2,4,2,1,3,198.0
5,1.791759469228055,0,2,0,5,5,5,1.791759469228055,0,2,0,5,5,7,6,50,3.9318256327243257,1,2,0,1,0,42,3.7612001156935624,1,0,2,0,2,1,3,902.0
7,2.0794415416798357,0,1,2,0,7,5,1.791759469228055,0,2,0,5,5,6,6,48,3.8918202981106265,1,0,3,6,8,42,3.7612001156935624,1,0,2,0,2,1,1,3782.0
3,1.3862943611198906,0,0,3,3,3,4,1.6094379124341003,1,1,4,4,4,5,3,22,3.1354942159291497,1,1,2,1,2,14,2.70805020110221,1,2,4,0,4,1,0,86.0
4,1.6094379124341003,1,1,4,4,4,2,1.0986122886681098,1,2,2,2,2,4,0,12,2.5649493574615367,1,0,2,5,2,11,2.4849066497880004,0,2,1,4,1,1,3,30.0
7,2.0794415416798357,0,1,2,0,7,5,1.791759469228055,0,2,0,5,5,2,5,54,4.007333185232471,1,0,4,5,4,42,3.7612001156935624,1,0,2,0,2,1,1,3782.0
6,1.9459101490553132,1,0,1,6,6,5,1.791759469228055,0,2,0,5,5,7,5,38,3.6635616461296463,1,2,3,3,8,57,4.060443010546419,0,0,2,1,7,1,0,1862.0
2,1.0986122886681098,1,2,2,2,2,2,1.0986122886681098,1,2,2,2,2,0,1,8,2.1972245773362196,1,2,3,1,8,7,2.0794415416798357,0,1,2,0,7,1,3,6.0
6,1.9459101490553132,1,0,1,6,6,7,2.0794415416798357,0,1,2,0,7,1,1,63,4.1588830833596715,0,0,3,0,3,42,3.7612001156935624,1,0,2,0,2,1,3,7814.0
7,2.0794415416798357,0,1,2,0,7,7,2.0794415416798357,0,1,2,0,7,7,8,91,4.5217885770490405,0,1,1,0,1,52,3.970291913552122,1,1,2,3,2,1,3,15878.0
7,2.0794415416798357,0,1,2,0,7,4,1.6094379124341003,1,1,4,4,4,8,3,56,4.04305126783455,1,2,1,0,6,48,3.8918202981106265,1,0,3,6,8,1,3,1766.0
7,2.0794415416798357,0,1,2,0,7,6,1.9459101490553132,1,0,1,6,6,7,8,65,4.189654742026425,0,2,0,2,5,60,4.110873864173311,1,0,0,4,0,1,1,7814.0
7,2.0794415416798357,0,1,2,0,7,6,1.9459101490553132,1,0,1,6,6,4,2,47,3.871201010907891,0,2,2,5,7,59,4.0943445622221,0,2,4,3,9,1,0,7814.0
6,1.9459101490553132,1,0,1,6,6,5,1.791759469228055,0,2,0,5,5,1,3,37,3.6375861597263857,0,1,2,2,7,37,3.6375861597263857,0,1,2,2,7,1,1,1862.0
5,1.791759469228055,0,2,0,5,5,3,1.3862943611198906,0,0,3,3,3,2,2,24,3.2188758248682006,1,0,4,3,4,26,3.295836866004329,1,2,1,5,6,1,1,182.0
2,1.0986122886681098,1,2,2,2,2,7,2.0794415416798357,0,1,2,0,7,0,7,26,3.295836866004329,1,2,1,5,6,18,2.9444389791664403,1,0,3,4,8,1,2,254.0
5,1.791759469228055,0,2,0,5,5,3,1.3862943611198906,0,0,3,3,3,5,7,24,3.2188758248682006,1,0,4,3,4,25,3.258096538021482,0,1,0,4,5,1,2,182.0
6,1.9459101490553132,1,0,1,6,6,1,0.6931471805599453,0,1,1,1,1,5,8,8,2.1972245773362196,1,2,3,1,8,11,2.4849066497880004,0,2,1,4,1,1,3,2.0
2,1.0986122886681098,1,2,2,2,2,4,1.6094379124341003,1,1,4,4,4,2,2,10,2.3978952727983707,1,1,0,3,0,12,2.5649493574615367,1,0,2,5,2,2,4,30.0
4,1.6094379124341003,1,1,4,4,4,2,1.0986122886681098,1,2,2,2,2,3,2,13,2.6390573296152584,0,1,3,6,3,10,2.3978952727983707,1,1,0,3,0,1,2,30.0
5,1.791759469228055,0,2,0,5,5,2,1.0986122886681098,1,2,2,2,2,0,4,16,2.833213344056216,1,1,1,2,6,17,2.8903717578961645,0,2,2,3,7,1,1,62.0
2,1.0986122886681098,1,2,2,2,2,7,2.0794415416798357,0,1,2,0,7,5,6,22,3.1354942159291497,1,1,2,1,2,15,2.772588722239781,0,0,0,1,5,1,1,254.0
5,1.791759469228055,0,2,0,5,5,6,1.9459101490553132,1,0,1,6,6,5,8,54,4.007333185232471,1,0,4,5,4,44,3.8066624897703196,1,2,4,2,4,1,1,1862.0
4,1.6094379124341003,1,1,4,4,4,6,1.9459101490553132,1,0,1,6,6,8,3,26,3.295836866004329,1,2,1,5,6,33,3.5263605246161616,0,0,3,5,3,1,0,870.0
4,1.6094379124341003,1,1,4,4,4,4,1.6094379124341003,1,1,4,4,4,5,5,28,3.367295829986474,1,1,3,0,8,28,3.367295829986474,1,1,3,0,8,4,6,198.0
3,1.3862943611198906,0,0,3,3,3,1,0.6931471805599453,0,1,1,1,1,7,2,4,1.6094379124341003,1,1,4,4,4,3,1.3862943611198906,0,0,3,3,3,1,4,2.0
5,1.791759469228055,0,2,0,5,5,7,2.0794415416798357,0,1,2,0,7,2,2,55,4.02535169073515,0,1,0,6,5,63,4.1588830833596715,0,0,3,0,3,1,2,3782.0
3,1.3862943611198906,0,0,3,3,3,3,1.3862943611198906,0,0,3,3,3,2,4,10,2.3978952727983707,1,1,0,3,0,18,2.9444389791664403,1,0,3,4,8,1,3,38.0
5,1.791759469228055,0,2,0,5,5,1,0.6931471805599453,0,1,1,1,1,2,0,7,2.0794415416798357,0,1,2,0,7,5,1.791759469228055,0,2,0,5,5,1,4,2.0
4,1.6094379124341003,1,1,4,4,4,7,2.0794415416798357,0,1,2,0,7,2,5,48,3.8918202981106265,1,0,3,6,8,48,3.8918202981106265,1,0,3,6,8,1,3,1766.0
1,0.6931471805599453,0,1,1,1,1,2,1.0986122886681098,1,2,2,2,2,1,7,4,1.6094379124341003,1,1,4,4,4,4,1.6094379124341003,1,1,4,4,4,1,6,2.0
7,2.0794415416798357,0,1,2,0,7,1,0.6931471805599453,0,1,1,1,1,2,4,12,2.5649493574615367,1,0,2,5,2,8,2.1972245773362196,1,2,3,1,8,1,3,2.0
6,1.9459101490553132,1,0,1,6,6,4,1.6094379124341003,1,1,4,4,4,7,6,26,3.295836866004329,1,2,1,5,6,40,3.713572066704308,1,1,0,5,0,2,1,870.0
3,1.3862943611198906,0,0,3,3,3,4,1.6094379124341003,1,1,4,4,4,0,1,18,2.9444389791664403,1,0,3,4,8,20,3.044522437723423,1,2,0,6,0,1,2,86.0
2,1.0986122886681098,1,2,2,2,2,1,0.6931471805599453,0,1,1,1,1,1,0,2,1.0986122886681098,1,2,2,2,2,4,1.6094379124341003,1,1,4,4,4,1,6,2.0
3,1.3862943611198906,0,0,3,3,3,2,1.0986122886681098,1,2,2,2,2,4,5,7,2.0794415416798357,0,1,2,0,7,10,2.3978952727983707,1,1,0,3,0,1,1,14.0
5,1.791759469228055,0,2,0,5,5,6,1.9459101490553132,1,0,1,6,6,5,6,53,3.9889840465642745,0,2,3,4,3,50,3.9318256327243257,1,2,0,1,0,1,1,1862.0
3,1.3862943611198906,0,0,3,3,3,1,0.6931471805599453,0,1,1,1,1,1,1,6,1.9459101490553132,1,0,1,6,6,3,1.3862943611198906,0,0,3,3,3,1,6,2.0
6,1.9459101490553132,1,0,1,6,6,3,1.3862943611198906,0,0,3,3,3,6,2,33,3.5263605246161616,0,0,3,5,3,28,3.367295829986474,1,1,3,0,8,1,2,374.0
5,1.791759469228055,0,2,0,5,5,5,1.791759469228055,0,2,0,5,5,2,1,26,3.295836866004329,1,2,1,5,6,41,3.7376696182833684,0,2,1,6,1,1,1,902.0
3,1.3862943611198906,0,0,3,3,3,1,0.6931471805599453,0,1,1,1,1,2,6,6,1.9459101490553132,1,0,1,6,6,3,1.3862943611198906,0,0,3,3,3,1,6,2.0
7,2.0794415416798357,0,1,2,0,7,2,1.0986122886681098,1,2,2,2,2,7,5,20,3.044522437723423,1,2,0,6,0,23,3.1780538303479458,0,2,3,2,3,1,1,254.0
6,1.9459101490553132,1,0,1,6,6,4,1.6094379124341003,1,1,4,4,4,6,4,26,3.295836866004329,1,2,1,5,6,35,3.58351893845611,0,2,0,0,5,1,0,870.0
2,1.0986122886681098,1,2,2,2,2,2,1.0986122886681098,1,2,2,2,2,7,1,4,1.6094379124341003,1,1,4,4,4,4,1.6094379124341003,1,1,4,4,4,2,6,6.0
6,1.9459101490553132,1,0,1,6,6,7,2.0794415416798357,0,1,2,0,7,5,0,68,4.23410650459726,1,2,3,5,8,42,3.7612001156935624,1,0,2,0,2,1,2,7814.0
4,1.6094379124341003,1,1,4,4,4,6,1.9459101490553132,1,0,1,6,6,5,2,37,3.6375861597263857,0,1,2,2,7,43,3.784189633918261,0,1,3,1,3,1,0,870.0
1,0.6931471805599453,0,1,1,1,1,6,1.9459101490553132,1,0,1,6,6,8,1,8,2.1972245773362196,1,2,3,1,8,7,2.0794415416798357,0,1,2,0,7,1,3,2.0
4,1.6094379124341003,1,1,4,4,4,7,2.0794415416798357,0,1,2,0,7,1,2,40,3.713572066704308,1,1,0,5,0,47,3.871201010907891,0,2,2,5,7,1,1,1766.0
7,2.0794415416798357,0,1,2,0,7,3,1.3862943611198906,0,0,3,3,3,1,1,23,3.1780538303479458,0,2,3,2,3,22,3.1354942159291497,1,1,2,1,2,1,0,758.0
6,1.9459101490553132,1,0,1,6,6,1,0.6931471805599453,0,1,1,1,1,8,8,6,1.9459101490553132,1,0,1,6,6,6,1.9459101490553132,1,0,1,6,6,1,6,2.0
2,1.0986122886681098,1,2,2,2,2,4,1.6094379124341003,1,1,4,4,4,4,1,13,2.6390573296152584,0,1,3,6,3,8,2.1972245773362196,1,2,3,1,8,1,3,30.0
6,1.9459101490553132,1,0,1,6,6,5,1.791759469228055,0,2,0,5,5,4,2,55,4.02535169073515,0,1,0,6,5,31,3.4657359027997265,0,1,1,3,1,1,1,1862.0
1,0.6931471805599453,0,1,1,1,1,4,1.6094379124341003,1,1,4,4,4,0,3,5,1.791759469228055,0,2,0,5,5,8,2.1972245773362196,1,2,3,1,8,1,4,2.0
4,1.6094379124341003,1,1,4,4,4,7,2.0794415416798357,0,1,2,0,7,3,8,36,3.6109179126442243,1,0,1,1,6,46,3.8501476017100584,1,1,1,4,6,1,1,1766.0
5,1.791759469228055,0,2,0,5,5,3,1.3862943611198906,0,0,3,3,3,7,5,23,3.1780538303479458,0,2,3,2,3,20,3.044522437723423,1,2,0,6,0,1,1,182.0
5,1.791759469228055,0,2,0,5,5,6,1.9459101490553132,1,0,1,6,6,1,0,33,3.5263605246161616,0,0,3,5,3,54,4.007333185232471,1,0,4,5,4,1,1,1862.0
4,1.6094379124341003,1,1,4,4,4,6,1.9459101490553132,1,0,1,6,6,5,3,25,3.258096538021482,0,1,0,4,5,34,3.5553480614894135,1,1,4,6,4,1,0,870.0
3,1.3862943611198906,0,0,3,3,3,4,1.6094379124341003,1,1,4,4,4,5,4,17,2.8903717578961645,0,2,2,3,7,18,2.9444389791664403,1,0,3,4,8,1,1,86.0
1,0.6931471805599453,0,1,1,1,1,6,1.9459101490553132,1,0,1,6,6,4,4,8,2.1972245773362196,1,2,3,1,8,8,2.1972245773362196,1,2,3,1,8,1,4,2.0
7,2.0794415416798357,0,1,2,0,7,5,1.791759469228055,0,2,0,5,5,2,0,48,3.8918202981106265,1,0,3,6,8,52,3.970291913552122,1,1,2,3,2,1,0,3782.0
7,2.0794415416798357,0,1,2,0,7,7,2.0794415416798357,0,1,2,0,7,1,3,51,3.9512437185814275,0,0,1,2,1,74,4.31748811353631,1,2,4,4,4,1,1,15878.0
6,1.9459101490553132,1,0,1,6,6,2,1.0986122886681098,1,2,2,2,2,1,3,23,3.1780538303479458,0,2,3,2,3,21,3.091042453358316,0,0,1,0,1,1,1,126.0
6,1.9459101490553132,1,0,1,6,6,1,0.6931471805599453,0,1,1,1,1,0,6,6,1.9459101490553132,1,0,1,6,6,10,2.3978952727983707,1,1,0,3,0,1,4,2.0
1,0.6931471805599453,0,1,1,1,1,1,0.6931471805599453,0,1,1,1,1,2,4,2,1.0986122886681098,1,2,2,2,2,1,0.6931471805599453,0,1,1,1,1,1,6,2.0
7,2.0794415416798357,0,1,2,0,7,4,1.6094379124341003,1,1,4,4,4,1,6,49,3.912023005428146,0,1,4,0,9,33,3.5263605246161616,0,0,3,5,3,1,1,1766.0
5,1.791759469228055,0,2,0,5,5,3,1.3862943611198906,0,0,3,3,3,8,4,28,3.367295829986474,1,1,3,0,8,25,3.258096538021482,0,1,0,4,5,1,1,182.0
4,1.6094379124341003,1,1,4,4,4,4,1.6094379124341003,1,1,4,4,4,1,7,17,2.8903717578961645,0,2,2,3,7,22,3.1354942159291497,1,1,2,1,2,1,1,198.0
5,1.791759469228055,0,2,0,5,5,5,1.791759469228055,0,2,0,5,5,7,6,27,3.332204510175204,0,0,2,6,7,47,3.871201010907891,0,2,2,5,7,1,1,902.0
3,1.3862943611198906,0,0,3,3,3,7,2.0794415416798357,0,1,2,0,7,7,5,34,3.5553480614894135,1,1,4,6,4,27,3.332204510175204,0,0,2,6,7,1,1,758.0
5,1.791759469228055,0,2,0,5,5,6,1.9459101490553132,1,0,1,6,6,7,5,32,3.4965075614664802,1,2,2,4,2,59,4.0943445622221,0,2,4,3,9,1,0,1862.0
1,0.6931471805599453,0,1,1,1,1,7,2.0794415416798357,0,1,2,0,7,1,3,13,2.6390573296152584,0,1,3,6,3,11,2.4849066497880004,0,2,1,4,1,1,3,2.0
3,1.3862943611198906,0,0,3,3,3,3,1.3862943611198906,0,0,3,3,3,3,2,11,2.4849066497880004,0,2,1,4,1,15,2.772588722239781,0,0,0,1,5,1,3,38.0
6,1.9459101490553132,1,0,1,6,6,1,0.6931471805599453,0,1,1,1,1,6,8,8,2.1972245773362196,1,2,3,1,8,10,2.3978952727983707,1,1,0,3,0,1,3,2.0
1,0.6931471805599453,0,1,1,1,1,5,1.791759469228055,0,2,0,5,5,6,1,7,2.0794415416798357,0,1,2,0,7,9,2.302585092994046,0,0,4,2,9,1,3,2.0
2,1.0986122886681098,1,2,2,2,2,5,1.791759469228055,0,2,0,5,5,3,2,13,2.6390573296152584,0,1,3,6,3,16,2.833213344056216,1,1,1,2,6,1,1,62.0
1,0.6931471805599453,0,1,1,1,1,1,0.6931471805599453,0,1,1,1,1,8,2,2,1.0986122886681098,1,2,2,2,2,1,0.6931471805599453,0,1,1,1,1,1,6,2.0
