slot_threshold_count,slot_threshold_count_abs_log1p,slot_threshold_count_sign,slot_threshold_count_is_even,slot_threshold_count_mod3,slot_threshold_count_mod5,slot_threshold_count_mod7,slot_threshold_count_mod10,slot_base_min,slot_base_min_abs_log1p,slot_base_min_is_even,slot_base_min_mod3,slot_base_min_mod5,slot_base_min_mod7,slot_base_min_mod10,gcd_all,n_multiple_pairs,y
9,2.302585092994046,1,0,0,4,2,9,16,2.833213344056216,1,1,1,2,6,1,0,211.0
20,3.044522437723423,1,1,2,0,6,0,25,3.258096538021482,0,1,0,4,5,5,0,2311.0
34,3.5553480614894135,1,1,1,4,6,4,2709,7.904703913873747,0,0,4,0,9,1,0,30031.0
9,2.302585092994046,1,0,0,4,2,9,196,5.2832037287379885,1,1,1,0,6,1,0,211.0
17,2.8903717578961645,1,0,2,2,3,7,387,5.961005339623274,0,0,2,2,7,1,0,2311.0
32,3.4965075614664802,1,1,2,2,4,2,21007,9.952658596542577,0,1,2,0,7,1,0,30031.0
38,3.6635616461296463,1,1,2,3,3,8,19189,9.862144589001746,0,1,4,2,9,1,0,30031.0
5,1.791759469228055,1,0,2,0,5,5,5,1.791759469228055,0,2,0,5,5,5,1,31.0
6,1.9459101490553132,1,1,0,1,6,6,2,1.0986122886681098,1,2,2,2,2,2,1,31.0
27,3.332204510175204,1,0,0,2,6,7,1543,7.342131730584722,0,1,3,3,3,1,0,2311.0
7,2.0794415416798357,1,0,1,2,0,7,30,3.4339872044851463,1,0,0,2,0,1,0,211.0
13,2.6390573296152584,1,0,1,3,6,3,66,4.204692619390966,1,0,1,3,6,1,0,211.0
30,3.4339872044851463,1,1,0,0,2,0,979,6.887552571664617,0,1,4,6,9,1,0,2311.0
4,1.6094379124341003,1,1,1,4,4,4,14,2.70805020110221,1,2,4,0,4,2,0,31.0
22,3.1354942159291497,1,1,1,2,1,2,227,5.429345628954441,0,2,2,3,7,1,0,2311.0
0,0.0,0,1,0,0,0,0,3,1.3862943611198906,0,0,3,3,3,3,0,3.0
1,0.6931471805599453,1,0,1,1,1,1,5,1.791759469228055,0,2,0,5,5,1,1,7.0
26,3.295836866004329,1,1,2,1,5,6,32,3.4965075614664802,1,2,2,4,2,2,0,2311.0
18,2.9444389791664403,1,1,0,3,4,8,1126,7.027314514039777,1,1,1,6,6,2,0,2311.0
5,1.791759469228055,1,0,2,0,5,5,12,2.5649493574615367,1,0,2,5,2,1,0,31.0
9,2.302585092994046,1,0,0,4,2,9,109,4.700480365792417,0,1,4,4,9,1,0,211.0
23,3.1780538303479458,1,0,2,3,2,3,393,5.976350909297934,0,0,3,1,3,1,0,2311.0
28,3.367295829986474,1,1,1,3,0,8,1386,7.234898420314831,1,0,1,0,6,14,0,2311.0
5,1.791759469228055,1,0,2,0,5,5,14,2.70805020110221,1,2,4,0,4,1,0,31.0
16,2.833213344056216,1,1,1,1,2,6,311,5.7430031878094825,0,2,1,3,1,1,0,2311.0
20,3.044522437723423,1,1,2,0,6,0,1042,6.949856455000773,1,1,2,6,2,2,0,2311.0
33,3.5263605246161616,1,0,0,3,5,3,44,3.8066624897703196,1,2,4,2,4,11,0,30031.0
9,2.302585092994046,1,0,0,4,2,9,82,4.418840607796598,1,1,2,5,2,1,0,211.0
11,2.4849066497880004,1,0,2,1,4,1,160,5.081404364984463,1,1,0,6,0,1,0,211.0
23,3.1780538303479458,1,0,2,3,2,3,896,6.799055862058796,1,2,1,0,6,1,0,2311.0
16,2.833213344056216,1,1,1,1,2,6,429,6.063785208687608,0,0,4,2,9,1,0,2311.0
29,3.4011973816621555,1,0,2,4,1,9,1039,6.946975992135418,0,1,4,3,9,1,0,2311.0
9,2.302585092994046,1,0,0,4,2,9,25,3.258096538021482,0,1,0,4,5,1,0,211.0
23,3.1780538303479458,1,0,2,3,2,3,124,4.8283137373023015,1,1,4,5,4,1,0,2311.0
26,3.295836866004329,1,1,2,1,5,6,901,6.804614520062624,0,1,1,5,1,1,0,2311.0
28,3.367295829986474,1,1,1,3,0,8,1758,7.472500744737558,1,0,3,1,8,2,0,2311.0
4,1.6094379124341003,1,1,1,4,4,4,24,3.2188758248682006,1,0,4,3,4,4,1,31.0
5,1.791759469228055,1,0,2,0,5,5,29,3.4011973816621555,0,2,4,1,9,1,0,31.0
28,3.367295829986474,1,1,1,3,0,8,2123,7.66105638236183,0,2,3,2,3,1,0,2311.0
27,3.332204510175204,1,0,0,2,6,7,1067,6.97354301952014,0,2,2,3,7,1,0,2311.0
28,3.367295829986474,1,1,1,3,0,8,1837,7.516433302915632,0,1,2,3,7,1,0,2311.0
0,0.0,0,1,0,0,0,0,2,1.0986122886681098,1,2,2,2,2,2,0,3.0
25,3.258096538021482,1,0,1,0,4,5,299,5.703782474656201,0,2,4,5,9,1,0,2311.0
16,2.833213344056216,1,1,1,1,2,6,1631,7.397561535524052,0,2,1,0,1,1,0,2311.0
6,1.9459101490553132,1,1,0,1,6,6,29,3.4011973816621555,0,2,4,1,9,1,0,31.0
23,3.1780538303479458,1,0,2,3,2,3,509,6.234410725718371,0,2,4,5,9,1,0,2311.0
27,3.332204510175204,1,0,0,2,6,7,2124,7.661527081358517,1,0,4,3,4,9,0,2311.0
14,2.70805020110221,1,1,2,4,0,4,203,5.318119993844216,0,2,3,0,3,7,0,211.0
19,2.995732273553991,1,0,1,4,5,9,1962,7.5822291942764615,1,0,2,2,2,1,0,2311.0
38,3.6635616461296463,1,1,2,3,3,8,7055,8.861633597686627,0,2,0,6,5,1,0,30031.0
29,3.4011973816621555,1,0,2,4,1,9,1579,7.365180126021013,0,1,4,4,9,1,0,2311.0
39,3.6888794541139363,1,0,0,4,4,9,18766,9.839855287291273,1,1,1,6,6,1,0,30031.0
27,3.332204510175204,1,0,0,2,6,7,625,6.439350371100098,0,1,0,2,5,1,0,2311.0
21,3.091042453358316,1,0,0,1,0,1,1933,7.56734567601324,0,1,3,1,3,1,0,2311.0
35,3.58351893845611,1,0,2,0,0,5,22766,10.033067398072022,1,2,1,2,6,1,0,30031.0
26,3.295836866004329,1,1,2,1,5,6,1347,7.206377291472252,0,0,2,3,7,1,0,2311.0
39,3.6888794541139363,1,0,0,4,4,9,26011,10.166313248989043,0,1,1,6,1,1,0,30031.0
16,2.833213344056216,1,1,1,1,2,6,1291,7.163946684342547,0,1,1,3,1,1,0,2311.0
20,3.044522437723423,1,1,2,0,6,0,1594,7.374629015218945,1,1,4,5,4,2,0,2311.0
2,1.0986122886681098,1,1,2,2,2,2,6,1.9459101490553132,1,0,1,6,6,2,1,7.0
34,3.5553480614894135,1,1,1,4,6,4,3793,8.24117615049496,0,1,3,6,3,1,0,30031.0
40,3.713572066704308,1,1,1,0,5,0,25945,10.163772734130958,0,1,0,3,5,5,0,30031.0
27,3.332204510175204,1,0,0,2,6,7,1729,7.455876687491824,0,1,4,0,9,1,0,2311.0
28,3.367295829986474,1,1,1,3,0,8,1507,7.318539548567902,0,1,2,2,7,1,0,2311.0
7,2.0794415416798357,1,0,1,2,0,7,72,4.290459441148391,1,0,2,2,2,1,0,211.0
8,2.1972245773362196,1,1,2,3,1,8,129,4.867534450455582,0,0,4,3,9,1,0,211.0
34,3.5553480614894135,1,1,1,4,6,4,19798,9.8933867103567,1,1,3,2,8,2,0,30031.0
5,1.791759469228055,1,0,2,0,5,5,10,2.3978952727983707,1,1,0,3,0,5,1,31.0
5,1.791759469228055,1,0,2,0,5,5,9,2.302585092994046,0,0,4,2,9,1,0,31.0
34,3.5553480614894135,1,1,1,4,6,4,10556,9.264544425989694,1,2,1,0,6,2,0,30031.0
17,2.8903717578961645,1,0,2,2,3,7,1435,7.269616749608169,0,1,0,0,5,1,0,2311.0
8,2.1972245773362196,1,1,2,3,1,8,197,5.288267030694535,0,2,2,1,7,1,0,211.0
34,3.5553480614894135,1,1,1,4,6,4,18340,9.816894269951032,1,1,0,0,0,2,0,30031.0
13,2.6390573296152584,1,0,1,3,6,3,182,5.209486152841421,1,2,2,0,2,13,1,211.0
25,3.258096538021482,1,0,1,0,4,5,529,6.272877006546167,0,1,4,4,9,1,0,2311.0
38,3.6635616461296463,1,1,2,3,3,8,7605,8.936692688488204,0,0,0,3,5,1,0,30031.0
28,3.367295829986474,1,1,1,3,0,8,2177,7.686162303492906,0,2,2,0,7,7,0,2311.0
35,3.58351893845611,1,0,2,0,0,5,21649,9.982760733430636,0,1,4,5,9,1,0,30031.0
1,0.6931471805599453,1,0,1,1,1,1,3,1.3862943611198906,0,0,3,3,3,1,1,7.0
23,3.1780538303479458,1,0,2,3,2,3,444,6.09807428216624,1,0,4,3,4,1,0,2311.0
30,3.4339872044851463,1,1,0,0,2,0,1669,7.4205789054108005,0,1,4,3,9,1,0,2311.0
31,3.4657359027997265,1,0,1,1,3,1,13943,9.542804587199857,0,2,3,6,3,1,0,30031.0
20,3.044522437723423,1,1,2,0,6,0,1695,7.4360278163518485,0,0,0,1,5,5,0,2311.0
16,2.833213344056216,1,1,1,1,2,6,264,5.579729825986222,1,0,4,5,4,8,0,2311.0
38,3.6635616461296463,1,1,2,3,3,8,9774,9.187583384853566,1,0,4,2,4,2,0,30031.0
9,2.302585092994046,1,0,0,4,2,9,117,4.770684624465665,0,0,2,5,7,9,1,211.0
21,3.091042453358316,1,0,0,1,0,1,968,6.876264611890766,1,2,3,2,8,1,0,2311.0
24,3.2188758248682006,1,1,0,4,3,4,132,4.890349128221754,1,0,2,6,2,12,0,2311.0
13,2.6390573296152584,1,0,1,3,6,3,2,1.0986122886681098,1,2,2,2,2,1,0,211.0
25,3.258096538021482,1,0,1,0,4,5,1185,7.078341579557671,0,0,0,2,5,5,0,2311.0
34,3.5553480614894135,1,1,1,4,6,4,780,6.660575149839686,1,0,0,3,0,2,0,30031.0
23,3.1780538303479458,1,0,2,3,2,3,2229,7.709756864454165,0,0,4,3,9,1,0,2311.0
33,3.5263605246161616,1,0,0,3,5,3,4804,8.477412321404392,1,1,4,2,4,1,0,30031.0
26,3.295836866004329,1,1,2,1,5,6,353,5.869296913133774,0,2,3,3,3,1,0,2311.0
34,3.5553480614894135,1,1,1,4,6,4,25006,10.126911064657653,1,1,1,2,6,2,0,30031.0
25,3.258096538021482,1,0,1,0,4,5,882,6.78332520060396,1,0,2,0,2,1,0,2311.0
31,3.4657359027997265,1,0,1,1,3,1,1494,7.3098814858247865,1,0,4,3,4,1,0,30031.0
21,3.091042453358316,1,0,0,1,0,1,2103,7.651595573857601,0,0,3,3,3,3,0,2311.0
15,2.772588722239781,1,0,0,0,1,5,1918,7.5595594960077,1,1,3,0,8,1,0,2311.0
24,3.2188758248682006,1,1,0,4,3,4,1185,7.078341579557671,0,0,0,2,5,3,0,2311.0
12,2.5649493574615367,1,1,0,2,5,2,7,2.0794415416798357,0,1,2,0,7,1,0,211.0
38,3.6635616461296463,1,1,2,3,3,8,13670,9.523032079931992,1,2,0,6,0,2,0,30031.0
34,3.5553480614894135,1,1,1,4,6,4,15745,9.664341643744413,0,1,0,2,5,1,0,30031.0
21,3.091042453358316,1,0,0,1,0,1,2276,7.7306140660637395,1,2,1,1,6,1,0,2311.0
35,3.58351893845611,1,0,2,0,0,5,10398,9.249464926660233,1,0,3,3,8,1,0,30031.0
3,1.3862943611198906,1,0,0,3,3,3,16,2.833213344056216,1,1,1,2,6,1,0,31.0
3,1.3862943611198906,1,0,0,3,3,3,28,3.367295829986474,1,1,3,0,8,1,0,31.0
40,3.713572066704308,1,1,1,0,5,0,12487,9.432523462195268,0,1,2,6,7,1,0,30031.0
29,3.4011973816621555,1,0,2,4,1,9,949,6.856461984594587,0,1,4,4,9,1,0,2311.0
11,2.4849066497880004,1,0,2,1,4,1,134,4.90527477843843,1,2,4,1,4,1,0,211.0
37,3.6375861597263857,1,0,1,2,2,7,10668,9.275097619191461,1,0,3,0,8,1,0,30031.0
18,2.9444389791664403,1,1,0,3,4,8,1015,6.923628628138427,0,1,0,0,5,1,0,2311.0
6,1.9459101490553132,1,1,0,1,6,6,19,2.995732273553991,0,1,4,5,9,1,0,31.0
36,3.6109179126442243,1,1,0,1,1,6,2901,7.973155433444133,0,0,1,3,1,3,0,30031.0
12,2.5649493574615367,1,1,0,2,5,2,13,2.6390573296152584,0,1,3,6,3,1,0,211.0
22,3.1354942159291497,1,1,1,2,1,2,904,6.807934943699926,1,1,4,1,4,2,0,2311.0
16,2.833213344056216,1,1,1,1,2,6,286,5.659482215759621,1,1,1,6,6,2,0,2311.0
9,2.302585092994046,1,0,0,4,2,9,119,4.787491742782046,0,2,4,0,9,1,0,211.0
10,2.3978952727983707,1,1,1,0,3,0,57,4.060443010546419,0,0,2,1,7,1,0,211.0
22,3.1354942159291497,1,1,1,2,1,2,683,6.52795791762255,0,2,3,4,3,1,0,2311.0
22,3.1354942159291497,1,1,1,2,1,2,1745,7.465082736399547,0,2,0,2,5,1,0,2311.0
4,1.6094379124341003,1,1,1,4,4,4,9,2.302585092994046,0,0,4,2,9,1,0,31.0
23,3.1780538303479458,1,0,2,3,2,3,1387,7.23561914106675,0,1,2,1,7,1,0,2311.0
25,3.258096538021482,1,0,1,0,4,5,1540,7.340186835320115,1,1,0,0,0,5,0,2311.0
24,3.2188758248682006,1,1,0,4,3,4,1603,7.38025578842646,0,1,3,0,3,1,0,2311.0
39,3.6888794541139363,1,0,0,4,4,9,25438,10.144038708505372,1,1,3,0,8,1,0,30031.0
15,2.772588722239781,1,0,0,0,1,5,1948,7.575071699507561,1,1,3,2,8,1,0,2311.0
16,2.833213344056216,1,1,1,1,2,6,1495,7.310550158534422,0,1,0,4,5,1,0,2311.0
21,3.091042453358316,1,0,0,1,0,1,1671,7.421775793644647,0,0,1,5,1,3,0,2311.0
21,3.091042453358316,1,0,0,1,0,1,2055,7.628517626575055,0,0,0,4,5,3,0,2311.0
16,2.833213344056216,1,1,1,1,2,6,2138,7.668093709082406,1,2,3,3,8,2,0,2311.0
32,3.4965075614664802,1,1,2,2,4,2,24046,10.08776552762847,1,1,1,1,6,2,0,30031.0
32,3.4965075614664802,1,1,2,2,4,2,10167,9.22700081286929,0,0,2,3,7,1,0,30031.0
28,3.367295829986474,1,1,1,3,0,8,2247,7.717796211013582,0,0,2,0,7,7,0,2311.0
39,3.6888794541139363,1,0,0,4,4,9,28726,10.265592726054727,1,1,1,5,6,1,0,30031.0
3,1.3862943611198906,1,0,0,3,3,3,25,3.258096538021482,0,1,0,4,5,1,0,31.0
38,3.6635616461296463,1,1,2,3,3,8,16677,9.72184576464693,0,0,2,3,7,1,0,30031.0
22,3.1354942159291497,1,1,1,2,1,2,1238,7.122059881629142,1,2,3,6,8,2,0,2311.0
18,2.9444389791664403,1,1,0,3,4,8,390,5.968707559985366,1,0,0,5,0,6,0,2311.0
27,3.332204510175204,1,0,0,2,6,7,2157,7.67693714581808,0,0,2,1,7,3,0,2311.0
38,3.6635616461296463,1,1,2,3,3,8,3843,8.254268770090183,0,0,3,0,3,1,0,30031.0
31,3.4657359027997265,1,0,1,1,3,1,8365,9.031931152002144,0,1,0,0,5,1,0,30031.0
19,2.995732273553991,1,0,1,4,5,9,986,6.894670039433482,1,2,1,6,6,1,0,2311.0
13,2.6390573296152584,1,0,1,3,6,3,164,5.10594547390058,1,2,4,3,4,1,0,211.0
22,3.1354942159291497,1,1,1,2,1,2,2260,7.72356247227797,1,1,0,6,0,2,0,2311.0
22,3.1354942159291497,1,1,1,2,1,2,1233,7.1180162044653335,0,0,3,1,3,1,0,2311.0
30,3.4339872044851463,1,1,0,0,2,0,1743,7.463936604468925,0,0,3,0,3,3,0,2311.0
3,1.3862943611198906,1,0,0,3,3,3,11,2.4849066497880004,0,2,1,4,1,1,0,31.0
22,3.1354942159291497,1,1,1,2,1,2,1931,7.566311014772463,0,2,1,6,1,1,0,2311.0
9,2.302585092994046,1,0,0,4,2,9,152,5.030437921392435,1,2,2,5,2,1,0,211.0
10,2.3978952727983707,1,1,1,0,3,0,149,5.0106352940962555,0,2,4,2,9,1,0,211.0
17,2.8903717578961645,1,0,2,2,3,7,1346,7.205635176410364,1,2,1,2,6,1,0,2311.0
29,3.4011973816621555,1,0,2,4,1,9,2127,7.662937850461535,0,0,2,6,7,1,0,2311.0
2,1.0986122886681098,1,1,2,2,2,2,4,1.6094379124341003,1,1,4,4,4,2,1,7.0
23,3.1780538303479458,1,0,2,3,2,3,1235,7.119635638017636,0,2,0,3,5,1,0,2311.0
30,3.4339872044851463,1,1,0,0,2,0,783,6.664409020350408,0,0,3,6,3,3,0,2311.0
1,0.6931471805599453,1,0,1,1,1,1,7,2.0794415416798357,0,1,2,0,7,1,1,7.0
30,3.4339872044851463,1,1,0,0,2,0,1894,7.546974117516527,1,1,4,4,4,2,0,2311.0
39,3.6888794541139363,1,0,0,4,4,9,16174,9.691222119369101,1,1,4,4,4,1,0,30031.0
18,2.9444389791664403,1,1,0,3,4,8,549,6.309918278226516,0,0,4,3,9,9,0,2311.0
26,3.295836866004329,1,1,2,1,5,6,223,5.4116460518550396,0,1,3,6,3,1,0,2311.0
9,2.302585092994046,1,0,0,4,2,9,19,2.995732273553991,0,1,4,5,9,1,0,211.0
6,1.9459101490553132,1,1,0,1,6,6,12,2.5649493574615367,1,0,2,5,2,6,1,31.0
4,1.6094379124341003,1,1,1,4,4,4,27,3.332204510175204,0,0,2,6,7,1,0,31.0
13,2.6390573296152584,1,0,1,3,6,3,7,2.0794415416798357,0,1,2,0,7,1,0,211.0
3,1.3862943611198906,1,0,0,3,3,3,24,3.2188758248682006,1,0,4,3,4,3,1,31.0
15,2.772588722239781,1,0,0,0,1,5,820,6.710523109452428,1,1,0,1,0,5,0,2311.0
5,1.791759469228055,1,0,2,0,5,5,26,3.295836866004329,1,2,1,5,6,1,0,31.0
18,2.9444389791664403,1,1,0,3,4,8,1182,7.075808863978387,1,0,2,6,2,6,0,2311.0
28,3.367295829986474,1,1,1,3,0,8,2235,7.71244383427499,0,0,0,2,5,1,0,2311.0
24,3.2188758248682006,1,1,0,4,3,4,180,5.198497031265826,1,0,0,5,0,12,0,2311.0
19,2.995732273553991,1,0,1,4,5,9,1195,7.086737934510577,0,1,0,5,5,1,0,2311.0
35,3.58351893845611,1,0,2,0,0,5,4222,8.348301054933943,1,1,2,1,2,1,0,30031.0
18,2.9444389791664403,1,1,0,3,4,8,2216,7.7039102096163115,1,2,1,4,6,2,0,2311.0
25,3.258096538021482,1,0,1,0,4,5,725,6.587550014824796,0,2,0,4,5,25,1,2311.0
3,1.3862943611198906,1,0,0,3,3,3,13,2.6390573296152584,0,1,3,6,3,1,0,31.0
36,3.6109179126442243,1,1,0,1,1,6,9688,9.178746500385005,1,1,3,0,8,4,0,30031.0
34,3.5553480614894135,1,1,1,4,6,4,21444,9.973246796950981,1,0,4,3,4,2,0,30031.0
15,2.772588722239781,1,0,0,0,1,5,2162,7.679251425953058,1,2,2,6,2,1,0,2311.0
33,3.5263605246161616,1,0,0,3,5,3,17764,9.784985508455128,1,1,4,5,4,1,0,30031.0
17,2.8903717578961645,1,0,2,2,3,7,331,5.805134968916488,0,1,1,2,1,1,0,2311.0
27,3.332204510175204,1,0,0,2,6,7,81,4.406719247264253,0,0,1,4,1,27,1,2311.0
31,3.4657359027997265,1,0,1,1,3,1,5372,8.589141690728821,1,2,2,3,2,1,0,30031.0
3,1.3862943611198906,1,0,0,3,3,3,15,2.772588722239781,0,0,0,1,5,3,1,31.0
8,2.1972245773362196,1,1,2,3,1,8,30,3.4339872044851463,1,0,0,2,0,2,0,211.0
16,2.833213344056216,1,1,1,1,2,6,542,6.297109319933935,1,2,2,3,2,2,0,2311.0
28,3.367295829986474,1,1,1,3,0,8,1677,7.425357887027151,0,0,2,4,7,1,0,2311.0
37,3.6375861597263857,1,0,1,2,2,7,13060,9.47738596957752,1,1,0,5,0,1,0,30031.0
12,2.5649493574615367,1,1,0,2,5,2,5,1.791759469228055,0,2,0,5,5,1,0,211.0
19,2.995732273553991,1,0,1,4,5,9,569,6.345636360828596,0,2,4,2,9,1,0,2311.0
38,3.6635616461296463,1,1,2,3,3,8,21582,9.97966124675897,1,0,2,1,2,2,0,30031.0
29,3.4011973816621555,1,0,2,4,1,9,2040,7.621195162809845,1,0,0,3,0,1,0,2311.0
30,3.4339872044851463,1,1,0,0,2,0,884,6.785587645007929,1,2,4,2,4,2,0,2311.0
12,2.5649493574615367,1,1,0,2,5,2,155,5.049856007249537,0,2,0,1,5,1,0,211.0
27,3.332204510175204,1,0,0,2,6,7,696,6.546785410760524,1,0,1,3,6,3,0,2311.0
25,3.258096538021482,1,0,1,0,4,5,1611,7.385230923066573,0,0,1,1,1,1,0,2311.0
34,3.5553480614894135,1,1,1,4,6,4,17270,9.756784073343919,1,2,0,1,0,2,0,30031.0
36,3.6109179126442243,1,1,0,1,1,6,17217,9.7537106272179,0,0,2,4,7,9,0,30031.0
23,3.1780538303479458,1,0,2,3,2,3,2204,7.6984827878809465,1,2,4,6,4,1,0,2311.0
5,1.791759469228055,1,0,2,0,5,5,20,3.044522437723423,1,2,0,6,0,5,1,31.0
7,2.0794415416798357,1,0,1,2,0,7,23,3.1780538303479458,0,2,3,2,3,1,0,211.0
8,2.1972245773362196,1,1,2,3,1,8,57,4.060443010546419,0,0,2,1,7,1,0,211.0
14,2.70805020110221,1,1,2,4,0,4,111,4.718498871295094,0,0,1,6,1,1,0,211.0
16,2.833213344056216,1,1,1,1,2,6,1547,7.344719054149673,0,2,2,0,7,1,0,2311.0
24,3.2188758248682006,1,1,0,4,3,4,814,6.703188113240863,1,1,4,2,4,2,0,2311.0
22,3.1354942159291497,1,1,1,2,1,2,1431,7.266827347520591,0,0,1,3,1,1,0,2311.0
7,2.0794415416798357,1,0,1,2,0,7,148,5.003946305945459,1,1,3,1,8,1,0,211.0
40,3.713572066704308,1,1,1,0,5,0,12617,9.442879644930755,0,2,2,3,7,1,0,30031.0
40,3.713572066704308,1,1,1,0,5,0,17029,9.742731773656734,0,1,4,5,9,1,0,30031.0
9,2.302585092994046,1,0,0,4,2,9,156,5.056245805348308,1,0,1,2,6,3,0,211.0
33,3.5263605246161616,1,0,0,3,5,3,2674,7.891704659330107,1,1,4,0,4,1,0,30031.0
14,2.70805020110221,1,1,2,4,0,4,160,5.081404364984463,1,1,0,6,0,2,0,211.0
10,2.3978952727983707,1,1,1,0,3,0,135,4.912654885736052,0,0,0,2,5,5,0,211.0
34,3.5553480614894135,1,1,1,4,6,4,16672,9.721545923560459,1,1,2,5,2,2,0,30031.0
23,3.1780538303479458,1,0,2,3,2,3,2266,7.726212650507529,1,1,1,5,6,1,0,2311.0
3,1.3862943611198906,1,0,0,3,3,3,29,3.4011973816621555,0,2,4,1,9,1,0,31.0
28,3.367295829986474,1,1,1,3,0,8,2197,7.6953031349635665,0,1,2,6,7,1,0,2311.0
25,3.258096538021482,1,0,1,0,4,5,791,6.674561391814426,0,2,1,0,1,1,0,2311.0
6,1.9459101490553132,1,1,0,1,6,6,17,2.8903717578961645,0,2,2,3,7,1,0,31.0
31,3.4657359027997265,1,0,1,1,3,1,12754,9.453678630575912,1,1,4,0,4,1,0,30031.0
11,2.4849066497880004,1,0,2,1,4,1,75,4.330733340286331,0,0,0,5,5,1,0,211.0
7,2.0794415416798357,1,0,1,2,0,7,40,3.713572066704308,1,1,0,5,0,1,0,211.0
32,3.4965075614664802,1,1,2,2,4,2,4175,8.337109129562474,0,2,0,3,5,1,0,30031.0
7,2.0794415416798357,1,0,1,2,0,7,60,4.110873864173311,1,0,0,4,0,1,0,211.0
6,1.9459101490553132,1,1,0,1,6,6,31,3.4657359027997265,0,1,1,3,1,1,0,31.0
26,3.295836866004329,1,1,2,1,5,6,2283,7.7336835707759,0,0,3,1,3,1,0,2311.0
28,3.367295829986474,1,1,1,3,0,8,553,6.317164686747284,0,1,3,0,3,7,0,2311.0
21,3.091042453358316,1,0,0,1,0,1,1646,7.4067107301776405,1,2,1,1,6,1,0,2311.0
25,3.258096538021482,1,0,1,0,4,5,1465,7.290292882446597,0,1,0,2,5,5,0,2311.0
7,2.0794415416798357,1,0,1,2,0,7,102,4.634728988229636,1,0,2,4,2,1,0,211.0
38,3.6635616461296463,1,1,2,3,3,8,15576,9.653550746326605,1,0,1,1,6,2,0,30031.0
27,3.332204510175204,1,0,0,2,6,7,1612,7.385851078125209,1,1,2,2,2,1,0,2311.0
30,3.4339872044851463,1,1,0,0,2,0,996,6.904750769961838,1,0,1,2,6,6,0,2311.0
32,3.4965075614664802,1,1,2,2,4,2,19654,9.88608703785596,1,1,4,5,4,2,0,30031.0
29,3.4011973816621555,1,0,2,4,1,9,159,5.075173815233827,0,0,4,5,9,1,0,2311.0
25,3.258096538021482,1,0,1,0,4,5,303,5.717027701406222,0,0,3,2,3,1,0,2311.0
3,1.3862943611198906,1,0,0,3,3,3,3,1.3862943611198906,0,0,3,3,3,3,1,31.0
36,3.6109179126442243,1,1,0,1,1,6,24523,10.107407508882579,0,1,3,2,3,1,0,30031.0
35,3.58351893845611,1,0,2,0,0,5,16155,9.690046776683303,0,0,0,6,5,5,0,30031.0
31,3.4657359027997265,1,0,1,1,3,1,10884,9.295140973668648,1,0,4,6,4,1,0,30031.0
34,3.5553480614894135,1,1,1,4,6,4,6595,8.794218683679489,0,1,0,1,5,1,0,30031.0
5,1.791759469228055,1,0,2,0,5,5,16,2.833213344056216,1,1,1,2,6,1,0,31.0
33,3.5263605246161616,1,0,0,3,5,3,29475,10.29133165188689,0,0,0,5,5,3,0,30031.0
19,2.995732273553991,1,0,1,4,5,9,1207,7.0967213784947605,0,1,2,3,7,1,0,2311.0
10,2.3978952727983707,1,1,1,0,3,0,137,4.927253685157205,0,2,2,4,7,1,0,211.0
4,1.6094379124341003,1,1,1,4,4,4,8,2.1972245773362196,1,2,3,1,8,4,1,31.0
18,2.9444389791664403,1,1,0,3,4,8,1852,7.52456122628536,1,1,2,4,2,2,0,2311.0
9,2.302585092994046,1,0,0,4,2,9,143,4.969813299576001,0,2,3,3,3,1,0,211.0
34,3.5553480614894135,1,1,1,4,6,4,29082,10.27790909001283,1,0,2,4,2,2,0,30031.0
18,2.9444389791664403,1,1,0,3,4,8,2311,7.7458682297922685,0,1,1,1,1,1,0,2311.0
27,3.332204510175204,1,0,0,2,6,7,121,4.804021044733257,0,1,1,2,1,1,0,2311.0
32,3.4965075614664802,1,1,2,2,4,2,14894,9.608780865147382,1,2,4,5,4,2,0,30031.0
4,1.6094379124341003,1,1,1,4,4,4,18,2.9444389791664403,1,0,3,4,8,2,0,31.0
6,1.9459101490553132,1,1,0,1,6,6,24,3.2188758248682006,1,0,4,3,4,6,1,31.0
8,2.1972245773362196,1,1,2,3,1,8,201,5.308267697401205,0,0,1,5,1,1,0,211.0
10,2.3978952727983707,1,1,1,0,3,0,45,3.828641396489095,0,0,0,3,5,5,0,211.0
27,3.332204510175204,1,0,0,2,6,7,2150,7.67368812926773,1,2,0,1,0,1,0,2311.0
25,3.258096538021482,1,0,1,0,4,5,2109,7.6544432264701125,0,0,4,2,9,1,0,2311.0
31,3.4657359027997265,1,0,1,1,3,1,23053,10.045594569160958,0,1,3,2,3,1,0,30031.0
18,2.9444389791664403,1,1,0,3,4,8,557,6.324358962381311,0,2,2,4,7,1,0,2311.0
28,3.367295829986474,1,1,1,3,0,8,183,5.214935757608986,0,0,3,1,3,1,0,2311.0
23,3.1780538303479458,1,0,2,3,2,3,2122,7.660585461703256,1,1,2,1,2,1,0,2311.0
13,2.6390573296152584,1,0,1,3,6,3,12,2.5649493574615367,1,0,2,5,2,1,0,211.0
40,3.713572066704308,1,1,1,0,5,0,5828,8.67060073804555,1,2,3,4,8,4,0,30031.0
12,2.5649493574615367,1,1,0,2,5,2,157,5.062595033026967,0,1,2,3,7,1,0,211.0
19,2.995732273553991,1,0,1,4,5,9,1846,7.52131798019924,1,1,1,5,6,1,0,2311.0
21,3.091042453358316,1,0,0,1,0,1,2063,7.6324011266014535,0,2,3,5,3,1,0,2311.0
14,2.70805020110221,1,1,2,4,0,4,51,3.9512437185814275,0,0,1,2,1,1,0,211.0
24,3.2188758248682006,1,1,0,4,3,4,1730,7.456454555176209,1,2,0,1,0,2,0,2311.0
10,2.3978952727983707,1,1,1,0,3,0,150,5.017279836814924,1,0,0,3,0,10,1,211.0
7,2.0794415416798357,1,0,1,2,0,7,188,5.241747015059643,1,2,3,6,8,1,0,211.0
18,2.9444389791664403,1,1,0,3,4,8,1213,7.101675971619444,0,1,3,2,3,1,0,2311.0
3,1.3862943611198906,1,0,0,3,3,3,27,3.332204510175204,0,0,2,6,7,3,1,31.0
20,3.044522437723423,1,1,2,0,6,0,682,6.52649485957079,1,1,2,3,2,2,0,2311.0
19,2.995732273553991,1,0,1,4,5,9,1185,7.078341579557671,0,0,0,2,5,1,0,2311.0
26,3.295836866004329,1,1,2,1,5,6,1781,7.485491608030754,0,2,1,3,1,13,0,2311.0
37,3.6375861597263857,1,0,1,2,2,7,12797,9.457044187699406,0,2,2,1,7,1,0,30031.0
39,3.6888794541139363,1,0,0,4,4,9,28725,10.265557914991769,0,0,0,4,5,3,0,30031.0
35,3.58351893845611,1,0,2,0,0,5,27071,10.20625526240595,0,2,1,2,1,1,0,30031.0
8,2.1972245773362196,1,1,2,3,1,8,134,4.90527477843843,1,2,4,1,4,2,0,211.0
33,3.5263605246161616,1,0,0,3,5,3,15063,9.620063070336988,0,0,3,6,3,3,0,30031.0
39,3.6888794541139363,1,0,0,4,4,9,12549,9.43747594455993,0,0,4,5,9,3,0,30031.0
29,3.4011973816621555,1,0,2,4,1,9,1083,6.988413181999592,0,0,3,5,3,1,0,2311.0
37,3.6375861597263857,1,0,1,2,2,7,7025,8.857372832825773,0,2,0,4,5,1,0,30031.0
6,1.9459101490553132,1,1,0,1,6,6,3,1.3862943611198906,0,0,3,3,3,3,1,31.0
30,3.4339872044851463,1,1,0,0,2,0,1705,7.441906728051625,0,1,0,4,5,5,0,2311.0
29,3.4011973816621555,1,0,2,4,1,9,441,6.091309882077698,0,0,1,0,1,1,0,2311.0
34,3.5553480614894135,1,1,1,4,6,4,16189,9.69214904667168,0,1,4,5,9,1,0,30031.0
10,2.3978952727983707,1,1,1,0,3,0,84,4.442651256490317,1,0,4,0,4,2,0,211.0
10,2.3978952727983707,1,1,1,0,3,0,161,5.087596335232384,0,2,1,0,1,1,0,211.0
14,2.70805020110221,1,1,2,4,0,4,50,3.9318256327243257,1,2,0,1,0,2,0,211.0
7,2.0794415416798357,1,0,1,2,0,7,52,3.970291913552122,1,1,2,3,2,1,0,211.0
28,3.367295829986474,1,1,1,3,0,8,1619,7.3901814282264295,0,2,4,2,9,1,0,2311.0
32,3.4965075614664802,1,1,2,2,4,2,11749,9.371608519572305,0,1,4,3,9,1,0,30031.0
33,3.5263605246161616,1,0,0,3,5,3,15454,9.645687854566217,1,1,4,5,4,1,0,30031.0
17,2.8903717578961645,1,0,2,2,3,7,607,6.410174881966167,0,1,2,5,7,1,0,2311.0
28,3.367295829986474,1,1,1,3,0,8,2042,7.622174594817622,1,2,2,5,2,2,0,2311.0
33,3.5263605246161616,1,0,0,3,5,3,19246,9.865110483415124,1,1,1,3,6,1,0,30031.0
22,3.1354942159291497,1,1,1,2,1,2,815,6.704414354964107,0,2,0,3,5,1,0,2311.0
12,2.5649493574615367,1,1,0,2,5,2,33,3.5263605246161616,0,0,3,5,3,3,0,211.0
11,2.4849066497880004,1,0,2,1,4,1,120,4.795790545596741,1,0,0,1,0,1,0,211.0
40,3.713572066704308,1,1,1,0,5,0,26215,10.17412519037865,0,1,0,0,5,5,0,30031.0
24,3.2188758248682006,1,1,0,4,3,4,1265,7.143617602704121,0,2,0,5,5,1,0,2311.0
11,2.4849066497880004,1,0,2,1,4,1,189,5.247024072160486,0,0,4,0,9,1,0,211.0
14,2.70805020110221,1,1,2,4,0,4,97,4.584967478670572,0,1,2,6,7,1,0,211.0
3,1.3862943611198906,1,0,0,3,3,3,5,1.791759469228055,0,2,0,5,5,1,0,31.0
13,2.6390573296152584,1,0,1,3,6,3,183,5.214935757608986,0,0,3,1,3,1,0,211.0
38,3.6635616461296463,1,1,2,3,3,8,19542,9.880372445030076,1,0,2,5,2,2,0,30031.0
37,3.6375861597263857,1,0,1,2,2,7,2724,7.9102237070973445,1,0,4,1,4,1,0,30031.0
3,1.3862943611198906,1,0,0,3,3,3,26,3.295836866004329,1,2,1,5,6,1,0,31.0
10,2.3978952727983707,1,1,1,0,3,0,40,3.713572066704308,1,1,0,5,0,10,1,211.0
9,2.302585092994046,1,0,0,4,2,9,32,3.4965075614664802,1,2,2,4,2,1,0,211.0
38,3.6635616461296463,1,1,2,3,3,8,14481,9.580661777948766,0,0,1,5,1,1,0,30031.0
25,3.258096538021482,1,0,1,0,4,5,1648,7.407924322559599,1,1,3,3,8,1,0,2311.0
3,1.3862943611198906,1,0,0,3,3,3,6,1.9459101490553132,1,0,1,6,6,3,1,31.0
20,3.044522437723423,1,1,2,0,6,0,680,6.523562306149512,1,2,0,1,0,20,1,2311.0
6,1.9459101490553132,1,1,0,1,6,6,13,2.6390573296152584,0,1,3,6,3,1,0,31.0
20,3.044522437723423,1,1,2,0,6,0,2177,7.686162303492906,0,2,2,0,7,1,0,2311.0
31,3.4657359027997265,1,0,1,1,3,1,2830,7.9483852851118995,1,1,0,2,0,1,0,30031.0
23,3.1780538303479458,1,0,2,3,2,3,1329,7.1929342212158,0,0,4,6,9,1,0,2311.0
19,2.995732273553991,1,0,1,4,5,9,250,5.5254529391317835,1,1,0,5,0,1,0,2311.0
35,3.58351893845611,1,0,2,0,0,5,20307,9.918770176067286,0,0,2,0,7,7,0,30031.0
30,3.4339872044851463,1,1,0,0,2,0,1703,7.440733707389261,0,2,3,2,3,1,0,2311.0
17,2.8903717578961645,1,0,2,2,3,7,1890,7.544861068658458,1,0,0,0,0,1,0,2311.0
22,3.1354942159291497,1,1,1,2,1,2,1106,7.009408932708637,1,2,1,0,6,2,0,2311.0
6,1.9459101490553132,1,1,0,1,6,6,11,2.4849066497880004,0,2,1,4,1,1,0,31.0
3,1.3862943611198906,1,0,0,3,3,3,22,3.1354942159291497,1,1,2,1,2,1,0,31.0
12,2.5649493574615367,1,1,0,2,5,2,173,5.159055299214529,0,2,3,5,3,1,0,211.0
19,2.995732273553991,1,0,1,4,5,9,1948,7.575071699507561,1,1,3,2,8,1,0,2311.0
15,2.772588722239781,1,0,0,0,1,5,1175,7.069874128458572,0,2,0,6,5,5,0,2311.0
18,2.9444389791664403,1,1,0,3,4,8,475,6.16541785423142,0,1,0,6,5,1,0,2311.0
18,2.9444389791664403,1,1,0,3,4,8,268,5.594711379601839,1,1,3,2,8,2,0,2311.0
38,3.6635616461296463,1,1,2,3,3,8,2715,7.906915488678587,0,0,0,6,5,1,0,30031.0
12,2.5649493574615367,1,1,0,2,5,2,36,3.6109179126442243,1,0,1,1,6,12,1,211.0
9,2.302585092994046,1,0,0,4,2,9,154,5.043425116919247,1,1,4,0,4,1,0,211.0
25,3.258096538021482,1,0,1,0,4,5,1358,7.214504414151143,1,2,3,0,8,1,0,2311.0
11,2.4849066497880004,1,0,2,1,4,1,77,4.356708826689592,0,2,2,0,7,11,1,211.0
12,2.5649493574615367,1,1,0,2,5,2,61,4.127134385045092,0,1,1,5,1,1,0,211.0
14,2.70805020110221,1,1,2,4,0,4,46,3.8501476017100584,1,1,1,4,6,2,0,211.0
35,3.58351893845611,1,0,2,0,0,5,8339,9.028818495352793,0,2,4,2,9,1,0,30031.0
16,2.833213344056216,1,1,1,1,2,6,1264,7.142827401161621,1,1,4,4,4,16,1,2311.0
6,1.9459101490553132,1,1,0,1,6,6,15,2.772588722239781,0,0,0,1,5,3,0,31.0
25,3.258096538021482,1,0,1,0,4,5,591,6.3835066348840055,0,0,1,3,1,1,0,2311.0
35,3.58351893845611,1,0,2,0,0,5,23898,10.08159189604006,1,0,3,0,8,7,0,30031.0
34,3.5553480614894135,1,1,1,4,6,4,14358,9.572132202294377,1,0,3,1,8,2,0,30031.0
14,2.70805020110221,1,1,2,4,0,4,107,4.68213122712422,0,2,2,2,7,1,0,211.0
7,2.0794415416798357,1,0,1,2,0,7,101,4.624972813284271,0,2,1,3,1,1,0,211.0
35,3.58351893845611,1,0,2,0,0,5,24698,10.114518035966535,1,2,3,2,8,1,0,30031.0
21,3.091042453358316,1,0,0,1,0,1,1287,7.160845906664299,0,0,2,6,7,3,0,2311.0
12,2.5649493574615367,1,1,0,2,5,2,93,4.543294782270004,0,0,3,2,3,3,0,211.0
37,3.6375861597263857,1,0,1,2,2,7,284,5.652489180268651,1,2,4,4,4,1,0,30031.0
7,2.0794415416798357,1,0,1,2,0,7,73,4.30406509320417,0,1,3,3,3,1,0,211.0
21,3.091042453358316,1,0,0,1,0,1,145,4.983606621708336,0,1,0,5,5,1,0,2311.0
8,2.1972245773362196,1,1,2,3,1,8,154,5.043425116919247,1,1,4,0,4,2,0,211.0
2,1.0986122886681098,1,1,2,2,2,2,5,1.791759469228055,0,2,0,5,5,1,0,7.0
33,3.5263605246161616,1,0,0,3,5,3,533,6.280395838960195,0,2,3,1,3,1,0,30031.0
12,2.5649493574615367,1,1,0,2,5,2,45,3.828641396489095,0,0,0,3,5,3,0,211.0
28,3.367295829986474,1,1,1,3,0,8,419,6.040254711277414,0,2,4,6,9,1,0,2311.0
26,3.295836866004329,1,1,2,1,5,6,1418,7.257707677160043,1,2,3,4,8,2,0,2311.0
12,2.5649493574615367,1,1,0,2,5,2,137,4.927253685157205,0,2,2,4,7,1,0,211.0
18,2.9444389791664403,1,1,0,3,4,8,1958,7.580189417944541,1,2,3,5,8,2,0,2311.0
10,2.3978952727983707,1,1,1,0,3,0,188,5.241747015059643,1,2,3,6,8,2,0,211.0
34,3.5553480614894135,1,1,1,4,6,4,19773,9.892123222457078,0,0,3,5,3,1,0,30031.0
36,3.6109179126442243,1,1,0,1,1,6,20770,9.941313062076109,1,1,0,1,0,2,0,30031.0
9,2.302585092994046,1,0,0,4,2,9,59,4.0943445622221,0,2,4,3,9,1,0,211.0
29,3.4011973816621555,1,0,2,4,1,9,1036,6.9440872082295275,1,1,1,0,6,1,0,2311.0
9,2.302585092994046,1,0,0,4,2,9,63,4.1588830833596715,0,0,3,0,3,9,1,211.0
39,3.6888794541139363,1,0,0,4,4,9,25260,10.137016983402756,1,0,0,4,0,3,0,30031.0
34,3.5553480614894135,1,1,1,4,6,4,23375,10.05946513399048,0,2,0,2,5,17,0,30031.0
8,2.1972245773362196,1,1,2,3,1,8,180,5.198497031265826,1,0,0,5,0,4,0,211.0
23,3.1780538303479458,1,0,2,3,2,3,1576,7.3632795869630385,1,1,1,1,6,1,0,2311.0
25,3.258096538021482,1,0,1,0,4,5,2252,7.720017940432244,1,2,2,5,2,1,0,2311.0
32,3.4965075614664802,1,1,2,2,4,2,11197,9.323490469908839,0,1,2,4,7,1,0,30031.0
17,2.8903717578961645,1,0,2,2,3,7,1556,7.350516171833998,1,2,1,2,6,1,0,2311.0
9,2.302585092994046,1,0,0,4,2,9,91,4.5217885770490405,0,1,1,0,1,1,0,211.0
1,0.6931471805599453,1,0,1,1,1,1,6,1.9459101490553132,1,0,1,6,6,1,1,7.0
25,3.258096538021482,1,0,1,0,4,5,693,6.542471960506805,0,0,3,0,3,1,0,2311.0
37,3.6375861597263857,1,0,1,2,2,7,4920,8.501267040865978,1,0,0,6,0,1,0,30031.0
35,3.58351893845611,1,0,2,0,0,5,6218,8.735364401103888,1,2,3,2,8,1,0,30031.0
12,2.5649493574615367,1,1,0,2,5,2,127,4.852030263919617,0,1,2,1,7,1,0,211.0
22,3.1354942159291497,1,1,1,2,1,2,2151,7.674152921281675,0,0,1,2,1,1,0,2311.0
27,3.332204510175204,1,0,0,2,6,7,1498,7.312553498102598,1,1,3,0,8,1,0,2311.0
29,3.4011973816621555,1,0,2,4,1,9,2048,7.6251071482389,1,2,3,4,8,1,0,2311.0
35,3.58351893845611,1,0,2,0,0,5,944,6.851184927493743,1,2,4,6,4,1,0,30031.0
17,2.8903717578961645,1,0,2,2,3,7,1595,7.3752557780097545,0,2,0,6,5,1,0,2311.0
20,3.044522437723423,1,1,2,0,6,0,2101,7.650644551436897,0,1,1,1,1,1,0,2311.0
4,1.6094379124341003,1,1,1,4,4,4,26,3.295836866004329,1,2,1,5,6,2,0,31.0
21,3.091042453358316,1,0,0,1,0,1,1952,7.577121930876679,1,2,2,6,2,1,0,2311.0
33,3.5263605246161616,1,0,0,3,5,3,28616,10.261756225813318,1,2,1,0,6,1,0,30031.0
12,2.5649493574615367,1,1,0,2,5,2,124,4.8283137373023015,1,1,4,5,4,4,0,211.0
8,2.1972245773362196,1,1,2,3,1,8,67,4.219507705176107,0,1,2,4,7,1,0,211.0
8,2.1972245773362196,1,1,2,3,1,8,190,5.25227342804663,1,1,0,1,0,2,0,211.0
8,2.1972245773362196,1,1,2,3,1,8,153,5.0369526024136295,0,0,3,6,3,1,0,211.0
36,3.6109179126442243,1,1,0,1,1,6,28612,10.261616438987998,1,1,2,3,2,4,0,30031.0
33,3.5263605246161616,1,0,0,3,5,3,2714,7.906547232368036,1,2,4,5,4,1,0,30031.0
7,2.0794415416798357,1,0,1,2,0,7,140,4.948759890378168,1,2,0,0,0,7,1,211.0
36,3.6109179126442243,1,1,0,1,1,6,28303,10.250758416399567,0,1,3,2,3,1,0,30031.0
28,3.367295829986474,1,1,1,3,0,8,1311,7.179307969504034,0,0,1,2,1,1,0,2311.0
25,3.258096538021482,1,0,1,0,4,5,128,4.859812404361672,1,2,3,2,8,1,0,2311.0
23,3.1780538303479458,1,0,2,3,2,3,738,6.6052979209482015,1,0,3,3,8,1,0,2311.0
34,3.5553480614894135,1,1,1,4,6,4,2915,7.977968093128549,0,2,0,3,5,1,0,30031.0
19,2.995732273553991,1,0,1,4,5,9,603,6.403574197934815,0,0,3,1,3,1,0,2311.0
20,3.044522437723423,1,1,2,0,6,0,584,6.371611847231857,1,2,4,3,4,4,0,2311.0
23,3.1780538303479458,1,0,2,3,2,3,1991,7.596894438144544,0,2,1,3,1,1,0,2311.0
36,3.6109179126442243,1,1,0,1,1,6,1816,7.504942068396171,1,1,1,3,6,4,0,30031.0
6,1.9459101490553132,1,1,0,1,6,6,28,3.367295829986474,1,1,3,0,8,2,0,31.0
37,3.6375861597263857,1,0,1,2,2,7,7777,8.959054514715692,0,1,2,0,7,1,0,30031.0
5,1.791759469228055,1,0,2,0,5,5,6,1.9459101490553132,1,0,1,6,6,1,0,31.0
16,2.833213344056216,1,1,1,1,2,6,656,6.48768401848461,1,2,1,5,6,16,1,2311.0
8,2.1972245773362196,1,1,2,3,1,8,46,3.8501476017100584,1,1,1,4,6,2,0,211.0
26,3.295836866004329,1,1,2,1,5,6,885,6.786716950605081,0,0,0,3,5,1,0,2311.0
32,3.4965075614664802,1,1,2,2,4,2,3595,8.18757739559151,0,1,0,4,5,1,0,30031.0
16,2.833213344056216,1,1,1,1,2,6,515,6.246106765481563,0,2,0,4,5,1,0,2311.0
7,2.0794415416798357,1,0,1,2,0,7,204,5.3230099791384085,1,0,4,1,4,1,0,211.0
36,3.6109179126442243,1,1,0,1,1,6,2762,7.924072324923417,1,2,2,4,2,2,0,30031.0
40,3.713572066704308,1,1,1,0,5,0,9016,9.106866963499908,1,1,1,0,6,8,0,30031.0
33,3.5263605246161616,1,0,0,3,5,3,3104,8.040768994367578,1,2,4,3,4,1,0,30031.0
32,3.4965075614664802,1,1,2,2,4,2,27293,10.21442217679806,0,2,3,0,3,1,0,30031.0
8,2.1972245773362196,1,1,2,3,1,8,60,4.110873864173311,1,0,0,4,0,4,0,211.0
11,2.4849066497880004,1,0,2,1,4,1,167,5.123963979403259,0,2,2,6,7,1,0,211.0
26,3.295836866004329,1,1,2,1,5,6,1799,7.495541943884256,0,2,4,0,9,1,0,2311.0
26,3.295836866004329,1,1,2,1,5,6,936,6.842683282238422,1,0,1,5,6,26,1,2311.0
9,2.302585092994046,1,0,0,4,2,9,193,5.267858159063328,0,1,3,4,3,1,0,211.0
33,3.5263605246161616,1,0,0,3,5,3,24870,10.12145774507634,1,0,0,6,0,3,0,30031.0
12,2.5649493574615367,1,1,0,2,5,2,123,4.820281565605037,0,0,3,4,3,3,0,211.0
11,2.4849066497880004,1,0,2,1,4,1,93,4.543294782270004,0,0,3,2,3,1,0,211.0
9,2.302585092994046,1,0,0,4,2,9,129,4.867534450455582,0,0,4,3,9,3,0,211.0
35,3.58351893845611,1,0,2,0,0,5,2872,7.96311205897929,1,1,2,2,2,1,0,30031.0
31,3.4657359027997265,1,0,1,1,3,1,4677,8.450625947144124,0,0,2,1,7,1,0,30031.0
28,3.367295829986474,1,1,1,3,0,8,1948,7.575071699507561,1,1,3,2,8,4,0,2311.0
19,2.995732273553991,1,0,1,4,5,9,1037,6.945051063725834,0,2,2,1,7,1,0,2311.0
18,2.9444389791664403,1,1,0,3,4,8,1091,6.9957661563048505,0,2,1,6,1,1,0,2311.0
20,3.044522437723423,1,1,2,0,6,0,745,6.61472560020376,0,1,0,3,5,5,0,2311.0
39,3.6888794541139363,1,0,0,4,4,9,880,6.78105762593618,1,1,0,5,0,1,0,30031.0
6,1.9459101490553132,1,1,0,1,6,6,6,1.9459101490553132,1,0,1,6,6,6,1,31.0
32,3.4965075614664802,1,1,2,2,4,2,10162,9.226508953137767,1,1,2,5,2,2,0,30031.0
16,2.833213344056216,1,1,1,1,2,6,1047,6.954638864880987,0,0,2,4,7,1,0,2311.0
33,3.5263605246161616,1,0,0,3,5,3,9604,9.170039075202657,1,1,4,0,4,1,0,30031.0
4,1.6094379124341003,1,1,1,4,4,4,19,2.995732273553991,0,1,4,5,9,1,0,31.0
17,2.8903717578961645,1,0,2,2,3,7,68,4.23410650459726,1,2,3,5,8,17,1,2311.0
31,3.4657359027997265,1,0,1,1,3,1,6209,8.733916174927524,0,2,4,0,9,1,0,30031.0
19,2.995732273553991,1,0,1,4,5,9,1820,7.507141079727608,1,2,0,0,0,1,0,2311.0
1,0.6931471805599453,1,0,1,1,1,1,2,1.0986122886681098,1,2,2,2,2,1,1,7.0
26,3.295836866004329,1,1,2,1,5,6,1251,7.132497551660044,0,0,1,5,1,1,0,2311.0
9,2.302585092994046,1,0,0,4,2,9,81,4.406719247264253,0,0,1,4,1,9,1,211.0
21,3.091042453358316,1,0,0,1,0,1,102,4.634728988229636,1,0,2,4,2,3,0,2311.0
40,3.713572066704308,1,1,1,0,5,0,29644,10.297048756141468,1,1,4,6,4,4,0,30031.0
6,1.9459101490553132,1,1,0,1,6,6,18,2.9444389791664403,1,0,3,4,8,6,1,31.0
19,2.995732273553991,1,0,1,4,5,9,1796,7.493873886783559,1,2,1,4,6,1,0,2311.0
5,1.791759469228055,1,0,2,0,5,5,28,3.367295829986474,1,1,3,0,8,1,0,31.0
14,2.70805020110221,1,1,2,4,0,4,210,5.351858133476067,1,0,0,0,0,14,1,211.0
32,3.4965075614664802,1,1,2,2,4,2,3225,8.078998258685154,0,0,0,5,5,1,0,30031.0
18,2.9444389791664403,1,1,0,3,4,8,1188,7.080867896690782,1,0,3,5,8,18,1,2311.0
31,3.4657359027997265,1,0,1,1,3,1,5972,8.695004592732307,1,2,2,1,2,1,0,30031.0
34,3.5553480614894135,1,1,1,4,6,4,20127,9.909867159500168,0,0,2,2,7,1,0,30031.0
10,2.3978952727983707,1,1,1,0,3,0,127,4.852030263919617,0,1,2,1,7,1,0,211.0
38,3.6635616461296463,1,1,2,3,3,8,11094,9.314249835366695,1,0,4,6,4,2,0,30031.0
38,3.6635616461296463,1,1,2,3,3,8,9067,9.11250701162742,0,1,2,2,7,1,0,30031.0
39,3.6888794541139363,1,0,0,4,4,9,712,6.569481420414296,1,1,2,5,2,1,0,30031.0
20,3.044522437723423,1,1,2,0,6,0,1884,7.541683099882111,1,0,4,1,4,4,0,2311.0
5,1.791759469228055,1,0,2,0,5,5,7,2.0794415416798357,0,1,2,0,7,1,0,31.0
16,2.833213344056216,1,1,1,1,2,6,705,6.559615237493242,0,0,0,5,5,1,0,2311.0
32,3.4965075614664802,1,1,2,2,4,2,6362,8.758255243232792,1,2,2,6,2,2,0,30031.0
34,3.5553480614894135,1,1,1,4,6,4,18903,9.847128818866743,0,0,3,3,3,1,0,30031.0
21,3.091042453358316,1,0,0,1,0,1,700,6.55250788703459,1,1,0,0,0,7,0,2311.0
23,3.1780538303479458,1,0,2,3,2,3,1371,7.22402480828583,0,0,1,6,1,1,0,2311.0
15,2.772588722239781,1,0,0,0,1,5,385,5.955837369464831,0,1,0,0,5,5,0,2311.0
7,2.0794415416798357,1,0,1,2,0,7,21,3.091042453358316,0,0,1,0,1,7,1,211.0
38,3.6635616461296463,1,1,2,3,3,8,4383,8.385716828627851,0,0,3,1,3,1,0,30031.0
8,2.1972245773362196,1,1,2,3,1,8,50,3.9318256327243257,1,2,0,1,0,2,0,211.0
13,2.6390573296152584,1,0,1,3,6,3,18,2.9444389791664403,1,0,3,4,8,1,0,211.0
24,3.2188758248682006,1,1,0,4,3,4,388,5.963579343618446,1,1,3,3,8,4,0,2311.0
36,3.6109179126442243,1,1,0,1,1,6,3058,8.025843344150903,1,1,3,6,8,2,0,30031.0
40,3.713572066704308,1,1,1,0,5,0,22991,10.042901608318806,0,2,1,3,1,1,0,30031.0
14,2.70805020110221,1,1,2,4,0,4,29,3.4011973816621555,0,2,4,1,9,1,0,211.0
32,3.4965075614664802,1,1,2,2,4,2,21404,9.971379818579047,1,2,4,5,4,4,0,30031.0
20,3.044522437723423,1,1,2,0,6,0,1940,7.57095858316901,1,2,0,1,0,20,1,2311.0
23,3.1780538303479458,1,0,2,3,2,3,2014,7.608374474380783,1,1,4,5,4,1,0,2311.0
23,3.1780538303479458,1,0,2,3,2,3,2276,7.7306140660637395,1,2,1,1,6,1,0,2311.0
5,1.791759469228055,1,0,2,0,5,5,23,3.1780538303479458,0,2,3,2,3,1,0,31.0
16,2.833213344056216,1,1,1,1,2,6,1452,7.2813856635702825,1,0,2,3,2,4,0,2311.0
20,3.044522437723423,1,1,2,0,6,0,714,6.5722825426940075,1,0,4,0,4,2,0,2311.0
22,3.1354942159291497,1,1,1,2,1,2,505,6.226536669287466,0,1,0,1,5,1,0,2311.0
33,3.5263605246161616,1,0,0,3,5,3,15046,9.618933914758879,1,1,1,3,6,1,0,30031.0
21,3.091042453358316,1,0,0,1,0,1,445,6.100318952020064,0,1,0,4,5,1,0,2311.0
21,3.091042453358316,1,0,0,1,0,1,243,5.497168225293202,0,0,3,5,3,3,0,2311.0
15,2.772588722239781,1,0,0,0,1,5,1102,7.005789019253503,1,1,2,3,2,1,0,2311.0
20,3.044522437723423,1,1,2,0,6,0,956,6.863803391452954,1,2,1,4,6,4,0,2311.0
9,2.302585092994046,1,0,0,4,2,9,179,5.19295685089021,0,2,4,4,9,1,0,211.0
3,1.3862943611198906,1,0,0,3,3,3,2,1.0986122886681098,1,2,2,2,2,1,0,31.0
15,2.772588722239781,1,0,0,0,1,5,2118,7.6586995582682995,1,0,3,4,8,3,0,2311.0
19,2.995732273553991,1,0,1,4,5,9,1020,6.928537818164665,1,0,0,5,0,1,0,2311.0
35,3.58351893845611,1,0,2,0,0,5,14053,9.550662331752143,0,1,3,4,3,1,0,30031.0
30,3.4339872044851463,1,1,0,0,2,0,238,5.476463551931511,1,1,3,0,8,2,0,2311.0
31,3.4657359027997265,1,0,1,1,3,1,26924,10.20081050202459,1,2,4,2,4,1,0,30031.0
20,3.044522437723423,1,1,2,0,6,0,2136,7.667158255319148,1,0,1,1,6,4,0,2311.0
24,3.2188758248682006,1,1,0,4,3,4,2236,7.71289096149013,1,1,1,3,6,4,0,2311.0
19,2.995732273553991,1,0,1,4,5,9,1785,7.487733761436444,0,0,0,0,5,1,0,2311.0
23,3.1780538303479458,1,0,2,3,2,3,1971,7.586803535162581,0,0,1,4,1,1,0,2311.0
34,3.5553480614894135,1,1,1,4,6,4,27920,10.23713437285382,1,2,0,4,0,2,0,30031.0
33,3.5263605246161616,1,0,0,3,5,3,142,4.962844630259907,1,1,2,2,2,1,0,30031.0
19,2.995732273553991,1,0,1,4,5,9,1923,7.562161631225652,0,0,3,5,3,1,0,2311.0
17,2.8903717578961645,1,0,2,2,3,7,772,6.650279048587422,1,1,2,2,2,1,0,2311.0
3,1.3862943611198906,1,0,0,3,3,3,23,3.1780538303479458,0,2,3,2,3,1,0,31.0
17,2.8903717578961645,1,0,2,2,3,7,1964,7.583247524303362,1,2,4,4,4,1,0,2311.0
19,2.995732273553991,1,0,1,4,5,9,906,6.810142450115136,1,0,1,3,6,1,0,2311.0
31,3.4657359027997265,1,0,1,1,3,1,1818,7.506042178518122,1,0,3,5,8,1,0,30031.0
31,3.4657359027997265,1,0,1,1,3,1,16195,9.692519577152051,0,1,0,4,5,1,0,30031.0
2,1.0986122886681098,1,1,2,2,2,2,3,1.3862943611198906,0,0,3,3,3,1,0,7.0
18,2.9444389791664403,1,1,0,3,4,8,805,6.692083742506628,0,1,0,0,5,1,0,2311.0
34,3.5553480614894135,1,1,1,4,6,4,7229,8.88599431515281,0,2,4,5,9,1,0,30031.0
27,3.332204510175204,1,0,0,2,6,7,1290,7.1631723908466425,1,0,0,2,0,3,0,2311.0
16,2.833213344056216,1,1,1,1,2,6,1758,7.472500744737558,1,0,3,1,8,2,0,2311.0
11,2.4849066497880004,1,0,2,1,4,1,31,3.4657359027997265,0,1,1,3,1,1,0,211.0
40,3.713572066704308,1,1,1,0,5,0,23813,10.07802892201112,0,2,3,6,3,1,0,30031.0
18,2.9444389791664403,1,1,0,3,4,8,1850,7.523481312573497,1,2,0,2,0,2,0,2311.0
28,3.367295829986474,1,1,1,3,0,8,2012,7.607381425639791,1,2,2,3,2,4,0,2311.0
23,3.1780538303479458,1,0,2,3,2,3,722,6.583409222158765,1,2,2,1,2,1,0,2311.0
34,3.5553480614894135,1,1,1,4,6,4,25303,10.138717764985484,0,1,3,5,3,1,0,30031.0
28,3.367295829986474,1,1,1,3,0,8,339,5.8289456176102075,0,0,4,3,9,1,0,2311.0
25,3.258096538021482,1,0,1,0,4,5,1740,7.462214939768189,1,0,0,4,0,5,0,2311.0
28,3.367295829986474,1,1,1,3,0,8,1996,7.599401333415815,1,1,1,1,6,4,0,2311.0
36,3.6109179126442243,1,1,0,1,1,6,2995,8.005033344637111,0,1,0,6,5,1,0,30031.0
23,3.1780538303479458,1,0,2,3,2,3,2140,7.669028288589683,1,1,0,5,0,1,0,2311.0
11,2.4849066497880004,1,0,2,1,4,1,6,1.9459101490553132,1,0,1,6,6,1,0,211.0
30,3.4339872044851463,1,1,0,0,2,0,2004,7.60339933974067,1,0,4,2,4,6,0,2311.0
38,3.6635616461296463,1,1,2,3,3,8,12808,9.457903327831136,1,1,3,5,8,2,0,30031.0
38,3.6635616461296463,1,1,2,3,3,8,25509,10.146825811135857,0,0,4,1,9,1,0,30031.0
28,3.367295829986474,1,1,1,3,0,8,1513,7.322510433997394,0,1,3,1,3,1,0,2311.0
16,2.833213344056216,1,1,1,1,2,6,1005,6.913737350659685,0,0,0,4,5,1,0,2311.0
25,3.258096538021482,1,0,1,0,4,5,2071,7.6362696033793735,0,1,1,6,1,1,0,2311.0
29,3.4011973816621555,1,0,2,4,1,9,2257,7.722234744709607,0,1,2,3,7,1,0,2311.0
11,2.4849066497880004,1,0,2,1,4,1,135,4.912654885736052,0,0,0,2,5,1,0,211.0
21,3.091042453358316,1,0,0,1,0,1,843,6.738152494595957,0,0,3,3,3,3,0,2311.0
6,1.9459101490553132,1,1,0,1,6,6,9,2.302585092994046,0,0,4,2,9,3,0,31.0
15,2.772588722239781,1,0,0,0,1,5,2252,7.720017940432244,1,2,2,5,2,1,0,2311.0
31,3.4657359027997265,1,0,1,1,3,1,21730,9.986495091519735,1,1,0,2,0,1,0,30031.0
31,3.4657359027997265,1,0,1,1,3,1,9996,9.210040326967182,1,0,1,0,6,1,0,30031.0
21,3.091042453358316,1,0,0,1,0,1,1756,7.471363088187097,1,1,1,6,6,1,0,2311.0
20,3.044522437723423,1,1,2,0,6,0,21,3.091042453358316,0,0,1,0,1,1,0,2311.0
14,2.70805020110221,1,1,2,4,0,4,16,2.833213344056216,1,1,1,2,6,2,0,211.0
31,3.4657359027997265,1,0,1,1,3,1,15635,9.657331226912845,0,2,0,4,5,1,0,30031.0
40,3.713572066704308,1,1,1,0,5,0,9277,9.135401285311689,0,1,2,2,7,1,0,30031.0
32,3.4965075614664802,1,1,2,2,4,2,1498,7.312553498102598,1,1,3,0,8,2,0,30031.0
18,2.9444389791664403,1,1,0,3,4,8,1912,7.556427969440253,1,1,2,1,2,2,0,2311.0
7,2.0794415416798357,1,0,1,2,0,7,46,3.8501476017100584,1,1,1,4,6,1,0,211.0
39,3.6888794541139363,1,0,0,4,4,9,23821,10.078364802440847,0,1,1,0,1,1,0,30031.0
39,3.6888794541139363,1,0,0,4,4,9,25115,10.131260372234,0,2,0,6,5,1,0,30031.0
5,1.791759469228055,1,0,2,0,5,5,21,3.091042453358316,0,0,1,0,1,1,0,31.0
16,2.833213344056216,1,1,1,1,2,6,2295,7.738923757439457,0,0,0,6,5,1,0,2311.0
16,2.833213344056216,1,1,1,1,2,6,1104,7.007600613951853,1,0,4,5,4,16,1,2311.0
36,3.6109179126442243,1,1,0,1,1,6,8539,9.052516286782616,0,1,4,6,9,1,0,30031.0
27,3.332204510175204,1,0,0,2,6,7,1325,7.189922170745808,0,2,0,2,5,1,0,2311.0
11,2.4849066497880004,1,0,2,1,4,1,155,5.049856007249537,0,2,0,1,5,1,0,211.0
19,2.995732273553991,1,0,1,4,5,9,2041,7.621684998724611,0,1,1,4,1,1,0,2311.0
28,3.367295829986474,1,1,1,3,0,8,1015,6.923628628138427,0,1,0,0,5,7,0,2311.0
20,3.044522437723423,1,1,2,0,6,0,118,4.77912349311153,1,1,3,6,8,2,0,2311.0
40,3.713572066704308,1,1,1,0,5,0,3902,8.269500767180615,1,2,2,3,2,2,0,30031.0
13,2.6390573296152584,1,0,1,3,6,3,31,3.4657359027997265,0,1,1,3,1,1,0,211.0
33,3.5263605246161616,1,0,0,3,5,3,13682,9.52390946537981,1,2,2,4,2,1,0,30031.0
4,1.6094379124341003,1,1,1,4,4,4,5,1.791759469228055,0,2,0,5,5,1,0,31.0
4,1.6094379124341003,1,1,1,4,4,4,12,2.5649493574615367,1,0,2,5,2,4,1,31.0
34,3.5553480614894135,1,1,1,4,6,4,9602,9.169830828637973,1,2,2,5,2,2,0,30031.0
22,3.1354942159291497,1,1,1,2,1,2,965,6.873163834212518,0,2,0,6,5,1,0,2311.0
2,1.0986122886681098,1,1,2,2,2,2,7,2.0794415416798357,0,1,2,0,7,1,0,7.0
9,2.302585092994046,1,0,0,4,2,9,171,5.147494476813453,0,0,1,3,1,9,1,211.0
36,3.6109179126442243,1,1,0,1,1,6,25910,10.162422867948395,1,2,0,3,0,2,0,30031.0
35,3.58351893845611,1,0,2,0,0,5,23376,10.059507911994038,1,0,1,3,6,1,0,30031.0
34,3.5553480614894135,1,1,1,4,6,4,21509,9.976273222261776,0,2,4,5,9,1,0,30031.0
8,2.1972245773362196,1,1,2,3,1,8,100,4.61512051684126,1,1,0,2,0,4,0,211.0
27,3.332204510175204,1,0,0,2,6,7,77,4.356708826689592,0,2,2,0,7,1,0,2311.0
32,3.4965075614664802,1,1,2,2,4,2,18428,9.821680789832037,1,2,3,4,8,4,0,30031.0
17,2.8903717578961645,1,0,2,2,3,7,281,5.641907070938114,0,2,1,1,1,1,0,2311.0
5,1.791759469228055,1,0,2,0,5,5,13,2.6390573296152584,0,1,3,6,3,1,0,31.0
19,2.995732273553991,1,0,1,4,5,9,1748,7.466799475018602,1,2,3,5,8,19,1,2311.0
12,2.5649493574615367,1,1,0,2,5,2,47,3.871201010907891,0,2,2,5,7,1,0,211.0
24,3.2188758248682006,1,1,0,4,3,4,396,5.983936280687191,1,0,1,4,6,12,0,2311.0
29,3.4011973816621555,1,0,2,4,1,9,2060,7.630946580890459,1,2,0,2,0,1,0,2311.0
18,2.9444389791664403,1,1,0,3,4,8,2152,7.674617497364363,1,1,2,3,2,2,0,2311.0
23,3.1780538303479458,1,0,2,3,2,3,860,6.7580945044277305,1,2,0,6,0,1,0,2311.0
19,2.995732273553991,1,0,1,4,5,9,1120,7.02197642307216,1,1,0,0,0,1,0,2311.0
16,2.833213344056216,1,1,1,1,2,6,927,6.833031732786201,0,0,2,3,7,1,0,2311.0
6,1.9459101490553132,1,1,0,1,6,6,10,2.3978952727983707,1,1,0,3,0,2,0,31.0
9,2.302585092994046,1,0,0,4,2,9,44,3.8066624897703196,1,2,4,2,4,1,0,211.0
12,2.5649493574615367,1,1,0,2,5,2,66,4.204692619390966,1,0,1,3,6,6,0,211.0
40,3.713572066704308,1,1,1,0,5,0,18262,9.812632434192041,1,1,2,6,2,2,0,30031.0
17,2.8903717578961645,1,0,2,2,3,7,1984,7.59337419312129,1,1,4,3,4,1,0,2311.0
10,2.3978952727983707,1,1,1,0,3,0,85,4.454347296253507,0,1,0,1,5,5,0,211.0
30,3.4339872044851463,1,1,0,0,2,0,15,2.772588722239781,0,0,0,1,5,15,1,2311.0
33,3.5263605246161616,1,0,0,3,5,3,14942,9.611998241741393,1,2,2,4,2,1,0,30031.0
31,3.4657359027997265,1,0,1,1,3,1,6490,8.778171881033469,1,1,0,1,0,1,0,30031.0
33,3.5263605246161616,1,0,0,3,5,3,22508,10.02167050821384,1,2,3,3,8,1,0,30031.0
22,3.1354942159291497,1,1,1,2,1,2,1346,7.205635176410364,1,2,1,2,6,2,0,2311.0
35,3.58351893845611,1,0,2,0,0,5,1905,7.552762084214147,0,0,0,1,5,5,0,30031.0
23,3.1780538303479458,1,0,2,3,2,3,975,6.883462586413092,0,0,0,2,5,1,0,2311.0
37,3.6375861597263857,1,0,1,2,2,7,18296,9.814492390964565,1,2,1,5,6,1,0,30031.0
22,3.1354942159291497,1,1,1,2,1,2,1483,7.302496423727326,0,1,3,6,3,1,0,2311.0
35,3.58351893845611,1,0,2,0,0,5,23915,10.082302970000795,0,2,0,3,5,5,0,30031.0
14,2.70805020110221,1,1,2,4,0,4,117,4.770684624465665,0,0,2,5,7,1,0,211.0
22,3.1354942159291497,1,1,1,2,1,2,1143,7.042286171939743,0,0,3,2,3,1,0,2311.0
38,3.6635616461296463,1,1,2,3,3,8,16658,9.720705889909716,1,2,3,5,8,2,0,30031.0
32,3.4965075614664802,1,1,2,2,4,2,2481,7.8168199657645525,0,0,1,3,1,1,0,30031.0
2,1.0986122886681098,1,1,2,2,2,2,2,1.0986122886681098,1,2,2,2,2,2,1,7.0
10,2.3978952727983707,1,1,1,0,3,0,130,4.875197323201151,1,1,0,4,0,10,1,211.0
33,3.5263605246161616,1,0,0,3,5,3,24428,10.103526230135241,1,2,3,5,8,1,0,30031.0
38,3.6635616461296463,1,1,2,3,3,8,8238,9.01663425631559,1,0,3,6,8,2,0,30031.0
11,2.4849066497880004,1,0,2,1,4,1,165,5.111987788356544,0,0,0,4,5,11,1,211.0
7,2.0794415416798357,1,0,1,2,0,7,32,3.4965075614664802,1,2,2,4,2,1,0,211.0
13,2.6390573296152584,1,0,1,3,6,3,184,5.220355825078324,1,1,4,2,4,1,0,211.0
39,3.6888794541139363,1,0,0,4,4,9,24686,10.114032068273822,1,2,1,4,6,1,0,30031.0
26,3.295836866004329,1,1,2,1,5,6,2253,7.720461694599722,0,0,3,6,3,1,0,2311.0
37,3.6375861597263857,1,0,1,2,2,7,12719,9.450930836894113,0,2,4,0,9,1,0,30031.0
23,3.1780538303479458,1,0,2,3,2,3,267,5.5909869805108565,0,0,2,1,7,1,0,2311.0
7,2.0794415416798357,1,0,1,2,0,7,15,2.772588722239781,0,0,0,1,5,1,0,211.0
27,3.332204510175204,1,0,0,2,6,7,991,6.899723107284872,0,1,1,4,1,1,0,2311.0
30,3.4339872044851463,1,1,0,0,2,0,900,6.803505257608338,1,0,0,4,0,30,1,2311.0
24,3.2188758248682006,1,1,0,4,3,4,1995,7.59890045687141,0,0,0,0,5,3,0,2311.0
26,3.295836866004329,1,1,2,1,5,6,588,6.3784261836515865,1,0,3,0,8,2,0,2311.0
21,3.091042453358316,1,0,0,1,0,1,670,6.508769136971682,1,1,0,5,0,1,0,2311.0
38,3.6635616461296463,1,1,2,3,3,8,4601,8.434246270595311,0,2,1,2,1,1,0,30031.0
3,1.3862943611198906,1,0,0,3,3,3,4,1.6094379124341003,1,1,4,4,4,1,0,31.0
30,3.4339872044851463,1,1,0,0,2,0,681,6.525029657843462,0,0,1,2,1,3,0,2311.0
16,2.833213344056216,1,1,1,1,2,6,294,5.68697535633982,1,0,4,0,4,2,0,2311.0
12,2.5649493574615367,1,1,0,2,5,2,54,4.007333185232471,1,0,4,5,4,6,0,211.0
32,3.4965075614664802,1,1,2,2,4,2,5864,8.676757761087575,1,2,4,5,4,8,0,30031.0
13,2.6390573296152584,1,0,1,3,6,3,94,4.553876891600541,1,1,4,3,4,1,0,211.0
18,2.9444389791664403,1,1,0,3,4,8,147,4.997212273764115,0,0,2,0,7,3,0,2311.0
5,1.791759469228055,1,0,2,0,5,5,4,1.6094379124341003,1,1,4,4,4,1,0,31.0
8,2.1972245773362196,1,1,2,3,1,8,47,3.871201010907891,0,2,2,5,7,1,0,211.0
22,3.1354942159291497,1,1,1,2,1,2,9,2.302585092994046,0,0,4,2,9,1,0,2311.0
14,2.70805020110221,1,1,2,4,0,4,98,4.59511985013459,1,2,3,0,8,14,1,211.0
10,2.3978952727983707,1,1,1,0,3,0,75,4.330733340286331,0,0,0,5,5,5,0,211.0
14,2.70805020110221,1,1,2,4,0,4,53,3.9889840465642745,0,2,3,4,3,1,0,211.0
38,3.6635616461296463,1,1,2,3,3,8,13919,9.54108193388841,0,2,4,3,9,1,0,30031.0
8,2.1972245773362196,1,1,2,3,1,8,43,3.784189633918261,0,1,3,1,3,1,0,211.0
37,3.6375861597263857,1,0,1,2,2,7,912,6.816735880594968,1,0,2,2,2,1,0,30031.0
26,3.295836866004329,1,1,2,1,5,6,857,6.754604099487962,0,2,2,3,7,1,0,2311.0
30,3.4339872044851463,1,1,0,0,2,0,707,6.56244409369372,0,2,2,0,7,1,0,2311.0
38,3.6635616461296463,1,1,2,3,3,8,12302,9.41759841406017,1,2,2,3,2,2,0,30031.0
28,3.367295829986474,1,1,1,3,0,8,40,3.713572066704308,1,1,0,5,0,4,0,2311.0
40,3.713572066704308,1,1,1,0,5,0,29428,10.28973586171716,1,1,3,0,8,4,0,30031.0
32,3.4965075614664802,1,1,2,2,4,2,26891,10.199584123588927,0,2,1,4,1,1,0,30031.0
14,2.70805020110221,1,1,2,4,0,4,109,4.700480365792417,0,1,4,4,9,1,0,211.0
25,3.258096538021482,1,0,1,0,4,5,1508,7.319202458767849,1,2,3,3,8,1,0,2311.0
25,3.258096538021482,1,0,1,0,4,5,770,6.647688373563329,1,2,0,0,0,5,0,2311.0
23,3.1780538303479458,1,0,2,3,2,3,2209,7.700747794511798,0,1,4,4,9,1,0,2311.0
11,2.4849066497880004,1,0,2,1,4,1,195,5.278114659230517,0,0,0,6,5,1,0,211.0
17,2.8903717578961645,1,0,2,2,3,7,1759,7.473069088032197,0,1,4,2,9,1,0,2311.0
34,3.5553480614894135,1,1,1,4,6,4,8962,9.100860271357362,1,1,2,2,2,2,0,30031.0
40,3.713572066704308,1,1,1,0,5,0,2305,7.743269700829004,0,1,0,2,5,5,0,30031.0
23,3.1780538303479458,1,0,2,3,2,3,1030,6.93828448401696,1,1,0,1,0,1,0,2311.0
8,2.1972245773362196,1,1,2,3,1,8,156,5.056245805348308,1,0,1,2,6,4,0,211.0
27,3.332204510175204,1,0,0,2,6,7,818,6.70808408385307,1,2,3,6,8,1,0,2311.0
23,3.1780538303479458,1,0,2,3,2,3,2092,7.646353722445999,1,1,2,6,2,1,0,2311.0
11,2.4849066497880004,1,0,2,1,4,1,132,4.890349128221754,1,0,2,6,2,11,1,211.0
19,2.995732273553991,1,0,1,4,5,9,1574,7.362010551259734,1,2,4,6,4,1,0,2311.0
38,3.6635616461296463,1,1,2,3,3,8,22492,10.0209594286763,1,1,2,1,2,2,0,30031.0
23,3.1780538303479458,1,0,2,3,2,3,359,5.886104031450156,0,2,4,2,9,1,0,2311.0
7,2.0794415416798357,1,0,1,2,0,7,118,4.77912349311153,1,1,3,6,8,1,0,211.0
29,3.4011973816621555,1,0,2,4,1,9,607,6.410174881966167,0,1,2,5,7,1,0,2311.0
18,2.9444389791664403,1,1,0,3,4,8,2226,7.708410667257367,1,0,1,0,6,6,0,2311.0
29,3.4011973816621555,1,0,2,4,1,9,297,5.697093486505405,0,0,2,3,7,1,0,2311.0
33,3.5263605246161616,1,0,0,3,5,3,19298,9.86780856007911,1,2,3,6,8,1,0,30031.0
34,3.5553480614894135,1,1,1,4,6,4,6411,8.765926513729443,0,0,1,6,1,1,0,30031.0
26,3.295836866004329,1,1,2,1,5,6,925,6.8308742346461795,0,1,0,1,5,1,0,2311.0
32,3.4965075614664802,1,1,2,2,4,2,13411,9.50390510758612,0,1,1,6,1,1,0,30031.0
30,3.4339872044851463,1,1,0,0,2,0,2036,7.619233416226805,1,2,1,6,6,2,0,2311.0
23,3.1780538303479458,1,0,2,3,2,3,1733,7.458186157340487,0,2,3,4,3,1,0,2311.0
29,3.4011973816621555,1,0,2,4,1,9,1544,7.3427791893318455,1,2,4,4,4,1,0,2311.0
27,3.332204510175204,1,0,0,2,6,7,2253,7.720461694599722,0,0,3,6,3,3,0,2311.0
36,3.6109179126442243,1,1,0,1,1,6,18469,9.823903073193286,0,1,4,3,9,1,0,30031.0
32,3.4965075614664802,1,1,2,2,4,2,15521,9.650013651414085,0,2,1,2,1,1,0,30031.0
36,3.6109179126442243,1,1,0,1,1,6,23043,10.045160710852274,0,0,3,6,3,3,0,30031.0
34,3.5553480614894135,1,1,1,4,6,4,16592,9.716736198662788,1,2,2,2,2,34,1,30031.0
39,3.6888794541139363,1,0,0,4,4,9,9901,9.200492035921368,0,1,1,3,1,1,0,30031.0
32,3.4965075614664802,1,1,2,2,4,2,3465,8.150756470275551,0,0,0,0,5,1,0,30031.0
10,2.3978952727983707,1,1,1,0,3,0,97,4.584967478670572,0,1,2,6,7,1,0,211.0
8,2.1972245773362196,1,1,2,3,1,8,33,3.5263605246161616,0,0,3,5,3,1,0,211.0
25,3.258096538021482,1,0,1,0,4,5,902,6.805722553416985,1,2,2,6,2,1,0,2311.0
26,3.295836866004329,1,1,2,1,5,6,2123,7.66105638236183,0,2,3,2,3,1,0,2311.0
37,3.6375861597263857,1,0,1,2,2,7,3665,8.20685642839965,0,2,0,4,5,1,0,30031.0
16,2.833213344056216,1,1,1,1,2,6,1130,7.030857476116121,1,2,0,3,0,2,0,2311.0
30,3.4339872044851463,1,1,0,0,2,0,186,5.231108616854587,1,0,1,4,6,6,0,2311.0
31,3.4657359027997265,1,0,1,1,3,1,13291,9.494917629474484,0,1,1,5,1,1,0,30031.0
8,2.1972245773362196,1,1,2,3,1,8,112,4.727387818712341,1,1,2,0,2,8,1,211.0
15,2.772588722239781,1,0,0,0,1,5,1181,7.074963197966044,0,2,1,5,1,1,0,2311.0
31,3.4657359027997265,1,0,1,1,3,1,4471,8.405591014834934,0,1,1,5,1,1,0,30031.0
26,3.295836866004329,1,1,2,1,5,6,1200,7.0909098220799835,1,0,0,3,0,2,0,2311.0
4,1.6094379124341003,1,1,1,4,4,4,30,3.4339872044851463,1,0,0,2,0,2,0,31.0
40,3.713572066704308,1,1,1,0,5,0,2311,7.7458682297922685,0,1,1,1,1,1,0,30031.0
25,3.258096538021482,1,0,1,0,4,5,162,5.093750200806762,1,0,2,1,2,1,0,2311.0
39,3.6888794541139363,1,0,0,4,4,9,28024,10.24085224794036,1,1,4,3,4,1,0,30031.0
6,1.9459101490553132,1,1,0,1,6,6,22,3.1354942159291497,1,1,2,1,2,2,0,31.0
13,2.6390573296152584,1,0,1,3,6,3,186,5.231108616854587,1,0,1,4,6,1,0,211.0
14,2.70805020110221,1,1,2,4,0,4,103,4.6443908991413725,0,1,3,5,3,1,0,211.0
17,2.8903717578961645,1,0,2,2,3,7,884,6.785587645007929,1,2,4,2,4,17,1,2311.0
34,3.5553480614894135,1,1,1,4,6,4,2963,7.994294986415977,0,2,3,2,3,1,0,30031.0
7,2.0794415416798357,1,0,1,2,0,7,197,5.288267030694535,0,2,2,1,7,1,0,211.0
9,2.302585092994046,1,0,0,4,2,9,64,4.174387269895637,1,1,4,1,4,1,0,211.0
27,3.332204510175204,1,0,0,2,6,7,1357,7.213768308118642,0,1,2,6,7,1,0,2311.0
38,3.6635616461296463,1,1,2,3,3,8,26083,10.169077378513093,0,1,3,1,3,1,0,30031.0
19,2.995732273553991,1,0,1,4,5,9,281,5.641907070938114,0,2,1,1,1,1,0,2311.0
30,3.4339872044851463,1,1,0,0,2,0,2178,7.68662133494462,1,0,3,1,8,6,0,2311.0
21,3.091042453358316,1,0,0,1,0,1,1758,7.472500744737558,1,0,3,1,8,3,0,2311.0
14,2.70805020110221,1,1,2,4,0,4,182,5.209486152841421,1,2,2,0,2,14,1,211.0
22,3.1354942159291497,1,1,1,2,1,2,46,3.8501476017100584,1,1,1,4,6,2,0,2311.0
12,2.5649493574615367,1,1,0,2,5,2,48,3.8918202981106265,1,0,3,6,8,12,1,211.0
26,3.295836866004329,1,1,2,1,5,6,1777,7.48324441607385,0,1,2,6,7,1,0,2311.0
27,3.332204510175204,1,0,0,2,6,7,775,6.654152520183219,0,1,0,5,5,1,0,2311.0
15,2.772588722239781,1,0,0,0,1,5,685,6.530877627725885,0,1,0,6,5,5,0,2311.0
10,2.3978952727983707,1,1,1,0,3,0,178,5.187385805840755,1,1,3,3,8,2,0,211.0
18,2.9444389791664403,1,1,0,3,4,8,1822,7.508238774678663,1,1,2,2,2,2,0,2311.0
19,2.995732273553991,1,0,1,4,5,9,2146,7.671826797878781,1,1,1,4,6,1,0,2311.0
4,1.6094379124341003,1,1,1,4,4,4,2,1.0986122886681098,1,2,2,2,2,2,1,31.0
4,1.6094379124341003,1,1,1,4,4,4,15,2.772588722239781,0,0,0,1,5,1,0,31.0
34,3.5553480614894135,1,1,1,4,6,4,6941,8.845345196421732,0,2,1,4,1,1,0,30031.0
26,3.295836866004329,1,1,2,1,5,6,291,5.676753802268282,0,0,1,4,1,1,0,2311.0
4,1.6094379124341003,1,1,1,4,4,4,4,1.6094379124341003,1,1,4,4,4,4,1,31.0
7,2.0794415416798357,1,0,1,2,0,7,58,4.07753744390572,1,1,3,2,8,1,0,211.0
39,3.6888794541139363,1,0,0,4,4,9,14402,9.57519179719905,1,2,2,3,2,1,0,30031.0
28,3.367295829986474,1,1,1,3,0,8,2273,7.729295674310482,0,2,3,5,3,1,0,2311.0
31,3.4657359027997265,1,0,1,1,3,1,9041,9.109635667854551,0,2,1,4,1,1,0,30031.0
13,2.6390573296152584,1,0,1,3,6,3,145,4.983606621708336,0,1,0,5,5,1,0,211.0
21,3.091042453358316,1,0,0,1,0,1,704,6.558197802812269,1,2,4,4,4,1,0,2311.0
23,3.1780538303479458,1,0,2,3,2,3,1051,6.9584483932976555,0,1,1,1,1,1,0,2311.0
40,3.713572066704308,1,1,1,0,5,0,18680,9.835262243540562,1,2,0,4,0,40,1,30031.0
33,3.5263605246161616,1,0,0,3,5,3,5997,8.699181359308954,0,0,2,5,7,3,0,30031.0
30,3.4339872044851463,1,1,0,0,2,0,408,6.013715156042802,1,0,3,2,8,6,0,2311.0
4,1.6094379124341003,1,1,1,4,4,4,16,2.833213344056216,1,1,1,2,6,4,1,31.0
28,3.367295829986474,1,1,1,3,0,8,1974,7.5883236773352225,1,0,4,0,4,14,0,2311.0
26,3.295836866004329,1,1,2,1,5,6,1709,7.444248649496705,0,2,4,1,9,1,0,2311.0
37,3.6375861597263857,1,0,1,2,2,7,28280,10.24994548006426,1,2,0,0,0,1,0,30031.0
33,3.5263605246161616,1,0,0,3,5,3,8566,9.055672891964043,1,1,1,5,6,1,0,30031.0
25,3.258096538021482,1,0,1,0,4,5,1548,7.3453648404168685,1,0,3,1,8,1,0,2311.0
28,3.367295829986474,1,1,1,3,0,8,835,6.728628613084702,0,1,0,2,5,1,0,2311.0
28,3.367295829986474,1,1,1,3,0,8,2051,7.62657020629066,0,2,1,0,1,7,0,2311.0
5,1.791759469228055,1,0,2,0,5,5,22,3.1354942159291497,1,1,2,1,2,1,0,31.0
36,3.6109179126442243,1,1,0,1,1,6,13405,9.503457646917903,0,1,0,0,5,1,0,30031.0
20,3.044522437723423,1,1,2,0,6,0,892,6.794586580876499,1,1,2,3,2,4,0,2311.0
19,2.995732273553991,1,0,1,4,5,9,378,5.937536205082426,1,0,3,0,8,1,0,2311.0
35,3.58351893845611,1,0,2,0,0,5,613,6.419994928147142,0,1,3,4,3,1,0,30031.0
28,3.367295829986474,1,1,1,3,0,8,1747,7.466227556215481,0,1,2,4,7,1,0,2311.0
38,3.6635616461296463,1,1,2,3,3,8,16011,9.681093720112464,0,0,1,2,1,1,0,30031.0
18,2.9444389791664403,1,1,0,3,4,8,763,6.638567789166521,0,1,3,0,3,1,0,2311.0
9,2.302585092994046,1,0,0,4,2,9,31,3.4657359027997265,0,1,1,3,1,1,0,211.0
21,3.091042453358316,1,0,0,1,0,1,1266,7.144407180321139,1,0,1,6,6,3,0,2311.0
17,2.8903717578961645,1,0,2,2,3,7,307,5.730099782973574,0,1,2,6,7,1,0,2311.0
22,3.1354942159291497,1,1,1,2,1,2,1693,7.434847875211999,0,1,3,6,3,1,0,2311.0
33,3.5263605246161616,1,0,0,3,5,3,475,6.16541785423142,0,1,0,6,5,1,0,30031.0
34,3.5553480614894135,1,1,1,4,6,4,6266,8.743053050224676,1,2,1,1,6,2,0,30031.0
7,2.0794415416798357,1,0,1,2,0,7,69,4.248495242049359,0,0,4,6,9,1,0,211.0
17,2.8903717578961645,1,0,2,2,3,7,858,6.755768921984255,1,0,3,4,8,1,0,2311.0
18,2.9444389791664403,1,1,0,3,4,8,85,4.454347296253507,0,1,0,1,5,1,0,2311.0
19,2.995732273553991,1,0,1,4,5,9,135,4.912654885736052,0,0,0,2,5,1,0,2311.0
35,3.58351893845611,1,0,2,0,0,5,1964,7.583247524303362,1,2,4,4,4,1,0,30031.0
12,2.5649493574615367,1,1,0,2,5,2,46,3.8501476017100584,1,1,1,4,6,2,0,211.0
26,3.295836866004329,1,1,2,1,5,6,48,3.8918202981106265,1,0,3,6,8,2,0,2311.0
40,3.713572066704308,1,1,1,0,5,0,17216,9.753652546776472,1,2,1,3,6,8,0,30031.0
39,3.6888794541139363,1,0,0,4,4,9,4788,8.47407690034261,1,0,3,0,8,3,0,30031.0
33,3.5263605246161616,1,0,0,3,5,3,7174,8.878358040627822,1,1,4,6,4,1,0,30031.0
14,2.70805020110221,1,1,2,4,0,4,49,3.912023005428146,0,1,4,0,9,7,0,211.0
11,2.4849066497880004,1,0,2,1,4,1,76,4.343805421853684,1,1,1,6,6,1,0,211.0
16,2.833213344056216,1,1,1,1,2,6,1826,7.510430556378006,1,2,1,6,6,2,0,2311.0
17,2.8903717578961645,1,0,2,2,3,7,503,6.222576268071369,0,2,3,6,3,1,0,2311.0
16,2.833213344056216,1,1,1,1,2,6,2115,7.65728279297819,0,0,0,1,5,1,0,2311.0
15,2.772588722239781,1,0,0,0,1,5,1516,7.324489979348532,1,1,1,4,6,1,0,2311.0
28,3.367295829986474,1,1,1,3,0,8,568,6.343880434126331,1,1,3,1,8,4,0,2311.0
16,2.833213344056216,1,1,1,1,2,6,1571,7.360103972989152,0,2,1,3,1,1,0,2311.0
30,3.4339872044851463,1,1,0,0,2,0,1387,7.23561914106675,0,1,2,1,7,1,0,2311.0
18,2.9444389791664403,1,1,0,3,4,8,2124,7.661527081358517,1,0,4,3,4,18,1,2311.0
40,3.713572066704308,1,1,1,0,5,0,5223,8.561018670956267,0,0,3,1,3,1,0,30031.0
29,3.4011973816621555,1,0,2,4,1,9,699,6.551080335043404,0,0,4,6,9,1,0,2311.0
6,1.9459101490553132,1,1,0,1,6,6,26,3.295836866004329,1,2,1,5,6,2,0,31.0
24,3.2188758248682006,1,1,0,4,3,4,1052,6.959398512133975,1,2,2,2,2,4,0,2311.0
20,3.044522437723423,1,1,2,0,6,0,1796,7.493873886783559,1,2,1,4,6,4,0,2311.0
15,2.772588722239781,1,0,0,0,1,5,813,6.70196036600254,0,0,3,1,3,3,0,2311.0
34,3.5553480614894135,1,1,1,4,6,4,17888,9.791941277791215,1,2,3,3,8,2,0,30031.0
31,3.4657359027997265,1,0,1,1,3,1,25435,10.143920772387299,0,1,0,4,5,1,0,30031.0
15,2.772588722239781,1,0,0,0,1,5,518,6.251903883165888,1,2,3,0,8,1,0,2311.0
13,2.6390573296152584,1,0,1,3,6,3,102,4.634728988229636,1,0,2,4,2,1,0,211.0
12,2.5649493574615367,1,1,0,2,5,2,56,4.04305126783455,1,2,1,0,6,4,0,211.0
40,3.713572066704308,1,1,1,0,5,0,14201,9.561138078742038,0,2,1,5,1,1,0,30031.0
33,3.5263605246161616,1,0,0,3,5,3,15818,9.66896702819858,1,2,3,5,8,11,0,30031.0
14,2.70805020110221,1,1,2,4,0,4,170,5.14166355650266,1,2,0,2,0,2,0,211.0
21,3.091042453358316,1,0,0,1,0,1,886,6.787844982309579,1,1,1,4,6,1,0,2311.0
14,2.70805020110221,1,1,2,4,0,4,61,4.127134385045092,0,1,1,5,1,1,0,211.0
32,3.4965075614664802,1,1,2,2,4,2,21637,9.98220630724752,0,1,2,0,7,1,0,30031.0
20,3.044522437723423,1,1,2,0,6,0,1689,7.432483807917119,0,0,4,2,9,1,0,2311.0
40,3.713572066704308,1,1,1,0,5,0,21766,9.988150340414837,1,1,1,3,6,2,0,30031.0
19,2.995732273553991,1,0,1,4,5,9,1197,7.088408778675395,0,0,2,0,7,19,1,2311.0
19,2.995732273553991,1,0,1,4,5,9,1098,7.002155954403621,1,0,3,6,8,1,0,2311.0
38,3.6635616461296463,1,1,2,3,3,8,4909,8.499029220788566,0,1,4,2,9,1,0,30031.0
38,3.6635616461296463,1,1,2,3,3,8,19493,9.877862004897155,0,2,3,5,3,1,0,30031.0
30,3.4339872044851463,1,1,0,0,2,0,1759,7.473069088032197,0,1,4,2,9,1,0,2311.0
16,2.833213344056216,1,1,1,1,2,6,589,6.380122536899765,0,1,4,1,9,1,0,2311.0
9,2.302585092994046,1,0,0,4,2,9,18,2.9444389791664403,1,0,3,4,8,9,1,211.0
13,2.6390573296152584,1,0,1,3,6,3,120,4.795790545596741,1,0,0,1,0,1,0,211.0
9,2.302585092994046,1,0,0,4,2,9,167,5.123963979403259,0,2,2,6,7,1,0,211.0
32,3.4965075614664802,1,1,2,2,4,2,4252,8.355379895253634,1,1,2,3,2,4,0,30031.0
30,3.4339872044851463,1,1,0,0,2,0,1198,7.089243155027514,1,1,3,1,8,2,0,2311.0
35,3.58351893845611,1,0,2,0,0,5,21035,9.953990534709234,0,2,0,0,5,35,1,30031.0
25,3.258096538021482,1,0,1,0,4,5,1832,7.513709247839705,1,2,2,5,2,1,0,2311.0
18,2.9444389791664403,1,1,0,3,4,8,1931,7.566311014772463,0,2,1,6,1,1,0,2311.0
34,3.5553480614894135,1,1,1,4,6,4,11418,9.343033913701648,1,0,3,1,8,2,0,30031.0
39,3.6888794541139363,1,0,0,4,4,9,1563,7.355001921105257,0,0,3,2,3,3,0,30031.0
14,2.70805020110221,1,1,2,4,0,4,196,5.2832037287379885,1,1,1,0,6,14,1,211.0
17,2.8903717578961645,1,0,2,2,3,7,242,5.493061443340548,1,2,2,4,2,1,0,2311.0
24,3.2188758248682006,1,1,0,4,3,4,1560,7.353081920515432,1,0,0,6,0,24,1,2311.0
31,3.4657359027997265,1,0,1,1,3,1,11785,9.374667665397858,0,1,0,4,5,1,0,30031.0
33,3.5263605246161616,1,0,0,3,5,3,18114,9.804495603329178,1,0,4,5,4,3,0,30031.0
17,2.8903717578961645,1,0,2,2,3,7,184,5.220355825078324,1,1,4,2,4,1,0,2311.0
11,2.4849066497880004,1,0,2,1,4,1,114,4.74493212836325,1,0,4,2,4,1,0,211.0
30,3.4339872044851463,1,1,0,0,2,0,9,2.302585092994046,0,0,4,2,9,3,0,2311.0
20,3.044522437723423,1,1,2,0,6,0,945,6.852242569051878,0,0,0,0,5,5,0,2311.0
11,2.4849066497880004,1,0,2,1,4,1,95,4.564348191467836,0,2,0,4,5,1,0,211.0
11,2.4849066497880004,1,0,2,1,4,1,5,1.791759469228055,0,2,0,5,5,1,0,211.0
38,3.6635616461296463,1,1,2,3,3,8,8180,9.009569671513699,1,2,0,4,0,2,0,30031.0
8,2.1972245773362196,1,1,2,3,1,8,9,2.302585092994046,0,0,4,2,9,1,0,211.0
39,3.6888794541139363,1,0,0,4,4,9,23181,10.05113139444869,0,0,1,4,1,3,0,30031.0
33,3.5263605246161616,1,0,0,3,5,3,4595,8.432941638968646,0,2,0,3,5,1,0,30031.0
17,2.8903717578961645,1,0,2,2,3,7,2240,7.714677473800927,1,2,0,0,0,1,0,2311.0
9,2.302585092994046,1,0,0,4,2,9,204,5.3230099791384085,1,0,4,1,4,3,0,211.0
3,1.3862943611198906,1,0,0,3,3,3,7,2.0794415416798357,0,1,2,0,7,1,0,31.0
24,3.2188758248682006,1,1,0,4,3,4,1336,7.198183577101943,1,1,1,6,6,8,0,2311.0
29,3.4011973816621555,1,0,2,4,1,9,1123,7.024649030453636,0,1,3,3,3,1,0,2311.0
14,2.70805020110221,1,1,2,4,0,4,15,2.772588722239781,0,0,0,1,5,1,0,211.0
29,3.4011973816621555,1,0,2,4,1,9,117,4.770684624465665,0,0,2,5,7,1,0,2311.0
33,3.5263605246161616,1,0,0,3,5,3,10621,9.270682600982344,0,1,1,2,1,1,0,30031.0
37,3.6375861597263857,1,0,1,2,2,7,13557,9.51473205799091,0,0,2,5,7,1,0,30031.0
13,2.6390573296152584,1,0,1,3,6,3,43,3.784189633918261,0,1,3,1,3,1,0,211.0
24,3.2188758248682006,1,1,0,4,3,4,1640,7.403061091090091,1,2,0,2,0,8,0,2311.0
3,1.3862943611198906,1,0,0,3,3,3,8,2.1972245773362196,1,2,3,1,8,1,0,31.0
11,2.4849066497880004,1,0,2,1,4,1,193,5.267858159063328,0,1,3,4,3,1,0,211.0
25,3.258096538021482,1,0,1,0,4,5,12,2.5649493574615367,1,0,2,5,2,1,0,2311.0
19,2.995732273553991,1,0,1,4,5,9,1097,7.001245622069476,0,2,2,5,7,1,0,2311.0
16,2.833213344056216,1,1,1,1,2,6,130,4.875197323201151,1,1,0,4,0,2,0,2311.0
20,3.044522437723423,1,1,2,0,6,0,1128,7.029087564149662,1,0,3,1,8,4,0,2311.0
34,3.5553480614894135,1,1,1,4,6,4,11015,9.307104040408491,0,2,0,4,5,1,0,30031.0
27,3.332204510175204,1,0,0,2,6,7,312,5.746203190540153,1,0,2,4,2,3,0,2311.0
14,2.70805020110221,1,1,2,4,0,4,7,2.0794415416798357,0,1,2,0,7,7,1,211.0
24,3.2188758248682006,1,1,0,4,3,4,2040,7.621195162809845,1,0,0,3,0,24,1,2311.0
25,3.258096538021482,1,0,1,0,4,5,342,5.8377304471659395,1,0,2,6,2,1,0,2311.0
14,2.70805020110221,1,1,2,4,0,4,44,3.8066624897703196,1,2,4,2,4,2,0,211.0
33,3.5263605246161616,1,0,0,3,5,3,18873,9.845540592581278,0,0,3,1,3,3,0,30031.0
23,3.1780538303479458,1,0,2,3,2,3,2290,7.736743682453495,1,1,0,1,0,1,0,2311.0
28,3.367295829986474,1,1,1,3,0,8,917,6.822197390620491,0,2,2,0,7,7,0,2311.0
40,3.713572066704308,1,1,1,0,5,0,27345,10.216325544869028,0,0,0,3,5,5,0,30031.0
7,2.0794415416798357,1,0,1,2,0,7,182,5.209486152841421,1,2,2,0,2,7,1,211.0
40,3.713572066704308,1,1,1,0,5,0,6185,8.730043953245016,0,2,0,4,5,5,0,30031.0
17,2.8903717578961645,1,0,2,2,3,7,1714,7.44716835960004,1,1,4,6,4,1,0,2311.0
25,3.258096538021482,1,0,1,0,4,5,2143,7.670428522190693,0,1,3,1,3,1,0,2311.0
28,3.367295829986474,1,1,1,3,0,8,1529,7.333023014386481,0,2,4,3,9,1,0,2311.0
24,3.2188758248682006,1,1,0,4,3,4,806,6.693323668269949,1,2,1,1,6,2,0,2311.0
28,3.367295829986474,1,1,1,3,0,8,108,4.6913478822291435,1,0,3,3,8,4,0,2311.0
13,2.6390573296152584,1,0,1,3,6,3,39,3.6888794541139363,0,0,4,4,9,13,1,211.0
15,2.772588722239781,1,0,0,0,1,5,742,6.610696044717759,1,1,2,0,2,1,0,2311.0
37,3.6375861597263857,1,0,1,2,2,7,14201,9.561138078742038,0,2,1,5,1,1,0,30031.0
4,1.6094379124341003,1,1,1,4,4,4,7,2.0794415416798357,0,1,2,0,7,1,0,31.0
19,2.995732273553991,1,0,1,4,5,9,1859,7.528331766707247,0,2,4,4,9,1,0,2311.0
40,3.713572066704308,1,1,1,0,5,0,15440,9.644781588320864,1,2,0,5,0,40,1,30031.0
33,3.5263605246161616,1,0,0,3,5,3,17466,9.768068665428393,1,0,1,1,6,3,0,30031.0
14,2.70805020110221,1,1,2,4,0,4,34,3.5553480614894135,1,1,4,6,4,2,0,211.0
17,2.8903717578961645,1,0,2,2,3,7,414,6.028278520230698,1,0,4,1,4,1,0,2311.0
25,3.258096538021482,1,0,1,0,4,5,1666,7.418780882750794,1,1,1,0,6,1,0,2311.0
22,3.1354942159291497,1,1,1,2,1,2,2057,7.629489916393995,0,2,2,6,7,11,0,2311.0
27,3.332204510175204,1,0,0,2,6,7,1676,7.424761761823209,1,2,1,3,6,1,0,2311.0
31,3.4657359027997265,1,0,1,1,3,1,18307,9.815093401773533,0,1,2,2,7,1,0,30031.0
5,1.791759469228055,1,0,2,0,5,5,2,1.0986122886681098,1,2,2,2,2,1,0,31.0
30,3.4339872044851463,1,1,0,0,2,0,708,6.5638555265321274,1,0,3,1,8,6,0,2311.0
4,1.6094379124341003,1,1,1,4,4,4,25,3.258096538021482,0,1,0,4,5,1,0,31.0
40,3.713572066704308,1,1,1,0,5,0,16319,9.700146628518098,0,2,4,2,9,1,0,30031.0
18,2.9444389791664403,1,1,0,3,4,8,1227,7.113142108707088,0,0,2,2,7,3,0,2311.0
39,3.6888794541139363,1,0,0,4,4,9,20831,9.944245545008295,0,2,1,6,1,1,0,30031.0
18,2.9444389791664403,1,1,0,3,4,8,82,4.418840607796598,1,1,2,5,2,2,0,2311.0
31,3.4657359027997265,1,0,1,1,3,1,10325,9.242420265439595,0,2,0,0,5,1,0,30031.0
31,3.4657359027997265,1,0,1,1,3,1,27401,10.218371282413054,0,2,1,3,1,1,0,30031.0
12,2.5649493574615367,1,1,0,2,5,2,174,5.1647859739235145,1,0,4,6,4,6,0,211.0
39,3.6888794541139363,1,0,0,4,4,9,17293,9.758114899520375,0,1,3,3,3,1,0,30031.0
19,2.995732273553991,1,0,1,4,5,9,1453,7.282073658093465,0,1,3,4,3,1,0,2311.0
34,3.5553480614894135,1,1,1,4,6,4,20778,9.94169814029988,1,0,3,2,8,2,0,30031.0
9,2.302585092994046,1,0,0,4,2,9,168,5.1298987149230735,1,0,3,0,8,3,0,211.0
31,3.4657359027997265,1,0,1,1,3,1,10910,9.297526733655099,1,2,0,4,0,1,0,30031.0
21,3.091042453358316,1,0,0,1,0,1,1185,7.078341579557671,0,0,0,2,5,3,0,2311.0
40,3.713572066704308,1,1,1,0,5,0,19364,9.871222591948852,1,2,4,2,4,4,0,30031.0
18,2.9444389791664403,1,1,0,3,4,8,1637,7.401231264413015,0,2,2,6,7,1,0,2311.0
18,2.9444389791664403,1,1,0,3,4,8,2046,7.624130585661289,1,0,1,2,6,6,0,2311.0
33,3.5263605246161616,1,0,0,3,5,3,18818,9.842622276764853,1,2,3,2,8,1,0,30031.0
18,2.9444389791664403,1,1,0,3,4,8,2263,7.724888439323074,0,1,3,2,3,1,0,2311.0
12,2.5649493574615367,1,1,0,2,5,2,164,5.10594547390058,1,2,4,3,4,4,0,211.0
22,3.1354942159291497,1,1,1,2,1,2,147,4.997212273764115,0,0,2,0,7,1,0,2311.0
37,3.6375861597263857,1,0,1,2,2,7,1003,6.911747300251674,0,1,3,2,3,1,0,30031.0
35,3.58351893845611,1,0,2,0,0,5,18663,9.834351813701266,0,0,3,1,3,1,0,30031.0
14,2.70805020110221,1,1,2,4,0,4,181,5.204006687076795,0,1,1,6,1,1,0,211.0
25,3.258096538021482,1,0,1,0,4,5,20,3.044522437723423,1,2,0,6,0,5,0,2311.0
27,3.332204510175204,1,0,0,2,6,7,1736,7.459914766241105,1,2,1,0,6,1,0,2311.0
16,2.833213344056216,1,1,1,1,2,6,1257,7.1372784372603855,0,0,2,4,7,1,0,2311.0
37,3.6375861597263857,1,0,1,2,2,7,22821,10.035480261994625,0,0,1,1,1,1,0,30031.0
21,3.091042453358316,1,0,0,1,0,1,1612,7.385851078125209,1,1,2,2,2,1,0,2311.0
4,1.6094379124341003,1,1,1,4,4,4,6,1.9459101490553132,1,0,1,6,6,2,0,31.0
13,2.6390573296152584,1,0,1,3,6,3,89,4.499809670330265,0,2,4,5,9,1,0,211.0
27,3.332204510175204,1,0,0,2,6,7,695,6.54534966033442,0,2,0,2,5,1,0,2311.0
6,1.9459101490553132,1,1,0,1,6,6,25,3.258096538021482,0,1,0,4,5,1,0,31.0
10,2.3978952727983707,1,1,1,0,3,0,186,5.231108616854587,1,0,1,4,6,2,0,211.0
24,3.2188758248682006,1,1,0,4,3,4,2046,7.624130585661289,1,0,1,2,6,6,0,2311.0
21,3.091042453358316,1,0,0,1,0,1,1740,7.462214939768189,1,0,0,4,0,3,0,2311.0
15,2.772588722239781,1,0,0,0,1,5,1141,7.040536390215956,0,1,1,0,1,1,0,2311.0
3,1.3862943611198906,1,0,0,3,3,3,19,2.995732273553991,0,1,4,5,9,1,0,31.0
39,3.6888794541139363,1,0,0,4,4,9,24593,10.110257789732392,0,2,3,2,3,1,0,30031.0
19,2.995732273553991,1,0,1,4,5,9,1200,7.0909098220799835,1,0,0,3,0,1,0,2311.0
38,3.6635616461296463,1,1,2,3,3,8,5517,8.615770754777232,0,0,2,1,7,1,0,30031.0
34,3.5553480614894135,1,1,1,4,6,4,7269,8.891511570527564,0,0,4,3,9,1,0,30031.0
18,2.9444389791664403,1,1,0,3,4,8,1648,7.407924322559599,1,1,3,3,8,2,0,2311.0
12,2.5649493574615367,1,1,0,2,5,2,34,3.5553480614894135,1,1,4,6,4,2,0,211.0
16,2.833213344056216,1,1,1,1,2,6,571,6.349138991379798,0,1,1,4,1,1,0,2311.0
4,1.6094379124341003,1,1,1,4,4,4,13,2.6390573296152584,0,1,3,6,3,1,0,31.0
25,3.258096538021482,1,0,1,0,4,5,1533,7.335633981927201,0,0,3,0,3,1,0,2311.0
36,3.6109179126442243,1,1,0,1,1,6,5662,8.641709066113805,1,1,2,6,2,2,0,30031.0
17,2.8903717578961645,1,0,2,2,3,7,2304,7.742835955430749,1,0,4,1,4,1,0,2311.0
26,3.295836866004329,1,1,2,1,5,6,2088,7.644440761556566,1,0,3,2,8,2,0,2311.0
8,2.1972245773362196,1,1,2,3,1,8,211,5.356586274672012,0,1,1,1,1,1,0,211.0
24,3.2188758248682006,1,1,0,4,3,4,754,6.626717749249025,1,1,4,5,4,2,0,2311.0
21,3.091042453358316,1,0,0,1,0,1,1502,7.315218389752975,1,2,2,4,2,1,0,2311.0
9,2.302585092994046,1,0,0,4,2,9,11,2.4849066497880004,0,2,1,4,1,1,0,211.0
33,3.5263605246161616,1,0,0,3,5,3,12410,9.426338455129521,1,2,0,6,0,1,0,30031.0
35,3.58351893845611,1,0,2,0,0,5,5447,8.60300384782935,0,2,2,1,7,1,0,30031.0
28,3.367295829986474,1,1,1,3,0,8,747,6.617402977974478,0,0,2,5,7,1,0,2311.0
13,2.6390573296152584,1,0,1,3,6,3,115,4.7535901911063645,0,1,0,3,5,1,0,211.0
8,2.1972245773362196,1,1,2,3,1,8,17,2.8903717578961645,0,2,2,3,7,1,0,211.0
40,3.713572066704308,1,1,1,0,5,0,15547,9.651687291972113,0,1,2,0,7,1,0,30031.0
32,3.4965075614664802,1,1,2,2,4,2,18538,9.827631900232593,1,1,3,2,8,2,0,30031.0
25,3.258096538021482,1,0,1,0,4,5,367,5.908082938168931,0,1,2,3,7,1,0,2311.0
35,3.58351893845611,1,0,2,0,0,5,11243,9.327589932026422,0,2,3,1,3,1,0,30031.0
26,3.295836866004329,1,1,2,1,5,6,681,6.525029657843462,0,0,1,2,1,1,0,2311.0
24,3.2188758248682006,1,1,0,4,3,4,369,5.91350300563827,0,0,4,5,9,3,0,2311.0
32,3.4965075614664802,1,1,2,2,4,2,23028,10.044509570248016,1,0,3,5,8,4,0,30031.0
29,3.4011973816621555,1,0,2,4,1,9,1108,7.011213987350367,1,1,3,2,8,1,0,2311.0
3,1.3862943611198906,1,0,0,3,3,3,12,2.5649493574615367,1,0,2,5,2,3,1,31.0
39,3.6888794541139363,1,0,0,4,4,9,12635,9.444305161921976,0,2,0,0,5,1,0,30031.0
39,3.6888794541139363,1,0,0,4,4,9,17315,9.759386208561871,0,2,0,4,5,1,0,30031.0
6,1.9459101490553132,1,1,0,1,6,6,8,2.1972245773362196,1,2,3,1,8,2,0,31.0
26,3.295836866004329,1,1,2,1,5,6,2212,7.70210434005105,1,1,2,0,2,2,0,2311.0
29,3.4011973816621555,1,0,2,4,1,9,1421,7.259819610363186,0,2,1,0,1,29,1,2311.0
34,3.5553480614894135,1,1,1,4,6,4,16422,9.70643807033756,1,0,2,0,2,34,1,30031.0
37,3.6375861597263857,1,0,1,2,2,7,28961,10.273739904888547,0,2,1,2,1,1,0,30031.0
4,1.6094379124341003,1,1,1,4,4,4,11,2.4849066497880004,0,2,1,4,1,1,0,31.0
30,3.4339872044851463,1,1,0,0,2,0,927,6.833031732786201,0,0,2,3,7,3,0,2311.0
30,3.4339872044851463,1,1,0,0,2,0,1677,7.425357887027151,0,0,2,4,7,3,0,2311.0
32,3.4965075614664802,1,1,2,2,4,2,27535,10.22324951845132,0,1,0,4,5,1,0,30031.0
12,2.5649493574615367,1,1,0,2,5,2,102,4.634728988229636,1,0,2,4,2,6,0,211.0
15,2.772588722239781,1,0,0,0,1,5,905,6.80903930604298,0,2,0,2,5,5,0,2311.0
11,2.4849066497880004,1,0,2,1,4,1,148,5.003946305945459,1,1,3,1,8,1,0,211.0
29,3.4011973816621555,1,0,2,4,1,9,687,6.5337888379333435,0,0,2,1,7,1,0,2311.0
16,2.833213344056216,1,1,1,1,2,6,1986,7.594381242551817,1,0,1,5,6,2,0,2311.0
39,3.6888794541139363,1,0,0,4,4,9,6262,8.742414582525413,1,1,2,4,2,1,0,30031.0
9,2.302585092994046,1,0,0,4,2,9,116,4.762173934797756,1,2,1,4,6,1,0,211.0
31,3.4657359027997265,1,0,1,1,3,1,13336,9.498297406622395,1,1,1,1,6,1,0,30031.0
18,2.9444389791664403,1,1,0,3,4,8,1335,7.197435354096591,0,0,0,5,5,3,0,2311.0
28,3.367295829986474,1,1,1,3,0,8,1608,7.3833681469923835,1,0,3,5,8,4,0,2311.0
18,2.9444389791664403,1,1,0,3,4,8,2019,7.61085279039525,0,0,4,3,9,3,0,2311.0
40,3.713572066704308,1,1,1,0,5,0,4976,8.512582578858554,1,2,1,6,6,8,0,30031.0
24,3.2188758248682006,1,1,0,4,3,4,2114,7.656810091480378,1,2,4,0,4,2,0,2311.0
24,3.2188758248682006,1,1,0,4,3,4,1321,7.186901020411631,0,1,1,5,1,1,0,2311.0
19,2.995732273553991,1,0,1,4,5,9,302,5.713732805509369,1,2,2,1,2,1,0,2311.0
17,2.8903717578961645,1,0,2,2,3,7,1851,7.524021415206125,0,0,1,3,1,1,0,2311.0
9,2.302585092994046,1,0,0,4,2,9,55,4.02535169073515,0,1,0,6,5,1,0,211.0
12,2.5649493574615367,1,1,0,2,5,2,59,4.0943445622221,0,2,4,3,9,1,0,211.0
11,2.4849066497880004,1,0,2,1,4,1,180,5.198497031265826,1,0,0,5,0,1,0,211.0
39,3.6888794541139363,1,0,0,4,4,9,27787,10.232359551812772,0,1,2,4,7,1,0,30031.0
17,2.8903717578961645,1,0,2,2,3,7,1535,7.336936913707618,0,2,0,2,5,1,0,2311.0
26,3.295836866004329,1,1,2,1,5,6,2158,7.677400430514807,1,1,3,2,8,26,1,2311.0
32,3.4965075614664802,1,1,2,2,4,2,20727,9.939240722241946,0,0,2,0,7,1,0,30031.0
29,3.4011973816621555,1,0,2,4,1,9,1513,7.322510433997394,0,1,3,1,3,1,0,2311.0
24,3.2188758248682006,1,1,0,4,3,4,1753,7.469654172932128,0,1,3,3,3,1,0,2311.0
29,3.4011973816621555,1,0,2,4,1,9,952,6.859614903654202,1,1,2,0,2,1,0,2311.0
35,3.58351893845611,1,0,2,0,0,5,26807,10.196455629417146,0,2,2,4,7,1,0,30031.0
30,3.4339872044851463,1,1,0,0,2,0,416,6.0330862217988015,1,2,1,3,6,2,0,2311.0
21,3.091042453358316,1,0,0,1,0,1,1627,7.395107546562485,0,1,2,3,7,1,0,2311.0
17,2.8903717578961645,1,0,2,2,3,7,1779,7.484368643286131,0,0,4,1,9,1,0,2311.0
15,2.772588722239781,1,0,0,0,1,5,1551,7.347299700743164,0,0,1,4,1,3,0,2311.0
34,3.5553480614894135,1,1,1,4,6,4,11727,9.369734424126433,0,0,2,2,7,1,0,30031.0
37,3.6375861597263857,1,0,1,2,2,7,18533,9.827362162146636,0,2,3,4,3,1,0,30031.0
19,2.995732273553991,1,0,1,4,5,9,1800,7.496097345175956,1,0,0,1,0,1,0,2311.0
40,3.713572066704308,1,1,1,0,5,0,8252,9.018332049592685,1,2,2,6,2,4,0,30031.0
12,2.5649493574615367,1,1,0,2,5,2,73,4.30406509320417,0,1,3,3,3,1,0,211.0
38,3.6635616461296463,1,1,2,3,3,8,10870,9.293853972204001,1,1,0,6,0,2,0,30031.0
16,2.833213344056216,1,1,1,1,2,6,831,6.723832440821209,0,0,1,5,1,1,0,2311.0
38,3.6635616461296463,1,1,2,3,3,8,15267,9.63351441386512,0,0,2,0,7,1,0,30031.0
37,3.6375861597263857,1,0,1,2,2,7,10009,9.211339872309265,0,1,4,6,9,1,0,30031.0
26,3.295836866004329,1,1,2,1,5,6,830,6.7226297948554485,1,2,0,4,0,2,0,2311.0
7,2.0794415416798357,1,0,1,2,0,7,88,4.48863636973214,1,1,3,4,8,1,0,211.0
38,3.6635616461296463,1,1,2,3,3,8,27559,10.224120725127595,0,1,4,0,9,1,0,30031.0
34,3.5553480614894135,1,1,1,4,6,4,10397,9.24936875894366,0,2,2,2,7,1,0,30031.0
37,3.6375861597263857,1,0,1,2,2,7,21403,9.971333099431195,0,1,3,4,3,1,0,30031.0
33,3.5263605246161616,1,0,0,3,5,3,3488,8.157370441186774,1,2,3,2,8,1,0,30031.0
32,3.4965075614664802,1,1,2,2,4,2,28537,10.258991811490521,0,1,2,5,7,1,0,30031.0
7,2.0794415416798357,1,0,1,2,0,7,107,4.68213122712422,0,2,2,2,7,1,0,211.0
33,3.5263605246161616,1,0,0,3,5,3,10116,9.22197245620589,1,0,1,1,6,3,0,30031.0
27,3.332204510175204,1,0,0,2,6,7,1074,6.980075940561763,1,0,4,3,4,3,0,2311.0
20,3.044522437723423,1,1,2,0,6,0,1090,6.994849985833071,1,1,0,5,0,10,0,2311.0
37,3.6375861597263857,1,0,1,2,2,7,13594,9.51745735706657,1,1,4,0,4,1,0,30031.0
17,2.8903717578961645,1,0,2,2,3,7,1105,7.00850518208228,0,1,0,6,5,17,1,2311.0
30,3.4339872044851463,1,1,0,0,2,0,1698,7.4377951216719325,1,0,3,4,8,6,0,2311.0
6,1.9459101490553132,1,1,0,1,6,6,4,1.6094379124341003,1,1,4,4,4,2,0,31.0
9,2.302585092994046,1,0,0,4,2,9,67,4.219507705176107,0,1,2,4,7,1,0,211.0
13,2.6390573296152584,1,0,1,3,6,3,171,5.147494476813453,0,0,1,3,1,1,0,211.0
33,3.5263605246161616,1,0,0,3,5,3,12338,9.420520256898534,1,2,3,4,8,1,0,30031.0
18,2.9444389791664403,1,1,0,3,4,8,12,2.5649493574615367,1,0,2,5,2,6,0,2311.0
26,3.295836866004329,1,1,2,1,5,6,1558,7.351799869057777,1,1,3,4,8,2,0,2311.0
36,3.6109179126442243,1,1,0,1,1,6,9362,9.14452103093889,1,2,2,3,2,2,0,30031.0
34,3.5553480614894135,1,1,1,4,6,4,1252,7.133295954896068,1,1,2,6,2,2,0,30031.0
15,2.772588722239781,1,0,0,0,1,5,1788,7.489412083508719,1,0,3,3,8,3,0,2311.0
16,2.833213344056216,1,1,1,1,2,6,396,5.983936280687191,1,0,1,4,6,4,0,2311.0
20,3.044522437723423,1,1,2,0,6,0,527,6.269096283706261,0,2,2,2,7,1,0,2311.0
9,2.302585092994046,1,0,0,4,2,9,14,2.70805020110221,1,2,4,0,4,1,0,211.0
14,2.70805020110221,1,1,2,4,0,4,194,5.272999558563747,1,2,4,5,4,2,0,211.0
18,2.9444389791664403,1,1,0,3,4,8,1355,7.212294468500341,0,2,0,4,5,1,0,2311.0
1,0.6931471805599453,1,0,1,1,1,1,4,1.6094379124341003,1,1,4,4,4,1,1,7.0
16,2.833213344056216,1,1,1,1,2,6,641,6.464588303689961,0,2,1,4,1,1,0,2311.0
32,3.4965075614664802,1,1,2,2,4,2,10824,9.28961355287069,1,0,4,2,4,8,0,30031.0
24,3.2188758248682006,1,1,0,4,3,4,1976,7.589335823170617,1,2,1,2,6,8,0,2311.0
40,3.713572066704308,1,1,1,0,5,0,23064,10.04607159599192,1,0,4,6,4,8,0,30031.0
37,3.6375861597263857,1,0,1,2,2,7,12549,9.43747594455993,0,0,4,5,9,1,0,30031.0
15,2.772588722239781,1,0,0,0,1,5,744,6.61338421837956,1,0,4,2,4,3,0,2311.0
28,3.367295829986474,1,1,1,3,0,8,177,5.181783550292085,0,0,2,2,7,1,0,2311.0
33,3.5263605246161616,1,0,0,3,5,3,28909,10.271942835010393,0,1,4,6,9,1,0,30031.0
25,3.258096538021482,1,0,1,0,4,5,104,4.653960350157523,1,2,4,6,4,1,0,2311.0
9,2.302585092994046,1,0,0,4,2,9,99,4.605170185988092,0,0,4,1,9,9,1,211.0
34,3.5553480614894135,1,1,1,4,6,4,15566,9.65290856803585,1,2,1,5,6,2,0,30031.0
38,3.6635616461296463,1,1,2,3,3,8,29057,10.277049111631284,0,2,2,0,7,1,0,30031.0
10,2.3978952727983707,1,1,1,0,3,0,22,3.1354942159291497,1,1,2,1,2,2,0,211.0
30,3.4339872044851463,1,1,0,0,2,0,1765,7.476472381163905,0,1,0,1,5,5,0,2311.0
21,3.091042453358316,1,0,0,1,0,1,440,6.089044875446846,1,2,0,6,0,1,0,2311.0
40,3.713572066704308,1,1,1,0,5,0,6683,8.807471889715284,0,2,3,5,3,1,0,30031.0
34,3.5553480614894135,1,1,1,4,6,4,7387,8.90761234131913,0,1,2,2,7,1,0,30031.0
35,3.58351893845611,1,0,2,0,0,5,18454,9.8230906154641,1,1,4,2,4,1,0,30031.0
35,3.58351893845611,1,0,2,0,0,5,17069,9.745077815788486,0,2,4,3,9,1,0,30031.0
37,3.6375861597263857,1,0,1,2,2,7,4056,8.308199063206446,1,0,1,3,6,1,0,30031.0
36,3.6109179126442243,1,1,0,1,1,6,25966,10.164581780078812,1,1,1,3,6,2,0,30031.0
9,2.302585092994046,1,0,0,4,2,9,24,3.2188758248682006,1,0,4,3,4,3,0,211.0
12,2.5649493574615367,1,1,0,2,5,2,189,5.247024072160486,0,0,4,0,9,3,0,211.0
34,3.5553480614894135,1,1,1,4,6,4,22553,10.023667712792234,0,2,3,6,3,1,0,30031.0
16,2.833213344056216,1,1,1,1,2,6,2117,7.658227526161352,0,2,2,3,7,1,0,2311.0
16,2.833213344056216,1,1,1,1,2,6,1583,7.367708572374371,0,2,3,1,3,1,0,2311.0
29,3.4011973816621555,1,0,2,4,1,9,1315,7.182352111885263,0,1,0,6,5,1,0,2311.0
33,3.5263605246161616,1,0,0,3,5,3,5655,8.640472207576408,0,0,0,6,5,3,0,30031.0
6,1.9459101490553132,1,1,0,1,6,6,5,1.791759469228055,0,2,0,5,5,1,0,31.0
8,2.1972245773362196,1,1,2,3,1,8,19,2.995732273553991,0,1,4,5,9,1,0,211.0
25,3.258096538021482,1,0,1,0,4,5,1773,7.480992162869525,0,0,3,2,3,1,0,2311.0
33,3.5263605246161616,1,0,0,3,5,3,19774,9.892173792635855,1,1,4,6,4,1,0,30031.0
17,2.8903717578961645,1,0,2,2,3,7,2039,7.620705086838262,0,2,4,2,9,1,0,2311.0
24,3.2188758248682006,1,1,0,4,3,4,983,6.891625897052253,0,2,3,3,3,1,0,2311.0
39,3.6888794541139363,1,0,0,4,4,9,25554,10.14858827120238,1,0,4,4,4,3,0,30031.0
11,2.4849066497880004,1,0,2,1,4,1,14,2.70805020110221,1,2,4,0,4,1,0,211.0
12,2.5649493574615367,1,1,0,2,5,2,125,4.836281906951478,0,2,0,6,5,1,0,211.0
39,3.6888794541139363,1,0,0,4,4,9,8222,9.014690384970896,1,2,2,4,2,1,0,30031.0
17,2.8903717578961645,1,0,2,2,3,7,845,6.740519359606223,0,2,0,5,5,1,0,2311.0
26,3.295836866004329,1,1,2,1,5,6,515,6.246106765481563,0,2,0,4,5,1,0,2311.0
34,3.5553480614894135,1,1,1,4,6,4,1057,6.964135612418245,0,1,2,0,7,1,0,30031.0
13,2.6390573296152584,1,0,1,3,6,3,107,4.68213122712422,0,2,2,2,7,1,0,211.0
32,3.4965075614664802,1,1,2,2,4,2,18706,9.836653064348905,1,1,1,2,6,2,0,30031.0
26,3.295836866004329,1,1,2,1,5,6,728,6.591673732008658,1,2,3,0,8,26,1,2311.0
38,3.6635616461296463,1,1,2,3,3,8,29088,10.278115374824123,1,0,3,3,8,2,0,30031.0
30,3.4339872044851463,1,1,0,0,2,0,486,6.18826412308259,1,0,1,3,6,6,0,2311.0
32,3.4965075614664802,1,1,2,2,4,2,27061,10.20588580882359,0,1,1,6,1,1,0,30031.0
24,3.2188758248682006,1,1,0,4,3,4,1694,7.43543801981455,1,2,4,0,4,2,0,2311.0
40,3.713572066704308,1,1,1,0,5,0,4475,8.406485069431817,0,2,0,2,5,5,0,30031.0
8,2.1972245773362196,1,1,2,3,1,8,53,3.9889840465642745,0,2,3,4,3,1,0,211.0
40,3.713572066704308,1,1,1,0,5,0,28286,10.250157614133787,1,2,1,6,6,2,0,30031.0
31,3.4657359027997265,1,0,1,1,3,1,17109,9.747418366886238,0,0,4,1,9,1,0,30031.0
23,3.1780538303479458,1,0,2,3,2,3,2003,7.602900462204755,0,2,3,1,3,1,0,2311.0
35,3.58351893845611,1,0,2,0,0,5,25943,10.163695647987154,0,2,3,1,3,1,0,30031.0
23,3.1780538303479458,1,0,2,3,2,3,1672,7.422373700986824,1,1,2,6,2,1,0,2311.0
16,2.833213344056216,1,1,1,1,2,6,234,5.459585514144159,1,0,4,3,4,2,0,2311.0
34,3.5553480614894135,1,1,1,4,6,4,2392,7.780303087908373,1,1,2,5,2,2,0,30031.0
14,2.70805020110221,1,1,2,4,0,4,85,4.454347296253507,0,1,0,1,5,1,0,211.0
25,3.258096538021482,1,0,1,0,4,5,1416,7.256297239690681,1,0,1,2,6,1,0,2311.0
12,2.5649493574615367,1,1,0,2,5,2,96,4.574710978503383,1,0,1,5,6,12,1,211.0
31,3.4657359027997265,1,0,1,1,3,1,10369,9.246672301223573,0,1,4,2,9,1,0,30031.0
39,3.6888794541139363,1,0,0,4,4,9,28710,10.265035603577836,1,0,0,3,0,3,0,30031.0
8,2.1972245773362196,1,1,2,3,1,8,198,5.293304824724492,1,0,3,2,8,2,0,211.0
4,1.6094379124341003,1,1,1,4,4,4,20,3.044522437723423,1,2,0,6,0,4,1,31.0
28,3.367295829986474,1,1,1,3,0,8,1282,7.1569563646156364,1,1,2,1,2,2,0,2311.0
27,3.332204510175204,1,0,0,2,6,7,1192,7.084226422097916,1,1,2,2,2,1,0,2311.0
27,3.332204510175204,1,0,0,2,6,7,1113,7.01571242048723,0,0,3,0,3,3,0,2311.0
40,3.713572066704308,1,1,1,0,5,0,3671,8.20849175174038,0,2,1,3,1,1,0,30031.0
39,3.6888794541139363,1,0,0,4,4,9,18304,9.814929525554337,1,1,4,6,4,13,0,30031.0
30,3.4339872044851463,1,1,0,0,2,0,2027,7.614805364711073,0,2,2,4,7,1,0,2311.0
27,3.332204510175204,1,0,0,2,6,7,240,5.484796933490655,1,0,0,2,0,3,0,2311.0
28,3.367295829986474,1,1,1,3,0,8,549,6.309918278226516,0,0,4,3,9,1,0,2311.0
12,2.5649493574615367,1,1,0,2,5,2,197,5.288267030694535,0,2,2,1,7,1,0,211.0
31,3.4657359027997265,1,0,1,1,3,1,2140,7.669028288589683,1,1,0,5,0,1,0,30031.0
17,2.8903717578961645,1,0,2,2,3,7,632,6.450470422144176,1,2,2,2,2,1,0,2311.0
27,3.332204510175204,1,0,0,2,6,7,1791,7.491087593534876,0,0,1,6,1,9,0,2311.0
23,3.1780538303479458,1,0,2,3,2,3,851,6.747586526829315,0,2,1,4,1,23,1,2311.0
9,2.302585092994046,1,0,0,4,2,9,51,3.9512437185814275,0,0,1,2,1,3,0,211.0
22,3.1354942159291497,1,1,1,2,1,2,2304,7.742835955430749,1,0,4,1,4,2,0,2311.0
9,2.302585092994046,1,0,0,4,2,9,56,4.04305126783455,1,2,1,0,6,1,0,211.0
9,2.302585092994046,1,0,0,4,2,9,138,4.9344739331306915,1,0,3,5,8,3,0,211.0
16,2.833213344056216,1,1,1,1,2,6,2265,7.725771441587952,0,0,0,4,5,1,0,2311.0
31,3.4657359027997265,1,0,1,1,3,1,28651,10.262978527734342,0,1,1,0,1,1,0,30031.0
34,3.5553480614894135,1,1,1,4,6,4,10965,9.302554855963994,0,0,0,3,5,17,0,30031.0
17,2.8903717578961645,1,0,2,2,3,7,1722,7.45182223652793,1,0,2,0,2,1,0,2311.0
36,3.6109179126442243,1,1,0,1,1,6,15224,9.630694092578098,1,2,4,6,4,4,0,30031.0
37,3.6375861597263857,1,0,1,2,2,7,2063,7.6324011266014535,0,2,3,5,3,1,0,30031.0
17,2.8903717578961645,1,0,2,2,3,7,746,6.616065185132817,1,2,1,4,6,1,0,2311.0
37,3.6375861597263857,1,0,1,2,2,7,15384,9.641148287756142,1,0,4,5,4,1,0,30031.0
34,3.5553480614894135,1,1,1,4,6,4,21023,9.953419921284338,0,2,3,2,3,1,0,30031.0
31,3.4657359027997265,1,0,1,1,3,1,15478,9.647239545573877,1,1,3,1,8,1,0,30031.0
29,3.4011973816621555,1,0,2,4,1,9,1841,7.518607216815252,0,2,1,0,1,1,0,2311.0
15,2.772588722239781,1,0,0,0,1,5,795,6.679599185844383,0,0,0,4,5,15,1,2311.0
39,3.6888794541139363,1,0,0,4,4,9,21729,9.986449073250474,0,0,4,1,9,3,0,30031.0
39,3.6888794541139363,1,0,0,4,4,9,15692,9.66097003203872,1,2,2,5,2,1,0,30031.0
13,2.6390573296152584,1,0,1,3,6,3,81,4.406719247264253,0,0,1,4,1,1,0,211.0
17,2.8903717578961645,1,0,2,2,3,7,1551,7.347299700743164,0,0,1,4,1,1,0,2311.0
3,1.3862943611198906,1,0,0,3,3,3,17,2.8903717578961645,0,2,2,3,7,1,0,31.0
24,3.2188758248682006,1,1,0,4,3,4,1778,7.483806687665835,1,2,3,0,8,2,0,2311.0
9,2.302585092994046,1,0,0,4,2,9,185,5.225746673713202,0,2,0,3,5,1,0,211.0
36,3.6109179126442243,1,1,0,1,1,6,7377,8.906257878156621,0,0,2,6,7,3,0,30031.0
12,2.5649493574615367,1,1,0,2,5,2,133,4.897839799950911,0,1,3,0,3,1,0,211.0
39,3.6888794541139363,1,0,0,4,4,9,9513,9.160519676992227,0,0,3,0,3,3,0,30031.0
15,2.772588722239781,1,0,0,0,1,5,1909,7.554858521040676,0,1,4,5,9,1,0,2311.0
21,3.091042453358316,1,0,0,1,0,1,1719,7.450079569807499,0,0,4,4,9,3,0,2311.0
26,3.295836866004329,1,1,2,1,5,6,1062,6.968850378341948,1,0,2,5,2,2,0,2311.0
10,2.3978952727983707,1,1,1,0,3,0,30,3.4339872044851463,1,0,0,2,0,10,1,211.0
12,2.5649493574615367,1,1,0,2,5,2,31,3.4657359027997265,0,1,1,3,1,1,0,211.0
20,3.044522437723423,1,1,2,0,6,0,1062,6.968850378341948,1,0,2,5,2,2,0,2311.0
29,3.4011973816621555,1,0,2,4,1,9,858,6.755768921984255,1,0,3,4,8,1,0,2311.0
18,2.9444389791664403,1,1,0,3,4,8,1004,6.912742820493176,1,2,4,3,4,2,0,2311.0
12,2.5649493574615367,1,1,0,2,5,2,41,3.7376696182833684,0,2,1,6,1,1,0,211.0
35,3.58351893845611,1,0,2,0,0,5,20702,9.938033896288712,1,2,2,3,2,1,0,30031.0
37,3.6375861597263857,1,0,1,2,2,7,28262,10.249308807716778,1,2,2,3,2,1,0,30031.0
39,3.6888794541139363,1,0,0,4,4,9,12398,9.425371103179842,1,2,3,1,8,1,0,30031.0
11,2.4849066497880004,1,0,2,1,4,1,175,5.170483995038151,0,1,0,0,5,1,0,211.0
37,3.6375861597263857,1,0,1,2,2,7,1272,7.149131598557407,1,0,2,5,2,1,0,30031.0
8,2.1972245773362196,1,1,2,3,1,8,89,4.499809670330265,0,2,4,5,9,1,0,211.0
40,3.713572066704308,1,1,1,0,5,0,17685,9.78052864513568,0,0,0,3,5,5,0,30031.0
29,3.4011973816621555,1,0,2,4,1,9,1344,7.20414929203594,1,0,4,0,4,1,0,2311.0
16,2.833213344056216,1,1,1,1,2,6,750,6.621405651764134,1,0,0,1,0,2,0,2311.0
14,2.70805020110221,1,1,2,4,0,4,125,4.836281906951478,0,2,0,6,5,1,0,211.0
20,3.044522437723423,1,1,2,0,6,0,1578,7.364547014255642,1,0,3,3,8,2,0,2311.0
29,3.4011973816621555,1,0,2,4,1,9,2075,7.638198244285779,0,2,0,3,5,1,0,2311.0
31,3.4657359027997265,1,0,1,1,3,1,26665,10.191144624675404,0,1,0,2,5,1,0,30031.0
25,3.258096538021482,1,0,1,0,4,5,2217,7.704361167910313,0,0,2,5,7,1,0,2311.0
23,3.1780538303479458,1,0,2,3,2,3,952,6.859614903654202,1,1,2,0,2,1,0,2311.0
14,2.70805020110221,1,1,2,4,0,4,134,4.90527477843843,1,2,4,1,4,2,0,211.0
39,3.6888794541139363,1,0,0,4,4,9,19236,9.86459078690618,1,0,1,0,6,3,0,30031.0
31,3.4657359027997265,1,0,1,1,3,1,14173,9.5591645793702,0,1,3,5,3,1,0,30031.0
9,2.302585092994046,1,0,0,4,2,9,92,4.532599493153256,1,2,2,1,2,1,0,211.0
14,2.70805020110221,1,1,2,4,0,4,71,4.276666119016055,0,2,1,1,1,1,0,211.0
20,3.044522437723423,1,1,2,0,6,0,1345,7.204892510204673,0,1,0,1,5,5,0,2311.0
29,3.4011973816621555,1,0,2,4,1,9,2284,7.734121303328305,1,1,4,2,4,1,0,2311.0
27,3.332204510175204,1,0,0,2,6,7,831,6.723832440821209,0,0,1,5,1,3,0,2311.0
16,2.833213344056216,1,1,1,1,2,6,971,6.879355804460439,0,2,1,5,1,1,0,2311.0
10,2.3978952727983707,1,1,1,0,3,0,36,3.6109179126442243,1,0,1,1,6,2,0,211.0
17,2.8903717578961645,1,0,2,2,3,7,828,6.720220155135295,1,0,3,2,8,1,0,2311.0
29,3.4011973816621555,1,0,2,4,1,9,1532,7.334981878871814,1,2,2,6,2,1,0,2311.0
11,2.4849066497880004,1,0,2,1,4,1,102,4.634728988229636,1,0,2,4,2,1,0,211.0
25,3.258096538021482,1,0,1,0,4,5,1014,6.922643891475888,1,0,4,6,4,1,0,2311.0
24,3.2188758248682006,1,1,0,4,3,4,1685,7.430114138561801,0,2,0,5,5,1,0,2311.0
38,3.6635616461296463,1,1,2,3,3,8,4309,8.368693183097793,0,1,4,4,9,1,0,30031.0
23,3.1780538303479458,1,0,2,3,2,3,1164,7.060476365999801,1,0,4,2,4,1,0,2311.0
18,2.9444389791664403,1,1,0,3,4,8,994,6.902742737158593,1,1,4,0,4,2,0,2311.0
12,2.5649493574615367,1,1,0,2,5,2,159,5.075173815233827,0,0,4,5,9,3,0,211.0
8,2.1972245773362196,1,1,2,3,1,8,195,5.278114659230517,0,0,0,6,5,1,0,211.0
16,2.833213344056216,1,1,1,1,2,6,1669,7.4205789054108005,0,1,4,3,9,1,0,2311.0
29,3.4011973816621555,1,0,2,4,1,9,1498,7.312553498102598,1,1,3,0,8,1,0,2311.0
10,2.3978952727983707,1,1,1,0,3,0,103,4.6443908991413725,0,1,3,5,3,1,0,211.0
25,3.258096538021482,1,0,1,0,4,5,793,6.677083461247136,0,1,3,2,3,1,0,2311.0
9,2.302585092994046,1,0,0,4,2,9,90,4.51085950651685,1,0,0,6,0,9,1,211.0
21,3.091042453358316,1,0,0,1,0,1,2159,7.67786350067821,0,2,4,3,9,1,0,2311.0
19,2.995732273553991,1,0,1,4,5,9,232,5.4510384535657,1,1,2,1,2,1,0,2311.0
27,3.332204510175204,1,0,0,2,6,7,846,6.741700694652055,1,0,1,6,6,9,0,2311.0
14,2.70805020110221,1,1,2,4,0,4,43,3.784189633918261,0,1,3,1,3,1,0,211.0
18,2.9444389791664403,1,1,0,3,4,8,1728,7.455298485683291,1,0,3,6,8,18,1,2311.0
18,2.9444389791664403,1,1,0,3,4,8,876,6.776506992372183,1,0,1,1,6,6,0,2311.0
7,2.0794415416798357,1,0,1,2,0,7,133,4.897839799950911,0,1,3,0,3,7,1,211.0
20,3.044522437723423,1,1,2,0,6,0,1293,7.165493475060845,0,0,3,5,3,1,0,2311.0
22,3.1354942159291497,1,1,1,2,1,2,1078,6.983789965258135,1,1,3,0,8,22,1,2311.0
33,3.5263605246161616,1,0,0,3,5,3,7422,8.912338567117548,1,0,2,2,2,3,0,30031.0
30,3.4339872044851463,1,1,0,0,2,0,1323,7.188412736496954,0,0,3,0,3,3,0,2311.0
10,2.3978952727983707,1,1,1,0,3,0,9,2.302585092994046,0,0,4,2,9,1,0,211.0
39,3.6888794541139363,1,0,0,4,4,9,3899,8.268731832117737,0,2,4,0,9,1,0,30031.0
17,2.8903717578961645,1,0,2,2,3,7,1266,7.144407180321139,1,0,1,6,6,1,0,2311.0
35,3.58351893845611,1,0,2,0,0,5,22730,10.031484910599483,1,2,0,1,0,5,0,30031.0
25,3.258096538021482,1,0,1,0,4,5,143,4.969813299576001,0,2,3,3,3,1,0,2311.0
35,3.58351893845611,1,0,2,0,0,5,17173,9.75115189123243,0,1,3,2,3,1,0,30031.0
38,3.6635616461296463,1,1,2,3,3,8,16640,9.719624808723344,1,2,0,1,0,2,0,30031.0
38,3.6635616461296463,1,1,2,3,3,8,2349,7.762170607138205,0,0,4,4,9,1,0,30031.0
21,3.091042453358316,1,0,0,1,0,1,253,5.537334267018537,0,1,3,1,3,1,0,2311.0
18,2.9444389791664403,1,1,0,3,4,8,663,6.498282149476434,0,0,3,5,3,3,0,2311.0
15,2.772588722239781,1,0,0,0,1,5,1888,7.543802867501509,1,1,3,5,8,1,0,2311.0
12,2.5649493574615367,1,1,0,2,5,2,44,3.8066624897703196,1,2,4,2,4,4,0,211.0
13,2.6390573296152584,1,0,1,3,6,3,199,5.298317366548036,0,1,4,3,9,1,0,211.0
23,3.1780538303479458,1,0,2,3,2,3,1302,7.172424577124845,1,0,2,0,2,1,0,2311.0
15,2.772588722239781,1,0,0,0,1,5,1878,7.538494999413465,1,0,3,2,8,3,0,2311.0
20,3.044522437723423,1,1,2,0,6,0,1712,7.44600149832412,1,2,2,4,2,4,0,2311.0
35,3.58351893845611,1,0,2,0,0,5,15765,9.665611001619853,0,0,0,1,5,5,0,30031.0
26,3.295836866004329,1,1,2,1,5,6,1274,7.150701457592526,1,2,4,0,4,26,1,2311.0
20,3.044522437723423,1,1,2,0,6,0,1308,7.1770187659099,1,0,3,6,8,4,0,2311.0
23,3.1780538303479458,1,0,2,3,2,3,1053,6.960347729101308,0,0,3,3,3,1,0,2311.0
38,3.6635616461296463,1,1,2,3,3,8,29579,10.294853736264791,0,2,4,4,9,1,0,30031.0
20,3.044522437723423,1,1,2,0,6,0,2078,7.639642287858013,1,2,3,6,8,2,0,2311.0
30,3.4339872044851463,1,1,0,0,2,0,510,6.236369590203704,1,0,0,6,0,30,1,2311.0
34,3.5553480614894135,1,1,1,4,6,4,8380,9.033722518098907,1,1,0,1,0,2,0,30031.0
27,3.332204510175204,1,0,0,2,6,7,591,6.3835066348840055,0,0,1,3,1,3,0,2311.0
13,2.6390573296152584,1,0,1,3,6,3,127,4.852030263919617,0,1,2,1,7,1,0,211.0
30,3.4339872044851463,1,1,0,0,2,0,1246,7.1284959456800365,1,1,1,0,6,2,0,2311.0
16,2.833213344056216,1,1,1,1,2,6,1536,7.337587743538596,1,0,1,3,6,16,1,2311.0
16,2.833213344056216,1,1,1,1,2,6,329,5.799092654460526,0,2,4,0,9,1,0,2311.0
40,3.713572066704308,1,1,1,0,5,0,13979,9.5453830157878,0,2,4,0,9,1,0,30031.0
39,3.6888794541139363,1,0,0,4,4,9,26624,10.189605903011726,1,2,4,3,4,13,0,30031.0
32,3.4965075614664802,1,1,2,2,4,2,6207,8.733594061863055,0,0,2,5,7,1,0,30031.0
9,2.302585092994046,1,0,0,4,2,9,173,5.159055299214529,0,2,3,5,3,1,0,211.0
33,3.5263605246161616,1,0,0,3,5,3,3555,8.176391596633795,0,0,0,6,5,3,0,30031.0
29,3.4011973816621555,1,0,2,4,1,9,459,6.131226489483141,0,0,4,4,9,1,0,2311.0
36,3.6109179126442243,1,1,0,1,1,6,20136,9.910314197878405,1,0,1,4,6,12,0,30031.0
39,3.6888794541139363,1,0,0,4,4,9,1346,7.205635176410364,1,2,1,2,6,1,0,30031.0
21,3.091042453358316,1,0,0,1,0,1,824,6.715383386334681,1,2,4,5,4,1,0,2311.0
34,3.5553480614894135,1,1,1,4,6,4,14370,9.572967566074247,1,0,0,6,0,2,0,30031.0
15,2.772588722239781,1,0,0,0,1,5,1501,7.31455283232408,0,1,1,3,1,1,0,2311.0
8,2.1972245773362196,1,1,2,3,1,8,38,3.6635616461296463,1,2,3,3,8,2,0,211.0
10,2.3978952727983707,1,1,1,0,3,0,28,3.367295829986474,1,1,3,0,8,2,0,211.0
15,2.772588722239781,1,0,0,0,1,5,811,6.699500340161678,0,1,1,6,1,1,0,2311.0
33,3.5263605246161616,1,0,0,3,5,3,26212,10.174010749897112,1,1,2,4,2,1,0,30031.0
16,2.833213344056216,1,1,1,1,2,6,873,6.773080375655535,0,0,3,5,3,1,0,2311.0
17,2.8903717578961645,1,0,2,2,3,7,1938,7.569927655242652,1,0,3,6,8,17,1,2311.0
34,3.5553480614894135,1,1,1,4,6,4,19804,9.893689710056018,1,1,4,1,4,2,0,30031.0
27,3.332204510175204,1,0,0,2,6,7,2212,7.70210434005105,1,1,2,0,2,1,0,2311.0
32,3.4965075614664802,1,1,2,2,4,2,9855,9.1958356857733,0,0,0,6,5,1,0,30031.0
37,3.6375861597263857,1,0,1,2,2,7,25099,10.130623125119875,0,1,4,4,9,1,0,30031.0
29,3.4011973816621555,1,0,2,4,1,9,1397,7.242797922793756,0,2,2,4,7,1,0,2311.0
29,3.4011973816621555,1,0,2,4,1,9,1276,7.152268856032539,1,1,1,2,6,29,1,2311.0
32,3.4965075614664802,1,1,2,2,4,2,7874,8.971448463693834,1,2,4,6,4,2,0,30031.0
18,2.9444389791664403,1,1,0,3,4,8,957,6.86484777797086,0,0,2,5,7,3,0,2311.0
9,2.302585092994046,1,0,0,4,2,9,208,5.342334251964811,1,1,3,5,8,1,0,211.0
14,2.70805020110221,1,1,2,4,0,4,74,4.31748811353631,1,2,4,4,4,2,0,211.0
29,3.4011973816621555,1,0,2,4,1,9,1859,7.528331766707247,0,2,4,4,9,1,0,2311.0
36,3.6109179126442243,1,1,0,1,1,6,16928,9.73678340663725,1,2,3,2,8,4,0,30031.0
11,2.4849066497880004,1,0,2,1,4,1,162,5.093750200806762,1,0,2,1,2,1,0,211.0
35,3.58351893845611,1,0,2,0,0,5,29631,10.296610137445906,0,0,1,0,1,7,0,30031.0
24,3.2188758248682006,1,1,0,4,3,4,1630,7.396948602621014,1,1,0,6,0,2,0,2311.0
40,3.713572066704308,1,1,1,0,5,0,21854,9.992185007297415,1,2,4,0,4,2,0,30031.0
28,3.367295829986474,1,1,1,3,0,8,546,6.304448802421981,1,0,1,0,6,14,0,2311.0
29,3.4011973816621555,1,0,2,4,1,9,1137,7.037027614686276,0,0,2,3,7,1,0,2311.0
37,3.6375861597263857,1,0,1,2,2,7,12323,9.419303859716559,0,2,3,3,3,1,0,30031.0
15,2.772588722239781,1,0,0,0,1,5,1094,6.9985096422506015,1,2,4,2,4,1,0,2311.0
39,3.6888794541139363,1,0,0,4,4,9,4287,8.363575702750637,0,0,2,3,7,3,0,30031.0
17,2.8903717578961645,1,0,2,2,3,7,2086,7.643482907077201,1,1,1,0,6,1,0,2311.0
17,2.8903717578961645,1,0,2,2,3,7,695,6.54534966033442,0,2,0,2,5,1,0,2311.0
20,3.044522437723423,1,1,2,0,6,0,1628,7.395721608602045,1,2,3,4,8,4,0,2311.0
26,3.295836866004329,1,1,2,1,5,6,502,6.220590170099739,1,1,2,5,2,2,0,2311.0
35,3.58351893845611,1,0,2,0,0,5,7391,8.90815361332152,0,2,1,6,1,1,0,30031.0
18,2.9444389791664403,1,1,0,3,4,8,784,6.665683717782408,1,1,4,0,4,2,0,2311.0
38,3.6635616461296463,1,1,2,3,3,8,27888,10.23598762483351,1,0,3,0,8,2,0,30031.0
30,3.4339872044851463,1,1,0,0,2,0,1224,7.110696122978827,1,0,4,6,4,6,0,2311.0
15,2.772588722239781,1,0,0,0,1,5,425,6.054439346269371,0,2,0,5,5,5,0,2311.0
35,3.58351893845611,1,0,2,0,0,5,13850,9.536112711175099,1,2,0,4,0,5,0,30031.0
32,3.4965075614664802,1,1,2,2,4,2,13941,9.542661146046344,0,0,1,4,1,1,0,30031.0
22,3.1354942159291497,1,1,1,2,1,2,1756,7.471363088187097,1,1,1,6,6,2,0,2311.0
32,3.4965075614664802,1,1,2,2,4,2,21263,9.964770780953026,0,2,3,4,3,1,0,30031.0
10,2.3978952727983707,1,1,1,0,3,0,35,3.58351893845611,0,2,0,0,5,5,0,211.0
11,2.4849066497880004,1,0,2,1,4,1,115,4.7535901911063645,0,1,0,3,5,1,0,211.0
3,1.3862943611198906,1,0,0,3,3,3,9,2.302585092994046,0,0,4,2,9,3,1,31.0
17,2.8903717578961645,1,0,2,2,3,7,541,6.295266001439646,0,1,1,2,1,1,0,2311.0
18,2.9444389791664403,1,1,0,3,4,8,820,6.710523109452428,1,1,0,1,0,2,0,2311.0
21,3.091042453358316,1,0,0,1,0,1,1030,6.93828448401696,1,1,0,1,0,1,0,2311.0
26,3.295836866004329,1,1,2,1,5,6,736,6.602587892189336,1,1,1,1,6,2,0,2311.0
32,3.4965075614664802,1,1,2,2,4,2,5762,8.659213451436667,1,2,2,1,2,2,0,30031.0
20,3.044522437723423,1,1,2,0,6,0,191,5.2574953720277815,0,2,1,2,1,1,0,2311.0
29,3.4011973816621555,1,0,2,4,1,9,1080,6.985641817639208,1,0,0,2,0,1,0,2311.0
21,3.091042453358316,1,0,0,1,0,1,1862,7.529943370601589,1,2,2,0,2,7,0,2311.0
9,2.302585092994046,1,0,0,4,2,9,131,4.882801922586371,0,2,1,5,1,1,0,211.0
22,3.1354942159291497,1,1,1,2,1,2,2196,7.69484807238461,1,0,1,5,6,2,0,2311.0
37,3.6375861597263857,1,0,1,2,2,7,17533,9.771897132148531,0,1,3,5,3,1,0,30031.0
19,2.995732273553991,1,0,1,4,5,9,784,6.665683717782408,1,1,4,0,4,1,0,2311.0
32,3.4965075614664802,1,1,2,2,4,2,4467,8.404696160189092,0,0,2,1,7,1,0,30031.0
19,2.995732273553991,1,0,1,4,5,9,39,3.6888794541139363,0,0,4,4,9,1,0,2311.0
28,3.367295829986474,1,1,1,3,0,8,1836,7.515889085215125,1,0,1,2,6,4,0,2311.0
10,2.3978952727983707,1,1,1,0,3,0,44,3.8066624897703196,1,2,4,2,4,2,0,211.0
28,3.367295829986474,1,1,1,3,0,8,251,5.529429087511423,0,2,1,6,1,1,0,2311.0
17,2.8903717578961645,1,0,2,2,3,7,1119,7.02108396428914,0,0,4,6,9,1,0,2311.0
29,3.4011973816621555,1,0,2,4,1,9,1994,7.598399329323964,1,2,4,6,4,1,0,2311.0
34,3.5553480614894135,1,1,1,4,6,4,20128,9.909916840301031,1,1,3,3,8,34,1,30031.0
31,3.4657359027997265,1,0,1,1,3,1,7967,8.983188799264434,0,2,2,1,7,31,1,30031.0
25,3.258096538021482,1,0,1,0,4,5,1308,7.1770187659099,1,0,3,6,8,1,0,2311.0
23,3.1780538303479458,1,0,2,3,2,3,230,5.442417710521793,1,2,0,6,0,23,1,2311.0
12,2.5649493574615367,1,1,0,2,5,2,126,4.844187086458591,1,0,1,0,6,6,0,211.0
19,2.995732273553991,1,0,1,4,5,9,55,4.02535169073515,0,1,0,6,5,1,0,2311.0
30,3.4339872044851463,1,1,0,0,2,0,739,6.606650186198215,0,1,4,4,9,1,0,2311.0
35,3.58351893845611,1,0,2,0,0,5,23054,10.045637944640806,1,2,4,3,4,1,0,30031.0
11,2.4849066497880004,1,0,2,1,4,1,30,3.4339872044851463,1,0,0,2,0,1,0,211.0
19,2.995732273553991,1,0,1,4,5,9,1366,7.220373836723949,1,1,1,1,6,1,0,2311.0
9,2.302585092994046,1,0,0,4,2,9,94,4.553876891600541,1,1,4,3,4,1,0,211.0
30,3.4339872044851463,1,1,0,0,2,0,1294,7.166265974133638,1,1,4,6,4,2,0,2311.0
34,3.5553480614894135,1,1,1,4,6,4,24283,10.097572976250325,0,1,3,0,3,1,0,30031.0
32,3.4965075614664802,1,1,2,2,4,2,12427,9.427707270512938,0,1,2,2,7,1,0,30031.0
16,2.833213344056216,1,1,1,1,2,6,2030,7.616283561580385,1,2,0,0,0,2,0,2311.0
29,3.4011973816621555,1,0,2,4,1,9,908,6.812345094177479,1,2,3,5,8,1,0,2311.0
11,2.4849066497880004,1,0,2,1,4,1,74,4.31748811353631,1,2,4,4,4,1,0,211.0
21,3.091042453358316,1,0,0,1,0,1,1908,7.554334823725748,1,0,3,4,8,3,0,2311.0
39,3.6888794541139363,1,0,0,4,4,9,27625,10.226512637259905,0,1,0,3,5,13,0,30031.0
19,2.995732273553991,1,0,1,4,5,9,186,5.231108616854587,1,0,1,4,6,1,0,2311.0
12,2.5649493574615367,1,1,0,2,5,2,108,4.6913478822291435,1,0,3,3,8,12,1,211.0
27,3.332204510175204,1,0,0,2,6,7,752,6.6240652277998935,1,2,2,3,2,1,0,2311.0
18,2.9444389791664403,1,1,0,3,4,8,891,6.79346613258001,0,0,1,2,1,9,0,2311.0
27,3.332204510175204,1,0,0,2,6,7,383,5.950642552587727,0,2,3,5,3,1,0,2311.0
36,3.6109179126442243,1,1,0,1,1,6,25644,10.152103899823368,1,0,4,3,4,12,0,30031.0
4,1.6094379124341003,1,1,1,4,4,4,22,3.1354942159291497,1,1,2,1,2,2,0,31.0
8,2.1972245773362196,1,1,2,3,1,8,83,4.430816798843313,0,2,3,6,3,1,0,211.0
8,2.1972245773362196,1,1,2,3,1,8,177,5.181783550292085,0,0,2,2,7,1,0,211.0
13,2.6390573296152584,1,0,1,3,6,3,99,4.605170185988092,0,0,4,1,9,1,0,211.0
19,2.995732273553991,1,0,1,4,5,9,2262,7.724446645633537,1,0,2,1,2,1,0,2311.0
31,3.4657359027997265,1,0,1,1,3,1,23571,10.067814845957804,0,0,1,2,1,1,0,30031.0
26,3.295836866004329,1,1,2,1,5,6,378,5.937536205082426,1,0,3,0,8,2,0,2311.0
24,3.2188758248682006,1,1,0,4,3,4,1339,7.200424892944957,0,1,4,2,9,1,0,2311.0
30,3.4339872044851463,1,1,0,0,2,0,1692,7.4342573821331355,1,0,2,5,2,6,0,2311.0
27,3.332204510175204,1,0,0,2,6,7,2285,7.734558844354756,0,2,0,3,5,1,0,2311.0
5,1.791759469228055,1,0,2,0,5,5,31,3.4657359027997265,0,1,1,3,1,1,0,31.0
32,3.4965075614664802,1,1,2,2,4,2,26491,10.18459807960487,0,1,1,3,1,1,0,30031.0
37,3.6375861597263857,1,0,1,2,2,7,4266,8.358666283188,1,0,1,3,6,1,0,30031.0
25,3.258096538021482,1,0,1,0,4,5,1177,7.071573364211532,0,1,2,1,7,1,0,2311.0
21,3.091042453358316,1,0,0,1,0,1,2192,7.693025748417888,1,2,2,1,2,1,0,2311.0
34,3.5553480614894135,1,1,1,4,6,4,19185,9.861936125377893,0,0,0,5,5,1,0,30031.0
12,2.5649493574615367,1,1,0,2,5,2,136,4.919980925828125,1,1,1,3,6,4,0,211.0
12,2.5649493574615367,1,1,0,2,5,2,14,2.70805020110221,1,2,4,0,4,2,0,211.0
18,2.9444389791664403,1,1,0,3,4,8,644,6.4692503167957724,1,2,4,0,4,2,0,2311.0
11,2.4849066497880004,1,0,2,1,4,1,145,4.983606621708336,0,1,0,5,5,1,0,211.0
31,3.4657359027997265,1,0,1,1,3,1,27301,10.214715238562922,0,1,1,1,1,1,0,30031.0
17,2.8903717578961645,1,0,2,2,3,7,254,5.541263545158426,1,2,4,2,4,1,0,2311.0
10,2.3978952727983707,1,1,1,0,3,0,122,4.812184355372417,1,2,2,3,2,2,0,211.0
23,3.1780538303479458,1,0,2,3,2,3,752,6.6240652277998935,1,2,2,3,2,1,0,2311.0
12,2.5649493574615367,1,1,0,2,5,2,151,5.0238805208462765,0,1,1,4,1,1,0,211.0
36,3.6109179126442243,1,1,0,1,1,6,10482,9.257510176452573,1,0,2,3,2,6,0,30031.0
11,2.4849066497880004,1,0,2,1,4,1,49,3.912023005428146,0,1,4,0,9,1,0,211.0
10,2.3978952727983707,1,1,1,0,3,0,181,5.204006687076795,0,1,1,6,1,1,0,211.0
28,3.367295829986474,1,1,1,3,0,8,1610,7.384610383176974,1,2,0,0,0,14,0,2311.0
14,2.70805020110221,1,1,2,4,0,4,193,5.267858159063328,0,1,3,4,3,1,0,211.0
8,2.1972245773362196,1,1,2,3,1,8,54,4.007333185232471,1,0,4,5,4,2,0,211.0
8,2.1972245773362196,1,1,2,3,1,8,94,4.553876891600541,1,1,4,3,4,2,0,211.0
22,3.1354942159291497,1,1,1,2,1,2,1493,7.309212365692763,0,2,3,2,3,1,0,2311.0
16,2.833213344056216,1,1,1,1,2,6,1873,7.535830462798367,0,1,3,4,3,1,0,2311.0
10,2.3978952727983707,1,1,1,0,3,0,153,5.0369526024136295,0,0,3,6,3,1,0,211.0
37,3.6375861597263857,1,0,1,2,2,7,16396,9.704853670249868,1,1,1,2,6,1,0,30031.0
3,1.3862943611198906,1,0,0,3,3,3,20,3.044522437723423,1,2,0,6,0,1,0,31.0
7,2.0794415416798357,1,0,1,2,0,7,28,3.367295829986474,1,1,3,0,8,7,1,211.0
12,2.5649493574615367,1,1,0,2,5,2,179,5.19295685089021,0,2,4,4,9,1,0,211.0
27,3.332204510175204,1,0,0,2,6,7,2301,7.741533589281828,0,0,1,5,1,3,0,2311.0
13,2.6390573296152584,1,0,1,3,6,3,53,3.9889840465642745,0,2,3,4,3,1,0,211.0
16,2.833213344056216,1,1,1,1,2,6,1952,7.577121930876679,1,2,2,6,2,16,1,2311.0
18,2.9444389791664403,1,1,0,3,4,8,1596,7.3758821482150125,1,0,1,0,6,6,0,2311.0
16,2.833213344056216,1,1,1,1,2,6,98,4.59511985013459,1,2,3,0,8,2,0,2311.0
20,3.044522437723423,1,1,2,0,6,0,1156,7.053585727193677,1,1,1,1,6,4,0,2311.0
13,2.6390573296152584,1,0,1,3,6,3,95,4.564348191467836,0,2,0,4,5,1,0,211.0
35,3.58351893845611,1,0,2,0,0,5,10779,9.285447844462988,0,0,4,6,9,1,0,30031.0
28,3.367295829986474,1,1,1,3,0,8,1504,7.316548177182976,1,1,4,6,4,4,0,2311.0
24,3.2188758248682006,1,1,0,4,3,4,1761,7.474204806496124,0,0,1,4,1,3,0,2311.0
37,3.6375861597263857,1,0,1,2,2,7,22468,10.019891860406231,1,1,3,5,8,1,0,30031.0
18,2.9444389791664403,1,1,0,3,4,8,88,4.48863636973214,1,1,3,4,8,2,0,2311.0
34,3.5553480614894135,1,1,1,4,6,4,6428,8.768574284141687,1,2,3,2,8,2,0,30031.0
7,2.0794415416798357,1,0,1,2,0,7,171,5.147494476813453,0,0,1,3,1,1,0,211.0
39,3.6888794541139363,1,0,0,4,4,9,13666,9.5227394469648,1,1,1,2,6,1,0,30031.0
26,3.295836866004329,1,1,2,1,5,6,710,6.566672429803241,1,2,0,3,0,2,0,2311.0
34,3.5553480614894135,1,1,1,4,6,4,8973,9.102086786535928,0,0,3,6,3,1,0,30031.0
39,3.6888794541139363,1,0,0,4,4,9,27220,10.211744013223518,1,1,0,4,0,1,0,30031.0
38,3.6635616461296463,1,1,2,3,3,8,8595,9.059052257762401,0,0,0,6,5,1,0,30031.0
33,3.5263605246161616,1,0,0,3,5,3,13985,9.545812108263812,0,2,0,6,5,1,0,30031.0
19,2.995732273553991,1,0,1,4,5,9,1244,7.126890808898808,1,2,4,5,4,1,0,2311.0
30,3.4339872044851463,1,1,0,0,2,0,1753,7.469654172932128,0,1,3,3,3,1,0,2311.0
8,2.1972245773362196,1,1,2,3,1,8,95,4.564348191467836,0,2,0,4,5,1,0,211.0
29,3.4011973816621555,1,0,2,4,1,9,468,6.150602768446279,1,0,3,6,8,1,0,2311.0
7,2.0794415416798357,1,0,1,2,0,7,185,5.225746673713202,0,2,0,3,5,1,0,211.0
27,3.332204510175204,1,0,0,2,6,7,1595,7.3752557780097545,0,2,0,6,5,1,0,2311.0
31,3.4657359027997265,1,0,1,1,3,1,29428,10.28973586171716,1,1,3,0,8,1,0,30031.0
28,3.367295829986474,1,1,1,3,0,8,1120,7.02197642307216,1,1,0,0,0,28,1,2311.0
29,3.4011973816621555,1,0,2,4,1,9,763,6.638567789166521,0,1,3,0,3,1,0,2311.0
19,2.995732273553991,1,0,1,4,5,9,1173,7.068172000388042,0,0,3,4,3,1,0,2311.0
30,3.4339872044851463,1,1,0,0,2,0,152,5.030437921392435,1,2,2,5,2,2,0,2311.0
35,3.58351893845611,1,0,2,0,0,5,12849,9.461099090323366,0,0,4,4,9,1,0,30031.0
25,3.258096538021482,1,0,1,0,4,5,1234,7.118826249062078,1,1,4,2,4,1,0,2311.0
31,3.4657359027997265,1,0,1,1,3,1,2225,7.70796153183549,0,2,0,6,5,1,0,30031.0
35,3.58351893845611,1,0,2,0,0,5,28803,10.268269545368758,0,0,3,5,3,1,0,30031.0
13,2.6390573296152584,1,0,1,3,6,3,74,4.31748811353631,1,2,4,4,4,1,0,211.0
28,3.367295829986474,1,1,1,3,0,8,1751,7.468513271496337,0,2,1,1,1,1,0,2311.0
17,2.8903717578961645,1,0,2,2,3,7,506,6.2285110035911835,1,2,1,2,6,1,0,2311.0
38,3.6635616461296463,1,1,2,3,3,8,6956,8.847503625923641,1,2,1,5,6,2,0,30031.0
30,3.4339872044851463,1,1,0,0,2,0,20,3.044522437723423,1,2,0,6,0,10,0,2311.0
33,3.5263605246161616,1,0,0,3,5,3,21506,9.976133742520982,1,2,1,2,6,1,0,30031.0
33,3.5263605246161616,1,0,0,3,5,3,15580,9.653807502217354,1,1,0,5,0,1,0,30031.0
13,2.6390573296152584,1,0,1,3,6,3,23,3.1780538303479458,0,2,3,2,3,1,0,211.0
33,3.5263605246161616,1,0,0,3,5,3,26680,10.191706980586526,1,1,0,3,0,1,0,30031.0
23,3.1780538303479458,1,0,2,3,2,3,1783,7.486613313139955,0,1,3,5,3,1,0,2311.0
15,2.772588722239781,1,0,0,0,1,5,2164,7.68017564043659,1,1,4,1,4,1,0,2311.0
15,2.772588722239781,1,0,0,0,1,5,1503,7.315883504509785,0,0,3,5,3,3,0,2311.0
28,3.367295829986474,1,1,1,3,0,8,569,6.345636360828596,0,2,4,2,9,1,0,2311.0
40,3.713572066704308,1,1,1,0,5,0,3798,8.242493153187626,1,0,3,4,8,2,0,30031.0
12,2.5649493574615367,1,1,0,2,5,2,4,1.6094379124341003,1,1,4,4,4,4,1,211.0
24,3.2188758248682006,1,1,0,4,3,4,347,5.8522024797744745,0,2,2,4,7,1,0,2311.0
27,3.332204510175204,1,0,0,2,6,7,474,6.163314804034641,1,0,4,5,4,3,0,2311.0
30,3.4339872044851463,1,1,0,0,2,0,1742,7.463363045520021,1,2,2,6,2,2,0,2311.0
24,3.2188758248682006,1,1,0,4,3,4,1090,6.994849985833071,1,1,0,5,0,2,0,2311.0
15,2.772588722239781,1,0,0,0,1,5,972,6.880384082186005,1,0,2,6,2,3,0,2311.0
33,3.5263605246161616,1,0,0,3,5,3,6328,8.752897524775305,1,1,3,0,8,1,0,30031.0
20,3.044522437723423,1,1,2,0,6,0,1718,7.449498005382849,1,2,3,3,8,2,0,2311.0
35,3.58351893845611,1,0,2,0,0,5,29257,10.283908319538032,0,1,2,4,7,1,0,30031.0
37,3.6375861597263857,1,0,1,2,2,7,27690,10.22886272963353,1,0,0,5,0,1,0,30031.0
21,3.091042453358316,1,0,0,1,0,1,350,5.860786223465865,1,2,0,0,0,7,0,2311.0
15,2.772588722239781,1,0,0,0,1,5,1413,7.254177846456518,0,0,3,6,3,3,0,2311.0
21,3.091042453358316,1,0,0,1,0,1,1057,6.964135612418245,0,1,2,0,7,7,0,2311.0
40,3.713572066704308,1,1,1,0,5,0,17734,9.783295367207723,1,1,4,3,4,2,0,30031.0
36,3.6109179126442243,1,1,0,1,1,6,8882,9.0918946167697,1,2,2,6,2,2,0,30031.0
30,3.4339872044851463,1,1,0,0,2,0,1577,7.363913501405819,0,2,2,2,7,1,0,2311.0
26,3.295836866004329,1,1,2,1,5,6,1057,6.964135612418245,0,1,2,0,7,1,0,2311.0
27,3.332204510175204,1,0,0,2,6,7,241,5.488937726156687,0,1,1,3,1,1,0,2311.0
29,3.4011973816621555,1,0,2,4,1,9,1726,7.454141078146678,1,1,1,4,6,1,0,2311.0
25,3.258096538021482,1,0,1,0,4,5,1299,7.170119543449628,0,0,4,4,9,1,0,2311.0
16,2.833213344056216,1,1,1,1,2,6,1752,7.469083884921234,1,0,2,2,2,8,0,2311.0
39,3.6888794541139363,1,0,0,4,4,9,29177,10.28117027963184,0,2,2,1,7,1,0,30031.0
8,2.1972245773362196,1,1,2,3,1,8,68,4.23410650459726,1,2,3,5,8,4,0,211.0
10,2.3978952727983707,1,1,1,0,3,0,4,1.6094379124341003,1,1,4,4,4,2,0,211.0
28,3.367295829986474,1,1,1,3,0,8,1893,7.546446273746024,0,0,3,3,3,1,0,2311.0
15,2.772588722239781,1,0,0,0,1,5,1939,7.570443252057374,0,1,4,0,9,1,0,2311.0
15,2.772588722239781,1,0,0,0,1,5,1202,7.0925737159746784,1,2,2,5,2,1,0,2311.0
19,2.995732273553991,1,0,1,4,5,9,180,5.198497031265826,1,0,0,5,0,1,0,2311.0
34,3.5553480614894135,1,1,1,4,6,4,23595,10.068832485122966,0,0,0,5,5,1,0,30031.0
36,3.6109179126442243,1,1,0,1,1,6,20521,9.929252760422154,0,1,1,4,1,1,0,30031.0
28,3.367295829986474,1,1,1,3,0,8,1379,7.22983877815125,0,2,4,0,9,7,0,2311.0
17,2.8903717578961645,1,0,2,2,3,7,1357,7.213768308118642,0,1,2,6,7,1,0,2311.0
38,3.6635616461296463,1,1,2,3,3,8,12865,9.462343451970945,0,1,0,6,5,1,0,30031.0
10,2.3978952727983707,1,1,1,0,3,0,72,4.290459441148391,1,0,2,2,2,2,0,211.0
38,3.6635616461296463,1,1,2,3,3,8,6049,8.707813551024888,0,1,4,1,9,1,0,30031.0
36,3.6109179126442243,1,1,0,1,1,6,63,4.1588830833596715,0,0,3,0,3,9,0,30031.0
15,2.772588722239781,1,0,0,0,1,5,2183,7.688913336864796,0,2,3,6,3,1,0,2311.0
30,3.4339872044851463,1,1,0,0,2,0,861,6.759255270663693,0,0,1,0,1,3,0,2311.0
34,3.5553480614894135,1,1,1,4,6,4,475,6.16541785423142,0,1,0,6,5,1,0,30031.0
33,3.5263605246161616,1,0,0,3,5,3,1187,7.080026499922591,0,2,2,4,7,1,0,30031.0
13,2.6390573296152584,1,0,1,3,6,3,118,4.77912349311153,1,1,3,6,8,1,0,211.0
11,2.4849066497880004,1,0,2,1,4,1,11,2.4849066497880004,0,2,1,4,1,11,1,211.0
39,3.6888794541139363,1,0,0,4,4,9,9963,9.20673387638207,0,0,3,2,3,3,0,30031.0
16,2.833213344056216,1,1,1,1,2,6,1208,7.097548850614793,1,2,3,4,8,8,0,2311.0
29,3.4011973816621555,1,0,2,4,1,9,1228,7.113956109566034,1,1,3,3,8,1,0,2311.0
27,3.332204510175204,1,0,0,2,6,7,1083,6.988413181999592,0,0,3,5,3,3,0,2311.0
24,3.2188758248682006,1,1,0,4,3,4,398,5.988961416889864,1,2,3,6,8,2,0,2311.0
22,3.1354942159291497,1,1,1,2,1,2,874,6.774223886357614,1,1,4,6,4,2,0,2311.0
14,2.70805020110221,1,1,2,4,0,4,52,3.970291913552122,1,1,2,3,2,2,0,211.0
28,3.367295829986474,1,1,1,3,0,8,221,5.402677381872279,0,2,1,4,1,1,0,2311.0
24,3.2188758248682006,1,1,0,4,3,4,1263,7.142036574706803,0,0,3,3,3,3,0,2311.0
12,2.5649493574615367,1,1,0,2,5,2,138,4.9344739331306915,1,0,3,5,8,6,0,211.0
23,3.1780538303479458,1,0,2,3,2,3,1293,7.165493475060845,0,0,3,5,3,1,0,2311.0
18,2.9444389791664403,1,1,0,3,4,8,2079,7.640123172695364,0,0,4,0,9,9,0,2311.0
17,2.8903717578961645,1,0,2,2,3,7,752,6.6240652277998935,1,2,2,3,2,1,0,2311.0
25,3.258096538021482,1,0,1,0,4,5,1576,7.3632795869630385,1,1,1,1,6,1,0,2311.0
13,2.6390573296152584,1,0,1,3,6,3,8,2.1972245773362196,1,2,3,1,8,1,0,211.0
26,3.295836866004329,1,1,2,1,5,6,813,6.70196036600254,0,0,3,1,3,1,0,2311.0
20,3.044522437723423,1,1,2,0,6,0,1598,7.377133712833954,1,2,3,2,8,2,0,2311.0
14,2.70805020110221,1,1,2,4,0,4,205,5.327876168789581,0,1,0,2,5,1,0,211.0
21,3.091042453358316,1,0,0,1,0,1,1401,7.2456550675945355,0,0,1,1,1,3,0,2311.0
11,2.4849066497880004,1,0,2,1,4,1,38,3.6635616461296463,1,2,3,3,8,1,0,211.0
37,3.6375861597263857,1,0,1,2,2,7,13483,9.50925907635395,0,1,3,1,3,1,0,30031.0
27,3.332204510175204,1,0,0,2,6,7,679,6.522092798170152,0,1,4,0,9,1,0,2311.0
5,1.791759469228055,1,0,2,0,5,5,15,2.772588722239781,0,0,0,1,5,5,1,31.0
38,3.6635616461296463,1,1,2,3,3,8,6587,8.79300509129753,0,2,2,0,7,1,0,30031.0
32,3.4965075614664802,1,1,2,2,4,2,21720,9.986034813503693,1,0,0,6,0,8,0,30031.0
38,3.6635616461296463,1,1,2,3,3,8,20950,9.949941656908011,1,1,0,6,0,2,0,30031.0
11,2.4849066497880004,1,0,2,1,4,1,116,4.762173934797756,1,2,1,4,6,1,0,211.0
31,3.4657359027997265,1,0,1,1,3,1,9364,9.144734614878189,1,1,4,5,4,1,0,30031.0
9,2.302585092994046,1,0,0,4,2,9,7,2.0794415416798357,0,1,2,0,7,1,0,211.0
16,2.833213344056216,1,1,1,1,2,6,1090,6.994849985833071,1,1,0,5,0,2,0,2311.0
22,3.1354942159291497,1,1,1,2,1,2,246,5.5093883366279774,1,0,1,1,6,2,0,2311.0
19,2.995732273553991,1,0,1,4,5,9,1426,7.2633296174768365,1,1,1,5,6,1,0,2311.0
39,3.6888794541139363,1,0,0,4,4,9,23608,10.069383274248214,1,1,3,4,8,13,0,30031.0
38,3.6635616461296463,1,1,2,3,3,8,25831,10.15936931243811,0,1,1,1,1,1,0,30031.0
15,2.772588722239781,1,0,0,0,1,5,774,6.652863029353347,1,0,4,4,4,3,0,2311.0
17,2.8903717578961645,1,0,2,2,3,7,85,4.454347296253507,0,1,0,1,5,17,1,2311.0
35,3.58351893845611,1,0,2,0,0,5,6926,8.843182098022606,1,2,1,3,6,1,0,30031.0
32,3.4965075614664802,1,1,2,2,4,2,1433,7.2682230211595655,0,2,3,5,3,1,0,30031.0
32,3.4965075614664802,1,1,2,2,4,2,22563,10.024110994859866,0,0,3,2,3,1,0,30031.0
33,3.5263605246161616,1,0,0,3,5,3,13474,9.508591395777199,1,1,4,6,4,1,0,30031.0
15,2.772588722239781,1,0,0,0,1,5,645,6.470799503782602,0,0,0,1,5,15,1,2311.0
19,2.995732273553991,1,0,1,4,5,9,1242,7.1252830915107115,1,0,2,3,2,1,0,2311.0
25,3.258096538021482,1,0,1,0,4,5,703,6.556778356158042,0,1,3,3,3,1,0,2311.0
26,3.295836866004329,1,1,2,1,5,6,469,6.152732694704104,0,1,4,0,9,1,0,2311.0
14,2.70805020110221,1,1,2,4,0,4,138,4.9344739331306915,1,0,3,5,8,2,0,211.0
36,3.6109179126442243,1,1,0,1,1,6,6024,8.703672758358856,1,0,4,4,4,12,0,30031.0
39,3.6888794541139363,1,0,0,4,4,9,1104,7.007600613951853,1,0,4,5,4,3,0,30031.0
27,3.332204510175204,1,0,0,2,6,7,1864,7.5310163320779155,1,1,4,2,4,1,0,2311.0
29,3.4011973816621555,1,0,2,4,1,9,774,6.652863029353347,1,0,4,4,4,1,0,2311.0
7,2.0794415416798357,1,0,1,2,0,7,170,5.14166355650266,1,2,0,2,0,1,0,211.0
10,2.3978952727983707,1,1,1,0,3,0,128,4.859812404361672,1,2,3,2,8,2,0,211.0
28,3.367295829986474,1,1,1,3,0,8,1388,7.236339342754344,1,2,3,2,8,4,0,2311.0
25,3.258096538021482,1,0,1,0,4,5,1844,7.520234556474628,1,2,4,3,4,1,0,2311.0
21,3.091042453358316,1,0,0,1,0,1,1294,7.166265974133638,1,1,4,6,4,1,0,2311.0
16,2.833213344056216,1,1,1,1,2,6,2165,7.680637427560936,0,2,0,2,5,1,0,2311.0
30,3.4339872044851463,1,1,0,0,2,0,973,6.881411303642535,0,1,3,0,3,1,0,2311.0
9,2.302585092994046,1,0,0,4,2,9,106,4.672828834461906,1,1,1,1,6,1,0,211.0
20,3.044522437723423,1,1,2,0,6,0,1851,7.524021415206125,0,0,1,3,1,1,0,2311.0
8,2.1972245773362196,1,1,2,3,1,8,14,2.70805020110221,1,2,4,0,4,2,0,211.0
23,3.1780538303479458,1,0,2,3,2,3,1605,7.381501894506707,0,0,0,2,5,1,0,2311.0
34,3.5553480614894135,1,1,1,4,6,4,1236,7.1204443723924875,1,0,1,4,6,2,0,30031.0
32,3.4965075614664802,1,1,2,2,4,2,28683,10.264094755002466,0,0,3,4,3,1,0,30031.0
37,3.6375861597263857,1,0,1,2,2,7,8560,9.054972284742485,1,1,0,6,0,1,0,30031.0
24,3.2188758248682006,1,1,0,4,3,4,766,6.642486801367256,1,1,1,3,6,2,0,2311.0
7,2.0794415416798357,1,0,1,2,0,7,31,3.4657359027997265,0,1,1,3,1,1,0,211.0
27,3.332204510175204,1,0,0,2,6,7,2234,7.711996507047669,1,2,4,1,4,1,0,2311.0
19,2.995732273553991,1,0,1,4,5,9,111,4.718498871295094,0,0,1,6,1,1,0,2311.0
17,2.8903717578961645,1,0,2,2,3,7,861,6.759255270663693,0,0,1,0,1,1,0,2311.0
35,3.58351893845611,1,0,2,0,0,5,5173,8.551401362745974,0,1,3,0,3,7,0,30031.0
14,2.70805020110221,1,1,2,4,0,4,127,4.852030263919617,0,1,2,1,7,1,0,211.0
8,2.1972245773362196,1,1,2,3,1,8,208,5.342334251964811,1,1,3,5,8,8,1,211.0
15,2.772588722239781,1,0,0,0,1,5,2144,7.6708948313621175,1,2,4,2,4,1,0,2311.0
38,3.6635616461296463,1,1,2,3,3,8,4950,8.507344855361422,1,0,0,1,0,2,0,30031.0
38,3.6635616461296463,1,1,2,3,3,8,16860,9.732758541777981,1,0,0,4,0,2,0,30031.0
35,3.58351893845611,1,0,2,0,0,5,12574,9.43946599496794,1,1,4,2,4,1,0,30031.0
22,3.1354942159291497,1,1,1,2,1,2,1967,7.584773077612199,0,2,2,0,7,1,0,2311.0
36,3.6109179126442243,1,1,0,1,1,6,21740,9.986955157777391,1,2,0,5,0,4,0,30031.0
17,2.8903717578961645,1,0,2,2,3,7,1934,7.5678626054638825,1,2,4,2,4,1,0,2311.0
32,3.4965075614664802,1,1,2,2,4,2,10879,9.294681520409934,0,1,4,1,9,1,0,30031.0
28,3.367295829986474,1,1,1,3,0,8,422,6.0473721790462776,1,2,2,2,2,2,0,2311.0
5,1.791759469228055,1,0,2,0,5,5,11,2.4849066497880004,0,2,1,4,1,1,0,31.0
18,2.9444389791664403,1,1,0,3,4,8,1730,7.456454555176209,1,2,0,1,0,2,0,2311.0
30,3.4339872044851463,1,1,0,0,2,0,866,6.7650389767805414,1,2,1,5,6,2,0,2311.0
35,3.58351893845611,1,0,2,0,0,5,6604,8.795582216956426,1,1,4,3,4,1,0,30031.0
36,3.6109179126442243,1,1,0,1,1,6,10180,9.228278517107196,1,1,0,2,0,4,0,30031.0
19,2.995732273553991,1,0,1,4,5,9,258,5.556828061699537,1,0,3,6,8,1,0,2311.0
29,3.4011973816621555,1,0,2,4,1,9,546,6.304448802421981,1,0,1,0,6,1,0,2311.0
16,2.833213344056216,1,1,1,1,2,6,1628,7.395721608602045,1,2,3,4,8,4,0,2311.0
7,2.0794415416798357,1,0,1,2,0,7,55,4.02535169073515,0,1,0,6,5,1,0,211.0
11,2.4849066497880004,1,0,2,1,4,1,44,3.8066624897703196,1,2,4,2,4,11,1,211.0
30,3.4339872044851463,1,1,0,0,2,0,477,6.169610732491456,0,0,2,1,7,3,0,2311.0
36,3.6109179126442243,1,1,0,1,1,6,1731,7.4570320891223805,0,0,1,2,1,3,0,30031.0
33,3.5263605246161616,1,0,0,3,5,3,17180,9.751559401061966,1,2,0,2,0,1,0,30031.0
24,3.2188758248682006,1,1,0,4,3,4,58,4.07753744390572,1,1,3,2,8,2,0,2311.0
11,2.4849066497880004,1,0,2,1,4,1,72,4.290459441148391,1,0,2,2,2,1,0,211.0
7,2.0794415416798357,1,0,1,2,0,7,97,4.584967478670572,0,1,2,6,7,1,0,211.0
16,2.833213344056216,1,1,1,1,2,6,579,6.363028103540465,0,0,4,5,9,1,0,2311.0
30,3.4339872044851463,1,1,0,0,2,0,2074,7.637716432664798,1,1,4,2,4,2,0,2311.0
37,3.6375861597263857,1,0,1,2,2,7,4748,8.465689348549121,1,2,3,2,8,1,0,30031.0
22,3.1354942159291497,1,1,1,2,1,2,1591,7.3727463664043285,0,1,1,2,1,1,0,2311.0
21,3.091042453358316,1,0,0,1,0,1,1959,7.580699752224563,0,0,4,6,9,3,0,2311.0
27,3.332204510175204,1,0,0,2,6,7,786,6.668228248417403,1,0,1,2,6,3,0,2311.0
10,2.3978952727983707,1,1,1,0,3,0,198,5.293304824724492,1,0,3,2,8,2,0,211.0
18,2.9444389791664403,1,1,0,3,4,8,65,4.189654742026425,0,2,0,2,5,1,0,2311.0
36,3.6109179126442243,1,1,0,1,1,6,3860,8.258681496264236,1,2,0,3,0,4,0,30031.0
20,3.044522437723423,1,1,2,0,6,0,1258,7.138073034044347,1,1,3,5,8,2,0,2311.0
31,3.4657359027997265,1,0,1,1,3,1,23549,10.066881099444563,0,2,4,1,9,1,0,30031.0
34,3.5553480614894135,1,1,1,4,6,4,23228,10.053156777054832,1,2,3,2,8,2,0,30031.0
38,3.6635616461296463,1,1,2,3,3,8,23263,10.054662380333246,0,1,3,2,3,1,0,30031.0
21,3.091042453358316,1,0,0,1,0,1,1163,7.059617628291383,0,2,3,1,3,1,0,2311.0
22,3.1354942159291497,1,1,1,2,1,2,1339,7.200424892944957,0,1,4,2,9,1,0,2311.0
11,2.4849066497880004,1,0,2,1,4,1,166,5.117993812416755,1,1,1,5,6,1,0,211.0
28,3.367295829986474,1,1,1,3,0,8,2097,7.6487397889562425,0,0,2,4,7,1,0,2311.0
17,2.8903717578961645,1,0,2,2,3,7,1131,7.0317412587631285,0,0,1,4,1,1,0,2311.0
21,3.091042453358316,1,0,0,1,0,1,1541,7.340835554123275,0,2,1,1,1,1,0,2311.0
27,3.332204510175204,1,0,0,2,6,7,830,6.7226297948554485,1,2,0,4,0,1,0,2311.0
11,2.4849066497880004,1,0,2,1,4,1,183,5.214935757608986,0,0,3,1,3,1,0,211.0
34,3.5553480614894135,1,1,1,4,6,4,22526,10.022469868767994,1,2,1,0,6,2,0,30031.0
36,3.6109179126442243,1,1,0,1,1,6,29896,10.30551341989678,1,1,1,6,6,4,0,30031.0
26,3.295836866004329,1,1,2,1,5,6,167,5.123963979403259,0,2,2,6,7,1,0,2311.0
12,2.5649493574615367,1,1,0,2,5,2,177,5.181783550292085,0,0,2,2,7,3,0,211.0
27,3.332204510175204,1,0,0,2,6,7,827,6.71901315438526,0,2,2,1,7,1,0,2311.0
32,3.4965075614664802,1,1,2,2,4,2,22961,10.041595954653758,0,2,1,1,1,1,0,30031.0
34,3.5553480614894135,1,1,1,4,6,4,14247,9.564371824969498,0,0,2,2,7,1,0,30031.0
20,3.044522437723423,1,1,2,0,6,0,823,6.714170529909472,0,1,3,4,3,1,0,2311.0
31,3.4657359027997265,1,0,1,1,3,1,25058,10.128988323424016,1,2,3,5,8,1,0,30031.0
8,2.1972245773362196,1,1,2,3,1,8,176,5.176149732573829,1,2,1,1,6,8,1,211.0
40,3.713572066704308,1,1,1,0,5,0,19638,9.885272664115224,1,0,3,3,8,2,0,30031.0
4,1.6094379124341003,1,1,1,4,4,4,23,3.1780538303479458,0,2,3,2,3,1,0,31.0
10,2.3978952727983707,1,1,1,0,3,0,148,5.003946305945459,1,1,3,1,8,2,0,211.0
33,3.5263605246161616,1,0,0,3,5,3,29143,10.2800043386884,0,1,3,2,3,1,0,30031.0
10,2.3978952727983707,1,1,1,0,3,0,162,5.093750200806762,1,0,2,1,2,2,0,211.0
21,3.091042453358316,1,0,0,1,0,1,2124,7.661527081358517,1,0,4,3,4,3,0,2311.0
7,2.0794415416798357,1,0,1,2,0,7,41,3.7376696182833684,0,2,1,6,1,1,0,211.0
22,3.1354942159291497,1,1,1,2,1,2,1792,7.491645473605133,1,1,2,0,2,2,0,2311.0
13,2.6390573296152584,1,0,1,3,6,3,123,4.820281565605037,0,0,3,4,3,1,0,211.0
15,2.772588722239781,1,0,0,0,1,5,740,6.608000625296087,1,2,0,5,0,5,0,2311.0
19,2.995732273553991,1,0,1,4,5,9,1522,7.328437352895162,1,1,2,3,2,1,0,2311.0
36,3.6109179126442243,1,1,0,1,1,6,27687,10.228754385315181,0,0,2,2,7,3,0,30031.0
31,3.4657359027997265,1,0,1,1,3,1,5556,8.622813673279921,1,0,1,5,6,1,0,30031.0
7,2.0794415416798357,1,0,1,2,0,7,95,4.564348191467836,0,2,0,4,5,1,0,211.0
29,3.4011973816621555,1,0,2,4,1,9,1310,7.1785454837637,1,2,0,1,0,1,0,2311.0
20,3.044522437723423,1,1,2,0,6,0,784,6.665683717782408,1,1,4,0,4,4,0,2311.0
36,3.6109179126442243,1,1,0,1,1,6,29338,10.28667296795321,1,1,3,1,8,2,0,30031.0
12,2.5649493574615367,1,1,0,2,5,2,162,5.093750200806762,1,0,2,1,2,6,0,211.0
16,2.833213344056216,1,1,1,1,2,6,966,6.874198495453294,1,0,1,0,6,2,0,2311.0
22,3.1354942159291497,1,1,1,2,1,2,882,6.78332520060396,1,0,2,0,2,2,0,2311.0
16,2.833213344056216,1,1,1,1,2,6,2107,7.653494909661253,0,1,2,0,7,1,0,2311.0
20,3.044522437723423,1,1,2,0,6,0,1740,7.462214939768189,1,0,0,4,0,20,1,2311.0
28,3.367295829986474,1,1,1,3,0,8,327,5.793013608384144,0,0,2,5,7,1,0,2311.0
39,3.6888794541139363,1,0,0,4,4,9,22329,10.013686344834204,0,0,4,6,9,3,0,30031.0
13,2.6390573296152584,1,0,1,3,6,3,150,5.017279836814924,1,0,0,3,0,1,0,211.0
11,2.4849066497880004,1,0,2,1,4,1,17,2.8903717578961645,0,2,2,3,7,1,0,211.0
20,3.044522437723423,1,1,2,0,6,0,2001,7.601901959875166,0,0,1,6,1,1,0,2311.0
32,3.4965075614664802,1,1,2,2,4,2,15716,9.662498208076329,1,2,1,1,6,4,0,30031.0
40,3.713572066704308,1,1,1,0,5,0,17352,9.761520681090504,1,0,2,6,2,8,0,30031.0
34,3.5553480614894135,1,1,1,4,6,4,6366,8.758883680017025,1,0,1,3,6,2,0,30031.0
26,3.295836866004329,1,1,2,1,5,6,1424,7.261927092702751,1,2,4,3,4,2,0,2311.0
4,1.6094379124341003,1,1,1,4,4,4,10,2.3978952727983707,1,1,0,3,0,2,0,31.0
30,3.4339872044851463,1,1,0,0,2,0,1146,7.044905117129371,1,0,1,5,6,6,0,2311.0
39,3.6888794541139363,1,0,0,4,4,9,6627,8.799058378546453,0,0,2,5,7,3,0,30031.0
8,2.1972245773362196,1,1,2,3,1,8,132,4.890349128221754,1,0,2,6,2,4,0,211.0
13,2.6390573296152584,1,0,1,3,6,3,28,3.367295829986474,1,1,3,0,8,1,0,211.0
30,3.4339872044851463,1,1,0,0,2,0,2244,7.716460800176355,1,0,4,4,4,6,0,2311.0
20,3.044522437723423,1,1,2,0,6,0,2208,7.700295203420117,1,0,3,3,8,4,0,2311.0
33,3.5263605246161616,1,0,0,3,5,3,10184,9.228671328660907,1,2,4,6,4,1,0,30031.0
31,3.4657359027997265,1,0,1,1,3,1,22986,10.042684117724416,1,0,1,5,6,1,0,30031.0
40,3.713572066704308,1,1,1,0,5,0,12731,9.451873788401983,0,2,1,5,1,1,0,30031.0
39,3.6888794541139363,1,0,0,4,4,9,5101,8.537387898701757,0,1,1,5,1,1,0,30031.0
12,2.5649493574615367,1,1,0,2,5,2,98,4.59511985013459,1,2,3,0,8,2,0,211.0
32,3.4965075614664802,1,1,2,2,4,2,6940,8.845201135339584,1,1,0,3,0,4,0,30031.0
22,3.1354942159291497,1,1,1,2,1,2,2265,7.725771441587952,0,0,0,4,5,1,0,2311.0
12,2.5649493574615367,1,1,0,2,5,2,62,4.143134726391533,1,2,2,6,2,2,0,211.0
36,3.6109179126442243,1,1,0,1,1,6,25109,10.13102145215163,0,2,4,0,9,1,0,30031.0
36,3.6109179126442243,1,1,0,1,1,6,20230,9.914971360477415,1,1,0,0,0,2,0,30031.0
14,2.70805020110221,1,1,2,4,0,4,99,4.605170185988092,0,0,4,1,9,1,0,211.0
28,3.367295829986474,1,1,1,3,0,8,1777,7.48324441607385,0,1,2,6,7,1,0,2311.0
36,3.6109179126442243,1,1,0,1,1,6,28721,10.265418658620565,0,2,1,0,1,1,0,30031.0
32,3.4965075614664802,1,1,2,2,4,2,24458,10.10475352533102,1,2,3,0,8,2,0,30031.0
28,3.367295829986474,1,1,1,3,0,8,146,4.990432586778736,1,2,1,6,6,2,0,2311.0
12,2.5649493574615367,1,1,0,2,5,2,74,4.31748811353631,1,2,4,4,4,2,0,211.0
16,2.833213344056216,1,1,1,1,2,6,2130,7.664346632098617,1,0,0,2,0,2,0,2311.0
30,3.4339872044851463,1,1,0,0,2,0,1463,7.288927694521257,0,2,3,0,3,1,0,2311.0
28,3.367295829986474,1,1,1,3,0,8,1703,7.440733707389261,0,2,3,2,3,1,0,2311.0
11,2.4849066497880004,1,0,2,1,4,1,110,4.709530201312334,1,2,0,5,0,11,1,211.0
40,3.713572066704308,1,1,1,0,5,0,23427,10.061687167209673,0,0,2,5,7,1,0,30031.0
22,3.1354942159291497,1,1,1,2,1,2,365,5.902633333401366,0,2,0,1,5,1,0,2311.0
9,2.302585092994046,1,0,0,4,2,9,189,5.247024072160486,0,0,4,0,9,9,1,211.0
8,2.1972245773362196,1,1,2,3,1,8,149,5.0106352940962555,0,2,4,2,9,1,0,211.0
3,1.3862943611198906,1,0,0,3,3,3,21,3.091042453358316,0,0,1,0,1,3,1,31.0
30,3.4339872044851463,1,1,0,0,2,0,1148,7.046647277848756,1,2,3,0,8,2,0,2311.0
38,3.6635616461296463,1,1,2,3,3,8,5463,8.605936401250625,0,0,3,3,3,1,0,30031.0
10,2.3978952727983707,1,1,1,0,3,0,200,5.303304908059076,1,2,0,4,0,10,1,211.0
21,3.091042453358316,1,0,0,1,0,1,653,6.483107351457199,0,2,3,2,3,1,0,2311.0
20,3.044522437723423,1,1,2,0,6,0,2070,7.635786861395585,1,0,0,5,0,10,0,2311.0
40,3.713572066704308,1,1,1,0,5,0,7583,8.933796043934858,0,2,3,2,3,1,0,30031.0
37,3.6375861597263857,1,0,1,2,2,7,18842,9.843896771122491,1,2,2,5,2,1,0,30031.0
13,2.6390573296152584,1,0,1,3,6,3,90,4.51085950651685,1,0,0,6,0,1,0,211.0
31,3.4657359027997265,1,0,1,1,3,1,5156,8.548110294050959,1,2,1,4,6,1,0,30031.0
16,2.833213344056216,1,1,1,1,2,6,982,6.890609120147166,1,1,2,2,2,2,0,2311.0
31,3.4657359027997265,1,0,1,1,3,1,23774,10.07638988741359,1,2,4,2,4,1,0,30031.0
31,3.4657359027997265,1,0,1,1,3,1,2919,7.979338895262328,0,0,4,0,9,1,0,30031.0
13,2.6390573296152584,1,0,1,3,6,3,42,3.7612001156935624,1,0,2,0,2,1,0,211.0
10,2.3978952727983707,1,1,1,0,3,0,39,3.6888794541139363,0,0,4,4,9,1,0,211.0
30,3.4339872044851463,1,1,0,0,2,0,2259,7.723120092266331,0,0,4,5,9,3,0,2311.0
17,2.8903717578961645,1,0,2,2,3,7,269,5.598421958998375,0,2,4,3,9,1,0,2311.0
36,3.6109179126442243,1,1,0,1,1,6,16548,9.714080956018943,1,0,3,0,8,12,0,30031.0
29,3.4011973816621555,1,0,2,4,1,9,1106,7.009408932708637,1,2,1,0,6,1,0,2311.0
36,3.6109179126442243,1,1,0,1,1,6,5892,8.681520484837913,1,0,2,5,2,12,0,30031.0
30,3.4339872044851463,1,1,0,0,2,0,2119,7.659171367666058,0,1,4,5,9,1,0,2311.0
22,3.1354942159291497,1,1,1,2,1,2,1017,6.925595197110468,0,0,2,2,7,1,0,2311.0
25,3.258096538021482,1,0,1,0,4,5,1279,7.154615356913663,0,1,4,5,9,1,0,2311.0
25,3.258096538021482,1,0,1,0,4,5,1332,7.195187320178709,1,0,2,2,2,1,0,2311.0
29,3.4011973816621555,1,0,2,4,1,9,2170,7.682943169878292,1,1,0,0,0,1,0,2311.0
8,2.1972245773362196,1,1,2,3,1,8,170,5.14166355650266,1,2,0,2,0,2,0,211.0
16,2.833213344056216,1,1,1,1,2,6,1212,7.10085190894405,1,0,2,1,2,4,0,2311.0
34,3.5553480614894135,1,1,1,4,6,4,17398,9.764168012286715,1,1,3,3,8,2,0,30031.0
11,2.4849066497880004,1,0,2,1,4,1,23,3.1780538303479458,0,2,3,2,3,1,0,211.0
17,2.8903717578961645,1,0,2,2,3,7,1547,7.344719054149673,0,2,2,0,7,17,1,2311.0
39,3.6888794541139363,1,0,0,4,4,9,22502,10.021403912637746,1,2,2,4,2,1,0,30031.0
11,2.4849066497880004,1,0,2,1,4,1,131,4.882801922586371,0,2,1,5,1,1,0,211.0
17,2.8903717578961645,1,0,2,2,3,7,1061,6.967909201801884,0,2,1,4,1,1,0,2311.0
27,3.332204510175204,1,0,0,2,6,7,2294,7.738488122494646,1,2,4,5,4,1,0,2311.0
26,3.295836866004329,1,1,2,1,5,6,2101,7.650644551436897,0,1,1,1,1,1,0,2311.0
22,3.1354942159291497,1,1,1,2,1,2,1512,7.321849713788356,1,0,2,0,2,2,0,2311.0
31,3.4657359027997265,1,0,1,1,3,1,9868,9.197153810172008,1,1,3,5,8,1,0,30031.0
14,2.70805020110221,1,1,2,4,0,4,23,3.1780538303479458,0,2,3,2,3,1,0,211.0
33,3.5263605246161616,1,0,0,3,5,3,16331,9.700881652439467,0,2,1,0,1,1,0,30031.0
22,3.1354942159291497,1,1,1,2,1,2,2287,7.7354333524996886,0,1,2,5,7,1,0,2311.0
34,3.5553480614894135,1,1,1,4,6,4,15729,9.663324996052323,0,0,4,0,9,1,0,30031.0
12,2.5649493574615367,1,1,0,2,5,2,3,1.3862943611198906,0,0,3,3,3,3,1,211.0
10,2.3978952727983707,1,1,1,0,3,0,16,2.833213344056216,1,1,1,2,6,2,0,211.0
21,3.091042453358316,1,0,0,1,0,1,1231,7.116394144093465,0,1,1,6,1,1,0,2311.0
37,3.6375861597263857,1,0,1,2,2,7,17964,9.79618069954762,1,0,4,2,4,1,0,30031.0
31,3.4657359027997265,1,0,1,1,3,1,26367,10.179906432709199,0,0,2,5,7,1,0,30031.0
14,2.70805020110221,1,1,2,4,0,4,177,5.181783550292085,0,0,2,2,7,1,0,211.0
19,2.995732273553991,1,0,1,4,5,9,1814,7.503840746698951,1,2,4,1,4,1,0,2311.0
29,3.4011973816621555,1,0,2,4,1,9,267,5.5909869805108565,0,0,2,1,7,1,0,2311.0
19,2.995732273553991,1,0,1,4,5,9,493,6.202535517187923,0,1,3,3,3,1,0,2311.0
38,3.6635616461296463,1,1,2,3,3,8,13288,9.494691904331507,1,1,3,2,8,2,0,30031.0
31,3.4657359027997265,1,0,1,1,3,1,7684,8.947025655972697,1,1,4,5,4,1,0,30031.0
37,3.6375861597263857,1,0,1,2,2,7,5497,8.612139668725192,0,1,2,2,7,1,0,30031.0
13,2.6390573296152584,1,0,1,3,6,3,159,5.075173815233827,0,0,4,5,9,1,0,211.0
20,3.044522437723423,1,1,2,0,6,0,2021,7.611842399580417,0,2,1,5,1,1,0,2311.0
17,2.8903717578961645,1,0,2,2,3,7,1616,7.388327859577107,1,2,1,6,6,1,0,2311.0
38,3.6635616461296463,1,1,2,3,3,8,28042,10.241494325439769,1,1,2,0,2,2,0,30031.0
34,3.5553480614894135,1,1,1,4,6,4,14387,9.574149804815514,0,2,2,2,7,1,0,30031.0
17,2.8903717578961645,1,0,2,2,3,7,1177,7.071573364211532,0,1,2,1,7,1,0,2311.0
16,2.833213344056216,1,1,1,1,2,6,1878,7.538494999413465,1,0,3,2,8,2,0,2311.0
40,3.713572066704308,1,1,1,0,5,0,461,6.135564891081739,0,2,1,6,1,1,0,30031.0
27,3.332204510175204,1,0,0,2,6,7,2249,7.718685495198466,0,2,4,2,9,1,0,2311.0
31,3.4657359027997265,1,0,1,1,3,1,26280,10.176601523624978,1,0,0,2,0,1,0,30031.0
38,3.6635616461296463,1,1,2,3,3,8,29504,10.29231501949127,1,2,4,6,4,2,0,30031.0
8,2.1972245773362196,1,1,2,3,1,8,125,4.836281906951478,0,2,0,6,5,1,0,211.0
12,2.5649493574615367,1,1,0,2,5,2,42,3.7612001156935624,1,0,2,0,2,6,0,211.0
9,2.302585092994046,1,0,0,4,2,9,88,4.48863636973214,1,1,3,4,8,1,0,211.0
35,3.58351893845611,1,0,2,0,0,5,27330,10.21577686808075,1,0,0,2,0,5,0,30031.0
22,3.1354942159291497,1,1,1,2,1,2,711,6.568077911411976,0,0,1,4,1,1,0,2311.0
38,3.6635616461296463,1,1,2,3,3,8,20091,9.908077004869936,0,0,1,1,1,1,0,30031.0
20,3.044522437723423,1,1,2,0,6,0,159,5.075173815233827,0,0,4,5,9,1,0,2311.0
38,3.6635616461296463,1,1,2,3,3,8,27908,10.23670449643667,1,2,3,6,8,2,0,30031.0
22,3.1354942159291497,1,1,1,2,1,2,1914,7.557472901614746,1,0,4,3,4,22,1,2311.0
40,3.713572066704308,1,1,1,0,5,0,5168,8.550434525196039,1,2,3,2,8,8,0,30031.0
19,2.995732273553991,1,0,1,4,5,9,1497,7.311886164077165,0,0,2,6,7,1,0,2311.0
12,2.5649493574615367,1,1,0,2,5,2,109,4.700480365792417,0,1,4,4,9,1,0,211.0
12,2.5649493574615367,1,1,0,2,5,2,169,5.135798437050262,0,1,4,1,9,1,0,211.0
21,3.091042453358316,1,0,0,1,0,1,1399,7.24422751560335,0,1,4,6,9,1,0,2311.0
27,3.332204510175204,1,0,0,2,6,7,1672,7.422373700986824,1,1,2,6,2,1,0,2311.0
20,3.044522437723423,1,1,2,0,6,0,1412,7.253470382684528,1,2,2,5,2,4,0,2311.0
10,2.3978952727983707,1,1,1,0,3,0,210,5.351858133476067,1,0,0,0,0,10,1,211.0
39,3.6888794541139363,1,0,0,4,4,9,14694,9.595262578853017,1,0,4,1,4,3,0,30031.0
10,2.3978952727983707,1,1,1,0,3,0,69,4.248495242049359,0,0,4,6,9,1,0,211.0
9,2.302585092994046,1,0,0,4,2,9,110,4.709530201312334,1,2,0,5,0,1,0,211.0
26,3.295836866004329,1,1,2,1,5,6,2291,7.73718007783463,0,2,1,2,1,1,0,2311.0
34,3.5553480614894135,1,1,1,4,6,4,18952,9.8497175093263,1,1,2,3,2,2,0,30031.0
30,3.4339872044851463,1,1,0,0,2,0,1658,7.413970290190444,1,2,3,6,8,2,0,2311.0
20,3.044522437723423,1,1,2,0,6,0,591,6.3835066348840055,0,0,1,3,1,1,0,2311.0
27,3.332204510175204,1,0,0,2,6,7,626,6.440946540632921,1,2,1,3,6,1,0,2311.0
12,2.5649493574615367,1,1,0,2,5,2,94,4.553876891600541,1,1,4,3,4,2,0,211.0
3,1.3862943611198906,1,0,0,3,3,3,30,3.4339872044851463,1,0,0,2,0,3,1,31.0
21,3.091042453358316,1,0,0,1,0,1,876,6.776506992372183,1,0,1,1,6,3,0,2311.0
9,2.302585092994046,1,0,0,4,2,9,48,3.8918202981106265,1,0,3,6,8,3,0,211.0
13,2.6390573296152584,1,0,1,3,6,3,161,5.087596335232384,0,2,1,0,1,1,0,211.0
20,3.044522437723423,1,1,2,0,6,0,1473,7.295735072749282,0,0,3,3,3,1,0,2311.0
36,3.6109179126442243,1,1,0,1,1,6,11592,9.358156746670401,1,0,2,0,2,36,1,30031.0
28,3.367295829986474,1,1,1,3,0,8,1046,6.953684210870537,1,2,1,3,6,2,0,2311.0
29,3.4011973816621555,1,0,2,4,1,9,1780,7.484930283289661,1,1,0,2,0,1,0,2311.0
20,3.044522437723423,1,1,2,0,6,0,2230,7.7102051944325325,1,1,0,4,0,10,0,2311.0
18,2.9444389791664403,1,1,0,3,4,8,1204,7.094234845924755,1,1,4,0,4,2,0,2311.0
32,3.4965075614664802,1,1,2,2,4,2,24891,10.122301745689109,0,0,1,6,1,1,0,30031.0
32,3.4965075614664802,1,1,2,2,4,2,22050,10.001113231320568,1,0,0,0,0,2,0,30031.0
14,2.70805020110221,1,1,2,4,0,4,80,4.394449154672439,1,2,0,3,0,2,0,211.0
7,2.0794415416798357,1,0,1,2,0,7,35,3.58351893845611,0,2,0,0,5,7,1,211.0
32,3.4965075614664802,1,1,2,2,4,2,24707,10.114882356815789,0,2,2,4,7,1,0,30031.0
33,3.5263605246161616,1,0,0,3,5,3,1946,7.5740450053721995,1,2,1,0,6,1,0,30031.0
25,3.258096538021482,1,0,1,0,4,5,891,6.79346613258001,0,0,1,2,1,1,0,2311.0
23,3.1780538303479458,1,0,2,3,2,3,753,6.625392368007956,0,0,3,4,3,1,0,2311.0
26,3.295836866004329,1,1,2,1,5,6,567,6.342121418721152,0,0,2,0,7,1,0,2311.0
8,2.1972245773362196,1,1,2,3,1,8,6,1.9459101490553132,1,0,1,6,6,2,0,211.0
31,3.4657359027997265,1,0,1,1,3,1,2427,7.794823152179389,0,0,2,5,7,1,0,30031.0
5,1.791759469228055,1,0,2,0,5,5,18,2.9444389791664403,1,0,3,4,8,1,0,31.0
22,3.1354942159291497,1,1,1,2,1,2,564,6.336825731146441,1,0,4,4,4,2,0,2311.0
10,2.3978952727983707,1,1,1,0,3,0,156,5.056245805348308,1,0,1,2,6,2,0,211.0
7,2.0794415416798357,1,0,1,2,0,7,159,5.075173815233827,0,0,4,5,9,1,0,211.0
27,3.332204510175204,1,0,0,2,6,7,950,6.85751406254539,1,2,0,5,0,1,0,2311.0
9,2.302585092994046,1,0,0,4,2,9,134,4.90527477843843,1,2,4,1,4,1,0,211.0
25,3.258096538021482,1,0,1,0,4,5,1302,7.172424577124845,1,0,2,0,2,1,0,2311.0
13,2.6390573296152584,1,0,1,3,6,3,203,5.318119993844216,0,2,3,0,3,1,0,211.0
22,3.1354942159291497,1,1,1,2,1,2,1131,7.0317412587631285,0,0,1,4,1,1,0,2311.0
32,3.4965075614664802,1,1,2,2,4,2,7682,8.946765374867635,1,2,2,3,2,2,0,30031.0
36,3.6109179126442243,1,1,0,1,1,6,4601,8.434246270595311,0,2,1,2,1,1,0,30031.0
34,3.5553480614894135,1,1,1,4,6,4,1604,7.380879035564116,1,2,4,1,4,2,0,30031.0
37,3.6375861597263857,1,0,1,2,2,7,4140,8.328692583545568,1,0,0,3,0,1,0,30031.0
35,3.58351893845611,1,0,2,0,0,5,10720,9.27995971385624,1,1,0,3,0,5,0,30031.0
20,3.044522437723423,1,1,2,0,6,0,2195,7.694392802629421,0,2,0,4,5,5,0,2311.0
21,3.091042453358316,1,0,0,1,0,1,1013,6.921658184151129,0,2,3,5,3,1,0,2311.0
35,3.58351893845611,1,0,2,0,0,5,2458,7.807510042216193,1,1,3,1,8,1,0,30031.0
26,3.295836866004329,1,1,2,1,5,6,1692,7.4342573821331355,1,0,2,5,2,2,0,2311.0
27,3.332204510175204,1,0,0,2,6,7,1111,7.013915474810528,0,1,1,5,1,1,0,2311.0
16,2.833213344056216,1,1,1,1,2,6,1023,6.931471805599453,0,0,3,1,3,1,0,2311.0
31,3.4657359027997265,1,0,1,1,3,1,8418,9.038246335337664,1,0,3,4,8,1,0,30031.0
38,3.6635616461296463,1,1,2,3,3,8,9418,9.150484204822817,1,1,3,3,8,2,0,30031.0
4,1.6094379124341003,1,1,1,4,4,4,21,3.091042453358316,0,0,1,0,1,1,0,31.0
40,3.713572066704308,1,1,1,0,5,0,5416,8.597297435657898,1,1,1,5,6,8,0,30031.0
15,2.772588722239781,1,0,0,0,1,5,548,6.3080984415095305,1,2,3,2,8,1,0,2311.0
21,3.091042453358316,1,0,0,1,0,1,1426,7.2633296174768365,1,1,1,5,6,1,0,2311.0
15,2.772588722239781,1,0,0,0,1,5,1228,7.113956109566034,1,1,3,3,8,1,0,2311.0
21,3.091042453358316,1,0,0,1,0,1,828,6.720220155135295,1,0,3,2,8,3,0,2311.0
29,3.4011973816621555,1,0,2,4,1,9,1778,7.483806687665835,1,2,3,0,8,1,0,2311.0
13,2.6390573296152584,1,0,1,3,6,3,60,4.110873864173311,1,0,0,4,0,1,0,211.0
17,2.8903717578961645,1,0,2,2,3,7,1009,6.917705609835305,0,1,4,1,9,1,0,2311.0
18,2.9444389791664403,1,1,0,3,4,8,1951,7.5766097669730375,0,1,1,5,1,1,0,2311.0
34,3.5553480614894135,1,1,1,4,6,4,6573,8.790877754224164,0,0,3,0,3,1,0,30031.0
15,2.772588722239781,1,0,0,0,1,5,2094,7.647308832356238,1,0,4,1,4,3,0,2311.0
25,3.258096538021482,1,0,1,0,4,5,87,4.477336814478207,0,0,2,3,7,1,0,2311.0
8,2.1972245773362196,1,1,2,3,1,8,210,5.351858133476067,1,0,0,0,0,2,0,211.0
40,3.713572066704308,1,1,1,0,5,0,11606,9.359363643368622,1,2,1,0,6,2,0,30031.0
20,3.044522437723423,1,1,2,0,6,0,1829,7.512071245835466,0,2,4,2,9,1,0,2311.0
7,2.0794415416798357,1,0,1,2,0,7,207,5.337538079701318,0,0,2,4,7,1,0,211.0
38,3.6635616461296463,1,1,2,3,3,8,28661,10.263327482618017,0,2,1,3,1,1,0,30031.0
25,3.258096538021482,1,0,1,0,4,5,1566,7.356918242356021,1,0,1,5,6,1,0,2311.0
22,3.1354942159291497,1,1,1,2,1,2,2227,7.708859601047175,0,1,2,1,7,1,0,2311.0
36,3.6109179126442243,1,1,0,1,1,6,5127,8.542470998600505,0,0,2,3,7,3,0,30031.0
10,2.3978952727983707,1,1,1,0,3,0,14,2.70805020110221,1,2,4,0,4,2,0,211.0
32,3.4965075614664802,1,1,2,2,4,2,10382,9.247925132303454,1,2,2,1,2,2,0,30031.0
24,3.2188758248682006,1,1,0,4,3,4,2178,7.68662133494462,1,0,3,1,8,6,0,2311.0
16,2.833213344056216,1,1,1,1,2,6,886,6.787844982309579,1,1,1,4,6,2,0,2311.0
39,3.6888794541139363,1,0,0,4,4,9,15283,9.63456180856679,0,1,3,2,3,1,0,30031.0
18,2.9444389791664403,1,1,0,3,4,8,521,6.257667587882639,0,2,1,3,1,1,0,2311.0
12,2.5649493574615367,1,1,0,2,5,2,50,3.9318256327243257,1,2,0,1,0,2,0,211.0
21,3.091042453358316,1,0,0,1,0,1,885,6.786716950605081,0,0,0,3,5,3,0,2311.0
29,3.4011973816621555,1,0,2,4,1,9,509,6.234410725718371,0,2,4,5,9,1,0,2311.0
20,3.044522437723423,1,1,2,0,6,0,2041,7.621684998724611,0,1,1,4,1,1,0,2311.0
26,3.295836866004329,1,1,2,1,5,6,960,6.8679744089702925,1,0,0,1,0,2,0,2311.0
26,3.295836866004329,1,1,2,1,5,6,1074,6.980075940561763,1,0,4,3,4,2,0,2311.0
12,2.5649493574615367,1,1,0,2,5,2,203,5.318119993844216,0,2,3,0,3,1,0,211.0
26,3.295836866004329,1,1,2,1,5,6,874,6.774223886357614,1,1,4,6,4,2,0,2311.0
32,3.4965075614664802,1,1,2,2,4,2,14595,9.588502797556337,0,0,0,0,5,1,0,30031.0
39,3.6888794541139363,1,0,0,4,4,9,4599,8.433811582477187,0,0,4,0,9,3,0,30031.0
26,3.295836866004329,1,1,2,1,5,6,21,3.091042453358316,0,0,1,0,1,1,0,2311.0
14,2.70805020110221,1,1,2,4,0,4,211,5.356586274672012,0,1,1,1,1,1,0,211.0
34,3.5553480614894135,1,1,1,4,6,4,11096,9.314430080500564,1,2,1,1,6,2,0,30031.0
26,3.295836866004329,1,1,2,1,5,6,493,6.202535517187923,0,1,3,3,3,1,0,2311.0
14,2.70805020110221,1,1,2,4,0,4,100,4.61512051684126,1,1,0,2,0,2,0,211.0
19,2.995732273553991,1,0,1,4,5,9,1162,7.0587581525186645,1,1,2,0,2,1,0,2311.0
26,3.295836866004329,1,1,2,1,5,6,1303,7.1731917424865985,0,1,3,1,3,1,0,2311.0
15,2.772588722239781,1,0,0,0,1,5,1767,7.477604243197589,0,0,2,3,7,3,0,2311.0
14,2.70805020110221,1,1,2,4,0,4,137,4.927253685157205,0,2,2,4,7,1,0,211.0
27,3.332204510175204,1,0,0,2,6,7,440,6.089044875446846,1,2,0,6,0,1,0,2311.0
31,3.4657359027997265,1,0,1,1,3,1,9096,9.115699967822062,1,0,1,3,6,1,0,30031.0
15,2.772588722239781,1,0,0,0,1,5,916,6.821107472256465,1,1,1,6,6,1,0,2311.0
34,3.5553480614894135,1,1,1,4,6,4,4902,8.497602541651233,1,0,2,2,2,2,0,30031.0
26,3.295836866004329,1,1,2,1,5,6,1221,7.108244139731541,0,0,1,3,1,1,0,2311.0
15,2.772588722239781,1,0,0,0,1,5,994,6.902742737158593,1,1,4,0,4,1,0,2311.0
9,2.302585092994046,1,0,0,4,2,9,190,5.25227342804663,1,1,0,1,0,1,0,211.0
13,2.6390573296152584,1,0,1,3,6,3,180,5.198497031265826,1,0,0,5,0,1,0,211.0
30,3.4339872044851463,1,1,0,0,2,0,533,6.280395838960195,0,2,3,1,3,1,0,2311.0
27,3.332204510175204,1,0,0,2,6,7,322,5.777652323222656,1,1,2,0,2,1,0,2311.0
12,2.5649493574615367,1,1,0,2,5,2,20,3.044522437723423,1,2,0,6,0,4,0,211.0
23,3.1780538303479458,1,0,2,3,2,3,2075,7.638198244285779,0,2,0,3,5,1,0,2311.0
4,1.6094379124341003,1,1,1,4,4,4,31,3.4657359027997265,0,1,1,3,1,1,0,31.0
40,3.713572066704308,1,1,1,0,5,0,19570,9.88180415770497,1,1,0,5,0,10,0,30031.0
28,3.367295829986474,1,1,1,3,0,8,1883,7.5411524551363085,0,2,3,0,3,7,0,2311.0
29,3.4011973816621555,1,0,2,4,1,9,2300,7.741099090035366,1,2,0,4,0,1,0,2311.0
19,2.995732273553991,1,0,1,4,5,9,823,6.714170529909472,0,1,3,4,3,1,0,2311.0
24,3.2188758248682006,1,1,0,4,3,4,1674,7.423568444259167,1,0,4,1,4,6,0,2311.0
26,3.295836866004329,1,1,2,1,5,6,1972,7.587310506022615,1,1,2,5,2,2,0,2311.0
35,3.58351893845611,1,0,2,0,0,5,26411,10.181573731314462,0,2,1,0,1,7,0,30031.0
19,2.995732273553991,1,0,1,4,5,9,1708,7.443663683115591,1,1,3,0,8,1,0,2311.0
25,3.258096538021482,1,0,1,0,4,5,1642,7.404279118037268,1,1,2,4,2,1,0,2311.0
13,2.6390573296152584,1,0,1,3,6,3,177,5.181783550292085,0,0,2,2,7,1,0,211.0
20,3.044522437723423,1,1,2,0,6,0,1833,7.51425465281641,0,0,3,6,3,1,0,2311.0
17,2.8903717578961645,1,0,2,2,3,7,1145,7.044032897274685,0,2,0,4,5,1,0,2311.0
30,3.4339872044851463,1,1,0,0,2,0,2165,7.680637427560936,0,2,0,2,5,5,0,2311.0
21,3.091042453358316,1,0,0,1,0,1,1914,7.557472901614746,1,0,4,3,4,3,0,2311.0
12,2.5649493574615367,1,1,0,2,5,2,186,5.231108616854587,1,0,1,4,6,6,0,211.0
12,2.5649493574615367,1,1,0,2,5,2,202,5.313205979041787,1,1,2,6,2,2,0,211.0
12,2.5649493574615367,1,1,0,2,5,2,77,4.356708826689592,0,2,2,0,7,1,0,211.0
18,2.9444389791664403,1,1,0,3,4,8,423,6.049733455231958,0,0,3,3,3,9,0,2311.0
37,3.6375861597263857,1,0,1,2,2,7,27599,10.225571051705241,0,2,4,5,9,1,0,30031.0
36,3.6109179126442243,1,1,0,1,1,6,26054,10.167964967343314,1,2,4,0,4,2,0,30031.0
14,2.70805020110221,1,1,2,4,0,4,37,3.6375861597263857,0,1,2,2,7,1,0,211.0
31,3.4657359027997265,1,0,1,1,3,1,3549,8.174702882469461,0,0,4,0,9,1,0,30031.0
39,3.6888794541139363,1,0,0,4,4,9,7023,8.857088135314953,0,0,3,2,3,3,0,30031.0
39,3.6888794541139363,1,0,0,4,4,9,8816,9.084436955087027,1,2,1,3,6,1,0,30031.0
38,3.6635616461296463,1,1,2,3,3,8,17368,9.762442287054013,1,1,3,1,8,2,0,30031.0
27,3.332204510175204,1,0,0,2,6,7,1918,7.5595594960077,1,1,3,0,8,1,0,2311.0
24,3.2188758248682006,1,1,0,4,3,4,911,6.815639990074331,0,2,1,1,1,1,0,2311.0
30,3.4339872044851463,1,1,0,0,2,0,1646,7.4067107301776405,1,2,1,1,6,2,0,2311.0
33,3.5263605246161616,1,0,0,3,5,3,6713,8.81195017753998,0,2,3,0,3,1,0,30031.0
29,3.4011973816621555,1,0,2,4,1,9,1860,7.528869256642251,1,0,0,5,0,1,0,2311.0
16,2.833213344056216,1,1,1,1,2,6,718,6.577861357721047,1,1,3,4,8,2,0,2311.0
24,3.2188758248682006,1,1,0,4,3,4,699,6.551080335043404,0,0,4,6,9,3,0,2311.0
23,3.1780538303479458,1,0,2,3,2,3,1276,7.152268856032539,1,1,1,2,6,1,0,2311.0
18,2.9444389791664403,1,1,0,3,4,8,2287,7.7354333524996886,0,1,2,5,7,1,0,2311.0
13,2.6390573296152584,1,0,1,3,6,3,29,3.4011973816621555,0,2,4,1,9,1,0,211.0
31,3.4657359027997265,1,0,1,1,3,1,21511,9.9763661979487,0,1,1,0,1,1,0,30031.0
39,3.6888794541139363,1,0,0,4,4,9,11593,9.358243001899679,0,1,3,1,3,1,0,30031.0
15,2.772588722239781,1,0,0,0,1,5,125,4.836281906951478,0,2,0,6,5,5,0,2311.0
38,3.6635616461296463,1,1,2,3,3,8,11801,9.376024287617113,0,2,1,6,1,1,0,30031.0
33,3.5263605246161616,1,0,0,3,5,3,8128,9.003193193746572,1,1,3,1,8,1,0,30031.0
23,3.1780538303479458,1,0,2,3,2,3,1562,7.354362330421477,1,2,2,1,2,1,0,2311.0
25,3.258096538021482,1,0,1,0,4,5,1344,7.20414929203594,1,0,4,0,4,1,0,2311.0
33,3.5263605246161616,1,0,0,3,5,3,27911,10.23681198286661,0,2,1,2,1,1,0,30031.0
24,3.2188758248682006,1,1,0,4,3,4,1305,7.174724309836376,0,0,0,3,5,3,0,2311.0
30,3.4339872044851463,1,1,0,0,2,0,1415,7.255591274253665,0,2,0,1,5,5,0,2311.0
32,3.4965075614664802,1,1,2,2,4,2,10126,9.222960403332285,1,1,1,4,6,2,0,30031.0
36,3.6109179126442243,1,1,0,1,1,6,11210,9.324650718153594,1,2,0,3,0,2,0,30031.0
39,3.6888794541139363,1,0,0,4,4,9,19194,9.862405107434897,1,0,4,0,4,3,0,30031.0
8,2.1972245773362196,1,1,2,3,1,8,22,3.1354942159291497,1,1,2,1,2,2,0,211.0
36,3.6109179126442243,1,1,0,1,1,6,2922,7.980365765111246,1,0,2,3,2,6,0,30031.0
38,3.6635616461296463,1,1,2,3,3,8,16644,9.719865150009126,1,0,4,5,4,38,1,30031.0
35,3.58351893845611,1,0,2,0,0,5,9737,9.183791036742646,0,2,2,0,7,7,0,30031.0
25,3.258096538021482,1,0,1,0,4,5,2037,7.61972421378267,0,0,2,0,7,1,0,2311.0
31,3.4657359027997265,1,0,1,1,3,1,7234,8.886685639065584,1,1,4,3,4,1,0,30031.0
39,3.6888794541139363,1,0,0,4,4,9,12524,9.435481925953065,1,2,4,1,4,1,0,30031.0
28,3.367295829986474,1,1,1,3,0,8,1021,6.92951677076365,0,1,1,6,1,1,0,2311.0
40,3.713572066704308,1,1,1,0,5,0,15869,9.672185813520455,0,2,4,0,9,1,0,30031.0
40,3.713572066704308,1,1,1,0,5,0,25172,10.13352727053818,1,2,2,0,2,4,0,30031.0
22,3.1354942159291497,1,1,1,2,1,2,574,6.354370040797351,1,1,4,0,4,2,0,2311.0
32,3.4965075614664802,1,1,2,2,4,2,24782,10.117913213230615,1,2,2,2,2,2,0,30031.0
32,3.4965075614664802,1,1,2,2,4,2,22503,10.021448350169694,0,0,3,5,3,1,0,30031.0
29,3.4011973816621555,1,0,2,4,1,9,745,6.61472560020376,0,1,0,3,5,1,0,2311.0
32,3.4965075614664802,1,1,2,2,4,2,20591,9.932657929835909,0,2,1,4,1,1,0,30031.0
39,3.6888794541139363,1,0,0,4,4,9,4860,8.488999457045455,1,0,0,2,0,3,0,30031.0
40,3.713572066704308,1,1,1,0,5,0,19849,9.895959286115337,0,1,4,4,9,1,0,30031.0
33,3.5263605246161616,1,0,0,3,5,3,19804,9.893689710056018,1,1,4,1,4,1,0,30031.0
19,2.995732273553991,1,0,1,4,5,9,2235,7.71244383427499,0,0,0,2,5,1,0,2311.0
37,3.6375861597263857,1,0,1,2,2,7,12481,9.432042885493988,0,1,1,0,1,1,0,30031.0
27,3.332204510175204,1,0,0,2,6,7,1050,6.957497370876951,1,0,0,0,0,3,0,2311.0
31,3.4657359027997265,1,0,1,1,3,1,7188,8.880307358983872,1,0,3,6,8,1,0,30031.0
27,3.332204510175204,1,0,0,2,6,7,96,4.574710978503383,1,0,1,5,6,3,0,2311.0
24,3.2188758248682006,1,1,0,4,3,4,971,6.879355804460439,0,2,1,5,1,1,0,2311.0
14,2.70805020110221,1,1,2,4,0,4,4,1.6094379124341003,1,1,4,4,4,2,0,211.0
22,3.1354942159291497,1,1,1,2,1,2,531,6.2766434893416445,0,0,1,6,1,1,0,2311.0
24,3.2188758248682006,1,1,0,4,3,4,430,6.066108090103747,1,1,0,3,0,2,0,2311.0
18,2.9444389791664403,1,1,0,3,4,8,607,6.410174881966167,0,1,2,5,7,1,0,2311.0
30,3.4339872044851463,1,1,0,0,2,0,1953,7.577633832602728,0,0,3,0,3,3,0,2311.0
11,2.4849066497880004,1,0,2,1,4,1,87,4.477336814478207,0,0,2,3,7,1,0,211.0
21,3.091042453358316,1,0,0,1,0,1,177,5.181783550292085,0,0,2,2,7,3,0,2311.0
24,3.2188758248682006,1,1,0,4,3,4,304,5.720311776607412,1,1,4,3,4,8,0,2311.0
16,2.833213344056216,1,1,1,1,2,6,2151,7.674152921281675,0,0,1,2,1,1,0,2311.0
18,2.9444389791664403,1,1,0,3,4,8,1786,7.488293515159428,1,1,1,1,6,2,0,2311.0
19,2.995732273553991,1,0,1,4,5,9,345,5.846438775057725,0,0,0,2,5,1,0,2311.0
37,3.6375861597263857,1,0,1,2,2,7,11926,9.386560016578668,1,1,1,5,6,1,0,30031.0
10,2.3978952727983707,1,1,1,0,3,0,133,4.897839799950911,0,1,3,0,3,1,0,211.0
31,3.4657359027997265,1,0,1,1,3,1,11644,9.36263218231844,1,1,4,3,4,1,0,30031.0
10,2.3978952727983707,1,1,1,0,3,0,108,4.6913478822291435,1,0,3,3,8,2,0,211.0
13,2.6390573296152584,1,0,1,3,6,3,181,5.204006687076795,0,1,1,6,1,1,0,211.0
31,3.4657359027997265,1,0,1,1,3,1,22123,10.004418271114568,0,1,3,3,3,1,0,30031.0
5,1.791759469228055,1,0,2,0,5,5,27,3.332204510175204,0,0,2,6,7,1,0,31.0
9,2.302585092994046,1,0,0,4,2,9,74,4.31748811353631,1,2,4,4,4,1,0,211.0
38,3.6635616461296463,1,1,2,3,3,8,4427,8.395703293828527,0,2,2,3,7,19,0,30031.0
29,3.4011973816621555,1,0,2,4,1,9,232,5.4510384535657,1,1,2,1,2,29,1,2311.0
22,3.1354942159291497,1,1,1,2,1,2,2159,7.67786350067821,0,2,4,3,9,1,0,2311.0
33,3.5263605246161616,1,0,0,3,5,3,5598,8.630343289348893,1,0,3,5,8,3,0,30031.0
19,2.995732273553991,1,0,1,4,5,9,599,6.396929655216146,0,2,4,4,9,1,0,2311.0
39,3.6888794541139363,1,0,0,4,4,9,9301,9.137984709784043,0,1,1,5,1,1,0,30031.0
20,3.044522437723423,1,1,2,0,6,0,1608,7.3833681469923835,1,0,3,5,8,4,0,2311.0
29,3.4011973816621555,1,0,2,4,1,9,1062,6.968850378341948,1,0,2,5,2,1,0,2311.0
16,2.833213344056216,1,1,1,1,2,6,1167,7.0630481633881725,0,0,2,5,7,1,0,2311.0
34,3.5553480614894135,1,1,1,4,6,4,12120,9.402694764470512,1,0,0,3,0,2,0,30031.0
25,3.258096538021482,1,0,1,0,4,5,1655,7.412160334945205,0,2,0,3,5,5,0,2311.0
25,3.258096538021482,1,0,1,0,4,5,506,6.2285110035911835,1,2,1,2,6,1,0,2311.0
10,2.3978952727983707,1,1,1,0,3,0,87,4.477336814478207,0,0,2,3,7,1,0,211.0
39,3.6888794541139363,1,0,0,4,4,9,748,6.618738983517219,1,1,3,6,8,1,0,30031.0
17,2.8903717578961645,1,0,2,2,3,7,1892,7.545918151209323,1,2,2,2,2,1,0,2311.0
17,2.8903717578961645,1,0,2,2,3,7,1129,7.029972911706386,0,1,4,2,9,1,0,2311.0
22,3.1354942159291497,1,1,1,2,1,2,1587,7.370230641807081,0,0,2,5,7,1,0,2311.0
37,3.6375861597263857,1,0,1,2,2,7,13237,9.490846760678869,0,1,2,0,7,1,0,30031.0
16,2.833213344056216,1,1,1,1,2,6,1298,7.1693500166706,1,2,3,3,8,2,0,2311.0
21,3.091042453358316,1,0,0,1,0,1,2077,7.639161171659173,0,1,2,5,7,1,0,2311.0
37,3.6375861597263857,1,0,1,2,2,7,19772,9.892072649720829,1,2,2,4,2,1,0,30031.0
5,1.791759469228055,1,0,2,0,5,5,24,3.2188758248682006,1,0,4,3,4,1,0,31.0
32,3.4965075614664802,1,1,2,2,4,2,10823,9.289521169850625,0,2,3,1,3,1,0,30031.0
37,3.6375861597263857,1,0,1,2,2,7,12251,9.413444467952665,0,2,1,1,1,1,0,30031.0
30,3.4339872044851463,1,1,0,0,2,0,1037,6.945051063725834,0,2,2,1,7,1,0,2311.0
26,3.295836866004329,1,1,2,1,5,6,1269,7.146772179452637,0,0,4,2,9,1,0,2311.0
18,2.9444389791664403,1,1,0,3,4,8,960,6.8679744089702925,1,0,0,1,0,6,0,2311.0
25,3.258096538021482,1,0,1,0,4,5,1723,7.452402451223638,0,1,3,1,3,1,0,2311.0
21,3.091042453358316,1,0,0,1,0,1,855,6.752270376141742,0,0,0,1,5,3,0,2311.0
22,3.1354942159291497,1,1,1,2,1,2,1086,6.99117688712121,1,0,1,1,6,2,0,2311.0
39,3.6888794541139363,1,0,0,4,4,9,22010,9.999297607382104,1,2,0,2,0,1,0,30031.0
16,2.833213344056216,1,1,1,1,2,6,186,5.231108616854587,1,0,1,4,6,2,0,2311.0
37,3.6375861597263857,1,0,1,2,2,7,344,5.84354441703136,1,2,4,1,4,1,0,30031.0
8,2.1972245773362196,1,1,2,3,1,8,98,4.59511985013459,1,2,3,0,8,2,0,211.0
26,3.295836866004329,1,1,2,1,5,6,1148,7.046647277848756,1,2,3,0,8,2,0,2311.0
22,3.1354942159291497,1,1,1,2,1,2,101,4.624972813284271,0,2,1,3,1,1,0,2311.0
13,2.6390573296152584,1,0,1,3,6,3,114,4.74493212836325,1,0,4,2,4,1,0,211.0
33,3.5263605246161616,1,0,0,3,5,3,1876,7.537430036586509,1,1,1,0,6,1,0,30031.0
23,3.1780538303479458,1,0,2,3,2,3,243,5.497168225293202,0,0,3,5,3,1,0,2311.0
12,2.5649493574615367,1,1,0,2,5,2,24,3.2188758248682006,1,0,4,3,4,12,1,211.0
29,3.4011973816621555,1,0,2,4,1,9,206,5.332718793265369,1,2,1,3,6,1,0,2311.0
39,3.6888794541139363,1,0,0,4,4,9,14759,9.599676098154463,0,2,4,3,9,1,0,30031.0
30,3.4339872044851463,1,1,0,0,2,0,2249,7.718685495198466,0,2,4,2,9,1,0,2311.0
38,3.6635616461296463,1,1,2,3,3,8,10251,9.235228087483963,0,0,1,3,1,1,0,30031.0
29,3.4011973816621555,1,0,2,4,1,9,558,6.326149473155099,1,0,3,5,8,1,0,2311.0
34,3.5553480614894135,1,1,1,4,6,4,13924,9.541441064795485,1,1,4,1,4,2,0,30031.0
22,3.1354942159291497,1,1,1,2,1,2,1054,6.961296045910167,1,1,4,4,4,2,0,2311.0
38,3.6635616461296463,1,1,2,3,3,8,26597,10.188591303973109,0,2,2,4,7,1,0,30031.0
37,3.6375861597263857,1,0,1,2,2,7,14743,9.59859149934966,0,1,3,1,3,1,0,30031.0
19,2.995732273553991,1,0,1,4,5,9,428,6.061456918928017,1,2,3,1,8,1,0,2311.0
8,2.1972245773362196,1,1,2,3,1,8,122,4.812184355372417,1,2,2,3,2,2,0,211.0
32,3.4965075614664802,1,1,2,2,4,2,714,6.5722825426940075,1,0,4,0,4,2,0,30031.0
12,2.5649493574615367,1,1,0,2,5,2,60,4.110873864173311,1,0,0,4,0,12,1,211.0
39,3.6888794541139363,1,0,0,4,4,9,15724,9.663007081568642,1,1,4,2,4,1,0,30031.0
37,3.6375861597263857,1,0,1,2,2,7,1793,7.492203042618741,0,2,3,1,3,1,0,30031.0
11,2.4849066497880004,1,0,2,1,4,1,16,2.833213344056216,1,1,1,2,6,1,0,211.0
23,3.1780538303479458,1,0,2,3,2,3,1550,7.346655163176539,1,2,0,3,0,1,0,2311.0
34,3.5553480614894135,1,1,1,4,6,4,26255,10.175649813329873,0,2,0,5,5,1,0,30031.0
19,2.995732273553991,1,0,1,4,5,9,741,6.60934924316738,0,0,1,6,1,19,1,2311.0
10,2.3978952727983707,1,1,1,0,3,0,144,4.976733742420574,1,0,4,4,4,2,0,211.0
19,2.995732273553991,1,0,1,4,5,9,1418,7.257707677160043,1,2,3,4,8,1,0,2311.0
24,3.2188758248682006,1,1,0,4,3,4,949,6.856461984594587,0,1,4,4,9,1,0,2311.0
14,2.70805020110221,1,1,2,4,0,4,199,5.298317366548036,0,1,4,3,9,1,0,211.0
16,2.833213344056216,1,1,1,1,2,6,1541,7.340835554123275,0,2,1,1,1,1,0,2311.0
15,2.772588722239781,1,0,0,0,1,5,1928,7.564757012905729,1,2,3,3,8,1,0,2311.0
20,3.044522437723423,1,1,2,0,6,0,1984,7.59337419312129,1,1,4,3,4,4,0,2311.0
35,3.58351893845611,1,0,2,0,0,5,19881,9.897570078772091,0,0,1,1,1,1,0,30031.0
20,3.044522437723423,1,1,2,0,6,0,298,5.700443573390687,1,1,3,4,8,2,0,2311.0
18,2.9444389791664403,1,1,0,3,4,8,237,5.472270673671475,0,0,2,6,7,3,0,2311.0
7,2.0794415416798357,1,0,1,2,0,7,121,4.804021044733257,0,1,1,2,1,1,0,211.0
37,3.6375861597263857,1,0,1,2,2,7,4332,8.374015421739909,1,0,2,6,2,1,0,30031.0
29,3.4011973816621555,1,0,2,4,1,9,1580,7.365812837209472,1,2,0,5,0,1,0,2311.0
18,2.9444389791664403,1,1,0,3,4,8,1947,7.5745584842024805,0,0,2,1,7,3,0,2311.0
24,3.2188758248682006,1,1,0,4,3,4,1192,7.084226422097916,1,1,2,2,2,8,0,2311.0
5,1.791759469228055,1,0,2,0,5,5,8,2.1972245773362196,1,2,3,1,8,1,0,31.0
38,3.6635616461296463,1,1,2,3,3,8,27837,10.234157272787346,0,0,2,5,7,1,0,30031.0
31,3.4657359027997265,1,0,1,1,3,1,28897,10.271527667553556,0,1,2,1,7,1,0,30031.0
38,3.6635616461296463,1,1,2,3,3,8,11918,9.385889044482708,1,2,3,4,8,2,0,30031.0
29,3.4011973816621555,1,0,2,4,1,9,1702,7.440146680662688,1,1,2,1,2,1,0,2311.0
16,2.833213344056216,1,1,1,1,2,6,224,5.41610040220442,1,2,4,0,4,16,1,2311.0
20,3.044522437723423,1,1,2,0,6,0,57,4.060443010546419,0,0,2,1,7,1,0,2311.0
18,2.9444389791664403,1,1,0,3,4,8,1506,7.317876198626496,1,0,1,1,6,6,0,2311.0
14,2.70805020110221,1,1,2,4,0,4,30,3.4339872044851463,1,0,0,2,0,2,0,211.0
11,2.4849066497880004,1,0,2,1,4,1,205,5.327876168789581,0,1,0,2,5,1,0,211.0
34,3.5553480614894135,1,1,1,4,6,4,7505,8.923457979694966,0,2,0,1,5,1,0,30031.0
20,3.044522437723423,1,1,2,0,6,0,1459,7.286191714702382,0,1,4,3,9,1,0,2311.0
32,3.4965075614664802,1,1,2,2,4,2,1741,7.462789157412448,0,1,1,5,1,1,0,30031.0
36,3.6109179126442243,1,1,0,1,1,6,1149,7.047517221357296,0,0,4,1,9,3,0,30031.0
21,3.091042453358316,1,0,0,1,0,1,1643,7.404887575616125,0,2,3,5,3,1,0,2311.0
40,3.713572066704308,1,1,1,0,5,0,29530,10.293195838031854,1,1,0,4,0,10,0,30031.0
40,3.713572066704308,1,1,1,0,5,0,16709,9.72376262158944,0,2,4,0,9,1,0,30031.0
14,2.70805020110221,1,1,2,4,0,4,68,4.23410650459726,1,2,3,5,8,2,0,211.0
30,3.4339872044851463,1,1,0,0,2,0,484,6.184148890937483,1,1,4,1,4,2,0,2311.0
37,3.6375861597263857,1,0,1,2,2,7,12342,9.42084437974393,1,0,2,1,2,1,0,30031.0
31,3.4657359027997265,1,0,1,1,3,1,23575,10.06798452441753,0,1,0,6,5,1,0,30031.0
30,3.4339872044851463,1,1,0,0,2,0,1330,7.193685818395112,1,1,0,0,0,10,0,2311.0
18,2.9444389791664403,1,1,0,3,4,8,2130,7.664346632098617,1,0,0,2,0,6,0,2311.0
12,2.5649493574615367,1,1,0,2,5,2,68,4.23410650459726,1,2,3,5,8,4,0,211.0
26,3.295836866004329,1,1,2,1,5,6,1719,7.450079569807499,0,0,4,4,9,1,0,2311.0
15,2.772588722239781,1,0,0,0,1,5,912,6.816735880594968,1,0,2,2,2,3,0,2311.0
9,2.302585092994046,1,0,0,4,2,9,147,4.997212273764115,0,0,2,0,7,3,0,211.0
36,3.6109179126442243,1,1,0,1,1,6,26077,10.168847325983418,0,1,2,2,7,1,0,30031.0
14,2.70805020110221,1,1,2,4,0,4,208,5.342334251964811,1,1,3,5,8,2,0,211.0
17,2.8903717578961645,1,0,2,2,3,7,547,6.306275286948016,0,1,2,1,7,1,0,2311.0
29,3.4011973816621555,1,0,2,4,1,9,2198,7.695757990554761,1,2,3,0,8,1,0,2311.0
27,3.332204510175204,1,0,0,2,6,7,767,6.643789733147672,0,2,2,4,7,1,0,2311.0
27,3.332204510175204,1,0,0,2,6,7,2215,7.703459047867175,0,1,0,3,5,1,0,2311.0
17,2.8903717578961645,1,0,2,2,3,7,581,6.366470447731438,0,2,1,0,1,1,0,2311.0
39,3.6888794541139363,1,0,0,4,4,9,17482,9.76898425919765,1,1,2,3,2,1,0,30031.0
24,3.2188758248682006,1,1,0,4,3,4,1811,7.502186486602924,0,2,1,5,1,1,0,2311.0
16,2.833213344056216,1,1,1,1,2,6,2087,7.643961949002529,0,2,2,1,7,1,0,2311.0
38,3.6635616461296463,1,1,2,3,3,8,15983,9.679343500888335,0,2,3,2,3,1,0,30031.0
25,3.258096538021482,1,0,1,0,4,5,1904,7.552237287560802,1,2,4,0,4,1,0,2311.0
23,3.1780538303479458,1,0,2,3,2,3,1089,6.993932975223189,0,0,4,4,9,1,0,2311.0
38,3.6635616461296463,1,1,2,3,3,8,17037,9.743201422602786,0,0,2,6,7,1,0,30031.0
26,3.295836866004329,1,1,2,1,5,6,1039,6.946975992135418,0,1,4,3,9,1,0,2311.0
15,2.772588722239781,1,0,0,0,1,5,188,5.241747015059643,1,2,3,6,8,1,0,2311.0
19,2.995732273553991,1,0,1,4,5,9,772,6.650279048587422,1,1,2,2,2,1,0,2311.0
19,2.995732273553991,1,0,1,4,5,9,294,5.68697535633982,1,0,4,0,4,1,0,2311.0
31,3.4657359027997265,1,0,1,1,3,1,23843,10.079287892339817,0,2,3,1,3,1,0,30031.0
32,3.4965075614664802,1,1,2,2,4,2,18653,9.833815879286808,0,2,3,5,3,1,0,30031.0
27,3.332204510175204,1,0,0,2,6,7,1157,7.05444965813294,0,2,2,2,7,1,0,2311.0
23,3.1780538303479458,1,0,2,3,2,3,2041,7.621684998724611,0,1,1,4,1,1,0,2311.0
21,3.091042453358316,1,0,0,1,0,1,1429,7.265429723253953,0,1,4,1,9,1,0,2311.0
39,3.6888794541139363,1,0,0,4,4,9,17489,9.769384568012647,0,2,4,3,9,1,0,30031.0
31,3.4657359027997265,1,0,1,1,3,1,3322,8.108623268354595,1,1,2,4,2,1,0,30031.0
15,2.772588722239781,1,0,0,0,1,5,1566,7.356918242356021,1,0,1,5,6,3,0,2311.0
15,2.772588722239781,1,0,0,0,1,5,704,6.558197802812269,1,2,4,4,4,1,0,2311.0
32,3.4965075614664802,1,1,2,2,4,2,25922,10.162885884509508,1,2,2,1,2,2,0,30031.0
18,2.9444389791664403,1,1,0,3,4,8,1306,7.175489713624222,1,1,1,4,6,2,0,2311.0
18,2.9444389791664403,1,1,0,3,4,8,1682,7.428333194190806,1,2,2,2,2,2,0,2311.0
25,3.258096538021482,1,0,1,0,4,5,1810,7.501634457883413,1,1,0,4,0,5,0,2311.0
27,3.332204510175204,1,0,0,2,6,7,5,1.791759469228055,0,2,0,5,5,1,0,2311.0
24,3.2188758248682006,1,1,0,4,3,4,1325,7.189922170745808,0,2,0,2,5,1,0,2311.0
16,2.833213344056216,1,1,1,1,2,6,672,6.511745329644728,1,0,2,0,2,16,1,2311.0
19,2.995732273553991,1,0,1,4,5,9,246,5.5093883366279774,1,0,1,1,6,1,0,2311.0
10,2.3978952727983707,1,1,1,0,3,0,13,2.6390573296152584,0,1,3,6,3,1,0,211.0
12,2.5649493574615367,1,1,0,2,5,2,100,4.61512051684126,1,1,0,2,0,4,0,211.0
34,3.5553480614894135,1,1,1,4,6,4,8866,9.090091799380007,1,1,1,4,6,2,0,30031.0
