slot_a_real,slot_a_real_abs_log1p,slot_a_real_is_even,slot_a_real_mod3,slot_a_real_mod5,slot_a_real_mod7,slot_a_real_mod10,slot_a_imag,slot_a_imag_abs_log1p,slot_a_imag_is_even,slot_a_imag_mod3,slot_a_imag_mod5,slot_a_imag_mod7,slot_a_imag_mod10,slot_b_real,slot_b_real_abs_log1p,slot_b_real_sign,slot_b_real_is_even,slot_b_real_mod3,slot_b_real_mod5,slot_b_real_mod7,slot_b_real_mod10,slot_b_imag,slot_b_imag_abs_log1p,slot_b_imag_sign,slot_b_imag_is_even,slot_b_imag_mod3,slot_b_imag_mod5,slot_b_imag_mod7,slot_b_imag_mod10,slot_radius,slot_radius_abs_log1p,slot_radius_is_even,slot_radius_mod3,slot_radius_mod5,slot_radius_mod7,slot_radius_mod10,gcd_all,n_multiple_pairs,y
13,2.6390573296152584,0,1,3,6,3,60,4.110873864173311,1,0,0,4,0,368,5.910796644040527,1,1,2,3,4,8,800,6.68586094706836,1,1,2,0,2,0,2,1.0986122886681098,1,2,2,2,2,1,3,350.0
39,3.6888794541139363,0,0,4,4,9,20,3.044522437723423,1,2,0,6,0,2450,7.804251383528112,1,1,2,0,0,0,-13972,9.544882175080447,-1,1,2,3,0,8,7,2.0794415416798357,0,1,2,0,7,1,2,2225.0
12,2.5649493574615367,1,0,2,5,2,72,4.290459441148391,1,0,2,2,2,828,6.720220155135295,1,1,0,3,2,8,10152,9.225524507301223,1,1,0,2,2,2,9,2.302585092994046,0,0,4,2,9,3,7,520.0
74,4.31748811353631,1,2,4,4,4,108,4.6913478822291435,1,0,3,3,8,976,6.884486652042782,1,1,1,1,3,6,26496,10.184786798018687,1,1,0,1,1,6,8,2.1972245773362196,1,2,3,1,8,2,2,2550.0
135,4.912654885736052,0,0,0,2,5,147,4.997212273764115,0,0,2,0,7,-14408,9.575608290332934,-1,1,1,2,5,2,-10368,9.246575864558277,-1,1,0,2,6,2,8,2.1972245773362196,1,2,3,1,8,1,2,2575.0
10,2.3978952727983707,1,1,0,3,0,38,3.6635616461296463,1,2,3,3,8,-5248,8.5657928612523,-1,1,2,2,2,2,15872,9.672374831572242,1,1,2,2,3,2,8,2.1972245773362196,1,2,3,1,8,2,2,1776.0
31,3.4657359027997265,0,1,1,3,1,135,4.912654885736052,0,0,0,2,5,-1024,6.932447891572509,-1,1,2,1,5,6,10944,9.300638009956963,1,1,0,4,3,4,8,2.1972245773362196,1,2,3,1,8,1,2,312.0
143,4.969813299576001,0,2,3,3,3,101,4.624972813284271,0,2,1,3,1,-4976,8.512582578858554,-1,1,1,4,1,4,-7600,8.936035096566041,-1,1,2,0,2,0,4,1.6094379124341003,1,1,4,4,4,1,2,2400.0
44,3.8066624897703196,1,2,4,2,4,11,2.4849066497880004,0,2,1,4,1,192,5.262690188904886,1,1,0,2,3,2,1856,7.526717561352706,1,1,2,1,1,6,4,1.6094379124341003,1,1,4,4,4,1,4,476.0
91,4.5217885770490405,0,1,1,0,1,107,4.68213122712422,0,2,2,2,7,351,5.863631175598097,1,0,0,1,1,1,-1845,7.520776415062797,-1,0,0,0,3,5,3,1.3862943611198906,0,0,3,3,3,1,2,1014.0
122,4.812184355372417,1,2,2,3,2,80,4.394449154672439,1,2,0,3,0,-1728,7.455298485683291,-1,1,0,2,1,2,-120,4.795790545596741,-1,1,0,0,6,0,3,1.3862943611198906,0,0,3,3,3,1,2,350.0
132,4.890349128221754,1,0,2,6,2,111,4.718498871295094,0,0,1,6,1,-2268,7.727094484779841,-1,1,0,2,0,2,3591,8.18646442942209,1,0,0,1,0,1,3,1.3862943611198906,0,0,3,3,3,3,4,936.0
54,4.007333185232471,1,0,4,5,4,39,3.6888794541139363,0,0,4,4,9,-8316,9.026056891868688,-1,1,0,4,0,4,-23289,10.055779362878386,-1,0,0,1,0,1,7,2.0794415416798357,0,1,2,0,7,1,3,3690.0
140,4.948759890378168,1,2,0,0,0,103,4.6443908991413725,0,1,3,5,3,-1540,7.340186835320115,-1,1,2,0,0,0,-1100,7.00397413672268,-1,1,1,0,6,0,5,1.791759469228055,0,2,0,5,5,1,4,833.0
55,4.02535169073515,0,1,0,6,5,104,4.653960350157523,1,2,4,6,4,-8320,9.02653771890043,-1,1,2,0,3,0,-7344,8.901775088607979,-1,1,0,1,6,6,8,2.1972245773362196,1,2,3,1,8,1,4,1850.0
76,4.343805421853684,1,1,1,6,6,66,4.204692619390966,1,0,1,3,6,1790,7.490529402060711,1,1,2,0,5,0,-14750,9.599066156080049,-1,1,1,0,6,0,5,1.791759469228055,0,2,0,5,5,1,2,3362.0
103,4.6443908991413725,0,1,3,5,3,87,4.477336814478207,0,0,2,3,7,-1804,7.498315870766981,-1,1,2,1,2,6,4408,8.391403185357937,1,1,1,3,5,8,2,1.0986122886681098,1,2,2,2,2,1,2,2146.0
42,3.7612001156935624,1,0,2,0,2,10,2.3978952727983707,1,1,0,3,0,-12000,9.392745258631441,-1,1,0,0,5,0,-21750,9.987415012471414,-1,1,0,0,6,0,10,2.3978952727983707,1,1,0,3,0,2,5,2405.0
56,4.04305126783455,1,2,1,0,6,69,4.248495242049359,0,0,4,6,9,-2000,7.601402334583733,-1,1,1,0,2,0,-25,3.258096538021482,-1,0,2,0,3,5,5,1.791759469228055,0,2,0,5,5,1,3,370.0
46,3.8501476017100584,1,1,1,4,6,132,4.890349128221754,1,0,2,6,2,-1900,7.550135342488429,-1,1,2,0,4,0,9600,9.169622538697624,1,1,0,0,3,0,10,2.3978952727983707,1,1,0,3,0,2,2,450.0
15,2.772588722239781,0,0,0,1,5,125,4.836281906951478,0,2,0,6,5,-15500,9.648659816955295,-1,1,1,0,5,0,-2200,7.696667081526462,-1,1,2,0,5,0,10,2.3978952727983707,1,1,0,3,0,5,3,2030.0
52,3.970291913552122,1,1,2,3,2,116,4.762173934797756,1,2,1,4,6,2412,7.7886260656250315,1,1,0,2,4,2,-1980,7.591357046698551,-1,1,0,0,1,0,3,1.3862943611198906,0,0,3,3,3,1,2,1392.0
66,4.204692619390966,1,0,1,3,6,85,4.454347296253507,0,1,0,1,5,-15000,9.61587214452889,-1,1,0,0,1,0,37300,10.526775414924009,1,1,1,0,4,0,10,2.3978952727983707,1,1,0,3,0,1,2,3000.0
75,4.330733340286331,0,0,0,5,5,134,4.90527477843843,1,2,4,1,4,-60,4.110873864173311,-1,1,0,0,3,0,-592,6.385194398997726,-1,1,2,3,3,8,4,1.6094379124341003,1,1,4,4,4,1,2,741.0
147,4.997212273764115,0,0,2,0,7,89,4.499809670330265,0,2,4,5,9,-28620,10.261895993101012,-1,1,0,0,3,0,-31700,10.36410350510914,-1,1,1,0,3,0,10,2.3978952727983707,1,1,0,3,0,1,2,4292.0
18,2.9444389791664403,1,0,3,4,8,39,3.6888794541139363,0,0,4,4,9,-1930,7.565793282428515,-1,1,2,0,2,0,-1800,7.496097345175956,-1,1,0,0,6,0,5,1.791759469228055,0,2,0,5,5,1,3,629.0
96,4.574710978503383,1,0,1,5,6,18,2.9444389791664403,1,0,3,4,8,-8016,8.989319566042951,-1,1,0,4,6,4,-7168,8.877521453852872,-1,1,2,2,0,2,8,2.1972245773362196,1,2,3,1,8,2,3,1066.0
138,4.9344739331306915,1,0,3,5,8,104,4.653960350157523,1,2,4,6,4,-3348,8.116417072794205,-1,1,0,2,5,2,7632,8.94023623179847,1,1,0,2,2,2,6,1.9459101490553132,1,0,1,6,6,2,3,702.0
52,3.970291913552122,1,1,2,3,2,87,4.477336814478207,0,0,2,3,7,-4284,8.36287583103188,-1,1,0,1,0,6,11913,9.385469458188632,1,0,0,3,6,3,3,1.3862943611198906,0,0,3,3,3,1,3,3922.0
73,4.30406509320417,0,1,3,3,3,93,4.543294782270004,0,0,3,2,3,-3018,8.012680929706839,-1,1,0,2,6,2,2412,7.7886260656250315,1,1,0,2,4,2,6,1.9459101490553132,1,0,1,6,6,1,2,169.0
68,4.23410650459726,1,2,3,5,8,32,3.4965075614664802,1,2,2,4,2,-5352,8.585412430393381,-1,1,0,3,3,8,-352,5.8664680569332965,-1,1,2,3,5,8,8,2.1972245773362196,1,2,3,1,8,4,4,325.0
19,2.995732273553991,0,1,4,5,9,126,4.844187086458591,1,0,1,0,6,-804,6.690842277418564,-1,1,0,1,1,6,816,6.705639094860003,1,1,0,1,4,6,4,1.6094379124341003,1,1,4,4,4,1,2,325.0
142,4.962844630259907,1,1,2,2,2,30,3.4339872044851463,1,0,0,2,0,3942,8.279697133877628,1,1,0,2,1,2,5751,8.657302899400882,1,0,0,1,4,1,3,1.3862943611198906,0,0,3,3,3,1,3,2523.0
31,3.4657359027997265,0,1,1,3,1,64,4.174387269895637,1,1,4,1,4,1084,6.98933526597456,1,1,1,4,6,4,-2768,7.926241523170962,-1,1,1,2,4,2,4,1.6094379124341003,1,1,4,4,4,1,3,1027.0
129,4.867534450455582,0,0,4,3,9,22,3.1354942159291497,1,1,2,1,2,-7794,8.961237781491876,-1,1,0,1,4,6,-10008,9.211239967219019,-1,1,0,2,2,2,6,1.9459101490553132,1,0,1,6,6,1,2,1875.0
125,4.836281906951478,0,2,0,6,5,106,4.672828834461906,1,1,1,1,6,5940,8.689632748355741,1,1,0,0,4,0,14778,9.600962533214572,1,1,0,3,1,8,6,1.9459101490553132,1,0,1,6,6,1,2,2523.0
124,4.8283137373023015,1,1,4,5,4,104,4.653960350157523,1,2,4,6,4,-4585,8.43076346341785,-1,0,2,0,0,5,4580,8.429672593886743,1,1,2,0,2,0,5,1.791759469228055,0,2,0,5,5,1,2,495.0
59,4.0943445622221,0,2,4,3,9,115,4.7535901911063645,0,1,0,3,5,1856,7.526717561352706,1,1,2,1,1,6,11440,9.344958673700944,1,1,1,0,2,0,4,1.6094379124341003,1,1,4,4,4,1,2,2500.0
10,2.3978952727983707,1,1,0,3,0,68,4.23410650459726,1,2,3,5,8,-40,3.713572066704308,-1,1,2,0,2,0,3552,8.175547596021026,1,1,0,2,3,2,8,2.1972245773362196,1,2,3,1,8,2,3,125.0
60,4.110873864173311,1,0,0,4,0,41,3.7376696182833684,0,2,1,6,1,-132,4.890349128221754,-1,1,0,3,1,8,4336,8.374938143835367,1,1,1,1,3,6,4,1.6094379124341003,1,1,4,4,4,1,3,943.0
146,4.990432586778736,1,2,1,6,6,53,3.9889840465642745,0,2,3,4,3,-22694,10.029899914890565,-1,1,1,1,0,6,18914,9.84771053706713,1,1,2,4,0,4,7,2.0794415416798357,0,1,2,0,7,1,2,3219.0
80,4.394449154672439,1,2,0,3,0,11,2.4849066497880004,0,2,1,4,1,-544,6.300785794663244,-1,1,2,1,2,6,464,6.142037405587356,1,1,2,4,2,4,2,1.0986122886681098,1,2,2,2,2,1,3,238.0
150,5.017279836814924,1,0,0,3,0,142,4.962844630259907,1,1,2,2,2,-11280,9.33087517360492,-1,1,0,0,4,0,3350,8.11701408773731,1,1,2,0,4,0,10,2.3978952727983707,1,1,0,3,0,2,3,1147.0
100,4.61512051684126,1,1,0,2,0,32,3.4965075614664802,1,2,2,4,2,-5022,8.521782643750045,-1,1,0,3,4,8,3048,8.022568946988255,1,1,0,3,3,8,6,1.9459101490553132,1,0,1,6,6,2,2,395.0
20,3.044522437723423,1,2,0,6,0,130,4.875197323201151,1,1,0,4,0,144,4.976733742420574,1,1,0,4,4,4,738,6.6052979209482015,1,1,0,3,3,8,3,1.3862943611198906,0,0,3,3,3,1,2,180.0
43,3.784189633918261,0,1,3,1,3,150,5.017279836814924,1,0,0,3,0,2736,7.914617709040679,1,1,0,1,6,6,-9216,9.128804883993665,-1,1,0,4,3,4,8,2.1972245773362196,1,2,3,1,8,1,2,2450.0
49,3.912023005428146,0,1,4,0,9,17,2.8903717578961645,0,2,2,3,7,-7128,8.871926251117628,-1,1,0,2,5,2,5589,8.628734566149145,1,0,0,4,3,9,9,2.302585092994046,0,0,4,2,9,1,2,585.0
113,4.736198448394496,0,2,3,1,3,111,4.718498871295094,0,0,1,6,1,-276,5.6240175061873385,-1,1,0,4,4,4,-3114,8.043984431221553,-1,1,0,1,1,6,6,1.9459101490553132,1,0,1,6,6,1,2,1343.0
122,4.812184355372417,1,2,2,3,2,57,4.060443010546419,0,0,2,1,7,-708,6.5638555265321274,-1,1,0,2,6,2,756,6.6293632534374485,1,1,0,1,0,6,2,1.0986122886681098,1,2,2,2,2,1,3,286.0
129,4.867534450455582,0,0,4,3,9,106,4.672828834461906,1,1,1,1,6,-2214,7.703007682479236,-1,1,0,1,5,6,-6984,8.851520271691061,-1,1,0,1,2,6,6,1.9459101490553132,1,0,1,6,6,1,2,1845.0
143,4.969813299576001,0,2,3,3,3,120,4.795790545596741,1,0,0,1,0,-702,6.555356891810665,-1,1,0,3,5,8,300,5.707110264748875,1,1,0,0,6,0,3,1.3862943611198906,0,0,3,3,3,1,3,325.0
137,4.927253685157205,0,2,2,4,7,85,4.454347296253507,0,1,0,1,5,-20770,9.941313062076109,-1,1,2,0,6,0,-15740,9.664024052354822,-1,1,1,0,3,0,10,2.3978952727983707,1,1,0,3,0,1,2,2525.0
133,4.897839799950911,0,1,3,0,3,101,4.624972813284271,0,2,1,3,1,-7540,8.928110078202646,-1,1,2,0,6,0,20900,9.94755228369823,1,1,2,0,5,0,10,2.3978952727983707,1,1,0,3,0,1,2,1224.0
22,3.1354942159291497,1,1,2,1,2,39,3.6888794541139363,0,0,4,4,9,1437,7.271008538280992,1,0,0,2,2,7,4275,8.360773272144936,1,0,0,0,5,5,3,1.3862943611198906,0,0,3,3,3,1,3,1417.0
31,3.4657359027997265,0,1,1,3,1,50,3.9318256327243257,1,2,0,1,0,-13716,9.526391218478407,-1,1,0,4,4,4,-11430,9.344084242025778,-1,1,0,0,1,0,6,1.9459101490553132,1,0,1,6,6,1,2,3045.0
18,2.9444389791664403,1,0,3,4,8,120,4.795790545596741,1,0,0,1,0,-2298,7.740229524763182,-1,1,0,2,5,2,5085,8.534246945982066,1,0,0,0,3,5,3,1.3862943611198906,0,0,3,3,3,3,4,1513.0
145,4.983606621708336,0,1,0,5,5,24,3.2188758248682006,1,0,4,3,4,-3372,8.12355783506165,-1,1,0,3,2,8,7200,8.881975184248867,1,1,0,0,4,0,6,1.9459101490553132,1,0,1,6,6,1,4,1100.0
68,4.23410650459726,1,2,3,5,8,133,4.897839799950911,0,1,3,0,3,-3912,8.272059622210412,-1,1,0,3,1,8,7456,8.916908467543795,1,1,1,1,1,6,8,2.1972245773362196,1,2,3,1,8,1,2,143.0
148,5.003946305945459,1,1,3,1,8,131,4.882801922586371,0,2,1,5,1,38,3.6635616461296463,1,1,2,3,3,8,3324,8.109224953089955,1,1,0,4,6,4,2,1.0986122886681098,1,2,2,2,2,1,3,1435.0
84,4.442651256490317,1,0,4,0,4,27,3.332204510175204,0,0,2,6,7,-10176,9.227885551191932,-1,1,0,4,2,4,15728,9.663261421240643,1,1,2,3,6,8,8,2.1972245773362196,1,2,3,1,8,1,2,1850.0
12,2.5649493574615367,1,0,2,5,2,145,4.983606621708336,0,1,0,5,5,-1104,7.007600613951853,-1,1,0,1,2,6,3536,8.17103418920548,1,1,2,1,1,6,4,1.6094379124341003,1,1,4,4,4,1,4,380.0
106,4.672828834461906,1,1,1,1,6,22,3.1354942159291497,1,1,2,1,2,-12366,9.422786913742057,-1,1,0,4,3,4,-11178,9.321792297270326,-1,1,0,2,1,2,9,2.302585092994046,0,0,4,2,9,1,2,1500.0
50,3.9318256327243257,1,2,0,1,0,17,2.8903717578961645,0,2,2,3,7,960,6.8679744089702925,1,1,0,0,1,0,4496,8.411165786770708,1,1,2,1,2,6,4,1.6094379124341003,1,1,4,4,4,1,2,1144.0
94,4.553876891600541,1,1,4,3,4,55,4.02535169073515,0,1,0,6,5,-4875,8.492080490601163,-1,0,0,0,4,5,-4685,8.452334619067742,-1,0,1,0,5,5,5,1.791759469228055,0,2,0,5,5,1,3,1313.0
126,4.844187086458591,1,0,1,0,6,137,4.927253685157205,0,2,2,4,7,-11664,9.36434818445553,-1,1,0,1,5,6,13041,9.475930197953147,1,0,0,1,0,1,9,2.302585092994046,0,0,4,2,9,1,3,270.0
73,4.30406509320417,0,1,3,3,3,57,4.060443010546419,0,0,2,1,7,896,6.799055862058796,1,1,2,1,0,6,5508,8.614138397472717,1,1,0,3,6,8,2,1.0986122886681098,1,2,2,2,2,1,2,2706.0
121,4.804021044733257,0,1,1,2,1,113,4.736198448394496,0,2,3,1,3,1676,7.424761761823209,1,1,2,1,3,6,6752,8.817742129574842,1,1,2,2,4,2,2,1.0986122886681098,1,2,2,2,2,1,2,3330.0
41,3.7376696182833684,0,2,1,6,1,139,4.941642422609304,0,1,4,6,9,396,5.983936280687191,1,1,0,1,4,6,-1364,7.21890970761906,-1,1,1,1,1,6,2,1.0986122886681098,1,2,2,2,2,1,2,1000.0
91,4.5217885770490405,0,1,1,0,1,150,5.017279836814924,1,0,0,3,0,-2896,7.9714309977693505,-1,1,2,4,2,4,4320,8.371242135931933,1,1,0,0,1,0,4,1.6094379124341003,1,1,4,4,4,1,2,600.0
88,4.48863636973214,1,1,3,4,8,20,3.044522437723423,1,2,0,6,0,-10192,9.229456489168413,-1,1,2,3,0,8,-16170,9.690974793577944,-1,1,0,0,0,0,7,2.0794415416798357,0,1,2,0,7,1,2,2590.0
94,4.553876891600541,1,1,4,3,4,24,3.2188758248682006,1,0,4,3,4,-1032,6.940222469119639,-1,1,0,3,4,8,8928,9.097059685517216,1,1,0,3,3,8,6,1.9459101490553132,1,0,1,6,6,2,5,1400.0
47,3.871201010907891,0,2,2,5,7,23,3.1780538303479458,0,2,3,2,3,468,6.150602768446279,1,1,0,3,6,8,3296,8.10076824307173,1,1,2,1,6,6,4,1.6094379124341003,1,1,4,4,4,1,2,793.0
32,3.4965075614664802,1,2,2,4,2,17,2.8903717578961645,0,2,2,3,7,4984,8.514188682395938,1,1,1,4,0,4,-11452,9.346006983397716,-1,1,2,3,0,8,7,2.0794415416798357,0,1,2,0,7,1,2,1989.0
71,4.276666119016055,0,2,1,1,1,71,4.276666119016055,0,2,1,1,1,5728,8.653296274408579,1,1,1,3,2,8,-25416,10.143173520469649,-1,1,0,4,1,4,8,2.1972245773362196,1,2,3,1,8,1,3,3959.0
133,4.897839799950911,0,1,3,0,3,77,4.356708826689592,0,2,2,0,7,-112,4.727387818712341,-1,1,2,3,0,8,1748,7.466799475018602,1,1,2,3,5,8,2,1.0986122886681098,1,2,2,2,2,1,2,750.0
84,4.442651256490317,1,0,4,0,4,99,4.605170185988092,0,0,4,1,9,-18684,9.835476341919584,-1,1,0,1,6,6,-26631,10.18986877925486,-1,0,0,4,4,9,9,2.302585092994046,0,0,4,2,9,3,4,4070.0
74,4.31748811353631,1,2,4,4,4,26,3.295836866004329,1,2,1,5,6,-7632,8.94023623179847,-1,1,0,3,5,8,-13554,9.514510761932765,-1,1,0,1,5,6,6,1.9459101490553132,1,0,1,6,6,2,2,2553.0
114,4.74493212836325,1,0,4,2,4,66,4.204692619390966,1,0,1,3,6,-1775,7.4821189235521155,-1,0,1,0,3,5,4230,8.350193650720067,1,1,0,0,2,0,5,1.791759469228055,0,2,0,5,5,1,2,559.0
124,4.8283137373023015,1,1,4,5,4,148,5.003946305945459,1,1,3,1,8,-2215,7.703459047867175,-1,0,2,0,4,5,2520,7.83241092718792,1,1,0,0,0,0,5,1.791759469228055,0,2,0,5,5,1,2,295.0
145,4.983606621708336,0,1,0,5,5,66,4.204692619390966,1,0,1,3,6,-2500,7.824445930877619,-1,1,2,0,6,0,150,5.017279836814924,1,1,0,0,3,0,5,1.791759469228055,0,2,0,5,5,1,3,375.0
46,3.8501476017100584,1,1,1,4,6,124,4.8283137373023015,1,1,4,5,4,-2000,7.601402334583733,-1,1,1,0,2,0,18640,9.833118734869245,1,1,1,0,6,0,10,2.3978952727983707,1,1,0,3,0,2,2,676.0
10,2.3978952727983707,1,1,0,3,0,61,4.127134385045092,0,1,1,5,1,-504,6.22455842927536,-1,1,0,1,0,6,1101,7.004881989712859,1,0,0,1,2,1,3,1.3862943611198906,0,0,3,3,3,1,2,230.0
60,4.110873864173311,1,0,0,4,0,98,4.59511985013459,1,2,3,0,8,-15720,9.662752677191515,-1,1,0,0,2,0,-10710,9.27902652976463,-1,1,0,0,0,0,6,1.9459101490553132,1,0,1,6,6,2,4,3277.0
60,4.110873864173311,1,0,0,4,0,48,3.8918202981106265,1,0,3,6,8,1872,7.5352967024440884,1,1,0,2,3,2,-16512,9.711903228462988,-1,1,0,3,1,8,8,2.1972245773362196,1,2,3,1,8,4,5,2550.0
96,4.574710978503383,1,0,1,5,6,98,4.59511985013459,1,2,3,0,8,-352,5.8664680569332965,-1,1,2,3,5,8,3788,8.239857411018601,1,1,2,3,1,8,4,1.6094379124341003,1,1,4,4,4,2,3,629.0
62,4.143134726391533,1,2,2,6,2,97,4.584967478670572,0,1,2,6,7,-3546,8.173857454773621,-1,1,0,4,3,4,5244,8.565030520830398,1,1,0,4,1,4,6,1.9459101490553132,1,0,1,6,6,1,2,365.0
99,4.605170185988092,0,0,4,1,9,30,3.4339872044851463,1,0,0,2,0,-6048,8.707648248106914,-1,1,0,2,0,2,2304,7.742835955430749,1,1,0,4,1,4,8,2.1972245773362196,1,2,3,1,8,1,2,60.0
54,4.007333185232471,1,0,4,5,4,144,4.976733742420574,1,0,4,4,4,-10566,9.265491216441031,-1,1,0,4,4,4,54,4.007333185232471,1,1,0,4,5,4,9,2.302585092994046,0,0,4,2,9,9,5,1462.0
11,2.4849066497880004,0,2,1,4,1,144,4.976733742420574,1,0,4,4,4,1099,7.003065458786462,1,0,1,4,0,9,-224,5.41610040220442,-1,1,1,1,0,6,7,2.0794415416798357,0,1,2,0,7,1,2,1066.0
47,3.871201010907891,0,2,2,5,7,34,3.5553480614894135,1,1,4,6,4,-6980,8.850947451970402,-1,1,1,0,6,0,-3250,8.086717920303906,-1,1,2,0,5,0,10,2.3978952727983707,1,1,0,3,0,1,2,703.0
11,2.4849066497880004,0,2,1,4,1,121,4.804021044733257,0,1,1,2,1,-4524,8.417372856134026,-1,1,0,1,5,6,12096,9.400712766959849,1,1,0,1,0,6,6,1.9459101490553132,1,0,1,6,6,1,3,1462.0
116,4.762173934797756,1,2,1,4,6,125,4.836281906951478,0,2,0,6,5,-12896,9.464750005164392,-1,1,1,4,5,4,-7960,8.982309899088579,-1,1,2,0,6,0,8,2.1972245773362196,1,2,3,1,8,1,2,2109.0
37,3.6375861597263857,0,1,2,2,7,30,3.4339872044851463,1,0,0,2,0,2259,7.723120092266331,1,0,0,4,5,9,-4590,8.431853144249223,-1,1,0,0,2,0,3,1.3862943611198906,0,0,3,3,3,1,4,1836.0
100,4.61512051684126,1,1,0,2,0,51,3.9512437185814275,0,0,1,2,1,-12204,9.40960098282706,-1,1,0,1,4,6,16101,9.686698766859926,1,0,0,1,1,1,9,2.302585092994046,0,0,4,2,9,1,2,1406.0
105,4.663439094112067,0,0,0,0,5,16,2.833213344056216,1,1,1,2,6,4179,8.338066525518801,1,0,0,4,0,9,-26411,10.181573731314462,-1,0,1,4,0,9,7,2.0794415416798357,0,1,2,0,7,1,3,4107.0
83,4.430816798843313,0,2,3,6,3,51,3.9512437185814275,0,0,1,2,1,-4050,8.30671904320269,-1,1,0,0,3,0,-3465,8.150756470275551,-1,0,0,0,0,5,5,1.791759469228055,0,2,0,5,5,1,2,1027.0
125,4.836281906951478,0,2,0,6,5,140,4.948759890378168,1,2,0,0,0,-6992,8.852664927703866,-1,1,1,3,1,8,7616,8.938137870372788,1,1,2,1,0,6,8,2.1972245773362196,1,2,3,1,8,1,2,210.0
29,3.4011973816621555,0,2,4,1,9,86,4.465908118654584,1,2,1,2,6,-4193,8.341410211461865,-1,0,1,2,0,7,-8106,9.000483164987708,-1,1,0,4,0,4,7,2.0794415416798357,0,1,2,0,7,1,2,1804.0
88,4.48863636973214,1,1,3,4,8,36,3.6109179126442243,1,0,1,1,6,1512,7.321849713788356,1,1,0,2,0,2,-3996,8.293299358711323,-1,1,0,4,1,4,3,1.3862943611198906,0,0,3,3,3,1,5,1632.0
66,4.204692619390966,1,0,1,3,6,66,4.204692619390966,1,0,1,3,6,1240,7.123672785204607,1,1,1,0,1,0,-2556,7.846589975291186,-1,1,0,4,6,4,2,1.0986122886681098,1,2,2,2,2,2,5,1598.0
111,4.718498871295094,0,0,1,6,1,74,4.31748811353631,1,2,4,4,4,-12717,9.450773591827353,-1,0,0,3,2,3,22554,10.023712049842496,1,1,0,4,0,4,9,2.302585092994046,0,0,4,2,9,1,2,1886.0
140,4.948759890378168,1,2,0,0,0,137,4.927253685157205,0,2,2,4,7,-8379,9.033603193476129,-1,0,0,1,0,1,11921,9.386140711779872,1,0,2,1,0,1,7,2.0794415416798357,0,1,2,0,7,1,3,775.0
110,4.709530201312334,1,2,0,5,0,88,4.48863636973214,1,1,3,4,8,-7857,8.969287400118406,-1,0,0,3,4,3,2448,7.803435056952168,1,1,0,3,5,8,9,2.302585092994046,0,0,4,2,9,1,2,533.0
70,4.2626798770413155,1,1,0,0,0,19,2.995732273553991,0,1,4,5,9,-6020,8.703008637464448,-1,1,1,0,0,0,-1460,7.2868764117507,-1,1,1,0,3,0,10,2.3978952727983707,1,1,0,3,0,1,4,350.0
26,3.295836866004329,1,2,1,5,6,20,3.044522437723423,1,2,0,6,0,-1840,7.518064181233078,-1,1,2,0,1,0,-3580,8.183397369998433,-1,1,2,0,4,0,5,1.791759469228055,0,2,0,5,5,1,5,850.0
109,4.700480365792417,0,1,4,4,9,150,5.017279836814924,1,0,0,3,0,-4365,8.38160253710989,-1,0,0,0,3,5,3780,8.237743803890933,1,1,0,0,0,0,9,2.302585092994046,0,0,4,2,9,1,2,1054.0
50,3.9318256327243257,1,2,0,1,0,111,4.718498871295094,0,0,1,6,1,608,6.411818267709897,1,1,2,3,6,8,4416,8.393216011596527,1,1,0,1,6,6,4,1.6094379124341003,1,1,4,4,4,1,2,748.0
149,5.0106352940962555,0,2,4,2,9,144,4.976733742420574,1,0,4,4,4,-25389,10.142110674698724,-1,0,0,1,0,1,-2322,7.750614732770409,-1,1,0,3,2,8,9,2.302585092994046,0,0,4,2,9,1,3,2146.0
38,3.6635616461296463,1,2,3,3,8,46,3.8501476017100584,1,1,1,4,6,5152,8.547334348328224,1,1,1,2,0,2,-19176,9.861466923273516,-1,1,0,4,4,4,8,2.1972245773362196,1,2,3,1,8,2,3,2923.0
78,4.3694478524670215,1,0,3,1,8,121,4.804021044733257,0,1,1,2,1,-10088,9.219201000408379,-1,1,1,2,6,2,25216,10.13527364923168,1,1,1,1,2,6,8,2.1972245773362196,1,2,3,1,8,1,2,2275.0
20,3.044522437723423,1,2,0,6,0,49,3.912023005428146,0,1,4,0,9,760,6.634633357861686,1,1,1,0,4,0,3076,8.031710375322042,1,1,1,1,3,6,2,1.0986122886681098,1,2,2,2,2,1,4,1500.0
82,4.418840607796598,1,1,2,5,2,59,4.0943445622221,0,2,4,3,9,-7824,8.965079015408355,-1,1,0,1,2,6,-5056,8.528528701079983,-1,1,2,4,5,4,8,2.1972245773362196,1,2,3,1,8,1,2,1150.0
62,4.143134726391533,1,2,2,6,2,99,4.605170185988092,0,0,4,1,9,-9414,9.150059441091253,-1,1,0,1,1,6,-216,5.37989735354046,-1,1,0,4,1,4,9,2.302585092994046,0,0,4,2,9,1,3,1037.0
25,3.258096538021482,0,1,0,4,5,118,4.77912349311153,1,1,3,6,8,-2430,7.796057974316123,-1,1,0,0,6,0,9018,9.107088742165708,1,1,0,3,2,8,9,2.302585092994046,0,0,4,2,9,1,2,75.0
103,4.6443908991413725,0,1,3,5,3,149,5.0106352940962555,0,2,4,2,9,-3199,8.070906088787819,-1,0,2,1,0,1,4837,8.484256691169973,1,0,1,2,0,7,7,2.0794415416798357,0,1,2,0,7,1,2,440.0
15,2.772588722239781,0,0,0,1,5,112,4.727387818712341,1,1,2,0,2,2670,7.890208213109961,1,1,0,0,3,0,13240,9.491073355339758,1,1,1,0,3,0,5,1.791759469228055,0,2,0,5,5,1,4,2175.0
47,3.871201010907891,0,2,2,5,7,122,4.812184355372417,1,2,2,3,2,-10460,9.25540933534376,-1,1,1,0,5,0,29000,10.275085591132715,1,1,2,0,6,0,10,2.3978952727983707,1,1,0,3,0,1,2,1776.0
99,4.605170185988092,0,0,4,1,9,125,4.836281906951478,0,2,0,6,5,-32100,10.376642461280849,-1,1,0,0,2,0,-10810,9.288319413292772,-1,1,2,0,5,0,10,2.3978952727983707,1,1,0,3,0,1,2,3219.0
88,4.48863636973214,1,1,3,4,8,124,4.8283137373023015,1,1,4,5,4,-1208,7.097548850614793,-1,1,1,2,3,2,2464,7.80994708647679,1,1,1,4,0,4,4,1.6094379124341003,1,1,4,4,4,4,5,130.0
140,4.948759890378168,1,2,0,0,0,21,3.091042453358316,0,0,1,0,1,756,6.6293632534374485,1,1,0,1,0,6,-3591,8.18646442942209,-1,0,0,4,0,9,3,1.3862943611198906,0,0,3,3,3,1,5,1428.0
17,2.8903717578961645,0,2,2,3,7,35,3.58351893845611,0,2,0,0,5,-3608,8.19118600464279,-1,1,1,2,4,2,-8960,9.10063710688422,-1,1,1,0,0,0,8,2.1972245773362196,1,2,3,1,8,1,3,1435.0
18,2.9444389791664403,1,0,3,4,8,24,3.2188758248682006,1,0,4,3,4,-1266,7.144407180321139,-1,1,0,4,1,4,-1854,7.5256399750415355,-1,1,0,1,1,6,3,1.3862943611198906,0,0,3,3,3,3,5,782.0
44,3.8066624897703196,1,2,4,2,4,90,4.51085950651685,1,0,0,6,0,-6120,8.71948076085107,-1,1,0,0,5,0,-5568,8.624970783589669,-1,1,0,2,4,2,8,2.1972245773362196,1,2,3,1,8,2,3,1475.0
76,4.343805421853684,1,1,1,6,6,121,4.804021044733257,0,1,1,2,1,1004,6.912742820493176,1,1,2,4,3,4,-3392,8.129469764784231,-1,1,1,3,3,8,4,1.6094379124341003,1,1,4,4,4,1,3,1443.0
147,4.997212273764115,0,0,2,0,7,14,2.70805020110221,1,2,4,0,4,-15876,9.672626800077511,-1,1,0,4,0,4,-12474,9.431481920619719,-1,1,0,1,0,6,9,2.302585092994046,0,0,4,2,9,1,5,1575.0
97,4.584967478670572,0,1,2,6,7,112,4.727387818712341,1,1,2,0,2,-15957,9.677715549868227,-1,0,0,3,3,3,-26928,10.200959051807608,-1,1,0,2,1,2,9,2.302585092994046,0,0,4,2,9,1,2,4100.0
97,4.584967478670572,0,1,2,6,7,113,4.736198448394496,0,2,3,1,3,8375,9.033125752550372,1,0,2,0,3,5,-8515,9.049702026013371,-1,0,2,0,4,5,5,1.791759469228055,0,2,0,5,5,1,2,3132.0
138,4.9344739331306915,1,0,3,5,8,100,4.61512051684126,1,1,0,2,0,200,5.303304908059076,1,1,2,0,4,0,24700,10.114599007626499,1,1,1,0,4,0,10,2.3978952727983707,1,1,0,3,0,2,5,2030.0
45,3.828641396489095,0,0,0,3,5,107,4.68213122712422,0,2,2,2,7,-3580,8.183397369998433,-1,1,2,0,4,0,-3142,8.052933036797567,-1,1,2,3,1,8,2,1.0986122886681098,1,2,2,2,2,1,2,2465.0
83,4.430816798843313,0,2,3,6,3,106,4.672828834461906,1,1,1,1,6,-700,6.55250788703459,-1,1,2,0,0,0,24850,10.120653272163802,1,1,1,0,0,0,10,2.3978952727983707,1,1,0,3,0,1,2,1615.0
60,4.110873864173311,1,0,0,4,0,130,4.875197323201151,1,1,0,4,0,-8400,9.036106025364846,-1,1,0,0,0,0,10495,9.25874951118387,1,0,1,0,2,5,5,1.791759469228055,0,2,0,5,5,5,5,2001.0
116,4.762173934797756,1,2,1,4,6,116,4.762173934797756,1,2,1,4,6,-9569,9.166388484447,-1,0,1,1,0,1,-3640,8.200013648175434,-1,1,2,0,0,0,7,2.0794415416798357,0,1,2,0,7,1,3,1443.0
34,3.5553480614894135,1,1,4,6,4,69,4.248495242049359,0,0,4,6,9,-2128,7.663407664893479,-1,1,2,2,0,2,-5534,8.618846845142738,-1,1,1,1,3,6,2,1.0986122886681098,1,2,2,2,2,1,3,3071.0
107,4.68213122712422,0,2,2,2,7,57,4.060443010546419,0,0,2,1,7,-6272,8.744009988096744,-1,1,1,3,0,8,4416,8.393216011596527,1,1,0,1,6,6,8,2.1972245773362196,1,2,3,1,8,1,2,120.0
120,4.795790545596741,1,0,0,1,0,65,4.189654742026425,0,2,0,2,5,-16080,9.685393729854024,-1,1,0,0,6,0,18400,9.820160289946374,1,1,1,0,4,0,10,2.3978952727983707,1,1,0,3,0,5,4,1258.0
125,4.836281906951478,0,2,0,6,5,131,4.882801922586371,0,2,1,5,1,-9065,9.112286431500795,-1,0,1,0,0,5,13475,9.508665604526444,1,0,2,0,0,5,7,2.0794415416798357,0,1,2,0,7,1,2,1092.0
81,4.406719247264253,0,0,1,4,1,139,4.941642422609304,0,1,4,6,9,387,5.961005339623274,1,0,0,2,2,7,-2004,7.60339933974067,-1,1,0,1,5,6,3,1.3862943611198906,0,0,3,3,3,1,3,1147.0
82,4.418840607796598,1,1,2,5,2,140,4.948759890378168,1,2,0,0,0,-12664,9.446597562435775,-1,1,2,1,6,6,41920,10.64354217367223,1,1,1,0,4,0,8,2.1972245773362196,1,2,3,1,8,2,2,4223.0
137,4.927253685157205,0,2,2,4,7,54,4.007333185232471,1,0,4,5,4,-5075,8.532278828834277,-1,0,1,0,0,5,4830,8.482808764554406,1,1,0,0,0,0,7,2.0794415416798357,0,1,2,0,7,1,2,390.0
124,4.8283137373023015,1,1,4,5,4,33,3.5263605246161616,0,0,3,5,3,-13800,9.53249633228804,-1,1,0,0,4,0,-10410,9.250618218474752,-1,1,0,0,6,0,5,1.791759469228055,0,2,0,5,5,1,2,3103.0
49,3.912023005428146,0,1,4,0,9,91,4.5217885770490405,0,1,1,0,1,378,5.937536205082426,1,1,0,3,0,8,22275,10.01126514470956,1,0,0,0,1,5,9,2.302585092994046,0,0,4,2,9,1,2,1725.0
94,4.553876891600541,1,1,4,3,4,133,4.897839799950911,0,1,3,0,3,2664,7.887959336599945,1,1,0,4,4,4,31668,10.363093563410546,1,1,0,3,0,8,6,1.9459101490553132,1,0,1,6,6,1,2,4592.0
142,4.962844630259907,1,1,2,2,2,80,4.394449154672439,1,2,0,3,0,-3820,8.2482674474469,-1,1,2,0,2,0,2360,7.766840537085513,1,1,2,0,1,0,5,1.791759469228055,0,2,0,5,5,1,3,90.0
34,3.5553480614894135,1,1,4,6,4,88,4.48863636973214,1,1,3,4,8,-6280,8.74528448245438,-1,1,2,0,6,0,400,5.993961427306569,1,1,1,0,1,0,10,2.3978952727983707,1,1,0,3,0,2,2,888.0
149,5.0106352940962555,0,2,4,2,9,88,4.48863636973214,1,1,3,4,8,-8598,9.059401196410896,-1,1,0,2,5,2,14256,9.56500329315396,1,1,0,1,4,6,6,1.9459101490553132,1,0,1,6,6,1,3,1925.0
18,2.9444389791664403,1,0,3,4,8,67,4.219507705176107,0,1,2,4,7,4046,8.305731144875866,1,1,2,1,0,6,-5957,8.692490133273228,-1,0,1,3,0,3,7,2.0794415416798357,0,1,2,0,7,1,2,1496.0
87,4.477336814478207,0,0,2,3,7,14,2.70805020110221,1,2,4,0,4,2448,7.803435056952168,1,1,0,3,5,8,-3808,8.245121966478605,-1,1,2,2,0,2,4,1.6094379124341003,1,1,4,4,4,1,3,1392.0
21,3.091042453358316,0,0,1,0,1,114,4.74493212836325,1,0,4,2,4,-6517,8.782322859397507,-1,0,2,3,0,3,-13230,9.490317840042412,-1,1,0,0,0,0,7,2.0794415416798357,0,1,2,0,7,1,4,2800.0
74,4.31748811353631,1,2,4,4,4,13,2.6390573296152584,0,1,3,6,3,-2391,7.779885115070522,-1,0,0,4,3,9,-4023,8.300031711779575,-1,0,0,2,2,7,3,1.3862943611198906,0,0,3,3,3,1,2,1495.0
135,4.912654885736052,0,0,0,2,5,90,4.51085950651685,1,0,0,6,0,5505,8.613593685702552,1,0,0,0,3,5,-6246,8.73985662749357,-1,1,0,4,5,4,3,1.3862943611198906,0,0,3,3,3,3,4,3248.0
10,2.3978952727983707,1,1,0,3,0,24,3.2188758248682006,1,0,4,3,4,-796,6.680854678790215,-1,1,2,4,2,4,1232,7.117205503164344,1,1,2,2,0,2,4,1.6094379124341003,1,1,4,4,4,2,3,265.0
95,4.564348191467836,0,2,0,4,5,42,3.7612001156935624,1,0,2,0,2,-5565,8.624431942085836,-1,0,0,0,0,5,4242,8.353025845202325,1,1,0,2,0,2,7,2.0794415416798357,0,1,2,0,7,1,4,338.0
146,4.990432586778736,1,2,1,6,6,94,4.553876891600541,1,1,4,3,4,7974,8.984066927653044,1,1,0,4,1,4,-13176,9.486228164545253,-1,1,0,4,5,4,9,2.302585092994046,0,0,4,2,9,1,2,3190.0
111,4.718498871295094,0,0,1,6,1,102,4.634728988229636,1,0,2,4,2,-12544,9.437077458800523,-1,1,2,1,0,6,16728,9.72489901933128,1,1,0,3,5,8,8,2.1972245773362196,1,2,3,1,8,1,3,1445.0
96,4.574710978503383,1,0,1,5,6,44,3.8066624897703196,1,2,4,2,4,-13440,9.506065016071148,-1,1,0,0,0,0,-23324,10.057281025715545,-1,1,1,1,0,6,7,2.0794415416798357,0,1,2,0,7,1,3,3848.0
142,4.962844630259907,1,1,2,2,2,143,4.969813299576001,0,2,3,3,3,1085,6.990256500493881,1,0,2,0,0,5,24175,10.09311568451252,1,0,1,0,4,5,5,1.791759469228055,0,2,0,5,5,1,2,4223.0
127,4.852030263919617,0,1,2,1,7,85,4.454347296253507,0,1,0,1,5,-12897,9.464827539570322,-1,0,0,3,4,3,13149,9.48417703760591,1,0,0,4,3,9,9,2.302585092994046,0,0,4,2,9,1,2,754.0
145,4.983606621708336,0,1,0,5,5,107,4.68213122712422,0,2,2,2,7,2300,7.741099090035366,1,1,2,0,4,0,3452,8.146998697389993,1,1,2,2,1,2,2,1.0986122886681098,1,2,2,2,2,1,2,2088.0
81,4.406719247264253,0,0,1,4,1,41,3.7376696182833684,0,2,1,6,1,-9765,9.186662244621605,-1,0,0,0,0,5,27769,10.231711580300844,1,0,1,4,0,9,7,2.0794415416798357,0,1,2,0,7,1,2,3772.0
146,4.990432586778736,1,2,1,6,6,17,2.8903717578961645,0,2,2,3,7,3576,8.182279739259018,1,1,0,1,6,6,4436,8.39773375137891,1,1,2,1,5,6,2,1.0986122886681098,1,2,2,2,2,1,3,3016.0
56,4.04305126783455,1,2,1,0,6,107,4.68213122712422,0,2,2,2,7,-1539,7.3395376954076745,-1,0,0,1,1,1,2343,7.759614150696903,1,0,0,3,5,3,3,1.3862943611198906,0,0,3,3,3,1,2,575.0
95,4.564348191467836,0,2,0,4,5,130,4.875197323201151,1,1,0,4,0,-13424,9.504873919377065,-1,1,1,1,2,6,40960,10.620375673477872,1,1,1,0,3,0,8,2.1972245773362196,1,2,3,1,8,1,2,4182.0
11,2.4849066497880004,0,2,1,4,1,45,3.828641396489095,0,0,0,3,5,-815,6.704414354964107,-1,0,1,0,4,5,1845,7.520776415062797,1,0,0,0,4,5,5,1.791759469228055,0,2,0,5,5,1,4,180.0
31,3.4657359027997265,0,1,1,3,1,45,3.828641396489095,0,0,0,3,5,812,6.70073110954781,1,1,2,2,0,2,2464,7.80994708647679,1,1,1,4,0,4,4,1.6094379124341003,1,1,4,4,4,1,2,545.0
22,3.1354942159291497,1,1,2,1,2,92,4.532599493153256,1,2,2,1,2,-2590,7.85979918056211,-1,1,2,0,0,0,8680,9.068892008391808,1,1,1,0,0,0,10,2.3978952727983707,1,1,0,3,0,2,2,65.0
148,5.003946305945459,1,1,3,1,8,65,4.189654742026425,0,2,0,2,5,258,5.556828061699537,1,1,0,3,6,8,2300,7.741099090035366,1,1,2,0,4,0,2,1.0986122886681098,1,2,2,2,2,1,3,1105.0
53,3.9889840465642745,0,2,3,4,3,29,3.4011973816621555,0,2,4,1,9,-2144,7.6708948313621175,-1,1,1,1,5,6,5496,8.61195776786066,1,1,0,1,1,6,8,2.1972245773362196,1,2,3,1,8,1,2,481.0
50,3.9318256327243257,1,2,0,1,0,116,4.762173934797756,1,2,1,4,6,-2816,7.943427767876373,-1,1,1,4,5,4,7936,8.979290649090876,1,1,1,1,5,6,8,2.1972245773362196,1,2,3,1,8,2,2,80.0
49,3.912023005428146,0,1,4,0,9,32,3.4965075614664802,1,2,2,4,2,218,5.389071729816501,1,1,2,3,1,8,1968,7.585281078639126,1,1,0,3,1,8,2,1.0986122886681098,1,2,2,2,2,1,3,943.0
107,4.68213122712422,0,2,2,2,7,28,3.367295829986474,1,1,3,0,8,-30500,10.32551474894327,-1,1,1,0,6,0,23590,10.068620562346831,1,1,1,0,0,0,10,2.3978952727983707,1,1,0,3,0,1,2,2871.0
124,4.8283137373023015,1,1,4,5,4,19,2.995732273553991,0,1,4,5,9,-5184,8.553525120663627,-1,1,0,1,3,6,23139,10.049318000747668,1,0,0,4,4,9,9,2.302585092994046,0,0,4,2,9,1,2,2460.0
42,3.7612001156935624,1,0,2,0,2,96,4.574710978503383,1,0,1,5,6,-738,6.6052979209482015,-1,1,0,2,4,2,-186,5.231108616854587,-1,1,0,4,3,4,3,1.3862943611198906,0,0,3,3,3,3,4,370.0
89,4.499809670330265,0,2,4,5,9,119,4.787491742782046,0,2,4,0,9,-28500,10.25769445336048,-1,1,0,0,4,0,32480,10.388410581979008,1,1,2,0,0,0,10,2.3978952727983707,1,1,0,3,0,1,2,2842.0
117,4.770684624465665,0,0,2,5,7,140,4.948759890378168,1,2,0,0,0,1680,7.427144133408616,1,1,0,0,0,0,-4420,8.394121193826242,-1,1,2,0,4,0,4,1.6094379124341003,1,1,4,4,4,1,4,1887.0
40,3.713572066704308,1,1,0,5,0,83,4.430816798843313,0,2,3,6,3,3000,8.006700845440367,1,1,0,0,4,0,3650,8.202756381655638,1,1,2,0,3,0,2,1.0986122886681098,1,2,2,2,2,1,4,2291.0
142,4.962844630259907,1,1,2,2,2,106,4.672828834461906,1,1,1,1,6,-2710,7.905072849498666,-1,1,2,0,6,0,4225,8.349011198176003,1,0,1,0,4,5,5,1.791759469228055,0,2,0,5,5,1,2,357.0
76,4.343805421853684,1,1,1,6,6,84,4.442651256490317,1,0,4,0,4,336,5.820082930352362,1,1,0,1,0,6,8379,9.033603193476129,1,0,0,4,0,9,7,2.0794415416798357,0,1,2,0,7,1,4,841.0
144,4.976733742420574,1,0,4,4,4,66,4.204692619390966,1,0,1,3,6,-6980,8.850947451970402,-1,1,1,0,6,0,-18840,9.843790625278,-1,1,0,0,4,0,10,2.3978952727983707,1,1,0,3,0,2,2,2650.0
100,4.61512051684126,1,1,0,2,0,50,3.9318256327243257,1,2,0,1,0,-4086,8.315566483564277,-1,1,0,4,2,4,-13710,9.525953709356655,-1,1,0,0,3,0,3,1.3862943611198906,0,0,3,3,3,1,3,4838.0
79,4.382026634673881,0,1,4,2,9,14,2.70805020110221,1,2,4,0,4,-2164,7.68017564043659,-1,1,2,1,6,6,-5334,8.582044163735853,-1,1,0,1,0,6,2,1.0986122886681098,1,2,2,2,2,1,4,2849.0
102,4.634728988229636,1,0,2,4,2,86,4.465908118654584,1,2,1,2,6,-2058,7.629975707027789,-1,1,0,2,0,2,-423,6.049733455231958,-1,0,0,2,4,7,3,1.3862943611198906,0,0,3,3,3,1,3,551.0
57,4.060443010546419,0,0,2,1,7,73,4.30406509320417,0,1,3,3,3,-16093,9.686201810706079,-1,0,2,2,0,7,17542,9.772410288929185,1,1,1,2,0,2,7,2.0794415416798357,0,1,2,0,7,1,2,2755.0
145,4.983606621708336,0,1,0,5,5,93,4.543294782270004,0,0,3,2,3,-124,4.8283137373023015,-1,1,2,1,2,6,980,6.8885724595653635,1,1,2,0,0,0,2,1.0986122886681098,1,2,2,2,2,1,2,380.0
88,4.48863636973214,1,1,3,4,8,70,4.2626798770413155,1,1,0,0,0,2930,7.983098940710892,1,1,2,0,4,0,24550,10.10850786559065,1,1,1,0,1,0,5,1.791759469228055,0,2,0,5,5,1,3,4674.0
37,3.6375861597263857,0,1,2,2,7,28,3.367295829986474,1,1,3,0,8,-5070,8.531293315795018,-1,1,0,0,5,0,-11808,9.376617231601282,-1,1,0,2,1,2,6,1.9459101490553132,1,0,1,6,6,1,2,2225.0
38,3.6635616461296463,1,2,3,3,8,137,4.927253685157205,0,2,2,4,7,3198,8.070593539949519,1,1,0,3,6,8,4950,8.507344855361422,1,1,0,0,1,0,3,1.3862943611198906,0,0,3,3,3,1,2,1711.0
47,3.871201010907891,0,2,2,5,7,99,4.605170185988092,0,0,4,1,9,2760,7.923348211930154,1,1,0,0,2,0,-11700,9.367429587218957,-1,1,0,0,4,0,6,1.9459101490553132,1,0,1,6,6,1,2,2650.0
100,4.61512051684126,1,1,0,2,0,96,4.574710978503383,1,0,1,5,6,425,6.054439346269371,1,0,2,0,5,5,-10600,9.268703615273097,-1,1,2,0,5,0,5,1.791759469228055,0,2,0,5,5,1,4,2665.0
129,4.867534450455582,0,0,4,3,9,149,5.0106352940962555,0,2,4,2,9,-3236,8.082402253926244,-1,1,1,4,5,4,3452,8.146998697389993,1,1,2,2,1,2,2,1.0986122886681098,1,2,2,2,2,1,2,1972.0
124,4.8283137373023015,1,1,4,5,4,38,3.6635616461296463,1,2,3,3,8,-4104,8.31996102188653,-1,1,0,1,5,6,-8373,9.032886946579088,-1,0,0,2,6,7,3,1.3862943611198906,0,0,3,3,3,1,3,3071.0
50,3.9318256327243257,1,2,0,1,0,25,3.258096538021482,0,1,0,4,5,-19400,9.873079890114703,-1,1,1,0,4,0,17620,9.77684665156873,1,1,1,0,1,0,10,2.3978952727983707,1,1,0,3,0,5,6,2088.0
22,3.1354942159291497,1,1,2,1,2,84,4.442651256490317,1,0,4,0,4,-574,6.354370040797351,-1,1,2,1,0,6,984,6.892641641172089,1,1,0,4,4,4,2,1.0986122886681098,1,2,2,2,2,2,4,405.0
143,4.969813299576001,0,2,3,3,3,102,4.634728988229636,1,0,2,4,2,-442,6.093569770045136,-1,1,2,3,6,8,720,6.580639137284949,1,1,0,0,6,0,2,1.0986122886681098,1,2,2,2,2,1,3,169.0
99,4.605170185988092,0,0,4,1,9,112,4.727387818712341,1,1,2,0,2,1260,7.13966033596492,1,1,0,0,0,0,43750,10.686269748667398,1,1,1,0,0,0,10,2.3978952727983707,1,1,0,3,0,1,2,3441.0
46,3.8501476017100584,1,1,1,4,6,57,4.060443010546419,0,0,2,1,7,-5166,8.550047528287184,-1,1,0,4,0,4,10476,9.256937657352966,1,1,0,1,4,6,6,1.9459101490553132,1,0,1,6,6,1,2,1521.0
145,4.983606621708336,0,1,0,5,5,150,5.017279836814924,1,0,0,3,0,-3275,8.09437844497296,-1,0,1,0,1,5,4590,8.431853144249223,1,1,0,0,5,0,5,1.791759469228055,0,2,0,5,5,5,4,182.0
101,4.624972813284271,0,2,1,3,1,41,3.7376696182833684,0,2,1,6,1,-5748,8.656781205623291,-1,1,0,2,6,2,5436,8.600982717145921,1,1,0,1,4,6,6,1.9459101490553132,1,0,1,6,6,1,2,748.0
99,4.605170185988092,0,0,4,1,9,42,3.7612001156935624,1,0,2,0,2,-5580,8.627123250788433,-1,1,0,0,6,0,14850,9.605822482030945,1,1,0,0,3,0,5,1.791759469228055,0,2,0,5,5,1,3,2829.0
86,4.465908118654584,1,2,1,2,6,125,4.836281906951478,0,2,0,6,5,-170,5.14166355650266,-1,1,1,0,5,0,-2650,7.8826922062890254,-1,1,2,0,3,0,5,1.791759469228055,0,2,0,5,5,1,3,1221.0
146,4.990432586778736,1,2,1,6,6,90,4.51085950651685,1,0,0,6,0,-2144,7.6708948313621175,-1,1,1,1,5,6,-1800,7.496097345175956,-1,1,0,0,6,0,8,2.1972245773362196,1,2,3,1,8,2,3,1305.0
18,2.9444389791664403,1,0,3,4,8,38,3.6635616461296463,1,2,3,3,8,5512,8.614864218589684,1,1,1,2,3,2,25280,10.137808404440463,1,1,2,0,3,0,8,2.1972245773362196,1,2,3,1,8,2,2,2975.0
147,4.997212273764115,0,0,2,0,7,19,2.995732273553991,0,1,4,5,9,-3092,8.03689677268507,-1,1,1,3,2,8,2080,7.640603826393634,1,1,1,0,1,0,4,1.6094379124341003,1,1,4,4,4,1,2,481.0
93,4.543294782270004,0,0,3,2,3,142,4.962844630259907,1,1,2,2,2,-640,6.46302945692067,-1,1,2,0,4,0,-872,6.771935555839602,-1,1,1,3,3,8,8,2.1972245773362196,1,2,3,1,8,1,2,1411.0
22,3.1354942159291497,1,1,2,1,2,53,3.9889840465642745,0,2,3,4,3,740,6.608000625296087,1,1,2,0,5,0,-3468,8.15162164696975,-1,1,0,2,4,2,2,1.0986122886681098,1,2,2,2,2,1,3,1886.0
66,4.204692619390966,1,0,1,3,6,14,2.70805020110221,1,2,4,0,4,-4544,8.421783006611578,-1,1,1,1,6,6,6764,8.819517540604888,1,1,2,4,2,4,4,1.6094379124341003,1,1,4,4,4,2,2,1853.0
89,4.499809670330265,0,2,4,5,9,72,4.290459441148391,1,0,2,2,2,-6450,8.771990436532242,-1,1,0,0,4,0,15600,9.65509029374725,1,1,0,0,4,0,10,2.3978952727983707,1,1,0,3,0,1,2,875.0
100,4.61512051684126,1,1,0,2,0,99,4.605170185988092,0,0,4,1,9,-8520,9.050288983827956,-1,1,0,0,6,0,-1602,7.3796321526095525,-1,1,0,3,1,8,6,1.9459101490553132,1,0,1,6,6,1,2,1189.0
135,4.912654885736052,0,0,0,2,5,70,4.2626798770413155,1,1,0,0,0,-10224,9.232590980911002,-1,1,0,1,3,6,6592,8.7937637591133,1,1,1,2,5,2,8,2.1972245773362196,1,2,3,1,8,1,2,330.0
146,4.990432586778736,1,2,1,6,6,130,4.875197323201151,1,1,0,4,0,3504,8.16194579946869,1,1,0,4,4,4,-4052,8.307212626628308,-1,1,1,3,1,8,4,1.6094379124341003,1,1,4,4,4,2,3,2117.0
24,3.2188758248682006,1,0,4,3,4,72,4.290459441148391,1,0,2,2,2,760,6.634633357861686,1,1,1,0,4,0,12480,9.431962766918454,1,1,0,0,6,0,8,2.1972245773362196,1,2,3,1,8,8,6,1025.0
112,4.727387818712341,1,1,2,0,2,12,2.5649493574615367,1,0,2,5,2,828,6.720220155135295,1,1,0,3,2,8,-9423,9.151014905891367,-1,0,0,2,6,7,9,2.302585092994046,0,0,4,2,9,1,3,1595.0
113,4.736198448394496,0,2,3,1,3,28,3.367295829986474,1,1,3,0,8,-1280,7.155396301896734,-1,1,1,0,1,0,2760,7.923348211930154,1,1,0,0,2,0,5,1.791759469228055,0,2,0,5,5,1,2,515.0
73,4.30406509320417,0,1,3,3,3,70,4.2626798770413155,1,1,0,0,0,-5652,8.63994165667529,-1,1,0,3,4,8,12888,9.46412951340478,1,1,0,3,1,8,6,1.9459101490553132,1,0,1,6,6,1,2,1800.0
60,4.110873864173311,1,0,0,4,0,144,4.976733742420574,1,0,4,4,4,-16350,9.702044336534586,-1,1,0,0,2,0,60400,11.008760940077243,1,1,1,0,4,0,10,2.3978952727983707,1,1,0,3,0,2,3,4715.0
119,4.787491742782046,0,2,4,0,9,38,3.6635616461296463,1,2,3,3,8,1845,7.520776415062797,1,0,0,0,4,5,-8163,9.007489523929735,-1,0,0,2,6,7,3,1.3862943611198906,0,0,3,3,3,1,2,2997.0
81,4.406719247264253,0,0,1,4,1,43,3.784189633918261,0,1,3,1,3,-3897,8.268218880067506,-1,0,0,3,2,3,8478,9.045347797304004,1,1,0,3,1,8,9,2.302585092994046,0,0,4,2,9,1,3,629.0
139,4.941642422609304,0,1,4,6,9,118,4.77912349311153,1,1,3,6,8,-3544,8.173293438966228,-1,1,2,1,5,6,3648,8.202208436436448,1,1,0,3,1,8,4,1.6094379124341003,1,1,4,4,4,1,2,550.0
14,2.70805020110221,1,2,4,0,4,106,4.672828834461906,1,1,1,1,6,2506,7.826842098158293,1,1,1,1,0,6,-791,6.674561391814426,-1,0,1,4,0,9,7,2.0794415416798357,0,1,2,0,7,1,4,969.0
114,4.74493212836325,1,0,4,2,4,150,5.017279836814924,1,0,0,3,0,-13344,9.498897061838624,-1,1,0,1,5,6,15102,9.62264867856634,1,1,0,2,3,2,6,1.9459101490553132,1,0,1,6,6,6,4,2233.0
23,3.1780538303479458,0,2,3,2,3,115,4.7535901911063645,0,1,0,3,5,-3095,8.037866234709618,-1,0,1,0,6,5,14075,9.552226498441476,1,0,2,0,5,5,5,1.791759469228055,0,2,0,5,5,1,4,2296.0
124,4.8283137373023015,1,1,4,5,4,81,4.406719247264253,0,0,1,4,1,-5112,8.53954159508,-1,1,0,3,5,8,5796,8.665095821339733,1,1,0,1,0,6,6,1.9459101490553132,1,0,1,6,6,1,2,492.0
19,2.995732273553991,0,1,4,5,9,65,4.189654742026425,0,2,0,2,5,-5195,8.55564437779049,-1,0,1,0,6,5,-7225,8.885440911707585,-1,0,2,0,6,5,5,1.791759469228055,0,2,0,5,5,1,3,2006.0
59,4.0943445622221,0,2,4,3,9,57,4.060443010546419,0,0,2,1,7,-2115,7.65728279297819,-1,0,0,0,6,5,225,5.420534999272286,1,0,0,0,1,5,5,1.791759469228055,0,2,0,5,5,1,2,272.0
107,4.68213122712422,0,2,2,2,7,34,3.5553480614894135,1,1,4,6,4,-3096,8.038189179973203,-1,1,0,4,5,4,15040,9.618535084655214,1,1,1,0,4,0,8,2.1972245773362196,1,2,3,1,8,1,2,1675.0
31,3.4657359027997265,0,1,1,3,1,80,4.394449154672439,1,2,0,3,0,-4555,8.424200324567073,-1,0,2,0,2,5,14960,9.613202094214232,1,1,2,0,1,0,5,1.791759469228055,0,2,0,5,5,1,4,2700.0
103,4.6443908991413725,0,1,3,5,3,144,4.976733742420574,1,0,4,4,4,-5865,8.676928249537397,-1,0,0,0,1,5,14880,9.60784051043005,1,1,0,0,5,0,5,1.791759469228055,0,2,0,5,5,1,2,2350.0
46,3.8501476017100584,1,1,1,4,6,18,2.9444389791664403,1,0,3,4,8,3857,8.257904193465674,1,0,2,2,0,7,28042,10.241494325439769,1,1,1,2,0,2,7,2.0794415416798357,0,1,2,0,7,1,2,3977.0
66,4.204692619390966,1,0,1,3,6,20,3.044522437723423,1,2,0,6,0,3186,8.066835314417336,1,1,0,1,1,6,-23265,10.054748346376712,-1,0,0,0,3,5,9,2.302585092994046,0,0,4,2,9,1,2,2923.0
122,4.812184355372417,1,2,2,3,2,118,4.77912349311153,1,1,3,6,8,-25568,10.149135959190406,-1,1,1,2,3,2,26200,10.173552856959743,1,1,1,0,6,0,8,2.1972245773362196,1,2,3,1,8,2,2,3219.0
136,4.919980925828125,1,1,1,3,6,130,4.875197323201151,1,1,0,4,0,-4984,8.514188682395938,-1,1,2,1,0,6,9520,9.161255164285691,1,1,1,0,0,0,7,2.0794415416798357,0,1,2,0,7,1,3,510.0
34,3.5553480614894135,1,1,4,6,4,129,4.867534450455582,0,0,4,3,9,-244,5.501258210544727,-1,1,2,1,1,6,1664,7.417580402414544,1,1,2,4,5,4,4,1.6094379124341003,1,1,4,4,4,1,2,125.0
71,4.276666119016055,0,2,1,1,1,137,4.927253685157205,0,2,2,4,7,-2093,7.646831391430482,-1,0,1,2,0,7,4865,8.490027523343468,1,0,2,0,0,5,7,2.0794415416798357,0,1,2,0,7,1,2,330.0
142,4.962844630259907,1,1,2,2,2,81,4.406719247264253,0,0,1,4,1,-2188,7.691200097522863,-1,1,2,2,3,2,7524,8.925986089617076,1,1,0,4,6,4,2,1.0986122886681098,1,2,2,2,2,1,3,3690.0
29,3.4011973816621555,0,2,4,1,9,78,4.3694478524670215,1,0,3,1,8,382,5.948034989180646,1,1,1,2,4,2,-352,5.8664680569332965,-1,1,2,3,5,8,2,1.0986122886681098,1,2,2,2,2,1,3,415.0
106,4.672828834461906,1,1,1,1,6,17,2.8903717578961645,0,2,2,3,7,-5620,8.634264863002075,-1,1,2,0,1,0,13625,9.519735011333614,1,0,2,0,3,5,5,1.791759469228055,0,2,0,5,5,1,2,2706.0
89,4.499809670330265,0,2,4,5,9,37,3.6375861597263857,0,1,2,2,7,-5750,8.657129031713755,-1,1,1,0,4,0,11260,9.329100707697025,1,1,1,0,4,0,10,2.3978952727983707,1,1,0,3,0,1,2,819.0
115,4.7535901911063645,0,1,0,3,5,85,4.454347296253507,0,1,0,1,5,-1260,7.13966033596492,-1,1,0,0,0,0,2260,7.72356247227797,1,1,1,0,6,0,2,1.0986122886681098,1,2,2,2,2,1,2,1040.0
99,4.605170185988092,0,0,4,1,9,94,4.553876891600541,1,1,4,3,4,36,3.6109179126442243,1,1,0,1,1,6,8704,9.07165285220229,1,1,1,4,3,4,4,1.6094379124341003,1,1,4,4,4,1,2,1845.0
110,4.709530201312334,1,2,0,5,0,83,4.430816798843313,0,2,3,6,3,-11880,9.382695764458287,-1,1,0,0,6,0,-405,6.0063531596017325,-1,0,0,0,1,5,9,2.302585092994046,0,0,4,2,9,1,3,858.0
133,4.897839799950911,0,1,3,0,3,66,4.204692619390966,1,0,1,3,6,-13419,9.504501410525673,-1,0,0,1,0,1,1818,7.506042178518122,1,1,0,3,5,8,9,2.302585092994046,0,0,4,2,9,1,2,490.0
50,3.9318256327243257,1,2,0,1,0,81,4.406719247264253,0,0,1,4,1,-4536,8.420021279663963,-1,1,0,4,0,4,10896,9.296242800976886,1,1,0,1,4,6,6,1.9459101490553132,1,0,1,6,6,1,3,1406.0
42,3.7612001156935624,1,0,2,0,2,25,3.258096538021482,0,1,0,4,5,-1216,7.104144092987527,-1,1,2,4,2,4,4360,8.380456667842767,1,1,1,0,6,0,8,2.1972245773362196,1,2,3,1,8,1,2,391.0
127,4.852030263919617,0,1,2,1,7,122,4.812184355372417,1,2,2,3,2,-1584,7.368339686311381,-1,1,0,1,5,6,1112,7.014814351275545,1,1,2,2,6,2,4,1.6094379124341003,1,1,4,4,4,1,2,238.0
108,4.6913478822291435,1,0,3,3,8,80,4.394449154672439,1,2,0,3,0,-76,4.343805421853684,-1,1,2,4,1,4,-4384,8.385944904806284,-1,1,2,1,5,6,4,1.6094379124341003,1,1,4,4,4,4,4,1475.0
144,4.976733742420574,1,0,4,4,4,99,4.605170185988092,0,0,4,1,9,-4116,8.322880021769905,-1,1,0,4,0,4,1764,7.475905969367397,1,1,0,4,0,4,7,2.0794415416798357,0,1,2,0,7,1,2,609.0
60,4.110873864173311,1,0,0,4,0,61,4.127134385045092,0,1,1,5,1,-2640,7.878912912297133,-1,1,0,0,6,0,7244,8.888066854754783,1,1,2,4,6,4,2,1.0986122886681098,1,2,2,2,2,1,4,3700.0
25,3.258096538021482,0,1,0,4,5,20,3.044522437723423,1,2,0,6,0,-1240,7.123672785204607,-1,1,2,0,6,0,1440,7.273092595999522,1,1,0,0,5,0,4,1.6094379124341003,1,1,4,4,4,1,5,350.0
35,3.58351893845611,0,2,0,0,5,108,4.6913478822291435,1,0,3,3,8,-11740,9.370842268630211,-1,1,2,0,6,0,26250,10.17545936253226,1,1,0,0,0,0,10,2.3978952727983707,1,1,0,3,0,1,3,1751.0
98,4.59511985013459,1,2,3,0,8,76,4.343805421853684,1,1,1,6,6,-656,6.48768401848461,-1,1,1,4,2,4,2432,7.796880342783522,1,1,2,2,3,2,4,1.6094379124341003,1,1,4,4,4,2,4,380.0
21,3.091042453358316,0,0,1,0,1,60,4.110873864173311,1,0,0,4,0,2656,7.884952945759814,1,1,1,1,3,6,13440,9.506065016071148,1,1,0,0,0,0,8,2.1972245773362196,1,2,3,1,8,1,4,1300.0
36,3.6109179126442243,1,0,1,1,6,36,3.6109179126442243,1,0,1,1,6,-3402,8.132412674500905,-1,1,0,3,0,8,10656,9.273972232220956,1,1,0,1,2,6,6,1.9459101490553132,1,0,1,6,6,6,7,1599.0
72,4.290459441148391,1,0,2,2,2,47,3.871201010907891,0,2,2,5,7,1224,7.110696122978827,1,1,0,4,6,4,12822,9.458995712459116,1,1,0,2,5,2,6,1.9459101490553132,1,0,1,6,6,1,4,1961.0
73,4.30406509320417,0,1,3,3,3,139,4.941642422609304,0,1,4,6,9,-5968,8.69433468816865,-1,1,2,2,3,2,7168,8.877521453852872,1,1,1,3,0,8,8,2.1972245773362196,1,2,3,1,8,1,2,270.0
118,4.77912349311153,1,1,3,6,8,145,4.983606621708336,0,1,0,5,5,-12256,9.413852481341165,-1,1,2,4,1,4,23000,10.043292972227004,1,1,2,0,5,0,8,2.1972245773362196,1,2,3,1,8,1,2,1813.0
30,3.4339872044851463,1,0,0,2,0,45,3.828641396489095,0,0,0,3,5,1314,7.181591944611865,1,1,0,4,5,4,9828,9.19309247856663,1,1,0,3,0,8,6,1.9459101490553132,1,0,1,6,6,3,3,1425.0
95,4.564348191467836,0,2,0,4,5,64,4.174387269895637,1,1,4,1,4,-15520,9.649949224651184,-1,1,2,0,6,0,14008,9.547455259196115,1,1,1,3,1,8,8,2.1972245773362196,1,2,3,1,8,1,3,1711.0
112,4.727387818712341,1,1,2,0,2,143,4.969813299576001,0,2,3,3,3,-1530,7.333676395657684,-1,1,0,0,3,0,591,6.3835066348840055,1,0,0,1,3,1,3,1.3862943611198906,0,0,3,3,3,1,2,290.0
28,3.367295829986474,1,1,3,0,8,53,3.9889840465642745,0,2,3,4,3,2240,7.714677473800927,1,1,2,0,0,0,-17100,9.746892220313054,-1,1,0,0,1,0,10,2.3978952727983707,1,1,0,3,0,1,3,2296.0
48,3.8918202981106265,1,0,3,6,8,46,3.8501476017100584,1,1,1,4,6,-4068,8.31115254800169,-1,1,0,2,6,2,11019,9.307467082706905,1,0,0,4,1,9,3,1.3862943611198906,0,0,3,3,3,1,3,3737.0
12,2.5649493574615367,1,0,2,5,2,84,4.442651256490317,1,0,4,0,4,888,6.790097235513905,1,1,0,3,6,8,12736,9.45226642258976,1,1,1,1,3,6,8,2.1972245773362196,1,2,3,1,8,4,4,943.0
137,4.927253685157205,0,2,2,4,7,37,3.6375861597263857,0,1,2,2,7,-12370,9.423110302862831,-1,1,2,0,6,0,8260,9.019300924562506,1,1,1,0,0,0,10,2.3978952727983707,1,1,0,3,0,1,2,475.0
131,4.882801922586371,0,2,1,5,1,96,4.574710978503383,1,0,1,5,6,-666,6.502790045915623,-1,1,0,4,6,4,21456,9.973806211445082,1,1,0,1,1,6,6,1.9459101490553132,1,0,1,6,6,1,3,3075.0
85,4.454347296253507,0,1,0,1,5,13,2.6390573296152584,0,1,3,6,3,-4023,8.300031711779575,-1,0,0,2,2,7,4869,8.490849216076635,1,0,0,4,4,9,9,2.302585092994046,0,0,4,2,9,1,2,530.0
76,4.343805421853684,1,1,1,6,6,39,3.6888794541139363,0,0,4,4,9,1136,7.036148493750536,1,1,2,1,2,6,-1356,7.213031659834869,-1,1,0,4,2,4,2,1.0986122886681098,1,2,2,2,2,1,3,1044.0
120,4.795790545596741,1,0,0,1,0,87,4.477336814478207,0,0,2,3,7,-16240,9.695294188174604,-1,1,2,0,0,0,750,6.621405651764134,1,1,0,0,1,0,10,2.3978952727983707,1,1,0,3,0,1,3,901.0
149,5.0106352940962555,0,2,4,2,9,40,3.713572066704308,1,1,0,5,0,818,6.70808408385307,1,1,2,3,6,8,5008,8.518991573357617,1,1,1,3,3,8,2,1.0986122886681098,1,2,2,2,2,1,3,2525.0
88,4.48863636973214,1,1,3,4,8,92,4.532599493153256,1,2,2,1,2,-4416,8.393216011596527,-1,1,0,4,1,4,8168,9.00810178134187,1,1,2,3,6,8,8,2.1972245773362196,1,2,3,1,8,4,4,323.0
63,4.1588830833596715,0,0,3,0,3,123,4.820281565605037,0,0,3,4,3,-1935,7.568379267836522,-1,0,0,0,4,5,15903,9.674325928896355,1,0,0,3,6,3,9,2.302585092994046,0,0,4,2,9,3,3,748.0
42,3.7612001156935624,1,0,2,0,2,124,4.8283137373023015,1,1,4,5,4,-672,6.511745329644728,-1,1,0,3,0,8,6480,8.776630098427717,1,1,0,0,5,0,6,1.9459101490553132,1,0,1,6,6,2,4,364.0
79,4.382026634673881,0,1,4,2,9,83,4.430816798843313,0,2,3,6,3,-10152,9.225524507301223,-1,1,0,3,5,8,22784,10.033857703697983,1,1,2,4,6,4,8,2.1972245773362196,1,2,3,1,8,1,2,2275.0
90,4.51085950651685,1,0,0,6,0,70,4.2626798770413155,1,1,0,0,0,-2400,7.783640596221253,-1,1,0,0,1,0,-1680,7.427144133408616,-1,1,0,0,0,0,4,1.6094379124341003,1,1,4,4,4,2,3,740.0
102,4.634728988229636,1,0,2,4,2,58,4.07753744390572,1,1,3,2,8,1410,7.252053951852814,1,1,0,0,3,0,-10100,9.220389707829185,-1,1,1,0,1,0,5,1.791759469228055,0,2,0,5,5,1,2,2442.0
127,4.852030263919617,0,1,2,1,7,105,4.663439094112067,0,0,0,0,5,-10040,9.214431989879436,-1,1,1,0,5,0,1380,7.2305631534092925,1,1,0,0,1,0,10,2.3978952727983707,1,1,0,3,0,1,2,950.0
16,2.833213344056216,1,1,1,2,6,148,5.003946305945459,1,1,3,1,8,-2088,7.644440761556566,-1,1,0,2,5,2,9972,9.207636720401869,1,1,0,2,4,2,3,1.3862943611198906,0,0,3,3,3,1,2,2952.0
123,4.820281565605037,0,0,3,4,3,37,3.6375861597263857,0,1,2,2,7,2793,7.935229539816907,1,0,0,3,0,3,27538,10.223358460802768,1,1,1,3,0,8,7,2.0794415416798357,0,1,2,0,7,1,2,3885.0
15,2.772588722239781,0,0,0,1,5,58,4.07753744390572,1,1,3,2,8,4884,8.493924564476883,1,1,0,4,5,4,12258,9.414015640094995,1,1,0,3,1,8,6,1.9459101490553132,1,0,1,6,6,1,2,1921.0
145,4.983606621708336,0,1,0,5,5,137,4.927253685157205,0,2,2,4,7,-10885,9.295232838994146,-1,0,2,0,0,5,2744,7.917536353943631,1,1,2,4,0,4,7,2.0794415416798357,0,1,2,0,7,1,2,783.0
66,4.204692619390966,1,0,1,3,6,38,3.6635616461296463,1,2,3,3,8,-2430,7.796057974316123,-1,1,0,0,6,0,-9882,9.198571388376184,-1,1,0,3,2,8,9,2.302585092994046,0,0,4,2,9,1,2,1476.0
37,3.6375861597263857,0,1,2,2,7,112,4.727387818712341,1,1,2,0,2,875,6.775366090936392,1,0,2,0,0,5,-575,6.3561076606958915,-1,0,1,0,6,5,5,1.791759469228055,0,2,0,5,5,1,2,765.0
10,2.3978952727983707,1,1,0,3,0,33,3.5263605246161616,0,0,3,5,3,12400,9.425532393502772,1,1,1,0,3,0,-10770,9.28461261635077,-1,1,0,0,3,0,10,2.3978952727983707,1,1,0,3,0,1,5,1943.0
59,4.0943445622221,0,2,4,3,9,40,3.713572066704308,1,1,0,5,0,-7992,8.98632143762602,-1,1,0,3,2,8,7524,8.925986089617076,1,1,0,4,6,4,9,2.302585092994046,0,0,4,2,9,1,2,595.0
121,4.804021044733257,0,1,1,2,1,40,3.713572066704308,1,1,0,5,0,-17550,9.77286620732769,-1,1,0,0,6,0,17080,9.74572201363806,1,1,1,0,0,0,10,2.3978952727983707,1,1,0,3,0,1,4,1417.0
40,3.713572066704308,1,1,0,5,0,85,4.454347296253507,0,1,0,1,5,-3276,8.094683648698815,-1,1,0,4,0,4,-7740,8.954286157204713,-1,1,0,0,2,0,3,1.3862943611198906,0,0,3,3,3,1,2,2997.0
77,4.356708826689592,0,2,2,0,7,39,3.6888794541139363,0,0,4,4,9,-950,6.85751406254539,-1,1,1,0,2,0,-700,6.55250788703459,-1,1,2,0,0,0,2,1.0986122886681098,1,2,2,2,2,1,2,535.0
12,2.5649493574615367,1,0,2,5,2,107,4.68213122712422,0,2,2,2,7,3030,8.016647877057803,1,1,0,0,6,0,29500,10.292179440058462,1,1,1,0,2,0,10,2.3978952727983707,1,1,0,3,0,1,2,1927.0
47,3.871201010907891,0,2,2,5,7,104,4.653960350157523,1,2,4,6,4,3753,8.230577217146454,1,0,0,3,1,3,486,6.18826412308259,1,1,0,1,3,6,9,2.302585092994046,0,0,4,2,9,1,2,1218.0
23,3.1780538303479458,0,2,3,2,3,71,4.276666119016055,0,2,1,1,1,828,6.720220155135295,1,1,0,3,2,8,-682,6.52649485957079,-1,1,2,3,4,8,2,1.0986122886681098,1,2,2,2,2,1,3,667.0
43,3.784189633918261,0,1,3,1,3,46,3.8501476017100584,1,1,1,4,6,-128,4.859812404361672,-1,1,1,2,5,2,-608,6.411818267709897,-1,1,1,2,1,2,4,1.6094379124341003,1,1,4,4,4,1,2,364.0
43,3.784189633918261,0,1,3,1,3,10,2.3978952727983707,1,1,0,3,0,-946,6.853299093186078,-1,1,2,4,6,4,3480,8.15507488781144,1,1,0,0,1,0,2,1.0986122886681098,1,2,2,2,2,1,5,1763.0
58,4.07753744390572,1,1,3,2,8,98,4.59511985013459,1,2,3,0,8,-5236,8.563504094279487,-1,1,2,4,0,4,-5838,8.672314828283538,-1,1,0,2,0,2,7,2.0794415416798357,0,1,2,0,7,1,3,1558.0
145,4.983606621708336,0,1,0,5,5,132,4.890349128221754,1,0,2,6,2,-4770,8.470311205516108,-1,1,0,0,4,0,3672,8.208764045819667,1,1,0,2,4,2,6,1.9459101490553132,1,0,1,6,6,1,3,195.0
69,4.248495242049359,0,0,4,6,9,72,4.290459441148391,1,0,2,2,2,-2898,7.972121128921655,-1,1,0,2,0,2,3144,8.05356916913454,1,1,0,4,1,4,6,1.9459101490553132,1,0,1,6,6,3,4,115.0
138,4.9344739331306915,1,0,3,5,8,83,4.430816798843313,0,2,3,6,3,-332,5.808142489980444,-1,1,1,3,4,8,7760,8.95686647085414,1,1,2,0,4,0,4,1.6094379124341003,1,1,4,4,4,1,3,1675.0
35,3.58351893845611,0,2,0,0,5,143,4.969813299576001,0,2,3,3,3,2181,7.687997166393016,1,0,0,1,4,1,-3393,8.129764445794171,-1,0,0,2,2,7,3,1.3862943611198906,0,0,3,3,3,1,2,1768.0
98,4.59511985013459,1,2,3,0,8,134,4.90527477843843,1,2,4,1,4,-7070,8.863757191604241,-1,1,1,0,0,0,-49,3.912023005428146,-1,0,2,1,0,1,7,2.0794415416798357,0,1,2,0,7,1,4,999.0
26,3.295836866004329,1,2,1,5,6,77,4.356708826689592,0,2,2,0,7,2272,7.728855823852543,1,1,1,2,4,2,-6622,8.798303718484979,-1,1,2,3,0,8,2,1.0986122886681098,1,2,2,2,2,1,4,3663.0
102,4.634728988229636,1,0,2,4,2,94,4.553876891600541,1,1,4,3,4,3618,8.193953023563742,1,1,0,3,6,8,42264,10.651714599363029,1,1,0,4,5,4,9,2.302585092994046,0,0,4,2,9,1,2,4070.0
39,3.6888794541139363,0,0,4,4,9,59,4.0943445622221,0,2,4,3,9,-5385,8.591558273371545,-1,0,0,0,5,5,21075,9.955890231329176,1,0,0,0,5,5,5,1.791759469228055,0,2,0,5,5,1,2,4018.0
45,3.828641396489095,0,0,0,3,5,103,4.6443908991413725,0,1,3,5,3,-981,6.889591308354466,-1,0,0,4,6,9,13338,9.498447354141044,1,1,0,3,3,8,9,2.302585092994046,0,0,4,2,9,1,3,629.0
81,4.406719247264253,0,0,1,4,1,69,4.248495242049359,0,0,4,6,9,-12416,9.426821780416843,-1,1,1,4,2,4,17976,9.796848442046416,1,1,0,1,0,6,8,2.1972245773362196,1,2,3,1,8,1,2,1921.0
134,4.90527477843843,1,2,4,1,4,70,4.2626798770413155,1,1,0,0,0,1930,7.565793282428515,1,1,1,0,5,0,17150,9.749811759932081,1,1,2,0,0,0,5,1.791759469228055,0,2,0,5,5,1,4,3256.0
60,4.110873864173311,1,0,0,4,0,66,4.204692619390966,1,0,1,3,6,-768,6.645090969505644,-1,1,0,2,2,2,-1536,7.337587743538596,-1,1,0,4,4,4,8,2.1972245773362196,1,2,3,1,8,2,3,816.0
85,4.454347296253507,0,1,0,1,5,95,4.564348191467836,0,2,0,4,5,-13550,9.514215624322715,-1,1,1,0,2,0,21620,9.98142034359255,1,1,2,0,4,0,10,2.3978952727983707,1,1,0,3,0,5,2,1313.0
103,4.6443908991413725,0,1,3,5,3,48,3.8918202981106265,1,0,3,6,8,1156,7.053585727193677,1,1,1,1,1,6,-5184,8.553525120663627,-1,1,0,1,3,6,2,1.0986122886681098,1,2,2,2,2,1,4,2800.0
138,4.9344739331306915,1,0,3,5,8,91,4.5217885770490405,0,1,1,0,1,-7090,8.866581653303996,-1,1,2,0,1,0,14755,9.599405058716567,1,0,1,0,6,5,5,1.791759469228055,0,2,0,5,5,1,2,2600.0
99,4.605170185988092,0,0,4,1,9,86,4.465908118654584,1,2,1,2,6,-804,6.690842277418564,-1,1,0,1,1,6,198,5.293304824724492,1,1,0,3,2,8,6,1.9459101490553132,1,0,1,6,6,1,3,667.0
150,5.017279836814924,1,0,0,3,0,88,4.48863636973214,1,1,3,4,8,530,6.274762021241939,1,1,2,0,5,0,3064,8.027802848370312,1,1,1,4,5,4,2,1.0986122886681098,1,2,2,2,2,2,4,1469.0
79,4.382026634673881,0,1,4,2,9,48,3.8918202981106265,1,0,3,6,8,-7576,8.932872621931374,-1,1,2,4,5,4,6432,8.769196271411001,1,1,0,2,6,2,8,2.1972245773362196,1,2,3,1,8,1,4,525.0
143,4.969813299576001,0,2,3,3,3,29,3.4011973816621555,0,2,4,1,9,-16983,9.740027003383092,-1,0,0,2,6,7,-10611,9.26974071525763,-1,0,0,4,1,9,9,2.302585092994046,0,0,4,2,9,1,2,1560.0
118,4.77912349311153,1,1,3,6,8,31,3.4657359027997265,0,1,1,3,1,-1256,7.136483208590247,-1,1,1,4,4,4,-2564,7.84971375760487,-1,1,1,1,5,6,2,1.0986122886681098,1,2,2,2,2,1,3,1400.0
102,4.634728988229636,1,0,2,4,2,97,4.584967478670572,0,1,2,6,7,-14310,9.568783751310876,-1,1,0,0,5,0,-12879,9.463430999658344,-1,0,0,1,1,1,9,2.302585092994046,0,0,4,2,9,1,2,2400.0
91,4.5217885770490405,0,1,1,0,1,53,3.9889840465642745,0,2,3,4,3,-5976,8.695674048824253,-1,1,0,4,2,4,8388,9.034676602846295,1,1,0,3,2,8,6,1.9459101490553132,1,0,1,6,6,1,2,1170.0
37,3.6375861597263857,0,1,2,2,7,40,3.713572066704308,1,1,0,5,0,1968,7.585281078639126,1,1,0,3,1,8,9360,9.144307401371744,1,1,0,0,1,0,6,1.9459101490553132,1,0,1,6,6,1,3,1430.0
80,4.394449154672439,1,2,0,3,0,97,4.584967478670572,0,1,2,6,7,-8144,9.005159521036145,-1,1,1,1,4,6,16576,9.715771471424866,1,1,1,1,0,6,8,2.1972245773362196,1,2,3,1,8,1,3,1350.0
90,4.51085950651685,1,0,0,6,0,56,4.04305126783455,1,2,1,0,6,1740,7.462214939768189,1,1,0,0,4,0,-12280,9.415808631610384,-1,1,2,0,5,0,5,1.791759469228055,0,2,0,5,5,1,3,2850.0
127,4.852030263919617,0,1,2,1,7,110,4.709530201312334,1,2,0,5,0,-6335,8.754002933494261,-1,0,1,0,0,5,8675,9.068315871946766,1,0,2,0,2,5,5,1.791759469228055,0,2,0,5,5,1,3,1343.0
126,4.844187086458591,1,0,1,0,6,40,3.713572066704308,1,1,0,5,0,1323,7.188412736496954,1,0,0,3,0,3,11280,9.33087517360492,1,1,0,0,3,0,3,1.3862943611198906,0,0,3,3,3,1,4,3731.0
30,3.4339872044851463,1,0,0,2,0,49,3.912023005428146,0,1,4,0,9,-2685,7.895808377083183,-1,0,0,0,3,5,-7839,8.966994113344454,-1,0,0,1,1,1,3,1.3862943611198906,0,0,3,3,3,1,3,2875.0
89,4.499809670330265,0,2,4,5,9,70,4.2626798770413155,1,1,0,0,0,585,6.373319789577012,1,0,0,0,4,5,5382,8.591001118560957,1,1,0,2,6,2,3,1.3862943611198906,0,0,3,3,3,1,2,1650.0
133,4.897839799950911,0,1,3,0,3,36,3.6109179126442243,1,0,1,1,6,-2568,7.851271997109883,-1,1,0,2,1,2,-4032,8.302265794873367,-1,1,0,3,0,8,6,1.9459101490553132,1,0,1,6,6,1,4,962.0
116,4.762173934797756,1,2,1,4,6,20,3.044522437723423,1,2,0,6,0,-18320,9.815803221891244,-1,1,1,0,6,0,21600,9.980494888896912,1,1,0,0,5,0,10,2.3978952727983707,1,1,0,3,0,2,5,2072.0
20,3.044522437723423,1,2,0,6,0,140,4.948759890378168,1,2,0,0,0,736,6.602587892189336,1,1,1,1,1,6,0,0.0,0,1,0,0,0,0,8,2.1972245773362196,1,2,3,1,8,4,2,1148.0
85,4.454347296253507,0,1,0,1,5,122,4.812184355372417,1,2,2,3,2,-4540,8.420902531097951,-1,1,2,0,3,0,4898,8.496786381638575,1,1,2,3,5,8,2,1.0986122886681098,1,2,2,2,2,1,3,3045.0
40,3.713572066704308,1,1,0,5,0,92,4.532599493153256,1,2,2,1,2,-4752,8.46653127661401,-1,1,0,3,1,8,10287,9.2387334464774,1,0,0,2,4,7,9,2.302585092994046,0,0,4,2,9,1,2,357.0
31,3.4657359027997265,0,1,1,3,1,67,4.219507705176107,0,1,2,4,7,1001,6.90975328164481,1,0,2,1,0,1,-4067,8.31090675716845,-1,0,1,3,0,3,7,2.0794415416798357,0,1,2,0,7,1,2,1110.0
38,3.6635616461296463,1,2,3,3,8,112,4.727387818712341,1,1,2,0,2,2600,7.8636512654486515,1,1,2,0,3,0,-800,6.68586094706836,-1,1,1,0,5,0,10,2.3978952727983707,1,1,0,3,0,2,2,1360.0
34,3.5553480614894135,1,1,4,6,4,55,4.02535169073515,0,1,0,6,5,-861,6.759255270663693,-1,0,0,4,0,9,4627,8.439880088313567,1,0,1,2,0,7,7,2.0794415416798357,0,1,2,0,7,1,2,299.0
56,4.04305126783455,1,2,1,0,6,68,4.23410650459726,1,2,3,5,8,1560,7.353081920515432,1,1,0,0,6,0,-3850,8.25608813381491,-1,1,2,0,0,0,5,1.791759469228055,0,2,0,5,5,1,2,1258.0
125,4.836281906951478,0,2,0,6,5,19,2.995732273553991,0,1,4,5,9,-2670,7.890208213109961,-1,1,0,0,4,0,-3537,8.17131687471973,-1,0,0,3,5,3,3,1.3862943611198906,0,0,3,3,3,1,2,1339.0
23,3.1780538303479458,0,2,3,2,3,38,3.6635616461296463,1,2,3,3,8,-8415,9.03788993497749,-1,0,0,0,6,5,-19386,9.872358017339208,-1,1,0,4,4,4,9,2.302585092994046,0,0,4,2,9,1,2,2600.0
96,4.574710978503383,1,0,1,5,6,118,4.77912349311153,1,1,3,6,8,-10472,9.256555795773146,-1,1,1,3,0,8,-5033,8.523970175695261,-1,0,1,2,0,7,7,2.0794415416798357,0,1,2,0,7,1,2,1751.0
56,4.04305126783455,1,2,1,0,6,85,4.454347296253507,0,1,0,1,5,637,6.45833828334479,1,0,1,2,0,7,15757,9.665103451805633,1,0,1,2,0,7,7,2.0794415416798357,0,1,2,0,7,1,3,1725.0
69,4.248495242049359,0,0,4,6,9,84,4.442651256490317,1,0,4,0,4,-6816,8.827174771362785,-1,1,0,4,2,4,-384,5.953243334287785,-1,1,0,1,1,6,8,2.1972245773362196,1,2,3,1,8,1,2,780.0
21,3.091042453358316,0,0,1,0,1,64,4.174387269895637,1,1,4,1,4,3375,8.124446855715847,1,0,0,0,1,5,19989,9.902987427494446,1,0,0,4,4,9,9,2.302585092994046,0,0,4,2,9,1,2,1739.0
35,3.58351893845611,0,2,0,0,5,85,4.454347296253507,0,1,0,1,5,-4260,8.357259153499912,-1,1,0,0,3,0,4666,8.448271745949816,1,1,1,1,4,6,2,1.0986122886681098,1,2,2,2,2,1,2,2987.0
116,4.762173934797756,1,2,1,4,6,36,3.6109179126442243,1,0,1,1,6,-6858,8.83331693749932,-1,1,0,2,2,2,-468,6.150602768446279,-1,1,0,2,1,2,9,2.302585092994046,0,0,4,2,9,1,4,470.0
116,4.762173934797756,1,2,1,4,6,88,4.48863636973214,1,1,3,4,8,-5056,8.528528701079983,-1,1,2,4,5,4,4768,8.469891918298224,1,1,1,3,1,8,4,1.6094379124341003,1,1,4,4,4,4,4,1160.0
91,4.5217885770490405,0,1,1,0,1,101,4.624972813284271,0,2,1,3,1,-12051,9.396985900250192,-1,0,0,4,3,9,13095,9.48006211905097,1,0,0,0,5,5,9,2.302585092994046,0,0,4,2,9,1,2,754.0
36,3.6109179126442243,1,0,1,1,6,132,4.890349128221754,1,0,2,6,2,-24156,10.092329472153317,-1,1,0,4,1,4,-11610,9.359708203627006,-1,1,0,0,3,0,9,2.302585092994046,0,0,4,2,9,3,5,3422.0
81,4.406719247264253,0,0,1,4,1,62,4.143134726391533,1,2,2,6,2,-4860,8.488999457045455,-1,1,0,0,5,0,10872,9.29403793099775,1,1,0,2,1,2,6,1.9459101490553132,1,0,1,6,6,1,3,1476.0
100,4.61512051684126,1,1,0,2,0,144,4.976733742420574,1,0,4,4,4,75,4.330733340286331,1,0,0,0,5,5,3636,8.19891444498699,1,1,0,1,3,6,3,1.3862943611198906,0,0,3,3,3,1,3,845.0
101,4.624972813284271,0,2,1,3,1,120,4.795790545596741,1,0,0,1,0,-4340,8.375860015299594,-1,1,1,0,0,0,6692,8.808817483100642,1,1,2,2,0,2,7,2.0794415416798357,0,1,2,0,7,1,2,145.0
134,4.90527477843843,1,2,4,1,4,110,4.709530201312334,1,2,0,5,0,-6318,8.751316246773456,-1,1,0,2,3,2,-11250,9.328212292571072,-1,1,0,0,6,0,9,2.302585092994046,0,0,4,2,9,1,2,2296.0
35,3.58351893845611,0,2,0,0,5,123,4.820281565605037,0,0,3,4,3,-3500,8.160803920954665,-1,1,1,0,0,0,12048,9.396736947923277,1,1,0,3,1,8,4,1.6094379124341003,1,1,4,4,4,1,3,2625.0
87,4.477336814478207,0,0,2,3,7,71,4.276666119016055,0,2,1,1,1,-4854,8.487764380725425,-1,1,0,1,4,6,8460,9.0432226489245,1,1,0,0,4,0,6,1.9459101490553132,1,0,1,6,6,1,2,1025.0
89,4.499809670330265,0,2,4,5,9,22,3.1354942159291497,1,1,2,1,2,126,4.844187086458591,1,1,0,1,0,6,1434,7.268920128193722,1,1,0,4,6,4,3,1.3862943611198906,0,0,3,3,3,1,2,515.0
53,3.9889840465642745,0,2,3,4,3,66,4.204692619390966,1,0,1,3,6,3880,8.263848131368906,1,1,1,0,2,0,36544,10.506299656914493,1,1,1,4,4,4,8,2.1972245773362196,1,2,3,1,8,1,2,4141.0
147,4.997212273764115,0,0,2,0,7,12,2.5649493574615367,1,0,2,5,2,-13212,9.488956472414216,-1,1,0,3,4,8,23532,10.06615897040696,1,1,0,2,5,2,6,1.9459101490553132,1,0,1,6,6,3,5,4070.0
125,4.836281906951478,0,2,0,6,5,141,4.955827057601261,0,0,1,1,1,-1820,7.507141079727608,-1,1,1,0,0,0,2496,7.822845290279774,1,1,0,1,4,6,4,1.6094379124341003,1,1,4,4,4,1,2,75.0
119,4.787491742782046,0,2,4,0,9,122,4.812184355372417,1,2,2,3,2,-2625,7.873217054862741,-1,0,0,0,0,5,6426,8.768263145371286,1,1,0,1,0,6,3,1.3862943611198906,0,0,3,3,3,1,3,1850.0
140,4.948759890378168,1,2,0,0,0,129,4.867534450455582,0,0,4,3,9,-11552,9.354700422483019,-1,1,1,3,5,8,4800,8.476579508530941,1,1,0,0,5,0,8,2.1972245773362196,1,2,3,1,8,1,2,540.0
54,4.007333185232471,1,0,4,5,4,107,4.68213122712422,0,2,2,2,7,2754,7.9211727215870145,1,1,0,4,3,4,-8487,9.046408680293819,-1,0,0,3,4,3,3,1.3862943611198906,0,0,3,3,3,1,4,3330.0
134,4.90527477843843,1,2,4,1,4,126,4.844187086458591,1,0,1,0,6,-7670,8.945202263959297,-1,1,1,0,2,0,15750,9.664659134301736,1,1,0,0,0,0,5,1.791759469228055,0,2,0,5,5,1,3,2664.0
56,4.04305126783455,1,2,1,0,6,36,3.6109179126442243,1,0,1,1,6,-3560,8.177796683277778,-1,1,1,0,3,0,-2350,7.762596048540069,-1,1,2,0,2,0,10,2.3978952727983707,1,1,0,3,0,2,2,629.0
133,4.897839799950911,0,1,3,0,3,32,3.4965075614664802,1,2,2,4,2,-928,6.834108738813838,-1,1,2,2,3,2,-1088,6.9930151229329605,-1,1,1,2,4,2,4,1.6094379124341003,1,1,4,4,4,1,5,500.0
103,4.6443908991413725,0,1,3,5,3,127,4.852030263919617,0,1,2,1,7,-11223,9.325809621782296,-1,0,0,2,5,7,3375,8.124446855715847,1,0,0,0,1,5,9,2.302585092994046,0,0,4,2,9,1,2,832.0
76,4.343805421853684,1,1,1,6,6,26,3.295836866004329,1,2,1,5,6,-4425,8.395251520610994,-1,0,0,0,6,5,-5410,8.596189197642735,-1,1,2,0,1,0,5,1.791759469228055,0,2,0,5,5,1,2,1313.0
31,3.4657359027997265,0,1,1,3,1,30,3.4339872044851463,1,0,0,2,0,-2455,7.806289289267033,-1,0,2,0,2,5,-1490,7.307202314764738,-1,1,1,0,1,0,5,1.791759469228055,0,2,0,5,5,1,3,560.0
52,3.970291913552122,1,1,2,3,2,137,4.927253685157205,0,2,2,4,7,-2608,7.866722285136729,-1,1,2,2,3,2,3068,8.029107054619736,1,1,2,3,2,8,2,1.0986122886681098,1,2,2,2,2,1,4,1740.0
73,4.30406509320417,0,1,3,3,3,47,3.871201010907891,0,2,2,5,7,1971,7.586803535162581,1,0,0,1,4,1,8088,8.998260393017953,1,1,0,3,3,8,3,1.3862943611198906,0,0,3,3,3,1,3,2701.0
141,4.955827057601261,0,0,1,1,1,108,4.6913478822291435,1,0,3,3,8,-2364,7.768533300926033,-1,1,0,1,2,6,-1458,7.285506548522785,-1,1,0,2,5,2,2,1.0986122886681098,1,2,2,2,2,1,3,1305.0
130,4.875197323201151,1,1,0,4,0,43,3.784189633918261,0,1,3,1,3,-8230,9.015662792972645,-1,1,2,0,2,0,-13450,9.506808731708581,-1,1,2,0,4,0,5,1.791759469228055,0,2,0,5,5,1,3,3071.0
111,4.718498871295094,0,0,1,6,1,58,4.07753744390572,1,1,3,2,8,-535,6.284134161070802,-1,0,2,0,4,5,9130,9.11943049661634,1,1,1,0,2,0,5,1.791759469228055,0,2,0,5,5,1,2,1600.0
15,2.772588722239781,0,0,0,1,5,95,4.564348191467836,0,2,0,4,5,-6363,8.758412389457677,-1,0,0,2,0,7,-11760,9.372544251851037,-1,1,0,0,0,0,7,2.0794415416798357,0,1,2,0,7,1,3,2479.0
49,3.912023005428146,0,1,4,0,9,48,3.8918202981106265,1,0,3,6,8,6099,8.716044050161402,1,0,0,4,2,9,-6435,8.769662508112274,-1,0,0,0,5,5,3,1.3862943611198906,0,0,3,3,3,1,3,3161.0
108,4.6913478822291435,1,0,3,3,8,69,4.248495242049359,0,0,4,6,9,4608,8.435766192720509,1,1,0,3,2,8,-5238,8.56388591940822,-1,1,0,2,5,2,3,1.3862943611198906,0,0,3,3,3,3,4,2697.0
136,4.919980925828125,1,1,1,3,6,144,4.976733742420574,1,0,4,4,4,-9436,9.152393412021333,-1,1,2,4,0,4,-1029,6.937314081223682,-1,0,0,1,0,1,7,2.0794415416798357,0,1,2,0,7,1,2,1221.0
45,3.828641396489095,0,0,0,3,5,37,3.6375861597263857,0,1,2,2,7,-5685,8.645762292210945,-1,0,0,0,6,5,-5211,8.558718938244736,-1,0,0,4,4,9,3,1.3862943611198906,0,0,3,3,3,1,3,2552.0
96,4.574710978503383,1,0,1,5,6,112,4.727387818712341,1,1,2,0,2,-8700,9.071193240566025,-1,1,0,0,1,0,7200,8.881975184248867,1,1,0,0,4,0,10,2.3978952727983707,1,1,0,3,0,2,3,410.0
13,2.6390573296152584,0,1,3,6,3,43,3.784189633918261,0,1,3,1,3,-5460,8.605387202152153,-1,1,0,0,0,0,-7812,8.963544291996744,-1,1,0,3,0,8,6,1.9459101490553132,1,0,1,6,6,1,3,1768.0
109,4.700480365792417,0,1,4,4,9,33,3.5263605246161616,0,0,3,5,3,6375,8.760296220470051,1,0,0,0,5,5,10380,9.247732491193245,1,1,0,0,6,0,5,1.791759469228055,0,2,0,5,5,1,2,2639.0
138,4.9344739331306915,1,0,3,5,8,147,4.997212273764115,0,0,2,0,7,-1740,7.462214939768189,-1,1,0,0,3,0,5955,8.6921543938039,1,0,0,0,5,5,5,1.791759469228055,0,2,0,5,5,1,2,570.0
95,4.564348191467836,0,2,0,4,5,70,4.2626798770413155,1,1,0,0,0,216,5.37989735354046,1,1,0,1,6,6,-4832,8.483222671845084,-1,1,1,3,5,8,4,1.6094379124341003,1,1,4,4,4,1,2,1550.0
61,4.127134385045092,0,1,1,5,1,61,4.127134385045092,0,1,1,5,1,-1120,7.02197642307216,-1,1,2,0,0,0,1168,7.063903961472068,1,1,1,3,6,8,4,1.6094379124341003,1,1,4,4,4,1,3,60.0
83,4.430816798843313,0,2,3,6,3,48,3.8918202981106265,1,0,3,6,8,-1998,7.6004023345004,-1,1,0,2,4,2,-12312,9.418410893792872,-1,1,0,3,1,8,9,2.302585092994046,0,0,4,2,9,1,2,1875.0
137,4.927253685157205,0,2,2,4,7,53,3.9889840465642745,0,2,3,4,3,48,3.8918202981106265,1,1,0,3,6,8,6224,8.736328721332908,1,1,2,4,1,4,4,1.6094379124341003,1,1,4,4,4,1,2,1456.0
89,4.499809670330265,0,2,4,5,9,100,4.61512051684126,1,1,0,2,0,-1242,7.1252830915107115,-1,1,0,3,4,8,-612,6.418364935936212,-1,1,0,3,4,8,3,1.3862943611198906,0,0,3,3,3,1,2,525.0
123,4.820281565605037,0,0,3,4,3,109,4.700480365792417,0,1,4,4,9,-4571,8.427706024914702,-1,0,1,4,0,9,2611,7.867871490396322,1,0,1,1,0,1,7,2.0794415416798357,0,1,2,0,7,1,2,442.0
26,3.295836866004329,1,2,1,5,6,128,4.859812404361672,1,2,3,2,8,-1280,7.155396301896734,-1,1,1,0,1,0,3200,8.071218539969863,1,1,2,0,1,0,4,1.6094379124341003,1,1,4,4,4,2,5,360.0
49,3.912023005428146,0,1,4,0,9,24,3.2188758248682006,1,0,4,3,4,-392,5.973809611869261,-1,1,1,3,0,8,-960,6.8679744089702925,-1,1,0,0,6,0,4,1.6094379124341003,1,1,4,4,4,1,5,350.0
85,4.454347296253507,0,1,0,1,5,142,4.962844630259907,1,1,2,2,2,7840,8.967121656230923,1,1,1,0,0,0,23032,10.044683249202905,1,1,1,2,2,2,8,2.1972245773362196,1,2,3,1,8,1,2,2407.0
129,4.867534450455582,0,0,4,3,9,50,3.9318256327243257,1,2,0,1,0,-412,6.023447592961033,-1,1,2,3,1,8,-4864,8.489821994620105,-1,1,2,1,1,6,4,1.6094379124341003,1,1,4,4,4,1,2,1475.0
143,4.969813299576001,0,2,3,3,3,12,2.5649493574615367,1,0,2,5,2,-2778,7.929846429742503,-1,1,0,2,1,2,-5256,8.567315800819449,-1,1,0,4,1,4,6,1.9459101490553132,1,0,1,6,6,1,4,1027.0
142,4.962844630259907,1,1,2,2,2,66,4.204692619390966,1,0,1,3,6,3240,8.083637203141548,1,1,0,0,6,0,-21984,9.99811568161491,-1,1,0,1,3,6,6,1.9459101490553132,1,0,1,6,6,2,3,4292.0
43,3.784189633918261,0,1,3,1,3,56,4.04305126783455,1,2,1,0,6,-3978,8.288785810426928,-1,1,0,2,5,2,3348,8.116417072794205,1,1,0,3,2,8,9,2.302585092994046,0,0,4,2,9,1,2,143.0
135,4.912654885736052,0,0,0,2,5,60,4.110873864173311,1,0,0,4,0,-2088,7.644440761556566,-1,1,0,2,5,2,32960,10.403080323368991,1,1,2,0,4,0,8,2.1972245773362196,1,2,3,1,8,1,2,3731.0
136,4.919980925828125,1,1,1,3,6,13,2.6390573296152584,0,1,3,6,3,-1440,7.273092595999522,-1,1,0,0,2,0,-6395,8.763428073953845,-1,0,1,0,3,5,5,1.791759469228055,0,2,0,5,5,1,2,1400.0
59,4.0943445622221,0,2,4,3,9,21,3.091042453358316,0,0,1,0,1,489,6.194405391104672,1,0,0,4,6,9,-882,6.78332520060396,-1,1,0,3,0,8,3,1.3862943611198906,0,0,3,3,3,1,4,493.0
11,2.4849066497880004,0,2,1,4,1,114,4.74493212836325,1,0,4,2,4,-3664,8.206583614320753,-1,1,2,1,4,6,8364,9.031811613420924,1,1,0,4,6,4,4,1.6094379124341003,1,1,4,4,4,1,2,1853.0
109,4.700480365792417,0,1,4,4,9,104,4.653960350157523,1,2,4,6,4,-124,4.8283137373023015,-1,1,2,1,2,6,832,6.725033642166843,1,1,1,2,6,2,2,1.0986122886681098,1,2,2,2,2,1,4,260.0
124,4.8283137373023015,1,1,4,5,4,91,4.5217885770490405,0,1,1,0,1,1124,7.025538314638521,1,1,2,4,4,4,12112,9.402034535016803,1,1,1,2,2,2,4,1.6094379124341003,1,1,4,4,4,1,3,2775.0
15,2.772588722239781,0,0,0,1,5,59,4.0943445622221,0,2,4,3,9,3180,8.064950891749143,1,1,0,0,2,0,-1782,7.48605261786314,-1,1,0,3,3,8,6,1.9459101490553132,1,0,1,6,6,1,3,899.0
132,4.890349128221754,1,0,2,6,2,142,4.962844630259907,1,1,2,2,2,2448,7.803435056952168,1,1,0,3,5,8,-15888,9.673382324888367,-1,1,0,2,2,2,6,1.9459101490553132,1,0,1,6,6,2,3,3700.0
50,3.9318256327243257,1,2,0,1,0,131,4.882801922586371,0,2,1,5,1,-1376,7.227662498728654,-1,1,1,4,3,4,-464,6.142037405587356,-1,1,1,1,5,6,4,1.6094379124341003,1,1,4,4,4,1,2,656.0
131,4.882801922586371,0,2,1,5,1,141,4.955827057601261,0,0,1,1,1,-306,5.726847747587197,-1,1,0,4,2,4,-10044,9.214830277249035,-1,1,0,1,1,6,6,1.9459101490553132,1,0,1,6,6,1,2,2625.0
107,4.68213122712422,0,2,2,2,7,36,3.6109179126442243,1,0,1,1,6,8973,9.102086786535928,1,0,0,3,6,3,21438,9.972966972305931,1,1,0,3,4,8,9,2.302585092994046,0,0,4,2,9,1,3,2842.0
70,4.2626798770413155,1,1,0,0,0,64,4.174387269895637,1,1,4,1,4,830,6.7226297948554485,1,1,2,0,4,0,-5925,8.68710472813351,-1,0,0,0,4,5,5,1.791759469228055,0,2,0,5,5,1,3,1591.0
17,2.8903717578961645,0,2,2,3,7,100,4.61512051684126,1,1,0,2,0,4032,8.302265794873367,1,1,0,2,0,2,1024,6.932447891572509,1,1,1,4,2,4,8,2.1972245773362196,1,2,3,1,8,1,2,928.0
100,4.61512051684126,1,1,0,2,0,131,4.882801922586371,0,2,1,5,1,342,5.8377304471659395,1,1,0,2,6,2,-4341,8.376090350438238,-1,0,0,4,6,9,3,1.3862943611198906,0,0,3,3,3,1,2,1886.0
29,3.4011973816621555,0,2,4,1,9,142,4.962844630259907,1,1,2,2,2,-56,4.04305126783455,-1,1,1,4,0,4,11488,9.349145334853365,1,1,1,3,1,8,8,2.1972245773362196,1,2,3,1,8,1,2,375.0
149,5.0106352940962555,0,2,4,2,9,148,5.003946305945459,1,1,3,1,8,-2072,7.636752112435779,-1,1,1,3,0,8,-15988,9.67965626478542,-1,1,2,2,0,2,7,2.0794415416798357,0,1,2,0,7,1,3,3403.0
114,4.74493212836325,1,0,4,2,4,34,3.5553480614894135,1,1,4,6,4,132,4.890349128221754,1,1,0,2,6,2,-648,6.47543271670409,-1,1,0,2,3,2,2,1.0986122886681098,1,2,2,2,2,2,4,490.0
131,4.882801922586371,0,2,1,5,1,108,4.6913478822291435,1,0,3,3,8,-10341,9.243968552956167,-1,0,0,4,5,9,9108,9.11701821474481,1,1,0,3,1,8,9,2.302585092994046,0,0,4,2,9,1,3,50.0
133,4.897839799950911,0,1,3,0,3,147,4.997212273764115,0,0,2,0,7,-18880,9.845911404398532,-1,1,2,0,6,0,39648,10.587821006063988,1,1,0,3,0,8,8,2.1972245773362196,1,2,3,1,8,1,2,3996.0
58,4.07753744390572,1,1,3,2,8,77,4.356708826689592,0,2,2,0,7,-9130,9.11943049661634,-1,1,2,0,5,0,3260,8.089789175789319,1,1,2,0,5,0,10,2.3978952727983707,1,1,0,3,0,1,2,555.0
78,4.3694478524670215,1,0,3,1,8,17,2.8903717578961645,0,2,2,3,7,222,5.407171771460119,1,1,0,2,5,2,-3015,8.011686729127847,-1,0,0,0,2,5,3,1.3862943611198906,0,0,3,3,3,1,3,1100.0
45,3.828641396489095,0,0,0,3,5,145,4.983606621708336,0,1,0,5,5,-4650,8.444837529224097,-1,1,0,0,5,0,12492,9.432923766431829,1,1,0,2,4,2,6,1.9459101490553132,1,0,1,6,6,1,2,1313.0
145,4.983606621708336,0,1,0,5,5,49,3.912023005428146,0,1,4,0,9,-1380,7.2305631534092925,-1,1,0,0,6,0,-1472,7.29505641646263,-1,1,1,3,5,8,4,1.6094379124341003,1,1,4,4,4,1,2,611.0
66,4.204692619390966,1,0,1,3,6,102,4.634728988229636,1,0,2,4,2,-8370,9.032528630660057,-1,1,0,0,2,0,17082,9.745839095947058,1,1,0,2,2,2,9,2.302585092994046,0,0,4,2,9,3,2,1036.0
99,4.605170185988092,0,0,4,1,9,45,3.828641396489095,0,0,0,3,5,11949,9.388486557359657,1,0,0,4,0,9,19845,9.895757754474186,1,0,0,0,0,5,7,2.0794415416798357,0,1,2,0,7,1,3,3480.0
44,3.8066624897703196,1,2,4,2,4,150,5.017279836814924,1,0,0,3,0,-1884,7.541683099882111,-1,1,0,1,6,6,6120,8.71948076085107,1,1,0,0,2,0,6,1.9459101490553132,1,0,1,6,6,2,3,130.0
26,3.295836866004329,1,2,1,5,6,131,4.882801922586371,0,2,1,5,1,11000,9.305741456739435,1,1,2,0,3,0,27380,10.217604621184988,1,1,2,0,3,0,10,2.3978952727983707,1,1,0,3,0,1,2,1972.0
58,4.07753744390572,1,1,3,2,8,17,2.8903717578961645,0,2,2,3,7,-1600,7.3783837129967145,-1,1,2,0,3,0,13950,9.543306469268108,1,1,0,0,6,0,10,2.3978952727983707,1,1,0,3,0,1,2,1295.0
20,3.044522437723423,1,2,0,6,0,19,2.995732273553991,0,1,4,5,9,368,5.910796644040527,1,1,2,3,4,8,-764,6.639875833826536,-1,1,1,1,6,6,2,1.0986122886681098,1,2,2,2,2,1,3,476.0
83,4.430816798843313,0,2,3,6,3,78,4.3694478524670215,1,0,3,1,8,-4940,8.50532301884575,-1,1,1,0,2,0,-2000,7.601402334583733,-1,1,1,0,2,0,10,2.3978952727983707,1,1,0,3,0,1,2,1036.0
43,3.784189633918261,0,1,3,1,3,49,3.912023005428146,0,1,4,0,9,-918,6.823286122355687,-1,1,0,2,6,2,2604,7.865187954187467,1,1,0,4,0,4,6,1.9459101490553132,1,0,1,6,6,1,2,175.0
110,4.709530201312334,1,2,0,5,0,106,4.672828834461906,1,1,1,1,6,792,6.675823221634848,1,1,0,2,1,2,-10044,9.214830277249035,-1,1,0,1,1,6,6,1.9459101490553132,1,0,1,6,6,2,2,2442.0
64,4.174387269895637,1,1,4,1,4,33,3.5263605246161616,0,0,3,5,3,-3762,8.232971790593437,-1,1,0,3,4,8,14457,9.579003173560242,1,0,0,2,2,7,3,1.3862943611198906,0,0,3,3,3,1,4,4838.0
112,4.727387818712341,1,1,2,0,2,12,2.5649493574615367,1,0,2,5,2,-3388,8.128290171607052,-1,1,2,2,0,2,6713,8.81195017753998,1,0,2,3,0,3,7,2.0794415416798357,0,1,2,0,7,1,3,925.0
48,3.8918202981106265,1,0,3,6,8,119,4.787491742782046,0,2,4,0,9,1566,7.356918242356021,1,1,0,1,5,6,-7809,8.963160242833732,-1,0,0,1,3,1,3,1.3862943611198906,0,0,3,3,3,1,3,3034.0
80,4.394449154672439,1,2,0,3,0,58,4.07753744390572,1,1,3,2,8,-1560,7.353081920515432,-1,1,0,0,1,0,625,6.439350371100098,1,0,1,0,2,5,5,1.791759469228055,0,2,0,5,5,1,3,187.0
146,4.990432586778736,1,2,1,6,6,15,2.772588722239781,0,0,0,1,5,-2240,7.714677473800927,-1,1,1,0,0,0,-19760,9.891465577308802,-1,1,1,0,1,0,8,2.1972245773362196,1,2,3,1,8,1,2,2738.0
123,4.820281565605037,0,0,3,4,3,119,4.787491742782046,0,2,4,0,9,-7035,8.85879510585745,-1,0,0,0,0,5,-4450,8.400884069015854,-1,1,2,0,2,0,5,1.791759469228055,0,2,0,5,5,1,2,1683.0
87,4.477336814478207,0,0,2,3,7,118,4.77912349311153,1,1,3,6,8,-12540,9.43675855582405,-1,1,0,0,4,0,23000,10.043292972227004,1,1,2,0,5,0,10,2.3978952727983707,1,1,0,3,0,1,2,1184.0
91,4.5217885770490405,0,1,1,0,1,110,4.709530201312334,1,2,0,5,0,-27,3.332204510175204,-1,0,0,3,1,3,2046,7.624130585661289,1,1,0,1,2,6,3,1.3862943611198906,0,0,3,3,3,1,2,440.0
145,4.983606621708336,0,1,0,5,5,35,3.58351893845611,0,2,0,0,5,-6705,8.810757927026174,-1,0,0,0,1,5,14931,9.611261840034475,1,0,0,1,0,1,9,2.302585092994046,0,0,4,2,9,1,2,1456.0
74,4.31748811353631,1,2,4,4,4,44,3.8066624897703196,1,2,4,2,4,8416,9.038008749211576,1,1,1,1,2,6,-9376,9.146015161419625,-1,1,2,4,4,4,4,1.6094379124341003,1,1,4,4,4,2,3,3480.0
131,4.882801922586371,0,2,1,5,1,32,3.4965075614664802,1,2,2,4,2,8125,9.002824076547672,1,0,1,0,5,5,-11170,9.321076413570848,-1,1,2,0,2,0,5,1.791759469228055,0,2,0,5,5,1,2,3306.0
104,4.653960350157523,1,2,4,6,4,10,2.3978952727983707,1,1,0,3,0,-585,6.373319789577012,-1,0,0,0,3,5,-378,5.937536205082426,-1,1,0,2,0,2,3,1.3862943611198906,0,0,3,3,3,1,2,195.0
42,3.7612001156935624,1,0,2,0,2,130,4.875197323201151,1,1,0,4,0,546,6.304448802421981,1,1,0,1,0,6,-1225,7.111512116496157,-1,0,2,0,0,5,7,2.0794415416798357,0,1,2,0,7,1,4,1147.0
95,4.564348191467836,0,2,0,4,5,91,4.5217885770490405,0,1,1,0,1,-5216,8.559677803022392,-1,1,1,4,6,4,-9324,9.140454244512016,-1,1,0,1,0,6,4,1.6094379124341003,1,1,4,4,4,1,2,2849.0
34,3.5553480614894135,1,1,4,6,4,40,3.713572066704308,1,1,0,5,0,-2466,7.810758116529357,-1,1,0,4,5,4,-216,5.37989735354046,-1,1,0,4,1,4,6,1.9459101490553132,1,0,1,6,6,2,2,345.0
54,4.007333185232471,1,0,4,5,4,29,3.4011973816621555,0,2,4,1,9,1312,7.180069874302796,1,1,1,2,3,2,4544,8.421783006611578,1,1,2,4,1,4,4,1.6094379124341003,1,1,4,4,4,1,2,1156.0
90,4.51085950651685,1,0,0,6,0,69,4.248495242049359,0,0,4,6,9,-162,5.093750200806762,-1,1,0,3,6,8,-604,6.405228458030842,-1,1,2,1,5,6,2,1.0986122886681098,1,2,2,2,2,1,3,451.0
88,4.48863636973214,1,1,3,4,8,49,3.912023005428146,0,1,4,0,9,-10179,9.228180290104513,-1,0,0,1,6,1,8037,8.991935575009146,1,0,0,2,1,7,9,2.302585092994046,0,0,4,2,9,1,2,565.0
54,4.007333185232471,1,0,4,5,4,144,4.976733742420574,1,0,4,4,4,-10854,9.292381082312392,-1,1,0,1,3,6,30564,10.327610842462827,1,1,0,4,2,4,9,2.302585092994046,0,0,4,2,9,9,6,2220.0
22,3.1354942159291497,1,1,2,1,2,145,4.983606621708336,0,1,0,5,5,-9712,9.18122047340233,-1,1,2,3,4,8,12148,9.405002140854743,1,1,1,3,3,8,4,1.6094379124341003,1,1,4,4,4,1,2,3393.0
43,3.784189633918261,0,1,3,1,3,83,4.430816798843313,0,2,3,6,3,-5590,8.628913441026645,-1,1,2,0,3,0,10020,9.212438170058329,1,1,0,0,3,0,10,2.3978952727983707,1,1,0,3,0,1,3,215.0
23,3.1780538303479458,0,2,3,2,3,92,4.532599493153256,1,2,2,1,2,594,6.38856140554563,1,1,0,4,6,4,4176,8.337348564497175,1,1,0,1,4,6,9,2.302585092994046,0,0,4,2,9,1,3,455.0
114,4.74493212836325,1,0,4,2,4,14,2.70805020110221,1,2,4,0,4,-19680,9.887408982323437,-1,1,0,0,4,0,-35400,10.474495347310453,-1,1,0,0,6,0,10,2.3978952727983707,1,1,0,3,0,2,2,3772.0
124,4.8283137373023015,1,1,4,5,4,36,3.6109179126442243,1,0,1,1,6,-7884,8.972717499397138,-1,1,0,1,5,6,5184,8.553525120663627,1,1,0,4,4,4,9,2.302585092994046,0,0,4,2,9,1,5,348.0
93,4.543294782270004,0,0,3,2,3,127,4.852030263919617,0,1,2,1,7,-8232,9.015905747298426,-1,1,0,3,0,8,11168,9.320897362540826,1,1,2,3,3,8,8,2.1972245773362196,1,2,3,1,8,1,2,475.0
10,2.3978952727983707,1,1,0,3,0,91,4.5217885770490405,0,1,1,0,1,378,5.937536205082426,1,1,0,3,0,8,195,5.278114659230517,1,0,0,0,6,5,3,1.3862943611198906,0,0,3,3,3,1,2,260.0
149,5.0106352940962555,0,2,4,2,9,143,4.969813299576001,0,2,3,3,3,-11072,9.312264991698108,-1,1,1,3,2,8,4672,8.449556542700426,1,1,1,2,3,2,8,2.1972245773362196,1,2,3,1,8,1,2,592.0
85,4.454347296253507,0,1,0,1,5,24,3.2188758248682006,1,0,4,3,4,360,5.8888779583328805,1,1,0,0,3,0,-7344,8.901775088607979,-1,1,0,1,6,6,6,1.9459101490553132,1,0,1,6,6,1,5,1482.0
100,4.61512051684126,1,1,0,2,0,147,4.997212273764115,0,0,2,0,7,160,5.081404364984463,1,1,1,0,6,0,12795,9.45688790106941,1,0,0,0,6,5,5,1.791759469228055,0,2,0,5,5,1,3,1900.0
98,4.59511985013459,1,2,3,0,8,100,4.61512051684126,1,1,0,2,0,4872,8.491465042843506,1,1,0,2,0,2,-5220,8.560444233410552,-1,1,0,0,2,0,6,1.9459101490553132,1,0,1,6,6,2,2,2030.0
75,4.330733340286331,0,0,0,5,5,111,4.718498871295094,0,0,1,6,1,5920,8.686260632531775,1,1,1,0,5,0,9252,9.13270310224903,1,1,0,2,5,2,4,1.6094379124341003,1,1,4,4,4,1,2,2581.0
127,4.852030263919617,0,1,2,1,7,57,4.060443010546419,0,0,2,1,7,2637,7.87777633327726,1,0,0,2,5,7,11538,9.353487881194667,1,1,0,3,2,8,3,1.3862943611198906,0,0,3,3,3,1,3,3885.0
30,3.4339872044851463,1,0,0,2,0,86,4.465908118654584,1,2,1,2,6,-4290,8.364275084991524,-1,1,0,0,1,0,6880,8.83651926920248,1,1,1,0,6,0,10,2.3978952727983707,1,1,0,3,0,2,5,215.0
136,4.919980925828125,1,1,1,3,6,19,2.995732273553991,0,1,4,5,9,-2808,7.940583827104244,-1,1,0,2,6,2,6774,8.820994645747902,1,1,0,4,5,4,6,1.9459101490553132,1,0,1,6,6,1,2,1073.0
45,3.828641396489095,0,0,0,3,5,10,2.3978952727983707,1,1,0,3,0,-885,6.786716950605081,-1,0,0,0,4,5,990,6.898714534329988,1,1,0,0,3,0,3,1.3862943611198906,0,0,3,3,3,1,5,340.0
48,3.8918202981106265,1,0,3,6,8,27,3.332204510175204,0,0,2,6,7,1400,7.244941546337007,1,1,2,0,0,0,6915,8.84159284680318,1,0,0,0,6,5,5,1.791759469228055,0,2,0,5,5,1,2,1352.0
67,4.219507705176107,0,1,2,4,7,146,4.990432586778736,1,2,1,6,6,-652,6.481577129276431,-1,1,2,3,6,8,896,6.799055862058796,1,1,2,1,0,6,4,1.6094379124341003,1,1,4,4,4,1,2,375.0
23,3.1780538303479458,0,2,3,2,3,81,4.406719247264253,0,0,1,4,1,-5310,8.577535420422398,-1,1,0,0,3,0,18420,9.821246597152218,1,1,0,0,3,0,10,2.3978952727983707,1,1,0,3,0,1,2,1075.0
105,4.663439094112067,0,0,0,0,5,77,4.356708826689592,0,2,2,0,7,-11380,9.33970057728189,-1,1,2,0,2,0,6050,8.707978826622321,1,1,2,0,2,0,10,2.3978952727983707,1,1,0,3,0,1,2,187.0
84,4.442651256490317,1,0,4,0,4,32,3.4965075614664802,1,2,2,4,2,-12900,9.465060106725137,-1,1,0,0,1,0,12140,9.404343433543975,1,1,2,0,2,0,5,1.791759469228055,0,2,0,5,5,1,2,3132.0
46,3.8501476017100584,1,1,1,4,6,125,4.836281906951478,0,2,0,6,5,-7000,8.853808274977197,-1,1,2,0,0,0,15020,9.617204500998055,1,1,2,0,5,0,10,2.3978952727983707,1,1,0,3,0,1,3,348.0
46,3.8501476017100584,1,1,1,4,6,65,4.189654742026425,0,2,0,2,5,2720,7.908754738783246,1,1,2,0,4,0,18825,9.842994172107165,1,0,0,0,2,5,5,1.791759469228055,0,2,0,5,5,1,3,3526.0
101,4.624972813284271,0,2,1,3,1,112,4.727387818712341,1,1,2,0,2,3295,8.100464891029363,1,0,1,0,5,5,-14175,9.559305672844863,-1,0,0,0,0,5,5,1.791759469228055,0,2,0,5,5,1,2,3589.0
10,2.3978952727983707,1,1,0,3,0,145,4.983606621708336,0,1,0,5,5,-1630,7.396948602621014,-1,1,2,0,1,0,1785,7.487733761436444,1,0,0,0,0,5,5,1.791759469228055,0,2,0,5,5,5,5,460.0
78,4.3694478524670215,1,0,3,1,8,53,3.9889840465642745,0,2,3,4,3,-12192,9.408617295560266,-1,1,0,3,2,8,35392,10.474269339455718,1,1,1,2,0,2,8,2.1972245773362196,1,2,3,1,8,1,2,4100.0
109,4.700480365792417,0,1,4,4,9,90,4.51085950651685,1,0,0,6,0,2016,7.6093665379542115,1,1,0,1,0,6,14130,9.556126244582746,1,1,0,0,4,0,3,1.3862943611198906,0,0,3,3,3,1,4,4551.0
34,3.5553480614894135,1,1,4,6,4,34,3.5553480614894135,1,1,4,6,4,-3660,8.205491613120236,-1,1,0,0,1,0,-7128,8.871926251117628,-1,1,0,2,5,2,6,1.9459101490553132,1,0,1,6,6,2,3,1450.0
34,3.5553480614894135,1,1,4,6,4,108,4.6913478822291435,1,0,3,3,8,-721,6.582025138892826,-1,0,2,4,0,9,1092,6.996681488176539,1,1,0,2,0,2,7,2.0794415416798357,0,1,2,0,7,1,2,615.0
138,4.9344739331306915,1,0,3,5,8,89,4.499809670330265,0,2,4,5,9,-2538,7.839525581704678,-1,1,0,2,3,2,23409,10.060918560484957,1,0,0,4,1,9,9,2.302585092994046,0,0,4,2,9,1,2,2040.0
58,4.07753744390572,1,1,3,2,8,30,3.4339872044851463,1,0,0,2,0,-1834,7.51479976048867,-1,1,2,1,0,6,126,4.844187086458591,1,1,0,1,0,6,7,2.0794415416798357,0,1,2,0,7,1,2,240.0
34,3.5553480614894135,1,1,4,6,4,19,2.995732273553991,0,1,4,5,9,1100,7.00397413672268,1,1,2,0,1,0,-18100,9.803722464346553,-1,1,2,0,2,0,10,2.3978952727983707,1,1,0,3,0,1,2,2050.0
88,4.48863636973214,1,1,3,4,8,96,4.574710978503383,1,0,1,5,6,-11900,9.38437770918244,-1,1,1,0,0,0,17040,9.743377484107393,1,1,0,0,2,0,10,2.3978952727983707,1,1,0,3,0,2,2,806.0
132,4.890349128221754,1,0,2,6,2,58,4.07753744390572,1,1,3,2,8,-3300,8.101980731853192,-1,1,0,0,4,0,-3438,8.142936010432265,-1,1,0,2,6,2,3,1.3862943611198906,0,0,3,3,3,1,4,1496.0
98,4.59511985013459,1,2,3,0,8,142,4.962844630259907,1,1,2,2,2,1138,7.037905963447182,1,1,1,3,4,8,7368,8.905037290767,1,1,0,3,4,8,2,1.0986122886681098,1,2,2,2,2,2,4,3485.0
98,4.59511985013459,1,2,3,0,8,73,4.30406509320417,0,1,3,3,3,454,6.12029741895095,1,1,1,4,6,4,4052,8.307212626628308,1,1,2,2,6,2,2,1.0986122886681098,1,2,2,2,2,1,3,1927.0
129,4.867534450455582,0,0,4,3,9,103,4.6443908991413725,0,1,3,5,3,-17850,9.789814808047552,-1,1,0,0,0,0,22180,10.006991345550789,1,1,1,0,4,0,10,2.3978952727983707,1,1,0,3,0,1,2,1287.0
124,4.8283137373023015,1,1,4,5,4,30,3.4339872044851463,1,0,0,2,0,-8134,9.003931019653137,-1,1,2,1,0,6,-1274,7.150701457592526,-1,1,1,1,0,6,7,2.0794415416798357,0,1,2,0,7,1,2,490.0
11,2.4849066497880004,0,2,1,4,1,143,4.969813299576001,0,2,3,3,3,820,6.710523109452428,1,1,1,0,1,0,2115,7.65728279297819,1,0,0,0,1,5,5,1.791759469228055,0,2,0,5,5,1,3,365.0
105,4.663439094112067,0,0,0,0,5,103,4.6443908991413725,0,1,3,5,3,-7872,8.971194463184467,-1,1,0,3,3,8,8752,9.077151777732437,1,1,1,2,2,2,8,2.1972245773362196,1,2,3,1,8,1,2,306.0
85,4.454347296253507,0,1,0,1,5,127,4.852030263919617,0,1,2,1,7,292,5.680172609017068,1,1,1,2,5,2,7696,8.948585921534317,1,1,1,1,3,6,4,1.6094379124341003,1,1,4,4,4,1,2,1475.0
114,4.74493212836325,1,0,4,2,4,34,3.5553480614894135,1,1,4,6,4,-15000,9.61587214452889,-1,1,0,0,1,0,12040,9.39607277189222,1,1,1,0,0,0,10,2.3978952727983707,1,1,0,3,0,2,2,936.0
46,3.8501476017100584,1,1,1,4,6,101,4.624972813284271,0,2,1,3,1,256,5.54907608489522,1,1,1,1,4,6,-652,6.481577129276431,-1,1,2,3,6,8,2,1.0986122886681098,1,2,2,2,2,1,3,572.0
74,4.31748811353631,1,2,4,4,4,59,4.0943445622221,0,2,4,3,9,-15000,9.61587214452889,-1,1,0,0,1,0,-2080,7.640603826393634,-1,1,2,0,6,0,10,2.3978952727983707,1,1,0,3,0,1,2,1102.0
79,4.382026634673881,0,1,4,2,9,48,3.8918202981106265,1,0,3,6,8,1700,7.438971592395862,1,1,2,0,6,0,-11400,9.34145634983372,-1,1,0,0,3,0,5,1.791759469228055,0,2,0,5,5,1,2,2625.0
68,4.23410650459726,1,2,3,5,8,80,4.394449154672439,1,2,0,3,0,13048,9.476466781462246,1,1,1,3,0,8,-13279,9.494014423030425,-1,0,2,1,0,1,7,2.0794415416798357,0,1,2,0,7,1,2,3393.0
106,4.672828834461906,1,1,1,1,6,146,4.990432586778736,1,2,1,6,6,1584,7.368339686311381,1,1,0,4,2,4,-1108,7.011213987350367,-1,1,2,2,5,2,4,1.6094379124341003,1,1,4,4,4,2,2,1189.0
41,3.7376696182833684,0,2,1,6,1,32,3.4965075614664802,1,2,2,4,2,3136,8.051022208190679,1,1,1,1,0,6,-8752,9.077151777732437,-1,1,2,3,5,8,8,2.1972245773362196,1,2,3,1,8,1,4,1530.0
113,4.736198448394496,0,2,3,1,3,66,4.204692619390966,1,0,1,3,6,-24300,10.098272780745283,-1,1,0,0,4,0,20250,9.915959454031448,1,1,0,0,6,0,10,2.3978952727983707,1,1,0,3,0,1,2,1885.0
116,4.762173934797756,1,2,1,4,6,149,5.0106352940962555,0,2,4,2,9,1120,7.02197642307216,1,1,1,0,0,0,-22200,10.007892611890918,-1,1,0,0,4,0,10,2.3978952727983707,1,1,0,3,0,1,2,3922.0
136,4.919980925828125,1,1,1,3,6,108,4.6913478822291435,1,0,3,3,8,-1760,7.473637108496206,-1,1,1,0,4,0,-1848,7.522400231387125,-1,1,0,2,0,2,2,1.0986122886681098,1,2,2,2,2,2,4,1292.0
41,3.7376696182833684,0,2,1,6,1,19,2.995732273553991,0,1,4,5,9,1311,7.179307969504034,1,0,0,1,2,1,-5589,8.628734566149145,-1,0,0,1,4,1,3,1.3862943611198906,0,0,3,3,3,1,3,2000.0
10,2.3978952727983707,1,1,0,3,0,90,4.51085950651685,1,0,0,6,0,875,6.775366090936392,1,0,2,0,0,5,-450,6.111467339502679,-1,1,0,0,5,0,5,1.791759469228055,0,2,0,5,5,5,7,585.0
129,4.867534450455582,0,0,4,3,9,20,3.044522437723423,1,2,0,6,0,207,5.337538079701318,1,0,0,2,4,7,2745,7.917900586327916,1,0,0,0,1,5,3,1.3862943611198906,0,0,3,3,3,1,3,969.0
40,3.713572066704308,1,1,0,5,0,132,4.890349128221754,1,0,2,6,2,-14880,9.60784051043005,-1,1,0,0,2,0,-4488,8.409385238781931,-1,1,0,2,6,2,8,2.1972245773362196,1,2,3,1,8,4,5,2233.0
49,3.912023005428146,0,1,4,0,9,72,4.290459441148391,1,0,2,2,2,-4572,8.427924723658055,-1,1,0,3,6,8,15072,9.62066034281053,1,1,0,2,1,2,6,1.9459101490553132,1,0,1,6,6,1,3,2132.0
12,2.5649493574615367,1,0,2,5,2,91,4.5217885770490405,0,1,1,0,1,-930,6.836259277277067,-1,1,0,0,1,0,-3556,8.176672771948455,-1,1,2,4,0,4,2,1.0986122886681098,1,2,2,2,2,1,3,2009.0
35,3.58351893845611,0,2,0,0,5,105,4.663439094112067,0,0,0,0,5,-3136,8.051022208190679,-1,1,2,4,0,4,10017,9.212138753917563,1,0,0,2,0,7,7,2.0794415416798357,0,1,2,0,7,7,5,725.0
140,4.948759890378168,1,2,0,0,0,45,3.828641396489095,0,0,0,3,5,165,5.111987788356544,1,0,0,0,4,5,-3015,8.011686729127847,-1,0,0,0,2,5,3,1.3862943611198906,0,0,3,3,3,1,4,1235.0
67,4.219507705176107,0,1,2,4,7,14,2.70805020110221,1,2,4,0,4,512,6.240275845170769,1,1,2,2,1,2,-4396,8.388677769180811,-1,1,2,4,0,4,4,1.6094379124341003,1,1,4,4,4,1,3,1221.0
126,4.844187086458591,1,0,1,0,6,120,4.795790545596741,1,0,0,1,0,-9950,9.205428327615163,-1,1,1,0,4,0,5640,8.637816633739977,1,1,0,0,5,0,10,2.3978952727983707,1,1,0,3,0,2,4,689.0
13,2.6390573296152584,0,1,3,6,3,39,3.6888794541139363,0,0,4,4,9,2187,7.690743163541872,1,0,0,2,3,7,9234,9.13075589263334,1,1,0,4,1,4,9,2.302585092994046,0,0,4,2,9,1,3,765.0
109,4.700480365792417,0,1,4,4,9,150,5.017279836814924,1,0,0,3,0,-3726,8.223358899479258,-1,1,0,4,5,4,34830,10.458263073829322,1,1,0,0,5,0,9,2.302585092994046,0,0,4,2,9,1,2,2583.0
11,2.4849066497880004,0,2,1,4,1,17,2.8903717578961645,0,2,2,3,7,10881,9.294865327045871,1,0,0,1,3,1,-32958,10.403019643757322,-1,1,0,2,5,2,9,2.302585092994046,0,0,4,2,9,1,2,4033.0
78,4.3694478524670215,1,0,3,1,8,46,3.8501476017100584,1,1,1,4,6,5112,8.53954159508,1,1,0,2,2,2,-6660,8.804024902413179,-1,1,0,0,4,0,6,1.9459101490553132,1,0,1,6,6,2,3,1914.0
73,4.30406509320417,0,1,3,3,3,17,2.8903717578961645,0,2,2,3,7,-14370,9.572967566074247,-1,1,0,0,1,0,-22540,10.02309115218196,-1,1,2,0,0,0,10,2.3978952727983707,1,1,0,3,0,1,2,2525.0
123,4.820281565605037,0,0,3,4,3,124,4.8283137373023015,1,1,4,5,4,-3495,8.159374736775426,-1,0,0,0,5,5,3660,8.205491613120236,1,1,0,0,6,0,5,1.791759469228055,0,2,0,5,5,1,2,140.0
35,3.58351893845611,0,2,0,0,5,107,4.68213122712422,0,2,2,2,7,-13820,9.533944453604027,-1,1,1,0,5,0,-19400,9.873079890114703,-1,1,1,0,4,0,10,2.3978952727983707,1,1,0,3,0,1,2,3182.0
141,4.955827057601261,0,0,1,1,1,95,4.564348191467836,0,2,0,4,5,-9588,9.16837188715368,-1,1,0,2,2,2,11880,9.382695764458287,1,1,0,0,1,0,6,1.9459101490553132,1,0,1,6,6,1,3,1598.0
69,4.248495242049359,0,0,4,6,9,71,4.276666119016055,0,2,1,1,1,-12552,9.437714959818209,-1,1,0,3,6,8,-31616,10.361450229602047,-1,1,1,4,3,4,8,2.1972245773362196,1,2,3,1,8,1,2,4633.0
110,4.709530201312334,1,2,0,5,0,27,3.332204510175204,0,0,2,6,7,-6818,8.827468112520654,-1,1,1,2,0,2,3227,8.07961802938984,1,0,2,2,0,7,7,2.0794415416798357,0,1,2,0,7,1,2,340.0
19,2.995732273553991,0,1,4,5,9,76,4.343805421853684,1,1,1,6,6,1172,7.067319848653476,1,1,2,2,3,2,7776,8.958925938694943,1,1,0,1,6,6,4,1.6094379124341003,1,1,4,4,4,1,4,1681.0
86,4.465908118654584,1,2,1,2,6,14,2.70805020110221,1,2,4,0,4,522,6.259581464064923,1,1,0,2,4,2,15174,9.627404615927698,1,1,0,4,5,4,9,2.302585092994046,0,0,4,2,9,1,2,1768.0
66,4.204692619390966,1,0,1,3,6,83,4.430816798843313,0,2,3,6,3,-2016,7.6093665379542115,-1,1,0,4,0,4,320,5.771441123130016,1,1,2,0,5,0,4,1.6094379124341003,1,1,4,4,4,1,2,348.0
116,4.762173934797756,1,2,1,4,6,17,2.8903717578961645,0,2,2,3,7,336,5.820082930352362,1,1,0,1,0,6,1602,7.3796321526095525,1,1,0,2,6,2,3,1.3862943611198906,0,0,3,3,3,1,2,667.0
122,4.812184355372417,1,2,2,3,2,124,4.8283137373023015,1,1,4,5,4,730,6.594413459749778,1,1,1,0,2,0,16060,9.684149252062896,1,1,1,0,2,0,5,1.791759469228055,0,2,0,5,5,1,3,2700.0
98,4.59511985013459,1,2,3,0,8,61,4.127134385045092,0,1,1,5,1,-168,5.1298987149230735,-1,1,0,2,0,2,-4104,8.31996102188653,-1,1,0,1,5,6,6,1.9459101490553132,1,0,1,6,6,1,2,1190.0
117,4.770684624465665,0,0,2,5,7,86,4.465908118654584,1,2,1,2,6,-2821,7.945201132412759,-1,0,2,4,0,9,-1246,7.1284959456800365,-1,1,2,4,0,4,7,2.0794415416798357,0,1,2,0,7,1,2,884.0
109,4.700480365792417,0,1,4,4,9,139,4.941642422609304,0,1,4,6,9,-14844,9.60541838719786,-1,1,0,1,3,6,16470,9.709356537782675,1,1,0,0,6,0,6,1.9459101490553132,1,0,1,6,6,1,2,2639.0
69,4.248495242049359,0,0,4,6,9,128,4.859812404361672,1,2,3,2,8,1017,6.925595197110468,1,0,0,2,2,7,-4464,8.4040244933106,-1,1,0,1,2,6,3,1.3862943611198906,0,0,3,3,3,1,3,1950.0
24,3.2188758248682006,1,0,4,3,4,120,4.795790545596741,1,0,0,1,0,-8160,9.007121989469242,-1,1,0,0,2,0,37600,10.534785924769006,1,1,1,0,3,0,10,2.3978952727983707,1,1,0,3,0,2,6,2624.0
78,4.3694478524670215,1,0,3,1,8,40,3.713572066704308,1,1,0,5,0,572,6.35088571671474,1,1,2,2,5,2,6880,8.83651926920248,1,1,1,0,6,0,4,1.6094379124341003,1,1,4,4,4,2,4,1625.0
10,2.3978952727983707,1,1,0,3,0,69,4.248495242049359,0,0,4,6,9,2352,7.763446388727362,1,1,0,2,0,2,13125,9.482350275033667,1,0,0,0,0,5,7,2.0794415416798357,0,1,2,0,7,1,2,1450.0
19,2.995732273553991,0,1,4,5,9,149,5.0106352940962555,0,2,4,2,9,242,5.493061443340548,1,1,2,2,4,2,172,5.153291594497779,1,1,1,2,4,2,2,1.0986122886681098,1,2,2,2,2,1,2,265.0
35,3.58351893845611,0,2,0,0,5,101,4.624972813284271,0,2,1,3,1,1625,7.3938782901077555,1,0,2,0,1,5,8525,9.050875597325156,1,0,2,0,6,5,5,1.791759469228055,0,2,0,5,5,1,3,1300.0
103,4.6443908991413725,0,1,3,5,3,128,4.859812404361672,1,2,3,2,8,624,6.437751649736401,1,1,0,4,1,4,-3040,8.019941687677365,-1,1,2,0,5,0,2,1.0986122886681098,1,2,2,2,2,1,3,1850.0
67,4.219507705176107,0,1,2,4,7,39,3.6888794541139363,0,0,4,4,9,-1918,7.5595594960077,-1,1,2,2,0,2,5187,8.554103545436334,1,0,0,2,0,7,7,2.0794415416798357,0,1,2,0,7,1,3,507.0
29,3.4011973816621555,0,2,4,1,9,122,4.812184355372417,1,2,2,3,2,-4880,8.493105395887147,-1,1,1,0,6,0,-5632,8.636397438894713,-1,1,2,3,3,8,8,2.1972245773362196,1,2,3,1,8,1,3,1722.0
86,4.465908118654584,1,2,1,2,6,17,2.8903717578961645,0,2,2,3,7,-10152,9.225524507301223,-1,1,0,3,5,8,21192,9.961426217456575,1,1,0,2,3,2,6,1.9459101490553132,1,0,1,6,6,1,2,3626.0
44,3.8066624897703196,1,2,4,2,4,75,4.330733340286331,0,0,0,5,5,5680,8.644882552557126,1,1,1,0,3,0,-37300,10.526775414924009,-1,1,2,0,3,0,10,2.3978952727983707,1,1,0,3,0,1,2,4592.0
130,4.875197323201151,1,1,0,4,0,58,4.07753744390572,1,1,3,2,8,-10535,9.262553243423117,-1,0,1,0,0,5,12838,9.460242692591084,1,1,1,3,0,8,7,2.0794415416798357,0,1,2,0,7,1,2,1547.0
40,3.713572066704308,1,1,0,5,0,104,4.653960350157523,1,2,4,6,4,704,6.558197802812269,1,1,2,4,4,4,-1204,7.094234845924755,-1,1,2,1,0,6,2,1.0986122886681098,1,2,2,2,2,2,4,918.0
103,4.6443908991413725,0,1,3,5,3,129,4.867534450455582,0,0,4,3,9,-21940,9.99611231164195,-1,1,2,0,5,0,-21050,9.954703343920398,-1,1,1,0,6,0,10,2.3978952727983707,1,1,0,3,0,1,2,3589.0
14,2.70805020110221,1,2,4,0,4,111,4.718498871295094,0,0,1,6,1,-3960,8.284251797621916,-1,1,0,0,2,0,14076,9.552297538827965,1,1,0,1,6,6,6,1.9459101490553132,1,0,1,6,6,1,2,1776.0
144,4.976733742420574,1,0,4,4,4,53,3.9889840465642745,0,2,3,4,3,1728,7.455298485683291,1,1,0,3,6,8,-12963,9.469931564261438,-1,0,0,2,1,7,3,1.3862943611198906,0,0,3,3,3,1,4,4592.0
63,4.1588830833596715,0,0,3,0,3,125,4.836281906951478,0,2,0,6,5,543,6.298949246855942,1,0,0,3,4,3,3789,8.240121298076472,1,0,0,4,2,9,3,1.3862943611198906,0,0,3,3,3,1,3,962.0
106,4.672828834461906,1,1,1,1,6,86,4.465908118654584,1,2,1,2,6,-5940,8.689632748355741,-1,1,0,0,3,0,13430,9.505320746909074,1,1,2,0,4,0,5,1.791759469228055,0,2,0,5,5,1,2,2350.0
124,4.8283137373023015,1,1,4,5,4,37,3.6375861597263857,0,1,2,2,7,-300,5.707110264748875,-1,1,0,0,1,0,6175,8.728426091704613,1,0,1,0,1,5,5,1.791759469228055,0,2,0,5,5,1,2,1190.0
134,4.90527477843843,1,2,4,1,4,54,4.007333185232471,1,0,4,5,4,-10736,9.281450999434135,-1,1,1,4,2,4,576,6.3578422665081,1,1,0,1,2,6,8,2.1972245773362196,1,2,3,1,8,2,2,450.0
32,3.4965075614664802,1,2,2,4,2,147,4.997212273764115,0,0,2,0,7,-8380,9.033722518098907,-1,1,2,0,6,0,32460,10.38779464774131,1,1,0,0,1,0,10,2.3978952727983707,1,1,0,3,0,1,2,1850.0
116,4.762173934797756,1,2,1,4,6,92,4.532599493153256,1,2,2,1,2,-4932,8.503702601233739,-1,1,0,3,3,8,6672,8.805824812903607,1,1,0,2,1,2,6,1.9459101490553132,1,0,1,6,6,2,2,574.0
133,4.897839799950911,0,1,3,0,3,74,4.31748811353631,1,2,4,4,4,8883,9.092007185014317,1,0,0,3,0,3,-12544,9.437077458800523,-1,1,2,1,0,6,7,2.0794415416798357,0,1,2,0,7,1,3,3190.0
52,3.970291913552122,1,1,2,3,2,15,2.772588722239781,0,0,0,1,5,-5131,8.543250725735527,-1,0,2,4,0,9,-10745,9.282288871288767,-1,0,1,0,0,5,7,2.0794415416798357,0,1,2,0,7,1,2,1681.0
10,2.3978952727983707,1,1,0,3,0,61,4.127134385045092,0,1,1,5,1,3692,8.214194414852564,1,1,2,2,3,2,-16144,9.689365683192376,-1,1,2,1,5,6,4,1.6094379124341003,1,1,4,4,4,1,2,4387.0
93,4.543294782270004,0,0,3,2,3,128,4.859812404361672,1,2,3,2,8,-5094,8.536014945656826,-1,1,0,1,2,6,2280,7.732369222284388,1,1,0,0,5,0,6,1.9459101490553132,1,0,1,6,6,1,2,485.0
34,3.5553480614894135,1,1,4,6,4,115,4.7535901911063645,0,1,0,3,5,-174,5.1647859739235145,-1,1,0,1,1,6,1620,7.390798521735676,1,1,0,0,3,0,6,1.9459101490553132,1,0,1,6,6,1,2,455.0
52,3.970291913552122,1,1,2,3,2,19,2.995732273553991,0,1,4,5,9,666,6.502790045915623,1,1,0,1,1,6,-3717,8.220941168281389,-1,0,0,3,0,3,3,1.3862943611198906,0,0,3,3,3,1,2,1350.0
26,3.295836866004329,1,2,1,5,6,76,4.343805421853684,1,1,1,6,6,-3008,8.009363076630045,-1,1,1,2,2,2,256,5.54907608489522,1,1,1,1,4,6,8,2.1972245773362196,1,2,3,1,8,2,2,600.0
100,4.61512051684126,1,1,0,2,0,131,4.882801922586371,0,2,1,5,1,605,6.406879986069314,1,0,2,0,3,5,17075,9.745429247877853,1,0,2,0,2,5,5,1.791759469228055,0,2,0,5,5,1,3,2829.0
87,4.477336814478207,0,0,2,3,7,33,3.5263605246161616,0,0,3,5,3,-5040,8.525359754082631,-1,1,0,0,0,0,3732,8.224967478914584,1,1,0,2,1,2,6,1.9459101490553132,1,0,1,6,6,3,2,530.0
37,3.6375861597263857,0,1,2,2,7,103,4.6443908991413725,0,1,3,5,3,3710,8.219056661060598,1,1,2,0,0,0,-18025,9.799570439116355,-1,0,2,0,0,5,5,1.791759469228055,0,2,0,5,5,1,3,4223.0
42,3.7612001156935624,1,0,2,0,2,148,5.003946305945459,1,1,3,1,8,-20322,9.919508528590306,-1,1,0,3,6,8,29754,10.300752464078952,1,1,0,4,4,4,9,2.302585092994046,0,0,4,2,9,1,2,2726.0
66,4.204692619390966,1,0,1,3,6,11,2.4849066497880004,0,2,1,4,1,-10575,9.266342562091468,-1,0,0,0,2,5,18819,9.842675413139371,1,0,0,4,3,9,9,2.302585092994046,0,0,4,2,9,1,3,2075.0
20,3.044522437723423,1,2,0,6,0,89,4.499809670330265,0,2,4,5,9,-1020,6.928537818164665,-1,1,0,0,2,0,3104,8.040768994367578,1,1,2,4,3,4,4,1.6094379124341003,1,1,4,4,4,1,4,455.0
144,4.976733742420574,1,0,4,4,4,53,3.9889840465642745,0,2,3,4,3,216,5.37989735354046,1,1,0,1,6,6,-2358,7.765993079407675,-1,1,0,2,1,2,3,1.3862943611198906,0,0,3,3,3,1,3,1071.0
124,4.8283137373023015,1,1,4,5,4,97,4.584967478670572,0,1,2,6,7,296,5.6937321388027,1,1,2,1,2,6,3908,8.271036865792954,1,1,2,3,2,8,2,1.0986122886681098,1,2,2,2,2,1,3,1804.0
56,4.04305126783455,1,2,1,0,6,56,4.04305126783455,1,2,1,0,6,-602,6.401917196727186,-1,1,1,3,0,8,-6776,8.821289805136113,-1,1,1,4,0,4,7,2.0794415416798357,0,1,2,0,7,7,7,1394.0
32,3.4965075614664802,1,2,2,4,2,73,4.30406509320417,0,1,3,3,3,-441,6.091309882077698,-1,0,0,4,0,9,453,6.118097198041348,1,0,0,3,5,3,3,1.3862943611198906,0,0,3,3,3,1,2,85.0
71,4.276666119016055,0,2,1,1,1,52,3.970291913552122,1,1,2,3,2,-12700,9.44943600950432,-1,1,2,0,5,0,-14000,9.546884034617925,-1,1,1,0,0,0,10,2.3978952727983707,1,1,0,3,0,1,2,2000.0
12,2.5649493574615367,1,0,2,5,2,23,3.1780538303479458,0,2,3,2,3,-4048,8.30622521603216,-1,1,2,2,5,2,-4108,8.32093496888341,-1,1,2,2,1,2,2,1.0986122886681098,1,2,2,2,2,1,4,2900.0
80,4.394449154672439,1,2,0,3,0,111,4.718498871295094,0,0,1,6,1,-6780,8.821879862683842,-1,1,0,0,3,0,-5364,8.587651655064798,-1,1,0,1,5,6,3,1.3862943611198906,0,0,3,3,3,1,3,2929.0
63,4.1588830833596715,0,0,3,0,3,120,4.795790545596741,1,0,0,1,0,-7950,8.981052985901483,-1,1,0,0,2,0,9800,9.19023970026918,1,1,2,0,0,0,10,2.3978952727983707,1,1,0,3,0,1,3,275.0
101,4.624972813284271,0,2,1,3,1,12,2.5649493574615367,1,0,2,5,2,3276,8.094683648698815,1,1,0,1,0,6,-19728,9.889844913494969,-1,1,0,2,5,2,6,1.9459101490553132,1,0,1,6,6,1,5,3552.0
47,3.871201010907891,0,2,2,5,7,133,4.897839799950911,0,1,3,0,3,1795,7.493317248862145,1,0,1,0,3,5,16525,9.71269017726113,1,0,1,0,5,5,5,1.791759469228055,0,2,0,5,5,1,2,2706.0
118,4.77912349311153,1,1,3,6,8,25,3.258096538021482,0,1,0,4,5,-5436,8.600982717145921,-1,1,0,4,3,4,-684,6.529418838262226,-1,1,0,1,2,6,6,1.9459101490553132,1,0,1,6,6,1,2,330.0
29,3.4011973816621555,0,2,4,1,9,46,3.8501476017100584,1,1,1,4,6,546,6.304448802421981,1,1,0,1,0,6,-2160,7.6783263565068856,-1,1,0,0,3,0,6,1.9459101490553132,1,0,1,6,6,1,2,689.0
65,4.189654742026425,0,2,0,2,5,113,4.736198448394496,0,2,3,1,3,-4200,8.343077871169383,-1,1,0,0,0,0,16820,9.730383384791782,1,1,2,0,6,0,10,2.3978952727983707,1,1,0,3,0,1,2,598.0
26,3.295836866004329,1,2,1,5,6,113,4.736198448394496,0,2,3,1,3,-6360,8.757940876678804,-1,1,0,0,3,0,18350,9.817439347910675,1,1,2,0,3,0,10,2.3978952727983707,1,1,0,3,0,1,2,799.0
96,4.574710978503383,1,0,1,5,6,67,4.219507705176107,0,1,2,4,7,384,5.953243334287785,1,1,0,4,6,4,-4788,8.47407690034261,-1,1,0,2,0,2,6,1.9459101490553132,1,0,1,6,6,1,4,1360.0
91,4.5217885770490405,0,1,1,0,1,19,2.995732273553991,0,1,4,5,9,-3304,8.103191752285786,-1,1,2,1,0,6,-7424,8.9126079636709,-1,1,1,1,3,6,8,2.1972245773362196,1,2,3,1,8,1,2,1125.0
132,4.890349128221754,1,0,2,6,2,99,4.605170185988092,0,0,4,1,9,-3178,8.064321960910803,-1,1,2,2,0,2,-3045,8.021584533455107,-1,0,0,0,0,5,7,2.0794415416798357,0,1,2,0,7,1,2,1222.0
108,4.6913478822291435,1,0,3,3,8,43,3.784189633918261,0,1,3,1,3,-2540,7.840312983320164,-1,1,1,0,1,0,-24020,10.086683726740743,-1,1,1,0,4,0,10,2.3978952727983707,1,1,0,3,0,1,2,2950.0
16,2.833213344056216,1,1,1,2,6,63,4.1588830833596715,0,0,3,0,3,5016,8.520587424484253,1,1,0,1,4,6,5985,8.697178688412643,1,0,0,0,0,5,3,1.3862943611198906,0,0,3,3,3,1,4,2494.0
112,4.727387818712341,1,1,2,0,2,69,4.248495242049359,0,0,4,6,9,6588,8.793156870913819,1,1,0,3,1,8,22032,10.000296608464188,1,1,0,2,3,2,9,2.302585092994046,0,0,4,2,9,1,2,2523.0
19,2.995732273553991,0,1,4,5,9,61,4.127134385045092,0,1,1,5,1,1169,7.064759027791802,1,0,2,4,0,9,189,5.247024072160486,1,0,0,4,0,9,7,2.0794415416798357,0,1,2,0,7,1,2,500.0
114,4.74493212836325,1,0,4,2,4,99,4.605170185988092,0,0,4,1,9,-7236,8.886962034866128,-1,1,0,4,2,4,5355,8.585972706811063,1,0,0,0,0,5,9,2.302585092994046,0,0,4,2,9,3,3,370.0
38,3.6635616461296463,1,2,3,3,8,93,4.543294782270004,0,0,3,2,3,-1322,7.187657164114956,-1,1,1,3,1,8,5572,8.625688787569537,1,1,1,2,0,2,2,1.0986122886681098,1,2,2,2,2,1,3,2665.0
22,3.1354942159291497,1,1,2,1,2,49,3.912023005428146,0,1,4,0,9,2250,7.719129840906732,1,1,0,0,3,0,-3591,8.18646442942209,-1,0,0,4,0,9,9,2.302585092994046,0,0,4,2,9,1,2,952.0
149,5.0106352940962555,0,2,4,2,9,80,4.394449154672439,1,2,0,3,0,174,5.1647859739235145,1,1,0,4,6,4,4356,8.379539026117442,1,1,0,1,2,6,3,1.3862943611198906,0,0,3,3,3,1,2,1313.0
143,4.969813299576001,0,2,3,3,3,130,4.875197323201151,1,1,0,4,0,-22407,10.017173316939944,-1,0,0,3,0,3,-9800,9.19023970026918,-1,1,1,0,0,0,7,2.0794415416798357,0,1,2,0,7,1,2,3190.0
146,4.990432586778736,1,2,1,6,6,98,4.59511985013459,1,2,3,0,8,-720,6.580639137284949,-1,1,0,0,1,0,90,4.51085950651685,1,1,0,0,6,0,3,1.3862943611198906,0,0,3,3,3,1,3,330.0
131,4.882801922586371,0,2,1,5,1,88,4.48863636973214,1,1,3,4,8,100,4.61512051684126,1,1,1,0,2,0,47300,10.764286715905591,1,1,2,0,1,0,10,2.3978952727983707,1,1,0,3,0,1,3,4070.0
78,4.3694478524670215,1,0,3,1,8,26,3.295836866004329,1,2,1,5,6,-9534,9.16272451803452,-1,1,0,1,0,6,17934,9.794509389966382,1,1,0,4,0,4,7,2.0794415416798357,0,1,2,0,7,1,3,2516.0
73,4.30406509320417,0,1,3,3,3,97,4.584967478670572,0,1,2,6,7,9163,9.123038043573386,1,0,1,3,0,3,-8624,9.062420241899561,-1,1,1,1,0,6,7,2.0794415416798357,0,1,2,0,7,1,2,2639.0
34,3.5553480614894135,1,1,4,6,4,134,4.90527477843843,1,2,4,1,4,4000,8.294299608857235,1,1,1,0,3,0,21170,9.96038759966894,1,1,2,0,2,0,10,2.3978952727983707,1,1,0,3,0,2,2,1073.0
88,4.48863636973214,1,1,3,4,8,92,4.532599493153256,1,2,2,1,2,2448,7.803435056952168,1,1,0,3,5,8,-2574,7.853604813097837,-1,1,0,1,2,6,3,1.3862943611198906,0,0,3,3,3,1,2,1566.0
138,4.9344739331306915,1,0,3,5,8,12,2.5649493574615367,1,0,2,5,2,-14336,9.570598887246268,-1,1,1,4,0,4,-9552,9.164610520270008,-1,1,0,3,3,8,8,2.1972245773362196,1,2,3,1,8,2,3,1462.0
24,3.2188758248682006,1,0,4,3,4,133,4.897839799950911,0,1,3,0,3,-231,5.44673737166631,-1,0,0,4,0,9,8785,9.080914824535725,1,0,1,0,0,5,7,2.0794415416798357,0,1,2,0,7,1,3,351.0
77,4.356708826689592,0,2,2,0,7,115,4.7535901911063645,0,1,0,3,5,-5068,8.53089883847235,-1,1,2,2,0,2,5458,8.605020901781758,1,1,1,3,5,8,2,1.0986122886681098,1,2,2,2,2,1,2,3451.0
118,4.77912349311153,1,1,3,6,8,14,2.70805020110221,1,2,4,0,4,-9232,9.130539301772627,-1,1,2,3,1,8,-3136,8.051022208190679,-1,1,2,4,0,4,8,2.1972245773362196,1,2,3,1,8,2,3,546.0
132,4.890349128221754,1,0,2,6,2,101,4.624972813284271,0,2,1,3,1,-14440,9.577826662126565,-1,1,2,0,1,0,-14080,9.552581649917311,-1,1,2,0,4,0,8,2.1972245773362196,1,2,3,1,8,1,2,2675.0
36,3.6109179126442243,1,0,1,1,6,82,4.418840607796598,1,1,2,5,2,630,6.447305862541213,1,1,0,0,0,0,7210,8.88336291691676,1,1,1,0,0,0,7,2.0794415416798357,0,1,2,0,7,1,2,570.0
119,4.787491742782046,0,2,4,0,9,15,2.772588722239781,0,0,0,1,5,-9260,9.13356731317027,-1,1,1,0,1,0,9200,9.127067452782361,1,1,2,0,2,0,10,2.3978952727983707,1,1,0,3,0,1,2,814.0
82,4.418840607796598,1,1,2,5,2,65,4.189654742026425,0,2,0,2,5,-5680,8.644882552557126,-1,1,2,0,4,0,-2140,7.669028288589683,-1,1,2,0,2,0,10,2.3978952727983707,1,1,0,3,0,1,2,900.0
42,3.7612001156935624,1,0,2,0,2,147,4.997212273764115,0,0,2,0,7,-16600,9.717218213494077,-1,1,2,0,4,0,1680,7.427144133408616,1,1,0,0,0,0,10,2.3978952727983707,1,1,0,3,0,1,3,1798.0
43,3.784189633918261,0,1,3,1,3,127,4.852030263919617,0,1,2,1,7,1044,6.951772164398911,1,1,0,4,1,4,9432,9.151969458649853,1,1,0,2,3,2,6,1.9459101490553132,1,0,1,6,6,1,2,918.0
132,4.890349128221754,1,0,2,6,2,38,3.6635616461296463,1,2,3,3,8,-13056,9.477079667408038,-1,1,0,4,6,4,15872,9.672374831572242,1,1,2,2,3,2,8,2.1972245773362196,1,2,3,1,8,2,2,1776.0
118,4.77912349311153,1,1,3,6,8,49,3.912023005428146,0,1,4,0,9,-333,5.811140992976701,-1,0,0,2,3,7,-531,6.2766434893416445,-1,0,0,4,1,9,3,1.3862943611198906,0,0,3,3,3,1,2,405.0
73,4.30406509320417,0,1,3,3,3,94,4.553876891600541,1,1,4,3,4,-7885,8.972844314437573,-1,0,2,0,4,5,-15325,9.637306011530349,-1,0,2,0,5,5,5,1.791759469228055,0,2,0,5,5,1,2,3737.0
96,4.574710978503383,1,0,1,5,6,56,4.04305126783455,1,2,1,0,6,-15990,9.679781342959442,-1,1,0,0,5,0,34000,10.434145214930487,1,1,1,0,1,0,10,2.3978952727983707,1,1,0,3,0,2,2,2911.0
50,3.9318256327243257,1,2,0,1,0,116,4.762173934797756,1,2,1,4,6,-5490,8.610865667278873,-1,1,0,0,5,0,-5050,8.527341522468053,-1,1,2,0,4,0,5,1.791759469228055,0,2,0,5,5,1,4,1802.0
42,3.7612001156935624,1,0,2,0,2,55,4.02535169073515,0,1,0,6,5,-7854,8.96890555068972,-1,1,0,1,0,6,-23065,10.046114950785885,-1,0,2,0,0,5,7,2.0794415416798357,0,1,2,0,7,1,4,3772.0
150,5.017279836814924,1,0,0,3,0,126,4.844187086458591,1,0,1,0,6,-2106,7.653020413804189,-1,1,0,4,1,4,-1458,7.285506548522785,-1,1,0,2,5,2,3,1.3862943611198906,0,0,3,3,3,3,4,900.0
69,4.248495242049359,0,0,4,6,9,24,3.2188758248682006,1,0,4,3,4,-846,6.741700694652055,-1,1,0,4,1,4,-664,6.499787040655854,-1,1,2,1,1,6,2,1.0986122886681098,1,2,2,2,2,1,3,475.0
46,3.8501476017100584,1,1,1,4,6,122,4.812184355372417,1,2,2,3,2,-1696,7.436617265234227,-1,1,2,4,5,4,6144,8.723394022000136,1,1,0,4,5,4,8,2.1972245773362196,1,2,3,1,8,2,2,260.0
21,3.091042453358316,0,0,1,0,1,27,3.332204510175204,0,0,2,6,7,531,6.2766434893416445,1,0,0,1,6,1,2343,7.759614150696903,1,0,0,3,5,3,3,1.3862943611198906,0,0,3,3,3,3,4,740.0
62,4.143134726391533,1,2,2,6,2,130,4.875197323201151,1,1,0,4,0,-990,6.898714534329988,-1,1,0,0,4,0,2200,7.696667081526462,1,1,1,0,2,0,5,1.791759469228055,0,2,0,5,5,1,3,238.0
102,4.634728988229636,1,0,2,4,2,35,3.58351893845611,0,2,0,0,5,-8368,9.032289682032873,-1,1,2,2,4,2,6656,8.803424211600703,1,1,2,1,6,6,8,2.1972245773362196,1,2,3,1,8,1,2,598.0
31,3.4657359027997265,0,1,1,3,1,39,3.6888794541139363,0,0,4,4,9,6629,8.799360083179907,1,0,2,4,0,9,-21854,9.992185007297415,-1,1,1,1,0,6,7,2.0794415416798357,0,1,2,0,7,1,2,3589.0
45,3.828641396489095,0,0,0,3,5,127,4.852030263919617,0,1,2,1,7,-460,6.133398042996649,-1,1,2,0,2,0,-452,6.115892125483034,-1,1,1,3,3,8,2,1.0986122886681098,1,2,2,2,2,1,2,500.0
52,3.970291913552122,1,1,2,3,2,121,4.804021044733257,0,1,1,2,1,-712,6.569481420414296,-1,1,2,3,2,8,-986,6.894670039433482,-1,1,1,4,1,4,2,1.0986122886681098,1,2,2,2,2,1,3,777.0
61,4.127134385045092,0,1,1,5,1,128,4.859812404361672,1,2,3,2,8,-7285,8.89370997756851,-1,0,2,0,2,5,-13600,9.517898598432753,-1,1,2,0,1,0,5,1.791759469228055,0,2,0,5,5,1,2,3552.0
12,2.5649493574615367,1,0,2,5,2,29,3.4011973816621555,0,2,4,1,9,-1336,7.198183577101943,-1,1,2,4,1,4,4532,8.41913925094085,1,1,2,2,3,2,2,1.0986122886681098,1,2,2,2,2,1,3,2300.0
13,2.6390573296152584,0,1,3,6,3,86,4.465908118654584,1,2,1,2,6,792,6.675823221634848,1,1,0,2,1,2,1986,7.594381242551817,1,1,0,1,5,6,3,1.3862943611198906,0,0,3,3,3,1,2,505.0
17,2.8903717578961645,0,2,2,3,7,16,2.833213344056216,1,1,1,2,6,-8060,8.9947928972836,-1,1,1,0,4,0,20150,9.911009193934975,1,1,2,0,4,0,10,2.3978952727983707,1,1,0,3,0,1,2,1961.0
31,3.4657359027997265,0,1,1,3,1,121,4.804021044733257,0,1,1,2,1,-744,6.61338421837956,-1,1,0,1,5,6,4768,8.469891918298224,1,1,1,3,1,8,8,2.1972245773362196,1,2,3,1,8,1,3,403.0
137,4.927253685157205,0,2,2,4,7,123,4.820281565605037,0,0,3,4,3,-2348,7.761744984658913,-1,1,1,2,4,2,-7508,8.923857580099885,-1,1,1,2,3,2,2,1.0986122886681098,1,2,2,2,2,1,2,4100.0
36,3.6109179126442243,1,0,1,1,6,79,4.382026634673881,0,1,4,2,9,1482,7.301822342137932,1,1,0,2,5,2,-5481,8.60922527686273,-1,0,0,4,0,9,3,1.3862943611198906,0,0,3,3,3,1,3,2150.0
30,3.4339872044851463,1,0,0,2,0,147,4.997212273764115,0,0,2,0,7,945,6.852242569051878,1,0,0,0,0,5,5935,8.688790784847216,1,0,1,0,6,5,5,1.791759469228055,0,2,0,5,5,1,3,565.0
131,4.882801922586371,0,2,1,5,1,99,4.605170185988092,0,0,4,1,9,-4784,8.473241303887054,-1,1,1,1,4,6,-3456,8.148156439921625,-1,1,0,4,2,4,4,1.6094379124341003,1,1,4,4,4,1,2,1428.0
24,3.2188758248682006,1,0,4,3,4,122,4.812184355372417,1,2,2,3,2,-2820,7.944846711001996,-1,1,0,0,1,0,10304,9.240384493324559,1,1,2,4,0,4,4,1.6094379124341003,1,1,4,4,4,2,3,2175.0
137,4.927253685157205,0,2,2,4,7,36,3.6109179126442243,1,0,1,1,6,-12080,9.399389249519563,-1,1,1,0,2,0,1440,7.273092595999522,1,1,0,0,5,0,10,2.3978952727983707,1,1,0,3,0,1,3,270.0
150,5.017279836814924,1,0,0,3,0,11,2.4849066497880004,0,2,1,4,1,-18600,9.83097062169695,-1,1,0,0,6,0,17100,9.746892220313054,1,1,0,0,6,0,10,2.3978952727983707,1,1,0,3,0,1,5,1640.0
29,3.4011973816621555,0,2,4,1,9,70,4.2626798770413155,1,1,0,0,0,-1504,7.316548177182976,-1,1,2,1,1,6,28,3.367295829986474,1,1,1,3,0,8,4,1.6094379124341003,1,1,4,4,4,1,2,377.0
51,3.9512437185814275,0,0,1,2,1,62,4.143134726391533,1,2,2,6,2,-5712,8.650499558724462,-1,1,0,3,0,8,-6912,8.841158975945264,-1,1,0,3,4,8,8,2.1972245773362196,1,2,3,1,8,1,3,1394.0
57,4.060443010546419,0,0,2,1,7,141,4.955827057601261,0,0,1,1,1,3744,8.22817689595132,1,1,0,4,6,4,15836,9.670104253491726,1,1,2,1,2,6,4,1.6094379124341003,1,1,4,4,4,1,2,3589.0
50,3.9318256327243257,1,2,0,1,0,18,2.9444389791664403,1,0,3,4,8,-8330,9.027738775974909,-1,1,1,0,0,0,-10143,9.224637676677007,-1,0,0,2,0,7,7,2.0794415416798357,0,1,2,0,7,1,2,1785.0
79,4.382026634673881,0,1,4,2,9,26,3.295836866004329,1,2,1,5,6,-3648,8.202208436436448,-1,1,0,2,6,2,4304,8.367532416861831,1,1,2,4,6,4,8,2.1972245773362196,1,2,3,1,8,1,2,374.0
145,4.983606621708336,0,1,0,5,5,54,4.007333185232471,1,0,4,5,4,-11840,9.379323364330956,-1,1,1,0,4,0,-3720,8.221747728346623,-1,1,0,0,4,0,10,2.3978952727983707,1,1,0,3,0,1,2,950.0
43,3.784189633918261,0,1,3,1,3,31,3.4657359027997265,0,1,1,3,1,-1127,7.028201432058005,-1,0,1,3,0,3,-1841,7.518607216815252,-1,0,1,4,0,9,7,2.0794415416798357,0,1,2,0,7,1,2,500.0
19,2.995732273553991,0,1,4,5,9,90,4.51085950651685,1,0,0,6,0,-10,2.3978952727983707,-1,1,2,0,4,0,2870,7.962415680121064,1,1,2,0,0,0,5,1.791759469228055,0,2,0,5,5,1,5,155.0
75,4.330733340286331,0,0,0,5,5,71,4.276666119016055,0,2,1,1,1,-1290,7.1631723908466425,-1,1,0,0,5,0,2555,7.846198815497425,1,0,2,0,0,5,5,1.791759469228055,0,2,0,5,5,1,3,195.0
99,4.605170185988092,0,0,4,1,9,22,3.1354942159291497,1,1,2,1,2,2076,7.638679823876112,1,1,0,1,4,6,7298,8.895492631451633,1,1,2,3,4,8,2,1.0986122886681098,1,2,2,2,2,1,3,3811.0
71,4.276666119016055,0,2,1,1,1,71,4.276666119016055,0,2,1,1,1,-3528,8.16876982367527,-1,1,0,2,0,2,-1764,7.475905969367397,-1,1,0,1,0,6,6,1.9459101490553132,1,0,1,6,6,1,4,738.0
26,3.295836866004329,1,2,1,5,6,91,4.5217885770490405,0,1,1,0,1,6622,8.798303718484979,1,1,1,2,0,2,-18571,9.829410349139811,-1,0,2,4,0,9,7,2.0794415416798357,0,1,2,0,7,1,3,3478.0
91,4.5217885770490405,0,1,1,0,1,112,4.727387818712341,1,1,2,0,2,-4669,8.448914350662942,-1,0,2,1,0,1,5208,8.558143177745192,1,1,0,3,0,8,7,2.0794415416798357,0,1,2,0,7,7,4,50.0
139,4.941642422609304,0,1,4,6,9,25,3.258096538021482,0,1,0,4,5,-3276,8.094683648698815,-1,1,0,4,0,4,-7259,8.890135107818843,-1,0,1,1,0,1,7,2.0794415416798357,0,1,2,0,7,1,2,1313.0
82,4.418840607796598,1,1,2,5,2,29,3.4011973816621555,0,2,4,1,9,-13450,9.506808731708581,-1,1,2,0,4,0,-9700,9.179984251961283,-1,1,2,0,2,0,10,2.3978952727983707,1,1,0,3,0,1,2,1365.0
29,3.4011973816621555,0,2,4,1,9,150,5.017279836814924,1,0,0,3,0,-8855,9.088850474388472,-1,0,1,0,0,5,-25690,10.15389601499835,-1,1,2,0,0,0,7,2.0794415416798357,0,1,2,0,7,1,2,4838.0
13,2.6390573296152584,0,1,3,6,3,30,3.4339872044851463,1,0,0,2,0,1274,7.150701457592526,1,1,2,4,0,4,-1078,6.983789965258135,-1,1,2,2,0,2,7,2.0794415416798357,0,1,2,0,7,1,3,455.0
38,3.6635616461296463,1,2,3,3,8,132,4.890349128221754,1,0,2,6,2,3110,8.042699496897637,1,1,2,0,2,0,17220,9.7538848483049,1,1,0,0,0,0,5,1.791759469228055,0,2,0,5,5,1,2,2900.0
145,4.983606621708336,0,1,0,5,5,22,3.1354942159291497,1,1,2,1,2,-2660,7.886457270977689,-1,1,1,0,0,0,-2096,7.64826303090192,-1,1,1,4,4,4,2,1.0986122886681098,1,2,2,2,2,1,3,1508.0
137,4.927253685157205,0,2,2,4,7,83,4.430816798843313,0,2,3,6,3,-7904,8.975250749643573,-1,1,1,1,6,6,-15332,9.63776264743639,-1,1,1,3,5,8,4,1.6094379124341003,1,1,4,4,4,1,2,4403.0
120,4.795790545596741,1,0,0,1,0,25,3.258096538021482,0,1,0,4,5,-5600,8.630700432209832,-1,1,1,0,0,0,-4220,8.347827345782498,-1,1,1,0,1,0,10,2.3978952727983707,1,1,0,3,0,5,4,928.0
145,4.983606621708336,0,1,0,5,5,121,4.804021044733257,0,1,1,2,1,-5000,8.517393171418904,-1,1,1,0,5,0,18016,9.7990710356157,1,1,1,1,5,6,8,2.1972245773362196,1,2,3,1,8,1,2,1391.0
48,3.8918202981106265,1,0,3,6,8,60,4.110873864173311,1,0,0,4,0,2064,7.632885505395133,1,1,0,4,6,4,6820,8.82776136765472,1,1,1,0,2,0,2,1.0986122886681098,1,2,2,2,2,2,5,3478.0
50,3.9318256327243257,1,2,0,1,0,78,4.3694478524670215,1,0,3,1,8,-6966,8.848939995030118,-1,1,0,4,6,4,-6642,8.80131894766524,-1,1,0,3,1,8,9,2.302585092994046,0,0,4,2,9,1,2,1476.0
129,4.867534450455582,0,0,4,3,9,105,4.663439094112067,0,0,0,0,5,-6414,8.766394277049736,-1,1,0,1,5,6,8028,8.990815266184685,1,1,0,3,6,8,6,1.9459101490553132,1,0,1,6,6,3,2,767.0
117,4.770684624465665,0,0,2,5,7,138,4.9344739331306915,1,0,3,5,8,-5952,8.69165057315339,-1,1,0,3,5,8,10880,9.294773427951013,1,1,2,0,2,0,8,2.1972245773362196,1,2,3,1,8,1,2,320.0
80,4.394449154672439,1,2,0,3,0,57,4.060443010546419,0,0,2,1,7,675,6.516193076042964,1,0,0,0,3,5,3861,8.258940462988459,1,0,0,1,4,1,3,1.3862943611198906,0,0,3,3,3,1,3,1209.0
94,4.553876891600541,1,1,4,3,4,67,4.219507705176107,0,1,2,4,7,-6102,8.716535732544495,-1,1,0,3,2,8,8262,9.019542996701185,1,1,0,2,2,2,9,2.302585092994046,0,0,4,2,9,1,2,357.0
75,4.330733340286331,0,0,0,5,5,91,4.5217885770490405,0,1,1,0,1,1620,7.390798521735676,1,1,0,0,3,0,-9324,9.140454244512016,-1,1,0,1,0,6,6,1.9459101490553132,1,0,1,6,6,1,2,2220.0
142,4.962844630259907,1,1,2,2,2,104,4.653960350157523,1,2,4,6,4,-26622,10.189530782819384,-1,1,0,3,6,8,-7452,8.916371914881694,-1,1,0,3,3,8,9,2.302585092994046,0,0,4,2,9,1,2,2436.0
64,4.174387269895637,1,1,4,1,4,73,4.30406509320417,0,1,3,3,3,1140,7.039660349862076,1,1,0,0,6,0,14436,9.577549634629815,1,1,0,1,2,6,6,1.9459101490553132,1,0,1,6,6,1,2,2050.0
43,3.784189633918261,0,1,3,1,3,31,3.4657359027997265,0,1,1,3,1,-11547,9.354267540782825,-1,0,0,3,3,3,17631,9.777470711952642,1,0,0,1,5,1,9,2.302585092994046,0,0,4,2,9,1,2,1904.0
114,4.74493212836325,1,0,4,2,4,121,4.804021044733257,0,1,1,2,1,-5574,8.62604759632832,-1,1,0,1,5,6,828,6.720220155135295,1,1,0,3,2,8,6,1.9459101490553132,1,0,1,6,6,1,3,637.0
145,4.983606621708336,0,1,0,5,5,79,4.382026634673881,0,1,4,2,9,-4330,8.373553741214627,-1,1,2,0,3,0,2915,7.977968093128549,1,0,2,0,3,5,5,1.791759469228055,0,2,0,5,5,1,3,235.0
81,4.406719247264253,0,0,1,4,1,74,4.31748811353631,1,2,4,4,4,-8964,9.101083386039234,-1,1,0,1,3,6,29544,10.293669803779775,1,1,0,4,4,4,6,1.9459101490553132,1,0,1,6,6,1,2,4592.0
35,3.58351893845611,0,2,0,0,5,91,4.5217885770490405,0,1,1,0,1,-6776,8.821289805136113,-1,1,1,4,0,4,-9728,9.182866394975427,-1,1,1,2,2,2,8,2.1972245773362196,1,2,3,1,8,1,2,2025.0
17,2.8903717578961645,0,2,2,3,7,139,4.941642422609304,0,1,4,6,9,5740,8.655388690167637,1,1,1,0,0,0,-7800,8.962007209588313,-1,1,0,0,5,0,10,2.3978952727983707,1,1,0,3,0,1,2,2294.0
142,4.962844630259907,1,1,2,2,2,142,4.962844630259907,1,1,2,2,2,-1096,7.00033446027523,-1,1,2,4,3,4,-422,6.0473721790462776,-1,1,1,3,5,8,2,1.0986122886681098,1,2,2,2,2,2,5,561.0
86,4.465908118654584,1,2,1,2,6,107,4.68213122712422,0,2,2,2,7,-996,6.904750769961838,-1,1,0,4,5,4,800,6.68586094706836,1,1,2,0,2,0,4,1.6094379124341003,1,1,4,4,4,1,2,247.0
49,3.912023005428146,0,1,4,0,9,14,2.70805020110221,1,2,4,0,4,1745,7.465082736399547,1,0,2,0,2,5,13550,9.514215624322715,1,1,2,0,5,0,5,1.791759469228055,0,2,0,5,5,1,2,2706.0
130,4.875197323201151,1,1,0,4,0,95,4.564348191467836,0,2,0,4,5,-16362,9.702777967428895,-1,1,0,3,4,8,-18225,9.810604425056072,-1,0,0,0,3,5,9,2.302585092994046,0,0,4,2,9,1,2,2952.0
30,3.4339872044851463,1,0,0,2,0,127,4.852030263919617,0,1,2,1,7,1015,6.923628628138427,1,0,1,0,0,5,259,5.560681631015528,1,0,1,4,0,9,7,2.0794415416798357,0,1,2,0,7,1,2,923.0
101,4.624972813284271,0,2,1,3,1,114,4.74493212836325,1,0,4,2,4,-2925,7.98139158158007,-1,0,0,0,1,5,3810,8.24564690087386,1,1,0,0,2,0,5,1.791759469228055,0,2,0,5,5,1,2,208.0
130,4.875197323201151,1,1,0,4,0,29,3.4011973816621555,0,2,4,1,9,-850,6.7464121285733745,-1,1,2,0,4,0,6485,8.777401286867264,1,0,2,0,3,5,5,1.791759469228055,0,2,0,5,5,1,3,1248.0
84,4.442651256490317,1,0,4,0,4,51,3.9512437185814275,0,0,1,2,1,-48,3.8918202981106265,-1,1,0,2,1,2,-3744,8.22817689595132,-1,1,0,1,1,6,6,1.9459101490553132,1,0,1,6,6,3,4,1054.0
23,3.1780538303479458,0,2,3,2,3,139,4.941642422609304,0,1,4,6,9,-1278,7.153833801578843,-1,1,0,2,3,2,9855,9.1958356857733,1,0,0,0,6,5,9,2.302585092994046,0,0,4,2,9,1,2,169.0
100,4.61512051684126,1,1,0,2,0,78,4.3694478524670215,1,0,3,1,8,-4048,8.30622521603216,-1,1,2,2,5,2,12128,9.40335455830888,1,1,2,3,4,8,4,1.6094379124341003,1,1,4,4,4,2,3,2788.0
109,4.700480365792417,0,1,4,4,9,67,4.219507705176107,0,1,2,4,7,-2565,7.850103545175582,-1,0,0,0,4,5,-6318,8.751316246773456,-1,1,0,2,3,2,9,2.302585092994046,0,0,4,2,9,1,2,1479.0
54,4.007333185232471,1,0,4,5,4,64,4.174387269895637,1,1,4,1,4,-2524,7.83399634170946,-1,1,2,1,3,6,-2960,7.993282328101591,-1,1,1,0,1,0,4,1.6094379124341003,1,1,4,4,4,2,3,1079.0
66,4.204692619390966,1,0,1,3,6,121,4.804021044733257,0,1,1,2,1,-1236,7.1204443723924875,-1,1,0,4,3,4,4804,8.477412321404392,1,1,1,4,2,4,2,1.0986122886681098,1,2,2,2,2,1,3,2214.0
57,4.060443010546419,0,0,2,1,7,76,4.343805421853684,1,1,1,6,6,-2997,8.005700678662542,-1,0,0,3,6,3,-10356,9.24541789858888,-1,1,0,4,4,4,3,1.3862943611198906,0,0,3,3,3,1,3,3772.0
145,4.983606621708336,0,1,0,5,5,124,4.8283137373023015,1,1,4,5,4,116,4.762173934797756,1,1,2,1,4,6,-432,6.07073772800249,-1,1,0,3,2,8,2,1.0986122886681098,1,2,2,2,2,1,3,580.0
75,4.330733340286331,0,0,0,5,5,141,4.955827057601261,0,0,1,1,1,-900,6.803505257608338,-1,1,0,0,3,0,2976,7.998671361015776,1,1,0,1,1,6,4,1.6094379124341003,1,1,4,4,4,1,3,195.0
31,3.4657359027997265,0,1,1,3,1,69,4.248495242049359,0,0,4,6,9,-2736,7.914617709040679,-1,1,0,4,1,4,3456,8.148156439921625,1,1,0,1,5,6,4,1.6094379124341003,1,1,4,4,4,1,2,812.0
15,2.772588722239781,0,0,0,1,5,137,4.927253685157205,0,2,2,4,7,2505,7.826443135456014,1,0,0,0,6,5,4005,8.295548516225763,1,0,0,0,1,5,3,1.3862943611198906,0,0,3,3,3,1,5,1276.0
59,4.0943445622221,0,2,4,3,9,16,2.833213344056216,1,1,1,2,6,2245,7.716906135298388,1,0,1,0,5,5,-6575,8.791181936736017,-1,0,1,0,5,5,5,1.791759469228055,0,2,0,5,5,1,2,1581.0
90,4.51085950651685,1,0,0,6,0,96,4.574710978503383,1,0,1,5,6,-8896,9.093469420244768,-1,1,2,4,1,4,12024,9.394743094973961,1,1,0,4,5,4,8,2.1972245773362196,1,2,3,1,8,2,3,833.0
82,4.418840607796598,1,1,2,5,2,84,4.442651256490317,1,0,4,0,4,-11376,9.339349052539717,-1,1,0,4,6,4,-21546,9.977991874704234,-1,1,0,4,0,4,6,1.9459101490553132,1,0,1,6,6,2,3,4329.0
103,4.6443908991413725,0,1,3,5,3,24,3.2188758248682006,1,0,4,3,4,-1269,7.146772179452637,-1,0,0,1,5,1,672,6.511745329644728,1,1,0,2,0,2,3,1.3862943611198906,0,0,3,3,3,1,4,190.0
22,3.1354942159291497,1,1,2,1,2,98,4.59511985013459,1,2,3,0,8,-1150,7.048386408721883,-1,1,2,0,5,0,8400,9.036106025364846,1,1,0,0,0,0,10,2.3978952727983707,1,1,0,3,0,2,2,175.0
136,4.919980925828125,1,1,1,3,6,126,4.844187086458591,1,0,1,0,6,-8134,9.003931019653137,-1,1,2,1,0,6,4214,8.346404870435956,1,1,2,4,0,4,7,2.0794415416798357,0,1,2,0,7,1,3,350.0
77,4.356708826689592,0,2,2,0,7,36,3.6109179126442243,1,0,1,1,6,-405,6.0063531596017325,-1,0,0,0,1,5,13851,9.536184905522312,1,0,0,1,5,1,9,2.302585092994046,0,0,4,2,9,1,3,1377.0
137,4.927253685157205,0,2,2,4,7,117,4.770684624465665,0,0,2,5,7,-6752,8.817742129574842,-1,1,1,3,3,8,1608,7.3833681469923835,1,1,0,3,5,8,8,2.1972245773362196,1,2,3,1,8,1,2,777.0
137,4.927253685157205,0,2,2,4,7,35,3.58351893845611,0,2,0,0,5,-18176,9.807912337613098,-1,1,1,4,3,4,-25200,10.134638955251866,-1,1,0,0,0,0,8,2.1972245773362196,1,2,3,1,8,1,3,3626.0
102,4.634728988229636,1,0,2,4,2,125,4.836281906951478,0,2,0,6,5,-3087,8.035278911144667,-1,0,0,3,0,3,22545,10.023312945604477,1,0,0,0,5,5,9,2.302585092994046,0,0,4,2,9,1,2,1495.0
138,4.9344739331306915,1,0,3,5,8,94,4.553876891600541,1,1,4,3,4,-840,6.734591659972948,-1,1,0,0,0,0,916,6.821107472256465,1,1,1,1,6,6,2,1.0986122886681098,1,2,2,2,2,2,4,306.0
121,4.804021044733257,0,1,1,2,1,38,3.6635616461296463,1,2,3,3,8,496,6.208590026096629,1,1,1,1,6,6,-3208,8.073714641109857,-1,1,2,2,5,2,2,1.0986122886681098,1,2,2,2,2,1,3,1750.0
97,4.584967478670572,0,1,2,6,7,49,3.912023005428146,0,1,4,0,9,-414,6.028278520230698,-1,1,0,1,6,6,2481,7.8168199657645525,1,0,0,1,3,1,3,1.3862943611198906,0,0,3,3,3,1,2,697.0
49,3.912023005428146,0,1,4,0,9,102,4.634728988229636,1,0,2,4,2,-505,6.226536669287466,-1,0,2,0,6,5,-650,6.478509642208569,-1,1,1,0,1,0,5,1.791759469228055,0,2,0,5,5,1,2,656.0
148,5.003946305945459,1,1,3,1,8,117,4.770684624465665,0,0,2,5,7,-1048,6.955592608396297,-1,1,2,2,2,2,1076,6.981934677156389,1,1,2,1,5,6,2,1.0986122886681098,1,2,2,2,2,1,3,380.0
113,4.736198448394496,0,2,3,1,3,42,3.7612001156935624,1,0,2,0,2,236,5.4680601411351315,1,1,2,1,5,6,7680,8.946505025998682,1,1,0,0,1,0,4,1.6094379124341003,1,1,4,4,4,1,2,1825.0
127,4.852030263919617,0,1,2,1,7,66,4.204692619390966,1,0,1,3,6,-960,6.8679744089702925,-1,1,0,0,6,0,14760,9.599743846536997,1,1,0,0,4,0,6,1.9459101490553132,1,0,1,6,6,1,3,2150.0
27,3.332204510175204,0,0,2,6,7,99,4.605170185988092,0,0,4,1,9,3360,8.119993827725105,1,1,0,0,0,0,-9476,9.156623089470195,-1,1,1,4,2,4,4,1.6094379124341003,1,1,4,4,4,1,2,2923.0
77,4.356708826689592,0,2,2,0,7,18,2.9444389791664403,1,0,3,4,8,4192,8.341171747170762,1,1,1,2,6,2,10728,9.280705634636746,1,1,0,3,4,8,8,2.1972245773362196,1,2,3,1,8,1,3,1653.0
50,3.9318256327243257,1,2,0,1,0,23,3.1780538303479458,0,2,3,2,3,117,4.770684624465665,1,0,0,2,5,7,-2313,7.746732907753622,-1,0,0,2,4,7,3,1.3862943611198906,0,0,3,3,3,1,2,861.0
49,3.912023005428146,0,1,4,0,9,100,4.61512051684126,1,1,0,2,0,-2170,7.682943169878292,-1,1,2,0,0,0,13640,9.52083524249312,1,1,2,0,4,0,10,2.3978952727983707,1,1,0,3,0,1,3,455.0
39,3.6888794541139363,0,0,4,4,9,64,4.174387269895637,1,1,4,1,4,-2130,7.664346632098617,-1,1,0,0,5,0,5560,8.623533227187563,1,1,1,0,2,0,5,1.791759469228055,0,2,0,5,5,1,2,825.0
31,3.4657359027997265,0,1,1,3,1,99,4.605170185988092,0,0,4,1,9,9536,9.162934249578912,1,1,2,1,2,6,18432,9.821897815496174,1,1,0,2,1,2,8,2.1972245773362196,1,2,3,1,8,1,2,2088.0
17,2.8903717578961645,0,2,2,3,7,103,4.6443908991413725,0,1,3,5,3,-3945,8.28045768658256,-1,0,0,0,3,5,-4025,8.300528606199737,-1,0,1,0,0,5,5,1.791759469228055,0,2,0,5,5,1,2,1496.0
103,4.6443908991413725,0,1,3,5,3,27,3.332204510175204,0,0,2,6,7,-12393,9.424967763522053,-1,0,0,2,4,7,20187,9.912843647460154,1,0,0,2,6,7,9,2.302585092994046,0,0,4,2,9,1,4,2050.0
15,2.772588722239781,0,0,0,1,5,41,3.7376696182833684,0,2,1,6,1,2000,7.601402334583733,1,1,2,0,5,0,-4480,8.407601514786142,-1,1,2,0,0,0,8,2.1972245773362196,1,2,3,1,8,1,2,962.0
117,4.770684624465665,0,0,2,5,7,19,2.995732273553991,0,1,4,5,9,-21330,9.967916692691817,-1,1,0,0,6,0,-40900,10.61890979160975,-1,1,2,0,1,0,10,2.3978952727983707,1,1,0,3,0,1,2,4387.0
30,3.4339872044851463,1,0,0,2,0,10,2.3978952727983707,1,1,0,3,0,-1560,7.353081920515432,-1,1,0,0,1,0,-1472,7.29505641646263,-1,1,1,3,5,8,2,1.0986122886681098,1,2,2,2,2,2,7,1044.0
46,3.8501476017100584,1,1,1,4,6,88,4.48863636973214,1,1,3,4,8,6986,8.85180655855245,1,1,2,1,0,6,14014,9.547883463598888,1,1,1,4,0,4,7,2.0794415416798357,0,1,2,0,7,1,2,1914.0
124,4.8283137373023015,1,1,4,5,4,139,4.941642422609304,0,1,4,6,9,-2524,7.83399634170946,-1,1,2,1,3,6,4624,8.439231649946526,1,1,1,4,4,4,4,1.6094379124341003,1,1,4,4,4,1,3,615.0
134,4.90527477843843,1,2,4,1,4,129,4.867534450455582,0,0,4,3,9,-740,6.608000625296087,-1,1,1,0,2,0,244,5.501258210544727,1,1,1,4,6,4,2,1.0986122886681098,1,2,2,2,2,1,3,170.0
111,4.718498871295094,0,0,1,6,1,60,4.110873864173311,1,0,0,4,0,-2110,7.65491704784832,-1,1,2,0,4,0,-5472,8.607582191143917,-1,1,0,3,2,8,2,1.0986122886681098,1,2,2,2,2,1,3,2975.0
17,2.8903717578961645,0,2,2,3,7,125,4.836281906951478,0,2,0,6,5,628,6.444131256700441,1,1,1,3,5,8,2530,7.836369760545124,1,1,1,0,3,0,2,1.0986122886681098,1,2,2,2,2,1,2,1073.0
138,4.9344739331306915,1,0,3,5,8,79,4.382026634673881,0,1,4,2,9,336,5.820082930352362,1,1,0,1,0,6,8684,9.069352678675205,1,1,2,4,4,4,4,1.6094379124341003,1,1,4,4,4,1,2,1961.0
98,4.59511985013459,1,2,3,0,8,18,2.9444389791664403,1,0,3,4,8,1246,7.1284959456800365,1,1,1,1,0,6,-7208,8.883085524404578,-1,1,1,2,2,2,2,1.0986122886681098,1,2,2,2,2,2,4,3731.0
131,4.882801922586371,0,2,1,5,1,86,4.465908118654584,1,2,1,2,6,306,5.726847747587197,1,1,0,1,5,6,-1648,7.407924322559599,-1,1,2,2,4,2,2,1.0986122886681098,1,2,2,2,2,1,3,1079.0
62,4.143134726391533,1,2,2,6,2,42,3.7612001156935624,1,0,2,0,2,-2270,7.7279755421055585,-1,1,1,0,5,0,-1050,6.957497370876951,-1,1,0,0,0,0,5,1.791759469228055,0,2,0,5,5,1,3,444.0
139,4.941642422609304,0,1,4,6,9,100,4.61512051684126,1,1,0,2,0,758,6.63200177739563,1,1,2,3,2,8,-5440,8.601718146485926,-1,1,2,0,6,0,2,1.0986122886681098,1,2,2,2,2,1,3,2993.0
68,4.23410650459726,1,2,3,5,8,137,4.927253685157205,0,2,2,4,7,585,6.373319789577012,1,0,0,0,4,5,-2871,7.962763930168115,-1,0,0,4,6,9,3,1.3862943611198906,0,0,3,3,3,1,2,1425.0
26,3.295836866004329,1,2,1,5,6,69,4.248495242049359,0,0,4,6,9,-6424,8.76795190976342,-1,1,2,1,2,6,-7008,8.854950316500325,-1,1,0,2,6,2,8,2.1972245773362196,1,2,3,1,8,1,2,1547.0
141,4.955827057601261,0,0,1,1,1,87,4.477336814478207,0,0,2,3,7,-4005,8.295548516225763,-1,0,0,0,6,5,1535,7.336936913707618,1,0,2,0,2,5,5,1.791759469228055,0,2,0,5,5,1,2,160.0
19,2.995732273553991,0,1,4,5,9,24,3.2188758248682006,1,0,4,3,4,-11711,9.368369236201092,-1,0,1,4,0,9,12495,9.433163872079467,1,0,0,0,0,5,7,2.0794415416798357,0,1,2,0,7,1,2,2233.0
114,4.74493212836325,1,0,4,2,4,25,3.258096538021482,0,1,0,4,5,-3312,8.105609402299896,-1,1,0,3,6,8,22329,10.013686344834204,1,0,0,4,6,9,9,2.302585092994046,0,0,4,2,9,1,2,2350.0
14,2.70805020110221,1,2,4,0,4,10,2.3978952727983707,1,1,0,3,0,-2730,7.912423121473705,-1,1,0,0,0,0,-3560,8.177796683277778,-1,1,1,0,3,0,10,2.3978952727983707,1,1,0,3,0,2,6,475.0
60,4.110873864173311,1,0,0,4,0,64,4.174387269895637,1,1,4,1,4,-3240,8.083637203141548,-1,1,0,0,1,0,-2894,7.970740390007095,-1,1,1,1,4,6,2,1.0986122886681098,1,2,2,2,2,2,5,2175.0
135,4.912654885736052,0,0,0,2,5,122,4.812184355372417,1,2,2,3,2,-11484,9.3487971151232,-1,1,0,1,3,6,-14928,9.61106090905359,-1,1,0,2,3,2,6,1.9459101490553132,1,0,1,6,6,1,2,3404.0
38,3.6635616461296463,1,2,3,3,8,55,4.02535169073515,0,1,0,6,5,-7340,8.901230352110781,-1,1,1,0,3,0,10220,9.232199706329077,1,1,2,0,0,0,10,2.3978952727983707,1,1,0,3,0,1,2,590.0
10,2.3978952727983707,1,1,0,3,0,145,4.983606621708336,0,1,0,5,5,2334,7.755767170102998,1,1,0,4,3,4,5850,8.674367865788236,1,1,0,0,5,0,3,1.3862943611198906,0,0,3,3,3,1,3,1717.0
40,3.713572066704308,1,1,0,5,0,79,4.382026634673881,0,1,4,2,9,-7546,8.928905412284868,-1,1,2,4,0,4,-15281,9.634430944207512,-1,0,1,4,0,9,7,2.0794415416798357,0,1,2,0,7,1,2,2850.0
25,3.258096538021482,0,1,0,4,5,82,4.418840607796598,1,1,2,5,2,-6420,8.76732914779405,-1,1,0,0,6,0,15550,9.651880224221337,1,1,1,0,3,0,10,2.3978952727983707,1,1,0,3,0,1,3,833.0
19,2.995732273553991,0,1,4,5,9,47,3.871201010907891,0,2,2,5,7,-7731,8.953122840328222,-1,0,0,4,4,9,15417,9.643290937019207,1,0,0,2,3,7,9,2.302585092994046,0,0,4,2,9,1,2,1462.0
21,3.091042453358316,0,0,1,0,1,27,3.332204510175204,0,0,2,6,7,240,5.484796933490655,1,1,0,0,2,0,1200,7.0909098220799835,1,1,0,0,3,0,4,1.6094379124341003,1,1,4,4,4,1,3,240.0
29,3.4011973816621555,0,2,4,1,9,48,3.8918202981106265,1,0,3,6,8,5215,8.559486103606488,1,0,1,0,0,5,21707,9.985436135183296,1,0,2,2,0,7,7,2.0794415416798357,0,1,2,0,7,1,2,2923.0
83,4.430816798843313,0,2,3,6,3,150,5.017279836814924,1,0,0,3,0,-882,6.78332520060396,-1,1,0,3,0,8,18270,9.813070382411665,1,1,0,0,0,0,7,2.0794415416798357,0,1,2,0,7,1,2,1625.0
25,3.258096538021482,0,1,0,4,5,114,4.74493212836325,1,0,4,2,4,-2140,7.669028288589683,-1,1,2,0,2,0,-5494,8.611593866837723,-1,1,2,1,1,6,2,1.0986122886681098,1,2,2,2,2,1,3,3145.0
46,3.8501476017100584,1,1,1,4,6,57,4.060443010546419,0,0,2,1,7,-470,6.154858094016418,-1,1,1,0,6,0,150,5.017279836814924,1,1,0,0,3,0,5,1.791759469228055,0,2,0,5,5,1,2,289.0
138,4.9344739331306915,1,0,3,5,8,71,4.276666119016055,0,2,1,1,1,108,4.6913478822291435,1,1,0,3,3,8,25116,10.131300186698601,1,1,0,1,0,6,6,1.9459101490553132,1,0,1,6,6,1,4,3854.0
46,3.8501476017100584,1,1,1,4,6,85,4.454347296253507,0,1,0,1,5,-6610,8.796490207333578,-1,1,2,0,5,0,18050,9.800956363888462,1,1,2,0,4,0,5,1.791759469228055,0,2,0,5,5,1,3,3367.0
42,3.7612001156935624,1,0,2,0,2,45,3.828641396489095,0,0,0,3,5,432,6.07073772800249,1,1,0,2,5,2,1930,7.565793282428515,1,1,1,0,5,0,2,1.0986122886681098,1,2,2,2,2,1,3,925.0
111,4.718498871295094,0,0,1,6,1,38,3.6635616461296463,1,2,3,3,8,-16230,9.69467827290507,-1,1,0,0,3,0,26600,10.188704088048116,1,1,2,0,0,0,10,2.3978952727983707,1,1,0,3,0,1,3,2337.0
109,4.700480365792417,0,1,4,4,9,58,4.07753744390572,1,1,3,2,8,1295,7.16703787691222,1,0,2,0,0,5,-10275,9.237566358229774,-1,0,0,0,1,5,5,1.791759469228055,0,2,0,5,5,1,2,2479.0
18,2.9444389791664403,1,0,3,4,8,13,2.6390573296152584,0,1,3,6,3,-7014,8.855805992536562,-1,1,0,1,0,6,-17248,9.755509449764629,-1,1,2,2,0,2,7,2.0794415416798357,0,1,2,0,7,1,2,2701.0
21,3.091042453358316,0,0,1,0,1,48,3.8918202981106265,1,0,3,6,8,6759,8.81877816903701,1,0,0,4,4,9,12771,9.455010553834672,1,0,0,1,3,1,9,2.302585092994046,0,0,4,2,9,3,2,1363.0
82,4.418840607796598,1,1,2,5,2,65,4.189654742026425,0,2,0,2,5,-12440,9.42875274891449,-1,1,1,0,6,0,-1450,7.280008252884188,-1,1,2,0,6,0,10,2.3978952727983707,1,1,0,3,0,1,2,901.0
147,4.997212273764115,0,0,2,0,7,79,4.382026634673881,0,1,4,2,9,-11808,9.376617231601282,-1,1,0,2,1,2,7576,8.932872621931374,1,1,1,1,2,6,8,2.1972245773362196,1,2,3,1,8,1,2,435.0
41,3.7376696182833684,0,2,1,6,1,125,4.836281906951478,0,2,0,6,5,-1341,7.201916317531627,-1,0,0,4,3,9,5445,8.602636673233706,1,0,0,0,6,5,3,1.3862943611198906,0,0,3,3,3,1,2,1476.0
124,4.8283137373023015,1,1,4,5,4,139,4.941642422609304,0,1,4,6,9,1628,7.395721608602045,1,1,2,3,4,8,-8884,9.092119740588751,-1,1,2,1,6,6,2,1.0986122886681098,1,2,2,2,2,1,3,4838.0
66,4.204692619390966,1,0,1,3,6,19,2.995732273553991,0,1,4,5,9,-4050,8.30671904320269,-1,1,0,0,3,0,5300,8.575650760987806,1,1,2,0,1,0,10,2.3978952727983707,1,1,0,3,0,1,2,425.0
110,4.709530201312334,1,2,0,5,0,114,4.74493212836325,1,0,4,2,4,2350,7.762596048540069,1,1,1,0,5,0,17725,9.782787767298343,1,0,1,0,1,5,5,1.791759469228055,0,2,0,5,5,1,3,3145.0
53,3.9889840465642745,0,2,3,4,3,100,4.61512051684126,1,1,0,2,0,-11837,9.37906997525067,-1,0,1,3,0,3,14602,9.588982266040471,1,1,1,2,0,2,7,2.0794415416798357,0,1,2,0,7,1,2,1914.0
124,4.8283137373023015,1,1,4,5,4,138,4.9344739331306915,1,0,3,5,8,-3171,8.06211758275474,-1,0,0,4,0,9,-210,5.351858133476067,-1,1,0,0,0,0,7,2.0794415416798357,0,1,2,0,7,1,2,1079.0
78,4.3694478524670215,1,0,3,1,8,75,4.330733340286331,0,0,0,5,5,-5990,8.698013622083925,-1,1,1,0,2,0,-5700,8.648396877031582,-1,1,0,0,5,0,5,1.791759469228055,0,2,0,5,5,1,4,1717.0
34,3.5553480614894135,1,1,4,6,4,44,3.8066624897703196,1,2,4,2,4,-16254,9.696155832738006,-1,1,0,1,0,6,-10611,9.26974071525763,-1,0,0,4,1,9,9,2.302585092994046,0,0,4,2,9,1,2,2175.0
125,4.836281906951478,0,2,0,6,5,98,4.59511985013459,1,2,3,0,8,-7380,8.906664409770052,-1,1,0,0,5,0,11928,9.386727689281946,1,1,0,3,0,8,6,1.9459101490553132,1,0,1,6,6,1,2,1480.0
58,4.07753744390572,1,1,3,2,8,86,4.465908118654584,1,2,1,2,6,-9760,9.186150133174966,-1,1,2,0,5,0,20150,9.911009193934975,1,1,2,0,4,0,10,2.3978952727983707,1,1,0,3,0,2,2,1221.0
135,4.912654885736052,0,0,0,2,5,54,4.007333185232471,1,0,4,5,4,48,3.8918202981106265,1,1,0,3,6,8,5004,8.518192691749322,1,1,0,4,6,4,4,1.6094379124341003,1,1,4,4,4,1,2,1173.0
28,3.367295829986474,1,1,3,0,8,15,2.772588722239781,0,0,0,1,5,416,6.0330862217988015,1,1,2,1,3,6,1392,7.239214973779806,1,1,0,2,6,2,4,1.6094379124341003,1,1,4,4,4,1,3,360.0
51,3.9512437185814275,0,0,1,2,1,70,4.2626798770413155,1,1,0,0,0,-7584,8.933927891782632,-1,1,0,1,4,6,-56,4.04305126783455,-1,1,1,4,0,4,8,2.1972245773362196,1,2,3,1,8,1,2,783.0
96,4.574710978503383,1,0,1,5,6,117,4.770684624465665,0,0,2,5,7,4596,8.433159195806228,1,1,0,1,4,6,6786,8.822764296703758,1,1,0,1,3,6,3,1.3862943611198906,0,0,3,3,3,3,5,2639.0
98,4.59511985013459,1,2,3,0,8,37,3.6375861597263857,0,1,2,2,7,-2960,7.993282328101591,-1,1,1,0,1,0,-12352,9.421654227536814,-1,1,2,3,3,8,8,2.1972245773362196,1,2,3,1,8,1,3,1886.0
139,4.941642422609304,0,1,4,6,9,66,4.204692619390966,1,0,1,3,6,-468,6.150602768446279,-1,1,0,2,1,2,17928,9.794174792595427,1,1,0,3,1,8,6,1.9459101490553132,1,0,1,6,6,1,3,2700.0
131,4.882801922586371,0,2,1,5,1,101,4.624972813284271,0,2,1,3,1,-11570,9.356257246876337,-1,1,1,0,1,0,8060,8.9947928972836,1,1,2,0,3,0,10,2.3978952727983707,1,1,0,3,0,1,2,255.0
135,4.912654885736052,0,0,0,2,5,71,4.276666119016055,0,2,1,1,1,3045,8.021584533455107,1,0,0,0,0,5,20500,9.928228944424575,1,1,1,0,4,0,5,1.791759469228055,0,2,0,5,5,1,3,3959.0
55,4.02535169073515,0,1,0,6,5,62,4.143134726391533,1,2,2,6,2,1100,7.00397413672268,1,1,2,0,1,0,5744,8.656085190282855,1,1,2,4,4,4,4,1.6094379124341003,1,1,4,4,4,1,3,1287.0
57,4.060443010546419,0,0,2,1,7,101,4.624972813284271,0,2,1,3,1,-15533,9.650786448979593,-1,0,1,2,0,7,-8428,9.039433419997483,-1,1,2,2,0,2,7,2.0794415416798357,0,1,2,0,7,1,2,2639.0
45,3.828641396489095,0,0,0,3,5,92,4.532599493153256,1,2,2,1,2,1332,7.195187320178709,1,1,0,2,2,2,4778,8.471986598578159,1,1,2,3,4,8,2,1.0986122886681098,1,2,2,2,2,1,3,2331.0
65,4.189654742026425,0,2,0,2,5,17,2.8903717578961645,0,2,2,3,7,1200,7.0909098220799835,1,1,0,0,3,0,4472,8.405814603432848,1,1,2,2,6,2,4,1.6094379124341003,1,1,4,4,4,1,2,1190.0
132,4.890349128221754,1,0,2,6,2,17,2.8903717578961645,0,2,2,3,7,-6090,8.714567550836485,-1,1,0,0,0,0,1337,7.198931240688173,1,0,2,2,0,7,7,2.0794415416798357,0,1,2,0,7,1,2,90.0
105,4.663439094112067,0,0,0,0,5,51,3.9512437185814275,0,0,1,2,1,-450,6.111467339502679,-1,1,0,0,5,0,-729,6.593044534142437,-1,0,0,1,6,1,3,1.3862943611198906,0,0,3,3,3,3,4,429.0
51,3.9512437185814275,0,0,1,2,1,69,4.248495242049359,0,0,4,6,9,1040,6.947937068614969,1,1,2,0,4,0,-2376,7.773594467360194,-1,1,0,4,4,4,4,1.6094379124341003,1,1,4,4,4,1,2,986.0
134,4.90527477843843,1,2,4,1,4,20,3.044522437723423,1,2,0,6,0,472,6.159095388491933,1,1,1,2,3,2,-2860,7.95892649305011,-1,1,2,0,3,0,2,1.0986122886681098,1,2,2,2,2,2,5,1554.0
81,4.406719247264253,0,0,1,4,1,55,4.02535169073515,0,1,0,6,5,-702,6.555356891810665,-1,1,0,3,5,8,-284,5.652489180268651,-1,1,1,1,3,6,2,1.0986122886681098,1,2,2,2,2,1,2,315.0
89,4.499809670330265,0,2,4,5,9,114,4.74493212836325,1,0,4,2,4,-6804,8.825412915085566,-1,1,0,1,0,6,7884,8.972717499397138,1,1,0,4,2,4,6,1.9459101490553132,1,0,1,6,6,1,3,870.0
150,5.017279836814924,1,0,0,3,0,29,3.4011973816621555,0,2,4,1,9,-1725,7.453561871643373,-1,0,0,0,4,5,-4135,8.327484416188264,-1,0,2,0,2,5,5,1.791759469228055,0,2,0,5,5,1,3,1053.0
99,4.605170185988092,0,0,4,1,9,127,4.852030263919617,0,1,2,1,7,-996,6.904750769961838,-1,1,0,4,5,4,1308,7.1770187659099,1,1,0,3,6,8,2,1.0986122886681098,1,2,2,2,2,1,2,500.0
121,4.804021044733257,0,1,1,2,1,96,4.574710978503383,1,0,1,5,6,-1690,7.43307534889858,-1,1,2,0,4,0,4180,8.338305731356565,1,1,1,0,1,0,5,1.791759469228055,0,2,0,5,5,1,2,445.0
129,4.867534450455582,0,0,4,3,9,117,4.770684624465665,0,0,2,5,7,-2370,7.771067086065406,-1,1,0,0,3,0,4065,8.310414994188292,1,0,0,0,5,5,5,1.791759469228055,0,2,0,5,5,1,2,285.0
146,4.990432586778736,1,2,1,6,6,33,3.5263605246161616,0,0,3,5,3,-15424,9.643744848773588,-1,1,2,1,4,6,13512,9.511407464038086,1,1,0,2,2,2,8,2.1972245773362196,1,2,3,1,8,1,2,1615.0
36,3.6109179126442243,1,0,1,1,6,65,4.189654742026425,0,2,0,2,5,-5058,8.528924114291936,-1,1,0,2,3,2,-2079,7.640123172695364,-1,0,0,1,0,1,9,2.302585092994046,0,0,4,2,9,1,3,850.0
74,4.31748811353631,1,2,4,4,4,28,3.367295829986474,1,1,3,0,8,-15200,9.62911649414402,-1,1,1,0,4,0,-5390,8.592486175451668,-1,1,1,0,0,0,10,2.3978952727983707,1,1,0,3,0,2,2,1131.0
33,3.5263605246161616,0,0,3,5,3,146,4.990432586778736,1,2,1,6,6,-975,6.883462586413092,-1,0,0,0,5,5,3850,8.25608813381491,1,1,1,0,0,0,5,1.791759469228055,0,2,0,5,5,1,2,50.0
111,4.718498871295094,0,0,1,6,1,135,4.912654885736052,0,0,0,2,5,-8448,9.041803370152845,-1,1,0,2,1,2,4032,8.302265794873367,1,1,0,2,0,2,8,2.1972245773362196,1,2,3,1,8,1,2,600.0
20,3.044522437723423,1,2,0,6,0,16,2.833213344056216,1,1,1,2,6,230,5.442417710521793,1,1,2,0,6,0,808,6.695798917058491,1,1,1,3,3,8,2,1.0986122886681098,1,2,2,2,2,2,4,403.0
36,3.6109179126442243,1,0,1,1,6,89,4.499809670330265,0,2,4,5,9,5076,8.532475814947395,1,1,0,1,1,6,-7776,8.958925938694943,-1,1,0,4,1,4,9,2.302585092994046,0,0,4,2,9,1,5,1887.0
78,4.3694478524670215,1,0,3,1,8,112,4.727387818712341,1,1,2,0,2,-11673,9.365119425763737,-1,0,0,2,3,7,27432,10.219501947254944,1,1,0,2,6,2,9,2.302585092994046,0,0,4,2,9,1,2,2125.0
134,4.90527477843843,1,2,4,1,4,111,4.718498871295094,0,0,1,6,1,-2282,7.733245646529795,-1,1,1,3,0,8,-13601,9.517972119735584,-1,0,1,4,0,9,7,2.0794415416798357,0,1,2,0,7,1,2,2788.0
53,3.9889840465642745,0,2,3,4,3,137,4.927253685157205,0,2,2,4,7,-6687,8.808070154764538,-1,0,0,3,5,3,2889,7.969011781106478,1,0,0,4,5,9,9,2.302585092994046,0,0,4,2,9,1,2,950.0
12,2.5649493574615367,1,0,2,5,2,65,4.189654742026425,0,2,0,2,5,-1746,7.465655310134056,-1,1,0,4,4,4,588,6.3784261836515865,1,1,0,3,0,8,6,1.9459101490553132,1,0,1,6,6,1,4,365.0
68,4.23410650459726,1,2,3,5,8,11,2.4849066497880004,0,2,1,4,1,-837,6.731018100482083,-1,0,0,3,3,3,399,5.991464547107982,1,0,0,4,0,9,3,1.3862943611198906,0,0,3,3,3,1,2,125.0
38,3.6635616461296463,1,2,3,3,8,26,3.295836866004329,1,2,1,5,6,-728,6.591673732008658,-1,1,1,2,0,2,-3766,8.23403420769204,-1,1,2,4,0,4,7,2.0794415416798357,0,1,2,0,7,1,3,738.0
89,4.499809670330265,0,2,4,5,9,130,4.875197323201151,1,1,0,4,0,-10790,9.286467732363734,-1,1,1,0,4,0,10480,9.257319373170178,1,1,1,0,1,0,10,2.3978952727983707,1,1,0,3,0,1,4,315.0
111,4.718498871295094,0,0,1,6,1,144,4.976733742420574,1,0,4,4,4,-12,2.5649493574615367,-1,1,0,3,2,8,-684,6.529418838262226,-1,1,0,1,2,6,2,1.0986122886681098,1,2,2,2,2,1,5,666.0
25,3.258096538021482,0,1,0,4,5,25,3.258096538021482,0,1,0,4,5,-19680,9.887408982323437,-1,1,0,0,4,0,20584,9.932317934204004,1,1,1,4,4,4,8,2.1972245773362196,1,2,3,1,8,1,3,3277.0
115,4.7535901911063645,0,1,0,3,5,79,4.382026634673881,0,1,4,2,9,-1152,7.050122520269059,-1,1,0,3,3,8,16696,9.722984341548957,1,1,1,1,1,6,8,2.1972245773362196,1,2,3,1,8,1,2,1649.0
115,4.7535901911063645,0,1,0,3,5,106,4.672828834461906,1,1,1,1,6,-4950,8.507344855361422,-1,1,0,0,6,0,-1890,7.544861068658458,-1,1,0,0,0,0,9,2.302585092994046,0,0,4,2,9,1,2,1261.0
46,3.8501476017100584,1,1,1,4,6,24,3.2188758248682006,1,0,4,3,4,954,6.86171134048073,1,1,0,4,2,4,13176,9.486228164545253,1,1,0,1,2,6,9,2.302585092994046,0,0,4,2,9,1,3,1352.0
16,2.833213344056216,1,1,1,2,6,55,4.02535169073515,0,1,0,6,5,-4215,8.346642090221199,-1,0,0,0,6,5,14455,9.578864832272064,1,0,1,0,0,5,5,1.791759469228055,0,2,0,5,5,1,3,2725.0
62,4.143134726391533,1,2,2,6,2,63,4.1588830833596715,0,0,3,0,3,-8600,9.059633754551479,-1,1,1,0,3,0,8820,9.084890521258767,1,1,0,0,0,0,10,2.3978952727983707,1,1,0,3,0,1,3,348.0
97,4.584967478670572,0,1,2,6,7,70,4.2626798770413155,1,1,0,0,0,1792,7.491645473605133,1,1,1,2,0,2,-3920,8.27410200229233,-1,1,1,0,0,0,8,2.1972245773362196,1,2,3,1,8,1,3,1450.0
46,3.8501476017100584,1,1,1,4,6,63,4.1588830833596715,0,0,3,0,3,1434,7.268920128193722,1,1,0,4,6,4,-5148,8.546557800046141,-1,1,0,2,4,2,6,1.9459101490553132,1,0,1,6,6,1,2,1339.0
32,3.4965075614664802,1,2,2,4,2,12,2.5649493574615367,1,0,2,5,2,2254,7.720905251936779,1,1,1,4,0,4,-12516,9.434842999328023,-1,1,0,4,0,4,7,2.0794415416798357,0,1,2,0,7,1,3,1950.0
147,4.997212273764115,0,0,2,0,7,10,2.3978952727983707,1,1,0,3,0,-4088,8.316055720364643,-1,1,1,2,0,2,6112,8.718172930028725,1,1,1,2,1,2,4,1.6094379124341003,1,1,4,4,4,1,2,1550.0
116,4.762173934797756,1,2,1,4,6,125,4.836281906951478,0,2,0,6,5,-6209,8.733916174927524,-1,0,1,1,0,1,5425,8.598957493218878,1,0,1,0,0,5,7,2.0794415416798357,0,1,2,0,7,1,2,125.0
45,3.828641396489095,0,0,0,3,5,28,3.367295829986474,1,1,3,0,8,-7044,8.86007342433278,-1,1,0,1,5,6,11178,9.321792297270326,1,1,0,3,6,8,6,1.9459101490553132,1,0,1,6,6,1,2,1921.0
95,4.564348191467836,0,2,0,4,5,104,4.653960350157523,1,2,4,6,4,-536,6.285998094508865,-1,1,1,4,3,4,31296,10.351277525289294,1,1,0,1,6,6,8,2.1972245773362196,1,2,3,1,8,1,3,3157.0
147,4.997212273764115,0,0,2,0,7,123,4.820281565605037,0,0,3,4,3,-135,4.912654885736052,-1,0,0,0,5,5,-7250,8.888894669371593,-1,1,1,0,2,0,5,1.791759469228055,0,2,0,5,5,1,2,2183.0
61,4.127134385045092,0,1,1,5,1,71,4.276666119016055,0,2,1,1,1,62,4.143134726391533,1,1,2,2,6,2,692,6.541029999189903,1,1,2,2,6,2,2,1.0986122886681098,1,2,2,2,2,1,2,255.0
91,4.5217885770490405,0,1,1,0,1,88,4.48863636973214,1,1,3,4,8,-10885,9.295232838994146,-1,0,2,0,0,5,-24248,10.096130658401954,-1,1,1,2,0,2,7,2.0794415416798357,0,1,2,0,7,1,3,4182.0
113,4.736198448394496,0,2,3,1,3,21,3.091042453358316,0,0,1,0,1,4375,8.383890344101816,1,0,1,0,0,5,8085,8.997889450200717,1,0,0,0,0,5,5,1.791759469228055,0,2,0,5,5,1,3,2088.0
144,4.976733742420574,1,0,4,4,4,111,4.718498871295094,0,0,1,6,1,-5775,8.661466680572662,-1,0,0,0,0,5,7995,8.98669669562029,1,0,0,0,1,5,5,1.791759469228055,0,2,0,5,5,1,2,1131.0
102,4.634728988229636,1,0,2,4,2,15,2.772588722239781,0,0,0,1,5,2754,7.9211727215870145,1,1,0,4,3,4,-28020,10.240709508047887,-1,1,0,0,1,0,6,1.9459101490553132,1,0,1,6,6,3,5,4879.0
107,4.68213122712422,0,2,2,2,7,24,3.2188758248682006,1,0,4,3,4,-10152,9.225524507301223,-1,1,0,3,5,8,-36,3.6109179126442243,-1,1,0,4,6,4,9,2.302585092994046,0,0,4,2,9,1,4,275.0
64,4.174387269895637,1,1,4,1,4,58,4.07753744390572,1,1,3,2,8,9200,9.127067452782361,1,1,2,0,2,0,12790,9.456497077599392,1,1,1,0,1,0,5,1.791759469228055,0,2,0,5,5,1,2,3132.0
140,4.948759890378168,1,2,0,0,0,35,3.58351893845611,0,2,0,0,5,-4459,8.40290404501411,-1,0,2,1,0,1,9947,9.205126804923296,1,0,2,2,0,7,7,2.0794415416798357,0,1,2,0,7,7,5,1225.0
94,4.553876891600541,1,1,4,3,4,10,2.3978952727983707,1,1,0,3,0,-736,6.602587892189336,-1,1,2,4,6,4,-824,6.715383386334681,-1,1,1,1,2,6,2,1.0986122886681098,1,2,2,2,2,2,4,468.0
34,3.5553480614894135,1,1,4,6,4,81,4.406719247264253,0,0,1,4,1,1160,7.057036981697891,1,1,2,0,5,0,2754,7.9211727215870145,1,1,0,4,3,4,2,1.0986122886681098,1,2,2,2,2,1,5,1377.0
113,4.736198448394496,0,2,3,1,3,15,2.772588722239781,0,0,0,1,5,-862,6.760414691083428,-1,1,2,3,6,8,-924,6.829793737512425,-1,1,0,1,0,6,2,1.0986122886681098,1,2,2,2,2,1,2,533.0
128,4.859812404361672,1,2,3,2,8,48,3.8918202981106265,1,0,3,6,8,-4250,8.35490952835879,-1,1,1,0,6,0,-2400,7.783640596221253,-1,1,0,0,1,0,5,1.791759469228055,0,2,0,5,5,1,3,750.0
142,4.962844630259907,1,1,2,2,2,101,4.624972813284271,0,2,1,3,1,-7168,8.877521453852872,-1,1,2,2,0,2,10064,9.216819338073892,1,1,2,4,5,4,8,2.1972245773362196,1,2,3,1,8,1,2,510.0
72,4.290459441148391,1,0,2,2,2,23,3.1780538303479458,0,2,3,2,3,-4425,8.395251520610994,-1,0,0,0,6,5,6875,8.83579236650274,1,0,2,0,1,5,5,1.791759469228055,0,2,0,5,5,1,2,1365.0
58,4.07753744390572,1,1,3,2,8,61,4.127134385045092,0,1,1,5,1,-4522,8.416930769477844,-1,1,2,3,0,8,749,6.620073206530356,1,0,2,4,0,9,7,2.0794415416798357,0,1,2,0,7,1,2,400.0
76,4.343805421853684,1,1,1,6,6,148,5.003946305945459,1,1,3,1,8,-7744,8.954802752850968,-1,1,2,1,5,6,17872,9.791046473190379,1,1,1,2,1,2,8,2.1972245773362196,1,2,3,1,8,4,2,1110.0
118,4.77912349311153,1,1,3,6,8,18,2.9444389791664403,1,0,3,4,8,-5656,8.640648995343156,-1,1,2,4,0,4,-1376,7.227662498728654,-1,1,1,4,3,4,8,2.1972245773362196,1,2,3,1,8,2,2,395.0
14,2.70805020110221,1,2,4,0,4,135,4.912654885736052,0,0,0,2,5,1504,7.316548177182976,1,1,1,4,6,4,-5520,8.616314282284044,-1,1,0,0,3,0,4,1.6094379124341003,1,1,4,4,4,1,2,1968.0
65,4.189654742026425,0,2,0,2,5,44,3.8066624897703196,1,2,4,2,4,-105,4.663439094112067,-1,0,0,0,0,5,-504,6.22455842927536,-1,1,0,1,0,6,3,1.3862943611198906,0,0,3,3,3,1,2,340.0
50,3.9318256327243257,1,2,0,1,0,134,4.90527477843843,1,2,4,1,4,-2760,7.923348211930154,-1,1,0,0,5,0,21080,9.956127439860307,1,1,2,0,3,0,10,2.3978952727983707,1,1,0,3,0,2,3,800.0
33,3.5263605246161616,0,0,3,5,3,144,4.976733742420574,1,0,4,4,4,-8736,9.075322160298095,-1,1,0,4,0,4,38696,10.563517356633247,1,1,2,1,0,6,7,2.0794415416798357,0,1,2,0,7,1,2,4633.0
54,4.007333185232471,1,0,4,5,4,117,4.770684624465665,0,0,2,5,7,3344,8.11522197256233,1,1,2,4,5,4,4206,8.344505083590521,1,1,0,1,6,6,2,1.0986122886681098,1,2,2,2,2,1,3,2581.0
14,2.70805020110221,1,2,4,0,4,46,3.8501476017100584,1,1,1,4,6,4347,8.3774712482411,1,0,0,2,0,7,22518,10.02211467629434,1,1,0,3,6,8,9,2.302585092994046,0,0,4,2,9,1,2,2175.0
66,4.204692619390966,1,0,1,3,6,137,4.927253685157205,0,2,2,4,7,-6804,8.825412915085566,-1,1,0,1,0,6,24612,10.111030037621687,1,1,0,2,0,2,6,1.9459101490553132,1,0,1,6,6,1,3,3362.0
68,4.23410650459726,1,2,3,5,8,50,3.9318256327243257,1,2,0,1,0,28,3.367295829986474,1,1,1,3,0,8,-520,6.255750041753367,-1,1,2,0,5,0,2,1.0986122886681098,1,2,2,2,2,2,4,390.0
148,5.003946305945459,1,1,3,1,8,90,4.51085950651685,1,0,0,6,0,-20304,9.918622440120398,-1,1,0,1,3,6,31545,10.359202077047419,1,0,0,0,3,5,9,2.302585092994046,0,0,4,2,9,1,3,2849.0
74,4.31748811353631,1,2,4,4,4,56,4.04305126783455,1,2,1,0,6,-1682,7.428333194190806,-1,1,1,3,5,8,4976,8.512582578858554,1,1,2,1,6,6,2,1.0986122886681098,1,2,2,2,2,2,4,2475.0
33,3.5263605246161616,0,0,3,5,3,140,4.948759890378168,1,2,0,0,0,-12500,9.433563920090563,-1,1,1,0,2,0,31250,10.349806654652559,1,1,2,0,2,0,10,2.3978952727983707,1,1,0,3,0,1,3,1955.0
20,3.044522437723423,1,2,0,6,0,67,4.219507705176107,0,1,2,4,7,-2816,7.943427767876373,-1,1,1,4,5,4,-192,5.262690188904886,-1,1,0,3,4,8,8,2.1972245773362196,1,2,3,1,8,1,2,592.0
46,3.8501476017100584,1,1,1,4,6,28,3.367295829986474,1,1,3,0,8,7136,8.873047798971067,1,1,2,1,3,6,31192,10.347948989650975,1,1,1,2,0,2,8,2.1972245773362196,1,2,3,1,8,2,3,3885.0
25,3.258096538021482,0,1,0,4,5,90,4.51085950651685,1,0,0,6,0,3728,8.22389538017882,1,1,2,3,4,8,-17920,9.793728488543389,-1,1,2,0,0,0,8,2.1972245773362196,1,2,3,1,8,1,2,3034.0
128,4.859812404361672,1,2,3,2,8,90,4.51085950651685,1,0,0,6,0,-1034,6.942156705699469,-1,1,1,1,2,6,-336,5.820082930352362,-1,1,0,4,0,4,2,1.0986122886681098,1,2,2,2,2,2,4,435.0
118,4.77912349311153,1,1,3,6,8,99,4.605170185988092,0,0,4,1,9,-358,5.883322388488279,-1,1,2,2,6,2,548,6.3080984415095305,1,1,2,3,2,8,2,1.0986122886681098,1,2,2,2,2,1,3,95.0
102,4.634728988229636,1,0,2,4,2,65,4.189654742026425,0,2,0,2,5,-1288,7.161622002939187,-1,1,2,2,0,2,12089,9.400133943608838,1,0,2,4,0,9,7,2.0794415416798357,0,1,2,0,7,1,2,1378.0
136,4.919980925828125,1,1,1,3,6,86,4.465908118654584,1,2,1,2,6,-8352,9.030376034755907,-1,1,0,3,6,8,18456,9.823198981307291,1,1,0,1,4,6,6,1.9459101490553132,1,0,1,6,6,2,2,2624.0
139,4.941642422609304,0,1,4,6,9,110,4.709530201312334,1,2,0,5,0,-1476,7.29776828253138,-1,1,0,4,1,4,690,6.53813982376767,1,1,0,0,4,0,3,1.3862943611198906,0,0,3,3,3,1,2,125.0
60,4.110873864173311,1,0,0,4,0,62,4.143134726391533,1,2,2,6,2,-1365,7.2196420401307355,-1,0,0,0,0,5,5138,8.54461378699223,1,1,2,3,0,8,7,2.0794415416798357,0,1,2,0,7,1,2,375.0
83,4.430816798843313,0,2,3,6,3,78,4.3694478524670215,1,0,3,1,8,-1176,7.0707241072602764,-1,1,0,4,0,4,13734,9.527702598529375,1,1,0,4,0,4,7,2.0794415416798357,0,1,2,0,7,1,2,1475.0
141,4.955827057601261,0,0,1,1,1,122,4.812184355372417,1,2,2,3,2,-3794,8.24143968982973,-1,1,1,1,0,6,-1498,7.312553498102598,-1,1,2,2,0,2,7,2.0794415416798357,0,1,2,0,7,1,2,1157.0
112,4.727387818712341,1,1,2,0,2,56,4.04305126783455,1,2,1,0,6,-1134,7.034387929915503,-1,1,0,1,0,6,39816,10.592049235754445,1,1,0,1,0,6,9,2.302585092994046,0,0,4,2,9,1,4,4018.0
99,4.605170185988092,0,0,4,1,9,139,4.941642422609304,0,1,4,6,9,-1116,7.018401799069201,-1,1,0,4,4,4,12144,9.404672841436273,1,1,0,4,6,4,6,1.9459101490553132,1,0,1,6,6,1,2,1258.0
103,4.6443908991413725,0,1,3,5,3,33,3.5263605246161616,0,0,3,5,3,-4175,8.337109129562474,-1,0,1,0,4,5,-3015,8.011686729127847,-1,0,0,0,2,5,5,1.791759469228055,0,2,0,5,5,1,2,832.0
14,2.70805020110221,1,2,4,0,4,134,4.90527477843843,1,2,4,1,4,928,6.834108738813838,1,1,1,3,4,8,7264,8.890823576004383,1,1,1,4,5,4,4,1.6094379124341003,1,1,4,4,4,2,2,1312.0
83,4.430816798843313,0,2,3,6,3,70,4.2626798770413155,1,1,0,0,0,-1557,7.351158226430694,-1,0,0,3,4,3,4230,8.350193650720067,1,1,0,0,2,0,3,1.3862943611198906,0,0,3,3,3,1,2,1230.0
146,4.990432586778736,1,2,1,6,6,57,4.060443010546419,0,0,2,1,7,-11304,9.33300038471207,-1,1,0,1,1,6,8352,9.030376034755907,1,1,0,2,1,2,8,2.1972245773362196,1,2,3,1,8,1,2,637.0
87,4.477336814478207,0,0,2,3,7,145,4.983606621708336,0,1,0,5,5,498,6.212606095751519,1,1,0,3,1,8,-3087,8.035278911144667,-1,0,0,3,0,3,3,1.3862943611198906,0,0,3,3,3,1,3,1525.0
63,4.1588830833596715,0,0,3,0,3,31,3.4657359027997265,0,1,1,3,1,-7578,8.93313654381203,-1,1,0,2,3,2,8451,9.042158378735948,1,0,0,1,2,1,9,2.302585092994046,0,0,4,2,9,1,3,715.0
16,2.833213344056216,1,1,1,2,6,33,3.5263605246161616,0,0,3,5,3,-1330,7.193685818395112,-1,1,2,0,0,0,-415,6.030685260261263,-1,0,2,0,5,5,5,1.791759469228055,0,2,0,5,5,1,2,310.0
68,4.23410650459726,1,2,3,5,8,102,4.634728988229636,1,0,2,4,2,-1098,7.002155954403621,-1,1,0,2,1,2,432,6.07073772800249,1,1,0,2,5,2,6,1.9459101490553132,1,0,1,6,6,2,3,585.0
30,3.4339872044851463,1,0,0,2,0,27,3.332204510175204,0,0,2,6,7,1035,6.943122422819428,1,0,0,0,6,5,-1705,7.441906728051625,-1,0,2,0,3,5,5,1.791759469228055,0,2,0,5,5,1,3,595.0
84,4.442651256490317,1,0,4,0,4,32,3.4965075614664802,1,2,2,4,2,420,6.042632833682381,1,1,0,0,0,0,6560,8.788898309344878,1,1,2,0,1,0,4,1.6094379124341003,1,1,4,4,4,4,6,1575.0
75,4.330733340286331,0,0,0,5,5,132,4.890349128221754,1,0,2,6,2,-6330,8.753213480544126,-1,1,0,0,5,0,-16500,9.711176264112805,-1,1,0,0,6,0,5,1.791759469228055,0,2,0,5,5,1,5,4059.0
136,4.919980925828125,1,1,1,3,6,40,3.713572066704308,1,1,0,5,0,-1780,7.484930283289661,-1,1,2,0,5,0,-1160,7.057036981697891,-1,1,1,0,2,0,5,1.791759469228055,0,2,0,5,5,1,4,540.0
137,4.927253685157205,0,2,2,4,7,96,4.574710978503383,1,0,1,5,6,-512,6.240275845170769,-1,1,1,3,6,8,6436,8.769817872052617,1,1,1,1,3,6,4,1.6094379124341003,1,1,4,4,4,1,3,1295.0
77,4.356708826689592,0,2,2,0,7,95,4.564348191467836,0,2,0,4,5,-1848,7.522400231387125,-1,1,0,2,0,2,5660,8.64135583403666,1,1,2,0,4,0,2,1.0986122886681098,1,2,2,2,2,1,3,2750.0
25,3.258096538021482,0,1,0,4,5,24,3.2188758248682006,1,0,4,3,4,-4665,8.448057452581375,-1,0,0,0,4,5,-6975,8.850230965588816,-1,0,0,0,4,5,5,1.791759469228055,0,2,0,5,5,1,4,1717.0
109,4.700480365792417,0,1,4,4,9,65,4.189654742026425,0,2,0,2,5,-12128,9.40335455830888,-1,1,1,2,3,2,-13504,9.510815266226716,-1,1,2,1,6,6,8,2.1972245773362196,1,2,3,1,8,1,2,2300.0
52,3.970291913552122,1,1,2,3,2,66,4.204692619390966,1,0,1,3,6,-2412,7.7886260656250315,-1,1,0,3,3,8,4848,8.486527777105353,1,1,0,3,4,8,4,1.6094379124341003,1,1,4,4,4,2,3,1027.0
52,3.970291913552122,1,1,2,3,2,138,4.9344739331306915,1,0,3,5,8,-865,6.763884908562435,-1,0,2,0,3,5,2870,7.962415680121064,1,1,2,0,0,0,5,1.791759469228055,0,2,0,5,5,1,2,145.0
73,4.30406509320417,0,1,3,3,3,84,4.442651256490317,1,0,4,0,4,1728,7.455298485683291,1,1,0,3,6,8,-1344,7.20414929203594,-1,1,0,1,0,6,8,2.1972245773362196,1,2,3,1,8,1,3,1160.0
42,3.7612001156935624,1,0,2,0,2,101,4.624972813284271,0,2,1,3,1,-3300,8.101980731853192,-1,1,0,0,4,0,12525,9.435561763085358,1,0,0,0,2,5,5,1.791759469228055,0,2,0,5,5,1,2,2050.0
70,4.2626798770413155,1,1,0,0,0,145,4.983606621708336,0,1,0,5,5,486,6.18826412308259,1,1,0,1,3,6,39105,10.57403118688622,1,0,0,0,3,5,9,2.302585092994046,0,0,4,2,9,1,2,3116.0
81,4.406719247264253,0,0,1,4,1,65,4.189654742026425,0,2,0,2,5,2880,7.9658927350845286,1,1,0,0,3,0,19600,9.883335864325275,1,1,1,0,0,0,4,1.6094379124341003,1,1,4,4,4,1,2,4756.0
38,3.6635616461296463,1,2,3,3,8,18,2.9444389791664403,1,0,3,4,8,-3344,8.11522197256233,-1,1,1,1,2,6,12448,9.429395577381786,1,1,1,3,2,8,4,1.6094379124341003,1,1,4,4,4,2,3,3116.0
134,4.90527477843843,1,2,4,1,4,98,4.59511985013459,1,2,3,0,8,-5866,8.67709870892586,-1,1,2,4,0,4,3122,8.046549357283078,1,1,2,2,0,2,7,2.0794415416798357,0,1,2,0,7,1,3,260.0
145,4.983606621708336,0,1,0,5,5,101,4.624972813284271,0,2,1,3,1,-6435,8.769662508112274,-1,0,0,0,5,5,-4563,8.425954710981966,-1,0,0,2,1,7,9,2.302585092994046,0,0,4,2,9,1,2,1534.0
32,3.4965075614664802,1,2,2,4,2,58,4.07753744390572,1,1,3,2,8,-1600,7.3783837129967145,-1,1,2,0,3,0,2950,7.989899374942939,1,1,1,0,3,0,5,1.791759469228055,0,2,0,5,5,1,3,340.0
96,4.574710978503383,1,0,1,5,6,54,4.007333185232471,1,0,4,5,4,-4626,8.439663988907,-1,1,0,4,1,4,384,5.953243334287785,1,1,0,4,6,4,6,1.9459101490553132,1,0,1,6,6,6,5,325.0
100,4.61512051684126,1,1,0,2,0,31,3.4657359027997265,0,1,1,3,1,-3060,8.026496938945412,-1,1,0,0,6,0,11961,9.389490237604502,1,0,0,1,5,1,9,2.302585092994046,0,0,4,2,9,1,2,1190.0
72,4.290459441148391,1,0,2,2,2,82,4.418840607796598,1,1,2,5,2,-330,5.802118375377063,-1,1,0,0,6,0,7090,8.866581653303996,1,1,1,0,6,0,5,1.791759469228055,0,2,0,5,5,1,2,1050.0
84,4.442651256490317,1,0,4,0,4,114,4.74493212836325,1,0,4,2,4,-2400,7.783640596221253,-1,1,0,0,1,0,17700,9.781376414141157,1,1,0,0,4,0,10,2.3978952727983707,1,1,0,3,0,2,2,870.0
67,4.219507705176107,0,1,2,4,7,136,4.919980925828125,1,1,1,3,6,-3235,8.082093278178382,-1,0,2,0,6,5,6325,8.752423403865594,1,0,1,0,4,5,5,1.791759469228055,0,2,0,5,5,1,2,663.0
133,4.897839799950911,0,1,3,0,3,141,4.955827057601261,0,0,1,1,1,3952,8.282230063296685,1,1,1,2,4,2,8640,9.0642735958414,1,1,0,0,2,0,4,1.6094379124341003,1,1,4,4,4,1,2,2204.0
30,3.4339872044851463,1,0,0,2,0,59,4.0943445622221,0,2,4,3,9,-1548,7.3453648404168685,-1,1,0,2,6,2,1755,7.470793774195062,1,0,0,0,5,5,9,2.302585092994046,0,0,4,2,9,1,2,350.0
93,4.543294782270004,0,0,3,2,3,150,5.017279836814924,1,0,0,3,0,-3105,8.041091003708633,-1,0,0,0,3,5,2710,7.905072849498666,1,1,1,0,1,0,5,1.791759469228055,0,2,0,5,5,1,3,260.0
35,3.58351893845611,0,2,0,0,5,18,2.9444389791664403,1,0,3,4,8,3500,8.160803920954665,1,1,2,0,0,0,25800,10.158168529848494,1,1,0,0,5,0,10,2.3978952727983707,1,1,0,3,0,1,3,2500.0
111,4.718498871295094,0,0,1,6,1,35,3.58351893845611,0,2,0,0,5,-4487,8.409162447202533,-1,0,1,3,0,3,-70,4.2626798770413155,-1,1,2,0,0,0,7,2.0794415416798357,0,1,2,0,7,1,4,289.0
61,4.127134385045092,0,1,1,5,1,124,4.8283137373023015,1,1,4,5,4,516,6.248042874508429,1,1,0,1,5,6,1294,7.166265974133638,1,1,1,4,6,4,2,1.0986122886681098,1,2,2,2,2,1,3,551.0
43,3.784189633918261,0,1,3,1,3,12,2.5649493574615367,1,0,2,5,2,-1084,6.98933526597456,-1,1,2,1,1,6,-336,5.820082930352362,-1,1,0,4,0,4,4,1.6094379124341003,1,1,4,4,4,1,4,165.0
41,3.7376696182833684,0,2,1,6,1,107,4.68213122712422,0,2,2,2,7,-23900,10.081675578048475,-1,1,1,0,5,0,31490,10.357457069703907,1,1,2,0,4,0,10,2.3978952727983707,1,1,0,3,0,1,2,2871.0
118,4.77912349311153,1,1,3,6,8,12,2.5649493574615367,1,0,2,5,2,-405,6.0063531596017325,-1,0,0,0,1,5,984,6.892641641172089,1,1,0,4,4,4,3,1.3862943611198906,0,0,3,3,3,1,4,365.0
68,4.23410650459726,1,2,3,5,8,121,4.804021044733257,0,1,1,2,1,-1104,7.007600613951853,-1,1,0,1,2,6,-3392,8.129469764784231,-1,1,1,3,3,8,8,2.1972245773362196,1,2,3,1,8,1,2,1450.0
72,4.290459441148391,1,0,2,2,2,104,4.653960350157523,1,2,4,6,4,-900,6.803505257608338,-1,1,0,0,3,0,2000,7.601402334583733,1,1,2,0,5,0,4,1.6094379124341003,1,1,4,4,4,4,4,105.0
26,3.295836866004329,1,2,1,5,6,11,2.4849066497880004,0,2,1,4,1,-4912,8.499640032168648,-1,1,2,3,2,8,-10432,9.25272913846797,-1,1,2,3,5,8,8,2.1972245773362196,1,2,3,1,8,1,2,1450.0
118,4.77912349311153,1,1,3,6,8,59,4.0943445622221,0,2,4,3,9,1160,7.057036981697891,1,1,2,0,5,0,-2824,7.946263643580541,-1,1,2,1,4,6,2,1.0986122886681098,1,2,2,2,2,1,4,1734.0
94,4.553876891600541,1,1,4,3,4,145,4.983606621708336,0,1,0,5,5,-7866,8.970432074329242,-1,1,0,4,2,4,25140,10.132255258600559,1,1,0,0,3,0,6,1.9459101490553132,1,0,1,6,6,1,2,3403.0
34,3.5553480614894135,1,1,4,6,4,58,4.07753744390572,1,1,3,2,8,-2694,7.899153483343097,-1,1,0,1,1,6,7128,8.871926251117628,1,1,0,3,2,8,6,1.9459101490553132,1,0,1,6,6,2,2,875.0
18,2.9444389791664403,1,0,3,4,8,109,4.700480365792417,0,1,4,4,9,-5910,8.684570300824369,-1,1,0,0,5,0,-13200,9.488047863280759,-1,1,0,0,2,0,5,1.791759469228055,0,2,0,5,5,1,2,3367.0
115,4.7535901911063645,0,1,0,3,5,113,4.736198448394496,0,2,3,1,3,8960,9.10063710688422,1,1,2,0,0,0,-9904,9.20079495913265,-1,1,2,1,1,6,8,2.1972245773362196,1,2,3,1,8,1,2,2958.0
146,4.990432586778736,1,2,1,6,6,126,4.844187086458591,1,0,1,0,6,-1084,6.98933526597456,-1,1,2,1,1,6,1704,7.4413203897176174,1,1,0,4,3,4,2,1.0986122886681098,1,2,2,2,2,2,4,650.0
40,3.713572066704308,1,1,0,5,0,67,4.219507705176107,0,1,2,4,7,-9240,9.13140538388804,-1,1,0,0,0,0,10602,9.268892258925797,1,1,0,2,4,2,6,1.9459101490553132,1,0,1,6,6,1,3,1885.0
112,4.727387818712341,1,1,2,0,2,129,4.867534450455582,0,0,4,3,9,-5600,8.630700432209832,-1,1,1,0,0,0,9204,9.127502093667179,1,1,0,4,6,4,4,1.6094379124341003,1,1,4,4,4,1,4,2023.0
14,2.70805020110221,1,2,4,0,4,75,4.330733340286331,0,0,0,5,5,-10400,9.249657234353133,-1,1,1,0,2,0,-32500,10.389026137075234,-1,1,2,0,1,0,10,2.3978952727983707,1,1,0,3,0,1,2,4100.0
132,4.890349128221754,1,0,2,6,2,79,4.382026634673881,0,1,4,2,9,-12,2.5649493574615367,-1,1,0,3,2,8,6304,8.74909824839902,1,1,1,4,4,4,4,1.6094379124341003,1,1,4,4,4,1,4,1365.0
28,3.367295829986474,1,1,3,0,8,85,4.454347296253507,0,1,0,1,5,678,6.520621127558696,1,1,0,3,6,8,-1467,7.291656209174461,-1,0,0,3,3,3,3,1.3862943611198906,0,0,3,3,3,1,2,806.0
82,4.418840607796598,1,1,2,5,2,54,4.007333185232471,1,0,4,5,4,-12400,9.425532393502772,-1,1,2,0,4,0,19800,9.893487720457795,1,1,0,0,4,0,10,2.3978952727983707,1,1,0,3,0,2,2,1500.0
65,4.189654742026425,0,2,0,2,5,55,4.02535169073515,0,1,0,6,5,-1560,7.353081920515432,-1,1,0,0,1,0,2128,7.663407664893479,1,1,1,3,0,8,4,1.6094379124341003,1,1,4,4,4,1,3,338.0
15,2.772588722239781,0,0,0,1,5,10,2.3978952727983707,1,1,0,3,0,225,5.420534999272286,1,0,0,0,1,5,-390,5.968707559985366,-1,1,0,0,2,0,3,1.3862943611198906,0,0,3,3,3,1,6,200.0
123,4.820281565605037,0,0,3,4,3,77,4.356708826689592,0,2,2,0,7,-3003,8.007700012884026,-1,0,0,2,0,7,9443,9.153134898205403,1,0,2,3,0,3,7,2.0794415416798357,0,1,2,0,7,1,4,918.0
68,4.23410650459726,1,2,3,5,8,35,3.58351893845611,0,2,0,0,5,-13248,9.491677356868124,-1,1,0,2,3,2,-10080,9.218407743053941,-1,1,0,0,0,0,6,1.9459101490553132,1,0,1,6,6,1,3,2610.0
28,3.367295829986474,1,1,3,0,8,59,4.0943445622221,0,2,4,3,9,416,6.0330862217988015,1,1,2,1,3,6,940,6.846943139585379,1,1,1,0,2,0,2,1.0986122886681098,1,2,2,2,2,1,3,440.0
41,3.7376696182833684,0,2,1,6,1,41,3.7376696182833684,0,2,1,6,1,-1593,7.374001859350161,-1,0,0,2,3,7,2664,7.887959336599945,1,1,0,4,4,4,3,1.3862943611198906,0,0,3,3,3,1,3,867.0
94,4.553876891600541,1,1,4,3,4,81,4.406719247264253,0,0,1,4,1,-4404,8.39049553837028,-1,1,0,1,6,6,5364,8.587651655064798,1,1,0,4,2,4,6,1.9459101490553132,1,0,1,6,6,1,2,442.0
88,4.48863636973214,1,1,3,4,8,55,4.02535169073515,0,1,0,6,5,3668,8.207674424355282,1,1,2,3,0,8,-20580,9.93212359907246,-1,1,0,0,0,0,7,2.0794415416798357,0,1,2,0,7,1,2,3515.0
85,4.454347296253507,0,1,0,1,5,59,4.0943445622221,0,2,4,3,9,9695,9.179468708309095,1,0,2,0,0,5,17444,9.766808353620874,1,1,2,4,0,4,7,2.0794415416798357,0,1,2,0,7,1,2,2871.0
73,4.30406509320417,0,1,3,3,3,72,4.290459441148391,1,0,2,2,2,-4711,8.457867725331422,-1,0,2,4,0,9,-1512,7.321849713788356,-1,1,0,3,0,8,7,2.0794415416798357,0,1,2,0,7,1,3,738.0
113,4.736198448394496,0,2,3,1,3,25,3.258096538021482,0,1,0,4,5,-3630,8.197263371414335,-1,1,0,0,3,0,-2135,7.666690200080086,-1,0,1,0,0,5,5,1.791759469228055,0,2,0,5,5,1,3,575.0
144,4.976733742420574,1,0,4,4,4,117,4.770684624465665,0,0,2,5,7,-3252,8.087332926473351,-1,1,0,3,3,8,3136,8.051022208190679,1,1,1,1,0,6,4,1.6094379124341003,1,1,4,4,4,1,3,395.0
138,4.9344739331306915,1,0,3,5,8,13,2.6390573296152584,0,1,3,6,3,-7512,8.92439013236916,-1,1,0,3,6,8,2592,7.860570785538664,1,1,0,2,2,2,8,2.1972245773362196,1,2,3,1,8,1,2,275.0
39,3.6888794541139363,0,0,4,4,9,135,4.912654885736052,0,0,0,2,5,1401,7.2456550675945355,1,0,0,1,1,1,4500,8.412054873292933,1,1,0,0,6,0,3,1.3862943611198906,0,0,3,3,3,3,4,1241.0
23,3.1780538303479458,0,2,3,2,3,67,4.219507705176107,0,1,2,4,7,145,4.983606621708336,1,0,1,0,5,5,4875,8.492080490601163,1,0,0,0,3,5,5,1.791759469228055,0,2,0,5,5,1,2,656.0
101,4.624972813284271,0,2,1,3,1,34,3.5553480614894135,1,1,4,6,4,-12580,9.439943018351132,-1,1,2,0,6,0,-1250,7.1316985104669115,-1,1,1,0,3,0,10,2.3978952727983707,1,1,0,3,0,1,3,527.0
57,4.060443010546419,0,0,2,1,7,92,4.532599493153256,1,2,2,1,2,1539,7.3395376954076745,1,0,0,4,6,9,-10503,9.259511415982631,-1,0,0,2,4,7,9,2.302585092994046,0,0,4,2,9,1,3,2109.0
49,3.912023005428146,0,1,4,0,9,58,4.07753744390572,1,1,3,2,8,243,5.497168225293202,1,0,0,3,5,3,-7587,8.934323331054905,-1,0,0,3,1,3,9,2.302585092994046,0,0,4,2,9,1,2,1443.0
26,3.295836866004329,1,2,1,5,6,116,4.762173934797756,1,2,1,4,6,10240,9.234154550075438,1,1,1,0,6,0,-25850,10.160104563907877,-1,1,1,0,1,0,10,2.3978952727983707,1,1,0,3,0,2,2,3959.0
140,4.948759890378168,1,2,0,0,0,103,4.6443908991413725,0,1,3,5,3,-10125,9.222861652529854,-1,0,0,0,4,5,9963,9.20673387638207,1,0,0,3,2,3,9,2.302585092994046,0,0,4,2,9,1,2,225.0
134,4.90527477843843,1,2,4,1,4,67,4.219507705176107,0,1,2,4,7,-16461,9.70880997353259,-1,0,0,4,3,9,24651,10.112613312082134,1,0,0,1,4,1,9,2.302585092994046,0,0,4,2,9,1,3,2225.0
10,2.3978952727983707,1,1,0,3,0,135,4.912654885736052,0,0,0,2,5,5726,8.652947112393857,1,1,2,1,0,6,-11515,9.351492651732066,-1,0,2,0,0,5,7,2.0794415416798357,0,1,2,0,7,1,2,2738.0
143,4.969813299576001,0,2,3,3,3,144,4.976733742420574,1,0,4,4,4,-1280,7.155396301896734,-1,1,1,0,1,0,3648,8.202208436436448,1,1,0,3,1,8,4,1.6094379124341003,1,1,4,4,4,1,3,420.0
129,4.867534450455582,0,0,4,3,9,59,4.0943445622221,0,2,4,3,9,-1665,7.418180822726788,-1,0,0,0,1,5,-141,4.955827057601261,-1,0,0,4,6,9,3,1.3862943611198906,0,0,3,3,3,1,3,280.0
83,4.430816798843313,0,2,3,6,3,133,4.897839799950911,0,1,3,0,3,-2538,7.839525581704678,-1,1,0,2,3,2,729,6.593044534142437,1,0,0,4,1,9,9,2.302585092994046,0,0,4,2,9,1,2,1209.0
62,4.143134726391533,1,2,2,6,2,106,4.672828834461906,1,1,1,1,6,454,6.12029741895095,1,1,1,4,6,4,3544,8.173293438966228,1,1,1,4,2,4,2,1.0986122886681098,1,2,2,2,2,2,4,1599.0
93,4.543294782270004,0,0,3,2,3,127,4.852030263919617,0,1,2,1,7,156,5.056245805348308,1,1,0,1,2,6,-1032,6.940222469119639,-1,1,0,3,4,8,2,1.0986122886681098,1,2,2,2,2,1,2,814.0
18,2.9444389791664403,1,0,3,4,8,76,4.343805421853684,1,1,1,6,6,-4095,8.317766166719343,-1,0,0,0,0,5,18100,9.803722464346553,1,1,1,0,5,0,5,1.791759469228055,0,2,0,5,5,1,2,3321.0
116,4.762173934797756,1,2,1,4,6,84,4.442651256490317,1,0,4,0,4,-3824,8.249313746260636,-1,1,1,1,5,6,7084,8.865735152124781,1,1,1,4,0,4,4,1.6094379124341003,1,1,4,4,4,4,4,1517.0
143,4.969813299576001,0,2,3,3,3,63,4.1588830833596715,0,0,3,0,3,-25100,10.130662964963708,-1,1,1,0,2,0,54300,10.902297921958713,1,1,0,0,1,0,10,2.3978952727983707,1,1,0,3,0,1,2,4920.0
124,4.8283137373023015,1,1,4,5,4,82,4.418840607796598,1,1,2,5,2,-3196,8.069968149059841,-1,1,2,4,3,4,2928,7.982416346827733,1,1,0,3,2,8,4,1.6094379124341003,1,1,4,4,4,2,3,505.0
133,4.897839799950911,0,1,3,0,3,50,3.9318256327243257,1,2,0,1,0,-8073,8.996404301412886,-1,0,0,2,5,7,1215,7.103322062526113,1,0,0,0,4,5,9,2.302585092994046,0,0,4,2,9,1,2,435.0
81,4.406719247264253,0,0,1,4,1,43,3.784189633918261,0,1,3,1,3,-2436,7.798523053625206,-1,1,0,4,0,4,-832,6.725033642166843,-1,1,2,3,1,8,4,1.6094379124341003,1,1,4,4,4,1,2,475.0
118,4.77912349311153,1,1,3,6,8,55,4.02535169073515,0,1,0,6,5,-5320,8.579416534596369,-1,1,2,0,0,0,2079,7.640123172695364,1,0,0,4,0,9,7,2.0794415416798357,0,1,2,0,7,1,2,110.0
105,4.663439094112067,0,0,0,0,5,137,4.927253685157205,0,2,2,4,7,476,6.1675164908883415,1,1,2,1,0,6,2228,7.709308333385869,1,1,2,3,2,8,2,1.0986122886681098,1,2,2,2,2,1,2,952.0
33,3.5263605246161616,0,0,3,5,3,51,3.9512437185814275,0,0,1,2,1,-1080,6.985641817639208,-1,1,0,0,5,0,2140,7.669028288589683,1,1,1,0,5,0,10,2.3978952727983707,1,1,0,3,0,1,2,370.0
15,2.772588722239781,0,0,0,1,5,127,4.852030263919617,0,1,2,1,7,2352,7.763446388727362,1,1,0,2,0,2,9592,9.168788944817948,1,1,1,2,2,2,4,1.6094379124341003,1,1,4,4,4,1,2,1998.0
106,4.672828834461906,1,1,1,1,6,82,4.418840607796598,1,1,2,5,2,-2440,7.80016307039296,-1,1,2,0,3,0,320,5.771441123130016,1,1,2,0,5,0,4,1.6094379124341003,1,1,4,4,4,2,2,310.0
115,4.7535901911063645,0,1,0,3,5,17,2.8903717578961645,0,2,2,3,7,3033,8.017637159908478,1,0,0,3,2,3,12018,9.39424400995279,1,1,0,3,6,8,3,1.3862943611198906,0,0,3,3,3,1,2,4181.0
111,4.718498871295094,0,0,1,6,1,123,4.820281565605037,0,0,3,4,3,-30231,10.316656245029325,-1,0,0,4,2,9,32265,10.38176932322609,1,0,0,0,2,5,9,2.302585092994046,0,0,4,2,9,3,2,3422.0
140,4.948759890378168,1,2,0,0,0,22,3.1354942159291497,1,1,2,1,2,-9660,9.17585244151751,-1,1,0,0,0,0,7798,8.961750799330497,1,1,1,3,0,8,7,2.0794415416798357,0,1,2,0,7,1,4,1040.0
97,4.584967478670572,0,1,2,6,7,50,3.9318256327243257,1,2,0,1,0,-2889,7.969011781106478,-1,0,0,1,2,1,-5430,8.599878558034845,-1,1,0,0,2,0,3,1.3862943611198906,0,0,3,3,3,1,2,2072.0
143,4.969813299576001,0,2,3,3,3,83,4.430816798843313,0,2,3,6,3,-22272,10.011130461551485,-1,1,0,3,2,8,-8464,9.043695294567236,-1,1,2,1,6,6,8,2.1972245773362196,1,2,3,1,8,1,2,2378.0
84,4.442651256490317,1,0,4,0,4,105,4.663439094112067,0,0,0,0,5,5264,8.568836424568076,1,1,2,4,0,4,-4704,8.45638105201948,-1,1,0,1,0,6,7,2.0794415416798357,0,1,2,0,7,7,5,1943.0
16,2.833213344056216,1,1,1,2,6,113,4.736198448394496,0,2,3,1,3,1520,7.327123292259293,1,1,2,0,1,0,6425,8.768107539675803,1,0,2,0,6,5,5,1.791759469228055,0,2,0,5,5,1,3,816.0
34,3.5553480614894135,1,1,4,6,4,72,4.290459441148391,1,0,2,2,2,-3500,8.160803920954665,-1,1,1,0,0,0,8160,9.007121989469242,1,1,0,0,5,0,5,1.791759469228055,0,2,0,5,5,1,3,1378.0
55,4.02535169073515,0,1,0,6,5,90,4.51085950651685,1,0,0,6,0,80,4.394449154672439,1,1,2,0,3,0,-360,5.8888779583328805,-1,1,0,0,4,0,4,1.6094379124341003,1,1,4,4,4,1,3,510.0
95,4.564348191467836,0,2,0,4,5,110,4.709530201312334,1,2,0,5,0,-12080,9.399389249519563,-1,1,1,0,2,0,14440,9.577826662126565,1,1,1,0,6,0,10,2.3978952727983707,1,1,0,3,0,5,4,430.0
12,2.5649493574615367,1,0,2,5,2,111,4.718498871295094,0,0,1,6,1,116,4.762173934797756,1,1,2,1,4,6,2832,7.949091499830517,1,1,0,2,4,2,4,1.6094379124341003,1,1,4,4,4,1,4,275.0
71,4.276666119016055,0,2,1,1,1,84,4.442651256490317,1,0,4,0,4,460,6.133398042996649,1,1,1,0,5,0,-17520,9.771155440487087,-1,1,0,0,1,0,10,2.3978952727983707,1,1,0,3,0,1,2,2700.0
32,3.4965075614664802,1,2,2,4,2,138,4.9344739331306915,1,0,3,5,8,3762,8.232971790593437,1,1,0,2,3,2,21816,9.990444761392025,1,1,0,1,4,6,6,1.9459101490553132,1,0,1,6,6,2,3,2925.0
10,2.3978952727983707,1,1,0,3,0,84,4.442651256490317,1,0,4,0,4,5520,8.616314282284044,1,1,0,0,4,0,-15744,9.664278133535126,-1,1,0,1,6,6,8,2.1972245773362196,1,2,3,1,8,2,3,2750.0
131,4.882801922586371,0,2,1,5,1,98,4.59511985013459,1,2,3,0,8,260,5.564520407322694,1,1,2,0,1,0,-9670,9.176886995716963,-1,1,2,0,4,0,5,1.791759469228055,0,2,0,5,5,1,2,2525.0
114,4.74493212836325,1,0,4,2,4,103,4.6443908991413725,0,1,3,5,3,-5685,8.645762292210945,-1,0,0,0,6,5,15175,9.62747051161485,1,0,1,0,6,5,5,1.791759469228055,0,2,0,5,5,1,2,2583.0
29,3.4011973816621555,0,2,4,1,9,120,4.795790545596741,1,0,0,1,0,-4716,8.458928283284262,-1,1,0,4,2,4,-12000,9.392745258631441,-1,1,0,0,5,0,6,1.9459101490553132,1,0,1,6,6,1,4,2788.0
51,3.9512437185814275,0,0,1,2,1,17,2.8903717578961645,0,2,2,3,7,-688,6.535241271013659,-1,1,2,2,5,2,9920,9.202409001649903,1,1,2,0,1,0,8,2.1972245773362196,1,2,3,1,8,1,3,1150.0
73,4.30406509320417,0,1,3,3,3,13,2.6390573296152584,0,1,3,6,3,-2212,7.70210434005105,-1,1,2,3,0,8,-3548,8.174421152646497,-1,1,1,2,1,2,2,1.0986122886681098,1,2,2,2,2,1,2,2040.0
46,3.8501476017100584,1,1,1,4,6,38,3.6635616461296463,1,2,3,3,8,1686,7.430707082545968,1,1,0,1,6,6,-6858,8.83331693749932,-1,1,0,2,2,2,3,1.3862943611198906,0,0,3,3,3,1,2,2500.0
65,4.189654742026425,0,2,0,2,5,139,4.941642422609304,0,1,4,6,9,-4634,8.441391477999955,-1,1,1,1,0,6,371,5.918893854273146,1,0,2,1,0,1,7,2.0794415416798357,0,1,2,0,7,1,2,943.0
117,4.770684624465665,0,0,2,5,7,75,4.330733340286331,0,0,0,5,5,-3969,8.286521373681236,-1,0,0,1,0,1,-12285,9.416215681723873,-1,0,0,0,0,5,3,1.3862943611198906,0,0,3,3,3,3,5,4428.0
120,4.795790545596741,1,0,0,1,0,85,4.454347296253507,0,1,0,1,5,-3600,8.188966863648876,-1,1,0,0,5,0,-4400,8.38958706681109,-1,1,1,0,3,0,4,1.6094379124341003,1,1,4,4,4,1,4,1500.0
24,3.2188758248682006,1,0,4,3,4,40,3.713572066704308,1,1,0,5,0,-2712,7.905810312658931,-1,1,0,3,4,8,-4896,8.496378051702317,-1,1,0,4,4,4,6,1.9459101490553132,1,0,1,6,6,2,5,1100.0
29,3.4011973816621555,0,2,4,1,9,143,4.969813299576001,0,2,3,3,3,52,3.970291913552122,1,1,1,2,3,2,-4,1.6094379124341003,-1,1,2,1,3,6,2,1.0986122886681098,1,2,2,2,2,1,3,300.0
56,4.04305126783455,1,2,1,0,6,81,4.406719247264253,0,0,1,4,1,6496,8.77909581088053,1,1,1,1,0,6,15768,9.665801266405587,1,1,0,3,4,8,8,2.1972245773362196,1,2,3,1,8,1,4,1827.0
37,3.6375861597263857,0,1,2,2,7,147,4.997212273764115,0,0,2,0,7,7707,8.950014029534257,1,0,0,2,0,7,17199,9.752664662801545,1,0,0,4,0,9,7,2.0794415416798357,0,1,2,0,7,1,4,1972.0
79,4.382026634673881,0,1,4,2,9,99,4.605170185988092,0,0,4,1,9,-8743,9.076123029856374,-1,0,2,2,0,7,-4284,8.36287583103188,-1,1,0,1,0,6,7,2.0794415416798357,0,1,2,0,7,1,2,1479.0
103,4.6443908991413725,0,1,3,5,3,127,4.852030263919617,0,1,2,1,7,-11898,9.384209641955154,-1,1,0,2,2,2,18819,9.842675413139371,1,0,0,4,3,9,9,2.302585092994046,0,0,4,2,9,1,2,1027.0
33,3.5263605246161616,0,0,3,5,3,121,4.804021044733257,0,1,1,2,1,4980,8.513385953073284,1,1,0,0,3,0,48900,10.797553125151618,1,1,0,0,5,0,10,2.3978952727983707,1,1,0,3,0,1,2,3772.0
111,4.718498871295094,0,0,1,6,1,94,4.553876891600541,1,1,4,3,4,-4823,8.481358738407021,-1,0,1,2,0,7,5761,8.659039915644474,1,0,1,1,0,1,7,2.0794415416798357,0,1,2,0,7,1,2,187.0
65,4.189654742026425,0,2,0,2,5,87,4.477336814478207,0,0,2,3,7,-120,4.795790545596741,-1,1,0,0,6,0,7335,8.9005490139363,1,0,0,0,6,5,5,1.791759469228055,0,2,0,5,5,1,3,1075.0
81,4.406719247264253,0,0,1,4,1,104,4.653960350157523,1,2,4,6,4,-1041,6.948897222313312,-1,0,0,4,2,9,1521,7.3277805384216315,1,0,0,1,2,1,3,1.3862943611198906,0,0,3,3,3,1,3,221.0
123,4.820281565605037,0,0,3,4,3,48,3.8918202981106265,1,0,3,6,8,-3252,8.087332926473351,-1,1,0,3,3,8,-2304,7.742835955430749,-1,1,0,1,6,6,6,1.9459101490553132,1,0,1,6,6,3,4,700.0
85,4.454347296253507,0,1,0,1,5,84,4.442651256490317,1,0,4,0,4,-2625,7.873217054862741,-1,0,0,0,0,5,2499,7.824046010856292,1,0,0,4,0,9,7,2.0794415416798357,0,1,2,0,7,1,3,319.0
147,4.997212273764115,0,0,2,0,7,63,4.1588830833596715,0,0,3,0,3,-2190,7.692113339595466,-1,1,0,0,1,0,7372,8.90557995798965,1,1,1,2,1,2,2,1.0986122886681098,1,2,2,2,2,1,2,3649.0
25,3.258096538021482,0,1,0,4,5,99,4.605170185988092,0,0,4,1,9,515,6.246106765481563,1,0,2,0,4,5,5800,8.665785595466064,1,1,1,0,4,0,5,1.791759469228055,0,2,0,5,5,1,4,703.0
86,4.465908118654584,1,2,1,2,6,80,4.394449154672439,1,2,0,3,0,-1136,7.036148493750536,-1,1,1,4,5,4,1600,7.3783837129967145,1,1,1,0,4,0,4,1.6094379124341003,1,1,4,4,4,2,4,100.0
126,4.844187086458591,1,0,1,0,6,103,4.6443908991413725,0,1,3,5,3,-8850,9.088285725968877,-1,1,0,0,5,0,19200,9.862717639992917,1,1,0,0,6,0,5,1.791759469228055,0,2,0,5,5,1,2,3515.0
95,4.564348191467836,0,2,0,4,5,70,4.2626798770413155,1,1,0,0,0,2149,7.673223121121708,1,0,1,4,0,9,-16415,9.706011747970496,-1,0,1,0,0,5,7,2.0794415416798357,0,1,2,0,7,1,3,2997.0
99,4.605170185988092,0,0,4,1,9,94,4.553876891600541,1,1,4,3,4,-1675,7.424165281042028,-1,0,2,0,5,5,430,6.066108090103747,1,1,1,0,3,0,5,1.791759469228055,0,2,0,5,5,1,2,416.0
73,4.30406509320417,0,1,3,3,3,59,4.0943445622221,0,2,4,3,9,-6232,8.73761303680885,-1,1,2,3,5,8,7520,8.925454386826402,1,1,2,0,2,0,8,2.1972245773362196,1,2,3,1,8,1,2,507.0
109,4.700480365792417,0,1,4,4,9,77,4.356708826689592,0,2,2,0,7,-4356,8.379539026117442,-1,1,0,4,5,4,3348,8.116417072794205,1,1,0,3,2,8,6,1.9459101490553132,1,0,1,6,6,1,2,120.0
61,4.127134385045092,0,1,1,5,1,134,4.90527477843843,1,2,4,1,4,7900,8.974744612722734,1,1,1,0,4,0,28100,10.243560441877241,1,1,2,0,2,0,10,2.3978952727983707,1,1,0,3,0,1,2,2030.0
40,3.713572066704308,1,1,0,5,0,78,4.3694478524670215,1,0,3,1,8,-10240,9.234154550075438,-1,1,2,0,1,0,-8832,9.086249986745132,-1,1,0,3,2,8,4,1.6094379124341003,1,1,4,4,4,2,4,3480.0
14,2.70805020110221,1,2,4,0,4,16,2.833213344056216,1,1,1,2,6,-7184,8.879750798513125,-1,1,1,1,5,6,-7052,8.86120833720818,-1,1,1,3,4,8,4,1.6094379124341003,1,1,4,4,4,2,4,2523.0
105,4.663439094112067,0,0,0,0,5,74,4.31748811353631,1,2,4,4,4,-240,5.484796933490655,-1,1,0,0,5,0,-8750,9.076923258535832,-1,1,1,0,0,0,5,1.791759469228055,0,2,0,5,5,1,3,2173.0
49,3.912023005428146,0,1,4,0,9,103,4.6443908991413725,0,1,3,5,3,2255,7.721348612617949,1,0,2,0,1,5,9100,9.116139576577355,1,1,1,0,0,0,5,1.791759469228055,0,2,0,5,5,1,2,1479.0
144,4.976733742420574,1,0,4,4,4,57,4.060443010546419,0,0,2,1,7,-12128,9.40335455830888,-1,1,1,2,3,2,-6336,8.754160749323518,-1,1,0,4,6,4,8,2.1972245773362196,1,2,3,1,8,1,4,1300.0
37,3.6375861597263857,0,1,2,2,7,67,4.219507705176107,0,1,2,4,7,-1351,7.20934025660291,-1,0,2,4,0,9,2667,7.889084407035514,1,0,0,2,0,7,7,2.0794415416798357,0,1,2,0,7,1,2,110.0
109,4.700480365792417,0,1,4,4,9,114,4.74493212836325,1,0,4,2,4,-5470,8.607216694063826,-1,1,2,0,4,0,15050,9.619199713152362,1,1,2,0,0,0,5,1.791759469228055,0,2,0,5,5,1,2,2501.0
125,4.836281906951478,0,2,0,6,5,61,4.127134385045092,0,1,1,5,1,-640,6.46302945692067,-1,1,2,0,4,0,-236,5.4680601411351315,-1,1,1,4,2,4,2,1.0986122886681098,1,2,2,2,2,1,2,250.0
34,3.5553480614894135,1,1,4,6,4,128,4.859812404361672,1,2,3,2,8,3690,8.213652703029998,1,1,0,0,1,0,21456,9.973806211445082,1,1,0,1,1,6,6,1.9459101490553132,1,0,1,6,6,2,2,2925.0
30,3.4339872044851463,1,0,0,2,0,87,4.477336814478207,0,0,2,3,7,-844,6.739336627357174,-1,1,2,1,3,6,144,4.976733742420574,1,1,0,4,4,4,4,1.6094379124341003,1,1,4,4,4,1,2,325.0
29,3.4011973816621555,0,2,4,1,9,98,4.59511985013459,1,2,3,0,8,1179,7.07326971745971,1,0,0,4,3,9,-3318,8.107418811719974,-1,1,0,2,0,2,3,1.3862943611198906,0,0,3,3,3,1,2,1480.0
82,4.418840607796598,1,1,2,5,2,60,4.110873864173311,1,0,0,4,0,711,6.568077911411976,1,0,0,1,4,1,-4428,8.395929103923198,-1,1,0,2,3,2,3,1.3862943611198906,0,0,3,3,3,1,4,1725.0
111,4.718498871295094,0,0,1,6,1,42,3.7612001156935624,1,0,2,0,2,-714,6.5722825426940075,-1,1,0,1,0,6,528,6.270988431858299,1,1,0,3,3,8,2,1.0986122886681098,1,2,2,2,2,1,4,225.0
79,4.382026634673881,0,1,4,2,9,25,3.258096538021482,0,1,0,4,5,564,6.336825731146441,1,1,0,4,4,4,-824,6.715383386334681,-1,1,1,1,2,6,2,1.0986122886681098,1,2,2,2,2,1,2,638.0
53,3.9889840465642745,0,2,3,4,3,43,3.784189633918261,0,1,3,1,3,-3528,8.16876982367527,-1,1,0,2,0,2,-2340,7.75833346749091,-1,1,0,0,5,0,6,1.9459101490553132,1,0,1,6,6,1,2,702.0
26,3.295836866004329,1,2,1,5,6,131,4.882801922586371,0,2,1,5,1,747,6.617402977974478,1,0,0,2,5,7,2487,7.81923445385907,1,0,0,2,2,7,3,1.3862943611198906,0,0,3,3,3,1,2,545.0
42,3.7612001156935624,1,0,2,0,2,46,3.8501476017100584,1,1,1,4,6,735,6.601230118728877,1,0,0,0,0,5,-7322,8.89877535906107,-1,1,1,3,0,8,7,2.0794415416798357,0,1,2,0,7,1,3,1425.0
129,4.867534450455582,0,0,4,3,9,25,3.258096538021482,0,1,0,4,5,-885,6.786716950605081,-1,0,0,0,4,5,-9775,9.187685681411377,-1,0,2,0,4,5,5,1.791759469228055,0,2,0,5,5,1,4,2132.0
116,4.762173934797756,1,2,1,4,6,59,4.0943445622221,0,2,4,3,9,1008,6.9167150203536085,1,1,0,3,0,8,11844,9.379661116592885,1,1,0,4,0,4,6,1.9459101490553132,1,0,1,6,6,1,2,1836.0
104,4.653960350157523,1,2,4,6,4,113,4.736198448394496,0,2,3,1,3,-4214,8.346404870435956,-1,1,1,1,0,6,6713,8.81195017753998,1,0,2,3,0,3,7,2.0794415416798357,0,1,2,0,7,1,2,210.0
24,3.2188758248682006,1,0,4,3,4,98,4.59511985013459,1,2,3,0,8,-2763,7.92443418488756,-1,0,0,2,2,7,5130,8.543055850941965,1,1,0,0,6,0,9,2.302585092994046,0,0,4,2,9,1,2,325.0
87,4.477336814478207,0,0,2,3,7,81,4.406719247264253,0,0,1,4,1,-1701,7.43955930913332,-1,0,0,4,0,9,30321,10.319628800641526,1,0,0,1,4,1,9,2.302585092994046,0,0,4,2,9,3,4,2706.0
58,4.07753744390572,1,1,3,2,8,132,4.890349128221754,1,0,2,6,2,-99,4.605170185988092,-1,0,0,1,6,1,624,6.437751649736401,1,1,0,4,1,4,3,1.3862943611198906,0,0,3,3,3,1,3,235.0
137,4.927253685157205,0,2,2,4,7,44,3.8066624897703196,1,2,4,2,4,-17060,9.74455043597491,-1,1,1,0,6,0,15920,9.675394271496005,1,1,2,0,2,0,10,2.3978952727983707,1,1,0,3,0,1,2,1200.0
32,3.4965075614664802,1,2,2,4,2,48,3.8918202981106265,1,0,3,6,8,-3353,8.117908942383155,-1,0,1,2,0,7,6636,8.800415333145924,1,1,0,1,0,6,7,2.0794415416798357,0,1,2,0,7,1,2,663.0
36,3.6109179126442243,1,0,1,1,6,16,2.833213344056216,1,1,1,2,6,4176,8.337348564497175,1,1,0,1,4,6,16536,9.713355573650196,1,1,0,1,2,6,6,1.9459101490553132,1,0,1,6,6,2,5,2812.0
47,3.871201010907891,0,2,2,5,7,88,4.48863636973214,1,1,3,4,8,3670,8.208219383496834,1,1,1,0,2,0,-28400,10.254179634797001,-1,1,1,0,6,0,10,2.3978952727983707,1,1,0,3,0,1,2,3813.0
82,4.418840607796598,1,1,2,5,2,54,4.007333185232471,1,0,4,5,4,-11772,9.373564053078196,-1,1,0,3,2,8,16686,9.722385252146903,1,1,0,1,5,6,9,2.302585092994046,0,0,4,2,9,1,5,1482.0
126,4.844187086458591,1,0,1,0,6,111,4.718498871295094,0,0,1,6,1,-846,6.741700694652055,-1,1,0,4,1,4,900,6.803505257608338,1,1,0,0,4,0,2,1.0986122886681098,1,2,2,2,2,1,3,285.0
99,4.605170185988092,0,0,4,1,9,81,4.406719247264253,0,0,1,4,1,1108,7.011213987350367,1,1,1,3,2,8,-2496,7.822845290279774,-1,1,0,4,3,4,2,1.0986122886681098,1,2,2,2,2,1,2,1598.0
122,4.812184355372417,1,2,2,3,2,65,4.189654742026425,0,2,0,2,5,-14528,9.583901931071338,-1,1,1,2,4,2,-8440,9.04085606398372,-1,1,2,0,2,0,8,2.1972245773362196,1,2,3,1,8,1,2,1785.0
20,3.044522437723423,1,2,0,6,0,53,3.9889840465642745,0,2,3,4,3,3064,8.027802848370312,1,1,1,4,5,4,-14192,9.560504164299259,-1,1,1,3,4,8,4,1.6094379124341003,1,1,4,4,4,1,3,3854.0
65,4.189654742026425,0,2,0,2,5,120,4.795790545596741,1,0,0,1,0,-800,6.68586094706836,-1,1,1,0,5,0,2880,7.9658927350845286,1,1,0,0,3,0,2,1.0986122886681098,1,2,2,2,2,1,4,1230.0
109,4.700480365792417,0,1,4,4,9,17,2.8903717578961645,0,2,2,3,7,-9909,9.201299627324033,-1,0,0,1,3,1,4527,8.41803561988302,1,0,0,2,5,7,9,2.302585092994046,0,0,4,2,9,1,2,370.0
83,4.430816798843313,0,2,3,6,3,96,4.574710978503383,1,0,1,5,6,-3870,8.261268150577648,-1,1,0,0,1,0,432,6.07073772800249,1,1,0,2,5,2,6,1.9459101490553132,1,0,1,6,6,1,3,525.0
63,4.1588830833596715,0,0,3,0,3,12,2.5649493574615367,1,0,2,5,2,-3078,8.0323601479245,-1,1,0,2,2,2,-11052,9.310457163310955,-1,1,0,3,1,8,3,1.3862943611198906,0,0,3,3,3,3,5,3813.0
121,4.804021044733257,0,1,1,2,1,88,4.48863636973214,1,1,3,4,8,-4184,8.339261982923576,-1,1,1,1,2,6,-2912,7.976938756959434,-1,1,1,3,0,8,8,2.1972245773362196,1,2,3,1,8,1,3,1157.0
34,3.5553480614894135,1,1,4,6,4,33,3.5263605246161616,0,0,3,5,3,876,6.776506992372183,1,1,0,1,1,6,6228,8.736971085254146,1,1,0,3,5,8,6,1.9459101490553132,1,0,1,6,6,1,2,910.0
87,4.477336814478207,0,0,2,3,7,29,3.4011973816621555,0,2,4,1,9,-8835,9.086589564540008,-1,0,0,0,6,5,20150,9.911009193934975,1,1,2,0,4,0,5,1.791759469228055,0,2,0,5,5,1,3,4107.0
15,2.772588722239781,0,0,0,1,5,66,4.204692619390966,1,0,1,3,6,1337,7.198931240688173,1,0,2,2,0,7,7119,8.87066300440602,1,0,0,4,0,9,7,2.0794415416798357,0,1,2,0,7,1,2,629.0
56,4.04305126783455,1,2,1,0,6,110,4.709530201312334,1,2,0,5,0,261,5.568344503761097,1,0,0,1,2,1,-30,3.4339872044851463,-1,1,0,0,5,0,3,1.3862943611198906,0,0,3,3,3,1,2,425.0
104,4.653960350157523,1,2,4,6,4,87,4.477336814478207,0,0,2,3,7,-8616,9.061492275239766,-1,1,0,4,1,4,864,6.762729506931879,1,1,0,4,3,4,8,2.1972245773362196,1,2,3,1,8,1,3,637.0
11,2.4849066497880004,0,2,1,4,1,140,4.948759890378168,1,2,0,0,0,1928,7.564757012905729,1,1,2,3,3,8,17984,9.797293356129725,1,1,2,4,1,4,8,2.1972245773362196,1,2,3,1,8,1,2,1175.0
49,3.912023005428146,0,1,4,0,9,90,4.51085950651685,1,0,0,6,0,434,6.075346031088684,1,1,2,4,0,4,1872,7.5352967024440884,1,1,0,2,3,2,2,1.0986122886681098,1,2,2,2,2,1,3,819.0
119,4.787491742782046,0,2,4,0,9,116,4.762173934797756,1,2,1,4,6,-9650,9.174816815907135,-1,1,1,0,3,0,14600,9.588845298501564,1,1,2,0,5,0,10,2.3978952727983707,1,1,0,3,0,1,2,375.0
37,3.6375861597263857,0,1,2,2,7,17,2.8903717578961645,0,2,2,3,7,234,5.459585514144159,1,1,0,4,3,4,2673,7.891330757661889,1,0,0,3,6,3,3,1.3862943611198906,0,0,3,3,3,1,2,861.0
17,2.8903717578961645,0,2,2,3,7,131,4.882801922586371,0,2,1,5,1,340,5.831882477283517,1,1,1,0,4,0,-20,3.044522437723423,-1,1,1,0,1,0,2,1.0986122886681098,1,2,2,2,2,1,4,340.0
25,3.258096538021482,0,1,0,4,5,81,4.406719247264253,0,0,1,4,1,-1756,7.471363088187097,-1,1,2,4,1,4,-7036,8.85893722196655,-1,1,2,4,6,4,2,1.0986122886681098,1,2,2,2,2,1,2,3772.0
62,4.143134726391533,1,2,2,6,2,53,3.9889840465642745,0,2,3,4,3,2842,7.952615111651,1,1,1,2,0,2,19747,9.890807499378754,1,0,1,2,0,7,7,2.0794415416798357,0,1,2,0,7,1,2,2590.0
36,3.6109179126442243,1,0,1,1,6,60,4.110873864173311,1,0,0,4,0,-1242,7.1252830915107115,-1,1,0,3,4,8,-684,6.529418838262226,-1,1,0,1,2,6,3,1.3862943611198906,0,0,3,3,3,3,5,510.0
75,4.330733340286331,0,0,0,5,5,49,3.912023005428146,0,1,4,0,9,912,6.816735880594968,1,1,0,2,2,2,-5376,8.589885876809678,-1,1,0,4,0,4,4,1.6094379124341003,1,1,4,4,4,1,2,1628.0
50,3.9318256327243257,1,2,0,1,0,44,3.8066624897703196,1,2,4,2,4,6650,8.802522498284421,1,1,2,0,0,0,-7195,8.881280595070423,-1,0,2,0,1,5,5,1.791759469228055,0,2,0,5,5,1,4,2291.0
132,4.890349128221754,1,0,2,6,2,78,4.3694478524670215,1,0,3,1,8,5892,8.681520484837913,1,1,0,2,5,2,8136,9.004176840696656,1,1,0,1,2,6,3,1.3862943611198906,0,0,3,3,3,3,4,3422.0
139,4.941642422609304,0,1,4,6,9,64,4.174387269895637,1,1,4,1,4,-7955,8.981681639973862,-1,0,1,0,4,5,10000,9.210440366976517,1,1,1,0,4,0,5,1.791759469228055,0,2,0,5,5,1,2,1904.0
97,4.584967478670572,0,1,2,6,7,10,2.3978952727983707,1,1,0,3,0,6543,8.786303878282583,1,0,0,3,5,3,-14310,9.568783751310876,-1,1,0,0,5,0,9,2.302585092994046,0,0,4,2,9,1,3,2320.0
58,4.07753744390572,1,1,3,2,8,16,2.833213344056216,1,1,1,2,6,-4050,8.30671904320269,-1,1,0,0,3,0,2160,7.6783263565068856,1,1,0,0,4,0,9,2.302585092994046,0,0,4,2,9,1,3,120.0
68,4.23410650459726,1,2,3,5,8,74,4.31748811353631,1,2,4,4,4,-1792,7.491645473605133,-1,1,2,3,0,8,-1408,7.25063551189868,-1,1,2,2,6,2,8,2.1972245773362196,1,2,3,1,8,2,2,832.0
137,4.927253685157205,0,2,2,4,7,71,4.276666119016055,0,2,1,1,1,-6395,8.763428073953845,-1,0,1,0,3,5,14975,9.614204198717374,1,0,2,0,2,5,5,1.791759469228055,0,2,0,5,5,1,2,2706.0
99,4.605170185988092,0,0,4,1,9,34,3.5553480614894135,1,1,4,6,4,2376,7.773594467360194,1,1,0,1,3,6,27624,10.226476438820054,1,1,0,4,2,4,6,1.9459101490553132,1,0,1,6,6,1,3,4510.0
86,4.465908118654584,1,2,1,2,6,71,4.276666119016055,0,2,1,1,1,-7479,8.919988070968524,-1,0,0,1,4,1,5067,8.53070154144103,1,0,0,2,6,7,9,2.302585092994046,0,0,4,2,9,1,2,95.0
86,4.465908118654584,1,2,1,2,6,114,4.74493212836325,1,0,4,2,4,936,6.842683282238422,1,1,0,1,5,6,-3456,8.148156439921625,-1,1,0,4,2,4,6,1.9459101490553132,1,0,1,6,6,2,3,1428.0
32,3.4965075614664802,1,2,2,4,2,44,3.8066624897703196,1,2,4,2,4,-19400,9.873079890114703,-1,1,1,0,4,0,21410,9.971660087639178,1,1,2,0,4,0,10,2.3978952727983707,1,1,0,3,0,2,2,2349.0
33,3.5263605246161616,0,0,3,5,3,53,3.9889840465642745,0,2,3,4,3,-2508,7.827639546366422,-1,1,0,2,5,2,-7952,8.981304494957135,-1,1,1,3,0,8,4,1.6094379124341003,1,1,4,4,4,1,3,2255.0
114,4.74493212836325,1,0,4,2,4,13,2.6390573296152584,0,1,3,6,3,-3952,8.282230063296685,-1,1,2,3,3,8,7504,8.923324744067562,1,1,1,4,0,4,4,1.6094379124341003,1,1,4,4,4,1,3,1900.0
93,4.543294782270004,0,0,3,2,3,99,4.605170185988092,0,0,4,1,9,-5292,8.574140471857987,-1,1,0,3,0,8,6615,8.797246236703527,1,0,0,0,0,5,7,2.0794415416798357,0,1,2,0,7,1,2,273.0
146,4.990432586778736,1,2,1,6,6,91,4.5217885770490405,0,1,1,0,1,-8099,8.99961934066053,-1,0,1,1,0,1,2191,7.692569648067906,1,0,1,1,0,1,7,2.0794415416798357,0,1,2,0,7,1,4,351.0
53,3.9889840465642745,0,2,3,4,3,50,3.9318256327243257,1,2,0,1,0,2788,7.933438387627489,1,1,1,3,2,8,16960,9.738671869871839,1,1,1,0,6,0,4,1.6094379124341003,1,1,4,4,4,1,3,4141.0
21,3.091042453358316,0,0,1,0,1,50,3.9318256327243257,1,2,0,1,0,2184,7.68937110752969,1,1,0,4,0,4,11880,9.382695764458287,1,1,0,0,1,0,6,1.9459101490553132,1,0,1,6,6,1,3,1750.0
125,4.836281906951478,0,2,0,6,5,125,4.836281906951478,0,2,0,6,5,6080,8.71292443512011,1,1,2,0,4,0,-6784,8.82246957226897,-1,1,2,1,6,6,8,2.1972245773362196,1,2,3,1,8,1,3,2552.0
143,4.969813299576001,0,2,3,3,3,58,4.07753744390572,1,1,3,2,8,1044,6.951772164398911,1,1,0,4,1,4,-15972,9.678655075789957,-1,1,0,3,2,8,6,1.9459101490553132,1,0,1,6,6,1,3,3182.0
126,4.844187086458591,1,0,1,0,6,76,4.343805421853684,1,1,1,6,6,-5910,8.684570300824369,-1,1,0,0,5,0,-6150,8.724369949208368,-1,1,0,0,3,0,5,1.791759469228055,0,2,0,5,5,1,2,1702.0
66,4.204692619390966,1,0,1,3,6,100,4.61512051684126,1,1,0,2,0,-16860,9.732758541777981,-1,1,0,0,3,0,55600,10.925956465688445,1,1,1,0,6,0,10,2.3978952727983707,1,1,0,3,0,2,4,4674.0
109,4.700480365792417,0,1,4,4,9,54,4.007333185232471,1,0,4,5,4,-7735,8.95364003713313,-1,0,2,0,0,5,13286,9.494541392591309,1,1,2,1,0,6,7,2.0794415416798357,0,1,2,0,7,1,2,1558.0
69,4.248495242049359,0,0,4,6,9,67,4.219507705176107,0,1,2,4,7,4119,8.323608442343572,1,0,0,4,3,9,5580,8.627123250788433,1,1,0,0,1,0,3,1.3862943611198906,0,0,3,3,3,1,3,2291.0
30,3.4339872044851463,1,0,0,2,0,94,4.553876891600541,1,1,4,3,4,-1164,7.060476365999801,-1,1,0,1,5,6,2416,7.790282380703483,1,1,1,1,1,6,4,1.6094379124341003,1,1,4,4,4,2,2,285.0
83,4.430816798843313,0,2,3,6,3,112,4.727387818712341,1,1,2,0,2,1926,7.563719668414366,1,1,0,1,1,6,25872,10.160955232894292,1,1,0,2,0,2,6,1.9459101490553132,1,0,1,6,6,1,3,3731.0
14,2.70805020110221,1,2,4,0,4,136,4.919980925828125,1,1,1,3,6,-2975,7.998335395952982,-1,0,1,0,0,5,12400,9.425532393502772,1,1,1,0,3,0,5,1.791759469228055,0,2,0,5,5,1,2,1875.0
138,4.9344739331306915,1,0,3,5,8,120,4.795790545596741,1,0,0,1,0,-918,6.823286122355687,-1,1,0,2,6,2,968,6.876264611890766,1,1,2,3,2,8,2,1.0986122886681098,1,2,2,2,2,2,4,305.0
63,4.1588830833596715,0,0,3,0,3,92,4.532599493153256,1,2,2,1,2,450,6.111467339502679,1,1,0,0,2,0,-6700,8.81001204797317,-1,1,2,0,6,0,5,1.791759469228055,0,2,0,5,5,1,2,1845.0
110,4.709530201312334,1,2,0,5,0,11,2.4849066497880004,0,2,1,4,1,-13750,9.528866827722945,-1,1,2,0,5,0,11825,9.378055776380775,1,0,2,0,2,5,5,1.791759469228055,0,2,0,5,5,1,7,3190.0
150,5.017279836814924,1,0,0,3,0,28,3.367295829986474,1,1,3,0,8,-1350,7.208600337960199,-1,1,0,0,1,0,-29232,10.283053487118604,-1,1,0,3,0,8,9,2.302585092994046,0,0,4,2,9,1,4,3700.0
50,3.9318256327243257,1,2,0,1,0,56,4.04305126783455,1,2,1,0,6,-4248,8.354438940114811,-1,1,0,2,1,2,9156,9.122273893107732,1,1,0,1,0,6,6,1.9459101490553132,1,0,1,6,6,2,2,1258.0
57,4.060443010546419,0,0,2,1,7,60,4.110873864173311,1,0,0,4,0,6608,8.796187635470453,1,1,2,3,0,8,-6936,8.844624683385302,-1,1,0,4,1,4,4,1.6094379124341003,1,1,4,4,4,1,3,2726.0
92,4.532599493153256,1,2,2,1,2,97,4.584967478670572,0,1,2,6,7,-2772,7.927685045615778,-1,1,0,3,0,8,4788,8.47407690034261,1,1,0,3,0,8,6,1.9459101490553132,1,0,1,6,6,1,2,234.0
146,4.990432586778736,1,2,1,6,6,108,4.6913478822291435,1,0,3,3,8,-5904,8.683554728631462,-1,1,0,1,4,6,3024,8.014666370464942,1,1,0,4,0,4,6,1.9459101490553132,1,0,1,6,6,2,4,180.0
14,2.70805020110221,1,2,4,0,4,114,4.74493212836325,1,0,4,2,4,-736,6.602587892189336,-1,1,2,4,6,4,2088,7.644440761556566,1,1,0,3,2,8,2,1.0986122886681098,1,2,2,2,2,2,4,884.0
141,4.955827057601261,0,0,1,1,1,48,3.8918202981106265,1,0,3,6,8,-1026,6.934397209928558,-1,1,0,4,3,4,-1392,7.239214973779806,-1,1,0,3,1,8,2,1.0986122886681098,1,2,2,2,2,1,4,825.0
19,2.995732273553991,0,1,4,5,9,79,4.382026634673881,0,1,4,2,9,1299,7.170119543449628,1,0,0,4,4,9,5751,8.657302899400882,1,0,0,1,4,1,3,1.3862943611198906,0,0,3,3,3,1,2,1750.0
91,4.5217885770490405,0,1,1,0,1,28,3.367295829986474,1,1,3,0,8,660,6.493753839851686,1,1,0,0,2,0,-1808,7.500529485395295,-1,1,1,2,5,2,2,1.0986122886681098,1,2,2,2,2,1,3,1088.0
72,4.290459441148391,1,0,2,2,2,137,4.927253685157205,0,2,2,4,7,-4508,8.413830678421084,-1,1,1,2,0,2,3353,8.117908942383155,1,0,2,3,0,3,7,2.0794415416798357,0,1,2,0,7,1,2,500.0
121,4.804021044733257,0,1,1,2,1,35,3.58351893845611,0,2,0,0,5,224,5.41610040220442,1,1,2,4,0,4,-1708,7.443663683115591,-1,1,2,2,0,2,4,1.6094379124341003,1,1,4,4,4,1,2,783.0
52,3.970291913552122,1,1,2,3,2,101,4.624972813284271,0,2,1,3,1,-5800,8.665785595466064,-1,1,2,0,3,0,7250,8.888894669371593,1,1,2,0,5,0,5,1.791759469228055,0,2,0,5,5,1,2,1305.0
120,4.795790545596741,1,0,0,1,0,25,3.258096538021482,0,1,0,4,5,-234,5.459585514144159,-1,1,0,1,4,6,1353,7.21081845347222,1,0,0,3,2,3,3,1.3862943611198906,0,0,3,3,3,1,3,470.0
28,3.367295829986474,1,1,3,0,8,105,4.663439094112067,0,0,0,0,5,422,6.0473721790462776,1,1,2,2,2,2,1132,7.0326242610280065,1,1,1,2,5,2,2,1.0986122886681098,1,2,2,2,2,1,3,445.0
112,4.727387818712341,1,1,2,0,2,27,3.332204510175204,0,0,2,6,7,1296,7.167809184316444,1,1,0,1,1,6,-14568,9.586651262653996,-1,1,0,2,6,2,6,1.9459101490553132,1,0,1,6,6,1,3,2738.0
28,3.367295829986474,1,1,3,0,8,113,4.736198448394496,0,2,3,1,3,300,5.707110264748875,1,1,0,0,6,0,425,6.054439346269371,1,0,2,0,5,5,5,1.791759469228055,0,2,0,5,5,1,2,520.0
110,4.709530201312334,1,2,0,5,0,137,4.927253685157205,0,2,2,4,7,-5010,8.519390774959724,-1,1,0,0,2,0,-2988,8.002694162283937,-1,1,0,2,1,2,3,1.3862943611198906,0,0,3,3,3,1,2,1943.0
74,4.31748811353631,1,2,4,4,4,79,4.382026634673881,0,1,4,2,9,1818,7.506042178518122,1,1,0,3,5,8,22764,10.032979547768882,1,1,0,4,0,4,6,1.9459101490553132,1,0,1,6,6,1,2,3403.0
88,4.48863636973214,1,1,3,4,8,138,4.9344739331306915,1,0,3,5,8,-9248,9.13227071655426,-1,1,1,2,6,2,-6024,8.703672758358856,-1,1,0,1,3,6,4,1.6094379124341003,1,1,4,4,4,2,3,2842.0
19,2.995732273553991,0,1,4,5,9,97,4.584967478670572,0,1,2,6,7,4864,8.489821994620105,1,1,1,4,6,4,-176,5.176149732573829,-1,1,1,4,6,4,8,2.1972245773362196,1,2,3,1,8,1,3,1102.0
44,3.8066624897703196,1,2,4,2,4,93,4.543294782270004,0,0,3,2,3,-1280,7.155396301896734,-1,1,1,0,1,0,5140,8.545002892055505,1,1,1,0,2,0,10,2.3978952727983707,1,1,0,3,0,1,2,520.0
65,4.189654742026425,0,2,0,2,5,72,4.290459441148391,1,0,2,2,2,5155,8.547916364059079,1,0,1,0,3,5,-17975,9.796792813865165,-1,0,1,0,1,5,5,1.791759469228055,0,2,0,5,5,1,3,4181.0
14,2.70805020110221,1,2,4,0,4,61,4.127134385045092,0,1,1,5,1,5410,8.596189197642735,1,1,1,0,6,0,-15275,9.634038248345407,-1,0,1,0,6,5,5,1.791759469228055,0,2,0,5,5,1,2,3552.0
111,4.718498871295094,0,0,1,6,1,21,3.091042453358316,0,0,1,0,1,-1818,7.506042178518122,-1,1,0,2,2,2,-903,6.806829360392176,-1,0,0,2,0,7,3,1.3862943611198906,0,0,3,3,3,3,5,455.0
46,3.8501476017100584,1,1,1,4,6,41,3.7376696182833684,0,2,1,6,1,-1346,7.205635176410364,-1,1,1,4,5,4,4148,8.330622620332868,1,1,2,3,4,8,2,1.0986122886681098,1,2,2,2,2,1,3,2075.0
91,4.5217885770490405,0,1,1,0,1,36,3.6109179126442243,1,0,1,1,6,-355,5.87493073085203,-1,0,2,0,2,5,-4700,8.45553053102413,-1,1,1,0,4,0,5,1.791759469228055,0,2,0,5,5,1,2,1184.0
58,4.07753744390572,1,1,3,2,8,137,4.927253685157205,0,2,2,4,7,-3364,8.121183242078828,-1,1,2,1,3,6,-6160,8.725994381014571,-1,1,2,0,0,0,4,1.6094379124341003,1,1,4,4,4,1,3,2175.0
102,4.634728988229636,1,0,2,4,2,114,4.74493212836325,1,0,4,2,4,-4440,8.398634855292102,-1,1,0,0,5,0,22200,10.007892611890918,1,1,0,0,3,0,10,2.3978952727983707,1,1,0,3,0,2,3,1224.0
92,4.532599493153256,1,2,2,1,2,95,4.564348191467836,0,2,0,4,5,-1304,7.173958319756794,-1,1,1,1,5,6,4540,8.420902531097951,1,1,1,0,4,0,2,1.0986122886681098,1,2,2,2,2,1,3,2132.0
134,4.90527477843843,1,2,4,1,4,108,4.6913478822291435,1,0,3,3,8,-11232,9.326611153641569,-1,1,0,3,3,8,22578,10.024775549743328,1,1,0,3,3,8,6,1.9459101490553132,1,0,1,6,6,2,4,3293.0
138,4.9344739331306915,1,0,3,5,8,51,3.9512437185814275,0,0,1,2,1,-22200,10.007892611890918,-1,1,0,0,4,0,-10650,9.273409063443166,-1,1,0,0,4,0,10,2.3978952727983707,1,1,0,3,0,1,2,1785.0
75,4.330733340286331,0,0,0,5,5,15,2.772588722239781,0,0,0,1,5,-5187,8.554103545436334,-1,0,0,3,0,3,-3675,8.209580483475577,-1,0,0,0,0,5,7,2.0794415416798357,0,1,2,0,7,1,5,666.0
100,4.61512051684126,1,1,0,2,0,107,4.68213122712422,0,2,2,2,7,-200,5.303304908059076,-1,1,1,0,3,0,-52,3.970291913552122,-1,1,2,3,4,8,2,1.0986122886681098,1,2,2,2,2,1,4,260.0
107,4.68213122712422,0,2,2,2,7,106,4.672828834461906,1,1,1,1,6,1195,7.086737934510577,1,0,1,0,5,5,19850,9.89600966268017,1,1,2,0,5,0,5,1.791759469228055,0,2,0,5,5,1,2,3526.0
68,4.23410650459726,1,2,3,5,8,40,3.713572066704308,1,1,0,5,0,-402,5.998936561946683,-1,1,0,3,4,8,-360,5.8888779583328805,-1,1,0,0,4,0,3,1.3862943611198906,0,0,3,3,3,1,3,250.0
135,4.912654885736052,0,0,0,2,5,88,4.48863636973214,1,1,3,4,8,810,6.698268054115413,1,1,0,0,5,0,-22032,10.000296608464188,-1,1,0,3,4,8,6,1.9459101490553132,1,0,1,6,6,1,3,4305.0
98,4.59511985013459,1,2,3,0,8,85,4.454347296253507,0,1,0,1,5,-7640,8.941283763647567,-1,1,1,0,4,0,11380,9.33970057728189,1,1,1,0,5,0,10,2.3978952727983707,1,1,0,3,0,1,2,360.0
87,4.477336814478207,0,0,2,3,7,19,2.995732273553991,0,1,4,5,9,912,6.816735880594968,1,1,0,2,2,2,4396,8.388677769180811,1,1,1,1,0,6,2,1.0986122886681098,1,2,2,2,2,1,3,2250.0
81,4.406719247264253,0,0,1,4,1,84,4.442651256490317,1,0,4,0,4,-8352,9.030376034755907,-1,1,0,3,6,8,-3864,8.259716961021523,-1,1,0,1,0,6,8,2.1972245773362196,1,2,3,1,8,1,3,1221.0
77,4.356708826689592,0,2,2,0,7,22,3.1354942159291497,1,1,2,1,2,763,6.638567789166521,1,0,1,3,0,3,14308,9.568643988906736,1,1,1,3,0,8,7,2.0794415416798357,0,1,2,0,7,1,3,1998.0
56,4.04305126783455,1,2,1,0,6,28,3.367295829986474,1,1,3,0,8,-18576,9.829679535391405,-1,1,0,4,2,4,17010,9.741615472609583,1,1,0,0,0,0,9,2.302585092994046,0,0,4,2,9,1,3,2262.0
72,4.290459441148391,1,0,2,2,2,133,4.897839799950911,0,1,3,0,3,-4752,8.46653127661401,-1,1,0,3,1,8,5908,8.684231891345675,1,1,1,3,0,8,4,1.6094379124341003,1,1,4,4,4,1,4,1305.0
124,4.8283137373023015,1,1,4,5,4,142,4.962844630259907,1,1,2,2,2,-3072,8.030409562130485,-1,1,0,3,1,8,2502,7.8252452914317745,1,1,0,2,3,2,6,1.9459101490553132,1,0,1,6,6,2,2,493.0
35,3.58351893845611,0,2,0,0,5,57,4.060443010546419,0,0,2,1,7,-9576,9.16711966952162,-1,1,0,4,0,4,27729,10.230270138609823,1,0,0,4,2,9,9,2.302585092994046,0,0,4,2,9,1,3,2675.0
127,4.852030263919617,0,1,2,1,7,147,4.997212273764115,0,0,2,0,7,-4735,8.462948176563842,-1,0,2,0,4,5,6600,8.79497643168877,1,1,0,0,6,0,5,1.791759469228055,0,2,0,5,5,1,2,663.0
131,4.882801922586371,0,2,1,5,1,15,2.772588722239781,0,0,0,1,5,-15744,9.664278133535126,-1,1,0,1,6,6,-12840,9.460398455831275,-1,1,0,0,5,0,8,2.1972245773362196,1,2,3,1,8,1,3,1955.0
33,3.5263605246161616,0,0,3,5,3,96,4.574710978503383,1,0,1,5,6,-8973,9.102086786535928,-1,0,0,2,1,7,29376,10.287967334235157,1,1,0,1,4,6,9,2.302585092994046,0,0,4,2,9,3,3,2500.0
101,4.624972813284271,0,2,1,3,1,143,4.969813299576001,0,2,3,3,3,-2100,7.650168700845001,-1,1,0,0,0,0,2555,7.846198815497425,1,0,2,0,0,5,5,1.791759469228055,0,2,0,5,5,1,2,221.0
20,3.044522437723423,1,2,0,6,0,49,3.912023005428146,0,1,4,0,9,19980,9.902537101000133,1,1,0,0,2,0,-18711,9.836920308264014,-1,0,0,4,0,9,9,2.302585092994046,0,0,4,2,9,1,3,3480.0
85,4.454347296253507,0,1,0,1,5,79,4.382026634673881,0,1,4,2,9,-18670,9.834726796965336,-1,1,2,0,6,0,53100,10.879951039444416,1,1,0,0,5,0,10,2.3978952727983707,1,1,0,3,0,1,2,4633.0
136,4.919980925828125,1,1,1,3,6,46,3.8501476017100584,1,1,1,4,6,-2178,7.68662133494462,-1,1,0,2,6,2,1686,7.430707082545968,1,1,0,1,6,6,3,1.3862943611198906,0,0,3,3,3,1,2,530.0
123,4.820281565605037,0,0,3,4,3,87,4.477336814478207,0,0,2,3,7,-6075,8.712101863715663,-1,0,0,0,1,5,-975,6.883462586413092,-1,0,0,0,5,5,5,1.791759469228055,0,2,0,5,5,1,2,870.0
62,4.143134726391533,1,2,2,6,2,122,4.812184355372417,1,2,2,3,2,3321,8.10832229017324,1,0,0,1,3,1,46962,10.7571153366182,1,1,0,2,6,2,9,2.302585092994046,0,0,4,2,9,1,2,4223.0
34,3.5553480614894135,1,1,4,6,4,107,4.68213122712422,0,2,2,2,7,-5470,8.607216694063826,-1,1,2,0,4,0,-10800,9.287394001418473,-1,1,0,0,1,0,5,1.791759469228055,0,2,0,5,5,1,2,2849.0
84,4.442651256490317,1,0,4,0,4,129,4.867534450455582,0,0,4,3,9,120,4.795790545596741,1,1,0,0,1,0,1124,7.025538314638521,1,1,2,4,4,4,2,1.0986122886681098,1,2,2,2,2,1,3,380.0
60,4.110873864173311,1,0,0,4,0,93,4.543294782270004,0,0,3,2,3,-3132,8.049746290952191,-1,1,0,3,4,8,-6723,8.813438494528507,-1,0,0,2,4,7,3,1.3862943611198906,0,0,3,3,3,3,4,2664.0
75,4.330733340286331,0,0,0,5,5,77,4.356708826689592,0,2,2,0,7,-6012,8.70167907103957,-1,1,0,3,1,8,12432,9.428109506952937,1,1,0,2,0,2,6,1.9459101490553132,1,0,1,6,6,1,2,1702.0
42,3.7612001156935624,1,0,2,0,2,125,4.836281906951478,0,2,0,6,5,840,6.734591659972948,1,1,0,0,0,0,20096,9.908325829176377,1,1,2,1,6,6,8,2.1972245773362196,1,2,3,1,8,1,3,1575.0
20,3.044522437723423,1,2,0,6,0,111,4.718498871295094,0,0,1,6,1,1540,7.340186835320115,1,1,1,0,0,0,8799,9.082507000466299,1,0,0,4,0,9,7,2.0794415416798357,0,1,2,0,7,1,3,600.0
24,3.2188758248682006,1,0,4,3,4,120,4.795790545596741,1,0,0,1,0,1696,7.436617265234227,1,1,1,1,2,6,-2880,7.9658927350845286,-1,1,0,0,4,0,2,1.0986122886681098,1,2,2,2,2,2,7,1904.0
63,4.1588830833596715,0,0,3,0,3,26,3.295836866004329,1,2,1,5,6,-9750,9.18512512283512,-1,1,0,0,1,0,-5680,8.644882552557126,-1,1,2,0,4,0,10,2.3978952727983707,1,1,0,3,0,1,3,897.0
48,3.8918202981106265,1,0,3,6,8,28,3.367295829986474,1,1,3,0,8,6012,8.70167907103957,1,1,0,2,6,2,-8127,9.003070169818264,-1,0,0,3,0,3,9,2.302585092994046,0,0,4,2,9,1,2,1595.0
39,3.6888794541139363,0,0,4,4,9,34,3.5553480614894135,1,1,4,6,4,804,6.690842277418564,1,1,0,4,6,4,-3654,8.203851372183879,-1,1,0,1,0,6,3,1.3862943611198906,0,0,3,3,3,1,3,1375.0
69,4.248495242049359,0,0,4,6,9,16,2.833213344056216,1,1,1,2,6,-735,6.601230118728877,-1,0,0,0,0,5,4800,8.476579508530941,1,1,0,0,5,0,5,1.791759469228055,0,2,0,5,5,1,3,902.0
33,3.5263605246161616,0,0,3,5,3,149,5.0106352940962555,0,2,4,2,9,570,6.3473892096560105,1,1,0,0,3,0,3716,8.220672170297252,1,1,2,1,6,6,2,1.0986122886681098,1,2,2,2,2,1,2,1599.0
134,4.90527477843843,1,2,4,1,4,51,3.9512437185814275,0,0,1,2,1,2152,7.674617497364363,1,1,1,2,3,2,-7636,8.940760134888384,-1,1,2,4,1,4,2,1.0986122886681098,1,2,2,2,2,1,3,4144.0
143,4.969813299576001,0,2,3,3,3,59,4.0943445622221,0,2,4,3,9,-1790,7.490529402060711,-1,1,1,0,2,0,-4645,8.443761913330354,-1,0,2,0,3,5,5,1.791759469228055,0,2,0,5,5,1,2,1275.0
51,3.9512437185814275,0,0,1,2,1,13,2.6390573296152584,0,1,3,6,3,-714,6.5722825426940075,-1,1,0,1,0,6,-3647,8.201934351194222,-1,0,1,3,0,3,7,2.0794415416798357,0,1,2,0,7,1,3,663.0
81,4.406719247264253,0,0,1,4,1,58,4.07753744390572,1,1,3,2,8,2223,7.707062655370473,1,0,0,3,4,3,9132,9.11964950669168,1,1,0,2,4,2,3,1.3862943611198906,0,0,3,3,3,1,3,3034.0
55,4.02535169073515,0,1,0,6,5,76,4.343805421853684,1,1,1,6,6,-12523,9.435402082446297,-1,0,2,2,0,7,32389,10.385605012165374,1,0,1,4,0,9,7,2.0794415416798357,0,1,2,0,7,1,2,4329.0
13,2.6390573296152584,0,1,3,6,3,102,4.634728988229636,1,0,2,4,2,-2430,7.796057974316123,-1,1,0,0,6,0,6288,8.746557354543503,1,1,0,3,2,8,6,1.9459101490553132,1,0,1,6,6,1,3,545.0
147,4.997212273764115,0,0,2,0,7,110,4.709530201312334,1,2,0,5,0,-7552,8.929700114313448,-1,1,2,3,1,8,7220,8.884748726451182,1,1,2,0,3,0,4,1.6094379124341003,1,1,4,4,4,1,2,1885.0
125,4.836281906951478,0,2,0,6,5,69,4.248495242049359,0,0,4,6,9,-4200,8.343077871169383,-1,1,0,0,0,0,8001,8.98744678941718,1,0,0,1,0,1,7,2.0794415416798357,0,1,2,0,7,1,2,715.0
115,4.7535901911063645,0,1,0,3,5,105,4.663439094112067,0,0,0,0,5,260,5.564520407322694,1,1,2,0,1,0,8880,9.091669442258505,1,1,0,0,4,0,4,1.6094379124341003,1,1,4,4,4,1,2,1875.0
69,4.248495242049359,0,0,4,6,9,10,2.3978952727983707,1,1,0,3,0,-3429,8.140315540159985,-1,0,0,1,1,1,-12390,9.424725681616493,-1,1,0,0,0,0,3,1.3862943611198906,0,0,3,3,3,1,4,4264.0
119,4.787491742782046,0,2,4,0,9,105,4.663439094112067,0,0,0,0,5,-2724,7.9102237070973445,-1,1,0,1,6,6,2142,7.669961995473577,1,1,0,2,0,2,6,1.9459101490553132,1,0,1,6,6,1,3,377.0
22,3.1354942159291497,1,1,2,1,2,21,3.091042453358316,0,0,1,0,1,1928,7.564757012905729,1,1,2,3,3,8,5808,8.667163717992533,1,1,0,3,5,8,4,1.6094379124341003,1,1,4,4,4,1,3,1482.0
67,4.219507705176107,0,1,2,4,7,64,4.174387269895637,1,1,4,1,4,-5355,8.585972706811063,-1,0,0,0,0,5,8500,9.04793908261736,1,1,1,0,2,0,5,1.791759469228055,0,2,0,5,5,1,2,1564.0
133,4.897839799950911,0,1,3,0,3,28,3.367295829986474,1,1,3,0,8,-2157,7.67693714581808,-1,0,0,3,6,3,1260,7.13966033596492,1,1,0,0,0,0,3,1.3862943611198906,0,0,3,3,3,1,3,464.0
51,3.9512437185814275,0,0,1,2,1,52,3.970291913552122,1,1,2,3,2,0,0.0,0,1,0,0,0,0,4320,8.371242135931933,1,1,0,0,1,0,6,1.9459101490553132,1,0,1,6,6,1,1,510.0
126,4.844187086458591,1,0,1,0,6,129,4.867534450455582,0,0,4,3,9,-5256,8.567315800819449,-1,1,0,4,1,4,6372,8.759825595314295,1,1,0,2,2,2,6,1.9459101490553132,1,0,1,6,6,3,3,312.0
89,4.499809670330265,0,2,4,5,9,49,3.912023005428146,0,1,4,0,9,-3096,8.038189179973203,-1,1,0,4,5,4,9376,9.146015161419625,1,1,1,1,3,6,8,2.1972245773362196,1,2,3,1,8,1,2,845.0
126,4.844187086458591,1,0,1,0,6,65,4.189654742026425,0,2,0,2,5,-8154,9.006386515055114,-1,1,0,1,1,6,8001,8.98744678941718,1,0,0,1,0,1,9,2.302585092994046,0,0,4,2,9,1,3,380.0
37,3.6375861597263857,0,1,2,2,7,149,5.0106352940962555,0,2,4,2,9,5088,8.534836626588833,1,1,0,3,6,8,-3580,8.183397369998433,-1,1,2,0,4,0,4,1.6094379124341003,1,1,4,4,4,1,2,2059.0
72,4.290459441148391,1,0,2,2,2,52,3.970291913552122,1,1,2,3,2,-90,4.51085950651685,-1,1,0,0,1,0,8900,9.093918908958932,1,1,2,0,3,0,5,1.791759469228055,0,2,0,5,5,1,2,1558.0
140,4.948759890378168,1,2,0,0,0,57,4.060443010546419,0,0,2,1,7,-2160,7.6783263565068856,-1,1,0,0,3,0,-432,6.07073772800249,-1,1,0,3,2,8,3,1.3862943611198906,0,0,3,3,3,1,4,435.0
56,4.04305126783455,1,2,1,0,6,117,4.770684624465665,0,0,2,5,7,5904,8.683554728631462,1,1,0,4,3,4,9012,9.10642325855641,1,1,0,2,3,2,4,1.6094379124341003,1,1,4,4,4,1,3,2465.0
125,4.836281906951478,0,2,0,6,5,10,2.3978952727983707,1,1,0,3,0,-693,6.542471960506805,-1,0,0,2,0,7,1350,7.208600337960199,1,1,0,0,6,0,3,1.3862943611198906,0,0,3,3,3,1,3,444.0
94,4.553876891600541,1,1,4,3,4,123,4.820281565605037,0,0,3,4,3,-3064,8.027802848370312,-1,1,2,1,2,6,-1776,7.482681828154651,-1,1,0,4,2,4,4,1.6094379124341003,1,1,4,4,4,1,2,1014.0
61,4.127134385045092,0,1,1,5,1,130,4.875197323201151,1,1,0,4,0,-658,6.490723534502507,-1,1,2,2,0,2,16730,9.725018565057663,1,1,2,0,0,0,7,2.0794415416798357,0,1,2,0,7,1,2,1517.0
68,4.23410650459726,1,2,3,5,8,145,4.983606621708336,0,1,0,5,5,-2195,7.694392802629421,-1,0,1,0,3,5,5825,8.67008593751938,1,0,2,0,1,5,5,1.791759469228055,0,2,0,5,5,1,3,451.0
116,4.762173934797756,1,2,1,4,6,77,4.356708826689592,0,2,2,0,7,-11984,9.391411146868485,-1,1,1,1,0,6,10388,9.248502833070532,1,1,2,3,0,8,7,2.0794415416798357,0,1,2,0,7,1,3,1305.0
45,3.828641396489095,0,0,0,3,5,133,4.897839799950911,0,1,3,0,3,3280,8.0959035329611,1,1,1,0,4,0,6328,8.752897524775305,1,1,1,3,0,8,4,1.6094379124341003,1,1,4,4,4,1,2,1450.0
14,2.70805020110221,1,2,4,0,4,13,2.6390573296152584,0,1,3,6,3,-5,1.791759469228055,-1,0,1,0,2,5,785,6.666956792429207,1,0,2,0,1,5,5,1.791759469228055,0,2,0,5,5,1,3,115.0
88,4.48863636973214,1,1,3,4,8,105,4.663439094112067,0,0,0,0,5,-1836,7.515889085215125,-1,1,0,4,5,4,-4668,8.448700194970938,-1,1,0,2,1,2,2,1.0986122886681098,1,2,2,2,2,1,3,2650.0
60,4.110873864173311,1,0,0,4,0,28,3.367295829986474,1,1,3,0,8,-10200,9.23024103368252,-1,1,0,0,6,0,9835,9.193804403336083,1,0,1,0,0,5,5,1.791759469228055,0,2,0,5,5,1,4,2523.0
133,4.897839799950911,0,1,3,0,3,15,2.772588722239781,0,0,0,1,5,-6650,8.802522498284421,-1,1,1,0,0,0,11775,9.373818840968658,1,0,0,0,1,5,5,1.791759469228055,0,2,0,5,5,1,5,2375.0
64,4.174387269895637,1,1,4,1,4,125,4.836281906951478,0,2,0,6,5,-328,5.796057750765372,-1,1,2,2,1,2,1072,6.9782137426306985,1,1,1,2,1,2,4,1.6094379124341003,1,1,4,4,4,1,3,290.0
24,3.2188758248682006,1,0,4,3,4,46,3.8501476017100584,1,1,1,4,6,-6336,8.754160749323518,-1,1,0,4,6,4,11916,9.385721231090805,1,1,0,1,2,6,6,1.9459101490553132,1,0,1,6,6,2,4,1938.0
48,3.8918202981106265,1,0,3,6,8,44,3.8066624897703196,1,2,4,2,4,1806,7.499423290592229,1,1,0,1,0,6,9056,9.111293218374948,1,1,2,1,5,6,2,1.0986122886681098,1,2,2,2,2,2,4,4551.0
144,4.976733742420574,1,0,4,4,4,80,4.394449154672439,1,2,0,3,0,-4796,8.475746001502063,-1,1,1,4,6,4,-7264,8.890823576004383,-1,1,2,1,2,6,4,1.6094379124341003,1,1,4,4,4,4,4,2225.0
98,4.59511985013459,1,2,3,0,8,131,4.882801922586371,0,2,1,5,1,189,5.247024072160486,1,0,0,4,0,9,-2493,7.821643126239982,-1,0,0,2,6,7,3,1.3862943611198906,0,0,3,3,3,1,2,1275.0
93,4.543294782270004,0,0,3,2,3,85,4.454347296253507,0,1,0,1,5,-6996,8.853236764745898,-1,1,0,4,4,4,9900,9.200391041122515,1,1,0,0,2,0,6,1.9459101490553132,1,0,1,6,6,1,2,1292.0
41,3.7376696182833684,0,2,1,6,1,118,4.77912349311153,1,1,3,6,8,-968,6.876264611890766,-1,1,1,2,5,2,9760,9.186150133174966,1,1,1,0,2,0,8,2.1972245773362196,1,2,3,1,8,1,2,345.0
144,4.976733742420574,1,0,4,4,4,104,4.653960350157523,1,2,4,6,4,-7966,8.983063289380366,-1,1,2,4,0,4,2912,7.976938756959434,1,1,2,2,0,2,7,2.0794415416798357,0,1,2,0,7,1,3,338.0
121,4.804021044733257,0,1,1,2,1,82,4.418840607796598,1,1,2,5,2,-1544,7.3427791893318455,-1,1,1,1,3,6,-2216,7.7039102096163115,-1,1,1,4,3,4,2,1.0986122886681098,1,2,2,2,2,1,3,1378.0
98,4.59511985013459,1,2,3,0,8,54,4.007333185232471,1,0,4,5,4,-7568,8.931816237309167,-1,1,1,2,6,2,-2304,7.742835955430749,-1,1,0,1,6,6,8,2.1972245773362196,1,2,3,1,8,2,2,738.0
140,4.948759890378168,1,2,0,0,0,146,4.990432586778736,1,2,1,6,6,3480,8.15507488781144,1,1,0,0,1,0,14202,9.561208488881128,1,1,0,2,6,2,6,1.9459101490553132,1,0,1,6,6,2,2,2059.0
72,4.290459441148391,1,0,2,2,2,23,3.1780538303479458,0,2,3,2,3,-1880,7.53955882930103,-1,1,1,0,3,0,-15940,9.676649685633647,-1,1,2,0,6,0,10,2.3978952727983707,1,1,0,3,0,1,2,1900.0
48,3.8918202981106265,1,0,3,6,8,113,4.736198448394496,0,2,3,1,3,2916,7.978310969867722,1,1,0,1,4,6,-14175,9.559305672844863,-1,0,0,0,0,5,9,2.302585092994046,0,0,4,2,9,1,2,2700.0
42,3.7612001156935624,1,0,2,0,2,64,4.174387269895637,1,1,4,1,4,3321,8.10832229017324,1,0,0,1,3,1,-24696,10.114437057749631,-1,1,0,4,0,4,9,2.302585092994046,0,0,4,2,9,1,3,3403.0
15,2.772588722239781,0,0,0,1,5,20,3.044522437723423,1,2,0,6,0,-270,5.602118820879701,-1,1,0,0,3,0,4860,8.488999457045455,1,1,0,0,2,0,9,2.302585092994046,0,0,4,2,9,1,6,375.0
118,4.77912349311153,1,1,3,6,8,83,4.430816798843313,0,2,3,6,3,-4510,8.414274137408396,-1,1,2,0,5,0,4155,8.332308352219117,1,0,0,0,4,5,5,1.791759469228055,0,2,0,5,5,1,2,520.0
73,4.30406509320417,0,1,3,3,3,139,4.941642422609304,0,1,4,6,9,-8628,9.062883902508307,-1,1,0,2,3,2,11304,9.33300038471207,1,1,0,4,6,4,6,1.9459101490553132,1,0,1,6,6,1,2,1450.0
136,4.919980925828125,1,1,1,3,6,18,2.9444389791664403,1,0,3,4,8,1440,7.273092595999522,1,1,0,0,5,0,-4833,8.483429561263428,-1,0,0,2,4,7,3,1.3862943611198906,0,0,3,3,3,1,4,1887.0
65,4.189654742026425,0,2,0,2,5,13,2.6390573296152584,0,1,3,6,3,-2580,7.855932199718614,-1,1,0,0,3,0,8650,9.065430200180375,1,1,1,0,5,0,10,2.3978952727983707,1,1,0,3,0,1,3,833.0
101,4.624972813284271,0,2,1,3,1,28,3.367295829986474,1,1,3,0,8,170,5.14166355650266,1,1,2,0,2,0,-8540,9.052633375946147,-1,1,1,0,0,0,5,1.791759469228055,0,2,0,5,5,1,3,1925.0
97,4.584967478670572,0,1,2,6,7,49,3.912023005428146,0,1,4,0,9,-6760,8.818926087090677,-1,1,2,0,2,0,-5180,8.552753366814787,-1,1,1,0,0,0,10,2.3978952727983707,1,1,0,3,0,1,2,1050.0
30,3.4339872044851463,1,0,0,2,0,52,3.970291913552122,1,1,2,3,2,444,6.09807428216624,1,1,0,4,3,4,-2336,7.756623334538858,-1,1,1,4,2,4,4,1.6094379124341003,1,1,4,4,4,2,3,825.0
52,3.970291913552122,1,1,2,3,2,65,4.189654742026425,0,2,0,2,5,1175,7.069874128458572,1,0,2,0,6,5,-4315,8.370084326378025,-1,0,2,0,4,5,5,1.791759469228055,0,2,0,5,5,1,3,1287.0
73,4.30406509320417,0,1,3,3,3,60,4.110873864173311,1,0,0,4,0,-2025,7.613818684808629,-1,0,0,0,5,5,-2430,7.796057974316123,-1,1,0,0,6,0,9,2.302585092994046,0,0,4,2,9,1,2,918.0
14,2.70805020110221,1,2,4,0,4,29,3.4011973816621555,0,2,4,1,9,192,5.262690188904886,1,1,0,2,3,2,-316,5.75890177387728,-1,1,2,4,6,4,4,1.6094379124341003,1,1,4,4,4,1,2,221.0
137,4.927253685157205,0,2,2,4,7,13,2.6390573296152584,0,1,3,6,3,-9888,9.19917830726999,-1,1,0,2,3,2,-16524,9.712629664719888,-1,1,0,1,3,6,6,1.9459101490553132,1,0,1,6,6,1,2,2950.0
65,4.189654742026425,0,2,0,2,5,47,3.871201010907891,0,2,2,5,7,-3492,8.158516244806831,-1,1,0,3,1,8,3228,8.079927770758275,1,1,0,3,1,8,6,1.9459101490553132,1,0,1,6,6,1,2,320.0
127,4.852030263919617,0,1,2,1,7,87,4.477336814478207,0,0,2,3,7,-11683,9.365975663507632,-1,0,2,2,0,7,20188,9.912893180610224,1,1,1,3,0,8,7,2.0794415416798357,0,1,2,0,7,1,2,2405.0
82,4.418840607796598,1,1,2,5,2,81,4.406719247264253,0,0,1,4,1,-4842,8.48528964240323,-1,1,0,3,2,8,9396,9.148145768383065,1,1,0,1,2,6,6,1.9459101490553132,1,0,1,6,6,1,3,1125.0
145,4.983606621708336,0,1,0,5,5,69,4.248495242049359,0,0,4,6,9,-4081,8.31434234336979,-1,0,2,4,0,9,16821,9.730442832522382,1,0,0,1,0,1,7,2.0794415416798357,0,1,2,0,7,1,2,1968.0
116,4.762173934797756,1,2,1,4,6,135,4.912654885736052,0,0,0,2,5,-15552,9.65200882504456,-1,1,0,3,2,8,38295,10.553100731072345,1,0,0,0,5,5,9,2.302585092994046,0,0,4,2,9,1,3,3116.0
119,4.787491742782046,0,2,4,0,9,146,4.990432586778736,1,2,1,6,6,-14499,9.581903928408666,-1,0,0,1,5,1,23490,10.064372648053766,1,1,0,0,5,0,9,2.302585092994046,0,0,4,2,9,1,2,1404.0
131,4.882801922586371,0,2,1,5,1,21,3.091042453358316,0,0,1,0,1,-5580,8.627123250788433,-1,1,0,0,6,0,2376,7.773594467360194,1,1,0,1,3,6,6,1.9459101490553132,1,0,1,6,6,1,2,306.0
134,4.90527477843843,1,2,4,1,4,150,5.017279836814924,1,0,0,3,0,-13869,9.537483513308878,-1,0,0,1,5,1,19386,9.872358017339208,1,1,0,1,3,6,9,2.302585092994046,0,0,4,2,9,1,2,871.0
119,4.787491742782046,0,2,4,0,9,76,4.343805421853684,1,1,1,6,6,-28719,10.26534902316216,-1,0,0,1,2,1,26190,10.173171119285234,1,1,0,0,3,0,9,2.302585092994046,0,0,4,2,9,1,2,3074.0
112,4.727387818712341,1,1,2,0,2,86,4.465908118654584,1,2,1,2,6,-2688,7.896924656268864,-1,1,0,2,0,2,7704,8.949624747754216,1,1,0,4,4,4,6,1.9459101490553132,1,0,1,6,6,2,3,800.0
12,2.5649493574615367,1,0,2,5,2,21,3.091042453358316,0,0,1,0,1,-7416,8.911529941736559,-1,1,0,4,4,4,-19614,9.884049858643653,-1,1,0,1,0,6,6,1.9459101490553132,1,0,1,6,6,3,5,3589.0
103,4.6443908991413725,0,1,3,5,3,35,3.58351893845611,0,2,0,0,5,-1525,7.330405211844402,-1,0,2,0,1,5,-2725,7.9105906122564775,-1,0,2,0,5,5,5,1.791759469228055,0,2,0,5,5,1,3,750.0
84,4.442651256490317,1,0,4,0,4,110,4.709530201312334,1,2,0,5,0,5984,8.697011617992073,1,1,2,4,6,4,18968,9.850561346726723,1,1,2,3,5,8,8,2.1972245773362196,1,2,3,1,8,2,2,2059.0
137,4.927253685157205,0,2,2,4,7,99,4.605170185988092,0,0,4,1,9,-14553,9.585621148907032,-1,0,0,2,0,7,13083,9.479145388658274,1,0,0,3,0,3,7,2.0794415416798357,0,1,2,0,7,1,3,1624.0
10,2.3978952727983707,1,1,0,3,0,87,4.477336814478207,0,0,2,3,7,-5535,8.619027497297505,-1,0,0,0,2,5,-9153,9.121946221213587,-1,0,0,2,3,7,9,2.302585092994046,0,0,4,2,9,1,2,1875.0
125,4.836281906951478,0,2,0,6,5,62,4.143134726391533,1,2,2,6,2,4160,8.333510708982942,1,1,2,0,2,0,16736,9.725377116513638,1,1,2,1,6,6,8,2.1972245773362196,1,2,3,1,8,1,2,2204.0
148,5.003946305945459,1,1,3,1,8,107,4.68213122712422,0,2,2,2,7,-5803,8.666302614004078,-1,0,2,2,0,7,11683,9.365975663507632,1,0,1,3,0,3,7,2.0794415416798357,0,1,2,0,7,1,2,943.0
132,4.890349128221754,1,0,2,6,2,51,3.9512437185814275,0,0,1,2,1,-1008,6.9167150203536085,-1,1,0,2,0,2,708,6.5638555265321274,1,1,0,3,1,8,2,1.0986122886681098,1,2,2,2,2,1,3,348.0
97,4.584967478670572,0,1,2,6,7,57,4.060443010546419,0,0,2,1,7,-3960,8.284251797621916,-1,1,0,0,2,0,-13980,9.545454543987825,-1,1,0,0,6,0,10,2.3978952727983707,1,1,0,3,0,1,2,2050.0
121,4.804021044733257,0,1,1,2,1,94,4.553876891600541,1,1,4,3,4,-1809,7.501082124259871,-1,0,0,1,4,1,-114,4.74493212836325,-1,1,0,1,5,6,3,1.3862943611198906,0,0,3,3,3,1,2,400.0
14,2.70805020110221,1,2,4,0,4,73,4.30406509320417,0,1,3,3,3,5224,8.561210076833012,1,1,1,4,2,4,31872,10.369514535394131,1,1,0,2,1,2,8,2.1972245773362196,1,2,3,1,8,1,2,3485.0
119,4.787491742782046,0,2,4,0,9,130,4.875197323201151,1,1,0,4,0,-7763,8.957252944288902,-1,0,1,2,0,7,12005,9.393161803811788,1,0,2,0,0,5,7,2.0794415416798357,0,1,2,0,7,1,3,851.0
43,3.784189633918261,0,1,3,1,3,87,4.477336814478207,0,0,2,3,7,-1728,7.455298485683291,-1,1,0,2,1,2,4707,8.457018468380168,1,0,0,2,3,7,9,2.302585092994046,0,0,4,2,9,1,2,325.0
66,4.204692619390966,1,0,1,3,6,49,3.912023005428146,0,1,4,0,9,231,5.44673737166631,1,0,0,1,0,1,2421,7.792348924113037,1,0,0,1,6,1,3,1.3862943611198906,0,0,3,3,3,1,3,715.0
10,2.3978952727983707,1,1,0,3,0,44,3.8066624897703196,1,2,4,2,4,448,6.1070228877422545,1,1,1,3,0,8,-436,6.07993319509559,-1,1,2,4,5,4,4,1.6094379124341003,1,1,4,4,4,2,3,323.0
99,4.605170185988092,0,0,4,1,9,118,4.77912349311153,1,1,3,6,8,4176,8.337348564497175,1,1,0,1,4,6,7936,8.979290649090876,1,1,1,1,5,6,4,1.6094379124341003,1,1,4,4,4,1,2,2088.0
141,4.955827057601261,0,0,1,1,1,135,4.912654885736052,0,0,0,2,5,-20241,9.915514932748847,-1,0,0,4,3,9,1674,7.423568444259167,1,1,0,4,1,4,9,2.302585092994046,0,0,4,2,9,3,3,1421.0
58,4.07753744390572,1,1,3,2,8,48,3.8918202981106265,1,0,3,6,8,-1467,7.291656209174461,-1,0,0,3,3,3,3672,8.208764045819667,1,1,0,2,4,2,3,1.3862943611198906,0,0,3,3,3,1,3,1125.0
35,3.58351893845611,0,2,0,0,5,76,4.343805421853684,1,1,1,6,6,-3872,8.261784679514752,-1,1,1,3,6,8,15936,9.676398728859633,1,1,0,1,4,6,4,1.6094379124341003,1,1,4,4,4,1,3,3772.0
25,3.258096538021482,0,1,0,4,5,89,4.499809670330265,0,2,4,5,9,-420,6.042632833682381,-1,1,0,0,0,0,12800,9.45727857185611,1,1,2,0,4,0,10,2.3978952727983707,1,1,0,3,0,1,3,442.0
120,4.795790545596741,1,0,0,1,0,142,4.962844630259907,1,1,2,2,2,-2844,7.953318346560431,-1,1,0,1,5,6,5440,8.601718146485926,1,1,1,0,1,0,4,1.6094379124341003,1,1,4,4,4,2,3,825.0
84,4.442651256490317,1,0,4,0,4,98,4.59511985013459,1,2,3,0,8,315,5.755742213586912,1,0,0,0,0,5,-5830,8.670943791222156,-1,1,2,0,1,0,5,1.791759469228055,0,2,0,5,5,1,2,1725.0
138,4.9344739331306915,1,0,3,5,8,147,4.997212273764115,0,0,2,0,7,-5642,8.63817111796914,-1,1,1,3,0,8,9303,9.1381996941985,1,0,0,3,0,3,7,2.0794415416798357,0,1,2,0,7,1,3,340.0
130,4.875197323201151,1,1,0,4,0,20,3.044522437723423,1,2,0,6,0,-2560,7.848153086199526,-1,1,2,0,2,0,-9520,9.161255164285691,-1,1,2,0,0,0,8,2.1972245773362196,1,2,3,1,8,2,4,1530.0
66,4.204692619390966,1,0,1,3,6,43,3.784189633918261,0,1,3,1,3,-891,6.79346613258001,-1,0,0,4,5,9,14175,9.559305672844863,1,0,0,0,0,5,9,2.302585092994046,0,0,4,2,9,1,2,1287.0
48,3.8918202981106265,1,0,3,6,8,144,4.976733742420574,1,0,4,4,4,-6840,8.830689198760998,-1,1,0,0,6,0,17199,9.752664662801545,1,0,0,4,0,9,9,2.302585092994046,0,0,4,2,9,3,4,697.0
104,4.653960350157523,1,2,4,6,4,81,4.406719247264253,0,0,1,4,1,528,6.270988431858299,1,1,0,3,3,8,2094,7.647308832356238,1,1,0,4,1,4,2,1.0986122886681098,1,2,2,2,2,1,3,1003.0
36,3.6109179126442243,1,0,1,1,6,117,4.770684624465665,0,0,2,5,7,165,5.111987788356544,1,0,0,0,4,5,4345,8.377011160816375,1,0,1,0,5,5,5,1.791759469228055,0,2,0,5,5,1,2,355.0
93,4.543294782270004,0,0,3,2,3,49,3.912023005428146,0,1,4,0,9,864,6.762729506931879,1,1,0,4,3,4,8001,8.98744678941718,1,0,0,1,0,1,3,1.3862943611198906,0,0,3,3,3,1,3,2583.0
148,5.003946305945459,1,1,3,1,8,13,2.6390573296152584,0,1,3,6,3,-4844,8.485702524324866,-1,1,1,1,0,6,5152,8.547334348328224,1,1,1,2,0,2,7,2.0794415416798357,0,1,2,0,7,1,2,731.0
47,3.871201010907891,0,2,2,5,7,118,4.77912349311153,1,1,3,6,8,1320,7.186144304522325,1,1,0,0,4,0,7038,8.85922139360813,1,1,0,3,3,8,3,1.3862943611198906,0,0,3,3,3,1,2,2075.0
67,4.219507705176107,0,1,2,4,7,97,4.584967478670572,0,1,2,6,7,-3040,8.019941687677365,-1,1,2,0,5,0,4245,8.353732642263202,1,0,0,0,3,5,5,1.791759469228055,0,2,0,5,5,1,2,455.0
132,4.890349128221754,1,0,2,6,2,79,4.382026634673881,0,1,4,2,9,-2838,7.951207156472972,-1,1,0,2,4,2,-3249,8.086410275323782,-1,0,0,1,6,1,3,1.3862943611198906,0,0,3,3,3,1,3,1430.0
111,4.718498871295094,0,0,1,6,1,107,4.68213122712422,0,2,2,2,7,-11624,9.360913230455557,-1,1,1,1,3,6,-4000,8.294299608857235,-1,1,2,0,4,0,8,2.1972245773362196,1,2,3,1,8,1,2,1469.0
58,4.07753744390572,1,1,3,2,8,146,4.990432586778736,1,2,1,6,6,3584,8.184513753033722,1,1,2,4,0,4,-21406,9.971473250327222,-1,1,2,4,0,4,7,2.0794415416798357,0,1,2,0,7,1,2,4182.0
147,4.997212273764115,0,0,2,0,7,73,4.30406509320417,0,1,3,3,3,-1900,7.550135342488429,-1,1,2,0,4,0,-6140,8.722742874329398,-1,1,1,0,6,0,10,2.3978952727983707,1,1,0,3,0,1,2,1856.0
94,4.553876891600541,1,1,4,3,4,140,4.948759890378168,1,2,0,0,0,-8032,8.991313336173812,-1,1,2,3,4,8,3080,8.033009498596668,1,1,2,0,0,0,8,2.1972245773362196,1,2,3,1,8,2,3,777.0
128,4.859812404361672,1,2,3,2,8,16,2.833213344056216,1,1,1,2,6,-17900,9.792611856190192,-1,1,1,0,6,0,-10640,9.272469743441732,-1,1,1,0,0,0,10,2.3978952727983707,1,1,0,3,0,2,4,1326.0
60,4.110873864173311,1,0,0,4,0,69,4.248495242049359,0,0,4,6,9,-2950,7.989899374942939,-1,1,2,0,4,0,14220,9.562475024372697,1,1,0,0,3,0,10,2.3978952727983707,1,1,0,3,0,1,4,793.0
115,4.7535901911063645,0,1,0,3,5,61,4.127134385045092,0,1,1,5,1,-5068,8.53089883847235,-1,1,2,2,0,2,2233,7.711548979629146,1,0,1,3,0,3,7,2.0794415416798357,0,1,2,0,7,1,2,135.0
32,3.4965075614664802,1,2,2,4,2,134,4.90527477843843,1,2,4,1,4,-1178,7.072421900537371,-1,1,1,2,5,2,3056,8.025189321890835,1,1,2,1,4,6,2,1.0986122886681098,1,2,2,2,2,2,4,1365.0
145,4.983606621708336,0,1,0,5,5,96,4.574710978503383,1,0,1,5,6,-6400,8.764209507142004,-1,1,2,0,5,0,-2256,7.721791776817535,-1,1,0,4,5,4,8,2.1972245773362196,1,2,3,1,8,1,3,1110.0
22,3.1354942159291497,1,1,2,1,2,89,4.499809670330265,0,2,4,5,9,938,6.844815479208263,1,1,2,3,0,8,8141,9.004791129062925,1,0,2,1,0,1,7,2.0794415416798357,0,1,2,0,7,1,2,612.0
101,4.624972813284271,0,2,1,3,1,64,4.174387269895637,1,1,4,1,4,-318,5.765191102784844,-1,1,0,2,4,2,-9072,9.11305824916963,-1,1,0,3,0,8,6,1.9459101490553132,1,0,1,6,6,1,2,1975.0
106,4.672828834461906,1,1,1,1,6,32,3.4965075614664802,1,2,2,4,2,-1379,7.22983877815125,-1,0,1,1,0,1,-7588,8.934455109403913,-1,1,2,2,0,2,7,2.0794415416798357,0,1,2,0,7,1,2,1417.0
27,3.332204510175204,0,0,2,6,7,12,2.5649493574615367,1,0,2,5,2,2864,7.9603236291488395,1,1,2,4,1,4,6372,8.759825595314295,1,1,0,2,2,2,4,1.6094379124341003,1,1,4,4,4,1,5,1751.0
21,3.091042453358316,0,0,1,0,1,89,4.499809670330265,0,2,4,5,9,-3468,8.15162164696975,-1,1,0,2,4,2,15344,9.638544967053836,1,1,2,4,0,4,4,1.6094379124341003,1,1,4,4,4,1,2,3567.0
101,4.624972813284271,0,2,1,3,1,135,4.912654885736052,0,0,0,2,5,-7085,8.865876285425417,-1,0,1,0,6,5,-9925,9.202912856147385,-1,0,2,0,1,5,5,1.791759469228055,0,2,0,5,5,1,3,2812.0
85,4.454347296253507,0,1,0,1,5,140,4.948759890378168,1,2,0,0,0,423,6.049733455231958,1,0,0,3,3,3,36396,10.502241632645898,1,1,0,1,3,6,9,2.302585092994046,0,0,4,2,9,1,2,2900.0
131,4.882801922586371,0,2,1,5,1,68,4.23410650459726,1,2,3,5,8,340,5.831882477283517,1,1,1,0,4,0,-7264,8.890823576004383,-1,1,2,1,2,6,4,1.6094379124341003,1,1,4,4,4,1,4,2175.0
101,4.624972813284271,0,2,1,3,1,73,4.30406509320417,0,1,3,3,3,-4352,8.378620541552298,-1,1,1,3,2,8,1856,7.526717561352706,1,1,2,1,1,6,8,2.1972245773362196,1,2,3,1,8,1,2,440.0
93,4.543294782270004,0,0,3,2,3,56,4.04305126783455,1,2,1,0,6,-4900,8.497194544909547,-1,1,2,0,0,0,7580,8.933400396056303,1,1,2,0,6,0,5,1.791759469228055,0,2,0,5,5,1,2,1339.0
37,3.6375861597263857,0,1,2,2,7,25,3.258096538021482,0,1,0,4,5,-5460,8.605387202152153,-1,1,0,0,0,0,-6840,8.830689198760998,-1,1,0,0,6,0,6,1.9459101490553132,1,0,1,6,6,1,2,1462.0
89,4.499809670330265,0,2,4,5,9,83,4.430816798843313,0,2,3,6,3,-5832,8.671286726753637,-1,1,0,3,6,8,603,6.403574197934815,1,0,0,3,1,3,9,2.302585092994046,0,0,4,2,9,1,2,697.0
52,3.970291913552122,1,1,2,3,2,137,4.927253685157205,0,2,2,4,7,-3716,8.220672170297252,-1,1,1,4,1,4,-7696,8.948585921534317,-1,1,2,4,4,4,4,1.6094379124341003,1,1,4,4,4,1,4,2575.0
30,3.4339872044851463,1,0,0,2,0,24,3.2188758248682006,1,0,4,3,4,1188,7.080867896690782,1,1,0,3,5,8,-6264,8.742733867330168,-1,1,0,1,1,6,3,1.3862943611198906,0,0,3,3,3,3,5,2214.0
76,4.343805421853684,1,1,1,6,6,148,5.003946305945459,1,1,3,1,8,-955,6.862757913051401,-1,0,2,0,4,5,7900,8.974744612722734,1,1,1,0,4,0,5,1.791759469228055,0,2,0,5,5,1,2,861.0
60,4.110873864173311,1,0,0,4,0,14,2.70805020110221,1,2,4,0,4,-3942,8.279697133877628,-1,1,0,3,6,8,-7416,8.911529941736559,-1,1,0,4,4,4,6,1.9459101490553132,1,0,1,6,6,2,3,1353.0
21,3.091042453358316,0,0,1,0,1,115,4.7535901911063645,0,1,0,3,5,-4998,8.51699317141357,-1,1,0,2,0,2,23275,10.05517806577656,1,0,1,0,0,5,7,2.0794415416798357,0,1,2,0,7,1,4,2583.0
105,4.663439094112067,0,0,0,0,5,126,4.844187086458591,1,0,1,0,6,770,6.647688373563329,1,1,2,0,0,0,4584,8.430545384690566,1,1,0,4,6,4,2,1.0986122886681098,1,2,2,2,2,1,3,2125.0
55,4.02535169073515,0,1,0,6,5,72,4.290459441148391,1,0,2,2,2,-8400,9.036106025364846,-1,1,0,0,0,0,240,5.484796933490655,1,1,0,0,2,0,10,2.3978952727983707,1,1,0,3,0,1,3,754.0
120,4.795790545596741,1,0,0,1,0,44,3.8066624897703196,1,2,4,2,4,-4710,8.45765547870004,-1,1,0,0,1,0,2520,7.83241092718792,1,1,0,0,0,0,6,1.9459101490553132,1,0,1,6,6,2,4,169.0
28,3.367295829986474,1,1,3,0,8,134,4.90527477843843,1,2,4,1,4,-3100,8.03947991910045,-1,1,2,0,1,0,-3650,8.202756381655638,-1,1,1,0,4,0,5,1.791759469228055,0,2,0,5,5,1,2,1480.0
35,3.58351893845611,0,2,0,0,5,120,4.795790545596741,1,0,0,1,0,-2576,7.854381210652365,-1,1,1,4,0,4,-1860,7.528869256642251,-1,1,0,0,2,0,4,1.6094379124341003,1,1,4,4,4,1,3,1071.0
58,4.07753744390572,1,1,3,2,8,33,3.5263605246161616,0,0,3,5,3,-1512,7.321849713788356,-1,1,0,3,0,8,2532,7.837159650001675,1,1,0,2,5,2,2,1.0986122886681098,1,2,2,2,2,1,3,1360.0
122,4.812184355372417,1,2,2,3,2,125,4.836281906951478,0,2,0,6,5,-13250,9.491828300264636,-1,1,1,0,1,0,9980,9.208438564686587,1,1,2,0,5,0,10,2.3978952727983707,1,1,0,3,0,1,3,273.0
140,4.948759890378168,1,2,0,0,0,150,5.017279836814924,1,0,0,3,0,-908,6.812345094177479,-1,1,1,2,2,2,624,6.437751649736401,1,1,0,4,1,4,4,1.6094379124341003,1,1,4,4,4,2,3,555.0
58,4.07753744390572,1,1,3,2,8,57,4.060443010546419,0,0,2,1,7,-9032,9.108639817149843,-1,1,1,3,5,8,21888,9.993739506513155,1,1,0,3,6,8,8,2.1972245773362196,1,2,3,1,8,1,3,2375.0
11,2.4849066497880004,0,2,1,4,1,150,5.017279836814924,1,0,0,3,0,2331,7.754481547470383,1,0,0,1,0,1,12150,9.405166749908611,1,1,0,0,5,0,3,1.3862943611198906,0,0,3,3,3,1,4,3690.0
24,3.2188758248682006,1,0,4,3,4,96,4.574710978503383,1,0,1,5,6,-2448,7.803435056952168,-1,1,0,2,2,2,7556,8.93022956502072,1,1,2,1,3,6,4,1.6094379124341003,1,1,4,4,4,4,6,1591.0
126,4.844187086458591,1,0,1,0,6,145,4.983606621708336,0,1,0,5,5,-1800,7.496097345175956,-1,1,0,0,6,0,2032,7.617267813628347,1,1,1,2,2,2,4,1.6094379124341003,1,1,4,4,4,1,2,90.0
101,4.624972813284271,0,2,1,3,1,97,4.584967478670572,0,1,2,6,7,-24741,10.116257483422777,-1,0,0,4,4,9,-9531,9.162409838218633,-1,0,0,4,3,9,9,2.302585092994046,0,0,4,2,9,1,2,2668.0
147,4.997212273764115,0,0,2,0,7,50,3.9318256327243257,1,2,0,1,0,-6315,8.750841375375533,-1,0,0,0,6,5,8950,9.099520536870939,1,1,1,0,4,0,5,1.791759469228055,0,2,0,5,5,1,4,1628.0
43,3.784189633918261,0,1,3,1,3,59,4.0943445622221,0,2,4,3,9,2933,7.984121958702927,1,0,2,3,0,3,-11809,9.376701909191407,-1,0,2,1,0,1,7,2.0794415416798357,0,1,2,0,7,1,2,2220.0
45,3.828641396489095,0,0,0,3,5,83,4.430816798843313,0,2,3,6,3,-2511,7.828834527588089,-1,0,0,4,2,9,10611,9.26974071525763,1,0,0,1,6,1,9,2.302585092994046,0,0,4,2,9,1,3,450.0
66,4.204692619390966,1,0,1,3,6,36,3.6109179126442243,1,0,1,1,6,-6183,8.729720590267258,-1,0,0,2,5,7,1800,7.496097345175956,1,1,0,0,1,0,9,2.302585092994046,0,0,4,2,9,3,4,155.0
54,4.007333185232471,1,0,4,5,4,20,3.044522437723423,1,2,0,6,0,1210,7.099201743553092,1,1,1,0,6,0,-4300,8.366602832783736,-1,1,2,0,5,0,5,1.791759469228055,0,2,0,5,5,1,4,1088.0
61,4.127134385045092,0,1,1,5,1,67,4.219507705176107,0,1,2,4,7,-999,6.907755278982137,-1,0,0,1,2,1,1683,7.428927194802272,1,0,0,3,3,3,3,1.3862943611198906,0,0,3,3,3,1,2,390.0
136,4.919980925828125,1,1,1,3,6,41,3.7376696182833684,0,2,1,6,1,-33400,10.416341118636355,-1,1,2,0,4,0,24890,10.122261571332395,1,1,2,0,5,0,10,2.3978952727983707,1,1,0,3,0,1,2,2871.0
102,4.634728988229636,1,0,2,4,2,42,3.7612001156935624,1,0,2,0,2,-10740,9.281823473598047,-1,1,0,0,5,0,4920,8.501267040865978,1,1,0,0,6,0,10,2.3978952727983707,1,1,0,3,0,2,2,90.0
116,4.762173934797756,1,2,1,4,6,133,4.897839799950911,0,1,3,0,3,-7644,8.941807118363164,-1,1,0,1,0,6,-203,5.318119993844216,-1,0,1,2,0,7,7,2.0794415416798357,0,1,2,0,7,1,3,1000.0
134,4.90527477843843,1,2,4,1,4,68,4.23410650459726,1,2,3,5,8,-3714,8.220133957151859,-1,1,0,1,3,6,5112,8.53954159508,1,1,0,2,2,2,6,1.9459101490553132,1,0,1,6,6,2,2,481.0
65,4.189654742026425,0,2,0,2,5,85,4.454347296253507,0,1,0,1,5,-2816,7.943427767876373,-1,1,1,4,5,4,3648,8.202208436436448,1,1,0,3,1,8,8,2.1972245773362196,1,2,3,1,8,1,2,280.0
149,5.0106352940962555,0,2,4,2,9,137,4.927253685157205,0,2,2,4,7,-1773,7.480992162869525,-1,0,0,2,5,7,-687,6.5337888379333435,-1,0,0,3,6,3,3,1.3862943611198906,0,0,3,3,3,1,2,656.0
115,4.7535901911063645,0,1,0,3,5,60,4.110873864173311,1,0,0,4,0,-2744,7.917536353943631,-1,1,1,1,0,6,-6972,8.84980082722101,-1,1,0,3,0,8,7,2.0794415416798357,0,1,2,0,7,1,2,1475.0
146,4.990432586778736,1,2,1,6,6,90,4.51085950651685,1,0,0,6,0,-1475,7.297091005160418,-1,0,1,0,2,5,7470,8.918784137975802,1,1,0,0,1,0,5,1.791759469228055,0,2,0,5,5,1,4,1131.0
147,4.997212273764115,0,0,2,0,7,132,4.890349128221754,1,0,2,6,2,-12420,9.427143867544194,-1,1,0,0,5,0,10160,9.22631214148588,1,1,2,0,3,0,10,2.3978952727983707,1,1,0,3,0,1,2,380.0
121,4.804021044733257,0,1,1,2,1,126,4.844187086458591,1,0,1,0,6,-6516,8.78216942633238,-1,1,0,4,1,4,8586,9.058004710672485,1,1,0,1,4,6,6,1.9459101490553132,1,0,1,6,6,1,3,765.0
133,4.897839799950911,0,1,3,0,3,53,3.9889840465642745,0,2,3,4,3,-5992,8.698347400458186,-1,1,2,3,0,8,1897,7.5485559791698735,1,0,1,2,0,7,7,2.0794415416798357,0,1,2,0,7,1,3,125.0
122,4.812184355372417,1,2,2,3,2,34,3.5553480614894135,1,1,4,6,4,-20120,9.909519324767848,-1,1,1,0,5,0,26500,10.184937747111391,1,1,1,0,5,0,10,2.3978952727983707,1,1,0,3,0,2,2,2442.0
50,3.9318256327243257,1,2,0,1,0,47,3.871201010907891,0,2,2,5,7,9600,9.169622538697624,1,1,0,0,3,0,-10630,9.271529540288606,-1,1,2,0,3,0,10,2.3978952727983707,1,1,0,3,0,1,4,2117.0
23,3.1780538303479458,0,2,3,2,3,137,4.927253685157205,0,2,2,4,7,-5195,8.55564437779049,-1,0,1,0,6,5,16900,9.735128070758227,1,1,1,0,2,0,5,1.791759469228055,0,2,0,5,5,1,2,2849.0
26,3.295836866004329,1,2,1,5,6,101,4.624972813284271,0,2,1,3,1,-1729,7.455876687491824,-1,0,2,1,0,1,6041,8.706490361946617,1,0,2,1,0,1,7,2.0794415416798357,0,1,2,0,7,1,2,169.0
121,4.804021044733257,0,1,1,2,1,52,3.970291913552122,1,1,2,3,2,-9534,9.16272451803452,-1,1,0,1,0,6,11200,9.32375833901174,1,1,1,0,0,0,7,2.0794415416798357,0,1,2,0,7,1,2,1339.0
86,4.465908118654584,1,2,1,2,6,93,4.543294782270004,0,0,3,2,3,-6544,8.786456678344,-1,1,2,1,1,6,3456,8.148156439921625,1,1,0,1,5,6,8,2.1972245773362196,1,2,3,1,8,1,2,338.0
112,4.727387818712341,1,1,2,0,2,127,4.852030263919617,0,1,2,1,7,-2052,7.627057417018934,-1,1,0,3,6,8,-180,5.198497031265826,-1,1,0,0,2,0,6,1.9459101490553132,1,0,1,6,6,1,2,858.0
73,4.30406509320417,0,1,3,3,3,147,4.997212273764115,0,0,2,0,7,-752,6.6240652277998935,-1,1,1,3,4,8,1692,7.4342573821331355,1,1,0,2,5,2,2,1.0986122886681098,1,2,2,2,2,1,2,598.0
45,3.828641396489095,0,0,0,3,5,64,4.174387269895637,1,1,4,1,4,-13860,9.536834420213353,-1,1,0,0,0,0,-10548,9.263786347681808,-1,1,0,2,1,2,6,1.9459101490553132,1,0,1,6,6,1,3,2958.0
84,4.442651256490317,1,0,4,0,4,90,4.51085950651685,1,0,0,6,0,-14508,9.582524425515684,-1,1,0,2,3,2,21735,9.986725151106183,1,0,0,0,0,5,9,2.302585092994046,0,0,4,2,9,3,3,1819.0
29,3.4011973816621555,0,2,4,1,9,121,4.804021044733257,0,1,1,2,1,-1071,6.977281341630747,-1,0,0,4,0,9,6769,8.820256365906321,1,0,1,4,0,9,7,2.0794415416798357,0,1,2,0,7,1,2,130.0
131,4.882801922586371,0,2,1,5,1,137,4.927253685157205,0,2,2,4,7,1900,7.550135342488429,1,1,1,0,3,0,7618,8.93840040647301,1,1,1,3,2,8,2,1.0986122886681098,1,2,2,2,2,1,2,3737.0
75,4.330733340286331,0,0,0,5,5,27,3.332204510175204,0,0,2,6,7,-5575,8.62622695244036,-1,0,2,0,4,5,-3210,8.074337694089515,-1,1,0,0,3,0,5,1.791759469228055,0,2,0,5,5,1,3,1073.0
78,4.3694478524670215,1,0,3,1,8,43,3.784189633918261,0,1,3,1,3,-6150,8.724369949208368,-1,1,0,0,3,0,8950,9.099520536870939,1,1,1,0,4,0,5,1.791759469228055,0,2,0,5,5,1,2,1785.0
79,4.382026634673881,0,1,4,2,9,113,4.736198448394496,0,2,3,1,3,-5055,8.528330935826693,-1,0,0,0,6,5,-7735,8.95364003713313,-1,0,2,0,0,5,5,1.791759469228055,0,2,0,5,5,1,2,2200.0
136,4.919980925828125,1,1,1,3,6,144,4.976733742420574,1,0,4,4,4,-4256,8.356319965828153,-1,1,1,4,0,4,120,4.795790545596741,1,1,0,0,1,0,4,1.6094379124341003,1,1,4,4,4,4,4,754.0
92,4.532599493153256,1,2,2,1,2,131,4.882801922586371,0,2,1,5,1,1548,7.3453648404168685,1,1,0,3,1,8,-16884,9.734180932819669,-1,1,0,1,0,6,6,1.9459101490553132,1,0,1,6,6,1,2,3690.0
30,3.4339872044851463,1,0,0,2,0,70,4.2626798770413155,1,1,0,0,0,-2370,7.771067086065406,-1,1,0,0,3,0,3910,8.271548374755515,1,1,1,0,4,0,5,1.791759469228055,0,2,0,5,5,5,5,540.0
56,4.04305126783455,1,2,1,0,6,113,4.736198448394496,0,2,3,1,3,-476,6.1675164908883415,-1,1,1,4,0,4,8561,9.055089086704891,1,0,2,1,0,1,7,2.0794415416798357,0,1,2,0,7,1,3,540.0
72,4.290459441148391,1,0,2,2,2,63,4.1588830833596715,0,0,3,0,3,-6720,8.812992231969966,-1,1,0,0,0,0,1216,7.104144092987527,1,1,1,1,5,6,8,2.1972245773362196,1,2,3,1,8,1,3,440.0
110,4.709530201312334,1,2,0,5,0,31,3.4657359027997265,0,1,1,3,1,-11750,9.371693622333941,-1,1,1,0,3,0,10225,9.232688775639945,1,0,1,0,5,5,5,1.791759469228055,0,2,0,5,5,1,3,2610.0
136,4.919980925828125,1,1,1,3,6,26,3.295836866004329,1,2,1,5,6,-7176,8.878636747430072,-1,1,0,4,6,4,6408,8.765458531504226,1,1,0,3,3,8,6,1.9459101490553132,1,0,1,6,6,2,3,988.0
57,4.060443010546419,0,0,2,1,7,147,4.997212273764115,0,0,2,0,7,-1647,7.4073177104694174,-1,0,0,3,5,3,4779,8.472195825485501,1,0,0,4,5,9,9,2.302585092994046,0,0,4,2,9,3,2,858.0
90,4.51085950651685,1,0,0,6,0,144,4.976733742420574,1,0,4,4,4,-16290,9.69836808706617,-1,1,0,0,6,0,21114,9.957738967368044,1,1,0,4,2,4,9,2.302585092994046,0,0,4,2,9,9,5,1450.0
82,4.418840607796598,1,1,2,5,2,111,4.718498871295094,0,0,1,6,1,-2295,7.738923757439457,-1,0,0,0,1,5,-5913,8.685077700412423,-1,0,0,2,2,7,9,2.302585092994046,0,0,4,2,9,1,2,1725.0
97,4.584967478670572,0,1,2,6,7,117,4.770684624465665,0,0,2,5,7,-306,5.726847747587197,-1,1,0,4,2,4,297,5.697093486505405,1,0,0,2,3,7,3,1.3862943611198906,0,0,3,3,3,1,3,315.0
128,4.859812404361672,1,2,3,2,8,121,4.804021044733257,0,1,1,2,1,138,4.9344739331306915,1,1,0,3,5,8,20628,9.934453131793008,1,1,0,3,6,8,6,1.9459101490553132,1,0,1,6,6,1,2,2825.0
59,4.0943445622221,0,2,4,3,9,50,3.9318256327243257,1,2,0,1,0,264,5.579729825986222,1,1,0,4,5,4,12896,9.464750005164392,1,1,2,1,2,6,8,2.1972245773362196,1,2,3,1,8,1,2,1313.0
37,3.6375861597263857,0,1,2,2,7,131,4.882801922586371,0,2,1,5,1,-2695,7.899524472032198,-1,0,2,0,0,5,3395,8.130353547431238,1,0,2,0,0,5,7,2.0794415416798357,0,1,2,0,7,1,2,450.0
17,2.8903717578961645,0,2,2,3,7,26,3.295836866004329,1,2,1,5,6,-22300,10.012386799492118,-1,1,2,0,2,0,-19030,9.853824507517027,-1,1,2,0,3,0,10,2.3978952727983707,1,1,0,3,0,1,2,2987.0
69,4.248495242049359,0,0,4,6,9,43,3.784189633918261,0,1,3,1,3,75,4.330733340286331,1,0,0,0,5,5,-3245,8.085178748074537,-1,0,1,0,3,5,5,1.791759469228055,0,2,0,5,5,1,2,936.0
22,3.1354942159291497,1,1,2,1,2,61,4.127134385045092,0,1,1,5,1,-7200,8.881975184248867,-1,1,0,0,3,0,-5900,8.682877107057168,-1,1,1,0,1,0,10,2.3978952727983707,1,1,0,3,0,1,2,1300.0
97,4.584967478670572,0,1,2,6,7,29,3.4011973816621555,0,2,4,1,9,2030,7.616283561580385,1,1,2,0,0,0,-19075,9.856186279418115,-1,0,2,0,0,5,5,1.791759469228055,0,2,0,5,5,1,3,4059.0
127,4.852030263919617,0,1,2,1,7,65,4.189654742026425,0,2,0,2,5,-2340,7.75833346749091,-1,1,0,0,5,0,4689,8.453187861440325,1,0,0,4,6,9,3,1.3862943611198906,0,0,3,3,3,1,3,1425.0
76,4.343805421853684,1,1,1,6,6,16,2.833213344056216,1,1,1,2,6,-1944,7.573017256052546,-1,1,0,1,2,6,4464,8.4040244933106,1,1,0,4,5,4,3,1.3862943611198906,0,0,3,3,3,1,3,1500.0
113,4.736198448394496,0,2,3,1,3,13,2.6390573296152584,0,1,3,6,3,11263,9.329367078397823,1,0,1,3,0,3,-17003,9.741203889478681,-1,0,1,2,0,7,7,2.0794415416798357,0,1,2,0,7,1,2,3480.0
78,4.3694478524670215,1,0,3,1,8,74,4.31748811353631,1,2,4,4,4,-742,6.610696044717759,-1,1,2,3,0,8,11018,9.307376334487778,1,1,2,3,0,8,7,2.0794415416798357,0,1,2,0,7,1,2,1144.0
37,3.6375861597263857,0,1,2,2,7,81,4.406719247264253,0,0,1,4,1,-3025,8.014996894348302,-1,0,2,0,6,5,-180,5.198497031265826,-1,1,0,0,2,0,5,1.791759469228055,0,2,0,5,5,1,2,609.0
58,4.07753744390572,1,1,3,2,8,18,2.9444389791664403,1,0,3,4,8,-9423,9.151014905891367,-1,0,0,2,6,7,-9882,9.198571388376184,-1,1,0,3,2,8,9,2.302585092994046,0,0,4,2,9,1,4,1365.0
79,4.382026634673881,0,1,4,2,9,101,4.624972813284271,0,2,1,3,1,-4692,8.453827315794417,-1,1,0,3,5,8,-2700,7.901377353792616,-1,1,0,0,2,0,6,1.9459101490553132,1,0,1,6,6,1,2,1100.0
95,4.564348191467836,0,2,0,4,5,119,4.787491742782046,0,2,4,0,9,1161,7.057897937411856,1,0,0,1,6,1,-16191,9.692272572087193,-1,0,0,4,0,9,9,2.302585092994046,0,0,4,2,9,1,2,3034.0
107,4.68213122712422,0,2,2,2,7,129,4.867534450455582,0,0,4,3,9,-1100,7.00397413672268,-1,1,1,0,6,0,-5100,8.537191877922927,-1,1,0,0,3,0,10,2.3978952727983707,1,1,0,3,0,1,2,2040.0
46,3.8501476017100584,1,1,1,4,6,82,4.418840607796598,1,1,2,5,2,-448,6.1070228877422545,-1,1,2,2,0,2,1610,7.384610383176974,1,1,2,0,0,0,7,2.0794415416798357,0,1,2,0,7,1,3,430.0
107,4.68213122712422,0,2,2,2,7,50,3.9318256327243257,1,2,0,1,0,5637,8.637284671674058,1,0,0,2,2,7,7380,8.906664409770052,1,1,0,0,2,0,3,1.3862943611198906,0,0,3,3,3,1,2,3190.0
44,3.8066624897703196,1,2,4,2,4,64,4.174387269895637,1,1,4,1,4,1134,7.034387929915503,1,1,0,4,0,4,4248,8.354438940114811,1,1,0,3,6,8,3,1.3862943611198906,0,0,3,3,3,1,2,1326.0
128,4.859812404361672,1,2,3,2,8,132,4.890349128221754,1,0,2,6,2,-1142,7.04141166379481,-1,1,1,3,6,8,3328,8.110427237575024,1,1,1,3,3,8,2,1.0986122886681098,1,2,2,2,2,2,5,1435.0
16,2.833213344056216,1,1,1,2,6,48,3.8918202981106265,1,0,3,6,8,2240,7.714677473800927,1,1,2,0,0,0,-6468,8.774776816043985,-1,1,0,2,0,2,7,2.0794415416798357,0,1,2,0,7,1,4,1332.0
36,3.6109179126442243,1,0,1,1,6,146,4.990432586778736,1,2,1,6,6,-2352,7.763446388727362,-1,1,0,3,0,8,5138,8.54461378699223,1,1,2,3,0,8,7,2.0794415416798357,0,1,2,0,7,1,2,300.0
149,5.0106352940962555,0,2,4,2,9,16,2.833213344056216,1,1,1,2,6,-12951,9.469005495357472,-1,0,0,4,6,9,-1728,7.455298485683291,-1,1,0,2,1,2,9,2.302585092994046,0,0,4,2,9,1,3,350.0
121,4.804021044733257,0,1,1,2,1,58,4.07753744390572,1,1,3,2,8,-3376,8.124743020385568,-1,1,2,4,5,4,-992,6.900730664045173,-1,1,1,3,2,8,4,1.6094379124341003,1,1,4,4,4,1,2,600.0
33,3.5263605246161616,0,0,3,5,3,122,4.812184355372417,1,2,2,3,2,-2855,7.957177323459475,-1,0,1,0,1,5,-3910,8.271548374755515,-1,1,2,0,3,0,5,1.791759469228055,0,2,0,5,5,1,2,1450.0
68,4.23410650459726,1,2,3,5,8,136,4.919980925828125,1,1,1,3,6,5908,8.684231891345675,1,1,1,3,0,8,33614,10.422727674903138,1,1,2,4,0,4,7,2.0794415416798357,0,1,2,0,7,1,3,4070.0
136,4.919980925828125,1,1,1,3,6,74,4.31748811353631,1,2,4,4,4,-6034,8.705331133531631,-1,1,2,1,0,6,2114,7.656810091480378,1,1,2,4,0,4,7,2.0794415416798357,0,1,2,0,7,1,2,234.0
90,4.51085950651685,1,0,0,6,0,126,4.844187086458591,1,0,1,0,6,-1800,7.496097345175956,-1,1,0,0,6,0,2016,7.6093665379542115,1,1,0,1,0,6,2,1.0986122886681098,1,2,2,2,2,2,6,1044.0
149,5.0106352940962555,0,2,4,2,9,100,4.61512051684126,1,1,0,2,0,-13540,9.513477398982824,-1,1,2,0,5,0,7450,8.916103530553727,1,1,1,0,2,0,10,2.3978952727983707,1,1,0,3,0,1,4,289.0
21,3.091042453358316,0,0,1,0,1,40,3.713572066704308,1,1,0,5,0,464,6.142037405587356,1,1,2,4,2,4,-1280,7.155396301896734,-1,1,1,0,1,0,4,1.6094379124341003,1,1,4,4,4,1,4,520.0
21,3.091042453358316,0,0,1,0,1,111,4.718498871295094,0,0,1,6,1,156,5.056245805348308,1,1,0,1,2,6,171,5.147494476813453,1,0,0,1,3,1,3,1.3862943611198906,0,0,3,3,3,3,4,299.0
118,4.77912349311153,1,1,3,6,8,47,3.871201010907891,0,2,2,5,7,-11830,9.378478484253662,-1,1,2,0,0,0,19943,9.900683625203394,1,0,2,3,0,3,7,2.0794415416798357,0,1,2,0,7,1,2,2664.0
58,4.07753744390572,1,1,3,2,8,93,4.543294782270004,0,0,3,2,3,-1120,7.02197642307216,-1,1,2,0,0,0,9408,9.149421957006766,1,1,0,3,0,8,8,2.1972245773362196,1,2,3,1,8,1,2,540.0
12,2.5649493574615367,1,0,2,5,2,19,2.995732273553991,0,1,4,5,9,5336,8.582418976333944,1,1,2,1,2,6,22144,10.0053670163573,1,1,1,4,3,4,8,2.1972245773362196,1,2,3,1,8,1,2,2725.0
87,4.477336814478207,0,0,2,3,7,27,3.332204510175204,0,0,2,6,7,-9639,9.17367638760459,-1,0,0,1,0,1,11403,9.341719450032562,1,0,0,3,0,3,7,2.0794415416798357,0,1,2,0,7,1,3,1632.0
22,3.1354942159291497,1,1,2,1,2,67,4.219507705176107,0,1,2,4,7,-6948,8.846353043314327,-1,1,0,2,3,2,29772,10.301357221522462,1,1,0,2,1,2,6,1.9459101490553132,1,0,1,6,6,1,2,4674.0
24,3.2188758248682006,1,0,4,3,4,78,4.3694478524670215,1,0,3,1,8,2450,7.804251383528112,1,1,2,0,0,0,16254,9.696155832738006,1,1,0,4,0,4,7,2.0794415416798357,0,1,2,0,7,1,2,1850.0
27,3.332204510175204,0,0,2,6,7,75,4.330733340286331,0,0,0,5,5,-5375,8.589699882202986,-1,0,1,0,1,5,-3060,8.026496938945412,-1,1,0,0,6,0,5,1.791759469228055,0,2,0,5,5,1,3,1363.0
18,2.9444389791664403,1,0,3,4,8,47,3.871201010907891,0,2,2,5,7,-9153,9.121946221213587,-1,0,0,2,3,7,-30393,10.32200049949355,-1,0,0,2,1,7,9,2.302585092994046,0,0,4,2,9,1,3,3895.0
95,4.564348191467836,0,2,0,4,5,104,4.653960350157523,1,2,4,6,4,-1650,7.409136443920128,-1,1,0,0,2,0,860,6.7580945044277305,1,1,2,0,6,0,5,1.791759469228055,0,2,0,5,5,1,3,377.0
136,4.919980925828125,1,1,1,3,6,139,4.941642422609304,0,1,4,6,9,-8920,9.096163326913784,-1,1,2,0,5,0,34700,10.454523783963511,1,1,2,0,1,0,10,2.3978952727983707,1,1,0,3,0,1,2,2132.0
145,4.983606621708336,0,1,0,5,5,131,4.882801922586371,0,2,1,5,1,-19860,9.896513288798792,-1,1,0,0,6,0,23150,10.049793255125712,1,1,2,0,1,0,10,2.3978952727983707,1,1,0,3,0,1,2,1139.0
99,4.605170185988092,0,0,4,1,9,65,4.189654742026425,0,2,0,2,5,-1818,7.506042178518122,-1,1,0,2,2,2,6580,8.791941988456118,1,1,1,0,0,0,2,1.0986122886681098,1,2,2,2,2,1,2,3239.0
126,4.844187086458591,1,0,1,0,6,43,3.784189633918261,0,1,3,1,3,201,5.308267697401205,1,0,0,1,5,1,3591,8.18646442942209,1,0,0,1,0,1,3,1.3862943611198906,0,0,3,3,3,1,3,1157.0
43,3.784189633918261,0,1,3,1,3,33,3.5263605246161616,0,0,3,5,3,-2124,7.661527081358517,-1,1,0,1,4,6,420,6.042632833682381,1,1,0,0,0,0,6,1.9459101490553132,1,0,1,6,6,1,2,160.0
32,3.4965075614664802,1,2,2,4,2,70,4.2626798770413155,1,1,0,0,0,-1088,6.9930151229329605,-1,1,1,2,4,2,6280,8.74528448245438,1,1,1,0,1,0,8,2.1972245773362196,1,2,3,1,8,2,4,255.0
87,4.477336814478207,0,0,2,3,7,39,3.6888794541139363,0,0,4,4,9,-4422,8.394573477868327,-1,1,0,3,2,8,-1692,7.4342573821331355,-1,1,0,3,2,8,6,1.9459101490553132,1,0,1,6,6,3,2,559.0
92,4.532599493153256,1,2,2,1,2,97,4.584967478670572,0,1,2,6,7,-1248,7.130098510125578,-1,1,0,2,5,2,11080,9.312987208936326,1,1,1,0,6,0,8,2.1972245773362196,1,2,3,1,8,1,2,841.0
64,4.174387269895637,1,1,4,1,4,92,4.532599493153256,1,2,2,1,2,-4949,8.507142855562735,-1,0,1,1,0,1,-1708,7.443663683115591,-1,1,2,2,0,2,7,2.0794415416798357,0,1,2,0,7,1,2,925.0
42,3.7612001156935624,1,0,2,0,2,117,4.770684624465665,0,0,2,5,7,-5400,8.594339400592892,-1,1,0,0,4,0,13300,9.495594499353297,1,1,1,0,0,0,10,2.3978952727983707,1,1,0,3,0,1,2,200.0
44,3.8066624897703196,1,2,4,2,4,113,4.736198448394496,0,2,3,1,3,-4131,8.326516830239528,-1,0,0,4,6,9,8397,9.035748861244139,1,0,0,2,4,7,9,2.302585092994046,0,0,4,2,9,1,2,105.0
81,4.406719247264253,0,0,1,4,1,27,3.332204510175204,0,0,2,6,7,228,5.43372200355424,1,1,0,3,4,8,-628,6.444131256700441,-1,1,2,2,2,2,2,1.0986122886681098,1,2,2,2,2,1,3,460.0
76,4.343805421853684,1,1,1,6,6,149,5.0106352940962555,0,2,4,2,9,-1456,7.284134806195205,-1,1,2,4,0,4,2756,7.921898411023797,1,1,2,1,5,6,2,1.0986122886681098,1,2,2,2,2,1,3,1224.0
84,4.442651256490317,1,0,4,0,4,55,4.02535169073515,0,1,0,6,5,-2709,7.904703913873747,-1,0,0,1,0,1,18495,9.825309771472105,1,0,0,0,1,5,9,2.302585092994046,0,0,4,2,9,1,2,1625.0
21,3.091042453358316,0,0,1,0,1,24,3.2188758248682006,1,0,4,3,4,-3240,8.083637203141548,-1,1,0,0,1,0,4064,8.310169021981912,1,1,2,4,4,4,8,2.1972245773362196,1,2,3,1,8,1,4,395.0
73,4.30406509320417,0,1,3,3,3,84,4.442651256490317,1,0,4,0,4,-4900,8.497194544909547,-1,1,2,0,0,0,3900,8.268988209506656,1,1,0,0,1,0,10,2.3978952727983707,1,1,0,3,0,1,2,510.0
16,2.833213344056216,1,1,1,2,6,148,5.003946305945459,1,1,3,1,8,125,4.836281906951478,1,0,2,0,6,5,4400,8.38958706681109,1,1,2,0,4,0,5,1.791759469228055,0,2,0,5,5,1,3,175.0
94,4.553876891600541,1,1,4,3,4,53,3.9889840465642745,0,2,3,4,3,-2681,7.894318063841624,-1,0,1,4,0,9,-2023,7.6128310304073565,-1,0,2,2,0,7,7,2.0794415416798357,0,1,2,0,7,1,2,715.0
138,4.9344739331306915,1,0,3,5,8,35,3.58351893845611,0,2,0,0,5,-11688,9.366403507607771,-1,1,0,2,2,2,-5796,8.665095821339733,-1,1,0,4,0,4,6,1.9459101490553132,1,0,1,6,6,1,4,1624.0
19,2.995732273553991,0,1,4,5,9,136,4.919980925828125,1,1,1,3,6,6885,8.83724564389847,1,0,0,0,4,5,-4779,8.472195825485501,-1,0,0,1,2,1,9,2.302585092994046,0,0,4,2,9,1,2,1989.0
72,4.290459441148391,1,0,2,2,2,122,4.812184355372417,1,2,2,3,2,-6723,8.813438494528507,-1,0,0,2,4,7,13842,9.535534968687735,1,1,0,2,3,2,9,2.302585092994046,0,0,4,2,9,1,3,451.0
133,4.897839799950911,0,1,3,0,3,142,4.962844630259907,1,1,2,2,2,-3640,8.200013648175434,-1,1,2,0,0,0,-2912,7.976938756959434,-1,1,1,3,0,8,4,1.6094379124341003,1,1,4,4,4,1,2,1350.0
120,4.795790545596741,1,0,0,1,0,17,2.8903717578961645,0,2,2,3,7,-2800,7.937731775260109,-1,1,2,0,0,0,-2368,7.7702232041587855,-1,1,2,2,5,2,2,1.0986122886681098,1,2,2,2,2,1,3,1682.0
100,4.61512051684126,1,1,0,2,0,44,3.8066624897703196,1,2,4,2,4,1238,7.122059881629142,1,1,2,3,6,8,-5440,8.601718146485926,-1,1,2,0,6,0,2,1.0986122886681098,1,2,2,2,2,2,4,2925.0
64,4.174387269895637,1,1,4,1,4,22,3.1354942159291497,1,1,2,1,2,-1500,7.313886831633462,-1,1,0,0,5,0,-14600,9.588845298501564,-1,1,1,0,2,0,10,2.3978952727983707,1,1,0,3,0,2,2,1750.0
112,4.727387818712341,1,1,2,0,2,105,4.663439094112067,0,0,0,0,5,4592,8.432288684325794,1,1,2,2,0,2,34545,10.45004704825323,1,0,0,0,0,5,7,2.0794415416798357,0,1,2,0,7,7,6,4440.0
23,3.1780538303479458,0,2,3,2,3,98,4.59511985013459,1,2,3,0,8,889,6.7912214627261855,1,0,1,4,0,9,7490,8.921457578947884,1,1,2,0,0,0,7,2.0794415416798357,0,1,2,0,7,1,3,480.0
150,5.017279836814924,1,0,0,3,0,70,4.2626798770413155,1,1,0,0,0,-10968,9.302828391411333,-1,1,0,2,1,2,2656,7.884952945759814,1,1,1,1,3,6,8,2.1972245773362196,1,2,3,1,8,2,2,285.0
43,3.784189633918261,0,1,3,1,3,145,4.983606621708336,0,1,0,5,5,6425,8.768107539675803,1,0,2,0,6,5,-4250,8.35490952835879,-1,1,1,0,6,0,5,1.791759469228055,0,2,0,5,5,1,3,2175.0
73,4.30406509320417,0,1,3,3,3,93,4.543294782270004,0,0,3,2,3,-8340,9.028938392241612,-1,1,0,0,4,0,7350,8.902591637374087,1,1,0,0,0,0,10,2.3978952727983707,1,1,0,3,0,1,2,221.0
63,4.1588830833596715,0,0,3,0,3,56,4.04305126783455,1,2,1,0,6,-3376,8.124743020385568,-1,1,2,4,5,4,-3544,8.173293438966228,-1,1,2,1,5,6,4,1.6094379124341003,1,1,4,4,4,1,3,1258.0
36,3.6109179126442243,1,0,1,1,6,61,4.127134385045092,0,1,1,5,1,-634,6.453624998892692,-1,1,2,1,3,6,-932,6.838405200847344,-1,1,1,3,6,8,2,1.0986122886681098,1,2,2,2,2,1,3,637.0
117,4.770684624465665,0,0,2,5,7,28,3.367295829986474,1,1,3,0,8,-2538,7.839525581704678,-1,1,0,2,3,2,-6432,8.769196271411001,-1,1,0,3,1,8,6,1.9459101490553132,1,0,1,6,6,1,2,1271.0
51,3.9512437185814275,0,0,1,2,1,142,4.962844630259907,1,1,2,2,2,-9486,9.157677719392877,-1,1,0,4,6,4,-1350,7.208600337960199,-1,1,0,0,1,0,9,2.302585092994046,0,0,4,2,9,1,3,1547.0
110,4.709530201312334,1,2,0,5,0,39,3.6888794541139363,0,0,4,4,9,-3020,8.013343181386672,-1,1,1,0,4,0,-23460,10.063094747044966,-1,1,0,0,4,0,10,2.3978952727983707,1,1,0,3,0,1,3,2850.0
35,3.58351893845611,0,2,0,0,5,28,3.367295829986474,1,1,3,0,8,-764,6.639875833826536,-1,1,1,1,6,6,720,6.580639137284949,1,1,0,0,6,0,4,1.6094379124341003,1,1,4,4,4,1,3,85.0
118,4.77912349311153,1,1,3,6,8,30,3.4339872044851463,1,0,0,2,0,5312,8.577911926450943,1,1,2,2,6,2,-7080,8.865170419651774,-1,1,0,0,4,0,4,1.6094379124341003,1,1,4,4,4,2,4,2610.0
39,3.6888794541139363,0,0,4,4,9,59,4.0943445622221,0,2,4,3,9,8613,9.061144065614055,1,0,0,3,3,3,-29556,10.294075881413862,-1,1,0,4,5,4,9,2.302585092994046,0,0,4,2,9,1,2,4033.0
147,4.997212273764115,0,0,2,0,7,144,4.976733742420574,1,0,4,4,4,485,6.186208623900494,1,0,2,0,2,5,11400,9.34145634983372,1,1,0,0,4,0,5,1.791759469228055,0,2,0,5,5,1,2,1768.0
125,4.836281906951478,0,2,0,6,5,106,4.672828834461906,1,1,1,1,6,-7637,8.940891067785461,-1,0,1,3,0,3,-1526,7.3310603052186325,-1,1,1,4,0,4,7,2.0794415416798357,0,1,2,0,7,1,2,984.0
78,4.3694478524670215,1,0,3,1,8,110,4.709530201312334,1,2,0,5,0,-4284,8.36287583103188,-1,1,0,1,0,6,1992,7.597396320212795,1,1,0,2,4,2,6,1.9459101490553132,1,0,1,6,6,2,3,410.0
46,3.8501476017100584,1,1,1,4,6,123,4.820281565605037,0,0,3,4,3,-2272,7.728855823852543,-1,1,2,3,3,8,-912,6.816735880594968,-1,1,0,3,5,8,4,1.6094379124341003,1,1,4,4,4,1,2,816.0
29,3.4011973816621555,0,2,4,1,9,111,4.718498871295094,0,0,1,6,1,-6170,8.727616178321068,-1,1,1,0,4,0,6740,8.815963560853438,1,1,2,0,6,0,10,2.3978952727983707,1,1,0,3,0,1,2,545.0
122,4.812184355372417,1,2,2,3,2,85,4.454347296253507,0,1,0,1,5,-9222,9.129455643235719,-1,1,0,3,4,8,19620,9.884355700220102,1,1,0,0,6,0,6,1.9459101490553132,1,0,1,6,6,1,2,2875.0
76,4.343805421853684,1,1,1,6,6,105,4.663439094112067,0,0,0,0,5,-2736,7.914617709040679,-1,1,0,4,1,4,14016,9.548026157663058,1,1,0,1,2,6,8,2.1972245773362196,1,2,3,1,8,1,3,950.0
71,4.276666119016055,0,2,1,1,1,14,2.70805020110221,1,2,4,0,4,3514,8.164794804244766,1,1,1,4,0,4,31766,10.366183294098564,1,1,2,1,0,6,7,2.0794415416798357,0,1,2,0,7,1,5,4551.0
139,4.941642422609304,0,1,4,6,9,117,4.770684624465665,0,0,2,5,7,-4075,8.312871394342615,-1,0,2,0,6,5,2125,7.661997558901893,1,0,1,0,4,5,5,1.791759469228055,0,2,0,5,5,1,2,200.0
147,4.997212273764115,0,0,2,0,7,133,4.897839799950911,0,1,3,0,3,-864,6.762729506931879,-1,1,0,1,4,6,585,6.373319789577012,1,0,0,0,4,5,3,1.3862943611198906,0,0,3,3,3,1,3,255.0
16,2.833213344056216,1,1,1,2,6,124,4.8283137373023015,1,1,4,5,4,624,6.437751649736401,1,1,0,4,1,4,6714,8.812099108957337,1,1,0,4,1,4,6,1.9459101490553132,1,0,1,6,6,2,3,425.0
91,4.5217885770490405,0,1,1,0,1,11,2.4849066497880004,0,2,1,4,1,-18010,9.798737961337057,-1,1,2,0,1,0,40700,10.614007941153417,1,1,2,0,2,0,10,2.3978952727983707,1,1,0,3,0,1,3,4059.0
119,4.787491742782046,0,2,4,0,9,87,4.477336814478207,0,0,2,3,7,-9275,9.135185698375423,-1,0,1,0,0,5,20550,9.93066488054092,1,1,0,0,5,0,5,1.791759469228055,0,2,0,5,5,1,2,3885.0
140,4.948759890378168,1,2,0,0,0,104,4.653960350157523,1,2,4,6,4,-12474,9.431481920619719,-1,1,0,1,0,6,9936,9.204020443231363,1,1,0,1,3,6,9,2.302585092994046,0,0,4,2,9,1,2,210.0
51,3.9512437185814275,0,0,1,2,1,128,4.859812404361672,1,2,3,2,8,-1404,7.247792581767846,-1,1,0,1,3,6,1772,7.480428306074208,1,1,2,2,1,2,2,1.0986122886681098,1,2,2,2,2,1,3,870.0
73,4.30406509320417,0,1,3,3,3,90,4.51085950651685,1,0,0,6,0,-340,5.831882477283517,-1,1,2,0,3,0,22050,10.001113231320568,1,1,0,0,0,0,10,2.3978952727983707,1,1,0,3,0,1,4,1479.0
138,4.9344739331306915,1,0,3,5,8,130,4.875197323201151,1,1,0,4,0,-5568,8.624970783589669,-1,1,0,2,4,2,17840,9.789254458374703,1,1,2,0,4,0,8,2.1972245773362196,1,2,3,1,8,2,2,1258.0
132,4.890349128221754,1,0,2,6,2,84,4.442651256490317,1,0,4,0,4,-7448,8.915835074176277,-1,1,1,2,0,2,6468,8.774776816043985,1,1,0,3,0,8,7,2.0794415416798357,0,1,2,0,7,1,5,364.0
91,4.5217885770490405,0,1,1,0,1,136,4.919980925828125,1,1,1,3,6,-987,6.895682697747868,-1,0,0,3,0,3,13174,9.486076373409563,1,1,1,4,0,4,7,2.0794415416798357,0,1,2,0,7,1,3,1054.0
44,3.8066624897703196,1,2,4,2,4,90,4.51085950651685,1,0,0,6,0,-2360,7.766840537085513,-1,1,1,0,6,0,11720,9.36913738372318,1,1,2,0,2,0,10,2.3978952727983707,1,1,0,3,0,2,3,340.0
137,4.927253685157205,0,2,2,4,7,91,4.5217885770490405,0,1,1,0,1,-7208,8.883085524404578,-1,1,1,2,2,2,3744,8.22817689595132,1,1,0,4,6,4,8,2.1972245773362196,1,2,3,1,8,1,2,325.0
87,4.477336814478207,0,0,2,3,7,121,4.804021044733257,0,1,1,2,1,-1452,7.2813856635702825,-1,1,0,3,4,8,2554,7.845807502637805,1,1,1,4,6,4,2,1.0986122886681098,1,2,2,2,2,1,3,1173.0
147,4.997212273764115,0,0,2,0,7,71,4.276666119016055,0,2,1,1,1,-3024,8.014666370464942,-1,1,0,1,0,6,-17344,9.76105955940385,-1,1,2,1,2,6,8,2.1972245773362196,1,2,3,1,8,1,2,2850.0
47,3.871201010907891,0,2,2,5,7,104,4.653960350157523,1,2,4,6,4,-6399,8.764053269347762,-1,0,0,1,6,1,19944,9.900733764339506,1,1,0,4,1,4,9,2.302585092994046,0,0,4,2,9,1,2,1312.0
52,3.970291913552122,1,1,2,3,2,55,4.02535169073515,0,1,0,6,5,-328,5.796057750765372,-1,1,2,2,1,2,2608,7.866722285136729,1,1,1,3,4,8,4,1.6094379124341003,1,1,4,4,4,1,3,450.0
88,4.48863636973214,1,1,3,4,8,114,4.74493212836325,1,0,4,2,4,-1168,7.063903961472068,-1,1,2,2,1,2,2400,7.783640596221253,1,1,0,0,6,0,4,1.6094379124341003,1,1,4,4,4,2,3,156.0
101,4.624972813284271,0,2,1,3,1,116,4.762173934797756,1,2,1,4,6,-2796,7.936302693201959,-1,1,0,4,4,4,6192,8.731174900938061,1,1,0,2,4,2,6,1.9459101490553132,1,0,1,6,6,1,2,364.0
47,3.871201010907891,0,2,2,5,7,111,4.718498871295094,0,0,1,6,1,-9443,9.153134898205403,-1,0,1,2,0,7,12936,9.467846701917901,1,1,0,1,0,6,7,2.0794415416798357,0,1,2,0,7,1,2,1479.0
40,3.713572066704308,1,1,0,5,0,98,4.59511985013459,1,2,3,0,8,-2925,7.98139158158007,-1,0,0,0,1,5,9050,9.11063052782717,1,1,2,0,6,0,5,1.791759469228055,0,2,0,5,5,1,3,1375.0
59,4.0943445622221,0,2,4,3,9,85,4.454347296253507,0,1,0,1,5,-1938,7.569927655242652,-1,1,0,2,1,2,5589,8.628734566149145,1,0,0,4,3,9,3,1.3862943611198906,0,0,3,3,3,1,2,1675.0
77,4.356708826689592,0,2,2,0,7,87,4.477336814478207,0,0,2,3,7,1636,7.400620577371135,1,1,1,1,5,6,-5322,8.579792333172758,-1,1,0,3,5,8,2,1.0986122886681098,1,2,2,2,2,1,2,2997.0
17,2.8903717578961645,0,2,2,3,7,104,4.653960350157523,1,2,4,6,4,-5568,8.624970783589669,-1,1,0,2,4,2,15056,9.619598278323043,1,1,2,1,6,6,8,2.1972245773362196,1,2,3,1,8,1,3,1190.0
65,4.189654742026425,0,2,0,2,5,103,4.6443908991413725,0,1,3,5,3,-486,6.18826412308259,-1,1,0,4,4,4,-12897,9.464827539570322,-1,0,0,3,4,3,9,2.302585092994046,0,0,4,2,9,1,2,2419.0
141,4.955827057601261,0,0,1,1,1,52,3.970291913552122,1,1,2,3,2,-2196,7.69484807238461,-1,1,0,4,2,4,10272,9.237274373216264,1,1,0,2,3,2,6,1.9459101490553132,1,0,1,6,6,1,2,1480.0
109,4.700480365792417,0,1,4,4,9,72,4.290459441148391,1,0,2,2,2,-21300,9.966509298952284,-1,1,0,0,1,0,18120,9.804826765712157,1,1,0,0,4,0,10,2.3978952727983707,1,1,0,3,0,1,2,1508.0
87,4.477336814478207,0,0,2,3,7,137,4.927253685157205,0,2,2,4,7,-6456,8.772920092626467,-1,1,0,4,5,4,7584,8.933927891782632,1,1,0,4,3,4,8,2.1972245773362196,1,2,3,1,8,1,2,185.0
41,3.7376696182833684,0,2,1,6,1,14,2.70805020110221,1,2,4,0,4,-2330,7.754052639035757,-1,1,1,0,1,0,6150,8.724369949208368,1,1,0,0,4,0,5,1.791759469228055,0,2,0,5,5,1,3,1189.0
100,4.61512051684126,1,1,0,2,0,140,4.948759890378168,1,2,0,0,0,-198,5.293304824724492,-1,1,0,2,5,2,2196,7.69484807238461,1,1,0,1,5,6,3,1.3862943611198906,0,0,3,3,3,1,2,390.0
33,3.5263605246161616,0,0,3,5,3,130,4.875197323201151,1,1,0,4,0,-3897,8.268218880067506,-1,0,0,3,2,3,-9330,9.141097469234023,-1,1,0,0,1,0,3,1.3862943611198906,0,0,3,3,3,1,3,3700.0
143,4.969813299576001,0,2,3,3,3,138,4.9344739331306915,1,0,3,5,8,-312,5.746203190540153,-1,1,0,3,3,8,-1098,7.002155954403621,-1,1,0,2,1,2,3,1.3862943611198906,0,0,3,3,3,1,3,845.0
56,4.04305126783455,1,2,1,0,6,110,4.709530201312334,1,2,0,5,0,-3645,8.201385955238608,-1,0,0,0,2,5,10098,9.220191688026556,1,1,0,3,4,8,9,2.302585092994046,0,0,4,2,9,1,2,165.0
110,4.709530201312334,1,2,0,5,0,65,4.189654742026425,0,2,0,2,5,240,5.484796933490655,1,1,0,0,2,0,974,6.882437470997847,1,1,2,4,1,4,2,1.0986122886681098,1,2,2,2,2,1,3,493.0
81,4.406719247264253,0,0,1,4,1,37,3.6375861597263857,0,1,2,2,7,-7284,8.893572718629306,-1,1,0,1,3,6,16308,9.699472381656918,1,1,0,3,5,8,6,1.9459101490553132,1,0,1,6,6,1,2,2600.0
144,4.976733742420574,1,0,4,4,4,84,4.442651256490317,1,0,4,0,4,-4500,8.412054873292933,-1,1,0,0,1,0,-525,6.26530121273771,-1,0,0,0,0,5,5,1.791759469228055,0,2,0,5,5,1,2,555.0
50,3.9318256327243257,1,2,0,1,0,147,4.997212273764115,0,0,2,0,7,-3800,8.24301946898925,-1,1,1,0,1,0,7968,8.983314293397749,1,1,0,3,2,8,8,2.1972245773362196,1,2,3,1,8,1,3,195.0
40,3.713572066704308,1,1,0,5,0,45,3.828641396489095,0,0,0,3,5,-3120,8.045908742270779,-1,1,0,0,2,0,7380,8.906664409770052,1,1,0,0,2,0,6,1.9459101490553132,1,0,1,6,6,1,4,1000.0
14,2.70805020110221,1,2,4,0,4,122,4.812184355372417,1,2,2,3,2,168,5.1298987149230735,1,1,0,3,0,8,908,6.812345094177479,1,1,2,3,5,8,2,1.0986122886681098,1,2,2,2,2,2,5,238.0
32,3.4965075614664802,1,2,2,4,2,60,4.110873864173311,1,0,0,4,0,852,6.748759547491679,1,1,0,2,5,2,-2112,7.655864017616056,-1,1,0,3,2,8,2,1.0986122886681098,1,2,2,2,2,2,5,1274.0
46,3.8501476017100584,1,1,1,4,6,131,4.882801922586371,0,2,1,5,1,-5830,8.670943791222156,-1,1,2,0,1,0,12050,9.396902923027392,1,1,2,0,3,0,5,1.791759469228055,0,2,0,5,5,1,2,1989.0
57,4.060443010546419,0,0,2,1,7,29,3.4011973816621555,0,2,4,1,9,-6021,8.70317470904168,-1,0,0,4,6,9,477,6.169610732491456,1,0,0,2,1,7,9,2.302585092994046,0,0,4,2,9,1,2,260.0
50,3.9318256327243257,1,2,0,1,0,83,4.430816798843313,0,2,3,6,3,1728,7.455298485683291,1,1,0,3,6,8,-7302,8.89604050162011,-1,1,0,3,6,8,6,1.9459101490553132,1,0,1,6,6,1,2,1813.0
125,4.836281906951478,0,2,0,6,5,29,3.4011973816621555,0,2,4,1,9,-11520,9.351926736038054,-1,1,0,0,2,0,-1840,7.518064181233078,-1,1,2,0,1,0,8,2.1972245773362196,1,2,3,1,8,1,2,638.0
11,2.4849066497880004,0,2,1,4,1,36,3.6109179126442243,1,0,1,1,6,-6950,8.846640813100485,-1,1,1,0,1,0,-10440,9.25349564229011,-1,1,0,0,4,0,10,2.3978952727983707,1,1,0,3,0,1,3,1521.0
94,4.553876891600541,1,1,4,3,4,105,4.663439094112067,0,0,0,0,5,888,6.790097235513905,1,1,0,3,6,8,-4230,8.350193650720067,-1,1,0,0,5,0,6,1.9459101490553132,1,0,1,6,6,1,3,1513.0
47,3.871201010907891,0,2,2,5,7,97,4.584967478670572,0,1,2,6,7,410,6.018593214496234,1,1,2,0,4,0,-7820,8.964567702601611,-1,1,1,0,6,0,10,2.3978952727983707,1,1,0,3,0,1,2,1825.0
70,4.2626798770413155,1,1,0,0,0,106,4.672828834461906,1,1,1,1,6,-1233,7.1180162044653335,-1,0,0,2,6,7,150,5.017279836814924,1,1,0,0,3,0,3,1.3862943611198906,0,0,3,3,3,1,2,335.0
28,3.367295829986474,1,1,3,0,8,102,4.634728988229636,1,0,2,4,2,-405,6.0063531596017325,-1,0,0,0,1,5,16542,9.713718330607016,1,1,0,2,1,2,9,2.302585092994046,0,0,4,2,9,1,2,943.0
94,4.553876891600541,1,1,4,3,4,38,3.6635616461296463,1,2,3,3,8,-4950,8.507344855361422,-1,1,0,0,6,0,12312,9.418410893792872,1,1,0,2,6,2,3,1.3862943611198906,0,0,3,3,3,1,3,4218.0
112,4.727387818712341,1,1,2,0,2,10,2.3978952727983707,1,1,0,3,0,-2528,7.835579246669965,-1,1,1,2,6,2,-4232,8.350666240520924,-1,1,1,3,3,8,8,2.1972245773362196,1,2,3,1,8,2,3,841.0
61,4.127134385045092,0,1,1,5,1,117,4.770684624465665,0,0,2,5,7,-3969,8.286521373681236,-1,0,0,1,0,1,-8922,9.09638749190015,-1,1,0,3,3,8,3,1.3862943611198906,0,0,3,3,3,1,3,3515.0
123,4.820281565605037,0,0,3,4,3,64,4.174387269895637,1,1,4,1,4,-2254,7.720905251936779,-1,1,2,1,0,6,16072,9.684896124569141,1,1,1,2,0,2,7,2.0794415416798357,0,1,2,0,7,1,2,1925.0
127,4.852030263919617,0,1,2,1,7,93,4.543294782270004,0,0,3,2,3,-15039,9.618468597503831,-1,0,0,1,4,1,-1377,7.228388451573604,-1,0,0,3,2,3,9,2.302585092994046,0,0,4,2,9,1,2,1122.0
16,2.833213344056216,1,1,1,2,6,105,4.663439094112067,0,0,0,0,5,-436,6.07993319509559,-1,1,2,4,5,4,-76,4.343805421853684,-1,1,2,4,1,4,2,1.0986122886681098,1,2,2,2,2,1,3,310.0
19,2.995732273553991,0,1,4,5,9,145,4.983606621708336,0,1,0,5,5,1525,7.330405211844402,1,0,1,0,6,5,5725,8.65277248565806,1,0,1,0,6,5,5,1.791759469228055,0,2,0,5,5,1,3,580.0
59,4.0943445622221,0,2,4,3,9,37,3.6375861597263857,0,1,2,2,7,3325,8.109525659752872,1,0,1,0,0,5,-4115,8.32263709695394,-1,0,1,0,1,5,5,1.791759469228055,0,2,0,5,5,1,2,1392.0
62,4.143134726391533,1,2,2,6,2,131,4.882801922586371,0,2,1,5,1,-288,5.666426688112432,-1,1,0,2,6,2,-954,6.86171134048073,-1,1,0,1,5,6,6,1.9459101490553132,1,0,1,6,6,1,2,999.0
128,4.859812404361672,1,2,3,2,8,50,3.9318256327243257,1,2,0,1,0,-1127,7.028201432058005,-1,0,1,3,0,3,20090,9.90802723257816,1,1,2,0,0,0,7,2.0794415416798357,0,1,2,0,7,1,2,2625.0
76,4.343805421853684,1,1,1,6,6,21,3.091042453358316,0,0,1,0,1,-1384,7.233455418621439,-1,1,2,1,2,6,4884,8.493924564476883,1,1,0,4,5,4,2,1.0986122886681098,1,2,2,2,2,1,3,2460.0
99,4.605170185988092,0,0,4,1,9,59,4.0943445622221,0,2,4,3,9,-1016,6.92461239604856,-1,1,1,4,6,4,-1252,7.133295954896068,-1,1,2,3,1,8,2,1.0986122886681098,1,2,2,2,2,1,2,806.0
21,3.091042453358316,0,0,1,0,1,143,4.969813299576001,0,2,3,3,3,483,6.182084906716632,1,0,0,3,0,3,4172,8.336390480591552,1,1,2,2,0,2,7,2.0794415416798357,0,1,2,0,7,1,4,459.0
51,3.9512437185814275,0,0,1,2,1,50,3.9318256327243257,1,2,0,1,0,3664,8.206583614320753,1,1,1,4,3,4,-3904,8.270013062273787,-1,1,2,1,2,6,4,1.6094379124341003,1,1,4,4,4,1,2,1624.0
122,4.812184355372417,1,2,2,3,2,99,4.605170185988092,0,0,4,1,9,-2060,7.630946580890459,-1,1,1,0,5,0,6875,8.83579236650274,1,0,2,0,1,5,5,1.791759469228055,0,2,0,5,5,1,2,902.0
57,4.060443010546419,0,0,2,1,7,33,3.5263605246161616,0,0,3,5,3,-11025,9.30801139914963,-1,0,0,0,0,5,-9342,9.142382678792956,-1,1,0,3,3,8,9,2.302585092994046,0,0,4,2,9,3,2,1513.0
33,3.5263605246161616,0,0,3,5,3,31,3.4657359027997265,0,1,1,3,1,3840,8.253488028345904,1,1,0,0,4,0,13144,9.483796737163981,1,1,1,4,5,4,8,2.1972245773362196,1,2,3,1,8,1,3,1581.0
59,4.0943445622221,0,2,4,3,9,37,3.6375861597263857,0,1,2,2,7,3776,8.236685322712457,1,1,2,1,3,6,16528,9.712871692917354,1,1,1,3,1,8,8,2.1972245773362196,1,2,3,1,8,1,3,2006.0
46,3.8501476017100584,1,1,1,4,6,64,4.174387269895637,1,1,4,1,4,-1216,7.104144092987527,-1,1,2,4,2,4,2176,7.685703061234547,1,1,1,1,6,6,4,1.6094379124341003,1,1,4,4,4,2,5,312.0
115,4.7535901911063645,0,1,0,3,5,72,4.290459441148391,1,0,2,2,2,-2610,7.8674885686991285,-1,1,0,0,1,0,-1080,6.985641817639208,-1,1,0,0,5,0,6,1.9459101490553132,1,0,1,6,6,1,4,663.0
52,3.970291913552122,1,1,2,3,2,118,4.77912349311153,1,1,3,6,8,660,6.493753839851686,1,1,0,0,2,0,-2504,7.826044013518965,-1,1,1,1,2,6,2,1.0986122886681098,1,2,2,2,2,2,4,1550.0
124,4.8283137373023015,1,1,4,5,4,122,4.812184355372417,1,2,2,3,2,2016,7.6093665379542115,1,1,0,1,0,6,-12822,9.458995712459116,-1,1,0,3,2,8,3,1.3862943611198906,0,0,3,3,3,1,2,4756.0
126,4.844187086458591,1,0,1,0,6,61,4.127134385045092,0,1,1,5,1,-984,6.892641641172089,-1,1,0,1,3,6,8856,9.088963385809583,1,1,0,1,1,6,6,1.9459101490553132,1,0,1,6,6,1,4,1258.0
26,3.295836866004329,1,2,1,5,6,146,4.990432586778736,1,2,1,6,6,6174,8.728264161496178,1,1,0,4,0,4,-3699,8.216088098632316,-1,0,0,1,4,1,9,2.302585092994046,0,0,4,2,9,1,2,1955.0
32,3.4965075614664802,1,2,2,4,2,17,2.8903717578961645,0,2,2,3,7,-260,5.564520407322694,-1,1,1,0,6,0,-8380,9.033722518098907,-1,1,2,0,6,0,10,2.3978952727983707,1,1,0,3,0,1,2,1050.0
116,4.762173934797756,1,2,1,4,6,11,2.4849066497880004,0,2,1,4,1,-1885,7.542213463193403,-1,0,2,0,5,5,3755,8.231109840328154,1,0,2,0,3,5,5,1.791759469228055,0,2,0,5,5,1,2,725.0
132,4.890349128221754,1,0,2,6,2,44,3.8066624897703196,1,2,4,2,4,1312,7.180069874302796,1,1,1,2,3,2,-3274,8.094073148069352,-1,1,2,1,2,6,2,1.0986122886681098,1,2,2,2,2,2,5,1955.0
26,3.295836866004329,1,2,1,5,6,59,4.0943445622221,0,2,4,3,9,565,6.338594078203183,1,0,1,0,5,5,-145,4.983606621708336,-1,0,2,0,2,5,5,1.791759469228055,0,2,0,5,5,1,2,405.0
132,4.890349128221754,1,0,2,6,2,91,4.5217885770490405,0,1,1,0,1,-22464,10.01971382150426,-1,1,0,1,6,6,41706,10.638424259406456,1,1,0,1,0,6,9,2.302585092994046,0,0,4,2,9,1,2,4033.0
61,4.127134385045092,0,1,1,5,1,48,3.8918202981106265,1,0,3,6,8,-4285,8.363109176033522,-1,0,2,0,6,5,-3975,8.288031567776464,-1,0,0,0,1,5,5,1.791759469228055,0,2,0,5,5,1,2,1173.0
27,3.332204510175204,0,0,2,6,7,32,3.4965075614664802,1,2,2,4,2,1254,7.134890851565884,1,1,0,4,1,4,8784,9.080801000621198,1,1,0,4,6,4,6,1.9459101490553132,1,0,1,6,6,1,2,1325.0
110,4.709530201312334,1,2,0,5,0,123,4.820281565605037,0,0,3,4,3,-8240,9.016876974763383,-1,1,1,0,6,0,6272,8.744009988096744,1,1,2,2,0,2,8,2.1972245773362196,1,2,3,1,8,1,2,250.0
93,4.543294782270004,0,0,3,2,3,38,3.6635616461296463,1,2,3,3,8,-1188,7.080867896690782,-1,1,0,2,2,2,-1218,7.105786129481271,-1,1,0,2,0,2,3,1.3862943611198906,0,0,3,3,3,1,3,533.0
105,4.663439094112067,0,0,0,0,5,54,4.007333185232471,1,0,4,5,4,1264,7.142827401161621,1,1,1,4,4,4,-4656,8.446126742982377,-1,1,0,4,6,4,4,1.6094379124341003,1,1,4,4,4,1,2,1564.0
108,4.6913478822291435,1,0,3,3,8,128,4.859812404361672,1,2,3,2,8,-11844,9.379661116592885,-1,1,0,1,0,6,-12838,9.460242692591084,-1,1,2,2,0,2,7,2.0794415416798357,0,1,2,0,7,1,2,2886.0
101,4.624972813284271,0,2,1,3,1,118,4.77912349311153,1,1,3,6,8,-5586,8.628197749459149,-1,1,0,4,0,4,7966,8.983063289380366,1,1,1,1,0,6,7,2.0794415416798357,0,1,2,0,7,1,2,325.0
28,3.367295829986474,1,1,3,0,8,11,2.4849066497880004,0,2,1,4,1,-4390,8.387312270561717,-1,1,2,0,6,0,-1020,6.928537818164665,-1,1,0,0,2,0,10,2.3978952727983707,1,1,0,3,0,1,2,265.0
17,2.8903717578961645,0,2,2,3,7,68,4.23410650459726,1,2,3,5,8,-2300,7.741099090035366,-1,1,1,0,3,0,6782,8.82217476094608,1,1,2,2,6,2,2,1.0986122886681098,1,2,2,2,2,1,4,3441.0
113,4.736198448394496,0,2,3,1,3,86,4.465908118654584,1,2,1,2,6,-6300,8.748463629942055,-1,1,0,0,0,0,-3400,8.131824785007195,-1,1,2,0,2,0,10,2.3978952727983707,1,1,0,3,0,1,2,1300.0
126,4.844187086458591,1,0,1,0,6,134,4.90527477843843,1,2,4,1,4,-2136,7.667158255319148,-1,1,0,4,6,4,-2524,7.83399634170946,-1,1,2,1,3,6,2,1.0986122886681098,1,2,2,2,2,2,4,1734.0
39,3.6888794541139363,0,0,4,4,9,122,4.812184355372417,1,2,2,3,2,-3896,8.26796230533871,-1,1,1,4,3,4,11168,9.320897362540826,1,1,2,3,3,8,8,2.1972245773362196,1,2,3,1,8,1,2,455.0
133,4.897839799950911,0,1,3,0,3,28,3.367295829986474,1,1,3,0,8,-10368,9.246575864558277,-1,1,0,2,6,2,-8204,9.01249900352419,-1,1,1,1,0,6,4,1.6094379124341003,1,1,4,4,4,1,4,2987.0
123,4.820281565605037,0,0,3,4,3,29,3.4011973816621555,0,2,4,1,9,3177,8.064007347096661,1,0,0,2,6,7,16146,9.689489552881621,1,1,0,1,4,6,9,2.302585092994046,0,0,4,2,9,1,2,2117.0
86,4.465908118654584,1,2,1,2,6,59,4.0943445622221,0,2,4,3,9,-6710,8.811503250158239,-1,1,1,0,3,0,-2500,7.824445930877619,-1,1,2,0,6,0,10,2.3978952727983707,1,1,0,3,0,1,2,861.0
24,3.2188758248682006,1,0,4,3,4,41,3.7376696182833684,0,2,1,6,1,1284,7.158513997329321,1,1,0,4,3,4,3969,8.286521373681236,1,0,0,4,0,9,3,1.3862943611198906,0,0,3,3,3,1,3,1300.0
84,4.442651256490317,1,0,4,0,4,130,4.875197323201151,1,1,0,4,0,3276,8.094683648698815,1,1,0,1,0,6,27930,10.237492462093485,1,1,0,0,0,0,7,2.0794415416798357,0,1,2,0,7,1,4,3256.0
61,4.127134385045092,0,1,1,5,1,52,3.970291913552122,1,1,2,3,2,-3472,8.152774052744075,-1,1,2,3,0,8,3192,8.068716192714781,1,1,0,2,0,2,7,2.0794415416798357,0,1,2,0,7,1,2,115.0
142,4.962844630259907,1,1,2,2,2,147,4.997212273764115,0,0,2,0,7,-4716,8.458928283284262,-1,1,0,4,2,4,5820,8.669227347271736,1,1,0,0,3,0,6,1.9459101490553132,1,0,1,6,6,1,2,110.0
88,4.48863636973214,1,1,3,4,8,36,3.6109179126442243,1,0,1,1,6,-8028,8.990815266184685,-1,1,0,2,1,2,756,6.6293632534374485,1,1,0,1,0,6,9,2.302585092994046,0,0,4,2,9,1,5,260.0
134,4.90527477843843,1,2,4,1,4,71,4.276666119016055,0,2,1,1,1,472,6.159095388491933,1,1,1,2,3,2,2174,7.684783943522785,1,1,2,4,4,4,2,1.0986122886681098,1,2,2,2,2,1,3,1071.0
110,4.709530201312334,1,2,0,5,0,69,4.248495242049359,0,0,4,6,9,-840,6.734591659972948,-1,1,0,0,0,0,-684,6.529418838262226,-1,1,0,1,2,6,2,1.0986122886681098,1,2,2,2,2,1,3,520.0
125,4.836281906951478,0,2,0,6,5,13,2.6390573296152584,0,1,3,6,3,-7568,8.931816237309167,-1,1,1,2,6,2,1408,7.25063551189868,1,1,1,3,1,8,8,2.1972245773362196,1,2,3,1,8,1,2,90.0
29,3.4011973816621555,0,2,4,1,9,131,4.882801922586371,0,2,1,5,1,860,6.7580945044277305,1,1,2,0,6,0,6050,8.707978826622321,1,1,2,0,2,0,10,2.3978952727983707,1,1,0,3,0,1,2,799.0
36,3.6109179126442243,1,0,1,1,6,77,4.356708826689592,0,2,2,0,7,-2265,7.725771441587952,-1,0,0,0,3,5,105,4.663439094112067,1,0,0,0,0,5,5,1.791759469228055,0,2,0,5,5,1,2,455.0
134,4.90527477843843,1,2,4,1,4,93,4.543294782270004,0,0,3,2,3,-11312,9.333707785926467,-1,1,1,3,0,8,18112,9.804385191492917,1,1,1,2,3,2,8,2.1972245773362196,1,2,3,1,8,1,2,1558.0
40,3.713572066704308,1,1,0,5,0,11,2.4849066497880004,0,2,1,4,1,-3520,8.166500319155052,-1,1,2,0,1,0,-8224,9.014933575633572,-1,1,2,1,1,6,4,1.6094379124341003,1,1,4,4,4,1,5,2220.0
117,4.770684624465665,0,0,2,5,7,30,3.4339872044851463,1,0,0,2,0,-1623,7.392647520721623,-1,0,0,2,1,7,-1098,7.002155954403621,-1,1,0,2,1,2,3,1.3862943611198906,0,0,3,3,3,3,4,494.0
125,4.836281906951478,0,2,0,6,5,131,4.882801922586371,0,2,1,5,1,-9992,9.209640126861789,-1,1,1,3,4,8,11040,9.309370895439137,1,1,0,0,1,0,8,2.1972245773362196,1,2,3,1,8,1,2,415.0
143,4.969813299576001,0,2,3,3,3,74,4.31748811353631,1,2,4,4,4,1672,7.422373700986824,1,1,1,2,6,2,18784,9.84081395800807,1,1,1,4,3,4,4,1.6094379124341003,1,1,4,4,4,1,2,4510.0
22,3.1354942159291497,1,1,2,1,2,85,4.454347296253507,0,1,0,1,5,-3645,8.201385955238608,-1,0,0,0,2,5,-1395,7.241366283322318,-1,0,0,0,5,5,9,2.302585092994046,0,0,4,2,9,1,2,943.0
58,4.07753744390572,1,1,3,2,8,138,4.9344739331306915,1,0,3,5,8,-1260,7.13966033596492,-1,1,0,0,0,0,2226,7.708410667257367,1,1,0,1,0,6,3,1.3862943611198906,0,0,3,3,3,1,3,410.0
49,3.912023005428146,0,1,4,0,9,112,4.727387818712341,1,1,2,0,2,-3108,8.042056410058754,-1,1,0,2,0,2,-6176,8.728587995695898,-1,1,1,4,5,4,4,1.6094379124341003,1,1,4,4,4,1,3,2075.0
14,2.70805020110221,1,2,4,0,4,22,3.1354942159291497,1,1,2,1,2,-6296,8.747828608488742,-1,1,1,4,4,4,25408,10.142858720954989,1,1,1,3,5,8,8,2.1972245773362196,1,2,3,1,8,2,2,3075.0
56,4.04305126783455,1,2,1,0,6,57,4.060443010546419,0,0,2,1,7,-1904,7.552237287560802,-1,1,1,1,0,6,343,5.840641657373398,1,0,1,3,0,3,7,2.0794415416798357,0,1,2,0,7,1,4,370.0
86,4.465908118654584,1,2,1,2,6,20,3.044522437723423,1,2,0,6,0,-1764,7.475905969367397,-1,1,0,1,0,6,-7420,8.912069097970134,-1,1,2,0,0,0,7,2.0794415416798357,0,1,2,0,7,1,3,1250.0
95,4.564348191467836,0,2,0,4,5,101,4.624972813284271,0,2,1,3,1,-2828,7.947678571301568,-1,1,1,2,0,2,-3171,8.06211758275474,-1,0,0,4,0,9,7,2.0794415416798357,0,1,2,0,7,1,3,1189.0
72,4.290459441148391,1,0,2,2,2,124,4.8283137373023015,1,1,4,5,4,-3780,8.237743803890933,-1,1,0,0,0,0,7840,8.967121656230923,1,1,1,0,0,0,10,2.3978952727983707,1,1,0,3,0,2,2,570.0
26,3.295836866004329,1,2,1,5,6,26,3.295836866004329,1,2,1,5,6,-2650,7.8826922062890254,-1,1,2,0,3,0,-3100,8.03947991910045,-1,1,2,0,1,0,5,1.791759469228055,0,2,0,5,5,1,3,850.0
73,4.30406509320417,0,1,3,3,3,108,4.6913478822291435,1,0,3,3,8,588,6.3784261836515865,1,1,0,3,0,8,-2016,7.6093665379542115,-1,1,0,4,0,4,3,1.3862943611198906,0,0,3,3,3,1,3,1079.0
94,4.553876891600541,1,1,4,3,4,83,4.430816798843313,0,2,3,6,3,-2444,7.801800401908973,-1,1,1,1,6,6,-928,6.834108738813838,-1,1,2,2,3,2,4,1.6094379124341003,1,1,4,4,4,1,3,611.0
40,3.713572066704308,1,1,0,5,0,104,4.653960350157523,1,2,4,6,4,-216,5.37989735354046,-1,1,0,4,1,4,12456,9.430037992886092,1,1,0,1,3,6,9,2.302585092994046,0,0,4,2,9,1,2,560.0
110,4.709530201312334,1,2,0,5,0,119,4.787491742782046,0,2,4,0,9,-10220,9.232199706329077,-1,1,1,0,0,0,12940,9.46815584482167,1,1,1,0,4,0,10,2.3978952727983707,1,1,0,3,0,1,3,130.0
46,3.8501476017100584,1,1,1,4,6,96,4.574710978503383,1,0,1,5,6,-2712,7.905810312658931,-1,1,0,3,4,8,1476,7.29776828253138,1,1,0,1,6,6,6,1.9459101490553132,1,0,1,6,6,2,3,374.0
15,2.772588722239781,0,0,0,1,5,49,3.912023005428146,0,1,4,0,9,1132,7.0326242610280065,1,1,1,2,5,2,5488,8.610501368549889,1,1,1,3,0,8,4,1.6094379124341003,1,1,4,4,4,1,3,1225.0
88,4.48863636973214,1,1,3,4,8,129,4.867534450455582,0,0,4,3,9,-1888,7.543802867501509,-1,1,2,2,2,2,3464,8.150467911624004,1,1,2,4,6,4,4,1.6094379124341003,1,1,4,4,4,1,3,370.0
82,4.418840607796598,1,1,2,5,2,53,3.9889840465642745,0,2,3,4,3,380,5.942799375126701,1,1,2,0,2,0,1156,7.053585727193677,1,1,1,1,1,6,2,1.0986122886681098,1,2,2,2,2,1,3,590.0
93,4.543294782270004,0,0,3,2,3,28,3.367295829986474,1,1,3,0,8,-1170,7.065613363597717,-1,1,0,0,6,0,696,6.546785410760524,1,1,0,1,3,6,3,1.3862943611198906,0,0,3,3,3,1,3,185.0
136,4.919980925828125,1,1,1,3,6,99,4.605170185988092,0,0,4,1,9,-2275,7.730174795246222,-1,0,2,0,0,5,5175,8.551787836180736,1,0,0,0,2,5,5,1.791759469228055,0,2,0,5,5,1,2,585.0
54,4.007333185232471,1,0,4,5,4,113,4.736198448394496,0,2,3,1,3,-3159,8.058327306580958,-1,0,0,1,5,1,-10863,9.293209849798478,-1,0,0,2,1,7,3,1.3862943611198906,0,0,3,3,3,1,3,4059.0
28,3.367295829986474,1,1,3,0,8,10,2.3978952727983707,1,1,0,3,0,-1908,7.554334823725748,-1,1,0,2,3,2,-4740,8.464003362902119,-1,1,0,0,6,0,3,1.3862943611198906,0,0,3,3,3,1,3,1702.0
65,4.189654742026425,0,2,0,2,5,146,4.990432586778736,1,2,1,6,6,2775,7.9287663216266955,1,0,0,0,3,5,-970,6.878326468291325,-1,1,2,0,3,0,5,1.791759469228055,0,2,0,5,5,1,3,1276.0
18,2.9444389791664403,1,0,3,4,8,39,3.6888794541139363,0,0,4,4,9,-2706,7.903596289614301,-1,1,0,4,3,4,-4419,8.393894975071744,-1,0,0,1,5,1,3,1.3862943611198906,0,0,3,3,3,3,4,1802.0
37,3.6375861597263857,0,1,2,2,7,107,4.68213122712422,0,2,2,2,7,-1060,6.966967138613983,-1,1,2,0,4,0,7180,8.879193928110318,1,1,1,0,5,0,10,2.3978952727983707,1,1,0,3,0,1,2,440.0
33,3.5263605246161616,0,0,3,5,3,64,4.174387269895637,1,1,4,1,4,1671,7.421775793644647,1,0,0,1,5,1,4266,8.358666283188,1,1,0,1,3,6,3,1.3862943611198906,0,0,3,3,3,1,3,1394.0
12,2.5649493574615367,1,0,2,5,2,45,3.828641396489095,0,0,0,3,5,1320,7.186144304522325,1,1,0,0,4,0,6260,8.74209519574531,1,1,2,0,2,0,2,1.0986122886681098,1,2,2,2,2,1,4,3116.0
101,4.624972813284271,0,2,1,3,1,18,2.9444389791664403,1,0,3,4,8,9471,9.156095357123787,1,0,0,1,0,1,-14259,9.565213693968287,-1,0,0,1,0,1,7,2.0794415416798357,0,1,2,0,7,1,2,2987.0
76,4.343805421853684,1,1,1,6,6,12,2.5649493574615367,1,0,2,5,2,-1864,7.5310163320779155,-1,1,2,1,5,6,-672,6.511745329644728,-1,1,0,3,0,8,4,1.6094379124341003,1,1,4,4,4,4,5,270.0
144,4.976733742420574,1,0,4,4,4,53,3.9889840465642745,0,2,3,4,3,-9520,9.161255164285691,-1,1,2,0,0,0,7217,8.884333185202735,1,0,2,2,0,7,7,2.0794415416798357,0,1,2,0,7,1,2,748.0
17,2.8903717578961645,0,2,2,3,7,89,4.499809670330265,0,2,4,5,9,-2253,7.720461694599722,-1,0,0,2,1,7,8001,8.98744678941718,1,0,0,1,0,1,3,1.3862943611198906,0,0,3,3,3,1,2,2500.0
39,3.6888794541139363,0,0,4,4,9,76,4.343805421853684,1,1,1,6,6,-2075,7.638198244285779,-1,0,1,0,4,5,745,6.61472560020376,1,0,1,0,3,5,5,1.791759469228055,0,2,0,5,5,1,2,319.0
92,4.532599493153256,1,2,2,1,2,98,4.59511985013459,1,2,3,0,8,-8288,9.022684613591526,-1,1,1,2,0,2,-4270,8.359603270841466,-1,1,2,0,0,0,7,2.0794415416798357,0,1,2,0,7,1,3,1404.0
107,4.68213122712422,0,2,2,2,7,122,4.812184355372417,1,2,2,3,2,-4268,8.359134886757962,-1,1,1,2,2,2,-9408,9.149421957006766,-1,1,0,2,0,2,4,1.6094379124341003,1,1,4,4,4,1,2,2911.0
77,4.356708826689592,0,2,2,0,7,23,3.1780538303479458,0,2,3,2,3,-11097,9.314520190885846,-1,0,0,3,5,3,-19737,9.890300990731953,-1,0,0,3,3,3,9,2.302585092994046,0,0,4,2,9,1,2,2460.0
80,4.394449154672439,1,2,0,3,0,107,4.68213122712422,0,2,2,2,7,-2990,8.003363058629947,-1,1,1,0,6,0,3995,8.293049139768444,1,0,2,0,5,5,5,1.791759469228055,0,2,0,5,5,1,3,330.0
32,3.4965075614664802,1,2,2,4,2,147,4.997212273764115,0,0,2,0,7,-3248,8.0861025356691,-1,1,1,2,0,2,-9808,9.191055610564316,-1,1,2,2,6,2,4,1.6094379124341003,1,1,4,4,4,1,3,3116.0
20,3.044522437723423,1,2,0,6,0,107,4.68213122712422,0,2,2,2,7,-1800,7.496097345175956,-1,1,0,0,6,0,5795,8.664923303440572,1,0,2,0,6,5,5,1.791759469228055,0,2,0,5,5,1,4,676.0
37,3.6375861597263857,0,1,2,2,7,123,4.820281565605037,0,0,3,4,3,1746,7.465655310134056,1,1,0,1,3,6,-6021,8.70317470904168,-1,0,0,4,6,9,3,1.3862943611198906,0,0,3,3,3,1,3,2475.0
40,3.713572066704308,1,1,0,5,0,147,4.997212273764115,0,0,2,0,7,-1440,7.273092595999522,-1,1,0,0,2,0,-1269,7.146772179452637,-1,0,0,1,5,1,3,1.3862943611198906,0,0,3,3,3,1,4,936.0
50,3.9318256327243257,1,2,0,1,0,147,4.997212273764115,0,0,2,0,7,-1260,7.13966033596492,-1,1,0,0,0,0,2892,7.970049304976135,1,1,0,2,1,2,6,1.9459101490553132,1,0,1,6,6,1,2,410.0
123,4.820281565605037,0,0,3,4,3,134,4.90527477843843,1,2,4,1,4,-3756,8.231376045573969,-1,1,0,4,3,4,2520,7.83241092718792,1,1,0,0,0,0,6,1.9459101490553132,1,0,1,6,6,1,2,400.0
122,4.812184355372417,1,2,2,3,2,46,3.8501476017100584,1,1,1,4,6,-3905,8.270269111436624,-1,0,1,0,1,5,2290,7.736743682453495,1,1,1,0,1,0,5,1.791759469228055,0,2,0,5,5,1,2,285.0
135,4.912654885736052,0,0,0,2,5,120,4.795790545596741,1,0,0,1,0,-3726,8.223358899479258,-1,1,0,4,5,4,9360,9.144307401371744,1,1,0,0,1,0,6,1.9459101490553132,1,0,1,6,6,3,4,861.0
125,4.836281906951478,0,2,0,6,5,36,3.6109179126442243,1,0,1,1,6,2880,7.9658927350845286,1,1,0,0,3,0,13728,9.527265662897605,1,1,0,3,1,8,8,2.1972245773362196,1,2,3,1,8,1,3,1972.0
61,4.127134385045092,0,1,1,5,1,140,4.948759890378168,1,2,0,0,0,-9918,9.202207388745993,-1,1,0,2,1,2,-5724,8.65259782842244,-1,1,0,1,2,6,9,2.302585092994046,0,0,4,2,9,1,2,1975.0
22,3.1354942159291497,1,1,2,1,2,95,4.564348191467836,0,2,0,4,5,348,5.855071922202427,1,1,0,3,5,8,-880,6.78105762593618,-1,1,2,0,2,0,4,1.6094379124341003,1,1,4,4,4,1,3,625.0
132,4.890349128221754,1,0,2,6,2,38,3.6635616461296463,1,2,3,3,8,-14346,9.57129614009839,-1,1,0,4,4,4,-9450,9.153875834995056,-1,1,0,0,0,0,9,2.302585092994046,0,0,4,2,9,1,2,1450.0
120,4.795790545596741,1,0,0,1,0,39,3.6888794541139363,0,0,4,4,9,-320,5.771441123130016,-1,1,1,0,2,0,-5232,8.562740006372207,-1,1,0,3,4,8,8,2.1972245773362196,1,2,3,1,8,1,3,1334.0
137,4.927253685157205,0,2,2,4,7,80,4.394449154672439,1,2,0,3,0,-13349,9.499271663828395,-1,0,1,1,0,1,-15435,9.64445772265751,-1,0,0,0,0,5,7,2.0794415416798357,0,1,2,0,7,1,2,2923.0
105,4.663439094112067,0,0,0,0,5,49,3.912023005428146,0,1,4,0,9,-6321,8.751790892775563,-1,0,0,4,0,9,-1029,6.937314081223682,-1,0,0,1,0,1,7,2.0794415416798357,0,1,2,0,7,7,6,518.0
46,3.8501476017100584,1,1,1,4,6,99,4.605170185988092,0,0,4,1,9,-2092,7.646353722445999,-1,1,2,3,1,8,3392,8.129469764784231,1,1,2,2,4,2,4,1.6094379124341003,1,1,4,4,4,1,2,565.0
71,4.276666119016055,0,2,1,1,1,146,4.990432586778736,1,2,1,6,6,-8090,8.99850761180784,-1,1,1,0,2,0,15920,9.675394271496005,1,1,2,0,2,0,10,2.3978952727983707,1,1,0,3,0,1,2,165.0
42,3.7612001156935624,1,0,2,0,2,40,3.713572066704308,1,1,0,5,0,-735,6.601230118728877,-1,0,0,0,0,5,7840,8.967121656230923,1,1,1,0,0,0,7,2.0794415416798357,0,1,2,0,7,1,4,861.0
97,4.584967478670572,0,1,2,6,7,79,4.382026634673881,0,1,4,2,9,-7504,8.923324744067562,-1,1,2,1,0,6,3328,8.110427237575024,1,1,1,3,3,8,8,2.1972245773362196,1,2,3,1,8,1,2,270.0
46,3.8501476017100584,1,1,1,4,6,74,4.31748811353631,1,2,4,4,4,-924,6.829793737512425,-1,1,0,1,0,6,-1480,7.300472814267799,-1,1,2,0,4,0,2,1.0986122886681098,1,2,2,2,2,2,5,962.0
121,4.804021044733257,0,1,1,2,1,107,4.68213122712422,0,2,2,2,7,-49,3.912023005428146,-1,0,2,1,0,1,25403,10.142661920922865,1,0,2,3,0,3,7,2.0794415416798357,0,1,2,0,7,1,2,3000.0
46,3.8501476017100584,1,1,1,4,6,103,4.6443908991413725,0,1,3,5,3,1296,7.167809184316444,1,1,0,1,1,6,30663,10.33084460706039,1,0,0,3,3,3,9,2.302585092994046,0,0,4,2,9,1,2,2542.0
27,3.332204510175204,0,0,2,6,7,79,4.382026634673881,0,1,4,2,9,-2376,7.773594467360194,-1,1,0,4,4,4,9084,9.114379980830272,1,1,0,4,5,4,6,1.9459101490553132,1,0,1,6,6,1,3,1066.0
92,4.532599493153256,1,2,2,1,2,57,4.060443010546419,0,0,2,1,7,-3280,8.0959035329611,-1,1,2,0,3,0,-1935,7.568379267836522,-1,0,0,0,4,5,5,1.791759469228055,0,2,0,5,5,1,2,700.0
69,4.248495242049359,0,0,4,6,9,44,3.8066624897703196,1,2,4,2,4,1059,6.966024187106113,1,0,0,4,2,9,3546,8.173857454773621,1,1,0,1,4,6,3,1.3862943611198906,0,0,3,3,3,1,3,1190.0
27,3.332204510175204,0,0,2,6,7,126,4.844187086458591,1,0,1,0,6,-2160,7.6783263565068856,-1,1,0,0,3,0,2952,7.990576881743923,1,1,0,2,5,2,6,1.9459101490553132,1,0,1,6,6,3,4,330.0
88,4.48863636973214,1,1,3,4,8,24,3.2188758248682006,1,0,4,3,4,-2520,7.83241092718792,-1,1,0,0,0,0,1728,7.455298485683291,1,1,0,3,6,8,6,1.9459101490553132,1,0,1,6,6,2,5,180.0
122,4.812184355372417,1,2,2,3,2,110,4.709530201312334,1,2,0,5,0,-1152,7.050122520269059,-1,1,0,3,3,8,19520,9.879246088163093,1,1,2,0,4,0,8,2.1972245773362196,1,2,3,1,8,2,3,1768.0
56,4.04305126783455,1,2,1,0,6,87,4.477336814478207,0,0,2,3,7,2416,7.790282380703483,1,1,1,1,1,6,11052,9.310457163310955,1,1,0,2,6,2,4,1.6094379124341003,1,1,4,4,4,1,3,2553.0
78,4.3694478524670215,1,0,3,1,8,94,4.553876891600541,1,1,4,3,4,-8700,9.071193240566025,-1,1,0,0,1,0,13400,9.503084610020228,1,1,2,0,2,0,10,2.3978952727983707,1,1,0,3,0,2,2,410.0
135,4.912654885736052,0,0,0,2,5,134,4.90527477843843,1,2,4,1,4,-6192,8.731174900938061,-1,1,0,3,3,8,11840,9.379323364330956,1,1,2,0,3,0,8,2.1972245773362196,1,2,3,1,8,1,2,510.0
72,4.290459441148391,1,0,2,2,2,132,4.890349128221754,1,0,2,6,2,11208,9.324472306021095,1,1,0,3,1,8,19242,9.86490263722056,1,1,0,2,6,2,6,1.9459101490553132,1,0,1,6,6,6,4,3335.0
101,4.624972813284271,0,2,1,3,1,29,3.4011973816621555,0,2,4,1,9,-4221,8.348064228408266,-1,0,0,4,0,9,-1809,7.501082124259871,-1,0,0,1,4,1,9,2.302585092994046,0,0,4,2,9,1,2,638.0
113,4.736198448394496,0,2,3,1,3,83,4.430816798843313,0,2,3,6,3,-872,6.771935555839602,-1,1,1,3,3,8,-1108,7.011213987350367,-1,1,2,2,5,2,2,1.0986122886681098,1,2,2,2,2,1,2,750.0
42,3.7612001156935624,1,0,2,0,2,66,4.204692619390966,1,0,1,3,6,3710,8.219056661060598,1,1,2,0,0,0,-20520,9.929204031040765,-1,1,0,0,4,0,10,2.3978952727983707,1,1,0,3,0,2,2,2825.0
117,4.770684624465665,0,0,2,5,7,67,4.219507705176107,0,1,2,4,7,-6753,8.817890200945513,-1,0,0,2,2,7,-5382,8.591001118560957,-1,1,0,3,1,8,3,1.3862943611198906,0,0,3,3,3,1,4,2755.0
132,4.890349128221754,1,0,2,6,2,66,4.204692619390966,1,0,1,3,6,-3420,8.137688184977605,-1,1,0,0,3,0,2800,7.937731775260109,1,1,1,0,0,0,4,1.6094379124341003,1,1,4,4,4,2,4,545.0
70,4.2626798770413155,1,1,0,0,0,21,3.091042453358316,0,0,1,0,1,1200,7.0909098220799835,1,1,0,0,3,0,-6510,8.781248333236862,-1,1,0,0,0,0,10,2.3978952727983707,1,1,0,3,0,1,5,1189.0
16,2.833213344056216,1,1,1,2,6,149,5.0106352940962555,0,2,4,2,9,-250,5.5254529391317835,-1,1,2,0,2,0,20900,9.94755228369823,1,1,2,0,5,0,10,2.3978952727983707,1,1,0,3,0,1,2,615.0
49,3.912023005428146,0,1,4,0,9,18,2.9444389791664403,1,0,3,4,8,8196,9.011523512653032,1,1,0,1,6,6,-9810,9.19125948416339,-1,1,0,0,4,0,6,1.9459101490553132,1,0,1,6,6,1,4,2407.0
93,4.543294782270004,0,0,3,2,3,137,4.927253685157205,0,2,2,4,7,-4671,8.449342524508063,-1,0,0,4,5,9,7281,8.893160828735379,1,0,0,1,1,1,9,2.302585092994046,0,0,4,2,9,1,2,530.0
63,4.1588830833596715,0,0,3,0,3,77,4.356708826689592,0,2,2,0,7,-318,5.765191102784844,-1,1,0,2,4,2,-1908,7.554334823725748,-1,1,0,2,3,2,6,1.9459101490553132,1,0,1,6,6,1,3,845.0
59,4.0943445622221,0,2,4,3,9,93,4.543294782270004,0,0,3,2,3,-2475,7.814399633804487,-1,0,0,0,3,5,11853,9.380420642347783,1,0,0,3,2,3,9,2.302585092994046,0,0,4,2,9,1,2,544.0
32,3.4965075614664802,1,2,2,4,2,120,4.795790545596741,1,0,0,1,0,-768,6.645090969505644,-1,1,0,2,2,2,1152,7.050122520269059,1,1,0,2,4,2,2,1.0986122886681098,1,2,2,2,2,2,6,464.0
33,3.5263605246161616,0,0,3,5,3,108,4.6913478822291435,1,0,3,3,8,2605,7.8655717576847906,1,0,1,0,1,5,-9060,9.11173476822206,-1,1,0,0,5,0,5,1.791759469228055,0,2,0,5,5,1,2,2450.0
110,4.709530201312334,1,2,0,5,0,77,4.356708826689592,0,2,2,0,7,-2862,7.959625305098115,-1,1,0,3,1,8,17577,9.77440339912459,1,0,0,2,0,7,9,2.302585092994046,0,0,4,2,9,1,2,1428.0
16,2.833213344056216,1,1,1,2,6,131,4.882801922586371,0,2,1,5,1,-564,6.336825731146441,-1,1,0,1,3,6,3152,8.056109659545061,1,1,2,2,2,2,4,1.6094379124341003,1,1,4,4,4,1,4,275.0
92,4.532599493153256,1,2,2,1,2,111,4.718498871295094,0,0,1,6,1,-4145,8.329899292995725,-1,0,1,0,6,5,-5425,8.598957493218878,-1,0,2,0,0,5,5,1.791759469228055,0,2,0,5,5,1,2,1681.0
48,3.8918202981106265,1,0,3,6,8,137,4.927253685157205,0,2,2,4,7,1350,7.208600337960199,1,1,0,0,6,0,9545,9.163877497565842,1,0,2,0,4,5,5,1.791759469228055,0,2,0,5,5,1,2,1326.0
52,3.970291913552122,1,1,2,3,2,31,3.4657359027997265,0,1,1,3,1,-7308,8.896861744480391,-1,1,0,2,0,2,-7406,8.91018077801329,-1,1,1,4,0,4,7,2.0794415416798357,0,1,2,0,7,1,2,1445.0
10,2.3978952727983707,1,1,0,3,0,18,2.9444389791664403,1,0,3,4,8,-680,6.523562306149512,-1,1,1,0,6,0,-1128,7.029087564149662,-1,1,0,2,6,2,2,1.0986122886681098,1,2,2,2,2,2,5,680.0
125,4.836281906951478,0,2,0,6,5,22,3.1354942159291497,1,1,2,1,2,-297,5.697093486505405,-1,0,0,3,4,3,-26883,10.199286593089857,-1,0,0,2,4,7,9,2.302585092994046,0,0,4,2,9,1,2,3367.0
49,3.912023005428146,0,1,4,0,9,92,4.532599493153256,1,2,2,1,2,2907,7.97522083865341,1,0,0,2,2,7,10593,9.268043082104471,1,0,0,3,2,3,3,1.3862943611198906,0,0,3,3,3,1,2,3441.0
56,4.04305126783455,1,2,1,0,6,107,4.68213122712422,0,2,2,2,7,7744,8.954802752850968,1,1,1,4,2,4,-7360,8.903951072058707,-1,1,2,0,4,0,4,1.6094379124341003,1,1,4,4,4,1,3,3132.0
81,4.406719247264253,0,0,1,4,1,40,3.713572066704308,1,1,0,5,0,-11525,9.352360631996612,-1,0,1,0,4,5,-8975,9.102309627762478,-1,0,1,0,6,5,5,1.791759469228055,0,2,0,5,5,1,3,2755.0
113,4.736198448394496,0,2,3,1,3,32,3.4965075614664802,1,2,2,4,2,-1797,7.494430215031565,-1,0,0,3,2,3,2160,7.6783263565068856,1,1,0,0,4,0,3,1.3862943611198906,0,0,3,3,3,1,2,676.0
86,4.465908118654584,1,2,1,2,6,113,4.736198448394496,0,2,3,1,3,-5706,8.649448770536708,-1,1,0,4,6,4,6129,8.720950028930258,1,0,0,4,4,9,9,2.302585092994046,0,0,4,2,9,1,2,364.0
54,4.007333185232471,1,0,4,5,4,24,3.2188758248682006,1,0,4,3,4,405,6.0063531596017325,1,0,0,0,6,5,-3744,8.22817689595132,-1,1,0,1,1,6,3,1.3862943611198906,0,0,3,3,3,3,5,1353.0
35,3.58351893845611,0,2,0,0,5,122,4.812184355372417,1,2,2,3,2,4390,8.387312270561717,1,1,1,0,1,0,-20350,9.920885329712549,-1,1,2,0,6,0,5,1.791759469228055,0,2,0,5,5,1,3,4797.0
124,4.8283137373023015,1,1,4,5,4,117,4.770684624465665,0,0,2,5,7,-6832,8.829519094780778,-1,1,2,3,0,8,6016,8.702344075220351,1,1,1,1,3,6,8,2.1972245773362196,1,2,3,1,8,1,2,230.0
148,5.003946305945459,1,1,3,1,8,73,4.30406509320417,0,1,3,3,3,-2664,7.887959336599945,-1,1,0,1,3,6,-3228,8.079927770758275,-1,1,0,2,6,2,3,1.3862943611198906,0,0,3,3,3,1,3,1369.0
31,3.4657359027997265,0,1,1,3,1,94,4.553876891600541,1,1,4,3,4,768,6.645090969505644,1,1,0,3,5,8,856,6.75343791859778,1,1,1,1,2,6,8,2.1972245773362196,1,2,3,1,8,1,2,731.0
114,4.74493212836325,1,0,4,2,4,112,4.727387818712341,1,1,2,0,2,-6336,8.754160749323518,-1,1,0,4,6,4,5368,8.58839695042257,1,1,1,3,6,8,8,2.1972245773362196,1,2,3,1,8,2,3,255.0
57,4.060443010546419,0,0,2,1,7,38,3.6635616461296463,1,2,3,3,8,-1566,7.356918242356021,-1,1,0,4,2,4,-4338,8.37539918579835,-1,1,0,2,2,2,3,1.3862943611198906,0,0,3,3,3,1,3,1599.0
16,2.833213344056216,1,1,1,2,6,71,4.276666119016055,0,2,1,1,1,287,5.662960480135946,1,0,2,2,0,7,4907,8.498621805830801,1,0,2,2,0,7,7,2.0794415416798357,0,1,2,0,7,1,2,255.0
36,3.6109179126442243,1,0,1,1,6,32,3.4965075614664802,1,2,2,4,2,8544,9.053101595549691,1,1,0,4,4,4,33688,10.42492665356173,1,1,1,3,4,8,8,2.1972245773362196,1,2,3,1,8,4,4,4181.0
35,3.58351893845611,0,2,0,0,5,18,2.9444389791664403,1,0,3,4,8,1953,7.577633832602728,1,0,0,3,0,3,-9918,9.202207388745993,-1,1,0,2,1,2,3,1.3862943611198906,0,0,3,3,3,1,4,3444.0
65,4.189654742026425,0,2,0,2,5,11,2.4849066497880004,0,2,1,4,1,-12380,9.423918318420691,-1,1,1,0,3,0,-19060,9.855399641729074,-1,1,2,0,1,0,10,2.3978952727983707,1,1,0,3,0,1,2,2100.0
92,4.532599493153256,1,2,2,1,2,145,4.983606621708336,0,1,0,5,5,-633,6.452048954437226,-1,0,0,2,4,7,1773,7.480992162869525,1,0,0,3,2,3,3,1.3862943611198906,0,0,3,3,3,1,2,169.0
36,3.6109179126442243,1,0,1,1,6,73,4.30406509320417,0,1,3,3,3,-10800,9.287394001418473,-1,1,0,0,1,0,-6200,8.732465848349879,-1,1,1,0,2,0,10,2.3978952727983707,1,1,0,3,0,1,3,1530.0
100,4.61512051684126,1,1,0,2,0,111,4.718498871295094,0,0,1,6,1,-1168,7.063903961472068,-1,1,2,2,1,2,1884,7.541683099882111,1,1,0,4,1,4,2,1.0986122886681098,1,2,2,2,2,1,3,816.0
13,2.6390573296152584,0,1,3,6,3,65,4.189654742026425,0,2,0,2,5,-2205,7.698936199813447,-1,0,0,0,0,5,8561,9.055089086704891,1,0,2,1,0,1,7,2.0794415416798357,0,1,2,0,7,1,3,800.0
27,3.332204510175204,0,0,2,6,7,83,4.430816798843313,0,2,3,6,3,-7975,8.984192311641674,-1,0,2,0,5,5,9740,9.184099060770956,1,1,2,0,3,0,5,1.791759469228055,0,2,0,5,5,1,2,2117.0
135,4.912654885736052,0,0,0,2,5,34,3.5553480614894135,1,1,4,6,4,-4707,8.457018468380168,-1,0,0,3,4,3,-9879,9.198267790741914,-1,0,0,1,5,1,3,1.3862943611198906,0,0,3,3,3,1,3,3589.0
72,4.290459441148391,1,0,2,2,2,52,3.970291913552122,1,1,2,3,2,-4608,8.435766192720509,-1,1,0,2,5,2,10912,9.29771001811309,1,1,1,2,6,2,4,1.6094379124341003,1,1,4,4,4,4,5,2664.0
143,4.969813299576001,0,2,3,3,3,17,2.8903717578961645,0,2,2,3,7,-20700,9.937937287265354,-1,1,0,0,6,0,13700,9.525224101853109,1,1,2,0,1,0,10,2.3978952727983707,1,1,0,3,0,1,2,1360.0
105,4.663439094112067,0,0,0,0,5,134,4.90527477843843,1,2,4,1,4,-8250,9.018089684104343,-1,1,0,0,3,0,23400,10.060534035475412,1,1,0,0,6,0,10,2.3978952727983707,1,1,0,3,0,1,2,1025.0
92,4.532599493153256,1,2,2,1,2,121,4.804021044733257,0,1,1,2,1,640,6.46302945692067,1,1,1,0,3,0,-3996,8.293299358711323,-1,1,0,4,1,4,2,1.0986122886681098,1,2,2,2,2,1,3,2296.0
41,3.7376696182833684,0,2,1,6,1,136,4.919980925828125,1,1,1,3,6,316,5.75890177387728,1,1,1,1,1,6,-356,5.877735781779639,-1,1,1,4,1,4,2,1.0986122886681098,1,2,2,2,2,1,3,510.0
134,4.90527477843843,1,2,4,1,4,66,4.204692619390966,1,0,1,3,6,-11210,9.324650718153594,-1,1,1,0,4,0,3680,8.210939733379021,1,1,2,0,5,0,10,2.3978952727983707,1,1,0,3,0,2,2,365.0
125,4.836281906951478,0,2,0,6,5,35,3.58351893845611,0,2,0,0,5,648,6.47543271670409,1,1,0,3,4,8,4076,8.313116702819253,1,1,2,1,2,6,2,1.0986122886681098,1,2,2,2,2,1,2,2050.0
31,3.4657359027997265,0,1,1,3,1,32,3.4965075614664802,1,2,2,4,2,-1836,7.515889085215125,-1,1,0,4,5,4,3728,8.22389538017882,1,1,2,3,4,8,4,1.6094379124341003,1,1,4,4,4,1,3,871.0
133,4.897839799950911,0,1,3,0,3,121,4.804021044733257,0,1,1,2,1,-12231,9.411810747608898,-1,0,0,4,5,9,3321,8.10832229017324,1,0,0,1,3,1,9,2.302585092994046,0,0,4,2,9,1,2,738.0
139,4.941642422609304,0,1,4,6,9,38,3.6635616461296463,1,2,3,3,8,-3496,8.159660737063376,-1,1,2,4,4,4,2304,7.742835955430749,1,1,0,4,1,4,4,1.6094379124341003,1,1,4,4,4,1,3,530.0
17,2.8903717578961645,0,2,2,3,7,131,4.882801922586371,0,2,1,5,1,-5661,8.641532465671846,-1,0,0,4,2,9,25299,10.138559674715612,1,0,0,4,1,9,9,2.302585092994046,0,0,4,2,9,1,3,1700.0
86,4.465908118654584,1,2,1,2,6,109,4.700480365792417,0,1,4,4,9,1482,7.301822342137932,1,1,0,2,5,2,19620,9.884355700220102,1,1,0,0,6,0,6,1.9459101490553132,1,0,1,6,6,1,3,2725.0
141,4.955827057601261,0,0,1,1,1,111,4.718498871295094,0,0,1,6,1,-26100,10.169728906753061,-1,1,0,0,3,0,-23900,10.081675578048475,-1,1,1,0,5,0,10,2.3978952727983707,1,1,0,3,0,1,2,3700.0
135,4.912654885736052,0,0,0,2,5,84,4.442651256490317,1,0,4,0,4,-4410,8.39185670010494,-1,1,0,0,0,0,-1176,7.0707241072602764,-1,1,0,4,0,4,7,2.0794415416798357,0,1,2,0,7,1,4,819.0
144,4.976733742420574,1,0,4,4,4,56,4.04305126783455,1,2,1,0,6,7424,8.9126079636709,1,1,2,4,4,4,21056,9.954988325398531,1,1,2,1,0,6,8,2.1972245773362196,1,2,3,1,8,8,5,3016.0
82,4.418840607796598,1,1,2,5,2,140,4.948759890378168,1,2,0,0,0,1022,6.930494765951626,1,1,2,2,0,2,6560,8.788898309344878,1,1,2,0,1,0,2,1.0986122886681098,1,2,2,2,2,2,5,3075.0
49,3.912023005428146,0,1,4,0,9,123,4.820281565605037,0,0,3,4,3,2316,7.748028524432376,1,1,0,1,6,6,12078,9.399223686605279,1,1,0,3,3,8,6,1.9459101490553132,1,0,1,6,6,1,2,1445.0
94,4.553876891600541,1,1,4,3,4,121,4.804021044733257,0,1,1,2,1,-2421,7.792348924113037,-1,0,0,4,1,9,-4311,8.369157112588834,-1,0,0,4,1,9,3,1.3862943611198906,0,0,3,3,3,1,2,1875.0
134,4.90527477843843,1,2,4,1,4,77,4.356708826689592,0,2,2,0,7,-2924,7.981049759665957,-1,1,1,1,2,6,-640,6.46302945692067,-1,1,2,0,4,0,4,1.6094379124341003,1,1,4,4,4,1,2,507.0
73,4.30406509320417,0,1,3,3,3,83,4.430816798843313,0,2,3,6,3,-6340,8.754791763700032,-1,1,2,0,2,0,6500,8.77971129020447,1,1,2,0,4,0,10,2.3978952727983707,1,1,0,3,0,1,2,204.0
89,4.499809670330265,0,2,4,5,9,11,2.4849066497880004,0,2,1,4,1,-16810,9.72978871303306,-1,1,2,0,4,0,-26020,10.16665918330341,-1,1,2,0,6,0,10,2.3978952727983707,1,1,0,3,0,1,2,2825.0
35,3.58351893845611,0,2,0,0,5,110,4.709530201312334,1,2,0,5,0,-11270,9.329988334242078,-1,1,1,0,0,0,37640,10.535849160827809,1,1,2,0,1,0,10,2.3978952727983707,1,1,0,3,0,5,4,2775.0
20,3.044522437723423,1,2,0,6,0,26,3.295836866004329,1,2,1,5,6,-12880,9.463508636396089,-1,1,2,0,0,0,-11221,9.325631416310918,-1,0,2,4,0,9,7,2.0794415416798357,0,1,2,0,7,1,3,2465.0
114,4.74493212836325,1,0,4,2,4,83,4.430816798843313,0,2,3,6,3,-4004,8.29529885950246,-1,1,1,1,0,6,-3904,8.270013062273787,-1,1,2,1,2,6,4,1.6094379124341003,1,1,4,4,4,1,2,1417.0
129,4.867534450455582,0,0,4,3,9,108,4.6913478822291435,1,0,3,3,8,-4496,8.411165786770708,-1,1,1,4,5,4,15936,9.676398728859633,1,1,0,1,4,6,8,2.1972245773362196,1,2,3,1,8,1,2,1222.0
34,3.5553480614894135,1,1,4,6,4,92,4.532599493153256,1,2,2,1,2,-23600,10.069044362997353,-1,1,1,0,4,0,30410,10.322559664050509,1,1,2,0,2,0,10,2.3978952727983707,1,1,0,3,0,2,2,2929.0
150,5.017279836814924,1,0,0,3,0,87,4.477336814478207,0,0,2,3,7,200,5.303304908059076,1,1,2,0,4,0,1848,7.522400231387125,1,1,0,3,0,8,2,1.0986122886681098,1,2,2,2,2,1,3,850.0
80,4.394449154672439,1,2,0,3,0,129,4.867534450455582,0,0,4,3,9,-6419,8.767173396684006,-1,0,1,1,0,1,-2247,7.717796211013582,-1,0,0,3,0,3,7,2.0794415416798357,0,1,2,0,7,1,2,1275.0
117,4.770684624465665,0,0,2,5,7,121,4.804021044733257,0,1,1,2,1,-272,5.60947179518496,-1,1,1,3,1,8,5776,8.661639795781266,1,1,1,1,1,6,4,1.6094379124341003,1,1,4,4,4,1,2,1040.0
69,4.248495242049359,0,0,4,6,9,146,4.990432586778736,1,2,1,6,6,-9900,9.200391041122515,-1,1,0,0,5,0,21800,9.989711119284745,1,1,2,0,2,0,10,2.3978952727983707,1,1,0,3,0,1,2,780.0
31,3.4657359027997265,0,1,1,3,1,129,4.867534450455582,0,0,4,3,9,996,6.904750769961838,1,1,0,1,2,6,-1899,7.549609165154532,-1,0,0,1,5,1,3,1.3862943611198906,0,0,3,3,3,1,3,1105.0
116,4.762173934797756,1,2,1,4,6,115,4.7535901911063645,0,1,0,3,5,-3416,8.136518252115291,-1,1,1,4,0,4,12250,9.41336284529417,1,1,1,0,0,0,7,2.0794415416798357,0,1,2,0,7,1,2,999.0
37,3.6375861597263857,0,1,2,2,7,57,4.060443010546419,0,0,2,1,7,-6732,8.814776088545281,-1,1,0,3,2,8,-4347,8.3774712482411,-1,0,0,3,0,3,9,2.302585092994046,0,0,4,2,9,1,2,1079.0
78,4.3694478524670215,1,0,3,1,8,62,4.143134726391533,1,2,2,6,2,1020,6.928537818164665,1,1,0,0,5,0,6462,8.773848885262895,1,1,0,2,1,2,3,1.3862943611198906,0,0,3,3,3,1,3,2050.0
108,4.6913478822291435,1,0,3,3,8,109,4.700480365792417,0,1,4,4,9,-7092,8.866863661202087,-1,1,0,3,6,8,7407,8.910315776326016,1,0,0,2,1,7,3,1.3862943611198906,0,0,3,3,3,1,3,2958.0
142,4.962844630259907,1,1,2,2,2,61,4.127134385045092,0,1,1,5,1,-1498,7.312553498102598,-1,1,2,2,0,2,18914,9.84771053706713,1,1,2,4,0,4,7,2.0794415416798357,0,1,2,0,7,1,2,2405.0
81,4.406719247264253,0,0,1,4,1,18,2.9444389791664403,1,0,3,4,8,4711,8.457867725331422,1,0,1,1,0,1,-8232,9.015905747298426,-1,1,0,3,0,8,7,2.0794415416798357,0,1,2,0,7,1,2,1798.0
78,4.3694478524670215,1,0,3,1,8,35,3.58351893845611,0,2,0,0,5,-3660,8.205491613120236,-1,1,0,0,1,0,-10160,9.22631214148588,-1,1,1,0,4,0,4,1.6094379124341003,1,1,4,4,4,1,2,2747.0
121,4.804021044733257,0,1,1,2,1,83,4.430816798843313,0,2,3,6,3,3264,8.09101504171053,1,1,0,4,2,4,6788,8.823058934301647,1,1,2,3,5,8,4,1.6094379124341003,1,1,4,4,4,1,2,1885.0
147,4.997212273764115,0,0,2,0,7,94,4.553876891600541,1,1,4,3,4,5157,8.54830418644129,1,0,0,2,5,7,-5958,8.69265796074698,-1,1,0,2,6,2,3,1.3862943611198906,0,0,3,3,3,1,3,3132.0
92,4.532599493153256,1,2,2,1,2,27,3.332204510175204,0,0,2,6,7,-10287,9.2387334464774,-1,0,0,3,3,3,-4617,8.43771698991444,-1,0,0,3,3,3,9,2.302585092994046,0,0,4,2,9,1,5,819.0
52,3.970291913552122,1,1,2,3,2,121,4.804021044733257,0,1,1,2,1,900,6.803505257608338,1,1,0,0,4,0,19386,9.872358017339208,1,1,0,1,3,6,9,2.302585092994046,0,0,4,2,9,1,2,1207.0
119,4.787491742782046,0,2,4,0,9,46,3.8501476017100584,1,1,1,4,6,660,6.493753839851686,1,1,0,0,2,0,-1946,7.5740450053721995,-1,1,1,4,0,4,2,1.0986122886681098,1,2,2,2,2,1,3,1207.0
65,4.189654742026425,0,2,0,2,5,129,4.867534450455582,0,0,4,3,9,-2984,8.001355025826703,-1,1,1,1,5,6,12288,9.416459832284596,1,1,0,3,3,8,8,2.1972245773362196,1,2,3,1,8,1,2,525.0
78,4.3694478524670215,1,0,3,1,8,33,3.5263605246161616,0,0,3,5,3,930,6.836259277277067,1,1,0,0,6,0,13625,9.519735011333614,1,0,2,0,3,5,5,1.791759469228055,0,2,0,5,5,1,2,2624.0
15,2.772588722239781,0,0,0,1,5,74,4.31748811353631,1,2,4,4,4,2225,7.70796153183549,1,0,2,0,6,5,6725,8.813735892300215,1,0,2,0,5,5,5,1.791759469228055,0,2,0,5,5,1,3,1105.0
141,4.955827057601261,0,0,1,1,1,30,3.4339872044851463,1,0,0,2,0,-8400,9.036106025364846,-1,1,0,0,0,0,2752,7.920446505142607,1,1,1,2,1,2,8,2.1972245773362196,1,2,3,1,8,1,3,130.0
37,3.6375861597263857,0,1,2,2,7,99,4.605170185988092,0,0,4,1,9,2871,7.962763930168115,1,0,0,1,1,1,-8454,9.042513261332681,-1,1,0,1,2,6,3,1.3862943611198906,0,0,3,3,3,1,4,3293.0
19,2.995732273553991,0,1,4,5,9,102,4.634728988229636,1,0,2,4,2,-270,5.602118820879701,-1,1,0,0,3,0,786,6.668228248417403,1,1,0,1,2,6,3,1.3862943611198906,0,0,3,3,3,1,3,55.0
49,3.912023005428146,0,1,4,0,9,88,4.48863636973214,1,1,3,4,8,-7056,8.86177531100083,-1,1,0,4,0,4,15040,9.618535084655214,1,1,1,0,4,0,8,2.1972245773362196,1,2,3,1,8,1,4,1274.0
105,4.663439094112067,0,0,0,0,5,81,4.406719247264253,0,0,1,4,1,-2196,7.69484807238461,-1,1,0,4,2,4,5504,8.61341204915678,1,1,2,4,2,4,2,1.0986122886681098,1,2,2,2,2,1,2,2738.0
31,3.4657359027997265,0,1,1,3,1,147,4.997212273764115,0,0,2,0,7,-17024,9.742438131017714,-1,1,1,1,0,6,-6384,8.76170676846664,-1,1,0,1,0,6,8,2.1972245773362196,1,2,3,1,8,1,2,2726.0
78,4.3694478524670215,1,0,3,1,8,31,3.4657359027997265,0,1,1,3,1,-3570,8.18060094759445,-1,1,0,0,0,0,-6425,8.768107539675803,-1,0,1,0,1,5,5,1.791759469228055,0,2,0,5,5,1,2,1476.0
41,3.7376696182833684,0,2,1,6,1,60,4.110873864173311,1,0,0,4,0,6075,8.712101863715663,1,0,0,0,6,5,8955,9.100078977718645,1,0,0,0,2,5,5,1.791759469228055,0,2,0,5,5,1,3,2059.0
35,3.58351893845611,0,2,0,0,5,143,4.969813299576001,0,2,3,3,3,6705,8.810757927026174,1,0,0,0,6,5,1566,7.356918242356021,1,1,0,1,5,6,9,2.302585092994046,0,0,4,2,9,1,2,1537.0
52,3.970291913552122,1,1,2,3,2,52,3.970291913552122,1,1,2,3,2,-6912,8.841158975945264,-1,1,0,3,4,8,12087,9.399968503952575,1,0,0,2,5,7,9,2.302585092994046,0,0,4,2,9,1,3,925.0
29,3.4011973816621555,0,2,4,1,9,80,4.394449154672439,1,2,0,3,0,-1530,7.333676395657684,-1,1,0,0,3,0,3672,8.208764045819667,1,1,0,2,4,2,9,2.302585092994046,0,0,4,2,9,1,2,325.0
38,3.6635616461296463,1,2,3,3,8,139,4.941642422609304,0,1,4,6,9,4186,8.339739766019143,1,1,1,1,0,6,18151,9.806536026459678,1,0,1,1,0,1,7,2.0794415416798357,0,1,2,0,7,1,2,1836.0
42,3.7612001156935624,1,0,2,0,2,11,2.4849066497880004,0,2,1,4,1,54,4.007333185232471,1,1,0,4,5,4,7371,8.905444318789714,1,0,0,1,0,1,9,2.302585092994046,0,0,4,2,9,1,2,816.0
52,3.970291913552122,1,1,2,3,2,61,4.127134385045092,0,1,1,5,1,-6025,8.703838719690246,-1,0,2,0,2,5,-19475,9.876938217302591,-1,0,1,0,6,5,5,1.791759469228055,0,2,0,5,5,1,2,4305.0
124,4.8283137373023015,1,1,4,5,4,121,4.804021044733257,0,1,1,2,1,-4800,8.476579508530941,-1,1,0,0,2,0,1240,7.123672785204607,1,1,1,0,1,0,5,1.791759469228055,0,2,0,5,5,1,3,493.0
133,4.897839799950911,0,1,3,0,3,57,4.060443010546419,0,0,2,1,7,6147,8.723882104658486,1,0,0,2,1,7,22383,10.016101696905263,1,0,0,3,4,3,9,2.302585092994046,0,0,4,2,9,1,2,2726.0
125,4.836281906951478,0,2,0,6,5,13,2.6390573296152584,0,1,3,6,3,-8960,9.10063710688422,-1,1,1,0,0,0,7516,8.924922401177469,1,1,1,1,5,6,4,1.6094379124341003,1,1,4,4,4,1,2,2523.0
123,4.820281565605037,0,0,3,4,3,50,3.9318256327243257,1,2,0,1,0,100,4.61512051684126,1,1,1,0,2,0,18020,9.79929302351827,1,1,2,0,2,0,10,2.3978952727983707,1,1,0,3,0,1,4,1798.0
96,4.574710978503383,1,0,1,5,6,98,4.59511985013459,1,2,3,0,8,-19764,9.891667975730785,-1,1,0,1,4,6,-27027,10.204628644672065,-1,0,0,3,0,3,9,2.302585092994046,0,0,4,2,9,1,2,4107.0
137,4.927253685157205,0,2,2,4,7,58,4.07753744390572,1,1,3,2,8,-410,6.018593214496234,-1,1,1,0,3,0,-11950,9.388570235866881,-1,1,2,0,6,0,5,1.791759469228055,0,2,0,5,5,1,2,2747.0
116,4.762173934797756,1,2,1,4,6,15,2.772588722239781,0,0,0,1,5,-3204,8.07246736935477,-1,1,0,1,2,6,2403,7.784889295655098,1,0,0,3,2,3,3,1.3862943611198906,0,0,3,3,3,1,3,1044.0
124,4.8283137373023015,1,1,4,5,4,145,4.983606621708336,0,1,0,5,5,-2656,7.884952945759814,-1,1,2,4,4,4,24680,10.11378899583704,1,1,2,0,5,0,8,2.1972245773362196,1,2,3,1,8,1,2,2035.0
142,4.962844630259907,1,1,2,2,2,35,3.58351893845611,0,2,0,0,5,-2050,7.62608275807238,-1,1,2,0,1,0,-2725,7.9105906122564775,-1,0,2,0,5,5,5,1.791759469228055,0,2,0,5,5,1,3,780.0
84,4.442651256490317,1,0,4,0,4,150,5.017279836814924,1,0,0,3,0,-10269,9.236982302922604,-1,0,0,1,0,1,20466,9.926569111979449,1,1,0,1,5,6,9,2.302585092994046,0,0,4,2,9,3,2,1001.0
26,3.295836866004329,1,2,1,5,6,11,2.4849066497880004,0,2,1,4,1,-1432,7.267525427828172,-1,1,2,3,3,8,-2446,7.802618063442671,-1,1,2,4,4,4,2,1.0986122886681098,1,2,2,2,2,1,3,1411.0
107,4.68213122712422,0,2,2,2,7,119,4.787491742782046,0,2,4,0,9,-3712,8.21959545417708,-1,1,2,3,5,8,-3136,8.051022208190679,-1,1,2,4,0,4,8,2.1972245773362196,1,2,3,1,8,1,2,1400.0
99,4.605170185988092,0,0,4,1,9,89,4.499809670330265,0,2,4,5,9,-7245,8.888204871455022,-1,0,0,0,0,5,7553,8.929832503272403,1,0,2,3,0,3,7,2.0794415416798357,0,1,2,0,7,1,2,570.0
145,4.983606621708336,0,1,0,5,5,134,4.90527477843843,1,2,4,1,4,-11450,9.34583234141334,-1,1,1,0,2,0,6080,8.71292443512011,1,1,2,0,4,0,10,2.3978952727983707,1,1,0,3,0,1,2,793.0
137,4.927253685157205,0,2,2,4,7,57,4.060443010546419,0,0,2,1,7,-3575,8.182000136293405,-1,0,1,0,2,5,1625,7.3938782901077555,1,0,2,0,1,5,5,1.791759469228055,0,2,0,5,5,1,2,50.0
118,4.77912349311153,1,1,3,6,8,86,4.465908118654584,1,2,1,2,6,-9394,9.147932911847565,-1,1,2,1,0,6,14749,9.598998361767967,1,0,1,4,0,9,7,2.0794415416798357,0,1,2,0,7,1,2,1591.0
23,3.1780538303479458,0,2,3,2,3,57,4.060443010546419,0,0,2,1,7,612,6.418364935936212,1,1,0,2,3,2,-1092,6.996681488176539,-1,1,0,3,0,8,2,1.0986122886681098,1,2,2,2,2,1,2,748.0
33,3.5263605246161616,0,0,3,5,3,46,3.8501476017100584,1,1,1,4,6,3300,8.101980731853192,1,1,0,0,3,0,23850,10.079581424158677,1,1,0,0,1,0,10,2.3978952727983707,1,1,0,3,0,1,3,2035.0
142,4.962844630259907,1,1,2,2,2,87,4.477336814478207,0,0,2,3,7,-8302,9.02437217426203,-1,1,2,3,0,8,6055,8.708804795117285,1,0,1,0,0,5,7,2.0794415416798357,0,1,2,0,7,1,2,320.0
95,4.564348191467836,0,2,0,4,5,100,4.61512051684126,1,1,0,2,0,-7920,8.97727273946428,-1,1,0,0,4,0,-5120,8.54110501146255,-1,1,1,0,4,0,4,1.6094379124341003,1,1,4,4,4,1,3,2320.0
143,4.969813299576001,0,2,3,3,3,84,4.442651256490317,1,0,4,0,4,-4310,8.368925174747135,-1,1,1,0,2,0,3080,8.033009498596668,1,1,2,0,0,0,5,1.791759469228055,0,2,0,5,5,1,2,245.0
57,4.060443010546419,0,0,2,1,7,138,4.9344739331306915,1,0,3,5,8,4975,8.512381634419015,1,0,1,0,5,5,-3270,8.092851027538384,-1,1,0,0,6,0,5,1.791759469228055,0,2,0,5,5,1,2,1856.0
131,4.882801922586371,0,2,1,5,1,18,2.9444389791664403,1,0,3,4,8,-728,6.591673732008658,-1,1,1,2,0,2,-5792,8.664405571096625,-1,1,1,3,4,8,4,1.6094379124341003,1,1,4,4,4,1,2,1558.0
91,4.5217885770490405,0,1,1,0,1,58,4.07753744390572,1,1,3,2,8,-574,6.354370040797351,-1,1,2,1,0,6,12166,9.406482647787449,1,1,1,1,0,6,7,2.0794415416798357,0,1,2,0,7,1,3,1443.0
129,4.867534450455582,0,0,4,3,9,104,4.653960350157523,1,2,4,6,4,-2748,7.918992488165245,-1,1,0,2,3,2,-1376,7.227662498728654,-1,1,1,4,3,4,4,1.6094379124341003,1,1,4,4,4,1,3,779.0
122,4.812184355372417,1,2,2,3,2,148,5.003946305945459,1,1,3,1,8,102,4.634728988229636,1,1,0,2,4,2,-918,6.823286122355687,-1,1,0,2,6,2,3,1.3862943611198906,0,0,3,3,3,1,3,850.0
75,4.330733340286331,0,0,0,5,5,132,4.890349128221754,1,0,2,6,2,-435,6.077642243349034,-1,0,0,0,6,5,9700,9.179984251961283,1,1,1,0,5,0,5,1.791759469228055,0,2,0,5,5,1,3,1312.0
47,3.871201010907891,0,2,2,5,7,29,3.4011973816621555,0,2,4,1,9,243,5.497168225293202,1,0,0,3,5,3,12069,9.398478314091577,1,0,0,4,1,9,9,2.302585092994046,0,0,4,2,9,1,2,1170.0
90,4.51085950651685,1,0,0,6,0,138,4.9344739331306915,1,0,3,5,8,-1695,7.4360278163518485,-1,0,0,0,6,5,-882,6.78332520060396,-1,1,0,3,0,8,3,1.3862943611198906,0,0,3,3,3,3,4,767.0
112,4.727387818712341,1,1,2,0,2,59,4.0943445622221,0,2,4,3,9,-6874,8.835646922534773,-1,1,2,1,0,6,4739,8.463792414689122,1,0,2,4,0,9,7,2.0794415416798357,0,1,2,0,7,1,3,330.0
29,3.4011973816621555,0,2,4,1,9,102,4.634728988229636,1,0,2,4,2,6660,8.804024902413179,1,1,0,0,3,0,-18798,9.841558955913962,-1,1,0,2,4,2,6,1.9459101490553132,1,0,1,6,6,1,3,3959.0
108,4.6913478822291435,1,0,3,3,8,64,4.174387269895637,1,1,4,1,4,-11500,9.350189267092581,-1,1,2,0,1,0,4000,8.294299608857235,1,1,1,0,3,0,10,2.3978952727983707,1,1,0,3,0,2,2,250.0
20,3.044522437723423,1,2,0,6,0,137,4.927253685157205,0,2,2,4,7,-3710,8.219056661060598,-1,1,1,0,0,0,6100,8.716207971151853,1,1,1,0,3,0,10,2.3978952727983707,1,1,0,3,0,1,4,779.0
85,4.454347296253507,0,1,0,1,5,117,4.770684624465665,0,0,2,5,7,-1695,7.4360278163518485,-1,0,0,0,6,5,3285,8.097426298597213,1,0,0,0,2,5,3,1.3862943611198906,0,0,3,3,3,1,3,806.0
103,4.6443908991413725,0,1,3,5,3,43,3.784189633918261,0,1,3,1,3,-2980,8.000014093678072,-1,1,2,0,2,0,-17050,9.743964132018151,-1,1,2,0,2,0,10,2.3978952727983707,1,1,0,3,0,1,2,2257.0
70,4.2626798770413155,1,1,0,0,0,68,4.23410650459726,1,2,3,5,8,690,6.53813982376767,1,1,0,0,4,0,10152,9.225524507301223,1,1,0,2,2,2,6,1.9459101490553132,1,0,1,6,6,2,2,1391.0
142,4.962844630259907,1,1,2,2,2,14,2.70805020110221,1,2,4,0,4,-904,6.807934943699926,-1,1,2,1,6,6,1208,7.097548850614793,1,1,2,3,4,8,2,1.0986122886681098,1,2,2,2,2,2,4,600.0
96,4.574710978503383,1,0,1,5,6,70,4.2626798770413155,1,1,0,0,0,-5520,8.616314282284044,-1,1,0,0,3,0,-650,6.478509642208569,-1,1,1,0,1,0,10,2.3978952727983707,1,1,0,3,0,2,3,867.0
93,4.543294782270004,0,0,3,2,3,111,4.718498871295094,0,0,1,6,1,3488,8.157370441186774,1,1,2,3,2,8,-2808,7.940583827104244,-1,1,0,2,6,2,8,2.1972245773362196,1,2,3,1,8,1,2,1711.0
92,4.532599493153256,1,2,2,1,2,145,4.983606621708336,0,1,0,5,5,-5820,8.669227347271736,-1,1,0,0,4,0,-2975,7.998335395952982,-1,0,1,0,0,5,5,1.791759469228055,0,2,0,5,5,1,3,1496.0
34,3.5553480614894135,1,1,4,6,4,119,4.787491742782046,0,2,4,0,9,-729,6.593044534142437,-1,0,0,1,6,1,18639,9.833065088239582,1,0,0,4,5,9,9,2.302585092994046,0,0,4,2,9,1,2,1025.0
85,4.454347296253507,0,1,0,1,5,115,4.7535901911063645,0,1,0,3,5,-760,6.634633357861686,-1,1,2,0,3,0,1055,6.962243464266207,1,0,2,0,5,5,5,1.791759469228055,0,2,0,5,5,5,4,455.0
55,4.02535169073515,0,1,0,6,5,63,4.1588830833596715,0,0,3,0,3,1377,7.228388451573604,1,0,0,2,5,7,-2943,7.987524479848767,-1,0,0,2,4,7,3,1.3862943611198906,0,0,3,3,3,1,3,1326.0
98,4.59511985013459,1,2,3,0,8,10,2.3978952727983707,1,1,0,3,0,-13770,9.530320210727126,-1,1,0,0,6,0,-25110,10.131061276129653,-1,1,0,0,6,0,9,2.302585092994046,0,0,4,2,9,1,4,2952.0
149,5.0106352940962555,0,2,4,2,9,105,4.663439094112067,0,0,0,0,5,-1242,7.1252830915107115,-1,1,0,3,4,8,813,6.70196036600254,1,0,0,3,1,3,3,1.3862943611198906,0,0,3,3,3,1,3,55.0
86,4.465908118654584,1,2,1,2,6,82,4.418840607796598,1,1,2,5,2,-2826,7.946971357693591,-1,1,0,4,2,4,-3294,8.100161446936607,-1,1,0,1,3,6,9,2.302585092994046,0,0,4,2,9,1,2,1196.0
140,4.948759890378168,1,2,0,0,0,149,5.0106352940962555,0,2,4,2,9,-3822,8.248790733696413,-1,1,0,3,0,8,9540,9.163353580751846,1,1,0,0,6,0,6,1.9459101490553132,1,0,1,6,6,1,2,725.0
15,2.772588722239781,0,0,0,1,5,140,4.948759890378168,1,2,0,0,0,-3735,8.225770799348734,-1,0,0,0,3,5,13300,9.495594499353297,1,1,1,0,0,0,5,1.791759469228055,0,2,0,5,5,5,6,2072.0
33,3.5263605246161616,0,0,3,5,3,20,3.044522437723423,1,2,0,6,0,-2550,7.844240718141811,-1,1,0,0,5,0,4640,8.442685139241176,1,1,2,0,6,0,5,1.791759469228055,0,2,0,5,5,1,4,897.0
68,4.23410650459726,1,2,3,5,8,57,4.060443010546419,0,0,2,1,7,7272,8.89192414015454,1,1,0,2,6,2,-8802,9.082847851460906,-1,1,0,3,4,8,9,2.302585092994046,0,0,4,2,9,1,2,2059.0
80,4.394449154672439,1,2,0,3,0,107,4.68213122712422,0,2,2,2,7,-882,6.78332520060396,-1,1,0,3,0,8,1179,7.07326971745971,1,0,0,4,3,9,3,1.3862943611198906,0,0,3,3,3,1,2,90.0
29,3.4011973816621555,0,2,4,1,9,96,4.574710978503383,1,0,1,5,6,-3857,8.257904193465674,-1,0,1,3,0,3,7952,8.981304494957135,1,1,2,2,0,2,7,2.0794415416798357,0,1,2,0,7,1,3,580.0
75,4.330733340286331,0,0,0,5,5,24,3.2188758248682006,1,0,4,3,4,-9760,9.186150133174966,-1,1,2,0,5,0,-8604,9.06009870864564,-1,1,0,1,6,6,4,1.6094379124341003,1,1,4,4,4,1,3,3103.0
139,4.941642422609304,0,1,4,6,9,74,4.31748811353631,1,2,4,4,4,729,6.593044534142437,1,0,0,4,1,9,-1413,7.254177846456518,-1,0,0,2,1,7,3,1.3862943611198906,0,0,3,3,3,1,2,957.0
22,3.1354942159291497,1,1,2,1,2,99,4.605170185988092,0,0,4,1,9,-2298,7.740229524763182,-1,1,0,2,5,2,8091,8.998631198287637,1,0,0,1,6,1,3,1.3862943611198906,0,0,3,3,3,1,3,2500.0
99,4.605170185988092,0,0,4,1,9,30,3.4339872044851463,1,0,0,2,0,-6811,8.826441041782578,-1,0,2,4,0,9,5145,8.545974992841689,1,0,0,0,0,5,7,2.0794415416798357,0,1,2,0,7,1,2,595.0
59,4.0943445622221,0,2,4,3,9,48,3.8918202981106265,1,0,3,6,8,-5508,8.614138397472717,-1,1,0,2,1,2,-8142,9.004913941467132,-1,1,0,3,6,8,6,1.9459101490553132,1,0,1,6,6,1,4,1739.0
21,3.091042453358316,0,0,1,0,1,21,3.091042453358316,0,0,1,0,1,-5526,8.617400451833262,-1,1,0,4,4,4,-7479,8.919988070968524,-1,0,0,1,4,1,9,2.302585092994046,0,0,4,2,9,3,3,1105.0
145,4.983606621708336,0,1,0,5,5,38,3.6635616461296463,1,2,3,3,8,-6399,8.764053269347762,-1,0,0,1,6,1,-20682,9.937067385799324,-1,1,0,3,3,8,9,2.302585092994046,0,0,4,2,9,1,2,2706.0
116,4.762173934797756,1,2,1,4,6,38,3.6635616461296463,1,2,3,3,8,552,6.315358001522335,1,1,0,2,6,2,-7648,8.942330199321866,-1,1,2,2,3,2,4,1.6094379124341003,1,1,4,4,4,2,3,2150.0
64,4.174387269895637,1,1,4,1,4,18,2.9444389791664403,1,0,3,4,8,-2616,7.869783902530146,-1,1,0,4,2,4,2550,7.844240718141811,1,1,0,0,2,0,2,1.0986122886681098,1,2,2,2,2,2,4,1711.0
19,2.995732273553991,0,1,4,5,9,75,4.330733340286331,0,0,0,5,5,996,6.904750769961838,1,1,0,1,2,6,-450,6.111467339502679,-1,1,0,0,5,0,6,1.9459101490553132,1,0,1,6,6,1,3,595.0
132,4.890349128221754,1,0,2,6,2,95,4.564348191467836,0,2,0,4,5,184,5.220355825078324,1,1,1,4,2,4,-6352,8.756682421266532,-1,1,2,3,4,8,4,1.6094379124341003,1,1,4,4,4,1,3,2050.0
41,3.7376696182833684,0,2,1,6,1,16,2.833213344056216,1,1,1,2,6,1336,7.198183577101943,1,1,1,1,6,6,-16576,9.715771471424866,-1,1,2,4,0,4,8,2.1972245773362196,1,2,3,1,8,1,4,2255.0
58,4.07753744390572,1,1,3,2,8,124,4.8283137373023015,1,1,4,5,4,-4810,8.478660241699453,-1,1,2,0,6,0,12900,9.465060106725137,1,1,0,0,6,0,5,1.791759469228055,0,2,0,5,5,1,2,2072.0
148,5.003946305945459,1,1,3,1,8,90,4.51085950651685,1,0,0,6,0,-6475,8.775858314797526,-1,0,2,0,0,5,3374,8.12415060330663,1,1,2,4,0,4,7,2.0794415416798357,0,1,2,0,7,1,2,185.0
51,3.9512437185814275,0,0,1,2,1,119,4.787491742782046,0,2,4,0,9,-2772,7.927685045615778,-1,1,0,3,0,8,6195,8.73165920153676,1,0,0,0,0,5,7,2.0794415416798357,0,1,2,0,7,1,3,65.0
16,2.833213344056216,1,1,1,2,6,134,4.90527477843843,1,2,4,1,4,-1208,7.097548850614793,-1,1,1,2,3,2,-1120,7.02197642307216,-1,1,2,0,0,0,4,1.6094379124341003,1,1,4,4,4,2,4,850.0
31,3.4657359027997265,0,1,1,3,1,122,4.812184355372417,1,2,2,3,2,26,3.295836866004329,1,1,2,1,5,6,688,6.535241271013659,1,1,1,3,2,8,2,1.0986122886681098,1,2,2,2,2,1,3,125.0
105,4.663439094112067,0,0,0,0,5,27,3.332204510175204,0,0,2,6,7,-7515,8.924789360533357,-1,0,0,0,3,5,-189,5.247024072160486,-1,0,0,1,0,1,9,2.302585092994046,0,0,4,2,9,3,4,286.0
125,4.836281906951478,0,2,0,6,5,12,2.5649493574615367,1,0,2,5,2,-1645,7.406103381237015,-1,0,2,0,0,5,-2475,7.814399633804487,-1,0,0,0,3,5,5,1.791759469228055,0,2,0,5,5,1,3,629.0
143,4.969813299576001,0,2,3,3,3,110,4.709530201312334,1,2,0,5,0,-63,4.1588830833596715,-1,0,0,2,0,7,-2580,7.855932199718614,-1,1,0,0,3,0,3,1.3862943611198906,0,0,3,3,3,1,2,1258.0
45,3.828641396489095,0,0,0,3,5,95,4.564348191467836,0,2,0,4,5,-9120,9.118334726180159,-1,1,0,0,1,0,-7300,8.895766604056085,-1,1,2,0,1,0,4,1.6094379124341003,1,1,4,4,4,1,3,3045.0
76,4.343805421853684,1,1,1,6,6,104,4.653960350157523,1,2,4,6,4,2856,7.957527402230773,1,1,0,1,0,6,-2781,7.930925372483388,-1,0,0,4,5,9,3,1.3862943611198906,0,0,3,3,3,1,2,1711.0
15,2.772588722239781,0,0,0,1,5,92,4.532599493153256,1,2,2,1,2,-7695,8.948455992345542,-1,0,0,0,5,5,36252,10.498277415479205,1,1,0,2,6,2,9,2.302585092994046,0,0,4,2,9,1,3,3280.0
77,4.356708826689592,0,2,2,0,7,43,3.784189633918261,0,1,3,1,3,-12320,9.419060402624668,-1,1,1,0,0,0,24312,10.098766465702033,1,1,0,2,1,2,8,2.1972245773362196,1,2,3,1,8,1,3,2849.0
74,4.31748811353631,1,2,4,4,4,139,4.941642422609304,0,1,4,6,9,-2900,7.972810784121404,-1,1,1,0,5,0,955,6.862757913051401,1,0,1,0,3,5,5,1.791759469228055,0,2,0,5,5,1,2,546.0
69,4.248495242049359,0,0,4,6,9,97,4.584967478670572,0,1,2,6,7,-1461,7.2875606403097235,-1,0,0,4,2,9,-1143,7.042286171939743,-1,0,0,2,5,7,3,1.3862943611198906,0,0,3,3,3,1,3,728.0
105,4.663439094112067,0,0,0,0,5,107,4.68213122712422,0,2,2,2,7,92,4.532599493153256,1,1,2,2,1,2,1388,7.236339342754344,1,1,2,3,2,8,2,1.0986122886681098,1,2,2,2,2,1,2,544.0
147,4.997212273764115,0,0,2,0,7,11,2.4849066497880004,0,2,1,4,1,-3395,8.130353547431238,-1,0,1,0,0,5,7679,8.946374826141717,1,0,2,4,0,9,7,2.0794415416798357,0,1,2,0,7,1,3,1156.0
41,3.7376696182833684,0,2,1,6,1,120,4.795790545596741,1,0,0,1,0,3810,8.24564690087386,1,1,0,0,2,0,-15120,9.623839785112668,-1,1,0,0,0,0,10,2.3978952727983707,1,1,0,3,0,1,4,2825.0
99,4.605170185988092,0,0,4,1,9,105,4.663439094112067,0,0,0,0,5,-3507,8.162801353492073,-1,0,0,3,0,3,9065,9.112286431500795,1,0,2,0,0,5,7,2.0794415416798357,0,1,2,0,7,1,3,592.0
96,4.574710978503383,1,0,1,5,6,108,4.6913478822291435,1,0,3,3,8,-6480,8.776630098427717,-1,1,0,0,2,0,-4932,8.503702601233739,-1,1,0,3,3,8,6,1.9459101490553132,1,0,1,6,6,6,5,1554.0
112,4.727387818712341,1,1,2,0,2,81,4.406719247264253,0,0,1,4,1,880,6.78105762593618,1,1,1,0,5,0,-2166,7.681099001536359,-1,1,0,4,4,4,2,1.0986122886681098,1,2,2,2,2,1,3,1411.0
94,4.553876891600541,1,1,4,3,4,114,4.74493212836325,1,0,4,2,4,-14700,9.595670797663967,-1,1,0,0,0,0,24120,10.090838109351523,1,1,0,0,5,0,10,2.3978952727983707,1,1,0,3,0,2,2,1378.0
87,4.477336814478207,0,0,2,3,7,87,4.477336814478207,0,0,2,3,7,-10450,9.254452946594503,-1,1,2,0,1,0,2700,7.901377353792616,1,1,0,0,5,0,10,2.3978952727983707,1,1,0,3,0,1,3,625.0
59,4.0943445622221,0,2,4,3,9,84,4.442651256490317,1,0,4,0,4,-815,6.704414354964107,-1,0,1,0,4,5,4025,8.300528606199737,1,0,2,0,0,5,5,1.791759469228055,0,2,0,5,5,1,2,407.0
96,4.574710978503383,1,0,1,5,6,31,3.4657359027997265,0,1,1,3,1,-6720,8.812992231969966,-1,1,0,0,0,0,-1169,7.064759027791802,-1,0,1,1,0,1,7,2.0794415416798357,0,1,2,0,7,1,3,480.0
122,4.812184355372417,1,2,2,3,2,146,4.990432586778736,1,2,1,6,6,-11221,9.325631416310918,-1,0,2,4,0,9,25130,10.13185742282192,1,1,2,0,0,0,7,2.0794415416798357,0,1,2,0,7,1,2,2675.0
11,2.4849066497880004,0,2,1,4,1,36,3.6109179126442243,1,0,1,1,6,1188,7.080867896690782,1,1,0,3,5,8,4266,8.358666283188,1,1,0,1,3,6,6,1.9459101490553132,1,0,1,6,6,1,5,561.0
142,4.962844630259907,1,1,2,2,2,66,4.204692619390966,1,0,1,3,6,-6525,8.783549477153265,-1,0,0,0,6,5,8790,9.081483749851179,1,1,0,0,5,0,5,1.791759469228055,0,2,0,5,5,1,2,1547.0
44,3.8066624897703196,1,2,4,2,4,75,4.330733340286331,0,0,0,5,5,3924,8.275121630216509,1,1,0,4,4,4,27180,10.21027347878698,1,1,0,0,6,0,6,1.9459101490553132,1,0,1,6,6,1,2,4182.0
143,4.969813299576001,0,2,3,3,3,141,4.955827057601261,0,0,1,1,1,-375,5.929589143389895,-1,0,0,0,3,5,-2475,7.814399633804487,-1,0,0,0,3,5,5,1.791759469228055,0,2,0,5,5,1,2,1360.0
120,4.795790545596741,1,0,0,1,0,21,3.091042453358316,0,0,1,0,1,-48,3.8918202981106265,-1,1,0,2,1,2,-5124,8.54188580400661,-1,1,0,1,0,6,4,1.6094379124341003,1,1,4,4,4,1,4,1443.0
77,4.356708826689592,0,2,2,0,7,55,4.02535169073515,0,1,0,6,5,-2128,7.663407664893479,-1,1,2,2,0,2,-1253,7.134093721192866,-1,0,1,2,0,7,7,2.0794415416798357,0,1,2,0,7,1,3,611.0
37,3.6375861597263857,0,1,2,2,7,104,4.653960350157523,1,2,4,6,4,-13581,9.516500665673737,-1,0,0,4,6,9,-22446,10.018912253951546,-1,1,0,4,3,4,9,2.302585092994046,0,0,4,2,9,1,2,3626.0
91,4.5217885770490405,0,1,1,0,1,33,3.5263605246161616,0,0,3,5,3,-9550,9.164401140034737,-1,1,2,0,5,0,2700,7.901377353792616,1,1,0,0,5,0,10,2.3978952727983707,1,1,0,3,0,1,2,75.0
100,4.61512051684126,1,1,0,2,0,134,4.90527477843843,1,2,4,1,4,60,4.110873864173311,1,1,0,0,4,0,-568,6.343880434126331,-1,1,2,2,6,2,2,1.0986122886681098,1,2,2,2,2,2,4,598.0
63,4.1588830833596715,0,0,3,0,3,129,4.867534450455582,0,0,4,3,9,-700,6.55250788703459,-1,1,2,0,0,0,225,5.420534999272286,1,0,0,0,1,5,5,1.791759469228055,0,2,0,5,5,1,2,625.0
97,4.584967478670572,0,1,2,6,7,130,4.875197323201151,1,1,0,4,0,-99,4.605170185988092,-1,0,0,1,6,1,138,4.9344739331306915,1,1,0,3,5,8,3,1.3862943611198906,0,0,3,3,3,1,2,430.0
14,2.70805020110221,1,2,4,0,4,95,4.564348191467836,0,2,0,4,5,1570,7.359467638255621,1,1,1,0,2,0,13460,9.507551894644093,1,1,2,0,6,0,10,2.3978952727983707,1,1,0,3,0,1,2,495.0
120,4.795790545596741,1,0,0,1,0,25,3.258096538021482,0,1,0,4,5,-19440,9.87513951702064,-1,1,0,0,6,0,24200,10.094149233605084,1,1,2,0,1,0,10,2.3978952727983707,1,1,0,3,0,5,5,2294.0
69,4.248495242049359,0,0,4,6,9,93,4.543294782270004,0,0,3,2,3,3564,8.178919332848396,1,1,0,4,1,4,4404,8.39049553837028,1,1,0,4,1,4,2,1.0986122886681098,1,2,2,2,2,1,2,2784.0
116,4.762173934797756,1,2,1,4,6,53,3.9889840465642745,0,2,3,4,3,-2462,7.809135398120538,-1,1,1,3,2,8,-8668,9.06750872286864,-1,1,2,2,5,2,2,1.0986122886681098,1,2,2,2,2,1,3,4551.0
74,4.31748811353631,1,2,4,4,4,17,2.8903717578961645,0,2,2,3,7,-116,4.762173934797756,-1,1,1,4,3,4,-732,6.597145701886651,-1,1,0,3,3,8,2,1.0986122886681098,1,2,2,2,2,1,3,410.0
16,2.833213344056216,1,1,1,2,6,45,3.828641396489095,0,0,0,3,5,-7200,8.881975184248867,-1,1,0,0,3,0,-8940,9.098402718735318,-1,1,0,0,6,0,10,2.3978952727983707,1,1,0,3,0,1,4,1456.0
136,4.919980925828125,1,1,1,3,6,30,3.4339872044851463,1,0,0,2,0,-528,6.270988431858299,-1,1,0,2,4,2,9270,9.134646527606982,1,1,0,0,2,0,6,1.9459101490553132,1,0,1,6,6,2,4,1547.0
90,4.51085950651685,1,0,0,6,0,91,4.5217885770490405,0,1,1,0,1,4710,8.45765547870004,1,1,0,0,6,0,-4977,8.512783482927537,-1,0,0,3,0,3,3,1.3862943611198906,0,0,3,3,3,1,3,2668.0
70,4.2626798770413155,1,1,0,0,0,95,4.564348191467836,0,2,0,4,5,800,6.68586094706836,1,1,2,0,2,0,11624,9.360913230455557,1,1,2,4,4,4,8,2.1972245773362196,1,2,3,1,8,1,2,957.0
61,4.127134385045092,0,1,1,5,1,148,5.003946305945459,1,1,3,1,8,1884,7.541683099882111,1,1,0,4,1,4,12978,9.471087945687758,1,1,0,3,0,8,6,1.9459101490553132,1,0,1,6,6,1,2,1445.0
60,4.110873864173311,1,0,0,4,0,144,4.976733742420574,1,0,4,4,4,-252,5.53338948872752,-1,1,0,3,0,8,2640,7.878912912297133,1,1,0,0,1,0,6,1.9459101490553132,1,0,1,6,6,6,5,530.0
40,3.713572066704308,1,1,0,5,0,137,4.927253685157205,0,2,2,4,7,-2755,7.9215356321335495,-1,0,2,0,3,5,-4375,8.383890344101816,-1,0,2,0,0,5,5,1.791759469228055,0,2,0,5,5,1,3,1599.0
16,2.833213344056216,1,1,1,2,6,85,4.454347296253507,0,1,0,1,5,-8218,9.0142038261485,-1,1,2,2,0,2,-28875,10.270766079259051,-1,0,0,0,0,5,7,2.0794415416798357,0,1,2,0,7,1,2,4838.0
73,4.30406509320417,0,1,3,3,3,139,4.941642422609304,0,1,4,6,9,-2452,7.8050670442584895,-1,1,2,3,5,8,512,6.240275845170769,1,1,2,2,1,2,4,1.6094379124341003,1,1,4,4,4,1,2,535.0
130,4.875197323201151,1,1,0,4,0,62,4.143134726391533,1,2,2,6,2,-64,4.174387269895637,-1,1,2,1,6,6,7904,8.975250749643573,1,1,2,4,1,4,4,1.6094379124341003,1,1,4,4,4,2,2,1800.0
63,4.1588830833596715,0,0,3,0,3,88,4.48863636973214,1,1,3,4,8,164,5.10594547390058,1,1,2,4,3,4,1132,7.0326242610280065,1,1,1,2,5,2,2,1.0986122886681098,1,2,2,2,2,1,3,442.0
47,3.871201010907891,0,2,2,5,7,101,4.624972813284271,0,2,1,3,1,-19700,9.888424674859083,-1,1,1,0,5,0,-5650,8.639587799629844,-1,1,2,0,6,0,10,2.3978952727983707,1,1,0,3,0,1,2,2175.0
61,4.127134385045092,0,1,1,5,1,64,4.174387269895637,1,1,4,1,4,1899,7.549609165154532,1,0,0,4,2,9,-4014,8.297792626380861,-1,1,0,1,4,6,3,1.3862943611198906,0,0,3,3,3,1,2,1734.0
143,4.969813299576001,0,2,3,3,3,14,2.70805020110221,1,2,4,0,4,-1560,7.353081920515432,-1,1,0,0,1,0,-810,6.698268054115413,-1,1,0,0,2,0,3,1.3862943611198906,0,0,3,3,3,1,2,325.0
125,4.836281906951478,0,2,0,6,5,56,4.04305126783455,1,2,1,0,6,-10250,9.235130540783402,-1,1,1,0,5,0,15600,9.65509029374725,1,1,0,0,4,0,10,2.3978952727983707,1,1,0,3,0,1,3,1025.0
103,4.6443908991413725,0,1,3,5,3,112,4.727387818712341,1,1,2,0,2,-12166,9.406482647787449,-1,1,2,4,0,4,-26152,10.171719185666264,-1,1,2,3,0,8,7,2.0794415416798357,0,1,2,0,7,1,3,4633.0
88,4.48863636973214,1,1,3,4,8,26,3.295836866004329,1,2,1,5,6,6432,8.769196271411001,1,1,0,2,6,2,-7816,8.96405612822033,-1,1,2,4,3,4,4,1.6094379124341003,1,1,4,4,4,2,3,2842.0
150,5.017279836814924,1,0,0,3,0,40,3.713572066704308,1,1,0,5,0,-2688,7.896924656268864,-1,1,0,2,0,2,-17600,9.77571099759397,-1,1,1,0,5,0,8,2.1972245773362196,1,2,3,1,8,2,4,2664.0
28,3.367295829986474,1,1,3,0,8,51,3.9512437185814275,0,0,1,2,1,2592,7.860570785538664,1,1,0,2,2,2,-17469,9.768240403128102,-1,0,0,1,3,1,9,2.302585092994046,0,0,4,2,9,1,2,2460.0
107,4.68213122712422,0,2,2,2,7,99,4.605170185988092,0,0,4,1,9,-134,4.90527477843843,-1,1,1,1,6,6,4,1.6094379124341003,1,1,1,4,4,4,2,1.0986122886681098,1,2,2,2,2,1,2,245.0
32,3.4965075614664802,1,2,2,4,2,148,5.003946305945459,1,1,3,1,8,3640,8.200013648175434,1,1,1,0,0,0,-9250,9.132486932771318,-1,1,2,0,4,0,5,1.791759469228055,0,2,0,5,5,1,2,2738.0
58,4.07753744390572,1,1,3,2,8,16,2.833213344056216,1,1,1,2,6,3344,8.11522197256233,1,1,2,4,5,4,12716,9.450694960020746,1,1,2,1,4,6,4,1.6094379124341003,1,1,4,4,4,2,4,3293.0
141,4.955827057601261,0,0,1,1,1,106,4.672828834461906,1,1,1,1,6,-25824,10.159098293987839,-1,1,0,1,6,6,24424,10.103362476910984,1,1,1,4,1,4,8,2.1972245773362196,1,2,3,1,8,1,2,3045.0
72,4.290459441148391,1,0,2,2,2,106,4.672828834461906,1,1,1,1,6,-2232,7.711101251840158,-1,1,0,3,1,8,9952,9.205629292246064,1,1,1,2,5,2,8,2.1972245773362196,1,2,3,1,8,2,4,495.0
72,4.290459441148391,1,0,2,2,2,135,4.912654885736052,0,0,0,2,5,-3372,8.12355783506165,-1,1,0,3,2,8,6732,8.814776088545281,1,1,0,2,5,2,6,1.9459101490553132,1,0,1,6,6,3,3,338.0
46,3.8501476017100584,1,1,1,4,6,55,4.02535169073515,0,1,0,6,5,11136,9.3180281773931,1,1,0,1,6,6,-11264,9.329455852866344,-1,1,1,1,6,6,8,2.1972245773362196,1,2,3,1,8,1,2,2552.0
57,4.060443010546419,0,0,2,1,7,21,3.091042453358316,0,0,1,0,1,1428,7.264730177929867,1,1,0,3,0,8,7444,8.915297945118109,1,1,1,4,3,4,2,1.0986122886681098,1,2,2,2,2,1,3,3772.0
103,4.6443908991413725,0,1,3,5,3,142,4.962844630259907,1,1,2,2,2,-2532,7.837159650001675,-1,1,0,3,2,8,2794,7.9355873855892,1,1,1,4,1,4,2,1.0986122886681098,1,2,2,2,2,1,3,1537.0
66,4.204692619390966,1,0,1,3,6,57,4.060443010546419,0,0,2,1,7,-472,6.159095388491933,-1,1,2,3,4,8,-162,5.093750200806762,-1,1,0,3,6,8,2,1.0986122886681098,1,2,2,2,2,1,3,221.0
37,3.6375861597263857,0,1,2,2,7,133,4.897839799950911,0,1,3,0,3,-2169,7.682482446534506,-1,0,0,1,1,1,6552,8.787678239039497,1,1,0,2,0,2,3,1.3862943611198906,0,0,3,3,3,1,2,1887.0
56,4.04305126783455,1,2,1,0,6,25,3.258096538021482,0,1,0,4,5,3696,8.215276958936633,1,1,0,1,0,6,-4016,8.298290634359283,-1,1,1,4,2,4,2,1.0986122886681098,1,2,2,2,2,1,4,2842.0
76,4.343805421853684,1,1,1,6,6,42,3.7612001156935624,1,0,2,0,2,-4275,8.360773272144936,-1,0,0,0,2,5,6750,8.81744592104187,1,1,0,0,2,0,5,1.791759469228055,0,2,0,5,5,1,2,1235.0
19,2.995732273553991,0,1,4,5,9,125,4.836281906951478,0,2,0,6,5,-1936,7.5688956634069955,-1,1,2,4,3,4,5060,8.529319371214077,1,1,2,0,6,0,4,1.6094379124341003,1,1,4,4,4,1,2,867.0
90,4.51085950651685,1,0,0,6,0,109,4.700480365792417,0,1,4,4,9,-9120,9.118334726180159,-1,1,0,0,1,0,16776,9.7277641797704,1,1,0,1,4,6,8,2.1972245773362196,1,2,3,1,8,1,2,1295.0
19,2.995732273553991,0,1,4,5,9,113,4.736198448394496,0,2,3,1,3,-2752,7.920446505142607,-1,1,2,3,6,8,10112,9.221577003902171,1,1,2,2,4,2,8,2.1972245773362196,1,2,3,1,8,1,2,408.0
43,3.784189633918261,0,1,3,1,3,112,4.727387818712341,1,1,2,0,2,-924,6.829793737512425,-1,1,0,1,0,6,5202,8.556990661290303,1,1,0,2,1,2,6,1.9459101490553132,1,0,1,6,6,1,2,221.0
81,4.406719247264253,0,0,1,4,1,76,4.343805421853684,1,1,1,6,6,126,4.844187086458591,1,1,0,1,0,6,21924,9.995382817240383,1,1,0,4,0,4,7,2.0794415416798357,0,1,2,0,7,1,3,2665.0
17,2.8903717578961645,0,2,2,3,7,139,4.941642422609304,0,1,4,6,9,-1611,7.385230923066573,-1,0,0,4,6,9,7731,8.953122840328222,1,0,0,1,3,1,3,1.3862943611198906,0,0,3,3,3,1,2,2214.0
70,4.2626798770413155,1,1,0,0,0,39,3.6888794541139363,0,0,4,4,9,-7848,8.968141414126814,-1,1,0,2,6,2,-8586,9.058004710672485,-1,1,0,4,3,4,6,1.9459101490553132,1,0,1,6,6,1,2,1887.0
123,4.820281565605037,0,0,3,4,3,55,4.02535169073515,0,1,0,6,5,-9072,9.11305824916963,-1,1,0,3,0,8,1920,7.560601162768557,1,1,0,0,2,0,8,2.1972245773362196,1,2,3,1,8,1,2,250.0
136,4.919980925828125,1,1,1,3,6,23,3.1780538303479458,0,2,3,2,3,-5776,8.661639795781266,-1,1,2,4,6,4,10868,9.293669979563187,1,1,2,3,4,8,4,1.6094379124341003,1,1,4,4,4,1,3,2775.0
68,4.23410650459726,1,2,3,5,8,19,2.995732273553991,0,1,4,5,9,-2420,7.791935956938058,-1,1,1,0,2,0,-875,6.775366090936392,-1,0,1,0,0,5,5,1.791759469228055,0,2,0,5,5,1,2,306.0
10,2.3978952727983707,1,1,0,3,0,20,3.044522437723423,1,2,0,6,0,3980,8.289288323000317,1,1,2,0,4,0,18720,9.837401167408268,1,1,0,0,2,0,4,1.6094379124341003,1,1,4,4,4,2,8,4715.0
62,4.143134726391533,1,2,2,6,2,110,4.709530201312334,1,2,0,5,0,-7826,8.965334573804839,-1,1,1,4,0,4,26670,10.191332111786215,1,1,0,0,0,0,7,2.0794415416798357,0,1,2,0,7,1,2,3116.0
120,4.795790545596741,1,0,0,1,0,120,4.795790545596741,1,0,0,1,0,-3650,8.202756381655638,-1,1,1,0,4,0,1440,7.273092595999522,1,1,0,0,5,0,5,1.791759469228055,0,2,0,5,5,5,7,338.0
137,4.927253685157205,0,2,2,4,7,111,4.718498871295094,0,0,1,6,1,-14922,9.610658925931467,-1,1,0,3,2,8,18171,9.807637226879294,1,0,0,1,6,1,9,2.302585092994046,0,0,4,2,9,1,2,1105.0
43,3.784189633918261,0,1,3,1,3,90,4.51085950651685,1,0,0,6,0,-2695,7.899524472032198,-1,0,2,0,0,5,3626,8.196161139282902,1,1,2,1,0,6,7,2.0794415416798357,0,1,2,0,7,1,2,140.0
25,3.258096538021482,0,1,0,4,5,122,4.812184355372417,1,2,2,3,2,124,4.8283137373023015,1,1,1,4,5,4,68,4.23410650459726,1,1,2,3,5,8,2,1.0986122886681098,1,2,2,2,2,1,3,238.0
84,4.442651256490317,1,0,4,0,4,98,4.59511985013459,1,2,3,0,8,-7890,8.973478148521036,-1,1,0,0,6,0,9120,9.118334726180159,1,1,0,0,6,0,10,2.3978952727983707,1,1,0,3,0,2,2,85.0
42,3.7612001156935624,1,0,2,0,2,140,4.948759890378168,1,2,0,0,0,-1000,6.90875477931522,-1,1,2,0,1,0,2120,7.659642954564682,1,1,2,0,6,0,2,1.0986122886681098,1,2,2,2,2,2,4,884.0
65,4.189654742026425,0,2,0,2,5,19,2.995732273553991,0,1,4,5,9,-9920,9.202409001649903,-1,1,1,0,6,0,-9584,9.167954655479745,-1,1,1,1,6,6,8,2.1972245773362196,1,2,3,1,8,1,2,1530.0
122,4.812184355372417,1,2,2,3,2,71,4.276666119016055,0,2,1,1,1,-10440,9.25349564229011,-1,1,0,0,4,0,3800,8.24301946898925,1,1,2,0,6,0,10,2.3978952727983707,1,1,0,3,0,1,2,374.0
80,4.394449154672439,1,2,0,3,0,46,3.8501476017100584,1,1,1,4,6,-1100,7.00397413672268,-1,1,1,0,6,0,-1475,7.297091005160418,-1,0,1,0,2,5,5,1.791759469228055,0,2,0,5,5,1,3,555.0
146,4.990432586778736,1,2,1,6,6,137,4.927253685157205,0,2,2,4,7,342,5.8377304471659395,1,1,0,2,6,2,6063,8.710124927322207,1,0,0,3,1,3,3,1.3862943611198906,0,0,3,3,3,1,2,1702.0
67,4.219507705176107,0,1,2,4,7,40,3.713572066704308,1,1,0,5,0,427,6.059123195581797,1,0,1,2,0,7,10864,9.29330189269053,1,1,1,4,0,4,7,2.0794415416798357,0,1,2,0,7,1,2,1378.0
58,4.07753744390572,1,1,3,2,8,118,4.77912349311153,1,1,3,6,8,1188,7.080867896690782,1,1,0,3,5,8,5166,8.550047528287184,1,1,0,1,0,6,3,1.3862943611198906,0,0,3,3,3,1,2,1482.0
42,3.7612001156935624,1,0,2,0,2,45,3.828641396489095,0,0,0,3,5,-522,6.259581464064923,-1,1,0,3,3,8,-292,5.680172609017068,-1,1,2,3,2,8,2,1.0986122886681098,1,2,2,2,2,1,3,295.0
10,2.3978952727983707,1,1,0,3,0,100,4.61512051684126,1,1,0,2,0,2430,7.796057974316123,1,1,0,0,1,0,-1350,7.208600337960199,-1,1,0,0,1,0,9,2.302585092994046,0,0,4,2,9,1,5,1110.0
135,4.912654885736052,0,0,0,2,5,104,4.653960350157523,1,2,4,6,4,-828,6.720220155135295,-1,1,0,2,5,2,-112,4.727387818712341,-1,1,2,3,0,8,4,1.6094379124341003,1,1,4,4,4,1,3,555.0
128,4.859812404361672,1,2,3,2,8,75,4.330733340286331,0,0,0,5,5,-3080,8.033009498596668,-1,1,1,0,0,0,7790,8.960724500330858,1,1,2,0,6,0,2,1.0986122886681098,1,2,2,2,2,1,3,3959.0
17,2.8903717578961645,0,2,2,3,7,108,4.6913478822291435,1,0,3,3,8,-4192,8.341171747170762,-1,1,2,3,1,8,-2388,7.77863014732581,-1,1,0,2,6,2,4,1.6094379124341003,1,1,4,4,4,1,3,1421.0
70,4.2626798770413155,1,1,0,0,0,59,4.0943445622221,0,2,4,3,9,-640,6.46302945692067,-1,1,2,0,4,0,-1364,7.21890970761906,-1,1,1,1,1,6,2,1.0986122886681098,1,2,2,2,2,1,3,820.0
140,4.948759890378168,1,2,0,0,0,95,4.564348191467836,0,2,0,4,5,-5168,8.550434525196039,-1,1,1,2,5,2,10060,9.21642184229205,1,1,1,0,1,0,4,1.6094379124341003,1,1,4,4,4,1,3,2257.0
56,4.04305126783455,1,2,1,0,6,55,4.02535169073515,0,1,0,6,5,-567,6.342121418721152,-1,0,0,3,0,3,-13185,9.486910939673246,-1,0,0,0,3,5,9,2.302585092994046,0,0,4,2,9,1,2,2009.0
114,4.74493212836325,1,0,4,2,4,97,4.584967478670572,0,1,2,6,7,-513,6.2422232654551655,-1,0,0,2,5,7,1557,7.351158226430694,1,0,0,2,3,7,3,1.3862943611198906,0,0,3,3,3,1,3,285.0
64,4.174387269895637,1,1,4,1,4,94,4.553876891600541,1,1,4,3,4,-750,6.621405651764134,-1,1,0,0,6,0,4390,8.387312270561717,1,1,1,0,1,0,5,1.791759469228055,0,2,0,5,5,1,2,442.0
140,4.948759890378168,1,2,0,0,0,73,4.30406509320417,0,1,3,3,3,3080,8.033009498596668,1,1,2,0,0,0,-3530,8.169336395928386,-1,1,1,0,5,0,2,1.0986122886681098,1,2,2,2,2,1,4,2639.0
139,4.941642422609304,0,1,4,6,9,59,4.0943445622221,0,2,4,3,9,-17890,9.792053072089823,-1,1,2,0,2,0,19580,9.882314987303326,1,1,2,0,1,0,10,2.3978952727983707,1,1,0,3,0,1,2,1425.0
114,4.74493212836325,1,0,4,2,4,86,4.465908118654584,1,2,1,2,6,-4389,8.387084506069217,-1,0,0,1,0,1,5810,8.667507952075105,1,1,2,0,0,0,7,2.0794415416798357,0,1,2,0,7,1,2,285.0
114,4.74493212836325,1,0,4,2,4,150,5.017279836814924,1,0,0,3,0,-11832,9.37864751738456,-1,1,0,3,5,8,25152,10.132732452708314,1,1,0,2,1,2,8,2.1972245773362196,1,2,3,1,8,2,2,2025.0
17,2.8903717578961645,0,2,2,3,7,59,4.0943445622221,0,2,4,3,9,858,6.755768921984255,1,1,0,3,4,8,-1404,7.247792581767846,-1,1,0,1,3,6,6,1.9459101490553132,1,0,1,6,6,1,2,637.0
58,4.07753744390572,1,1,3,2,8,127,4.852030263919617,0,1,2,1,7,-1110,7.01301578963963,-1,1,0,0,3,0,-873,6.773080375655535,-1,0,0,2,2,7,3,1.3862943611198906,0,0,3,3,3,1,2,700.0
113,4.736198448394496,0,2,3,1,3,42,3.7612001156935624,1,0,2,0,2,-1516,7.324489979348532,-1,1,2,4,3,4,-3480,8.15507488781144,-1,1,0,0,6,0,2,1.0986122886681098,1,2,2,2,2,1,3,1900.0
13,2.6390573296152584,0,1,3,6,3,140,4.948759890378168,1,2,0,0,0,1792,7.491645473605133,1,1,1,2,0,2,4340,8.375860015299594,1,1,2,0,0,0,4,1.6094379124341003,1,1,4,4,4,1,4,725.0
14,2.70805020110221,1,2,4,0,4,12,2.5649493574615367,1,0,2,5,2,-1694,7.43543801981455,-1,1,1,1,0,6,-1302,7.172424577124845,-1,1,0,3,0,8,7,2.0794415416798357,0,1,2,0,7,1,5,306.0
135,4.912654885736052,0,0,0,2,5,76,4.343805421853684,1,1,1,6,6,-511,6.238324625039508,-1,0,2,4,0,9,15169,9.627075072342578,1,0,1,4,0,9,7,2.0794415416798357,0,1,2,0,7,1,2,1853.0
93,4.543294782270004,0,0,3,2,3,87,4.477336814478207,0,0,2,3,7,-2781,7.930925372483388,-1,0,0,4,5,9,-4887,8.494538500851432,-1,0,0,3,6,3,3,1.3862943611198906,0,0,3,3,3,3,4,1998.0
116,4.762173934797756,1,2,1,4,6,58,4.07753744390572,1,1,3,2,8,-7760,8.95686647085414,-1,1,1,0,3,0,-5400,8.594339400592892,-1,1,0,0,4,0,10,2.3978952727983707,1,1,0,3,0,2,3,1184.0
95,4.564348191467836,0,2,0,4,5,26,3.295836866004329,1,2,1,5,6,-9079,9.11382947159534,-1,0,2,1,0,1,9569,9.166388484447,1,0,2,4,0,9,7,2.0794415416798357,0,1,2,0,7,1,2,1343.0
42,3.7612001156935624,1,0,2,0,2,30,3.4339872044851463,1,0,0,2,0,-11850,9.380167531188448,-1,1,0,0,1,0,-31000,10.34177474101152,-1,1,2,0,3,0,10,2.3978952727983707,1,1,0,3,0,2,4,3485.0
108,4.6913478822291435,1,0,3,3,8,106,4.672828834461906,1,1,1,1,6,-1340,7.201170883281678,-1,1,1,0,4,0,100,4.61512051684126,1,1,1,0,2,0,5,1.791759469228055,0,2,0,5,5,1,2,578.0
11,2.4849066497880004,0,2,1,4,1,143,4.969813299576001,0,2,3,3,3,2812,7.9420068084898565,1,1,1,2,5,2,-10992,9.305013985578864,-1,1,0,3,5,8,4,1.6094379124341003,1,1,4,4,4,1,3,3403.0
140,4.948759890378168,1,2,0,0,0,113,4.736198448394496,0,2,3,1,3,-3504,8.16194579946869,-1,1,0,1,3,6,1188,7.080867896690782,1,1,0,3,5,8,6,1.9459101490553132,1,0,1,6,6,1,2,544.0
109,4.700480365792417,0,1,4,4,9,135,4.912654885736052,0,0,0,2,5,-22976,10.042248994577703,-1,1,1,4,5,4,-8160,9.007121989469242,-1,1,0,0,2,0,8,2.1972245773362196,1,2,3,1,8,1,2,2900.0
55,4.02535169073515,0,1,0,6,5,135,4.912654885736052,0,0,0,2,5,340,5.831882477283517,1,1,1,0,4,0,-2505,7.826443135456014,-1,0,0,0,1,5,5,1.791759469228055,0,2,0,5,5,5,4,1225.0
56,4.04305126783455,1,2,1,0,6,75,4.330733340286331,0,0,0,5,5,-944,6.851184927493743,-1,1,1,1,1,6,8320,9.02653771890043,1,1,1,0,4,0,8,2.1972245773362196,1,2,3,1,8,1,3,550.0
23,3.1780538303479458,0,2,3,2,3,97,4.584967478670572,0,1,2,6,7,8192,9.011035410141815,1,1,2,2,2,2,-7436,8.9142228207033,-1,1,1,4,5,4,4,1.6094379124341003,1,1,4,4,4,1,2,3103.0
37,3.6375861597263857,0,1,2,2,7,75,4.330733340286331,0,0,0,5,5,-2916,7.978310969867722,-1,1,0,4,3,4,9168,9.1235835080499,1,1,0,3,5,8,4,1.6094379124341003,1,1,4,4,4,1,2,2075.0
51,3.9512437185814275,0,0,1,2,1,25,3.258096538021482,0,1,0,4,5,-5520,8.616314282284044,-1,1,0,0,3,0,4608,8.435766192720509,1,1,0,3,2,8,8,2.1972245773362196,1,2,3,1,8,1,2,470.0
92,4.532599493153256,1,2,2,1,2,78,4.3694478524670215,1,0,3,1,8,-135,4.912654885736052,-1,0,0,0,5,5,1626,7.394493107219038,1,1,0,1,2,6,3,1.3862943611198906,0,0,3,3,3,1,3,385.0
134,4.90527477843843,1,2,4,1,4,128,4.859812404361672,1,2,3,2,8,-4265,8.358431899031295,-1,0,1,0,5,5,1980,7.591357046698551,1,1,0,0,6,0,5,1.791759469228055,0,2,0,5,5,1,2,305.0
117,4.770684624465665,0,0,2,5,7,34,3.5553480614894135,1,1,4,6,4,-570,6.3473892096560105,-1,1,0,0,4,0,1962,7.5822291942764615,1,1,0,2,2,2,3,1.3862943611198906,0,0,3,3,3,1,3,575.0
107,4.68213122712422,0,2,2,2,7,145,4.983606621708336,0,1,0,5,5,-7091,8.866722667194098,-1,0,1,4,0,9,10570,9.265869681768663,1,1,1,0,0,0,7,2.0794415416798357,0,1,2,0,7,1,2,561.0
94,4.553876891600541,1,1,4,3,4,36,3.6109179126442243,1,0,1,1,6,-510,6.236369590203704,-1,1,0,0,1,0,-2550,7.844240718141811,-1,1,0,0,5,0,5,1.791759469228055,0,2,0,5,5,1,3,782.0
41,3.7376696182833684,0,2,1,6,1,74,4.31748811353631,1,2,4,4,4,-662,6.4967749901858625,-1,1,1,3,3,8,960,6.8679744089702925,1,1,0,0,1,0,2,1.0986122886681098,1,2,2,2,2,1,3,415.0
27,3.332204510175204,0,0,2,6,7,42,3.7612001156935624,1,0,2,0,2,-9132,9.11964950669168,-1,1,0,3,3,8,-7056,8.86177531100083,-1,1,0,4,0,4,6,1.9459101490553132,1,0,1,6,6,3,4,1972.0
141,4.955827057601261,0,0,1,1,1,57,4.060443010546419,0,0,2,1,7,3036,8.01862546504575,1,1,0,1,5,6,-3552,8.175547596021026,-1,1,0,3,4,8,2,1.0986122886681098,1,2,2,2,2,1,2,2610.0
115,4.7535901911063645,0,1,0,3,5,97,4.584967478670572,0,1,2,6,7,561,6.331501849893691,1,0,0,1,1,1,-4599,8.433811582477187,-1,0,0,1,0,1,3,1.3862943611198906,0,0,3,3,3,1,2,1900.0
60,4.110873864173311,1,0,0,4,0,96,4.574710978503383,1,0,1,5,6,-1344,7.20414929203594,-1,1,0,1,0,6,49,3.912023005428146,1,0,1,4,0,9,7,2.0794415416798357,0,1,2,0,7,1,3,703.0
129,4.867534450455582,0,0,4,3,9,47,3.871201010907891,0,2,2,5,7,-11610,9.359708203627006,-1,1,0,0,3,0,6420,8.76732914779405,1,1,0,0,1,0,10,2.3978952727983707,1,1,0,3,0,1,3,215.0
144,4.976733742420574,1,0,4,4,4,134,4.90527477843843,1,2,4,1,4,96,4.574710978503383,1,1,0,1,5,6,2840,7.951911381854188,1,1,2,0,5,0,2,1.0986122886681098,1,2,2,2,2,2,4,1200.0
15,2.772588722239781,0,0,0,1,5,105,4.663439094112067,0,0,0,0,5,-2862,7.959625305098115,-1,1,0,3,1,8,-6540,8.785845337961213,-1,1,0,0,5,0,6,1.9459101490553132,1,0,1,6,6,3,4,1763.0
41,3.7376696182833684,0,2,1,6,1,144,4.976733742420574,1,0,4,4,4,-10,2.3978952727983707,-1,1,2,0,4,0,1104,7.007600613951853,1,1,0,4,5,4,2,1.0986122886681098,1,2,2,2,2,1,3,275.0
56,4.04305126783455,1,2,1,0,6,53,3.9889840465642745,0,2,3,4,3,-1718,7.449498005382849,-1,1,1,2,4,2,-6428,8.768574284141687,-1,1,1,2,5,2,2,1.0986122886681098,1,2,2,2,2,1,3,3403.0
144,4.976733742420574,1,0,4,4,4,104,4.653960350157523,1,2,4,6,4,8624,9.062420241899561,1,1,2,4,0,4,-11368,9.338645632129106,-1,1,2,2,0,2,7,2.0794415416798357,0,1,2,0,7,1,2,3248.0
40,3.713572066704308,1,1,0,5,0,29,3.4011973816621555,0,2,4,1,9,16740,9.725616079415785,1,1,0,0,3,0,23328,10.057452500830639,1,1,0,3,4,8,9,2.302585092994046,0,0,4,2,9,1,2,3219.0
17,2.8903717578961645,0,2,2,3,7,30,3.4339872044851463,1,0,0,2,0,628,6.444131256700441,1,1,1,3,5,8,-720,6.580639137284949,-1,1,0,0,1,0,4,1.6094379124341003,1,1,4,4,4,1,3,375.0
97,4.584967478670572,0,1,2,6,7,60,4.110873864173311,1,0,0,4,0,-4325,8.372398606513004,-1,0,1,0,1,5,-495,6.206575926724928,-1,0,0,0,2,5,5,1.791759469228055,0,2,0,5,5,1,3,551.0
56,4.04305126783455,1,2,1,0,6,111,4.718498871295094,0,0,1,6,1,-1178,7.072421900537371,-1,1,1,2,5,2,-3796,8.241966560231802,-1,1,2,4,5,4,2,1.0986122886681098,1,2,2,2,2,1,3,2173.0
57,4.060443010546419,0,0,2,1,7,124,4.8283137373023015,1,1,4,5,4,-3690,8.213652703029998,-1,1,0,0,6,0,9720,9.18204377282107,1,1,0,0,4,0,10,2.3978952727983707,1,1,0,3,0,1,2,335.0
60,4.110873864173311,1,0,0,4,0,61,4.127134385045092,0,1,1,5,1,-9585,9.168058979719577,-1,0,0,0,5,5,-11259,9.329011901693681,-1,0,0,1,4,1,9,2.302585092994046,0,0,4,2,9,1,2,1875.0
49,3.912023005428146,0,1,4,0,9,11,2.4849066497880004,0,2,1,4,1,-9600,9.169622538697624,-1,1,0,0,4,0,12380,9.423918318420691,1,1,2,0,4,0,10,2.3978952727983707,1,1,0,3,0,1,2,1222.0
50,3.9318256327243257,1,2,0,1,0,78,4.3694478524670215,1,0,3,1,8,-408,6.013715156042802,-1,1,0,2,5,2,198,5.293304824724492,1,1,0,3,2,8,6,1.9459101490553132,1,0,1,6,6,2,3,493.0
21,3.091042453358316,0,0,1,0,1,46,3.8501476017100584,1,1,1,4,6,-3350,8.11701408773731,-1,1,1,0,3,0,1600,7.3783837129967145,1,1,1,0,4,0,10,2.3978952727983707,1,1,0,3,0,1,2,325.0
79,4.382026634673881,0,1,4,2,9,33,3.5263605246161616,0,0,3,5,3,-4086,8.315566483564277,-1,1,0,4,2,4,-4332,8.374015421739909,-1,1,0,3,1,8,6,1.9459101490553132,1,0,1,6,6,1,2,943.0
84,4.442651256490317,1,0,4,0,4,16,2.833213344056216,1,1,1,2,6,-3240,8.083637203141548,-1,1,0,0,1,0,11691,9.366660126231137,1,0,0,1,1,1,9,2.302585092994046,0,0,4,2,9,1,2,1221.0
111,4.718498871295094,0,0,1,6,1,108,4.6913478822291435,1,0,3,3,8,-3524,8.16763571524637,-1,1,1,1,4,6,-2802,7.938445551164788,-1,1,0,3,5,8,2,1.0986122886681098,1,2,2,2,2,1,3,2233.0
149,5.0106352940962555,0,2,4,2,9,14,2.70805020110221,1,2,4,0,4,-3540,8.172164452111904,-1,1,0,0,2,0,-2916,7.978310969867722,-1,1,0,4,3,4,6,1.9459101490553132,1,0,1,6,6,1,2,646.0
36,3.6109179126442243,1,0,1,1,6,127,4.852030263919617,0,1,2,1,7,-4144,8.329658067569396,-1,1,2,1,0,6,4708,8.457230850243555,1,1,1,3,4,8,2,1.0986122886681098,1,2,2,2,2,1,3,2900.0
20,3.044522437723423,1,2,0,6,0,88,4.48863636973214,1,1,3,4,8,240,5.484796933490655,1,1,0,0,2,0,2232,7.711101251840158,1,1,0,2,6,2,3,1.3862943611198906,0,0,3,3,3,1,3,500.0
111,4.718498871295094,0,0,1,6,1,55,4.02535169073515,0,1,0,6,5,-9288,9.136586183387521,-1,1,0,2,1,2,6432,8.769196271411001,1,1,0,2,6,2,8,2.1972245773362196,1,2,3,1,8,1,2,455.0
148,5.003946305945459,1,1,3,1,8,95,4.564348191467836,0,2,0,4,5,-7248,8.888618807300878,-1,1,0,2,4,2,-3604,8.190077049719049,-1,1,2,1,1,6,4,1.6094379124341003,1,1,4,4,4,1,3,1769.0
93,4.543294782270004,0,0,3,2,3,80,4.394449154672439,1,2,0,3,0,-900,6.803505257608338,-1,1,0,0,3,0,1310,7.1785454837637,1,1,2,0,1,0,2,1.0986122886681098,1,2,2,2,2,1,3,561.0
29,3.4011973816621555,0,2,4,1,9,22,3.1354942159291497,1,1,2,1,2,-2574,7.853604813097837,-1,1,0,1,2,6,4464,8.4040244933106,1,1,0,4,5,4,6,1.9459101490553132,1,0,1,6,6,1,3,663.0
72,4.290459441148391,1,0,2,2,2,82,4.418840607796598,1,1,2,5,2,1044,6.951772164398911,1,1,0,4,1,4,6248,8.740176729929082,1,1,2,3,4,8,2,1.0986122886681098,1,2,2,2,2,2,4,3034.0
118,4.77912349311153,1,1,3,6,8,119,4.787491742782046,0,2,4,0,9,-2682,7.894690850425624,-1,1,0,3,6,8,11244,9.327678864393416,1,1,0,4,2,4,6,1.9459101490553132,1,0,1,6,6,1,2,1189.0
118,4.77912349311153,1,1,3,6,8,140,4.948759890378168,1,2,0,0,0,-1192,7.084226422097916,-1,1,2,3,5,8,1316,7.183111701743281,1,1,2,1,0,6,2,1.0986122886681098,1,2,2,2,2,2,4,522.0
75,4.330733340286331,0,0,0,5,5,36,3.6109179126442243,1,0,1,1,6,-14607,9.58932460283475,-1,0,0,3,2,3,-21969,9.997433165378656,-1,0,0,1,4,1,9,2.302585092994046,0,0,4,2,9,3,3,2923.0
76,4.343805421853684,1,1,1,6,6,81,4.406719247264253,0,0,1,4,1,-556,6.322565239927284,-1,1,2,4,4,4,-540,6.293419278846481,-1,1,0,0,6,0,2,1.0986122886681098,1,2,2,2,2,1,3,450.0
84,4.442651256490317,1,0,4,0,4,66,4.204692619390966,1,0,1,3,6,-6279,8.745125259462244,-1,0,0,1,0,1,6118,8.71915396346254,1,1,1,3,0,8,7,2.0794415416798357,0,1,2,0,7,1,3,515.0
104,4.653960350157523,1,2,4,6,4,112,4.727387818712341,1,1,2,0,2,-2376,7.773594467360194,-1,1,0,4,4,4,-2268,7.727094484779841,-1,1,0,2,0,2,9,2.302585092994046,0,0,4,2,9,1,2,1428.0
26,3.295836866004329,1,2,1,5,6,38,3.6635616461296463,1,2,3,3,8,-11616,9.360224821513475,-1,1,0,4,4,4,12582,9.440101975591968,1,1,0,2,3,2,6,1.9459101490553132,1,0,1,6,6,2,2,2581.0
105,4.663439094112067,0,0,0,0,5,109,4.700480365792417,0,1,4,4,9,2355,7.764720544771477,1,0,0,0,3,5,17250,9.755625391793744,1,1,0,0,2,0,5,1.791759469228055,0,2,0,5,5,1,3,3071.0
122,4.812184355372417,1,2,2,3,2,129,4.867534450455582,0,0,4,3,9,-4550,8.423102268016642,-1,1,1,0,0,0,8225,9.015055148790369,1,0,2,0,0,5,7,2.0794415416798357,0,1,2,0,7,1,2,340.0
72,4.290459441148391,1,0,2,2,2,125,4.836281906951478,0,2,0,6,5,-6840,8.830689198760998,-1,1,0,0,6,0,12015,9.393994374003915,1,0,0,0,3,5,9,2.302585092994046,0,0,4,2,9,1,4,238.0
49,3.912023005428146,0,1,4,0,9,22,3.1354942159291497,1,1,2,1,2,204,5.3230099791384085,1,1,0,4,1,4,-662,6.4967749901858625,-1,1,1,3,3,8,2,1.0986122886681098,1,2,2,2,2,1,3,425.0
27,3.332204510175204,0,0,2,6,7,62,4.143134726391533,1,2,2,6,2,900,6.803505257608338,1,1,0,0,4,0,3650,8.202756381655638,1,1,2,0,3,0,5,1.791759469228055,0,2,0,5,5,1,2,525.0
59,4.0943445622221,0,2,4,3,9,56,4.04305126783455,1,2,1,0,6,328,5.796057750765372,1,1,1,3,6,8,-14656,9.5926733160273,-1,1,2,4,2,4,8,2.1972245773362196,1,2,3,1,8,1,3,2337.0
69,4.248495242049359,0,0,4,6,9,42,3.7612001156935624,1,0,2,0,2,-1096,7.00033446027523,-1,1,2,4,3,4,-1800,7.496097345175956,-1,1,0,0,6,0,2,1.0986122886681098,1,2,2,2,2,1,3,1066.0
35,3.58351893845611,0,2,0,0,5,148,5.003946305945459,1,1,3,1,8,-1890,7.544861068658458,-1,1,0,0,0,0,5112,8.53954159508,1,1,0,2,2,2,3,1.3862943611198906,0,0,3,3,3,1,3,1365.0
101,4.624972813284271,0,2,1,3,1,107,4.68213122712422,0,2,2,2,7,2233,7.711548979629146,1,0,1,3,0,3,37163,10.523095829761203,1,0,2,3,0,3,7,2.0794415416798357,0,1,2,0,7,1,2,4674.0
16,2.833213344056216,1,1,1,2,6,126,4.844187086458591,1,0,1,0,6,-2432,7.796880342783522,-1,1,1,3,4,8,6096,8.715552125907816,1,1,0,1,6,6,4,1.6094379124341003,1,1,4,4,4,2,5,1156.0
30,3.4339872044851463,1,0,0,2,0,37,3.6375861597263857,0,1,2,2,7,-7104,8.868554040531201,-1,1,0,1,1,6,-7352,8.902863672196222,-1,1,1,3,5,8,8,2.1972245773362196,1,2,3,1,8,1,3,1377.0
13,2.6390573296152584,0,1,3,6,3,57,4.060443010546419,0,0,2,1,7,788,6.670766320845874,1,1,2,3,4,8,1110,7.01301578963963,1,1,0,0,4,0,2,1.0986122886681098,1,2,2,2,2,1,2,609.0
84,4.442651256490317,1,0,4,0,4,73,4.30406509320417,0,1,3,3,3,-1584,7.368339686311381,-1,1,0,1,5,6,-447,6.104793232414985,-1,0,0,3,1,3,3,1.3862943611198906,0,0,3,3,3,1,3,460.0
70,4.2626798770413155,1,1,0,0,0,51,3.9512437185814275,0,0,1,2,1,170,5.14166355650266,1,1,2,0,2,0,1284,7.158513997329321,1,1,0,4,3,4,2,1.0986122886681098,1,2,2,2,2,1,3,585.0
55,4.02535169073515,0,1,0,6,5,104,4.653960350157523,1,2,4,6,4,-460,6.133398042996649,-1,1,2,0,2,0,736,6.602587892189336,1,1,1,1,1,6,2,1.0986122886681098,1,2,2,2,2,1,3,200.0
132,4.890349128221754,1,0,2,6,2,139,4.941642422609304,0,1,4,6,9,-3321,8.10832229017324,-1,0,0,4,4,9,44019,10.692399355080452,1,0,0,4,3,9,9,2.302585092994046,0,0,4,2,9,1,2,3731.0
52,3.970291913552122,1,1,2,3,2,140,4.948759890378168,1,2,0,0,0,-8181,9.009691898489343,-1,0,0,4,2,9,-2268,7.727094484779841,-1,1,0,2,0,2,9,2.302585092994046,0,0,4,2,9,1,2,1575.0
39,3.6888794541139363,0,0,4,4,9,84,4.442651256490317,1,0,4,0,4,924,6.829793737512425,1,1,0,4,0,4,-4464,8.4040244933106,-1,1,0,1,2,6,2,1.0986122886681098,1,2,2,2,2,1,4,2460.0
17,2.8903717578961645,0,2,2,3,7,41,3.7376696182833684,0,2,1,6,1,3508,8.163086375583216,1,1,1,3,1,8,17456,9.76749599332478,1,1,2,1,5,6,4,1.6094379124341003,1,1,4,4,4,1,2,4305.0
144,4.976733742420574,1,0,4,4,4,103,4.6443908991413725,0,1,3,5,3,-2991,8.003697339094368,-1,0,0,4,5,9,4995,8.516392871245468,1,0,0,0,4,5,3,1.3862943611198906,0,0,3,3,3,1,3,1469.0
11,2.4849066497880004,0,2,1,4,1,39,3.6888794541139363,0,0,4,4,9,-5715,8.651024539049757,-1,0,0,0,4,5,12204,9.40960098282706,1,1,0,4,3,4,9,2.302585092994046,0,0,4,2,9,1,2,1139.0
80,4.394449154672439,1,2,0,3,0,22,3.1354942159291497,1,1,2,1,2,-13850,9.536112711175099,-1,1,1,0,3,0,-11840,9.379323364330956,-1,1,1,0,4,0,10,2.3978952727983707,1,1,0,3,0,2,4,1521.0
134,4.90527477843843,1,2,4,1,4,81,4.406719247264253,0,0,1,4,1,-4950,8.507344855361422,-1,1,0,0,6,0,5865,8.676928249537397,1,0,0,0,6,5,5,1.791759469228055,0,2,0,5,5,1,2,832.0
85,4.454347296253507,0,1,0,1,5,115,4.7535901911063645,0,1,0,3,5,-3430,8.14060704285845,-1,1,2,0,0,0,6615,8.797246236703527,1,0,0,0,0,5,7,2.0794415416798357,0,1,2,0,7,1,2,175.0
57,4.060443010546419,0,0,2,1,7,60,4.110873864173311,1,0,0,4,0,-13890,9.53899642739739,-1,1,0,0,5,0,-22080,10.00247278922055,-1,1,0,0,5,0,10,2.3978952727983707,1,1,0,3,0,1,4,2925.0
119,4.787491742782046,0,2,4,0,9,83,4.430816798843313,0,2,3,6,3,-5175,8.551787836180736,-1,0,0,0,5,5,-1647,7.4073177104694174,-1,0,0,3,5,3,9,2.302585092994046,0,0,4,2,9,1,2,1054.0
111,4.718498871295094,0,0,1,6,1,129,4.867534450455582,0,0,4,3,9,-6335,8.754002933494261,-1,0,1,0,0,5,4641,8.442900586834382,1,0,0,1,0,1,7,2.0794415416798357,0,1,2,0,7,1,2,272.0
70,4.2626798770413155,1,1,0,0,0,62,4.143134726391533,1,2,2,6,2,168,5.1298987149230735,1,1,0,3,0,8,3294,8.100161446936607,1,1,0,4,4,4,3,1.3862943611198906,0,0,3,3,3,1,2,950.0
107,4.68213122712422,0,2,2,2,7,118,4.77912349311153,1,1,3,6,8,2000,7.601402334583733,1,1,2,0,5,0,-5072,8.53168763756669,-1,1,1,3,3,8,4,1.6094379124341003,1,1,4,4,4,1,2,1972.0
35,3.58351893845611,0,2,0,0,5,73,4.30406509320417,0,1,3,3,3,-13140,9.483492392643639,-1,1,0,0,6,0,-9846,9.194922119247803,-1,1,0,4,3,4,6,1.9459101490553132,1,0,1,6,6,1,3,2871.0
61,4.127134385045092,0,1,1,5,1,101,4.624972813284271,0,2,1,3,1,-600,6.398594934535208,-1,1,0,0,2,0,9108,9.11701821474481,1,1,0,3,1,8,6,1.9459101490553132,1,0,1,6,6,1,2,950.0
84,4.442651256490317,1,0,4,0,4,121,4.804021044733257,0,1,1,2,1,-1806,7.499423290592229,-1,1,0,4,0,4,8532,9.051696278536586,1,1,0,2,6,2,6,1.9459101490553132,1,0,1,6,6,1,3,725.0
79,4.382026634673881,0,1,4,2,9,145,4.983606621708336,0,1,0,5,5,-891,6.79346613258001,-1,0,0,4,5,9,-4320,8.371242135931933,-1,1,0,0,6,0,9,2.302585092994046,0,0,4,2,9,1,2,1887.0
11,2.4849066497880004,0,2,1,4,1,130,4.875197323201151,1,1,0,4,0,16569,9.71534911042061,1,0,0,4,0,9,28863,10.27035042286235,1,0,0,3,2,3,9,2.302585092994046,0,0,4,2,9,1,2,2813.0
59,4.0943445622221,0,2,4,3,9,138,4.9344739331306915,1,0,3,5,8,-2912,7.976938756959434,-1,1,1,3,0,8,7680,8.946505025998682,1,1,0,0,1,0,8,2.1972245773362196,1,2,3,1,8,1,2,180.0
130,4.875197323201151,1,1,0,4,0,132,4.890349128221754,1,0,2,6,2,-1674,7.423568444259167,-1,1,0,1,6,6,-540,6.293419278846481,-1,1,0,0,6,0,3,1.3862943611198906,0,0,3,3,3,1,3,600.0
62,4.143134726391533,1,2,2,6,2,79,4.382026634673881,0,1,4,2,9,2106,7.653020413804189,1,1,0,1,6,6,-14391,9.574427775630369,-1,0,0,4,1,9,9,2.302585092994046,0,0,4,2,9,1,2,2442.0
60,4.110873864173311,1,0,0,4,0,22,3.1354942159291497,1,1,2,1,2,-14880,9.60784051043005,-1,1,0,0,2,0,-10184,9.228671328660907,-1,1,1,1,1,6,8,2.1972245773362196,1,2,3,1,8,2,3,2001.0
126,4.844187086458591,1,0,1,0,6,69,4.248495242049359,0,0,4,6,9,1656,7.4127640174265625,1,1,0,1,4,6,-6024,8.703672758358856,-1,1,0,1,3,6,2,1.0986122886681098,1,2,2,2,2,1,4,3330.0
85,4.454347296253507,0,1,0,1,5,110,4.709530201312334,1,2,0,5,0,-4625,8.439447842791385,-1,0,1,0,2,5,125,4.836281906951478,1,0,2,0,6,5,5,1.791759469228055,0,2,0,5,5,5,5,725.0
111,4.718498871295094,0,0,1,6,1,109,4.700480365792417,0,1,4,4,9,1520,7.327123292259293,1,1,2,0,1,0,-4436,8.39773375137891,-1,1,1,4,2,4,4,1.6094379124341003,1,1,4,4,4,1,2,1751.0
93,4.543294782270004,0,0,3,2,3,134,4.90527477843843,1,2,4,1,4,-1310,7.1785454837637,-1,1,1,0,6,0,6830,8.82922635473185,1,1,2,0,5,0,5,1.791759469228055,0,2,0,5,5,1,2,725.0
125,4.836281906951478,0,2,0,6,5,126,4.844187086458591,1,0,1,0,6,-15417,9.643290937019207,-1,0,0,3,4,3,-7938,8.979542601725113,-1,1,0,2,0,2,9,2.302585092994046,0,0,4,2,9,1,4,2100.0
117,4.770684624465665,0,0,2,5,7,132,4.890349128221754,1,0,2,6,2,-15165,9.62681135926088,-1,0,0,0,4,5,21357,9.969181655731491,1,0,0,2,0,7,9,2.302585092994046,0,0,4,2,9,3,3,1343.0
131,4.882801922586371,0,2,1,5,1,41,3.7376696182833684,0,2,1,6,1,-1686,7.430707082545968,-1,1,0,4,1,4,-5796,8.665095821339733,-1,1,0,4,0,4,6,1.9459101490553132,1,0,1,6,6,1,2,1313.0
143,4.969813299576001,0,2,3,3,3,66,4.204692619390966,1,0,1,3,6,-9666,9.176473302464606,-1,1,0,4,1,4,7902,8.974997713204976,1,1,0,2,6,2,9,2.302585092994046,0,0,4,2,9,1,2,355.0
121,4.804021044733257,0,1,1,2,1,112,4.727387818712341,1,1,2,0,2,-20064,9.906732282701016,-1,1,0,1,5,6,20104,9.908723819331374,1,1,1,4,0,4,8,2.1972245773362196,1,2,3,1,8,1,3,2233.0
132,4.890349128221754,1,0,2,6,2,131,4.882801922586371,0,2,1,5,1,-27000,10.203629181337648,-1,1,0,0,6,0,53350,10.884648000696686,1,1,1,0,3,0,10,2.3978952727983707,1,1,0,3,0,1,2,4255.0
52,3.970291913552122,1,1,2,3,2,141,4.955827057601261,0,0,1,1,1,-1108,7.011213987350367,-1,1,2,2,5,2,2624,7.872836175025724,1,1,2,4,6,4,4,1.6094379124341003,1,1,4,4,4,1,3,115.0
129,4.867534450455582,0,0,4,3,9,125,4.836281906951478,0,2,0,6,5,-1175,7.069874128458572,-1,0,1,0,1,5,-1795,7.493317248862145,-1,0,2,0,4,5,5,1.791759469228055,0,2,0,5,5,1,3,1066.0
145,4.983606621708336,0,1,0,5,5,91,4.5217885770490405,0,1,1,0,1,-810,6.698268054115413,-1,1,0,0,2,0,2007,7.60489448081162,1,0,0,2,5,7,3,1.3862943611198906,0,0,3,3,3,1,2,429.0
138,4.9344739331306915,1,0,3,5,8,44,3.8066624897703196,1,2,4,2,4,-18306,9.815038779351015,-1,1,0,4,6,4,24354,10.100492446240644,1,1,0,4,1,4,9,2.302585092994046,0,0,4,2,9,1,2,2442.0
142,4.962844630259907,1,1,2,2,2,107,4.68213122712422,0,2,2,2,7,-7540,8.928110078202646,-1,1,2,0,6,0,40300,10.604131561522696,1,1,1,0,1,0,10,2.3978952727983707,1,1,0,3,0,1,2,3034.0
147,4.997212273764115,0,0,2,0,7,88,4.48863636973214,1,1,3,4,8,-24,3.2188758248682006,-1,1,0,1,4,6,-400,5.993961427306569,-1,1,2,0,6,0,2,1.0986122886681098,1,2,2,2,2,1,3,470.0
123,4.820281565605037,0,0,3,4,3,129,4.867534450455582,0,0,4,3,9,-13500,9.510519035757246,-1,1,0,0,3,0,10650,9.273409063443166,1,1,0,0,3,0,10,2.3978952727983707,1,1,0,3,0,1,2,255.0
85,4.454347296253507,0,1,0,1,5,34,3.5553480614894135,1,1,4,6,4,-1252,7.133295954896068,-1,1,2,3,1,8,-2524,7.83399634170946,-1,1,2,1,3,6,2,1.0986122886681098,1,2,2,2,2,1,3,1406.0
78,4.3694478524670215,1,0,3,1,8,101,4.624972813284271,0,2,1,3,1,-3393,8.129764445794171,-1,0,0,2,2,7,15201,9.629182277125986,1,0,0,1,4,1,9,2.302585092994046,0,0,4,2,9,1,2,845.0
149,5.0106352940962555,0,2,4,2,9,84,4.442651256490317,1,0,4,0,4,-4194,8.341648618901306,-1,1,0,1,6,6,4584,8.430545384690566,1,1,0,4,6,4,6,1.9459101490553132,1,0,1,6,6,1,3,325.0
147,4.997212273764115,0,0,2,0,7,128,4.859812404361672,1,2,3,2,8,4928,8.502891406705377,1,1,2,3,0,8,-5596,8.62998601889136,-1,1,2,4,4,4,4,1.6094379124341003,1,1,4,4,4,1,3,2639.0
137,4.927253685157205,0,2,2,4,7,110,4.709530201312334,1,2,0,5,0,-5625,8.635153989049803,-1,0,0,0,3,5,5060,8.529319371214077,1,1,2,0,6,0,5,1.791759469228055,0,2,0,5,5,1,4,638.0
22,3.1354942159291497,1,1,2,1,2,14,2.70805020110221,1,2,4,0,4,-11502,9.35036314989601,-1,1,0,3,6,8,44334,10.699529711814108,1,1,0,4,3,4,9,2.302585092994046,0,0,4,2,9,1,2,4920.0
134,4.90527477843843,1,2,4,1,4,77,4.356708826689592,0,2,2,0,7,-9702,9.1801903950253,-1,1,0,3,0,8,9653,9.175127616220438,1,0,2,3,0,3,7,2.0794415416798357,0,1,2,0,7,1,4,952.0
39,3.6888794541139363,0,0,4,4,9,138,4.9344739331306915,1,0,3,5,8,-3648,8.202208436436448,-1,1,0,2,6,2,10992,9.305013985578864,1,1,0,2,2,2,8,2.1972245773362196,1,2,3,1,8,1,2,306.0
65,4.189654742026425,0,2,0,2,5,44,3.8066624897703196,1,2,4,2,4,-2828,7.947678571301568,-1,1,1,2,0,2,7666,8.944680683558895,1,1,1,1,1,6,2,1.0986122886681098,1,2,2,2,2,1,3,3959.0
13,2.6390573296152584,0,1,3,6,3,43,3.784189633918261,0,1,3,1,3,992,6.900730664045173,1,1,2,2,5,2,320,5.771441123130016,1,1,2,0,5,0,8,2.1972245773362196,1,2,3,1,8,1,2,380.0
33,3.5263605246161616,0,0,3,5,3,67,4.219507705176107,0,1,2,4,7,-11400,9.34145634983372,-1,1,0,0,3,0,42700,10.661977618146238,1,1,1,0,0,0,10,2.3978952727983707,1,1,0,3,0,1,2,3690.0
57,4.060443010546419,0,0,2,1,7,14,2.70805020110221,1,2,4,0,4,6447,8.771525284186465,1,0,0,2,0,7,27636,10.226910733640675,1,1,0,1,0,6,7,2.0794415416798357,0,1,2,0,7,1,4,4070.0
146,4.990432586778736,1,2,1,6,6,12,2.5649493574615367,1,0,2,5,2,-2142,7.669961995473577,-1,1,0,3,0,8,1212,7.10085190894405,1,1,0,2,1,2,3,1.3862943611198906,0,0,3,3,3,1,4,460.0
105,4.663439094112067,0,0,0,0,5,12,2.5649493574615367,1,0,2,5,2,-924,6.829793737512425,-1,1,0,1,0,6,-1680,7.427144133408616,-1,1,0,0,0,0,2,1.0986122886681098,1,2,2,2,2,1,6,900.0
136,4.919980925828125,1,1,1,3,6,126,4.844187086458591,1,0,1,0,6,1760,7.473637108496206,1,1,2,0,3,0,18200,9.809231816610408,1,1,2,0,0,0,5,1.791759469228055,0,2,0,5,5,1,2,3182.0
54,4.007333185232471,1,0,4,5,4,99,4.605170185988092,0,0,4,1,9,-1287,7.160845906664299,-1,0,0,3,1,3,18603,9.831131890343988,1,0,0,3,4,3,9,2.302585092994046,0,0,4,2,9,9,5,1225.0
73,4.30406509320417,0,1,3,3,3,58,4.07753744390572,1,1,3,2,8,-9220,9.129238770539141,-1,1,2,0,6,0,11400,9.34145634983372,1,1,0,0,4,0,10,2.3978952727983707,1,1,0,3,0,1,2,592.0
15,2.772588722239781,0,0,0,1,5,28,3.367295829986474,1,1,3,0,8,-1776,7.482681828154651,-1,1,0,4,2,4,704,6.558197802812269,1,1,2,4,4,4,8,2.1972245773362196,1,2,3,1,8,1,2,170.0
104,4.653960350157523,1,2,4,6,4,68,4.23410650459726,1,2,3,5,8,2128,7.663407664893479,1,1,1,3,0,8,12148,9.405002140854743,1,1,1,3,3,8,4,1.6094379124341003,1,1,4,4,4,4,4,2923.0
30,3.4339872044851463,1,0,0,2,0,59,4.0943445622221,0,2,4,3,9,2064,7.632885505395133,1,1,0,4,6,4,-6476,8.776012719182917,-1,1,1,4,6,4,4,1.6094379124341003,1,1,4,4,4,1,2,1961.0
148,5.003946305945459,1,1,3,1,8,104,4.653960350157523,1,2,4,6,4,-16700,9.723223876851618,-1,1,1,0,2,0,5840,8.67265729404031,1,1,2,0,2,0,10,2.3978952727983707,1,1,0,3,0,2,2,494.0
115,4.7535901911063645,0,1,0,3,5,35,3.58351893845611,0,2,0,0,5,-15615,9.656051308652874,-1,0,0,0,2,5,9450,9.153875834995056,1,1,0,0,0,0,9,2.302585092994046,0,0,4,2,9,1,3,1015.0
128,4.859812404361672,1,2,3,2,8,80,4.394449154672439,1,2,0,3,0,-29628,10.29650889041995,-1,1,0,2,3,2,26703,10.192568645901616,1,0,0,3,5,3,9,2.302585092994046,0,0,4,2,9,1,2,3103.0
110,4.709530201312334,1,2,0,5,0,91,4.5217885770490405,0,1,1,0,1,-2349,7.762170607138205,-1,0,0,1,3,1,-21789,9.989206427938665,-1,0,0,1,2,1,9,2.302585092994046,0,0,4,2,9,1,2,3321.0
75,4.330733340286331,0,0,0,5,5,60,4.110873864173311,1,0,0,4,0,-1770,7.479299637782834,-1,1,0,0,1,0,5280,8.571870752706934,1,1,0,0,2,0,2,1.0986122886681098,1,2,2,2,2,1,4,2625.0
100,4.61512051684126,1,1,0,2,0,51,3.9512437185814275,0,0,1,2,1,-202,5.313205979041787,-1,1,2,3,1,8,-676,6.517671272912275,-1,1,2,4,3,4,2,1.0986122886681098,1,2,2,2,2,1,3,451.0
86,4.465908118654584,1,2,1,2,6,93,4.543294782270004,0,0,3,2,3,-28600,10.261196961231647,-1,1,2,0,2,0,30300,10.318935994253193,1,1,0,0,4,0,10,2.3978952727983707,1,1,0,3,0,1,2,2900.0
103,4.6443908991413725,0,1,3,5,3,55,4.02535169073515,0,1,0,6,5,-3475,8.153637486385282,-1,0,2,0,4,5,4000,8.294299608857235,1,1,1,0,3,0,5,1.791759469228055,0,2,0,5,5,1,3,555.0
132,4.890349128221754,1,0,2,6,2,33,3.5263605246161616,0,0,3,5,3,1272,7.149131598557407,1,1,0,2,5,2,-5118,8.540714386457584,-1,1,0,2,6,2,2,1.0986122886681098,1,2,2,2,2,1,4,2775.0
133,4.897839799950911,0,1,3,0,3,88,4.48863636973214,1,1,3,4,8,-1908,7.554334823725748,-1,1,0,2,3,2,2932,7.983781068977451,1,1,1,2,6,2,2,1.0986122886681098,1,2,2,2,2,1,3,1462.0
112,4.727387818712341,1,1,2,0,2,93,4.543294782270004,0,0,3,2,3,-196,5.2832037287379885,-1,1,2,4,0,4,22701,10.030208305315284,1,0,0,1,0,1,7,2.0794415416798357,0,1,2,0,7,1,3,2700.0
127,4.852030263919617,0,1,2,1,7,40,3.713572066704308,1,1,0,5,0,8512,9.049349685884057,1,1,1,2,0,2,-14912,9.609988594762783,-1,1,1,3,5,8,8,2.1972245773362196,1,2,3,1,8,1,3,3016.0
32,3.4965075614664802,1,2,2,4,2,48,3.8918202981106265,1,0,3,6,8,1000,6.90875477931522,1,1,1,0,6,0,3090,8.036249942132116,1,1,0,0,3,0,5,1.791759469228055,0,2,0,5,5,1,2,522.0
60,4.110873864173311,1,0,0,4,0,61,4.127134385045092,0,1,1,5,1,-10560,9.264923249746474,-1,1,0,0,3,0,10960,9.302098797215724,1,1,1,0,5,0,8,2.1972245773362196,1,2,3,1,8,1,3,1218.0
32,3.4965075614664802,1,2,2,4,2,110,4.709530201312334,1,2,0,5,0,4600,8.434028950155469,1,1,1,0,1,0,-2920,7.979681302387741,-1,1,2,0,6,0,5,1.791759469228055,0,2,0,5,5,1,3,1566.0
108,4.6913478822291435,1,0,3,3,8,52,3.970291913552122,1,1,2,3,2,-1392,7.239214973779806,-1,1,0,3,1,8,1984,7.59337419312129,1,1,1,4,3,4,4,1.6094379124341003,1,1,4,4,4,4,4,300.0
116,4.762173934797756,1,2,1,4,6,138,4.9344739331306915,1,0,3,5,8,-2060,7.630946580890459,-1,1,1,0,5,0,5025,8.522379718103538,1,0,0,0,6,5,5,1.791759469228055,0,2,0,5,5,1,2,357.0
39,3.6888794541139363,0,0,4,4,9,31,3.4657359027997265,0,1,1,3,1,-7287,8.893984438939794,-1,0,0,3,0,3,17199,9.752664662801545,1,0,0,4,0,9,7,2.0794415416798357,0,1,2,0,7,1,3,2368.0
51,3.9512437185814275,0,0,1,2,1,83,4.430816798843313,0,2,3,6,3,516,6.248042874508429,1,1,0,1,5,6,1682,7.428333194190806,1,1,2,2,2,2,2,1.0986122886681098,1,2,2,2,2,1,2,765.0
116,4.762173934797756,1,2,1,4,6,45,3.828641396489095,0,0,0,3,5,-16640,9.719624808723344,-1,1,1,0,6,0,26900,10.199918739620157,1,1,2,0,6,0,10,2.3978952727983707,1,1,0,3,0,1,2,2296.0
142,4.962844630259907,1,1,2,2,2,59,4.0943445622221,0,2,4,3,9,-9863,9.19664704484418,-1,0,1,2,0,7,9863,9.19664704484418,1,0,2,3,0,3,7,2.0794415416798357,0,1,2,0,7,1,3,1079.0
74,4.31748811353631,1,2,4,4,4,70,4.2626798770413155,1,1,0,0,0,399,5.991464547107982,1,0,0,4,0,9,-6230,8.737292112544221,-1,1,1,0,0,0,7,2.0794415416798357,0,1,2,0,7,1,4,1495.0
35,3.58351893845611,0,2,0,0,5,114,4.74493212836325,1,0,4,2,4,-5355,8.585972706811063,-1,0,0,0,0,5,-3150,8.055475141757274,-1,1,0,0,0,0,7,2.0794415416798357,0,1,2,0,7,1,5,1352.0
89,4.499809670330265,0,2,4,5,9,82,4.418840607796598,1,1,2,5,2,-824,6.715383386334681,-1,1,1,1,2,6,2752,7.920446505142607,1,1,1,2,1,2,4,1.6094379124341003,1,1,4,4,4,1,2,390.0
13,2.6390573296152584,0,1,3,6,3,107,4.68213122712422,0,2,2,2,7,1276,7.152268856032539,1,1,1,1,2,6,2918,7.978996370854115,1,1,2,3,6,8,2,1.0986122886681098,1,2,2,2,2,1,2,1411.0
90,4.51085950651685,1,0,0,6,0,130,4.875197323201151,1,1,0,4,0,-1674,7.423568444259167,-1,1,0,1,6,6,2592,7.860570785538664,1,1,0,2,2,2,6,1.9459101490553132,1,0,1,6,6,2,3,435.0
94,4.553876891600541,1,1,4,3,4,36,3.6109179126442243,1,0,1,1,6,-5166,8.550047528287184,-1,1,0,4,0,4,714,6.5722825426940075,1,1,0,4,0,4,7,2.0794415416798357,0,1,2,0,7,1,2,170.0
14,2.70805020110221,1,2,4,0,4,11,2.4849066497880004,0,2,1,4,1,414,6.028278520230698,1,1,0,4,1,4,-621,6.432940092739179,-1,0,0,4,2,9,3,1.3862943611198906,0,0,3,3,3,1,2,300.0
95,4.564348191467836,0,2,0,4,5,133,4.897839799950911,0,1,3,0,3,-3420,8.137688184977605,-1,1,0,0,3,0,-2432,7.796880342783522,-1,1,1,3,4,8,4,1.6094379124341003,1,1,4,4,4,1,3,1235.0
148,5.003946305945459,1,1,3,1,8,68,4.23410650459726,1,2,3,5,8,-6700,8.81001204797317,-1,1,2,0,6,0,-29200,10.281958234245314,-1,1,2,0,4,0,10,2.3978952727983707,1,1,0,3,0,2,2,3690.0
24,3.2188758248682006,1,0,4,3,4,132,4.890349128221754,1,0,2,6,2,-2070,7.635786861395585,-1,1,0,0,2,0,3144,8.05356916913454,1,1,0,4,1,4,6,1.9459101490553132,1,0,1,6,6,6,5,335.0
74,4.31748811353631,1,2,4,4,4,123,4.820281565605037,0,0,3,4,3,-12370,9.423110302862831,-1,1,2,0,6,0,-4740,8.464003362902119,-1,1,0,0,6,0,10,2.3978952727983707,1,1,0,3,0,1,2,1775.0
139,4.941642422609304,0,1,4,6,9,124,4.8283137373023015,1,1,4,5,4,-9331,9.14120463314132,-1,0,2,4,0,9,28,3.367295829986474,1,1,1,3,0,8,7,2.0794415416798357,0,1,2,0,7,1,2,936.0
91,4.5217885770490405,0,1,1,0,1,52,3.970291913552122,1,1,2,3,2,-1044,6.951772164398911,-1,1,0,1,6,6,168,5.1298987149230735,1,1,0,3,0,8,3,1.3862943611198906,0,0,3,3,3,1,2,125.0
10,2.3978952727983707,1,1,0,3,0,36,3.6109179126442243,1,0,1,1,6,1962,7.5822291942764615,1,1,0,2,2,2,-5661,8.641532465671846,-1,0,0,4,2,9,3,1.3862943611198906,0,0,3,3,3,1,3,2109.0
142,4.962844630259907,1,1,2,2,2,85,4.454347296253507,0,1,0,1,5,174,5.1647859739235145,1,1,0,4,6,4,-2204,7.6984827878809465,-1,1,1,1,1,6,2,1.0986122886681098,1,2,2,2,2,1,3,1325.0
76,4.343805421853684,1,1,1,6,6,126,4.844187086458591,1,0,1,0,6,488,6.192362489474872,1,1,2,3,5,8,-3016,8.012018239159062,-1,1,2,4,1,4,2,1.0986122886681098,1,2,2,2,2,2,4,1804.0
144,4.976733742420574,1,0,4,4,4,89,4.499809670330265,0,2,4,5,9,-11064,9.31154225248515,-1,1,0,1,3,6,3232,8.081165777725433,1,1,1,2,5,2,8,2.1972245773362196,1,2,3,1,8,1,3,385.0
17,2.8903717578961645,0,2,2,3,7,87,4.477336814478207,0,0,2,3,7,-12252,9.413526083949446,-1,1,0,3,5,8,-9090,9.115040192121858,-1,1,0,0,3,0,6,1.9459101490553132,1,0,1,6,6,1,2,2813.0
114,4.74493212836325,1,0,4,2,4,78,4.3694478524670215,1,0,3,1,8,54,4.007333185232471,1,1,0,4,5,4,-2448,7.803435056952168,-1,1,0,2,2,2,3,1.3862943611198906,0,0,3,3,3,3,4,1110.0
140,4.948759890378168,1,2,0,0,0,41,3.7376696182833684,0,2,1,6,1,-8928,9.097059685517216,-1,1,0,2,4,2,8766,9.078749951588586,1,1,0,1,2,6,6,1.9459101490553132,1,0,1,6,6,1,2,1377.0
131,4.882801922586371,0,2,1,5,1,41,3.7376696182833684,0,2,1,6,1,-5450,8.603554357064281,-1,1,1,0,3,0,6245,8.739696537843024,1,0,2,0,1,5,5,1.791759469228055,0,2,0,5,5,1,2,1131.0
145,4.983606621708336,0,1,0,5,5,28,3.367295829986474,1,1,3,0,8,-11008,9.306468399070404,-1,1,2,2,3,2,-5888,8.68084148294457,-1,1,1,2,6,2,8,2.1972245773362196,1,2,3,1,8,1,2,984.0
83,4.430816798843313,0,2,3,6,3,137,4.927253685157205,0,2,2,4,7,-16620,9.71842223507111,-1,1,0,0,5,0,29300,10.285376924115587,1,1,2,0,5,0,10,2.3978952727983707,1,1,0,3,0,1,2,1768.0
107,4.68213122712422,0,2,2,2,7,137,4.927253685157205,0,2,2,4,7,-17415,9.765144602914383,-1,0,0,0,1,5,36612,10.508158647580807,1,1,0,2,2,2,9,2.302585092994046,0,0,4,2,9,1,2,2997.0
137,4.927253685157205,0,2,2,4,7,113,4.736198448394496,0,2,3,1,3,-8708,9.07211225269274,-1,1,1,2,0,2,749,6.620073206530356,1,0,2,4,0,9,7,2.0794415416798357,0,1,2,0,7,1,2,741.0
113,4.736198448394496,0,2,3,1,3,36,3.6109179126442243,1,0,1,1,6,-9464,9.155356063643422,-1,1,1,1,0,6,-7616,8.938137870372788,-1,1,1,4,0,4,8,2.1972245773362196,1,2,3,1,8,1,2,1271.0
16,2.833213344056216,1,1,1,2,6,101,4.624972813284271,0,2,1,3,1,-135,4.912654885736052,-1,0,0,0,5,5,9729,9.18296917518005,1,0,0,4,6,9,9,2.302585092994046,0,0,4,2,9,1,2,215.0
58,4.07753744390572,1,1,3,2,8,121,4.804021044733257,0,1,1,2,1,4968,8.51097389160232,1,1,0,3,5,8,-16224,9.69430854157229,-1,1,0,1,2,6,6,1.9459101490553132,1,0,1,6,6,1,2,3626.0
85,4.454347296253507,0,1,0,1,5,14,2.70805020110221,1,2,4,0,4,3040,8.019941687677365,1,1,1,0,2,0,-8008,8.988321188323683,-1,1,2,2,0,2,8,2.1972245773362196,1,2,3,1,8,1,3,1537.0
143,4.969813299576001,0,2,3,3,3,82,4.418840607796598,1,1,2,5,2,-13328,9.497697391604019,-1,1,1,2,0,2,-13312,9.496496280431916,-1,1,2,3,2,8,8,2.1972245773362196,1,2,3,1,8,1,2,2378.0
118,4.77912349311153,1,1,3,6,8,78,4.3694478524670215,1,0,3,1,8,-1428,7.264730177929867,-1,1,0,2,0,2,9576,9.16711966952162,1,1,0,1,0,6,6,1.9459101490553132,1,0,1,6,6,2,3,1222.0
110,4.709530201312334,1,2,0,5,0,42,3.7612001156935624,1,0,2,0,2,-1992,7.597396320212795,-1,1,0,3,3,8,5202,8.556990661290303,1,1,0,2,1,2,6,1.9459101490553132,1,0,1,6,6,2,3,697.0
43,3.784189633918261,0,1,3,1,3,17,2.8903717578961645,0,2,2,3,7,-4614,8.437067146936952,-1,1,0,1,6,6,11124,9.31695010703444,1,1,0,4,1,4,6,1.9459101490553132,1,0,1,6,6,1,2,1825.0
87,4.477336814478207,0,0,2,3,7,54,4.007333185232471,1,0,4,5,4,-4524,8.417372856134026,-1,1,0,1,5,6,-666,6.502790045915623,-1,1,0,4,6,4,6,1.9459101490553132,1,0,1,6,6,3,4,493.0
92,4.532599493153256,1,2,2,1,2,15,2.772588722239781,0,0,0,1,5,-282,5.645446897643238,-1,1,0,3,5,8,-1737,7.460490305825338,-1,0,0,3,6,3,3,1.3862943611198906,0,0,3,3,3,1,3,650.0
91,4.5217885770490405,0,1,1,0,1,119,4.787491742782046,0,2,4,0,9,-6760,8.818926087090677,-1,1,2,0,2,0,3456,8.148156439921625,1,1,0,1,5,6,8,2.1972245773362196,1,2,3,1,8,1,2,533.0
60,4.110873864173311,1,0,0,4,0,134,4.90527477843843,1,2,4,1,4,-11136,9.3180281773931,-1,1,0,4,1,4,22256,10.010411844857636,1,1,2,1,3,6,8,2.1972245773362196,1,2,3,1,8,2,2,1938.0
98,4.59511985013459,1,2,3,0,8,42,3.7612001156935624,1,0,2,0,2,2682,7.894690850425624,1,1,0,2,1,2,29112,10.278940088798224,1,1,0,2,6,2,6,1.9459101490553132,1,0,1,6,6,2,3,4715.0
103,4.6443908991413725,0,1,3,5,3,108,4.6913478822291435,1,0,3,3,8,-1780,7.484930283289661,-1,1,2,0,5,0,-5648,8.639233817325263,-1,1,1,2,1,2,2,1.0986122886681098,1,2,2,2,2,1,3,3116.0
12,2.5649493574615367,1,0,2,5,2,131,4.882801922586371,0,2,1,5,1,-1380,7.2305631534092925,-1,1,0,0,6,0,6444,8.771059915373288,1,1,0,4,4,4,2,1.0986122886681098,1,2,2,2,2,1,5,3034.0
52,3.970291913552122,1,1,2,3,2,121,4.804021044733257,0,1,1,2,1,-1266,7.144407180321139,-1,1,0,4,1,4,-1647,7.4073177104694174,-1,0,0,3,5,3,3,1.3862943611198906,0,0,3,3,3,1,2,950.0
35,3.58351893845611,0,2,0,0,5,26,3.295836866004329,1,2,1,5,6,-12460,9.430359045942868,-1,1,2,0,0,0,-14200,9.561067663645012,-1,1,2,0,3,0,10,2.3978952727983707,1,1,0,3,0,1,3,1904.0
38,3.6635616461296463,1,2,3,3,8,88,4.48863636973214,1,1,3,4,8,-486,6.18826412308259,-1,1,0,4,4,4,10584,9.267193183568965,1,1,0,4,0,4,9,2.302585092994046,0,0,4,2,9,1,2,480.0
95,4.564348191467836,0,2,0,4,5,90,4.51085950651685,1,0,0,6,0,-135,4.912654885736052,-1,0,0,0,5,5,-1950,7.576097340623111,-1,1,0,0,3,0,5,1.791759469228055,0,2,0,5,5,5,4,952.0
71,4.276666119016055,0,2,1,1,1,25,3.258096538021482,0,1,0,4,5,-2650,7.8826922062890254,-1,1,2,0,3,0,2725,7.9105906122564775,1,0,1,0,2,5,5,1.791759469228055,0,2,0,5,5,1,5,455.0
66,4.204692619390966,1,0,1,3,6,109,4.700480365792417,0,1,4,4,9,-870,6.769641976852503,-1,1,0,0,5,0,3765,8.233768709217097,1,0,0,0,6,5,5,1.791759469228055,0,2,0,5,5,1,2,260.0
