slot_p,slot_p_abs_log1p,slot_p_mod3,slot_p_mod5,slot_p_mod7,slot_p_mod10,slot_t,slot_t_abs_log1p,slot_t_sign,slot_t_is_even,slot_t_mod3,slot_t_mod5,slot_t_mod7,slot_t_mod10,slot_u,slot_u_abs_log1p,slot_u_sign,slot_u_is_even,slot_u_mod3,slot_u_mod5,slot_u_mod7,slot_u_mod10,slot_mod,slot_mod_abs_log1p,slot_mod_is_even,slot_mod_mod3,slot_mod_mod5,slot_mod_mod7,slot_mod_mod10,gcd_all,n_multiple_pairs,y
5,1.791759469228055,2,0,5,5,5,1.791759469228055,1,0,2,0,5,5,-5,1.791759469228055,-1,0,1,0,2,5,10000,9.210440366976517,1,1,0,4,0,5,6,1111.0
19,2.995732273553991,1,4,5,9,2,1.0986122886681098,1,1,2,2,2,2,6,1.9459101490553132,1,1,0,1,6,6,3638,8.19946419761216,1,2,3,5,8,1,2,2659.0
7,2.0794415416798357,1,2,0,7,-3,1.3862943611198906,-1,0,0,2,4,7,-2,1.0986122886681098,-1,1,1,3,5,8,10000,9.210440366976517,1,1,0,4,0,1,1,3571.0
11,2.4849066497880004,2,1,4,1,2,1.0986122886681098,1,1,2,2,2,2,-5,1.791759469228055,-1,0,1,0,2,5,1000,6.90875477931522,1,1,0,6,0,1,2,147.0
19,2.995732273553991,1,4,5,9,-2,1.0986122886681098,-1,1,1,3,5,8,0,0.0,0,1,0,0,0,0,1329,7.1929342212158,0,0,4,6,9,1,0,664.0
19,2.995732273553991,1,4,5,9,4,1.6094379124341003,1,1,1,4,4,4,4,1.6094379124341003,1,1,1,4,4,4,2461,7.808729306744399,0,1,1,4,1,1,1,1453.0
7,2.0794415416798357,1,2,0,7,0,0.0,0,1,0,0,0,0,3,1.3862943611198906,1,0,0,3,3,3,10000,9.210440366976517,1,1,0,4,0,1,0,547.0
17,2.8903717578961645,2,2,3,7,-6,1.9459101490553132,-1,1,0,4,1,4,6,1.9459101490553132,1,1,0,1,6,6,10000,9.210440366976517,1,1,0,4,0,1,1,6901.0
19,2.995732273553991,1,4,5,9,1,0.6931471805599453,1,0,1,1,1,1,4,1.6094379124341003,1,1,1,4,4,4,3374,8.12415060330663,1,2,4,0,4,1,3,2777.0
7,2.0794415416798357,1,2,0,7,4,1.6094379124341003,1,1,1,4,4,4,-1,0.6931471805599453,-1,0,2,4,6,9,10000,9.210440366976517,1,1,0,4,0,1,4,6119.0
5,1.791759469228055,2,0,5,5,3,1.3862943611198906,1,0,0,3,3,3,-2,1.0986122886681098,-1,1,1,3,5,8,1000,6.90875477931522,1,1,0,6,0,1,2,151.0
13,2.6390573296152584,1,3,6,3,5,1.791759469228055,1,0,2,0,5,5,-2,1.0986122886681098,-1,1,1,3,5,8,1000,6.90875477931522,1,1,0,6,0,1,2,871.0
7,2.0794415416798357,1,2,0,7,-4,1.6094379124341003,-1,1,2,1,3,6,4,1.6094379124341003,1,1,1,4,4,4,10000,9.210440366976517,1,1,0,4,0,1,3,1849.0
7,2.0794415416798357,1,2,0,7,1,0.6931471805599453,1,0,1,1,1,1,-6,1.9459101490553132,-1,1,0,4,1,4,578,6.361302477572996,1,2,3,4,8,1,3,181.0
17,2.8903717578961645,2,2,3,7,1,0.6931471805599453,1,0,1,1,1,1,-4,1.6094379124341003,-1,1,2,1,3,6,3452,8.146998697389993,1,2,2,1,2,1,4,213.0
13,2.6390573296152584,1,3,6,3,5,1.791759469228055,1,0,2,0,5,5,1,0.6931471805599453,1,0,1,1,1,1,2302,7.741967899820685,1,1,2,6,2,1,3,1535.0
5,1.791759469228055,2,0,5,5,-3,1.3862943611198906,-1,0,0,2,4,7,-3,1.3862943611198906,-1,0,0,2,4,7,2758,7.922623574217286,1,1,3,0,8,1,1,541.0
5,1.791759469228055,2,0,5,5,2,1.0986122886681098,1,1,2,2,2,2,0,0.0,0,1,0,0,0,0,2851,7.955775781534187,0,1,1,2,1,1,0,31.0
17,2.8903717578961645,2,2,3,7,1,0.6931471805599453,1,0,1,1,1,1,-4,1.6094379124341003,-1,1,2,1,3,6,1000,6.90875477931522,1,1,0,6,0,1,4,181.0
7,2.0794415416798357,1,2,0,7,2,1.0986122886681098,1,1,2,2,2,2,0,0.0,0,1,0,0,0,0,1000,6.90875477931522,1,1,0,6,0,1,1,127.0
7,2.0794415416798357,1,2,0,7,-2,1.0986122886681098,-1,1,1,3,5,8,4,1.6094379124341003,1,1,1,4,4,4,1000,6.90875477931522,1,1,0,6,0,1,3,359.0
23,3.1780538303479458,2,3,2,3,-2,1.0986122886681098,-1,1,1,3,5,8,4,1.6094379124341003,1,1,1,4,4,4,1000,6.90875477931522,1,1,0,6,0,1,3,39.0
5,1.791759469228055,2,0,5,5,-1,0.6931471805599453,-1,0,2,4,6,9,-3,1.3862943611198906,-1,0,0,2,4,7,1000,6.90875477931522,1,1,0,6,0,1,4,181.0
13,2.6390573296152584,1,3,6,3,2,1.0986122886681098,1,1,2,2,2,2,5,1.791759469228055,1,0,2,0,5,5,10000,9.210440366976517,1,1,0,4,0,1,2,201.0
7,2.0794415416798357,1,2,0,7,-5,1.791759469228055,-1,0,1,0,2,5,6,1.9459101490553132,1,1,0,1,6,6,1000,6.90875477931522,1,1,0,6,0,1,1,521.0
23,3.1780538303479458,2,3,2,3,5,1.791759469228055,1,0,2,0,5,5,-2,1.0986122886681098,-1,1,1,3,5,8,10000,9.210440366976517,1,1,0,4,0,1,2,667.0
7,2.0794415416798357,1,2,0,7,1,0.6931471805599453,1,0,1,1,1,1,3,1.3862943611198906,1,0,0,3,3,3,2918,7.978996370854115,1,2,3,6,8,1,3,757.0
17,2.8903717578961645,2,2,3,7,5,1.791759469228055,1,0,2,0,5,5,-2,1.0986122886681098,-1,1,1,3,5,8,1000,6.90875477931522,1,1,0,6,0,1,2,951.0
17,2.8903717578961645,2,2,3,7,-5,1.791759469228055,-1,0,1,0,2,5,6,1.9459101490553132,1,1,0,1,6,6,1000,6.90875477931522,1,1,0,6,0,1,1,331.0
5,1.791759469228055,2,0,5,5,-4,1.6094379124341003,-1,1,2,1,3,6,0,0.0,0,1,0,0,0,0,1000,6.90875477931522,1,1,0,6,0,1,2,205.0
5,1.791759469228055,2,0,5,5,-6,1.9459101490553132,-1,1,0,4,1,4,3,1.3862943611198906,1,0,0,3,3,3,10000,9.210440366976517,1,1,0,4,0,1,2,505.0
13,2.6390573296152584,1,3,6,3,4,1.6094379124341003,1,1,1,4,4,4,1,0.6931471805599453,1,0,1,1,1,1,4847,8.48632152774915,0,2,2,3,7,1,3,3411.0
17,2.8903717578961645,2,2,3,7,-3,1.3862943611198906,-1,0,0,2,4,7,3,1.3862943611198906,1,0,0,3,3,3,4287,8.363575702750637,0,0,2,3,7,1,3,3109.0
19,2.995732273553991,1,4,5,9,-6,1.9459101490553132,-1,1,0,4,1,4,1,0.6931471805599453,1,0,1,1,1,1,10000,9.210440366976517,1,1,0,4,0,1,3,1881.0
17,2.8903717578961645,2,2,3,7,3,1.3862943611198906,1,0,0,3,3,3,3,1.3862943611198906,1,0,0,3,3,3,10000,9.210440366976517,1,1,0,4,0,1,1,9847.0
19,2.995732273553991,1,4,5,9,1,0.6931471805599453,1,0,1,1,1,1,-1,0.6931471805599453,-1,0,2,4,6,9,1346,7.205635176410364,1,2,1,2,6,1,5,1273.0
5,1.791759469228055,2,0,5,5,-4,1.6094379124341003,-1,1,2,1,3,6,-3,1.3862943611198906,-1,0,0,2,4,7,1000,6.90875477931522,1,1,0,6,0,1,2,961.0
17,2.8903717578961645,2,2,3,7,-5,1.791759469228055,-1,0,1,0,2,5,-3,1.3862943611198906,-1,0,0,2,4,7,1000,6.90875477931522,1,1,0,6,0,1,1,341.0
13,2.6390573296152584,1,3,6,3,-3,1.3862943611198906,-1,0,0,2,4,7,2,1.0986122886681098,1,1,2,2,2,2,1000,6.90875477931522,1,1,0,6,0,1,1,731.0
13,2.6390573296152584,1,3,6,3,-1,0.6931471805599453,-1,0,2,4,6,9,2,1.0986122886681098,1,1,2,2,2,2,1000,6.90875477931522,1,1,0,6,0,1,4,3.0
5,1.791759469228055,2,0,5,5,-4,1.6094379124341003,-1,1,2,1,3,6,-4,1.6094379124341003,-1,1,2,1,3,6,1000,6.90875477931522,1,1,0,6,0,1,4,601.0
19,2.995732273553991,1,4,5,9,-5,1.791759469228055,-1,0,1,0,2,5,6,1.9459101490553132,1,1,0,1,6,6,4772,8.470730317005897,1,2,2,5,2,1,0,2401.0
23,3.1780538303479458,2,3,2,3,-6,1.9459101490553132,-1,1,0,4,1,4,2,1.0986122886681098,1,1,2,2,2,2,4714,8.458504195067558,1,1,4,3,4,1,2,2281.0
19,2.995732273553991,1,4,5,9,6,1.9459101490553132,1,1,0,1,6,6,3,1.3862943611198906,1,0,0,3,3,3,10000,9.210440366976517,1,1,0,4,0,1,1,1667.0
23,3.1780538303479458,2,3,2,3,2,1.0986122886681098,1,1,2,2,2,2,-4,1.6094379124341003,-1,1,2,1,3,6,1000,6.90875477931522,1,1,0,6,0,1,3,939.0
17,2.8903717578961645,2,2,3,7,0,0.0,0,1,0,0,0,0,1,0.6931471805599453,1,0,1,1,1,1,10000,9.210440366976517,1,1,0,4,0,1,2,1.0
17,2.8903717578961645,2,2,3,7,-4,1.6094379124341003,-1,1,2,1,3,6,-6,1.9459101490553132,-1,1,0,4,1,4,1000,6.90875477931522,1,1,0,6,0,1,1,631.0
19,2.995732273553991,1,4,5,9,2,1.0986122886681098,1,1,2,2,2,2,2,1.0986122886681098,1,1,2,2,2,2,4640,8.442685139241176,1,2,0,6,0,1,3,993.0
5,1.791759469228055,2,0,5,5,4,1.6094379124341003,1,1,1,4,4,4,2,1.0986122886681098,1,1,2,2,2,2,3962,8.284756593190435,1,2,2,0,2,1,2,431.0
17,2.8903717578961645,2,2,3,7,2,1.0986122886681098,1,1,2,2,2,2,2,1.0986122886681098,1,1,2,2,2,2,10000,9.210440366976517,1,1,0,4,0,1,3,561.0
13,2.6390573296152584,1,3,6,3,-4,1.6094379124341003,-1,1,2,1,3,6,1,0.6931471805599453,1,0,1,1,1,1,1280,7.155396301896734,1,2,0,6,0,1,4,1001.0
19,2.995732273553991,1,4,5,9,3,1.3862943611198906,1,0,0,3,3,3,4,1.6094379124341003,1,1,1,4,4,4,3149,8.055157731819678,0,2,4,6,9,1,0,2542.0
11,2.4849066497880004,2,1,4,1,4,1.6094379124341003,1,1,1,4,4,4,4,1.6094379124341003,1,1,1,4,4,4,1000,6.90875477931522,1,1,0,6,0,1,3,209.0
19,2.995732273553991,1,4,5,9,1,0.6931471805599453,1,0,1,1,1,1,-4,1.6094379124341003,-1,1,2,1,3,6,4532,8.41913925094085,1,2,2,3,2,1,4,1615.0
19,2.995732273553991,1,4,5,9,-6,1.9459101490553132,-1,1,0,4,1,4,4,1.6094379124341003,1,1,1,4,4,4,10000,9.210440366976517,1,1,0,4,0,1,1,4019.0
7,2.0794415416798357,1,2,0,7,-2,1.0986122886681098,-1,1,1,3,5,8,5,1.791759469228055,1,0,2,0,5,5,1935,7.568379267836522,0,0,0,3,5,1,1,98.0
23,3.1780538303479458,2,3,2,3,3,1.3862943611198906,1,0,0,3,3,3,3,1.3862943611198906,1,0,0,3,3,3,10000,9.210440366976517,1,1,0,4,0,1,1,7387.0
11,2.4849066497880004,2,1,4,1,4,1.6094379124341003,1,1,1,4,4,4,-1,0.6931471805599453,-1,0,2,4,6,9,10000,9.210440366976517,1,1,0,4,0,1,4,299.0
23,3.1780538303479458,2,3,2,3,-3,1.3862943611198906,-1,0,0,2,4,7,-3,1.3862943611198906,-1,0,0,2,4,7,10000,9.210440366976517,1,1,0,4,0,1,1,1253.0
17,2.8903717578961645,2,2,3,7,2,1.0986122886681098,1,1,2,2,2,2,-1,0.6931471805599453,-1,0,2,4,6,9,10000,9.210440366976517,1,1,0,4,0,1,4,7521.0
19,2.995732273553991,1,4,5,9,6,1.9459101490553132,1,1,0,1,6,6,-4,1.6094379124341003,-1,1,2,1,3,6,10000,9.210440366976517,1,1,0,4,0,1,1,8471.0
7,2.0794415416798357,1,2,0,7,5,1.791759469228055,1,0,2,0,5,5,-6,1.9459101490553132,-1,1,0,4,1,4,1480,7.300472814267799,1,1,0,3,0,1,1,1227.0
7,2.0794415416798357,1,2,0,7,-4,1.6094379124341003,-1,1,2,1,3,6,-6,1.9459101490553132,-1,1,0,4,1,4,3370,8.12296471523406,1,1,0,3,0,1,0,259.0
19,2.995732273553991,1,4,5,9,-1,0.6931471805599453,-1,0,2,4,6,9,1,0.6931471805599453,1,0,1,1,1,1,1000,6.90875477931522,1,1,0,6,0,1,5,1.0
13,2.6390573296152584,1,3,6,3,3,1.3862943611198906,1,0,0,3,3,3,-6,1.9459101490553132,-1,1,0,4,1,4,4990,8.515391569469609,1,1,0,6,0,1,1,2581.0
23,3.1780538303479458,2,3,2,3,0,0.0,0,1,0,0,0,0,-2,1.0986122886681098,-1,1,1,3,5,8,2879,7.965545573129992,0,2,4,2,9,1,0,2080.0
7,2.0794415416798357,1,2,0,7,5,1.791759469228055,1,0,2,0,5,5,6,1.9459101490553132,1,1,0,1,6,6,1000,6.90875477931522,1,1,0,6,0,1,1,811.0
19,2.995732273553991,1,4,5,9,-4,1.6094379124341003,-1,1,2,1,3,6,6,1.9459101490553132,1,1,0,1,6,6,10000,9.210440366976517,1,1,0,4,0,1,1,7331.0
23,3.1780538303479458,2,3,2,3,2,1.0986122886681098,1,1,2,2,2,2,-3,1.3862943611198906,-1,0,0,2,4,7,4289,8.364042011922063,0,2,4,5,9,1,0,3129.0
7,2.0794415416798357,1,2,0,7,-2,1.0986122886681098,-1,1,1,3,5,8,5,1.791759469228055,1,0,2,0,5,5,1000,6.90875477931522,1,1,0,6,0,1,2,773.0
11,2.4849066497880004,2,1,4,1,-5,1.791759469228055,-1,0,1,0,2,5,-2,1.0986122886681098,-1,1,1,3,5,8,2814,7.942717540573791,1,0,4,0,4,1,1,1999.0
5,1.791759469228055,2,0,5,5,5,1.791759469228055,1,0,2,0,5,5,2,1.0986122886681098,1,1,2,2,2,2,1000,6.90875477931522,1,1,0,6,0,1,4,971.0
13,2.6390573296152584,1,3,6,3,0,0.0,0,1,0,0,0,0,-5,1.791759469228055,-1,0,1,0,2,5,1000,6.90875477931522,1,1,0,6,0,1,1,781.0
5,1.791759469228055,2,0,5,5,-6,1.9459101490553132,-1,1,0,4,1,4,3,1.3862943611198906,1,0,0,3,3,3,1000,6.90875477931522,1,1,0,6,0,1,2,505.0
5,1.791759469228055,2,0,5,5,5,1.791759469228055,1,0,2,0,5,5,3,1.3862943611198906,1,0,0,3,3,3,3274,8.094073148069352,1,1,4,5,4,1,1,1231.0
23,3.1780538303479458,2,3,2,3,-6,1.9459101490553132,-1,1,0,4,1,4,0,0.0,0,1,0,0,0,0,10000,9.210440366976517,1,1,0,4,0,1,0,1831.0
23,3.1780538303479458,2,3,2,3,-4,1.6094379124341003,-1,1,2,1,3,6,3,1.3862943611198906,1,0,0,3,3,3,2929,7.982757702011113,0,1,4,3,9,1,0,2663.0
23,3.1780538303479458,2,3,2,3,-5,1.791759469228055,-1,0,1,0,2,5,4,1.6094379124341003,1,1,1,4,4,4,10000,9.210440366976517,1,1,0,4,0,1,2,5533.0
19,2.995732273553991,1,4,5,9,3,1.3862943611198906,1,0,0,3,3,3,5,1.791759469228055,1,0,2,0,5,5,10000,9.210440366976517,1,1,0,4,0,1,1,7473.0
23,3.1780538303479458,2,3,2,3,-3,1.3862943611198906,-1,0,0,2,4,7,-2,1.0986122886681098,-1,1,1,3,5,8,4995,8.516392871245468,0,0,0,4,5,1,1,4342.0
5,1.791759469228055,2,0,5,5,-4,1.6094379124341003,-1,1,2,1,3,6,-2,1.0986122886681098,-1,1,1,3,5,8,1000,6.90875477931522,1,1,0,6,0,1,4,571.0
11,2.4849066497880004,2,1,4,1,1,0.6931471805599453,1,0,1,1,1,1,-1,0.6931471805599453,-1,0,2,4,6,9,10000,9.210440366976517,1,1,0,4,0,1,5,199.0
7,2.0794415416798357,1,2,0,7,5,1.791759469228055,1,0,2,0,5,5,-3,1.3862943611198906,-1,0,0,2,4,7,1000,6.90875477931522,1,1,0,6,0,1,1,233.0
11,2.4849066497880004,2,1,4,1,4,1.6094379124341003,1,1,1,4,4,4,-3,1.3862943611198906,-1,0,0,2,4,7,4131,8.326516830239528,0,0,1,1,1,1,1,4025.0
17,2.8903717578961645,2,2,3,7,-1,0.6931471805599453,-1,0,2,4,6,9,-1,0.6931471805599453,-1,0,2,4,6,9,1000,6.90875477931522,1,1,0,6,0,1,5,571.0
17,2.8903717578961645,2,2,3,7,-3,1.3862943611198906,-1,0,0,2,4,7,-6,1.9459101490553132,-1,1,0,4,1,4,10000,9.210440366976517,1,1,0,4,0,1,1,5491.0
5,1.791759469228055,2,0,5,5,-2,1.0986122886681098,-1,1,1,3,5,8,4,1.6094379124341003,1,1,1,4,4,4,1000,6.90875477931522,1,1,0,6,0,1,4,151.0
19,2.995732273553991,1,4,5,9,-4,1.6094379124341003,-1,1,2,1,3,6,-2,1.0986122886681098,-1,1,1,3,5,8,1000,6.90875477931522,1,1,0,6,0,1,3,387.0
23,3.1780538303479458,2,3,2,3,-2,1.0986122886681098,-1,1,1,3,5,8,-2,1.0986122886681098,-1,1,1,3,5,8,4767,8.469682208745185,0,0,2,0,7,1,1,4387.0
11,2.4849066497880004,2,1,4,1,-2,1.0986122886681098,-1,1,1,3,5,8,-4,1.6094379124341003,-1,1,2,1,3,6,10000,9.210440366976517,1,1,0,4,0,1,3,6751.0
19,2.995732273553991,1,4,5,9,-3,1.3862943611198906,-1,0,0,2,4,7,4,1.6094379124341003,1,1,1,4,4,4,3309,8.104703468371108,0,0,4,5,9,1,1,997.0
7,2.0794415416798357,1,2,0,7,0,0.0,0,1,0,0,0,0,-4,1.6094379124341003,-1,1,2,1,3,6,1000,6.90875477931522,1,1,0,6,0,1,1,461.0
5,1.791759469228055,2,0,5,5,-4,1.6094379124341003,-1,1,2,1,3,6,-2,1.0986122886681098,-1,1,1,3,5,8,609,6.413458957167357,0,0,4,0,9,1,1,571.0
23,3.1780538303479458,2,3,2,3,1,0.6931471805599453,1,0,1,1,1,1,-3,1.3862943611198906,-1,0,0,2,4,7,1000,6.90875477931522,1,1,0,6,0,1,3,773.0
13,2.6390573296152584,1,3,6,3,5,1.791759469228055,1,0,2,0,5,5,3,1.3862943611198906,1,0,0,3,3,3,1000,6.90875477931522,1,1,0,6,0,1,1,561.0
11,2.4849066497880004,2,1,4,1,-1,0.6931471805599453,-1,0,2,4,6,9,-6,1.9459101490553132,-1,1,0,4,1,4,10000,9.210440366976517,1,1,0,4,0,1,3,5489.0
5,1.791759469228055,2,0,5,5,-5,1.791759469228055,-1,0,1,0,2,5,-5,1.791759469228055,-1,0,1,0,2,5,1078,6.983789965258135,1,1,3,0,8,1,3,517.0
11,2.4849066497880004,2,1,4,1,-3,1.3862943611198906,-1,0,0,2,4,7,0,0.0,0,1,0,0,0,0,3462,8.149890544402423,1,0,2,4,2,1,1,2743.0
17,2.8903717578961645,2,2,3,7,-1,0.6931471805599453,-1,0,2,4,6,9,5,1.791759469228055,1,0,2,0,5,5,10000,9.210440366976517,1,1,0,4,0,1,4,1181.0
19,2.995732273553991,1,4,5,9,4,1.6094379124341003,1,1,1,4,4,4,6,1.9459101490553132,1,1,0,1,6,6,10000,9.210440366976517,1,1,0,4,0,1,1,3451.0
7,2.0794415416798357,1,2,0,7,-3,1.3862943611198906,-1,0,0,2,4,7,6,1.9459101490553132,1,1,0,1,6,6,1000,6.90875477931522,1,1,0,6,0,1,1,99.0
19,2.995732273553991,1,4,5,9,6,1.9459101490553132,1,1,0,1,6,6,6,1.9459101490553132,1,1,0,1,6,6,10000,9.210440366976517,1,1,0,4,0,1,1,8801.0
11,2.4849066497880004,2,1,4,1,-5,1.791759469228055,-1,0,1,0,2,5,3,1.3862943611198906,1,0,0,3,3,3,10000,9.210440366976517,1,1,0,4,0,1,1,9587.0
23,3.1780538303479458,2,3,2,3,-6,1.9459101490553132,-1,1,0,4,1,4,-4,1.6094379124341003,-1,1,2,1,3,6,1000,6.90875477931522,1,1,0,6,0,1,1,411.0
11,2.4849066497880004,2,1,4,1,3,1.3862943611198906,1,0,0,3,3,3,-3,1.3862943611198906,-1,0,0,2,4,7,10000,9.210440366976517,1,1,0,4,0,1,1,677.0
5,1.791759469228055,2,0,5,5,5,1.791759469228055,1,0,2,0,5,5,3,1.3862943611198906,1,0,0,3,3,3,1000,6.90875477931522,1,1,0,6,0,1,3,231.0
11,2.4849066497880004,2,1,4,1,2,1.0986122886681098,1,1,2,2,2,2,5,1.791759469228055,1,0,2,0,5,5,1459,7.286191714702382,0,1,4,3,9,1,0,721.0
17,2.8903717578961645,2,2,3,7,-5,1.791759469228055,-1,0,1,0,2,5,0,0.0,0,1,0,0,0,0,10000,9.210440366976517,1,1,0,4,0,1,1,5521.0
13,2.6390573296152584,1,3,6,3,-2,1.0986122886681098,-1,1,1,3,5,8,1,0.6931471805599453,1,0,1,1,1,1,3323,8.10892415597534,0,2,3,5,3,1,3,1.0
13,2.6390573296152584,1,3,6,3,1,0.6931471805599453,1,0,1,1,1,1,-5,1.791759469228055,-1,0,1,0,2,5,508,6.2324480165505225,1,1,3,4,8,1,3,425.0
19,2.995732273553991,1,4,5,9,6,1.9459101490553132,1,1,0,1,6,6,-6,1.9459101490553132,-1,1,0,4,1,4,10000,9.210440366976517,1,1,0,4,0,1,1,7229.0
7,2.0794415416798357,1,2,0,7,3,1.3862943611198906,1,0,0,3,3,3,-6,1.9459101490553132,-1,1,0,4,1,4,10000,9.210440366976517,1,1,0,4,0,1,1,8809.0
13,2.6390573296152584,1,3,6,3,-5,1.791759469228055,-1,0,1,0,2,5,3,1.3862943611198906,1,0,0,3,3,3,636,6.456769655572163,1,0,1,6,6,1,1,1.0
5,1.791759469228055,2,0,5,5,3,1.3862943611198906,1,0,0,3,3,3,1,0.6931471805599453,1,0,1,1,1,1,10000,9.210440366976517,1,1,0,4,0,1,4,121.0
23,3.1780538303479458,2,3,2,3,-4,1.6094379124341003,-1,1,2,1,3,6,-4,1.6094379124341003,-1,1,2,1,3,6,4817,8.480114183174816,0,2,2,1,7,1,1,2444.0
19,2.995732273553991,1,4,5,9,-3,1.3862943611198906,-1,0,0,2,4,7,0,0.0,0,1,0,0,0,0,1000,6.90875477931522,1,1,0,6,0,1,0,367.0
13,2.6390573296152584,1,3,6,3,-6,1.9459101490553132,-1,1,0,4,1,4,-2,1.0986122886681098,-1,1,1,3,5,8,2620,7.8713112033234065,1,1,0,2,0,1,2,313.0
23,3.1780538303479458,2,3,2,3,6,1.9459101490553132,1,1,0,1,6,6,-6,1.9459101490553132,-1,1,0,4,1,4,4365,8.38160253710989,0,0,0,4,5,1,1,364.0
19,2.995732273553991,1,4,5,9,4,1.6094379124341003,1,1,1,4,4,4,6,1.9459101490553132,1,1,0,1,6,6,3176,8.063692634269517,1,2,1,5,6,1,1,1371.0
11,2.4849066497880004,2,1,4,1,0,0.0,0,1,0,0,0,0,2,1.0986122886681098,1,1,2,2,2,2,1000,6.90875477931522,1,1,0,6,0,1,1,683.0
23,3.1780538303479458,2,3,2,3,0,0.0,0,1,0,0,0,0,-2,1.0986122886681098,-1,1,1,3,5,8,3411,8.13505390861157,0,0,1,2,1,1,0,958.0
13,2.6390573296152584,1,3,6,3,-4,1.6094379124341003,-1,1,2,1,3,6,2,1.0986122886681098,1,1,2,2,2,2,1000,6.90875477931522,1,1,0,6,0,1,3,887.0
23,3.1780538303479458,2,3,2,3,0,0.0,0,1,0,0,0,0,0,0.0,0,1,0,0,0,0,10000,9.210440366976517,1,1,0,4,0,1,0,1.0
19,2.995732273553991,1,4,5,9,2,1.0986122886681098,1,1,2,2,2,2,-6,1.9459101490553132,-1,1,0,4,1,4,772,6.650279048587422,1,1,2,2,2,1,2,293.0
19,2.995732273553991,1,4,5,9,-5,1.791759469228055,-1,0,1,0,2,5,1,0.6931471805599453,1,0,1,1,1,1,1000,6.90875477931522,1,1,0,6,0,1,4,201.0
13,2.6390573296152584,1,3,6,3,-4,1.6094379124341003,-1,1,2,1,3,6,-3,1.3862943611198906,-1,0,0,2,4,7,1000,6.90875477931522,1,1,0,6,0,1,1,497.0
5,1.791759469228055,2,0,5,5,-1,0.6931471805599453,-1,0,2,4,6,9,-6,1.9459101490553132,-1,1,0,4,1,4,4449,8.400659375160286,0,0,4,4,9,1,3,1891.0
5,1.791759469228055,2,0,5,5,4,1.6094379124341003,1,1,1,4,4,4,0,0.0,0,1,0,0,0,0,1000,6.90875477931522,1,1,0,6,0,1,2,341.0
17,2.8903717578961645,2,2,3,7,2,1.0986122886681098,1,1,2,2,2,2,2,1.0986122886681098,1,1,2,2,2,2,4477,8.4069317971587,0,1,2,4,7,1,1,728.0
23,3.1780538303479458,2,3,2,3,-3,1.3862943611198906,-1,0,0,2,4,7,4,1.6094379124341003,1,1,1,4,4,4,2774,7.928406026180535,1,2,4,2,4,1,0,2767.0
17,2.8903717578961645,2,2,3,7,4,1.6094379124341003,1,1,1,4,4,4,-5,1.791759469228055,-1,0,1,0,2,5,10000,9.210440366976517,1,1,0,4,0,1,2,3281.0
23,3.1780538303479458,2,3,2,3,5,1.791759469228055,1,0,2,0,5,5,3,1.3862943611198906,1,0,0,3,3,3,10000,9.210440366976517,1,1,0,4,0,1,1,2267.0
5,1.791759469228055,2,0,5,5,4,1.6094379124341003,1,1,1,4,4,4,0,0.0,0,1,0,0,0,0,10000,9.210440366976517,1,1,0,4,0,1,2,341.0
11,2.4849066497880004,2,1,4,1,-4,1.6094379124341003,-1,1,2,1,3,6,4,1.6094379124341003,1,1,1,4,4,4,10000,9.210440366976517,1,1,0,4,0,1,3,6489.0
7,2.0794415416798357,1,2,0,7,-3,1.3862943611198906,-1,0,0,2,4,7,-5,1.791759469228055,-1,0,1,0,2,5,3749,8.229511118964457,0,2,4,4,9,1,0,2871.0
23,3.1780538303479458,2,3,2,3,-1,0.6931471805599453,-1,0,2,4,6,9,0,0.0,0,1,0,0,0,0,10000,9.210440366976517,1,1,0,4,0,1,2,1.0
5,1.791759469228055,2,0,5,5,3,1.3862943611198906,1,0,0,3,3,3,-4,1.6094379124341003,-1,1,2,1,3,6,10000,9.210440366976517,1,1,0,4,0,1,2,341.0
11,2.4849066497880004,2,1,4,1,0,0.0,0,1,0,0,0,0,4,1.6094379124341003,1,1,1,4,4,4,10000,9.210440366976517,1,1,0,4,0,1,1,8861.0
7,2.0794415416798357,1,2,0,7,1,0.6931471805599453,1,0,1,1,1,1,-2,1.0986122886681098,-1,1,1,3,5,8,1000,6.90875477931522,1,1,0,6,0,1,4,127.0
5,1.791759469228055,2,0,5,5,2,1.0986122886681098,1,1,2,2,2,2,-5,1.791759469228055,-1,0,1,0,2,5,3989,8.29154650988391,0,2,4,6,9,1,1,601.0
23,3.1780538303479458,2,3,2,3,4,1.6094379124341003,1,1,1,4,4,4,2,1.0986122886681098,1,1,2,2,2,2,3243,8.084562415235304,0,0,3,2,3,1,2,47.0
17,2.8903717578961645,2,2,3,7,1,0.6931471805599453,1,0,1,1,1,1,3,1.3862943611198906,1,0,0,3,3,3,1000,6.90875477931522,1,1,0,6,0,1,3,31.0
23,3.1780538303479458,2,3,2,3,-2,1.0986122886681098,-1,1,1,3,5,8,-2,1.0986122886681098,-1,1,1,3,5,8,4721,8.459987717645458,0,2,1,3,1,1,1,2731.0
23,3.1780538303479458,2,3,2,3,-1,0.6931471805599453,-1,0,2,4,6,9,-6,1.9459101490553132,-1,1,0,4,1,4,804,6.690842277418564,1,0,4,6,4,1,4,73.0
5,1.791759469228055,2,0,5,5,4,1.6094379124341003,1,1,1,4,4,4,-2,1.0986122886681098,-1,1,1,3,5,8,10000,9.210440366976517,1,1,0,4,0,1,4,355.0
7,2.0794415416798357,1,2,0,7,-5,1.791759469228055,-1,0,1,0,2,5,1,0.6931471805599453,1,0,1,1,1,1,2083,7.642044402873258,0,1,3,4,3,1,3,2032.0
13,2.6390573296152584,1,3,6,3,4,1.6094379124341003,1,1,1,4,4,4,-4,1.6094379124341003,-1,1,2,1,3,6,3531,8.16961956172385,0,0,1,3,1,1,1,1619.0
13,2.6390573296152584,1,3,6,3,6,1.9459101490553132,1,1,0,1,6,6,-5,1.791759469228055,-1,0,1,0,2,5,10000,9.210440366976517,1,1,0,4,0,1,1,7753.0
23,3.1780538303479458,2,3,2,3,-4,1.6094379124341003,-1,1,2,1,3,6,-1,0.6931471805599453,-1,0,2,4,6,9,4100,8.31898612539206,1,2,0,5,0,1,4,719.0
17,2.8903717578961645,2,2,3,7,0,0.0,0,1,0,0,0,0,2,1.0986122886681098,1,1,2,2,2,2,1000,6.90875477931522,1,1,0,6,0,1,1,691.0
7,2.0794415416798357,1,2,0,7,-1,0.6931471805599453,-1,0,2,4,6,9,2,1.0986122886681098,1,1,2,2,2,2,1000,6.90875477931522,1,1,0,6,0,1,4,29.0
7,2.0794415416798357,1,2,0,7,-3,1.3862943611198906,-1,0,0,2,4,7,-5,1.791759469228055,-1,0,1,0,2,5,1000,6.90875477931522,1,1,0,6,0,1,1,357.0
5,1.791759469228055,2,0,5,5,4,1.6094379124341003,1,1,1,4,4,4,5,1.791759469228055,1,0,2,0,5,5,10000,9.210440366976517,1,1,0,4,0,1,4,1601.0
23,3.1780538303479458,2,3,2,3,5,1.791759469228055,1,0,2,0,5,5,2,1.0986122886681098,1,1,2,2,2,2,10000,9.210440366976517,1,1,0,4,0,1,2,9123.0
5,1.791759469228055,2,0,5,5,4,1.6094379124341003,1,1,1,4,4,4,-2,1.0986122886681098,-1,1,1,3,5,8,1000,6.90875477931522,1,1,0,6,0,1,4,355.0
13,2.6390573296152584,1,3,6,3,-4,1.6094379124341003,-1,1,2,1,3,6,-2,1.0986122886681098,-1,1,1,3,5,8,1000,6.90875477931522,1,1,0,6,0,1,3,611.0
11,2.4849066497880004,2,1,4,1,-6,1.9459101490553132,-1,1,0,4,1,4,-4,1.6094379124341003,-1,1,2,1,3,6,1000,6.90875477931522,1,1,0,6,0,1,1,771.0
13,2.6390573296152584,1,3,6,3,5,1.791759469228055,1,0,2,0,5,5,6,1.9459101490553132,1,1,0,1,6,6,3737,8.226305988015508,0,2,2,6,7,1,0,1498.0
13,2.6390573296152584,1,3,6,3,-6,1.9459101490553132,-1,1,0,4,1,4,-5,1.791759469228055,-1,0,1,0,2,5,1000,6.90875477931522,1,1,0,6,0,1,1,641.0
19,2.995732273553991,1,4,5,9,-3,1.3862943611198906,-1,0,0,2,4,7,6,1.9459101490553132,1,1,0,1,6,6,4351,8.378390788535778,0,1,1,4,1,1,2,3098.0
19,2.995732273553991,1,4,5,9,-4,1.6094379124341003,-1,1,2,1,3,6,5,1.791759469228055,1,0,2,0,5,5,1000,6.90875477931522,1,1,0,6,0,1,2,629.0
17,2.8903717578961645,2,2,3,7,1,0.6931471805599453,1,0,1,1,1,1,4,1.6094379124341003,1,1,1,4,4,4,10000,9.210440366976517,1,1,0,4,0,1,4,7221.0
23,3.1780538303479458,2,3,2,3,2,1.0986122886681098,1,1,2,2,2,2,-6,1.9459101490553132,-1,1,0,4,1,4,1000,6.90875477931522,1,1,0,6,0,1,2,609.0
5,1.791759469228055,2,0,5,5,5,1.791759469228055,1,0,2,0,5,5,3,1.3862943611198906,1,0,0,3,3,3,3609,8.191463051326927,0,0,4,4,9,1,2,1231.0
5,1.791759469228055,2,0,5,5,0,0.0,0,1,0,0,0,0,3,1.3862943611198906,1,0,0,3,3,3,2362,7.767687277186908,1,1,2,3,2,1,0,61.0
11,2.4849066497880004,2,1,4,1,3,1.3862943611198906,1,0,0,3,3,3,3,1.3862943611198906,1,0,0,3,3,3,1380,7.2305631534092925,1,0,0,1,0,1,3,1159.0
13,2.6390573296152584,1,3,6,3,-1,0.6931471805599453,-1,0,2,4,6,9,4,1.6094379124341003,1,1,1,4,4,4,1000,6.90875477931522,1,1,0,6,0,1,4,421.0
5,1.791759469228055,2,0,5,5,-6,1.9459101490553132,-1,1,0,4,1,4,2,1.0986122886681098,1,1,2,2,2,2,646,6.472346294500901,1,1,1,2,6,1,2,641.0
19,2.995732273553991,1,4,5,9,6,1.9459101490553132,1,1,0,1,6,6,-2,1.0986122886681098,-1,1,1,3,5,8,1000,6.90875477931522,1,1,0,6,0,1,2,937.0
23,3.1780538303479458,2,3,2,3,2,1.0986122886681098,1,1,2,2,2,2,-1,0.6931471805599453,-1,0,2,4,6,9,744,6.61338421837956,1,0,4,2,4,1,4,71.0
11,2.4849066497880004,2,1,4,1,2,1.0986122886681098,1,1,2,2,2,2,-1,0.6931471805599453,-1,0,2,4,6,9,1000,6.90875477931522,1,1,0,6,0,1,4,119.0
17,2.8903717578961645,2,2,3,7,-1,0.6931471805599453,-1,0,2,4,6,9,4,1.6094379124341003,1,1,1,4,4,4,1000,6.90875477931522,1,1,0,6,0,1,4,581.0
23,3.1780538303479458,2,3,2,3,6,1.9459101490553132,1,1,0,1,6,6,-3,1.3862943611198906,-1,0,0,2,4,7,10000,9.210440366976517,1,1,0,4,0,1,1,6053.0
13,2.6390573296152584,1,3,6,3,5,1.791759469228055,1,0,2,0,5,5,-1,0.6931471805599453,-1,0,2,4,6,9,10000,9.210440366976517,1,1,0,4,0,1,4,7913.0
17,2.8903717578961645,2,2,3,7,4,1.6094379124341003,1,1,1,4,4,4,6,1.9459101490553132,1,1,0,1,6,6,10000,9.210440366976517,1,1,0,4,0,1,1,7211.0
13,2.6390573296152584,1,3,6,3,4,1.6094379124341003,1,1,1,4,4,4,5,1.791759469228055,1,0,2,0,5,5,2058,7.629975707027789,1,0,3,0,8,1,0,1397.0
17,2.8903717578961645,2,2,3,7,-6,1.9459101490553132,-1,1,0,4,1,4,2,1.0986122886681098,1,1,2,2,2,2,1000,6.90875477931522,1,1,0,6,0,1,2,873.0
19,2.995732273553991,1,4,5,9,2,1.0986122886681098,1,1,2,2,2,2,0,0.0,0,1,0,0,0,0,1979,7.590852123688581,0,2,4,5,9,1,0,1831.0
17,2.8903717578961645,2,2,3,7,-2,1.0986122886681098,-1,1,1,3,5,8,-6,1.9459101490553132,-1,1,0,4,1,4,10000,9.210440366976517,1,1,0,4,0,1,2,741.0
19,2.995732273553991,1,4,5,9,-2,1.0986122886681098,-1,1,1,3,5,8,-2,1.0986122886681098,-1,1,1,3,5,8,10000,9.210440366976517,1,1,0,4,0,1,3,1377.0
19,2.995732273553991,1,4,5,9,0,0.0,0,1,0,0,0,0,-2,1.0986122886681098,-1,1,1,3,5,8,976,6.884486652042782,1,1,1,3,6,1,1,175.0
23,3.1780538303479458,2,3,2,3,1,0.6931471805599453,1,0,1,1,1,1,-5,1.791759469228055,-1,0,1,0,2,5,10000,9.210440366976517,1,1,0,4,0,1,4,2323.0
11,2.4849066497880004,2,1,4,1,-4,1.6094379124341003,-1,1,2,1,3,6,-6,1.9459101490553132,-1,1,0,4,1,4,1000,6.90875477931522,1,1,0,6,0,1,1,759.0
11,2.4849066497880004,2,1,4,1,1,0.6931471805599453,1,0,1,1,1,1,-1,0.6931471805599453,-1,0,2,4,6,9,1371,7.22402480828583,0,0,1,6,1,1,5,199.0
19,2.995732273553991,1,4,5,9,-2,1.0986122886681098,-1,1,1,3,5,8,1,0.6931471805599453,1,0,1,1,1,1,922,6.827629234502852,1,1,2,5,2,1,4,1.0
13,2.6390573296152584,1,3,6,3,-4,1.6094379124341003,-1,1,2,1,3,6,-1,0.6931471805599453,-1,0,2,4,6,9,10000,9.210440366976517,1,1,0,4,0,1,4,5581.0
23,3.1780538303479458,2,3,2,3,-5,1.791759469228055,-1,0,1,0,2,5,-2,1.0986122886681098,-1,1,1,3,5,8,1000,6.90875477931522,1,1,0,6,0,1,2,697.0
7,2.0794415416798357,1,2,0,7,3,1.3862943611198906,1,0,0,3,3,3,1,0.6931471805599453,1,0,1,1,1,1,10000,9.210440366976517,1,1,0,4,0,1,3,841.0
7,2.0794415416798357,1,2,0,7,2,1.0986122886681098,1,1,2,2,2,2,-5,1.791759469228055,-1,0,1,0,2,5,4433,8.397057390176256,0,2,3,2,3,1,0,688.0
19,2.995732273553991,1,4,5,9,-3,1.3862943611198906,-1,0,0,2,4,7,2,1.0986122886681098,1,1,2,2,2,2,10000,9.210440366976517,1,1,0,4,0,1,1,4763.0
17,2.8903717578961645,2,2,3,7,2,1.0986122886681098,1,1,2,2,2,2,-3,1.3862943611198906,-1,0,0,2,4,7,2049,7.6255950721324535,0,0,4,5,9,1,1,1993.0
17,2.8903717578961645,2,2,3,7,-5,1.791759469228055,-1,0,1,0,2,5,-2,1.0986122886681098,-1,1,1,3,5,8,3628,8.19671240721307,1,1,3,2,8,1,1,1971.0
7,2.0794415416798357,1,2,0,7,1,0.6931471805599453,1,0,1,1,1,1,4,1.6094379124341003,1,1,1,4,4,4,1000,6.90875477931522,1,1,0,6,0,1,4,159.0
7,2.0794415416798357,1,2,0,7,-1,0.6931471805599453,-1,0,2,4,6,9,0,0.0,0,1,0,0,0,0,4919,8.501063809486354,0,2,4,5,9,1,2,1.0
7,2.0794415416798357,1,2,0,7,0,0.0,0,1,0,0,0,0,-6,1.9459101490553132,-1,1,0,4,1,4,1000,6.90875477931522,1,1,0,6,0,1,0,987.0
17,2.8903717578961645,2,2,3,7,1,0.6931471805599453,1,0,1,1,1,1,2,1.0986122886681098,1,1,2,2,2,2,10000,9.210440366976517,1,1,0,4,0,1,4,5587.0
19,2.995732273553991,1,4,5,9,3,1.3862943611198906,1,0,0,3,3,3,-2,1.0986122886681098,-1,1,1,3,5,8,1000,6.90875477931522,1,1,0,6,0,1,1,597.0
17,2.8903717578961645,2,2,3,7,0,0.0,0,1,0,0,0,0,-6,1.9459101490553132,-1,1,0,4,1,4,2933,7.984121958702927,0,2,3,0,3,1,0,673.0
11,2.4849066497880004,2,1,4,1,2,1.0986122886681098,1,1,2,2,2,2,3,1.3862943611198906,1,0,0,3,3,3,1000,6.90875477931522,1,1,0,6,0,1,1,771.0
5,1.791759469228055,2,0,5,5,0,0.0,0,1,0,0,0,0,1,0.6931471805599453,1,0,1,1,1,1,10000,9.210440366976517,1,1,0,4,0,1,3,1.0
19,2.995732273553991,1,4,5,9,-4,1.6094379124341003,-1,1,2,1,3,6,-2,1.0986122886681098,-1,1,1,3,5,8,4629,8.440312147080279,0,0,4,2,9,1,1,1756.0
17,2.8903717578961645,2,2,3,7,-6,1.9459101490553132,-1,1,0,4,1,4,2,1.0986122886681098,1,1,2,2,2,2,10000,9.210440366976517,1,1,0,4,0,1,2,8873.0
7,2.0794415416798357,1,2,0,7,-6,1.9459101490553132,-1,1,0,4,1,4,3,1.3862943611198906,1,0,0,3,3,3,1000,6.90875477931522,1,1,0,6,0,1,1,491.0
19,2.995732273553991,1,4,5,9,4,1.6094379124341003,1,1,1,4,4,4,-3,1.3862943611198906,-1,0,0,2,4,7,1636,7.400620577371135,1,1,1,5,6,1,1,721.0
5,1.791759469228055,2,0,5,5,5,1.791759469228055,1,0,2,0,5,5,-3,1.3862943611198906,-1,0,0,2,4,7,1000,6.90875477931522,1,1,0,6,0,1,3,781.0
13,2.6390573296152584,1,3,6,3,1,0.6931471805599453,1,0,1,1,1,1,2,1.0986122886681098,1,1,2,2,2,2,1000,6.90875477931522,1,1,0,6,0,1,4,187.0
7,2.0794415416798357,1,2,0,7,6,1.9459101490553132,1,1,0,1,6,6,-1,0.6931471805599453,-1,0,2,4,6,9,4829,8.482601746646619,0,2,4,6,9,1,3,3120.0
7,2.0794415416798357,1,2,0,7,-4,1.6094379124341003,-1,1,2,1,3,6,-1,0.6931471805599453,-1,0,2,4,6,9,1000,6.90875477931522,1,1,0,6,0,1,4,119.0
19,2.995732273553991,1,4,5,9,-3,1.3862943611198906,-1,0,0,2,4,7,2,1.0986122886681098,1,1,2,2,2,2,1000,6.90875477931522,1,1,0,6,0,1,1,763.0
5,1.791759469228055,2,0,5,5,4,1.6094379124341003,1,1,1,4,4,4,-1,0.6931471805599453,-1,0,2,4,6,9,4127,8.325548307161398,0,2,2,4,7,1,3,341.0
19,2.995732273553991,1,4,5,9,-4,1.6094379124341003,-1,1,2,1,3,6,4,1.6094379124341003,1,1,1,4,4,4,10000,9.210440366976517,1,1,0,4,0,1,3,6169.0
13,2.6390573296152584,1,3,6,3,-5,1.791759469228055,-1,0,1,0,2,5,-1,0.6931471805599453,-1,0,2,4,6,9,10000,9.210440366976517,1,1,0,4,0,1,4,7913.0
17,2.8903717578961645,2,2,3,7,-1,0.6931471805599453,-1,0,2,4,6,9,2,1.0986122886681098,1,1,2,2,2,2,1000,6.90875477931522,1,1,0,6,0,1,4,743.0
23,3.1780538303479458,2,3,2,3,-6,1.9459101490553132,-1,1,0,4,1,4,1,0.6931471805599453,1,0,1,1,1,1,1000,6.90875477931522,1,1,0,6,0,1,3,761.0
11,2.4849066497880004,2,1,4,1,6,1.9459101490553132,1,1,0,1,6,6,-4,1.6094379124341003,-1,1,2,1,3,6,2458,7.807510042216193,1,1,3,1,8,1,0,2379.0
11,2.4849066497880004,2,1,4,1,5,1.791759469228055,1,0,2,0,5,5,6,1.9459101490553132,1,1,0,1,6,6,10000,9.210440366976517,1,1,0,4,0,1,1,8931.0
19,2.995732273553991,1,4,5,9,4,1.6094379124341003,1,1,1,4,4,4,1,0.6931471805599453,1,0,1,1,1,1,1000,6.90875477931522,1,1,0,6,0,1,4,321.0
17,2.8903717578961645,2,2,3,7,0,0.0,0,1,0,0,0,0,5,1.791759469228055,1,0,2,0,5,5,2191,7.692569648067906,0,1,1,0,1,1,0,1879.0
23,3.1780538303479458,2,3,2,3,-5,1.791759469228055,-1,0,1,0,2,5,3,1.3862943611198906,1,0,0,3,3,3,584,6.371611847231857,1,2,4,3,4,1,0,99.0
13,2.6390573296152584,1,3,6,3,6,1.9459101490553132,1,1,0,1,6,6,3,1.3862943611198906,1,0,0,3,3,3,1000,6.90875477931522,1,1,0,6,0,1,1,241.0
23,3.1780538303479458,2,3,2,3,0,0.0,0,1,0,0,0,0,5,1.791759469228055,1,0,2,0,5,5,1236,7.1204443723924875,1,0,1,4,6,1,0,461.0
13,2.6390573296152584,1,3,6,3,-1,0.6931471805599453,-1,0,2,4,6,9,-5,1.791759469228055,-1,0,1,0,2,5,1000,6.90875477931522,1,1,0,6,0,1,4,561.0
5,1.791759469228055,2,0,5,5,0,0.0,0,1,0,0,0,0,3,1.3862943611198906,1,0,0,3,3,3,1000,6.90875477931522,1,1,0,6,0,1,1,61.0
23,3.1780538303479458,2,3,2,3,6,1.9459101490553132,1,1,0,1,6,6,-3,1.3862943611198906,-1,0,0,2,4,7,1000,6.90875477931522,1,1,0,6,0,1,1,53.0
11,2.4849066497880004,2,1,4,1,6,1.9459101490553132,1,1,0,1,6,6,4,1.6094379124341003,1,1,1,4,4,4,10000,9.210440366976517,1,1,0,4,0,1,1,2639.0
17,2.8903717578961645,2,2,3,7,3,1.3862943611198906,1,0,0,3,3,3,-2,1.0986122886681098,-1,1,1,3,5,8,2987,8.002359546252707,0,2,2,5,7,1,0,800.0
13,2.6390573296152584,1,3,6,3,4,1.6094379124341003,1,1,1,4,4,4,-1,0.6931471805599453,-1,0,2,4,6,9,1000,6.90875477931522,1,1,0,6,0,1,4,581.0
11,2.4849066497880004,2,1,4,1,-2,1.0986122886681098,-1,1,1,3,5,8,1,0.6931471805599453,1,0,1,1,1,1,1065,6.97166860472579,0,0,0,1,5,1,3,1.0
23,3.1780538303479458,2,3,2,3,-1,0.6931471805599453,-1,0,2,4,6,9,5,1.791759469228055,1,0,2,0,5,5,10000,9.210440366976517,1,1,0,4,0,1,4,5341.0
13,2.6390573296152584,1,3,6,3,-1,0.6931471805599453,-1,0,2,4,6,9,6,1.9459101490553132,1,1,0,1,6,6,1000,6.90875477931522,1,1,0,6,0,1,3,671.0
5,1.791759469228055,2,0,5,5,-1,0.6931471805599453,-1,0,2,4,6,9,-3,1.3862943611198906,-1,0,0,2,4,7,1420,7.259116128097101,1,1,0,6,0,1,4,181.0
5,1.791759469228055,2,0,5,5,2,1.0986122886681098,1,1,2,2,2,2,-4,1.6094379124341003,-1,1,2,1,3,6,991,6.899723107284872,0,1,1,4,1,1,1,275.0
7,2.0794415416798357,1,2,0,7,-4,1.6094379124341003,-1,1,2,1,3,6,-6,1.9459101490553132,-1,1,0,4,1,4,3359,8.11969625295725,0,2,4,6,9,1,0,853.0
11,2.4849066497880004,2,1,4,1,-3,1.3862943611198906,-1,0,0,2,4,7,5,1.791759469228055,1,0,2,0,5,5,1000,6.90875477931522,1,1,0,6,0,1,1,837.0
17,2.8903717578961645,2,2,3,7,2,1.0986122886681098,1,1,2,2,2,2,-3,1.3862943611198906,-1,0,0,2,4,7,3961,8.284504227258497,0,1,1,6,1,1,1,1820.0
7,2.0794415416798357,1,2,0,7,6,1.9459101490553132,1,1,0,1,6,6,0,0.0,0,1,0,0,0,0,10000,9.210440366976517,1,1,0,4,0,1,0,5987.0
7,2.0794415416798357,1,2,0,7,-5,1.791759469228055,-1,0,1,0,2,5,0,0.0,0,1,0,0,0,0,1000,6.90875477931522,1,1,0,6,0,1,1,21.0
23,3.1780538303479458,2,3,2,3,-3,1.3862943611198906,-1,0,0,2,4,7,3,1.3862943611198906,1,0,0,3,3,3,3824,8.249313746260636,1,2,4,2,4,1,1,1691.0
17,2.8903717578961645,2,2,3,7,-5,1.791759469228055,-1,0,1,0,2,5,2,1.0986122886681098,1,1,2,2,2,2,1000,6.90875477931522,1,1,0,6,0,1,2,151.0
13,2.6390573296152584,1,3,6,3,6,1.9459101490553132,1,1,0,1,6,6,1,0.6931471805599453,1,0,1,1,1,1,3735,8.225770799348734,0,0,0,4,5,1,3,2611.0
7,2.0794415416798357,1,2,0,7,1,0.6931471805599453,1,0,1,1,1,1,-4,1.6094379124341003,-1,1,2,1,3,6,1000,6.90875477931522,1,1,0,6,0,1,4,271.0
7,2.0794415416798357,1,2,0,7,-1,0.6931471805599453,-1,0,2,4,6,9,-3,1.3862943611198906,-1,0,0,2,4,7,10000,9.210440366976517,1,1,0,4,0,1,3,1849.0
7,2.0794415416798357,1,2,0,7,1,0.6931471805599453,1,0,1,1,1,1,1,0.6931471805599453,1,0,1,1,1,1,10000,9.210440366976517,1,1,0,4,0,1,5,1.0
19,2.995732273553991,1,4,5,9,3,1.3862943611198906,1,0,0,3,3,3,-4,1.6094379124341003,-1,1,2,1,3,6,1000,6.90875477931522,1,1,0,6,0,1,1,981.0
5,1.791759469228055,2,0,5,5,5,1.791759469228055,1,0,2,0,5,5,-5,1.791759469228055,-1,0,1,0,2,5,1000,6.90875477931522,1,1,0,6,0,5,6,111.0
5,1.791759469228055,2,0,5,5,3,1.3862943611198906,1,0,0,3,3,3,0,0.0,0,1,0,0,0,0,1000,6.90875477931522,1,1,0,6,0,1,1,121.0
7,2.0794415416798357,1,2,0,7,-2,1.0986122886681098,-1,1,1,3,5,8,-1,0.6931471805599453,-1,0,2,4,6,9,3211,8.074649075066652,0,1,1,5,1,1,3,239.0
13,2.6390573296152584,1,3,6,3,6,1.9459101490553132,1,1,0,1,6,6,-3,1.3862943611198906,-1,0,0,2,4,7,1000,6.90875477931522,1,1,0,6,0,1,1,897.0
5,1.791759469228055,2,0,5,5,-4,1.6094379124341003,-1,1,2,1,3,6,5,1.791759469228055,1,0,2,0,5,5,10000,9.210440366976517,1,1,0,4,0,1,4,305.0
5,1.791759469228055,2,0,5,5,1,0.6931471805599453,1,0,1,1,1,1,-2,1.0986122886681098,-1,1,1,3,5,8,10000,9.210440366976517,1,1,0,4,0,1,5,31.0
13,2.6390573296152584,1,3,6,3,-3,1.3862943611198906,-1,0,0,2,4,7,-3,1.3862943611198906,-1,0,0,2,4,7,1000,6.90875477931522,1,1,0,6,0,1,1,721.0
11,2.4849066497880004,2,1,4,1,-1,0.6931471805599453,-1,0,2,4,6,9,-4,1.6094379124341003,-1,1,2,1,3,6,1000,6.90875477931522,1,1,0,6,0,1,4,641.0
19,2.995732273553991,1,4,5,9,0,0.0,0,1,0,0,0,0,3,1.3862943611198906,1,0,0,3,3,3,10000,9.210440366976517,1,1,0,4,0,1,0,5367.0
5,1.791759469228055,2,0,5,5,3,1.3862943611198906,1,0,0,3,3,3,-5,1.791759469228055,-1,0,1,0,2,5,10000,9.210440366976517,1,1,0,4,0,1,3,631.0
23,3.1780538303479458,2,3,2,3,2,1.0986122886681098,1,1,2,2,2,2,3,1.3862943611198906,1,0,0,3,3,3,1000,6.90875477931522,1,1,0,6,0,1,1,187.0
11,2.4849066497880004,2,1,4,1,-3,1.3862943611198906,-1,0,0,2,4,7,-5,1.791759469228055,-1,0,1,0,2,5,1000,6.90875477931522,1,1,0,6,0,1,1,587.0
7,2.0794415416798357,1,2,0,7,-2,1.0986122886681098,-1,1,1,3,5,8,0,0.0,0,1,0,0,0,0,1000,6.90875477931522,1,1,0,6,0,1,1,43.0
11,2.4849066497880004,2,1,4,1,0,0.0,0,1,0,0,0,0,-6,1.9459101490553132,-1,1,0,4,1,4,1000,6.90875477931522,1,1,0,6,0,1,0,411.0
5,1.791759469228055,2,0,5,5,3,1.3862943611198906,1,0,0,3,3,3,-4,1.6094379124341003,-1,1,2,1,3,6,928,6.834108738813838,1,1,3,4,8,1,1,341.0
17,2.8903717578961645,2,2,3,7,-5,1.791759469228055,-1,0,1,0,2,5,-5,1.791759469228055,-1,0,1,0,2,5,2564,7.84971375760487,1,2,4,2,4,1,1,1975.0
11,2.4849066497880004,2,1,4,1,5,1.791759469228055,1,0,2,0,5,5,-6,1.9459101490553132,-1,1,0,4,1,4,10000,9.210440366976517,1,1,0,4,0,1,1,9411.0
13,2.6390573296152584,1,3,6,3,2,1.0986122886681098,1,1,2,2,2,2,4,1.6094379124341003,1,1,1,4,4,4,1000,6.90875477931522,1,1,0,6,0,1,3,891.0
5,1.791759469228055,2,0,5,5,-4,1.6094379124341003,-1,1,2,1,3,6,-3,1.3862943611198906,-1,0,0,2,4,7,10000,9.210440366976517,1,1,0,4,0,1,2,961.0
13,2.6390573296152584,1,3,6,3,1,0.6931471805599453,1,0,1,1,1,1,-2,1.0986122886681098,-1,1,1,3,5,8,1000,6.90875477931522,1,1,0,6,0,1,4,191.0
7,2.0794415416798357,1,2,0,7,-1,0.6931471805599453,-1,0,2,4,6,9,0,0.0,0,1,0,0,0,0,889,6.7912214627261855,0,1,4,0,9,1,3,1.0
23,3.1780538303479458,2,3,2,3,0,0.0,0,1,0,0,0,0,-4,1.6094379124341003,-1,1,2,1,3,6,1000,6.90875477931522,1,1,0,6,0,1,1,221.0
19,2.995732273553991,1,4,5,9,-4,1.6094379124341003,-1,1,2,1,3,6,5,1.791759469228055,1,0,2,0,5,5,10000,9.210440366976517,1,1,0,4,0,1,2,9629.0
5,1.791759469228055,2,0,5,5,-5,1.791759469228055,-1,0,1,0,2,5,5,1.791759469228055,1,0,2,0,5,5,1000,6.90875477931522,1,1,0,6,0,5,6,341.0
11,2.4849066497880004,2,1,4,1,-4,1.6094379124341003,-1,1,2,1,3,6,6,1.9459101490553132,1,1,0,1,6,6,10000,9.210440366976517,1,1,0,4,0,1,1,4611.0
23,3.1780538303479458,2,3,2,3,0,0.0,0,1,0,0,0,0,-2,1.0986122886681098,-1,1,1,3,5,8,4830,8.482808764554406,1,0,0,0,0,1,2,3727.0
7,2.0794415416798357,1,2,0,7,-4,1.6094379124341003,-1,1,2,1,3,6,-2,1.0986122886681098,-1,1,1,3,5,8,10000,9.210440366976517,1,1,0,4,0,1,3,1467.0
5,1.791759469228055,2,0,5,5,-5,1.791759469228055,-1,0,1,0,2,5,-4,1.6094379124341003,-1,1,2,1,3,6,1644,7.405495663199472,1,0,4,6,4,1,2,857.0
23,3.1780538303479458,2,3,2,3,-6,1.9459101490553132,-1,1,0,4,1,4,4,1.6094379124341003,1,1,1,4,4,4,1000,6.90875477931522,1,1,0,6,0,1,1,219.0
23,3.1780538303479458,2,3,2,3,4,1.6094379124341003,1,1,1,4,4,4,1,0.6931471805599453,1,0,1,1,1,1,3637,8.199189359078067,0,1,2,4,7,1,3,2546.0
19,2.995732273553991,1,4,5,9,0,0.0,0,1,0,0,0,0,-2,1.0986122886681098,-1,1,1,3,5,8,10000,9.210440366976517,1,1,0,4,0,1,1,4287.0
19,2.995732273553991,1,4,5,9,1,0.6931471805599453,1,0,1,1,1,1,-5,1.791759469228055,-1,0,1,0,2,5,1000,6.90875477931522,1,1,0,6,0,1,4,29.0
17,2.8903717578961645,2,2,3,7,-3,1.3862943611198906,-1,0,0,2,4,7,2,1.0986122886681098,1,1,2,2,2,2,4723,8.460411177317253,0,1,3,5,3,1,0,1184.0
19,2.995732273553991,1,4,5,9,2,1.0986122886681098,1,1,2,2,2,2,-6,1.9459101490553132,-1,1,0,4,1,4,993,6.901737206656574,0,0,3,6,3,1,1,472.0
5,1.791759469228055,2,0,5,5,-5,1.791759469228055,-1,0,1,0,2,5,0,0.0,0,1,0,0,0,0,10000,9.210440366976517,1,1,0,4,0,5,3,521.0
23,3.1780538303479458,2,3,2,3,2,1.0986122886681098,1,1,2,2,2,2,-5,1.791759469228055,-1,0,1,0,2,5,1604,7.380879035564116,1,2,4,1,4,1,1,1299.0
5,1.791759469228055,2,0,5,5,-5,1.791759469228055,-1,0,1,0,2,5,6,1.9459101490553132,1,1,0,1,6,6,10000,9.210440366976517,1,1,0,4,0,1,3,671.0
11,2.4849066497880004,2,1,4,1,-6,1.9459101490553132,-1,1,0,4,1,4,6,1.9459101490553132,1,1,0,1,6,6,1000,6.90875477931522,1,1,0,6,0,1,1,741.0
19,2.995732273553991,1,4,5,9,-3,1.3862943611198906,-1,0,0,2,4,7,-6,1.9459101490553132,-1,1,0,4,1,4,10000,9.210440366976517,1,1,0,4,0,1,1,5339.0
19,2.995732273553991,1,4,5,9,-5,1.791759469228055,-1,0,1,0,2,5,-3,1.3862943611198906,-1,0,0,2,4,7,10000,9.210440366976517,1,1,0,4,0,1,1,9473.0
17,2.8903717578961645,2,2,3,7,0,0.0,0,1,0,0,0,0,-6,1.9459101490553132,-1,1,0,4,1,4,1000,6.90875477931522,1,1,0,6,0,1,0,947.0
7,2.0794415416798357,1,2,0,7,0,0.0,0,1,0,0,0,0,-4,1.6094379124341003,-1,1,2,1,3,6,10000,9.210440366976517,1,1,0,4,0,1,1,5461.0
11,2.4849066497880004,2,1,4,1,-5,1.791759469228055,-1,0,1,0,2,5,0,0.0,0,1,0,0,0,0,1000,6.90875477931522,1,1,0,6,0,1,1,21.0
17,2.8903717578961645,2,2,3,7,6,1.9459101490553132,1,1,0,1,6,6,1,0.6931471805599453,1,0,1,1,1,1,1000,6.90875477931522,1,1,0,6,0,1,3,441.0
23,3.1780538303479458,2,3,2,3,5,1.791759469228055,1,0,2,0,5,5,-6,1.9459101490553132,-1,1,0,4,1,4,1000,6.90875477931522,1,1,0,6,0,1,1,563.0
13,2.6390573296152584,1,3,6,3,-4,1.6094379124341003,-1,1,2,1,3,6,0,0.0,0,1,0,0,0,0,3945,8.28045768658256,0,0,0,4,5,1,0,883.0
7,2.0794415416798357,1,2,0,7,-1,0.6931471805599453,-1,0,2,4,6,9,3,1.3862943611198906,1,0,0,3,3,3,1000,6.90875477931522,1,1,0,6,0,1,3,421.0
13,2.6390573296152584,1,3,6,3,1,0.6931471805599453,1,0,1,1,1,1,5,1.791759469228055,1,0,2,0,5,5,3809,8.245384468120747,0,2,4,1,9,1,4,3667.0
5,1.791759469228055,2,0,5,5,4,1.6094379124341003,1,1,1,4,4,4,5,1.791759469228055,1,0,2,0,5,5,1000,6.90875477931522,1,1,0,6,0,1,4,601.0
13,2.6390573296152584,1,3,6,3,-4,1.6094379124341003,-1,1,2,1,3,6,-3,1.3862943611198906,-1,0,0,2,4,7,10000,9.210440366976517,1,1,0,4,0,1,1,2497.0
7,2.0794415416798357,1,2,0,7,-6,1.9459101490553132,-1,1,0,4,1,4,4,1.6094379124341003,1,1,1,4,4,4,1000,6.90875477931522,1,1,0,6,0,1,1,299.0
17,2.8903717578961645,2,2,3,7,-6,1.9459101490553132,-1,1,0,4,1,4,6,1.9459101490553132,1,1,0,1,6,6,941,6.848005274576363,0,2,1,3,1,1,1,650.0
11,2.4849066497880004,2,1,4,1,2,1.0986122886681098,1,1,2,2,2,2,-4,1.6094379124341003,-1,1,2,1,3,6,10000,9.210440366976517,1,1,0,4,0,1,3,371.0
13,2.6390573296152584,1,3,6,3,0,0.0,0,1,0,0,0,0,0,0.0,0,1,0,0,0,0,10000,9.210440366976517,1,1,0,4,0,1,0,1.0
11,2.4849066497880004,2,1,4,1,-4,1.6094379124341003,-1,1,2,1,3,6,-3,1.3862943611198906,-1,0,0,2,4,7,1000,6.90875477931522,1,1,0,6,0,1,1,341.0
13,2.6390573296152584,1,3,6,3,6,1.9459101490553132,1,1,0,1,6,6,4,1.6094379124341003,1,1,1,4,4,4,1000,6.90875477931522,1,1,0,6,0,1,1,191.0
17,2.8903717578961645,2,2,3,7,-1,0.6931471805599453,-1,0,2,4,6,9,1,0.6931471805599453,1,0,1,1,1,1,10000,9.210440366976517,1,1,0,4,0,1,5,1.0
17,2.8903717578961645,2,2,3,7,-6,1.9459101490553132,-1,1,0,4,1,4,3,1.3862943611198906,1,0,0,3,3,3,1000,6.90875477931522,1,1,0,6,0,1,1,817.0
7,2.0794415416798357,1,2,0,7,-5,1.791759469228055,-1,0,1,0,2,5,3,1.3862943611198906,1,0,0,3,3,3,3975,8.288031567776464,0,0,0,6,5,1,2,3277.0
7,2.0794415416798357,1,2,0,7,6,1.9459101490553132,1,1,0,1,6,6,-2,1.0986122886681098,-1,1,1,3,5,8,1000,6.90875477931522,1,1,0,6,0,1,2,337.0
13,2.6390573296152584,1,3,6,3,-3,1.3862943611198906,-1,0,0,2,4,7,4,1.6094379124341003,1,1,1,4,4,4,10000,9.210440366976517,1,1,0,4,0,1,1,6561.0
19,2.995732273553991,1,4,5,9,4,1.6094379124341003,1,1,1,4,4,4,-2,1.0986122886681098,-1,1,1,3,5,8,1000,6.90875477931522,1,1,0,6,0,1,3,147.0
17,2.8903717578961645,2,2,3,7,3,1.3862943611198906,1,0,0,3,3,3,-6,1.9459101490553132,-1,1,0,4,1,4,10000,9.210440366976517,1,1,0,4,0,1,1,2311.0
13,2.6390573296152584,1,3,6,3,-5,1.791759469228055,-1,0,1,0,2,5,1,0.6931471805599453,1,0,1,1,1,1,1000,6.90875477931522,1,1,0,6,0,1,4,81.0
23,3.1780538303479458,2,3,2,3,-2,1.0986122886681098,-1,1,1,3,5,8,1,0.6931471805599453,1,0,1,1,1,1,10000,9.210440366976517,1,1,0,4,0,1,4,1.0
13,2.6390573296152584,1,3,6,3,-3,1.3862943611198906,-1,0,0,2,4,7,1,0.6931471805599453,1,0,1,1,1,1,1000,6.90875477931522,1,1,0,6,0,1,3,289.0
19,2.995732273553991,1,4,5,9,3,1.3862943611198906,1,0,0,3,3,3,0,0.0,0,1,0,0,0,0,1000,6.90875477931522,1,1,0,6,0,1,0,733.0
5,1.791759469228055,2,0,5,5,-6,1.9459101490553132,-1,1,0,4,1,4,-3,1.3862943611198906,-1,0,0,2,4,7,2809,7.940939762327791,0,1,4,2,9,1,1,2761.0
11,2.4849066497880004,2,1,4,1,-5,1.791759469228055,-1,0,1,0,2,5,-2,1.0986122886681098,-1,1,1,3,5,8,1781,7.485491608030754,0,2,1,3,1,1,0,516.0
11,2.4849066497880004,2,1,4,1,1,0.6931471805599453,1,0,1,1,1,1,6,1.9459101490553132,1,1,0,1,6,6,3792,8.2409125416889,1,0,2,5,2,1,4,47.0
13,2.6390573296152584,1,3,6,3,-6,1.9459101490553132,-1,1,0,4,1,4,1,0.6931471805599453,1,0,1,1,1,1,1000,6.90875477931522,1,1,0,6,0,1,3,521.0
19,2.995732273553991,1,4,5,9,2,1.0986122886681098,1,1,2,2,2,2,-2,1.0986122886681098,-1,1,1,3,5,8,10000,9.210440366976517,1,1,0,4,0,1,3,3317.0
17,2.8903717578961645,2,2,3,7,5,1.791759469228055,1,0,2,0,5,5,-1,0.6931471805599453,-1,0,2,4,6,9,10000,9.210440366976517,1,1,0,4,0,1,4,3867.0
5,1.791759469228055,2,0,5,5,6,1.9459101490553132,1,1,0,1,6,6,1,0.6931471805599453,1,0,1,1,1,1,1000,6.90875477931522,1,1,0,6,0,1,4,681.0
13,2.6390573296152584,1,3,6,3,1,0.6931471805599453,1,0,1,1,1,1,-6,1.9459101490553132,-1,1,0,4,1,4,10000,9.210440366976517,1,1,0,4,0,1,3,6691.0
11,2.4849066497880004,2,1,4,1,6,1.9459101490553132,1,1,0,1,6,6,4,1.6094379124341003,1,1,1,4,4,4,1000,6.90875477931522,1,1,0,6,0,1,1,639.0
13,2.6390573296152584,1,3,6,3,-4,1.6094379124341003,-1,1,2,1,3,6,-6,1.9459101490553132,-1,1,0,4,1,4,1000,6.90875477931522,1,1,0,6,0,1,1,751.0
17,2.8903717578961645,2,2,3,7,2,1.0986122886681098,1,1,2,2,2,2,5,1.791759469228055,1,0,2,0,5,5,4198,8.342601680684194,1,1,3,5,8,1,1,1109.0
5,1.791759469228055,2,0,5,5,-4,1.6094379124341003,-1,1,2,1,3,6,-3,1.3862943611198906,-1,0,0,2,4,7,3161,8.058960017769417,0,2,1,4,1,1,0,961.0
5,1.791759469228055,2,0,5,5,-4,1.6094379124341003,-1,1,2,1,3,6,-2,1.0986122886681098,-1,1,1,3,5,8,10000,9.210440366976517,1,1,0,4,0,1,4,571.0
13,2.6390573296152584,1,3,6,3,-6,1.9459101490553132,-1,1,0,4,1,4,-4,1.6094379124341003,-1,1,2,1,3,6,1882,7.5406215286571525,1,1,2,6,2,1,0,1461.0
5,1.791759469228055,2,0,5,5,-3,1.3862943611198906,-1,0,0,2,4,7,4,1.6094379124341003,1,1,1,4,4,4,10000,9.210440366976517,1,1,0,4,0,1,2,121.0
5,1.791759469228055,2,0,5,5,-4,1.6094379124341003,-1,1,2,1,3,6,-6,1.9459101490553132,-1,1,0,4,1,4,1000,6.90875477931522,1,1,0,6,0,1,2,111.0
7,2.0794415416798357,1,2,0,7,2,1.0986122886681098,1,1,2,2,2,2,3,1.3862943611198906,1,0,0,3,3,3,10000,9.210440366976517,1,1,0,4,0,1,1,1051.0
5,1.791759469228055,2,0,5,5,-4,1.6094379124341003,-1,1,2,1,3,6,-4,1.6094379124341003,-1,1,2,1,3,6,10000,9.210440366976517,1,1,0,4,0,1,4,1601.0
11,2.4849066497880004,2,1,4,1,4,1.6094379124341003,1,1,1,4,4,4,6,1.9459101490553132,1,1,0,1,6,6,10000,9.210440366976517,1,1,0,4,0,1,1,1131.0
7,2.0794415416798357,1,2,0,7,-1,0.6931471805599453,-1,0,2,4,6,9,1,0.6931471805599453,1,0,1,1,1,1,4550,8.423102268016642,1,2,0,0,0,1,6,1.0
11,2.4849066497880004,2,1,4,1,-5,1.791759469228055,-1,0,1,0,2,5,4,1.6094379124341003,1,1,1,4,4,4,1000,6.90875477931522,1,1,0,6,0,1,2,861.0
11,2.4849066497880004,2,1,4,1,3,1.3862943611198906,1,0,0,3,3,3,5,1.791759469228055,1,0,2,0,5,5,10000,9.210440366976517,1,1,0,4,0,1,1,573.0
23,3.1780538303479458,2,3,2,3,-2,1.0986122886681098,-1,1,1,3,5,8,-4,1.6094379124341003,-1,1,2,1,3,6,3937,8.278428259199071,0,1,2,3,7,1,1,3922.0
5,1.791759469228055,2,0,5,5,-5,1.791759469228055,-1,0,1,0,2,5,4,1.6094379124341003,1,1,1,4,4,4,10000,9.210440366976517,1,1,0,4,0,1,4,205.0
11,2.4849066497880004,2,1,4,1,-1,0.6931471805599453,-1,0,2,4,6,9,4,1.6094379124341003,1,1,1,4,4,4,4259,8.357024439263416,0,2,4,3,9,1,3,333.0
23,3.1780538303479458,2,3,2,3,-5,1.791759469228055,-1,0,1,0,2,5,4,1.6094379124341003,1,1,1,4,4,4,1000,6.90875477931522,1,1,0,6,0,1,2,533.0
13,2.6390573296152584,1,3,6,3,3,1.3862943611198906,1,0,0,3,3,3,-5,1.791759469228055,-1,0,1,0,2,5,10000,9.210440366976517,1,1,0,4,0,1,1,3161.0
7,2.0794415416798357,1,2,0,7,-2,1.0986122886681098,-1,1,1,3,5,8,3,1.3862943611198906,1,0,0,3,3,3,1000,6.90875477931522,1,1,0,6,0,1,1,379.0
17,2.8903717578961645,2,2,3,7,-2,1.0986122886681098,-1,1,1,3,5,8,1,0.6931471805599453,1,0,1,1,1,1,10000,9.210440366976517,1,1,0,4,0,1,4,1.0
13,2.6390573296152584,1,3,6,3,-4,1.6094379124341003,-1,1,2,1,3,6,6,1.9459101490553132,1,1,0,1,6,6,10000,9.210440366976517,1,1,0,4,0,1,1,2771.0
23,3.1780538303479458,2,3,2,3,6,1.9459101490553132,1,1,0,1,6,6,-4,1.6094379124341003,-1,1,2,1,3,6,1344,7.20414929203594,1,0,4,0,4,1,2,647.0
11,2.4849066497880004,2,1,4,1,-5,1.791759469228055,-1,0,1,0,2,5,4,1.6094379124341003,1,1,1,4,4,4,3670,8.208219383496834,1,1,0,2,0,1,1,2101.0
11,2.4849066497880004,2,1,4,1,2,1.0986122886681098,1,1,2,2,2,2,-3,1.3862943611198906,-1,0,0,2,4,7,3787,8.239593454305968,0,1,2,0,7,1,0,1472.0
19,2.995732273553991,1,4,5,9,5,1.791759469228055,1,0,2,0,5,5,-4,1.6094379124341003,-1,1,2,1,3,6,722,6.583409222158765,1,2,2,1,2,1,1,191.0
17,2.8903717578961645,2,2,3,7,-1,0.6931471805599453,-1,0,2,4,6,9,-3,1.3862943611198906,-1,0,0,2,4,7,1000,6.90875477931522,1,1,0,6,0,1,3,533.0
17,2.8903717578961645,2,2,3,7,2,1.0986122886681098,1,1,2,2,2,2,6,1.9459101490553132,1,1,0,1,6,6,10000,9.210440366976517,1,1,0,4,0,1,2,5469.0
13,2.6390573296152584,1,3,6,3,6,1.9459101490553132,1,1,0,1,6,6,0,0.0,0,1,0,0,0,0,10000,9.210440366976517,1,1,0,4,0,1,0,8803.0
13,2.6390573296152584,1,3,6,3,-3,1.3862943611198906,-1,0,0,2,4,7,-6,1.9459101490553132,-1,1,0,4,1,4,1130,7.030857476116121,1,2,0,3,0,1,1,41.0
23,3.1780538303479458,2,3,2,3,2,1.0986122886681098,1,1,2,2,2,2,3,1.3862943611198906,1,0,0,3,3,3,3623,8.19533366716287,0,2,3,4,3,1,0,3473.0
19,2.995732273553991,1,4,5,9,6,1.9459101490553132,1,1,0,1,6,6,1,0.6931471805599453,1,0,1,1,1,1,10000,9.210440366976517,1,1,0,4,0,1,3,3761.0
5,1.791759469228055,2,0,5,5,-3,1.3862943611198906,-1,0,0,2,4,7,0,0.0,0,1,0,0,0,0,10000,9.210440366976517,1,1,0,4,0,1,1,61.0
17,2.8903717578961645,2,2,3,7,6,1.9459101490553132,1,1,0,1,6,6,4,1.6094379124341003,1,1,1,4,4,4,1000,6.90875477931522,1,1,0,6,0,1,1,911.0
19,2.995732273553991,1,4,5,9,-1,0.6931471805599453,-1,0,2,4,6,9,6,1.9459101490553132,1,1,0,1,6,6,3755,8.231109840328154,0,2,0,3,5,1,3,3546.0
13,2.6390573296152584,1,3,6,3,-2,1.0986122886681098,-1,1,1,3,5,8,-2,1.0986122886681098,-1,1,1,3,5,8,4335,8.374707543119483,0,0,0,2,5,1,1,412.0
13,2.6390573296152584,1,3,6,3,4,1.6094379124341003,1,1,1,4,4,4,-6,1.9459101490553132,-1,1,0,4,1,4,1504,7.316548177182976,1,1,4,6,4,1,1,1095.0
19,2.995732273553991,1,4,5,9,-2,1.0986122886681098,-1,1,1,3,5,8,6,1.9459101490553132,1,1,0,1,6,6,4632,8.440959885416648,1,0,2,5,2,1,3,1129.0
23,3.1780538303479458,2,3,2,3,2,1.0986122886681098,1,1,2,2,2,2,-1,0.6931471805599453,-1,0,2,4,6,9,1847,7.521859252201629,0,2,2,6,7,1,3,458.0
11,2.4849066497880004,2,1,4,1,-5,1.791759469228055,-1,0,1,0,2,5,-5,1.791759469228055,-1,0,1,0,2,5,1000,6.90875477931522,1,1,0,6,0,1,3,251.0
19,2.995732273553991,1,4,5,9,-1,0.6931471805599453,-1,0,2,4,6,9,-3,1.3862943611198906,-1,0,0,2,4,7,1000,6.90875477931522,1,1,0,6,0,1,3,113.0
19,2.995732273553991,1,4,5,9,3,1.3862943611198906,1,0,0,3,3,3,-4,1.6094379124341003,-1,1,2,1,3,6,10000,9.210440366976517,1,1,0,4,0,1,1,8981.0
5,1.791759469228055,2,0,5,5,0,0.0,0,1,0,0,0,0,-6,1.9459101490553132,-1,1,0,4,1,4,1000,6.90875477931522,1,1,0,6,0,1,1,555.0
11,2.4849066497880004,2,1,4,1,-4,1.6094379124341003,-1,1,2,1,3,6,-3,1.3862943611198906,-1,0,0,2,4,7,2400,7.783640596221253,1,0,0,6,0,1,2,2341.0
17,2.8903717578961645,2,2,3,7,5,1.791759469228055,1,0,2,0,5,5,6,1.9459101490553132,1,1,0,1,6,6,10000,9.210440366976517,1,1,0,4,0,1,1,6751.0
7,2.0794415416798357,1,2,0,7,-1,0.6931471805599453,-1,0,2,4,6,9,1,0.6931471805599453,1,0,1,1,1,1,1314,7.181591944611865,1,0,4,5,4,1,5,1.0
13,2.6390573296152584,1,3,6,3,4,1.6094379124341003,1,1,1,4,4,4,0,0.0,0,1,0,0,0,0,10000,9.210440366976517,1,1,0,4,0,1,1,9621.0
17,2.8903717578961645,2,2,3,7,-6,1.9459101490553132,-1,1,0,4,1,4,5,1.791759469228055,1,0,2,0,5,5,1000,6.90875477931522,1,1,0,6,0,1,1,521.0
11,2.4849066497880004,2,1,4,1,0,0.0,0,1,0,0,0,0,6,1.9459101490553132,1,1,0,1,6,6,10000,9.210440366976517,1,1,0,4,0,1,0,8151.0
11,2.4849066497880004,2,1,4,1,5,1.791759469228055,1,0,2,0,5,5,5,1.791759469228055,1,0,2,0,5,5,10000,9.210440366976517,1,1,0,4,0,1,3,7501.0
5,1.791759469228055,2,0,5,5,2,1.0986122886681098,1,1,2,2,2,2,2,1.0986122886681098,1,1,2,2,2,2,10000,9.210440366976517,1,1,0,4,0,1,4,41.0
23,3.1780538303479458,2,3,2,3,-6,1.9459101490553132,-1,1,0,4,1,4,-3,1.3862943611198906,-1,0,0,2,4,7,10000,9.210440366976517,1,1,0,4,0,1,1,2693.0
11,2.4849066497880004,2,1,4,1,2,1.0986122886681098,1,1,2,2,2,2,3,1.3862943611198906,1,0,0,3,3,3,2543,7.841492924460013,0,2,3,2,3,1,0,2309.0
23,3.1780538303479458,2,3,2,3,5,1.791759469228055,1,0,2,0,5,5,1,0.6931471805599453,1,0,1,1,1,1,10000,9.210440366976517,1,1,0,4,0,1,4,8961.0
17,2.8903717578961645,2,2,3,7,-6,1.9459101490553132,-1,1,0,4,1,4,5,1.791759469228055,1,0,2,0,5,5,10000,9.210440366976517,1,1,0,4,0,1,1,5521.0
13,2.6390573296152584,1,3,6,3,0,0.0,0,1,0,0,0,0,5,1.791759469228055,1,0,2,0,5,5,1000,6.90875477931522,1,1,0,6,0,1,1,521.0
13,2.6390573296152584,1,3,6,3,-2,1.0986122886681098,-1,1,1,3,5,8,-2,1.0986122886681098,-1,1,1,3,5,8,10000,9.210440366976517,1,1,0,4,0,1,3,4257.0
13,2.6390573296152584,1,3,6,3,6,1.9459101490553132,1,1,0,1,6,6,4,1.6094379124341003,1,1,1,4,4,4,10000,9.210440366976517,1,1,0,4,0,1,1,2191.0
5,1.791759469228055,2,0,5,5,-1,0.6931471805599453,-1,0,2,4,6,9,-5,1.791759469228055,-1,0,1,0,2,5,1000,6.90875477931522,1,1,0,6,0,1,6,991.0
7,2.0794415416798357,1,2,0,7,-6,1.9459101490553132,-1,1,0,4,1,4,6,1.9459101490553132,1,1,0,1,6,6,3489,8.157657015196472,0,0,4,3,9,1,1,1198.0
17,2.8903717578961645,2,2,3,7,-6,1.9459101490553132,-1,1,0,4,1,4,-4,1.6094379124341003,-1,1,2,1,3,6,4000,8.294299608857235,1,1,0,3,0,1,1,1291.0
19,2.995732273553991,1,4,5,9,-1,0.6931471805599453,-1,0,2,4,6,9,-3,1.3862943611198906,-1,0,0,2,4,7,4022,8.299783171949787,1,2,2,4,2,1,3,3419.0
7,2.0794415416798357,1,2,0,7,-2,1.0986122886681098,-1,1,1,3,5,8,1,0.6931471805599453,1,0,1,1,1,1,3548,8.174421152646497,1,2,3,6,8,1,4,1.0
5,1.791759469228055,2,0,5,5,-1,0.6931471805599453,-1,0,2,4,6,9,2,1.0986122886681098,1,1,2,2,2,2,10000,9.210440366976517,1,1,0,4,0,1,5,11.0
19,2.995732273553991,1,4,5,9,5,1.791759469228055,1,0,2,0,5,5,0,0.0,0,1,0,0,0,0,3958,8.28374674710613,1,1,3,3,8,1,0,3137.0
19,2.995732273553991,1,4,5,9,1,0.6931471805599453,1,0,1,1,1,1,-3,1.3862943611198906,-1,0,0,2,4,7,10000,9.210440366976517,1,1,0,4,0,1,3,5273.0
7,2.0794415416798357,1,2,0,7,-4,1.6094379124341003,-1,1,2,1,3,6,4,1.6094379124341003,1,1,1,4,4,4,1000,6.90875477931522,1,1,0,6,0,1,3,849.0
7,2.0794415416798357,1,2,0,7,-3,1.3862943611198906,-1,0,0,2,4,7,-3,1.3862943611198906,-1,0,0,2,4,7,3851,8.256347772918016,0,2,1,1,1,1,1,1371.0
19,2.995732273553991,1,4,5,9,-5,1.791759469228055,-1,0,1,0,2,5,-1,0.6931471805599453,-1,0,2,4,6,9,1454,7.282761179605593,1,2,4,5,4,1,3,755.0
23,3.1780538303479458,2,3,2,3,1,0.6931471805599453,1,0,1,1,1,1,-3,1.3862943611198906,-1,0,0,2,4,7,999,6.907755278982137,0,0,4,5,9,1,4,875.0
17,2.8903717578961645,2,2,3,7,-2,1.0986122886681098,-1,1,1,3,5,8,-6,1.9459101490553132,-1,1,0,4,1,4,1000,6.90875477931522,1,1,0,6,0,1,2,741.0
11,2.4849066497880004,2,1,4,1,0,0.0,0,1,0,0,0,0,0,0.0,0,1,0,0,0,0,10000,9.210440366976517,1,1,0,4,0,1,0,1.0
17,2.8903717578961645,2,2,3,7,5,1.791759469228055,1,0,2,0,5,5,6,1.9459101490553132,1,1,0,1,6,6,2956,7.9919305198524775,1,1,1,2,6,1,0,771.0
7,2.0794415416798357,1,2,0,7,-1,0.6931471805599453,-1,0,2,4,6,9,5,1.791759469228055,1,0,2,0,5,5,1000,6.90875477931522,1,1,0,6,0,1,4,81.0
5,1.791759469228055,2,0,5,5,-2,1.0986122886681098,-1,1,1,3,5,8,5,1.791759469228055,1,0,2,0,5,5,10000,9.210440366976517,1,1,0,4,0,1,4,401.0
7,2.0794415416798357,1,2,0,7,3,1.3862943611198906,1,0,0,3,3,3,6,1.9459101490553132,1,1,0,1,6,6,1000,6.90875477931522,1,1,0,6,0,1,1,721.0
11,2.4849066497880004,2,1,4,1,4,1.6094379124341003,1,1,1,4,4,4,2,1.0986122886681098,1,1,2,2,2,2,1000,6.90875477931522,1,1,0,6,0,1,3,799.0
23,3.1780538303479458,2,3,2,3,3,1.3862943611198906,1,0,0,3,3,3,0,0.0,0,1,0,0,0,0,10000,9.210440366976517,1,1,0,4,0,1,0,9413.0
19,2.995732273553991,1,4,5,9,-1,0.6931471805599453,-1,0,2,4,6,9,1,0.6931471805599453,1,0,1,1,1,1,10000,9.210440366976517,1,1,0,4,0,1,5,1.0
19,2.995732273553991,1,4,5,9,0,0.0,0,1,0,0,0,0,0,0.0,0,1,0,0,0,0,1000,6.90875477931522,1,1,0,6,0,1,0,1.0
17,2.8903717578961645,2,2,3,7,-6,1.9459101490553132,-1,1,0,4,1,4,-5,1.791759469228055,-1,0,1,0,2,5,1000,6.90875477931522,1,1,0,6,0,1,1,961.0
23,3.1780538303479458,2,3,2,3,6,1.9459101490553132,1,1,0,1,6,6,0,0.0,0,1,0,0,0,0,4263,8.357962965845681,0,0,3,0,3,1,0,3403.0
11,2.4849066497880004,2,1,4,1,5,1.791759469228055,1,0,2,0,5,5,0,0.0,0,1,0,0,0,0,10000,9.210440366976517,1,1,0,4,0,1,1,7031.0
17,2.8903717578961645,2,2,3,7,-1,0.6931471805599453,-1,0,2,4,6,9,6,1.9459101490553132,1,1,0,1,6,6,4777,8.471777327885755,0,1,2,3,7,1,4,902.0
19,2.995732273553991,1,4,5,9,1,0.6931471805599453,1,0,1,1,1,1,3,1.3862943611198906,1,0,0,3,3,3,10000,9.210440366976517,1,1,0,4,0,1,3,5517.0
17,2.8903717578961645,2,2,3,7,-4,1.6094379124341003,-1,1,2,1,3,6,2,1.0986122886681098,1,1,2,2,2,2,1000,6.90875477931522,1,1,0,6,0,1,3,87.0
5,1.791759469228055,2,0,5,5,-5,1.791759469228055,-1,0,1,0,2,5,0,0.0,0,1,0,0,0,0,2542,7.841099765422119,1,1,2,1,2,1,1,521.0
13,2.6390573296152584,1,3,6,3,3,1.3862943611198906,1,0,0,3,3,3,0,0.0,0,1,0,0,0,0,4817,8.480114183174816,0,2,2,1,7,1,0,2356.0
11,2.4849066497880004,2,1,4,1,4,1.6094379124341003,1,1,1,4,4,4,2,1.0986122886681098,1,1,2,2,2,2,10000,9.210440366976517,1,1,0,4,0,1,3,2799.0
13,2.6390573296152584,1,3,6,3,-3,1.3862943611198906,-1,0,0,2,4,7,-2,1.0986122886681098,-1,1,1,3,5,8,4639,8.442469645220301,0,1,4,5,9,1,0,701.0
19,2.995732273553991,1,4,5,9,-6,1.9459101490553132,-1,1,0,4,1,4,-5,1.791759469228055,-1,0,1,0,2,5,1000,6.90875477931522,1,1,0,6,0,1,1,171.0
19,2.995732273553991,1,4,5,9,-5,1.791759469228055,-1,0,1,0,2,5,4,1.6094379124341003,1,1,1,4,4,4,4091,8.316789127071518,0,2,1,3,1,1,0,3373.0
13,2.6390573296152584,1,3,6,3,0,0.0,0,1,0,0,0,0,-2,1.0986122886681098,-1,1,1,3,5,8,1000,6.90875477931522,1,1,0,6,0,1,1,191.0
7,2.0794415416798357,1,2,0,7,5,1.791759469228055,1,0,2,0,5,5,-3,1.3862943611198906,-1,0,0,2,4,7,4778,8.471986598578159,1,2,3,4,8,1,0,4121.0
23,3.1780538303479458,2,3,2,3,6,1.9459101490553132,1,1,0,1,6,6,-1,0.6931471805599453,-1,0,2,4,6,9,2952,7.990576881743923,1,0,2,5,2,1,4,2831.0
13,2.6390573296152584,1,3,6,3,6,1.9459101490553132,1,1,0,1,6,6,-3,1.3862943611198906,-1,0,0,2,4,7,2140,7.669028288589683,1,1,0,5,0,1,1,497.0
17,2.8903717578961645,2,2,3,7,1,0.6931471805599453,1,0,1,1,1,1,2,1.0986122886681098,1,1,2,2,2,2,1000,6.90875477931522,1,1,0,6,0,1,4,587.0
11,2.4849066497880004,2,1,4,1,6,1.9459101490553132,1,1,0,1,6,6,-6,1.9459101490553132,-1,1,0,4,1,4,10000,9.210440366976517,1,1,0,4,0,1,1,3709.0
19,2.995732273553991,1,4,5,9,-1,0.6931471805599453,-1,0,2,4,6,9,0,0.0,0,1,0,0,0,0,10000,9.210440366976517,1,1,0,4,0,1,2,1.0
11,2.4849066497880004,2,1,4,1,-6,1.9459101490553132,-1,1,0,4,1,4,0,0.0,0,1,0,0,0,0,1138,7.037905963447182,1,1,3,4,8,1,0,217.0
17,2.8903717578961645,2,2,3,7,-1,0.6931471805599453,-1,0,2,4,6,9,6,1.9459101490553132,1,1,0,1,6,6,10000,9.210440366976517,1,1,0,4,0,1,3,4931.0
7,2.0794415416798357,1,2,0,7,1,0.6931471805599453,1,0,1,1,1,1,-5,1.791759469228055,-1,0,1,0,2,5,1000,6.90875477931522,1,1,0,6,0,1,4,877.0
13,2.6390573296152584,1,3,6,3,-2,1.0986122886681098,-1,1,1,3,5,8,-2,1.0986122886681098,-1,1,1,3,5,8,1000,6.90875477931522,1,1,0,6,0,1,3,257.0
17,2.8903717578961645,2,2,3,7,3,1.3862943611198906,1,0,0,3,3,3,4,1.6094379124341003,1,1,1,4,4,4,2048,7.6251071482389,1,2,3,4,8,1,1,1005.0
17,2.8903717578961645,2,2,3,7,-3,1.3862943611198906,-1,0,0,2,4,7,6,1.9459101490553132,1,1,0,1,6,6,2800,7.937731775260109,1,1,0,0,0,1,1,239.0
5,1.791759469228055,2,0,5,5,0,0.0,0,1,0,0,0,0,6,1.9459101490553132,1,1,0,1,6,6,1000,6.90875477931522,1,1,0,6,0,1,1,111.0
11,2.4849066497880004,2,1,4,1,-3,1.3862943611198906,-1,0,0,2,4,7,-2,1.0986122886681098,-1,1,1,3,5,8,10000,9.210440366976517,1,1,0,4,0,1,1,3771.0
5,1.791759469228055,2,0,5,5,1,0.6931471805599453,1,0,1,1,1,1,2,1.0986122886681098,1,1,2,2,2,2,1000,6.90875477931522,1,1,0,6,0,1,5,11.0
7,2.0794415416798357,1,2,0,7,-4,1.6094379124341003,-1,1,2,1,3,6,6,1.9459101490553132,1,1,0,1,6,6,1000,6.90875477931522,1,1,0,6,0,1,1,411.0
17,2.8903717578961645,2,2,3,7,3,1.3862943611198906,1,0,0,3,3,3,-6,1.9459101490553132,-1,1,0,4,1,4,2169,7.682482446534506,0,0,4,6,9,1,2,1270.0
13,2.6390573296152584,1,3,6,3,-6,1.9459101490553132,-1,1,0,4,1,4,-3,1.3862943611198906,-1,0,0,2,4,7,10000,9.210440366976517,1,1,0,4,0,1,1,8633.0
7,2.0794415416798357,1,2,0,7,-6,1.9459101490553132,-1,1,0,4,1,4,2,1.0986122886681098,1,1,2,2,2,2,4574,8.428361977709622,1,2,4,3,4,1,2,2033.0
5,1.791759469228055,2,0,5,5,3,1.3862943611198906,1,0,0,3,3,3,-2,1.0986122886681098,-1,1,1,3,5,8,10000,9.210440366976517,1,1,0,4,0,1,2,151.0
23,3.1780538303479458,2,3,2,3,-6,1.9459101490553132,-1,1,0,4,1,4,4,1.6094379124341003,1,1,1,4,4,4,10000,9.210440366976517,1,1,0,4,0,1,1,1219.0
13,2.6390573296152584,1,3,6,3,-5,1.791759469228055,-1,0,1,0,2,5,-3,1.3862943611198906,-1,0,0,2,4,7,10000,9.210440366976517,1,1,0,4,0,1,1,5521.0
17,2.8903717578961645,2,2,3,7,1,0.6931471805599453,1,0,1,1,1,1,1,0.6931471805599453,1,0,1,1,1,1,3328,8.110427237575024,1,1,3,3,8,1,5,1.0
11,2.4849066497880004,2,1,4,1,-1,0.6931471805599453,-1,0,2,4,6,9,3,1.3862943611198906,1,0,0,3,3,3,10000,9.210440366976517,1,1,0,4,0,1,3,5443.0
7,2.0794415416798357,1,2,0,7,-2,1.0986122886681098,-1,1,1,3,5,8,-6,1.9459101490553132,-1,1,0,4,1,4,10000,9.210440366976517,1,1,0,4,0,1,2,469.0
7,2.0794415416798357,1,2,0,7,-5,1.791759469228055,-1,0,1,0,2,5,-4,1.6094379124341003,-1,1,2,1,3,6,10000,9.210440366976517,1,1,0,4,0,1,2,9741.0
11,2.4849066497880004,2,1,4,1,-4,1.6094379124341003,-1,1,2,1,3,6,5,1.791759469228055,1,0,2,0,5,5,10000,9.210440366976517,1,1,0,4,0,1,2,3341.0
19,2.995732273553991,1,4,5,9,-4,1.6094379124341003,-1,1,2,1,3,6,-3,1.3862943611198906,-1,0,0,2,4,7,4664,8.447843113281444,1,2,4,2,4,1,1,3917.0
11,2.4849066497880004,2,1,4,1,-3,1.3862943611198906,-1,0,0,2,4,7,6,1.9459101490553132,1,1,0,1,6,6,10000,9.210440366976517,1,1,0,4,0,1,1,6571.0
19,2.995732273553991,1,4,5,9,4,1.6094379124341003,1,1,1,4,4,4,4,1.6094379124341003,1,1,1,4,4,4,10000,9.210440366976517,1,1,0,4,0,1,3,8369.0
13,2.6390573296152584,1,3,6,3,-4,1.6094379124341003,-1,1,2,1,3,6,3,1.3862943611198906,1,0,0,3,3,3,1000,6.90875477931522,1,1,0,6,0,1,1,581.0
7,2.0794415416798357,1,2,0,7,1,0.6931471805599453,1,0,1,1,1,1,5,1.791759469228055,1,0,2,0,5,5,3187,8.067149039910106,0,1,2,2,7,1,3,2989.0
13,2.6390573296152584,1,3,6,3,6,1.9459101490553132,1,1,0,1,6,6,1,0.6931471805599453,1,0,1,1,1,1,1000,6.90875477931522,1,1,0,6,0,1,3,41.0
17,2.8903717578961645,2,2,3,7,5,1.791759469228055,1,0,2,0,5,5,5,1.791759469228055,1,0,2,0,5,5,10000,9.210440366976517,1,1,0,4,0,1,3,2501.0
19,2.995732273553991,1,4,5,9,-3,1.3862943611198906,-1,0,0,2,4,7,3,1.3862943611198906,1,0,0,3,3,3,10000,9.210440366976517,1,1,0,4,0,1,1,8917.0
13,2.6390573296152584,1,3,6,3,-6,1.9459101490553132,-1,1,0,4,1,4,0,0.0,0,1,0,0,0,0,10000,9.210440366976517,1,1,0,4,0,1,0,3431.0
7,2.0794415416798357,1,2,0,7,5,1.791759469228055,1,0,2,0,5,5,-2,1.0986122886681098,-1,1,1,3,5,8,3741,8.227375506834035,0,0,1,3,1,1,0,2842.0
11,2.4849066497880004,2,1,4,1,1,0.6931471805599453,1,0,1,1,1,1,-3,1.3862943611198906,-1,0,0,2,4,7,3122,8.046549357283078,1,2,2,0,2,1,3,2943.0
11,2.4849066497880004,2,1,4,1,-3,1.3862943611198906,-1,0,0,2,4,7,6,1.9459101490553132,1,1,0,1,6,6,4108,8.32093496888341,1,1,3,6,8,1,1,2931.0
23,3.1780538303479458,2,3,2,3,5,1.791759469228055,1,0,2,0,5,5,2,1.0986122886681098,1,1,2,2,2,2,2610,7.8674885686991285,1,0,0,6,0,1,2,2363.0
13,2.6390573296152584,1,3,6,3,-6,1.9459101490553132,-1,1,0,4,1,4,5,1.791759469228055,1,0,2,0,5,5,1000,6.90875477931522,1,1,0,6,0,1,1,521.0
5,1.791759469228055,2,0,5,5,3,1.3862943611198906,1,0,0,3,3,3,-1,0.6931471805599453,-1,0,2,4,6,9,1000,6.90875477931522,1,1,0,6,0,1,4,131.0
13,2.6390573296152584,1,3,6,3,5,1.791759469228055,1,0,2,0,5,5,-2,1.0986122886681098,-1,1,1,3,5,8,10000,9.210440366976517,1,1,0,4,0,1,2,3871.0
17,2.8903717578961645,2,2,3,7,2,1.0986122886681098,1,1,2,2,2,2,4,1.6094379124341003,1,1,1,4,4,4,10000,9.210440366976517,1,1,0,4,0,1,3,9371.0
23,3.1780538303479458,2,3,2,3,-3,1.3862943611198906,-1,0,0,2,4,7,-2,1.0986122886681098,-1,1,1,3,5,8,1149,7.047517221357296,0,0,4,1,9,1,1,526.0
23,3.1780538303479458,2,3,2,3,-4,1.6094379124341003,-1,1,2,1,3,6,-4,1.6094379124341003,-1,1,2,1,3,6,10000,9.210440366976517,1,1,0,4,0,1,3,9761.0
11,2.4849066497880004,2,1,4,1,1,0.6931471805599453,1,0,1,1,1,1,5,1.791759469228055,1,0,2,0,5,5,10000,9.210440366976517,1,1,0,4,0,1,4,7341.0
19,2.995732273553991,1,4,5,9,5,1.791759469228055,1,0,2,0,5,5,-3,1.3862943611198906,-1,0,0,2,4,7,10000,9.210440366976517,1,1,0,4,0,1,1,193.0
13,2.6390573296152584,1,3,6,3,4,1.6094379124341003,1,1,1,4,4,4,5,1.791759469228055,1,0,2,0,5,5,2722,7.909489492673759,1,1,2,6,2,1,0,1809.0
19,2.995732273553991,1,4,5,9,1,0.6931471805599453,1,0,1,1,1,1,-6,1.9459101490553132,-1,1,0,4,1,4,2063,7.6324011266014535,0,2,3,5,3,1,3,1416.0
23,3.1780538303479458,2,3,2,3,5,1.791759469228055,1,0,2,0,5,5,6,1.9459101490553132,1,1,0,1,6,6,10000,9.210440366976517,1,1,0,4,0,1,1,7691.0
23,3.1780538303479458,2,3,2,3,-1,0.6931471805599453,-1,0,2,4,6,9,3,1.3862943611198906,1,0,0,3,3,3,10000,9.210440366976517,1,1,0,4,0,1,3,2139.0
19,2.995732273553991,1,4,5,9,0,0.0,0,1,0,0,0,0,0,0.0,0,1,0,0,0,0,1287,7.160845906664299,0,0,2,6,7,1,0,1.0
19,2.995732273553991,1,4,5,9,0,0.0,0,1,0,0,0,0,5,1.791759469228055,1,0,2,0,5,5,10000,9.210440366976517,1,1,0,4,0,1,1,8021.0
13,2.6390573296152584,1,3,6,3,4,1.6094379124341003,1,1,1,4,4,4,4,1.6094379124341003,1,1,1,4,4,4,3132,8.049746290952191,1,0,2,3,2,1,3,1909.0
11,2.4849066497880004,2,1,4,1,5,1.791759469228055,1,0,2,0,5,5,-5,1.791759469228055,-1,0,1,0,2,5,10000,9.210440366976517,1,1,0,4,0,1,3,3611.0
13,2.6390573296152584,1,3,6,3,3,1.3862943611198906,1,0,0,3,3,3,3,1.3862943611198906,1,0,0,3,3,3,3092,8.03689677268507,1,2,2,5,2,1,1,2849.0
5,1.791759469228055,2,0,5,5,3,1.3862943611198906,1,0,0,3,3,3,5,1.791759469228055,1,0,2,0,5,5,10000,9.210440366976517,1,1,0,4,0,1,3,1061.0
5,1.791759469228055,2,0,5,5,-2,1.0986122886681098,-1,1,1,3,5,8,1,0.6931471805599453,1,0,1,1,1,1,10000,9.210440366976517,1,1,0,4,0,1,5,1.0
11,2.4849066497880004,2,1,4,1,-6,1.9459101490553132,-1,1,0,4,1,4,4,1.6094379124341003,1,1,1,4,4,4,3172,8.062432791583195,1,1,2,1,2,1,1,2291.0
5,1.791759469228055,2,0,5,5,-3,1.3862943611198906,-1,0,0,2,4,7,5,1.791759469228055,1,0,2,0,5,5,10000,9.210440366976517,1,1,0,4,0,1,3,341.0
23,3.1780538303479458,2,3,2,3,-1,0.6931471805599453,-1,0,2,4,6,9,0,0.0,0,1,0,0,0,0,1000,6.90875477931522,1,1,0,6,0,1,2,1.0
17,2.8903717578961645,2,2,3,7,-6,1.9459101490553132,-1,1,0,4,1,4,-5,1.791759469228055,-1,0,1,0,2,5,10000,9.210440366976517,1,1,0,4,0,1,1,2961.0
17,2.8903717578961645,2,2,3,7,2,1.0986122886681098,1,1,2,2,2,2,-3,1.3862943611198906,-1,0,0,2,4,7,1859,7.528331766707247,0,2,4,4,9,1,0,1434.0
7,2.0794415416798357,1,2,0,7,1,0.6931471805599453,1,0,1,1,1,1,-6,1.9459101490553132,-1,1,0,4,1,4,3512,8.164225652265827,1,2,2,5,2,1,3,1343.0
5,1.791759469228055,2,0,5,5,0,0.0,0,1,0,0,0,0,4,1.6094379124341003,1,1,1,4,4,4,4666,8.448271745949816,1,1,1,4,6,1,0,205.0
13,2.6390573296152584,1,3,6,3,0,0.0,0,1,0,0,0,0,-4,1.6094379124341003,-1,1,2,1,3,6,889,6.7912214627261855,0,1,4,0,9,1,0,603.0
17,2.8903717578961645,2,2,3,7,3,1.3862943611198906,1,0,0,3,3,3,-1,0.6931471805599453,-1,0,2,4,6,9,1000,6.90875477931522,1,1,0,6,0,1,3,491.0
23,3.1780538303479458,2,3,2,3,-6,1.9459101490553132,-1,1,0,4,1,4,1,0.6931471805599453,1,0,1,1,1,1,10000,9.210440366976517,1,1,0,4,0,1,3,9761.0
11,2.4849066497880004,2,1,4,1,-2,1.0986122886681098,-1,1,1,3,5,8,-4,1.6094379124341003,-1,1,2,1,3,6,1531,7.3343293503005365,0,1,1,5,1,1,1,588.0
5,1.791759469228055,2,0,5,5,-1,0.6931471805599453,-1,0,2,4,6,9,1,0.6931471805599453,1,0,1,1,1,1,10000,9.210440366976517,1,1,0,4,0,1,6,1.0
19,2.995732273553991,1,4,5,9,3,1.3862943611198906,1,0,0,3,3,3,-5,1.791759469228055,-1,0,1,0,2,5,983,6.891625897052253,0,2,3,3,3,1,0,931.0
5,1.791759469228055,2,0,5,5,6,1.9459101490553132,1,1,0,1,6,6,2,1.0986122886681098,1,1,2,2,2,2,2778,7.929846429742503,1,0,3,6,8,1,3,1901.0
19,2.995732273553991,1,4,5,9,-6,1.9459101490553132,-1,1,0,4,1,4,-5,1.791759469228055,-1,0,1,0,2,5,10000,9.210440366976517,1,1,0,4,0,1,1,6171.0
7,2.0794415416798357,1,2,0,7,3,1.3862943611198906,1,0,0,3,3,3,1,0.6931471805599453,1,0,1,1,1,1,1000,6.90875477931522,1,1,0,6,0,1,3,841.0
11,2.4849066497880004,2,1,4,1,3,1.3862943611198906,1,0,0,3,3,3,1,0.6931471805599453,1,0,1,1,1,1,3997,8.293549515060345,0,1,2,0,7,1,3,3628.0
5,1.791759469228055,2,0,5,5,5,1.791759469228055,1,0,2,0,5,5,-3,1.3862943611198906,-1,0,0,2,4,7,10000,9.210440366976517,1,1,0,4,0,1,3,781.0
19,2.995732273553991,1,4,5,9,-4,1.6094379124341003,-1,1,2,1,3,6,-6,1.9459101490553132,-1,1,0,4,1,4,1149,7.047517221357296,0,0,4,1,9,1,0,466.0
17,2.8903717578961645,2,2,3,7,2,1.0986122886681098,1,1,2,2,2,2,5,1.791759469228055,1,0,2,0,5,5,10000,9.210440366976517,1,1,0,4,0,1,2,6721.0
23,3.1780538303479458,2,3,2,3,-1,0.6931471805599453,-1,0,2,4,6,9,-1,0.6931471805599453,-1,0,2,4,6,9,1000,6.90875477931522,1,1,0,6,0,1,5,79.0
11,2.4849066497880004,2,1,4,1,2,1.0986122886681098,1,1,2,2,2,2,4,1.6094379124341003,1,1,1,4,4,4,1000,6.90875477931522,1,1,0,6,0,1,3,419.0
23,3.1780538303479458,2,3,2,3,-3,1.3862943611198906,-1,0,0,2,4,7,-5,1.791759469228055,-1,0,1,0,2,5,811,6.699500340161678,0,1,1,6,1,1,0,158.0
19,2.995732273553991,1,4,5,9,-4,1.6094379124341003,-1,1,2,1,3,6,6,1.9459101490553132,1,1,0,1,6,6,1000,6.90875477931522,1,1,0,6,0,1,1,331.0
17,2.8903717578961645,2,2,3,7,4,1.6094379124341003,1,1,1,4,4,4,-4,1.6094379124341003,-1,1,2,1,3,6,10000,9.210440366976517,1,1,0,4,0,1,3,601.0
11,2.4849066497880004,2,1,4,1,-5,1.791759469228055,-1,0,1,0,2,5,6,1.9459101490553132,1,1,0,1,6,6,10000,9.210440366976517,1,1,0,4,0,1,1,8021.0
7,2.0794415416798357,1,2,0,7,-4,1.6094379124341003,-1,1,2,1,3,6,-1,0.6931471805599453,-1,0,2,4,6,9,4620,8.438366410870266,1,0,0,0,0,1,5,1499.0
23,3.1780538303479458,2,3,2,3,2,1.0986122886681098,1,1,2,2,2,2,0,0.0,0,1,0,0,0,0,4402,8.390041405755754,1,1,2,6,2,1,1,2797.0
5,1.791759469228055,2,0,5,5,-5,1.791759469228055,-1,0,1,0,2,5,-1,0.6931471805599453,-1,0,2,4,6,9,4861,8.48920515487607,0,1,1,3,1,1,4,755.0
13,2.6390573296152584,1,3,6,3,-6,1.9459101490553132,-1,1,0,4,1,4,-5,1.791759469228055,-1,0,1,0,2,5,10000,9.210440366976517,1,1,0,4,0,1,1,5641.0
7,2.0794415416798357,1,2,0,7,-6,1.9459101490553132,-1,1,0,4,1,4,-4,1.6094379124341003,-1,1,2,1,3,6,10000,9.210440366976517,1,1,0,4,0,1,1,7451.0
5,1.791759469228055,2,0,5,5,4,1.6094379124341003,1,1,1,4,4,4,-4,1.6094379124341003,-1,1,2,1,3,6,10000,9.210440366976517,1,1,0,4,0,1,4,521.0
13,2.6390573296152584,1,3,6,3,0,0.0,0,1,0,0,0,0,4,1.6094379124341003,1,1,1,4,4,4,1000,6.90875477931522,1,1,0,6,0,1,1,773.0
19,2.995732273553991,1,4,5,9,3,1.3862943611198906,1,0,0,3,3,3,-1,0.6931471805599453,-1,0,2,4,6,9,10000,9.210440366976517,1,1,0,4,0,1,3,2189.0
23,3.1780538303479458,2,3,2,3,-1,0.6931471805599453,-1,0,2,4,6,9,-3,1.3862943611198906,-1,0,0,2,4,7,1000,6.90875477931522,1,1,0,6,0,1,3,333.0
5,1.791759469228055,2,0,5,5,6,1.9459101490553132,1,1,0,1,6,6,3,1.3862943611198906,1,0,0,3,3,3,1000,6.90875477931522,1,1,0,6,0,1,2,281.0
23,3.1780538303479458,2,3,2,3,0,0.0,0,1,0,0,0,0,6,1.9459101490553132,1,1,0,1,6,6,10000,9.210440366976517,1,1,0,4,0,1,0,1831.0
19,2.995732273553991,1,4,5,9,-3,1.3862943611198906,-1,0,0,2,4,7,-2,1.0986122886681098,-1,1,1,3,5,8,1297,7.168579897264035,0,1,2,2,7,1,0,571.0
23,3.1780538303479458,2,3,2,3,2,1.0986122886681098,1,1,2,2,2,2,-1,0.6931471805599453,-1,0,2,4,6,9,1000,6.90875477931522,1,1,0,6,0,1,4,39.0
13,2.6390573296152584,1,3,6,3,-6,1.9459101490553132,-1,1,0,4,1,4,-3,1.3862943611198906,-1,0,0,2,4,7,1000,6.90875477931522,1,1,0,6,0,1,1,633.0
13,2.6390573296152584,1,3,6,3,2,1.0986122886681098,1,1,2,2,2,2,4,1.6094379124341003,1,1,1,4,4,4,1243,7.126087273299125,0,1,3,4,3,1,1,349.0
19,2.995732273553991,1,4,5,9,-6,1.9459101490553132,-1,1,0,4,1,4,4,1.6094379124341003,1,1,1,4,4,4,1000,6.90875477931522,1,1,0,6,0,1,1,19.0
17,2.8903717578961645,2,2,3,7,5,1.791759469228055,1,0,2,0,5,5,-5,1.791759469228055,-1,0,1,0,2,5,3605,8.190354403763262,0,2,0,0,5,1,3,1901.0
5,1.791759469228055,2,0,5,5,-3,1.3862943611198906,-1,0,0,2,4,7,-3,1.3862943611198906,-1,0,0,2,4,7,10000,9.210440366976517,1,1,0,4,0,1,2,541.0
13,2.6390573296152584,1,3,6,3,-5,1.791759469228055,-1,0,1,0,2,5,5,1.791759469228055,1,0,2,0,5,5,590,6.3818160174060985,1,2,0,2,0,1,3,381.0
23,3.1780538303479458,2,3,2,3,-6,1.9459101490553132,-1,1,0,4,1,4,2,1.0986122886681098,1,1,2,2,2,2,10000,9.210440366976517,1,1,0,4,0,1,2,5113.0
7,2.0794415416798357,1,2,0,7,-3,1.3862943611198906,-1,0,0,2,4,7,2,1.0986122886681098,1,1,2,2,2,2,1000,6.90875477931522,1,1,0,6,0,1,1,43.0
23,3.1780538303479458,2,3,2,3,-1,0.6931471805599453,-1,0,2,4,6,9,2,1.0986122886681098,1,1,2,2,2,2,1000,6.90875477931522,1,1,0,6,0,1,4,853.0
11,2.4849066497880004,2,1,4,1,1,0.6931471805599453,1,0,1,1,1,1,2,1.0986122886681098,1,1,2,2,2,2,1000,6.90875477931522,1,1,0,6,0,1,4,991.0
11,2.4849066497880004,2,1,4,1,3,1.3862943611198906,1,0,0,3,3,3,5,1.791759469228055,1,0,2,0,5,5,1000,6.90875477931522,1,1,0,6,0,1,1,573.0
19,2.995732273553991,1,4,5,9,0,0.0,0,1,0,0,0,0,-5,1.791759469228055,-1,0,1,0,2,5,1000,6.90875477931522,1,1,0,6,0,1,1,31.0
5,1.791759469228055,2,0,5,5,-4,1.6094379124341003,-1,1,2,1,3,6,2,1.0986122886681098,1,1,2,2,2,2,10000,9.210440366976517,1,1,0,4,0,1,4,71.0
19,2.995732273553991,1,4,5,9,-3,1.3862943611198906,-1,0,0,2,4,7,2,1.0986122886681098,1,1,2,2,2,2,4883,8.493719835230594,0,2,3,4,3,1,1,3858.0
19,2.995732273553991,1,4,5,9,-5,1.791759469228055,-1,0,1,0,2,5,1,0.6931471805599453,1,0,1,1,1,1,1236,7.1204443723924875,1,0,1,4,6,1,3,1225.0
23,3.1780538303479458,2,3,2,3,-5,1.791759469228055,-1,0,1,0,2,5,-4,1.6094379124341003,-1,1,2,1,3,6,10000,9.210440366976517,1,1,0,4,0,1,2,2461.0
5,1.791759469228055,2,0,5,5,-6,1.9459101490553132,-1,1,0,4,1,4,3,1.3862943611198906,1,0,0,3,3,3,3783,8.238536930171769,0,0,3,3,3,1,2,505.0
17,2.8903717578961645,2,2,3,7,6,1.9459101490553132,1,1,0,1,6,6,-1,0.6931471805599453,-1,0,2,4,6,9,4639,8.442469645220301,0,1,4,5,9,1,3,1279.0
23,3.1780538303479458,2,3,2,3,-5,1.791759469228055,-1,0,1,0,2,5,0,0.0,0,1,0,0,0,0,3638,8.19946419761216,1,2,3,5,8,1,0,2685.0
7,2.0794415416798357,1,2,0,7,-5,1.791759469228055,-1,0,1,0,2,5,-1,0.6931471805599453,-1,0,2,4,6,9,1000,6.90875477931522,1,1,0,6,0,1,4,357.0
19,2.995732273553991,1,4,5,9,6,1.9459101490553132,1,1,0,1,6,6,1,0.6931471805599453,1,0,1,1,1,1,2634,7.876638460975463,1,0,4,2,4,1,4,1153.0
11,2.4849066497880004,2,1,4,1,6,1.9459101490553132,1,1,0,1,6,6,6,1.9459101490553132,1,1,0,1,6,6,10000,9.210440366976517,1,1,0,4,0,1,1,6481.0
13,2.6390573296152584,1,3,6,3,-2,1.0986122886681098,-1,1,1,3,5,8,0,0.0,0,1,0,0,0,0,1000,6.90875477931522,1,1,0,6,0,1,1,731.0
19,2.995732273553991,1,4,5,9,-2,1.0986122886681098,-1,1,1,3,5,8,-4,1.6094379124341003,-1,1,2,1,3,6,10000,9.210440366976517,1,1,0,4,0,1,3,8431.0
19,2.995732273553991,1,4,5,9,-1,0.6931471805599453,-1,0,2,4,6,9,3,1.3862943611198906,1,0,0,3,3,3,4511,8.414495793177895,0,2,1,3,1,1,3,425.0
11,2.4849066497880004,2,1,4,1,5,1.791759469228055,1,0,2,0,5,5,-1,0.6931471805599453,-1,0,2,4,6,9,1000,6.90875477931522,1,1,0,6,0,1,4,511.0
17,2.8903717578961645,2,2,3,7,4,1.6094379124341003,1,1,1,4,4,4,4,1.6094379124341003,1,1,1,4,4,4,3172,8.062432791583195,1,1,2,1,2,1,3,1117.0
7,2.0794415416798357,1,2,0,7,-2,1.0986122886681098,-1,1,1,3,5,8,4,1.6094379124341003,1,1,1,4,4,4,551,6.313548046277095,0,2,1,5,1,1,1,155.0
17,2.8903717578961645,2,2,3,7,5,1.791759469228055,1,0,2,0,5,5,-3,1.3862943611198906,-1,0,0,2,4,7,2789,7.933796874815411,0,2,4,3,9,1,0,1317.0
11,2.4849066497880004,2,1,4,1,-1,0.6931471805599453,-1,0,2,4,6,9,3,1.3862943611198906,1,0,0,3,3,3,2892,7.970049304976135,1,0,2,1,2,1,4,739.0
5,1.791759469228055,2,0,5,5,4,1.6094379124341003,1,1,1,4,4,4,-1,0.6931471805599453,-1,0,2,4,6,9,1000,6.90875477931522,1,1,0,6,0,1,5,341.0
19,2.995732273553991,1,4,5,9,0,0.0,0,1,0,0,0,0,4,1.6094379124341003,1,1,1,4,4,4,10000,9.210440366976517,1,1,0,4,0,1,1,1389.0
17,2.8903717578961645,2,2,3,7,-5,1.791759469228055,-1,0,1,0,2,5,3,1.3862943611198906,1,0,0,3,3,3,1000,6.90875477931522,1,1,0,6,0,1,1,511.0
23,3.1780538303479458,2,3,2,3,3,1.3862943611198906,1,0,0,3,3,3,-4,1.6094379124341003,-1,1,2,1,3,6,10000,9.210440366976517,1,1,0,4,0,1,1,9221.0
11,2.4849066497880004,2,1,4,1,6,1.9459101490553132,1,1,0,1,6,6,2,1.0986122886681098,1,1,2,2,2,2,10000,9.210440366976517,1,1,0,4,0,1,2,7461.0
11,2.4849066497880004,2,1,4,1,0,0.0,0,1,0,0,0,0,5,1.791759469228055,1,0,2,0,5,5,10000,9.210440366976517,1,1,0,4,0,1,1,8021.0
5,1.791759469228055,2,0,5,5,-5,1.791759469228055,-1,0,1,0,2,5,-2,1.0986122886681098,-1,1,1,3,5,8,10000,9.210440366976517,1,1,0,4,0,1,4,1111.0
5,1.791759469228055,2,0,5,5,2,1.0986122886681098,1,1,2,2,2,2,0,0.0,0,1,0,0,0,0,1000,6.90875477931522,1,1,0,6,0,1,2,31.0
23,3.1780538303479458,2,3,2,3,1,0.6931471805599453,1,0,1,1,1,1,-4,1.6094379124341003,-1,1,2,1,3,6,4563,8.425954710981966,0,0,3,6,3,1,3,2486.0
23,3.1780538303479458,2,3,2,3,6,1.9459101490553132,1,1,0,1,6,6,6,1.9459101490553132,1,1,0,1,6,6,2376,7.773594467360194,1,0,1,3,6,1,3,1297.0
17,2.8903717578961645,2,2,3,7,4,1.6094379124341003,1,1,1,4,4,4,-5,1.791759469228055,-1,0,1,0,2,5,3033,8.017637159908478,0,0,3,2,3,1,0,2626.0
17,2.8903717578961645,2,2,3,7,-2,1.0986122886681098,-1,1,1,3,5,8,-2,1.0986122886681098,-1,1,1,3,5,8,10000,9.210440366976517,1,1,0,4,0,1,3,337.0
5,1.791759469228055,2,0,5,5,1,0.6931471805599453,1,0,1,1,1,1,-2,1.0986122886681098,-1,1,1,3,5,8,2416,7.790282380703483,1,1,1,1,6,1,4,31.0
19,2.995732273553991,1,4,5,9,-6,1.9459101490553132,-1,1,0,4,1,4,5,1.791759469228055,1,0,2,0,5,5,4692,8.453827315794417,1,0,2,2,2,1,1,2401.0
5,1.791759469228055,2,0,5,5,-2,1.0986122886681098,-1,1,1,3,5,8,-2,1.0986122886681098,-1,1,1,3,5,8,1000,6.90875477931522,1,1,0,6,0,1,4,121.0
13,2.6390573296152584,1,3,6,3,4,1.6094379124341003,1,1,1,4,4,4,5,1.791759469228055,1,0,2,0,5,5,4003,8.295049140435111,0,1,3,6,3,1,0,366.0
17,2.8903717578961645,2,2,3,7,-1,0.6931471805599453,-1,0,2,4,6,9,-4,1.6094379124341003,-1,1,2,1,3,6,4731,8.462103225098277,0,0,1,6,1,1,3,4612.0
7,2.0794415416798357,1,2,0,7,2,1.0986122886681098,1,1,2,2,2,2,-3,1.3862943611198906,-1,0,0,2,4,7,1964,7.583247524303362,1,2,4,4,4,1,1,1093.0
5,1.791759469228055,2,0,5,5,1,0.6931471805599453,1,0,1,1,1,1,-5,1.791759469228055,-1,0,1,0,2,5,1099,7.003065458786462,0,1,4,0,9,1,4,655.0
13,2.6390573296152584,1,3,6,3,5,1.791759469228055,1,0,2,0,5,5,-6,1.9459101490553132,-1,1,0,4,1,4,1312,7.180069874302796,1,1,2,3,2,1,0,595.0
19,2.995732273553991,1,4,5,9,4,1.6094379124341003,1,1,1,4,4,4,-6,1.9459101490553132,-1,1,0,4,1,4,1000,6.90875477931522,1,1,0,6,0,1,1,879.0
13,2.6390573296152584,1,3,6,3,1,0.6931471805599453,1,0,1,1,1,1,-1,0.6931471805599453,-1,0,2,4,6,9,10000,9.210440366976517,1,1,0,4,0,1,5,521.0
11,2.4849066497880004,2,1,4,1,-2,1.0986122886681098,-1,1,1,3,5,8,-6,1.9459101490553132,-1,1,0,4,1,4,4996,8.516593011344206,1,1,1,5,6,1,2,4725.0
13,2.6390573296152584,1,3,6,3,-5,1.791759469228055,-1,0,1,0,2,5,-1,0.6931471805599453,-1,0,2,4,6,9,1000,6.90875477931522,1,1,0,6,0,1,4,913.0
17,2.8903717578961645,2,2,3,7,3,1.3862943611198906,1,0,0,3,3,3,-3,1.3862943611198906,-1,0,0,2,4,7,10000,9.210440366976517,1,1,0,4,0,1,1,9837.0
13,2.6390573296152584,1,3,6,3,-1,0.6931471805599453,-1,0,2,4,6,9,-6,1.9459101490553132,-1,1,0,4,1,4,10000,9.210440366976517,1,1,0,4,0,1,3,6971.0
5,1.791759469228055,2,0,5,5,-2,1.0986122886681098,-1,1,1,3,5,8,6,1.9459101490553132,1,1,0,1,6,6,1000,6.90875477931522,1,1,0,6,0,1,3,881.0
19,2.995732273553991,1,4,5,9,-1,0.6931471805599453,-1,0,2,4,6,9,-5,1.791759469228055,-1,0,1,0,2,5,10000,9.210440366976517,1,1,0,4,0,1,4,8701.0
19,2.995732273553991,1,4,5,9,-2,1.0986122886681098,-1,1,1,3,5,8,0,0.0,0,1,0,0,0,0,10000,9.210440366976517,1,1,0,4,0,1,1,4763.0
7,2.0794415416798357,1,2,0,7,-2,1.0986122886681098,-1,1,1,3,5,8,-4,1.6094379124341003,-1,1,2,1,3,6,1000,6.90875477931522,1,1,0,6,0,1,3,671.0
11,2.4849066497880004,2,1,4,1,-2,1.0986122886681098,-1,1,1,3,5,8,1,0.6931471805599453,1,0,1,1,1,1,2508,7.827639546366422,1,0,3,2,8,1,5,1.0
19,2.995732273553991,1,4,5,9,2,1.0986122886681098,1,1,2,2,2,2,6,1.9459101490553132,1,1,0,1,6,6,1000,6.90875477931522,1,1,0,6,0,1,2,781.0
11,2.4849066497880004,2,1,4,1,6,1.9459101490553132,1,1,0,1,6,6,-3,1.3862943611198906,-1,0,0,2,4,7,10000,9.210440366976517,1,1,0,4,0,1,1,2181.0
7,2.0794415416798357,1,2,0,7,1,0.6931471805599453,1,0,1,1,1,1,-4,1.6094379124341003,-1,1,2,1,3,6,4090,8.316544717929398,1,1,0,2,0,1,3,181.0
11,2.4849066497880004,2,1,4,1,3,1.3862943611198906,1,0,0,3,3,3,1,0.6931471805599453,1,0,1,1,1,1,556,6.322565239927284,1,1,1,3,6,1,3,125.0
17,2.8903717578961645,2,2,3,7,4,1.6094379124341003,1,1,1,4,4,4,-2,1.0986122886681098,-1,1,1,3,5,8,1692,7.4342573821331355,1,0,2,5,2,1,3,895.0
7,2.0794415416798357,1,2,0,7,0,0.0,0,1,0,0,0,0,-5,1.791759469228055,-1,0,1,0,2,5,10000,9.210440366976517,1,1,0,4,0,1,1,9531.0
17,2.8903717578961645,2,2,3,7,5,1.791759469228055,1,0,2,0,5,5,0,0.0,0,1,0,0,0,0,1000,6.90875477931522,1,1,0,6,0,1,1,281.0
13,2.6390573296152584,1,3,6,3,4,1.6094379124341003,1,1,1,4,4,4,4,1.6094379124341003,1,1,1,4,4,4,10000,9.210440366976517,1,1,0,4,0,1,3,2481.0
17,2.8903717578961645,2,2,3,7,-2,1.0986122886681098,-1,1,1,3,5,8,5,1.791759469228055,1,0,2,0,5,5,1000,6.90875477931522,1,1,0,6,0,1,2,921.0
17,2.8903717578961645,2,2,3,7,4,1.6094379124341003,1,1,1,4,4,4,6,1.9459101490553132,1,1,0,1,6,6,4222,8.348301054933943,1,1,2,1,2,1,0,741.0
23,3.1780538303479458,2,3,2,3,0,0.0,0,1,0,0,0,0,4,1.6094379124341003,1,1,1,4,4,4,1000,6.90875477931522,1,1,0,6,0,1,1,533.0
17,2.8903717578961645,2,2,3,7,4,1.6094379124341003,1,1,1,4,4,4,4,1.6094379124341003,1,1,1,4,4,4,1000,6.90875477931522,1,1,0,6,0,1,3,41.0
19,2.995732273553991,1,4,5,9,2,1.0986122886681098,1,1,2,2,2,2,-5,1.791759469228055,-1,0,1,0,2,5,1000,6.90875477931522,1,1,0,6,0,1,2,67.0
17,2.8903717578961645,2,2,3,7,4,1.6094379124341003,1,1,1,4,4,4,4,1.6094379124341003,1,1,1,4,4,4,1658,7.413970290190444,1,2,3,6,8,1,1,1289.0
5,1.791759469228055,2,0,5,5,-5,1.791759469228055,-1,0,1,0,2,5,-5,1.791759469228055,-1,0,1,0,2,5,10000,9.210440366976517,1,1,0,4,0,5,6,3751.0
23,3.1780538303479458,2,3,2,3,-4,1.6094379124341003,-1,1,2,1,3,6,-4,1.6094379124341003,-1,1,2,1,3,6,1420,7.259116128097101,1,1,0,6,0,1,3,441.0
11,2.4849066497880004,2,1,4,1,-5,1.791759469228055,-1,0,1,0,2,5,5,1.791759469228055,1,0,2,0,5,5,4350,8.37816098272068,1,0,0,3,0,1,3,2191.0
7,2.0794415416798357,1,2,0,7,2,1.0986122886681098,1,1,2,2,2,2,-3,1.3862943611198906,-1,0,0,2,4,7,1000,6.90875477931522,1,1,0,6,0,1,1,93.0
23,3.1780538303479458,2,3,2,3,1,0.6931471805599453,1,0,1,1,1,1,3,1.3862943611198906,1,0,0,3,3,3,3174,8.063062911326792,1,0,4,3,4,1,5,1427.0
13,2.6390573296152584,1,3,6,3,6,1.9459101490553132,1,1,0,1,6,6,6,1.9459101490553132,1,1,0,1,6,6,10000,9.210440366976517,1,1,0,4,0,1,1,401.0
17,2.8903717578961645,2,2,3,7,5,1.791759469228055,1,0,2,0,5,5,2,1.0986122886681098,1,1,2,2,2,2,1000,6.90875477931522,1,1,0,6,0,1,2,531.0
11,2.4849066497880004,2,1,4,1,1,0.6931471805599453,1,0,1,1,1,1,-3,1.3862943611198906,-1,0,0,2,4,7,3654,8.203851372183879,1,0,4,0,4,1,4,143.0
13,2.6390573296152584,1,3,6,3,6,1.9459101490553132,1,1,0,1,6,6,-4,1.6094379124341003,-1,1,2,1,3,6,2822,7.945555428253489,1,2,2,1,2,1,0,2309.0
19,2.995732273553991,1,4,5,9,3,1.3862943611198906,1,0,0,3,3,3,-1,0.6931471805599453,-1,0,2,4,6,9,1316,7.183111701743281,1,2,1,0,6,1,3,985.0
5,1.791759469228055,2,0,5,5,1,0.6931471805599453,1,0,1,1,1,1,2,1.0986122886681098,1,1,2,2,2,2,4948,8.506940814951886,1,1,3,6,8,1,4,11.0
13,2.6390573296152584,1,3,6,3,-1,0.6931471805599453,-1,0,2,4,6,9,-3,1.3862943611198906,-1,0,0,2,4,7,1000,6.90875477931522,1,1,0,6,0,1,3,153.0
19,2.995732273553991,1,4,5,9,-2,1.0986122886681098,-1,1,1,3,5,8,6,1.9459101490553132,1,1,0,1,6,6,1000,6.90875477931522,1,1,0,6,0,1,2,121.0
11,2.4849066497880004,2,1,4,1,2,1.0986122886681098,1,1,2,2,2,2,4,1.6094379124341003,1,1,1,4,4,4,10000,9.210440366976517,1,1,0,4,0,1,3,7419.0
5,1.791759469228055,2,0,5,5,-2,1.0986122886681098,-1,1,1,3,5,8,-6,1.9459101490553132,-1,1,0,4,1,4,10000,9.210440366976517,1,1,0,4,0,1,3,2381.0
19,2.995732273553991,1,4,5,9,-4,1.6094379124341003,-1,1,2,1,3,6,-1,0.6931471805599453,-1,0,2,4,6,9,875,6.775366090936392,0,2,0,0,5,1,3,649.0
19,2.995732273553991,1,4,5,9,4,1.6094379124341003,1,1,1,4,4,4,-4,1.6094379124341003,-1,1,2,1,3,6,10000,9.210440366976517,1,1,0,4,0,1,3,5241.0
23,3.1780538303479458,2,3,2,3,-5,1.791759469228055,-1,0,1,0,2,5,6,1.9459101490553132,1,1,0,1,6,6,10000,9.210440366976517,1,1,0,4,0,1,1,7521.0
23,3.1780538303479458,2,3,2,3,5,1.791759469228055,1,0,2,0,5,5,2,1.0986122886681098,1,1,2,2,2,2,1000,6.90875477931522,1,1,0,6,0,1,2,123.0
23,3.1780538303479458,2,3,2,3,2,1.0986122886681098,1,1,2,2,2,2,6,1.9459101490553132,1,1,0,1,6,6,4304,8.367532416861831,1,2,4,6,4,1,2,749.0
13,2.6390573296152584,1,3,6,3,-5,1.791759469228055,-1,0,1,0,2,5,-5,1.791759469228055,-1,0,1,0,2,5,1000,6.90875477931522,1,1,0,6,0,1,3,1.0
5,1.791759469228055,2,0,5,5,3,1.3862943611198906,1,0,0,3,3,3,-2,1.0986122886681098,-1,1,1,3,5,8,4460,8.403128235128264,1,2,0,1,0,1,2,151.0
5,1.791759469228055,2,0,5,5,-2,1.0986122886681098,-1,1,1,3,5,8,3,1.3862943611198906,1,0,0,3,3,3,10000,9.210440366976517,1,1,0,4,0,1,2,41.0
7,2.0794415416798357,1,2,0,7,-3,1.3862943611198906,-1,0,0,2,4,7,1,0.6931471805599453,1,0,1,1,1,1,1000,6.90875477931522,1,1,0,6,0,1,3,169.0
23,3.1780538303479458,2,3,2,3,-2,1.0986122886681098,-1,1,1,3,5,8,-2,1.0986122886681098,-1,1,1,3,5,8,1000,6.90875477931522,1,1,0,6,0,1,3,177.0
17,2.8903717578961645,2,2,3,7,2,1.0986122886681098,1,1,2,2,2,2,2,1.0986122886681098,1,1,2,2,2,2,1000,6.90875477931522,1,1,0,6,0,1,3,561.0
11,2.4849066497880004,2,1,4,1,3,1.3862943611198906,1,0,0,3,3,3,-1,0.6931471805599453,-1,0,2,4,6,9,10000,9.210440366976517,1,1,0,4,0,1,3,39.0
11,2.4849066497880004,2,1,4,1,0,0.0,0,1,0,0,0,0,-2,1.0986122886681098,-1,1,1,3,5,8,10000,9.210440366976517,1,1,0,4,0,1,1,2047.0
5,1.791759469228055,2,0,5,5,6,1.9459101490553132,1,1,0,1,6,6,6,1.9459101490553132,1,1,0,1,6,6,3601,8.189244525735901,0,1,1,3,1,1,1,1800.0
23,3.1780538303479458,2,3,2,3,3,1.3862943611198906,1,0,0,3,3,3,4,1.6094379124341003,1,1,1,4,4,4,1000,6.90875477931522,1,1,0,6,0,1,1,629.0
7,2.0794415416798357,1,2,0,7,4,1.6094379124341003,1,1,1,4,4,4,-4,1.6094379124341003,-1,1,2,1,3,6,1604,7.380879035564116,1,2,4,1,4,1,3,1457.0
7,2.0794415416798357,1,2,0,7,1,0.6931471805599453,1,0,1,1,1,1,5,1.791759469228055,1,0,2,0,5,5,10000,9.210440366976517,1,1,0,4,0,1,4,5737.0
23,3.1780538303479458,2,3,2,3,-4,1.6094379124341003,-1,1,2,1,3,6,4,1.6094379124341003,1,1,1,4,4,4,2797,7.936660155225426,0,1,2,4,7,1,1,290.0
5,1.791759469228055,2,0,5,5,5,1.791759469228055,1,0,2,0,5,5,-5,1.791759469228055,-1,0,1,0,2,5,10000,9.210440366976517,1,1,0,4,0,5,6,1111.0
17,2.8903717578961645,2,2,3,7,5,1.791759469228055,1,0,2,0,5,5,1,0.6931471805599453,1,0,1,1,1,1,892,6.794586580876499,1,1,2,3,2,1,3,441.0
5,1.791759469228055,2,0,5,5,6,1.9459101490553132,1,1,0,1,6,6,-1,0.6931471805599453,-1,0,2,4,6,9,673,6.513230110912307,0,1,3,1,3,1,3,135.0
5,1.791759469228055,2,0,5,5,-5,1.791759469228055,-1,0,1,0,2,5,-3,1.3862943611198906,-1,0,0,2,4,7,1000,6.90875477931522,1,1,0,6,0,1,3,661.0
23,3.1780538303479458,2,3,2,3,6,1.9459101490553132,1,1,0,1,6,6,-5,1.791759469228055,-1,0,1,0,2,5,10000,9.210440366976517,1,1,0,4,0,1,1,4963.0
17,2.8903717578961645,2,2,3,7,6,1.9459101490553132,1,1,0,1,6,6,-1,0.6931471805599453,-1,0,2,4,6,9,2129,7.6638772587034705,0,2,4,1,9,1,3,1177.0
13,2.6390573296152584,1,3,6,3,6,1.9459101490553132,1,1,0,1,6,6,2,1.0986122886681098,1,1,2,2,2,2,4290,8.364275084991524,1,0,0,6,0,1,4,1717.0
13,2.6390573296152584,1,3,6,3,6,1.9459101490553132,1,1,0,1,6,6,1,0.6931471805599453,1,0,1,1,1,1,2843,7.952966790923131,0,2,3,1,3,1,3,2306.0
23,3.1780538303479458,2,3,2,3,1,0.6931471805599453,1,0,1,1,1,1,-6,1.9459101490553132,-1,1,0,4,1,4,1000,6.90875477931522,1,1,0,6,0,1,3,839.0
5,1.791759469228055,2,0,5,5,-5,1.791759469228055,-1,0,1,0,2,5,-2,1.0986122886681098,-1,1,1,3,5,8,923,6.828712071641684,0,2,3,6,3,1,1,188.0
17,2.8903717578961645,2,2,3,7,1,0.6931471805599453,1,0,1,1,1,1,3,1.3862943611198906,1,0,0,3,3,3,611,6.416732282512326,0,2,1,2,1,1,3,527.0
5,1.791759469228055,2,0,5,5,3,1.3862943611198906,1,0,0,3,3,3,4,1.6094379124341003,1,1,1,4,4,4,1000,6.90875477931522,1,1,0,6,0,1,2,541.0
5,1.791759469228055,2,0,5,5,2,1.0986122886681098,1,1,2,2,2,2,5,1.791759469228055,1,0,2,0,5,5,4062,8.309676895987726,1,0,2,2,2,1,2,761.0
19,2.995732273553991,1,4,5,9,5,1.791759469228055,1,0,2,0,5,5,-5,1.791759469228055,-1,0,1,0,2,5,1000,6.90875477931522,1,1,0,6,0,1,3,861.0
5,1.791759469228055,2,0,5,5,5,1.791759469228055,1,0,2,0,5,5,-6,1.9459101490553132,-1,1,0,4,1,4,1000,6.90875477931522,1,1,0,6,0,1,3,555.0
19,2.995732273553991,1,4,5,9,0,0.0,0,1,0,0,0,0,-4,1.6094379124341003,-1,1,2,1,3,6,3549,8.174702882469461,0,0,4,0,9,1,0,2185.0
7,2.0794415416798357,1,2,0,7,3,1.3862943611198906,1,0,0,3,3,3,-4,1.6094379124341003,-1,1,2,1,3,6,1000,6.90875477931522,1,1,0,6,0,1,1,461.0
13,2.6390573296152584,1,3,6,3,3,1.3862943611198906,1,0,0,3,3,3,4,1.6094379124341003,1,1,1,4,4,4,10000,9.210440366976517,1,1,0,4,0,1,1,2621.0
13,2.6390573296152584,1,3,6,3,4,1.6094379124341003,1,1,1,4,4,4,6,1.9459101490553132,1,1,0,1,6,6,10000,9.210440366976517,1,1,0,4,0,1,1,5851.0
23,3.1780538303479458,2,3,2,3,4,1.6094379124341003,1,1,1,4,4,4,1,0.6931471805599453,1,0,1,1,1,1,2599,7.8632667240095735,0,1,4,2,9,1,4,2347.0
7,2.0794415416798357,1,2,0,7,-1,0.6931471805599453,-1,0,2,4,6,9,6,1.9459101490553132,1,1,0,1,6,6,10000,9.210440366976517,1,1,0,4,0,1,3,4861.0
19,2.995732273553991,1,4,5,9,1,0.6931471805599453,1,0,1,1,1,1,-2,1.0986122886681098,-1,1,1,3,5,8,1000,6.90875477931522,1,1,0,6,0,1,4,287.0
11,2.4849066497880004,2,1,4,1,3,1.3862943611198906,1,0,0,3,3,3,-5,1.791759469228055,-1,0,1,0,2,5,10000,9.210440366976517,1,1,0,4,0,1,1,523.0
11,2.4849066497880004,2,1,4,1,4,1.6094379124341003,1,1,1,4,4,4,-6,1.9459101490553132,-1,1,0,4,1,4,4910,8.499232866039245,1,2,0,3,0,1,0,239.0
13,2.6390573296152584,1,3,6,3,5,1.791759469228055,1,0,2,0,5,5,3,1.3862943611198906,1,0,0,3,3,3,3704,8.217438537730187,1,2,4,1,4,1,0,2865.0
11,2.4849066497880004,2,1,4,1,3,1.3862943611198906,1,0,0,3,3,3,-4,1.6094379124341003,-1,1,2,1,3,6,10000,9.210440366976517,1,1,0,4,0,1,1,8101.0
7,2.0794415416798357,1,2,0,7,6,1.9459101490553132,1,1,0,1,6,6,2,1.0986122886681098,1,1,2,2,2,2,1000,6.90875477931522,1,1,0,6,0,1,2,901.0
19,2.995732273553991,1,4,5,9,-2,1.0986122886681098,-1,1,1,3,5,8,6,1.9459101490553132,1,1,0,1,6,6,1280,7.155396301896734,1,2,0,6,0,1,2,1081.0
5,1.791759469228055,2,0,5,5,-1,0.6931471805599453,-1,0,2,4,6,9,-5,1.791759469228055,-1,0,1,0,2,5,950,6.85751406254539,1,2,0,5,0,1,6,41.0
11,2.4849066497880004,2,1,4,1,2,1.0986122886681098,1,1,2,2,2,2,-2,1.0986122886681098,-1,1,1,3,5,8,10000,9.210440366976517,1,1,0,4,0,1,3,1781.0
13,2.6390573296152584,1,3,6,3,-4,1.6094379124341003,-1,1,2,1,3,6,5,1.791759469228055,1,0,2,0,5,5,10000,9.210440366976517,1,1,0,4,0,1,2,7073.0
7,2.0794415416798357,1,2,0,7,1,0.6931471805599453,1,0,1,1,1,1,6,1.9459101490553132,1,1,0,1,6,6,10000,9.210440366976517,1,1,0,4,0,1,3,6831.0
23,3.1780538303479458,2,3,2,3,-1,0.6931471805599453,-1,0,2,4,6,9,-1,0.6931471805599453,-1,0,2,4,6,9,10000,9.210440366976517,1,1,0,4,0,1,5,4079.0
11,2.4849066497880004,2,1,4,1,2,1.0986122886681098,1,1,2,2,2,2,2,1.0986122886681098,1,1,2,2,2,2,1669,7.4205789054108005,0,1,4,3,9,1,1,444.0
19,2.995732273553991,1,4,5,9,-2,1.0986122886681098,-1,1,1,3,5,8,3,1.3862943611198906,1,0,0,3,3,3,10000,9.210440366976517,1,1,0,4,0,1,1,8947.0
23,3.1780538303479458,2,3,2,3,-3,1.3862943611198906,-1,0,0,2,4,7,-6,1.9459101490553132,-1,1,0,4,1,4,10000,9.210440366976517,1,1,0,4,0,1,1,7099.0
13,2.6390573296152584,1,3,6,3,1,0.6931471805599453,1,0,1,1,1,1,-5,1.791759469228055,-1,0,1,0,2,5,1000,6.90875477931522,1,1,0,6,0,1,4,113.0
17,2.8903717578961645,2,2,3,7,-3,1.3862943611198906,-1,0,0,2,4,7,-3,1.3862943611198906,-1,0,0,2,4,7,10000,9.210440366976517,1,1,0,4,0,1,1,8861.0
5,1.791759469228055,2,0,5,5,-4,1.6094379124341003,-1,1,2,1,3,6,0,0.0,0,1,0,0,0,0,10000,9.210440366976517,1,1,0,4,0,1,2,205.0
17,2.8903717578961645,2,2,3,7,1,0.6931471805599453,1,0,1,1,1,1,-6,1.9459101490553132,-1,1,0,4,1,4,1000,6.90875477931522,1,1,0,6,0,1,3,971.0
13,2.6390573296152584,1,3,6,3,-6,1.9459101490553132,-1,1,0,4,1,4,5,1.791759469228055,1,0,2,0,5,5,4625,8.439447842791385,0,2,0,5,5,1,1,1396.0
19,2.995732273553991,1,4,5,9,-5,1.791759469228055,-1,0,1,0,2,5,2,1.0986122886681098,1,1,2,2,2,2,2793,7.935229539816907,0,0,3,0,3,1,1,229.0
11,2.4849066497880004,2,1,4,1,5,1.791759469228055,1,0,2,0,5,5,-3,1.3862943611198906,-1,0,0,2,4,7,10000,9.210440366976517,1,1,0,4,0,1,1,7573.0
11,2.4849066497880004,2,1,4,1,0,0.0,0,1,0,0,0,0,-3,1.3862943611198906,-1,0,0,2,4,7,10000,9.210440366976517,1,1,0,4,0,1,0,8573.0
5,1.791759469228055,2,0,5,5,3,1.3862943611198906,1,0,0,3,3,3,-3,1.3862943611198906,-1,0,0,2,4,7,1000,6.90875477931522,1,1,0,6,0,1,2,205.0
23,3.1780538303479458,2,3,2,3,-3,1.3862943611198906,-1,0,0,2,4,7,4,1.6094379124341003,1,1,1,4,4,4,1361,7.216709486709457,0,2,1,3,1,1,0,1241.0
7,2.0794415416798357,1,2,0,7,-1,0.6931471805599453,-1,0,2,4,6,9,6,1.9459101490553132,1,1,0,1,6,6,1000,6.90875477931522,1,1,0,6,0,1,3,861.0
13,2.6390573296152584,1,3,6,3,-3,1.3862943611198906,-1,0,0,2,4,7,-6,1.9459101490553132,-1,1,0,4,1,4,10000,9.210440366976517,1,1,0,4,0,1,1,4371.0
13,2.6390573296152584,1,3,6,3,4,1.6094379124341003,1,1,1,4,4,4,-6,1.9459101490553132,-1,1,0,4,1,4,1156,7.053585727193677,1,1,1,1,6,1,1,643.0
13,2.6390573296152584,1,3,6,3,4,1.6094379124341003,1,1,1,4,4,4,4,1.6094379124341003,1,1,1,4,4,4,1000,6.90875477931522,1,1,0,6,0,1,3,481.0
13,2.6390573296152584,1,3,6,3,-3,1.3862943611198906,-1,0,0,2,4,7,-2,1.0986122886681098,-1,1,1,3,5,8,1000,6.90875477931522,1,1,0,6,0,1,1,823.0
11,2.4849066497880004,2,1,4,1,3,1.3862943611198906,1,0,0,3,3,3,-3,1.3862943611198906,-1,0,0,2,4,7,1000,6.90875477931522,1,1,0,6,0,1,1,677.0
13,2.6390573296152584,1,3,6,3,-6,1.9459101490553132,-1,1,0,4,1,4,4,1.6094379124341003,1,1,1,4,4,4,1000,6.90875477931522,1,1,0,6,0,1,1,811.0
5,1.791759469228055,2,0,5,5,-6,1.9459101490553132,-1,1,0,4,1,4,-6,1.9459101490553132,-1,1,0,4,1,4,10000,9.210440366976517,1,1,0,4,0,1,2,7561.0
13,2.6390573296152584,1,3,6,3,-6,1.9459101490553132,-1,1,0,4,1,4,-4,1.6094379124341003,-1,1,2,1,3,6,1000,6.90875477931522,1,1,0,6,0,1,1,851.0
7,2.0794415416798357,1,2,0,7,1,0.6931471805599453,1,0,1,1,1,1,3,1.3862943611198906,1,0,0,3,3,3,1000,6.90875477931522,1,1,0,6,0,1,3,757.0
13,2.6390573296152584,1,3,6,3,1,0.6931471805599453,1,0,1,1,1,1,-4,1.6094379124341003,-1,1,2,1,3,6,1000,6.90875477931522,1,1,0,6,0,1,4,241.0
23,3.1780538303479458,2,3,2,3,6,1.9459101490553132,1,1,0,1,6,6,-2,1.0986122886681098,-1,1,1,3,5,8,1000,6.90875477931522,1,1,0,6,0,1,2,537.0
13,2.6390573296152584,1,3,6,3,6,1.9459101490553132,1,1,0,1,6,6,-3,1.3862943611198906,-1,0,0,2,4,7,10000,9.210440366976517,1,1,0,4,0,1,1,2897.0
13,2.6390573296152584,1,3,6,3,3,1.3862943611198906,1,0,0,3,3,3,5,1.791759469228055,1,0,2,0,5,5,2418,7.791109510610028,1,0,3,3,8,1,2,703.0
7,2.0794415416798357,1,2,0,7,0,0.0,0,1,0,0,0,0,-6,1.9459101490553132,-1,1,0,4,1,4,4620,8.438366410870266,1,0,0,0,0,1,2,547.0
7,2.0794415416798357,1,2,0,7,2,1.0986122886681098,1,1,2,2,2,2,2,1.0986122886681098,1,1,2,2,2,2,1000,6.90875477931522,1,1,0,6,0,1,3,113.0
5,1.791759469228055,2,0,5,5,0,0.0,0,1,0,0,0,0,6,1.9459101490553132,1,1,0,1,6,6,10000,9.210440366976517,1,1,0,4,0,1,1,1111.0
7,2.0794415416798357,1,2,0,7,-2,1.0986122886681098,-1,1,1,3,5,8,3,1.3862943611198906,1,0,0,3,3,3,10000,9.210440366976517,1,1,0,4,0,1,1,379.0
11,2.4849066497880004,2,1,4,1,-3,1.3862943611198906,-1,0,0,2,4,7,-3,1.3862943611198906,-1,0,0,2,4,7,1000,6.90875477931522,1,1,0,6,0,1,1,93.0
7,2.0794415416798357,1,2,0,7,4,1.6094379124341003,1,1,1,4,4,4,-6,1.9459101490553132,-1,1,0,4,1,4,10000,9.210440366976517,1,1,0,4,0,1,1,1959.0
23,3.1780538303479458,2,3,2,3,-5,1.791759469228055,-1,0,1,0,2,5,1,0.6931471805599453,1,0,1,1,1,1,10000,9.210440366976517,1,1,0,4,0,1,4,3841.0
23,3.1780538303479458,2,3,2,3,1,0.6931471805599453,1,0,1,1,1,1,-2,1.0986122886681098,-1,1,1,3,5,8,2296,7.739359202689098,1,1,1,0,6,1,4,1319.0
11,2.4849066497880004,2,1,4,1,-5,1.791759469228055,-1,0,1,0,2,5,-3,1.3862943611198906,-1,0,0,2,4,7,2585,7.857867559331803,0,2,0,2,5,1,2,848.0
17,2.8903717578961645,2,2,3,7,2,1.0986122886681098,1,1,2,2,2,2,-2,1.0986122886681098,-1,1,1,3,5,8,10000,9.210440366976517,1,1,0,4,0,1,3,7493.0
11,2.4849066497880004,2,1,4,1,0,0.0,0,1,0,0,0,0,-6,1.9459101490553132,-1,1,0,4,1,4,3610,8.191740021277457,1,1,0,5,0,1,0,2021.0
11,2.4849066497880004,2,1,4,1,-4,1.6094379124341003,-1,1,2,1,3,6,1,0.6931471805599453,1,0,1,1,1,1,1000,6.90875477931522,1,1,0,6,0,1,4,41.0
13,2.6390573296152584,1,3,6,3,-2,1.0986122886681098,-1,1,1,3,5,8,2,1.0986122886681098,1,1,2,2,2,2,1000,6.90875477931522,1,1,0,6,0,1,3,613.0
13,2.6390573296152584,1,3,6,3,6,1.9459101490553132,1,1,0,1,6,6,6,1.9459101490553132,1,1,0,1,6,6,1000,6.90875477931522,1,1,0,6,0,1,1,401.0
23,3.1780538303479458,2,3,2,3,6,1.9459101490553132,1,1,0,1,6,6,3,1.3862943611198906,1,0,0,3,3,3,10000,9.210440366976517,1,1,0,4,0,1,1,9067.0
17,2.8903717578961645,2,2,3,7,-2,1.0986122886681098,-1,1,1,3,5,8,1,0.6931471805599453,1,0,1,1,1,1,1000,6.90875477931522,1,1,0,6,0,1,4,1.0
23,3.1780538303479458,2,3,2,3,-1,0.6931471805599453,-1,0,2,4,6,9,-4,1.6094379124341003,-1,1,2,1,3,6,992,6.900730664045173,1,2,2,5,2,1,4,385.0
23,3.1780538303479458,2,3,2,3,2,1.0986122886681098,1,1,2,2,2,2,5,1.791759469228055,1,0,2,0,5,5,1000,6.90875477931522,1,1,0,6,0,1,2,437.0
13,2.6390573296152584,1,3,6,3,4,1.6094379124341003,1,1,1,4,4,4,-3,1.3862943611198906,-1,0,0,2,4,7,1000,6.90875477931522,1,1,0,6,0,1,1,273.0
17,2.8903717578961645,2,2,3,7,2,1.0986122886681098,1,1,2,2,2,2,-2,1.0986122886681098,-1,1,1,3,5,8,1064,6.970730078143525,1,2,4,0,4,1,3,125.0
7,2.0794415416798357,1,2,0,7,0,0.0,0,1,0,0,0,0,1,0.6931471805599453,1,0,1,1,1,1,10000,9.210440366976517,1,1,0,4,0,1,2,1.0
19,2.995732273553991,1,4,5,9,2,1.0986122886681098,1,1,2,2,2,2,0,0.0,0,1,0,0,0,0,10000,9.210440366976517,1,1,0,4,0,1,1,4287.0
5,1.791759469228055,2,0,5,5,-5,1.791759469228055,-1,0,1,0,2,5,6,1.9459101490553132,1,1,0,1,6,6,1000,6.90875477931522,1,1,0,6,0,1,3,671.0
5,1.791759469228055,2,0,5,5,1,0.6931471805599453,1,0,1,1,1,1,-3,1.3862943611198906,-1,0,0,2,4,7,2692,7.898411092811599,1,1,2,4,2,1,3,101.0
23,3.1780538303479458,2,3,2,3,5,1.791759469228055,1,0,2,0,5,5,5,1.791759469228055,1,0,2,0,5,5,10000,9.210440366976517,1,1,0,4,0,1,3,7501.0
5,1.791759469228055,2,0,5,5,0,0.0,0,1,0,0,0,0,-3,1.3862943611198906,-1,0,0,2,4,7,1000,6.90875477931522,1,1,0,6,0,1,1,121.0
7,2.0794415416798357,1,2,0,7,5,1.791759469228055,1,0,2,0,5,5,5,1.791759469228055,1,0,2,0,5,5,1073,6.97914527506881,0,2,3,2,3,1,1,256.0
17,2.8903717578961645,2,2,3,7,6,1.9459101490553132,1,1,0,1,6,6,6,1.9459101490553132,1,1,0,1,6,6,4780,8.472405008626103,1,1,0,6,0,1,1,1641.0
23,3.1780538303479458,2,3,2,3,4,1.6094379124341003,1,1,1,4,4,4,-6,1.9459101490553132,-1,1,0,4,1,4,2397,7.7823903355874595,0,0,2,3,7,1,0,1958.0
5,1.791759469228055,2,0,5,5,5,1.791759469228055,1,0,2,0,5,5,2,1.0986122886681098,1,1,2,2,2,2,991,6.899723107284872,0,1,1,4,1,1,1,971.0
13,2.6390573296152584,1,3,6,3,4,1.6094379124341003,1,1,1,4,4,4,0,0.0,0,1,0,0,0,0,3223,8.07837810362652,0,1,3,3,3,1,0,2001.0
7,2.0794415416798357,1,2,0,7,3,1.3862943611198906,1,0,0,3,3,3,3,1.3862943611198906,1,0,0,3,3,3,1000,6.90875477931522,1,1,0,6,0,1,1,269.0
13,2.6390573296152584,1,3,6,3,1,0.6931471805599453,1,0,1,1,1,1,-3,1.3862943611198906,-1,0,0,2,4,7,10000,9.210440366976517,1,1,0,4,0,1,3,8497.0
19,2.995732273553991,1,4,5,9,5,1.791759469228055,1,0,2,0,5,5,3,1.3862943611198906,1,0,0,3,3,3,1000,6.90875477931522,1,1,0,6,0,1,1,397.0
5,1.791759469228055,2,0,5,5,-3,1.3862943611198906,-1,0,0,2,4,7,-6,1.9459101490553132,-1,1,0,4,1,4,1000,6.90875477931522,1,1,0,6,0,1,2,91.0
13,2.6390573296152584,1,3,6,3,-6,1.9459101490553132,-1,1,0,4,1,4,-6,1.9459101490553132,-1,1,0,4,1,4,1074,6.980075940561763,1,0,4,3,4,1,3,631.0
23,3.1780538303479458,2,3,2,3,0,0.0,0,1,0,0,0,0,-4,1.6094379124341003,-1,1,2,1,3,6,3248,8.0861025356691,1,2,3,0,8,1,1,2469.0
11,2.4849066497880004,2,1,4,1,-3,1.3862943611198906,-1,0,0,2,4,7,-5,1.791759469228055,-1,0,1,0,2,5,10000,9.210440366976517,1,1,0,4,0,1,1,2587.0
13,2.6390573296152584,1,3,6,3,1,0.6931471805599453,1,0,1,1,1,1,1,0.6931471805599453,1,0,1,1,1,1,1000,6.90875477931522,1,1,0,6,0,1,5,1.0
19,2.995732273553991,1,4,5,9,6,1.9459101490553132,1,1,0,1,6,6,1,0.6931471805599453,1,0,1,1,1,1,3997,8.293549515060345,0,1,2,0,7,1,3,3291.0
17,2.8903717578961645,2,2,3,7,0,0.0,0,1,0,0,0,0,-4,1.6094379124341003,-1,1,2,1,3,6,2791,7.934513463882263,0,1,1,5,1,1,0,1814.0
7,2.0794415416798357,1,2,0,7,4,1.6094379124341003,1,1,1,4,4,4,-3,1.3862943611198906,-1,0,0,2,4,7,2603,7.86480400332846,0,2,3,6,3,1,0,340.0
5,1.791759469228055,2,0,5,5,-3,1.3862943611198906,-1,0,0,2,4,7,3,1.3862943611198906,1,0,0,3,3,3,1000,6.90875477931522,1,1,0,6,0,1,2,31.0
7,2.0794415416798357,1,2,0,7,6,1.9459101490553132,1,1,0,1,6,6,-6,1.9459101490553132,-1,1,0,4,1,4,2464,7.80994708647679,1,1,4,0,4,1,2,141.0
23,3.1780538303479458,2,3,2,3,6,1.9459101490553132,1,1,0,1,6,6,-3,1.3862943611198906,-1,0,0,2,4,7,3489,8.157657015196472,0,0,4,3,9,1,2,2464.0
23,3.1780538303479458,2,3,2,3,5,1.791759469228055,1,0,2,0,5,5,2,1.0986122886681098,1,1,2,2,2,2,590,6.3818160174060985,1,2,0,2,0,1,2,53.0
11,2.4849066497880004,2,1,4,1,-2,1.0986122886681098,-1,1,1,3,5,8,-1,0.6931471805599453,-1,0,2,4,6,9,4701,8.455743229100015,0,0,1,4,1,1,3,3418.0
7,2.0794415416798357,1,2,0,7,-3,1.3862943611198906,-1,0,0,2,4,7,5,1.791759469228055,1,0,2,0,5,5,3971,8.287025025165063,0,2,1,2,1,1,0,795.0
11,2.4849066497880004,2,1,4,1,-1,0.6931471805599453,-1,0,2,4,6,9,-3,1.3862943611198906,-1,0,0,2,4,7,1000,6.90875477931522,1,1,0,6,0,1,3,509.0
5,1.791759469228055,2,0,5,5,-2,1.0986122886681098,-1,1,1,3,5,8,-6,1.9459101490553132,-1,1,0,4,1,4,1000,6.90875477931522,1,1,0,6,0,1,3,381.0
19,2.995732273553991,1,4,5,9,-6,1.9459101490553132,-1,1,0,4,1,4,3,1.3862943611198906,1,0,0,3,3,3,1000,6.90875477931522,1,1,0,6,0,1,1,627.0
23,3.1780538303479458,2,3,2,3,1,0.6931471805599453,1,0,1,1,1,1,5,1.791759469228055,1,0,2,0,5,5,10000,9.210440366976517,1,1,0,4,0,1,4,5773.0
7,2.0794415416798357,1,2,0,7,2,1.0986122886681098,1,1,2,2,2,2,-6,1.9459101490553132,-1,1,0,4,1,4,1777,7.48324441607385,0,1,2,6,7,1,1,338.0
5,1.791759469228055,2,0,5,5,-4,1.6094379124341003,-1,1,2,1,3,6,0,0.0,0,1,0,0,0,0,799,6.684611727667927,0,1,4,1,9,1,0,205.0
13,2.6390573296152584,1,3,6,3,3,1.3862943611198906,1,0,0,3,3,3,-2,1.0986122886681098,-1,1,1,3,5,8,1911,7.555905093611346,0,0,1,0,1,1,2,1756.0
23,3.1780538303479458,2,3,2,3,-4,1.6094379124341003,-1,1,2,1,3,6,0,0.0,0,1,0,0,0,0,10000,9.210440366976517,1,1,0,4,0,1,1,5533.0
23,3.1780538303479458,2,3,2,3,4,1.6094379124341003,1,1,1,4,4,4,1,0.6931471805599453,1,0,1,1,1,1,4798,8.476162841858246,1,1,3,3,8,1,3,4465.0
5,1.791759469228055,2,0,5,5,2,1.0986122886681098,1,1,2,2,2,2,6,1.9459101490553132,1,1,0,1,6,6,1511,7.321188556739478,0,2,1,6,1,1,1,14.0
23,3.1780538303479458,2,3,2,3,-1,0.6931471805599453,-1,0,2,4,6,9,4,1.6094379124341003,1,1,1,4,4,4,10000,9.210440366976517,1,1,0,4,0,1,4,9809.0
13,2.6390573296152584,1,3,6,3,6,1.9459101490553132,1,1,0,1,6,6,-5,1.791759469228055,-1,0,1,0,2,5,1000,6.90875477931522,1,1,0,6,0,1,1,753.0
17,2.8903717578961645,2,2,3,7,6,1.9459101490553132,1,1,0,1,6,6,3,1.3862943611198906,1,0,0,3,3,3,10000,9.210440366976517,1,1,0,4,0,1,1,3921.0
11,2.4849066497880004,2,1,4,1,2,1.0986122886681098,1,1,2,2,2,2,-3,1.3862943611198906,-1,0,0,2,4,7,10000,9.210440366976517,1,1,0,4,0,1,1,8573.0
13,2.6390573296152584,1,3,6,3,5,1.791759469228055,1,0,2,0,5,5,-2,1.0986122886681098,-1,1,1,3,5,8,562,6.333279628139691,1,1,2,2,2,1,1,221.0
19,2.995732273553991,1,4,5,9,-6,1.9459101490553132,-1,1,0,4,1,4,-4,1.6094379124341003,-1,1,2,1,3,6,1000,6.90875477931522,1,1,0,6,0,1,1,451.0
13,2.6390573296152584,1,3,6,3,-2,1.0986122886681098,-1,1,1,3,5,8,-2,1.0986122886681098,-1,1,1,3,5,8,4793,8.475120414994329,0,2,3,5,3,1,1,4129.0
23,3.1780538303479458,2,3,2,3,6,1.9459101490553132,1,1,0,1,6,6,3,1.3862943611198906,1,0,0,3,3,3,1000,6.90875477931522,1,1,0,6,0,1,1,67.0
7,2.0794415416798357,1,2,0,7,-5,1.791759469228055,-1,0,1,0,2,5,-4,1.6094379124341003,-1,1,2,1,3,6,1483,7.302496423727326,0,1,3,6,3,1,0,761.0
17,2.8903717578961645,2,2,3,7,4,1.6094379124341003,1,1,1,4,4,4,2,1.0986122886681098,1,1,2,2,2,2,1000,6.90875477931522,1,1,0,6,0,1,3,463.0
23,3.1780538303479458,2,3,2,3,-1,0.6931471805599453,-1,0,2,4,6,9,6,1.9459101490553132,1,1,0,1,6,6,1000,6.90875477931522,1,1,0,6,0,1,3,901.0
19,2.995732273553991,1,4,5,9,5,1.791759469228055,1,0,2,0,5,5,1,0.6931471805599453,1,0,1,1,1,1,2043,7.622663951323595,0,0,3,6,3,1,3,1225.0
23,3.1780538303479458,2,3,2,3,0,0.0,0,1,0,0,0,0,1,0.6931471805599453,1,0,1,1,1,1,10000,9.210440366976517,1,1,0,4,0,1,2,1.0
13,2.6390573296152584,1,3,6,3,6,1.9459101490553132,1,1,0,1,6,6,1,0.6931471805599453,1,0,1,1,1,1,10000,9.210440366976517,1,1,0,4,0,1,3,7041.0
7,2.0794415416798357,1,2,0,7,-3,1.3862943611198906,-1,0,0,2,4,7,4,1.6094379124341003,1,1,1,4,4,4,4021,8.299534570332597,0,1,1,3,1,1,0,2059.0
5,1.791759469228055,2,0,5,5,-1,0.6931471805599453,-1,0,2,4,6,9,-6,1.9459101490553132,-1,1,0,4,1,4,3928,8.27614021955846,1,1,3,1,8,1,3,1891.0
13,2.6390573296152584,1,3,6,3,2,1.0986122886681098,1,1,2,2,2,2,-2,1.0986122886681098,-1,1,1,3,5,8,1000,6.90875477931522,1,1,0,6,0,1,3,213.0
7,2.0794415416798357,1,2,0,7,-1,0.6931471805599453,-1,0,2,4,6,9,-6,1.9459101490553132,-1,1,0,4,1,4,10000,9.210440366976517,1,1,0,4,0,1,3,9469.0
13,2.6390573296152584,1,3,6,3,-3,1.3862943611198906,-1,0,0,2,4,7,5,1.791759469228055,1,0,2,0,5,5,1233,7.1180162044653335,0,0,3,1,3,1,1,175.0
17,2.8903717578961645,2,2,3,7,-2,1.0986122886681098,-1,1,1,3,5,8,0,0.0,0,1,0,0,0,0,4060,8.309184527686298,1,1,0,0,0,1,1,3091.0
5,1.791759469228055,2,0,5,5,-1,0.6931471805599453,-1,0,2,4,6,9,0,0.0,0,1,0,0,0,0,10000,9.210440366976517,1,1,0,4,0,1,3,1.0
23,3.1780538303479458,2,3,2,3,4,1.6094379124341003,1,1,1,4,4,4,5,1.791759469228055,1,0,2,0,5,5,4832,8.483222671845084,1,2,2,2,2,1,1,3341.0
5,1.791759469228055,2,0,5,5,-4,1.6094379124341003,-1,1,2,1,3,6,-3,1.3862943611198906,-1,0,0,2,4,7,4217,8.34711636103872,0,2,2,3,7,1,0,961.0
13,2.6390573296152584,1,3,6,3,-5,1.791759469228055,-1,0,1,0,2,5,4,1.6094379124341003,1,1,1,4,4,4,1000,6.90875477931522,1,1,0,6,0,1,2,773.0
11,2.4849066497880004,2,1,4,1,3,1.3862943611198906,1,0,0,3,3,3,3,1.3862943611198906,1,0,0,3,3,3,1000,6.90875477931522,1,1,0,6,0,1,1,419.0
19,2.995732273553991,1,4,5,9,1,0.6931471805599453,1,0,1,1,1,1,-2,1.0986122886681098,-1,1,1,3,5,8,10000,9.210440366976517,1,1,0,4,0,1,4,4287.0
17,2.8903717578961645,2,2,3,7,2,1.0986122886681098,1,1,2,2,2,2,3,1.3862943611198906,1,0,0,3,3,3,10000,9.210440366976517,1,1,0,4,0,1,1,9873.0
17,2.8903717578961645,2,2,3,7,-6,1.9459101490553132,-1,1,0,4,1,4,6,1.9459101490553132,1,1,0,1,6,6,1000,6.90875477931522,1,1,0,6,0,1,1,901.0
7,2.0794415416798357,1,2,0,7,5,1.791759469228055,1,0,2,0,5,5,2,1.0986122886681098,1,1,2,2,2,2,4661,8.447199819595703,0,2,1,6,1,1,0,1839.0
19,2.995732273553991,1,4,5,9,-5,1.791759469228055,-1,0,1,0,2,5,2,1.0986122886681098,1,1,2,2,2,2,1000,6.90875477931522,1,1,0,6,0,1,2,253.0
5,1.791759469228055,2,0,5,5,-2,1.0986122886681098,-1,1,1,3,5,8,2,1.0986122886681098,1,1,2,2,2,2,1418,7.257707677160043,1,2,3,4,8,1,3,5.0
7,2.0794415416798357,1,2,0,7,6,1.9459101490553132,1,1,0,1,6,6,-4,1.6094379124341003,-1,1,2,1,3,6,10000,9.210440366976517,1,1,0,4,0,1,1,2791.0
5,1.791759469228055,2,0,5,5,-3,1.3862943611198906,-1,0,0,2,4,7,5,1.791759469228055,1,0,2,0,5,5,1000,6.90875477931522,1,1,0,6,0,1,3,341.0
13,2.6390573296152584,1,3,6,3,1,0.6931471805599453,1,0,1,1,1,1,5,1.791759469228055,1,0,2,0,5,5,1841,7.518607216815252,0,2,1,0,1,1,3,862.0
19,2.995732273553991,1,4,5,9,-2,1.0986122886681098,-1,1,1,3,5,8,-1,0.6931471805599453,-1,0,2,4,6,9,1000,6.90875477931522,1,1,0,6,0,1,4,319.0
23,3.1780538303479458,2,3,2,3,-6,1.9459101490553132,-1,1,0,4,1,4,-5,1.791759469228055,-1,0,1,0,2,5,1426,7.2633296174768365,1,1,1,5,6,1,1,231.0
13,2.6390573296152584,1,3,6,3,0,0.0,0,1,0,0,0,0,2,1.0986122886681098,1,1,2,2,2,2,2135,7.666690200080086,0,2,0,0,5,1,0,596.0
13,2.6390573296152584,1,3,6,3,4,1.6094379124341003,1,1,1,4,4,4,-2,1.0986122886681098,-1,1,1,3,5,8,847,6.742880635791903,0,1,2,0,7,1,1,200.0
5,1.791759469228055,2,0,5,5,6,1.9459101490553132,1,1,0,1,6,6,-1,0.6931471805599453,-1,0,2,4,6,9,4210,8.345455428161928,1,1,0,3,0,1,4,1481.0
7,2.0794415416798357,1,2,0,7,1,0.6931471805599453,1,0,1,1,1,1,-6,1.9459101490553132,-1,1,0,4,1,4,1000,6.90875477931522,1,1,0,6,0,1,3,999.0
13,2.6390573296152584,1,3,6,3,2,1.0986122886681098,1,1,2,2,2,2,-6,1.9459101490553132,-1,1,0,4,1,4,1398,7.243512974665482,1,0,3,5,8,1,3,769.0
13,2.6390573296152584,1,3,6,3,1,0.6931471805599453,1,0,1,1,1,1,-5,1.791759469228055,-1,0,1,0,2,5,10000,9.210440366976517,1,1,0,4,0,1,4,5113.0
17,2.8903717578961645,2,2,3,7,-5,1.791759469228055,-1,0,1,0,2,5,-3,1.3862943611198906,-1,0,0,2,4,7,3487,8.15708378502887,0,1,2,1,7,1,0,1152.0
11,2.4849066497880004,2,1,4,1,4,1.6094379124341003,1,1,1,4,4,4,-5,1.791759469228055,-1,0,1,0,2,5,10000,9.210440366976517,1,1,0,4,0,1,2,7031.0
5,1.791759469228055,2,0,5,5,3,1.3862943611198906,1,0,0,3,3,3,-5,1.791759469228055,-1,0,1,0,2,5,4373,8.383433201236713,0,2,3,5,3,1,1,631.0
17,2.8903717578961645,2,2,3,7,2,1.0986122886681098,1,1,2,2,2,2,-3,1.3862943611198906,-1,0,0,2,4,7,10000,9.210440366976517,1,1,0,4,0,1,1,81.0
7,2.0794415416798357,1,2,0,7,5,1.791759469228055,1,0,2,0,5,5,3,1.3862943611198906,1,0,0,3,3,3,10000,9.210440366976517,1,1,0,4,0,1,1,5117.0
17,2.8903717578961645,2,2,3,7,2,1.0986122886681098,1,1,2,2,2,2,0,0.0,0,1,0,0,0,0,3594,8.187299270155147,1,0,4,3,4,1,1,1687.0
23,3.1780538303479458,2,3,2,3,-1,0.6931471805599453,-1,0,2,4,6,9,2,1.0986122886681098,1,1,2,2,2,2,10000,9.210440366976517,1,1,0,4,0,1,4,5853.0
23,3.1780538303479458,2,3,2,3,3,1.3862943611198906,1,0,0,3,3,3,-4,1.6094379124341003,-1,1,2,1,3,6,2151,7.674152921281675,0,0,1,2,1,1,1,458.0
17,2.8903717578961645,2,2,3,7,-3,1.3862943611198906,-1,0,0,2,4,7,4,1.6094379124341003,1,1,1,4,4,4,3477,8.154212694914229,0,0,2,5,7,1,1,1723.0
19,2.995732273553991,1,4,5,9,6,1.9459101490553132,1,1,0,1,6,6,-6,1.9459101490553132,-1,1,0,4,1,4,4771,8.470520783217808,0,1,1,4,1,1,1,3768.0
23,3.1780538303479458,2,3,2,3,1,0.6931471805599453,1,0,1,1,1,1,-3,1.3862943611198906,-1,0,0,2,4,7,3618,8.193953023563742,1,0,3,6,8,1,4,2495.0
5,1.791759469228055,2,0,5,5,0,0.0,0,1,0,0,0,0,-2,1.0986122886681098,-1,1,1,3,5,8,1000,6.90875477931522,1,1,0,6,0,1,2,31.0
17,2.8903717578961645,2,2,3,7,1,0.6931471805599453,1,0,1,1,1,1,5,1.791759469228055,1,0,2,0,5,5,10000,9.210440366976517,1,1,0,4,0,1,4,3597.0
23,3.1780538303479458,2,3,2,3,3,1.3862943611198906,1,0,0,3,3,3,0,0.0,0,1,0,0,0,0,1000,6.90875477931522,1,1,0,6,0,1,0,413.0
5,1.791759469228055,2,0,5,5,-6,1.9459101490553132,-1,1,0,4,1,4,-5,1.791759469228055,-1,0,1,0,2,5,10000,9.210440366976517,1,1,0,4,0,1,3,5401.0
13,2.6390573296152584,1,3,6,3,4,1.6094379124341003,1,1,1,4,4,4,-6,1.9459101490553132,-1,1,0,4,1,4,1000,6.90875477931522,1,1,0,6,0,1,1,31.0
13,2.6390573296152584,1,3,6,3,4,1.6094379124341003,1,1,1,4,4,4,-5,1.791759469228055,-1,0,1,0,2,5,4307,8.36822903827628,0,2,2,2,7,1,0,3296.0
5,1.791759469228055,2,0,5,5,3,1.3862943611198906,1,0,0,3,3,3,3,1.3862943611198906,1,0,0,3,3,3,1000,6.90875477931522,1,1,0,6,0,1,2,271.0
23,3.1780538303479458,2,3,2,3,0,0.0,0,1,0,0,0,0,3,1.3862943611198906,1,0,0,3,3,3,1878,7.538494999413465,1,0,3,2,8,1,1,91.0
17,2.8903717578961645,2,2,3,7,-6,1.9459101490553132,-1,1,0,4,1,4,-6,1.9459101490553132,-1,1,0,4,1,4,1000,6.90875477931522,1,1,0,6,0,1,1,401.0
11,2.4849066497880004,2,1,4,1,-6,1.9459101490553132,-1,1,0,4,1,4,3,1.3862943611198906,1,0,0,3,3,3,1672,7.422373700986824,1,1,2,6,2,1,2,947.0
23,3.1780538303479458,2,3,2,3,0,0.0,0,1,0,0,0,0,-6,1.9459101490553132,-1,1,0,4,1,4,2789,7.933796874815411,0,2,4,3,9,1,0,1830.0
23,3.1780538303479458,2,3,2,3,4,1.6094379124341003,1,1,1,4,4,4,-6,1.9459101490553132,-1,1,0,4,1,4,1000,6.90875477931522,1,1,0,6,0,1,1,239.0
17,2.8903717578961645,2,2,3,7,-1,0.6931471805599453,-1,0,2,4,6,9,-1,0.6931471805599453,-1,0,2,4,6,9,10000,9.210440366976517,1,1,0,4,0,1,5,3571.0
5,1.791759469228055,2,0,5,5,1,0.6931471805599453,1,0,1,1,1,1,4,1.6094379124341003,1,1,1,4,4,4,1000,6.90875477931522,1,1,0,6,0,1,5,241.0
7,2.0794415416798357,1,2,0,7,-1,0.6931471805599453,-1,0,2,4,6,9,-4,1.6094379124341003,-1,1,2,1,3,6,2807,7.940227765145702,0,2,2,0,7,1,4,2227.0
23,3.1780538303479458,2,3,2,3,4,1.6094379124341003,1,1,1,4,4,4,-3,1.3862943611198906,-1,0,0,2,4,7,10000,9.210440366976517,1,1,0,4,0,1,1,6773.0
19,2.995732273553991,1,4,5,9,6,1.9459101490553132,1,1,0,1,6,6,-1,0.6931471805599453,-1,0,2,4,6,9,1000,6.90875477931522,1,1,0,6,0,1,3,799.0
19,2.995732273553991,1,4,5,9,-4,1.6094379124341003,-1,1,2,1,3,6,1,0.6931471805599453,1,0,1,1,1,1,1000,6.90875477931522,1,1,0,6,0,1,4,441.0
11,2.4849066497880004,2,1,4,1,-2,1.0986122886681098,-1,1,1,3,5,8,-6,1.9459101490553132,-1,1,0,4,1,4,1000,6.90875477931522,1,1,0,6,0,1,2,309.0
19,2.995732273553991,1,4,5,9,5,1.791759469228055,1,0,2,0,5,5,-1,0.6931471805599453,-1,0,2,4,6,9,10000,9.210440366976517,1,1,0,4,0,1,4,269.0
19,2.995732273553991,1,4,5,9,-6,1.9459101490553132,-1,1,0,4,1,4,-5,1.791759469228055,-1,0,1,0,2,5,1813,7.503289630675082,0,1,3,0,3,1,0,225.0
23,3.1780538303479458,2,3,2,3,-5,1.791759469228055,-1,0,1,0,2,5,6,1.9459101490553132,1,1,0,1,6,6,1000,6.90875477931522,1,1,0,6,0,1,1,521.0
5,1.791759469228055,2,0,5,5,6,1.9459101490553132,1,1,0,1,6,6,4,1.6094379124341003,1,1,1,4,4,4,3050,8.02322468471667,1,2,0,5,0,1,1,2911.0
19,2.995732273553991,1,4,5,9,5,1.791759469228055,1,0,2,0,5,5,0,0.0,0,1,0,0,0,0,10000,9.210440366976517,1,1,0,4,0,1,1,2031.0
17,2.8903717578961645,2,2,3,7,6,1.9459101490553132,1,1,0,1,6,6,0,0.0,0,1,0,0,0,0,2178,7.68662133494462,1,0,3,1,8,1,1,1141.0
5,1.791759469228055,2,0,5,5,-1,0.6931471805599453,-1,0,2,4,6,9,-4,1.6094379124341003,-1,1,2,1,3,6,1000,6.90875477931522,1,1,0,6,0,1,5,461.0
7,2.0794415416798357,1,2,0,7,3,1.3862943611198906,1,0,0,3,3,3,-1,0.6931471805599453,-1,0,2,4,6,9,1000,6.90875477931522,1,1,0,6,0,1,3,429.0
5,1.791759469228055,2,0,5,5,-5,1.791759469228055,-1,0,1,0,2,5,1,0.6931471805599453,1,0,1,1,1,1,1000,6.90875477931522,1,1,0,6,0,1,6,361.0
13,2.6390573296152584,1,3,6,3,-5,1.791759469228055,-1,0,1,0,2,5,-2,1.0986122886681098,-1,1,1,3,5,8,10000,9.210440366976517,1,1,0,4,0,1,2,1711.0
17,2.8903717578961645,2,2,3,7,-1,0.6931471805599453,-1,0,2,4,6,9,0,0.0,0,1,0,0,0,0,10000,9.210440366976517,1,1,0,4,0,1,2,1.0
19,2.995732273553991,1,4,5,9,0,0.0,0,1,0,0,0,0,3,1.3862943611198906,1,0,0,3,3,3,1509,7.31986492980897,0,0,4,4,9,1,1,1381.0
19,2.995732273553991,1,4,5,9,5,1.791759469228055,1,0,2,0,5,5,-4,1.6094379124341003,-1,1,2,1,3,6,1000,6.90875477931522,1,1,0,6,0,1,2,31.0
17,2.8903717578961645,2,2,3,7,-6,1.9459101490553132,-1,1,0,4,1,4,0,0.0,0,1,0,0,0,0,965,6.873163834212518,0,2,0,6,5,1,0,66.0
23,3.1780538303479458,2,3,2,3,-2,1.0986122886681098,-1,1,1,3,5,8,2,1.0986122886681098,1,1,2,2,2,2,10000,9.210440366976517,1,1,0,4,0,1,3,8541.0
19,2.995732273553991,1,4,5,9,-1,0.6931471805599453,-1,0,2,4,6,9,4,1.6094379124341003,1,1,1,4,4,4,3501,8.161089512845797,0,0,1,1,1,1,3,334.0
17,2.8903717578961645,2,2,3,7,-6,1.9459101490553132,-1,1,0,4,1,4,1,0.6931471805599453,1,0,1,1,1,1,1000,6.90875477931522,1,1,0,6,0,1,3,721.0
7,2.0794415416798357,1,2,0,7,5,1.791759469228055,1,0,2,0,5,5,2,1.0986122886681098,1,1,2,2,2,2,1000,6.90875477931522,1,1,0,6,0,1,2,483.0
19,2.995732273553991,1,4,5,9,4,1.6094379124341003,1,1,1,4,4,4,-1,0.6931471805599453,-1,0,2,4,6,9,10000,9.210440366976517,1,1,0,4,0,1,4,899.0
11,2.4849066497880004,2,1,4,1,2,1.0986122886681098,1,1,2,2,2,2,-6,1.9459101490553132,-1,1,0,4,1,4,10000,9.210440366976517,1,1,0,4,0,1,2,4169.0
7,2.0794415416798357,1,2,0,7,3,1.3862943611198906,1,0,0,3,3,3,3,1.3862943611198906,1,0,0,3,3,3,10000,9.210440366976517,1,1,0,4,0,1,1,2269.0
5,1.791759469228055,2,0,5,5,4,1.6094379124341003,1,1,1,4,4,4,-5,1.791759469228055,-1,0,1,0,2,5,1000,6.90875477931522,1,1,0,6,0,1,4,781.0
17,2.8903717578961645,2,2,3,7,-1,0.6931471805599453,-1,0,2,4,6,9,5,1.791759469228055,1,0,2,0,5,5,1193,7.085064293952548,0,2,3,3,3,1,3,814.0
19,2.995732273553991,1,4,5,9,-1,0.6931471805599453,-1,0,2,4,6,9,5,1.791759469228055,1,0,2,0,5,5,1000,6.90875477931522,1,1,0,6,0,1,4,601.0
13,2.6390573296152584,1,3,6,3,1,0.6931471805599453,1,0,1,1,1,1,4,1.6094379124341003,1,1,1,4,4,4,1081,6.9865664594064265,0,1,1,3,1,1,3,681.0
19,2.995732273553991,1,4,5,9,4,1.6094379124341003,1,1,1,4,4,4,-4,1.6094379124341003,-1,1,2,1,3,6,4803,8.477204183199873,0,0,3,1,3,1,1,583.0
23,3.1780538303479458,2,3,2,3,0,0.0,0,1,0,0,0,0,2,1.0986122886681098,1,1,2,2,2,2,2953,7.9909154630913255,0,1,3,6,3,1,0,2665.0
11,2.4849066497880004,2,1,4,1,1,0.6931471805599453,1,0,1,1,1,1,-5,1.791759469228055,-1,0,1,0,2,5,2218,7.704811922932594,1,1,3,6,8,1,3,151.0
5,1.791759469228055,2,0,5,5,-3,1.3862943611198906,-1,0,0,2,4,7,6,1.9459101490553132,1,1,0,1,6,6,10000,9.210440366976517,1,1,0,4,0,1,2,775.0
5,1.791759469228055,2,0,5,5,5,1.791759469228055,1,0,2,0,5,5,-1,0.6931471805599453,-1,0,2,4,6,9,1000,6.90875477931522,1,1,0,6,0,1,6,755.0
17,2.8903717578961645,2,2,3,7,6,1.9459101490553132,1,1,0,1,6,6,6,1.9459101490553132,1,1,0,1,6,6,1000,6.90875477931522,1,1,0,6,0,1,1,761.0
19,2.995732273553991,1,4,5,9,-1,0.6931471805599453,-1,0,2,4,6,9,3,1.3862943611198906,1,0,0,3,3,3,10000,9.210440366976517,1,1,0,4,0,1,3,1277.0
5,1.791759469228055,2,0,5,5,-3,1.3862943611198906,-1,0,0,2,4,7,4,1.6094379124341003,1,1,1,4,4,4,1000,6.90875477931522,1,1,0,6,0,1,2,121.0
7,2.0794415416798357,1,2,0,7,-2,1.0986122886681098,-1,1,1,3,5,8,-2,1.0986122886681098,-1,1,1,3,5,8,10000,9.210440366976517,1,1,0,4,0,1,3,1009.0
13,2.6390573296152584,1,3,6,3,2,1.0986122886681098,1,1,2,2,2,2,-1,0.6931471805599453,-1,0,2,4,6,9,1720,7.450660796211539,1,1,0,5,0,1,4,881.0
17,2.8903717578961645,2,2,3,7,-5,1.791759469228055,-1,0,1,0,2,5,5,1.791759469228055,1,0,2,0,5,5,10000,9.210440366976517,1,1,0,4,0,1,3,341.0
23,3.1780538303479458,2,3,2,3,-2,1.0986122886681098,-1,1,1,3,5,8,4,1.6094379124341003,1,1,1,4,4,4,592,6.385194398997726,1,1,2,4,2,1,3,311.0
13,2.6390573296152584,1,3,6,3,-4,1.6094379124341003,-1,1,2,1,3,6,-2,1.0986122886681098,-1,1,1,3,5,8,4332,8.374015421739909,1,0,2,6,2,1,3,1099.0
17,2.8903717578961645,2,2,3,7,-6,1.9459101490553132,-1,1,0,4,1,4,5,1.791759469228055,1,0,2,0,5,5,3815,8.246958032568177,0,2,0,0,5,1,1,801.0
19,2.995732273553991,1,4,5,9,-3,1.3862943611198906,-1,0,0,2,4,7,6,1.9459101490553132,1,1,0,1,6,6,1000,6.90875477931522,1,1,0,6,0,1,1,531.0
5,1.791759469228055,2,0,5,5,-5,1.791759469228055,-1,0,1,0,2,5,3,1.3862943611198906,1,0,0,3,3,3,1000,6.90875477931522,1,1,0,6,0,1,3,191.0
19,2.995732273553991,1,4,5,9,-1,0.6931471805599453,-1,0,2,4,6,9,-5,1.791759469228055,-1,0,1,0,2,5,4446,8.399984990510696,1,0,1,1,6,1,4,2737.0
5,1.791759469228055,2,0,5,5,1,0.6931471805599453,1,0,1,1,1,1,4,1.6094379124341003,1,1,1,4,4,4,10000,9.210440366976517,1,1,0,4,0,1,5,241.0
5,1.791759469228055,2,0,5,5,-6,1.9459101490553132,-1,1,0,4,1,4,2,1.0986122886681098,1,1,2,2,2,2,774,6.652863029353347,1,0,4,4,4,1,3,641.0
7,2.0794415416798357,1,2,0,7,0,0.0,0,1,0,0,0,0,1,0.6931471805599453,1,0,1,1,1,1,1650,7.409136443920128,1,0,0,5,0,1,2,1.0
23,3.1780538303479458,2,3,2,3,3,1.3862943611198906,1,0,0,3,3,3,4,1.6094379124341003,1,1,1,4,4,4,10000,9.210440366976517,1,1,0,4,0,1,1,4629.0
17,2.8903717578961645,2,2,3,7,5,1.791759469228055,1,0,2,0,5,5,3,1.3862943611198906,1,0,0,3,3,3,10000,9.210440366976517,1,1,0,4,0,1,1,5271.0
19,2.995732273553991,1,4,5,9,-3,1.3862943611198906,-1,0,0,2,4,7,-1,0.6931471805599453,-1,0,2,4,6,9,1000,6.90875477931522,1,1,0,6,0,1,3,189.0
11,2.4849066497880004,2,1,4,1,-4,1.6094379124341003,-1,1,2,1,3,6,-6,1.9459101490553132,-1,1,0,4,1,4,10000,9.210440366976517,1,1,0,4,0,1,1,3759.0
19,2.995732273553991,1,4,5,9,2,1.0986122886681098,1,1,2,2,2,2,-5,1.791759469228055,-1,0,1,0,2,5,10000,9.210440366976517,1,1,0,4,0,1,2,1067.0
7,2.0794415416798357,1,2,0,7,3,1.3862943611198906,1,0,0,3,3,3,-6,1.9459101490553132,-1,1,0,4,1,4,1909,7.554858521040676,0,1,4,5,9,1,1,629.0
17,2.8903717578961645,2,2,3,7,2,1.0986122886681098,1,1,2,2,2,2,-3,1.3862943611198906,-1,0,0,2,4,7,1000,6.90875477931522,1,1,0,6,0,1,1,81.0
11,2.4849066497880004,2,1,4,1,-6,1.9459101490553132,-1,1,0,4,1,4,-3,1.3862943611198906,-1,0,0,2,4,7,2681,7.894318063841624,0,2,1,0,1,1,1,2229.0
11,2.4849066497880004,2,1,4,1,-5,1.791759469228055,-1,0,1,0,2,5,-2,1.0986122886681098,-1,1,1,3,5,8,10000,9.210440366976517,1,1,0,4,0,1,2,5397.0
11,2.4849066497880004,2,1,4,1,-3,1.3862943611198906,-1,0,0,2,4,7,3,1.3862943611198906,1,0,0,3,3,3,10000,9.210440366976517,1,1,0,4,0,1,1,5411.0
17,2.8903717578961645,2,2,3,7,-4,1.6094379124341003,-1,1,2,1,3,6,-3,1.3862943611198906,-1,0,0,2,4,7,1000,6.90875477931522,1,1,0,6,0,1,1,497.0
17,2.8903717578961645,2,2,3,7,-3,1.3862943611198906,-1,0,0,2,4,7,-5,1.791759469228055,-1,0,1,0,2,5,1000,6.90875477931522,1,1,0,6,0,1,1,191.0
7,2.0794415416798357,1,2,0,7,1,0.6931471805599453,1,0,1,1,1,1,-3,1.3862943611198906,-1,0,0,2,4,7,1000,6.90875477931522,1,1,0,6,0,1,3,841.0
13,2.6390573296152584,1,3,6,3,2,1.0986122886681098,1,1,2,2,2,2,5,1.791759469228055,1,0,2,0,5,5,1905,7.552762084214147,0,0,0,1,5,1,1,1106.0
11,2.4849066497880004,2,1,4,1,-6,1.9459101490553132,-1,1,0,4,1,4,6,1.9459101490553132,1,1,0,1,6,6,10000,9.210440366976517,1,1,0,4,0,1,1,6741.0
17,2.8903717578961645,2,2,3,7,3,1.3862943611198906,1,0,0,3,3,3,-4,1.6094379124341003,-1,1,2,1,3,6,10000,9.210440366976517,1,1,0,4,0,1,1,3061.0
17,2.8903717578961645,2,2,3,7,4,1.6094379124341003,1,1,1,4,4,4,-6,1.9459101490553132,-1,1,0,4,1,4,10000,9.210440366976517,1,1,0,4,0,1,1,4871.0
5,1.791759469228055,2,0,5,5,6,1.9459101490553132,1,1,0,1,6,6,2,1.0986122886681098,1,1,2,2,2,2,1000,6.90875477931522,1,1,0,6,0,1,3,901.0
13,2.6390573296152584,1,3,6,3,-1,0.6931471805599453,-1,0,2,4,6,9,5,1.791759469228055,1,0,2,0,5,5,10000,9.210440366976517,1,1,0,4,0,1,4,8241.0
23,3.1780538303479458,2,3,2,3,-6,1.9459101490553132,-1,1,0,4,1,4,-2,1.0986122886681098,-1,1,1,3,5,8,1000,6.90875477931522,1,1,0,6,0,1,2,509.0
13,2.6390573296152584,1,3,6,3,-6,1.9459101490553132,-1,1,0,4,1,4,-3,1.3862943611198906,-1,0,0,2,4,7,788,6.670766320845874,1,2,3,4,8,1,1,645.0
11,2.4849066497880004,2,1,4,1,5,1.791759469228055,1,0,2,0,5,5,0,0.0,0,1,0,0,0,0,1000,6.90875477931522,1,1,0,6,0,1,1,31.0
19,2.995732273553991,1,4,5,9,4,1.6094379124341003,1,1,1,4,4,4,-1,0.6931471805599453,-1,0,2,4,6,9,4511,8.414495793177895,0,2,1,3,1,1,3,3884.0
19,2.995732273553991,1,4,5,9,3,1.3862943611198906,1,0,0,3,3,3,-5,1.791759469228055,-1,0,1,0,2,5,1000,6.90875477931522,1,1,0,6,0,1,1,293.0
11,2.4849066497880004,2,1,4,1,-6,1.9459101490553132,-1,1,0,4,1,4,0,0.0,0,1,0,0,0,0,10000,9.210440366976517,1,1,0,4,0,1,0,8151.0
11,2.4849066497880004,2,1,4,1,5,1.791759469228055,1,0,2,0,5,5,-4,1.6094379124341003,-1,1,2,1,3,6,3071,8.030084094267563,0,2,1,5,1,1,0,1786.0
23,3.1780538303479458,2,3,2,3,-2,1.0986122886681098,-1,1,1,3,5,8,2,1.0986122886681098,1,1,2,2,2,2,1000,6.90875477931522,1,1,0,6,0,1,3,541.0
7,2.0794415416798357,1,2,0,7,4,1.6094379124341003,1,1,1,4,4,4,-4,1.6094379124341003,-1,1,2,1,3,6,1436,7.270312886079025,1,2,1,1,6,1,3,1029.0
13,2.6390573296152584,1,3,6,3,2,1.0986122886681098,1,1,2,2,2,2,0,0.0,0,1,0,0,0,0,997,6.905753276311464,0,1,2,3,7,1,0,215.0
19,2.995732273553991,1,4,5,9,-1,0.6931471805599453,-1,0,2,4,6,9,-5,1.791759469228055,-1,0,1,0,2,5,2344,7.76004068088038,1,1,4,6,4,1,3,469.0
19,2.995732273553991,1,4,5,9,-6,1.9459101490553132,-1,1,0,4,1,4,-1,0.6931471805599453,-1,0,2,4,6,9,1157,7.05444965813294,0,2,2,2,7,1,3,209.0
7,2.0794415416798357,1,2,0,7,5,1.791759469228055,1,0,2,0,5,5,-1,0.6931471805599453,-1,0,2,4,6,9,3103,8.04044688130311,0,1,3,2,3,1,3,1739.0
13,2.6390573296152584,1,3,6,3,-4,1.6094379124341003,-1,1,2,1,3,6,6,1.9459101490553132,1,1,0,1,6,6,1312,7.180069874302796,1,1,2,3,2,1,1,323.0
7,2.0794415416798357,1,2,0,7,-6,1.9459101490553132,-1,1,0,4,1,4,-3,1.3862943611198906,-1,0,0,2,4,7,1000,6.90875477931522,1,1,0,6,0,1,1,349.0
5,1.791759469228055,2,0,5,5,-6,1.9459101490553132,-1,1,0,4,1,4,1,0.6931471805599453,1,0,1,1,1,1,10000,9.210440366976517,1,1,0,4,0,1,4,841.0
23,3.1780538303479458,2,3,2,3,2,1.0986122886681098,1,1,2,2,2,2,-2,1.0986122886681098,-1,1,1,3,5,8,1000,6.90875477931522,1,1,0,6,0,1,3,797.0
23,3.1780538303479458,2,3,2,3,-5,1.791759469228055,-1,0,1,0,2,5,-3,1.3862943611198906,-1,0,0,2,4,7,2789,7.933796874815411,0,2,4,3,9,1,0,1841.0
17,2.8903717578961645,2,2,3,7,-3,1.3862943611198906,-1,0,0,2,4,7,6,1.9459101490553132,1,1,0,1,6,6,4297,8.365905077202456,0,1,2,6,7,1,1,485.0
5,1.791759469228055,2,0,5,5,4,1.6094379124341003,1,1,1,4,4,4,-6,1.9459101490553132,-1,1,0,4,1,4,1000,6.90875477931522,1,1,0,6,0,1,2,271.0
13,2.6390573296152584,1,3,6,3,-1,0.6931471805599453,-1,0,2,4,6,9,1,0.6931471805599453,1,0,1,1,1,1,10000,9.210440366976517,1,1,0,4,0,1,5,1.0
13,2.6390573296152584,1,3,6,3,-3,1.3862943611198906,-1,0,0,2,4,7,0,0.0,0,1,0,0,0,0,3681,8.211211361793023,0,0,1,6,1,1,1,1033.0
11,2.4849066497880004,2,1,4,1,-2,1.0986122886681098,-1,1,1,3,5,8,5,1.791759469228055,1,0,2,0,5,5,10000,9.210440366976517,1,1,0,4,0,1,2,5133.0
13,2.6390573296152584,1,3,6,3,-1,0.6931471805599453,-1,0,2,4,6,9,2,1.0986122886681098,1,1,2,2,2,2,785,6.666956792429207,0,2,0,1,5,1,3,433.0
7,2.0794415416798357,1,2,0,7,3,1.3862943611198906,1,0,0,3,3,3,-1,0.6931471805599453,-1,0,2,4,6,9,10000,9.210440366976517,1,1,0,4,0,1,3,1429.0
7,2.0794415416798357,1,2,0,7,1,0.6931471805599453,1,0,1,1,1,1,-1,0.6931471805599453,-1,0,2,4,6,9,1000,6.90875477931522,1,1,0,6,0,1,5,29.0
11,2.4849066497880004,2,1,4,1,2,1.0986122886681098,1,1,2,2,2,2,5,1.791759469228055,1,0,2,0,5,5,10000,9.210440366976517,1,1,0,4,0,1,2,3797.0
23,3.1780538303479458,2,3,2,3,-1,0.6931471805599453,-1,0,2,4,6,9,1,0.6931471805599453,1,0,1,1,1,1,10000,9.210440366976517,1,1,0,4,0,1,5,1.0
13,2.6390573296152584,1,3,6,3,-6,1.9459101490553132,-1,1,0,4,1,4,-2,1.0986122886681098,-1,1,1,3,5,8,10000,9.210440366976517,1,1,0,4,0,1,2,9613.0
11,2.4849066497880004,2,1,4,1,-1,0.6931471805599453,-1,0,2,4,6,9,0,0.0,0,1,0,0,0,0,10000,9.210440366976517,1,1,0,4,0,1,2,1.0
7,2.0794415416798357,1,2,0,7,6,1.9459101490553132,1,1,0,1,6,6,-5,1.791759469228055,-1,0,1,0,2,5,10000,9.210440366976517,1,1,0,4,0,1,1,1107.0
19,2.995732273553991,1,4,5,9,1,0.6931471805599453,1,0,1,1,1,1,-4,1.6094379124341003,-1,1,2,1,3,6,1870,7.534228326274089,1,1,0,1,0,1,3,801.0
13,2.6390573296152584,1,3,6,3,-1,0.6931471805599453,-1,0,2,4,6,9,3,1.3862943611198906,1,0,0,3,3,3,10000,9.210440366976517,1,1,0,4,0,1,3,8553.0
13,2.6390573296152584,1,3,6,3,3,1.3862943611198906,1,0,0,3,3,3,3,1.3862943611198906,1,0,0,3,3,3,4575,8.428580533059634,0,0,0,4,5,1,3,37.0
7,2.0794415416798357,1,2,0,7,0,0.0,0,1,0,0,0,0,0,0.0,0,1,0,0,0,0,1000,6.90875477931522,1,1,0,6,0,1,0,1.0
7,2.0794415416798357,1,2,0,7,-6,1.9459101490553132,-1,1,0,4,1,4,-5,1.791759469228055,-1,0,1,0,2,5,4226,8.34924780056679,1,2,1,5,6,1,0,2721.0
13,2.6390573296152584,1,3,6,3,5,1.791759469228055,1,0,2,0,5,5,2,1.0986122886681098,1,1,2,2,2,2,1000,6.90875477931522,1,1,0,6,0,1,2,171.0
17,2.8903717578961645,2,2,3,7,3,1.3862943611198906,1,0,0,3,3,3,4,1.6094379124341003,1,1,1,4,4,4,1000,6.90875477931522,1,1,0,6,0,1,1,621.0
5,1.791759469228055,2,0,5,5,-4,1.6094379124341003,-1,1,2,1,3,6,0,0.0,0,1,0,0,0,0,523,6.261491684321042,0,1,3,5,3,1,0,205.0
23,3.1780538303479458,2,3,2,3,-1,0.6931471805599453,-1,0,2,4,6,9,5,1.791759469228055,1,0,2,0,5,5,1000,6.90875477931522,1,1,0,6,0,1,4,341.0
13,2.6390573296152584,1,3,6,3,-3,1.3862943611198906,-1,0,0,2,4,7,5,1.791759469228055,1,0,2,0,5,5,4862,8.489410810403786,1,2,2,4,2,1,1,2289.0
7,2.0794415416798357,1,2,0,7,2,1.0986122886681098,1,1,2,2,2,2,-5,1.791759469228055,-1,0,1,0,2,5,1416,7.256297239690681,1,0,1,2,6,1,1,1243.0
13,2.6390573296152584,1,3,6,3,-3,1.3862943611198906,-1,0,0,2,4,7,0,0.0,0,1,0,0,0,0,1794,7.492760300922379,1,0,4,2,4,1,2,313.0
13,2.6390573296152584,1,3,6,3,0,0.0,0,1,0,0,0,0,-4,1.6094379124341003,-1,1,2,1,3,6,660,6.493753839851686,1,0,0,2,0,1,1,241.0
17,2.8903717578961645,2,2,3,7,4,1.6094379124341003,1,1,1,4,4,4,1,0.6931471805599453,1,0,1,1,1,1,729,6.593044534142437,0,0,4,1,9,1,3,28.0
19,2.995732273553991,1,4,5,9,-1,0.6931471805599453,-1,0,2,4,6,9,-6,1.9459101490553132,-1,1,0,4,1,4,10000,9.210440366976517,1,1,0,4,0,1,3,8329.0
19,2.995732273553991,1,4,5,9,-1,0.6931471805599453,-1,0,2,4,6,9,1,0.6931471805599453,1,0,1,1,1,1,4124,8.324821298768782,1,2,4,1,4,1,5,1.0
23,3.1780538303479458,2,3,2,3,5,1.791759469228055,1,0,2,0,5,5,-2,1.0986122886681098,-1,1,1,3,5,8,1324,7.1891677384203225,1,1,4,1,4,1,1,1323.0
7,2.0794415416798357,1,2,0,7,-1,0.6931471805599453,-1,0,2,4,6,9,2,1.0986122886681098,1,1,2,2,2,2,10000,9.210440366976517,1,1,0,4,0,1,4,29.0
7,2.0794415416798357,1,2,0,7,-6,1.9459101490553132,-1,1,0,4,1,4,-1,0.6931471805599453,-1,0,2,4,6,9,10000,9.210440366976517,1,1,0,4,0,1,3,6239.0
19,2.995732273553991,1,4,5,9,6,1.9459101490553132,1,1,0,1,6,6,4,1.6094379124341003,1,1,1,4,4,4,4901,8.497398564088058,0,2,1,1,1,1,0,2115.0
5,1.791759469228055,2,0,5,5,-3,1.3862943611198906,-1,0,0,2,4,7,0,0.0,0,1,0,0,0,0,1000,6.90875477931522,1,1,0,6,0,1,1,61.0
11,2.4849066497880004,2,1,4,1,-1,0.6931471805599453,-1,0,2,4,6,9,-5,1.791759469228055,-1,0,1,0,2,5,3193,8.069029328774958,0,1,3,1,3,1,3,354.0
11,2.4849066497880004,2,1,4,1,-6,1.9459101490553132,-1,1,0,4,1,4,2,1.0986122886681098,1,1,2,2,2,2,1869,7.533693709848633,0,0,4,0,9,1,1,242.0
11,2.4849066497880004,2,1,4,1,6,1.9459101490553132,1,1,0,1,6,6,2,1.0986122886681098,1,1,2,2,2,2,4298,8.366137716496281,1,2,3,0,8,1,2,473.0
19,2.995732273553991,1,4,5,9,2,1.0986122886681098,1,1,2,2,2,2,-1,0.6931471805599453,-1,0,2,4,6,9,10000,9.210440366976517,1,1,0,4,0,1,4,9319.0
19,2.995732273553991,1,4,5,9,4,1.6094379124341003,1,1,1,4,4,4,2,1.0986122886681098,1,1,2,2,2,2,614,6.421622267806518,1,2,4,5,4,1,2,337.0
23,3.1780538303479458,2,3,2,3,-6,1.9459101490553132,-1,1,0,4,1,4,1,0.6931471805599453,1,0,1,1,1,1,4737,8.463370384718731,0,0,2,5,7,1,3,79.0
5,1.791759469228055,2,0,5,5,3,1.3862943611198906,1,0,0,3,3,3,5,1.791759469228055,1,0,2,0,5,5,1304,7.173958319756794,1,2,4,2,4,1,1,1061.0
11,2.4849066497880004,2,1,4,1,4,1.6094379124341003,1,1,1,4,4,4,-6,1.9459101490553132,-1,1,0,4,1,4,10000,9.210440366976517,1,1,0,4,0,1,1,39.0
23,3.1780538303479458,2,3,2,3,-5,1.791759469228055,-1,0,1,0,2,5,-1,0.6931471805599453,-1,0,2,4,6,9,4131,8.326516830239528,0,0,1,1,1,1,3,809.0
11,2.4849066497880004,2,1,4,1,-6,1.9459101490553132,-1,1,0,4,1,4,2,1.0986122886681098,1,1,2,2,2,2,1000,6.90875477931522,1,1,0,6,0,1,2,609.0
19,2.995732273553991,1,4,5,9,6,1.9459101490553132,1,1,0,1,6,6,-5,1.791759469228055,-1,0,1,0,2,5,1000,6.90875477931522,1,1,0,6,0,1,1,859.0
5,1.791759469228055,2,0,5,5,2,1.0986122886681098,1,1,2,2,2,2,5,1.791759469228055,1,0,2,0,5,5,10000,9.210440366976517,1,1,0,4,0,1,4,761.0
5,1.791759469228055,2,0,5,5,-6,1.9459101490553132,-1,1,0,4,1,4,1,0.6931471805599453,1,0,1,1,1,1,1000,6.90875477931522,1,1,0,6,0,1,4,841.0
19,2.995732273553991,1,4,5,9,2,1.0986122886681098,1,1,2,2,2,2,5,1.791759469228055,1,0,2,0,5,5,1000,6.90875477931522,1,1,0,6,0,1,2,757.0
5,1.791759469228055,2,0,5,5,-1,0.6931471805599453,-1,0,2,4,6,9,0,0.0,0,1,0,0,0,0,3705,8.217708406845306,0,0,0,2,5,1,3,1.0
19,2.995732273553991,1,4,5,9,-6,1.9459101490553132,-1,1,0,4,1,4,-4,1.6094379124341003,-1,1,2,1,3,6,2381,7.775695749915245,0,2,1,1,1,1,0,578.0
17,2.8903717578961645,2,2,3,7,4,1.6094379124341003,1,1,1,4,4,4,6,1.9459101490553132,1,1,0,1,6,6,929,6.835184586147301,0,2,4,5,9,1,0,240.0
19,2.995732273553991,1,4,5,9,-3,1.3862943611198906,-1,0,0,2,4,7,-6,1.9459101490553132,-1,1,0,4,1,4,1000,6.90875477931522,1,1,0,6,0,1,1,339.0
5,1.791759469228055,2,0,5,5,2,1.0986122886681098,1,1,2,2,2,2,-6,1.9459101490553132,-1,1,0,4,1,4,1000,6.90875477931522,1,1,0,6,0,1,3,201.0
19,2.995732273553991,1,4,5,9,6,1.9459101490553132,1,1,0,1,6,6,-3,1.3862943611198906,-1,0,0,2,4,7,1000,6.90875477931522,1,1,0,6,0,1,1,613.0
19,2.995732273553991,1,4,5,9,1,0.6931471805599453,1,0,1,1,1,1,-6,1.9459101490553132,-1,1,0,4,1,4,2134,7.666221925662725,1,1,4,6,4,1,3,1065.0
23,3.1780538303479458,2,3,2,3,1,0.6931471805599453,1,0,1,1,1,1,6,1.9459101490553132,1,1,0,1,6,6,10000,9.210440366976517,1,1,0,4,0,1,3,1071.0
17,2.8903717578961645,2,2,3,7,2,1.0986122886681098,1,1,2,2,2,2,2,1.0986122886681098,1,1,2,2,2,2,3431,8.140898460607852,0,2,1,1,1,1,1,183.0
23,3.1780538303479458,2,3,2,3,-6,1.9459101490553132,-1,1,0,4,1,4,3,1.3862943611198906,1,0,0,3,3,3,2529,7.835974581721566,0,0,4,2,9,1,2,1279.0
11,2.4849066497880004,2,1,4,1,-3,1.3862943611198906,-1,0,0,2,4,7,-6,1.9459101490553132,-1,1,0,4,1,4,1000,6.90875477931522,1,1,0,6,0,1,1,939.0
7,2.0794415416798357,1,2,0,7,-4,1.6094379124341003,-1,1,2,1,3,6,-3,1.3862943611198906,-1,0,0,2,4,7,1000,6.90875477931522,1,1,0,6,0,1,1,261.0
11,2.4849066497880004,2,1,4,1,-4,1.6094379124341003,-1,1,2,1,3,6,6,1.9459101490553132,1,1,0,1,6,6,1000,6.90875477931522,1,1,0,6,0,1,1,611.0
5,1.791759469228055,2,0,5,5,-5,1.791759469228055,-1,0,1,0,2,5,-1,0.6931471805599453,-1,0,2,4,6,9,10000,9.210440366976517,1,1,0,4,0,1,6,755.0
17,2.8903717578961645,2,2,3,7,5,1.791759469228055,1,0,2,0,5,5,3,1.3862943611198906,1,0,0,3,3,3,1037,6.945051063725834,0,2,2,1,7,1,1,766.0
5,1.791759469228055,2,0,5,5,6,1.9459101490553132,1,1,0,1,6,6,0,0.0,0,1,0,0,0,0,1000,6.90875477931522,1,1,0,6,0,1,1,555.0
7,2.0794415416798357,1,2,0,7,-3,1.3862943611198906,-1,0,0,2,4,7,0,0.0,0,1,0,0,0,0,1000,6.90875477931522,1,1,0,6,0,1,0,547.0
11,2.4849066497880004,2,1,4,1,-5,1.791759469228055,-1,0,1,0,2,5,0,0.0,0,1,0,0,0,0,10000,9.210440366976517,1,1,0,4,0,1,1,8021.0
7,2.0794415416798357,1,2,0,7,-6,1.9459101490553132,-1,1,0,4,1,4,1,0.6931471805599453,1,0,1,1,1,1,4748,8.465689348549121,1,2,3,2,8,1,3,73.0
11,2.4849066497880004,2,1,4,1,4,1.6094379124341003,1,1,1,4,4,4,-3,1.3862943611198906,-1,0,0,2,4,7,4002,8.294799358992574,1,0,2,5,2,1,1,2003.0
5,1.791759469228055,2,0,5,5,1,0.6931471805599453,1,0,1,1,1,1,3,1.3862943611198906,1,0,0,3,3,3,4981,8.513586695822125,0,1,1,4,1,1,3,71.0
23,3.1780538303479458,2,3,2,3,0,0.0,0,1,0,0,0,0,-2,1.0986122886681098,-1,1,1,3,5,8,10000,9.210440366976517,1,1,0,4,0,1,1,8607.0
17,2.8903717578961645,2,2,3,7,4,1.6094379124341003,1,1,1,4,4,4,-3,1.3862943611198906,-1,0,0,2,4,7,3029,8.016317898503415,0,2,4,5,9,1,0,2573.0
17,2.8903717578961645,2,2,3,7,0,0.0,0,1,0,0,0,0,1,0.6931471805599453,1,0,1,1,1,1,3879,8.263590432617319,0,0,4,1,9,1,2,1.0
7,2.0794415416798357,1,2,0,7,5,1.791759469228055,1,0,2,0,5,5,-3,1.3862943611198906,-1,0,0,2,4,7,505,6.226536669287466,0,1,0,1,5,1,1,3.0
11,2.4849066497880004,2,1,4,1,5,1.791759469228055,1,0,2,0,5,5,-3,1.3862943611198906,-1,0,0,2,4,7,1000,6.90875477931522,1,1,0,6,0,1,1,573.0
19,2.995732273553991,1,4,5,9,-2,1.0986122886681098,-1,1,1,3,5,8,-5,1.791759469228055,-1,0,1,0,2,5,2248,7.718240951959316,1,1,3,1,8,1,1,1651.0
13,2.6390573296152584,1,3,6,3,6,1.9459101490553132,1,1,0,1,6,6,2,1.0986122886681098,1,1,2,2,2,2,1000,6.90875477931522,1,1,0,6,0,1,2,637.0
23,3.1780538303479458,2,3,2,3,-4,1.6094379124341003,-1,1,2,1,3,6,3,1.3862943611198906,1,0,0,3,3,3,1000,6.90875477931522,1,1,0,6,0,1,1,707.0
13,2.6390573296152584,1,3,6,3,-3,1.3862943611198906,-1,0,0,2,4,7,0,0.0,0,1,0,0,0,0,2146,7.671826797878781,1,1,1,4,6,1,0,1571.0
17,2.8903717578961645,2,2,3,7,3,1.3862943611198906,1,0,0,3,3,3,-5,1.791759469228055,-1,0,1,0,2,5,2258,7.7226775164680035,1,2,3,4,8,1,0,1891.0
7,2.0794415416798357,1,2,0,7,-6,1.9459101490553132,-1,1,0,4,1,4,-2,1.0986122886681098,-1,1,1,3,5,8,10000,9.210440366976517,1,1,0,4,0,1,2,221.0
17,2.8903717578961645,2,2,3,7,0,0.0,0,1,0,0,0,0,3,1.3862943611198906,1,0,0,3,3,3,2847,7.954372272531867,0,0,2,5,7,1,1,61.0
13,2.6390573296152584,1,3,6,3,6,1.9459101490553132,1,1,0,1,6,6,-4,1.6094379124341003,-1,1,2,1,3,6,3174,8.063062911326792,1,0,4,3,4,1,1,1543.0
11,2.4849066497880004,2,1,4,1,-3,1.3862943611198906,-1,0,0,2,4,7,-2,1.0986122886681098,-1,1,1,3,5,8,1000,6.90875477931522,1,1,0,6,0,1,1,771.0
7,2.0794415416798357,1,2,0,7,-6,1.9459101490553132,-1,1,0,4,1,4,-6,1.9459101490553132,-1,1,0,4,1,4,10000,9.210440366976517,1,1,0,4,0,1,1,4529.0
5,1.791759469228055,2,0,5,5,3,1.3862943611198906,1,0,0,3,3,3,-4,1.6094379124341003,-1,1,2,1,3,6,4328,8.37309184744198,1,2,3,2,8,1,1,341.0
23,3.1780538303479458,2,3,2,3,2,1.0986122886681098,1,1,2,2,2,2,4,1.6094379124341003,1,1,1,4,4,4,10000,9.210440366976517,1,1,0,4,0,1,3,3019.0
11,2.4849066497880004,2,1,4,1,-5,1.791759469228055,-1,0,1,0,2,5,-3,1.3862943611198906,-1,0,0,2,4,7,10000,9.210440366976517,1,1,0,4,0,1,1,9573.0
5,1.791759469228055,2,0,5,5,-4,1.6094379124341003,-1,1,2,1,3,6,0,0.0,0,1,0,0,0,0,4565,8.42639282708974,0,2,0,1,5,1,1,205.0
17,2.8903717578961645,2,2,3,7,-5,1.791759469228055,-1,0,1,0,2,5,-3,1.3862943611198906,-1,0,0,2,4,7,4152,8.331586243630754,1,0,2,1,2,1,1,3173.0
13,2.6390573296152584,1,3,6,3,-4,1.6094379124341003,-1,1,2,1,3,6,-4,1.6094379124341003,-1,1,2,1,3,6,2989,8.003028666384733,0,1,4,0,9,1,1,2675.0
13,2.6390573296152584,1,3,6,3,4,1.6094379124341003,1,1,1,4,4,4,6,1.9459101490553132,1,1,0,1,6,6,3620,8.19450550976564,1,2,0,1,0,1,1,951.0
5,1.791759469228055,2,0,5,5,4,1.6094379124341003,1,1,1,4,4,4,6,1.9459101490553132,1,1,0,1,6,6,10000,9.210440366976517,1,1,0,4,0,1,2,2651.0
5,1.791759469228055,2,0,5,5,-4,1.6094379124341003,-1,1,2,1,3,6,6,1.9459101490553132,1,1,0,1,6,6,10000,9.210440366976517,1,1,0,4,0,1,2,691.0
13,2.6390573296152584,1,3,6,3,-2,1.0986122886681098,-1,1,1,3,5,8,1,0.6931471805599453,1,0,1,1,1,1,10000,9.210440366976517,1,1,0,4,0,1,4,1.0
11,2.4849066497880004,2,1,4,1,1,0.6931471805599453,1,0,1,1,1,1,-4,1.6094379124341003,-1,1,2,1,3,6,10000,9.210440366976517,1,1,0,4,0,1,4,6331.0
5,1.791759469228055,2,0,5,5,1,0.6931471805599453,1,0,1,1,1,1,3,1.3862943611198906,1,0,0,3,3,3,1000,6.90875477931522,1,1,0,6,0,1,4,71.0
17,2.8903717578961645,2,2,3,7,4,1.6094379124341003,1,1,1,4,4,4,-2,1.0986122886681098,-1,1,1,3,5,8,10000,9.210440366976517,1,1,0,4,0,1,3,1427.0
17,2.8903717578961645,2,2,3,7,4,1.6094379124341003,1,1,1,4,4,4,0,0.0,0,1,0,0,0,0,1000,6.90875477931522,1,1,0,6,0,1,1,61.0
13,2.6390573296152584,1,3,6,3,-1,0.6931471805599453,-1,0,2,4,6,9,-1,0.6931471805599453,-1,0,2,4,6,9,1000,6.90875477931522,1,1,0,6,0,1,5,521.0
19,2.995732273553991,1,4,5,9,-1,0.6931471805599453,-1,0,2,4,6,9,5,1.791759469228055,1,0,2,0,5,5,755,6.628041376179533,0,2,0,6,5,1,4,11.0
13,2.6390573296152584,1,3,6,3,3,1.3862943611198906,1,0,0,3,3,3,-1,0.6931471805599453,-1,0,2,4,6,9,1000,6.90875477931522,1,1,0,6,0,1,3,841.0
19,2.995732273553991,1,4,5,9,5,1.791759469228055,1,0,2,0,5,5,6,1.9459101490553132,1,1,0,1,6,6,1000,6.90875477931522,1,1,0,6,0,1,1,371.0
11,2.4849066497880004,2,1,4,1,-3,1.3862943611198906,-1,0,0,2,4,7,1,0.6931471805599453,1,0,1,1,1,1,1000,6.90875477931522,1,1,0,6,0,1,3,921.0
17,2.8903717578961645,2,2,3,7,4,1.6094379124341003,1,1,1,4,4,4,5,1.791759469228055,1,0,2,0,5,5,1000,6.90875477931522,1,1,0,6,0,1,2,41.0
13,2.6390573296152584,1,3,6,3,-2,1.0986122886681098,-1,1,1,3,5,8,5,1.791759469228055,1,0,2,0,5,5,1000,6.90875477931522,1,1,0,6,0,1,2,681.0
23,3.1780538303479458,2,3,2,3,-6,1.9459101490553132,-1,1,0,4,1,4,-2,1.0986122886681098,-1,1,1,3,5,8,10000,9.210440366976517,1,1,0,4,0,1,2,8509.0
5,1.791759469228055,2,0,5,5,2,1.0986122886681098,1,1,2,2,2,2,5,1.791759469228055,1,0,2,0,5,5,3240,8.083637203141548,1,0,0,6,0,1,4,761.0
11,2.4849066497880004,2,1,4,1,4,1.6094379124341003,1,1,1,4,4,4,4,1.6094379124341003,1,1,1,4,4,4,10000,9.210440366976517,1,1,0,4,0,1,3,209.0
13,2.6390573296152584,1,3,6,3,2,1.0986122886681098,1,1,2,2,2,2,3,1.3862943611198906,1,0,0,3,3,3,1000,6.90875477931522,1,1,0,6,0,1,1,913.0
7,2.0794415416798357,1,2,0,7,-5,1.791759469228055,-1,0,1,0,2,5,0,0.0,0,1,0,0,0,0,10000,9.210440366976517,1,1,0,4,0,1,1,3021.0
23,3.1780538303479458,2,3,2,3,1,0.6931471805599453,1,0,1,1,1,1,3,1.3862943611198906,1,0,0,3,3,3,10000,9.210440366976517,1,1,0,4,0,1,3,8987.0
19,2.995732273553991,1,4,5,9,-2,1.0986122886681098,-1,1,1,3,5,8,-5,1.791759469228055,-1,0,1,0,2,5,1000,6.90875477931522,1,1,0,6,0,1,2,923.0
23,3.1780538303479458,2,3,2,3,2,1.0986122886681098,1,1,2,2,2,2,-4,1.6094379124341003,-1,1,2,1,3,6,10000,9.210440366976517,1,1,0,4,0,1,3,7939.0
23,3.1780538303479458,2,3,2,3,4,1.6094379124341003,1,1,1,4,4,4,4,1.6094379124341003,1,1,1,4,4,4,1000,6.90875477931522,1,1,0,6,0,1,3,449.0
11,2.4849066497880004,2,1,4,1,3,1.3862943611198906,1,0,0,3,3,3,-6,1.9459101490553132,-1,1,0,4,1,4,1000,6.90875477931522,1,1,0,6,0,1,1,29.0
13,2.6390573296152584,1,3,6,3,-4,1.6094379124341003,-1,1,2,1,3,6,-6,1.9459101490553132,-1,1,0,4,1,4,10000,9.210440366976517,1,1,0,4,0,1,1,751.0
19,2.995732273553991,1,4,5,9,-5,1.791759469228055,-1,0,1,0,2,5,5,1.791759469228055,1,0,2,0,5,5,1000,6.90875477931522,1,1,0,6,0,1,3,841.0
19,2.995732273553991,1,4,5,9,-1,0.6931471805599453,-1,0,2,4,6,9,2,1.0986122886681098,1,1,2,2,2,2,1000,6.90875477931522,1,1,0,6,0,1,4,873.0
13,2.6390573296152584,1,3,6,3,-5,1.791759469228055,-1,0,1,0,2,5,5,1.791759469228055,1,0,2,0,5,5,1000,6.90875477931522,1,1,0,6,0,1,3,841.0
23,3.1780538303479458,2,3,2,3,6,1.9459101490553132,1,1,0,1,6,6,-2,1.0986122886681098,-1,1,1,3,5,8,1565,7.356279876550748,0,2,0,4,5,1,1,362.0
19,2.995732273553991,1,4,5,9,0,0.0,0,1,0,0,0,0,-4,1.6094379124341003,-1,1,2,1,3,6,4911,8.499436469826978,0,0,1,4,1,1,0,3058.0
17,2.8903717578961645,2,2,3,7,-2,1.0986122886681098,-1,1,1,3,5,8,0,0.0,0,1,0,0,0,0,1000,6.90875477931522,1,1,0,6,0,1,1,691.0
13,2.6390573296152584,1,3,6,3,0,0.0,0,1,0,0,0,0,3,1.3862943611198906,1,0,0,3,3,3,897,6.8001700683022,0,0,2,1,7,1,2,313.0
17,2.8903717578961645,2,2,3,7,6,1.9459101490553132,1,1,0,1,6,6,0,0.0,0,1,0,0,0,0,631,6.448889394146858,0,1,1,1,1,1,0,232.0
5,1.791759469228055,2,0,5,5,2,1.0986122886681098,1,1,2,2,2,2,6,1.9459101490553132,1,1,0,1,6,6,1000,6.90875477931522,1,1,0,6,0,1,3,525.0
17,2.8903717578961645,2,2,3,7,-2,1.0986122886681098,-1,1,1,3,5,8,4,1.6094379124341003,1,1,1,4,4,4,2648,7.88193748927207,1,2,3,2,8,1,3,191.0
5,1.791759469228055,2,0,5,5,-5,1.791759469228055,-1,0,1,0,2,5,6,1.9459101490553132,1,1,0,1,6,6,1055,6.962243464266207,0,2,0,5,5,1,3,671.0
17,2.8903717578961645,2,2,3,7,6,1.9459101490553132,1,1,0,1,6,6,-5,1.791759469228055,-1,0,1,0,2,5,928,6.834108738813838,1,1,3,4,8,1,0,289.0
7,2.0794415416798357,1,2,0,7,6,1.9459101490553132,1,1,0,1,6,6,4,1.6094379124341003,1,1,1,4,4,4,1000,6.90875477931522,1,1,0,6,0,1,1,519.0
11,2.4849066497880004,2,1,4,1,5,1.791759469228055,1,0,2,0,5,5,1,0.6931471805599453,1,0,1,1,1,1,1000,6.90875477931522,1,1,0,6,0,1,4,481.0
13,2.6390573296152584,1,3,6,3,-4,1.6094379124341003,-1,1,2,1,3,6,1,0.6931471805599453,1,0,1,1,1,1,1000,6.90875477931522,1,1,0,6,0,1,4,161.0
23,3.1780538303479458,2,3,2,3,3,1.3862943611198906,1,0,0,3,3,3,0,0.0,0,1,0,0,0,0,596,6.391917113392602,1,2,1,1,6,1,0,517.0
5,1.791759469228055,2,0,5,5,-5,1.791759469228055,-1,0,1,0,2,5,5,1.791759469228055,1,0,2,0,5,5,10000,9.210440366976517,1,1,0,4,0,5,6,341.0
17,2.8903717578961645,2,2,3,7,1,0.6931471805599453,1,0,1,1,1,1,2,1.0986122886681098,1,1,2,2,2,2,4439,8.39840965542627,0,2,4,1,9,1,3,3441.0
17,2.8903717578961645,2,2,3,7,-1,0.6931471805599453,-1,0,2,4,6,9,4,1.6094379124341003,1,1,1,4,4,4,10000,9.210440366976517,1,1,0,4,0,1,4,1581.0
11,2.4849066497880004,2,1,4,1,-5,1.791759469228055,-1,0,1,0,2,5,-1,0.6931471805599453,-1,0,2,4,6,9,4794,8.475328987317539,1,0,4,6,4,1,3,433.0
17,2.8903717578961645,2,2,3,7,2,1.0986122886681098,1,1,2,2,2,2,2,1.0986122886681098,1,1,2,2,2,2,4348,8.37770121259764,1,1,3,1,8,1,3,121.0
11,2.4849066497880004,2,1,4,1,3,1.3862943611198906,1,0,0,3,3,3,-1,0.6931471805599453,-1,0,2,4,6,9,2129,7.6638772587034705,0,2,4,1,9,1,3,1848.0
23,3.1780538303479458,2,3,2,3,5,1.791759469228055,1,0,2,0,5,5,6,1.9459101490553132,1,1,0,1,6,6,1000,6.90875477931522,1,1,0,6,0,1,1,691.0
7,2.0794415416798357,1,2,0,7,3,1.3862943611198906,1,0,0,3,3,3,-6,1.9459101490553132,-1,1,0,4,1,4,2112,7.655864017616056,1,0,2,5,2,1,3,793.0
11,2.4849066497880004,2,1,4,1,4,1.6094379124341003,1,1,1,4,4,4,1,0.6931471805599453,1,0,1,1,1,1,10000,9.210440366976517,1,1,0,4,0,1,4,8121.0
13,2.6390573296152584,1,3,6,3,-2,1.0986122886681098,-1,1,1,3,5,8,-5,1.791759469228055,-1,0,1,0,2,5,10000,9.210440366976517,1,1,0,4,0,1,2,6281.0
7,2.0794415416798357,1,2,0,7,-2,1.0986122886681098,-1,1,1,3,5,8,4,1.6094379124341003,1,1,1,4,4,4,10000,9.210440366976517,1,1,0,4,0,1,3,2359.0
23,3.1780538303479458,2,3,2,3,-6,1.9459101490553132,-1,1,0,4,1,4,6,1.9459101490553132,1,1,0,1,6,6,10000,9.210440366976517,1,1,0,4,0,1,1,2261.0
11,2.4849066497880004,2,1,4,1,3,1.3862943611198906,1,0,0,3,3,3,1,0.6931471805599453,1,0,1,1,1,1,1000,6.90875477931522,1,1,0,6,0,1,3,601.0
13,2.6390573296152584,1,3,6,3,-3,1.3862943611198906,-1,0,0,2,4,7,5,1.791759469228055,1,0,2,0,5,5,10000,9.210440366976517,1,1,0,4,0,1,1,2641.0
17,2.8903717578961645,2,2,3,7,-3,1.3862943611198906,-1,0,0,2,4,7,2,1.0986122886681098,1,1,2,2,2,2,2634,7.876638460975463,1,0,4,2,4,1,2,1547.0
5,1.791759469228055,2,0,5,5,-2,1.0986122886681098,-1,1,1,3,5,8,6,1.9459101490553132,1,1,0,1,6,6,4965,8.510369966068112,0,0,0,2,5,1,2,881.0
23,3.1780538303479458,2,3,2,3,-2,1.0986122886681098,-1,1,1,3,5,8,1,0.6931471805599453,1,0,1,1,1,1,1859,7.528331766707247,0,2,4,4,9,1,3,1.0
19,2.995732273553991,1,4,5,9,5,1.791759469228055,1,0,2,0,5,5,5,1.791759469228055,1,0,2,0,5,5,1000,6.90875477931522,1,1,0,6,0,1,3,1.0
17,2.8903717578961645,2,2,3,7,1,0.6931471805599453,1,0,1,1,1,1,-2,1.0986122886681098,-1,1,1,3,5,8,10000,9.210440366976517,1,1,0,4,0,1,4,1071.0
11,2.4849066497880004,2,1,4,1,-1,0.6931471805599453,-1,0,2,4,6,9,1,0.6931471805599453,1,0,1,1,1,1,10000,9.210440366976517,1,1,0,4,0,1,5,1.0
13,2.6390573296152584,1,3,6,3,0,0.0,0,1,0,0,0,0,-2,1.0986122886681098,-1,1,1,3,5,8,841,6.7357800142423265,0,1,1,1,1,1,0,622.0
7,2.0794415416798357,1,2,0,7,-5,1.791759469228055,-1,0,1,0,2,5,6,1.9459101490553132,1,1,0,1,6,6,10000,9.210440366976517,1,1,0,4,0,1,1,3521.0
13,2.6390573296152584,1,3,6,3,-6,1.9459101490553132,-1,1,0,4,1,4,3,1.3862943611198906,1,0,0,3,3,3,2277,7.731053144007127,0,0,2,2,7,1,2,757.0
7,2.0794415416798357,1,2,0,7,-6,1.9459101490553132,-1,1,0,4,1,4,5,1.791759469228055,1,0,2,0,5,5,10000,9.210440366976517,1,1,0,4,0,1,1,3021.0
13,2.6390573296152584,1,3,6,3,3,1.3862943611198906,1,0,0,3,3,3,-6,1.9459101490553132,-1,1,0,4,1,4,3018,8.012680929706839,1,0,3,1,8,1,3,2227.0
17,2.8903717578961645,2,2,3,7,2,1.0986122886681098,1,1,2,2,2,2,0,0.0,0,1,0,0,0,0,10000,9.210440366976517,1,1,0,4,0,1,1,1071.0
7,2.0794415416798357,1,2,0,7,5,1.791759469228055,1,0,2,0,5,5,5,1.791759469228055,1,0,2,0,5,5,10000,9.210440366976517,1,1,0,4,0,1,3,1.0
23,3.1780538303479458,2,3,2,3,6,1.9459101490553132,1,1,0,1,6,6,-1,0.6931471805599453,-1,0,2,4,6,9,1000,6.90875477931522,1,1,0,6,0,1,3,639.0
5,1.791759469228055,2,0,5,5,6,1.9459101490553132,1,1,0,1,6,6,-4,1.6094379124341003,-1,1,2,1,3,6,10000,9.210440366976517,1,1,0,4,0,1,2,1511.0
7,2.0794415416798357,1,2,0,7,4,1.6094379124341003,1,1,1,4,4,4,-2,1.0986122886681098,-1,1,1,3,5,8,1000,6.90875477931522,1,1,0,6,0,1,3,931.0
11,2.4849066497880004,2,1,4,1,-4,1.6094379124341003,-1,1,2,1,3,6,3,1.3862943611198906,1,0,0,3,3,3,1478,7.2991214627108,1,2,3,1,8,1,0,1425.0
7,2.0794415416798357,1,2,0,7,-4,1.6094379124341003,-1,1,2,1,3,6,-3,1.3862943611198906,-1,0,0,2,4,7,4348,8.37770121259764,1,1,3,1,8,1,1,521.0
5,1.791759469228055,2,0,5,5,5,1.791759469228055,1,0,2,0,5,5,5,1.791759469228055,1,0,2,0,5,5,827,6.71901315438526,0,2,2,1,7,1,3,20.0
7,2.0794415416798357,1,2,0,7,2,1.0986122886681098,1,1,2,2,2,2,-6,1.9459101490553132,-1,1,0,4,1,4,10000,9.210440366976517,1,1,0,4,0,1,2,1209.0
23,3.1780538303479458,2,3,2,3,-4,1.6094379124341003,-1,1,2,1,3,6,5,1.791759469228055,1,0,2,0,5,5,10000,9.210440366976517,1,1,0,4,0,1,2,7133.0
13,2.6390573296152584,1,3,6,3,-6,1.9459101490553132,-1,1,0,4,1,4,4,1.6094379124341003,1,1,1,4,4,4,3850,8.25608813381491,1,1,0,0,0,1,0,1461.0
11,2.4849066497880004,2,1,4,1,-1,0.6931471805599453,-1,0,2,4,6,9,-5,1.791759469228055,-1,0,1,0,2,5,4670,8.449128460502108,1,2,0,1,0,1,4,2601.0
19,2.995732273553991,1,4,5,9,-2,1.0986122886681098,-1,1,1,3,5,8,6,1.9459101490553132,1,1,0,1,6,6,10000,9.210440366976517,1,1,0,4,0,1,2,4121.0
7,2.0794415416798357,1,2,0,7,-1,0.6931471805599453,-1,0,2,4,6,9,-1,0.6931471805599453,-1,0,2,4,6,9,10000,9.210440366976517,1,1,0,4,0,1,5,29.0
23,3.1780538303479458,2,3,2,3,-5,1.791759469228055,-1,0,1,0,2,5,2,1.0986122886681098,1,1,2,2,2,2,1000,6.90875477931522,1,1,0,6,0,1,2,433.0
23,3.1780538303479458,2,3,2,3,5,1.791759469228055,1,0,2,0,5,5,3,1.3862943611198906,1,0,0,3,3,3,2945,7.988203597022576,0,2,0,5,5,1,1,1022.0
17,2.8903717578961645,2,2,3,7,4,1.6094379124341003,1,1,1,4,4,4,-3,1.3862943611198906,-1,0,0,2,4,7,10000,9.210440366976517,1,1,0,4,0,1,1,7553.0
7,2.0794415416798357,1,2,0,7,-3,1.3862943611198906,-1,0,0,2,4,7,-2,1.0986122886681098,-1,1,1,3,5,8,1000,6.90875477931522,1,1,0,6,0,1,1,571.0
17,2.8903717578961645,2,2,3,7,-5,1.791759469228055,-1,0,1,0,2,5,-2,1.0986122886681098,-1,1,1,3,5,8,4234,8.351138607086154,1,1,4,6,4,1,1,3621.0
5,1.791759469228055,2,0,5,5,6,1.9459101490553132,1,1,0,1,6,6,-3,1.3862943611198906,-1,0,0,2,4,7,10000,9.210440366976517,1,1,0,4,0,1,2,1441.0
17,2.8903717578961645,2,2,3,7,3,1.3862943611198906,1,0,0,3,3,3,0,0.0,0,1,0,0,0,0,924,6.829793737512425,1,0,4,0,4,1,1,37.0
13,2.6390573296152584,1,3,6,3,3,1.3862943611198906,1,0,0,3,3,3,-2,1.0986122886681098,-1,1,1,3,5,8,3489,8.157657015196472,0,0,4,3,9,1,1,2200.0
13,2.6390573296152584,1,3,6,3,3,1.3862943611198906,1,0,0,3,3,3,6,1.9459101490553132,1,1,0,1,6,6,1000,6.90875477931522,1,1,0,6,0,1,1,311.0
17,2.8903717578961645,2,2,3,7,0,0.0,0,1,0,0,0,0,2,1.0986122886681098,1,1,2,2,2,2,10000,9.210440366976517,1,1,0,4,0,1,1,3691.0
19,2.995732273553991,1,4,5,9,4,1.6094379124341003,1,1,1,4,4,4,0,0.0,0,1,0,0,0,0,4469,8.405143687607614,0,2,4,3,9,1,0,1527.0
5,1.791759469228055,2,0,5,5,1,0.6931471805599453,1,0,1,1,1,1,5,1.791759469228055,1,0,2,0,5,5,10000,9.210440366976517,1,1,0,4,0,1,6,605.0
7,2.0794415416798357,1,2,0,7,4,1.6094379124341003,1,1,1,4,4,4,6,1.9459101490553132,1,1,0,1,6,6,10000,9.210440366976517,1,1,0,4,0,1,1,3451.0
13,2.6390573296152584,1,3,6,3,0,0.0,0,1,0,0,0,0,-2,1.0986122886681098,-1,1,1,3,5,8,10000,9.210440366976517,1,1,0,4,0,1,1,8191.0
7,2.0794415416798357,1,2,0,7,-6,1.9459101490553132,-1,1,0,4,1,4,-4,1.6094379124341003,-1,1,2,1,3,6,3707,8.218247926685745,0,2,2,4,7,1,0,3222.0
5,1.791759469228055,2,0,5,5,-4,1.6094379124341003,-1,1,2,1,3,6,3,1.3862943611198906,1,0,0,3,3,3,1000,6.90875477931522,1,1,0,6,0,1,2,61.0
13,2.6390573296152584,1,3,6,3,0,0.0,0,1,0,0,0,0,1,0.6931471805599453,1,0,1,1,1,1,10000,9.210440366976517,1,1,0,4,0,1,2,1.0
19,2.995732273553991,1,4,5,9,-4,1.6094379124341003,-1,1,2,1,3,6,4,1.6094379124341003,1,1,1,4,4,4,1000,6.90875477931522,1,1,0,6,0,1,3,169.0
17,2.8903717578961645,2,2,3,7,1,0.6931471805599453,1,0,1,1,1,1,3,1.3862943611198906,1,0,0,3,3,3,2853,7.956476798036782,0,0,3,4,3,1,4,2261.0
23,3.1780538303479458,2,3,2,3,6,1.9459101490553132,1,1,0,1,6,6,0,0.0,0,1,0,0,0,0,10000,9.210440366976517,1,1,0,4,0,1,0,563.0
23,3.1780538303479458,2,3,2,3,2,1.0986122886681098,1,1,2,2,2,2,-1,0.6931471805599453,-1,0,2,4,6,9,2751,7.920083199053234,0,0,1,0,1,1,3,1343.0
17,2.8903717578961645,2,2,3,7,4,1.6094379124341003,1,1,1,4,4,4,-1,0.6931471805599453,-1,0,2,4,6,9,1000,6.90875477931522,1,1,0,6,0,1,4,281.0
11,2.4849066497880004,2,1,4,1,-2,1.0986122886681098,-1,1,1,3,5,8,-5,1.791759469228055,-1,0,1,0,2,5,4132,8.326758814511733,1,1,2,2,2,1,1,4027.0
17,2.8903717578961645,2,2,3,7,6,1.9459101490553132,1,1,0,1,6,6,-4,1.6094379124341003,-1,1,2,1,3,6,10000,9.210440366976517,1,1,0,4,0,1,1,6471.0
11,2.4849066497880004,2,1,4,1,-2,1.0986122886681098,-1,1,1,3,5,8,6,1.9459101490553132,1,1,0,1,6,6,4160,8.333510708982942,1,2,0,2,0,1,2,441.0
17,2.8903717578961645,2,2,3,7,2,1.0986122886681098,1,1,2,2,2,2,-5,1.791759469228055,-1,0,1,0,2,5,916,6.821107472256465,1,1,1,6,6,1,1,701.0
19,2.995732273553991,1,4,5,9,5,1.791759469228055,1,0,2,0,5,5,2,1.0986122886681098,1,1,2,2,2,2,1000,6.90875477931522,1,1,0,6,0,1,2,723.0
19,2.995732273553991,1,4,5,9,-6,1.9459101490553132,-1,1,0,4,1,4,4,1.6094379124341003,1,1,1,4,4,4,4467,8.404696160189092,0,0,2,1,7,1,0,4303.0
11,2.4849066497880004,2,1,4,1,2,1.0986122886681098,1,1,2,2,2,2,-2,1.0986122886681098,-1,1,1,3,5,8,1000,6.90875477931522,1,1,0,6,0,1,3,781.0
5,1.791759469228055,2,0,5,5,-2,1.0986122886681098,-1,1,1,3,5,8,0,0.0,0,1,0,0,0,0,10000,9.210440366976517,1,1,0,4,0,1,2,11.0
7,2.0794415416798357,1,2,0,7,-4,1.6094379124341003,-1,1,2,1,3,6,3,1.3862943611198906,1,0,0,3,3,3,10000,9.210440366976517,1,1,0,4,0,1,1,547.0
11,2.4849066497880004,2,1,4,1,-4,1.6094379124341003,-1,1,2,1,3,6,0,0.0,0,1,0,0,0,0,10000,9.210440366976517,1,1,0,4,0,1,1,8861.0
7,2.0794415416798357,1,2,0,7,1,0.6931471805599453,1,0,1,1,1,1,1,0.6931471805599453,1,0,1,1,1,1,3856,8.257644958208228,1,1,1,6,6,1,5,1.0
11,2.4849066497880004,2,1,4,1,-3,1.3862943611198906,-1,0,0,2,4,7,2,1.0986122886681098,1,1,2,2,2,2,10000,9.210440366976517,1,1,0,4,0,1,1,683.0
5,1.791759469228055,2,0,5,5,5,1.791759469228055,1,0,2,0,5,5,1,0.6931471805599453,1,0,1,1,1,1,3939,8.27893600229198,0,0,4,5,9,1,4,841.0
19,2.995732273553991,1,4,5,9,0,0.0,0,1,0,0,0,0,-6,1.9459101490553132,-1,1,0,4,1,4,10000,9.210440366976517,1,1,0,4,0,1,0,2099.0
13,2.6390573296152584,1,3,6,3,-6,1.9459101490553132,-1,1,0,4,1,4,6,1.9459101490553132,1,1,0,1,6,6,1000,6.90875477931522,1,1,0,6,0,1,1,741.0
11,2.4849066497880004,2,1,4,1,3,1.3862943611198906,1,0,0,3,3,3,4,1.6094379124341003,1,1,1,4,4,4,2859,7.958576903813898,0,0,4,3,9,1,1,1702.0
23,3.1780538303479458,2,3,2,3,0,0.0,0,1,0,0,0,0,3,1.3862943611198906,1,0,0,3,3,3,1000,6.90875477931522,1,1,0,6,0,1,0,707.0
23,3.1780538303479458,2,3,2,3,0,0.0,0,1,0,0,0,0,-6,1.9459101490553132,-1,1,0,4,1,4,1000,6.90875477931522,1,1,0,6,0,1,0,563.0
19,2.995732273553991,1,4,5,9,0,0.0,0,1,0,0,0,0,3,1.3862943611198906,1,0,0,3,3,3,692,6.541029999189903,1,2,2,6,2,1,0,103.0
13,2.6390573296152584,1,3,6,3,3,1.3862943611198906,1,0,0,3,3,3,1,0.6931471805599453,1,0,1,1,1,1,2859,7.958576903813898,0,0,4,3,9,1,4,2695.0
19,2.995732273553991,1,4,5,9,-3,1.3862943611198906,-1,0,0,2,4,7,3,1.3862943611198906,1,0,0,3,3,3,506,6.2285110035911835,1,2,1,2,6,1,1,197.0
23,3.1780538303479458,2,3,2,3,-3,1.3862943611198906,-1,0,0,2,4,7,4,1.6094379124341003,1,1,1,4,4,4,1000,6.90875477931522,1,1,0,6,0,1,1,259.0
7,2.0794415416798357,1,2,0,7,2,1.0986122886681098,1,1,2,2,2,2,-1,0.6931471805599453,-1,0,2,4,6,9,2979,7.9996785794994505,0,0,4,4,9,1,3,239.0
17,2.8903717578961645,2,2,3,7,3,1.3862943611198906,1,0,0,3,3,3,-6,1.9459101490553132,-1,1,0,4,1,4,1000,6.90875477931522,1,1,0,6,0,1,1,311.0
23,3.1780538303479458,2,3,2,3,-4,1.6094379124341003,-1,1,2,1,3,6,2,1.0986122886681098,1,1,2,2,2,2,10000,9.210440366976517,1,1,0,4,0,1,3,7623.0
7,2.0794415416798357,1,2,0,7,4,1.6094379124341003,1,1,1,4,4,4,-3,1.3862943611198906,-1,0,0,2,4,7,942,6.849066282633458,1,0,2,4,2,1,1,613.0
5,1.791759469228055,2,0,5,5,2,1.0986122886681098,1,1,2,2,2,2,4,1.6094379124341003,1,1,1,4,4,4,10000,9.210440366976517,1,1,0,4,0,1,4,331.0
19,2.995732273553991,1,4,5,9,0,0.0,0,1,0,0,0,0,-3,1.3862943611198906,-1,0,0,2,4,7,4764,8.469052816088302,1,0,4,4,4,1,1,3721.0
5,1.791759469228055,2,0,5,5,-4,1.6094379124341003,-1,1,2,1,3,6,6,1.9459101490553132,1,1,0,1,6,6,1000,6.90875477931522,1,1,0,6,0,1,2,691.0
13,2.6390573296152584,1,3,6,3,4,1.6094379124341003,1,1,1,4,4,4,-2,1.0986122886681098,-1,1,1,3,5,8,956,6.863803391452954,1,2,1,4,6,1,3,463.0
23,3.1780538303479458,2,3,2,3,6,1.9459101490553132,1,1,0,1,6,6,-3,1.3862943611198906,-1,0,0,2,4,7,2424,7.793586803371584,1,0,4,2,4,1,3,1453.0
7,2.0794415416798357,1,2,0,7,5,1.791759469228055,1,0,2,0,5,5,-1,0.6931471805599453,-1,0,2,4,6,9,1314,7.181591944611865,1,0,4,5,4,1,3,647.0
7,2.0794415416798357,1,2,0,7,-5,1.791759469228055,-1,0,1,0,2,5,0,0.0,0,1,0,0,0,0,2989,8.003028666384733,0,1,4,0,9,1,1,1065.0
7,2.0794415416798357,1,2,0,7,0,0.0,0,1,0,0,0,0,-5,1.791759469228055,-1,0,1,0,2,5,3540,8.172164452111904,1,0,0,5,0,1,1,1831.0
17,2.8903717578961645,2,2,3,7,-6,1.9459101490553132,-1,1,0,4,1,4,0,0.0,0,1,0,0,0,0,1000,6.90875477931522,1,1,0,6,0,1,0,391.0
23,3.1780538303479458,2,3,2,3,1,0.6931471805599453,1,0,1,1,1,1,-1,0.6931471805599453,-1,0,2,4,6,9,1616,7.388327859577107,1,2,1,6,6,1,5,1055.0
17,2.8903717578961645,2,2,3,7,4,1.6094379124341003,1,1,1,4,4,4,-2,1.0986122886681098,-1,1,1,3,5,8,1567,7.357556200910353,0,1,2,6,7,1,1,520.0
5,1.791759469228055,2,0,5,5,-6,1.9459101490553132,-1,1,0,4,1,4,2,1.0986122886681098,1,1,2,2,2,2,1000,6.90875477931522,1,1,0,6,0,1,3,641.0
13,2.6390573296152584,1,3,6,3,-5,1.791759469228055,-1,0,1,0,2,5,-2,1.0986122886681098,-1,1,1,3,5,8,1000,6.90875477931522,1,1,0,6,0,1,2,711.0
11,2.4849066497880004,2,1,4,1,6,1.9459101490553132,1,1,0,1,6,6,0,0.0,0,1,0,0,0,0,10000,9.210440366976517,1,1,0,4,0,1,0,9411.0
13,2.6390573296152584,1,3,6,3,6,1.9459101490553132,1,1,0,1,6,6,4,1.6094379124341003,1,1,1,4,4,4,2528,7.835579246669965,1,2,3,1,8,1,1,1343.0
11,2.4849066497880004,2,1,4,1,-6,1.9459101490553132,-1,1,0,4,1,4,4,1.6094379124341003,1,1,1,4,4,4,10000,9.210440366976517,1,1,0,4,0,1,1,4659.0
7,2.0794415416798357,1,2,0,7,4,1.6094379124341003,1,1,1,4,4,4,1,0.6931471805599453,1,0,1,1,1,1,10000,9.210440366976517,1,1,0,4,0,1,4,5041.0
7,2.0794415416798357,1,2,0,7,1,0.6931471805599453,1,0,1,1,1,1,4,1.6094379124341003,1,1,1,4,4,4,10000,9.210440366976517,1,1,0,4,0,1,4,4159.0
5,1.791759469228055,2,0,5,5,4,1.6094379124341003,1,1,1,4,4,4,2,1.0986122886681098,1,1,2,2,2,2,2137,7.6676260915849905,0,1,2,2,7,1,1,431.0
7,2.0794415416798357,1,2,0,7,-5,1.791759469228055,-1,0,1,0,2,5,5,1.791759469228055,1,0,2,0,5,5,10000,9.210440366976517,1,1,0,4,0,1,3,7841.0
17,2.8903717578961645,2,2,3,7,-6,1.9459101490553132,-1,1,0,4,1,4,5,1.791759469228055,1,0,2,0,5,5,1606,7.382124365737512,1,1,1,3,6,1,0,1427.0
11,2.4849066497880004,2,1,4,1,1,0.6931471805599453,1,0,1,1,1,1,6,1.9459101490553132,1,1,0,1,6,6,1000,6.90875477931522,1,1,0,6,0,1,3,71.0
11,2.4849066497880004,2,1,4,1,1,0.6931471805599453,1,0,1,1,1,1,4,1.6094379124341003,1,1,1,4,4,4,4818,8.480321716640333,1,0,3,2,8,1,4,3433.0
13,2.6390573296152584,1,3,6,3,-4,1.6094379124341003,-1,1,2,1,3,6,0,0.0,0,1,0,0,0,0,1000,6.90875477931522,1,1,0,6,0,1,1,773.0
19,2.995732273553991,1,4,5,9,6,1.9459101490553132,1,1,0,1,6,6,-3,1.3862943611198906,-1,0,0,2,4,7,10000,9.210440366976517,1,1,0,4,0,1,1,6613.0
7,2.0794415416798357,1,2,0,7,0,0.0,0,1,0,0,0,0,0,0.0,0,1,0,0,0,0,10000,9.210440366976517,1,1,0,4,0,1,0,1.0
23,3.1780538303479458,2,3,2,3,4,1.6094379124341003,1,1,1,4,4,4,6,1.9459101490553132,1,1,0,1,6,6,10000,9.210440366976517,1,1,0,4,0,1,1,891.0
7,2.0794415416798357,1,2,0,7,6,1.9459101490553132,1,1,0,1,6,6,6,1.9459101490553132,1,1,0,1,6,6,10000,9.210440366976517,1,1,0,4,0,1,1,6801.0
19,2.995732273553991,1,4,5,9,-6,1.9459101490553132,-1,1,0,4,1,4,2,1.0986122886681098,1,1,2,2,2,2,1000,6.90875477931522,1,1,0,6,0,1,2,553.0
17,2.8903717578961645,2,2,3,7,-6,1.9459101490553132,-1,1,0,4,1,4,0,0.0,0,1,0,0,0,0,10000,9.210440366976517,1,1,0,4,0,1,0,6391.0
5,1.791759469228055,2,0,5,5,-2,1.0986122886681098,-1,1,1,3,5,8,-5,1.791759469228055,-1,0,1,0,2,5,2674,7.891704659330107,1,1,4,0,4,1,2,1321.0
11,2.4849066497880004,2,1,4,1,-1,0.6931471805599453,-1,0,2,4,6,9,6,1.9459101490553132,1,1,0,1,6,6,1000,6.90875477931522,1,1,0,6,0,1,3,961.0
13,2.6390573296152584,1,3,6,3,-2,1.0986122886681098,-1,1,1,3,5,8,0,0.0,0,1,0,0,0,0,10000,9.210440366976517,1,1,0,4,0,1,1,2731.0
19,2.995732273553991,1,4,5,9,-4,1.6094379124341003,-1,1,2,1,3,6,3,1.3862943611198906,1,0,0,3,3,3,10000,9.210440366976517,1,1,0,4,0,1,1,5367.0
19,2.995732273553991,1,4,5,9,1,0.6931471805599453,1,0,1,1,1,1,2,1.0986122886681098,1,1,2,2,2,2,10000,9.210440366976517,1,1,0,4,0,1,4,2543.0
23,3.1780538303479458,2,3,2,3,4,1.6094379124341003,1,1,1,4,4,4,0,0.0,0,1,0,0,0,0,1000,6.90875477931522,1,1,0,6,0,1,1,221.0
13,2.6390573296152584,1,3,6,3,-6,1.9459101490553132,-1,1,0,4,1,4,6,1.9459101490553132,1,1,0,1,6,6,2229,7.709756864454165,0,0,4,3,9,1,1,64.0
19,2.995732273553991,1,4,5,9,4,1.6094379124341003,1,1,1,4,4,4,-6,1.9459101490553132,-1,1,0,4,1,4,4333,8.374246182096304,0,1,3,0,3,1,0,1803.0
5,1.791759469228055,2,0,5,5,-3,1.3862943611198906,-1,0,0,2,4,7,-1,0.6931471805599453,-1,0,2,4,6,9,1000,6.90875477931522,1,1,0,6,0,1,4,131.0
23,3.1780538303479458,2,3,2,3,-6,1.9459101490553132,-1,1,0,4,1,4,-6,1.9459101490553132,-1,1,0,4,1,4,10000,9.210440366976517,1,1,0,4,0,1,1,609.0
5,1.791759469228055,2,0,5,5,-4,1.6094379124341003,-1,1,2,1,3,6,-4,1.6094379124341003,-1,1,2,1,3,6,575,6.3561076606958915,0,2,0,1,5,1,2,451.0
11,2.4849066497880004,2,1,4,1,5,1.791759469228055,1,0,2,0,5,5,-2,1.0986122886681098,-1,1,1,3,5,8,1000,6.90875477931522,1,1,0,6,0,1,2,947.0
13,2.6390573296152584,1,3,6,3,-2,1.0986122886681098,-1,1,1,3,5,8,-6,1.9459101490553132,-1,1,0,4,1,4,1000,6.90875477931522,1,1,0,6,0,1,2,341.0
17,2.8903717578961645,2,2,3,7,-2,1.0986122886681098,-1,1,1,3,5,8,-5,1.791759469228055,-1,0,1,0,2,5,10000,9.210440366976517,1,1,0,4,0,1,2,6161.0
13,2.6390573296152584,1,3,6,3,-3,1.3862943611198906,-1,0,0,2,4,7,-1,0.6931471805599453,-1,0,2,4,6,9,1000,6.90875477931522,1,1,0,6,0,1,3,841.0
7,2.0794415416798357,1,2,0,7,-1,0.6931471805599453,-1,0,2,4,6,9,5,1.791759469228055,1,0,2,0,5,5,4911,8.499436469826978,0,0,1,4,1,1,3,1259.0
23,3.1780538303479458,2,3,2,3,3,1.3862943611198906,1,0,0,3,3,3,-1,0.6931471805599453,-1,0,2,4,6,9,10000,9.210440366976517,1,1,0,4,0,1,3,7279.0
17,2.8903717578961645,2,2,3,7,6,1.9459101490553132,1,1,0,1,6,6,-3,1.3862943611198906,-1,0,0,2,4,7,2640,7.878912912297133,1,0,0,1,0,1,3,1537.0
23,3.1780538303479458,2,3,2,3,1,0.6931471805599453,1,0,1,1,1,1,1,0.6931471805599453,1,0,1,1,1,1,2209,7.700747794511798,0,1,4,4,9,1,5,1.0
17,2.8903717578961645,2,2,3,7,-4,1.6094379124341003,-1,1,2,1,3,6,0,0.0,0,1,0,0,0,0,1000,6.90875477931522,1,1,0,6,0,1,1,837.0
13,2.6390573296152584,1,3,6,3,3,1.3862943611198906,1,0,0,3,3,3,1,0.6931471805599453,1,0,1,1,1,1,10000,9.210440366976517,1,1,0,4,0,1,3,1441.0
7,2.0794415416798357,1,2,0,7,3,1.3862943611198906,1,0,0,3,3,3,-3,1.3862943611198906,-1,0,0,2,4,7,10000,9.210440366976517,1,1,0,4,0,1,1,2689.0
13,2.6390573296152584,1,3,6,3,0,0.0,0,1,0,0,0,0,5,1.791759469228055,1,0,2,0,5,5,10000,9.210440366976517,1,1,0,4,0,1,1,521.0
7,2.0794415416798357,1,2,0,7,2,1.0986122886681098,1,1,2,2,2,2,4,1.6094379124341003,1,1,1,4,4,4,1000,6.90875477931522,1,1,0,6,0,1,3,419.0
17,2.8903717578961645,2,2,3,7,3,1.3862943611198906,1,0,0,3,3,3,-5,1.791759469228055,-1,0,1,0,2,5,10000,9.210440366976517,1,1,0,4,0,1,1,1151.0
17,2.8903717578961645,2,2,3,7,-5,1.791759469228055,-1,0,1,0,2,5,4,1.6094379124341003,1,1,1,4,4,4,10000,9.210440366976517,1,1,0,4,0,1,2,3837.0
5,1.791759469228055,2,0,5,5,-5,1.791759469228055,-1,0,1,0,2,5,-4,1.6094379124341003,-1,1,2,1,3,6,4305,8.367764677924308,0,0,0,0,5,1,3,2501.0
5,1.791759469228055,2,0,5,5,-3,1.3862943611198906,-1,0,0,2,4,7,1,0.6931471805599453,1,0,1,1,1,1,1000,6.90875477931522,1,1,0,6,0,1,4,25.0
23,3.1780538303479458,2,3,2,3,-6,1.9459101490553132,-1,1,0,4,1,4,0,0.0,0,1,0,0,0,0,1000,6.90875477931522,1,1,0,6,0,1,0,831.0
5,1.791759469228055,2,0,5,5,1,0.6931471805599453,1,0,1,1,1,1,-3,1.3862943611198906,-1,0,0,2,4,7,1000,6.90875477931522,1,1,0,6,0,1,4,101.0
23,3.1780538303479458,2,3,2,3,6,1.9459101490553132,1,1,0,1,6,6,-1,0.6931471805599453,-1,0,2,4,6,9,4793,8.475120414994329,0,2,3,5,3,1,3,3665.0
19,2.995732273553991,1,4,5,9,2,1.0986122886681098,1,1,2,2,2,2,-1,0.6931471805599453,-1,0,2,4,6,9,1862,7.529943370601589,1,2,2,0,2,1,5,1597.0
17,2.8903717578961645,2,2,3,7,0,0.0,0,1,0,0,0,0,6,1.9459101490553132,1,1,0,1,6,6,10000,9.210440366976517,1,1,0,4,0,1,0,6391.0
7,2.0794415416798357,1,2,0,7,-1,0.6931471805599453,-1,0,2,4,6,9,-4,1.6094379124341003,-1,1,2,1,3,6,10000,9.210440366976517,1,1,0,4,0,1,4,7841.0
19,2.995732273553991,1,4,5,9,4,1.6094379124341003,1,1,1,4,4,4,1,0.6931471805599453,1,0,1,1,1,1,3808,8.245121966478605,1,1,3,0,8,1,4,2041.0
17,2.8903717578961645,2,2,3,7,1,0.6931471805599453,1,0,1,1,1,1,-1,0.6931471805599453,-1,0,2,4,6,9,10000,9.210440366976517,1,1,0,4,0,1,5,3571.0
17,2.8903717578961645,2,2,3,7,-1,0.6931471805599453,-1,0,2,4,6,9,5,1.791759469228055,1,0,2,0,5,5,1000,6.90875477931522,1,1,0,6,0,1,4,181.0
5,1.791759469228055,2,0,5,5,6,1.9459101490553132,1,1,0,1,6,6,-1,0.6931471805599453,-1,0,2,4,6,9,10000,9.210440366976517,1,1,0,4,0,1,4,1481.0
13,2.6390573296152584,1,3,6,3,3,1.3862943611198906,1,0,0,3,3,3,-1,0.6931471805599453,-1,0,2,4,6,9,10000,9.210440366976517,1,1,0,4,0,1,3,4841.0
13,2.6390573296152584,1,3,6,3,-6,1.9459101490553132,-1,1,0,4,1,4,5,1.791759469228055,1,0,2,0,5,5,3257,8.08886878916199,0,2,2,2,7,1,0,2016.0
19,2.995732273553991,1,4,5,9,0,0.0,0,1,0,0,0,0,-3,1.3862943611198906,-1,0,0,2,4,7,1000,6.90875477931522,1,1,0,6,0,1,0,733.0
17,2.8903717578961645,2,2,3,7,2,1.0986122886681098,1,1,2,2,2,2,-2,1.0986122886681098,-1,1,1,3,5,8,1000,6.90875477931522,1,1,0,6,0,1,3,493.0
5,1.791759469228055,2,0,5,5,-5,1.791759469228055,-1,0,1,0,2,5,-5,1.791759469228055,-1,0,1,0,2,5,1000,6.90875477931522,1,1,0,6,0,5,6,751.0
11,2.4849066497880004,2,1,4,1,6,1.9459101490553132,1,1,0,1,6,6,2,1.0986122886681098,1,1,2,2,2,2,3303,8.102889134640868,0,0,3,6,3,1,1,2726.0
7,2.0794415416798357,1,2,0,7,-5,1.791759469228055,-1,0,1,0,2,5,-2,1.0986122886681098,-1,1,1,3,5,8,4885,8.494129251817686,0,1,0,6,5,1,1,2947.0
11,2.4849066497880004,2,1,4,1,-5,1.791759469228055,-1,0,1,0,2,5,6,1.9459101490553132,1,1,0,1,6,6,1000,6.90875477931522,1,1,0,6,0,1,1,21.0
5,1.791759469228055,2,0,5,5,-6,1.9459101490553132,-1,1,0,4,1,4,-2,1.0986122886681098,-1,1,1,3,5,8,1000,6.90875477931522,1,1,0,6,0,1,3,5.0
19,2.995732273553991,1,4,5,9,4,1.6094379124341003,1,1,1,4,4,4,-2,1.0986122886681098,-1,1,1,3,5,8,4061,8.30943074214033,0,2,1,1,1,1,1,3515.0
19,2.995732273553991,1,4,5,9,-3,1.3862943611198906,-1,0,0,2,4,7,5,1.791759469228055,1,0,2,0,5,5,4700,8.45553053102413,1,2,0,3,0,1,1,2937.0
11,2.4849066497880004,2,1,4,1,4,1.6094379124341003,1,1,1,4,4,4,0,0.0,0,1,0,0,0,0,1000,6.90875477931522,1,1,0,6,0,1,1,101.0
11,2.4849066497880004,2,1,4,1,-2,1.0986122886681098,-1,1,1,3,5,8,1,0.6931471805599453,1,0,1,1,1,1,10000,9.210440366976517,1,1,0,4,0,1,4,1.0
11,2.4849066497880004,2,1,4,1,6,1.9459101490553132,1,1,0,1,6,6,1,0.6931471805599453,1,0,1,1,1,1,10000,9.210440366976517,1,1,0,4,0,1,3,8161.0
5,1.791759469228055,2,0,5,5,-4,1.6094379124341003,-1,1,2,1,3,6,1,0.6931471805599453,1,0,1,1,1,1,10000,9.210440366976517,1,1,0,4,0,1,5,121.0
23,3.1780538303479458,2,3,2,3,3,1.3862943611198906,1,0,0,3,3,3,-1,0.6931471805599453,-1,0,2,4,6,9,1000,6.90875477931522,1,1,0,6,0,1,3,279.0
23,3.1780538303479458,2,3,2,3,-2,1.0986122886681098,-1,1,1,3,5,8,3,1.3862943611198906,1,0,0,3,3,3,1931,7.566311014772463,0,2,1,6,1,1,0,152.0
19,2.995732273553991,1,4,5,9,-2,1.0986122886681098,-1,1,1,3,5,8,-6,1.9459101490553132,-1,1,0,4,1,4,1175,7.069874128458572,0,2,0,6,5,1,1,269.0
23,3.1780538303479458,2,3,2,3,2,1.0986122886681098,1,1,2,2,2,2,-2,1.0986122886681098,-1,1,1,3,5,8,10000,9.210440366976517,1,1,0,4,0,1,3,7797.0
5,1.791759469228055,2,0,5,5,0,0.0,0,1,0,0,0,0,2,1.0986122886681098,1,1,2,2,2,2,1000,6.90875477931522,1,1,0,6,0,1,2,11.0
23,3.1780538303479458,2,3,2,3,2,1.0986122886681098,1,1,2,2,2,2,0,0.0,0,1,0,0,0,0,10000,9.210440366976517,1,1,0,4,0,1,1,8607.0
11,2.4849066497880004,2,1,4,1,-6,1.9459101490553132,-1,1,0,4,1,4,-1,0.6931471805599453,-1,0,2,4,6,9,10000,9.210440366976517,1,1,0,4,0,1,3,6599.0
11,2.4849066497880004,2,1,4,1,-5,1.791759469228055,-1,0,1,0,2,5,2,1.0986122886681098,1,1,2,2,2,2,1000,6.90875477931522,1,1,0,6,0,1,2,333.0
23,3.1780538303479458,2,3,2,3,-3,1.3862943611198906,-1,0,0,2,4,7,-2,1.0986122886681098,-1,1,1,3,5,8,1000,6.90875477931522,1,1,0,6,0,1,1,627.0
11,2.4849066497880004,2,1,4,1,-5,1.791759469228055,-1,0,1,0,2,5,-4,1.6094379124341003,-1,1,2,1,3,6,3638,8.19946419761216,1,2,3,5,8,1,0,2761.0
13,2.6390573296152584,1,3,6,3,-1,0.6931471805599453,-1,0,2,4,6,9,6,1.9459101490553132,1,1,0,1,6,6,4694,8.454253391642363,1,2,4,4,4,1,3,3001.0
23,3.1780538303479458,2,3,2,3,4,1.6094379124341003,1,1,1,4,4,4,-5,1.791759469228055,-1,0,1,0,2,5,10000,9.210440366976517,1,1,0,4,0,1,2,9531.0
5,1.791759469228055,2,0,5,5,-6,1.9459101490553132,-1,1,0,4,1,4,6,1.9459101490553132,1,1,0,1,6,6,1000,6.90875477931522,1,1,0,6,0,1,2,781.0
19,2.995732273553991,1,4,5,9,3,1.3862943611198906,1,0,0,3,3,3,0,0.0,0,1,0,0,0,0,10000,9.210440366976517,1,1,0,4,0,1,0,733.0
19,2.995732273553991,1,4,5,9,6,1.9459101490553132,1,1,0,1,6,6,-4,1.6094379124341003,-1,1,2,1,3,6,1000,6.90875477931522,1,1,0,6,0,1,1,471.0
19,2.995732273553991,1,4,5,9,3,1.3862943611198906,1,0,0,3,3,3,5,1.791759469228055,1,0,2,0,5,5,1000,6.90875477931522,1,1,0,6,0,1,1,473.0
7,2.0794415416798357,1,2,0,7,0,0.0,0,1,0,0,0,0,6,1.9459101490553132,1,1,0,1,6,6,10000,9.210440366976517,1,1,0,4,0,1,0,9991.0
23,3.1780538303479458,2,3,2,3,3,1.3862943611198906,1,0,0,3,3,3,1,0.6931471805599453,1,0,1,1,1,1,1000,6.90875477931522,1,1,0,6,0,1,3,241.0
17,2.8903717578961645,2,2,3,7,-2,1.0986122886681098,-1,1,1,3,5,8,3,1.3862943611198906,1,0,0,3,3,3,10000,9.210440366976517,1,1,0,4,0,1,1,97.0
13,2.6390573296152584,1,3,6,3,3,1.3862943611198906,1,0,0,3,3,3,6,1.9459101490553132,1,1,0,1,6,6,10000,9.210440366976517,1,1,0,4,0,1,1,311.0
19,2.995732273553991,1,4,5,9,6,1.9459101490553132,1,1,0,1,6,6,3,1.3862943611198906,1,0,0,3,3,3,1000,6.90875477931522,1,1,0,6,0,1,1,667.0
5,1.791759469228055,2,0,5,5,-3,1.3862943611198906,-1,0,0,2,4,7,-5,1.791759469228055,-1,0,1,0,2,5,4169,8.335671314792847,0,2,4,4,9,1,1,1831.0
13,2.6390573296152584,1,3,6,3,5,1.791759469228055,1,0,2,0,5,5,-3,1.3862943611198906,-1,0,0,2,4,7,1000,6.90875477931522,1,1,0,6,0,1,1,601.0
17,2.8903717578961645,2,2,3,7,3,1.3862943611198906,1,0,0,3,3,3,3,1.3862943611198906,1,0,0,3,3,3,1000,6.90875477931522,1,1,0,6,0,1,1,847.0
11,2.4849066497880004,2,1,4,1,0,0.0,0,1,0,0,0,0,2,1.0986122886681098,1,1,2,2,2,2,10000,9.210440366976517,1,1,0,4,0,1,1,683.0
23,3.1780538303479458,2,3,2,3,0,0.0,0,1,0,0,0,0,-5,1.791759469228055,-1,0,1,0,2,5,10000,9.210440366976517,1,1,0,4,0,1,1,9531.0
17,2.8903717578961645,2,2,3,7,-6,1.9459101490553132,-1,1,0,4,1,4,-3,1.3862943611198906,-1,0,0,2,4,7,10000,9.210440366976517,1,1,0,4,0,1,1,6113.0
23,3.1780538303479458,2,3,2,3,4,1.6094379124341003,1,1,1,4,4,4,5,1.791759469228055,1,0,2,0,5,5,10000,9.210440366976517,1,1,0,4,0,1,2,2461.0
5,1.791759469228055,2,0,5,5,6,1.9459101490553132,1,1,0,1,6,6,6,1.9459101490553132,1,1,0,1,6,6,2222,7.706612913964197,1,2,2,3,2,1,1,957.0
23,3.1780538303479458,2,3,2,3,3,1.3862943611198906,1,0,0,3,3,3,6,1.9459101490553132,1,1,0,1,6,6,1000,6.90875477931522,1,1,0,6,0,1,1,561.0
19,2.995732273553991,1,4,5,9,-1,0.6931471805599453,-1,0,2,4,6,9,-4,1.6094379124341003,-1,1,2,1,3,6,10000,9.210440366976517,1,1,0,4,0,1,4,121.0
11,2.4849066497880004,2,1,4,1,-1,0.6931471805599453,-1,0,2,4,6,9,3,1.3862943611198906,1,0,0,3,3,3,4383,8.385716828627851,0,0,3,1,3,1,4,379.0
19,2.995732273553991,1,4,5,9,-2,1.0986122886681098,-1,1,1,3,5,8,5,1.791759469228055,1,0,2,0,5,5,1000,6.90875477931522,1,1,0,6,0,1,2,653.0
7,2.0794415416798357,1,2,0,7,5,1.791759469228055,1,0,2,0,5,5,-2,1.0986122886681098,-1,1,1,3,5,8,10000,9.210440366976517,1,1,0,4,0,1,2,1547.0
5,1.791759469228055,2,0,5,5,5,1.791759469228055,1,0,2,0,5,5,1,0.6931471805599453,1,0,1,1,1,1,2007,7.60489448081162,0,0,2,5,7,1,4,841.0
17,2.8903717578961645,2,2,3,7,5,1.791759469228055,1,0,2,0,5,5,-6,1.9459101490553132,-1,1,0,4,1,4,2290,7.736743682453495,1,1,0,1,0,1,1,1227.0
11,2.4849066497880004,2,1,4,1,0,0.0,0,1,0,0,0,0,-2,1.0986122886681098,-1,1,1,3,5,8,3210,8.074337694089515,1,0,0,4,0,1,1,2047.0
13,2.6390573296152584,1,3,6,3,1,0.6931471805599453,1,0,1,1,1,1,6,1.9459101490553132,1,1,0,1,6,6,4996,8.516593011344206,1,1,1,5,6,1,3,2915.0
17,2.8903717578961645,2,2,3,7,-5,1.791759469228055,-1,0,1,0,2,5,0,0.0,0,1,0,0,0,0,1008,6.9167150203536085,1,0,3,0,8,1,0,353.0
19,2.995732273553991,1,4,5,9,5,1.791759469228055,1,0,2,0,5,5,2,1.0986122886681098,1,1,2,2,2,2,952,6.859614903654202,1,1,2,0,2,1,1,451.0
23,3.1780538303479458,2,3,2,3,3,1.3862943611198906,1,0,0,3,3,3,-2,1.0986122886681098,-1,1,1,3,5,8,1295,7.16703787691222,0,2,0,0,5,1,0,212.0
13,2.6390573296152584,1,3,6,3,-4,1.6094379124341003,-1,1,2,1,3,6,-1,0.6931471805599453,-1,0,2,4,6,9,2874,7.963807953231451,1,0,4,4,4,1,3,2507.0
11,2.4849066497880004,2,1,4,1,-1,0.6931471805599453,-1,0,2,4,6,9,4,1.6094379124341003,1,1,1,4,4,4,2990,8.003363058629947,1,2,0,1,0,1,3,2139.0
23,3.1780538303479458,2,3,2,3,2,1.0986122886681098,1,1,2,2,2,2,-3,1.3862943611198906,-1,0,0,2,4,7,10000,9.210440366976517,1,1,0,4,0,1,1,9413.0
11,2.4849066497880004,2,1,4,1,1,0.6931471805599453,1,0,1,1,1,1,6,1.9459101490553132,1,1,0,1,6,6,4680,8.45126704130007,1,0,0,4,0,1,4,791.0
5,1.791759469228055,2,0,5,5,-6,1.9459101490553132,-1,1,0,4,1,4,-2,1.0986122886681098,-1,1,1,3,5,8,10000,9.210440366976517,1,1,0,4,0,1,3,2005.0
19,2.995732273553991,1,4,5,9,-2,1.0986122886681098,-1,1,1,3,5,8,4,1.6094379124341003,1,1,1,4,4,4,10000,9.210440366976517,1,1,0,4,0,1,3,7319.0
19,2.995732273553991,1,4,5,9,-5,1.791759469228055,-1,0,1,0,2,5,-4,1.6094379124341003,-1,1,2,1,3,6,3967,8.286017468404763,0,1,2,5,7,1,0,2082.0
17,2.8903717578961645,2,2,3,7,0,0.0,0,1,0,0,0,0,-2,1.0986122886681098,-1,1,1,3,5,8,10000,9.210440366976517,1,1,0,4,0,1,1,1071.0
19,2.995732273553991,1,4,5,9,4,1.6094379124341003,1,1,1,4,4,4,5,1.791759469228055,1,0,2,0,5,5,1000,6.90875477931522,1,1,0,6,0,1,2,981.0
19,2.995732273553991,1,4,5,9,-4,1.6094379124341003,-1,1,2,1,3,6,-6,1.9459101490553132,-1,1,0,4,1,4,1393,7.2399325913204695,0,1,3,0,3,1,0,1031.0
11,2.4849066497880004,2,1,4,1,2,1.0986122886681098,1,1,2,2,2,2,2,1.0986122886681098,1,1,2,2,2,2,3784,8.23880116587155,1,1,4,4,4,1,4,2113.0
13,2.6390573296152584,1,3,6,3,-2,1.0986122886681098,-1,1,1,3,5,8,-5,1.791759469228055,-1,0,1,0,2,5,3427,8.13973227971767,0,1,2,4,7,1,0,1337.0
17,2.8903717578961645,2,2,3,7,-6,1.9459101490553132,-1,1,0,4,1,4,-3,1.3862943611198906,-1,0,0,2,4,7,1000,6.90875477931522,1,1,0,6,0,1,1,113.0
13,2.6390573296152584,1,3,6,3,4,1.6094379124341003,1,1,1,4,4,4,4,1.6094379124341003,1,1,1,4,4,4,500,6.2166061010848646,1,2,0,3,0,1,3,481.0
19,2.995732273553991,1,4,5,9,4,1.6094379124341003,1,1,1,4,4,4,6,1.9459101490553132,1,1,0,1,6,6,1775,7.4821189235521155,0,2,0,4,5,1,0,201.0
7,2.0794415416798357,1,2,0,7,5,1.791759469228055,1,0,2,0,5,5,-2,1.0986122886681098,-1,1,1,3,5,8,1000,6.90875477931522,1,1,0,6,0,1,2,547.0
17,2.8903717578961645,2,2,3,7,3,1.3862943611198906,1,0,0,3,3,3,5,1.791759469228055,1,0,2,0,5,5,3035,8.01829613851552,0,2,0,4,5,1,1,1941.0
19,2.995732273553991,1,4,5,9,3,1.3862943611198906,1,0,0,3,3,3,3,1.3862943611198906,1,0,0,3,3,3,1000,6.90875477931522,1,1,0,6,0,1,1,517.0
19,2.995732273553991,1,4,5,9,-3,1.3862943611198906,-1,0,0,2,4,7,0,0.0,0,1,0,0,0,0,4162,8.333991247194975,1,1,2,4,2,1,0,3661.0
13,2.6390573296152584,1,3,6,3,-2,1.0986122886681098,-1,1,1,3,5,8,5,1.791759469228055,1,0,2,0,5,5,10000,9.210440366976517,1,1,0,4,0,1,2,5681.0
7,2.0794415416798357,1,2,0,7,5,1.791759469228055,1,0,2,0,5,5,2,1.0986122886681098,1,1,2,2,2,2,10000,9.210440366976517,1,1,0,4,0,1,2,483.0
23,3.1780538303479458,2,3,2,3,5,1.791759469228055,1,0,2,0,5,5,-5,1.791759469228055,-1,0,1,0,2,5,1000,6.90875477931522,1,1,0,6,0,1,3,611.0
23,3.1780538303479458,2,3,2,3,-3,1.3862943611198906,-1,0,0,2,4,7,5,1.791759469228055,1,0,2,0,5,5,2474,7.813995675002791,1,2,4,3,4,1,0,353.0
5,1.791759469228055,2,0,5,5,5,1.791759469228055,1,0,2,0,5,5,-1,0.6931471805599453,-1,0,2,4,6,9,10000,9.210440366976517,1,1,0,4,0,1,6,755.0
11,2.4849066497880004,2,1,4,1,-1,0.6931471805599453,-1,0,2,4,6,9,-1,0.6931471805599453,-1,0,2,4,6,9,10000,9.210440366976517,1,1,0,4,0,1,5,199.0
19,2.995732273553991,1,4,5,9,-6,1.9459101490553132,-1,1,0,4,1,4,3,1.3862943611198906,1,0,0,3,3,3,10000,9.210440366976517,1,1,0,4,0,1,1,8627.0
5,1.791759469228055,2,0,5,5,3,1.3862943611198906,1,0,0,3,3,3,-5,1.791759469228055,-1,0,1,0,2,5,977,6.885509670034818,0,2,2,4,7,1,1,631.0
17,2.8903717578961645,2,2,3,7,-2,1.0986122886681098,-1,1,1,3,5,8,2,1.0986122886681098,1,1,2,2,2,2,1000,6.90875477931522,1,1,0,6,0,1,3,317.0
5,1.791759469228055,2,0,5,5,1,0.6931471805599453,1,0,1,1,1,1,-6,1.9459101490553132,-1,1,0,4,1,4,3675,8.209580483475577,0,0,0,0,5,1,4,1331.0
19,2.995732273553991,1,4,5,9,-2,1.0986122886681098,-1,1,1,3,5,8,5,1.791759469228055,1,0,2,0,5,5,2792,7.934871565945177,1,2,2,6,2,1,1,357.0
13,2.6390573296152584,1,3,6,3,6,1.9459101490553132,1,1,0,1,6,6,1,0.6931471805599453,1,0,1,1,1,1,4128,8.32579052588609,1,0,3,5,8,1,4,2161.0
13,2.6390573296152584,1,3,6,3,-1,0.6931471805599453,-1,0,2,4,6,9,-6,1.9459101490553132,-1,1,0,4,1,4,3050,8.02322468471667,1,2,0,5,0,1,3,2071.0
13,2.6390573296152584,1,3,6,3,2,1.0986122886681098,1,1,2,2,2,2,-2,1.0986122886681098,-1,1,1,3,5,8,2541,7.8407064517494,0,0,1,0,1,1,1,130.0
11,2.4849066497880004,2,1,4,1,1,0.6931471805599453,1,0,1,1,1,1,-6,1.9459101490553132,-1,1,0,4,1,4,1000,6.90875477931522,1,1,0,6,0,1,3,359.0
13,2.6390573296152584,1,3,6,3,5,1.791759469228055,1,0,2,0,5,5,2,1.0986122886681098,1,1,2,2,2,2,2247,7.717796211013582,0,0,2,0,7,1,0,311.0
11,2.4849066497880004,2,1,4,1,-2,1.0986122886681098,-1,1,1,3,5,8,-1,0.6931471805599453,-1,0,2,4,6,9,10000,9.210440366976517,1,1,0,4,0,1,4,8119.0
13,2.6390573296152584,1,3,6,3,0,0.0,0,1,0,0,0,0,-5,1.791759469228055,-1,0,1,0,2,5,1479,7.299797366758161,0,0,4,2,9,1,0,400.0
5,1.791759469228055,2,0,5,5,-6,1.9459101490553132,-1,1,0,4,1,4,0,0.0,0,1,0,0,0,0,10000,9.210440366976517,1,1,0,4,0,1,1,1111.0
17,2.8903717578961645,2,2,3,7,0,0.0,0,1,0,0,0,0,3,1.3862943611198906,1,0,0,3,3,3,4939,8.505120610181969,0,1,4,4,9,1,0,3737.0
23,3.1780538303479458,2,3,2,3,2,1.0986122886681098,1,1,2,2,2,2,-5,1.791759469228055,-1,0,1,0,2,5,3908,8.271036865792954,1,2,3,2,8,1,1,3195.0
17,2.8903717578961645,2,2,3,7,-6,1.9459101490553132,-1,1,0,4,1,4,-4,1.6094379124341003,-1,1,2,1,3,6,1993,7.597897950521784,0,1,3,5,3,1,0,1388.0
5,1.791759469228055,2,0,5,5,0,0.0,0,1,0,0,0,0,-6,1.9459101490553132,-1,1,0,4,1,4,10000,9.210440366976517,1,1,0,4,0,1,1,1555.0
13,2.6390573296152584,1,3,6,3,5,1.791759469228055,1,0,2,0,5,5,6,1.9459101490553132,1,1,0,1,6,6,10000,9.210440366976517,1,1,0,4,0,1,1,5751.0
19,2.995732273553991,1,4,5,9,-1,0.6931471805599453,-1,0,2,4,6,9,-4,1.6094379124341003,-1,1,2,1,3,6,1000,6.90875477931522,1,1,0,6,0,1,4,121.0
19,2.995732273553991,1,4,5,9,-2,1.0986122886681098,-1,1,1,3,5,8,-1,0.6931471805599453,-1,0,2,4,6,9,10000,9.210440366976517,1,1,0,4,0,1,4,9319.0
7,2.0794415416798357,1,2,0,7,-1,0.6931471805599453,-1,0,2,4,6,9,2,1.0986122886681098,1,1,2,2,2,2,3203,8.07215530818825,0,2,3,4,3,1,3,29.0
13,2.6390573296152584,1,3,6,3,-4,1.6094379124341003,-1,1,2,1,3,6,-2,1.0986122886681098,-1,1,1,3,5,8,4919,8.501063809486354,0,2,4,5,9,1,1,247.0
5,1.791759469228055,2,0,5,5,5,1.791759469228055,1,0,2,0,5,5,-1,0.6931471805599453,-1,0,2,4,6,9,3211,8.074649075066652,0,1,1,5,1,1,4,755.0
17,2.8903717578961645,2,2,3,7,1,0.6931471805599453,1,0,1,1,1,1,5,1.791759469228055,1,0,2,0,5,5,2290,7.736743682453495,1,1,0,1,0,1,4,37.0
23,3.1780538303479458,2,3,2,3,5,1.791759469228055,1,0,2,0,5,5,5,1.791759469228055,1,0,2,0,5,5,1000,6.90875477931522,1,1,0,6,0,1,3,501.0
7,2.0794415416798357,1,2,0,7,-5,1.791759469228055,-1,0,1,0,2,5,5,1.791759469228055,1,0,2,0,5,5,1000,6.90875477931522,1,1,0,6,0,1,3,841.0
17,2.8903717578961645,2,2,3,7,4,1.6094379124341003,1,1,1,4,4,4,0,0.0,0,1,0,0,0,0,2369,7.7706452341291765,0,2,4,3,9,1,0,1457.0
7,2.0794415416798357,1,2,0,7,2,1.0986122886681098,1,1,2,2,2,2,4,1.6094379124341003,1,1,1,4,4,4,1506,7.317876198626496,1,0,1,1,6,1,2,901.0
23,3.1780538303479458,2,3,2,3,-2,1.0986122886681098,-1,1,1,3,5,8,-1,0.6931471805599453,-1,0,2,4,6,9,10000,9.210440366976517,1,1,0,4,0,1,4,1039.0
7,2.0794415416798357,1,2,0,7,5,1.791759469228055,1,0,2,0,5,5,-2,1.0986122886681098,-1,1,1,3,5,8,877,6.777646593635117,0,1,2,2,7,1,0,499.0
5,1.791759469228055,2,0,5,5,3,1.3862943611198906,1,0,0,3,3,3,0,0.0,0,1,0,0,0,0,551,6.313548046277095,0,2,1,5,1,1,0,121.0
19,2.995732273553991,1,4,5,9,-2,1.0986122886681098,-1,1,1,3,5,8,3,1.3862943611198906,1,0,0,3,3,3,2716,7.907283609426348,1,1,1,0,6,1,1,247.0
5,1.791759469228055,2,0,5,5,-6,1.9459101490553132,-1,1,0,4,1,4,0,0.0,0,1,0,0,0,0,1000,6.90875477931522,1,1,0,6,0,1,1,111.0
7,2.0794415416798357,1,2,0,7,4,1.6094379124341003,1,1,1,4,4,4,5,1.791759469228055,1,0,2,0,5,5,1000,6.90875477931522,1,1,0,6,0,1,2,341.0
17,2.8903717578961645,2,2,3,7,0,0.0,0,1,0,0,0,0,5,1.791759469228055,1,0,2,0,5,5,10000,9.210440366976517,1,1,0,4,0,1,1,5521.0
13,2.6390573296152584,1,3,6,3,1,0.6931471805599453,1,0,1,1,1,1,-4,1.6094379124341003,-1,1,2,1,3,6,10000,9.210440366976517,1,1,0,4,0,1,4,8241.0
23,3.1780538303479458,2,3,2,3,6,1.9459101490553132,1,1,0,1,6,6,2,1.0986122886681098,1,1,2,2,2,2,10000,9.210440366976517,1,1,0,4,0,1,2,2933.0
5,1.791759469228055,2,0,5,5,-5,1.791759469228055,-1,0,1,0,2,5,-3,1.3862943611198906,-1,0,0,2,4,7,10000,9.210440366976517,1,1,0,4,0,1,3,1661.0
7,2.0794415416798357,1,2,0,7,2,1.0986122886681098,1,1,2,2,2,2,5,1.791759469228055,1,0,2,0,5,5,10000,9.210440366976517,1,1,0,4,0,1,2,9517.0
19,2.995732273553991,1,4,5,9,-6,1.9459101490553132,-1,1,0,4,1,4,6,1.9459101490553132,1,1,0,1,6,6,2069,7.635303886259415,0,2,4,4,9,1,1,1125.0
23,3.1780538303479458,2,3,2,3,-6,1.9459101490553132,-1,1,0,4,1,4,-5,1.791759469228055,-1,0,1,0,2,5,1000,6.90875477931522,1,1,0,6,0,1,1,691.0
23,3.1780538303479458,2,3,2,3,-6,1.9459101490553132,-1,1,0,4,1,4,-4,1.6094379124341003,-1,1,2,1,3,6,10000,9.210440366976517,1,1,0,4,0,1,1,8411.0
11,2.4849066497880004,2,1,4,1,0,0.0,0,1,0,0,0,0,1,0.6931471805599453,1,0,1,1,1,1,4602,8.434463543817241,1,0,2,3,2,1,2,1.0
23,3.1780538303479458,2,3,2,3,-1,0.6931471805599453,-1,0,2,4,6,9,5,1.791759469228055,1,0,2,0,5,5,3931,8.276903481267057,0,1,1,4,1,1,3,3260.0
19,2.995732273553991,1,4,5,9,-3,1.3862943611198906,-1,0,0,2,4,7,-2,1.0986122886681098,-1,1,1,3,5,8,1000,6.90875477931522,1,1,0,6,0,1,1,907.0
23,3.1780538303479458,2,3,2,3,-1,0.6931471805599453,-1,0,2,4,6,9,1,0.6931471805599453,1,0,1,1,1,1,1148,7.046647277848756,1,2,3,0,8,1,5,1.0
5,1.791759469228055,2,0,5,5,-6,1.9459101490553132,-1,1,0,4,1,4,-6,1.9459101490553132,-1,1,0,4,1,4,1000,6.90875477931522,1,1,0,6,0,1,2,561.0
7,2.0794415416798357,1,2,0,7,-3,1.3862943611198906,-1,0,0,2,4,7,-3,1.3862943611198906,-1,0,0,2,4,7,10000,9.210440366976517,1,1,0,4,0,1,1,9073.0
13,2.6390573296152584,1,3,6,3,1,0.6931471805599453,1,0,1,1,1,1,-2,1.0986122886681098,-1,1,1,3,5,8,3366,8.121777419161074,1,0,1,6,6,1,4,1459.0
23,3.1780538303479458,2,3,2,3,2,1.0986122886681098,1,1,2,2,2,2,-3,1.3862943611198906,-1,0,0,2,4,7,2299,7.7406644019172415,0,1,4,3,9,1,0,1223.0
13,2.6390573296152584,1,3,6,3,-4,1.6094379124341003,-1,1,2,1,3,6,-2,1.0986122886681098,-1,1,1,3,5,8,10000,9.210440366976517,1,1,0,4,0,1,3,9611.0
13,2.6390573296152584,1,3,6,3,6,1.9459101490553132,1,1,0,1,6,6,-4,1.6094379124341003,-1,1,2,1,3,6,702,6.555356891810665,1,0,2,2,2,1,2,625.0
23,3.1780538303479458,2,3,2,3,-1,0.6931471805599453,-1,0,2,4,6,9,-5,1.791759469228055,-1,0,1,0,2,5,10000,9.210440366976517,1,1,0,4,0,1,4,8211.0
5,1.791759469228055,2,0,5,5,-2,1.0986122886681098,-1,1,1,3,5,8,4,1.6094379124341003,1,1,1,4,4,4,10000,9.210440366976517,1,1,0,4,0,1,4,151.0
5,1.791759469228055,2,0,5,5,1,0.6931471805599453,1,0,1,1,1,1,5,1.791759469228055,1,0,2,0,5,5,4320,8.371242135931933,1,0,0,1,0,1,6,605.0
5,1.791759469228055,2,0,5,5,3,1.3862943611198906,1,0,0,3,3,3,0,0.0,0,1,0,0,0,0,2968,7.99598047476376,1,1,3,0,8,1,0,121.0
7,2.0794415416798357,1,2,0,7,-5,1.791759469228055,-1,0,1,0,2,5,-2,1.0986122886681098,-1,1,1,3,5,8,1000,6.90875477931522,1,1,0,6,0,1,2,257.0
19,2.995732273553991,1,4,5,9,2,1.0986122886681098,1,1,2,2,2,2,-1,0.6931471805599453,-1,0,2,4,6,9,1021,6.92951677076365,0,1,1,6,1,1,3,623.0
13,2.6390573296152584,1,3,6,3,-6,1.9459101490553132,-1,1,0,4,1,4,-3,1.3862943611198906,-1,0,0,2,4,7,533,6.280395838960195,0,2,3,1,3,1,2,404.0
13,2.6390573296152584,1,3,6,3,-6,1.9459101490553132,-1,1,0,4,1,4,-5,1.791759469228055,-1,0,1,0,2,5,2446,7.802618063442671,1,1,1,3,6,1,0,1085.0
13,2.6390573296152584,1,3,6,3,-6,1.9459101490553132,-1,1,0,4,1,4,3,1.3862943611198906,1,0,0,3,3,3,4435,8.397508348470257,0,1,0,4,5,1,1,2018.0
7,2.0794415416798357,1,2,0,7,-5,1.791759469228055,-1,0,1,0,2,5,2,1.0986122886681098,1,1,2,2,2,2,1774,7.4815557019095165,1,1,4,3,4,1,1,1605.0
11,2.4849066497880004,2,1,4,1,6,1.9459101490553132,1,1,0,1,6,6,-2,1.0986122886681098,-1,1,1,3,5,8,2319,7.749322464660356,0,0,4,2,9,1,1,1006.0
23,3.1780538303479458,2,3,2,3,5,1.791759469228055,1,0,2,0,5,5,0,0.0,0,1,0,0,0,0,3331,8.111328003286733,0,1,1,6,1,1,0,69.0
19,2.995732273553991,1,4,5,9,0,0.0,0,1,0,0,0,0,6,1.9459101490553132,1,1,0,1,6,6,10000,9.210440366976517,1,1,0,4,0,1,0,71.0
11,2.4849066497880004,2,1,4,1,-2,1.0986122886681098,-1,1,1,3,5,8,3,1.3862943611198906,1,0,0,3,3,3,10000,9.210440366976517,1,1,0,4,0,1,1,9459.0
7,2.0794415416798357,1,2,0,7,6,1.9459101490553132,1,1,0,1,6,6,6,1.9459101490553132,1,1,0,1,6,6,4241,8.352790135124629,0,2,1,6,1,1,1,2028.0
17,2.8903717578961645,2,2,3,7,-1,0.6931471805599453,-1,0,2,4,6,9,-4,1.6094379124341003,-1,1,2,1,3,6,1000,6.90875477931522,1,1,0,6,0,1,4,821.0
23,3.1780538303479458,2,3,2,3,3,1.3862943611198906,1,0,0,3,3,3,-6,1.9459101490553132,-1,1,0,4,1,4,3743,8.227909837597483,0,2,3,5,3,1,1,1968.0
5,1.791759469228055,2,0,5,5,6,1.9459101490553132,1,1,0,1,6,6,4,1.6094379124341003,1,1,1,4,4,4,3442,8.144098463338524,1,1,2,5,2,1,0,2911.0
13,2.6390573296152584,1,3,6,3,-4,1.6094379124341003,-1,1,2,1,3,6,0,0.0,0,1,0,0,0,0,10000,9.210440366976517,1,1,0,4,0,1,1,1773.0
23,3.1780538303479458,2,3,2,3,4,1.6094379124341003,1,1,1,4,4,4,-3,1.3862943611198906,-1,0,0,2,4,7,1000,6.90875477931522,1,1,0,6,0,1,1,773.0
13,2.6390573296152584,1,3,6,3,5,1.791759469228055,1,0,2,0,5,5,0,0.0,0,1,0,0,0,0,1378,7.229113877793302,1,1,3,6,8,1,1,1145.0
23,3.1780538303479458,2,3,2,3,-6,1.9459101490553132,-1,1,0,4,1,4,-3,1.3862943611198906,-1,0,0,2,4,7,2001,7.601901959875166,0,0,1,6,1,1,3,1933.0
17,2.8903717578961645,2,2,3,7,-6,1.9459101490553132,-1,1,0,4,1,4,-5,1.791759469228055,-1,0,1,0,2,5,2051,7.62657020629066,0,2,1,0,1,1,0,60.0
13,2.6390573296152584,1,3,6,3,3,1.3862943611198906,1,0,0,3,3,3,4,1.6094379124341003,1,1,1,4,4,4,1000,6.90875477931522,1,1,0,6,0,1,1,621.0
7,2.0794415416798357,1,2,0,7,6,1.9459101490553132,1,1,0,1,6,6,3,1.3862943611198906,1,0,0,3,3,3,1000,6.90875477931522,1,1,0,6,0,1,1,267.0
11,2.4849066497880004,2,1,4,1,1,0.6931471805599453,1,0,1,1,1,1,-2,1.0986122886681098,-1,1,1,3,5,8,10000,9.210440366976517,1,1,0,4,0,1,4,2047.0
7,2.0794415416798357,1,2,0,7,-1,0.6931471805599453,-1,0,2,4,6,9,4,1.6094379124341003,1,1,1,4,4,4,10000,9.210440366976517,1,1,0,4,0,1,4,2689.0
23,3.1780538303479458,2,3,2,3,5,1.791759469228055,1,0,2,0,5,5,-3,1.3862943611198906,-1,0,0,2,4,7,647,6.473890696352274,0,2,2,3,7,1,0,586.0
5,1.791759469228055,2,0,5,5,-6,1.9459101490553132,-1,1,0,4,1,4,1,0.6931471805599453,1,0,1,1,1,1,4474,8.406261630708956,1,1,4,1,4,1,3,841.0
23,3.1780538303479458,2,3,2,3,3,1.3862943611198906,1,0,0,3,3,3,3,1.3862943611198906,1,0,0,3,3,3,629,6.4457198193855785,0,2,4,6,9,1,1,382.0
19,2.995732273553991,1,4,5,9,2,1.0986122886681098,1,1,2,2,2,2,-4,1.6094379124341003,-1,1,2,1,3,6,1000,6.90875477931522,1,1,0,6,0,1,3,91.0
13,2.6390573296152584,1,3,6,3,-2,1.0986122886681098,-1,1,1,3,5,8,-1,0.6931471805599453,-1,0,2,4,6,9,10000,9.210440366976517,1,1,0,4,0,1,4,7321.0
17,2.8903717578961645,2,2,3,7,-5,1.791759469228055,-1,0,1,0,2,5,4,1.6094379124341003,1,1,1,4,4,4,1000,6.90875477931522,1,1,0,6,0,1,2,837.0
11,2.4849066497880004,2,1,4,1,4,1.6094379124341003,1,1,1,4,4,4,-6,1.9459101490553132,-1,1,0,4,1,4,2050,7.62608275807238,1,1,0,6,0,1,0,839.0
17,2.8903717578961645,2,2,3,7,4,1.6094379124341003,1,1,1,4,4,4,-4,1.6094379124341003,-1,1,2,1,3,6,1000,6.90875477931522,1,1,0,6,0,1,3,601.0
11,2.4849066497880004,2,1,4,1,1,0.6931471805599453,1,0,1,1,1,1,4,1.6094379124341003,1,1,1,4,4,4,1506,7.317876198626496,1,0,1,1,6,1,3,763.0
19,2.995732273553991,1,4,5,9,4,1.6094379124341003,1,1,1,4,4,4,0,0.0,0,1,0,0,0,0,1000,6.90875477931522,1,1,0,6,0,1,1,981.0
19,2.995732273553991,1,4,5,9,5,1.791759469228055,1,0,2,0,5,5,-6,1.9459101490553132,-1,1,0,4,1,4,3765,8.233768709217097,0,0,0,6,5,1,1,2539.0
7,2.0794415416798357,1,2,0,7,-3,1.3862943611198906,-1,0,0,2,4,7,-1,0.6931471805599453,-1,0,2,4,6,9,2296,7.739359202689098,1,1,1,0,6,1,4,1429.0
11,2.4849066497880004,2,1,4,1,0,0.0,0,1,0,0,0,0,-2,1.0986122886681098,-1,1,1,3,5,8,2864,7.9603236291488395,1,2,4,1,4,1,1,2047.0
17,2.8903717578961645,2,2,3,7,2,1.0986122886681098,1,1,2,2,2,2,3,1.3862943611198906,1,0,0,3,3,3,4220,8.347827345782498,1,2,0,6,0,1,1,1213.0
13,2.6390573296152584,1,3,6,3,5,1.791759469228055,1,0,2,0,5,5,-5,1.791759469228055,-1,0,1,0,2,5,1000,6.90875477931522,1,1,0,6,0,1,3,361.0
11,2.4849066497880004,2,1,4,1,-1,0.6931471805599453,-1,0,2,4,6,9,-4,1.6094379124341003,-1,1,2,1,3,6,1290,7.1631723908466425,1,0,0,2,0,1,3,871.0
23,3.1780538303479458,2,3,2,3,0,0.0,0,1,0,0,0,0,-3,1.3862943611198906,-1,0,0,2,4,7,1000,6.90875477931522,1,1,0,6,0,1,0,413.0
23,3.1780538303479458,2,3,2,3,4,1.6094379124341003,1,1,1,4,4,4,6,1.9459101490553132,1,1,0,1,6,6,3224,8.078688229229872,1,2,4,4,4,1,1,2347.0
17,2.8903717578961645,2,2,3,7,0,0.0,0,1,0,0,0,0,5,1.791759469228055,1,0,2,0,5,5,2148,7.67275789664251,1,0,3,6,8,1,0,1841.0
17,2.8903717578961645,2,2,3,7,1,0.6931471805599453,1,0,1,1,1,1,-2,1.0986122886681098,-1,1,1,3,5,8,1000,6.90875477931522,1,1,0,6,0,1,4,71.0
23,3.1780538303479458,2,3,2,3,-5,1.791759469228055,-1,0,1,0,2,5,-2,1.0986122886681098,-1,1,1,3,5,8,1382,7.232010331664759,1,2,2,3,2,1,1,737.0
17,2.8903717578961645,2,2,3,7,-5,1.791759469228055,-1,0,1,0,2,5,-5,1.791759469228055,-1,0,1,0,2,5,1000,6.90875477931522,1,1,0,6,0,1,3,751.0
17,2.8903717578961645,2,2,3,7,6,1.9459101490553132,1,1,0,1,6,6,-2,1.0986122886681098,-1,1,1,3,5,8,2211,7.701652362642226,0,0,1,6,1,1,1,1105.0
7,2.0794415416798357,1,2,0,7,4,1.6094379124341003,1,1,1,4,4,4,-6,1.9459101490553132,-1,1,0,4,1,4,2674,7.891704659330107,1,1,4,0,4,1,1,1849.0
5,1.791759469228055,2,0,5,5,6,1.9459101490553132,1,1,0,1,6,6,3,1.3862943611198906,1,0,0,3,3,3,10000,9.210440366976517,1,1,0,4,0,1,2,2281.0
11,2.4849066497880004,2,1,4,1,0,0.0,0,1,0,0,0,0,-4,1.6094379124341003,-1,1,2,1,3,6,10000,9.210440366976517,1,1,0,4,0,1,1,8101.0
17,2.8903717578961645,2,2,3,7,-1,0.6931471805599453,-1,0,2,4,6,9,6,1.9459101490553132,1,1,0,1,6,6,1959,7.580699752224563,0,0,4,6,9,1,3,541.0
17,2.8903717578961645,2,2,3,7,6,1.9459101490553132,1,1,0,1,6,6,3,1.3862943611198906,1,0,0,3,3,3,3794,8.24143968982973,1,2,4,0,4,1,1,1053.0
17,2.8903717578961645,2,2,3,7,0,0.0,0,1,0,0,0,0,-4,1.6094379124341003,-1,1,2,1,3,6,3311,8.10530751550515,0,2,1,0,1,1,0,236.0
23,3.1780538303479458,2,3,2,3,-1,0.6931471805599453,-1,0,2,4,6,9,-6,1.9459101490553132,-1,1,0,4,1,4,1000,6.90875477931522,1,1,0,6,0,1,3,149.0
11,2.4849066497880004,2,1,4,1,1,0.6931471805599453,1,0,1,1,1,1,4,1.6094379124341003,1,1,1,4,4,4,1427,7.2640301428995295,0,2,2,6,7,1,3,94.0
19,2.995732273553991,1,4,5,9,0,0.0,0,1,0,0,0,0,1,0.6931471805599453,1,0,1,1,1,1,2653,7.8838232148921525,0,1,3,0,3,1,2,1.0
17,2.8903717578961645,2,2,3,7,1,0.6931471805599453,1,0,1,1,1,1,-1,0.6931471805599453,-1,0,2,4,6,9,3199,8.070906088787819,0,1,4,0,9,1,5,372.0
19,2.995732273553991,1,4,5,9,-2,1.0986122886681098,-1,1,1,3,5,8,-2,1.0986122886681098,-1,1,1,3,5,8,4781,8.47261414801827,0,2,1,0,1,1,1,1654.0
17,2.8903717578961645,2,2,3,7,5,1.791759469228055,1,0,2,0,5,5,0,0.0,0,1,0,0,0,0,10000,9.210440366976517,1,1,0,4,0,1,1,3281.0
17,2.8903717578961645,2,2,3,7,2,1.0986122886681098,1,1,2,2,2,2,-1,0.6931471805599453,-1,0,2,4,6,9,3905,8.270269111436624,0,2,0,6,5,1,3,2566.0
19,2.995732273553991,1,4,5,9,-6,1.9459101490553132,-1,1,0,4,1,4,-6,1.9459101490553132,-1,1,0,4,1,4,10000,9.210440366976517,1,1,0,4,0,1,1,8529.0
23,3.1780538303479458,2,3,2,3,-6,1.9459101490553132,-1,1,0,4,1,4,3,1.3862943611198906,1,0,0,3,3,3,10000,9.210440366976517,1,1,0,4,0,1,1,1579.0
5,1.791759469228055,2,0,5,5,3,1.3862943611198906,1,0,0,3,3,3,-6,1.9459101490553132,-1,1,0,4,1,4,4495,8.410943391573527,0,1,0,1,5,1,2,1171.0
7,2.0794415416798357,1,2,0,7,6,1.9459101490553132,1,1,0,1,6,6,4,1.6094379124341003,1,1,1,4,4,4,10000,9.210440366976517,1,1,0,4,0,1,1,1519.0
17,2.8903717578961645,2,2,3,7,1,0.6931471805599453,1,0,1,1,1,1,-5,1.791759469228055,-1,0,1,0,2,5,10000,9.210440366976517,1,1,0,4,0,1,4,7287.0
19,2.995732273553991,1,4,5,9,3,1.3862943611198906,1,0,0,3,3,3,-6,1.9459101490553132,-1,1,0,4,1,4,10000,9.210440366976517,1,1,0,4,0,1,1,3789.0
5,1.791759469228055,2,0,5,5,-2,1.0986122886681098,-1,1,1,3,5,8,2,1.0986122886681098,1,1,2,2,2,2,10000,9.210440366976517,1,1,0,4,0,1,4,5.0
19,2.995732273553991,1,4,5,9,-4,1.6094379124341003,-1,1,2,1,3,6,-2,1.0986122886681098,-1,1,1,3,5,8,4298,8.366137716496281,1,2,3,0,8,1,2,3505.0
19,2.995732273553991,1,4,5,9,4,1.6094379124341003,1,1,1,4,4,4,5,1.791759469228055,1,0,2,0,5,5,4172,8.336390480591552,1,2,2,0,2,1,1,3369.0
11,2.4849066497880004,2,1,4,1,-5,1.791759469228055,-1,0,1,0,2,5,2,1.0986122886681098,1,1,2,2,2,2,1033,6.9411900550683745,0,1,3,4,3,1,0,284.0
17,2.8903717578961645,2,2,3,7,2,1.0986122886681098,1,1,2,2,2,2,-5,1.791759469228055,-1,0,1,0,2,5,614,6.421622267806518,1,2,4,5,4,1,1,187.0
17,2.8903717578961645,2,2,3,7,-6,1.9459101490553132,-1,1,0,4,1,4,-1,0.6931471805599453,-1,0,2,4,6,9,4826,8.481980435660493,1,2,1,3,6,1,3,913.0
19,2.995732273553991,1,4,5,9,-5,1.791759469228055,-1,0,1,0,2,5,-5,1.791759469228055,-1,0,1,0,2,5,3791,8.240648863374913,0,2,1,4,1,1,1,837.0
7,2.0794415416798357,1,2,0,7,0,0.0,0,1,0,0,0,0,-3,1.3862943611198906,-1,0,0,2,4,7,4838,8.48446336679332,1,2,3,1,8,1,0,1093.0
23,3.1780538303479458,2,3,2,3,1,0.6931471805599453,1,0,1,1,1,1,1,0.6931471805599453,1,0,1,1,1,1,651,6.480044561926653,0,0,1,0,1,1,5,1.0
19,2.995732273553991,1,4,5,9,-6,1.9459101490553132,-1,1,0,4,1,4,-4,1.6094379124341003,-1,1,2,1,3,6,10000,9.210440366976517,1,1,0,4,0,1,1,7451.0
11,2.4849066497880004,2,1,4,1,-1,0.6931471805599453,-1,0,2,4,6,9,4,1.6094379124341003,1,1,1,4,4,4,3511,8.163940954755008,0,1,1,4,1,1,3,120.0
11,2.4849066497880004,2,1,4,1,-4,1.6094379124341003,-1,1,2,1,3,6,-4,1.6094379124341003,-1,1,2,1,3,6,1371,7.22402480828583,0,0,1,6,1,1,1,34.0
7,2.0794415416798357,1,2,0,7,1,0.6931471805599453,1,0,1,1,1,1,-5,1.791759469228055,-1,0,1,0,2,5,10000,9.210440366976517,1,1,0,4,0,1,4,5877.0
23,3.1780538303479458,2,3,2,3,0,0.0,0,1,0,0,0,0,5,1.791759469228055,1,0,2,0,5,5,10000,9.210440366976517,1,1,0,4,0,1,1,3021.0
23,3.1780538303479458,2,3,2,3,1,0.6931471805599453,1,0,1,1,1,1,-4,1.6094379124341003,-1,1,2,1,3,6,3278,8.095293776844649,1,2,3,2,8,1,3,2245.0
7,2.0794415416798357,1,2,0,7,-4,1.6094379124341003,-1,1,2,1,3,6,-4,1.6094379124341003,-1,1,2,1,3,6,10000,9.210440366976517,1,1,0,4,0,1,3,4801.0
7,2.0794415416798357,1,2,0,7,3,1.3862943611198906,1,0,0,3,3,3,-2,1.0986122886681098,-1,1,1,3,5,8,1000,6.90875477931522,1,1,0,6,0,1,1,849.0
19,2.995732273553991,1,4,5,9,1,0.6931471805599453,1,0,1,1,1,1,-1,0.6931471805599453,-1,0,2,4,6,9,1000,6.90875477931522,1,1,0,6,0,1,5,349.0
11,2.4849066497880004,2,1,4,1,-5,1.791759469228055,-1,0,1,0,2,5,6,1.9459101490553132,1,1,0,1,6,6,2964,7.994632311431825,1,0,4,3,4,1,1,401.0
17,2.8903717578961645,2,2,3,7,-6,1.9459101490553132,-1,1,0,4,1,4,4,1.6094379124341003,1,1,1,4,4,4,3078,8.0323601479245,1,0,3,5,8,1,1,613.0
17,2.8903717578961645,2,2,3,7,0,0.0,0,1,0,0,0,0,-2,1.0986122886681098,-1,1,1,3,5,8,1370,7.223295679562314,1,2,0,5,0,1,1,921.0
19,2.995732273553991,1,4,5,9,2,1.0986122886681098,1,1,2,2,2,2,4,1.6094379124341003,1,1,1,4,4,4,1000,6.90875477931522,1,1,0,6,0,1,3,219.0
13,2.6390573296152584,1,3,6,3,3,1.3862943611198906,1,0,0,3,3,3,1,0.6931471805599453,1,0,1,1,1,1,2075,7.638198244285779,0,2,0,3,5,1,3,1691.0
17,2.8903717578961645,2,2,3,7,0,0.0,0,1,0,0,0,0,1,0.6931471805599453,1,0,1,1,1,1,1000,6.90875477931522,1,1,0,6,0,1,2,1.0
13,2.6390573296152584,1,3,6,3,3,1.3862943611198906,1,0,0,3,3,3,-6,1.9459101490553132,-1,1,0,4,1,4,1000,6.90875477931522,1,1,0,6,0,1,1,411.0
5,1.791759469228055,2,0,5,5,-5,1.791759469228055,-1,0,1,0,2,5,-3,1.3862943611198906,-1,0,0,2,4,7,990,6.898714534329988,1,0,0,3,0,1,4,671.0
13,2.6390573296152584,1,3,6,3,-1,0.6931471805599453,-1,0,2,4,6,9,0,0.0,0,1,0,0,0,0,2174,7.684783943522785,1,2,4,4,4,1,2,1.0
11,2.4849066497880004,2,1,4,1,-3,1.3862943611198906,-1,0,0,2,4,7,-2,1.0986122886681098,-1,1,1,3,5,8,4077,8.3133619511344,0,0,2,3,7,1,1,760.0
19,2.995732273553991,1,4,5,9,1,0.6931471805599453,1,0,1,1,1,1,4,1.6094379124341003,1,1,1,4,4,4,4130,8.326274787396764,1,2,0,0,0,1,3,1069.0
11,2.4849066497880004,2,1,4,1,-3,1.3862943611198906,-1,0,0,2,4,7,3,1.3862943611198906,1,0,0,3,3,3,752,6.6240652277998935,1,2,2,3,2,1,1,595.0
17,2.8903717578961645,2,2,3,7,-6,1.9459101490553132,-1,1,0,4,1,4,4,1.6094379124341003,1,1,1,4,4,4,1797,7.494430215031565,0,0,2,5,7,1,0,556.0
19,2.995732273553991,1,4,5,9,1,0.6931471805599453,1,0,1,1,1,1,1,0.6931471805599453,1,0,1,1,1,1,10000,9.210440366976517,1,1,0,4,0,1,5,1.0
19,2.995732273553991,1,4,5,9,3,1.3862943611198906,1,0,0,3,3,3,-3,1.3862943611198906,-1,0,0,2,4,7,1000,6.90875477931522,1,1,0,6,0,1,1,273.0
13,2.6390573296152584,1,3,6,3,-6,1.9459101490553132,-1,1,0,4,1,4,3,1.3862943611198906,1,0,0,3,3,3,1000,6.90875477931522,1,1,0,6,0,1,1,913.0
11,2.4849066497880004,2,1,4,1,4,1.6094379124341003,1,1,1,4,4,4,-5,1.791759469228055,-1,0,1,0,2,5,1000,6.90875477931522,1,1,0,6,0,1,2,31.0
13,2.6390573296152584,1,3,6,3,-3,1.3862943611198906,-1,0,0,2,4,7,6,1.9459101490553132,1,1,0,1,6,6,4650,8.444837529224097,1,0,0,2,0,1,3,3979.0
13,2.6390573296152584,1,3,6,3,-4,1.6094379124341003,-1,1,2,1,3,6,1,0.6931471805599453,1,0,1,1,1,1,3008,8.009363076630045,1,2,3,5,8,1,4,2089.0
17,2.8903717578961645,2,2,3,7,0,0.0,0,1,0,0,0,0,-5,1.791759469228055,-1,0,1,0,2,5,10000,9.210440366976517,1,1,0,4,0,1,1,3281.0
17,2.8903717578961645,2,2,3,7,-2,1.0986122886681098,-1,1,1,3,5,8,3,1.3862943611198906,1,0,0,3,3,3,962,6.870053411798126,1,2,2,3,2,1,1,157.0
5,1.791759469228055,2,0,5,5,2,1.0986122886681098,1,1,2,2,2,2,5,1.791759469228055,1,0,2,0,5,5,1000,6.90875477931522,1,1,0,6,0,1,4,761.0
13,2.6390573296152584,1,3,6,3,-6,1.9459101490553132,-1,1,0,4,1,4,6,1.9459101490553132,1,1,0,1,6,6,2731,7.912789220690681,0,1,1,1,1,1,1,1123.0
19,2.995732273553991,1,4,5,9,2,1.0986122886681098,1,1,2,2,2,2,3,1.3862943611198906,1,0,0,3,3,3,2468,7.81156848934518,1,2,3,4,8,1,1,1687.0
7,2.0794415416798357,1,2,0,7,-2,1.0986122886681098,-1,1,1,3,5,8,6,1.9459101490553132,1,1,0,1,6,6,4741,8.464214266625351,0,1,1,2,1,1,1,2635.0
19,2.995732273553991,1,4,5,9,-5,1.791759469228055,-1,0,1,0,2,5,0,0.0,0,1,0,0,0,0,2349,7.762170607138205,0,0,4,4,9,1,0,1072.0
11,2.4849066497880004,2,1,4,1,-6,1.9459101490553132,-1,1,0,4,1,4,-5,1.791759469228055,-1,0,1,0,2,5,1000,6.90875477931522,1,1,0,6,0,1,1,531.0
5,1.791759469228055,2,0,5,5,-3,1.3862943611198906,-1,0,0,2,4,7,2,1.0986122886681098,1,1,2,2,2,2,3557,8.17695386822578,0,2,2,1,7,1,0,11.0
13,2.6390573296152584,1,3,6,3,-2,1.0986122886681098,-1,1,1,3,5,8,-1,0.6931471805599453,-1,0,2,4,6,9,1000,6.90875477931522,1,1,0,6,0,1,4,321.0
17,2.8903717578961645,2,2,3,7,-5,1.791759469228055,-1,0,1,0,2,5,-4,1.6094379124341003,-1,1,2,1,3,6,10000,9.210440366976517,1,1,0,4,0,1,2,4501.0
7,2.0794415416798357,1,2,0,7,6,1.9459101490553132,1,1,0,1,6,6,-6,1.9459101490553132,-1,1,0,4,1,4,10000,9.210440366976517,1,1,0,4,0,1,1,1309.0
19,2.995732273553991,1,4,5,9,0,0.0,0,1,0,0,0,0,-4,1.6094379124341003,-1,1,2,1,3,6,2195,7.694392802629421,0,2,0,4,5,1,0,571.0
11,2.4849066497880004,2,1,4,1,5,1.791759469228055,1,0,2,0,5,5,-4,1.6094379124341003,-1,1,2,1,3,6,4022,8.299783171949787,1,2,2,4,2,1,0,645.0
13,2.6390573296152584,1,3,6,3,2,1.0986122886681098,1,1,2,2,2,2,2,1.0986122886681098,1,1,2,2,2,2,10000,9.210440366976517,1,1,0,4,0,1,3,8321.0
17,2.8903717578961645,2,2,3,7,1,0.6931471805599453,1,0,1,1,1,1,-5,1.791759469228055,-1,0,1,0,2,5,1000,6.90875477931522,1,1,0,6,0,1,4,287.0
11,2.4849066497880004,2,1,4,1,-3,1.3862943611198906,-1,0,0,2,4,7,1,0.6931471805599453,1,0,1,1,1,1,10000,9.210440366976517,1,1,0,4,0,1,3,7921.0
23,3.1780538303479458,2,3,2,3,-4,1.6094379124341003,-1,1,2,1,3,6,4,1.6094379124341003,1,1,1,4,4,4,10000,9.210440366976517,1,1,0,4,0,1,3,7209.0
23,3.1780538303479458,2,3,2,3,-3,1.3862943611198906,-1,0,0,2,4,7,5,1.791759469228055,1,0,2,0,5,5,3216,8.076204527239026,1,0,1,3,6,1,1,1181.0
17,2.8903717578961645,2,2,3,7,-1,0.6931471805599453,-1,0,2,4,6,9,-3,1.3862943611198906,-1,0,0,2,4,7,10000,9.210440366976517,1,1,0,4,0,1,3,533.0
13,2.6390573296152584,1,3,6,3,-5,1.791759469228055,-1,0,1,0,2,5,-4,1.6094379124341003,-1,1,2,1,3,6,1894,7.546974117516527,1,1,4,4,4,1,0,1649.0
17,2.8903717578961645,2,2,3,7,-6,1.9459101490553132,-1,1,0,4,1,4,-4,1.6094379124341003,-1,1,2,1,3,6,10000,9.210440366976517,1,1,0,4,0,1,1,3291.0
7,2.0794415416798357,1,2,0,7,5,1.791759469228055,1,0,2,0,5,5,-6,1.9459101490553132,-1,1,0,4,1,4,1000,6.90875477931522,1,1,0,6,0,1,1,987.0
23,3.1780538303479458,2,3,2,3,3,1.3862943611198906,1,0,0,3,3,3,-2,1.0986122886681098,-1,1,1,3,5,8,1000,6.90875477931522,1,1,0,6,0,1,1,617.0
19,2.995732273553991,1,4,5,9,1,0.6931471805599453,1,0,1,1,1,1,2,1.0986122886681098,1,1,2,2,2,2,4756,8.467372496432281,1,1,1,3,6,1,4,963.0
19,2.995732273553991,1,4,5,9,1,0.6931471805599453,1,0,1,1,1,1,-4,1.6094379124341003,-1,1,2,1,3,6,10000,9.210440366976517,1,1,0,4,0,1,4,3411.0
13,2.6390573296152584,1,3,6,3,4,1.6094379124341003,1,1,1,4,4,4,5,1.791759469228055,1,0,2,0,5,5,1000,6.90875477931522,1,1,0,6,0,1,2,761.0
13,2.6390573296152584,1,3,6,3,-4,1.6094379124341003,-1,1,2,1,3,6,2,1.0986122886681098,1,1,2,2,2,2,10000,9.210440366976517,1,1,0,4,0,1,3,4887.0
17,2.8903717578961645,2,2,3,7,-5,1.791759469228055,-1,0,1,0,2,5,6,1.9459101490553132,1,1,0,1,6,6,2681,7.894318063841624,0,2,1,0,1,1,0,475.0
23,3.1780538303479458,2,3,2,3,0,0.0,0,1,0,0,0,0,-4,1.6094379124341003,-1,1,2,1,3,6,10000,9.210440366976517,1,1,0,4,0,1,1,9221.0
19,2.995732273553991,1,4,5,9,3,1.3862943611198906,1,0,0,3,3,3,-3,1.3862943611198906,-1,0,0,2,4,7,4384,8.385944904806284,1,1,4,2,4,1,1,3041.0
13,2.6390573296152584,1,3,6,3,-1,0.6931471805599453,-1,0,2,4,6,9,0,0.0,0,1,0,0,0,0,1941,7.571473648851271,0,0,1,2,1,1,2,1.0
13,2.6390573296152584,1,3,6,3,-1,0.6931471805599453,-1,0,2,4,6,9,5,1.791759469228055,1,0,2,0,5,5,1000,6.90875477931522,1,1,0,6,0,1,4,241.0
17,2.8903717578961645,2,2,3,7,0,0.0,0,1,0,0,0,0,-6,1.9459101490553132,-1,1,0,4,1,4,10000,9.210440366976517,1,1,0,4,0,1,0,8947.0
7,2.0794415416798357,1,2,0,7,-4,1.6094379124341003,-1,1,2,1,3,6,-1,0.6931471805599453,-1,0,2,4,6,9,2453,7.805474625270857,0,2,3,3,3,1,3,1213.0
11,2.4849066497880004,2,1,4,1,1,0.6931471805599453,1,0,1,1,1,1,1,0.6931471805599453,1,0,1,1,1,1,3189,8.06777619577889,0,0,4,4,9,1,5,1.0
7,2.0794415416798357,1,2,0,7,5,1.791759469228055,1,0,2,0,5,5,-5,1.791759469228055,-1,0,1,0,2,5,1287,7.160845906664299,0,0,2,6,7,1,1,112.0
13,2.6390573296152584,1,3,6,3,-3,1.3862943611198906,-1,0,0,2,4,7,-1,0.6931471805599453,-1,0,2,4,6,9,2134,7.666221925662725,1,1,4,6,4,1,3,395.0
7,2.0794415416798357,1,2,0,7,-3,1.3862943611198906,-1,0,0,2,4,7,1,0.6931471805599453,1,0,1,1,1,1,10000,9.210440366976517,1,1,0,4,0,1,3,169.0
5,1.791759469228055,2,0,5,5,2,1.0986122886681098,1,1,2,2,2,2,-1,0.6931471805599453,-1,0,2,4,6,9,1000,6.90875477931522,1,1,0,6,0,1,5,41.0
17,2.8903717578961645,2,2,3,7,5,1.791759469228055,1,0,2,0,5,5,2,1.0986122886681098,1,1,2,2,2,2,4816,8.479906606630221,1,1,1,0,6,1,1,3819.0
13,2.6390573296152584,1,3,6,3,5,1.791759469228055,1,0,2,0,5,5,-2,1.0986122886681098,-1,1,1,3,5,8,2828,7.947678571301568,1,2,3,0,8,1,1,2495.0
13,2.6390573296152584,1,3,6,3,1,0.6931471805599453,1,0,1,1,1,1,6,1.9459101490553132,1,1,0,1,6,6,10000,9.210440366976517,1,1,0,4,0,1,3,5111.0
11,2.4849066497880004,2,1,4,1,5,1.791759469228055,1,0,2,0,5,5,5,1.791759469228055,1,0,2,0,5,5,1000,6.90875477931522,1,1,0,6,0,1,3,501.0
19,2.995732273553991,1,4,5,9,-5,1.791759469228055,-1,0,1,0,2,5,-2,1.0986122886681098,-1,1,1,3,5,8,10000,9.210440366976517,1,1,0,4,0,1,2,6557.0
5,1.791759469228055,2,0,5,5,1,0.6931471805599453,1,0,1,1,1,1,-4,1.6094379124341003,-1,1,2,1,3,6,1078,6.983789965258135,1,1,3,0,8,1,3,281.0
7,2.0794415416798357,1,2,0,7,-4,1.6094379124341003,-1,1,2,1,3,6,-3,1.3862943611198906,-1,0,0,2,4,7,3831,8.251142139090751,0,0,1,2,1,1,1,3106.0
5,1.791759469228055,2,0,5,5,-1,0.6931471805599453,-1,0,2,4,6,9,1,0.6931471805599453,1,0,1,1,1,1,1000,6.90875477931522,1,1,0,6,0,1,6,1.0
19,2.995732273553991,1,4,5,9,-2,1.0986122886681098,-1,1,1,3,5,8,4,1.6094379124341003,1,1,1,4,4,4,3912,8.272059622210412,1,0,2,6,2,1,3,367.0
19,2.995732273553991,1,4,5,9,-5,1.791759469228055,-1,0,1,0,2,5,6,1.9459101490553132,1,1,0,1,6,6,1000,6.90875477931522,1,1,0,6,0,1,1,21.0
17,2.8903717578961645,2,2,3,7,-1,0.6931471805599453,-1,0,2,4,6,9,3,1.3862943611198906,1,0,0,3,3,3,10000,9.210440366976517,1,1,0,4,0,1,3,3647.0
13,2.6390573296152584,1,3,6,3,-3,1.3862943611198906,-1,0,0,2,4,7,3,1.3862943611198906,1,0,0,3,3,3,10000,9.210440366976517,1,1,0,4,0,1,1,8073.0
5,1.791759469228055,2,0,5,5,2,1.0986122886681098,1,1,2,2,2,2,-1,0.6931471805599453,-1,0,2,4,6,9,10000,9.210440366976517,1,1,0,4,0,1,5,41.0
17,2.8903717578961645,2,2,3,7,0,0.0,0,1,0,0,0,0,6,1.9459101490553132,1,1,0,1,6,6,553,6.317164686747284,0,1,3,0,3,1,0,290.0
11,2.4849066497880004,2,1,4,1,-2,1.0986122886681098,-1,1,1,3,5,8,-1,0.6931471805599453,-1,0,2,4,6,9,2272,7.728855823852543,1,1,2,4,2,1,4,1303.0
23,3.1780538303479458,2,3,2,3,6,1.9459101490553132,1,1,0,1,6,6,0,0.0,0,1,0,0,0,0,1000,6.90875477931522,1,1,0,6,0,1,0,563.0
17,2.8903717578961645,2,2,3,7,6,1.9459101490553132,1,1,0,1,6,6,1,0.6931471805599453,1,0,1,1,1,1,10000,9.210440366976517,1,1,0,4,0,1,3,5441.0
7,2.0794415416798357,1,2,0,7,3,1.3862943611198906,1,0,0,3,3,3,0,0.0,0,1,0,0,0,0,1177,7.071573364211532,0,1,2,1,7,1,0,1093.0
23,3.1780538303479458,2,3,2,3,1,0.6931471805599453,1,0,1,1,1,1,2,1.0986122886681098,1,1,2,2,2,2,1480,7.300472814267799,1,1,0,3,0,1,4,1103.0
5,1.791759469228055,2,0,5,5,-3,1.3862943611198906,-1,0,0,2,4,7,-2,1.0986122886681098,-1,1,1,3,5,8,10000,9.210440366976517,1,1,0,4,0,1,2,271.0
5,1.791759469228055,2,0,5,5,-2,1.0986122886681098,-1,1,1,3,5,8,6,1.9459101490553132,1,1,0,1,6,6,10000,9.210440366976517,1,1,0,4,0,1,3,881.0
5,1.791759469228055,2,0,5,5,4,1.6094379124341003,1,1,1,4,4,4,2,1.0986122886681098,1,1,2,2,2,2,3668,8.207674424355282,1,2,3,0,8,1,3,431.0
7,2.0794415416798357,1,2,0,7,-6,1.9459101490553132,-1,1,0,4,1,4,-1,0.6931471805599453,-1,0,2,4,6,9,1000,6.90875477931522,1,1,0,6,0,1,3,239.0
13,2.6390573296152584,1,3,6,3,-3,1.3862943611198906,-1,0,0,2,4,7,-3,1.3862943611198906,-1,0,0,2,4,7,1834,7.51479976048867,1,1,4,0,4,1,1,813.0
23,3.1780538303479458,2,3,2,3,5,1.791759469228055,1,0,2,0,5,5,1,0.6931471805599453,1,0,1,1,1,1,956,6.863803391452954,1,2,1,4,6,1,3,25.0
11,2.4849066497880004,2,1,4,1,6,1.9459101490553132,1,1,0,1,6,6,-1,0.6931471805599453,-1,0,2,4,6,9,1000,6.90875477931522,1,1,0,6,0,1,3,599.0
19,2.995732273553991,1,4,5,9,-1,0.6931471805599453,-1,0,2,4,6,9,-1,0.6931471805599453,-1,0,2,4,6,9,10000,9.210440366976517,1,1,0,4,0,1,5,9349.0
5,1.791759469228055,2,0,5,5,4,1.6094379124341003,1,1,1,4,4,4,-2,1.0986122886681098,-1,1,1,3,5,8,4168,8.335431477880796,1,1,3,3,8,1,3,355.0
23,3.1780538303479458,2,3,2,3,3,1.3862943611198906,1,0,0,3,3,3,1,0.6931471805599453,1,0,1,1,1,1,10000,9.210440366976517,1,1,0,4,0,1,3,8241.0
23,3.1780538303479458,2,3,2,3,4,1.6094379124341003,1,1,1,4,4,4,-5,1.791759469228055,-1,0,1,0,2,5,1000,6.90875477931522,1,1,0,6,0,1,2,531.0
19,2.995732273553991,1,4,5,9,5,1.791759469228055,1,0,2,0,5,5,1,0.6931471805599453,1,0,1,1,1,1,10000,9.210440366976517,1,1,0,4,0,1,4,5801.0
5,1.791759469228055,2,0,5,5,-2,1.0986122886681098,-1,1,1,3,5,8,-4,1.6094379124341003,-1,1,2,1,3,6,10000,9.210440366976517,1,1,0,4,0,1,4,671.0
13,2.6390573296152584,1,3,6,3,-2,1.0986122886681098,-1,1,1,3,5,8,4,1.6094379124341003,1,1,1,4,4,4,1000,6.90875477931522,1,1,0,6,0,1,3,151.0
11,2.4849066497880004,2,1,4,1,1,0.6931471805599453,1,0,1,1,1,1,-3,1.3862943611198906,-1,0,0,2,4,7,10000,9.210440366976517,1,1,0,4,0,1,3,2261.0
17,2.8903717578961645,2,2,3,7,3,1.3862943611198906,1,0,0,3,3,3,0,0.0,0,1,0,0,0,0,10000,9.210440366976517,1,1,0,4,0,1,0,81.0
23,3.1780538303479458,2,3,2,3,3,1.3862943611198906,1,0,0,3,3,3,5,1.791759469228055,1,0,2,0,5,5,1000,6.90875477931522,1,1,0,6,0,1,1,173.0
13,2.6390573296152584,1,3,6,3,2,1.0986122886681098,1,1,2,2,2,2,-2,1.0986122886681098,-1,1,1,3,5,8,10000,9.210440366976517,1,1,0,4,0,1,3,213.0
11,2.4849066497880004,2,1,4,1,4,1.6094379124341003,1,1,1,4,4,4,-1,0.6931471805599453,-1,0,2,4,6,9,4086,8.315566483564277,1,0,1,5,6,1,3,847.0
11,2.4849066497880004,2,1,4,1,3,1.3862943611198906,1,0,0,3,3,3,0,0.0,0,1,0,0,0,0,10000,9.210440366976517,1,1,0,4,0,1,0,8573.0
7,2.0794415416798357,1,2,0,7,1,0.6931471805599453,1,0,1,1,1,1,-3,1.3862943611198906,-1,0,0,2,4,7,10000,9.210440366976517,1,1,0,4,0,1,3,841.0
5,1.791759469228055,2,0,5,5,-2,1.0986122886681098,-1,1,1,3,5,8,3,1.3862943611198906,1,0,0,3,3,3,3454,8.14757773620177,1,1,4,3,4,1,1,41.0
17,2.8903717578961645,2,2,3,7,3,1.3862943611198906,1,0,0,3,3,3,6,1.9459101490553132,1,1,0,1,6,6,858,6.755768921984255,1,0,3,4,8,1,3,337.0
17,2.8903717578961645,2,2,3,7,-2,1.0986122886681098,-1,1,1,3,5,8,4,1.6094379124341003,1,1,1,4,4,4,10000,9.210440366976517,1,1,0,4,0,1,3,5751.0
13,2.6390573296152584,1,3,6,3,-6,1.9459101490553132,-1,1,0,4,1,4,4,1.6094379124341003,1,1,1,4,4,4,2005,7.603897968521881,0,1,0,3,5,1,0,481.0
19,2.995732273553991,1,4,5,9,3,1.3862943611198906,1,0,0,3,3,3,0,0.0,0,1,0,0,0,0,1356,7.213031659834869,1,0,1,5,6,1,1,661.0
17,2.8903717578961645,2,2,3,7,5,1.791759469228055,1,0,2,0,5,5,-4,1.6094379124341003,-1,1,2,1,3,6,1000,6.90875477931522,1,1,0,6,0,1,2,421.0
13,2.6390573296152584,1,3,6,3,0,0.0,0,1,0,0,0,0,5,1.791759469228055,1,0,2,0,5,5,1139,7.038783541388542,0,2,4,5,9,1,0,63.0
17,2.8903717578961645,2,2,3,7,-2,1.0986122886681098,-1,1,1,3,5,8,3,1.3862943611198906,1,0,0,3,3,3,1000,6.90875477931522,1,1,0,6,0,1,1,97.0
23,3.1780538303479458,2,3,2,3,5,1.791759469228055,1,0,2,0,5,5,0,0.0,0,1,0,0,0,0,10000,9.210440366976517,1,1,0,4,0,1,1,9531.0
19,2.995732273553991,1,4,5,9,3,1.3862943611198906,1,0,0,3,3,3,4,1.6094379124341003,1,1,1,4,4,4,1000,6.90875477931522,1,1,0,6,0,1,1,789.0
7,2.0794415416798357,1,2,0,7,-3,1.3862943611198906,-1,0,0,2,4,7,-3,1.3862943611198906,-1,0,0,2,4,7,1000,6.90875477931522,1,1,0,6,0,1,1,73.0
7,2.0794415416798357,1,2,0,7,-5,1.791759469228055,-1,0,1,0,2,5,3,1.3862943611198906,1,0,0,3,3,3,10000,9.210440366976517,1,1,0,4,0,1,1,3277.0
11,2.4849066497880004,2,1,4,1,-2,1.0986122886681098,-1,1,1,3,5,8,0,0.0,0,1,0,0,0,0,10000,9.210440366976517,1,1,0,4,0,1,1,683.0
23,3.1780538303479458,2,3,2,3,-2,1.0986122886681098,-1,1,1,3,5,8,-5,1.791759469228055,-1,0,1,0,2,5,4295,8.3654396361887,0,2,0,4,5,1,1,2403.0
23,3.1780538303479458,2,3,2,3,2,1.0986122886681098,1,1,2,2,2,2,-6,1.9459101490553132,-1,1,0,4,1,4,3940,8.279189777195004,1,1,0,6,0,1,2,3049.0
17,2.8903717578961645,2,2,3,7,-2,1.0986122886681098,-1,1,1,3,5,8,6,1.9459101490553132,1,1,0,1,6,6,1000,6.90875477931522,1,1,0,6,0,1,2,681.0
7,2.0794415416798357,1,2,0,7,4,1.6094379124341003,1,1,1,4,4,4,2,1.0986122886681098,1,1,2,2,2,2,1000,6.90875477931522,1,1,0,6,0,1,3,279.0
23,3.1780538303479458,2,3,2,3,2,1.0986122886681098,1,1,2,2,2,2,0,0.0,0,1,0,0,0,0,1000,6.90875477931522,1,1,0,6,0,1,1,607.0
23,3.1780538303479458,2,3,2,3,1,0.6931471805599453,1,0,1,1,1,1,-1,0.6931471805599453,-1,0,2,4,6,9,10000,9.210440366976517,1,1,0,4,0,1,5,4079.0
19,2.995732273553991,1,4,5,9,-3,1.3862943611198906,-1,0,0,2,4,7,-5,1.791759469228055,-1,0,1,0,2,5,10000,9.210440366976517,1,1,0,4,0,1,1,197.0
11,2.4849066497880004,2,1,4,1,2,1.0986122886681098,1,1,2,2,2,2,3,1.3862943611198906,1,0,0,3,3,3,1330,7.193685818395112,1,1,0,0,0,1,1,991.0
19,2.995732273553991,1,4,5,9,3,1.3862943611198906,1,0,0,3,3,3,-2,1.0986122886681098,-1,1,1,3,5,8,10000,9.210440366976517,1,1,0,4,0,1,1,597.0
7,2.0794415416798357,1,2,0,7,0,0.0,0,1,0,0,0,0,-2,1.0986122886681098,-1,1,1,3,5,8,4599,8.433811582477187,0,0,4,0,9,1,1,127.0
7,2.0794415416798357,1,2,0,7,-1,0.6931471805599453,-1,0,2,4,6,9,5,1.791759469228055,1,0,2,0,5,5,2232,7.711101251840158,1,0,2,6,2,1,3,2153.0
5,1.791759469228055,2,0,5,5,-1,0.6931471805599453,-1,0,2,4,6,9,3,1.3862943611198906,1,0,0,3,3,3,1000,6.90875477931522,1,1,0,6,0,1,4,55.0
7,2.0794415416798357,1,2,0,7,5,1.791759469228055,1,0,2,0,5,5,-5,1.791759469228055,-1,0,1,0,2,5,10000,9.210440366976517,1,1,0,4,0,1,3,4861.0
17,2.8903717578961645,2,2,3,7,5,1.791759469228055,1,0,2,0,5,5,6,1.9459101490553132,1,1,0,1,6,6,1000,6.90875477931522,1,1,0,6,0,1,1,751.0
5,1.791759469228055,2,0,5,5,1,0.6931471805599453,1,0,1,1,1,1,4,1.6094379124341003,1,1,1,4,4,4,4632,8.440959885416648,1,0,2,5,2,1,4,241.0
19,2.995732273553991,1,4,5,9,1,0.6931471805599453,1,0,1,1,1,1,-5,1.791759469228055,-1,0,1,0,2,5,1402,7.246368080102461,1,1,2,2,2,1,3,661.0
11,2.4849066497880004,2,1,4,1,3,1.3862943611198906,1,0,0,3,3,3,-3,1.3862943611198906,-1,0,0,2,4,7,3607,8.190908881182514,0,1,2,2,7,1,1,2911.0
5,1.791759469228055,2,0,5,5,-6,1.9459101490553132,-1,1,0,4,1,4,6,1.9459101490553132,1,1,0,1,6,6,1567,7.357556200910353,0,1,2,6,7,1,1,781.0
5,1.791759469228055,2,0,5,5,3,1.3862943611198906,1,0,0,3,3,3,4,1.6094379124341003,1,1,1,4,4,4,10000,9.210440366976517,1,1,0,4,0,1,2,541.0
13,2.6390573296152584,1,3,6,3,5,1.791759469228055,1,0,2,0,5,5,3,1.3862943611198906,1,0,0,3,3,3,2284,7.734121303328305,1,1,4,2,4,1,0,417.0
5,1.791759469228055,2,0,5,5,-6,1.9459101490553132,-1,1,0,4,1,4,-1,0.6931471805599453,-1,0,2,4,6,9,10000,9.210440366976517,1,1,0,4,0,1,4,1481.0
5,1.791759469228055,2,0,5,5,-2,1.0986122886681098,-1,1,1,3,5,8,5,1.791759469228055,1,0,2,0,5,5,1933,7.56734567601324,0,1,3,1,3,1,1,401.0
7,2.0794415416798357,1,2,0,7,3,1.3862943611198906,1,0,0,3,3,3,-2,1.0986122886681098,-1,1,1,3,5,8,10000,9.210440366976517,1,1,0,4,0,1,1,1849.0
13,2.6390573296152584,1,3,6,3,-6,1.9459101490553132,-1,1,0,4,1,4,6,1.9459101490553132,1,1,0,1,6,6,4383,8.385716828627851,0,0,3,1,3,1,1,4237.0
19,2.995732273553991,1,4,5,9,1,0.6931471805599453,1,0,1,1,1,1,1,0.6931471805599453,1,0,1,1,1,1,3306,8.103796712981794,1,0,1,2,6,1,6,1.0
19,2.995732273553991,1,4,5,9,-6,1.9459101490553132,-1,1,0,4,1,4,1,0.6931471805599453,1,0,1,1,1,1,1447,7.277938572945661,0,1,2,5,7,1,3,742.0
5,1.791759469228055,2,0,5,5,-5,1.791759469228055,-1,0,1,0,2,5,-5,1.791759469228055,-1,0,1,0,2,5,4198,8.342601680684194,1,1,3,5,8,1,3,3751.0
5,1.791759469228055,2,0,5,5,6,1.9459101490553132,1,1,0,1,6,6,-6,1.9459101490553132,-1,1,0,4,1,4,1833,7.51425465281641,0,0,3,6,3,1,1,268.0
13,2.6390573296152584,1,3,6,3,4,1.6094379124341003,1,1,1,4,4,4,0,0.0,0,1,0,0,0,0,3727,8.223627175805483,0,1,2,3,7,1,0,167.0
23,3.1780538303479458,2,3,2,3,-5,1.791759469228055,-1,0,1,0,2,5,-5,1.791759469228055,-1,0,1,0,2,5,3234,8.081784206935001,1,0,4,0,4,1,1,1957.0
11,2.4849066497880004,2,1,4,1,-1,0.6931471805599453,-1,0,2,4,6,9,-5,1.791759469228055,-1,0,1,0,2,5,1136,7.036148493750536,1,2,1,2,6,1,3,187.0
19,2.995732273553991,1,4,5,9,-6,1.9459101490553132,-1,1,0,4,1,4,2,1.0986122886681098,1,1,2,2,2,2,1482,7.301822342137932,1,0,2,5,2,1,4,457.0
7,2.0794415416798357,1,2,0,7,2,1.0986122886681098,1,1,2,2,2,2,-2,1.0986122886681098,-1,1,1,3,5,8,10000,9.210440366976517,1,1,0,4,0,1,3,421.0
7,2.0794415416798357,1,2,0,7,5,1.791759469228055,1,0,2,0,5,5,-5,1.791759469228055,-1,0,1,0,2,5,2657,7.885329239273191,0,2,2,4,7,1,1,320.0
5,1.791759469228055,2,0,5,5,-3,1.3862943611198906,-1,0,0,2,4,7,1,0.6931471805599453,1,0,1,1,1,1,10000,9.210440366976517,1,1,0,4,0,1,4,25.0
5,1.791759469228055,2,0,5,5,5,1.791759469228055,1,0,2,0,5,5,-2,1.0986122886681098,-1,1,1,3,5,8,4842,8.48528964240323,1,0,2,5,2,1,2,751.0
17,2.8903717578961645,2,2,3,7,-5,1.791759469228055,-1,0,1,0,2,5,5,1.791759469228055,1,0,2,0,5,5,1000,6.90875477931522,1,1,0,6,0,1,3,341.0
7,2.0794415416798357,1,2,0,7,4,1.6094379124341003,1,1,1,4,4,4,-4,1.6094379124341003,-1,1,2,1,3,6,1000,6.90875477931522,1,1,0,6,0,1,3,81.0
17,2.8903717578961645,2,2,3,7,-4,1.6094379124341003,-1,1,2,1,3,6,4,1.6094379124341003,1,1,1,4,4,4,10000,9.210440366976517,1,1,0,4,0,1,3,3481.0
23,3.1780538303479458,2,3,2,3,6,1.9459101490553132,1,1,0,1,6,6,-2,1.0986122886681098,-1,1,1,3,5,8,10000,9.210440366976517,1,1,0,4,0,1,2,8537.0
5,1.791759469228055,2,0,5,5,4,1.6094379124341003,1,1,1,4,4,4,0,0.0,0,1,0,0,0,0,4980,8.513385953073284,1,0,0,3,0,1,2,341.0
5,1.791759469228055,2,0,5,5,-3,1.3862943611198906,-1,0,0,2,4,7,3,1.3862943611198906,1,0,0,3,3,3,10000,9.210440366976517,1,1,0,4,0,1,2,31.0
5,1.791759469228055,2,0,5,5,-6,1.9459101490553132,-1,1,0,4,1,4,-5,1.791759469228055,-1,0,1,0,2,5,1000,6.90875477931522,1,1,0,6,0,1,3,401.0
17,2.8903717578961645,2,2,3,7,-3,1.3862943611198906,-1,0,0,2,4,7,-1,0.6931471805599453,-1,0,2,4,6,9,1000,6.90875477931522,1,1,0,6,0,1,3,491.0
13,2.6390573296152584,1,3,6,3,-3,1.3862943611198906,-1,0,0,2,4,7,5,1.791759469228055,1,0,2,0,5,5,1000,6.90875477931522,1,1,0,6,0,1,1,641.0
19,2.995732273553991,1,4,5,9,0,0.0,0,1,0,0,0,0,6,1.9459101490553132,1,1,0,1,6,6,2960,7.993282328101591,1,2,0,6,0,1,0,1511.0
17,2.8903717578961645,2,2,3,7,4,1.6094379124341003,1,1,1,4,4,4,2,1.0986122886681098,1,1,2,2,2,2,10000,9.210440366976517,1,1,0,4,0,1,3,8463.0
7,2.0794415416798357,1,2,0,7,-6,1.9459101490553132,-1,1,0,4,1,4,0,0.0,0,1,0,0,0,0,10000,9.210440366976517,1,1,0,4,0,1,0,9991.0
19,2.995732273553991,1,4,5,9,-4,1.6094379124341003,-1,1,2,1,3,6,-1,0.6931471805599453,-1,0,2,4,6,9,1000,6.90875477931522,1,1,0,6,0,1,4,899.0
13,2.6390573296152584,1,3,6,3,-6,1.9459101490553132,-1,1,0,4,1,4,-6,1.9459101490553132,-1,1,0,4,1,4,10000,9.210440366976517,1,1,0,4,0,1,1,7361.0
19,2.995732273553991,1,4,5,9,2,1.0986122886681098,1,1,2,2,2,2,5,1.791759469228055,1,0,2,0,5,5,1508,7.319202458767849,1,2,3,3,8,1,1,1109.0
17,2.8903717578961645,2,2,3,7,-2,1.0986122886681098,-1,1,1,3,5,8,0,0.0,0,1,0,0,0,0,10000,9.210440366976517,1,1,0,4,0,1,1,3691.0
13,2.6390573296152584,1,3,6,3,0,0.0,0,1,0,0,0,0,-6,1.9459101490553132,-1,1,0,4,1,4,1000,6.90875477931522,1,1,0,6,0,1,0,803.0
19,2.995732273553991,1,4,5,9,4,1.6094379124341003,1,1,1,4,4,4,-2,1.0986122886681098,-1,1,1,3,5,8,4626,8.439663988907,1,0,1,6,6,1,2,2431.0
19,2.995732273553991,1,4,5,9,3,1.3862943611198906,1,0,0,3,3,3,4,1.6094379124341003,1,1,1,4,4,4,3509,8.163371316459912,0,2,4,2,9,1,0,3325.0
19,2.995732273553991,1,4,5,9,3,1.3862943611198906,1,0,0,3,3,3,-3,1.3862943611198906,-1,0,0,2,4,7,10000,9.210440366976517,1,1,0,4,0,1,1,4273.0
5,1.791759469228055,2,0,5,5,-6,1.9459101490553132,-1,1,0,4,1,4,-4,1.6094379124341003,-1,1,2,1,3,6,1000,6.90875477931522,1,1,0,6,0,1,2,851.0
11,2.4849066497880004,2,1,4,1,6,1.9459101490553132,1,1,0,1,6,6,-6,1.9459101490553132,-1,1,0,4,1,4,4380,8.385032287813898,1,0,0,5,0,1,3,169.0
13,2.6390573296152584,1,3,6,3,5,1.791759469228055,1,0,2,0,5,5,0,0.0,0,1,0,0,0,0,1867,7.532623618788788,0,1,2,5,7,1,0,1562.0
23,3.1780538303479458,2,3,2,3,6,1.9459101490553132,1,1,0,1,6,6,6,1.9459101490553132,1,1,0,1,6,6,1000,6.90875477931522,1,1,0,6,0,1,1,241.0
5,1.791759469228055,2,0,5,5,6,1.9459101490553132,1,1,0,1,6,6,-1,0.6931471805599453,-1,0,2,4,6,9,502,6.220590170099739,1,1,2,5,2,1,3,477.0
5,1.791759469228055,2,0,5,5,0,0.0,0,1,0,0,0,0,-3,1.3862943611198906,-1,0,0,2,4,7,4737,8.463370384718731,0,0,2,5,7,1,1,121.0
11,2.4849066497880004,2,1,4,1,2,1.0986122886681098,1,1,2,2,2,2,2,1.0986122886681098,1,1,2,2,2,2,1000,6.90875477931522,1,1,0,6,0,1,3,113.0
17,2.8903717578961645,2,2,3,7,-6,1.9459101490553132,-1,1,0,4,1,4,-5,1.791759469228055,-1,0,1,0,2,5,1978,7.590346945602565,1,1,3,4,8,1,0,1743.0
19,2.995732273553991,1,4,5,9,2,1.0986122886681098,1,1,2,2,2,2,2,1.0986122886681098,1,1,2,2,2,2,10000,9.210440366976517,1,1,0,4,0,1,3,5313.0
17,2.8903717578961645,2,2,3,7,5,1.791759469228055,1,0,2,0,5,5,5,1.791759469228055,1,0,2,0,5,5,1000,6.90875477931522,1,1,0,6,0,1,3,501.0
17,2.8903717578961645,2,2,3,7,0,0.0,0,1,0,0,0,0,3,1.3862943611198906,1,0,0,3,3,3,1000,6.90875477931522,1,1,0,6,0,1,0,41.0
19,2.995732273553991,1,4,5,9,-6,1.9459101490553132,-1,1,0,4,1,4,3,1.3862943611198906,1,0,0,3,3,3,1210,7.099201743553092,1,1,0,6,0,1,1,367.0
7,2.0794415416798357,1,2,0,7,-4,1.6094379124341003,-1,1,2,1,3,6,0,0.0,0,1,0,0,0,0,10000,9.210440366976517,1,1,0,4,0,1,1,3277.0
5,1.791759469228055,2,0,5,5,-1,0.6931471805599453,-1,0,2,4,6,9,5,1.791759469228055,1,0,2,0,5,5,1000,6.90875477931522,1,1,0,6,0,1,6,461.0
5,1.791759469228055,2,0,5,5,2,1.0986122886681098,1,1,2,2,2,2,4,1.6094379124341003,1,1,1,4,4,4,1000,6.90875477931522,1,1,0,6,0,1,4,331.0
11,2.4849066497880004,2,1,4,1,-5,1.791759469228055,-1,0,1,0,2,5,1,0.6931471805599453,1,0,1,1,1,1,4464,8.4040244933106,1,0,4,5,4,1,3,2593.0
13,2.6390573296152584,1,3,6,3,4,1.6094379124341003,1,1,1,4,4,4,-5,1.791759469228055,-1,0,1,0,2,5,4253,8.355614995760183,0,2,3,4,3,1,0,1766.0
17,2.8903717578961645,2,2,3,7,3,1.3862943611198906,1,0,0,3,3,3,-5,1.791759469228055,-1,0,1,0,2,5,3441,8.143807976771484,0,0,1,4,1,1,1,3097.0
19,2.995732273553991,1,4,5,9,-5,1.791759469228055,-1,0,1,0,2,5,3,1.3862943611198906,1,0,0,3,3,3,10000,9.210440366976517,1,1,0,4,0,1,1,37.0
23,3.1780538303479458,2,3,2,3,-5,1.791759469228055,-1,0,1,0,2,5,2,1.0986122886681098,1,1,2,2,2,2,10000,9.210440366976517,1,1,0,4,0,1,2,4433.0
13,2.6390573296152584,1,3,6,3,5,1.791759469228055,1,0,2,0,5,5,-3,1.3862943611198906,-1,0,0,2,4,7,3642,8.200562797008564,1,0,2,2,2,1,1,2557.0
11,2.4849066497880004,2,1,4,1,2,1.0986122886681098,1,1,2,2,2,2,2,1.0986122886681098,1,1,2,2,2,2,10000,9.210440366976517,1,1,0,4,0,1,3,2113.0
23,3.1780538303479458,2,3,2,3,-6,1.9459101490553132,-1,1,0,4,1,4,0,0.0,0,1,0,0,0,0,1539,7.3395376954076745,0,0,4,6,9,1,0,1111.0
19,2.995732273553991,1,4,5,9,-4,1.6094379124341003,-1,1,2,1,3,6,-1,0.6931471805599453,-1,0,2,4,6,9,10000,9.210440366976517,1,1,0,4,0,1,4,899.0
17,2.8903717578961645,2,2,3,7,3,1.3862943611198906,1,0,0,3,3,3,1,0.6931471805599453,1,0,1,1,1,1,1000,6.90875477931522,1,1,0,6,0,1,3,41.0
23,3.1780538303479458,2,3,2,3,-1,0.6931471805599453,-1,0,2,4,6,9,3,1.3862943611198906,1,0,0,3,3,3,2778,7.929846429742503,1,0,3,6,8,1,4,973.0
11,2.4849066497880004,2,1,4,1,-6,1.9459101490553132,-1,1,0,4,1,4,-6,1.9459101490553132,-1,1,0,4,1,4,10000,9.210440366976517,1,1,0,4,0,1,1,6689.0
5,1.791759469228055,2,0,5,5,1,0.6931471805599453,1,0,1,1,1,1,5,1.791759469228055,1,0,2,0,5,5,1000,6.90875477931522,1,1,0,6,0,1,6,605.0
19,2.995732273553991,1,4,5,9,-5,1.791759469228055,-1,0,1,0,2,5,4,1.6094379124341003,1,1,1,4,4,4,10000,9.210440366976517,1,1,0,4,0,1,2,1389.0
13,2.6390573296152584,1,3,6,3,-3,1.3862943611198906,-1,0,0,2,4,7,-5,1.791759469228055,-1,0,1,0,2,5,1189,7.081708586105575,0,1,4,6,9,1,0,893.0
7,2.0794415416798357,1,2,0,7,-6,1.9459101490553132,-1,1,0,4,1,4,4,1.6094379124341003,1,1,1,4,4,4,10000,9.210440366976517,1,1,0,4,0,1,1,1299.0
17,2.8903717578961645,2,2,3,7,-4,1.6094379124341003,-1,1,2,1,3,6,1,0.6931471805599453,1,0,1,1,1,1,1000,6.90875477931522,1,1,0,6,0,1,4,761.0
17,2.8903717578961645,2,2,3,7,-3,1.3862943611198906,-1,0,0,2,4,7,1,0.6931471805599453,1,0,1,1,1,1,1000,6.90875477931522,1,1,0,6,0,1,3,409.0
11,2.4849066497880004,2,1,4,1,-5,1.791759469228055,-1,0,1,0,2,5,6,1.9459101490553132,1,1,0,1,6,6,1003,6.911747300251674,0,1,3,2,3,1,0,550.0
7,2.0794415416798357,1,2,0,7,2,1.0986122886681098,1,1,2,2,2,2,6,1.9459101490553132,1,1,0,1,6,6,1000,6.90875477931522,1,1,0,6,0,1,2,29.0
19,2.995732273553991,1,4,5,9,0,0.0,0,1,0,0,0,0,1,0.6931471805599453,1,0,1,1,1,1,1608,7.3833681469923835,1,0,3,5,8,1,2,1.0
13,2.6390573296152584,1,3,6,3,1,0.6931471805599453,1,0,1,1,1,1,-6,1.9459101490553132,-1,1,0,4,1,4,3349,8.116715624819111,0,1,4,3,9,1,3,2449.0
5,1.791759469228055,2,0,5,5,0,0.0,0,1,0,0,0,0,-5,1.791759469228055,-1,0,1,0,2,5,1636,7.400620577371135,1,1,1,5,6,1,1,781.0
11,2.4849066497880004,2,1,4,1,3,1.3862943611198906,1,0,0,3,3,3,0,0.0,0,1,0,0,0,0,1000,6.90875477931522,1,1,0,6,0,1,0,573.0
13,2.6390573296152584,1,3,6,3,-6,1.9459101490553132,-1,1,0,4,1,4,2,1.0986122886681098,1,1,2,2,2,2,10000,9.210440366976517,1,1,0,4,0,1,2,1033.0
11,2.4849066497880004,2,1,4,1,5,1.791759469228055,1,0,2,0,5,5,6,1.9459101490553132,1,1,0,1,6,6,1000,6.90875477931522,1,1,0,6,0,1,1,931.0
13,2.6390573296152584,1,3,6,3,-6,1.9459101490553132,-1,1,0,4,1,4,-2,1.0986122886681098,-1,1,1,3,5,8,2730,7.912423121473705,1,0,0,0,0,1,4,1093.0
11,2.4849066497880004,2,1,4,1,-6,1.9459101490553132,-1,1,0,4,1,4,6,1.9459101490553132,1,1,0,1,6,6,625,6.439350371100098,0,1,0,2,5,1,1,491.0
5,1.791759469228055,2,0,5,5,-6,1.9459101490553132,-1,1,0,4,1,4,-4,1.6094379124341003,-1,1,2,1,3,6,3998,8.293799608846818,1,2,3,1,8,1,0,3851.0
13,2.6390573296152584,1,3,6,3,2,1.0986122886681098,1,1,2,2,2,2,-6,1.9459101490553132,-1,1,0,4,1,4,4754,8.46695197497949,1,2,4,1,4,1,2,1697.0
11,2.4849066497880004,2,1,4,1,3,1.3862943611198906,1,0,0,3,3,3,-4,1.6094379124341003,-1,1,2,1,3,6,2547,7.843064016692054,0,0,2,6,7,1,1,2345.0
23,3.1780538303479458,2,3,2,3,3,1.3862943611198906,1,0,0,3,3,3,0,0.0,0,1,0,0,0,0,3383,8.126813720726114,0,2,3,2,3,1,0,3048.0
5,1.791759469228055,2,0,5,5,-6,1.9459101490553132,-1,1,0,4,1,4,1,0.6931471805599453,1,0,1,1,1,1,3534,8.170468578330674,1,0,4,6,4,1,4,841.0
19,2.995732273553991,1,4,5,9,3,1.3862943611198906,1,0,0,3,3,3,6,1.9459101490553132,1,1,0,1,6,6,10000,9.210440366976517,1,1,0,4,0,1,1,6421.0
13,2.6390573296152584,1,3,6,3,6,1.9459101490553132,1,1,0,1,6,6,2,1.0986122886681098,1,1,2,2,2,2,10000,9.210440366976517,1,1,0,4,0,1,2,7637.0
19,2.995732273553991,1,4,5,9,3,1.3862943611198906,1,0,0,3,3,3,-5,1.791759469228055,-1,0,1,0,2,5,10000,9.210440366976517,1,1,0,4,0,1,1,2293.0
23,3.1780538303479458,2,3,2,3,4,1.6094379124341003,1,1,1,4,4,4,-3,1.3862943611198906,-1,0,0,2,4,7,2099,7.649692623711514,0,2,4,6,9,1,0,1053.0
23,3.1780538303479458,2,3,2,3,-2,1.0986122886681098,-1,1,1,3,5,8,-5,1.791759469228055,-1,0,1,0,2,5,1621,7.3914152346753585,0,1,1,4,1,1,0,458.0
13,2.6390573296152584,1,3,6,3,-5,1.791759469228055,-1,0,1,0,2,5,2,1.0986122886681098,1,1,2,2,2,2,10000,9.210440366976517,1,1,0,4,0,1,2,9091.0
13,2.6390573296152584,1,3,6,3,5,1.791759469228055,1,0,2,0,5,5,3,1.3862943611198906,1,0,0,3,3,3,3470,8.152198015861787,1,2,0,5,0,1,1,1311.0
13,2.6390573296152584,1,3,6,3,4,1.6094379124341003,1,1,1,4,4,4,-4,1.6094379124341003,-1,1,2,1,3,6,1000,6.90875477931522,1,1,0,6,0,1,3,161.0
19,2.995732273553991,1,4,5,9,0,0.0,0,1,0,0,0,0,-4,1.6094379124341003,-1,1,2,1,3,6,1000,6.90875477931522,1,1,0,6,0,1,1,981.0
17,2.8903717578961645,2,2,3,7,-3,1.3862943611198906,-1,0,0,2,4,7,3,1.3862943611198906,1,0,0,3,3,3,10000,9.210440366976517,1,1,0,4,0,1,1,5783.0
23,3.1780538303479458,2,3,2,3,-3,1.3862943611198906,-1,0,0,2,4,7,5,1.791759469228055,1,0,2,0,5,5,1000,6.90875477931522,1,1,0,6,0,1,1,637.0
5,1.791759469228055,2,0,5,5,2,1.0986122886681098,1,1,2,2,2,2,2,1.0986122886681098,1,1,2,2,2,2,1000,6.90875477931522,1,1,0,6,0,1,4,41.0
19,2.995732273553991,1,4,5,9,2,1.0986122886681098,1,1,2,2,2,2,-2,1.0986122886681098,-1,1,1,3,5,8,4294,8.365206834418355,1,1,4,3,4,1,4,3763.0
13,2.6390573296152584,1,3,6,3,-1,0.6931471805599453,-1,0,2,4,6,9,-1,0.6931471805599453,-1,0,2,4,6,9,10000,9.210440366976517,1,1,0,4,0,1,5,521.0
5,1.791759469228055,2,0,5,5,1,0.6931471805599453,1,0,1,1,1,1,-6,1.9459101490553132,-1,1,0,4,1,4,10000,9.210440366976517,1,1,0,4,0,1,4,1331.0
11,2.4849066497880004,2,1,4,1,4,1.6094379124341003,1,1,1,4,4,4,-2,1.0986122886681098,-1,1,1,3,5,8,3913,8.272315147956022,0,1,3,0,3,1,1,3240.0
17,2.8903717578961645,2,2,3,7,1,0.6931471805599453,1,0,1,1,1,1,-3,1.3862943611198906,-1,0,0,2,4,7,10000,9.210440366976517,1,1,0,4,0,1,3,6597.0
17,2.8903717578961645,2,2,3,7,0,0.0,0,1,0,0,0,0,0,0.0,0,1,0,0,0,0,4429,8.39615486303918,0,1,4,5,9,1,0,1.0
5,1.791759469228055,2,0,5,5,6,1.9459101490553132,1,1,0,1,6,6,6,1.9459101490553132,1,1,0,1,6,6,4779,8.472195825485501,0,0,4,5,9,1,1,622.0
5,1.791759469228055,2,0,5,5,2,1.0986122886681098,1,1,2,2,2,2,3,1.3862943611198906,1,0,0,3,3,3,2698,7.900636613018005,1,1,3,3,8,1,1,121.0
11,2.4849066497880004,2,1,4,1,6,1.9459101490553132,1,1,0,1,6,6,4,1.6094379124341003,1,1,1,4,4,4,3739,8.226840890408578,0,1,4,1,9,1,0,1409.0
23,3.1780538303479458,2,3,2,3,0,0.0,0,1,0,0,0,0,-6,1.9459101490553132,-1,1,0,4,1,4,10000,9.210440366976517,1,1,0,4,0,1,0,563.0
11,2.4849066497880004,2,1,4,1,-5,1.791759469228055,-1,0,1,0,2,5,1,0.6931471805599453,1,0,1,1,1,1,3980,8.289288323000317,1,2,0,4,0,1,4,1841.0
19,2.995732273553991,1,4,5,9,1,0.6931471805599453,1,0,1,1,1,1,-1,0.6931471805599453,-1,0,2,4,6,9,10000,9.210440366976517,1,1,0,4,0,1,5,9349.0
23,3.1780538303479458,2,3,2,3,1,0.6931471805599453,1,0,1,1,1,1,-1,0.6931471805599453,-1,0,2,4,6,9,1000,6.90875477931522,1,1,0,6,0,1,5,79.0
23,3.1780538303479458,2,3,2,3,-3,1.3862943611198906,-1,0,0,2,4,7,-1,0.6931471805599453,-1,0,2,4,6,9,1000,6.90875477931522,1,1,0,6,0,1,3,279.0
19,2.995732273553991,1,4,5,9,6,1.9459101490553132,1,1,0,1,6,6,0,0.0,0,1,0,0,0,0,10000,9.210440366976517,1,1,0,4,0,1,0,2099.0
7,2.0794415416798357,1,2,0,7,-1,0.6931471805599453,-1,0,2,4,6,9,1,0.6931471805599453,1,0,1,1,1,1,1000,6.90875477931522,1,1,0,6,0,1,5,1.0
17,2.8903717578961645,2,2,3,7,5,1.791759469228055,1,0,2,0,5,5,-6,1.9459101490553132,-1,1,0,4,1,4,10000,9.210440366976517,1,1,0,4,0,1,1,8947.0
19,2.995732273553991,1,4,5,9,-2,1.0986122886681098,-1,1,1,3,5,8,1,0.6931471805599453,1,0,1,1,1,1,10000,9.210440366976517,1,1,0,4,0,1,4,1.0
23,3.1780538303479458,2,3,2,3,-2,1.0986122886681098,-1,1,1,3,5,8,1,0.6931471805599453,1,0,1,1,1,1,1000,6.90875477931522,1,1,0,6,0,1,4,1.0
19,2.995732273553991,1,4,5,9,-6,1.9459101490553132,-1,1,0,4,1,4,1,0.6931471805599453,1,0,1,1,1,1,1000,6.90875477931522,1,1,0,6,0,1,3,881.0
11,2.4849066497880004,2,1,4,1,2,1.0986122886681098,1,1,2,2,2,2,3,1.3862943611198906,1,0,0,3,3,3,1902,7.551186867296149,1,0,2,5,2,1,2,1279.0
19,2.995732273553991,1,4,5,9,4,1.6094379124341003,1,1,1,4,4,4,6,1.9459101490553132,1,1,0,1,6,6,1000,6.90875477931522,1,1,0,6,0,1,1,451.0
7,2.0794415416798357,1,2,0,7,-1,0.6931471805599453,-1,0,2,4,6,9,-6,1.9459101490553132,-1,1,0,4,1,4,1000,6.90875477931522,1,1,0,6,0,1,3,469.0
7,2.0794415416798357,1,2,0,7,-2,1.0986122886681098,-1,1,1,3,5,8,2,1.0986122886681098,1,1,2,2,2,2,1000,6.90875477931522,1,1,0,6,0,1,3,29.0
17,2.8903717578961645,2,2,3,7,0,0.0,0,1,0,0,0,0,3,1.3862943611198906,1,0,0,3,3,3,3121,8.046229101075378,0,1,1,6,1,1,0,1417.0
17,2.8903717578961645,2,2,3,7,-2,1.0986122886681098,-1,1,1,3,5,8,-5,1.791759469228055,-1,0,1,0,2,5,1000,6.90875477931522,1,1,0,6,0,1,2,161.0
7,2.0794415416798357,1,2,0,7,-5,1.791759469228055,-1,0,1,0,2,5,5,1.791759469228055,1,0,2,0,5,5,2103,7.651595573857601,0,0,3,3,3,1,1,1532.0
17,2.8903717578961645,2,2,3,7,4,1.6094379124341003,1,1,1,4,4,4,-5,1.791759469228055,-1,0,1,0,2,5,536,6.285998094508865,1,2,1,4,6,1,1,281.0
11,2.4849066497880004,2,1,4,1,-3,1.3862943611198906,-1,0,0,2,4,7,4,1.6094379124341003,1,1,1,4,4,4,2625,7.873217054862741,0,0,0,0,5,1,1,1864.0
17,2.8903717578961645,2,2,3,7,-4,1.6094379124341003,-1,1,2,1,3,6,6,1.9459101490553132,1,1,0,1,6,6,1181,7.074963197966044,0,2,1,5,1,1,0,262.0
17,2.8903717578961645,2,2,3,7,6,1.9459101490553132,1,1,0,1,6,6,2,1.0986122886681098,1,1,2,2,2,2,10000,9.210440366976517,1,1,0,4,0,1,2,9237.0
13,2.6390573296152584,1,3,6,3,2,1.0986122886681098,1,1,2,2,2,2,-5,1.791759469228055,-1,0,1,0,2,5,10000,9.210440366976517,1,1,0,4,0,1,2,2281.0
17,2.8903717578961645,2,2,3,7,-1,0.6931471805599453,-1,0,2,4,6,9,-3,1.3862943611198906,-1,0,0,2,4,7,3304,8.103191752285786,1,1,4,0,4,1,3,933.0
7,2.0794415416798357,1,2,0,7,-6,1.9459101490553132,-1,1,0,4,1,4,-2,1.0986122886681098,-1,1,1,3,5,8,1000,6.90875477931522,1,1,0,6,0,1,2,221.0
7,2.0794415416798357,1,2,0,7,-3,1.3862943611198906,-1,0,0,2,4,7,-1,0.6931471805599453,-1,0,2,4,6,9,1000,6.90875477931522,1,1,0,6,0,1,3,429.0
17,2.8903717578961645,2,2,3,7,5,1.791759469228055,1,0,2,0,5,5,0,0.0,0,1,0,0,0,0,3830,8.25088114470065,1,2,0,1,0,1,1,1531.0
23,3.1780538303479458,2,3,2,3,2,1.0986122886681098,1,1,2,2,2,2,6,1.9459101490553132,1,1,0,1,6,6,2496,7.822845290279774,1,0,1,4,6,1,3,1933.0
17,2.8903717578961645,2,2,3,7,0,0.0,0,1,0,0,0,0,0,0.0,0,1,0,0,0,0,10000,9.210440366976517,1,1,0,4,0,1,0,1.0
23,3.1780538303479458,2,3,2,3,-2,1.0986122886681098,-1,1,1,3,5,8,-4,1.6094379124341003,-1,1,2,1,3,6,1000,6.90875477931522,1,1,0,6,0,1,3,631.0
7,2.0794415416798357,1,2,0,7,-1,0.6931471805599453,-1,0,2,4,6,9,3,1.3862943611198906,1,0,0,3,3,3,3949,8.281470857895167,0,1,4,1,9,1,3,421.0
5,1.791759469228055,2,0,5,5,-6,1.9459101490553132,-1,1,0,4,1,4,4,1.6094379124341003,1,1,1,4,4,4,10000,9.210440366976517,1,1,0,4,0,1,2,451.0
23,3.1780538303479458,2,3,2,3,-1,0.6931471805599453,-1,0,2,4,6,9,5,1.791759469228055,1,0,2,0,5,5,4697,8.454892165218858,0,2,2,0,7,1,3,3690.0
17,2.8903717578961645,2,2,3,7,-2,1.0986122886681098,-1,1,1,3,5,8,-1,0.6931471805599453,-1,0,2,4,6,9,10000,9.210440366976517,1,1,0,4,0,1,4,7521.0
17,2.8903717578961645,2,2,3,7,-1,0.6931471805599453,-1,0,2,4,6,9,-6,1.9459101490553132,-1,1,0,4,1,4,2357,7.765569081097317,0,2,2,5,7,1,3,966.0
11,2.4849066497880004,2,1,4,1,-3,1.3862943611198906,-1,0,0,2,4,7,-1,0.6931471805599453,-1,0,2,4,6,9,1000,6.90875477931522,1,1,0,6,0,1,3,39.0
7,2.0794415416798357,1,2,0,7,2,1.0986122886681098,1,1,2,2,2,2,3,1.3862943611198906,1,0,0,3,3,3,1000,6.90875477931522,1,1,0,6,0,1,1,51.0
23,3.1780538303479458,2,3,2,3,-4,1.6094379124341003,-1,1,2,1,3,6,0,0.0,0,1,0,0,0,0,1635,7.400009517162692,0,0,0,4,5,1,0,1513.0
5,1.791759469228055,2,0,5,5,-1,0.6931471805599453,-1,0,2,4,6,9,-4,1.6094379124341003,-1,1,2,1,3,6,4591,8.432070937999402,0,1,1,6,1,1,3,461.0
7,2.0794415416798357,1,2,0,7,1,0.6931471805599453,1,0,1,1,1,1,2,1.0986122886681098,1,1,2,2,2,2,2352,7.763446388727362,1,0,2,0,2,1,5,71.0
13,2.6390573296152584,1,3,6,3,0,0.0,0,1,0,0,0,0,2,1.0986122886681098,1,1,2,2,2,2,1000,6.90875477931522,1,1,0,6,0,1,1,731.0
13,2.6390573296152584,1,3,6,3,5,1.791759469228055,1,0,2,0,5,5,0,0.0,0,1,0,0,0,0,10000,9.210440366976517,1,1,0,4,0,1,1,5781.0
7,2.0794415416798357,1,2,0,7,5,1.791759469228055,1,0,2,0,5,5,1,0.6931471805599453,1,0,1,1,1,1,3765,8.233768709217097,0,0,0,6,5,1,4,496.0
7,2.0794415416798357,1,2,0,7,3,1.3862943611198906,1,0,0,3,3,3,-2,1.0986122886681098,-1,1,1,3,5,8,1435,7.269616749608169,0,1,0,0,5,1,1,414.0
17,2.8903717578961645,2,2,3,7,0,0.0,0,1,0,0,0,0,6,1.9459101490553132,1,1,0,1,6,6,2278,7.731492029245684,1,1,3,3,8,1,1,1497.0
13,2.6390573296152584,1,3,6,3,1,0.6931471805599453,1,0,1,1,1,1,-2,1.0986122886681098,-1,1,1,3,5,8,4618,8.437933510430605,1,1,3,5,8,1,4,3573.0
19,2.995732273553991,1,4,5,9,1,0.6931471805599453,1,0,1,1,1,1,-6,1.9459101490553132,-1,1,0,4,1,4,1000,6.90875477931522,1,1,0,6,0,1,3,279.0
19,2.995732273553991,1,4,5,9,4,1.6094379124341003,1,1,1,4,4,4,-5,1.791759469228055,-1,0,1,0,2,5,3829,8.250620082174692,0,1,4,0,9,1,0,2437.0
13,2.6390573296152584,1,3,6,3,-5,1.791759469228055,-1,0,1,0,2,5,2,1.0986122886681098,1,1,2,2,2,2,1000,6.90875477931522,1,1,0,6,0,1,2,91.0
19,2.995732273553991,1,4,5,9,-4,1.6094379124341003,-1,1,2,1,3,6,-2,1.0986122886681098,-1,1,1,3,5,8,10000,9.210440366976517,1,1,0,4,0,1,3,7387.0
23,3.1780538303479458,2,3,2,3,-3,1.3862943611198906,-1,0,0,2,4,7,5,1.791759469228055,1,0,2,0,5,5,4925,8.502282578680484,0,2,0,4,5,1,1,312.0
23,3.1780538303479458,2,3,2,3,-1,0.6931471805599453,-1,0,2,4,6,9,-4,1.6094379124341003,-1,1,2,1,3,6,1000,6.90875477931522,1,1,0,6,0,1,4,1.0
5,1.791759469228055,2,0,5,5,6,1.9459101490553132,1,1,0,1,6,6,-2,1.0986122886681098,-1,1,1,3,5,8,10000,9.210440366976517,1,1,0,4,0,1,3,1441.0
11,2.4849066497880004,2,1,4,1,0,0.0,0,1,0,0,0,0,1,0.6931471805599453,1,0,1,1,1,1,2456,7.806696372521179,1,2,1,6,6,1,2,1.0
11,2.4849066497880004,2,1,4,1,1,0.6931471805599453,1,0,1,1,1,1,-3,1.3862943611198906,-1,0,0,2,4,7,1000,6.90875477931522,1,1,0,6,0,1,3,261.0
13,2.6390573296152584,1,3,6,3,-2,1.0986122886681098,-1,1,1,3,5,8,-2,1.0986122886681098,-1,1,1,3,5,8,1974,7.5883236773352225,1,0,4,0,4,1,3,367.0
5,1.791759469228055,2,0,5,5,5,1.791759469228055,1,0,2,0,5,5,0,0.0,0,1,0,0,0,0,2593,7.860956364876389,0,1,3,3,3,1,1,781.0
19,2.995732273553991,1,4,5,9,-1,0.6931471805599453,-1,0,2,4,6,9,5,1.791759469228055,1,0,2,0,5,5,2126,7.6624678152002375,1,2,1,5,6,1,3,639.0
23,3.1780538303479458,2,3,2,3,-5,1.791759469228055,-1,0,1,0,2,5,-1,0.6931471805599453,-1,0,2,4,6,9,10000,9.210440366976517,1,1,0,4,0,1,4,1423.0
13,2.6390573296152584,1,3,6,3,0,0.0,0,1,0,0,0,0,-3,1.3862943611198906,-1,0,0,2,4,7,1000,6.90875477931522,1,1,0,6,0,1,0,161.0
13,2.6390573296152584,1,3,6,3,1,0.6931471805599453,1,0,1,1,1,1,3,1.3862943611198906,1,0,0,3,3,3,4794,8.475328987317539,1,0,4,6,4,1,4,4621.0
23,3.1780538303479458,2,3,2,3,0,0.0,0,1,0,0,0,0,-2,1.0986122886681098,-1,1,1,3,5,8,1000,6.90875477931522,1,1,0,6,0,1,1,607.0
7,2.0794415416798357,1,2,0,7,-4,1.6094379124341003,-1,1,2,1,3,6,6,1.9459101490553132,1,1,0,1,6,6,4112,8.321907968230423,1,2,2,3,2,1,1,739.0
19,2.995732273553991,1,4,5,9,2,1.0986122886681098,1,1,2,2,2,2,0,0.0,0,1,0,0,0,0,3207,8.073402968986406,0,0,2,1,7,1,0,1546.0
5,1.791759469228055,2,0,5,5,4,1.6094379124341003,1,1,1,4,4,4,2,1.0986122886681098,1,1,2,2,2,2,1000,6.90875477931522,1,1,0,6,0,1,4,431.0
13,2.6390573296152584,1,3,6,3,0,0.0,0,1,0,0,0,0,2,1.0986122886681098,1,1,2,2,2,2,580,6.364750756851911,1,1,0,6,0,1,1,411.0
19,2.995732273553991,1,4,5,9,-6,1.9459101490553132,-1,1,0,4,1,4,-1,0.6931471805599453,-1,0,2,4,6,9,1000,6.90875477931522,1,1,0,6,0,1,3,799.0
11,2.4849066497880004,2,1,4,1,2,1.0986122886681098,1,1,2,2,2,2,-4,1.6094379124341003,-1,1,2,1,3,6,1000,6.90875477931522,1,1,0,6,0,1,3,371.0
19,2.995732273553991,1,4,5,9,-1,0.6931471805599453,-1,0,2,4,6,9,4,1.6094379124341003,1,1,1,4,4,4,1000,6.90875477931522,1,1,0,6,0,1,4,569.0
7,2.0794415416798357,1,2,0,7,-3,1.3862943611198906,-1,0,0,2,4,7,-2,1.0986122886681098,-1,1,1,3,5,8,3484,8.156223323194624,1,1,4,5,4,1,1,87.0
23,3.1780538303479458,2,3,2,3,1,0.6931471805599453,1,0,1,1,1,1,4,1.6094379124341003,1,1,1,4,4,4,4996,8.516593011344206,1,1,1,5,6,1,4,4439.0
17,2.8903717578961645,2,2,3,7,2,1.0986122886681098,1,1,2,2,2,2,-3,1.3862943611198906,-1,0,0,2,4,7,1406,7.249215057114389,1,2,1,6,6,1,1,937.0
17,2.8903717578961645,2,2,3,7,2,1.0986122886681098,1,1,2,2,2,2,3,1.3862943611198906,1,0,0,3,3,3,1000,6.90875477931522,1,1,0,6,0,1,1,873.0
5,1.791759469228055,2,0,5,5,4,1.6094379124341003,1,1,1,4,4,4,4,1.6094379124341003,1,1,1,4,4,4,10000,9.210440366976517,1,1,0,4,0,1,4,961.0
23,3.1780538303479458,2,3,2,3,2,1.0986122886681098,1,1,2,2,2,2,6,1.9459101490553132,1,1,0,1,6,6,4019,8.299037181613066,0,2,4,1,9,1,1,3355.0
11,2.4849066497880004,2,1,4,1,-6,1.9459101490553132,-1,1,0,4,1,4,-5,1.791759469228055,-1,0,1,0,2,5,3973,8.287528423111763,0,1,3,4,3,1,0,331.0
17,2.8903717578961645,2,2,3,7,1,0.6931471805599453,1,0,1,1,1,1,-6,1.9459101490553132,-1,1,0,4,1,4,3026,8.01532730902172,1,2,1,2,6,1,4,69.0
17,2.8903717578961645,2,2,3,7,2,1.0986122886681098,1,1,2,2,2,2,4,1.6094379124341003,1,1,1,4,4,4,1000,6.90875477931522,1,1,0,6,0,1,3,371.0
5,1.791759469228055,2,0,5,5,5,1.791759469228055,1,0,2,0,5,5,-1,0.6931471805599453,-1,0,2,4,6,9,2942,7.987184748233473,1,2,2,2,2,1,4,755.0
23,3.1780538303479458,2,3,2,3,-1,0.6931471805599453,-1,0,2,4,6,9,-4,1.6094379124341003,-1,1,2,1,3,6,10000,9.210440366976517,1,1,0,4,0,1,4,8001.0
5,1.791759469228055,2,0,5,5,0,0.0,0,1,0,0,0,0,-4,1.6094379124341003,-1,1,2,1,3,6,2291,7.73718007783463,0,2,1,2,1,1,0,341.0
17,2.8903717578961645,2,2,3,7,4,1.6094379124341003,1,1,1,4,4,4,0,0.0,0,1,0,0,0,0,4726,8.461046030793236,1,1,1,1,6,1,1,1259.0
11,2.4849066497880004,2,1,4,1,-3,1.3862943611198906,-1,0,0,2,4,7,-1,0.6931471805599453,-1,0,2,4,6,9,1624,7.393263094763838,1,1,4,0,4,1,3,1143.0
11,2.4849066497880004,2,1,4,1,-1,0.6931471805599453,-1,0,2,4,6,9,4,1.6094379124341003,1,1,1,4,4,4,2642,7.879669914604289,1,2,2,3,2,1,3,1321.0
11,2.4849066497880004,2,1,4,1,-3,1.3862943611198906,-1,0,0,2,4,7,-1,0.6931471805599453,-1,0,2,4,6,9,10000,9.210440366976517,1,1,0,4,0,1,3,39.0
17,2.8903717578961645,2,2,3,7,-3,1.3862943611198906,-1,0,0,2,4,7,-2,1.0986122886681098,-1,1,1,3,5,8,10000,9.210440366976517,1,1,0,4,0,1,1,1703.0
17,2.8903717578961645,2,2,3,7,-1,0.6931471805599453,-1,0,2,4,6,9,-3,1.3862943611198906,-1,0,0,2,4,7,4307,8.36822903827628,0,2,2,2,7,1,3,2290.0
7,2.0794415416798357,1,2,0,7,-3,1.3862943611198906,-1,0,0,2,4,7,5,1.791759469228055,1,0,2,0,5,5,1000,6.90875477931522,1,1,0,6,0,1,1,737.0
5,1.791759469228055,2,0,5,5,-1,0.6931471805599453,-1,0,2,4,6,9,-5,1.791759469228055,-1,0,1,0,2,5,2587,7.858640655620791,0,1,2,4,7,1,4,991.0
7,2.0794415416798357,1,2,0,7,2,1.0986122886681098,1,1,2,2,2,2,-5,1.791759469228055,-1,0,1,0,2,5,10000,9.210440366976517,1,1,0,4,0,1,2,3987.0
7,2.0794415416798357,1,2,0,7,3,1.3862943611198906,1,0,0,3,3,3,5,1.791759469228055,1,0,2,0,5,5,4075,8.312871394342615,0,1,0,1,5,1,1,1423.0
5,1.791759469228055,2,0,5,5,-2,1.0986122886681098,-1,1,1,3,5,8,-6,1.9459101490553132,-1,1,0,4,1,4,1293,7.165493475060845,0,0,3,5,3,1,1,1088.0
7,2.0794415416798357,1,2,0,7,3,1.3862943611198906,1,0,0,3,3,3,-6,1.9459101490553132,-1,1,0,4,1,4,1000,6.90875477931522,1,1,0,6,0,1,1,809.0
7,2.0794415416798357,1,2,0,7,0,0.0,0,1,0,0,0,0,-3,1.3862943611198906,-1,0,0,2,4,7,10000,9.210440366976517,1,1,0,4,0,1,0,1093.0
17,2.8903717578961645,2,2,3,7,-5,1.791759469228055,-1,0,1,0,2,5,1,0.6931471805599453,1,0,1,1,1,1,1106,7.009408932708637,1,2,1,0,6,1,3,415.0
5,1.791759469228055,2,0,5,5,5,1.791759469228055,1,0,2,0,5,5,6,1.9459101490553132,1,1,0,1,6,6,10000,9.210440366976517,1,1,0,4,0,1,3,3751.0
19,2.995732273553991,1,4,5,9,1,0.6931471805599453,1,0,1,1,1,1,-2,1.0986122886681098,-1,1,1,3,5,8,4290,8.364275084991524,1,0,0,6,0,1,4,907.0
5,1.791759469228055,2,0,5,5,-5,1.791759469228055,-1,0,1,0,2,5,0,0.0,0,1,0,0,0,0,4370,8.382747094863314,1,2,0,2,0,5,3,521.0
13,2.6390573296152584,1,3,6,3,1,0.6931471805599453,1,0,1,1,1,1,-2,1.0986122886681098,-1,1,1,3,5,8,3137,8.051340933292979,0,2,2,1,7,1,3,1917.0
11,2.4849066497880004,2,1,4,1,-3,1.3862943611198906,-1,0,0,2,4,7,6,1.9459101490553132,1,1,0,1,6,6,1489,7.306531398939505,0,1,4,5,9,1,1,64.0
5,1.791759469228055,2,0,5,5,-5,1.791759469228055,-1,0,1,0,2,5,3,1.3862943611198906,1,0,0,3,3,3,10000,9.210440366976517,1,1,0,4,0,1,3,191.0
19,2.995732273553991,1,4,5,9,-1,0.6931471805599453,-1,0,2,4,6,9,2,1.0986122886681098,1,1,2,2,2,2,1809,7.501082124259871,0,0,4,3,9,1,3,625.0
19,2.995732273553991,1,4,5,9,4,1.6094379124341003,1,1,1,4,4,4,4,1.6094379124341003,1,1,1,4,4,4,1000,6.90875477931522,1,1,0,6,0,1,3,369.0
19,2.995732273553991,1,4,5,9,6,1.9459101490553132,1,1,0,1,6,6,0,0.0,0,1,0,0,0,0,1000,6.90875477931522,1,1,0,6,0,1,0,99.0
17,2.8903717578961645,2,2,3,7,6,1.9459101490553132,1,1,0,1,6,6,-6,1.9459101490553132,-1,1,0,4,1,4,2207,7.699842407396986,0,2,2,2,7,1,1,499.0
19,2.995732273553991,1,4,5,9,0,0.0,0,1,0,0,0,0,2,1.0986122886681098,1,1,2,2,2,2,10000,9.210440366976517,1,1,0,4,0,1,1,4763.0
7,2.0794415416798357,1,2,0,7,-4,1.6094379124341003,-1,1,2,1,3,6,1,0.6931471805599453,1,0,1,1,1,1,1000,6.90875477931522,1,1,0,6,0,1,4,681.0
17,2.8903717578961645,2,2,3,7,5,1.791759469228055,1,0,2,0,5,5,5,1.791759469228055,1,0,2,0,5,5,1926,7.563719668414366,1,0,1,1,6,1,1,1915.0
5,1.791759469228055,2,0,5,5,0,0.0,0,1,0,0,0,0,-5,1.791759469228055,-1,0,1,0,2,5,10000,9.210440366976517,1,1,0,4,0,5,3,781.0
11,2.4849066497880004,2,1,4,1,-2,1.0986122886681098,-1,1,1,3,5,8,4,1.6094379124341003,1,1,1,4,4,4,10000,9.210440366976517,1,1,0,4,0,1,3,9479.0
11,2.4849066497880004,2,1,4,1,-1,0.6931471805599453,-1,0,2,4,6,9,-5,1.791759469228055,-1,0,1,0,2,5,10000,9.210440366976517,1,1,0,4,0,1,4,9531.0
17,2.8903717578961645,2,2,3,7,-3,1.3862943611198906,-1,0,0,2,4,7,0,0.0,0,1,0,0,0,0,1000,6.90875477931522,1,1,0,6,0,1,0,41.0
17,2.8903717578961645,2,2,3,7,-3,1.3862943611198906,-1,0,0,2,4,7,-2,1.0986122886681098,-1,1,1,3,5,8,1000,6.90875477931522,1,1,0,6,0,1,1,703.0
11,2.4849066497880004,2,1,4,1,-3,1.3862943611198906,-1,0,0,2,4,7,2,1.0986122886681098,1,1,2,2,2,2,4130,8.326274787396764,1,2,0,0,0,1,1,683.0
17,2.8903717578961645,2,2,3,7,-4,1.6094379124341003,-1,1,2,1,3,6,-6,1.9459101490553132,-1,1,0,4,1,4,10000,9.210440366976517,1,1,0,4,0,1,1,5631.0
23,3.1780538303479458,2,3,2,3,2,1.0986122886681098,1,1,2,2,2,2,2,1.0986122886681098,1,1,2,2,2,2,4143,8.329416783939319,0,0,3,6,3,1,1,3224.0
5,1.791759469228055,2,0,5,5,4,1.6094379124341003,1,1,1,4,4,4,-5,1.791759469228055,-1,0,1,0,2,5,10000,9.210440366976517,1,1,0,4,0,1,4,781.0
23,3.1780538303479458,2,3,2,3,5,1.791759469228055,1,0,2,0,5,5,-5,1.791759469228055,-1,0,1,0,2,5,10000,9.210440366976517,1,1,0,4,0,1,3,8611.0
7,2.0794415416798357,1,2,0,7,-3,1.3862943611198906,-1,0,0,2,4,7,5,1.791759469228055,1,0,2,0,5,5,1973,7.587817219993427,0,2,3,6,3,1,0,845.0
19,2.995732273553991,1,4,5,9,3,1.3862943611198906,1,0,0,3,3,3,-5,1.791759469228055,-1,0,1,0,2,5,3626,8.196161139282902,1,2,1,0,6,1,0,607.0
17,2.8903717578961645,2,2,3,7,6,1.9459101490553132,1,1,0,1,6,6,-3,1.3862943611198906,-1,0,0,2,4,7,10000,9.210440366976517,1,1,0,4,0,1,1,8097.0
7,2.0794415416798357,1,2,0,7,-1,0.6931471805599453,-1,0,2,4,6,9,-1,0.6931471805599453,-1,0,2,4,6,9,1000,6.90875477931522,1,1,0,6,0,1,5,29.0
7,2.0794415416798357,1,2,0,7,5,1.791759469228055,1,0,2,0,5,5,-4,1.6094379124341003,-1,1,2,1,3,6,10000,9.210440366976517,1,1,0,4,0,1,2,6531.0
17,2.8903717578961645,2,2,3,7,-4,1.6094379124341003,-1,1,2,1,3,6,5,1.791759469228055,1,0,2,0,5,5,3390,8.128880142125638,1,0,0,2,0,1,1,487.0
7,2.0794415416798357,1,2,0,7,-2,1.0986122886681098,-1,1,1,3,5,8,-4,1.6094379124341003,-1,1,2,1,3,6,10000,9.210440366976517,1,1,0,4,0,1,3,2671.0
13,2.6390573296152584,1,3,6,3,-4,1.6094379124341003,-1,1,2,1,3,6,4,1.6094379124341003,1,1,1,4,4,4,1858,7.527793987721444,1,1,3,3,8,1,1,349.0
13,2.6390573296152584,1,3,6,3,-6,1.9459101490553132,-1,1,0,4,1,4,-6,1.9459101490553132,-1,1,0,4,1,4,3423,8.138564737261632,0,0,3,0,3,1,1,1555.0
23,3.1780538303479458,2,3,2,3,-4,1.6094379124341003,-1,1,2,1,3,6,-6,1.9459101490553132,-1,1,0,4,1,4,1000,6.90875477931522,1,1,0,6,0,1,1,479.0
5,1.791759469228055,2,0,5,5,6,1.9459101490553132,1,1,0,1,6,6,-6,1.9459101490553132,-1,1,0,4,1,4,10000,9.210440366976517,1,1,0,4,0,1,2,2101.0
17,2.8903717578961645,2,2,3,7,-3,1.3862943611198906,-1,0,0,2,4,7,4,1.6094379124341003,1,1,1,4,4,4,1000,6.90875477931522,1,1,0,6,0,1,1,141.0
11,2.4849066497880004,2,1,4,1,4,1.6094379124341003,1,1,1,4,4,4,-4,1.6094379124341003,-1,1,2,1,3,6,4273,8.360305435879093,0,1,3,3,3,1,1,165.0
7,2.0794415416798357,1,2,0,7,3,1.3862943611198906,1,0,0,3,3,3,5,1.791759469228055,1,0,2,0,5,5,4233,8.350902451694811,0,0,3,5,3,1,1,475.0
7,2.0794415416798357,1,2,0,7,-1,0.6931471805599453,-1,0,2,4,6,9,5,1.791759469228055,1,0,2,0,5,5,2782,7.931284761525891,1,1,2,3,2,1,3,2735.0
13,2.6390573296152584,1,3,6,3,-3,1.3862943611198906,-1,0,0,2,4,7,0,0.0,0,1,0,0,0,0,1000,6.90875477931522,1,1,0,6,0,1,0,581.0
11,2.4849066497880004,2,1,4,1,4,1.6094379124341003,1,1,1,4,4,4,-4,1.6094379124341003,-1,1,2,1,3,6,10000,9.210440366976517,1,1,0,4,0,1,3,9961.0
5,1.791759469228055,2,0,5,5,4,1.6094379124341003,1,1,1,4,4,4,4,1.6094379124341003,1,1,1,4,4,4,2823,7.945909598613133,0,0,3,2,3,1,1,961.0
5,1.791759469228055,2,0,5,5,6,1.9459101490553132,1,1,0,1,6,6,-6,1.9459101490553132,-1,1,0,4,1,4,3086,8.034955024502159,1,2,1,6,6,1,1,2101.0
11,2.4849066497880004,2,1,4,1,-6,1.9459101490553132,-1,1,0,4,1,4,0,0.0,0,1,0,0,0,0,1000,6.90875477931522,1,1,0,6,0,1,0,151.0
13,2.6390573296152584,1,3,6,3,1,0.6931471805599453,1,0,1,1,1,1,4,1.6094379124341003,1,1,1,4,4,4,1000,6.90875477931522,1,1,0,6,0,1,4,801.0
17,2.8903717578961645,2,2,3,7,3,1.3862943611198906,1,0,0,3,3,3,-1,0.6931471805599453,-1,0,2,4,6,9,1335,7.197435354096591,0,0,0,5,5,1,4,281.0
7,2.0794415416798357,1,2,0,7,-2,1.0986122886681098,-1,1,1,3,5,8,-1,0.6931471805599453,-1,0,2,4,6,9,912,6.816735880594968,1,0,2,2,2,1,4,239.0
17,2.8903717578961645,2,2,3,7,-3,1.3862943611198906,-1,0,0,2,4,7,6,1.9459101490553132,1,1,0,1,6,6,1000,6.90875477931522,1,1,0,6,0,1,1,439.0
13,2.6390573296152584,1,3,6,3,-6,1.9459101490553132,-1,1,0,4,1,4,6,1.9459101490553132,1,1,0,1,6,6,10000,9.210440366976517,1,1,0,4,0,1,1,6741.0
11,2.4849066497880004,2,1,4,1,3,1.3862943611198906,1,0,0,3,3,3,4,1.6094379124341003,1,1,1,4,4,4,10000,9.210440366976517,1,1,0,4,0,1,1,7349.0
13,2.6390573296152584,1,3,6,3,-1,0.6931471805599453,-1,0,2,4,6,9,2,1.0986122886681098,1,1,2,2,2,2,10000,9.210440366976517,1,1,0,4,0,1,4,2003.0
11,2.4849066497880004,2,1,4,1,1,0.6931471805599453,1,0,1,1,1,1,1,0.6931471805599453,1,0,1,1,1,1,4167,8.335191583433202,0,0,2,2,7,1,5,1.0
7,2.0794415416798357,1,2,0,7,-5,1.791759469228055,-1,0,1,0,2,5,4,1.6094379124341003,1,1,1,4,4,4,4150,8.33110454805304,1,1,0,6,0,1,1,3277.0
19,2.995732273553991,1,4,5,9,-5,1.791759469228055,-1,0,1,0,2,5,6,1.9459101490553132,1,1,0,1,6,6,10000,9.210440366976517,1,1,0,4,0,1,1,3021.0
23,3.1780538303479458,2,3,2,3,1,0.6931471805599453,1,0,1,1,1,1,-2,1.0986122886681098,-1,1,1,3,5,8,1000,6.90875477931522,1,1,0,6,0,1,4,607.0
11,2.4849066497880004,2,1,4,1,2,1.0986122886681098,1,1,2,2,2,2,-1,0.6931471805599453,-1,0,2,4,6,9,10000,9.210440366976517,1,1,0,4,0,1,4,8119.0
17,2.8903717578961645,2,2,3,7,-1,0.6931471805599453,-1,0,2,4,6,9,-4,1.6094379124341003,-1,1,2,1,3,6,10000,9.210440366976517,1,1,0,4,0,1,4,4821.0
5,1.791759469228055,2,0,5,5,-4,1.6094379124341003,-1,1,2,1,3,6,2,1.0986122886681098,1,1,2,2,2,2,1000,6.90875477931522,1,1,0,6,0,1,4,71.0
23,3.1780538303479458,2,3,2,3,-4,1.6094379124341003,-1,1,2,1,3,6,6,1.9459101490553132,1,1,0,1,6,6,1000,6.90875477931522,1,1,0,6,0,1,1,451.0
17,2.8903717578961645,2,2,3,7,4,1.6094379124341003,1,1,1,4,4,4,-2,1.0986122886681098,-1,1,1,3,5,8,1000,6.90875477931522,1,1,0,6,0,1,3,427.0
19,2.995732273553991,1,4,5,9,-1,0.6931471805599453,-1,0,2,4,6,9,1,0.6931471805599453,1,0,1,1,1,1,4458,8.402679804627477,1,0,3,6,8,1,5,1.0
5,1.791759469228055,2,0,5,5,-1,0.6931471805599453,-1,0,2,4,6,9,6,1.9459101490553132,1,1,0,1,6,6,4999,8.517193191416238,0,1,4,1,9,1,3,991.0
7,2.0794415416798357,1,2,0,7,0,0.0,0,1,0,0,0,0,3,1.3862943611198906,1,0,0,3,3,3,2133,7.665753431861699,0,0,3,5,3,1,1,547.0
19,2.995732273553991,1,4,5,9,-4,1.6094379124341003,-1,1,2,1,3,6,2,1.0986122886681098,1,1,2,2,2,2,2968,7.99598047476376,1,1,3,0,8,1,3,607.0
5,1.791759469228055,2,0,5,5,-5,1.791759469228055,-1,0,1,0,2,5,-4,1.6094379124341003,-1,1,2,1,3,6,1000,6.90875477931522,1,1,0,6,0,1,4,501.0
17,2.8903717578961645,2,2,3,7,-5,1.791759469228055,-1,0,1,0,2,5,6,1.9459101490553132,1,1,0,1,6,6,2822,7.945555428253489,1,2,2,1,2,1,1,1089.0
5,1.791759469228055,2,0,5,5,-3,1.3862943611198906,-1,0,0,2,4,7,2,1.0986122886681098,1,1,2,2,2,2,1000,6.90875477931522,1,1,0,6,0,1,2,11.0
19,2.995732273553991,1,4,5,9,-2,1.0986122886681098,-1,1,1,3,5,8,-5,1.791759469228055,-1,0,1,0,2,5,10000,9.210440366976517,1,1,0,4,0,1,2,4923.0
11,2.4849066497880004,2,1,4,1,-3,1.3862943611198906,-1,0,0,2,4,7,2,1.0986122886681098,1,1,2,2,2,2,4409,8.391629968440892,0,2,4,6,9,1,0,683.0
19,2.995732273553991,1,4,5,9,3,1.3862943611198906,1,0,0,3,3,3,-3,1.3862943611198906,-1,0,0,2,4,7,2152,7.674617497364363,1,1,2,3,2,1,1,1577.0
23,3.1780538303479458,2,3,2,3,4,1.6094379124341003,1,1,1,4,4,4,1,0.6931471805599453,1,0,1,1,1,1,10000,9.210440366976517,1,1,0,4,0,1,4,3841.0
11,2.4849066497880004,2,1,4,1,1,0.6931471805599453,1,0,1,1,1,1,2,1.0986122886681098,1,1,2,2,2,2,10000,9.210440366976517,1,1,0,4,0,1,4,991.0
19,2.995732273553991,1,4,5,9,-6,1.9459101490553132,-1,1,0,4,1,4,6,1.9459101490553132,1,1,0,1,6,6,10000,9.210440366976517,1,1,0,4,0,1,1,7861.0
13,2.6390573296152584,1,3,6,3,-3,1.3862943611198906,-1,0,0,2,4,7,-3,1.3862943611198906,-1,0,0,2,4,7,10000,9.210440366976517,1,1,0,4,0,1,1,2721.0
5,1.791759469228055,2,0,5,5,0,0.0,0,1,0,0,0,0,2,1.0986122886681098,1,1,2,2,2,2,10000,9.210440366976517,1,1,0,4,0,1,2,11.0
7,2.0794415416798357,1,2,0,7,-3,1.3862943611198906,-1,0,0,2,4,7,4,1.6094379124341003,1,1,1,4,4,4,10000,9.210440366976517,1,1,0,4,0,1,1,2059.0
23,3.1780538303479458,2,3,2,3,-2,1.0986122886681098,-1,1,1,3,5,8,6,1.9459101490553132,1,1,0,1,6,6,1000,6.90875477931522,1,1,0,6,0,1,2,921.0
7,2.0794415416798357,1,2,0,7,0,0.0,0,1,0,0,0,0,-3,1.3862943611198906,-1,0,0,2,4,7,1000,6.90875477931522,1,1,0,6,0,1,0,93.0
17,2.8903717578961645,2,2,3,7,-4,1.6094379124341003,-1,1,2,1,3,6,-6,1.9459101490553132,-1,1,0,4,1,4,4145,8.329899292995725,0,2,0,1,5,1,0,706.0
19,2.995732273553991,1,4,5,9,-5,1.791759469228055,-1,0,1,0,2,5,2,1.0986122886681098,1,1,2,2,2,2,1724,7.45298232946546,1,2,4,2,4,1,1,877.0
11,2.4849066497880004,2,1,4,1,-4,1.6094379124341003,-1,1,2,1,3,6,-2,1.0986122886681098,-1,1,1,3,5,8,1000,6.90875477931522,1,1,0,6,0,1,3,507.0
7,2.0794415416798357,1,2,0,7,1,0.6931471805599453,1,0,1,1,1,1,6,1.9459101490553132,1,1,0,1,6,6,1000,6.90875477931522,1,1,0,6,0,1,3,831.0
11,2.4849066497880004,2,1,4,1,1,0.6931471805599453,1,0,1,1,1,1,-4,1.6094379124341003,-1,1,2,1,3,6,3165,8.060224240440958,0,0,0,1,5,1,3,2386.0
23,3.1780538303479458,2,3,2,3,-3,1.3862943611198906,-1,0,0,2,4,7,-2,1.0986122886681098,-1,1,1,3,5,8,2586,7.8582541821860294,1,0,1,3,6,1,2,1075.0
11,2.4849066497880004,2,1,4,1,-4,1.6094379124341003,-1,1,2,1,3,6,5,1.791759469228055,1,0,2,0,5,5,3307,8.104099056143582,0,1,2,3,7,1,0,2209.0
17,2.8903717578961645,2,2,3,7,1,0.6931471805599453,1,0,1,1,1,1,-3,1.3862943611198906,-1,0,0,2,4,7,3594,8.187299270155147,1,0,4,3,4,1,4,3257.0
23,3.1780538303479458,2,3,2,3,-3,1.3862943611198906,-1,0,0,2,4,7,6,1.9459101490553132,1,1,0,1,6,6,1000,6.90875477931522,1,1,0,6,0,1,1,539.0
7,2.0794415416798357,1,2,0,7,4,1.6094379124341003,1,1,1,4,4,4,-2,1.0986122886681098,-1,1,1,3,5,8,2735,7.914252278742441,0,2,0,5,5,1,1,1461.0
17,2.8903717578961645,2,2,3,7,6,1.9459101490553132,1,1,0,1,6,6,-2,1.0986122886681098,-1,1,1,3,5,8,10000,9.210440366976517,1,1,0,4,0,1,2,7961.0
11,2.4849066497880004,2,1,4,1,-2,1.0986122886681098,-1,1,1,3,5,8,-5,1.791759469228055,-1,0,1,0,2,5,1000,6.90875477931522,1,1,0,6,0,1,2,683.0
7,2.0794415416798357,1,2,0,7,-1,0.6931471805599453,-1,0,2,4,6,9,-6,1.9459101490553132,-1,1,0,4,1,4,2596,7.862112211662748,1,1,1,6,6,1,3,1973.0
13,2.6390573296152584,1,3,6,3,5,1.791759469228055,1,0,2,0,5,5,3,1.3862943611198906,1,0,0,3,3,3,10000,9.210440366976517,1,1,0,4,0,1,1,9561.0
7,2.0794415416798357,1,2,0,7,3,1.3862943611198906,1,0,0,3,3,3,1,0.6931471805599453,1,0,1,1,1,1,4976,8.512582578858554,1,2,1,6,6,1,3,841.0
19,2.995732273553991,1,4,5,9,2,1.0986122886681098,1,1,2,2,2,2,-2,1.0986122886681098,-1,1,1,3,5,8,1000,6.90875477931522,1,1,0,6,0,1,3,317.0
5,1.791759469228055,2,0,5,5,-6,1.9459101490553132,-1,1,0,4,1,4,-6,1.9459101490553132,-1,1,0,4,1,4,4902,8.497602541651233,1,0,2,2,2,1,3,2659.0
17,2.8903717578961645,2,2,3,7,-6,1.9459101490553132,-1,1,0,4,1,4,3,1.3862943611198906,1,0,0,3,3,3,10000,9.210440366976517,1,1,0,4,0,1,1,2817.0
23,3.1780538303479458,2,3,2,3,4,1.6094379124341003,1,1,1,4,4,4,2,1.0986122886681098,1,1,2,2,2,2,1000,6.90875477931522,1,1,0,6,0,1,3,143.0
5,1.791759469228055,2,0,5,5,-1,0.6931471805599453,-1,0,2,4,6,9,-3,1.3862943611198906,-1,0,0,2,4,7,2034,7.618251097876695,1,0,4,4,4,1,4,181.0
23,3.1780538303479458,2,3,2,3,-4,1.6094379124341003,-1,1,2,1,3,6,-3,1.3862943611198906,-1,0,0,2,4,7,10000,9.210440366976517,1,1,0,4,0,1,1,1493.0
17,2.8903717578961645,2,2,3,7,3,1.3862943611198906,1,0,0,3,3,3,-2,1.0986122886681098,-1,1,1,3,5,8,10000,9.210440366976517,1,1,0,4,0,1,1,6387.0
13,2.6390573296152584,1,3,6,3,-1,0.6931471805599453,-1,0,2,4,6,9,-5,1.791759469228055,-1,0,1,0,2,5,1089,6.993932975223189,0,0,4,4,9,1,3,1066.0
17,2.8903717578961645,2,2,3,7,6,1.9459101490553132,1,1,0,1,6,6,-2,1.0986122886681098,-1,1,1,3,5,8,2848,7.954723334497908,1,1,3,6,8,1,2,73.0
7,2.0794415416798357,1,2,0,7,-2,1.0986122886681098,-1,1,1,3,5,8,5,1.791759469228055,1,0,2,0,5,5,10000,9.210440366976517,1,1,0,4,0,1,2,9773.0
19,2.995732273553991,1,4,5,9,-3,1.3862943611198906,-1,0,0,2,4,7,-3,1.3862943611198906,-1,0,0,2,4,7,2594,7.861341795599989,1,2,4,4,4,1,1,1929.0
5,1.791759469228055,2,0,5,5,6,1.9459101490553132,1,1,0,1,6,6,-1,0.6931471805599453,-1,0,2,4,6,9,1000,6.90875477931522,1,1,0,6,0,1,4,481.0
11,2.4849066497880004,2,1,4,1,4,1.6094379124341003,1,1,1,4,4,4,2,1.0986122886681098,1,1,2,2,2,2,1399,7.24422751560335,0,1,4,6,9,1,1,1122.0
7,2.0794415416798357,1,2,0,7,6,1.9459101490553132,1,1,0,1,6,6,6,1.9459101490553132,1,1,0,1,6,6,1000,6.90875477931522,1,1,0,6,0,1,1,801.0
7,2.0794415416798357,1,2,0,7,-6,1.9459101490553132,-1,1,0,4,1,4,-1,0.6931471805599453,-1,0,2,4,6,9,4552,8.423541635334782,1,1,2,2,2,1,3,1615.0
19,2.995732273553991,1,4,5,9,1,0.6931471805599453,1,0,1,1,1,1,4,1.6094379124341003,1,1,1,4,4,4,10000,9.210440366976517,1,1,0,4,0,1,4,5619.0
13,2.6390573296152584,1,3,6,3,0,0.0,0,1,0,0,0,0,2,1.0986122886681098,1,1,2,2,2,2,10000,9.210440366976517,1,1,0,4,0,1,1,2731.0
5,1.791759469228055,2,0,5,5,2,1.0986122886681098,1,1,2,2,2,2,6,1.9459101490553132,1,1,0,1,6,6,541,6.295266001439646,0,1,1,2,1,1,1,443.0
11,2.4849066497880004,2,1,4,1,-2,1.0986122886681098,-1,1,1,3,5,8,1,0.6931471805599453,1,0,1,1,1,1,1757,7.471932078245122,0,2,2,0,7,1,3,1.0
19,2.995732273553991,1,4,5,9,4,1.6094379124341003,1,1,1,4,4,4,-5,1.791759469228055,-1,0,1,0,2,5,1342,7.202661196523238,1,1,2,5,2,1,0,57.0
7,2.0794415416798357,1,2,0,7,-5,1.791759469228055,-1,0,1,0,2,5,2,1.0986122886681098,1,1,2,2,2,2,2596,7.862112211662748,1,1,1,6,6,1,1,2557.0
23,3.1780538303479458,2,3,2,3,-5,1.791759469228055,-1,0,1,0,2,5,1,0.6931471805599453,1,0,1,1,1,1,4684,8.452121194672523,1,1,4,1,4,1,3,2129.0
19,2.995732273553991,1,4,5,9,-5,1.791759469228055,-1,0,1,0,2,5,4,1.6094379124341003,1,1,1,4,4,4,1000,6.90875477931522,1,1,0,6,0,1,2,389.0
11,2.4849066497880004,2,1,4,1,4,1.6094379124341003,1,1,1,4,4,4,-6,1.9459101490553132,-1,1,0,4,1,4,4544,8.421783006611578,1,2,4,1,4,1,1,3591.0
5,1.791759469228055,2,0,5,5,-5,1.791759469228055,-1,0,1,0,2,5,2,1.0986122886681098,1,1,2,2,2,2,10000,9.210440366976517,1,1,0,4,0,1,4,251.0
11,2.4849066497880004,2,1,4,1,1,0.6931471805599453,1,0,1,1,1,1,4,1.6094379124341003,1,1,1,4,4,4,1080,6.985641817639208,1,0,0,2,0,1,4,259.0
11,2.4849066497880004,2,1,4,1,1,0.6931471805599453,1,0,1,1,1,1,4,1.6094379124341003,1,1,1,4,4,4,10000,9.210440366976517,1,1,0,4,0,1,4,8939.0
17,2.8903717578961645,2,2,3,7,6,1.9459101490553132,1,1,0,1,6,6,-6,1.9459101490553132,-1,1,0,4,1,4,10000,9.210440366976517,1,1,0,4,0,1,1,3261.0
19,2.995732273553991,1,4,5,9,-3,1.3862943611198906,-1,0,0,2,4,7,-3,1.3862943611198906,-1,0,0,2,4,7,1000,6.90875477931522,1,1,0,6,0,1,1,433.0
5,1.791759469228055,2,0,5,5,2,1.0986122886681098,1,1,2,2,2,2,-3,1.3862943611198906,-1,0,0,2,4,7,1000,6.90875477931522,1,1,0,6,0,1,2,121.0
13,2.6390573296152584,1,3,6,3,-2,1.0986122886681098,-1,1,1,3,5,8,-6,1.9459101490553132,-1,1,0,4,1,4,626,6.440946540632921,1,2,1,3,6,1,2,469.0
13,2.6390573296152584,1,3,6,3,2,1.0986122886681098,1,1,2,2,2,2,5,1.791759469228055,1,0,2,0,5,5,2234,7.711996507047669,1,2,4,1,4,1,1,163.0
5,1.791759469228055,2,0,5,5,-1,0.6931471805599453,-1,0,2,4,6,9,6,1.9459101490553132,1,1,0,1,6,6,10000,9.210440366976517,1,1,0,4,0,1,4,991.0
5,1.791759469228055,2,0,5,5,-1,0.6931471805599453,-1,0,2,4,6,9,6,1.9459101490553132,1,1,0,1,6,6,3572,8.181160858023409,1,2,2,2,2,1,3,991.0
17,2.8903717578961645,2,2,3,7,6,1.9459101490553132,1,1,0,1,6,6,0,0.0,0,1,0,0,0,0,1000,6.90875477931522,1,1,0,6,0,1,0,947.0
13,2.6390573296152584,1,3,6,3,1,0.6931471805599453,1,0,1,1,1,1,-3,1.3862943611198906,-1,0,0,2,4,7,3514,8.164794804244766,1,1,4,0,4,1,3,313.0
23,3.1780538303479458,2,3,2,3,4,1.6094379124341003,1,1,1,4,4,4,4,1.6094379124341003,1,1,1,4,4,4,10000,9.210440366976517,1,1,0,4,0,1,3,449.0
11,2.4849066497880004,2,1,4,1,-2,1.0986122886681098,-1,1,1,3,5,8,-5,1.791759469228055,-1,0,1,0,2,5,975,6.883462586413092,0,0,0,2,5,1,1,133.0
19,2.995732273553991,1,4,5,9,6,1.9459101490553132,1,1,0,1,6,6,-5,1.791759469228055,-1,0,1,0,2,5,3422,8.138272638530186,1,2,2,6,2,1,0,573.0
7,2.0794415416798357,1,2,0,7,-3,1.3862943611198906,-1,0,0,2,4,7,-1,0.6931471805599453,-1,0,2,4,6,9,10000,9.210440366976517,1,1,0,4,0,1,3,1429.0
11,2.4849066497880004,2,1,4,1,-2,1.0986122886681098,-1,1,1,3,5,8,6,1.9459101490553132,1,1,0,1,6,6,2239,7.7142311448490855,0,1,4,6,9,1,1,1806.0
5,1.791759469228055,2,0,5,5,-4,1.6094379124341003,-1,1,2,1,3,6,3,1.3862943611198906,1,0,0,3,3,3,10000,9.210440366976517,1,1,0,4,0,1,2,61.0
11,2.4849066497880004,2,1,4,1,1,0.6931471805599453,1,0,1,1,1,1,-6,1.9459101490553132,-1,1,0,4,1,4,1876,7.537430036586509,1,1,1,0,6,1,3,1863.0
19,2.995732273553991,1,4,5,9,4,1.6094379124341003,1,1,1,4,4,4,-4,1.6094379124341003,-1,1,2,1,3,6,1000,6.90875477931522,1,1,0,6,0,1,3,241.0
5,1.791759469228055,2,0,5,5,-6,1.9459101490553132,-1,1,0,4,1,4,-5,1.791759469228055,-1,0,1,0,2,5,892,6.794586580876499,1,1,2,3,2,1,1,49.0
23,3.1780538303479458,2,3,2,3,-3,1.3862943611198906,-1,0,0,2,4,7,-3,1.3862943611198906,-1,0,0,2,4,7,2571,7.85243908535751,0,0,1,2,1,1,3,1459.0
23,3.1780538303479458,2,3,2,3,5,1.791759469228055,1,0,2,0,5,5,-2,1.0986122886681098,-1,1,1,3,5,8,2727,7.911324018963353,0,0,2,4,7,1,0,2101.0
7,2.0794415416798357,1,2,0,7,1,0.6931471805599453,1,0,1,1,1,1,-3,1.3862943611198906,-1,0,0,2,4,7,1186,7.079184394609668,1,1,1,3,6,1,3,841.0
13,2.6390573296152584,1,3,6,3,5,1.791759469228055,1,0,2,0,5,5,6,1.9459101490553132,1,1,0,1,6,6,1550,7.346655163176539,1,2,0,3,0,1,1,251.0
11,2.4849066497880004,2,1,4,1,-5,1.791759469228055,-1,0,1,0,2,5,5,1.791759469228055,1,0,2,0,5,5,1000,6.90875477931522,1,1,0,6,0,1,3,341.0
19,2.995732273553991,1,4,5,9,2,1.0986122886681098,1,1,2,2,2,2,-3,1.3862943611198906,-1,0,0,2,4,7,1000,6.90875477931522,1,1,0,6,0,1,1,733.0
17,2.8903717578961645,2,2,3,7,2,1.0986122886681098,1,1,2,2,2,2,-6,1.9459101490553132,-1,1,0,4,1,4,1600,7.3783837129967145,1,1,0,4,0,1,2,521.0
23,3.1780538303479458,2,3,2,3,-4,1.6094379124341003,-1,1,2,1,3,6,-6,1.9459101490553132,-1,1,0,4,1,4,10000,9.210440366976517,1,1,0,4,0,1,1,479.0
19,2.995732273553991,1,4,5,9,-6,1.9459101490553132,-1,1,0,4,1,4,-2,1.0986122886681098,-1,1,1,3,5,8,4023,8.300031711779575,0,0,3,5,3,1,1,3649.0
19,2.995732273553991,1,4,5,9,-6,1.9459101490553132,-1,1,0,4,1,4,-4,1.6094379124341003,-1,1,2,1,3,6,3106,8.041412909393047,1,1,1,5,6,1,0,749.0
23,3.1780538303479458,2,3,2,3,-1,0.6931471805599453,-1,0,2,4,6,9,3,1.3862943611198906,1,0,0,3,3,3,1000,6.90875477931522,1,1,0,6,0,1,3,139.0
13,2.6390573296152584,1,3,6,3,1,0.6931471805599453,1,0,1,1,1,1,5,1.791759469228055,1,0,2,0,5,5,10000,9.210440366976517,1,1,0,4,0,1,4,7713.0
23,3.1780538303479458,2,3,2,3,-4,1.6094379124341003,-1,1,2,1,3,6,1,0.6931471805599453,1,0,1,1,1,1,669,6.507277712385012,0,0,4,4,9,1,3,73.0
19,2.995732273553991,1,4,5,9,-5,1.791759469228055,-1,0,1,0,2,5,1,0.6931471805599453,1,0,1,1,1,1,3434,8.14177220465645,1,2,4,4,4,1,3,203.0
5,1.791759469228055,2,0,5,5,0,0.0,0,1,0,0,0,0,5,1.791759469228055,1,0,2,0,5,5,10000,9.210440366976517,1,1,0,4,0,5,3,521.0
7,2.0794415416798357,1,2,0,7,0,0.0,0,1,0,0,0,0,-6,1.9459101490553132,-1,1,0,4,1,4,1601,7.379008127628304,0,2,1,5,1,1,0,1553.0
11,2.4849066497880004,2,1,4,1,4,1.6094379124341003,1,1,1,4,4,4,1,0.6931471805599453,1,0,1,1,1,1,1000,6.90875477931522,1,1,0,6,0,1,4,121.0
19,2.995732273553991,1,4,5,9,-2,1.0986122886681098,-1,1,1,3,5,8,-4,1.6094379124341003,-1,1,2,1,3,6,1000,6.90875477931522,1,1,0,6,0,1,3,431.0
23,3.1780538303479458,2,3,2,3,0,0.0,0,1,0,0,0,0,-5,1.791759469228055,-1,0,1,0,2,5,2128,7.663407664893479,1,1,3,0,8,1,0,1579.0
5,1.791759469228055,2,0,5,5,3,1.3862943611198906,1,0,0,3,3,3,0,0.0,0,1,0,0,0,0,2088,7.644440761556566,1,0,3,2,8,1,1,121.0
7,2.0794415416798357,1,2,0,7,0,0.0,0,1,0,0,0,0,4,1.6094379124341003,1,1,1,4,4,4,1000,6.90875477931522,1,1,0,6,0,1,1,277.0
11,2.4849066497880004,2,1,4,1,0,0.0,0,1,0,0,0,0,5,1.791759469228055,1,0,2,0,5,5,4589,8.431635303054591,0,2,4,4,9,1,0,1724.0
19,2.995732273553991,1,4,5,9,0,0.0,0,1,0,0,0,0,3,1.3862943611198906,1,0,0,3,3,3,1553,7.348587530927593,0,2,3,6,3,1,0,620.0
23,3.1780538303479458,2,3,2,3,-4,1.6094379124341003,-1,1,2,1,3,6,3,1.3862943611198906,1,0,0,3,3,3,2000,7.601402334583733,1,2,0,5,0,1,1,707.0
5,1.791759469228055,2,0,5,5,2,1.0986122886681098,1,1,2,2,2,2,-2,1.0986122886681098,-1,1,1,3,5,8,835,6.728628613084702,0,1,0,2,5,1,2,61.0
5,1.791759469228055,2,0,5,5,1,0.6931471805599453,1,0,1,1,1,1,5,1.791759469228055,1,0,2,0,5,5,1784,7.487173694213739,1,2,4,6,4,1,4,605.0
7,2.0794415416798357,1,2,0,7,-2,1.0986122886681098,-1,1,1,3,5,8,6,1.9459101490553132,1,1,0,1,6,6,1000,6.90875477931522,1,1,0,6,0,1,2,81.0
7,2.0794415416798357,1,2,0,7,-1,0.6931471805599453,-1,0,2,4,6,9,1,0.6931471805599453,1,0,1,1,1,1,10000,9.210440366976517,1,1,0,4,0,1,5,1.0
13,2.6390573296152584,1,3,6,3,-1,0.6931471805599453,-1,0,2,4,6,9,0,0.0,0,1,0,0,0,0,10000,9.210440366976517,1,1,0,4,0,1,2,1.0
19,2.995732273553991,1,4,5,9,2,1.0986122886681098,1,1,2,2,2,2,-3,1.3862943611198906,-1,0,0,2,4,7,1145,7.044032897274685,0,2,0,4,5,1,0,868.0
13,2.6390573296152584,1,3,6,3,-1,0.6931471805599453,-1,0,2,4,6,9,2,1.0986122886681098,1,1,2,2,2,2,1388,7.236339342754344,1,2,3,2,8,1,4,615.0
13,2.6390573296152584,1,3,6,3,5,1.791759469228055,1,0,2,0,5,5,2,1.0986122886681098,1,1,2,2,2,2,10000,9.210440366976517,1,1,0,4,0,1,2,8171.0
23,3.1780538303479458,2,3,2,3,-3,1.3862943611198906,-1,0,0,2,4,7,2,1.0986122886681098,1,1,2,2,2,2,10000,9.210440366976517,1,1,0,4,0,1,1,6203.0
7,2.0794415416798357,1,2,0,7,-6,1.9459101490553132,-1,1,0,4,1,4,2,1.0986122886681098,1,1,2,2,2,2,1000,6.90875477931522,1,1,0,6,0,1,2,329.0
17,2.8903717578961645,2,2,3,7,-4,1.6094379124341003,-1,1,2,1,3,6,0,0.0,0,1,0,0,0,0,10000,9.210440366976517,1,1,0,4,0,1,1,3837.0
23,3.1780538303479458,2,3,2,3,-5,1.791759469228055,-1,0,1,0,2,5,3,1.3862943611198906,1,0,0,3,3,3,1000,6.90875477931522,1,1,0,6,0,1,1,547.0
11,2.4849066497880004,2,1,4,1,-6,1.9459101490553132,-1,1,0,4,1,4,1,0.6931471805599453,1,0,1,1,1,1,1000,6.90875477931522,1,1,0,6,0,1,3,81.0
19,2.995732273553991,1,4,5,9,0,0.0,0,1,0,0,0,0,0,0.0,0,1,0,0,0,0,2742,7.916807490937603,1,0,2,5,2,1,0,1.0
19,2.995732273553991,1,4,5,9,5,1.791759469228055,1,0,2,0,5,5,-4,1.6094379124341003,-1,1,2,1,3,6,10000,9.210440366976517,1,1,0,4,0,1,2,2031.0
5,1.791759469228055,2,0,5,5,-1,0.6931471805599453,-1,0,2,4,6,9,4,1.6094379124341003,1,1,1,4,4,4,2227,7.708859601047175,0,1,2,1,7,1,3,181.0
11,2.4849066497880004,2,1,4,1,3,1.3862943611198906,1,0,0,3,3,3,-1,0.6931471805599453,-1,0,2,4,6,9,1000,6.90875477931522,1,1,0,6,0,1,3,39.0
17,2.8903717578961645,2,2,3,7,-5,1.791759469228055,-1,0,1,0,2,5,-5,1.791759469228055,-1,0,1,0,2,5,3340,8.114025442356757,1,1,0,1,0,1,3,1191.0
23,3.1780538303479458,2,3,2,3,-3,1.3862943611198906,-1,0,0,2,4,7,-2,1.0986122886681098,-1,1,1,3,5,8,4698,8.455104999102815,1,0,3,1,8,1,2,2479.0
13,2.6390573296152584,1,3,6,3,6,1.9459101490553132,1,1,0,1,6,6,-1,0.6931471805599453,-1,0,2,4,6,9,10000,9.210440366976517,1,1,0,4,0,1,3,5161.0
5,1.791759469228055,2,0,5,5,-1,0.6931471805599453,-1,0,2,4,6,9,-1,0.6931471805599453,-1,0,2,4,6,9,563,6.335054251498059,0,2,3,3,3,1,5,11.0
17,2.8903717578961645,2,2,3,7,3,1.3862943611198906,1,0,0,3,3,3,4,1.6094379124341003,1,1,1,4,4,4,10000,9.210440366976517,1,1,0,4,0,1,1,8621.0
17,2.8903717578961645,2,2,3,7,-6,1.9459101490553132,-1,1,0,4,1,4,6,1.9459101490553132,1,1,0,1,6,6,2875,7.964155718840937,0,1,0,5,5,1,1,1276.0
11,2.4849066497880004,2,1,4,1,0,0.0,0,1,0,0,0,0,-5,1.791759469228055,-1,0,1,0,2,5,10000,9.210440366976517,1,1,0,4,0,1,1,7031.0
23,3.1780538303479458,2,3,2,3,-4,1.6094379124341003,-1,1,2,1,3,6,-2,1.0986122886681098,-1,1,1,3,5,8,1000,6.90875477931522,1,1,0,6,0,1,3,227.0
23,3.1780538303479458,2,3,2,3,-3,1.3862943611198906,-1,0,0,2,4,7,5,1.791759469228055,1,0,2,0,5,5,3635,8.19863945529737,0,2,0,2,5,1,1,2652.0
19,2.995732273553991,1,4,5,9,-1,0.6931471805599453,-1,0,2,4,6,9,6,1.9459101490553132,1,1,0,1,6,6,10000,9.210440366976517,1,1,0,4,0,1,3,1681.0
23,3.1780538303479458,2,3,2,3,3,1.3862943611198906,1,0,0,3,3,3,-5,1.791759469228055,-1,0,1,0,2,5,1000,6.90875477931522,1,1,0,6,0,1,1,203.0
11,2.4849066497880004,2,1,4,1,5,1.791759469228055,1,0,2,0,5,5,2,1.0986122886681098,1,1,2,2,2,2,2445,7.802209316247118,0,0,0,2,5,1,1,373.0
17,2.8903717578961645,2,2,3,7,6,1.9459101490553132,1,1,0,1,6,6,-4,1.6094379124341003,-1,1,2,1,3,6,1000,6.90875477931522,1,1,0,6,0,1,1,471.0
7,2.0794415416798357,1,2,0,7,-4,1.6094379124341003,-1,1,2,1,3,6,-1,0.6931471805599453,-1,0,2,4,6,9,10000,9.210440366976517,1,1,0,4,0,1,4,6119.0
11,2.4849066497880004,2,1,4,1,-2,1.0986122886681098,-1,1,1,3,5,8,5,1.791759469228055,1,0,2,0,5,5,2951,7.990238185720363,0,2,1,4,1,1,0,2465.0
11,2.4849066497880004,2,1,4,1,-3,1.3862943611198906,-1,0,0,2,4,7,4,1.6094379124341003,1,1,1,4,4,4,10000,9.210440366976517,1,1,0,4,0,1,1,4239.0
19,2.995732273553991,1,4,5,9,-6,1.9459101490553132,-1,1,0,4,1,4,6,1.9459101490553132,1,1,0,1,6,6,3022,8.014004994779459,1,1,2,5,2,1,1,155.0
5,1.791759469228055,2,0,5,5,6,1.9459101490553132,1,1,0,1,6,6,1,0.6931471805599453,1,0,1,1,1,1,10000,9.210440366976517,1,1,0,4,0,1,4,1681.0
11,2.4849066497880004,2,1,4,1,4,1.6094379124341003,1,1,1,4,4,4,5,1.791759469228055,1,0,2,0,5,5,1000,6.90875477931522,1,1,0,6,0,1,2,421.0
5,1.791759469228055,2,0,5,5,2,1.0986122886681098,1,1,2,2,2,2,-5,1.791759469228055,-1,0,1,0,2,5,1401,7.2456550675945355,0,0,1,1,1,1,1,601.0
11,2.4849066497880004,2,1,4,1,-2,1.0986122886681098,-1,1,1,3,5,8,0,0.0,0,1,0,0,0,0,1033,6.9411900550683745,0,1,3,4,3,1,0,683.0
13,2.6390573296152584,1,3,6,3,-2,1.0986122886681098,-1,1,1,3,5,8,-4,1.6094379124341003,-1,1,2,1,3,6,1000,6.90875477931522,1,1,0,6,0,1,3,831.0
5,1.791759469228055,2,0,5,5,-3,1.3862943611198906,-1,0,0,2,4,7,-1,0.6931471805599453,-1,0,2,4,6,9,10000,9.210440366976517,1,1,0,4,0,1,4,131.0
11,2.4849066497880004,2,1,4,1,-1,0.6931471805599453,-1,0,2,4,6,9,-4,1.6094379124341003,-1,1,2,1,3,6,10000,9.210440366976517,1,1,0,4,0,1,4,1641.0
17,2.8903717578961645,2,2,3,7,6,1.9459101490553132,1,1,0,1,6,6,6,1.9459101490553132,1,1,0,1,6,6,1131,7.0317412587631285,0,0,1,4,1,1,1,721.0
11,2.4849066497880004,2,1,4,1,-1,0.6931471805599453,-1,0,2,4,6,9,2,1.0986122886681098,1,1,2,2,2,2,4079,8.313852267398207,0,2,4,5,9,1,3,529.0
13,2.6390573296152584,1,3,6,3,4,1.6094379124341003,1,1,1,4,4,4,2,1.0986122886681098,1,1,2,2,2,2,4133,8.327000740241713,0,2,3,3,3,1,1,2513.0
17,2.8903717578961645,2,2,3,7,6,1.9459101490553132,1,1,0,1,6,6,6,1.9459101490553132,1,1,0,1,6,6,2255,7.721348612617949,0,2,0,1,5,1,1,1191.0
13,2.6390573296152584,1,3,6,3,3,1.3862943611198906,1,0,0,3,3,3,0,0.0,0,1,0,0,0,0,1000,6.90875477931522,1,1,0,6,0,1,0,161.0
13,2.6390573296152584,1,3,6,3,-6,1.9459101490553132,-1,1,0,4,1,4,2,1.0986122886681098,1,1,2,2,2,2,1000,6.90875477931522,1,1,0,6,0,1,2,33.0
13,2.6390573296152584,1,3,6,3,6,1.9459101490553132,1,1,0,1,6,6,-6,1.9459101490553132,-1,1,0,4,1,4,1000,6.90875477931522,1,1,0,6,0,1,1,581.0
17,2.8903717578961645,2,2,3,7,6,1.9459101490553132,1,1,0,1,6,6,0,0.0,0,1,0,0,0,0,10000,9.210440366976517,1,1,0,4,0,1,0,8947.0
13,2.6390573296152584,1,3,6,3,-5,1.791759469228055,-1,0,1,0,2,5,-3,1.3862943611198906,-1,0,0,2,4,7,1000,6.90875477931522,1,1,0,6,0,1,1,521.0
17,2.8903717578961645,2,2,3,7,3,1.3862943611198906,1,0,0,3,3,3,-5,1.791759469228055,-1,0,1,0,2,5,2334,7.755767170102998,1,0,4,3,4,1,1,1477.0
7,2.0794415416798357,1,2,0,7,-5,1.791759469228055,-1,0,1,0,2,5,-4,1.6094379124341003,-1,1,2,1,3,6,1000,6.90875477931522,1,1,0,6,0,1,2,741.0
17,2.8903717578961645,2,2,3,7,6,1.9459101490553132,1,1,0,1,6,6,4,1.6094379124341003,1,1,1,4,4,4,4514,8.415160465851086,1,2,4,6,4,1,0,2879.0
19,2.995732273553991,1,4,5,9,-6,1.9459101490553132,-1,1,0,4,1,4,-6,1.9459101490553132,-1,1,0,4,1,4,3423,8.138564737261632,0,0,3,0,3,1,1,1681.0
17,2.8903717578961645,2,2,3,7,-1,0.6931471805599453,-1,0,2,4,6,9,5,1.791759469228055,1,0,2,0,5,5,1603,7.38025578842646,0,1,3,0,3,1,3,754.0
19,2.995732273553991,1,4,5,9,-3,1.3862943611198906,-1,0,0,2,4,7,5,1.791759469228055,1,0,2,0,5,5,10000,9.210440366976517,1,1,0,4,0,1,1,1537.0
5,1.791759469228055,2,0,5,5,-2,1.0986122886681098,-1,1,1,3,5,8,-1,0.6931471805599453,-1,0,2,4,6,9,2015,7.60887062919126,0,2,0,6,5,1,4,41.0
5,1.791759469228055,2,0,5,5,2,1.0986122886681098,1,1,2,2,2,2,-3,1.3862943611198906,-1,0,0,2,4,7,4317,8.370547611074752,0,0,2,5,7,1,1,121.0
19,2.995732273553991,1,4,5,9,-1,0.6931471805599453,-1,0,2,4,6,9,1,0.6931471805599453,1,0,1,1,1,1,4283,8.36264243156764,0,2,3,6,3,1,5,1.0
11,2.4849066497880004,2,1,4,1,2,1.0986122886681098,1,1,2,2,2,2,6,1.9459101490553132,1,1,0,1,6,6,894,6.796823718274855,1,0,4,5,4,1,3,145.0
19,2.995732273553991,1,4,5,9,1,0.6931471805599453,1,0,1,1,1,1,6,1.9459101490553132,1,1,0,1,6,6,3610,8.191740021277457,1,1,0,5,0,1,4,1711.0
23,3.1780538303479458,2,3,2,3,-5,1.791759469228055,-1,0,1,0,2,5,1,0.6931471805599453,1,0,1,1,1,1,615,6.423246963533519,0,0,0,6,5,1,4,541.0
5,1.791759469228055,2,0,5,5,4,1.6094379124341003,1,1,1,4,4,4,4,1.6094379124341003,1,1,1,4,4,4,3392,8.129469764784231,1,2,2,4,2,1,3,961.0
7,2.0794415416798357,1,2,0,7,6,1.9459101490553132,1,1,0,1,6,6,-1,0.6931471805599453,-1,0,2,4,6,9,879,6.779921907472252,0,0,4,4,9,1,3,862.0
23,3.1780538303479458,2,3,2,3,-3,1.3862943611198906,-1,0,0,2,4,7,-5,1.791759469228055,-1,0,1,0,2,5,10000,9.210440366976517,1,1,0,4,0,1,1,7827.0
17,2.8903717578961645,2,2,3,7,-3,1.3862943611198906,-1,0,0,2,4,7,5,1.791759469228055,1,0,2,0,5,5,10000,9.210440366976517,1,1,0,4,0,1,1,7541.0
7,2.0794415416798357,1,2,0,7,-3,1.3862943611198906,-1,0,0,2,4,7,5,1.791759469228055,1,0,2,0,5,5,10000,9.210440366976517,1,1,0,4,0,1,1,8737.0
7,2.0794415416798357,1,2,0,7,4,1.6094379124341003,1,1,1,4,4,4,2,1.0986122886681098,1,1,2,2,2,2,10000,9.210440366976517,1,1,0,4,0,1,3,5279.0
23,3.1780538303479458,2,3,2,3,-3,1.3862943611198906,-1,0,0,2,4,7,-2,1.0986122886681098,-1,1,1,3,5,8,10000,9.210440366976517,1,1,0,4,0,1,1,2627.0
23,3.1780538303479458,2,3,2,3,-3,1.3862943611198906,-1,0,0,2,4,7,2,1.0986122886681098,1,1,2,2,2,2,3976,8.28828304520769,1,1,1,0,6,1,1,1075.0
19,2.995732273553991,1,4,5,9,-2,1.0986122886681098,-1,1,1,3,5,8,2,1.0986122886681098,1,1,2,2,2,2,2134,7.666221925662725,1,1,4,6,4,1,3,87.0
13,2.6390573296152584,1,3,6,3,1,0.6931471805599453,1,0,1,1,1,1,4,1.6094379124341003,1,1,1,4,4,4,3029,8.016317898503415,0,2,4,5,9,1,4,170.0
19,2.995732273553991,1,4,5,9,3,1.3862943611198906,1,0,0,3,3,3,-6,1.9459101490553132,-1,1,0,4,1,4,1000,6.90875477931522,1,1,0,6,0,1,1,789.0
23,3.1780538303479458,2,3,2,3,4,1.6094379124341003,1,1,1,4,4,4,-6,1.9459101490553132,-1,1,0,4,1,4,3296,8.10076824307173,1,2,1,6,6,1,1,999.0
7,2.0794415416798357,1,2,0,7,-2,1.0986122886681098,-1,1,1,3,5,8,-1,0.6931471805599453,-1,0,2,4,6,9,2641,7.879291485082271,0,1,1,2,1,1,3,239.0
5,1.791759469228055,2,0,5,5,6,1.9459101490553132,1,1,0,1,6,6,3,1.3862943611198906,1,0,0,3,3,3,1278,7.153833801578843,1,0,3,4,8,1,3,1003.0
13,2.6390573296152584,1,3,6,3,0,0.0,0,1,0,0,0,0,4,1.6094379124341003,1,1,1,4,4,4,2637,7.87777633327726,0,0,2,5,7,1,0,2080.0
19,2.995732273553991,1,4,5,9,4,1.6094379124341003,1,1,1,4,4,4,-4,1.6094379124341003,-1,1,2,1,3,6,4529,8.41847721847708,0,2,4,0,9,1,1,2119.0
7,2.0794415416798357,1,2,0,7,-1,0.6931471805599453,-1,0,2,4,6,9,5,1.791759469228055,1,0,2,0,5,5,2355,7.764720544771477,0,0,0,3,5,1,4,1661.0
19,2.995732273553991,1,4,5,9,0,0.0,0,1,0,0,0,0,1,0.6931471805599453,1,0,1,1,1,1,2234,7.711996507047669,1,2,4,1,4,1,2,1.0
17,2.8903717578961645,2,2,3,7,6,1.9459101490553132,1,1,0,1,6,6,-3,1.3862943611198906,-1,0,0,2,4,7,2590,7.85979918056211,1,1,0,0,0,1,1,2417.0
19,2.995732273553991,1,4,5,9,-6,1.9459101490553132,-1,1,0,4,1,4,-3,1.3862943611198906,-1,0,0,2,4,7,10000,9.210440366976517,1,1,0,4,0,1,1,2493.0
11,2.4849066497880004,2,1,4,1,-5,1.791759469228055,-1,0,1,0,2,5,2,1.0986122886681098,1,1,2,2,2,2,3929,8.276394704863307,0,2,4,2,9,1,0,519.0
5,1.791759469228055,2,0,5,5,3,1.3862943611198906,1,0,0,3,3,3,-2,1.0986122886681098,-1,1,1,3,5,8,1945,7.57353126274595,0,1,0,6,5,1,1,151.0
13,2.6390573296152584,1,3,6,3,-5,1.791759469228055,-1,0,1,0,2,5,-4,1.6094379124341003,-1,1,2,1,3,6,1000,6.90875477931522,1,1,0,6,0,1,2,501.0
13,2.6390573296152584,1,3,6,3,1,0.6931471805599453,1,0,1,1,1,1,4,1.6094379124341003,1,1,1,4,4,4,10000,9.210440366976517,1,1,0,4,0,1,4,7801.0
17,2.8903717578961645,2,2,3,7,-4,1.6094379124341003,-1,1,2,1,3,6,-4,1.6094379124341003,-1,1,2,1,3,6,10000,9.210440366976517,1,1,0,4,0,1,3,5841.0
7,2.0794415416798357,1,2,0,7,-3,1.3862943611198906,-1,0,0,2,4,7,-5,1.791759469228055,-1,0,1,0,2,5,10000,9.210440366976517,1,1,0,4,0,1,1,5357.0
17,2.8903717578961645,2,2,3,7,-1,0.6931471805599453,-1,0,2,4,6,9,-5,1.791759469228055,-1,0,1,0,2,5,10000,9.210440366976517,1,1,0,4,0,1,4,3271.0
19,2.995732273553991,1,4,5,9,-5,1.791759469228055,-1,0,1,0,2,5,-2,1.0986122886681098,-1,1,1,3,5,8,1927,7.564238475170491,0,1,2,2,7,1,0,1077.0
19,2.995732273553991,1,4,5,9,1,0.6931471805599453,1,0,1,1,1,1,5,1.791759469228055,1,0,2,0,5,5,10000,9.210440366976517,1,1,0,4,0,1,4,6009.0
7,2.0794415416798357,1,2,0,7,5,1.791759469228055,1,0,2,0,5,5,5,1.791759469228055,1,0,2,0,5,5,1000,6.90875477931522,1,1,0,6,0,1,3,1.0
11,2.4849066497880004,2,1,4,1,4,1.6094379124341003,1,1,1,4,4,4,0,0.0,0,1,0,0,0,0,3878,8.263332667439967,1,2,3,0,8,1,0,2021.0
11,2.4849066497880004,2,1,4,1,-6,1.9459101490553132,-1,1,0,4,1,4,-5,1.791759469228055,-1,0,1,0,2,5,508,6.2324480165505225,1,1,3,4,8,1,0,431.0
19,2.995732273553991,1,4,5,9,-2,1.0986122886681098,-1,1,1,3,5,8,0,0.0,0,1,0,0,0,0,1210,7.099201743553092,1,1,0,6,0,1,1,523.0
23,3.1780538303479458,2,3,2,3,-6,1.9459101490553132,-1,1,0,4,1,4,-3,1.3862943611198906,-1,0,0,2,4,7,1000,6.90875477931522,1,1,0,6,0,1,1,693.0
7,2.0794415416798357,1,2,0,7,6,1.9459101490553132,1,1,0,1,6,6,2,1.0986122886681098,1,1,2,2,2,2,10000,9.210440366976517,1,1,0,4,0,1,2,901.0
11,2.4849066497880004,2,1,4,1,2,1.0986122886681098,1,1,2,2,2,2,-3,1.3862943611198906,-1,0,0,2,4,7,1675,7.424165281042028,0,1,0,2,5,1,0,1473.0
17,2.8903717578961645,2,2,3,7,-2,1.0986122886681098,-1,1,1,3,5,8,4,1.6094379124341003,1,1,1,4,4,4,3005,8.00836557031292,0,2,0,2,5,1,1,81.0
13,2.6390573296152584,1,3,6,3,-2,1.0986122886681098,-1,1,1,3,5,8,1,0.6931471805599453,1,0,1,1,1,1,1000,6.90875477931522,1,1,0,6,0,1,4,1.0
7,2.0794415416798357,1,2,0,7,-5,1.791759469228055,-1,0,1,0,2,5,-1,0.6931471805599453,-1,0,2,4,6,9,3211,8.074649075066652,0,1,1,5,1,1,3,1091.0
17,2.8903717578961645,2,2,3,7,2,1.0986122886681098,1,1,2,2,2,2,3,1.3862943611198906,1,0,0,3,3,3,4749,8.465899897028686,0,0,4,3,9,1,1,2971.0
19,2.995732273553991,1,4,5,9,6,1.9459101490553132,1,1,0,1,6,6,6,1.9459101490553132,1,1,0,1,6,6,1000,6.90875477931522,1,1,0,6,0,1,1,801.0
13,2.6390573296152584,1,3,6,3,-6,1.9459101490553132,-1,1,0,4,1,4,-2,1.0986122886681098,-1,1,1,3,5,8,1000,6.90875477931522,1,1,0,6,0,1,2,613.0
11,2.4849066497880004,2,1,4,1,3,1.3862943611198906,1,0,0,3,3,3,-6,1.9459101490553132,-1,1,0,4,1,4,10000,9.210440366976517,1,1,0,4,0,1,1,5029.0
19,2.995732273553991,1,4,5,9,0,0.0,0,1,0,0,0,0,3,1.3862943611198906,1,0,0,3,3,3,4772,8.470730317005897,1,2,2,5,2,1,0,3059.0
5,1.791759469228055,2,0,5,5,-3,1.3862943611198906,-1,0,0,2,4,7,-6,1.9459101490553132,-1,1,0,4,1,4,1718,7.449498005382849,1,2,3,3,8,1,1,1373.0
19,2.995732273553991,1,4,5,9,2,1.0986122886681098,1,1,2,2,2,2,-4,1.6094379124341003,-1,1,2,1,3,6,4084,8.315077007294104,1,1,4,3,4,1,3,2343.0
5,1.791759469228055,2,0,5,5,5,1.791759469228055,1,0,2,0,5,5,5,1.791759469228055,1,0,2,0,5,5,2834,7.949797216161852,1,2,4,6,4,1,3,2501.0
19,2.995732273553991,1,4,5,9,3,1.3862943611198906,1,0,0,3,3,3,1,0.6931471805599453,1,0,1,1,1,1,1000,6.90875477931522,1,1,0,6,0,1,3,801.0
23,3.1780538303479458,2,3,2,3,-4,1.6094379124341003,-1,1,2,1,3,6,-1,0.6931471805599453,-1,0,2,4,6,9,1000,6.90875477931522,1,1,0,6,0,1,4,319.0
13,2.6390573296152584,1,3,6,3,2,1.0986122886681098,1,1,2,2,2,2,2,1.0986122886681098,1,1,2,2,2,2,1084,6.98933526597456,1,1,4,6,4,1,3,733.0
11,2.4849066497880004,2,1,4,1,1,0.6931471805599453,1,0,1,1,1,1,-5,1.791759469228055,-1,0,1,0,2,5,3652,8.203304026795282,1,1,2,5,2,1,4,1475.0
5,1.791759469228055,2,0,5,5,-1,0.6931471805599453,-1,0,2,4,6,9,3,1.3862943611198906,1,0,0,3,3,3,3335,8.112527763478637,0,2,0,3,5,1,4,55.0
11,2.4849066497880004,2,1,4,1,-4,1.6094379124341003,-1,1,2,1,3,6,6,1.9459101490553132,1,1,0,1,6,6,3740,8.227108234348146,1,2,0,2,0,1,2,1551.0
5,1.791759469228055,2,0,5,5,2,1.0986122886681098,1,1,2,2,2,2,-4,1.6094379124341003,-1,1,2,1,3,6,2673,7.891330757661889,0,0,3,6,3,1,1,275.0
19,2.995732273553991,1,4,5,9,-4,1.6094379124341003,-1,1,2,1,3,6,2,1.0986122886681098,1,1,2,2,2,2,2339,7.757906208351747,0,2,4,1,9,1,1,50.0
19,2.995732273553991,1,4,5,9,-4,1.6094379124341003,-1,1,2,1,3,6,3,1.3862943611198906,1,0,0,3,3,3,1000,6.90875477931522,1,1,0,6,0,1,1,367.0
13,2.6390573296152584,1,3,6,3,-5,1.791759469228055,-1,0,1,0,2,5,3,1.3862943611198906,1,0,0,3,3,3,10000,9.210440366976517,1,1,0,4,0,1,1,9801.0
23,3.1780538303479458,2,3,2,3,-6,1.9459101490553132,-1,1,0,4,1,4,6,1.9459101490553132,1,1,0,1,6,6,1000,6.90875477931522,1,1,0,6,0,1,1,261.0
13,2.6390573296152584,1,3,6,3,4,1.6094379124341003,1,1,1,4,4,4,5,1.791759469228055,1,0,2,0,5,5,980,6.8885724595653635,1,2,0,0,0,1,2,221.0
5,1.791759469228055,2,0,5,5,-6,1.9459101490553132,-1,1,0,4,1,4,5,1.791759469228055,1,0,2,0,5,5,1000,6.90875477931522,1,1,0,6,0,1,3,521.0
11,2.4849066497880004,2,1,4,1,-5,1.791759469228055,-1,0,1,0,2,5,4,1.6094379124341003,1,1,1,4,4,4,10000,9.210440366976517,1,1,0,4,0,1,2,8861.0
19,2.995732273553991,1,4,5,9,5,1.791759469228055,1,0,2,0,5,5,-2,1.0986122886681098,-1,1,1,3,5,8,10000,9.210440366976517,1,1,0,4,0,1,2,2467.0
7,2.0794415416798357,1,2,0,7,1,0.6931471805599453,1,0,1,1,1,1,5,1.791759469228055,1,0,2,0,5,5,3592,8.186742787113518,1,1,2,1,2,1,3,1369.0
23,3.1780538303479458,2,3,2,3,-1,0.6931471805599453,-1,0,2,4,6,9,5,1.791759469228055,1,0,2,0,5,5,3304,8.103191752285786,1,1,4,0,4,1,3,2101.0
23,3.1780538303479458,2,3,2,3,2,1.0986122886681098,1,1,2,2,2,2,-3,1.3862943611198906,-1,0,0,2,4,7,1052,6.959398512133975,1,2,2,2,2,1,1,901.0
11,2.4849066497880004,2,1,4,1,-2,1.0986122886681098,-1,1,1,3,5,8,4,1.6094379124341003,1,1,1,4,4,4,2466,7.810758116529357,1,0,1,2,6,1,2,241.0
11,2.4849066497880004,2,1,4,1,4,1.6094379124341003,1,1,1,4,4,4,-1,0.6931471805599453,-1,0,2,4,6,9,1000,6.90875477931522,1,1,0,6,0,1,4,299.0
7,2.0794415416798357,1,2,0,7,-5,1.791759469228055,-1,0,1,0,2,5,-5,1.791759469228055,-1,0,1,0,2,5,1000,6.90875477931522,1,1,0,6,0,1,3,501.0
19,2.995732273553991,1,4,5,9,0,0.0,0,1,0,0,0,0,-4,1.6094379124341003,-1,1,2,1,3,6,2423,7.793174347189205,0,2,3,1,3,1,0,1065.0
23,3.1780538303479458,2,3,2,3,-6,1.9459101490553132,-1,1,0,4,1,4,-6,1.9459101490553132,-1,1,0,4,1,4,1000,6.90875477931522,1,1,0,6,0,1,1,609.0
13,2.6390573296152584,1,3,6,3,4,1.6094379124341003,1,1,1,4,4,4,2,1.0986122886681098,1,1,2,2,2,2,10000,9.210440366976517,1,1,0,4,0,1,3,7823.0
7,2.0794415416798357,1,2,0,7,-3,1.3862943611198906,-1,0,0,2,4,7,-6,1.9459101490553132,-1,1,0,4,1,4,1000,6.90875477931522,1,1,0,6,0,1,1,699.0
13,2.6390573296152584,1,3,6,3,-1,0.6931471805599453,-1,0,2,4,6,9,0,0.0,0,1,0,0,0,0,1841,7.518607216815252,0,2,1,0,1,1,2,1.0
7,2.0794415416798357,1,2,0,7,-4,1.6094379124341003,-1,1,2,1,3,6,-3,1.3862943611198906,-1,0,0,2,4,7,10000,9.210440366976517,1,1,0,4,0,1,1,2261.0
17,2.8903717578961645,2,2,3,7,1,0.6931471805599453,1,0,1,1,1,1,5,1.791759469228055,1,0,2,0,5,5,1000,6.90875477931522,1,1,0,6,0,1,4,597.0
19,2.995732273553991,1,4,5,9,5,1.791759469228055,1,0,2,0,5,5,0,0.0,0,1,0,0,0,0,1000,6.90875477931522,1,1,0,6,0,1,1,31.0
23,3.1780538303479458,2,3,2,3,2,1.0986122886681098,1,1,2,2,2,2,6,1.9459101490553132,1,1,0,1,6,6,3508,8.163086375583216,1,1,3,1,8,1,2,1557.0
19,2.995732273553991,1,4,5,9,-3,1.3862943611198906,-1,0,0,2,4,7,3,1.3862943611198906,1,0,0,3,3,3,1000,6.90875477931522,1,1,0,6,0,1,1,917.0
5,1.791759469228055,2,0,5,5,6,1.9459101490553132,1,1,0,1,6,6,6,1.9459101490553132,1,1,0,1,6,6,1000,6.90875477931522,1,1,0,6,0,1,2,401.0
7,2.0794415416798357,1,2,0,7,3,1.3862943611198906,1,0,0,3,3,3,-5,1.791759469228055,-1,0,1,0,2,5,10000,9.210440366976517,1,1,0,4,0,1,1,4413.0
13,2.6390573296152584,1,3,6,3,-1,0.6931471805599453,-1,0,2,4,6,9,0,0.0,0,1,0,0,0,0,1383,7.232733136177615,0,0,3,4,3,1,2,1.0
19,2.995732273553991,1,4,5,9,-5,1.791759469228055,-1,0,1,0,2,5,-3,1.3862943611198906,-1,0,0,2,4,7,700,6.55250788703459,1,1,0,0,0,1,1,673.0
19,2.995732273553991,1,4,5,9,4,1.6094379124341003,1,1,1,4,4,4,-6,1.9459101490553132,-1,1,0,4,1,4,2613,7.868636894184167,0,0,3,2,3,1,0,463.0
5,1.791759469228055,2,0,5,5,6,1.9459101490553132,1,1,0,1,6,6,-5,1.791759469228055,-1,0,1,0,2,5,2722,7.909489492673759,1,1,2,6,2,1,1,1705.0
17,2.8903717578961645,2,2,3,7,-3,1.3862943611198906,-1,0,0,2,4,7,2,1.0986122886681098,1,1,2,2,2,2,10000,9.210440366976517,1,1,0,4,0,1,1,3691.0
5,1.791759469228055,2,0,5,5,-3,1.3862943611198906,-1,0,0,2,4,7,-3,1.3862943611198906,-1,0,0,2,4,7,1000,6.90875477931522,1,1,0,6,0,1,2,541.0
5,1.791759469228055,2,0,5,5,5,1.791759469228055,1,0,2,0,5,5,-6,1.9459101490553132,-1,1,0,4,1,4,10000,9.210440366976517,1,1,0,4,0,1,3,1555.0
7,2.0794415416798357,1,2,0,7,1,0.6931471805599453,1,0,1,1,1,1,-2,1.0986122886681098,-1,1,1,3,5,8,10000,9.210440366976517,1,1,0,4,0,1,4,127.0
23,3.1780538303479458,2,3,2,3,-6,1.9459101490553132,-1,1,0,4,1,4,4,1.6094379124341003,1,1,1,4,4,4,4723,8.460411177317253,0,1,3,5,3,1,0,1508.0
13,2.6390573296152584,1,3,6,3,-4,1.6094379124341003,-1,1,2,1,3,6,1,0.6931471805599453,1,0,1,1,1,1,10000,9.210440366976517,1,1,0,4,0,1,4,1161.0
19,2.995732273553991,1,4,5,9,3,1.3862943611198906,1,0,0,3,3,3,6,1.9459101490553132,1,1,0,1,6,6,535,6.284134161070802,0,1,0,3,5,1,1,21.0
7,2.0794415416798357,1,2,0,7,-3,1.3862943611198906,-1,0,0,2,4,7,3,1.3862943611198906,1,0,0,3,3,3,4845,8.48590890137647,0,0,0,1,5,1,3,301.0
23,3.1780538303479458,2,3,2,3,1,0.6931471805599453,1,0,1,1,1,1,4,1.6094379124341003,1,1,1,4,4,4,1000,6.90875477931522,1,1,0,6,0,1,4,119.0
23,3.1780538303479458,2,3,2,3,-4,1.6094379124341003,-1,1,2,1,3,6,4,1.6094379124341003,1,1,1,4,4,4,1000,6.90875477931522,1,1,0,6,0,1,3,209.0
19,2.995732273553991,1,4,5,9,-1,0.6931471805599453,-1,0,2,4,6,9,3,1.3862943611198906,1,0,0,3,3,3,1000,6.90875477931522,1,1,0,6,0,1,3,277.0
7,2.0794415416798357,1,2,0,7,-4,1.6094379124341003,-1,1,2,1,3,6,5,1.791759469228055,1,0,2,0,5,5,2224,7.707512194600341,1,1,4,5,4,1,1,1085.0
