slot_town_name,slot_total_residents,slot_total_residents_abs_log1p,slot_total_residents_is_even,slot_total_residents_mod3,slot_total_residents_mod5,slot_total_residents_mod7,slot_total_residents_mod10,slot_item_a_name,slot_item_b_name,slot_item_c_name,slot_universal_item_name,slot_count_item_a,slot_count_item_a_abs_log1p,slot_count_item_a_is_even,slot_count_item_a_mod3,slot_count_item_a_mod5,slot_count_item_a_mod7,slot_count_item_a_mod10,slot_count_item_b,slot_count_item_b_abs_log1p,slot_count_item_b_sign,slot_count_item_b_is_even,slot_count_item_b_mod3,slot_count_item_b_mod5,slot_count_item_b_mod7,slot_count_item_b_mod10,slot_count_item_c,slot_count_item_c_abs_log1p,slot_count_item_c_sign,slot_count_item_c_is_even,slot_count_item_c_mod3,slot_count_item_c_mod5,slot_count_item_c_mod7,slot_count_item_c_mod10,slot_count_universal,slot_count_universal_abs_log1p,slot_count_universal_is_even,slot_count_universal_mod3,slot_count_universal_mod5,slot_count_universal_mod7,slot_count_universal_mod10,slot_exactly_two_count,slot_exactly_two_count_abs_log1p,slot_exactly_two_count_sign,slot_exactly_two_count_is_even,slot_exactly_two_count_mod3,slot_exactly_two_count_mod5,slot_exactly_two_count_mod7,slot_exactly_two_count_mod10,slot_exactly_three_count,slot_exactly_three_count_abs_log1p,slot_exactly_three_count_sign,slot_exactly_three_count_is_even,slot_exactly_three_count_mod3,slot_exactly_three_count_mod5,slot_exactly_three_count_mod7,slot_exactly_three_count_mod10,gcd_all,n_multiple_pairs,y
0,1419,7.258412150595307,0,0,4,5,9,0,0,0,0,1419,7.258412150595307,0,0,4,5,9,103,4.6443908991413725,1,0,1,3,5,3,0,0.0,0,1,0,0,0,0,1419,7.258412150595307,0,0,4,5,9,958,6.8658910748834385,1,1,1,3,6,8,21,3.091042453358316,1,0,0,1,0,1,1,3,174.0
1,483,6.182084906716632,0,0,3,0,3,1,1,0,1,483,6.182084906716632,0,0,3,0,3,250,5.5254529391317835,1,1,1,0,5,0,0,0.0,0,1,0,0,0,0,483,6.182084906716632,0,0,3,0,3,320,5.771441123130016,1,1,2,0,5,0,16,2.833213344056216,1,1,1,1,2,6,1,4,127.0
2,1384,7.233455418621439,1,1,4,5,4,2,2,1,2,1384,7.233455418621439,1,1,4,5,4,1155,7.052721049232323,1,0,0,0,0,5,0,0.0,0,1,0,0,0,0,1384,7.233455418621439,1,1,4,5,4,595,6.39024066706535,1,0,1,0,0,5,387,5.961005339623274,1,0,0,2,2,7,1,3,390.0
2,1545,7.343426229147367,0,0,0,5,5,3,3,2,1,1545,7.343426229147367,0,0,0,5,5,187,5.236441962829949,1,0,1,2,5,7,0,0.0,0,1,0,0,0,0,1545,7.343426229147367,0,0,0,5,5,1314,7.181591944611865,1,1,0,4,5,4,191,5.2574953720277815,1,0,2,1,2,1,1,3,12.0
3,1977,7.589841512182657,0,0,2,3,7,4,4,3,3,1977,7.589841512182657,0,0,2,3,7,1618,7.389563953677635,1,1,1,3,1,8,0,0.0,0,1,0,0,0,0,1977,7.589841512182657,0,0,2,3,7,362,5.8944028342648505,1,1,2,2,5,2,1507,7.318539548567902,1,0,1,2,2,7,1,3,73.0
4,321,5.7745515455444085,0,0,1,6,1,5,5,4,4,321,5.7745515455444085,0,0,1,6,1,149,5.0106352940962555,1,0,2,4,2,9,0,0.0,0,1,0,0,0,0,321,5.7745515455444085,0,0,1,6,1,235,5.4638318050256105,1,0,1,0,4,5,17,2.8903717578961645,1,0,2,2,3,7,1,3,67.0
5,1628,7.395721608602045,1,2,3,4,8,6,6,5,4,1628,7.395721608602045,1,2,3,4,8,1628,7.395721608602045,1,1,2,3,4,8,123,4.820281565605037,1,0,0,3,4,3,1628,7.395721608602045,1,2,3,4,8,252,5.53338948872752,1,1,0,2,0,2,398,5.988961416889864,1,1,2,3,6,8,1,6,777.0
1,457,6.126869184114185,0,1,2,2,7,7,2,6,1,434,6.075346031088684,1,2,4,0,4,0,0.0,0,1,0,0,0,0,0,0.0,0,1,0,0,0,0,457,6.126869184114185,0,1,2,2,7,331,5.805134968916488,1,0,1,1,2,1,47,3.871201010907891,1,0,2,2,5,7,1,1,3.0
6,595,6.39024066706535,0,1,0,0,5,8,7,6,0,595,6.39024066706535,0,1,0,0,5,540,6.293419278846481,1,1,0,0,1,0,0,0.0,0,1,0,0,0,0,595,6.39024066706535,0,1,0,0,5,277,5.627621113690637,1,0,1,2,4,7,42,3.7612001156935624,1,1,0,2,0,2,1,3,258.0
7,1983,7.592870287844818,0,0,3,2,3,3,7,7,3,1983,7.592870287844818,0,0,3,2,3,1678,7.425953657077541,1,1,1,3,5,8,0,0.0,0,1,0,0,0,0,1983,7.592870287844818,0,0,3,2,3,259,5.560681631015528,1,0,1,4,0,9,1677,7.425357887027151,1,0,0,2,4,7,1,3,16.0
0,1548,7.3453648404168685,1,0,3,1,8,9,8,8,5,1548,7.3453648404168685,1,0,3,1,8,103,4.6443908991413725,1,0,1,3,5,3,0,0.0,0,1,0,0,0,0,1548,7.3453648404168685,1,0,3,1,8,1408,7.25063551189868,1,1,1,3,1,8,15,2.772588722239781,1,0,0,0,1,5,1,3,71.0
4,1340,7.201170883281678,1,2,0,3,0,3,4,2,5,1340,7.201170883281678,1,2,0,3,0,715,6.573680166960646,1,0,1,0,1,5,0,0.0,0,1,0,0,0,0,1340,7.201170883281678,1,2,0,3,0,133,4.897839799950911,1,0,1,3,0,3,655,6.486160788944089,1,0,1,0,4,5,1,3,204.0
4,1945,7.57353126274595,0,1,0,6,5,1,9,3,3,1882,7.5406215286571525,1,1,2,6,2,0,0.0,0,1,0,0,0,0,0,0.0,0,1,0,0,0,0,1945,7.57353126274595,0,1,0,6,5,301,5.71042701737487,1,0,1,1,0,1,672,6.511745329644728,1,1,0,2,0,2,1,1,79.0
8,346,5.849324779946859,1,1,1,3,6,4,9,5,1,346,5.849324779946859,1,1,1,3,6,25,3.258096538021482,1,0,1,0,4,5,0,0.0,0,1,0,0,0,0,346,5.849324779946859,1,1,1,3,6,295,5.69035945432406,1,0,1,0,1,5,11,2.4849066497880004,1,0,2,1,4,1,1,3,18.0
3,1056,6.963189985870238,1,0,1,6,6,10,10,0,2,1056,6.963189985870238,1,0,1,6,6,114,4.74493212836325,1,1,0,4,2,4,0,0.0,0,1,0,0,0,0,1056,6.963189985870238,1,0,1,6,6,602,6.401917196727186,1,1,2,2,0,2,101,4.624972813284271,1,0,2,1,3,1,1,3,122.0
5,1967,7.584773077612199,0,2,2,0,7,11,7,9,1,1967,7.584773077612199,0,2,2,0,7,994,6.902742737158593,1,1,1,4,0,4,0,0.0,0,1,0,0,0,0,1967,7.584773077612199,0,2,2,0,7,955,6.862757913051401,1,0,1,0,3,5,967,6.875232087276577,1,0,1,2,1,7,1,3,24.0
4,872,6.771935555839602,1,2,2,4,2,12,6,5,0,872,6.771935555839602,1,2,2,4,2,365,5.902633333401366,1,0,2,0,1,5,0,0.0,0,1,0,0,0,0,872,6.771935555839602,1,2,2,4,2,342,5.8377304471659395,1,1,0,2,6,2,425,6.054439346269371,1,0,2,0,5,5,1,3,15.0
0,1865,7.531552381407289,0,2,0,3,5,4,5,0,3,1826,7.510430556378006,1,2,1,6,6,0,0.0,0,1,0,0,0,0,0,0.0,0,1,0,0,0,0,1865,7.531552381407289,0,2,0,3,5,1801,7.496652438168283,1,0,1,1,2,1,8,2.1972245773362196,1,1,2,3,1,8,1,1,3.0
0,1123,7.024649030453636,0,1,3,3,3,6,1,10,3,1123,7.024649030453636,0,1,3,3,3,24,3.2188758248682006,1,1,0,4,3,4,0,0.0,0,1,0,0,0,0,1123,7.024649030453636,0,1,3,3,3,1102,7.005789019253503,1,1,1,2,3,2,9,2.302585092994046,1,0,0,4,2,9,1,3,9.0
1,1236,7.1204443723924875,1,0,1,4,6,9,11,1,5,1236,7.1204443723924875,1,0,1,4,6,818,6.70808408385307,1,1,2,3,6,8,0,0.0,0,1,0,0,0,0,1236,7.1204443723924875,1,0,1,4,6,699,6.551080335043404,1,0,0,4,6,9,226,5.424950017481403,1,1,1,1,2,6,1,3,301.0
6,1535,7.336936913707618,0,2,0,2,5,4,1,3,0,1535,7.336936913707618,0,2,0,2,5,732,6.597145701886651,1,1,0,2,4,2,0,0.0,0,1,0,0,0,0,1535,7.336936913707618,0,2,0,2,5,563,6.335054251498059,1,0,2,3,3,3,771,6.648984550024776,1,0,0,1,1,1,1,3,54.0
7,524,6.263398262591624,1,2,4,6,4,12,12,7,3,524,6.263398262591624,1,2,4,6,4,202,5.313205979041787,1,1,1,2,6,2,0,0.0,0,1,0,0,0,0,524,6.263398262591624,1,2,4,6,4,408,6.013715156042802,1,1,0,3,2,8,30,3.4339872044851463,1,1,0,0,2,0,2,3,86.0
8,1753,7.469654172932128,0,1,3,3,3,6,2,4,1,1753,7.469654172932128,0,1,3,3,3,1753,7.469654172932128,1,0,1,3,3,3,112,4.727387818712341,1,1,1,2,0,2,1753,7.469654172932128,0,1,3,3,3,161,5.087596335232384,1,0,2,1,0,1,1229,7.114769448366463,1,0,2,4,4,9,1,6,333.0
5,1659,7.414572881350589,0,0,4,0,9,10,0,11,0,1659,7.414572881350589,0,0,4,0,9,438,6.0844994130751715,1,1,0,3,4,8,0,0.0,0,1,0,0,0,0,1659,7.414572881350589,0,0,4,0,9,944,6.851184927493743,1,1,2,4,6,4,512,6.240275845170769,1,1,2,2,1,2,1,3,43.0
8,1434,7.268920128193722,1,0,4,6,4,7,13,8,4,1434,7.268920128193722,1,0,4,6,4,885,6.786716950605081,1,0,0,0,3,5,0,0.0,0,1,0,0,0,0,1434,7.268920128193722,1,0,4,6,4,399,5.991464547107982,1,0,0,4,0,9,897,6.8001700683022,1,0,0,2,1,7,3,3,42.0
3,364,5.8998973535824915,1,1,4,0,4,13,0,11,5,320,5.771441123130016,1,2,0,5,0,0,0.0,0,1,0,0,0,0,0,0.0,0,1,0,0,0,0,364,5.8998973535824915,1,1,4,0,4,158,5.0689042022202315,1,1,2,3,4,8,27,3.332204510175204,1,0,0,2,6,7,1,1,36.0
8,674,6.51471269087253,1,2,4,2,4,5,11,12,2,674,6.51471269087253,1,2,4,2,4,82,4.418840607796598,1,1,1,2,5,2,0,0.0,0,1,0,0,0,0,674,6.51471269087253,1,2,4,2,4,594,6.38856140554563,1,1,0,4,6,4,69,4.248495242049359,1,0,0,4,6,9,1,3,8.0
0,644,6.4692503167957724,1,2,4,0,4,11,3,7,3,630,6.447305862541213,1,0,0,0,0,0,0.0,0,1,0,0,0,0,0,0.0,0,1,0,0,0,0,644,6.4692503167957724,1,2,4,0,4,626,6.440946540632921,1,1,2,1,3,6,2,1.0986122886681098,1,1,2,2,2,2,2,5,0.0
6,585,6.373319789577012,0,0,0,4,5,0,14,9,2,585,6.373319789577012,0,0,0,4,5,9,2.302585092994046,1,0,0,4,2,9,0,0.0,0,1,0,0,0,0,585,6.373319789577012,0,0,0,4,5,577,6.359573868672378,1,0,1,2,3,7,4,1.6094379124341003,1,1,1,4,4,4,1,6,3.0
5,1100,7.00397413672268,1,2,0,1,0,3,14,13,0,1100,7.00397413672268,1,2,0,1,0,219,5.393627546352362,1,0,0,4,2,9,0,0.0,0,1,0,0,0,0,1100,7.00397413672268,1,2,0,1,0,851,6.747586526829315,1,0,2,1,4,1,135,4.912654885736052,1,0,0,0,2,5,1,3,66.0
6,1632,7.398174092970465,1,0,2,1,2,12,0,5,4,1632,7.398174092970465,1,0,2,1,2,627,6.4425401664681985,1,0,0,2,4,7,0,0.0,0,1,0,0,0,0,1632,7.398174092970465,1,0,2,1,2,337,5.823045895483019,1,0,1,2,1,7,472,6.159095388491933,1,1,1,2,3,2,1,3,326.0
7,453,6.118097198041348,0,0,3,5,3,4,4,6,2,453,6.118097198041348,0,0,3,5,3,292,5.680172609017068,1,1,1,2,5,2,0,0.0,0,1,0,0,0,0,453,6.118097198041348,0,0,3,5,3,171,5.147494476813453,1,0,0,1,3,1,203,5.318119993844216,1,0,2,3,0,3,1,3,56.0
2,1913,7.5569505720129,0,2,3,2,3,9,11,14,0,1913,7.5569505720129,0,2,3,2,3,365,5.902633333401366,1,0,2,0,1,5,0,0.0,0,1,0,0,0,0,1913,7.5569505720129,0,2,3,2,3,1549,7.346010209913293,1,0,1,4,2,9,348,5.855071922202427,1,1,0,3,5,8,1,3,11.0
1,1351,7.20934025660291,0,1,1,0,1,4,14,1,2,746,6.616065185132817,1,2,1,4,6,0,0.0,0,1,0,0,0,0,0,0.0,0,1,0,0,0,0,1351,7.20934025660291,0,1,1,0,1,7,2.0794415416798357,1,0,1,2,0,7,329,5.799092654460526,1,0,2,4,0,9,1,4,27.0
5,1629,7.396335293800808,0,0,4,5,9,1,15,9,0,1629,7.396335293800808,0,0,4,5,9,1252,7.133295954896068,1,1,1,2,6,2,0,0.0,0,1,0,0,0,0,1629,7.396335293800808,0,0,4,5,9,413,6.025865973825314,1,0,2,3,0,3,1159,7.05617528410041,1,0,1,4,4,9,1,3,50.0
2,916,6.821107472256465,1,1,1,6,6,12,9,5,0,916,6.821107472256465,1,1,1,6,6,747,6.617402977974478,1,0,0,2,5,7,0,0.0,0,1,0,0,0,0,916,6.821107472256465,1,1,1,6,6,157,5.062595033026967,1,0,1,2,3,7,726,6.588926477533519,1,1,0,1,5,6,1,3,18.0
3,1636,7.400620577371135,1,1,1,5,6,8,1,13,4,1285,7.1592919047975645,0,1,0,4,5,0,0.0,0,1,0,0,0,0,0,0.0,0,1,0,0,0,0,1636,7.400620577371135,1,1,1,5,6,827,6.71901315438526,1,0,2,2,1,7,211,5.356586274672012,1,0,1,1,1,1,1,1,12.0
5,362,5.8944028342648505,1,2,2,5,2,10,14,12,0,362,5.8944028342648505,1,2,2,5,2,108,4.6913478822291435,1,1,0,3,3,8,0,0.0,0,1,0,0,0,0,362,5.8944028342648505,1,2,2,5,2,255,5.545177444479562,1,0,0,0,3,5,94,4.553876891600541,1,1,1,4,3,4,1,3,9.0
2,1730,7.456454555176209,1,2,0,1,0,7,2,3,1,1730,7.456454555176209,1,2,0,1,0,1287,7.160845906664299,1,0,0,2,6,7,0,0.0,0,1,0,0,0,0,1730,7.456454555176209,1,2,0,1,0,570,6.3473892096560105,1,1,0,0,3,0,682,6.52649485957079,1,1,1,2,3,2,1,3,361.0
7,1129,7.029972911706386,0,1,4,2,9,10,15,1,4,1129,7.029972911706386,0,1,4,2,9,536,6.285998094508865,1,1,2,1,4,6,0,0.0,0,1,0,0,0,0,1129,7.029972911706386,0,1,4,2,9,773,6.651571873589727,1,0,2,3,3,3,98,4.59511985013459,1,1,2,3,0,8,1,3,232.0
6,433,6.073044534100405,0,1,3,6,3,12,11,4,1,433,6.073044534100405,0,1,3,6,3,2,1.0986122886681098,1,1,2,2,2,2,0,0.0,0,1,0,0,0,0,433,6.073044534100405,0,1,3,6,3,414,6.028278520230698,1,1,0,4,1,4,6,1.9459101490553132,1,1,0,1,6,6,1,6,3.0
2,1710,7.444833273892193,1,0,0,2,0,13,7,8,5,1710,7.444833273892193,1,0,0,2,0,471,6.156978985585555,1,0,0,1,2,1,0,0.0,0,1,0,0,0,0,1710,7.444833273892193,1,0,0,2,0,1135,7.035268599281097,1,0,1,0,1,5,181,5.204006687076795,1,0,1,1,6,1,1,3,228.0
1,1668,7.419979923661835,1,0,3,2,8,2,6,15,3,1668,7.419979923661835,1,0,3,2,8,1122,7.023758954738443,1,1,0,2,2,2,0,0.0,0,1,0,0,0,0,1668,7.419979923661835,1,0,3,2,8,770,6.647688373563329,1,1,2,0,0,0,539,6.29156913955832,1,0,2,4,0,9,1,3,314.0
5,609,6.413458957167357,0,0,4,0,9,8,3,12,5,609,6.413458957167357,0,0,4,0,9,609,6.413458957167357,1,0,0,4,0,9,27,3.332204510175204,1,0,0,2,6,7,609,6.413458957167357,0,0,4,0,9,51,3.9512437185814275,1,0,0,1,2,1,282,5.645446897643238,1,1,0,2,2,2,3,6,210.0
8,409,6.016157159698354,0,1,4,3,9,12,11,13,1,409,6.016157159698354,0,1,4,3,9,2,1.0986122886681098,1,1,2,2,2,2,0,0.0,0,1,0,0,0,0,409,6.016157159698354,0,1,4,3,9,333,5.811140992976701,1,0,0,3,4,3,33,3.5263605246161616,1,0,0,3,5,3,1,3,4.0
7,1238,7.122059881629142,1,2,3,6,8,12,10,6,5,1238,7.122059881629142,1,2,3,6,8,955,6.862757913051401,1,0,1,0,3,5,0,0.0,0,1,0,0,0,0,1238,7.122059881629142,1,2,3,6,8,509,6.234410725718371,1,0,2,4,5,9,245,5.5053315359323625,1,0,2,0,0,5,1,3,398.0
2,1752,7.469083884921234,1,0,2,2,2,9,2,7,0,1752,7.469083884921234,1,0,2,2,2,1010,6.918695219020472,1,1,2,0,2,0,0,0.0,0,1,0,0,0,0,1752,7.469083884921234,1,0,2,2,2,699,6.551080335043404,1,0,0,4,6,9,1030,6.93828448401696,1,1,1,0,1,0,1,3,1.0
1,1559,7.352441100243583,0,2,4,5,9,0,7,7,4,1559,7.352441100243583,0,2,4,5,9,191,5.2574953720277815,1,0,2,1,2,1,0,0.0,0,1,0,0,0,0,1559,7.352441100243583,0,2,4,5,9,615,6.423246963533519,1,0,0,0,6,5,152,5.030437921392435,1,1,2,2,5,2,1,3,277.0
4,1670,7.421177528595393,1,2,0,4,0,14,12,12,1,1670,7.421177528595393,1,2,0,4,0,724,6.586171654854675,1,1,1,4,3,4,0,0.0,0,1,0,0,0,0,1670,7.421177528595393,1,2,0,4,0,1074,6.980075940561763,1,1,0,4,3,4,363,5.8971538676367405,1,0,0,3,6,3,1,3,198.0
3,1422,7.260522598089852,1,0,2,1,2,5,11,0,4,1422,7.260522598089852,1,0,2,1,2,1422,7.260522598089852,1,1,0,2,1,2,188,5.241747015059643,1,1,2,3,6,8,1422,7.260522598089852,1,0,2,1,2,9,2.302585092994046,1,0,0,4,2,9,553,6.317164686747284,1,0,1,3,0,3,1,10,639.0
1,862,6.760414691083428,1,1,2,1,2,8,0,7,3,862,6.760414691083428,1,1,2,1,2,402,5.998936561946683,1,1,0,2,3,2,0,0.0,0,1,0,0,0,0,862,6.760414691083428,1,1,2,1,2,554,6.318968113746434,1,1,2,4,1,4,154,5.043425116919247,1,1,1,4,0,4,2,3,134.0
4,527,6.269096283706261,0,2,2,2,7,6,2,14,1,321,5.7745515455444085,0,0,1,6,1,0,0.0,0,1,0,0,0,0,0,0.0,0,1,0,0,0,0,527,6.269096283706261,0,2,2,2,7,51,3.9512437185814275,1,0,0,1,2,1,3,1.3862943611198906,1,0,0,3,3,3,1,3,88.0
5,330,5.802118375377063,1,0,0,1,0,6,0,2,4,330,5.802118375377063,1,0,0,1,0,134,4.90527477843843,1,1,2,4,1,4,0,0.0,0,1,0,0,0,0,330,5.802118375377063,1,0,0,1,0,191,5.2574953720277815,1,0,2,1,2,1,117,4.770684624465665,1,0,0,2,5,7,1,3,13.0
1,1683,7.428927194802272,0,0,3,3,3,5,13,13,0,1683,7.428927194802272,0,0,3,3,3,1593,7.374001859350161,1,0,0,3,4,3,0,0.0,0,1,0,0,0,0,1683,7.428927194802272,0,0,3,3,3,34,3.5553480614894135,1,1,1,4,6,4,1462,7.288244401020124,1,1,1,2,6,2,1,4,106.0
6,1290,7.1631723908466425,1,0,0,2,0,4,1,10,0,1290,7.1631723908466425,1,0,0,2,0,1290,7.1631723908466425,1,1,0,0,2,0,608,6.411818267709897,1,1,2,3,6,8,1290,7.1631723908466425,1,0,0,2,0,192,5.262690188904886,1,1,0,2,3,2,115,4.7535901911063645,1,0,1,0,3,5,1,6,922.0
7,748,6.618738983517219,1,1,3,6,8,15,2,16,0,748,6.618738983517219,1,1,3,6,8,486,6.18826412308259,1,1,0,1,3,6,0,0.0,0,1,0,0,0,0,748,6.618738983517219,1,1,3,6,8,193,5.267858159063328,1,0,1,3,4,3,327,5.793013608384144,1,0,0,2,5,7,1,3,129.0
0,772,6.650279048587422,1,1,2,2,2,5,1,13,2,772,6.650279048587422,1,1,2,2,2,772,6.650279048587422,1,1,1,2,2,2,58,4.07753744390572,1,1,1,3,2,8,772,6.650279048587422,1,1,2,2,2,98,4.59511985013459,1,1,2,3,0,8,470,6.154858094016418,1,1,2,0,1,0,2,6,188.0
3,504,6.22455842927536,1,0,4,0,4,11,3,5,0,504,6.22455842927536,1,0,4,0,4,76,4.343805421853684,1,1,1,1,6,6,0,0.0,0,1,0,0,0,0,504,6.22455842927536,1,0,4,0,4,452,6.115892125483034,1,1,2,2,4,2,28,3.367295829986474,1,1,1,3,0,8,4,6,24.0
2,919,6.824373670043086,0,1,4,2,9,12,4,15,0,919,6.824373670043086,0,1,4,2,9,397,5.986452005284438,1,0,1,2,5,7,0,0.0,0,1,0,0,0,0,919,6.824373670043086,0,1,4,2,9,111,4.718498871295094,1,0,0,1,6,1,256,5.54907608489522,1,1,1,1,4,6,1,3,231.0
7,955,6.862757913051401,0,1,0,3,5,14,4,6,0,79,4.382026634673881,0,1,4,2,9,0,0.0,0,1,0,0,0,0,0,0.0,0,1,0,0,0,0,955,6.862757913051401,0,1,0,3,5,2,1.0986122886681098,1,1,2,2,2,2,25,3.258096538021482,1,0,1,0,4,5,1,1,9.0
4,1121,7.022868086082641,0,2,1,1,1,5,8,14,4,1121,7.022868086082641,0,2,1,1,1,439,6.0867747269123065,1,0,1,4,5,9,0,0.0,0,1,0,0,0,0,1121,7.022868086082641,0,2,1,1,1,673,6.513230110912307,1,0,1,3,1,3,358,5.883322388488279,1,1,1,3,1,8,1,3,57.0
3,1800,7.496097345175956,1,0,0,1,0,10,11,12,4,1800,7.496097345175956,1,0,0,1,0,814,6.703188113240863,1,1,1,4,2,4,0,0.0,0,1,0,0,0,0,1800,7.496097345175956,1,0,0,1,0,895,6.79794041297493,1,0,1,0,6,5,795,6.679599185844383,1,0,0,0,4,5,1,3,43.0
4,848,6.744059186311348,1,2,3,1,8,14,12,14,4,848,6.744059186311348,1,2,3,1,8,848,6.744059186311348,1,1,2,3,1,8,327,5.793013608384144,1,0,0,2,5,7,848,6.744059186311348,1,2,3,1,8,75,4.330733340286331,1,0,0,0,5,5,35,3.58351893845611,1,0,2,0,0,5,1,6,626.0
7,768,6.645090969505644,1,0,3,5,8,13,11,10,1,768,6.645090969505644,1,0,3,5,8,5,1.791759469228055,1,0,2,0,5,5,0,0.0,0,1,0,0,0,0,768,6.645090969505644,1,0,3,5,8,726,6.588926477533519,1,1,0,1,5,6,22,3.1354942159291497,1,1,1,2,1,2,1,4,1.0
0,1675,7.424165281042028,0,1,0,2,5,14,1,15,5,1675,7.424165281042028,0,1,0,2,5,1675,7.424165281042028,1,0,1,0,2,5,766,6.642486801367256,1,1,1,1,3,6,1675,7.424165281042028,0,1,0,2,5,65,4.189654742026425,1,0,2,0,2,5,566,6.340359303727752,1,1,2,1,6,6,1,6,973.0
1,800,6.68586094706836,1,2,0,2,0,0,5,17,3,800,6.68586094706836,1,2,0,2,0,634,6.453624998892692,1,1,1,4,4,4,0,0.0,0,1,0,0,0,0,800,6.68586094706836,1,2,0,2,0,42,3.7612001156935624,1,1,0,2,0,2,426,6.056784013228625,1,1,0,1,6,6,2,3,180.0
6,888,6.790097235513905,1,0,3,6,8,8,5,15,1,888,6.790097235513905,1,0,3,6,8,795,6.679599185844383,1,0,0,0,4,5,0,0.0,0,1,0,0,0,0,888,6.790097235513905,1,0,3,6,8,348,5.855071922202427,1,1,0,3,5,8,126,4.844187086458591,1,1,0,1,0,6,3,3,361.0
6,1628,7.395721608602045,1,2,3,4,8,15,1,16,2,1628,7.395721608602045,1,2,3,4,8,552,6.315358001522335,1,1,0,2,6,2,0,0.0,0,1,0,0,0,0,1628,7.395721608602045,1,2,3,4,8,446,6.102558594613569,1,1,2,1,5,6,492,6.20050917404269,1,1,0,2,2,2,2,3,250.0
2,1255,7.135687347028144,0,1,0,2,5,12,4,12,0,1255,7.135687347028144,0,1,0,2,5,1122,7.023758954738443,1,1,0,2,2,2,0,0.0,0,1,0,0,0,0,1255,7.135687347028144,0,1,0,2,5,118,4.77912349311153,1,1,1,3,6,8,981,6.889591308354466,1,0,0,1,1,1,1,3,99.0
5,1518,7.325807502595773,1,0,3,6,8,16,13,3,3,1518,7.325807502595773,1,0,3,6,8,715,6.573680166960646,1,0,1,0,1,5,0,0.0,0,1,0,0,0,0,1518,7.325807502595773,1,0,3,6,8,268,5.594711379601839,1,1,1,3,2,8,684,6.529418838262226,1,1,0,4,5,4,1,3,199.0
2,888,6.790097235513905,1,0,3,6,8,8,16,1,1,888,6.790097235513905,1,0,3,6,8,589,6.380122536899765,1,0,1,4,1,9,0,0.0,0,1,0,0,0,0,888,6.790097235513905,1,0,3,6,8,216,5.37989735354046,1,1,0,1,6,6,476,6.1675164908883415,1,1,2,1,0,6,1,3,103.0
2,1010,6.918695219020472,1,2,0,2,0,14,1,16,0,1010,6.918695219020472,1,2,0,2,0,778,6.658011045870748,1,1,1,3,1,8,0,0.0,0,1,0,0,0,0,1010,6.918695219020472,1,2,0,2,0,175,5.170483995038151,1,0,1,0,0,5,781,6.661854740545311,1,0,1,1,4,1,1,3,17.0
2,362,5.8944028342648505,1,2,2,5,2,2,9,4,5,362,5.8944028342648505,1,2,2,5,2,141,4.955827057601261,1,0,0,1,1,1,0,0.0,0,1,0,0,0,0,362,5.8944028342648505,1,2,2,5,2,244,5.501258210544727,1,1,1,4,6,4,62,4.143134726391533,1,1,2,2,6,2,1,3,45.0
7,1022,6.930494765951626,1,2,2,0,2,0,3,15,1,1022,6.930494765951626,1,2,2,0,2,336,5.820082930352362,1,1,0,1,0,6,0,0.0,0,1,0,0,0,0,1022,6.930494765951626,1,2,2,0,2,539,6.29156913955832,1,0,2,4,0,9,354,5.872117789475416,1,1,0,4,4,4,1,3,37.0
8,1016,6.92461239604856,1,2,1,1,6,12,6,6,3,1016,6.92461239604856,1,2,1,1,6,248,5.517452896464707,1,1,2,3,3,8,0,0.0,0,1,0,0,0,0,1016,6.92461239604856,1,2,1,1,6,657,6.489204931325317,1,0,0,2,6,7,179,5.19295685089021,1,0,2,4,4,9,1,3,83.0
6,728,6.591673732008658,1,2,3,0,8,15,6,13,4,728,6.591673732008658,1,2,3,0,8,147,4.997212273764115,1,0,0,2,0,7,0,0.0,0,1,0,0,0,0,728,6.591673732008658,1,2,3,0,8,615,6.423246963533519,1,0,0,0,6,5,52,3.970291913552122,1,1,1,2,3,2,1,6,52.0
2,1006,6.914730892718563,1,1,1,5,6,6,13,0,3,1006,6.914730892718563,1,1,1,5,6,744,6.61338421837956,1,1,0,4,2,4,0,0.0,0,1,0,0,0,0,1006,6.914730892718563,1,1,1,5,6,88,4.48863636973214,1,1,1,3,4,8,303,5.717027701406222,1,0,0,3,2,3,1,3,352.0
1,942,6.849066282633458,1,0,2,4,2,5,13,10,1,942,6.849066282633458,1,0,2,4,2,371,5.918893854273146,1,0,2,1,0,1,0,0.0,0,1,0,0,0,0,942,6.849066282633458,1,0,2,4,2,195,5.278114659230517,1,0,0,0,6,5,481,6.1779441140506,1,0,1,1,5,1,1,3,52.0
2,769,6.646390514847729,0,1,4,6,9,6,16,3,5,769,6.646390514847729,0,1,4,6,9,606,6.408528791059498,1,1,0,1,4,6,0,0.0,0,1,0,0,0,0,769,6.646390514847729,0,1,4,6,9,1,0.6931471805599453,1,0,1,1,1,1,258,5.556828061699537,1,1,0,3,6,8,1,8,286.0
8,1799,7.495541943884256,0,2,4,0,9,8,15,7,4,1799,7.495541943884256,0,2,4,0,9,1196,7.087573705557973,1,1,2,1,6,6,0,0.0,0,1,0,0,0,0,1799,7.495541943884256,0,2,4,0,9,246,5.5093883366279774,1,1,0,1,1,6,74,4.31748811353631,1,1,2,4,4,4,1,3,867.0
2,531,6.2766434893416445,0,0,1,6,1,9,11,4,1,531,6.2766434893416445,0,0,1,6,1,53,3.9889840465642745,1,0,2,3,4,3,0,0.0,0,1,0,0,0,0,531,6.2766434893416445,0,0,1,6,1,47,3.871201010907891,1,0,2,2,5,7,174,5.1647859739235145,1,1,0,4,6,4,1,3,63.0
3,790,6.673297967767654,1,1,0,6,0,9,15,10,0,756,6.6293632534374485,1,0,1,0,6,0,0.0,0,1,0,0,0,0,0,0.0,0,1,0,0,0,0,790,6.673297967767654,1,1,0,6,0,622,6.434546518787453,1,1,1,2,6,2,67,4.219507705176107,1,0,1,2,4,7,1,1,0.0
2,1018,6.926577033222725,1,1,3,3,8,15,16,2,4,1018,6.926577033222725,1,1,3,3,8,1018,6.926577033222725,1,1,1,3,3,8,304,5.720311776607412,1,1,1,4,3,4,1018,6.926577033222725,1,1,3,3,8,76,4.343805421853684,1,1,1,1,6,6,343,5.840641657373398,1,0,1,3,0,3,1,7,526.0
8,895,6.79794041297493,0,1,0,6,5,11,13,17,3,895,6.79794041297493,0,1,0,6,5,764,6.639875833826536,1,1,2,4,1,4,0,0.0,0,1,0,0,0,0,895,6.79794041297493,0,1,0,6,5,109,4.700480365792417,1,0,1,4,4,9,760,6.634633357861686,1,1,1,0,4,0,1,3,10.0
0,1165,7.061334366910438,0,1,0,3,5,6,17,11,4,1165,7.061334366910438,0,1,0,3,5,139,4.941642422609304,1,0,1,4,6,9,0,0.0,0,1,0,0,0,0,1165,7.061334366910438,0,1,0,3,5,537,6.2878585601617845,1,0,0,2,5,7,346,5.849324779946859,1,1,1,1,3,6,1,3,25.0
2,1482,7.301822342137932,1,0,2,5,2,1,1,10,4,1482,7.301822342137932,1,0,2,5,2,867,6.7661917146603505,1,0,0,2,6,7,0,0.0,0,1,0,0,0,0,1482,7.301822342137932,1,0,2,5,2,523,6.261491684321042,1,0,1,3,5,3,775,6.654152520183219,1,0,1,0,5,5,1,3,92.0
0,618,6.428105272684596,1,0,3,2,8,2,7,4,5,618,6.428105272684596,1,0,3,2,8,87,4.477336814478207,1,0,0,2,3,7,0,0.0,0,1,0,0,0,0,618,6.428105272684596,1,0,3,2,8,551,6.313548046277095,1,0,2,1,5,1,47,3.871201010907891,1,0,2,2,5,7,1,3,20.0
6,857,6.754604099487962,0,2,2,3,7,12,1,11,0,857,6.754604099487962,0,2,2,3,7,597,6.393590753950631,1,0,0,2,2,7,0,0.0,0,1,0,0,0,0,857,6.754604099487962,0,2,2,3,7,470,6.154858094016418,1,1,2,0,1,0,33,3.5263605246161616,1,0,0,3,5,3,1,3,306.0
1,644,6.4692503167957724,1,2,4,0,4,6,9,3,3,644,6.4692503167957724,1,2,4,0,4,30,3.4339872044851463,1,1,0,0,2,0,0,0.0,0,1,0,0,0,0,644,6.4692503167957724,1,2,4,0,4,333,5.811140992976701,1,0,0,3,4,3,70,4.2626798770413155,1,1,1,0,0,0,1,3,67.0
6,792,6.675823221634848,1,0,2,1,2,3,15,9,3,792,6.675823221634848,1,0,2,1,2,251,5.529429087511423,1,0,2,1,6,1,0,0.0,0,1,0,0,0,0,792,6.675823221634848,1,0,2,1,2,596,6.391917113392602,1,1,2,1,1,6,72,4.290459441148391,1,1,0,2,2,2,1,6,101.0
3,1510,7.32052696227274,1,1,0,5,0,1,4,2,1,1510,7.32052696227274,1,1,0,5,0,1510,7.32052696227274,1,1,1,0,5,0,95,4.564348191467836,1,0,2,0,4,5,1510,7.32052696227274,1,1,0,5,0,63,4.1588830833596715,1,0,0,3,0,3,809,6.697034247666484,1,0,2,4,4,9,1,6,478.0
2,1541,7.340835554123275,0,2,1,1,1,2,16,1,0,1541,7.340835554123275,0,2,1,1,1,1405,7.2485040723706105,1,0,1,0,5,5,0,0.0,0,1,0,0,0,0,1541,7.340835554123275,0,2,1,1,1,162,5.093750200806762,1,1,0,2,1,2,1209,7.098375638590786,1,0,0,4,5,9,1,3,122.0
6,1913,7.5569505720129,0,2,3,2,3,14,9,12,1,1881,7.540090320145325,0,0,1,5,1,0,0.0,0,1,0,0,0,0,0,0.0,0,1,0,0,0,0,1913,7.5569505720129,0,2,3,2,3,1841,7.518607216815252,1,0,2,1,0,1,20,3.044522437723423,1,1,2,0,6,0,1,1,0.0
0,1494,7.3098814858247865,1,0,4,3,4,4,5,7,3,1494,7.3098814858247865,1,0,4,3,4,117,4.770684624465665,1,0,0,2,5,7,0,0.0,0,1,0,0,0,0,1494,7.3098814858247865,1,0,4,3,4,1357,7.213768308118642,1,0,1,2,6,7,109,4.700480365792417,1,0,1,4,4,9,1,3,12.0
6,462,6.137727054086234,1,0,2,0,2,11,9,1,4,462,6.137727054086234,1,0,2,0,2,49,3.912023005428146,1,0,1,4,0,9,0,0.0,0,1,0,0,0,0,462,6.137727054086234,1,0,2,0,2,346,5.849324779946859,1,1,1,1,3,6,6,1.9459101490553132,1,1,0,1,6,6,1,6,51.0
3,689,6.536691597591305,0,2,4,3,9,3,10,6,5,689,6.536691597591305,0,2,4,3,9,421,6.045005314036012,1,0,1,1,1,1,0,0.0,0,1,0,0,0,0,689,6.536691597591305,0,2,4,3,9,6,1.9459101490553132,1,1,0,1,6,6,240,5.484796933490655,1,1,0,0,2,0,1,4,208.0
1,743,6.612041034833092,0,2,3,1,3,9,11,13,4,743,6.612041034833092,0,2,3,1,3,717,6.576469569048224,1,0,0,2,3,7,0,0.0,0,1,0,0,0,0,743,6.612041034833092,0,2,3,1,3,240,5.484796933490655,1,1,0,0,2,0,280,5.638354669333745,1,1,1,0,0,0,1,3,220.0
5,1166,7.062191632286556,1,2,1,4,6,8,1,16,5,1166,7.062191632286556,1,2,1,4,6,886,6.787844982309579,1,1,1,1,4,6,0,0.0,0,1,0,0,0,0,1166,7.062191632286556,1,2,1,4,6,135,4.912654885736052,1,0,0,0,2,5,441,6.091309882077698,1,0,0,1,0,1,1,3,345.0
6,1552,7.347943823148687,1,1,2,5,2,2,2,6,2,1552,7.347943823148687,1,1,2,5,2,231,5.44673737166631,1,0,0,1,0,1,0,0.0,0,1,0,0,0,0,1552,7.347943823148687,1,1,2,5,2,1081,6.9865664594064265,1,0,1,1,3,1,255,5.545177444479562,1,0,0,0,3,5,1,3,64.0
4,812,6.70073110954781,1,2,2,0,2,4,8,3,3,812,6.70073110954781,1,2,2,0,2,104,4.653960350157523,1,1,2,4,6,4,0,0.0,0,1,0,0,0,0,812,6.70073110954781,1,2,2,0,2,35,3.58351893845611,1,0,2,0,0,5,241,5.488937726156687,1,0,1,1,3,1,1,3,133.0
3,1563,7.355001921105257,0,0,3,2,3,3,3,6,4,1563,7.355001921105257,0,0,3,2,3,126,4.844187086458591,1,1,0,1,0,6,0,0.0,0,1,0,0,0,0,1563,7.355001921105257,0,0,3,2,3,881,6.782192056006791,1,0,2,1,6,1,176,5.176149732573829,1,1,2,1,1,6,1,3,152.0
8,1079,6.984716320118266,0,2,4,1,9,5,17,5,2,1079,6.984716320118266,0,2,4,1,9,358,5.883322388488279,1,1,1,3,1,8,0,0.0,0,1,0,0,0,0,1079,6.984716320118266,0,2,4,1,9,689,6.536691597591305,1,0,2,4,3,9,329,5.799092654460526,1,0,2,4,0,9,1,3,30.0
5,1114,7.016609683894219,1,1,4,1,4,4,9,3,2,1114,7.016609683894219,1,1,4,1,4,966,6.874198495453294,1,1,0,1,0,6,0,0.0,0,1,0,0,0,0,1114,7.016609683894219,1,1,4,1,4,476,6.1675164908883415,1,1,2,1,0,6,46,3.8501476017100584,1,1,1,1,4,6,2,4,504.0
7,1643,7.404887575616125,0,2,3,5,3,8,4,7,0,1643,7.404887575616125,0,2,3,5,3,17,2.8903717578961645,1,0,2,2,3,7,0,0.0,0,1,0,0,0,0,1643,7.404887575616125,0,2,3,5,3,1597,7.37650812632622,1,0,1,2,1,7,27,3.332204510175204,1,0,0,2,6,7,1,3,3.0
8,1496,7.311218384419629,1,2,1,5,6,14,2,13,1,1496,7.311218384419629,1,2,1,5,6,421,6.045005314036012,1,0,1,1,1,1,0,0.0,0,1,0,0,0,0,1496,7.311218384419629,1,2,1,5,6,1069,6.975413927455952,1,0,1,4,5,9,421,6.045005314036012,1,0,1,1,1,1,1,4,2.0
2,1946,7.5740450053721995,1,2,1,0,6,14,9,13,0,1946,7.5740450053721995,1,2,1,0,6,297,5.697093486505405,1,0,0,2,3,7,0,0.0,0,1,0,0,0,0,1946,7.5740450053721995,1,2,1,0,6,1664,7.417580402414544,1,1,2,4,5,4,174,5.1647859739235145,1,1,0,4,6,4,1,3,77.0
3,860,6.7580945044277305,1,2,0,6,0,8,9,14,5,860,6.7580945044277305,1,2,0,6,0,412,6.023447592961033,1,1,1,2,6,2,0,0.0,0,1,0,0,0,0,860,6.7580945044277305,1,2,0,6,0,514,6.244166900663736,1,1,1,4,3,4,256,5.54907608489522,1,1,1,1,4,6,2,3,82.0
1,1269,7.146772179452637,0,0,4,2,9,5,13,14,4,1269,7.146772179452637,0,0,4,2,9,409,6.016157159698354,1,0,1,4,3,9,0,0.0,0,1,0,0,0,0,1269,7.146772179452637,0,0,4,2,9,826,6.717804695023691,1,1,1,1,0,6,393,5.976350909297934,1,0,0,3,1,3,1,3,22.0
0,662,6.4967749901858625,1,2,2,4,2,1,12,1,0,662,6.4967749901858625,1,2,2,4,2,621,6.432940092739179,1,0,0,1,5,1,0,0.0,0,1,0,0,0,0,662,6.4967749901858625,1,2,2,4,2,36,3.6109179126442243,1,1,0,1,1,6,583,6.369900982828227,1,0,1,3,2,3,1,3,27.0
1,1460,7.2868764117507,1,2,0,4,0,15,7,13,1,1460,7.2868764117507,1,2,0,4,0,349,5.857933154483459,1,0,1,4,6,9,0,0.0,0,1,0,0,0,0,1460,7.2868764117507,1,2,0,4,0,66,4.204692619390966,1,1,0,1,3,6,855,6.752270376141742,1,0,0,0,1,5,1,3,11.0
5,1242,7.1252830915107115,1,0,2,3,2,9,15,16,3,1242,7.1252830915107115,1,0,2,3,2,732,6.597145701886651,1,1,0,2,4,2,0,0.0,0,1,0,0,0,0,1242,7.1252830915107115,1,0,2,3,2,686,6.532334292222349,1,1,2,1,0,6,242,5.493061443340548,1,1,2,2,4,2,2,3,268.0
2,1796,7.493873886783559,1,2,1,4,6,5,0,17,1,1796,7.493873886783559,1,2,1,4,6,86,4.465908118654584,1,1,2,1,2,6,0,0.0,0,1,0,0,0,0,1796,7.493873886783559,1,2,1,4,6,1714,7.44716835960004,1,1,1,4,6,4,78,4.3694478524670215,1,1,0,3,1,8,2,3,4.0
5,1010,6.918695219020472,1,2,0,2,0,9,10,9,5,1010,6.918695219020472,1,2,0,2,0,261,5.568344503761097,1,0,0,1,2,1,0,0.0,0,1,0,0,0,0,1010,6.918695219020472,1,2,0,2,0,782,6.663132695990803,1,1,2,2,5,2,132,4.890349128221754,1,1,0,2,6,2,1,3,75.0
7,1075,6.98100574072173,0,1,0,4,5,11,7,1,1,1075,6.98100574072173,0,1,0,4,5,813,6.70196036600254,1,0,0,3,1,3,0,0.0,0,1,0,0,0,0,1075,6.98100574072173,0,1,0,4,5,392,5.973809611869261,1,1,2,2,0,2,199,5.298317366548036,1,0,1,4,3,9,1,3,366.0
0,1474,7.29641326877392,1,1,4,4,4,17,14,2,4,1474,7.29641326877392,1,1,4,4,4,363,5.8971538676367405,1,0,0,3,6,3,0,0.0,0,1,0,0,0,0,1474,7.29641326877392,1,1,4,4,4,1114,7.016609683894219,1,1,1,4,1,4,303,5.717027701406222,1,0,0,3,2,3,1,3,39.0
3,1742,7.463363045520021,1,2,2,6,2,10,12,17,1,1742,7.463363045520021,1,2,2,6,2,1634,7.399398083331354,1,1,2,4,3,4,0,0.0,0,1,0,0,0,0,1742,7.463363045520021,1,2,2,6,2,38,3.6635616461296463,1,1,2,3,3,8,1513,7.322510433997394,1,0,1,3,1,3,1,4,104.0
2,657,6.489204931325317,0,0,2,6,7,1,2,8,0,657,6.489204931325317,0,0,2,6,7,623,6.436150368369428,1,0,2,3,0,3,0,0.0,0,1,0,0,0,0,657,6.489204931325317,0,0,2,6,7,37,3.6375861597263857,1,0,1,2,2,7,608,6.411818267709897,1,1,2,3,6,8,1,3,9.0
1,1071,6.977281341630747,0,0,1,0,1,16,15,2,4,1071,6.977281341630747,0,0,1,0,1,199,5.298317366548036,1,0,1,4,3,9,0,0.0,0,1,0,0,0,0,1071,6.977281341630747,0,0,1,0,1,484,6.184148890937483,1,1,1,4,1,4,156,5.056245805348308,1,1,0,1,2,6,1,3,158.0
2,711,6.568077911411976,0,0,1,4,1,10,10,3,0,660,6.493753839851686,1,0,0,2,0,0,0.0,0,1,0,0,0,0,0,0.0,0,1,0,0,0,0,711,6.568077911411976,0,0,1,4,1,525,6.26530121273771,1,0,0,0,0,5,12,2.5649493574615367,1,1,0,2,5,2,3,2,37.0
6,1557,7.351158226430694,0,0,2,3,7,1,6,3,5,1557,7.351158226430694,0,0,2,3,7,1164,7.060476365999801,1,1,0,4,2,4,0,0.0,0,1,0,0,0,0,1557,7.351158226430694,0,0,2,3,7,725,6.587550014824796,1,0,2,0,4,5,374,5.926926025970411,1,1,2,4,3,4,1,3,416.0
4,691,6.539585955617669,0,1,1,5,1,17,14,9,1,691,6.539585955617669,0,1,1,5,1,108,4.6913478822291435,1,1,0,3,3,8,0,0.0,0,1,0,0,0,0,691,6.539585955617669,0,1,1,5,1,235,5.4638318050256105,1,0,1,0,4,5,141,4.955827057601261,1,0,0,1,1,1,1,3,94.0
4,874,6.774223886357614,1,1,4,6,4,9,2,1,0,874,6.774223886357614,1,1,4,6,4,515,6.246106765481563,1,0,2,0,4,5,0,0.0,0,1,0,0,0,0,874,6.774223886357614,1,1,4,6,4,202,5.313205979041787,1,1,1,2,6,2,268,5.594711379601839,1,1,1,3,2,8,1,3,217.0
2,501,6.218600119691729,0,0,1,4,1,12,17,16,0,501,6.218600119691729,0,0,1,4,1,325,5.786897381366708,1,0,1,0,3,5,0,0.0,0,1,0,0,0,0,501,6.218600119691729,0,0,1,4,1,174,5.1647859739235145,1,1,0,4,6,4,266,5.58724865840025,1,1,2,1,0,6,1,3,40.0
5,1000,6.90875477931522,1,1,0,6,0,1,1,15,4,1000,6.90875477931522,1,1,0,6,0,32,3.4965075614664802,1,1,2,2,4,2,0,0.0,0,1,0,0,0,0,1000,6.90875477931522,1,1,0,6,0,492,6.20050917404269,1,1,0,2,2,2,201,5.308267697401205,1,0,0,1,5,1,1,3,46.0
6,1650,7.409136443920128,1,0,0,5,0,17,7,16,0,1570,7.359467638255621,1,1,0,2,0,0,0.0,0,1,0,0,0,0,0,0.0,0,1,0,0,0,0,1650,7.409136443920128,1,0,0,5,0,1558,7.351799869057777,1,1,1,3,4,8,3,1.3862943611198906,1,0,0,3,3,3,1,3,2.0
5,415,6.030685260261263,0,1,0,2,5,5,11,13,1,415,6.030685260261263,0,1,0,2,5,151,5.0238805208462765,1,0,1,1,4,1,0,0.0,0,1,0,0,0,0,415,6.030685260261263,0,1,0,2,5,291,5.676753802268282,1,0,0,1,4,1,43,3.784189633918261,1,0,1,3,1,3,1,3,63.0
8,1824,7.509335266016592,1,0,4,4,4,5,11,5,5,1824,7.509335266016592,1,0,4,4,4,898,6.80128303447162,1,1,1,3,2,8,0,0.0,0,1,0,0,0,0,1824,7.509335266016592,1,0,4,4,4,828,6.720220155135295,1,1,0,3,2,8,941,6.848005274576363,1,0,2,1,3,1,1,3,4.0
5,1560,7.353081920515432,1,0,0,6,0,12,9,12,2,1560,7.353081920515432,1,0,0,6,0,1490,7.307202314764738,1,1,2,0,6,0,0,0.0,0,1,0,0,0,0,1560,7.353081920515432,1,0,0,6,0,531,6.2766434893416445,1,0,0,1,6,1,343,5.840641657373398,1,0,1,3,0,3,1,3,611.0
1,1211,7.10002716662926,0,2,1,0,1,3,15,0,0,1211,7.10002716662926,0,2,1,0,1,691,6.539585955617669,1,0,1,1,5,1,0,0.0,0,1,0,0,0,0,1211,7.10002716662926,0,2,1,0,1,52,3.970291913552122,1,1,1,2,3,2,772,6.650279048587422,1,1,1,2,2,2,1,3,102.0
6,827,6.71901315438526,0,2,2,1,7,11,12,2,4,827,6.71901315438526,0,2,2,1,7,802,6.688354713946762,1,1,1,2,4,2,0,0.0,0,1,0,0,0,0,827,6.71901315438526,0,2,2,1,7,283,5.648974238161206,1,0,1,3,3,3,70,4.2626798770413155,1,1,1,0,0,0,1,3,402.0
2,495,6.206575926724928,0,0,0,5,5,7,11,2,0,495,6.206575926724928,0,0,0,5,5,251,5.529429087511423,1,0,2,1,6,1,0,0.0,0,1,0,0,0,0,495,6.206575926724928,0,0,0,5,5,46,3.8501476017100584,1,1,1,1,4,6,299,5.703782474656201,1,0,2,4,5,9,1,3,34.0
3,1881,7.540090320145325,0,0,1,5,1,6,7,15,1,1881,7.540090320145325,0,0,1,5,1,20,3.044522437723423,1,1,2,0,6,0,0,0.0,0,1,0,0,0,0,1881,7.540090320145325,0,0,1,5,1,1365,7.2196420401307355,1,0,0,0,0,5,208,5.342334251964811,1,1,1,3,5,8,1,3,40.0
3,477,6.169610732491456,0,0,2,1,7,1,13,6,5,477,6.169610732491456,0,0,2,1,7,12,2.5649493574615367,1,1,0,2,5,2,0,0.0,0,1,0,0,0,0,477,6.169610732491456,0,0,2,1,7,461,6.135564891081739,1,0,2,1,6,1,14,2.70805020110221,1,1,2,4,0,4,1,3,0.0
7,682,6.52649485957079,1,1,2,3,2,11,6,1,5,682,6.52649485957079,1,1,2,3,2,154,5.043425116919247,1,1,1,4,0,4,0,0.0,0,1,0,0,0,0,682,6.52649485957079,1,1,2,3,2,142,4.962844630259907,1,1,1,2,2,2,272,5.60947179518496,1,1,2,2,6,2,2,3,50.0
8,1202,7.0925737159746784,1,2,2,5,2,0,4,17,5,1202,7.0925737159746784,1,2,2,5,2,417,6.035481432524756,1,0,0,2,4,7,0,0.0,0,1,0,0,0,0,1202,7.0925737159746784,1,2,2,5,2,281,5.641907070938114,1,0,2,1,1,1,522,6.259581464064923,1,1,0,2,4,2,1,3,98.0
1,1010,6.918695219020472,1,2,0,2,0,16,0,0,3,1010,6.918695219020472,1,2,0,2,0,1010,6.918695219020472,1,1,2,0,2,0,537,6.2878585601617845,1,0,0,2,5,7,1010,6.918695219020472,1,2,0,2,0,27,3.332204510175204,1,0,0,2,6,7,134,4.90527477843843,1,1,2,4,1,4,1,6,754.0
8,864,6.762729506931879,1,0,4,3,4,3,3,10,5,864,6.762729506931879,1,0,4,3,4,135,4.912654885736052,1,0,0,0,2,5,0,0.0,0,1,0,0,0,0,864,6.762729506931879,1,0,4,3,4,765,6.641182169740591,1,0,0,0,2,5,30,3.4339872044851463,1,1,0,0,2,0,3,3,58.0
7,1124,7.025538314638521,1,2,4,4,4,7,8,15,2,1124,7.025538314638521,1,2,4,4,4,54,4.007333185232471,1,1,0,4,5,4,0,0.0,0,1,0,0,0,0,1124,7.025538314638521,1,2,4,4,4,505,6.226536669287466,1,0,1,0,1,5,248,5.517452896464707,1,1,2,3,3,8,1,3,59.0
7,817,6.706862336602747,0,1,2,5,7,2,14,17,0,817,6.706862336602747,0,1,2,5,7,165,5.111987788356544,1,0,0,0,4,5,0,0.0,0,1,0,0,0,0,817,6.706862336602747,0,1,2,5,7,564,6.336825731146441,1,1,0,4,4,4,206,5.332718793265369,1,1,2,1,3,6,1,3,2.0
4,594,6.38856140554563,1,0,4,6,4,12,5,15,5,594,6.38856140554563,1,0,4,6,4,33,3.5263605246161616,1,0,0,3,5,3,0,0.0,0,1,0,0,0,0,594,6.38856140554563,1,0,4,6,4,478,6.171700597410915,1,1,1,3,2,8,22,3.1354942159291497,1,1,1,2,1,2,1,9,35.0
5,1264,7.142827401161621,1,1,4,4,4,17,1,6,5,1264,7.142827401161621,1,1,4,4,4,860,6.7580945044277305,1,1,2,0,6,0,0,0.0,0,1,0,0,0,0,1264,7.142827401161621,1,1,4,4,4,575,6.3561076606958915,1,0,2,0,1,5,494,6.20455776256869,1,1,2,4,4,4,1,3,187.0
4,873,6.773080375655535,0,0,3,5,3,14,9,4,0,873,6.773080375655535,0,0,3,5,3,115,4.7535901911063645,1,0,1,0,3,5,0,0.0,0,1,0,0,0,0,873,6.773080375655535,0,0,3,5,3,381,5.945420608606575,1,0,0,1,3,1,116,4.762173934797756,1,1,2,1,4,6,1,3,125.0
1,1156,7.053585727193677,1,1,1,1,6,3,1,2,4,1156,7.053585727193677,1,1,1,1,6,451,6.113682179832232,1,0,1,1,3,1,0,0.0,0,1,0,0,0,0,1156,7.053585727193677,1,1,1,1,6,705,6.559615237493242,1,0,0,0,5,5,451,6.113682179832232,1,0,1,1,3,1,1,4,0.0
0,1040,6.947937068614969,1,2,0,4,0,16,14,7,2,1040,6.947937068614969,1,2,0,4,0,296,5.6937321388027,1,1,2,1,2,6,0,0.0,0,1,0,0,0,0,1040,6.947937068614969,1,2,0,4,0,815,6.704414354964107,1,0,2,0,3,5,151,5.0238805208462765,1,0,1,1,4,1,1,3,73.0
3,1612,7.385851078125209,1,1,2,2,2,8,3,0,1,1612,7.385851078125209,1,1,2,2,2,224,5.41610040220442,1,1,2,4,0,4,0,0.0,0,1,0,0,0,0,1612,7.385851078125209,1,1,2,2,2,1438,7.271703706887368,1,1,1,3,3,8,112,4.727387818712341,1,1,1,2,0,2,2,4,58.0
7,1415,7.255591274253665,0,2,0,1,5,16,13,2,5,938,6.844815479208263,1,2,3,0,8,0,0.0,0,1,0,0,0,0,0,0.0,0,1,0,0,0,0,1415,7.255591274253665,0,2,0,1,5,258,5.556828061699537,1,1,0,3,6,8,112,4.727387818712341,1,1,1,2,0,2,1,1,152.0
2,724,6.586171654854675,1,1,4,3,4,7,17,2,0,724,6.586171654854675,1,1,4,3,4,32,3.4965075614664802,1,1,2,2,4,2,0,0.0,0,1,0,0,0,0,724,6.586171654854675,1,1,4,3,4,693,6.542471960506805,1,0,0,3,0,3,30,3.4339872044851463,1,1,0,0,2,0,1,3,1.0
4,1430,7.266128779556451,1,2,0,2,0,5,12,1,1,1430,7.266128779556451,1,2,0,2,0,648,6.47543271670409,1,1,0,3,4,8,0,0.0,0,1,0,0,0,0,1430,7.266128779556451,1,2,0,2,0,792,6.675823221634848,1,1,0,2,1,2,619,6.429719478039138,1,0,1,4,3,9,1,3,16.0
0,1251,7.132497551660044,0,0,1,5,1,8,15,14,4,1251,7.132497551660044,0,0,1,5,1,14,2.70805020110221,1,1,2,4,0,4,0,0.0,0,1,0,0,0,0,1251,7.132497551660044,0,0,1,5,1,975,6.883462586413092,1,0,0,0,2,5,115,4.7535901911063645,1,0,1,0,3,5,1,3,20.0
5,984,6.892641641172089,1,0,4,4,4,7,8,1,1,923,6.828712071641684,0,2,3,6,3,0,0.0,0,1,0,0,0,0,0,0.0,0,1,0,0,0,0,984,6.892641641172089,1,0,4,4,4,360,5.8888779583328805,1,1,0,0,3,0,184,5.220355825078324,1,1,1,4,2,4,1,1,65.0
7,433,6.073044534100405,0,1,3,6,3,2,11,5,1,433,6.073044534100405,0,1,3,6,3,39,3.6888794541139363,1,0,0,4,4,9,0,0.0,0,1,0,0,0,0,433,6.073044534100405,0,1,3,6,3,335,5.817111159963204,1,0,2,0,6,5,49,3.912023005428146,1,0,1,4,0,9,1,3,13.0
1,1877,7.537962659768208,0,2,2,1,7,15,2,7,1,1877,7.537962659768208,0,2,2,1,7,709,6.565264970035361,1,0,1,4,2,9,0,0.0,0,1,0,0,0,0,1877,7.537962659768208,0,2,2,1,7,1165,7.061334366910438,1,0,1,0,3,5,709,6.565264970035361,1,0,1,4,2,9,1,4,1.0
7,743,6.612041034833092,0,2,3,1,3,1,1,9,4,743,6.612041034833092,0,2,3,1,3,42,3.7612001156935624,1,1,0,2,0,2,0,0.0,0,1,0,0,0,0,743,6.612041034833092,0,2,3,1,3,710,6.566672429803241,1,1,2,0,3,0,0,0.0,0,1,0,0,0,0,1,3,25.0
3,775,6.654152520183219,0,1,0,5,5,0,4,14,3,760,6.634633357861686,1,1,0,4,0,0,0.0,0,1,0,0,0,0,0,0.0,0,1,0,0,0,0,775,6.654152520183219,0,1,0,5,5,676,6.517671272912275,1,1,1,1,4,6,27,3.332204510175204,1,0,0,2,6,7,1,1,10.0
8,581,6.366470447731438,0,2,1,0,1,15,3,12,4,581,6.366470447731438,0,2,1,0,1,404,6.003887067106539,1,1,2,4,5,4,0,0.0,0,1,0,0,0,0,581,6.366470447731438,0,2,1,0,1,298,5.700443573390687,1,1,1,3,4,8,147,4.997212273764115,1,0,0,2,0,7,1,3,131.0
5,357,5.8805329864007,0,0,2,0,7,12,13,5,3,357,5.8805329864007,0,0,2,0,7,106,4.672828834461906,1,1,1,1,1,6,0,0.0,0,1,0,0,0,0,357,5.8805329864007,0,0,2,0,7,192,5.262690188904886,1,1,0,2,3,2,128,4.859812404361672,1,1,2,3,2,8,1,3,5.0
7,1383,7.232733136177615,0,0,3,4,3,13,11,11,4,1383,7.232733136177615,0,0,3,4,3,509,6.234410725718371,1,0,2,4,5,9,0,0.0,0,1,0,0,0,0,1383,7.232733136177615,0,0,3,4,3,442,6.093569770045136,1,1,1,2,1,2,689,6.536691597591305,1,0,2,4,3,9,1,3,24.0
8,993,6.901737206656574,0,0,3,6,3,7,11,6,2,993,6.901737206656574,0,0,3,6,3,176,5.176149732573829,1,1,2,1,1,6,0,0.0,0,1,0,0,0,0,993,6.901737206656574,0,0,3,6,3,826,6.717804695023691,1,1,1,1,0,6,158,5.0689042022202315,1,1,2,3,4,8,1,3,9.0
3,1693,7.434847875211999,0,1,3,6,3,6,16,0,0,1693,7.434847875211999,0,1,3,6,3,190,5.25227342804663,1,1,1,0,1,0,0,0.0,0,1,0,0,0,0,1693,7.434847875211999,0,1,3,6,3,1224,7.110696122978827,1,1,0,4,6,4,298,5.700443573390687,1,1,1,3,4,8,1,3,21.0
2,1269,7.146772179452637,0,0,4,2,9,13,13,6,5,1269,7.146772179452637,0,0,4,2,9,994,6.902742737158593,1,1,1,4,0,4,0,0.0,0,1,0,0,0,0,1269,7.146772179452637,0,0,4,2,9,380,5.942799375126701,1,1,2,0,2,0,403,6.0014148779611505,1,0,1,3,4,3,1,3,359.0
3,1843,7.519692404116539,0,1,3,2,3,10,3,17,3,1843,7.519692404116539,0,1,3,2,3,207,5.337538079701318,1,0,0,2,4,7,0,0.0,0,1,0,0,0,0,1843,7.519692404116539,0,1,3,2,3,1494,7.3098814858247865,1,1,0,4,3,4,275,5.62040086571715,1,0,2,0,2,5,1,3,2.0
0,1513,7.322510433997394,0,1,3,1,3,8,10,3,4,1513,7.322510433997394,0,1,3,1,3,327,5.793013608384144,1,0,0,2,5,7,0,0.0,0,1,0,0,0,0,1513,7.322510433997394,0,1,3,1,3,1187,7.080026499922591,1,0,2,2,4,7,325,5.786897381366708,1,0,1,0,3,5,1,3,1.0
2,1450,7.280008252884188,1,1,0,1,0,7,15,10,0,1450,7.280008252884188,1,1,0,1,0,1001,6.90975328164481,1,0,2,1,0,1,0,0.0,0,1,0,0,0,0,1450,7.280008252884188,1,1,0,1,0,434,6.075346031088684,1,1,2,4,0,4,992,6.900730664045173,1,1,2,2,5,2,1,3,11.0
7,625,6.439350371100098,0,1,0,2,5,13,3,8,2,625,6.439350371100098,0,1,0,2,5,204,5.3230099791384085,1,1,0,4,1,4,0,0.0,0,1,0,0,0,0,625,6.439350371100098,0,1,0,2,5,378,5.937536205082426,1,1,0,3,0,8,212,5.3612921657094255,1,1,2,2,2,2,1,3,9.0
1,1416,7.256297239690681,1,0,1,2,6,8,6,1,2,1416,7.256297239690681,1,0,1,2,6,514,6.244166900663736,1,1,1,4,3,4,0,0.0,0,1,0,0,0,0,1416,7.256297239690681,1,0,1,2,6,5,1.791759469228055,1,0,2,0,5,5,469,6.152732694704104,1,0,1,4,0,9,1,3,329.0
4,1026,6.934397209928558,1,0,1,4,6,7,7,0,5,1026,6.934397209928558,1,0,1,4,6,455,6.1224928095143865,1,0,2,0,0,5,0,0.0,0,1,0,0,0,0,1026,6.934397209928558,1,0,1,4,6,566,6.340359303727752,1,1,2,1,6,6,411,6.021023349349527,1,0,0,1,5,1,1,3,31.0
3,944,6.851184927493743,1,2,4,6,4,12,13,8,3,944,6.851184927493743,1,2,4,6,4,623,6.436150368369428,1,0,2,3,0,3,0,0.0,0,1,0,0,0,0,944,6.851184927493743,1,2,4,6,4,52,3.970291913552122,1,1,1,2,3,2,522,6.259581464064923,1,1,0,2,4,2,1,3,157.0
3,1035,6.943122422819428,0,0,0,6,5,4,15,13,5,1035,6.943122422819428,0,0,0,6,5,786,6.668228248417403,1,1,0,1,2,6,0,0.0,0,1,0,0,0,0,1035,6.943122422819428,0,0,0,6,5,364,5.8998973535824915,1,1,1,4,0,4,463,6.139884552226255,1,0,1,3,1,3,1,3,177.0
7,1524,7.329749689041512,1,0,4,5,4,17,16,11,1,1524,7.329749689041512,1,0,4,5,4,504,6.22455842927536,1,1,0,4,0,4,0,0.0,0,1,0,0,0,0,1524,7.329749689041512,1,0,4,5,4,1081,6.9865664594064265,1,0,1,1,3,1,277,5.627621113690637,1,0,1,2,4,7,1,3,131.0
3,1969,7.585788821732034,0,1,4,2,9,7,2,1,0,1969,7.585788821732034,0,1,4,2,9,1170,7.065613363597717,1,1,0,0,1,0,0,0.0,0,1,0,0,0,0,1969,7.585788821732034,0,1,4,2,9,659,6.492239835020471,1,0,2,4,1,9,292,5.680172609017068,1,1,1,2,5,2,1,3,632.0
7,1795,7.493317248862145,0,1,0,3,5,2,7,10,0,1679,7.426549072397305,0,2,4,6,9,0,0.0,0,1,0,0,0,0,0,0.0,0,1,0,0,0,0,1795,7.493317248862145,0,1,0,3,5,151,5.0238805208462765,1,0,1,1,4,1,224,5.41610040220442,1,1,2,4,0,4,1,1,360.0
5,1435,7.269616749608169,0,1,0,0,5,6,5,17,2,1435,7.269616749608169,0,1,0,0,5,633,6.452048954437226,1,0,0,3,3,3,0,0.0,0,1,0,0,0,0,1435,7.269616749608169,0,1,0,0,5,787,6.669498089857879,1,0,1,2,3,7,150,5.017279836814924,1,1,0,0,3,0,1,3,327.0
6,1909,7.554858521040676,0,1,4,5,9,13,16,10,0,1909,7.554858521040676,0,1,4,5,9,711,6.568077911411976,1,0,0,1,4,1,0,0.0,0,1,0,0,0,0,1909,7.554858521040676,0,1,4,5,9,1203,7.093404625868766,1,0,0,3,6,3,701,6.553933404025811,1,0,2,1,1,1,1,3,5.0
6,1110,7.01301578963963,1,0,0,4,0,4,10,3,5,1110,7.01301578963963,1,0,0,4,0,782,6.663132695990803,1,1,2,2,5,2,0,0.0,0,1,0,0,0,0,1110,7.01301578963963,1,0,0,4,0,39,3.6888794541139363,1,0,0,4,4,9,469,6.152732694704104,1,0,1,4,0,9,1,3,305.0
4,408,6.013715156042802,1,0,3,2,8,8,12,11,1,408,6.013715156042802,1,0,3,2,8,408,6.013715156042802,1,1,0,3,2,8,14,2.70805020110221,1,1,2,4,0,4,408,6.013715156042802,1,0,3,2,8,23,3.1780538303479458,1,0,2,3,2,3,321,5.7745515455444085,1,0,0,1,6,1,1,6,55.0
2,1658,7.413970290190444,1,2,3,6,8,11,9,0,5,1658,7.413970290190444,1,2,3,6,8,3,1.3862943611198906,1,0,0,3,3,3,0,0.0,0,1,0,0,0,0,1658,7.413970290190444,1,2,3,6,8,1122,7.023758954738443,1,1,0,2,2,2,37,3.6375861597263857,1,0,1,2,2,7,1,4,155.0
2,1243,7.126087273299125,0,1,3,4,3,10,9,16,2,1243,7.126087273299125,0,1,3,4,3,354,5.872117789475416,1,1,0,4,4,4,0,0.0,0,1,0,0,0,0,1243,7.126087273299125,0,1,3,4,3,758,6.63200177739563,1,1,2,3,2,8,367,5.908082938168931,1,0,1,2,3,7,1,3,35.0
8,768,6.645090969505644,1,0,3,5,8,5,5,1,0,768,6.645090969505644,1,0,3,5,8,300,5.707110264748875,1,1,0,0,6,0,0,0.0,0,1,0,0,0,0,768,6.645090969505644,1,0,3,5,8,540,6.293419278846481,1,1,0,0,1,0,81,4.406719247264253,1,0,0,1,4,1,3,3,122.0
5,1966,7.584264818389059,1,1,1,6,6,15,14,16,2,1966,7.584264818389059,1,1,1,6,6,341,5.834810737062605,1,0,2,1,5,1,0,0.0,0,1,0,0,0,0,1966,7.584264818389059,1,1,1,6,6,1352,7.210079628170788,1,1,2,2,1,2,326,5.7899601708972535,1,1,2,1,4,6,1,3,101.0
5,1497,7.311886164077165,0,0,2,6,7,5,13,17,2,1497,7.311886164077165,0,0,2,6,7,46,3.8501476017100584,1,1,1,1,4,6,0,0.0,0,1,0,0,0,0,1497,7.311886164077165,0,0,2,6,7,1423,7.261225091971921,1,0,1,3,2,3,51,3.9512437185814275,1,0,0,1,2,1,1,3,6.0
6,761,6.635946555686647,0,2,1,5,1,3,13,9,1,761,6.635946555686647,0,2,1,5,1,449,6.1092475827643655,1,0,2,4,1,9,0,0.0,0,1,0,0,0,0,761,6.635946555686647,0,2,1,5,1,341,5.834810737062605,1,0,2,1,5,1,382,5.948034989180646,1,1,1,2,4,2,1,3,35.0
0,1820,7.507141079727608,1,2,0,0,0,10,4,11,3,1820,7.507141079727608,1,2,0,0,0,44,3.8066624897703196,1,1,2,4,2,4,0,0.0,0,1,0,0,0,0,1820,7.507141079727608,1,2,0,0,0,906,6.810142450115136,1,1,0,1,3,6,296,5.6937321388027,1,1,2,1,2,6,2,3,122.0
7,1603,7.38025578842646,0,1,3,0,3,8,2,5,2,1603,7.38025578842646,0,1,3,0,3,609,6.413458957167357,1,0,0,4,0,9,0,0.0,0,1,0,0,0,0,1603,7.38025578842646,0,1,3,0,3,852,6.748759547491679,1,1,0,2,5,2,593,6.386879319362645,1,0,2,3,5,3,1,3,58.0
2,1134,7.034387929915503,1,0,4,0,4,13,2,4,2,1134,7.034387929915503,1,0,4,0,4,503,6.222576268071369,1,0,2,3,6,3,0,0.0,0,1,0,0,0,0,1134,7.034387929915503,1,0,4,0,4,655,6.486160788944089,1,0,1,0,4,5,425,6.054439346269371,1,0,2,0,5,5,1,3,44.0
0,1904,7.552237287560802,1,2,4,0,4,2,17,14,1,1904,7.552237287560802,1,2,4,0,4,1159,7.05617528410041,1,0,1,4,4,9,0,0.0,0,1,0,0,0,0,1904,7.552237287560802,1,2,4,0,4,11,2.4849066497880004,1,0,2,1,4,1,1217,7.1049654482698426,1,0,2,2,6,7,1,3,206.0
0,1308,7.1770187659099,1,0,3,6,8,13,2,7,5,1308,7.1770187659099,1,0,3,6,8,875,6.775366090936392,1,0,2,0,0,5,0,0.0,0,1,0,0,0,0,1308,7.1770187659099,1,0,3,6,8,712,6.569481420414296,1,1,1,2,5,2,218,5.389071729816501,1,1,2,3,1,8,1,6,345.0
2,1895,7.547501682814967,0,2,0,5,5,14,1,5,5,1895,7.547501682814967,0,2,0,5,5,359,5.886104031450156,1,0,2,4,2,9,0,0.0,0,1,0,0,0,0,1895,7.547501682814967,0,2,0,5,5,1533,7.335633981927201,1,0,0,3,0,3,197,5.288267030694535,1,0,2,2,1,7,1,3,109.0
7,357,5.8805329864007,0,0,2,0,7,3,14,16,2,357,5.8805329864007,0,0,2,0,7,338,5.82600010738045,1,1,2,3,2,8,0,0.0,0,1,0,0,0,0,357,5.8805329864007,0,0,2,0,7,124,4.8283137373023015,1,1,1,4,5,4,95,4.564348191467836,1,0,2,0,4,5,1,3,127.0
3,1923,7.562161631225652,0,0,3,5,3,3,6,4,5,1923,7.562161631225652,0,0,3,5,3,759,6.633318433280377,1,0,0,4,3,9,0,0.0,0,1,0,0,0,0,1923,7.562161631225652,0,0,3,5,3,801,6.687108607866515,1,0,0,1,3,1,417,6.035481432524756,1,0,0,2,4,7,3,3,349.0
5,1726,7.454141078146678,1,1,1,4,6,17,6,5,2,1726,7.454141078146678,1,1,1,4,6,283,5.648974238161206,1,0,1,3,3,3,0,0.0,0,1,0,0,0,0,1726,7.454141078146678,1,1,1,4,6,1421,7.259819610363186,1,0,2,1,0,1,255,5.545177444479562,1,0,0,0,3,5,1,3,26.0
5,1457,7.284820912568604,0,2,2,1,7,0,11,4,4,1457,7.284820912568604,0,2,2,1,7,123,4.820281565605037,1,0,0,3,4,3,0,0.0,0,1,0,0,0,0,1457,7.284820912568604,0,2,2,1,7,1357,7.213768308118642,1,0,1,2,6,7,68,4.23410650459726,1,1,2,3,5,8,1,3,29.0
6,903,6.806829360392176,0,0,3,0,3,3,3,5,5,903,6.806829360392176,0,0,3,0,3,789,6.672032945461067,1,0,0,4,5,9,0,0.0,0,1,0,0,0,0,903,6.806829360392176,0,0,3,0,3,253,5.537334267018537,1,0,1,3,1,3,124,4.8283137373023015,1,1,1,4,5,4,1,3,397.0
0,1675,7.424165281042028,0,1,0,2,5,4,11,1,2,1675,7.424165281042028,0,1,0,2,5,15,2.772588722239781,1,0,0,0,1,5,0,0.0,0,1,0,0,0,0,1675,7.424165281042028,0,1,0,2,5,1555,7.349873704738337,1,0,1,0,1,5,0,0.0,0,1,0,0,0,0,5,3,45.0
1,629,6.4457198193855785,0,2,4,6,9,17,14,4,2,629,6.4457198193855785,0,2,4,6,9,519,6.253828811575473,1,0,0,4,1,9,0,0.0,0,1,0,0,0,0,629,6.4457198193855785,0,2,4,6,9,169,5.135798437050262,1,0,1,4,1,9,203,5.318119993844216,1,0,2,3,0,3,1,3,191.0
5,1036,6.9440872082295275,1,1,1,0,6,12,4,8,2,1036,6.9440872082295275,1,1,1,0,6,315,5.755742213586912,1,0,0,0,0,5,0,0.0,0,1,0,0,0,0,1036,6.9440872082295275,1,1,1,0,6,568,6.343880434126331,1,1,1,3,1,8,201,5.308267697401205,1,0,0,1,5,1,1,3,127.0
3,499,6.214608098422191,0,1,4,2,9,7,13,10,3,499,6.214608098422191,0,1,4,2,9,37,3.6375861597263857,1,0,1,2,2,7,0,0.0,0,1,0,0,0,0,499,6.214608098422191,0,1,4,2,9,405,6.0063531596017325,1,0,0,0,6,5,16,2.833213344056216,1,1,1,1,2,6,1,3,33.0
7,1820,7.507141079727608,1,2,0,0,0,16,4,6,5,1820,7.507141079727608,1,2,0,0,0,1620,7.390798521735676,1,1,0,0,3,0,0,0.0,0,1,0,0,0,0,1820,7.507141079727608,1,2,0,0,0,398,5.988961416889864,1,1,2,3,6,8,840,6.734591659972948,1,1,0,0,0,0,2,3,454.0
5,638,6.459904454377535,1,2,3,1,8,4,6,1,1,589,6.380122536899765,0,1,4,1,9,0,0.0,0,1,0,0,0,0,0,0.0,0,1,0,0,0,0,638,6.459904454377535,1,2,3,1,8,431,6.068425588244111,1,0,2,1,4,1,55,4.02535169073515,1,0,1,0,6,5,1,1,16.0
0,1575,7.362645270417825,0,0,0,0,5,7,11,6,2,1575,7.362645270417825,0,0,0,0,5,734,6.5998704992128365,1,1,2,4,6,4,0,0.0,0,1,0,0,0,0,1575,7.362645270417825,0,0,0,0,5,949,6.856461984594587,1,0,1,4,4,9,488,6.192362489474872,1,1,2,3,5,8,1,3,128.0
6,535,6.284134161070802,0,1,0,3,5,11,17,11,4,454,6.12029741895095,1,1,4,6,4,0,0.0,0,1,0,0,0,0,0,0.0,0,1,0,0,0,0,535,6.284134161070802,0,1,0,3,5,198,5.293304824724492,1,1,0,3,2,8,59,4.0943445622221,1,0,2,4,3,9,1,1,46.0
3,349,5.857933154483459,0,1,4,6,9,1,11,9,5,349,5.857933154483459,0,1,4,6,9,15,2.772588722239781,1,0,0,0,1,5,0,0.0,0,1,0,0,0,0,349,5.857933154483459,0,1,4,6,9,275,5.62040086571715,1,0,2,0,2,5,19,2.995732273553991,1,0,1,4,5,9,1,3,17.0
0,1460,7.2868764117507,1,2,0,4,0,12,4,8,4,1460,7.2868764117507,1,2,0,4,0,813,6.70196036600254,1,0,0,3,1,3,0,0.0,0,1,0,0,0,0,1460,7.2868764117507,1,2,0,4,0,320,5.771441123130016,1,1,2,0,5,0,75,4.330733340286331,1,0,0,0,5,5,1,3,601.0
4,1778,7.483806687665835,1,2,3,0,8,0,13,15,1,1778,7.483806687665835,1,2,3,0,8,1543,7.342131730584722,1,0,1,3,3,3,0,0.0,0,1,0,0,0,0,1778,7.483806687665835,1,2,3,0,8,441,6.091309882077698,1,0,0,1,0,1,777,6.656726524178391,1,0,0,2,0,7,1,3,442.0
5,411,6.021023349349527,0,0,1,5,1,7,8,8,4,411,6.021023349349527,0,0,1,5,1,322,5.777652323222656,1,1,1,2,0,2,0,0.0,0,1,0,0,0,0,411,6.021023349349527,0,0,1,5,1,88,4.48863636973214,1,1,1,3,4,8,249,5.521460917862246,1,0,0,4,4,9,1,3,49.0
3,847,6.742880635791903,0,1,2,0,7,4,12,13,4,847,6.742880635791903,0,1,2,0,7,24,3.2188758248682006,1,1,0,4,3,4,0,0.0,0,1,0,0,0,0,847,6.742880635791903,0,1,2,0,7,812,6.70073110954781,1,1,2,2,0,2,10,2.3978952727983707,1,1,1,0,3,0,1,3,13.0
5,1730,7.456454555176209,1,2,0,1,0,9,4,9,3,1730,7.456454555176209,1,2,0,1,0,1705,7.441906728051625,1,0,1,0,4,5,0,0.0,0,1,0,0,0,0,1730,7.456454555176209,1,2,0,1,0,98,4.59511985013459,1,1,2,3,0,8,1034,6.942156705699469,1,1,2,4,5,4,1,3,423.0
8,1298,7.1693500166706,1,2,3,3,8,13,1,10,1,1298,7.1693500166706,1,2,3,3,8,13,2.6390573296152584,1,0,1,3,6,3,0,0.0,0,1,0,0,0,0,1298,7.1693500166706,1,2,3,3,8,1284,7.158513997329321,1,1,0,4,3,4,3,1.3862943611198906,1,0,0,3,3,3,1,4,7.0
7,1873,7.535830462798367,0,1,3,4,3,9,16,9,5,1295,7.16703787691222,0,2,0,0,5,0,0.0,0,1,0,0,0,0,0,0.0,0,1,0,0,0,0,1873,7.535830462798367,0,1,3,4,3,880,6.78105762593618,1,1,1,0,5,0,5,1.791759469228055,1,0,2,0,5,5,1,3,135.0
3,1655,7.412160334945205,0,2,0,3,5,13,4,12,4,1655,7.412160334945205,0,2,0,3,5,639,6.461468176353717,1,0,0,4,2,9,0,0.0,0,1,0,0,0,0,1655,7.412160334945205,0,2,0,3,5,964,6.872128101338986,1,1,1,4,5,4,119,4.787491742782046,1,0,2,4,0,9,1,3,364.0
5,770,6.647688373563329,1,2,0,0,0,5,2,10,2,770,6.647688373563329,1,2,0,0,0,239,5.480638923341991,1,0,2,4,1,9,0,0.0,0,1,0,0,0,0,770,6.647688373563329,1,2,0,0,0,117,4.770684624465665,1,0,0,2,5,7,212,5.3612921657094255,1,1,2,2,2,2,1,3,156.0
3,468,6.150602768446279,1,0,3,6,8,1,13,10,1,434,6.075346031088684,1,2,4,0,4,0,0.0,0,1,0,0,0,0,0,0.0,0,1,0,0,0,0,468,6.150602768446279,1,0,3,6,8,314,5.752572638825633,1,1,2,4,6,4,36,3.6109179126442243,1,1,0,1,1,6,2,3,16.0
5,999,6.907755278982137,0,0,4,5,9,13,2,10,3,999,6.907755278982137,0,0,4,5,9,154,5.043425116919247,1,1,1,4,0,4,0,0.0,0,1,0,0,0,0,999,6.907755278982137,0,0,4,5,9,785,6.666956792429207,1,0,2,0,1,5,136,4.919980925828125,1,1,1,1,3,6,1,3,32.0
0,422,6.0473721790462776,1,2,2,2,2,10,7,16,5,422,6.0473721790462776,1,2,2,2,2,227,5.429345628954441,1,0,2,2,3,7,0,0.0,0,1,0,0,0,0,422,6.0473721790462776,1,2,2,2,2,143,4.969813299576001,1,0,2,3,3,3,235,5.4638318050256105,1,0,1,0,4,5,1,3,12.0
0,1586,7.369600720526409,1,2,1,4,6,4,0,15,5,1586,7.369600720526409,1,2,1,4,6,1586,7.369600720526409,1,1,2,1,4,6,367,5.908082938168931,1,0,1,2,3,7,1586,7.369600720526409,1,2,1,4,6,450,6.111467339502679,1,1,0,0,2,0,214,5.3706380281276624,1,1,1,4,4,4,1,6,887.0
7,389,5.966146739123692,0,2,4,4,9,14,9,14,0,389,5.966146739123692,0,2,4,4,9,151,5.0238805208462765,1,0,1,1,4,1,0,0.0,0,1,0,0,0,0,389,5.966146739123692,0,2,4,4,9,235,5.4638318050256105,1,0,1,0,4,5,139,4.941642422609304,1,0,1,4,6,9,1,3,9.0
6,882,6.78332520060396,1,0,2,0,2,5,10,14,3,882,6.78332520060396,1,0,2,0,2,146,4.990432586778736,1,1,2,1,6,6,0,0.0,0,1,0,0,0,0,882,6.78332520060396,1,0,2,0,2,619,6.429719478039138,1,0,1,4,3,9,179,5.19295685089021,1,0,2,4,4,9,1,3,17.0
4,453,6.118097198041348,0,0,3,5,3,0,11,1,2,453,6.118097198041348,0,0,3,5,3,340,5.831882477283517,1,1,1,0,4,0,0,0.0,0,1,0,0,0,0,453,6.118097198041348,0,0,3,5,3,102,4.634728988229636,1,1,0,2,4,2,239,5.480638923341991,1,0,2,4,1,9,1,3,71.0
1,1037,6.945051063725834,0,2,2,1,7,10,3,8,3,1037,6.945051063725834,0,2,2,1,7,1022,6.930494765951626,1,1,2,2,0,2,0,0.0,0,1,0,0,0,0,1037,6.945051063725834,0,2,2,1,7,7,2.0794415416798357,1,0,1,2,0,7,1017,6.925595197110468,1,0,0,2,2,7,1,4,6.0
5,1239,7.122866658599083,0,0,4,0,9,6,1,13,4,1239,7.122866658599083,0,0,4,0,9,406,6.008813185442595,1,1,1,1,0,6,0,0.0,0,1,0,0,0,0,1239,7.122866658599083,0,0,4,0,9,826,6.717804695023691,1,1,1,1,0,6,102,4.634728988229636,1,1,0,2,4,2,1,3,205.0
6,1166,7.062191632286556,1,2,1,4,6,15,14,12,0,1166,7.062191632286556,1,2,1,4,6,356,5.877735781779639,1,1,2,1,6,6,0,0.0,0,1,0,0,0,0,1166,7.062191632286556,1,2,1,4,6,610,6.415096959171596,1,1,1,0,1,0,405,6.0063531596017325,1,0,0,0,6,5,1,3,34.0
2,1469,7.293017679772782,0,2,4,6,9,0,10,17,2,1469,7.293017679772782,0,2,4,6,9,643,6.467698726104354,1,0,1,3,6,3,0,0.0,0,1,0,0,0,0,1469,7.293017679772782,0,2,4,6,9,860,6.7580945044277305,1,1,2,0,6,0,398,5.988961416889864,1,1,2,3,6,8,1,3,152.0
2,1413,7.254177846456518,0,0,3,6,3,9,2,11,4,1413,7.254177846456518,0,0,3,6,3,627,6.4425401664681985,1,0,0,2,4,7,0,0.0,0,1,0,0,0,0,1413,7.254177846456518,0,0,3,6,3,760,6.634633357861686,1,1,1,0,4,0,619,6.429719478039138,1,0,1,4,3,9,1,3,14.0
2,1707,7.443078374348516,0,0,2,6,7,11,11,16,1,1707,7.443078374348516,0,0,2,6,7,473,6.161207321695077,1,0,2,3,4,3,0,0.0,0,1,0,0,0,0,1707,7.443078374348516,0,0,2,6,7,1029,6.937314081223682,1,0,0,4,0,9,121,4.804021044733257,1,0,1,1,2,1,1,3,303.0
3,1991,7.596894438144544,0,2,1,3,1,11,0,11,1,1991,7.596894438144544,0,2,1,3,1,1134,7.034387929915503,1,1,0,4,0,4,0,0.0,0,1,0,0,0,0,1991,7.596894438144544,0,2,1,3,1,856,6.75343791859778,1,1,1,1,2,6,1121,7.022868086082641,1,0,2,1,1,1,1,3,9.0
6,809,6.697034247666484,0,2,4,4,9,11,11,4,4,789,6.672032945461067,0,0,4,5,9,0,0.0,0,1,0,0,0,0,0,0.0,0,1,0,0,0,0,809,6.697034247666484,0,2,4,4,9,740,6.608000625296087,1,1,2,0,5,0,20,3.044522437723423,1,1,2,0,6,0,1,2,3.0
3,1221,7.108244139731541,0,0,1,3,1,10,0,0,0,1221,7.108244139731541,0,0,1,3,1,141,4.955827057601261,1,0,0,1,1,1,0,0.0,0,1,0,0,0,0,1221,7.108244139731541,0,0,1,3,1,421,6.045005314036012,1,0,1,1,1,1,349,5.857933154483459,1,0,1,4,6,9,1,3,81.0
4,1698,7.4377951216719325,1,0,3,4,8,4,9,1,5,1698,7.4377951216719325,1,0,3,4,8,1113,7.01571242048723,1,0,0,3,0,3,0,0.0,0,1,0,0,0,0,1698,7.4377951216719325,1,0,3,4,8,294,5.68697535633982,1,1,0,4,0,4,867,6.7661917146603505,1,0,0,2,6,7,3,3,261.0
1,924,6.829793737512425,1,0,4,0,4,5,4,9,1,924,6.829793737512425,1,0,4,0,4,467,6.148468295917647,1,0,2,2,5,7,0,0.0,0,1,0,0,0,0,924,6.829793737512425,1,0,4,0,4,537,6.2878585601617845,1,0,0,2,5,7,229,5.438079308923196,1,0,1,4,5,9,1,3,132.0
1,1689,7.432483807917119,0,0,4,2,9,13,2,10,0,1689,7.432483807917119,0,0,4,2,9,365,5.902633333401366,1,0,2,0,1,5,0,0.0,0,1,0,0,0,0,1689,7.432483807917119,0,0,4,2,9,268,5.594711379601839,1,1,1,3,2,8,827,6.71901315438526,1,0,2,2,1,7,1,3,44.0
0,524,6.263398262591624,1,2,4,6,4,5,7,8,3,441,6.091309882077698,0,0,1,0,1,0,0.0,0,1,0,0,0,0,0,0.0,0,1,0,0,0,0,524,6.263398262591624,1,2,4,6,4,142,4.962844630259907,1,1,1,2,2,2,130,4.875197323201151,1,1,1,0,4,0,1,1,13.0
8,676,6.517671272912275,1,1,1,4,6,0,8,7,1,676,6.517671272912275,1,1,1,4,6,676,6.517671272912275,1,1,1,1,4,6,30,3.4339872044851463,1,1,0,0,2,0,676,6.517671272912275,1,1,1,4,6,60,4.110873864173311,1,1,0,0,4,0,493,6.202535517187923,1,0,1,3,3,3,1,7,112.0
3,1565,7.356279876550748,0,2,0,4,5,3,6,6,0,1565,7.356279876550748,0,2,0,4,5,733,6.598509028614515,1,0,1,3,5,3,0,0.0,0,1,0,0,0,0,1565,7.356279876550748,0,2,0,4,5,186,5.231108616854587,1,1,0,1,4,6,378,5.937536205082426,1,1,0,3,0,8,1,3,452.0
3,734,6.5998704992128365,1,2,4,6,4,1,9,14,1,734,6.5998704992128365,1,2,4,6,4,557,6.324358962381311,1,0,2,2,4,7,0,0.0,0,1,0,0,0,0,734,6.5998704992128365,1,2,4,6,4,323,5.780743515792329,1,0,2,3,1,3,253,5.537334267018537,1,0,1,3,1,3,1,3,154.0
0,686,6.532334292222349,1,2,1,0,6,9,13,10,4,668,6.505784060128229,1,2,3,3,8,0,0.0,0,1,0,0,0,0,0,0.0,0,1,0,0,0,0,686,6.532334292222349,1,2,1,0,6,432,6.07073772800249,1,1,0,2,5,2,118,4.77912349311153,1,1,1,3,6,8,2,1,0.0
0,413,6.025865973825314,0,2,3,0,3,16,0,11,4,413,6.025865973825314,0,2,3,0,3,243,5.497168225293202,1,0,0,3,5,3,0,0.0,0,1,0,0,0,0,413,6.025865973825314,0,2,3,0,3,172,5.153291594497779,1,1,1,2,4,2,32,3.4965075614664802,1,1,2,2,4,2,1,3,140.0
4,1726,7.454141078146678,1,1,1,4,6,11,7,7,3,1726,7.454141078146678,1,1,1,4,6,236,5.4680601411351315,1,1,2,1,5,6,0,0.0,0,1,0,0,0,0,1726,7.454141078146678,1,1,1,4,6,1498,7.312553498102598,1,1,1,3,0,8,148,5.003946305945459,1,1,1,3,1,8,2,3,56.0
5,1016,6.92461239604856,1,2,1,1,6,12,9,5,5,1016,6.92461239604856,1,2,1,1,6,52,3.970291913552122,1,1,1,2,3,2,0,0.0,0,1,0,0,0,0,1016,6.92461239604856,1,2,1,1,6,863,6.761572768804055,1,0,2,3,2,3,17,2.8903717578961645,1,0,2,2,3,7,1,3,57.0
0,1226,7.112327444710911,1,2,1,1,6,14,0,1,3,1226,7.112327444710911,1,2,1,1,6,436,6.07993319509559,1,1,1,1,2,6,0,0.0,0,1,0,0,0,0,1226,7.112327444710911,1,2,1,1,6,942,6.849066282633458,1,1,0,2,4,2,3,1.3862943611198906,1,0,0,3,3,3,1,4,238.0
1,413,6.025865973825314,0,2,3,0,3,9,9,6,0,327,5.793013608384144,0,0,2,5,7,0,0.0,0,1,0,0,0,0,0,0.0,0,1,0,0,0,0,413,6.025865973825314,0,2,3,0,3,105,4.663439094112067,1,0,0,0,0,5,69,4.248495242049359,1,0,0,4,6,9,1,1,28.0
2,1061,6.967909201801884,0,2,1,4,1,15,2,14,2,1061,6.967909201801884,0,2,1,4,1,231,5.44673737166631,1,0,0,1,0,1,0,0.0,0,1,0,0,0,0,1061,6.967909201801884,0,2,1,4,1,785,6.666956792429207,1,0,2,0,1,5,129,4.867534450455582,1,0,0,4,3,9,1,3,83.0
6,1101,7.004881989712859,0,0,1,2,1,2,10,16,2,978,6.88653164253051,1,0,3,5,8,0,0.0,0,1,0,0,0,0,0,0.0,0,1,0,0,0,0,1101,7.004881989712859,0,0,1,2,1,792,6.675823221634848,1,1,0,2,1,2,93,4.543294782270004,1,0,0,3,2,3,3,1,0.0
0,320,5.771441123130016,1,2,0,5,0,10,16,10,5,320,5.771441123130016,1,2,0,5,0,275,5.62040086571715,1,0,2,0,2,5,0,0.0,0,1,0,0,0,0,320,5.771441123130016,1,2,0,5,0,101,4.624972813284271,1,0,2,1,3,1,118,4.77912349311153,1,1,1,3,6,8,1,3,86.0
7,1294,7.166265974133638,1,1,4,6,4,1,2,8,3,1294,7.166265974133638,1,1,4,6,4,782,6.663132695990803,1,1,2,2,5,2,0,0.0,0,1,0,0,0,0,1294,7.166265974133638,1,1,4,6,4,519,6.253828811575473,1,0,0,4,1,9,714,6.5722825426940075,1,1,0,4,0,4,1,3,43.0
7,753,6.625392368007956,0,0,3,4,3,0,14,15,2,753,6.625392368007956,0,0,3,4,3,181,5.204006687076795,1,0,1,1,6,1,0,0.0,0,1,0,0,0,0,753,6.625392368007956,0,0,3,4,3,254,5.541263545158426,1,1,2,4,2,4,337,5.823045895483019,1,0,1,2,1,7,1,3,2.0
4,893,6.795705775173514,0,2,3,4,3,3,8,11,3,893,6.795705775173514,0,2,3,4,3,128,4.859812404361672,1,1,2,3,2,8,0,0.0,0,1,0,0,0,0,893,6.795705775173514,0,2,3,4,3,246,5.5093883366279774,1,1,0,1,1,6,344,5.84354441703136,1,1,2,4,1,4,1,3,29.0
4,853,6.74993119378857,0,1,3,6,3,12,13,12,3,853,6.74993119378857,0,1,3,6,3,52,3.970291913552122,1,1,1,2,3,2,0,0.0,0,1,0,0,0,0,853,6.74993119378857,0,1,3,6,3,800,6.68586094706836,1,1,2,0,2,0,51,3.9512437185814275,1,0,0,1,2,1,1,3,1.0
5,1392,7.239214973779806,1,0,2,6,2,15,6,15,5,1392,7.239214973779806,1,0,2,6,2,985,6.893656354602635,1,0,1,0,5,5,0,0.0,0,1,0,0,0,0,1392,7.239214973779806,1,0,2,6,2,768,6.645090969505644,1,1,0,3,5,8,95,4.564348191467836,1,0,2,0,4,5,1,3,473.0
8,493,6.202535517187923,0,1,3,3,3,12,1,2,5,493,6.202535517187923,0,1,3,3,3,271,5.605802066295998,1,0,1,1,5,1,0,0.0,0,1,0,0,0,0,493,6.202535517187923,0,1,3,3,3,288,5.666426688112432,1,1,0,3,1,8,37,3.6375861597263857,1,0,1,2,2,7,1,3,134.0
2,795,6.679599185844383,0,0,0,4,5,7,0,3,1,644,6.4692503167957724,1,2,4,0,4,0,0.0,0,1,0,0,0,0,0,0.0,0,1,0,0,0,0,795,6.679599185844383,0,0,0,4,5,141,4.955827057601261,1,0,0,1,1,1,148,5.003946305945459,1,1,1,3,1,8,1,1,69.0
2,1112,7.014814351275545,1,2,2,6,2,15,12,4,1,1112,7.014814351275545,1,2,2,6,2,556,6.322565239927284,1,1,1,1,3,6,0,0.0,0,1,0,0,0,0,1112,7.014814351275545,1,2,2,6,2,549,6.309918278226516,1,0,0,4,3,9,423,6.049733455231958,1,0,0,3,3,3,1,6,91.0
8,388,5.963579343618446,1,1,3,3,8,8,6,3,3,388,5.963579343618446,1,1,3,3,8,38,3.6635616461296463,1,1,2,3,3,8,0,0.0,0,1,0,0,0,0,388,5.963579343618446,1,1,3,3,8,334,5.814130531825066,1,1,1,4,5,4,40,3.713572066704308,1,1,1,0,5,0,2,3,4.0
6,1302,7.172424577124845,1,0,2,0,2,13,5,0,5,1302,7.172424577124845,1,0,2,0,2,1302,7.172424577124845,1,1,0,2,0,2,101,4.624972813284271,1,0,2,1,3,1,1302,7.172424577124845,1,0,2,0,2,307,5.730099782973574,1,0,1,2,6,7,158,5.0689042022202315,1,1,2,3,4,8,1,6,694.0
8,1862,7.529943370601589,1,2,2,0,2,1,8,14,3,1862,7.529943370601589,1,2,2,0,2,1352,7.210079628170788,1,1,2,2,1,2,0,0.0,0,1,0,0,0,0,1862,7.529943370601589,1,2,2,0,2,157,5.062595033026967,1,0,1,2,3,7,1044,6.951772164398911,1,1,0,4,1,4,1,3,323.0
8,1946,7.5740450053721995,1,2,1,0,6,17,5,0,0,1946,7.5740450053721995,1,2,1,0,6,144,4.976733742420574,1,1,0,4,4,4,0,0.0,0,1,0,0,0,0,1946,7.5740450053721995,1,2,1,0,6,1750,7.467942332285852,1,1,1,0,0,0,83,4.430816798843313,1,0,2,3,6,3,1,3,58.0
7,665,6.501289670540389,0,2,0,0,5,4,5,14,1,665,6.501289670540389,0,2,0,0,5,67,4.219507705176107,1,0,1,2,4,7,0,0.0,0,1,0,0,0,0,665,6.501289670540389,0,2,0,0,5,617,6.42648845745769,1,0,2,2,1,7,23,3.1780538303479458,1,0,2,3,2,3,1,3,23.0
2,1965,7.583756300707112,0,0,0,5,5,0,16,13,0,1965,7.583756300707112,0,0,0,5,5,25,3.258096538021482,1,0,1,0,4,5,0,0.0,0,1,0,0,0,0,1965,7.583756300707112,0,0,0,5,5,928,6.834108738813838,1,1,1,3,4,8,522,6.259581464064923,1,1,0,2,4,2,1,3,6.0
5,586,6.375024819828097,1,1,1,5,6,0,6,15,3,586,6.375024819828097,1,1,1,5,6,280,5.638354669333745,1,1,1,0,0,0,0,0.0,0,1,0,0,0,0,586,6.375024819828097,1,1,1,5,6,304,5.720311776607412,1,1,1,4,3,4,278,5.631211781821365,1,1,2,3,5,8,2,3,2.0
8,798,6.683360945766275,1,0,3,0,8,5,4,5,4,798,6.683360945766275,1,0,3,0,8,461,6.135564891081739,1,0,2,1,6,1,0,0.0,0,1,0,0,0,0,798,6.683360945766275,1,0,3,0,8,272,5.60947179518496,1,1,2,2,6,2,477,6.169610732491456,1,0,0,2,1,7,1,3,11.0
3,766,6.642486801367256,1,1,1,3,6,12,16,10,0,766,6.642486801367256,1,1,1,3,6,498,6.212606095751519,1,1,0,3,1,8,0,0.0,0,1,0,0,0,0,766,6.642486801367256,1,1,1,3,6,235,5.4638318050256105,1,0,1,0,4,5,495,6.206575926724928,1,0,0,0,5,5,1,3,13.0
2,1473,7.295735072749282,0,0,3,3,3,5,3,4,1,1473,7.295735072749282,0,0,3,3,3,1427,7.2640301428995295,1,0,2,2,6,7,0,0.0,0,1,0,0,0,0,1473,7.295735072749282,0,0,3,3,3,673,6.513230110912307,1,0,1,3,1,3,167,5.123963979403259,1,0,2,2,6,7,1,3,631.0
3,1124,7.025538314638521,1,2,4,4,4,15,4,12,1,862,6.760414691083428,1,1,2,1,2,0,0.0,0,1,0,0,0,0,0,0.0,0,1,0,0,0,0,1124,7.025538314638521,1,2,4,4,4,559,6.327936783729195,1,0,1,4,6,9,138,4.9344739331306915,1,1,0,3,5,8,1,1,9.0
6,1017,6.925595197110468,0,0,2,2,7,13,16,6,2,1017,6.925595197110468,0,0,2,2,7,125,4.836281906951478,1,0,2,0,6,5,0,0.0,0,1,0,0,0,0,1017,6.925595197110468,0,0,2,2,7,909,6.813444599510896,1,0,0,4,6,9,85,4.454347296253507,1,0,1,0,1,5,1,3,21.0
8,1933,7.56734567601324,0,1,3,1,3,6,14,11,0,1933,7.56734567601324,0,1,3,1,3,1933,7.56734567601324,1,0,1,3,1,3,1714,7.44716835960004,1,1,1,4,6,4,1933,7.56734567601324,0,1,3,1,3,39,3.6888794541139363,1,0,0,4,4,9,123,4.820281565605037,1,0,0,3,4,3,1,6,1765.0
6,1016,6.92461239604856,1,2,1,1,6,5,5,14,3,1016,6.92461239604856,1,2,1,1,6,508,6.2324480165505225,1,1,1,3,4,8,0,0.0,0,1,0,0,0,0,1016,6.92461239604856,1,2,1,1,6,413,6.025865973825314,1,0,2,3,0,3,518,6.251903883165888,1,1,2,3,0,8,1,6,25.0
0,871,6.77078942390898,0,1,1,3,1,6,1,14,2,871,6.77078942390898,0,1,1,3,1,658,6.490723534502507,1,1,1,3,0,8,0,0.0,0,1,0,0,0,0,871,6.77078942390898,0,1,1,3,1,37,3.6375861597263857,1,0,1,2,2,7,557,6.324358962381311,1,0,2,2,4,7,1,3,126.0
6,1514,7.323170717943469,1,2,4,2,4,3,1,12,1,1514,7.323170717943469,1,2,4,2,4,1334,7.19668657083435,1,1,2,4,4,4,0,0.0,0,1,0,0,0,0,1514,7.323170717943469,1,2,4,2,4,165,5.111987788356544,1,0,0,0,4,5,1334,7.19668657083435,1,1,2,4,4,4,1,4,5.0
3,1384,7.233455418621439,1,1,4,5,4,12,15,16,0,1384,7.233455418621439,1,1,4,5,4,572,6.35088571671474,1,1,2,2,5,2,0,0.0,0,1,0,0,0,0,1384,7.233455418621439,1,1,4,5,4,799,6.684611727667927,1,0,1,4,1,9,358,5.883322388488279,1,1,1,3,1,8,1,3,147.0
1,565,6.338594078203183,0,1,0,5,5,9,14,6,0,565,6.338594078203183,0,1,0,5,5,131,4.882801922586371,1,0,2,1,5,1,0,0.0,0,1,0,0,0,0,565,6.338594078203183,0,1,0,5,5,208,5.342334251964811,1,1,1,3,5,8,130,4.875197323201151,1,1,1,0,4,0,1,3,76.0
3,1189,7.081708586105575,0,1,4,6,9,1,2,14,2,1189,7.081708586105575,0,1,4,6,9,28,3.367295829986474,1,1,1,3,0,8,0,0.0,0,1,0,0,0,0,1189,7.081708586105575,0,1,4,6,9,1153,7.050989447068045,1,0,1,3,5,3,14,2.70805020110221,1,1,2,4,0,4,1,4,12.0
1,969,6.877296071497429,0,0,4,3,9,16,1,5,0,969,6.877296071497429,0,0,4,3,9,401,5.996452088619021,1,0,2,1,2,1,0,0.0,0,1,0,0,0,0,969,6.877296071497429,0,0,4,3,9,580,6.364750756851911,1,1,1,0,6,0,308,5.733341276897746,1,1,2,3,0,8,1,3,58.0
6,1930,7.565793282428515,1,1,0,5,0,14,12,7,4,1930,7.565793282428515,1,1,0,5,0,623,6.436150368369428,1,0,2,3,0,3,0,0.0,0,1,0,0,0,0,1930,7.565793282428515,1,1,0,5,0,1551,7.347299700743164,1,0,0,1,4,1,36,3.6109179126442243,1,1,0,1,1,6,1,3,310.0
4,1107,7.010311867307229,0,0,2,1,7,11,0,7,3,1107,7.010311867307229,0,0,2,1,7,295,5.69035945432406,1,0,1,0,1,5,0,0.0,0,1,0,0,0,0,1107,7.010311867307229,0,0,2,1,7,826,6.717804695023691,1,1,1,1,0,6,246,5.5093883366279774,1,1,0,1,1,6,1,3,28.0
1,444,6.09807428216624,1,0,4,3,4,7,8,12,1,444,6.09807428216624,1,0,4,3,4,209,5.3471075307174685,1,0,2,4,6,9,0,0.0,0,1,0,0,0,0,444,6.09807428216624,1,0,4,3,4,214,5.3706380281276624,1,1,1,4,4,4,53,3.9889840465642745,1,0,2,3,4,3,1,3,111.0
8,1409,7.251344983372214,0,2,4,2,9,3,12,1,5,1409,7.251344983372214,0,2,4,2,9,204,5.3230099791384085,1,1,0,4,1,4,0,0.0,0,1,0,0,0,0,1409,7.251344983372214,0,2,4,2,9,1214,7.102499355774649,1,1,2,4,3,4,186,5.231108616854587,1,1,0,1,4,6,1,3,9.0
2,473,6.161207321695077,0,2,3,4,3,15,6,11,4,473,6.161207321695077,0,2,3,4,3,60,4.110873864173311,1,1,0,0,4,0,0,0.0,0,1,0,0,0,0,473,6.161207321695077,0,2,3,4,3,431,6.068425588244111,1,0,2,1,4,1,18,2.9444389791664403,1,1,0,3,4,8,1,3,22.0
8,1922,7.56164174558878,1,2,2,4,2,12,17,9,5,1582,7.367077059881012,1,1,2,0,2,0,0.0,0,1,0,0,0,0,0,0.0,0,1,0,0,0,0,1922,7.56164174558878,1,2,2,4,2,621,6.432940092739179,1,0,0,1,5,1,362,5.8944028342648505,1,1,2,2,5,2,1,1,79.0
1,745,6.61472560020376,0,1,0,3,5,8,4,0,1,745,6.61472560020376,0,1,0,3,5,586,6.375024819828097,1,1,1,1,5,6,0,0.0,0,1,0,0,0,0,745,6.61472560020376,0,1,0,3,5,59,4.0943445622221,1,0,2,4,3,9,618,6.428105272684596,1,1,0,3,2,8,1,3,12.0
0,743,6.612041034833092,0,2,3,1,3,3,16,4,4,645,6.470799503782602,0,0,0,1,5,0,0.0,0,1,0,0,0,0,0,0.0,0,1,0,0,0,0,743,6.612041034833092,0,2,3,1,3,580,6.364750756851911,1,1,1,0,6,0,13,2.6390573296152584,1,0,1,3,6,3,1,1,13.0
8,1508,7.319202458767849,1,2,3,3,8,5,4,1,2,1508,7.319202458767849,1,2,3,3,8,209,5.3471075307174685,1,0,2,4,6,9,0,0.0,0,1,0,0,0,0,1508,7.319202458767849,1,2,3,3,8,1063,6.96979066990159,1,0,1,3,6,3,321,5.7745515455444085,1,0,0,1,6,1,1,3,4.0
2,1608,7.3833681469923835,1,0,3,5,8,10,13,8,3,1608,7.3833681469923835,1,0,3,5,8,1350,7.208600337960199,1,1,0,0,6,0,0,0.0,0,1,0,0,0,0,1608,7.3833681469923835,1,0,3,5,8,382,5.948034989180646,1,1,1,2,4,2,484,6.184148890937483,1,1,1,4,1,4,2,3,536.0
5,1235,7.119635638017636,0,2,0,3,5,11,11,1,0,1235,7.119635638017636,0,2,0,3,5,620,6.431331081933479,1,1,2,0,4,0,0,0.0,0,1,0,0,0,0,1235,7.119635638017636,0,2,0,3,5,217,5.384495062789089,1,0,1,2,0,7,174,5.1647859739235145,1,1,0,4,6,4,1,3,430.0
8,404,6.003887067106539,1,2,4,5,4,9,1,1,1,404,6.003887067106539,1,2,4,5,4,41,3.7376696182833684,1,0,2,1,6,1,0,0.0,0,1,0,0,0,0,404,6.003887067106539,1,2,4,5,4,321,5.7745515455444085,1,0,0,1,6,1,20,3.044522437723423,1,1,2,0,6,0,1,3,28.0
6,1433,7.2682230211595655,0,2,3,5,3,13,5,0,1,1433,7.2682230211595655,0,2,3,5,3,309,5.736572297479192,1,0,0,4,1,9,0,0.0,0,1,0,0,0,0,1433,7.2682230211595655,0,2,3,5,3,1136,7.036148493750536,1,1,2,1,2,6,234,5.459585514144159,1,1,0,4,3,4,1,3,46.0
7,396,5.983936280687191,1,0,1,4,6,17,9,9,0,396,5.983936280687191,1,0,1,4,6,396,5.983936280687191,1,1,0,1,4,6,182,5.209486152841421,1,1,2,2,0,2,396,5.983936280687191,1,0,1,4,6,25,3.258096538021482,1,0,1,0,4,5,149,5.0106352940962555,1,0,2,4,2,9,1,6,217.0
6,1218,7.105786129481271,1,0,3,0,8,10,8,5,1,1218,7.105786129481271,1,0,3,0,8,1218,7.105786129481271,1,1,0,3,0,8,83,4.430816798843313,1,0,2,3,6,3,1218,7.105786129481271,1,0,3,0,8,124,4.8283137373023015,1,1,1,4,5,4,446,6.102558594613569,1,1,2,1,5,6,1,6,501.0
6,1591,7.3727463664043285,0,1,1,2,1,5,17,6,0,1591,7.3727463664043285,0,1,1,2,1,348,5.855071922202427,1,1,0,3,5,8,0,0.0,0,1,0,0,0,0,1591,7.3727463664043285,0,1,1,2,1,1155,7.052721049232323,1,0,0,0,0,5,68,4.23410650459726,1,1,2,3,5,8,1,3,216.0
0,1731,7.4570320891223805,0,0,1,2,1,0,10,7,3,1731,7.4570320891223805,0,0,1,2,1,1685,7.430114138561801,1,0,2,0,5,5,0,0.0,0,1,0,0,0,0,1731,7.4570320891223805,0,0,1,2,1,144,4.976733742420574,1,1,0,4,4,4,1276,7.152268856032539,1,1,1,1,2,6,1,3,240.0
4,1090,6.994849985833071,1,1,0,5,0,15,5,12,4,1090,6.994849985833071,1,1,0,5,0,246,5.5093883366279774,1,1,0,1,1,6,0,0.0,0,1,0,0,0,0,1090,6.994849985833071,1,1,0,5,0,585,6.373319789577012,1,0,0,0,4,5,368,5.910796644040527,1,1,2,3,4,8,1,3,5.0
6,1979,7.590852123688581,0,2,4,5,9,5,13,12,3,1979,7.590852123688581,0,2,4,5,9,131,4.882801922586371,1,0,2,1,5,1,0,0.0,0,1,0,0,0,0,1979,7.590852123688581,0,2,4,5,9,1815,7.504391559161238,1,0,0,0,2,5,98,4.59511985013459,1,1,2,3,0,8,1,3,33.0
5,1720,7.450660796211539,1,1,0,5,0,14,16,2,2,1720,7.450660796211539,1,1,0,5,0,190,5.25227342804663,1,1,1,0,1,0,0,0.0,0,1,0,0,0,0,1720,7.450660796211539,1,1,0,5,0,1491,7.307872780763706,1,0,0,1,0,1,166,5.117993812416755,1,1,1,1,5,6,1,3,29.0
1,1747,7.466227556215481,0,1,2,4,7,0,17,9,5,897,6.8001700683022,0,0,2,1,7,0,0.0,0,1,0,0,0,0,0,0.0,0,1,0,0,0,0,1747,7.466227556215481,0,1,2,4,7,295,5.69035945432406,1,0,1,0,1,5,112,4.727387818712341,1,1,1,2,0,2,1,1,126.0
7,1074,6.980075940561763,1,0,4,3,4,0,8,12,5,1074,6.980075940561763,1,0,4,3,4,57,4.060443010546419,1,0,0,2,1,7,0,0.0,0,1,0,0,0,0,1074,6.980075940561763,1,0,4,3,4,1008,6.9167150203536085,1,1,0,3,0,8,60,4.110873864173311,1,1,0,0,4,0,3,3,1.0
0,1330,7.193685818395112,1,1,0,0,0,0,6,15,3,1330,7.193685818395112,1,1,0,0,0,239,5.480638923341991,1,0,2,4,1,9,0,0.0,0,1,0,0,0,0,1330,7.193685818395112,1,1,0,0,0,1091,6.9957661563048505,1,0,2,1,6,1,155,5.049856007249537,1,0,2,0,1,5,1,3,56.0
4,1313,7.1808311990445555,0,2,3,4,3,9,1,9,4,1050,6.957497370876951,1,0,0,0,0,0,0.0,0,1,0,0,0,0,0,0.0,0,1,0,0,0,0,1313,7.1808311990445555,0,2,3,4,3,661,6.495265555937008,1,0,1,1,3,1,82,4.418840607796598,1,1,1,2,5,2,1,1,75.0
5,864,6.762729506931879,1,0,4,3,4,5,11,1,0,812,6.70073110954781,1,2,2,0,2,0,0.0,0,1,0,0,0,0,0,0.0,0,1,0,0,0,0,864,6.762729506931879,1,0,4,3,4,205,5.327876168789581,1,0,1,0,2,5,257,5.552959584921617,1,0,2,2,5,7,1,1,31.0
1,700,6.55250788703459,1,1,0,0,0,0,11,17,4,700,6.55250788703459,1,1,0,0,0,492,6.20050917404269,1,1,0,2,2,2,0,0.0,0,1,0,0,0,0,700,6.55250788703459,1,1,0,0,0,117,4.770684624465665,1,0,0,2,5,7,155,5.049856007249537,1,0,2,0,1,5,1,3,255.0
8,1177,7.071573364211532,0,1,2,1,7,1,17,6,0,1177,7.071573364211532,0,1,2,1,7,1177,7.071573364211532,1,0,1,2,1,7,280,5.638354669333745,1,1,1,0,0,0,1177,7.071573364211532,0,1,2,1,7,202,5.313205979041787,1,1,1,2,6,2,445,6.100318952020064,1,0,1,0,4,5,1,6,514.0
7,807,6.694562058521095,0,0,2,2,7,8,13,14,5,807,6.694562058521095,0,0,2,2,7,23,3.1780538303479458,1,0,2,3,2,3,0,0.0,0,1,0,0,0,0,807,6.694562058521095,0,0,2,2,7,728,6.591673732008658,1,1,2,3,0,8,27,3.332204510175204,1,0,0,2,6,7,1,3,16.0
6,1242,7.1252830915107115,1,0,2,3,2,16,16,3,5,1242,7.1252830915107115,1,0,2,3,2,809,6.697034247666484,1,0,2,4,4,9,0,0.0,0,1,0,0,0,0,1242,7.1252830915107115,1,0,2,3,2,472,6.159095388491933,1,1,1,2,3,2,701,6.553933404025811,1,0,2,1,1,1,1,3,59.0
0,445,6.100318952020064,0,1,0,4,5,7,12,12,0,445,6.100318952020064,0,1,0,4,5,41,3.7376696182833684,1,0,2,1,6,1,0,0.0,0,1,0,0,0,0,445,6.100318952020064,0,1,0,4,5,393,5.976350909297934,1,0,0,3,1,3,12,2.5649493574615367,1,1,0,2,5,2,1,3,23.0
0,1842,7.519149957669823,1,0,2,1,2,10,10,4,3,1842,7.519149957669823,1,0,2,1,2,183,5.214935757608986,1,0,0,3,1,3,0,0.0,0,1,0,0,0,0,1842,7.519149957669823,1,0,2,1,2,1416,7.256297239690681,1,1,0,1,2,6,285,5.655991810819852,1,0,0,0,5,5,3,3,13.0
5,1137,7.037027614686276,0,0,2,3,7,11,7,4,0,1135,7.035268599281097,0,1,0,1,5,0,0.0,0,1,0,0,0,0,0,0.0,0,1,0,0,0,0,1137,7.037027614686276,0,0,2,3,7,948,6.855408798609928,1,1,0,3,3,8,68,4.23410650459726,1,1,2,3,5,8,1,1,17.0
7,1821,7.507690077819904,0,0,1,1,1,7,8,16,2,1821,7.507690077819904,0,0,1,1,1,1821,7.507690077819904,1,0,0,1,1,1,971,6.879355804460439,1,0,2,1,5,1,1821,7.507690077819904,0,0,1,1,1,107,4.68213122712422,1,0,2,2,2,7,534,6.282266746896006,1,1,0,4,2,4,1,6,1146.0
4,1263,7.142036574706803,0,0,3,3,3,0,12,17,0,813,6.70196036600254,0,0,3,1,3,0,0.0,0,1,0,0,0,0,0,0.0,0,1,0,0,0,0,1263,7.142036574706803,0,0,3,3,3,25,3.258096538021482,1,0,1,0,4,5,130,4.875197323201151,1,1,1,0,4,0,1,1,176.0
0,1148,7.046647277848756,1,2,3,0,8,9,2,3,3,1148,7.046647277848756,1,2,3,0,8,531,6.2766434893416445,1,0,0,1,6,1,0,0.0,0,1,0,0,0,0,1148,7.046647277848756,1,2,3,0,8,257,5.552959584921617,1,0,2,2,5,7,306,5.726847747587197,1,1,0,1,5,6,1,3,270.0
0,1045,6.952728644624869,0,1,0,2,5,0,11,10,5,1045,6.952728644624869,0,1,0,2,5,469,6.152732694704104,1,0,1,4,0,9,0,0.0,0,1,0,0,0,0,1045,6.952728644624869,0,1,0,2,5,560,6.329720905522696,1,1,2,0,0,0,471,6.156978985585555,1,0,0,1,2,1,1,3,4.0
4,902,6.805722553416985,1,2,2,6,2,9,17,4,4,902,6.805722553416985,1,2,2,6,2,294,5.68697535633982,1,1,0,4,0,4,0,0.0,0,1,0,0,0,0,902,6.805722553416985,1,2,2,6,2,569,6.345636360828596,1,0,2,4,2,9,234,5.459585514144159,1,1,0,4,3,4,1,3,53.0
6,1966,7.584264818389059,1,1,1,6,6,8,13,14,4,1966,7.584264818389059,1,1,1,6,6,509,6.234410725718371,1,0,2,4,5,9,0,0.0,0,1,0,0,0,0,1966,7.584264818389059,1,1,1,6,6,1146,7.044905117129371,1,1,0,1,5,6,579,6.363028103540465,1,0,0,4,5,9,1,3,57.0
0,1880,7.53955882930103,1,2,0,4,0,7,12,1,0,1880,7.53955882930103,1,2,0,4,0,41,3.7376696182833684,1,0,2,1,6,1,0,0.0,0,1,0,0,0,0,1880,7.53955882930103,1,2,0,4,0,1398,7.243512974665482,1,1,0,3,5,8,14,2.70805020110221,1,1,2,4,0,4,1,3,165.0
5,1599,7.3777589082278725,0,0,4,3,9,3,10,14,3,1599,7.3777589082278725,0,0,4,3,9,327,5.793013608384144,1,0,0,2,5,7,0,0.0,0,1,0,0,0,0,1599,7.3777589082278725,0,0,4,3,9,1267,7.145196134997171,1,0,1,2,0,7,268,5.594711379601839,1,1,1,3,2,8,1,3,41.0
2,1430,7.266128779556451,1,2,0,2,0,12,2,14,0,1430,7.266128779556451,1,2,0,2,0,819,6.709304340258298,1,0,0,4,0,9,0,0.0,0,1,0,0,0,0,1430,7.266128779556451,1,2,0,2,0,903,6.806829360392176,1,0,0,3,0,3,169,5.135798437050262,1,0,1,4,1,9,1,3,336.0
1,905,6.80903930604298,0,2,0,2,5,12,0,14,2,905,6.80903930604298,0,2,0,2,5,351,5.863631175598097,1,0,0,1,1,1,0,0.0,0,1,0,0,0,0,905,6.80903930604298,0,2,0,2,5,305,5.723585101952381,1,0,2,0,4,5,402,5.998936561946683,1,1,0,2,3,2,1,3,49.0
3,1433,7.2682230211595655,0,2,3,5,3,6,5,2,1,1370,7.223295679562314,1,2,0,5,0,0,0.0,0,1,0,0,0,0,0,0.0,0,1,0,0,0,0,1433,7.2682230211595655,0,2,3,5,3,639,6.461468176353717,1,0,0,4,2,9,307,5.730099782973574,1,0,1,2,6,7,1,1,39.0
5,1221,7.108244139731541,0,0,1,3,1,3,7,13,3,1221,7.108244139731541,0,0,1,3,1,1152,7.050122520269059,1,1,0,2,4,2,0,0.0,0,1,0,0,0,0,1221,7.108244139731541,0,0,1,3,1,517,6.249975242259483,1,0,1,2,6,7,130,4.875197323201151,1,1,1,0,4,0,1,3,532.0
3,709,6.565264970035361,0,1,4,2,9,3,7,4,5,709,6.565264970035361,0,1,4,2,9,630,6.447305862541213,1,1,0,0,0,0,0,0.0,0,1,0,0,0,0,709,6.565264970035361,0,1,4,2,9,67,4.219507705176107,1,0,1,2,4,7,525,6.26530121273771,1,0,0,0,0,5,1,3,74.0
2,1035,6.943122422819428,0,0,0,6,5,5,1,9,5,942,6.849066282633458,1,0,2,4,2,0,0.0,0,1,0,0,0,0,0,0.0,0,1,0,0,0,0,1035,6.943122422819428,0,0,0,6,5,390,5.968707559985366,1,1,0,0,5,0,192,5.262690188904886,1,1,0,2,3,2,3,1,56.0
4,996,6.904750769961838,1,0,1,2,6,14,11,6,5,996,6.904750769961838,1,0,1,2,6,20,3.044522437723423,1,1,2,0,6,0,0,0.0,0,1,0,0,0,0,996,6.904750769961838,1,0,1,2,6,982,6.890609120147166,1,1,1,2,2,2,2,1.0986122886681098,1,1,2,2,2,2,2,8,10.0
7,320,5.771441123130016,1,2,0,5,0,12,0,8,5,320,5.771441123130016,1,2,0,5,0,181,5.204006687076795,1,0,1,1,6,1,0,0.0,0,1,0,0,0,0,320,5.771441123130016,1,2,0,5,0,140,4.948759890378168,1,1,2,0,0,0,125,4.836281906951478,1,0,2,0,6,5,1,3,37.0
2,1652,7.410347097821024,1,2,2,0,2,2,11,13,3,1652,7.410347097821024,1,2,2,0,2,620,6.431331081933479,1,1,2,0,4,0,0,0.0,0,1,0,0,0,0,1652,7.410347097821024,1,2,2,0,2,993,6.901737206656574,1,0,0,3,6,3,539,6.29156913955832,1,0,2,4,0,9,1,3,67.0
0,1795,7.493317248862145,0,1,0,3,5,9,16,13,3,1795,7.493317248862145,0,1,0,3,5,1795,7.493317248862145,1,0,1,0,3,5,559,6.327936783729195,1,0,1,4,6,9,1795,7.493317248862145,0,1,0,3,5,560,6.329720905522696,1,1,2,0,0,0,5,1.791759469228055,1,0,2,0,5,5,1,11,1193.0
8,452,6.115892125483034,1,2,2,4,2,2,14,12,0,452,6.115892125483034,1,2,2,4,2,452,6.115892125483034,1,1,2,2,4,2,94,4.553876891600541,1,1,1,4,3,4,452,6.115892125483034,1,2,2,4,2,64,4.174387269895637,1,1,1,4,1,4,47,3.871201010907891,1,0,2,2,5,7,1,7,280.0
7,1743,7.463936604468925,0,0,3,0,3,1,11,15,5,1743,7.463936604468925,0,0,3,0,3,383,5.950642552587727,1,0,2,3,5,3,0,0.0,0,1,0,0,0,0,1743,7.463936604468925,0,0,3,0,3,1363,7.218176838403408,1,0,1,3,5,3,374,5.926926025970411,1,1,2,4,3,4,1,3,5.0
5,992,6.900730664045173,1,2,2,5,2,15,9,17,5,956,6.863803391452954,1,2,1,4,6,0,0.0,0,1,0,0,0,0,0,0.0,0,1,0,0,0,0,992,6.900730664045173,1,2,2,5,2,441,6.091309882077698,1,0,0,1,0,1,223,5.4116460518550396,1,0,1,3,6,3,1,1,23.0
4,410,6.018593214496234,1,2,0,4,0,0,8,7,1,410,6.018593214496234,1,2,0,4,0,225,5.420534999272286,1,0,0,0,1,5,0,0.0,0,1,0,0,0,0,410,6.018593214496234,1,2,0,4,0,226,5.424950017481403,1,1,1,1,2,6,140,4.948759890378168,1,1,2,0,0,0,1,3,43.0
1,507,6.230481447578482,0,0,2,3,7,9,3,13,1,507,6.230481447578482,0,0,2,3,7,507,6.230481447578482,1,0,0,2,3,7,95,4.564348191467836,1,0,2,0,4,5,507,6.230481447578482,0,0,2,3,7,26,3.295836866004329,1,1,2,1,5,6,252,5.53338948872752,1,1,0,2,0,2,1,6,193.0
4,1639,7.402451520818244,0,1,4,1,9,9,16,9,4,1639,7.402451520818244,0,1,4,1,9,1455,7.283448228756631,1,0,0,0,6,5,0,0.0,0,1,0,0,0,0,1639,7.402451520818244,0,1,4,1,9,452,6.115892125483034,1,1,2,2,4,2,256,5.54907608489522,1,1,1,1,4,6,1,3,710.0
7,1451,7.280697195384741,0,2,1,2,1,17,3,13,3,1451,7.280697195384741,0,2,1,2,1,1110,7.01301578963963,1,1,0,0,4,0,0,0.0,0,1,0,0,0,0,1451,7.280697195384741,0,2,1,2,1,734,6.5998704992128365,1,1,2,4,6,4,324,5.783825182329737,1,1,0,4,2,4,1,3,393.0
4,1911,7.555905093611346,0,0,1,0,1,10,10,3,1,1911,7.555905093611346,0,0,1,0,1,288,5.666426688112432,1,1,0,3,1,8,0,0.0,0,1,0,0,0,0,1911,7.555905093611346,0,0,1,0,1,896,6.799055862058796,1,1,2,1,0,6,482,6.180016653652572,1,1,2,2,6,2,1,3,113.0
7,1213,7.101675971619444,0,1,3,2,3,14,4,8,2,1213,7.101675971619444,0,1,3,2,3,330,5.802118375377063,1,1,0,0,1,0,0,0.0,0,1,0,0,0,0,1213,7.101675971619444,0,1,3,2,3,128,4.859812404361672,1,1,2,3,2,8,421,6.045005314036012,1,0,1,1,1,1,1,3,191.0
3,423,6.049733455231958,0,0,3,3,3,2,6,4,4,423,6.049733455231958,0,0,3,3,3,31,3.4657359027997265,1,0,1,1,3,1,0,0.0,0,1,0,0,0,0,423,6.049733455231958,0,0,3,3,3,389,5.966146739123692,1,0,2,4,4,9,25,3.258096538021482,1,0,1,0,4,5,1,3,5.0
6,1101,7.004881989712859,0,0,1,2,1,7,15,15,0,1101,7.004881989712859,0,0,1,2,1,253,5.537334267018537,1,0,1,3,1,3,0,0.0,0,1,0,0,0,0,1101,7.004881989712859,0,0,1,2,1,818,6.70808408385307,1,1,2,3,6,8,259,5.560681631015528,1,0,1,4,0,9,1,3,6.0
4,1105,7.00850518208228,0,1,0,6,5,0,8,0,0,1105,7.00850518208228,0,1,0,6,5,156,5.056245805348308,1,1,0,1,2,6,0,0.0,0,1,0,0,0,0,1105,7.00850518208228,0,1,0,6,5,917,6.822197390620491,1,0,2,2,0,7,121,4.804021044733257,1,0,1,1,2,1,1,3,34.0
7,1045,6.952728644624869,0,1,0,2,5,1,13,13,5,875,6.775366090936392,0,2,0,0,5,0,0.0,0,1,0,0,0,0,0,0.0,0,1,0,0,0,0,1045,6.952728644624869,0,1,0,2,5,573,6.352629396319567,1,0,0,3,6,3,79,4.382026634673881,1,0,1,4,2,9,1,1,48.0
1,631,6.448889394146858,0,1,1,1,1,14,13,13,4,631,6.448889394146858,0,1,1,1,1,7,2.0794415416798357,1,0,1,2,0,7,0,0.0,0,1,0,0,0,0,631,6.448889394146858,0,1,1,1,1,627,6.4425401664681985,1,0,0,2,4,7,1,0.6931471805599453,1,0,1,1,1,1,1,8,3.0
6,1238,7.122059881629142,1,2,3,6,8,13,1,4,4,1238,7.122059881629142,1,2,3,6,8,686,6.532334292222349,1,1,2,1,0,6,0,0.0,0,1,0,0,0,0,1238,7.122059881629142,1,2,3,6,8,542,6.297109319933935,1,1,2,2,3,2,673,6.513230110912307,1,0,1,3,1,3,1,3,12.0
5,1585,7.368970402194793,0,1,0,3,5,5,11,17,1,1585,7.368970402194793,0,1,0,3,5,1345,7.204892510204673,1,0,1,0,1,5,0,0.0,0,1,0,0,0,0,1585,7.368970402194793,0,1,0,3,5,437,6.082218910376446,1,0,2,2,3,7,414,6.028278520230698,1,1,0,4,1,4,1,3,555.0
0,1350,7.208600337960199,1,0,0,6,0,8,8,2,2,1350,7.208600337960199,1,0,0,6,0,1036,6.9440872082295275,1,1,1,1,0,6,0,0.0,0,1,0,0,0,0,1350,7.208600337960199,1,0,0,6,0,602,6.401917196727186,1,1,2,2,0,2,445,6.100318952020064,1,0,1,0,4,5,1,3,298.0
4,1132,7.0326242610280065,1,1,2,5,2,8,4,4,4,677,6.519147287940395,0,2,2,5,7,0,0.0,0,1,0,0,0,0,0,0.0,0,1,0,0,0,0,1132,7.0326242610280065,1,1,2,5,2,263,5.575949103146316,1,0,2,3,4,3,63,4.1588830833596715,1,0,0,3,0,3,1,1,96.0
1,304,5.720311776607412,1,1,4,3,4,8,4,6,1,287,5.662960480135946,0,2,2,0,7,0,0.0,0,1,0,0,0,0,0,0.0,0,1,0,0,0,0,304,5.720311776607412,1,1,4,3,4,60,4.110873864173311,1,1,0,0,4,0,13,2.6390573296152584,1,0,1,3,6,3,1,1,67.0
2,1102,7.005789019253503,1,1,2,3,2,10,0,13,3,1102,7.005789019253503,1,1,2,3,2,144,4.976733742420574,1,1,0,4,4,4,0,0.0,0,1,0,0,0,0,1102,7.005789019253503,1,1,2,3,2,167,5.123963979403259,1,0,2,2,6,7,337,5.823045895483019,1,0,1,2,1,7,1,3,135.0
8,764,6.639875833826536,1,2,4,1,4,3,4,3,4,764,6.639875833826536,1,2,4,1,4,231,5.44673737166631,1,0,0,1,0,1,0,0.0,0,1,0,0,0,0,764,6.639875833826536,1,2,4,1,4,442,6.093569770045136,1,1,1,2,1,2,272,5.60947179518496,1,1,2,2,6,2,1,3,3.0
1,1656,7.4127640174265625,1,0,1,4,6,13,5,17,3,1656,7.4127640174265625,1,0,1,4,6,1562,7.354362330421477,1,1,2,2,1,2,0,0.0,0,1,0,0,0,0,1656,7.4127640174265625,1,0,1,4,6,223,5.4116460518550396,1,0,1,3,6,3,125,4.836281906951478,1,0,2,0,6,5,1,3,915.0
0,1488,7.305860032684009,1,0,3,4,8,16,14,4,1,1488,7.305860032684009,1,0,3,4,8,1010,6.918695219020472,1,1,2,0,2,0,0,0.0,0,1,0,0,0,0,1488,7.305860032684009,1,0,3,4,8,426,6.056784013228625,1,1,0,1,6,6,859,6.756932389247553,1,0,1,4,5,9,1,3,118.0
8,1874,7.536363938404511,1,2,4,5,4,6,7,3,2,1874,7.536363938404511,1,2,4,5,4,144,4.976733742420574,1,1,0,4,4,4,0,0.0,0,1,0,0,0,0,1874,7.536363938404511,1,2,4,5,4,1025,6.933423025730715,1,0,2,0,3,5,90,4.51085950651685,1,1,0,0,6,0,1,3,271.0
2,1215,7.103322062526113,0,0,0,4,5,2,4,13,2,1215,7.103322062526113,0,0,0,4,5,121,4.804021044733257,1,0,1,1,2,1,0,0.0,0,1,0,0,0,0,1215,7.103322062526113,0,0,0,4,5,678,6.520621127558696,1,1,0,3,6,8,8,2.1972245773362196,1,1,2,3,1,8,1,3,214.0
1,1029,6.937314081223682,0,0,4,0,9,10,14,5,3,1029,6.937314081223682,0,0,4,0,9,165,5.111987788356544,1,0,0,0,4,5,0,0.0,0,1,0,0,0,0,1029,6.937314081223682,0,0,4,0,9,872,6.771935555839602,1,1,2,2,4,2,98,4.59511985013459,1,1,2,3,0,8,1,3,42.0
4,776,6.655440350367647,1,2,1,6,6,17,14,0,0,776,6.655440350367647,1,2,1,6,6,171,5.147494476813453,1,0,0,1,3,1,0,0.0,0,1,0,0,0,0,776,6.655440350367647,1,2,1,6,6,596,6.391917113392602,1,1,2,1,1,6,156,5.056245805348308,1,1,0,1,2,6,1,3,13.0
3,1990,7.596392304064196,1,1,0,2,0,16,17,9,0,1964,7.583247524303362,1,2,4,4,4,0,0.0,0,1,0,0,0,0,0,0.0,0,1,0,0,0,0,1990,7.596392304064196,1,1,0,2,0,1465,7.290292882446597,1,0,1,0,2,5,95,4.564348191467836,1,0,2,0,4,5,1,1,103.0
7,408,6.013715156042802,1,0,3,2,8,5,4,9,1,408,6.013715156042802,1,0,3,2,8,208,5.342334251964811,1,1,1,3,5,8,0,0.0,0,1,0,0,0,0,408,6.013715156042802,1,0,3,2,8,74,4.31748811353631,1,1,2,4,4,4,73,4.30406509320417,1,0,1,3,3,3,1,3,132.0
2,852,6.748759547491679,1,0,2,5,2,7,3,11,2,852,6.748759547491679,1,0,2,5,2,195,5.278114659230517,1,0,0,0,6,5,0,0.0,0,1,0,0,0,0,852,6.748759547491679,1,0,2,5,2,622,6.434546518787453,1,1,1,2,6,2,142,4.962844630259907,1,1,1,2,2,2,1,6,47.0
4,463,6.139884552226255,0,1,3,1,3,6,13,5,0,463,6.139884552226255,0,1,3,1,3,306,5.726847747587197,1,1,0,1,5,6,0,0.0,0,1,0,0,0,0,463,6.139884552226255,0,1,3,1,3,146,4.990432586778736,1,1,2,1,6,6,127,4.852030263919617,1,0,1,2,1,7,1,3,123.0
6,1962,7.5822291942764615,1,0,2,2,2,6,1,8,5,1962,7.5822291942764615,1,0,2,2,2,311,5.7430031878094825,1,0,2,1,3,1,0,0.0,0,1,0,0,0,0,1962,7.5822291942764615,1,0,2,2,2,1485,7.303843225277705,1,0,0,0,1,5,127,4.852030263919617,1,0,1,2,1,7,1,3,178.0
1,990,6.898714534329988,1,0,0,3,0,14,9,12,5,990,6.898714534329988,1,0,0,3,0,195,5.278114659230517,1,0,0,0,6,5,0,0.0,0,1,0,0,0,0,990,6.898714534329988,1,0,0,3,0,669,6.507277712385012,1,0,0,4,4,9,39,3.6888794541139363,1,0,0,4,4,9,3,4,146.0
6,1619,7.3901814282264295,0,2,4,2,9,5,1,13,0,1619,7.3901814282264295,0,2,4,2,9,1323,7.188412736496954,1,0,0,3,0,3,0,0.0,0,1,0,0,0,0,1619,7.3901814282264295,0,2,4,2,9,582,6.368187186350492,1,1,0,2,1,2,208,5.342334251964811,1,1,1,3,5,8,1,3,648.0
0,1885,7.542213463193403,0,1,0,2,5,13,6,11,3,1885,7.542213463193403,0,1,0,2,5,70,4.2626798770413155,1,1,1,0,0,0,0,0.0,0,1,0,0,0,0,1885,7.542213463193403,0,1,0,2,5,1281,7.156176637480615,1,0,0,1,0,1,76,4.343805421853684,1,1,1,1,6,6,1,3,174.0
6,1671,7.421775793644647,0,0,1,5,1,8,9,13,4,1510,7.32052696227274,1,1,0,5,0,0,0.0,0,1,0,0,0,0,0,0.0,0,1,0,0,0,0,1671,7.421775793644647,0,0,1,5,1,1053,6.960347729101308,1,0,0,3,3,3,101,4.624972813284271,1,0,2,1,3,1,1,1,85.0
1,1620,7.390798521735676,1,0,0,3,0,7,10,15,4,1459,7.286191714702382,0,1,4,3,9,0,0.0,0,1,0,0,0,0,0,0.0,0,1,0,0,0,0,1620,7.390798521735676,1,0,0,3,0,950,6.85751406254539,1,1,2,0,5,0,4,1.6094379124341003,1,1,1,4,4,4,1,3,167.0
6,989,6.897704943128636,0,2,4,2,9,10,8,15,1,989,6.897704943128636,0,2,4,2,9,143,4.969813299576001,1,0,2,3,3,3,0,0.0,0,1,0,0,0,0,989,6.897704943128636,0,2,4,2,9,868,6.767343125265392,1,1,1,3,0,8,42,3.7612001156935624,1,1,0,2,0,2,1,3,60.0
6,1570,7.359467638255621,1,1,0,2,0,6,6,15,0,1570,7.359467638255621,1,1,0,2,0,1570,7.359467638255621,1,1,1,0,2,0,148,5.003946305945459,1,1,1,3,1,8,1570,7.359467638255621,1,1,0,2,0,413,6.025865973825314,1,0,2,3,0,3,458,6.129050210060545,1,1,2,3,3,8,1,6,653.0
6,789,6.672032945461067,0,0,4,5,9,14,3,17,5,789,6.672032945461067,0,0,4,5,9,789,6.672032945461067,1,0,0,4,5,9,150,5.017279836814924,1,1,0,0,3,0,789,6.672032945461067,0,0,4,5,9,32,3.4965075614664802,1,1,2,2,4,2,527,6.269096283706261,1,0,2,2,2,7,1,6,214.0
2,1849,7.52294091807237,0,1,4,1,9,14,3,13,2,1849,7.52294091807237,0,1,4,1,9,1849,7.52294091807237,1,0,1,4,1,9,390,5.968707559985366,1,1,0,0,5,0,1849,7.52294091807237,0,1,4,1,9,3,1.3862943611198906,1,0,0,3,3,3,136,4.919980925828125,1,1,1,1,3,6,1,7,1271.0
4,911,6.815639990074331,0,2,1,1,1,14,0,1,5,546,6.304448802421981,1,0,1,0,6,0,0.0,0,1,0,0,0,0,0,0.0,0,1,0,0,0,0,911,6.815639990074331,0,2,1,1,1,118,4.77912349311153,1,1,1,3,6,8,49,3.912023005428146,1,0,1,4,0,9,1,1,110.0
8,1857,7.527255919373784,0,0,2,2,7,6,11,5,1,1857,7.527255919373784,0,0,2,2,7,95,4.564348191467836,1,0,2,0,4,5,0,0.0,0,1,0,0,0,0,1857,7.527255919373784,0,0,2,2,7,1455,7.283448228756631,1,0,0,0,6,5,226,5.424950017481403,1,1,1,1,2,6,1,3,15.0
3,871,6.77078942390898,0,1,1,3,1,15,12,10,3,871,6.77078942390898,0,1,1,3,1,515,6.246106765481563,1,0,2,0,4,5,0,0.0,0,1,0,0,0,0,871,6.77078942390898,0,1,1,3,1,8,2.1972245773362196,1,1,2,3,1,8,473,6.161207321695077,1,0,2,3,4,3,1,3,144.0
7,1382,7.232010331664759,1,2,2,3,2,13,14,4,5,1334,7.19668657083435,1,2,4,4,4,0,0.0,0,1,0,0,0,0,0,0.0,0,1,0,0,0,0,1382,7.232010331664759,1,2,2,3,2,152,5.030437921392435,1,1,2,2,5,2,552,6.315358001522335,1,1,0,2,6,2,2,1,26.0
7,702,6.555356891810665,1,0,2,2,2,13,15,2,4,550,6.311734809152915,1,1,0,4,0,0,0.0,0,1,0,0,0,0,0,0.0,0,1,0,0,0,0,702,6.555356891810665,1,0,2,2,2,215,5.375278407684165,1,0,2,0,5,5,160,5.081404364984463,1,1,1,0,6,0,1,1,5.0
3,1701,7.43955930913332,0,0,1,0,1,16,14,0,1,1666,7.418780882750794,1,1,1,0,6,0,0.0,0,1,0,0,0,0,0,0.0,0,1,0,0,0,0,1701,7.43955930913332,0,0,1,0,1,413,6.025865973825314,1,0,2,3,0,3,541,6.295266001439646,1,0,1,1,2,1,1,1,57.0
4,1582,7.367077059881012,1,1,2,0,2,0,15,10,2,1582,7.367077059881012,1,1,2,0,2,89,4.499809670330265,1,0,2,4,5,9,0,0.0,0,1,0,0,0,0,1582,7.367077059881012,1,1,2,0,2,1068,6.974478911025045,1,1,0,3,4,8,66,4.204692619390966,1,1,0,1,3,6,1,4,157.0
5,1678,7.425953657077541,1,1,3,5,8,13,9,14,3,1678,7.425953657077541,1,1,3,5,8,1205,7.095064377287131,1,0,2,0,1,5,0,0.0,0,1,0,0,0,0,1678,7.425953657077541,1,1,3,5,8,426,6.056784013228625,1,1,0,1,6,6,1149,7.047517221357296,1,0,0,4,1,9,1,3,53.0
5,1677,7.425357887027151,0,0,2,4,7,7,17,14,0,1677,7.425357887027151,0,0,2,4,7,221,5.402677381872279,1,0,2,1,4,1,0,0.0,0,1,0,0,0,0,1677,7.425357887027151,0,0,2,4,7,1338,7.199678345691172,1,1,0,3,1,8,133,4.897839799950911,1,0,1,3,0,3,1,3,98.0
8,767,6.643789733147672,0,2,2,4,7,13,6,1,5,767,6.643789733147672,0,2,2,4,7,767,6.643789733147672,1,0,2,2,4,7,23,3.1780538303479458,1,0,2,3,2,3,767,6.643789733147672,0,2,2,4,7,206,5.332718793265369,1,1,2,1,3,6,95,4.564348191467836,1,0,2,0,4,5,1,6,387.0
8,1828,7.511524648390866,1,1,3,1,8,11,1,3,3,1828,7.511524648390866,1,1,3,1,8,99,4.605170185988092,1,0,0,4,1,9,0,0.0,0,1,0,0,0,0,1828,7.511524648390866,1,1,3,1,8,996,6.904750769961838,1,1,0,1,2,6,287,5.662960480135946,1,0,2,2,0,7,1,3,119.0
0,1520,7.327123292259293,1,2,0,1,0,8,5,13,4,1520,7.327123292259293,1,2,0,1,0,437,6.082218910376446,1,0,2,2,3,7,0,0.0,0,1,0,0,0,0,1520,7.327123292259293,1,2,0,1,0,796,6.680854678790215,1,1,1,1,5,6,57,4.060443010546419,1,0,0,2,1,7,1,3,349.0
5,1844,7.520234556474628,1,2,4,3,4,3,0,8,2,1844,7.520234556474628,1,2,4,3,4,1704,7.4413203897176174,1,1,0,4,3,4,0,0.0,0,1,0,0,0,0,1844,7.520234556474628,1,2,4,3,4,164,5.10594547390058,1,1,2,4,3,4,846,6.741700694652055,1,1,0,1,6,6,2,3,564.0
6,1966,7.584264818389059,1,1,1,6,6,13,11,11,1,1966,7.584264818389059,1,1,1,6,6,77,4.356708826689592,1,0,2,2,0,7,0,0.0,0,1,0,0,0,0,1966,7.584264818389059,1,1,1,6,6,1897,7.5485559791698735,1,0,1,2,0,7,49,3.912023005428146,1,0,1,4,0,9,1,3,16.0
3,604,6.405228458030842,1,1,4,2,4,2,12,0,0,548,6.3080984415095305,1,2,3,2,8,0,0.0,0,1,0,0,0,0,0,0.0,0,1,0,0,0,0,604,6.405228458030842,1,1,4,2,4,364,5.8998973535824915,1,1,1,4,0,4,47,3.871201010907891,1,0,2,2,5,7,1,1,30.0
6,532,6.278521424165844,1,1,2,0,2,12,9,12,1,532,6.278521424165844,1,1,2,0,2,373,5.924255797414532,1,0,1,3,2,3,0,0.0,0,1,0,0,0,0,532,6.278521424165844,1,1,2,0,2,180,5.198497031265826,1,1,0,0,5,0,193,5.267858159063328,1,0,1,3,4,3,1,3,113.0
0,1255,7.135687347028144,0,1,0,2,5,12,6,10,2,1255,7.135687347028144,0,1,0,2,5,362,5.8944028342648505,1,1,2,2,5,2,0,0.0,0,1,0,0,0,0,1255,7.135687347028144,0,1,0,2,5,904,6.807934943699926,1,1,1,4,1,4,331,5.805134968916488,1,0,1,1,2,1,1,3,17.0
4,587,6.376726947898627,0,2,2,6,7,1,8,10,5,587,6.376726947898627,0,2,2,6,7,90,4.51085950651685,1,1,0,0,6,0,0,0.0,0,1,0,0,0,0,587,6.376726947898627,0,2,2,6,7,361,5.8916442118257715,1,0,1,1,4,1,74,4.31748811353631,1,1,2,4,4,4,1,3,56.0
7,1681,7.427738840532894,0,1,1,1,1,16,15,13,4,1681,7.427738840532894,0,1,1,1,1,155,5.049856007249537,1,0,2,0,1,5,0,0.0,0,1,0,0,0,0,1681,7.427738840532894,0,1,1,1,1,1554,7.349230824613334,1,1,0,4,0,4,72,4.290459441148391,1,1,0,2,2,2,1,3,46.0
7,323,5.780743515792329,0,2,3,1,3,7,14,8,2,323,5.780743515792329,0,2,3,1,3,20,3.044522437723423,1,1,2,0,6,0,0,0.0,0,1,0,0,0,0,323,5.780743515792329,0,2,3,1,3,157,5.062595033026967,1,0,1,2,3,7,81,4.406719247264253,1,0,0,1,4,1,1,3,8.0
3,1097,7.001245622069476,0,2,2,5,7,10,2,3,3,1097,7.001245622069476,0,2,2,5,7,556,6.322565239927284,1,1,1,1,3,6,0,0.0,0,1,0,0,0,0,1097,7.001245622069476,0,2,2,5,7,668,6.505784060128229,1,1,2,3,3,8,254,5.541263545158426,1,1,2,4,2,4,1,3,159.0
6,1965,7.583756300707112,0,0,0,5,5,15,7,16,3,1965,7.583756300707112,0,0,0,5,5,90,4.51085950651685,1,1,0,0,6,0,0,0.0,0,1,0,0,0,0,1965,7.583756300707112,0,0,0,5,5,1891,7.545389749611823,1,0,1,1,1,1,46,3.8501476017100584,1,1,1,1,4,6,1,3,24.0
1,1032,6.940222469119639,1,0,2,3,2,0,12,10,2,1032,6.940222469119639,1,0,2,3,2,554,6.318968113746434,1,1,2,4,1,4,0,0.0,0,1,0,0,0,0,1032,6.940222469119639,1,0,2,3,2,212,5.3612921657094255,1,1,2,2,2,2,399,5.991464547107982,1,0,0,4,0,9,1,3,192.0
2,1905,7.552762084214147,0,0,0,1,5,9,3,17,3,1905,7.552762084214147,0,0,0,1,5,349,5.857933154483459,1,0,1,4,6,9,0,0.0,0,1,0,0,0,0,1905,7.552762084214147,0,0,0,1,5,1543,7.342131730584722,1,0,1,3,3,3,108,4.6913478822291435,1,1,0,3,3,8,1,3,165.0
7,1718,7.449498005382849,1,2,3,3,8,1,3,14,1,1718,7.449498005382849,1,2,3,3,8,1135,7.035268599281097,1,0,1,0,1,5,0,0.0,0,1,0,0,0,0,1718,7.449498005382849,1,2,3,3,8,928,6.834108738813838,1,1,1,3,4,8,217,5.384495062789089,1,0,1,2,0,7,1,3,497.0
3,1199,7.090076835776092,0,2,4,2,9,0,4,4,4,1199,7.090076835776092,0,2,4,2,9,950,6.85751406254539,1,1,2,0,5,0,0,0.0,0,1,0,0,0,0,1199,7.090076835776092,0,2,4,2,9,336,5.820082930352362,1,1,0,1,0,6,599,6.396929655216146,1,0,2,4,4,9,1,3,205.0
3,1061,6.967909201801884,0,2,1,4,1,3,17,11,0,1061,6.967909201801884,0,2,1,4,1,558,6.326149473155099,1,1,0,3,5,8,0,0.0,0,1,0,0,0,0,1061,6.967909201801884,0,2,1,4,1,515,6.246106765481563,1,0,2,0,4,5,237,5.472270673671475,1,0,0,2,6,7,1,3,210.0
5,1149,7.047517221357296,0,0,4,1,9,8,1,4,3,1149,7.047517221357296,0,0,4,1,9,261,5.568344503761097,1,0,0,1,2,1,0,0.0,0,1,0,0,0,0,1149,7.047517221357296,0,0,4,1,9,826,6.717804695023691,1,1,1,1,0,6,43,3.784189633918261,1,0,1,3,1,3,1,3,166.0
3,1324,7.1891677384203225,1,1,4,1,4,4,14,15,2,1324,7.1891677384203225,1,1,4,1,4,944,6.851184927493743,1,1,2,4,6,4,0,0.0,0,1,0,0,0,0,1324,7.1891677384203225,1,1,4,1,4,443,6.095824562432225,1,0,2,3,2,3,602,6.401917196727186,1,1,2,2,0,2,1,3,207.0
2,824,6.715383386334681,1,2,4,5,4,9,15,4,3,824,6.715383386334681,1,2,4,5,4,205,5.327876168789581,1,0,1,0,2,5,0,0.0,0,1,0,0,0,0,824,6.715383386334681,1,2,4,5,4,238,5.476463551931511,1,1,1,3,0,8,295,5.69035945432406,1,0,1,0,1,5,1,3,67.0
4,630,6.447305862541213,1,0,0,0,0,8,11,15,0,630,6.447305862541213,1,0,0,0,0,119,4.787491742782046,1,0,2,4,0,9,0,0.0,0,1,0,0,0,0,630,6.447305862541213,1,0,0,0,0,354,5.872117789475416,1,1,0,4,4,4,193,5.267858159063328,1,0,1,3,4,3,1,3,3.0
2,1663,7.416979621381154,0,1,3,4,3,11,15,5,5,1663,7.416979621381154,0,1,3,4,3,253,5.537334267018537,1,0,1,3,1,3,0,0.0,0,1,0,0,0,0,1663,7.416979621381154,0,1,3,4,3,1439,7.272398392570047,1,0,2,4,4,9,195,5.278114659230517,1,0,0,0,6,5,1,3,29.0
5,1519,7.326465613840322,0,1,4,0,9,13,1,5,3,1519,7.326465613840322,0,1,4,0,9,1177,7.071573364211532,1,0,1,2,1,7,0,0.0,0,1,0,0,0,0,1519,7.326465613840322,0,1,4,0,9,308,5.733341276897746,1,1,2,3,0,8,987,6.895682697747868,1,0,0,2,0,7,1,3,138.0
6,693,6.542471960506805,0,0,3,0,3,7,12,12,4,693,6.542471960506805,0,0,3,0,3,404,6.003887067106539,1,1,2,4,5,4,0,0.0,0,1,0,0,0,0,693,6.542471960506805,0,0,3,0,3,289,5.66988092298052,1,0,1,4,2,9,404,6.003887067106539,1,1,2,4,5,4,1,4,0.0
6,709,6.565264970035361,0,1,4,2,9,8,2,5,1,709,6.565264970035361,0,1,4,2,9,314,5.752572638825633,1,1,2,4,6,4,0,0.0,0,1,0,0,0,0,709,6.565264970035361,0,1,4,2,9,78,4.3694478524670215,1,1,0,3,1,8,465,6.144185634125646,1,0,0,0,3,5,1,3,5.0
2,572,6.35088571671474,1,2,2,5,2,4,1,10,4,572,6.35088571671474,1,2,2,5,2,303,5.717027701406222,1,0,0,3,2,3,0,0.0,0,1,0,0,0,0,572,6.35088571671474,1,2,2,5,2,25,3.258096538021482,1,0,1,0,4,5,182,5.209486152841421,1,1,2,2,0,2,1,3,162.0
3,1016,6.92461239604856,1,2,1,1,6,3,12,2,5,1016,6.92461239604856,1,2,1,1,6,82,4.418840607796598,1,1,1,2,5,2,0,0.0,0,1,0,0,0,0,1016,6.92461239604856,1,2,1,1,6,938,6.844815479208263,1,1,2,3,0,8,26,3.295836866004329,1,1,2,1,5,6,2,3,36.0
5,1355,7.212294468500341,0,2,0,4,5,11,13,14,0,692,6.541029999189903,1,2,2,6,2,0,0.0,0,1,0,0,0,0,0,0.0,0,1,0,0,0,0,1355,7.212294468500341,0,2,0,4,5,105,4.663439094112067,1,0,0,0,0,5,115,4.7535901911063645,1,0,1,0,3,5,1,1,119.0
6,342,5.8377304471659395,1,0,2,6,2,3,17,11,0,342,5.8377304471659395,1,0,2,6,2,22,3.1354942159291497,1,1,1,2,1,2,0,0.0,0,1,0,0,0,0,342,5.8377304471659395,1,0,2,6,2,295,5.69035945432406,1,0,1,0,1,5,18,2.9444389791664403,1,1,0,3,4,8,1,6,11.0
2,428,6.061456918928017,1,2,3,1,8,14,16,12,5,428,6.061456918928017,1,2,3,1,8,202,5.313205979041787,1,1,1,2,6,2,0,0.0,0,1,0,0,0,0,428,6.061456918928017,1,2,3,1,8,210,5.351858133476067,1,1,0,0,0,0,204,5.3230099791384085,1,1,0,4,1,4,2,3,4.0
4,1782,7.48605261786314,1,0,2,4,2,8,5,8,0,1782,7.48605261786314,1,0,2,4,2,85,4.454347296253507,1,0,1,0,1,5,0,0.0,0,1,0,0,0,0,1782,7.48605261786314,1,0,2,4,2,1631,7.397561535524052,1,0,2,1,0,1,109,4.700480365792417,1,0,1,4,4,9,1,3,6.0
0,793,6.677083461247136,0,1,3,2,3,1,4,7,1,793,6.677083461247136,0,1,3,2,3,414,6.028278520230698,1,1,0,4,1,4,0,0.0,0,1,0,0,0,0,793,6.677083461247136,0,1,3,2,3,209,5.3471075307174685,1,0,2,4,6,9,466,6.1463292576688975,1,1,1,1,4,6,1,3,22.0
6,1408,7.25063551189868,1,1,3,1,8,15,12,11,4,1396,7.242082359256962,1,1,1,3,6,0,0.0,0,1,0,0,0,0,0,0.0,0,1,0,0,0,0,1408,7.25063551189868,1,1,3,1,8,1390,7.237778191923443,1,1,1,0,4,0,3,1.3862943611198906,1,0,0,3,3,3,1,1,0.0
2,904,6.807934943699926,1,1,4,1,4,1,2,12,3,904,6.807934943699926,1,1,4,1,4,70,4.2626798770413155,1,1,1,0,0,0,0,0.0,0,1,0,0,0,0,904,6.807934943699926,1,1,4,1,4,444,6.09807428216624,1,1,0,4,3,4,37,3.6375861597263857,1,0,1,2,2,7,1,4,152.0
3,1691,7.433666540166168,0,2,1,4,1,6,11,4,0,1615,7.38770923908104,0,1,0,5,5,0,0.0,0,1,0,0,0,0,0,0.0,0,1,0,0,0,0,1691,7.433666540166168,0,2,1,4,1,1603,7.38025578842646,1,0,1,3,0,3,0,0.0,0,1,0,0,0,0,1,1,4.0
0,1694,7.43543801981455,1,2,4,0,4,3,0,7,4,1694,7.43543801981455,1,2,4,0,4,1651,7.409741954080923,1,0,1,1,6,1,0,0.0,0,1,0,0,0,0,1694,7.43543801981455,1,2,4,0,4,556,6.322565239927284,1,1,1,1,3,6,40,3.713572066704308,1,1,1,0,5,0,1,3,903.0
3,938,6.844815479208263,1,2,3,0,8,4,4,9,4,938,6.844815479208263,1,2,3,0,8,691,6.539585955617669,1,0,1,1,5,1,0,0.0,0,1,0,0,0,0,938,6.844815479208263,1,2,3,0,8,226,5.424950017481403,1,1,1,1,2,6,487,6.1903154058531475,1,0,1,2,4,7,1,3,143.0
5,352,5.8664680569332965,1,1,2,2,2,16,10,9,5,324,5.783825182329737,1,0,4,2,4,0,0.0,0,1,0,0,0,0,0,0.0,0,1,0,0,0,0,352,5.8664680569332965,1,1,2,2,2,289,5.66988092298052,1,0,1,4,2,9,1,0.6931471805599453,1,0,1,1,1,1,1,5,11.0
0,1419,7.258412150595307,0,0,4,5,9,11,4,8,5,1419,7.258412150595307,0,0,4,5,9,1139,7.038783541388542,1,0,2,4,5,9,0,0.0,0,1,0,0,0,0,1419,7.258412150595307,0,0,4,5,9,473,6.161207321695077,1,0,2,3,4,3,132,4.890349128221754,1,1,0,2,6,2,1,6,607.0
8,1388,7.236339342754344,1,2,3,2,8,0,12,13,1,995,6.903747257584598,0,2,0,1,5,0,0.0,0,1,0,0,0,0,0,0.0,0,1,0,0,0,0,1388,7.236339342754344,1,2,3,2,8,877,6.777646593635117,1,0,1,2,2,7,17,2.8903717578961645,1,0,2,2,3,7,1,1,28.0
5,1489,7.306531398939505,0,1,4,5,9,15,3,2,5,1489,7.306531398939505,0,1,4,5,9,1489,7.306531398939505,1,0,1,4,5,9,143,4.969813299576001,1,0,2,3,3,3,1489,7.306531398939505,0,1,4,5,9,117,4.770684624465665,1,0,0,2,5,7,989,6.897704943128636,1,0,2,4,2,9,1,6,342.0
7,805,6.692083742506628,0,1,0,0,5,15,8,11,1,805,6.692083742506628,0,1,0,0,5,292,5.680172609017068,1,1,1,2,5,2,0,0.0,0,1,0,0,0,0,805,6.692083742506628,0,1,0,0,5,288,5.666426688112432,1,1,0,3,1,8,370,5.916202062607435,1,1,1,0,6,0,1,3,23.0
2,389,5.966146739123692,0,2,4,4,9,2,6,10,1,389,5.966146739123692,0,2,4,4,9,389,5.966146739123692,1,0,2,4,4,9,11,2.4849066497880004,1,0,2,1,4,1,389,5.966146739123692,0,2,4,4,9,75,4.330733340286331,1,0,0,0,5,5,105,4.663439094112067,1,0,0,0,0,5,1,6,168.0
8,1566,7.356918242356021,1,0,1,5,6,12,16,4,5,1228,7.113956109566034,1,1,3,3,8,0,0.0,0,1,0,0,0,0,0,0.0,0,1,0,0,0,0,1566,7.356918242356021,1,0,1,5,6,65,4.189654742026425,1,0,2,0,2,5,256,5.54907608489522,1,1,1,1,4,6,1,1,217.0
8,1748,7.466799475018602,1,2,3,5,8,5,1,0,5,1748,7.466799475018602,1,2,3,5,8,1221,7.108244139731541,1,0,0,1,3,1,0,0.0,0,1,0,0,0,0,1748,7.466799475018602,1,2,3,5,8,308,5.733341276897746,1,1,2,3,0,8,15,2.772588722239781,1,0,0,0,1,5,1,3,877.0
0,769,6.646390514847729,0,1,4,6,9,8,1,16,1,769,6.646390514847729,0,1,4,6,9,598,6.395261598115449,1,1,1,3,3,8,0,0.0,0,1,0,0,0,0,769,6.646390514847729,0,1,4,6,9,83,4.430816798843313,1,0,2,3,6,3,630,6.447305862541213,1,1,0,0,0,0,1,3,8.0
4,389,5.966146739123692,0,2,4,4,9,4,14,8,4,389,5.966146739123692,0,2,4,4,9,389,5.966146739123692,1,0,2,4,4,9,88,4.48863636973214,1,1,1,3,4,8,389,5.966146739123692,0,2,4,4,9,7,2.0794415416798357,1,0,1,2,0,7,83,4.430816798843313,1,0,2,3,6,3,1,6,231.0
1,1939,7.570443252057374,0,1,4,0,9,7,8,9,0,1939,7.570443252057374,0,1,4,0,9,291,5.676753802268282,1,0,0,1,4,1,0,0.0,0,1,0,0,0,0,1939,7.570443252057374,0,1,4,0,9,1706,7.442492722794441,1,1,2,1,5,6,142,4.962844630259907,1,1,1,2,2,2,1,3,80.0
0,1184,7.077498053569231,1,2,4,1,4,10,13,15,2,1097,7.001245622069476,0,2,2,5,7,0,0.0,0,1,0,0,0,0,0,0.0,0,1,0,0,0,0,1184,7.077498053569231,1,2,4,1,4,368,5.910796644040527,1,1,2,3,4,8,78,4.3694478524670215,1,1,0,3,1,8,1,1,191.0
2,370,5.916202062607435,1,1,0,6,0,9,12,2,2,370,5.916202062607435,1,1,0,6,0,252,5.53338948872752,1,1,0,2,0,2,0,0.0,0,1,0,0,0,0,370,5.916202062607435,1,1,0,6,0,186,5.231108616854587,1,1,0,1,4,6,65,4.189654742026425,1,0,2,0,2,5,1,3,102.0
4,566,6.340359303727752,1,2,1,6,6,17,2,17,4,566,6.340359303727752,1,2,1,6,6,37,3.6375861597263857,1,0,1,2,2,7,0,0.0,0,1,0,0,0,0,566,6.340359303727752,1,2,1,6,6,223,5.4116460518550396,1,0,1,3,6,3,19,2.995732273553991,1,0,1,4,5,9,1,3,114.0
2,1781,7.485491608030754,0,2,1,3,1,15,3,5,2,1781,7.485491608030754,0,2,1,3,1,1781,7.485491608030754,1,0,2,1,3,1,571,6.349138991379798,1,0,1,1,4,1,1781,7.485491608030754,0,2,1,3,1,132,4.890349128221754,1,1,0,2,6,2,379,5.940171252720432,1,0,1,4,1,9,1,6,1081.0
1,986,6.894670039433482,1,2,1,6,6,8,5,2,2,978,6.88653164253051,1,0,3,5,8,0,0.0,0,1,0,0,0,0,0,0.0,0,1,0,0,0,0,986,6.894670039433482,1,2,1,6,6,24,3.2188758248682006,1,1,0,4,3,4,357,5.8805329864007,1,0,0,2,0,7,1,1,80.0
3,1645,7.406103381237015,0,1,0,0,5,3,6,9,2,1645,7.406103381237015,0,1,0,0,5,1,0.6931471805599453,1,0,1,1,1,1,0,0.0,0,1,0,0,0,0,1645,7.406103381237015,0,1,0,0,5,1222,7.109062135687172,1,1,1,2,4,2,206,5.332718793265369,1,1,2,1,3,6,1,8,4.0
6,1821,7.507690077819904,0,0,1,1,1,3,13,0,3,1821,7.507690077819904,0,0,1,1,1,688,6.535241271013659,1,1,1,3,2,8,0,0.0,0,1,0,0,0,0,1821,7.507690077819904,0,0,1,1,1,519,6.253828811575473,1,0,0,4,1,9,224,5.41610040220442,1,1,2,4,0,4,1,3,514.0
0,1312,7.180069874302796,1,1,2,3,2,15,1,15,1,1291,7.163946684342547,0,1,1,3,1,0,0.0,0,1,0,0,0,0,0,0.0,0,1,0,0,0,0,1312,7.180069874302796,1,1,2,3,2,347,5.8522024797744745,1,0,2,2,4,7,37,3.6375861597263857,1,0,1,2,2,7,1,1,290.0
0,1710,7.444833273892193,1,0,0,2,0,16,9,5,0,1710,7.444833273892193,1,0,0,2,0,1224,7.110696122978827,1,1,0,4,6,4,0,0.0,0,1,0,0,0,0,1710,7.444833273892193,1,0,0,2,0,770,6.647688373563329,1,1,2,0,0,0,86,4.465908118654584,1,1,2,1,2,6,2,3,664.0
3,1509,7.31986492980897,0,0,4,4,9,5,12,6,3,1509,7.31986492980897,0,0,4,4,9,343,5.840641657373398,1,0,1,3,0,3,0,0.0,0,1,0,0,0,0,1509,7.31986492980897,0,0,4,4,9,1166,7.062191632286556,1,1,2,1,4,6,337,5.823045895483019,1,0,1,2,1,7,1,3,4.0
5,1193,7.085064293952548,0,2,3,3,3,5,14,5,3,1193,7.085064293952548,0,2,3,3,3,78,4.3694478524670215,1,1,0,3,1,8,0,0.0,0,1,0,0,0,0,1193,7.085064293952548,0,2,3,3,3,1074,6.980075940561763,1,1,0,4,3,4,31,3.4657359027997265,1,0,1,1,3,1,1,3,45.0
0,429,6.063785208687608,0,0,4,2,9,11,7,7,0,429,6.063785208687608,0,0,4,2,9,232,5.4510384535657,1,1,1,2,1,2,0,0.0,0,1,0,0,0,0,429,6.063785208687608,0,0,4,2,9,135,4.912654885736052,1,0,0,0,2,5,20,3.044522437723423,1,1,2,0,6,0,1,3,162.0
1,616,6.424869023905388,1,1,1,0,6,7,9,1,3,616,6.424869023905388,1,1,1,0,6,117,4.770684624465665,1,0,0,2,5,7,0,0.0,0,1,0,0,0,0,616,6.424869023905388,1,1,1,0,6,468,6.150602768446279,1,1,0,3,6,8,77,4.356708826689592,1,0,2,2,0,7,1,7,37.0
2,957,6.86484777797086,0,0,2,5,7,15,3,8,0,957,6.86484777797086,0,0,2,5,7,61,4.127134385045092,1,0,1,1,5,1,0,0.0,0,1,0,0,0,0,957,6.86484777797086,0,0,2,5,7,732,6.597145701886651,1,1,0,2,4,2,137,4.927253685157205,1,0,2,2,4,7,1,4,4.0
6,1730,7.456454555176209,1,2,0,1,0,3,17,10,5,1730,7.456454555176209,1,2,0,1,0,92,4.532599493153256,1,1,2,2,1,2,0,0.0,0,1,0,0,0,0,1730,7.456454555176209,1,2,0,1,0,1188,7.080867896690782,1,1,0,3,5,8,35,3.58351893845611,1,0,2,0,0,5,1,3,188.0
3,908,6.812345094177479,1,2,3,5,8,9,9,14,3,908,6.812345094177479,1,2,3,5,8,797,6.682108597449809,1,0,2,2,6,7,0,0.0,0,1,0,0,0,0,908,6.812345094177479,1,2,3,5,8,138,4.9344739331306915,1,1,0,3,5,8,653,6.483107351457199,1,0,2,3,2,3,1,3,87.0
1,769,6.646390514847729,0,1,4,6,9,13,13,14,3,769,6.646390514847729,0,1,4,6,9,272,5.60947179518496,1,1,2,2,6,2,0,0.0,0,1,0,0,0,0,769,6.646390514847729,0,1,4,6,9,481,6.1779441140506,1,0,1,1,5,1,280,5.638354669333745,1,1,1,0,0,0,1,3,0.0
1,643,6.467698726104354,0,1,3,6,3,17,8,1,3,631,6.448889394146858,0,1,1,1,1,0,0.0,0,1,0,0,0,0,0,0.0,0,1,0,0,0,0,643,6.467698726104354,0,1,3,6,3,415,6.030685260261263,1,0,1,0,2,5,42,3.7612001156935624,1,1,0,2,0,2,1,1,44.0
2,415,6.030685260261263,0,1,0,2,5,9,5,5,3,403,6.0014148779611505,0,1,3,4,3,0,0.0,0,1,0,0,0,0,0,0.0,0,1,0,0,0,0,415,6.030685260261263,0,1,0,2,5,358,5.883322388488279,1,1,1,3,1,8,21,3.091042453358316,1,0,0,1,0,1,1,1,1.0
6,1522,7.328437352895162,1,1,2,3,2,8,11,13,2,1522,7.328437352895162,1,1,2,3,2,473,6.161207321695077,1,0,2,3,4,3,0,0.0,0,1,0,0,0,0,1522,7.328437352895162,1,1,2,3,2,1071,6.977281341630747,1,0,0,1,0,1,414,6.028278520230698,1,1,0,4,1,4,1,3,32.0
7,588,6.3784261836515865,1,0,3,0,8,17,14,2,2,276,5.6240175061873385,1,0,1,3,6,0,0.0,0,1,0,0,0,0,0,0.0,0,1,0,0,0,0,588,6.3784261836515865,1,0,3,0,8,3,1.3862943611198906,1,0,0,3,3,3,72,4.290459441148391,1,1,0,2,2,2,3,5,43.0
0,967,6.875232087276577,0,1,2,1,7,5,11,14,2,967,6.875232087276577,0,1,2,1,7,414,6.028278520230698,1,1,0,4,1,4,0,0.0,0,1,0,0,0,0,967,6.875232087276577,0,1,2,1,7,685,6.530877627725885,1,0,1,0,6,5,21,3.091042453358316,1,0,0,1,0,1,1,3,218.0
8,1858,7.527793987721444,1,1,3,3,8,5,8,11,0,1858,7.527793987721444,1,1,3,3,8,1858,7.527793987721444,1,1,1,3,3,8,236,5.4680601411351315,1,1,2,1,5,6,1858,7.527793987721444,1,1,3,3,8,645,6.470799503782602,1,0,0,0,1,5,314,5.752572638825633,1,1,2,4,6,4,1,6,893.0
6,1575,7.362645270417825,0,0,0,0,5,14,1,3,0,1575,7.362645270417825,0,0,0,0,5,80,4.394449154672439,1,1,2,0,3,0,0,0.0,0,1,0,0,0,0,1575,7.362645270417825,0,0,0,0,5,1447,7.277938572945661,1,0,1,2,5,7,65,4.189654742026425,1,0,2,0,2,5,1,3,26.0
2,591,6.3835066348840055,0,0,1,3,1,3,16,1,0,591,6.3835066348840055,0,0,1,3,1,591,6.3835066348840055,1,0,0,1,3,1,107,4.68213122712422,1,0,2,2,2,7,591,6.3835066348840055,0,0,1,3,1,79,4.382026634673881,1,0,1,4,2,9,296,5.6937321388027,1,1,2,1,2,6,1,6,206.0
6,1655,7.412160334945205,0,2,0,3,5,9,14,0,0,1655,7.412160334945205,0,2,0,3,5,62,4.143134726391533,1,1,2,2,6,2,0,0.0,0,1,0,0,0,0,1655,7.412160334945205,0,2,0,3,5,1404,7.247792581767846,1,1,0,4,4,4,89,4.499809670330265,1,0,2,4,5,9,1,3,45.0
3,974,6.882437470997847,1,2,4,1,4,9,15,8,2,974,6.882437470997847,1,2,4,1,4,974,6.882437470997847,1,1,2,4,1,4,170,5.14166355650266,1,1,2,0,2,0,974,6.882437470997847,1,2,4,1,4,119,4.787491742782046,1,0,2,4,0,9,545,6.302618975744905,1,0,2,0,6,5,1,6,303.0
3,1036,6.9440872082295275,1,1,1,0,6,7,15,8,5,1036,6.9440872082295275,1,1,1,0,6,362,5.8944028342648505,1,1,2,2,5,2,0,0.0,0,1,0,0,0,0,1036,6.9440872082295275,1,1,1,0,6,509,6.234410725718371,1,0,2,4,5,9,416,6.0330862217988015,1,1,2,1,3,6,1,3,19.0
1,649,6.476972362889683,0,1,4,5,9,7,16,15,1,649,6.476972362889683,0,1,4,5,9,298,5.700443573390687,1,1,1,3,4,8,0,0.0,0,1,0,0,0,0,649,6.476972362889683,0,1,4,5,9,353,5.869296913133774,1,0,2,3,3,3,117,4.770684624465665,1,0,0,2,5,7,1,3,120.0
4,1339,7.200424892944957,0,1,4,2,9,7,12,14,0,1339,7.200424892944957,0,1,4,2,9,1126,7.027314514039777,1,1,1,1,6,6,0,0.0,0,1,0,0,0,0,1339,7.200424892944957,0,1,4,2,9,289,5.66988092298052,1,0,1,4,2,9,83,4.430816798843313,1,0,2,3,6,3,1,3,670.0
1,876,6.776506992372183,1,0,1,1,6,5,11,5,5,876,6.776506992372183,1,0,1,1,6,278,5.631211781821365,1,1,2,3,5,8,0,0.0,0,1,0,0,0,0,876,6.776506992372183,1,0,1,1,6,525,6.26530121273771,1,0,0,0,0,5,28,3.367295829986474,1,1,1,3,0,8,1,3,191.0
5,1985,7.593877844605118,0,2,0,4,5,0,17,3,2,1985,7.593877844605118,0,2,0,4,5,190,5.25227342804663,1,1,1,0,1,0,0,0.0,0,1,0,0,0,0,1985,7.593877844605118,0,2,0,4,5,1774,7.4815557019095165,1,1,1,4,3,4,181,5.204006687076795,1,0,1,1,6,1,1,3,13.0
7,1722,7.45182223652793,1,0,2,0,2,2,12,7,3,1722,7.45182223652793,1,0,2,0,2,1202,7.0925737159746784,1,1,2,2,5,2,0,0.0,0,1,0,0,0,0,1722,7.45182223652793,1,0,2,0,2,383,5.950642552587727,1,0,2,3,5,3,717,6.576469569048224,1,0,0,2,3,7,1,3,369.0
0,1557,7.351158226430694,0,0,2,3,7,8,12,11,1,1557,7.351158226430694,0,0,2,3,7,885,6.786716950605081,1,0,0,0,3,5,0,0.0,0,1,0,0,0,0,1557,7.351158226430694,0,0,2,3,7,669,6.507277712385012,1,0,0,4,4,9,867,6.7661917146603505,1,0,0,2,6,7,3,3,13.0
4,416,6.0330862217988015,1,2,1,3,6,13,16,11,1,416,6.0330862217988015,1,2,1,3,6,228,5.43372200355424,1,1,0,3,4,8,0,0.0,0,1,0,0,0,0,416,6.0330862217988015,1,2,1,3,6,90,4.51085950651685,1,1,0,0,6,0,169,5.135798437050262,1,0,1,4,1,9,1,3,72.0
3,491,6.198478716492308,0,2,1,1,1,9,10,16,2,491,6.198478716492308,0,2,1,1,1,107,4.68213122712422,1,0,2,2,2,7,0,0.0,0,1,0,0,0,0,491,6.198478716492308,0,2,1,1,1,316,5.75890177387728,1,1,1,1,1,6,90,4.51085950651685,1,1,0,0,6,0,1,3,34.0
1,574,6.354370040797351,1,1,4,0,4,4,17,5,3,574,6.354370040797351,1,1,4,0,4,193,5.267858159063328,1,0,1,3,4,3,0,0.0,0,1,0,0,0,0,574,6.354370040797351,1,1,4,0,4,168,5.1298987149230735,1,1,0,3,0,8,112,4.727387818712341,1,1,1,2,0,2,1,3,125.0
7,818,6.70808408385307,1,2,3,6,8,5,15,17,5,818,6.70808408385307,1,2,3,6,8,818,6.70808408385307,1,1,2,3,6,8,43,3.784189633918261,1,0,1,3,1,3,818,6.70808408385307,1,2,3,6,8,194,5.272999558563747,1,1,2,4,5,4,336,5.820082930352362,1,1,0,1,0,6,1,6,271.0
5,597,6.393590753950631,0,0,2,2,7,17,13,5,2,597,6.393590753950631,0,0,2,2,7,135,4.912654885736052,1,0,0,0,2,5,0,0.0,0,1,0,0,0,0,597,6.393590753950631,0,0,2,2,7,441,6.091309882077698,1,0,0,1,0,1,78,4.3694478524670215,1,1,0,3,1,8,3,3,45.0
3,1128,7.029087564149662,1,0,3,1,8,13,7,6,0,1128,7.029087564149662,1,0,3,1,8,944,6.851184927493743,1,1,2,4,6,4,0,0.0,0,1,0,0,0,0,1128,7.029087564149662,1,0,3,1,8,165,5.111987788356544,1,0,0,0,4,5,949,6.856461984594587,1,0,1,4,4,9,1,3,3.0
2,954,6.86171134048073,1,0,4,2,4,11,4,3,4,954,6.86171134048073,1,0,4,2,4,857,6.754604099487962,1,0,2,2,3,7,0,0.0,0,1,0,0,0,0,954,6.86171134048073,1,0,4,2,4,254,5.541263545158426,1,1,2,4,2,4,537,6.2878585601617845,1,0,0,2,5,7,1,3,161.0
1,1282,7.1569563646156364,1,1,2,1,2,16,3,6,0,711,6.568077911411976,0,0,1,4,1,0,0.0,0,1,0,0,0,0,0,0.0,0,1,0,0,0,0,1282,7.1569563646156364,1,1,2,1,2,638,6.459904454377535,1,1,2,3,1,8,35,3.58351893845611,1,0,2,0,0,5,1,1,1.0
7,389,5.966146739123692,0,2,4,4,9,6,6,15,3,389,5.966146739123692,0,2,4,4,9,106,4.672828834461906,1,1,1,1,1,6,0,0.0,0,1,0,0,0,0,389,5.966146739123692,0,2,4,4,9,289,5.66988092298052,1,0,1,4,2,9,76,4.343805421853684,1,1,1,1,6,6,1,3,18.0
6,1675,7.424165281042028,0,1,0,2,5,10,17,17,3,1675,7.424165281042028,0,1,0,2,5,932,6.838405200847344,1,1,2,2,1,2,0,0.0,0,1,0,0,0,0,1675,7.424165281042028,0,1,0,2,5,772,6.650279048587422,1,1,1,2,2,2,874,6.774223886357614,1,1,1,4,6,4,1,3,29.0
0,1784,7.487173694213739,1,2,4,6,4,5,2,5,1,1784,7.487173694213739,1,2,4,6,4,703,6.556778356158042,1,0,1,3,3,3,0,0.0,0,1,0,0,0,0,1784,7.487173694213739,1,2,4,6,4,115,4.7535901911063645,1,0,1,0,3,5,1042,6.949856455000773,1,1,1,2,6,2,1,3,96.0
7,598,6.395261598115449,1,1,3,3,8,9,13,11,5,593,6.386879319362645,0,2,3,5,3,0,0.0,0,1,0,0,0,0,0,0.0,0,1,0,0,0,0,598,6.395261598115449,1,1,3,3,8,503,6.222576268071369,1,0,2,3,6,3,27,3.332204510175204,1,0,0,2,6,7,1,1,12.0
1,1878,7.538494999413465,1,0,3,2,8,17,2,6,3,1878,7.538494999413465,1,0,3,2,8,401,5.996452088619021,1,0,2,1,2,1,0,0.0,0,1,0,0,0,0,1878,7.538494999413465,1,0,3,2,8,1108,7.011213987350367,1,1,1,3,2,8,59,4.0943445622221,1,0,2,4,3,9,1,3,351.0
2,1530,7.333676395657684,1,0,0,4,0,15,0,13,4,1141,7.040536390215956,0,1,1,0,1,0,0.0,0,1,0,0,0,0,0,0.0,0,1,0,0,0,0,1530,7.333676395657684,1,0,0,4,0,26,3.295836866004329,1,1,2,1,5,6,178,5.187385805840755,1,1,1,3,3,8,1,1,253.0
1,1857,7.527255919373784,0,0,2,2,7,16,0,3,0,1857,7.527255919373784,0,0,2,2,7,733,6.598509028614515,1,0,1,3,5,3,0,0.0,0,1,0,0,0,0,1857,7.527255919373784,0,0,2,2,7,895,6.79794041297493,1,0,1,0,6,5,726,6.588926477533519,1,1,0,1,5,6,1,3,81.0
5,1073,6.97914527506881,0,2,3,2,3,11,6,4,2,1073,6.97914527506881,0,2,3,2,3,73,4.30406509320417,1,0,1,3,3,3,0,0.0,0,1,0,0,0,0,1073,6.97914527506881,0,2,3,2,3,874,6.774223886357614,1,1,1,4,6,4,121,4.804021044733257,1,0,1,1,2,1,1,3,10.0
1,1281,7.156176637480615,0,0,1,0,1,11,15,6,5,1280,7.155396301896734,1,2,0,6,0,0,0.0,0,1,0,0,0,0,0,0.0,0,1,0,0,0,0,1281,7.156176637480615,0,0,1,0,1,1243,7.126087273299125,1,0,1,3,4,3,11,2.4849066497880004,1,0,2,1,4,1,1,2,5.0
5,823,6.714170529909472,0,1,3,4,3,0,11,10,3,823,6.714170529909472,0,1,3,4,3,270,5.602118820879701,1,1,0,0,4,0,0,0.0,0,1,0,0,0,0,823,6.714170529909472,0,1,3,4,3,624,6.437751649736401,1,1,0,4,1,4,14,2.70805020110221,1,1,2,4,0,4,1,3,147.0
6,1621,7.3914152346753585,0,1,1,4,1,8,16,1,4,1621,7.3914152346753585,0,1,1,4,1,1148,7.046647277848756,1,1,2,3,0,8,0,0.0,0,1,0,0,0,0,1621,7.3914152346753585,0,1,1,4,1,245,5.5053315359323625,1,0,2,0,0,5,548,6.3080984415095305,1,1,2,3,2,8,1,3,476.0
4,1308,7.1770187659099,1,0,3,6,8,17,3,17,2,1308,7.1770187659099,1,0,3,6,8,540,6.293419278846481,1,1,0,0,1,0,0,0.0,0,1,0,0,0,0,1308,7.1770187659099,1,0,3,6,8,571,6.349138991379798,1,0,1,1,4,1,580,6.364750756851911,1,1,1,0,6,0,1,3,39.0
0,1597,7.37650812632622,0,1,2,1,7,2,14,7,5,1597,7.37650812632622,0,1,2,1,7,439,6.0867747269123065,1,0,1,4,5,9,0,0.0,0,1,0,0,0,0,1597,7.37650812632622,0,1,2,1,7,1097,7.001245622069476,1,0,2,2,5,7,318,5.765191102784844,1,1,0,3,3,8,1,3,101.0
3,1957,7.579678823090456,0,1,2,4,7,3,11,9,5,1957,7.579678823090456,0,1,2,4,7,323,5.780743515792329,1,0,2,3,1,3,0,0.0,0,1,0,0,0,0,1957,7.579678823090456,0,1,2,4,7,1544,7.3427791893318455,1,1,2,4,4,4,65,4.189654742026425,1,0,2,0,2,5,1,3,202.0
2,714,6.5722825426940075,1,0,4,0,4,2,16,15,5,714,6.5722825426940075,1,0,4,0,4,94,4.553876891600541,1,1,1,4,3,4,0,0.0,0,1,0,0,0,0,714,6.5722825426940075,1,0,4,0,4,510,6.236369590203704,1,1,0,0,6,0,83,4.430816798843313,1,0,2,3,6,3,1,3,44.0
6,445,6.100318952020064,0,1,0,4,5,11,0,15,3,445,6.100318952020064,0,1,0,4,5,136,4.919980925828125,1,1,1,1,3,6,0,0.0,0,1,0,0,0,0,445,6.100318952020064,0,1,0,4,5,255,5.545177444479562,1,0,0,0,3,5,160,5.081404364984463,1,1,1,0,6,0,1,3,2.0
8,585,6.373319789577012,0,0,0,4,5,9,1,11,4,585,6.373319789577012,0,0,0,4,5,229,5.438079308923196,1,0,1,4,5,9,0,0.0,0,1,0,0,0,0,585,6.373319789577012,0,0,0,4,5,374,5.926926025970411,1,1,2,4,3,4,121,4.804021044733257,1,0,1,1,2,1,1,3,66.0
8,826,6.717804695023691,1,1,1,0,6,6,0,17,4,826,6.717804695023691,1,1,1,0,6,164,5.10594547390058,1,1,2,4,3,4,0,0.0,0,1,0,0,0,0,826,6.717804695023691,1,1,1,0,6,647,6.473890696352274,1,0,2,2,3,7,125,4.836281906951478,1,0,2,0,6,5,1,3,31.0
4,1257,7.1372784372603855,0,0,2,4,7,0,2,13,5,1149,7.047517221357296,0,0,4,1,9,0,0.0,0,1,0,0,0,0,0,0.0,0,1,0,0,0,0,1257,7.1372784372603855,0,0,2,4,7,411,6.021023349349527,1,0,0,1,5,1,222,5.407171771460119,1,1,0,2,5,2,3,1,98.0
6,1714,7.44716835960004,1,1,4,6,4,13,11,9,1,1714,7.44716835960004,1,1,4,6,4,1714,7.44716835960004,1,1,1,4,6,4,604,6.405228458030842,1,1,1,4,2,4,1714,7.44716835960004,1,1,4,6,4,68,4.23410650459726,1,1,2,3,5,8,110,4.709530201312334,1,1,2,0,5,0,2,6,1248.0
2,1426,7.2633296174768365,1,1,1,5,6,7,4,15,0,1426,7.2633296174768365,1,1,1,5,6,1255,7.135687347028144,1,0,1,0,2,5,0,0.0,0,1,0,0,0,0,1426,7.2633296174768365,1,1,1,5,6,175,5.170483995038151,1,0,1,0,0,5,1109,7.01211529430638,1,0,2,4,3,9,1,3,96.0
2,548,6.3080984415095305,1,2,3,2,8,4,17,14,3,548,6.3080984415095305,1,2,3,2,8,35,3.58351893845611,1,0,2,0,0,5,0,0.0,0,1,0,0,0,0,548,6.3080984415095305,1,2,3,2,8,481,6.1779441140506,1,0,1,1,5,1,51,3.9512437185814275,1,0,0,1,2,1,1,3,0.0
4,1207,7.0967213784947605,0,1,2,3,7,17,12,16,0,1207,7.0967213784947605,0,1,2,3,7,380,5.942799375126701,1,1,2,0,2,0,0,0.0,0,1,0,0,0,0,1207,7.0967213784947605,0,1,2,3,7,544,6.300785794663244,1,1,1,4,5,4,73,4.30406509320417,1,0,1,3,3,3,1,3,299.0
2,1878,7.538494999413465,1,0,3,2,8,10,14,2,3,1878,7.538494999413465,1,0,3,2,8,1878,7.538494999413465,1,1,0,3,2,8,919,6.824373670043086,1,0,1,4,2,9,1878,7.538494999413465,1,0,3,2,8,54,4.007333185232471,1,1,0,4,5,4,725,6.587550014824796,1,0,2,0,4,5,1,6,1057.0
1,1716,7.448333860897476,1,0,1,1,6,10,12,16,5,1716,7.448333860897476,1,0,1,1,6,139,4.941642422609304,1,0,1,4,6,9,0,0.0,0,1,0,0,0,0,1716,7.448333860897476,1,0,1,1,6,1435,7.269616749608169,1,0,1,0,0,5,183,5.214935757608986,1,0,0,3,1,3,1,3,18.0
5,1020,6.928537818164665,1,0,0,5,0,4,6,15,2,1020,6.928537818164665,1,0,0,5,0,349,5.857933154483459,1,0,1,4,6,9,0,0.0,0,1,0,0,0,0,1020,6.928537818164665,1,0,0,5,0,747,6.617402977974478,1,0,0,2,5,7,113,4.736198448394496,1,0,2,3,1,3,1,3,132.0
2,1729,7.455876687491824,0,1,4,0,9,15,6,10,4,1729,7.455876687491824,0,1,4,0,9,844,6.739336627357174,1,1,1,4,4,4,0,0.0,0,1,0,0,0,0,1729,7.455876687491824,0,1,4,0,9,33,3.5263605246161616,1,0,0,3,5,3,421,6.045005314036012,1,0,1,1,1,1,1,3,566.0
8,1507,7.318539548567902,0,1,2,2,7,8,13,16,3,1232,7.117205503164344,1,2,2,0,2,0,0.0,0,1,0,0,0,0,0,0.0,0,1,0,0,0,0,1507,7.318539548567902,0,1,2,2,7,385,5.955837369464831,1,0,1,0,0,5,341,5.834810737062605,1,0,2,1,5,1,11,1,55.0
8,817,6.706862336602747,0,1,2,5,7,15,2,1,2,817,6.706862336602747,0,1,2,5,7,72,4.290459441148391,1,1,0,2,2,2,0,0.0,0,1,0,0,0,0,817,6.706862336602747,0,1,2,5,7,705,6.559615237493242,1,0,0,0,5,5,86,4.465908118654584,1,1,2,1,2,6,1,3,4.0
1,551,6.313548046277095,0,2,1,5,1,14,12,1,3,551,6.313548046277095,0,2,1,5,1,341,5.834810737062605,1,0,2,1,5,1,0,0.0,0,1,0,0,0,0,551,6.313548046277095,0,2,1,5,1,321,5.7745515455444085,1,0,0,1,6,1,71,4.276666119016055,1,0,2,1,1,1,1,3,143.0
5,1831,7.513163545234075,0,1,1,4,1,8,6,12,0,1831,7.513163545234075,0,1,1,4,1,120,4.795790545596741,1,1,0,0,1,0,0,0.0,0,1,0,0,0,0,1831,7.513163545234075,0,1,1,4,1,1713,7.446585099157725,1,0,0,3,5,3,32,3.4965075614664802,1,1,2,2,4,2,1,3,58.0
6,316,5.75890177387728,1,1,1,1,6,11,12,1,1,316,5.75890177387728,1,1,1,1,6,29,3.4011973816621555,1,0,2,4,1,9,0,0.0,0,1,0,0,0,0,316,5.75890177387728,1,1,1,1,6,270,5.602118820879701,1,1,0,0,4,0,21,3.091042453358316,1,0,0,1,0,1,1,3,11.0
3,1415,7.255591274253665,0,2,0,1,5,13,4,9,5,1415,7.255591274253665,0,2,0,1,5,54,4.007333185232471,1,1,0,4,5,4,0,0.0,0,1,0,0,0,0,1415,7.255591274253665,0,2,0,1,5,846,6.741700694652055,1,1,0,1,6,6,253,5.537334267018537,1,0,1,3,1,3,1,3,39.0
7,602,6.401917196727186,1,2,2,0,2,17,6,1,5,602,6.401917196727186,1,2,2,0,2,408,6.013715156042802,1,1,0,3,2,8,0,0.0,0,1,0,0,0,0,602,6.401917196727186,1,2,2,0,2,210,5.351858133476067,1,1,0,0,0,0,370,5.916202062607435,1,1,1,0,6,0,2,3,20.0
1,884,6.785587645007929,1,2,4,2,4,8,16,16,1,884,6.785587645007929,1,2,4,2,4,762,6.637258031284457,1,1,0,2,6,2,0,0.0,0,1,0,0,0,0,884,6.785587645007929,1,2,4,2,4,114,4.74493212836325,1,1,0,4,2,4,685,6.530877627725885,1,0,1,0,6,5,1,3,54.0
1,1443,7.275172319452771,0,0,3,1,3,5,4,8,0,1443,7.275172319452771,0,0,3,1,3,1117,7.0192966537150445,1,0,1,2,4,7,0,0.0,0,1,0,0,0,0,1443,7.275172319452771,0,0,3,1,3,316,5.75890177387728,1,1,1,1,1,6,549,6.309918278226516,1,0,0,4,3,9,1,3,382.0
1,562,6.333279628139691,1,1,2,2,2,13,14,8,2,298,5.700443573390687,1,1,3,4,8,0,0.0,0,1,0,0,0,0,0,0.0,0,1,0,0,0,0,562,6.333279628139691,1,1,2,2,2,37,3.6375861597263857,1,0,1,2,2,7,93,4.543294782270004,1,0,0,3,2,3,1,1,25.0
3,1804,7.498315870766981,1,1,4,5,4,0,3,10,4,1804,7.498315870766981,1,1,4,5,4,159,5.075173815233827,1,0,0,4,5,9,0,0.0,0,1,0,0,0,0,1804,7.498315870766981,1,1,4,5,4,1608,7.3833681469923835,1,1,0,3,5,8,44,3.8066624897703196,1,1,2,4,2,4,1,6,89.0
4,560,6.329720905522696,1,2,0,0,0,4,8,6,3,560,6.329720905522696,1,2,0,0,0,457,6.126869184114185,1,0,1,2,2,7,0,0.0,0,1,0,0,0,0,560,6.329720905522696,1,2,0,0,0,120,4.795790545596741,1,1,0,0,1,0,357,5.8805329864007,1,0,0,2,0,7,1,3,61.0
8,695,6.54534966033442,0,2,0,2,5,3,10,11,4,695,6.54534966033442,0,2,0,2,5,103,4.6443908991413725,1,0,1,3,5,3,0,0.0,0,1,0,0,0,0,695,6.54534966033442,0,2,0,2,5,596,6.391917113392602,1,1,2,1,1,6,86,4.465908118654584,1,1,2,1,2,6,1,3,10.0
3,689,6.536691597591305,0,2,4,3,9,15,11,15,1,689,6.536691597591305,0,2,4,3,9,60,4.110873864173311,1,1,0,0,4,0,0,0.0,0,1,0,0,0,0,689,6.536691597591305,0,2,4,3,9,525,6.26530121273771,1,0,0,0,0,5,73,4.30406509320417,1,0,1,3,3,3,1,3,26.0
4,434,6.075346031088684,1,2,4,0,4,2,12,0,3,360,5.8888779583328805,1,0,0,3,0,0,0.0,0,1,0,0,0,0,0,0.0,0,1,0,0,0,0,434,6.075346031088684,1,2,4,0,4,320,5.771441123130016,1,1,2,0,5,0,2,1.0986122886681098,1,1,2,2,2,2,2,5,12.0
8,1640,7.403061091090091,1,2,0,2,0,9,5,9,5,1640,7.403061091090091,1,2,0,2,0,729,6.593044534142437,1,0,0,4,1,9,0,0.0,0,1,0,0,0,0,1640,7.403061091090091,1,2,0,2,0,161,5.087596335232384,1,0,2,1,0,1,384,5.953243334287785,1,1,0,4,6,4,1,3,480.0
0,1325,7.189922170745808,0,2,0,2,5,7,17,2,1,1325,7.189922170745808,0,2,0,2,5,1006,6.914730892718563,1,1,1,1,5,6,0,0.0,0,1,0,0,0,0,1325,7.189922170745808,0,2,0,2,5,227,5.429345628954441,1,0,2,2,3,7,452,6.115892125483034,1,1,2,2,4,2,1,3,400.0
6,808,6.695798917058491,1,1,3,3,8,14,9,9,2,808,6.695798917058491,1,1,3,3,8,518,6.251903883165888,1,1,2,3,0,8,0,0.0,0,1,0,0,0,0,808,6.695798917058491,1,1,3,3,8,349,5.857933154483459,1,0,1,4,6,9,322,5.777652323222656,1,1,1,2,0,2,1,3,111.0
1,1537,7.338238150065589,0,1,2,4,7,4,11,10,4,1537,7.338238150065589,0,1,2,4,7,109,4.700480365792417,1,0,1,4,4,9,0,0.0,0,1,0,0,0,0,1537,7.338238150065589,0,1,2,4,7,1427,7.2640301428995295,1,0,2,2,6,7,105,4.663439094112067,1,0,0,0,0,5,1,3,3.0
4,1798,7.4949862339505335,1,1,3,6,8,5,15,14,3,1798,7.4949862339505335,1,1,3,6,8,483,6.182084906716632,1,0,0,3,0,3,0,0.0,0,1,0,0,0,0,1798,7.4949862339505335,1,1,3,6,8,537,6.2878585601617845,1,0,0,2,5,7,737,6.6039438246004725,1,0,2,2,2,7,1,3,90.0
7,1590,7.372118028337787,1,0,0,1,0,11,14,12,0,1590,7.372118028337787,1,0,0,1,0,620,6.431331081933479,1,1,2,0,4,0,0,0.0,0,1,0,0,0,0,1590,7.372118028337787,1,0,0,1,0,1030,6.93828448401696,1,1,1,0,1,0,260,5.564520407322694,1,1,2,0,1,0,10,3,220.0
5,427,6.059123195581797,0,1,2,0,7,10,3,5,4,427,6.059123195581797,0,1,2,0,7,273,5.6131281063880705,1,0,0,3,0,3,0,0.0,0,1,0,0,0,0,427,6.059123195581797,0,1,2,0,7,54,4.007333185232471,1,1,0,4,5,4,296,5.6937321388027,1,1,2,1,2,6,1,3,18.0
8,415,6.030685260261263,0,1,0,2,5,7,14,8,3,415,6.030685260261263,0,1,0,2,5,159,5.075173815233827,1,0,0,4,5,9,0,0.0,0,1,0,0,0,0,415,6.030685260261263,0,1,0,2,5,280,5.638354669333745,1,1,1,0,0,0,111,4.718498871295094,1,0,0,1,6,1,1,3,24.0
2,512,6.240275845170769,1,2,2,1,2,2,4,6,2,512,6.240275845170769,1,2,2,1,2,331,5.805134968916488,1,0,1,1,2,1,0,0.0,0,1,0,0,0,0,512,6.240275845170769,1,2,2,1,2,181,5.204006687076795,1,0,1,1,6,1,331,5.805134968916488,1,0,1,1,2,1,1,4,0.0
2,1182,7.075808863978387,1,0,2,6,2,6,16,12,4,1182,7.075808863978387,1,0,2,6,2,37,3.6375861597263857,1,0,1,2,2,7,0,0.0,0,1,0,0,0,0,1182,7.075808863978387,1,0,2,6,2,798,6.683360945766275,1,1,0,3,0,8,47,3.871201010907891,1,0,2,2,5,7,1,3,109.0
5,1325,7.189922170745808,0,2,0,2,5,16,17,17,4,1325,7.189922170745808,0,2,0,2,5,288,5.666426688112432,1,1,0,3,1,8,0,0.0,0,1,0,0,0,0,1325,7.189922170745808,0,2,0,2,5,290,5.673323267171493,1,1,2,0,3,0,585,6.373319789577012,1,0,0,0,4,5,1,3,51.0
8,1341,7.201916317531627,0,0,1,4,1,17,8,5,3,1298,7.1693500166706,1,2,3,3,8,0,0.0,0,1,0,0,0,0,0,0.0,0,1,0,0,0,0,1341,7.201916317531627,0,0,1,4,1,639,6.461468176353717,1,0,0,4,2,9,130,4.875197323201151,1,1,1,0,4,0,1,1,133.0
7,627,6.4425401664681985,0,0,2,4,7,6,3,6,4,627,6.4425401664681985,0,0,2,4,7,0,0.0,0,1,0,0,0,0,0,0.0,0,1,0,0,0,0,627,6.4425401664681985,0,0,2,4,7,627,6.4425401664681985,1,0,0,2,4,7,0,0.0,0,1,0,0,0,0,627,6,0.0
8,1265,7.143617602704121,0,2,0,5,5,13,0,0,2,1157,7.05444965813294,0,2,2,2,7,0,0.0,0,1,0,0,0,0,0,0.0,0,1,0,0,0,0,1265,7.143617602704121,0,2,0,5,5,920,6.825460036255307,1,1,2,0,3,0,33,3.5263605246161616,1,0,0,3,5,3,1,1,57.0
8,1904,7.552237287560802,1,2,4,0,4,0,3,17,5,1904,7.552237287560802,1,2,4,0,4,1058,6.9650803456014065,1,1,2,3,1,8,0,0.0,0,1,0,0,0,0,1904,7.552237287560802,1,2,4,0,4,355,5.87493073085203,1,0,1,0,5,5,387,5.961005339623274,1,0,0,2,2,7,1,3,611.0
0,932,6.838405200847344,1,2,2,1,2,9,4,3,5,932,6.838405200847344,1,2,2,1,2,77,4.356708826689592,1,0,2,2,0,7,0,0.0,0,1,0,0,0,0,932,6.838405200847344,1,2,2,1,2,844,6.739336627357174,1,1,1,4,4,4,72,4.290459441148391,1,1,0,2,2,2,1,3,7.0
6,456,6.124683390894205,1,0,1,1,6,15,6,12,5,456,6.124683390894205,1,0,1,1,6,58,4.07753744390572,1,1,1,3,2,8,0,0.0,0,1,0,0,0,0,456,6.124683390894205,1,0,1,1,6,394,5.978885764901122,1,1,1,4,2,4,60,4.110873864173311,1,1,0,0,4,0,2,3,0.0
1,437,6.082218910376446,0,2,2,3,7,7,7,7,0,437,6.082218910376446,0,2,2,3,7,148,5.003946305945459,1,1,1,3,1,8,0,0.0,0,1,0,0,0,0,437,6.082218910376446,0,2,2,3,7,232,5.4510384535657,1,1,1,2,1,2,166,5.117993812416755,1,1,1,1,5,6,1,3,7.0
3,1282,7.1569563646156364,1,1,2,1,2,5,15,17,0,1282,7.1569563646156364,1,1,2,1,2,921,6.826545223556594,1,0,0,1,4,1,0,0.0,0,1,0,0,0,0,1282,7.1569563646156364,1,1,2,1,2,187,5.236441962829949,1,0,1,2,5,7,999,6.907755278982137,1,0,0,4,5,9,1,3,6.0
4,1057,6.964135612418245,0,1,2,0,7,4,9,17,5,1057,6.964135612418245,0,1,2,0,7,236,5.4680601411351315,1,1,2,1,5,6,0,0.0,0,1,0,0,0,0,1057,6.964135612418245,0,1,2,0,7,704,6.558197802812269,1,1,2,4,4,4,227,5.429345628954441,1,0,2,2,3,7,1,3,45.0
3,428,6.061456918928017,1,2,3,1,8,5,14,17,3,358,5.883322388488279,1,1,3,1,8,0,0.0,0,1,0,0,0,0,0,0.0,0,1,0,0,0,0,428,6.061456918928017,1,2,3,1,8,256,5.54907608489522,1,1,1,1,4,6,27,3.332204510175204,1,0,0,2,6,7,1,1,16.0
8,1296,7.167809184316444,1,0,1,1,6,16,17,3,5,1237,7.121252453244542,0,1,2,5,7,0,0.0,0,1,0,0,0,0,0,0.0,0,1,0,0,0,0,1296,7.167809184316444,1,0,1,1,6,435,6.077642243349034,1,0,0,0,1,5,365,5.902633333401366,1,0,2,0,1,5,1,1,24.0
6,1445,7.27655640271871,0,2,0,3,5,11,3,17,1,1445,7.27655640271871,0,2,0,3,5,1120,7.02197642307216,1,1,1,0,0,0,0,0.0,0,1,0,0,0,0,1445,7.27655640271871,0,2,0,3,5,14,2.70805020110221,1,1,2,4,0,4,1190,7.0825485693553,1,1,2,0,0,0,1,5,57.0
7,693,6.542471960506805,0,0,3,0,3,14,0,12,4,693,6.542471960506805,0,0,3,0,3,523,6.261491684321042,1,0,1,3,5,3,0,0.0,0,1,0,0,0,0,693,6.542471960506805,0,0,3,0,3,109,4.700480365792417,1,0,1,4,4,9,330,5.802118375377063,1,1,0,0,1,0,1,3,149.0
7,541,6.295266001439646,0,1,1,2,1,16,0,13,2,541,6.295266001439646,0,1,1,2,1,372,5.921578419643816,1,1,0,2,1,2,0,0.0,0,1,0,0,0,0,541,6.295266001439646,0,1,1,2,1,219,5.393627546352362,1,0,0,4,2,9,56,4.04305126783455,1,1,2,1,0,6,1,3,194.0
1,1445,7.27655640271871,0,2,0,3,5,14,13,9,2,1445,7.27655640271871,0,2,0,3,5,1155,7.052721049232323,1,0,0,0,0,5,0,0.0,0,1,0,0,0,0,1445,7.27655640271871,0,2,0,3,5,616,6.424869023905388,1,1,1,1,0,6,419,6.040254711277414,1,0,2,4,6,9,1,3,382.0
6,1129,7.029972911706386,0,1,4,2,9,11,13,9,2,648,6.47543271670409,1,0,3,4,8,0,0.0,0,1,0,0,0,0,0,0.0,0,1,0,0,0,0,1129,7.029972911706386,0,1,4,2,9,49,3.912023005428146,1,0,1,4,0,9,226,5.424950017481403,1,1,1,1,2,6,1,1,49.0
7,1518,7.325807502595773,1,0,3,6,8,4,5,3,0,1518,7.325807502595773,1,0,3,6,8,738,6.6052979209482015,1,1,0,3,3,8,0,0.0,0,1,0,0,0,0,1518,7.325807502595773,1,0,3,6,8,952,6.859614903654202,1,1,1,2,0,2,256,5.54907608489522,1,1,1,1,4,6,2,3,264.0
6,940,6.846943139585379,1,1,0,2,0,16,5,12,1,940,6.846943139585379,1,1,0,2,0,131,4.882801922586371,1,0,2,1,5,1,0,0.0,0,1,0,0,0,0,940,6.846943139585379,1,1,0,2,0,834,6.727431724850855,1,1,0,4,1,4,27,3.332204510175204,1,0,0,2,6,7,1,3,61.0
6,1608,7.3833681469923835,1,0,3,5,8,0,16,14,2,1319,7.1853870155804165,0,2,4,3,9,0,0.0,0,1,0,0,0,0,0,0.0,0,1,0,0,0,0,1608,7.3833681469923835,1,0,3,5,8,160,5.081404364984463,1,1,1,0,6,0,26,3.295836866004329,1,1,2,1,5,6,1,1,369.0
7,1967,7.584773077612199,0,2,2,0,7,5,15,9,1,1967,7.584773077612199,0,2,2,0,7,1297,7.168579897264035,1,0,1,2,2,7,0,0.0,0,1,0,0,0,0,1967,7.584773077612199,0,2,2,0,7,83,4.430816798843313,1,0,2,3,6,3,320,5.771441123130016,1,1,2,0,5,0,1,3,847.0
7,1287,7.160845906664299,0,0,2,6,7,1,7,14,5,1287,7.160845906664299,0,0,2,6,7,424,6.052089168924417,1,1,1,4,4,4,0,0.0,0,1,0,0,0,0,1287,7.160845906664299,0,0,2,6,7,881,6.782192056006791,1,0,2,1,6,1,175,5.170483995038151,1,0,1,0,0,5,1,3,160.0
8,1332,7.195187320178709,1,0,2,2,2,17,3,4,0,1332,7.195187320178709,1,0,2,2,2,874,6.774223886357614,1,1,1,4,6,4,0,0.0,0,1,0,0,0,0,1332,7.195187320178709,1,0,2,2,2,567,6.342121418721152,1,0,0,2,0,7,158,5.0689042022202315,1,1,2,3,4,8,1,3,441.0
2,1635,7.400009517162692,0,0,0,4,5,16,16,5,5,1635,7.400009517162692,0,0,0,4,5,911,6.815639990074331,1,0,2,1,1,1,0,0.0,0,1,0,0,0,0,1635,7.400009517162692,0,0,0,4,5,901,6.804614520062624,1,0,1,1,5,1,200,5.303304908059076,1,1,2,0,4,0,1,3,415.0
3,1539,7.3395376954076745,0,0,4,6,9,1,9,13,0,1539,7.3395376954076745,0,0,4,6,9,1219,7.106606137727303,1,0,1,4,1,9,0,0.0,0,1,0,0,0,0,1539,7.3395376954076745,0,0,4,6,9,249,5.521460917862246,1,0,0,4,4,9,524,6.263398262591624,1,1,2,4,6,4,1,3,487.0
6,1381,7.231287004327616,0,1,1,2,1,3,1,13,4,1381,7.231287004327616,0,1,1,2,1,211,5.356586274672012,1,0,1,1,1,1,0,0.0,0,1,0,0,0,0,1381,7.231287004327616,0,1,1,2,1,970,6.878326468291325,1,1,1,0,4,0,302,5.713732805509369,1,1,2,2,1,2,1,3,6.0
8,564,6.336825731146441,1,0,4,4,4,8,12,5,1,564,6.336825731146441,1,0,4,4,4,86,4.465908118654584,1,1,2,1,2,6,0,0.0,0,1,0,0,0,0,564,6.336825731146441,1,0,4,4,4,209,5.3471075307174685,1,0,2,4,6,9,129,4.867534450455582,1,0,0,4,3,9,1,3,61.0
1,1558,7.351799869057777,1,1,3,4,8,0,5,11,2,1558,7.351799869057777,1,1,3,4,8,913,6.81783057145415,1,0,1,3,3,3,0,0.0,0,1,0,0,0,0,1558,7.351799869057777,1,1,3,4,8,267,5.5909869805108565,1,0,0,2,1,7,1063,6.96979066990159,1,0,1,3,6,3,1,3,26.0
2,571,6.349138991379798,0,1,1,4,1,3,5,10,3,571,6.349138991379798,0,1,1,4,1,179,5.19295685089021,1,0,2,4,4,9,0,0.0,0,1,0,0,0,0,571,6.349138991379798,0,1,1,4,1,393,5.976350909297934,1,0,0,3,1,3,171,5.147494476813453,1,0,0,1,3,1,1,3,5.0
6,1468,7.292337176173877,1,1,3,5,8,4,1,15,4,1468,7.292337176173877,1,1,3,5,8,269,5.598421958998375,1,0,2,4,3,9,0,0.0,0,1,0,0,0,0,1468,7.292337176173877,1,1,3,5,8,0,0.0,0,1,0,0,0,0,405,6.0063531596017325,1,0,0,0,6,5,1,3,309.0
8,1787,7.488852955733459,0,2,2,2,7,3,6,8,2,1787,7.488852955733459,0,2,2,2,7,173,5.159055299214529,1,0,2,3,5,3,0,0.0,0,1,0,0,0,0,1787,7.488852955733459,0,2,2,2,7,1403,7.247080584585756,1,0,2,3,3,3,88,4.48863636973214,1,1,1,3,4,8,1,3,127.0
0,379,5.940171252720432,0,1,4,1,9,12,15,17,4,379,5.940171252720432,0,1,4,1,9,235,5.4638318050256105,1,0,1,0,4,5,0,0.0,0,1,0,0,0,0,379,5.940171252720432,0,1,4,1,9,125,4.836281906951478,1,0,2,0,6,5,135,4.912654885736052,1,0,0,0,2,5,1,3,73.0
1,636,6.456769655572163,1,0,1,6,6,9,14,14,3,636,6.456769655572163,1,0,1,6,6,576,6.3578422665081,1,1,0,1,2,6,0,0.0,0,1,0,0,0,0,636,6.456769655572163,1,0,1,6,6,162,5.093750200806762,1,1,0,2,1,2,282,5.645446897643238,1,1,0,2,2,2,6,3,162.0
1,1597,7.37650812632622,0,1,2,1,7,7,8,3,4,1597,7.37650812632622,0,1,2,1,7,1186,7.079184394609668,1,1,1,1,3,6,0,0.0,0,1,0,0,0,0,1597,7.37650812632622,0,1,2,1,7,985,6.893656354602635,1,0,1,0,5,5,38,3.6635616461296463,1,1,2,3,3,8,1,3,574.0
8,1317,7.183870715062453,0,0,2,1,7,16,14,16,0,1317,7.183870715062453,0,0,2,1,7,7,2.0794415416798357,1,0,1,2,0,7,0,0.0,0,1,0,0,0,0,1317,7.183870715062453,0,0,2,1,7,1310,7.1785454837637,1,1,2,0,1,0,7,2.0794415416798357,1,0,1,2,0,7,1,4,0.0
4,504,6.22455842927536,1,0,4,0,4,6,16,15,2,504,6.22455842927536,1,0,4,0,4,188,5.241747015059643,1,1,2,3,6,8,0,0.0,0,1,0,0,0,0,504,6.22455842927536,1,0,4,0,4,279,5.634789603169249,1,0,0,4,6,9,7,2.0794415416798357,1,0,1,2,0,7,1,6,133.0
5,1657,7.4133673356952405,0,1,2,5,7,2,14,17,2,1657,7.4133673356952405,0,1,2,5,7,892,6.794586580876499,1,1,1,2,3,2,0,0.0,0,1,0,0,0,0,1657,7.4133673356952405,0,1,2,5,7,425,6.054439346269371,1,0,2,0,5,5,507,6.230481447578482,1,0,0,2,3,7,1,3,370.0
6,1701,7.43955930913332,0,0,1,0,1,17,15,2,0,1701,7.43955930913332,0,0,1,0,1,22,3.1354942159291497,1,1,1,2,1,2,0,0.0,0,1,0,0,0,0,1701,7.43955930913332,0,0,1,0,1,1680,7.427144133408616,1,1,0,0,0,0,20,3.044522437723423,1,1,2,0,6,0,1,4,1.0
8,1064,6.970730078143525,1,2,4,0,4,4,11,7,0,1064,6.970730078143525,1,2,4,0,4,353,5.869296913133774,1,0,2,3,3,3,0,0.0,0,1,0,0,0,0,1064,6.970730078143525,1,2,4,0,4,691,6.539585955617669,1,0,1,1,5,1,360,5.8888779583328805,1,1,0,0,3,0,1,3,2.0
2,1507,7.318539548567902,0,1,2,2,7,6,9,11,1,1507,7.318539548567902,0,1,2,2,7,478,6.171700597410915,1,1,1,3,2,8,0,0.0,0,1,0,0,0,0,1507,7.318539548567902,0,1,2,2,7,430,6.066108090103747,1,1,1,0,3,0,728,6.591673732008658,1,1,2,3,0,8,1,3,33.0
7,1388,7.236339342754344,1,2,3,2,8,0,8,11,2,1373,7.2254814727822945,0,2,3,1,3,0,0.0,0,1,0,0,0,0,0,0.0,0,1,0,0,0,0,1388,7.236339342754344,1,2,3,2,8,718,6.577861357721047,1,1,1,3,4,8,32,3.4965075614664802,1,1,2,2,4,2,1,1,197.0
7,1771,7.4798641311650265,0,1,1,0,1,10,8,3,3,1583,7.367708572374371,0,2,3,1,3,0,0.0,0,1,0,0,0,0,0,0.0,0,1,0,0,0,0,1771,7.4798641311650265,0,1,1,0,1,830,6.7226297948554485,1,1,2,0,4,0,231,5.44673737166631,1,0,0,1,0,1,1,1,97.0
0,1612,7.385851078125209,1,1,2,2,2,6,11,3,2,1612,7.385851078125209,1,1,2,2,2,58,4.07753744390572,1,1,1,3,2,8,0,0.0,0,1,0,0,0,0,1612,7.385851078125209,1,1,2,2,2,1331,7.194436851100335,1,0,2,1,1,1,51,3.9512437185814275,1,0,0,1,2,1,1,3,79.0
3,1839,7.517520850603031,0,0,4,5,9,8,13,2,2,1839,7.517520850603031,0,0,4,5,9,882,6.78332520060396,1,1,0,2,0,2,0,0.0,0,1,0,0,0,0,1839,7.517520850603031,0,0,4,5,9,1051,6.9584483932976555,1,0,1,1,1,1,598,6.395261598115449,1,1,1,3,3,8,1,3,158.0
0,1314,7.181591944611865,1,0,4,5,4,9,16,16,5,1314,7.181591944611865,1,0,4,5,4,598,6.395261598115449,1,1,1,3,3,8,0,0.0,0,1,0,0,0,0,1314,7.181591944611865,1,0,4,5,4,723,6.584791392385716,1,0,0,3,2,3,176,5.176149732573829,1,1,2,1,1,6,1,3,279.0
8,1828,7.511524648390866,1,1,3,1,8,3,7,6,5,1828,7.511524648390866,1,1,3,1,8,33,3.5263605246161616,1,0,0,3,5,3,0,0.0,0,1,0,0,0,0,1828,7.511524648390866,1,1,3,1,8,1408,7.25063551189868,1,1,1,3,1,8,90,4.51085950651685,1,1,0,0,6,0,1,3,91.0
8,517,6.249975242259483,0,1,2,6,7,7,3,13,1,517,6.249975242259483,0,1,2,6,7,34,3.5553480614894135,1,1,1,4,6,4,0,0.0,0,1,0,0,0,0,517,6.249975242259483,0,1,2,6,7,473,6.161207321695077,1,0,2,3,4,3,36,3.6109179126442243,1,1,0,1,1,6,1,3,2.0
1,1346,7.205635176410364,1,2,1,2,6,6,2,0,0,1346,7.205635176410364,1,2,1,2,6,178,5.187385805840755,1,1,1,3,3,8,0,0.0,0,1,0,0,0,0,1346,7.205635176410364,1,2,1,2,6,1059,6.966024187106113,1,0,0,4,2,9,27,3.332204510175204,1,0,0,2,6,7,1,3,137.0
2,1165,7.061334366910438,0,1,0,3,5,17,17,7,5,1165,7.061334366910438,0,1,0,3,5,1061,6.967909201801884,1,0,2,1,4,1,0,0.0,0,1,0,0,0,0,1165,7.061334366910438,0,1,0,3,5,506,6.2285110035911835,1,1,2,1,2,6,194,5.272999558563747,1,1,2,4,5,4,1,3,444.0
6,1350,7.208600337960199,1,0,0,6,0,7,5,15,0,1350,7.208600337960199,1,0,0,6,0,891,6.79346613258001,1,0,0,1,2,1,0,0.0,0,1,0,0,0,0,1350,7.208600337960199,1,0,0,6,0,114,4.74493212836325,1,1,0,4,2,4,1026,6.934397209928558,1,1,0,1,4,6,3,4,25.0
5,1377,7.228388451573604,0,0,2,5,7,11,2,0,2,1377,7.228388451573604,0,0,2,5,7,333,5.811140992976701,1,0,0,3,4,3,0,0.0,0,1,0,0,0,0,1377,7.228388451573604,0,0,2,5,7,1187,7.080026499922591,1,0,2,2,4,7,20,3.044522437723423,1,1,2,0,6,0,1,3,161.0
8,1059,6.966024187106113,0,0,4,2,9,8,4,12,1,1059,6.966024187106113,0,0,4,2,9,505,6.226536669287466,1,0,1,0,1,5,0,0.0,0,1,0,0,0,0,1059,6.966024187106113,0,0,4,2,9,688,6.535241271013659,1,1,1,3,2,8,108,4.6913478822291435,1,1,0,3,3,8,1,3,220.0
5,1923,7.562161631225652,0,0,3,5,3,12,12,9,0,1923,7.562161631225652,0,0,3,5,3,1343,7.203405521083095,1,0,2,3,6,3,0,0.0,0,1,0,0,0,0,1923,7.562161631225652,0,0,3,5,3,512,6.240275845170769,1,1,2,2,1,2,309,5.736572297479192,1,0,0,4,1,9,1,3,712.0
5,1701,7.43955930913332,0,0,1,0,1,0,2,5,1,1701,7.43955930913332,0,0,1,0,1,935,6.841615476477592,1,0,2,0,4,5,0,0.0,0,1,0,0,0,0,1701,7.43955930913332,0,0,1,0,1,783,6.664409020350408,1,0,0,3,6,3,721,6.582025138892826,1,0,1,1,0,1,1,3,137.0
5,343,5.840641657373398,0,1,3,0,3,8,9,1,3,269,5.598421958998375,0,2,4,3,9,0,0.0,0,1,0,0,0,0,0,0.0,0,1,0,0,0,0,343,5.840641657373398,0,1,3,0,3,63,4.1588830833596715,1,0,0,3,0,3,97,4.584967478670572,1,0,1,2,6,7,1,1,4.0
5,1489,7.306531398939505,0,1,4,5,9,13,13,16,0,1489,7.306531398939505,0,1,4,5,9,1489,7.306531398939505,1,0,1,4,5,9,160,5.081404364984463,1,1,1,0,6,0,1489,7.306531398939505,0,1,4,5,9,89,4.499809670330265,1,0,2,4,5,9,56,4.04305126783455,1,1,2,1,0,6,1,6,979.0
2,1085,6.990256500493881,0,2,0,0,5,12,13,9,4,1085,6.990256500493881,0,2,0,0,5,697,6.548219102762372,1,0,1,2,4,7,0,0.0,0,1,0,0,0,0,1085,6.990256500493881,0,2,0,0,5,70,4.2626798770413155,1,1,1,0,0,0,724,6.586171654854675,1,1,1,4,3,4,1,3,88.0
8,1954,7.578145472419466,1,1,4,1,4,16,0,4,5,1954,7.578145472419466,1,1,4,1,4,537,6.2878585601617845,1,0,0,2,5,7,0,0.0,0,1,0,0,0,0,1954,7.578145472419466,1,1,4,1,4,1303,7.1731917424865985,1,0,1,3,1,3,564,6.336825731146441,1,1,0,4,4,4,1,3,20.0
4,1277,7.15305163493748,0,2,2,3,7,16,12,17,5,1277,7.15305163493748,0,2,2,3,7,1228,7.113956109566034,1,1,1,3,3,8,0,0.0,0,1,0,0,0,0,1277,7.15305163493748,0,2,2,3,7,47,3.871201010907891,1,0,2,2,5,7,1229,7.114769448366463,1,0,2,4,4,9,1,3,0.0
6,1240,7.123672785204607,1,1,0,1,0,7,12,16,1,1240,7.123672785204607,1,1,0,1,0,48,3.8918202981106265,1,1,0,3,6,8,0,0.0,0,1,0,0,0,0,1240,7.123672785204607,1,1,0,1,0,1195,7.086737934510577,1,0,1,0,5,5,42,3.7612001156935624,1,1,0,2,0,2,1,3,3.0
8,599,6.396929655216146,0,2,4,4,9,6,17,6,2,554,6.318968113746434,1,2,4,1,4,0,0.0,0,1,0,0,0,0,0,0.0,0,1,0,0,0,0,599,6.396929655216146,0,2,4,4,9,123,4.820281565605037,1,0,0,3,4,3,169,5.135798437050262,1,0,1,4,1,9,1,1,31.0
2,839,6.733401891837359,0,2,4,6,9,9,13,10,2,839,6.733401891837359,0,2,4,6,9,9,2.302585092994046,1,0,0,4,2,9,0,0.0,0,1,0,0,0,0,839,6.733401891837359,0,2,4,6,9,805,6.692083742506628,1,0,1,0,0,5,11,2.4849066497880004,1,0,2,1,4,1,1,3,7.0
4,1620,7.390798521735676,1,0,0,3,0,15,10,15,0,1620,7.390798521735676,1,0,0,3,0,416,6.0330862217988015,1,1,2,1,3,6,0,0.0,0,1,0,0,0,0,1620,7.390798521735676,1,0,0,3,0,1189,7.081708586105575,1,0,1,4,6,9,392,5.973809611869261,1,1,2,2,0,2,1,3,21.0
4,1596,7.3758821482150125,1,0,1,0,6,15,14,4,1,1596,7.3758821482150125,1,0,1,0,6,757,6.630683385642372,1,0,1,2,1,7,0,0.0,0,1,0,0,0,0,1596,7.3758821482150125,1,0,1,0,6,1041,6.948897222313312,1,0,0,1,5,1,158,5.0689042022202315,1,1,2,3,4,8,1,3,332.0
3,916,6.821107472256465,1,1,1,6,6,13,7,2,4,916,6.821107472256465,1,1,1,6,6,210,5.351858133476067,1,1,0,0,0,0,0,0.0,0,1,0,0,0,0,916,6.821107472256465,1,1,1,6,6,676,6.517671272912275,1,1,1,1,4,6,201,5.308267697401205,1,0,0,1,5,1,1,3,16.0
6,1114,7.016609683894219,1,1,4,1,4,3,7,6,5,1114,7.016609683894219,1,1,4,1,4,6,1.9459101490553132,1,1,0,1,6,6,0,0.0,0,1,0,0,0,0,1114,7.016609683894219,1,1,4,1,4,760,6.634633357861686,1,1,1,0,4,0,99,4.605170185988092,1,0,0,4,1,9,1,3,54.0
1,387,5.961005339623274,0,0,2,2,7,14,13,8,3,387,5.961005339623274,0,0,2,2,7,254,5.541263545158426,1,1,2,4,2,4,0,0.0,0,1,0,0,0,0,387,5.961005339623274,0,0,2,2,7,219,5.393627546352362,1,0,0,4,2,9,7,2.0794415416798357,1,0,1,2,0,7,1,3,136.0
2,912,6.816735880594968,1,0,2,2,2,9,17,2,4,912,6.816735880594968,1,0,2,2,2,667,6.504288173536645,1,0,1,2,2,7,0,0.0,0,1,0,0,0,0,912,6.816735880594968,1,0,2,2,2,89,4.499809670330265,1,0,2,4,5,9,559,6.327936783729195,1,0,1,4,6,9,1,3,124.0
8,1977,7.589841512182657,0,0,2,3,7,6,14,15,1,1977,7.589841512182657,0,0,2,3,7,1977,7.589841512182657,1,0,0,2,3,7,114,4.74493212836325,1,1,0,4,2,4,1977,7.589841512182657,0,0,2,3,7,308,5.733341276897746,1,1,2,3,0,8,1049,6.956545443151569,1,0,2,4,6,9,1,6,554.0
7,1501,7.31455283232408,0,1,1,3,1,11,2,4,2,1501,7.31455283232408,0,1,1,3,1,267,5.5909869805108565,1,0,0,2,1,7,0,0.0,0,1,0,0,0,0,1501,7.31455283232408,0,1,1,3,1,1031,6.939253946041508,1,0,2,1,2,1,244,5.501258210544727,1,1,1,4,6,4,1,3,83.0
0,617,6.42648845745769,0,2,2,1,7,0,3,17,2,617,6.42648845745769,0,2,2,1,7,552,6.315358001522335,1,1,0,2,6,2,0,0.0,0,1,0,0,0,0,617,6.42648845745769,0,2,2,1,7,261,5.568344503761097,1,0,0,1,2,1,22,3.1354942159291497,1,1,1,2,1,2,1,3,288.0
3,938,6.844815479208263,1,2,3,0,8,13,13,8,2,938,6.844815479208263,1,2,3,0,8,232,5.4510384535657,1,1,1,2,1,2,0,0.0,0,1,0,0,0,0,938,6.844815479208263,1,2,3,0,8,334,5.814130531825066,1,1,1,4,5,4,331,5.805134968916488,1,0,1,1,2,1,1,3,58.0
6,1852,7.52456122628536,1,1,2,4,2,15,6,1,2,1852,7.52456122628536,1,1,2,4,2,175,5.170483995038151,1,0,1,0,0,5,0,0.0,0,1,0,0,0,0,1852,7.52456122628536,1,1,2,4,2,1530,7.333676395657684,1,1,0,0,4,0,193,5.267858159063328,1,0,1,3,4,3,1,3,37.0
2,706,6.561030665896573,1,1,1,6,6,12,14,12,5,702,6.555356891810665,1,0,2,2,2,0,0.0,0,1,0,0,0,0,0,0.0,0,1,0,0,0,0,706,6.561030665896573,1,1,1,6,6,606,6.408528791059498,1,1,0,1,4,6,18,2.9444389791664403,1,1,0,3,4,8,2,2,20.0
6,442,6.093569770045136,1,1,2,1,2,9,2,1,4,442,6.093569770045136,1,1,2,1,2,9,2.302585092994046,1,0,0,4,2,9,0,0.0,0,1,0,0,0,0,442,6.093569770045136,1,1,2,1,2,418,6.037870919922137,1,1,1,3,5,8,12,2.5649493574615367,1,1,0,2,5,2,1,3,3.0
2,923,6.828712071641684,0,2,3,6,3,7,7,3,4,923,6.828712071641684,0,2,3,6,3,537,6.2878585601617845,1,0,0,2,5,7,0,0.0,0,1,0,0,0,0,923,6.828712071641684,0,2,3,6,3,110,4.709530201312334,1,1,2,0,5,0,270,5.602118820879701,1,1,0,0,4,0,1,3,270.0
4,1343,7.203405521083095,0,2,3,6,3,6,17,9,5,1343,7.203405521083095,0,2,3,6,3,1343,7.203405521083095,1,0,2,3,6,3,46,3.8501476017100584,1,1,1,1,4,6,1343,7.203405521083095,0,2,3,6,3,301,5.71042701737487,1,0,1,1,0,1,485,6.186208623900494,1,0,2,0,2,5,1,6,487.0
7,670,6.508769136971682,1,1,0,5,0,4,8,0,1,670,6.508769136971682,1,1,0,5,0,453,6.118097198041348,1,0,0,3,5,3,0,0.0,0,1,0,0,0,0,670,6.508769136971682,1,1,0,5,0,353,5.869296913133774,1,0,2,3,3,3,181,5.204006687076795,1,0,1,1,6,1,1,3,136.0
7,723,6.584791392385716,0,0,3,2,3,0,12,11,2,723,6.584791392385716,0,0,3,2,3,4,1.6094379124341003,1,1,1,4,4,4,0,0.0,0,1,0,0,0,0,723,6.584791392385716,0,0,3,2,3,720,6.580639137284949,1,1,0,0,6,0,2,1.0986122886681098,1,1,2,2,2,2,1,6,1.0
8,566,6.340359303727752,1,2,1,6,6,11,15,17,2,566,6.340359303727752,1,2,1,6,6,29,3.4011973816621555,1,0,2,4,1,9,0,0.0,0,1,0,0,0,0,566,6.340359303727752,1,2,1,6,6,532,6.278521424165844,1,1,1,2,0,2,12,2.5649493574615367,1,1,0,2,5,2,1,3,13.0
8,1132,7.0326242610280065,1,1,2,5,2,17,6,10,4,1132,7.0326242610280065,1,1,2,5,2,302,5.713732805509369,1,1,2,2,1,2,0,0.0,0,1,0,0,0,0,1132,7.0326242610280065,1,1,2,5,2,47,3.871201010907891,1,0,2,2,5,7,272,5.60947179518496,1,1,2,2,6,2,1,3,281.0
8,1076,6.981934677156389,1,2,1,5,6,2,16,11,0,1076,6.981934677156389,1,2,1,5,6,19,2.995732273553991,1,0,1,4,5,9,0,0.0,0,1,0,0,0,0,1076,6.981934677156389,1,2,1,5,6,1045,6.952728644624869,1,0,1,0,2,5,25,3.258096538021482,1,0,1,0,4,5,1,4,0.0
3,1630,7.396948602621014,1,1,0,6,0,0,3,17,1,1630,7.396948602621014,1,1,0,6,0,515,6.246106765481563,1,0,2,0,4,5,0,0.0,0,1,0,0,0,0,1630,7.396948602621014,1,1,0,6,0,1096,7.00033446027523,1,1,1,1,4,6,511,6.238324625039508,1,0,1,1,0,1,1,3,9.0
5,715,6.573680166960646,0,1,0,1,5,0,10,8,5,715,6.573680166960646,0,1,0,1,5,348,5.855071922202427,1,1,0,3,5,8,0,0.0,0,1,0,0,0,0,715,6.573680166960646,0,1,0,1,5,313,5.749392985908253,1,0,1,3,5,3,318,5.765191102784844,1,1,0,3,3,8,1,3,38.0
2,1959,7.580699752224563,0,0,4,6,9,7,3,14,4,1959,7.580699752224563,0,0,4,6,9,416,6.0330862217988015,1,1,2,1,3,6,0,0.0,0,1,0,0,0,0,1959,7.580699752224563,0,0,4,6,9,1069,6.975413927455952,1,0,1,4,5,9,221,5.402677381872279,1,0,2,1,4,1,1,3,288.0
7,307,5.730099782973574,0,1,2,6,7,14,13,9,3,307,5.730099782973574,0,1,2,6,7,83,4.430816798843313,1,0,2,3,6,3,0,0.0,0,1,0,0,0,0,307,5.730099782973574,0,1,2,6,7,182,5.209486152841421,1,1,2,2,0,2,89,4.499809670330265,1,0,2,4,5,9,1,3,10.0
2,1017,6.925595197110468,0,0,2,2,7,15,11,4,4,1017,6.925595197110468,0,0,2,2,7,153,5.0369526024136295,1,0,0,3,6,3,0,0.0,0,1,0,0,0,0,1017,6.925595197110468,0,0,2,2,7,693,6.542471960506805,1,0,0,3,0,3,222,5.407171771460119,1,1,0,2,5,2,3,3,11.0
5,1902,7.551186867296149,1,0,2,5,2,9,11,14,2,1902,7.551186867296149,1,0,2,5,2,827,6.71901315438526,1,0,2,2,1,7,0,0.0,0,1,0,0,0,0,1902,7.551186867296149,1,0,2,5,2,324,5.783825182329737,1,1,0,4,2,4,229,5.438079308923196,1,0,1,4,5,9,1,3,649.0
3,1861,7.529406457837013,0,1,1,6,1,11,9,8,4,1861,7.529406457837013,0,1,1,6,1,302,5.713732805509369,1,1,2,2,1,2,0,0.0,0,1,0,0,0,0,1861,7.529406457837013,0,1,1,6,1,1344,7.20414929203594,1,1,0,4,0,4,348,5.855071922202427,1,1,0,3,5,8,1,3,41.0
8,1899,7.549609165154532,0,0,4,2,9,17,13,10,5,1899,7.549609165154532,0,0,4,2,9,1389,7.237059026124737,1,0,0,4,3,9,0,0.0,0,1,0,0,0,0,1899,7.549609165154532,0,0,4,2,9,510,6.236369590203704,1,1,0,0,6,0,1383,7.232733136177615,1,0,0,3,4,3,3,3,4.0
7,1774,7.4815557019095165,1,1,4,3,4,17,16,17,0,1693,7.434847875211999,0,1,3,6,3,0,0.0,0,1,0,0,0,0,0,0.0,0,1,0,0,0,0,1774,7.4815557019095165,1,1,4,3,4,665,6.501289670540389,1,0,2,0,0,5,205,5.327876168789581,1,0,1,0,2,5,1,1,206.0
0,1346,7.205635176410364,1,2,1,2,6,0,4,14,2,1346,7.205635176410364,1,2,1,2,6,396,5.983936280687191,1,1,0,1,4,6,0,0.0,0,1,0,0,0,0,1346,7.205635176410364,1,2,1,2,6,612,6.418364935936212,1,1,0,2,3,2,199,5.298317366548036,1,0,1,4,3,9,1,3,244.0
3,1531,7.3343293503005365,0,1,1,5,1,3,9,17,1,1531,7.3343293503005365,0,1,1,5,1,1015,6.923628628138427,1,0,1,0,0,5,0,0.0,0,1,0,0,0,0,1531,7.3343293503005365,0,1,1,5,1,605,6.406879986069314,1,0,2,0,3,5,621,6.432940092739179,1,0,0,1,5,1,1,3,233.0
8,324,5.783825182329737,1,0,4,2,4,10,16,16,0,324,5.783825182329737,1,0,4,2,4,243,5.497168225293202,1,0,0,3,5,3,0,0.0,0,1,0,0,0,0,324,5.783825182329737,1,0,4,2,4,108,4.6913478822291435,1,1,0,3,3,8,168,5.1298987149230735,1,1,0,3,0,8,3,6,41.0
3,1970,7.58629630715272,1,2,0,3,0,11,11,0,4,1511,7.321188556739478,0,2,1,6,1,0,0.0,0,1,0,0,0,0,0,0.0,0,1,0,0,0,0,1970,7.58629630715272,1,2,0,3,0,967,6.875232087276577,1,0,1,2,1,7,260,5.564520407322694,1,1,2,0,1,0,1,1,8.0
8,1978,7.590346945602565,1,1,3,4,8,17,12,1,4,1978,7.590346945602565,1,1,3,4,8,510,6.236369590203704,1,1,0,0,6,0,0,0.0,0,1,0,0,0,0,1978,7.590346945602565,1,1,3,4,8,1120,7.02197642307216,1,1,1,0,0,0,183,5.214935757608986,1,0,0,3,1,3,1,3,334.0
2,1627,7.395107546562485,0,1,2,3,7,1,11,7,2,1607,7.382746449738912,0,2,2,4,7,0,0.0,0,1,0,0,0,0,0,0.0,0,1,0,0,0,0,1627,7.395107546562485,0,1,2,3,7,1592,7.373374309910049,1,1,2,2,3,2,0,0.0,0,1,0,0,0,0,1,1,5.0
2,323,5.780743515792329,0,2,3,1,3,0,12,15,0,323,5.780743515792329,0,2,3,1,3,265,5.583496308781699,1,0,1,0,6,5,0,0.0,0,1,0,0,0,0,323,5.780743515792329,0,2,3,1,3,117,4.770684624465665,1,0,0,2,5,7,9,2.302585092994046,1,0,0,4,2,9,1,4,151.0
4,1004,6.912742820493176,1,2,4,3,4,1,15,15,0,1004,6.912742820493176,1,2,4,3,4,419,6.040254711277414,1,0,2,4,6,9,0,0.0,0,1,0,0,0,0,1004,6.912742820493176,1,2,4,3,4,553,6.317164686747284,1,0,1,3,0,3,141,4.955827057601261,1,0,0,1,1,1,1,3,196.0
0,1543,7.342131730584722,0,1,3,3,3,17,0,1,4,1543,7.342131730584722,0,1,3,3,3,55,4.02535169073515,1,0,1,0,6,5,0,0.0,0,1,0,0,0,0,1543,7.342131730584722,0,1,3,3,3,1110,7.01301578963963,1,1,0,0,4,0,187,5.236441962829949,1,0,1,2,5,7,1,3,38.0
4,391,5.971261839790462,0,1,1,6,1,14,4,0,5,316,5.75890177387728,1,1,1,1,6,0,0.0,0,1,0,0,0,0,0,0.0,0,1,0,0,0,0,391,5.971261839790462,0,1,1,6,1,253,5.537334267018537,1,0,1,3,1,3,21,3.091042453358316,1,0,0,1,0,1,1,1,7.0
4,324,5.783825182329737,1,0,4,2,4,2,17,10,1,324,5.783825182329737,1,0,4,2,4,97,4.584967478670572,1,0,1,2,6,7,0,0.0,0,1,0,0,0,0,324,5.783825182329737,1,0,4,2,4,106,4.672828834461906,1,1,1,1,1,6,126,4.844187086458591,1,1,0,1,0,6,1,3,21.0
7,663,6.498282149476434,0,0,3,5,3,10,3,10,2,663,6.498282149476434,0,0,3,5,3,643,6.467698726104354,1,0,1,3,6,3,0,0.0,0,1,0,0,0,0,663,6.498282149476434,0,0,3,5,3,126,4.844187086458591,1,1,0,1,0,6,284,5.652489180268651,1,1,2,4,4,4,1,3,204.0
5,1189,7.081708586105575,0,1,4,6,9,15,13,11,2,1189,7.081708586105575,0,1,4,6,9,990,6.898714534329988,1,1,0,0,3,0,0,0.0,0,1,0,0,0,0,1189,7.081708586105575,0,1,4,6,9,174,5.1647859739235145,1,1,0,4,6,4,938,6.844815479208263,1,1,2,3,0,8,1,3,43.0
7,512,6.240275845170769,1,2,2,1,2,11,1,4,1,512,6.240275845170769,1,2,2,1,2,142,4.962844630259907,1,1,1,2,2,2,0,0.0,0,1,0,0,0,0,512,6.240275845170769,1,2,2,1,2,279,5.634789603169249,1,0,0,4,6,9,87,4.477336814478207,1,0,0,2,3,7,1,3,67.0
8,1723,7.452402451223638,0,1,3,1,3,5,6,11,2,1723,7.452402451223638,0,1,3,1,3,1569,7.358830898342354,1,0,0,4,1,9,0,0.0,0,1,0,0,0,0,1723,7.452402451223638,0,1,3,1,3,547,6.306275286948016,1,0,1,2,1,7,354,5.872117789475416,1,1,0,4,4,4,1,3,679.0
0,1905,7.552762084214147,0,0,0,1,5,9,9,7,4,1905,7.552762084214147,0,0,0,1,5,1225,7.111512116496157,1,0,1,0,0,5,0,0.0,0,1,0,0,0,0,1905,7.552762084214147,0,0,0,1,5,943,6.8501261661455,1,0,1,3,5,3,636,6.456769655572163,1,1,0,1,6,6,1,3,305.0
3,1526,7.3310603052186325,1,2,1,0,6,11,11,5,0,1526,7.3310603052186325,1,2,1,0,6,1423,7.261225091971921,1,0,1,3,2,3,0,0.0,0,1,0,0,0,0,1526,7.3310603052186325,1,2,1,0,6,643,6.467698726104354,1,0,1,3,6,3,256,5.54907608489522,1,1,1,1,4,6,1,3,598.0
6,1320,7.186144304522325,1,0,0,4,0,2,11,3,0,1320,7.186144304522325,1,0,0,4,0,130,4.875197323201151,1,1,1,0,4,0,0,0.0,0,1,0,0,0,0,1320,7.186144304522325,1,0,0,4,0,572,6.35088571671474,1,1,2,2,5,2,67,4.219507705176107,1,0,1,2,4,7,1,3,248.0
7,558,6.326149473155099,1,0,3,5,8,11,7,15,0,558,6.326149473155099,1,0,3,5,8,284,5.652489180268651,1,1,2,4,4,4,0,0.0,0,1,0,0,0,0,558,6.326149473155099,1,0,3,5,8,151,5.0238805208462765,1,0,1,1,4,1,143,4.969813299576001,1,0,2,3,3,3,1,3,135.0
0,1178,7.072421900537371,1,2,3,2,8,16,17,10,0,1178,7.072421900537371,1,2,3,2,8,184,5.220355825078324,1,1,1,4,2,4,0,0.0,0,1,0,0,0,0,1178,7.072421900537371,1,2,3,2,8,951,6.858565034791365,1,0,0,1,6,1,78,4.3694478524670215,1,1,0,3,1,8,1,3,85.0
1,964,6.872128101338986,1,1,4,5,4,16,7,5,0,964,6.872128101338986,1,1,4,5,4,189,5.247024072160486,1,0,0,4,0,9,0,0.0,0,1,0,0,0,0,964,6.872128101338986,1,1,4,5,4,390,5.968707559985366,1,1,0,0,5,0,278,5.631211781821365,1,1,2,3,5,8,1,3,69.0
4,1589,7.371489295214277,0,2,4,0,9,11,9,8,0,1589,7.371489295214277,0,2,4,0,9,283,5.648974238161206,1,0,1,3,3,3,0,0.0,0,1,0,0,0,0,1589,7.371489295214277,0,2,4,0,9,1260,7.13966033596492,1,1,0,0,0,0,267,5.5909869805108565,1,0,0,2,1,7,1,3,26.0
5,750,6.621405651764134,1,0,0,1,0,3,10,2,5,750,6.621405651764134,1,0,0,1,0,551,6.313548046277095,1,0,2,1,5,1,0,0.0,0,1,0,0,0,0,750,6.621405651764134,1,0,0,1,0,201,5.308267697401205,1,0,0,1,5,1,547,6.306275286948016,1,0,1,2,1,7,1,3,2.0
3,1367,7.221105098182496,0,2,2,2,7,9,0,1,3,1367,7.221105098182496,0,2,2,2,7,385,5.955837369464831,1,0,1,0,0,5,0,0.0,0,1,0,0,0,0,1367,7.221105098182496,0,2,2,2,7,742,6.610696044717759,1,1,1,2,0,2,475,6.16541785423142,1,0,1,0,6,5,1,3,20.0
2,1873,7.535830462798367,0,1,3,4,3,10,6,5,4,1873,7.535830462798367,0,1,3,4,3,459,6.131226489483141,1,0,0,4,4,9,0,0.0,0,1,0,0,0,0,1873,7.535830462798367,0,1,3,4,3,1329,7.1929342212158,1,0,0,4,6,9,395,5.981414211254481,1,0,2,0,3,5,1,3,71.0
0,850,6.7464121285733745,1,1,0,3,0,1,15,16,2,850,6.7464121285733745,1,1,0,3,0,100,4.61512051684126,1,1,1,0,2,0,0,0.0,0,1,0,0,0,0,850,6.7464121285733745,1,1,0,3,0,738,6.6052979209482015,1,1,0,3,3,8,88,4.48863636973214,1,1,1,3,4,8,2,3,12.0
0,338,5.82600010738045,1,2,3,2,8,10,15,17,2,338,5.82600010738045,1,2,3,2,8,278,5.631211781821365,1,1,2,3,5,8,0,0.0,0,1,0,0,0,0,338,5.82600010738045,1,2,3,2,8,113,4.736198448394496,1,0,2,3,1,3,64,4.174387269895637,1,1,1,4,1,4,1,3,125.0
0,518,6.251903883165888,1,2,3,0,8,11,3,2,0,518,6.251903883165888,1,2,3,0,8,39,3.6888794541139363,1,0,0,4,4,9,0,0.0,0,1,0,0,0,0,518,6.251903883165888,1,2,3,0,8,493,6.202535517187923,1,0,1,3,3,3,8,2.1972245773362196,1,1,2,3,1,8,1,3,16.0
8,941,6.848005274576363,0,2,1,3,1,14,11,9,5,941,6.848005274576363,0,2,1,3,1,96,4.574710978503383,1,1,0,1,5,6,0,0.0,0,1,0,0,0,0,941,6.848005274576363,0,2,1,3,1,772,6.650279048587422,1,1,1,2,2,2,83,4.430816798843313,1,0,2,3,6,3,1,3,33.0
5,1798,7.4949862339505335,1,1,3,6,8,3,16,3,3,1798,7.4949862339505335,1,1,3,6,8,279,5.634789603169249,1,0,0,4,6,9,0,0.0,0,1,0,0,0,0,1798,7.4949862339505335,1,1,3,6,8,193,5.267858159063328,1,0,1,3,4,3,348,5.855071922202427,1,1,0,3,5,8,1,3,396.0
3,1447,7.277938572945661,0,1,2,5,7,9,5,8,0,1447,7.277938572945661,0,1,2,5,7,631,6.448889394146858,1,0,1,1,1,1,0,0.0,0,1,0,0,0,0,1447,7.277938572945661,0,1,2,5,7,900,6.803505257608338,1,1,0,0,4,0,406,6.008813185442595,1,1,1,1,0,6,1,3,122.0
8,1517,7.325148957955575,0,2,2,5,7,14,10,1,0,1517,7.325148957955575,0,2,2,5,7,751,6.62273632394984,1,0,1,1,2,1,0,0.0,0,1,0,0,0,0,1517,7.325148957955575,0,2,2,5,7,767,6.643789733147672,1,0,2,2,4,7,200,5.303304908059076,1,1,2,0,4,0,1,3,367.0
5,507,6.230481447578482,0,0,2,3,7,12,15,0,5,494,6.20455776256869,1,2,4,4,4,0,0.0,0,1,0,0,0,0,0,0.0,0,1,0,0,0,0,507,6.230481447578482,0,0,2,3,7,266,5.58724865840025,1,1,2,1,0,6,96,4.574710978503383,1,1,0,1,5,6,1,1,12.0
8,1584,7.368339686311381,1,0,4,2,4,6,17,6,4,1584,7.368339686311381,1,0,4,2,4,18,2.9444389791664403,1,1,0,3,4,8,0,0.0,0,1,0,0,0,0,1584,7.368339686311381,1,0,4,2,4,1502,7.315218389752975,1,1,2,2,4,2,17,2.8903717578961645,1,0,2,2,3,7,1,6,22.0
7,1185,7.078341579557671,0,0,0,2,5,6,9,3,0,1185,7.078341579557671,0,0,0,2,5,947,6.854354502255021,1,0,2,2,2,7,0,0.0,0,1,0,0,0,0,1185,7.078341579557671,0,0,0,2,5,243,5.497168225293202,1,0,0,3,5,3,919,6.824373670043086,1,0,1,4,2,9,1,3,17.0
2,1657,7.4133673356952405,0,1,2,5,7,0,16,9,5,1657,7.4133673356952405,0,1,2,5,7,1146,7.044905117129371,1,1,0,1,5,6,0,0.0,0,1,0,0,0,0,1657,7.4133673356952405,0,1,2,5,7,370,5.916202062607435,1,1,1,0,6,0,900,6.803505257608338,1,1,0,0,4,0,1,3,211.0
4,1960,7.581209826196346,1,1,0,0,0,0,7,5,4,1960,7.581209826196346,1,1,0,0,0,1848,7.522400231387125,1,1,0,3,0,8,0,0.0,0,1,0,0,0,0,1960,7.581209826196346,1,1,0,0,0,154,5.043425116919247,1,1,1,4,0,4,222,5.407171771460119,1,1,0,2,5,2,2,4,1070.0
7,1834,7.51479976048867,1,1,4,0,4,7,15,8,5,1834,7.51479976048867,1,1,4,0,4,1195,7.086737934510577,1,0,1,0,5,5,0,0.0,0,1,0,0,0,0,1834,7.51479976048867,1,1,4,0,4,784,6.665683717782408,1,1,1,4,0,4,116,4.762173934797756,1,1,2,1,4,6,1,3,671.0
1,1683,7.428927194802272,0,0,3,3,3,12,8,4,5,1683,7.428927194802272,0,0,3,3,3,650,6.478509642208569,1,1,2,0,6,0,0,0.0,0,1,0,0,0,0,1683,7.428927194802272,0,0,3,3,3,1024,6.932447891572509,1,1,1,4,2,4,530,6.274762021241939,1,1,2,0,5,0,1,3,83.0
1,579,6.363028103540465,0,0,4,5,9,8,2,9,3,579,6.363028103540465,0,0,4,5,9,102,4.634728988229636,1,1,0,2,4,2,0,0.0,0,1,0,0,0,0,579,6.363028103540465,0,0,4,5,9,264,5.579729825986222,1,1,0,4,5,4,48,3.8918202981106265,1,1,0,3,6,8,3,3,107.0
6,574,6.354370040797351,1,1,4,0,4,7,3,16,0,574,6.354370040797351,1,1,4,0,4,445,6.100318952020064,1,0,1,0,4,5,0,0.0,0,1,0,0,0,0,574,6.354370040797351,1,1,4,0,4,1,0.6931471805599453,1,0,1,1,1,1,320,5.771441123130016,1,1,2,0,5,0,1,8,126.0
8,1860,7.528869256642251,1,0,0,5,0,17,12,1,0,1860,7.528869256642251,1,0,0,5,0,158,5.0689042022202315,1,1,2,3,4,8,0,0.0,0,1,0,0,0,0,1860,7.528869256642251,1,0,0,5,0,904,6.807934943699926,1,1,1,4,1,4,158,5.0689042022202315,1,1,2,3,4,8,2,4,266.0
7,1962,7.5822291942764615,1,0,2,2,2,10,14,1,2,1962,7.5822291942764615,1,0,2,2,2,196,5.2832037287379885,1,1,1,1,0,6,0,0.0,0,1,0,0,0,0,1962,7.5822291942764615,1,0,2,2,2,1608,7.3833681469923835,1,1,0,3,5,8,236,5.4680601411351315,1,1,2,1,5,6,2,3,26.0
6,1827,7.510977752014095,0,0,2,0,7,16,11,5,3,1827,7.510977752014095,0,0,2,0,7,519,6.253828811575473,1,0,0,4,1,9,0,0.0,0,1,0,0,0,0,1827,7.510977752014095,0,0,2,0,7,1305,7.174724309836376,1,0,0,0,3,5,501,6.218600119691729,1,0,0,1,4,1,3,3,13.0
4,866,6.7650389767805414,1,2,1,5,6,0,12,8,2,866,6.7650389767805414,1,2,1,5,6,489,6.194405391104672,1,0,0,4,6,9,0,0.0,0,1,0,0,0,0,866,6.7650389767805414,1,2,1,5,6,374,5.926926025970411,1,1,2,4,3,4,333,5.811140992976701,1,0,0,3,4,3,1,3,105.0
6,305,5.723585101952381,0,2,0,4,5,12,4,10,0,305,5.723585101952381,0,2,0,4,5,48,3.8918202981106265,1,1,0,3,6,8,0,0.0,0,1,0,0,0,0,305,5.723585101952381,0,2,0,4,5,262,5.572154032177765,1,1,1,2,3,2,23,3.1780538303479458,1,0,2,3,2,3,1,3,15.0
8,818,6.70808408385307,1,2,3,6,8,5,6,13,4,818,6.70808408385307,1,2,3,6,8,334,5.814130531825066,1,1,1,4,5,4,0,0.0,0,1,0,0,0,0,818,6.70808408385307,1,2,3,6,8,491,6.198478716492308,1,0,2,1,1,1,311,5.7430031878094825,1,0,2,1,3,1,1,3,13.0
5,584,6.371611847231857,1,2,4,3,4,10,10,12,5,584,6.371611847231857,1,2,4,3,4,85,4.454347296253507,1,0,1,0,1,5,0,0.0,0,1,0,0,0,0,584,6.371611847231857,1,2,4,3,4,508,6.2324480165505225,1,1,1,3,4,8,64,4.174387269895637,1,1,1,4,1,4,1,3,11.0
6,1883,7.5411524551363085,0,2,3,0,3,9,8,4,1,1168,7.063903961472068,1,1,3,6,8,0,0.0,0,1,0,0,0,0,0,0.0,0,1,0,0,0,0,1883,7.5411524551363085,0,2,3,0,3,938,6.844815479208263,1,1,2,3,0,8,7,2.0794415416798357,1,0,1,2,0,7,1,4,72.0
4,1083,6.988413181999592,0,0,3,5,3,10,17,14,1,1083,6.988413181999592,0,0,3,5,3,931,6.837332814685591,1,0,1,1,0,1,0,0.0,0,1,0,0,0,0,1083,6.988413181999592,0,0,3,5,3,530,6.274762021241939,1,1,2,0,5,0,22,3.1354942159291497,1,1,1,2,1,2,1,3,480.0
4,1091,6.9957661563048505,0,2,1,6,1,3,9,3,5,1091,6.9957661563048505,0,2,1,6,1,931,6.837332814685591,1,0,1,1,0,1,0,0.0,0,1,0,0,0,0,1091,6.9957661563048505,0,2,1,6,1,5,1.791759469228055,1,0,2,0,5,5,761,6.635946555686647,1,0,2,1,5,1,1,3,165.0
5,820,6.710523109452428,1,1,0,1,0,16,7,8,1,820,6.710523109452428,1,1,0,1,0,75,4.330733340286331,1,0,0,0,5,5,0,0.0,0,1,0,0,0,0,820,6.710523109452428,1,1,0,1,0,743,6.612041034833092,1,0,2,3,1,3,40,3.713572066704308,1,1,1,0,5,0,1,3,24.0
2,1089,6.993932975223189,0,0,4,4,9,4,15,9,5,1089,6.993932975223189,0,0,4,4,9,178,5.187385805840755,1,1,1,3,3,8,0,0.0,0,1,0,0,0,0,1089,6.993932975223189,0,0,4,4,9,886,6.787844982309579,1,1,1,1,4,6,189,5.247024072160486,1,0,0,4,0,9,1,3,1.0
5,879,6.779921907472252,0,0,4,4,9,10,0,7,5,879,6.779921907472252,0,0,4,4,9,232,5.4510384535657,1,1,1,2,1,2,0,0.0,0,1,0,0,0,0,879,6.779921907472252,0,0,4,4,9,545,6.302618975744905,1,0,2,0,6,5,211,5.356586274672012,1,0,1,1,1,1,1,3,48.0
7,1496,7.311218384419629,1,2,1,5,6,0,2,1,5,1496,7.311218384419629,1,2,1,5,6,450,6.111467339502679,1,1,0,0,2,0,0,0.0,0,1,0,0,0,0,1496,7.311218384419629,1,2,1,5,6,993,6.901737206656574,1,0,0,3,6,3,343,5.840641657373398,1,0,1,3,0,3,1,3,89.0
3,834,6.727431724850855,1,0,4,1,4,15,10,1,0,815,6.704414354964107,0,2,0,3,5,0,0.0,0,1,0,0,0,0,0,0.0,0,1,0,0,0,0,834,6.727431724850855,1,0,4,1,4,804,6.690842277418564,1,1,0,4,6,4,4,1.6094379124341003,1,1,1,4,4,4,1,2,1.0
6,494,6.20455776256869,1,2,4,4,4,10,12,0,3,494,6.20455776256869,1,2,4,4,4,493,6.202535517187923,1,0,1,3,3,3,0,0.0,0,1,0,0,0,0,494,6.20455776256869,1,2,4,4,4,49,3.912023005428146,1,0,1,4,0,9,70,4.2626798770413155,1,1,1,0,0,0,1,3,266.0
0,1393,7.2399325913204695,0,1,3,0,3,13,7,5,3,1393,7.2399325913204695,0,1,3,0,3,834,6.727431724850855,1,1,0,4,1,4,0,0.0,0,1,0,0,0,0,1393,7.2399325913204695,0,1,3,0,3,413,6.025865973825314,1,0,2,3,0,3,823,6.714170529909472,1,0,1,3,4,3,1,3,56.0
7,944,6.851184927493743,1,2,4,6,4,15,1,3,3,944,6.851184927493743,1,2,4,6,4,32,3.4965075614664802,1,1,2,2,4,2,0,0.0,0,1,0,0,0,0,944,6.851184927493743,1,2,4,6,4,872,6.771935555839602,1,1,2,2,4,2,46,3.8501476017100584,1,1,1,1,4,6,2,3,4.0
0,633,6.452048954437226,0,0,3,3,3,3,13,0,5,633,6.452048954437226,0,0,3,3,3,212,5.3612921657094255,1,1,2,2,2,2,0,0.0,0,1,0,0,0,0,633,6.452048954437226,0,0,3,3,3,466,6.1463292576688975,1,1,1,1,4,6,92,4.532599493153256,1,1,2,2,1,2,1,3,65.0
5,1994,7.598399329323964,1,2,4,6,4,6,14,6,5,1994,7.598399329323964,1,2,4,6,4,1804,7.498315870766981,1,1,1,4,5,4,0,0.0,0,1,0,0,0,0,1994,7.598399329323964,1,2,4,6,4,169,5.135798437050262,1,0,1,4,1,9,1618,7.389563953677635,1,1,1,3,1,8,1,3,131.0
1,1591,7.3727463664043285,0,1,1,2,1,14,3,13,2,1591,7.3727463664043285,0,1,1,2,1,46,3.8501476017100584,1,1,1,1,4,6,0,0.0,0,1,0,0,0,0,1591,7.3727463664043285,0,1,1,2,1,1490,7.307202314764738,1,1,2,0,6,0,72,4.290459441148391,1,1,0,2,2,2,1,3,1.0
7,1979,7.590852123688581,0,2,4,5,9,16,8,11,1,1979,7.590852123688581,0,2,4,5,9,788,6.670766320845874,1,1,2,3,4,8,0,0.0,0,1,0,0,0,0,1979,7.590852123688581,0,2,4,5,9,1217,7.1049654482698426,1,0,2,2,6,7,556,6.322565239927284,1,1,1,1,3,6,1,3,146.0
2,974,6.882437470997847,1,2,4,1,4,13,6,17,3,974,6.882437470997847,1,2,4,1,4,17,2.8903717578961645,1,0,2,2,3,7,0,0.0,0,1,0,0,0,0,974,6.882437470997847,1,2,4,1,4,961,6.8690144506657065,1,0,1,1,2,1,0,0.0,0,1,0,0,0,0,1,3,10.0
4,326,5.7899601708972535,1,2,1,4,6,3,13,6,1,326,5.7899601708972535,1,2,1,4,6,216,5.37989735354046,1,1,0,1,6,6,0,0.0,0,1,0,0,0,0,326,5.7899601708972535,1,2,1,4,6,60,4.110873864173311,1,1,0,0,4,0,241,5.488937726156687,1,0,1,1,3,1,1,3,0.0
2,603,6.403574197934815,0,0,3,1,3,8,12,14,0,603,6.403574197934815,0,0,3,1,3,141,4.955827057601261,1,0,0,1,1,1,0,0.0,0,1,0,0,0,0,603,6.403574197934815,0,0,3,1,3,384,5.953243334287785,1,1,0,4,6,4,150,5.017279836814924,1,1,0,0,3,0,3,3,20.0
3,518,6.251903883165888,1,2,3,0,8,17,12,7,4,518,6.251903883165888,1,2,3,0,8,31,3.4657359027997265,1,0,1,1,3,1,0,0.0,0,1,0,0,0,0,518,6.251903883165888,1,2,3,0,8,490,6.19644412779452,1,1,1,0,0,0,7,2.0794415416798357,1,0,1,2,0,7,1,7,15.0
8,520,6.255750041753367,1,1,0,2,0,10,11,2,5,520,6.255750041753367,1,1,0,2,0,512,6.240275845170769,1,1,2,2,1,2,0,0.0,0,1,0,0,0,0,520,6.255750041753367,1,1,0,2,0,15,2.772588722239781,1,0,0,0,1,5,489,6.194405391104672,1,0,0,4,6,9,1,3,13.0
7,1512,7.321849713788356,1,0,2,0,2,8,16,6,4,1512,7.321849713788356,1,0,2,0,2,847,6.742880635791903,1,0,1,2,0,7,0,0.0,0,1,0,0,0,0,1512,7.321849713788356,1,0,2,0,2,726,6.588926477533519,1,1,0,1,5,6,359,5.886104031450156,1,0,2,4,2,9,1,3,305.0
1,1161,7.057897937411856,0,0,1,6,1,10,9,3,0,1103,7.00669522683704,0,2,3,4,3,0,0.0,0,1,0,0,0,0,0,0.0,0,1,0,0,0,0,1161,7.057897937411856,0,0,1,6,1,372,5.921578419643816,1,1,0,2,1,2,106,4.672828834461906,1,1,1,1,1,6,1,1,173.0
6,1337,7.198931240688173,0,2,2,0,7,8,0,2,5,1337,7.198931240688173,0,2,2,0,7,1292,7.164720378771857,1,1,2,2,4,2,0,0.0,0,1,0,0,0,0,1337,7.198931240688173,0,2,2,0,7,165,5.111987788356544,1,0,0,0,4,5,677,6.519147287940395,1,0,2,2,5,7,1,3,370.0
6,539,6.29156913955832,0,2,4,0,9,6,5,7,5,539,6.29156913955832,0,2,4,0,9,539,6.29156913955832,1,0,2,4,0,9,227,5.429345628954441,1,0,2,2,3,7,539,6.29156913955832,0,2,4,0,9,39,3.6888794541139363,1,0,0,4,4,9,150,5.017279836814924,1,1,0,0,3,0,1,6,322.0
3,1329,7.1929342212158,0,0,4,6,9,13,7,9,4,1329,7.1929342212158,0,0,4,6,9,80,4.394449154672439,1,1,2,0,3,0,0,0.0,0,1,0,0,0,0,1329,7.1929342212158,0,0,4,6,9,1258,7.138073034044347,1,1,1,3,5,8,32,3.4965075614664802,1,1,2,2,4,2,1,3,29.0
7,576,6.3578422665081,1,0,1,2,6,7,8,8,5,576,6.3578422665081,1,0,1,2,6,407,6.0112671744041615,1,0,2,2,1,7,0,0.0,0,1,0,0,0,0,576,6.3578422665081,1,0,1,2,6,10,2.3978952727983707,1,1,1,0,3,0,128,4.859812404361672,1,1,2,3,2,8,1,3,239.0
4,388,5.963579343618446,1,1,3,3,8,7,16,9,4,388,5.963579343618446,1,1,3,3,8,151,5.0238805208462765,1,0,1,1,4,1,0,0.0,0,1,0,0,0,0,388,5.963579343618446,1,1,3,3,8,16,2.833213344056216,1,1,1,1,2,6,155,5.049856007249537,1,0,2,0,1,5,1,3,71.0
0,1392,7.239214973779806,1,0,2,6,2,1,15,17,0,1392,7.239214973779806,1,0,2,6,2,805,6.692083742506628,1,0,1,0,0,5,0,0.0,0,1,0,0,0,0,1392,7.239214973779806,1,0,2,6,2,62,4.143134726391533,1,1,2,2,6,2,601,6.400257445308821,1,0,1,1,6,1,1,3,311.0
6,1580,7.365812837209472,1,2,0,5,0,7,7,15,0,1580,7.365812837209472,1,2,0,5,0,1580,7.365812837209472,1,1,2,0,5,0,793,6.677083461247136,1,0,1,3,2,3,1580,7.365812837209472,1,2,0,5,0,25,3.258096538021482,1,0,1,0,4,5,563,6.335054251498059,1,0,2,3,3,3,1,6,934.0
6,900,6.803505257608338,1,0,0,4,0,6,3,15,3,900,6.803505257608338,1,0,0,4,0,884,6.785587645007929,1,1,2,4,2,4,0,0.0,0,1,0,0,0,0,900,6.803505257608338,1,0,0,4,0,334,5.814130531825066,1,1,1,4,5,4,230,5.442417710521793,1,1,2,0,6,0,2,3,330.0
1,990,6.898714534329988,1,0,0,3,0,9,10,17,5,990,6.898714534329988,1,0,0,3,0,453,6.118097198041348,1,0,0,3,5,3,0,0.0,0,1,0,0,0,0,990,6.898714534329988,1,0,0,3,0,9,2.302585092994046,1,0,0,4,2,9,426,6.056784013228625,1,1,0,1,6,6,3,6,194.0
4,1845,7.520776415062797,0,0,0,4,5,12,8,11,1,1845,7.520776415062797,0,0,0,4,5,834,6.727431724850855,1,1,0,4,1,4,0,0.0,0,1,0,0,0,0,1845,7.520776415062797,0,0,0,4,5,1086,6.99117688712121,1,1,0,1,1,6,639,6.461468176353717,1,0,0,4,2,9,3,3,105.0
6,652,6.481577129276431,1,1,2,1,2,5,0,2,5,652,6.481577129276431,1,1,2,1,2,462,6.137727054086234,1,1,0,2,0,2,0,0.0,0,1,0,0,0,0,652,6.481577129276431,1,1,2,1,2,103,4.6443908991413725,1,0,1,3,5,3,474,6.163314804034641,1,1,0,4,5,4,1,3,21.0
4,715,6.573680166960646,0,1,0,1,5,15,9,11,3,715,6.573680166960646,0,1,0,1,5,555,6.320768294250582,1,0,0,0,2,5,0,0.0,0,1,0,0,0,0,715,6.573680166960646,0,1,0,1,5,305,5.723585101952381,1,0,2,0,4,5,124,4.8283137373023015,1,1,1,4,5,4,1,3,239.0
8,1830,7.5126175446745105,1,0,0,3,0,0,16,15,5,1830,7.5126175446745105,1,0,0,3,0,754,6.626717749249025,1,1,1,4,5,4,0,0.0,0,1,0,0,0,0,1830,7.5126175446745105,1,0,0,3,0,612,6.418364935936212,1,1,0,2,3,2,752,6.6240652277998935,1,1,2,2,3,2,2,3,156.0
4,1101,7.004881989712859,0,0,1,2,1,11,9,15,1,1101,7.004881989712859,0,0,1,2,1,158,5.0689042022202315,1,1,2,3,4,8,0,0.0,0,1,0,0,0,0,1101,7.004881989712859,0,0,1,2,1,946,6.853299093186078,1,1,1,1,1,6,86,4.465908118654584,1,1,2,1,2,6,1,4,47.0
7,1507,7.318539548567902,0,1,2,2,7,3,12,13,0,1507,7.318539548567902,0,1,2,2,7,221,5.402677381872279,1,0,2,1,4,1,0,0.0,0,1,0,0,0,0,1507,7.318539548567902,0,1,2,2,7,205,5.327876168789581,1,0,1,0,2,5,517,6.249975242259483,1,0,1,2,6,7,1,3,163.0
0,1737,7.460490305825338,0,0,2,1,7,1,7,4,1,1737,7.460490305825338,0,0,2,1,7,985,6.893656354602635,1,0,1,0,5,5,0,0.0,0,1,0,0,0,0,1737,7.460490305825338,0,0,2,1,7,791,6.674561391814426,1,0,2,1,0,1,724,6.586171654854675,1,1,1,4,3,4,1,3,161.0
0,1199,7.090076835776092,0,2,4,2,9,13,3,15,5,1199,7.090076835776092,0,2,4,2,9,639,6.461468176353717,1,0,0,4,2,9,0,0.0,0,1,0,0,0,0,1199,7.090076835776092,0,2,4,2,9,420,6.042632833682381,1,1,0,0,0,0,574,6.354370040797351,1,1,1,4,0,4,1,3,90.0
3,714,6.5722825426940075,1,0,4,0,4,7,3,0,3,714,6.5722825426940075,1,0,4,0,4,5,1.791759469228055,1,0,2,0,5,5,0,0.0,0,1,0,0,0,0,714,6.5722825426940075,1,0,4,0,4,707,6.56244409369372,1,0,2,2,0,7,6,1.9459101490553132,1,1,0,1,6,6,1,6,0.0
7,626,6.440946540632921,1,2,1,3,6,10,13,9,3,626,6.440946540632921,1,2,1,3,6,626,6.440946540632921,1,1,2,1,3,6,204,5.3230099791384085,1,1,0,4,1,4,626,6.440946540632921,1,2,1,3,6,38,3.6635616461296463,1,1,2,3,3,8,151,5.0238805208462765,1,0,1,1,4,1,1,6,372.0
4,1624,7.393263094763838,1,1,4,0,4,17,17,10,5,1624,7.393263094763838,1,1,4,0,4,703,6.556778356158042,1,0,1,3,3,3,0,0.0,0,1,0,0,0,0,1624,7.393263094763838,1,1,4,0,4,71,4.276666119016055,1,0,2,1,1,1,882,6.78332520060396,1,1,0,2,0,2,1,3,164.0
3,1043,6.950814768442584,0,2,3,0,3,9,16,1,2,1043,6.950814768442584,0,2,3,0,3,442,6.093569770045136,1,1,1,2,1,2,0,0.0,0,1,0,0,0,0,1043,6.950814768442584,0,2,3,0,3,742,6.610696044717759,1,1,1,2,0,2,148,5.003946305945459,1,1,1,3,1,8,1,3,149.0
2,1796,7.493873886783559,1,2,1,4,6,8,13,9,3,1796,7.493873886783559,1,2,1,4,6,487,6.1903154058531475,1,0,1,2,4,7,0,0.0,0,1,0,0,0,0,1796,7.493873886783559,1,2,1,4,6,1386,7.234898420314831,1,1,0,1,0,6,192,5.262690188904886,1,1,0,2,3,2,1,3,171.0
5,1349,7.2078598714324755,0,2,4,5,9,14,11,16,3,612,6.418364935936212,1,0,2,3,2,0,0.0,0,1,0,0,0,0,0,0.0,0,1,0,0,0,0,1349,7.2078598714324755,0,2,4,5,9,208,5.342334251964811,1,1,1,3,5,8,28,3.367295829986474,1,1,1,3,0,8,1,1,116.0
1,453,6.118097198041348,0,0,3,5,3,16,5,15,0,375,5.929589143389895,0,0,0,4,5,0,0.0,0,1,0,0,0,0,0,0.0,0,1,0,0,0,0,453,6.118097198041348,0,0,3,5,3,129,4.867534450455582,1,0,0,4,3,9,90,4.51085950651685,1,1,0,0,6,0,3,1,22.0
3,1906,7.553286605600419,1,1,1,2,6,0,10,6,5,1906,7.553286605600419,1,1,1,2,6,1235,7.119635638017636,1,0,2,0,3,5,0,0.0,0,1,0,0,0,0,1906,7.553286605600419,1,1,1,2,6,268,5.594711379601839,1,1,1,3,2,8,367,5.908082938168931,1,0,1,2,3,7,1,3,713.0
1,530,6.274762021241939,1,2,0,5,0,10,10,4,5,530,6.274762021241939,1,2,0,5,0,369,5.91350300563827,1,0,0,4,5,9,0,0.0,0,1,0,0,0,0,530,6.274762021241939,1,2,0,5,0,233,5.455321115357702,1,0,2,3,2,3,96,4.574710978503383,1,1,0,1,5,6,1,3,158.0
3,1385,7.234177179749849,0,2,0,6,5,11,0,2,0,1385,7.234177179749849,0,2,0,6,5,174,5.1647859739235145,1,1,0,4,6,4,0,0.0,0,1,0,0,0,0,1385,7.234177179749849,0,2,0,6,5,1242,7.1252830915107115,1,1,0,2,3,2,31,3.4657359027997265,1,0,1,1,3,1,1,3,85.0
0,386,5.958424693029782,1,2,1,1,6,15,6,9,2,386,5.958424693029782,1,2,1,1,6,158,5.0689042022202315,1,1,2,3,4,8,0,0.0,0,1,0,0,0,0,386,5.958424693029782,1,2,1,1,6,120,4.795790545596741,1,1,0,0,1,0,122,4.812184355372417,1,1,2,2,3,2,2,3,60.0
0,1458,7.285506548522785,1,0,3,2,8,0,6,10,1,1458,7.285506548522785,1,0,3,2,8,1458,7.285506548522785,1,1,0,3,2,8,254,5.541263545158426,1,1,2,4,2,4,1458,7.285506548522785,1,0,3,2,8,352,5.8664680569332965,1,1,1,2,2,2,371,5.918893854273146,1,0,2,1,0,1,1,6,692.0
0,727,6.590301048196686,0,1,2,6,7,3,16,3,3,727,6.590301048196686,0,1,2,6,7,657,6.489204931325317,1,0,0,2,6,7,0,0.0,0,1,0,0,0,0,727,6.590301048196686,0,1,2,6,7,157,5.062595033026967,1,0,1,2,3,7,441,6.091309882077698,1,0,0,1,0,1,1,3,115.0
3,1826,7.510430556378006,1,2,1,6,6,4,4,7,4,1826,7.510430556378006,1,2,1,6,6,948,6.855408798609928,1,1,0,3,3,8,0,0.0,0,1,0,0,0,0,1826,7.510430556378006,1,2,1,6,6,550,6.311734809152915,1,1,1,0,4,0,1019,6.927557906278317,1,0,2,4,4,9,1,3,62.0
2,1669,7.4205789054108005,0,1,4,3,9,2,12,10,1,1669,7.4205789054108005,0,1,4,3,9,1564,7.355641102974253,1,1,1,4,3,4,0,0.0,0,1,0,0,0,0,1669,7.4205789054108005,0,1,4,3,9,117,4.770684624465665,1,0,0,2,5,7,1435,7.269616749608169,1,0,1,0,0,5,1,3,82.0
0,1887,7.543273346705446,0,0,2,4,7,9,10,11,4,1887,7.543273346705446,0,0,2,4,7,653,6.483107351457199,1,0,2,3,2,3,0,0.0,0,1,0,0,0,0,1887,7.543273346705446,0,0,2,4,7,1325,7.189922170745808,1,0,2,0,2,5,438,6.0844994130751715,1,1,0,3,4,8,1,3,113.0
0,600,6.398594934535208,1,0,0,5,0,6,12,5,3,568,6.343880434126331,1,1,3,1,8,0,0.0,0,1,0,0,0,0,0,0.0,0,1,0,0,0,0,600,6.398594934535208,1,0,0,5,0,85,4.454347296253507,1,0,1,0,1,5,213,5.365976015021851,1,0,0,3,3,3,1,1,19.0
6,1165,7.061334366910438,0,1,0,3,5,16,9,1,1,1165,7.061334366910438,0,1,0,3,5,1165,7.061334366910438,1,0,1,0,3,5,133,4.897839799950911,1,0,1,3,0,3,1165,7.061334366910438,0,1,0,3,5,188,5.241747015059643,1,1,2,3,6,8,410,6.018593214496234,1,1,2,0,4,0,1,6,485.0
4,1582,7.367077059881012,1,1,2,0,2,11,5,4,5,1582,7.367077059881012,1,1,2,0,2,1582,7.367077059881012,1,1,1,2,0,2,26,3.295836866004329,1,1,2,1,5,6,1582,7.367077059881012,1,1,2,0,2,191,5.2574953720277815,1,0,2,1,2,1,1114,7.016609683894219,1,1,1,4,1,4,1,6,257.0
3,401,5.996452088619021,0,2,1,2,1,12,13,8,2,396,5.983936280687191,1,0,1,4,6,0,0.0,0,1,0,0,0,0,0,0.0,0,1,0,0,0,0,401,5.996452088619021,0,2,1,2,1,247,5.5134287461649825,1,0,1,2,2,7,10,2.3978952727983707,1,1,1,0,3,0,1,1,43.0
2,1789,7.489970898834801,0,1,4,4,9,17,9,16,1,1789,7.489970898834801,0,1,4,4,9,452,6.115892125483034,1,1,2,2,4,2,0,0.0,0,1,0,0,0,0,1789,7.489970898834801,0,1,4,4,9,1331,7.194436851100335,1,0,2,1,1,1,389,5.966146739123692,1,0,2,4,4,9,1,3,44.0
3,1163,7.059617628291383,0,2,3,1,3,16,10,16,3,1163,7.059617628291383,0,2,3,1,3,220,5.3981627015177525,1,1,1,0,3,0,0,0.0,0,1,0,0,0,0,1163,7.059617628291383,0,2,3,1,3,48,3.8918202981106265,1,1,0,3,6,8,642,6.466144724237619,1,1,0,2,5,2,1,3,17.0
8,1467,7.291656209174461,0,0,2,4,7,4,0,17,0,1467,7.291656209174461,0,0,2,4,7,1323,7.188412736496954,1,0,0,3,0,3,0,0.0,0,1,0,0,0,0,1467,7.291656209174461,0,0,2,4,7,103,4.6443908991413725,1,0,1,3,5,3,880,6.78105762593618,1,1,1,0,5,0,1,3,309.0
2,806,6.693323668269949,1,2,1,1,6,7,2,11,2,806,6.693323668269949,1,2,1,1,6,280,5.638354669333745,1,1,1,0,0,0,0,0.0,0,1,0,0,0,0,806,6.693323668269949,1,2,1,1,6,474,6.163314804034641,1,1,0,4,5,4,270,5.602118820879701,1,1,0,0,4,0,2,3,24.0
2,1474,7.29641326877392,1,1,4,4,4,7,9,3,4,1474,7.29641326877392,1,1,4,4,4,1235,7.119635638017636,1,0,2,0,3,5,0,0.0,0,1,0,0,0,0,1474,7.29641326877392,1,1,4,4,4,260,5.564520407322694,1,1,2,0,1,0,1172,7.067319848653476,1,1,2,2,3,2,1,3,35.0
0,1275,7.151485463904735,0,0,0,1,5,5,15,6,4,1275,7.151485463904735,0,0,0,1,5,418,6.037870919922137,1,1,1,3,5,8,0,0.0,0,1,0,0,0,0,1275,7.151485463904735,0,0,0,1,5,862,6.760414691083428,1,1,1,2,1,2,318,5.765191102784844,1,1,0,3,3,8,1,3,65.0
2,636,6.456769655572163,1,0,1,6,6,3,7,16,2,471,6.156978985585555,0,0,1,2,1,0,0.0,0,1,0,0,0,0,0,0.0,0,1,0,0,0,0,636,6.456769655572163,1,0,1,6,6,380,5.942799375126701,1,1,2,0,2,0,2,1.0986122886681098,1,1,2,2,2,2,1,4,29.0
1,1300,7.170888478512505,1,1,0,5,0,12,12,15,4,1300,7.170888478512505,1,1,0,5,0,154,5.043425116919247,1,1,1,4,0,4,0,0.0,0,1,0,0,0,0,1300,7.170888478512505,1,1,0,5,0,1170,7.065613363597717,1,1,0,0,1,0,103,4.6443908991413725,1,0,1,3,5,3,1,3,26.0
7,1008,6.9167150203536085,1,0,3,0,8,17,14,6,1,1008,6.9167150203536085,1,0,3,0,8,152,5.030437921392435,1,1,2,2,5,2,0,0.0,0,1,0,0,0,0,1008,6.9167150203536085,1,0,3,0,8,739,6.606650186198215,1,0,1,4,4,9,200,5.303304908059076,1,1,2,0,4,0,1,3,7.0
5,1308,7.1770187659099,1,0,3,6,8,7,11,14,2,1308,7.1770187659099,1,0,3,6,8,250,5.5254529391317835,1,1,1,0,5,0,0,0.0,0,1,0,0,0,0,1308,7.1770187659099,1,0,3,6,8,693,6.542471960506805,1,0,0,3,0,3,365,5.902633333401366,1,0,2,0,1,5,1,3,45.0
7,663,6.498282149476434,0,0,3,5,3,6,1,13,2,663,6.498282149476434,0,0,3,5,3,188,5.241747015059643,1,1,2,3,6,8,0,0.0,0,1,0,0,0,0,663,6.498282149476434,0,0,3,5,3,399,5.991464547107982,1,0,0,4,0,9,217,5.384495062789089,1,0,1,2,0,7,1,3,6.0
5,1085,6.990256500493881,0,2,0,0,5,13,1,11,3,1085,6.990256500493881,0,2,0,0,5,255,5.545177444479562,1,0,0,0,3,5,0,0.0,0,1,0,0,0,0,1085,6.990256500493881,0,2,0,0,5,674,6.51471269087253,1,1,2,4,2,4,330,5.802118375377063,1,1,0,0,1,0,1,3,2.0
5,522,6.259581464064923,1,0,2,4,2,14,12,10,2,522,6.259581464064923,1,0,2,4,2,337,5.823045895483019,1,0,1,2,1,7,0,0.0,0,1,0,0,0,0,522,6.259581464064923,1,0,2,4,2,58,4.07753744390572,1,1,1,3,2,8,390,5.968707559985366,1,1,0,0,5,0,1,6,7.0
3,1438,7.271703706887368,1,1,3,3,8,6,16,4,4,1438,7.271703706887368,1,1,3,3,8,252,5.53338948872752,1,1,0,2,0,2,0,0.0,0,1,0,0,0,0,1438,7.271703706887368,1,1,3,3,8,1203,7.093404625868766,1,0,0,3,6,3,92,4.532599493153256,1,1,2,2,1,2,1,3,101.0
2,1052,6.959398512133975,1,2,2,2,2,7,14,7,5,1052,6.959398512133975,1,2,2,2,2,702,6.555356891810665,1,1,0,2,2,2,0,0.0,0,1,0,0,0,0,1052,6.959398512133975,1,2,2,2,2,341,5.834810737062605,1,0,2,1,5,1,441,6.091309882077698,1,0,0,1,0,1,1,3,177.0
4,1315,7.182352111885263,0,1,0,6,5,15,9,17,0,1315,7.182352111885263,0,1,0,6,5,402,5.998936561946683,1,1,0,2,3,2,0,0.0,0,1,0,0,0,0,1315,7.182352111885263,0,1,0,6,5,717,6.576469569048224,1,0,0,2,3,7,332,5.808142489980444,1,1,2,2,3,2,1,3,112.0
6,736,6.602587892189336,1,1,1,1,6,7,3,10,0,593,6.386879319362645,0,2,3,5,3,0,0.0,0,1,0,0,0,0,0,0.0,0,1,0,0,0,0,736,6.602587892189336,1,1,1,1,6,255,5.545177444479562,1,0,0,0,3,5,76,4.343805421853684,1,1,1,1,6,6,1,1,62.0
7,1160,7.057036981697891,1,2,0,5,0,10,15,4,4,1160,7.057036981697891,1,2,0,5,0,649,6.476972362889683,1,0,1,4,5,9,0,0.0,0,1,0,0,0,0,1160,7.057036981697891,1,2,0,5,0,531,6.2766434893416445,1,0,0,1,6,1,594,6.38856140554563,1,1,0,4,6,4,1,3,30.0
6,1940,7.57095858316901,1,2,0,1,0,11,6,8,2,1940,7.57095858316901,1,2,0,1,0,367,5.908082938168931,1,0,1,2,3,7,0,0.0,0,1,0,0,0,0,1940,7.57095858316901,1,2,0,1,0,1048,6.955592608396297,1,1,1,3,5,8,274,5.616771097666572,1,1,1,4,1,4,1,3,237.0
3,996,6.904750769961838,1,0,1,2,6,13,11,6,1,996,6.904750769961838,1,0,1,2,6,187,5.236441962829949,1,0,1,2,5,7,0,0.0,0,1,0,0,0,0,996,6.904750769961838,1,0,1,2,6,713,6.570882962339584,1,0,2,3,6,3,106,4.672828834461906,1,1,1,1,1,6,1,3,86.0
7,354,5.872117789475416,1,0,4,4,4,11,2,3,0,353,5.869296913133774,0,2,3,3,3,0,0.0,0,1,0,0,0,0,0,0.0,0,1,0,0,0,0,354,5.872117789475416,1,0,4,4,4,257,5.552959584921617,1,0,2,2,5,7,48,3.8918202981106265,1,1,0,3,6,8,1,1,0.0
0,1487,7.305188215393037,0,2,2,3,7,17,2,9,4,1487,7.305188215393037,0,2,2,3,7,739,6.606650186198215,1,0,1,4,4,9,0,0.0,0,1,0,0,0,0,1487,7.305188215393037,0,2,2,3,7,564,6.336825731146441,1,1,0,4,4,4,822,6.71295620067707,1,1,0,2,3,2,1,3,6.0
6,1601,7.379008127628304,0,2,1,5,1,6,17,8,5,1601,7.379008127628304,0,2,1,5,1,831,6.723832440821209,1,0,0,1,5,1,0,0.0,0,1,0,0,0,0,1601,7.379008127628304,0,2,1,5,1,632,6.450470422144176,1,1,2,2,2,2,882,6.78332520060396,1,1,0,2,0,2,1,3,12.0
7,380,5.942799375126701,1,2,0,2,0,3,4,14,0,380,5.942799375126701,1,2,0,2,0,319,5.768320995793772,1,0,1,4,4,9,0,0.0,0,1,0,0,0,0,380,5.942799375126701,1,2,0,2,0,39,3.6888794541139363,1,0,0,4,4,9,327,5.793013608384144,1,0,0,2,5,7,1,3,2.0
7,1785,7.487733761436444,0,0,0,0,5,13,8,10,5,1785,7.487733761436444,0,0,0,0,5,1785,7.487733761436444,1,0,0,0,0,5,501,6.218600119691729,1,0,0,1,4,1,1785,7.487733761436444,0,0,0,0,5,73,4.30406509320417,1,0,1,3,3,3,973,6.881411303642535,1,0,1,3,0,3,1,6,684.0
1,608,6.411818267709897,1,2,3,6,8,3,11,1,5,608,6.411818267709897,1,2,3,6,8,608,6.411818267709897,1,1,2,3,6,8,37,3.6375861597263857,1,0,1,2,2,7,608,6.411818267709897,1,2,3,6,8,108,4.6913478822291435,1,1,0,3,3,8,25,3.258096538021482,1,0,1,0,4,5,1,6,365.0
2,1780,7.484930283289661,1,1,0,2,0,6,17,5,0,1780,7.484930283289661,1,1,0,2,0,692,6.541029999189903,1,1,2,2,6,2,0,0.0,0,1,0,0,0,0,1780,7.484930283289661,1,1,0,2,0,1000,6.90875477931522,1,1,1,0,6,0,16,2.833213344056216,1,1,1,1,2,6,4,3,480.0
7,1607,7.382746449738912,0,2,2,4,7,2,17,11,1,1515,7.323830566202317,0,0,0,3,5,0,0.0,0,1,0,0,0,0,0,0.0,0,1,0,0,0,0,1607,7.382746449738912,0,2,2,4,7,940,6.846943139585379,1,1,1,0,2,0,61,4.127134385045092,1,0,1,1,5,1,1,1,151.0
4,756,6.6293632534374485,1,0,1,0,6,11,15,7,4,756,6.6293632534374485,1,0,1,0,6,165,5.111987788356544,1,0,0,0,4,5,0,0.0,0,1,0,0,0,0,756,6.6293632534374485,1,0,1,0,6,572,6.35088571671474,1,1,2,2,5,2,65,4.189654742026425,1,0,2,0,2,5,1,3,73.0
8,984,6.892641641172089,1,0,4,4,4,3,7,9,4,984,6.892641641172089,1,0,4,4,4,40,3.713572066704308,1,1,1,0,5,0,0,0.0,0,1,0,0,0,0,984,6.892641641172089,1,0,4,4,4,643,6.467698726104354,1,0,1,3,6,3,168,5.1298987149230735,1,1,0,3,0,8,1,3,15.0
4,1029,6.937314081223682,0,0,4,0,9,11,10,11,0,1029,6.937314081223682,0,0,4,0,9,400,5.993961427306569,1,1,1,0,1,0,0,0.0,0,1,0,0,0,0,1029,6.937314081223682,0,0,4,0,9,790,6.673297967767654,1,1,1,0,6,0,78,4.3694478524670215,1,1,0,3,1,8,1,3,161.0
0,1757,7.471932078245122,0,2,2,0,7,5,2,11,4,1757,7.471932078245122,0,2,2,0,7,394,5.978885764901122,1,1,1,4,2,4,0,0.0,0,1,0,0,0,0,1757,7.471932078245122,0,2,2,0,7,1130,7.030857476116121,1,1,2,0,3,0,425,6.054439346269371,1,0,2,0,5,5,1,3,57.0
6,1843,7.519692404116539,0,1,3,2,3,13,6,5,3,1843,7.519692404116539,0,1,3,2,3,943,6.8501261661455,1,0,1,3,5,3,0,0.0,0,1,0,0,0,0,1843,7.519692404116539,0,1,3,2,3,770,6.647688373563329,1,1,2,0,0,0,792,6.675823221634848,1,1,0,2,1,2,1,3,144.0
7,341,5.834810737062605,0,2,1,5,1,15,4,13,4,341,5.834810737062605,0,2,1,5,1,171,5.147494476813453,1,0,0,1,3,1,0,0.0,0,1,0,0,0,0,341,5.834810737062605,0,2,1,5,1,169,5.135798437050262,1,0,1,4,1,9,122,4.812184355372417,1,1,2,2,3,2,1,3,33.0
2,1100,7.00397413672268,1,2,0,1,0,14,10,9,0,1100,7.00397413672268,1,2,0,1,0,9,2.302585092994046,1,0,0,4,2,9,0,0.0,0,1,0,0,0,0,1100,7.00397413672268,1,2,0,1,0,1094,6.9985096422506015,1,1,2,4,2,4,3,1.3862943611198906,1,0,0,3,3,3,1,4,3.0
4,1430,7.266128779556451,1,2,0,2,0,17,13,6,2,1430,7.266128779556451,1,2,0,2,0,717,6.576469569048224,1,0,0,2,3,7,0,0.0,0,1,0,0,0,0,1430,7.266128779556451,1,2,0,2,0,111,4.718498871295094,1,0,0,1,6,1,532,6.278521424165844,1,1,1,2,0,2,1,3,324.0
8,1925,7.563200592358071,0,2,0,0,5,2,5,3,5,1925,7.563200592358071,0,2,0,0,5,1925,7.563200592358071,1,0,2,0,0,5,165,5.111987788356544,1,0,0,0,4,5,1925,7.563200592358071,0,2,0,0,5,362,5.8944028342648505,1,1,2,2,5,2,181,5.204006687076795,1,0,1,1,6,1,1,7,1097.0
3,1191,7.083387847625295,0,0,1,1,1,13,5,0,5,1191,7.083387847625295,0,0,1,1,1,1191,7.083387847625295,1,0,0,1,1,1,69,4.248495242049359,1,0,0,4,6,9,1191,7.083387847625295,0,0,1,1,1,125,4.836281906951478,1,0,2,0,6,5,647,6.473890696352274,1,0,2,2,3,7,1,6,344.0
7,1474,7.29641326877392,1,1,4,4,4,11,9,5,4,1474,7.29641326877392,1,1,4,4,4,592,6.385194398997726,1,1,1,2,4,2,0,0.0,0,1,0,0,0,0,1474,7.29641326877392,1,1,4,4,4,662,6.4967749901858625,1,1,2,2,4,2,681,6.525029657843462,1,0,0,1,2,1,1,3,14.0
1,767,6.643789733147672,0,2,2,4,7,10,6,10,5,767,6.643789733147672,0,2,2,4,7,767,6.643789733147672,1,0,2,2,4,7,269,5.598421958998375,1,0,2,4,3,9,767,6.643789733147672,0,2,2,4,7,29,3.4011973816621555,1,0,2,4,1,9,323,5.780743515792329,1,0,2,3,1,3,1,6,376.0
2,1224,7.110696122978827,1,0,4,6,4,16,16,3,0,1224,7.110696122978827,1,0,4,6,4,1186,7.079184394609668,1,1,1,1,3,6,0,0.0,0,1,0,0,0,0,1224,7.110696122978827,1,0,4,6,4,122,4.812184355372417,1,1,2,2,3,2,943,6.8501261661455,1,0,1,3,5,3,1,3,134.0
5,1565,7.356279876550748,0,2,0,4,5,5,4,8,0,1565,7.356279876550748,0,2,0,4,5,1519,7.326465613840322,1,0,1,4,0,9,0,0.0,0,1,0,0,0,0,1565,7.356279876550748,0,2,0,4,5,589,6.380122536899765,1,0,1,4,1,9,331,5.805134968916488,1,0,1,1,2,1,1,3,611.0
7,424,6.052089168924417,1,1,4,4,4,16,13,8,1,424,6.052089168924417,1,1,4,4,4,199,5.298317366548036,1,0,1,4,3,9,0,0.0,0,1,0,0,0,0,424,6.052089168924417,1,1,4,4,4,218,5.389071729816501,1,1,2,3,1,8,201,5.308267697401205,1,0,0,1,5,1,1,3,1.0
2,978,6.88653164253051,1,0,3,5,8,9,8,4,3,978,6.88653164253051,1,0,3,5,8,869,6.76849321164863,1,0,2,4,1,9,0,0.0,0,1,0,0,0,0,978,6.88653164253051,1,0,3,5,8,196,5.2832037287379885,1,1,1,1,0,6,533,6.280395838960195,1,0,2,3,1,3,1,3,195.0
3,1246,7.1284959456800365,1,1,1,0,6,11,14,0,4,1246,7.1284959456800365,1,1,1,0,6,122,4.812184355372417,1,1,2,2,3,2,0,0.0,0,1,0,0,0,0,1246,7.1284959456800365,1,1,1,0,6,1133,7.033506484287697,1,0,2,3,6,3,89,4.499809670330265,1,0,2,4,5,9,1,6,19.0
2,1749,7.4673710669175595,0,0,4,6,9,7,9,14,1,1741,7.462789157412448,0,1,1,5,1,0,0.0,0,1,0,0,0,0,0,0.0,0,1,0,0,0,0,1749,7.4673710669175595,0,0,4,6,9,1636,7.400620577371135,1,1,1,1,5,6,48,3.8918202981106265,1,1,0,3,6,8,1,1,3.0
7,1236,7.1204443723924875,1,0,1,4,6,15,15,5,4,1204,7.094234845924755,1,1,4,0,4,0,0.0,0,1,0,0,0,0,0,0.0,0,1,0,0,0,0,1236,7.1204443723924875,1,0,1,4,6,966,6.874198495453294,1,1,0,1,0,6,26,3.295836866004329,1,1,2,1,5,6,2,1,62.0
0,1515,7.323830566202317,0,0,0,3,5,13,4,7,4,1515,7.323830566202317,0,0,0,3,5,4,1.6094379124341003,1,1,1,4,4,4,0,0.0,0,1,0,0,0,0,1515,7.323830566202317,0,0,0,3,5,1502,7.315218389752975,1,1,2,2,4,2,7,2.0794415416798357,1,0,1,2,0,7,1,3,1.0
5,1587,7.370230641807081,0,0,2,5,7,9,11,6,3,1587,7.370230641807081,0,0,2,5,7,578,6.361302477572996,1,1,2,3,4,8,0,0.0,0,1,0,0,0,0,1587,7.370230641807081,0,0,2,5,7,538,6.289715570908998,1,1,1,3,6,8,62,4.143134726391533,1,1,2,2,6,2,1,3,501.0
0,848,6.744059186311348,1,2,3,1,8,16,11,13,1,847,6.742880635791903,0,1,2,0,7,0,0.0,0,1,0,0,0,0,0,0.0,0,1,0,0,0,0,848,6.744059186311348,1,2,3,1,8,841,6.7357800142423265,1,0,1,1,1,1,0,0.0,0,1,0,0,0,0,1,1,2.0
7,1766,7.4770384723196965,1,2,1,2,6,16,3,15,1,1766,7.4770384723196965,1,2,1,2,6,77,4.356708826689592,1,0,2,2,0,7,0,0.0,0,1,0,0,0,0,1766,7.4770384723196965,1,2,1,2,6,1671,7.421775793644647,1,0,0,1,5,1,77,4.356708826689592,1,0,2,2,0,7,1,4,6.0
0,498,6.212606095751519,1,0,3,1,8,17,8,3,2,498,6.212606095751519,1,0,3,1,8,127,4.852030263919617,1,0,1,2,1,7,0,0.0,0,1,0,0,0,0,498,6.212606095751519,1,0,3,1,8,339,5.8289456176102075,1,0,0,4,3,9,113,4.736198448394496,1,0,2,3,1,3,1,4,20.0
7,670,6.508769136971682,1,1,0,5,0,11,9,17,5,670,6.508769136971682,1,1,0,5,0,37,3.6375861597263857,1,0,1,2,2,7,0,0.0,0,1,0,0,0,0,670,6.508769136971682,1,1,0,5,0,478,6.171700597410915,1,1,1,3,2,8,8,2.1972245773362196,1,1,2,3,1,8,1,3,71.0
8,731,6.595780513961311,0,2,1,3,1,12,13,10,5,731,6.595780513961311,0,2,1,3,1,731,6.595780513961311,1,0,2,1,3,1,61,4.127134385045092,1,0,1,1,5,1,731,6.595780513961311,0,2,1,3,1,153,5.0369526024136295,1,0,0,3,6,3,256,5.54907608489522,1,1,1,1,4,6,1,6,286.0
1,1593,7.374001859350161,0,0,3,4,3,17,0,11,2,1593,7.374001859350161,0,0,3,4,3,1013,6.921658184151129,1,0,2,3,5,3,0,0.0,0,1,0,0,0,0,1593,7.374001859350161,0,0,3,4,3,577,6.359573868672378,1,0,1,2,3,7,992,6.900730664045173,1,1,2,2,5,2,1,3,15.0
1,1855,7.526178913346146,0,1,0,0,5,0,5,13,2,1855,7.526178913346146,0,1,0,0,5,1855,7.526178913346146,1,0,1,0,0,5,74,4.31748811353631,1,1,2,4,4,4,1855,7.526178913346146,0,1,0,0,5,105,4.663439094112067,1,0,0,0,0,5,1535,7.336936913707618,1,0,2,0,2,5,1,6,203.0
3,1840,7.518064181233078,1,1,0,6,0,9,9,9,0,1840,7.518064181233078,1,1,0,6,0,1004,6.912742820493176,1,1,2,4,3,4,0,0.0,0,1,0,0,0,0,1840,7.518064181233078,1,1,0,6,0,552,6.315358001522335,1,1,0,2,6,2,954,6.86171134048073,1,1,0,4,2,4,2,3,128.0
4,892,6.794586580876499,1,1,2,3,2,0,15,5,5,892,6.794586580876499,1,1,2,3,2,773,6.651571873589727,1,0,2,3,3,3,0,0.0,0,1,0,0,0,0,892,6.794586580876499,1,1,2,3,2,249,5.521460917862246,1,0,0,4,4,9,201,5.308267697401205,1,0,0,1,5,1,1,3,338.0
6,617,6.42648845745769,0,2,2,1,7,9,11,11,0,617,6.42648845745769,0,2,2,1,7,268,5.594711379601839,1,1,1,3,2,8,0,0.0,0,1,0,0,0,0,617,6.42648845745769,0,2,2,1,7,240,5.484796933490655,1,1,0,0,2,0,66,4.204692619390966,1,1,0,1,3,6,1,3,171.0
6,1236,7.1204443723924875,1,0,1,4,6,10,10,1,4,1236,7.1204443723924875,1,0,1,4,6,558,6.326149473155099,1,1,0,3,5,8,0,0.0,0,1,0,0,0,0,1236,7.1204443723924875,1,0,1,4,6,687,6.5337888379333435,1,0,0,2,1,7,510,6.236369590203704,1,1,0,0,6,0,3,3,29.0
2,489,6.194405391104672,0,0,4,6,9,1,12,7,0,489,6.194405391104672,0,0,4,6,9,245,5.5053315359323625,1,0,2,0,0,5,0,0.0,0,1,0,0,0,0,489,6.194405391104672,0,0,4,6,9,300,5.707110264748875,1,1,0,0,6,0,106,4.672828834461906,1,1,1,1,1,6,1,3,74.0
4,1524,7.329749689041512,1,0,4,5,4,1,8,14,3,1524,7.329749689041512,1,0,4,5,4,37,3.6375861597263857,1,0,1,2,2,7,0,0.0,0,1,0,0,0,0,1524,7.329749689041512,1,0,4,5,4,1488,7.305860032684009,1,1,0,3,4,8,29,3.4011973816621555,1,0,2,4,1,9,1,3,5.0
8,375,5.929589143389895,0,0,0,4,5,11,13,16,4,375,5.929589143389895,0,0,0,4,5,192,5.262690188904886,1,1,0,2,3,2,0,0.0,0,1,0,0,0,0,375,5.929589143389895,0,0,0,4,5,188,5.241747015059643,1,1,2,3,6,8,155,5.049856007249537,1,0,2,0,1,5,1,3,23.0
8,488,6.192362489474872,1,2,3,5,8,3,5,1,3,488,6.192362489474872,1,2,3,5,8,395,5.981414211254481,1,0,2,0,3,5,0,0.0,0,1,0,0,0,0,488,6.192362489474872,1,2,3,5,8,124,4.8283137373023015,1,1,1,4,5,4,327,5.793013608384144,1,0,0,2,5,7,1,3,35.0
0,1265,7.143617602704121,0,2,0,5,5,4,16,10,0,1265,7.143617602704121,0,2,0,5,5,437,6.082218910376446,1,0,2,2,3,7,0,0.0,0,1,0,0,0,0,1265,7.143617602704121,0,2,0,5,5,686,6.532334292222349,1,1,2,1,0,6,454,6.12029741895095,1,1,1,4,6,4,1,3,36.0
2,392,5.973809611869261,1,2,2,0,2,8,15,7,0,392,5.973809611869261,1,2,2,0,2,40,3.713572066704308,1,1,1,0,5,0,0,0.0,0,1,0,0,0,0,392,5.973809611869261,1,2,2,0,2,346,5.849324779946859,1,1,1,1,3,6,43,3.784189633918261,1,0,1,3,1,3,1,3,0.0
1,1545,7.343426229147367,0,0,0,5,5,10,12,8,4,1545,7.343426229147367,0,0,0,5,5,733,6.598509028614515,1,0,1,3,5,3,0,0.0,0,1,0,0,0,0,1545,7.343426229147367,0,0,0,5,5,682,6.52649485957079,1,1,1,2,3,2,798,6.683360945766275,1,1,0,3,0,8,1,3,0.0
5,1858,7.527793987721444,1,1,3,3,8,11,9,4,1,1476,7.29776828253138,1,0,1,6,6,0,0.0,0,1,0,0,0,0,0,0.0,0,1,0,0,0,0,1858,7.527793987721444,1,1,3,3,8,1150,7.048386408721883,1,1,1,0,2,0,154,5.043425116919247,1,1,1,4,0,4,2,1,6.0
0,379,5.940171252720432,0,1,4,1,9,4,2,3,0,379,5.940171252720432,0,1,4,1,9,379,5.940171252720432,1,0,1,4,1,9,52,3.970291913552122,1,1,1,2,3,2,379,5.940171252720432,0,1,4,1,9,76,4.343805421853684,1,1,1,1,6,6,139,4.941642422609304,1,0,1,4,6,9,1,6,152.0
0,1984,7.59337419312129,1,1,4,3,4,11,6,1,2,1984,7.59337419312129,1,1,4,3,4,1370,7.223295679562314,1,1,2,0,5,0,0,0.0,0,1,0,0,0,0,1984,7.59337419312129,1,1,4,3,4,213,5.365976015021851,1,0,0,3,3,3,1383,7.232733136177615,1,0,0,3,4,3,1,3,125.0
4,514,6.244166900663736,1,1,4,3,4,9,15,3,1,514,6.244166900663736,1,1,4,3,4,514,6.244166900663736,1,1,1,4,3,4,187,5.236441962829949,1,0,1,2,5,7,514,6.244166900663736,1,1,4,3,4,10,2.3978952727983707,1,1,1,0,3,0,301,5.71042701737487,1,0,1,1,0,1,1,6,201.0
7,838,6.732210706467206,1,1,3,5,8,8,2,4,0,838,6.732210706467206,1,1,3,5,8,774,6.652863029353347,1,1,0,4,4,4,0,0.0,0,1,0,0,0,0,838,6.732210706467206,1,1,3,5,8,52,3.970291913552122,1,1,1,2,3,2,771,6.648984550024776,1,0,0,1,1,1,1,3,6.0
8,1629,7.396335293800808,0,0,4,5,9,14,0,4,4,1629,7.396335293800808,0,0,4,5,9,5,1.791759469228055,1,0,2,0,5,5,0,0.0,0,1,0,0,0,0,1629,7.396335293800808,0,0,4,5,9,1624,7.393263094763838,1,1,1,4,0,4,5,1.791759469228055,1,0,2,0,5,5,1,4,0.0
5,881,6.782192056006791,0,2,1,6,1,11,3,3,3,881,6.782192056006791,0,2,1,6,1,421,6.045005314036012,1,0,1,1,1,1,0,0.0,0,1,0,0,0,0,881,6.782192056006791,0,2,1,6,1,67,4.219507705176107,1,0,1,2,4,7,505,6.226536669287466,1,0,1,0,1,5,1,3,75.0
7,598,6.395261598115449,1,1,3,3,8,15,4,1,4,598,6.395261598115449,1,1,3,3,8,384,5.953243334287785,1,1,0,4,6,4,0,0.0,0,1,0,0,0,0,598,6.395261598115449,1,1,3,3,8,275,5.62040086571715,1,0,2,0,2,5,64,4.174387269895637,1,1,1,4,1,4,1,4,193.0
7,739,6.606650186198215,0,1,4,4,9,16,5,8,5,739,6.606650186198215,0,1,4,4,9,85,4.454347296253507,1,0,1,0,1,5,0,0.0,0,1,0,0,0,0,739,6.606650186198215,0,1,4,4,9,634,6.453624998892692,1,1,1,4,4,4,74,4.31748811353631,1,1,2,4,4,4,1,3,14.0
0,880,6.78105762593618,1,1,0,5,0,1,1,15,2,880,6.78105762593618,1,1,0,5,0,247,5.5134287461649825,1,0,1,2,2,7,0,0.0,0,1,0,0,0,0,880,6.78105762593618,1,1,0,5,0,527,6.269096283706261,1,0,2,2,2,7,192,5.262690188904886,1,1,0,2,3,2,1,3,72.0
7,1468,7.292337176173877,1,1,3,5,8,9,14,0,0,1468,7.292337176173877,1,1,3,5,8,1078,6.983789965258135,1,1,1,3,0,8,0,0.0,0,1,0,0,0,0,1468,7.292337176173877,1,1,3,5,8,495,6.206575926724928,1,0,0,0,5,5,838,6.732210706467206,1,1,1,3,5,8,1,3,125.0
2,1231,7.116394144093465,0,1,1,6,1,10,4,9,4,1231,7.116394144093465,0,1,1,6,1,259,5.560681631015528,1,0,1,4,0,9,0,0.0,0,1,0,0,0,0,1231,7.116394144093465,0,1,1,6,1,28,3.367295829986474,1,1,1,3,0,8,581,6.366470447731438,1,0,2,1,0,1,1,3,100.0
1,1935,7.568379267836522,0,0,0,3,5,8,1,6,4,1935,7.568379267836522,0,0,0,3,5,1114,7.016609683894219,1,1,1,4,1,4,0,0.0,0,1,0,0,0,0,1935,7.568379267836522,0,0,0,3,5,172,5.153291594497779,1,1,1,2,4,2,1260,7.13966033596492,1,1,0,0,0,0,1,3,119.0
3,450,6.111467339502679,1,0,0,2,0,1,1,1,3,450,6.111467339502679,1,0,0,2,0,450,6.111467339502679,1,1,0,0,2,0,177,5.181783550292085,1,0,0,2,2,7,450,6.111467339502679,1,0,0,2,0,103,4.6443908991413725,1,0,1,3,5,3,46,3.8501476017100584,1,1,1,1,4,6,1,6,294.0
2,1359,7.215239978730097,0,0,4,1,9,3,6,1,4,1359,7.215239978730097,0,0,4,1,9,1359,7.215239978730097,1,0,0,4,1,9,470,6.154858094016418,1,1,2,0,1,0,1359,7.215239978730097,0,0,4,1,9,79,4.382026634673881,1,0,1,4,2,9,632,6.450470422144176,1,1,2,2,2,2,1,7,615.0
3,1066,6.9726062513017535,1,1,1,2,6,4,11,9,2,1066,6.9726062513017535,1,1,1,2,6,622,6.434546518787453,1,1,1,2,6,2,0,0.0,0,1,0,0,0,0,1066,6.9726062513017535,1,1,1,2,6,546,6.304448802421981,1,1,0,1,0,6,229,5.438079308923196,1,0,1,4,5,9,1,3,228.0
0,1879,7.539027055823995,0,1,4,3,9,12,14,17,4,1879,7.539027055823995,0,1,4,3,9,483,6.182084906716632,1,0,0,3,0,3,0,0.0,0,1,0,0,0,0,1879,7.539027055823995,0,1,4,3,9,1151,7.049254841255837,1,0,2,1,3,1,523,6.261491684321042,1,0,1,3,5,3,1,3,55.0
8,1552,7.347943823148687,1,1,2,5,2,5,7,11,2,1552,7.347943823148687,1,1,2,5,2,1040,6.947937068614969,1,1,2,0,4,0,0,0.0,0,1,0,0,0,0,1552,7.347943823148687,1,1,2,5,2,497,6.210600077024653,1,0,2,2,0,7,1037,6.945051063725834,1,0,2,2,1,7,1,3,7.0
7,859,6.756932389247553,0,1,4,5,9,0,3,15,5,859,6.756932389247553,0,1,4,5,9,56,4.04305126783455,1,1,2,1,0,6,0,0.0,0,1,0,0,0,0,859,6.756932389247553,0,1,4,5,9,559,6.327936783729195,1,0,1,4,6,9,178,5.187385805840755,1,1,1,3,3,8,1,3,0.0
5,1362,7.217443431696533,1,0,2,4,2,3,0,10,2,1154,7.051855622955894,1,2,4,6,4,0,0.0,0,1,0,0,0,0,0,0.0,0,1,0,0,0,0,1362,7.217443431696533,1,0,2,4,2,362,5.8944028342648505,1,1,2,2,5,2,162,5.093750200806762,1,1,0,2,1,2,2,1,156.0
2,999,6.907755278982137,0,0,4,5,9,8,15,1,5,999,6.907755278982137,0,0,4,5,9,712,6.569481420414296,1,1,1,2,5,2,0,0.0,0,1,0,0,0,0,999,6.907755278982137,0,0,4,5,9,275,5.62040086571715,1,0,2,0,2,5,673,6.513230110912307,1,0,1,3,1,3,1,3,30.0
0,1444,7.275864600546533,1,1,4,2,4,7,8,15,2,1444,7.275864600546533,1,1,4,2,4,70,4.2626798770413155,1,1,1,0,0,0,0,0.0,0,1,0,0,0,0,1444,7.275864600546533,1,1,4,2,4,413,6.025865973825314,1,0,2,3,0,3,441,6.091309882077698,1,0,0,1,0,1,1,3,73.0
1,717,6.576469569048224,0,0,2,3,7,4,14,12,4,717,6.576469569048224,0,0,2,3,7,516,6.248042874508429,1,1,0,1,5,6,0,0.0,0,1,0,0,0,0,717,6.576469569048224,0,0,2,3,7,159,5.075173815233827,1,0,0,4,5,9,291,5.676753802268282,1,0,0,1,4,1,3,3,164.0
8,1091,6.9957661563048505,0,2,1,6,1,1,9,16,2,1091,6.9957661563048505,0,2,1,6,1,720,6.580639137284949,1,1,0,0,6,0,0,0.0,0,1,0,0,0,0,1091,6.9957661563048505,0,2,1,6,1,213,5.365976015021851,1,0,0,3,3,3,547,6.306275286948016,1,0,1,2,1,7,1,3,168.0
3,1438,7.271703706887368,1,1,3,3,8,16,17,10,0,1438,7.271703706887368,1,1,3,3,8,634,6.453624998892692,1,1,1,4,4,4,0,0.0,0,1,0,0,0,0,1438,7.271703706887368,1,1,3,3,8,48,3.8918202981106265,1,1,0,3,6,8,568,6.343880434126331,1,1,1,3,1,8,2,3,296.0
4,1172,7.067319848653476,1,2,2,3,2,12,14,7,0,1172,7.067319848653476,1,2,2,3,2,46,3.8501476017100584,1,1,1,1,4,6,0,0.0,0,1,0,0,0,0,1172,7.067319848653476,1,2,2,3,2,581,6.366470447731438,1,0,2,1,0,1,29,3.4011973816621555,1,0,2,4,1,9,1,3,193.0
6,1173,7.068172000388042,0,0,3,4,3,0,17,4,1,1173,7.068172000388042,0,0,3,4,3,189,5.247024072160486,1,0,0,4,0,9,0,0.0,0,1,0,0,0,0,1173,7.068172000388042,0,0,3,4,3,614,6.421622267806518,1,1,2,4,5,4,218,5.389071729816501,1,1,2,3,1,8,1,3,104.0
4,1601,7.379008127628304,0,2,1,5,1,2,11,13,5,1601,7.379008127628304,0,2,1,5,1,279,5.634789603169249,1,0,0,4,6,9,0,0.0,0,1,0,0,0,0,1601,7.379008127628304,0,2,1,5,1,1148,7.046647277848756,1,1,2,3,0,8,138,4.9344739331306915,1,1,0,3,5,8,1,3,152.0
8,1824,7.509335266016592,1,0,4,4,4,12,14,6,2,1824,7.509335266016592,1,0,4,4,4,130,4.875197323201151,1,1,1,0,4,0,0,0.0,0,1,0,0,0,0,1824,7.509335266016592,1,0,4,4,4,1733,7.458186157340487,1,0,2,3,4,3,7,2.0794415416798357,1,0,1,2,0,7,1,3,69.0
6,1159,7.05617528410041,0,1,4,4,9,2,12,0,2,1159,7.05617528410041,0,1,4,4,9,108,4.6913478822291435,1,1,0,3,3,8,0,0.0,0,1,0,0,0,0,1159,7.05617528410041,0,1,4,4,9,925,6.8308742346461795,1,0,1,0,1,5,144,4.976733742420574,1,1,0,4,4,4,1,3,18.0
7,1714,7.44716835960004,1,1,4,6,4,7,16,5,5,1714,7.44716835960004,1,1,4,6,4,1387,7.23561914106675,1,0,1,2,1,7,0,0.0,0,1,0,0,0,0,1714,7.44716835960004,1,1,4,6,4,305,5.723585101952381,1,0,2,0,4,5,1386,7.234898420314831,1,1,0,1,0,6,1,3,8.0
4,1648,7.407924322559599,1,1,3,3,8,6,0,3,0,1600,7.3783837129967145,1,1,0,4,0,0,0.0,0,1,0,0,0,0,0,0.0,0,1,0,0,0,0,1648,7.407924322559599,1,1,3,3,8,1126,7.027314514039777,1,1,1,1,6,6,66,4.204692619390966,1,1,0,1,3,6,2,1,114.0
6,1587,7.370230641807081,0,0,2,5,7,10,0,15,1,1587,7.370230641807081,0,0,2,5,7,105,4.663439094112067,1,0,0,0,0,5,0,0.0,0,1,0,0,0,0,1587,7.370230641807081,0,0,2,5,7,1448,7.278628942320682,1,1,2,3,6,8,32,3.4965075614664802,1,1,2,2,4,2,1,3,60.0
6,1635,7.400009517162692,0,0,0,4,5,8,11,2,0,1635,7.400009517162692,0,0,0,4,5,1058,6.9650803456014065,1,1,2,3,1,8,0,0.0,0,1,0,0,0,0,1635,7.400009517162692,0,0,0,4,5,248,5.517452896464707,1,1,2,3,3,8,717,6.576469569048224,1,0,0,2,3,7,1,3,337.0
0,378,5.937536205082426,1,0,3,0,8,8,13,12,4,378,5.937536205082426,1,0,3,0,8,327,5.793013608384144,1,0,0,2,5,7,0,0.0,0,1,0,0,0,0,378,5.937536205082426,1,0,3,0,8,103,4.6443908991413725,1,0,1,3,5,3,163,5.099866427824199,1,0,1,3,2,3,1,3,92.0
4,1333,7.195937226475569,0,1,3,3,3,14,17,3,1,1333,7.195937226475569,0,1,3,3,3,96,4.574710978503383,1,1,0,1,5,6,0,0.0,0,1,0,0,0,0,1333,7.195937226475569,0,1,3,3,3,1150,7.048386408721883,1,1,1,0,2,0,99,4.605170185988092,1,0,0,4,1,9,1,3,27.0
2,1890,7.544861068658458,1,0,0,0,0,12,4,4,1,1890,7.544861068658458,1,0,0,0,0,1624,7.393263094763838,1,1,1,4,0,4,0,0.0,0,1,0,0,0,0,1890,7.544861068658458,1,0,0,0,0,402,5.998936561946683,1,1,0,2,3,2,1118,7.020190708311925,1,1,2,3,5,8,2,3,292.0
3,984,6.892641641172089,1,0,4,4,4,15,3,2,1,984,6.892641641172089,1,0,4,4,4,973,6.881411303642535,1,0,1,3,0,3,0,0.0,0,1,0,0,0,0,984,6.892641641172089,1,0,4,4,4,5,1.791759469228055,1,0,2,0,5,5,931,6.837332814685591,1,0,1,1,0,1,1,3,30.0
2,1901,7.550661243105336,0,2,1,4,1,15,15,17,2,1901,7.550661243105336,0,2,1,4,1,719,6.579251212010101,1,0,2,4,5,9,0,0.0,0,1,0,0,0,0,1901,7.550661243105336,0,2,1,4,1,761,6.635946555686647,1,0,2,1,5,1,268,5.594711379601839,1,1,1,3,2,8,1,3,441.0
6,1890,7.544861068658458,1,0,0,0,0,1,17,2,0,1816,7.504942068396171,1,1,1,3,6,0,0.0,0,1,0,0,0,0,0,0.0,0,1,0,0,0,0,1890,7.544861068658458,1,0,0,0,0,1314,7.181591944611865,1,1,0,4,5,4,182,5.209486152841421,1,1,2,2,0,2,2,1,46.0
8,1044,6.951772164398911,1,0,4,1,4,14,9,1,2,1044,6.951772164398911,1,0,4,1,4,734,6.5998704992128365,1,1,2,4,6,4,0,0.0,0,1,0,0,0,0,1044,6.951772164398911,1,0,4,1,4,316,5.75890177387728,1,1,1,1,1,6,614,6.421622267806518,1,1,2,4,5,4,2,3,78.0
8,1771,7.4798641311650265,0,1,1,0,1,13,5,14,3,1771,7.4798641311650265,0,1,1,0,1,628,6.444131256700441,1,1,1,3,5,8,0,0.0,0,1,0,0,0,0,1771,7.4798641311650265,0,1,1,0,1,1435,7.269616749608169,1,0,1,0,0,5,14,2.70805020110221,1,1,2,4,0,4,1,3,312.0
3,1476,7.29776828253138,1,0,1,6,6,15,14,13,1,1476,7.29776828253138,1,0,1,6,6,43,3.784189633918261,1,0,1,3,1,3,0,0.0,0,1,0,0,0,0,1476,7.29776828253138,1,0,1,6,6,1435,7.269616749608169,1,0,1,0,0,5,39,3.6888794541139363,1,0,0,4,4,9,1,3,2.0
2,410,6.018593214496234,1,2,0,4,0,13,8,11,1,410,6.018593214496234,1,2,0,4,0,396,5.983936280687191,1,1,0,1,4,6,0,0.0,0,1,0,0,0,0,410,6.018593214496234,1,2,0,4,0,178,5.187385805840755,1,1,1,3,3,8,59,4.0943445622221,1,0,2,4,3,9,1,3,170.0
6,1158,7.055312843339752,1,0,3,3,8,2,3,12,3,945,6.852242569051878,0,0,0,0,5,0,0.0,0,1,0,0,0,0,0,0.0,0,1,0,0,0,0,1158,7.055312843339752,1,0,3,3,8,796,6.680854678790215,1,1,1,1,5,6,64,4.174387269895637,1,1,1,4,1,4,1,1,7.0
0,1813,7.503289630675082,0,1,3,0,3,15,2,1,5,1813,7.503289630675082,0,1,3,0,3,838,6.732210706467206,1,1,1,3,5,8,0,0.0,0,1,0,0,0,0,1813,7.503289630675082,0,1,3,0,3,1003,6.911747300251674,1,0,1,3,2,3,419,6.040254711277414,1,0,2,4,6,9,1,4,270.0
3,1984,7.59337419312129,1,1,4,3,4,7,9,11,0,1984,7.59337419312129,1,1,4,3,4,952,6.859614903654202,1,1,1,2,0,2,0,0.0,0,1,0,0,0,0,1984,7.59337419312129,1,1,4,3,4,1056,6.963189985870238,1,1,0,1,6,6,499,6.214608098422191,1,0,1,4,2,9,1,3,294.0
6,989,6.897704943128636,0,2,4,2,9,16,15,1,2,989,6.897704943128636,0,2,4,2,9,576,6.3578422665081,1,1,0,1,2,6,0,0.0,0,1,0,0,0,0,989,6.897704943128636,0,2,4,2,9,559,6.327936783729195,1,0,1,4,6,9,176,5.176149732573829,1,1,2,1,1,6,1,3,218.0
5,1364,7.21890970761906,1,2,4,6,4,1,0,16,2,1364,7.21890970761906,1,2,4,6,4,113,4.736198448394496,1,0,2,3,1,3,0,0.0,0,1,0,0,0,0,1364,7.21890970761906,1,2,4,6,4,1299,7.170119543449628,1,0,0,4,4,9,14,2.70805020110221,1,1,2,4,0,4,1,3,50.0
4,577,6.359573868672378,0,1,2,3,7,11,0,1,5,577,6.359573868672378,0,1,2,3,7,150,5.017279836814924,1,1,0,0,3,0,0,0.0,0,1,0,0,0,0,577,6.359573868672378,0,1,2,3,7,481,6.1779441140506,1,0,1,1,5,1,9,2.302585092994046,1,0,0,4,2,9,1,3,76.0
8,1738,7.461065514354283,1,1,3,2,8,9,0,8,3,1738,7.461065514354283,1,1,3,2,8,1738,7.461065514354283,1,1,1,3,2,8,29,3.4011973816621555,1,0,2,4,1,9,1738,7.461065514354283,1,1,3,2,8,645,6.470799503782602,1,0,0,0,1,5,359,5.886104031450156,1,0,2,4,2,9,1,6,714.0
5,390,5.968707559985366,1,0,0,5,0,1,16,14,1,390,5.968707559985366,1,0,0,5,0,16,2.833213344056216,1,1,1,1,2,6,0,0.0,0,1,0,0,0,0,390,5.968707559985366,1,0,0,5,0,338,5.82600010738045,1,1,2,3,2,8,25,3.258096538021482,1,0,1,0,4,5,1,3,6.0
3,699,6.551080335043404,0,0,4,6,9,5,14,3,0,699,6.551080335043404,0,0,4,6,9,116,4.762173934797756,1,1,2,1,4,6,0,0.0,0,1,0,0,0,0,699,6.551080335043404,0,0,4,6,9,552,6.315358001522335,1,1,0,2,6,2,112,4.727387818712341,1,1,1,2,0,2,1,3,13.0
4,1210,7.099201743553092,1,1,0,6,0,14,10,6,5,1210,7.099201743553092,1,1,0,6,0,70,4.2626798770413155,1,1,1,0,0,0,0,0.0,0,1,0,0,0,0,1210,7.099201743553092,1,1,0,6,0,1155,7.052721049232323,1,0,0,0,0,5,37,3.6375861597263857,1,0,1,2,2,7,1,3,17.0
2,1688,7.4318919168078,1,2,3,1,8,16,9,5,1,1688,7.4318919168078,1,2,3,1,8,6,1.9459101490553132,1,1,0,1,6,6,0,0.0,0,1,0,0,0,0,1688,7.4318919168078,1,2,3,1,8,1594,7.374629015218945,1,1,1,4,5,4,17,2.8903717578961645,1,0,2,2,3,7,1,3,22.0
3,1316,7.183111701743281,1,2,1,0,6,12,8,15,3,1316,7.183111701743281,1,2,1,0,6,182,5.209486152841421,1,1,2,2,0,2,0,0.0,0,1,0,0,0,0,1316,7.183111701743281,1,2,1,0,6,1110,7.01301578963963,1,1,0,0,4,0,152,5.030437921392435,1,1,2,2,5,2,2,3,28.0
6,491,6.198478716492308,0,2,1,1,1,4,12,10,4,491,6.198478716492308,0,2,1,1,1,51,3.9512437185814275,1,0,0,1,2,1,0,0.0,0,1,0,0,0,0,491,6.198478716492308,0,2,1,1,1,460,6.133398042996649,1,1,1,0,5,0,2,1.0986122886681098,1,1,2,2,2,2,1,4,26.0
3,1646,7.4067107301776405,1,2,1,1,6,12,5,0,2,1646,7.4067107301776405,1,2,1,1,6,85,4.454347296253507,1,0,1,0,1,5,0,0.0,0,1,0,0,0,0,1646,7.4067107301776405,1,2,1,1,6,1545,7.343426229147367,1,0,0,0,5,5,90,4.51085950651685,1,1,0,0,6,0,1,3,2.0
4,927,6.833031732786201,0,0,2,3,7,7,16,14,3,927,6.833031732786201,0,0,2,3,7,927,6.833031732786201,1,0,0,2,3,7,188,5.241747015059643,1,1,2,3,6,8,927,6.833031732786201,0,0,2,3,7,38,3.6635616461296463,1,1,2,3,3,8,468,6.150602768446279,1,1,0,3,6,8,1,6,356.0
2,1669,7.4205789054108005,0,1,4,3,9,14,9,3,5,1669,7.4205789054108005,0,1,4,3,9,553,6.317164686747284,1,0,1,3,0,3,0,0.0,0,1,0,0,0,0,1669,7.4205789054108005,0,1,4,3,9,653,6.483107351457199,1,0,2,3,2,3,759,6.633318433280377,1,0,0,4,3,9,1,3,17.0
0,1695,7.4360278163518485,0,0,0,1,5,1,15,1,1,1695,7.4360278163518485,0,0,0,1,5,1126,7.027314514039777,1,1,1,1,6,6,0,0.0,0,1,0,0,0,0,1695,7.4360278163518485,0,0,0,1,5,214,5.3706380281276624,1,1,1,4,4,4,474,6.163314804034641,1,1,0,4,5,4,1,3,553.0
0,1042,6.949856455000773,1,1,2,6,2,2,15,6,2,1042,6.949856455000773,1,1,2,6,2,1042,6.949856455000773,1,1,1,2,6,2,12,2.5649493574615367,1,1,0,2,5,2,1042,6.949856455000773,1,1,2,6,2,37,3.6375861597263857,1,0,1,2,2,7,770,6.647688373563329,1,1,2,0,0,0,1,6,173.0
8,1934,7.5678626054638825,1,2,4,2,4,7,2,12,5,1934,7.5678626054638825,1,2,4,2,4,1597,7.37650812632622,1,0,1,2,1,7,0,0.0,0,1,0,0,0,0,1934,7.5678626054638825,1,2,4,2,4,936,6.842683282238422,1,1,0,1,5,6,390,5.968707559985366,1,1,0,0,5,0,1,3,605.0
4,1302,7.172424577124845,1,0,2,0,2,4,14,15,3,1302,7.172424577124845,1,0,2,0,2,407,6.0112671744041615,1,0,2,2,1,7,0,0.0,0,1,0,0,0,0,1302,7.172424577124845,1,0,2,0,2,806,6.693323668269949,1,1,2,1,1,6,270,5.602118820879701,1,1,0,0,4,0,1,3,121.0
6,1293,7.165493475060845,0,0,3,5,3,1,3,11,1,1293,7.165493475060845,0,0,3,5,3,463,6.139884552226255,1,0,1,3,1,3,0,0.0,0,1,0,0,0,0,1293,7.165493475060845,0,0,3,5,3,311,5.7430031878094825,1,0,2,1,3,1,616,6.424869023905388,1,1,1,1,0,6,1,3,71.0
7,1717,7.4489161025442,0,1,2,2,7,6,3,7,2,1717,7.4489161025442,0,1,2,2,7,580,6.364750756851911,1,1,1,0,6,0,0,0.0,0,1,0,0,0,0,1717,7.4489161025442,0,1,2,2,7,1158,7.055312843339752,1,1,0,3,3,8,364,5.8998973535824915,1,1,1,4,0,4,1,3,137.0
1,1224,7.110696122978827,1,0,4,6,4,4,5,9,4,1224,7.110696122978827,1,0,4,6,4,382,5.948034989180646,1,1,1,2,4,2,0,0.0,0,1,0,0,0,0,1224,7.110696122978827,1,0,4,6,4,204,5.3230099791384085,1,1,0,4,1,4,503,6.222576268071369,1,0,2,3,6,3,1,6,132.0
3,1800,7.496097345175956,1,0,0,1,0,10,10,10,1,1800,7.496097345175956,1,0,0,1,0,688,6.535241271013659,1,1,1,3,2,8,0,0.0,0,1,0,0,0,0,1800,7.496097345175956,1,0,0,1,0,852,6.748759547491679,1,1,0,2,5,2,317,5.762051382780177,1,0,2,2,2,7,1,3,334.0
0,687,6.5337888379333435,0,0,2,1,7,13,14,14,3,687,6.5337888379333435,0,0,2,1,7,162,5.093750200806762,1,1,0,2,1,2,0,0.0,0,1,0,0,0,0,687,6.5337888379333435,0,0,2,1,7,449,6.1092475827643655,1,0,2,4,1,9,137,4.927253685157205,1,0,2,2,4,7,1,3,42.0
7,1333,7.195937226475569,0,1,3,3,3,0,11,15,5,1333,7.195937226475569,0,1,3,3,3,56,4.04305126783455,1,1,2,1,0,6,0,0.0,0,1,0,0,0,0,1333,7.195937226475569,0,1,3,3,3,1252,7.133295954896068,1,1,1,2,6,2,67,4.219507705176107,1,0,1,2,4,7,1,3,1.0
5,1787,7.488852955733459,0,2,2,2,7,17,4,12,2,1787,7.488852955733459,0,2,2,2,7,379,5.940171252720432,1,0,1,4,1,9,0,0.0,0,1,0,0,0,0,1787,7.488852955733459,0,2,2,2,7,1413,7.254177846456518,1,0,0,3,6,3,366,5.905361848054571,1,1,0,1,2,6,1,3,7.0
5,1169,7.064759027791802,0,2,4,0,9,15,14,4,3,1169,7.064759027791802,0,2,4,0,9,217,5.384495062789089,1,0,1,2,0,7,0,0.0,0,1,0,0,0,0,1169,7.064759027791802,0,2,4,0,9,950,6.85751406254539,1,1,2,0,5,0,215,5.375278407684165,1,0,2,0,5,5,1,3,2.0
4,1755,7.470793774195062,0,0,0,5,5,6,14,17,5,1755,7.470793774195062,0,0,0,5,5,649,6.476972362889683,1,0,1,4,5,9,0,0.0,0,1,0,0,0,0,1755,7.470793774195062,0,0,0,5,5,1200,7.0909098220799835,1,1,0,0,3,0,407,6.0112671744041615,1,0,2,2,1,7,1,3,130.0
7,923,6.828712071641684,0,2,3,6,3,12,12,15,5,923,6.828712071641684,0,2,3,6,3,592,6.385194398997726,1,1,1,2,4,2,0,0.0,0,1,0,0,0,0,923,6.828712071641684,0,2,3,6,3,129,4.867534450455582,1,0,0,4,3,9,3,1.3862943611198906,1,0,0,3,3,3,1,4,460.0
4,733,6.598509028614515,0,1,3,5,3,14,14,17,2,524,6.263398262591624,1,2,4,6,4,0,0.0,0,1,0,0,0,0,0,0.0,0,1,0,0,0,0,733,6.598509028614515,0,1,3,5,3,44,3.8066624897703196,1,1,2,4,2,4,39,3.6888794541139363,1,0,0,4,4,9,1,1,134.0
7,915,6.82001636467413,0,0,0,5,5,0,6,3,3,788,6.670766320845874,1,2,3,4,8,0,0.0,0,1,0,0,0,0,0,0.0,0,1,0,0,0,0,915,6.82001636467413,0,0,0,5,5,285,5.655991810819852,1,0,0,0,5,5,220,5.3981627015177525,1,1,1,0,3,0,1,1,21.0
6,1548,7.3453648404168685,1,0,3,1,8,1,16,10,2,1548,7.3453648404168685,1,0,3,1,8,463,6.139884552226255,1,0,1,3,1,3,0,0.0,0,1,0,0,0,0,1548,7.3453648404168685,1,0,3,1,8,665,6.501289670540389,1,0,2,0,0,5,610,6.415096959171596,1,1,1,0,1,0,1,3,42.0
8,989,6.897704943128636,0,2,4,2,9,8,11,17,1,989,6.897704943128636,0,2,4,2,9,444,6.09807428216624,1,1,0,4,3,4,0,0.0,0,1,0,0,0,0,989,6.897704943128636,0,2,4,2,9,599,6.396929655216146,1,0,2,4,4,9,105,4.663439094112067,1,0,0,0,0,5,1,3,208.0
6,578,6.361302477572996,1,2,3,4,8,8,0,11,4,578,6.361302477572996,1,2,3,4,8,111,4.718498871295094,1,0,0,1,6,1,0,0.0,0,1,0,0,0,0,578,6.361302477572996,1,2,3,4,8,466,6.1463292576688975,1,1,1,1,4,6,95,4.564348191467836,1,0,2,0,4,5,1,3,11.0
7,1371,7.22402480828583,0,0,1,6,1,5,6,5,3,1371,7.22402480828583,0,0,1,6,1,669,6.507277712385012,1,0,0,4,4,9,0,0.0,0,1,0,0,0,0,1371,7.22402480828583,0,0,1,6,1,348,5.855071922202427,1,1,0,3,5,8,666,6.502790045915623,1,1,0,1,1,6,3,3,120.0
7,1035,6.943122422819428,0,0,0,6,5,5,4,13,4,1035,6.943122422819428,0,0,0,6,5,198,5.293304824724492,1,1,0,3,2,8,0,0.0,0,1,0,0,0,0,1035,6.943122422819428,0,0,0,6,5,841,6.7357800142423265,1,0,1,1,1,1,157,5.062595033026967,1,0,1,2,3,7,1,3,26.0
2,588,6.3784261836515865,1,0,3,0,8,12,2,17,2,518,6.251903883165888,1,2,3,0,8,0,0.0,0,1,0,0,0,0,0,0.0,0,1,0,0,0,0,588,6.3784261836515865,1,0,3,0,8,107,4.68213122712422,1,0,2,2,2,7,45,3.828641396489095,1,0,0,0,3,5,1,1,107.0
8,339,5.8289456176102075,0,0,4,3,9,14,4,7,1,339,5.8289456176102075,0,0,4,3,9,339,5.8289456176102075,1,0,0,4,3,9,93,4.543294782270004,1,0,0,3,2,3,339,5.8289456176102075,0,0,4,3,9,59,4.0943445622221,1,0,2,4,3,9,89,4.499809670330265,1,0,2,4,5,9,1,6,178.0
3,1319,7.1853870155804165,0,2,4,3,9,14,11,13,1,1128,7.029087564149662,1,0,3,1,8,0,0.0,0,1,0,0,0,0,0,0.0,0,1,0,0,0,0,1319,7.1853870155804165,0,2,4,3,9,995,6.903747257584598,1,0,2,0,1,5,56,4.04305126783455,1,1,2,1,0,6,1,1,7.0
2,857,6.754604099487962,0,2,2,3,7,11,13,8,5,857,6.754604099487962,0,2,2,3,7,35,3.58351893845611,1,0,2,0,0,5,0,0.0,0,1,0,0,0,0,857,6.754604099487962,0,2,2,3,7,812,6.70073110954781,1,1,2,2,0,2,37,3.6375861597263857,1,0,1,2,2,7,1,3,2.0
5,355,5.87493073085203,0,1,0,5,5,9,2,11,0,355,5.87493073085203,0,1,0,5,5,77,4.356708826689592,1,0,2,2,0,7,0,0.0,0,1,0,0,0,0,355,5.87493073085203,0,1,0,5,5,245,5.5053315359323625,1,0,2,0,0,5,62,4.143134726391533,1,1,2,2,6,2,1,3,21.0
0,1676,7.424761761823209,1,2,1,3,6,7,5,9,3,1676,7.424761761823209,1,2,1,3,6,1078,6.983789965258135,1,1,1,3,0,8,0,0.0,0,1,0,0,0,0,1676,7.424761761823209,1,2,1,3,6,408,6.013715156042802,1,1,0,3,2,8,1074,6.980075940561763,1,1,0,4,3,4,2,3,66.0
5,1265,7.143617602704121,0,2,0,5,5,0,15,5,2,1203,7.093404625868766,0,0,3,6,3,0,0.0,0,1,0,0,0,0,0,0.0,0,1,0,0,0,0,1265,7.143617602704121,0,2,0,5,5,1177,7.071573364211532,1,0,1,2,1,7,13,2.6390573296152584,1,0,1,3,6,3,1,1,0.0
8,1804,7.498315870766981,1,1,4,5,4,0,11,3,5,1804,7.498315870766981,1,1,4,5,4,1773,7.480992162869525,1,0,0,3,2,3,0,0.0,0,1,0,0,0,0,1804,7.498315870766981,1,1,4,5,4,318,5.765191102784844,1,1,0,3,3,8,560,6.329720905522696,1,1,2,0,0,0,1,3,713.0
5,1323,7.188412736496954,0,0,3,0,3,13,9,14,2,1323,7.188412736496954,0,0,3,0,3,1056,6.963189985870238,1,1,0,1,6,6,0,0.0,0,1,0,0,0,0,1323,7.188412736496954,0,0,3,0,3,461,6.135564891081739,1,0,2,1,6,1,335,5.817111159963204,1,0,2,0,6,5,1,3,416.0
4,1782,7.48605261786314,1,0,2,4,2,8,7,8,2,1782,7.48605261786314,1,0,2,4,2,1099,7.003065458786462,1,0,1,4,0,9,0,0.0,0,1,0,0,0,0,1782,7.48605261786314,1,0,2,4,2,985,6.893656354602635,1,0,1,0,5,5,252,5.53338948872752,1,1,0,2,0,2,1,3,464.0
8,884,6.785587645007929,1,2,4,2,4,4,17,14,4,884,6.785587645007929,1,2,4,2,4,884,6.785587645007929,1,1,2,4,2,4,59,4.0943445622221,1,0,2,4,3,9,884,6.785587645007929,1,2,4,2,4,96,4.574710978503383,1,1,0,1,5,6,504,6.22455842927536,1,1,0,4,0,4,1,6,241.0
3,1056,6.963189985870238,1,0,1,6,6,2,5,15,0,994,6.902742737158593,1,1,4,0,4,0,0.0,0,1,0,0,0,0,0,0.0,0,1,0,0,0,0,1056,6.963189985870238,1,0,1,6,6,540,6.293419278846481,1,1,0,0,1,0,206,5.332718793265369,1,1,2,1,3,6,2,1,14.0
5,1634,7.399398083331354,1,2,4,3,4,7,12,6,3,1634,7.399398083331354,1,2,4,3,4,330,5.802118375377063,1,1,0,0,1,0,0,0.0,0,1,0,0,0,0,1634,7.399398083331354,1,2,4,3,4,996,6.904750769961838,1,1,0,1,2,6,265,5.583496308781699,1,0,1,0,6,5,1,3,146.0
4,1000,6.90875477931522,1,1,0,6,0,16,9,4,5,1000,6.90875477931522,1,1,0,6,0,436,6.07993319509559,1,1,1,1,2,6,0,0.0,0,1,0,0,0,0,1000,6.90875477931522,1,1,0,6,0,530,6.274762021241939,1,1,2,0,5,0,423,6.049733455231958,1,0,0,3,3,3,1,3,20.0
6,320,5.771441123130016,1,2,0,5,0,13,7,0,2,320,5.771441123130016,1,2,0,5,0,7,2.0794415416798357,1,0,1,2,0,7,0,0.0,0,1,0,0,0,0,320,5.771441123130016,1,2,0,5,0,286,5.659482215759621,1,1,1,1,6,6,16,2.833213344056216,1,1,1,1,2,6,1,6,3.0
7,1535,7.336936913707618,0,2,0,2,5,10,1,11,5,1535,7.336936913707618,0,2,0,2,5,290,5.673323267171493,1,1,2,0,3,0,0,0.0,0,1,0,0,0,0,1535,7.336936913707618,0,2,0,2,5,852,6.748759547491679,1,1,0,2,5,2,275,5.62040086571715,1,0,2,0,2,5,1,3,141.0
8,483,6.182084906716632,0,0,3,0,3,1,3,2,5,483,6.182084906716632,0,0,3,0,3,188,5.241747015059643,1,1,2,3,6,8,0,0.0,0,1,0,0,0,0,483,6.182084906716632,0,0,3,0,3,94,4.553876891600541,1,1,1,4,3,4,185,5.225746673713202,1,0,2,0,3,5,1,4,69.0
0,1873,7.535830462798367,0,1,3,4,3,5,10,0,5,1873,7.535830462798367,0,1,3,4,3,840,6.734591659972948,1,1,0,0,0,0,0,0.0,0,1,0,0,0,0,1873,7.535830462798367,0,1,3,4,3,226,5.424950017481403,1,1,1,1,2,6,1026,6.934397209928558,1,1,0,1,4,6,1,3,145.0
1,655,6.486160788944089,0,1,0,4,5,4,11,0,4,655,6.486160788944089,0,1,0,4,5,232,5.4510384535657,1,1,1,2,1,2,0,0.0,0,1,0,0,0,0,655,6.486160788944089,0,1,0,4,5,489,6.194405391104672,1,0,0,4,6,9,49,3.912023005428146,1,0,1,4,0,9,1,3,100.0
8,1003,6.911747300251674,0,1,3,2,3,11,6,8,5,1003,6.911747300251674,0,1,3,2,3,106,4.672828834461906,1,1,1,1,1,6,0,0.0,0,1,0,0,0,0,1003,6.911747300251674,0,1,3,2,3,931,6.837332814685591,1,0,1,1,0,1,35,3.58351893845611,1,0,2,0,0,5,1,3,36.0
7,876,6.776506992372183,1,0,1,1,6,10,15,5,4,876,6.776506992372183,1,0,1,1,6,204,5.3230099791384085,1,1,0,4,1,4,0,0.0,0,1,0,0,0,0,876,6.776506992372183,1,0,1,1,6,670,6.508769136971682,1,1,1,0,5,0,205,5.327876168789581,1,0,1,0,2,5,1,3,0.0
8,907,6.811244378601294,0,1,2,4,7,8,3,11,3,907,6.811244378601294,0,1,2,4,7,54,4.007333185232471,1,1,0,4,5,4,0,0.0,0,1,0,0,0,0,907,6.811244378601294,0,1,2,4,7,850,6.7464121285733745,1,1,1,0,3,0,30,3.4339872044851463,1,1,0,0,2,0,1,3,17.0
1,553,6.317164686747284,0,1,3,0,3,10,16,17,2,553,6.317164686747284,0,1,3,0,3,343,5.840641657373398,1,0,1,3,0,3,0,0.0,0,1,0,0,0,0,553,6.317164686747284,0,1,3,0,3,215,5.375278407684165,1,0,2,0,5,5,312,5.746203190540153,1,1,0,2,4,2,1,3,19.0
1,772,6.650279048587422,1,1,2,2,2,7,4,5,0,772,6.650279048587422,1,1,2,2,2,502,6.220590170099739,1,1,1,2,5,2,0,0.0,0,1,0,0,0,0,772,6.650279048587422,1,1,2,2,2,33,3.5263605246161616,1,0,0,3,5,3,523,6.261491684321042,1,0,1,3,5,3,1,3,65.0
6,485,6.186208623900494,0,2,0,2,5,16,9,13,4,485,6.186208623900494,0,2,0,2,5,173,5.159055299214529,1,0,2,3,5,3,0,0.0,0,1,0,0,0,0,485,6.186208623900494,0,2,0,2,5,239,5.480638923341991,1,0,2,4,1,9,118,4.77912349311153,1,1,1,3,6,8,1,3,61.0
6,409,6.016157159698354,0,1,4,3,9,4,14,3,1,409,6.016157159698354,0,1,4,3,9,203,5.318119993844216,1,0,2,3,0,3,0,0.0,0,1,0,0,0,0,409,6.016157159698354,0,1,4,3,9,100,4.61512051684126,1,1,1,0,2,0,145,4.983606621708336,1,0,1,0,5,5,1,3,74.0
7,319,5.768320995793772,0,1,4,4,9,6,1,14,0,319,5.768320995793772,0,1,4,4,9,306,5.726847747587197,1,1,0,1,5,6,0,0.0,0,1,0,0,0,0,319,5.768320995793772,0,1,4,4,9,73,4.30406509320417,1,0,1,3,3,3,186,5.231108616854587,1,1,0,1,4,6,1,3,60.0
4,631,6.448889394146858,0,1,1,1,1,2,5,12,1,631,6.448889394146858,0,1,1,1,1,153,5.0369526024136295,1,0,0,3,6,3,0,0.0,0,1,0,0,0,0,631,6.448889394146858,0,1,1,1,1,505,6.226536669287466,1,0,1,0,1,5,99,4.605170185988092,1,0,0,4,1,9,1,3,27.0
4,1838,7.516977224604321,1,2,3,4,8,4,1,0,4,1838,7.516977224604321,1,2,3,4,8,1137,7.037027614686276,1,0,0,2,3,7,0,0.0,0,1,0,0,0,0,1838,7.516977224604321,1,2,3,4,8,135,4.912654885736052,1,0,0,0,2,5,1096,7.00033446027523,1,1,1,1,4,6,1,3,216.0
6,910,6.814542897259958,1,1,0,0,0,15,2,11,3,910,6.814542897259958,1,1,0,0,0,123,4.820281565605037,1,0,0,3,4,3,0,0.0,0,1,0,0,0,0,910,6.814542897259958,1,1,0,0,0,636,6.456769655572163,1,1,0,1,6,6,197,5.288267030694535,1,0,2,2,1,7,1,3,1.0
0,1962,7.5822291942764615,1,0,2,2,2,15,13,9,0,1962,7.5822291942764615,1,0,2,2,2,401,5.996452088619021,1,0,2,1,2,1,0,0.0,0,1,0,0,0,0,1962,7.5822291942764615,1,0,2,2,2,1568,7.358193752733032,1,1,2,3,0,8,375,5.929589143389895,1,0,0,0,4,5,1,3,15.0
2,406,6.008813185442595,1,1,1,0,6,6,2,8,5,406,6.008813185442595,1,1,1,0,6,16,2.833213344056216,1,1,1,1,2,6,0,0.0,0,1,0,0,0,0,406,6.008813185442595,1,1,1,0,6,316,5.75890177387728,1,1,1,1,1,6,23,3.1780538303479458,1,0,2,3,2,3,1,3,20.0
1,1258,7.138073034044347,1,1,3,5,8,5,5,17,0,1258,7.138073034044347,1,1,3,5,8,350,5.860786223465865,1,1,2,0,0,0,0,0.0,0,1,0,0,0,0,1258,7.138073034044347,1,1,3,5,8,1033,6.9411900550683745,1,0,1,3,4,3,7,2.0794415416798357,1,0,1,2,0,7,1,4,187.0
0,1988,7.5953872788539725,1,2,3,0,8,10,14,5,0,1971,7.586803535162581,0,0,1,4,1,0,0.0,0,1,0,0,0,0,0,0.0,0,1,0,0,0,0,1988,7.5953872788539725,1,2,3,0,8,860,6.7580945044277305,1,1,2,0,6,0,110,4.709530201312334,1,1,2,0,5,0,1,1,297.0
6,1714,7.44716835960004,1,1,4,6,4,4,9,7,2,1714,7.44716835960004,1,1,4,6,4,1388,7.236339342754344,1,1,2,3,2,8,0,0.0,0,1,0,0,0,0,1714,7.44716835960004,1,1,4,6,4,758,6.63200177739563,1,1,2,3,2,8,521,6.257667587882639,1,0,2,1,3,1,1,3,434.0
0,581,6.366470447731438,0,2,1,0,1,9,3,13,0,581,6.366470447731438,0,2,1,0,1,281,5.641907070938114,1,0,2,1,1,1,0,0.0,0,1,0,0,0,0,581,6.366470447731438,0,2,1,0,1,2,1.0986122886681098,1,1,2,2,2,2,40,3.713572066704308,1,1,1,0,5,0,1,4,260.0
2,983,6.891625897052253,0,2,3,3,3,12,16,12,3,778,6.658011045870748,1,1,3,1,8,0,0.0,0,1,0,0,0,0,0,0.0,0,1,0,0,0,0,983,6.891625897052253,0,2,3,3,3,740,6.608000625296087,1,1,2,0,5,0,16,2.833213344056216,1,1,1,1,2,6,1,1,2.0
1,762,6.637258031284457,1,0,2,6,2,6,5,4,2,762,6.637258031284457,1,0,2,6,2,79,4.382026634673881,1,0,1,4,2,9,0,0.0,0,1,0,0,0,0,762,6.637258031284457,1,0,2,6,2,695,6.54534966033442,1,0,2,0,2,5,22,3.1354942159291497,1,1,1,2,1,2,1,3,34.0
6,1710,7.444833273892193,1,0,0,2,0,6,6,5,5,1710,7.444833273892193,1,0,0,2,0,1107,7.010311867307229,1,0,0,2,1,7,0,0.0,0,1,0,0,0,0,1710,7.444833273892193,1,0,0,2,0,113,4.736198448394496,1,0,2,3,1,3,1127,7.028201432058005,1,0,2,2,0,7,1,3,150.0
4,1115,7.017506142941256,0,2,0,2,5,13,10,9,5,1115,7.017506142941256,0,2,0,2,5,1115,7.017506142941256,1,0,2,0,2,5,77,4.356708826689592,1,0,2,2,0,7,1115,7.017506142941256,0,2,0,2,5,172,5.153291594497779,1,1,1,2,4,2,271,5.605802066295998,1,0,1,1,5,1,1,6,531.0
7,1800,7.496097345175956,1,0,0,1,0,16,9,4,5,1800,7.496097345175956,1,0,0,1,0,540,6.293419278846481,1,1,0,0,1,0,0,0.0,0,1,0,0,0,0,1800,7.496097345175956,1,0,0,1,0,1407,7.249925536717988,1,0,0,2,0,7,147,4.997212273764115,1,0,0,2,0,7,3,3,213.0
5,1755,7.470793774195062,0,0,0,5,5,6,13,12,1,1755,7.470793774195062,0,0,0,5,5,701,6.553933404025811,1,0,2,1,1,1,0,0.0,0,1,0,0,0,0,1755,7.470793774195062,0,0,0,5,5,989,6.897704943128636,1,0,2,4,2,9,423,6.049733455231958,1,0,0,3,3,3,1,3,207.0
7,960,6.8679744089702925,1,0,0,1,0,17,1,7,5,960,6.8679744089702925,1,0,0,1,0,59,4.0943445622221,1,0,2,4,3,9,0,0.0,0,1,0,0,0,0,960,6.8679744089702925,1,0,0,1,0,845,6.740519359606223,1,0,2,0,5,5,81,4.406719247264253,1,0,0,1,4,1,1,3,4.0
8,1916,7.558516743045645,1,2,1,5,6,7,3,4,2,1916,7.558516743045645,1,2,1,5,6,1453,7.282073658093465,1,0,1,3,4,3,0,0.0,0,1,0,0,0,0,1916,7.558516743045645,1,2,1,5,6,544,6.300785794663244,1,1,1,4,5,4,1279,7.154615356913663,1,0,1,4,5,9,1,3,89.0
6,873,6.773080375655535,0,0,3,5,3,4,6,11,4,873,6.773080375655535,0,0,3,5,3,112,4.727387818712341,1,1,1,2,0,2,0,0.0,0,1,0,0,0,0,873,6.773080375655535,0,0,3,5,3,693,6.542471960506805,1,0,0,3,0,3,110,4.709530201312334,1,1,2,0,5,0,1,3,24.0
6,724,6.586171654854675,1,1,4,3,4,7,8,9,3,482,6.180016653652572,1,2,2,6,2,0,0.0,0,1,0,0,0,0,0,0.0,0,1,0,0,0,0,724,6.586171654854675,1,1,4,3,4,137,4.927253685157205,1,0,2,2,4,7,129,4.867534450455582,1,0,0,4,3,9,1,1,29.0
1,1457,7.284820912568604,0,2,2,1,7,4,6,10,1,1457,7.284820912568604,0,2,2,1,7,141,4.955827057601261,1,0,0,1,1,1,0,0.0,0,1,0,0,0,0,1457,7.284820912568604,0,2,2,1,7,1289,7.162397497355718,1,0,2,4,1,9,135,4.912654885736052,1,0,0,0,2,5,1,3,13.0
6,904,6.807934943699926,1,1,4,1,4,1,4,4,5,579,6.363028103540465,0,0,4,5,9,0,0.0,0,1,0,0,0,0,0,0.0,0,1,0,0,0,0,904,6.807934943699926,1,1,4,1,4,244,5.501258210544727,1,1,1,4,6,4,166,5.117993812416755,1,1,1,1,5,6,1,1,1.0
4,1562,7.354362330421477,1,2,2,1,2,9,9,14,2,1562,7.354362330421477,1,2,2,1,2,1562,7.354362330421477,1,1,2,2,1,2,35,3.58351893845611,1,0,2,0,0,5,1562,7.354362330421477,1,2,2,1,2,333,5.811140992976701,1,0,0,3,4,3,756,6.6293632534374485,1,1,0,1,0,6,1,6,438.0
6,1064,6.970730078143525,1,2,4,0,4,11,17,7,0,1064,6.970730078143525,1,2,4,0,4,131,4.882801922586371,1,0,2,1,5,1,0,0.0,0,1,0,0,0,0,1064,6.970730078143525,1,2,4,0,4,661,6.495265555937008,1,0,1,1,3,1,30,3.4339872044851463,1,1,0,0,2,0,1,3,158.0
3,1432,7.267525427828172,1,1,2,4,2,11,10,16,0,1432,7.267525427828172,1,1,2,4,2,467,6.148468295917647,1,0,2,2,5,7,0,0.0,0,1,0,0,0,0,1432,7.267525427828172,1,1,2,4,2,1117,7.0192966537150445,1,0,1,2,4,7,139,4.941642422609304,1,0,1,4,6,9,1,3,168.0
2,510,6.236369590203704,1,0,0,6,0,0,14,9,3,425,6.054439346269371,0,2,0,5,5,0,0.0,0,1,0,0,0,0,0,0.0,0,1,0,0,0,0,510,6.236369590203704,1,0,0,6,0,309,5.736572297479192,1,0,0,4,1,9,19,2.995732273553991,1,0,1,4,5,9,1,1,26.0
8,342,5.8377304471659395,1,0,2,6,2,12,6,3,2,342,5.8377304471659395,1,0,2,6,2,342,5.8377304471659395,1,1,0,2,6,2,249,5.521460917862246,1,0,0,4,4,9,342,5.8377304471659395,1,0,2,6,2,2,1.0986122886681098,1,1,2,2,2,2,89,4.499809670330265,1,0,2,4,5,9,1,10,251.0
7,776,6.655440350367647,1,2,1,6,6,17,10,13,3,776,6.655440350367647,1,2,1,6,6,715,6.573680166960646,1,0,1,0,1,5,0,0.0,0,1,0,0,0,0,776,6.655440350367647,1,2,1,6,6,320,5.771441123130016,1,1,2,0,5,0,53,3.9889840465642745,1,0,2,3,4,3,1,3,355.0
6,588,6.3784261836515865,1,0,3,0,8,9,15,15,3,588,6.3784261836515865,1,0,3,0,8,256,5.54907608489522,1,1,1,1,4,6,0,0.0,0,1,0,0,0,0,588,6.3784261836515865,1,0,3,0,8,361,5.8916442118257715,1,0,1,1,4,1,141,4.955827057601261,1,0,0,1,1,1,1,3,67.0
6,523,6.261491684321042,0,1,3,5,3,10,9,0,3,523,6.261491684321042,0,1,3,5,3,370,5.916202062607435,1,1,1,0,6,0,0,0.0,0,1,0,0,0,0,523,6.261491684321042,0,1,3,5,3,33,3.5263605246161616,1,0,0,3,5,3,307,5.730099782973574,1,0,1,2,6,7,1,3,82.0
1,1989,7.595889917718538,0,0,4,1,9,10,17,3,2,1989,7.595889917718538,0,0,4,1,9,189,5.247024072160486,1,0,0,4,0,9,0,0.0,0,1,0,0,0,0,1989,7.595889917718538,0,0,4,1,9,150,5.017279836814924,1,1,0,0,3,0,849,6.745236349484363,1,0,0,4,2,9,3,3,110.0
6,1715,7.447751280047908,0,2,0,0,5,10,0,7,0,1715,7.447751280047908,0,2,0,0,5,1117,7.0192966537150445,1,0,1,2,4,7,0,0.0,0,1,0,0,0,0,1715,7.447751280047908,0,2,0,0,5,184,5.220355825078324,1,1,1,4,2,4,325,5.786897381366708,1,0,1,0,3,5,1,3,666.0
1,1973,7.587817219993427,0,2,3,6,3,6,9,13,2,1973,7.587817219993427,0,2,3,6,3,683,6.52795791762255,1,0,2,3,4,3,0,0.0,0,1,0,0,0,0,1973,7.587817219993427,0,2,3,6,3,607,6.410174881966167,1,0,1,2,5,7,561,6.331501849893691,1,0,0,1,1,1,1,3,309.0
6,366,5.905361848054571,1,0,1,2,6,12,16,12,1,366,5.905361848054571,1,0,1,2,6,331,5.805134968916488,1,0,1,1,2,1,0,0.0,0,1,0,0,0,0,366,5.905361848054571,1,0,1,2,6,30,3.4339872044851463,1,1,0,0,2,0,323,5.780743515792329,1,0,2,3,1,3,1,3,7.0
0,909,6.813444599510896,0,0,4,6,9,4,2,1,4,909,6.813444599510896,0,0,4,6,9,376,5.932245187448011,1,1,1,1,5,6,0,0.0,0,1,0,0,0,0,909,6.813444599510896,0,0,4,6,9,507,6.230481447578482,1,0,0,2,3,7,263,5.575949103146316,1,0,2,3,4,3,1,3,84.0
5,1473,7.295735072749282,0,0,3,3,3,1,2,4,3,889,6.7912214627261855,0,1,4,0,9,0,0.0,0,1,0,0,0,0,0,0.0,0,1,0,0,0,0,1473,7.295735072749282,0,0,3,3,3,503,6.222576268071369,1,0,2,3,6,3,25,3.258096538021482,1,0,1,0,4,5,1,1,112.0
0,1919,7.560080465021827,0,2,4,1,9,0,13,13,5,1919,7.560080465021827,0,2,4,1,9,406,6.008813185442595,1,1,1,1,0,6,0,0.0,0,1,0,0,0,0,1919,7.560080465021827,0,2,4,1,9,1067,6.97354301952014,1,0,2,2,3,7,599,6.396929655216146,1,0,2,4,4,9,1,3,20.0
4,1348,7.207118856207756,1,1,3,4,8,6,11,0,0,1348,7.207118856207756,1,1,3,4,8,4,1.6094379124341003,1,1,1,4,4,4,0,0.0,0,1,0,0,0,0,1348,7.207118856207756,1,1,3,4,8,1214,7.102499355774649,1,1,2,4,3,4,36,3.6109179126442243,1,1,0,1,1,6,2,7,22.0
6,1904,7.552237287560802,1,2,4,0,4,16,5,0,2,1904,7.552237287560802,1,2,4,0,4,488,6.192362489474872,1,1,2,3,5,8,0,0.0,0,1,0,0,0,0,1904,7.552237287560802,1,2,4,0,4,1143,7.042286171939743,1,0,0,3,2,3,404,6.003887067106539,1,1,2,4,5,4,1,3,147.0
3,930,6.836259277277067,1,0,0,6,0,1,9,0,5,916,6.821107472256465,1,1,1,6,6,0,0.0,0,1,0,0,0,0,0,0.0,0,1,0,0,0,0,930,6.836259277277067,1,0,0,6,0,907,6.811244378601294,1,0,1,2,4,7,0,0.0,0,1,0,0,0,0,1,1,3.0
3,736,6.602587892189336,1,1,1,1,6,2,8,4,5,736,6.602587892189336,1,1,1,1,6,509,6.234410725718371,1,0,2,4,5,9,0,0.0,0,1,0,0,0,0,736,6.602587892189336,1,1,1,1,6,320,5.771441123130016,1,1,2,0,5,0,260,5.564520407322694,1,1,2,0,1,0,1,3,135.0
1,464,6.142037405587356,1,2,4,2,4,2,10,7,2,464,6.142037405587356,1,2,4,2,4,124,4.8283137373023015,1,1,1,4,5,4,0,0.0,0,1,0,0,0,0,464,6.142037405587356,1,2,4,2,4,237,5.472270673671475,1,0,0,2,6,7,159,5.075173815233827,1,0,0,4,5,9,1,3,11.0
7,359,5.886104031450156,0,2,4,2,9,7,17,15,4,359,5.886104031450156,0,2,4,2,9,210,5.351858133476067,1,1,0,0,0,0,0,0.0,0,1,0,0,0,0,359,5.886104031450156,0,2,4,2,9,122,4.812184355372417,1,1,2,2,3,2,222,5.407171771460119,1,1,0,2,5,2,1,3,1.0
3,1289,7.162397497355718,0,2,4,1,9,2,15,6,5,1289,7.162397497355718,0,2,4,1,9,826,6.717804695023691,1,1,1,1,0,6,0,0.0,0,1,0,0,0,0,1289,7.162397497355718,0,2,4,1,9,432,6.07073772800249,1,1,0,2,5,2,807,6.694562058521095,1,0,0,2,2,7,1,3,23.0
1,592,6.385194398997726,1,1,2,4,2,9,9,11,1,376,5.932245187448011,1,1,1,5,6,0,0.0,0,1,0,0,0,0,0,0.0,0,1,0,0,0,0,592,6.385194398997726,1,1,2,4,2,328,5.796057750765372,1,1,1,3,6,8,18,2.9444389791664403,1,1,0,3,4,8,2,1,4.0
5,1485,7.303843225277705,0,0,0,1,5,5,5,0,5,1485,7.303843225277705,0,0,0,1,5,111,4.718498871295094,1,0,0,1,6,1,0,0.0,0,1,0,0,0,0,1485,7.303843225277705,0,0,0,1,5,1103,7.00669522683704,1,0,2,3,4,3,227,5.429345628954441,1,0,2,2,3,7,1,3,13.0
1,1652,7.410347097821024,1,2,2,0,2,0,16,17,1,1652,7.410347097821024,1,2,2,0,2,522,6.259581464064923,1,1,0,2,4,2,0,0.0,0,1,0,0,0,0,1652,7.410347097821024,1,2,2,0,2,630,6.447305862541213,1,1,0,0,0,0,577,6.359573868672378,1,0,1,2,3,7,1,3,130.0
7,613,6.419994928147142,0,1,3,4,3,15,1,7,3,613,6.419994928147142,0,1,3,4,3,613,6.419994928147142,1,0,1,3,4,3,243,5.497168225293202,1,0,0,3,5,3,613,6.419994928147142,0,1,3,4,3,92,4.532599493153256,1,1,2,2,1,2,9,2.302585092994046,1,0,0,4,2,9,1,7,453.0
3,1655,7.412160334945205,0,2,0,3,5,4,6,10,0,1655,7.412160334945205,0,2,0,3,5,509,6.234410725718371,1,0,2,4,5,9,0,0.0,0,1,0,0,0,0,1655,7.412160334945205,0,2,0,3,5,1090,6.994849985833071,1,1,1,0,5,0,114,4.74493212836325,1,1,0,4,2,4,1,3,282.0
7,1045,6.952728644624869,0,1,0,2,5,5,8,6,5,1045,6.952728644624869,0,1,0,2,5,213,5.365976015021851,1,0,0,3,3,3,0,0.0,0,1,0,0,0,0,1045,6.952728644624869,0,1,0,2,5,701,6.553933404025811,1,0,2,1,1,1,97,4.584967478670572,1,0,1,2,6,7,1,3,121.0
4,1482,7.301822342137932,1,0,2,5,2,13,9,7,2,1482,7.301822342137932,1,0,2,5,2,571,6.349138991379798,1,0,1,1,4,1,0,0.0,0,1,0,0,0,0,1482,7.301822342137932,1,0,2,5,2,830,6.7226297948554485,1,1,2,0,4,0,109,4.700480365792417,1,0,1,4,4,9,1,3,335.0
6,1885,7.542213463193403,0,1,0,2,5,15,16,3,4,1885,7.542213463193403,0,1,0,2,5,941,6.848005274576363,1,0,2,1,3,1,0,0.0,0,1,0,0,0,0,1885,7.542213463193403,0,1,0,2,5,682,6.52649485957079,1,1,1,2,3,2,790,6.673297967767654,1,1,1,0,6,0,1,3,188.0
4,1116,7.018401799069201,1,0,1,3,6,1,15,13,0,1116,7.018401799069201,1,0,1,3,6,287,5.662960480135946,1,0,2,2,0,7,0,0.0,0,1,0,0,0,0,1116,7.018401799069201,1,0,1,3,6,640,6.46302945692067,1,1,1,0,3,0,359,5.886104031450156,1,0,2,4,2,9,1,3,15.0
2,1704,7.4413203897176174,1,0,4,3,4,2,10,12,4,1704,7.4413203897176174,1,0,4,3,4,14,2.70805020110221,1,1,2,4,0,4,0,0.0,0,1,0,0,0,0,1704,7.4413203897176174,1,0,4,3,4,1677,7.425357887027151,1,0,0,2,4,7,1,0.6931471805599453,1,0,1,1,1,1,1,8,13.0
4,1317,7.183870715062453,0,0,2,1,7,12,9,9,2,1206,7.095893221097532,1,0,1,2,6,0,0.0,0,1,0,0,0,0,0,0.0,0,1,0,0,0,0,1317,7.183870715062453,0,0,2,1,7,1097,7.001245622069476,1,0,2,2,5,7,53,3.9889840465642745,1,0,2,3,4,3,1,1,1.0
4,1378,7.229113877793302,1,1,3,6,8,13,9,11,4,1318,7.1846291527173145,1,1,3,2,8,0,0.0,0,1,0,0,0,0,0,0.0,0,1,0,0,0,0,1378,7.229113877793302,1,1,3,6,8,1309,7.177782416195197,1,0,1,4,0,9,0,0.0,0,1,0,0,0,0,1,1,3.0
8,575,6.3561076606958915,0,2,0,1,5,13,8,10,1,575,6.3561076606958915,0,2,0,1,5,484,6.184148890937483,1,1,1,4,1,4,0,0.0,0,1,0,0,0,0,575,6.3561076606958915,0,2,0,1,5,188,5.241747015059643,1,1,2,3,6,8,104,4.653960350157523,1,1,2,4,6,4,1,3,221.0
6,1451,7.280697195384741,0,2,1,2,1,7,16,1,1,1451,7.280697195384741,0,2,1,2,1,840,6.734591659972948,1,1,0,0,0,0,0,0.0,0,1,0,0,0,0,1451,7.280697195384741,0,2,1,2,1,151,5.0238805208462765,1,0,1,1,4,1,53,3.9889840465642745,1,0,2,3,4,3,1,3,678.0
3,1499,7.313220387090301,0,2,4,1,9,11,15,1,3,1048,6.955592608396297,1,1,3,5,8,0,0.0,0,1,0,0,0,0,0,0.0,0,1,0,0,0,0,1499,7.313220387090301,0,2,4,1,9,256,5.54907608489522,1,1,1,1,4,6,165,5.111987788356544,1,0,0,0,4,5,1,1,154.0
4,715,6.573680166960646,0,1,0,1,5,0,8,16,3,700,6.55250788703459,1,1,0,0,0,0,0.0,0,1,0,0,0,0,0,0.0,0,1,0,0,0,0,715,6.573680166960646,0,1,0,1,5,644,6.4692503167957724,1,1,2,4,0,4,19,2.995732273553991,1,0,1,4,5,9,1,1,6.0
4,1919,7.560080465021827,0,2,4,1,9,13,14,2,0,1919,7.560080465021827,0,2,4,1,9,1,0.6931471805599453,1,0,1,1,1,1,0,0.0,0,1,0,0,0,0,1919,7.560080465021827,0,2,4,1,9,1356,7.213031659834869,1,1,0,1,5,6,195,5.278114659230517,1,0,0,0,6,5,1,8,58.0
1,391,5.971261839790462,0,1,1,6,1,4,16,15,2,391,5.971261839790462,0,1,1,6,1,134,4.90527477843843,1,1,2,4,1,4,0,0.0,0,1,0,0,0,0,391,5.971261839790462,0,1,1,6,1,193,5.267858159063328,1,0,1,3,4,3,31,3.4657359027997265,1,0,1,1,3,1,1,3,90.0
4,317,5.762051382780177,0,2,2,2,7,11,17,10,1,317,5.762051382780177,0,2,2,2,7,162,5.093750200806762,1,1,0,2,1,2,0,0.0,0,1,0,0,0,0,317,5.762051382780177,0,2,2,2,7,157,5.062595033026967,1,0,1,2,3,7,146,4.990432586778736,1,1,2,1,6,6,1,3,10.0
8,413,6.025865973825314,0,2,3,0,3,10,11,5,4,413,6.025865973825314,0,2,3,0,3,399,5.991464547107982,1,0,0,4,0,9,0,0.0,0,1,0,0,0,0,413,6.025865973825314,0,2,3,0,3,113,4.736198448394496,1,0,2,3,1,3,102,4.634728988229636,1,1,0,2,4,2,1,3,165.0
4,678,6.520621127558696,1,0,3,6,8,3,7,6,4,678,6.520621127558696,1,0,3,6,8,273,5.6131281063880705,1,0,0,3,0,3,0,0.0,0,1,0,0,0,0,678,6.520621127558696,1,0,3,6,8,360,5.8888779583328805,1,1,0,0,3,0,30,3.4339872044851463,1,1,0,0,2,0,3,4,177.0
8,1781,7.485491608030754,0,2,1,3,1,10,2,8,1,1781,7.485491608030754,0,2,1,3,1,936,6.842683282238422,1,1,0,1,5,6,0,0.0,0,1,0,0,0,0,1781,7.485491608030754,0,2,1,3,1,456,6.124683390894205,1,1,0,1,1,6,583,6.369900982828227,1,0,1,3,2,3,1,3,365.0
7,1841,7.518607216815252,0,2,1,0,1,4,12,13,5,1841,7.518607216815252,0,2,1,0,1,449,6.1092475827643655,1,0,2,4,1,9,0,0.0,0,1,0,0,0,0,1841,7.518607216815252,0,2,1,0,1,1560,7.353081920515432,1,1,0,0,6,0,2,1.0986122886681098,1,1,2,2,2,2,1,4,242.0
4,442,6.093569770045136,1,1,2,1,2,14,14,13,0,442,6.093569770045136,1,1,2,1,2,322,5.777652323222656,1,1,1,2,0,2,0,0.0,0,1,0,0,0,0,442,6.093569770045136,1,1,2,1,2,18,2.9444389791664403,1,1,0,3,4,8,361,5.8916442118257715,1,0,1,1,4,1,1,3,8.0
1,1565,7.356279876550748,0,2,0,4,5,9,13,17,2,1565,7.356279876550748,0,2,0,4,5,336,5.820082930352362,1,1,0,1,0,6,0,0.0,0,1,0,0,0,0,1565,7.356279876550748,0,2,0,4,5,1078,6.983789965258135,1,1,1,3,0,8,407,6.0112671744041615,1,0,2,2,1,7,1,3,3.0
7,1080,6.985641817639208,1,0,0,2,0,16,13,8,0,1080,6.985641817639208,1,0,0,2,0,551,6.313548046277095,1,0,2,1,5,1,0,0.0,0,1,0,0,0,0,1080,6.985641817639208,1,0,0,2,0,162,5.093750200806762,1,1,0,2,1,2,157,5.062595033026967,1,0,1,2,3,7,1,3,385.0
1,755,6.628041376179533,0,2,0,6,5,5,0,17,5,755,6.628041376179533,0,2,0,6,5,3,1.3862943611198906,1,0,0,3,3,3,0,0.0,0,1,0,0,0,0,755,6.628041376179533,0,2,0,6,5,751,6.62273632394984,1,0,1,1,2,1,2,1.0986122886681098,1,1,2,2,2,2,1,3,1.0
8,507,6.230481447578482,0,0,2,3,7,4,16,2,4,507,6.230481447578482,0,0,2,3,7,472,6.159095388491933,1,1,1,2,3,2,0,0.0,0,1,0,0,0,0,507,6.230481447578482,0,0,2,3,7,36,3.6109179126442243,1,1,0,1,1,6,452,6.115892125483034,1,1,2,2,4,2,1,3,13.0
3,734,6.5998704992128365,1,2,4,6,4,14,6,9,1,734,6.5998704992128365,1,2,4,6,4,29,3.4011973816621555,1,0,2,4,1,9,0,0.0,0,1,0,0,0,0,734,6.5998704992128365,1,2,4,6,4,703,6.556778356158042,1,0,1,3,3,3,24,3.2188758248682006,1,1,0,4,3,4,1,3,4.0
0,1222,7.109062135687172,1,1,2,4,2,14,5,14,5,1222,7.109062135687172,1,1,2,4,2,814,6.703188113240863,1,1,1,4,2,4,0,0.0,0,1,0,0,0,0,1222,7.109062135687172,1,1,2,4,2,129,4.867534450455582,1,0,0,4,3,9,769,6.646390514847729,1,0,1,4,6,9,1,3,123.0
7,1860,7.528869256642251,1,0,0,5,0,17,4,17,0,1860,7.528869256642251,1,0,0,5,0,922,6.827629234502852,1,1,1,2,5,2,0,0.0,0,1,0,0,0,0,1860,7.528869256642251,1,0,0,5,0,1126,7.027314514039777,1,1,1,1,6,6,435,6.077642243349034,1,0,0,0,1,5,1,3,262.0
7,1845,7.520776415062797,0,0,0,4,5,15,5,5,2,1845,7.520776415062797,0,0,0,4,5,379,5.940171252720432,1,0,1,4,1,9,0,0.0,0,1,0,0,0,0,1845,7.520776415062797,0,0,0,4,5,797,6.682108597449809,1,0,2,2,6,7,292,5.680172609017068,1,1,1,2,5,2,1,3,281.0
8,1454,7.282761179605593,1,2,4,5,4,9,12,15,4,1454,7.282761179605593,1,2,4,5,4,231,5.44673737166631,1,0,0,1,0,1,0,0.0,0,1,0,0,0,0,1454,7.282761179605593,1,2,4,5,4,1232,7.117205503164344,1,1,2,2,0,2,81,4.406719247264253,1,0,0,1,4,1,1,3,97.0
3,928,6.834108738813838,1,1,3,4,8,6,12,15,1,928,6.834108738813838,1,1,3,4,8,928,6.834108738813838,1,1,1,3,4,8,317,5.762051382780177,1,0,2,2,2,7,928,6.834108738813838,1,1,3,4,8,56,4.04305126783455,1,1,2,1,0,6,76,4.343805421853684,1,1,1,1,6,6,1,6,655.0
5,1772,7.480428306074208,1,2,2,1,2,2,6,0,2,1772,7.480428306074208,1,2,2,1,2,555,6.320768294250582,1,0,0,0,2,5,0,0.0,0,1,0,0,0,0,1772,7.480428306074208,1,2,2,1,2,737,6.6039438246004725,1,0,2,2,2,7,453,6.118097198041348,1,0,0,3,5,3,1,3,228.0
2,1423,7.261225091971921,0,1,3,2,3,11,0,7,0,1423,7.261225091971921,0,1,3,2,3,1423,7.261225091971921,1,0,1,3,2,3,198,5.293304824724492,1,1,0,3,2,8,1423,7.261225091971921,0,1,3,2,3,188,5.241747015059643,1,1,2,3,6,8,759,6.633318433280377,1,0,0,4,3,9,1,6,446.0
7,1152,7.050122520269059,1,0,2,4,2,13,9,11,1,1152,7.050122520269059,1,0,2,4,2,266,5.58724865840025,1,1,2,1,0,6,0,0.0,0,1,0,0,0,0,1152,7.050122520269059,1,0,2,4,2,788,6.670766320845874,1,1,2,3,4,8,201,5.308267697401205,1,0,0,1,5,1,1,3,76.0
7,1082,6.9874902470009905,1,2,2,4,2,17,16,17,2,1082,6.9874902470009905,1,2,2,4,2,489,6.194405391104672,1,0,0,4,6,9,0,0.0,0,1,0,0,0,0,1082,6.9874902470009905,1,2,2,4,2,78,4.3694478524670215,1,1,0,3,1,8,403,6.0014148779611505,1,0,1,3,4,3,1,3,229.0
6,1824,7.509335266016592,1,0,4,4,4,8,2,8,0,1824,7.509335266016592,1,0,4,4,4,706,6.561030665896573,1,1,1,1,6,6,0,0.0,0,1,0,0,0,0,1824,7.509335266016592,1,0,4,4,4,560,6.329720905522696,1,1,2,0,0,0,775,6.654152520183219,1,0,1,0,5,5,1,3,140.0
5,441,6.091309882077698,0,0,1,0,1,3,17,11,3,441,6.091309882077698,0,0,1,0,1,148,5.003946305945459,1,1,1,3,1,8,0,0.0,0,1,0,0,0,0,441,6.091309882077698,0,0,1,0,1,285,5.655991810819852,1,0,0,0,5,5,113,4.736198448394496,1,0,2,3,1,3,1,3,26.0
4,1214,7.102499355774649,1,2,4,3,4,1,4,3,2,1214,7.102499355774649,1,2,4,3,4,166,5.117993812416755,1,1,1,1,5,6,0,0.0,0,1,0,0,0,0,1214,7.102499355774649,1,2,4,3,4,1063,6.96979066990159,1,0,1,3,6,3,109,4.700480365792417,1,0,1,4,4,9,1,3,33.0
6,1122,7.023758954738443,1,0,2,2,2,13,1,9,3,1122,7.023758954738443,1,0,2,2,2,521,6.257667587882639,1,0,2,1,3,1,0,0.0,0,1,0,0,0,0,1122,7.023758954738443,1,0,2,2,2,359,5.886104031450156,1,0,2,4,2,9,66,4.204692619390966,1,1,0,1,3,6,1,6,384.0
4,733,6.598509028614515,0,1,3,5,3,14,11,10,5,733,6.598509028614515,0,1,3,5,3,733,6.598509028614515,1,0,1,3,5,3,264,5.579729825986222,1,1,0,4,5,4,733,6.598509028614515,0,1,3,5,3,1,0.6931471805599453,1,0,1,1,1,1,92,4.532599493153256,1,1,2,2,1,2,1,12,515.0
7,978,6.88653164253051,1,0,3,5,8,10,17,1,3,978,6.88653164253051,1,0,3,5,8,496,6.208590026096629,1,1,1,1,6,6,0,0.0,0,1,0,0,0,0,978,6.88653164253051,1,0,3,5,8,407,6.0112671744041615,1,0,2,2,1,7,532,6.278521424165844,1,1,1,2,0,2,1,3,1.0
5,340,5.831882477283517,1,1,0,4,0,10,6,3,1,340,5.831882477283517,1,1,0,4,0,156,5.056245805348308,1,1,0,1,2,6,0,0.0,0,1,0,0,0,0,340,5.831882477283517,1,1,0,4,0,151,5.0238805208462765,1,0,1,1,4,1,12,2.5649493574615367,1,1,0,2,5,2,1,4,107.0
4,920,6.825460036255307,1,2,0,3,0,3,16,14,5,920,6.825460036255307,1,2,0,3,0,614,6.421622267806518,1,1,2,4,5,4,0,0.0,0,1,0,0,0,0,920,6.825460036255307,1,2,0,3,0,8,2.1972245773362196,1,1,2,3,1,8,685,6.530877627725885,1,0,1,0,6,5,1,6,52.0
1,821,6.71174039505618,0,2,1,2,1,17,3,13,3,821,6.71174039505618,0,2,1,2,1,281,5.641907070938114,1,0,2,1,1,1,0,0.0,0,1,0,0,0,0,821,6.71174039505618,0,2,1,2,1,527,6.269096283706261,1,0,2,2,2,7,250,5.5254529391317835,1,1,1,0,5,0,1,3,25.0
1,731,6.595780513961311,0,2,1,3,1,11,9,4,5,731,6.595780513961311,0,2,1,3,1,371,5.918893854273146,1,0,2,1,0,1,0,0.0,0,1,0,0,0,0,731,6.595780513961311,0,2,1,3,1,291,5.676753802268282,1,0,0,1,4,1,395,5.981414211254481,1,0,2,0,3,5,1,3,7.0
6,1412,7.253470382684528,1,2,2,5,2,8,12,0,2,1412,7.253470382684528,1,2,2,5,2,845,6.740519359606223,1,0,2,0,5,5,0,0.0,0,1,0,0,0,0,1412,7.253470382684528,1,2,2,5,2,208,5.342334251964811,1,1,1,3,5,8,948,6.855408798609928,1,1,0,3,3,8,1,3,51.0
6,1329,7.1929342212158,0,0,4,6,9,14,17,2,1,1329,7.1929342212158,0,0,4,6,9,60,4.110873864173311,1,1,0,0,4,0,0,0.0,0,1,0,0,0,0,1329,7.1929342212158,0,0,4,6,9,1228,7.113956109566034,1,1,1,3,3,8,64,4.174387269895637,1,1,1,4,1,4,1,3,11.0
3,1311,7.179307969504034,0,0,1,2,1,4,2,9,2,1311,7.179307969504034,0,0,1,2,1,1311,7.179307969504034,1,0,0,1,2,1,436,6.07993319509559,1,1,1,1,2,6,1311,7.179307969504034,0,0,1,2,1,199,5.298317366548036,1,0,1,4,3,9,276,5.6240175061873385,1,1,0,1,3,6,1,6,769.0
0,1688,7.4318919168078,1,2,3,1,8,4,9,0,3,1688,7.4318919168078,1,2,3,1,8,1011,6.919683849847411,1,0,0,1,3,1,0,0.0,0,1,0,0,0,0,1688,7.4318919168078,1,2,3,1,8,677,6.519147287940395,1,0,2,2,5,7,948,6.855408798609928,1,1,0,3,3,8,1,3,42.0
5,964,6.872128101338986,1,1,4,5,4,13,11,16,5,964,6.872128101338986,1,1,4,5,4,357,5.8805329864007,1,0,0,2,0,7,0,0.0,0,1,0,0,0,0,964,6.872128101338986,1,1,4,5,4,594,6.38856140554563,1,1,0,4,6,4,353,5.869296913133774,1,0,2,3,3,3,1,3,7.0
7,1533,7.335633981927201,0,0,3,0,3,4,8,7,3,766,6.642486801367256,1,1,1,3,6,0,0.0,0,1,0,0,0,0,0,0.0,0,1,0,0,0,0,1533,7.335633981927201,0,0,3,0,3,391,5.971261839790462,1,0,1,1,6,1,168,5.1298987149230735,1,1,0,3,0,8,1,1,13.0
4,1297,7.168579897264035,0,1,2,2,7,17,16,12,0,1297,7.168579897264035,0,1,2,2,7,1297,7.168579897264035,1,0,1,2,2,7,531,6.2766434893416445,1,0,0,1,6,1,1297,7.168579897264035,0,1,2,2,7,194,5.272999558563747,1,1,2,4,5,4,222,5.407171771460119,1,1,0,2,5,2,1,6,829.0
8,1099,7.003065458786462,0,1,4,0,9,15,14,16,0,1099,7.003065458786462,0,1,4,0,9,146,4.990432586778736,1,1,2,1,6,6,0,0.0,0,1,0,0,0,0,1099,7.003065458786462,0,1,4,0,9,953,6.860663671448287,1,0,2,3,1,3,143,4.969813299576001,1,0,2,3,3,3,1,3,2.0
1,467,6.148468295917647,0,2,2,5,7,3,12,11,2,467,6.148468295917647,0,2,2,5,7,105,4.663439094112067,1,0,0,0,0,5,0,0.0,0,1,0,0,0,0,467,6.148468295917647,0,2,2,5,7,373,5.924255797414532,1,0,1,3,2,3,23,3.1780538303479458,1,0,2,3,2,3,1,3,51.0
5,787,6.669498089857879,0,1,2,3,7,6,17,5,1,787,6.669498089857879,0,1,2,3,7,713,6.570882962339584,1,0,2,3,6,3,0,0.0,0,1,0,0,0,0,787,6.669498089857879,0,1,2,3,7,27,3.332204510175204,1,0,0,2,6,7,18,2.9444389791664403,1,1,0,3,4,8,1,3,479.0
2,1280,7.155396301896734,1,2,0,6,0,4,15,16,1,1280,7.155396301896734,1,2,0,6,0,319,5.768320995793772,1,0,1,4,4,9,0,0.0,0,1,0,0,0,0,1280,7.155396301896734,1,2,0,6,0,486,6.18826412308259,1,1,0,1,3,6,60,4.110873864173311,1,1,0,0,4,0,1,3,331.0
8,798,6.683360945766275,1,0,3,0,8,7,6,13,2,798,6.683360945766275,1,0,3,0,8,199,5.298317366548036,1,0,1,4,3,9,0,0.0,0,1,0,0,0,0,798,6.683360945766275,1,0,3,0,8,573,6.352629396319567,1,0,0,3,6,3,176,5.176149732573829,1,1,2,1,1,6,1,3,24.0
5,1579,7.365180126021013,0,1,4,4,9,5,1,14,4,1579,7.365180126021013,0,1,4,4,9,1455,7.283448228756631,1,0,0,0,6,5,0,0.0,0,1,0,0,0,0,1579,7.365180126021013,0,1,4,4,9,116,4.762173934797756,1,1,2,1,4,6,1306,7.175489713624222,1,1,1,1,4,6,1,3,102.0
8,565,6.338594078203183,0,1,0,5,5,1,16,1,0,565,6.338594078203183,0,1,0,5,5,167,5.123963979403259,1,0,2,2,6,7,0,0.0,0,1,0,0,0,0,565,6.338594078203183,0,1,0,5,5,397,5.986452005284438,1,0,1,2,5,7,79,4.382026634673881,1,0,1,4,2,9,1,3,59.0
7,1683,7.428927194802272,0,0,3,3,3,10,15,7,0,1683,7.428927194802272,0,0,3,3,3,133,4.897839799950911,1,0,1,3,0,3,0,0.0,0,1,0,0,0,0,1683,7.428927194802272,0,0,3,3,3,1544,7.3427791893318455,1,1,2,4,4,4,136,4.919980925828125,1,1,1,1,3,6,1,3,0.0
5,1163,7.059617628291383,0,2,3,1,3,12,9,11,1,1163,7.059617628291383,0,2,3,1,3,39,3.6888794541139363,1,0,0,4,4,9,0,0.0,0,1,0,0,0,0,1163,7.059617628291383,0,2,3,1,3,1136,7.036148493750536,1,1,2,1,2,6,12,2.5649493574615367,1,1,0,2,5,2,1,3,14.0
3,1548,7.3453648404168685,1,0,3,1,8,12,2,10,4,1548,7.3453648404168685,1,0,3,1,8,737,6.6039438246004725,1,0,2,2,2,7,0,0.0,0,1,0,0,0,0,1548,7.3453648404168685,1,0,3,1,8,617,6.42648845745769,1,0,2,2,1,7,57,4.060443010546419,1,0,0,2,1,7,1,3,518.0
6,969,6.877296071497429,0,0,4,3,9,5,1,14,1,969,6.877296071497429,0,0,4,3,9,572,6.35088571671474,1,1,2,2,5,2,0,0.0,0,1,0,0,0,0,969,6.877296071497429,0,0,4,3,9,224,5.41610040220442,1,1,2,4,0,4,408,6.013715156042802,1,1,0,3,2,8,1,3,167.0
0,1382,7.232010331664759,1,2,2,3,2,3,0,5,5,1044,6.951772164398911,1,0,4,1,4,0,0.0,0,1,0,0,0,0,0,0.0,0,1,0,0,0,0,1382,7.232010331664759,1,2,2,3,2,696,6.546785410760524,1,1,0,1,3,6,12,2.5649493574615367,1,1,0,2,5,2,2,3,108.0
6,830,6.7226297948554485,1,2,0,4,0,17,4,1,2,830,6.7226297948554485,1,2,0,4,0,17,2.8903717578961645,1,0,2,2,3,7,0,0.0,0,1,0,0,0,0,830,6.7226297948554485,1,2,0,4,0,811,6.699500340161678,1,0,1,1,6,1,6,1.9459101490553132,1,1,0,1,6,6,1,3,8.0
0,543,6.298949246855942,0,0,3,4,3,15,9,13,5,543,6.298949246855942,0,0,3,4,3,348,5.855071922202427,1,1,0,3,5,8,0,0.0,0,1,0,0,0,0,543,6.298949246855942,0,0,3,4,3,203,5.318119993844216,1,0,2,3,0,3,308,5.733341276897746,1,1,2,3,0,8,1,3,24.0
8,886,6.787844982309579,1,1,1,4,6,2,16,8,4,886,6.787844982309579,1,1,1,4,6,777,6.656726524178391,1,0,0,2,0,7,0,0.0,0,1,0,0,0,0,886,6.787844982309579,1,1,1,4,6,64,4.174387269895637,1,1,1,4,1,4,495,6.206575926724928,1,0,0,0,5,5,1,3,203.0
6,895,6.79794041297493,0,1,0,6,5,16,4,17,0,895,6.79794041297493,0,1,0,6,5,255,5.545177444479562,1,0,0,0,3,5,0,0.0,0,1,0,0,0,0,895,6.79794041297493,0,1,0,6,5,620,6.431331081933479,1,1,2,0,4,0,256,5.54907608489522,1,1,1,1,4,6,1,3,6.0
1,1423,7.261225091971921,0,1,3,2,3,4,14,1,3,1423,7.261225091971921,0,1,3,2,3,1423,7.261225091971921,1,0,1,3,2,3,25,3.258096538021482,1,0,1,0,4,5,1423,7.261225091971921,0,1,3,2,3,551,6.313548046277095,1,0,2,1,5,1,167,5.123963979403259,1,0,2,2,6,7,1,6,662.0
5,1123,7.024649030453636,0,1,3,3,3,3,7,0,2,1123,7.024649030453636,0,1,3,3,3,1015,6.923628628138427,1,0,1,0,0,5,0,0.0,0,1,0,0,0,0,1123,7.024649030453636,0,1,3,3,3,377,5.934894195619588,1,0,2,2,6,7,207,5.337538079701318,1,0,0,2,4,7,1,3,449.0
8,1050,6.957497370876951,1,0,0,0,0,13,17,10,3,1050,6.957497370876951,1,0,0,0,0,36,3.6109179126442243,1,1,0,1,1,6,0,0.0,0,1,0,0,0,0,1050,6.957497370876951,1,0,0,0,0,984,6.892641641172089,1,1,0,4,4,4,30,3.4339872044851463,1,1,0,0,2,0,6,6,14.0
1,1542,7.341483852363161,1,0,2,2,2,10,2,8,0,1542,7.341483852363161,1,0,2,2,2,593,6.386879319362645,1,0,2,3,5,3,0,0.0,0,1,0,0,0,0,1542,7.341483852363161,1,0,2,2,2,1124,7.025538314638521,1,1,2,4,4,4,81,4.406719247264253,1,0,0,1,4,1,1,3,283.0
5,1307,7.176254532017144,0,2,2,5,7,2,11,12,4,1307,7.176254532017144,0,2,2,5,7,43,3.784189633918261,1,0,1,3,1,3,0,0.0,0,1,0,0,0,0,1307,7.176254532017144,0,2,2,5,7,1264,7.142827401161621,1,1,1,4,4,4,34,3.5553480614894135,1,1,1,4,6,4,1,3,6.0
1,467,6.148468295917647,0,2,2,5,7,8,9,4,3,467,6.148468295917647,0,2,2,5,7,185,5.225746673713202,1,0,2,0,3,5,0,0.0,0,1,0,0,0,0,467,6.148468295917647,0,2,2,5,7,33,3.5263605246161616,1,0,0,3,5,3,5,1.791759469228055,1,0,2,0,5,5,1,4,203.0
8,1250,7.1316985104669115,1,2,0,4,0,13,5,8,2,1250,7.1316985104669115,1,2,0,4,0,146,4.990432586778736,1,1,2,1,6,6,0,0.0,0,1,0,0,0,0,1250,7.1316985104669115,1,2,0,4,0,858,6.755768921984255,1,1,0,3,4,8,221,5.402677381872279,1,0,2,1,4,1,1,3,32.0
0,962,6.870053411798126,1,2,2,3,2,0,1,6,2,937,6.843749949006225,0,1,2,6,7,0,0.0,0,1,0,0,0,0,0,0.0,0,1,0,0,0,0,962,6.870053411798126,1,2,2,3,2,795,6.679599185844383,1,0,0,0,4,5,29,3.4011973816621555,1,0,2,4,1,9,1,1,28.0
2,479,6.173786103901937,0,2,4,3,9,16,11,0,2,479,6.173786103901937,0,2,4,3,9,170,5.14166355650266,1,1,2,0,2,0,0,0.0,0,1,0,0,0,0,479,6.173786103901937,0,2,4,3,9,304,5.720311776607412,1,1,1,4,3,4,168,5.1298987149230735,1,1,0,3,0,8,1,3,3.0
7,642,6.466144724237619,1,0,2,5,2,15,9,9,4,496,6.208590026096629,1,1,1,6,6,0,0.0,0,1,0,0,0,0,0,0.0,0,1,0,0,0,0,642,6.466144724237619,1,0,2,5,2,401,5.996452088619021,1,0,2,1,2,1,40,3.713572066704308,1,1,1,0,5,0,1,1,5.0
6,1508,7.319202458767849,1,2,3,3,8,5,7,11,3,1508,7.319202458767849,1,2,3,3,8,821,6.71174039505618,1,0,2,1,2,1,0,0.0,0,1,0,0,0,0,1508,7.319202458767849,1,2,3,3,8,64,4.174387269895637,1,1,1,4,1,4,777,6.656726524178391,1,0,0,2,0,7,1,3,237.0
4,308,5.733341276897746,1,2,3,0,8,1,9,6,3,293,5.683579767338681,0,2,3,6,3,0,0.0,0,1,0,0,0,0,0,0.0,0,1,0,0,0,0,308,5.733341276897746,1,2,3,0,8,249,5.521460917862246,1,0,0,4,4,9,16,2.833213344056216,1,1,1,1,2,6,1,1,4.0
0,354,5.872117789475416,1,0,4,4,4,1,8,0,3,354,5.872117789475416,1,0,4,4,4,92,4.532599493153256,1,1,2,2,1,2,0,0.0,0,1,0,0,0,0,354,5.872117789475416,1,0,4,4,4,246,5.5093883366279774,1,1,0,1,1,6,82,4.418840607796598,1,1,1,2,5,2,2,4,12.0
5,1955,7.578656850594762,0,2,0,2,5,14,8,12,2,1955,7.578656850594762,0,2,0,2,5,1275,7.151485463904735,1,0,0,0,1,5,0,0.0,0,1,0,0,0,0,1955,7.578656850594762,0,2,0,2,5,585,6.373319789577012,1,0,0,0,4,5,1165,7.061334366910438,1,0,1,0,3,5,5,3,105.0
2,511,6.238324625039508,0,1,1,0,1,14,6,10,1,511,6.238324625039508,0,1,1,0,1,12,2.5649493574615367,1,1,0,2,5,2,0,0.0,0,1,0,0,0,0,511,6.238324625039508,0,1,1,0,1,493,6.202535517187923,1,0,1,3,3,3,9,2.302585092994046,1,0,0,4,2,9,1,3,4.0
5,750,6.621405651764134,1,0,0,1,0,13,17,13,2,750,6.621405651764134,1,0,0,1,0,215,5.375278407684165,1,0,2,0,5,5,0,0.0,0,1,0,0,0,0,750,6.621405651764134,1,0,0,1,0,557,6.324358962381311,1,0,2,2,4,7,81,4.406719247264253,1,0,0,1,4,1,1,3,82.0
4,1320,7.186144304522325,1,0,0,4,0,12,15,4,2,784,6.665683717782408,1,1,4,0,4,0,0.0,0,1,0,0,0,0,0,0.0,0,1,0,0,0,0,1320,7.186144304522325,1,0,0,4,0,248,5.517452896464707,1,1,2,3,3,8,253,5.537334267018537,1,0,1,3,1,3,1,1,10.0
7,839,6.733401891837359,0,2,4,6,9,16,4,7,2,839,6.733401891837359,0,2,4,6,9,3,1.3862943611198906,1,0,0,3,3,3,0,0.0,0,1,0,0,0,0,839,6.733401891837359,0,2,4,6,9,735,6.601230118728877,1,0,0,0,0,5,52,3.970291913552122,1,1,1,2,3,2,1,4,1.0
1,356,5.877735781779639,1,2,1,6,6,3,5,1,0,275,5.62040086571715,0,2,0,2,5,0,0.0,0,1,0,0,0,0,0,0.0,0,1,0,0,0,0,356,5.877735781779639,1,2,1,6,6,102,4.634728988229636,1,1,0,2,4,2,43,3.784189633918261,1,0,1,3,1,3,1,1,29.0
3,533,6.280395838960195,0,2,3,1,3,14,14,15,2,533,6.280395838960195,0,2,3,1,3,33,3.5263605246161616,1,0,0,3,5,3,0,0.0,0,1,0,0,0,0,533,6.280395838960195,0,2,3,1,3,455,6.1224928095143865,1,0,2,0,0,5,3,1.3862943611198906,1,0,0,3,3,3,1,4,35.0
8,1238,7.122059881629142,1,2,3,6,8,2,7,14,0,1238,7.122059881629142,1,2,3,6,8,809,6.697034247666484,1,0,2,4,4,9,0,0.0,0,1,0,0,0,0,1238,7.122059881629142,1,2,3,6,8,495,6.206575926724928,1,0,0,0,5,5,653,6.483107351457199,1,0,2,3,2,3,1,3,82.0
2,361,5.8916442118257715,0,1,1,4,1,14,13,5,2,361,5.8916442118257715,0,1,1,4,1,279,5.634789603169249,1,0,0,4,6,9,0,0.0,0,1,0,0,0,0,361,5.8916442118257715,0,1,1,4,1,26,3.295836866004329,1,1,2,1,5,6,79,4.382026634673881,1,0,1,4,2,9,1,3,152.0
1,878,6.778784897685177,1,2,3,3,8,6,1,9,5,878,6.778784897685177,1,2,3,3,8,372,5.921578419643816,1,1,0,2,1,2,0,0.0,0,1,0,0,0,0,878,6.778784897685177,1,2,3,3,8,216,5.37989735354046,1,1,0,1,6,6,508,6.2324480165505225,1,1,1,3,4,8,2,3,6.0
6,1418,7.257707677160043,1,2,3,4,8,15,5,1,3,1418,7.257707677160043,1,2,3,4,8,854,6.75110146893676,1,1,2,4,0,4,0,0.0,0,1,0,0,0,0,1418,7.257707677160043,1,2,3,4,8,294,5.68697535633982,1,1,0,4,0,4,62,4.143134726391533,1,1,2,2,6,2,2,3,618.0
7,1559,7.352441100243583,0,2,4,5,9,2,9,11,3,1559,7.352441100243583,0,2,4,5,9,121,4.804021044733257,1,0,1,1,2,1,0,0.0,0,1,0,0,0,0,1559,7.352441100243583,0,2,4,5,9,1401,7.2456550675945355,1,0,0,1,1,1,108,4.6913478822291435,1,1,0,3,3,8,1,3,21.0
0,1765,7.476472381163905,0,1,0,1,5,15,5,1,4,1765,7.476472381163905,0,1,0,1,5,1765,7.476472381163905,1,0,1,0,1,5,721,6.582025138892826,1,0,1,1,0,1,1765,7.476472381163905,0,1,0,1,5,12,2.5649493574615367,1,1,0,2,5,2,798,6.683360945766275,1,1,0,3,0,8,1,6,881.0
2,1876,7.537430036586509,1,1,1,0,6,7,7,10,2,1876,7.537430036586509,1,1,1,0,6,548,6.3080984415095305,1,1,2,3,2,8,0,0.0,0,1,0,0,0,0,1876,7.537430036586509,1,1,1,0,6,1163,7.059617628291383,1,0,2,3,1,3,176,5.176149732573829,1,1,2,1,1,6,1,3,303.0
1,714,6.5722825426940075,1,0,4,0,4,1,17,1,5,714,6.5722825426940075,1,0,4,0,4,297,5.697093486505405,1,0,0,2,3,7,0,0.0,0,1,0,0,0,0,714,6.5722825426940075,1,0,4,0,4,292,5.680172609017068,1,1,1,2,5,2,7,2.0794415416798357,1,0,1,2,0,7,1,6,235.0
4,1333,7.195937226475569,0,1,3,3,3,9,9,3,4,1333,7.195937226475569,0,1,3,3,3,180,5.198497031265826,1,1,0,0,5,0,0,0.0,0,1,0,0,0,0,1333,7.195937226475569,0,1,3,3,3,985,6.893656354602635,1,0,1,0,5,5,3,1.3862943611198906,1,0,0,3,3,3,1,4,174.0
8,1024,6.932447891572509,1,1,4,2,4,6,15,3,4,1024,6.932447891572509,1,1,4,2,4,595,6.39024066706535,1,0,1,0,0,5,0,0.0,0,1,0,0,0,0,1024,6.932447891572509,1,1,4,2,4,431,6.068425588244111,1,0,2,1,4,1,534,6.282266746896006,1,1,0,4,2,4,1,3,40.0
1,1742,7.463363045520021,1,2,2,6,2,3,0,7,0,1742,7.463363045520021,1,2,2,6,2,202,5.313205979041787,1,1,1,2,6,2,0,0.0,0,1,0,0,0,0,1742,7.463363045520021,1,2,2,6,2,742,6.610696044717759,1,1,1,2,0,2,286,5.659482215759621,1,1,1,1,6,6,2,3,210.0
2,804,6.690842277418564,1,0,4,6,4,15,7,17,5,804,6.690842277418564,1,0,4,6,4,312,5.746203190540153,1,1,0,2,4,2,0,0.0,0,1,0,0,0,0,804,6.690842277418564,1,0,4,6,4,526,6.267200548541362,1,1,1,1,1,6,202,5.313205979041787,1,1,1,2,6,2,2,3,62.0
6,1270,7.147559271189454,1,1,0,3,0,9,5,17,3,1270,7.147559271189454,1,1,0,3,0,1270,7.147559271189454,1,1,1,0,3,0,20,3.044522437723423,1,1,2,0,6,0,1270,7.147559271189454,1,1,0,3,0,570,6.3473892096560105,1,1,0,0,3,0,107,4.68213122712422,1,0,2,2,2,7,1,6,592.0
1,321,5.7745515455444085,0,0,1,6,1,14,13,13,2,318,5.765191102784844,1,0,3,3,8,0,0.0,0,1,0,0,0,0,0,0.0,0,1,0,0,0,0,321,5.7745515455444085,0,0,1,6,1,277,5.627621113690637,1,0,1,2,4,7,19,2.995732273553991,1,0,1,4,5,9,1,1,1.0
2,1597,7.37650812632622,0,1,2,1,7,17,3,0,5,1555,7.349873704738337,0,1,0,1,5,0,0.0,0,1,0,0,0,0,0,0.0,0,1,0,0,0,0,1597,7.37650812632622,0,1,2,1,7,898,6.80128303447162,1,1,1,3,2,8,198,5.293304824724492,1,1,0,3,2,8,1,1,87.0
7,1842,7.519149957669823,1,0,2,1,2,15,15,6,2,1842,7.519149957669823,1,0,2,1,2,672,6.511745329644728,1,1,0,2,0,2,0,0.0,0,1,0,0,0,0,1842,7.519149957669823,1,0,2,1,2,166,5.117993812416755,1,1,1,1,5,6,511,6.238324625039508,1,0,1,1,0,1,1,3,442.0
3,1977,7.589841512182657,0,0,2,3,7,1,13,0,0,1977,7.589841512182657,0,0,2,3,7,1474,7.29641326877392,1,1,1,4,4,4,0,0.0,0,1,0,0,0,0,1977,7.589841512182657,0,0,2,3,7,45,3.828641396489095,1,0,0,0,3,5,1619,7.3901814282264295,1,0,2,4,2,9,1,3,56.0
8,978,6.88653164253051,1,0,3,5,8,12,4,3,5,978,6.88653164253051,1,0,3,5,8,607,6.410174881966167,1,0,1,2,5,7,0,0.0,0,1,0,0,0,0,978,6.88653164253051,1,0,3,5,8,555,6.320768294250582,1,0,0,0,2,5,239,5.480638923341991,1,0,2,4,1,9,1,3,184.0
0,1246,7.1284959456800365,1,1,1,0,6,6,6,7,5,1246,7.1284959456800365,1,1,1,0,6,865,6.763884908562435,1,0,1,0,4,5,0,0.0,0,1,0,0,0,0,1246,7.1284959456800365,1,1,1,0,6,326,5.7899601708972535,1,1,2,1,4,6,831,6.723832440821209,1,0,0,1,5,1,1,3,41.0
0,1995,7.59890045687141,0,0,0,0,5,13,9,4,4,1995,7.59890045687141,0,0,0,0,5,239,5.480638923341991,1,0,2,4,1,9,0,0.0,0,1,0,0,0,0,1995,7.59890045687141,0,0,0,0,5,1750,7.467942332285852,1,1,1,0,0,0,236,5.4680601411351315,1,1,2,1,5,6,1,3,4.0
7,703,6.556778356158042,0,1,3,3,3,10,7,2,0,703,6.556778356158042,0,1,3,3,3,19,2.995732273553991,1,0,1,4,5,9,0,0.0,0,1,0,0,0,0,703,6.556778356158042,0,1,3,3,3,673,6.513230110912307,1,0,1,3,1,3,23,3.1780538303479458,1,0,2,3,2,3,1,6,1.0
5,1483,7.302496423727326,0,1,3,6,3,12,12,7,4,1483,7.302496423727326,0,1,3,6,3,213,5.365976015021851,1,0,0,3,3,3,0,0.0,0,1,0,0,0,0,1483,7.302496423727326,0,1,3,6,3,1316,7.183111701743281,1,1,2,1,0,6,91,4.5217885770490405,1,0,1,1,0,1,1,3,66.0
5,425,6.054439346269371,0,2,0,5,5,9,3,4,4,425,6.054439346269371,0,2,0,5,5,12,2.5649493574615367,1,1,0,2,5,2,0,0.0,0,1,0,0,0,0,425,6.054439346269371,0,2,0,5,5,157,5.062595033026967,1,0,1,2,3,7,53,3.9889840465642745,1,0,2,3,4,3,1,3,58.0
0,1072,6.9782137426306985,1,1,2,1,2,16,10,7,4,1072,6.9782137426306985,1,1,2,1,2,214,5.3706380281276624,1,1,1,4,4,4,0,0.0,0,1,0,0,0,0,1072,6.9782137426306985,1,1,2,1,2,909,6.813444599510896,1,0,0,4,6,9,37,3.6375861597263857,1,0,1,2,2,7,1,3,101.0
6,1060,6.966967138613983,1,1,0,3,0,11,5,3,0,1060,6.966967138613983,1,1,0,3,0,313,5.749392985908253,1,0,1,3,5,3,0,0.0,0,1,0,0,0,0,1060,6.966967138613983,1,1,0,3,0,592,6.385194398997726,1,1,1,2,4,2,140,4.948759890378168,1,1,2,0,0,0,1,3,167.0
8,1140,7.039660349862076,1,0,0,6,0,7,10,15,2,1140,7.039660349862076,1,0,0,6,0,581,6.366470447731438,1,0,2,1,0,1,0,0.0,0,1,0,0,0,0,1140,7.039660349862076,1,0,0,6,0,564,6.336825731146441,1,1,0,4,4,4,565,6.338594078203183,1,0,1,0,5,5,1,3,9.0
6,1684,7.429520842786462,1,1,4,4,4,9,0,4,4,1434,7.268920128193722,1,0,4,6,4,0,0.0,0,1,0,0,0,0,0,0.0,0,1,0,0,0,0,1684,7.429520842786462,1,1,4,4,4,326,5.7899601708972535,1,1,2,1,4,6,545,6.302618975744905,1,0,2,0,6,5,1,1,6.0
8,893,6.795705775173514,0,2,3,4,3,17,13,14,0,893,6.795705775173514,0,2,3,4,3,849,6.745236349484363,1,0,0,4,2,9,0,0.0,0,1,0,0,0,0,893,6.795705775173514,0,2,3,4,3,48,3.8918202981106265,1,1,0,3,6,8,805,6.692083742506628,1,0,1,0,0,5,1,3,28.0
6,902,6.805722553416985,1,2,2,6,2,0,3,14,5,902,6.805722553416985,1,2,2,6,2,382,5.948034989180646,1,1,1,2,4,2,0,0.0,0,1,0,0,0,0,902,6.805722553416985,1,2,2,6,2,171,5.147494476813453,1,0,0,1,3,1,393,5.976350909297934,1,0,0,3,1,3,1,3,109.0
1,1136,7.036148493750536,1,2,1,2,6,14,2,0,1,1136,7.036148493750536,1,2,1,2,6,743,6.612041034833092,1,0,2,3,1,3,0,0.0,0,1,0,0,0,0,1136,7.036148493750536,1,2,1,2,6,410,6.018593214496234,1,1,2,0,4,0,289,5.66988092298052,1,0,1,4,2,9,1,3,297.0
7,1553,7.348587530927593,0,2,3,6,3,16,0,16,4,1553,7.348587530927593,0,2,3,6,3,162,5.093750200806762,1,1,0,2,1,2,0,0.0,0,1,0,0,0,0,1553,7.348587530927593,0,2,3,6,3,1443,7.275172319452771,1,0,0,3,1,3,25,3.258096538021482,1,0,1,0,4,5,1,3,74.0
1,1675,7.424165281042028,0,1,0,2,5,8,9,3,5,1642,7.404279118037268,1,1,2,4,2,0,0.0,0,1,0,0,0,0,0,0.0,0,1,0,0,0,0,1675,7.424165281042028,0,1,0,2,5,1035,6.943122422819428,1,0,0,0,6,5,275,5.62040086571715,1,0,2,0,2,5,1,1,19.0
5,1153,7.050989447068045,0,1,3,5,3,0,13,12,0,1153,7.050989447068045,0,1,3,5,3,682,6.52649485957079,1,1,1,2,3,2,0,0.0,0,1,0,0,0,0,1153,7.050989447068045,0,1,3,5,3,235,5.4638318050256105,1,0,1,0,4,5,749,6.620073206530356,1,0,2,4,0,9,1,3,34.0
6,419,6.040254711277414,0,2,4,6,9,15,9,16,5,419,6.040254711277414,0,2,4,6,9,147,4.997212273764115,1,0,0,2,0,7,0,0.0,0,1,0,0,0,0,419,6.040254711277414,0,2,4,6,9,264,5.579729825986222,1,1,0,4,5,4,124,4.8283137373023015,1,1,1,4,5,4,1,3,18.0
5,842,6.736966958001855,1,2,2,2,2,6,0,7,2,842,6.736966958001855,1,2,2,2,2,394,5.978885764901122,1,1,1,4,2,4,0,0.0,0,1,0,0,0,0,842,6.736966958001855,1,2,2,2,2,340,5.831882477283517,1,1,1,0,4,0,382,5.948034989180646,1,1,1,2,4,2,2,3,44.0
3,1389,7.237059026124737,0,0,4,3,9,10,6,7,1,1241,7.124478262493424,0,2,1,2,1,0,0.0,0,1,0,0,0,0,0,0.0,0,1,0,0,0,0,1389,7.237059026124737,0,0,4,3,9,1117,7.0192966537150445,1,0,1,2,4,7,2,1.0986122886681098,1,1,2,2,2,2,1,1,40.0
7,610,6.415096959171596,1,1,0,1,0,5,4,3,1,610,6.415096959171596,1,1,0,1,0,290,5.673323267171493,1,1,2,0,3,0,0,0.0,0,1,0,0,0,0,610,6.415096959171596,1,1,0,1,0,384,5.953243334287785,1,1,0,4,6,4,150,5.017279836814924,1,1,0,0,3,0,2,3,72.0
7,334,5.814130531825066,1,1,4,5,4,11,5,7,2,334,5.814130531825066,1,1,4,5,4,260,5.564520407322694,1,1,2,0,1,0,0,0.0,0,1,0,0,0,0,334,5.814130531825066,1,1,4,5,4,61,4.127134385045092,1,0,1,1,5,1,223,5.4116460518550396,1,0,1,3,6,3,1,3,29.0
2,493,6.202535517187923,0,1,3,3,3,10,11,5,3,493,6.202535517187923,0,1,3,3,3,78,4.3694478524670215,1,1,0,3,1,8,0,0.0,0,1,0,0,0,0,493,6.202535517187923,0,1,3,3,3,387,5.961005339623274,1,0,0,2,2,7,86,4.465908118654584,1,1,2,1,2,6,1,3,4.0
0,657,6.489204931325317,0,0,2,6,7,13,9,15,4,657,6.489204931325317,0,0,2,6,7,267,5.5909869805108565,1,0,0,2,1,7,0,0.0,0,1,0,0,0,0,657,6.489204931325317,0,0,2,6,7,48,3.8918202981106265,1,1,0,3,6,8,435,6.077642243349034,1,0,0,0,1,5,3,3,2.0
2,696,6.546785410760524,1,0,1,3,6,5,17,11,0,675,6.516193076042964,0,0,0,3,5,0,0.0,0,1,0,0,0,0,0,0.0,0,1,0,0,0,0,696,6.546785410760524,1,0,1,3,6,612,6.418364935936212,1,1,0,2,3,2,24,3.2188758248682006,1,1,0,4,3,4,3,3,5.0
2,1708,7.443663683115591,1,1,3,0,8,5,5,0,5,1708,7.443663683115591,1,1,3,0,8,953,6.860663671448287,1,0,2,3,1,3,0,0.0,0,1,0,0,0,0,1708,7.443663683115591,1,1,3,0,8,760,6.634633357861686,1,1,1,0,4,0,817,6.706862336602747,1,0,1,2,5,7,1,3,89.0
8,1358,7.214504414151143,1,2,3,0,8,4,1,7,5,1358,7.214504414151143,1,2,3,0,8,386,5.958424693029782,1,1,2,1,1,6,0,0.0,0,1,0,0,0,0,1358,7.214504414151143,1,2,3,0,8,974,6.882437470997847,1,1,2,4,1,4,280,5.638354669333745,1,1,1,0,0,0,2,3,70.0
7,1748,7.466799475018602,1,2,3,5,8,14,12,9,1,1748,7.466799475018602,1,2,3,5,8,297,5.697093486505405,1,0,0,2,3,7,0,0.0,0,1,0,0,0,0,1748,7.466799475018602,1,2,3,5,8,1362,7.217443431696533,1,1,0,2,4,2,214,5.3706380281276624,1,1,1,4,4,4,1,3,85.0
1,439,6.0867747269123065,0,1,4,5,9,3,16,14,0,439,6.0867747269123065,0,1,4,5,9,298,5.700443573390687,1,1,1,3,4,8,0,0.0,0,1,0,0,0,0,439,6.0867747269123065,0,1,4,5,9,14,2.70805020110221,1,1,2,4,0,4,108,4.6913478822291435,1,1,0,3,3,8,1,3,169.0
0,640,6.46302945692067,1,1,0,3,0,3,5,5,2,640,6.46302945692067,1,1,0,3,0,44,3.8066624897703196,1,1,2,4,2,4,0,0.0,0,1,0,0,0,0,640,6.46302945692067,1,1,0,3,0,349,5.857933154483459,1,0,1,4,6,9,157,5.062595033026967,1,0,1,2,3,7,1,3,7.0
5,1423,7.261225091971921,0,1,3,2,3,1,1,4,1,1423,7.261225091971921,0,1,3,2,3,379,5.940171252720432,1,0,1,4,1,9,0,0.0,0,1,0,0,0,0,1423,7.261225091971921,0,1,3,2,3,986,6.894670039433482,1,1,2,1,6,6,336,5.820082930352362,1,1,0,1,0,6,1,3,48.0
3,712,6.569481420414296,1,1,2,5,2,13,1,13,0,712,6.569481420414296,1,1,2,5,2,0,0.0,0,1,0,0,0,0,0,0.0,0,1,0,0,0,0,712,6.569481420414296,1,1,2,5,2,712,6.569481420414296,1,1,1,2,5,2,0,0.0,0,1,0,0,0,0,712,6,0.0
4,1634,7.399398083331354,1,2,4,3,4,15,15,8,3,1634,7.399398083331354,1,2,4,3,4,13,2.6390573296152584,1,0,1,3,6,3,0,0.0,0,1,0,0,0,0,1634,7.399398083331354,1,2,4,3,4,1254,7.134890851565884,1,1,0,4,1,4,195,5.278114659230517,1,0,0,0,6,5,1,4,1.0
5,1352,7.210079628170788,1,2,2,1,2,9,11,1,4,1352,7.210079628170788,1,2,2,1,2,590,6.3818160174060985,1,1,2,0,2,0,0,0.0,0,1,0,0,0,0,1352,7.210079628170788,1,2,2,1,2,761,6.635946555686647,1,0,2,1,5,1,562,6.333279628139691,1,1,1,2,2,2,1,3,19.0
3,618,6.428105272684596,1,0,3,2,8,2,14,13,2,618,6.428105272684596,1,0,3,2,8,366,5.905361848054571,1,1,0,1,2,6,0,0.0,0,1,0,0,0,0,618,6.428105272684596,1,0,3,2,8,145,4.983606621708336,1,0,1,0,5,5,418,6.037870919922137,1,1,1,3,5,8,1,3,1.0
1,359,5.886104031450156,0,2,4,2,9,8,3,8,1,359,5.886104031450156,0,2,4,2,9,183,5.214935757608986,1,0,0,3,1,3,0,0.0,0,1,0,0,0,0,359,5.886104031450156,0,2,4,2,9,244,5.501258210544727,1,1,1,4,6,4,32,3.4965075614664802,1,1,2,2,4,2,1,3,78.0
6,600,6.398594934535208,1,0,0,5,0,0,14,16,3,600,6.398594934535208,1,0,0,5,0,158,5.0689042022202315,1,1,2,3,4,8,0,0.0,0,1,0,0,0,0,600,6.398594934535208,1,0,0,5,0,503,6.222576268071369,1,0,2,3,6,3,27,3.332204510175204,1,0,0,2,6,7,1,3,67.0
1,1503,7.315883504509785,0,0,3,5,3,9,15,3,0,1503,7.315883504509785,0,0,3,5,3,873,6.773080375655535,1,0,0,3,5,3,0,0.0,0,1,0,0,0,0,1503,7.315883504509785,0,0,3,5,3,215,5.375278407684165,1,0,2,0,5,5,1019,6.927557906278317,1,0,2,4,4,9,1,3,41.0
1,1513,7.322510433997394,0,1,3,1,3,1,1,1,0,1513,7.322510433997394,0,1,3,1,3,1122,7.023758954738443,1,1,0,2,2,2,0,0.0,0,1,0,0,0,0,1513,7.322510433997394,0,1,3,1,3,139,4.941642422609304,1,0,1,4,6,9,1059,6.966024187106113,1,0,0,4,2,9,1,3,126.0
8,666,6.502790045915623,1,0,1,1,6,0,12,7,1,666,6.502790045915623,1,0,1,1,6,313,5.749392985908253,1,0,1,3,5,3,0,0.0,0,1,0,0,0,0,666,6.502790045915623,1,0,1,1,6,196,5.2832037287379885,1,1,1,1,0,6,372,5.921578419643816,1,1,0,2,1,2,1,3,13.0
7,1215,7.103322062526113,0,0,0,4,5,8,6,11,2,1215,7.103322062526113,0,0,0,4,5,523,6.261491684321042,1,0,1,3,5,3,0,0.0,0,1,0,0,0,0,1215,7.103322062526113,0,0,0,4,5,667,6.504288173536645,1,0,1,2,2,7,510,6.236369590203704,1,1,0,0,6,0,1,3,17.0
7,1494,7.3098814858247865,1,0,4,3,4,3,15,1,5,1494,7.3098814858247865,1,0,4,3,4,220,5.3981627015177525,1,1,1,0,3,0,0,0.0,0,1,0,0,0,0,1494,7.3098814858247865,1,0,4,3,4,952,6.859614903654202,1,1,1,2,0,2,327,5.793013608384144,1,0,0,2,5,7,1,3,36.0
7,652,6.481577129276431,1,1,2,1,2,13,11,6,0,652,6.481577129276431,1,1,2,1,2,199,5.298317366548036,1,0,1,4,3,9,0,0.0,0,1,0,0,0,0,652,6.481577129276431,1,1,2,1,2,357,5.8805329864007,1,0,0,2,0,7,205,5.327876168789581,1,0,1,0,2,5,1,3,28.0
4,1282,7.1569563646156364,1,1,2,1,2,5,0,11,0,1282,7.1569563646156364,1,1,2,1,2,873,6.773080375655535,1,0,0,3,5,3,0,0.0,0,1,0,0,0,0,1282,7.1569563646156364,1,1,2,1,2,394,5.978885764901122,1,1,1,4,2,4,879,6.779921907472252,1,0,0,4,4,9,1,3,1.0
3,973,6.881411303642535,0,1,3,0,3,15,1,4,2,973,6.881411303642535,0,1,3,0,3,410,6.018593214496234,1,1,2,0,4,0,0,0.0,0,1,0,0,0,0,973,6.881411303642535,0,1,3,0,3,744,6.61338421837956,1,1,0,4,2,4,42,3.7612001156935624,1,1,0,2,0,2,1,3,185.0
7,1938,7.569927655242652,1,0,3,6,8,10,16,9,3,1938,7.569927655242652,1,0,3,6,8,1187,7.080026499922591,1,0,2,2,4,7,0,0.0,0,1,0,0,0,0,1938,7.569927655242652,1,0,3,6,8,124,4.8283137373023015,1,1,1,4,5,4,1349,7.2078598714324755,1,0,2,4,5,9,1,3,101.0
6,314,5.752572638825633,1,2,4,6,4,7,16,0,4,314,5.752572638825633,1,2,4,6,4,314,5.752572638825633,1,1,2,4,6,4,66,4.204692619390966,1,1,0,1,3,6,314,5.752572638825633,1,2,4,6,4,19,2.995732273553991,1,0,1,4,5,9,99,4.605170185988092,1,0,0,4,1,9,1,6,159.0
4,458,6.129050210060545,1,2,3,3,8,12,7,7,4,458,6.129050210060545,1,2,3,3,8,33,3.5263605246161616,1,0,0,3,5,3,0,0.0,0,1,0,0,0,0,458,6.129050210060545,1,2,3,3,8,431,6.068425588244111,1,0,2,1,4,1,0,0.0,0,1,0,0,0,0,1,3,20.0
3,860,6.7580945044277305,1,2,0,6,0,17,16,10,0,860,6.7580945044277305,1,2,0,6,0,316,5.75890177387728,1,1,1,1,1,6,0,0.0,0,1,0,0,0,0,860,6.7580945044277305,1,2,0,6,0,76,4.343805421853684,1,1,1,1,6,6,208,5.342334251964811,1,1,1,3,5,8,4,3,228.0
0,472,6.159095388491933,1,1,2,3,2,9,15,4,1,472,6.159095388491933,1,1,2,3,2,71,4.276666119016055,1,0,2,1,1,1,0,0.0,0,1,0,0,0,0,472,6.159095388491933,1,1,2,3,2,396,5.983936280687191,1,1,0,1,4,6,36,3.6109179126442243,1,1,0,1,1,6,1,4,25.0
1,1743,7.463936604468925,0,0,3,0,3,6,8,12,0,1743,7.463936604468925,0,0,3,0,3,1598,7.377133712833954,1,1,2,3,2,8,0,0.0,0,1,0,0,0,0,1743,7.463936604468925,0,0,3,0,3,298,5.700443573390687,1,1,1,3,4,8,689,6.536691597591305,1,0,2,4,3,9,1,3,555.0
7,1906,7.553286605600419,1,1,1,2,6,16,3,13,2,1904,7.552237287560802,1,2,4,0,4,0,0.0,0,1,0,0,0,0,0,0.0,0,1,0,0,0,0,1906,7.553286605600419,1,1,1,2,6,1495,7.310550158534422,1,0,1,0,4,5,38,3.6635616461296463,1,1,2,3,3,8,1,1,111.0
1,1244,7.126890808898808,1,2,4,5,4,6,13,10,0,1244,7.126890808898808,1,2,4,5,4,1131,7.0317412587631285,1,0,0,1,4,1,0,0.0,0,1,0,0,0,0,1244,7.126890808898808,1,2,4,5,4,589,6.380122536899765,1,0,1,4,1,9,68,4.23410650459726,1,1,2,3,5,8,1,3,550.0
1,833,6.726233402358747,0,2,3,0,3,0,6,3,3,833,6.726233402358747,0,2,3,0,3,563,6.335054251498059,1,0,2,3,3,3,0,0.0,0,1,0,0,0,0,833,6.726233402358747,0,2,3,0,3,285,5.655991810819852,1,0,0,0,5,5,437,6.082218910376446,1,0,2,2,3,7,1,3,79.0
5,506,6.2285110035911835,1,2,1,2,6,2,13,13,4,506,6.2285110035911835,1,2,1,2,6,506,6.2285110035911835,1,1,2,1,2,6,133,4.897839799950911,1,0,1,3,0,3,506,6.2285110035911835,1,2,1,2,6,3,1.3862943611198906,1,0,0,3,3,3,319,5.768320995793772,1,0,1,4,4,9,1,6,168.0
3,1478,7.2991214627108,1,2,3,1,8,16,10,15,4,1478,7.2991214627108,1,2,3,1,8,275,5.62040086571715,1,0,2,0,2,5,0,0.0,0,1,0,0,0,0,1478,7.2991214627108,1,2,3,1,8,1061,6.967909201801884,1,0,2,1,4,1,211,5.356586274672012,1,0,1,1,1,1,1,3,90.0
4,1007,6.915723448631314,0,2,2,6,7,16,7,5,3,1007,6.915723448631314,0,2,2,6,7,396,5.983936280687191,1,1,0,1,4,6,0,0.0,0,1,0,0,0,0,1007,6.915723448631314,0,2,2,6,7,322,5.777652323222656,1,1,1,2,0,2,194,5.272999558563747,1,1,2,4,5,4,1,3,231.0
8,569,6.345636360828596,0,2,4,2,9,9,17,10,3,569,6.345636360828596,0,2,4,2,9,569,6.345636360828596,1,0,2,4,2,9,32,3.4965075614664802,1,1,2,2,4,2,569,6.345636360828596,0,2,4,2,9,8,2.1972245773362196,1,1,2,3,1,8,509,6.234410725718371,1,0,2,4,5,9,1,7,48.0
3,1566,7.356918242356021,1,0,1,5,6,1,12,14,2,830,6.7226297948554485,1,2,0,4,0,0,0.0,0,1,0,0,0,0,0,0.0,0,1,0,0,0,0,1566,7.356918242356021,1,0,1,5,6,147,4.997212273764115,1,0,0,2,0,7,127,4.852030263919617,1,0,1,2,1,7,1,1,143.0
5,1941,7.571473648851271,0,0,1,2,1,10,11,2,2,1941,7.571473648851271,0,0,1,2,1,1053,6.960347729101308,1,0,0,3,3,3,0,0.0,0,1,0,0,0,0,1941,7.571473648851271,0,0,1,2,1,1195,7.086737934510577,1,0,1,0,5,5,100,4.61512051684126,1,1,1,0,2,0,1,3,533.0
2,468,6.150602768446279,1,0,3,6,8,0,12,16,5,468,6.150602768446279,1,0,3,6,8,149,5.0106352940962555,1,0,2,4,2,9,0,0.0,0,1,0,0,0,0,468,6.150602768446279,1,0,3,6,8,310,5.739792912179234,1,1,1,0,2,0,122,4.812184355372417,1,1,2,2,3,2,1,3,21.0
7,316,5.75890177387728,1,1,1,1,6,11,2,2,4,316,5.75890177387728,1,1,1,1,6,286,5.659482215759621,1,1,1,1,6,6,0,0.0,0,1,0,0,0,0,316,5.75890177387728,1,1,1,1,6,121,4.804021044733257,1,0,1,1,2,1,50,3.9318256327243257,1,1,2,0,1,0,1,3,127.0
8,948,6.855408798609928,1,0,3,3,8,17,2,10,3,948,6.855408798609928,1,0,3,3,8,892,6.794586580876499,1,1,1,2,3,2,0,0.0,0,1,0,0,0,0,948,6.855408798609928,1,0,3,3,8,194,5.272999558563747,1,1,2,4,5,4,358,5.883322388488279,1,1,1,3,1,8,2,3,310.0
5,1424,7.261927092702751,1,2,4,3,4,0,1,7,3,1424,7.261927092702751,1,2,4,3,4,149,5.0106352940962555,1,0,2,4,2,9,0,0.0,0,1,0,0,0,0,1424,7.261927092702751,1,2,4,3,4,1301,7.171656822768514,1,0,2,1,6,1,91,4.5217885770490405,1,0,1,1,0,1,1,3,30.0
4,370,5.916202062607435,1,1,0,6,0,1,4,1,1,370,5.916202062607435,1,1,0,6,0,108,4.6913478822291435,1,1,0,3,3,8,0,0.0,0,1,0,0,0,0,370,5.916202062607435,1,1,0,6,0,121,4.804021044733257,1,0,1,1,2,1,132,4.890349128221754,1,1,0,2,6,2,1,3,31.0
7,1059,6.966024187106113,0,0,4,2,9,10,13,3,3,984,6.892641641172089,1,0,4,4,4,0,0.0,0,1,0,0,0,0,0,0.0,0,1,0,0,0,0,1059,6.966024187106113,0,0,4,2,9,954,6.86171134048073,1,1,0,4,2,4,0,0.0,0,1,0,0,0,0,3,1,10.0
3,1864,7.5310163320779155,1,1,4,2,4,14,16,8,0,1864,7.5310163320779155,1,1,4,2,4,1138,7.037905963447182,1,1,1,3,4,8,0,0.0,0,1,0,0,0,0,1864,7.5310163320779155,1,1,4,2,4,650,6.478509642208569,1,1,2,0,6,0,951,6.858565034791365,1,0,0,1,6,1,1,3,150.0
2,388,5.963579343618446,1,1,3,3,8,16,9,4,0,388,5.963579343618446,1,1,3,3,8,171,5.147494476813453,1,0,0,1,3,1,0,0.0,0,1,0,0,0,0,388,5.963579343618446,1,1,3,3,8,172,5.153291594497779,1,1,1,2,4,2,153,5.0369526024136295,1,0,0,3,6,3,1,3,27.0
4,1172,7.067319848653476,1,2,2,3,2,14,13,2,1,1172,7.067319848653476,1,2,2,3,2,391,5.971261839790462,1,0,1,1,6,1,0,0.0,0,1,0,0,0,0,1172,7.067319848653476,1,2,2,3,2,725,6.587550014824796,1,0,2,0,4,5,410,6.018593214496234,1,1,2,0,4,0,1,3,6.0
8,519,6.253828811575473,0,0,4,1,9,3,0,4,0,519,6.253828811575473,0,0,4,1,9,340,5.831882477283517,1,1,1,0,4,0,0,0.0,0,1,0,0,0,0,519,6.253828811575473,0,0,4,1,9,202,5.313205979041787,1,1,1,2,6,2,252,5.53338948872752,1,1,0,2,0,2,1,3,51.0
2,640,6.46302945692067,1,1,0,3,0,1,13,9,2,640,6.46302945692067,1,1,0,3,0,425,6.054439346269371,1,0,2,0,5,5,0,0.0,0,1,0,0,0,0,640,6.46302945692067,1,1,0,3,0,172,5.153291594497779,1,1,1,2,4,2,424,6.052089168924417,1,1,1,4,4,4,1,3,15.0
2,1880,7.53955882930103,1,2,0,4,0,8,6,0,1,1880,7.53955882930103,1,2,0,4,0,372,5.921578419643816,1,1,0,2,1,2,0,0.0,0,1,0,0,0,0,1880,7.53955882930103,1,2,0,4,0,1040,6.947937068614969,1,1,2,0,4,0,537,6.2878585601617845,1,0,0,2,5,7,1,3,46.0
7,1641,7.403670290012373,0,0,1,3,1,4,17,7,4,1641,7.403670290012373,0,0,1,3,1,659,6.492239835020471,1,0,2,4,1,9,0,0.0,0,1,0,0,0,0,1641,7.403670290012373,0,0,1,3,1,408,6.013715156042802,1,1,0,3,2,8,940,6.846943139585379,1,1,1,0,2,0,1,3,4.0
3,742,6.610696044717759,1,1,2,0,2,7,11,16,5,742,6.610696044717759,1,1,2,0,2,448,6.1070228877422545,1,1,1,3,0,8,0,0.0,0,1,0,0,0,0,742,6.610696044717759,1,1,2,0,2,304,5.720311776607412,1,1,1,4,3,4,242,5.493061443340548,1,1,2,2,4,2,2,3,134.0
4,1855,7.526178913346146,0,1,0,0,5,3,14,5,5,1855,7.526178913346146,0,1,0,0,5,42,3.7612001156935624,1,1,0,2,0,2,0,0.0,0,1,0,0,0,0,1855,7.526178913346146,0,1,0,0,5,1809,7.501082124259871,1,0,0,4,3,9,26,3.295836866004329,1,1,2,1,5,6,1,3,12.0
8,539,6.29156913955832,0,2,4,0,9,13,15,8,2,539,6.29156913955832,0,2,4,0,9,436,6.07993319509559,1,1,1,1,2,6,0,0.0,0,1,0,0,0,0,539,6.29156913955832,0,2,4,0,9,156,5.056245805348308,1,1,0,1,2,6,219,5.393627546352362,1,0,0,4,2,9,1,3,127.0
6,1515,7.323830566202317,0,0,0,3,5,9,17,2,1,1515,7.323830566202317,0,0,0,3,5,500,6.2166061010848646,1,1,2,0,3,0,0,0.0,0,1,0,0,0,0,1515,7.323830566202317,0,0,0,3,5,962,6.870053411798126,1,1,2,2,3,2,483,6.182084906716632,1,0,0,3,0,3,1,3,29.0
3,1101,7.004881989712859,0,0,1,2,1,9,10,15,2,1101,7.004881989712859,0,0,1,2,1,1047,6.954638864880987,1,0,0,2,4,7,0,0.0,0,1,0,0,0,0,1101,7.004881989712859,0,0,1,2,1,86,4.465908118654584,1,1,2,1,2,6,827,6.71901315438526,1,0,2,2,1,7,1,3,136.0
4,1487,7.305188215393037,0,2,2,3,7,7,4,15,5,1487,7.305188215393037,0,2,2,3,7,992,6.900730664045173,1,1,2,2,5,2,0,0.0,0,1,0,0,0,0,1487,7.305188215393037,0,2,2,3,7,510,6.236369590203704,1,1,0,0,6,0,926,6.831953565565855,1,1,2,1,2,6,1,3,39.0
1,1361,7.216709486709457,0,2,1,3,1,5,12,4,0,1361,7.216709486709457,0,2,1,3,1,714,6.5722825426940075,1,1,0,4,0,4,0,0.0,0,1,0,0,0,0,1361,7.216709486709457,0,2,1,3,1,118,4.77912349311153,1,1,1,3,6,8,950,6.85751406254539,1,1,2,0,5,0,1,3,19.0
7,707,6.56244409369372,0,2,2,0,7,10,6,4,4,706,6.561030665896573,1,1,1,6,6,0,0.0,0,1,0,0,0,0,0,0.0,0,1,0,0,0,0,707,6.56244409369372,0,2,2,0,7,706,6.561030665896573,1,1,1,1,6,6,0,0.0,0,1,0,0,0,0,1,2,0.0
7,606,6.408528791059498,1,0,1,4,6,7,12,6,2,606,6.408528791059498,1,0,1,4,6,21,3.091042453358316,1,0,0,1,0,1,0,0.0,0,1,0,0,0,0,606,6.408528791059498,1,0,1,4,6,332,5.808142489980444,1,1,2,2,3,2,50,3.9318256327243257,1,1,2,0,1,0,1,3,65.0
8,1412,7.253470382684528,1,2,2,5,2,8,8,7,3,1412,7.253470382684528,1,2,2,5,2,765,6.641182169740591,1,0,0,0,2,5,0,0.0,0,1,0,0,0,0,1412,7.253470382684528,1,2,2,5,2,667,6.504288173536645,1,0,1,2,2,7,98,4.59511985013459,1,1,2,3,0,8,1,3,438.0
3,906,6.810142450115136,1,0,1,3,6,14,12,5,3,906,6.810142450115136,1,0,1,3,6,563,6.335054251498059,1,0,2,3,3,3,0,0.0,0,1,0,0,0,0,906,6.810142450115136,1,0,1,3,6,480,6.175867270105761,1,1,0,0,4,0,193,5.267858159063328,1,0,1,3,4,3,1,3,201.0
1,1263,7.142036574706803,0,0,3,3,3,5,14,14,4,1263,7.142036574706803,0,0,3,3,3,283,5.648974238161206,1,0,1,3,3,3,0,0.0,0,1,0,0,0,0,1263,7.142036574706803,0,0,3,3,3,1021,6.92951677076365,1,0,1,1,6,1,21,3.091042453358316,1,0,0,1,0,1,1,3,161.0
4,494,6.20455776256869,1,2,4,4,4,11,2,8,0,494,6.20455776256869,1,2,4,4,4,119,4.787491742782046,1,0,2,4,0,9,0,0.0,0,1,0,0,0,0,494,6.20455776256869,1,2,4,4,4,375,5.929589143389895,1,0,0,0,4,5,98,4.59511985013459,1,1,2,3,0,8,1,3,14.0
4,748,6.618738983517219,1,1,3,6,8,8,3,11,2,748,6.618738983517219,1,1,3,6,8,569,6.345636360828596,1,0,2,4,2,9,0,0.0,0,1,0,0,0,0,748,6.618738983517219,1,1,3,6,8,108,4.6913478822291435,1,1,0,3,3,8,570,6.3473892096560105,1,1,0,0,3,0,1,3,23.0
0,563,6.335054251498059,0,2,3,3,3,11,9,0,3,515,6.246106765481563,0,2,0,4,5,0,0.0,0,1,0,0,0,0,0,0.0,0,1,0,0,0,0,563,6.335054251498059,0,2,3,3,3,430,6.066108090103747,1,1,1,0,3,0,23,3.1780538303479458,1,0,2,3,2,3,1,1,13.0
4,1186,7.079184394609668,1,1,1,3,6,1,2,7,0,1186,7.079184394609668,1,1,1,3,6,12,2.5649493574615367,1,1,0,2,5,2,0,0.0,0,1,0,0,0,0,1186,7.079184394609668,1,1,1,3,6,1174,7.069023426578259,1,1,1,4,5,4,12,2.5649493574615367,1,1,0,2,5,2,2,4,0.0
0,1773,7.480992162869525,0,0,3,2,3,1,11,14,5,1773,7.480992162869525,0,0,3,2,3,123,4.820281565605037,1,0,0,3,4,3,0,0.0,0,1,0,0,0,0,1773,7.480992162869525,0,0,3,2,3,1502,7.315218389752975,1,1,2,2,4,2,92,4.532599493153256,1,1,2,2,1,2,1,3,70.0
7,1992,7.597396320212795,1,0,2,4,2,15,12,17,5,1907,7.553810852008231,0,2,2,3,7,0,0.0,0,1,0,0,0,0,0,0.0,0,1,0,0,0,0,1992,7.597396320212795,1,0,2,4,2,643,6.467698726104354,1,0,1,3,6,3,566,6.340359303727752,1,1,2,1,6,6,1,1,44.0
6,1763,7.475339236566737,0,2,3,6,3,12,1,3,3,1763,7.475339236566737,0,2,3,6,3,240,5.484796933490655,1,1,0,0,2,0,0,0.0,0,1,0,0,0,0,1763,7.475339236566737,0,2,3,6,3,813,6.70196036600254,1,0,0,3,1,3,562,6.333279628139691,1,1,1,2,2,2,1,3,22.0
0,640,6.46302945692067,1,1,0,3,0,1,9,4,3,640,6.46302945692067,1,1,0,3,0,172,5.153291594497779,1,1,1,2,4,2,0,0.0,0,1,0,0,0,0,640,6.46302945692067,1,1,0,3,0,151,5.0238805208462765,1,0,1,1,4,1,95,4.564348191467836,1,0,2,0,4,5,1,3,157.0
1,1413,7.254177846456518,0,0,3,6,3,5,3,4,5,1413,7.254177846456518,0,0,3,6,3,673,6.513230110912307,1,0,1,3,1,3,0,0.0,0,1,0,0,0,0,1413,7.254177846456518,0,0,3,6,3,779,6.659293919683638,1,0,2,4,2,9,58,4.07753744390572,1,1,1,3,2,8,1,3,397.0
3,1047,6.954638864880987,0,0,2,4,7,4,11,17,4,1047,6.954638864880987,0,0,2,4,7,169,5.135798437050262,1,0,1,4,1,9,0,0.0,0,1,0,0,0,0,1047,6.954638864880987,0,0,2,4,7,709,6.565264970035361,1,0,1,4,2,9,228,5.43372200355424,1,1,0,3,4,8,1,3,17.0
1,706,6.561030665896573,1,1,1,6,6,11,3,9,3,706,6.561030665896573,1,1,1,6,6,198,5.293304824724492,1,1,0,3,2,8,0,0.0,0,1,0,0,0,0,706,6.561030665896573,1,1,1,6,6,39,3.6888794541139363,1,0,0,4,4,9,326,5.7899601708972535,1,1,2,1,4,6,1,3,71.0
0,747,6.617402977974478,0,0,2,5,7,14,1,7,3,747,6.617402977974478,0,0,2,5,7,226,5.424950017481403,1,1,1,1,2,6,0,0.0,0,1,0,0,0,0,747,6.617402977974478,0,0,2,5,7,181,5.204006687076795,1,0,1,1,6,1,390,5.968707559985366,1,1,0,0,5,0,1,3,4.0
3,1163,7.059617628291383,0,2,3,1,3,12,5,14,1,1163,7.059617628291383,0,2,3,1,3,334,5.814130531825066,1,1,1,4,5,4,0,0.0,0,1,0,0,0,0,1163,7.059617628291383,0,2,3,1,3,821,6.71174039505618,1,0,2,1,2,1,323,5.780743515792329,1,0,2,3,1,3,1,3,10.0
2,1609,7.383989457978509,0,1,4,6,9,16,9,8,5,1609,7.383989457978509,0,1,4,6,9,1609,7.383989457978509,1,0,1,4,6,9,369,5.91350300563827,1,0,0,4,5,9,1609,7.383989457978509,0,1,4,6,9,274,5.616771097666572,1,1,1,4,1,4,386,5.958424693029782,1,1,2,1,1,6,1,6,847.0
6,710,6.566672429803241,1,2,0,3,0,3,8,17,5,710,6.566672429803241,1,2,0,3,0,296,5.6937321388027,1,1,2,1,2,6,0,0.0,0,1,0,0,0,0,710,6.566672429803241,1,2,0,3,0,301,5.71042701737487,1,0,1,1,0,1,228,5.43372200355424,1,1,0,3,4,8,1,3,83.0
7,817,6.706862336602747,0,1,2,5,7,14,16,16,1,817,6.706862336602747,0,1,2,5,7,21,3.091042453358316,1,0,0,1,0,1,0,0.0,0,1,0,0,0,0,817,6.706862336602747,0,1,2,5,7,784,6.665683717782408,1,1,1,4,0,4,27,3.332204510175204,1,0,0,2,6,7,1,3,0.0
1,1530,7.333676395657684,1,0,0,4,0,0,8,10,0,1530,7.333676395657684,1,0,0,4,0,1401,7.2456550675945355,1,0,0,1,1,1,0,0.0,0,1,0,0,0,0,1530,7.333676395657684,1,0,0,4,0,601,6.400257445308821,1,0,1,1,6,1,403,6.0014148779611505,1,0,1,3,4,3,1,3,508.0
3,794,6.678342114654332,1,2,4,3,4,5,0,16,1,794,6.678342114654332,1,2,4,3,4,303,5.717027701406222,1,0,0,3,2,3,0,0.0,0,1,0,0,0,0,794,6.678342114654332,1,2,4,3,4,572,6.35088571671474,1,1,2,2,5,2,129,4.867534450455582,1,0,0,4,3,9,1,3,89.0
2,1032,6.940222469119639,1,0,2,3,2,0,2,8,4,1032,6.940222469119639,1,0,2,3,2,1032,6.940222469119639,1,1,0,2,3,2,681,6.525029657843462,1,0,0,1,2,1,1032,6.940222469119639,1,0,2,3,2,130,4.875197323201151,1,1,1,0,4,0,34,3.5553480614894135,1,1,1,4,6,4,1,6,849.0
0,1928,7.564757012905729,1,2,3,3,8,11,13,1,5,1928,7.564757012905729,1,2,3,3,8,215,5.375278407684165,1,0,2,0,5,5,0,0.0,0,1,0,0,0,0,1928,7.564757012905729,1,2,3,3,8,1042,6.949856455000773,1,1,1,2,6,2,516,6.248042874508429,1,1,0,1,5,6,1,3,23.0
6,353,5.869296913133774,0,2,3,3,3,12,4,13,0,353,5.869296913133774,0,2,3,3,3,352,5.8664680569332965,1,1,1,2,2,2,0,0.0,0,1,0,0,0,0,353,5.869296913133774,0,2,3,3,3,100,4.61512051684126,1,1,1,0,2,0,127,4.852030263919617,1,0,1,2,1,7,1,3,117.0
5,814,6.703188113240863,1,1,4,2,4,9,5,5,2,814,6.703188113240863,1,1,4,2,4,671,6.51025834052315,1,0,2,1,6,1,0,0.0,0,1,0,0,0,0,814,6.703188113240863,1,1,4,2,4,178,5.187385805840755,1,1,1,3,3,8,580,6.364750756851911,1,1,1,0,6,0,1,3,49.0
3,1388,7.236339342754344,1,2,3,2,8,1,1,12,0,1388,7.236339342754344,1,2,3,2,8,566,6.340359303727752,1,1,2,1,6,6,0,0.0,0,1,0,0,0,0,1388,7.236339342754344,1,2,3,2,8,807,6.694562058521095,1,0,0,2,2,7,515,6.246106765481563,1,0,2,0,4,5,1,3,39.0
0,566,6.340359303727752,1,2,1,6,6,17,10,10,3,566,6.340359303727752,1,2,1,6,6,223,5.4116460518550396,1,0,1,3,6,3,0,0.0,0,1,0,0,0,0,566,6.340359303727752,1,2,1,6,6,317,5.762051382780177,1,0,2,2,2,7,161,5.087596335232384,1,0,2,1,0,1,1,3,50.0
2,781,6.661854740545311,0,1,1,4,1,17,12,12,0,781,6.661854740545311,0,1,1,4,1,417,6.035481432524756,1,0,0,2,4,7,0,0.0,0,1,0,0,0,0,781,6.661854740545311,0,1,1,4,1,211,5.356586274672012,1,0,1,1,1,1,186,5.231108616854587,1,1,0,1,4,6,1,3,205.0
6,725,6.587550014824796,0,2,0,4,5,6,3,5,5,510,6.236369590203704,1,0,0,6,0,0,0.0,0,1,0,0,0,0,0,0.0,0,1,0,0,0,0,725,6.587550014824796,0,2,0,4,5,410,6.018593214496234,1,1,2,0,4,0,29,3.4011973816621555,1,0,2,4,1,9,1,3,14.0
6,715,6.573680166960646,0,1,0,1,5,5,6,13,1,715,6.573680166960646,0,1,0,1,5,142,4.962844630259907,1,1,1,2,2,2,0,0.0,0,1,0,0,0,0,715,6.573680166960646,0,1,0,1,5,495,6.206575926724928,1,0,0,0,5,5,124,4.8283137373023015,1,1,1,4,5,4,1,3,38.0
2,808,6.695798917058491,1,1,3,3,8,16,17,9,4,808,6.695798917058491,1,1,3,3,8,538,6.289715570908998,1,1,1,3,6,8,0,0.0,0,1,0,0,0,0,808,6.695798917058491,1,1,3,3,8,361,5.8916442118257715,1,0,1,1,4,1,338,5.82600010738045,1,1,2,3,2,8,1,3,103.0
0,1525,7.330405211844402,0,1,0,6,5,7,11,7,1,1493,7.309212365692763,0,2,3,2,3,0,0.0,0,1,0,0,0,0,0,0.0,0,1,0,0,0,0,1525,7.330405211844402,0,1,0,6,5,762,6.637258031284457,1,1,0,2,6,2,136,4.919980925828125,1,1,1,1,3,6,1,1,153.0
7,1522,7.328437352895162,1,1,2,3,2,15,7,4,3,1522,7.328437352895162,1,1,2,3,2,1099,7.003065458786462,1,0,1,4,0,9,0,0.0,0,1,0,0,0,0,1522,7.328437352895162,1,1,2,3,2,353,5.869296913133774,1,0,2,3,3,3,99,4.605170185988092,1,0,0,4,1,9,1,3,690.0
2,1321,7.186901020411631,0,1,1,5,1,14,3,15,4,1321,7.186901020411631,0,1,1,5,1,560,6.329720905522696,1,1,2,0,0,0,0,0.0,0,1,0,0,0,0,1321,7.186901020411631,0,1,1,5,1,561,6.331501849893691,1,0,0,1,1,1,540,6.293419278846481,1,1,0,0,1,0,1,3,80.0
1,968,6.876264611890766,1,2,3,2,8,7,4,1,3,700,6.55250788703459,1,1,0,0,0,0,0.0,0,1,0,0,0,0,0,0.0,0,1,0,0,0,0,968,6.876264611890766,1,2,3,2,8,176,5.176149732573829,1,1,2,1,1,6,70,4.2626798770413155,1,1,1,0,0,0,2,2,128.0
7,831,6.723832440821209,0,0,1,5,1,14,13,13,2,831,6.723832440821209,0,0,1,5,1,502,6.220590170099739,1,1,1,2,5,2,0,0.0,0,1,0,0,0,0,831,6.723832440821209,0,0,1,5,1,163,5.099866427824199,1,0,1,3,2,3,561,6.331501849893691,1,0,0,1,1,1,1,3,16.0
7,616,6.424869023905388,1,1,1,0,6,14,6,12,4,616,6.424869023905388,1,1,1,0,6,356,5.877735781779639,1,1,2,1,6,6,0,0.0,0,1,0,0,0,0,616,6.424869023905388,1,1,1,0,6,150,5.017279836814924,1,1,0,0,3,0,291,5.676753802268282,1,0,0,1,4,1,1,3,80.0
0,1127,7.028201432058005,0,2,2,0,7,14,0,17,1,1127,7.028201432058005,0,2,2,0,7,698,6.54965074223381,1,1,2,3,5,8,0,0.0,0,1,0,0,0,0,1127,7.028201432058005,0,2,2,0,7,515,6.246106765481563,1,0,2,0,4,5,505,6.226536669287466,1,0,1,0,1,5,1,3,100.0
7,1802,7.497207223203318,1,2,2,3,2,4,4,0,0,1802,7.497207223203318,1,2,2,3,2,143,4.969813299576001,1,0,2,3,3,3,0,0.0,0,1,0,0,0,0,1802,7.497207223203318,1,2,2,3,2,838,6.732210706467206,1,1,1,3,5,8,363,5.8971538676367405,1,0,0,3,6,3,1,3,127.0
2,1162,7.0587581525186645,1,1,2,0,2,15,15,10,0,1162,7.0587581525186645,1,1,2,0,2,1162,7.0587581525186645,1,1,1,2,0,2,402,5.998936561946683,1,1,0,2,3,2,1162,7.0587581525186645,1,1,2,0,2,9,2.302585092994046,1,0,0,4,2,9,325,5.786897381366708,1,0,1,0,3,5,1,6,689.0
2,733,6.598509028614515,0,1,3,5,3,6,16,8,4,733,6.598509028614515,0,1,3,5,3,719,6.579251212010101,1,0,2,4,5,9,0,0.0,0,1,0,0,0,0,733,6.598509028614515,0,1,3,5,3,169,5.135798437050262,1,0,1,4,1,9,10,2.3978952727983707,1,1,1,0,3,0,1,3,421.0
0,347,5.8522024797744745,0,2,2,4,7,15,6,12,4,347,5.8522024797744745,0,2,2,4,7,10,2.3978952727983707,1,1,1,0,3,0,0,0.0,0,1,0,0,0,0,347,5.8522024797744745,0,2,2,4,7,179,5.19295685089021,1,0,2,4,4,9,80,4.394449154672439,1,1,2,0,3,0,1,4,6.0
8,553,6.317164686747284,0,1,3,0,3,17,10,14,0,553,6.317164686747284,0,1,3,0,3,130,4.875197323201151,1,1,1,0,4,0,0,0.0,0,1,0,0,0,0,553,6.317164686747284,0,1,3,0,3,401,5.996452088619021,1,0,2,1,2,1,141,4.955827057601261,1,0,0,1,1,1,1,3,0.0
8,654,6.484635235635252,1,0,4,3,4,14,6,16,0,654,6.484635235635252,1,0,4,3,4,388,5.963579343618446,1,1,1,3,3,8,0,0.0,0,1,0,0,0,0,654,6.484635235635252,1,0,4,3,4,130,4.875197323201151,1,1,1,0,4,0,405,6.0063531596017325,1,0,0,0,6,5,1,3,34.0
1,1595,7.3752557780097545,0,2,0,6,5,9,17,15,5,1595,7.3752557780097545,0,2,0,6,5,2,1.0986122886681098,1,1,2,2,2,2,0,0.0,0,1,0,0,0,0,1595,7.3752557780097545,0,2,0,6,5,1357,7.213768308118642,1,0,1,2,6,7,78,4.3694478524670215,1,1,0,3,1,8,1,4,28.0
1,324,5.783825182329737,1,0,4,2,4,17,1,12,2,324,5.783825182329737,1,0,4,2,4,124,4.8283137373023015,1,1,1,4,5,4,0,0.0,0,1,0,0,0,0,324,5.783825182329737,1,0,4,2,4,192,5.262690188904886,1,1,0,2,3,2,119,4.787491742782046,1,0,2,4,0,9,1,3,6.0
0,1480,7.300472814267799,1,1,0,3,0,17,14,2,4,1480,7.300472814267799,1,1,0,3,0,300,5.707110264748875,1,1,0,0,6,0,0,0.0,0,1,0,0,0,0,1480,7.300472814267799,1,1,0,3,0,1026,6.934397209928558,1,1,0,1,4,6,374,5.926926025970411,1,1,2,4,3,4,2,3,2.0
3,1425,7.262628600974241,0,0,0,4,5,7,9,8,1,1425,7.262628600974241,0,0,0,4,5,329,5.799092654460526,1,0,2,4,0,9,0,0.0,0,1,0,0,0,0,1425,7.262628600974241,0,0,0,4,5,444,6.09807428216624,1,1,0,4,3,4,652,6.481577129276431,1,1,1,2,1,2,1,3,2.0
3,707,6.56244409369372,0,2,2,0,7,11,12,2,0,707,6.56244409369372,0,2,2,0,7,481,6.1779441140506,1,0,1,1,5,1,0,0.0,0,1,0,0,0,0,707,6.56244409369372,0,2,2,0,7,64,4.174387269895637,1,1,1,4,1,4,370,5.916202062607435,1,1,1,0,6,0,1,3,128.0
1,1964,7.583247524303362,1,2,4,4,4,2,13,1,3,1964,7.583247524303362,1,2,4,4,4,12,2.5649493574615367,1,1,0,2,5,2,0,0.0,0,1,0,0,0,0,1964,7.583247524303362,1,2,4,4,4,1901,7.550661243105336,1,0,2,1,4,1,33,3.5263605246161616,1,0,0,3,5,3,1,3,3.0
6,1232,7.117205503164344,1,2,2,0,2,3,9,13,5,1232,7.117205503164344,1,2,2,0,2,743,6.612041034833092,1,0,2,3,1,3,0,0.0,0,1,0,0,0,0,1232,7.117205503164344,1,2,2,0,2,453,6.118097198041348,1,0,0,3,5,3,695,6.54534966033442,1,0,2,0,2,5,1,3,44.0
7,1582,7.367077059881012,1,1,2,0,2,13,5,9,0,1582,7.367077059881012,1,1,2,0,2,770,6.647688373563329,1,1,2,0,0,0,0,0.0,0,1,0,0,0,0,1582,7.367077059881012,1,1,2,0,2,645,6.470799503782602,1,0,0,0,1,5,744,6.61338421837956,1,1,0,4,2,4,1,3,73.0
8,1301,7.171656822768514,0,2,1,6,1,17,12,2,5,1301,7.171656822768514,0,2,1,6,1,1301,7.171656822768514,1,0,2,1,6,1,551,6.313548046277095,1,0,2,1,5,1,1301,7.171656822768514,0,2,1,6,1,39,3.6888794541139363,1,0,0,4,4,9,450,6.111467339502679,1,1,0,0,2,0,1,6,738.0
1,1669,7.4205789054108005,0,1,4,3,9,7,8,12,1,1669,7.4205789054108005,0,1,4,3,9,761,6.635946555686647,1,0,2,1,5,1,0,0.0,0,1,0,0,0,0,1669,7.4205789054108005,0,1,4,3,9,873,6.773080375655535,1,0,0,3,5,3,723,6.584791392385716,1,0,0,3,2,3,1,3,37.0
6,1717,7.4489161025442,0,1,2,2,7,11,13,11,0,1717,7.4489161025442,0,1,2,2,7,1717,7.4489161025442,1,0,1,2,2,7,136,4.919980925828125,1,1,1,1,3,6,1717,7.4489161025442,0,1,2,2,7,385,5.955837369464831,1,0,1,0,0,5,661,6.495265555937008,1,0,1,1,3,1,1,6,621.0
8,1508,7.319202458767849,1,2,3,3,8,10,10,10,3,1508,7.319202458767849,1,2,3,3,8,103,4.6443908991413725,1,0,1,3,5,3,0,0.0,0,1,0,0,0,0,1508,7.319202458767849,1,2,3,3,8,1273,7.149916836132109,1,0,1,3,6,3,40,3.713572066704308,1,1,1,0,5,0,1,3,86.0
7,1542,7.341483852363161,1,0,2,2,2,6,14,14,2,1542,7.341483852363161,1,0,2,2,2,654,6.484635235635252,1,1,0,4,3,4,0,0.0,0,1,0,0,0,0,1542,7.341483852363161,1,0,2,2,2,887,6.78897174299217,1,0,2,2,5,7,623,6.436150368369428,1,0,2,3,0,3,1,3,21.0
3,1331,7.194436851100335,0,2,1,1,1,0,1,11,2,1331,7.194436851100335,0,2,1,1,1,85,4.454347296253507,1,0,1,0,1,5,0,0.0,0,1,0,0,0,0,1331,7.194436851100335,0,2,1,1,1,1279,7.154615356913663,1,0,1,4,5,9,16,2.833213344056216,1,1,1,1,2,6,1,3,35.0
0,760,6.634633357861686,1,1,0,4,0,6,5,8,3,760,6.634633357861686,1,1,0,4,0,145,4.983606621708336,1,0,1,0,5,5,0,0.0,0,1,0,0,0,0,760,6.634633357861686,1,1,0,4,0,382,5.948034989180646,1,1,1,2,4,2,209,5.3471075307174685,1,0,2,4,6,9,1,3,35.0
1,1224,7.110696122978827,1,0,4,6,4,17,4,12,4,1224,7.110696122978827,1,0,4,6,4,1057,6.964135612418245,1,0,1,2,0,7,0,0.0,0,1,0,0,0,0,1224,7.110696122978827,1,0,4,6,4,16,2.833213344056216,1,1,1,1,2,6,1083,6.988413181999592,1,0,0,3,5,3,1,3,33.0
0,1287,7.160845906664299,0,0,2,6,7,2,12,16,3,1287,7.160845906664299,0,0,2,6,7,588,6.3784261836515865,1,1,0,3,0,8,0,0.0,0,1,0,0,0,0,1287,7.160845906664299,0,0,2,6,7,121,4.804021044733257,1,0,1,1,2,1,466,6.1463292576688975,1,1,1,1,4,6,1,3,274.0
4,626,6.440946540632921,1,2,1,3,6,8,8,5,5,626,6.440946540632921,1,2,1,3,6,319,5.768320995793772,1,0,1,4,4,9,0,0.0,0,1,0,0,0,0,626,6.440946540632921,1,2,1,3,6,336,5.820082930352362,1,1,0,1,0,6,225,5.420534999272286,1,0,0,0,1,5,1,3,53.0
2,1954,7.578145472419466,1,1,4,1,4,1,14,14,0,1928,7.564757012905729,1,2,3,3,8,0,0.0,0,1,0,0,0,0,0,0.0,0,1,0,0,0,0,1954,7.578145472419466,1,1,4,1,4,1557,7.351158226430694,1,0,0,2,3,7,124,4.8283137373023015,1,1,1,4,5,4,1,1,41.0
1,874,6.774223886357614,1,1,4,6,4,11,5,9,1,834,6.727431724850855,1,0,4,1,4,0,0.0,0,1,0,0,0,0,0,0.0,0,1,0,0,0,0,874,6.774223886357614,1,1,4,6,4,526,6.267200548541362,1,1,1,1,1,6,91,4.5217885770490405,1,0,1,1,0,1,1,1,42.0
5,1803,7.4977617006225685,0,0,3,4,3,0,2,0,0,1803,7.4977617006225685,0,0,3,4,3,614,6.421622267806518,1,1,2,4,5,4,0,0.0,0,1,0,0,0,0,1803,7.4977617006225685,0,0,3,4,3,1083,6.988413181999592,1,0,0,3,5,3,619,6.429719478039138,1,0,1,4,3,9,1,3,32.0
0,1275,7.151485463904735,0,0,0,1,5,17,1,7,5,1275,7.151485463904735,0,0,0,1,5,1275,7.151485463904735,1,0,0,0,1,5,21,3.091042453358316,1,0,0,1,0,1,1275,7.151485463904735,0,0,0,1,5,229,5.438079308923196,1,0,1,4,5,9,184,5.220355825078324,1,1,1,4,2,4,1,6,658.0
6,469,6.152732694704104,0,1,4,0,9,7,13,8,5,466,6.1463292576688975,1,1,1,4,6,0,0.0,0,1,0,0,0,0,0,0.0,0,1,0,0,0,0,469,6.152732694704104,0,1,4,0,9,466,6.1463292576688975,1,1,1,1,4,6,0,0.0,0,1,0,0,0,0,1,2,0.0
0,1117,7.0192966537150445,0,1,2,4,7,15,10,15,5,1117,7.0192966537150445,0,1,2,4,7,373,5.924255797414532,1,0,1,3,2,3,0,0.0,0,1,0,0,0,0,1117,7.0192966537150445,0,1,2,4,7,279,5.634789603169249,1,0,0,4,6,9,133,4.897839799950911,1,0,1,3,0,3,1,3,315.0
0,961,6.8690144506657065,0,1,1,2,1,15,8,15,4,961,6.8690144506657065,0,1,1,2,1,110,4.709530201312334,1,1,2,0,5,0,0,0.0,0,1,0,0,0,0,961,6.8690144506657065,0,1,1,2,1,761,6.635946555686647,1,0,2,1,5,1,122,4.812184355372417,1,1,2,2,3,2,1,3,22.0
0,1788,7.489412083508719,1,0,3,3,8,17,4,6,4,1788,7.489412083508719,1,0,3,3,8,1492,7.30854279753919,1,1,1,2,1,2,0,0.0,0,1,0,0,0,0,1788,7.489412083508719,1,0,3,3,8,84,4.442651256490317,1,1,0,4,0,4,1196,7.087573705557973,1,1,2,1,6,6,4,3,268.0
1,1541,7.340835554123275,0,2,1,1,1,5,5,15,5,1541,7.340835554123275,0,2,1,1,1,1541,7.340835554123275,1,0,2,1,1,1,180,5.198497031265826,1,1,0,0,5,0,1541,7.340835554123275,0,2,1,1,1,85,4.454347296253507,1,0,1,0,1,5,1041,6.948897222313312,1,0,0,1,5,1,1,6,365.0
3,1995,7.59890045687141,0,0,0,0,5,3,14,8,5,1995,7.59890045687141,0,0,0,0,5,664,6.499787040655854,1,1,1,4,6,4,0,0.0,0,1,0,0,0,0,1995,7.59890045687141,0,0,0,0,5,917,6.822197390620491,1,0,2,2,0,7,856,6.75343791859778,1,1,1,1,2,6,1,3,10.0
6,349,5.857933154483459,0,1,4,6,9,10,4,0,0,349,5.857933154483459,0,1,4,6,9,229,5.438079308923196,1,0,1,4,5,9,0,0.0,0,1,0,0,0,0,349,5.857933154483459,0,1,4,6,9,121,4.804021044733257,1,0,1,1,2,1,221,5.402677381872279,1,0,2,1,4,1,1,3,5.0
6,325,5.786897381366708,0,1,0,3,5,1,1,9,3,325,5.786897381366708,0,1,0,3,5,325,5.786897381366708,1,0,1,0,3,5,35,3.58351893845611,1,0,2,0,0,5,325,5.786897381366708,0,1,0,3,5,73,4.30406509320417,1,0,1,3,3,3,138,4.9344739331306915,1,1,0,3,5,8,1,6,112.0
0,704,6.558197802812269,1,2,4,4,4,14,12,17,2,704,6.558197802812269,1,2,4,4,4,64,4.174387269895637,1,1,1,4,1,4,0,0.0,0,1,0,0,0,0,704,6.558197802812269,1,2,4,4,4,118,4.77912349311153,1,1,1,3,6,8,7,2.0794415416798357,1,0,1,2,0,7,1,6,212.0
8,955,6.862757913051401,0,1,0,3,5,17,0,3,1,923,6.828712071641684,0,2,3,6,3,0,0.0,0,1,0,0,0,0,0,0.0,0,1,0,0,0,0,955,6.862757913051401,0,1,0,3,5,794,6.678342114654332,1,1,2,4,3,4,18,2.9444389791664403,1,1,0,3,4,8,1,1,31.0
5,899,6.802394763324311,0,2,4,3,9,2,15,12,2,899,6.802394763324311,0,2,4,3,9,266,5.58724865840025,1,1,2,1,0,6,0,0.0,0,1,0,0,0,0,899,6.802394763324311,0,2,4,3,9,647,6.473890696352274,1,0,2,2,3,7,238,5.476463551931511,1,1,1,3,0,8,1,3,14.0
8,1989,7.595889917718538,0,0,4,1,9,13,4,7,0,1989,7.595889917718538,0,0,4,1,9,1567,7.357556200910353,1,0,1,2,6,7,0,0.0,0,1,0,0,0,0,1989,7.595889917718538,0,0,4,1,9,877,6.777646593635117,1,0,1,2,2,7,618,6.428105272684596,1,1,0,3,2,8,1,3,481.0
8,836,6.729824070489475,1,2,1,3,6,15,13,3,0,402,5.998936561946683,1,0,2,3,2,0,0.0,0,1,0,0,0,0,0,0.0,0,1,0,0,0,0,836,6.729824070489475,1,2,1,3,6,55,4.02535169073515,1,0,1,0,6,5,82,4.418840607796598,1,1,1,2,5,2,1,1,61.0
1,302,5.713732805509369,1,2,2,1,2,3,3,17,4,302,5.713732805509369,1,2,2,1,2,302,5.713732805509369,1,1,2,2,1,2,170,5.14166355650266,1,1,2,0,2,0,302,5.713732805509369,1,2,2,1,2,4,1.6094379124341003,1,1,1,4,4,4,76,4.343805421853684,1,1,1,1,6,6,2,7,206.0
4,1121,7.022868086082641,0,2,1,1,1,8,11,3,2,1121,7.022868086082641,0,2,1,1,1,1067,6.97354301952014,1,0,2,2,3,7,0,0.0,0,1,0,0,0,0,1121,7.022868086082641,0,2,1,1,1,219,5.393627546352362,1,0,0,4,2,9,545,6.302618975744905,1,0,2,0,6,5,1,3,293.0
0,944,6.851184927493743,1,2,4,6,4,9,16,1,1,944,6.851184927493743,1,2,4,6,4,213,5.365976015021851,1,0,0,3,3,3,0,0.0,0,1,0,0,0,0,944,6.851184927493743,1,2,4,6,4,723,6.584791392385716,1,0,0,3,2,3,211,5.356586274672012,1,0,1,1,1,1,1,3,4.0
1,1475,7.297091005160418,0,2,0,5,5,10,1,8,1,1475,7.297091005160418,0,2,0,5,5,139,4.941642422609304,1,0,1,4,6,9,0,0.0,0,1,0,0,0,0,1475,7.297091005160418,0,2,0,5,5,1326,7.190676034332207,1,1,0,1,3,6,87,4.477336814478207,1,0,0,2,3,7,1,3,38.0
4,1754,7.470224135899966,1,2,4,4,4,13,14,17,4,1754,7.470224135899966,1,2,4,4,4,66,4.204692619390966,1,1,0,1,3,6,0,0.0,0,1,0,0,0,0,1754,7.470224135899966,1,2,4,4,4,1659,7.414572881350589,1,0,0,4,0,9,70,4.2626798770413155,1,1,1,0,0,0,1,3,7.0
5,1044,6.951772164398911,1,0,4,1,4,1,16,0,4,1044,6.951772164398911,1,0,4,1,4,160,5.081404364984463,1,1,1,0,6,0,0,0.0,0,1,0,0,0,0,1044,6.951772164398911,1,0,4,1,4,701,6.553933404025811,1,0,2,1,1,1,187,5.236441962829949,1,0,1,2,5,7,1,3,43.0
4,1983,7.592870287844818,0,0,3,2,3,17,2,0,0,1983,7.592870287844818,0,0,3,2,3,1917,7.559038255443384,1,0,0,2,6,7,0,0.0,0,1,0,0,0,0,1983,7.592870287844818,0,0,3,2,3,691,6.539585955617669,1,0,1,1,5,1,436,6.07993319509559,1,1,1,1,2,6,1,3,779.0
0,901,6.804614520062624,0,1,1,5,1,6,6,9,5,901,6.804614520062624,0,1,1,5,1,141,4.955827057601261,1,0,0,1,1,1,0,0.0,0,1,0,0,0,0,901,6.804614520062624,0,1,1,5,1,756,6.6293632534374485,1,1,0,1,0,6,107,4.68213122712422,1,0,2,2,2,7,1,3,24.0
5,456,6.124683390894205,1,0,1,1,6,11,0,11,0,456,6.124683390894205,1,0,1,1,6,82,4.418840607796598,1,1,1,2,5,2,0,0.0,0,1,0,0,0,0,456,6.124683390894205,1,0,1,1,6,380,5.942799375126701,1,1,2,0,2,0,64,4.174387269895637,1,1,1,4,1,4,2,3,10.0
6,1496,7.311218384419629,1,2,1,5,6,14,4,5,5,1271,7.148345743900068,0,2,1,4,1,0,0.0,0,1,0,0,0,0,0,0.0,0,1,0,0,0,0,1496,7.311218384419629,1,2,1,5,6,727,6.590301048196686,1,0,1,2,6,7,233,5.455321115357702,1,0,2,3,2,3,1,1,26.0
2,1186,7.079184394609668,1,1,1,3,6,6,7,1,0,1186,7.079184394609668,1,1,1,3,6,920,6.825460036255307,1,1,2,0,3,0,0,0.0,0,1,0,0,0,0,1186,7.079184394609668,1,1,1,3,6,261,5.568344503761097,1,0,0,1,2,1,882,6.78332520060396,1,1,0,2,0,2,1,3,27.0
6,1394,7.240649694255466,1,2,4,1,4,13,7,13,3,1394,7.240649694255466,1,2,4,1,4,68,4.23410650459726,1,1,2,3,5,8,0,0.0,0,1,0,0,0,0,1394,7.240649694255466,1,2,4,1,4,1226,7.112327444710911,1,1,2,1,1,6,94,4.553876891600541,1,1,1,4,3,4,2,3,16.0
5,1017,6.925595197110468,0,0,2,2,7,16,3,5,4,1017,6.925595197110468,0,0,2,2,7,896,6.799055862058796,1,1,2,1,0,6,0,0.0,0,1,0,0,0,0,1017,6.925595197110468,0,0,2,2,7,146,4.990432586778736,1,1,2,1,6,6,837,6.731018100482083,1,0,0,2,4,7,1,3,31.0
2,1315,7.182352111885263,0,1,0,6,5,13,4,14,1,1315,7.182352111885263,0,1,0,6,5,1049,6.956545443151569,1,0,2,4,6,9,0,0.0,0,1,0,0,0,0,1315,7.182352111885263,0,1,0,6,5,59,4.0943445622221,1,0,2,4,3,9,1040,6.947937068614969,1,1,2,0,4,0,1,3,75.0
3,1986,7.594381242551817,1,0,1,5,6,17,17,1,3,1986,7.594381242551817,1,0,1,5,6,1981,7.591861714889934,1,0,1,1,0,1,0,0.0,0,1,0,0,0,0,1986,7.594381242551817,1,0,1,5,6,147,4.997212273764115,1,0,0,2,0,7,728,6.591673732008658,1,1,2,3,0,8,1,3,788.0
8,1696,7.436617265234227,1,1,1,2,6,14,13,5,3,1696,7.436617265234227,1,1,1,2,6,355,5.87493073085203,1,0,1,0,5,5,0,0.0,0,1,0,0,0,0,1696,7.436617265234227,1,1,1,2,6,1305,7.174724309836376,1,0,0,0,3,5,151,5.0238805208462765,1,0,1,1,4,1,1,3,148.0
5,1763,7.475339236566737,0,2,3,6,3,16,8,16,5,1763,7.475339236566737,0,2,3,6,3,1032,6.940222469119639,1,1,0,2,3,2,0,0.0,0,1,0,0,0,0,1763,7.475339236566737,0,2,3,6,3,683,6.52795791762255,1,0,2,3,4,3,1056,6.963189985870238,1,1,0,1,6,6,1,3,0.0
1,1761,7.474204806496124,0,0,1,4,1,0,10,3,4,1761,7.474204806496124,0,0,1,4,1,74,4.31748811353631,1,1,2,4,4,4,0,0.0,0,1,0,0,0,0,1761,7.474204806496124,0,0,1,4,1,1723,7.452402451223638,1,0,1,3,1,3,2,1.0986122886681098,1,1,2,2,2,2,1,4,36.0
1,1203,7.093404625868766,0,0,3,6,3,3,10,4,0,1203,7.093404625868766,0,0,3,6,3,564,6.336825731146441,1,1,0,4,4,4,0,0.0,0,1,0,0,0,0,1203,7.093404625868766,0,0,3,6,3,776,6.655440350367647,1,1,2,1,6,6,107,4.68213122712422,1,0,2,2,2,7,1,3,259.0
0,926,6.831953565565855,1,2,1,2,6,8,0,8,5,926,6.831953565565855,1,2,1,2,6,352,5.8664680569332965,1,1,1,2,2,2,0,0.0,0,1,0,0,0,0,926,6.831953565565855,1,2,1,2,6,317,5.762051382780177,1,0,2,2,2,7,407,6.0112671744041615,1,0,2,2,1,7,1,3,49.0
1,1831,7.513163545234075,0,1,1,4,1,7,17,14,4,1831,7.513163545234075,0,1,1,4,1,1004,6.912742820493176,1,1,2,4,3,4,0,0.0,0,1,0,0,0,0,1831,7.513163545234075,0,1,1,4,1,379,5.940171252720432,1,0,1,4,1,9,166,5.117993812416755,1,1,1,1,5,6,1,3,708.0
8,1677,7.425357887027151,0,0,2,4,7,0,17,3,2,1677,7.425357887027151,0,0,2,4,7,139,4.941642422609304,1,0,1,4,6,9,0,0.0,0,1,0,0,0,0,1677,7.425357887027151,0,0,2,4,7,1309,7.177782416195197,1,0,1,4,0,9,99,4.605170185988092,1,0,0,4,1,9,1,3,103.0
5,723,6.584791392385716,0,0,3,2,3,12,9,6,2,723,6.584791392385716,0,0,3,2,3,723,6.584791392385716,1,0,0,3,2,3,193,5.267858159063328,1,0,1,3,4,3,723,6.584791392385716,0,0,3,2,3,116,4.762173934797756,1,1,2,1,4,6,127,4.852030263919617,1,0,1,2,1,7,1,6,423.0
2,595,6.39024066706535,0,1,0,0,5,4,1,6,0,595,6.39024066706535,0,1,0,0,5,32,3.4965075614664802,1,1,2,2,4,2,0,0.0,0,1,0,0,0,0,595,6.39024066706535,0,1,0,0,5,565,6.338594078203183,1,0,1,0,5,5,28,3.367295829986474,1,1,1,3,0,8,1,3,2.0
8,1397,7.242797922793756,0,2,2,4,7,4,17,13,5,1397,7.242797922793756,0,2,2,4,7,716,6.57507584059962,1,1,2,1,2,6,0,0.0,0,1,0,0,0,0,1397,7.242797922793756,0,2,2,4,7,664,6.499787040655854,1,1,1,4,6,4,723,6.584791392385716,1,0,0,3,2,3,1,3,1.0
1,1383,7.232733136177615,0,0,3,4,3,10,7,7,0,1383,7.232733136177615,0,0,3,4,3,477,6.169610732491456,1,0,0,2,1,7,0,0.0,0,1,0,0,0,0,1383,7.232733136177615,0,0,3,4,3,389,5.966146739123692,1,0,2,4,4,9,659,6.492239835020471,1,0,2,4,1,9,1,3,51.0
8,1135,7.035268599281097,0,1,0,1,5,15,12,11,4,1135,7.035268599281097,0,1,0,1,5,446,6.102558594613569,1,1,2,1,5,6,0,0.0,0,1,0,0,0,0,1135,7.035268599281097,0,1,0,1,5,194,5.272999558563747,1,1,2,4,5,4,662,6.4967749901858625,1,1,2,2,4,2,1,3,21.0
6,1465,7.290292882446597,0,1,0,2,5,11,10,17,0,1465,7.290292882446597,0,1,0,2,5,734,6.5998704992128365,1,1,2,4,6,4,0,0.0,0,1,0,0,0,0,1465,7.290292882446597,0,1,0,2,5,576,6.3578422665081,1,1,0,1,2,6,804,6.690842277418564,1,1,0,4,6,4,1,3,5.0
2,1798,7.4949862339505335,1,1,3,6,8,2,16,14,5,1798,7.4949862339505335,1,1,3,6,8,368,5.910796644040527,1,1,2,3,4,8,0,0.0,0,1,0,0,0,0,1798,7.4949862339505335,1,1,3,6,8,1511,7.321188556739478,1,0,2,1,6,1,182,5.209486152841421,1,1,2,2,0,2,1,3,97.0
3,1982,7.592366128519796,1,2,2,1,2,2,13,8,5,1982,7.592366128519796,1,2,2,1,2,583,6.369900982828227,1,0,1,3,2,3,0,0.0,0,1,0,0,0,0,1982,7.592366128519796,1,2,2,1,2,124,4.8283137373023015,1,1,1,4,5,4,712,6.569481420414296,1,1,1,2,5,2,1,3,339.0
5,779,6.659293919683638,0,2,4,2,9,16,0,3,4,779,6.659293919683638,0,2,4,2,9,70,4.2626798770413155,1,1,1,0,0,0,0,0.0,0,1,0,0,0,0,779,6.659293919683638,0,2,4,2,9,692,6.541029999189903,1,1,2,2,6,2,74,4.31748811353631,1,1,2,4,4,4,1,3,3.0
0,1116,7.018401799069201,1,0,1,3,6,13,8,14,0,980,6.8885724595653635,1,2,0,0,0,0,0.0,0,1,0,0,0,0,0,0.0,0,1,0,0,0,0,1116,7.018401799069201,1,0,1,3,6,833,6.726233402358747,1,0,2,3,0,3,30,3.4339872044851463,1,1,0,0,2,0,1,1,29.0
2,764,6.639875833826536,1,2,4,1,4,8,8,12,5,764,6.639875833826536,1,2,4,1,4,47,3.871201010907891,1,0,2,2,5,7,0,0.0,0,1,0,0,0,0,764,6.639875833826536,1,2,4,1,4,701,6.553933404025811,1,0,2,1,1,1,31,3.4657359027997265,1,0,1,1,3,1,1,3,16.0
5,1146,7.044905117129371,1,0,1,5,6,8,9,17,2,944,6.851184927493743,1,2,4,6,4,0,0.0,0,1,0,0,0,0,0,0.0,0,1,0,0,0,0,1146,7.044905117129371,1,0,1,5,6,329,5.799092654460526,1,0,2,4,0,9,111,4.718498871295094,1,0,0,1,6,1,1,1,131.0
6,660,6.493753839851686,1,0,0,2,0,6,17,1,5,660,6.493753839851686,1,0,0,2,0,234,5.459585514144159,1,1,0,4,3,4,0,0.0,0,1,0,0,0,0,660,6.493753839851686,1,0,0,2,0,334,5.814130531825066,1,1,1,4,5,4,172,5.153291594497779,1,1,1,2,4,2,2,3,72.0
0,680,6.523562306149512,1,2,0,1,0,4,5,13,0,680,6.523562306149512,1,2,0,1,0,13,2.6390573296152584,1,0,1,3,6,3,0,0.0,0,1,0,0,0,0,680,6.523562306149512,1,2,0,1,0,668,6.505784060128229,1,1,2,3,3,8,11,2.4849066497880004,1,0,2,1,4,1,1,3,1.0
1,738,6.6052979209482015,1,0,3,3,8,12,16,5,3,738,6.6052979209482015,1,0,3,3,8,128,4.859812404361672,1,1,2,3,2,8,0,0.0,0,1,0,0,0,0,738,6.6052979209482015,1,0,3,3,8,450,6.111467339502679,1,1,0,0,2,0,67,4.219507705176107,1,0,1,2,4,7,1,3,94.0
7,1938,7.569927655242652,1,0,3,6,8,6,15,12,1,1938,7.569927655242652,1,0,3,6,8,1938,7.569927655242652,1,1,0,3,6,8,663,6.498282149476434,1,0,0,3,5,3,1938,7.569927655242652,1,0,3,6,8,201,5.308267697401205,1,0,0,1,5,1,345,5.846438775057725,1,0,0,0,2,5,3,6,1216.0
5,1645,7.406103381237015,0,1,0,0,5,7,12,9,1,1645,7.406103381237015,0,1,0,0,5,404,6.003887067106539,1,1,2,4,5,4,0,0.0,0,1,0,0,0,0,1645,7.406103381237015,0,1,0,0,5,1332,7.195187320178709,1,1,0,2,2,2,15,2.772588722239781,1,0,0,0,1,5,1,3,229.0
1,974,6.882437470997847,1,2,4,1,4,1,9,3,5,447,6.104793232414985,0,0,2,6,7,0,0.0,0,1,0,0,0,0,0,0.0,0,1,0,0,0,0,974,6.882437470997847,1,2,4,1,4,101,4.624972813284271,1,0,2,1,3,1,104,4.653960350157523,1,1,2,4,6,4,1,1,46.0
7,456,6.124683390894205,1,0,1,1,6,0,0,3,3,456,6.124683390894205,1,0,1,1,6,44,3.8066624897703196,1,1,2,4,2,4,0,0.0,0,1,0,0,0,0,456,6.124683390894205,1,0,1,1,6,416,6.0330862217988015,1,1,2,1,3,6,6,1.9459101490553132,1,1,0,1,6,6,2,6,24.0
0,590,6.3818160174060985,1,2,0,2,0,1,11,11,5,590,6.3818160174060985,1,2,0,2,0,17,2.8903717578961645,1,0,2,2,3,7,0,0.0,0,1,0,0,0,0,590,6.3818160174060985,1,2,0,2,0,579,6.363028103540465,1,0,0,4,5,9,5,1.791759469228055,1,0,2,0,5,5,1,6,6.0
4,652,6.481577129276431,1,1,2,1,2,4,17,7,1,652,6.481577129276431,1,1,2,1,2,121,4.804021044733257,1,0,1,1,2,1,0,0.0,0,1,0,0,0,0,652,6.481577129276431,1,1,2,1,2,486,6.18826412308259,1,1,0,1,3,6,106,4.672828834461906,1,1,1,1,1,6,1,3,25.0
1,1096,7.00033446027523,1,1,1,4,6,15,2,13,5,1096,7.00033446027523,1,1,1,4,6,796,6.680854678790215,1,1,1,1,5,6,0,0.0,0,1,0,0,0,0,1096,7.00033446027523,1,1,1,4,6,12,2.5649493574615367,1,1,0,2,5,2,901,6.804614520062624,1,0,1,1,5,1,1,3,26.0
1,533,6.280395838960195,0,2,3,1,3,13,3,2,3,533,6.280395838960195,0,2,3,1,3,282,5.645446897643238,1,1,0,2,2,2,0,0.0,0,1,0,0,0,0,533,6.280395838960195,0,2,3,1,3,353,5.869296913133774,1,0,2,3,3,3,9,2.302585092994046,1,0,0,4,2,9,1,3,148.0
2,1449,7.27931883541462,0,0,4,0,9,1,0,8,3,1449,7.27931883541462,0,0,4,0,9,753,6.625392368007956,1,0,0,3,4,3,0,0.0,0,1,0,0,0,0,1449,7.27931883541462,0,0,4,0,9,651,6.480044561926653,1,0,0,1,0,1,75,4.330733340286331,1,0,0,0,5,5,3,3,467.0
7,333,5.811140992976701,0,0,3,4,3,3,17,7,1,333,5.811140992976701,0,0,3,4,3,263,5.575949103146316,1,0,2,3,4,3,0,0.0,0,1,0,0,0,0,333,5.811140992976701,0,0,3,4,3,128,4.859812404361672,1,1,2,3,2,8,147,4.997212273764115,1,0,0,2,0,7,1,3,58.0
2,1897,7.5485559791698735,0,1,2,0,7,1,7,15,2,1897,7.5485559791698735,0,1,2,0,7,558,6.326149473155099,1,1,0,3,5,8,0,0.0,0,1,0,0,0,0,1897,7.5485559791698735,0,1,2,0,7,521,6.257667587882639,1,0,2,1,3,1,652,6.481577129276431,1,1,1,2,1,2,1,3,210.0
3,1970,7.58629630715272,1,2,0,3,0,0,14,4,1,1970,7.58629630715272,1,2,0,3,0,252,5.53338948872752,1,1,0,2,0,2,0,0.0,0,1,0,0,0,0,1970,7.58629630715272,1,2,0,3,0,1783,7.486613313139955,1,0,1,3,5,3,86,4.465908118654584,1,1,2,1,2,6,1,3,89.0
5,616,6.424869023905388,1,1,1,0,6,13,9,11,3,492,6.20050917404269,1,0,2,2,2,0,0.0,0,1,0,0,0,0,0,0.0,0,1,0,0,0,0,616,6.424869023905388,1,1,1,0,6,146,4.990432586778736,1,1,2,1,6,6,29,3.4011973816621555,1,0,2,4,1,9,1,1,96.0
5,504,6.22455842927536,1,0,4,0,4,12,8,14,1,504,6.22455842927536,1,0,4,0,4,504,6.22455842927536,1,1,0,4,0,4,50,3.9318256327243257,1,1,2,0,1,0,504,6.22455842927536,1,0,4,0,4,23,3.1780538303479458,1,0,2,3,2,3,249,5.521460917862246,1,0,0,4,4,9,1,6,179.0
4,972,6.880384082186005,1,0,2,6,2,15,16,2,4,972,6.880384082186005,1,0,2,6,2,653,6.483107351457199,1,0,2,3,2,3,0,0.0,0,1,0,0,0,0,972,6.880384082186005,1,0,2,6,2,211,5.356586274672012,1,0,1,1,1,1,536,6.285998094508865,1,1,2,1,4,6,1,3,114.0
3,395,5.981414211254481,0,2,0,3,5,12,9,4,5,395,5.981414211254481,0,2,0,3,5,145,4.983606621708336,1,0,1,0,5,5,0,0.0,0,1,0,0,0,0,395,5.981414211254481,0,2,0,3,5,70,4.2626798770413155,1,1,1,0,0,0,142,4.962844630259907,1,1,1,2,2,2,1,3,62.0
6,876,6.776506992372183,1,0,1,1,6,5,17,4,3,850,6.7464121285733745,1,1,0,3,0,0,0.0,0,1,0,0,0,0,0,0.0,0,1,0,0,0,0,876,6.776506992372183,1,0,1,1,6,812,6.70073110954781,1,1,2,2,0,2,13,2.6390573296152584,1,0,1,3,6,3,1,1,4.0
6,808,6.695798917058491,1,1,3,3,8,13,0,10,4,808,6.695798917058491,1,1,3,3,8,689,6.536691597591305,1,0,2,4,3,9,0,0.0,0,1,0,0,0,0,808,6.695798917058491,1,1,3,3,8,297,5.697093486505405,1,0,0,2,3,7,78,4.3694478524670215,1,1,0,3,1,8,1,3,348.0
5,1233,7.1180162044653335,0,0,3,1,3,5,0,16,4,1233,7.1180162044653335,0,0,3,1,3,344,5.84354441703136,1,1,2,4,1,4,0,0.0,0,1,0,0,0,0,1233,7.1180162044653335,0,0,3,1,3,606,6.408528791059498,1,1,0,1,4,6,28,3.367295829986474,1,1,1,3,0,8,1,3,305.0
6,701,6.553933404025811,0,2,1,1,1,16,12,10,4,701,6.553933404025811,0,2,1,1,1,96,4.574710978503383,1,1,0,1,5,6,0,0.0,0,1,0,0,0,0,701,6.553933404025811,0,2,1,1,1,617,6.42648845745769,1,0,2,2,1,7,51,3.9512437185814275,1,0,0,1,2,1,1,3,26.0
2,851,6.747586526829315,0,2,1,4,1,4,8,10,2,851,6.747586526829315,0,2,1,4,1,270,5.602118820879701,1,1,0,0,4,0,0,0.0,0,1,0,0,0,0,851,6.747586526829315,0,2,1,4,1,575,6.3561076606958915,1,0,2,0,1,5,273,5.6131281063880705,1,0,0,3,0,3,1,3,0.0
8,342,5.8377304471659395,1,0,2,6,2,15,6,1,0,342,5.8377304471659395,1,0,2,6,2,159,5.075173815233827,1,0,0,4,5,9,0,0.0,0,1,0,0,0,0,342,5.8377304471659395,1,0,2,6,2,136,4.919980925828125,1,1,1,1,3,6,124,4.8283137373023015,1,1,1,4,5,4,1,3,39.0
2,1083,6.988413181999592,0,0,3,5,3,8,3,14,4,1083,6.988413181999592,0,0,3,5,3,447,6.104793232414985,1,0,0,2,6,7,0,0.0,0,1,0,0,0,0,1083,6.988413181999592,0,0,3,5,3,251,5.529429087511423,1,0,2,1,6,1,563,6.335054251498059,1,0,2,3,3,3,1,3,51.0
2,818,6.70808408385307,1,2,3,6,8,6,3,7,5,722,6.583409222158765,1,2,2,1,2,0,0.0,0,1,0,0,0,0,0,0.0,0,1,0,0,0,0,818,6.70808408385307,1,2,3,6,8,691,6.539585955617669,1,0,1,1,5,1,14,2.70805020110221,1,1,2,4,0,4,1,1,1.0
8,1537,7.338238150065589,0,1,2,4,7,0,6,17,5,1537,7.338238150065589,0,1,2,4,7,455,6.1224928095143865,1,0,2,0,0,5,0,0.0,0,1,0,0,0,0,1537,7.338238150065589,0,1,2,4,7,1251,7.132497551660044,1,0,0,1,5,1,45,3.828641396489095,1,0,0,0,3,5,1,3,217.0
4,1496,7.311218384419629,1,2,1,5,6,14,7,13,2,1496,7.311218384419629,1,2,1,5,6,452,6.115892125483034,1,1,2,2,4,2,0,0.0,0,1,0,0,0,0,1496,7.311218384419629,1,2,1,5,6,964,6.872128101338986,1,1,1,4,5,4,141,4.955827057601261,1,0,0,1,1,1,1,3,234.0
8,1863,7.530479995245536,0,0,3,1,3,2,4,6,0,1863,7.530479995245536,0,0,3,1,3,937,6.843749949006225,1,0,1,2,6,7,0,0.0,0,1,0,0,0,0,1863,7.530479995245536,0,0,3,1,3,1005,6.913737350659685,1,0,0,0,4,5,710,6.566672429803241,1,1,2,0,3,0,1,3,125.0
2,307,5.730099782973574,0,1,2,6,7,14,14,5,4,307,5.730099782973574,0,1,2,6,7,140,4.948759890378168,1,1,2,0,0,0,0,0.0,0,1,0,0,0,0,307,5.730099782973574,0,1,2,6,7,190,5.25227342804663,1,1,1,0,1,0,25,3.258096538021482,1,0,1,0,4,5,1,3,69.0
6,635,6.455198563340122,0,2,0,5,5,16,14,0,5,635,6.455198563340122,0,2,0,5,5,100,4.61512051684126,1,1,1,0,2,0,0,0.0,0,1,0,0,0,0,635,6.455198563340122,0,2,0,5,5,372,5.921578419643816,1,1,0,2,1,2,108,4.6913478822291435,1,1,0,3,3,8,1,3,49.0
2,1855,7.526178913346146,0,1,0,0,5,9,14,1,0,1855,7.526178913346146,0,1,0,0,5,1855,7.526178913346146,1,0,1,0,0,5,348,5.855071922202427,1,1,0,3,5,8,1855,7.526178913346146,0,1,0,0,5,263,5.575949103146316,1,0,2,3,4,3,534,6.282266746896006,1,1,0,4,2,4,1,6,909.0
8,675,6.516193076042964,0,0,0,3,5,6,10,13,2,675,6.516193076042964,0,0,0,3,5,385,5.955837369464831,1,0,1,0,0,5,0,0.0,0,1,0,0,0,0,675,6.516193076042964,0,0,0,3,5,38,3.6635616461296463,1,1,2,3,3,8,298,5.700443573390687,1,1,1,3,4,8,1,3,142.0
1,915,6.82001636467413,0,0,0,5,5,12,11,11,5,339,5.8289456176102075,0,0,4,3,9,0,0.0,0,1,0,0,0,0,0,0.0,0,1,0,0,0,0,915,6.82001636467413,0,0,0,5,5,36,3.6109179126442243,1,1,0,1,1,6,135,4.912654885736052,1,0,0,0,2,5,3,1,11.0
5,1509,7.31986492980897,0,0,4,4,9,3,9,9,3,1509,7.31986492980897,0,0,4,4,9,421,6.045005314036012,1,0,1,1,1,1,0,0.0,0,1,0,0,0,0,1509,7.31986492980897,0,0,4,4,9,1104,7.007600613951853,1,1,0,4,5,4,386,5.958424693029782,1,1,2,1,1,6,1,3,18.0
2,1897,7.5485559791698735,0,1,2,0,7,9,12,7,4,1897,7.5485559791698735,0,1,2,0,7,199,5.298317366548036,1,0,1,4,3,9,0,0.0,0,1,0,0,0,0,1897,7.5485559791698735,0,1,2,0,7,1461,7.2875606403097235,1,0,0,1,5,1,259,5.560681631015528,1,0,1,4,0,9,1,3,39.0
0,1092,6.996681488176539,1,0,2,0,2,7,3,12,3,1092,6.996681488176539,1,0,2,0,2,293,5.683579767338681,1,0,2,3,6,3,0,0.0,0,1,0,0,0,0,1092,6.996681488176539,1,0,2,0,2,844,6.739336627357174,1,1,1,4,4,4,188,5.241747015059643,1,1,2,3,6,8,1,3,55.0
4,1976,7.589335823170617,1,2,1,2,6,4,5,3,2,1976,7.589335823170617,1,2,1,2,6,341,5.834810737062605,1,0,2,1,5,1,0,0.0,0,1,0,0,0,0,1976,7.589335823170617,1,2,1,2,6,1644,7.405495663199472,1,1,0,4,6,4,104,4.653960350157523,1,1,2,4,6,4,1,6,155.0
5,1952,7.577121930876679,1,2,2,6,2,12,16,13,4,1952,7.577121930876679,1,2,2,6,2,1865,7.531552381407289,1,0,2,0,3,5,0,0.0,0,1,0,0,0,0,1952,7.577121930876679,1,2,2,6,2,271,5.605802066295998,1,0,1,1,5,1,654,6.484635235635252,1,1,0,4,3,4,1,3,746.0
3,504,6.22455842927536,1,0,4,0,4,13,6,2,0,504,6.22455842927536,1,0,4,0,4,326,5.7899601708972535,1,1,2,1,4,6,0,0.0,0,1,0,0,0,0,504,6.22455842927536,1,0,4,0,4,180,5.198497031265826,1,1,0,0,5,0,319,5.768320995793772,1,0,1,4,4,9,1,3,4.0
6,458,6.129050210060545,1,2,3,3,8,4,7,1,2,458,6.129050210060545,1,2,3,3,8,282,5.645446897643238,1,1,0,2,2,2,0,0.0,0,1,0,0,0,0,458,6.129050210060545,1,2,3,3,8,195,5.278114659230517,1,0,0,0,6,5,76,4.343805421853684,1,1,1,1,6,6,1,3,131.0
7,1027,6.93537044601511,0,1,2,5,7,6,17,14,0,1027,6.93537044601511,0,1,2,5,7,661,6.495265555937008,1,0,1,1,3,1,0,0.0,0,1,0,0,0,0,1027,6.93537044601511,0,1,2,5,7,586,6.375024819828097,1,1,1,1,5,6,101,4.624972813284271,1,0,2,1,3,1,1,3,300.0
8,1057,6.964135612418245,0,1,2,0,7,15,8,10,1,1057,6.964135612418245,0,1,2,0,7,310,5.739792912179234,1,1,1,0,2,0,0,0.0,0,1,0,0,0,0,1057,6.964135612418245,0,1,2,0,7,806,6.693323668269949,1,1,2,1,1,6,186,5.231108616854587,1,1,0,1,4,6,1,3,63.0
6,1316,7.183111701743281,1,2,1,0,6,0,8,17,2,1316,7.183111701743281,1,2,1,0,6,1311,7.179307969504034,1,0,0,1,2,1,0,0.0,0,1,0,0,0,0,1316,7.183111701743281,1,2,1,0,6,423,6.049733455231958,1,0,0,3,3,3,376,5.932245187448011,1,1,1,1,5,6,1,3,484.0
0,1664,7.417580402414544,1,2,4,5,4,15,14,14,3,1664,7.417580402414544,1,2,4,5,4,205,5.327876168789581,1,0,1,0,2,5,0,0.0,0,1,0,0,0,0,1664,7.417580402414544,1,2,4,5,4,925,6.8308742346461795,1,0,1,0,1,5,133,4.897839799950911,1,0,1,3,0,3,1,3,226.0
4,1969,7.585788821732034,0,1,4,2,9,10,2,3,1,1969,7.585788821732034,0,1,4,2,9,830,6.7226297948554485,1,1,2,0,4,0,0,0.0,0,1,0,0,0,0,1969,7.585788821732034,0,1,4,2,9,957,6.86484777797086,1,0,0,2,5,7,858,6.755768921984255,1,1,0,3,4,8,1,3,42.0
7,687,6.5337888379333435,0,0,2,1,7,8,16,2,4,687,6.5337888379333435,0,0,2,1,7,128,4.859812404361672,1,1,2,3,2,8,0,0.0,0,1,0,0,0,0,687,6.5337888379333435,0,0,2,1,7,493,6.202535517187923,1,0,1,3,3,3,161,5.087596335232384,1,0,2,1,0,1,1,3,0.0
4,996,6.904750769961838,1,0,1,2,6,3,11,9,3,996,6.904750769961838,1,0,1,2,6,25,3.258096538021482,1,0,1,0,4,5,0,0.0,0,1,0,0,0,0,996,6.904750769961838,1,0,1,2,6,750,6.621405651764134,1,1,0,0,1,0,86,4.465908118654584,1,1,2,1,2,6,1,4,33.0
5,1769,7.478734825567875,0,2,4,5,9,9,14,15,5,1769,7.478734825567875,0,2,4,5,9,610,6.415096959171596,1,1,1,0,1,0,0,0.0,0,1,0,0,0,0,1769,7.478734825567875,0,2,4,5,9,230,5.442417710521793,1,1,2,0,6,0,170,5.14166355650266,1,1,2,0,2,0,1,3,603.0
4,1312,7.180069874302796,1,1,2,3,2,10,13,11,3,1312,7.180069874302796,1,1,2,3,2,306,5.726847747587197,1,1,0,1,5,6,0,0.0,0,1,0,0,0,0,1312,7.180069874302796,1,1,2,3,2,1110,7.01301578963963,1,1,0,0,4,0,98,4.59511985013459,1,1,2,3,0,8,2,3,104.0
8,1226,7.112327444710911,1,2,1,1,6,15,0,17,0,1226,7.112327444710911,1,2,1,1,6,146,4.990432586778736,1,1,2,1,6,6,0,0.0,0,1,0,0,0,0,1226,7.112327444710911,1,2,1,1,6,1060,6.966967138613983,1,1,1,0,3,0,141,4.955827057601261,1,0,0,1,1,1,1,3,10.0
8,1203,7.093404625868766,0,0,3,6,3,1,14,17,1,1203,7.093404625868766,0,0,3,6,3,346,5.849324779946859,1,1,1,1,3,6,0,0.0,0,1,0,0,0,0,1203,7.093404625868766,0,0,3,6,3,794,6.678342114654332,1,1,2,4,3,4,355,5.87493073085203,1,0,1,0,5,5,1,3,15.0
4,505,6.226536669287466,0,1,0,1,5,9,6,5,0,505,6.226536669287466,0,1,0,1,5,114,4.74493212836325,1,1,0,4,2,4,0,0.0,0,1,0,0,0,0,505,6.226536669287466,0,1,0,1,5,349,5.857933154483459,1,0,1,4,6,9,75,4.330733340286331,1,0,0,0,5,5,1,3,40.0
5,1009,6.917705609835305,0,1,4,1,9,2,16,2,4,1009,6.917705609835305,0,1,4,1,9,8,2.1972245773362196,1,1,2,3,1,8,0,0.0,0,1,0,0,0,0,1009,6.917705609835305,0,1,4,1,9,1001,6.90975328164481,1,0,2,1,0,1,5,1.791759469228055,1,0,2,0,5,5,1,3,2.0
1,1863,7.530479995245536,0,0,3,1,3,5,10,1,1,1863,7.530479995245536,0,0,3,1,3,255,5.545177444479562,1,0,0,0,3,5,0,0.0,0,1,0,0,0,0,1863,7.530479995245536,0,0,3,1,3,1475,7.297091005160418,1,0,2,0,5,5,35,3.58351893845611,1,0,2,0,0,5,1,3,191.0
5,493,6.202535517187923,0,1,3,3,3,9,16,1,0,493,6.202535517187923,0,1,3,3,3,92,4.532599493153256,1,1,2,2,1,2,0,0.0,0,1,0,0,0,0,493,6.202535517187923,0,1,3,3,3,443,6.095824562432225,1,0,2,3,2,3,8,2.1972245773362196,1,1,2,3,1,8,1,3,42.0
5,1148,7.046647277848756,1,2,3,0,8,16,12,5,0,925,6.8308742346461795,0,1,0,1,5,0,0.0,0,1,0,0,0,0,0,0.0,0,1,0,0,0,0,1148,7.046647277848756,1,2,3,0,8,459,6.131226489483141,1,0,0,4,4,9,5,1.791759469228055,1,0,2,0,5,5,1,2,152.0
6,1134,7.034387929915503,1,0,4,0,4,8,5,9,1,1134,7.034387929915503,1,0,4,0,4,1065,6.97166860472579,1,0,0,0,1,5,0,0.0,0,1,0,0,0,0,1134,7.034387929915503,1,0,4,0,4,13,2.6390573296152584,1,0,1,3,6,3,616,6.424869023905388,1,1,1,1,0,6,1,3,318.0
7,986,6.894670039433482,1,2,1,6,6,12,2,14,3,986,6.894670039433482,1,2,1,6,6,751,6.62273632394984,1,0,1,1,2,1,0,0.0,0,1,0,0,0,0,986,6.894670039433482,1,2,1,6,6,332,5.808142489980444,1,1,2,2,3,2,446,6.102558594613569,1,1,2,1,5,6,1,3,171.0
3,649,6.476972362889683,0,1,4,5,9,17,4,11,2,649,6.476972362889683,0,1,4,5,9,117,4.770684624465665,1,0,0,2,5,7,0,0.0,0,1,0,0,0,0,649,6.476972362889683,0,1,4,5,9,563,6.335054251498059,1,0,2,3,3,3,13,2.6390573296152584,1,0,1,3,6,3,1,4,59.0
0,1839,7.517520850603031,0,0,4,5,9,8,4,7,2,1839,7.517520850603031,0,0,4,5,9,314,5.752572638825633,1,1,2,4,6,4,0,0.0,0,1,0,0,0,0,1839,7.517520850603031,0,0,4,5,9,1654,7.411556287811163,1,1,1,4,2,4,50,3.9318256327243257,1,1,2,0,1,0,1,3,133.0
7,1314,7.181591944611865,1,0,4,5,4,1,3,15,0,1314,7.181591944611865,1,0,4,5,4,29,3.4011973816621555,1,0,2,4,1,9,0,0.0,0,1,0,0,0,0,1314,7.181591944611865,1,0,4,5,4,1233,7.1180162044653335,1,0,0,3,1,3,25,3.258096538021482,1,0,1,0,4,5,1,3,20.0
0,1351,7.20934025660291,0,1,1,0,1,9,14,9,0,1351,7.20934025660291,0,1,1,0,1,934,6.840546529288687,1,1,1,4,3,4,0,0.0,0,1,0,0,0,0,1351,7.20934025660291,0,1,1,0,1,602,6.401917196727186,1,1,2,2,0,2,543,6.298949246855942,1,0,0,3,4,3,1,3,199.0
8,1752,7.469083884921234,1,0,2,2,2,12,9,0,0,1752,7.469083884921234,1,0,2,2,2,350,5.860786223465865,1,1,2,0,0,0,0,0.0,0,1,0,0,0,0,1752,7.469083884921234,1,0,2,2,2,1343,7.203405521083095,1,0,2,3,6,3,87,4.477336814478207,1,0,0,2,3,7,1,3,195.0
4,1221,7.108244139731541,0,0,1,3,1,10,1,15,5,1221,7.108244139731541,0,0,1,3,1,135,4.912654885736052,1,0,0,0,2,5,0,0.0,0,1,0,0,0,0,1221,7.108244139731541,0,0,1,3,1,1085,6.990256500493881,1,0,2,0,0,5,134,4.90527477843843,1,1,2,4,1,4,1,3,1.0
8,1689,7.432483807917119,0,0,4,2,9,13,10,6,5,1689,7.432483807917119,0,0,4,2,9,382,5.948034989180646,1,1,1,2,4,2,0,0.0,0,1,0,0,0,0,1689,7.432483807917119,0,0,4,2,9,1282,7.1569563646156364,1,1,1,2,1,2,393,5.976350909297934,1,0,0,3,1,3,1,3,1.0
5,1166,7.062191632286556,1,2,1,4,6,9,6,4,5,944,6.851184927493743,1,2,4,6,4,0,0.0,0,1,0,0,0,0,0,0.0,0,1,0,0,0,0,1166,7.062191632286556,1,2,1,4,6,680,6.523562306149512,1,1,2,0,1,0,108,4.6913478822291435,1,1,0,3,3,8,2,1,16.0
5,510,6.236369590203704,1,0,0,6,0,14,17,7,3,510,6.236369590203704,1,0,0,6,0,297,5.697093486505405,1,0,0,2,3,7,0,0.0,0,1,0,0,0,0,510,6.236369590203704,1,0,0,6,0,52,3.970291913552122,1,1,1,2,3,2,343,5.840641657373398,1,0,1,3,0,3,1,3,23.0
1,1763,7.475339236566737,0,2,3,6,3,17,17,5,5,1238,7.122059881629142,1,2,3,6,8,0,0.0,0,1,0,0,0,0,0,0.0,0,1,0,0,0,0,1763,7.475339236566737,0,2,3,6,3,400,5.993961427306569,1,1,1,0,1,0,206,5.332718793265369,1,1,2,1,3,6,1,1,142.0
6,1328,7.192182058713246,1,2,3,5,8,11,15,2,0,1328,7.192182058713246,1,2,3,5,8,105,4.663439094112067,1,0,0,0,0,5,0,0.0,0,1,0,0,0,0,1328,7.192182058713246,1,2,3,5,8,1245,7.1276936993473985,1,0,0,0,6,5,19,2.995732273553991,1,0,1,4,5,9,1,3,50.0
8,450,6.111467339502679,1,0,0,2,0,4,10,11,2,450,6.111467339502679,1,0,0,2,0,151,5.0238805208462765,1,0,1,1,4,1,0,0.0,0,1,0,0,0,0,450,6.111467339502679,1,0,0,2,0,162,5.093750200806762,1,1,0,2,1,2,101,4.624972813284271,1,0,2,1,3,1,1,3,79.0
5,303,5.717027701406222,0,0,3,2,3,11,16,12,2,303,5.717027701406222,0,0,3,2,3,161,5.087596335232384,1,0,2,1,0,1,0,0.0,0,1,0,0,0,0,303,5.717027701406222,0,0,3,2,3,68,4.23410650459726,1,1,2,3,5,8,162,5.093750200806762,1,1,0,2,1,2,1,3,24.0
0,1885,7.542213463193403,0,1,0,2,5,12,11,0,5,1885,7.542213463193403,0,1,0,2,5,1885,7.542213463193403,1,0,1,0,2,5,18,2.9444389791664403,1,1,0,3,4,8,1885,7.542213463193403,0,1,0,2,5,340,5.831882477283517,1,1,1,0,4,0,224,5.41610040220442,1,1,2,4,0,4,1,6,1000.0
6,1925,7.563200592358071,0,2,0,0,5,13,14,1,4,1189,7.081708586105575,0,1,4,6,9,0,0.0,0,1,0,0,0,0,0,0.0,0,1,0,0,0,0,1925,7.563200592358071,0,2,0,0,5,598,6.395261598115449,1,1,1,3,3,8,189,5.247024072160486,1,0,0,4,0,9,1,1,71.0
1,1389,7.237059026124737,0,0,4,3,9,13,9,5,4,1389,7.237059026124737,0,0,4,3,9,1092,6.996681488176539,1,1,0,2,0,2,0,0.0,0,1,0,0,0,0,1389,7.237059026124737,0,0,4,3,9,143,4.969813299576001,1,0,2,3,3,3,707,6.56244409369372,1,0,2,2,0,7,1,3,308.0
2,1913,7.5569505720129,0,2,3,2,3,1,8,15,2,1913,7.5569505720129,0,2,3,2,3,701,6.553933404025811,1,0,2,1,1,1,0,0.0,0,1,0,0,0,0,1913,7.5569505720129,0,2,3,2,3,930,6.836259277277067,1,1,0,0,6,0,719,6.579251212010101,1,0,2,4,5,9,1,3,82.0
1,1090,6.994849985833071,1,1,0,5,0,4,17,11,5,1090,6.994849985833071,1,1,0,5,0,1090,6.994849985833071,1,1,1,0,5,0,354,5.872117789475416,1,1,0,4,4,4,1090,6.994849985833071,1,1,0,5,0,289,5.66988092298052,1,0,1,4,2,9,104,4.653960350157523,1,1,2,4,6,4,1,6,679.0
2,656,6.48768401848461,1,2,1,5,6,16,3,0,2,656,6.48768401848461,1,2,1,5,6,340,5.831882477283517,1,1,1,0,4,0,0,0.0,0,1,0,0,0,0,656,6.48768401848461,1,2,1,5,6,403,6.0014148779611505,1,0,1,3,4,3,22,3.1354942159291497,1,1,1,2,1,2,1,3,183.0
7,547,6.306275286948016,0,1,2,1,7,4,5,0,3,547,6.306275286948016,0,1,2,1,7,107,4.68213122712422,1,0,2,2,2,7,0,0.0,0,1,0,0,0,0,547,6.306275286948016,0,1,2,1,7,451,6.113682179832232,1,0,1,1,3,1,85,4.454347296253507,1,0,1,0,1,5,1,3,11.0
3,1358,7.214504414151143,1,2,3,0,8,6,2,4,3,1220,7.107425474110705,1,2,0,2,0,0,0.0,0,1,0,0,0,0,0,0.0,0,1,0,0,0,0,1358,7.214504414151143,1,2,3,0,8,785,6.666956792429207,1,0,2,0,1,5,123,4.820281565605037,1,0,0,3,4,3,1,1,63.0
7,833,6.726233402358747,0,2,3,0,3,0,5,14,2,833,6.726233402358747,0,2,3,0,3,55,4.02535169073515,1,0,1,0,6,5,0,0.0,0,1,0,0,0,0,833,6.726233402358747,0,2,3,0,3,738,6.6052979209482015,1,1,0,3,3,8,30,3.4339872044851463,1,1,0,0,2,0,1,3,30.0
6,1992,7.597396320212795,1,0,2,4,2,7,3,12,0,1992,7.597396320212795,1,0,2,4,2,634,6.453624998892692,1,1,1,4,4,4,0,0.0,0,1,0,0,0,0,1992,7.597396320212795,1,0,2,4,2,981,6.889591308354466,1,0,0,1,1,1,821,6.71174039505618,1,0,2,1,2,1,1,3,1.0
4,1213,7.101675971619444,0,1,3,2,3,1,12,15,3,1213,7.101675971619444,0,1,3,2,3,368,5.910796644040527,1,1,2,3,4,8,0,0.0,0,1,0,0,0,0,1213,7.101675971619444,0,1,3,2,3,648,6.47543271670409,1,1,0,3,4,8,363,5.8971538676367405,1,0,0,3,6,3,1,3,69.0
5,313,5.749392985908253,0,1,3,5,3,1,13,15,2,308,5.733341276897746,1,2,3,0,8,0,0.0,0,1,0,0,0,0,0,0.0,0,1,0,0,0,0,313,5.749392985908253,0,1,3,5,3,271,5.605802066295998,1,0,1,1,5,1,11,2.4849066497880004,1,0,2,1,4,1,1,2,5.0
4,1125,7.026426808699636,0,0,0,5,5,11,16,10,1,1125,7.026426808699636,0,0,0,5,5,45,3.828641396489095,1,0,0,0,3,5,0,0.0,0,1,0,0,0,0,1125,7.026426808699636,0,0,0,5,5,988,6.8966943316227125,1,1,1,3,1,8,85,4.454347296253507,1,0,1,0,1,5,1,6,4.0
7,447,6.104793232414985,0,0,2,6,7,1,8,2,0,447,6.104793232414985,0,0,2,6,7,378,5.937536205082426,1,1,0,3,0,8,0,0.0,0,1,0,0,0,0,447,6.104793232414985,0,0,2,6,7,196,5.2832037287379885,1,1,1,1,0,6,79,4.382026634673881,1,0,1,4,2,9,1,3,157.0
1,517,6.249975242259483,0,1,2,6,7,17,7,13,3,517,6.249975242259483,0,1,2,6,7,324,5.783825182329737,1,1,0,4,2,4,0,0.0,0,1,0,0,0,0,517,6.249975242259483,0,1,2,6,7,34,3.5553480614894135,1,1,1,4,6,4,357,5.8805329864007,1,0,0,2,0,7,1,3,31.0
6,722,6.583409222158765,1,2,2,1,2,17,3,6,4,722,6.583409222158765,1,2,2,1,2,553,6.317164686747284,1,0,1,3,0,3,0,0.0,0,1,0,0,0,0,722,6.583409222158765,1,2,2,1,2,345,5.846438775057725,1,0,0,0,2,5,177,5.181783550292085,1,0,0,2,2,7,1,3,192.0
1,1294,7.166265974133638,1,1,4,6,4,3,17,13,3,1294,7.166265974133638,1,1,4,6,4,1165,7.061334366910438,1,0,1,0,3,5,0,0.0,0,1,0,0,0,0,1294,7.166265974133638,1,1,4,6,4,246,5.5093883366279774,1,1,0,1,1,6,73,4.30406509320417,1,0,1,3,3,3,1,3,689.0
3,1601,7.379008127628304,0,2,1,5,1,5,2,5,4,1601,7.379008127628304,0,2,1,5,1,290,5.673323267171493,1,1,2,0,3,0,0,0.0,0,1,0,0,0,0,1601,7.379008127628304,0,2,1,5,1,1229,7.114769448366463,1,0,2,4,4,9,103,4.6443908991413725,1,0,1,3,5,3,1,3,152.0
7,990,6.898714534329988,1,0,0,3,0,2,1,16,4,990,6.898714534329988,1,0,0,3,0,480,6.175867270105761,1,1,0,0,4,0,0,0.0,0,1,0,0,0,0,990,6.898714534329988,1,0,0,3,0,293,5.683579767338681,1,0,2,3,6,3,350,5.860786223465865,1,1,2,0,0,0,1,3,159.0
0,399,5.991464547107982,0,0,4,0,9,4,2,12,4,397,5.986452005284438,0,1,2,5,7,0,0.0,0,1,0,0,0,0,0,0.0,0,1,0,0,0,0,399,5.991464547107982,0,0,4,0,9,193,5.267858159063328,1,0,1,3,4,3,90,4.51085950651685,1,1,0,0,6,0,1,1,8.0
1,761,6.635946555686647,0,2,1,5,1,12,15,15,5,761,6.635946555686647,0,2,1,5,1,404,6.003887067106539,1,1,2,4,5,4,0,0.0,0,1,0,0,0,0,761,6.635946555686647,0,2,1,5,1,439,6.0867747269123065,1,0,1,4,5,9,114,4.74493212836325,1,1,0,4,2,4,1,3,166.0
8,418,6.037870919922137,1,1,3,5,8,16,10,16,4,418,6.037870919922137,1,1,3,5,8,142,4.962844630259907,1,1,1,2,2,2,0,0.0,0,1,0,0,0,0,418,6.037870919922137,1,1,3,5,8,238,5.476463551931511,1,1,1,3,0,8,161,5.087596335232384,1,0,2,1,0,1,1,3,0.0
1,1253,7.134093721192866,0,2,3,0,3,7,10,8,2,1253,7.134093721192866,0,2,3,0,3,1253,7.134093721192866,1,0,2,3,0,3,127,4.852030263919617,1,0,1,2,1,7,1253,7.134093721192866,0,2,3,0,3,371,5.918893854273146,1,0,2,1,0,1,141,4.955827057601261,1,0,0,1,1,1,1,6,660.0
3,633,6.452048954437226,0,0,3,3,3,1,0,15,5,544,6.300785794663244,1,1,4,5,4,0,0.0,0,1,0,0,0,0,0,0.0,0,1,0,0,0,0,633,6.452048954437226,0,0,3,3,3,310,5.739792912179234,1,1,1,0,2,0,96,4.574710978503383,1,1,0,1,5,6,1,1,14.0
3,334,5.814130531825066,1,1,4,5,4,8,6,8,5,334,5.814130531825066,1,1,4,5,4,58,4.07753744390572,1,1,1,3,2,8,0,0.0,0,1,0,0,0,0,334,5.814130531825066,1,1,4,5,4,277,5.627621113690637,1,0,1,2,4,7,32,3.4965075614664802,1,1,2,2,4,2,1,3,17.0
6,928,6.834108738813838,1,1,3,4,8,5,6,3,3,928,6.834108738813838,1,1,3,4,8,80,4.394449154672439,1,1,2,0,3,0,0,0.0,0,1,0,0,0,0,928,6.834108738813838,1,1,3,4,8,848,6.744059186311348,1,1,2,3,1,8,80,4.394449154672439,1,1,2,0,3,0,16,4,0.0
8,465,6.144185634125646,0,0,0,3,5,14,5,15,5,465,6.144185634125646,0,0,0,3,5,268,5.594711379601839,1,1,1,3,2,8,0,0.0,0,1,0,0,0,0,465,6.144185634125646,0,0,0,3,5,293,5.683579767338681,1,0,2,3,6,3,61,4.127134385045092,1,0,1,1,5,1,1,3,106.0
6,600,6.398594934535208,1,0,0,5,0,2,8,4,4,600,6.398594934535208,1,0,0,5,0,148,5.003946305945459,1,1,1,3,1,8,0,0.0,0,1,0,0,0,0,600,6.398594934535208,1,0,0,5,0,433,6.073044534100405,1,0,1,3,6,3,39,3.6888794541139363,1,0,0,4,4,9,1,3,79.0
5,308,5.733341276897746,1,2,3,0,8,6,3,7,4,308,5.733341276897746,1,2,3,0,8,6,1.9459101490553132,1,1,0,1,6,6,0,0.0,0,1,0,0,0,0,308,5.733341276897746,1,2,3,0,8,303,5.717027701406222,1,0,0,3,2,3,4,1.6094379124341003,1,1,1,4,4,4,1,6,1.0
5,877,6.777646593635117,0,1,2,2,7,3,13,12,4,877,6.777646593635117,0,1,2,2,7,320,5.771441123130016,1,1,2,0,5,0,0,0.0,0,1,0,0,0,0,877,6.777646593635117,0,1,2,2,7,311,5.7430031878094825,1,0,2,1,3,1,428,6.061456918928017,1,1,2,3,1,8,1,3,10.0
6,323,5.780743515792329,0,2,3,1,3,12,10,15,3,323,5.780743515792329,0,2,3,1,3,99,4.605170185988092,1,0,0,4,1,9,0,0.0,0,1,0,0,0,0,323,5.780743515792329,0,2,3,1,3,141,4.955827057601261,1,0,0,1,1,1,139,4.941642422609304,1,0,1,4,6,9,1,3,1.0
8,1888,7.543802867501509,1,1,3,5,8,2,3,2,2,1492,7.30854279753919,1,1,2,1,2,0,0.0,0,1,0,0,0,0,0,0.0,0,1,0,0,0,0,1888,7.543802867501509,1,1,3,5,8,916,6.821107472256465,1,1,1,1,6,6,150,5.017279836814924,1,1,0,0,3,0,2,1,92.0
5,901,6.804614520062624,0,1,1,5,1,3,13,11,3,901,6.804614520062624,0,1,1,5,1,353,5.869296913133774,1,0,2,3,3,3,0,0.0,0,1,0,0,0,0,901,6.804614520062624,0,1,1,5,1,450,6.111467339502679,1,1,0,0,2,0,291,5.676753802268282,1,0,0,1,4,1,1,3,74.0
8,1249,7.1308988302963465,0,1,4,3,9,0,4,10,3,1249,7.1308988302963465,0,1,4,3,9,720,6.580639137284949,1,1,0,0,6,0,0,0.0,0,1,0,0,0,0,1249,7.1308988302963465,0,1,4,3,9,152,5.030437921392435,1,1,2,2,5,2,874,6.774223886357614,1,1,1,4,6,4,1,3,23.0
5,1021,6.92951677076365,0,1,1,6,1,15,10,9,3,1021,6.92951677076365,0,1,1,6,1,864,6.762729506931879,1,1,0,4,3,4,0,0.0,0,1,0,0,0,0,1021,6.92951677076365,0,1,1,6,1,156,5.056245805348308,1,1,0,1,2,6,656,6.48768401848461,1,1,2,1,5,6,1,3,139.0
5,1974,7.5883236773352225,1,0,4,0,4,12,2,13,3,1974,7.5883236773352225,1,0,4,0,4,861,6.759255270663693,1,0,0,1,0,1,0,0.0,0,1,0,0,0,0,1974,7.5883236773352225,1,0,4,0,4,802,6.688354713946762,1,1,1,2,4,2,898,6.80128303447162,1,1,1,3,2,8,1,3,79.0
8,1048,6.955592608396297,1,1,3,5,8,8,12,4,1,1048,6.955592608396297,1,1,3,5,8,136,4.919980925828125,1,1,1,1,3,6,0,0.0,0,1,0,0,0,0,1048,6.955592608396297,1,1,3,5,8,867,6.7661917146603505,1,0,0,2,6,7,145,4.983606621708336,1,0,1,0,5,5,1,3,9.0
5,892,6.794586580876499,1,1,2,3,2,4,9,7,5,892,6.794586580876499,1,1,2,3,2,674,6.51471269087253,1,1,2,4,2,4,0,0.0,0,1,0,0,0,0,892,6.794586580876499,1,1,2,3,2,30,3.4339872044851463,1,1,0,0,2,0,675,6.516193076042964,1,0,0,0,3,5,1,3,62.0
3,983,6.891625897052253,0,2,3,3,3,16,13,10,1,983,6.891625897052253,0,2,3,3,3,327,5.793013608384144,1,0,0,2,5,7,0,0.0,0,1,0,0,0,0,983,6.891625897052253,0,2,3,3,3,582,6.368187186350492,1,1,0,2,1,2,106,4.672828834461906,1,1,1,1,1,6,1,3,172.0
0,1567,7.357556200910353,0,1,2,6,7,12,8,4,0,1567,7.357556200910353,0,1,2,6,7,14,2.70805020110221,1,1,2,4,0,4,0,0.0,0,1,0,0,0,0,1567,7.357556200910353,0,1,2,6,7,729,6.593044534142437,1,0,0,4,1,9,216,5.37989735354046,1,1,0,1,6,6,1,3,140.0
0,394,5.978885764901122,1,1,4,2,4,11,13,10,2,394,5.978885764901122,1,1,4,2,4,168,5.1298987149230735,1,1,0,3,0,8,0,0.0,0,1,0,0,0,0,394,5.978885764901122,1,1,4,2,4,153,5.0369526024136295,1,0,0,3,6,3,161,5.087596335232384,1,0,2,1,0,1,1,3,29.0
2,1457,7.284820912568604,0,2,2,1,7,6,1,6,5,1457,7.284820912568604,0,2,2,1,7,61,4.127134385045092,1,0,1,1,5,1,0,0.0,0,1,0,0,0,0,1457,7.284820912568604,0,2,2,1,7,1219,7.106606137727303,1,0,1,4,1,9,4,1.6094379124341003,1,1,1,4,4,4,1,3,97.0
4,642,6.466144724237619,1,0,2,5,2,16,5,5,2,642,6.466144724237619,1,0,2,5,2,300,5.707110264748875,1,1,0,0,6,0,0,0.0,0,1,0,0,0,0,642,6.466144724237619,1,0,2,5,2,288,5.666426688112432,1,1,0,3,1,8,126,4.844187086458591,1,1,0,1,0,6,6,3,134.0
4,837,6.731018100482083,0,0,2,4,7,5,1,1,1,837,6.731018100482083,0,0,2,4,7,50,3.9318256327243257,1,1,2,0,1,0,0,0.0,0,1,0,0,0,0,837,6.731018100482083,0,0,2,4,7,585,6.373319789577012,1,0,0,0,4,5,22,3.1354942159291497,1,1,1,2,1,2,1,3,86.0
7,1955,7.578656850594762,0,2,0,2,5,10,17,8,2,1955,7.578656850594762,0,2,0,2,5,897,6.8001700683022,1,0,0,2,1,7,0,0.0,0,1,0,0,0,0,1955,7.578656850594762,0,2,0,2,5,781,6.661854740545311,1,0,1,1,4,1,983,6.891625897052253,1,0,2,3,3,3,1,3,35.0
7,1032,6.940222469119639,1,0,2,3,2,17,1,15,1,1032,6.940222469119639,1,0,2,3,2,351,5.863631175598097,1,0,0,1,1,1,0,0.0,0,1,0,0,0,0,1032,6.940222469119639,1,0,2,3,2,504,6.22455842927536,1,1,0,4,0,4,201,5.308267697401205,1,0,0,1,5,1,3,3,159.0
8,548,6.3080984415095305,1,2,3,2,8,4,9,7,1,542,6.297109319933935,1,2,2,3,2,0,0.0,0,1,0,0,0,0,0,0.0,0,1,0,0,0,0,548,6.3080984415095305,1,2,3,2,8,192,5.262690188904886,1,1,0,2,3,2,121,4.804021044733257,1,0,1,1,2,1,1,1,36.0
0,1903,7.55171221535131,0,1,3,6,3,12,5,10,2,1903,7.55171221535131,0,1,3,6,3,654,6.484635235635252,1,1,0,4,3,4,0,0.0,0,1,0,0,0,0,1903,7.55171221535131,0,1,3,6,3,1381,7.231287004327616,1,0,1,1,2,1,315,5.755742213586912,1,0,0,0,0,5,1,3,182.0
8,875,6.775366090936392,0,2,0,0,5,0,16,17,1,875,6.775366090936392,0,2,0,0,5,361,5.8916442118257715,1,0,1,1,4,1,0,0.0,0,1,0,0,0,0,875,6.775366090936392,0,2,0,0,5,23,3.1780538303479458,1,0,2,3,2,3,431,6.068425588244111,1,0,2,1,4,1,1,3,117.0
2,482,6.180016653652572,1,2,2,6,2,4,17,2,0,482,6.180016653652572,1,2,2,6,2,12,2.5649493574615367,1,1,0,2,5,2,0,0.0,0,1,0,0,0,0,482,6.180016653652572,1,2,2,6,2,120,4.795790545596741,1,1,0,0,1,0,151,5.0238805208462765,1,0,1,1,4,1,1,4,24.0
3,802,6.688354713946762,1,1,2,4,2,8,5,1,2,802,6.688354713946762,1,1,2,4,2,598,6.395261598115449,1,1,1,3,3,8,0,0.0,0,1,0,0,0,0,802,6.688354713946762,1,1,2,4,2,192,5.262690188904886,1,1,0,2,3,2,379,5.940171252720432,1,0,1,4,1,9,1,3,150.0
5,1000,6.90875477931522,1,1,0,6,0,10,16,3,5,676,6.517671272912275,1,1,1,4,6,0,0.0,0,1,0,0,0,0,0,0.0,0,1,0,0,0,0,1000,6.90875477931522,1,1,0,6,0,221,5.402677381872279,1,0,2,1,4,1,199,5.298317366548036,1,0,1,4,3,9,1,1,19.0
4,867,6.7661917146603505,0,0,2,6,7,6,16,4,5,867,6.7661917146603505,0,0,2,6,7,522,6.259581464064923,1,1,0,2,4,2,0,0.0,0,1,0,0,0,0,867,6.7661917146603505,0,0,2,6,7,294,5.68697535633982,1,1,0,4,0,4,63,4.1588830833596715,1,0,0,3,0,3,3,3,323.0
3,437,6.082218910376446,0,2,2,3,7,17,13,2,1,437,6.082218910376446,0,2,2,3,7,213,5.365976015021851,1,0,0,3,3,3,0,0.0,0,1,0,0,0,0,437,6.082218910376446,0,2,2,3,7,116,4.762173934797756,1,1,2,1,4,6,228,5.43372200355424,1,1,0,3,4,8,1,3,26.0
3,798,6.683360945766275,1,0,3,0,8,3,0,12,3,798,6.683360945766275,1,0,3,0,8,629,6.4457198193855785,1,0,2,4,6,9,0,0.0,0,1,0,0,0,0,798,6.683360945766275,1,0,3,0,8,191,5.2574953720277815,1,0,2,1,2,1,459,6.131226489483141,1,0,0,4,4,9,1,3,106.0
7,1991,7.596894438144544,0,2,1,3,1,11,10,8,5,1991,7.596894438144544,0,2,1,3,1,48,3.8918202981106265,1,1,0,3,6,8,0,0.0,0,1,0,0,0,0,1991,7.596894438144544,0,2,1,3,1,1528,7.332369205929062,1,1,1,3,2,8,101,4.624972813284271,1,0,2,1,3,1,1,3,103.0
7,860,6.7580945044277305,1,2,0,6,0,2,16,12,3,860,6.7580945044277305,1,2,0,6,0,21,3.091042453358316,1,0,0,1,0,1,0,0.0,0,1,0,0,0,0,860,6.7580945044277305,1,2,0,6,0,781,6.661854740545311,1,0,1,1,4,1,44,3.8066624897703196,1,1,2,4,2,4,1,3,4.0
4,1331,7.194436851100335,0,2,1,1,1,8,0,1,5,1331,7.194436851100335,0,2,1,1,1,538,6.289715570908998,1,1,1,3,6,8,0,0.0,0,1,0,0,0,0,1331,7.194436851100335,0,2,1,1,1,784,6.665683717782408,1,1,1,4,0,4,229,5.438079308923196,1,0,1,4,5,9,1,3,209.0
5,990,6.898714534329988,1,0,0,3,0,5,6,17,2,990,6.898714534329988,1,0,0,3,0,918,6.823286122355687,1,1,0,3,1,8,0,0.0,0,1,0,0,0,0,990,6.898714534329988,1,0,0,3,0,69,4.248495242049359,1,0,0,4,6,9,918,6.823286122355687,1,1,0,3,1,8,3,4,1.0
5,1470,7.293697720601438,1,0,0,0,0,7,5,4,0,1470,7.293697720601438,1,0,0,0,0,22,3.1354942159291497,1,1,1,2,1,2,0,0.0,0,1,0,0,0,0,1470,7.293697720601438,1,0,0,0,0,1429,7.265429723253953,1,0,1,4,1,9,0,0.0,0,1,0,0,0,0,1,3,21.0
4,700,6.55250788703459,1,1,0,0,0,17,14,7,2,700,6.55250788703459,1,1,0,0,0,700,6.55250788703459,1,1,1,0,0,0,38,3.6635616461296463,1,1,2,3,3,8,700,6.55250788703459,1,1,0,0,0,174,5.1647859739235145,1,1,0,4,6,4,47,3.871201010907891,1,0,2,2,5,7,1,6,390.0
3,1061,6.967909201801884,0,2,1,4,1,17,7,9,4,1061,6.967909201801884,0,2,1,4,1,203,5.318119993844216,1,0,2,3,0,3,0,0.0,0,1,0,0,0,0,1061,6.967909201801884,0,2,1,4,1,833,6.726233402358747,1,0,2,3,0,3,205,5.327876168789581,1,0,1,0,2,5,1,3,7.0
4,1028,6.9363427358340495,1,2,3,6,8,15,5,2,2,1028,6.9363427358340495,1,2,3,6,8,778,6.658011045870748,1,1,1,3,1,8,0,0.0,0,1,0,0,0,0,1028,6.9363427358340495,1,2,3,6,8,67,4.219507705176107,1,0,1,2,4,7,805,6.692083742506628,1,0,1,0,0,5,1,3,43.0
1,1162,7.0587581525186645,1,1,2,0,2,5,14,16,5,1162,7.0587581525186645,1,1,2,0,2,314,5.752572638825633,1,1,2,4,6,4,0,0.0,0,1,0,0,0,0,1162,7.0587581525186645,1,1,2,0,2,831,6.723832440821209,1,0,0,1,5,1,258,5.556828061699537,1,1,0,3,6,8,1,3,43.0
0,933,6.839476438228843,0,0,3,2,3,17,5,10,2,933,6.839476438228843,0,0,3,2,3,160,5.081404364984463,1,1,1,0,6,0,0,0.0,0,1,0,0,0,0,933,6.839476438228843,0,0,3,2,3,782,6.663132695990803,1,1,2,2,5,2,25,3.258096538021482,1,0,1,0,4,5,1,3,87.0
1,1845,7.520776415062797,0,0,0,4,5,4,1,11,3,1632,7.398174092970465,1,0,2,1,2,0,0.0,0,1,0,0,0,0,0,0.0,0,1,0,0,0,0,1845,7.520776415062797,0,0,0,4,5,3,1.3862943611198906,1,0,0,3,3,3,237,5.472270673671475,1,0,0,2,6,7,3,5,385.0
6,389,5.966146739123692,0,2,4,4,9,17,10,9,0,357,5.8805329864007,0,0,2,0,7,0,0.0,0,1,0,0,0,0,0,0.0,0,1,0,0,0,0,389,5.966146739123692,0,2,4,4,9,320,5.771441123130016,1,1,2,0,5,0,17,2.8903717578961645,1,0,2,2,3,7,1,2,1.0
2,641,6.464588303689961,0,2,1,4,1,4,15,0,3,641,6.464588303689961,0,2,1,4,1,155,5.049856007249537,1,0,2,0,1,5,0,0.0,0,1,0,0,0,0,641,6.464588303689961,0,2,1,4,1,462,6.137727054086234,1,1,0,2,0,2,2,1.0986122886681098,1,1,2,2,2,2,1,4,110.0
4,1635,7.400009517162692,0,0,0,4,5,14,13,16,1,1635,7.400009517162692,0,0,0,4,5,1384,7.233455418621439,1,1,1,4,5,4,0,0.0,0,1,0,0,0,0,1635,7.400009517162692,0,0,0,4,5,707,6.56244409369372,1,0,2,2,0,7,409,6.016157159698354,1,0,1,4,3,9,1,3,498.0
0,1579,7.365180126021013,0,1,4,4,9,13,0,11,1,1579,7.365180126021013,0,1,4,4,9,119,4.787491742782046,1,0,2,4,0,9,0,0.0,0,1,0,0,0,0,1579,7.365180126021013,0,1,4,4,9,910,6.814542897259958,1,1,1,0,0,0,325,5.786897381366708,1,0,1,0,3,5,1,3,46.0
2,1998,7.6004023345004,1,0,3,3,8,12,2,7,4,1998,7.6004023345004,1,0,3,3,8,44,3.8066624897703196,1,1,2,4,2,4,0,0.0,0,1,0,0,0,0,1998,7.6004023345004,1,0,3,3,8,1947,7.5745584842024805,1,0,0,2,1,7,43,3.784189633918261,1,0,1,3,1,3,1,3,3.0
7,637,6.45833828334479,0,1,2,0,7,14,6,10,5,470,6.154858094016418,1,2,0,1,0,0,0.0,0,1,0,0,0,0,0,0.0,0,1,0,0,0,0,637,6.45833828334479,0,1,2,0,7,28,3.367295829986474,1,1,1,3,0,8,173,5.159055299214529,1,0,2,3,5,3,1,1,32.0
7,537,6.2878585601617845,0,0,2,5,7,16,9,9,5,537,6.2878585601617845,0,0,2,5,7,469,6.152732694704104,1,0,1,4,0,9,0,0.0,0,1,0,0,0,0,537,6.2878585601617845,0,0,2,5,7,157,5.062595033026967,1,0,1,2,3,7,216,5.37989735354046,1,1,0,1,6,6,1,3,139.0
3,1411,7.252762418053187,0,1,1,4,1,9,10,13,2,1411,7.252762418053187,0,1,1,4,1,38,3.6635616461296463,1,1,2,3,3,8,0,0.0,0,1,0,0,0,0,1411,7.252762418053187,0,1,1,4,1,946,6.853299093186078,1,1,1,1,1,6,148,5.003946305945459,1,1,1,3,1,8,1,3,69.0
8,1221,7.108244139731541,0,0,1,3,1,0,8,10,4,1221,7.108244139731541,0,0,1,3,1,0,0.0,0,1,0,0,0,0,0,0.0,0,1,0,0,0,0,1221,7.108244139731541,0,0,1,3,1,1221,7.108244139731541,1,0,0,1,3,1,0,0.0,0,1,0,0,0,0,1221,6,0.0
8,899,6.802394763324311,0,2,4,3,9,7,15,16,1,899,6.802394763324311,0,2,4,3,9,462,6.137727054086234,1,1,0,2,0,2,0,0.0,0,1,0,0,0,0,899,6.802394763324311,0,2,4,3,9,276,5.6240175061873385,1,1,0,1,3,6,247,5.5134287461649825,1,0,1,2,2,7,1,3,197.0
4,1148,7.046647277848756,1,2,3,0,8,10,1,8,4,1148,7.046647277848756,1,2,3,0,8,651,6.480044561926653,1,0,0,1,0,1,0,0.0,0,1,0,0,0,0,1148,7.046647277848756,1,2,3,0,8,152,5.030437921392435,1,1,2,2,5,2,582,6.368187186350492,1,1,0,2,1,2,1,3,161.0
6,1088,6.9930151229329605,1,2,3,3,8,15,13,13,1,1088,6.9930151229329605,1,2,3,3,8,449,6.1092475827643655,1,0,2,4,1,9,0,0.0,0,1,0,0,0,0,1088,6.9930151229329605,1,2,3,3,8,502,6.220590170099739,1,1,1,2,5,2,366,5.905361848054571,1,1,0,1,2,6,1,3,101.0
8,1294,7.166265974133638,1,1,4,6,4,5,17,8,3,1294,7.166265974133638,1,1,4,6,4,117,4.770684624465665,1,0,0,2,5,7,0,0.0,0,1,0,0,0,0,1294,7.166265974133638,1,1,4,6,4,1179,7.07326971745971,1,0,0,4,3,9,107,4.68213122712422,1,0,2,2,2,7,1,3,6.0
7,811,6.699500340161678,0,1,1,6,1,0,10,6,3,811,6.699500340161678,0,1,1,6,1,87,4.477336814478207,1,0,0,2,3,7,0,0.0,0,1,0,0,0,0,811,6.699500340161678,0,1,1,6,1,734,6.5998704992128365,1,1,2,4,6,4,31,3.4657359027997265,1,0,1,1,3,1,1,3,34.0
8,1735,7.459338895220296,0,1,0,6,5,16,4,2,0,1735,7.459338895220296,0,1,0,6,5,32,3.4965075614664802,1,1,2,2,4,2,0,0.0,0,1,0,0,0,0,1735,7.459338895220296,0,1,0,6,5,1699,7.438383530044307,1,0,1,4,5,9,34,3.5553480614894135,1,1,1,4,6,4,1,3,0.0
0,813,6.70196036600254,0,0,3,1,3,8,5,1,0,813,6.70196036600254,0,0,3,1,3,355,5.87493073085203,1,0,1,0,5,5,0,0.0,0,1,0,0,0,0,813,6.70196036600254,0,0,3,1,3,470,6.154858094016418,1,1,2,0,1,0,328,5.796057750765372,1,1,1,3,6,8,1,3,14.0
7,537,6.2878585601617845,0,0,2,5,7,8,11,7,1,488,6.192362489474872,1,2,3,5,8,0,0.0,0,1,0,0,0,0,0,0.0,0,1,0,0,0,0,537,6.2878585601617845,0,0,2,5,7,482,6.180016653652572,1,1,2,2,6,2,3,1.3862943611198906,1,0,0,3,3,3,1,3,0.0
8,384,5.953243334287785,1,0,4,6,4,0,4,9,1,384,5.953243334287785,1,0,4,6,4,312,5.746203190540153,1,1,0,2,4,2,0,0.0,0,1,0,0,0,0,384,5.953243334287785,1,0,4,6,4,207,5.337538079701318,1,0,0,2,4,7,42,3.7612001156935624,1,1,0,2,0,2,3,3,135.0
6,2000,7.601402334583733,1,2,0,5,0,1,9,16,5,2000,7.601402334583733,1,2,0,5,0,1147,7.045776576879511,1,0,1,2,6,7,0,0.0,0,1,0,0,0,0,2000,7.601402334583733,1,2,0,5,0,756,6.6293632534374485,1,1,0,1,0,6,1134,7.034387929915503,1,1,0,4,0,4,1,3,41.0
4,650,6.478509642208569,1,2,0,6,0,15,13,13,5,650,6.478509642208569,1,2,0,6,0,341,5.834810737062605,1,0,2,1,5,1,0,0.0,0,1,0,0,0,0,650,6.478509642208569,1,2,0,6,0,340,5.831882477283517,1,1,1,0,4,0,153,5.0369526024136295,1,0,0,3,6,3,1,3,115.0
1,305,5.723585101952381,0,2,0,4,5,16,13,10,3,305,5.723585101952381,0,2,0,4,5,305,5.723585101952381,1,0,2,0,4,5,35,3.58351893845611,1,0,2,0,0,5,305,5.723585101952381,0,2,0,4,5,96,4.574710978503383,1,1,0,1,5,6,48,3.8918202981106265,1,1,0,3,6,8,1,7,151.0
7,302,5.713732805509369,1,2,2,1,2,17,3,5,0,302,5.713732805509369,1,2,2,1,2,16,2.833213344056216,1,1,1,1,2,6,0,0.0,0,1,0,0,0,0,302,5.713732805509369,1,2,2,1,2,244,5.501258210544727,1,1,1,4,6,4,28,3.367295829986474,1,1,1,3,0,8,2,3,6.0
4,397,5.986452005284438,0,1,2,5,7,12,10,14,1,397,5.986452005284438,0,1,2,5,7,104,4.653960350157523,1,1,2,4,6,4,0,0.0,0,1,0,0,0,0,397,5.986452005284438,0,1,2,5,7,263,5.575949103146316,1,0,2,3,4,3,38,3.6635616461296463,1,1,2,3,3,8,1,3,54.0
8,1058,6.9650803456014065,1,2,3,1,8,17,16,6,2,1058,6.9650803456014065,1,2,3,1,8,292,5.680172609017068,1,1,1,2,5,2,0,0.0,0,1,0,0,0,0,1058,6.9650803456014065,1,2,3,1,8,807,6.694562058521095,1,0,0,2,2,7,204,5.3230099791384085,1,1,0,4,1,4,1,3,45.0
3,357,5.8805329864007,0,0,2,0,7,3,6,17,5,357,5.8805329864007,0,0,2,0,7,80,4.394449154672439,1,1,2,0,3,0,0,0.0,0,1,0,0,0,0,357,5.8805329864007,0,0,2,0,7,183,5.214935757608986,1,0,0,3,1,3,100,4.61512051684126,1,1,1,0,2,0,1,3,18.0
5,310,5.739792912179234,1,1,0,2,0,8,4,4,2,310,5.739792912179234,1,1,0,2,0,221,5.402677381872279,1,0,2,1,4,1,0,0.0,0,1,0,0,0,0,310,5.739792912179234,1,1,0,2,0,83,4.430816798843313,1,0,2,3,6,3,224,5.41610040220442,1,1,2,4,0,4,1,3,0.0
5,1545,7.343426229147367,0,0,0,5,5,1,5,15,1,1545,7.343426229147367,0,0,0,5,5,1545,7.343426229147367,1,0,0,0,5,5,571,6.349138991379798,1,0,1,1,4,1,1545,7.343426229147367,0,0,0,5,5,64,4.174387269895637,1,1,1,4,1,4,468,6.150602768446279,1,1,0,3,6,8,1,6,887.0
0,1985,7.593877844605118,0,2,0,4,5,3,11,12,3,1169,7.064759027791802,0,2,4,0,9,0,0.0,0,1,0,0,0,0,0,0.0,0,1,0,0,0,0,1985,7.593877844605118,0,2,0,4,5,199,5.298317366548036,1,0,1,4,3,9,458,6.129050210060545,1,1,2,3,3,8,1,1,18.0
3,1374,7.226209010100671,1,0,4,2,4,8,0,7,0,1374,7.226209010100671,1,0,4,2,4,650,6.478509642208569,1,1,2,0,6,0,0,0.0,0,1,0,0,0,0,1374,7.226209010100671,1,0,4,2,4,633,6.452048954437226,1,0,0,3,3,3,577,6.359573868672378,1,0,1,2,3,7,1,3,79.0
2,1463,7.288927694521257,0,2,3,0,3,3,13,16,1,1463,7.288927694521257,0,2,3,0,3,55,4.02535169073515,1,0,1,0,6,5,0,0.0,0,1,0,0,0,0,1463,7.288927694521257,0,2,3,0,3,111,4.718498871295094,1,0,0,1,6,1,219,5.393627546352362,1,0,0,4,2,9,1,3,323.0
3,352,5.8664680569332965,1,1,2,2,2,11,7,10,5,352,5.8664680569332965,1,1,2,2,2,161,5.087596335232384,1,0,2,1,0,1,0,0.0,0,1,0,0,0,0,352,5.8664680569332965,1,1,2,2,2,242,5.493061443340548,1,1,2,2,4,2,56,4.04305126783455,1,1,2,1,0,6,1,3,53.0
4,1778,7.483806687665835,1,2,3,0,8,8,15,15,4,1778,7.483806687665835,1,2,3,0,8,286,5.659482215759621,1,1,1,1,6,6,0,0.0,0,1,0,0,0,0,1778,7.483806687665835,1,2,3,0,8,917,6.822197390620491,1,0,2,2,0,7,494,6.20455776256869,1,1,2,4,4,4,1,3,53.0
1,625,6.439350371100098,0,1,0,2,5,17,0,6,1,425,6.054439346269371,0,2,0,5,5,0,0.0,0,1,0,0,0,0,0,0.0,0,1,0,0,0,0,625,6.439350371100098,0,1,0,2,5,331,5.805134968916488,1,0,1,1,2,1,11,2.4849066497880004,1,0,2,1,4,1,1,1,24.0
1,1525,7.330405211844402,0,1,0,6,5,5,1,10,2,1525,7.330405211844402,0,1,0,6,5,384,5.953243334287785,1,1,0,4,6,4,0,0.0,0,1,0,0,0,0,1525,7.330405211844402,0,1,0,6,5,1071,6.977281341630747,1,0,0,1,0,1,416,6.0330862217988015,1,1,2,1,3,6,1,3,2.0
7,557,6.324358962381311,0,2,2,4,7,9,13,9,0,557,6.324358962381311,0,2,2,4,7,512,6.240275845170769,1,1,2,2,1,2,0,0.0,0,1,0,0,0,0,557,6.324358962381311,0,2,2,4,7,283,5.648974238161206,1,0,1,3,3,3,33,3.5263605246161616,1,0,0,3,5,3,1,3,240.0
8,1792,7.491645473605133,1,1,2,0,2,9,5,17,5,1792,7.491645473605133,1,1,2,0,2,977,6.885509670034818,1,0,2,2,4,7,0,0.0,0,1,0,0,0,0,1792,7.491645473605133,1,1,2,0,2,831,6.723832440821209,1,0,0,1,5,1,606,6.408528791059498,1,1,0,1,4,6,1,3,242.0
1,1520,7.327123292259293,1,2,0,1,0,11,7,5,3,1520,7.327123292259293,1,2,0,1,0,114,4.74493212836325,1,1,0,4,2,4,0,0.0,0,1,0,0,0,0,1520,7.327123292259293,1,2,0,1,0,1318,7.1846291527173145,1,1,1,3,2,8,104,4.653960350157523,1,1,2,4,6,4,2,3,36.0
0,1890,7.544861068658458,1,0,0,0,0,10,0,16,3,1890,7.544861068658458,1,0,0,0,0,1182,7.075808863978387,1,1,0,2,6,2,0,0.0,0,1,0,0,0,0,1890,7.544861068658458,1,0,0,0,0,993,6.901737206656574,1,0,0,3,6,3,264,5.579729825986222,1,1,0,4,5,4,3,3,517.0
7,552,6.315358001522335,1,0,2,6,2,10,4,9,4,552,6.315358001522335,1,0,2,6,2,485,6.186208623900494,1,0,2,0,2,5,0,0.0,0,1,0,0,0,0,552,6.315358001522335,1,0,2,6,2,35,3.58351893845611,1,0,2,0,0,5,453,6.118097198041348,1,0,0,3,5,3,1,3,32.0
2,1384,7.233455418621439,1,1,4,5,4,5,9,16,4,1384,7.233455418621439,1,1,4,5,4,219,5.393627546352362,1,0,0,4,2,9,0,0.0,0,1,0,0,0,0,1384,7.233455418621439,1,1,4,5,4,1158,7.055312843339752,1,1,0,3,3,8,188,5.241747015059643,1,1,2,3,6,8,1,3,23.0
7,1527,7.331714969726466,0,0,2,1,7,1,1,0,0,1527,7.331714969726466,0,0,2,1,7,243,5.497168225293202,1,0,0,3,5,3,0,0.0,0,1,0,0,0,0,1527,7.331714969726466,0,0,2,1,7,1282,7.1569563646156364,1,1,1,2,1,2,211,5.356586274672012,1,0,1,1,1,1,1,3,22.0
7,1227,7.113142108707088,0,0,2,2,7,9,1,7,5,1227,7.113142108707088,0,0,2,2,7,12,2.5649493574615367,1,1,0,2,5,2,0,0.0,0,1,0,0,0,0,1227,7.113142108707088,0,0,2,2,7,1203,7.093404625868766,1,0,0,3,6,3,9,2.302585092994046,1,0,0,4,2,9,3,3,6.0
1,1350,7.208600337960199,1,0,0,6,0,7,0,16,4,1350,7.208600337960199,1,0,0,6,0,635,6.455198563340122,1,0,2,0,5,5,0,0.0,0,1,0,0,0,0,1350,7.208600337960199,1,0,0,6,0,634,6.453624998892692,1,1,1,4,4,4,650,6.478509642208569,1,1,2,0,6,0,1,3,17.0
0,1239,7.122866658599083,0,0,4,0,9,11,17,14,0,1239,7.122866658599083,0,0,4,0,9,144,4.976733742420574,1,1,0,4,4,4,0,0.0,0,1,0,0,0,0,1239,7.122866658599083,0,0,4,0,9,1032,6.940222469119639,1,1,0,2,3,2,162,5.093750200806762,1,1,0,2,1,2,3,3,9.0
5,1131,7.0317412587631285,0,0,1,4,1,9,12,11,2,1131,7.0317412587631285,0,0,1,4,1,257,5.552959584921617,1,0,2,2,5,7,0,0.0,0,1,0,0,0,0,1131,7.0317412587631285,0,0,1,4,1,849,6.745236349484363,1,0,0,4,2,9,136,4.919980925828125,1,1,1,1,3,6,1,3,89.0
3,1840,7.518064181233078,1,1,0,6,0,1,5,10,3,746,6.616065185132817,1,2,1,4,6,0,0.0,0,1,0,0,0,0,0,0.0,0,1,0,0,0,0,1840,7.518064181233078,1,1,0,6,0,44,3.8066624897703196,1,1,2,4,2,4,201,5.308267697401205,1,0,0,1,5,1,1,1,100.0
4,1493,7.309212365692763,0,2,3,2,3,14,10,12,0,1493,7.309212365692763,0,2,3,2,3,679,6.522092798170152,1,0,1,4,0,9,0,0.0,0,1,0,0,0,0,1493,7.309212365692763,0,2,3,2,3,17,2.8903717578961645,1,0,2,2,3,7,887,6.78897174299217,1,0,2,2,5,7,1,3,127.0
2,702,6.555356891810665,1,0,2,2,2,5,4,13,4,702,6.555356891810665,1,0,2,2,2,261,5.568344503761097,1,0,0,1,2,1,0,0.0,0,1,0,0,0,0,702,6.555356891810665,1,0,2,2,2,430,6.066108090103747,1,1,1,0,3,0,265,5.583496308781699,1,0,1,0,6,5,1,3,1.0
1,1396,7.242082359256962,1,1,1,3,6,14,11,6,2,1396,7.242082359256962,1,1,1,3,6,1396,7.242082359256962,1,1,1,1,3,6,160,5.081404364984463,1,1,1,0,6,0,1396,7.242082359256962,1,1,1,3,6,296,5.6937321388027,1,1,2,1,2,6,62,4.143134726391533,1,1,2,2,6,2,2,6,844.0
0,1685,7.430114138561801,0,2,0,5,5,8,11,0,3,1685,7.430114138561801,0,2,0,5,5,422,6.0473721790462776,1,1,2,2,2,2,0,0.0,0,1,0,0,0,0,1685,7.430114138561801,0,2,0,5,5,1186,7.079184394609668,1,1,1,1,3,6,453,6.118097198041348,1,0,0,3,5,3,1,3,5.0
1,1739,7.461640392208575,0,2,4,3,9,9,4,8,5,1739,7.461640392208575,0,2,4,3,9,52,3.970291913552122,1,1,1,2,3,2,0,0.0,0,1,0,0,0,0,1739,7.461640392208575,0,2,4,3,9,1336,7.198183577101943,1,1,1,1,6,6,226,5.424950017481403,1,1,1,1,2,6,1,3,1.0
7,1945,7.57353126274595,0,1,0,6,5,10,10,13,2,1945,7.57353126274595,0,1,0,6,5,249,5.521460917862246,1,0,0,4,4,9,0,0.0,0,1,0,0,0,0,1945,7.57353126274595,0,1,0,6,5,1672,7.422373700986824,1,1,1,2,6,2,258,5.556828061699537,1,1,0,3,6,8,1,3,2.0
7,1573,7.3613754289773485,0,1,3,5,3,15,7,1,5,1414,7.254884810077338,1,1,4,0,4,0,0.0,0,1,0,0,0,0,0,0.0,0,1,0,0,0,0,1573,7.3613754289773485,0,1,3,5,3,889,6.7912214627261855,1,0,1,4,0,9,114,4.74493212836325,1,1,0,4,2,4,1,1,99.0
1,1073,6.97914527506881,0,2,3,2,3,6,14,13,0,1073,6.97914527506881,0,2,3,2,3,493,6.202535517187923,1,0,1,3,3,3,0,0.0,0,1,0,0,0,0,1073,6.97914527506881,0,2,3,2,3,459,6.131226489483141,1,0,0,4,4,9,507,6.230481447578482,1,0,0,2,3,7,1,3,31.0
8,829,6.721425700790643,0,1,4,3,9,4,2,7,5,829,6.721425700790643,0,1,4,3,9,254,5.541263545158426,1,1,2,4,2,4,0,0.0,0,1,0,0,0,0,829,6.721425700790643,0,1,4,3,9,594,6.38856140554563,1,1,0,4,6,4,114,4.74493212836325,1,1,0,4,2,4,1,3,87.0
5,1714,7.44716835960004,1,1,4,6,4,6,11,9,2,1714,7.44716835960004,1,1,4,6,4,1714,7.44716835960004,1,1,1,4,6,4,25,3.258096538021482,1,0,1,0,4,5,1714,7.44716835960004,1,1,4,6,4,491,6.198478716492308,1,0,2,1,1,1,218,5.389071729816501,1,1,2,3,1,8,1,6,842.0
8,1516,7.324489979348532,1,1,1,4,6,10,11,1,0,1516,7.324489979348532,1,1,1,4,6,61,4.127134385045092,1,0,1,1,5,1,0,0.0,0,1,0,0,0,0,1516,7.324489979348532,1,1,1,4,6,1452,7.2813856635702825,1,1,0,2,3,2,43,3.784189633918261,1,0,1,3,1,3,1,3,13.0
6,1829,7.512071245835466,0,2,4,2,9,11,7,16,5,1707,7.443078374348516,0,0,2,6,7,0,0.0,0,1,0,0,0,0,0,0.0,0,1,0,0,0,0,1829,7.512071245835466,0,2,4,2,9,1382,7.232010331664759,1,1,2,2,3,2,92,4.532599493153256,1,1,2,2,1,2,1,1,47.0
4,1679,7.426549072397305,0,2,4,6,9,14,6,0,0,1679,7.426549072397305,0,2,4,6,9,660,6.493753839851686,1,1,0,0,2,0,0,0.0,0,1,0,0,0,0,1679,7.426549072397305,0,2,4,6,9,1054,6.961296045910167,1,1,1,4,4,4,572,6.35088571671474,1,1,2,2,5,2,1,3,47.0
1,564,6.336825731146441,1,0,4,4,4,16,13,13,0,564,6.336825731146441,1,0,4,4,4,546,6.304448802421981,1,1,0,1,0,6,0,0.0,0,1,0,0,0,0,564,6.336825731146441,1,0,4,4,4,89,4.499809670330265,1,0,2,4,5,9,107,4.68213122712422,1,0,2,2,2,7,1,3,269.0
1,824,6.715383386334681,1,2,4,5,4,16,14,1,5,824,6.715383386334681,1,2,4,5,4,38,3.6635616461296463,1,1,2,3,3,8,0,0.0,0,1,0,0,0,0,824,6.715383386334681,1,2,4,5,4,356,5.877735781779639,1,1,2,1,6,6,199,5.298317366548036,1,0,1,4,3,9,1,3,36.0
4,672,6.511745329644728,1,0,2,0,2,9,0,16,1,672,6.511745329644728,1,0,2,0,2,369,5.91350300563827,1,0,0,4,5,9,0,0.0,0,1,0,0,0,0,672,6.511745329644728,1,0,2,0,2,283,5.648974238161206,1,0,1,3,3,3,367,5.908082938168931,1,0,1,2,3,7,1,3,8.0
1,970,6.878326468291325,1,1,0,4,0,4,17,9,5,970,6.878326468291325,1,1,0,4,0,820,6.710523109452428,1,1,1,0,1,0,0,0.0,0,1,0,0,0,0,970,6.878326468291325,1,1,0,4,0,80,4.394449154672439,1,1,2,0,3,0,852,6.748759547491679,1,1,0,2,5,2,2,3,2.0
3,1917,7.559038255443384,0,0,2,6,7,1,3,7,0,1917,7.559038255443384,0,0,2,6,7,326,5.7899601708972535,1,1,2,1,4,6,0,0.0,0,1,0,0,0,0,1917,7.559038255443384,0,0,2,6,7,1385,7.234177179749849,1,0,2,0,6,5,72,4.290459441148391,1,1,0,2,2,2,1,3,238.0
7,1687,7.431299675155903,0,1,2,0,7,9,8,10,5,1687,7.431299675155903,0,1,2,0,7,422,6.0473721790462776,1,1,2,2,2,2,0,0.0,0,1,0,0,0,0,1687,7.431299675155903,0,1,2,0,7,1352,7.210079628170788,1,1,2,2,1,2,110,4.709530201312334,1,1,2,0,5,0,1,3,179.0
6,1507,7.318539548567902,0,1,2,2,7,13,13,10,1,1507,7.318539548567902,0,1,2,2,7,24,3.2188758248682006,1,1,0,4,3,4,0,0.0,0,1,0,0,0,0,1507,7.318539548567902,0,1,2,2,7,1491,7.307872780763706,1,0,0,1,0,1,2,1.0986122886681098,1,1,2,2,2,2,1,4,12.0
2,1408,7.25063551189868,1,1,3,1,8,12,10,12,3,1408,7.25063551189868,1,1,3,1,8,487,6.1903154058531475,1,0,1,2,4,7,0,0.0,0,1,0,0,0,0,1408,7.25063551189868,1,1,3,1,8,721,6.582025138892826,1,0,1,1,0,1,317,5.762051382780177,1,0,2,2,2,7,1,3,180.0
3,678,6.520621127558696,1,0,3,6,8,17,2,7,4,678,6.520621127558696,1,0,3,6,8,3,1.3862943611198906,1,0,0,3,3,3,0,0.0,0,1,0,0,0,0,678,6.520621127558696,1,0,3,6,8,648,6.47543271670409,1,1,0,3,4,8,15,2.772588722239781,1,0,0,0,1,5,3,8,1.0
6,1822,7.508238774678663,1,1,2,2,2,1,6,9,3,1822,7.508238774678663,1,1,2,2,2,521,6.257667587882639,1,0,2,1,3,1,0,0.0,0,1,0,0,0,0,1822,7.508238774678663,1,1,2,2,2,1061,6.967909201801884,1,0,2,1,4,1,68,4.23410650459726,1,1,2,3,5,8,1,3,382.0
3,1902,7.551186867296149,1,0,2,5,2,17,14,4,3,1902,7.551186867296149,1,0,2,5,2,64,4.174387269895637,1,1,1,4,1,4,0,0.0,0,1,0,0,0,0,1902,7.551186867296149,1,0,2,5,2,1847,7.521859252201629,1,0,2,2,6,7,28,3.367295829986474,1,1,1,3,0,8,1,3,21.0
8,864,6.762729506931879,1,0,4,3,4,14,6,3,4,853,6.74993119378857,0,1,3,6,3,0,0.0,0,1,0,0,0,0,0,0.0,0,1,0,0,0,0,864,6.762729506931879,1,0,4,3,4,65,4.189654742026425,1,0,2,0,2,5,217,5.384495062789089,1,0,1,2,0,7,1,1,118.0
1,559,6.327936783729195,0,1,4,6,9,14,3,5,0,559,6.327936783729195,0,1,4,6,9,101,4.624972813284271,1,0,2,1,3,1,0,0.0,0,1,0,0,0,0,559,6.327936783729195,0,1,4,6,9,431,6.068425588244111,1,0,2,1,4,1,2,1.0986122886681098,1,1,2,2,2,2,1,3,75.0
5,502,6.220590170099739,1,1,2,5,2,5,14,17,0,502,6.220590170099739,1,1,2,5,2,5,1.791759469228055,1,0,2,0,5,5,0,0.0,0,1,0,0,0,0,502,6.220590170099739,1,1,2,5,2,373,5.924255797414532,1,0,1,3,2,3,52,3.970291913552122,1,1,1,2,3,2,1,3,10.0
3,478,6.171700597410915,1,1,3,2,8,13,4,13,1,478,6.171700597410915,1,1,3,2,8,352,5.8664680569332965,1,1,1,2,2,2,0,0.0,0,1,0,0,0,0,478,6.171700597410915,1,1,3,2,8,129,4.867534450455582,1,0,0,4,3,9,346,5.849324779946859,1,1,1,1,3,6,1,3,3.0
3,1086,6.99117688712121,1,0,1,1,6,8,10,13,2,1086,6.99117688712121,1,0,1,1,6,1028,6.9363427358340495,1,1,2,3,6,8,0,0.0,0,1,0,0,0,0,1086,6.99117688712121,1,0,1,1,6,377,5.934894195619588,1,0,2,2,6,7,231,5.44673737166631,1,0,0,1,0,1,1,3,425.0
5,1611,7.385230923066573,0,0,1,1,1,14,3,10,4,1611,7.385230923066573,0,0,1,1,1,207,5.337538079701318,1,0,0,2,4,7,0,0.0,0,1,0,0,0,0,1611,7.385230923066573,0,0,1,1,1,1419,7.258412150595307,1,0,0,4,5,9,66,4.204692619390966,1,1,0,1,3,6,3,3,89.0
4,726,6.588926477533519,1,0,1,5,6,8,2,7,3,726,6.588926477533519,1,0,1,5,6,568,6.343880434126331,1,1,1,3,1,8,0,0.0,0,1,0,0,0,0,726,6.588926477533519,1,0,1,5,6,302,5.713732805509369,1,1,2,2,1,2,235,5.4638318050256105,1,0,1,0,4,5,1,3,174.0
4,1785,7.487733761436444,0,0,0,0,5,3,4,4,4,1785,7.487733761436444,0,0,0,0,5,1595,7.3752557780097545,1,0,2,0,6,5,0,0.0,0,1,0,0,0,0,1785,7.487733761436444,0,0,0,0,5,143,4.969813299576001,1,0,2,3,3,3,507,6.230481447578482,1,0,0,2,3,7,1,3,741.0
0,1766,7.4770384723196965,1,2,1,2,6,9,15,1,1,1766,7.4770384723196965,1,2,1,2,6,1265,7.143617602704121,1,0,2,0,5,5,0,0.0,0,1,0,0,0,0,1766,7.4770384723196965,1,2,1,2,6,429,6.063785208687608,1,0,0,4,2,9,1295,7.16703787691222,1,0,2,0,0,5,1,3,4.0
3,353,5.869296913133774,0,2,3,3,3,11,16,11,5,353,5.869296913133774,0,2,3,3,3,4,1.6094379124341003,1,1,1,4,4,4,0,0.0,0,1,0,0,0,0,353,5.869296913133774,0,2,3,3,3,301,5.71042701737487,1,0,1,1,0,1,16,2.833213344056216,1,1,1,1,2,6,1,4,8.0
1,1030,6.93828448401696,1,1,0,1,0,6,15,0,4,1030,6.93828448401696,1,1,0,1,0,505,6.226536669287466,1,0,1,0,1,5,0,0.0,0,1,0,0,0,0,1030,6.93828448401696,1,1,0,1,0,158,5.0689042022202315,1,1,2,3,4,8,459,6.131226489483141,1,0,0,4,4,9,1,3,153.0
6,1506,7.317876198626496,1,0,1,1,6,14,0,14,1,1506,7.317876198626496,1,0,1,1,6,9,2.302585092994046,1,0,0,4,2,9,0,0.0,0,1,0,0,0,0,1506,7.317876198626496,1,0,1,1,6,1446,7.277247726631484,1,1,0,1,4,6,15,2.772588722239781,1,0,0,0,1,5,3,3,13.0
3,996,6.904750769961838,1,0,1,2,6,10,0,16,3,996,6.904750769961838,1,0,1,2,6,958,6.8658910748834385,1,1,1,3,6,8,0,0.0,0,1,0,0,0,0,996,6.904750769961838,1,0,1,2,6,353,5.869296913133774,1,0,2,3,3,3,82,4.418840607796598,1,1,1,2,5,2,1,3,479.0
4,1886,7.54274354536855,1,2,1,3,6,16,1,10,3,1305,7.174724309836376,0,0,0,3,5,0,0.0,0,1,0,0,0,0,0,0.0,0,1,0,0,0,0,1886,7.54274354536855,1,2,1,3,6,666,6.502790045915623,1,1,0,1,1,6,207,5.337538079701318,1,0,0,2,4,7,1,1,75.0
3,1896,7.5480289699350145,1,0,1,6,6,7,15,10,5,1896,7.5480289699350145,1,0,1,6,6,82,4.418840607796598,1,1,1,2,5,2,0,0.0,0,1,0,0,0,0,1896,7.5480289699350145,1,0,1,6,6,1840,7.518064181233078,1,1,1,0,6,0,15,2.772588722239781,1,0,0,0,1,5,1,3,36.0
8,1054,6.961296045910167,1,1,4,4,4,12,10,7,4,535,6.284134161070802,0,1,0,3,5,0,0.0,0,1,0,0,0,0,0,0.0,0,1,0,0,0,0,1054,6.961296045910167,1,1,4,4,4,19,2.995732273553991,1,0,1,4,5,9,249,5.521460917862246,1,0,0,4,4,9,1,1,6.0
2,1768,7.478169694159785,1,1,3,4,8,11,0,15,1,1768,7.478169694159785,1,1,3,4,8,57,4.060443010546419,1,0,0,2,1,7,0,0.0,0,1,0,0,0,0,1768,7.478169694159785,1,1,3,4,8,1568,7.358193752733032,1,1,2,3,0,8,79,4.382026634673881,1,0,1,4,2,9,1,3,33.0
6,1766,7.4770384723196965,1,2,1,2,6,4,12,12,1,1766,7.4770384723196965,1,2,1,2,6,365,5.902633333401366,1,0,2,0,1,5,0,0.0,0,1,0,0,0,0,1766,7.4770384723196965,1,2,1,2,6,1434,7.268920128193722,1,1,0,4,6,4,296,5.6937321388027,1,1,2,1,2,6,1,3,35.0
2,916,6.821107472256465,1,1,1,6,6,16,4,8,3,916,6.821107472256465,1,1,1,6,6,916,6.821107472256465,1,1,1,1,6,6,63,4.1588830833596715,1,0,0,3,0,3,916,6.821107472256465,1,1,1,6,6,211,5.356586274672012,1,0,1,1,1,1,35,3.58351893845611,1,0,2,0,0,5,1,6,538.0
7,1954,7.578145472419466,1,1,4,1,4,0,11,13,4,1954,7.578145472419466,1,1,4,1,4,421,6.045005314036012,1,0,1,1,1,1,0,0.0,0,1,0,0,0,0,1954,7.578145472419466,1,1,4,1,4,1604,7.380879035564116,1,1,2,4,1,4,171,5.147494476813453,1,0,0,1,3,1,1,3,143.0
1,1701,7.43955930913332,0,0,1,0,1,0,7,3,4,1701,7.43955930913332,0,0,1,0,1,1202,7.0925737159746784,1,1,2,2,5,2,0,0.0,0,1,0,0,0,0,1701,7.43955930913332,0,0,1,0,1,274,5.616771097666572,1,1,1,4,1,4,1130,7.030857476116121,1,1,2,0,3,0,1,3,123.0
1,1419,7.258412150595307,0,0,4,5,9,9,17,14,3,1419,7.258412150595307,0,0,4,5,9,521,6.257667587882639,1,0,2,1,3,1,0,0.0,0,1,0,0,0,0,1419,7.258412150595307,0,0,4,5,9,1106,7.009408932708637,1,1,2,1,0,6,87,4.477336814478207,1,0,0,2,3,7,1,3,220.0
7,663,6.498282149476434,0,0,3,5,3,8,16,9,5,663,6.498282149476434,0,0,3,5,3,310,5.739792912179234,1,1,1,0,2,0,0,0.0,0,1,0,0,0,0,663,6.498282149476434,0,0,3,5,3,53,3.9889840465642745,1,0,2,3,4,3,397,5.986452005284438,1,0,1,2,5,7,1,3,42.0
7,1951,7.5766097669730375,0,1,1,5,1,6,9,11,4,1951,7.5766097669730375,0,1,1,5,1,1293,7.165493475060845,1,0,0,3,5,3,0,0.0,0,1,0,0,0,0,1951,7.5766097669730375,0,1,1,5,1,1086,6.99117688712121,1,1,0,1,1,6,314,5.752572638825633,1,1,2,4,6,4,1,3,510.0
2,1930,7.565793282428515,1,1,0,5,0,6,10,2,5,1929,7.5652752818989315,0,0,4,4,9,0,0.0,0,1,0,0,0,0,0,0.0,0,1,0,0,0,0,1930,7.565793282428515,1,1,0,5,0,1880,7.53955882930103,1,1,2,0,4,0,8,2.1972245773362196,1,1,2,3,1,8,1,2,11.0
0,773,6.651571873589727,0,2,3,3,3,8,2,0,0,773,6.651571873589727,0,2,3,3,3,172,5.153291594497779,1,1,1,2,4,2,0,0.0,0,1,0,0,0,0,773,6.651571873589727,0,2,3,3,3,583,6.369900982828227,1,0,1,3,2,3,163,5.099866427824199,1,0,1,3,2,3,1,3,12.0
0,657,6.489204931325317,0,0,2,6,7,1,16,6,5,657,6.489204931325317,0,0,2,6,7,206,5.332718793265369,1,1,2,1,3,6,0,0.0,0,1,0,0,0,0,657,6.489204931325317,0,0,2,6,7,480,6.175867270105761,1,1,0,0,4,0,148,5.003946305945459,1,1,1,3,1,8,1,3,29.0
3,1862,7.529943370601589,1,2,2,0,2,5,3,9,1,1862,7.529943370601589,1,2,2,0,2,243,5.497168225293202,1,0,0,3,5,3,0,0.0,0,1,0,0,0,0,1862,7.529943370601589,1,2,2,0,2,1583,7.367708572374371,1,0,2,3,1,3,186,5.231108616854587,1,1,0,1,4,6,1,3,50.0
4,1617,7.388946097618437,0,0,2,0,7,0,12,15,5,1617,7.388946097618437,0,0,2,0,7,543,6.298949246855942,1,0,0,3,4,3,0,0.0,0,1,0,0,0,0,1617,7.388946097618437,0,0,2,0,7,223,5.4116460518550396,1,0,1,3,6,3,253,5.537334267018537,1,0,1,3,1,3,1,3,477.0
1,1175,7.069874128458572,0,2,0,6,5,16,3,6,2,1175,7.069874128458572,0,2,0,6,5,150,5.017279836814924,1,1,0,0,3,0,0,0.0,0,1,0,0,0,0,1175,7.069874128458572,0,2,0,6,5,475,6.16541785423142,1,0,1,0,6,5,404,6.003887067106539,1,1,2,4,5,4,1,3,14.0
0,1616,7.388327859577107,1,2,1,6,6,17,5,16,0,1616,7.388327859577107,1,2,1,6,6,167,5.123963979403259,1,0,2,2,6,7,0,0.0,0,1,0,0,0,0,1616,7.388327859577107,1,2,1,6,6,1285,7.1592919047975645,1,0,1,0,4,5,138,4.9344739331306915,1,1,0,3,5,8,1,3,74.0
4,1881,7.540090320145325,0,0,1,5,1,14,2,3,3,1881,7.540090320145325,0,0,1,5,1,685,6.530877627725885,1,0,1,0,6,5,0,0.0,0,1,0,0,0,0,1881,7.540090320145325,0,0,1,5,1,803,6.6895992691789665,1,0,2,3,5,3,847,6.742880635791903,1,0,1,2,0,7,1,3,23.0
0,1672,7.422373700986824,1,1,2,6,2,14,5,8,3,1672,7.422373700986824,1,1,2,6,2,765,6.641182169740591,1,0,0,0,2,5,0,0.0,0,1,0,0,0,0,1672,7.422373700986824,1,1,2,6,2,321,5.7745515455444085,1,0,0,1,6,1,788,6.670766320845874,1,1,2,3,4,8,1,3,180.0
7,886,6.787844982309579,1,1,1,4,6,16,8,6,0,886,6.787844982309579,1,1,1,4,6,115,4.7535901911063645,1,0,1,0,3,5,0,0.0,0,1,0,0,0,0,886,6.787844982309579,1,1,1,4,6,790,6.673297967767654,1,1,1,0,6,0,50,3.9318256327243257,1,1,2,0,1,0,1,3,37.0
0,1161,7.057897937411856,0,0,1,6,1,13,16,0,2,1118,7.020190708311925,1,2,3,5,8,0,0.0,0,1,0,0,0,0,0,0.0,0,1,0,0,0,0,1161,7.057897937411856,0,0,1,6,1,736,6.602587892189336,1,1,1,1,1,6,167,5.123963979403259,1,0,2,2,6,7,1,1,16.0
1,573,6.352629396319567,0,0,3,6,3,9,0,10,2,573,6.352629396319567,0,0,3,6,3,573,6.352629396319567,1,0,0,3,6,3,21,3.091042453358316,1,0,0,1,0,1,573,6.352629396319567,0,0,3,6,3,36,3.6109179126442243,1,1,0,1,1,6,441,6.091309882077698,1,0,0,1,0,1,3,7,83.0
5,439,6.0867747269123065,0,1,4,5,9,16,9,6,1,439,6.0867747269123065,0,1,4,5,9,266,5.58724865840025,1,1,2,1,0,6,0,0.0,0,1,0,0,0,0,439,6.0867747269123065,0,1,4,5,9,200,5.303304908059076,1,1,2,0,4,0,188,5.241747015059643,1,1,2,3,6,8,1,3,43.0
3,719,6.579251212010101,0,2,4,5,9,6,3,10,0,719,6.579251212010101,0,2,4,5,9,577,6.359573868672378,1,0,1,2,3,7,0,0.0,0,1,0,0,0,0,719,6.579251212010101,0,2,4,5,9,14,2.70805020110221,1,1,2,4,0,4,587,6.376726947898627,1,0,2,2,6,7,1,3,36.0
8,1658,7.413970290190444,1,2,3,6,8,17,8,3,1,1658,7.413970290190444,1,2,3,6,8,272,5.60947179518496,1,1,2,2,6,2,0,0.0,0,1,0,0,0,0,1658,7.413970290190444,1,2,3,6,8,1254,7.134890851565884,1,1,0,4,1,4,266,5.58724865840025,1,1,2,1,0,6,2,3,48.0
8,837,6.731018100482083,0,0,2,4,7,11,14,11,4,837,6.731018100482083,0,0,2,4,7,837,6.731018100482083,1,0,0,2,4,7,196,5.2832037287379885,1,1,1,1,0,6,837,6.731018100482083,0,0,2,4,7,7,2.0794415416798357,1,0,1,2,0,7,165,5.111987788356544,1,0,0,0,4,5,1,7,511.0
8,1456,7.284134806195205,1,1,1,0,6,14,16,10,1,1456,7.284134806195205,1,1,1,0,6,180,5.198497031265826,1,1,0,0,5,0,0,0.0,0,1,0,0,0,0,1456,7.284134806195205,1,1,1,0,6,1274,7.150701457592526,1,1,2,4,0,4,148,5.003946305945459,1,1,1,3,1,8,2,3,22.0
4,425,6.054439346269371,0,2,0,5,5,7,5,4,3,425,6.054439346269371,0,2,0,5,5,250,5.5254529391317835,1,1,1,0,5,0,0,0.0,0,1,0,0,0,0,425,6.054439346269371,0,2,0,5,5,172,5.153291594497779,1,1,1,2,4,2,217,5.384495062789089,1,0,1,2,0,7,1,3,23.0
4,1063,6.96979066990159,0,1,3,6,3,4,6,3,2,1063,6.96979066990159,0,1,3,6,3,84,4.442651256490317,1,1,0,4,0,4,0,0.0,0,1,0,0,0,0,1063,6.96979066990159,0,1,3,6,3,956,6.863803391452954,1,1,2,1,4,6,43,3.784189633918261,1,0,1,3,1,3,1,3,35.0
6,1645,7.406103381237015,0,1,0,0,5,2,13,15,2,1300,7.170888478512505,1,1,0,5,0,0,0.0,0,1,0,0,0,0,0,0.0,0,1,0,0,0,0,1645,7.406103381237015,0,1,0,0,5,440,6.089044875446846,1,1,2,0,6,0,43,3.784189633918261,1,0,1,3,1,3,1,1,258.0
6,592,6.385194398997726,1,1,2,4,2,14,8,1,1,592,6.385194398997726,1,1,2,4,2,196,5.2832037287379885,1,1,1,1,0,6,0,0.0,0,1,0,0,0,0,592,6.385194398997726,1,1,2,4,2,478,6.171700597410915,1,1,1,3,2,8,11,2.4849066497880004,1,0,2,1,4,1,1,3,96.0
2,1070,6.976348070447749,1,2,0,6,0,7,8,10,1,1070,6.976348070447749,1,2,0,6,0,10,2.3978952727983707,1,1,1,0,3,0,0,0.0,0,1,0,0,0,0,1070,6.976348070447749,1,2,0,6,0,1060,6.966967138613983,1,1,1,0,3,0,1,0.6931471805599453,1,0,1,1,1,1,1,12,6.0
4,1267,7.145196134997171,0,1,2,0,7,4,1,15,2,1267,7.145196134997171,0,1,2,0,7,381,5.945420608606575,1,0,0,1,3,1,0,0.0,0,1,0,0,0,0,1267,7.145196134997171,0,1,2,0,7,562,6.333279628139691,1,1,1,2,2,2,378,5.937536205082426,1,1,0,3,0,8,1,3,110.0
0,713,6.570882962339584,0,2,3,6,3,14,9,7,1,713,6.570882962339584,0,2,3,6,3,84,4.442651256490317,1,1,0,4,0,4,0,0.0,0,1,0,0,0,0,713,6.570882962339584,0,2,3,6,3,616,6.424869023905388,1,1,1,1,0,6,44,3.8066624897703196,1,1,2,4,2,4,1,4,31.0
1,1117,7.0192966537150445,0,1,2,4,7,2,13,14,4,1117,7.0192966537150445,0,1,2,4,7,895,6.79794041297493,1,0,1,0,6,5,0,0.0,0,1,0,0,0,0,1117,7.0192966537150445,0,1,2,4,7,154,5.043425116919247,1,1,1,4,0,4,863,6.761572768804055,1,0,2,3,2,3,1,3,44.0
0,748,6.618738983517219,1,1,3,6,8,6,15,15,1,748,6.618738983517219,1,1,3,6,8,713,6.570882962339584,1,0,2,3,6,3,0,0.0,0,1,0,0,0,0,748,6.618738983517219,1,1,3,6,8,147,4.997212273764115,1,0,0,2,0,7,366,5.905361848054571,1,1,0,1,2,6,1,3,194.0
5,693,6.542471960506805,0,0,3,0,3,8,5,8,5,693,6.542471960506805,0,0,3,0,3,216,5.37989735354046,1,1,0,1,6,6,0,0.0,0,1,0,0,0,0,693,6.542471960506805,0,0,3,0,3,100,4.61512051684126,1,1,1,0,2,0,364,5.8998973535824915,1,1,1,4,0,4,1,3,27.0
6,477,6.169610732491456,0,0,2,1,7,2,17,10,4,477,6.169610732491456,0,0,2,1,7,477,6.169610732491456,1,0,0,2,1,7,36,3.6109179126442243,1,1,0,1,1,6,477,6.169610732491456,0,0,2,1,7,74,4.31748811353631,1,1,2,4,4,4,254,5.541263545158426,1,1,2,4,2,4,1,6,136.0
5,822,6.71295620067707,1,0,2,3,2,13,6,8,1,822,6.71295620067707,1,0,2,3,2,557,6.324358962381311,1,0,2,2,4,7,0,0.0,0,1,0,0,0,0,822,6.71295620067707,1,0,2,3,2,136,4.919980925828125,1,1,1,1,3,6,497,6.210600077024653,1,0,2,2,0,7,1,3,83.0
3,1297,7.168579897264035,0,1,2,2,7,5,4,12,2,1297,7.168579897264035,0,1,2,2,7,122,4.812184355372417,1,1,2,2,3,2,0,0.0,0,1,0,0,0,0,1297,7.168579897264035,0,1,2,2,7,1147,7.045776576879511,1,0,1,2,6,7,58,4.07753744390572,1,1,1,3,2,8,1,3,52.0
1,834,6.727431724850855,1,0,4,1,4,5,2,4,0,834,6.727431724850855,1,0,4,1,4,834,6.727431724850855,1,1,0,4,1,4,344,5.84354441703136,1,1,2,4,1,4,834,6.727431724850855,1,0,4,1,4,186,5.231108616854587,1,1,0,1,4,6,109,4.700480365792417,1,0,1,4,4,9,1,6,536.0
1,1567,7.357556200910353,0,1,2,6,7,11,3,17,5,1567,7.357556200910353,0,1,2,6,7,618,6.428105272684596,1,1,0,3,2,8,0,0.0,0,1,0,0,0,0,1567,7.357556200910353,0,1,2,6,7,1025,6.933423025730715,1,0,2,0,3,5,22,3.1354942159291497,1,1,1,2,1,2,1,3,372.0
6,1072,6.9782137426306985,1,1,2,1,2,3,15,12,2,1072,6.9782137426306985,1,1,2,1,2,442,6.093569770045136,1,1,1,2,1,2,0,0.0,0,1,0,0,0,0,1072,6.9782137426306985,1,1,2,1,2,571,6.349138991379798,1,0,1,1,4,1,290,5.673323267171493,1,1,2,0,3,0,1,3,121.0
3,1687,7.431299675155903,0,1,2,0,7,3,15,13,5,1687,7.431299675155903,0,1,2,0,7,787,6.669498089857879,1,0,1,2,3,7,0,0.0,0,1,0,0,0,0,1687,7.431299675155903,0,1,2,0,7,943,6.8501261661455,1,0,1,3,5,3,686,6.532334292222349,1,1,2,1,0,6,1,3,53.0
8,822,6.71295620067707,1,0,2,3,2,1,14,14,4,822,6.71295620067707,1,0,2,3,2,70,4.2626798770413155,1,1,1,0,0,0,0,0.0,0,1,0,0,0,0,822,6.71295620067707,1,0,2,3,2,697,6.548219102762372,1,0,1,2,4,7,90,4.51085950651685,1,1,0,0,6,0,1,3,5.0
0,1385,7.234177179749849,0,2,0,6,5,12,9,13,2,1385,7.234177179749849,0,2,0,6,5,446,6.102558594613569,1,1,2,1,5,6,0,0.0,0,1,0,0,0,0,1385,7.234177179749849,0,2,0,6,5,964,6.872128101338986,1,1,1,4,5,4,363,5.8971538676367405,1,0,0,3,6,3,1,3,47.0
8,1598,7.377133712833954,1,2,3,2,8,3,4,5,3,1598,7.377133712833954,1,2,3,2,8,1334,7.19668657083435,1,1,2,4,4,4,0,0.0,0,1,0,0,0,0,1598,7.377133712833954,1,2,3,2,8,671,6.51025834052315,1,0,2,1,6,1,487,6.1903154058531475,1,0,1,2,4,7,1,3,429.0
7,712,6.569481420414296,1,1,2,5,2,6,10,8,5,712,6.569481420414296,1,1,2,5,2,280,5.638354669333745,1,1,1,0,0,0,0,0.0,0,1,0,0,0,0,712,6.569481420414296,1,1,2,5,2,484,6.184148890937483,1,1,1,4,1,4,74,4.31748811353631,1,1,2,4,4,4,2,3,120.0
0,1717,7.4489161025442,0,1,2,2,7,8,2,13,2,1717,7.4489161025442,0,1,2,2,7,646,6.472346294500901,1,1,1,1,2,6,0,0.0,0,1,0,0,0,0,1717,7.4489161025442,0,1,2,2,7,395,5.981414211254481,1,0,2,0,3,5,843,6.738152494595957,1,0,0,3,3,3,1,3,94.0
5,586,6.375024819828097,1,1,1,5,6,6,0,13,5,586,6.375024819828097,1,1,1,5,6,68,4.23410650459726,1,1,2,3,5,8,0,0.0,0,1,0,0,0,0,586,6.375024819828097,1,1,1,5,6,509,6.234410725718371,1,0,2,4,5,9,71,4.276666119016055,1,0,2,1,1,1,1,3,1.0
6,1024,6.932447891572509,1,1,4,2,4,2,14,11,1,1024,6.932447891572509,1,1,4,2,4,139,4.941642422609304,1,0,1,4,6,9,0,0.0,0,1,0,0,0,0,1024,6.932447891572509,1,1,4,2,4,924,6.829793737512425,1,1,0,4,0,4,10,2.3978952727983707,1,1,1,0,3,0,1,3,73.0
4,694,6.543911845564792,1,1,4,1,4,2,1,16,5,694,6.543911845564792,1,1,4,1,4,388,5.963579343618446,1,1,1,3,3,8,0,0.0,0,1,0,0,0,0,694,6.543911845564792,1,1,4,1,4,476,6.1675164908883415,1,1,2,1,0,6,27,3.332204510175204,1,0,0,2,6,7,1,3,184.0
8,1977,7.589841512182657,0,0,2,3,7,16,2,16,1,1977,7.589841512182657,0,0,2,3,7,1115,7.017506142941256,1,0,2,0,2,5,0,0.0,0,1,0,0,0,0,1977,7.589841512182657,0,0,2,3,7,406,6.008813185442595,1,1,1,1,0,6,1310,7.1785454837637,1,1,2,0,1,0,1,3,22.0
7,1038,6.946013991099227,1,0,3,2,8,15,13,14,3,1038,6.946013991099227,1,0,3,2,8,193,5.267858159063328,1,0,1,3,4,3,0,0.0,0,1,0,0,0,0,1038,6.946013991099227,1,0,3,2,8,765,6.641182169740591,1,0,0,0,2,5,161,5.087596335232384,1,0,2,1,0,1,1,3,48.0
1,891,6.79346613258001,0,0,1,2,1,6,6,15,0,891,6.79346613258001,0,0,1,2,1,891,6.79346613258001,1,0,0,1,2,1,362,5.8944028342648505,1,1,2,2,5,2,891,6.79346613258001,0,0,1,2,1,120,4.795790545596741,1,1,0,0,1,0,37,3.6375861597263857,1,0,1,2,2,7,1,6,650.0
7,1065,6.97166860472579,0,0,0,1,5,7,4,1,3,829,6.721425700790643,0,1,4,3,9,0,0.0,0,1,0,0,0,0,0,0.0,0,1,0,0,0,0,1065,6.97166860472579,0,0,0,1,5,301,5.71042701737487,1,0,1,1,0,1,213,5.365976015021851,1,0,0,3,3,3,1,3,34.0
7,353,5.869296913133774,0,2,3,3,3,9,9,14,0,353,5.869296913133774,0,2,3,3,3,353,5.869296913133774,1,0,2,3,3,3,147,4.997212273764115,1,0,0,2,0,7,353,5.869296913133774,0,2,3,3,3,95,4.564348191467836,1,0,2,0,4,5,13,2.6390573296152584,1,0,1,3,6,3,1,6,244.0
6,1478,7.2991214627108,1,2,3,1,8,16,1,12,2,1478,7.2991214627108,1,2,3,1,8,490,6.19644412779452,1,1,1,0,0,0,0,0.0,0,1,0,0,0,0,1478,7.2991214627108,1,2,3,1,8,857,6.754604099487962,1,0,2,2,3,7,437,6.082218910376446,1,0,2,2,3,7,1,3,79.0
3,1977,7.589841512182657,0,0,2,3,7,6,8,14,2,1977,7.589841512182657,0,0,2,3,7,1417,7.257002707092073,1,0,1,2,3,7,0,0.0,0,1,0,0,0,0,1977,7.589841512182657,0,0,2,3,7,312,5.746203190540153,1,1,0,2,4,2,380,5.942799375126701,1,1,2,0,2,0,1,3,774.0
3,1787,7.488852955733459,0,2,2,2,7,9,17,5,1,1787,7.488852955733459,0,2,2,2,7,375,5.929589143389895,1,0,0,0,4,5,0,0.0,0,1,0,0,0,0,1787,7.488852955733459,0,2,2,2,7,526,6.267200548541362,1,1,1,1,1,6,512,6.240275845170769,1,1,2,2,1,2,1,3,204.0
5,393,5.976350909297934,0,0,3,1,3,14,5,3,5,393,5.976350909297934,0,0,3,1,3,300,5.707110264748875,1,1,0,0,6,0,0,0.0,0,1,0,0,0,0,393,5.976350909297934,0,0,3,1,3,132,4.890349128221754,1,1,0,2,6,2,138,4.9344739331306915,1,1,0,3,5,8,3,3,95.0
7,1692,7.4342573821331355,1,0,2,5,2,2,14,17,1,748,6.618738983517219,1,1,3,6,8,0,0.0,0,1,0,0,0,0,0,0.0,0,1,0,0,0,0,1692,7.4342573821331355,1,0,2,5,2,372,5.921578419643816,1,1,0,2,1,2,104,4.653960350157523,1,1,2,4,6,4,4,1,56.0
1,1119,7.02108396428914,0,0,4,6,9,13,13,13,4,589,6.380122536899765,0,1,4,1,9,0,0.0,0,1,0,0,0,0,0,0.0,0,1,0,0,0,0,1119,7.02108396428914,0,0,4,6,9,71,4.276666119016055,1,0,2,1,1,1,13,2.6390573296152584,1,0,1,3,6,3,1,1,164.0
1,943,6.8501261661455,0,1,3,5,3,6,15,10,1,943,6.8501261661455,0,1,3,5,3,761,6.635946555686647,1,0,2,1,5,1,0,0.0,0,1,0,0,0,0,943,6.8501261661455,0,1,3,5,3,431,6.068425588244111,1,0,2,1,4,1,215,5.375278407684165,1,0,2,0,5,5,1,3,281.0
2,764,6.639875833826536,1,2,4,1,4,11,5,7,0,760,6.634633357861686,1,1,0,4,0,0,0.0,0,1,0,0,0,0,0,0.0,0,1,0,0,0,0,764,6.639875833826536,1,2,4,1,4,536,6.285998094508865,1,1,2,1,4,6,94,4.553876891600541,1,1,1,4,3,4,2,1,12.0
7,797,6.682108597449809,0,2,2,6,7,5,17,13,4,797,6.682108597449809,0,2,2,6,7,513,6.2422232654551655,1,0,0,3,2,3,0,0.0,0,1,0,0,0,0,797,6.682108597449809,0,2,2,6,7,413,6.025865973825314,1,0,2,3,0,3,141,4.955827057601261,1,0,0,1,1,1,1,3,205.0
6,955,6.862757913051401,0,1,0,3,5,10,8,12,4,955,6.862757913051401,0,1,0,3,5,351,5.863631175598097,1,0,0,1,1,1,0,0.0,0,1,0,0,0,0,955,6.862757913051401,0,1,0,3,5,571,6.349138991379798,1,0,1,1,4,1,366,5.905361848054571,1,1,0,1,2,6,1,3,1.0
5,1182,7.075808863978387,1,0,2,6,2,1,8,3,4,1182,7.075808863978387,1,0,2,6,2,517,6.249975242259483,1,0,1,2,6,7,0,0.0,0,1,0,0,0,0,1182,7.075808863978387,1,0,2,6,2,600,6.398594934535208,1,1,0,0,5,0,350,5.860786223465865,1,1,2,0,0,0,1,3,133.0
2,1856,7.526717561352706,1,2,1,1,6,12,5,16,3,1856,7.526717561352706,1,2,1,1,6,172,5.153291594497779,1,1,1,2,4,2,0,0.0,0,1,0,0,0,0,1856,7.526717561352706,1,2,1,1,6,1659,7.414572881350589,1,0,0,4,0,9,180,5.198497031265826,1,1,0,0,5,0,1,3,3.0
3,347,5.8522024797744745,0,2,2,4,7,16,5,0,3,347,5.8522024797744745,0,2,2,4,7,10,2.3978952727983707,1,1,1,0,3,0,0,0.0,0,1,0,0,0,0,347,5.8522024797744745,0,2,2,4,7,306,5.726847747587197,1,1,0,1,5,6,0,0.0,0,1,0,0,0,0,1,3,17.0
3,736,6.602587892189336,1,1,1,1,6,10,17,17,0,736,6.602587892189336,1,1,1,1,6,32,3.4965075614664802,1,1,2,2,4,2,0,0.0,0,1,0,0,0,0,736,6.602587892189336,1,1,1,1,6,704,6.558197802812269,1,1,2,4,4,4,26,3.295836866004329,1,1,2,1,5,6,2,7,4.0
4,1264,7.142827401161621,1,1,4,4,4,17,8,12,0,1264,7.142827401161621,1,1,4,4,4,222,5.407171771460119,1,1,0,2,5,2,0,0.0,0,1,0,0,0,0,1264,7.142827401161621,1,1,4,4,4,996,6.904750769961838,1,1,0,1,2,6,26,3.295836866004329,1,1,2,1,5,6,2,3,146.0
5,928,6.834108738813838,1,1,3,4,8,14,12,6,3,928,6.834108738813838,1,1,3,4,8,22,3.1354942159291497,1,1,1,2,1,2,0,0.0,0,1,0,0,0,0,928,6.834108738813838,1,1,3,4,8,906,6.810142450115136,1,1,0,1,3,6,7,2.0794415416798357,1,0,1,2,0,7,1,3,10.0
7,1086,6.99117688712121,1,0,1,1,6,15,12,16,2,1086,6.99117688712121,1,0,1,1,6,690,6.53813982376767,1,1,0,0,4,0,0,0.0,0,1,0,0,0,0,1086,6.99117688712121,1,0,1,1,6,497,6.210600077024653,1,0,2,2,0,7,98,4.59511985013459,1,1,2,3,0,8,1,3,361.0
0,466,6.1463292576688975,1,1,1,4,6,7,9,1,1,466,6.1463292576688975,1,1,1,4,6,82,4.418840607796598,1,1,1,2,5,2,0,0.0,0,1,0,0,0,0,466,6.1463292576688975,1,1,1,4,6,395,5.981414211254481,1,0,2,0,3,5,30,3.4339872044851463,1,1,0,0,2,0,1,3,31.0
7,605,6.406879986069314,0,2,0,3,5,5,14,4,0,605,6.406879986069314,0,2,0,3,5,162,5.093750200806762,1,1,0,2,1,2,0,0.0,0,1,0,0,0,0,605,6.406879986069314,0,2,0,3,5,456,6.124683390894205,1,1,0,1,1,6,37,3.6375861597263857,1,0,1,2,2,7,1,3,79.0
5,534,6.282266746896006,1,0,4,2,4,5,9,6,1,534,6.282266746896006,1,0,4,2,4,41,3.7376696182833684,1,0,2,1,6,1,0,0.0,0,1,0,0,0,0,534,6.282266746896006,1,0,4,2,4,440,6.089044875446846,1,1,2,0,6,0,60,4.110873864173311,1,1,0,0,4,0,1,3,5.0
1,953,6.860663671448287,0,2,3,1,3,1,6,15,1,953,6.860663671448287,0,2,3,1,3,40,3.713572066704308,1,1,1,0,5,0,0,0.0,0,1,0,0,0,0,953,6.860663671448287,0,2,3,1,3,889,6.7912214627261855,1,0,1,4,0,9,46,3.8501476017100584,1,1,1,1,4,6,1,3,4.0
4,1246,7.1284959456800365,1,1,1,0,6,15,1,8,2,1246,7.1284959456800365,1,1,1,0,6,1079,6.984716320118266,1,0,2,4,1,9,0,0.0,0,1,0,0,0,0,1246,7.1284959456800365,1,1,1,0,6,433,6.073044534100405,1,0,1,3,6,3,190,5.25227342804663,1,1,1,0,1,0,1,3,504.0
4,1437,7.271008538280992,0,0,2,2,7,17,5,1,0,1343,7.203405521083095,0,2,3,6,3,0,0.0,0,1,0,0,0,0,0,0.0,0,1,0,0,0,0,1437,7.271008538280992,0,0,2,2,7,466,6.1463292576688975,1,1,1,1,4,6,143,4.969813299576001,1,0,2,3,3,3,1,1,197.0
6,1423,7.261225091971921,0,1,3,2,3,15,9,4,3,1423,7.261225091971921,0,1,3,2,3,247,5.5134287461649825,1,0,1,2,2,7,0,0.0,0,1,0,0,0,0,1423,7.261225091971921,0,1,3,2,3,907,6.811244378601294,1,0,1,2,4,7,215,5.375278407684165,1,0,2,0,5,5,1,3,111.0
5,1303,7.1731917424865985,0,1,3,1,3,6,10,15,0,1303,7.1731917424865985,0,1,3,1,3,1303,7.1731917424865985,1,0,1,3,1,3,168,5.1298987149230735,1,1,0,3,0,8,1303,7.1731917424865985,0,1,3,1,3,296,5.6937321388027,1,1,2,1,2,6,291,5.676753802268282,1,0,0,1,4,1,1,6,632.0
7,1492,7.30854279753919,1,1,2,1,2,0,13,5,5,1492,7.30854279753919,1,1,2,1,2,48,3.8918202981106265,1,1,0,3,6,8,0,0.0,0,1,0,0,0,0,1492,7.30854279753919,1,1,2,1,2,1439,7.272398392570047,1,0,2,4,4,9,34,3.5553480614894135,1,1,1,4,6,4,1,3,11.0
7,1114,7.016609683894219,1,1,4,1,4,2,15,8,1,1114,7.016609683894219,1,1,4,1,4,154,5.043425116919247,1,1,1,4,0,4,0,0.0,0,1,0,0,0,0,1114,7.016609683894219,1,1,4,1,4,722,6.583409222158765,1,1,2,2,1,2,237,5.472270673671475,1,0,0,2,6,7,1,3,24.0
3,782,6.663132695990803,1,2,2,5,2,4,12,13,4,782,6.663132695990803,1,2,2,5,2,514,6.244166900663736,1,1,1,4,3,4,0,0.0,0,1,0,0,0,0,782,6.663132695990803,1,2,2,5,2,312,5.746203190540153,1,1,0,2,4,2,237,5.472270673671475,1,0,0,2,6,7,1,3,170.0
3,506,6.2285110035911835,1,2,1,2,6,3,7,9,5,506,6.2285110035911835,1,2,1,2,6,74,4.31748811353631,1,1,2,4,4,4,0,0.0,0,1,0,0,0,0,506,6.2285110035911835,1,2,1,2,6,425,6.054439346269371,1,0,2,0,5,5,76,4.343805421853684,1,1,1,1,6,6,1,3,1.0
2,1549,7.346010209913293,0,1,4,2,9,5,14,15,3,1549,7.346010209913293,0,1,4,2,9,353,5.869296913133774,1,0,2,3,3,3,0,0.0,0,1,0,0,0,0,1549,7.346010209913293,0,1,4,2,9,1198,7.089243155027514,1,1,1,3,1,8,217,5.384495062789089,1,0,1,2,0,7,1,3,90.0
0,1544,7.3427791893318455,1,2,4,4,4,1,6,15,5,1544,7.3427791893318455,1,2,4,4,4,973,6.881411303642535,1,0,1,3,0,3,0,0.0,0,1,0,0,0,0,1544,7.3427791893318455,1,2,4,4,4,581,6.366470447731438,1,0,2,1,0,1,488,6.192362489474872,1,1,2,3,5,8,1,3,320.0
8,1695,7.4360278163518485,0,0,0,1,5,17,14,6,2,1695,7.4360278163518485,0,0,0,1,5,757,6.630683385642372,1,0,1,2,1,7,0,0.0,0,1,0,0,0,0,1695,7.4360278163518485,0,0,0,1,5,1185,7.078341579557671,1,0,0,0,2,5,86,4.465908118654584,1,1,2,1,2,6,1,3,365.0
6,1268,7.1459844677143876,1,2,3,1,8,15,5,10,5,1268,7.1459844677143876,1,2,3,1,8,189,5.247024072160486,1,0,0,4,0,9,0,0.0,0,1,0,0,0,0,1268,7.1459844677143876,1,2,3,1,8,294,5.68697535633982,1,1,0,4,0,4,184,5.220355825078324,1,1,1,4,2,4,1,3,265.0
1,651,6.480044561926653,0,0,1,0,1,17,12,7,3,651,6.480044561926653,0,0,1,0,1,441,6.091309882077698,1,0,0,1,0,1,0,0.0,0,1,0,0,0,0,651,6.480044561926653,0,0,1,0,1,184,5.220355825078324,1,1,1,4,2,4,370,5.916202062607435,1,1,1,0,6,0,1,3,56.0
6,587,6.376726947898627,0,2,2,6,7,1,15,3,4,587,6.376726947898627,0,2,2,6,7,269,5.598421958998375,1,0,2,4,3,9,0,0.0,0,1,0,0,0,0,587,6.376726947898627,0,2,2,6,7,313,5.749392985908253,1,0,1,3,5,3,147,4.997212273764115,1,0,0,2,0,7,1,3,83.0
6,1271,7.148345743900068,0,2,1,4,1,16,16,13,5,1271,7.148345743900068,0,2,1,4,1,209,5.3471075307174685,1,0,2,4,6,9,0,0.0,0,1,0,0,0,0,1271,7.148345743900068,0,2,1,4,1,1110,7.01301578963963,1,1,0,0,4,0,80,4.394449154672439,1,1,2,0,3,0,1,3,70.0
6,1270,7.147559271189454,1,1,0,3,0,4,7,13,3,1270,7.147559271189454,1,1,0,3,0,38,3.6635616461296463,1,1,2,3,3,8,0,0.0,0,1,0,0,0,0,1270,7.147559271189454,1,1,0,3,0,1000,6.90875477931522,1,1,1,0,6,0,58,4.07753744390572,1,1,1,3,2,8,2,3,64.0
8,816,6.705639094860003,1,0,1,4,6,2,4,6,1,772,6.650279048587422,1,1,2,2,2,0,0.0,0,1,0,0,0,0,0,0.0,0,1,0,0,0,0,816,6.705639094860003,1,0,1,4,6,592,6.385194398997726,1,1,1,2,4,2,75,4.330733340286331,1,0,0,0,5,5,1,1,10.0
8,947,6.854354502255021,0,2,2,2,7,11,12,7,1,737,6.6039438246004725,0,2,2,2,7,0,0.0,0,1,0,0,0,0,0,0.0,0,1,0,0,0,0,947,6.854354502255021,0,2,2,2,7,499,6.214608098422191,1,0,1,4,2,9,101,4.624972813284271,1,0,2,1,3,1,1,1,12.0
4,1545,7.343426229147367,0,0,0,5,5,8,16,9,1,1545,7.343426229147367,0,0,0,5,5,272,5.60947179518496,1,1,2,2,6,2,0,0.0,0,1,0,0,0,0,1545,7.343426229147367,0,0,0,5,5,1160,7.057036981697891,1,1,2,0,5,0,264,5.579729825986222,1,1,0,4,5,4,1,3,43.0
3,944,6.851184927493743,1,2,4,6,4,12,12,11,1,944,6.851184927493743,1,2,4,6,4,944,6.851184927493743,1,1,2,4,6,4,632,6.450470422144176,1,1,2,2,2,2,944,6.851184927493743,1,2,4,6,4,17,2.8903717578961645,1,0,2,2,3,7,179,5.19295685089021,1,0,2,4,4,9,1,6,715.0
0,771,6.648984550024776,0,0,1,1,1,9,17,3,0,771,6.648984550024776,0,0,1,1,1,155,5.049856007249537,1,0,2,0,1,5,0,0.0,0,1,0,0,0,0,771,6.648984550024776,0,0,1,1,1,674,6.51471269087253,1,1,2,4,2,4,39,3.6888794541139363,1,0,0,4,4,9,1,3,58.0
1,1361,7.216709486709457,0,2,1,3,1,0,12,13,1,1260,7.13966033596492,1,0,0,0,0,0,0.0,0,1,0,0,0,0,0,0.0,0,1,0,0,0,0,1361,7.216709486709457,0,2,1,3,1,665,6.501289670540389,1,0,2,0,0,5,203,5.318119993844216,1,0,2,3,0,3,1,1,63.0
4,1553,7.348587530927593,0,2,3,6,3,12,4,15,3,1553,7.348587530927593,0,2,3,6,3,7,2.0794415416798357,1,0,1,2,0,7,0,0.0,0,1,0,0,0,0,1553,7.348587530927593,0,2,3,6,3,1524,7.329749689041512,1,1,0,4,5,4,18,2.9444389791664403,1,1,0,3,4,8,1,3,0.0
3,590,6.3818160174060985,1,2,0,2,0,6,15,0,0,590,6.3818160174060985,1,2,0,2,0,47,3.871201010907891,1,0,2,2,5,7,0,0.0,0,1,0,0,0,0,590,6.3818160174060985,1,2,0,2,0,551,6.313548046277095,1,0,2,1,5,1,7,2.0794415416798357,1,0,1,2,0,7,1,3,24.0
4,1385,7.234177179749849,0,2,0,6,5,12,11,7,3,1385,7.234177179749849,0,2,0,6,5,22,3.1354942159291497,1,1,1,2,1,2,0,0.0,0,1,0,0,0,0,1385,7.234177179749849,0,2,0,6,5,1338,7.199678345691172,1,1,0,3,1,8,33,3.5263605246161616,1,0,0,3,5,3,1,3,1.0
2,1306,7.175489713624222,1,1,1,4,6,6,12,7,1,1306,7.175489713624222,1,1,1,4,6,179,5.19295685089021,1,0,2,4,4,9,0,0.0,0,1,0,0,0,0,1306,7.175489713624222,1,1,1,4,6,881,6.782192056006791,1,0,2,1,6,1,236,5.4680601411351315,1,1,2,1,5,6,1,3,44.0
0,428,6.061456918928017,1,2,3,1,8,7,17,6,3,428,6.061456918928017,1,2,3,1,8,140,4.948759890378168,1,1,2,0,0,0,0,0.0,0,1,0,0,0,0,428,6.061456918928017,1,2,3,1,8,248,5.517452896464707,1,1,2,3,3,8,148,5.003946305945459,1,1,1,3,1,8,4,3,8.0
4,1096,7.00033446027523,1,1,1,4,6,2,6,10,4,1096,7.00033446027523,1,1,1,4,6,603,6.403574197934815,1,0,0,3,1,3,0,0.0,0,1,0,0,0,0,1096,7.00033446027523,1,1,1,4,6,488,6.192362489474872,1,1,2,3,5,8,16,2.833213344056216,1,1,1,1,2,6,1,3,393.0
7,584,6.371611847231857,1,2,4,3,4,8,8,4,0,584,6.371611847231857,1,2,4,3,4,162,5.093750200806762,1,1,0,2,1,2,0,0.0,0,1,0,0,0,0,584,6.371611847231857,1,2,4,3,4,382,5.948034989180646,1,1,1,2,4,2,167,5.123963979403259,1,0,2,2,6,7,1,3,10.0
1,710,6.566672429803241,1,2,0,3,0,11,2,4,1,710,6.566672429803241,1,2,0,3,0,73,4.30406509320417,1,0,1,3,3,3,0,0.0,0,1,0,0,0,0,710,6.566672429803241,1,2,0,3,0,644,6.4692503167957724,1,1,2,4,0,4,29,3.4011973816621555,1,0,2,4,1,9,1,3,27.0
1,1473,7.295735072749282,0,0,3,3,3,1,7,13,5,1473,7.295735072749282,0,0,3,3,3,34,3.5553480614894135,1,1,1,4,6,4,0,0.0,0,1,0,0,0,0,1473,7.295735072749282,0,0,3,3,3,1418,7.257707677160043,1,1,2,3,4,8,10,2.3978952727983707,1,1,1,0,3,0,1,3,23.0
0,1593,7.374001859350161,0,0,3,4,3,11,0,12,1,1593,7.374001859350161,0,0,3,4,3,1279,7.154615356913663,1,0,1,4,5,9,0,0.0,0,1,0,0,0,0,1593,7.374001859350161,0,0,3,4,3,784,6.665683717782408,1,1,1,4,0,4,309,5.736572297479192,1,0,0,4,1,9,1,3,490.0
2,1888,7.543802867501509,1,1,3,5,8,12,8,5,4,1888,7.543802867501509,1,1,3,5,8,1888,7.543802867501509,1,1,1,3,5,8,230,5.442417710521793,1,1,2,0,6,0,1888,7.543802867501509,1,1,3,5,8,167,5.123963979403259,1,0,2,2,6,7,37,3.6375861597263857,1,0,1,2,2,7,1,6,1255.0
4,394,5.978885764901122,1,1,4,2,4,12,12,16,0,394,5.978885764901122,1,1,4,2,4,250,5.5254529391317835,1,1,1,0,5,0,0,0.0,0,1,0,0,0,0,394,5.978885764901122,1,1,4,2,4,215,5.375278407684165,1,0,2,0,5,5,90,4.51085950651685,1,1,0,0,6,0,1,3,83.0
6,1342,7.202661196523238,1,1,2,5,2,11,11,10,0,1342,7.202661196523238,1,1,2,5,2,562,6.333279628139691,1,1,1,2,2,2,0,0.0,0,1,0,0,0,0,1342,7.202661196523238,1,1,2,5,2,580,6.364750756851911,1,1,1,0,6,0,203,5.318119993844216,1,0,2,3,0,3,1,3,306.0
7,334,5.814130531825066,1,1,4,5,4,17,10,4,0,136,4.919980925828125,1,1,1,3,6,0,0.0,0,1,0,0,0,0,0,0.0,0,1,0,0,0,0,334,5.814130531825066,1,1,4,5,4,26,3.295836866004329,1,1,2,1,5,6,1,0.6931471805599453,1,0,1,1,1,1,1,5,36.0
4,1479,7.299797366758161,0,0,4,2,9,3,16,9,5,1479,7.299797366758161,0,0,4,2,9,14,2.70805020110221,1,1,2,4,0,4,0,0.0,0,1,0,0,0,0,1479,7.299797366758161,0,0,4,2,9,1276,7.152268856032539,1,1,1,1,2,6,59,4.0943445622221,1,0,2,4,3,9,1,3,33.0
3,1305,7.174724309836376,0,0,0,3,5,1,7,13,5,1305,7.174724309836376,0,0,0,3,5,271,5.605802066295998,1,0,1,1,5,1,0,0.0,0,1,0,0,0,0,1305,7.174724309836376,0,0,0,3,5,777,6.656726524178391,1,0,0,2,0,7,227,5.429345628954441,1,0,2,2,3,7,1,3,115.0
3,1790,7.490529402060711,1,2,0,5,0,14,2,2,0,1790,7.490529402060711,1,2,0,5,0,996,6.904750769961838,1,1,0,1,2,6,0,0.0,0,1,0,0,0,0,1790,7.490529402060711,1,2,0,5,0,308,5.733341276897746,1,1,2,3,0,8,1233,7.1180162044653335,1,0,0,3,1,3,1,3,4.0
5,1198,7.089243155027514,1,1,3,1,8,11,12,5,0,1198,7.089243155027514,1,1,3,1,8,280,5.638354669333745,1,1,1,0,0,0,0,0.0,0,1,0,0,0,0,1198,7.089243155027514,1,1,3,1,8,137,4.927253685157205,1,0,2,2,4,7,645,6.470799503782602,1,0,0,0,1,5,1,3,17.0
0,597,6.393590753950631,0,0,2,2,7,16,3,16,3,597,6.393590753950631,0,0,2,2,7,29,3.4011973816621555,1,0,2,4,1,9,0,0.0,0,1,0,0,0,0,597,6.393590753950631,0,0,2,2,7,571,6.349138991379798,1,0,1,1,4,1,11,2.4849066497880004,1,0,2,1,4,1,1,3,11.0
4,367,5.908082938168931,0,1,2,3,7,8,0,4,1,367,5.908082938168931,0,1,2,3,7,38,3.6635616461296463,1,1,2,3,3,8,0,0.0,0,1,0,0,0,0,367,5.908082938168931,0,1,2,3,7,288,5.666426688112432,1,1,0,3,1,8,12,2.5649493574615367,1,1,0,2,5,2,1,4,31.0
6,1298,7.1693500166706,1,2,3,3,8,17,13,11,1,1298,7.1693500166706,1,2,3,3,8,355,5.87493073085203,1,0,1,0,5,5,0,0.0,0,1,0,0,0,0,1298,7.1693500166706,1,2,3,3,8,467,6.148468295917647,1,0,2,2,5,7,116,4.762173934797756,1,1,2,1,4,6,1,3,318.0
2,525,6.26530121273771,0,0,0,0,5,0,15,4,0,525,6.26530121273771,0,0,0,0,5,228,5.43372200355424,1,1,0,3,4,8,0,0.0,0,1,0,0,0,0,525,6.26530121273771,0,0,0,0,5,263,5.575949103146316,1,0,2,3,4,3,77,4.356708826689592,1,0,2,2,0,7,1,3,112.0
2,1147,7.045776576879511,0,1,2,6,7,5,6,13,5,1147,7.045776576879511,0,1,2,6,7,761,6.635946555686647,1,0,2,1,5,1,0,0.0,0,1,0,0,0,0,1147,7.045776576879511,0,1,2,6,7,1,0.6931471805599453,1,0,1,1,1,1,925,6.8308742346461795,1,0,1,0,1,5,1,8,19.0
6,1753,7.469654172932128,0,1,3,3,3,0,15,15,5,1753,7.469654172932128,0,1,3,3,3,95,4.564348191467836,1,0,2,0,4,5,0,0.0,0,1,0,0,0,0,1753,7.469654172932128,0,1,3,3,3,1415,7.255591274253665,1,0,2,0,1,5,149,5.0106352940962555,1,0,2,4,2,9,1,3,45.0
2,742,6.610696044717759,1,1,2,0,2,17,4,17,0,742,6.610696044717759,1,1,2,0,2,287,5.662960480135946,1,0,2,2,0,7,0,0.0,0,1,0,0,0,0,742,6.610696044717759,1,1,2,0,2,435,6.077642243349034,1,0,0,0,1,5,285,5.655991810819852,1,0,0,0,5,5,1,3,8.0
5,914,6.818924065275521,1,2,4,4,4,10,3,5,0,914,6.818924065275521,1,2,4,4,4,715,6.573680166960646,1,0,1,0,1,5,0,0.0,0,1,0,0,0,0,914,6.818924065275521,1,2,4,4,4,101,4.624972813284271,1,0,2,1,3,1,689,6.536691597591305,1,0,2,4,3,9,1,3,50.0
1,791,6.674561391814426,0,2,1,0,1,11,10,16,4,791,6.674561391814426,0,2,1,0,1,674,6.51471269087253,1,1,2,4,2,4,0,0.0,0,1,0,0,0,0,791,6.674561391814426,0,2,1,0,1,206,5.332718793265369,1,1,2,1,3,6,433,6.073044534100405,1,0,1,3,6,3,1,3,131.0
0,1544,7.3427791893318455,1,2,4,4,4,1,2,9,1,1544,7.3427791893318455,1,2,4,4,4,245,5.5053315359323625,1,0,2,0,0,5,0,0.0,0,1,0,0,0,0,1544,7.3427791893318455,1,2,4,4,4,1272,7.149131598557407,1,1,0,2,5,2,257,5.552959584921617,1,0,2,2,5,7,1,3,1.0
4,1437,7.271008538280992,0,0,2,2,7,7,7,15,1,1437,7.271008538280992,0,0,2,2,7,283,5.648974238161206,1,0,1,3,3,3,0,0.0,0,1,0,0,0,0,1437,7.271008538280992,0,0,2,2,7,1106,7.009408932708637,1,1,2,1,0,6,283,5.648974238161206,1,0,1,3,3,3,1,4,16.0
2,1232,7.117205503164344,1,2,2,0,2,4,9,11,4,1232,7.117205503164344,1,2,2,0,2,1102,7.005789019253503,1,1,1,2,3,2,0,0.0,0,1,0,0,0,0,1232,7.117205503164344,1,2,2,0,2,111,4.718498871295094,1,0,0,1,6,1,849,6.745236349484363,1,0,0,4,2,9,1,3,175.0
8,361,5.8916442118257715,0,1,1,4,1,3,1,1,1,361,5.8916442118257715,0,1,1,4,1,190,5.25227342804663,1,1,1,0,1,0,0,0.0,0,1,0,0,0,0,361,5.8916442118257715,0,1,1,4,1,137,4.927253685157205,1,0,2,2,4,7,156,5.056245805348308,1,1,0,1,2,6,1,3,34.0
0,895,6.79794041297493,0,1,0,6,5,5,7,2,0,895,6.79794041297493,0,1,0,6,5,100,4.61512051684126,1,1,1,0,2,0,0,0.0,0,1,0,0,0,0,895,6.79794041297493,0,1,0,6,5,813,6.70196036600254,1,0,0,3,1,3,1,0.6931471805599453,1,0,1,1,1,1,1,8,60.0
7,776,6.655440350367647,1,2,1,6,6,17,0,14,2,776,6.655440350367647,1,2,1,6,6,130,4.875197323201151,1,1,1,0,4,0,0,0.0,0,1,0,0,0,0,776,6.655440350367647,1,2,1,6,6,639,6.461468176353717,1,0,0,4,2,9,114,4.74493212836325,1,1,0,4,2,4,1,3,13.0
0,337,5.823045895483019,0,1,2,1,7,1,2,7,2,235,5.4638318050256105,0,1,0,4,5,0,0.0,0,1,0,0,0,0,0,0.0,0,1,0,0,0,0,337,5.823045895483019,0,1,2,1,7,20,3.044522437723423,1,1,2,0,6,0,43,3.784189633918261,1,0,1,3,1,3,1,1,43.0
5,375,5.929589143389895,0,0,0,4,5,12,1,16,0,375,5.929589143389895,0,0,0,4,5,258,5.556828061699537,1,1,0,3,6,8,0,0.0,0,1,0,0,0,0,375,5.929589143389895,0,0,0,4,5,72,4.290459441148391,1,1,0,2,2,2,192,5.262690188904886,1,1,0,2,3,2,3,3,59.0
8,1684,7.429520842786462,1,1,4,4,4,2,12,8,2,1684,7.429520842786462,1,1,4,4,4,126,4.844187086458591,1,1,0,1,0,6,0,0.0,0,1,0,0,0,0,1684,7.429520842786462,1,1,4,4,4,1538,7.338888133838879,1,1,2,3,5,8,55,4.02535169073515,1,0,1,0,6,5,1,3,54.0
6,1519,7.326465613840322,0,1,4,0,9,5,3,0,5,1519,7.326465613840322,0,1,4,0,9,74,4.31748811353631,1,1,2,4,4,4,0,0.0,0,1,0,0,0,0,1519,7.326465613840322,0,1,4,0,9,1457,7.284820912568604,1,0,2,2,1,7,29,3.4011973816621555,1,0,2,4,1,9,1,3,26.0
3,366,5.905361848054571,1,0,1,2,6,4,4,17,2,366,5.905361848054571,1,0,1,2,6,140,4.948759890378168,1,1,2,0,0,0,0,0.0,0,1,0,0,0,0,366,5.905361848054571,1,0,1,2,6,245,5.5053315359323625,1,0,2,0,0,5,99,4.605170185988092,1,0,0,4,1,9,1,3,21.0
8,1568,7.358193752733032,1,2,3,0,8,4,14,1,4,1568,7.358193752733032,1,2,3,0,8,800,6.68586094706836,1,1,2,0,2,0,0,0.0,0,1,0,0,0,0,1568,7.358193752733032,1,2,3,0,8,270,5.602118820879701,1,1,0,0,4,0,878,6.778784897685177,1,1,2,3,3,8,2,3,114.0
2,1149,7.047517221357296,0,0,4,1,9,16,17,1,1,1149,7.047517221357296,0,0,4,1,9,347,5.8522024797744745,1,0,2,2,4,7,0,0.0,0,1,0,0,0,0,1149,7.047517221357296,0,0,4,1,9,758,6.63200177739563,1,1,2,3,2,8,21,3.091042453358316,1,0,0,1,0,1,1,3,232.0
0,483,6.182084906716632,0,0,3,0,3,0,8,11,3,483,6.182084906716632,0,0,3,0,3,249,5.521460917862246,1,0,0,4,4,9,0,0.0,0,1,0,0,0,0,483,6.182084906716632,0,0,3,0,3,56,4.04305126783455,1,1,2,1,0,6,149,5.0106352940962555,1,0,2,4,2,9,1,3,126.0
4,1298,7.1693500166706,1,2,3,3,8,1,4,9,1,1298,7.1693500166706,1,2,3,3,8,1298,7.1693500166706,1,1,2,3,3,8,191,5.2574953720277815,1,0,2,1,2,1,1298,7.1693500166706,1,2,3,3,8,204,5.3230099791384085,1,1,0,4,1,4,96,4.574710978503383,1,1,0,1,5,6,1,6,797.0
8,511,6.238324625039508,0,1,1,0,1,6,11,4,1,511,6.238324625039508,0,1,1,0,1,426,6.056784013228625,1,1,0,1,6,6,0,0.0,0,1,0,0,0,0,511,6.238324625039508,0,1,1,0,1,114,4.74493212836325,1,1,0,4,2,4,245,5.5053315359323625,1,0,2,0,0,5,1,3,111.0
6,738,6.6052979209482015,1,0,3,3,8,3,7,11,2,738,6.6052979209482015,1,0,3,3,8,215,5.375278407684165,1,0,2,0,5,5,0,0.0,0,1,0,0,0,0,738,6.6052979209482015,1,0,3,3,8,530,6.274762021241939,1,1,2,0,5,0,147,4.997212273764115,1,0,0,2,0,7,1,3,43.0
6,1886,7.54274354536855,1,2,1,3,6,0,13,3,3,1886,7.54274354536855,1,2,1,3,6,373,5.924255797414532,1,0,1,3,2,3,0,0.0,0,1,0,0,0,0,1886,7.54274354536855,1,2,1,3,6,1113,7.01571242048723,1,0,0,3,0,3,147,4.997212273764115,1,0,0,2,0,7,1,3,284.0
6,1183,7.076653815443951,0,1,3,0,3,5,14,12,2,1183,7.076653815443951,0,1,3,0,3,22,3.1354942159291497,1,1,1,2,1,2,0,0.0,0,1,0,0,0,0,1183,7.076653815443951,0,1,3,0,3,1143,7.042286171939743,1,0,0,3,2,3,19,2.995732273553991,1,0,1,4,5,9,1,3,8.0
7,1020,6.928537818164665,1,0,0,5,0,13,6,10,1,1020,6.928537818164665,1,0,0,5,0,720,6.580639137284949,1,1,0,0,6,0,0,0.0,0,1,0,0,0,0,1020,6.928537818164665,1,0,0,5,0,485,6.186208623900494,1,0,2,0,2,5,95,4.564348191467836,1,0,2,0,4,5,5,3,355.0
0,369,5.91350300563827,0,0,4,5,9,14,10,2,2,369,5.91350300563827,0,0,4,5,9,233,5.455321115357702,1,0,2,3,2,3,0,0.0,0,1,0,0,0,0,369,5.91350300563827,0,0,4,5,9,150,5.017279836814924,1,1,0,0,3,0,202,5.313205979041787,1,1,1,2,6,2,1,3,16.0
6,1189,7.081708586105575,0,1,4,6,9,14,6,15,3,1189,7.081708586105575,0,1,4,6,9,1100,7.00397413672268,1,1,2,0,1,0,0,0.0,0,1,0,0,0,0,1189,7.081708586105575,0,1,4,6,9,134,4.90527477843843,1,1,2,4,1,4,74,4.31748811353631,1,1,2,4,4,4,1,3,669.0
7,1938,7.569927655242652,1,0,3,6,8,8,3,16,2,1938,7.569927655242652,1,0,3,6,8,626,6.440946540632921,1,1,2,1,3,6,0,0.0,0,1,0,0,0,0,1938,7.569927655242652,1,0,3,6,8,1548,7.3453648404168685,1,1,0,3,1,8,4,1.6094379124341003,1,1,1,4,4,4,2,4,336.0
3,1863,7.530479995245536,0,0,3,1,3,4,0,7,2,1382,7.232010331664759,1,2,2,3,2,0,0.0,0,1,0,0,0,0,0,0.0,0,1,0,0,0,0,1863,7.530479995245536,0,0,3,1,3,524,6.263398262591624,1,1,2,4,6,4,75,4.330733340286331,1,0,0,0,5,5,1,1,236.0
8,852,6.748759547491679,1,0,2,5,2,9,1,9,0,852,6.748759547491679,1,0,2,5,2,245,5.5053315359323625,1,0,2,0,0,5,0,0.0,0,1,0,0,0,0,852,6.748759547491679,1,0,2,5,2,394,5.978885764901122,1,1,1,4,2,4,161,5.087596335232384,1,0,2,1,0,1,1,3,127.0
2,1361,7.216709486709457,0,2,1,3,1,16,16,8,5,1220,7.107425474110705,1,2,0,2,0,0,0.0,0,1,0,0,0,0,0,0.0,0,1,0,0,0,0,1361,7.216709486709457,0,2,1,3,1,645,6.470799503782602,1,0,0,0,1,5,37,3.6375861597263857,1,0,1,2,2,7,1,1,167.0
1,1924,7.562681246721884,1,1,4,6,4,4,0,15,1,1924,7.562681246721884,1,1,4,6,4,343,5.840641657373398,1,0,1,3,0,3,0,0.0,0,1,0,0,0,0,1924,7.562681246721884,1,1,4,6,4,763,6.638567789166521,1,0,1,3,0,3,296,5.6937321388027,1,1,2,1,2,6,1,3,304.0
4,1820,7.507141079727608,1,2,0,0,0,10,4,2,2,1820,7.507141079727608,1,2,0,0,0,1,0.6931471805599453,1,0,1,1,1,1,0,0.0,0,1,0,0,0,0,1820,7.507141079727608,1,2,0,0,0,1818,7.506042178518122,1,1,0,3,5,8,0,0.0,0,1,0,0,0,0,1,7,1.0
0,1034,6.942156705699469,1,2,4,5,4,15,6,17,2,1034,6.942156705699469,1,2,4,5,4,968,6.876264611890766,1,1,2,3,2,8,0,0.0,0,1,0,0,0,0,1034,6.942156705699469,1,2,4,5,4,191,5.2574953720277815,1,0,2,1,2,1,247,5.5134287461649825,1,0,1,2,2,7,1,3,439.0
4,924,6.829793737512425,1,0,4,0,4,5,3,11,5,924,6.829793737512425,1,0,4,0,4,446,6.102558594613569,1,1,2,1,5,6,0,0.0,0,1,0,0,0,0,924,6.829793737512425,1,0,4,0,4,95,4.564348191467836,1,0,2,0,4,5,330,5.802118375377063,1,1,0,0,1,0,1,3,205.0
2,1462,7.288244401020124,1,1,2,6,2,8,2,13,2,1462,7.288244401020124,1,1,2,6,2,389,5.966146739123692,1,0,2,4,4,9,0,0.0,0,1,0,0,0,0,1462,7.288244401020124,1,1,2,6,2,796,6.680854678790215,1,1,1,1,5,6,439,6.0867747269123065,1,0,1,4,5,9,1,3,59.0
0,819,6.709304340258298,0,0,4,0,9,12,8,10,3,819,6.709304340258298,0,0,4,0,9,23,3.1780538303479458,1,0,2,3,2,3,0,0.0,0,1,0,0,0,0,819,6.709304340258298,0,0,4,0,9,301,5.71042701737487,1,0,1,1,0,1,74,4.31748811353631,1,1,2,4,4,4,1,3,131.0
7,1446,7.277247726631484,1,0,1,4,6,5,9,12,2,1446,7.277247726631484,1,0,1,4,6,506,6.2285110035911835,1,1,2,1,2,6,0,0.0,0,1,0,0,0,0,1446,7.277247726631484,1,0,1,4,6,59,4.0943445622221,1,0,2,4,3,9,411,6.021023349349527,1,0,0,1,5,1,1,3,357.0
8,1675,7.424165281042028,0,1,0,2,5,0,2,6,3,1675,7.424165281042028,0,1,0,2,5,306,5.726847747587197,1,1,0,1,5,6,0,0.0,0,1,0,0,0,0,1675,7.424165281042028,0,1,0,2,5,974,6.882437470997847,1,1,2,4,1,4,484,6.184148890937483,1,1,1,4,1,4,1,3,13.0
5,1236,7.1204443723924875,1,0,1,4,6,16,4,12,0,1236,7.1204443723924875,1,0,1,4,6,240,5.484796933490655,1,1,0,0,2,0,0,0.0,0,1,0,0,0,0,1236,7.1204443723924875,1,0,1,4,6,866,6.7650389767805414,1,1,2,1,5,6,74,4.31748811353631,1,1,2,4,4,4,2,3,154.0
3,1072,6.9782137426306985,1,1,2,1,2,4,6,5,2,1072,6.9782137426306985,1,1,2,1,2,133,4.897839799950911,1,0,1,3,0,3,0,0.0,0,1,0,0,0,0,1072,6.9782137426306985,1,1,2,1,2,879,6.779921907472252,1,0,0,4,4,9,73,4.30406509320417,1,0,1,3,3,3,1,3,60.0
8,937,6.843749949006225,0,1,2,6,7,1,2,10,3,937,6.843749949006225,0,1,2,6,7,50,3.9318256327243257,1,1,2,0,1,0,0,0.0,0,1,0,0,0,0,937,6.843749949006225,0,1,2,6,7,855,6.752270376141742,1,0,0,0,1,5,36,3.6109179126442243,1,1,0,1,1,6,1,3,20.0
0,1883,7.5411524551363085,0,2,3,0,3,0,6,1,0,1883,7.5411524551363085,0,2,3,0,3,1857,7.527255919373784,1,0,0,2,2,7,0,0.0,0,1,0,0,0,0,1883,7.5411524551363085,0,2,3,0,3,16,2.833213344056216,1,1,1,1,2,6,1799,7.495541943884256,1,0,2,4,0,9,1,3,42.0
1,1764,7.475905969367397,1,0,4,0,4,2,4,13,3,1764,7.475905969367397,1,0,4,0,4,123,4.820281565605037,1,0,0,3,4,3,0,0.0,0,1,0,0,0,0,1764,7.475905969367397,1,0,4,0,4,958,6.8658910748834385,1,1,1,3,6,8,34,3.5553480614894135,1,1,1,4,6,4,1,3,287.0
5,1352,7.210079628170788,1,2,2,1,2,1,14,13,1,1352,7.210079628170788,1,2,2,1,2,439,6.0867747269123065,1,0,1,4,5,9,0,0.0,0,1,0,0,0,0,1352,7.210079628170788,1,2,2,1,2,875,6.775366090936392,1,0,2,0,0,5,218,5.389071729816501,1,1,2,3,1,8,1,3,160.0
5,1033,6.9411900550683745,0,1,3,4,3,5,11,0,2,884,6.785587645007929,1,2,4,2,4,0,0.0,0,1,0,0,0,0,0,0.0,0,1,0,0,0,0,1033,6.9411900550683745,0,1,3,4,3,816,6.705639094860003,1,1,0,1,4,6,31,3.4657359027997265,1,0,1,1,3,1,1,1,2.0
8,336,5.820082930352362,1,0,1,0,6,11,10,12,4,336,5.820082930352362,1,0,1,0,6,156,5.056245805348308,1,1,0,1,2,6,0,0.0,0,1,0,0,0,0,336,5.820082930352362,1,0,1,0,6,156,5.056245805348308,1,1,0,1,2,6,162,5.093750200806762,1,1,0,2,1,2,6,4,4.0
7,870,6.769641976852503,1,0,0,2,0,8,3,16,1,870,6.769641976852503,1,0,0,2,0,444,6.09807428216624,1,1,0,4,3,4,0,0.0,0,1,0,0,0,0,870,6.769641976852503,1,0,0,2,0,386,5.958424693029782,1,1,2,1,1,6,242,5.493061443340548,1,1,2,2,4,2,2,3,148.0
6,518,6.251903883165888,1,2,3,0,8,8,1,5,2,420,6.042632833682381,1,0,0,0,0,0,0.0,0,1,0,0,0,0,0,0.0,0,1,0,0,0,0,518,6.251903883165888,1,2,3,0,8,112,4.727387818712341,1,1,1,2,0,2,4,1.6094379124341003,1,1,1,4,4,4,2,3,100.0
3,1562,7.354362330421477,1,2,2,1,2,10,2,17,5,1562,7.354362330421477,1,2,2,1,2,603,6.403574197934815,1,0,0,3,1,3,0,0.0,0,1,0,0,0,0,1562,7.354362330421477,1,2,2,1,2,895,6.79794041297493,1,0,1,0,6,5,218,5.389071729816501,1,1,2,3,1,8,1,3,278.0
3,1289,7.162397497355718,0,2,4,1,9,6,0,7,2,1289,7.162397497355718,0,2,4,1,9,819,6.709304340258298,1,0,0,4,0,9,0,0.0,0,1,0,0,0,0,1289,7.162397497355718,0,2,4,1,9,120,4.795790545596741,1,1,0,0,1,0,637,6.45833828334479,1,0,1,2,0,7,1,3,238.0
0,335,5.817111159963204,0,2,0,6,5,15,7,16,3,335,5.817111159963204,0,2,0,6,5,1,0.6931471805599453,1,0,1,1,1,1,0,0.0,0,1,0,0,0,0,335,5.817111159963204,0,2,0,6,5,331,5.805134968916488,1,0,1,1,2,1,1,0.6931471805599453,1,0,1,1,1,1,1,12,1.0
5,1522,7.328437352895162,1,1,2,3,2,17,13,3,5,1522,7.328437352895162,1,1,2,3,2,616,6.424869023905388,1,1,1,1,0,6,0,0.0,0,1,0,0,0,0,1522,7.328437352895162,1,1,2,3,2,940,6.846943139585379,1,1,1,0,2,0,518,6.251903883165888,1,1,2,3,0,8,2,3,54.0
8,1424,7.261927092702751,1,2,4,3,4,1,7,0,1,1424,7.261927092702751,1,2,4,3,4,577,6.359573868672378,1,0,1,2,3,7,0,0.0,0,1,0,0,0,0,1424,7.261927092702751,1,2,4,3,4,770,6.647688373563329,1,1,2,0,0,0,29,3.4011973816621555,1,0,2,4,1,9,1,3,391.0
2,661,6.495265555937008,0,1,1,3,1,9,11,3,3,661,6.495265555937008,0,1,1,3,1,392,5.973809611869261,1,1,2,2,0,2,0,0.0,0,1,0,0,0,0,661,6.495265555937008,0,1,1,3,1,286,5.659482215759621,1,1,1,1,6,6,358,5.883322388488279,1,1,1,3,1,8,1,3,17.0
7,1816,7.504942068396171,1,1,1,3,6,15,13,8,2,1761,7.474204806496124,0,0,1,4,1,0,0.0,0,1,0,0,0,0,0,0.0,0,1,0,0,0,0,1816,7.504942068396171,1,1,1,3,6,44,3.8066624897703196,1,1,2,4,2,4,851,6.747586526829315,1,0,2,1,4,1,1,1,5.0
0,782,6.663132695990803,1,2,2,5,2,13,5,16,3,782,6.663132695990803,1,2,2,5,2,782,6.663132695990803,1,1,2,2,5,2,260,5.564520407322694,1,1,2,0,1,0,782,6.663132695990803,1,2,2,5,2,9,2.302585092994046,1,0,0,4,2,9,414,6.028278520230698,1,1,0,4,1,4,1,7,329.0
7,1304,7.173958319756794,1,2,4,2,4,13,17,5,4,1296,7.167809184316444,1,0,1,1,6,0,0.0,0,1,0,0,0,0,0,0.0,0,1,0,0,0,0,1304,7.173958319756794,1,2,4,2,4,1278,7.153833801578843,1,1,0,3,4,8,0,0.0,0,1,0,0,0,0,2,1,6.0
8,717,6.576469569048224,0,0,2,3,7,13,13,7,0,717,6.576469569048224,0,0,2,3,7,559,6.327936783729195,1,0,1,4,6,9,0,0.0,0,1,0,0,0,0,717,6.576469569048224,0,0,2,3,7,352,5.8664680569332965,1,1,1,2,2,2,138,4.9344739331306915,1,1,0,3,5,8,1,3,216.0
0,1392,7.239214973779806,1,0,2,6,2,2,5,5,2,1392,7.239214973779806,1,0,2,6,2,240,5.484796933490655,1,1,0,0,2,0,0,0.0,0,1,0,0,0,0,1392,7.239214973779806,1,0,2,6,2,1234,7.118826249062078,1,1,1,4,2,4,28,3.367295829986474,1,1,1,3,0,8,2,3,114.0
7,1187,7.080026499922591,0,2,2,4,7,8,5,4,5,1187,7.080026499922591,0,2,2,4,7,725,6.587550014824796,1,0,2,0,4,5,0,0.0,0,1,0,0,0,0,1187,7.080026499922591,0,2,2,4,7,693,6.542471960506805,1,0,0,3,0,3,71,4.276666119016055,1,0,2,1,1,1,1,3,359.0
2,783,6.664409020350408,0,0,3,6,3,13,16,9,3,783,6.664409020350408,0,0,3,6,3,386,5.958424693029782,1,1,2,1,1,6,0,0.0,0,1,0,0,0,0,783,6.664409020350408,0,0,3,6,3,300,5.707110264748875,1,1,0,0,6,0,427,6.059123195581797,1,0,1,2,0,7,1,3,5.0
1,448,6.1070228877422545,1,1,3,0,8,15,6,15,0,448,6.1070228877422545,1,1,3,0,8,22,3.1354942159291497,1,1,1,2,1,2,0,0.0,0,1,0,0,0,0,448,6.1070228877422545,1,1,3,0,8,381,5.945420608606575,1,0,0,1,3,1,43,3.784189633918261,1,0,1,3,1,3,1,3,1.0
0,614,6.421622267806518,1,2,4,5,4,6,8,15,5,614,6.421622267806518,1,2,4,5,4,67,4.219507705176107,1,0,1,2,4,7,0,0.0,0,1,0,0,0,0,614,6.421622267806518,1,2,4,5,4,531,6.2766434893416445,1,0,0,1,6,1,51,3.9512437185814275,1,0,0,1,2,1,1,3,16.0
4,1185,7.078341579557671,0,0,0,2,5,2,3,17,0,1185,7.078341579557671,0,0,0,2,5,803,6.6895992691789665,1,0,2,3,5,3,0,0.0,0,1,0,0,0,0,1185,7.078341579557671,0,0,0,2,5,376,5.932245187448011,1,1,1,1,5,6,692,6.541029999189903,1,1,2,2,6,2,1,3,76.0
5,1320,7.186144304522325,1,0,0,4,0,6,7,3,0,1075,6.98100574072173,0,1,0,4,5,0,0.0,0,1,0,0,0,0,0,0.0,0,1,0,0,0,0,1320,7.186144304522325,1,0,0,4,0,442,6.093569770045136,1,1,1,2,1,2,279,5.634789603169249,1,0,0,4,6,9,1,1,25.0
3,1331,7.194436851100335,0,2,1,1,1,1,15,16,1,1331,7.194436851100335,0,2,1,1,1,1,0.6931471805599453,1,0,1,1,1,1,0,0.0,0,1,0,0,0,0,1331,7.194436851100335,0,2,1,1,1,1328,7.192182058713246,1,1,2,3,5,8,2,1.0986122886681098,1,1,2,2,2,2,1,9,0.0
1,1202,7.0925737159746784,1,2,2,5,2,9,2,17,3,1202,7.0925737159746784,1,2,2,5,2,255,5.545177444479562,1,0,0,0,3,5,0,0.0,0,1,0,0,0,0,1202,7.0925737159746784,1,2,2,5,2,948,6.855408798609928,1,1,0,3,3,8,55,4.02535169073515,1,0,1,0,6,5,1,3,133.0
5,1479,7.299797366758161,0,0,4,2,9,14,8,4,2,1479,7.299797366758161,0,0,4,2,9,1440,7.273092595999522,1,1,0,0,5,0,0,0.0,0,1,0,0,0,0,1479,7.299797366758161,0,0,4,2,9,227,5.429345628954441,1,0,2,2,3,7,929,6.835184586147301,1,0,2,4,5,9,1,3,278.0
4,888,6.790097235513905,1,0,3,6,8,6,11,6,0,888,6.790097235513905,1,0,3,6,8,693,6.542471960506805,1,0,0,3,0,3,0,0.0,0,1,0,0,0,0,888,6.790097235513905,1,0,3,6,8,197,5.288267030694535,1,0,2,2,1,7,689,6.536691597591305,1,0,2,4,3,9,1,3,2.0
3,1136,7.036148493750536,1,2,1,2,6,7,8,7,2,1136,7.036148493750536,1,2,1,2,6,1136,7.036148493750536,1,1,2,1,2,6,473,6.161207321695077,1,0,2,3,4,3,1136,7.036148493750536,1,2,1,2,6,122,4.812184355372417,1,1,2,2,3,2,404,6.003887067106539,1,1,2,4,5,4,1,6,605.0
0,1953,7.577633832602728,0,0,3,0,3,4,14,17,5,1953,7.577633832602728,0,0,3,0,3,1953,7.577633832602728,1,0,0,3,0,3,75,4.330733340286331,1,0,0,0,5,5,1953,7.577633832602728,0,0,3,0,3,264,5.579729825986222,1,1,0,4,5,4,771,6.648984550024776,1,0,0,1,1,1,3,6,725.0
4,715,6.573680166960646,0,1,0,1,5,17,10,14,3,715,6.573680166960646,0,1,0,1,5,136,4.919980925828125,1,1,1,1,3,6,0,0.0,0,1,0,0,0,0,715,6.573680166960646,0,1,0,1,5,553,6.317164686747284,1,0,1,3,0,3,101,4.624972813284271,1,0,2,1,3,1,1,3,32.0
5,1535,7.336936913707618,0,2,0,2,5,10,17,17,2,1535,7.336936913707618,0,2,0,2,5,542,6.297109319933935,1,1,2,2,3,2,0,0.0,0,1,0,0,0,0,1535,7.336936913707618,0,2,0,2,5,208,5.342334251964811,1,1,1,3,5,8,930,6.836259277277067,1,1,0,0,6,0,1,3,3.0
6,580,6.364750756851911,1,1,0,6,0,0,15,16,5,580,6.364750756851911,1,1,0,6,0,70,4.2626798770413155,1,1,1,0,0,0,0,0.0,0,1,0,0,0,0,580,6.364750756851911,1,1,0,6,0,530,6.274762021241939,1,1,2,0,5,0,3,1.3862943611198906,1,0,0,3,3,3,1,3,38.0
3,301,5.71042701737487,0,1,1,0,1,9,17,16,5,301,5.71042701737487,0,1,1,0,1,119,4.787491742782046,1,0,2,4,0,9,0,0.0,0,1,0,0,0,0,301,5.71042701737487,0,1,1,0,1,3,1.3862943611198906,1,0,0,3,3,3,186,5.231108616854587,1,1,0,1,4,6,1,4,15.0
3,1022,6.930494765951626,1,2,2,0,2,5,11,16,5,1022,6.930494765951626,1,2,2,0,2,488,6.192362489474872,1,1,2,3,5,8,0,0.0,0,1,0,0,0,0,1022,6.930494765951626,1,2,2,0,2,147,4.997212273764115,1,0,0,2,0,7,239,5.480638923341991,1,0,2,4,1,9,1,3,295.0
2,1213,7.101675971619444,0,1,3,2,3,17,12,2,4,1213,7.101675971619444,0,1,3,2,3,1164,7.060476365999801,1,1,0,4,2,4,0,0.0,0,1,0,0,0,0,1213,7.101675971619444,0,1,3,2,3,275,5.62040086571715,1,0,2,0,2,5,571,6.349138991379798,1,0,1,1,4,1,1,3,320.0
7,1247,7.129297548929373,0,2,2,1,7,3,0,6,2,1247,7.129297548929373,0,2,2,1,7,528,6.270988431858299,1,1,0,3,3,8,0,0.0,0,1,0,0,0,0,1247,7.129297548929373,0,2,2,1,7,291,5.676753802268282,1,0,0,1,4,1,289,5.66988092298052,1,0,1,4,2,9,1,3,302.0
7,1664,7.417580402414544,1,2,4,5,4,16,4,12,3,1664,7.417580402414544,1,2,4,5,4,1664,7.417580402414544,1,1,2,4,5,4,653,6.483107351457199,1,0,2,3,2,3,1664,7.417580402414544,1,2,4,5,4,425,6.054439346269371,1,0,2,0,5,5,143,4.969813299576001,1,0,2,3,3,3,1,6,1090.0
5,1001,6.90975328164481,0,2,1,0,1,2,16,3,3,1001,6.90975328164481,0,2,1,0,1,908,6.812345094177479,1,1,2,3,5,8,0,0.0,0,1,0,0,0,0,1001,6.90975328164481,0,2,1,0,1,85,4.454347296253507,1,0,1,0,1,5,891,6.79346613258001,1,0,0,1,2,1,1,3,14.0
5,581,6.366470447731438,0,2,1,0,1,5,15,17,4,581,6.366470447731438,0,2,1,0,1,266,5.58724865840025,1,1,2,1,0,6,0,0.0,0,1,0,0,0,0,581,6.366470447731438,0,2,1,0,1,414,6.028278520230698,1,1,0,4,1,4,2,1.0986122886681098,1,1,2,2,2,2,1,5,143.0
5,1268,7.1459844677143876,1,2,3,1,8,7,9,7,3,1268,7.1459844677143876,1,2,3,1,8,289,5.66988092298052,1,0,1,4,2,9,0,0.0,0,1,0,0,0,0,1268,7.1459844677143876,1,2,3,1,8,1102,7.005789019253503,1,1,1,2,3,2,1,0.6931471805599453,1,0,1,1,1,1,1,8,151.0
5,1932,7.566828479208331,1,0,2,0,2,3,3,7,3,1932,7.566828479208331,1,0,2,0,2,188,5.241747015059643,1,1,2,3,6,8,0,0.0,0,1,0,0,0,0,1932,7.566828479208331,1,0,2,0,2,1742,7.463363045520021,1,1,2,2,6,2,189,5.247024072160486,1,0,0,4,0,9,1,3,0.0
7,927,6.833031732786201,0,0,2,3,7,0,1,5,5,927,6.833031732786201,0,0,2,3,7,200,5.303304908059076,1,1,2,0,4,0,0,0.0,0,1,0,0,0,0,927,6.833031732786201,0,0,2,3,7,92,4.532599493153256,1,1,2,2,1,2,459,6.131226489483141,1,0,0,4,4,9,1,3,39.0
8,1875,7.53689712956617,0,0,0,6,5,2,13,1,0,1875,7.53689712956617,0,0,0,6,5,894,6.796823718274855,1,1,0,4,5,4,0,0.0,0,1,0,0,0,0,1875,7.53689712956617,0,0,0,6,5,909,6.813444599510896,1,0,0,4,6,9,825,6.716594773520978,1,0,0,0,6,5,3,3,70.0
2,1172,7.067319848653476,1,2,2,3,2,1,9,11,5,1142,7.04141166379481,1,2,2,1,2,0,0.0,0,1,0,0,0,0,0,0.0,0,1,0,0,0,0,1172,7.067319848653476,1,2,2,3,2,980,6.8885724595653635,1,1,2,0,0,0,36,3.6109179126442243,1,1,0,1,1,6,2,1,30.0
4,929,6.835184586147301,0,2,4,5,9,5,6,12,4,929,6.835184586147301,0,2,4,5,9,219,5.393627546352362,1,0,0,4,2,9,0,0.0,0,1,0,0,0,0,929,6.835184586147301,0,2,4,5,9,804,6.690842277418564,1,1,0,4,6,4,31,3.4657359027997265,1,0,1,1,3,1,1,3,94.0
7,690,6.53813982376767,1,0,0,4,0,16,10,1,0,690,6.53813982376767,1,0,0,4,0,667,6.504288173536645,1,0,1,2,2,7,0,0.0,0,1,0,0,0,0,690,6.53813982376767,1,0,0,4,0,165,5.111987788356544,1,0,0,0,4,5,260,5.564520407322694,1,1,2,0,1,0,1,3,224.0
8,1747,7.466227556215481,0,1,2,4,7,5,12,5,2,1710,7.444833273892193,1,0,0,2,0,0,0.0,0,1,0,0,0,0,0,0.0,0,1,0,0,0,0,1747,7.466227556215481,0,1,2,4,7,1351,7.20934025660291,1,0,1,1,0,1,40,3.713572066704308,1,1,1,0,5,0,1,1,93.0
8,687,6.5337888379333435,0,0,2,1,7,4,0,0,3,687,6.5337888379333435,0,0,2,1,7,469,6.152732694704104,1,0,1,4,0,9,0,0.0,0,1,0,0,0,0,687,6.5337888379333435,0,0,2,1,7,293,5.683579767338681,1,0,2,3,6,3,85,4.454347296253507,1,0,1,0,1,5,1,3,231.0
7,791,6.674561391814426,0,2,1,0,1,0,16,9,2,791,6.674561391814426,0,2,1,0,1,47,3.871201010907891,1,0,2,2,5,7,0,0.0,0,1,0,0,0,0,791,6.674561391814426,0,2,1,0,1,745,6.61472560020376,1,0,1,0,3,5,42,3.7612001156935624,1,1,0,2,0,2,1,3,3.0
6,1236,7.1204443723924875,1,0,1,4,6,8,17,1,0,1236,7.1204443723924875,1,0,1,4,6,474,6.163314804034641,1,1,0,4,5,4,0,0.0,0,1,0,0,0,0,1236,7.1204443723924875,1,0,1,4,6,479,6.173786103901937,1,0,2,4,3,9,551,6.313548046277095,1,0,2,1,5,1,1,3,43.0
4,1894,7.546974117516527,1,1,4,4,4,4,0,2,5,1894,7.546974117516527,1,1,4,4,4,1894,7.546974117516527,1,1,1,4,4,4,87,4.477336814478207,1,0,0,2,3,7,1894,7.546974117516527,1,1,4,4,4,424,6.052089168924417,1,1,1,4,4,4,782,6.663132695990803,1,1,2,2,5,2,1,6,629.0
0,777,6.656726524178391,0,0,2,0,7,5,10,1,4,777,6.656726524178391,0,0,2,0,7,197,5.288267030694535,1,0,2,2,1,7,0,0.0,0,1,0,0,0,0,777,6.656726524178391,0,0,2,0,7,469,6.152732694704104,1,0,1,4,0,9,215,5.375278407684165,1,0,2,0,5,5,1,3,25.0
7,1460,7.2868764117507,1,2,0,4,0,13,1,8,3,1460,7.2868764117507,1,2,0,4,0,1292,7.164720378771857,1,1,2,2,4,2,0,0.0,0,1,0,0,0,0,1460,7.2868764117507,1,2,0,4,0,46,3.8501476017100584,1,1,1,1,4,6,846,6.741700694652055,1,1,0,1,6,6,2,3,338.0
1,982,6.890609120147166,1,1,2,2,2,5,13,16,3,982,6.890609120147166,1,1,2,2,2,180,5.198497031265826,1,1,0,0,5,0,0,0.0,0,1,0,0,0,0,982,6.890609120147166,1,1,2,2,2,795,6.679599185844383,1,0,0,0,4,5,179,5.19295685089021,1,0,2,4,4,9,1,3,3.0
1,639,6.461468176353717,0,0,4,2,9,9,13,5,1,639,6.461468176353717,0,0,4,2,9,315,5.755742213586912,1,0,0,0,0,5,0,0.0,0,1,0,0,0,0,639,6.461468176353717,0,0,4,2,9,446,6.102558594613569,1,1,2,1,5,6,62,4.143134726391533,1,1,2,2,6,2,1,3,128.0
2,710,6.566672429803241,1,2,0,3,0,11,0,14,5,710,6.566672429803241,1,2,0,3,0,408,6.013715156042802,1,1,0,3,2,8,0,0.0,0,1,0,0,0,0,710,6.566672429803241,1,2,0,3,0,290,5.673323267171493,1,1,2,0,3,0,378,5.937536205082426,1,1,0,3,0,8,2,3,24.0
8,1280,7.155396301896734,1,2,0,6,0,7,17,13,4,1280,7.155396301896734,1,2,0,6,0,269,5.598421958998375,1,0,2,4,3,9,0,0.0,0,1,0,0,0,0,1280,7.155396301896734,1,2,0,6,0,933,6.839476438228843,1,0,0,3,2,3,53,3.9889840465642745,1,0,2,3,4,3,1,3,170.0
2,1554,7.349230824613334,1,0,4,0,4,0,15,1,0,1554,7.349230824613334,1,0,4,0,4,213,5.365976015021851,1,0,0,3,3,3,0,0.0,0,1,0,0,0,0,1554,7.349230824613334,1,0,4,0,4,1347,7.206377291472252,1,0,0,2,3,7,33,3.5263605246161616,1,0,0,3,5,3,3,3,118.0
6,1821,7.507690077819904,0,0,1,1,1,1,13,2,1,1821,7.507690077819904,0,0,1,1,1,169,5.135798437050262,1,0,1,4,1,9,0,0.0,0,1,0,0,0,0,1821,7.507690077819904,0,0,1,1,1,1529,7.333023014386481,1,0,2,4,3,9,217,5.384495062789089,1,0,1,2,0,7,1,3,9.0
8,636,6.456769655572163,1,0,1,6,6,10,13,1,3,636,6.456769655572163,1,0,1,6,6,371,5.918893854273146,1,0,2,1,0,1,0,0.0,0,1,0,0,0,0,636,6.456769655572163,1,0,1,6,6,300,5.707110264748875,1,1,0,0,6,0,286,5.659482215759621,1,1,1,1,6,6,1,3,45.0
5,1561,7.3537223303996315,0,1,1,0,1,6,17,3,5,1561,7.3537223303996315,0,1,1,0,1,1481,7.301147805856032,1,0,2,1,4,1,0,0.0,0,1,0,0,0,0,1561,7.3537223303996315,0,1,1,0,1,137,4.927253685157205,1,0,2,2,4,7,725,6.587550014824796,1,0,2,0,4,5,1,3,485.0
7,523,6.261491684321042,0,1,3,5,3,1,9,15,1,523,6.261491684321042,0,1,3,5,3,106,4.672828834461906,1,1,1,1,1,6,0,0.0,0,1,0,0,0,0,523,6.261491684321042,0,1,3,5,3,418,6.037870919922137,1,1,1,3,5,8,26,3.295836866004329,1,1,2,1,5,6,1,3,53.0
8,1719,7.450079569807499,0,0,4,4,9,7,7,3,5,1719,7.450079569807499,0,0,4,4,9,124,4.8283137373023015,1,1,1,4,5,4,0,0.0,0,1,0,0,0,0,1719,7.450079569807499,0,0,4,4,9,394,5.978885764901122,1,1,1,4,2,4,411,6.021023349349527,1,0,0,1,5,1,1,3,209.0
8,1929,7.5652752818989315,0,0,4,4,9,10,1,13,2,1929,7.5652752818989315,0,0,4,4,9,982,6.890609120147166,1,1,1,2,2,2,0,0.0,0,1,0,0,0,0,1929,7.5652752818989315,0,0,4,4,9,736,6.602587892189336,1,1,1,1,1,6,15,2.772588722239781,1,0,0,0,1,5,1,3,715.0
7,795,6.679599185844383,0,0,0,4,5,7,0,15,5,795,6.679599185844383,0,0,0,4,5,306,5.726847747587197,1,1,0,1,5,6,0,0.0,0,1,0,0,0,0,795,6.679599185844383,0,0,0,4,5,436,6.07993319509559,1,1,1,1,2,6,274,5.616771097666572,1,1,1,4,1,4,1,3,39.0
5,1875,7.53689712956617,0,0,0,6,5,4,16,9,5,1776,7.482681828154651,1,0,1,5,6,0,0.0,0,1,0,0,0,0,0,0.0,0,1,0,0,0,0,1875,7.53689712956617,0,0,0,6,5,1681,7.427738840532894,1,0,1,1,1,1,16,2.833213344056216,1,1,1,1,2,6,1,2,21.0
6,437,6.082218910376446,0,2,2,3,7,4,15,9,5,437,6.082218910376446,0,2,2,3,7,11,2.4849066497880004,1,0,2,1,4,1,0,0.0,0,1,0,0,0,0,437,6.082218910376446,0,2,2,3,7,431,6.068425588244111,1,0,2,1,4,1,1,0.6931471805599453,1,0,1,1,1,1,1,8,5.0
3,1618,7.389563953677635,1,1,3,1,8,1,17,12,1,1618,7.389563953677635,1,1,3,1,8,74,4.31748811353631,1,1,2,4,4,4,0,0.0,0,1,0,0,0,0,1618,7.389563953677635,1,1,3,1,8,1532,7.334981878871814,1,1,2,2,6,2,80,4.394449154672439,1,1,2,0,3,0,2,3,0.0
0,1124,7.025538314638521,1,2,4,4,4,13,3,12,3,1124,7.025538314638521,1,2,4,4,4,544,6.300785794663244,1,1,1,4,5,4,0,0.0,0,1,0,0,0,0,1124,7.025538314638521,1,2,4,4,4,682,6.52649485957079,1,1,1,2,3,2,46,3.8501476017100584,1,1,1,1,4,6,2,3,298.0
5,1065,6.97166860472579,0,0,0,1,5,2,1,7,0,1065,6.97166860472579,0,0,0,1,5,753,6.625392368007956,1,0,0,3,4,3,0,0.0,0,1,0,0,0,0,1065,6.97166860472579,0,0,0,1,5,134,4.90527477843843,1,1,2,4,1,4,503,6.222576268071369,1,0,2,3,6,3,1,3,226.0
2,1843,7.519692404116539,0,1,3,2,3,6,1,9,1,1843,7.519692404116539,0,1,3,2,3,924,6.829793737512425,1,1,0,4,0,4,0,0.0,0,1,0,0,0,0,1843,7.519692404116539,0,1,3,2,3,955,6.862757913051401,1,0,1,0,3,5,780,6.660575149839686,1,1,0,0,3,0,1,3,84.0
0,617,6.42648845745769,0,2,2,1,7,12,8,15,1,416,6.0330862217988015,1,2,1,3,6,0,0.0,0,1,0,0,0,0,0,0.0,0,1,0,0,0,0,617,6.42648845745769,0,2,2,1,7,216,5.37989735354046,1,1,0,1,6,6,91,4.5217885770490405,1,0,1,1,0,1,1,1,6.0
4,1276,7.152268856032539,1,1,1,2,6,6,11,5,3,1276,7.152268856032539,1,1,1,2,6,113,4.736198448394496,1,0,2,3,1,3,0,0.0,0,1,0,0,0,0,1276,7.152268856032539,1,1,1,2,6,1077,6.982862751468942,1,0,0,2,6,7,144,4.976733742420574,1,1,0,4,4,4,1,3,8.0
2,1116,7.018401799069201,1,0,1,3,6,10,9,3,0,1116,7.018401799069201,1,0,1,3,6,684,6.529418838262226,1,1,0,4,5,4,0,0.0,0,1,0,0,0,0,1116,7.018401799069201,1,0,1,3,6,546,6.304448802421981,1,1,0,1,0,6,426,6.056784013228625,1,1,0,1,6,6,6,3,134.0
6,1043,6.950814768442584,0,2,3,0,3,2,11,1,5,1043,6.950814768442584,0,2,3,0,3,137,4.927253685157205,1,0,2,2,4,7,0,0.0,0,1,0,0,0,0,1043,6.950814768442584,0,2,3,0,3,767,6.643789733147672,1,0,2,2,4,7,31,3.4657359027997265,1,0,1,1,3,1,1,3,117.0
8,590,6.3818160174060985,1,2,0,2,0,2,7,5,0,590,6.3818160174060985,1,2,0,2,0,486,6.18826412308259,1,1,0,1,3,6,0,0.0,0,1,0,0,0,0,590,6.3818160174060985,1,2,0,2,0,90,4.51085950651685,1,1,0,0,6,0,394,5.978885764901122,1,1,1,4,2,4,2,3,66.0
4,1395,7.241366283322318,0,0,0,2,5,17,13,6,3,1395,7.241366283322318,0,0,0,2,5,390,5.968707559985366,1,1,0,0,5,0,0,0.0,0,1,0,0,0,0,1395,7.241366283322318,0,0,0,2,5,1010,6.918695219020472,1,1,2,0,2,0,377,5.934894195619588,1,0,2,2,6,7,1,3,7.0
2,1801,7.496652438168283,0,1,1,2,1,8,2,14,1,1801,7.496652438168283,0,1,1,2,1,1462,7.288244401020124,1,1,1,2,6,2,0,0.0,0,1,0,0,0,0,1801,7.496652438168283,0,1,1,2,1,382,5.948034989180646,1,1,1,2,4,2,650,6.478509642208569,1,1,2,0,6,0,1,3,527.0
3,1037,6.945051063725834,0,2,2,1,7,8,16,6,5,1037,6.945051063725834,0,2,2,1,7,173,5.159055299214529,1,0,2,3,5,3,0,0.0,0,1,0,0,0,0,1037,6.945051063725834,0,2,2,1,7,734,6.5998704992128365,1,1,2,4,6,4,235,5.4638318050256105,1,0,1,0,4,5,1,3,2.0
4,367,5.908082938168931,0,1,2,3,7,15,4,13,1,367,5.908082938168931,0,1,2,3,7,173,5.159055299214529,1,0,2,3,5,3,0,0.0,0,1,0,0,0,0,367,5.908082938168931,0,1,2,3,7,139,4.941642422609304,1,0,1,4,6,9,178,5.187385805840755,1,1,1,3,3,8,1,3,15.0
8,491,6.198478716492308,0,2,1,1,1,9,15,0,5,491,6.198478716492308,0,2,1,1,1,54,4.007333185232471,1,1,0,4,5,4,0,0.0,0,1,0,0,0,0,491,6.198478716492308,0,2,1,1,1,206,5.332718793265369,1,1,2,1,3,6,108,4.6913478822291435,1,1,0,3,3,8,1,4,41.0
8,427,6.059123195581797,0,1,2,0,7,8,10,14,1,394,5.978885764901122,1,1,4,2,4,0,0.0,0,1,0,0,0,0,0,0.0,0,1,0,0,0,0,427,6.059123195581797,0,1,2,0,7,153,5.0369526024136295,1,0,0,3,6,3,86,4.465908118654584,1,1,2,1,2,6,1,1,23.0
5,1365,7.2196420401307355,0,0,0,0,5,0,11,6,4,1365,7.2196420401307355,0,0,0,0,5,412,6.023447592961033,1,1,1,2,6,2,0,0.0,0,1,0,0,0,0,1365,7.2196420401307355,0,0,0,0,5,805,6.692083742506628,1,0,1,0,0,5,129,4.867534450455582,1,0,0,4,3,9,1,3,238.0
3,1886,7.54274354536855,1,2,1,3,6,2,12,8,4,1281,7.156176637480615,0,0,1,0,1,0,0.0,0,1,0,0,0,0,0,0.0,0,1,0,0,0,0,1886,7.54274354536855,1,2,1,3,6,462,6.137727054086234,1,1,0,2,0,2,270,5.602118820879701,1,1,0,0,4,0,1,1,93.0
7,1912,7.556427969440253,1,1,2,1,2,2,12,13,1,1912,7.556427969440253,1,1,2,1,2,156,5.056245805348308,1,1,0,1,2,6,0,0.0,0,1,0,0,0,0,1912,7.556427969440253,1,1,2,1,2,1688,7.4318919168078,1,1,2,3,1,8,181,5.204006687076795,1,0,1,1,6,1,1,3,6.0
6,329,5.799092654460526,0,2,4,0,9,16,12,8,0,329,5.799092654460526,0,2,4,0,9,329,5.799092654460526,1,0,2,4,0,9,36,3.6109179126442243,1,1,0,1,1,6,329,5.799092654460526,0,2,4,0,9,111,4.718498871295094,1,0,0,1,6,1,44,3.8066624897703196,1,1,2,4,2,4,1,6,165.0
4,1158,7.055312843339752,1,0,3,3,8,4,15,13,0,1158,7.055312843339752,1,0,3,3,8,661,6.495265555937008,1,0,1,1,3,1,0,0.0,0,1,0,0,0,0,1158,7.055312843339752,1,0,3,3,8,494,6.20455776256869,1,1,2,4,4,4,652,6.481577129276431,1,1,1,2,1,2,1,3,7.0
4,1874,7.536363938404511,1,2,4,5,4,12,15,5,3,1874,7.536363938404511,1,2,4,5,4,713,6.570882962339584,1,0,2,3,6,3,0,0.0,0,1,0,0,0,0,1874,7.536363938404511,1,2,4,5,4,797,6.682108597449809,1,0,2,2,6,7,235,5.4638318050256105,1,0,1,0,4,5,1,3,440.0
0,1497,7.311886164077165,0,0,2,6,7,17,2,17,2,1497,7.311886164077165,0,0,2,6,7,252,5.53338948872752,1,1,0,2,0,2,0,0.0,0,1,0,0,0,0,1497,7.311886164077165,0,0,2,6,7,968,6.876264611890766,1,1,2,3,2,8,209,5.3471075307174685,1,0,2,4,6,9,1,3,121.0
7,549,6.309918278226516,0,0,4,3,9,17,17,7,2,549,6.309918278226516,0,0,4,3,9,362,5.8944028342648505,1,1,2,2,5,2,0,0.0,0,1,0,0,0,0,549,6.309918278226516,0,0,4,3,9,118,4.77912349311153,1,1,1,3,6,8,263,5.575949103146316,1,0,2,3,4,3,1,3,89.0
7,1780,7.484930283289661,1,1,0,2,0,6,14,1,4,1780,7.484930283289661,1,1,0,2,0,1780,7.484930283289661,1,1,1,0,2,0,484,6.184148890937483,1,1,1,4,1,4,1780,7.484930283289661,1,1,0,2,0,57,4.060443010546419,1,0,0,2,1,7,1098,7.002155954403621,1,1,0,3,6,8,1,6,597.0
5,789,6.672032945461067,0,0,4,5,9,16,17,10,4,789,6.672032945461067,0,0,4,5,9,789,6.672032945461067,1,0,0,4,5,9,106,4.672828834461906,1,1,1,1,1,6,789,6.672032945461067,0,0,4,5,9,75,4.330733340286331,1,0,0,0,5,5,110,4.709530201312334,1,1,2,0,5,0,1,6,463.0
3,1737,7.460490305825338,0,0,2,1,7,7,6,13,3,1737,7.460490305825338,0,0,2,1,7,189,5.247024072160486,1,0,0,4,0,9,0,0.0,0,1,0,0,0,0,1737,7.460490305825338,0,0,2,1,7,1375,7.226936018493289,1,0,1,0,3,5,157,5.062595033026967,1,0,1,2,3,7,1,3,79.0
2,653,6.483107351457199,0,2,3,2,3,2,17,12,5,653,6.483107351457199,0,2,3,2,3,180,5.198497031265826,1,1,0,0,5,0,0,0.0,0,1,0,0,0,0,653,6.483107351457199,0,2,3,2,3,379,5.940171252720432,1,0,1,4,1,9,158,5.0689042022202315,1,1,2,3,4,8,1,3,46.0
1,688,6.535241271013659,1,1,3,2,8,10,0,4,2,688,6.535241271013659,1,1,3,2,8,49,3.912023005428146,1,0,1,4,0,9,0,0.0,0,1,0,0,0,0,688,6.535241271013659,1,1,3,2,8,370,5.916202062607435,1,1,1,0,6,0,146,4.990432586778736,1,1,2,1,6,6,1,3,25.0
0,885,6.786716950605081,0,0,0,3,5,7,16,13,0,885,6.786716950605081,0,0,0,3,5,79,4.382026634673881,1,0,1,4,2,9,0,0.0,0,1,0,0,0,0,885,6.786716950605081,0,0,0,3,5,771,6.648984550024776,1,0,0,1,1,1,20,3.044522437723423,1,1,2,0,6,0,1,3,51.0
0,429,6.063785208687608,0,0,4,2,9,4,5,11,3,429,6.063785208687608,0,0,4,2,9,53,3.9889840465642745,1,0,2,3,4,3,0,0.0,0,1,0,0,0,0,429,6.063785208687608,0,0,4,2,9,29,3.4011973816621555,1,0,2,4,1,9,132,4.890349128221754,1,1,0,2,6,2,1,3,63.0
0,1566,7.356918242356021,1,0,1,5,6,15,14,16,4,1566,7.356918242356021,1,0,1,5,6,10,2.3978952727983707,1,1,1,0,3,0,0,0.0,0,1,0,0,0,0,1566,7.356918242356021,1,0,1,5,6,1352,7.210079628170788,1,1,2,2,1,2,94,4.553876891600541,1,1,1,4,3,4,2,3,12.0
7,1370,7.223295679562314,1,2,0,5,0,16,5,5,3,1370,7.223295679562314,1,2,0,5,0,1370,7.223295679562314,1,1,2,0,5,0,243,5.497168225293202,1,0,0,3,5,3,1370,7.223295679562314,1,2,0,5,0,329,5.799092654460526,1,0,2,4,0,9,424,6.052089168924417,1,1,1,4,4,4,1,6,602.0
4,479,6.173786103901937,0,2,4,3,9,9,2,4,4,479,6.173786103901937,0,2,4,3,9,380,5.942799375126701,1,1,2,0,2,0,0,0.0,0,1,0,0,0,0,479,6.173786103901937,0,2,4,3,9,135,4.912654885736052,1,0,0,0,2,5,209,5.3471075307174685,1,0,2,4,6,9,1,3,102.0
7,1965,7.583756300707112,0,0,0,5,5,15,16,11,0,1965,7.583756300707112,0,0,0,5,5,1482,7.301822342137932,1,1,0,2,5,2,0,0.0,0,1,0,0,0,0,1965,7.583756300707112,0,0,0,5,5,850,6.7464121285733745,1,1,1,0,3,0,139,4.941642422609304,1,0,1,4,6,9,1,3,773.0
3,952,6.859614903654202,1,1,2,0,2,1,11,13,3,361,5.8916442118257715,0,1,1,4,1,0,0.0,0,1,0,0,0,0,0,0.0,0,1,0,0,0,0,952,6.859614903654202,1,1,2,0,2,17,2.8903717578961645,1,0,2,2,3,7,130,4.875197323201151,1,1,1,0,4,0,1,3,28.0
4,341,5.834810737062605,0,2,1,5,1,13,14,2,0,341,5.834810737062605,0,2,1,5,1,59,4.0943445622221,1,0,2,4,3,9,0,0.0,0,1,0,0,0,0,341,5.834810737062605,0,2,1,5,1,274,5.616771097666572,1,1,1,4,1,4,60,4.110873864173311,1,1,0,0,4,0,1,3,2.0
1,931,6.837332814685591,0,1,1,0,1,0,12,7,5,931,6.837332814685591,0,1,1,0,1,66,4.204692619390966,1,1,0,1,3,6,0,0.0,0,1,0,0,0,0,931,6.837332814685591,0,1,1,0,1,853,6.74993119378857,1,0,1,3,6,3,3,1.3862943611198906,1,0,0,3,3,3,1,4,46.0
6,1816,7.504942068396171,1,1,1,3,6,3,4,7,2,1816,7.504942068396171,1,1,1,3,6,320,5.771441123130016,1,1,2,0,5,0,0,0.0,0,1,0,0,0,0,1816,7.504942068396171,1,1,1,3,6,1239,7.122866658599083,1,0,0,4,0,9,258,5.556828061699537,1,1,0,3,6,8,1,3,127.0
1,495,6.206575926724928,0,0,0,5,5,13,15,7,0,469,6.152732694704104,0,1,4,0,9,0,0.0,0,1,0,0,0,0,0,0.0,0,1,0,0,0,0,495,6.206575926724928,0,0,0,5,5,165,5.111987788356544,1,0,0,0,4,5,23,3.1780538303479458,1,0,2,3,2,3,1,3,86.0
7,1254,7.134890851565884,1,0,4,1,4,0,15,17,2,1254,7.134890851565884,1,0,4,1,4,1065,6.97166860472579,1,0,0,0,1,5,0,0.0,0,1,0,0,0,0,1254,7.134890851565884,1,0,4,1,4,516,6.248042874508429,1,1,0,1,5,6,366,5.905361848054571,1,1,0,1,2,6,3,3,357.0
8,832,6.725033642166843,1,1,2,6,2,0,7,14,0,832,6.725033642166843,1,1,2,6,2,756,6.6293632534374485,1,1,0,1,0,6,0,0.0,0,1,0,0,0,0,832,6.725033642166843,1,1,2,6,2,42,3.7612001156935624,1,1,0,2,0,2,386,5.958424693029782,1,1,2,1,1,6,2,4,258.0
4,1855,7.526178913346146,0,1,0,0,5,14,10,3,0,1855,7.526178913346146,0,1,0,0,5,514,6.244166900663736,1,1,1,4,3,4,0,0.0,0,1,0,0,0,0,1855,7.526178913346146,0,1,0,0,5,1059,6.966024187106113,1,0,0,4,2,9,214,5.3706380281276624,1,1,1,4,4,4,1,3,294.0
8,378,5.937536205082426,1,0,3,0,8,3,4,14,5,378,5.937536205082426,1,0,3,0,8,51,3.9512437185814275,1,0,0,1,2,1,0,0.0,0,1,0,0,0,0,378,5.937536205082426,1,0,3,0,8,141,4.955827057601261,1,0,0,1,1,1,48,3.8918202981106265,1,1,0,3,6,8,3,3,64.0
0,1686,7.430707082545968,1,0,1,6,6,9,13,6,4,1686,7.430707082545968,1,0,1,6,6,418,6.037870919922137,1,1,1,3,5,8,0,0.0,0,1,0,0,0,0,1686,7.430707082545968,1,0,1,6,6,1191,7.083387847625295,1,0,0,1,1,1,365,5.902633333401366,1,0,2,0,1,5,1,3,61.0
8,334,5.814130531825066,1,1,4,5,4,11,10,1,3,334,5.814130531825066,1,1,4,5,4,159,5.075173815233827,1,0,0,4,5,9,0,0.0,0,1,0,0,0,0,334,5.814130531825066,1,1,4,5,4,172,5.153291594497779,1,1,1,2,4,2,153,5.0369526024136295,1,0,0,3,6,3,1,3,5.0
7,1124,7.025538314638521,1,2,4,4,4,17,17,9,0,1124,7.025538314638521,1,2,4,4,4,424,6.052089168924417,1,1,1,4,4,4,0,0.0,0,1,0,0,0,0,1124,7.025538314638521,1,2,4,4,4,848,6.744059186311348,1,1,2,3,1,8,89,4.499809670330265,1,0,2,4,5,9,1,4,174.0
4,671,6.51025834052315,0,2,1,6,1,4,12,14,0,671,6.51025834052315,0,2,1,6,1,671,6.51025834052315,1,0,2,1,6,1,106,4.672828834461906,1,1,1,1,1,6,671,6.51025834052315,0,2,1,6,1,107,4.68213122712422,1,0,2,2,2,7,327,5.793013608384144,1,0,0,2,5,7,1,6,229.0
1,1366,7.220373836723949,1,1,1,1,6,12,9,11,5,1366,7.220373836723949,1,1,1,1,6,28,3.367295829986474,1,1,1,3,0,8,0,0.0,0,1,0,0,0,0,1366,7.220373836723949,1,1,1,1,6,1095,6.999422467507961,1,0,0,0,3,5,88,4.48863636973214,1,1,1,3,4,8,1,3,41.0
1,976,6.884486652042782,1,1,1,3,6,7,3,9,0,976,6.884486652042782,1,1,1,3,6,976,6.884486652042782,1,1,1,1,3,6,150,5.017279836814924,1,1,0,0,3,0,976,6.884486652042782,1,1,1,3,6,19,2.995732273553991,1,0,1,4,5,9,563,6.335054251498059,1,0,2,3,3,3,1,6,319.0
2,1862,7.529943370601589,1,2,2,0,2,5,9,9,1,1862,7.529943370601589,1,2,2,0,2,1613,7.3864708488298945,1,0,2,3,3,3,0,0.0,0,1,0,0,0,0,1862,7.529943370601589,1,2,2,0,2,440,6.089044875446846,1,1,2,0,6,0,1135,7.035268599281097,1,0,1,0,1,5,1,3,255.0
8,1681,7.427738840532894,0,1,1,1,1,15,7,7,5,1681,7.427738840532894,0,1,1,1,1,95,4.564348191467836,1,0,2,0,4,5,0,0.0,0,1,0,0,0,0,1681,7.427738840532894,0,1,1,1,1,1585,7.368970402194793,1,0,1,0,3,5,34,3.5553480614894135,1,1,1,4,6,4,1,3,41.0
8,1348,7.207118856207756,1,1,3,4,8,1,0,13,1,1348,7.207118856207756,1,1,3,4,8,578,6.361302477572996,1,1,2,3,4,8,0,0.0,0,1,0,0,0,0,1348,7.207118856207756,1,1,3,4,8,271,5.605802066295998,1,0,1,1,5,1,436,6.07993319509559,1,1,1,1,2,6,1,3,261.0
8,947,6.854354502255021,0,2,2,2,7,7,13,11,5,947,6.854354502255021,0,2,2,2,7,947,6.854354502255021,1,0,2,2,2,7,2,1.0986122886681098,1,1,2,2,2,2,947,6.854354502255021,0,2,2,2,7,5,1.791759469228055,1,0,2,0,5,5,851,6.747586526829315,1,0,2,1,4,1,1,6,63.0
1,1168,7.063903961472068,1,1,3,6,8,9,4,14,0,1168,7.063903961472068,1,1,3,6,8,785,6.666956792429207,1,0,2,0,1,5,0,0.0,0,1,0,0,0,0,1168,7.063903961472068,1,1,3,6,8,396,5.983936280687191,1,1,0,1,4,6,759,6.633318433280377,1,0,0,4,3,9,1,3,13.0
2,769,6.646390514847729,0,1,4,6,9,3,15,13,4,769,6.646390514847729,0,1,4,6,9,382,5.948034989180646,1,1,1,2,4,2,0,0.0,0,1,0,0,0,0,769,6.646390514847729,0,1,4,6,9,396,5.983936280687191,1,1,0,1,4,6,313,5.749392985908253,1,0,1,3,5,3,1,3,43.0
3,1727,7.454719949364001,0,2,2,5,7,13,6,2,5,1727,7.454719949364001,0,2,2,5,7,0,0.0,0,1,0,0,0,0,0,0.0,0,1,0,0,0,0,1727,7.454719949364001,0,2,2,5,7,1624,7.393263094763838,1,1,1,4,0,4,41,3.7376696182833684,1,0,2,1,6,1,1,3,7.0
7,1680,7.427144133408616,1,0,0,0,0,11,1,8,5,1680,7.427144133408616,1,0,0,0,0,762,6.637258031284457,1,1,0,2,6,2,0,0.0,0,1,0,0,0,0,1680,7.427144133408616,1,0,0,0,0,634,6.453624998892692,1,1,1,4,4,4,706,6.561030665896573,1,1,1,1,6,6,2,3,132.0
5,772,6.650279048587422,1,1,2,2,2,9,1,8,3,772,6.650279048587422,1,1,2,2,2,432,6.07073772800249,1,1,0,2,5,2,0,0.0,0,1,0,0,0,0,772,6.650279048587422,1,1,2,2,2,42,3.7612001156935624,1,1,0,2,0,2,560,6.329720905522696,1,1,2,0,0,0,2,3,14.0
1,1436,7.270312886079025,1,2,1,1,6,9,9,0,3,1436,7.270312886079025,1,2,1,1,6,302,5.713732805509369,1,1,2,2,1,2,0,0.0,0,1,0,0,0,0,1436,7.270312886079025,1,2,1,1,6,918,6.823286122355687,1,1,0,3,1,8,350,5.860786223465865,1,1,2,0,0,0,2,3,40.0
2,1798,7.4949862339505335,1,1,3,6,8,9,8,17,0,1798,7.4949862339505335,1,1,3,6,8,1798,7.4949862339505335,1,1,1,3,6,8,384,5.953243334287785,1,1,0,4,6,4,1798,7.4949862339505335,1,1,3,6,8,207,5.337538079701318,1,0,0,2,4,7,634,6.453624998892692,1,1,1,4,4,4,1,6,835.0
7,477,6.169610732491456,0,0,2,1,7,16,7,2,0,361,5.8916442118257715,0,1,1,4,1,0,0.0,0,1,0,0,0,0,0,0.0,0,1,0,0,0,0,477,6.169610732491456,0,0,2,1,7,287,5.662960480135946,1,0,2,2,0,7,19,2.995732273553991,1,0,1,4,5,9,1,2,12.0
3,1521,7.3277805384216315,0,0,1,2,1,3,16,2,1,1140,7.039660349862076,1,0,0,6,0,0,0.0,0,1,0,0,0,0,0,0.0,0,1,0,0,0,0,1521,7.3277805384216315,0,0,1,2,1,311,5.7430031878094825,1,0,2,1,3,1,149,5.0106352940962555,1,0,2,4,2,9,1,1,177.0
1,467,6.148468295917647,0,2,2,5,7,3,16,6,4,467,6.148468295917647,0,2,2,5,7,326,5.7899601708972535,1,1,2,1,4,6,0,0.0,0,1,0,0,0,0,467,6.148468295917647,0,2,2,5,7,24,3.2188758248682006,1,1,0,4,3,4,38,3.6635616461296463,1,1,2,3,3,8,1,3,231.0
4,1347,7.206377291472252,0,0,2,3,7,12,5,14,0,1347,7.206377291472252,0,0,2,3,7,838,6.732210706467206,1,1,1,3,5,8,0,0.0,0,1,0,0,0,0,1347,7.206377291472252,0,0,2,3,7,512,6.240275845170769,1,1,2,2,1,2,811,6.699500340161678,1,0,1,1,6,1,1,3,17.0
6,1251,7.132497551660044,0,0,1,5,1,0,3,10,5,1251,7.132497551660044,0,0,1,5,1,428,6.061456918928017,1,1,2,3,1,8,0,0.0,0,1,0,0,0,0,1251,7.132497551660044,0,0,1,5,1,867,6.7661917146603505,1,0,0,2,6,7,193,5.267858159063328,1,0,1,3,4,3,1,3,142.0
7,968,6.876264611890766,1,2,3,2,8,5,11,6,0,968,6.876264611890766,1,2,3,2,8,66,4.204692619390966,1,1,0,1,3,6,0,0.0,0,1,0,0,0,0,968,6.876264611890766,1,2,3,2,8,893,6.795705775173514,1,0,2,3,4,3,21,3.091042453358316,1,0,0,1,0,1,1,3,33.0
3,1274,7.150701457592526,1,2,4,0,4,16,1,0,3,1274,7.150701457592526,1,2,4,0,4,685,6.530877627725885,1,0,1,0,6,5,0,0.0,0,1,0,0,0,0,1274,7.150701457592526,1,2,4,0,4,57,4.060443010546419,1,0,0,2,1,7,828,6.720220155135295,1,1,0,3,2,8,1,3,82.0
7,1428,7.264730177929867,1,0,3,0,8,8,8,7,2,1428,7.264730177929867,1,0,3,0,8,1428,7.264730177929867,1,1,0,3,0,8,474,6.163314804034641,1,1,0,4,5,4,1428,7.264730177929867,1,0,3,0,8,170,5.14166355650266,1,1,2,0,2,0,56,4.04305126783455,1,1,2,1,0,6,2,6,1016.0
2,921,6.826545223556594,0,0,1,4,1,8,17,13,0,921,6.826545223556594,0,0,1,4,1,287,5.662960480135946,1,0,2,2,0,7,0,0.0,0,1,0,0,0,0,921,6.826545223556594,0,0,1,4,1,736,6.602587892189336,1,1,1,1,1,6,44,3.8066624897703196,1,1,2,4,2,4,1,3,128.0
3,1960,7.581209826196346,1,1,0,0,0,14,5,3,1,1960,7.581209826196346,1,1,0,0,0,38,3.6635616461296463,1,1,2,3,3,8,0,0.0,0,1,0,0,0,0,1960,7.581209826196346,1,1,0,0,0,1681,7.427738840532894,1,0,1,1,1,1,91,4.5217885770490405,1,0,1,1,0,1,1,3,45.0
4,701,6.553933404025811,0,2,1,1,1,8,4,15,4,677,6.519147287940395,0,2,2,5,7,0,0.0,0,1,0,0,0,0,0,0.0,0,1,0,0,0,0,701,6.553933404025811,0,2,1,1,1,112,4.727387818712341,1,1,1,2,0,2,122,4.812184355372417,1,1,2,2,3,2,1,1,107.0
8,1448,7.278628942320682,1,2,3,6,8,9,3,14,1,1448,7.278628942320682,1,2,3,6,8,2,1.0986122886681098,1,1,2,2,2,2,0,0.0,0,1,0,0,0,0,1448,7.278628942320682,1,2,3,6,8,1088,6.9930151229329605,1,1,2,3,3,8,85,4.454347296253507,1,0,1,0,1,5,1,7,64.0
5,1996,7.599401333415815,1,1,1,1,6,1,16,15,4,1996,7.599401333415815,1,1,1,1,6,271,5.605802066295998,1,0,1,1,5,1,0,0.0,0,1,0,0,0,0,1996,7.599401333415815,1,1,1,1,6,1434,7.268920128193722,1,1,0,4,6,4,202,5.313205979041787,1,1,1,2,6,2,1,3,143.0
0,1715,7.447751280047908,0,2,0,0,5,17,0,2,3,1715,7.447751280047908,0,2,0,0,5,300,5.707110264748875,1,1,0,0,6,0,0,0.0,0,1,0,0,0,0,1715,7.447751280047908,0,2,0,0,5,1419,7.258412150595307,1,0,0,4,5,9,286,5.659482215759621,1,1,1,1,6,6,1,3,8.0
8,519,6.253828811575473,0,0,4,1,9,14,5,5,5,519,6.253828811575473,0,0,4,1,9,27,3.332204510175204,1,0,0,2,6,7,0,0.0,0,1,0,0,0,0,519,6.253828811575473,0,0,4,1,9,489,6.194405391104672,1,0,0,4,6,9,27,3.332204510175204,1,0,0,2,6,7,3,4,1.0
3,1821,7.507690077819904,0,0,1,1,1,0,5,7,4,1821,7.507690077819904,0,0,1,1,1,603,6.403574197934815,1,0,0,3,1,3,0,0.0,0,1,0,0,0,0,1821,7.507690077819904,0,0,1,1,1,1324,7.1891677384203225,1,1,1,4,1,4,229,5.438079308923196,1,0,1,4,5,9,1,3,214.0
5,345,5.846438775057725,0,0,0,2,5,15,16,12,3,345,5.846438775057725,0,0,0,2,5,329,5.799092654460526,1,0,2,4,0,9,0,0.0,0,1,0,0,0,0,345,5.846438775057725,0,0,0,2,5,15,2.772588722239781,1,0,0,0,1,5,277,5.627621113690637,1,0,1,2,4,7,1,6,35.0
5,1910,7.555381944240273,1,2,0,6,0,4,10,7,3,1910,7.555381944240273,1,2,0,6,0,1548,7.3453648404168685,1,1,0,3,1,8,0,0.0,0,1,0,0,0,0,1910,7.555381944240273,1,2,0,6,0,208,5.342334251964811,1,1,1,3,5,8,1541,7.340835554123275,1,0,2,1,1,1,1,3,56.0
1,1582,7.367077059881012,1,1,2,0,2,15,13,5,2,1582,7.367077059881012,1,1,2,0,2,1358,7.214504414151143,1,1,2,3,0,8,0,0.0,0,1,0,0,0,0,1582,7.367077059881012,1,1,2,0,2,657,6.489204931325317,1,0,0,2,6,7,450,6.111467339502679,1,1,0,0,2,0,1,3,461.0
8,579,6.363028103540465,0,0,4,5,9,12,0,6,2,579,6.363028103540465,0,0,4,5,9,560,6.329720905522696,1,1,2,0,0,0,0,0.0,0,1,0,0,0,0,579,6.363028103540465,0,0,4,5,9,93,4.543294782270004,1,0,0,3,2,3,232,5.4510384535657,1,1,1,2,1,2,1,3,194.0
2,1056,6.963189985870238,1,0,1,6,6,7,4,10,0,1056,6.963189985870238,1,0,1,6,6,25,3.258096538021482,1,0,1,0,4,5,0,0.0,0,1,0,0,0,0,1056,6.963189985870238,1,0,1,6,6,426,6.056784013228625,1,1,0,1,6,6,131,4.882801922586371,1,0,2,1,5,1,1,3,131.0
3,1859,7.528331766707247,0,2,4,4,9,2,15,12,3,1859,7.528331766707247,0,2,4,4,9,1010,6.918695219020472,1,1,2,0,2,0,0,0.0,0,1,0,0,0,0,1859,7.528331766707247,0,2,4,4,9,938,6.844815479208263,1,1,2,3,0,8,325,5.786897381366708,1,0,1,0,3,5,1,3,427.0
2,1189,7.081708586105575,0,1,4,6,9,16,9,0,4,1189,7.081708586105575,0,1,4,6,9,800,6.68586094706836,1,1,2,0,2,0,0,0.0,0,1,0,0,0,0,1189,7.081708586105575,0,1,4,6,9,171,5.147494476813453,1,0,0,1,3,1,285,5.655991810819852,1,0,0,0,5,5,1,3,416.0
5,2000,7.601402334583733,1,2,0,5,0,17,9,17,3,1522,7.328437352895162,1,1,2,3,2,0,0.0,0,1,0,0,0,0,0,0.0,0,1,0,0,0,0,2000,7.601402334583733,1,2,0,5,0,424,6.052089168924417,1,1,1,4,4,4,504,6.22455842927536,1,1,0,4,0,4,2,1,30.0
2,710,6.566672429803241,1,2,0,3,0,12,1,3,0,710,6.566672429803241,1,2,0,3,0,156,5.056245805348308,1,1,0,1,2,6,0,0.0,0,1,0,0,0,0,710,6.566672429803241,1,2,0,3,0,466,6.1463292576688975,1,1,1,1,4,6,173,5.159055299214529,1,0,2,3,5,3,1,3,18.0
8,940,6.846943139585379,1,1,0,2,0,4,5,11,2,940,6.846943139585379,1,1,0,2,0,493,6.202535517187923,1,0,1,3,3,3,0,0.0,0,1,0,0,0,0,940,6.846943139585379,1,1,0,2,0,517,6.249975242259483,1,0,1,2,6,7,344,5.84354441703136,1,1,2,4,1,4,1,3,76.0
7,1955,7.578656850594762,0,2,0,2,5,5,8,12,4,1955,7.578656850594762,0,2,0,2,5,934,6.840546529288687,1,1,1,4,3,4,0,0.0,0,1,0,0,0,0,1955,7.578656850594762,0,2,0,2,5,426,6.056784013228625,1,1,0,1,6,6,297,5.697093486505405,1,0,0,2,3,7,1,3,623.0
1,773,6.651571873589727,0,2,3,3,3,5,7,14,0,773,6.651571873589727,0,2,3,3,3,114,4.74493212836325,1,1,0,4,2,4,0,0.0,0,1,0,0,0,0,773,6.651571873589727,0,2,3,3,3,674,6.51471269087253,1,1,2,4,2,4,45,3.828641396489095,1,0,0,0,3,5,1,3,41.0
7,504,6.22455842927536,1,0,4,0,4,2,9,5,1,455,6.1224928095143865,0,2,0,0,5,0,0.0,0,1,0,0,0,0,0,0.0,0,1,0,0,0,0,504,6.22455842927536,1,0,4,0,4,267,5.5909869805108565,1,0,0,2,1,7,25,3.258096538021482,1,0,1,0,4,5,1,1,46.0
7,312,5.746203190540153,1,0,2,4,2,3,6,9,0,312,5.746203190540153,1,0,2,4,2,132,4.890349128221754,1,1,0,2,6,2,0,0.0,0,1,0,0,0,0,312,5.746203190540153,1,0,2,4,2,209,5.3471075307174685,1,0,2,4,6,9,23,3.1780538303479458,1,0,2,3,2,3,1,3,63.0
8,1310,7.1785454837637,1,2,0,1,0,0,0,11,4,1310,7.1785454837637,1,2,0,1,0,1269,7.146772179452637,1,0,0,4,2,9,0,0.0,0,1,0,0,0,0,1310,7.1785454837637,1,2,0,1,0,88,4.48863636973214,1,1,1,3,4,8,812,6.70073110954781,1,1,2,2,0,2,1,3,289.0
3,566,6.340359303727752,1,2,1,6,6,3,10,13,3,566,6.340359303727752,1,2,1,6,6,296,5.6937321388027,1,1,2,1,2,6,0,0.0,0,1,0,0,0,0,566,6.340359303727752,1,2,1,6,6,394,5.978885764901122,1,1,1,4,2,4,27,3.332204510175204,1,0,0,2,6,7,1,3,138.0
7,948,6.855408798609928,1,0,3,3,8,5,7,17,4,948,6.855408798609928,1,0,3,3,8,37,3.6375861597263857,1,0,1,2,2,7,0,0.0,0,1,0,0,0,0,948,6.855408798609928,1,0,3,3,8,904,6.807934943699926,1,1,1,4,1,4,27,3.332204510175204,1,0,0,2,6,7,1,3,9.0
6,1001,6.90975328164481,0,2,1,0,1,17,3,10,5,1001,6.90975328164481,0,2,1,0,1,16,2.833213344056216,1,1,1,1,2,6,0,0.0,0,1,0,0,0,0,1001,6.90975328164481,0,2,1,0,1,979,6.887552571664617,1,0,1,4,6,9,19,2.995732273553991,1,0,1,4,5,9,1,3,0.0
8,1284,7.158513997329321,1,0,4,3,4,4,16,2,4,1284,7.158513997329321,1,0,4,3,4,196,5.2832037287379885,1,1,1,1,0,6,0,0.0,0,1,0,0,0,0,1284,7.158513997329321,1,0,4,3,4,392,5.973809611869261,1,1,2,2,0,2,403,6.0014148779611505,1,0,1,3,4,3,1,4,94.0
5,652,6.481577129276431,1,1,2,1,2,8,11,0,2,652,6.481577129276431,1,1,2,1,2,292,5.680172609017068,1,1,1,2,5,2,0,0.0,0,1,0,0,0,0,652,6.481577129276431,1,1,2,1,2,125,4.836281906951478,1,0,2,0,6,5,372,5.921578419643816,1,1,0,2,1,2,1,3,25.0
3,438,6.0844994130751715,1,0,3,4,8,13,3,5,3,438,6.0844994130751715,1,0,3,4,8,33,3.5263605246161616,1,0,0,3,5,3,0,0.0,0,1,0,0,0,0,438,6.0844994130751715,1,0,3,4,8,371,5.918893854273146,1,0,2,1,0,1,41,3.7376696182833684,1,0,2,1,6,1,1,3,6.0
6,1133,7.033506484287697,0,2,3,6,3,12,11,0,3,1133,7.033506484287697,0,2,3,6,3,215,5.375278407684165,1,0,2,0,5,5,0,0.0,0,1,0,0,0,0,1133,7.033506484287697,0,2,3,6,3,905,6.80903930604298,1,0,2,0,2,5,88,4.48863636973214,1,1,1,3,4,8,1,3,89.0
0,1188,7.080867896690782,1,0,3,5,8,14,10,1,4,935,6.841615476477592,0,2,0,4,5,0,0.0,0,1,0,0,0,0,0,0.0,0,1,0,0,0,0,1188,7.080867896690782,1,0,3,5,8,31,3.4657359027997265,1,0,1,1,3,1,134,4.90527477843843,1,1,2,4,1,4,1,1,212.0
6,626,6.440946540632921,1,2,1,3,6,3,15,9,4,626,6.440946540632921,1,2,1,3,6,146,4.990432586778736,1,1,2,1,6,6,0,0.0,0,1,0,0,0,0,626,6.440946540632921,1,2,1,3,6,194,5.272999558563747,1,1,2,4,5,4,172,5.153291594497779,1,1,1,2,4,2,2,3,78.0
6,724,6.586171654854675,1,1,4,3,4,6,1,11,3,724,6.586171654854675,1,1,4,3,4,185,5.225746673713202,1,0,2,0,3,5,0,0.0,0,1,0,0,0,0,724,6.586171654854675,1,1,4,3,4,442,6.093569770045136,1,1,1,2,1,2,220,5.3981627015177525,1,1,1,0,3,0,1,3,9.0
2,1359,7.215239978730097,0,0,4,1,9,1,8,6,0,1359,7.215239978730097,0,0,4,1,9,398,5.988961416889864,1,1,2,3,6,8,0,0.0,0,1,0,0,0,0,1359,7.215239978730097,0,0,4,1,9,1112,7.014814351275545,1,1,2,2,6,2,45,3.828641396489095,1,0,0,0,3,5,1,3,185.0
5,1144,7.0431599159883405,1,1,4,3,4,2,6,6,0,1144,7.0431599159883405,1,1,4,3,4,254,5.541263545158426,1,1,2,4,2,4,0,0.0,0,1,0,0,0,0,1144,7.0431599159883405,1,1,4,3,4,871,6.77078942390898,1,0,1,1,3,1,238,5.476463551931511,1,1,1,3,0,8,1,3,17.0
8,1667,7.419380582918692,0,2,2,1,7,6,1,7,5,1667,7.419380582918692,0,2,2,1,7,1667,7.419380582918692,1,0,2,2,1,7,318,5.765191102784844,1,1,0,3,3,8,1667,7.419380582918692,0,2,2,1,7,389,5.966146739123692,1,0,2,4,4,9,358,5.883322388488279,1,1,1,3,1,8,1,6,849.0
5,656,6.48768401848461,1,2,1,5,6,12,0,3,3,656,6.48768401848461,1,2,1,5,6,656,6.48768401848461,1,1,2,1,5,6,391,5.971261839790462,1,0,1,1,6,1,656,6.48768401848461,1,2,1,5,6,86,4.465908118654584,1,1,2,1,2,6,60,4.110873864173311,1,1,0,0,4,0,1,6,499.0
5,1041,6.948897222313312,0,0,1,5,1,9,2,14,4,1041,6.948897222313312,0,0,1,5,1,836,6.729824070489475,1,1,2,1,3,6,0,0.0,0,1,0,0,0,0,1041,6.948897222313312,0,0,1,5,1,282,5.645446897643238,1,1,0,2,2,2,205,5.327876168789581,1,0,1,0,2,5,1,3,395.0
6,374,5.926926025970411,1,2,4,3,4,11,9,1,4,374,5.926926025970411,1,2,4,3,4,146,4.990432586778736,1,1,2,1,6,6,0,0.0,0,1,0,0,0,0,374,5.926926025970411,1,2,4,3,4,171,5.147494476813453,1,0,0,1,3,1,38,3.6635616461296463,1,1,2,3,3,8,1,3,91.0
8,1959,7.580699752224563,0,0,4,6,9,3,7,7,5,1959,7.580699752224563,0,0,4,6,9,1101,7.004881989712859,1,0,0,1,2,1,0,0.0,0,1,0,0,0,0,1959,7.580699752224563,0,0,4,6,9,826,6.717804695023691,1,1,1,1,0,6,901,6.804614520062624,1,0,1,1,5,1,1,3,144.0
3,666,6.502790045915623,1,0,1,1,6,0,7,4,2,666,6.502790045915623,1,0,1,1,6,112,4.727387818712341,1,1,1,2,0,2,0,0.0,0,1,0,0,0,0,666,6.502790045915623,1,0,1,1,6,587,6.376726947898627,1,0,2,2,6,7,16,2.833213344056216,1,1,1,1,2,6,1,4,53.0
1,816,6.705639094860003,1,0,1,4,6,7,2,10,5,760,6.634633357861686,1,1,0,4,0,0,0.0,0,1,0,0,0,0,0,0.0,0,1,0,0,0,0,816,6.705639094860003,1,0,1,4,6,169,5.135798437050262,1,0,1,4,1,9,123,4.820281565605037,1,0,0,3,4,3,1,1,115.0
1,1971,7.586803535162581,0,0,1,4,1,13,5,14,4,1971,7.586803535162581,0,0,1,4,1,36,3.6109179126442243,1,1,0,1,1,6,0,0.0,0,1,0,0,0,0,1971,7.586803535162581,0,0,1,4,1,1934,7.5678626054638825,1,1,2,4,2,4,35,3.58351893845611,1,0,2,0,0,5,1,3,1.0
8,1887,7.543273346705446,0,0,2,4,7,7,15,14,3,1887,7.543273346705446,0,0,2,4,7,1245,7.1276936993473985,1,0,0,0,6,5,0,0.0,0,1,0,0,0,0,1887,7.543273346705446,0,0,2,4,7,419,6.040254711277414,1,0,2,4,6,9,1121,7.022868086082641,1,0,2,1,1,1,1,3,157.0
5,636,6.456769655572163,1,0,1,6,6,15,15,6,4,636,6.456769655572163,1,0,1,6,6,273,5.6131281063880705,1,0,0,3,0,3,0,0.0,0,1,0,0,0,0,636,6.456769655572163,1,0,1,6,6,46,3.8501476017100584,1,1,1,1,4,6,316,5.75890177387728,1,1,1,1,1,6,1,3,77.0
5,1057,6.964135612418245,0,1,2,0,7,6,11,2,0,1057,6.964135612418245,0,1,2,0,7,263,5.575949103146316,1,0,2,3,4,3,0,0.0,0,1,0,0,0,0,1057,6.964135612418245,0,1,2,0,7,307,5.730099782973574,1,0,1,2,6,7,7,2.0794415416798357,1,0,1,2,0,7,1,6,333.0
7,358,5.883322388488279,1,1,3,1,8,10,10,0,3,358,5.883322388488279,1,1,3,1,8,358,5.883322388488279,1,1,1,3,1,8,125,4.836281906951478,1,0,2,0,6,5,358,5.883322388488279,1,1,3,1,8,34,3.5553480614894135,1,1,1,4,6,4,42,3.7612001156935624,1,1,0,2,0,2,1,6,241.0
1,871,6.77078942390898,0,1,1,3,1,4,17,17,3,871,6.77078942390898,0,1,1,3,1,610,6.415096959171596,1,1,1,0,1,0,0,0.0,0,1,0,0,0,0,871,6.77078942390898,0,1,1,3,1,22,3.1354942159291497,1,1,1,2,1,2,38,3.6635616461296463,1,1,2,3,3,8,1,3,461.0
5,1976,7.589335823170617,1,2,1,2,6,8,0,1,1,1412,7.253470382684528,1,2,2,5,2,0,0.0,0,1,0,0,0,0,0,0.0,0,1,0,0,0,0,1976,7.589335823170617,1,2,1,2,6,395,5.981414211254481,1,0,2,0,3,5,453,6.118097198041348,1,0,0,3,5,3,1,1,37.0
5,512,6.240275845170769,1,2,2,1,2,10,1,4,3,512,6.240275845170769,1,2,2,1,2,233,5.455321115357702,1,0,2,3,2,3,0,0.0,0,1,0,0,0,0,512,6.240275845170769,1,2,2,1,2,285,5.655991810819852,1,0,0,0,5,5,140,4.948759890378168,1,1,2,0,0,0,1,3,60.0
5,780,6.660575149839686,1,0,0,3,0,9,17,9,3,780,6.660575149839686,1,0,0,3,0,396,5.983936280687191,1,1,0,1,4,6,0,0.0,0,1,0,0,0,0,780,6.660575149839686,1,0,0,3,0,376,5.932245187448011,1,1,1,1,5,6,388,5.963579343618446,1,1,1,3,3,8,4,3,8.0
3,623,6.436150368369428,0,2,3,0,3,15,6,13,4,623,6.436150368369428,0,2,3,0,3,573,6.352629396319567,1,0,0,3,6,3,0,0.0,0,1,0,0,0,0,623,6.436150368369428,0,2,3,0,3,91,4.5217885770490405,1,0,1,1,0,1,482,6.180016653652572,1,1,2,2,6,2,1,3,47.0
4,1047,6.954638864880987,0,0,2,4,7,17,3,11,3,1047,6.954638864880987,0,0,2,4,7,923,6.828712071641684,1,0,2,3,6,3,0,0.0,0,1,0,0,0,0,1047,6.954638864880987,0,0,2,4,7,105,4.663439094112067,1,0,0,0,0,5,763,6.638567789166521,1,0,1,3,0,3,1,3,113.0
6,357,5.8805329864007,0,0,2,0,7,10,0,17,0,357,5.8805329864007,0,0,2,0,7,209,5.3471075307174685,1,0,2,4,6,9,0,0.0,0,1,0,0,0,0,357,5.8805329864007,0,0,2,0,7,38,3.6635616461296463,1,1,2,3,3,8,198,5.293304824724492,1,1,0,3,2,8,1,3,44.0
6,713,6.570882962339584,0,2,3,6,3,16,10,10,3,713,6.570882962339584,0,2,3,6,3,692,6.541029999189903,1,1,2,2,6,2,0,0.0,0,1,0,0,0,0,713,6.570882962339584,0,2,3,6,3,131,4.882801922586371,1,0,2,1,5,1,331,5.805134968916488,1,0,1,1,2,1,1,3,204.0
5,1702,7.440146680662688,1,1,2,1,2,8,16,6,2,1702,7.440146680662688,1,1,2,1,2,132,4.890349128221754,1,1,0,2,6,2,0,0.0,0,1,0,0,0,0,1702,7.440146680662688,1,1,2,1,2,1503,7.315883504509785,1,0,0,3,5,3,164,5.10594547390058,1,1,2,4,3,4,1,3,1.0
6,1591,7.3727463664043285,0,1,1,2,1,13,13,7,1,1591,7.3727463664043285,0,1,1,2,1,568,6.343880434126331,1,1,1,3,1,8,0,0.0,0,1,0,0,0,0,1591,7.3727463664043285,0,1,1,2,1,94,4.553876891600541,1,1,1,4,3,4,794,6.678342114654332,1,1,2,4,3,4,1,3,159.0
7,430,6.066108090103747,1,1,0,3,0,9,3,13,4,430,6.066108090103747,1,1,0,3,0,63,4.1588830833596715,1,0,0,3,0,3,0,0.0,0,1,0,0,0,0,430,6.066108090103747,1,1,0,3,0,264,5.579729825986222,1,1,0,4,5,4,104,4.653960350157523,1,1,2,4,6,4,1,3,7.0
1,1803,7.4977617006225685,0,0,3,4,3,2,9,4,3,1709,7.444248649496705,0,2,4,1,9,0,0.0,0,1,0,0,0,0,0,0.0,0,1,0,0,0,0,1803,7.4977617006225685,0,0,3,4,3,35,3.58351893845611,1,0,2,0,0,5,336,5.820082930352362,1,1,0,1,0,6,1,1,334.0
2,305,5.723585101952381,0,2,0,4,5,5,4,11,0,305,5.723585101952381,0,2,0,4,5,208,5.342334251964811,1,1,1,3,5,8,0,0.0,0,1,0,0,0,0,305,5.723585101952381,0,2,0,4,5,1,0.6931471805599453,1,0,1,1,1,1,100,4.61512051684126,1,1,1,0,2,0,1,8,104.0
4,1633,7.3987862754199485,0,1,3,2,3,16,15,12,0,1633,7.3987862754199485,0,1,3,2,3,227,5.429345628954441,1,0,2,2,3,7,0,0.0,0,1,0,0,0,0,1633,7.3987862754199485,0,1,3,2,3,1434,7.268920128193722,1,1,0,4,6,4,159,5.075173815233827,1,0,0,4,5,9,1,3,36.0
1,471,6.156978985585555,0,0,1,2,1,1,11,7,5,471,6.156978985585555,0,0,1,2,1,55,4.02535169073515,1,0,1,0,6,5,0,0.0,0,1,0,0,0,0,471,6.156978985585555,0,0,1,2,1,420,6.042632833682381,1,1,0,0,0,0,47,3.871201010907891,1,0,2,2,5,7,1,3,4.0
4,639,6.461468176353717,0,0,4,2,9,1,3,3,4,639,6.461468176353717,0,0,4,2,9,71,4.276666119016055,1,0,2,1,1,1,0,0.0,0,1,0,0,0,0,639,6.461468176353717,0,0,4,2,9,566,6.340359303727752,1,1,2,1,6,6,63,4.1588830833596715,1,0,0,3,0,3,1,6,6.0
1,1533,7.335633981927201,0,0,3,0,3,17,3,14,3,1533,7.335633981927201,0,0,3,0,3,413,6.025865973825314,1,0,2,3,0,3,0,0.0,0,1,0,0,0,0,1533,7.335633981927201,0,0,3,0,3,1015,6.923628628138427,1,0,1,0,0,5,428,6.061456918928017,1,1,2,3,1,8,1,3,25.0
2,1726,7.454141078146678,1,1,1,4,6,4,1,7,5,1726,7.454141078146678,1,1,1,4,6,246,5.5093883366279774,1,1,0,1,1,6,0,0.0,0,1,0,0,0,0,1726,7.454141078146678,1,1,1,4,6,1500,7.313886831633462,1,1,0,0,2,0,200,5.303304908059076,1,1,2,0,4,0,2,3,24.0
0,1712,7.44600149832412,1,2,2,4,2,5,3,16,4,1712,7.44600149832412,1,2,2,4,2,103,4.6443908991413725,1,0,1,3,5,3,0,0.0,0,1,0,0,0,0,1712,7.44600149832412,1,2,2,4,2,1616,7.388327859577107,1,1,2,1,6,6,86,4.465908118654584,1,1,2,1,2,6,1,3,9.0
5,1055,6.962243464266207,0,2,0,5,5,16,10,6,4,1055,6.962243464266207,0,2,0,5,5,694,6.543911845564792,1,1,1,4,1,4,0,0.0,0,1,0,0,0,0,1055,6.962243464266207,0,2,0,5,5,140,4.948759890378168,1,1,2,0,0,0,722,6.583409222158765,1,1,2,2,1,2,1,3,55.0
5,542,6.297109319933935,1,2,2,3,2,5,2,4,2,542,6.297109319933935,1,2,2,3,2,68,4.23410650459726,1,1,2,3,5,8,0,0.0,0,1,0,0,0,0,542,6.297109319933935,1,2,2,3,2,477,6.169610732491456,1,0,0,2,1,7,62,4.143134726391533,1,1,2,2,6,2,1,3,3.0
6,1574,7.362010551259734,1,2,4,6,4,8,17,14,5,1574,7.362010551259734,1,2,4,6,4,1161,7.057897937411856,1,0,0,1,6,1,0,0.0,0,1,0,0,0,0,1574,7.362010551259734,1,2,4,6,4,216,5.37989735354046,1,1,0,1,6,6,1222,7.109062135687172,1,1,1,2,4,2,1,3,25.0
0,838,6.732210706467206,1,1,3,5,8,15,4,12,5,838,6.732210706467206,1,1,3,5,8,325,5.786897381366708,1,0,1,0,3,5,0,0.0,0,1,0,0,0,0,838,6.732210706467206,1,1,3,5,8,426,6.056784013228625,1,1,0,1,6,6,265,5.583496308781699,1,0,1,0,6,5,1,3,69.0
7,1228,7.113956109566034,1,1,3,3,8,8,7,2,1,1144,7.0431599159883405,1,1,4,3,4,0,0.0,0,1,0,0,0,0,0,0.0,0,1,0,0,0,0,1228,7.113956109566034,1,1,3,3,8,326,5.7899601708972535,1,1,2,1,4,6,52,3.970291913552122,1,1,1,2,3,2,2,2,238.0
3,338,5.82600010738045,1,2,3,2,8,15,10,10,3,338,5.82600010738045,1,2,3,2,8,170,5.14166355650266,1,1,2,0,2,0,0,0.0,0,1,0,0,0,0,338,5.82600010738045,1,2,3,2,8,122,4.812184355372417,1,1,2,2,3,2,154,5.043425116919247,1,1,1,4,0,4,2,3,26.0
7,1982,7.592366128519796,1,2,2,1,2,6,10,2,5,1982,7.592366128519796,1,2,2,1,2,1629,7.396335293800808,1,0,0,4,5,9,0,0.0,0,1,0,0,0,0,1982,7.592366128519796,1,2,2,1,2,593,6.386879319362645,1,0,2,3,5,3,1146,7.044905117129371,1,1,0,1,5,6,1,3,242.0
0,957,6.86484777797086,0,0,2,5,7,12,8,12,3,957,6.86484777797086,0,0,2,5,7,761,6.635946555686647,1,0,2,1,5,1,0,0.0,0,1,0,0,0,0,957,6.86484777797086,0,0,2,5,7,6,1.9459101490553132,1,1,0,1,6,6,754,6.626717749249025,1,1,1,4,5,4,1,3,68.0
3,1451,7.280697195384741,0,2,1,2,1,6,3,6,0,1451,7.280697195384741,0,2,1,2,1,670,6.508769136971682,1,1,1,0,5,0,0,0.0,0,1,0,0,0,0,1451,7.280697195384741,0,2,1,2,1,824,6.715383386334681,1,1,2,4,5,4,389,5.966146739123692,1,0,2,4,4,9,1,3,173.0
0,337,5.823045895483019,0,1,2,1,7,12,17,9,3,337,5.823045895483019,0,1,2,1,7,8,2.1972245773362196,1,1,2,3,1,8,0,0.0,0,1,0,0,0,0,337,5.823045895483019,0,1,2,1,7,188,5.241747015059643,1,1,2,3,6,8,26,3.295836866004329,1,1,2,1,5,6,1,3,35.0
8,1799,7.495541943884256,0,2,4,0,9,4,3,3,3,1799,7.495541943884256,0,2,4,0,9,1448,7.278628942320682,1,1,2,3,6,8,0,0.0,0,1,0,0,0,0,1799,7.495541943884256,0,2,4,0,9,403,6.0014148779611505,1,0,1,3,4,3,915,6.82001636467413,1,0,0,0,5,5,1,3,338.0
0,1960,7.581209826196346,1,1,0,0,0,10,7,8,2,1960,7.581209826196346,1,1,0,0,0,9,2.302585092994046,1,0,0,4,2,9,0,0.0,0,1,0,0,0,0,1960,7.581209826196346,1,1,0,0,0,1428,7.264730177929867,1,1,0,3,0,8,8,2.1972245773362196,1,1,2,3,1,8,1,6,175.0
7,809,6.697034247666484,0,2,4,4,9,13,9,8,1,809,6.697034247666484,0,2,4,4,9,36,3.6109179126442243,1,1,0,1,1,6,0,0.0,0,1,0,0,0,0,809,6.697034247666484,0,2,4,4,9,709,6.565264970035361,1,0,1,4,2,9,53,3.9889840465642745,1,0,2,3,4,3,1,3,10.0
1,472,6.159095388491933,1,1,2,3,2,11,6,7,5,265,5.583496308781699,0,1,0,6,5,0,0.0,0,1,0,0,0,0,0,0.0,0,1,0,0,0,0,472,6.159095388491933,1,1,2,3,2,253,5.537334267018537,1,0,1,3,1,3,6,1.9459101490553132,1,1,0,1,6,6,1,1,0.0
2,1813,7.503289630675082,0,1,3,0,3,3,17,11,1,1813,7.503289630675082,0,1,3,0,3,1813,7.503289630675082,1,0,1,3,0,3,486,6.18826412308259,1,1,0,1,3,6,1813,7.503289630675082,0,1,3,0,3,257,5.552959584921617,1,0,2,2,5,7,18,2.9444389791664403,1,1,0,3,4,8,1,7,1273.0
6,1876,7.537430036586509,1,1,1,0,6,10,6,1,3,1876,7.537430036586509,1,1,1,0,6,693,6.542471960506805,1,0,0,3,0,3,0,0.0,0,1,0,0,0,0,1876,7.537430036586509,1,1,1,0,6,1306,7.175489713624222,1,1,1,1,4,6,366,5.905361848054571,1,1,0,1,2,6,1,3,177.0
5,732,6.597145701886651,1,0,2,4,2,14,4,2,5,732,6.597145701886651,1,0,2,4,2,540,6.293419278846481,1,1,0,0,1,0,0,0.0,0,1,0,0,0,0,732,6.597145701886651,1,0,2,4,2,149,5.0106352940962555,1,0,2,4,2,9,458,6.129050210060545,1,1,2,3,3,8,1,3,69.0
1,931,6.837332814685591,0,1,1,0,1,12,12,15,2,931,6.837332814685591,0,1,1,0,1,260,5.564520407322694,1,1,2,0,1,0,0,0.0,0,1,0,0,0,0,931,6.837332814685591,0,1,1,0,1,292,5.680172609017068,1,1,1,2,5,2,355,5.87493073085203,1,0,1,0,5,5,1,3,63.0
5,1336,7.198183577101943,1,1,1,6,6,12,4,10,4,1336,7.198183577101943,1,1,1,6,6,1336,7.198183577101943,1,1,1,1,6,6,366,5.905361848054571,1,1,0,1,2,6,1336,7.198183577101943,1,1,1,6,6,5,1.791759469228055,1,0,2,0,5,5,534,6.282266746896006,1,1,0,4,2,4,1,6,655.0
2,994,6.902742737158593,1,1,4,0,4,10,3,16,2,994,6.902742737158593,1,1,4,0,4,293,5.683579767338681,1,0,2,3,6,3,0,0.0,0,1,0,0,0,0,994,6.902742737158593,1,1,4,0,4,260,5.564520407322694,1,1,2,0,1,0,158,5.0689042022202315,1,1,2,3,4,8,1,3,237.0
5,571,6.349138991379798,0,1,1,4,1,11,10,15,2,571,6.349138991379798,0,1,1,4,1,324,5.783825182329737,1,1,0,4,2,4,0,0.0,0,1,0,0,0,0,571,6.349138991379798,0,1,1,4,1,62,4.143134726391533,1,1,2,2,6,2,235,5.4638318050256105,1,0,1,0,4,5,1,3,121.0
4,888,6.790097235513905,1,0,3,6,8,16,9,6,5,888,6.790097235513905,1,0,3,6,8,71,4.276666119016055,1,0,2,1,1,1,0,0.0,0,1,0,0,0,0,888,6.790097235513905,1,0,3,6,8,488,6.192362489474872,1,1,2,3,5,8,183,5.214935757608986,1,0,0,3,1,3,1,3,35.0
4,638,6.459904454377535,1,2,3,1,8,0,1,9,4,638,6.459904454377535,1,2,3,1,8,217,5.384495062789089,1,0,1,2,0,7,0,0.0,0,1,0,0,0,0,638,6.459904454377535,1,2,3,1,8,356,5.877735781779639,1,1,2,1,6,6,248,5.517452896464707,1,1,2,3,3,8,1,3,1.0
6,857,6.754604099487962,0,2,2,3,7,2,2,0,2,857,6.754604099487962,0,2,2,3,7,5,1.791759469228055,1,0,2,0,5,5,0,0.0,0,1,0,0,0,0,857,6.754604099487962,0,2,2,3,7,853,6.74993119378857,1,0,1,3,6,3,3,1.3862943611198906,1,0,0,3,3,3,1,3,1.0
3,1415,7.255591274253665,0,2,0,1,5,11,12,8,5,1415,7.255591274253665,0,2,0,1,5,1149,7.047517221357296,1,0,0,4,1,9,0,0.0,0,1,0,0,0,0,1415,7.255591274253665,0,2,0,1,5,349,5.857933154483459,1,0,1,4,6,9,677,6.519147287940395,1,0,2,2,5,7,1,3,287.0
5,1707,7.443078374348516,0,0,2,6,7,9,0,14,3,1707,7.443078374348516,0,0,2,6,7,47,3.871201010907891,1,0,2,2,5,7,0,0.0,0,1,0,0,0,0,1707,7.443078374348516,0,0,2,6,7,1268,7.1459844677143876,1,1,2,3,1,8,204,5.3230099791384085,1,1,0,4,1,4,1,3,26.0
8,1258,7.138073034044347,1,1,3,5,8,1,13,7,0,1258,7.138073034044347,1,1,3,5,8,574,6.354370040797351,1,1,1,4,0,4,0,0.0,0,1,0,0,0,0,1258,7.138073034044347,1,1,3,5,8,117,4.770684624465665,1,0,0,2,5,7,40,3.713572066704308,1,1,1,0,5,0,1,3,545.0
7,1066,6.9726062513017535,1,1,1,2,6,0,14,7,5,1066,6.9726062513017535,1,1,1,2,6,708,6.5638555265321274,1,1,0,3,1,8,0,0.0,0,1,0,0,0,0,1066,6.9726062513017535,1,1,1,2,6,642,6.466144724237619,1,1,0,2,5,2,53,3.9889840465642745,1,0,2,3,4,3,1,3,342.0
4,573,6.352629396319567,0,0,3,6,3,16,8,15,3,573,6.352629396319567,0,0,3,6,3,398,5.988961416889864,1,1,2,3,6,8,0,0.0,0,1,0,0,0,0,573,6.352629396319567,0,0,3,6,3,68,4.23410650459726,1,1,2,3,5,8,27,3.332204510175204,1,0,0,2,6,7,1,3,283.0
5,1534,7.336285660021297,1,1,4,1,4,10,12,1,4,800,6.68586094706836,1,2,0,2,0,0,0.0,0,1,0,0,0,0,0,0.0,0,1,0,0,0,0,1534,7.336285660021297,1,1,4,1,4,734,6.5998704992128365,1,1,2,4,6,4,0,0.0,0,1,0,0,0,0,2,1,22.0
5,1526,7.3310603052186325,1,2,1,0,6,13,10,11,1,1526,7.3310603052186325,1,2,1,0,6,885,6.786716950605081,1,0,0,0,3,5,0,0.0,0,1,0,0,0,0,1526,7.3310603052186325,1,2,1,0,6,628,6.444131256700441,1,1,1,3,5,8,833,6.726233402358747,1,0,2,3,0,3,1,3,39.0
2,1267,7.145196134997171,0,1,2,0,7,16,9,3,5,1267,7.145196134997171,0,1,2,0,7,442,6.093569770045136,1,1,1,2,1,2,0,0.0,0,1,0,0,0,0,1267,7.145196134997171,0,1,2,0,7,396,5.983936280687191,1,1,0,1,4,6,235,5.4638318050256105,1,0,1,0,4,5,1,3,281.0
7,1920,7.560601162768557,1,0,0,2,0,10,6,16,0,1920,7.560601162768557,1,0,0,2,0,1920,7.560601162768557,1,1,0,0,2,0,586,6.375024819828097,1,1,1,1,5,6,1920,7.560601162768557,1,0,0,2,0,261,5.568344503761097,1,0,0,1,2,1,521,6.257667587882639,1,0,2,1,3,1,1,6,1041.0
8,1402,7.246368080102461,1,1,2,2,2,4,12,5,0,1402,7.246368080102461,1,1,2,2,2,873,6.773080375655535,1,0,0,3,5,3,0,0.0,0,1,0,0,0,0,1402,7.246368080102461,1,1,2,2,2,611,6.416732282512326,1,0,2,1,2,1,706,6.561030665896573,1,1,1,1,6,6,1,3,84.0
2,1200,7.0909098220799835,1,0,0,3,0,4,0,13,4,1200,7.0909098220799835,1,0,0,3,0,673,6.513230110912307,1,0,1,3,1,3,0,0.0,0,1,0,0,0,0,1200,7.0909098220799835,1,0,0,3,0,357,5.8805329864007,1,0,0,2,0,7,473,6.161207321695077,1,0,2,3,4,3,1,3,190.0
3,1487,7.305188215393037,0,2,2,3,7,10,9,0,1,781,6.661854740545311,0,1,1,4,1,0,0.0,0,1,0,0,0,0,0,0.0,0,1,0,0,0,0,1487,7.305188215393037,0,2,2,3,7,529,6.272877006546167,1,0,1,4,4,9,105,4.663439094112067,1,0,0,0,0,5,1,1,14.0
4,1058,6.9650803456014065,1,2,3,1,8,17,13,7,5,1058,6.9650803456014065,1,2,3,1,8,163,5.099866427824199,1,0,1,3,2,3,0,0.0,0,1,0,0,0,0,1058,6.9650803456014065,1,2,3,1,8,886,6.787844982309579,1,1,1,1,4,6,151,5.0238805208462765,1,0,1,1,4,1,1,3,11.0
5,601,6.400257445308821,0,1,1,6,1,11,7,3,3,601,6.400257445308821,0,1,1,6,1,395,5.981414211254481,1,0,2,0,3,5,0,0.0,0,1,0,0,0,0,601,6.400257445308821,0,1,1,6,1,325,5.786897381366708,1,0,1,0,3,5,13,2.6390573296152584,1,0,1,3,6,3,1,4,215.0
2,403,6.0014148779611505,0,1,3,4,3,4,0,14,3,403,6.0014148779611505,0,1,3,4,3,336,5.820082930352362,1,1,0,1,0,6,0,0.0,0,1,0,0,0,0,403,6.0014148779611505,0,1,3,4,3,99,4.605170185988092,1,0,0,4,1,9,89,4.499809670330265,1,0,2,4,5,9,1,3,154.0
5,1826,7.510430556378006,1,2,1,6,6,10,0,7,2,1826,7.510430556378006,1,2,1,6,6,160,5.081404364984463,1,1,1,0,6,0,0,0.0,0,1,0,0,0,0,1826,7.510430556378006,1,2,1,6,6,1697,7.437206366871292,1,0,2,2,3,7,83,4.430816798843313,1,0,2,3,6,3,1,6,41.0
7,1702,7.440146680662688,1,1,2,1,2,13,5,16,2,1702,7.440146680662688,1,1,2,1,2,338,5.82600010738045,1,1,2,3,2,8,0,0.0,0,1,0,0,0,0,1702,7.440146680662688,1,1,2,1,2,1333,7.195937226475569,1,0,1,3,3,3,145,4.983606621708336,1,0,1,0,5,5,1,3,139.0
4,647,6.473890696352274,0,2,2,3,7,13,3,15,2,647,6.473890696352274,0,2,2,3,7,125,4.836281906951478,1,0,2,0,6,5,0,0.0,0,1,0,0,0,0,647,6.473890696352274,0,2,2,3,7,376,5.932245187448011,1,1,1,1,5,6,84,4.442651256490317,1,1,0,4,0,4,1,3,76.0
7,1060,6.966967138613983,1,1,0,3,0,9,14,9,5,1060,6.966967138613983,1,1,0,3,0,358,5.883322388488279,1,1,1,3,1,8,0,0.0,0,1,0,0,0,0,1060,6.966967138613983,1,1,0,3,0,790,6.673297967767654,1,1,1,0,6,0,131,4.882801922586371,1,0,2,1,5,1,1,3,122.0
2,1197,7.088408778675395,0,0,2,0,7,0,2,14,2,1126,7.027314514039777,1,1,1,6,6,0,0.0,0,1,0,0,0,0,0,0.0,0,1,0,0,0,0,1197,7.088408778675395,0,0,2,0,7,790,6.673297967767654,1,1,1,0,6,0,18,2.9444389791664403,1,1,0,3,4,8,1,1,100.0
7,1472,7.29505641646263,1,2,2,2,2,15,11,9,4,1436,7.270312886079025,1,2,1,1,6,0,0.0,0,1,0,0,0,0,0,0.0,0,1,0,0,0,0,1472,7.29505641646263,1,2,2,2,2,926,6.831953565565855,1,1,2,1,2,6,72,4.290459441148391,1,1,0,2,2,2,2,1,122.0
7,1572,7.360739903058278,1,0,2,4,2,15,11,10,3,1572,7.360739903058278,1,0,2,4,2,825,6.716594773520978,1,0,0,0,6,5,0,0.0,0,1,0,0,0,0,1572,7.360739903058278,1,0,2,4,2,916,6.821107472256465,1,1,1,1,6,6,439,6.0867747269123065,1,0,1,4,5,9,1,3,201.0
7,1036,6.9440872082295275,1,1,1,0,6,16,15,5,3,1036,6.9440872082295275,1,1,1,0,6,645,6.470799503782602,1,0,0,0,1,5,0,0.0,0,1,0,0,0,0,1036,6.9440872082295275,1,1,1,0,6,289,5.66988092298052,1,0,1,4,2,9,591,6.3835066348840055,1,0,0,1,3,1,1,3,70.0
4,1753,7.469654172932128,0,1,3,3,3,6,16,5,4,1753,7.469654172932128,0,1,3,3,3,1140,7.039660349862076,1,1,0,0,6,0,0,0.0,0,1,0,0,0,0,1753,7.469654172932128,0,1,3,3,3,594,6.38856140554563,1,1,0,4,6,4,1040,6.947937068614969,1,1,2,0,4,0,1,3,73.0
5,1835,7.515344571180436,0,2,0,1,5,0,15,10,2,1835,7.515344571180436,0,2,0,1,5,1528,7.332369205929062,1,1,1,3,2,8,0,0.0,0,1,0,0,0,0,1835,7.515344571180436,0,2,0,1,5,5,1.791759469228055,1,0,2,0,5,5,1490,7.307202314764738,1,1,2,0,6,0,1,7,126.0
4,1160,7.057036981697891,1,2,0,5,0,15,14,3,3,1160,7.057036981697891,1,2,0,5,0,500,6.2166061010848646,1,1,2,0,3,0,0,0.0,0,1,0,0,0,0,1160,7.057036981697891,1,2,0,5,0,842,6.736966958001855,1,1,2,2,2,2,127,4.852030263919617,1,0,1,2,1,7,1,3,188.0
3,502,6.220590170099739,1,1,2,5,2,8,9,5,4,502,6.220590170099739,1,1,2,5,2,113,4.736198448394496,1,0,2,3,1,3,0,0.0,0,1,0,0,0,0,502,6.220590170099739,1,1,2,5,2,85,4.454347296253507,1,0,1,0,1,5,4,1.6094379124341003,1,1,1,4,4,4,1,3,174.0
3,1003,6.911747300251674,0,1,3,2,3,17,4,5,0,1003,6.911747300251674,0,1,3,2,3,267,5.5909869805108565,1,0,0,2,1,7,0,0.0,0,1,0,0,0,0,1003,6.911747300251674,0,1,3,2,3,304,5.720311776607412,1,1,1,4,3,4,405,6.0063531596017325,1,0,0,0,6,5,1,3,52.0
7,607,6.410174881966167,0,1,2,5,7,17,8,5,4,536,6.285998094508865,1,2,1,4,6,0,0.0,0,1,0,0,0,0,0,0.0,0,1,0,0,0,0,607,6.410174881966167,0,1,2,5,7,375,5.929589143389895,1,0,0,0,4,5,7,2.0794415416798357,1,0,1,2,0,7,1,1,49.0
4,1058,6.9650803456014065,1,2,3,1,8,2,4,10,2,1058,6.9650803456014065,1,2,3,1,8,332,5.808142489980444,1,1,2,2,3,2,0,0.0,0,1,0,0,0,0,1058,6.9650803456014065,1,2,3,1,8,111,4.718498871295094,1,0,0,1,6,1,317,5.762051382780177,1,0,2,2,2,7,1,3,215.0
0,1252,7.133295954896068,1,1,2,6,2,8,0,1,1,1252,7.133295954896068,1,1,2,6,2,118,4.77912349311153,1,1,1,3,6,8,0,0.0,0,1,0,0,0,0,1252,7.133295954896068,1,1,2,6,2,1091,6.9957661563048505,1,0,2,1,6,1,135,4.912654885736052,1,0,0,0,2,5,1,3,3.0
0,1119,7.02108396428914,0,0,4,6,9,3,1,1,2,1119,7.02108396428914,0,0,4,6,9,876,6.776506992372183,1,1,0,1,1,6,0,0.0,0,1,0,0,0,0,1119,7.02108396428914,0,0,4,6,9,254,5.541263545158426,1,1,2,4,2,4,848,6.744059186311348,1,1,2,3,1,8,1,3,15.0
1,442,6.093569770045136,1,1,2,1,2,17,3,13,4,442,6.093569770045136,1,1,2,1,2,235,5.4638318050256105,1,0,1,0,4,5,0,0.0,0,1,0,0,0,0,442,6.093569770045136,1,1,2,1,2,193,5.267858159063328,1,0,1,3,4,3,161,5.087596335232384,1,0,2,1,0,1,1,3,54.0
5,1936,7.5688956634069955,1,1,1,4,6,0,4,8,2,1936,7.5688956634069955,1,1,1,4,6,36,3.6109179126442243,1,1,0,1,1,6,0,0.0,0,1,0,0,0,0,1936,7.5688956634069955,1,1,1,4,6,1884,7.541683099882111,1,1,0,4,1,4,41,3.7376696182833684,1,0,2,1,6,1,1,3,2.0
6,1379,7.22983877815125,0,2,4,0,9,5,3,10,2,1379,7.22983877815125,0,2,4,0,9,31,3.4657359027997265,1,0,1,1,3,1,0,0.0,0,1,0,0,0,0,1379,7.22983877815125,0,2,4,0,9,1276,7.152268856032539,1,1,1,1,2,6,31,3.4657359027997265,1,0,1,1,3,1,1,4,24.0
5,872,6.771935555839602,1,2,2,4,2,14,14,6,3,872,6.771935555839602,1,2,2,4,2,229,5.438079308923196,1,0,1,4,5,9,0,0.0,0,1,0,0,0,0,872,6.771935555839602,1,2,2,4,2,531,6.2766434893416445,1,0,0,1,6,1,0,0.0,0,1,0,0,0,0,1,3,190.0
1,378,5.937536205082426,1,0,3,0,8,14,6,2,3,378,5.937536205082426,1,0,3,0,8,282,5.645446897643238,1,1,0,2,2,2,0,0.0,0,1,0,0,0,0,378,5.937536205082426,1,0,3,0,8,188,5.241747015059643,1,1,2,3,6,8,56,4.04305126783455,1,1,2,1,0,6,2,3,120.0
2,1803,7.4977617006225685,0,0,3,4,3,6,13,2,3,1803,7.4977617006225685,0,0,3,4,3,900,6.803505257608338,1,1,0,0,4,0,0,0.0,0,1,0,0,0,0,1803,7.4977617006225685,0,0,3,4,3,1011,6.919683849847411,1,0,0,1,3,1,654,6.484635235635252,1,1,0,4,3,4,3,3,128.0
8,493,6.202535517187923,0,1,3,3,3,3,3,0,5,471,6.156978985585555,0,0,1,2,1,0,0.0,0,1,0,0,0,0,0,0.0,0,1,0,0,0,0,493,6.202535517187923,0,1,3,3,3,235,5.4638318050256105,1,0,1,0,4,5,70,4.2626798770413155,1,1,1,0,0,0,1,1,32.0
5,1352,7.210079628170788,1,2,2,1,2,17,16,5,4,1352,7.210079628170788,1,2,2,1,2,433,6.073044534100405,1,0,1,3,6,3,0,0.0,0,1,0,0,0,0,1352,7.210079628170788,1,2,2,1,2,846,6.741700694652055,1,1,0,1,6,6,459,6.131226489483141,1,0,0,4,4,9,1,3,7.0
5,979,6.887552571664617,0,1,4,6,9,8,13,17,1,979,6.887552571664617,0,1,4,6,9,60,4.110873864173311,1,1,0,0,4,0,0,0.0,0,1,0,0,0,0,979,6.887552571664617,0,1,4,6,9,850,6.7464121285733745,1,1,1,0,3,0,78,4.3694478524670215,1,1,0,3,1,8,1,3,11.0
0,1835,7.515344571180436,0,2,0,1,5,9,2,13,0,1835,7.515344571180436,0,2,0,1,5,1118,7.020190708311925,1,1,2,3,5,8,0,0.0,0,1,0,0,0,0,1835,7.515344571180436,0,2,0,1,5,147,4.997212273764115,1,0,0,2,0,7,1397,7.242797922793756,1,0,2,2,4,7,1,3,4.0
8,1756,7.471363088187097,1,1,1,6,6,11,3,10,5,1756,7.471363088187097,1,1,1,6,6,1544,7.3427791893318455,1,1,2,4,4,4,0,0.0,0,1,0,0,0,0,1756,7.471363088187097,1,1,1,6,6,295,5.69035945432406,1,0,1,0,1,5,499,6.214608098422191,1,0,1,4,2,9,1,3,669.0
2,588,6.3784261836515865,1,0,3,0,8,10,1,3,5,588,6.3784261836515865,1,0,3,0,8,134,4.90527477843843,1,1,2,4,1,4,0,0.0,0,1,0,0,0,0,588,6.3784261836515865,1,0,3,0,8,51,3.9512437185814275,1,0,0,1,2,1,328,5.796057750765372,1,1,1,3,6,8,1,3,5.0
0,453,6.118097198041348,0,0,3,5,3,3,1,4,0,453,6.118097198041348,0,0,3,5,3,53,3.9889840465642745,1,0,2,3,4,3,0,0.0,0,1,0,0,0,0,453,6.118097198041348,0,0,3,5,3,336,5.820082930352362,1,1,0,1,0,6,76,4.343805421853684,1,1,1,1,6,6,1,3,6.0
2,1099,7.003065458786462,0,1,4,0,9,1,4,17,1,1099,7.003065458786462,0,1,4,0,9,28,3.367295829986474,1,1,1,3,0,8,0,0.0,0,1,0,0,0,0,1099,7.003065458786462,0,1,4,0,9,1072,6.9782137426306985,1,1,1,2,1,2,26,3.295836866004329,1,1,2,1,5,6,1,3,1.0
8,1225,7.111512116496157,0,1,0,0,5,13,17,10,5,1225,7.111512116496157,0,1,0,0,5,238,5.476463551931511,1,1,1,3,0,8,0,0.0,0,1,0,0,0,0,1225,7.111512116496157,0,1,0,0,5,1087,6.992096427415888,1,0,1,2,2,7,17,2.8903717578961645,1,0,2,2,3,7,1,4,114.0
5,1509,7.31986492980897,0,0,4,4,9,1,8,16,0,1509,7.31986492980897,0,0,4,4,9,1204,7.094234845924755,1,1,1,4,0,4,0,0.0,0,1,0,0,0,0,1509,7.31986492980897,0,0,4,4,9,165,5.111987788356544,1,0,0,0,4,5,1265,7.143617602704121,1,0,2,0,5,5,1,3,6.0
3,999,6.907755278982137,0,0,4,5,9,7,0,6,0,999,6.907755278982137,0,0,4,5,9,828,6.720220155135295,1,1,0,3,2,8,0,0.0,0,1,0,0,0,0,999,6.907755278982137,0,0,4,5,9,92,4.532599493153256,1,1,2,2,1,2,704,6.558197802812269,1,1,2,4,4,4,1,4,109.0
6,1306,7.175489713624222,1,1,1,4,6,2,16,6,3,1054,6.961296045910167,1,1,4,4,4,0,0.0,0,1,0,0,0,0,0,0.0,0,1,0,0,0,0,1306,7.175489713624222,1,1,1,4,6,987,6.895682697747868,1,0,0,2,0,7,32,3.4965075614664802,1,1,2,2,4,2,1,1,1.0
3,827,6.71901315438526,0,2,2,1,7,2,5,2,2,827,6.71901315438526,0,2,2,1,7,6,1.9459101490553132,1,1,0,1,6,6,0,0.0,0,1,0,0,0,0,827,6.71901315438526,0,2,2,1,7,405,6.0063531596017325,1,0,0,0,6,5,148,5.003946305945459,1,1,1,3,1,8,1,3,44.0
2,953,6.860663671448287,0,2,3,1,3,6,12,10,1,953,6.860663671448287,0,2,3,1,3,54,4.007333185232471,1,1,0,4,5,4,0,0.0,0,1,0,0,0,0,953,6.860663671448287,0,2,3,1,3,865,6.763884908562435,1,0,1,0,4,5,68,4.23410650459726,1,1,2,3,5,8,1,3,2.0
3,1250,7.1316985104669115,1,2,0,4,0,6,16,8,4,1250,7.1316985104669115,1,2,0,4,0,66,4.204692619390966,1,1,0,1,3,6,0,0.0,0,1,0,0,0,0,1250,7.1316985104669115,1,2,0,4,0,1179,7.07326971745971,1,0,0,4,3,9,43,3.784189633918261,1,0,1,3,1,3,1,3,17.0
4,390,5.968707559985366,1,0,0,5,0,16,2,12,4,390,5.968707559985366,1,0,0,5,0,6,1.9459101490553132,1,1,0,1,6,6,0,0.0,0,1,0,0,0,0,390,5.968707559985366,1,0,0,5,0,382,5.948034989180646,1,1,1,2,4,2,7,2.0794415416798357,1,0,1,2,0,7,1,6,0.0
5,370,5.916202062607435,1,1,0,6,0,13,3,16,5,370,5.916202062607435,1,1,0,6,0,51,3.9512437185814275,1,0,0,1,2,1,0,0.0,0,1,0,0,0,0,370,5.916202062607435,1,1,0,6,0,319,5.768320995793772,1,0,1,4,4,9,42,3.7612001156935624,1,1,0,2,0,2,1,3,6.0
6,549,6.309918278226516,0,0,4,3,9,4,9,7,1,549,6.309918278226516,0,0,4,3,9,296,5.6937321388027,1,1,2,1,2,6,0,0.0,0,1,0,0,0,0,549,6.309918278226516,0,0,4,3,9,262,5.572154032177765,1,1,1,2,3,2,83,4.430816798843313,1,0,2,3,6,3,1,3,139.0
5,1169,7.064759027791802,0,2,4,0,9,4,15,12,0,1169,7.064759027791802,0,2,4,0,9,672,6.511745329644728,1,1,0,2,0,2,0,0.0,0,1,0,0,0,0,1169,7.064759027791802,0,2,4,0,9,2,1.0986122886681098,1,1,2,2,2,2,831,6.723832440821209,1,0,0,1,5,1,1,4,59.0
5,1301,7.171656822768514,0,2,1,6,1,17,0,0,4,1301,7.171656822768514,0,2,1,6,1,836,6.729824070489475,1,1,2,1,3,6,0,0.0,0,1,0,0,0,0,1301,7.171656822768514,0,2,1,6,1,281,5.641907070938114,1,0,2,1,1,1,541,6.295266001439646,1,0,1,1,2,1,1,3,258.0
4,312,5.746203190540153,1,0,2,4,2,8,3,0,0,312,5.746203190540153,1,0,2,4,2,34,3.5553480614894135,1,1,1,4,6,4,0,0.0,0,1,0,0,0,0,312,5.746203190540153,1,0,2,4,2,171,5.147494476813453,1,0,0,1,3,1,38,3.6635616461296463,1,1,2,3,3,8,1,3,33.0
5,1178,7.072421900537371,1,2,3,2,8,17,9,3,1,1178,7.072421900537371,1,2,3,2,8,56,4.04305126783455,1,1,2,1,0,6,0,0.0,0,1,0,0,0,0,1178,7.072421900537371,1,2,3,2,8,1006,6.914730892718563,1,1,1,1,5,6,60,4.110873864173311,1,1,0,0,4,0,2,3,36.0
7,1666,7.418780882750794,1,1,1,0,6,13,16,4,2,1666,7.418780882750794,1,1,1,0,6,1666,7.418780882750794,1,1,1,1,0,6,537,6.2878585601617845,1,0,0,2,5,7,1666,7.418780882750794,1,1,1,0,6,154,5.043425116919247,1,1,1,4,0,4,206,5.332718793265369,1,1,2,1,3,6,1,6,1101.0
6,1620,7.390798521735676,1,0,0,3,0,10,15,2,3,1620,7.390798521735676,1,0,0,3,0,1355,7.212294468500341,1,0,2,0,4,5,0,0.0,0,1,0,0,0,0,1620,7.390798521735676,1,0,0,3,0,256,5.54907608489522,1,1,1,1,4,6,1337,7.198931240688173,1,0,2,2,0,7,1,3,15.0
2,922,6.827629234502852,1,1,2,5,2,11,7,9,3,922,6.827629234502852,1,1,2,5,2,361,5.8916442118257715,1,0,1,1,4,1,0,0.0,0,1,0,0,0,0,922,6.827629234502852,1,1,2,5,2,608,6.411818267709897,1,1,2,3,6,8,246,5.5093883366279774,1,1,0,1,1,6,1,3,61.0
7,1916,7.558516743045645,1,2,1,5,6,17,16,2,4,1916,7.558516743045645,1,2,1,5,6,1916,7.558516743045645,1,1,2,1,5,6,512,6.240275845170769,1,1,2,2,1,2,1916,7.558516743045645,1,2,1,5,6,9,2.302585092994046,1,0,0,4,2,9,867,6.7661917146603505,1,0,0,2,6,7,1,6,867.0
3,1675,7.424165281042028,0,1,0,2,5,15,11,16,4,1675,7.424165281042028,0,1,0,2,5,1675,7.424165281042028,1,0,1,0,2,5,56,4.04305126783455,1,1,2,1,0,6,1675,7.424165281042028,0,1,0,2,5,293,5.683579767338681,1,0,2,3,6,3,964,6.872128101338986,1,1,1,4,5,4,1,6,395.0
6,1970,7.58629630715272,1,2,0,3,0,0,1,6,0,1970,7.58629630715272,1,2,0,3,0,698,6.54965074223381,1,1,2,3,5,8,0,0.0,0,1,0,0,0,0,1970,7.58629630715272,1,2,0,3,0,1353,7.21081845347222,1,0,0,3,2,3,527,6.269096283706261,1,0,2,2,2,7,1,3,87.0
8,971,6.879355804460439,0,2,1,5,1,14,16,8,1,971,6.879355804460439,0,2,1,5,1,769,6.646390514847729,1,0,1,4,6,9,0,0.0,0,1,0,0,0,0,971,6.879355804460439,0,2,1,5,1,290,5.673323267171493,1,1,2,0,3,0,527,6.269096283706261,1,0,2,2,2,7,1,3,132.0
1,1040,6.947937068614969,1,2,0,4,0,3,16,3,2,1040,6.947937068614969,1,2,0,4,0,432,6.07073772800249,1,1,0,2,5,2,0,0.0,0,1,0,0,0,0,1040,6.947937068614969,1,2,0,4,0,500,6.2166061010848646,1,1,2,0,3,0,21,3.091042453358316,1,0,0,1,0,1,1,3,310.0
1,837,6.731018100482083,0,0,2,4,7,3,16,5,0,837,6.731018100482083,0,0,2,4,7,837,6.731018100482083,1,0,0,2,4,7,31,3.4657359027997265,1,0,1,1,3,1,837,6.731018100482083,0,0,2,4,7,195,5.278114659230517,1,0,0,0,6,5,401,5.996452088619021,1,0,2,1,2,1,1,10,236.0
5,1708,7.443663683115591,1,1,3,0,8,7,10,15,1,1708,7.443663683115591,1,1,3,0,8,386,5.958424693029782,1,1,2,1,1,6,0,0.0,0,1,0,0,0,0,1708,7.443663683115591,1,1,3,0,8,223,5.4116460518550396,1,0,1,3,6,3,313,5.749392985908253,1,0,1,3,5,3,1,3,415.0
1,1277,7.15305163493748,0,2,2,3,7,0,1,16,2,1277,7.15305163493748,0,2,2,3,7,635,6.455198563340122,1,0,2,0,5,5,0,0.0,0,1,0,0,0,0,1277,7.15305163493748,0,2,2,3,7,674,6.51471269087253,1,1,2,4,2,4,490,6.19644412779452,1,1,1,0,0,0,1,3,86.0
0,734,6.5998704992128365,1,2,4,6,4,8,16,8,3,734,6.5998704992128365,1,2,4,6,4,239,5.480638923341991,1,0,2,4,1,9,0,0.0,0,1,0,0,0,0,734,6.5998704992128365,1,2,4,6,4,487,6.1903154058531475,1,0,1,2,4,7,180,5.198497031265826,1,1,0,0,5,0,1,3,42.0
1,1391,7.238496840894365,0,2,1,5,1,11,0,10,0,1391,7.238496840894365,0,2,1,5,1,239,5.480638923341991,1,0,2,4,1,9,0,0.0,0,1,0,0,0,0,1391,7.238496840894365,0,2,1,5,1,990,6.898714534329988,1,1,0,0,3,0,128,4.859812404361672,1,1,2,3,2,8,1,3,128.0
4,945,6.852242569051878,0,0,0,0,5,6,8,0,5,945,6.852242569051878,0,0,0,0,5,54,4.007333185232471,1,1,0,4,5,4,0,0.0,0,1,0,0,0,0,945,6.852242569051878,0,0,0,0,5,874,6.774223886357614,1,1,1,4,6,4,58,4.07753744390572,1,1,1,3,2,8,1,3,3.0
1,643,6.467698726104354,0,1,3,6,3,16,15,10,1,643,6.467698726104354,0,1,3,6,3,643,6.467698726104354,1,0,1,3,6,3,116,4.762173934797756,1,1,2,1,4,6,643,6.467698726104354,0,1,3,6,3,163,5.099866427824199,1,0,1,3,2,3,177,5.181783550292085,1,0,0,2,2,7,1,6,295.0
7,699,6.551080335043404,0,0,4,6,9,13,8,14,5,699,6.551080335043404,0,0,4,6,9,42,3.7612001156935624,1,1,0,2,0,2,0,0.0,0,1,0,0,0,0,699,6.551080335043404,0,0,4,6,9,385,5.955837369464831,1,0,1,0,0,5,139,4.941642422609304,1,0,1,4,6,9,1,3,26.0
2,646,6.472346294500901,1,1,1,2,6,15,10,15,1,646,6.472346294500901,1,1,1,2,6,646,6.472346294500901,1,1,1,1,2,6,37,3.6375861597263857,1,0,1,2,2,7,646,6.472346294500901,1,1,1,2,6,8,2.1972245773362196,1,1,2,3,1,8,416,6.0330862217988015,1,1,2,1,3,6,1,7,163.0
4,1981,7.591861714889934,0,1,1,0,1,8,2,14,3,1981,7.591861714889934,0,1,1,0,1,183,5.214935757608986,1,0,0,3,1,3,0,0.0,0,1,0,0,0,0,1981,7.591861714889934,0,1,1,0,1,1408,7.25063551189868,1,1,1,3,1,8,9,2.302585092994046,1,0,0,4,2,9,1,3,246.0
7,1363,7.218176838403408,0,1,3,5,3,10,0,16,0,1363,7.218176838403408,0,1,3,5,3,1040,6.947937068614969,1,1,2,0,4,0,0,0.0,0,1,0,0,0,0,1363,7.218176838403408,0,1,3,5,3,283,5.648974238161206,1,0,1,3,3,3,805,6.692083742506628,1,0,1,0,0,5,1,3,170.0
7,1313,7.1808311990445555,0,2,3,4,3,8,6,3,3,1313,7.1808311990445555,0,2,3,4,3,561,6.331501849893691,1,0,0,1,1,1,0,0.0,0,1,0,0,0,0,1313,7.1808311990445555,0,2,3,4,3,747,6.617402977974478,1,0,0,2,5,7,220,5.3981627015177525,1,1,1,0,3,0,1,3,229.0
7,1073,6.97914527506881,0,2,3,2,3,13,17,10,4,995,6.903747257584598,0,2,0,1,5,0,0.0,0,1,0,0,0,0,0,0.0,0,1,0,0,0,0,1073,6.97914527506881,0,2,3,2,3,804,6.690842277418564,1,1,0,4,6,4,49,3.912023005428146,1,0,1,4,0,9,1,1,31.0
7,1842,7.519149957669823,1,0,2,1,2,17,7,16,4,1842,7.519149957669823,1,0,2,1,2,297,5.697093486505405,1,0,0,2,3,7,0,0.0,0,1,0,0,0,0,1842,7.519149957669823,1,0,2,1,2,1542,7.341483852363161,1,1,0,2,2,2,30,3.4339872044851463,1,1,0,0,2,0,3,3,179.0
1,1901,7.550661243105336,0,2,1,4,1,15,9,15,0,1901,7.550661243105336,0,2,1,4,1,1300,7.170888478512505,1,1,1,0,5,0,0,0.0,0,1,0,0,0,0,1901,7.550661243105336,0,2,1,4,1,596,6.391917113392602,1,1,2,1,1,6,1289,7.162397497355718,1,0,2,4,1,9,1,3,9.0
1,1509,7.31986492980897,0,0,4,4,9,14,14,2,2,1509,7.31986492980897,0,0,4,4,9,251,5.529429087511423,1,0,2,1,6,1,0,0.0,0,1,0,0,0,0,1509,7.31986492980897,0,0,4,4,9,1222,7.109062135687172,1,1,1,2,4,2,200,5.303304908059076,1,1,2,0,4,0,1,3,46.0
0,780,6.660575149839686,1,0,0,3,0,17,15,15,0,780,6.660575149839686,1,0,0,3,0,133,4.897839799950911,1,0,1,3,0,3,0,0.0,0,1,0,0,0,0,780,6.660575149839686,1,0,0,3,0,657,6.489204931325317,1,0,0,2,6,7,113,4.736198448394496,1,0,2,3,1,3,1,3,10.0
7,1505,7.317212408359839,0,2,0,0,5,14,14,3,2,1505,7.317212408359839,0,2,0,0,5,996,6.904750769961838,1,1,0,1,2,6,0,0.0,0,1,0,0,0,0,1505,7.317212408359839,0,2,0,0,5,780,6.660575149839686,1,1,0,0,3,0,133,4.897839799950911,1,0,1,3,0,3,1,3,485.0
7,1451,7.280697195384741,0,2,1,2,1,3,14,5,4,997,6.905753276311464,0,1,2,3,7,0,0.0,0,1,0,0,0,0,0,0.0,0,1,0,0,0,0,1451,7.280697195384741,0,2,1,2,1,409,6.016157159698354,1,0,1,4,3,9,207,5.337538079701318,1,0,0,2,4,7,1,1,58.0
7,583,6.369900982828227,0,1,3,2,3,9,5,17,0,583,6.369900982828227,0,1,3,2,3,342,5.8377304471659395,1,1,0,2,6,2,0,0.0,0,1,0,0,0,0,583,6.369900982828227,0,1,3,2,3,246,5.5093883366279774,1,1,0,1,1,6,329,5.799092654460526,1,0,2,4,0,9,1,3,7.0
2,1761,7.474204806496124,0,0,1,4,1,8,15,0,3,1670,7.421177528595393,1,2,0,4,0,0,0.0,0,1,0,0,0,0,0,0.0,0,1,0,0,0,0,1761,7.474204806496124,0,0,1,4,1,1128,7.029087564149662,1,1,0,3,1,8,178,5.187385805840755,1,1,1,3,3,8,1,1,62.0
5,321,5.7745515455444085,0,0,1,6,1,2,13,14,3,321,5.7745515455444085,0,0,1,6,1,95,4.564348191467836,1,0,2,0,4,5,0,0.0,0,1,0,0,0,0,321,5.7745515455444085,0,0,1,6,1,230,5.442417710521793,1,1,2,0,6,0,84,4.442651256490317,1,1,0,4,0,4,1,3,6.0
8,1063,6.96979066990159,0,1,3,6,3,5,10,10,3,669,6.507277712385012,0,0,4,4,9,0,0.0,0,1,0,0,0,0,0,0.0,0,1,0,0,0,0,1063,6.96979066990159,0,1,3,6,3,213,5.365976015021851,1,0,0,3,3,3,228,5.43372200355424,1,1,0,3,4,8,1,1,0.0
5,1727,7.454719949364001,0,2,2,5,7,4,2,12,5,1407,7.249925536717988,0,0,2,0,7,0,0.0,0,1,0,0,0,0,0,0.0,0,1,0,0,0,0,1727,7.454719949364001,0,2,2,5,7,178,5.187385805840755,1,1,1,3,3,8,349,5.857933154483459,1,0,1,4,6,9,1,1,177.0
8,1103,7.00669522683704,0,2,3,4,3,9,11,2,4,1103,7.00669522683704,0,2,3,4,3,498,6.212606095751519,1,1,0,3,1,8,0,0.0,0,1,0,0,0,0,1103,7.00669522683704,0,2,3,4,3,581,6.366470447731438,1,0,2,1,0,1,501,6.218600119691729,1,0,0,1,4,1,1,3,6.0
7,1600,7.3783837129967145,1,1,0,4,0,6,9,9,1,1600,7.3783837129967145,1,1,0,4,0,186,5.231108616854587,1,1,0,1,4,6,0,0.0,0,1,0,0,0,0,1600,7.3783837129967145,1,1,0,4,0,1437,7.271008538280992,1,0,0,2,2,7,131,4.882801922586371,1,0,2,1,5,1,1,3,29.0
0,1943,7.572502985020384,0,2,3,4,3,11,12,8,5,1878,7.538494999413465,1,0,3,2,8,0,0.0,0,1,0,0,0,0,0,0.0,0,1,0,0,0,0,1943,7.572502985020384,0,2,3,4,3,1781,7.485491608030754,1,0,2,1,3,1,26,3.295836866004329,1,1,2,1,5,6,1,1,15.0
6,1471,7.294377299288821,0,1,1,1,1,6,16,6,0,1471,7.294377299288821,0,1,1,1,1,250,5.5254529391317835,1,1,1,0,5,0,0,0.0,0,1,0,0,0,0,1471,7.294377299288821,0,1,1,1,1,967,6.875232087276577,1,0,1,2,1,7,371,5.918893854273146,1,0,2,1,0,1,1,3,4.0
0,1776,7.482681828154651,1,0,1,5,6,13,4,8,0,1776,7.482681828154651,1,0,1,5,6,1310,7.1785454837637,1,1,2,0,1,0,0,0.0,0,1,0,0,0,0,1776,7.482681828154651,1,0,1,5,6,176,5.176149732573829,1,1,2,1,1,6,1374,7.226209010100671,1,1,0,4,2,4,2,3,54.0
4,1301,7.171656822768514,0,2,1,6,1,6,17,8,3,1301,7.171656822768514,0,2,1,6,1,293,5.683579767338681,1,0,2,3,6,3,0,0.0,0,1,0,0,0,0,1301,7.171656822768514,0,2,1,6,1,289,5.66988092298052,1,0,1,4,2,9,636,6.456769655572163,1,1,0,1,6,6,1,3,11.0
3,544,6.300785794663244,1,1,4,5,4,4,0,1,3,544,6.300785794663244,1,1,4,5,4,199,5.298317366548036,1,0,1,4,3,9,0,0.0,0,1,0,0,0,0,544,6.300785794663244,1,1,4,5,4,336,5.820082930352362,1,1,0,1,0,6,94,4.553876891600541,1,1,1,4,3,4,1,3,73.0
7,692,6.541029999189903,1,2,2,6,2,11,16,6,5,692,6.541029999189903,1,2,2,6,2,284,5.652489180268651,1,1,2,4,4,4,0,0.0,0,1,0,0,0,0,692,6.541029999189903,1,2,2,6,2,405,6.0063531596017325,1,0,0,0,6,5,152,5.030437921392435,1,1,2,2,5,2,1,3,89.0
1,1499,7.313220387090301,0,2,4,1,9,17,2,7,4,1499,7.313220387090301,0,2,4,1,9,199,5.298317366548036,1,0,1,4,3,9,0,0.0,0,1,0,0,0,0,1499,7.313220387090301,0,2,4,1,9,1256,7.136483208590247,1,1,2,1,3,6,95,4.564348191467836,1,0,2,0,4,5,1,3,84.0
3,1806,7.499423290592229,1,0,1,0,6,15,14,14,0,1806,7.499423290592229,1,0,1,0,6,336,5.820082930352362,1,1,0,1,0,6,0,0.0,0,1,0,0,0,0,1806,7.499423290592229,1,0,1,0,6,919,6.824373670043086,1,0,1,4,2,9,541,6.295266001439646,1,0,1,1,2,1,1,3,47.0
8,489,6.194405391104672,0,0,4,6,9,11,17,11,0,489,6.194405391104672,0,0,4,6,9,489,6.194405391104672,1,0,0,4,6,9,21,3.091042453358316,1,0,0,1,0,1,489,6.194405391104672,0,0,4,6,9,185,5.225746673713202,1,0,2,0,3,5,44,3.8066624897703196,1,1,2,4,2,4,1,6,242.0
4,790,6.673297967767654,1,1,0,6,0,11,6,7,5,790,6.673297967767654,1,1,0,6,0,186,5.231108616854587,1,1,0,1,4,6,0,0.0,0,1,0,0,0,0,790,6.673297967767654,1,1,0,6,0,589,6.380122536899765,1,0,1,4,1,9,126,4.844187086458591,1,1,0,1,0,6,1,3,45.0
2,1251,7.132497551660044,0,0,1,5,1,7,17,10,3,1221,7.108244139731541,0,0,1,3,1,0,0.0,0,1,0,0,0,0,0,0.0,0,1,0,0,0,0,1251,7.132497551660044,0,0,1,5,1,705,6.559615237493242,1,0,0,0,5,5,96,4.574710978503383,1,1,0,1,5,6,3,1,108.0
4,1243,7.126087273299125,0,1,3,4,3,0,17,15,1,1243,7.126087273299125,0,1,3,4,3,686,6.532334292222349,1,1,2,1,0,6,0,0.0,0,1,0,0,0,0,1243,7.126087273299125,0,1,3,4,3,553,6.317164686747284,1,0,1,3,0,3,688,6.535241271013659,1,1,1,3,2,8,1,3,0.0
2,452,6.115892125483034,1,2,2,4,2,3,0,2,5,452,6.115892125483034,1,2,2,4,2,51,3.9512437185814275,1,0,0,1,2,1,0,0.0,0,1,0,0,0,0,452,6.115892125483034,1,2,2,4,2,410,6.018593214496234,1,1,2,0,4,0,24,3.2188758248682006,1,1,0,4,3,4,1,3,15.0
5,684,6.529418838262226,1,0,4,5,4,9,2,8,0,684,6.529418838262226,1,0,4,5,4,641,6.464588303689961,1,0,2,1,4,1,0,0.0,0,1,0,0,0,0,684,6.529418838262226,1,0,4,5,4,100,4.61512051684126,1,1,1,0,2,0,344,5.84354441703136,1,1,2,4,1,4,1,3,179.0
1,1772,7.480428306074208,1,2,2,1,2,7,14,12,4,1772,7.480428306074208,1,2,2,1,2,13,2.6390573296152584,1,0,1,3,6,3,0,0.0,0,1,0,0,0,0,1772,7.480428306074208,1,2,2,1,2,1139,7.038783541388542,1,0,2,4,5,9,170,5.14166355650266,1,1,2,0,2,0,1,3,102.0
0,1036,6.9440872082295275,1,1,1,0,6,2,17,16,4,1036,6.9440872082295275,1,1,1,0,6,639,6.461468176353717,1,0,0,4,2,9,0,0.0,0,1,0,0,0,0,1036,6.9440872082295275,1,1,1,0,6,500,6.2166061010848646,1,1,2,0,3,0,64,4.174387269895637,1,1,1,4,1,4,1,3,349.0
5,1524,7.329749689041512,1,0,4,5,4,5,11,3,2,1524,7.329749689041512,1,0,4,5,4,37,3.6375861597263857,1,0,1,2,2,7,0,0.0,0,1,0,0,0,0,1524,7.329749689041512,1,0,4,5,4,1273,7.149916836132109,1,0,1,3,6,3,129,4.867534450455582,1,0,0,4,3,9,1,3,10.0
4,1668,7.419979923661835,1,0,3,2,8,16,15,5,4,1668,7.419979923661835,1,0,3,2,8,1517,7.325148957955575,1,0,2,2,5,7,0,0.0,0,1,0,0,0,0,1668,7.419979923661835,1,0,3,2,8,106,4.672828834461906,1,1,1,1,1,6,1451,7.280697195384741,1,0,2,1,2,1,1,3,59.0
1,1391,7.238496840894365,0,2,1,5,1,4,3,0,4,1391,7.238496840894365,0,2,1,5,1,288,5.666426688112432,1,1,0,3,1,8,0,0.0,0,1,0,0,0,0,1391,7.238496840894365,0,2,1,5,1,993,6.901737206656574,1,0,0,3,6,3,265,5.583496308781699,1,0,1,0,6,5,1,3,52.0
3,1737,7.460490305825338,0,0,2,1,7,14,9,15,5,1737,7.460490305825338,0,0,2,1,7,17,2.8903717578961645,1,0,2,2,3,7,0,0.0,0,1,0,0,0,0,1737,7.460490305825338,0,0,2,1,7,1348,7.207118856207756,1,1,1,3,4,8,5,1.791759469228055,1,0,2,0,5,5,1,3,132.0
5,1189,7.081708586105575,0,1,4,6,9,15,13,10,4,1189,7.081708586105575,0,1,4,6,9,125,4.836281906951478,1,0,2,0,6,5,0,0.0,0,1,0,0,0,0,1189,7.081708586105575,0,1,4,6,9,1057,6.964135612418245,1,0,1,2,0,7,70,4.2626798770413155,1,1,1,0,0,0,1,3,39.0
2,1227,7.113142108707088,0,0,2,2,7,4,6,11,3,1227,7.113142108707088,0,0,2,2,7,348,5.855071922202427,1,1,0,3,5,8,0,0.0,0,1,0,0,0,0,1227,7.113142108707088,0,0,2,2,7,910,6.814542897259958,1,1,1,0,0,0,175,5.170483995038151,1,0,1,0,0,5,1,3,105.0
2,705,6.559615237493242,0,0,0,5,5,12,15,12,4,705,6.559615237493242,0,0,0,5,5,91,4.5217885770490405,1,0,1,1,0,1,0,0.0,0,1,0,0,0,0,705,6.559615237493242,0,0,0,5,5,588,6.3784261836515865,1,1,0,3,0,8,101,4.624972813284271,1,0,2,1,3,1,1,3,2.0
6,1388,7.236339342754344,1,2,3,2,8,12,10,17,2,1388,7.236339342754344,1,2,3,2,8,615,6.423246963533519,1,0,0,0,6,5,0,0.0,0,1,0,0,0,0,1388,7.236339342754344,1,2,3,2,8,740,6.608000625296087,1,1,2,0,5,0,597,6.393590753950631,1,0,0,2,2,7,1,3,23.0
5,912,6.816735880594968,1,0,2,2,2,10,13,11,2,912,6.816735880594968,1,0,2,2,2,912,6.816735880594968,1,1,0,2,2,2,429,6.063785208687608,1,0,0,4,2,9,912,6.816735880594968,1,0,2,2,2,74,4.31748811353631,1,1,2,4,4,4,17,2.8903717578961645,1,0,2,2,3,7,1,6,715.0
8,875,6.775366090936392,0,2,0,0,5,3,16,3,1,875,6.775366090936392,0,2,0,0,5,10,2.3978952727983707,1,1,1,0,3,0,0,0.0,0,1,0,0,0,0,875,6.775366090936392,0,2,0,0,5,865,6.763884908562435,1,0,1,0,4,5,10,2.3978952727983707,1,1,1,0,3,0,5,4,0.0
2,1081,6.9865664594064265,0,1,1,3,1,5,14,11,2,1081,6.9865664594064265,0,1,1,3,1,595,6.39024066706535,1,0,1,0,0,5,0,0.0,0,1,0,0,0,0,1081,6.9865664594064265,0,1,1,3,1,376,5.932245187448011,1,1,1,1,5,6,509,6.234410725718371,1,0,2,4,5,9,1,3,94.0
8,380,5.942799375126701,1,2,0,2,0,4,12,2,3,380,5.942799375126701,1,2,0,2,0,305,5.723585101952381,1,0,2,0,4,5,0,0.0,0,1,0,0,0,0,380,5.942799375126701,1,2,0,2,0,75,4.330733340286331,1,0,0,0,5,5,290,5.673323267171493,1,1,2,0,3,0,5,3,10.0
6,1080,6.985641817639208,1,0,0,2,0,6,9,13,0,1080,6.985641817639208,1,0,0,2,0,215,5.375278407684165,1,0,2,0,5,5,0,0.0,0,1,0,0,0,0,1080,6.985641817639208,1,0,0,2,0,287,5.662960480135946,1,0,2,2,0,7,15,2.772588722239781,1,0,0,0,1,5,1,6,326.0
6,1286,7.160069207596127,1,2,1,5,6,14,13,7,1,1286,7.160069207596127,1,2,1,5,6,1238,7.122059881629142,1,1,2,3,6,8,0,0.0,0,1,0,0,0,0,1286,7.160069207596127,1,2,1,5,6,210,5.351858133476067,1,1,0,0,0,0,452,6.115892125483034,1,1,2,2,4,2,2,3,470.0
4,1251,7.132497551660044,0,0,1,5,1,1,1,1,1,1251,7.132497551660044,0,0,1,5,1,1251,7.132497551660044,1,0,0,1,5,1,729,6.593044534142437,1,0,0,4,1,9,1251,7.132497551660044,0,0,1,5,1,95,4.564348191467836,1,0,2,0,4,5,128,4.859812404361672,1,1,2,3,2,8,1,6,960.0
5,354,5.872117789475416,1,0,4,4,4,10,6,1,3,339,5.8289456176102075,0,0,4,3,9,0,0.0,0,1,0,0,0,0,0,0.0,0,1,0,0,0,0,354,5.872117789475416,1,0,4,4,4,294,5.68697535633982,1,1,0,4,0,4,12,2.5649493574615367,1,1,0,2,5,2,3,1,7.0
0,1783,7.486613313139955,0,1,3,5,3,16,12,11,2,1783,7.486613313139955,0,1,3,5,3,905,6.80903930604298,1,0,2,0,2,5,0,0.0,0,1,0,0,0,0,1783,7.486613313139955,0,1,3,5,3,318,5.765191102784844,1,1,0,3,3,8,822,6.71295620067707,1,1,0,2,3,2,1,3,242.0
6,1339,7.200424892944957,0,1,4,2,9,2,10,16,1,1339,7.200424892944957,0,1,4,2,9,127,4.852030263919617,1,0,1,2,1,7,0,0.0,0,1,0,0,0,0,1339,7.200424892944957,0,1,4,2,9,1181,7.074963197966044,1,0,2,1,5,1,132,4.890349128221754,1,1,0,2,6,2,1,3,7.0
5,987,6.895682697747868,0,0,2,0,7,1,6,3,0,987,6.895682697747868,0,0,2,0,7,227,5.429345628954441,1,0,2,2,3,7,0,0.0,0,1,0,0,0,0,987,6.895682697747868,0,0,2,0,7,479,6.173786103901937,1,0,2,4,3,9,126,4.844187086458591,1,1,0,1,0,6,1,3,161.0
8,1696,7.436617265234227,1,1,1,2,6,17,9,14,4,1696,7.436617265234227,1,1,1,2,6,175,5.170483995038151,1,0,1,0,0,5,0,0.0,0,1,0,0,0,0,1696,7.436617265234227,1,1,1,2,6,644,6.4692503167957724,1,1,2,4,0,4,537,6.2878585601617845,1,0,0,2,5,7,1,3,51.0
1,1452,7.2813856635702825,1,0,2,3,2,7,0,13,3,1452,7.2813856635702825,1,0,2,3,2,1044,6.951772164398911,1,1,0,4,1,4,0,0.0,0,1,0,0,0,0,1452,7.2813856635702825,1,0,2,3,2,415,6.030685260261263,1,0,1,0,2,5,238,5.476463551931511,1,1,1,3,0,8,1,3,535.0
6,558,6.326149473155099,1,0,3,5,8,8,10,1,1,558,6.326149473155099,1,0,3,5,8,136,4.919980925828125,1,1,1,1,3,6,0,0.0,0,1,0,0,0,0,558,6.326149473155099,1,0,3,5,8,451,6.113682179832232,1,0,1,1,3,1,66,4.204692619390966,1,1,0,1,3,6,1,3,37.0
8,375,5.929589143389895,0,0,0,4,5,6,17,13,4,375,5.929589143389895,0,0,0,4,5,341,5.834810737062605,1,0,2,1,5,1,0,0.0,0,1,0,0,0,0,375,5.929589143389895,0,0,0,4,5,126,4.844187086458591,1,1,0,1,0,6,139,4.941642422609304,1,0,1,4,6,9,1,3,104.0
8,1840,7.518064181233078,1,1,0,6,0,17,6,5,4,1840,7.518064181233078,1,1,0,6,0,1271,7.148345743900068,1,0,2,1,4,1,0,0.0,0,1,0,0,0,0,1840,7.518064181233078,1,1,0,6,0,586,6.375024819828097,1,1,1,1,5,6,1216,7.104144092987527,1,1,1,1,5,6,1,3,31.0
5,1465,7.290292882446597,0,1,0,2,5,7,6,13,4,1465,7.290292882446597,0,1,0,2,5,105,4.663439094112067,1,0,0,0,0,5,0,0.0,0,1,0,0,0,0,1465,7.290292882446597,0,1,0,2,5,1236,7.1204443723924875,1,1,0,1,4,6,125,4.836281906951478,1,0,2,0,6,5,1,3,28.0
0,834,6.727431724850855,1,0,4,1,4,10,11,13,3,813,6.70196036600254,0,0,3,1,3,0,0.0,0,1,0,0,0,0,0,0.0,0,1,0,0,0,0,834,6.727431724850855,1,0,4,1,4,590,6.3818160174060985,1,1,2,0,2,0,89,4.499809670330265,1,0,2,4,5,9,1,1,15.0
1,1416,7.256297239690681,1,0,1,2,6,5,0,13,1,1416,7.256297239690681,1,0,1,2,6,204,5.3230099791384085,1,1,0,4,1,4,0,0.0,0,1,0,0,0,0,1416,7.256297239690681,1,0,1,2,6,1188,7.080867896690782,1,1,0,3,5,8,180,5.198497031265826,1,1,0,0,5,0,12,3,24.0
7,1040,6.947937068614969,1,2,0,4,0,4,6,8,2,1040,6.947937068614969,1,2,0,4,0,370,5.916202062607435,1,1,1,0,6,0,0,0.0,0,1,0,0,0,0,1040,6.947937068614969,1,2,0,4,0,725,6.587550014824796,1,0,2,0,4,5,161,5.087596335232384,1,0,2,1,0,1,1,3,121.0
5,300,5.707110264748875,1,0,0,6,0,3,15,14,1,300,5.707110264748875,1,0,0,6,0,106,4.672828834461906,1,1,1,1,1,6,0,0.0,0,1,0,0,0,0,300,5.707110264748875,1,0,0,6,0,107,4.68213122712422,1,0,2,2,2,7,49,3.912023005428146,1,0,1,4,0,9,1,3,67.0
7,352,5.8664680569332965,1,1,2,2,2,15,13,10,3,352,5.8664680569332965,1,1,2,2,2,352,5.8664680569332965,1,1,1,2,2,2,234,5.459585514144159,1,1,0,4,3,4,352,5.8664680569332965,1,1,2,2,2,15,2.772588722239781,1,0,0,0,1,5,85,4.454347296253507,1,0,1,0,1,5,1,6,251.0
5,304,5.720311776607412,1,1,4,3,4,10,11,3,2,304,5.720311776607412,1,1,4,3,4,81,4.406719247264253,1,0,0,1,4,1,0,0.0,0,1,0,0,0,0,304,5.720311776607412,1,1,4,3,4,107,4.68213122712422,1,0,2,2,2,7,73,4.30406509320417,1,0,1,3,3,3,1,3,44.0
7,1011,6.919683849847411,0,0,1,3,1,7,11,10,1,774,6.652863029353347,1,0,4,4,4,0,0.0,0,1,0,0,0,0,0,0.0,0,1,0,0,0,0,1011,6.919683849847411,0,0,1,3,1,245,5.5053315359323625,1,0,2,0,0,5,203,5.318119993844216,1,0,2,3,0,3,1,1,41.0
5,753,6.625392368007956,0,0,3,4,3,6,3,13,4,753,6.625392368007956,0,0,3,4,3,72,4.290459441148391,1,1,0,2,2,2,0,0.0,0,1,0,0,0,0,753,6.625392368007956,0,0,3,4,3,627,6.4425401664681985,1,0,0,2,4,7,45,3.828641396489095,1,0,0,0,3,5,3,3,36.0
4,1044,6.951772164398911,1,0,4,1,4,7,6,1,3,1044,6.951772164398911,1,0,4,1,4,497,6.210600077024653,1,0,2,2,0,7,0,0.0,0,1,0,0,0,0,1044,6.951772164398911,1,0,4,1,4,312,5.746203190540153,1,1,0,2,4,2,412,6.023447592961033,1,1,1,2,6,2,1,3,135.0
2,1800,7.496097345175956,1,0,0,1,0,9,5,0,2,1800,7.496097345175956,1,0,0,1,0,239,5.480638923341991,1,0,2,4,1,9,0,0.0,0,1,0,0,0,0,1800,7.496097345175956,1,0,0,1,0,224,5.41610040220442,1,1,2,4,0,4,81,4.406719247264253,1,0,0,1,4,1,1,3,551.0
0,570,6.3473892096560105,1,0,0,3,0,5,4,2,4,570,6.3473892096560105,1,0,0,3,0,300,5.707110264748875,1,1,0,0,6,0,0,0.0,0,1,0,0,0,0,570,6.3473892096560105,1,0,0,3,0,262,5.572154032177765,1,1,1,2,3,2,280,5.638354669333745,1,1,1,0,0,0,2,3,16.0
0,680,6.523562306149512,1,2,0,1,0,10,9,12,2,680,6.523562306149512,1,2,0,1,0,667,6.504288173536645,1,0,1,2,2,7,0,0.0,0,1,0,0,0,0,680,6.523562306149512,1,2,0,1,0,34,3.5553480614894135,1,1,1,4,6,4,247,5.5134287461649825,1,0,1,2,2,7,1,6,273.0
8,482,6.180016653652572,1,2,2,6,2,3,12,9,3,482,6.180016653652572,1,2,2,6,2,409,6.016157159698354,1,0,1,4,3,9,0,0.0,0,1,0,0,0,0,482,6.180016653652572,1,2,2,6,2,72,4.290459441148391,1,1,0,2,2,2,408,6.013715156042802,1,1,0,3,2,8,1,3,1.0
8,1890,7.544861068658458,1,0,0,0,0,2,10,8,5,1829,7.512071245835466,0,2,4,2,9,0,0.0,0,1,0,0,0,0,0,0.0,0,1,0,0,0,0,1890,7.544861068658458,1,0,0,0,0,1261,7.140453043101158,1,0,1,1,1,1,176,5.176149732573829,1,1,2,1,1,6,1,1,72.0
2,1223,7.1098794630722715,0,2,3,5,3,16,9,11,0,1223,7.1098794630722715,0,2,3,5,3,639,6.461468176353717,1,0,0,4,2,9,0,0.0,0,1,0,0,0,0,1223,7.1098794630722715,0,2,3,5,3,456,6.124683390894205,1,1,0,1,1,6,562,6.333279628139691,1,1,1,2,2,2,1,3,94.0
0,590,6.3818160174060985,1,2,0,2,0,8,6,8,0,590,6.3818160174060985,1,2,0,2,0,100,4.61512051684126,1,1,1,0,2,0,0,0.0,0,1,0,0,0,0,590,6.3818160174060985,1,2,0,2,0,464,6.142037405587356,1,1,2,4,2,4,83,4.430816798843313,1,0,2,3,6,3,1,3,20.0
1,589,6.380122536899765,0,1,4,1,9,17,10,1,3,589,6.380122536899765,0,1,4,1,9,18,2.9444389791664403,1,1,0,3,4,8,0,0.0,0,1,0,0,0,0,589,6.380122536899765,0,1,4,1,9,187,5.236441962829949,1,0,1,2,5,7,180,5.198497031265826,1,1,0,0,5,0,1,4,20.0
1,1124,7.025538314638521,1,2,4,4,4,0,13,7,5,1124,7.025538314638521,1,2,4,4,4,768,6.645090969505644,1,1,0,3,5,8,0,0.0,0,1,0,0,0,0,1124,7.025538314638521,1,2,4,4,4,392,5.973809611869261,1,1,2,2,0,2,483,6.182084906716632,1,0,0,3,0,3,1,3,178.0
3,1810,7.501634457883413,1,1,0,4,0,9,10,16,2,1810,7.501634457883413,1,1,0,4,0,622,6.434546518787453,1,1,1,2,6,2,0,0.0,0,1,0,0,0,0,1810,7.501634457883413,1,1,0,4,0,967,6.875232087276577,1,0,1,2,1,7,443,6.095824562432225,1,0,2,3,2,3,1,3,193.0
4,917,6.822197390620491,0,2,2,0,7,5,11,11,5,917,6.822197390620491,0,2,2,0,7,67,4.219507705176107,1,0,1,2,4,7,0,0.0,0,1,0,0,0,0,917,6.822197390620491,0,2,2,0,7,813,6.70196036600254,1,0,0,3,1,3,42,3.7612001156935624,1,1,0,2,0,2,1,3,29.0
0,783,6.664409020350408,0,0,3,6,3,14,3,17,2,783,6.664409020350408,0,0,3,6,3,329,5.799092654460526,1,0,2,4,0,9,0,0.0,0,1,0,0,0,0,783,6.664409020350408,0,0,3,6,3,103,4.6443908991413725,1,0,1,3,5,3,473,6.161207321695077,1,0,2,3,4,3,1,3,21.0
3,1004,6.912742820493176,1,2,4,3,4,11,13,10,0,1004,6.912742820493176,1,2,4,3,4,727,6.590301048196686,1,0,1,2,6,7,0,0.0,0,1,0,0,0,0,1004,6.912742820493176,1,2,4,3,4,208,5.342334251964811,1,1,1,3,5,8,556,6.322565239927284,1,1,1,1,3,6,1,3,137.0
1,1547,7.344719054149673,0,2,2,0,7,4,14,13,4,1547,7.344719054149673,0,2,2,0,7,122,4.812184355372417,1,1,2,2,3,2,0,0.0,0,1,0,0,0,0,1547,7.344719054149673,0,2,2,0,7,1431,7.266827347520591,1,0,0,1,3,1,101,4.624972813284271,1,0,2,1,3,1,1,3,12.0
2,1038,6.946013991099227,1,0,3,2,8,15,16,4,5,1038,6.946013991099227,1,0,3,2,8,501,6.218600119691729,1,0,0,1,4,1,0,0.0,0,1,0,0,0,0,1038,6.946013991099227,1,0,3,2,8,42,3.7612001156935624,1,1,0,2,0,2,561,6.331501849893691,1,0,0,1,1,1,3,3,125.0
7,1724,7.45298232946546,1,2,4,2,4,14,17,13,1,1724,7.45298232946546,1,2,4,2,4,1553,7.348587530927593,1,0,2,3,6,3,0,0.0,0,1,0,0,0,0,1724,7.45298232946546,1,2,4,2,4,520,6.255750041753367,1,1,1,0,2,0,24,3.2188758248682006,1,1,0,4,3,4,1,3,903.0
3,800,6.68586094706836,1,2,0,2,0,2,3,0,4,800,6.68586094706836,1,2,0,2,0,0,0.0,0,1,0,0,0,0,0,0.0,0,1,0,0,0,0,800,6.68586094706836,1,2,0,2,0,800,6.68586094706836,1,1,2,0,2,0,0,0.0,0,1,0,0,0,0,800,6,0.0
3,523,6.261491684321042,0,1,3,5,3,11,9,15,4,523,6.261491684321042,0,1,3,5,3,422,6.0473721790462776,1,1,2,2,2,2,0,0.0,0,1,0,0,0,0,523,6.261491684321042,0,1,3,5,3,95,4.564348191467836,1,0,2,0,4,5,419,6.040254711277414,1,0,2,4,6,9,1,3,4.0
6,300,5.707110264748875,1,0,0,6,0,9,9,4,3,171,5.147494476813453,0,0,1,3,1,0,0.0,0,1,0,0,0,0,0,0.0,0,1,0,0,0,0,300,5.707110264748875,1,0,0,6,0,9,2.302585092994046,1,0,0,4,2,9,60,4.110873864173311,1,1,0,0,4,0,3,4,14.0
4,1316,7.183111701743281,1,2,1,0,6,14,14,6,1,1316,7.183111701743281,1,2,1,0,6,250,5.5254529391317835,1,1,1,0,5,0,0,0.0,0,1,0,0,0,0,1316,7.183111701743281,1,2,1,0,6,941,6.848005274576363,1,0,2,1,3,1,284,5.652489180268651,1,1,2,4,4,4,1,3,19.0
0,1077,6.982862751468942,0,0,2,6,7,16,1,7,0,1077,6.982862751468942,0,0,2,6,7,1077,6.982862751468942,1,0,0,2,6,7,154,5.043425116919247,1,1,1,4,0,4,1077,6.982862751468942,0,0,2,6,7,325,5.786897381366708,1,0,1,0,3,5,258,5.556828061699537,1,1,0,3,6,8,1,6,489.0
2,633,6.452048954437226,0,0,3,3,3,15,2,11,2,633,6.452048954437226,0,0,3,3,3,478,6.171700597410915,1,1,1,3,2,8,0,0.0,0,1,0,0,0,0,633,6.452048954437226,0,0,3,3,3,244,5.501258210544727,1,1,1,4,6,4,207,5.337538079701318,1,0,0,2,4,7,1,3,151.0
8,1098,7.002155954403621,1,0,3,6,8,4,17,11,0,1098,7.002155954403621,1,0,3,6,8,189,5.247024072160486,1,0,0,4,0,9,0,0.0,0,1,0,0,0,0,1098,7.002155954403621,1,0,3,6,8,850,6.7464121285733745,1,1,1,0,3,0,190,5.25227342804663,1,1,1,0,1,0,1,3,19.0
7,1135,7.035268599281097,0,1,0,1,5,15,10,10,2,1135,7.035268599281097,0,1,0,1,5,1135,7.035268599281097,1,0,1,0,1,5,266,5.58724865840025,1,1,2,1,0,6,1135,7.035268599281097,0,1,0,1,5,237,5.472270673671475,1,0,0,2,6,7,374,5.926926025970411,1,1,2,4,3,4,1,6,517.0
4,1700,7.438971592395862,1,2,0,6,0,11,0,8,1,1700,7.438971592395862,1,2,0,6,0,1700,7.438971592395862,1,1,2,0,6,0,76,4.343805421853684,1,1,1,1,6,6,1700,7.438971592395862,1,2,0,6,0,659,6.492239835020471,1,0,2,4,1,9,51,3.9512437185814275,1,0,0,1,2,1,1,6,905.0
6,480,6.175867270105761,1,0,0,4,0,10,9,16,3,458,6.129050210060545,1,2,3,3,8,0,0.0,0,1,0,0,0,0,0,0.0,0,1,0,0,0,0,480,6.175867270105761,1,0,0,4,0,308,5.733341276897746,1,1,2,3,0,8,6,1.9459101490553132,1,1,0,1,6,6,2,3,46.0
6,955,6.862757913051401,0,1,0,3,5,14,1,12,2,955,6.862757913051401,0,1,0,3,5,675,6.516193076042964,1,0,0,0,3,5,0,0.0,0,1,0,0,0,0,955,6.862757913051401,0,1,0,3,5,269,5.598421958998375,1,0,2,4,3,9,520,6.255750041753367,1,1,1,0,2,0,1,3,107.0
8,304,5.720311776607412,1,1,4,3,4,2,16,0,0,250,5.5254529391317835,1,1,0,5,0,0,0.0,0,1,0,0,0,0,0,0.0,0,1,0,0,0,0,304,5.720311776607412,1,1,4,3,4,188,5.241747015059643,1,1,2,3,6,8,22,3.1354942159291497,1,1,1,2,1,2,2,1,6.0
0,1034,6.942156705699469,1,2,4,5,4,0,5,10,5,1034,6.942156705699469,1,2,4,5,4,70,4.2626798770413155,1,1,1,0,0,0,0,0.0,0,1,0,0,0,0,1034,6.942156705699469,1,2,4,5,4,872,6.771935555839602,1,1,2,2,4,2,113,4.736198448394496,1,0,2,3,1,3,1,3,2.0
7,679,6.522092798170152,0,1,4,0,9,9,14,17,0,526,6.267200548541362,1,1,1,1,6,0,0.0,0,1,0,0,0,0,0,0.0,0,1,0,0,0,0,679,6.522092798170152,0,1,4,0,9,221,5.402677381872279,1,0,2,1,4,1,127,4.852030263919617,1,0,1,2,1,7,1,1,17.0
5,1056,6.963189985870238,1,0,1,6,6,0,8,8,5,1056,6.963189985870238,1,0,1,6,6,686,6.532334292222349,1,1,2,1,0,6,0,0.0,0,1,0,0,0,0,1056,6.963189985870238,1,0,1,6,6,181,5.204006687076795,1,0,1,1,6,1,368,5.910796644040527,1,1,2,3,4,8,1,3,275.0
3,382,5.948034989180646,1,1,2,4,2,8,15,6,4,382,5.948034989180646,1,1,2,4,2,183,5.214935757608986,1,0,0,3,1,3,0,0.0,0,1,0,0,0,0,382,5.948034989180646,1,1,2,4,2,235,5.4638318050256105,1,0,1,0,4,5,69,4.248495242049359,1,0,0,4,6,9,1,3,64.0
5,705,6.559615237493242,0,0,0,5,5,8,6,0,5,705,6.559615237493242,0,0,0,5,5,705,6.559615237493242,1,0,0,0,5,5,29,3.4011973816621555,1,0,2,4,1,9,705,6.559615237493242,0,0,0,5,5,105,4.663439094112067,1,0,0,0,0,5,316,5.75890177387728,1,1,1,1,1,6,1,6,234.0
8,803,6.6895992691789665,0,2,3,5,3,5,15,15,5,803,6.6895992691789665,0,2,3,5,3,39,3.6888794541139363,1,0,0,4,4,9,0,0.0,0,1,0,0,0,0,803,6.6895992691789665,0,2,3,5,3,203,5.318119993844216,1,0,2,3,0,3,243,5.497168225293202,1,0,0,3,5,3,1,3,51.0
2,1962,7.5822291942764615,1,0,2,2,2,16,1,6,5,1962,7.5822291942764615,1,0,2,2,2,321,5.7745515455444085,1,0,0,1,6,1,0,0.0,0,1,0,0,0,0,1962,7.5822291942764615,1,0,2,2,2,1410,7.252053951852814,1,1,0,0,3,0,96,4.574710978503383,1,1,0,1,5,6,3,3,227.0
5,616,6.424869023905388,1,1,1,0,6,1,12,8,5,616,6.424869023905388,1,1,1,0,6,405,6.0063531596017325,1,0,0,0,6,5,0,0.0,0,1,0,0,0,0,616,6.424869023905388,1,1,1,0,6,145,4.983606621708336,1,0,1,0,5,5,309,5.736572297479192,1,0,0,4,1,9,1,3,86.0
0,1785,7.487733761436444,0,0,0,0,5,6,1,14,4,1785,7.487733761436444,0,0,0,0,5,693,6.542471960506805,1,0,0,3,0,3,0,0.0,0,1,0,0,0,0,1785,7.487733761436444,0,0,0,0,5,286,5.659482215759621,1,1,1,1,6,6,901,6.804614520062624,1,0,1,1,5,1,1,3,130.0
3,1840,7.518064181233078,1,1,0,6,0,1,7,9,3,1840,7.518064181233078,1,1,0,6,0,25,3.258096538021482,1,0,1,0,4,5,0,0.0,0,1,0,0,0,0,1840,7.518064181233078,1,1,0,6,0,1823,7.508787170634276,1,0,2,3,3,3,6,1.9459101490553132,1,1,0,1,6,6,1,3,10.0
1,1231,7.116394144093465,0,1,1,6,1,6,14,14,1,1231,7.116394144093465,0,1,1,6,1,131,4.882801922586371,1,0,2,1,5,1,0,0.0,0,1,0,0,0,0,1231,7.116394144093465,0,1,1,6,1,913,6.81783057145415,1,0,1,3,3,3,154,5.043425116919247,1,1,1,4,0,4,1,3,47.0
4,677,6.519147287940395,0,2,2,5,7,7,15,9,4,677,6.519147287940395,0,2,2,5,7,70,4.2626798770413155,1,1,1,0,0,0,0,0.0,0,1,0,0,0,0,677,6.519147287940395,0,2,2,5,7,610,6.415096959171596,1,1,1,0,1,0,61,4.127134385045092,1,0,1,1,5,1,1,4,5.0
4,1705,7.441906728051625,0,1,0,4,5,13,6,7,2,1705,7.441906728051625,0,1,0,4,5,314,5.752572638825633,1,1,2,4,6,4,0,0.0,0,1,0,0,0,0,1705,7.441906728051625,0,1,0,4,5,643,6.467698726104354,1,0,1,3,6,3,532,6.278521424165844,1,1,1,2,0,2,1,3,104.0
7,1490,7.307202314764738,1,2,0,6,0,3,14,11,1,1490,7.307202314764738,1,2,0,6,0,83,4.430816798843313,1,0,2,3,6,3,0,0.0,0,1,0,0,0,0,1490,7.307202314764738,1,2,0,6,0,1362,7.217443431696533,1,1,0,2,4,2,14,2.70805020110221,1,1,2,4,0,4,1,3,61.0
3,377,5.934894195619588,0,2,2,6,7,5,1,6,0,377,5.934894195619588,0,2,2,6,7,160,5.081404364984463,1,1,1,0,6,0,0,0.0,0,1,0,0,0,0,377,5.934894195619588,0,2,2,6,7,38,3.6635616461296463,1,1,2,3,3,8,101,4.624972813284271,1,0,2,1,3,1,1,3,99.0
5,722,6.583409222158765,1,2,2,1,2,1,9,1,3,722,6.583409222158765,1,2,2,1,2,163,5.099866427824199,1,0,1,3,2,3,0,0.0,0,1,0,0,0,0,722,6.583409222158765,1,2,2,1,2,560,6.329720905522696,1,1,2,0,0,0,155,5.049856007249537,1,0,2,0,1,5,1,3,5.0
0,1370,7.223295679562314,1,2,0,5,0,16,5,5,5,1370,7.223295679562314,1,2,0,5,0,483,6.182084906716632,1,0,0,3,0,3,0,0.0,0,1,0,0,0,0,1370,7.223295679562314,1,2,0,5,0,26,3.295836866004329,1,1,2,1,5,6,894,6.796823718274855,1,1,0,4,5,4,1,3,13.0
6,738,6.6052979209482015,1,0,3,3,8,14,7,14,4,738,6.6052979209482015,1,0,3,3,8,519,6.253828811575473,1,0,0,4,1,9,0,0.0,0,1,0,0,0,0,738,6.6052979209482015,1,0,3,3,8,159,5.075173815233827,1,0,0,4,5,9,264,5.579729825986222,1,1,0,4,5,4,3,3,190.0
5,1073,6.97914527506881,0,2,3,2,3,3,4,9,3,1073,6.97914527506881,0,2,3,2,3,331,5.805134968916488,1,0,1,1,2,1,0,0.0,0,1,0,0,0,0,1073,6.97914527506881,0,2,3,2,3,657,6.489204931325317,1,0,0,2,6,7,195,5.278114659230517,1,0,0,0,6,5,1,3,119.0
0,1968,7.585281078639126,1,0,3,1,8,2,13,8,5,1968,7.585281078639126,1,0,3,1,8,496,6.208590026096629,1,1,1,1,6,6,0,0.0,0,1,0,0,0,0,1968,7.585281078639126,1,0,3,1,8,177,5.181783550292085,1,0,0,2,2,7,1088,6.9930151229329605,1,1,2,3,3,8,1,3,37.0
0,1608,7.3833681469923835,1,0,3,5,8,10,4,3,1,1608,7.3833681469923835,1,0,3,5,8,1009,6.917705609835305,1,0,1,4,1,9,0,0.0,0,1,0,0,0,0,1608,7.3833681469923835,1,0,3,5,8,584,6.371611847231857,1,1,2,4,3,4,1009,6.917705609835305,1,0,1,4,1,9,1,4,5.0
0,548,6.3080984415095305,1,2,3,2,8,14,9,12,4,304,5.720311776607412,1,1,4,3,4,0,0.0,0,1,0,0,0,0,0,0.0,0,1,0,0,0,0,548,6.3080984415095305,1,2,3,2,8,158,5.0689042022202315,1,1,2,3,4,8,73,4.30406509320417,1,0,1,3,3,3,1,1,0.0
5,1392,7.239214973779806,1,0,2,6,2,0,1,13,0,1392,7.239214973779806,1,0,2,6,2,851,6.747586526829315,1,0,2,1,4,1,0,0.0,0,1,0,0,0,0,1392,7.239214973779806,1,0,2,6,2,192,5.262690188904886,1,1,0,2,3,2,1012,6.920671504248683,1,1,1,2,4,2,1,3,9.0
2,1620,7.390798521735676,1,0,0,3,0,7,2,16,4,1620,7.390798521735676,1,0,0,3,0,1226,7.112327444710911,1,1,2,1,1,6,0,0.0,0,1,0,0,0,0,1620,7.390798521735676,1,0,0,3,0,619,6.429719478039138,1,0,1,4,3,9,551,6.313548046277095,1,0,2,1,5,1,1,3,375.0
8,1261,7.140453043101158,0,1,1,1,1,9,9,16,3,1261,7.140453043101158,0,1,1,1,1,39,3.6888794541139363,1,0,0,4,4,9,0,0.0,0,1,0,0,0,0,1261,7.140453043101158,0,1,1,1,1,532,6.278521424165844,1,1,1,2,0,2,354,5.872117789475416,1,1,0,4,4,4,1,3,20.0
0,914,6.818924065275521,1,2,4,4,4,14,1,0,5,914,6.818924065275521,1,2,4,4,4,625,6.439350371100098,1,0,1,0,2,5,0,0.0,0,1,0,0,0,0,914,6.818924065275521,1,2,4,4,4,16,2.833213344056216,1,1,1,1,2,6,718,6.577861357721047,1,1,1,3,4,8,1,3,29.0
4,1370,7.223295679562314,1,2,0,5,0,11,11,4,4,1370,7.223295679562314,1,2,0,5,0,137,4.927253685157205,1,0,2,2,4,7,0,0.0,0,1,0,0,0,0,1370,7.223295679562314,1,2,0,5,0,1148,7.046647277848756,1,1,2,3,0,8,148,5.003946305945459,1,1,1,3,1,8,1,6,21.0
8,686,6.532334292222349,1,2,1,0,6,3,7,4,3,647,6.473890696352274,0,2,2,3,7,0,0.0,0,1,0,0,0,0,0,0.0,0,1,0,0,0,0,686,6.532334292222349,1,2,1,0,6,21,3.091042453358316,1,0,0,1,0,1,229,5.438079308923196,1,0,1,4,5,9,1,1,56.0
6,471,6.156978985585555,0,0,1,2,1,0,3,13,4,471,6.156978985585555,0,0,1,2,1,400,5.993961427306569,1,1,1,0,1,0,0,0.0,0,1,0,0,0,0,471,6.156978985585555,0,0,1,2,1,198,5.293304824724492,1,1,0,3,2,8,59,4.0943445622221,1,0,2,4,3,9,1,3,185.0
5,1766,7.4770384723196965,1,2,1,2,6,9,5,1,4,1766,7.4770384723196965,1,2,1,2,6,1317,7.183870715062453,1,0,0,2,1,7,0,0.0,0,1,0,0,0,0,1766,7.4770384723196965,1,2,1,2,6,410,6.018593214496234,1,1,2,0,4,0,663,6.498282149476434,1,0,0,3,5,3,1,3,449.0
8,1104,7.007600613951853,1,0,4,5,4,17,12,10,1,1104,7.007600613951853,1,0,4,5,4,68,4.23410650459726,1,1,2,3,5,8,0,0.0,0,1,0,0,0,0,1104,7.007600613951853,1,0,4,5,4,961,6.8690144506657065,1,0,1,1,2,1,98,4.59511985013459,1,1,2,3,0,8,1,3,5.0
2,620,6.431331081933479,1,2,0,4,0,10,14,0,4,620,6.431331081933479,1,2,0,4,0,82,4.418840607796598,1,1,1,2,5,2,0,0.0,0,1,0,0,0,0,620,6.431331081933479,1,2,0,4,0,406,6.008813185442595,1,1,1,1,0,6,148,5.003946305945459,1,1,1,3,1,8,2,3,0.0
