slot_tube_radius,slot_tube_radius_abs_log1p,slot_tube_radius_is_even,slot_tube_radius_mod3,slot_tube_radius_mod5,slot_tube_radius_mod7,slot_tube_radius_mod10,slot_axis_distance,slot_axis_distance_abs_log1p,slot_axis_distance_is_even,slot_axis_distance_mod3,slot_axis_distance_mod5,slot_axis_distance_mod7,slot_axis_distance_mod10,slot_sphere_radius,slot_sphere_radius_abs_log1p,slot_sphere_radius_is_even,slot_sphere_radius_mod3,slot_sphere_radius_mod5,slot_sphere_radius_mod7,slot_sphere_radius_mod10,gcd_all,n_multiple_pairs,y
16,2.833213344056216,1,1,1,2,6,9,2.302585092994046,0,0,4,2,9,32,3.4965075614664802,1,2,2,4,2,1,1,13.0
3,1.3862943611198906,0,0,3,3,3,3,1.3862943611198906,0,0,3,3,3,16,2.833213344056216,1,1,1,2,6,1,1,535.0
2,1.0986122886681098,1,2,2,2,2,8,2.1972245773362196,1,2,3,1,8,24,3.2188758248682006,1,0,4,3,4,2,3,335.0
7,2.0794415416798357,0,1,2,0,7,20,3.044522437723423,1,2,0,6,0,28,3.367295829986474,1,1,3,0,8,1,1,35.0
15,2.772588722239781,0,0,0,1,5,11,2.4849066497880004,0,2,1,4,1,29,3.4011973816621555,0,2,4,1,9,1,0,463.0
5,1.791759469228055,0,2,0,5,5,1,0.6931471805599453,0,1,1,1,1,9,2.302585092994046,0,0,4,2,9,1,2,73.0
5,1.791759469228055,0,2,0,5,5,16,2.833213344056216,1,1,1,2,6,25,3.258096538021482,0,1,0,4,5,1,1,23.0
3,1.3862943611198906,0,0,3,3,3,11,2.4849066497880004,0,2,1,4,1,15,2.772588722239781,0,0,0,1,5,1,1,67.0
6,1.9459101490553132,1,0,1,6,6,17,2.8903717578961645,0,2,2,3,7,33,3.5263605246161616,0,0,3,5,3,1,0,865.0
16,2.833213344056216,1,1,1,2,6,7,2.0794415416798357,0,1,2,0,7,35,3.58351893845611,0,2,0,0,5,1,1,8809.0
6,1.9459101490553132,1,0,1,6,6,2,1.0986122886681098,1,2,2,2,2,15,2.772588722239781,0,0,0,1,5,1,1,61.0
3,1.3862943611198906,0,0,3,3,3,2,1.0986122886681098,1,2,2,2,2,11,2.4849066497880004,0,2,1,4,1,1,0,61.0
7,2.0794415416798357,0,1,2,0,7,8,2.1972245773362196,1,2,3,1,8,23,3.1780538303479458,0,2,3,2,3,1,0,191.0
5,1.791759469228055,0,2,0,5,5,3,1.3862943611198906,0,0,3,3,3,13,2.6390573296152584,0,1,3,6,3,1,0,89.0
6,1.9459101490553132,1,0,1,6,6,1,0.6931471805599453,0,1,1,1,1,9,2.302585092994046,0,0,4,2,9,1,2,17.0
12,2.5649493574615367,1,0,2,5,2,3,1.3862943611198906,0,0,3,3,3,42,3.7612001156935624,1,0,2,0,2,3,2,43.0
9,2.302585092994046,0,0,4,2,9,3,1.3862943611198906,0,0,3,3,3,15,2.772588722239781,0,0,0,1,5,3,2,53.0
18,2.9444389791664403,1,0,3,4,8,20,3.044522437723423,1,2,0,6,0,44,3.8066624897703196,1,2,4,2,4,2,0,8323.0
16,2.833213344056216,1,1,1,2,6,2,1.0986122886681098,1,2,2,2,2,19,2.995732273553991,0,1,4,5,9,1,1,1321.0
15,2.772588722239781,0,0,0,1,5,12,2.5649493574615367,1,0,2,5,2,30,3.4339872044851463,1,0,0,2,0,3,1,17.0
14,2.70805020110221,1,2,4,0,4,5,1.791759469228055,0,2,0,5,5,24,3.2188758248682006,1,0,4,3,4,1,0,187.0
5,1.791759469228055,0,2,0,5,5,1,0.6931471805599453,0,1,1,1,1,27,3.332204510175204,0,0,2,6,7,1,2,487.0
17,2.8903717578961645,0,2,2,3,7,3,1.3862943611198906,0,0,3,3,3,28,3.367295829986474,1,1,3,0,8,1,0,1117.0
3,1.3862943611198906,0,0,3,3,3,12,2.5649493574615367,1,0,2,5,2,32,3.4965075614664802,1,2,2,4,2,1,1,3319.0
5,1.791759469228055,0,2,0,5,5,21,3.091042453358316,0,0,1,0,1,35,3.58351893845611,0,2,0,0,5,1,1,57.0
12,2.5649493574615367,1,0,2,5,2,1,0.6931471805599453,0,1,1,1,1,15,2.772588722239781,0,0,0,1,5,1,2,49.0
15,2.772588722239781,0,0,0,1,5,14,2.70805020110221,1,2,4,0,4,44,3.8066624897703196,1,2,4,2,4,1,0,20191.0
15,2.772588722239781,0,0,0,1,5,1,0.6931471805599453,0,1,1,1,1,34,3.5553480614894135,1,1,4,6,4,1,2,1951.0
19,2.995732273553991,0,1,4,5,9,1,0.6931471805599453,0,1,1,1,1,43,3.784189633918261,0,1,3,1,3,1,2,1561.0
6,1.9459101490553132,1,0,1,6,6,6,1.9459101490553132,1,0,1,6,6,19,2.995732273553991,0,1,4,5,9,1,1,1693.0
14,2.70805020110221,1,2,4,0,4,1,0.6931471805599453,0,1,1,1,1,18,2.9444389791664403,1,0,3,4,8,1,2,79.0
7,2.0794415416798357,0,1,2,0,7,4,1.6094379124341003,1,1,4,4,4,13,2.6390573296152584,0,1,3,6,3,1,0,106.0
14,2.70805020110221,1,2,4,0,4,7,2.0794415416798357,0,1,2,0,7,34,3.5553480614894135,1,1,4,6,4,1,1,953.0
12,2.5649493574615367,1,0,2,5,2,11,2.4849066497880004,0,2,1,4,1,25,3.258096538021482,0,1,0,4,5,1,0,7081.0
5,1.791759469228055,0,2,0,5,5,8,2.1972245773362196,1,2,3,1,8,17,2.8903717578961645,0,2,2,3,7,1,0,203.0
17,2.8903717578961645,0,2,2,3,7,9,2.302585092994046,0,0,4,2,9,40,3.713572066704308,1,1,0,5,0,1,0,4517.0
3,1.3862943611198906,0,0,3,3,3,14,2.70805020110221,1,2,4,0,4,24,3.2188758248682006,1,0,4,3,4,1,1,41.0
7,2.0794415416798357,0,1,2,0,7,4,1.6094379124341003,1,1,4,4,4,33,3.5263605246161616,0,0,3,5,3,1,0,361.0
17,2.8903717578961645,0,2,2,3,7,8,2.1972245773362196,1,2,3,1,8,41,3.7376696182833684,0,2,1,6,1,1,0,784.0
19,2.995732273553991,0,1,4,5,9,16,2.833213344056216,1,1,1,2,6,43,3.784189633918261,0,1,3,1,3,1,0,1727.0
3,1.3862943611198906,0,0,3,3,3,15,2.772588722239781,0,0,0,1,5,19,2.995732273553991,0,1,4,5,9,1,1,1031.0
5,1.791759469228055,0,2,0,5,5,10,2.3978952727983707,1,1,0,3,0,33,3.5263605246161616,0,0,3,5,3,1,1,1091.0
4,1.6094379124341003,1,1,4,4,4,1,0.6931471805599453,0,1,1,1,1,8,2.1972245773362196,1,2,3,1,8,1,3,7.0
14,2.70805020110221,1,2,4,0,4,8,2.1972245773362196,1,2,3,1,8,34,3.5553480614894135,1,1,4,6,4,2,0,134.0
9,2.302585092994046,0,0,4,2,9,23,3.1780538303479458,0,2,3,2,3,37,3.6375861597263857,0,1,2,2,7,1,0,361.0
18,2.9444389791664403,1,0,3,4,8,13,2.6390573296152584,0,1,3,6,3,44,3.8066624897703196,1,2,4,2,4,1,0,427.0
7,2.0794415416798357,0,1,2,0,7,13,2.6390573296152584,0,1,3,6,3,24,3.2188758248682006,1,0,4,3,4,1,0,4895.0
10,2.3978952727983707,1,1,0,3,0,20,3.044522437723423,1,2,0,6,0,31,3.4657359027997265,0,1,1,3,1,1,1,13261.0
8,2.1972245773362196,1,2,3,1,8,3,1.3862943611198906,0,0,3,3,3,13,2.6390573296152584,0,1,3,6,3,1,0,243.0
2,1.0986122886681098,1,2,2,2,2,5,1.791759469228055,0,2,0,5,5,9,2.302585092994046,0,0,4,2,9,1,0,257.0
17,2.8903717578961645,0,2,2,3,7,12,2.5649493574615367,1,0,2,5,2,38,3.6635616461296463,1,2,3,3,8,1,0,5553.0
12,2.5649493574615367,1,0,2,5,2,13,2.6390573296152584,0,1,3,6,3,32,3.4965075614664802,1,2,2,4,2,1,0,679.0
13,2.6390573296152584,0,1,3,6,3,6,1.9459101490553132,1,0,1,6,6,41,3.7376696182833684,0,2,1,6,1,1,0,659.0
7,2.0794415416798357,0,1,2,0,7,13,2.6390573296152584,0,1,3,6,3,23,3.1780538303479458,0,2,3,2,3,1,0,2333.0
5,1.791759469228055,0,2,0,5,5,6,1.9459101490553132,1,0,1,6,6,24,3.2188758248682006,1,0,4,3,4,1,1,1991.0
11,2.4849066497880004,0,2,1,4,1,1,0.6931471805599453,0,1,1,1,1,14,2.70805020110221,1,2,4,0,4,1,2,383.0
5,1.791759469228055,0,2,0,5,5,12,2.5649493574615367,1,0,2,5,2,24,3.2188758248682006,1,0,4,3,4,1,1,3431.0
15,2.772588722239781,0,0,0,1,5,5,1.791759469228055,0,2,0,5,5,41,3.7376696182833684,0,2,1,6,1,1,1,3803.0
9,2.302585092994046,0,0,4,2,9,1,0.6931471805599453,0,1,1,1,1,16,2.833213344056216,1,1,1,2,6,1,2,463.0
13,2.6390573296152584,0,1,3,6,3,1,0.6931471805599453,0,1,1,1,1,16,2.833213344056216,1,1,1,2,6,1,2,503.0
19,2.995732273553991,0,1,4,5,9,13,2.6390573296152584,0,1,3,6,3,45,3.828641396489095,0,0,0,3,5,1,0,919.0
8,2.1972245773362196,1,2,3,1,8,5,1.791759469228055,0,2,0,5,5,14,2.70805020110221,1,2,4,0,4,1,0,313.0
12,2.5649493574615367,1,0,2,5,2,6,1.9459101490553132,1,0,1,6,6,32,3.4965075614664802,1,2,2,4,2,2,1,343.0
6,1.9459101490553132,1,0,1,6,6,7,2.0794415416798357,0,1,2,0,7,30,3.4339872044851463,1,0,0,2,0,1,1,47.0
20,3.044522437723423,1,2,0,6,0,6,1.9459101490553132,1,0,1,6,6,29,3.4011973816621555,0,2,4,1,9,1,0,2467.0
17,2.8903717578961645,0,2,2,3,7,5,1.791759469228055,0,2,0,5,5,35,3.58351893845611,0,2,0,0,5,1,1,3443.0
16,2.833213344056216,1,1,1,2,6,13,2.6390573296152584,0,1,3,6,3,30,3.4339872044851463,1,0,0,2,0,1,0,3281.0
11,2.4849066497880004,0,2,1,4,1,3,1.3862943611198906,0,0,3,3,3,41,3.7376696182833684,0,2,1,6,1,1,0,711.0
19,2.995732273553991,0,1,4,5,9,4,1.6094379124341003,1,1,4,4,4,47,3.871201010907891,0,2,2,5,7,1,0,1124.0
12,2.5649493574615367,1,0,2,5,2,6,1.9459101490553132,1,0,1,6,6,29,3.4011973816621555,0,2,4,1,9,1,1,4873.0
6,1.9459101490553132,1,0,1,6,6,6,1.9459101490553132,1,0,1,6,6,16,2.833213344056216,1,1,1,2,6,2,1,343.0
12,2.5649493574615367,1,0,2,5,2,4,1.6094379124341003,1,1,4,4,4,25,3.258096538021482,0,1,0,4,5,1,1,2881.0
11,2.4849066497880004,0,2,1,4,1,12,2.5649493574615367,1,0,2,5,2,41,3.7376696182833684,0,2,1,6,1,1,0,516.0
3,1.3862943611198906,0,0,3,3,3,2,1.0986122886681098,1,2,2,2,2,15,2.772588722239781,0,0,0,1,5,1,1,11.0
2,1.0986122886681098,1,2,2,2,2,11,2.4849066497880004,0,2,1,4,1,24,3.2188758248682006,1,0,4,3,4,1,1,37.0
8,2.1972245773362196,1,2,3,1,8,24,3.2188758248682006,1,0,4,3,4,35,3.58351893845611,0,2,0,0,5,1,1,4867.0
10,2.3978952727983707,1,1,0,3,0,6,1.9459101490553132,1,0,1,6,6,18,2.9444389791664403,1,0,3,4,8,2,1,149.0
15,2.772588722239781,0,0,0,1,5,7,2.0794415416798357,0,1,2,0,7,32,3.4965075614664802,1,2,2,4,2,1,0,7519.0
7,2.0794415416798357,0,1,2,0,7,15,2.772588722239781,0,0,0,1,5,33,3.5263605246161616,0,0,3,5,3,1,0,797.0
14,2.70805020110221,1,2,4,0,4,9,2.302585092994046,0,0,4,2,9,42,3.7612001156935624,1,0,2,0,2,1,1,31.0
16,2.833213344056216,1,1,1,2,6,1,0.6931471805599453,0,1,1,1,1,43,3.784189633918261,0,1,3,1,3,1,2,2969.0
7,2.0794415416798357,0,1,2,0,7,16,2.833213344056216,1,1,1,2,6,35,3.58351893845611,0,2,0,0,5,1,1,23.0
8,2.1972245773362196,1,2,3,1,8,2,1.0986122886681098,1,2,2,2,2,14,2.70805020110221,1,2,4,0,4,2,2,145.0
2,1.0986122886681098,1,2,2,2,2,8,2.1972245773362196,1,2,3,1,8,31,3.4657359027997265,0,1,1,3,1,1,1,1949.0
11,2.4849066497880004,0,2,1,4,1,18,2.9444389791664403,1,0,3,4,8,40,3.713572066704308,1,1,0,5,0,1,0,5773.0
14,2.70805020110221,1,2,4,0,4,1,0.6931471805599453,0,1,1,1,1,24,3.2188758248682006,1,0,4,3,4,1,2,263.0
19,2.995732273553991,0,1,4,5,9,2,1.0986122886681098,1,2,2,2,2,49,3.912023005428146,0,1,4,0,9,1,0,1441.0
7,2.0794415416798357,0,1,2,0,7,9,2.302585092994046,0,0,4,2,9,25,3.258096538021482,0,1,0,4,5,1,0,207.0
12,2.5649493574615367,1,0,2,5,2,14,2.70805020110221,1,2,4,0,4,29,3.4011973816621555,0,2,4,1,9,1,0,10441.0
20,3.044522437723423,1,2,0,6,0,15,2.772588722239781,0,0,0,1,5,45,3.828641396489095,0,0,0,3,5,5,1,229.0
2,1.0986122886681098,1,2,2,2,2,14,2.70805020110221,1,2,4,0,4,17,2.8903717578961645,0,2,2,3,7,1,1,1237.0
15,2.772588722239781,0,0,0,1,5,2,1.0986122886681098,1,2,2,2,2,20,3.044522437723423,1,2,0,6,0,1,1,55.0
4,1.6094379124341003,1,1,4,4,4,14,2.70805020110221,1,2,4,0,4,22,3.1354942159291497,1,1,2,1,2,2,0,733.0
15,2.772588722239781,0,0,0,1,5,2,1.0986122886681098,1,2,2,2,2,32,3.4965075614664802,1,2,2,4,2,1,1,2719.0
2,1.0986122886681098,1,2,2,2,2,2,1.0986122886681098,1,2,2,2,2,5,1.791759469228055,0,2,0,5,5,1,1,61.0
13,2.6390573296152584,0,1,3,6,3,3,1.3862943611198906,0,0,3,3,3,30,3.4339872044851463,1,0,0,2,0,1,1,3071.0
10,2.3978952727983707,1,1,0,3,0,6,1.9459101490553132,1,0,1,6,6,35,3.58351893845611,0,2,0,0,5,1,0,71.0
2,1.0986122886681098,1,2,2,2,2,2,1.0986122886681098,1,2,2,2,2,29,3.4011973816621555,0,2,4,1,9,1,1,1069.0
8,2.1972245773362196,1,2,3,1,8,6,1.9459101490553132,1,0,1,6,6,15,2.772588722239781,0,0,0,1,5,1,0,1601.0
15,2.772588722239781,0,0,0,1,5,8,2.1972245773362196,1,2,3,1,8,28,3.367295829986474,1,1,3,0,8,1,0,7279.0
5,1.791759469228055,0,2,0,5,5,7,2.0794415416798357,0,1,2,0,7,13,2.6390573296152584,0,1,3,6,3,1,0,527.0
11,2.4849066497880004,0,2,1,4,1,8,2.1972245773362196,1,2,3,1,8,34,3.5553480614894135,1,1,4,6,4,1,0,7019.0
5,1.791759469228055,0,2,0,5,5,1,0.6931471805599453,0,1,1,1,1,8,2.1972245773362196,1,2,3,1,8,1,2,119.0
18,2.9444389791664403,1,0,3,4,8,3,1.3862943611198906,0,0,3,3,3,39,3.6888794541139363,0,0,4,4,9,3,2,601.0
6,1.9459101490553132,1,0,1,6,6,3,1.3862943611198906,0,0,3,3,3,20,3.044522437723423,1,2,0,6,0,1,1,271.0
14,2.70805020110221,1,2,4,0,4,2,1.0986122886681098,1,2,2,2,2,20,3.044522437723423,1,2,0,6,0,2,2,331.0
6,1.9459101490553132,1,0,1,6,6,12,2.5649493574615367,1,0,2,5,2,25,3.258096538021482,0,1,0,4,5,1,1,4189.0
4,1.6094379124341003,1,1,4,4,4,14,2.70805020110221,1,2,4,0,4,24,3.2188758248682006,1,0,4,3,4,2,1,29.0
11,2.4849066497880004,0,2,1,4,1,5,1.791759469228055,0,2,0,5,5,21,3.091042453358316,0,0,1,0,1,1,0,263.0
17,2.8903717578961645,0,2,2,3,7,8,2.1972245773362196,1,2,3,1,8,31,3.4657359027997265,0,1,1,3,1,1,0,569.0
2,1.0986122886681098,1,2,2,2,2,3,1.3862943611198906,0,0,3,3,3,6,1.9459101490553132,1,0,1,6,6,1,2,13.0
6,1.9459101490553132,1,0,1,6,6,11,2.4849066497880004,0,2,1,4,1,19,2.995732273553991,0,1,4,5,9,1,0,2833.0
8,2.1972245773362196,1,2,3,1,8,12,2.5649493574615367,1,0,2,5,2,25,3.258096538021482,0,1,0,4,5,1,0,1787.0
2,1.0986122886681098,1,2,2,2,2,10,2.3978952727983707,1,1,0,3,0,32,3.4965075614664802,1,2,2,4,2,2,2,115.0
5,1.791759469228055,0,2,0,5,5,1,0.6931471805599453,0,1,1,1,1,13,2.6390573296152584,0,1,3,6,3,1,2,137.0
19,2.995732273553991,0,1,4,5,9,11,2.4849066497880004,0,2,1,4,1,42,3.7612001156935624,1,0,2,0,2,1,0,18959.0
3,1.3862943611198906,0,0,3,3,3,7,2.0794415416798357,0,1,2,0,7,20,3.044522437723423,1,2,0,6,0,1,0,1231.0
19,2.995732273553991,0,1,4,5,9,3,1.3862943611198906,0,0,3,3,3,37,3.6375861597263857,0,1,2,2,7,1,0,871.0
14,2.70805020110221,1,2,4,0,4,5,1.791759469228055,0,2,0,5,5,21,3.091042453358316,0,0,1,0,1,1,0,13.0
14,2.70805020110221,1,2,4,0,4,15,2.772588722239781,0,0,0,1,5,30,3.4339872044851463,1,0,0,2,0,1,1,1663.0
11,2.4849066497880004,0,2,1,4,1,12,2.5649493574615367,1,0,2,5,2,34,3.5553480614894135,1,1,4,6,4,1,0,3337.0
20,3.044522437723423,1,2,0,6,0,16,2.833213344056216,1,1,1,2,6,44,3.8066624897703196,1,2,4,2,4,4,0,58.0
12,2.5649493574615367,1,0,2,5,2,24,3.2188758248682006,1,0,4,3,4,42,3.7612001156935624,1,0,2,0,2,6,1,239.0
2,1.0986122886681098,1,2,2,2,2,10,2.3978952727983707,1,1,0,3,0,19,2.995732273553991,0,1,4,5,9,1,1,1117.0
6,1.9459101490553132,1,0,1,6,6,1,0.6931471805599453,0,1,1,1,1,10,2.3978952727983707,1,1,0,3,0,1,2,23.0
17,2.8903717578961645,0,2,2,3,7,16,2.833213344056216,1,1,1,2,6,43,3.784189633918261,0,1,3,1,3,1,0,3119.0
5,1.791759469228055,0,2,0,5,5,3,1.3862943611198906,0,0,3,3,3,29,3.4011973816621555,0,2,4,1,9,1,0,281.0
9,2.302585092994046,0,0,4,2,9,4,1.6094379124341003,1,1,4,4,4,30,3.4339872044851463,1,0,0,2,0,1,0,331.0
4,1.6094379124341003,1,1,4,4,4,15,2.772588722239781,0,0,0,1,5,27,3.332204510175204,0,0,2,6,7,1,0,3953.0
14,2.70805020110221,1,2,4,0,4,5,1.791759469228055,0,2,0,5,5,38,3.6635616461296463,1,2,3,3,8,1,0,821.0
10,2.3978952727983707,1,1,0,3,0,10,2.3978952727983707,1,1,0,3,0,21,3.091042453358316,0,0,1,0,1,1,1,4541.0
9,2.302585092994046,0,0,4,2,9,3,1.3862943611198906,0,0,3,3,3,18,2.9444389791664403,1,0,3,4,8,3,3,5.0
20,3.044522437723423,1,2,0,6,0,2,1.0986122886681098,1,2,2,2,2,24,3.2188758248682006,1,0,4,3,4,2,2,131.0
12,2.5649493574615367,1,0,2,5,2,9,2.302585092994046,0,0,4,2,9,26,3.295836866004329,1,2,1,5,6,1,0,1537.0
20,3.044522437723423,1,2,0,6,0,17,2.8903717578961645,0,2,2,3,7,49,3.912023005428146,0,1,4,0,9,1,0,35321.0
6,1.9459101490553132,1,0,1,6,6,6,1.9459101490553132,1,0,1,6,6,25,3.258096538021482,0,1,0,4,5,1,1,2389.0
5,1.791759469228055,0,2,0,5,5,1,0.6931471805599453,0,1,1,1,1,28,3.367295829986474,1,1,3,0,8,1,2,1039.0
10,2.3978952727983707,1,1,0,3,0,7,2.0794415416798357,0,1,2,0,7,19,2.995732273553991,0,1,4,5,9,1,0,2921.0
7,2.0794415416798357,0,1,2,0,7,1,0.6931471805599453,0,1,1,1,1,10,2.3978952727983707,1,1,0,3,0,1,2,191.0
8,2.1972245773362196,1,2,3,1,8,4,1.6094379124341003,1,1,4,4,4,35,3.58351893845611,0,2,0,0,5,1,1,3401.0
13,2.6390573296152584,0,1,3,6,3,4,1.6094379124341003,1,1,4,4,4,19,2.995732273553991,0,1,4,5,9,1,0,271.0
15,2.772588722239781,0,0,0,1,5,8,2.1972245773362196,1,2,3,1,8,27,3.332204510175204,0,0,2,6,7,1,0,97.0
3,1.3862943611198906,0,0,3,3,3,13,2.6390573296152584,0,1,3,6,3,26,3.295836866004329,1,2,1,5,6,1,1,2695.0
19,2.995732273553991,0,1,4,5,9,5,1.791759469228055,0,2,0,5,5,33,3.5263605246161616,0,0,3,5,3,1,0,3499.0
11,2.4849066497880004,0,2,1,4,1,25,3.258096538021482,0,1,0,4,5,37,3.6375861597263857,0,1,2,2,7,1,0,10799.0
5,1.791759469228055,0,2,0,5,5,21,3.091042453358316,0,0,1,0,1,32,3.4965075614664802,1,2,2,4,2,1,0,2573.0
19,2.995732273553991,0,1,4,5,9,4,1.6094379124341003,1,1,4,4,4,37,3.6375861597263857,0,1,2,2,7,1,0,829.0
20,3.044522437723423,1,2,0,6,0,19,2.995732273553991,0,1,4,5,9,42,3.7612001156935624,1,0,2,0,2,1,0,8321.0
16,2.833213344056216,1,1,1,2,6,10,2.3978952727983707,1,1,0,3,0,35,3.58351893845611,0,2,0,0,5,1,0,12169.0
8,2.1972245773362196,1,2,3,1,8,9,2.302585092994046,0,0,4,2,9,34,3.5553480614894135,1,1,4,6,4,1,0,499.0
8,2.1972245773362196,1,2,3,1,8,3,1.3862943611198906,0,0,3,3,3,30,3.4339872044851463,1,0,0,2,0,1,1,569.0
14,2.70805020110221,1,2,4,0,4,2,1.0986122886681098,1,2,2,2,2,22,3.1354942159291497,1,1,2,1,2,2,2,95.0
2,1.0986122886681098,1,2,2,2,2,10,2.3978952727983707,1,1,0,3,0,24,3.2188758248682006,1,0,4,3,4,2,2,383.0
12,2.5649493574615367,1,0,2,5,2,6,1.9459101490553132,1,0,1,6,6,21,3.091042453358316,0,0,1,0,1,3,1,123.0
16,2.833213344056216,1,1,1,2,6,7,2.0794415416798357,0,1,2,0,7,40,3.713572066704308,1,1,0,5,0,1,0,23.0
11,2.4849066497880004,0,2,1,4,1,3,1.3862943611198906,0,0,3,3,3,22,3.1354942159291497,1,1,2,1,2,1,1,5.0
13,2.6390573296152584,0,1,3,6,3,6,1.9459101490553132,1,0,1,6,6,24,3.2188758248682006,1,0,4,3,4,1,1,4151.0
3,1.3862943611198906,0,0,3,3,3,6,1.9459101490553132,1,0,1,6,6,29,3.4011973816621555,0,2,4,1,9,1,1,469.0
16,2.833213344056216,1,1,1,2,6,16,2.833213344056216,1,1,1,2,6,45,3.828641396489095,0,0,0,3,5,1,1,24809.0
13,2.6390573296152584,0,1,3,6,3,3,1.3862943611198906,0,0,3,3,3,19,2.995732273553991,0,1,4,5,9,1,0,279.0
10,2.3978952727983707,1,1,0,3,0,5,1.791759469228055,0,2,0,5,5,27,3.332204510175204,0,0,2,6,7,1,1,3329.0
12,2.5649493574615367,1,0,2,5,2,9,2.302585092994046,0,0,4,2,9,22,3.1354942159291497,1,1,2,1,2,1,0,1273.0
20,3.044522437723423,1,2,0,6,0,10,2.3978952727983707,1,1,0,3,0,32,3.4965075614664802,1,2,2,4,2,2,1,839.0
7,2.0794415416798357,0,1,2,0,7,12,2.5649493574615367,1,0,2,5,2,25,3.258096538021482,0,1,0,4,5,1,0,199.0
10,2.3978952727983707,1,1,0,3,0,1,0.6931471805599453,0,1,1,1,1,37,3.6375861597263857,0,1,2,2,7,1,2,2009.0
2,1.0986122886681098,1,2,2,2,2,9,2.302585092994046,0,0,4,2,9,15,2.772588722239781,0,0,0,1,5,1,0,761.0
9,2.302585092994046,0,0,4,2,9,12,2.5649493574615367,1,0,2,5,2,24,3.2188758248682006,1,0,4,3,4,3,1,631.0
8,2.1972245773362196,1,2,3,1,8,2,1.0986122886681098,1,2,2,2,2,13,2.6390573296152584,0,1,3,6,3,1,1,521.0
16,2.833213344056216,1,1,1,2,6,11,2.4849066497880004,0,2,1,4,1,38,3.6635616461296463,1,2,3,3,8,1,0,331.0
7,2.0794415416798357,0,1,2,0,7,1,0.6931471805599453,0,1,1,1,1,16,2.833213344056216,1,1,1,2,6,1,2,431.0
18,2.9444389791664403,1,0,3,4,8,7,2.0794415416798357,0,1,2,0,7,32,3.4965075614664802,1,2,2,4,2,1,0,313.0
18,2.9444389791664403,1,0,3,4,8,3,1.3862943611198906,0,0,3,3,3,23,3.1780538303479458,0,2,3,2,3,1,1,2689.0
13,2.6390573296152584,0,1,3,6,3,5,1.791759469228055,0,2,0,5,5,26,3.295836866004329,1,2,1,5,6,1,1,23.0
4,1.6094379124341003,1,1,4,4,4,1,0.6931471805599453,0,1,1,1,1,9,2.302585092994046,0,0,4,2,9,1,2,137.0
16,2.833213344056216,1,1,1,2,6,2,1.0986122886681098,1,2,2,2,2,29,3.4011973816621555,0,2,4,1,9,1,1,2441.0
8,2.1972245773362196,1,2,3,1,8,3,1.3862943611198906,0,0,3,3,3,27,3.332204510175204,0,0,2,6,7,1,1,1961.0
14,2.70805020110221,1,2,4,0,4,3,1.3862943611198906,0,0,3,3,3,30,3.4339872044851463,1,0,0,2,0,1,1,403.0
10,2.3978952727983707,1,1,0,3,0,2,1.0986122886681098,1,2,2,2,2,14,2.70805020110221,1,2,4,0,4,2,2,41.0
20,3.044522437723423,1,2,0,6,0,6,1.9459101490553132,1,0,1,6,6,37,3.6375861597263857,0,1,2,2,7,1,0,3283.0
6,1.9459101490553132,1,0,1,6,6,3,1.3862943611198906,0,0,3,3,3,17,2.8903717578961645,0,2,2,3,7,1,1,865.0
12,2.5649493574615367,1,0,2,5,2,18,2.9444389791664403,1,0,3,4,8,36,3.6109179126442243,1,0,1,1,6,6,2,29.0
11,2.4849066497880004,0,2,1,4,1,22,3.1354942159291497,1,1,2,1,2,36,3.6109179126442243,1,0,1,1,6,1,1,18599.0
13,2.6390573296152584,0,1,3,6,3,1,0.6931471805599453,0,1,1,1,1,20,3.044522437723423,1,2,0,6,0,1,2,751.0
13,2.6390573296152584,0,1,3,6,3,5,1.791759469228055,0,2,0,5,5,33,3.5263605246161616,0,0,3,5,3,1,0,521.0
6,1.9459101490553132,1,0,1,6,6,14,2.70805020110221,1,2,4,0,4,32,3.4965075614664802,1,2,2,4,2,2,0,1591.0
20,3.044522437723423,1,2,0,6,0,1,0.6931471805599453,0,1,1,1,1,30,3.4339872044851463,1,0,0,2,0,1,2,17.0
19,2.995732273553991,0,1,4,5,9,12,2.5649493574615367,1,0,2,5,2,33,3.5263605246161616,0,0,3,5,3,1,0,1972.0
4,1.6094379124341003,1,1,4,4,4,10,2.3978952727983707,1,1,0,3,0,34,3.5553480614894135,1,1,4,6,4,2,0,193.0
20,3.044522437723423,1,2,0,6,0,1,0.6931471805599453,0,1,1,1,1,24,3.2188758248682006,1,0,4,3,4,1,2,71.0
13,2.6390573296152584,0,1,3,6,3,6,1.9459101490553132,1,0,1,6,6,21,3.091042453358316,0,0,1,0,1,1,0,887.0
6,1.9459101490553132,1,0,1,6,6,6,1.9459101490553132,1,0,1,6,6,13,2.6390573296152584,0,1,3,6,3,1,1,1069.0
6,1.9459101490553132,1,0,1,6,6,6,1.9459101490553132,1,0,1,6,6,23,3.1780538303479458,0,2,3,2,3,1,1,2149.0
5,1.791759469228055,0,2,0,5,5,6,1.9459101490553132,1,0,1,6,6,17,2.8903717578961645,0,2,2,3,7,1,0,107.0
7,2.0794415416798357,0,1,2,0,7,5,1.791759469228055,0,2,0,5,5,16,2.833213344056216,1,1,1,2,6,1,0,1327.0
4,1.6094379124341003,1,1,4,4,4,14,2.70805020110221,1,2,4,0,4,31,3.4657359027997265,0,1,1,3,1,1,0,631.0
16,2.833213344056216,1,1,1,2,6,1,0.6931471805599453,0,1,1,1,1,33,3.5263605246161616,0,0,3,5,3,1,2,1889.0
19,2.995732273553991,0,1,4,5,9,3,1.3862943611198906,0,0,3,3,3,42,3.7612001156935624,1,0,2,0,2,1,1,6191.0
2,1.0986122886681098,1,2,2,2,2,7,2.0794415416798357,0,1,2,0,7,28,3.367295829986474,1,1,3,0,8,1,2,391.0
9,2.302585092994046,0,0,4,2,9,2,1.0986122886681098,1,2,2,2,2,37,3.6375861597263857,0,1,2,2,7,1,0,655.0
18,2.9444389791664403,1,0,3,4,8,22,3.1354942159291497,1,1,2,1,2,46,3.8501476017100584,1,1,1,4,6,2,0,2389.0
10,2.3978952727983707,1,1,0,3,0,4,1.6094379124341003,1,1,4,4,4,15,2.772588722239781,0,0,0,1,5,1,0,53.0
4,1.6094379124341003,1,1,4,4,4,2,1.0986122886681098,1,2,2,2,2,13,2.6390573296152584,0,1,3,6,3,1,1,361.0
8,2.1972245773362196,1,2,3,1,8,8,2.1972245773362196,1,2,3,1,8,18,2.9444389791664403,1,0,3,4,8,2,1,641.0
14,2.70805020110221,1,2,4,0,4,14,2.70805020110221,1,2,4,0,4,36,3.6109179126442243,1,0,1,1,6,2,1,3803.0
6,1.9459101490553132,1,0,1,6,6,15,2.772588722239781,0,0,0,1,5,22,3.1354942159291497,1,1,2,1,2,1,0,551.0
15,2.772588722239781,0,0,0,1,5,17,2.8903717578961645,0,2,2,3,7,41,3.7376696182833684,0,2,1,6,1,1,0,11183.0
2,1.0986122886681098,1,2,2,2,2,1,0.6931471805599453,0,1,1,1,1,11,2.4849066497880004,0,2,1,4,1,1,2,161.0
8,2.1972245773362196,1,2,3,1,8,17,2.8903717578961645,0,2,2,3,7,27,3.332204510175204,0,0,2,6,7,1,0,8009.0
4,1.6094379124341003,1,1,4,4,4,10,2.3978952727983707,1,1,0,3,0,23,3.1780538303479458,0,2,3,2,3,1,0,2353.0
15,2.772588722239781,0,0,0,1,5,5,1.791759469228055,0,2,0,5,5,22,3.1354942159291497,1,1,2,1,2,1,1,3559.0
9,2.302585092994046,0,0,4,2,9,13,2.6390573296152584,0,1,3,6,3,39,3.6888794541139363,0,0,4,4,9,1,1,587.0
3,1.3862943611198906,0,0,3,3,3,17,2.8903717578961645,0,2,2,3,7,28,3.367295829986474,1,1,3,0,8,1,0,3631.0
5,1.791759469228055,0,2,0,5,5,13,2.6390573296152584,0,1,3,6,3,22,3.1354942159291497,1,1,2,1,2,1,0,3319.0
9,2.302585092994046,0,0,4,2,9,2,1.0986122886681098,1,2,2,2,2,24,3.2188758248682006,1,0,4,3,4,1,1,151.0
4,1.6094379124341003,1,1,4,4,4,4,1.6094379124341003,1,1,4,4,4,17,2.8903717578961645,0,2,2,3,7,1,1,817.0
8,2.1972245773362196,1,2,3,1,8,7,2.0794415416798357,0,1,2,0,7,19,2.995732273553991,0,1,4,5,9,1,0,2425.0
14,2.70805020110221,1,2,4,0,4,17,2.8903717578961645,0,2,2,3,7,38,3.6635616461296463,1,2,3,3,8,1,0,2417.0
3,1.3862943611198906,0,0,3,3,3,16,2.833213344056216,1,1,1,2,6,22,3.1354942159291497,1,1,2,1,2,1,0,2587.0
15,2.772588722239781,0,0,0,1,5,16,2.833213344056216,1,1,1,2,6,45,3.828641396489095,0,0,0,3,5,1,1,13.0
15,2.772588722239781,0,0,0,1,5,10,2.3978952727983707,1,1,0,3,0,30,3.4339872044851463,1,0,0,2,0,5,2,43.0
20,3.044522437723423,1,2,0,6,0,4,1.6094379124341003,1,1,4,4,4,36,3.6109179126442243,1,0,1,1,6,4,2,52.0
20,3.044522437723423,1,2,0,6,0,18,2.9444389791664403,1,0,3,4,8,47,3.871201010907891,0,2,2,5,7,1,0,3961.0
9,2.302585092994046,0,0,4,2,9,10,2.3978952727983707,1,1,0,3,0,25,3.258096538021482,0,1,0,4,5,1,0,1261.0
6,1.9459101490553132,1,0,1,6,6,9,2.302585092994046,0,0,4,2,9,18,2.9444389791664403,1,0,3,4,8,3,2,31.0
9,2.302585092994046,0,0,4,2,9,2,1.0986122886681098,1,2,2,2,2,25,3.258096538021482,0,1,0,4,5,1,0,361.0
2,1.0986122886681098,1,2,2,2,2,1,0.6931471805599453,0,1,1,1,1,9,2.302585092994046,0,0,4,2,9,1,2,113.0
19,2.995732273553991,0,1,4,5,9,4,1.6094379124341003,1,1,4,4,4,42,3.7612001156935624,1,0,2,0,2,1,0,7787.0
2,1.0986122886681098,1,2,2,2,2,8,2.1972245773362196,1,2,3,1,8,11,2.4849066497880004,0,2,1,4,1,1,1,469.0
10,2.3978952727983707,1,1,0,3,0,2,1.0986122886681098,1,2,2,2,2,28,3.367295829986474,1,1,3,0,8,2,2,451.0
11,2.4849066497880004,0,2,1,4,1,3,1.3862943611198906,0,0,3,3,3,27,3.332204510175204,0,0,2,6,7,1,1,1195.0
11,2.4849066497880004,0,2,1,4,1,4,1.6094379124341003,1,1,4,4,4,31,3.4657359027997265,0,1,1,3,1,1,0,446.0
15,2.772588722239781,0,0,0,1,5,18,2.9444389791664403,1,0,3,4,8,37,3.6375861597263857,0,1,2,2,7,1,0,5281.0
12,2.5649493574615367,1,0,2,5,2,16,2.833213344056216,1,1,1,2,6,30,3.4339872044851463,1,0,0,2,0,2,0,341.0
2,1.0986122886681098,1,2,2,2,2,8,2.1972245773362196,1,2,3,1,8,18,2.9444389791664403,1,0,3,4,8,2,2,14.0
12,2.5649493574615367,1,0,2,5,2,13,2.6390573296152584,0,1,3,6,3,42,3.7612001156935624,1,0,2,0,2,1,0,409.0
6,1.9459101490553132,1,0,1,6,6,2,1.0986122886681098,1,2,2,2,2,12,2.5649493574615367,1,0,2,5,2,2,3,11.0
19,2.995732273553991,0,1,4,5,9,5,1.791759469228055,0,2,0,5,5,36,3.6109179126442243,1,0,1,1,6,1,0,1555.0
10,2.3978952727983707,1,1,0,3,0,16,2.833213344056216,1,1,1,2,6,39,3.6888794541139363,0,0,4,4,9,1,0,13901.0
18,2.9444389791664403,1,0,3,4,8,8,2.1972245773362196,1,2,3,1,8,36,3.6109179126442243,1,0,1,1,6,2,1,35.0
11,2.4849066497880004,0,2,1,4,1,15,2.772588722239781,0,0,0,1,5,39,3.6888794541139363,0,0,4,4,9,1,0,1427.0
18,2.9444389791664403,1,0,3,4,8,9,2.302585092994046,0,0,4,2,9,42,3.7612001156935624,1,0,2,0,2,3,1,209.0
2,1.0986122886681098,1,2,2,2,2,24,3.2188758248682006,1,0,4,3,4,31,3.4657359027997265,0,1,1,3,1,1,1,1311.0
3,1.3862943611198906,0,0,3,3,3,7,2.0794415416798357,0,1,2,0,7,15,2.772588722239781,0,0,0,1,5,1,1,47.0
3,1.3862943611198906,0,0,3,3,3,10,2.3978952727983707,1,1,0,3,0,25,3.258096538021482,0,1,0,4,5,1,0,529.0
10,2.3978952727983707,1,1,0,3,0,5,1.791759469228055,0,2,0,5,5,36,3.6109179126442243,1,0,1,1,6,1,1,1199.0
7,2.0794415416798357,0,1,2,0,7,5,1.791759469228055,0,2,0,5,5,17,2.8903717578961645,0,2,2,3,7,1,0,143.0
5,1.791759469228055,0,2,0,5,5,16,2.833213344056216,1,1,1,2,6,22,3.1354942159291497,1,1,2,1,2,1,0,3979.0
16,2.833213344056216,1,1,1,2,6,18,2.9444389791664403,1,0,3,4,8,38,3.6635616461296463,1,2,3,3,8,2,0,641.0
19,2.995732273553991,0,1,4,5,9,2,1.0986122886681098,1,2,2,2,2,30,3.4339872044851463,1,0,0,2,0,1,1,2819.0
9,2.302585092994046,0,0,4,2,9,1,0.6931471805599453,0,1,1,1,1,22,3.1354942159291497,1,1,2,1,2,1,2,799.0
5,1.791759469228055,0,2,0,5,5,5,1.791759469228055,0,2,0,5,5,15,2.772588722239781,0,0,0,1,5,5,3,19.0
4,1.6094379124341003,1,1,4,4,4,29,3.4011973816621555,0,2,4,1,9,34,3.5553480614894135,1,1,4,6,4,1,0,2257.0
11,2.4849066497880004,0,2,1,4,1,7,2.0794415416798357,0,1,2,0,7,39,3.6888794541139363,0,0,4,4,9,1,0,529.0
7,2.0794415416798357,0,1,2,0,7,5,1.791759469228055,0,2,0,5,5,13,2.6390573296152584,0,1,3,6,3,1,0,103.0
17,2.8903717578961645,0,2,2,3,7,6,1.9459101490553132,1,0,1,6,6,47,3.871201010907891,0,2,2,5,7,1,0,959.0
19,2.995732273553991,0,1,4,5,9,2,1.0986122886681098,1,2,2,2,2,23,3.1780538303479458,0,2,3,2,3,1,0,479.0
2,1.0986122886681098,1,2,2,2,2,2,1.0986122886681098,1,2,2,2,2,14,2.70805020110221,1,2,4,0,4,2,3,19.0
4,1.6094379124341003,1,1,4,4,4,11,2.4849066497880004,0,2,1,4,1,31,3.4657359027997265,0,1,1,3,1,1,0,3673.0
11,2.4849066497880004,0,2,1,4,1,2,1.0986122886681098,1,2,2,2,2,29,3.4011973816621555,0,2,4,1,9,1,0,499.0
6,1.9459101490553132,1,0,1,6,6,10,2.3978952727983707,1,1,0,3,0,29,3.4011973816621555,0,2,4,1,9,1,0,857.0
15,2.772588722239781,0,0,0,1,5,2,1.0986122886681098,1,2,2,2,2,19,2.995732273553991,0,1,4,5,9,1,0,319.0
11,2.4849066497880004,0,2,1,4,1,11,2.4849066497880004,0,2,1,4,1,23,3.1780538303479458,0,2,3,2,3,1,1,2987.0
13,2.6390573296152584,0,1,3,6,3,8,2.1972245773362196,1,2,3,1,8,38,3.6635616461296463,1,2,3,3,8,1,0,9179.0
17,2.8903717578961645,0,2,2,3,7,26,3.295836866004329,1,2,1,5,6,45,3.828641396489095,0,0,0,3,5,1,0,10379.0
2,1.0986122886681098,1,2,2,2,2,1,0.6931471805599453,0,1,1,1,1,6,1.9459101490553132,1,0,1,6,6,1,3,7.0
4,1.6094379124341003,1,1,4,4,4,8,2.1972245773362196,1,2,3,1,8,13,2.6390573296152584,0,1,3,6,3,1,1,985.0
4,1.6094379124341003,1,1,4,4,4,8,2.1972245773362196,1,2,3,1,8,17,2.8903717578961645,0,2,2,3,7,1,1,1361.0
5,1.791759469228055,0,2,0,5,5,12,2.5649493574615367,1,0,2,5,2,25,3.258096538021482,0,1,0,4,5,1,1,6.0
2,1.0986122886681098,1,2,2,2,2,3,1.3862943611198906,0,0,3,3,3,16,2.833213344056216,1,1,1,2,6,1,1,37.0
17,2.8903717578961645,0,2,2,3,7,6,1.9459101490553132,1,0,1,6,6,31,3.4657359027997265,0,1,1,3,1,1,0,583.0
3,1.3862943611198906,0,0,3,3,3,22,3.1354942159291497,1,1,2,1,2,27,3.332204510175204,0,0,2,6,7,1,1,119.0
4,1.6094379124341003,1,1,4,4,4,1,0.6931471805599453,0,1,1,1,1,21,3.091042453358316,0,0,1,0,1,1,2,593.0
8,2.1972245773362196,1,2,3,1,8,26,3.295836866004329,1,2,1,5,6,37,3.6375861597263857,0,1,2,2,7,1,0,16697.0
14,2.70805020110221,1,2,4,0,4,1,0.6931471805599453,0,1,1,1,1,44,3.8066624897703196,1,2,4,2,4,1,2,743.0
11,2.4849066497880004,0,2,1,4,1,15,2.772588722239781,0,0,0,1,5,40,3.713572066704308,1,1,0,5,0,1,0,4893.0
13,2.6390573296152584,0,1,3,6,3,7,2.0794415416798357,0,1,2,0,7,27,3.332204510175204,0,0,2,6,7,1,0,391.0
18,2.9444389791664403,1,0,3,4,8,1,0.6931471805599453,0,1,1,1,1,27,3.332204510175204,0,0,2,6,7,1,2,17.0
15,2.772588722239781,0,0,0,1,5,12,2.5649493574615367,1,0,2,5,2,29,3.4011973816621555,0,2,4,1,9,1,0,1382.0
14,2.70805020110221,1,2,4,0,4,4,1.6094379124341003,1,1,4,4,4,24,3.2188758248682006,1,0,4,3,4,2,1,767.0
4,1.6094379124341003,1,1,4,4,4,28,3.367295829986474,1,1,3,0,8,33,3.5263605246161616,0,0,3,5,3,1,1,8465.0
7,2.0794415416798357,0,1,2,0,7,3,1.3862943611198906,0,0,3,3,3,16,2.833213344056216,1,1,1,2,6,1,0,293.0
12,2.5649493574615367,1,0,2,5,2,3,1.3862943611198906,0,0,3,3,3,16,2.833213344056216,1,1,1,2,6,1,1,79.0
5,1.791759469228055,0,2,0,5,5,1,0.6931471805599453,0,1,1,1,1,32,3.4965075614664802,1,2,2,4,2,1,2,1319.0
16,2.833213344056216,1,1,1,2,6,1,0.6931471805599453,0,1,1,1,1,19,2.995732273553991,0,1,4,5,9,1,2,713.0
12,2.5649493574615367,1,0,2,5,2,6,1.9459101490553132,1,0,1,6,6,25,3.258096538021482,0,1,0,4,5,1,1,4081.0
12,2.5649493574615367,1,0,2,5,2,4,1.6094379124341003,1,1,4,4,4,20,3.044522437723423,1,2,0,6,0,4,2,17.0
9,2.302585092994046,0,0,4,2,9,21,3.091042453358316,0,0,1,0,1,39,3.6888794541139363,0,0,4,4,9,3,0,899.0
14,2.70805020110221,1,2,4,0,4,13,2.6390573296152584,0,1,3,6,3,31,3.4657359027997265,0,1,1,3,1,1,0,12049.0
20,3.044522437723423,1,2,0,6,0,14,2.70805020110221,1,2,4,0,4,39,3.6888794541139363,0,0,4,4,9,1,0,22961.0
5,1.791759469228055,0,2,0,5,5,5,1.791759469228055,0,2,0,5,5,11,2.4849066497880004,0,2,1,4,1,1,1,323.0
13,2.6390573296152584,0,1,3,6,3,18,2.9444389791664403,1,0,3,4,8,41,3.7376696182833684,0,2,1,6,1,1,0,575.0
12,2.5649493574615367,1,0,2,5,2,8,2.1972245773362196,1,2,3,1,8,28,3.367295829986474,1,1,3,0,8,4,0,47.0
11,2.4849066497880004,0,2,1,4,1,7,2.0794415416798357,0,1,2,0,7,34,3.5553480614894135,1,1,4,6,4,1,0,6271.0
10,2.3978952727983707,1,1,0,3,0,5,1.791759469228055,0,2,0,5,5,23,3.1780538303479458,0,2,3,2,3,1,1,2729.0
10,2.3978952727983707,1,1,0,3,0,2,1.0986122886681098,1,2,2,2,2,20,3.044522437723423,1,2,0,6,0,2,3,11.0
6,1.9459101490553132,1,0,1,6,6,19,2.995732273553991,0,1,4,5,9,27,3.332204510175204,0,0,2,6,7,1,0,761.0
20,3.044522437723423,1,2,0,6,0,12,2.5649493574615367,1,0,2,5,2,34,3.5553480614894135,1,1,4,6,4,2,0,1423.0
17,2.8903717578961645,0,2,2,3,7,3,1.3862943611198906,0,0,3,3,3,24,3.2188758248682006,1,0,4,3,4,1,1,2735.0
17,2.8903717578961645,0,2,2,3,7,5,1.791759469228055,0,2,0,5,5,25,3.258096538021482,0,1,0,4,5,1,1,2293.0
7,2.0794415416798357,0,1,2,0,7,2,1.0986122886681098,1,2,2,2,2,19,2.995732273553991,0,1,4,5,9,1,0,211.0
8,2.1972245773362196,1,2,3,1,8,1,0.6931471805599453,0,1,1,1,1,11,2.4849066497880004,0,2,1,4,1,1,2,233.0
17,2.8903717578961645,0,2,2,3,7,1,0.6931471805599453,0,1,1,1,1,20,3.044522437723423,1,2,0,6,0,1,2,791.0
15,2.772588722239781,0,0,0,1,5,2,1.0986122886681098,1,2,2,2,2,18,2.9444389791664403,1,0,3,4,8,1,1,131.0
10,2.3978952727983707,1,1,0,3,0,14,2.70805020110221,1,2,4,0,4,33,3.5263605246161616,0,0,3,5,3,1,0,10229.0
19,2.995732273553991,0,1,4,5,9,5,1.791759469228055,0,2,0,5,5,31,3.4657359027997265,0,1,1,3,1,1,0,649.0
6,1.9459101490553132,1,0,1,6,6,2,1.0986122886681098,1,2,2,2,2,20,3.044522437723423,1,2,0,6,0,2,2,211.0
2,1.0986122886681098,1,2,2,2,2,2,1.0986122886681098,1,2,2,2,2,31,3.4657359027997265,0,1,1,3,1,1,1,1205.0
2,1.0986122886681098,1,2,2,2,2,3,1.3862943611198906,0,0,3,3,3,19,2.995732273553991,0,1,4,5,9,1,0,195.0
12,2.5649493574615367,1,0,2,5,2,2,1.0986122886681098,1,2,2,2,2,15,2.772588722239781,0,0,0,1,5,1,1,89.0
14,2.70805020110221,1,2,4,0,4,1,0.6931471805599453,0,1,1,1,1,20,3.044522437723423,1,2,0,6,0,1,2,191.0
4,1.6094379124341003,1,1,4,4,4,16,2.833213344056216,1,1,1,2,6,22,3.1354942159291497,1,1,2,1,2,2,1,821.0
10,2.3978952727983707,1,1,0,3,0,7,2.0794415416798357,0,1,2,0,7,24,3.2188758248682006,1,0,4,3,4,1,0,137.0
13,2.6390573296152584,0,1,3,6,3,3,1.3862943611198906,0,0,3,3,3,17,2.8903717578961645,0,2,2,3,7,1,0,241.0
9,2.302585092994046,0,0,4,2,9,5,1.791759469228055,0,2,0,5,5,20,3.044522437723423,1,2,0,6,0,1,1,2119.0
11,2.4849066497880004,0,2,1,4,1,1,0.6931471805599453,0,1,1,1,1,15,2.772588722239781,0,0,0,1,5,1,2,217.0
17,2.8903717578961645,0,2,2,3,7,2,1.0986122886681098,1,2,2,2,2,22,3.1354942159291497,1,1,2,1,2,1,1,1691.0
5,1.791759469228055,0,2,0,5,5,18,2.9444389791664403,1,0,3,4,8,33,3.5263605246161616,0,0,3,5,3,1,0,1751.0
4,1.6094379124341003,1,1,4,4,4,4,1.6094379124341003,1,1,4,4,4,19,2.995732273553991,0,1,4,5,9,1,1,953.0
12,2.5649493574615367,1,0,2,5,2,5,1.791759469228055,0,2,0,5,5,24,3.2188758248682006,1,0,4,3,4,1,1,23.0
3,1.3862943611198906,0,0,3,3,3,10,2.3978952727983707,1,1,0,3,0,32,3.4965075614664802,1,2,2,4,2,1,0,587.0
15,2.772588722239781,0,0,0,1,5,7,2.0794415416798357,0,1,2,0,7,30,3.4339872044851463,1,0,0,2,0,1,1,31.0
6,1.9459101490553132,1,0,1,6,6,9,2.302585092994046,0,0,4,2,9,29,3.4011973816621555,0,2,4,1,9,1,0,3937.0
13,2.6390573296152584,0,1,3,6,3,1,0.6931471805599453,0,1,1,1,1,18,2.9444389791664403,1,0,3,4,8,1,2,623.0
7,2.0794415416798357,0,1,2,0,7,7,2.0794415416798357,0,1,2,0,7,26,3.295836866004329,1,2,1,5,6,1,1,3175.0
18,2.9444389791664403,1,0,3,4,8,6,1.9459101490553132,1,0,1,6,6,33,3.5263605246161616,0,0,3,5,3,3,1,877.0
18,2.9444389791664403,1,0,3,4,8,4,1.6094379124341003,1,1,4,4,4,28,3.367295829986474,1,1,3,0,8,2,1,1123.0
10,2.3978952727983707,1,1,0,3,0,3,1.3862943611198906,0,0,3,3,3,16,2.833213344056216,1,1,1,2,6,1,0,93.0
15,2.772588722239781,0,0,0,1,5,23,3.1780538303479458,0,2,3,2,3,44,3.8066624897703196,1,2,4,2,4,1,0,32071.0
5,1.791759469228055,0,2,0,5,5,3,1.3862943611198906,0,0,3,3,3,27,3.332204510175204,0,0,2,6,7,1,1,757.0
9,2.302585092994046,0,0,4,2,9,13,2.6390573296152584,0,1,3,6,3,29,3.4011973816621555,0,2,4,1,9,1,0,3773.0
16,2.833213344056216,1,1,1,2,6,7,2.0794415416798357,0,1,2,0,7,30,3.4339872044851463,1,0,0,2,0,1,0,263.0
17,2.8903717578961645,0,2,2,3,7,3,1.3862943611198906,0,0,3,3,3,27,3.332204510175204,0,0,2,6,7,1,1,1597.0
15,2.772588722239781,0,0,0,1,5,13,2.6390573296152584,0,1,3,6,3,29,3.4011973816621555,0,2,4,1,9,1,0,5963.0
13,2.6390573296152584,0,1,3,6,3,10,2.3978952727983707,1,1,0,3,0,30,3.4339872044851463,1,0,0,2,0,1,1,8531.0
19,2.995732273553991,0,1,4,5,9,11,2.4849066497880004,0,2,1,4,1,47,3.871201010907891,0,2,2,5,7,1,0,977.0
11,2.4849066497880004,0,2,1,4,1,4,1.6094379124341003,1,1,4,4,4,24,3.2188758248682006,1,0,4,3,4,1,1,2567.0
16,2.833213344056216,1,1,1,2,6,26,3.295836866004329,1,2,1,5,6,46,3.8501476017100584,1,1,1,4,6,2,0,10033.0
20,3.044522437723423,1,2,0,6,0,6,1.9459101490553132,1,0,1,6,6,36,3.6109179126442243,1,0,1,1,6,2,1,149.0
10,2.3978952727983707,1,1,0,3,0,4,1.6094379124341003,1,1,4,4,4,22,3.1354942159291497,1,1,2,1,2,2,0,67.0
20,3.044522437723423,1,2,0,6,0,24,3.2188758248682006,1,0,4,3,4,46,3.8501476017100584,1,1,1,4,6,2,0,3823.0
6,1.9459101490553132,1,0,1,6,6,4,1.6094379124341003,1,1,4,4,4,11,2.4849066497880004,0,2,1,4,1,1,0,613.0
18,2.9444389791664403,1,0,3,4,8,10,2.3978952727983707,1,1,0,3,0,40,3.713572066704308,1,1,0,5,0,2,1,3919.0
10,2.3978952727983707,1,1,0,3,0,9,2.302585092994046,0,0,4,2,9,36,3.6109179126442243,1,0,1,1,6,1,1,1919.0
19,2.995732273553991,0,1,4,5,9,20,3.044522437723423,1,2,0,6,0,46,3.8501476017100584,1,1,1,4,6,1,0,7343.0
18,2.9444389791664403,1,0,3,4,8,15,2.772588722239781,0,0,0,1,5,39,3.6888794541139363,0,0,4,4,9,3,0,2473.0
17,2.8903717578961645,0,2,2,3,7,9,2.302585092994046,0,0,4,2,9,30,3.4339872044851463,1,0,0,2,0,1,0,9791.0
19,2.995732273553991,0,1,4,5,9,8,2.1972245773362196,1,2,3,1,8,42,3.7612001156935624,1,0,2,0,2,1,0,14171.0
4,1.6094379124341003,1,1,4,4,4,9,2.302585092994046,0,0,4,2,9,14,2.70805020110221,1,2,4,0,4,1,0,33.0
6,1.9459101490553132,1,0,1,6,6,4,1.6094379124341003,1,1,4,4,4,23,3.1780538303479458,0,2,3,2,3,1,0,1597.0
3,1.3862943611198906,0,0,3,3,3,15,2.772588722239781,0,0,0,1,5,20,3.044522437723423,1,2,0,6,0,1,1,2191.0
9,2.302585092994046,0,0,4,2,9,4,1.6094379124341003,1,1,4,4,4,17,2.8903717578961645,0,2,2,3,7,1,0,179.0
14,2.70805020110221,1,2,4,0,4,1,0.6931471805599453,0,1,1,1,1,34,3.5553480614894135,1,1,4,6,4,1,2,239.0
19,2.995732273553991,0,1,4,5,9,3,1.3862943611198906,0,0,3,3,3,26,3.295836866004329,1,2,1,5,6,1,0,1093.0
8,2.1972245773362196,1,2,3,1,8,4,1.6094379124341003,1,1,4,4,4,13,2.6390573296152584,0,1,3,6,3,1,1,937.0
4,1.6094379124341003,1,1,4,4,4,3,1.3862943611198906,0,0,3,3,3,10,2.3978952727983707,1,1,0,3,0,1,0,27.0
9,2.302585092994046,0,0,4,2,9,8,2.1972245773362196,1,2,3,1,8,29,3.4011973816621555,0,2,4,1,9,1,0,617.0
18,2.9444389791664403,1,0,3,4,8,3,1.3862943611198906,0,0,3,3,3,35,3.58351893845611,0,2,0,0,5,1,1,4681.0
3,1.3862943611198906,0,0,3,3,3,3,1.3862943611198906,0,0,3,3,3,8,2.1972245773362196,1,2,3,1,8,1,1,199.0
6,1.9459101490553132,1,0,1,6,6,18,2.9444389791664403,1,0,3,4,8,34,3.5553480614894135,1,1,4,6,4,2,1,529.0
4,1.6094379124341003,1,1,4,4,4,8,2.1972245773362196,1,2,3,1,8,21,3.091042453358316,0,0,1,0,1,1,1,1769.0
3,1.3862943611198906,0,0,3,3,3,1,0.6931471805599453,0,1,1,1,1,7,2.0794415416798357,0,1,2,0,7,1,2,41.0
2,1.0986122886681098,1,2,2,2,2,23,3.1780538303479458,0,2,3,2,3,31,3.4657359027997265,0,1,1,3,1,1,0,3809.0
12,2.5649493574615367,1,0,2,5,2,4,1.6094379124341003,1,1,4,4,4,19,2.995732273553991,0,1,4,5,9,1,1,2041.0
7,2.0794415416798357,0,1,2,0,7,17,2.8903717578961645,0,2,2,3,7,25,3.258096538021482,0,1,0,4,5,1,0,3263.0
17,2.8903717578961645,0,2,2,3,7,2,1.0986122886681098,1,2,2,2,2,21,3.091042453358316,0,0,1,0,1,1,0,395.0
14,2.70805020110221,1,2,4,0,4,2,1.0986122886681098,1,2,2,2,2,17,2.8903717578961645,0,2,2,3,7,1,1,1045.0
18,2.9444389791664403,1,0,3,4,8,2,1.0986122886681098,1,2,2,2,2,21,3.091042453358316,0,0,1,0,1,1,1,181.0
14,2.70805020110221,1,2,4,0,4,3,1.3862943611198906,0,0,3,3,3,18,2.9444389791664403,1,0,3,4,8,1,1,205.0
8,2.1972245773362196,1,2,3,1,8,6,1.9459101490553132,1,0,1,6,6,22,3.1354942159291497,1,1,2,1,2,2,0,211.0
2,1.0986122886681098,1,2,2,2,2,1,0.6931471805599453,0,1,1,1,1,17,2.8903717578961645,0,2,2,3,7,1,2,353.0
15,2.772588722239781,0,0,0,1,5,13,2.6390573296152584,0,1,3,6,3,33,3.5263605246161616,0,0,3,5,3,1,0,763.0
10,2.3978952727983707,1,1,0,3,0,10,2.3978952727983707,1,1,0,3,0,24,3.2188758248682006,1,0,4,3,4,2,1,1319.0
9,2.302585092994046,0,0,4,2,9,1,0.6931471805599453,0,1,1,1,1,13,2.6390573296152584,0,1,3,6,3,1,2,161.0
4,1.6094379124341003,1,1,4,4,4,25,3.258096538021482,0,1,0,4,5,30,3.4339872044851463,1,0,0,2,0,1,0,1721.0
17,2.8903717578961645,0,2,2,3,7,8,2.1972245773362196,1,2,3,1,8,40,3.713572066704308,1,1,0,5,0,1,1,12191.0
6,1.9459101490553132,1,0,1,6,6,2,1.0986122886681098,1,2,2,2,2,24,3.2188758248682006,1,0,4,3,4,2,3,31.0
19,2.995732273553991,0,1,4,5,9,9,2.302585092994046,0,0,4,2,9,44,3.8066624897703196,1,2,4,2,4,1,0,1847.0
9,2.302585092994046,0,0,4,2,9,9,2.302585092994046,0,0,4,2,9,19,2.995732273553991,0,1,4,5,9,1,1,1679.0
10,2.3978952727983707,1,1,0,3,0,12,2.5649493574615367,1,0,2,5,2,30,3.4339872044851463,1,0,0,2,0,2,1,10.0
2,1.0986122886681098,1,2,2,2,2,1,0.6931471805599453,0,1,1,1,1,21,3.091042453358316,0,0,1,0,1,1,2,521.0
9,2.302585092994046,0,0,4,2,9,24,3.2188758248682006,1,0,4,3,4,38,3.6635616461296463,1,2,3,3,8,1,0,17779.0
12,2.5649493574615367,1,0,2,5,2,7,2.0794415416798357,0,1,2,0,7,23,3.1780538303479458,0,2,3,2,3,1,0,607.0
11,2.4849066497880004,0,2,1,4,1,16,2.833213344056216,1,1,1,2,6,35,3.58351893845611,0,2,0,0,5,1,0,839.0
11,2.4849066497880004,0,2,1,4,1,16,2.833213344056216,1,1,1,2,6,41,3.7376696182833684,0,2,1,6,1,1,0,1999.0
16,2.833213344056216,1,1,1,2,6,11,2.4849066497880004,0,2,1,4,1,39,3.6888794541139363,0,0,4,4,9,1,0,1363.0
20,3.044522437723423,1,2,0,6,0,15,2.772588722239781,0,0,0,1,5,44,3.8066624897703196,1,2,4,2,4,1,0,291.0
18,2.9444389791664403,1,0,3,4,8,18,2.9444389791664403,1,0,3,4,8,38,3.6635616461296463,1,2,3,3,8,2,1,1609.0
10,2.3978952727983707,1,1,0,3,0,19,2.995732273553991,0,1,4,5,9,35,3.58351893845611,0,2,0,0,5,1,0,577.0
8,2.1972245773362196,1,2,3,1,8,13,2.6390573296152584,0,1,3,6,3,26,3.295836866004329,1,2,1,5,6,1,1,1505.0
9,2.302585092994046,0,0,4,2,9,2,1.0986122886681098,1,2,2,2,2,21,3.091042453358316,0,0,1,0,1,1,0,31.0
4,1.6094379124341003,1,1,4,4,4,18,2.9444389791664403,1,0,3,4,8,34,3.5553480614894135,1,1,4,6,4,2,0,503.0
2,1.0986122886681098,1,2,2,2,2,9,2.302585092994046,0,0,4,2,9,24,3.2188758248682006,1,0,4,3,4,1,1,359.0
17,2.8903717578961645,0,2,2,3,7,3,1.3862943611198906,0,0,3,3,3,35,3.58351893845611,0,2,0,0,5,1,0,751.0
6,1.9459101490553132,1,0,1,6,6,15,2.772588722239781,0,0,0,1,5,29,3.4011973816621555,0,2,4,1,9,1,0,1205.0
14,2.70805020110221,1,2,4,0,4,16,2.833213344056216,1,1,1,2,6,39,3.6888794541139363,0,0,4,4,9,1,0,18797.0
16,2.833213344056216,1,1,1,2,6,17,2.8903717578961645,0,2,2,3,7,35,3.58351893845611,0,2,0,0,5,1,0,1177.0
17,2.8903717578961645,0,2,2,3,7,9,2.302585092994046,0,0,4,2,9,34,3.5553480614894135,1,1,4,6,4,1,1,13.0
11,2.4849066497880004,0,2,1,4,1,3,1.3862943611198906,0,0,3,3,3,15,2.772588722239781,0,0,0,1,5,1,1,547.0
9,2.302585092994046,0,0,4,2,9,15,2.772588722239781,0,0,0,1,5,30,3.4339872044851463,1,0,0,2,0,3,1,991.0
2,1.0986122886681098,1,2,2,2,2,11,2.4849066497880004,0,2,1,4,1,22,3.1354942159291497,1,1,2,1,2,1,2,181.0
8,2.1972245773362196,1,2,3,1,8,15,2.772588722239781,0,0,0,1,5,26,3.295836866004329,1,2,1,5,6,1,0,571.0
2,1.0986122886681098,1,2,2,2,2,7,2.0794415416798357,0,1,2,0,7,11,2.4849066497880004,0,2,1,4,1,1,0,425.0
4,1.6094379124341003,1,1,4,4,4,7,2.0794415416798357,0,1,2,0,7,13,2.6390573296152584,0,1,3,6,3,1,0,881.0
14,2.70805020110221,1,2,4,0,4,7,2.0794415416798357,0,1,2,0,7,28,3.367295829986474,1,1,3,0,8,7,3,31.0
14,2.70805020110221,1,2,4,0,4,1,0.6931471805599453,0,1,1,1,1,26,3.295836866004329,1,2,1,5,6,1,2,151.0
14,2.70805020110221,1,2,4,0,4,23,3.1780538303479458,0,2,3,2,3,39,3.6888794541139363,0,0,4,4,9,1,0,26441.0
2,1.0986122886681098,1,2,2,2,2,1,0.6931471805599453,0,1,1,1,1,8,2.1972245773362196,1,2,3,1,8,1,3,23.0
10,2.3978952727983707,1,1,0,3,0,2,1.0986122886681098,1,2,2,2,2,27,3.332204510175204,0,0,2,6,7,1,1,1709.0
7,2.0794415416798357,0,1,2,0,7,1,0.6931471805599453,0,1,1,1,1,22,3.1354942159291497,1,1,2,1,2,1,2,743.0
15,2.772588722239781,0,0,0,1,5,1,0.6931471805599453,0,1,1,1,1,23,3.1780538303479458,0,2,3,2,3,1,2,497.0
13,2.6390573296152584,0,1,3,6,3,11,2.4849066497880004,0,2,1,4,1,30,3.4339872044851463,1,0,0,2,0,1,0,9311.0
20,3.044522437723423,1,2,0,6,0,6,1.9459101490553132,1,0,1,6,6,31,3.4657359027997265,0,1,1,3,1,1,0,2667.0
7,2.0794415416798357,0,1,2,0,7,1,0.6931471805599453,0,1,1,1,1,11,2.4849066497880004,0,2,1,4,1,1,2,113.0
4,1.6094379124341003,1,1,4,4,4,2,1.0986122886681098,1,2,2,2,2,11,2.4849066497880004,0,2,1,4,1,1,1,281.0
17,2.8903717578961645,0,2,2,3,7,25,3.258096538021482,0,1,0,4,5,44,3.8066624897703196,1,2,4,2,4,1,0,39047.0
10,2.3978952727983707,1,1,0,3,0,13,2.6390573296152584,0,1,3,6,3,25,3.258096538021482,0,1,0,4,5,1,0,281.0
18,2.9444389791664403,1,0,3,4,8,2,1.0986122886681098,1,2,2,2,2,38,3.6635616461296463,1,2,3,3,8,2,2,241.0
12,2.5649493574615367,1,0,2,5,2,4,1.6094379124341003,1,1,4,4,4,17,2.8903717578961645,0,2,2,3,7,1,1,1777.0
11,2.4849066497880004,0,2,1,4,1,3,1.3862943611198906,0,0,3,3,3,33,3.5263605246161616,0,0,3,5,3,1,2,13.0
8,2.1972245773362196,1,2,3,1,8,17,2.8903717578961645,0,2,2,3,7,26,3.295836866004329,1,2,1,5,6,1,0,113.0
7,2.0794415416798357,0,1,2,0,7,3,1.3862943611198906,0,0,3,3,3,24,3.2188758248682006,1,0,4,3,4,1,1,1535.0
16,2.833213344056216,1,1,1,2,6,9,2.302585092994046,0,0,4,2,9,44,3.8066624897703196,1,2,4,2,4,1,0,299.0
2,1.0986122886681098,1,2,2,2,2,15,2.772588722239781,0,0,0,1,5,23,3.1780538303479458,0,2,3,2,3,1,0,127.0
7,2.0794415416798357,0,1,2,0,7,6,1.9459101490553132,1,0,1,6,6,15,2.772588722239781,0,0,0,1,5,1,0,359.0
10,2.3978952727983707,1,1,0,3,0,6,1.9459101490553132,1,0,1,6,6,30,3.4339872044851463,1,0,0,2,0,2,2,11.0
17,2.8903717578961645,0,2,2,3,7,12,2.5649493574615367,1,0,2,5,2,37,3.6375861597263857,0,1,2,2,7,1,0,674.0
8,2.1972245773362196,1,2,3,1,8,3,1.3862943611198906,0,0,3,3,3,16,2.833213344056216,1,1,1,2,6,1,1,5.0
11,2.4849066497880004,0,2,1,4,1,7,2.0794415416798357,0,1,2,0,7,36,3.6109179126442243,1,0,1,1,6,1,0,6719.0
20,3.044522437723423,1,2,0,6,0,3,1.3862943611198906,0,0,3,3,3,29,3.4011973816621555,0,2,4,1,9,1,0,1307.0
2,1.0986122886681098,1,2,2,2,2,27,3.332204510175204,0,0,2,6,7,31,3.4657359027997265,0,1,1,3,1,1,0,1435.0
4,1.6094379124341003,1,1,4,4,4,24,3.2188758248682006,1,0,4,3,4,31,3.4657359027997265,0,1,1,3,1,1,1,2299.0
6,1.9459101490553132,1,0,1,6,6,8,2.1972245773362196,1,2,3,1,8,18,2.9444389791664403,1,0,3,4,8,2,1,7.0
7,2.0794415416798357,0,1,2,0,7,7,2.0794415416798357,0,1,2,0,7,25,3.258096538021482,0,1,0,4,5,1,1,1513.0
12,2.5649493574615367,1,0,2,5,2,16,2.833213344056216,1,1,1,2,6,35,3.58351893845611,0,2,0,0,5,1,0,14521.0
6,1.9459101490553132,1,0,1,6,6,8,2.1972245773362196,1,2,3,1,8,29,3.4011973816621555,0,2,4,1,9,1,0,3589.0
13,2.6390573296152584,0,1,3,6,3,3,1.3862943611198906,0,0,3,3,3,29,3.4011973816621555,0,2,4,1,9,1,0,489.0
12,2.5649493574615367,1,0,2,5,2,17,2.8903717578961645,0,2,2,3,7,39,3.6888794541139363,0,0,4,4,9,1,0,113.0
18,2.9444389791664403,1,0,3,4,8,13,2.6390573296152584,0,1,3,6,3,38,3.6635616461296463,1,2,3,3,8,1,0,2363.0
20,3.044522437723423,1,2,0,6,0,7,2.0794415416798357,0,1,2,0,7,31,3.4657359027997265,0,1,1,3,1,1,0,9241.0
20,3.044522437723423,1,2,0,6,0,11,2.4849066497880004,0,2,1,4,1,33,3.5263605246161616,0,0,3,5,3,1,1,15209.0
15,2.772588722239781,0,0,0,1,5,13,2.6390573296152584,0,1,3,6,3,34,3.5553480614894135,1,1,4,6,4,1,0,14191.0
17,2.8903717578961645,0,2,2,3,7,2,1.0986122886681098,1,2,2,2,2,40,3.713572066704308,1,1,0,5,0,1,1,4031.0
12,2.5649493574615367,1,0,2,5,2,6,1.9459101490553132,1,0,1,6,6,31,3.4657359027997265,0,1,1,3,1,1,1,5281.0
13,2.6390573296152584,0,1,3,6,3,6,1.9459101490553132,1,0,1,6,6,20,3.044522437723423,1,2,0,6,0,1,0,1117.0
2,1.0986122886681098,1,2,2,2,2,8,2.1972245773362196,1,2,3,1,8,26,3.295836866004329,1,2,1,5,6,2,2,47.0
2,1.0986122886681098,1,2,2,2,2,6,1.9459101490553132,1,0,1,6,6,10,2.3978952727983707,1,1,0,3,0,2,2,7.0
14,2.70805020110221,1,2,4,0,4,9,2.302585092994046,0,0,4,2,9,41,3.7376696182833684,0,2,1,6,1,1,0,1313.0
7,2.0794415416798357,0,1,2,0,7,10,2.3978952727983707,1,1,0,3,0,18,2.9444389791664403,1,0,3,4,8,1,0,559.0
14,2.70805020110221,1,2,4,0,4,21,3.091042453358316,0,0,1,0,1,41,3.7376696182833684,0,2,1,6,1,1,0,8531.0
7,2.0794415416798357,0,1,2,0,7,19,2.995732273553991,0,1,4,5,9,37,3.6375861597263857,0,1,2,2,7,1,0,5581.0
17,2.8903717578961645,0,2,2,3,7,19,2.995732273553991,0,1,4,5,9,40,3.713572066704308,1,1,0,5,0,1,0,1429.0
2,1.0986122886681098,1,2,2,2,2,23,3.1780538303479458,0,2,3,2,3,28,3.367295829986474,1,1,3,0,8,1,1,839.0
12,2.5649493574615367,1,0,2,5,2,1,0.6931471805599453,0,1,1,1,1,24,3.2188758248682006,1,0,4,3,4,1,3,7.0
15,2.772588722239781,0,0,0,1,5,6,1.9459101490553132,1,0,1,6,6,39,3.6888794541139363,0,0,4,4,9,3,0,77.0
11,2.4849066497880004,0,2,1,4,1,13,2.6390573296152584,0,1,3,6,3,38,3.6635616461296463,1,2,3,3,8,1,0,12191.0
9,2.302585092994046,0,0,4,2,9,1,0.6931471805599453,0,1,1,1,1,32,3.4965075614664802,1,2,2,4,2,1,2,1519.0
4,1.6094379124341003,1,1,4,4,4,4,1.6094379124341003,1,1,4,4,4,14,2.70805020110221,1,2,4,0,4,2,1,157.0
17,2.8903717578961645,0,2,2,3,7,11,2.4849066497880004,0,2,1,4,1,35,3.58351893845611,0,2,0,0,5,1,0,7013.0
4,1.6094379124341003,1,1,4,4,4,2,1.0986122886681098,1,2,2,2,2,7,2.0794415416798357,0,1,2,0,7,1,1,145.0
10,2.3978952727983707,1,1,0,3,0,13,2.6390573296152584,0,1,3,6,3,39,3.6888794541139363,0,0,4,4,9,1,1,11561.0
15,2.772588722239781,0,0,0,1,5,7,2.0794415416798357,0,1,2,0,7,24,3.2188758248682006,1,0,4,3,4,1,0,599.0
8,2.1972245773362196,1,2,3,1,8,10,2.3978952727983707,1,1,0,3,0,23,3.1780538303479458,0,2,3,2,3,1,0,829.0
6,1.9459101490553132,1,0,1,6,6,18,2.9444389791664403,1,0,3,4,8,35,3.58351893845611,0,2,0,0,5,1,1,8749.0
20,3.044522437723423,1,2,0,6,0,13,2.6390573296152584,0,1,3,6,3,47,3.871201010907891,0,2,2,5,7,1,0,26249.0
15,2.772588722239781,0,0,0,1,5,5,1.791759469228055,0,2,0,5,5,38,3.6635616461296463,1,2,3,3,8,1,1,6919.0
12,2.5649493574615367,1,0,2,5,2,3,1.3862943611198906,0,0,3,3,3,23,3.1780538303479458,0,2,3,2,3,1,1,2041.0
11,2.4849066497880004,0,2,1,4,1,19,2.995732273553991,0,1,4,5,9,40,3.713572066704308,1,1,0,5,0,1,0,18199.0
12,2.5649493574615367,1,0,2,5,2,5,1.791759469228055,0,2,0,5,5,29,3.4011973816621555,0,2,4,1,9,1,0,4177.0
18,2.9444389791664403,1,0,3,4,8,23,3.1780538303479458,0,2,3,2,3,46,3.8501476017100584,1,1,1,4,6,1,1,4985.0
2,1.0986122886681098,1,2,2,2,2,2,1.0986122886681098,1,2,2,2,2,8,2.1972245773362196,1,2,3,1,8,2,3,31.0
18,2.9444389791664403,1,0,3,4,8,1,0.6931471805599453,0,1,1,1,1,22,3.1354942159291497,1,1,2,1,2,1,2,119.0
12,2.5649493574615367,1,0,2,5,2,13,2.6390573296152584,0,1,3,6,3,34,3.5553480614894135,1,1,4,6,4,1,0,2905.0
7,2.0794415416798357,0,1,2,0,7,17,2.8903717578961645,0,2,2,3,7,35,3.58351893845611,0,2,0,0,5,1,1,97.0
14,2.70805020110221,1,2,4,0,4,27,3.332204510175204,0,0,2,6,7,43,3.784189633918261,0,1,3,1,3,1,0,11387.0
13,2.6390573296152584,0,1,3,6,3,9,2.302585092994046,0,0,4,2,9,25,3.258096538021482,0,1,0,4,5,1,0,1051.0
7,2.0794415416798357,0,1,2,0,7,10,2.3978952727983707,1,1,0,3,0,25,3.258096538021482,0,1,0,4,5,1,0,1019.0
8,2.1972245773362196,1,2,3,1,8,6,1.9459101490553132,1,0,1,6,6,29,3.4011973816621555,0,2,4,1,9,1,0,1187.0
12,2.5649493574615367,1,0,2,5,2,7,2.0794415416798357,0,1,2,0,7,21,3.091042453358316,0,0,1,0,1,1,1,425.0
11,2.4849066497880004,0,2,1,4,1,1,0.6931471805599453,0,1,1,1,1,36,3.6109179126442243,1,0,1,1,6,1,2,1967.0
13,2.6390573296152584,0,1,3,6,3,18,2.9444389791664403,1,0,3,4,8,35,3.58351893845611,0,2,0,0,5,1,0,1453.0
2,1.0986122886681098,1,2,2,2,2,7,2.0794415416798357,0,1,2,0,7,17,2.8903717578961645,0,2,2,3,7,1,0,761.0
12,2.5649493574615367,1,0,2,5,2,2,1.0986122886681098,1,2,2,2,2,23,3.1780538303479458,0,2,3,2,3,1,1,1489.0
13,2.6390573296152584,0,1,3,6,3,6,1.9459101490553132,1,0,1,6,6,25,3.258096538021482,0,1,0,4,5,1,0,363.0
20,3.044522437723423,1,2,0,6,0,5,1.791759469228055,0,2,0,5,5,37,3.6375861597263857,0,1,2,2,7,1,1,8369.0
8,2.1972245773362196,1,2,3,1,8,6,1.9459101490553132,1,0,1,6,6,20,3.044522437723423,1,2,0,6,0,2,0,47.0
9,2.302585092994046,0,0,4,2,9,3,1.3862943611198906,0,0,3,3,3,17,2.8903717578961645,0,2,2,3,7,1,1,563.0
18,2.9444389791664403,1,0,3,4,8,5,1.791759469228055,0,2,0,5,5,32,3.4965075614664802,1,2,2,4,2,1,0,323.0
10,2.3978952727983707,1,1,0,3,0,2,1.0986122886681098,1,2,2,2,2,13,2.6390573296152584,0,1,3,6,3,1,1,589.0
7,2.0794415416798357,0,1,2,0,7,5,1.791759469228055,0,2,0,5,5,34,3.5553480614894135,1,1,4,6,4,1,0,3487.0
6,1.9459101490553132,1,0,1,6,6,1,0.6931471805599453,0,1,1,1,1,32,3.4965075614664802,1,2,2,4,2,1,2,343.0
13,2.6390573296152584,0,1,3,6,3,2,1.0986122886681098,1,2,2,2,2,16,2.833213344056216,1,1,1,2,6,1,1,919.0
7,2.0794415416798357,0,1,2,0,7,2,1.0986122886681098,1,2,2,2,2,27,3.332204510175204,0,0,2,6,7,1,0,359.0
16,2.833213344056216,1,1,1,2,6,13,2.6390573296152584,0,1,3,6,3,38,3.6635616461296463,1,2,3,3,8,1,0,4249.0
17,2.8903717578961645,0,2,2,3,7,10,2.3978952727983707,1,1,0,3,0,40,3.713572066704308,1,1,0,5,0,1,1,14911.0
18,2.9444389791664403,1,0,3,4,8,2,1.0986122886681098,1,2,2,2,2,25,3.258096538021482,0,1,0,4,5,1,1,2101.0
7,2.0794415416798357,0,1,2,0,7,19,2.995732273553991,0,1,4,5,9,34,3.5553480614894135,1,1,4,6,4,1,0,10151.0
4,1.6094379124341003,1,1,4,4,4,1,0.6931471805599453,0,1,1,1,1,29,3.4011973816621555,0,2,4,1,9,1,2,1057.0
4,1.6094379124341003,1,1,4,4,4,15,2.772588722239781,0,0,0,1,5,31,3.4657359027997265,0,1,1,3,1,1,0,311.0
10,2.3978952727983707,1,1,0,3,0,10,2.3978952727983707,1,1,0,3,0,27,3.332204510175204,0,0,2,6,7,1,1,6029.0
16,2.833213344056216,1,1,1,2,6,1,0.6931471805599453,0,1,1,1,1,21,3.091042453358316,0,0,1,0,1,1,2,857.0
20,3.044522437723423,1,2,0,6,0,12,2.5649493574615367,1,0,2,5,2,43,3.784189633918261,0,1,3,1,3,1,0,7363.0
5,1.791759469228055,0,2,0,5,5,3,1.3862943611198906,0,0,3,3,3,10,2.3978952727983707,1,1,0,3,0,1,1,5.0
17,2.8903717578961645,0,2,2,3,7,9,2.302585092994046,0,0,4,2,9,39,3.6888794541139363,0,0,4,4,9,1,0,6583.0
15,2.772588722239781,0,0,0,1,5,10,2.3978952727983707,1,1,0,3,0,44,3.8066624897703196,1,2,4,2,4,1,0,14911.0
16,2.833213344056216,1,1,1,2,6,13,2.6390573296152584,0,1,3,6,3,39,3.6888794541139363,0,0,4,4,9,1,1,17489.0
4,1.6094379124341003,1,1,4,4,4,3,1.3862943611198906,0,0,3,3,3,9,2.302585092994046,0,0,4,2,9,1,1,281.0
15,2.772588722239781,0,0,0,1,5,2,1.0986122886681098,1,2,2,2,2,21,3.091042453358316,0,0,1,0,1,1,0,41.0
5,1.791759469228055,0,2,0,5,5,6,1.9459101490553132,1,0,1,6,6,23,3.1780538303479458,0,2,3,2,3,1,0,157.0
10,2.3978952727983707,1,1,0,3,0,15,2.772588722239781,0,0,0,1,5,27,3.332204510175204,0,0,2,6,7,1,0,8729.0
12,2.5649493574615367,1,0,2,5,2,7,2.0794415416798357,0,1,2,0,7,36,3.6109179126442243,1,0,1,1,6,1,1,25.0
2,1.0986122886681098,1,2,2,2,2,4,1.6094379124341003,1,1,4,4,4,24,3.2188758248682006,1,0,4,3,4,2,3,239.0
3,1.3862943611198906,0,0,3,3,3,27,3.332204510175204,0,0,2,6,7,32,3.4965075614664802,1,2,2,4,2,1,1,6199.0
20,3.044522437723423,1,2,0,6,0,9,2.302585092994046,0,0,4,2,9,32,3.4965075614664802,1,2,2,4,2,1,0,253.0
9,2.302585092994046,0,0,4,2,9,2,1.0986122886681098,1,2,2,2,2,19,2.995732273553991,0,1,4,5,9,1,0,241.0
8,2.1972245773362196,1,2,3,1,8,13,2.6390573296152584,0,1,3,6,3,22,3.1354942159291497,1,1,2,1,2,1,0,1249.0
18,2.9444389791664403,1,0,3,4,8,4,1.6094379124341003,1,1,4,4,4,24,3.2188758248682006,1,0,4,3,4,2,1,103.0
10,2.3978952727983707,1,1,0,3,0,1,0.6931471805599453,0,1,1,1,1,27,3.332204510175204,0,0,2,6,7,1,2,1169.0
20,3.044522437723423,1,2,0,6,0,9,2.302585092994046,0,0,4,2,9,37,3.6375861597263857,0,1,2,2,7,1,0,4763.0
10,2.3978952727983707,1,1,0,3,0,21,3.091042453358316,0,0,1,0,1,35,3.58351893845611,0,2,0,0,5,1,0,211.0
9,2.302585092994046,0,0,4,2,9,10,2.3978952727983707,1,1,0,3,0,27,3.332204510175204,0,0,2,6,7,1,1,17.0
6,1.9459101490553132,1,0,1,6,6,3,1.3862943611198906,0,0,3,3,3,15,2.772588722239781,0,0,0,1,5,3,2,27.0
8,2.1972245773362196,1,2,3,1,8,12,2.5649493574615367,1,0,2,5,2,21,3.091042453358316,0,0,1,0,1,1,0,4409.0
7,2.0794415416798357,0,1,2,0,7,9,2.302585092994046,0,0,4,2,9,29,3.4011973816621555,0,2,4,1,9,1,0,247.0
10,2.3978952727983707,1,1,0,3,0,3,1.3862943611198906,0,0,3,3,3,31,3.4657359027997265,0,1,1,3,1,1,0,907.0
11,2.4849066497880004,0,2,1,4,1,7,2.0794415416798357,0,1,2,0,7,41,3.7376696182833684,0,2,1,6,1,1,0,3937.0
18,2.9444389791664403,1,0,3,4,8,21,3.091042453358316,0,0,1,0,1,41,3.7376696182833684,0,2,1,6,1,1,0,32353.0
9,2.302585092994046,0,0,4,2,9,3,1.3862943611198906,0,0,3,3,3,37,3.6375861597263857,0,1,2,2,7,1,1,1643.0
11,2.4849066497880004,0,2,1,4,1,2,1.0986122886681098,1,2,2,2,2,20,3.044522437723423,1,2,0,6,0,1,1,1159.0
19,2.995732273553991,0,1,4,5,9,15,2.772588722239781,0,0,0,1,5,42,3.7612001156935624,1,0,2,0,2,1,0,25343.0
13,2.6390573296152584,0,1,3,6,3,9,2.302585092994046,0,0,4,2,9,27,3.332204510175204,0,0,2,6,7,1,1,3439.0
6,1.9459101490553132,1,0,1,6,6,14,2.70805020110221,1,2,4,0,4,25,3.258096538021482,0,1,0,4,5,1,0,4789.0
15,2.772588722239781,0,0,0,1,5,22,3.1354942159291497,1,1,2,1,2,43,3.784189633918261,0,1,3,1,3,1,0,7501.0
4,1.6094379124341003,1,1,4,4,4,17,2.8903717578961645,0,2,2,3,7,26,3.295836866004329,1,2,1,5,6,1,0,1049.0
12,2.5649493574615367,1,0,2,5,2,5,1.791759469228055,0,2,0,5,5,22,3.1354942159291497,1,1,2,1,2,1,0,149.0
13,2.6390573296152584,0,1,3,6,3,5,1.791759469228055,0,2,0,5,5,27,3.332204510175204,0,0,2,6,7,1,0,407.0
11,2.4849066497880004,0,2,1,4,1,1,0.6931471805599453,0,1,1,1,1,19,2.995732273553991,0,1,4,5,9,1,2,329.0
12,2.5649493574615367,1,0,2,5,2,11,2.4849066497880004,0,2,1,4,1,28,3.367295829986474,1,1,3,0,8,1,0,251.0
20,3.044522437723423,1,2,0,6,0,2,1.0986122886681098,1,2,2,2,2,31,3.4657359027997265,0,1,1,3,1,1,1,3041.0
6,1.9459101490553132,1,0,1,6,6,3,1.3862943611198906,0,0,3,3,3,26,3.295836866004329,1,2,1,5,6,1,1,197.0
5,1.791759469228055,0,2,0,5,5,4,1.6094379124341003,1,1,4,4,4,10,2.3978952727983707,1,1,0,3,0,1,1,19.0
5,1.791759469228055,0,2,0,5,5,21,3.091042453358316,0,0,1,0,1,30,3.4339872044851463,1,0,0,2,0,1,1,41.0
8,2.1972245773362196,1,2,3,1,8,1,0.6931471805599453,0,1,1,1,1,16,2.833213344056216,1,1,1,2,6,1,3,7.0
13,2.6390573296152584,0,1,3,6,3,1,0.6931471805599453,0,1,1,1,1,41,3.7376696182833684,0,2,1,6,1,1,2,1289.0
7,2.0794415416798357,0,1,2,0,7,2,1.0986122886681098,1,2,2,2,2,11,2.4849066497880004,0,2,1,4,1,1,0,95.0
10,2.3978952727983707,1,1,0,3,0,12,2.5649493574615367,1,0,2,5,2,29,3.4011973816621555,0,2,4,1,9,1,0,2567.0
19,2.995732273553991,0,1,4,5,9,2,1.0986122886681098,1,2,2,2,2,40,3.713572066704308,1,1,0,5,0,1,1,4279.0
11,2.4849066497880004,0,2,1,4,1,9,2.302585092994046,0,0,4,2,9,27,3.332204510175204,0,0,2,6,7,1,1,2977.0
8,2.1972245773362196,1,2,3,1,8,7,2.0794415416798357,0,1,2,0,7,24,3.2188758248682006,1,0,4,3,4,1,1,25.0
17,2.8903717578961645,0,2,2,3,7,10,2.3978952727983707,1,1,0,3,0,31,3.4657359027997265,0,1,1,3,1,1,0,2803.0
6,1.9459101490553132,1,0,1,6,6,10,2.3978952727983707,1,1,0,3,0,31,3.4657359027997265,0,1,1,3,1,1,0,929.0
13,2.6390573296152584,0,1,3,6,3,3,1.3862943611198906,0,0,3,3,3,39,3.6888794541139363,0,0,4,4,9,1,2,13.0
18,2.9444389791664403,1,0,3,4,8,5,1.791759469228055,0,2,0,5,5,25,3.258096538021482,0,1,0,4,5,1,1,4801.0
7,2.0794415416798357,0,1,2,0,7,4,1.6094379124341003,1,1,4,4,4,14,2.70805020110221,1,2,4,0,4,1,1,19.0
19,2.995732273553991,0,1,4,5,9,13,2.6390573296152584,0,1,3,6,3,41,3.7376696182833684,0,2,1,6,1,1,0,10787.0
3,1.3862943611198906,0,0,3,3,3,3,1.3862943611198906,0,0,3,3,3,29,3.4011973816621555,0,2,4,1,9,1,1,677.0
10,2.3978952727983707,1,1,0,3,0,8,2.1972245773362196,1,2,3,1,8,20,3.044522437723423,1,2,0,6,0,2,1,35.0
20,3.044522437723423,1,2,0,6,0,3,1.3862943611198906,0,0,3,3,3,30,3.4339872044851463,1,0,0,2,0,1,1,41.0
17,2.8903717578961645,0,2,2,3,7,9,2.302585092994046,0,0,4,2,9,27,3.332204510175204,0,0,2,6,7,1,1,4351.0
6,1.9459101490553132,1,0,1,6,6,5,1.791759469228055,0,2,0,5,5,15,2.772588722239781,0,0,0,1,5,1,1,121.0
7,2.0794415416798357,0,1,2,0,7,3,1.3862943611198906,0,0,3,3,3,14,2.70805020110221,1,2,4,0,4,1,1,5.0
16,2.833213344056216,1,1,1,2,6,1,0.6931471805599453,0,1,1,1,1,23,3.1780538303479458,0,2,3,2,3,1,2,1009.0
5,1.791759469228055,0,2,0,5,5,4,1.6094379124341003,1,1,4,4,4,15,2.772588722239781,0,0,0,1,5,1,1,4.0
7,2.0794415416798357,0,1,2,0,7,2,1.0986122886681098,1,2,2,2,2,32,3.4965075614664802,1,2,2,4,2,1,1,1871.0
13,2.6390573296152584,0,1,3,6,3,13,2.6390573296152584,0,1,3,6,3,27,3.332204510175204,0,0,2,6,7,1,1,4843.0
12,2.5649493574615367,1,0,2,5,2,26,3.295836866004329,1,2,1,5,6,40,3.713572066704308,1,1,0,5,0,2,0,127.0
13,2.6390573296152584,0,1,3,6,3,13,2.6390573296152584,0,1,3,6,3,43,3.784189633918261,0,1,3,1,3,1,1,8107.0
11,2.4849066497880004,0,2,1,4,1,4,1.6094379124341003,1,1,4,4,4,23,3.1780538303479458,0,2,3,2,3,1,0,304.0
8,2.1972245773362196,1,2,3,1,8,3,1.3862943611198906,0,0,3,3,3,19,2.995732273553991,0,1,4,5,9,1,0,403.0
14,2.70805020110221,1,2,4,0,4,17,2.8903717578961645,0,2,2,3,7,41,3.7376696182833684,0,2,1,6,1,1,0,21001.0
6,1.9459101490553132,1,0,1,6,6,7,2.0794415416798357,0,1,2,0,7,22,3.1354942159291497,1,1,2,1,2,1,0,41.0
3,1.3862943611198906,0,0,3,3,3,1,0.6931471805599453,0,1,1,1,1,6,1.9459101490553132,1,0,1,6,6,1,3,7.0
20,3.044522437723423,1,2,0,6,0,28,3.367295829986474,1,1,3,0,8,50,3.9318256327243257,1,2,0,1,0,2,0,83.0
14,2.70805020110221,1,2,4,0,4,3,1.3862943611198906,0,0,3,3,3,43,3.784189633918261,0,1,3,1,3,1,0,1755.0
10,2.3978952727983707,1,1,0,3,0,24,3.2188758248682006,1,0,4,3,4,40,3.713572066704308,1,1,0,5,0,2,1,69.0
6,1.9459101490553132,1,0,1,6,6,2,1.0986122886681098,1,2,2,2,2,26,3.295836866004329,1,2,1,5,6,2,2,79.0
13,2.6390573296152584,0,1,3,6,3,1,0.6931471805599453,0,1,1,1,1,17,2.8903717578961645,0,2,2,3,7,1,2,281.0
9,2.302585092994046,0,0,4,2,9,15,2.772588722239781,0,0,0,1,5,32,3.4965075614664802,1,2,2,4,2,1,0,9583.0
17,2.8903717578961645,0,2,2,3,7,10,2.3978952727983707,1,1,0,3,0,46,3.8501476017100584,1,1,1,4,6,1,0,17467.0
14,2.70805020110221,1,2,4,0,4,5,1.791759469228055,0,2,0,5,5,25,3.258096538021482,0,1,0,4,5,1,1,3929.0
9,2.302585092994046,0,0,4,2,9,5,1.791759469228055,0,2,0,5,5,21,3.091042453358316,0,0,1,0,1,1,0,25.0
18,2.9444389791664403,1,0,3,4,8,6,1.9459101490553132,1,0,1,6,6,48,3.8918202981106265,1,0,3,6,8,6,2,343.0
15,2.772588722239781,0,0,0,1,5,17,2.8903717578961645,0,2,2,3,7,37,3.6375861597263857,0,1,2,2,7,1,0,10007.0
3,1.3862943611198906,0,0,3,3,3,5,1.791759469228055,0,2,0,5,5,18,2.9444389791664403,1,0,3,4,8,1,1,19.0
20,3.044522437723423,1,2,0,6,0,1,0.6931471805599453,0,1,1,1,1,25,3.258096538021482,0,1,0,4,5,1,2,49.0
12,2.5649493574615367,1,0,2,5,2,4,1.6094379124341003,1,1,4,4,4,32,3.4965075614664802,1,2,2,4,2,4,2,247.0
10,2.3978952727983707,1,1,0,3,0,7,2.0794415416798357,0,1,2,0,7,34,3.5553480614894135,1,1,4,6,4,1,0,727.0
9,2.302585092994046,0,0,4,2,9,3,1.3862943611198906,0,0,3,3,3,24,3.2188758248682006,1,0,4,3,4,3,2,199.0
19,2.995732273553991,0,1,4,5,9,9,2.302585092994046,0,0,4,2,9,47,3.871201010907891,0,2,2,5,7,1,0,2987.0
2,1.0986122886681098,1,2,2,2,2,13,2.6390573296152584,0,1,3,6,3,22,3.1354942159291497,1,1,2,1,2,1,1,203.0
7,2.0794415416798357,0,1,2,0,7,10,2.3978952727983707,1,1,0,3,0,36,3.6109179126442243,1,0,1,1,6,1,0,6287.0
20,3.044522437723423,1,2,0,6,0,2,1.0986122886681098,1,2,2,2,2,29,3.4011973816621555,0,2,4,1,9,1,1,2761.0
12,2.5649493574615367,1,0,2,5,2,17,2.8903717578961645,0,2,2,3,7,33,3.5263605246161616,0,0,3,5,3,1,0,1601.0
6,1.9459101490553132,1,0,1,6,6,4,1.6094379124341003,1,1,4,4,4,12,2.5649493574615367,1,0,2,5,2,2,2,19.0
8,2.1972245773362196,1,2,3,1,8,8,2.1972245773362196,1,2,3,1,8,20,3.044522437723423,1,2,0,6,0,4,1,181.0
2,1.0986122886681098,1,2,2,2,2,6,1.9459101490553132,1,0,1,6,6,12,2.5649493574615367,1,0,2,5,2,2,3,107.0
14,2.70805020110221,1,2,4,0,4,7,2.0794415416798357,0,1,2,0,7,36,3.6109179126442243,1,0,1,1,6,1,1,2039.0
10,2.3978952727983707,1,1,0,3,0,10,2.3978952727983707,1,1,0,3,0,38,3.6635616461296463,1,2,3,3,8,2,1,559.0
3,1.3862943611198906,0,0,3,3,3,14,2.70805020110221,1,2,4,0,4,32,3.4965075614664802,1,2,2,4,2,1,0,529.0
19,2.995732273553991,0,1,4,5,9,2,1.0986122886681098,1,2,2,2,2,22,3.1354942159291497,1,1,2,1,2,1,1,1795.0
18,2.9444389791664403,1,0,3,4,8,10,2.3978952727983707,1,1,0,3,0,36,3.6109179126442243,1,0,1,1,6,2,1,43.0
4,1.6094379124341003,1,1,4,4,4,10,2.3978952727983707,1,1,0,3,0,27,3.332204510175204,0,0,2,6,7,1,0,2873.0
16,2.833213344056216,1,1,1,2,6,1,0.6931471805599453,0,1,1,1,1,26,3.295836866004329,1,2,1,5,6,1,2,313.0
14,2.70805020110221,1,2,4,0,4,7,2.0794415416798357,0,1,2,0,7,29,3.4011973816621555,0,2,4,1,9,1,1,6329.0
18,2.9444389791664403,1,0,3,4,8,5,1.791759469228055,0,2,0,5,5,41,3.7376696182833684,0,2,1,6,1,1,0,8737.0
8,2.1972245773362196,1,2,3,1,8,8,2.1972245773362196,1,2,3,1,8,37,3.6375861597263857,0,1,2,2,7,1,1,6041.0
4,1.6094379124341003,1,1,4,4,4,15,2.772588722239781,0,0,0,1,5,24,3.2188758248682006,1,0,4,3,4,1,1,43.0
4,1.6094379124341003,1,1,4,4,4,13,2.6390573296152584,0,1,3,6,3,20,3.044522437723423,1,2,0,6,0,1,1,77.0
10,2.3978952727983707,1,1,0,3,0,12,2.5649493574615367,1,0,2,5,2,34,3.5553480614894135,1,1,4,6,4,2,0,96.0
19,2.995732273553991,0,1,4,5,9,20,3.044522437723423,1,2,0,6,0,45,3.828641396489095,0,0,0,3,5,1,0,4483.0
14,2.70805020110221,1,2,4,0,4,15,2.772588722239781,0,0,0,1,5,36,3.6109179126442243,1,0,1,1,6,1,0,811.0
11,2.4849066497880004,0,2,1,4,1,1,0.6931471805599453,0,1,1,1,1,40,3.713572066704308,1,1,0,5,0,1,2,2359.0
14,2.70805020110221,1,2,4,0,4,6,1.9459101490553132,1,0,1,6,6,40,3.713572066704308,1,1,0,5,0,2,0,677.0
5,1.791759469228055,0,2,0,5,5,11,2.4849066497880004,0,2,1,4,1,30,3.4339872044851463,1,0,0,2,0,1,1,167.0
14,2.70805020110221,1,2,4,0,4,8,2.1972245773362196,1,2,3,1,8,35,3.58351893845611,0,2,0,0,5,1,0,181.0
6,1.9459101490553132,1,0,1,6,6,17,2.8903717578961645,0,2,2,3,7,34,3.5553480614894135,1,1,4,6,4,1,1,1007.0
5,1.791759469228055,0,2,0,5,5,17,2.8903717578961645,0,2,2,3,7,34,3.5553480614894135,1,1,4,6,4,1,1,6911.0
14,2.70805020110221,1,2,4,0,4,7,2.0794415416798357,0,1,2,0,7,44,3.8066624897703196,1,2,4,2,4,1,1,2591.0
15,2.772588722239781,0,0,0,1,5,27,3.332204510175204,0,0,2,6,7,45,3.828641396489095,0,0,0,3,5,3,1,85.0
19,2.995732273553991,0,1,4,5,9,20,3.044522437723423,1,2,0,6,0,44,3.8066624897703196,1,2,4,2,4,1,0,7003.0
17,2.8903717578961645,0,2,2,3,7,9,2.302585092994046,0,0,4,2,9,33,3.5263605246161616,0,0,3,5,3,1,0,5449.0
13,2.6390573296152584,0,1,3,6,3,2,1.0986122886681098,1,2,2,2,2,39,3.6888794541139363,0,0,4,4,9,1,1,5.0
17,2.8903717578961645,0,2,2,3,7,12,2.5649493574615367,1,0,2,5,2,31,3.4657359027997265,0,1,1,3,1,1,0,555.0
13,2.6390573296152584,0,1,3,6,3,12,2.5649493574615367,1,0,2,5,2,28,3.367295829986474,1,1,3,0,8,1,0,3117.0
5,1.791759469228055,0,2,0,5,5,8,2.1972245773362196,1,2,3,1,8,26,3.295836866004329,1,2,1,5,6,1,0,2731.0
15,2.772588722239781,0,0,0,1,5,3,1.3862943611198906,0,0,3,3,3,39,3.6888794541139363,0,0,4,4,9,3,2,89.0
9,2.302585092994046,0,0,4,2,9,12,2.5649493574615367,1,0,2,5,2,22,3.1354942159291497,1,1,2,1,2,1,0,5155.0
14,2.70805020110221,1,2,4,0,4,8,2.1972245773362196,1,2,3,1,8,29,3.4011973816621555,0,2,4,1,9,1,0,7141.0
4,1.6094379124341003,1,1,4,4,4,13,2.6390573296152584,0,1,3,6,3,27,3.332204510175204,0,0,2,6,7,1,0,3521.0
9,2.302585092994046,0,0,4,2,9,7,2.0794415416798357,0,1,2,0,7,20,3.044522437723423,1,2,0,6,0,1,0,2839.0
6,1.9459101490553132,1,0,1,6,6,3,1.3862943611198906,0,0,3,3,3,12,2.5649493574615367,1,0,2,5,2,3,3,5.0
18,2.9444389791664403,1,0,3,4,8,15,2.772588722239781,0,0,0,1,5,43,3.784189633918261,0,1,3,1,3,1,0,4949.0
3,1.3862943611198906,0,0,3,3,3,1,0.6931471805599453,0,1,1,1,1,28,3.367295829986474,1,1,3,0,8,1,2,943.0
7,2.0794415416798357,0,1,2,0,7,22,3.1354942159291497,1,1,2,1,2,32,3.4965075614664802,1,2,2,4,2,1,0,10831.0
8,2.1972245773362196,1,2,3,1,8,20,3.044522437723423,1,2,0,6,0,34,3.5553480614894135,1,1,4,6,4,2,0,2993.0
18,2.9444389791664403,1,0,3,4,8,21,3.091042453358316,0,0,1,0,1,44,3.8066624897703196,1,2,4,2,4,1,0,8719.0
17,2.8903717578961645,0,2,2,3,7,3,1.3862943611198906,0,0,3,3,3,39,3.6888794541139363,0,0,4,4,9,1,1,2605.0
5,1.791759469228055,0,2,0,5,5,4,1.6094379124341003,1,1,4,4,4,13,2.6390573296152584,0,1,3,6,3,1,0,83.0
15,2.772588722239781,0,0,0,1,5,8,2.1972245773362196,1,2,3,1,8,44,3.8066624897703196,1,2,4,2,4,1,0,12271.0
6,1.9459101490553132,1,0,1,6,6,16,2.833213344056216,1,1,1,2,6,34,3.5553480614894135,1,1,4,6,4,2,0,239.0
10,2.3978952727983707,1,1,0,3,0,9,2.302585092994046,0,0,4,2,9,35,3.58351893845611,0,2,0,0,5,1,0,33.0
17,2.8903717578961645,0,2,2,3,7,21,3.091042453358316,0,0,1,0,1,40,3.713572066704308,1,1,0,5,0,1,0,9957.0
7,2.0794415416798357,0,1,2,0,7,1,0.6931471805599453,0,1,1,1,1,25,3.258096538021482,0,1,0,4,5,1,2,463.0
5,1.791759469228055,0,2,0,5,5,1,0.6931471805599453,0,1,1,1,1,12,2.5649493574615367,1,0,2,5,2,1,2,239.0
4,1.6094379124341003,1,1,4,4,4,11,2.4849066497880004,0,2,1,4,1,22,3.1354942159291497,1,1,2,1,2,1,1,601.0
13,2.6390573296152584,0,1,3,6,3,21,3.091042453358316,0,0,1,0,1,39,3.6888794541139363,0,0,4,4,9,1,1,67.0
9,2.302585092994046,0,0,4,2,9,1,0.6931471805599453,0,1,1,1,1,15,2.772588722239781,0,0,0,1,5,1,2,23.0
4,1.6094379124341003,1,1,4,4,4,1,0.6931471805599453,0,1,1,1,1,28,3.367295829986474,1,1,3,0,8,1,3,31.0
6,1.9459101490553132,1,0,1,6,6,11,2.4849066497880004,0,2,1,4,1,20,3.044522437723423,1,2,0,6,0,1,0,751.0
11,2.4849066497880004,0,2,1,4,1,8,2.1972245773362196,1,2,3,1,8,33,3.5263605246161616,0,0,3,5,3,1,1,7.0
17,2.8903717578961645,0,2,2,3,7,1,0.6931471805599453,0,1,1,1,1,21,3.091042453358316,0,0,1,0,1,1,2,433.0
16,2.833213344056216,1,1,1,2,6,1,0.6931471805599453,0,1,1,1,1,25,3.258096538021482,0,1,0,4,5,1,2,1169.0
3,1.3862943611198906,0,0,3,3,3,1,0.6931471805599453,0,1,1,1,1,9,2.302585092994046,0,0,4,2,9,1,3,7.0
20,3.044522437723423,1,2,0,6,0,2,1.0986122886681098,1,2,2,2,2,27,3.332204510175204,0,0,2,6,7,1,1,2489.0
14,2.70805020110221,1,2,4,0,4,6,1.9459101490553132,1,0,1,6,6,29,3.4011973816621555,0,2,4,1,9,1,0,1839.0
9,2.302585092994046,0,0,4,2,9,9,2.302585092994046,0,0,4,2,9,32,3.4965075614664802,1,2,2,4,2,1,1,6127.0
17,2.8903717578961645,0,2,2,3,7,5,1.791759469228055,0,2,0,5,5,30,3.4339872044851463,1,0,0,2,0,1,1,5711.0
4,1.6094379124341003,1,1,4,4,4,11,2.4849066497880004,0,2,1,4,1,19,2.995732273553991,0,1,4,5,9,1,0,2017.0
19,2.995732273553991,0,1,4,5,9,3,1.3862943611198906,0,0,3,3,3,27,3.332204510175204,0,0,2,6,7,1,1,1723.0
19,2.995732273553991,0,1,4,5,9,1,0.6931471805599453,0,1,1,1,1,23,3.1780538303479458,0,2,3,2,3,1,2,521.0
14,2.70805020110221,1,2,4,0,4,1,0.6931471805599453,0,1,1,1,1,23,3.1780538303479458,0,2,3,2,3,1,2,977.0
10,2.3978952727983707,1,1,0,3,0,2,1.0986122886681098,1,2,2,2,2,38,3.6635616461296463,1,2,3,3,8,2,2,179.0
19,2.995732273553991,0,1,4,5,9,7,2.0794415416798357,0,1,2,0,7,36,3.6109179126442243,1,0,1,1,6,1,0,10511.0
4,1.6094379124341003,1,1,4,4,4,6,1.9459101490553132,1,0,1,6,6,14,2.70805020110221,1,2,4,0,4,2,0,71.0
18,2.9444389791664403,1,0,3,4,8,6,1.9459101490553132,1,0,1,6,6,38,3.6635616461296463,1,2,3,3,8,2,1,583.0
11,2.4849066497880004,0,2,1,4,1,17,2.8903717578961645,0,2,2,3,7,30,3.4339872044851463,1,0,0,2,0,1,0,11999.0
13,2.6390573296152584,0,1,3,6,3,4,1.6094379124341003,1,1,4,4,4,18,2.9444389791664403,1,0,3,4,8,1,0,2027.0
15,2.772588722239781,0,0,0,1,5,5,1.791759469228055,0,2,0,5,5,39,3.6888794541139363,0,0,4,4,9,1,1,397.0
7,2.0794415416798357,0,1,2,0,7,27,3.332204510175204,0,0,2,6,7,37,3.6375861597263857,0,1,2,2,7,1,0,2551.0
14,2.70805020110221,1,2,4,0,4,11,2.4849066497880004,0,2,1,4,1,30,3.4339872044851463,1,0,0,2,0,1,0,113.0
15,2.772588722239781,0,0,0,1,5,7,2.0794415416798357,0,1,2,0,7,29,3.4011973816621555,0,2,4,1,9,1,0,479.0
19,2.995732273553991,0,1,4,5,9,10,2.3978952727983707,1,1,0,3,0,30,3.4339872044851463,1,0,0,2,0,1,1,11939.0
12,2.5649493574615367,1,0,2,5,2,4,1.6094379124341003,1,1,4,4,4,29,3.4011973816621555,0,2,4,1,9,1,1,3481.0
9,2.302585092994046,0,0,4,2,9,5,1.791759469228055,0,2,0,5,5,26,3.295836866004329,1,2,1,5,6,1,0,587.0
4,1.6094379124341003,1,1,4,4,4,18,2.9444389791664403,1,0,3,4,8,25,3.258096538021482,0,1,0,4,5,1,0,1403.0
6,1.9459101490553132,1,0,1,6,6,8,2.1972245773362196,1,2,3,1,8,15,2.772588722239781,0,0,0,1,5,1,0,181.0
6,1.9459101490553132,1,0,1,6,6,18,2.9444389791664403,1,0,3,4,8,29,3.4011973816621555,0,2,4,1,9,1,1,7069.0
19,2.995732273553991,0,1,4,5,9,3,1.3862943611198906,0,0,3,3,3,36,3.6109179126442243,1,0,1,1,6,1,1,5039.0
13,2.6390573296152584,0,1,3,6,3,3,1.3862943611198906,0,0,3,3,3,21,3.091042453358316,0,0,1,0,1,1,1,955.0
10,2.3978952727983707,1,1,0,3,0,10,2.3978952727983707,1,1,0,3,0,35,3.58351893845611,0,2,0,0,5,5,1,65.0
12,2.5649493574615367,1,0,2,5,2,23,3.1780538303479458,0,2,3,2,3,40,3.713572066704308,1,1,0,5,0,1,0,1471.0
7,2.0794415416798357,0,1,2,0,7,2,1.0986122886681098,1,2,2,2,2,24,3.2188758248682006,1,0,4,3,4,1,1,1199.0
11,2.4849066497880004,0,2,1,4,1,18,2.9444389791664403,1,0,3,4,8,32,3.4965075614664802,1,2,2,4,2,1,0,4525.0
16,2.833213344056216,1,1,1,2,6,3,1.3862943611198906,0,0,3,3,3,21,3.091042453358316,0,0,1,0,1,1,1,2201.0
2,1.0986122886681098,1,2,2,2,2,8,2.1972245773362196,1,2,3,1,8,23,3.1780538303479458,0,2,3,2,3,1,1,1261.0
15,2.772588722239781,0,0,0,1,5,3,1.3862943611198906,0,0,3,3,3,24,3.2188758248682006,1,0,4,3,4,3,2,93.0
2,1.0986122886681098,1,2,2,2,2,2,1.0986122886681098,1,2,2,2,2,15,2.772588722239781,0,0,0,1,5,1,1,341.0
19,2.995732273553991,0,1,4,5,9,1,0.6931471805599453,0,1,1,1,1,44,3.8066624897703196,1,2,4,2,4,1,2,3247.0
19,2.995732273553991,0,1,4,5,9,12,2.5649493574615367,1,0,2,5,2,32,3.4965075614664802,1,2,2,4,2,1,0,5085.0
5,1.791759469228055,0,2,0,5,5,8,2.1972245773362196,1,2,3,1,8,20,3.044522437723423,1,2,0,6,0,1,1,79.0
16,2.833213344056216,1,1,1,2,6,1,0.6931471805599453,0,1,1,1,1,41,3.7376696182833684,0,2,1,6,1,1,2,2737.0
5,1.791759469228055,0,2,0,5,5,18,2.9444389791664403,1,0,3,4,8,24,3.2188758248682006,1,0,4,3,4,1,0,4871.0
4,1.6094379124341003,1,1,4,4,4,5,1.791759469228055,0,2,0,5,5,19,2.995732273553991,0,1,4,5,9,1,0,221.0
5,1.791759469228055,0,2,0,5,5,7,2.0794415416798357,0,1,2,0,7,28,3.367295829986474,1,1,3,0,8,1,1,2719.0
5,1.791759469228055,0,2,0,5,5,8,2.1972245773362196,1,2,3,1,8,14,2.70805020110221,1,2,4,0,4,1,0,1291.0
7,2.0794415416798357,0,1,2,0,7,10,2.3978952727983707,1,1,0,3,0,22,3.1354942159291497,1,1,2,1,2,1,0,703.0
13,2.6390573296152584,0,1,3,6,3,14,2.70805020110221,1,2,4,0,4,37,3.6375861597263857,0,1,2,2,7,1,0,3667.0
12,2.5649493574615367,1,0,2,5,2,2,1.0986122886681098,1,2,2,2,2,21,3.091042453358316,0,0,1,0,1,1,1,145.0
19,2.995732273553991,0,1,4,5,9,15,2.772588722239781,0,0,0,1,5,39,3.6888794541139363,0,0,4,4,9,1,0,2339.0
19,2.995732273553991,0,1,4,5,9,1,0.6931471805599453,0,1,1,1,1,32,3.4965075614664802,1,2,2,4,2,1,2,1879.0
18,2.9444389791664403,1,0,3,4,8,1,0.6931471805599453,0,1,1,1,1,29,3.4011973816621555,0,2,4,1,9,1,2,1561.0
19,2.995732273553991,0,1,4,5,9,21,3.091042453358316,0,0,1,0,1,42,3.7612001156935624,1,0,2,0,2,1,1,34919.0
12,2.5649493574615367,1,0,2,5,2,26,3.295836866004329,1,2,1,5,6,39,3.6888794541139363,0,0,4,4,9,1,0,2857.0
15,2.772588722239781,0,0,0,1,5,7,2.0794415416798357,0,1,2,0,7,26,3.295836866004329,1,2,1,5,6,1,0,5911.0
18,2.9444389791664403,1,0,3,4,8,1,0.6931471805599453,0,1,1,1,1,24,3.2188758248682006,1,0,4,3,4,1,2,31.0
2,1.0986122886681098,1,2,2,2,2,6,1.9459101490553132,1,0,1,6,6,11,2.4849066497880004,0,2,1,4,1,1,1,127.0
12,2.5649493574615367,1,0,2,5,2,1,0.6931471805599453,0,1,1,1,1,40,3.713572066704308,1,1,0,5,0,1,2,151.0
10,2.3978952727983707,1,1,0,3,0,3,1.3862943611198906,0,0,3,3,3,17,2.8903717578961645,0,2,2,3,7,1,0,403.0
3,1.3862943611198906,0,0,3,3,3,5,1.791759469228055,0,2,0,5,5,24,3.2188758248682006,1,0,4,3,4,1,1,143.0
8,2.1972245773362196,1,2,3,1,8,7,2.0794415416798357,0,1,2,0,7,33,3.5263605246161616,0,0,3,5,3,1,0,4721.0
5,1.791759469228055,0,2,0,5,5,7,2.0794415416798357,0,1,2,0,7,24,3.2188758248682006,1,0,4,3,4,1,0,2231.0
11,2.4849066497880004,0,2,1,4,1,3,1.3862943611198906,0,0,3,3,3,18,2.9444389791664403,1,0,3,4,8,1,1,1391.0
9,2.302585092994046,0,0,4,2,9,15,2.772588722239781,0,0,0,1,5,33,3.5263605246161616,0,0,3,5,3,3,0,551.0
6,1.9459101490553132,1,0,1,6,6,11,2.4849066497880004,0,2,1,4,1,24,3.2188758248682006,1,0,4,3,4,1,1,103.0
16,2.833213344056216,1,1,1,2,6,3,1.3862943611198906,0,0,3,3,3,33,3.5263605246161616,0,0,3,5,3,1,1,4001.0
9,2.302585092994046,0,0,4,2,9,7,2.0794415416798357,0,1,2,0,7,23,3.1780538303479458,0,2,3,2,3,1,0,239.0
18,2.9444389791664403,1,0,3,4,8,8,2.1972245773362196,1,2,3,1,8,44,3.8066624897703196,1,2,4,2,4,2,0,3571.0
17,2.8903717578961645,0,2,2,3,7,1,0.6931471805599453,0,1,1,1,1,27,3.332204510175204,0,0,2,6,7,1,2,679.0
13,2.6390573296152584,0,1,3,6,3,13,2.6390573296152584,0,1,3,6,3,28,3.367295829986474,1,1,3,0,8,1,1,10079.0
18,2.9444389791664403,1,0,3,4,8,16,2.833213344056216,1,1,1,2,6,37,3.6375861597263857,0,1,2,2,7,1,0,22357.0
15,2.772588722239781,0,0,0,1,5,10,2.3978952727983707,1,1,0,3,0,32,3.4965075614664802,1,2,2,4,2,1,0,10399.0
3,1.3862943611198906,0,0,3,3,3,6,1.9459101490553132,1,0,1,6,6,19,2.995732273553991,0,1,4,5,9,1,1,259.0
8,2.1972245773362196,1,2,3,1,8,16,2.833213344056216,1,1,1,2,6,28,3.367295829986474,1,1,3,0,8,4,1,493.0
8,2.1972245773362196,1,2,3,1,8,9,2.302585092994046,0,0,4,2,9,18,2.9444389791664403,1,0,3,4,8,1,1,713.0
4,1.6094379124341003,1,1,4,4,4,16,2.833213344056216,1,1,1,2,6,23,3.1780538303479458,0,2,3,2,3,1,1,3457.0
2,1.0986122886681098,1,2,2,2,2,16,2.833213344056216,1,1,1,2,6,26,3.295836866004329,1,2,1,5,6,2,2,73.0
2,1.0986122886681098,1,2,2,2,2,11,2.4849066497880004,0,2,1,4,1,28,3.367295829986474,1,1,3,0,8,1,1,503.0
8,2.1972245773362196,1,2,3,1,8,18,2.9444389791664403,1,0,3,4,8,28,3.367295829986474,1,1,3,0,8,2,0,61.0
8,2.1972245773362196,1,2,3,1,8,2,1.0986122886681098,1,2,2,2,2,34,3.5553480614894135,1,1,4,6,4,2,2,545.0
7,2.0794415416798357,0,1,2,0,7,2,1.0986122886681098,1,2,2,2,2,10,2.3978952727983707,1,1,0,3,0,1,1,331.0
10,2.3978952727983707,1,1,0,3,0,1,0.6931471805599453,0,1,1,1,1,40,3.713572066704308,1,1,0,5,0,1,3,23.0
12,2.5649493574615367,1,0,2,5,2,2,1.0986122886681098,1,2,2,2,2,17,2.8903717578961645,0,2,2,3,7,1,1,961.0
13,2.6390573296152584,0,1,3,6,3,3,1.3862943611198906,0,0,3,3,3,22,3.1354942159291497,1,1,2,1,2,1,0,677.0
3,1.3862943611198906,0,0,3,3,3,22,3.1354942159291497,1,1,2,1,2,26,3.295836866004329,1,2,1,5,6,1,0,4099.0
13,2.6390573296152584,0,1,3,6,3,10,2.3978952727983707,1,1,0,3,0,41,3.7376696182833684,0,2,1,6,1,1,0,3043.0
11,2.4849066497880004,0,2,1,4,1,2,1.0986122886681098,1,2,2,2,2,21,3.091042453358316,0,0,1,0,1,1,0,311.0
20,3.044522437723423,1,2,0,6,0,1,0.6931471805599453,0,1,1,1,1,31,3.4657359027997265,0,1,1,3,1,1,2,1801.0
19,2.995732273553991,0,1,4,5,9,5,1.791759469228055,0,2,0,5,5,49,3.912023005428146,0,1,4,0,9,1,0,1135.0
7,2.0794415416798357,0,1,2,0,7,11,2.4849066497880004,0,2,1,4,1,23,3.1780538303479458,0,2,3,2,3,1,0,2011.0
3,1.3862943611198906,0,0,3,3,3,10,2.3978952727983707,1,1,0,3,0,18,2.9444389791664403,1,0,3,4,8,1,1,31.0
4,1.6094379124341003,1,1,4,4,4,6,1.9459101490553132,1,0,1,6,6,19,2.995732273553991,0,1,4,5,9,1,0,419.0
5,1.791759469228055,0,2,0,5,5,20,3.044522437723423,1,2,0,6,0,28,3.367295829986474,1,1,3,0,8,1,1,6359.0
6,1.9459101490553132,1,0,1,6,6,16,2.833213344056216,1,1,1,2,6,26,3.295836866004329,1,2,1,5,6,2,0,44.0
3,1.3862943611198906,0,0,3,3,3,1,0.6931471805599453,0,1,1,1,1,10,2.3978952727983707,1,1,0,3,0,1,2,151.0
10,2.3978952727983707,1,1,0,3,0,3,1.3862943611198906,0,0,3,3,3,18,2.9444389791664403,1,0,3,4,8,1,1,163.0
8,2.1972245773362196,1,2,3,1,8,6,1.9459101490553132,1,0,1,6,6,16,2.833213344056216,1,1,1,2,6,2,1,9.0
6,1.9459101490553132,1,0,1,6,6,9,2.302585092994046,0,0,4,2,9,35,3.58351893845611,0,2,0,0,5,1,0,4969.0
19,2.995732273553991,0,1,4,5,9,8,2.1972245773362196,1,2,3,1,8,43,3.784189633918261,0,1,3,1,3,1,0,910.0
12,2.5649493574615367,1,0,2,5,2,9,2.302585092994046,0,0,4,2,9,42,3.7612001156935624,1,0,2,0,2,3,0,33.0
4,1.6094379124341003,1,1,4,4,4,2,1.0986122886681098,1,2,2,2,2,32,3.4965075614664802,1,2,2,4,2,2,3,95.0
15,2.772588722239781,0,0,0,1,5,1,0.6931471805599453,0,1,1,1,1,19,2.995732273553991,0,1,4,5,9,1,2,353.0
2,1.0986122886681098,1,2,2,2,2,2,1.0986122886681098,1,2,2,2,2,6,1.9459101490553132,1,0,1,6,6,2,3,5.0
7,2.0794415416798357,0,1,2,0,7,1,0.6931471805599453,0,1,1,1,1,24,3.2188758248682006,1,0,4,3,4,1,2,863.0
14,2.70805020110221,1,2,4,0,4,17,2.8903717578961645,0,2,2,3,7,33,3.5263605246161616,0,0,3,5,3,1,0,16601.0
12,2.5649493574615367,1,0,2,5,2,1,0.6931471805599453,0,1,1,1,1,16,2.833213344056216,1,1,1,2,6,1,2,31.0
8,2.1972245773362196,1,2,3,1,8,8,2.1972245773362196,1,2,3,1,8,35,3.58351893845611,0,2,0,0,5,1,1,5641.0
14,2.70805020110221,1,2,4,0,4,15,2.772588722239781,0,0,0,1,5,41,3.7376696182833684,0,2,1,6,1,1,0,1247.0
17,2.8903717578961645,0,2,2,3,7,7,2.0794415416798357,0,1,2,0,7,32,3.4965075614664802,1,2,2,4,2,1,0,1193.0
9,2.302585092994046,0,0,4,2,9,2,1.0986122886681098,1,2,2,2,2,12,2.5649493574615367,1,0,2,5,2,1,1,55.0
8,2.1972245773362196,1,2,3,1,8,6,1.9459101490553132,1,0,1,6,6,33,3.5263605246161616,0,0,3,5,3,1,0,4193.0
10,2.3978952727983707,1,1,0,3,0,1,0.6931471805599453,0,1,1,1,1,14,2.70805020110221,1,2,4,0,4,1,2,47.0
15,2.772588722239781,0,0,0,1,5,17,2.8903717578961645,0,2,2,3,7,33,3.5263605246161616,0,0,3,5,3,1,0,983.0
2,1.0986122886681098,1,2,2,2,2,4,1.6094379124341003,1,1,4,4,4,8,2.1972245773362196,1,2,3,1,8,2,3,47.0
20,3.044522437723423,1,2,0,6,0,2,1.0986122886681098,1,2,2,2,2,49,3.912023005428146,0,1,4,0,9,1,1,5921.0
20,3.044522437723423,1,2,0,6,0,26,3.295836866004329,1,2,1,5,6,48,3.8918202981106265,1,0,3,6,8,2,0,3239.0
18,2.9444389791664403,1,0,3,4,8,2,1.0986122886681098,1,2,2,2,2,41,3.7376696182833684,0,2,1,6,1,1,1,4309.0
18,2.9444389791664403,1,0,3,4,8,7,2.0794415416798357,0,1,2,0,7,26,3.295836866004329,1,2,1,5,6,1,0,863.0
9,2.302585092994046,0,0,4,2,9,5,1.791759469228055,0,2,0,5,5,16,2.833213344056216,1,1,1,2,6,1,0,323.0
12,2.5649493574615367,1,0,2,5,2,16,2.833213344056216,1,1,1,2,6,39,3.6888794541139363,0,0,4,4,9,1,0,1817.0
11,2.4849066497880004,0,2,1,4,1,25,3.258096538021482,0,1,0,4,5,40,3.713572066704308,1,1,0,5,0,1,0,23479.0
9,2.302585092994046,0,0,4,2,9,17,2.8903717578961645,0,2,2,3,7,27,3.332204510175204,0,0,2,6,7,1,1,55.0
3,1.3862943611198906,0,0,3,3,3,12,2.5649493574615367,1,0,2,5,2,19,2.995732273553991,0,1,4,5,9,1,1,215.0
8,2.1972245773362196,1,2,3,1,8,3,1.3862943611198906,0,0,3,3,3,37,3.6375861597263857,0,1,2,2,7,1,0,1027.0
2,1.0986122886681098,1,2,2,2,2,10,2.3978952727983707,1,1,0,3,0,28,3.367295829986474,1,1,3,0,8,2,2,95.0
14,2.70805020110221,1,2,4,0,4,4,1.6094379124341003,1,1,4,4,4,25,3.258096538021482,0,1,0,4,5,1,0,3229.0
7,2.0794415416798357,0,1,2,0,7,18,2.9444389791664403,1,0,3,4,8,30,3.4339872044851463,1,0,0,2,0,1,0,8411.0
9,2.302585092994046,0,0,4,2,9,14,2.70805020110221,1,2,4,0,4,37,3.6375861597263857,0,1,2,2,7,1,0,379.0
15,2.772588722239781,0,0,0,1,5,19,2.995732273553991,0,1,4,5,9,45,3.828641396489095,0,0,0,3,5,1,1,61.0
9,2.302585092994046,0,0,4,2,9,9,2.302585092994046,0,0,4,2,9,27,3.332204510175204,0,0,2,6,7,9,3,31.0
12,2.5649493574615367,1,0,2,5,2,12,2.5649493574615367,1,0,2,5,2,36,3.6109179126442243,1,0,1,1,6,12,3,10.0
15,2.772588722239781,0,0,0,1,5,4,1.6094379124341003,1,1,4,4,4,40,3.713572066704308,1,1,0,5,0,1,1,247.0
13,2.6390573296152584,0,1,3,6,3,22,3.1354942159291497,1,1,2,1,2,36,3.6109179126442243,1,0,1,1,6,1,0,21719.0
17,2.8903717578961645,0,2,2,3,7,1,0.6931471805599453,0,1,1,1,1,30,3.4339872044851463,1,0,0,2,0,1,2,1631.0
9,2.302585092994046,0,0,4,2,9,4,1.6094379124341003,1,1,4,4,4,18,2.9444389791664403,1,0,3,4,8,1,1,19.0
9,2.302585092994046,0,0,4,2,9,15,2.772588722239781,0,0,0,1,5,38,3.6635616461296463,1,2,3,3,8,1,0,11623.0
3,1.3862943611198906,0,0,3,3,3,1,0.6931471805599453,0,1,1,1,1,17,2.8903717578961645,0,2,2,3,7,1,2,191.0
10,2.3978952727983707,1,1,0,3,0,11,2.4849066497880004,0,2,1,4,1,23,3.1780538303479458,0,2,3,2,3,1,0,499.0
20,3.044522437723423,1,2,0,6,0,6,1.9459101490553132,1,0,1,6,6,28,3.367295829986474,1,1,3,0,8,2,0,37.0
4,1.6094379124341003,1,1,4,4,4,2,1.0986122886681098,1,2,2,2,2,18,2.9444389791664403,1,0,3,4,8,2,2,149.0
9,2.302585092994046,0,0,4,2,9,8,2.1972245773362196,1,2,3,1,8,21,3.091042453358316,0,0,1,0,1,1,0,47.0
19,2.995732273553991,0,1,4,5,9,13,2.6390573296152584,0,1,3,6,3,43,3.784189633918261,0,1,3,1,3,1,0,11365.0
11,2.4849066497880004,0,2,1,4,1,12,2.5649493574615367,1,0,2,5,2,30,3.4339872044851463,1,0,0,2,0,1,0,8699.0
20,3.044522437723423,1,2,0,6,0,8,2.1972245773362196,1,2,3,1,8,37,3.6375861597263857,0,1,2,2,7,1,0,12809.0
15,2.772588722239781,0,0,0,1,5,4,1.6094379124341003,1,1,4,4,4,23,3.1780538303479458,0,2,3,2,3,1,0,383.0
17,2.8903717578961645,0,2,2,3,7,12,2.5649493574615367,1,0,2,5,2,42,3.7612001156935624,1,0,2,0,2,1,0,18611.0
5,1.791759469228055,0,2,0,5,5,5,1.791759469228055,0,2,0,5,5,35,3.58351893845611,0,2,0,0,5,5,3,59.0
19,2.995732273553991,0,1,4,5,9,15,2.772588722239781,0,0,0,1,5,47,3.871201010907891,0,2,2,5,7,1,0,4773.0
7,2.0794415416798357,0,1,2,0,7,3,1.3862943611198906,0,0,3,3,3,22,3.1354942159291497,1,1,2,1,2,1,0,453.0
8,2.1972245773362196,1,2,3,1,8,2,1.0986122886681098,1,2,2,2,2,12,2.5649493574615367,1,0,2,5,2,2,2,29.0
5,1.791759469228055,0,2,0,5,5,2,1.0986122886681098,1,2,2,2,2,18,2.9444389791664403,1,0,3,4,8,1,1,659.0
19,2.995732273553991,0,1,4,5,9,16,2.833213344056216,1,1,1,2,6,39,3.6888794541139363,0,0,4,4,9,1,0,3109.0
9,2.302585092994046,0,0,4,2,9,14,2.70805020110221,1,2,4,0,4,31,3.4657359027997265,0,1,1,3,1,1,0,2173.0
3,1.3862943611198906,0,0,3,3,3,10,2.3978952727983707,1,1,0,3,0,16,2.833213344056216,1,1,1,2,6,1,0,1207.0
18,2.9444389791664403,1,0,3,4,8,21,3.091042453358316,0,0,1,0,1,45,3.828641396489095,0,0,0,3,5,3,0,21.0
12,2.5649493574615367,1,0,2,5,2,18,2.9444389791664403,1,0,3,4,8,31,3.4657359027997265,0,1,1,3,1,1,0,14209.0
14,2.70805020110221,1,2,4,0,4,10,2.3978952727983707,1,1,0,3,0,43,3.784189633918261,0,1,3,1,3,1,0,13693.0
3,1.3862943611198906,0,0,3,3,3,3,1.3862943611198906,0,0,3,3,3,10,2.3978952727983707,1,1,0,3,0,1,1,271.0
16,2.833213344056216,1,1,1,2,6,17,2.8903717578961645,0,2,2,3,7,38,3.6635616461296463,1,2,3,3,8,1,0,5465.0
18,2.9444389791664403,1,0,3,4,8,8,2.1972245773362196,1,2,3,1,8,27,3.332204510175204,0,0,2,6,7,1,0,101.0
15,2.772588722239781,0,0,0,1,5,2,1.0986122886681098,1,2,2,2,2,38,3.6635616461296463,1,2,3,3,8,1,1,3499.0
3,1.3862943611198906,0,0,3,3,3,16,2.833213344056216,1,1,1,2,6,24,3.2188758248682006,1,0,4,3,4,1,1,319.0
10,2.3978952727983707,1,1,0,3,0,5,1.791759469228055,0,2,0,5,5,26,3.295836866004329,1,2,1,5,6,1,1,397.0
14,2.70805020110221,1,2,4,0,4,9,2.302585092994046,0,0,4,2,9,26,3.295836866004329,1,2,1,5,6,1,0,293.0
8,2.1972245773362196,1,2,3,1,8,3,1.3862943611198906,0,0,3,3,3,12,2.5649493574615367,1,0,2,5,2,1,1,41.0
15,2.772588722239781,0,0,0,1,5,9,2.302585092994046,0,0,4,2,9,27,3.332204510175204,0,0,2,6,7,3,1,433.0
18,2.9444389791664403,1,0,3,4,8,11,2.4849066497880004,0,2,1,4,1,30,3.4339872044851463,1,0,0,2,0,1,0,173.0
2,1.0986122886681098,1,2,2,2,2,20,3.044522437723423,1,2,0,6,0,24,3.2188758248682006,1,0,4,3,4,2,2,623.0
16,2.833213344056216,1,1,1,2,6,9,2.302585092994046,0,0,4,2,9,38,3.6635616461296463,1,2,3,3,8,1,0,337.0
12,2.5649493574615367,1,0,2,5,2,5,1.791759469228055,0,2,0,5,5,27,3.332204510175204,0,0,2,6,7,1,0,85.0
6,1.9459101490553132,1,0,1,6,6,7,2.0794415416798357,0,1,2,0,7,25,3.258096538021482,0,1,0,4,5,1,0,2689.0
7,2.0794415416798357,0,1,2,0,7,3,1.3862943611198906,0,0,3,3,3,26,3.295836866004329,1,2,1,5,6,1,0,573.0
6,1.9459101490553132,1,0,1,6,6,8,2.1972245773362196,1,2,3,1,8,21,3.091042453358316,0,0,1,0,1,1,0,269.0
20,3.044522437723423,1,2,0,6,0,3,1.3862943611198906,0,0,3,3,3,26,3.295836866004329,1,2,1,5,6,1,0,283.0
19,2.995732273553991,0,1,4,5,9,6,1.9459101490553132,1,0,1,6,6,26,3.295836866004329,1,2,1,5,6,1,0,2081.0
5,1.791759469228055,0,2,0,5,5,23,3.1780538303479458,0,2,3,2,3,30,3.4339872044851463,1,0,0,2,0,1,1,311.0
17,2.8903717578961645,0,2,2,3,7,2,1.0986122886681098,1,2,2,2,2,37,3.6375861597263857,0,1,2,2,7,1,0,899.0
11,2.4849066497880004,0,2,1,4,1,20,3.044522437723423,1,2,0,6,0,35,3.58351893845611,0,2,0,0,5,1,0,2063.0
17,2.8903717578961645,0,2,2,3,7,11,2.4849066497880004,0,2,1,4,1,34,3.5553480614894135,1,1,4,6,4,1,1,47.0
10,2.3978952727983707,1,1,0,3,0,13,2.6390573296152584,0,1,3,6,3,24,3.2188758248682006,1,0,4,3,4,1,0,1679.0
14,2.70805020110221,1,2,4,0,4,10,2.3978952727983707,1,1,0,3,0,44,3.8066624897703196,1,2,4,2,4,2,0,703.0
18,2.9444389791664403,1,0,3,4,8,11,2.4849066497880004,0,2,1,4,1,35,3.58351893845611,0,2,0,0,5,1,0,14761.0
19,2.995732273553991,0,1,4,5,9,17,2.8903717578961645,0,2,2,3,7,45,3.828641396489095,0,0,0,3,5,1,0,15367.0
13,2.6390573296152584,0,1,3,6,3,4,1.6094379124341003,1,1,4,4,4,28,3.367295829986474,1,1,3,0,8,1,1,3527.0
14,2.70805020110221,1,2,4,0,4,13,2.6390573296152584,0,1,3,6,3,42,3.7612001156935624,1,0,2,0,2,1,1,43.0
4,1.6094379124341003,1,1,4,4,4,20,3.044522437723423,1,2,0,6,0,28,3.367295829986474,1,1,3,0,8,4,2,41.0
8,2.1972245773362196,1,2,3,1,8,23,3.1780538303479458,0,2,3,2,3,32,3.4965075614664802,1,2,2,4,2,1,1,199.0
15,2.772588722239781,0,0,0,1,5,8,2.1972245773362196,1,2,3,1,8,38,3.6635616461296463,1,2,3,3,8,1,0,10339.0
7,2.0794415416798357,0,1,2,0,7,2,1.0986122886681098,1,2,2,2,2,31,3.4657359027997265,0,1,1,3,1,1,0,445.0
12,2.5649493574615367,1,0,2,5,2,7,2.0794415416798357,0,1,2,0,7,30,3.4339872044851463,1,0,0,2,0,1,0,23.0
8,2.1972245773362196,1,2,3,1,8,10,2.3978952727983707,1,1,0,3,0,20,3.044522437723423,1,2,0,6,0,2,1,221.0
9,2.302585092994046,0,0,4,2,9,5,1.791759469228055,0,2,0,5,5,15,2.772588722239781,0,0,0,1,5,1,1,83.0
16,2.833213344056216,1,1,1,2,6,9,2.302585092994046,0,0,4,2,9,41,3.7376696182833684,0,2,1,6,1,1,0,4411.0
3,1.3862943611198906,0,0,3,3,3,3,1.3862943611198906,0,0,3,3,3,7,2.0794415416798357,0,1,2,0,7,1,1,83.0
8,2.1972245773362196,1,2,3,1,8,11,2.4849066497880004,0,2,1,4,1,36,3.6109179126442243,1,0,1,1,6,1,0,43.0
9,2.302585092994046,0,0,4,2,9,1,0.6931471805599453,0,1,1,1,1,12,2.5649493574615367,1,0,2,5,2,1,2,31.0
8,2.1972245773362196,1,2,3,1,8,8,2.1972245773362196,1,2,3,1,8,24,3.2188758248682006,1,0,4,3,4,8,3,7.0
15,2.772588722239781,0,0,0,1,5,6,1.9459101490553132,1,0,1,6,6,30,3.4339872044851463,1,0,0,2,0,3,2,9.0
8,2.1972245773362196,1,2,3,1,8,10,2.3978952727983707,1,1,0,3,0,24,3.2188758248682006,1,0,4,3,4,2,1,17.0
15,2.772588722239781,0,0,0,1,5,4,1.6094379124341003,1,1,4,4,4,22,3.1354942159291497,1,1,2,1,2,1,0,2899.0
15,2.772588722239781,0,0,0,1,5,7,2.0794415416798357,0,1,2,0,7,35,3.58351893845611,0,2,0,0,5,1,1,167.0
11,2.4849066497880004,0,2,1,4,1,12,2.5649493574615367,1,0,2,5,2,35,3.58351893845611,0,2,0,0,5,1,0,431.0
18,2.9444389791664403,1,0,3,4,8,11,2.4849066497880004,0,2,1,4,1,40,3.713572066704308,1,1,0,5,0,1,0,389.0
19,2.995732273553991,0,1,4,5,9,8,2.1972245773362196,1,2,3,1,8,30,3.4339872044851463,1,0,0,2,0,1,0,9659.0
13,2.6390573296152584,0,1,3,6,3,13,2.6390573296152584,0,1,3,6,3,30,3.4339872044851463,1,0,0,2,0,1,1,10871.0
11,2.4849066497880004,0,2,1,4,1,10,2.3978952727983707,1,1,0,3,0,22,3.1354942159291497,1,1,2,1,2,1,1,43.0
4,1.6094379124341003,1,1,4,4,4,17,2.8903717578961645,0,2,2,3,7,29,3.4011973816621555,0,2,4,1,9,1,0,4769.0
18,2.9444389791664403,1,0,3,4,8,3,1.3862943611198906,0,0,3,3,3,40,3.713572066704308,1,1,0,5,0,1,1,1399.0
8,2.1972245773362196,1,2,3,1,8,17,2.8903717578961645,0,2,2,3,7,30,3.4339872044851463,1,0,0,2,0,1,0,2249.0
13,2.6390573296152584,0,1,3,6,3,2,1.0986122886681098,1,2,2,2,2,21,3.091042453358316,0,0,1,0,1,1,0,341.0
13,2.6390573296152584,0,1,3,6,3,3,1.3862943611198906,0,0,3,3,3,26,3.295836866004329,1,2,1,5,6,1,1,5.0
12,2.5649493574615367,1,0,2,5,2,3,1.3862943611198906,0,0,3,3,3,20,3.044522437723423,1,2,0,6,0,1,1,53.0
8,2.1972245773362196,1,2,3,1,8,11,2.4849066497880004,0,2,1,4,1,27,3.332204510175204,0,0,2,6,7,1,0,5417.0
20,3.044522437723423,1,2,0,6,0,11,2.4849066497880004,0,2,1,4,1,42,3.7612001156935624,1,0,2,0,2,1,0,451.0
6,1.9459101490553132,1,0,1,6,6,1,0.6931471805599453,0,1,1,1,1,24,3.2188758248682006,1,0,4,3,4,1,3,23.0
4,1.6094379124341003,1,1,4,4,4,25,3.258096538021482,0,1,0,4,5,33,3.5263605246161616,0,0,3,5,3,1,0,7673.0
16,2.833213344056216,1,1,1,2,6,2,1.0986122886681098,1,2,2,2,2,30,3.4339872044851463,1,0,0,2,0,2,2,641.0
7,2.0794415416798357,0,1,2,0,7,1,0.6931471805599453,0,1,1,1,1,20,3.044522437723423,1,2,0,6,0,1,2,631.0
13,2.6390573296152584,0,1,3,6,3,2,1.0986122886681098,1,2,2,2,2,19,2.995732273553991,0,1,4,5,9,1,0,295.0
17,2.8903717578961645,0,2,2,3,7,15,2.772588722239781,0,0,0,1,5,45,3.828641396489095,0,0,0,3,5,1,1,12343.0
6,1.9459101490553132,1,0,1,6,6,1,0.6931471805599453,0,1,1,1,1,16,2.833213344056216,1,1,1,2,6,1,2,103.0
12,2.5649493574615367,1,0,2,5,2,15,2.772588722239781,0,0,0,1,5,32,3.4965075614664802,1,2,2,4,2,1,0,155.0
8,2.1972245773362196,1,2,3,1,8,26,3.295836866004329,1,2,1,5,6,36,3.6109179126442243,1,0,1,1,6,2,0,1013.0
9,2.302585092994046,0,0,4,2,9,4,1.6094379124341003,1,1,4,4,4,20,3.044522437723423,1,2,0,6,0,1,1,1759.0
9,2.302585092994046,0,0,4,2,9,3,1.3862943611198906,0,0,3,3,3,14,2.70805020110221,1,2,4,0,4,1,1,871.0
2,1.0986122886681098,1,2,2,2,2,3,1.3862943611198906,0,0,3,3,3,8,2.1972245773362196,1,2,3,1,8,1,1,13.0
19,2.995732273553991,0,1,4,5,9,6,1.9459101490553132,1,0,1,6,6,38,3.6635616461296463,1,2,3,3,8,1,1,9.0
7,2.0794415416798357,0,1,2,0,7,2,1.0986122886681098,1,2,2,2,2,16,2.833213344056216,1,1,1,2,6,1,1,655.0
18,2.9444389791664403,1,0,3,4,8,4,1.6094379124341003,1,1,4,4,4,35,3.58351893845611,0,2,0,0,5,1,0,5941.0
20,3.044522437723423,1,2,0,6,0,1,0.6931471805599453,0,1,1,1,1,26,3.295836866004329,1,2,1,5,6,1,2,329.0
8,2.1972245773362196,1,2,3,1,8,13,2.6390573296152584,0,1,3,6,3,36,3.6109179126442243,1,0,1,1,6,1,0,545.0
18,2.9444389791664403,1,0,3,4,8,5,1.791759469228055,0,2,0,5,5,37,3.6375861597263857,0,1,2,2,7,1,0,1541.0
10,2.3978952727983707,1,1,0,3,0,29,3.4011973816621555,0,2,4,1,9,40,3.713572066704308,1,1,0,5,0,1,1,247.0
16,2.833213344056216,1,1,1,2,6,2,1.0986122886681098,1,2,2,2,2,38,3.6635616461296463,1,2,3,3,8,2,2,905.0
19,2.995732273553991,0,1,4,5,9,12,2.5649493574615367,1,0,2,5,2,37,3.6375861597263857,0,1,2,2,7,1,0,745.0
10,2.3978952727983707,1,1,0,3,0,2,1.0986122886681098,1,2,2,2,2,16,2.833213344056216,1,1,1,2,6,2,2,199.0
14,2.70805020110221,1,2,4,0,4,12,2.5649493574615367,1,0,2,5,2,31,3.4657359027997265,0,1,1,3,1,1,0,3727.0
15,2.772588722239781,0,0,0,1,5,10,2.3978952727983707,1,1,0,3,0,34,3.5553480614894135,1,1,4,6,4,1,0,11131.0
8,2.1972245773362196,1,2,3,1,8,1,0.6931471805599453,0,1,1,1,1,12,2.5649493574615367,1,0,2,5,2,1,2,17.0
4,1.6094379124341003,1,1,4,4,4,7,2.0794415416798357,0,1,2,0,7,25,3.258096538021482,0,1,0,4,5,1,0,287.0
13,2.6390573296152584,0,1,3,6,3,8,2.1972245773362196,1,2,3,1,8,24,3.2188758248682006,1,0,4,3,4,1,1,5399.0
2,1.0986122886681098,1,2,2,2,2,9,2.302585092994046,0,0,4,2,9,12,2.5649493574615367,1,0,2,5,2,1,1,143.0
3,1.3862943611198906,0,0,3,3,3,5,1.791759469228055,0,2,0,5,5,12,2.5649493574615367,1,0,2,5,2,1,1,11.0
13,2.6390573296152584,0,1,3,6,3,6,1.9459101490553132,1,0,1,6,6,42,3.7612001156935624,1,0,2,0,2,1,1,8147.0
18,2.9444389791664403,1,0,3,4,8,3,1.3862943611198906,0,0,3,3,3,48,3.8918202981106265,1,0,3,6,8,3,2,199.0
20,3.044522437723423,1,2,0,6,0,6,1.9459101490553132,1,0,1,6,6,44,3.8066624897703196,1,2,4,2,4,2,0,63.0
16,2.833213344056216,1,1,1,2,6,10,2.3978952727983707,1,1,0,3,0,31,3.4657359027997265,0,1,1,3,1,1,0,2125.0
3,1.3862943611198906,0,0,3,3,3,2,1.0986122886681098,1,2,2,2,2,19,2.995732273553991,0,1,4,5,9,1,0,145.0
15,2.772588722239781,0,0,0,1,5,8,2.1972245773362196,1,2,3,1,8,26,3.295836866004329,1,2,1,5,6,1,0,6691.0
2,1.0986122886681098,1,2,2,2,2,9,2.302585092994046,0,0,4,2,9,26,3.295836866004329,1,2,1,5,6,1,1,67.0
12,2.5649493574615367,1,0,2,5,2,4,1.6094379124341003,1,1,4,4,4,21,3.091042453358316,0,0,1,0,1,1,1,257.0
12,2.5649493574615367,1,0,2,5,2,2,1.0986122886681098,1,2,2,2,2,32,3.4965075614664802,1,2,2,4,2,2,2,151.0
18,2.9444389791664403,1,0,3,4,8,6,1.9459101490553132,1,0,1,6,6,28,3.367295829986474,1,1,3,0,8,2,1,1627.0
16,2.833213344056216,1,1,1,2,6,4,1.6094379124341003,1,1,4,4,4,46,3.8501476017100584,1,1,1,4,6,2,1,1937.0
9,2.302585092994046,0,0,4,2,9,22,3.1354942159291497,1,1,2,1,2,38,3.6635616461296463,1,2,3,3,8,1,0,16411.0
15,2.772588722239781,0,0,0,1,5,2,1.0986122886681098,1,2,2,2,2,28,3.367295829986474,1,1,3,0,8,1,1,2239.0
5,1.791759469228055,0,2,0,5,5,28,3.367295829986474,1,1,3,0,8,35,3.58351893845611,0,2,0,0,5,1,1,55.0
10,2.3978952727983707,1,1,0,3,0,3,1.3862943611198906,0,0,3,3,3,39,3.6888794541139363,0,0,4,4,9,1,1,3761.0
20,3.044522437723423,1,2,0,6,0,16,2.833213344056216,1,1,1,2,6,39,3.6888794541139363,0,0,4,4,9,1,0,26081.0
19,2.995732273553991,0,1,4,5,9,3,1.3862943611198906,0,0,3,3,3,30,3.4339872044851463,1,0,0,2,0,1,1,3959.0
8,2.1972245773362196,1,2,3,1,8,2,1.0986122886681098,1,2,2,2,2,18,2.9444389791664403,1,0,3,4,8,2,2,209.0
18,2.9444389791664403,1,0,3,4,8,14,2.70805020110221,1,2,4,0,4,33,3.5263605246161616,0,0,3,5,3,1,0,1933.0
15,2.772588722239781,0,0,0,1,5,4,1.6094379124341003,1,1,4,4,4,28,3.367295829986474,1,1,3,0,8,1,1,3919.0
11,2.4849066497880004,0,2,1,4,1,4,1.6094379124341003,1,1,4,4,4,17,2.8903717578961645,0,2,2,3,7,1,0,208.0
2,1.0986122886681098,1,2,2,2,2,2,1.0986122886681098,1,2,2,2,2,7,2.0794415416798357,0,1,2,0,7,1,1,101.0
18,2.9444389791664403,1,0,3,4,8,2,1.0986122886681098,1,2,2,2,2,22,3.1354942159291497,1,1,2,1,2,2,2,109.0
11,2.4849066497880004,0,2,1,4,1,8,2.1972245773362196,1,2,3,1,8,21,3.091042453358316,0,0,1,0,1,1,0,251.0
18,2.9444389791664403,1,0,3,4,8,20,3.044522437723423,1,2,0,6,0,47,3.871201010907891,0,2,2,5,7,1,0,7145.0
10,2.3978952727983707,1,1,0,3,0,1,0.6931471805599453,0,1,1,1,1,19,2.995732273553991,0,1,4,5,9,1,2,641.0
18,2.9444389791664403,1,0,3,4,8,5,1.791759469228055,0,2,0,5,5,26,3.295836866004329,1,2,1,5,6,1,0,629.0
12,2.5649493574615367,1,0,2,5,2,22,3.1354942159291497,1,1,2,1,2,37,3.6375861597263857,0,1,2,2,7,1,0,20761.0
7,2.0794415416798357,0,1,2,0,7,10,2.3978952727983707,1,1,0,3,0,23,3.1780538303479458,0,2,3,2,3,1,0,185.0
14,2.70805020110221,1,2,4,0,4,6,1.9459101490553132,1,0,1,6,6,25,3.258096538021482,0,1,0,4,5,1,0,1543.0
6,1.9459101490553132,1,0,1,6,6,6,1.9459101490553132,1,0,1,6,6,20,3.044522437723423,1,2,0,6,0,2,1,451.0
4,1.6094379124341003,1,1,4,4,4,5,1.791759469228055,0,2,0,5,5,25,3.258096538021482,0,1,0,4,5,1,1,1609.0
18,2.9444389791664403,1,0,3,4,8,15,2.772588722239781,0,0,0,1,5,46,3.8501476017100584,1,1,1,4,6,1,0,3329.0
19,2.995732273553991,0,1,4,5,9,17,2.8903717578961645,0,2,2,3,7,41,3.7376696182833684,0,2,1,6,1,1,0,13903.0
8,2.1972245773362196,1,2,3,1,8,6,1.9459101490553132,1,0,1,6,6,36,3.6109179126442243,1,0,1,1,6,2,1,293.0
17,2.8903717578961645,0,2,2,3,7,1,0.6931471805599453,0,1,1,1,1,22,3.1354942159291497,1,1,2,1,2,1,2,943.0
17,2.8903717578961645,0,2,2,3,7,3,1.3862943611198906,0,0,3,3,3,34,3.5553480614894135,1,1,4,6,4,1,1,5.0
9,2.302585092994046,0,0,4,2,9,3,1.3862943611198906,0,0,3,3,3,25,3.258096538021482,0,1,0,4,5,1,1,947.0
7,2.0794415416798357,0,1,2,0,7,5,1.791759469228055,0,2,0,5,5,24,3.2188758248682006,1,0,4,3,4,1,0,2207.0
4,1.6094379124341003,1,1,4,4,4,2,1.0986122886681098,1,2,2,2,2,12,2.5649493574615367,1,0,2,5,2,2,3,5.0
5,1.791759469228055,0,2,0,5,5,19,2.995732273553991,0,1,4,5,9,30,3.4339872044851463,1,0,0,2,0,1,1,263.0
10,2.3978952727983707,1,1,0,3,0,9,2.302585092994046,0,0,4,2,9,21,3.091042453358316,0,0,1,0,1,1,0,4121.0
18,2.9444389791664403,1,0,3,4,8,5,1.791759469228055,0,2,0,5,5,24,3.2188758248682006,1,0,4,3,4,1,0,127.0
19,2.995732273553991,0,1,4,5,9,16,2.833213344056216,1,1,1,2,6,36,3.6109179126442243,1,0,1,1,6,1,0,22823.0
18,2.9444389791664403,1,0,3,4,8,7,2.0794415416798357,0,1,2,0,7,30,3.4339872044851463,1,0,0,2,0,1,0,113.0
12,2.5649493574615367,1,0,2,5,2,21,3.091042453358316,0,0,1,0,1,41,3.7376696182833684,0,2,1,6,1,1,0,22201.0
13,2.6390573296152584,0,1,3,6,3,18,2.9444389791664403,1,0,3,4,8,32,3.4965075614664802,1,2,2,4,2,1,0,1759.0
16,2.833213344056216,1,1,1,2,6,7,2.0794415416798357,0,1,2,0,7,26,3.295836866004329,1,2,1,5,6,1,0,223.0
9,2.302585092994046,0,0,4,2,9,6,1.9459101490553132,1,0,1,6,6,23,3.1780538303479458,0,2,3,2,3,1,0,733.0
13,2.6390573296152584,0,1,3,6,3,29,3.4011973816621555,0,2,4,1,9,43,3.784189633918261,0,1,3,1,3,1,0,17051.0
6,1.9459101490553132,1,0,1,6,6,2,1.0986122886681098,1,2,2,2,2,36,3.6109179126442243,1,0,1,1,6,2,3,59.0
5,1.791759469228055,0,2,0,5,5,4,1.6094379124341003,1,1,4,4,4,12,2.5649493574615367,1,0,2,5,2,1,1,599.0
19,2.995732273553991,0,1,4,5,9,9,2.302585092994046,0,0,4,2,9,40,3.713572066704308,1,1,0,5,0,1,0,4973.0
5,1.791759469228055,0,2,0,5,5,5,1.791759469228055,0,2,0,5,5,13,2.6390573296152584,0,1,3,6,3,1,1,397.0
18,2.9444389791664403,1,0,3,4,8,13,2.6390573296152584,0,1,3,6,3,33,3.5263605246161616,0,0,3,5,3,1,0,1801.0
8,2.1972245773362196,1,2,3,1,8,15,2.772588722239781,0,0,0,1,5,37,3.6375861597263857,0,1,2,2,7,1,0,679.0
16,2.833213344056216,1,1,1,2,6,16,2.833213344056216,1,1,1,2,6,37,3.6375861597263857,0,1,2,2,7,1,1,20057.0
7,2.0794415416798357,0,1,2,0,7,5,1.791759469228055,0,2,0,5,5,26,3.295836866004329,1,2,1,5,6,1,0,2447.0
5,1.791759469228055,0,2,0,5,5,7,2.0794415416798357,0,1,2,0,7,21,3.091042453358316,0,0,1,0,1,1,1,943.0
5,1.791759469228055,0,2,0,5,5,1,0.6931471805599453,0,1,1,1,1,15,2.772588722239781,0,0,0,1,5,1,3,7.0
3,1.3862943611198906,0,0,3,3,3,12,2.5649493574615367,1,0,2,5,2,29,3.4011973816621555,0,2,4,1,9,1,1,365.0
6,1.9459101490553132,1,0,1,6,6,15,2.772588722239781,0,0,0,1,5,35,3.58351893845611,0,2,0,0,5,1,0,7489.0
15,2.772588722239781,0,0,0,1,5,4,1.6094379124341003,1,1,4,4,4,29,3.4011973816621555,0,2,4,1,9,1,0,512.0
10,2.3978952727983707,1,1,0,3,0,18,2.9444389791664403,1,0,3,4,8,36,3.6109179126442243,1,0,1,1,6,2,1,3539.0
10,2.3978952727983707,1,1,0,3,0,3,1.3862943611198906,0,0,3,3,3,28,3.367295829986474,1,1,3,0,8,1,0,197.0
14,2.70805020110221,1,2,4,0,4,3,1.3862943611198906,0,0,3,3,3,41,3.7376696182833684,0,2,1,6,1,1,0,1643.0
11,2.4849066497880004,0,2,1,4,1,24,3.2188758248682006,1,0,4,3,4,36,3.6109179126442243,1,0,1,1,6,1,0,20183.0
17,2.8903717578961645,0,2,2,3,7,4,1.6094379124341003,1,1,4,4,4,24,3.2188758248682006,1,0,4,3,4,1,1,3551.0
5,1.791759469228055,0,2,0,5,5,16,2.833213344056216,1,1,1,2,6,26,3.295836866004329,1,2,1,5,6,1,0,4811.0
16,2.833213344056216,1,1,1,2,6,3,1.3862943611198906,0,0,3,3,3,27,3.332204510175204,0,0,2,6,7,1,1,3065.0
14,2.70805020110221,1,2,4,0,4,9,2.302585092994046,0,0,4,2,9,25,3.258096538021482,0,1,0,4,5,1,0,2243.0
9,2.302585092994046,0,0,4,2,9,1,0.6931471805599453,0,1,1,1,1,14,2.70805020110221,1,2,4,0,4,1,2,367.0
2,1.0986122886681098,1,2,2,2,2,5,1.791759469228055,0,2,0,5,5,8,2.1972245773362196,1,2,3,1,8,1,1,11.0
18,2.9444389791664403,1,0,3,4,8,5,1.791759469228055,0,2,0,5,5,29,3.4011973816621555,0,2,4,1,9,1,0,5737.0
10,2.3978952727983707,1,1,0,3,0,5,1.791759469228055,0,2,0,5,5,17,2.8903717578961645,0,2,2,3,7,1,1,1889.0
8,2.1972245773362196,1,2,3,1,8,7,2.0794415416798357,0,1,2,0,7,17,2.8903717578961645,0,2,2,3,7,1,0,2129.0
9,2.302585092994046,0,0,4,2,9,4,1.6094379124341003,1,1,4,4,4,21,3.091042453358316,0,0,1,0,1,1,0,26.0
12,2.5649493574615367,1,0,2,5,2,14,2.70805020110221,1,2,4,0,4,33,3.5263605246161616,0,0,3,5,3,1,0,191.0
17,2.8903717578961645,0,2,2,3,7,3,1.3862943611198906,0,0,3,3,3,44,3.8066624897703196,1,2,4,2,4,1,0,2045.0
8,2.1972245773362196,1,2,3,1,8,22,3.1354942159291497,1,1,2,1,2,36,3.6109179126442243,1,0,1,1,6,2,0,79.0
20,3.044522437723423,1,2,0,6,0,20,3.044522437723423,1,2,0,6,0,44,3.8066624897703196,1,2,4,2,4,4,1,287.0
4,1.6094379124341003,1,1,4,4,4,3,1.3862943611198906,0,0,3,3,3,8,2.1972245773362196,1,2,3,1,8,1,1,5.0
14,2.70805020110221,1,2,4,0,4,16,2.833213344056216,1,1,1,2,6,34,3.5553480614894135,1,1,4,6,4,2,0,253.0
6,1.9459101490553132,1,0,1,6,6,9,2.302585092994046,0,0,4,2,9,17,2.8903717578961645,0,2,2,3,7,1,0,2089.0
2,1.0986122886681098,1,2,2,2,2,8,2.1972245773362196,1,2,3,1,8,13,2.6390573296152584,0,1,3,6,3,1,1,581.0
16,2.833213344056216,1,1,1,2,6,20,3.044522437723423,1,2,0,6,0,44,3.8066624897703196,1,2,4,2,4,4,0,373.0
8,2.1972245773362196,1,2,3,1,8,9,2.302585092994046,0,0,4,2,9,35,3.58351893845611,0,2,0,0,5,1,0,689.0
2,1.0986122886681098,1,2,2,2,2,9,2.302585092994046,0,0,4,2,9,19,2.995732273553991,0,1,4,5,9,1,0,347.0
9,2.302585092994046,0,0,4,2,9,12,2.5649493574615367,1,0,2,5,2,38,3.6635616461296463,1,2,3,3,8,1,0,9571.0
4,1.6094379124341003,1,1,4,4,4,23,3.1780538303479458,0,2,3,2,3,32,3.4965075614664802,1,2,2,4,2,1,1,431.0
15,2.772588722239781,0,0,0,1,5,12,2.5649493574615367,1,0,2,5,2,36,3.6109179126442243,1,0,1,1,6,3,1,1559.0
10,2.3978952727983707,1,1,0,3,0,1,0.6931471805599453,0,1,1,1,1,35,3.58351893845611,0,2,0,0,5,1,2,73.0
14,2.70805020110221,1,2,4,0,4,6,1.9459101490553132,1,0,1,6,6,21,3.091042453358316,0,0,1,0,1,1,0,77.0
11,2.4849066497880004,0,2,1,4,1,3,1.3862943611198906,0,0,3,3,3,17,2.8903717578961645,0,2,2,3,7,1,0,215.0
17,2.8903717578961645,0,2,2,3,7,4,1.6094379124341003,1,1,4,4,4,37,3.6375861597263857,0,1,2,2,7,1,0,764.0
15,2.772588722239781,0,0,0,1,5,13,2.6390573296152584,0,1,3,6,3,31,3.4657359027997265,0,1,1,3,1,1,0,6413.0
17,2.8903717578961645,0,2,2,3,7,4,1.6094379124341003,1,1,4,4,4,22,3.1354942159291497,1,1,2,1,2,1,0,3187.0
9,2.302585092994046,0,0,4,2,9,9,2.302585092994046,0,0,4,2,9,37,3.6375861597263857,0,1,2,2,7,1,1,3641.0
4,1.6094379124341003,1,1,4,4,4,15,2.772588722239781,0,0,0,1,5,34,3.5553480614894135,1,1,4,6,4,1,0,87.0
14,2.70805020110221,1,2,4,0,4,7,2.0794415416798357,0,1,2,0,7,35,3.58351893845611,0,2,0,0,5,7,2,23.0
15,2.772588722239781,0,0,0,1,5,12,2.5649493574615367,1,0,2,5,2,28,3.367295829986474,1,1,3,0,8,1,0,10639.0
10,2.3978952727983707,1,1,0,3,0,17,2.8903717578961645,0,2,2,3,7,30,3.4339872044851463,1,0,0,2,0,1,1,55.0
19,2.995732273553991,0,1,4,5,9,7,2.0794415416798357,0,1,2,0,7,31,3.4657359027997265,0,1,1,3,1,1,0,4423.0
15,2.772588722239781,0,0,0,1,5,9,2.302585092994046,0,0,4,2,9,31,3.4657359027997265,0,1,1,3,1,1,0,4553.0
20,3.044522437723423,1,2,0,6,0,9,2.302585092994046,0,0,4,2,9,45,3.828641396489095,0,0,0,3,5,1,1,713.0
8,2.1972245773362196,1,2,3,1,8,5,1.791759469228055,0,2,0,5,5,18,2.9444389791664403,1,0,3,4,8,1,0,85.0
2,1.0986122886681098,1,2,2,2,2,3,1.3862943611198906,0,0,3,3,3,12,2.5649493574615367,1,0,2,5,2,1,2,71.0
13,2.6390573296152584,0,1,3,6,3,11,2.4849066497880004,0,2,1,4,1,33,3.5263605246161616,0,0,3,5,3,1,1,5179.0
8,2.1972245773362196,1,2,3,1,8,14,2.70805020110221,1,2,4,0,4,29,3.4011973816621555,0,2,4,1,9,1,0,1039.0
11,2.4849066497880004,0,2,1,4,1,11,2.4849066497880004,0,2,1,4,1,29,3.4011973816621555,0,2,4,1,9,1,1,3869.0
20,3.044522437723423,1,2,0,6,0,2,1.0986122886681098,1,2,2,2,2,36,3.6109179126442243,1,0,1,1,6,2,2,59.0
4,1.6094379124341003,1,1,4,4,4,1,0.6931471805599453,0,1,1,1,1,7,2.0794415416798357,0,1,2,0,7,1,2,89.0
12,2.5649493574615367,1,0,2,5,2,3,1.3862943611198906,0,0,3,3,3,34,3.5553480614894135,1,1,4,6,4,1,1,865.0
15,2.772588722239781,0,0,0,1,5,1,0.6931471805599453,0,1,1,1,1,30,3.4339872044851463,1,0,0,2,0,1,3,7.0
11,2.4849066497880004,0,2,1,4,1,2,1.0986122886681098,1,2,2,2,2,37,3.6375861597263857,0,1,2,2,7,1,0,719.0
6,1.9459101490553132,1,0,1,6,6,16,2.833213344056216,1,1,1,2,6,32,3.4965075614664802,1,2,2,4,2,2,1,1783.0
4,1.6094379124341003,1,1,4,4,4,10,2.3978952727983707,1,1,0,3,0,25,3.258096538021482,0,1,0,4,5,1,0,2609.0
4,1.6094379124341003,1,1,4,4,4,6,1.9459101490553132,1,0,1,6,6,17,2.8903717578961645,0,2,2,3,7,1,0,363.0
15,2.772588722239781,0,0,0,1,5,14,2.70805020110221,1,2,4,0,4,33,3.5263605246161616,0,0,3,5,3,1,0,409.0
5,1.791759469228055,0,2,0,5,5,20,3.044522437723423,1,2,0,6,0,27,3.332204510175204,0,0,2,6,7,1,1,763.0
5,1.791759469228055,0,2,0,5,5,10,2.3978952727983707,1,1,0,3,0,23,3.1780538303479458,0,2,3,2,3,1,1,701.0
9,2.302585092994046,0,0,4,2,9,1,0.6931471805599453,0,1,1,1,1,27,3.332204510175204,0,0,2,6,7,1,3,7.0
3,1.3862943611198906,0,0,3,3,3,15,2.772588722239781,0,0,0,1,5,32,3.4965075614664802,1,2,2,4,2,1,1,779.0
17,2.8903717578961645,0,2,2,3,7,11,2.4849066497880004,0,2,1,4,1,31,3.4657359027997265,0,1,1,3,1,1,0,6133.0
6,1.9459101490553132,1,0,1,6,6,2,1.0986122886681098,1,2,2,2,2,11,2.4849066497880004,0,2,1,4,1,1,1,349.0
16,2.833213344056216,1,1,1,2,6,4,1.6094379124341003,1,1,4,4,4,27,3.332204510175204,0,0,2,6,7,1,1,3929.0
12,2.5649493574615367,1,0,2,5,2,6,1.9459101490553132,1,0,1,6,6,26,3.295836866004329,1,2,1,5,6,2,1,1069.0
14,2.70805020110221,1,2,4,0,4,2,1.0986122886681098,1,2,2,2,2,26,3.295836866004329,1,2,1,5,6,2,2,121.0
2,1.0986122886681098,1,2,2,2,2,6,1.9459101490553132,1,0,1,6,6,27,3.332204510175204,0,0,2,6,7,1,1,1373.0
19,2.995732273553991,0,1,4,5,9,2,1.0986122886681098,1,2,2,2,2,46,3.8501476017100584,1,1,1,4,6,1,1,5251.0
6,1.9459101490553132,1,0,1,6,6,5,1.791759469228055,0,2,0,5,5,12,2.5649493574615367,1,0,2,5,2,1,1,23.0
14,2.70805020110221,1,2,4,0,4,8,2.1972245773362196,1,2,3,1,8,36,3.6109179126442243,1,0,1,1,6,2,0,2291.0
13,2.6390573296152584,0,1,3,6,3,2,1.0986122886681098,1,2,2,2,2,33,3.5263605246161616,0,0,3,5,3,1,0,659.0
12,2.5649493574615367,1,0,2,5,2,3,1.3862943611198906,0,0,3,3,3,17,2.8903717578961645,0,2,2,3,7,1,1,1369.0
15,2.772588722239781,0,0,0,1,5,20,3.044522437723423,1,2,0,6,0,40,3.713572066704308,1,1,0,5,0,5,1,203.0
2,1.0986122886681098,1,2,2,2,2,7,2.0794415416798357,0,1,2,0,7,18,2.9444389791664403,1,0,3,4,8,1,1,103.0
3,1.3862943611198906,0,0,3,3,3,8,2.1972245773362196,1,2,3,1,8,21,3.091042453358316,0,0,1,0,1,1,1,10.0
6,1.9459101490553132,1,0,1,6,6,3,1.3862943611198906,0,0,3,3,3,14,2.70805020110221,1,2,4,0,4,1,1,83.0
9,2.302585092994046,0,0,4,2,9,2,1.0986122886681098,1,2,2,2,2,14,2.70805020110221,1,2,4,0,4,1,1,619.0
10,2.3978952727983707,1,1,0,3,0,14,2.70805020110221,1,2,4,0,4,28,3.367295829986474,1,1,3,0,8,2,1,2131.0
6,1.9459101490553132,1,0,1,6,6,1,0.6931471805599453,0,1,1,1,1,11,2.4849066497880004,0,2,1,4,1,1,2,217.0
5,1.791759469228055,0,2,0,5,5,10,2.3978952727983707,1,1,0,3,0,17,2.8903717578961645,0,2,2,3,7,1,1,491.0
11,2.4849066497880004,0,2,1,4,1,22,3.1354942159291497,1,1,2,1,2,39,3.6888794541139363,0,0,4,4,9,1,1,5069.0
5,1.791759469228055,0,2,0,5,5,2,1.0986122886681098,1,2,2,2,2,9,2.302585092994046,0,0,4,2,9,1,0,59.0
19,2.995732273553991,0,1,4,5,9,12,2.5649493574615367,1,0,2,5,2,36,3.6109179126442243,1,0,1,1,6,1,1,17351.0
5,1.791759469228055,0,2,0,5,5,3,1.3862943611198906,0,0,3,3,3,19,2.995732273553991,0,1,4,5,9,1,0,151.0
10,2.3978952727983707,1,1,0,3,0,23,3.1780538303479458,0,2,3,2,3,37,3.6375861597263857,0,1,2,2,7,1,0,18289.0
18,2.9444389791664403,1,0,3,4,8,12,2.5649493574615367,1,0,2,5,2,41,3.7376696182833684,0,2,1,6,1,1,0,19069.0
17,2.8903717578961645,0,2,2,3,7,3,1.3862943611198906,0,0,3,3,3,22,3.1354942159291497,1,1,2,1,2,1,0,813.0
14,2.70805020110221,1,2,4,0,4,21,3.091042453358316,0,0,1,0,1,40,3.713572066704308,1,1,0,5,0,1,0,2077.0
3,1.3862943611198906,0,0,3,3,3,22,3.1354942159291497,1,1,2,1,2,29,3.4011973816621555,0,2,4,1,9,1,0,1165.0
8,2.1972245773362196,1,2,3,1,8,29,3.4011973816621555,0,2,4,1,9,38,3.6635616461296463,1,2,3,3,8,1,0,4753.0
13,2.6390573296152584,0,1,3,6,3,15,2.772588722239781,0,0,0,1,5,34,3.5553480614894135,1,1,4,6,4,1,0,4749.0
15,2.772588722239781,0,0,0,1,5,7,2.0794415416798357,0,1,2,0,7,28,3.367295829986474,1,1,3,0,8,1,1,6439.0
14,2.70805020110221,1,2,4,0,4,5,1.791759469228055,0,2,0,5,5,31,3.4657359027997265,0,1,1,3,1,1,0,1021.0
16,2.833213344056216,1,1,1,2,6,3,1.3862943611198906,0,0,3,3,3,36,3.6109179126442243,1,0,1,1,6,1,1,281.0
20,3.044522437723423,1,2,0,6,0,3,1.3862943611198906,0,0,3,3,3,24,3.2188758248682006,1,0,4,3,4,1,1,191.0
18,2.9444389791664403,1,0,3,4,8,13,2.6390573296152584,0,1,3,6,3,41,3.7376696182833684,0,2,1,6,1,1,0,20545.0
7,2.0794415416798357,0,1,2,0,7,15,2.772588722239781,0,0,0,1,5,30,3.4339872044851463,1,0,0,2,0,1,1,7151.0
13,2.6390573296152584,0,1,3,6,3,5,1.791759469228055,0,2,0,5,5,25,3.258096538021482,0,1,0,4,5,1,1,1853.0
9,2.302585092994046,0,0,4,2,9,16,2.833213344056216,1,1,1,2,6,32,3.4965075614664802,1,2,2,4,2,1,1,10159.0
18,2.9444389791664403,1,0,3,4,8,15,2.772588722239781,0,0,0,1,5,34,3.5553480614894135,1,1,4,6,4,1,0,2399.0
18,2.9444389791664403,1,0,3,4,8,1,0.6931471805599453,0,1,1,1,1,26,3.295836866004329,1,2,1,5,6,1,2,161.0
2,1.0986122886681098,1,2,2,2,2,10,2.3978952727983707,1,1,0,3,0,15,2.772588722239781,0,0,0,1,5,1,1,821.0
3,1.3862943611198906,0,0,3,3,3,12,2.5649493574615367,1,0,2,5,2,26,3.295836866004329,1,2,1,5,6,1,1,2539.0
6,1.9459101490553132,1,0,1,6,6,5,1.791759469228055,0,2,0,5,5,13,2.6390573296152584,0,1,3,6,3,1,0,913.0
16,2.833213344056216,1,1,1,2,6,16,2.833213344056216,1,1,1,2,6,42,3.7612001156935624,1,0,2,0,2,2,1,5753.0
4,1.6094379124341003,1,1,4,4,4,2,1.0986122886681098,1,2,2,2,2,9,2.302585092994046,0,0,4,2,9,1,1,209.0
10,2.3978952727983707,1,1,0,3,0,5,1.791759469228055,0,2,0,5,5,29,3.4011973816621555,0,2,4,1,9,1,1,3641.0
17,2.8903717578961645,0,2,2,3,7,6,1.9459101490553132,1,0,1,6,6,46,3.8501476017100584,1,1,1,4,6,1,0,3737.0
2,1.0986122886681098,1,2,2,2,2,3,1.3862943611198906,0,0,3,3,3,21,3.091042453358316,0,0,1,0,1,1,1,689.0
14,2.70805020110221,1,2,4,0,4,2,1.0986122886681098,1,2,2,2,2,34,3.5553480614894135,1,1,4,6,4,2,2,179.0
13,2.6390573296152584,0,1,3,6,3,15,2.772588722239781,0,0,0,1,5,42,3.7612001156935624,1,0,2,0,2,1,0,3595.0
9,2.302585092994046,0,0,4,2,9,15,2.772588722239781,0,0,0,1,5,36,3.6109179126442243,1,0,1,1,6,3,1,9.0
9,2.302585092994046,0,0,4,2,9,2,1.0986122886681098,1,2,2,2,2,38,3.6635616461296463,1,2,3,3,8,1,1,2731.0
12,2.5649493574615367,1,0,2,5,2,6,1.9459101490553132,1,0,1,6,6,20,3.044522437723423,1,2,0,6,0,2,1,49.0
4,1.6094379124341003,1,1,4,4,4,6,1.9459101490553132,1,0,1,6,6,13,2.6390573296152584,0,1,3,6,3,1,0,259.0
17,2.8903717578961645,0,2,2,3,7,17,2.8903717578961645,0,2,2,3,7,44,3.8066624897703196,1,2,4,2,4,1,1,27079.0
7,2.0794415416798357,0,1,2,0,7,21,3.091042453358316,0,0,1,0,1,37,3.6375861597263857,0,1,2,2,7,1,1,2033.0
6,1.9459101490553132,1,0,1,6,6,11,2.4849066497880004,0,2,1,4,1,31,3.4657359027997265,0,1,1,3,1,1,0,5017.0
5,1.791759469228055,0,2,0,5,5,12,2.5649493574615367,1,0,2,5,2,31,3.4657359027997265,0,1,1,3,1,1,0,194.0
3,1.3862943611198906,0,0,3,3,3,10,2.3978952727983707,1,1,0,3,0,17,2.8903717578961645,0,2,2,3,7,1,0,65.0
3,1.3862943611198906,0,0,3,3,3,19,2.995732273553991,0,1,4,5,9,30,3.4339872044851463,1,0,0,2,0,1,1,479.0
9,2.302585092994046,0,0,4,2,9,1,0.6931471805599453,0,1,1,1,1,19,2.995732273553991,0,1,4,5,9,1,2,311.0
11,2.4849066497880004,0,2,1,4,1,24,3.2188758248682006,1,0,4,3,4,37,3.6375861597263857,0,1,2,2,7,1,0,433.0
5,1.791759469228055,0,2,0,5,5,8,2.1972245773362196,1,2,3,1,8,18,2.9444389791664403,1,0,3,4,8,1,0,1739.0
3,1.3862943611198906,0,0,3,3,3,6,1.9459101490553132,1,0,1,6,6,33,3.5263605246161616,0,0,3,5,3,3,2,21.0
15,2.772588722239781,0,0,0,1,5,19,2.995732273553991,0,1,4,5,9,42,3.7612001156935624,1,0,2,0,2,1,0,149.0
7,2.0794415416798357,0,1,2,0,7,1,0.6931471805599453,0,1,1,1,1,37,3.6375861597263857,0,1,2,2,7,1,2,919.0
18,2.9444389791664403,1,0,3,4,8,2,1.0986122886681098,1,2,2,2,2,35,3.58351893845611,0,2,0,0,5,1,1,3421.0
5,1.791759469228055,0,2,0,5,5,2,1.0986122886681098,1,2,2,2,2,10,2.3978952727983707,1,1,0,3,0,1,2,11.0
10,2.3978952727983707,1,1,0,3,0,5,1.791759469228055,0,2,0,5,5,40,3.713572066704308,1,1,0,5,0,5,3,11.0
18,2.9444389791664403,1,0,3,4,8,9,2.302585092994046,0,0,4,2,9,44,3.8066624897703196,1,2,4,2,4,1,1,3967.0
13,2.6390573296152584,0,1,3,6,3,2,1.0986122886681098,1,2,2,2,2,25,3.258096538021482,0,1,0,4,5,1,0,439.0
2,1.0986122886681098,1,2,2,2,2,11,2.4849066497880004,0,2,1,4,1,15,2.772588722239781,0,0,0,1,5,1,0,881.0
16,2.833213344056216,1,1,1,2,6,14,2.70805020110221,1,2,4,0,4,32,3.4965075614664802,1,2,2,4,2,2,1,59.0
5,1.791759469228055,0,2,0,5,5,5,1.791759469228055,0,2,0,5,5,27,3.332204510175204,0,0,2,6,7,1,1,1027.0
5,1.791759469228055,0,2,0,5,5,3,1.3862943611198906,0,0,3,3,3,22,3.1354942159291497,1,1,2,1,2,1,0,373.0
7,2.0794415416798357,0,1,2,0,7,24,3.2188758248682006,1,0,4,3,4,34,3.5553480614894135,1,1,4,6,4,1,0,4177.0
12,2.5649493574615367,1,0,2,5,2,1,0.6931471805599453,0,1,1,1,1,22,3.1354942159291497,1,1,2,1,2,1,2,217.0
2,1.0986122886681098,1,2,2,2,2,3,1.3862943611198906,0,0,3,3,3,11,2.4849066497880004,0,2,1,4,1,1,0,83.0
5,1.791759469228055,0,2,0,5,5,10,2.3978952727983707,1,1,0,3,0,22,3.1354942159291497,1,1,2,1,2,1,1,2659.0
12,2.5649493574615367,1,0,2,5,2,17,2.8903717578961645,0,2,2,3,7,32,3.4965075614664802,1,2,2,4,2,1,0,871.0
18,2.9444389791664403,1,0,3,4,8,2,1.0986122886681098,1,2,2,2,2,23,3.1780538303479458,0,2,3,2,3,1,1,1861.0
17,2.8903717578961645,0,2,2,3,7,1,0.6931471805599453,0,1,1,1,1,33,3.5263605246161616,0,0,3,5,3,1,2,961.0
19,2.995732273553991,0,1,4,5,9,18,2.9444389791664403,1,0,3,4,8,45,3.828641396489095,0,0,0,3,5,1,0,8111.0
10,2.3978952727983707,1,1,0,3,0,7,2.0794415416798357,0,1,2,0,7,38,3.6635616461296463,1,2,3,3,8,1,0,119.0
11,2.4849066497880004,0,2,1,4,1,3,1.3862943611198906,0,0,3,3,3,31,3.4657359027997265,0,1,1,3,1,1,0,481.0
15,2.772588722239781,0,0,0,1,5,12,2.5649493574615367,1,0,2,5,2,45,3.828641396489095,0,0,0,3,5,3,1,10.0
6,1.9459101490553132,1,0,1,6,6,13,2.6390573296152584,0,1,3,6,3,30,3.4339872044851463,1,0,0,2,0,1,1,77.0
15,2.772588722239781,0,0,0,1,5,15,2.772588722239781,0,0,0,1,5,36,3.6109179126442243,1,0,1,1,6,3,1,1919.0
8,2.1972245773362196,1,2,3,1,8,1,0.6931471805599453,0,1,1,1,1,13,2.6390573296152584,0,1,3,6,3,1,2,313.0
5,1.791759469228055,0,2,0,5,5,2,1.0986122886681098,1,2,2,2,2,33,3.5263605246161616,0,0,3,5,3,1,0,431.0
5,1.791759469228055,0,2,0,5,5,8,2.1972245773362196,1,2,3,1,8,32,3.4965075614664802,1,2,2,4,2,1,1,3559.0
5,1.791759469228055,0,2,0,5,5,12,2.5649493574615367,1,0,2,5,2,22,3.1354942159291497,1,1,2,1,2,1,0,1033.0
13,2.6390573296152584,0,1,3,6,3,24,3.2188758248682006,1,0,4,3,4,39,3.6888794541139363,0,0,4,4,9,1,1,19.0
19,2.995732273553991,0,1,4,5,9,8,2.1972245773362196,1,2,3,1,8,38,3.6635616461296463,1,2,3,3,8,1,1,35.0
8,2.1972245773362196,1,2,3,1,8,13,2.6390573296152584,0,1,3,6,3,24,3.2188758248682006,1,0,4,3,4,1,1,43.0
20,3.044522437723423,1,2,0,6,0,11,2.4849066497880004,0,2,1,4,1,45,3.828641396489095,0,0,0,3,5,1,0,857.0
7,2.0794415416798357,0,1,2,0,7,5,1.791759469228055,0,2,0,5,5,15,2.772588722239781,0,0,0,1,5,1,1,613.0
10,2.3978952727983707,1,1,0,3,0,7,2.0794415416798357,0,1,2,0,7,23,3.1780538303479458,0,2,3,2,3,1,0,3649.0
11,2.4849066497880004,0,2,1,4,1,3,1.3862943611198906,0,0,3,3,3,16,2.833213344056216,1,1,1,2,6,1,0,397.0
14,2.70805020110221,1,2,4,0,4,22,3.1354942159291497,1,1,2,1,2,41,3.7376696182833684,0,2,1,6,1,1,0,2431.0
15,2.772588722239781,0,0,0,1,5,1,0.6931471805599453,0,1,1,1,1,27,3.332204510175204,0,0,2,6,7,1,2,73.0
16,2.833213344056216,1,1,1,2,6,18,2.9444389791664403,1,0,3,4,8,37,3.6375861597263857,0,1,2,2,7,1,0,7475.0
20,3.044522437723423,1,2,0,6,0,6,1.9459101490553132,1,0,1,6,6,27,3.332204510175204,0,0,2,6,7,1,0,6809.0
20,3.044522437723423,1,2,0,6,0,17,2.8903717578961645,0,2,2,3,7,39,3.6888794541139363,0,0,4,4,9,1,0,27641.0
3,1.3862943611198906,0,0,3,3,3,6,1.9459101490553132,1,0,1,6,6,10,2.3978952727983707,1,1,0,3,0,1,1,451.0
16,2.833213344056216,1,1,1,2,6,3,1.3862943611198906,0,0,3,3,3,22,3.1354942159291497,1,1,2,1,2,1,0,195.0
17,2.8903717578961645,0,2,2,3,7,4,1.6094379124341003,1,1,4,4,4,27,3.332204510175204,0,0,2,6,7,1,0,514.0
13,2.6390573296152584,0,1,3,6,3,10,2.3978952727983707,1,1,0,3,0,24,3.2188758248682006,1,0,4,3,4,1,0,6647.0
17,2.8903717578961645,0,2,2,3,7,11,2.4849066497880004,0,2,1,4,1,43,3.784189633918261,0,1,3,1,3,1,0,8821.0
14,2.70805020110221,1,2,4,0,4,6,1.9459101490553132,1,0,1,6,6,24,3.2188758248682006,1,0,4,3,4,2,1,1103.0
6,1.9459101490553132,1,0,1,6,6,4,1.6094379124341003,1,1,4,4,4,18,2.9444389791664403,1,0,3,4,8,2,1,4.0
4,1.6094379124341003,1,1,4,4,4,11,2.4849066497880004,0,2,1,4,1,18,2.9444389791664403,1,0,3,4,8,1,0,43.0
19,2.995732273553991,0,1,4,5,9,22,3.1354942159291497,1,1,2,1,2,44,3.8066624897703196,1,2,4,2,4,1,1,38359.0
2,1.0986122886681098,1,2,2,2,2,20,3.044522437723423,1,2,0,6,0,26,3.295836866004329,1,2,1,5,6,2,2,86.0
10,2.3978952727983707,1,1,0,3,0,4,1.6094379124341003,1,1,4,4,4,37,3.6375861597263857,0,1,2,2,7,1,0,4229.0
17,2.8903717578961645,0,2,2,3,7,1,0.6931471805599453,0,1,1,1,1,31,3.4657359027997265,0,1,1,3,1,1,2,863.0
8,2.1972245773362196,1,2,3,1,8,2,1.0986122886681098,1,2,2,2,2,15,2.772588722239781,0,0,0,1,5,1,1,641.0
7,2.0794415416798357,0,1,2,0,7,25,3.258096538021482,0,1,0,4,5,33,3.5263605246161616,0,0,3,5,3,1,0,1259.0
15,2.772588722239781,0,0,0,1,5,1,0.6931471805599453,0,1,1,1,1,39,3.6888794541139363,0,0,4,4,9,1,2,137.0
12,2.5649493574615367,1,0,2,5,2,7,2.0794415416798357,0,1,2,0,7,39,3.6888794541139363,0,0,4,4,9,1,0,881.0
13,2.6390573296152584,0,1,3,6,3,5,1.791759469228055,0,2,0,5,5,30,3.4339872044851463,1,0,0,2,0,1,1,4631.0
18,2.9444389791664403,1,0,3,4,8,13,2.6390573296152584,0,1,3,6,3,47,3.871201010907891,0,2,2,5,7,1,0,1837.0
3,1.3862943611198906,0,0,3,3,3,14,2.70805020110221,1,2,4,0,4,30,3.4339872044851463,1,0,0,2,0,1,1,379.0
16,2.833213344056216,1,1,1,2,6,2,1.0986122886681098,1,2,2,2,2,20,3.044522437723423,1,2,0,6,0,2,2,89.0
6,1.9459101490553132,1,0,1,6,6,5,1.791759469228055,0,2,0,5,5,27,3.332204510175204,0,0,2,6,7,1,0,257.0
13,2.6390573296152584,0,1,3,6,3,2,1.0986122886681098,1,2,2,2,2,43,3.784189633918261,0,1,3,1,3,1,0,979.0
11,2.4849066497880004,0,2,1,4,1,3,1.3862943611198906,0,0,3,3,3,19,2.995732273553991,0,1,4,5,9,1,0,249.0
10,2.3978952727983707,1,1,0,3,0,10,2.3978952727983707,1,1,0,3,0,23,3.1780538303479458,0,2,3,2,3,1,1,5029.0
3,1.3862943611198906,0,0,3,3,3,9,2.302585092994046,0,0,4,2,9,18,2.9444389791664403,1,0,3,4,8,3,3,143.0
2,1.0986122886681098,1,2,2,2,2,2,1.0986122886681098,1,2,2,2,2,23,3.1780538303479458,0,2,3,2,3,1,1,709.0
10,2.3978952727983707,1,1,0,3,0,8,2.1972245773362196,1,2,3,1,8,38,3.6635616461296463,1,2,3,3,8,2,0,116.0
7,2.0794415416798357,0,1,2,0,7,11,2.4849066497880004,0,2,1,4,1,26,3.295836866004329,1,2,1,5,6,1,0,421.0
2,1.0986122886681098,1,2,2,2,2,15,2.772588722239781,0,0,0,1,5,29,3.4011973816621555,0,2,4,1,9,1,0,859.0
20,3.044522437723423,1,2,0,6,0,7,2.0794415416798357,0,1,2,0,7,45,3.828641396489095,0,0,0,3,5,1,0,569.0
2,1.0986122886681098,1,2,2,2,2,4,1.6094379124341003,1,1,4,4,4,9,2.302585092994046,0,0,4,2,9,1,1,221.0
2,1.0986122886681098,1,2,2,2,2,4,1.6094379124341003,1,1,4,4,4,13,2.6390573296152584,0,1,3,6,3,1,1,373.0
20,3.044522437723423,1,2,0,6,0,21,3.091042453358316,0,0,1,0,1,45,3.828641396489095,0,0,0,3,5,1,0,1577.0
12,2.5649493574615367,1,0,2,5,2,5,1.791759469228055,0,2,0,5,5,20,3.044522437723423,1,2,0,6,0,1,1,83.0
20,3.044522437723423,1,2,0,6,0,5,1.791759469228055,0,2,0,5,5,33,3.5263605246161616,0,0,3,5,3,1,1,7289.0
6,1.9459101490553132,1,0,1,6,6,5,1.791759469228055,0,2,0,5,5,25,3.258096538021482,0,1,0,4,5,1,1,2089.0
11,2.4849066497880004,0,2,1,4,1,2,1.0986122886681098,1,2,2,2,2,24,3.2188758248682006,1,0,4,3,4,1,1,1511.0
2,1.0986122886681098,1,2,2,2,2,8,2.1972245773362196,1,2,3,1,8,25,3.258096538021482,0,1,0,4,5,1,1,1421.0
15,2.772588722239781,0,0,0,1,5,20,3.044522437723423,1,2,0,6,0,42,3.7612001156935624,1,0,2,0,2,1,0,2971.0
18,2.9444389791664403,1,0,3,4,8,14,2.70805020110221,1,2,4,0,4,34,3.5553480614894135,1,1,4,6,4,2,0,1123.0
9,2.302585092994046,0,0,4,2,9,25,3.258096538021482,0,1,0,4,5,39,3.6888794541139363,0,0,4,4,9,1,0,211.0
13,2.6390573296152584,0,1,3,6,3,9,2.302585092994046,0,0,4,2,9,40,3.713572066704308,1,1,0,5,0,1,0,1199.0
18,2.9444389791664403,1,0,3,4,8,1,0.6931471805599453,0,1,1,1,1,21,3.091042453358316,0,0,1,0,1,1,2,97.0
15,2.772588722239781,0,0,0,1,5,26,3.295836866004329,1,2,1,5,6,43,3.784189633918261,0,1,3,1,3,1,0,8791.0
13,2.6390573296152584,0,1,3,6,3,1,0.6931471805599453,0,1,1,1,1,22,3.1354942159291497,1,1,2,1,2,1,2,887.0
13,2.6390573296152584,0,1,3,6,3,15,2.772588722239781,0,0,0,1,5,38,3.6635616461296463,1,2,3,3,8,1,0,1073.0
9,2.302585092994046,0,0,4,2,9,1,0.6931471805599453,0,1,1,1,1,17,2.8903717578961645,0,2,2,3,7,1,2,257.0
7,2.0794415416798357,0,1,2,0,7,14,2.70805020110221,1,2,4,0,4,24,3.2188758248682006,1,0,4,3,4,1,1,5231.0
14,2.70805020110221,1,2,4,0,4,14,2.70805020110221,1,2,4,0,4,31,3.4657359027997265,0,1,1,3,1,1,1,12917.0
10,2.3978952727983707,1,1,0,3,0,7,2.0794415416798357,0,1,2,0,7,20,3.044522437723423,1,2,0,6,0,1,1,31.0
11,2.4849066497880004,0,2,1,4,1,21,3.091042453358316,0,0,1,0,1,36,3.6109179126442243,1,0,1,1,6,1,0,17807.0
18,2.9444389791664403,1,0,3,4,8,26,3.295836866004329,1,2,1,5,6,48,3.8918202981106265,1,0,3,6,8,2,0,1303.0
19,2.995732273553991,0,1,4,5,9,4,1.6094379124341003,1,1,4,4,4,24,3.2188758248682006,1,0,4,3,4,1,1,3863.0
18,2.9444389791664403,1,0,3,4,8,9,2.302585092994046,0,0,4,2,9,33,3.5263605246161616,0,0,3,5,3,3,1,1273.0
9,2.302585092994046,0,0,4,2,9,13,2.6390573296152584,0,1,3,6,3,26,3.295836866004329,1,2,1,5,6,1,1,6679.0
12,2.5649493574615367,1,0,2,5,2,6,1.9459101490553132,1,0,1,6,6,24,3.2188758248682006,1,0,4,3,4,6,3,9.0
15,2.772588722239781,0,0,0,1,5,21,3.091042453358316,0,0,1,0,1,38,3.6635616461296463,1,2,3,3,8,1,0,25159.0
20,3.044522437723423,1,2,0,6,0,6,1.9459101490553132,1,0,1,6,6,34,3.5553480614894135,1,1,4,6,4,2,0,743.0
19,2.995732273553991,0,1,4,5,9,9,2.302585092994046,0,0,4,2,9,49,3.912023005428146,0,1,4,0,9,1,0,3133.0
17,2.8903717578961645,0,2,2,3,7,7,2.0794415416798357,0,1,2,0,7,29,3.4011973816621555,0,2,4,1,9,1,0,3727.0
5,1.791759469228055,0,2,0,5,5,4,1.6094379124341003,1,1,4,4,4,21,3.091042453358316,0,0,1,0,1,1,0,157.0
6,1.9459101490553132,1,0,1,6,6,2,1.0986122886681098,1,2,2,2,2,9,2.302585092994046,0,0,4,2,9,1,1,29.0
15,2.772588722239781,0,0,0,1,5,11,2.4849066497880004,0,2,1,4,1,42,3.7612001156935624,1,0,2,0,2,1,0,1711.0
2,1.0986122886681098,1,2,2,2,2,4,1.6094379124341003,1,1,4,4,4,18,2.9444389791664403,1,0,3,4,8,2,2,19.0
9,2.302585092994046,0,0,4,2,9,14,2.70805020110221,1,2,4,0,4,29,3.4011973816621555,0,2,4,1,9,1,0,2017.0
17,2.8903717578961645,0,2,2,3,7,2,1.0986122886681098,1,2,2,2,2,43,3.784189633918261,0,1,3,1,3,1,0,1121.0
9,2.302585092994046,0,0,4,2,9,8,2.1972245773362196,1,2,3,1,8,23,3.1780538303479458,0,2,3,2,3,1,0,235.0
12,2.5649493574615367,1,0,2,5,2,4,1.6094379124341003,1,1,4,4,4,18,2.9444389791664403,1,0,3,4,8,2,1,53.0
6,1.9459101490553132,1,0,1,6,6,5,1.791759469228055,0,2,0,5,5,14,2.70805020110221,1,2,4,0,4,1,0,25.0
9,2.302585092994046,0,0,4,2,9,4,1.6094379124341003,1,1,4,4,4,14,2.70805020110221,1,2,4,0,4,1,0,1123.0
6,1.9459101490553132,1,0,1,6,6,8,2.1972245773362196,1,2,3,1,8,36,3.6109179126442243,1,0,1,1,6,2,1,131.0
9,2.302585092994046,0,0,4,2,9,9,2.302585092994046,0,0,4,2,9,35,3.58351893845611,0,2,0,0,5,1,1,3407.0
16,2.833213344056216,1,1,1,2,6,24,3.2188758248682006,1,0,4,3,4,43,3.784189633918261,0,1,3,1,3,1,0,11539.0
19,2.995732273553991,0,1,4,5,9,17,2.8903717578961645,0,2,2,3,7,49,3.912023005428146,0,1,4,0,9,1,0,991.0
4,1.6094379124341003,1,1,4,4,4,4,1.6094379124341003,1,1,4,4,4,28,3.367295829986474,1,1,3,0,8,4,3,13.0
8,2.1972245773362196,1,2,3,1,8,8,2.1972245773362196,1,2,3,1,8,29,3.4011973816621555,0,2,4,1,9,1,1,4489.0
13,2.6390573296152584,0,1,3,6,3,17,2.8903717578961645,0,2,2,3,7,31,3.4657359027997265,0,1,1,3,1,1,0,7247.0
16,2.833213344056216,1,1,1,2,6,2,1.0986122886681098,1,2,2,2,2,35,3.58351893845611,0,2,0,0,5,1,1,3209.0
4,1.6094379124341003,1,1,4,4,4,10,2.3978952727983707,1,1,0,3,0,21,3.091042453358316,0,0,1,0,1,1,0,421.0
9,2.302585092994046,0,0,4,2,9,2,1.0986122886681098,1,2,2,2,2,30,3.4339872044851463,1,0,0,2,0,1,1,211.0
5,1.791759469228055,0,2,0,5,5,7,2.0794415416798357,0,1,2,0,7,14,2.70805020110221,1,2,4,0,4,1,1,1151.0
13,2.6390573296152584,0,1,3,6,3,7,2.0794415416798357,0,1,2,0,7,43,3.784189633918261,0,1,3,1,3,1,0,679.0
9,2.302585092994046,0,0,4,2,9,24,3.2188758248682006,1,0,4,3,4,36,3.6109179126442243,1,0,1,1,6,3,1,69.0
17,2.8903717578961645,0,2,2,3,7,4,1.6094379124341003,1,1,4,4,4,23,3.1780538303479458,0,2,3,2,3,1,0,421.0
11,2.4849066497880004,0,2,1,4,1,11,2.4849066497880004,0,2,1,4,1,26,3.295836866004329,1,2,1,5,6,1,1,6847.0
14,2.70805020110221,1,2,4,0,4,1,0.6931471805599453,0,1,1,1,1,17,2.8903717578961645,0,2,2,3,7,1,2,569.0
7,2.0794415416798357,0,1,2,0,7,14,2.70805020110221,1,2,4,0,4,30,3.4339872044851463,1,0,0,2,0,1,1,6731.0
2,1.0986122886681098,1,2,2,2,2,3,1.3862943611198906,0,0,3,3,3,27,3.332204510175204,0,0,2,6,7,1,1,1049.0
20,3.044522437723423,1,2,0,6,0,1,0.6931471805599453,0,1,1,1,1,34,3.5553480614894135,1,1,4,6,4,1,2,529.0
2,1.0986122886681098,1,2,2,2,2,7,2.0794415416798357,0,1,2,0,7,25,3.258096538021482,0,1,0,4,5,1,0,1321.0
9,2.302585092994046,0,0,4,2,9,5,1.791759469228055,0,2,0,5,5,23,3.1780538303479458,0,2,3,2,3,1,0,1259.0
18,2.9444389791664403,1,0,3,4,8,27,3.332204510175204,0,0,2,6,7,48,3.8918202981106265,1,0,3,6,8,3,0,1351.0
3,1.3862943611198906,0,0,3,3,3,7,2.0794415416798357,0,1,2,0,7,31,3.4657359027997265,0,1,1,3,1,1,0,161.0
10,2.3978952727983707,1,1,0,3,0,4,1.6094379124341003,1,1,4,4,4,26,3.295836866004329,1,2,1,5,6,2,0,83.0
13,2.6390573296152584,0,1,3,6,3,15,2.772588722239781,0,0,0,1,5,35,3.58351893845611,0,2,0,0,5,1,0,2451.0
10,2.3978952727983707,1,1,0,3,0,2,1.0986122886681098,1,2,2,2,2,17,2.8903717578961645,0,2,2,3,7,1,1,869.0
2,1.0986122886681098,1,2,2,2,2,2,1.0986122886681098,1,2,2,2,2,22,3.1354942159291497,1,1,2,1,2,2,3,41.0
17,2.8903717578961645,0,2,2,3,7,4,1.6094379124341003,1,1,4,4,4,25,3.258096538021482,0,1,0,4,5,1,0,467.0
11,2.4849066497880004,0,2,1,4,1,14,2.70805020110221,1,2,4,0,4,28,3.367295829986474,1,1,3,0,8,1,1,9287.0
12,2.5649493574615367,1,0,2,5,2,10,2.3978952727983707,1,1,0,3,0,30,3.4339872044851463,1,0,0,2,0,2,1,221.0
17,2.8903717578961645,0,2,2,3,7,3,1.3862943611198906,0,0,3,3,3,23,3.1780538303479458,0,2,3,2,3,1,0,431.0
10,2.3978952727983707,1,1,0,3,0,13,2.6390573296152584,0,1,3,6,3,28,3.367295829986474,1,1,3,0,8,1,0,1991.0
19,2.995732273553991,0,1,4,5,9,10,2.3978952727983707,1,1,0,3,0,39,3.6888794541139363,0,0,4,4,9,1,0,799.0
13,2.6390573296152584,0,1,3,6,3,10,2.3978952727983707,1,1,0,3,0,42,3.7612001156935624,1,0,2,0,2,1,0,2503.0
9,2.302585092994046,0,0,4,2,9,11,2.4849066497880004,0,2,1,4,1,27,3.332204510175204,0,0,2,6,7,1,1,37.0
9,2.302585092994046,0,0,4,2,9,20,3.044522437723423,1,2,0,6,0,37,3.6375861597263857,0,1,2,2,7,1,0,1826.0
13,2.6390573296152584,0,1,3,6,3,10,2.3978952727983707,1,1,0,3,0,35,3.58351893845611,0,2,0,0,5,1,0,2539.0
19,2.995732273553991,0,1,4,5,9,3,1.3862943611198906,0,0,3,3,3,25,3.258096538021482,0,1,0,4,5,1,0,519.0
6,1.9459101490553132,1,0,1,6,6,6,1.9459101490553132,1,0,1,6,6,32,3.4965075614664802,1,2,2,4,2,2,1,823.0
19,2.995732273553991,0,1,4,5,9,8,2.1972245773362196,1,2,3,1,8,37,3.6375861597263857,0,1,2,2,7,1,0,766.0
18,2.9444389791664403,1,0,3,4,8,4,1.6094379124341003,1,1,4,4,4,23,3.1780538303479458,0,2,3,2,3,1,0,3517.0
13,2.6390573296152584,0,1,3,6,3,5,1.791759469228055,0,2,0,5,5,42,3.7612001156935624,1,0,2,0,2,1,0,1411.0
18,2.9444389791664403,1,0,3,4,8,1,0.6931471805599453,0,1,1,1,1,25,3.258096538021482,0,1,0,4,5,1,2,1201.0
12,2.5649493574615367,1,0,2,5,2,21,3.091042453358316,0,0,1,0,1,42,3.7612001156935624,1,0,2,0,2,3,1,211.0
12,2.5649493574615367,1,0,2,5,2,10,2.3978952727983707,1,1,0,3,0,25,3.258096538021482,0,1,0,4,5,1,0,6481.0
4,1.6094379124341003,1,1,4,4,4,1,0.6931471805599453,0,1,1,1,1,16,2.833213344056216,1,1,1,2,6,1,3,23.0
15,2.772588722239781,0,0,0,1,5,4,1.6094379124341003,1,1,4,4,4,43,3.784189633918261,0,1,3,1,3,1,0,848.0
16,2.833213344056216,1,1,1,2,6,25,3.258096538021482,0,1,0,4,5,42,3.7612001156935624,1,0,2,0,2,1,0,8777.0
18,2.9444389791664403,1,0,3,4,8,3,1.3862943611198906,0,0,3,3,3,28,3.367295829986474,1,1,3,0,8,1,1,871.0
9,2.302585092994046,0,0,4,2,9,6,1.9459101490553132,1,0,1,6,6,39,3.6888794541139363,0,0,4,4,9,3,0,157.0
4,1.6094379124341003,1,1,4,4,4,16,2.833213344056216,1,1,1,2,6,26,3.295836866004329,1,2,1,5,6,2,1,997.0
11,2.4849066497880004,0,2,1,4,1,17,2.8903717578961645,0,2,2,3,7,32,3.4965075614664802,1,2,2,4,2,1,0,12871.0
19,2.995732273553991,0,1,4,5,9,2,1.0986122886681098,1,2,2,2,2,25,3.258096538021482,0,1,0,4,5,1,0,541.0
14,2.70805020110221,1,2,4,0,4,2,1.0986122886681098,1,2,2,2,2,21,3.091042453358316,0,0,1,0,1,1,1,29.0
16,2.833213344056216,1,1,1,2,6,5,1.791759469228055,0,2,0,5,5,27,3.332204510175204,0,0,2,6,7,1,0,4793.0
12,2.5649493574615367,1,0,2,5,2,2,1.0986122886681098,1,2,2,2,2,30,3.4339872044851463,1,0,0,2,0,2,2,61.0
15,2.772588722239781,0,0,0,1,5,5,1.791759469228055,0,2,0,5,5,35,3.58351893845611,0,2,0,0,5,5,2,25.0
14,2.70805020110221,1,2,4,0,4,4,1.6094379124341003,1,1,4,4,4,31,3.4657359027997265,0,1,1,3,1,1,0,4237.0
17,2.8903717578961645,0,2,2,3,7,16,2.833213344056216,1,1,1,2,6,34,3.5553480614894135,1,1,4,6,4,1,1,67.0
6,1.9459101490553132,1,0,1,6,6,7,2.0794415416798357,0,1,2,0,7,20,3.044522437723423,1,2,0,6,0,1,0,73.0
5,1.791759469228055,0,2,0,5,5,1,0.6931471805599453,0,1,1,1,1,21,3.091042453358316,0,0,1,0,1,1,2,313.0
5,1.791759469228055,0,2,0,5,5,12,2.5649493574615367,1,0,2,5,2,20,3.044522437723423,1,2,0,6,0,1,1,37.0
17,2.8903717578961645,0,2,2,3,7,18,2.9444389791664403,1,0,3,4,8,44,3.8066624897703196,1,2,4,2,4,1,0,3175.0
2,1.0986122886681098,1,2,2,2,2,26,3.295836866004329,1,2,1,5,6,31,3.4657359027997265,0,1,1,3,1,1,1,4181.0
8,2.1972245773362196,1,2,3,1,8,3,1.3862943611198906,0,0,3,3,3,15,2.772588722239781,0,0,0,1,5,1,1,881.0
3,1.3862943611198906,0,0,3,3,3,7,2.0794415416798357,0,1,2,0,7,17,2.8903717578961645,0,2,2,3,7,1,0,71.0
16,2.833213344056216,1,1,1,2,6,20,3.044522437723423,1,2,0,6,0,45,3.828641396489095,0,0,0,3,5,1,0,30569.0
11,2.4849066497880004,0,2,1,4,1,1,0.6931471805599453,0,1,1,1,1,29,3.4011973816621555,0,2,4,1,9,1,2,679.0
11,2.4849066497880004,0,2,1,4,1,23,3.1780538303479458,0,2,3,2,3,40,3.713572066704308,1,1,0,5,0,1,0,21719.0
11,2.4849066497880004,0,2,1,4,1,9,2.302585092994046,0,0,4,2,9,39,3.6888794541139363,0,0,4,4,9,1,0,4561.0
3,1.3862943611198906,0,0,3,3,3,9,2.302585092994046,0,0,4,2,9,31,3.4657359027997265,0,1,1,3,1,1,1,1313.0
19,2.995732273553991,0,1,4,5,9,24,3.2188758248682006,1,0,4,3,4,47,3.871201010907891,0,2,2,5,7,1,0,1863.0
20,3.044522437723423,1,2,0,6,0,5,1.791759469228055,0,2,0,5,5,43,3.784189633918261,0,1,3,1,3,1,1,10049.0
9,2.302585092994046,0,0,4,2,9,8,2.1972245773362196,1,2,3,1,8,20,3.044522437723423,1,2,0,6,0,1,0,3199.0
7,2.0794415416798357,0,1,2,0,7,8,2.1972245773362196,1,2,3,1,8,17,2.8903717578961645,0,2,2,3,7,1,0,134.0
12,2.5649493574615367,1,0,2,5,2,6,1.9459101490553132,1,0,1,6,6,35,3.58351893845611,0,2,0,0,5,1,1,6121.0
5,1.791759469228055,0,2,0,5,5,4,1.6094379124341003,1,1,4,4,4,18,2.9444389791664403,1,0,3,4,8,1,0,1019.0
13,2.6390573296152584,0,1,3,6,3,2,1.0986122886681098,1,2,2,2,2,26,3.295836866004329,1,2,1,5,6,1,2,11.0
4,1.6094379124341003,1,1,4,4,4,18,2.9444389791664403,1,0,3,4,8,23,3.1780538303479458,0,2,3,2,3,1,0,425.0
15,2.772588722239781,0,0,0,1,5,7,2.0794415416798357,0,1,2,0,7,36,3.6109179126442243,1,0,1,1,6,1,0,137.0
7,2.0794415416798357,0,1,2,0,7,16,2.833213344056216,1,1,1,2,6,36,3.6109179126442243,1,0,1,1,6,1,0,9311.0
16,2.833213344056216,1,1,1,2,6,1,0.6931471805599453,0,1,1,1,1,34,3.5553480614894135,1,1,4,6,4,1,2,497.0
8,2.1972245773362196,1,2,3,1,8,20,3.044522437723423,1,2,0,6,0,33,3.5263605246161616,0,0,3,5,3,1,0,2317.0
7,2.0794415416798357,0,1,2,0,7,4,1.6094379124341003,1,1,4,4,4,37,3.6375861597263857,0,1,2,2,7,1,0,424.0
12,2.5649493574615367,1,0,2,5,2,5,1.791759469228055,0,2,0,5,5,21,3.091042453358316,0,0,1,0,1,1,0,313.0
10,2.3978952727983707,1,1,0,3,0,1,0.6931471805599453,0,1,1,1,1,17,2.8903717578961645,0,2,2,3,7,1,2,529.0
15,2.772588722239781,0,0,0,1,5,16,2.833213344056216,1,1,1,2,6,37,3.6375861597263857,0,1,2,2,7,1,0,2363.0
17,2.8903717578961645,0,2,2,3,7,20,3.044522437723423,1,2,0,6,0,45,3.828641396489095,0,0,0,3,5,1,0,4042.0
9,2.302585092994046,0,0,4,2,9,17,2.8903717578961645,0,2,2,3,7,36,3.6109179126442243,1,0,1,1,6,1,1,151.0
3,1.3862943611198906,0,0,3,3,3,18,2.9444389791664403,1,0,3,4,8,32,3.4965075614664802,1,2,2,4,2,1,1,4471.0
16,2.833213344056216,1,1,1,2,6,8,2.1972245773362196,1,2,3,1,8,34,3.5553480614894135,1,1,4,6,4,2,1,2401.0
20,3.044522437723423,1,2,0,6,0,3,1.3862943611198906,0,0,3,3,3,32,3.4965075614664802,1,2,2,4,2,1,0,93.0
11,2.4849066497880004,0,2,1,4,1,5,1.791759469228055,0,2,0,5,5,38,3.6635616461296463,1,2,3,3,8,1,0,5503.0
13,2.6390573296152584,0,1,3,6,3,1,0.6931471805599453,0,1,1,1,1,21,3.091042453358316,0,0,1,0,1,1,2,409.0
9,2.302585092994046,0,0,4,2,9,11,2.4849066497880004,0,2,1,4,1,26,3.295836866004329,1,2,1,5,6,1,0,5743.0
10,2.3978952727983707,1,1,0,3,0,7,2.0794415416798357,0,1,2,0,7,21,3.091042453358316,0,0,1,0,1,1,1,3281.0
11,2.4849066497880004,0,2,1,4,1,1,0.6931471805599453,0,1,1,1,1,25,3.258096538021482,0,1,0,4,5,1,2,527.0
15,2.772588722239781,0,0,0,1,5,21,3.091042453358316,0,0,1,0,1,45,3.828641396489095,0,0,0,3,5,3,1,67.0
7,2.0794415416798357,0,1,2,0,7,5,1.791759469228055,0,2,0,5,5,19,2.995732273553991,0,1,4,5,9,1,0,821.0
2,1.0986122886681098,1,2,2,2,2,22,3.1354942159291497,1,1,2,1,2,32,3.4965075614664802,1,2,2,4,2,2,2,959.0
18,2.9444389791664403,1,0,3,4,8,8,2.1972245773362196,1,2,3,1,8,46,3.8501476017100584,1,1,1,4,6,2,0,235.0
15,2.772588722239781,0,0,0,1,5,2,1.0986122886681098,1,2,2,2,2,34,3.5553480614894135,1,1,4,6,4,1,1,2971.0
8,2.1972245773362196,1,2,3,1,8,7,2.0794415416798357,0,1,2,0,7,34,3.5553480614894135,1,1,4,6,4,1,0,175.0
5,1.791759469228055,0,2,0,5,5,10,2.3978952727983707,1,1,0,3,0,18,2.9444389791664403,1,0,3,4,8,1,1,2099.0
19,2.995732273553991,0,1,4,5,9,9,2.302585092994046,0,0,4,2,9,46,3.8501476017100584,1,1,1,4,6,1,0,1943.0
3,1.3862943611198906,0,0,3,3,3,2,1.0986122886681098,1,2,2,2,2,20,3.044522437723423,1,2,0,6,0,1,1,631.0
10,2.3978952727983707,1,1,0,3,0,21,3.091042453358316,0,0,1,0,1,32,3.4965075614664802,1,2,2,4,2,1,0,171.0
16,2.833213344056216,1,1,1,2,6,21,3.091042453358316,0,0,1,0,1,40,3.713572066704308,1,1,0,5,0,1,0,21.0
12,2.5649493574615367,1,0,2,5,2,2,1.0986122886681098,1,2,2,2,2,31,3.4657359027997265,0,1,1,3,1,1,1,2305.0
13,2.6390573296152584,0,1,3,6,3,19,2.995732273553991,0,1,4,5,9,37,3.6375861597263857,0,1,2,2,7,1,0,9739.0
9,2.302585092994046,0,0,4,2,9,3,1.3862943611198906,0,0,3,3,3,16,2.833213344056216,1,1,1,2,6,1,1,1039.0
10,2.3978952727983707,1,1,0,3,0,12,2.5649493574615367,1,0,2,5,2,25,3.258096538021482,0,1,0,4,5,1,0,87.0
7,2.0794415416798357,0,1,2,0,7,3,1.3862943611198906,0,0,3,3,3,11,2.4849066497880004,0,2,1,4,1,1,0,89.0
6,1.9459101490553132,1,0,1,6,6,15,2.772588722239781,0,0,0,1,5,36,3.6109179126442243,1,0,1,1,6,3,1,43.0
16,2.833213344056216,1,1,1,2,6,6,1.9459101490553132,1,0,1,6,6,28,3.367295829986474,1,1,3,0,8,2,0,123.0
14,2.70805020110221,1,2,4,0,4,9,2.302585092994046,0,0,4,2,9,43,3.784189633918261,0,1,3,1,3,1,0,4163.0
14,2.70805020110221,1,2,4,0,4,13,2.6390573296152584,0,1,3,6,3,38,3.6635616461296463,1,2,3,3,8,1,0,145.0
11,2.4849066497880004,0,2,1,4,1,6,1.9459101490553132,1,0,1,6,6,40,3.713572066704308,1,1,0,5,0,1,0,2253.0
9,2.302585092994046,0,0,4,2,9,2,1.0986122886681098,1,2,2,2,2,17,2.8903717578961645,0,2,2,3,7,1,0,205.0
6,1.9459101490553132,1,0,1,6,6,8,2.1972245773362196,1,2,3,1,8,31,3.4657359027997265,0,1,1,3,1,1,0,3901.0
3,1.3862943611198906,0,0,3,3,3,7,2.0794415416798357,0,1,2,0,7,21,3.091042453358316,0,0,1,0,1,1,2,73.0
18,2.9444389791664403,1,0,3,4,8,21,3.091042453358316,0,0,1,0,1,46,3.8501476017100584,1,1,1,4,6,1,0,653.0
9,2.302585092994046,0,0,4,2,9,1,0.6931471805599453,0,1,1,1,1,20,3.044522437723423,1,2,0,6,0,1,2,679.0
9,2.302585092994046,0,0,4,2,9,18,2.9444389791664403,1,0,3,4,8,30,3.4339872044851463,1,0,0,2,0,3,1,1171.0
3,1.3862943611198906,0,0,3,3,3,17,2.8903717578961645,0,2,2,3,7,30,3.4339872044851463,1,0,0,2,0,1,1,439.0
18,2.9444389791664403,1,0,3,4,8,11,2.4849066497880004,0,2,1,4,1,34,3.5553480614894135,1,1,4,6,4,1,0,1787.0
16,2.833213344056216,1,1,1,2,6,11,2.4849066497880004,0,2,1,4,1,46,3.8501476017100584,1,1,1,4,6,1,0,4513.0
16,2.833213344056216,1,1,1,2,6,9,2.302585092994046,0,0,4,2,9,45,3.828641396489095,0,0,0,3,5,1,1,14729.0
16,2.833213344056216,1,1,1,2,6,7,2.0794415416798357,0,1,2,0,7,38,3.6635616461296463,1,2,3,3,8,1,0,2425.0
13,2.6390573296152584,0,1,3,6,3,5,1.791759469228055,0,2,0,5,5,28,3.367295829986474,1,1,3,0,8,1,0,851.0
17,2.8903717578961645,0,2,2,3,7,10,2.3978952727983707,1,1,0,3,0,34,3.5553480614894135,1,1,4,6,4,1,1,43.0
16,2.833213344056216,1,1,1,2,6,11,2.4849066497880004,0,2,1,4,1,32,3.4965075614664802,1,2,2,4,2,1,1,47.0
6,1.9459101490553132,1,0,1,6,6,16,2.833213344056216,1,1,1,2,6,24,3.2188758248682006,1,0,4,3,4,2,1,143.0
12,2.5649493574615367,1,0,2,5,2,11,2.4849066497880004,0,2,1,4,1,37,3.6375861597263857,0,1,2,2,7,1,0,10993.0
14,2.70805020110221,1,2,4,0,4,9,2.302585092994046,0,0,4,2,9,36,3.6109179126442243,1,0,1,1,6,1,1,2543.0
8,2.1972245773362196,1,2,3,1,8,2,1.0986122886681098,1,2,2,2,2,19,2.995732273553991,0,1,4,5,9,1,1,905.0
7,2.0794415416798357,0,1,2,0,7,10,2.3978952727983707,1,1,0,3,0,35,3.58351893845611,0,2,0,0,5,1,1,31.0
10,2.3978952727983707,1,1,0,3,0,1,0.6931471805599453,0,1,1,1,1,32,3.4965075614664802,1,2,2,4,2,1,2,391.0
8,2.1972245773362196,1,2,3,1,8,3,1.3862943611198906,0,0,3,3,3,36,3.6109179126442243,1,0,1,1,6,1,1,185.0
18,2.9444389791664403,1,0,3,4,8,12,2.5649493574615367,1,0,2,5,2,37,3.6375861597263857,0,1,2,2,7,1,0,17029.0
5,1.791759469228055,0,2,0,5,5,17,2.8903717578961645,0,2,2,3,7,28,3.367295829986474,1,1,3,0,8,1,0,5519.0
2,1.0986122886681098,1,2,2,2,2,8,2.1972245773362196,1,2,3,1,8,12,2.5649493574615367,1,0,2,5,2,2,2,131.0
17,2.8903717578961645,0,2,2,3,7,10,2.3978952727983707,1,1,0,3,0,43,3.784189633918261,0,1,3,1,3,1,0,809.0
15,2.772588722239781,0,0,0,1,5,3,1.3862943611198906,0,0,3,3,3,34,3.5553480614894135,1,1,4,6,4,1,1,3991.0
2,1.0986122886681098,1,2,2,2,2,11,2.4849066497880004,0,2,1,4,1,23,3.1780538303479458,0,2,3,2,3,1,0,1537.0
6,1.9459101490553132,1,0,1,6,6,6,1.9459101490553132,1,0,1,6,6,27,3.332204510175204,0,0,2,6,7,3,1,293.0
2,1.0986122886681098,1,2,2,2,2,3,1.3862943611198906,0,0,3,3,3,13,2.6390573296152584,0,1,3,6,3,1,0,107.0
15,2.772588722239781,0,0,0,1,5,5,1.791759469228055,0,2,0,5,5,45,3.828641396489095,0,0,0,3,5,5,3,19.0
4,1.6094379124341003,1,1,4,4,4,4,1.6094379124341003,1,1,4,4,4,22,3.1354942159291497,1,1,2,1,2,2,1,293.0
8,2.1972245773362196,1,2,3,1,8,1,0.6931471805599453,0,1,1,1,1,33,3.5263605246161616,0,0,3,5,3,1,2,1553.0
18,2.9444389791664403,1,0,3,4,8,7,2.0794415416798357,0,1,2,0,7,27,3.332204510175204,0,0,2,6,7,1,0,89.0
3,1.3862943611198906,0,0,3,3,3,22,3.1354942159291497,1,1,2,1,2,32,3.4965075614664802,1,2,2,4,2,1,0,5239.0
20,3.044522437723423,1,2,0,6,0,3,1.3862943611198906,0,0,3,3,3,28,3.367295829986474,1,1,3,0,8,1,0,39.0
20,3.044522437723423,1,2,0,6,0,13,2.6390573296152584,0,1,3,6,3,35,3.58351893845611,0,2,0,0,5,1,0,761.0
3,1.3862943611198906,0,0,3,3,3,6,1.9459101490553132,1,0,1,6,6,27,3.332204510175204,0,0,2,6,7,3,2,47.0
8,2.1972245773362196,1,2,3,1,8,11,2.4849066497880004,0,2,1,4,1,24,3.2188758248682006,1,0,4,3,4,1,1,37.0
9,2.302585092994046,0,0,4,2,9,3,1.3862943611198906,0,0,3,3,3,35,3.58351893845611,0,2,0,0,5,1,1,1517.0
3,1.3862943611198906,0,0,3,3,3,18,2.9444389791664403,1,0,3,4,8,26,3.295836866004329,1,2,1,5,6,1,1,3475.0
7,2.0794415416798357,0,1,2,0,7,3,1.3862943611198906,0,0,3,3,3,34,3.5553480614894135,1,1,4,6,4,1,0,845.0
12,2.5649493574615367,1,0,2,5,2,2,1.0986122886681098,1,2,2,2,2,18,2.9444389791664403,1,0,3,4,8,2,2,29.0
13,2.6390573296152584,0,1,3,6,3,8,2.1972245773362196,1,2,3,1,8,28,3.367295829986474,1,1,3,0,8,1,0,6439.0
2,1.0986122886681098,1,2,2,2,2,8,2.1972245773362196,1,2,3,1,8,16,2.833213344056216,1,1,1,2,6,2,3,191.0
18,2.9444389791664403,1,0,3,4,8,2,1.0986122886681098,1,2,2,2,2,40,3.713572066704308,1,1,0,5,0,2,2,1039.0
13,2.6390573296152584,0,1,3,6,3,5,1.791759469228055,0,2,0,5,5,29,3.4011973816621555,0,2,4,1,9,1,0,2221.0
18,2.9444389791664403,1,0,3,4,8,10,2.3978952727983707,1,1,0,3,0,48,3.8918202981106265,1,0,3,6,8,2,0,107.0
17,2.8903717578961645,0,2,2,3,7,24,3.2188758248682006,1,0,4,3,4,44,3.8066624897703196,1,2,4,2,4,1,0,12517.0
3,1.3862943611198906,0,0,3,3,3,8,2.1972245773362196,1,2,3,1,8,15,2.772588722239781,0,0,0,1,5,1,1,13.0
4,1.6094379124341003,1,1,4,4,4,10,2.3978952727983707,1,1,0,3,0,15,2.772588722239781,0,0,0,1,5,1,0,1409.0
15,2.772588722239781,0,0,0,1,5,8,2.1972245773362196,1,2,3,1,8,36,3.6109179126442243,1,0,1,1,6,1,0,1079.0
13,2.6390573296152584,0,1,3,6,3,1,0.6931471805599453,0,1,1,1,1,27,3.332204510175204,0,0,2,6,7,1,2,631.0
12,2.5649493574615367,1,0,2,5,2,2,1.0986122886681098,1,2,2,2,2,19,2.995732273553991,0,1,4,5,9,1,1,1129.0
20,3.044522437723423,1,2,0,6,0,1,0.6931471805599453,0,1,1,1,1,33,3.5263605246161616,0,0,3,5,3,1,2,2009.0
8,2.1972245773362196,1,2,3,1,8,9,2.302585092994046,0,0,4,2,9,30,3.4339872044851463,1,0,0,2,0,1,0,1289.0
5,1.791759469228055,0,2,0,5,5,6,1.9459101490553132,1,0,1,6,6,13,2.6390573296152584,0,1,3,6,3,1,0,77.0
15,2.772588722239781,0,0,0,1,5,6,1.9459101490553132,1,0,1,6,6,25,3.258096538021482,0,1,0,4,5,1,0,49.0
10,2.3978952727983707,1,1,0,3,0,11,2.4849066497880004,0,2,1,4,1,31,3.4657359027997265,0,1,1,3,1,1,0,7681.0
8,2.1972245773362196,1,2,3,1,8,6,1.9459101490553132,1,0,1,6,6,27,3.332204510175204,0,0,2,6,7,1,0,3257.0
6,1.9459101490553132,1,0,1,6,6,1,0.6931471805599453,0,1,1,1,1,20,3.044522437723423,1,2,0,6,0,1,2,151.0
6,1.9459101490553132,1,0,1,6,6,2,1.0986122886681098,1,2,2,2,2,27,3.332204510175204,0,0,2,6,7,1,1,149.0
10,2.3978952727983707,1,1,0,3,0,1,0.6931471805599453,0,1,1,1,1,16,2.833213344056216,1,1,1,2,6,1,2,119.0
7,2.0794415416798357,0,1,2,0,7,22,3.1354942159291497,1,1,2,1,2,31,3.4657359027997265,0,1,1,3,1,1,0,2615.0
5,1.791759469228055,0,2,0,5,5,14,2.70805020110221,1,2,4,0,4,27,3.332204510175204,0,0,2,6,7,1,0,1121.0
13,2.6390573296152584,0,1,3,6,3,1,0.6931471805599453,0,1,1,1,1,25,3.258096538021482,0,1,0,4,5,1,2,553.0
5,1.791759469228055,0,2,0,5,5,23,3.1780538303479458,0,2,3,2,3,34,3.5553480614894135,1,1,4,6,4,1,0,8951.0
10,2.3978952727983707,1,1,0,3,0,5,1.791759469228055,0,2,0,5,5,18,2.9444389791664403,1,0,3,4,8,1,1,253.0
6,1.9459101490553132,1,0,1,6,6,9,2.302585092994046,0,0,4,2,9,19,2.995732273553991,0,1,4,5,9,1,0,2377.0
5,1.791759469228055,0,2,0,5,5,7,2.0794415416798357,0,1,2,0,7,20,3.044522437723423,1,2,0,6,0,1,1,71.0
17,2.8903717578961645,0,2,2,3,7,18,2.9444389791664403,1,0,3,4,8,39,3.6888794541139363,0,0,4,4,9,1,0,6275.0
6,1.9459101490553132,1,0,1,6,6,16,2.833213344056216,1,1,1,2,6,36,3.6109179126442243,1,0,1,1,6,2,1,227.0
2,1.0986122886681098,1,2,2,2,2,1,0.6931471805599453,0,1,1,1,1,13,2.6390573296152584,0,1,3,6,3,1,2,217.0
14,2.70805020110221,1,2,4,0,4,4,1.6094379124341003,1,1,4,4,4,23,3.1780538303479458,0,2,3,2,3,1,0,2909.0
5,1.791759469228055,0,2,0,5,5,16,2.833213344056216,1,1,1,2,6,33,3.5263605246161616,0,0,3,5,3,1,0,793.0
7,2.0794415416798357,0,1,2,0,7,7,2.0794415416798357,0,1,2,0,7,22,3.1354942159291497,1,1,2,1,2,1,1,2591.0
4,1.6094379124341003,1,1,4,4,4,24,3.2188758248682006,1,0,4,3,4,33,3.5263605246161616,0,0,3,5,3,1,1,7409.0
8,2.1972245773362196,1,2,3,1,8,1,0.6931471805599453,0,1,1,1,1,26,3.295836866004329,1,2,1,5,6,1,2,257.0
17,2.8903717578961645,0,2,2,3,7,17,2.8903717578961645,0,2,2,3,7,38,3.6635616461296463,1,2,3,3,8,1,1,23119.0
20,3.044522437723423,1,2,0,6,0,20,3.044522437723423,1,2,0,6,0,43,3.784189633918261,0,1,3,1,3,1,1,35849.0
5,1.791759469228055,0,2,0,5,5,21,3.091042453358316,0,0,1,0,1,33,3.5263605246161616,0,0,3,5,3,1,0,571.0
18,2.9444389791664403,1,0,3,4,8,5,1.791759469228055,0,2,0,5,5,28,3.367295829986474,1,1,3,0,8,1,0,275.0
16,2.833213344056216,1,1,1,2,6,12,2.5649493574615367,1,0,2,5,2,41,3.7376696182833684,0,2,1,6,1,1,0,5723.0
20,3.044522437723423,1,2,0,6,0,5,1.791759469228055,0,2,0,5,5,39,3.6888794541139363,0,0,4,4,9,1,1,8921.0
13,2.6390573296152584,0,1,3,6,3,9,2.302585092994046,0,0,4,2,9,28,3.367295829986474,1,1,3,0,8,1,0,2389.0
2,1.0986122886681098,1,2,2,2,2,11,2.4849066497880004,0,2,1,4,1,25,3.258096538021482,0,1,0,4,5,1,0,1721.0
12,2.5649493574615367,1,0,2,5,2,2,1.0986122886681098,1,2,2,2,2,24,3.2188758248682006,1,0,4,3,4,2,3,11.0
12,2.5649493574615367,1,0,2,5,2,8,2.1972245773362196,1,2,3,1,8,25,3.258096538021482,0,1,0,4,5,1,0,5281.0
8,2.1972245773362196,1,2,3,1,8,17,2.8903717578961645,0,2,2,3,7,38,3.6635616461296463,1,2,3,3,8,1,0,2929.0
14,2.70805020110221,1,2,4,0,4,15,2.772588722239781,0,0,0,1,5,44,3.8066624897703196,1,2,4,2,4,1,0,337.0
20,3.044522437723423,1,2,0,6,0,6,1.9459101490553132,1,0,1,6,6,32,3.4965075614664802,1,2,2,4,2,2,0,173.0
18,2.9444389791664403,1,0,3,4,8,1,0.6931471805599453,0,1,1,1,1,23,3.1780538303479458,0,2,3,2,3,1,2,1033.0
16,2.833213344056216,1,1,1,2,6,7,2.0794415416798357,0,1,2,0,7,45,3.828641396489095,0,0,0,3,5,1,0,11849.0
14,2.70805020110221,1,2,4,0,4,6,1.9459101490553132,1,0,1,6,6,33,3.5263605246161616,0,0,3,5,3,1,0,6437.0
19,2.995732273553991,0,1,4,5,9,11,2.4849066497880004,0,2,1,4,1,31,3.4657359027997265,0,1,1,3,1,1,0,6779.0
8,2.1972245773362196,1,2,3,1,8,13,2.6390573296152584,0,1,3,6,3,33,3.5263605246161616,0,0,3,5,3,1,0,7889.0
18,2.9444389791664403,1,0,3,4,8,13,2.6390573296152584,0,1,3,6,3,35,3.58351893845611,0,2,0,0,5,1,0,17281.0
15,2.772588722239781,0,0,0,1,5,14,2.70805020110221,1,2,4,0,4,31,3.4657359027997265,0,1,1,3,1,1,0,3439.0
15,2.772588722239781,0,0,0,1,5,4,1.6094379124341003,1,1,4,4,4,37,3.6375861597263857,0,1,2,2,7,1,0,698.0
4,1.6094379124341003,1,1,4,4,4,10,2.3978952727983707,1,1,0,3,0,17,2.8903717578961645,0,2,2,3,7,1,0,1633.0
17,2.8903717578961645,0,2,2,3,7,9,2.302585092994046,0,0,4,2,9,43,3.784189633918261,0,1,3,1,3,1,0,2453.0
12,2.5649493574615367,1,0,2,5,2,2,1.0986122886681098,1,2,2,2,2,22,3.1354942159291497,1,1,2,1,2,2,2,349.0
10,2.3978952727983707,1,1,0,3,0,5,1.791759469228055,0,2,0,5,5,33,3.5263605246161616,0,0,3,5,3,1,1,4289.0
12,2.5649493574615367,1,0,2,5,2,20,3.044522437723423,1,2,0,6,0,36,3.6109179126442243,1,0,1,1,6,4,1,16.0
6,1.9459101490553132,1,0,1,6,6,7,2.0794415416798357,0,1,2,0,7,15,2.772588722239781,0,0,0,1,5,1,0,23.0
15,2.772588722239781,0,0,0,1,5,5,1.791759469228055,0,2,0,5,5,29,3.4011973816621555,0,2,4,1,9,1,1,2483.0
3,1.3862943611198906,0,0,3,3,3,2,1.0986122886681098,1,2,2,2,2,10,2.3978952727983707,1,1,0,3,0,1,1,211.0
7,2.0794415416798357,0,1,2,0,7,3,1.3862943611198906,0,0,3,3,3,13,2.6390573296152584,0,1,3,6,3,1,0,111.0
13,2.6390573296152584,0,1,3,6,3,7,2.0794415416798357,0,1,2,0,7,21,3.091042453358316,0,0,1,0,1,1,1,2047.0
7,2.0794415416798357,0,1,2,0,7,15,2.772588722239781,0,0,0,1,5,31,3.4657359027997265,0,1,1,3,1,1,0,1237.0
9,2.302585092994046,0,0,4,2,9,4,1.6094379124341003,1,1,4,4,4,31,3.4657359027997265,0,1,1,3,1,1,0,389.0
15,2.772588722239781,0,0,0,1,5,8,2.1972245773362196,1,2,3,1,8,34,3.5553480614894135,1,1,4,6,4,1,0,9091.0
15,2.772588722239781,0,0,0,1,5,8,2.1972245773362196,1,2,3,1,8,33,3.5263605246161616,0,0,3,5,3,1,0,61.0
15,2.772588722239781,0,0,0,1,5,17,2.8903717578961645,0,2,2,3,7,45,3.828641396489095,0,0,0,3,5,1,1,55.0
2,1.0986122886681098,1,2,2,2,2,5,1.791759469228055,0,2,0,5,5,10,2.3978952727983707,1,1,0,3,0,1,2,37.0
14,2.70805020110221,1,2,4,0,4,3,1.3862943611198906,0,0,3,3,3,28,3.367295829986474,1,1,3,0,8,1,1,5.0
18,2.9444389791664403,1,0,3,4,8,6,1.9459101490553132,1,0,1,6,6,25,3.258096538021482,0,1,0,4,5,1,1,5701.0
11,2.4849066497880004,0,2,1,4,1,3,1.3862943611198906,0,0,3,3,3,21,3.091042453358316,0,0,1,0,1,1,1,853.0
6,1.9459101490553132,1,0,1,6,6,19,2.995732273553991,0,1,4,5,9,34,3.5553480614894135,1,1,4,6,4,1,0,1109.0
13,2.6390573296152584,0,1,3,6,3,1,0.6931471805599453,0,1,1,1,1,35,3.58351893845611,0,2,0,0,5,1,2,983.0
17,2.8903717578961645,0,2,2,3,7,2,1.0986122886681098,1,2,2,2,2,20,3.044522437723423,1,2,0,6,0,1,1,1471.0
11,2.4849066497880004,0,2,1,4,1,13,2.6390573296152584,0,1,3,6,3,33,3.5263605246161616,0,0,3,5,3,1,1,43.0
18,2.9444389791664403,1,0,3,4,8,11,2.4849066497880004,0,2,1,4,1,33,3.5263605246161616,0,0,3,5,3,1,1,1537.0
19,2.995732273553991,0,1,4,5,9,5,1.791759469228055,0,2,0,5,5,28,3.367295829986474,1,1,3,0,8,1,0,5743.0
16,2.833213344056216,1,1,1,2,6,8,2.1972245773362196,1,2,3,1,8,25,3.258096538021482,0,1,0,4,5,1,1,6769.0
11,2.4849066497880004,0,2,1,4,1,2,1.0986122886681098,1,2,2,2,2,27,3.332204510175204,0,0,2,6,7,1,0,449.0
12,2.5649493574615367,1,0,2,5,2,10,2.3978952727983707,1,1,0,3,0,31,3.4657359027997265,0,1,1,3,1,1,0,8257.0
10,2.3978952727983707,1,1,0,3,0,5,1.791759469228055,0,2,0,5,5,25,3.258096538021482,0,1,0,4,5,5,2,121.0
2,1.0986122886681098,1,2,2,2,2,6,1.9459101490553132,1,0,1,6,6,9,2.302585092994046,0,0,4,2,9,1,1,293.0
12,2.5649493574615367,1,0,2,5,2,13,2.6390573296152584,0,1,3,6,3,31,3.4657359027997265,0,1,1,3,1,1,0,10489.0
14,2.70805020110221,1,2,4,0,4,4,1.6094379124341003,1,1,4,4,4,32,3.4965075614664802,1,2,2,4,2,2,1,1103.0
7,2.0794415416798357,0,1,2,0,7,9,2.302585092994046,0,0,4,2,9,21,3.091042453358316,0,0,1,0,1,1,1,31.0
14,2.70805020110221,1,2,4,0,4,7,2.0794415416798357,0,1,2,0,7,42,3.7612001156935624,1,0,2,0,2,7,3,25.0
10,2.3978952727983707,1,1,0,3,0,14,2.70805020110221,1,2,4,0,4,25,3.258096538021482,0,1,0,4,5,1,0,43.0
20,3.044522437723423,1,2,0,6,0,26,3.295836866004329,1,2,1,5,6,49,3.912023005428146,0,1,4,0,9,1,0,52961.0
15,2.772588722239781,0,0,0,1,5,15,2.772588722239781,0,0,0,1,5,35,3.58351893845611,0,2,0,0,5,5,1,67.0
11,2.4849066497880004,0,2,1,4,1,26,3.295836866004329,1,2,1,5,6,40,3.713572066704308,1,1,0,5,0,1,0,24359.0
14,2.70805020110221,1,2,4,0,4,9,2.302585092994046,0,0,4,2,9,24,3.2188758248682006,1,0,4,3,4,1,0,1607.0
15,2.772588722239781,0,0,0,1,5,12,2.5649493574615367,1,0,2,5,2,34,3.5553480614894135,1,1,4,6,4,1,0,13171.0
11,2.4849066497880004,0,2,1,4,1,17,2.8903717578961645,0,2,2,3,7,40,3.713572066704308,1,1,0,5,0,1,0,967.0
10,2.3978952727983707,1,1,0,3,0,22,3.1354942159291497,1,1,2,1,2,36,3.6109179126442243,1,0,1,1,6,2,0,4259.0
19,2.995732273553991,0,1,4,5,9,6,1.9459101490553132,1,0,1,6,6,41,3.7376696182833684,0,2,1,6,1,1,0,889.0
8,2.1972245773362196,1,2,3,1,8,11,2.4849066497880004,0,2,1,4,1,35,3.58351893845611,0,2,0,0,5,1,0,7321.0
16,2.833213344056216,1,1,1,2,6,15,2.772588722239781,0,0,0,1,5,40,3.713572066704308,1,1,0,5,0,1,0,107.0
6,1.9459101490553132,1,0,1,6,6,22,3.1354942159291497,1,1,2,1,2,35,3.58351893845611,0,2,0,0,5,1,0,10429.0
9,2.302585092994046,0,0,4,2,9,10,2.3978952727983707,1,1,0,3,0,22,3.1354942159291497,1,1,2,1,2,1,0,4363.0
7,2.0794415416798357,0,1,2,0,7,12,2.5649493574615367,1,0,2,5,2,35,3.58351893845611,0,2,0,0,5,1,1,6.0
20,3.044522437723423,1,2,0,6,0,6,1.9459101490553132,1,0,1,6,6,33,3.5263605246161616,0,0,3,5,3,1,0,8609.0
16,2.833213344056216,1,1,1,2,6,9,2.302585092994046,0,0,4,2,9,26,3.295836866004329,1,2,1,5,6,1,0,659.0
19,2.995732273553991,0,1,4,5,9,23,3.1780538303479458,0,2,3,2,3,47,3.871201010907891,0,2,2,5,7,1,0,21463.0
11,2.4849066497880004,0,2,1,4,1,6,1.9459101490553132,1,0,1,6,6,19,2.995732273553991,0,1,4,5,9,1,0,229.0
18,2.9444389791664403,1,0,3,4,8,7,2.0794415416798357,0,1,2,0,7,43,3.784189633918261,0,1,3,1,3,1,0,12361.0
16,2.833213344056216,1,1,1,2,6,1,0.6931471805599453,0,1,1,1,1,20,3.044522437723423,1,2,0,6,0,1,2,49.0
2,1.0986122886681098,1,2,2,2,2,27,3.332204510175204,0,0,2,6,7,30,3.4339872044851463,1,0,0,2,0,1,1,517.0
3,1.3862943611198906,0,0,3,3,3,4,1.6094379124341003,1,1,4,4,4,29,3.4011973816621555,0,2,4,1,9,1,0,191.0
2,1.0986122886681098,1,2,2,2,2,18,2.9444389791664403,1,0,3,4,8,23,3.1780538303479458,0,2,3,2,3,1,1,727.0
16,2.833213344056216,1,1,1,2,6,16,2.833213344056216,1,1,1,2,6,44,3.8066624897703196,1,2,4,2,4,4,1,1513.0
9,2.302585092994046,0,0,4,2,9,20,3.044522437723423,1,2,0,6,0,38,3.6635616461296463,1,2,3,3,8,1,0,15043.0
18,2.9444389791664403,1,0,3,4,8,19,2.995732273553991,0,1,4,5,9,38,3.6635616461296463,1,2,3,3,8,1,1,3389.0
6,1.9459101490553132,1,0,1,6,6,4,1.6094379124341003,1,1,4,4,4,32,3.4965075614664802,1,2,2,4,2,2,1,631.0
2,1.0986122886681098,1,2,2,2,2,20,3.044522437723423,1,2,0,6,0,29,3.4011973816621555,0,2,4,1,9,1,1,3157.0
20,3.044522437723423,1,2,0,6,0,1,0.6931471805599453,0,1,1,1,1,28,3.367295829986474,1,1,3,0,8,1,2,47.0
4,1.6094379124341003,1,1,4,4,4,27,3.332204510175204,0,0,2,6,7,33,3.5263605246161616,0,0,3,5,3,1,0,8201.0
20,3.044522437723423,1,2,0,6,0,11,2.4849066497880004,0,2,1,4,1,35,3.58351893845611,0,2,0,0,5,1,0,59.0
18,2.9444389791664403,1,0,3,4,8,4,1.6094379124341003,1,1,4,4,4,26,3.295836866004329,1,2,1,5,6,2,0,128.0
13,2.6390573296152584,0,1,3,6,3,5,1.791759469228055,0,2,0,5,5,19,2.995732273553991,0,1,4,5,9,1,0,1331.0
5,1.791759469228055,0,2,0,5,5,4,1.6094379124341003,1,1,4,4,4,14,2.70805020110221,1,2,4,0,4,1,0,731.0
6,1.9459101490553132,1,0,1,6,6,2,1.0986122886681098,1,2,2,2,2,10,2.3978952727983707,1,1,0,3,0,2,2,19.0
11,2.4849066497880004,0,2,1,4,1,23,3.1780538303479458,0,2,3,2,3,37,3.6375861597263857,0,1,2,2,7,1,0,9985.0
11,2.4849066497880004,0,2,1,4,1,3,1.3862943611198906,0,0,3,3,3,35,3.58351893845611,0,2,0,0,5,1,0,569.0
13,2.6390573296152584,0,1,3,6,3,2,1.0986122886681098,1,2,2,2,2,22,3.1354942159291497,1,1,2,1,2,1,1,1459.0
19,2.995732273553991,0,1,4,5,9,2,1.0986122886681098,1,2,2,2,2,44,3.8066624897703196,1,2,4,2,4,1,1,4919.0
8,2.1972245773362196,1,2,3,1,8,2,1.0986122886681098,1,2,2,2,2,11,2.4849066497880004,0,2,1,4,1,1,1,409.0
3,1.3862943611198906,0,0,3,3,3,3,1.3862943611198906,0,0,3,3,3,17,2.8903717578961645,0,2,2,3,7,1,1,293.0
11,2.4849066497880004,0,2,1,4,1,2,1.0986122886681098,1,2,2,2,2,16,2.833213344056216,1,1,1,2,6,1,1,839.0
10,2.3978952727983707,1,1,0,3,0,4,1.6094379124341003,1,1,4,4,4,35,3.58351893845611,0,2,0,0,5,1,0,157.0
4,1.6094379124341003,1,1,4,4,4,22,3.1354942159291497,1,1,2,1,2,27,3.332204510175204,0,0,2,6,7,1,0,5465.0
12,2.5649493574615367,1,0,2,5,2,3,1.3862943611198906,0,0,3,3,3,35,3.58351893845611,0,2,0,0,5,1,1,3601.0
7,2.0794415416798357,0,1,2,0,7,11,2.4849066497880004,0,2,1,4,1,28,3.367295829986474,1,1,3,0,8,1,1,103.0
3,1.3862943611198906,0,0,3,3,3,10,2.3978952727983707,1,1,0,3,0,24,3.2188758248682006,1,0,4,3,4,1,1,223.0
17,2.8903717578961645,0,2,2,3,7,21,3.091042453358316,0,0,1,0,1,47,3.871201010907891,0,2,2,5,7,1,0,5913.0
13,2.6390573296152584,0,1,3,6,3,22,3.1354942159291497,1,1,2,1,2,42,3.7612001156935624,1,0,2,0,2,1,0,2329.0
8,2.1972245773362196,1,2,3,1,8,5,1.791759469228055,0,2,0,5,5,17,2.8903717578961645,0,2,2,3,7,1,0,317.0
4,1.6094379124341003,1,1,4,4,4,6,1.9459101490553132,1,0,1,6,6,26,3.295836866004329,1,2,1,5,6,2,0,159.0
6,1.9459101490553132,1,0,1,6,6,9,2.302585092994046,0,0,4,2,9,28,3.367295829986474,1,1,3,0,8,1,0,943.0
9,2.302585092994046,0,0,4,2,9,1,0.6931471805599453,0,1,1,1,1,29,3.4011973816621555,0,2,4,1,9,1,2,641.0
19,2.995732273553991,0,1,4,5,9,21,3.091042453358316,0,0,1,0,1,45,3.828641396489095,0,0,0,3,5,1,0,18787.0
4,1.6094379124341003,1,1,4,4,4,23,3.1780538303479458,0,2,3,2,3,29,3.4011973816621555,0,2,4,1,9,1,0,6161.0
15,2.772588722239781,0,0,0,1,5,2,1.0986122886681098,1,2,2,2,2,33,3.5263605246161616,0,0,3,5,3,1,0,79.0
7,2.0794415416798357,0,1,2,0,7,2,1.0986122886681098,1,2,2,2,2,14,2.70805020110221,1,2,4,0,4,1,2,11.0
4,1.6094379124341003,1,1,4,4,4,10,2.3978952727983707,1,1,0,3,0,32,3.4965075614664802,1,2,2,4,2,2,1,223.0
10,2.3978952727983707,1,1,0,3,0,11,2.4849066497880004,0,2,1,4,1,28,3.367295829986474,1,1,3,0,8,1,0,1711.0
5,1.791759469228055,0,2,0,5,5,26,3.295836866004329,1,2,1,5,6,35,3.58351893845611,0,2,0,0,5,1,1,103.0
3,1.3862943611198906,0,0,3,3,3,2,1.0986122886681098,1,2,2,2,2,9,2.302585092994046,0,0,4,2,9,1,1,5.0
17,2.8903717578961645,0,2,2,3,7,3,1.3862943611198906,0,0,3,3,3,32,3.4965075614664802,1,2,2,4,2,1,0,1333.0
13,2.6390573296152584,0,1,3,6,3,14,2.70805020110221,1,2,4,0,4,42,3.7612001156935624,1,0,2,0,2,1,1,16883.0
11,2.4849066497880004,0,2,1,4,1,5,1.791759469228055,0,2,0,5,5,32,3.4965075614664802,1,2,2,4,2,1,0,4423.0
17,2.8903717578961645,0,2,2,3,7,7,2.0794415416798357,0,1,2,0,7,28,3.367295829986474,1,1,3,0,8,1,1,7159.0
14,2.70805020110221,1,2,4,0,4,6,1.9459101490553132,1,0,1,6,6,37,3.6375861597263857,0,1,2,2,7,1,0,2463.0
8,2.1972245773362196,1,2,3,1,8,9,2.302585092994046,0,0,4,2,9,20,3.044522437723423,1,2,0,6,0,1,0,67.0
10,2.3978952727983707,1,1,0,3,0,5,1.791759469228055,0,2,0,5,5,19,2.995732273553991,0,1,4,5,9,1,1,2161.0
19,2.995732273553991,0,1,4,5,9,13,2.6390573296152584,0,1,3,6,3,36,3.6109179126442243,1,0,1,1,6,1,0,18719.0
2,1.0986122886681098,1,2,2,2,2,10,2.3978952727983707,1,1,0,3,0,23,3.1780538303479458,0,2,3,2,3,1,1,289.0
14,2.70805020110221,1,2,4,0,4,2,1.0986122886681098,1,2,2,2,2,32,3.4965075614664802,1,2,2,4,2,2,2,655.0
11,2.4849066497880004,0,2,1,4,1,7,2.0794415416798357,0,1,2,0,7,22,3.1354942159291497,1,1,2,1,2,1,1,31.0
19,2.995732273553991,0,1,4,5,9,9,2.302585092994046,0,0,4,2,9,31,3.4657359027997265,0,1,1,3,1,1,0,1867.0
7,2.0794415416798357,0,1,2,0,7,13,2.6390573296152584,0,1,3,6,3,27,3.332204510175204,0,0,2,6,7,1,0,2797.0
20,3.044522437723423,1,2,0,6,0,9,2.302585092994046,0,0,4,2,9,34,3.5553480614894135,1,1,4,6,4,1,0,361.0
14,2.70805020110221,1,2,4,0,4,8,2.1972245773362196,1,2,3,1,8,38,3.6635616461296463,1,2,3,3,8,2,0,305.0
5,1.791759469228055,0,2,0,5,5,13,2.6390573296152584,0,1,3,6,3,27,3.332204510175204,0,0,2,6,7,1,0,2107.0
13,2.6390573296152584,0,1,3,6,3,3,1.3862943611198906,0,0,3,3,3,40,3.713572066704308,1,1,0,5,0,1,0,1517.0
10,2.3978952727983707,1,1,0,3,0,12,2.5649493574615367,1,0,2,5,2,23,3.1780538303479458,0,2,3,2,3,1,0,1983.0
11,2.4849066497880004,0,2,1,4,1,7,2.0794415416798357,0,1,2,0,7,29,3.4011973816621555,0,2,4,1,9,1,0,2593.0
19,2.995732273553991,0,1,4,5,9,10,2.3978952727983707,1,1,0,3,0,35,3.58351893845611,0,2,0,0,5,1,0,3541.0
12,2.5649493574615367,1,0,2,5,2,21,3.091042453358316,0,0,1,0,1,35,3.58351893845611,0,2,0,0,5,1,0,18721.0
19,2.995732273553991,0,1,4,5,9,7,2.0794415416798357,0,1,2,0,7,27,3.332204510175204,0,0,2,6,7,1,0,3775.0
13,2.6390573296152584,0,1,3,6,3,15,2.772588722239781,0,0,0,1,5,41,3.7376696182833684,0,2,1,6,1,1,0,2917.0
10,2.3978952727983707,1,1,0,3,0,10,2.3978952727983707,1,1,0,3,0,40,3.713572066704308,1,1,0,5,0,10,3,19.0
12,2.5649493574615367,1,0,2,5,2,22,3.1354942159291497,1,1,2,1,2,35,3.58351893845611,0,2,0,0,5,1,0,19561.0
2,1.0986122886681098,1,2,2,2,2,5,1.791759469228055,0,2,0,5,5,17,2.8903717578961645,0,2,2,3,7,1,0,125.0
17,2.8903717578961645,0,2,2,3,7,19,2.995732273553991,0,1,4,5,9,45,3.828641396489095,0,0,0,3,5,1,0,15403.0
20,3.044522437723423,1,2,0,6,0,1,0.6931471805599453,0,1,1,1,1,50,3.9318256327243257,1,2,0,1,0,1,2,41.0
3,1.3862943611198906,0,0,3,3,3,3,1.3862943611198906,0,0,3,3,3,12,2.5649493574615367,1,0,2,5,2,3,3,13.0
5,1.791759469228055,0,2,0,5,5,19,2.995732273553991,0,1,4,5,9,28,3.367295829986474,1,1,3,0,8,1,0,6079.0
12,2.5649493574615367,1,0,2,5,2,11,2.4849066497880004,0,2,1,4,1,34,3.5553480614894135,1,1,4,6,4,1,0,227.0
20,3.044522437723423,1,2,0,6,0,26,3.295836866004329,1,2,1,5,6,47,3.871201010907891,0,2,2,5,7,1,0,50689.0
13,2.6390573296152584,0,1,3,6,3,10,2.3978952727983707,1,1,0,3,0,27,3.332204510175204,0,0,2,6,7,1,0,379.0
4,1.6094379124341003,1,1,4,4,4,4,1.6094379124341003,1,1,4,4,4,29,3.4011973816621555,0,2,4,1,9,1,1,1753.0
14,2.70805020110221,1,2,4,0,4,5,1.791759469228055,0,2,0,5,5,43,3.784189633918261,0,1,3,1,3,1,0,7673.0
18,2.9444389791664403,1,0,3,4,8,1,0.6931471805599453,0,1,1,1,1,31,3.4657359027997265,0,1,1,3,1,1,2,1753.0
14,2.70805020110221,1,2,4,0,4,19,2.995732273553991,0,1,4,5,9,35,3.58351893845611,0,2,0,0,5,1,0,401.0
19,2.995732273553991,0,1,4,5,9,8,2.1972245773362196,1,2,3,1,8,29,3.4011973816621555,0,2,4,1,9,1,0,581.0
11,2.4849066497880004,0,2,1,4,1,15,2.772588722239781,0,0,0,1,5,36,3.6109179126442243,1,0,1,1,6,1,0,2611.0
6,1.9459101490553132,1,0,1,6,6,9,2.302585092994046,0,0,4,2,9,21,3.091042453358316,0,0,1,0,1,3,0,33.0
5,1.791759469228055,0,2,0,5,5,17,2.8903717578961645,0,2,2,3,7,32,3.4965075614664802,1,2,2,4,2,1,0,6439.0
9,2.302585092994046,0,0,4,2,9,4,1.6094379124341003,1,1,4,4,4,35,3.58351893845611,0,2,0,0,5,1,0,458.0
10,2.3978952727983707,1,1,0,3,0,3,1.3862943611198906,0,0,3,3,3,14,2.70805020110221,1,2,4,0,4,1,0,39.0
12,2.5649493574615367,1,0,2,5,2,11,2.4849066497880004,0,2,1,4,1,26,3.295836866004329,1,2,1,5,6,1,0,1849.0
19,2.995732273553991,0,1,4,5,9,14,2.70805020110221,1,2,4,0,4,44,3.8066624897703196,1,2,4,2,4,1,0,3569.0
13,2.6390573296152584,0,1,3,6,3,3,1.3862943611198906,0,0,3,3,3,18,2.9444389791664403,1,0,3,4,8,1,1,1559.0
6,1.9459101490553132,1,0,1,6,6,14,2.70805020110221,1,2,4,0,4,23,3.1780538303479458,0,2,3,2,3,1,0,4357.0
17,2.8903717578961645,0,2,2,3,7,19,2.995732273553991,0,1,4,5,9,42,3.7612001156935624,1,0,2,0,2,1,0,28607.0
15,2.772588722239781,0,0,0,1,5,8,2.1972245773362196,1,2,3,1,8,25,3.258096538021482,0,1,0,4,5,1,0,16.0
3,1.3862943611198906,0,0,3,3,3,21,3.091042453358316,0,0,1,0,1,27,3.332204510175204,0,0,2,6,7,3,2,229.0
14,2.70805020110221,1,2,4,0,4,13,2.6390573296152584,0,1,3,6,3,33,3.5263605246161616,0,0,3,5,3,1,0,12905.0
14,2.70805020110221,1,2,4,0,4,5,1.791759469228055,0,2,0,5,5,23,3.1780538303479458,0,2,3,2,3,1,0,3553.0
8,2.1972245773362196,1,2,3,1,8,2,1.0986122886681098,1,2,2,2,2,32,3.4965075614664802,1,2,2,4,2,2,3,31.0
13,2.6390573296152584,0,1,3,6,3,18,2.9444389791664403,1,0,3,4,8,33,3.5263605246161616,0,0,3,5,3,1,0,4091.0
17,2.8903717578961645,0,2,2,3,7,1,0.6931471805599453,0,1,1,1,1,43,3.784189633918261,0,1,3,1,3,1,2,1511.0
5,1.791759469228055,0,2,0,5,5,10,2.3978952727983707,1,1,0,3,0,34,3.5553480614894135,1,1,4,6,4,1,1,4531.0
17,2.8903717578961645,0,2,2,3,7,8,2.1972245773362196,1,2,3,1,8,43,3.784189633918261,0,1,3,1,3,1,0,1657.0
19,2.995732273553991,0,1,4,5,9,1,0.6931471805599453,0,1,1,1,1,46,3.8501476017100584,1,1,1,4,6,1,2,3503.0
5,1.791759469228055,0,2,0,5,5,2,1.0986122886681098,1,2,2,2,2,11,2.4849066497880004,0,2,1,4,1,1,0,79.0
19,2.995732273553991,0,1,4,5,9,18,2.9444389791664403,1,0,3,4,8,44,3.8066624897703196,1,2,4,2,4,1,0,3519.0
16,2.833213344056216,1,1,1,2,6,21,3.091042453358316,0,0,1,0,1,38,3.6635616461296463,1,2,3,3,8,1,0,2227.0
11,2.4849066497880004,0,2,1,4,1,9,2.302585092994046,0,0,4,2,9,23,3.1780538303479458,0,2,3,2,3,1,0,827.0
15,2.772588722239781,0,0,0,1,5,11,2.4849066497880004,0,2,1,4,1,39,3.6888794541139363,0,0,4,4,9,1,0,787.0
6,1.9459101490553132,1,0,1,6,6,13,2.6390573296152584,0,1,3,6,3,22,3.1354942159291497,1,1,2,1,2,1,0,485.0
20,3.044522437723423,1,2,0,6,0,23,3.1780538303479458,0,2,3,2,3,46,3.8501476017100584,1,1,1,4,6,1,1,11009.0
3,1.3862943611198906,0,0,3,3,3,6,1.9459101490553132,1,0,1,6,6,26,3.295836866004329,1,2,1,5,6,1,1,1603.0
7,2.0794415416798357,0,1,2,0,7,16,2.833213344056216,1,1,1,2,6,33,3.5263605246161616,0,0,3,5,3,1,0,527.0
2,1.0986122886681098,1,2,2,2,2,23,3.1780538303479458,0,2,3,2,3,27,3.332204510175204,0,0,2,6,7,1,0,3209.0
16,2.833213344056216,1,1,1,2,6,10,2.3978952727983707,1,1,0,3,0,36,3.6109179126442243,1,0,1,1,6,2,0,157.0
4,1.6094379124341003,1,1,4,4,4,3,1.3862943611198906,0,0,3,3,3,12,2.5649493574615367,1,0,2,5,2,1,2,13.0
6,1.9459101490553132,1,0,1,6,6,2,1.0986122886681098,1,2,2,2,2,21,3.091042453358316,0,0,1,0,1,1,1,101.0
5,1.791759469228055,0,2,0,5,5,9,2.302585092994046,0,0,4,2,9,18,2.9444389791664403,1,0,3,4,8,1,1,1919.0
16,2.833213344056216,1,1,1,2,6,6,1.9459101490553132,1,0,1,6,6,25,3.258096538021482,0,1,0,4,5,1,0,1723.0
14,2.70805020110221,1,2,4,0,4,14,2.70805020110221,1,2,4,0,4,35,3.58351893845611,0,2,0,0,5,7,1,43.0
13,2.6390573296152584,0,1,3,6,3,16,2.833213344056216,1,1,1,2,6,41,3.7376696182833684,0,2,1,6,1,1,0,2321.0
14,2.70805020110221,1,2,4,0,4,2,1.0986122886681098,1,2,2,2,2,31,3.4657359027997265,0,1,1,3,1,1,1,2501.0
18,2.9444389791664403,1,0,3,4,8,12,2.5649493574615367,1,0,2,5,2,33,3.5263605246161616,0,0,3,5,3,3,0,1669.0
16,2.833213344056216,1,1,1,2,6,4,1.6094379124341003,1,1,4,4,4,26,3.295836866004329,1,2,1,5,6,2,1,937.0
14,2.70805020110221,1,2,4,0,4,3,1.3862943611198906,0,0,3,3,3,23,3.1780538303479458,0,2,3,2,3,1,0,755.0
17,2.8903717578961645,0,2,2,3,7,1,0.6931471805599453,0,1,1,1,1,23,3.1780538303479458,0,2,3,2,3,1,2,511.0
14,2.70805020110221,1,2,4,0,4,5,1.791759469228055,0,2,0,5,5,41,3.7376696182833684,0,2,1,6,1,1,0,1445.0
12,2.5649493574615367,1,0,2,5,2,18,2.9444389791664403,1,0,3,4,8,33,3.5263605246161616,0,0,3,5,3,3,0,563.0
18,2.9444389791664403,1,0,3,4,8,20,3.044522437723423,1,2,0,6,0,41,3.7376696182833684,0,2,1,6,1,1,0,30877.0
4,1.6094379124341003,1,1,4,4,4,6,1.9459101490553132,1,0,1,6,6,16,2.833213344056216,1,1,1,2,6,2,1,21.0
8,2.1972245773362196,1,2,3,1,8,8,2.1972245773362196,1,2,3,1,8,34,3.5553480614894135,1,1,4,6,4,2,1,1361.0
19,2.995732273553991,0,1,4,5,9,17,2.8903717578961645,0,2,2,3,7,47,3.871201010907891,0,2,2,5,7,1,0,16105.0
9,2.302585092994046,0,0,4,2,9,2,1.0986122886681098,1,2,2,2,2,16,2.833213344056216,1,1,1,2,6,1,1,751.0
13,2.6390573296152584,0,1,3,6,3,16,2.833213344056216,1,1,1,2,6,38,3.6635616461296463,1,2,3,3,8,1,0,17083.0
8,2.1972245773362196,1,2,3,1,8,4,1.6094379124341003,1,1,4,4,4,24,3.2188758248682006,1,0,4,3,4,4,3,4.0
2,1.0986122886681098,1,2,2,2,2,1,0.6931471805599453,0,1,1,1,1,5,1.791759469228055,0,2,0,5,5,1,2,41.0
15,2.772588722239781,0,0,0,1,5,18,2.9444389791664403,1,0,3,4,8,41,3.7376696182833684,0,2,1,6,1,1,0,5899.0
14,2.70805020110221,1,2,4,0,4,8,2.1972245773362196,1,2,3,1,8,26,3.295836866004329,1,2,1,5,6,2,0,197.0
12,2.5649493574615367,1,0,2,5,2,8,2.1972245773362196,1,2,3,1,8,21,3.091042453358316,0,0,1,0,1,1,0,481.0
10,2.3978952727983707,1,1,0,3,0,15,2.772588722239781,0,0,0,1,5,31,3.4657359027997265,0,1,1,3,1,1,0,3387.0
13,2.6390573296152584,0,1,3,6,3,3,1.3862943611198906,0,0,3,3,3,28,3.367295829986474,1,1,3,0,8,1,0,933.0
9,2.302585092994046,0,0,4,2,9,3,1.3862943611198906,0,0,3,3,3,13,2.6390573296152584,0,1,3,6,3,1,1,395.0
10,2.3978952727983707,1,1,0,3,0,19,2.995732273553991,0,1,4,5,9,32,3.4965075614664802,1,2,2,4,2,1,0,3271.0
13,2.6390573296152584,0,1,3,6,3,12,2.5649493574615367,1,0,2,5,2,42,3.7612001156935624,1,0,2,0,2,1,0,14699.0
8,2.1972245773362196,1,2,3,1,8,4,1.6094379124341003,1,1,4,4,4,21,3.091042453358316,0,0,1,0,1,1,1,1721.0
16,2.833213344056216,1,1,1,2,6,3,1.3862943611198906,0,0,3,3,3,28,3.367295829986474,1,1,3,0,8,1,0,67.0
19,2.995732273553991,0,1,4,5,9,15,2.772588722239781,0,0,0,1,5,40,3.713572066704308,1,1,0,5,0,1,0,8013.0
18,2.9444389791664403,1,0,3,4,8,6,1.9459101490553132,1,0,1,6,6,26,3.295836866004329,1,2,1,5,6,2,1,373.0
11,2.4849066497880004,0,2,1,4,1,25,3.258096538021482,0,1,0,4,5,41,3.7376696182833684,0,2,1,6,1,1,0,2411.0
14,2.70805020110221,1,2,4,0,4,1,0.6931471805599453,0,1,1,1,1,21,3.091042453358316,0,0,1,0,1,1,2,17.0
10,2.3978952727983707,1,1,0,3,0,12,2.5649493574615367,1,0,2,5,2,24,3.2188758248682006,1,0,4,3,4,2,1,1559.0
4,1.6094379124341003,1,1,4,4,4,12,2.5649493574615367,1,0,2,5,2,23,3.1780538303479458,0,2,3,2,3,1,1,907.0
20,3.044522437723423,1,2,0,6,0,24,3.2188758248682006,1,0,4,3,4,48,3.8918202981106265,1,0,3,6,8,4,1,2999.0
17,2.8903717578961645,0,2,2,3,7,13,2.6390573296152584,0,1,3,6,3,41,3.7376696182833684,0,2,1,6,1,1,0,9757.0
12,2.5649493574615367,1,0,2,5,2,11,2.4849066497880004,0,2,1,4,1,31,3.4657359027997265,0,1,1,3,1,1,0,9001.0
17,2.8903717578961645,0,2,2,3,7,3,1.3862943611198906,0,0,3,3,3,41,3.7376696182833684,0,2,1,6,1,1,0,929.0
19,2.995732273553991,0,1,4,5,9,14,2.70805020110221,1,2,4,0,4,45,3.828641396489095,0,0,0,3,5,1,0,6401.0
7,2.0794415416798357,0,1,2,0,7,7,2.0794415416798357,0,1,2,0,7,33,3.5263605246161616,0,0,3,5,3,1,1,2137.0
10,2.3978952727983707,1,1,0,3,0,8,2.1972245773362196,1,2,3,1,8,37,3.6375861597263857,0,1,2,2,7,1,0,7189.0
5,1.791759469228055,0,2,0,5,5,26,3.295836866004329,1,2,1,5,6,32,3.4965075614664802,1,2,2,4,2,1,0,9319.0
6,1.9459101490553132,1,0,1,6,6,3,1.3862943611198906,0,0,3,3,3,10,2.3978952727983707,1,1,0,3,0,1,1,53.0
13,2.6390573296152584,0,1,3,6,3,11,2.4849066497880004,0,2,1,4,1,26,3.295836866004329,1,2,1,5,6,1,1,47.0
19,2.995732273553991,0,1,4,5,9,8,2.1972245773362196,1,2,3,1,8,33,3.5263605246161616,0,0,3,5,3,1,0,1345.0
2,1.0986122886681098,1,2,2,2,2,2,1.0986122886681098,1,2,2,2,2,19,2.995732273553991,0,1,4,5,9,1,1,509.0
19,2.995732273553991,0,1,4,5,9,20,3.044522437723423,1,2,0,6,0,40,3.713572066704308,1,1,0,5,0,1,1,31639.0
12,2.5649493574615367,1,0,2,5,2,1,0.6931471805599453,0,1,1,1,1,38,3.6635616461296463,1,2,3,3,8,1,2,553.0
3,1.3862943611198906,0,0,3,3,3,12,2.5649493574615367,1,0,2,5,2,23,3.1780538303479458,0,2,3,2,3,1,1,272.0
12,2.5649493574615367,1,0,2,5,2,2,1.0986122886681098,1,2,2,2,2,35,3.58351893845611,0,2,0,0,5,1,1,2761.0
14,2.70805020110221,1,2,4,0,4,3,1.3862943611198906,0,0,3,3,3,32,3.4965075614664802,1,2,2,4,2,1,0,293.0
4,1.6094379124341003,1,1,4,4,4,9,2.302585092994046,0,0,4,2,9,33,3.5263605246161616,0,0,3,5,3,1,0,3449.0
9,2.302585092994046,0,0,4,2,9,6,1.9459101490553132,1,0,1,6,6,28,3.367295829986474,1,1,3,0,8,1,0,3727.0
17,2.8903717578961645,0,2,2,3,7,3,1.3862943611198906,0,0,3,3,3,37,3.6375861597263857,0,1,2,2,7,1,0,809.0
17,2.8903717578961645,0,2,2,3,7,3,1.3862943611198906,0,0,3,3,3,26,3.295836866004329,1,2,1,5,6,1,0,1013.0
18,2.9444389791664403,1,0,3,4,8,12,2.5649493574615367,1,0,2,5,2,31,3.4657359027997265,0,1,1,3,1,1,0,14029.0
14,2.70805020110221,1,2,4,0,4,4,1.6094379124341003,1,1,4,4,4,43,3.784189633918261,0,1,3,1,3,1,0,6469.0
10,2.3978952727983707,1,1,0,3,0,6,1.9459101490553132,1,0,1,6,6,38,3.6635616461296463,1,2,3,3,8,2,0,123.0
2,1.0986122886681098,1,2,2,2,2,9,2.302585092994046,0,0,4,2,9,32,3.4965075614664802,1,2,2,4,2,1,1,181.0
16,2.833213344056216,1,1,1,2,6,5,1.791759469228055,0,2,0,5,5,46,3.8501476017100584,1,1,1,4,6,1,0,461.0
18,2.9444389791664403,1,0,3,4,8,5,1.791759469228055,0,2,0,5,5,27,3.332204510175204,0,0,2,6,7,1,0,13.0
5,1.791759469228055,0,2,0,5,5,25,3.258096538021482,0,1,0,4,5,33,3.5263605246161616,0,0,3,5,3,1,1,4657.0
8,2.1972245773362196,1,2,3,1,8,7,2.0794415416798357,0,1,2,0,7,38,3.6635616461296463,1,2,3,3,8,1,0,1409.0
18,2.9444389791664403,1,0,3,4,8,17,2.8903717578961645,0,2,2,3,7,37,3.6375861597263857,0,1,2,2,7,1,0,23689.0
19,2.995732273553991,0,1,4,5,9,3,1.3862943611198906,0,0,3,3,3,38,3.6635616461296463,1,2,3,3,8,1,1,5.0
12,2.5649493574615367,1,0,2,5,2,18,2.9444389791664403,1,0,3,4,8,34,3.5553480614894135,1,1,4,6,4,2,0,3925.0
14,2.70805020110221,1,2,4,0,4,12,2.5649493574615367,1,0,2,5,2,42,3.7612001156935624,1,0,2,0,2,2,1,10.0
20,3.044522437723423,1,2,0,6,0,21,3.091042453358316,0,0,1,0,1,50,3.9318256327243257,1,2,0,1,0,1,0,21.0
3,1.3862943611198906,0,0,3,3,3,9,2.302585092994046,0,0,4,2,9,13,2.6390573296152584,0,1,3,6,3,1,1,431.0
13,2.6390573296152584,0,1,3,6,3,4,1.6094379124341003,1,1,4,4,4,39,3.6888794541139363,0,0,4,4,9,1,1,4.0
15,2.772588722239781,0,0,0,1,5,16,2.833213344056216,1,1,1,2,6,33,3.5263605246161616,0,0,3,5,3,1,0,58.0
5,1.791759469228055,0,2,0,5,5,20,3.044522437723423,1,2,0,6,0,26,3.295836866004329,1,2,1,5,6,1,1,5851.0
19,2.995732273553991,0,1,4,5,9,11,2.4849066497880004,0,2,1,4,1,39,3.6888794541139363,0,0,4,4,9,1,0,8731.0
18,2.9444389791664403,1,0,3,4,8,12,2.5649493574615367,1,0,2,5,2,36,3.6109179126442243,1,0,1,1,6,6,2,17.0
16,2.833213344056216,1,1,1,2,6,11,2.4849066497880004,0,2,1,4,1,28,3.367295829986474,1,1,3,0,8,1,0,59.0
3,1.3862943611198906,0,0,3,3,3,5,1.791759469228055,0,2,0,5,5,14,2.70805020110221,1,2,4,0,4,1,0,607.0
19,2.995732273553991,0,1,4,5,9,3,1.3862943611198906,0,0,3,3,3,23,3.1780538303479458,0,2,3,2,3,1,0,465.0
8,2.1972245773362196,1,2,3,1,8,1,0.6931471805599453,0,1,1,1,1,35,3.58351893845611,0,2,0,0,5,1,2,1721.0
3,1.3862943611198906,0,0,3,3,3,4,1.6094379124341003,1,1,4,4,4,25,3.258096538021482,0,1,0,4,5,1,0,152.0
13,2.6390573296152584,0,1,3,6,3,7,2.0794415416798357,0,1,2,0,7,22,3.1354942159291497,1,1,2,1,2,1,0,617.0
8,2.1972245773362196,1,2,3,1,8,3,1.3862943611198906,0,0,3,3,3,21,3.091042453358316,0,0,1,0,1,1,1,1385.0
3,1.3862943611198906,0,0,3,3,3,1,0.6931471805599453,0,1,1,1,1,18,2.9444389791664403,1,0,3,4,8,1,3,47.0
19,2.995732273553991,0,1,4,5,9,4,1.6094379124341003,1,1,4,4,4,32,3.4965075614664802,1,2,2,4,2,1,1,5527.0
15,2.772588722239781,0,0,0,1,5,3,1.3862943611198906,0,0,3,3,3,20,3.044522437723423,1,2,0,6,0,1,1,79.0
6,1.9459101490553132,1,0,1,6,6,1,0.6931471805599453,0,1,1,1,1,13,2.6390573296152584,0,1,3,6,3,1,2,289.0
4,1.6094379124341003,1,1,4,4,4,5,1.791759469228055,0,2,0,5,5,24,3.2188758248682006,1,0,4,3,4,1,1,19.0
5,1.791759469228055,0,2,0,5,5,4,1.6094379124341003,1,1,4,4,4,17,2.8903717578961645,0,2,2,3,7,1,0,118.0
4,1.6094379124341003,1,1,4,4,4,10,2.3978952727983707,1,1,0,3,0,20,3.044522437723423,1,2,0,6,0,2,2,31.0
3,1.3862943611198906,0,0,3,3,3,4,1.6094379124341003,1,1,4,4,4,14,2.70805020110221,1,2,4,0,4,1,0,523.0
6,1.9459101490553132,1,0,1,6,6,10,2.3978952727983707,1,1,0,3,0,18,2.9444389791664403,1,0,3,4,8,2,1,17.0
5,1.791759469228055,0,2,0,5,5,2,1.0986122886681098,1,2,2,2,2,12,2.5649493574615367,1,0,2,5,2,1,1,359.0
18,2.9444389791664403,1,0,3,4,8,2,1.0986122886681098,1,2,2,2,2,24,3.2188758248682006,1,0,4,3,4,2,2,55.0
16,2.833213344056216,1,1,1,2,6,9,2.302585092994046,0,0,4,2,9,40,3.713572066704308,1,1,0,5,0,1,0,67.0
16,2.833213344056216,1,1,1,2,6,5,1.791759469228055,0,2,0,5,5,38,3.6635616461296463,1,2,3,3,8,1,0,1817.0
3,1.3862943611198906,0,0,3,3,3,3,1.3862943611198906,0,0,3,3,3,19,2.995732273553991,0,1,4,5,9,1,1,347.0
11,2.4849066497880004,0,2,1,4,1,5,1.791759469228055,0,2,0,5,5,29,3.4011973816621555,0,2,4,1,9,1,0,391.0
14,2.70805020110221,1,2,4,0,4,15,2.772588722239781,0,0,0,1,5,32,3.4965075614664802,1,2,2,4,2,1,0,1189.0
15,2.772588722239781,0,0,0,1,5,3,1.3862943611198906,0,0,3,3,3,31,3.4657359027997265,0,1,1,3,1,1,1,1763.0
20,3.044522437723423,1,2,0,6,0,5,1.791759469228055,0,2,0,5,5,35,3.58351893845611,0,2,0,0,5,5,2,313.0
3,1.3862943611198906,0,0,3,3,3,6,1.9459101490553132,1,0,1,6,6,11,2.4849066497880004,0,2,1,4,1,1,1,127.0
15,2.772588722239781,0,0,0,1,5,2,1.0986122886681098,1,2,2,2,2,25,3.258096538021482,0,1,0,4,5,1,0,19.0
11,2.4849066497880004,0,2,1,4,1,14,2.70805020110221,1,2,4,0,4,31,3.4657359027997265,0,1,1,3,1,1,0,371.0
8,2.1972245773362196,1,2,3,1,8,5,1.791759469228055,0,2,0,5,5,15,2.772588722239781,0,0,0,1,5,1,1,1361.0
17,2.8903717578961645,0,2,2,3,7,14,2.70805020110221,1,2,4,0,4,32,3.4965075614664802,1,2,2,4,2,1,0,2281.0
4,1.6094379124341003,1,1,4,4,4,12,2.5649493574615367,1,0,2,5,2,29,3.4011973816621555,0,2,4,1,9,1,1,1203.0
16,2.833213344056216,1,1,1,2,6,8,2.1972245773362196,1,2,3,1,8,31,3.4657359027997265,0,1,1,3,1,1,1,8641.0
11,2.4849066497880004,0,2,1,4,1,5,1.791759469228055,0,2,0,5,5,28,3.367295829986474,1,1,3,0,8,1,0,3743.0
19,2.995732273553991,0,1,4,5,9,7,2.0794415416798357,0,1,2,0,7,30,3.4339872044851463,1,0,0,2,0,1,0,1217.0
11,2.4849066497880004,0,2,1,4,1,26,3.295836866004329,1,2,1,5,6,39,3.6888794541139363,0,0,4,4,9,1,0,5927.0
12,2.5649493574615367,1,0,2,5,2,27,3.332204510175204,0,0,2,6,7,41,3.7376696182833684,0,2,1,6,1,1,0,28105.0
4,1.6094379124341003,1,1,4,4,4,15,2.772588722239781,0,0,0,1,5,22,3.1354942159291497,1,1,2,1,2,1,0,259.0
3,1.3862943611198906,0,0,3,3,3,8,2.1972245773362196,1,2,3,1,8,30,3.4339872044851463,1,0,0,2,0,1,1,259.0
19,2.995732273553991,0,1,4,5,9,11,2.4849066497880004,0,2,1,4,1,41,3.7376696182833684,0,2,1,6,1,1,0,839.0
15,2.772588722239781,0,0,0,1,5,4,1.6094379124341003,1,1,4,4,4,20,3.044522437723423,1,2,0,6,0,1,1,103.0
8,2.1972245773362196,1,2,3,1,8,3,1.3862943611198906,0,0,3,3,3,23,3.1780538303479458,0,2,3,2,3,1,0,523.0
6,1.9459101490553132,1,0,1,6,6,9,2.302585092994046,0,0,4,2,9,25,3.258096538021482,0,1,0,4,5,1,0,3289.0
6,1.9459101490553132,1,0,1,6,6,15,2.772588722239781,0,0,0,1,5,32,3.4965075614664802,1,2,2,4,2,1,0,1687.0
11,2.4849066497880004,0,2,1,4,1,18,2.9444389791664403,1,0,3,4,8,37,3.6375861597263857,0,1,2,2,7,1,0,1325.0
17,2.8903717578961645,0,2,2,3,7,10,2.3978952727983707,1,1,0,3,0,41,3.7376696182833684,0,2,1,6,1,1,0,3833.0
14,2.70805020110221,1,2,4,0,4,26,3.295836866004329,1,2,1,5,6,44,3.8066624897703196,1,2,4,2,4,2,0,8443.0
14,2.70805020110221,1,2,4,0,4,1,0.6931471805599453,0,1,1,1,1,32,3.4965075614664802,1,2,2,4,2,1,2,431.0
8,2.1972245773362196,1,2,3,1,8,18,2.9444389791664403,1,0,3,4,8,27,3.332204510175204,0,0,2,6,7,1,0,8441.0
2,1.0986122886681098,1,2,2,2,2,6,1.9459101490553132,1,0,1,6,6,15,2.772588722239781,0,0,0,1,5,1,1,581.0
19,2.995732273553991,0,1,4,5,9,4,1.6094379124341003,1,1,4,4,4,46,3.8501476017100584,1,1,1,4,6,1,0,8747.0
8,2.1972245773362196,1,2,3,1,8,26,3.295836866004329,1,2,1,5,6,38,3.6635616461296463,1,2,3,3,8,2,0,4297.0
12,2.5649493574615367,1,0,2,5,2,10,2.3978952727983707,1,1,0,3,0,42,3.7612001156935624,1,0,2,0,2,2,0,65.0
17,2.8903717578961645,0,2,2,3,7,22,3.1354942159291497,1,1,2,1,2,40,3.713572066704308,1,1,0,5,0,1,0,31231.0
13,2.6390573296152584,0,1,3,6,3,19,2.995732273553991,0,1,4,5,9,41,3.7376696182833684,0,2,1,6,1,1,0,10883.0
7,2.0794415416798357,0,1,2,0,7,6,1.9459101490553132,1,0,1,6,6,14,2.70805020110221,1,2,4,0,4,1,1,9.0
11,2.4849066497880004,0,2,1,4,1,8,2.1972245773362196,1,2,3,1,8,28,3.367295829986474,1,1,3,0,8,1,0,5591.0
10,2.3978952727983707,1,1,0,3,0,17,2.8903717578961645,0,2,2,3,7,34,3.5553480614894135,1,1,4,6,4,1,1,1577.0
4,1.6094379124341003,1,1,4,4,4,4,1.6094379124341003,1,1,4,4,4,15,2.772588722239781,0,0,0,1,5,1,1,689.0
8,2.1972245773362196,1,2,3,1,8,11,2.4849066497880004,0,2,1,4,1,21,3.091042453358316,0,0,1,0,1,1,0,4073.0
18,2.9444389791664403,1,0,3,4,8,10,2.3978952727983707,1,1,0,3,0,34,3.5553480614894135,1,1,4,6,4,2,0,817.0
9,2.302585092994046,0,0,4,2,9,3,1.3862943611198906,0,0,3,3,3,19,2.995732273553991,0,1,4,5,9,1,1,653.0
15,2.772588722239781,0,0,0,1,5,3,1.3862943611198906,0,0,3,3,3,21,3.091042453358316,0,0,1,0,1,3,2,39.0
15,2.772588722239781,0,0,0,1,5,4,1.6094379124341003,1,1,4,4,4,34,3.5553480614894135,1,1,4,6,4,1,0,5011.0
7,2.0794415416798357,0,1,2,0,7,2,1.0986122886681098,1,2,2,2,2,15,2.772588722239781,0,0,0,1,5,1,0,149.0
18,2.9444389791664403,1,0,3,4,8,3,1.3862943611198906,0,0,3,3,3,22,3.1354942159291497,1,1,2,1,2,1,1,317.0
11,2.4849066497880004,0,2,1,4,1,3,1.3862943611198906,0,0,3,3,3,23,3.1780538303479458,0,2,3,2,3,1,0,321.0
4,1.6094379124341003,1,1,4,4,4,2,1.0986122886681098,1,2,2,2,2,8,2.1972245773362196,1,2,3,1,8,2,3,11.0
7,2.0794415416798357,0,1,2,0,7,6,1.9459101490553132,1,0,1,6,6,23,3.1780538303479458,0,2,3,2,3,1,0,201.0
14,2.70805020110221,1,2,4,0,4,10,2.3978952727983707,1,1,0,3,0,25,3.258096538021482,0,1,0,4,5,1,0,7429.0
12,2.5649493574615367,1,0,2,5,2,2,1.0986122886681098,1,2,2,2,2,36,3.6109179126442243,1,0,1,1,6,2,3,5.0
8,2.1972245773362196,1,2,3,1,8,4,1.6094379124341003,1,1,4,4,4,19,2.995732273553991,0,1,4,5,9,1,1,1513.0
11,2.4849066497880004,0,2,1,4,1,16,2.833213344056216,1,1,1,2,6,37,3.6375861597263857,0,1,2,2,7,1,0,446.0
9,2.302585092994046,0,0,4,2,9,4,1.6094379124341003,1,1,4,4,4,28,3.367295829986474,1,1,3,0,8,1,1,2719.0
9,2.302585092994046,0,0,4,2,9,15,2.772588722239781,0,0,0,1,5,26,3.295836866004329,1,2,1,5,6,1,0,1523.0
5,1.791759469228055,0,2,0,5,5,2,1.0986122886681098,1,2,2,2,2,17,2.8903717578961645,0,2,2,3,7,1,0,151.0
3,1.3862943611198906,0,0,3,3,3,21,3.091042453358316,0,0,1,0,1,31,3.4657359027997265,0,1,1,3,1,1,1,347.0
17,2.8903717578961645,0,2,2,3,7,2,1.0986122886681098,1,2,2,2,2,29,3.4011973816621555,0,2,4,1,9,1,0,631.0
17,2.8903717578961645,0,2,2,3,7,12,2.5649493574615367,1,0,2,5,2,32,3.4965075614664802,1,2,2,4,2,1,0,4597.0
17,2.8903717578961645,0,2,2,3,7,2,1.0986122886681098,1,2,2,2,2,23,3.1780538303479458,0,2,3,2,3,1,0,451.0
7,2.0794415416798357,0,1,2,0,7,4,1.6094379124341003,1,1,4,4,4,23,3.1780538303479458,0,2,3,2,3,1,0,221.0
4,1.6094379124341003,1,1,4,4,4,2,1.0986122886681098,1,2,2,2,2,28,3.367295829986474,1,1,3,0,8,2,3,19.0
17,2.8903717578961645,0,2,2,3,7,6,1.9459101490553132,1,0,1,6,6,24,3.2188758248682006,1,0,4,3,4,1,1,5183.0
2,1.0986122886681098,1,2,2,2,2,5,1.791759469228055,0,2,0,5,5,26,3.295836866004329,1,2,1,5,6,1,1,149.0
17,2.8903717578961645,0,2,2,3,7,12,2.5649493574615367,1,0,2,5,2,40,3.713572066704308,1,1,0,5,0,1,0,5877.0
19,2.995732273553991,0,1,4,5,9,5,1.791759469228055,0,2,0,5,5,37,3.6375861597263857,0,1,2,2,7,1,0,4019.0
4,1.6094379124341003,1,1,4,4,4,5,1.791759469228055,0,2,0,5,5,11,2.4849066497880004,0,2,1,4,1,1,0,109.0
13,2.6390573296152584,0,1,3,6,3,12,2.5649493574615367,1,0,2,5,2,31,3.4657359027997265,0,1,1,3,1,1,0,436.0
17,2.8903717578961645,0,2,2,3,7,10,2.3978952727983707,1,1,0,3,0,38,3.6635616461296463,1,2,3,3,8,1,0,2815.0
14,2.70805020110221,1,2,4,0,4,2,1.0986122886681098,1,2,2,2,2,18,2.9444389791664403,1,0,3,4,8,2,2,71.0
15,2.772588722239781,0,0,0,1,5,5,1.791759469228055,0,2,0,5,5,24,3.2188758248682006,1,0,4,3,4,1,1,439.0
11,2.4849066497880004,0,2,1,4,1,5,1.791759469228055,0,2,0,5,5,24,3.2188758248682006,1,0,4,3,4,1,0,619.0
14,2.70805020110221,1,2,4,0,4,2,1.0986122886681098,1,2,2,2,2,19,2.995732273553991,0,1,4,5,9,1,1,1229.0
9,2.302585092994046,0,0,4,2,9,20,3.044522437723423,1,2,0,6,0,30,3.4339872044851463,1,0,0,2,0,1,0,1291.0
3,1.3862943611198906,0,0,3,3,3,2,1.0986122886681098,1,2,2,2,2,31,3.4657359027997265,0,1,1,3,1,1,0,331.0
20,3.044522437723423,1,2,0,6,0,5,1.791759469228055,0,2,0,5,5,38,3.6635616461296463,1,2,3,3,8,1,1,2161.0
20,3.044522437723423,1,2,0,6,0,15,2.772588722239781,0,0,0,1,5,39,3.6888794541139363,0,0,4,4,9,1,0,24521.0
14,2.70805020110221,1,2,4,0,4,11,2.4849066497880004,0,2,1,4,1,41,3.7376696182833684,0,2,1,6,1,1,0,1283.0
11,2.4849066497880004,0,2,1,4,1,6,1.9459101490553132,1,0,1,6,6,18,2.9444389791664403,1,0,3,4,8,1,1,2579.0
5,1.791759469228055,0,2,0,5,5,26,3.295836866004329,1,2,1,5,6,33,3.5263605246161616,0,0,3,5,3,1,0,2411.0
19,2.995732273553991,0,1,4,5,9,15,2.772588722239781,0,0,0,1,5,35,3.58351893845611,0,2,0,0,5,1,0,3469.0
4,1.6094379124341003,1,1,4,4,4,1,0.6931471805599453,0,1,1,1,1,10,2.3978952727983707,1,1,0,3,0,1,2,41.0
2,1.0986122886681098,1,2,2,2,2,12,2.5649493574615367,1,0,2,5,2,17,2.8903717578961645,0,2,2,3,7,1,1,367.0
18,2.9444389791664403,1,0,3,4,8,17,2.8903717578961645,0,2,2,3,7,36,3.6109179126442243,1,0,1,1,6,1,1,71.0
12,2.5649493574615367,1,0,2,5,2,7,2.0794415416798357,0,1,2,0,7,22,3.1354942159291497,1,1,2,1,2,1,0,1009.0
14,2.70805020110221,1,2,4,0,4,1,0.6931471805599453,0,1,1,1,1,36,3.6109179126442243,1,0,1,1,6,1,2,527.0
16,2.833213344056216,1,1,1,2,6,1,0.6931471805599453,0,1,1,1,1,31,3.4657359027997265,0,1,1,3,1,1,2,1697.0
8,2.1972245773362196,1,2,3,1,8,8,2.1972245773362196,1,2,3,1,8,23,3.1780538303479458,0,2,3,2,3,1,1,3409.0
20,3.044522437723423,1,2,0,6,0,4,1.6094379124341003,1,1,4,4,4,29,3.4011973816621555,0,2,4,1,9,1,1,5081.0
5,1.791759469228055,0,2,0,5,5,6,1.9459101490553132,1,0,1,6,6,34,3.5553480614894135,1,1,4,6,4,1,0,1057.0
3,1.3862943611198906,0,0,3,3,3,6,1.9459101490553132,1,0,1,6,6,12,2.5649493574615367,1,0,2,5,2,3,3,21.0
6,1.9459101490553132,1,0,1,6,6,24,3.2188758248682006,1,0,4,3,4,32,3.4965075614664802,1,2,2,4,2,2,1,2551.0
17,2.8903717578961645,0,2,2,3,7,1,0.6931471805599453,0,1,1,1,1,24,3.2188758248682006,1,0,4,3,4,1,2,1103.0
11,2.4849066497880004,0,2,1,4,1,19,2.995732273553991,0,1,4,5,9,35,3.58351893845611,0,2,0,0,5,1,0,7867.0
7,2.0794415416798357,0,1,2,0,7,8,2.1972245773362196,1,2,3,1,8,18,2.9444389791664403,1,0,3,4,8,1,0,2291.0
9,2.302585092994046,0,0,4,2,9,14,2.70805020110221,1,2,4,0,4,30,3.4339872044851463,1,0,0,2,0,1,0,133.0
7,2.0794415416798357,0,1,2,0,7,2,1.0986122886681098,1,2,2,2,2,13,2.6390573296152584,0,1,3,6,3,1,0,121.0
3,1.3862943611198906,0,0,3,3,3,2,1.0986122886681098,1,2,2,2,2,6,1.9459101490553132,1,0,1,6,6,1,2,11.0
7,2.0794415416798357,0,1,2,0,7,7,2.0794415416798357,0,1,2,0,7,30,3.4339872044851463,1,0,0,2,0,1,1,3791.0
3,1.3862943611198906,0,0,3,3,3,7,2.0794415416798357,0,1,2,0,7,16,2.833213344056216,1,1,1,2,6,1,0,919.0
17,2.8903717578961645,0,2,2,3,7,21,3.091042453358316,0,0,1,0,1,44,3.8066624897703196,1,2,4,2,4,1,0,11021.0
15,2.772588722239781,0,0,0,1,5,2,1.0986122886681098,1,2,2,2,2,24,3.2188758248682006,1,0,4,3,4,1,1,199.0
17,2.8903717578961645,0,2,2,3,7,6,1.9459101490553132,1,0,1,6,6,28,3.367295829986474,1,1,3,0,8,1,0,2069.0
11,2.4849066497880004,0,2,1,4,1,5,1.791759469228055,0,2,0,5,5,35,3.58351893845611,0,2,0,0,5,1,1,2477.0
20,3.044522437723423,1,2,0,6,0,10,2.3978952727983707,1,1,0,3,0,50,3.9318256327243257,1,2,0,1,0,10,2,221.0
6,1.9459101490553132,1,0,1,6,6,21,3.091042453358316,0,0,1,0,1,30,3.4339872044851463,1,0,0,2,0,3,1,39.0
8,2.1972245773362196,1,2,3,1,8,1,0.6931471805599453,0,1,1,1,1,36,3.6109179126442243,1,0,1,1,6,1,2,113.0
20,3.044522437723423,1,2,0,6,0,14,2.70805020110221,1,2,4,0,4,49,3.912023005428146,0,1,4,0,9,1,0,29441.0
4,1.6094379124341003,1,1,4,4,4,11,2.4849066497880004,0,2,1,4,1,28,3.367295829986474,1,1,3,0,8,1,1,101.0
19,2.995732273553991,0,1,4,5,9,7,2.0794415416798357,0,1,2,0,7,46,3.8501476017100584,1,1,1,4,6,1,0,13991.0
8,2.1972245773362196,1,2,3,1,8,17,2.8903717578961645,0,2,2,3,7,28,3.367295829986474,1,1,3,0,8,1,0,521.0
13,2.6390573296152584,0,1,3,6,3,9,2.302585092994046,0,0,4,2,9,24,3.2188758248682006,1,0,4,3,4,1,0,6023.0
2,1.0986122886681098,1,2,2,2,2,12,2.5649493574615367,1,0,2,5,2,19,2.995732273553991,0,1,4,5,9,1,1,423.0
18,2.9444389791664403,1,0,3,4,8,3,1.3862943611198906,0,0,3,3,3,29,3.4011973816621555,0,2,4,1,9,1,1,3649.0
4,1.6094379124341003,1,1,4,4,4,4,1.6094379124341003,1,1,4,4,4,25,3.258096538021482,0,1,0,4,5,1,1,1409.0
11,2.4849066497880004,0,2,1,4,1,7,2.0794415416798357,0,1,2,0,7,27,3.332204510175204,0,0,2,6,7,1,0,2383.0
9,2.302585092994046,0,0,4,2,9,6,1.9459101490553132,1,0,1,6,6,25,3.258096538021482,0,1,0,4,5,1,0,811.0
20,3.044522437723423,1,2,0,6,0,15,2.772588722239781,0,0,0,1,5,38,3.6635616461296463,1,2,3,3,8,1,0,1987.0
20,3.044522437723423,1,2,0,6,0,23,3.1780538303479458,0,2,3,2,3,49,3.912023005428146,0,1,4,0,9,1,0,2047.0
20,3.044522437723423,1,2,0,6,0,12,2.5649493574615367,1,0,2,5,2,36,3.6109179126442243,1,0,1,1,6,4,1,142.0
3,1.3862943611198906,0,0,3,3,3,11,2.4849066497880004,0,2,1,4,1,22,3.1354942159291497,1,1,2,1,2,1,1,1927.0
10,2.3978952727983707,1,1,0,3,0,4,1.6094379124341003,1,1,4,4,4,19,2.995732273553991,0,1,4,5,9,1,0,1781.0
8,2.1972245773362196,1,2,3,1,8,16,2.833213344056216,1,1,1,2,6,25,3.258096538021482,0,1,0,4,5,1,1,6961.0
2,1.0986122886681098,1,2,2,2,2,10,2.3978952727983707,1,1,0,3,0,14,2.70805020110221,1,2,4,0,4,2,2,47.0
16,2.833213344056216,1,1,1,2,6,22,3.1354942159291497,1,1,2,1,2,45,3.828641396489095,0,0,0,3,5,1,0,33449.0
2,1.0986122886681098,1,2,2,2,2,9,2.302585092994046,0,0,4,2,9,13,2.6390573296152584,0,1,3,6,3,1,0,211.0
20,3.044522437723423,1,2,0,6,0,5,1.791759469228055,0,2,0,5,5,45,3.828641396489095,0,0,0,3,5,5,2,85.0
18,2.9444389791664403,1,0,3,4,8,11,2.4849066497880004,0,2,1,4,1,32,3.4965075614664802,1,2,2,4,2,1,0,3343.0
3,1.3862943611198906,0,0,3,3,3,3,1.3862943611198906,0,0,3,3,3,15,2.772588722239781,0,0,0,1,5,3,3,9.0
6,1.9459101490553132,1,0,1,6,6,4,1.6094379124341003,1,1,4,4,4,14,2.70805020110221,1,2,4,0,4,2,0,26.0
20,3.044522437723423,1,2,0,6,0,2,1.0986122886681098,1,2,2,2,2,37,3.6375861597263857,0,1,2,2,7,1,1,3929.0
17,2.8903717578961645,0,2,2,3,7,18,2.9444389791664403,1,0,3,4,8,41,3.7376696182833684,0,2,1,6,1,1,0,2207.0
19,2.995732273553991,0,1,4,5,9,5,1.791759469228055,0,2,0,5,5,26,3.295836866004329,1,2,1,5,6,1,0,1051.0
20,3.044522437723423,1,2,0,6,0,2,1.0986122886681098,1,2,2,2,2,33,3.5263605246161616,0,0,3,5,3,1,1,3329.0
16,2.833213344056216,1,1,1,2,6,6,1.9459101490553132,1,0,1,6,6,29,3.4011973816621555,0,2,4,1,9,1,0,2051.0
14,2.70805020110221,1,2,4,0,4,5,1.791759469228055,0,2,0,5,5,20,3.044522437723423,1,2,0,6,0,1,1,751.0
15,2.772588722239781,0,0,0,1,5,2,1.0986122886681098,1,2,2,2,2,22,3.1354942159291497,1,1,2,1,2,1,1,1579.0
17,2.8903717578961645,0,2,2,3,7,22,3.1354942159291497,1,1,2,1,2,44,3.8066624897703196,1,2,4,2,4,1,1,34559.0
18,2.9444389791664403,1,0,3,4,8,4,1.6094379124341003,1,1,4,4,4,39,3.6888794541139363,0,0,4,4,9,1,0,757.0
4,1.6094379124341003,1,1,4,4,4,19,2.995732273553991,0,1,4,5,9,34,3.5553480614894135,1,1,4,6,4,1,0,83.0
17,2.8903717578961645,0,2,2,3,7,25,3.258096538021482,0,1,0,4,5,43,3.784189633918261,0,1,3,1,3,1,0,3811.0
14,2.70805020110221,1,2,4,0,4,20,3.044522437723423,1,2,0,6,0,35,3.58351893845611,0,2,0,0,5,1,0,421.0
20,3.044522437723423,1,2,0,6,0,6,1.9459101490553132,1,0,1,6,6,46,3.8501476017100584,1,1,1,4,6,2,0,1063.0
18,2.9444389791664403,1,0,3,4,8,22,3.1354942159291497,1,1,2,1,2,42,3.7612001156935624,1,0,2,0,2,2,0,241.0
2,1.0986122886681098,1,2,2,2,2,8,2.1972245773362196,1,2,3,1,8,32,3.4965075614664802,1,2,2,4,2,2,3,511.0
12,2.5649493574615367,1,0,2,5,2,1,0.6931471805599453,0,1,1,1,1,19,2.995732273553991,0,1,4,5,9,1,2,673.0
11,2.4849066497880004,0,2,1,4,1,10,2.3978952727983707,1,1,0,3,0,23,3.1780538303479458,0,2,3,2,3,1,0,1367.0
9,2.302585092994046,0,0,4,2,9,3,1.3862943611198906,0,0,3,3,3,30,3.4339872044851463,1,0,0,2,0,3,2,271.0
3,1.3862943611198906,0,0,3,3,3,4,1.6094379124341003,1,1,4,4,4,17,2.8903717578961645,0,2,2,3,7,1,0,86.0
13,2.6390573296152584,0,1,3,6,3,17,2.8903717578961645,0,2,2,3,7,37,3.6375861597263857,0,1,2,2,7,1,0,8777.0
18,2.9444389791664403,1,0,3,4,8,5,1.791759469228055,0,2,0,5,5,42,3.7612001156935624,1,0,2,0,2,1,0,25.0
16,2.833213344056216,1,1,1,2,6,12,2.5649493574615367,1,0,2,5,2,29,3.4011973816621555,0,2,4,1,9,1,0,3907.0
10,2.3978952727983707,1,1,0,3,0,2,1.0986122886681098,1,2,2,2,2,39,3.6888794541139363,0,0,4,4,9,1,1,2981.0
7,2.0794415416798357,0,1,2,0,7,6,1.9459101490553132,1,0,1,6,6,18,2.9444389791664403,1,0,3,4,8,1,1,1787.0
20,3.044522437723423,1,2,0,6,0,6,1.9459101490553132,1,0,1,6,6,42,3.7612001156935624,1,0,2,0,2,2,1,2861.0
16,2.833213344056216,1,1,1,2,6,5,1.791759469228055,0,2,0,5,5,22,3.1354942159291497,1,1,2,1,2,1,0,937.0
10,2.3978952727983707,1,1,0,3,0,11,2.4849066497880004,0,2,1,4,1,30,3.4339872044851463,1,0,0,2,0,1,1,37.0
12,2.5649493574615367,1,0,2,5,2,7,2.0794415416798357,0,1,2,0,7,34,3.5553480614894135,1,1,4,6,4,1,0,1681.0
7,2.0794415416798357,0,1,2,0,7,17,2.8903717578961645,0,2,2,3,7,28,3.367295829986474,1,1,3,0,8,1,1,151.0
10,2.3978952727983707,1,1,0,3,0,4,1.6094379124341003,1,1,4,4,4,18,2.9444389791664403,1,0,3,4,8,2,0,52.0
17,2.8903717578961645,0,2,2,3,7,6,1.9459101490553132,1,0,1,6,6,29,3.4011973816621555,0,2,4,1,9,1,0,539.0
17,2.8903717578961645,0,2,2,3,7,8,2.1972245773362196,1,2,3,1,8,46,3.8501476017100584,1,1,1,4,6,1,0,14339.0
4,1.6094379124341003,1,1,4,4,4,12,2.5649493574615367,1,0,2,5,2,17,2.8903717578961645,0,2,2,3,7,1,1,635.0
17,2.8903717578961645,0,2,2,3,7,21,3.091042453358316,0,0,1,0,1,43,3.784189633918261,0,1,3,1,3,1,0,5377.0
15,2.772588722239781,0,0,0,1,5,3,1.3862943611198906,0,0,3,3,3,19,2.995732273553991,0,1,4,5,9,1,1,923.0
4,1.6094379124341003,1,1,4,4,4,7,2.0794415416798357,0,1,2,0,7,12,2.5649493574615367,1,0,2,5,2,1,1,25.0
15,2.772588722239781,0,0,0,1,5,24,3.2188758248682006,1,0,4,3,4,43,3.784189633918261,0,1,3,1,3,1,0,4073.0
20,3.044522437723423,1,2,0,6,0,12,2.5649493574615367,1,0,2,5,2,41,3.7376696182833684,0,2,1,6,1,1,0,6987.0
9,2.302585092994046,0,0,4,2,9,21,3.091042453358316,0,0,1,0,1,34,3.5553480614894135,1,1,4,6,4,1,0,13927.0
6,1.9459101490553132,1,0,1,6,6,9,2.302585092994046,0,0,4,2,9,31,3.4657359027997265,0,1,1,3,1,1,0,4273.0
14,2.70805020110221,1,2,4,0,4,10,2.3978952727983707,1,1,0,3,0,26,3.295836866004329,1,2,1,5,6,2,0,97.0
14,2.70805020110221,1,2,4,0,4,19,2.995732273553991,0,1,4,5,9,44,3.8066624897703196,1,2,4,2,4,1,0,6287.0
18,2.9444389791664403,1,0,3,4,8,8,2.1972245773362196,1,2,3,1,8,38,3.6635616461296463,1,2,3,3,8,2,0,377.0
2,1.0986122886681098,1,2,2,2,2,1,0.6931471805599453,0,1,1,1,1,10,2.3978952727983707,1,1,0,3,0,1,3,17.0
5,1.791759469228055,0,2,0,5,5,5,1.791759469228055,0,2,0,5,5,19,2.995732273553991,0,1,4,5,9,1,1,643.0
8,2.1972245773362196,1,2,3,1,8,1,0.6931471805599453,0,1,1,1,1,15,2.772588722239781,0,0,0,1,5,1,2,401.0
6,1.9459101490553132,1,0,1,6,6,3,1.3862943611198906,0,0,3,3,3,16,2.833213344056216,1,1,1,2,6,1,1,199.0
15,2.772588722239781,0,0,0,1,5,5,1.791759469228055,0,2,0,5,5,28,3.367295829986474,1,1,3,0,8,1,1,4759.0
12,2.5649493574615367,1,0,2,5,2,1,0.6931471805599453,0,1,1,1,1,17,2.8903717578961645,0,2,2,3,7,1,2,553.0
13,2.6390573296152584,0,1,3,6,3,20,3.044522437723423,1,2,0,6,0,41,3.7376696182833684,0,2,1,6,1,1,0,2854.0
8,2.1972245773362196,1,2,3,1,8,20,3.044522437723423,1,2,0,6,0,31,3.4657359027997265,0,1,1,3,1,1,0,10817.0
14,2.70805020110221,1,2,4,0,4,2,1.0986122886681098,1,2,2,2,2,25,3.258096538021482,0,1,0,4,5,1,1,1829.0
10,2.3978952727983707,1,1,0,3,0,21,3.091042453358316,0,0,1,0,1,36,3.6109179126442243,1,0,1,1,6,1,0,4079.0
7,2.0794415416798357,0,1,2,0,7,11,2.4849066497880004,0,2,1,4,1,20,3.044522437723423,1,2,0,6,0,1,0,3431.0
11,2.4849066497880004,0,2,1,4,1,3,1.3862943611198906,0,0,3,3,3,24,3.2188758248682006,1,0,4,3,4,1,1,2039.0
20,3.044522437723423,1,2,0,6,0,7,2.0794415416798357,0,1,2,0,7,36,3.6109179126442243,1,0,1,1,6,1,0,49.0
19,2.995732273553991,0,1,4,5,9,3,1.3862943611198906,0,0,3,3,3,48,3.8918202981106265,1,0,3,6,8,1,1,7415.0
15,2.772588722239781,0,0,0,1,5,4,1.6094379124341003,1,1,4,4,4,21,3.091042453358316,0,0,1,0,1,1,0,38.0
8,2.1972245773362196,1,2,3,1,8,23,3.1780538303479458,0,2,3,2,3,35,3.58351893845611,0,2,0,0,5,1,0,14041.0
10,2.3978952727983707,1,1,0,3,0,1,0.6931471805599453,0,1,1,1,1,22,3.1354942159291497,1,1,2,1,2,1,2,103.0
4,1.6094379124341003,1,1,4,4,4,4,1.6094379124341003,1,1,4,4,4,30,3.4339872044851463,1,0,0,2,0,2,1,461.0
12,2.5649493574615367,1,0,2,5,2,13,2.6390573296152584,0,1,3,6,3,27,3.332204510175204,0,0,2,6,7,1,0,77.0
4,1.6094379124341003,1,1,4,4,4,11,2.4849066497880004,0,2,1,4,1,17,2.8903717578961645,0,2,2,3,7,1,0,1769.0
14,2.70805020110221,1,2,4,0,4,13,2.6390573296152584,0,1,3,6,3,41,3.7376696182833684,0,2,1,6,1,1,0,16409.0
2,1.0986122886681098,1,2,2,2,2,3,1.3862943611198906,0,0,3,3,3,23,3.1780538303479458,0,2,3,2,3,1,0,267.0
14,2.70805020110221,1,2,4,0,4,16,2.833213344056216,1,1,1,2,6,32,3.4965075614664802,1,2,2,4,2,2,1,3791.0
6,1.9459101490553132,1,0,1,6,6,6,1.9459101490553132,1,0,1,6,6,26,3.295836866004329,1,2,1,5,6,2,1,157.0
12,2.5649493574615367,1,0,2,5,2,12,2.5649493574615367,1,0,2,5,2,28,3.367295829986474,1,1,3,0,8,4,1,68.0
17,2.8903717578961645,0,2,2,3,7,11,2.4849066497880004,0,2,1,4,1,30,3.4339872044851463,1,0,0,2,0,1,0,11831.0
5,1.791759469228055,0,2,0,5,5,10,2.3978952727983707,1,1,0,3,0,27,3.332204510175204,0,0,2,6,7,1,1,851.0
3,1.3862943611198906,0,0,3,3,3,7,2.0794415416798357,0,1,2,0,7,24,3.2188758248682006,1,0,4,3,4,1,1,25.0
2,1.0986122886681098,1,2,2,2,2,11,2.4849066497880004,0,2,1,4,1,31,3.4657359027997265,0,1,1,3,1,1,0,211.0
20,3.044522437723423,1,2,0,6,0,2,1.0986122886681098,1,2,2,2,2,26,3.295836866004329,1,2,1,5,6,2,2,589.0
7,2.0794415416798357,0,1,2,0,7,5,1.791759469228055,0,2,0,5,5,32,3.4965075614664802,1,2,2,4,2,1,0,643.0
20,3.044522437723423,1,2,0,6,0,3,1.3862943611198906,0,0,3,3,3,38,3.6635616461296463,1,2,3,3,8,1,0,467.0
7,2.0794415416798357,0,1,2,0,7,11,2.4849066497880004,0,2,1,4,1,30,3.4339872044851463,1,0,0,2,0,1,0,5471.0
13,2.6390573296152584,0,1,3,6,3,2,1.0986122886681098,1,2,2,2,2,42,3.7612001156935624,1,0,2,0,2,1,1,3779.0
12,2.5649493574615367,1,0,2,5,2,13,2.6390573296152584,0,1,3,6,3,40,3.713572066704308,1,1,0,5,0,1,0,67.0
4,1.6094379124341003,1,1,4,4,4,11,2.4849066497880004,0,2,1,4,1,24,3.2188758248682006,1,0,4,3,4,1,1,167.0
6,1.9459101490553132,1,0,1,6,6,2,1.0986122886681098,1,2,2,2,2,14,2.70805020110221,1,2,4,0,4,2,2,31.0
5,1.791759469228055,0,2,0,5,5,7,2.0794415416798357,0,1,2,0,7,22,3.1354942159291497,1,1,2,1,2,1,0,1999.0
11,2.4849066497880004,0,2,1,4,1,13,2.6390573296152584,0,1,3,6,3,35,3.58351893845611,0,2,0,0,5,1,0,5557.0
13,2.6390573296152584,0,1,3,6,3,1,0.6931471805599453,0,1,1,1,1,19,2.995732273553991,0,1,4,5,9,1,2,343.0
19,2.995732273553991,0,1,4,5,9,20,3.044522437723423,1,2,0,6,0,48,3.8918202981106265,1,0,3,6,8,1,0,38423.0
13,2.6390573296152584,0,1,3,6,3,2,1.0986122886681098,1,2,2,2,2,31,3.4657359027997265,0,1,1,3,1,1,0,601.0
13,2.6390573296152584,0,1,3,6,3,5,1.791759469228055,0,2,0,5,5,40,3.713572066704308,1,1,0,5,0,1,1,6631.0
16,2.833213344056216,1,1,1,2,6,2,1.0986122886681098,1,2,2,2,2,26,3.295836866004329,1,2,1,5,6,2,2,521.0
10,2.3978952727983707,1,1,0,3,0,4,1.6094379124341003,1,1,4,4,4,17,2.8903717578961645,0,2,2,3,7,1,0,1549.0
5,1.791759469228055,0,2,0,5,5,3,1.3862943611198906,0,0,3,3,3,9,2.302585092994046,0,0,4,2,9,1,1,163.0
16,2.833213344056216,1,1,1,2,6,9,2.302585092994046,0,0,4,2,9,46,3.8501476017100584,1,1,1,4,6,1,0,1259.0
9,2.302585092994046,0,0,4,2,9,10,2.3978952727983707,1,1,0,3,0,20,3.044522437723423,1,2,0,6,0,1,1,3919.0
4,1.6094379124341003,1,1,4,4,4,6,1.9459101490553132,1,0,1,6,6,23,3.1780538303479458,0,2,3,2,3,1,0,539.0
11,2.4849066497880004,0,2,1,4,1,17,2.8903717578961645,0,2,2,3,7,31,3.4657359027997265,0,1,1,3,1,1,0,6217.0
8,2.1972245773362196,1,2,3,1,8,7,2.0794415416798357,0,1,2,0,7,22,3.1354942159291497,1,1,2,1,2,1,0,103.0
17,2.8903717578961645,0,2,2,3,7,4,1.6094379124341003,1,1,4,4,4,32,3.4965075614664802,1,2,2,4,2,1,1,5087.0
12,2.5649493574615367,1,0,2,5,2,1,0.6931471805599453,0,1,1,1,1,34,3.5553480614894135,1,1,4,6,4,1,2,457.0
8,2.1972245773362196,1,2,3,1,8,3,1.3862943611198906,0,0,3,3,3,17,2.8903717578961645,0,2,2,3,7,1,0,347.0
14,2.70805020110221,1,2,4,0,4,8,2.1972245773362196,1,2,3,1,8,30,3.4339872044851463,1,0,0,2,0,2,0,116.0
13,2.6390573296152584,0,1,3,6,3,11,2.4849066497880004,0,2,1,4,1,34,3.5553480614894135,1,1,4,6,4,1,0,10711.0
12,2.5649493574615367,1,0,2,5,2,8,2.1972245773362196,1,2,3,1,8,41,3.7376696182833684,0,2,1,6,1,1,0,9409.0
4,1.6094379124341003,1,1,4,4,4,2,1.0986122886681098,1,2,2,2,2,10,2.3978952727983707,1,1,0,3,0,2,2,61.0
18,2.9444389791664403,1,0,3,4,8,8,2.1972245773362196,1,2,3,1,8,30,3.4339872044851463,1,0,0,2,0,2,0,16.0
15,2.772588722239781,0,0,0,1,5,24,3.2188758248682006,1,0,4,3,4,45,3.828641396489095,0,0,0,3,5,3,1,19.0
8,2.1972245773362196,1,2,3,1,8,15,2.772588722239781,0,0,0,1,5,35,3.58351893845611,0,2,0,0,5,1,0,3187.0
10,2.3978952727983707,1,1,0,3,0,21,3.091042453358316,0,0,1,0,1,37,3.6375861597263857,0,1,2,2,7,1,0,5603.0
7,2.0794415416798357,0,1,2,0,7,16,2.833213344056216,1,1,1,2,6,25,3.258096538021482,0,1,0,4,5,1,0,193.0
15,2.772588722239781,0,0,0,1,5,14,2.70805020110221,1,2,4,0,4,38,3.6635616461296463,1,2,3,3,8,1,0,17179.0
15,2.772588722239781,0,0,0,1,5,3,1.3862943611198906,0,0,3,3,3,26,3.295836866004329,1,2,1,5,6,1,1,2791.0
18,2.9444389791664403,1,0,3,4,8,2,1.0986122886681098,1,2,2,2,2,37,3.6375861597263857,0,1,2,2,7,1,1,3709.0
14,2.70805020110221,1,2,4,0,4,16,2.833213344056216,1,1,1,2,6,37,3.6375861597263857,0,1,2,2,7,1,0,17749.0
7,2.0794415416798357,0,1,2,0,7,12,2.5649493574615367,1,0,2,5,2,26,3.295836866004329,1,2,1,5,6,1,0,1665.0
3,1.3862943611198906,0,0,3,3,3,4,1.6094379124341003,1,1,4,4,4,18,2.9444389791664403,1,0,3,4,8,1,1,83.0
12,2.5649493574615367,1,0,2,5,2,14,2.70805020110221,1,2,4,0,4,27,3.332204510175204,0,0,2,6,7,1,0,1073.0
10,2.3978952727983707,1,1,0,3,0,11,2.4849066497880004,0,2,1,4,1,34,3.5553480614894135,1,1,4,6,4,1,0,97.0
17,2.8903717578961645,0,2,2,3,7,22,3.1354942159291497,1,1,2,1,2,42,3.7612001156935624,1,0,2,0,2,1,0,32891.0
14,2.70805020110221,1,2,4,0,4,8,2.1972245773362196,1,2,3,1,8,27,3.332204510175204,0,0,2,6,7,1,0,6581.0
6,1.9459101490553132,1,0,1,6,6,5,1.791759469228055,0,2,0,5,5,35,3.58351893845611,0,2,0,0,5,1,1,3289.0
16,2.833213344056216,1,1,1,2,6,3,1.3862943611198906,0,0,3,3,3,34,3.5553480614894135,1,1,4,6,4,1,0,347.0
15,2.772588722239781,0,0,0,1,5,9,2.302585092994046,0,0,4,2,9,35,3.58351893845611,0,2,0,0,5,1,0,209.0
10,2.3978952727983707,1,1,0,3,0,16,2.833213344056216,1,1,1,2,6,27,3.332204510175204,0,0,2,6,7,1,0,9269.0
14,2.70805020110221,1,2,4,0,4,10,2.3978952727983707,1,1,0,3,0,35,3.58351893845611,0,2,0,0,5,1,0,221.0
15,2.772588722239781,0,0,0,1,5,6,1.9459101490553132,1,0,1,6,6,40,3.713572066704308,1,1,0,5,0,1,0,343.0
16,2.833213344056216,1,1,1,2,6,8,2.1972245773362196,1,2,3,1,8,29,3.4011973816621555,0,2,4,1,9,1,1,8009.0
17,2.8903717578961645,0,2,2,3,7,28,3.367295829986474,1,1,3,0,8,47,3.871201010907891,0,2,2,5,7,1,0,5833.0
9,2.302585092994046,0,0,4,2,9,1,0.6931471805599453,0,1,1,1,1,28,3.367295829986474,1,1,3,0,8,1,2,1207.0
12,2.5649493574615367,1,0,2,5,2,6,1.9459101490553132,1,0,1,6,6,19,2.995732273553991,0,1,4,5,9,1,1,2953.0
10,2.3978952727983707,1,1,0,3,0,8,2.1972245773362196,1,2,3,1,8,28,3.367295829986474,1,1,3,0,8,2,0,1291.0
14,2.70805020110221,1,2,4,0,4,9,2.302585092994046,0,0,4,2,9,38,3.6635616461296463,1,2,3,3,8,1,0,451.0
8,2.1972245773362196,1,2,3,1,8,4,1.6094379124341003,1,1,4,4,4,27,3.332204510175204,0,0,2,6,7,1,1,2393.0
19,2.995732273553991,0,1,4,5,9,3,1.3862943611198906,0,0,3,3,3,40,3.713572066704308,1,1,0,5,0,1,0,1933.0
12,2.5649493574615367,1,0,2,5,2,8,2.1972245773362196,1,2,3,1,8,37,3.6375861597263857,0,1,2,2,7,1,0,8329.0
2,1.0986122886681098,1,2,2,2,2,4,1.6094379124341003,1,1,4,4,4,15,2.772588722239781,0,0,0,1,5,1,1,461.0
18,2.9444389791664403,1,0,3,4,8,7,2.0794415416798357,0,1,2,0,7,28,3.367295829986474,1,1,3,0,8,1,1,1879.0
19,2.995732273553991,0,1,4,5,9,17,2.8903717578961645,0,2,2,3,7,42,3.7612001156935624,1,0,2,0,2,1,0,28535.0
7,2.0794415416798357,0,1,2,0,7,14,2.70805020110221,1,2,4,0,4,29,3.4011973816621555,0,2,4,1,9,1,1,1619.0
10,2.3978952727983707,1,1,0,3,0,6,1.9459101490553132,1,0,1,6,6,19,2.995732273553991,0,1,4,5,9,1,0,847.0
18,2.9444389791664403,1,0,3,4,8,10,2.3978952727983707,1,1,0,3,0,46,3.8501476017100584,1,1,1,4,6,2,0,1147.0
15,2.772588722239781,0,0,0,1,5,21,3.091042453358316,0,0,1,0,1,37,3.6375861597263857,0,1,2,2,7,1,0,12227.0
16,2.833213344056216,1,1,1,2,6,25,3.258096538021482,0,1,0,4,5,44,3.8066624897703196,1,2,4,2,4,1,0,461.0
20,3.044522437723423,1,2,0,6,0,21,3.091042453358316,0,0,1,0,1,46,3.8501476017100584,1,1,1,4,6,1,0,3363.0
13,2.6390573296152584,0,1,3,6,3,1,0.6931471805599453,0,1,1,1,1,26,3.295836866004329,1,2,1,5,6,1,3,7.0
11,2.4849066497880004,0,2,1,4,1,11,2.4849066497880004,0,2,1,4,1,25,3.258096538021482,0,1,0,4,5,1,1,3277.0
5,1.791759469228055,0,2,0,5,5,18,2.9444389791664403,1,0,3,4,8,31,3.4657359027997265,0,1,1,3,1,1,0,181.0
15,2.772588722239781,0,0,0,1,5,12,2.5649493574615367,1,0,2,5,2,32,3.4965075614664802,1,2,2,4,2,1,0,12319.0
16,2.833213344056216,1,1,1,2,6,4,1.6094379124341003,1,1,4,4,4,40,3.713572066704308,1,1,0,5,0,4,2,101.0
9,2.302585092994046,0,0,4,2,9,14,2.70805020110221,1,2,4,0,4,24,3.2188758248682006,1,0,4,3,4,1,0,727.0
8,2.1972245773362196,1,2,3,1,8,21,3.091042453358316,0,0,1,0,1,35,3.58351893845611,0,2,0,0,5,1,0,4307.0
19,2.995732273553991,0,1,4,5,9,11,2.4849066497880004,0,2,1,4,1,37,3.6375861597263857,0,1,2,2,7,1,0,8237.0
8,2.1972245773362196,1,2,3,1,8,2,1.0986122886681098,1,2,2,2,2,17,2.8903717578961645,0,2,2,3,7,1,1,769.0
2,1.0986122886681098,1,2,2,2,2,4,1.6094379124341003,1,1,4,4,4,11,2.4849066497880004,0,2,1,4,1,1,1,293.0
10,2.3978952727983707,1,1,0,3,0,11,2.4849066497880004,0,2,1,4,1,27,3.332204510175204,0,0,2,6,7,1,0,6569.0
18,2.9444389791664403,1,0,3,4,8,8,2.1972245773362196,1,2,3,1,8,40,3.713572066704308,1,1,0,5,0,2,1,3199.0
8,2.1972245773362196,1,2,3,1,8,4,1.6094379124341003,1,1,4,4,4,14,2.70805020110221,1,2,4,0,4,2,1,257.0
7,2.0794415416798357,0,1,2,0,7,7,2.0794415416798357,0,1,2,0,7,28,3.367295829986474,1,1,3,0,8,7,3,71.0
6,1.9459101490553132,1,0,1,6,6,27,3.332204510175204,0,0,2,6,7,35,3.58351893845611,0,2,0,0,5,1,0,12529.0
6,1.9459101490553132,1,0,1,6,6,3,1.3862943611198906,0,0,3,3,3,18,2.9444389791664403,1,0,3,4,8,3,3,13.0
17,2.8903717578961645,0,2,2,3,7,11,2.4849066497880004,0,2,1,4,1,38,3.6635616461296463,1,2,3,3,8,1,0,1397.0
9,2.302585092994046,0,0,4,2,9,8,2.1972245773362196,1,2,3,1,8,19,2.995732273553991,0,1,4,5,9,1,0,377.0
18,2.9444389791664403,1,0,3,4,8,5,1.791759469228055,0,2,0,5,5,31,3.4657359027997265,0,1,1,3,1,1,0,6217.0
5,1.791759469228055,0,2,0,5,5,2,1.0986122886681098,1,2,2,2,2,13,2.6390573296152584,0,1,3,6,3,1,0,101.0
12,2.5649493574615367,1,0,2,5,2,9,2.302585092994046,0,0,4,2,9,28,3.367295829986474,1,1,3,0,8,1,0,209.0
7,2.0794415416798357,0,1,2,0,7,4,1.6094379124341003,1,1,4,4,4,29,3.4011973816621555,0,2,4,1,9,1,0,302.0
14,2.70805020110221,1,2,4,0,4,1,0.6931471805599453,0,1,1,1,1,31,3.4657359027997265,0,1,1,3,1,1,2,1633.0
14,2.70805020110221,1,2,4,0,4,11,2.4849066497880004,0,2,1,4,1,27,3.332204510175204,0,0,2,6,7,1,0,8849.0
9,2.302585092994046,0,0,4,2,9,14,2.70805020110221,1,2,4,0,4,34,3.5553480614894135,1,1,4,6,4,1,0,9643.0
3,1.3862943611198906,0,0,3,3,3,11,2.4849066497880004,0,2,1,4,1,23,3.1780538303479458,0,2,3,2,3,1,0,1019.0
7,2.0794415416798357,0,1,2,0,7,8,2.1972245773362196,1,2,3,1,8,37,3.6375861597263857,0,1,2,2,7,1,0,683.0
19,2.995732273553991,0,1,4,5,9,10,2.3978952727983707,1,1,0,3,0,41,3.7376696182833684,0,2,1,6,1,1,0,845.0
16,2.833213344056216,1,1,1,2,6,5,1.791759469228055,0,2,0,5,5,39,3.6888794541139363,0,0,4,4,9,1,0,1501.0
11,2.4849066497880004,0,2,1,4,1,12,2.5649493574615367,1,0,2,5,2,36,3.6109179126442243,1,0,1,1,6,1,1,10679.0
14,2.70805020110221,1,2,4,0,4,24,3.2188758248682006,1,0,4,3,4,43,3.784189633918261,0,1,3,1,3,1,0,10183.0
2,1.0986122886681098,1,2,2,2,2,14,2.70805020110221,1,2,4,0,4,26,3.295836866004329,1,2,1,5,6,2,2,19.0
18,2.9444389791664403,1,0,3,4,8,6,1.9459101490553132,1,0,1,6,6,31,3.4657359027997265,0,1,1,3,1,1,1,7333.0
3,1.3862943611198906,0,0,3,3,3,4,1.6094379124341003,1,1,4,4,4,12,2.5649493574615367,1,0,2,5,2,1,2,47.0
18,2.9444389791664403,1,0,3,4,8,16,2.833213344056216,1,1,1,2,6,44,3.8066624897703196,1,2,4,2,4,2,0,6739.0
18,2.9444389791664403,1,0,3,4,8,3,1.3862943611198906,0,0,3,3,3,25,3.258096538021482,0,1,0,4,5,1,1,3001.0
5,1.791759469228055,0,2,0,5,5,9,2.302585092994046,0,0,4,2,9,19,2.995732273553991,0,1,4,5,9,1,0,341.0
11,2.4849066497880004,0,2,1,4,1,21,3.091042453358316,0,0,1,0,1,39,3.6888794541139363,0,0,4,4,9,1,0,1387.0
11,2.4849066497880004,0,2,1,4,1,4,1.6094379124341003,1,1,4,4,4,36,3.6109179126442243,1,0,1,1,6,1,1,4343.0
15,2.772588722239781,0,0,0,1,5,5,1.791759469228055,0,2,0,5,5,37,3.6375861597263857,0,1,2,2,7,1,1,3347.0
14,2.70805020110221,1,2,4,0,4,23,3.1780538303479458,0,2,3,2,3,42,3.7612001156935624,1,0,2,0,2,1,1,73.0
13,2.6390573296152584,0,1,3,6,3,2,1.0986122886681098,1,2,2,2,2,40,3.713572066704308,1,1,0,5,0,1,1,3511.0
17,2.8903717578961645,0,2,2,3,7,10,2.3978952727983707,1,1,0,3,0,44,3.8066624897703196,1,2,4,2,4,1,0,16607.0
4,1.6094379124341003,1,1,4,4,4,8,2.1972245773362196,1,2,3,1,8,14,2.70805020110221,1,2,4,0,4,2,1,269.0
15,2.772588722239781,0,0,0,1,5,19,2.995732273553991,0,1,4,5,9,44,3.8066624897703196,1,2,4,2,4,1,0,26791.0
11,2.4849066497880004,0,2,1,4,1,15,2.772588722239781,0,0,0,1,5,29,3.4011973816621555,0,2,4,1,9,1,0,343.0
15,2.772588722239781,0,0,0,1,5,15,2.772588722239781,0,0,0,1,5,33,3.5263605246161616,0,0,3,5,3,3,1,291.0
9,2.302585092994046,0,0,4,2,9,7,2.0794415416798357,0,1,2,0,7,30,3.4339872044851463,1,0,0,2,0,1,0,73.0
14,2.70805020110221,1,2,4,0,4,3,1.3862943611198906,0,0,3,3,3,29,3.4011973816621555,0,2,4,1,9,1,0,1027.0
20,3.044522437723423,1,2,0,6,0,9,2.302585092994046,0,0,4,2,9,39,3.6888794541139363,0,0,4,4,9,1,0,15161.0
3,1.3862943611198906,0,0,3,3,3,11,2.4849066497880004,0,2,1,4,1,30,3.4339872044851463,1,0,0,2,0,1,1,29.0
6,1.9459101490553132,1,0,1,6,6,1,0.6931471805599453,0,1,1,1,1,12,2.5649493574615367,1,0,2,5,2,1,3,7.0
15,2.772588722239781,0,0,0,1,5,2,1.0986122886681098,1,2,2,2,2,40,3.713572066704308,1,1,0,5,0,1,1,151.0
3,1.3862943611198906,0,0,3,3,3,10,2.3978952727983707,1,1,0,3,0,21,3.091042453358316,0,0,1,0,1,1,1,47.0
4,1.6094379124341003,1,1,4,4,4,23,3.1780538303479458,0,2,3,2,3,30,3.4339872044851463,1,0,0,2,0,1,0,1601.0
18,2.9444389791664403,1,0,3,4,8,6,1.9459101490553132,1,0,1,6,6,27,3.332204510175204,0,0,2,6,7,3,1,77.0
15,2.772588722239781,0,0,0,1,5,1,0.6931471805599453,0,1,1,1,1,25,3.258096538021482,0,1,0,4,5,1,2,23.0
18,2.9444389791664403,1,0,3,4,8,13,2.6390573296152584,0,1,3,6,3,40,3.713572066704308,1,1,0,5,0,1,0,4999.0
20,3.044522437723423,1,2,0,6,0,9,2.302585092994046,0,0,4,2,9,38,3.6635616461296463,1,2,3,3,8,1,0,409.0
16,2.833213344056216,1,1,1,2,6,4,1.6094379124341003,1,1,4,4,4,23,3.1780538303479458,0,2,3,2,3,1,1,3217.0
15,2.772588722239781,0,0,0,1,5,12,2.5649493574615367,1,0,2,5,2,31,3.4657359027997265,0,1,1,3,1,1,0,1487.0
16,2.833213344056216,1,1,1,2,6,5,1.791759469228055,0,2,0,5,5,31,3.4657359027997265,0,1,1,3,1,1,0,1133.0
4,1.6094379124341003,1,1,4,4,4,7,2.0794415416798357,0,1,2,0,7,17,2.8903717578961645,0,2,2,3,7,1,0,175.0
15,2.772588722239781,0,0,0,1,5,18,2.9444389791664403,1,0,3,4,8,44,3.8066624897703196,1,2,4,2,4,1,0,25471.0
8,2.1972245773362196,1,2,3,1,8,5,1.791759469228055,0,2,0,5,5,28,3.367295829986474,1,1,3,0,8,1,0,37.0
6,1.9459101490553132,1,0,1,6,6,4,1.6094379124341003,1,1,4,4,4,20,3.044522437723423,1,2,0,6,0,2,1,331.0
16,2.833213344056216,1,1,1,2,6,15,2.772588722239781,0,0,0,1,5,38,3.6635616461296463,1,2,3,3,8,1,0,1619.0
8,2.1972245773362196,1,2,3,1,8,25,3.258096538021482,0,1,0,4,5,37,3.6375861597263857,0,1,2,2,7,1,0,3221.0
5,1.791759469228055,0,2,0,5,5,2,1.0986122886681098,1,2,2,2,2,32,3.4965075614664802,1,2,2,4,2,1,1,1639.0
9,2.302585092994046,0,0,4,2,9,12,2.5649493574615367,1,0,2,5,2,33,3.5263605246161616,0,0,3,5,3,3,0,113.0
10,2.3978952727983707,1,1,0,3,0,4,1.6094379124341003,1,1,4,4,4,39,3.6888794541139363,0,0,4,4,9,1,0,4541.0
2,1.0986122886681098,1,2,2,2,2,26,3.295836866004329,1,2,1,5,6,29,3.4011973816621555,0,2,4,1,9,1,1,3853.0
16,2.833213344056216,1,1,1,2,6,13,2.6390573296152584,0,1,3,6,3,37,3.6375861597263857,0,1,2,2,7,1,0,16505.0
10,2.3978952727983707,1,1,0,3,0,1,0.6931471805599453,0,1,1,1,1,26,3.295836866004329,1,2,1,5,6,1,2,137.0
14,2.70805020110221,1,2,4,0,4,8,2.1972245773362196,1,2,3,1,8,43,3.784189633918261,0,1,3,1,3,1,0,11285.0
5,1.791759469228055,0,2,0,5,5,4,1.6094379124341003,1,1,4,4,4,11,2.4849066497880004,0,2,1,4,1,1,0,67.0
7,2.0794415416798357,0,1,2,0,7,6,1.9459101490553132,1,0,1,6,6,17,2.8903717578961645,0,2,2,3,7,1,0,139.0
17,2.8903717578961645,0,2,2,3,7,3,1.3862943611198906,0,0,3,3,3,31,3.4657359027997265,0,1,1,3,1,1,0,639.0
3,1.3862943611198906,0,0,3,3,3,14,2.70805020110221,1,2,4,0,4,19,2.995732273553991,0,1,4,5,9,1,0,487.0
13,2.6390573296152584,0,1,3,6,3,1,0.6931471805599453,0,1,1,1,1,43,3.784189633918261,0,1,3,1,3,1,2,1399.0
8,2.1972245773362196,1,2,3,1,8,5,1.791759469228055,0,2,0,5,5,35,3.58351893845611,0,2,0,0,5,1,1,3961.0
4,1.6094379124341003,1,1,4,4,4,6,1.9459101490553132,1,0,1,6,6,33,3.5263605246161616,0,0,3,5,3,1,0,2657.0
18,2.9444389791664403,1,0,3,4,8,9,2.302585092994046,0,0,4,2,9,46,3.8501476017100584,1,1,1,4,6,1,1,2087.0
2,1.0986122886681098,1,2,2,2,2,19,2.995732273553991,0,1,4,5,9,26,3.295836866004329,1,2,1,5,6,1,1,331.0
8,2.1972245773362196,1,2,3,1,8,2,1.0986122886681098,1,2,2,2,2,16,2.833213344056216,1,1,1,2,6,2,3,11.0
2,1.0986122886681098,1,2,2,2,2,9,2.302585092994046,0,0,4,2,9,21,3.091042453358316,0,0,1,0,1,1,0,1193.0
4,1.6094379124341003,1,1,4,4,4,1,0.6931471805599453,0,1,1,1,1,20,3.044522437723423,1,2,0,6,0,1,3,17.0
17,2.8903717578961645,0,2,2,3,7,12,2.5649493574615367,1,0,2,5,2,47,3.871201010907891,0,2,2,5,7,1,0,879.0
18,2.9444389791664403,1,0,3,4,8,3,1.3862943611198906,0,0,3,3,3,34,3.5553480614894135,1,1,4,6,4,1,1,563.0
7,2.0794415416798357,0,1,2,0,7,7,2.0794415416798357,0,1,2,0,7,21,3.091042453358316,0,0,1,0,1,7,3,25.0
3,1.3862943611198906,0,0,3,3,3,9,2.302585092994046,0,0,4,2,9,25,3.258096538021482,0,1,0,4,5,1,1,983.0
11,2.4849066497880004,0,2,1,4,1,5,1.791759469228055,0,2,0,5,5,27,3.332204510175204,0,0,2,6,7,1,0,1789.0
8,2.1972245773362196,1,2,3,1,8,7,2.0794415416798357,0,1,2,0,7,29,3.4011973816621555,0,2,4,1,9,1,0,575.0
5,1.791759469228055,0,2,0,5,5,1,0.6931471805599453,0,1,1,1,1,17,2.8903717578961645,0,2,2,3,7,1,2,217.0
4,1.6094379124341003,1,1,4,4,4,2,1.0986122886681098,1,2,2,2,2,34,3.5553480614894135,1,1,4,6,4,2,2,421.0
8,2.1972245773362196,1,2,3,1,8,1,0.6931471805599453,0,1,1,1,1,31,3.4657359027997265,0,1,1,3,1,1,2,1393.0
14,2.70805020110221,1,2,4,0,4,9,2.302585092994046,0,0,4,2,9,44,3.8066624897703196,1,2,4,2,4,1,0,1069.0
6,1.9459101490553132,1,0,1,6,6,21,3.091042453358316,0,0,1,0,1,35,3.58351893845611,0,2,0,0,5,1,0,10009.0
6,1.9459101490553132,1,0,1,6,6,10,2.3978952727983707,1,1,0,3,0,25,3.258096538021482,0,1,0,4,5,1,0,3589.0
16,2.833213344056216,1,1,1,2,6,24,3.2188758248682006,1,0,4,3,4,46,3.8501476017100584,1,1,1,4,6,2,0,3099.0
7,2.0794415416798357,0,1,2,0,7,23,3.1780538303479458,0,2,3,2,3,35,3.58351893845611,0,2,0,0,5,1,1,127.0
6,1.9459101490553132,1,0,1,6,6,6,1.9459101490553132,1,0,1,6,6,17,2.8903717578961645,0,2,2,3,7,1,1,1477.0
7,2.0794415416798357,0,1,2,0,7,5,1.791759469228055,0,2,0,5,5,14,2.70805020110221,1,2,4,0,4,1,1,23.0
14,2.70805020110221,1,2,4,0,4,9,2.302585092994046,0,0,4,2,9,33,3.5263605246161616,0,0,3,5,3,1,0,9209.0
20,3.044522437723423,1,2,0,6,0,18,2.9444389791664403,1,0,3,4,8,39,3.6888794541139363,0,0,4,4,9,1,0,29201.0
4,1.6094379124341003,1,1,4,4,4,4,1.6094379124341003,1,1,4,4,4,9,2.302585092994046,0,0,4,2,9,1,1,353.0
2,1.0986122886681098,1,2,2,2,2,22,3.1354942159291497,1,1,2,1,2,31,3.4657359027997265,0,1,1,3,1,1,1,335.0
3,1.3862943611198906,0,0,3,3,3,8,2.1972245773362196,1,2,3,1,8,17,2.8903717578961645,0,2,2,3,7,1,0,137.0
19,2.995732273553991,0,1,4,5,9,8,2.1972245773362196,1,2,3,1,8,31,3.4657359027997265,0,1,1,3,1,1,0,1253.0
18,2.9444389791664403,1,0,3,4,8,8,2.1972245773362196,1,2,3,1,8,43,3.784189633918261,0,1,3,1,3,1,0,13909.0
13,2.6390573296152584,0,1,3,6,3,4,1.6094379124341003,1,1,4,4,4,22,3.1354942159291497,1,1,2,1,2,1,0,2603.0
15,2.772588722239781,0,0,0,1,5,14,2.70805020110221,1,2,4,0,4,36,3.6109179126442243,1,0,1,1,6,1,0,257.0
14,2.70805020110221,1,2,4,0,4,11,2.4849066497880004,0,2,1,4,1,29,3.4011973816621555,0,2,4,1,9,1,0,9577.0
5,1.791759469228055,0,2,0,5,5,27,3.332204510175204,0,0,2,6,7,33,3.5263605246161616,0,0,3,5,3,1,0,4987.0
