slot_n_big,slot_n_big_abs_log1p,slot_n_big_is_even,slot_n_big_mod3,slot_n_big_mod5,slot_n_big_mod7,slot_n_big_mod10,slot_R_big,slot_R_big_abs_log1p,slot_R_big_is_even,slot_R_big_mod3,slot_R_big_mod5,slot_R_big_mod7,slot_R_big_mod10,slot_N_small,slot_N_small_abs_log1p,slot_N_small_is_even,slot_N_small_mod3,slot_N_small_mod5,slot_N_small_mod7,slot_N_small_mod10,slot_r_small,slot_r_small_abs_log1p,slot_r_small_is_even,slot_r_small_mod3,slot_r_small_mod5,slot_r_small_mod7,slot_r_small_mod10,gcd_all,n_multiple_pairs,y
3,1.3862943611198906,0,0,3,3,3,14,2.70805020110221,1,2,4,0,4,140,4.948759890378168,1,2,0,0,0,7,2.0794415416798357,0,1,2,0,7,1,3,2053.0
8,2.1972245773362196,1,2,3,1,8,46,3.8501476017100584,1,1,1,4,6,167,5.123963979403259,0,2,2,6,7,25,3.258096538021482,0,1,0,4,5,1,0,31113.0
10,2.3978952727983707,1,1,0,3,0,11,2.4849066497880004,0,2,1,4,1,284,5.652489180268651,1,2,4,4,4,4,1.6094379124341003,1,1,4,4,4,1,1,13089.0
10,2.3978952727983707,1,1,0,3,0,50,3.9318256327243257,1,2,0,1,0,215,5.375278407684165,0,2,0,5,5,4,1.6094379124341003,1,1,4,4,4,1,1,20703.0
6,1.9459101490553132,1,0,1,6,6,6,1.9459101490553132,1,0,1,6,6,206,5.332718793265369,1,2,1,3,6,1,0.6931471805599453,0,1,1,1,1,1,4,55.0
5,1.791759469228055,0,2,0,5,5,47,3.871201010907891,0,2,2,5,7,563,6.335054251498059,0,2,3,3,3,2,1.0986122886681098,1,2,2,2,2,1,0,1483.0
9,2.302585092994046,0,0,4,2,9,25,3.258096538021482,0,1,0,4,5,204,5.3230099791384085,1,0,4,1,4,23,3.1780538303479458,0,2,3,2,3,1,0,116594.0
3,1.3862943611198906,0,0,3,3,3,28,3.367295829986474,1,1,3,0,8,150,5.017279836814924,1,0,0,3,0,10,2.3978952727983707,1,1,0,3,0,1,2,7099.0
12,2.5649493574615367,1,0,2,5,2,6,1.9459101490553132,1,0,1,6,6,373,5.924255797414532,0,1,3,2,3,4,1.6094379124341003,1,1,4,4,4,1,2,1681.0
4,1.6094379124341003,1,1,4,4,4,47,3.871201010907891,0,2,2,5,7,322,5.777652323222656,1,1,2,0,2,15,2.772588722239781,0,0,0,1,5,1,0,38144.0
4,1.6094379124341003,1,1,4,4,4,36,3.6109179126442243,1,0,1,1,6,453,6.118097198041348,0,0,3,5,3,20,3.044522437723423,1,2,0,6,0,1,2,83053.0
7,2.0794415416798357,0,1,2,0,7,30,3.4339872044851463,1,0,0,2,0,283,5.648974238161206,0,1,3,3,3,27,3.332204510175204,0,0,2,6,7,1,0,12833.0
3,1.3862943611198906,0,0,3,3,3,7,2.0794415416798357,0,1,2,0,7,369,5.91350300563827,0,0,4,5,9,1,0.6931471805599453,0,1,1,1,1,1,4,486.0
8,2.1972245773362196,1,2,3,1,8,18,2.9444389791664403,1,0,3,4,8,505,6.226536669287466,0,1,0,1,5,13,2.6390573296152584,0,1,3,6,3,1,0,974.0
8,2.1972245773362196,1,2,3,1,8,49,3.912023005428146,0,1,4,0,9,106,4.672828834461906,1,1,1,1,6,34,3.5553480614894135,1,1,4,6,4,1,0,23785.0
10,2.3978952727983707,1,1,0,3,0,21,3.091042453358316,0,0,1,0,1,521,6.257667587882639,0,2,1,3,1,4,1.6094379124341003,1,1,4,4,4,1,0,44815.0
5,1.791759469228055,0,2,0,5,5,43,3.784189633918261,0,1,3,1,3,433,6.073044534100405,0,1,3,6,3,1,0.6931471805599453,0,1,1,1,1,1,3,4666.0
12,2.5649493574615367,1,0,2,5,2,57,4.060443010546419,0,0,2,1,7,78,4.3694478524670215,1,0,3,1,8,34,3.5553480614894135,1,1,4,6,4,1,0,11809.0
10,2.3978952727983707,1,1,0,3,0,38,3.6635616461296463,1,2,3,3,8,164,5.10594547390058,1,2,4,3,4,15,2.772588722239781,0,0,0,1,5,1,0,29961.0
4,1.6094379124341003,1,1,4,4,4,35,3.58351893845611,0,2,0,0,5,398,5.988961416889864,1,2,3,6,8,16,2.833213344056216,1,1,1,2,6,1,1,226887.0
7,2.0794415416798357,0,1,2,0,7,55,4.02535169073515,0,1,0,6,5,253,5.537334267018537,0,1,3,1,3,13,2.6390573296152584,0,1,3,6,3,1,0,29806.0
10,2.3978952727983707,1,1,0,3,0,46,3.8501476017100584,1,1,1,4,6,322,5.777652323222656,1,1,2,0,2,7,2.0794415416798357,0,1,2,0,7,1,2,2623.0
5,1.791759469228055,0,2,0,5,5,50,3.9318256327243257,1,2,0,1,0,130,4.875197323201151,1,1,0,4,0,23,3.1780538303479458,0,2,3,2,3,1,2,146517.0
11,2.4849066497880004,0,2,1,4,1,16,2.833213344056216,1,1,1,2,6,423,6.049733455231958,0,0,3,3,3,3,1.3862943611198906,0,0,3,3,3,1,1,10441.0
12,2.5649493574615367,1,0,2,5,2,6,1.9459101490553132,1,0,1,6,6,391,5.971261839790462,0,1,1,6,1,1,0.6931471805599453,0,1,1,1,1,1,4,433.0
10,2.3978952727983707,1,1,0,3,0,58,4.07753744390572,1,1,3,2,8,326,5.7899601708972535,1,2,1,4,6,27,3.332204510175204,0,0,2,6,7,1,0,55901.0
10,2.3978952727983707,1,1,0,3,0,48,3.8918202981106265,1,0,3,6,8,724,6.586171654854675,1,1,4,3,4,1,0.6931471805599453,0,1,1,1,1,1,3,11521.0
8,2.1972245773362196,1,2,3,1,8,7,2.0794415416798357,0,1,2,0,7,57,4.060443010546419,0,0,2,1,7,3,1.3862943611198906,0,0,3,3,3,1,1,164.0
11,2.4849066497880004,0,2,1,4,1,48,3.8918202981106265,1,0,3,6,8,151,5.0238805208462765,0,1,1,4,1,9,2.302585092994046,0,0,4,2,9,1,0,2045.0
5,1.791759469228055,0,2,0,5,5,45,3.828641396489095,0,0,0,3,5,218,5.389071729816501,1,2,3,1,8,10,2.3978952727983707,1,1,0,3,0,1,2,9784.0
3,1.3862943611198906,0,0,3,3,3,45,3.828641396489095,0,0,0,3,5,136,4.919980925828125,1,1,1,3,6,6,1.9459101490553132,1,0,1,6,6,1,2,407.0
4,1.6094379124341003,1,1,4,4,4,17,2.8903717578961645,0,2,2,3,7,500,6.2166061010848646,1,2,0,3,0,8,2.1972245773362196,1,2,3,1,8,1,2,71397.0
5,1.791759469228055,0,2,0,5,5,41,3.7376696182833684,0,2,1,6,1,463,6.139884552226255,0,1,3,1,3,37,3.6375861597263857,0,1,2,2,7,1,0,355858.0
10,2.3978952727983707,1,1,0,3,0,44,3.8066624897703196,1,2,4,2,4,346,5.849324779946859,1,1,1,3,6,26,3.295836866004329,1,2,1,5,6,2,0,65493.0
11,2.4849066497880004,0,2,1,4,1,6,1.9459101490553132,1,0,1,6,6,348,5.855071922202427,1,0,3,5,8,2,1.0986122886681098,1,2,2,2,2,1,3,2339.0
10,2.3978952727983707,1,1,0,3,0,39,3.6888794541139363,0,0,4,4,9,168,5.1298987149230735,1,0,3,0,8,35,3.58351893845611,0,2,0,0,5,1,0,110582.0
9,2.302585092994046,0,0,4,2,9,33,3.5263605246161616,0,0,3,5,3,66,4.204692619390966,1,0,1,3,6,27,3.332204510175204,0,0,2,6,7,3,2,17426.0
9,2.302585092994046,0,0,4,2,9,53,3.9889840465642745,0,2,3,4,3,175,5.170483995038151,0,1,0,0,5,25,3.258096538021482,0,1,0,4,5,1,1,111938.0
11,2.4849066497880004,0,2,1,4,1,39,3.6888794541139363,0,0,4,4,9,290,5.673323267171493,1,2,0,3,0,34,3.5553480614894135,1,1,4,6,4,1,0,189695.0
8,2.1972245773362196,1,2,3,1,8,40,3.713572066704308,1,1,0,5,0,253,5.537334267018537,0,1,3,1,3,19,2.995732273553991,0,1,4,5,9,1,1,973.0
10,2.3978952727983707,1,1,0,3,0,27,3.332204510175204,0,0,2,6,7,287,5.662960480135946,0,2,2,0,7,11,2.4849066497880004,0,2,1,4,1,1,0,85172.0
12,2.5649493574615367,1,0,2,5,2,15,2.772588722239781,0,0,0,1,5,348,5.855071922202427,1,0,3,5,8,6,1.9459101490553132,1,0,1,6,6,3,3,1191.0
3,1.3862943611198906,0,0,3,3,3,44,3.8066624897703196,1,2,4,2,4,400,5.993961427306569,1,1,0,1,0,34,3.5553480614894135,1,1,4,6,4,1,0,303695.0
5,1.791759469228055,0,2,0,5,5,36,3.6109179126442243,1,0,1,1,6,212,5.3612921657094255,1,2,2,2,2,12,2.5649493574615367,1,0,2,5,2,1,1,7651.0
5,1.791759469228055,0,2,0,5,5,18,2.9444389791664403,1,0,3,4,8,313,5.749392985908253,0,1,3,5,3,11,2.4849066497880004,0,2,1,4,1,1,0,383.0
9,2.302585092994046,0,0,4,2,9,39,3.6888794541139363,0,0,4,4,9,517,6.249975242259483,0,1,2,6,7,14,2.70805020110221,1,2,4,0,4,1,0,11845.0
8,2.1972245773362196,1,2,3,1,8,5,1.791759469228055,0,2,0,5,5,360,5.8888779583328805,1,0,0,3,0,4,1.6094379124341003,1,1,4,4,4,1,4,8441.0
5,1.791759469228055,0,2,0,5,5,8,2.1972245773362196,1,2,3,1,8,292,5.680172609017068,1,1,2,5,2,1,0.6931471805599453,0,1,1,1,1,1,3,365.0
6,1.9459101490553132,1,0,1,6,6,29,3.4011973816621555,0,2,4,1,9,118,4.77912349311153,1,1,3,6,8,25,3.258096538021482,0,1,0,4,5,1,0,4199.0
8,2.1972245773362196,1,2,3,1,8,18,2.9444389791664403,1,0,3,4,8,400,5.993961427306569,1,1,0,1,0,12,2.5649493574615367,1,0,2,5,2,2,1,709.0
7,2.0794415416798357,0,1,2,0,7,53,3.9889840465642745,0,2,3,4,3,257,5.552959584921617,0,2,2,5,7,51,3.9512437185814275,0,0,1,2,1,1,0,114748.0
9,2.302585092994046,0,0,4,2,9,34,3.5553480614894135,1,1,4,6,4,233,5.455321115357702,0,2,3,2,3,2,1.0986122886681098,1,2,2,2,2,1,1,241.0
10,2.3978952727983707,1,1,0,3,0,19,2.995732273553991,0,1,4,5,9,241,5.488937726156687,0,1,1,3,1,10,2.3978952727983707,1,1,0,3,0,1,1,15373.0
11,2.4849066497880004,0,2,1,4,1,25,3.258096538021482,0,1,0,4,5,478,6.171700597410915,1,1,3,2,8,2,1.0986122886681098,1,2,2,2,2,1,1,12027.0
10,2.3978952727983707,1,1,0,3,0,29,3.4011973816621555,0,2,4,1,9,25,3.258096538021482,0,1,0,4,5,14,2.70805020110221,1,2,4,0,4,1,0,411.0
3,1.3862943611198906,0,0,3,3,3,39,3.6888794541139363,0,0,4,4,9,56,4.04305126783455,1,2,1,0,6,33,3.5263605246161616,0,0,3,5,3,1,2,7772.0
3,1.3862943611198906,0,0,3,3,3,25,3.258096538021482,0,1,0,4,5,453,6.118097198041348,0,0,3,5,3,6,1.9459101490553132,1,0,1,6,6,1,2,35081.0
9,2.302585092994046,0,0,4,2,9,51,3.9512437185814275,0,0,1,2,1,142,4.962844630259907,1,1,2,2,2,35,3.58351893845611,0,2,0,0,5,1,0,80644.0
11,2.4849066497880004,0,2,1,4,1,28,3.367295829986474,1,1,3,0,8,207,5.337538079701318,0,0,2,4,7,13,2.6390573296152584,0,1,3,6,3,1,0,36871.0
8,2.1972245773362196,1,2,3,1,8,47,3.871201010907891,0,2,2,5,7,298,5.700443573390687,1,1,3,4,8,6,1.9459101490553132,1,0,1,6,6,1,0,83233.0
10,2.3978952727983707,1,1,0,3,0,8,2.1972245773362196,1,2,3,1,8,396,5.983936280687191,1,0,1,4,6,6,1.9459101490553132,1,0,1,6,6,2,1,3471.0
10,2.3978952727983707,1,1,0,3,0,10,2.3978952727983707,1,1,0,3,0,364,5.8998973535824915,1,1,4,0,4,8,2.1972245773362196,1,2,3,1,8,2,1,5189.0
7,2.0794415416798357,0,1,2,0,7,60,4.110873864173311,1,0,0,4,0,93,4.543294782270004,0,0,3,2,3,32,3.4965075614664802,1,2,2,4,2,1,0,20963.0
4,1.6094379124341003,1,1,4,4,4,13,2.6390573296152584,0,1,3,6,3,178,5.187385805840755,1,1,3,3,8,8,2.1972245773362196,1,2,3,1,8,1,1,6491.0
10,2.3978952727983707,1,1,0,3,0,24,3.2188758248682006,1,0,4,3,4,452,6.115892125483034,1,2,2,4,2,2,1.0986122886681098,1,2,2,2,2,2,3,10951.0
7,2.0794415416798357,0,1,2,0,7,49,3.912023005428146,0,1,4,0,9,218,5.389071729816501,1,2,3,1,8,14,2.70805020110221,1,2,4,0,4,1,2,215.0
10,2.3978952727983707,1,1,0,3,0,6,1.9459101490553132,1,0,1,6,6,379,5.940171252720432,0,1,4,1,9,4,1.6094379124341003,1,1,4,4,4,1,0,191.0
9,2.302585092994046,0,0,4,2,9,21,3.091042453358316,0,0,1,0,1,448,6.1070228877422545,1,1,3,0,8,15,2.772588722239781,0,0,0,1,5,1,0,48274.0
8,2.1972245773362196,1,2,3,1,8,13,2.6390573296152584,0,1,3,6,3,344,5.84354441703136,1,2,4,1,4,2,1.0986122886681098,1,2,2,2,2,1,3,1333.0
8,2.1972245773362196,1,2,3,1,8,22,3.1354942159291497,1,1,2,1,2,177,5.181783550292085,0,0,2,2,7,2,1.0986122886681098,1,2,2,2,2,1,2,347.0
7,2.0794415416798357,0,1,2,0,7,44,3.8066624897703196,1,2,4,2,4,431,6.068425588244111,0,2,1,4,1,13,2.6390573296152584,0,1,3,6,3,1,0,123927.0
9,2.302585092994046,0,0,4,2,9,50,3.9318256327243257,1,2,0,1,0,39,3.6888794541139363,0,0,4,4,9,49,3.912023005428146,0,1,4,0,9,1,0,37481.0
3,1.3862943611198906,0,0,3,3,3,24,3.2188758248682006,1,0,4,3,4,38,3.6635616461296463,1,2,3,3,8,10,2.3978952727983707,1,1,0,3,0,1,1,623.0
7,2.0794415416798357,0,1,2,0,7,37,3.6375861597263857,0,1,2,2,7,172,5.153291594497779,1,1,2,4,2,19,2.995732273553991,0,1,4,5,9,1,0,39674.0
11,2.4849066497880004,0,2,1,4,1,53,3.9889840465642745,0,2,3,4,3,426,6.056784013228625,1,0,1,6,6,33,3.5263605246161616,0,0,3,5,3,1,1,147866.0
8,2.1972245773362196,1,2,3,1,8,33,3.5263605246161616,0,0,3,5,3,356,5.877735781779639,1,2,1,6,6,26,3.295836866004329,1,2,1,5,6,1,0,307583.0
4,1.6094379124341003,1,1,4,4,4,33,3.5263605246161616,0,0,3,5,3,139,4.941642422609304,0,1,4,6,9,1,0.6931471805599453,0,1,1,1,1,1,3,1498.0
5,1.791759469228055,0,2,0,5,5,42,3.7612001156935624,1,0,2,0,2,238,5.476463551931511,1,1,3,0,8,27,3.332204510175204,0,0,2,6,7,1,0,90151.0
5,1.791759469228055,0,2,0,5,5,24,3.2188758248682006,1,0,4,3,4,497,6.210600077024653,0,2,2,0,7,11,2.4849066497880004,0,2,1,4,1,1,0,8453.0
7,2.0794415416798357,0,1,2,0,7,54,4.007333185232471,1,0,4,5,4,106,4.672828834461906,1,1,1,1,6,13,2.6390573296152584,0,1,3,6,3,1,0,23513.0
3,1.3862943611198906,0,0,3,3,3,51,3.9512437185814275,0,0,1,2,1,107,4.68213122712422,0,2,2,2,7,3,1.3862943611198906,0,0,3,3,3,1,3,224.0
4,1.6094379124341003,1,1,4,4,4,18,2.9444389791664403,1,0,3,4,8,302,5.713732805509369,1,2,2,1,2,12,2.5649493574615367,1,0,2,5,2,2,1,11321.0
4,1.6094379124341003,1,1,4,4,4,15,2.772588722239781,0,0,0,1,5,93,4.543294782270004,0,0,3,2,3,14,2.70805020110221,1,2,4,0,4,1,0,19933.0
11,2.4849066497880004,0,2,1,4,1,27,3.332204510175204,0,0,2,6,7,415,6.030685260261263,0,1,0,2,5,12,2.5649493574615367,1,0,2,5,2,1,0,837.0
5,1.791759469228055,0,2,0,5,5,10,2.3978952727983707,1,1,0,3,0,414,6.028278520230698,1,0,4,1,4,9,2.302585092994046,0,0,4,2,9,1,2,40487.0
12,2.5649493574615367,1,0,2,5,2,31,3.4657359027997265,0,1,1,3,1,61,4.127134385045092,0,1,1,5,1,22,3.1354942159291497,1,1,2,1,2,1,0,3127.0
4,1.6094379124341003,1,1,4,4,4,8,2.1972245773362196,1,2,3,1,8,64,4.174387269895637,1,1,4,1,4,2,1.0986122886681098,1,2,2,2,2,2,6,177.0
6,1.9459101490553132,1,0,1,6,6,10,2.3978952727983707,1,1,0,3,0,172,5.153291594497779,1,1,2,4,2,3,1.3862943611198906,0,0,3,3,3,1,1,5443.0
3,1.3862943611198906,0,0,3,3,3,42,3.7612001156935624,1,0,2,0,2,514,6.244166900663736,1,1,4,3,4,6,1.9459101490553132,1,0,1,6,6,1,3,21961.0
7,2.0794415416798357,0,1,2,0,7,14,2.70805020110221,1,2,4,0,4,197,5.288267030694535,0,2,2,1,7,6,1.9459101490553132,1,0,1,6,6,1,1,203.0
5,1.791759469228055,0,2,0,5,5,15,2.772588722239781,0,0,0,1,5,482,6.180016653652572,1,2,2,6,2,5,1.791759469228055,0,2,0,5,5,1,3,7624.0
4,1.6094379124341003,1,1,4,4,4,49,3.912023005428146,0,1,4,0,9,219,5.393627546352362,0,0,4,2,9,2,1.0986122886681098,1,2,2,2,2,1,1,21359.0
9,2.302585092994046,0,0,4,2,9,28,3.367295829986474,1,1,3,0,8,209,5.3471075307174685,0,2,4,6,9,6,1.9459101490553132,1,0,1,6,6,1,0,541.0
7,2.0794415416798357,0,1,2,0,7,44,3.8066624897703196,1,2,4,2,4,38,3.6635616461296463,1,2,3,3,8,25,3.258096538021482,0,1,0,4,5,1,0,34761.0
3,1.3862943611198906,0,0,3,3,3,33,3.5263605246161616,0,0,3,5,3,286,5.659482215759621,1,1,1,6,6,30,3.4339872044851463,1,0,0,2,0,1,2,48109.0
12,2.5649493574615367,1,0,2,5,2,37,3.6375861597263857,0,1,2,2,7,513,6.2422232654551655,0,0,3,2,3,11,2.4849066497880004,0,2,1,4,1,1,0,19012.0
8,2.1972245773362196,1,2,3,1,8,44,3.8066624897703196,1,2,4,2,4,185,5.225746673713202,0,2,0,3,5,39,3.6888794541139363,0,0,4,4,9,1,0,77650.0
3,1.3862943611198906,0,0,3,3,3,25,3.258096538021482,0,1,0,4,5,94,4.553876891600541,1,1,4,3,4,7,2.0794415416798357,0,1,2,0,7,1,0,16526.0
9,2.302585092994046,0,0,4,2,9,24,3.2188758248682006,1,0,4,3,4,246,5.5093883366279774,1,0,1,1,6,21,3.091042453358316,0,0,1,0,1,3,0,41467.0
9,2.302585092994046,0,0,4,2,9,59,4.0943445622221,0,2,4,3,9,435,6.077642243349034,0,0,0,1,5,17,2.8903717578961645,0,2,2,3,7,1,0,72364.0
5,1.791759469228055,0,2,0,5,5,52,3.970291913552122,1,1,2,3,2,284,5.652489180268651,1,2,4,4,4,47,3.871201010907891,0,2,2,5,7,1,0,694969.0
11,2.4849066497880004,0,2,1,4,1,14,2.70805020110221,1,2,4,0,4,317,5.762051382780177,0,2,2,2,7,7,2.0794415416798357,0,1,2,0,7,1,1,1145.0
7,2.0794415416798357,0,1,2,0,7,52,3.970291913552122,1,1,2,3,2,470,6.154858094016418,1,2,0,1,0,41,3.7376696182833684,0,2,1,6,1,1,0,1006033.0
11,2.4849066497880004,0,2,1,4,1,43,3.784189633918261,0,1,3,1,3,382,5.948034989180646,1,1,2,4,2,33,3.5263605246161616,0,0,3,5,3,1,1,538592.0
9,2.302585092994046,0,0,4,2,9,54,4.007333185232471,1,0,4,5,4,138,4.9344739331306915,1,0,3,5,8,17,2.8903717578961645,0,2,2,3,7,1,1,120319.0
4,1.6094379124341003,1,1,4,4,4,39,3.6888794541139363,0,0,4,4,9,344,5.84354441703136,1,2,4,1,4,38,3.6635616461296463,1,2,3,3,8,1,1,516797.0
7,2.0794415416798357,0,1,2,0,7,47,3.871201010907891,0,2,2,5,7,337,5.823045895483019,0,1,2,1,7,38,3.6635616461296463,1,2,3,3,8,1,0,100311.0
5,1.791759469228055,0,2,0,5,5,48,3.8918202981106265,1,0,3,6,8,462,6.137727054086234,1,0,2,0,2,47,3.871201010907891,0,2,2,5,7,1,0,1052467.0
11,2.4849066497880004,0,2,1,4,1,36,3.6109179126442243,1,0,1,1,6,191,5.2574953720277815,0,2,1,2,1,24,3.2188758248682006,1,0,4,3,4,1,0,1331.0
12,2.5649493574615367,1,0,2,5,2,52,3.970291913552122,1,1,2,3,2,301,5.71042701737487,0,1,1,0,1,21,3.091042453358316,0,0,1,0,1,1,0,80329.0
10,2.3978952727983707,1,1,0,3,0,28,3.367295829986474,1,1,3,0,8,376,5.932245187448011,1,1,1,5,6,7,2.0794415416798357,0,1,2,0,7,1,1,3529.0
5,1.791759469228055,0,2,0,5,5,37,3.6375861597263857,0,1,2,2,7,49,3.912023005428146,0,1,4,0,9,31,3.4657359027997265,0,1,1,3,1,1,0,12952.0
6,1.9459101490553132,1,0,1,6,6,49,3.912023005428146,0,1,4,0,9,73,4.30406509320417,0,1,3,3,3,29,3.4011973816621555,0,2,4,1,9,1,0,97050.0
8,2.1972245773362196,1,2,3,1,8,33,3.5263605246161616,0,0,3,5,3,391,5.971261839790462,0,1,1,6,1,26,3.295836866004329,1,2,1,5,6,1,0,112841.0
11,2.4849066497880004,0,2,1,4,1,30,3.4339872044851463,1,0,0,2,0,140,4.948759890378168,1,2,0,0,0,23,3.1780538303479458,0,2,3,2,3,1,0,91907.0
6,1.9459101490553132,1,0,1,6,6,53,3.9889840465642745,0,2,3,4,3,173,5.159055299214529,0,2,3,5,3,12,2.5649493574615367,1,0,2,5,2,1,1,108011.0
12,2.5649493574615367,1,0,2,5,2,42,3.7612001156935624,1,0,2,0,2,288,5.666426688112432,1,0,3,1,8,32,3.4965075614664802,1,2,2,4,2,2,2,27119.0
4,1.6094379124341003,1,1,4,4,4,50,3.9318256327243257,1,2,0,1,0,432,6.07073772800249,1,0,2,5,2,3,1.3862943611198906,0,0,3,3,3,1,2,21781.0
7,2.0794415416798357,0,1,2,0,7,28,3.367295829986474,1,1,3,0,8,128,4.859812404361672,1,2,3,2,8,20,3.044522437723423,1,2,0,6,0,1,1,17533.0
10,2.3978952727983707,1,1,0,3,0,8,2.1972245773362196,1,2,3,1,8,389,5.966146739123692,0,2,4,4,9,3,1.3862943611198906,0,0,3,3,3,1,0,849.0
3,1.3862943611198906,0,0,3,3,3,56,4.04305126783455,1,2,1,0,6,298,5.700443573390687,1,1,3,4,8,21,3.091042453358316,0,0,1,0,1,1,1,1441.0
4,1.6094379124341003,1,1,4,4,4,51,3.9512437185814275,0,0,1,2,1,400,5.993961427306569,1,1,0,1,0,20,3.044522437723423,1,2,0,6,0,1,3,137249.0
11,2.4849066497880004,0,2,1,4,1,51,3.9512437185814275,0,0,1,2,1,229,5.438079308923196,0,1,4,5,9,17,2.8903717578961645,0,2,2,3,7,1,1,1886.0
7,2.0794415416798357,0,1,2,0,7,9,2.302585092994046,0,0,4,2,9,241,5.488937726156687,0,1,1,3,1,7,2.0794415416798357,0,1,2,0,7,1,1,2728.0
9,2.302585092994046,0,0,4,2,9,23,3.1780538303479458,0,2,3,2,3,504,6.22455842927536,1,0,4,0,4,10,2.3978952727983707,1,1,0,3,0,1,1,59348.0
10,2.3978952727983707,1,1,0,3,0,32,3.4965075614664802,1,2,2,4,2,485,6.186208623900494,0,2,0,2,5,21,3.091042453358316,0,0,1,0,1,1,0,27423.0
11,2.4849066497880004,0,2,1,4,1,59,4.0943445622221,0,2,4,3,9,334,5.814130531825066,1,1,4,5,4,19,2.995732273553991,0,1,4,5,9,1,0,367820.0
10,2.3978952727983707,1,1,0,3,0,19,2.995732273553991,0,1,4,5,9,358,5.883322388488279,1,1,3,1,8,7,2.0794415416798357,0,1,2,0,7,1,0,4051.0
4,1.6094379124341003,1,1,4,4,4,35,3.58351893845611,0,2,0,0,5,506,6.2285110035911835,1,2,1,2,6,3,1.3862943611198906,0,0,3,3,3,1,0,1804.0
4,1.6094379124341003,1,1,4,4,4,32,3.4965075614664802,1,2,2,4,2,160,5.081404364984463,1,1,0,6,0,6,1.9459101490553132,1,0,1,6,6,2,3,395.0
4,1.6094379124341003,1,1,4,4,4,34,3.5553480614894135,1,1,4,6,4,54,4.007333185232471,1,0,4,5,4,9,2.302585092994046,0,0,4,2,9,1,1,209.0
3,1.3862943611198906,0,0,3,3,3,6,1.9459101490553132,1,0,1,6,6,211,5.356586274672012,0,1,1,1,1,1,0.6931471805599453,0,1,1,1,1,1,4,241.0
10,2.3978952727983707,1,1,0,3,0,25,3.258096538021482,0,1,0,4,5,244,5.501258210544727,1,1,4,6,4,3,1.3862943611198906,0,0,3,3,3,1,0,1003.0
5,1.791759469228055,0,2,0,5,5,25,3.258096538021482,0,1,0,4,5,94,4.553876891600541,1,1,4,3,4,21,3.091042453358316,0,0,1,0,1,1,1,48578.0
6,1.9459101490553132,1,0,1,6,6,54,4.007333185232471,1,0,4,5,4,502,6.220590170099739,1,1,2,5,2,22,3.1354942159291497,1,1,2,1,2,2,1,3125.0
6,1.9459101490553132,1,0,1,6,6,13,2.6390573296152584,0,1,3,6,3,318,5.765191102784844,1,0,3,3,8,10,2.3978952727983707,1,1,0,3,0,1,1,2911.0
11,2.4849066497880004,0,2,1,4,1,14,2.70805020110221,1,2,4,0,4,185,5.225746673713202,0,2,0,3,5,13,2.6390573296152584,0,1,3,6,3,1,0,8480.0
8,2.1972245773362196,1,2,3,1,8,20,3.044522437723423,1,2,0,6,0,473,6.161207321695077,0,2,3,4,3,15,2.772588722239781,0,0,0,1,5,1,0,7322.0
7,2.0794415416798357,0,1,2,0,7,19,2.995732273553991,0,1,4,5,9,420,6.042632833682381,1,0,0,0,0,10,2.3978952727983707,1,1,0,3,0,1,2,41273.0
10,2.3978952727983707,1,1,0,3,0,43,3.784189633918261,0,1,3,1,3,499,6.214608098422191,0,1,4,2,9,16,2.833213344056216,1,1,1,2,6,1,0,114671.0
12,2.5649493574615367,1,0,2,5,2,44,3.8066624897703196,1,2,4,2,4,176,5.176149732573829,1,2,1,1,6,5,1.791759469228055,0,2,0,5,5,1,1,36471.0
5,1.791759469228055,0,2,0,5,5,42,3.7612001156935624,1,0,2,0,2,312,5.746203190540153,1,0,2,4,2,14,2.70805020110221,1,2,4,0,4,1,1,13193.0
10,2.3978952727983707,1,1,0,3,0,29,3.4011973816621555,0,2,4,1,9,488,6.192362489474872,1,2,3,5,8,18,2.9444389791664403,1,0,3,4,8,1,0,28669.0
5,1.791759469228055,0,2,0,5,5,14,2.70805020110221,1,2,4,0,4,242,5.493061443340548,1,2,2,4,2,4,1.6094379124341003,1,1,4,4,4,1,0,3545.0
8,2.1972245773362196,1,2,3,1,8,54,4.007333185232471,1,0,4,5,4,538,6.289715570908998,1,1,3,6,8,10,2.3978952727983707,1,1,0,3,0,2,0,12133.0
4,1.6094379124341003,1,1,4,4,4,16,2.833213344056216,1,1,1,2,6,130,4.875197323201151,1,1,0,4,0,9,2.302585092994046,0,0,4,2,9,1,1,917.0
6,1.9459101490553132,1,0,1,6,6,10,2.3978952727983707,1,1,0,3,0,158,5.0689042022202315,1,2,3,4,8,3,1.3862943611198906,0,0,3,3,3,1,1,4981.0
7,2.0794415416798357,0,1,2,0,7,48,3.8918202981106265,1,0,3,6,8,130,4.875197323201151,1,1,0,4,0,47,3.871201010907891,0,2,2,5,7,1,0,94421.0
12,2.5649493574615367,1,0,2,5,2,43,3.784189633918261,0,1,3,1,3,498,6.212606095751519,1,0,3,1,8,32,3.4965075614664802,1,2,2,4,2,1,0,684167.0
4,1.6094379124341003,1,1,4,4,4,55,4.02535169073515,0,1,0,6,5,485,6.186208623900494,0,2,0,2,5,11,2.4849066497880004,0,2,1,4,1,1,1,26924.0
11,2.4849066497880004,0,2,1,4,1,22,3.1354942159291497,1,1,2,1,2,359,5.886104031450156,0,2,4,2,9,14,2.70805020110221,1,2,4,0,4,1,1,13997.0
7,2.0794415416798357,0,1,2,0,7,45,3.828641396489095,0,0,0,3,5,214,5.3706380281276624,1,1,4,4,4,25,3.258096538021482,0,1,0,4,5,1,0,15862.0
6,1.9459101490553132,1,0,1,6,6,26,3.295836866004329,1,2,1,5,6,504,6.22455842927536,1,0,4,0,4,12,2.5649493574615367,1,0,2,5,2,2,3,80641.0
9,2.302585092994046,0,0,4,2,9,47,3.871201010907891,0,2,2,5,7,234,5.459585514144159,1,0,4,3,4,20,3.044522437723423,1,2,0,6,0,1,1,5994.0
9,2.302585092994046,0,0,4,2,9,37,3.6375861597263857,0,1,2,2,7,576,6.3578422665081,1,0,1,2,6,3,1.3862943611198906,0,0,3,3,3,1,3,64366.0
8,2.1972245773362196,1,2,3,1,8,11,2.4849066497880004,0,2,1,4,1,187,5.236441962829949,0,1,2,5,7,2,1.0986122886681098,1,2,2,2,2,1,2,4233.0
7,2.0794415416798357,0,1,2,0,7,33,3.5263605246161616,0,0,3,5,3,435,6.077642243349034,0,0,0,1,5,16,2.833213344056216,1,1,1,2,6,1,0,116365.0
10,2.3978952727983707,1,1,0,3,0,19,2.995732273553991,0,1,4,5,9,264,5.579729825986222,1,0,4,5,4,8,2.1972245773362196,1,2,3,1,8,1,1,40541.0
8,2.1972245773362196,1,2,3,1,8,54,4.007333185232471,1,0,4,5,4,265,5.583496308781699,0,1,0,6,5,12,2.5649493574615367,1,0,2,5,2,1,0,9407.0
10,2.3978952727983707,1,1,0,3,0,26,3.295836866004329,1,2,1,5,6,310,5.739792912179234,1,1,0,2,0,5,1.791759469228055,0,2,0,5,5,1,3,13437.0
10,2.3978952727983707,1,1,0,3,0,59,4.0943445622221,0,2,4,3,9,428,6.061456918928017,1,2,3,1,8,46,3.8501476017100584,1,1,1,4,6,1,0,1153563.0
9,2.302585092994046,0,0,4,2,9,17,2.8903717578961645,0,2,2,3,7,467,6.148468295917647,0,2,2,5,7,14,2.70805020110221,1,2,4,0,4,1,0,28848.0
10,2.3978952727983707,1,1,0,3,0,10,2.3978952727983707,1,1,0,3,0,423,6.049733455231958,0,0,3,3,3,3,1.3862943611198906,0,0,3,3,3,1,2,323.0
9,2.302585092994046,0,0,4,2,9,21,3.091042453358316,0,0,1,0,1,395,5.981414211254481,0,2,0,3,5,14,2.70805020110221,1,2,4,0,4,1,0,4244.0
3,1.3862943611198906,0,0,3,3,3,17,2.8903717578961645,0,2,2,3,7,480,6.175867270105761,1,0,0,4,0,11,2.4849066497880004,0,2,1,4,1,1,1,31478.0
9,2.302585092994046,0,0,4,2,9,14,2.70805020110221,1,2,4,0,4,284,5.652489180268651,1,2,4,4,4,11,2.4849066497880004,0,2,1,4,1,1,0,45351.0
6,1.9459101490553132,1,0,1,6,6,23,3.1780538303479458,0,2,3,2,3,473,6.161207321695077,0,2,3,4,3,1,0.6931471805599453,0,1,1,1,1,1,3,11098.0
10,2.3978952727983707,1,1,0,3,0,17,2.8903717578961645,0,2,2,3,7,314,5.752572638825633,1,2,4,6,4,5,1.791759469228055,0,2,0,5,5,1,1,6813.0
3,1.3862943611198906,0,0,3,3,3,11,2.4849066497880004,0,2,1,4,1,45,3.828641396489095,0,0,0,3,5,7,2.0794415416798357,0,1,2,0,7,1,1,160.0
12,2.5649493574615367,1,0,2,5,2,41,3.7376696182833684,0,2,1,6,1,249,5.521460917862246,0,0,4,4,9,37,3.6375861597263857,0,1,2,2,7,1,0,368254.0
10,2.3978952727983707,1,1,0,3,0,49,3.912023005428146,0,1,4,0,9,153,5.0369526024136295,0,0,3,6,3,45,3.828641396489095,0,0,0,3,5,1,0,35746.0
9,2.302585092994046,0,0,4,2,9,35,3.58351893845611,0,2,0,0,5,36,3.6109179126442243,1,0,1,1,6,30,3.4339872044851463,1,0,0,2,0,1,1,416.0
3,1.3862943611198906,0,0,3,3,3,58,4.07753744390572,1,1,3,2,8,94,4.553876891600541,1,1,4,3,4,37,3.6375861597263857,0,1,2,2,7,1,0,28373.0
6,1.9459101490553132,1,0,1,6,6,46,3.8501476017100584,1,1,1,4,6,465,6.144185634125646,0,0,0,3,5,44,3.8066624897703196,1,2,4,2,4,1,0,474601.0
9,2.302585092994046,0,0,4,2,9,7,2.0794415416798357,0,1,2,0,7,145,4.983606621708336,0,1,0,5,5,6,1.9459101490553132,1,0,1,6,6,1,0,815.0
8,2.1972245773362196,1,2,3,1,8,60,4.110873864173311,1,0,0,4,0,279,5.634789603169249,0,0,4,6,9,19,2.995732273553991,0,1,4,5,9,1,0,156901.0
5,1.791759469228055,0,2,0,5,5,31,3.4657359027997265,0,1,1,3,1,200,5.303304908059076,1,2,0,4,0,9,2.302585092994046,0,0,4,2,9,1,1,56072.0
5,1.791759469228055,0,2,0,5,5,44,3.8066624897703196,1,2,4,2,4,461,6.135564891081739,0,2,1,6,1,6,1.9459101490553132,1,0,1,6,6,1,0,809.0
10,2.3978952727983707,1,1,0,3,0,48,3.8918202981106265,1,0,3,6,8,370,5.916202062607435,1,1,0,6,0,24,3.2188758248682006,1,0,4,3,4,2,2,653.0
6,1.9459101490553132,1,0,1,6,6,53,3.9889840465642745,0,2,3,4,3,379,5.940171252720432,0,1,4,1,9,17,2.8903717578961645,0,2,2,3,7,1,0,342234.0
7,2.0794415416798357,0,1,2,0,7,48,3.8918202981106265,1,0,3,6,8,487,6.1903154058531475,0,1,2,4,7,10,2.3978952727983707,1,1,0,3,0,1,0,6527.0
3,1.3862943611198906,0,0,3,3,3,47,3.871201010907891,0,2,2,5,7,171,5.147494476813453,0,0,1,3,1,20,3.044522437723423,1,2,0,6,0,1,1,26871.0
10,2.3978952727983707,1,1,0,3,0,56,4.04305126783455,1,2,1,0,6,693,6.542471960506805,0,0,3,0,3,1,0.6931471805599453,0,1,1,1,1,1,3,9609.0
12,2.5649493574615367,1,0,2,5,2,44,3.8066624897703196,1,2,4,2,4,183,5.214935757608986,0,0,3,1,3,8,2.1972245773362196,1,2,3,1,8,1,0,1699.0
4,1.6094379124341003,1,1,4,4,4,25,3.258096538021482,0,1,0,4,5,385,5.955837369464831,0,1,0,0,5,23,3.1780538303479458,0,2,3,2,3,1,0,75944.0
11,2.4849066497880004,0,2,1,4,1,45,3.828641396489095,0,0,0,3,5,210,5.351858133476067,1,0,0,0,0,44,3.8066624897703196,1,2,4,2,4,1,1,201383.0
9,2.302585092994046,0,0,4,2,9,13,2.6390573296152584,0,1,3,6,3,484,6.184148890937483,1,1,4,1,4,4,1.6094379124341003,1,1,4,4,4,1,1,6632.0
12,2.5649493574615367,1,0,2,5,2,41,3.7376696182833684,0,2,1,6,1,45,3.828641396489095,0,0,0,3,5,31,3.4657359027997265,0,1,1,3,1,1,0,3896.0
5,1.791759469228055,0,2,0,5,5,41,3.7376696182833684,0,2,1,6,1,322,5.777652323222656,1,1,2,0,2,31,3.4657359027997265,0,1,1,3,1,1,0,412694.0
9,2.302585092994046,0,0,4,2,9,27,3.332204510175204,0,0,2,6,7,363,5.8971538676367405,0,0,3,6,3,25,3.258096538021482,0,1,0,4,5,1,1,123892.0
12,2.5649493574615367,1,0,2,5,2,27,3.332204510175204,0,0,2,6,7,495,6.206575926724928,0,0,0,5,5,14,2.70805020110221,1,2,4,0,4,1,0,189193.0
6,1.9459101490553132,1,0,1,6,6,55,4.02535169073515,0,1,0,6,5,306,5.726847747587197,1,0,1,5,6,18,2.9444389791664403,1,0,3,4,8,1,3,60443.0
9,2.302585092994046,0,0,4,2,9,42,3.7612001156935624,1,0,2,0,2,35,3.58351893845611,0,2,0,0,5,29,3.4011973816621555,0,2,4,1,9,1,0,1243.0
10,2.3978952727983707,1,1,0,3,0,39,3.6888794541139363,0,0,4,4,9,338,5.82600010738045,1,2,3,2,8,6,1.9459101490553132,1,0,1,6,6,1,0,26141.0
4,1.6094379124341003,1,1,4,4,4,14,2.70805020110221,1,2,4,0,4,450,6.111467339502679,1,0,0,2,0,10,2.3978952727983707,1,1,0,3,0,2,1,8361.0
8,2.1972245773362196,1,2,3,1,8,15,2.772588722239781,0,0,0,1,5,120,4.795790545596741,1,0,0,1,0,13,2.6390573296152584,0,1,3,6,3,1,2,1663.0
7,2.0794415416798357,0,1,2,0,7,52,3.970291913552122,1,1,2,3,2,215,5.375278407684165,0,2,0,5,5,19,2.995732273553991,0,1,4,5,9,1,0,104629.0
5,1.791759469228055,0,2,0,5,5,57,4.060443010546419,0,0,2,1,7,233,5.455321115357702,0,2,3,2,3,29,3.4011973816621555,0,2,4,1,9,1,0,95846.0
4,1.6094379124341003,1,1,4,4,4,21,3.091042453358316,0,0,1,0,1,284,5.652489180268651,1,2,4,4,4,9,2.302585092994046,0,0,4,2,9,1,1,513.0
3,1.3862943611198906,0,0,3,3,3,34,3.5553480614894135,1,1,4,6,4,271,5.605802066295998,0,1,1,5,1,27,3.332204510175204,0,0,2,6,7,1,1,126623.0
6,1.9459101490553132,1,0,1,6,6,41,3.7376696182833684,0,2,1,6,1,394,5.978885764901122,1,1,4,2,4,2,1.0986122886681098,1,2,2,2,2,1,2,32397.0
7,2.0794415416798357,0,1,2,0,7,37,3.6375861597263857,0,1,2,2,7,264,5.579729825986222,1,0,4,5,4,8,2.1972245773362196,1,2,3,1,8,1,1,38977.0
8,2.1972245773362196,1,2,3,1,8,47,3.871201010907891,0,2,2,5,7,282,5.645446897643238,1,0,2,2,2,26,3.295836866004329,1,2,1,5,6,1,1,341805.0
6,1.9459101490553132,1,0,1,6,6,55,4.02535169073515,0,1,0,6,5,107,4.68213122712422,0,2,2,2,7,22,3.1354942159291497,1,1,2,1,2,1,0,1027.0
12,2.5649493574615367,1,0,2,5,2,51,3.9512437185814275,0,0,1,2,1,134,4.90527477843843,1,2,4,1,4,45,3.828641396489095,0,0,0,3,5,1,0,47569.0
3,1.3862943611198906,0,0,3,3,3,5,1.791759469228055,0,2,0,5,5,358,5.883322388488279,1,1,3,1,8,1,0.6931471805599453,0,1,1,1,1,1,3,2122.0
11,2.4849066497880004,0,2,1,4,1,11,2.4849066497880004,0,2,1,4,1,257,5.552959584921617,0,2,2,5,7,7,2.0794415416798357,0,1,2,0,7,1,1,10312.0
5,1.791759469228055,0,2,0,5,5,39,3.6888794541139363,0,0,4,4,9,469,6.152732694704104,0,1,4,0,9,33,3.5263605246161616,0,0,3,5,3,1,0,1963.0
3,1.3862943611198906,0,0,3,3,3,17,2.8903717578961645,0,2,2,3,7,477,6.169610732491456,0,0,2,1,7,8,2.1972245773362196,1,2,3,1,8,1,1,669.0
3,1.3862943611198906,0,0,3,3,3,18,2.9444389791664403,1,0,3,4,8,268,5.594711379601839,1,1,3,2,8,13,2.6390573296152584,0,1,3,6,3,1,1,4363.0
3,1.3862943611198906,0,0,3,3,3,51,3.9512437185814275,0,0,1,2,1,109,4.700480365792417,0,1,4,4,9,50,3.9318256327243257,1,2,0,1,0,1,1,45933.0
4,1.6094379124341003,1,1,4,4,4,43,3.784189633918261,0,1,3,1,3,85,4.454347296253507,0,1,0,1,5,39,3.6888794541139363,0,0,4,4,9,1,0,46328.0
7,2.0794415416798357,0,1,2,0,7,51,3.9512437185814275,0,0,1,2,1,142,4.962844630259907,1,1,2,2,2,43,3.784189633918261,0,1,3,1,3,1,0,100604.0
5,1.791759469228055,0,2,0,5,5,22,3.1354942159291497,1,1,2,1,2,219,5.393627546352362,0,0,4,2,9,10,2.3978952727983707,1,1,0,3,0,1,1,12293.0
7,2.0794415416798357,0,1,2,0,7,33,3.5263605246161616,0,0,3,5,3,338,5.82600010738045,1,2,3,2,8,8,2.1972245773362196,1,2,3,1,8,1,0,44941.0
7,2.0794415416798357,0,1,2,0,7,26,3.295836866004329,1,2,1,5,6,229,5.438079308923196,0,1,4,5,9,8,2.1972245773362196,1,2,3,1,8,1,0,3987.0
6,1.9459101490553132,1,0,1,6,6,37,3.6375861597263857,0,1,2,2,7,151,5.0238805208462765,0,1,1,4,1,5,1.791759469228055,0,2,0,5,5,1,0,5478.0
8,2.1972245773362196,1,2,3,1,8,25,3.258096538021482,0,1,0,4,5,482,6.180016653652572,1,2,2,6,2,10,2.3978952727983707,1,1,0,3,0,1,0,8209.0
8,2.1972245773362196,1,2,3,1,8,34,3.5553480614894135,1,1,4,6,4,21,3.091042453358316,0,0,1,0,1,31,3.4657359027997265,0,1,1,3,1,1,0,7042.0
11,2.4849066497880004,0,2,1,4,1,56,4.04305126783455,1,2,1,0,6,411,6.021023349349527,0,0,1,5,1,55,4.02535169073515,0,1,0,6,5,1,1,125399.0
8,2.1972245773362196,1,2,3,1,8,33,3.5263605246161616,0,0,3,5,3,400,5.993961427306569,1,1,0,1,0,9,2.302585092994046,0,0,4,2,9,1,1,713.0
11,2.4849066497880004,0,2,1,4,1,36,3.6109179126442243,1,0,1,1,6,401,5.996452088619021,0,2,1,2,1,33,3.5263605246161616,0,0,3,5,3,1,1,3968.0
11,2.4849066497880004,0,2,1,4,1,10,2.3978952727983707,1,1,0,3,0,291,5.676753802268282,0,0,1,4,1,5,1.791759469228055,0,2,0,5,5,1,1,307.0
4,1.6094379124341003,1,1,4,4,4,14,2.70805020110221,1,2,4,0,4,129,4.867534450455582,0,0,4,3,9,1,0.6931471805599453,0,1,1,1,1,1,3,918.0
4,1.6094379124341003,1,1,4,4,4,53,3.9889840465642745,0,2,3,4,3,88,4.48863636973214,1,1,3,4,8,42,3.7612001156935624,1,0,2,0,2,1,1,63493.0
5,1.791759469228055,0,2,0,5,5,18,2.9444389791664403,1,0,3,4,8,396,5.983936280687191,1,0,1,4,6,14,2.70805020110221,1,2,4,0,4,1,1,51995.0
3,1.3862943611198906,0,0,3,3,3,40,3.713572066704308,1,1,0,5,0,481,6.1779441140506,0,1,1,5,1,36,3.6109179126442243,1,0,1,1,6,1,1,8819.0
6,1.9459101490553132,1,0,1,6,6,51,3.9512437185814275,0,0,1,2,1,533,6.280395838960195,0,2,3,1,3,8,2.1972245773362196,1,2,3,1,8,1,0,219017.0
4,1.6094379124341003,1,1,4,4,4,28,3.367295829986474,1,1,3,0,8,64,4.174387269895637,1,1,4,1,4,2,1.0986122886681098,1,2,2,2,2,2,5,81.0
5,1.791759469228055,0,2,0,5,5,27,3.332204510175204,0,0,2,6,7,128,4.859812404361672,1,2,3,2,8,22,3.1354942159291497,1,1,2,1,2,1,0,37874.0
5,1.791759469228055,0,2,0,5,5,18,2.9444389791664403,1,0,3,4,8,361,5.8916442118257715,0,1,1,4,1,11,2.4849066497880004,0,2,1,4,1,1,0,1033.0
9,2.302585092994046,0,0,4,2,9,25,3.258096538021482,0,1,0,4,5,116,4.762173934797756,1,2,1,4,6,4,1.6094379124341003,1,1,4,4,4,1,1,548.0
9,2.302585092994046,0,0,4,2,9,54,4.007333185232471,1,0,4,5,4,416,6.0330862217988015,1,2,1,3,6,27,3.332204510175204,0,0,2,6,7,1,3,7459.0
3,1.3862943611198906,0,0,3,3,3,46,3.8501476017100584,1,1,1,4,6,435,6.077642243349034,0,0,0,1,5,10,2.3978952727983707,1,1,0,3,0,1,1,2819.0
8,2.1972245773362196,1,2,3,1,8,37,3.6375861597263857,0,1,2,2,7,263,5.575949103146316,0,2,3,4,3,19,2.995732273553991,0,1,4,5,9,1,0,61328.0
6,1.9459101490553132,1,0,1,6,6,58,4.07753744390572,1,1,3,2,8,171,5.147494476813453,0,0,1,3,1,19,2.995732273553991,0,1,4,5,9,1,1,6159.0
9,2.302585092994046,0,0,4,2,9,52,3.970291913552122,1,1,2,3,2,275,5.62040086571715,0,2,0,2,5,13,2.6390573296152584,0,1,3,6,3,1,1,7037.0
12,2.5649493574615367,1,0,2,5,2,43,3.784189633918261,0,1,3,1,3,93,4.543294782270004,0,0,3,2,3,20,3.044522437723423,1,2,0,6,0,1,0,71027.0
6,1.9459101490553132,1,0,1,6,6,60,4.110873864173311,1,0,0,4,0,436,6.07993319509559,1,1,1,2,6,40,3.713572066704308,1,1,0,5,0,2,1,3497.0
6,1.9459101490553132,1,0,1,6,6,53,3.9889840465642745,0,2,3,4,3,231,5.44673737166631,0,0,1,0,1,11,2.4849066497880004,0,2,1,4,1,1,1,8896.0
12,2.5649493574615367,1,0,2,5,2,57,4.060443010546419,0,0,2,1,7,390,5.968707559985366,1,0,0,5,0,30,3.4339872044851463,1,0,0,2,0,3,1,24349.0
8,2.1972245773362196,1,2,3,1,8,13,2.6390573296152584,0,1,3,6,3,420,6.042632833682381,1,0,0,0,0,10,2.3978952727983707,1,1,0,3,0,1,1,57659.0
12,2.5649493574615367,1,0,2,5,2,45,3.828641396489095,0,0,0,3,5,104,4.653960350157523,1,2,4,6,4,10,2.3978952727983707,1,1,0,3,0,1,0,8387.0
10,2.3978952727983707,1,1,0,3,0,51,3.9512437185814275,0,0,1,2,1,479,6.173786103901937,0,2,4,3,9,45,3.828641396489095,0,0,0,3,5,1,0,121934.0
7,2.0794415416798357,0,1,2,0,7,5,1.791759469228055,0,2,0,5,5,348,5.855071922202427,1,0,3,5,8,3,1.3862943611198906,0,0,3,3,3,1,1,2042.0
6,1.9459101490553132,1,0,1,6,6,42,3.7612001156935624,1,0,2,0,2,412,6.023447592961033,1,1,2,6,2,36,3.6109179126442243,1,0,1,1,6,2,2,104743.0
7,2.0794415416798357,0,1,2,0,7,57,4.060443010546419,0,0,2,1,7,120,4.795790545596741,1,0,0,1,0,35,3.58351893845611,0,2,0,0,5,1,1,229258.0
5,1.791759469228055,0,2,0,5,5,20,3.044522437723423,1,2,0,6,0,449,6.1092475827643655,0,2,4,1,9,9,2.302585092994046,0,0,4,2,9,1,1,5242.0
8,2.1972245773362196,1,2,3,1,8,8,2.1972245773362196,1,2,3,1,8,152,5.030437921392435,1,2,2,5,2,4,1.6094379124341003,1,1,4,4,4,4,6,1289.0
5,1.791759469228055,0,2,0,5,5,41,3.7376696182833684,0,2,1,6,1,27,3.332204510175204,0,0,2,6,7,22,3.1354942159291497,1,1,2,1,2,1,0,5063.0
12,2.5649493574615367,1,0,2,5,2,16,2.833213344056216,1,1,1,2,6,398,5.988961416889864,1,2,3,6,8,14,2.70805020110221,1,2,4,0,4,2,0,45923.0
11,2.4849066497880004,0,2,1,4,1,46,3.8501476017100584,1,1,1,4,6,482,6.180016653652572,1,2,2,6,2,22,3.1354942159291497,1,1,2,1,2,1,1,81129.0
11,2.4849066497880004,0,2,1,4,1,52,3.970291913552122,1,1,2,3,2,604,6.405228458030842,1,1,4,2,4,2,1.0986122886681098,1,2,2,2,2,1,2,31179.0
7,2.0794415416798357,0,1,2,0,7,9,2.302585092994046,0,0,4,2,9,208,5.342334251964811,1,1,3,5,8,7,2.0794415416798357,0,1,2,0,7,1,1,1562.0
5,1.791759469228055,0,2,0,5,5,14,2.70805020110221,1,2,4,0,4,247,5.5134287461649825,0,1,2,2,7,6,1.9459101490553132,1,0,1,6,6,1,0,5437.0
7,2.0794415416798357,0,1,2,0,7,6,1.9459101490553132,1,0,1,6,6,285,5.655991810819852,0,0,0,5,5,5,1.791759469228055,0,2,0,5,5,1,1,2431.0
3,1.3862943611198906,0,0,3,3,3,13,2.6390573296152584,0,1,3,6,3,6,1.9459101490553132,1,0,1,6,6,12,2.5649493574615367,1,0,2,5,2,1,3,251.0
11,2.4849066497880004,0,2,1,4,1,20,3.044522437723423,1,2,0,6,0,236,5.4680601411351315,1,2,1,5,6,17,2.8903717578961645,0,2,2,3,7,1,0,5353.0
12,2.5649493574615367,1,0,2,5,2,18,2.9444389791664403,1,0,3,4,8,511,6.238324625039508,0,1,1,0,1,6,1.9459101490553132,1,0,1,6,6,1,2,1051.0
9,2.302585092994046,0,0,4,2,9,15,2.772588722239781,0,0,0,1,5,509,6.234410725718371,0,2,4,5,9,5,1.791759469228055,0,2,0,5,5,1,1,1996.0
4,1.6094379124341003,1,1,4,4,4,35,3.58351893845611,0,2,0,0,5,159,5.075173815233827,0,0,4,5,9,27,3.332204510175204,0,0,2,6,7,1,0,50212.0
12,2.5649493574615367,1,0,2,5,2,16,2.833213344056216,1,1,1,2,6,205,5.327876168789581,0,1,0,2,5,12,2.5649493574615367,1,0,2,5,2,1,1,1229.0
8,2.1972245773362196,1,2,3,1,8,20,3.044522437723423,1,2,0,6,0,359,5.886104031450156,0,2,4,2,9,15,2.772588722239781,0,0,0,1,5,1,0,11053.0
3,1.3862943611198906,0,0,3,3,3,53,3.9889840465642745,0,2,3,4,3,317,5.762051382780177,0,2,2,2,7,26,3.295836866004329,1,2,1,5,6,1,0,220401.0
3,1.3862943611198906,0,0,3,3,3,25,3.258096538021482,0,1,0,4,5,423,6.049733455231958,0,0,3,3,3,23,3.1780538303479458,0,2,3,2,3,1,1,62789.0
7,2.0794415416798357,0,1,2,0,7,31,3.4657359027997265,0,1,1,3,1,143,4.969813299576001,0,2,3,3,3,9,2.302585092994046,0,0,4,2,9,1,0,3253.0
9,2.302585092994046,0,0,4,2,9,14,2.70805020110221,1,2,4,0,4,288,5.666426688112432,1,0,3,1,8,12,2.5649493574615367,1,0,2,5,2,1,2,1793.0
11,2.4849066497880004,0,2,1,4,1,19,2.995732273553991,0,1,4,5,9,489,6.194405391104672,0,0,4,6,9,5,1.791759469228055,0,2,0,5,5,1,0,4766.0
11,2.4849066497880004,0,2,1,4,1,31,3.4657359027997265,0,1,1,3,1,314,5.752572638825633,1,2,4,6,4,12,2.5649493574615367,1,0,2,5,2,1,0,58081.0
3,1.3862943611198906,0,0,3,3,3,59,4.0943445622221,0,2,4,3,9,150,5.017279836814924,1,0,0,3,0,36,3.6109179126442243,1,0,1,1,6,1,2,158737.0
6,1.9459101490553132,1,0,1,6,6,36,3.6109179126442243,1,0,1,1,6,312,5.746203190540153,1,0,2,4,2,3,1.3862943611198906,0,0,3,3,3,3,5,11267.0
3,1.3862943611198906,0,0,3,3,3,20,3.044522437723423,1,2,0,6,0,329,5.799092654460526,0,2,4,0,9,18,2.9444389791664403,1,0,3,4,8,1,1,15403.0
12,2.5649493574615367,1,0,2,5,2,52,3.970291913552122,1,1,2,3,2,491,6.198478716492308,0,2,1,1,1,23,3.1780538303479458,0,2,3,2,3,1,0,291791.0
10,2.3978952727983707,1,1,0,3,0,40,3.713572066704308,1,1,0,5,0,126,4.844187086458591,1,0,1,0,6,14,2.70805020110221,1,2,4,0,4,2,2,6635.0
8,2.1972245773362196,1,2,3,1,8,53,3.9889840465642745,0,2,3,4,3,188,5.241747015059643,1,2,3,6,8,13,2.6390573296152584,0,1,3,6,3,1,0,6304.0
8,2.1972245773362196,1,2,3,1,8,58,4.07753744390572,1,1,3,2,8,270,5.602118820879701,1,0,0,4,0,50,3.9318256327243257,1,2,0,1,0,2,0,193211.0
7,2.0794415416798357,0,1,2,0,7,30,3.4339872044851463,1,0,0,2,0,391,5.971261839790462,0,1,1,6,1,6,1.9459101490553132,1,0,1,6,6,1,1,33.0
6,1.9459101490553132,1,0,1,6,6,48,3.8918202981106265,1,0,3,6,8,278,5.631211781821365,1,2,3,5,8,24,3.2188758248682006,1,0,4,3,4,2,3,4441.0
10,2.3978952727983707,1,1,0,3,0,51,3.9512437185814275,0,0,1,2,1,77,4.356708826689592,0,2,2,0,7,46,3.8501476017100584,1,1,1,4,6,1,0,160219.0
10,2.3978952727983707,1,1,0,3,0,45,3.828641396489095,0,0,0,3,5,78,4.3694478524670215,1,0,3,1,8,31,3.4657359027997265,0,1,1,3,1,1,0,48421.0
8,2.1972245773362196,1,2,3,1,8,38,3.6635616461296463,1,2,3,3,8,442,6.093569770045136,1,1,2,1,2,26,3.295836866004329,1,2,1,5,6,2,1,7857.0
9,2.302585092994046,0,0,4,2,9,58,4.07753744390572,1,1,3,2,8,370,5.916202062607435,1,1,0,6,0,7,2.0794415416798357,0,1,2,0,7,1,0,148685.0
9,2.302585092994046,0,0,4,2,9,45,3.828641396489095,0,0,0,3,5,276,5.6240175061873385,1,0,1,3,6,7,2.0794415416798357,0,1,2,0,7,1,1,17134.0
4,1.6094379124341003,1,1,4,4,4,54,4.007333185232471,1,0,4,5,4,278,5.631211781821365,1,2,3,5,8,30,3.4339872044851463,1,0,0,2,0,2,0,37669.0
9,2.302585092994046,0,0,4,2,9,32,3.4965075614664802,1,2,2,4,2,458,6.129050210060545,1,2,3,3,8,3,1.3862943611198906,0,0,3,3,3,1,1,44219.0
3,1.3862943611198906,0,0,3,3,3,18,2.9444389791664403,1,0,3,4,8,102,4.634728988229636,1,0,2,4,2,14,2.70805020110221,1,2,4,0,4,1,2,13163.0
10,2.3978952727983707,1,1,0,3,0,38,3.6635616461296463,1,2,3,3,8,351,5.863631175598097,0,0,1,1,1,8,2.1972245773362196,1,2,3,1,8,1,0,53061.0
6,1.9459101490553132,1,0,1,6,6,9,2.302585092994046,0,0,4,2,9,190,5.25227342804663,1,1,0,1,0,3,1.3862943611198906,0,0,3,3,3,1,2,305.0
8,2.1972245773362196,1,2,3,1,8,52,3.970291913552122,1,1,2,3,2,427,6.059123195581797,0,1,2,0,7,39,3.6888794541139363,0,0,4,4,9,1,0,33307.0
5,1.791759469228055,0,2,0,5,5,55,4.02535169073515,0,1,0,6,5,15,2.772588722239781,0,0,0,1,5,48,3.8918202981106265,1,0,3,6,8,1,2,6713.0
11,2.4849066497880004,0,2,1,4,1,31,3.4657359027997265,0,1,1,3,1,166,5.117993812416755,1,1,1,5,6,29,3.4011973816621555,0,2,4,1,9,1,0,28764.0
9,2.302585092994046,0,0,4,2,9,44,3.8066624897703196,1,2,4,2,4,276,5.6240175061873385,1,0,1,3,6,37,3.6375861597263857,0,1,2,2,7,1,0,40409.0
7,2.0794415416798357,0,1,2,0,7,41,3.7376696182833684,0,2,1,6,1,416,6.0330862217988015,1,2,1,3,6,13,2.6390573296152584,0,1,3,6,3,1,1,223146.0
6,1.9459101490553132,1,0,1,6,6,6,1.9459101490553132,1,0,1,6,6,206,5.332718793265369,1,2,1,3,6,2,1.0986122886681098,1,2,2,2,2,2,4,139.0
4,1.6094379124341003,1,1,4,4,4,58,4.07753744390572,1,1,3,2,8,330,5.802118375377063,1,0,0,1,0,24,3.2188758248682006,1,0,4,3,4,2,1,76919.0
9,2.302585092994046,0,0,4,2,9,6,1.9459101490553132,1,0,1,6,6,65,4.189654742026425,0,2,0,2,5,3,1.3862943611198906,0,0,3,3,3,1,2,8.0
3,1.3862943611198906,0,0,3,3,3,36,3.6109179126442243,1,0,1,1,6,172,5.153291594497779,1,1,2,4,2,32,3.4965075614664802,1,2,2,4,2,1,1,2779.0
3,1.3862943611198906,0,0,3,3,3,32,3.4965075614664802,1,2,2,4,2,430,6.066108090103747,1,1,0,3,0,22,3.1354942159291497,1,1,2,1,2,1,0,154991.0
8,2.1972245773362196,1,2,3,1,8,59,4.0943445622221,0,2,4,3,9,175,5.170483995038151,0,1,0,0,5,21,3.091042453358316,0,0,1,0,1,1,0,30022.0
4,1.6094379124341003,1,1,4,4,4,32,3.4965075614664802,1,2,2,4,2,75,4.330733340286331,0,0,0,5,5,4,1.6094379124341003,1,1,4,4,4,1,3,1161.0
5,1.791759469228055,0,2,0,5,5,22,3.1354942159291497,1,1,2,1,2,349,5.857933154483459,0,1,4,6,9,17,2.8903717578961645,0,2,2,3,7,1,0,33621.0
11,2.4849066497880004,0,2,1,4,1,42,3.7612001156935624,1,0,2,0,2,135,4.912654885736052,0,0,0,2,5,39,3.6888794541139363,0,0,4,4,9,1,0,11551.0
10,2.3978952727983707,1,1,0,3,0,14,2.70805020110221,1,2,4,0,4,105,4.663439094112067,0,0,0,0,5,11,2.4849066497880004,0,2,1,4,1,1,0,7824.0
3,1.3862943611198906,0,0,3,3,3,50,3.9318256327243257,1,2,0,1,0,105,4.663439094112067,0,0,0,0,5,22,3.1354942159291497,1,1,2,1,2,1,1,28597.0
3,1.3862943611198906,0,0,3,3,3,8,2.1972245773362196,1,2,3,1,8,358,5.883322388488279,1,1,3,1,8,1,0.6931471805599453,0,1,1,1,1,1,3,3181.0
10,2.3978952727983707,1,1,0,3,0,8,2.1972245773362196,1,2,3,1,8,41,3.7376696182833684,0,2,1,6,1,5,1.791759469228055,0,2,0,5,5,1,1,171.0
4,1.6094379124341003,1,1,4,4,4,15,2.772588722239781,0,0,0,1,5,439,6.0867747269123065,0,1,4,5,9,12,2.5649493574615367,1,0,2,5,2,1,1,3093.0
6,1.9459101490553132,1,0,1,6,6,33,3.5263605246161616,0,0,3,5,3,101,4.624972813284271,0,2,1,3,1,15,2.772588722239781,0,0,0,1,5,1,0,3224.0
6,1.9459101490553132,1,0,1,6,6,52,3.970291913552122,1,1,2,3,2,143,4.969813299576001,0,2,3,3,3,39,3.6888794541139363,0,0,4,4,9,1,0,10889.0
12,2.5649493574615367,1,0,2,5,2,10,2.3978952727983707,1,1,0,3,0,448,6.1070228877422545,1,1,3,0,8,9,2.302585092994046,0,0,4,2,9,1,0,43153.0
10,2.3978952727983707,1,1,0,3,0,16,2.833213344056216,1,1,1,2,6,489,6.194405391104672,0,0,4,6,9,1,0.6931471805599453,0,1,1,1,1,1,3,1001.0
9,2.302585092994046,0,0,4,2,9,36,3.6109179126442243,1,0,1,1,6,355,5.87493073085203,0,1,0,5,5,11,2.4849066497880004,0,2,1,4,1,1,1,23437.0
5,1.791759469228055,0,2,0,5,5,23,3.1780538303479458,0,2,3,2,3,218,5.389071729816501,1,2,3,1,8,10,2.3978952727983707,1,1,0,3,0,1,1,25534.0
5,1.791759469228055,0,2,0,5,5,37,3.6375861597263857,0,1,2,2,7,142,4.962844630259907,1,1,2,2,2,10,2.3978952727983707,1,1,0,3,0,1,1,25976.0
6,1.9459101490553132,1,0,1,6,6,48,3.8918202981106265,1,0,3,6,8,15,2.772588722239781,0,0,0,1,5,28,3.367295829986474,1,1,3,0,8,1,1,1531.0
7,2.0794415416798357,0,1,2,0,7,21,3.091042453358316,0,0,1,0,1,465,6.144185634125646,0,0,0,3,5,19,2.995732273553991,0,1,4,5,9,1,1,95716.0
11,2.4849066497880004,0,2,1,4,1,34,3.5553480614894135,1,1,4,6,4,329,5.799092654460526,0,2,4,0,9,21,3.091042453358316,0,0,1,0,1,1,0,58400.0
12,2.5649493574615367,1,0,2,5,2,46,3.8501476017100584,1,1,1,4,6,173,5.159055299214529,0,2,3,5,3,41,3.7376696182833684,0,2,1,6,1,1,0,155096.0
8,2.1972245773362196,1,2,3,1,8,34,3.5553480614894135,1,1,4,6,4,504,6.22455842927536,1,0,4,0,4,6,1.9459101490553132,1,0,1,6,6,2,2,25991.0
5,1.791759469228055,0,2,0,5,5,22,3.1354942159291497,1,1,2,1,2,175,5.170483995038151,0,1,0,0,5,3,1.3862943611198906,0,0,3,3,3,1,1,5827.0
11,2.4849066497880004,0,2,1,4,1,28,3.367295829986474,1,1,3,0,8,388,5.963579343618446,1,1,3,3,8,23,3.1780538303479458,0,2,3,2,3,1,0,251409.0
7,2.0794415416798357,0,1,2,0,7,30,3.4339872044851463,1,0,0,2,0,454,6.12029741895095,1,1,4,6,4,6,1.9459101490553132,1,0,1,6,6,1,1,1537.0
3,1.3862943611198906,0,0,3,3,3,14,2.70805020110221,1,2,4,0,4,268,5.594711379601839,1,1,3,2,8,1,0.6931471805599453,0,1,1,1,1,1,3,3949.0
11,2.4849066497880004,0,2,1,4,1,27,3.332204510175204,0,0,2,6,7,522,6.259581464064923,1,0,2,4,2,12,2.5649493574615367,1,0,2,5,2,1,0,28591.0
5,1.791759469228055,0,2,0,5,5,5,1.791759469228055,0,2,0,5,5,185,5.225746673713202,0,2,0,3,5,2,1.0986122886681098,1,2,2,2,2,1,3,179.0
3,1.3862943611198906,0,0,3,3,3,21,3.091042453358316,0,0,1,0,1,229,5.438079308923196,0,1,4,5,9,19,2.995732273553991,0,1,4,5,9,1,1,15744.0
6,1.9459101490553132,1,0,1,6,6,8,2.1972245773362196,1,2,3,1,8,507,6.230481447578482,0,0,2,3,7,4,1.6094379124341003,1,1,4,4,4,1,1,563.0
9,2.302585092994046,0,0,4,2,9,44,3.8066624897703196,1,2,4,2,4,461,6.135564891081739,0,2,1,6,1,10,2.3978952727983707,1,1,0,3,0,1,0,25391.0
9,2.302585092994046,0,0,4,2,9,25,3.258096538021482,0,1,0,4,5,437,6.082218910376446,0,2,2,3,7,23,3.1780538303479458,0,2,3,2,3,1,1,63982.0
8,2.1972245773362196,1,2,3,1,8,44,3.8066624897703196,1,2,4,2,4,463,6.139884552226255,0,1,3,1,3,13,2.6390573296152584,0,1,3,6,3,1,0,1727.0
7,2.0794415416798357,0,1,2,0,7,30,3.4339872044851463,1,0,0,2,0,14,2.70805020110221,1,2,4,0,4,28,3.367295829986474,1,1,3,0,8,1,3,758.0
10,2.3978952727983707,1,1,0,3,0,27,3.332204510175204,0,0,2,6,7,477,6.169610732491456,0,0,2,1,7,14,2.70805020110221,1,2,4,0,4,1,0,182947.0
3,1.3862943611198906,0,0,3,3,3,44,3.8066624897703196,1,2,4,2,4,253,5.537334267018537,0,1,3,1,3,1,0.6931471805599453,0,1,1,1,1,1,3,2791.0
8,2.1972245773362196,1,2,3,1,8,21,3.091042453358316,0,0,1,0,1,158,5.0689042022202315,1,2,3,4,8,7,2.0794415416798357,0,1,2,0,7,1,1,1643.0
4,1.6094379124341003,1,1,4,4,4,33,3.5263605246161616,0,0,3,5,3,275,5.62040086571715,0,2,0,2,5,2,1.0986122886681098,1,2,2,2,2,1,1,18335.0
9,2.302585092994046,0,0,4,2,9,21,3.091042453358316,0,0,1,0,1,177,5.181783550292085,0,0,2,2,7,15,2.772588722239781,0,0,0,1,5,3,0,2308.0
12,2.5649493574615367,1,0,2,5,2,17,2.8903717578961645,0,2,2,3,7,564,6.336825731146441,1,0,4,4,4,1,0.6931471805599453,0,1,1,1,1,1,4,1220.0
9,2.302585092994046,0,0,4,2,9,38,3.6635616461296463,1,2,3,3,8,130,4.875197323201151,1,1,0,4,0,19,2.995732273553991,0,1,4,5,9,1,1,4711.0
5,1.791759469228055,0,2,0,5,5,57,4.060443010546419,0,0,2,1,7,503,6.222576268071369,0,2,3,6,3,39,3.6888794541139363,0,0,4,4,9,1,0,62578.0
9,2.302585092994046,0,0,4,2,9,28,3.367295829986474,1,1,3,0,8,276,5.6240175061873385,1,0,1,3,6,17,2.8903717578961645,0,2,2,3,7,1,0,131543.0
6,1.9459101490553132,1,0,1,6,6,56,4.04305126783455,1,2,1,0,6,349,5.857933154483459,0,1,4,6,9,50,3.9318256327243257,1,2,0,1,0,1,0,12219.0
4,1.6094379124341003,1,1,4,4,4,7,2.0794415416798357,0,1,2,0,7,150,5.017279836814924,1,0,0,3,0,5,1.791759469228055,0,2,0,5,5,1,1,2917.0
11,2.4849066497880004,0,2,1,4,1,47,3.871201010907891,0,2,2,5,7,128,4.859812404361672,1,2,3,2,8,26,3.295836866004329,1,2,1,5,6,1,0,24301.0
5,1.791759469228055,0,2,0,5,5,53,3.9889840465642745,0,2,3,4,3,335,5.817111159963204,0,2,0,6,5,42,3.7612001156935624,1,0,2,0,2,1,1,17009.0
12,2.5649493574615367,1,0,2,5,2,28,3.367295829986474,1,1,3,0,8,90,4.51085950651685,1,0,0,6,0,23,3.1780538303479458,0,2,3,2,3,1,0,51971.0
4,1.6094379124341003,1,1,4,4,4,42,3.7612001156935624,1,0,2,0,2,119,4.787491742782046,0,2,4,0,9,24,3.2188758248682006,1,0,4,3,4,1,1,19771.0
8,2.1972245773362196,1,2,3,1,8,31,3.4657359027997265,0,1,1,3,1,430,6.066108090103747,1,1,0,3,0,15,2.772588722239781,0,0,0,1,5,1,0,101224.0
7,2.0794415416798357,0,1,2,0,7,54,4.007333185232471,1,0,4,5,4,271,5.605802066295998,0,1,1,5,1,33,3.5263605246161616,0,0,3,5,3,1,0,2957.0
4,1.6094379124341003,1,1,4,4,4,43,3.784189633918261,0,1,3,1,3,430,6.066108090103747,1,1,0,3,0,30,3.4339872044851463,1,0,0,2,0,1,1,187427.0
9,2.302585092994046,0,0,4,2,9,13,2.6390573296152584,0,1,3,6,3,91,4.5217885770490405,0,1,1,0,1,5,1.791759469228055,0,2,0,5,5,1,1,2838.0
3,1.3862943611198906,0,0,3,3,3,39,3.6888794541139363,0,0,4,4,9,346,5.849324779946859,1,1,1,3,6,20,3.044522437723423,1,2,0,6,0,1,1,45727.0
5,1.791759469228055,0,2,0,5,5,12,2.5649493574615367,1,0,2,5,2,394,5.978885764901122,1,1,4,2,4,3,1.3862943611198906,0,0,3,3,3,1,1,5045.0
8,2.1972245773362196,1,2,3,1,8,23,3.1780538303479458,0,2,3,2,3,327,5.793013608384144,0,0,2,5,7,10,2.3978952727983707,1,1,0,3,0,1,0,76469.0
10,2.3978952727983707,1,1,0,3,0,52,3.970291913552122,1,1,2,3,2,316,5.75890177387728,1,1,1,1,6,16,2.833213344056216,1,1,1,2,6,2,0,7199.0
9,2.302585092994046,0,0,4,2,9,15,2.772588722239781,0,0,0,1,5,61,4.127134385045092,0,1,1,5,1,5,1.791759469228055,0,2,0,5,5,1,1,68.0
8,2.1972245773362196,1,2,3,1,8,60,4.110873864173311,1,0,0,4,0,400,5.993961427306569,1,1,0,1,0,7,2.0794415416798357,0,1,2,0,7,1,1,7953.0
10,2.3978952727983707,1,1,0,3,0,34,3.5553480614894135,1,1,4,6,4,143,4.969813299576001,0,2,3,3,3,27,3.332204510175204,0,0,2,6,7,1,0,997.0
12,2.5649493574615367,1,0,2,5,2,36,3.6109179126442243,1,0,1,1,6,152,5.030437921392435,1,2,2,5,2,3,1.3862943611198906,0,0,3,3,3,1,3,5059.0
9,2.302585092994046,0,0,4,2,9,49,3.912023005428146,0,1,4,0,9,250,5.5254529391317835,1,1,0,5,0,16,2.833213344056216,1,1,1,2,6,1,0,24067.0
7,2.0794415416798357,0,1,2,0,7,35,3.58351893845611,0,2,0,0,5,211,5.356586274672012,0,1,1,1,1,30,3.4339872044851463,1,0,0,2,0,1,1,1049.0
5,1.791759469228055,0,2,0,5,5,12,2.5649493574615367,1,0,2,5,2,466,6.1463292576688975,1,1,1,4,6,1,0.6931471805599453,0,1,1,1,1,1,3,1983.0
6,1.9459101490553132,1,0,1,6,6,10,2.3978952727983707,1,1,0,3,0,142,4.962844630259907,1,1,2,2,2,7,2.0794415416798357,0,1,2,0,7,1,0,10457.0
4,1.6094379124341003,1,1,4,4,4,60,4.110873864173311,1,0,0,4,0,18,2.9444389791664403,1,0,3,4,8,27,3.332204510175204,0,0,2,6,7,1,1,2551.0
11,2.4849066497880004,0,2,1,4,1,29,3.4011973816621555,0,2,4,1,9,108,4.6913478822291435,1,0,3,3,8,11,2.4849066497880004,0,2,1,4,1,1,1,31830.0
8,2.1972245773362196,1,2,3,1,8,27,3.332204510175204,0,0,2,6,7,355,5.87493073085203,0,1,0,5,5,14,2.70805020110221,1,2,4,0,4,1,0,6473.0
12,2.5649493574615367,1,0,2,5,2,24,3.2188758248682006,1,0,4,3,4,326,5.7899601708972535,1,2,1,4,6,2,1.0986122886681098,1,2,2,2,2,2,4,7729.0
8,2.1972245773362196,1,2,3,1,8,57,4.060443010546419,0,0,2,1,7,223,5.4116460518550396,0,1,3,6,3,32,3.4965075614664802,1,2,2,4,2,1,1,26591.0
3,1.3862943611198906,0,0,3,3,3,25,3.258096538021482,0,1,0,4,5,175,5.170483995038151,0,1,0,0,5,22,3.1354942159291497,1,1,2,1,2,1,1,49189.0
6,1.9459101490553132,1,0,1,6,6,20,3.044522437723423,1,2,0,6,0,463,6.139884552226255,0,1,3,1,3,9,2.302585092994046,0,0,4,2,9,1,0,43159.0
6,1.9459101490553132,1,0,1,6,6,47,3.871201010907891,0,2,2,5,7,474,6.163314804034641,1,0,4,5,4,29,3.4011973816621555,0,2,4,1,9,1,1,36187.0
5,1.791759469228055,0,2,0,5,5,58,4.07753744390572,1,1,3,2,8,415,6.030685260261263,0,1,0,2,5,46,3.8501476017100584,1,1,1,4,6,1,1,278173.0
12,2.5649493574615367,1,0,2,5,2,50,3.9318256327243257,1,2,0,1,0,277,5.627621113690637,0,1,2,4,7,46,3.8501476017100584,1,1,1,4,6,1,0,310823.0
4,1.6094379124341003,1,1,4,4,4,45,3.828641396489095,0,0,0,3,5,250,5.5254529391317835,1,1,0,5,0,19,2.995732273553991,0,1,4,5,9,1,0,35821.0
9,2.302585092994046,0,0,4,2,9,19,2.995732273553991,0,1,4,5,9,161,5.087596335232384,0,2,1,0,1,7,2.0794415416798357,0,1,2,0,7,1,1,2648.0
6,1.9459101490553132,1,0,1,6,6,31,3.4657359027997265,0,1,1,3,1,442,6.093569770045136,1,1,2,1,2,11,2.4849066497880004,0,2,1,4,1,1,0,38343.0
6,1.9459101490553132,1,0,1,6,6,47,3.871201010907891,0,2,2,5,7,90,4.51085950651685,1,0,0,6,0,18,2.9444389791664403,1,0,3,4,8,1,3,72431.0
9,2.302585092994046,0,0,4,2,9,39,3.6888794541139363,0,0,4,4,9,296,5.6937321388027,1,2,1,2,6,16,2.833213344056216,1,1,1,2,6,1,0,22937.0
4,1.6094379124341003,1,1,4,4,4,19,2.995732273553991,0,1,4,5,9,471,6.156978985585555,0,0,1,2,1,12,2.5649493574615367,1,0,2,5,2,1,1,37353.0
6,1.9459101490553132,1,0,1,6,6,23,3.1780538303479458,0,2,3,2,3,404,6.003887067106539,1,2,4,5,4,18,2.9444389791664403,1,0,3,4,8,1,1,171911.0
10,2.3978952727983707,1,1,0,3,0,6,1.9459101490553132,1,0,1,6,6,389,5.966146739123692,0,2,4,4,9,3,1.3862943611198906,0,0,3,3,3,1,1,1322.0
8,2.1972245773362196,1,2,3,1,8,11,2.4849066497880004,0,2,1,4,1,480,6.175867270105761,1,0,0,4,0,2,1.0986122886681098,1,2,2,2,2,1,3,11265.0
10,2.3978952727983707,1,1,0,3,0,33,3.5263605246161616,0,0,3,5,3,154,5.043425116919247,1,1,4,0,4,29,3.4011973816621555,0,2,4,1,9,1,0,3943.0
6,1.9459101490553132,1,0,1,6,6,11,2.4849066497880004,0,2,1,4,1,440,6.089044875446846,1,2,0,6,0,8,2.1972245773362196,1,2,3,1,8,1,2,41649.0
7,2.0794415416798357,0,1,2,0,7,10,2.3978952727983707,1,1,0,3,0,88,4.48863636973214,1,1,3,4,8,4,1.6094379124341003,1,1,4,4,4,1,1,49.0
4,1.6094379124341003,1,1,4,4,4,8,2.1972245773362196,1,2,3,1,8,242,5.493061443340548,1,2,2,4,2,2,1.0986122886681098,1,2,2,2,2,2,4,2133.0
4,1.6094379124341003,1,1,4,4,4,15,2.772588722239781,0,0,0,1,5,261,5.568344503761097,0,0,1,2,1,8,2.1972245773362196,1,2,3,1,8,1,1,6575.0
6,1.9459101490553132,1,0,1,6,6,5,1.791759469228055,0,2,0,5,5,385,5.955837369464831,0,1,0,0,5,3,1.3862943611198906,0,0,3,3,3,1,2,6812.0
10,2.3978952727983707,1,1,0,3,0,58,4.07753744390572,1,1,3,2,8,311,5.7430031878094825,0,2,1,3,1,54,4.007333185232471,1,0,4,5,4,1,0,53275.0
11,2.4849066497880004,0,2,1,4,1,45,3.828641396489095,0,0,0,3,5,114,4.74493212836325,1,0,4,2,4,26,3.295836866004329,1,2,1,5,6,1,0,61499.0
6,1.9459101490553132,1,0,1,6,6,5,1.791759469228055,0,2,0,5,5,312,5.746203190540153,1,0,2,4,2,4,1.6094379124341003,1,1,4,4,4,1,2,7339.0
8,2.1972245773362196,1,2,3,1,8,55,4.02535169073515,0,1,0,6,5,595,6.39024066706535,0,1,0,0,5,2,1.0986122886681098,1,2,2,2,2,1,1,5943.0
5,1.791759469228055,0,2,0,5,5,36,3.6109179126442243,1,0,1,1,6,426,6.056784013228625,1,0,1,6,6,27,3.332204510175204,0,0,2,6,7,1,0,46727.0
5,1.791759469228055,0,2,0,5,5,5,1.791759469228055,0,2,0,5,5,80,4.394449154672439,1,2,0,3,0,3,1.3862943611198906,0,0,3,3,3,1,3,1342.0
8,2.1972245773362196,1,2,3,1,8,34,3.5553480614894135,1,1,4,6,4,314,5.752572638825633,1,2,4,6,4,24,3.2188758248682006,1,0,4,3,4,2,1,128485.0
3,1.3862943611198906,0,0,3,3,3,55,4.02535169073515,0,1,0,6,5,489,6.194405391104672,0,0,4,6,9,49,3.912023005428146,0,1,4,0,9,1,1,222262.0
3,1.3862943611198906,0,0,3,3,3,13,2.6390573296152584,0,1,3,6,3,312,5.746203190540153,1,0,2,4,2,11,2.4849066497880004,0,2,1,4,1,1,2,47582.0
6,1.9459101490553132,1,0,1,6,6,12,2.5649493574615367,1,0,2,5,2,124,4.8283137373023015,1,1,4,5,4,11,2.4849066497880004,0,2,1,4,1,1,1,5623.0
8,2.1972245773362196,1,2,3,1,8,11,2.4849066497880004,0,2,1,4,1,74,4.31748811353631,1,2,4,4,4,9,2.302585092994046,0,0,4,2,9,1,0,3557.0
9,2.302585092994046,0,0,4,2,9,17,2.8903717578961645,0,2,2,3,7,221,5.402677381872279,0,2,1,4,1,11,2.4849066497880004,0,2,1,4,1,1,1,10482.0
6,1.9459101490553132,1,0,1,6,6,13,2.6390573296152584,0,1,3,6,3,413,6.025865973825314,0,2,3,0,3,11,2.4849066497880004,0,2,1,4,1,1,0,62668.0
8,2.1972245773362196,1,2,3,1,8,54,4.007333185232471,1,0,4,5,4,448,6.1070228877422545,1,1,3,0,8,33,3.5263605246161616,0,0,3,5,3,1,1,88717.0
7,2.0794415416798357,0,1,2,0,7,8,2.1972245773362196,1,2,3,1,8,410,6.018593214496234,1,2,0,4,0,1,0.6931471805599453,0,1,1,1,1,1,3,3585.0
5,1.791759469228055,0,2,0,5,5,58,4.07753744390572,1,1,3,2,8,360,5.8888779583328805,1,0,0,3,0,39,3.6888794541139363,0,0,4,4,9,1,1,816779.0
8,2.1972245773362196,1,2,3,1,8,50,3.9318256327243257,1,2,0,1,0,191,5.2574953720277815,0,2,1,2,1,47,3.871201010907891,0,2,2,5,7,1,0,14621.0
7,2.0794415416798357,0,1,2,0,7,38,3.6635616461296463,1,2,3,3,8,68,4.23410650459726,1,2,3,5,8,21,3.091042453358316,0,0,1,0,1,1,1,16619.0
12,2.5649493574615367,1,0,2,5,2,21,3.091042453358316,0,0,1,0,1,571,6.349138991379798,0,1,1,4,1,3,1.3862943611198906,0,0,3,3,3,1,2,12232.0
9,2.302585092994046,0,0,4,2,9,60,4.110873864173311,1,0,0,4,0,200,5.303304908059076,1,2,0,4,0,50,3.9318256327243257,1,2,0,1,0,1,1,58247.0
4,1.6094379124341003,1,1,4,4,4,6,1.9459101490553132,1,0,1,6,6,273,5.6131281063880705,0,0,3,0,3,1,0.6931471805599453,0,1,1,1,1,1,3,934.0
9,2.302585092994046,0,0,4,2,9,7,2.0794415416798357,0,1,2,0,7,465,6.144185634125646,0,0,0,3,5,1,0.6931471805599453,0,1,1,1,1,1,3,150.0
12,2.5649493574615367,1,0,2,5,2,55,4.02535169073515,0,1,0,6,5,469,6.152732694704104,0,1,4,0,9,19,2.995732273553991,0,1,4,5,9,1,0,485852.0
5,1.791759469228055,0,2,0,5,5,48,3.8918202981106265,1,0,3,6,8,512,6.240275845170769,1,2,2,1,2,1,0.6931471805599453,0,1,1,1,1,1,3,24655.0
11,2.4849066497880004,0,2,1,4,1,25,3.258096538021482,0,1,0,4,5,472,6.159095388491933,1,1,2,3,2,11,2.4849066497880004,0,2,1,4,1,1,1,131706.0
10,2.3978952727983707,1,1,0,3,0,53,3.9889840465642745,0,2,3,4,3,90,4.51085950651685,1,0,0,6,0,39,3.6888794541139363,0,0,4,4,9,1,1,28059.0
7,2.0794415416798357,0,1,2,0,7,35,3.58351893845611,0,2,0,0,5,213,5.365976015021851,0,0,3,3,3,33,3.5263605246161616,0,0,3,5,3,1,1,40786.0
4,1.6094379124341003,1,1,4,4,4,47,3.871201010907891,0,2,2,5,7,12,2.5649493574615367,1,0,2,5,2,18,2.9444389791664403,1,0,3,4,8,1,1,2275.0
8,2.1972245773362196,1,2,3,1,8,11,2.4849066497880004,0,2,1,4,1,212,5.3612921657094255,1,2,2,2,2,4,1.6094379124341003,1,1,4,4,4,1,2,9743.0
9,2.302585092994046,0,0,4,2,9,21,3.091042453358316,0,0,1,0,1,437,6.082218910376446,0,2,2,3,7,9,2.302585092994046,0,0,4,2,9,1,1,7054.0
7,2.0794415416798357,0,1,2,0,7,31,3.4657359027997265,0,1,1,3,1,372,5.921578419643816,1,0,2,1,2,8,2.1972245773362196,1,2,3,1,8,1,1,46651.0
7,2.0794415416798357,0,1,2,0,7,30,3.4339872044851463,1,0,0,2,0,140,4.948759890378168,1,2,0,0,0,5,1.791759469228055,0,2,0,5,5,1,3,4093.0
8,2.1972245773362196,1,2,3,1,8,11,2.4849066497880004,0,2,1,4,1,193,5.267858159063328,0,1,3,4,3,7,2.0794415416798357,0,1,2,0,7,1,0,2216.0
5,1.791759469228055,0,2,0,5,5,39,3.6888794541139363,0,0,4,4,9,377,5.934894195619588,0,2,2,6,7,15,2.772588722239781,0,0,0,1,5,1,1,18592.0
12,2.5649493574615367,1,0,2,5,2,45,3.828641396489095,0,0,0,3,5,255,5.545177444479562,0,0,0,3,5,20,3.044522437723423,1,2,0,6,0,1,0,44657.0
10,2.3978952727983707,1,1,0,3,0,49,3.912023005428146,0,1,4,0,9,271,5.605802066295998,0,1,1,5,1,17,2.8903717578961645,0,2,2,3,7,1,0,24618.0
6,1.9459101490553132,1,0,1,6,6,42,3.7612001156935624,1,0,2,0,2,317,5.762051382780177,0,2,2,2,7,25,3.258096538021482,0,1,0,4,5,1,1,33424.0
8,2.1972245773362196,1,2,3,1,8,49,3.912023005428146,0,1,4,0,9,184,5.220355825078324,1,1,4,2,4,25,3.258096538021482,0,1,0,4,5,1,1,27479.0
7,2.0794415416798357,0,1,2,0,7,19,2.995732273553991,0,1,4,5,9,324,5.783825182329737,1,0,4,2,4,6,1.9459101490553132,1,0,1,6,6,1,1,333.0
12,2.5649493574615367,1,0,2,5,2,20,3.044522437723423,1,2,0,6,0,126,4.844187086458591,1,0,1,0,6,12,2.5649493574615367,1,0,2,5,2,2,1,179.0
5,1.791759469228055,0,2,0,5,5,43,3.784189633918261,0,1,3,1,3,369,5.91350300563827,0,0,4,5,9,18,2.9444389791664403,1,0,3,4,8,1,0,72047.0
8,2.1972245773362196,1,2,3,1,8,19,2.995732273553991,0,1,4,5,9,323,5.780743515792329,0,2,3,1,3,4,1.6094379124341003,1,1,4,4,4,1,2,239.0
7,2.0794415416798357,0,1,2,0,7,7,2.0794415416798357,0,1,2,0,7,160,5.081404364984463,1,1,0,6,0,6,1.9459101490553132,1,0,1,6,6,1,1,1223.0
11,2.4849066497880004,0,2,1,4,1,51,3.9512437185814275,0,0,1,2,1,180,5.198497031265826,1,0,0,5,0,47,3.871201010907891,0,2,2,5,7,1,0,412996.0
12,2.5649493574615367,1,0,2,5,2,23,3.1780538303479458,0,2,3,2,3,404,6.003887067106539,1,2,4,5,4,8,2.1972245773362196,1,2,3,1,8,1,0,75099.0
9,2.302585092994046,0,0,4,2,9,6,1.9459101490553132,1,0,1,6,6,431,6.068425588244111,0,2,1,4,1,4,1.6094379124341003,1,1,4,4,4,1,0,1475.0
3,1.3862943611198906,0,0,3,3,3,37,3.6375861597263857,0,1,2,2,7,462,6.137727054086234,1,0,2,0,2,14,2.70805020110221,1,2,4,0,4,1,2,122071.0
9,2.302585092994046,0,0,4,2,9,40,3.713572066704308,1,1,0,5,0,348,5.855071922202427,1,0,3,5,8,36,3.6109179126442243,1,0,1,1,6,1,1,125083.0
7,2.0794415416798357,0,1,2,0,7,43,3.784189633918261,0,1,3,1,3,383,5.950642552587727,0,2,3,5,3,14,2.70805020110221,1,2,4,0,4,1,1,115721.0
4,1.6094379124341003,1,1,4,4,4,34,3.5553480614894135,1,1,4,6,4,113,4.736198448394496,0,2,3,1,3,5,1.791759469228055,0,2,0,5,5,1,0,9494.0
3,1.3862943611198906,0,0,3,3,3,42,3.7612001156935624,1,0,2,0,2,133,4.897839799950911,0,1,3,0,3,5,1.791759469228055,0,2,0,5,5,1,1,2323.0
6,1.9459101490553132,1,0,1,6,6,41,3.7376696182833684,0,2,1,6,1,430,6.066108090103747,1,1,0,3,0,1,0.6931471805599453,0,1,1,1,1,1,3,2201.0
7,2.0794415416798357,0,1,2,0,7,58,4.07753744390572,1,1,3,2,8,72,4.290459441148391,1,0,2,2,2,33,3.5263605246161616,0,0,3,5,3,1,0,8427.0
9,2.302585092994046,0,0,4,2,9,49,3.912023005428146,0,1,4,0,9,451,6.113682179832232,0,1,1,3,1,2,1.0986122886681098,1,2,2,2,2,1,0,10956.0
12,2.5649493574615367,1,0,2,5,2,31,3.4657359027997265,0,1,1,3,1,72,4.290459441148391,1,0,2,2,2,10,2.3978952727983707,1,1,0,3,0,1,1,6323.0
11,2.4849066497880004,0,2,1,4,1,21,3.091042453358316,0,0,1,0,1,48,3.8918202981106265,1,0,3,6,8,17,2.8903717578961645,0,2,2,3,7,1,0,13798.0
11,2.4849066497880004,0,2,1,4,1,23,3.1780538303479458,0,2,3,2,3,41,3.7376696182833684,0,2,1,6,1,10,2.3978952727983707,1,1,0,3,0,1,0,707.0
11,2.4849066497880004,0,2,1,4,1,11,2.4849066497880004,0,2,1,4,1,173,5.159055299214529,0,2,3,5,3,2,1.0986122886681098,1,2,2,2,2,1,1,211.0
5,1.791759469228055,0,2,0,5,5,52,3.970291913552122,1,1,2,3,2,219,5.393627546352362,0,0,4,2,9,17,2.8903717578961645,0,2,2,3,7,1,0,96337.0
7,2.0794415416798357,0,1,2,0,7,51,3.9512437185814275,0,0,1,2,1,369,5.91350300563827,0,0,4,5,9,32,3.4965075614664802,1,2,2,4,2,1,0,301127.0
12,2.5649493574615367,1,0,2,5,2,14,2.70805020110221,1,2,4,0,4,359,5.886104031450156,0,2,4,2,9,10,2.3978952727983707,1,1,0,3,0,1,0,26003.0
6,1.9459101490553132,1,0,1,6,6,45,3.828641396489095,0,0,0,3,5,49,3.912023005428146,0,1,4,0,9,6,1.9459101490553132,1,0,1,6,6,1,1,1297.0
3,1.3862943611198906,0,0,3,3,3,21,3.091042453358316,0,0,1,0,1,487,6.1903154058531475,0,1,2,4,7,4,1.6094379124341003,1,1,4,4,4,1,1,7093.0
8,2.1972245773362196,1,2,3,1,8,11,2.4849066497880004,0,2,1,4,1,345,5.846438775057725,0,0,0,2,5,10,2.3978952727983707,1,1,0,3,0,1,0,40433.0
5,1.791759469228055,0,2,0,5,5,48,3.8918202981106265,1,0,3,6,8,173,5.159055299214529,0,2,3,5,3,13,2.6390573296152584,0,1,3,6,3,1,0,3817.0
5,1.791759469228055,0,2,0,5,5,7,2.0794415416798357,0,1,2,0,7,50,3.9318256327243257,1,2,0,1,0,3,1.3862943611198906,0,0,3,3,3,1,1,152.0
8,2.1972245773362196,1,2,3,1,8,9,2.302585092994046,0,0,4,2,9,323,5.780743515792329,0,2,3,1,3,6,1.9459101490553132,1,0,1,6,6,1,0,899.0
9,2.302585092994046,0,0,4,2,9,9,2.302585092994046,0,0,4,2,9,436,6.07993319509559,1,1,1,2,6,6,1.9459101490553132,1,0,1,6,6,1,1,474.0
8,2.1972245773362196,1,2,3,1,8,13,2.6390573296152584,0,1,3,6,3,261,5.568344503761097,0,0,1,2,1,12,2.5649493574615367,1,0,2,5,2,1,0,3269.0
7,2.0794415416798357,0,1,2,0,7,39,3.6888794541139363,0,0,4,4,9,131,4.882801922586371,0,2,1,5,1,23,3.1780538303479458,0,2,3,2,3,1,0,2192.0
6,1.9459101490553132,1,0,1,6,6,25,3.258096538021482,0,1,0,4,5,417,6.035481432524756,0,0,2,4,7,8,2.1972245773362196,1,2,3,1,8,1,0,85403.0
12,2.5649493574615367,1,0,2,5,2,37,3.6375861597263857,0,1,2,2,7,403,6.0014148779611505,0,1,3,4,3,24,3.2188758248682006,1,0,4,3,4,1,1,356449.0
8,2.1972245773362196,1,2,3,1,8,58,4.07753744390572,1,1,3,2,8,397,5.986452005284438,0,1,2,5,7,7,2.0794415416798357,0,1,2,0,7,1,0,11450.0
10,2.3978952727983707,1,1,0,3,0,48,3.8918202981106265,1,0,3,6,8,387,5.961005339623274,0,0,2,2,7,6,1.9459101490553132,1,0,1,6,6,1,1,9205.0
6,1.9459101490553132,1,0,1,6,6,56,4.04305126783455,1,2,1,0,6,316,5.75890177387728,1,1,1,1,6,47,3.871201010907891,0,2,2,5,7,1,0,23727.0
4,1.6094379124341003,1,1,4,4,4,54,4.007333185232471,1,0,4,5,4,58,4.07753744390572,1,1,3,2,8,8,2.1972245773362196,1,2,3,1,8,2,1,3937.0
5,1.791759469228055,0,2,0,5,5,47,3.871201010907891,0,2,2,5,7,145,4.983606621708336,0,1,0,5,5,30,3.4339872044851463,1,0,0,2,0,1,2,50383.0
3,1.3862943611198906,0,0,3,3,3,26,3.295836866004329,1,2,1,5,6,376,5.932245187448011,1,1,1,5,6,4,1.6094379124341003,1,1,4,4,4,1,1,5030.0
9,2.302585092994046,0,0,4,2,9,33,3.5263605246161616,0,0,3,5,3,261,5.568344503761097,0,0,1,2,1,26,3.295836866004329,1,2,1,5,6,1,1,3977.0
12,2.5649493574615367,1,0,2,5,2,42,3.7612001156935624,1,0,2,0,2,170,5.14166355650266,1,2,0,2,0,10,2.3978952727983707,1,1,0,3,0,2,1,16897.0
11,2.4849066497880004,0,2,1,4,1,22,3.1354942159291497,1,1,2,1,2,503,6.222576268071369,0,2,3,6,3,3,1.3862943611198906,0,0,3,3,3,1,1,16879.0
12,2.5649493574615367,1,0,2,5,2,6,1.9459101490553132,1,0,1,6,6,519,6.253828811575473,0,0,4,1,9,2,1.0986122886681098,1,2,2,2,2,1,3,3527.0
5,1.791759469228055,0,2,0,5,5,17,2.8903717578961645,0,2,2,3,7,426,6.056784013228625,1,0,1,6,6,2,1.0986122886681098,1,2,2,2,2,1,1,444.0
10,2.3978952727983707,1,1,0,3,0,49,3.912023005428146,0,1,4,0,9,407,6.0112671744041615,0,2,2,1,7,26,3.295836866004329,1,2,1,5,6,1,0,73699.0
5,1.791759469228055,0,2,0,5,5,19,2.995732273553991,0,1,4,5,9,153,5.0369526024136295,0,0,3,6,3,10,2.3978952727983707,1,1,0,3,0,1,1,389.0
8,2.1972245773362196,1,2,3,1,8,58,4.07753744390572,1,1,3,2,8,103,4.6443908991413725,0,1,3,5,3,43,3.784189633918261,0,1,3,1,3,1,0,24091.0
12,2.5649493574615367,1,0,2,5,2,58,4.07753744390572,1,1,3,2,8,265,5.583496308781699,0,1,0,6,5,18,2.9444389791664403,1,0,3,4,8,1,0,12193.0
3,1.3862943611198906,0,0,3,3,3,43,3.784189633918261,0,1,3,1,3,22,3.1354942159291497,1,1,2,1,2,9,2.302585092994046,0,0,4,2,9,1,1,7456.0
12,2.5649493574615367,1,0,2,5,2,20,3.044522437723423,1,2,0,6,0,403,6.0014148779611505,0,1,3,4,3,16,2.833213344056216,1,1,1,2,6,1,0,32833.0
5,1.791759469228055,0,2,0,5,5,43,3.784189633918261,0,1,3,1,3,452,6.115892125483034,1,2,2,4,2,34,3.5553480614894135,1,1,4,6,4,1,0,111446.0
3,1.3862943611198906,0,0,3,3,3,8,2.1972245773362196,1,2,3,1,8,31,3.4657359027997265,0,1,1,3,1,6,1.9459101490553132,1,0,1,6,6,1,1,377.0
8,2.1972245773362196,1,2,3,1,8,14,2.70805020110221,1,2,4,0,4,498,6.212606095751519,1,0,3,1,8,8,2.1972245773362196,1,2,3,1,8,2,1,4197.0
5,1.791759469228055,0,2,0,5,5,47,3.871201010907891,0,2,2,5,7,231,5.44673737166631,0,0,1,0,1,24,3.2188758248682006,1,0,4,3,4,1,0,65065.0
12,2.5649493574615367,1,0,2,5,2,10,2.3978952727983707,1,1,0,3,0,475,6.16541785423142,0,1,0,6,5,2,1.0986122886681098,1,2,2,2,2,1,2,5049.0
12,2.5649493574615367,1,0,2,5,2,21,3.091042453358316,0,0,1,0,1,207,5.337538079701318,0,0,2,4,7,8,2.1972245773362196,1,2,3,1,8,1,0,2629.0
9,2.302585092994046,0,0,4,2,9,51,3.9512437185814275,0,0,1,2,1,298,5.700443573390687,1,1,3,4,8,28,3.367295829986474,1,1,3,0,8,1,0,35050.0
3,1.3862943611198906,0,0,3,3,3,18,2.9444389791664403,1,0,3,4,8,200,5.303304908059076,1,2,0,4,0,11,2.4849066497880004,0,2,1,4,1,1,1,41159.0
11,2.4849066497880004,0,2,1,4,1,16,2.833213344056216,1,1,1,2,6,245,5.5053315359323625,0,2,0,0,5,3,1.3862943611198906,0,0,3,3,3,1,0,227.0
10,2.3978952727983707,1,1,0,3,0,44,3.8066624897703196,1,2,4,2,4,263,5.575949103146316,0,2,3,4,3,25,3.258096538021482,0,1,0,4,5,1,0,142227.0
8,2.1972245773362196,1,2,3,1,8,36,3.6109179126442243,1,0,1,1,6,360,5.8888779583328805,1,0,0,3,0,27,3.332204510175204,0,0,2,6,7,1,2,39065.0
10,2.3978952727983707,1,1,0,3,0,50,3.9318256327243257,1,2,0,1,0,153,5.0369526024136295,0,0,3,6,3,49,3.912023005428146,0,1,4,0,9,1,1,178674.0
12,2.5649493574615367,1,0,2,5,2,54,4.007333185232471,1,0,4,5,4,171,5.147494476813453,0,0,1,3,1,49,3.912023005428146,0,1,4,0,9,1,0,214225.0
8,2.1972245773362196,1,2,3,1,8,50,3.9318256327243257,1,2,0,1,0,40,3.713572066704308,1,1,0,5,0,14,2.70805020110221,1,2,4,0,4,2,1,807.0
3,1.3862943611198906,0,0,3,3,3,37,3.6375861597263857,0,1,2,2,7,118,4.77912349311153,1,1,3,6,8,24,3.2188758248682006,1,0,4,3,4,1,1,52427.0
9,2.302585092994046,0,0,4,2,9,40,3.713572066704308,1,1,0,5,0,382,5.948034989180646,1,1,2,4,2,7,2.0794415416798357,0,1,2,0,7,1,0,106787.0
10,2.3978952727983707,1,1,0,3,0,45,3.828641396489095,0,0,0,3,5,146,4.990432586778736,1,2,1,6,6,41,3.7376696182833684,0,2,1,6,1,1,0,12823.0
12,2.5649493574615367,1,0,2,5,2,58,4.07753744390572,1,1,3,2,8,520,6.255750041753367,1,1,0,2,0,12,2.5649493574615367,1,0,2,5,2,2,1,179579.0
9,2.302585092994046,0,0,4,2,9,18,2.9444389791664403,1,0,3,4,8,187,5.236441962829949,0,1,2,5,7,15,2.772588722239781,0,0,0,1,5,1,1,939.0
3,1.3862943611198906,0,0,3,3,3,37,3.6375861597263857,0,1,2,2,7,468,6.150602768446279,1,0,3,6,8,21,3.091042453358316,0,0,1,0,1,1,2,371038.0
5,1.791759469228055,0,2,0,5,5,6,1.9459101490553132,1,0,1,6,6,70,4.2626798770413155,1,1,0,0,0,3,1.3862943611198906,0,0,3,3,3,1,2,451.0
9,2.302585092994046,0,0,4,2,9,34,3.5553480614894135,1,1,4,6,4,238,5.476463551931511,1,1,3,0,8,29,3.4011973816621555,0,2,4,1,9,1,1,232395.0
9,2.302585092994046,0,0,4,2,9,20,3.044522437723423,1,2,0,6,0,274,5.616771097666572,1,1,4,1,4,7,2.0794415416798357,0,1,2,0,7,1,0,38851.0
8,2.1972245773362196,1,2,3,1,8,51,3.9512437185814275,0,0,1,2,1,381,5.945420608606575,0,0,1,3,1,21,3.091042453358316,0,0,1,0,1,1,0,6462.0
8,2.1972245773362196,1,2,3,1,8,57,4.060443010546419,0,0,2,1,7,424,6.052089168924417,1,1,4,4,4,10,2.3978952727983707,1,1,0,3,0,1,1,80317.0
9,2.302585092994046,0,0,4,2,9,50,3.9318256327243257,1,2,0,1,0,510,6.236369590203704,1,0,0,6,0,28,3.367295829986474,1,1,3,0,8,1,0,178813.0
7,2.0794415416798357,0,1,2,0,7,16,2.833213344056216,1,1,1,2,6,33,3.5263605246161616,0,0,3,5,3,13,2.6390573296152584,0,1,3,6,3,1,0,179.0
9,2.302585092994046,0,0,4,2,9,23,3.1780538303479458,0,2,3,2,3,122,4.812184355372417,1,2,2,3,2,2,1.0986122886681098,1,2,2,2,2,1,1,2628.0
5,1.791759469228055,0,2,0,5,5,25,3.258096538021482,0,1,0,4,5,204,5.3230099791384085,1,0,4,1,4,8,2.1972245773362196,1,2,3,1,8,1,1,10331.0
5,1.791759469228055,0,2,0,5,5,33,3.5263605246161616,0,0,3,5,3,43,3.784189633918261,0,1,3,1,3,23,3.1780538303479458,0,2,3,2,3,1,0,4946.0
5,1.791759469228055,0,2,0,5,5,56,4.04305126783455,1,2,1,0,6,22,3.1354942159291497,1,1,2,1,2,32,3.4965075614664802,1,2,2,4,2,1,0,69.0
10,2.3978952727983707,1,1,0,3,0,5,1.791759469228055,0,2,0,5,5,398,5.988961416889864,1,2,3,6,8,2,1.0986122886681098,1,2,2,2,2,1,3,4629.0
3,1.3862943611198906,0,0,3,3,3,44,3.8066624897703196,1,2,4,2,4,398,5.988961416889864,1,2,3,6,8,24,3.2188758248682006,1,0,4,3,4,1,1,2666.0
6,1.9459101490553132,1,0,1,6,6,41,3.7376696182833684,0,2,1,6,1,400,5.993961427306569,1,1,0,1,0,16,2.833213344056216,1,1,1,2,6,1,1,264643.0
12,2.5649493574615367,1,0,2,5,2,58,4.07753744390572,1,1,3,2,8,359,5.886104031450156,0,2,4,2,9,14,2.70805020110221,1,2,4,0,4,1,0,143069.0
6,1.9459101490553132,1,0,1,6,6,46,3.8501476017100584,1,1,1,4,6,359,5.886104031450156,0,2,4,2,9,18,2.9444389791664403,1,0,3,4,8,1,1,149249.0
8,2.1972245773362196,1,2,3,1,8,51,3.9512437185814275,0,0,1,2,1,447,6.104793232414985,0,0,2,6,7,24,3.2188758248682006,1,0,4,3,4,1,1,182561.0
3,1.3862943611198906,0,0,3,3,3,56,4.04305126783455,1,2,1,0,6,58,4.07753744390572,1,1,3,2,8,30,3.4339872044851463,1,0,0,2,0,1,1,46999.0
6,1.9459101490553132,1,0,1,6,6,30,3.4339872044851463,1,0,0,2,0,498,6.212606095751519,1,0,3,1,8,28,3.367295829986474,1,1,3,0,8,2,2,213523.0
5,1.791759469228055,0,2,0,5,5,33,3.5263605246161616,0,0,3,5,3,220,5.3981627015177525,1,1,0,3,0,15,2.772588722239781,0,0,0,1,5,1,2,36526.0
11,2.4849066497880004,0,2,1,4,1,35,3.58351893845611,0,2,0,0,5,410,6.018593214496234,1,2,0,4,0,31,3.4657359027997265,0,1,1,3,1,1,0,445244.0
10,2.3978952727983707,1,1,0,3,0,38,3.6635616461296463,1,2,3,3,8,402,5.998936561946683,1,0,2,3,2,15,2.772588722239781,0,0,0,1,5,1,0,76371.0
5,1.791759469228055,0,2,0,5,5,39,3.6888794541139363,0,0,4,4,9,91,4.5217885770490405,0,1,1,0,1,15,2.772588722239781,0,0,0,1,5,1,1,8584.0
8,2.1972245773362196,1,2,3,1,8,30,3.4339872044851463,1,0,0,2,0,75,4.330733340286331,0,0,0,5,5,16,2.833213344056216,1,1,1,2,6,1,1,16567.0
4,1.6094379124341003,1,1,4,4,4,23,3.1780538303479458,0,2,3,2,3,89,4.499809670330265,0,2,4,5,9,9,2.302585092994046,0,0,4,2,9,1,0,6106.0
8,2.1972245773362196,1,2,3,1,8,36,3.6109179126442243,1,0,1,1,6,41,3.7376696182833684,0,2,1,6,1,11,2.4849066497880004,0,2,1,4,1,1,0,3314.0
12,2.5649493574615367,1,0,2,5,2,57,4.060443010546419,0,0,2,1,7,340,5.831882477283517,1,1,0,4,0,48,3.8918202981106265,1,0,3,6,8,1,1,304351.0
10,2.3978952727983707,1,1,0,3,0,32,3.4965075614664802,1,2,2,4,2,251,5.529429087511423,0,2,1,6,1,4,1.6094379124341003,1,1,4,4,4,1,1,3945.0
11,2.4849066497880004,0,2,1,4,1,37,3.6375861597263857,0,1,2,2,7,307,5.730099782973574,0,1,2,6,7,28,3.367295829986474,1,1,3,0,8,1,0,157427.0
8,2.1972245773362196,1,2,3,1,8,53,3.9889840465642745,0,2,3,4,3,116,4.762173934797756,1,2,1,4,6,44,3.8066624897703196,1,2,4,2,4,1,0,28505.0
3,1.3862943611198906,0,0,3,3,3,22,3.1354942159291497,1,1,2,1,2,183,5.214935757608986,0,0,3,1,3,1,0.6931471805599453,0,1,1,1,1,1,4,683.0
12,2.5649493574615367,1,0,2,5,2,38,3.6635616461296463,1,2,3,3,8,298,5.700443573390687,1,1,3,4,8,33,3.5263605246161616,0,0,3,5,3,1,0,33457.0
12,2.5649493574615367,1,0,2,5,2,40,3.713572066704308,1,1,0,5,0,521,6.257667587882639,0,2,1,3,1,21,3.091042453358316,0,0,1,0,1,1,0,10951.0
4,1.6094379124341003,1,1,4,4,4,33,3.5263605246161616,0,0,3,5,3,324,5.783825182329737,1,0,4,2,4,26,3.295836866004329,1,2,1,5,6,1,1,282859.0
12,2.5649493574615367,1,0,2,5,2,20,3.044522437723423,1,2,0,6,0,418,6.037870919922137,1,1,3,5,8,16,2.833213344056216,1,1,1,2,6,2,0,34093.0
5,1.791759469228055,0,2,0,5,5,12,2.5649493574615367,1,0,2,5,2,471,6.156978985585555,0,0,1,2,1,9,2.302585092994046,0,0,4,2,9,1,0,9085.0
5,1.791759469228055,0,2,0,5,5,13,2.6390573296152584,0,1,3,6,3,60,4.110873864173311,1,0,0,4,0,4,1.6094379124341003,1,1,4,4,4,1,2,761.0
10,2.3978952727983707,1,1,0,3,0,28,3.367295829986474,1,1,3,0,8,451,6.113682179832232,0,1,1,3,1,2,1.0986122886681098,1,2,2,2,2,1,2,352.0
5,1.791759469228055,0,2,0,5,5,37,3.6375861597263857,0,1,2,2,7,389,5.966146739123692,0,2,4,4,9,12,2.5649493574615367,1,0,2,5,2,1,0,43751.0
12,2.5649493574615367,1,0,2,5,2,6,1.9459101490553132,1,0,1,6,6,494,6.20455776256869,1,2,4,4,4,4,1.6094379124341003,1,1,4,4,4,2,2,6737.0
9,2.302585092994046,0,0,4,2,9,37,3.6375861597263857,0,1,2,2,7,332,5.808142489980444,1,2,2,3,2,2,1.0986122886681098,1,2,2,2,2,1,1,12134.0
4,1.6094379124341003,1,1,4,4,4,20,3.044522437723423,1,2,0,6,0,467,6.148468295917647,0,2,2,5,7,2,1.0986122886681098,1,2,2,2,2,1,3,2424.0
4,1.6094379124341003,1,1,4,4,4,28,3.367295829986474,1,1,3,0,8,13,2.6390573296152584,0,1,3,6,3,12,2.5649493574615367,1,0,2,5,2,1,2,257.0
4,1.6094379124341003,1,1,4,4,4,58,4.07753744390572,1,1,3,2,8,249,5.521460917862246,0,0,4,4,9,3,1.3862943611198906,0,0,3,3,3,1,1,1440.0
10,2.3978952727983707,1,1,0,3,0,29,3.4011973816621555,0,2,4,1,9,64,4.174387269895637,1,1,4,1,4,28,3.367295829986474,1,1,3,0,8,1,0,5039.0
3,1.3862943611198906,0,0,3,3,3,52,3.970291913552122,1,1,2,3,2,36,3.6109179126442243,1,0,1,1,6,45,3.828641396489095,0,0,0,3,5,1,2,78691.0
12,2.5649493574615367,1,0,2,5,2,50,3.9318256327243257,1,2,0,1,0,268,5.594711379601839,1,1,3,2,8,5,1.791759469228055,0,2,0,5,5,1,1,12957.0
5,1.791759469228055,0,2,0,5,5,51,3.9512437185814275,0,0,1,2,1,161,5.087596335232384,0,2,1,0,1,37,3.6375861597263857,0,1,2,2,7,1,0,75022.0
11,2.4849066497880004,0,2,1,4,1,38,3.6635616461296463,1,2,3,3,8,251,5.529429087511423,0,2,1,6,1,9,2.302585092994046,0,0,4,2,9,1,0,8395.0
7,2.0794415416798357,0,1,2,0,7,22,3.1354942159291497,1,1,2,1,2,310,5.739792912179234,1,1,0,2,0,2,1.0986122886681098,1,2,2,2,2,1,2,2303.0
6,1.9459101490553132,1,0,1,6,6,46,3.8501476017100584,1,1,1,4,6,415,6.030685260261263,0,1,0,2,5,35,3.58351893845611,0,2,0,0,5,1,0,2925.0
10,2.3978952727983707,1,1,0,3,0,38,3.6635616461296463,1,2,3,3,8,455,6.1224928095143865,0,2,0,0,5,34,3.5553480614894135,1,1,4,6,4,1,0,295017.0
12,2.5649493574615367,1,0,2,5,2,45,3.828641396489095,0,0,0,3,5,208,5.342334251964811,1,1,3,5,8,7,2.0794415416798357,0,1,2,0,7,1,0,3483.0
12,2.5649493574615367,1,0,2,5,2,11,2.4849066497880004,0,2,1,4,1,155,5.049856007249537,0,2,0,1,5,4,1.6094379124341003,1,1,4,4,4,1,1,617.0
9,2.302585092994046,0,0,4,2,9,6,1.9459101490553132,1,0,1,6,6,522,6.259581464064923,1,0,2,4,2,1,0.6931471805599453,0,1,1,1,1,1,5,3551.0
11,2.4849066497880004,0,2,1,4,1,16,2.833213344056216,1,1,1,2,6,144,4.976733742420574,1,0,4,4,4,4,1.6094379124341003,1,1,4,4,4,1,3,2231.0
12,2.5649493574615367,1,0,2,5,2,8,2.1972245773362196,1,2,3,1,8,264,5.579729825986222,1,0,4,5,4,6,1.9459101490553132,1,0,1,6,6,2,4,6793.0
5,1.791759469228055,0,2,0,5,5,60,4.110873864173311,1,0,0,4,0,140,4.948759890378168,1,2,0,0,0,24,3.2188758248682006,1,0,4,3,4,1,2,2743.0
8,2.1972245773362196,1,2,3,1,8,32,3.4965075614664802,1,2,2,4,2,304,5.720311776607412,1,1,4,3,4,13,2.6390573296152584,0,1,3,6,3,1,2,126851.0
11,2.4849066497880004,0,2,1,4,1,51,3.9512437185814275,0,0,1,2,1,433,6.073044534100405,0,1,3,6,3,42,3.7612001156935624,1,0,2,0,2,1,0,153593.0
4,1.6094379124341003,1,1,4,4,4,22,3.1354942159291497,1,1,2,1,2,80,4.394449154672439,1,2,0,3,0,20,3.044522437723423,1,2,0,6,0,2,3,17477.0
12,2.5649493574615367,1,0,2,5,2,60,4.110873864173311,1,0,0,4,0,290,5.673323267171493,1,2,0,3,0,51,3.9512437185814275,0,0,1,2,1,1,1,288253.0
7,2.0794415416798357,0,1,2,0,7,39,3.6888794541139363,0,0,4,4,9,224,5.41610040220442,1,2,4,0,4,32,3.4965075614664802,1,2,2,4,2,1,2,19837.0
11,2.4849066497880004,0,2,1,4,1,25,3.258096538021482,0,1,0,4,5,387,5.961005339623274,0,0,2,2,7,1,0.6931471805599453,0,1,1,1,1,1,3,1192.0
8,2.1972245773362196,1,2,3,1,8,53,3.9889840465642745,0,2,3,4,3,282,5.645446897643238,1,0,2,2,2,5,1.791759469228055,0,2,0,5,5,1,0,36822.0
12,2.5649493574615367,1,0,2,5,2,17,2.8903717578961645,0,2,2,3,7,411,6.021023349349527,0,0,1,5,1,3,1.3862943611198906,0,0,3,3,3,1,2,3056.0
9,2.302585092994046,0,0,4,2,9,25,3.258096538021482,0,1,0,4,5,474,6.163314804034641,1,0,4,5,4,8,2.1972245773362196,1,2,3,1,8,1,0,12073.0
11,2.4849066497880004,0,2,1,4,1,59,4.0943445622221,0,2,4,3,9,224,5.41610040220442,1,2,4,0,4,11,2.4849066497880004,0,2,1,4,1,1,1,46700.0
11,2.4849066497880004,0,2,1,4,1,48,3.8918202981106265,1,0,3,6,8,121,4.804021044733257,0,1,1,2,1,7,2.0794415416798357,0,1,2,0,7,1,1,311.0
8,2.1972245773362196,1,2,3,1,8,31,3.4657359027997265,0,1,1,3,1,201,5.308267697401205,0,0,1,5,1,2,1.0986122886681098,1,2,2,2,2,1,1,12149.0
5,1.791759469228055,0,2,0,5,5,19,2.995732273553991,0,1,4,5,9,300,5.707110264748875,1,0,0,6,0,15,2.772588722239781,0,0,0,1,5,1,3,88484.0
3,1.3862943611198906,0,0,3,3,3,35,3.58351893845611,0,2,0,0,5,436,6.07993319509559,1,1,1,2,6,5,1.791759469228055,0,2,0,5,5,1,1,15576.0
6,1.9459101490553132,1,0,1,6,6,13,2.6390573296152584,0,1,3,6,3,12,2.5649493574615367,1,0,2,5,2,11,2.4849066497880004,0,2,1,4,1,1,1,457.0
10,2.3978952727983707,1,1,0,3,0,33,3.5263605246161616,0,0,3,5,3,93,4.543294782270004,0,0,3,2,3,28,3.367295829986474,1,1,3,0,8,1,0,78971.0
5,1.791759469228055,0,2,0,5,5,8,2.1972245773362196,1,2,3,1,8,78,4.3694478524670215,1,0,3,1,8,3,1.3862943611198906,0,0,3,3,3,1,1,1951.0
6,1.9459101490553132,1,0,1,6,6,38,3.6635616461296463,1,2,3,3,8,89,4.499809670330265,0,2,4,5,9,19,2.995732273553991,0,1,4,5,9,1,1,1616.0
4,1.6094379124341003,1,1,4,4,4,16,2.833213344056216,1,1,1,2,6,315,5.755742213586912,0,0,0,0,5,4,1.6094379124341003,1,1,4,4,4,1,3,2639.0
7,2.0794415416798357,0,1,2,0,7,30,3.4339872044851463,1,0,0,2,0,174,5.1647859739235145,1,0,4,6,4,24,3.2188758248682006,1,0,4,3,4,1,0,10351.0
9,2.302585092994046,0,0,4,2,9,8,2.1972245773362196,1,2,3,1,8,255,5.545177444479562,0,0,0,3,5,2,1.0986122886681098,1,2,2,2,2,1,1,365.0
4,1.6094379124341003,1,1,4,4,4,29,3.4011973816621555,0,2,4,1,9,434,6.075346031088684,1,2,4,0,4,3,1.3862943611198906,0,0,3,3,3,1,0,6437.0
6,1.9459101490553132,1,0,1,6,6,26,3.295836866004329,1,2,1,5,6,315,5.755742213586912,0,0,0,0,5,10,2.3978952727983707,1,1,0,3,0,1,0,8335.0
11,2.4849066497880004,0,2,1,4,1,12,2.5649493574615367,1,0,2,5,2,161,5.087596335232384,0,2,1,0,1,2,1.0986122886681098,1,2,2,2,2,1,1,19.0
6,1.9459101490553132,1,0,1,6,6,38,3.6635616461296463,1,2,3,3,8,167,5.123963979403259,0,2,2,6,7,24,3.2188758248682006,1,0,4,3,4,1,1,10759.0
5,1.791759469228055,0,2,0,5,5,32,3.4965075614664802,1,2,2,4,2,357,5.8805329864007,0,0,2,0,7,15,2.772588722239781,0,0,0,1,5,1,1,43543.0
4,1.6094379124341003,1,1,4,4,4,5,1.791759469228055,0,2,0,5,5,356,5.877735781779639,1,2,1,6,6,1,0.6931471805599453,0,1,1,1,1,1,4,105.0
12,2.5649493574615367,1,0,2,5,2,29,3.4011973816621555,0,2,4,1,9,67,4.219507705176107,0,1,2,4,7,24,3.2188758248682006,1,0,4,3,4,1,1,719.0
7,2.0794415416798357,0,1,2,0,7,59,4.0943445622221,0,2,4,3,9,144,4.976733742420574,1,0,4,4,4,39,3.6888794541139363,0,0,4,4,9,1,0,106820.0
7,2.0794415416798357,0,1,2,0,7,23,3.1780538303479458,0,2,3,2,3,212,5.3612921657094255,1,2,2,2,2,14,2.70805020110221,1,2,4,0,4,1,1,34413.0
9,2.302585092994046,0,0,4,2,9,40,3.713572066704308,1,1,0,5,0,128,4.859812404361672,1,2,3,2,8,34,3.5553480614894135,1,1,4,6,4,1,0,82919.0
12,2.5649493574615367,1,0,2,5,2,51,3.9512437185814275,0,0,1,2,1,329,5.799092654460526,0,2,4,0,9,43,3.784189633918261,0,1,3,1,3,1,0,708724.0
3,1.3862943611198906,0,0,3,3,3,36,3.6109179126442243,1,0,1,1,6,75,4.330733340286331,0,0,0,5,5,6,1.9459101490553132,1,0,1,6,6,3,4,1327.0
3,1.3862943611198906,0,0,3,3,3,22,3.1354942159291497,1,1,2,1,2,21,3.091042453358316,0,0,1,0,1,19,2.995732273553991,0,1,4,5,9,1,1,655.0
12,2.5649493574615367,1,0,2,5,2,55,4.02535169073515,0,1,0,6,5,354,5.872117789475416,1,0,4,4,4,21,3.091042453358316,0,0,1,0,1,1,0,200909.0
9,2.302585092994046,0,0,4,2,9,47,3.871201010907891,0,2,2,5,7,448,6.1070228877422545,1,1,3,0,8,27,3.332204510175204,0,0,2,6,7,1,1,568784.0
5,1.791759469228055,0,2,0,5,5,36,3.6109179126442243,1,0,1,1,6,163,5.099866427824199,0,1,3,2,3,25,3.258096538021482,0,1,0,4,5,1,1,8117.0
10,2.3978952727983707,1,1,0,3,0,18,2.9444389791664403,1,0,3,4,8,576,6.3578422665081,1,0,1,2,6,2,1.0986122886681098,1,2,2,2,2,2,4,5341.0
9,2.302585092994046,0,0,4,2,9,13,2.6390573296152584,0,1,3,6,3,554,6.318968113746434,1,2,4,1,4,1,0.6931471805599453,0,1,1,1,1,1,3,7534.0
11,2.4849066497880004,0,2,1,4,1,35,3.58351893845611,0,2,0,0,5,143,4.969813299576001,0,2,3,3,3,18,2.9444389791664403,1,0,3,4,8,1,1,42683.0
3,1.3862943611198906,0,0,3,3,3,54,4.007333185232471,1,0,4,5,4,408,6.013715156042802,1,0,3,2,8,48,3.8918202981106265,1,0,3,6,8,3,3,89099.0
4,1.6094379124341003,1,1,4,4,4,45,3.828641396489095,0,0,0,3,5,465,6.144185634125646,0,0,0,3,5,34,3.5553480614894135,1,1,4,6,4,1,0,720971.0
9,2.302585092994046,0,0,4,2,9,8,2.1972245773362196,1,2,3,1,8,66,4.204692619390966,1,0,1,3,6,6,1.9459101490553132,1,0,1,6,6,1,1,1531.0
10,2.3978952727983707,1,1,0,3,0,59,4.0943445622221,0,2,4,3,9,489,6.194405391104672,0,0,4,6,9,22,3.1354942159291497,1,1,2,1,2,1,0,631947.0
3,1.3862943611198906,0,0,3,3,3,39,3.6888794541139363,0,0,4,4,9,8,2.1972245773362196,1,2,3,1,8,28,3.367295829986474,1,1,3,0,8,1,1,2789.0
3,1.3862943611198906,0,0,3,3,3,5,1.791759469228055,0,2,0,5,5,310,5.739792912179234,1,1,0,2,0,1,0.6931471805599453,0,1,1,1,1,1,4,1834.0
8,2.1972245773362196,1,2,3,1,8,7,2.0794415416798357,0,1,2,0,7,56,4.04305126783455,1,2,1,0,6,1,0.6931471805599453,0,1,1,1,1,1,5,57.0
7,2.0794415416798357,0,1,2,0,7,15,2.772588722239781,0,0,0,1,5,120,4.795790545596741,1,0,0,1,0,8,2.1972245773362196,1,2,3,1,8,1,2,7211.0
11,2.4849066497880004,0,2,1,4,1,15,2.772588722239781,0,0,0,1,5,290,5.673323267171493,1,2,0,3,0,13,2.6390573296152584,0,1,3,6,3,1,0,58012.0
3,1.3862943611198906,0,0,3,3,3,10,2.3978952727983707,1,1,0,3,0,271,5.605802066295998,0,1,1,5,1,6,1.9459101490553132,1,0,1,6,6,1,1,221.0
12,2.5649493574615367,1,0,2,5,2,26,3.295836866004329,1,2,1,5,6,393,5.976350909297934,0,0,3,1,3,11,2.4849066497880004,0,2,1,4,1,1,0,1712.0
4,1.6094379124341003,1,1,4,4,4,59,4.0943445622221,0,2,4,3,9,203,5.318119993844216,0,2,3,0,3,48,3.8918202981106265,1,0,3,6,8,1,1,191029.0
9,2.302585092994046,0,0,4,2,9,32,3.4965075614664802,1,2,2,4,2,429,6.063785208687608,0,0,4,2,9,30,3.4339872044851463,1,0,0,2,0,1,0,51973.0
8,2.1972245773362196,1,2,3,1,8,42,3.7612001156935624,1,0,2,0,2,238,5.476463551931511,1,1,3,0,8,10,2.3978952727983707,1,1,0,3,0,2,0,8223.0
8,2.1972245773362196,1,2,3,1,8,26,3.295836866004329,1,2,1,5,6,181,5.204006687076795,0,1,1,6,1,24,3.2188758248682006,1,0,4,3,4,1,1,56045.0
3,1.3862943611198906,0,0,3,3,3,17,2.8903717578961645,0,2,2,3,7,194,5.272999558563747,1,2,4,5,4,12,2.5649493574615367,1,0,2,5,2,1,1,20623.0
7,2.0794415416798357,0,1,2,0,7,32,3.4965075614664802,1,2,2,4,2,23,3.1780538303479458,0,2,3,2,3,30,3.4339872044851463,1,0,0,2,0,1,0,1319.0
3,1.3862943611198906,0,0,3,3,3,54,4.007333185232471,1,0,4,5,4,58,4.07753744390572,1,1,3,2,8,23,3.1780538303479458,0,2,3,2,3,1,1,23171.0
5,1.791759469228055,0,2,0,5,5,58,4.07753744390572,1,1,3,2,8,381,5.945420608606575,0,0,1,3,1,26,3.295836866004329,1,2,1,5,6,1,0,36041.0
7,2.0794415416798357,0,1,2,0,7,51,3.9512437185814275,0,0,1,2,1,278,5.631211781821365,1,2,3,5,8,11,2.4849066497880004,0,2,1,4,1,1,0,154772.0
12,2.5649493574615367,1,0,2,5,2,15,2.772588722239781,0,0,0,1,5,509,6.234410725718371,0,2,4,5,9,14,2.70805020110221,1,2,4,0,4,1,0,111317.0
9,2.302585092994046,0,0,4,2,9,16,2.833213344056216,1,1,1,2,6,303,5.717027701406222,0,0,3,2,3,12,2.5649493574615367,1,0,2,5,2,1,0,7493.0
10,2.3978952727983707,1,1,0,3,0,58,4.07753744390572,1,1,3,2,8,271,5.605802066295998,0,1,1,5,1,53,3.9889840465642745,0,2,3,4,3,1,0,45339.0
5,1.791759469228055,0,2,0,5,5,27,3.332204510175204,0,0,2,6,7,250,5.5254529391317835,1,1,0,5,0,23,3.1780538303479458,0,2,3,2,3,1,1,52588.0
4,1.6094379124341003,1,1,4,4,4,7,2.0794415416798357,0,1,2,0,7,399,5.991464547107982,0,0,4,0,9,2,1.0986122886681098,1,2,2,2,2,1,2,1261.0
12,2.5649493574615367,1,0,2,5,2,45,3.828641396489095,0,0,0,3,5,37,3.6375861597263857,0,1,2,2,7,18,2.9444389791664403,1,0,3,4,8,1,0,2267.0
8,2.1972245773362196,1,2,3,1,8,12,2.5649493574615367,1,0,2,5,2,338,5.82600010738045,1,2,3,2,8,7,2.0794415416798357,0,1,2,0,7,1,0,857.0
5,1.791759469228055,0,2,0,5,5,35,3.58351893845611,0,2,0,0,5,115,4.7535901911063645,0,1,0,3,5,22,3.1354942159291497,1,1,2,1,2,1,2,21767.0
11,2.4849066497880004,0,2,1,4,1,33,3.5263605246161616,0,0,3,5,3,510,6.236369590203704,1,0,0,6,0,14,2.70805020110221,1,2,4,0,4,1,1,118667.0
4,1.6094379124341003,1,1,4,4,4,20,3.044522437723423,1,2,0,6,0,413,6.025865973825314,0,2,3,0,3,4,1.6094379124341003,1,1,4,4,4,1,3,8577.0
8,2.1972245773362196,1,2,3,1,8,51,3.9512437185814275,0,0,1,2,1,297,5.697093486505405,0,0,2,3,7,14,2.70805020110221,1,2,4,0,4,1,0,30019.0
7,2.0794415416798357,0,1,2,0,7,60,4.110873864173311,1,0,0,4,0,108,4.6913478822291435,1,0,3,3,8,44,3.8066624897703196,1,2,4,2,4,1,0,67747.0
4,1.6094379124341003,1,1,4,4,4,51,3.9512437185814275,0,0,1,2,1,335,5.817111159963204,0,2,0,6,5,18,2.9444389791664403,1,0,3,4,8,1,0,11471.0
11,2.4849066497880004,0,2,1,4,1,23,3.1780538303479458,0,2,3,2,3,160,5.081404364984463,1,1,0,6,0,6,1.9459101490553132,1,0,1,6,6,1,0,10643.0
4,1.6094379124341003,1,1,4,4,4,46,3.8501476017100584,1,1,1,4,6,276,5.6240175061873385,1,0,1,3,6,9,2.302585092994046,0,0,4,2,9,1,2,38315.0
4,1.6094379124341003,1,1,4,4,4,17,2.8903717578961645,0,2,2,3,7,386,5.958424693029782,1,2,1,1,6,10,2.3978952727983707,1,1,0,3,0,1,0,68739.0
11,2.4849066497880004,0,2,1,4,1,32,3.4965075614664802,1,2,2,4,2,497,6.210600077024653,0,2,2,0,7,19,2.995732273553991,0,1,4,5,9,1,0,19037.0
11,2.4849066497880004,0,2,1,4,1,53,3.9889840465642745,0,2,3,4,3,307,5.730099782973574,0,1,2,6,7,47,3.871201010907891,0,2,2,5,7,1,0,187797.0
12,2.5649493574615367,1,0,2,5,2,10,2.3978952727983707,1,1,0,3,0,255,5.545177444479562,0,0,0,3,5,3,1.3862943611198906,0,0,3,3,3,1,2,3971.0
3,1.3862943611198906,0,0,3,3,3,9,2.302585092994046,0,0,4,2,9,443,6.095824562432225,0,2,3,2,3,7,2.0794415416798357,0,1,2,0,7,1,1,7699.0
3,1.3862943611198906,0,0,3,3,3,27,3.332204510175204,0,0,2,6,7,349,5.857933154483459,0,1,4,6,9,24,3.2188758248682006,1,0,4,3,4,1,2,12917.0
6,1.9459101490553132,1,0,1,6,6,29,3.4011973816621555,0,2,4,1,9,246,5.5093883366279774,1,0,1,1,6,14,2.70805020110221,1,2,4,0,4,1,1,6715.0
10,2.3978952727983707,1,1,0,3,0,34,3.5553480614894135,1,1,4,6,4,277,5.627621113690637,0,1,2,4,7,12,2.5649493574615367,1,0,2,5,2,1,0,6219.0
9,2.302585092994046,0,0,4,2,9,43,3.784189633918261,0,1,3,1,3,524,6.263398262591624,1,2,4,6,4,12,2.5649493574615367,1,0,2,5,2,1,0,67918.0
4,1.6094379124341003,1,1,4,4,4,49,3.912023005428146,0,1,4,0,9,380,5.942799375126701,1,2,0,2,0,10,2.3978952727983707,1,1,0,3,0,1,2,187883.0
11,2.4849066497880004,0,2,1,4,1,46,3.8501476017100584,1,1,1,4,6,397,5.986452005284438,0,1,2,5,7,21,3.091042453358316,0,0,1,0,1,1,0,95183.0
12,2.5649493574615367,1,0,2,5,2,29,3.4011973816621555,0,2,4,1,9,465,6.144185634125646,0,0,0,3,5,23,3.1780538303479458,0,2,3,2,3,1,0,3592.0
11,2.4849066497880004,0,2,1,4,1,46,3.8501476017100584,1,1,1,4,6,80,4.394449154672439,1,2,0,3,0,41,3.7376696182833684,0,2,1,6,1,1,0,132913.0
9,2.302585092994046,0,0,4,2,9,45,3.828641396489095,0,0,0,3,5,255,5.545177444479562,0,0,0,3,5,22,3.1354942159291497,1,1,2,1,2,1,1,62192.0
9,2.302585092994046,0,0,4,2,9,11,2.4849066497880004,0,2,1,4,1,411,6.021023349349527,0,0,1,5,1,9,2.302585092994046,0,0,4,2,9,1,1,21700.0
7,2.0794415416798357,0,1,2,0,7,48,3.8918202981106265,1,0,3,6,8,419,6.040254711277414,0,2,4,6,9,25,3.258096538021482,0,1,0,4,5,1,0,252281.0
9,2.302585092994046,0,0,4,2,9,17,2.8903717578961645,0,2,2,3,7,144,4.976733742420574,1,0,4,4,4,11,2.4849066497880004,0,2,1,4,1,1,1,8894.0
8,2.1972245773362196,1,2,3,1,8,24,3.2188758248682006,1,0,4,3,4,30,3.4339872044851463,1,0,0,2,0,11,2.4849066497880004,0,2,1,4,1,1,1,5959.0
4,1.6094379124341003,1,1,4,4,4,50,3.9318256327243257,1,2,0,1,0,323,5.780743515792329,0,2,3,1,3,7,2.0794415416798357,0,1,2,0,7,1,0,56877.0
12,2.5649493574615367,1,0,2,5,2,18,2.9444389791664403,1,0,3,4,8,43,3.784189633918261,0,1,3,1,3,15,2.772588722239781,0,0,0,1,5,1,0,163.0
12,2.5649493574615367,1,0,2,5,2,58,4.07753744390572,1,1,3,2,8,328,5.796057750765372,1,1,3,6,8,16,2.833213344056216,1,1,1,2,6,2,0,148921.0
3,1.3862943611198906,0,0,3,3,3,47,3.871201010907891,0,2,2,5,7,16,2.833213344056216,1,1,1,2,6,30,3.4339872044851463,1,0,0,2,0,1,1,9343.0
11,2.4849066497880004,0,2,1,4,1,19,2.995732273553991,0,1,4,5,9,168,5.1298987149230735,1,0,3,0,8,10,2.3978952727983707,1,1,0,3,0,1,0,3131.0
9,2.302585092994046,0,0,4,2,9,8,2.1972245773362196,1,2,3,1,8,242,5.493061443340548,1,2,2,4,2,2,1.0986122886681098,1,2,2,2,2,1,2,2073.0
4,1.6094379124341003,1,1,4,4,4,58,4.07753744390572,1,1,3,2,8,44,3.8066624897703196,1,2,4,2,4,36,3.6109179126442243,1,0,1,1,6,2,2,14149.0
6,1.9459101490553132,1,0,1,6,6,12,2.5649493574615367,1,0,2,5,2,105,4.663439094112067,0,0,0,0,5,8,2.1972245773362196,1,2,3,1,8,1,1,2569.0
7,2.0794415416798357,0,1,2,0,7,25,3.258096538021482,0,1,0,4,5,81,4.406719247264253,0,0,1,4,1,20,3.044522437723423,1,2,0,6,0,1,0,769.0
8,2.1972245773362196,1,2,3,1,8,55,4.02535169073515,0,1,0,6,5,391,5.971261839790462,0,1,1,6,1,44,3.8066624897703196,1,2,4,2,4,1,0,17157.0
4,1.6094379124341003,1,1,4,4,4,41,3.7376696182833684,0,2,1,6,1,21,3.091042453358316,0,0,1,0,1,12,2.5649493574615367,1,0,2,5,2,1,1,2827.0
10,2.3978952727983707,1,1,0,3,0,43,3.784189633918261,0,1,3,1,3,93,4.543294782270004,0,0,3,2,3,19,2.995732273553991,0,1,4,5,9,1,0,69172.0
10,2.3978952727983707,1,1,0,3,0,30,3.4339872044851463,1,0,0,2,0,275,5.62040086571715,0,2,0,2,5,23,3.1780538303479458,0,2,3,2,3,1,1,94441.0
4,1.6094379124341003,1,1,4,4,4,6,1.9459101490553132,1,0,1,6,6,442,6.093569770045136,1,1,2,1,2,4,1.6094379124341003,1,1,4,4,4,2,1,681.0
7,2.0794415416798357,0,1,2,0,7,45,3.828641396489095,0,0,0,3,5,467,6.148468295917647,0,2,2,5,7,36,3.6109179126442243,1,0,1,1,6,1,0,42317.0
4,1.6094379124341003,1,1,4,4,4,49,3.912023005428146,0,1,4,0,9,473,6.161207321695077,0,2,3,4,3,7,2.0794415416798357,0,1,2,0,7,1,1,23432.0
3,1.3862943611198906,0,0,3,3,3,44,3.8066624897703196,1,2,4,2,4,68,4.23410650459726,1,2,3,5,8,16,2.833213344056216,1,1,1,2,6,1,0,5843.0
10,2.3978952727983707,1,1,0,3,0,60,4.110873864173311,1,0,0,4,0,370,5.916202062607435,1,1,0,6,0,28,3.367295829986474,1,1,3,0,8,2,2,1067.0
11,2.4849066497880004,0,2,1,4,1,28,3.367295829986474,1,1,3,0,8,371,5.918893854273146,0,2,1,0,1,22,3.1354942159291497,1,1,2,1,2,1,1,3827.0
11,2.4849066497880004,0,2,1,4,1,47,3.871201010907891,0,2,2,5,7,464,6.142037405587356,1,2,4,2,4,40,3.713572066704308,1,1,0,5,0,1,0,86969.0
9,2.302585092994046,0,0,4,2,9,32,3.4965075614664802,1,2,2,4,2,116,4.762173934797756,1,2,1,4,6,15,2.772588722239781,0,0,0,1,5,1,0,52829.0
11,2.4849066497880004,0,2,1,4,1,24,3.2188758248682006,1,0,4,3,4,362,5.8944028342648505,1,2,2,5,2,13,2.6390573296152584,0,1,3,6,3,1,0,113965.0
12,2.5649493574615367,1,0,2,5,2,36,3.6109179126442243,1,0,1,1,6,263,5.575949103146316,0,2,3,4,3,23,3.1780538303479458,0,2,3,2,3,1,1,106729.0
4,1.6094379124341003,1,1,4,4,4,56,4.04305126783455,1,2,1,0,6,190,5.25227342804663,1,1,0,1,0,47,3.871201010907891,0,2,2,5,7,1,1,23727.0
10,2.3978952727983707,1,1,0,3,0,48,3.8918202981106265,1,0,3,6,8,266,5.58724865840025,1,2,1,0,6,8,2.1972245773362196,1,2,3,1,8,2,1,12499.0
11,2.4849066497880004,0,2,1,4,1,20,3.044522437723423,1,2,0,6,0,338,5.82600010738045,1,2,3,2,8,11,2.4849066497880004,0,2,1,4,1,1,1,25149.0
11,2.4849066497880004,0,2,1,4,1,54,4.007333185232471,1,0,4,5,4,214,5.3706380281276624,1,1,4,4,4,19,2.995732273553991,0,1,4,5,9,1,0,10085.0
5,1.791759469228055,0,2,0,5,5,23,3.1780538303479458,0,2,3,2,3,557,6.324358962381311,0,2,2,4,7,1,0.6931471805599453,0,1,1,1,1,1,3,1645.0
9,2.302585092994046,0,0,4,2,9,60,4.110873864173311,1,0,0,4,0,145,4.983606621708336,0,1,0,5,5,46,3.8501476017100584,1,1,1,4,6,1,0,1987.0
10,2.3978952727983707,1,1,0,3,0,37,3.6375861597263857,0,1,2,2,7,172,5.153291594497779,1,1,2,4,2,13,2.6390573296152584,0,1,3,6,3,1,0,1478.0
9,2.302585092994046,0,0,4,2,9,17,2.8903717578961645,0,2,2,3,7,384,5.953243334287785,1,0,4,6,4,12,2.5649493574615367,1,0,2,5,2,1,1,4048.0
11,2.4849066497880004,0,2,1,4,1,10,2.3978952727983707,1,1,0,3,0,244,5.501258210544727,1,1,4,6,4,5,1.791759469228055,0,2,0,5,5,1,1,2553.0
6,1.9459101490553132,1,0,1,6,6,5,1.791759469228055,0,2,0,5,5,453,6.118097198041348,0,0,3,5,3,4,1.6094379124341003,1,1,4,4,4,1,0,10723.0
12,2.5649493574615367,1,0,2,5,2,10,2.3978952727983707,1,1,0,3,0,488,6.192362489474872,1,2,3,5,8,2,1.0986122886681098,1,2,2,2,2,2,3,649.0
9,2.302585092994046,0,0,4,2,9,55,4.02535169073515,0,1,0,6,5,465,6.144185634125646,0,0,0,3,5,25,3.258096538021482,0,1,0,4,5,1,0,5318.0
6,1.9459101490553132,1,0,1,6,6,56,4.04305126783455,1,2,1,0,6,233,5.455321115357702,0,2,3,2,3,18,2.9444389791664403,1,0,3,4,8,1,1,29089.0
12,2.5649493574615367,1,0,2,5,2,49,3.912023005428146,0,1,4,0,9,460,6.133398042996649,1,1,0,5,0,15,2.772588722239781,0,0,0,1,5,1,0,167813.0
8,2.1972245773362196,1,2,3,1,8,45,3.828641396489095,0,0,0,3,5,475,6.16541785423142,0,1,0,6,5,29,3.4011973816621555,0,2,4,1,9,1,0,207622.0
4,1.6094379124341003,1,1,4,4,4,13,2.6390573296152584,0,1,3,6,3,80,4.394449154672439,1,2,0,3,0,5,1.791759469228055,0,2,0,5,5,1,2,1324.0
8,2.1972245773362196,1,2,3,1,8,17,2.8903717578961645,0,2,2,3,7,342,5.8377304471659395,1,0,2,6,2,5,1.791759469228055,0,2,0,5,5,1,0,14988.0
5,1.791759469228055,0,2,0,5,5,33,3.5263605246161616,0,0,3,5,3,297,5.697093486505405,0,0,2,3,7,17,2.8903717578961645,0,2,2,3,7,1,1,42178.0
4,1.6094379124341003,1,1,4,4,4,58,4.07753744390572,1,1,3,2,8,208,5.342334251964811,1,1,3,5,8,32,3.4965075614664802,1,2,2,4,2,2,2,64179.0
8,2.1972245773362196,1,2,3,1,8,48,3.8918202981106265,1,0,3,6,8,589,6.380122536899765,0,1,4,1,9,2,1.0986122886681098,1,2,2,2,2,1,3,337.0
5,1.791759469228055,0,2,0,5,5,57,4.060443010546419,0,0,2,1,7,334,5.814130531825066,1,1,4,5,4,32,3.4965075614664802,1,2,2,4,2,1,0,50877.0
6,1.9459101490553132,1,0,1,6,6,55,4.02535169073515,0,1,0,6,5,59,4.0943445622221,0,2,4,3,9,35,3.58351893845611,0,2,0,0,5,1,0,20756.0
10,2.3978952727983707,1,1,0,3,0,43,3.784189633918261,0,1,3,1,3,111,4.718498871295094,0,0,1,6,1,23,3.1780538303479458,0,2,3,2,3,1,0,102032.0
6,1.9459101490553132,1,0,1,6,6,27,3.332204510175204,0,0,2,6,7,299,5.703782474656201,0,2,4,5,9,3,1.3862943611198906,0,0,3,3,3,1,2,8164.0
7,2.0794415416798357,0,1,2,0,7,23,3.1780538303479458,0,2,3,2,3,428,6.061456918928017,1,2,3,1,8,13,2.6390573296152584,0,1,3,6,3,1,0,131292.0
7,2.0794415416798357,0,1,2,0,7,56,4.04305126783455,1,2,1,0,6,339,5.8289456176102075,0,0,4,3,9,38,3.6635616461296463,1,2,3,3,8,1,1,179751.0
12,2.5649493574615367,1,0,2,5,2,40,3.713572066704308,1,1,0,5,0,196,5.2832037287379885,1,1,1,0,6,22,3.1354942159291497,1,1,2,1,2,2,0,1507.0
6,1.9459101490553132,1,0,1,6,6,15,2.772588722239781,0,0,0,1,5,394,5.978885764901122,1,1,4,2,4,3,1.3862943611198906,0,0,3,3,3,1,2,1547.0
11,2.4849066497880004,0,2,1,4,1,59,4.0943445622221,0,2,4,3,9,234,5.459585514144159,1,0,4,3,4,19,2.995732273553991,0,1,4,5,9,1,0,253820.0
10,2.3978952727983707,1,1,0,3,0,12,2.5649493574615367,1,0,2,5,2,403,6.0014148779611505,0,1,3,4,3,8,2.1972245773362196,1,2,3,1,8,1,0,3403.0
6,1.9459101490553132,1,0,1,6,6,42,3.7612001156935624,1,0,2,0,2,136,4.919980925828125,1,1,1,3,6,28,3.367295829986474,1,1,3,0,8,2,1,745.0
9,2.302585092994046,0,0,4,2,9,14,2.70805020110221,1,2,4,0,4,99,4.605170185988092,0,0,4,1,9,5,1.791759469228055,0,2,0,5,5,1,1,53.0
7,2.0794415416798357,0,1,2,0,7,52,3.970291913552122,1,1,2,3,2,429,6.063785208687608,0,0,4,2,9,9,2.302585092994046,0,0,4,2,9,1,0,16753.0
5,1.791759469228055,0,2,0,5,5,42,3.7612001156935624,1,0,2,0,2,57,4.060443010546419,0,0,2,1,7,28,3.367295829986474,1,1,3,0,8,1,0,1117.0
12,2.5649493574615367,1,0,2,5,2,21,3.091042453358316,0,0,1,0,1,108,4.6913478822291435,1,0,3,3,8,8,2.1972245773362196,1,2,3,1,8,1,1,16753.0
3,1.3862943611198906,0,0,3,3,3,18,2.9444389791664403,1,0,3,4,8,220,5.3981627015177525,1,1,0,3,0,12,2.5649493574615367,1,0,2,5,2,1,2,229.0
11,2.4849066497880004,0,2,1,4,1,37,3.6375861597263857,0,1,2,2,7,568,6.343880434126331,1,1,3,1,8,1,0.6931471805599453,0,1,1,1,1,1,3,20806.0
5,1.791759469228055,0,2,0,5,5,28,3.367295829986474,1,1,3,0,8,126,4.844187086458591,1,0,1,0,6,2,1.0986122886681098,1,2,2,2,2,1,2,3457.0
9,2.302585092994046,0,0,4,2,9,47,3.871201010907891,0,2,2,5,7,266,5.58724865840025,1,2,1,0,6,6,1.9459101490553132,1,0,1,6,6,1,0,36844.0
5,1.791759469228055,0,2,0,5,5,46,3.8501476017100584,1,1,1,4,6,307,5.730099782973574,0,1,2,6,7,19,2.995732273553991,0,1,4,5,9,1,0,134789.0
4,1.6094379124341003,1,1,4,4,4,10,2.3978952727983707,1,1,0,3,0,432,6.07073772800249,1,0,2,5,2,7,2.0794415416798357,0,1,2,0,7,1,1,32947.0
6,1.9459101490553132,1,0,1,6,6,21,3.091042453358316,0,0,1,0,1,404,6.003887067106539,1,2,4,5,4,2,1.0986122886681098,1,2,2,2,2,1,2,17417.0
8,2.1972245773362196,1,2,3,1,8,49,3.912023005428146,0,1,4,0,9,76,4.343805421853684,1,1,1,6,6,43,3.784189633918261,0,1,3,1,3,1,0,73079.0
6,1.9459101490553132,1,0,1,6,6,29,3.4011973816621555,0,2,4,1,9,254,5.541263545158426,1,2,4,2,4,28,3.367295829986474,1,1,3,0,8,1,0,208315.0
5,1.791759469228055,0,2,0,5,5,50,3.9318256327243257,1,2,0,1,0,36,3.6109179126442243,1,0,1,1,6,17,2.8903717578961645,0,2,2,3,7,1,1,5349.0
9,2.302585092994046,0,0,4,2,9,52,3.970291913552122,1,1,2,3,2,404,6.003887067106539,1,2,4,5,4,19,2.995732273553991,0,1,4,5,9,1,0,30577.0
8,2.1972245773362196,1,2,3,1,8,37,3.6375861597263857,0,1,2,2,7,148,5.003946305945459,1,1,3,1,8,7,2.0794415416798357,0,1,2,0,7,1,1,529.0
8,2.1972245773362196,1,2,3,1,8,13,2.6390573296152584,0,1,3,6,3,63,4.1588830833596715,0,0,3,0,3,11,2.4849066497880004,0,2,1,4,1,1,0,8456.0
12,2.5649493574615367,1,0,2,5,2,29,3.4011973816621555,0,2,4,1,9,479,6.173786103901937,0,2,4,3,9,15,2.772588722239781,0,0,0,1,5,1,0,209996.0
5,1.791759469228055,0,2,0,5,5,31,3.4657359027997265,0,1,1,3,1,47,3.871201010907891,0,2,2,5,7,30,3.4339872044851463,1,0,0,2,0,1,1,10079.0
10,2.3978952727983707,1,1,0,3,0,43,3.784189633918261,0,1,3,1,3,50,3.9318256327243257,1,2,0,1,0,23,3.1780538303479458,0,2,3,2,3,1,1,2015.0
6,1.9459101490553132,1,0,1,6,6,34,3.5553480614894135,1,1,4,6,4,408,6.013715156042802,1,0,3,2,8,9,2.302585092994046,0,0,4,2,9,1,2,126505.0
12,2.5649493574615367,1,0,2,5,2,20,3.044522437723423,1,2,0,6,0,181,5.204006687076795,0,1,1,6,1,6,1.9459101490553132,1,0,1,6,6,1,1,1057.0
8,2.1972245773362196,1,2,3,1,8,55,4.02535169073515,0,1,0,6,5,490,6.19644412779452,1,1,0,0,0,2,1.0986122886681098,1,2,2,2,2,1,2,53613.0
6,1.9459101490553132,1,0,1,6,6,6,1.9459101490553132,1,0,1,6,6,40,3.713572066704308,1,1,0,5,0,2,1.0986122886681098,1,2,2,2,2,2,4,19.0
5,1.791759469228055,0,2,0,5,5,56,4.04305126783455,1,2,1,0,6,240,5.484796933490655,1,0,0,2,0,51,3.9512437185814275,0,0,1,2,1,1,1,136625.0
12,2.5649493574615367,1,0,2,5,2,18,2.9444389791664403,1,0,3,4,8,340,5.831882477283517,1,1,0,4,0,3,1.3862943611198906,0,0,3,3,3,1,2,2059.0
12,2.5649493574615367,1,0,2,5,2,59,4.0943445622221,0,2,4,3,9,306,5.726847747587197,1,0,1,5,6,43,3.784189633918261,0,1,3,1,3,1,0,379172.0
10,2.3978952727983707,1,1,0,3,0,47,3.871201010907891,0,2,2,5,7,299,5.703782474656201,0,2,4,5,9,17,2.8903717578961645,0,2,2,3,7,1,0,235554.0
11,2.4849066497880004,0,2,1,4,1,35,3.58351893845611,0,2,0,0,5,359,5.886104031450156,0,2,4,2,9,2,1.0986122886681098,1,2,2,2,2,1,0,4121.0
8,2.1972245773362196,1,2,3,1,8,39,3.6888794541139363,0,0,4,4,9,309,5.736572297479192,0,0,4,1,9,8,2.1972245773362196,1,2,3,1,8,1,1,13729.0
4,1.6094379124341003,1,1,4,4,4,46,3.8501476017100584,1,1,1,4,6,74,4.31748811353631,1,2,4,4,4,32,3.4965075614664802,1,2,2,4,2,2,1,7517.0
12,2.5649493574615367,1,0,2,5,2,54,4.007333185232471,1,0,4,5,4,151,5.0238805208462765,0,1,1,4,1,28,3.367295829986474,1,1,3,0,8,1,0,35629.0
10,2.3978952727983707,1,1,0,3,0,15,2.772588722239781,0,0,0,1,5,442,6.093569770045136,1,1,2,1,2,11,2.4849066497880004,0,2,1,4,1,1,0,2111.0
11,2.4849066497880004,0,2,1,4,1,22,3.1354942159291497,1,1,2,1,2,53,3.9889840465642745,0,2,3,4,3,8,2.1972245773362196,1,2,3,1,8,1,1,271.0
12,2.5649493574615367,1,0,2,5,2,59,4.0943445622221,0,2,4,3,9,397,5.986452005284438,0,1,2,5,7,43,3.784189633918261,0,1,3,1,3,1,0,90284.0
8,2.1972245773362196,1,2,3,1,8,50,3.9318256327243257,1,2,0,1,0,289,5.66988092298052,0,1,4,2,9,6,1.9459101490553132,1,0,1,6,6,1,0,42839.0
8,2.1972245773362196,1,2,3,1,8,41,3.7376696182833684,0,2,1,6,1,59,4.0943445622221,0,2,4,3,9,19,2.995732273553991,0,1,4,5,9,1,0,40544.0
11,2.4849066497880004,0,2,1,4,1,32,3.4965075614664802,1,2,2,4,2,53,3.9889840465642745,0,2,3,4,3,14,2.70805020110221,1,2,4,0,4,1,0,801.0
9,2.302585092994046,0,0,4,2,9,36,3.6109179126442243,1,0,1,1,6,420,6.042632833682381,1,0,0,0,0,26,3.295836866004329,1,2,1,5,6,1,1,197651.0
12,2.5649493574615367,1,0,2,5,2,54,4.007333185232471,1,0,4,5,4,194,5.272999558563747,1,2,4,5,4,7,2.0794415416798357,0,1,2,0,7,1,0,69553.0
6,1.9459101490553132,1,0,1,6,6,60,4.110873864173311,1,0,0,4,0,225,5.420534999272286,0,0,0,1,5,22,3.1354942159291497,1,1,2,1,2,1,1,73427.0
10,2.3978952727983707,1,1,0,3,0,58,4.07753744390572,1,1,3,2,8,498,6.212606095751519,1,0,3,1,8,44,3.8066624897703196,1,2,4,2,4,2,0,633361.0
11,2.4849066497880004,0,2,1,4,1,29,3.4011973816621555,0,2,4,1,9,220,5.3981627015177525,1,1,0,3,0,21,3.091042453358316,0,0,1,0,1,1,1,131590.0
5,1.791759469228055,0,2,0,5,5,48,3.8918202981106265,1,0,3,6,8,353,5.869296913133774,0,2,3,3,3,34,3.5553480614894135,1,1,4,6,4,1,0,4529.0
12,2.5649493574615367,1,0,2,5,2,39,3.6888794541139363,0,0,4,4,9,722,6.583409222158765,1,2,2,1,2,1,0.6931471805599453,0,1,1,1,1,1,3,13991.0
6,1.9459101490553132,1,0,1,6,6,49,3.912023005428146,0,1,4,0,9,282,5.645446897643238,1,0,2,2,2,27,3.332204510175204,0,0,2,6,7,1,1,186245.0
10,2.3978952727983707,1,1,0,3,0,23,3.1780538303479458,0,2,3,2,3,466,6.1463292576688975,1,1,1,4,6,2,1.0986122886681098,1,2,2,2,2,1,2,7233.0
12,2.5649493574615367,1,0,2,5,2,39,3.6888794541139363,0,0,4,4,9,56,4.04305126783455,1,2,1,0,6,29,3.4011973816621555,0,2,4,1,9,1,0,2315.0
8,2.1972245773362196,1,2,3,1,8,34,3.5553480614894135,1,1,4,6,4,217,5.384495062789089,0,1,2,0,7,32,3.4965075614664802,1,2,2,4,2,1,1,117033.0
5,1.791759469228055,0,2,0,5,5,60,4.110873864173311,1,0,0,4,0,85,4.454347296253507,0,1,0,1,5,12,2.5649493574615367,1,0,2,5,2,1,3,76.0
7,2.0794415416798357,0,1,2,0,7,55,4.02535169073515,0,1,0,6,5,283,5.648974238161206,0,1,3,3,3,4,1.6094379124341003,1,1,4,4,4,1,0,10253.0
4,1.6094379124341003,1,1,4,4,4,43,3.784189633918261,0,1,3,1,3,471,6.156978985585555,0,0,1,2,1,17,2.8903717578961645,0,2,2,3,7,1,0,349238.0
11,2.4849066497880004,0,2,1,4,1,46,3.8501476017100584,1,1,1,4,6,367,5.908082938168931,0,1,2,3,7,39,3.6888794541139363,0,0,4,4,9,1,0,326239.0
9,2.302585092994046,0,0,4,2,9,40,3.713572066704308,1,1,0,5,0,398,5.988961416889864,1,2,3,6,8,15,2.772588722239781,0,0,0,1,5,1,0,47807.0
6,1.9459101490553132,1,0,1,6,6,38,3.6635616461296463,1,2,3,3,8,253,5.537334267018537,0,1,3,1,3,10,2.3978952727983707,1,1,0,3,0,1,0,9619.0
11,2.4849066497880004,0,2,1,4,1,54,4.007333185232471,1,0,4,5,4,103,4.6443908991413725,0,1,3,5,3,35,3.58351893845611,0,2,0,0,5,1,0,5897.0
3,1.3862943611198906,0,0,3,3,3,54,4.007333185232471,1,0,4,5,4,35,3.58351893845611,0,2,0,0,5,46,3.8501476017100584,1,1,1,4,6,1,1,5059.0
5,1.791759469228055,0,2,0,5,5,56,4.04305126783455,1,2,1,0,6,211,5.356586274672012,0,1,1,1,1,10,2.3978952727983707,1,1,0,3,0,1,1,4187.0
12,2.5649493574615367,1,0,2,5,2,50,3.9318256327243257,1,2,0,1,0,484,6.184148890937483,1,1,4,1,4,5,1.791759469228055,0,2,0,5,5,1,1,23973.0
9,2.302585092994046,0,0,4,2,9,55,4.02535169073515,0,1,0,6,5,344,5.84354441703136,1,2,4,1,4,48,3.8918202981106265,1,0,3,6,8,1,0,112553.0
8,2.1972245773362196,1,2,3,1,8,48,3.8918202981106265,1,0,3,6,8,167,5.123963979403259,0,2,2,6,7,18,2.9444389791664403,1,0,3,4,8,1,1,11669.0
4,1.6094379124341003,1,1,4,4,4,60,4.110873864173311,1,0,0,4,0,478,6.171700597410915,1,1,3,2,8,21,3.091042453358316,0,0,1,0,1,1,1,67453.0
12,2.5649493574615367,1,0,2,5,2,8,2.1972245773362196,1,2,3,1,8,215,5.375278407684165,0,2,0,5,5,7,2.0794415416798357,0,1,2,0,7,1,0,6389.0
5,1.791759469228055,0,2,0,5,5,42,3.7612001156935624,1,0,2,0,2,72,4.290459441148391,1,0,2,2,2,14,2.70805020110221,1,2,4,0,4,1,1,2873.0
6,1.9459101490553132,1,0,1,6,6,33,3.5263605246161616,0,0,3,5,3,34,3.5553480614894135,1,1,4,6,4,24,3.2188758248682006,1,0,4,3,4,1,1,691.0
9,2.302585092994046,0,0,4,2,9,12,2.5649493574615367,1,0,2,5,2,48,3.8918202981106265,1,0,3,6,8,7,2.0794415416798357,0,1,2,0,7,1,1,3509.0
7,2.0794415416798357,0,1,2,0,7,19,2.995732273553991,0,1,4,5,9,95,4.564348191467836,0,2,0,4,5,18,2.9444389791664403,1,0,3,4,8,1,1,5279.0
6,1.9459101490553132,1,0,1,6,6,19,2.995732273553991,0,1,4,5,9,470,6.154858094016418,1,2,0,1,0,13,2.6390573296152584,0,1,3,6,3,1,0,60305.0
3,1.3862943611198906,0,0,3,3,3,51,3.9512437185814275,0,0,1,2,1,245,5.5053315359323625,0,2,0,0,5,27,3.332204510175204,0,0,2,6,7,1,2,56620.0
6,1.9459101490553132,1,0,1,6,6,24,3.2188758248682006,1,0,4,3,4,182,5.209486152841421,1,2,2,0,2,3,1.3862943611198906,0,0,3,3,3,1,3,1455.0
8,2.1972245773362196,1,2,3,1,8,15,2.772588722239781,0,0,0,1,5,274,5.616771097666572,1,1,4,1,4,7,2.0794415416798357,0,1,2,0,7,1,0,708.0
8,2.1972245773362196,1,2,3,1,8,43,3.784189633918261,0,1,3,1,3,472,6.159095388491933,1,1,2,3,2,36,3.6109179126442243,1,0,1,1,6,1,1,734927.0
10,2.3978952727983707,1,1,0,3,0,44,3.8066624897703196,1,2,4,2,4,351,5.863631175598097,0,0,1,1,1,23,3.1780538303479458,0,2,3,2,3,1,0,176373.0
4,1.6094379124341003,1,1,4,4,4,19,2.995732273553991,0,1,4,5,9,109,4.700480365792417,0,1,4,4,9,7,2.0794415416798357,0,1,2,0,7,1,0,4888.0
7,2.0794415416798357,0,1,2,0,7,26,3.295836866004329,1,2,1,5,6,505,6.226536669287466,0,1,0,1,5,16,2.833213344056216,1,1,1,2,6,1,0,17923.0
10,2.3978952727983707,1,1,0,3,0,49,3.912023005428146,0,1,4,0,9,380,5.942799375126701,1,2,0,2,0,40,3.713572066704308,1,1,0,5,0,1,2,739919.0
9,2.302585092994046,0,0,4,2,9,49,3.912023005428146,0,1,4,0,9,289,5.66988092298052,0,1,4,2,9,3,1.3862943611198906,0,0,3,3,3,1,1,5204.0
9,2.302585092994046,0,0,4,2,9,20,3.044522437723423,1,2,0,6,0,329,5.799092654460526,0,2,4,0,9,5,1.791759469228055,0,2,0,5,5,1,1,837.0
6,1.9459101490553132,1,0,1,6,6,33,3.5263605246161616,0,0,3,5,3,233,5.455321115357702,0,2,3,2,3,5,1.791759469228055,0,2,0,5,5,1,0,7690.0
7,2.0794415416798357,0,1,2,0,7,35,3.58351893845611,0,2,0,0,5,219,5.393627546352362,0,0,4,2,9,33,3.5263605246161616,0,0,3,5,3,1,1,20987.0
9,2.302585092994046,0,0,4,2,9,13,2.6390573296152584,0,1,3,6,3,513,6.2422232654551655,0,0,3,2,3,9,2.302585092994046,0,0,4,2,9,1,3,7934.0
9,2.302585092994046,0,0,4,2,9,16,2.833213344056216,1,1,1,2,6,51,3.9512437185814275,0,0,1,2,1,8,2.1972245773362196,1,2,3,1,8,1,1,353.0
11,2.4849066497880004,0,2,1,4,1,59,4.0943445622221,0,2,4,3,9,45,3.828641396489095,0,0,0,3,5,32,3.4965075614664802,1,2,2,4,2,1,0,32505.0
6,1.9459101490553132,1,0,1,6,6,21,3.091042453358316,0,0,1,0,1,231,5.44673737166631,0,0,1,0,1,6,1.9459101490553132,1,0,1,6,6,3,2,395.0
11,2.4849066497880004,0,2,1,4,1,32,3.4965075614664802,1,2,2,4,2,289,5.66988092298052,0,1,4,2,9,21,3.091042453358316,0,0,1,0,1,1,0,6017.0
11,2.4849066497880004,0,2,1,4,1,21,3.091042453358316,0,0,1,0,1,150,5.017279836814924,1,0,0,3,0,2,1.0986122886681098,1,2,2,2,2,1,1,2963.0
7,2.0794415416798357,0,1,2,0,7,22,3.1354942159291497,1,1,2,1,2,413,6.025865973825314,0,2,3,0,3,8,2.1972245773362196,1,2,3,1,8,1,1,2665.0
7,2.0794415416798357,0,1,2,0,7,39,3.6888794541139363,0,0,4,4,9,129,4.867534450455582,0,0,4,3,9,28,3.367295829986474,1,1,3,0,8,1,1,68287.0
7,2.0794415416798357,0,1,2,0,7,28,3.367295829986474,1,1,3,0,8,414,6.028278520230698,1,0,4,1,4,4,1.6094379124341003,1,1,4,4,4,1,2,1681.0
5,1.791759469228055,0,2,0,5,5,59,4.0943445622221,0,2,4,3,9,424,6.052089168924417,1,1,4,4,4,34,3.5553480614894135,1,1,4,6,4,1,0,427330.0
6,1.9459101490553132,1,0,1,6,6,49,3.912023005428146,0,1,4,0,9,358,5.883322388488279,1,1,3,1,8,22,3.1354942159291497,1,1,2,1,2,1,0,55295.0
11,2.4849066497880004,0,2,1,4,1,60,4.110873864173311,1,0,0,4,0,62,4.143134726391533,1,2,2,6,2,45,3.828641396489095,0,0,0,3,5,1,0,9323.0
7,2.0794415416798357,0,1,2,0,7,55,4.02535169073515,0,1,0,6,5,134,4.90527477843843,1,2,4,1,4,21,3.091042453358316,0,0,1,0,1,1,1,49716.0
6,1.9459101490553132,1,0,1,6,6,58,4.07753744390572,1,1,3,2,8,329,5.799092654460526,0,2,4,0,9,34,3.5553480614894135,1,1,4,6,4,1,0,323909.0
10,2.3978952727983707,1,1,0,3,0,7,2.0794415416798357,0,1,2,0,7,313,5.749392985908253,0,1,3,5,3,5,1.791759469228055,0,2,0,5,5,1,1,4034.0
3,1.3862943611198906,0,0,3,3,3,6,1.9459101490553132,1,0,1,6,6,359,5.886104031450156,0,2,4,2,9,4,1.6094379124341003,1,1,4,4,4,1,1,2491.0
5,1.791759469228055,0,2,0,5,5,12,2.5649493574615367,1,0,2,5,2,453,6.118097198041348,0,0,3,5,3,4,1.6094379124341003,1,1,4,4,4,1,1,727.0
6,1.9459101490553132,1,0,1,6,6,36,3.6109179126442243,1,0,1,1,6,475,6.16541785423142,0,1,0,6,5,35,3.58351893845611,0,2,0,0,5,1,1,20245.0
3,1.3862943611198906,0,0,3,3,3,17,2.8903717578961645,0,2,2,3,7,72,4.290459441148391,1,0,2,2,2,12,2.5649493574615367,1,0,2,5,2,1,3,7447.0
9,2.302585092994046,0,0,4,2,9,32,3.4965075614664802,1,2,2,4,2,386,5.958424693029782,1,2,1,1,6,12,2.5649493574615367,1,0,2,5,2,1,0,37283.0
6,1.9459101490553132,1,0,1,6,6,30,3.4339872044851463,1,0,0,2,0,495,6.206575926724928,0,0,0,5,5,3,1.3862943611198906,0,0,3,3,3,3,4,2519.0
12,2.5649493574615367,1,0,2,5,2,11,2.4849066497880004,0,2,1,4,1,193,5.267858159063328,0,1,3,4,3,2,1.0986122886681098,1,2,2,2,2,1,1,4245.0
9,2.302585092994046,0,0,4,2,9,28,3.367295829986474,1,1,3,0,8,377,5.934894195619588,0,2,2,6,7,23,3.1780538303479458,0,2,3,2,3,1,0,30677.0
7,2.0794415416798357,0,1,2,0,7,34,3.5553480614894135,1,1,4,6,4,448,6.1070228877422545,1,1,3,0,8,11,2.4849066497880004,0,2,1,4,1,1,1,56549.0
12,2.5649493574615367,1,0,2,5,2,23,3.1780538303479458,0,2,3,2,3,201,5.308267697401205,0,0,1,5,1,5,1.791759469228055,0,2,0,5,5,1,0,2498.0
4,1.6094379124341003,1,1,4,4,4,15,2.772588722239781,0,0,0,1,5,379,5.940171252720432,0,1,4,1,9,1,0.6931471805599453,0,1,1,1,1,1,3,662.0
10,2.3978952727983707,1,1,0,3,0,48,3.8918202981106265,1,0,3,6,8,137,4.927253685157205,0,2,2,4,7,40,3.713572066704308,1,1,0,5,0,1,1,15553.0
12,2.5649493574615367,1,0,2,5,2,8,2.1972245773362196,1,2,3,1,8,504,6.22455842927536,1,0,4,0,4,1,0.6931471805599453,0,1,1,1,1,1,5,4351.0
4,1.6094379124341003,1,1,4,4,4,22,3.1354942159291497,1,1,2,1,2,425,6.054439346269371,0,2,0,5,5,15,2.772588722239781,0,0,0,1,5,1,0,24204.0
11,2.4849066497880004,0,2,1,4,1,50,3.9318256327243257,1,2,0,1,0,466,6.1463292576688975,1,1,1,4,6,38,3.6635616461296463,1,2,3,3,8,1,0,88167.0
9,2.302585092994046,0,0,4,2,9,18,2.9444389791664403,1,0,3,4,8,340,5.831882477283517,1,1,0,4,0,8,2.1972245773362196,1,2,3,1,8,1,1,2093.0
3,1.3862943611198906,0,0,3,3,3,39,3.6888794541139363,0,0,4,4,9,398,5.988961416889864,1,2,3,6,8,4,1.6094379124341003,1,1,4,4,4,1,1,6313.0
5,1.791759469228055,0,2,0,5,5,23,3.1780538303479458,0,2,3,2,3,28,3.367295829986474,1,1,3,0,8,11,2.4849066497880004,0,2,1,4,1,1,0,6024.0
9,2.302585092994046,0,0,4,2,9,34,3.5553480614894135,1,1,4,6,4,384,5.953243334287785,1,0,4,6,4,5,1.791759469228055,0,2,0,5,5,1,0,65393.0
10,2.3978952727983707,1,1,0,3,0,24,3.2188758248682006,1,0,4,3,4,51,3.9512437185814275,0,0,1,2,1,13,2.6390573296152584,0,1,3,6,3,1,0,6613.0
11,2.4849066497880004,0,2,1,4,1,28,3.367295829986474,1,1,3,0,8,325,5.786897381366708,0,1,0,3,5,2,1.0986122886681098,1,2,2,2,2,1,1,1122.0
8,2.1972245773362196,1,2,3,1,8,5,1.791759469228055,0,2,0,5,5,45,3.828641396489095,0,0,0,3,5,2,1.0986122886681098,1,2,2,2,2,1,2,423.0
10,2.3978952727983707,1,1,0,3,0,16,2.833213344056216,1,1,1,2,6,104,4.653960350157523,1,2,4,6,4,13,2.6390573296152584,0,1,3,6,3,1,1,20747.0
6,1.9459101490553132,1,0,1,6,6,37,3.6375861597263857,0,1,2,2,7,384,5.953243334287785,1,0,4,6,4,15,2.772588722239781,0,0,0,1,5,1,1,21535.0
3,1.3862943611198906,0,0,3,3,3,26,3.295836866004329,1,2,1,5,6,199,5.298317366548036,0,1,4,3,9,1,0.6931471805599453,0,1,1,1,1,1,3,2621.0
9,2.302585092994046,0,0,4,2,9,38,3.6635616461296463,1,2,3,3,8,57,4.060443010546419,0,0,2,1,7,19,2.995732273553991,0,1,4,5,9,1,2,233.0
5,1.791759469228055,0,2,0,5,5,33,3.5263605246161616,0,0,3,5,3,412,6.023447592961033,1,1,2,6,2,27,3.332204510175204,0,0,2,6,7,1,0,124534.0
10,2.3978952727983707,1,1,0,3,0,6,1.9459101490553132,1,0,1,6,6,246,5.5093883366279774,1,0,1,1,6,4,1.6094379124341003,1,1,4,4,4,2,1,3295.0
11,2.4849066497880004,0,2,1,4,1,34,3.5553480614894135,1,1,4,6,4,124,4.8283137373023015,1,1,4,5,4,18,2.9444389791664403,1,0,3,4,8,1,0,35515.0
4,1.6094379124341003,1,1,4,4,4,29,3.4011973816621555,0,2,4,1,9,48,3.8918202981106265,1,0,3,6,8,26,3.295836866004329,1,2,1,5,6,1,1,34311.0
5,1.791759469228055,0,2,0,5,5,21,3.091042453358316,0,0,1,0,1,496,6.208590026096629,1,1,1,6,6,16,2.833213344056216,1,1,1,2,6,1,1,14401.0
8,2.1972245773362196,1,2,3,1,8,60,4.110873864173311,1,0,0,4,0,61,4.127134385045092,0,1,1,5,1,11,2.4849066497880004,0,2,1,4,1,1,0,587.0
7,2.0794415416798357,0,1,2,0,7,52,3.970291913552122,1,1,2,3,2,466,6.1463292576688975,1,1,1,4,6,31,3.4657359027997265,0,1,1,3,1,1,0,83779.0
3,1.3862943611198906,0,0,3,3,3,48,3.8918202981106265,1,0,3,6,8,244,5.501258210544727,1,1,4,6,4,11,2.4849066497880004,0,2,1,4,1,1,1,43275.0
9,2.302585092994046,0,0,4,2,9,13,2.6390573296152584,0,1,3,6,3,437,6.082218910376446,0,2,2,3,7,7,2.0794415416798357,0,1,2,0,7,1,0,10474.0
11,2.4849066497880004,0,2,1,4,1,50,3.9318256327243257,1,2,0,1,0,834,6.727431724850855,1,0,4,1,4,1,0.6931471805599453,0,1,1,1,1,1,3,41483.0
4,1.6094379124341003,1,1,4,4,4,23,3.1780538303479458,0,2,3,2,3,447,6.104793232414985,0,0,2,6,7,10,2.3978952727983707,1,1,0,3,0,1,0,106281.0
9,2.302585092994046,0,0,4,2,9,16,2.833213344056216,1,1,1,2,6,181,5.204006687076795,0,1,1,6,1,6,1.9459101490553132,1,0,1,6,6,1,0,2183.0
5,1.791759469228055,0,2,0,5,5,22,3.1354942159291497,1,1,2,1,2,209,5.3471075307174685,0,2,4,6,9,20,3.044522437723423,1,2,0,6,0,1,1,11729.0
8,2.1972245773362196,1,2,3,1,8,47,3.871201010907891,0,2,2,5,7,320,5.771441123130016,1,2,0,5,0,24,3.2188758248682006,1,0,4,3,4,1,2,359263.0
4,1.6094379124341003,1,1,4,4,4,16,2.833213344056216,1,1,1,2,6,245,5.5053315359323625,0,2,0,0,5,9,2.302585092994046,0,0,4,2,9,1,1,3071.0
9,2.302585092994046,0,0,4,2,9,53,3.9889840465642745,0,2,3,4,3,52,3.970291913552122,1,1,2,3,2,47,3.871201010907891,0,2,2,5,7,1,0,109086.0
7,2.0794415416798357,0,1,2,0,7,50,3.9318256327243257,1,2,0,1,0,186,5.231108616854587,1,0,1,4,6,34,3.5553480614894135,1,1,4,6,4,1,0,31029.0
9,2.302585092994046,0,0,4,2,9,12,2.5649493574615367,1,0,2,5,2,35,3.58351893845611,0,2,0,0,5,9,2.302585092994046,0,0,4,2,9,1,1,503.0
9,2.302585092994046,0,0,4,2,9,50,3.9318256327243257,1,2,0,1,0,34,3.5553480614894135,1,1,4,6,4,49,3.912023005428146,0,1,4,0,9,1,0,62467.0
4,1.6094379124341003,1,1,4,4,4,30,3.4339872044851463,1,0,0,2,0,17,2.8903717578961645,0,2,2,3,7,17,2.8903717578961645,0,2,2,3,7,1,1,262.0
7,2.0794415416798357,0,1,2,0,7,56,4.04305126783455,1,2,1,0,6,69,4.248495242049359,0,0,4,6,9,7,2.0794415416798357,0,1,2,0,7,1,3,873.0
8,2.1972245773362196,1,2,3,1,8,46,3.8501476017100584,1,1,1,4,6,398,5.988961416889864,1,2,3,6,8,19,2.995732273553991,0,1,4,5,9,1,0,116027.0
12,2.5649493574615367,1,0,2,5,2,60,4.110873864173311,1,0,0,4,0,318,5.765191102784844,1,0,3,3,8,4,1.6094379124341003,1,1,4,4,4,2,3,2314.0
10,2.3978952727983707,1,1,0,3,0,48,3.8918202981106265,1,0,3,6,8,548,6.3080984415095305,1,2,3,2,8,2,1.0986122886681098,1,2,2,2,2,2,3,26155.0
9,2.302585092994046,0,0,4,2,9,23,3.1780538303479458,0,2,3,2,3,69,4.248495242049359,0,0,4,6,9,4,1.6094379124341003,1,1,4,4,4,1,1,701.0
11,2.4849066497880004,0,2,1,4,1,50,3.9318256327243257,1,2,0,1,0,163,5.099866427824199,0,1,3,2,3,8,2.1972245773362196,1,2,3,1,8,1,0,15399.0
8,2.1972245773362196,1,2,3,1,8,11,2.4849066497880004,0,2,1,4,1,458,6.129050210060545,1,2,3,3,8,5,1.791759469228055,0,2,0,5,5,1,0,4493.0
3,1.3862943611198906,0,0,3,3,3,60,4.110873864173311,1,0,0,4,0,423,6.049733455231958,0,0,3,3,3,59,4.0943445622221,0,2,4,3,9,1,2,755789.0
4,1.6094379124341003,1,1,4,4,4,17,2.8903717578961645,0,2,2,3,7,443,6.095824562432225,0,2,3,2,3,13,2.6390573296152584,0,1,3,6,3,1,0,6042.0
8,2.1972245773362196,1,2,3,1,8,30,3.4339872044851463,1,0,0,2,0,245,5.5053315359323625,0,2,0,0,5,18,2.9444389791664403,1,0,3,4,8,1,0,22027.0
5,1.791759469228055,0,2,0,5,5,24,3.2188758248682006,1,0,4,3,4,410,6.018593214496234,1,2,0,4,0,20,3.044522437723423,1,2,0,6,0,1,2,50621.0
11,2.4849066497880004,0,2,1,4,1,22,3.1354942159291497,1,1,2,1,2,178,5.187385805840755,1,1,3,3,8,12,2.5649493574615367,1,0,2,5,2,1,1,5749.0
8,2.1972245773362196,1,2,3,1,8,27,3.332204510175204,0,0,2,6,7,158,5.0689042022202315,1,2,3,4,8,8,2.1972245773362196,1,2,3,1,8,1,1,33467.0
8,2.1972245773362196,1,2,3,1,8,57,4.060443010546419,0,0,2,1,7,303,5.717027701406222,0,0,3,2,3,11,2.4849066497880004,0,2,1,4,1,1,0,187888.0
9,2.302585092994046,0,0,4,2,9,41,3.7376696182833684,0,2,1,6,1,423,6.049733455231958,0,0,3,3,3,9,2.302585092994046,0,0,4,2,9,1,3,78118.0
6,1.9459101490553132,1,0,1,6,6,35,3.58351893845611,0,2,0,0,5,29,3.4011973816621555,0,2,4,1,9,12,2.5649493574615367,1,0,2,5,2,1,1,61.0
3,1.3862943611198906,0,0,3,3,3,19,2.995732273553991,0,1,4,5,9,235,5.4638318050256105,0,1,0,4,5,11,2.4849066497880004,0,2,1,4,1,1,0,6378.0
5,1.791759469228055,0,2,0,5,5,21,3.091042453358316,0,0,1,0,1,87,4.477336814478207,0,0,2,3,7,2,1.0986122886681098,1,2,2,2,2,1,0,883.0
5,1.791759469228055,0,2,0,5,5,23,3.1780538303479458,0,2,3,2,3,465,6.144185634125646,0,0,0,3,5,18,2.9444389791664403,1,0,3,4,8,1,1,9935.0
4,1.6094379124341003,1,1,4,4,4,45,3.828641396489095,0,0,0,3,5,80,4.394449154672439,1,2,0,3,0,8,2.1972245773362196,1,2,3,1,8,1,3,27857.0
10,2.3978952727983707,1,1,0,3,0,14,2.70805020110221,1,2,4,0,4,386,5.958424693029782,1,2,1,1,6,1,0.6931471805599453,0,1,1,1,1,1,3,789.0
6,1.9459101490553132,1,0,1,6,6,57,4.060443010546419,0,0,2,1,7,247,5.5134287461649825,0,1,2,2,7,17,2.8903717578961645,0,2,2,3,7,1,0,79142.0
9,2.302585092994046,0,0,4,2,9,29,3.4011973816621555,0,2,4,1,9,467,6.148468295917647,0,2,2,5,7,4,1.6094379124341003,1,1,4,4,4,1,0,6845.0
9,2.302585092994046,0,0,4,2,9,39,3.6888794541139363,0,0,4,4,9,189,5.247024072160486,0,0,4,0,9,4,1.6094379124341003,1,1,4,4,4,1,1,713.0
4,1.6094379124341003,1,1,4,4,4,38,3.6635616461296463,1,2,3,3,8,223,5.4116460518550396,0,1,3,6,3,4,1.6094379124341003,1,1,4,4,4,1,1,5677.0
3,1.3862943611198906,0,0,3,3,3,7,2.0794415416798357,0,1,2,0,7,16,2.833213344056216,1,1,1,2,6,5,1.791759469228055,0,2,0,5,5,1,0,516.0
10,2.3978952727983707,1,1,0,3,0,53,3.9889840465642745,0,2,3,4,3,195,5.278114659230517,0,0,0,6,5,40,3.713572066704308,1,1,0,5,0,1,1,399483.0
6,1.9459101490553132,1,0,1,6,6,37,3.6375861597263857,0,1,2,2,7,465,6.144185634125646,0,0,0,3,5,9,2.302585092994046,0,0,4,2,9,1,0,156838.0
9,2.302585092994046,0,0,4,2,9,41,3.7376696182833684,0,2,1,6,1,241,5.488937726156687,0,1,1,3,1,37,3.6375861597263857,0,1,2,2,7,1,0,45062.0
3,1.3862943611198906,0,0,3,3,3,38,3.6635616461296463,1,2,3,3,8,434,6.075346031088684,1,2,4,0,4,11,2.4849066497880004,0,2,1,4,1,1,0,184845.0
5,1.791759469228055,0,2,0,5,5,6,1.9459101490553132,1,0,1,6,6,284,5.652489180268651,1,2,4,4,4,1,0.6931471805599453,0,1,1,1,1,1,3,1933.0
3,1.3862943611198906,0,0,3,3,3,57,4.060443010546419,0,0,2,1,7,218,5.389071729816501,1,2,3,1,8,40,3.713572066704308,1,1,0,5,0,1,1,249383.0
12,2.5649493574615367,1,0,2,5,2,41,3.7376696182833684,0,2,1,6,1,434,6.075346031088684,1,2,4,0,4,29,3.4011973816621555,0,2,4,1,9,1,0,256932.0
7,2.0794415416798357,0,1,2,0,7,44,3.8066624897703196,1,2,4,2,4,360,5.8888779583328805,1,0,0,3,0,4,1.6094379124341003,1,1,4,4,4,1,2,15825.0
3,1.3862943611198906,0,0,3,3,3,44,3.8066624897703196,1,2,4,2,4,358,5.883322388488279,1,1,3,1,8,8,2.1972245773362196,1,2,3,1,8,1,0,7983.0
10,2.3978952727983707,1,1,0,3,0,55,4.02535169073515,0,1,0,6,5,62,4.143134726391533,1,2,2,6,2,35,3.58351893845611,0,2,0,0,5,1,0,5087.0
8,2.1972245773362196,1,2,3,1,8,36,3.6109179126442243,1,0,1,1,6,181,5.204006687076795,0,1,1,6,1,13,2.6390573296152584,0,1,3,6,3,1,0,2307.0
3,1.3862943611198906,0,0,3,3,3,16,2.833213344056216,1,1,1,2,6,206,5.332718793265369,1,2,1,3,6,13,2.6390573296152584,0,1,3,6,3,1,0,44857.0
6,1.9459101490553132,1,0,1,6,6,55,4.02535169073515,0,1,0,6,5,77,4.356708826689592,0,2,2,0,7,48,3.8918202981106265,1,0,3,6,8,1,1,190813.0
10,2.3978952727983707,1,1,0,3,0,17,2.8903717578961645,0,2,2,3,7,499,6.214608098422191,0,1,4,2,9,12,2.5649493574615367,1,0,2,5,2,1,0,11731.0
12,2.5649493574615367,1,0,2,5,2,48,3.8918202981106265,1,0,3,6,8,161,5.087596335232384,0,2,1,0,1,41,3.7376696182833684,0,2,1,6,1,1,1,18704.0
10,2.3978952727983707,1,1,0,3,0,55,4.02535169073515,0,1,0,6,5,355,5.87493073085203,0,1,0,5,5,46,3.8501476017100584,1,1,1,4,6,1,0,296213.0
4,1.6094379124341003,1,1,4,4,4,54,4.007333185232471,1,0,4,5,4,142,4.962844630259907,1,1,2,2,2,16,2.833213344056216,1,1,1,2,6,2,1,20221.0
8,2.1972245773362196,1,2,3,1,8,45,3.828641396489095,0,0,0,3,5,211,5.356586274672012,0,1,1,1,1,8,2.1972245773362196,1,2,3,1,8,1,1,709.0
10,2.3978952727983707,1,1,0,3,0,22,3.1354942159291497,1,1,2,1,2,403,6.0014148779611505,0,1,3,4,3,20,3.044522437723423,1,2,0,6,0,1,1,30127.0
5,1.791759469228055,0,2,0,5,5,58,4.07753744390572,1,1,3,2,8,265,5.583496308781699,0,1,0,6,5,43,3.784189633918261,0,1,3,1,3,1,1,16489.0
9,2.302585092994046,0,0,4,2,9,20,3.044522437723423,1,2,0,6,0,406,6.008813185442595,1,1,1,0,6,13,2.6390573296152584,0,1,3,6,3,1,0,21665.0
11,2.4849066497880004,0,2,1,4,1,21,3.091042453358316,0,0,1,0,1,418,6.037870919922137,1,1,3,5,8,18,2.9444389791664403,1,0,3,4,8,1,1,26857.0
10,2.3978952727983707,1,1,0,3,0,24,3.2188758248682006,1,0,4,3,4,349,5.857933154483459,0,1,4,6,9,2,1.0986122886681098,1,2,2,2,2,1,2,349.0
7,2.0794415416798357,0,1,2,0,7,45,3.828641396489095,0,0,0,3,5,489,6.194405391104672,0,0,4,6,9,24,3.2188758248682006,1,0,4,3,4,1,0,88667.0
4,1.6094379124341003,1,1,4,4,4,23,3.1780538303479458,0,2,3,2,3,127,4.852030263919617,0,1,2,1,7,4,1.6094379124341003,1,1,4,4,4,1,1,3917.0
7,2.0794415416798357,0,1,2,0,7,13,2.6390573296152584,0,1,3,6,3,207,5.337538079701318,0,0,2,4,7,12,2.5649493574615367,1,0,2,5,2,1,0,5599.0
4,1.6094379124341003,1,1,4,4,4,43,3.784189633918261,0,1,3,1,3,154,5.043425116919247,1,1,4,0,4,6,1.9459101490553132,1,0,1,6,6,1,0,13163.0
11,2.4849066497880004,0,2,1,4,1,56,4.04305126783455,1,2,1,0,6,372,5.921578419643816,1,0,2,1,2,3,1.3862943611198906,0,0,3,3,3,1,1,8743.0
3,1.3862943611198906,0,0,3,3,3,10,2.3978952727983707,1,1,0,3,0,276,5.6240175061873385,1,0,1,3,6,5,1.791759469228055,0,2,0,5,5,1,2,3001.0
11,2.4849066497880004,0,2,1,4,1,13,2.6390573296152584,0,1,3,6,3,479,6.173786103901937,0,2,4,3,9,3,1.3862943611198906,0,0,3,3,3,1,0,4889.0
10,2.3978952727983707,1,1,0,3,0,45,3.828641396489095,0,0,0,3,5,441,6.091309882077698,0,0,1,0,1,8,2.1972245773362196,1,2,3,1,8,1,0,31655.0
7,2.0794415416798357,0,1,2,0,7,55,4.02535169073515,0,1,0,6,5,127,4.852030263919617,0,1,2,1,7,45,3.828641396489095,0,0,0,3,5,1,0,5039.0
5,1.791759469228055,0,2,0,5,5,23,3.1780538303479458,0,2,3,2,3,433,6.073044534100405,0,1,3,6,3,18,2.9444389791664403,1,0,3,4,8,1,0,46219.0
11,2.4849066497880004,0,2,1,4,1,47,3.871201010907891,0,2,2,5,7,222,5.407171771460119,1,0,2,5,2,39,3.6888794541139363,0,0,4,4,9,1,0,394912.0
3,1.3862943611198906,0,0,3,3,3,20,3.044522437723423,1,2,0,6,0,52,3.970291913552122,1,1,2,3,2,1,0.6931471805599453,0,1,1,1,1,1,3,991.0
6,1.9459101490553132,1,0,1,6,6,48,3.8918202981106265,1,0,3,6,8,470,6.154858094016418,1,2,0,1,0,25,3.258096538021482,0,1,0,4,5,1,1,113657.0
6,1.9459101490553132,1,0,1,6,6,51,3.9512437185814275,0,0,1,2,1,86,4.465908118654584,1,2,1,2,6,16,2.833213344056216,1,1,1,2,6,1,0,781.0
8,2.1972245773362196,1,2,3,1,8,5,1.791759469228055,0,2,0,5,5,150,5.017279836814924,1,0,0,3,0,2,1.0986122886681098,1,2,2,2,2,1,3,1683.0
10,2.3978952727983707,1,1,0,3,0,10,2.3978952727983707,1,1,0,3,0,432,6.07073772800249,1,0,2,5,2,2,1.0986122886681098,1,2,2,2,2,2,4,2303.0
4,1.6094379124341003,1,1,4,4,4,42,3.7612001156935624,1,0,2,0,2,407,6.0112671744041615,0,2,2,1,7,34,3.5553480614894135,1,1,4,6,4,1,0,42083.0
5,1.791759469228055,0,2,0,5,5,5,1.791759469228055,0,2,0,5,5,403,6.0014148779611505,0,1,3,4,3,3,1.3862943611198906,0,0,3,3,3,1,1,3578.0
8,2.1972245773362196,1,2,3,1,8,16,2.833213344056216,1,1,1,2,6,58,4.07753744390572,1,1,3,2,8,9,2.302585092994046,0,0,4,2,9,1,1,7601.0
5,1.791759469228055,0,2,0,5,5,31,3.4657359027997265,0,1,1,3,1,499,6.214608098422191,0,1,4,2,9,29,3.4011973816621555,0,2,4,1,9,1,0,229212.0
12,2.5649493574615367,1,0,2,5,2,14,2.70805020110221,1,2,4,0,4,317,5.762051382780177,0,2,2,2,7,1,0.6931471805599453,0,1,1,1,1,1,3,2216.0
4,1.6094379124341003,1,1,4,4,4,6,1.9459101490553132,1,0,1,6,6,389,5.966146739123692,0,2,4,4,9,5,1.791759469228055,0,2,0,5,5,1,0,6736.0
6,1.9459101490553132,1,0,1,6,6,19,2.995732273553991,0,1,4,5,9,135,4.912654885736052,0,0,0,2,5,6,1.9459101490553132,1,0,1,6,6,1,1,15415.0
10,2.3978952727983707,1,1,0,3,0,10,2.3978952727983707,1,1,0,3,0,495,6.206575926724928,0,0,0,5,5,3,1.3862943611198906,0,0,3,3,3,1,2,2657.0
9,2.302585092994046,0,0,4,2,9,9,2.302585092994046,0,0,4,2,9,335,5.817111159963204,0,2,0,6,5,6,1.9459101490553132,1,0,1,6,6,1,1,1628.0
10,2.3978952727983707,1,1,0,3,0,54,4.007333185232471,1,0,4,5,4,259,5.560681631015528,0,1,4,0,9,25,3.258096538021482,0,1,0,4,5,1,0,57019.0
3,1.3862943611198906,0,0,3,3,3,47,3.871201010907891,0,2,2,5,7,80,4.394449154672439,1,2,0,3,0,12,2.5649493574615367,1,0,2,5,2,1,1,3163.0
11,2.4849066497880004,0,2,1,4,1,41,3.7376696182833684,0,2,1,6,1,95,4.564348191467836,0,2,0,4,5,6,1.9459101490553132,1,0,1,6,6,1,0,1487.0
10,2.3978952727983707,1,1,0,3,0,56,4.04305126783455,1,2,1,0,6,221,5.402677381872279,0,2,1,4,1,32,3.4965075614664802,1,2,2,4,2,1,0,48081.0
10,2.3978952727983707,1,1,0,3,0,60,4.110873864173311,1,0,0,4,0,129,4.867534450455582,0,0,4,3,9,46,3.8501476017100584,1,1,1,4,6,1,1,11921.0
3,1.3862943611198906,0,0,3,3,3,57,4.060443010546419,0,0,2,1,7,316,5.75890177387728,1,1,1,1,6,30,3.4339872044851463,1,0,0,2,0,1,2,90761.0
6,1.9459101490553132,1,0,1,6,6,51,3.9512437185814275,0,0,1,2,1,316,5.75890177387728,1,1,1,1,6,50,3.9318256327243257,1,2,0,1,0,1,0,53733.0
12,2.5649493574615367,1,0,2,5,2,44,3.8066624897703196,1,2,4,2,4,667,6.504288173536645,0,1,2,2,7,1,0.6931471805599453,0,1,1,1,1,1,3,14501.0
9,2.302585092994046,0,0,4,2,9,33,3.5263605246161616,0,0,3,5,3,204,5.3230099791384085,1,0,4,1,4,30,3.4339872044851463,1,0,0,2,0,3,0,33146.0
12,2.5649493574615367,1,0,2,5,2,28,3.367295829986474,1,1,3,0,8,339,5.8289456176102075,0,0,4,3,9,26,3.295836866004329,1,2,1,5,6,1,0,30817.0
12,2.5649493574615367,1,0,2,5,2,24,3.2188758248682006,1,0,4,3,4,236,5.4680601411351315,1,2,1,5,6,12,2.5649493574615367,1,0,2,5,2,4,3,1863.0
9,2.302585092994046,0,0,4,2,9,25,3.258096538021482,0,1,0,4,5,272,5.60947179518496,1,2,2,6,2,5,1.791759469228055,0,2,0,5,5,1,1,6806.0
12,2.5649493574615367,1,0,2,5,2,21,3.091042453358316,0,0,1,0,1,227,5.429345628954441,0,2,2,3,7,20,3.044522437723423,1,2,0,6,0,1,0,94589.0
10,2.3978952727983707,1,1,0,3,0,39,3.6888794541139363,0,0,4,4,9,529,6.272877006546167,0,1,4,4,9,5,1.791759469228055,0,2,0,5,5,1,1,34498.0
11,2.4849066497880004,0,2,1,4,1,48,3.8918202981106265,1,0,3,6,8,157,5.062595033026967,0,1,2,3,7,23,3.1780538303479458,0,2,3,2,3,1,0,13691.0
7,2.0794415416798357,0,1,2,0,7,22,3.1354942159291497,1,1,2,1,2,475,6.16541785423142,0,1,0,6,5,19,2.995732273553991,0,1,4,5,9,1,1,11361.0
8,2.1972245773362196,1,2,3,1,8,26,3.295836866004329,1,2,1,5,6,196,5.2832037287379885,1,1,1,0,6,5,1.791759469228055,0,2,0,5,5,1,0,1941.0
11,2.4849066497880004,0,2,1,4,1,36,3.6109179126442243,1,0,1,1,6,109,4.700480365792417,0,1,4,4,9,21,3.091042453358316,0,0,1,0,1,1,0,2111.0
10,2.3978952727983707,1,1,0,3,0,35,3.58351893845611,0,2,0,0,5,500,6.2166061010848646,1,2,0,3,0,10,2.3978952727983707,1,1,0,3,0,5,3,7047.0
5,1.791759469228055,0,2,0,5,5,48,3.8918202981106265,1,0,3,6,8,249,5.521460917862246,0,0,4,4,9,19,2.995732273553991,0,1,4,5,9,1,0,28381.0
3,1.3862943611198906,0,0,3,3,3,49,3.912023005428146,0,1,4,0,9,91,4.5217885770490405,0,1,1,0,1,28,3.367295829986474,1,1,3,0,8,1,0,8797.0
8,2.1972245773362196,1,2,3,1,8,8,2.1972245773362196,1,2,3,1,8,232,5.4510384535657,1,1,2,1,2,1,0.6931471805599453,0,1,1,1,1,1,6,281.0
5,1.791759469228055,0,2,0,5,5,19,2.995732273553991,0,1,4,5,9,442,6.093569770045136,1,1,2,1,2,3,1.3862943611198906,0,0,3,3,3,1,0,26156.0
10,2.3978952727983707,1,1,0,3,0,52,3.970291913552122,1,1,2,3,2,58,4.07753744390572,1,1,3,2,8,36,3.6109179126442243,1,0,1,1,6,2,0,635.0
11,2.4849066497880004,0,2,1,4,1,17,2.8903717578961645,0,2,2,3,7,279,5.634789603169249,0,0,4,6,9,14,2.70805020110221,1,2,4,0,4,1,0,33753.0
9,2.302585092994046,0,0,4,2,9,11,2.4849066497880004,0,2,1,4,1,174,5.1647859739235145,1,0,4,6,4,7,2.0794415416798357,0,1,2,0,7,1,0,13828.0
6,1.9459101490553132,1,0,1,6,6,34,3.5553480614894135,1,1,4,6,4,57,4.060443010546419,0,0,2,1,7,24,3.2188758248682006,1,0,4,3,4,1,1,21395.0
5,1.791759469228055,0,2,0,5,5,15,2.772588722239781,0,0,0,1,5,365,5.902633333401366,0,2,0,1,5,1,0.6931471805599453,0,1,1,1,1,1,5,713.0
10,2.3978952727983707,1,1,0,3,0,40,3.713572066704308,1,1,0,5,0,254,5.541263545158426,1,2,4,2,4,11,2.4849066497880004,0,2,1,4,1,1,1,109783.0
8,2.1972245773362196,1,2,3,1,8,52,3.970291913552122,1,1,2,3,2,361,5.8916442118257715,0,1,1,4,1,25,3.258096538021482,0,1,0,4,5,1,0,116884.0
11,2.4849066497880004,0,2,1,4,1,36,3.6109179126442243,1,0,1,1,6,302,5.713732805509369,1,2,2,1,2,13,2.6390573296152584,0,1,3,6,3,1,0,139741.0
7,2.0794415416798357,0,1,2,0,7,24,3.2188758248682006,1,0,4,3,4,508,6.2324480165505225,1,1,3,4,8,12,2.5649493574615367,1,0,2,5,2,1,1,1391.0
3,1.3862943611198906,0,0,3,3,3,19,2.995732273553991,0,1,4,5,9,191,5.2574953720277815,0,2,1,2,1,5,1.791759469228055,0,2,0,5,5,1,0,247.0
11,2.4849066497880004,0,2,1,4,1,46,3.8501476017100584,1,1,1,4,6,171,5.147494476813453,0,0,1,3,1,30,3.4339872044851463,1,0,0,2,0,1,0,1409.0
11,2.4849066497880004,0,2,1,4,1,35,3.58351893845611,0,2,0,0,5,479,6.173786103901937,0,2,4,3,9,21,3.091042453358316,0,0,1,0,1,1,0,12631.0
9,2.302585092994046,0,0,4,2,9,34,3.5553480614894135,1,1,4,6,4,236,5.4680601411351315,1,2,1,5,6,3,1.3862943611198906,0,0,3,3,3,1,1,23587.0
6,1.9459101490553132,1,0,1,6,6,56,4.04305126783455,1,2,1,0,6,383,5.950642552587727,0,2,3,5,3,11,2.4849066497880004,0,2,1,4,1,1,0,118077.0
11,2.4849066497880004,0,2,1,4,1,43,3.784189633918261,0,1,3,1,3,407,6.0112671744041615,0,2,2,1,7,9,2.302585092994046,0,0,4,2,9,1,1,39119.0
6,1.9459101490553132,1,0,1,6,6,54,4.007333185232471,1,0,4,5,4,474,6.163314804034641,1,0,4,5,4,47,3.871201010907891,0,2,2,5,7,1,2,1209745.0
12,2.5649493574615367,1,0,2,5,2,19,2.995732273553991,0,1,4,5,9,185,5.225746673713202,0,2,0,3,5,5,1.791759469228055,0,2,0,5,5,1,1,17146.0
9,2.302585092994046,0,0,4,2,9,47,3.871201010907891,0,2,2,5,7,509,6.234410725718371,0,2,4,5,9,9,2.302585092994046,0,0,4,2,9,1,1,53924.0
11,2.4849066497880004,0,2,1,4,1,6,1.9459101490553132,1,0,1,6,6,382,5.948034989180646,1,1,2,4,2,1,0.6931471805599453,0,1,1,1,1,1,3,849.0
9,2.302585092994046,0,0,4,2,9,30,3.4339872044851463,1,0,0,2,0,169,5.135798437050262,0,1,4,1,9,22,3.1354942159291497,1,1,2,1,2,1,0,284.0
10,2.3978952727983707,1,1,0,3,0,56,4.04305126783455,1,2,1,0,6,376,5.932245187448011,1,1,1,5,6,44,3.8066624897703196,1,2,4,2,4,2,0,76485.0
7,2.0794415416798357,0,1,2,0,7,38,3.6635616461296463,1,2,3,3,8,535,6.284134161070802,0,1,0,3,5,5,1.791759469228055,0,2,0,5,5,1,1,1557.0
6,1.9459101490553132,1,0,1,6,6,44,3.8066624897703196,1,2,4,2,4,415,6.030685260261263,0,1,0,2,5,32,3.4965075614664802,1,2,2,4,2,1,0,147225.0
3,1.3862943611198906,0,0,3,3,3,36,3.6109179126442243,1,0,1,1,6,69,4.248495242049359,0,0,4,6,9,33,3.5263605246161616,0,0,3,5,3,3,3,6715.0
6,1.9459101490553132,1,0,1,6,6,52,3.970291913552122,1,1,2,3,2,284,5.652489180268651,1,2,4,4,4,50,3.9318256327243257,1,2,0,1,0,2,0,73669.0
11,2.4849066497880004,0,2,1,4,1,29,3.4011973816621555,0,2,4,1,9,56,4.04305126783455,1,2,1,0,6,23,3.1780538303479458,0,2,3,2,3,1,0,2066.0
5,1.791759469228055,0,2,0,5,5,47,3.871201010907891,0,2,2,5,7,181,5.204006687076795,0,1,1,6,1,30,3.4339872044851463,1,0,0,2,0,1,1,63343.0
9,2.302585092994046,0,0,4,2,9,42,3.7612001156935624,1,0,2,0,2,274,5.616771097666572,1,1,4,1,4,10,2.3978952727983707,1,1,0,3,0,1,0,2707.0
6,1.9459101490553132,1,0,1,6,6,32,3.4965075614664802,1,2,2,4,2,440,6.089044875446846,1,2,0,6,0,22,3.1354942159291497,1,1,2,1,2,2,1,157517.0
12,2.5649493574615367,1,0,2,5,2,31,3.4657359027997265,0,1,1,3,1,226,5.424950017481403,1,1,1,2,6,5,1.791759469228055,0,2,0,5,5,1,0,16977.0
4,1.6094379124341003,1,1,4,4,4,32,3.4965075614664802,1,2,2,4,2,121,4.804021044733257,0,1,1,2,1,7,2.0794415416798357,0,1,2,0,7,1,1,1123.0
11,2.4849066497880004,0,2,1,4,1,48,3.8918202981106265,1,0,3,6,8,257,5.552959584921617,0,2,2,5,7,18,2.9444389791664403,1,0,3,4,8,1,0,2257.0
7,2.0794415416798357,0,1,2,0,7,5,1.791759469228055,0,2,0,5,5,297,5.697093486505405,0,0,2,3,7,2,1.0986122886681098,1,2,2,2,2,1,0,1731.0
6,1.9459101490553132,1,0,1,6,6,51,3.9512437185814275,0,0,1,2,1,326,5.7899601708972535,1,2,1,4,6,19,2.995732273553991,0,1,4,5,9,1,0,1975.0
4,1.6094379124341003,1,1,4,4,4,22,3.1354942159291497,1,1,2,1,2,395,5.981414211254481,0,2,0,3,5,16,2.833213344056216,1,1,1,2,6,1,1,71935.0
8,2.1972245773362196,1,2,3,1,8,24,3.2188758248682006,1,0,4,3,4,325,5.786897381366708,0,1,0,3,5,7,2.0794415416798357,0,1,2,0,7,1,1,659.0
3,1.3862943611198906,0,0,3,3,3,24,3.2188758248682006,1,0,4,3,4,15,2.772588722239781,0,0,0,1,5,18,2.9444389791664403,1,0,3,4,8,3,3,449.0
10,2.3978952727983707,1,1,0,3,0,26,3.295836866004329,1,2,1,5,6,169,5.135798437050262,0,1,4,1,9,18,2.9444389791664403,1,0,3,4,8,1,0,4289.0
11,2.4849066497880004,0,2,1,4,1,40,3.713572066704308,1,1,0,5,0,109,4.700480365792417,0,1,4,4,9,24,3.2188758248682006,1,0,4,3,4,1,0,6017.0
12,2.5649493574615367,1,0,2,5,2,37,3.6375861597263857,0,1,2,2,7,417,6.035481432524756,0,0,2,4,7,30,3.4339872044851463,1,0,0,2,0,1,0,461623.0
12,2.5649493574615367,1,0,2,5,2,10,2.3978952727983707,1,1,0,3,0,489,6.194405391104672,0,0,4,6,9,7,2.0794415416798357,0,1,2,0,7,1,0,6116.0
7,2.0794415416798357,0,1,2,0,7,6,1.9459101490553132,1,0,1,6,6,342,5.8377304471659395,1,0,2,6,2,4,1.6094379124341003,1,1,4,4,4,1,1,1171.0
6,1.9459101490553132,1,0,1,6,6,42,3.7612001156935624,1,0,2,0,2,62,4.143134726391533,1,2,2,6,2,20,3.044522437723423,1,2,0,6,0,2,1,4805.0
7,2.0794415416798357,0,1,2,0,7,58,4.07753744390572,1,1,3,2,8,334,5.814130531825066,1,1,4,5,4,19,2.995732273553991,0,1,4,5,9,1,0,122111.0
5,1.791759469228055,0,2,0,5,5,13,2.6390573296152584,0,1,3,6,3,272,5.60947179518496,1,2,2,6,2,10,2.3978952727983707,1,1,0,3,0,1,1,6228.0
10,2.3978952727983707,1,1,0,3,0,38,3.6635616461296463,1,2,3,3,8,118,4.77912349311153,1,1,3,6,8,4,1.6094379124341003,1,1,4,4,4,2,0,919.0
8,2.1972245773362196,1,2,3,1,8,27,3.332204510175204,0,0,2,6,7,457,6.126869184114185,0,1,2,2,7,16,2.833213344056216,1,1,1,2,6,1,1,67025.0
5,1.791759469228055,0,2,0,5,5,28,3.367295829986474,1,1,3,0,8,334,5.814130531825066,1,1,4,5,4,6,1.9459101490553132,1,0,1,6,6,1,0,28579.0
4,1.6094379124341003,1,1,4,4,4,47,3.871201010907891,0,2,2,5,7,338,5.82600010738045,1,2,3,2,8,22,3.1354942159291497,1,1,2,1,2,1,0,352629.0
8,2.1972245773362196,1,2,3,1,8,14,2.70805020110221,1,2,4,0,4,205,5.327876168789581,0,1,0,2,5,4,1.6094379124341003,1,1,4,4,4,1,1,5875.0
7,2.0794415416798357,0,1,2,0,7,24,3.2188758248682006,1,0,4,3,4,295,5.69035945432406,0,1,0,1,5,3,1.3862943611198906,0,0,3,3,3,1,1,1193.0
8,2.1972245773362196,1,2,3,1,8,5,1.791759469228055,0,2,0,5,5,369,5.91350300563827,0,0,4,5,9,3,1.3862943611198906,0,0,3,3,3,1,1,6484.0
11,2.4849066497880004,0,2,1,4,1,8,2.1972245773362196,1,2,3,1,8,333,5.811140992976701,0,0,3,4,3,1,0.6931471805599453,0,1,1,1,1,1,3,101.0
3,1.3862943611198906,0,0,3,3,3,26,3.295836866004329,1,2,1,5,6,469,6.152732694704104,0,1,4,0,9,4,1.6094379124341003,1,1,4,4,4,1,0,967.0
11,2.4849066497880004,0,2,1,4,1,26,3.295836866004329,1,2,1,5,6,350,5.860786223465865,1,2,0,0,0,13,2.6390573296152584,0,1,3,6,3,1,1,9143.0
11,2.4849066497880004,0,2,1,4,1,39,3.6888794541139363,0,0,4,4,9,209,5.3471075307174685,0,2,4,6,9,12,2.5649493574615367,1,0,2,5,2,1,1,45.0
12,2.5649493574615367,1,0,2,5,2,59,4.0943445622221,0,2,4,3,9,96,4.574710978503383,1,0,1,5,6,14,2.70805020110221,1,2,4,0,4,1,1,23355.0
3,1.3862943611198906,0,0,3,3,3,23,3.1780538303479458,0,2,3,2,3,233,5.455321115357702,0,2,3,2,3,17,2.8903717578961645,0,2,2,3,7,1,0,46914.0
10,2.3978952727983707,1,1,0,3,0,27,3.332204510175204,0,0,2,6,7,109,4.700480365792417,0,1,4,4,9,15,2.772588722239781,0,0,0,1,5,1,0,512.0
5,1.791759469228055,0,2,0,5,5,54,4.007333185232471,1,0,4,5,4,131,4.882801922586371,0,2,1,5,1,13,2.6390573296152584,0,1,3,6,3,1,0,44963.0
8,2.1972245773362196,1,2,3,1,8,42,3.7612001156935624,1,0,2,0,2,98,4.59511985013459,1,2,3,0,8,37,3.6375861597263857,0,1,2,2,7,1,0,28631.0
6,1.9459101490553132,1,0,1,6,6,39,3.6888794541139363,0,0,4,4,9,200,5.303304908059076,1,2,0,4,0,10,2.3978952727983707,1,1,0,3,0,1,1,15491.0
5,1.791759469228055,0,2,0,5,5,46,3.8501476017100584,1,1,1,4,6,72,4.290459441148391,1,0,2,2,2,9,2.302585092994046,0,0,4,2,9,1,1,28193.0
12,2.5649493574615367,1,0,2,5,2,41,3.7376696182833684,0,2,1,6,1,369,5.91350300563827,0,0,4,5,9,18,2.9444389791664403,1,0,3,4,8,1,1,269639.0
6,1.9459101490553132,1,0,1,6,6,54,4.007333185232471,1,0,4,5,4,271,5.605802066295998,0,1,1,5,1,11,2.4849066497880004,0,2,1,4,1,1,1,593.0
9,2.302585092994046,0,0,4,2,9,23,3.1780538303479458,0,2,3,2,3,138,4.9344739331306915,1,0,3,5,8,18,2.9444389791664403,1,0,3,4,8,1,2,27844.0
6,1.9459101490553132,1,0,1,6,6,8,2.1972245773362196,1,2,3,1,8,170,5.14166355650266,1,2,0,2,0,3,1.3862943611198906,0,0,3,3,3,1,1,4403.0
3,1.3862943611198906,0,0,3,3,3,30,3.4339872044851463,1,0,0,2,0,314,5.752572638825633,1,2,4,6,4,1,0.6931471805599453,0,1,1,1,1,1,4,9583.0
12,2.5649493574615367,1,0,2,5,2,46,3.8501476017100584,1,1,1,4,6,318,5.765191102784844,1,0,3,3,8,23,3.1780538303479458,0,2,3,2,3,1,1,14371.0
11,2.4849066497880004,0,2,1,4,1,36,3.6109179126442243,1,0,1,1,6,294,5.68697535633982,1,0,4,0,4,27,3.332204510175204,0,0,2,6,7,1,0,31403.0
9,2.302585092994046,0,0,4,2,9,9,2.302585092994046,0,0,4,2,9,249,5.521460917862246,0,0,4,4,9,7,2.0794415416798357,0,1,2,0,7,1,1,1049.0
3,1.3862943611198906,0,0,3,3,3,27,3.332204510175204,0,0,2,6,7,428,6.061456918928017,1,2,3,1,8,21,3.091042453358316,0,0,1,0,1,1,2,83296.0
10,2.3978952727983707,1,1,0,3,0,22,3.1354942159291497,1,1,2,1,2,88,4.48863636973214,1,1,3,4,8,5,1.791759469228055,0,2,0,5,5,1,2,2939.0
7,2.0794415416798357,0,1,2,0,7,47,3.871201010907891,0,2,2,5,7,332,5.808142489980444,1,2,2,3,2,1,0.6931471805599453,0,1,1,1,1,1,3,15324.0
4,1.6094379124341003,1,1,4,4,4,32,3.4965075614664802,1,2,2,4,2,232,5.4510384535657,1,1,2,1,2,31,3.4657359027997265,0,1,1,3,1,1,2,77747.0
11,2.4849066497880004,0,2,1,4,1,55,4.02535169073515,0,1,0,6,5,303,5.717027701406222,0,0,3,2,3,33,3.5263605246161616,0,0,3,5,3,1,2,12259.0
6,1.9459101490553132,1,0,1,6,6,27,3.332204510175204,0,0,2,6,7,341,5.834810737062605,0,2,1,5,1,15,2.772588722239781,0,0,0,1,5,1,0,9376.0
3,1.3862943611198906,0,0,3,3,3,36,3.6109179126442243,1,0,1,1,6,313,5.749392985908253,0,1,3,5,3,30,3.4339872044851463,1,0,0,2,0,1,2,1593.0
6,1.9459101490553132,1,0,1,6,6,47,3.871201010907891,0,2,2,5,7,231,5.44673737166631,0,0,1,0,1,10,2.3978952727983707,1,1,0,3,0,1,0,21563.0
8,2.1972245773362196,1,2,3,1,8,31,3.4657359027997265,0,1,1,3,1,384,5.953243334287785,1,0,4,6,4,18,2.9444389791664403,1,0,3,4,8,1,1,216485.0
8,2.1972245773362196,1,2,3,1,8,42,3.7612001156935624,1,0,2,0,2,449,6.1092475827643655,0,2,4,1,9,12,2.5649493574615367,1,0,2,5,2,1,0,5413.0
11,2.4849066497880004,0,2,1,4,1,45,3.828641396489095,0,0,0,3,5,249,5.521460917862246,0,0,4,4,9,24,3.2188758248682006,1,0,4,3,4,1,0,6251.0
11,2.4849066497880004,0,2,1,4,1,12,2.5649493574615367,1,0,2,5,2,199,5.298317366548036,0,1,4,3,9,4,1.6094379124341003,1,1,4,4,4,1,1,101.0
11,2.4849066497880004,0,2,1,4,1,42,3.7612001156935624,1,0,2,0,2,451,6.113682179832232,0,1,1,3,1,1,0.6931471805599453,0,1,1,1,1,1,4,617.0
3,1.3862943611198906,0,0,3,3,3,14,2.70805020110221,1,2,4,0,4,177,5.181783550292085,0,0,2,2,7,6,1.9459101490553132,1,0,1,6,6,1,2,3911.0
3,1.3862943611198906,0,0,3,3,3,18,2.9444389791664403,1,0,3,4,8,497,6.210600077024653,0,2,2,0,7,6,1.9459101490553132,1,0,1,6,6,1,3,4691.0
3,1.3862943611198906,0,0,3,3,3,12,2.5649493574615367,1,0,2,5,2,207,5.337538079701318,0,0,2,4,7,11,2.4849066497880004,0,2,1,4,1,1,2,14585.0
9,2.302585092994046,0,0,4,2,9,11,2.4849066497880004,0,2,1,4,1,522,6.259581464064923,1,0,2,4,2,3,1.3862943611198906,0,0,3,3,3,1,3,18404.0
12,2.5649493574615367,1,0,2,5,2,46,3.8501476017100584,1,1,1,4,6,362,5.8944028342648505,1,2,2,5,2,6,1.9459101490553132,1,0,1,6,6,2,1,4913.0
10,2.3978952727983707,1,1,0,3,0,14,2.70805020110221,1,2,4,0,4,243,5.497168225293202,0,0,3,5,3,7,2.0794415416798357,0,1,2,0,7,1,1,249.0
10,2.3978952727983707,1,1,0,3,0,38,3.6635616461296463,1,2,3,3,8,55,4.02535169073515,0,1,0,6,5,23,3.1780538303479458,0,2,3,2,3,1,0,447.0
11,2.4849066497880004,0,2,1,4,1,12,2.5649493574615367,1,0,2,5,2,452,6.115892125483034,1,2,2,4,2,8,2.1972245773362196,1,2,3,1,8,1,0,1432.0
6,1.9459101490553132,1,0,1,6,6,28,3.367295829986474,1,1,3,0,8,187,5.236441962829949,0,1,2,5,7,27,3.332204510175204,0,0,2,6,7,1,0,70859.0
9,2.302585092994046,0,0,4,2,9,15,2.772588722239781,0,0,0,1,5,484,6.184148890937483,1,1,4,1,4,7,2.0794415416798357,0,1,2,0,7,1,0,17712.0
7,2.0794415416798357,0,1,2,0,7,12,2.5649493574615367,1,0,2,5,2,325,5.786897381366708,0,1,0,3,5,2,1.0986122886681098,1,2,2,2,2,1,1,57.0
11,2.4849066497880004,0,2,1,4,1,27,3.332204510175204,0,0,2,6,7,535,6.284134161070802,0,1,0,3,5,1,0.6931471805599453,0,1,1,1,1,1,3,1201.0
4,1.6094379124341003,1,1,4,4,4,17,2.8903717578961645,0,2,2,3,7,433,6.073044534100405,0,1,3,6,3,2,1.0986122886681098,1,2,2,2,2,1,1,5133.0
7,2.0794415416798357,0,1,2,0,7,37,3.6375861597263857,0,1,2,2,7,507,6.230481447578482,0,0,2,3,7,18,2.9444389791664403,1,0,3,4,8,1,0,56981.0
4,1.6094379124341003,1,1,4,4,4,35,3.58351893845611,0,2,0,0,5,385,5.955837369464831,0,1,0,0,5,21,3.091042453358316,0,0,1,0,1,1,1,13714.0
3,1.3862943611198906,0,0,3,3,3,21,3.091042453358316,0,0,1,0,1,340,5.831882477283517,1,1,0,4,0,4,1.6094379124341003,1,1,4,4,4,1,2,4937.0
4,1.6094379124341003,1,1,4,4,4,42,3.7612001156935624,1,0,2,0,2,199,5.298317366548036,0,1,4,3,9,24,3.2188758248682006,1,0,4,3,4,1,1,11177.0
6,1.9459101490553132,1,0,1,6,6,57,4.060443010546419,0,0,2,1,7,221,5.402677381872279,0,2,1,4,1,35,3.58351893845611,0,2,0,0,5,1,0,87268.0
6,1.9459101490553132,1,0,1,6,6,44,3.8066624897703196,1,2,4,2,4,195,5.278114659230517,0,0,0,6,5,22,3.1354942159291497,1,1,2,1,2,1,1,2125.0
9,2.302585092994046,0,0,4,2,9,51,3.9512437185814275,0,0,1,2,1,455,6.1224928095143865,0,2,0,0,5,24,3.2188758248682006,1,0,4,3,4,1,0,23183.0
4,1.6094379124341003,1,1,4,4,4,41,3.7376696182833684,0,2,1,6,1,254,5.541263545158426,1,2,4,2,4,17,2.8903717578961645,0,2,2,3,7,1,0,89214.0
8,2.1972245773362196,1,2,3,1,8,44,3.8066624897703196,1,2,4,2,4,141,4.955827057601261,0,0,1,1,1,7,2.0794415416798357,0,1,2,0,7,1,0,1487.0
12,2.5649493574615367,1,0,2,5,2,40,3.713572066704308,1,1,0,5,0,74,4.31748811353631,1,2,4,4,4,12,2.5649493574615367,1,0,2,5,2,2,1,7549.0
10,2.3978952727983707,1,1,0,3,0,53,3.9889840465642745,0,2,3,4,3,127,4.852030263919617,0,1,2,1,7,16,2.833213344056216,1,1,1,2,6,1,0,11195.0
7,2.0794415416798357,0,1,2,0,7,51,3.9512437185814275,0,0,1,2,1,413,6.025865973825314,0,2,3,0,3,24,3.2188758248682006,1,0,4,3,4,1,1,84421.0
11,2.4849066497880004,0,2,1,4,1,19,2.995732273553991,0,1,4,5,9,459,6.131226489483141,0,0,4,4,9,12,2.5649493574615367,1,0,2,5,2,1,0,7675.0
9,2.302585092994046,0,0,4,2,9,56,4.04305126783455,1,2,1,0,6,245,5.5053315359323625,0,2,0,0,5,51,3.9512437185814275,0,0,1,2,1,1,0,171503.0
12,2.5649493574615367,1,0,2,5,2,43,3.784189633918261,0,1,3,1,3,379,5.940171252720432,0,1,4,1,9,6,1.9459101490553132,1,0,1,6,6,1,1,96481.0
3,1.3862943611198906,0,0,3,3,3,33,3.5263605246161616,0,0,3,5,3,188,5.241747015059643,1,2,3,6,8,12,2.5649493574615367,1,0,2,5,2,1,2,381.0
4,1.6094379124341003,1,1,4,4,4,20,3.044522437723423,1,2,0,6,0,190,5.25227342804663,1,1,0,1,0,9,2.302585092994046,0,0,4,2,9,1,1,11707.0
12,2.5649493574615367,1,0,2,5,2,45,3.828641396489095,0,0,0,3,5,155,5.049856007249537,0,2,0,1,5,18,2.9444389791664403,1,0,3,4,8,1,0,1193.0
9,2.302585092994046,0,0,4,2,9,14,2.70805020110221,1,2,4,0,4,410,6.018593214496234,1,2,0,4,0,7,2.0794415416798357,0,1,2,0,7,1,1,6007.0
9,2.302585092994046,0,0,4,2,9,30,3.4339872044851463,1,0,0,2,0,273,5.6131281063880705,0,0,3,0,3,13,2.6390573296152584,0,1,3,6,3,1,1,6641.0
3,1.3862943611198906,0,0,3,3,3,12,2.5649493574615367,1,0,2,5,2,469,6.152732694704104,0,1,4,0,9,11,2.4849066497880004,0,2,1,4,1,1,1,5553.0
12,2.5649493574615367,1,0,2,5,2,48,3.8918202981106265,1,0,3,6,8,332,5.808142489980444,1,2,2,3,2,2,1.0986122886681098,1,2,2,2,2,2,4,15427.0
7,2.0794415416798357,0,1,2,0,7,18,2.9444389791664403,1,0,3,4,8,499,6.214608098422191,0,1,4,2,9,1,0.6931471805599453,0,1,1,1,1,1,3,1541.0
4,1.6094379124341003,1,1,4,4,4,24,3.2188758248682006,1,0,4,3,4,386,5.958424693029782,1,2,1,1,6,5,1.791759469228055,0,2,0,5,5,1,1,47693.0
8,2.1972245773362196,1,2,3,1,8,41,3.7376696182833684,0,2,1,6,1,130,4.875197323201151,1,1,0,4,0,27,3.332204510175204,0,0,2,6,7,1,0,69125.0
3,1.3862943611198906,0,0,3,3,3,44,3.8066624897703196,1,2,4,2,4,441,6.091309882077698,0,0,1,0,1,22,3.1354942159291497,1,1,2,1,2,1,2,4927.0
6,1.9459101490553132,1,0,1,6,6,43,3.784189633918261,0,1,3,1,3,364,5.8998973535824915,1,1,4,0,4,40,3.713572066704308,1,1,0,5,0,1,0,126013.0
9,2.302585092994046,0,0,4,2,9,21,3.091042453358316,0,0,1,0,1,371,5.918893854273146,0,2,1,0,1,17,2.8903717578961645,0,2,2,3,7,1,0,67678.0
4,1.6094379124341003,1,1,4,4,4,44,3.8066624897703196,1,2,4,2,4,152,5.030437921392435,1,2,2,5,2,30,3.4339872044851463,1,0,0,2,0,2,2,33293.0
8,2.1972245773362196,1,2,3,1,8,13,2.6390573296152584,0,1,3,6,3,497,6.210600077024653,0,2,2,0,7,2,1.0986122886681098,1,2,2,2,2,1,1,13615.0
4,1.6094379124341003,1,1,4,4,4,45,3.828641396489095,0,0,0,3,5,253,5.537334267018537,0,1,3,1,3,10,2.3978952727983707,1,1,0,3,0,1,0,2543.0
7,2.0794415416798357,0,1,2,0,7,47,3.871201010907891,0,2,2,5,7,518,6.251903883165888,1,2,3,0,8,12,2.5649493574615367,1,0,2,5,2,1,1,149.0
5,1.791759469228055,0,2,0,5,5,29,3.4011973816621555,0,2,4,1,9,403,6.0014148779611505,0,1,3,4,3,4,1.6094379124341003,1,1,4,4,4,1,0,11915.0
11,2.4849066497880004,0,2,1,4,1,16,2.833213344056216,1,1,1,2,6,351,5.863631175598097,0,0,1,1,1,1,0.6931471805599453,0,1,1,1,1,1,3,563.0
7,2.0794415416798357,0,1,2,0,7,59,4.0943445622221,0,2,4,3,9,207,5.337538079701318,0,0,2,4,7,33,3.5263605246161616,0,0,3,5,3,1,0,32987.0
3,1.3862943611198906,0,0,3,3,3,23,3.1780538303479458,0,2,3,2,3,369,5.91350300563827,0,0,4,5,9,11,2.4849066497880004,0,2,1,4,1,1,1,700.0
8,2.1972245773362196,1,2,3,1,8,8,2.1972245773362196,1,2,3,1,8,208,5.342334251964811,1,1,3,5,8,3,1.3862943611198906,0,0,3,3,3,1,3,1073.0
7,2.0794415416798357,0,1,2,0,7,56,4.04305126783455,1,2,1,0,6,359,5.886104031450156,0,2,4,2,9,12,2.5649493574615367,1,0,2,5,2,1,1,911.0
10,2.3978952727983707,1,1,0,3,0,20,3.044522437723423,1,2,0,6,0,291,5.676753802268282,0,0,1,4,1,14,2.70805020110221,1,2,4,0,4,1,1,2064.0
12,2.5649493574615367,1,0,2,5,2,35,3.58351893845611,0,2,0,0,5,165,5.111987788356544,0,0,0,4,5,18,2.9444389791664403,1,0,3,4,8,1,0,5821.0
11,2.4849066497880004,0,2,1,4,1,19,2.995732273553991,0,1,4,5,9,488,6.192362489474872,1,2,3,5,8,5,1.791759469228055,0,2,0,5,5,1,0,9512.0
9,2.302585092994046,0,0,4,2,9,18,2.9444389791664403,1,0,3,4,8,186,5.231108616854587,1,0,1,4,6,12,2.5649493574615367,1,0,2,5,2,3,1,3359.0
10,2.3978952727983707,1,1,0,3,0,57,4.060443010546419,0,0,2,1,7,499,6.214608098422191,0,1,4,2,9,13,2.6390573296152584,0,1,3,6,3,1,0,122770.0
5,1.791759469228055,0,2,0,5,5,8,2.1972245773362196,1,2,3,1,8,314,5.752572638825633,1,2,4,6,4,7,2.0794415416798357,0,1,2,0,7,1,0,19463.0
11,2.4849066497880004,0,2,1,4,1,6,1.9459101490553132,1,0,1,6,6,381,5.945420608606575,0,0,1,3,1,5,1.791759469228055,0,2,0,5,5,1,0,647.0
3,1.3862943611198906,0,0,3,3,3,24,3.2188758248682006,1,0,4,3,4,101,4.624972813284271,0,2,1,3,1,19,2.995732273553991,0,1,4,5,9,1,1,11635.0
9,2.302585092994046,0,0,4,2,9,17,2.8903717578961645,0,2,2,3,7,237,5.472270673671475,0,0,2,6,7,12,2.5649493574615367,1,0,2,5,2,1,0,6151.0
4,1.6094379124341003,1,1,4,4,4,35,3.58351893845611,0,2,0,0,5,125,4.836281906951478,0,2,0,6,5,13,2.6390573296152584,0,1,3,6,3,1,0,5142.0
5,1.791759469228055,0,2,0,5,5,18,2.9444389791664403,1,0,3,4,8,80,4.394449154672439,1,2,0,3,0,3,1.3862943611198906,0,0,3,3,3,1,2,281.0
5,1.791759469228055,0,2,0,5,5,7,2.0794415416798357,0,1,2,0,7,252,5.53338948872752,1,0,2,0,2,6,1.9459101490553132,1,0,1,6,6,1,2,5926.0
9,2.302585092994046,0,0,4,2,9,52,3.970291913552122,1,1,2,3,2,482,6.180016653652572,1,2,2,6,2,45,3.828641396489095,0,0,0,3,5,1,1,86773.0
9,2.302585092994046,0,0,4,2,9,43,3.784189633918261,0,1,3,1,3,383,5.950642552587727,0,2,3,5,3,39,3.6888794541139363,0,0,4,4,9,1,0,320876.0
9,2.302585092994046,0,0,4,2,9,56,4.04305126783455,1,2,1,0,6,476,6.1675164908883415,1,2,1,0,6,37,3.6375861597263857,0,1,2,2,7,1,0,984751.0
5,1.791759469228055,0,2,0,5,5,24,3.2188758248682006,1,0,4,3,4,437,6.082218910376446,0,2,2,3,7,16,2.833213344056216,1,1,1,2,6,1,0,5399.0
6,1.9459101490553132,1,0,1,6,6,40,3.713572066704308,1,1,0,5,0,390,5.968707559985366,1,0,0,5,0,18,2.9444389791664403,1,0,3,4,8,2,2,141641.0
5,1.791759469228055,0,2,0,5,5,7,2.0794415416798357,0,1,2,0,7,456,6.124683390894205,1,0,1,1,6,6,1.9459101490553132,1,0,1,6,6,1,1,1546.0
10,2.3978952727983707,1,1,0,3,0,18,2.9444389791664403,1,0,3,4,8,610,6.415096959171596,1,1,0,1,0,1,0.6931471805599453,0,1,1,1,1,1,4,3749.0
11,2.4849066497880004,0,2,1,4,1,59,4.0943445622221,0,2,4,3,9,37,3.6375861597263857,0,1,2,2,7,47,3.871201010907891,0,2,2,5,7,1,0,36600.0
12,2.5649493574615367,1,0,2,5,2,12,2.5649493574615367,1,0,2,5,2,158,5.0689042022202315,1,2,3,4,8,6,1.9459101490553132,1,0,1,6,6,2,3,629.0
8,2.1972245773362196,1,2,3,1,8,8,2.1972245773362196,1,2,3,1,8,210,5.351858133476067,1,0,0,0,0,2,1.0986122886681098,1,2,2,2,2,2,4,1797.0
8,2.1972245773362196,1,2,3,1,8,21,3.091042453358316,0,0,1,0,1,177,5.181783550292085,0,0,2,2,7,6,1.9459101490553132,1,0,1,6,6,1,0,2467.0
5,1.791759469228055,0,2,0,5,5,38,3.6635616461296463,1,2,3,3,8,131,4.882801922586371,0,2,1,5,1,31,3.4657359027997265,0,1,1,3,1,1,0,10879.0
8,2.1972245773362196,1,2,3,1,8,29,3.4011973816621555,0,2,4,1,9,28,3.367295829986474,1,1,3,0,8,12,2.5649493574615367,1,0,2,5,2,1,0,7081.0
10,2.3978952727983707,1,1,0,3,0,20,3.044522437723423,1,2,0,6,0,174,5.1647859739235145,1,0,4,6,4,6,1.9459101490553132,1,0,1,6,6,2,2,3423.0
7,2.0794415416798357,0,1,2,0,7,33,3.5263605246161616,0,0,3,5,3,477,6.169610732491456,0,0,2,1,7,15,2.772588722239781,0,0,0,1,5,1,0,39932.0
3,1.3862943611198906,0,0,3,3,3,11,2.4849066497880004,0,2,1,4,1,64,4.174387269895637,1,1,4,1,4,1,0.6931471805599453,0,1,1,1,1,1,3,712.0
6,1.9459101490553132,1,0,1,6,6,40,3.713572066704308,1,1,0,5,0,389,5.966146739123692,0,2,4,4,9,9,2.302585092994046,0,0,4,2,9,1,0,35293.0
10,2.3978952727983707,1,1,0,3,0,44,3.8066624897703196,1,2,4,2,4,360,5.8888779583328805,1,0,0,3,0,34,3.5553480614894135,1,1,4,6,4,2,1,53541.0
8,2.1972245773362196,1,2,3,1,8,18,2.9444389791664403,1,0,3,4,8,307,5.730099782973574,0,1,2,6,7,2,1.0986122886681098,1,2,2,2,2,1,2,625.0
8,2.1972245773362196,1,2,3,1,8,24,3.2188758248682006,1,0,4,3,4,411,6.021023349349527,0,0,1,5,1,17,2.8903717578961645,0,2,2,3,7,1,1,85613.0
12,2.5649493574615367,1,0,2,5,2,35,3.58351893845611,0,2,0,0,5,291,5.676753802268282,0,0,1,4,1,28,3.367295829986474,1,1,3,0,8,1,0,8033.0
8,2.1972245773362196,1,2,3,1,8,15,2.772588722239781,0,0,0,1,5,352,5.8664680569332965,1,1,2,2,2,1,0.6931471805599453,0,1,1,1,1,1,4,901.0
6,1.9459101490553132,1,0,1,6,6,17,2.8903717578961645,0,2,2,3,7,105,4.663439094112067,0,0,0,0,5,12,2.5649493574615367,1,0,2,5,2,1,1,21359.0
5,1.791759469228055,0,2,0,5,5,5,1.791759469228055,0,2,0,5,5,53,3.9889840465642745,0,2,3,4,3,3,1.3862943611198906,0,0,3,3,3,1,1,107.0
5,1.791759469228055,0,2,0,5,5,31,3.4657359027997265,0,1,1,3,1,420,6.042632833682381,1,0,0,0,0,4,1.6094379124341003,1,1,4,4,4,1,2,13253.0
7,2.0794415416798357,0,1,2,0,7,55,4.02535169073515,0,1,0,6,5,369,5.91350300563827,0,0,4,5,9,17,2.8903717578961645,0,2,2,3,7,1,0,172198.0
5,1.791759469228055,0,2,0,5,5,53,3.9889840465642745,0,2,3,4,3,127,4.852030263919617,0,1,2,1,7,9,2.302585092994046,0,0,4,2,9,1,0,29558.0
9,2.302585092994046,0,0,4,2,9,55,4.02535169073515,0,1,0,6,5,344,5.84354441703136,1,2,4,1,4,13,2.6390573296152584,0,1,3,6,3,1,0,243544.0
12,2.5649493574615367,1,0,2,5,2,52,3.970291913552122,1,1,2,3,2,312,5.746203190540153,1,0,2,4,2,2,1.0986122886681098,1,2,2,2,2,2,5,625.0
8,2.1972245773362196,1,2,3,1,8,29,3.4011973816621555,0,2,4,1,9,338,5.82600010738045,1,2,3,2,8,25,3.258096538021482,0,1,0,4,5,1,0,123736.0
7,2.0794415416798357,0,1,2,0,7,10,2.3978952727983707,1,1,0,3,0,429,6.063785208687608,0,0,4,2,9,1,0.6931471805599453,0,1,1,1,1,1,3,1147.0
12,2.5649493574615367,1,0,2,5,2,58,4.07753744390572,1,1,3,2,8,400,5.993961427306569,1,1,0,1,0,50,3.9318256327243257,1,2,0,1,0,2,1,71532.0
5,1.791759469228055,0,2,0,5,5,53,3.9889840465642745,0,2,3,4,3,392,5.973809611869261,1,2,2,0,2,8,2.1972245773362196,1,2,3,1,8,1,1,4639.0
10,2.3978952727983707,1,1,0,3,0,37,3.6375861597263857,0,1,2,2,7,292,5.680172609017068,1,1,2,5,2,5,1.791759469228055,0,2,0,5,5,1,1,8882.0
12,2.5649493574615367,1,0,2,5,2,33,3.5263605246161616,0,0,3,5,3,353,5.869296913133774,0,2,3,3,3,6,1.9459101490553132,1,0,1,6,6,1,1,2099.0
5,1.791759469228055,0,2,0,5,5,11,2.4849066497880004,0,2,1,4,1,451,6.113682179832232,0,1,1,3,1,8,2.1972245773362196,1,2,3,1,8,1,1,10701.0
6,1.9459101490553132,1,0,1,6,6,30,3.4339872044851463,1,0,0,2,0,291,5.676753802268282,0,0,1,4,1,29,3.4011973816621555,0,2,4,1,9,1,1,25621.0
5,1.791759469228055,0,2,0,5,5,5,1.791759469228055,0,2,0,5,5,312,5.746203190540153,1,0,2,4,2,2,1.0986122886681098,1,2,2,2,2,1,2,1836.0
9,2.302585092994046,0,0,4,2,9,50,3.9318256327243257,1,2,0,1,0,352,5.8664680569332965,1,1,2,2,2,18,2.9444389791664403,1,0,3,4,8,1,1,157309.0
9,2.302585092994046,0,0,4,2,9,59,4.0943445622221,0,2,4,3,9,82,4.418840607796598,1,1,2,5,2,37,3.6375861597263857,0,1,2,2,7,1,0,161884.0
12,2.5649493574615367,1,0,2,5,2,10,2.3978952727983707,1,1,0,3,0,394,5.978885764901122,1,1,4,2,4,5,1.791759469228055,0,2,0,5,5,1,1,4191.0
6,1.9459101490553132,1,0,1,6,6,54,4.007333185232471,1,0,4,5,4,121,4.804021044733257,0,1,1,2,1,11,2.4849066497880004,0,2,1,4,1,1,2,2312.0
7,2.0794415416798357,0,1,2,0,7,16,2.833213344056216,1,1,1,2,6,434,6.075346031088684,1,2,4,0,4,13,2.6390573296152584,0,1,3,6,3,1,1,94349.0
8,2.1972245773362196,1,2,3,1,8,15,2.772588722239781,0,0,0,1,5,21,3.091042453358316,0,0,1,0,1,9,2.302585092994046,0,0,4,2,9,1,0,122.0
9,2.302585092994046,0,0,4,2,9,18,2.9444389791664403,1,0,3,4,8,125,4.836281906951478,0,2,0,6,5,2,1.0986122886681098,1,2,2,2,2,1,2,535.0
7,2.0794415416798357,0,1,2,0,7,52,3.970291913552122,1,1,2,3,2,266,5.58724865840025,1,2,1,0,6,13,2.6390573296152584,0,1,3,6,3,1,2,13709.0
3,1.3862943611198906,0,0,3,3,3,35,3.58351893845611,0,2,0,0,5,101,4.624972813284271,0,2,1,3,1,10,2.3978952727983707,1,1,0,3,0,1,0,3523.0
11,2.4849066497880004,0,2,1,4,1,33,3.5263605246161616,0,0,3,5,3,146,4.990432586778736,1,2,1,6,6,7,2.0794415416798357,0,1,2,0,7,1,1,6374.0
8,2.1972245773362196,1,2,3,1,8,58,4.07753744390572,1,1,3,2,8,208,5.342334251964811,1,1,3,5,8,3,1.3862943611198906,0,0,3,3,3,1,1,7003.0
3,1.3862943611198906,0,0,3,3,3,19,2.995732273553991,0,1,4,5,9,366,5.905361848054571,1,0,1,2,6,14,2.70805020110221,1,2,4,0,4,1,1,50815.0
8,2.1972245773362196,1,2,3,1,8,13,2.6390573296152584,0,1,3,6,3,214,5.3706380281276624,1,1,4,4,4,6,1.9459101490553132,1,0,1,6,6,1,0,17255.0
10,2.3978952727983707,1,1,0,3,0,28,3.367295829986474,1,1,3,0,8,439,6.0867747269123065,0,1,4,5,9,26,3.295836866004329,1,2,1,5,6,1,0,13477.0
5,1.791759469228055,0,2,0,5,5,31,3.4657359027997265,0,1,1,3,1,432,6.07073772800249,1,0,2,5,2,21,3.091042453358316,0,0,1,0,1,1,0,286904.0
5,1.791759469228055,0,2,0,5,5,48,3.8918202981106265,1,0,3,6,8,157,5.062595033026967,0,1,2,3,7,8,2.1972245773362196,1,2,3,1,8,1,1,619.0
5,1.791759469228055,0,2,0,5,5,30,3.4339872044851463,1,0,0,2,0,145,4.983606621708336,0,1,0,5,5,29,3.4011973816621555,0,2,4,1,9,1,3,5244.0
6,1.9459101490553132,1,0,1,6,6,43,3.784189633918261,0,1,3,1,3,203,5.318119993844216,0,2,3,0,3,29,3.4011973816621555,0,2,4,1,9,1,1,251302.0
3,1.3862943611198906,0,0,3,3,3,44,3.8066624897703196,1,2,4,2,4,433,6.073044534100405,0,1,3,6,3,30,3.4339872044851463,1,0,0,2,0,1,1,72559.0
3,1.3862943611198906,0,0,3,3,3,49,3.912023005428146,0,1,4,0,9,286,5.659482215759621,1,1,1,6,6,46,3.8501476017100584,1,1,1,4,6,1,0,325447.0
12,2.5649493574615367,1,0,2,5,2,52,3.970291913552122,1,1,2,3,2,223,5.4116460518550396,0,1,3,6,3,32,3.4965075614664802,1,2,2,4,2,1,0,89409.0
7,2.0794415416798357,0,1,2,0,7,14,2.70805020110221,1,2,4,0,4,254,5.541263545158426,1,2,4,2,4,11,2.4849066497880004,0,2,1,4,1,1,1,40737.0
4,1.6094379124341003,1,1,4,4,4,25,3.258096538021482,0,1,0,4,5,159,5.075173815233827,0,0,4,5,9,11,2.4849066497880004,0,2,1,4,1,1,0,44288.0
4,1.6094379124341003,1,1,4,4,4,9,2.302585092994046,0,0,4,2,9,360,5.8888779583328805,1,0,0,3,0,7,2.0794415416798357,0,1,2,0,7,1,2,12457.0
7,2.0794415416798357,0,1,2,0,7,50,3.9318256327243257,1,2,0,1,0,494,6.20455776256869,1,2,4,4,4,23,3.1780538303479458,0,2,3,2,3,1,0,571089.0
7,2.0794415416798357,0,1,2,0,7,9,2.302585092994046,0,0,4,2,9,292,5.680172609017068,1,1,2,5,2,6,1.9459101490553132,1,0,1,6,6,1,0,949.0
5,1.791759469228055,0,2,0,5,5,50,3.9318256327243257,1,2,0,1,0,471,6.156978985585555,0,0,1,2,1,6,1.9459101490553132,1,0,1,6,6,1,1,7121.0
6,1.9459101490553132,1,0,1,6,6,23,3.1780538303479458,0,2,3,2,3,196,5.2832037287379885,1,1,1,0,6,19,2.995732273553991,0,1,4,5,9,1,0,8662.0
6,1.9459101490553132,1,0,1,6,6,16,2.833213344056216,1,1,1,2,6,118,4.77912349311153,1,1,3,6,8,13,2.6390573296152584,0,1,3,6,3,1,0,24737.0
5,1.791759469228055,0,2,0,5,5,31,3.4657359027997265,0,1,1,3,1,49,3.912023005428146,0,1,4,0,9,6,1.9459101490553132,1,0,1,6,6,1,0,2087.0
7,2.0794415416798357,0,1,2,0,7,51,3.9512437185814275,0,0,1,2,1,397,5.986452005284438,0,1,2,5,7,39,3.6888794541139363,0,0,4,4,9,1,0,43936.0
12,2.5649493574615367,1,0,2,5,2,30,3.4339872044851463,1,0,0,2,0,546,6.304448802421981,1,0,1,0,6,5,1.791759469228055,0,2,0,5,5,1,1,16499.0
7,2.0794415416798357,0,1,2,0,7,58,4.07753744390572,1,1,3,2,8,330,5.802118375377063,1,0,0,1,0,13,2.6390573296152584,0,1,3,6,3,1,0,247471.0
8,2.1972245773362196,1,2,3,1,8,48,3.8918202981106265,1,0,3,6,8,359,5.886104031450156,0,2,4,2,9,31,3.4657359027997265,0,1,1,3,1,1,1,266525.0
9,2.302585092994046,0,0,4,2,9,29,3.4011973816621555,0,2,4,1,9,465,6.144185634125646,0,0,0,3,5,21,3.091042453358316,0,0,1,0,1,1,0,1238.0
12,2.5649493574615367,1,0,2,5,2,27,3.332204510175204,0,0,2,6,7,69,4.248495242049359,0,0,4,6,9,21,3.091042453358316,0,0,1,0,1,3,0,11150.0
11,2.4849066497880004,0,2,1,4,1,36,3.6109179126442243,1,0,1,1,6,265,5.583496308781699,0,1,0,6,5,23,3.1780538303479458,0,2,3,2,3,1,0,9001.0
7,2.0794415416798357,0,1,2,0,7,56,4.04305126783455,1,2,1,0,6,159,5.075173815233827,0,0,4,5,9,39,3.6888794541139363,0,0,4,4,9,1,1,56299.0
7,2.0794415416798357,0,1,2,0,7,20,3.044522437723423,1,2,0,6,0,391,5.971261839790462,0,1,1,6,1,5,1.791759469228055,0,2,0,5,5,1,1,1341.0
4,1.6094379124341003,1,1,4,4,4,29,3.4011973816621555,0,2,4,1,9,447,6.104793232414985,0,0,2,6,7,19,2.995732273553991,0,1,4,5,9,1,0,252480.0
4,1.6094379124341003,1,1,4,4,4,23,3.1780538303479458,0,2,3,2,3,75,4.330733340286331,0,0,0,5,5,1,0.6931471805599453,0,1,1,1,1,1,3,1638.0
5,1.791759469228055,0,2,0,5,5,39,3.6888794541139363,0,0,4,4,9,413,6.025865973825314,0,2,3,0,3,4,1.6094379124341003,1,1,4,4,4,1,0,16285.0
12,2.5649493574615367,1,0,2,5,2,44,3.8066624897703196,1,2,4,2,4,481,6.1779441140506,0,1,1,5,1,33,3.5263605246161616,0,0,3,5,3,1,0,15826.0
10,2.3978952727983707,1,1,0,3,0,46,3.8501476017100584,1,1,1,4,6,164,5.10594547390058,1,2,4,3,4,3,1.3862943611198906,0,0,3,3,3,1,0,7109.0
12,2.5649493574615367,1,0,2,5,2,16,2.833213344056216,1,1,1,2,6,94,4.553876891600541,1,1,4,3,4,14,2.70805020110221,1,2,4,0,4,2,0,9747.0
4,1.6094379124341003,1,1,4,4,4,31,3.4657359027997265,0,1,1,3,1,222,5.407171771460119,1,0,2,5,2,9,2.302585092994046,0,0,4,2,9,1,0,10453.0
7,2.0794415416798357,0,1,2,0,7,30,3.4339872044851463,1,0,0,2,0,46,3.8501476017100584,1,1,1,4,6,16,2.833213344056216,1,1,1,2,6,1,0,107.0
4,1.6094379124341003,1,1,4,4,4,31,3.4657359027997265,0,1,1,3,1,384,5.953243334287785,1,0,4,6,4,16,2.833213344056216,1,1,1,2,6,1,3,38903.0
10,2.3978952727983707,1,1,0,3,0,32,3.4965075614664802,1,2,2,4,2,385,5.955837369464831,0,1,0,0,5,28,3.367295829986474,1,1,3,0,8,1,0,3609.0
12,2.5649493574615367,1,0,2,5,2,37,3.6375861597263857,0,1,2,2,7,316,5.75890177387728,1,1,1,1,6,5,1.791759469228055,0,2,0,5,5,1,0,3588.0
8,2.1972245773362196,1,2,3,1,8,48,3.8918202981106265,1,0,3,6,8,419,6.040254711277414,0,2,4,6,9,15,2.772588722239781,0,0,0,1,5,1,1,50309.0
3,1.3862943611198906,0,0,3,3,3,17,2.8903717578961645,0,2,2,3,7,424,6.052089168924417,1,1,4,4,4,3,1.3862943611198906,0,0,3,3,3,1,1,22706.0
11,2.4849066497880004,0,2,1,4,1,59,4.0943445622221,0,2,4,3,9,406,6.008813185442595,1,1,1,0,6,7,2.0794415416798357,0,1,2,0,7,1,1,33076.0
5,1.791759469228055,0,2,0,5,5,12,2.5649493574615367,1,0,2,5,2,301,5.71042701737487,0,1,1,0,1,5,1.791759469228055,0,2,0,5,5,1,1,1601.0
8,2.1972245773362196,1,2,3,1,8,32,3.4965075614664802,1,2,2,4,2,470,6.154858094016418,1,2,0,1,0,4,1.6094379124341003,1,1,4,4,4,2,3,2171.0
10,2.3978952727983707,1,1,0,3,0,55,4.02535169073515,0,1,0,6,5,102,4.634728988229636,1,0,2,4,2,7,2.0794415416798357,0,1,2,0,7,1,0,8908.0
5,1.791759469228055,0,2,0,5,5,49,3.912023005428146,0,1,4,0,9,133,4.897839799950911,0,1,3,0,3,38,3.6635616461296463,1,2,3,3,8,1,0,60789.0
3,1.3862943611198906,0,0,3,3,3,8,2.1972245773362196,1,2,3,1,8,429,6.063785208687608,0,0,4,2,9,5,1.791759469228055,0,2,0,5,5,1,1,1597.0
10,2.3978952727983707,1,1,0,3,0,17,2.8903717578961645,0,2,2,3,7,30,3.4339872044851463,1,0,0,2,0,8,2.1972245773362196,1,2,3,1,8,1,1,2799.0
7,2.0794415416798357,0,1,2,0,7,6,1.9459101490553132,1,0,1,6,6,244,5.501258210544727,1,1,4,6,4,1,0.6931471805599453,0,1,1,1,1,1,3,181.0
4,1.6094379124341003,1,1,4,4,4,22,3.1354942159291497,1,1,2,1,2,271,5.605802066295998,0,1,1,5,1,21,3.091042453358316,0,0,1,0,1,1,0,21493.0
10,2.3978952727983707,1,1,0,3,0,18,2.9444389791664403,1,0,3,4,8,393,5.976350909297934,0,0,3,1,3,17,2.8903717578961645,0,2,2,3,7,1,0,61850.0
7,2.0794415416798357,0,1,2,0,7,32,3.4965075614664802,1,2,2,4,2,382,5.948034989180646,1,1,2,4,2,1,0.6931471805599453,0,1,1,1,1,1,3,4063.0
5,1.791759469228055,0,2,0,5,5,59,4.0943445622221,0,2,4,3,9,271,5.605802066295998,0,1,1,5,1,24,3.2188758248682006,1,0,4,3,4,1,0,13675.0
4,1.6094379124341003,1,1,4,4,4,36,3.6109179126442243,1,0,1,1,6,238,5.476463551931511,1,1,3,0,8,12,2.5649493574615367,1,0,2,5,2,2,3,721.0
11,2.4849066497880004,0,2,1,4,1,34,3.5553480614894135,1,1,4,6,4,107,4.68213122712422,0,2,2,2,7,19,2.995732273553991,0,1,4,5,9,1,0,10615.0
4,1.6094379124341003,1,1,4,4,4,12,2.5649493574615367,1,0,2,5,2,149,5.0106352940962555,0,2,4,2,9,5,1.791759469228055,0,2,0,5,5,1,1,2351.0
12,2.5649493574615367,1,0,2,5,2,5,1.791759469228055,0,2,0,5,5,492,6.20050917404269,1,0,2,2,2,4,1.6094379124341003,1,1,4,4,4,1,3,11509.0
9,2.302585092994046,0,0,4,2,9,23,3.1780538303479458,0,2,3,2,3,405,6.0063531596017325,0,0,0,6,5,5,1.791759469228055,0,2,0,5,5,1,2,1316.0
5,1.791759469228055,0,2,0,5,5,27,3.332204510175204,0,0,2,6,7,332,5.808142489980444,1,2,2,3,2,25,3.258096538021482,0,1,0,4,5,1,1,228892.0
11,2.4849066497880004,0,2,1,4,1,60,4.110873864173311,1,0,0,4,0,215,5.375278407684165,0,2,0,5,5,12,2.5649493574615367,1,0,2,5,2,1,1,3101.0
10,2.3978952727983707,1,1,0,3,0,49,3.912023005428146,0,1,4,0,9,408,6.013715156042802,1,0,3,2,8,16,2.833213344056216,1,1,1,2,6,1,0,318103.0
7,2.0794415416798357,0,1,2,0,7,56,4.04305126783455,1,2,1,0,6,44,3.8066624897703196,1,2,4,2,4,41,3.7376696182833684,0,2,1,6,1,1,1,86379.0
3,1.3862943611198906,0,0,3,3,3,24,3.2188758248682006,1,0,4,3,4,61,4.127134385045092,0,1,1,5,1,16,2.833213344056216,1,1,1,2,6,1,1,483.0
11,2.4849066497880004,0,2,1,4,1,52,3.970291913552122,1,1,2,3,2,199,5.298317366548036,0,1,4,3,9,19,2.995732273553991,0,1,4,5,9,1,0,94493.0
4,1.6094379124341003,1,1,4,4,4,53,3.9889840465642745,0,2,3,4,3,93,4.543294782270004,0,0,3,2,3,26,3.295836866004329,1,2,1,5,6,1,0,124875.0
10,2.3978952727983707,1,1,0,3,0,25,3.258096538021482,0,1,0,4,5,381,5.945420608606575,0,0,1,3,1,11,2.4849066497880004,0,2,1,4,1,1,0,3028.0
4,1.6094379124341003,1,1,4,4,4,32,3.4965075614664802,1,2,2,4,2,247,5.5134287461649825,0,1,2,2,7,10,2.3978952727983707,1,1,0,3,0,1,1,6677.0
3,1.3862943611198906,0,0,3,3,3,6,1.9459101490553132,1,0,1,6,6,41,3.7376696182833684,0,2,1,6,1,3,1.3862943611198906,0,0,3,3,3,1,3,22.0
3,1.3862943611198906,0,0,3,3,3,25,3.258096538021482,0,1,0,4,5,310,5.739792912179234,1,1,0,2,0,16,2.833213344056216,1,1,1,2,6,1,0,63847.0
10,2.3978952727983707,1,1,0,3,0,31,3.4657359027997265,0,1,1,3,1,148,5.003946305945459,1,1,3,1,8,19,2.995732273553991,0,1,4,5,9,1,0,13966.0
6,1.9459101490553132,1,0,1,6,6,37,3.6375861597263857,0,1,2,2,7,20,3.044522437723423,1,2,0,6,0,19,2.995732273553991,0,1,4,5,9,1,0,5009.0
6,1.9459101490553132,1,0,1,6,6,8,2.1972245773362196,1,2,3,1,8,305,5.723585101952381,0,2,0,4,5,1,0.6931471805599453,0,1,1,1,1,1,3,332.0
6,1.9459101490553132,1,0,1,6,6,44,3.8066624897703196,1,2,4,2,4,174,5.1647859739235145,1,0,4,6,4,42,3.7612001156935624,1,0,2,0,2,2,2,158755.0
5,1.791759469228055,0,2,0,5,5,12,2.5649493574615367,1,0,2,5,2,335,5.817111159963204,0,2,0,6,5,11,2.4849066497880004,0,2,1,4,1,1,1,23593.0
3,1.3862943611198906,0,0,3,3,3,37,3.6375861597263857,0,1,2,2,7,223,5.4116460518550396,0,1,3,6,3,28,3.367295829986474,1,1,3,0,8,1,0,3163.0
8,2.1972245773362196,1,2,3,1,8,52,3.970291913552122,1,1,2,3,2,289,5.66988092298052,0,1,4,2,9,42,3.7612001156935624,1,0,2,0,2,1,0,22337.0
10,2.3978952727983707,1,1,0,3,0,58,4.07753744390572,1,1,3,2,8,502,6.220590170099739,1,1,2,5,2,5,1.791759469228055,0,2,0,5,5,1,1,48221.0
4,1.6094379124341003,1,1,4,4,4,34,3.5553480614894135,1,1,4,6,4,317,5.762051382780177,0,2,2,2,7,19,2.995732273553991,0,1,4,5,9,1,0,104050.0
8,2.1972245773362196,1,2,3,1,8,20,3.044522437723423,1,2,0,6,0,221,5.402677381872279,0,2,1,4,1,15,2.772588722239781,0,0,0,1,5,1,0,3353.0
7,2.0794415416798357,0,1,2,0,7,53,3.9889840465642745,0,2,3,4,3,378,5.937536205082426,1,0,3,0,8,5,1.791759469228055,0,2,0,5,5,1,1,99882.0
9,2.302585092994046,0,0,4,2,9,44,3.8066624897703196,1,2,4,2,4,341,5.834810737062605,0,2,1,5,1,27,3.332204510175204,0,0,2,6,7,1,1,100811.0
12,2.5649493574615367,1,0,2,5,2,58,4.07753744390572,1,1,3,2,8,338,5.82600010738045,1,2,3,2,8,38,3.6635616461296463,1,2,3,3,8,2,0,91334.0
6,1.9459101490553132,1,0,1,6,6,21,3.091042453358316,0,0,1,0,1,405,6.0063531596017325,0,0,0,6,5,7,2.0794415416798357,0,1,2,0,7,1,1,8768.0
12,2.5649493574615367,1,0,2,5,2,11,2.4849066497880004,0,2,1,4,1,88,4.48863636973214,1,1,3,4,8,6,1.9459101490553132,1,0,1,6,6,1,2,5417.0
10,2.3978952727983707,1,1,0,3,0,25,3.258096538021482,0,1,0,4,5,450,6.111467339502679,1,0,0,2,0,13,2.6390573296152584,0,1,3,6,3,1,2,37153.0
9,2.302585092994046,0,0,4,2,9,16,2.833213344056216,1,1,1,2,6,304,5.720311776607412,1,1,4,3,4,3,1.3862943611198906,0,0,3,3,3,1,2,14941.0
3,1.3862943611198906,0,0,3,3,3,39,3.6888794541139363,0,0,4,4,9,375,5.929589143389895,0,0,0,4,5,22,3.1354942159291497,1,1,2,1,2,1,2,163663.0
10,2.3978952727983707,1,1,0,3,0,48,3.8918202981106265,1,0,3,6,8,459,6.131226489483141,0,0,4,4,9,9,2.302585092994046,0,0,4,2,9,1,1,10981.0
11,2.4849066497880004,0,2,1,4,1,58,4.07753744390572,1,1,3,2,8,319,5.768320995793772,0,1,4,4,9,54,4.007333185232471,1,0,4,5,4,1,1,61328.0
5,1.791759469228055,0,2,0,5,5,39,3.6888794541139363,0,0,4,4,9,500,6.2166061010848646,1,2,0,3,0,23,3.1780538303479458,0,2,3,2,3,1,1,455336.0
8,2.1972245773362196,1,2,3,1,8,13,2.6390573296152584,0,1,3,6,3,255,5.545177444479562,0,0,0,3,5,1,0.6931471805599453,0,1,1,1,1,1,3,3374.0
7,2.0794415416798357,0,1,2,0,7,35,3.58351893845611,0,2,0,0,5,425,6.054439346269371,0,2,0,5,5,21,3.091042453358316,0,0,1,0,1,1,2,7522.0
9,2.302585092994046,0,0,4,2,9,22,3.1354942159291497,1,1,2,1,2,266,5.58724865840025,1,2,1,0,6,11,2.4849066497880004,0,2,1,4,1,1,1,5903.0
6,1.9459101490553132,1,0,1,6,6,19,2.995732273553991,0,1,4,5,9,344,5.84354441703136,1,2,4,1,4,3,1.3862943611198906,0,0,3,3,3,1,1,10100.0
8,2.1972245773362196,1,2,3,1,8,18,2.9444389791664403,1,0,3,4,8,149,5.0106352940962555,0,2,4,2,9,2,1.0986122886681098,1,2,2,2,2,1,2,2623.0
5,1.791759469228055,0,2,0,5,5,23,3.1780538303479458,0,2,3,2,3,386,5.958424693029782,1,2,1,1,6,9,2.302585092994046,0,0,4,2,9,1,0,82240.0
4,1.6094379124341003,1,1,4,4,4,10,2.3978952727983707,1,1,0,3,0,190,5.25227342804663,1,1,0,1,0,5,1.791759469228055,0,2,0,5,5,1,3,681.0
9,2.302585092994046,0,0,4,2,9,30,3.4339872044851463,1,0,0,2,0,401,5.996452088619021,0,2,1,2,1,19,2.995732273553991,0,1,4,5,9,1,0,2885.0
12,2.5649493574615367,1,0,2,5,2,59,4.0943445622221,0,2,4,3,9,514,6.244166900663736,1,1,4,3,4,26,3.295836866004329,1,2,1,5,6,1,0,782757.0
11,2.4849066497880004,0,2,1,4,1,20,3.044522437723423,1,2,0,6,0,423,6.049733455231958,0,0,3,3,3,2,1.0986122886681098,1,2,2,2,2,1,1,4281.0
11,2.4849066497880004,0,2,1,4,1,37,3.6375861597263857,0,1,2,2,7,28,3.367295829986474,1,1,3,0,8,35,3.58351893845611,0,2,0,0,5,1,0,4518.0
3,1.3862943611198906,0,0,3,3,3,10,2.3978952727983707,1,1,0,3,0,37,3.6375861597263857,0,1,2,2,7,5,1.791759469228055,0,2,0,5,5,1,1,93.0
12,2.5649493574615367,1,0,2,5,2,5,1.791759469228055,0,2,0,5,5,223,5.4116460518550396,0,1,3,6,3,3,1.3862943611198906,0,0,3,3,3,1,1,3776.0
7,2.0794415416798357,0,1,2,0,7,12,2.5649493574615367,1,0,2,5,2,501,6.218600119691729,0,0,1,4,1,9,2.302585092994046,0,0,4,2,9,1,0,535.0
11,2.4849066497880004,0,2,1,4,1,47,3.871201010907891,0,2,2,5,7,307,5.730099782973574,0,1,2,6,7,24,3.2188758248682006,1,0,4,3,4,1,0,170381.0
12,2.5649493574615367,1,0,2,5,2,57,4.060443010546419,0,0,2,1,7,573,6.352629396319567,0,0,3,6,3,7,2.0794415416798357,0,1,2,0,7,1,0,20656.0
10,2.3978952727983707,1,1,0,3,0,51,3.9512437185814275,0,0,1,2,1,60,4.110873864173311,1,0,0,4,0,27,3.332204510175204,0,0,2,6,7,1,1,432.0
5,1.791759469228055,0,2,0,5,5,9,2.302585092994046,0,0,4,2,9,400,5.993961427306569,1,1,0,1,0,7,2.0794415416798357,0,1,2,0,7,1,1,9214.0
7,2.0794415416798357,0,1,2,0,7,38,3.6635616461296463,1,2,3,3,8,357,5.8805329864007,0,0,2,0,7,30,3.4339872044851463,1,0,0,2,0,1,1,34121.0
12,2.5649493574615367,1,0,2,5,2,16,2.833213344056216,1,1,1,2,6,510,6.236369590203704,1,0,0,6,0,9,2.302585092994046,0,0,4,2,9,1,0,76117.0
4,1.6094379124341003,1,1,4,4,4,55,4.02535169073515,0,1,0,6,5,287,5.662960480135946,0,2,2,0,7,15,2.772588722239781,0,0,0,1,5,1,0,288.0
8,2.1972245773362196,1,2,3,1,8,17,2.8903717578961645,0,2,2,3,7,361,5.8916442118257715,0,1,1,4,1,16,2.833213344056216,1,1,1,2,6,1,1,101657.0
4,1.6094379124341003,1,1,4,4,4,7,2.0794415416798357,0,1,2,0,7,239,5.480638923341991,0,2,4,1,9,2,1.0986122886681098,1,2,2,2,2,1,1,107.0
5,1.791759469228055,0,2,0,5,5,56,4.04305126783455,1,2,1,0,6,141,4.955827057601261,0,0,1,1,1,22,3.1354942159291497,1,1,2,1,2,1,0,179.0
12,2.5649493574615367,1,0,2,5,2,48,3.8918202981106265,1,0,3,6,8,385,5.955837369464831,0,1,0,0,5,19,2.995732273553991,0,1,4,5,9,1,1,7228.0
11,2.4849066497880004,0,2,1,4,1,12,2.5649493574615367,1,0,2,5,2,557,6.324358962381311,0,2,2,4,7,1,0.6931471805599453,0,1,1,1,1,1,3,1747.0
6,1.9459101490553132,1,0,1,6,6,18,2.9444389791664403,1,0,3,4,8,212,5.3612921657094255,1,2,2,2,2,10,2.3978952727983707,1,1,0,3,0,2,1,1955.0
12,2.5649493574615367,1,0,2,5,2,44,3.8066624897703196,1,2,4,2,4,77,4.356708826689592,0,2,2,0,7,18,2.9444389791664403,1,0,3,4,8,1,0,1007.0
7,2.0794415416798357,0,1,2,0,7,22,3.1354942159291497,1,1,2,1,2,40,3.713572066704308,1,1,0,5,0,7,2.0794415416798357,0,1,2,0,7,1,1,1741.0
10,2.3978952727983707,1,1,0,3,0,35,3.58351893845611,0,2,0,0,5,163,5.099866427824199,0,1,3,2,3,16,2.833213344056216,1,1,1,2,6,1,0,9773.0
3,1.3862943611198906,0,0,3,3,3,13,2.6390573296152584,0,1,3,6,3,445,6.100318952020064,0,1,0,4,5,4,1.6094379124341003,1,1,4,4,4,1,0,12367.0
11,2.4849066497880004,0,2,1,4,1,48,3.8918202981106265,1,0,3,6,8,120,4.795790545596741,1,0,0,1,0,30,3.4339872044851463,1,0,0,2,0,1,1,5335.0
4,1.6094379124341003,1,1,4,4,4,17,2.8903717578961645,0,2,2,3,7,34,3.5553480614894135,1,1,4,6,4,13,2.6390573296152584,0,1,3,6,3,1,1,1168.0
7,2.0794415416798357,0,1,2,0,7,42,3.7612001156935624,1,0,2,0,2,38,3.6635616461296463,1,2,3,3,8,36,3.6109179126442243,1,0,1,1,6,1,1,222.0
7,2.0794415416798357,0,1,2,0,7,37,3.6375861597263857,0,1,2,2,7,669,6.507277712385012,0,0,4,4,9,1,0.6931471805599453,0,1,1,1,1,1,3,12470.0
3,1.3862943611198906,0,0,3,3,3,19,2.995732273553991,0,1,4,5,9,167,5.123963979403259,0,2,2,6,7,6,1.9459101490553132,1,0,1,6,6,1,1,9827.0
9,2.302585092994046,0,0,4,2,9,12,2.5649493574615367,1,0,2,5,2,325,5.786897381366708,0,1,0,3,5,11,2.4849066497880004,0,2,1,4,1,1,0,3765.0
3,1.3862943611198906,0,0,3,3,3,17,2.8903717578961645,0,2,2,3,7,103,4.6443908991413725,0,1,3,5,3,13,2.6390573296152584,0,1,3,6,3,1,0,344.0
6,1.9459101490553132,1,0,1,6,6,38,3.6635616461296463,1,2,3,3,8,169,5.135798437050262,0,1,4,1,9,16,2.833213344056216,1,1,1,2,6,1,0,50801.0
8,2.1972245773362196,1,2,3,1,8,41,3.7376696182833684,0,2,1,6,1,471,6.156978985585555,0,0,1,2,1,17,2.8903717578961645,0,2,2,3,7,1,0,330414.0
3,1.3862943611198906,0,0,3,3,3,52,3.970291913552122,1,1,2,3,2,447,6.104793232414985,0,0,2,6,7,18,2.9444389791664403,1,0,3,4,8,1,2,105877.0
12,2.5649493574615367,1,0,2,5,2,6,1.9459101490553132,1,0,1,6,6,429,6.063785208687608,0,0,4,2,9,3,1.3862943611198906,0,0,3,3,3,3,4,1454.0
12,2.5649493574615367,1,0,2,5,2,32,3.4965075614664802,1,2,2,4,2,439,6.0867747269123065,0,1,4,5,9,14,2.70805020110221,1,2,4,0,4,1,0,49269.0
7,2.0794415416798357,0,1,2,0,7,41,3.7376696182833684,0,2,1,6,1,194,5.272999558563747,1,2,4,5,4,2,1.0986122886681098,1,2,2,2,2,1,1,7737.0
11,2.4849066497880004,0,2,1,4,1,10,2.3978952727983707,1,1,0,3,0,246,5.5093883366279774,1,0,1,1,6,5,1.791759469228055,0,2,0,5,5,1,1,103.0
10,2.3978952727983707,1,1,0,3,0,15,2.772588722239781,0,0,0,1,5,88,4.48863636973214,1,1,3,4,8,2,1.0986122886681098,1,2,2,2,2,1,2,61.0
7,2.0794415416798357,0,1,2,0,7,57,4.060443010546419,0,0,2,1,7,96,4.574710978503383,1,0,1,5,6,44,3.8066624897703196,1,2,4,2,4,1,0,5975.0
4,1.6094379124341003,1,1,4,4,4,17,2.8903717578961645,0,2,2,3,7,371,5.918893854273146,0,2,1,0,1,15,2.772588722239781,0,0,0,1,5,1,0,33028.0
3,1.3862943611198906,0,0,3,3,3,53,3.9889840465642745,0,2,3,4,3,135,4.912654885736052,0,0,0,2,5,23,3.1780538303479458,0,2,3,2,3,1,1,13657.0
3,1.3862943611198906,0,0,3,3,3,30,3.4339872044851463,1,0,0,2,0,392,5.973809611869261,1,2,2,0,2,13,2.6390573296152584,0,1,3,6,3,1,1,156733.0
9,2.302585092994046,0,0,4,2,9,38,3.6635616461296463,1,2,3,3,8,194,5.272999558563747,1,2,4,5,4,29,3.4011973816621555,0,2,4,1,9,1,0,209163.0
3,1.3862943611198906,0,0,3,3,3,14,2.70805020110221,1,2,4,0,4,375,5.929589143389895,0,0,0,4,5,13,2.6390573296152584,0,1,3,6,3,1,1,36269.0
5,1.791759469228055,0,2,0,5,5,22,3.1354942159291497,1,1,2,1,2,397,5.986452005284438,0,1,2,5,7,12,2.5649493574615367,1,0,2,5,2,1,0,1229.0
11,2.4849066497880004,0,2,1,4,1,20,3.044522437723423,1,2,0,6,0,378,5.937536205082426,1,0,3,0,8,15,2.772588722239781,0,0,0,1,5,1,0,23111.0
4,1.6094379124341003,1,1,4,4,4,48,3.8918202981106265,1,0,3,6,8,374,5.926926025970411,1,2,4,3,4,15,2.772588722239781,0,0,0,1,5,1,1,90617.0
3,1.3862943611198906,0,0,3,3,3,5,1.791759469228055,0,2,0,5,5,121,4.804021044733257,0,1,1,2,1,1,0.6931471805599453,0,1,1,1,1,1,3,70.0
9,2.302585092994046,0,0,4,2,9,24,3.2188758248682006,1,0,4,3,4,53,3.9889840465642745,0,2,3,4,3,9,2.302585092994046,0,0,4,2,9,1,1,815.0
10,2.3978952727983707,1,1,0,3,0,58,4.07753744390572,1,1,3,2,8,170,5.14166355650266,1,2,0,2,0,24,3.2188758248682006,1,0,4,3,4,2,1,37709.0
8,2.1972245773362196,1,2,3,1,8,44,3.8066624897703196,1,2,4,2,4,442,6.093569770045136,1,1,2,1,2,19,2.995732273553991,0,1,4,5,9,1,0,52985.0
10,2.3978952727983707,1,1,0,3,0,46,3.8501476017100584,1,1,1,4,6,435,6.077642243349034,0,0,0,1,5,10,2.3978952727983707,1,1,0,3,0,1,1,99713.0
5,1.791759469228055,0,2,0,5,5,33,3.5263605246161616,0,0,3,5,3,154,5.043425116919247,1,1,4,0,4,15,2.772588722239781,0,0,0,1,5,1,1,25306.0
12,2.5649493574615367,1,0,2,5,2,50,3.9318256327243257,1,2,0,1,0,286,5.659482215759621,1,1,1,6,6,29,3.4011973816621555,0,2,4,1,9,1,0,81003.0
5,1.791759469228055,0,2,0,5,5,42,3.7612001156935624,1,0,2,0,2,154,5.043425116919247,1,1,4,0,4,32,3.4965075614664802,1,2,2,4,2,1,0,8541.0
3,1.3862943611198906,0,0,3,3,3,41,3.7376696182833684,0,2,1,6,1,63,4.1588830833596715,0,0,3,0,3,13,2.6390573296152584,0,1,3,6,3,1,1,8176.0
11,2.4849066497880004,0,2,1,4,1,11,2.4849066497880004,0,2,1,4,1,437,6.082218910376446,0,2,2,3,7,4,1.6094379124341003,1,1,4,4,4,1,1,10189.0
4,1.6094379124341003,1,1,4,4,4,19,2.995732273553991,0,1,4,5,9,223,5.4116460518550396,0,1,3,6,3,9,2.302585092994046,0,0,4,2,9,1,0,13130.0
11,2.4849066497880004,0,2,1,4,1,34,3.5553480614894135,1,1,4,6,4,264,5.579729825986222,1,0,4,5,4,13,2.6390573296152584,0,1,3,6,3,1,1,114905.0
7,2.0794415416798357,0,1,2,0,7,48,3.8918202981106265,1,0,3,6,8,197,5.288267030694535,0,2,2,1,7,43,3.784189633918261,0,1,3,1,3,1,0,20015.0
11,2.4849066497880004,0,2,1,4,1,23,3.1780538303479458,0,2,3,2,3,234,5.459585514144159,1,0,4,3,4,17,2.8903717578961645,0,2,2,3,7,1,0,90924.0
5,1.791759469228055,0,2,0,5,5,14,2.70805020110221,1,2,4,0,4,185,5.225746673713202,0,2,0,3,5,3,1.3862943611198906,0,0,3,3,3,1,1,1007.0
3,1.3862943611198906,0,0,3,3,3,53,3.9889840465642745,0,2,3,4,3,93,4.543294782270004,0,0,3,2,3,11,2.4849066497880004,0,2,1,4,1,1,1,8896.0
5,1.791759469228055,0,2,0,5,5,55,4.02535169073515,0,1,0,6,5,42,3.7612001156935624,1,0,2,0,2,8,2.1972245773362196,1,2,3,1,8,1,1,4097.0
6,1.9459101490553132,1,0,1,6,6,20,3.044522437723423,1,2,0,6,0,174,5.1647859739235145,1,0,4,6,4,14,2.70805020110221,1,2,4,0,4,2,1,8227.0
3,1.3862943611198906,0,0,3,3,3,11,2.4849066497880004,0,2,1,4,1,110,4.709530201312334,1,2,0,5,0,5,1.791759469228055,0,2,0,5,5,1,2,6408.0
5,1.791759469228055,0,2,0,5,5,11,2.4849066497880004,0,2,1,4,1,360,5.8888779583328805,1,0,0,3,0,1,0.6931471805599453,0,1,1,1,1,1,4,844.0
6,1.9459101490553132,1,0,1,6,6,28,3.367295829986474,1,1,3,0,8,209,5.3471075307174685,0,2,4,6,9,13,2.6390573296152584,0,1,3,6,3,1,0,19114.0
12,2.5649493574615367,1,0,2,5,2,20,3.044522437723423,1,2,0,6,0,433,6.073044534100405,0,1,3,6,3,14,2.70805020110221,1,2,4,0,4,1,0,30927.0
4,1.6094379124341003,1,1,4,4,4,42,3.7612001156935624,1,0,2,0,2,409,6.016157159698354,0,1,4,3,9,3,1.3862943611198906,0,0,3,3,3,1,1,2896.0
6,1.9459101490553132,1,0,1,6,6,39,3.6888794541139363,0,0,4,4,9,228,5.43372200355424,1,0,3,4,8,19,2.995732273553991,0,1,4,5,9,1,2,84310.0
8,2.1972245773362196,1,2,3,1,8,24,3.2188758248682006,1,0,4,3,4,55,4.02535169073515,0,1,0,6,5,9,2.302585092994046,0,0,4,2,9,1,1,1745.0
10,2.3978952727983707,1,1,0,3,0,59,4.0943445622221,0,2,4,3,9,416,6.0330862217988015,1,2,1,3,6,37,3.6375861597263857,0,1,2,2,7,1,0,450561.0
9,2.302585092994046,0,0,4,2,9,6,1.9459101490553132,1,0,1,6,6,530,6.274762021241939,1,2,0,5,0,1,0.6931471805599453,0,1,1,1,1,1,3,3607.0
8,2.1972245773362196,1,2,3,1,8,23,3.1780538303479458,0,2,3,2,3,62,4.143134726391533,1,2,2,6,2,7,2.0794415416798357,0,1,2,0,7,1,0,640.0
10,2.3978952727983707,1,1,0,3,0,57,4.060443010546419,0,0,2,1,7,49,3.912023005428146,0,1,4,0,9,41,3.7376696182833684,0,2,1,6,1,1,0,30866.0
6,1.9459101490553132,1,0,1,6,6,34,3.5553480614894135,1,1,4,6,4,420,6.042632833682381,1,0,0,0,0,16,2.833213344056216,1,1,1,2,6,2,1,12875.0
7,2.0794415416798357,0,1,2,0,7,52,3.970291913552122,1,1,2,3,2,495,6.206575926724928,0,0,0,5,5,4,1.6094379124341003,1,1,4,4,4,1,1,62.0
9,2.302585092994046,0,0,4,2,9,6,1.9459101490553132,1,0,1,6,6,459,6.131226489483141,0,0,4,4,9,2,1.0986122886681098,1,2,2,2,2,1,2,1567.0
12,2.5649493574615367,1,0,2,5,2,50,3.9318256327243257,1,2,0,1,0,95,4.564348191467836,0,2,0,4,5,23,3.1780538303479458,0,2,3,2,3,1,0,48531.0
6,1.9459101490553132,1,0,1,6,6,13,2.6390573296152584,0,1,3,6,3,185,5.225746673713202,0,2,0,3,5,8,2.1972245773362196,1,2,3,1,8,1,0,20023.0
10,2.3978952727983707,1,1,0,3,0,18,2.9444389791664403,1,0,3,4,8,131,4.882801922586371,0,2,1,5,1,17,2.8903717578961645,0,2,2,3,7,1,0,19537.0
4,1.6094379124341003,1,1,4,4,4,21,3.091042453358316,0,0,1,0,1,156,5.056245805348308,1,0,1,2,6,13,2.6390573296152584,0,1,3,6,3,1,2,5431.0
8,2.1972245773362196,1,2,3,1,8,15,2.772588722239781,0,0,0,1,5,413,6.025865973825314,0,2,3,0,3,14,2.70805020110221,1,2,4,0,4,1,0,12959.0
12,2.5649493574615367,1,0,2,5,2,37,3.6375861597263857,0,1,2,2,7,167,5.123963979403259,0,2,2,6,7,6,1.9459101490553132,1,0,1,6,6,1,1,1129.0
12,2.5649493574615367,1,0,2,5,2,50,3.9318256327243257,1,2,0,1,0,354,5.872117789475416,1,0,4,4,4,4,1.6094379124341003,1,1,4,4,4,2,1,34631.0
3,1.3862943611198906,0,0,3,3,3,18,2.9444389791664403,1,0,3,4,8,357,5.8805329864007,0,0,2,0,7,13,2.6390573296152584,0,1,3,6,3,1,2,21857.0
10,2.3978952727983707,1,1,0,3,0,20,3.044522437723423,1,2,0,6,0,162,5.093750200806762,1,0,2,1,2,13,2.6390573296152584,0,1,3,6,3,1,1,41433.0
12,2.5649493574615367,1,0,2,5,2,58,4.07753744390572,1,1,3,2,8,624,6.437751649736401,1,0,4,1,4,3,1.3862943611198906,0,0,3,3,3,1,3,107719.0
4,1.6094379124341003,1,1,4,4,4,20,3.044522437723423,1,2,0,6,0,266,5.58724865840025,1,2,1,0,6,11,2.4849066497880004,0,2,1,4,1,1,1,12099.0
6,1.9459101490553132,1,0,1,6,6,23,3.1780538303479458,0,2,3,2,3,182,5.209486152841421,1,2,2,0,2,8,2.1972245773362196,1,2,3,1,8,1,0,33717.0
10,2.3978952727983707,1,1,0,3,0,31,3.4657359027997265,0,1,1,3,1,491,6.198478716492308,0,2,1,1,1,27,3.332204510175204,0,0,2,6,7,1,0,46172.0
9,2.302585092994046,0,0,4,2,9,40,3.713572066704308,1,1,0,5,0,335,5.817111159963204,0,2,0,6,5,35,3.58351893845611,0,2,0,0,5,1,0,46777.0
10,2.3978952727983707,1,1,0,3,0,27,3.332204510175204,0,0,2,6,7,199,5.298317366548036,0,1,4,3,9,16,2.833213344056216,1,1,1,2,6,1,0,9397.0
3,1.3862943611198906,0,0,3,3,3,29,3.4011973816621555,0,2,4,1,9,44,3.8066624897703196,1,2,4,2,4,16,2.833213344056216,1,1,1,2,6,1,0,9827.0
3,1.3862943611198906,0,0,3,3,3,44,3.8066624897703196,1,2,4,2,4,23,3.1780538303479458,0,2,3,2,3,29,3.4011973816621555,0,2,4,1,9,1,0,237.0
10,2.3978952727983707,1,1,0,3,0,38,3.6635616461296463,1,2,3,3,8,319,5.768320995793772,0,1,4,4,9,18,2.9444389791664403,1,0,3,4,8,1,0,12041.0
9,2.302585092994046,0,0,4,2,9,19,2.995732273553991,0,1,4,5,9,468,6.150602768446279,1,0,3,6,8,2,1.0986122886681098,1,2,2,2,2,1,2,536.0
4,1.6094379124341003,1,1,4,4,4,24,3.2188758248682006,1,0,4,3,4,154,5.043425116919247,1,1,4,0,4,22,3.1354942159291497,1,1,2,1,2,2,2,4583.0
9,2.302585092994046,0,0,4,2,9,7,2.0794415416798357,0,1,2,0,7,348,5.855071922202427,1,0,3,5,8,6,1.9459101490553132,1,0,1,6,6,1,1,8132.0
10,2.3978952727983707,1,1,0,3,0,53,3.9889840465642745,0,2,3,4,3,481,6.1779441140506,0,1,1,5,1,25,3.258096538021482,0,1,0,4,5,1,0,211866.0
4,1.6094379124341003,1,1,4,4,4,5,1.791759469228055,0,2,0,5,5,27,3.332204510175204,0,0,2,6,7,4,1.6094379124341003,1,1,4,4,4,1,1,549.0
7,2.0794415416798357,0,1,2,0,7,16,2.833213344056216,1,1,1,2,6,442,6.093569770045136,1,1,2,1,2,14,2.70805020110221,1,2,4,0,4,1,1,17253.0
9,2.302585092994046,0,0,4,2,9,9,2.302585092994046,0,0,4,2,9,469,6.152732694704104,0,1,4,0,9,3,1.3862943611198906,0,0,3,3,3,1,3,382.0
10,2.3978952727983707,1,1,0,3,0,21,3.091042453358316,0,0,1,0,1,110,4.709530201312334,1,2,0,5,0,12,2.5649493574615367,1,0,2,5,2,1,1,8773.0
6,1.9459101490553132,1,0,1,6,6,59,4.0943445622221,0,2,4,3,9,383,5.950642552587727,0,2,3,5,3,17,2.8903717578961645,0,2,2,3,7,1,0,384330.0
3,1.3862943611198906,0,0,3,3,3,32,3.4965075614664802,1,2,2,4,2,355,5.87493073085203,0,1,0,5,5,1,0.6931471805599453,0,1,1,1,1,1,3,5777.0
6,1.9459101490553132,1,0,1,6,6,12,2.5649493574615367,1,0,2,5,2,467,6.148468295917647,0,2,2,5,7,1,0.6931471805599453,0,1,1,1,1,1,4,2969.0
4,1.6094379124341003,1,1,4,4,4,59,4.0943445622221,0,2,4,3,9,111,4.718498871295094,0,0,1,6,1,54,4.007333185232471,1,0,4,5,4,1,0,115555.0
8,2.1972245773362196,1,2,3,1,8,22,3.1354942159291497,1,1,2,1,2,83,4.430816798843313,0,2,3,6,3,21,3.091042453358316,0,0,1,0,1,1,0,2587.0
11,2.4849066497880004,0,2,1,4,1,27,3.332204510175204,0,0,2,6,7,266,5.58724865840025,1,2,1,0,6,21,3.091042453358316,0,0,1,0,1,1,0,9992.0
4,1.6094379124341003,1,1,4,4,4,14,2.70805020110221,1,2,4,0,4,72,4.290459441148391,1,0,2,2,2,7,2.0794415416798357,0,1,2,0,7,1,2,1017.0
12,2.5649493574615367,1,0,2,5,2,44,3.8066624897703196,1,2,4,2,4,62,4.143134726391533,1,2,2,6,2,19,2.995732273553991,0,1,4,5,9,1,0,1699.0
7,2.0794415416798357,0,1,2,0,7,24,3.2188758248682006,1,0,4,3,4,617,6.42648845745769,0,2,2,1,7,1,0.6931471805599453,0,1,1,1,1,1,3,1889.0
8,2.1972245773362196,1,2,3,1,8,11,2.4849066497880004,0,2,1,4,1,42,3.7612001156935624,1,0,2,0,2,8,2.1972245773362196,1,2,3,1,8,1,1,3243.0
5,1.791759469228055,0,2,0,5,5,23,3.1780538303479458,0,2,3,2,3,158,5.0689042022202315,1,2,3,4,8,22,3.1354942159291497,1,1,2,1,2,1,0,40390.0
7,2.0794415416798357,0,1,2,0,7,42,3.7612001156935624,1,0,2,0,2,415,6.030685260261263,0,1,0,2,5,21,3.091042453358316,0,0,1,0,1,1,3,2923.0
7,2.0794415416798357,0,1,2,0,7,48,3.8918202981106265,1,0,3,6,8,310,5.739792912179234,1,1,0,2,0,11,2.4849066497880004,0,2,1,4,1,1,0,54365.0
5,1.791759469228055,0,2,0,5,5,30,3.4339872044851463,1,0,0,2,0,102,4.634728988229636,1,0,2,4,2,7,2.0794415416798357,0,1,2,0,7,1,1,20957.0
5,1.791759469228055,0,2,0,5,5,54,4.007333185232471,1,0,4,5,4,262,5.572154032177765,1,1,2,3,2,41,3.7376696182833684,0,2,1,6,1,1,0,64387.0
6,1.9459101490553132,1,0,1,6,6,42,3.7612001156935624,1,0,2,0,2,442,6.093569770045136,1,1,2,1,2,3,1.3862943611198906,0,0,3,3,3,1,3,2669.0
3,1.3862943611198906,0,0,3,3,3,60,4.110873864173311,1,0,0,4,0,159,5.075173815233827,0,0,4,5,9,56,4.04305126783455,1,2,1,0,6,1,2,66611.0
3,1.3862943611198906,0,0,3,3,3,36,3.6109179126442243,1,0,1,1,6,388,5.963579343618446,1,1,3,3,8,24,3.2188758248682006,1,0,4,3,4,1,2,1187.0
5,1.791759469228055,0,2,0,5,5,29,3.4011973816621555,0,2,4,1,9,175,5.170483995038151,0,1,0,0,5,16,2.833213344056216,1,1,1,2,6,1,1,703.0
10,2.3978952727983707,1,1,0,3,0,38,3.6635616461296463,1,2,3,3,8,414,6.028278520230698,1,0,4,1,4,14,2.70805020110221,1,2,4,0,4,2,0,13773.0
9,2.302585092994046,0,0,4,2,9,18,2.9444389791664403,1,0,3,4,8,260,5.564520407322694,1,2,0,1,0,14,2.70805020110221,1,2,4,0,4,1,1,33367.0
10,2.3978952727983707,1,1,0,3,0,48,3.8918202981106265,1,0,3,6,8,126,4.844187086458591,1,0,1,0,6,23,3.1780538303479458,0,2,3,2,3,1,0,130507.0
12,2.5649493574615367,1,0,2,5,2,55,4.02535169073515,0,1,0,6,5,166,5.117993812416755,1,1,1,5,6,18,2.9444389791664403,1,0,3,4,8,1,0,2815.0
7,2.0794415416798357,0,1,2,0,7,20,3.044522437723423,1,2,0,6,0,549,6.309918278226516,0,0,4,3,9,1,0.6931471805599453,0,1,1,1,1,1,3,2817.0
10,2.3978952727983707,1,1,0,3,0,44,3.8066624897703196,1,2,4,2,4,28,3.367295829986474,1,1,3,0,8,35,3.58351893845611,0,2,0,0,5,1,0,3141.0
5,1.791759469228055,0,2,0,5,5,28,3.367295829986474,1,1,3,0,8,306,5.726847747587197,1,0,1,5,6,3,1.3862943611198906,0,0,3,3,3,1,1,26087.0
6,1.9459101490553132,1,0,1,6,6,39,3.6888794541139363,0,0,4,4,9,447,6.104793232414985,0,0,2,6,7,36,3.6109179126442243,1,0,1,1,6,3,1,211675.0
4,1.6094379124341003,1,1,4,4,4,36,3.6109179126442243,1,0,1,1,6,424,6.052089168924417,1,1,4,4,4,28,3.367295829986474,1,1,3,0,8,4,3,6043.0
8,2.1972245773362196,1,2,3,1,8,37,3.6375861597263857,0,1,2,2,7,389,5.966146739123692,0,2,4,4,9,28,3.367295829986474,1,1,3,0,8,1,0,19301.0
3,1.3862943611198906,0,0,3,3,3,57,4.060443010546419,0,0,2,1,7,40,3.713572066704308,1,1,0,5,0,32,3.4965075614664802,1,2,2,4,2,1,1,11437.0
8,2.1972245773362196,1,2,3,1,8,22,3.1354942159291497,1,1,2,1,2,190,5.25227342804663,1,1,0,1,0,15,2.772588722239781,0,0,0,1,5,1,0,8963.0
10,2.3978952727983707,1,1,0,3,0,17,2.8903717578961645,0,2,2,3,7,267,5.5909869805108565,0,0,2,1,7,8,2.1972245773362196,1,2,3,1,8,1,0,36927.0
11,2.4849066497880004,0,2,1,4,1,15,2.772588722239781,0,0,0,1,5,273,5.6131281063880705,0,0,3,0,3,13,2.6390573296152584,0,1,3,6,3,1,1,27238.0
8,2.1972245773362196,1,2,3,1,8,36,3.6109179126442243,1,0,1,1,6,494,6.20455776256869,1,2,4,4,4,9,2.302585092994046,0,0,4,2,9,1,1,5987.0
11,2.4849066497880004,0,2,1,4,1,49,3.912023005428146,0,1,4,0,9,293,5.683579767338681,0,2,3,6,3,24,3.2188758248682006,1,0,4,3,4,1,0,169075.0
3,1.3862943611198906,0,0,3,3,3,30,3.4339872044851463,1,0,0,2,0,490,6.19644412779452,1,1,0,0,0,13,2.6390573296152584,0,1,3,6,3,1,1,65409.0
10,2.3978952727983707,1,1,0,3,0,51,3.9512437185814275,0,0,1,2,1,184,5.220355825078324,1,1,4,2,4,22,3.1354942159291497,1,1,2,1,2,1,0,2285.0
9,2.302585092994046,0,0,4,2,9,15,2.772588722239781,0,0,0,1,5,178,5.187385805840755,1,1,3,3,8,4,1.6094379124341003,1,1,4,4,4,1,0,894.0
11,2.4849066497880004,0,2,1,4,1,25,3.258096538021482,0,1,0,4,5,126,4.844187086458591,1,0,1,0,6,20,3.044522437723423,1,2,0,6,0,1,0,239.0
8,2.1972245773362196,1,2,3,1,8,6,1.9459101490553132,1,0,1,6,6,33,3.5263605246161616,0,0,3,5,3,5,1.791759469228055,0,2,0,5,5,1,0,434.0
6,1.9459101490553132,1,0,1,6,6,34,3.5553480614894135,1,1,4,6,4,132,4.890349128221754,1,0,2,6,2,4,1.6094379124341003,1,1,4,4,4,2,2,2915.0
6,1.9459101490553132,1,0,1,6,6,6,1.9459101490553132,1,0,1,6,6,159,5.075173815233827,0,0,4,5,9,5,1.791759469228055,0,2,0,5,5,1,1,535.0
12,2.5649493574615367,1,0,2,5,2,54,4.007333185232471,1,0,4,5,4,579,6.363028103540465,0,0,4,5,9,6,1.9459101490553132,1,0,1,6,6,3,2,31097.0
6,1.9459101490553132,1,0,1,6,6,10,2.3978952727983707,1,1,0,3,0,66,4.204692619390966,1,0,1,3,6,8,2.1972245773362196,1,2,3,1,8,2,1,527.0
3,1.3862943611198906,0,0,3,3,3,24,3.2188758248682006,1,0,4,3,4,301,5.71042701737487,0,1,1,0,1,22,3.1354942159291497,1,1,2,1,2,1,1,6829.0
9,2.302585092994046,0,0,4,2,9,60,4.110873864173311,1,0,0,4,0,380,5.942799375126701,1,2,0,2,0,35,3.58351893845611,0,2,0,0,5,1,0,158377.0
10,2.3978952727983707,1,1,0,3,0,31,3.4657359027997265,0,1,1,3,1,208,5.342334251964811,1,1,3,5,8,21,3.091042453358316,0,0,1,0,1,1,0,7387.0
9,2.302585092994046,0,0,4,2,9,40,3.713572066704308,1,1,0,5,0,126,4.844187086458591,1,0,1,0,6,16,2.833213344056216,1,1,1,2,6,1,1,319.0
5,1.791759469228055,0,2,0,5,5,8,2.1972245773362196,1,2,3,1,8,120,4.795790545596741,1,0,0,1,0,1,0.6931471805599453,0,1,1,1,1,1,5,1007.0
9,2.302585092994046,0,0,4,2,9,5,1.791759469228055,0,2,0,5,5,274,5.616771097666572,1,1,4,1,4,4,1.6094379124341003,1,1,4,4,4,1,0,1588.0
10,2.3978952727983707,1,1,0,3,0,23,3.1780538303479458,0,2,3,2,3,468,6.150602768446279,1,0,3,6,8,2,1.0986122886681098,1,2,2,2,2,1,2,21795.0
5,1.791759469228055,0,2,0,5,5,22,3.1354942159291497,1,1,2,1,2,76,4.343805421853684,1,1,1,6,6,9,2.302585092994046,0,0,4,2,9,1,0,14645.0
8,2.1972245773362196,1,2,3,1,8,39,3.6888794541139363,0,0,4,4,9,78,4.3694478524670215,1,0,3,1,8,4,1.6094379124341003,1,1,4,4,4,1,2,313.0
8,2.1972245773362196,1,2,3,1,8,24,3.2188758248682006,1,0,4,3,4,75,4.330733340286331,0,0,0,5,5,21,3.091042453358316,0,0,1,0,1,1,1,279.0
10,2.3978952727983707,1,1,0,3,0,47,3.871201010907891,0,2,2,5,7,131,4.882801922586371,0,2,1,5,1,8,2.1972245773362196,1,2,3,1,8,1,0,46113.0
3,1.3862943611198906,0,0,3,3,3,51,3.9512437185814275,0,0,1,2,1,197,5.288267030694535,0,2,2,1,7,22,3.1354942159291497,1,1,2,1,2,1,1,110939.0
11,2.4849066497880004,0,2,1,4,1,27,3.332204510175204,0,0,2,6,7,108,4.6913478822291435,1,0,3,3,8,12,2.5649493574615367,1,0,2,5,2,1,2,5407.0
10,2.3978952727983707,1,1,0,3,0,22,3.1354942159291497,1,1,2,1,2,121,4.804021044733257,0,1,1,2,1,4,1.6094379124341003,1,1,4,4,4,1,0,1675.0
12,2.5649493574615367,1,0,2,5,2,11,2.4849066497880004,0,2,1,4,1,409,6.016157159698354,0,1,4,3,9,10,2.3978952727983707,1,1,0,3,0,1,0,47629.0
11,2.4849066497880004,0,2,1,4,1,25,3.258096538021482,0,1,0,4,5,89,4.499809670330265,0,2,4,5,9,16,2.833213344056216,1,1,1,2,6,1,0,5393.0
8,2.1972245773362196,1,2,3,1,8,28,3.367295829986474,1,1,3,0,8,406,6.008813185442595,1,1,1,0,6,14,2.70805020110221,1,2,4,0,4,2,2,11535.0
4,1.6094379124341003,1,1,4,4,4,8,2.1972245773362196,1,2,3,1,8,184,5.220355825078324,1,1,4,2,4,3,1.3862943611198906,0,0,3,3,3,1,3,323.0
9,2.302585092994046,0,0,4,2,9,40,3.713572066704308,1,1,0,5,0,102,4.634728988229636,1,0,2,4,2,34,3.5553480614894135,1,1,4,6,4,1,1,21599.0
9,2.302585092994046,0,0,4,2,9,53,3.9889840465642745,0,2,3,4,3,393,5.976350909297934,0,0,3,1,3,19,2.995732273553991,0,1,4,5,9,1,0,24607.0
12,2.5649493574615367,1,0,2,5,2,43,3.784189633918261,0,1,3,1,3,145,4.983606621708336,0,1,0,5,5,15,2.772588722239781,0,0,0,1,5,1,0,12496.0
7,2.0794415416798357,0,1,2,0,7,51,3.9512437185814275,0,0,1,2,1,378,5.937536205082426,1,0,3,0,8,3,1.3862943611198906,0,0,3,3,3,1,3,19196.0
5,1.791759469228055,0,2,0,5,5,19,2.995732273553991,0,1,4,5,9,297,5.697093486505405,0,0,2,3,7,5,1.791759469228055,0,2,0,5,5,1,1,7286.0
3,1.3862943611198906,0,0,3,3,3,18,2.9444389791664403,1,0,3,4,8,396,5.983936280687191,1,0,1,4,6,6,1.9459101490553132,1,0,1,6,6,3,6,7463.0
5,1.791759469228055,0,2,0,5,5,40,3.713572066704308,1,1,0,5,0,456,6.124683390894205,1,0,1,1,6,38,3.6635616461296463,1,2,3,3,8,1,2,70265.0
10,2.3978952727983707,1,1,0,3,0,36,3.6109179126442243,1,0,1,1,6,405,6.0063531596017325,0,0,0,6,5,31,3.4657359027997265,0,1,1,3,1,1,0,22651.0
4,1.6094379124341003,1,1,4,4,4,47,3.871201010907891,0,2,2,5,7,357,5.8805329864007,0,0,2,0,7,35,3.58351893845611,0,2,0,0,5,1,0,593004.0
8,2.1972245773362196,1,2,3,1,8,23,3.1780538303479458,0,2,3,2,3,67,4.219507705176107,0,1,2,4,7,13,2.6390573296152584,0,1,3,6,3,1,0,18338.0
6,1.9459101490553132,1,0,1,6,6,21,3.091042453358316,0,0,1,0,1,291,5.676753802268282,0,0,1,4,1,16,2.833213344056216,1,1,1,2,6,1,0,20059.0
6,1.9459101490553132,1,0,1,6,6,5,1.791759469228055,0,2,0,5,5,215,5.375278407684165,0,2,0,5,5,4,1.6094379124341003,1,1,4,4,4,1,1,5011.0
4,1.6094379124341003,1,1,4,4,4,23,3.1780538303479458,0,2,3,2,3,205,5.327876168789581,0,1,0,2,5,20,3.044522437723423,1,2,0,6,0,1,1,32157.0
10,2.3978952727983707,1,1,0,3,0,40,3.713572066704308,1,1,0,5,0,269,5.598421958998375,0,2,4,3,9,13,2.6390573296152584,0,1,3,6,3,1,1,34451.0
7,2.0794415416798357,0,1,2,0,7,54,4.007333185232471,1,0,4,5,4,202,5.313205979041787,1,1,2,6,2,9,2.302585092994046,0,0,4,2,9,1,1,713.0
4,1.6094379124341003,1,1,4,4,4,38,3.6635616461296463,1,2,3,3,8,31,3.4657359027997265,0,1,1,3,1,19,2.995732273553991,0,1,4,5,9,1,1,175.0
7,2.0794415416798357,0,1,2,0,7,19,2.995732273553991,0,1,4,5,9,37,3.6375861597263857,0,1,2,2,7,17,2.8903717578961645,0,2,2,3,7,1,0,1698.0
9,2.302585092994046,0,0,4,2,9,60,4.110873864173311,1,0,0,4,0,118,4.77912349311153,1,1,3,6,8,32,3.4965075614664802,1,2,2,4,2,1,0,1107.0
8,2.1972245773362196,1,2,3,1,8,47,3.871201010907891,0,2,2,5,7,205,5.327876168789581,0,1,0,2,5,20,3.044522437723423,1,2,0,6,0,1,0,188931.0
8,2.1972245773362196,1,2,3,1,8,48,3.8918202981106265,1,0,3,6,8,36,3.6109179126442243,1,0,1,1,6,16,2.833213344056216,1,1,1,2,6,4,3,97.0
7,2.0794415416798357,0,1,2,0,7,17,2.8903717578961645,0,2,2,3,7,206,5.332718793265369,1,2,1,3,6,2,1.0986122886681098,1,2,2,2,2,1,1,3537.0
4,1.6094379124341003,1,1,4,4,4,44,3.8066624897703196,1,2,4,2,4,283,5.648974238161206,0,1,3,3,3,10,2.3978952727983707,1,1,0,3,0,1,1,5227.0
12,2.5649493574615367,1,0,2,5,2,37,3.6375861597263857,0,1,2,2,7,192,5.262690188904886,1,0,2,3,2,12,2.5649493574615367,1,0,2,5,2,1,3,16361.0
8,2.1972245773362196,1,2,3,1,8,58,4.07753744390572,1,1,3,2,8,59,4.0943445622221,0,2,4,3,9,18,2.9444389791664403,1,0,3,4,8,1,0,929.0
5,1.791759469228055,0,2,0,5,5,46,3.8501476017100584,1,1,1,4,6,223,5.4116460518550396,0,1,3,6,3,43,3.784189633918261,0,1,3,1,3,1,0,220283.0
7,2.0794415416798357,0,1,2,0,7,9,2.302585092994046,0,0,4,2,9,287,5.662960480135946,0,2,2,0,7,3,1.3862943611198906,0,0,3,3,3,1,2,697.0
11,2.4849066497880004,0,2,1,4,1,18,2.9444389791664403,1,0,3,4,8,166,5.117993812416755,1,1,1,5,6,5,1.791759469228055,0,2,0,5,5,1,0,973.0
10,2.3978952727983707,1,1,0,3,0,53,3.9889840465642745,0,2,3,4,3,192,5.262690188904886,1,0,2,3,2,30,3.4339872044851463,1,0,0,2,0,1,1,98211.0
8,2.1972245773362196,1,2,3,1,8,19,2.995732273553991,0,1,4,5,9,245,5.5053315359323625,0,2,0,0,5,8,2.1972245773362196,1,2,3,1,8,1,1,37843.0
12,2.5649493574615367,1,0,2,5,2,24,3.2188758248682006,1,0,4,3,4,276,5.6240175061873385,1,0,1,3,6,16,2.833213344056216,1,1,1,2,6,4,2,1199.0
7,2.0794415416798357,0,1,2,0,7,13,2.6390573296152584,0,1,3,6,3,315,5.755742213586912,0,0,0,0,5,1,0.6931471805599453,0,1,1,1,1,1,4,1060.0
4,1.6094379124341003,1,1,4,4,4,21,3.091042453358316,0,0,1,0,1,312,5.746203190540153,1,0,2,4,2,2,1.0986122886681098,1,2,2,2,2,1,3,13495.0
7,2.0794415416798357,0,1,2,0,7,45,3.828641396489095,0,0,0,3,5,220,5.3981627015177525,1,1,0,3,0,38,3.6635616461296463,1,2,3,3,8,1,0,62047.0
4,1.6094379124341003,1,1,4,4,4,53,3.9889840465642745,0,2,3,4,3,412,6.023447592961033,1,1,2,6,2,42,3.7612001156935624,1,0,2,0,2,1,1,308437.0
12,2.5649493574615367,1,0,2,5,2,45,3.828641396489095,0,0,0,3,5,291,5.676753802268282,0,0,1,4,1,38,3.6635616461296463,1,2,3,3,8,1,0,97523.0
6,1.9459101490553132,1,0,1,6,6,25,3.258096538021482,0,1,0,4,5,439,6.0867747269123065,0,1,4,5,9,16,2.833213344056216,1,1,1,2,6,1,0,180083.0
3,1.3862943611198906,0,0,3,3,3,29,3.4011973816621555,0,2,4,1,9,130,4.875197323201151,1,1,0,4,0,14,2.70805020110221,1,2,4,0,4,1,0,26655.0
7,2.0794415416798357,0,1,2,0,7,51,3.9512437185814275,0,0,1,2,1,475,6.16541785423142,0,1,0,6,5,34,3.5553480614894135,1,1,4,6,4,1,0,8111.0
7,2.0794415416798357,0,1,2,0,7,45,3.828641396489095,0,0,0,3,5,76,4.343805421853684,1,1,1,6,6,14,2.70805020110221,1,2,4,0,4,1,1,1475.0
12,2.5649493574615367,1,0,2,5,2,43,3.784189633918261,0,1,3,1,3,225,5.420534999272286,0,0,0,1,5,24,3.2188758248682006,1,0,4,3,4,1,1,224719.0
12,2.5649493574615367,1,0,2,5,2,48,3.8918202981106265,1,0,3,6,8,281,5.641907070938114,0,2,1,1,1,17,2.8903717578961645,0,2,2,3,7,1,1,27967.0
10,2.3978952727983707,1,1,0,3,0,32,3.4965075614664802,1,2,2,4,2,383,5.950642552587727,0,2,3,5,3,18,2.9444389791664403,1,0,3,4,8,1,0,6151.0
10,2.3978952727983707,1,1,0,3,0,24,3.2188758248682006,1,0,4,3,4,330,5.802118375377063,1,0,0,1,0,15,2.772588722239781,0,0,0,1,5,1,2,39973.0
4,1.6094379124341003,1,1,4,4,4,44,3.8066624897703196,1,2,4,2,4,279,5.634789603169249,0,0,4,6,9,19,2.995732273553991,0,1,4,5,9,1,1,4701.0
4,1.6094379124341003,1,1,4,4,4,51,3.9512437185814275,0,0,1,2,1,264,5.579729825986222,1,0,4,5,4,43,3.784189633918261,0,1,3,1,3,1,1,145334.0
5,1.791759469228055,0,2,0,5,5,38,3.6635616461296463,1,2,3,3,8,141,4.955827057601261,0,0,1,1,1,21,3.091042453358316,0,0,1,0,1,1,0,1637.0
12,2.5649493574615367,1,0,2,5,2,50,3.9318256327243257,1,2,0,1,0,457,6.126869184114185,0,1,2,2,7,3,1.3862943611198906,0,0,3,3,3,1,1,33784.0
8,2.1972245773362196,1,2,3,1,8,40,3.713572066704308,1,1,0,5,0,223,5.4116460518550396,0,1,3,6,3,2,1.0986122886681098,1,2,2,2,2,1,3,4341.0
7,2.0794415416798357,0,1,2,0,7,27,3.332204510175204,0,0,2,6,7,499,6.214608098422191,0,1,4,2,9,9,2.302585092994046,0,0,4,2,9,1,1,1147.0
7,2.0794415416798357,0,1,2,0,7,41,3.7376696182833684,0,2,1,6,1,193,5.267858159063328,0,1,3,4,3,23,3.1780538303479458,0,2,3,2,3,1,0,29928.0
9,2.302585092994046,0,0,4,2,9,5,1.791759469228055,0,2,0,5,5,502,6.220590170099739,1,1,2,5,2,3,1.3862943611198906,0,0,3,3,3,1,1,8858.0
12,2.5649493574615367,1,0,2,5,2,30,3.4339872044851463,1,0,0,2,0,379,5.940171252720432,0,1,4,1,9,3,1.3862943611198906,0,0,3,3,3,1,2,5639.0
9,2.302585092994046,0,0,4,2,9,42,3.7612001156935624,1,0,2,0,2,765,6.641182169740591,0,0,0,2,5,1,0.6931471805599453,0,1,1,1,1,1,4,8045.0
7,2.0794415416798357,0,1,2,0,7,31,3.4657359027997265,0,1,1,3,1,349,5.857933154483459,0,1,4,6,9,25,3.258096538021482,0,1,0,4,5,1,0,15198.0
10,2.3978952727983707,1,1,0,3,0,17,2.8903717578961645,0,2,2,3,7,371,5.918893854273146,0,2,1,0,1,13,2.6390573296152584,0,1,3,6,3,1,0,84438.0
8,2.1972245773362196,1,2,3,1,8,59,4.0943445622221,0,2,4,3,9,468,6.150602768446279,1,0,3,6,8,56,4.04305126783455,1,2,1,0,6,1,1,220797.0
10,2.3978952727983707,1,1,0,3,0,56,4.04305126783455,1,2,1,0,6,398,5.988961416889864,1,2,3,6,8,10,2.3978952727983707,1,1,0,3,0,2,1,110373.0
5,1.791759469228055,0,2,0,5,5,11,2.4849066497880004,0,2,1,4,1,445,6.100318952020064,0,1,0,4,5,3,1.3862943611198906,0,0,3,3,3,1,1,1976.0
8,2.1972245773362196,1,2,3,1,8,31,3.4657359027997265,0,1,1,3,1,334,5.814130531825066,1,1,4,5,4,7,2.0794415416798357,0,1,2,0,7,1,0,5204.0
10,2.3978952727983707,1,1,0,3,0,56,4.04305126783455,1,2,1,0,6,314,5.752572638825633,1,2,4,6,4,30,3.4339872044851463,1,0,0,2,0,2,1,86601.0
6,1.9459101490553132,1,0,1,6,6,34,3.5553480614894135,1,1,4,6,4,127,4.852030263919617,0,1,2,1,7,4,1.6094379124341003,1,1,4,4,4,1,0,8395.0
8,2.1972245773362196,1,2,3,1,8,35,3.58351893845611,0,2,0,0,5,223,5.4116460518550396,0,1,3,6,3,33,3.5263605246161616,0,0,3,5,3,1,0,255406.0
9,2.302585092994046,0,0,4,2,9,40,3.713572066704308,1,1,0,5,0,153,5.0369526024136295,0,0,3,6,3,25,3.258096538021482,0,1,0,4,5,1,1,1229.0
7,2.0794415416798357,0,1,2,0,7,24,3.2188758248682006,1,0,4,3,4,281,5.641907070938114,0,2,1,1,1,15,2.772588722239781,0,0,0,1,5,1,0,4279.0
11,2.4849066497880004,0,2,1,4,1,20,3.044522437723423,1,2,0,6,0,66,4.204692619390966,1,0,1,3,6,18,2.9444389791664403,1,0,3,4,8,1,1,2077.0
4,1.6094379124341003,1,1,4,4,4,44,3.8066624897703196,1,2,4,2,4,441,6.091309882077698,0,0,1,0,1,2,1.0986122886681098,1,2,2,2,2,1,3,891.0
8,2.1972245773362196,1,2,3,1,8,29,3.4011973816621555,0,2,4,1,9,15,2.772588722239781,0,0,0,1,5,23,3.1780538303479458,0,2,3,2,3,1,0,684.0
8,2.1972245773362196,1,2,3,1,8,9,2.302585092994046,0,0,4,2,9,337,5.823045895483019,0,1,2,1,7,2,1.0986122886681098,1,2,2,2,2,1,1,311.0
12,2.5649493574615367,1,0,2,5,2,29,3.4011973816621555,0,2,4,1,9,395,5.981414211254481,0,2,0,3,5,9,2.302585092994046,0,0,4,2,9,1,0,103190.0
4,1.6094379124341003,1,1,4,4,4,55,4.02535169073515,0,1,0,6,5,290,5.673323267171493,1,2,0,3,0,29,3.4011973816621555,0,2,4,1,9,1,1,17861.0
7,2.0794415416798357,0,1,2,0,7,12,2.5649493574615367,1,0,2,5,2,428,6.061456918928017,1,2,3,1,8,1,0.6931471805599453,0,1,1,1,1,1,3,5407.0
5,1.791759469228055,0,2,0,5,5,6,1.9459101490553132,1,0,1,6,6,371,5.918893854273146,0,2,1,0,1,1,0.6931471805599453,0,1,1,1,1,1,3,1271.0
12,2.5649493574615367,1,0,2,5,2,38,3.6635616461296463,1,2,3,3,8,277,5.627621113690637,0,1,2,4,7,33,3.5263605246161616,0,0,3,5,3,1,0,3100.0
7,2.0794415416798357,0,1,2,0,7,9,2.302585092994046,0,0,4,2,9,441,6.091309882077698,0,0,1,0,1,1,0.6931471805599453,0,1,1,1,1,1,5,2146.0
10,2.3978952727983707,1,1,0,3,0,48,3.8918202981106265,1,0,3,6,8,503,6.222576268071369,0,2,3,6,3,37,3.6375861597263857,0,1,2,2,7,1,0,446855.0
7,2.0794415416798357,0,1,2,0,7,54,4.007333185232471,1,0,4,5,4,102,4.634728988229636,1,0,2,4,2,27,3.332204510175204,0,0,2,6,7,1,1,5219.0
11,2.4849066497880004,0,2,1,4,1,28,3.367295829986474,1,1,3,0,8,515,6.246106765481563,0,2,0,4,5,11,2.4849066497880004,0,2,1,4,1,1,1,80303.0
5,1.791759469228055,0,2,0,5,5,21,3.091042453358316,0,0,1,0,1,155,5.049856007249537,0,2,0,1,5,13,2.6390573296152584,0,1,3,6,3,1,1,3062.0
8,2.1972245773362196,1,2,3,1,8,55,4.02535169073515,0,1,0,6,5,492,6.20050917404269,1,0,2,2,2,33,3.5263605246161616,0,0,3,5,3,1,0,40649.0
10,2.3978952727983707,1,1,0,3,0,34,3.5553480614894135,1,1,4,6,4,197,5.288267030694535,0,2,2,1,7,30,3.4339872044851463,1,0,0,2,0,1,1,32719.0
5,1.791759469228055,0,2,0,5,5,16,2.833213344056216,1,1,1,2,6,464,6.142037405587356,1,2,4,2,4,10,2.3978952727983707,1,1,0,3,0,1,2,13001.0
4,1.6094379124341003,1,1,4,4,4,23,3.1780538303479458,0,2,3,2,3,144,4.976733742420574,1,0,4,4,4,21,3.091042453358316,0,0,1,0,1,1,1,11759.0
10,2.3978952727983707,1,1,0,3,0,28,3.367295829986474,1,1,3,0,8,232,5.4510384535657,1,1,2,1,2,24,3.2188758248682006,1,0,4,3,4,2,0,613.0
9,2.302585092994046,0,0,4,2,9,48,3.8918202981106265,1,0,3,6,8,410,6.018593214496234,1,2,0,4,0,3,1.3862943611198906,0,0,3,3,3,1,2,19529.0
6,1.9459101490553132,1,0,1,6,6,14,2.70805020110221,1,2,4,0,4,406,6.008813185442595,1,1,1,0,6,1,0.6931471805599453,0,1,1,1,1,1,4,1187.0
3,1.3862943611198906,0,0,3,3,3,21,3.091042453358316,0,0,1,0,1,23,3.1780538303479458,0,2,3,2,3,9,2.302585092994046,0,0,4,2,9,1,2,328.0
12,2.5649493574615367,1,0,2,5,2,41,3.7376696182833684,0,2,1,6,1,76,4.343805421853684,1,1,1,6,6,32,3.4965075614664802,1,2,2,4,2,1,0,85917.0
3,1.3862943611198906,0,0,3,3,3,34,3.5553480614894135,1,1,4,6,4,90,4.51085950651685,1,0,0,6,0,30,3.4339872044851463,1,0,0,2,0,1,3,45671.0
7,2.0794415416798357,0,1,2,0,7,20,3.044522437723423,1,2,0,6,0,18,2.9444389791664403,1,0,3,4,8,10,2.3978952727983707,1,1,0,3,0,1,1,45.0
10,2.3978952727983707,1,1,0,3,0,40,3.713572066704308,1,1,0,5,0,150,5.017279836814924,1,0,0,3,0,12,2.5649493574615367,1,0,2,5,2,2,2,817.0
5,1.791759469228055,0,2,0,5,5,10,2.3978952727983707,1,1,0,3,0,263,5.575949103146316,0,2,3,4,3,8,2.1972245773362196,1,2,3,1,8,1,1,2837.0
8,2.1972245773362196,1,2,3,1,8,57,4.060443010546419,0,0,2,1,7,243,5.497168225293202,0,0,3,5,3,6,1.9459101490553132,1,0,1,6,6,1,0,9047.0
11,2.4849066497880004,0,2,1,4,1,9,2.302585092994046,0,0,4,2,9,383,5.950642552587727,0,2,3,5,3,3,1.3862943611198906,0,0,3,3,3,1,1,925.0
6,1.9459101490553132,1,0,1,6,6,33,3.5263605246161616,0,0,3,5,3,29,3.4011973816621555,0,2,4,1,9,9,2.302585092994046,0,0,4,2,9,1,0,2306.0
9,2.302585092994046,0,0,4,2,9,55,4.02535169073515,0,1,0,6,5,128,4.859812404361672,1,2,3,2,8,46,3.8501476017100584,1,1,1,4,6,1,0,153236.0
8,2.1972245773362196,1,2,3,1,8,8,2.1972245773362196,1,2,3,1,8,199,5.298317366548036,0,1,4,3,9,5,1.791759469228055,0,2,0,5,5,1,1,4287.0
6,1.9459101490553132,1,0,1,6,6,46,3.8501476017100584,1,1,1,4,6,23,3.1780538303479458,0,2,3,2,3,26,3.295836866004329,1,2,1,5,6,1,1,10337.0
3,1.3862943611198906,0,0,3,3,3,21,3.091042453358316,0,0,1,0,1,438,6.0844994130751715,1,0,3,4,8,12,2.5649493574615367,1,0,2,5,2,3,3,6379.0
4,1.6094379124341003,1,1,4,4,4,49,3.912023005428146,0,1,4,0,9,281,5.641907070938114,0,2,1,1,1,5,1.791759469228055,0,2,0,5,5,1,0,9874.0
5,1.791759469228055,0,2,0,5,5,39,3.6888794541139363,0,0,4,4,9,400,5.993961427306569,1,1,0,1,0,4,1.6094379124341003,1,1,4,4,4,1,2,1051.0
11,2.4849066497880004,0,2,1,4,1,19,2.995732273553991,0,1,4,5,9,377,5.934894195619588,0,2,2,6,7,12,2.5649493574615367,1,0,2,5,2,1,0,43885.0
8,2.1972245773362196,1,2,3,1,8,17,2.8903717578961645,0,2,2,3,7,418,6.037870919922137,1,1,3,5,8,9,2.302585092994046,0,0,4,2,9,1,0,33182.0
11,2.4849066497880004,0,2,1,4,1,56,4.04305126783455,1,2,1,0,6,81,4.406719247264253,0,0,1,4,1,14,2.70805020110221,1,2,4,0,4,1,1,99.0
5,1.791759469228055,0,2,0,5,5,23,3.1780538303479458,0,2,3,2,3,511,6.238324625039508,0,1,1,0,1,4,1.6094379124341003,1,1,4,4,4,1,0,12125.0
10,2.3978952727983707,1,1,0,3,0,12,2.5649493574615367,1,0,2,5,2,266,5.58724865840025,1,2,1,0,6,2,1.0986122886681098,1,2,2,2,2,2,3,3283.0
11,2.4849066497880004,0,2,1,4,1,29,3.4011973816621555,0,2,4,1,9,52,3.970291913552122,1,1,2,3,2,11,2.4849066497880004,0,2,1,4,1,1,1,13350.0
12,2.5649493574615367,1,0,2,5,2,27,3.332204510175204,0,0,2,6,7,480,6.175867270105761,1,0,0,4,0,8,2.1972245773362196,1,2,3,1,8,1,2,104623.0
6,1.9459101490553132,1,0,1,6,6,28,3.367295829986474,1,1,3,0,8,517,6.249975242259483,0,1,2,6,7,4,1.6094379124341003,1,1,4,4,4,1,1,14789.0
3,1.3862943611198906,0,0,3,3,3,22,3.1354942159291497,1,1,2,1,2,215,5.375278407684165,0,2,0,5,5,15,2.772588722239781,0,0,0,1,5,1,1,36563.0
11,2.4849066497880004,0,2,1,4,1,50,3.9318256327243257,1,2,0,1,0,437,6.082218910376446,0,2,2,3,7,31,3.4657359027997265,0,1,1,3,1,1,0,168329.0
5,1.791759469228055,0,2,0,5,5,19,2.995732273553991,0,1,4,5,9,206,5.332718793265369,1,2,1,3,6,9,2.302585092994046,0,0,4,2,9,1,0,36140.0
4,1.6094379124341003,1,1,4,4,4,13,2.6390573296152584,0,1,3,6,3,20,3.044522437723423,1,2,0,6,0,5,1.791759469228055,0,2,0,5,5,1,2,137.0
7,2.0794415416798357,0,1,2,0,7,11,2.4849066497880004,0,2,1,4,1,425,6.054439346269371,0,2,0,5,5,3,1.3862943611198906,0,0,3,3,3,1,0,2500.0
5,1.791759469228055,0,2,0,5,5,53,3.9889840465642745,0,2,3,4,3,25,3.258096538021482,0,1,0,4,5,46,3.8501476017100584,1,1,1,4,6,1,1,12413.0
8,2.1972245773362196,1,2,3,1,8,33,3.5263605246161616,0,0,3,5,3,46,3.8501476017100584,1,1,1,4,6,20,3.044522437723423,1,2,0,6,0,1,0,8583.0
6,1.9459101490553132,1,0,1,6,6,27,3.332204510175204,0,0,2,6,7,138,4.9344739331306915,1,0,3,5,8,26,3.295836866004329,1,2,1,5,6,1,1,96091.0
5,1.791759469228055,0,2,0,5,5,12,2.5649493574615367,1,0,2,5,2,101,4.624972813284271,0,2,1,3,1,7,2.0794415416798357,0,1,2,0,7,1,0,2179.0
3,1.3862943611198906,0,0,3,3,3,14,2.70805020110221,1,2,4,0,4,450,6.111467339502679,1,0,0,2,0,10,2.3978952727983707,1,1,0,3,0,1,2,33521.0
8,2.1972245773362196,1,2,3,1,8,59,4.0943445622221,0,2,4,3,9,617,6.42648845745769,0,2,2,1,7,1,0.6931471805599453,0,1,1,1,1,1,3,178.0
8,2.1972245773362196,1,2,3,1,8,13,2.6390573296152584,0,1,3,6,3,408,6.013715156042802,1,0,3,2,8,1,0.6931471805599453,0,1,1,1,1,1,4,1379.0
11,2.4849066497880004,0,2,1,4,1,56,4.04305126783455,1,2,1,0,6,497,6.210600077024653,0,2,2,0,7,6,1.9459101490553132,1,0,1,6,6,1,0,10357.0
9,2.302585092994046,0,0,4,2,9,8,2.1972245773362196,1,2,3,1,8,264,5.579729825986222,1,0,4,5,4,6,1.9459101490553132,1,0,1,6,6,1,2,6877.0
12,2.5649493574615367,1,0,2,5,2,59,4.0943445622221,0,2,4,3,9,481,6.1779441140506,0,1,1,5,1,18,2.9444389791664403,1,0,3,4,8,1,0,506069.0
4,1.6094379124341003,1,1,4,4,4,18,2.9444389791664403,1,0,3,4,8,326,5.7899601708972535,1,2,1,4,6,9,2.302585092994046,0,0,4,2,9,1,1,6115.0
9,2.302585092994046,0,0,4,2,9,29,3.4011973816621555,0,2,4,1,9,194,5.272999558563747,1,2,4,5,4,20,3.044522437723423,1,2,0,6,0,1,0,27732.0
9,2.302585092994046,0,0,4,2,9,15,2.772588722239781,0,0,0,1,5,158,5.0689042022202315,1,2,3,4,8,1,0.6931471805599453,0,1,1,1,1,1,3,2272.0
3,1.3862943611198906,0,0,3,3,3,8,2.1972245773362196,1,2,3,1,8,278,5.631211781821365,1,2,3,5,8,1,0.6931471805599453,0,1,1,1,1,1,3,2461.0
3,1.3862943611198906,0,0,3,3,3,45,3.828641396489095,0,0,0,3,5,344,5.84354441703136,1,2,4,1,4,39,3.6888794541139363,0,0,4,4,9,1,2,203914.0
12,2.5649493574615367,1,0,2,5,2,23,3.1780538303479458,0,2,3,2,3,338,5.82600010738045,1,2,3,2,8,13,2.6390573296152584,0,1,3,6,3,1,1,50801.0
3,1.3862943611198906,0,0,3,3,3,22,3.1354942159291497,1,1,2,1,2,326,5.7899601708972535,1,2,1,4,6,1,0.6931471805599453,0,1,1,1,1,1,3,7387.0
4,1.6094379124341003,1,1,4,4,4,27,3.332204510175204,0,0,2,6,7,468,6.150602768446279,1,0,3,6,8,22,3.1354942159291497,1,1,2,1,2,1,1,285809.0
4,1.6094379124341003,1,1,4,4,4,16,2.833213344056216,1,1,1,2,6,77,4.356708826689592,0,2,2,0,7,15,2.772588722239781,0,0,0,1,5,1,1,1551.0
4,1.6094379124341003,1,1,4,4,4,30,3.4339872044851463,1,0,0,2,0,277,5.627621113690637,0,1,2,4,7,24,3.2188758248682006,1,0,4,3,4,1,1,3761.0
11,2.4849066497880004,0,2,1,4,1,21,3.091042453358316,0,0,1,0,1,276,5.6240175061873385,1,0,1,3,6,2,1.0986122886681098,1,2,2,2,2,1,1,1147.0
5,1.791759469228055,0,2,0,5,5,38,3.6635616461296463,1,2,3,3,8,350,5.860786223465865,1,2,0,0,0,30,3.4339872044851463,1,0,0,2,0,1,2,201809.0
6,1.9459101490553132,1,0,1,6,6,33,3.5263605246161616,0,0,3,5,3,279,5.634789603169249,0,0,4,6,9,5,1.791759469228055,0,2,0,5,5,1,0,1322.0
4,1.6094379124341003,1,1,4,4,4,15,2.772588722239781,0,0,0,1,5,235,5.4638318050256105,0,1,0,4,5,5,1.791759469228055,0,2,0,5,5,1,2,82.0
11,2.4849066497880004,0,2,1,4,1,22,3.1354942159291497,1,1,2,1,2,205,5.327876168789581,0,1,0,2,5,16,2.833213344056216,1,1,1,2,6,1,1,17833.0
11,2.4849066497880004,0,2,1,4,1,35,3.58351893845611,0,2,0,0,5,179,5.19295685089021,0,2,4,4,9,12,2.5649493574615367,1,0,2,5,2,1,0,36173.0
11,2.4849066497880004,0,2,1,4,1,38,3.6635616461296463,1,2,3,3,8,213,5.365976015021851,0,0,3,3,3,37,3.6375861597263857,0,1,2,2,7,1,0,72869.0
7,2.0794415416798357,0,1,2,0,7,6,1.9459101490553132,1,0,1,6,6,309,5.736572297479192,0,0,4,1,9,1,0.6931471805599453,0,1,1,1,1,1,3,521.0
4,1.6094379124341003,1,1,4,4,4,36,3.6109179126442243,1,0,1,1,6,387,5.961005339623274,0,0,2,2,7,15,2.772588722239781,0,0,0,1,5,1,1,35417.0
9,2.302585092994046,0,0,4,2,9,25,3.258096538021482,0,1,0,4,5,169,5.135798437050262,0,1,4,1,9,16,2.833213344056216,1,1,1,2,6,1,0,8311.0
11,2.4849066497880004,0,2,1,4,1,48,3.8918202981106265,1,0,3,6,8,148,5.003946305945459,1,1,3,1,8,25,3.258096538021482,0,1,0,4,5,1,0,11173.0
8,2.1972245773362196,1,2,3,1,8,50,3.9318256327243257,1,2,0,1,0,432,6.07073772800249,1,0,2,5,2,34,3.5553480614894135,1,1,4,6,4,2,1,22972.0
3,1.3862943611198906,0,0,3,3,3,18,2.9444389791664403,1,0,3,4,8,41,3.7376696182833684,0,2,1,6,1,12,2.5649493574615367,1,0,2,5,2,1,2,721.0
7,2.0794415416798357,0,1,2,0,7,48,3.8918202981106265,1,0,3,6,8,192,5.262690188904886,1,0,2,3,2,10,2.3978952727983707,1,1,0,3,0,1,1,45211.0
12,2.5649493574615367,1,0,2,5,2,26,3.295836866004329,1,2,1,5,6,378,5.937536205082426,1,0,3,0,8,23,3.1780538303479458,0,2,3,2,3,1,0,5827.0
6,1.9459101490553132,1,0,1,6,6,12,2.5649493574615367,1,0,2,5,2,399,5.991464547107982,0,0,4,0,9,7,2.0794415416798357,0,1,2,0,7,1,2,17869.0
5,1.791759469228055,0,2,0,5,5,44,3.8066624897703196,1,2,4,2,4,655,6.486160788944089,0,1,0,4,5,1,0.6931471805599453,0,1,1,1,1,1,4,14539.0
4,1.6094379124341003,1,1,4,4,4,60,4.110873864173311,1,0,0,4,0,105,4.663439094112067,0,0,0,0,5,16,2.833213344056216,1,1,1,2,6,1,2,24611.0
12,2.5649493574615367,1,0,2,5,2,40,3.713572066704308,1,1,0,5,0,513,6.2422232654551655,0,0,3,2,3,32,3.4965075614664802,1,2,2,4,2,1,0,82153.0
9,2.302585092994046,0,0,4,2,9,20,3.044522437723423,1,2,0,6,0,545,6.302618975744905,0,2,0,6,5,1,0.6931471805599453,0,1,1,1,1,1,3,347.0
3,1.3862943611198906,0,0,3,3,3,9,2.302585092994046,0,0,4,2,9,423,6.049733455231958,0,0,3,3,3,7,2.0794415416798357,0,1,2,0,7,1,3,7349.0
11,2.4849066497880004,0,2,1,4,1,11,2.4849066497880004,0,2,1,4,1,440,6.089044875446846,1,2,0,6,0,9,2.302585092994046,0,0,4,2,9,1,3,46312.0
5,1.791759469228055,0,2,0,5,5,11,2.4849066497880004,0,2,1,4,1,28,3.367295829986474,1,1,3,0,8,7,2.0794415416798357,0,1,2,0,7,1,1,1916.0
3,1.3862943611198906,0,0,3,3,3,7,2.0794415416798357,0,1,2,0,7,382,5.948034989180646,1,1,2,4,2,6,1.9459101490553132,1,0,1,6,6,1,1,9095.0
11,2.4849066497880004,0,2,1,4,1,40,3.713572066704308,1,1,0,5,0,479,6.173786103901937,0,2,4,3,9,17,2.8903717578961645,0,2,2,3,7,1,0,162983.0
9,2.302585092994046,0,0,4,2,9,37,3.6375861597263857,0,1,2,2,7,65,4.189654742026425,0,2,0,2,5,24,3.2188758248682006,1,0,4,3,4,1,0,6371.0
9,2.302585092994046,0,0,4,2,9,47,3.871201010907891,0,2,2,5,7,298,5.700443573390687,1,1,3,4,8,17,2.8903717578961645,0,2,2,3,7,1,0,235584.0
6,1.9459101490553132,1,0,1,6,6,36,3.6109179126442243,1,0,1,1,6,310,5.739792912179234,1,1,0,2,0,35,3.58351893845611,0,2,0,0,5,1,1,26245.0
6,1.9459101490553132,1,0,1,6,6,7,2.0794415416798357,0,1,2,0,7,42,3.7612001156935624,1,0,2,0,2,5,1.791759469228055,0,2,0,5,5,1,2,143.0
8,2.1972245773362196,1,2,3,1,8,40,3.713572066704308,1,1,0,5,0,417,6.035481432524756,0,0,2,4,7,37,3.6375861597263857,0,1,2,2,7,1,1,77554.0
5,1.791759469228055,0,2,0,5,5,57,4.060443010546419,0,0,2,1,7,499,6.214608098422191,0,1,4,2,9,3,1.3862943611198906,0,0,3,3,3,1,1,14290.0
3,1.3862943611198906,0,0,3,3,3,60,4.110873864173311,1,0,0,4,0,426,6.056784013228625,1,0,1,6,6,31,3.4657359027997265,0,1,1,3,1,1,2,159967.0
12,2.5649493574615367,1,0,2,5,2,25,3.258096538021482,0,1,0,4,5,287,5.662960480135946,0,2,2,0,7,4,1.6094379124341003,1,1,4,4,4,1,1,2579.0
9,2.302585092994046,0,0,4,2,9,34,3.5553480614894135,1,1,4,6,4,428,6.061456918928017,1,2,3,1,8,17,2.8903717578961645,0,2,2,3,7,1,1,14657.0
6,1.9459101490553132,1,0,1,6,6,57,4.060443010546419,0,0,2,1,7,264,5.579729825986222,1,0,4,5,4,34,3.5553480614894135,1,1,4,6,4,1,1,508661.0
10,2.3978952727983707,1,1,0,3,0,13,2.6390573296152584,0,1,3,6,3,359,5.886104031450156,0,2,4,2,9,3,1.3862943611198906,0,0,3,3,3,1,0,4856.0
3,1.3862943611198906,0,0,3,3,3,49,3.912023005428146,0,1,4,0,9,338,5.82600010738045,1,2,3,2,8,23,3.1780538303479458,0,2,3,2,3,1,0,385198.0
12,2.5649493574615367,1,0,2,5,2,57,4.060443010546419,0,0,2,1,7,578,6.361302477572996,1,2,3,4,8,4,1.6094379124341003,1,1,4,4,4,1,1,130729.0
3,1.3862943611198906,0,0,3,3,3,51,3.9512437185814275,0,0,1,2,1,457,6.126869184114185,0,1,2,2,7,13,2.6390573296152584,0,1,3,6,3,1,1,51138.0
10,2.3978952727983707,1,1,0,3,0,19,2.995732273553991,0,1,4,5,9,340,5.831882477283517,1,1,0,4,0,16,2.833213344056216,1,1,1,2,6,1,1,35191.0
3,1.3862943611198906,0,0,3,3,3,43,3.784189633918261,0,1,3,1,3,454,6.12029741895095,1,1,4,6,4,18,2.9444389791664403,1,0,3,4,8,1,1,178571.0
6,1.9459101490553132,1,0,1,6,6,40,3.713572066704308,1,1,0,5,0,316,5.75890177387728,1,1,1,1,6,2,1.0986122886681098,1,2,2,2,2,2,3,2523.0
5,1.791759469228055,0,2,0,5,5,37,3.6375861597263857,0,1,2,2,7,34,3.5553480614894135,1,1,4,6,4,11,2.4849066497880004,0,2,1,4,1,1,0,12018.0
11,2.4849066497880004,0,2,1,4,1,31,3.4657359027997265,0,1,1,3,1,240,5.484796933490655,1,0,0,2,0,26,3.295836866004329,1,2,1,5,6,1,0,95239.0
3,1.3862943611198906,0,0,3,3,3,53,3.9889840465642745,0,2,3,4,3,109,4.700480365792417,0,1,4,4,9,50,3.9318256327243257,1,2,0,1,0,1,0,143097.0
8,2.1972245773362196,1,2,3,1,8,47,3.871201010907891,0,2,2,5,7,500,6.2166061010848646,1,2,0,3,0,20,3.044522437723423,1,2,0,6,0,1,1,157377.0
7,2.0794415416798357,0,1,2,0,7,16,2.833213344056216,1,1,1,2,6,25,3.258096538021482,0,1,0,4,5,13,2.6390573296152584,0,1,3,6,3,1,0,55.0
9,2.302585092994046,0,0,4,2,9,24,3.2188758248682006,1,0,4,3,4,144,4.976733742420574,1,0,4,4,4,4,1.6094379124341003,1,1,4,4,4,1,4,667.0
4,1.6094379124341003,1,1,4,4,4,56,4.04305126783455,1,2,1,0,6,441,6.091309882077698,0,0,1,0,1,39,3.6888794541139363,0,0,4,4,9,1,1,40475.0
6,1.9459101490553132,1,0,1,6,6,18,2.9444389791664403,1,0,3,4,8,479,6.173786103901937,0,2,4,3,9,7,2.0794415416798357,0,1,2,0,7,1,1,2857.0
9,2.302585092994046,0,0,4,2,9,57,4.060443010546419,0,0,2,1,7,515,6.246106765481563,0,2,0,4,5,28,3.367295829986474,1,1,3,0,8,1,0,102689.0
6,1.9459101490553132,1,0,1,6,6,28,3.367295829986474,1,1,3,0,8,127,4.852030263919617,0,1,2,1,7,9,2.302585092994046,0,0,4,2,9,1,0,2249.0
11,2.4849066497880004,0,2,1,4,1,39,3.6888794541139363,0,0,4,4,9,421,6.045005314036012,0,1,1,1,1,23,3.1780538303479458,0,2,3,2,3,1,0,12568.0
11,2.4849066497880004,0,2,1,4,1,13,2.6390573296152584,0,1,3,6,3,165,5.111987788356544,0,0,0,4,5,8,2.1972245773362196,1,2,3,1,8,1,1,8599.0
5,1.791759469228055,0,2,0,5,5,20,3.044522437723423,1,2,0,6,0,227,5.429345628954441,0,2,2,3,7,2,1.0986122886681098,1,2,2,2,2,1,2,771.0
9,2.302585092994046,0,0,4,2,9,54,4.007333185232471,1,0,4,5,4,123,4.820281565605037,0,0,3,4,3,29,3.4011973816621555,0,2,4,1,9,1,1,90815.0
10,2.3978952727983707,1,1,0,3,0,43,3.784189633918261,0,1,3,1,3,246,5.5093883366279774,1,0,1,1,6,7,2.0794415416798357,0,1,2,0,7,1,0,18091.0
4,1.6094379124341003,1,1,4,4,4,43,3.784189633918261,0,1,3,1,3,141,4.955827057601261,0,0,1,1,1,41,3.7376696182833684,0,2,1,6,1,1,0,247142.0
11,2.4849066497880004,0,2,1,4,1,14,2.70805020110221,1,2,4,0,4,274,5.616771097666572,1,1,4,1,4,5,1.791759469228055,0,2,0,5,5,1,0,561.0
5,1.791759469228055,0,2,0,5,5,33,3.5263605246161616,0,0,3,5,3,465,6.144185634125646,0,0,0,3,5,21,3.091042453358316,0,0,1,0,1,1,1,9122.0
11,2.4849066497880004,0,2,1,4,1,36,3.6109179126442243,1,0,1,1,6,261,5.568344503761097,0,0,1,2,1,23,3.1780538303479458,0,2,3,2,3,1,0,10631.0
3,1.3862943611198906,0,0,3,3,3,31,3.4657359027997265,0,1,1,3,1,469,6.152732694704104,0,1,4,0,9,20,3.044522437723423,1,2,0,6,0,1,0,149109.0
11,2.4849066497880004,0,2,1,4,1,11,2.4849066497880004,0,2,1,4,1,49,3.912023005428146,0,1,4,0,9,8,2.1972245773362196,1,2,3,1,8,1,1,1809.0
5,1.791759469228055,0,2,0,5,5,13,2.6390573296152584,0,1,3,6,3,404,6.003887067106539,1,2,4,5,4,11,2.4849066497880004,0,2,1,4,1,1,0,4726.0
3,1.3862943611198906,0,0,3,3,3,13,2.6390573296152584,0,1,3,6,3,322,5.777652323222656,1,1,2,0,2,7,2.0794415416798357,0,1,2,0,7,1,1,31250.0
12,2.5649493574615367,1,0,2,5,2,19,2.995732273553991,0,1,4,5,9,263,5.575949103146316,0,2,3,4,3,1,0.6931471805599453,0,1,1,1,1,1,3,4822.0
4,1.6094379124341003,1,1,4,4,4,30,3.4339872044851463,1,0,0,2,0,202,5.313205979041787,1,1,2,6,2,12,2.5649493574615367,1,0,2,5,2,2,1,1363.0
7,2.0794415416798357,0,1,2,0,7,58,4.07753744390572,1,1,3,2,8,472,6.159095388491933,1,1,2,3,2,9,2.302585092994046,0,0,4,2,9,1,0,82207.0
11,2.4849066497880004,0,2,1,4,1,28,3.367295829986474,1,1,3,0,8,49,3.912023005428146,0,1,4,0,9,14,2.70805020110221,1,2,4,0,4,1,1,39.0
7,2.0794415416798357,0,1,2,0,7,60,4.110873864173311,1,0,0,4,0,216,5.37989735354046,1,0,1,6,6,2,1.0986122886681098,1,2,2,2,2,1,2,2515.0
11,2.4849066497880004,0,2,1,4,1,36,3.6109179126442243,1,0,1,1,6,103,4.6443908991413725,0,1,3,5,3,12,2.5649493574615367,1,0,2,5,2,1,1,47.0
8,2.1972245773362196,1,2,3,1,8,40,3.713572066704308,1,1,0,5,0,107,4.68213122712422,0,2,2,2,7,13,2.6390573296152584,0,1,3,6,3,1,1,2921.0
3,1.3862943611198906,0,0,3,3,3,36,3.6109179126442243,1,0,1,1,6,301,5.71042701737487,0,1,1,0,1,14,2.70805020110221,1,2,4,0,4,1,1,3215.0
6,1.9459101490553132,1,0,1,6,6,47,3.871201010907891,0,2,2,5,7,488,6.192362489474872,1,2,3,5,8,2,1.0986122886681098,1,2,2,2,2,1,2,46047.0
6,1.9459101490553132,1,0,1,6,6,38,3.6635616461296463,1,2,3,3,8,27,3.332204510175204,0,0,2,6,7,11,2.4849066497880004,0,2,1,4,1,1,0,1479.0
6,1.9459101490553132,1,0,1,6,6,16,2.833213344056216,1,1,1,2,6,124,4.8283137373023015,1,1,4,5,4,9,2.302585092994046,0,0,4,2,9,1,0,18019.0
4,1.6094379124341003,1,1,4,4,4,50,3.9318256327243257,1,2,0,1,0,373,5.924255797414532,0,1,3,2,3,5,1.791759469228055,0,2,0,5,5,1,1,1044.0
6,1.9459101490553132,1,0,1,6,6,23,3.1780538303479458,0,2,3,2,3,295,5.69035945432406,0,1,0,1,5,12,2.5649493574615367,1,0,2,5,2,1,1,83177.0
9,2.302585092994046,0,0,4,2,9,60,4.110873864173311,1,0,0,4,0,110,4.709530201312334,1,2,0,5,0,40,3.713572066704308,1,1,0,5,0,1,0,6157.0
8,2.1972245773362196,1,2,3,1,8,9,2.302585092994046,0,0,4,2,9,137,4.927253685157205,0,2,2,4,7,2,1.0986122886681098,1,2,2,2,2,1,1,2531.0
6,1.9459101490553132,1,0,1,6,6,28,3.367295829986474,1,1,3,0,8,245,5.5053315359323625,0,2,0,0,5,26,3.295836866004329,1,2,1,5,6,1,0,45049.0
11,2.4849066497880004,0,2,1,4,1,51,3.9512437185814275,0,0,1,2,1,86,4.465908118654584,1,2,1,2,6,11,2.4849066497880004,0,2,1,4,1,1,1,100.0
10,2.3978952727983707,1,1,0,3,0,60,4.110873864173311,1,0,0,4,0,496,6.208590026096629,1,1,1,6,6,29,3.4011973816621555,0,2,4,1,9,1,1,19099.0
9,2.302585092994046,0,0,4,2,9,52,3.970291913552122,1,1,2,3,2,321,5.7745515455444085,0,0,1,6,1,44,3.8066624897703196,1,2,4,2,4,1,0,22735.0
12,2.5649493574615367,1,0,2,5,2,13,2.6390573296152584,0,1,3,6,3,453,6.118097198041348,0,0,3,5,3,4,1.6094379124341003,1,1,4,4,4,1,1,2733.0
11,2.4849066497880004,0,2,1,4,1,59,4.0943445622221,0,2,4,3,9,202,5.313205979041787,1,1,2,6,2,10,2.3978952727983707,1,1,0,3,0,1,0,11411.0
6,1.9459101490553132,1,0,1,6,6,55,4.02535169073515,0,1,0,6,5,31,3.4657359027997265,0,1,1,3,1,52,3.970291913552122,1,1,2,3,2,1,0,14557.0
4,1.6094379124341003,1,1,4,4,4,36,3.6109179126442243,1,0,1,1,6,269,5.598421958998375,0,2,4,3,9,19,2.995732273553991,0,1,4,5,9,1,1,46561.0
6,1.9459101490553132,1,0,1,6,6,6,1.9459101490553132,1,0,1,6,6,492,6.20050917404269,1,0,2,2,2,4,1.6094379124341003,1,1,4,4,4,2,4,6799.0
7,2.0794415416798357,0,1,2,0,7,26,3.295836866004329,1,2,1,5,6,507,6.230481447578482,0,0,2,3,7,23,3.1780538303479458,0,2,3,2,3,1,0,155241.0
3,1.3862943611198906,0,0,3,3,3,22,3.1354942159291497,1,1,2,1,2,189,5.247024072160486,0,0,4,0,9,12,2.5649493574615367,1,0,2,5,2,1,2,12829.0
11,2.4849066497880004,0,2,1,4,1,43,3.784189633918261,0,1,3,1,3,422,6.0473721790462776,1,2,2,2,2,9,2.302585092994046,0,0,4,2,9,1,0,162416.0
4,1.6094379124341003,1,1,4,4,4,25,3.258096538021482,0,1,0,4,5,192,5.262690188904886,1,0,2,3,2,16,2.833213344056216,1,1,1,2,6,1,3,78181.0
3,1.3862943611198906,0,0,3,3,3,23,3.1780538303479458,0,2,3,2,3,273,5.6131281063880705,0,0,3,0,3,1,0.6931471805599453,0,1,1,1,1,1,4,3218.0
12,2.5649493574615367,1,0,2,5,2,57,4.060443010546419,0,0,2,1,7,119,4.787491742782046,0,2,4,0,9,45,3.828641396489095,0,0,0,3,5,1,0,93046.0
4,1.6094379124341003,1,1,4,4,4,17,2.8903717578961645,0,2,2,3,7,23,3.1780538303479458,0,2,3,2,3,7,2.0794415416798357,0,1,2,0,7,1,0,2364.0
12,2.5649493574615367,1,0,2,5,2,56,4.04305126783455,1,2,1,0,6,174,5.1647859739235145,1,0,4,6,4,53,3.9889840465642745,0,2,3,4,3,1,0,163123.0
9,2.302585092994046,0,0,4,2,9,21,3.091042453358316,0,0,1,0,1,245,5.5053315359323625,0,2,0,0,5,12,2.5649493574615367,1,0,2,5,2,1,0,2593.0
4,1.6094379124341003,1,1,4,4,4,40,3.713572066704308,1,1,0,5,0,115,4.7535901911063645,0,1,0,3,5,38,3.6635616461296463,1,2,3,3,8,1,1,14411.0
11,2.4849066497880004,0,2,1,4,1,14,2.70805020110221,1,2,4,0,4,470,6.154858094016418,1,2,0,1,0,2,1.0986122886681098,1,2,2,2,2,1,2,325.0
10,2.3978952727983707,1,1,0,3,0,57,4.060443010546419,0,0,2,1,7,495,6.206575926724928,0,0,0,5,5,40,3.713572066704308,1,1,0,5,0,1,1,59213.0
9,2.302585092994046,0,0,4,2,9,27,3.332204510175204,0,0,2,6,7,530,6.274762021241939,1,2,0,5,0,5,1.791759469228055,0,2,0,5,5,1,2,72764.0
8,2.1972245773362196,1,2,3,1,8,40,3.713572066704308,1,1,0,5,0,143,4.969813299576001,0,2,3,3,3,35,3.58351893845611,0,2,0,0,5,1,1,2767.0
9,2.302585092994046,0,0,4,2,9,44,3.8066624897703196,1,2,4,2,4,283,5.648974238161206,0,1,3,3,3,23,3.1780538303479458,0,2,3,2,3,1,0,141711.0
5,1.791759469228055,0,2,0,5,5,11,2.4849066497880004,0,2,1,4,1,294,5.68697535633982,1,0,4,0,4,7,2.0794415416798357,0,1,2,0,7,1,1,24260.0
6,1.9459101490553132,1,0,1,6,6,17,2.8903717578961645,0,2,2,3,7,263,5.575949103146316,0,2,3,4,3,12,2.5649493574615367,1,0,2,5,2,1,1,55487.0
11,2.4849066497880004,0,2,1,4,1,10,2.3978952727983707,1,1,0,3,0,341,5.834810737062605,0,2,1,5,1,4,1.6094379124341003,1,1,4,4,4,1,1,241.0
11,2.4849066497880004,0,2,1,4,1,18,2.9444389791664403,1,0,3,4,8,412,6.023447592961033,1,1,2,6,2,13,2.6390573296152584,0,1,3,6,3,1,0,32999.0
11,2.4849066497880004,0,2,1,4,1,11,2.4849066497880004,0,2,1,4,1,204,5.3230099791384085,1,0,4,1,4,1,0.6931471805599453,0,1,1,1,1,1,4,2216.0
4,1.6094379124341003,1,1,4,4,4,22,3.1354942159291497,1,1,2,1,2,283,5.648974238161206,0,1,3,3,3,19,2.995732273553991,0,1,4,5,9,1,0,6773.0
7,2.0794415416798357,0,1,2,0,7,20,3.044522437723423,1,2,0,6,0,53,3.9889840465642745,0,2,3,4,3,6,1.9459101490553132,1,0,1,6,6,1,0,119.0
5,1.791759469228055,0,2,0,5,5,27,3.332204510175204,0,0,2,6,7,489,6.194405391104672,0,0,4,6,9,3,1.3862943611198906,0,0,3,3,3,1,2,3380.0
12,2.5649493574615367,1,0,2,5,2,49,3.912023005428146,0,1,4,0,9,433,6.073044534100405,0,1,3,6,3,26,3.295836866004329,1,2,1,5,6,1,0,547047.0
11,2.4849066497880004,0,2,1,4,1,58,4.07753744390572,1,1,3,2,8,362,5.8944028342648505,1,2,2,5,2,45,3.828641396489095,0,0,0,3,5,1,0,14335.0
12,2.5649493574615367,1,0,2,5,2,57,4.060443010546419,0,0,2,1,7,251,5.529429087511423,0,2,1,6,1,49,3.912023005428146,0,1,4,0,9,1,0,679150.0
7,2.0794415416798357,0,1,2,0,7,42,3.7612001156935624,1,0,2,0,2,19,2.995732273553991,0,1,4,5,9,33,3.5263605246161616,0,0,3,5,3,1,1,943.0
6,1.9459101490553132,1,0,1,6,6,20,3.044522437723423,1,2,0,6,0,539,6.29156913955832,0,2,4,0,9,2,1.0986122886681098,1,2,2,2,2,1,2,2787.0
10,2.3978952727983707,1,1,0,3,0,29,3.4011973816621555,0,2,4,1,9,26,3.295836866004329,1,2,1,5,6,13,2.6390573296152584,0,1,3,6,3,1,1,381.0
11,2.4849066497880004,0,2,1,4,1,39,3.6888794541139363,0,0,4,4,9,321,5.7745515455444085,0,0,1,6,1,14,2.70805020110221,1,2,4,0,4,1,0,17335.0
8,2.1972245773362196,1,2,3,1,8,59,4.0943445622221,0,2,4,3,9,487,6.1903154058531475,0,1,2,4,7,5,1.791759469228055,0,2,0,5,5,1,0,143322.0
8,2.1972245773362196,1,2,3,1,8,40,3.713572066704308,1,1,0,5,0,434,6.075346031088684,1,2,4,0,4,24,3.2188758248682006,1,0,4,3,4,2,2,3274.0
4,1.6094379124341003,1,1,4,4,4,34,3.5553480614894135,1,1,4,6,4,487,6.1903154058531475,0,1,2,4,7,14,2.70805020110221,1,2,4,0,4,1,0,39435.0
4,1.6094379124341003,1,1,4,4,4,35,3.58351893845611,0,2,0,0,5,126,4.844187086458591,1,0,1,0,6,12,2.5649493574615367,1,0,2,5,2,1,1,3509.0
4,1.6094379124341003,1,1,4,4,4,9,2.302585092994046,0,0,4,2,9,34,3.5553480614894135,1,1,4,6,4,2,1.0986122886681098,1,2,2,2,2,1,2,193.0
3,1.3862943611198906,0,0,3,3,3,26,3.295836866004329,1,2,1,5,6,469,6.152732694704104,0,1,4,0,9,15,2.772588722239781,0,0,0,1,5,1,1,3629.0
7,2.0794415416798357,0,1,2,0,7,33,3.5263605246161616,0,0,3,5,3,123,4.820281565605037,0,0,3,4,3,23,3.1780538303479458,0,2,3,2,3,1,0,22663.0
8,2.1972245773362196,1,2,3,1,8,25,3.258096538021482,0,1,0,4,5,492,6.20050917404269,1,0,2,2,2,3,1.3862943611198906,0,0,3,3,3,1,1,1709.0
3,1.3862943611198906,0,0,3,3,3,52,3.970291913552122,1,1,2,3,2,29,3.4011973816621555,0,2,4,1,9,40,3.713572066704308,1,1,0,5,0,1,0,6887.0
5,1.791759469228055,0,2,0,5,5,30,3.4339872044851463,1,0,0,2,0,48,3.8918202981106265,1,0,3,6,8,21,3.091042453358316,0,0,1,0,1,1,1,9319.0
4,1.6094379124341003,1,1,4,4,4,11,2.4849066497880004,0,2,1,4,1,309,5.736572297479192,0,0,4,1,9,7,2.0794415416798357,0,1,2,0,7,1,0,2328.0
6,1.9459101490553132,1,0,1,6,6,17,2.8903717578961645,0,2,2,3,7,478,6.171700597410915,1,1,3,2,8,14,2.70805020110221,1,2,4,0,4,1,0,118929.0
10,2.3978952727983707,1,1,0,3,0,22,3.1354942159291497,1,1,2,1,2,473,6.161207321695077,0,2,3,4,3,3,1.3862943611198906,0,0,3,3,3,1,0,5296.0
10,2.3978952727983707,1,1,0,3,0,59,4.0943445622221,0,2,4,3,9,489,6.194405391104672,0,0,4,6,9,11,2.4849066497880004,0,2,1,4,1,1,0,315708.0
10,2.3978952727983707,1,1,0,3,0,54,4.007333185232471,1,0,4,5,4,148,5.003946305945459,1,1,3,1,8,21,3.091042453358316,0,0,1,0,1,1,0,17677.0
6,1.9459101490553132,1,0,1,6,6,37,3.6375861597263857,0,1,2,2,7,169,5.135798437050262,0,1,4,1,9,35,3.58351893845611,0,2,0,0,5,1,0,43356.0
4,1.6094379124341003,1,1,4,4,4,58,4.07753744390572,1,1,3,2,8,341,5.834810737062605,0,2,1,5,1,17,2.8903717578961645,0,2,2,3,7,1,0,168944.0
3,1.3862943611198906,0,0,3,3,3,9,2.302585092994046,0,0,4,2,9,382,5.948034989180646,1,1,2,4,2,7,2.0794415416798357,0,1,2,0,7,1,1,8842.0
5,1.791759469228055,0,2,0,5,5,21,3.091042453358316,0,0,1,0,1,87,4.477336814478207,0,0,2,3,7,8,2.1972245773362196,1,2,3,1,8,1,0,3595.0
12,2.5649493574615367,1,0,2,5,2,9,2.302585092994046,0,0,4,2,9,283,5.648974238161206,0,1,3,3,3,8,2.1972245773362196,1,2,3,1,8,1,0,7223.0
11,2.4849066497880004,0,2,1,4,1,11,2.4849066497880004,0,2,1,4,1,529,6.272877006546167,0,1,4,4,9,2,1.0986122886681098,1,2,2,2,2,1,1,561.0
11,2.4849066497880004,0,2,1,4,1,14,2.70805020110221,1,2,4,0,4,486,6.18826412308259,1,0,1,3,6,10,2.3978952727983707,1,1,0,3,0,1,0,7121.0
6,1.9459101490553132,1,0,1,6,6,27,3.332204510175204,0,0,2,6,7,471,6.156978985585555,0,0,1,2,1,19,2.995732273553991,0,1,4,5,9,1,0,49468.0
4,1.6094379124341003,1,1,4,4,4,39,3.6888794541139363,0,0,4,4,9,394,5.978885764901122,1,1,4,2,4,23,3.1780538303479458,0,2,3,2,3,1,0,59792.0
11,2.4849066497880004,0,2,1,4,1,6,1.9459101490553132,1,0,1,6,6,402,5.998936561946683,1,0,2,3,2,3,1.3862943611198906,0,0,3,3,3,1,3,909.0
9,2.302585092994046,0,0,4,2,9,41,3.7376696182833684,0,2,1,6,1,363,5.8971538676367405,0,0,3,6,3,17,2.8903717578961645,0,2,2,3,7,1,0,42094.0
5,1.791759469228055,0,2,0,5,5,32,3.4965075614664802,1,2,2,4,2,485,6.186208623900494,0,2,0,2,5,15,2.772588722239781,0,0,0,1,5,1,2,59383.0
4,1.6094379124341003,1,1,4,4,4,42,3.7612001156935624,1,0,2,0,2,159,5.075173815233827,0,0,4,5,9,34,3.5553480614894135,1,1,4,6,4,1,0,113293.0
6,1.9459101490553132,1,0,1,6,6,25,3.258096538021482,0,1,0,4,5,319,5.768320995793772,0,1,4,4,9,23,3.1780538303479458,0,2,3,2,3,1,0,187164.0
6,1.9459101490553132,1,0,1,6,6,59,4.0943445622221,0,2,4,3,9,353,5.869296913133774,0,2,3,3,3,28,3.367295829986474,1,1,3,0,8,1,0,582805.0
10,2.3978952727983707,1,1,0,3,0,19,2.995732273553991,0,1,4,5,9,501,6.218600119691729,0,0,1,4,1,14,2.70805020110221,1,2,4,0,4,1,0,137435.0
11,2.4849066497880004,0,2,1,4,1,36,3.6109179126442243,1,0,1,1,6,298,5.700443573390687,1,1,3,4,8,7,2.0794415416798357,0,1,2,0,7,1,0,8227.0
12,2.5649493574615367,1,0,2,5,2,36,3.6109179126442243,1,0,1,1,6,367,5.908082938168931,0,1,2,3,7,28,3.367295829986474,1,1,3,0,8,1,1,30641.0
4,1.6094379124341003,1,1,4,4,4,24,3.2188758248682006,1,0,4,3,4,480,6.175867270105761,1,0,0,4,0,14,2.70805020110221,1,2,4,0,4,2,3,83285.0
11,2.4849066497880004,0,2,1,4,1,19,2.995732273553991,0,1,4,5,9,331,5.805134968916488,0,1,1,2,1,1,0.6931471805599453,0,1,1,1,1,1,3,311.0
9,2.302585092994046,0,0,4,2,9,49,3.912023005428146,0,1,4,0,9,419,6.040254711277414,0,2,4,6,9,17,2.8903717578961645,0,2,2,3,7,1,0,174122.0
5,1.791759469228055,0,2,0,5,5,43,3.784189633918261,0,1,3,1,3,230,5.442417710521793,1,2,0,6,0,24,3.2188758248682006,1,0,4,3,4,1,1,59381.0
10,2.3978952727983707,1,1,0,3,0,15,2.772588722239781,0,0,0,1,5,146,4.990432586778736,1,2,1,6,6,5,1.791759469228055,0,2,0,5,5,1,2,1079.0
9,2.302585092994046,0,0,4,2,9,59,4.0943445622221,0,2,4,3,9,406,6.008813185442595,1,1,1,0,6,6,1.9459101490553132,1,0,1,6,6,1,0,71248.0
8,2.1972245773362196,1,2,3,1,8,12,2.5649493574615367,1,0,2,5,2,327,5.793013608384144,0,0,2,5,7,4,1.6094379124341003,1,1,4,4,4,1,2,4133.0
6,1.9459101490553132,1,0,1,6,6,16,2.833213344056216,1,1,1,2,6,288,5.666426688112432,1,0,3,1,8,7,2.0794415416798357,0,1,2,0,7,1,2,11171.0
4,1.6094379124341003,1,1,4,4,4,42,3.7612001156935624,1,0,2,0,2,28,3.367295829986474,1,1,3,0,8,40,3.713572066704308,1,1,0,5,0,2,2,2293.0
3,1.3862943611198906,0,0,3,3,3,49,3.912023005428146,0,1,4,0,9,392,5.973809611869261,1,2,2,0,2,41,3.7376696182833684,0,2,1,6,1,1,1,797434.0
11,2.4849066497880004,0,2,1,4,1,55,4.02535169073515,0,1,0,6,5,138,4.9344739331306915,1,0,3,5,8,14,2.70805020110221,1,2,4,0,4,1,1,49579.0
11,2.4849066497880004,0,2,1,4,1,37,3.6375861597263857,0,1,2,2,7,67,4.219507705176107,0,1,2,4,7,29,3.4011973816621555,0,2,4,1,9,1,0,7704.0
10,2.3978952727983707,1,1,0,3,0,30,3.4339872044851463,1,0,0,2,0,226,5.424950017481403,1,1,1,2,6,10,2.3978952727983707,1,1,0,3,0,2,3,371.0
10,2.3978952727983707,1,1,0,3,0,29,3.4011973816621555,0,2,4,1,9,478,6.171700597410915,1,1,3,2,8,20,3.044522437723423,1,2,0,6,0,1,1,31191.0
9,2.302585092994046,0,0,4,2,9,23,3.1780538303479458,0,2,3,2,3,324,5.783825182329737,1,0,4,2,4,7,2.0794415416798357,0,1,2,0,7,1,1,52792.0
11,2.4849066497880004,0,2,1,4,1,27,3.332204510175204,0,0,2,6,7,403,6.0014148779611505,0,1,3,4,3,9,2.302585092994046,0,0,4,2,9,1,1,913.0
10,2.3978952727983707,1,1,0,3,0,9,2.302585092994046,0,0,4,2,9,165,5.111987788356544,0,0,0,4,5,5,1.791759469228055,0,2,0,5,5,1,2,7714.0
3,1.3862943611198906,0,0,3,3,3,27,3.332204510175204,0,0,2,6,7,121,4.804021044733257,0,1,1,2,1,12,2.5649493574615367,1,0,2,5,2,1,2,2201.0
12,2.5649493574615367,1,0,2,5,2,52,3.970291913552122,1,1,2,3,2,401,5.996452088619021,0,2,1,2,1,11,2.4849066497880004,0,2,1,4,1,1,0,5144.0
11,2.4849066497880004,0,2,1,4,1,41,3.7376696182833684,0,2,1,6,1,448,6.1070228877422545,1,1,3,0,8,23,3.1780538303479458,0,2,3,2,3,1,0,421962.0
10,2.3978952727983707,1,1,0,3,0,38,3.6635616461296463,1,2,3,3,8,365,5.902633333401366,0,2,0,1,5,14,2.70805020110221,1,2,4,0,4,1,0,96807.0
8,2.1972245773362196,1,2,3,1,8,24,3.2188758248682006,1,0,4,3,4,42,3.7612001156935624,1,0,2,0,2,12,2.5649493574615367,1,0,2,5,2,2,2,281.0
4,1.6094379124341003,1,1,4,4,4,46,3.8501476017100584,1,1,1,4,6,407,6.0112671744041615,0,2,2,1,7,1,0.6931471805599453,0,1,1,1,1,1,3,9403.0
11,2.4849066497880004,0,2,1,4,1,31,3.4657359027997265,0,1,1,3,1,209,5.3471075307174685,0,2,4,6,9,19,2.995732273553991,0,1,4,5,9,1,2,20044.0
3,1.3862943611198906,0,0,3,3,3,40,3.713572066704308,1,1,0,5,0,201,5.308267697401205,0,0,1,5,1,11,2.4849066497880004,0,2,1,4,1,1,1,2231.0
5,1.791759469228055,0,2,0,5,5,53,3.9889840465642745,0,2,3,4,3,157,5.062595033026967,0,1,2,3,7,6,1.9459101490553132,1,0,1,6,6,1,0,12265.0
3,1.3862943611198906,0,0,3,3,3,47,3.871201010907891,0,2,2,5,7,63,4.1588830833596715,0,0,3,0,3,33,3.5263605246161616,0,0,3,5,3,1,2,23753.0
5,1.791759469228055,0,2,0,5,5,25,3.258096538021482,0,1,0,4,5,194,5.272999558563747,1,2,4,5,4,17,2.8903717578961645,0,2,2,3,7,1,1,83506.0
3,1.3862943611198906,0,0,3,3,3,29,3.4011973816621555,0,2,4,1,9,426,6.056784013228625,1,0,1,6,6,23,3.1780538303479458,0,2,3,2,3,1,1,97286.0
4,1.6094379124341003,1,1,4,4,4,43,3.784189633918261,0,1,3,1,3,277,5.627621113690637,0,1,2,4,7,34,3.5553480614894135,1,1,4,6,4,1,0,136127.0
4,1.6094379124341003,1,1,4,4,4,49,3.912023005428146,0,1,4,0,9,343,5.840641657373398,0,1,3,0,3,9,2.302585092994046,0,0,4,2,9,1,1,50810.0
6,1.9459101490553132,1,0,1,6,6,18,2.9444389791664403,1,0,3,4,8,154,5.043425116919247,1,1,4,0,4,4,1.6094379124341003,1,1,4,4,4,2,1,621.0
8,2.1972245773362196,1,2,3,1,8,30,3.4339872044851463,1,0,0,2,0,234,5.459585514144159,1,0,4,3,4,1,0.6931471805599453,0,1,1,1,1,1,3,6803.0
12,2.5649493574615367,1,0,2,5,2,59,4.0943445622221,0,2,4,3,9,68,4.23410650459726,1,2,3,5,8,25,3.258096538021482,0,1,0,4,5,1,0,41813.0
7,2.0794415416798357,0,1,2,0,7,20,3.044522437723423,1,2,0,6,0,526,6.267200548541362,1,1,1,1,6,2,1.0986122886681098,1,2,2,2,2,1,2,723.0
6,1.9459101490553132,1,0,1,6,6,57,4.060443010546419,0,0,2,1,7,382,5.948034989180646,1,1,2,4,2,34,3.5553480614894135,1,1,4,6,4,1,0,247119.0
7,2.0794415416798357,0,1,2,0,7,42,3.7612001156935624,1,0,2,0,2,430,6.066108090103747,1,1,0,3,0,16,2.833213344056216,1,1,1,2,6,1,1,24239.0
11,2.4849066497880004,0,2,1,4,1,60,4.110873864173311,1,0,0,4,0,262,5.572154032177765,1,1,2,3,2,47,3.871201010907891,0,2,2,5,7,1,0,239829.0
10,2.3978952727983707,1,1,0,3,0,33,3.5263605246161616,0,0,3,5,3,436,6.07993319509559,1,1,1,2,6,5,1.791759469228055,0,2,0,5,5,1,1,12028.0
4,1.6094379124341003,1,1,4,4,4,50,3.9318256327243257,1,2,0,1,0,239,5.480638923341991,0,2,4,1,9,9,2.302585092994046,0,0,4,2,9,1,0,17957.0
11,2.4849066497880004,0,2,1,4,1,43,3.784189633918261,0,1,3,1,3,18,2.9444389791664403,1,0,3,4,8,40,3.713572066704308,1,1,0,5,0,1,0,1229.0
11,2.4849066497880004,0,2,1,4,1,45,3.828641396489095,0,0,0,3,5,385,5.955837369464831,0,1,0,0,5,19,2.995732273553991,0,1,4,5,9,1,1,54436.0
4,1.6094379124341003,1,1,4,4,4,43,3.784189633918261,0,1,3,1,3,86,4.465908118654584,1,2,1,2,6,36,3.6109179126442243,1,0,1,1,6,1,2,43289.0
3,1.3862943611198906,0,0,3,3,3,13,2.6390573296152584,0,1,3,6,3,125,4.836281906951478,0,2,0,6,5,12,2.5649493574615367,1,0,2,5,2,1,1,10247.0
6,1.9459101490553132,1,0,1,6,6,40,3.713572066704308,1,1,0,5,0,580,6.364750756851911,1,1,0,6,0,1,0.6931471805599453,0,1,1,1,1,1,3,23339.0
9,2.302585092994046,0,0,4,2,9,57,4.060443010546419,0,0,2,1,7,135,4.912654885736052,0,0,0,2,5,25,3.258096538021482,0,1,0,4,5,1,1,91222.0
11,2.4849066497880004,0,2,1,4,1,34,3.5553480614894135,1,1,4,6,4,338,5.82600010738045,1,2,3,2,8,26,3.295836866004329,1,2,1,5,6,1,1,148745.0
12,2.5649493574615367,1,0,2,5,2,42,3.7612001156935624,1,0,2,0,2,76,4.343805421853684,1,1,1,6,6,9,2.302585092994046,0,0,4,2,9,1,0,8135.0
3,1.3862943611198906,0,0,3,3,3,14,2.70805020110221,1,2,4,0,4,364,5.8998973535824915,1,1,4,0,4,13,2.6390573296152584,0,1,3,6,3,1,2,70393.0
11,2.4849066497880004,0,2,1,4,1,46,3.8501476017100584,1,1,1,4,6,360,5.8888779583328805,1,0,0,3,0,3,1.3862943611198906,0,0,3,3,3,1,1,48779.0
8,2.1972245773362196,1,2,3,1,8,13,2.6390573296152584,0,1,3,6,3,354,5.872117789475416,1,0,4,4,4,12,2.5649493574615367,1,0,2,5,2,1,0,58121.0
6,1.9459101490553132,1,0,1,6,6,48,3.8918202981106265,1,0,3,6,8,202,5.313205979041787,1,1,2,6,2,8,2.1972245773362196,1,2,3,1,8,2,2,3193.0
5,1.791759469228055,0,2,0,5,5,34,3.5553480614894135,1,1,4,6,4,426,6.056784013228625,1,0,1,6,6,2,1.0986122886681098,1,2,2,2,2,1,2,863.0
4,1.6094379124341003,1,1,4,4,4,40,3.713572066704308,1,1,0,5,0,301,5.71042701737487,0,1,1,0,1,5,1.791759469228055,0,2,0,5,5,1,2,1013.0
6,1.9459101490553132,1,0,1,6,6,5,1.791759469228055,0,2,0,5,5,508,6.2324480165505225,1,1,3,4,8,3,1.3862943611198906,0,0,3,3,3,1,1,4513.0
7,2.0794415416798357,0,1,2,0,7,44,3.8066624897703196,1,2,4,2,4,368,5.910796644040527,1,2,3,4,8,19,2.995732273553991,0,1,4,5,9,1,0,308505.0
9,2.302585092994046,0,0,4,2,9,33,3.5263605246161616,0,0,3,5,3,257,5.552959584921617,0,2,2,5,7,27,3.332204510175204,0,0,2,6,7,1,1,9484.0
3,1.3862943611198906,0,0,3,3,3,31,3.4657359027997265,0,1,1,3,1,454,6.12029741895095,1,1,4,6,4,23,3.1780538303479458,0,2,3,2,3,1,0,331920.0
9,2.302585092994046,0,0,4,2,9,51,3.9512437185814275,0,0,1,2,1,346,5.849324779946859,1,1,1,3,6,3,1.3862943611198906,0,0,3,3,3,1,2,17396.0
12,2.5649493574615367,1,0,2,5,2,56,4.04305126783455,1,2,1,0,6,39,3.6888794541139363,0,0,4,4,9,38,3.6635616461296463,1,2,3,3,8,1,0,1619.0
10,2.3978952727983707,1,1,0,3,0,54,4.007333185232471,1,0,4,5,4,197,5.288267030694535,0,2,2,1,7,15,2.772588722239781,0,0,0,1,5,1,0,25654.0
10,2.3978952727983707,1,1,0,3,0,60,4.110873864173311,1,0,0,4,0,217,5.384495062789089,0,1,2,0,7,22,3.1354942159291497,1,1,2,1,2,1,1,2569.0
10,2.3978952727983707,1,1,0,3,0,59,4.0943445622221,0,2,4,3,9,290,5.673323267171493,1,2,0,3,0,29,3.4011973816621555,0,2,4,1,9,1,2,48693.0
4,1.6094379124341003,1,1,4,4,4,52,3.970291913552122,1,1,2,3,2,160,5.081404364984463,1,1,0,6,0,10,2.3978952727983707,1,1,0,3,0,2,3,13759.0
7,2.0794415416798357,0,1,2,0,7,54,4.007333185232471,1,0,4,5,4,15,2.772588722239781,0,0,0,1,5,26,3.295836866004329,1,2,1,5,6,1,0,1409.0
5,1.791759469228055,0,2,0,5,5,16,2.833213344056216,1,1,1,2,6,152,5.030437921392435,1,2,2,5,2,4,1.6094379124341003,1,1,4,4,4,1,2,829.0
6,1.9459101490553132,1,0,1,6,6,5,1.791759469228055,0,2,0,5,5,63,4.1588830833596715,0,0,3,0,3,3,1.3862943611198906,0,0,3,3,3,1,2,1016.0
10,2.3978952727983707,1,1,0,3,0,9,2.302585092994046,0,0,4,2,9,372,5.921578419643816,1,0,2,1,2,8,2.1972245773362196,1,2,3,1,8,1,0,28951.0
3,1.3862943611198906,0,0,3,3,3,54,4.007333185232471,1,0,4,5,4,503,6.222576268071369,0,2,3,6,3,7,2.0794415416798357,0,1,2,0,7,1,1,96203.0
12,2.5649493574615367,1,0,2,5,2,41,3.7376696182833684,0,2,1,6,1,241,5.488937726156687,0,1,1,3,1,19,2.995732273553991,0,1,4,5,9,1,0,182500.0
5,1.791759469228055,0,2,0,5,5,60,4.110873864173311,1,0,0,4,0,307,5.730099782973574,0,1,2,6,7,45,3.828641396489095,0,0,0,3,5,1,2,27631.0
12,2.5649493574615367,1,0,2,5,2,43,3.784189633918261,0,1,3,1,3,297,5.697093486505405,0,0,2,3,7,17,2.8903717578961645,0,2,2,3,7,1,0,212894.0
5,1.791759469228055,0,2,0,5,5,50,3.9318256327243257,1,2,0,1,0,188,5.241747015059643,1,2,3,6,8,14,2.70805020110221,1,2,4,0,4,1,1,21753.0
7,2.0794415416798357,0,1,2,0,7,16,2.833213344056216,1,1,1,2,6,27,3.332204510175204,0,0,2,6,7,5,1.791759469228055,0,2,0,5,5,1,0,817.0
6,1.9459101490553132,1,0,1,6,6,48,3.8918202981106265,1,0,3,6,8,287,5.662960480135946,0,2,2,0,7,18,2.9444389791664403,1,0,3,4,8,1,2,20641.0
9,2.302585092994046,0,0,4,2,9,36,3.6109179126442243,1,0,1,1,6,59,4.0943445622221,0,2,4,3,9,34,3.5553480614894135,1,1,4,6,4,1,1,15721.0
11,2.4849066497880004,0,2,1,4,1,15,2.772588722239781,0,0,0,1,5,114,4.74493212836325,1,0,4,2,4,2,1.0986122886681098,1,2,2,2,2,1,1,1583.0
9,2.302585092994046,0,0,4,2,9,17,2.8903717578961645,0,2,2,3,7,304,5.720311776607412,1,1,4,3,4,10,2.3978952727983707,1,1,0,3,0,1,0,26522.0
10,2.3978952727983707,1,1,0,3,0,34,3.5553480614894135,1,1,4,6,4,433,6.073044534100405,0,1,3,6,3,9,2.302585092994046,0,0,4,2,9,1,0,7390.0
6,1.9459101490553132,1,0,1,6,6,48,3.8918202981106265,1,0,3,6,8,191,5.2574953720277815,0,2,1,2,1,31,3.4657359027997265,0,1,1,3,1,1,1,28093.0
6,1.9459101490553132,1,0,1,6,6,8,2.1972245773362196,1,2,3,1,8,271,5.605802066295998,0,1,1,5,1,7,2.0794415416798357,0,1,2,0,7,1,0,1669.0
8,2.1972245773362196,1,2,3,1,8,27,3.332204510175204,0,0,2,6,7,304,5.720311776607412,1,1,4,3,4,1,0.6931471805599453,0,1,1,1,1,1,4,1351.0
5,1.791759469228055,0,2,0,5,5,12,2.5649493574615367,1,0,2,5,2,19,2.995732273553991,0,1,4,5,9,3,1.3862943611198906,0,0,3,3,3,1,1,85.0
5,1.791759469228055,0,2,0,5,5,8,2.1972245773362196,1,2,3,1,8,446,6.102558594613569,1,2,1,5,6,7,2.0794415416798357,0,1,2,0,7,1,0,27779.0
9,2.302585092994046,0,0,4,2,9,18,2.9444389791664403,1,0,3,4,8,239,5.480638923341991,0,2,4,1,9,6,1.9459101490553132,1,0,1,6,6,1,2,2177.0
12,2.5649493574615367,1,0,2,5,2,59,4.0943445622221,0,2,4,3,9,370,5.916202062607435,1,1,0,6,0,39,3.6888794541139363,0,0,4,4,9,1,0,418750.0
5,1.791759469228055,0,2,0,5,5,14,2.70805020110221,1,2,4,0,4,150,5.017279836814924,1,0,0,3,0,3,1.3862943611198906,0,0,3,3,3,1,2,6481.0
8,2.1972245773362196,1,2,3,1,8,50,3.9318256327243257,1,2,0,1,0,321,5.7745515455444085,0,0,1,6,1,8,2.1972245773362196,1,2,3,1,8,1,1,12741.0
7,2.0794415416798357,0,1,2,0,7,26,3.295836866004329,1,2,1,5,6,214,5.3706380281276624,1,1,4,4,4,18,2.9444389791664403,1,0,3,4,8,1,0,16759.0
5,1.791759469228055,0,2,0,5,5,38,3.6635616461296463,1,2,3,3,8,350,5.860786223465865,1,2,0,0,0,11,2.4849066497880004,0,2,1,4,1,1,1,49299.0
9,2.302585092994046,0,0,4,2,9,37,3.6375861597263857,0,1,2,2,7,255,5.545177444479562,0,0,0,3,5,8,2.1972245773362196,1,2,3,1,8,1,0,9319.0
6,1.9459101490553132,1,0,1,6,6,13,2.6390573296152584,0,1,3,6,3,476,6.1675164908883415,1,2,1,0,6,3,1.3862943611198906,0,0,3,3,3,1,1,1969.0
12,2.5649493574615367,1,0,2,5,2,17,2.8903717578961645,0,2,2,3,7,376,5.932245187448011,1,1,1,5,6,11,2.4849066497880004,0,2,1,4,1,1,0,3273.0
12,2.5649493574615367,1,0,2,5,2,47,3.871201010907891,0,2,2,5,7,398,5.988961416889864,1,2,3,6,8,46,3.8501476017100584,1,1,1,4,6,1,0,852277.0
5,1.791759469228055,0,2,0,5,5,19,2.995732273553991,0,1,4,5,9,159,5.075173815233827,0,0,4,5,9,10,2.3978952727983707,1,1,0,3,0,1,1,7691.0
8,2.1972245773362196,1,2,3,1,8,13,2.6390573296152584,0,1,3,6,3,440,6.089044875446846,1,2,0,6,0,12,2.5649493574615367,1,0,2,5,2,1,1,72569.0
3,1.3862943611198906,0,0,3,3,3,5,1.791759469228055,0,2,0,5,5,134,4.90527477843843,1,2,4,1,4,1,0.6931471805599453,0,1,1,1,1,1,3,778.0
7,2.0794415416798357,0,1,2,0,7,13,2.6390573296152584,0,1,3,6,3,218,5.389071729816501,1,2,3,1,8,3,1.3862943611198906,0,0,3,3,3,1,0,2934.0
10,2.3978952727983707,1,1,0,3,0,13,2.6390573296152584,0,1,3,6,3,149,5.0106352940962555,0,2,4,2,9,12,2.5649493574615367,1,0,2,5,2,1,0,7781.0
6,1.9459101490553132,1,0,1,6,6,28,3.367295829986474,1,1,3,0,8,368,5.910796644040527,1,2,3,4,8,6,1.9459101490553132,1,0,1,6,6,2,1,31439.0
4,1.6094379124341003,1,1,4,4,4,30,3.4339872044851463,1,0,0,2,0,243,5.497168225293202,0,0,3,5,3,10,2.3978952727983707,1,1,0,3,0,1,1,7403.0
5,1.791759469228055,0,2,0,5,5,42,3.7612001156935624,1,0,2,0,2,129,4.867534450455582,0,0,4,3,9,4,1.6094379124341003,1,1,4,4,4,1,0,2647.0
4,1.6094379124341003,1,1,4,4,4,26,3.295836866004329,1,2,1,5,6,388,5.963579343618446,1,1,3,3,8,4,1.6094379124341003,1,1,4,4,4,2,3,6901.0
11,2.4849066497880004,0,2,1,4,1,55,4.02535169073515,0,1,0,6,5,259,5.560681631015528,0,1,4,0,9,14,2.70805020110221,1,2,4,0,4,1,1,97011.0
6,1.9459101490553132,1,0,1,6,6,29,3.4011973816621555,0,2,4,1,9,37,3.6375861597263857,0,1,2,2,7,8,2.1972245773362196,1,2,3,1,8,1,0,7335.0
11,2.4849066497880004,0,2,1,4,1,26,3.295836866004329,1,2,1,5,6,423,6.049733455231958,0,0,3,3,3,7,2.0794415416798357,0,1,2,0,7,1,0,38839.0
10,2.3978952727983707,1,1,0,3,0,17,2.8903717578961645,0,2,2,3,7,378,5.937536205082426,1,0,3,0,8,12,2.5649493574615367,1,0,2,5,2,1,0,26481.0
12,2.5649493574615367,1,0,2,5,2,10,2.3978952727983707,1,1,0,3,0,311,5.7430031878094825,0,2,1,3,1,4,1.6094379124341003,1,1,4,4,4,1,1,1309.0
4,1.6094379124341003,1,1,4,4,4,46,3.8501476017100584,1,1,1,4,6,473,6.161207321695077,0,2,3,4,3,28,3.367295829986474,1,1,3,0,8,1,1,308575.0
6,1.9459101490553132,1,0,1,6,6,13,2.6390573296152584,0,1,3,6,3,372,5.921578419643816,1,0,2,1,2,1,0.6931471805599453,0,1,1,1,1,1,4,844.0
3,1.3862943611198906,0,0,3,3,3,57,4.060443010546419,0,0,2,1,7,134,4.90527477843843,1,2,4,1,4,37,3.6375861597263857,0,1,2,2,7,1,1,14794.0
5,1.791759469228055,0,2,0,5,5,11,2.4849066497880004,0,2,1,4,1,146,4.990432586778736,1,2,1,6,6,10,2.3978952727983707,1,1,0,3,0,1,1,8458.0
4,1.6094379124341003,1,1,4,4,4,29,3.4011973816621555,0,2,4,1,9,34,3.5553480614894135,1,1,4,6,4,11,2.4849066497880004,0,2,1,4,1,1,0,1641.0
10,2.3978952727983707,1,1,0,3,0,24,3.2188758248682006,1,0,4,3,4,415,6.030685260261263,0,1,0,2,5,16,2.833213344056216,1,1,1,2,6,1,0,2249.0
6,1.9459101490553132,1,0,1,6,6,37,3.6375861597263857,0,1,2,2,7,195,5.278114659230517,0,0,0,6,5,32,3.4965075614664802,1,2,2,4,2,1,0,229799.0
11,2.4849066497880004,0,2,1,4,1,50,3.9318256327243257,1,2,0,1,0,275,5.62040086571715,0,2,0,2,5,47,3.871201010907891,0,2,2,5,7,1,1,105463.0
3,1.3862943611198906,0,0,3,3,3,53,3.9889840465642745,0,2,3,4,3,17,2.8903717578961645,0,2,2,3,7,8,2.1972245773362196,1,2,3,1,8,1,0,2979.0
11,2.4849066497880004,0,2,1,4,1,16,2.833213344056216,1,1,1,2,6,451,6.113682179832232,0,1,1,3,1,1,0.6931471805599453,0,1,1,1,1,1,4,733.0
3,1.3862943611198906,0,0,3,3,3,52,3.970291913552122,1,1,2,3,2,57,4.060443010546419,0,0,2,1,7,26,3.295836866004329,1,2,1,5,6,1,2,55.0
6,1.9459101490553132,1,0,1,6,6,46,3.8501476017100584,1,1,1,4,6,185,5.225746673713202,0,2,0,3,5,22,3.1354942159291497,1,1,2,1,2,1,0,4021.0
11,2.4849066497880004,0,2,1,4,1,7,2.0794415416798357,0,1,2,0,7,384,5.953243334287785,1,0,4,6,4,1,0.6931471805599453,0,1,1,1,1,1,3,2924.0
11,2.4849066497880004,0,2,1,4,1,17,2.8903717578961645,0,2,2,3,7,231,5.44673737166631,0,0,1,0,1,2,1.0986122886681098,1,2,2,2,2,1,1,777.0
12,2.5649493574615367,1,0,2,5,2,56,4.04305126783455,1,2,1,0,6,274,5.616771097666572,1,1,4,1,4,47,3.871201010907891,0,2,2,5,7,1,0,100257.0
10,2.3978952727983707,1,1,0,3,0,37,3.6375861597263857,0,1,2,2,7,325,5.786897381366708,0,1,0,3,5,19,2.995732273553991,0,1,4,5,9,1,0,25252.0
4,1.6094379124341003,1,1,4,4,4,36,3.6109179126442243,1,0,1,1,6,489,6.194405391104672,0,0,4,6,9,5,1.791759469228055,0,2,0,5,5,1,1,22408.0
9,2.302585092994046,0,0,4,2,9,7,2.0794415416798357,0,1,2,0,7,313,5.749392985908253,0,1,3,5,3,6,1.9459101490553132,1,0,1,6,6,1,0,1823.0
7,2.0794415416798357,0,1,2,0,7,60,4.110873864173311,1,0,0,4,0,511,6.238324625039508,0,1,1,0,1,25,3.258096538021482,0,1,0,4,5,1,1,3659.0
8,2.1972245773362196,1,2,3,1,8,11,2.4849066497880004,0,2,1,4,1,330,5.802118375377063,1,0,0,1,0,8,2.1972245773362196,1,2,3,1,8,1,2,4413.0
3,1.3862943611198906,0,0,3,3,3,55,4.02535169073515,0,1,0,6,5,432,6.07073772800249,1,0,2,5,2,47,3.871201010907891,0,2,2,5,7,1,1,1129112.0
9,2.302585092994046,0,0,4,2,9,50,3.9318256327243257,1,2,0,1,0,26,3.295836866004329,1,2,1,5,6,49,3.912023005428146,0,1,4,0,9,1,0,1699.0
4,1.6094379124341003,1,1,4,4,4,21,3.091042453358316,0,0,1,0,1,228,5.43372200355424,1,0,3,4,8,11,2.4849066497880004,0,2,1,4,1,1,1,27089.0
4,1.6094379124341003,1,1,4,4,4,50,3.9318256327243257,1,2,0,1,0,436,6.07993319509559,1,1,1,2,6,17,2.8903717578961645,0,2,2,3,7,1,1,8321.0
10,2.3978952727983707,1,1,0,3,0,11,2.4849066497880004,0,2,1,4,1,45,3.828641396489095,0,0,0,3,5,3,1.3862943611198906,0,0,3,3,3,1,1,36.0
6,1.9459101490553132,1,0,1,6,6,17,2.8903717578961645,0,2,2,3,7,218,5.389071729816501,1,2,3,1,8,7,2.0794415416798357,0,1,2,0,7,1,0,13331.0
11,2.4849066497880004,0,2,1,4,1,57,4.060443010546419,0,0,2,1,7,97,4.584967478670572,0,1,2,6,7,41,3.7376696182833684,0,2,1,6,1,1,0,34058.0
7,2.0794415416798357,0,1,2,0,7,37,3.6375861597263857,0,1,2,2,7,206,5.332718793265369,1,2,1,3,6,15,2.772588722239781,0,0,0,1,5,1,0,37766.0
9,2.302585092994046,0,0,4,2,9,20,3.044522437723423,1,2,0,6,0,61,4.127134385045092,0,1,1,5,1,16,2.833213344056216,1,1,1,2,6,1,0,109.0
8,2.1972245773362196,1,2,3,1,8,15,2.772588722239781,0,0,0,1,5,357,5.8805329864007,0,0,2,0,7,9,2.302585092994046,0,0,4,2,9,1,0,16738.0
8,2.1972245773362196,1,2,3,1,8,47,3.871201010907891,0,2,2,5,7,506,6.2285110035911835,1,2,1,2,6,6,1.9459101490553132,1,0,1,6,6,1,0,143137.0
12,2.5649493574615367,1,0,2,5,2,48,3.8918202981106265,1,0,3,6,8,441,6.091309882077698,0,0,1,0,1,29,3.4011973816621555,0,2,4,1,9,1,1,6925.0
5,1.791759469228055,0,2,0,5,5,56,4.04305126783455,1,2,1,0,6,344,5.84354441703136,1,2,4,1,4,18,2.9444389791664403,1,0,3,4,8,1,0,24833.0
4,1.6094379124341003,1,1,4,4,4,54,4.007333185232471,1,0,4,5,4,139,4.941642422609304,0,1,4,6,9,15,2.772588722239781,0,0,0,1,5,1,0,6181.0
10,2.3978952727983707,1,1,0,3,0,9,2.302585092994046,0,0,4,2,9,325,5.786897381366708,0,1,0,3,5,5,1.791759469228055,0,2,0,5,5,1,2,194.0
11,2.4849066497880004,0,2,1,4,1,60,4.110873864173311,1,0,0,4,0,109,4.700480365792417,0,1,4,4,9,36,3.6109179126442243,1,0,1,1,6,1,0,8957.0
7,2.0794415416798357,0,1,2,0,7,24,3.2188758248682006,1,0,4,3,4,55,4.02535169073515,0,1,0,6,5,12,2.5649493574615367,1,0,2,5,2,1,1,199.0
3,1.3862943611198906,0,0,3,3,3,60,4.110873864173311,1,0,0,4,0,187,5.236441962829949,0,1,2,5,7,38,3.6635616461296463,1,2,3,3,8,1,1,35539.0
12,2.5649493574615367,1,0,2,5,2,49,3.912023005428146,0,1,4,0,9,46,3.8501476017100584,1,1,1,4,6,13,2.6390573296152584,0,1,3,6,3,1,0,10852.0
11,2.4849066497880004,0,2,1,4,1,16,2.833213344056216,1,1,1,2,6,451,6.113682179832232,0,1,1,3,1,4,1.6094379124341003,1,1,4,4,4,1,2,745.0
12,2.5649493574615367,1,0,2,5,2,42,3.7612001156935624,1,0,2,0,2,502,6.220590170099739,1,1,2,5,2,36,3.6109179126442243,1,0,1,1,6,2,1,126409.0
9,2.302585092994046,0,0,4,2,9,25,3.258096538021482,0,1,0,4,5,511,6.238324625039508,0,1,1,0,1,18,2.9444389791664403,1,0,3,4,8,1,1,11744.0
4,1.6094379124341003,1,1,4,4,4,36,3.6109179126442243,1,0,1,1,6,191,5.2574953720277815,0,2,1,2,1,14,2.70805020110221,1,2,4,0,4,1,1,1100.0
12,2.5649493574615367,1,0,2,5,2,34,3.5553480614894135,1,1,4,6,4,334,5.814130531825066,1,1,4,5,4,11,2.4849066497880004,0,2,1,4,1,1,0,489.0
7,2.0794415416798357,0,1,2,0,7,28,3.367295829986474,1,1,3,0,8,190,5.25227342804663,1,1,0,1,0,14,2.70805020110221,1,2,4,0,4,1,3,1767.0
9,2.302585092994046,0,0,4,2,9,49,3.912023005428146,0,1,4,0,9,514,6.244166900663736,1,1,4,3,4,23,3.1780538303479458,0,2,3,2,3,1,0,580542.0
10,2.3978952727983707,1,1,0,3,0,50,3.9318256327243257,1,2,0,1,0,377,5.934894195619588,0,2,2,6,7,3,1.3862943611198906,0,0,3,3,3,1,1,9288.0
10,2.3978952727983707,1,1,0,3,0,32,3.4965075614664802,1,2,2,4,2,108,4.6913478822291435,1,0,3,3,8,28,3.367295829986474,1,1,3,0,8,2,0,22629.0
8,2.1972245773362196,1,2,3,1,8,17,2.8903717578961645,0,2,2,3,7,408,6.013715156042802,1,0,3,2,8,14,2.70805020110221,1,2,4,0,4,1,2,14397.0
8,2.1972245773362196,1,2,3,1,8,41,3.7376696182833684,0,2,1,6,1,338,5.82600010738045,1,2,3,2,8,32,3.4965075614664802,1,2,2,4,2,1,1,147819.0
9,2.302585092994046,0,0,4,2,9,29,3.4011973816621555,0,2,4,1,9,161,5.087596335232384,0,2,1,0,1,20,3.044522437723423,1,2,0,6,0,1,0,11391.0
4,1.6094379124341003,1,1,4,4,4,24,3.2188758248682006,1,0,4,3,4,243,5.497168225293202,0,0,3,5,3,16,2.833213344056216,1,1,1,2,6,1,2,11947.0
6,1.9459101490553132,1,0,1,6,6,35,3.58351893845611,0,2,0,0,5,597,6.393590753950631,0,0,2,2,7,1,0.6931471805599453,0,1,1,1,1,1,3,21106.0
5,1.791759469228055,0,2,0,5,5,23,3.1780538303479458,0,2,3,2,3,112,4.727387818712341,1,1,2,0,2,22,3.1354942159291497,1,1,2,1,2,1,0,28246.0
9,2.302585092994046,0,0,4,2,9,30,3.4339872044851463,1,0,0,2,0,408,6.013715156042802,1,0,3,2,8,24,3.2188758248682006,1,0,4,3,4,3,1,12367.0
3,1.3862943611198906,0,0,3,3,3,57,4.060443010546419,0,0,2,1,7,124,4.8283137373023015,1,1,4,5,4,9,2.302585092994046,0,0,4,2,9,1,2,21022.0
10,2.3978952727983707,1,1,0,3,0,17,2.8903717578961645,0,2,2,3,7,189,5.247024072160486,0,0,4,0,9,16,2.833213344056216,1,1,1,2,6,1,0,51543.0
10,2.3978952727983707,1,1,0,3,0,22,3.1354942159291497,1,1,2,1,2,316,5.75890177387728,1,1,1,1,6,11,2.4849066497880004,0,2,1,4,1,1,1,71.0
7,2.0794415416798357,0,1,2,0,7,55,4.02535169073515,0,1,0,6,5,352,5.8664680569332965,1,1,2,2,2,43,3.784189633918261,0,1,3,1,3,1,0,276896.0
10,2.3978952727983707,1,1,0,3,0,21,3.091042453358316,0,0,1,0,1,25,3.258096538021482,0,1,0,4,5,9,2.302585092994046,0,0,4,2,9,1,0,106.0
3,1.3862943611198906,0,0,3,3,3,48,3.8918202981106265,1,0,3,6,8,223,5.4116460518550396,0,1,3,6,3,45,3.828641396489095,0,0,0,3,5,1,2,80849.0
5,1.791759469228055,0,2,0,5,5,45,3.828641396489095,0,0,0,3,5,48,3.8918202981106265,1,0,3,6,8,19,2.995732273553991,0,1,4,5,9,1,1,37478.0
7,2.0794415416798357,0,1,2,0,7,35,3.58351893845611,0,2,0,0,5,336,5.820082930352362,1,0,1,0,6,6,1.9459101490553132,1,0,1,6,6,1,3,2363.0
8,2.1972245773362196,1,2,3,1,8,36,3.6109179126442243,1,0,1,1,6,339,5.8289456176102075,0,0,4,3,9,26,3.295836866004329,1,2,1,5,6,1,0,39794.0
3,1.3862943611198906,0,0,3,3,3,43,3.784189633918261,0,1,3,1,3,239,5.480638923341991,0,2,4,1,9,2,1.0986122886681098,1,2,2,2,2,1,0,10343.0
4,1.6094379124341003,1,1,4,4,4,48,3.8918202981106265,1,0,3,6,8,136,4.919980925828125,1,1,1,3,6,25,3.258096538021482,0,1,0,4,5,1,2,17959.0
3,1.3862943611198906,0,0,3,3,3,52,3.970291913552122,1,1,2,3,2,55,4.02535169073515,0,1,0,6,5,19,2.995732273553991,0,1,4,5,9,1,0,26149.0
7,2.0794415416798357,0,1,2,0,7,18,2.9444389791664403,1,0,3,4,8,210,5.351858133476067,1,0,0,0,0,13,2.6390573296152584,0,1,3,6,3,1,1,50111.0
8,2.1972245773362196,1,2,3,1,8,30,3.4339872044851463,1,0,0,2,0,78,4.3694478524670215,1,0,3,1,8,7,2.0794415416798357,0,1,2,0,7,1,0,2147.0
7,2.0794415416798357,0,1,2,0,7,12,2.5649493574615367,1,0,2,5,2,30,3.4339872044851463,1,0,0,2,0,4,1.6094379124341003,1,1,4,4,4,1,1,287.0
7,2.0794415416798357,0,1,2,0,7,43,3.784189633918261,0,1,3,1,3,281,5.641907070938114,0,2,1,1,1,39,3.6888794541139363,0,0,4,4,9,1,0,78360.0
9,2.302585092994046,0,0,4,2,9,28,3.367295829986474,1,1,3,0,8,23,3.1780538303479458,0,2,3,2,3,22,3.1354942159291497,1,1,2,1,2,1,0,2221.0
11,2.4849066497880004,0,2,1,4,1,45,3.828641396489095,0,0,0,3,5,51,3.9512437185814275,0,0,1,2,1,37,3.6375861597263857,0,1,2,2,7,1,0,340.0
8,2.1972245773362196,1,2,3,1,8,39,3.6888794541139363,0,0,4,4,9,84,4.442651256490317,1,0,4,0,4,23,3.1780538303479458,0,2,3,2,3,1,0,17452.0
4,1.6094379124341003,1,1,4,4,4,9,2.302585092994046,0,0,4,2,9,322,5.777652323222656,1,1,2,0,2,2,1.0986122886681098,1,2,2,2,2,1,2,2113.0
8,2.1972245773362196,1,2,3,1,8,46,3.8501476017100584,1,1,1,4,6,232,5.4510384535657,1,1,2,1,2,19,2.995732273553991,0,1,4,5,9,1,1,28549.0
8,2.1972245773362196,1,2,3,1,8,14,2.70805020110221,1,2,4,0,4,502,6.220590170099739,1,1,2,5,2,11,2.4849066497880004,0,2,1,4,1,1,0,81489.0
8,2.1972245773362196,1,2,3,1,8,15,2.772588722239781,0,0,0,1,5,497,6.210600077024653,0,2,2,0,7,4,1.6094379124341003,1,1,4,4,4,1,1,31219.0
12,2.5649493574615367,1,0,2,5,2,54,4.007333185232471,1,0,4,5,4,231,5.44673737166631,0,0,1,0,1,39,3.6888794541139363,0,0,4,4,9,3,0,78265.0
3,1.3862943611198906,0,0,3,3,3,46,3.8501476017100584,1,1,1,4,6,127,4.852030263919617,0,1,2,1,7,37,3.6375861597263857,0,1,2,2,7,1,0,107809.0
4,1.6094379124341003,1,1,4,4,4,41,3.7376696182833684,0,2,1,6,1,499,6.214608098422191,0,1,4,2,9,1,0.6931471805599453,0,1,1,1,1,1,3,1378.0
11,2.4849066497880004,0,2,1,4,1,21,3.091042453358316,0,0,1,0,1,30,3.4339872044851463,1,0,0,2,0,9,2.302585092994046,0,0,4,2,9,1,0,1214.0
5,1.791759469228055,0,2,0,5,5,29,3.4011973816621555,0,2,4,1,9,384,5.953243334287785,1,0,4,6,4,16,2.833213344056216,1,1,1,2,6,1,1,45467.0
11,2.4849066497880004,0,2,1,4,1,37,3.6375861597263857,0,1,2,2,7,167,5.123963979403259,0,2,2,6,7,32,3.4965075614664802,1,2,2,4,2,1,0,94823.0
12,2.5649493574615367,1,0,2,5,2,30,3.4339872044851463,1,0,0,2,0,376,5.932245187448011,1,1,1,5,6,15,2.772588722239781,0,0,0,1,5,1,1,11273.0
11,2.4849066497880004,0,2,1,4,1,33,3.5263605246161616,0,0,3,5,3,314,5.752572638825633,1,2,4,6,4,20,3.044522437723423,1,2,0,6,0,1,1,20591.0
7,2.0794415416798357,0,1,2,0,7,24,3.2188758248682006,1,0,4,3,4,131,4.882801922586371,0,2,1,5,1,14,2.70805020110221,1,2,4,0,4,1,1,10835.0
3,1.3862943611198906,0,0,3,3,3,59,4.0943445622221,0,2,4,3,9,135,4.912654885736052,0,0,0,2,5,12,2.5649493574615367,1,0,2,5,2,1,2,47473.0
10,2.3978952727983707,1,1,0,3,0,22,3.1354942159291497,1,1,2,1,2,234,5.459585514144159,1,0,4,3,4,12,2.5649493574615367,1,0,2,5,2,2,0,10289.0
5,1.791759469228055,0,2,0,5,5,13,2.6390573296152584,0,1,3,6,3,492,6.20050917404269,1,0,2,2,2,7,2.0794415416798357,0,1,2,0,7,1,0,47702.0
5,1.791759469228055,0,2,0,5,5,16,2.833213344056216,1,1,1,2,6,210,5.351858133476067,1,0,0,0,0,14,2.70805020110221,1,2,4,0,4,1,2,24391.0
5,1.791759469228055,0,2,0,5,5,8,2.1972245773362196,1,2,3,1,8,284,5.652489180268651,1,2,4,4,4,1,0.6931471805599453,0,1,1,1,1,1,3,2483.0
12,2.5649493574615367,1,0,2,5,2,23,3.1780538303479458,0,2,3,2,3,341,5.834810737062605,0,2,1,5,1,13,2.6390573296152584,0,1,3,6,3,1,0,102538.0
7,2.0794415416798357,0,1,2,0,7,8,2.1972245773362196,1,2,3,1,8,434,6.075346031088684,1,2,4,0,4,6,1.9459101490553132,1,0,1,6,6,1,1,3841.0
8,2.1972245773362196,1,2,3,1,8,46,3.8501476017100584,1,1,1,4,6,428,6.061456918928017,1,2,3,1,8,8,2.1972245773362196,1,2,3,1,8,2,1,11261.0
11,2.4849066497880004,0,2,1,4,1,8,2.1972245773362196,1,2,3,1,8,397,5.986452005284438,0,1,2,5,7,6,1.9459101490553132,1,0,1,6,6,1,0,2603.0
9,2.302585092994046,0,0,4,2,9,18,2.9444389791664403,1,0,3,4,8,173,5.159055299214529,0,2,3,5,3,12,2.5649493574615367,1,0,2,5,2,1,1,389.0
4,1.6094379124341003,1,1,4,4,4,60,4.110873864173311,1,0,0,4,0,274,5.616771097666572,1,1,4,1,4,34,3.5553480614894135,1,1,4,6,4,2,1,93317.0
10,2.3978952727983707,1,1,0,3,0,5,1.791759469228055,0,2,0,5,5,178,5.187385805840755,1,1,3,3,8,1,0.6931471805599453,0,1,1,1,1,1,4,81.0
7,2.0794415416798357,0,1,2,0,7,51,3.9512437185814275,0,0,1,2,1,454,6.12029741895095,1,1,4,6,4,17,2.8903717578961645,0,2,2,3,7,1,1,7744.0
4,1.6094379124341003,1,1,4,4,4,51,3.9512437185814275,0,0,1,2,1,364,5.8998973535824915,1,1,4,0,4,43,3.784189633918261,0,1,3,1,3,1,1,33539.0
12,2.5649493574615367,1,0,2,5,2,38,3.6635616461296463,1,2,3,3,8,183,5.214935757608986,0,0,3,1,3,7,2.0794415416798357,0,1,2,0,7,1,0,23171.0
9,2.302585092994046,0,0,4,2,9,57,4.060443010546419,0,0,2,1,7,471,6.156978985585555,0,0,1,2,1,21,3.091042453358316,0,0,1,0,1,3,0,31246.0
5,1.791759469228055,0,2,0,5,5,48,3.8918202981106265,1,0,3,6,8,241,5.488937726156687,0,1,1,3,1,26,3.295836866004329,1,2,1,5,6,1,0,3131.0
5,1.791759469228055,0,2,0,5,5,41,3.7376696182833684,0,2,1,6,1,180,5.198497031265826,1,0,0,5,0,1,0.6931471805599453,0,1,1,1,1,1,4,1438.0
12,2.5649493574615367,1,0,2,5,2,60,4.110873864173311,1,0,0,4,0,513,6.2422232654551655,0,0,3,2,3,17,2.8903717578961645,0,2,2,3,7,1,1,129766.0
4,1.6094379124341003,1,1,4,4,4,26,3.295836866004329,1,2,1,5,6,376,5.932245187448011,1,1,1,5,6,12,2.5649493574615367,1,0,2,5,2,2,2,20081.0
3,1.3862943611198906,0,0,3,3,3,33,3.5263605246161616,0,0,3,5,3,363,5.8971538676367405,0,0,3,6,3,28,3.367295829986474,1,1,3,0,8,1,3,34271.0
10,2.3978952727983707,1,1,0,3,0,56,4.04305126783455,1,2,1,0,6,375,5.929589143389895,0,0,0,4,5,19,2.995732273553991,0,1,4,5,9,1,0,197481.0
3,1.3862943611198906,0,0,3,3,3,45,3.828641396489095,0,0,0,3,5,306,5.726847747587197,1,0,1,5,6,14,2.70805020110221,1,2,4,0,4,1,2,19507.0
5,1.791759469228055,0,2,0,5,5,37,3.6375861597263857,0,1,2,2,7,173,5.159055299214529,0,2,3,5,3,33,3.5263605246161616,0,0,3,5,3,1,0,26332.0
10,2.3978952727983707,1,1,0,3,0,59,4.0943445622221,0,2,4,3,9,240,5.484796933490655,1,0,0,2,0,53,3.9889840465642745,0,2,3,4,3,1,1,365673.0
9,2.302585092994046,0,0,4,2,9,13,2.6390573296152584,0,1,3,6,3,94,4.553876891600541,1,1,4,3,4,11,2.4849066497880004,0,2,1,4,1,1,0,13074.0
6,1.9459101490553132,1,0,1,6,6,17,2.8903717578961645,0,2,2,3,7,74,4.31748811353631,1,2,4,4,4,11,2.4849066497880004,0,2,1,4,1,1,0,6717.0
6,1.9459101490553132,1,0,1,6,6,41,3.7376696182833684,0,2,1,6,1,71,4.276666119016055,0,2,1,1,1,13,2.6390573296152584,0,1,3,6,3,1,0,7070.0
12,2.5649493574615367,1,0,2,5,2,31,3.4657359027997265,0,1,1,3,1,58,4.07753744390572,1,1,3,2,8,24,3.2188758248682006,1,0,4,3,4,1,1,35251.0
12,2.5649493574615367,1,0,2,5,2,60,4.110873864173311,1,0,0,4,0,382,5.948034989180646,1,1,2,4,2,54,4.007333185232471,1,0,4,5,4,2,1,203119.0
3,1.3862943611198906,0,0,3,3,3,35,3.58351893845611,0,2,0,0,5,424,6.052089168924417,1,1,4,4,4,34,3.5553480614894135,1,1,4,6,4,1,0,257651.0
11,2.4849066497880004,0,2,1,4,1,51,3.9512437185814275,0,0,1,2,1,426,6.056784013228625,1,0,1,6,6,47,3.871201010907891,0,2,2,5,7,1,0,11932.0
5,1.791759469228055,0,2,0,5,5,58,4.07753744390572,1,1,3,2,8,257,5.552959584921617,0,2,2,5,7,28,3.367295829986474,1,1,3,0,8,1,0,17341.0
3,1.3862943611198906,0,0,3,3,3,8,2.1972245773362196,1,2,3,1,8,354,5.872117789475416,1,0,4,4,4,4,1.6094379124341003,1,1,4,4,4,1,2,3157.0
5,1.791759469228055,0,2,0,5,5,34,3.5553480614894135,1,1,4,6,4,234,5.459585514144159,1,0,4,3,4,4,1.6094379124341003,1,1,4,4,4,1,0,7985.0
4,1.6094379124341003,1,1,4,4,4,57,4.060443010546419,0,0,2,1,7,181,5.204006687076795,0,1,1,6,1,43,3.784189633918261,0,1,3,1,3,1,0,49044.0
6,1.9459101490553132,1,0,1,6,6,39,3.6888794541139363,0,0,4,4,9,463,6.139884552226255,0,1,3,1,3,32,3.4965075614664802,1,2,2,4,2,1,0,194975.0
9,2.302585092994046,0,0,4,2,9,22,3.1354942159291497,1,1,2,1,2,261,5.568344503761097,0,0,1,2,1,14,2.70805020110221,1,2,4,0,4,1,1,10135.0
12,2.5649493574615367,1,0,2,5,2,48,3.8918202981106265,1,0,3,6,8,352,5.8664680569332965,1,1,2,2,2,45,3.828641396489095,0,0,0,3,5,1,1,249889.0
9,2.302585092994046,0,0,4,2,9,40,3.713572066704308,1,1,0,5,0,249,5.521460917862246,0,0,4,4,9,28,3.367295829986474,1,1,3,0,8,1,0,2869.0
12,2.5649493574615367,1,0,2,5,2,12,2.5649493574615367,1,0,2,5,2,482,6.180016653652572,1,2,2,6,2,9,2.302585092994046,0,0,4,2,9,1,1,18319.0
10,2.3978952727983707,1,1,0,3,0,58,4.07753744390572,1,1,3,2,8,43,3.784189633918261,0,1,3,1,3,42,3.7612001156935624,1,0,2,0,2,1,0,4535.0
3,1.3862943611198906,0,0,3,3,3,19,2.995732273553991,0,1,4,5,9,365,5.902633333401366,0,2,0,1,5,16,2.833213344056216,1,1,1,2,6,1,0,57917.0
3,1.3862943611198906,0,0,3,3,3,8,2.1972245773362196,1,2,3,1,8,267,5.5909869805108565,0,0,2,1,7,1,0.6931471805599453,0,1,1,1,1,1,4,1181.0
11,2.4849066497880004,0,2,1,4,1,42,3.7612001156935624,1,0,2,0,2,500,6.2166061010848646,1,2,0,3,0,40,3.713572066704308,1,1,0,5,0,1,0,42053.0
4,1.6094379124341003,1,1,4,4,4,59,4.0943445622221,0,2,4,3,9,401,5.996452088619021,0,2,1,2,1,12,2.5649493574615367,1,0,2,5,2,1,1,95233.0
12,2.5649493574615367,1,0,2,5,2,36,3.6109179126442243,1,0,1,1,6,166,5.117993812416755,1,1,1,5,6,10,2.3978952727983707,1,1,0,3,0,2,1,859.0
5,1.791759469228055,0,2,0,5,5,32,3.4965075614664802,1,2,2,4,2,465,6.144185634125646,0,0,0,3,5,24,3.2188758248682006,1,0,4,3,4,1,1,1423.0
11,2.4849066497880004,0,2,1,4,1,33,3.5263605246161616,0,0,3,5,3,448,6.1070228877422545,1,1,3,0,8,29,3.4011973816621555,0,2,4,1,9,1,1,143614.0
6,1.9459101490553132,1,0,1,6,6,37,3.6375861597263857,0,1,2,2,7,78,4.3694478524670215,1,0,3,1,8,24,3.2188758248682006,1,0,4,3,4,1,2,65599.0
8,2.1972245773362196,1,2,3,1,8,46,3.8501476017100584,1,1,1,4,6,422,6.0473721790462776,1,2,2,2,2,7,2.0794415416798357,0,1,2,0,7,1,0,6473.0
11,2.4849066497880004,0,2,1,4,1,48,3.8918202981106265,1,0,3,6,8,201,5.308267697401205,0,0,1,5,1,3,1.3862943611198906,0,0,3,3,3,1,2,229.0
7,2.0794415416798357,0,1,2,0,7,35,3.58351893845611,0,2,0,0,5,262,5.572154032177765,1,1,2,3,2,13,2.6390573296152584,0,1,3,6,3,1,1,39736.0
7,2.0794415416798357,0,1,2,0,7,22,3.1354942159291497,1,1,2,1,2,161,5.087596335232384,0,2,1,0,1,21,3.091042453358316,0,0,1,0,1,1,2,6198.0
4,1.6094379124341003,1,1,4,4,4,58,4.07753744390572,1,1,3,2,8,98,4.59511985013459,1,2,3,0,8,53,3.9889840465642745,0,2,3,4,3,1,0,293923.0
8,2.1972245773362196,1,2,3,1,8,11,2.4849066497880004,0,2,1,4,1,482,6.180016653652572,1,2,2,6,2,9,2.302585092994046,0,0,4,2,9,1,0,25589.0
6,1.9459101490553132,1,0,1,6,6,10,2.3978952727983707,1,1,0,3,0,245,5.5053315359323625,0,2,0,0,5,8,2.1972245773362196,1,2,3,1,8,1,0,10511.0
5,1.791759469228055,0,2,0,5,5,54,4.007333185232471,1,0,4,5,4,509,6.234410725718371,0,2,4,5,9,23,3.1780538303479458,0,2,3,2,3,1,0,159359.0
4,1.6094379124341003,1,1,4,4,4,8,2.1972245773362196,1,2,3,1,8,63,4.1588830833596715,0,0,3,0,3,6,1.9459101490553132,1,0,1,6,6,1,1,265.0
10,2.3978952727983707,1,1,0,3,0,10,2.3978952727983707,1,1,0,3,0,450,6.111467339502679,1,0,0,2,0,4,1.6094379124341003,1,1,4,4,4,2,3,9653.0
6,1.9459101490553132,1,0,1,6,6,38,3.6635616461296463,1,2,3,3,8,147,4.997212273764115,0,0,2,0,7,35,3.58351893845611,0,2,0,0,5,1,0,6415.0
5,1.791759469228055,0,2,0,5,5,38,3.6635616461296463,1,2,3,3,8,469,6.152732694704104,0,1,4,0,9,18,2.9444389791664403,1,0,3,4,8,1,0,20353.0
5,1.791759469228055,0,2,0,5,5,16,2.833213344056216,1,1,1,2,6,438,6.0844994130751715,1,0,3,4,8,5,1.791759469228055,0,2,0,5,5,1,1,36761.0
3,1.3862943611198906,0,0,3,3,3,22,3.1354942159291497,1,1,2,1,2,135,4.912654885736052,0,0,0,2,5,9,2.302585092994046,0,0,4,2,9,1,3,13649.0
12,2.5649493574615367,1,0,2,5,2,18,2.9444389791664403,1,0,3,4,8,233,5.455321115357702,0,2,3,2,3,8,2.1972245773362196,1,2,3,1,8,1,0,16741.0
10,2.3978952727983707,1,1,0,3,0,54,4.007333185232471,1,0,4,5,4,415,6.030685260261263,0,1,0,2,5,45,3.828641396489095,0,0,0,3,5,1,0,6187.0
11,2.4849066497880004,0,2,1,4,1,24,3.2188758248682006,1,0,4,3,4,384,5.953243334287785,1,0,4,6,4,21,3.091042453358316,0,0,1,0,1,1,1,21755.0
12,2.5649493574615367,1,0,2,5,2,57,4.060443010546419,0,0,2,1,7,132,4.890349128221754,1,0,2,6,2,9,2.302585092994046,0,0,4,2,9,3,1,2588.0
8,2.1972245773362196,1,2,3,1,8,58,4.07753744390572,1,1,3,2,8,221,5.402677381872279,0,2,1,4,1,9,2.302585092994046,0,0,4,2,9,1,0,56380.0
9,2.302585092994046,0,0,4,2,9,29,3.4011973816621555,0,2,4,1,9,210,5.351858133476067,1,0,0,0,0,26,3.295836866004329,1,2,1,5,6,1,0,26126.0
3,1.3862943611198906,0,0,3,3,3,52,3.970291913552122,1,1,2,3,2,290,5.673323267171493,1,2,0,3,0,50,3.9318256327243257,1,2,0,1,0,1,0,380273.0
9,2.302585092994046,0,0,4,2,9,40,3.713572066704308,1,1,0,5,0,454,6.12029741895095,1,1,4,6,4,31,3.4657359027997265,0,1,1,3,1,1,0,565523.0
3,1.3862943611198906,0,0,3,3,3,56,4.04305126783455,1,2,1,0,6,346,5.849324779946859,1,1,1,3,6,21,3.091042453358316,0,0,1,0,1,1,1,58643.0
4,1.6094379124341003,1,1,4,4,4,13,2.6390573296152584,0,1,3,6,3,228,5.43372200355424,1,0,3,4,8,1,0.6931471805599453,0,1,1,1,1,1,4,775.0
3,1.3862943611198906,0,0,3,3,3,40,3.713572066704308,1,1,0,5,0,338,5.82600010738045,1,2,3,2,8,27,3.332204510175204,0,0,2,6,7,1,1,370819.0
11,2.4849066497880004,0,2,1,4,1,56,4.04305126783455,1,2,1,0,6,131,4.882801922586371,0,2,1,5,1,38,3.6635616461296463,1,2,3,3,8,1,0,4329.0
7,2.0794415416798357,0,1,2,0,7,56,4.04305126783455,1,2,1,0,6,120,4.795790545596741,1,0,0,1,0,24,3.2188758248682006,1,0,4,3,4,1,2,919.0
11,2.4849066497880004,0,2,1,4,1,47,3.871201010907891,0,2,2,5,7,471,6.156978985585555,0,0,1,2,1,15,2.772588722239781,0,0,0,1,5,1,0,352.0
9,2.302585092994046,0,0,4,2,9,51,3.9512437185814275,0,0,1,2,1,305,5.723585101952381,0,2,0,4,5,24,3.2188758248682006,1,0,4,3,4,1,0,15383.0
11,2.4849066497880004,0,2,1,4,1,59,4.0943445622221,0,2,4,3,9,469,6.152732694704104,0,1,4,0,9,14,2.70805020110221,1,2,4,0,4,1,0,192135.0
8,2.1972245773362196,1,2,3,1,8,16,2.833213344056216,1,1,1,2,6,90,4.51085950651685,1,0,0,6,0,7,2.0794415416798357,0,1,2,0,7,1,1,1385.0
7,2.0794415416798357,0,1,2,0,7,52,3.970291913552122,1,1,2,3,2,253,5.537334267018537,0,1,3,1,3,4,1.6094379124341003,1,1,4,4,4,1,1,2161.0
12,2.5649493574615367,1,0,2,5,2,58,4.07753744390572,1,1,3,2,8,253,5.537334267018537,0,1,3,1,3,25,3.258096538021482,0,1,0,4,5,1,0,177556.0
11,2.4849066497880004,0,2,1,4,1,17,2.8903717578961645,0,2,2,3,7,154,5.043425116919247,1,1,4,0,4,3,1.3862943611198906,0,0,3,3,3,1,1,446.0
3,1.3862943611198906,0,0,3,3,3,11,2.4849066497880004,0,2,1,4,1,476,6.1675164908883415,1,2,1,0,6,10,2.3978952727983707,1,1,0,3,0,1,0,28379.0
7,2.0794415416798357,0,1,2,0,7,59,4.0943445622221,0,2,4,3,9,352,5.8664680569332965,1,1,2,2,2,4,1.6094379124341003,1,1,4,4,4,1,1,2749.0
3,1.3862943611198906,0,0,3,3,3,12,2.5649493574615367,1,0,2,5,2,233,5.455321115357702,0,2,3,2,3,7,2.0794415416798357,0,1,2,0,7,1,1,523.0
3,1.3862943611198906,0,0,3,3,3,9,2.302585092994046,0,0,4,2,9,281,5.641907070938114,0,2,1,1,1,4,1.6094379124341003,1,1,4,4,4,1,1,5555.0
6,1.9459101490553132,1,0,1,6,6,56,4.04305126783455,1,2,1,0,6,161,5.087596335232384,0,2,1,0,1,42,3.7612001156935624,1,0,2,0,2,1,1,1325.0
7,2.0794415416798357,0,1,2,0,7,10,2.3978952727983707,1,1,0,3,0,471,6.156978985585555,0,0,1,2,1,3,1.3862943611198906,0,0,3,3,3,1,1,509.0
6,1.9459101490553132,1,0,1,6,6,49,3.912023005428146,0,1,4,0,9,421,6.045005314036012,0,1,1,1,1,43,3.784189633918261,0,1,3,1,3,1,0,25492.0
11,2.4849066497880004,0,2,1,4,1,7,2.0794415416798357,0,1,2,0,7,428,6.061456918928017,1,2,3,1,8,6,1.9459101490553132,1,0,1,6,6,1,0,1429.0
4,1.6094379124341003,1,1,4,4,4,29,3.4011973816621555,0,2,4,1,9,108,4.6913478822291435,1,0,3,3,8,1,0.6931471805599453,0,1,1,1,1,1,4,759.0
4,1.6094379124341003,1,1,4,4,4,37,3.6375861597263857,0,1,2,2,7,266,5.58724865840025,1,2,1,0,6,3,1.3862943611198906,0,0,3,3,3,1,0,4961.0
6,1.9459101490553132,1,0,1,6,6,39,3.6888794541139363,0,0,4,4,9,221,5.402677381872279,0,2,1,4,1,9,2.302585092994046,0,0,4,2,9,1,0,5150.0
5,1.791759469228055,0,2,0,5,5,39,3.6888794541139363,0,0,4,4,9,492,6.20050917404269,1,0,2,2,2,35,3.58351893845611,0,2,0,0,5,1,1,681784.0
7,2.0794415416798357,0,1,2,0,7,45,3.828641396489095,0,0,0,3,5,109,4.700480365792417,0,1,4,4,9,36,3.6109179126442243,1,0,1,1,6,1,0,3127.0
11,2.4849066497880004,0,2,1,4,1,48,3.8918202981106265,1,0,3,6,8,370,5.916202062607435,1,1,0,6,0,36,3.6109179126442243,1,0,1,1,6,1,0,52763.0
5,1.791759469228055,0,2,0,5,5,17,2.8903717578961645,0,2,2,3,7,293,5.683579767338681,0,2,3,6,3,11,2.4849066497880004,0,2,1,4,1,1,0,2375.0
8,2.1972245773362196,1,2,3,1,8,49,3.912023005428146,0,1,4,0,9,292,5.680172609017068,1,1,2,5,2,40,3.713572066704308,1,1,0,5,0,1,1,567937.0
4,1.6094379124341003,1,1,4,4,4,7,2.0794415416798357,0,1,2,0,7,159,5.075173815233827,0,0,4,5,9,5,1.791759469228055,0,2,0,5,5,1,0,6194.0
9,2.302585092994046,0,0,4,2,9,17,2.8903717578961645,0,2,2,3,7,198,5.293304824724492,1,0,3,2,8,16,2.833213344056216,1,1,1,2,6,1,1,6803.0
9,2.302585092994046,0,0,4,2,9,37,3.6375861597263857,0,1,2,2,7,378,5.937536205082426,1,0,3,0,8,23,3.1780538303479458,0,2,3,2,3,1,1,322394.0
7,2.0794415416798357,0,1,2,0,7,38,3.6635616461296463,1,2,3,3,8,185,5.225746673713202,0,2,0,3,5,10,2.3978952727983707,1,1,0,3,0,1,0,17313.0
5,1.791759469228055,0,2,0,5,5,12,2.5649493574615367,1,0,2,5,2,432,6.07073772800249,1,0,2,5,2,4,1.6094379124341003,1,1,4,4,4,1,3,5543.0
4,1.6094379124341003,1,1,4,4,4,40,3.713572066704308,1,1,0,5,0,222,5.407171771460119,1,0,2,5,2,34,3.5553480614894135,1,1,4,6,4,2,1,151937.0
8,2.1972245773362196,1,2,3,1,8,30,3.4339872044851463,1,0,0,2,0,139,4.941642422609304,0,1,4,6,9,20,3.044522437723423,1,2,0,6,0,1,0,541.0
8,2.1972245773362196,1,2,3,1,8,53,3.9889840465642745,0,2,3,4,3,283,5.648974238161206,0,1,3,3,3,29,3.4011973816621555,0,2,4,1,9,1,0,430482.0
8,2.1972245773362196,1,2,3,1,8,35,3.58351893845611,0,2,0,0,5,413,6.025865973825314,0,2,3,0,3,12,2.5649493574615367,1,0,2,5,2,1,0,174799.0
12,2.5649493574615367,1,0,2,5,2,20,3.044522437723423,1,2,0,6,0,200,5.303304908059076,1,2,0,4,0,13,2.6390573296152584,0,1,3,6,3,1,1,51247.0
6,1.9459101490553132,1,0,1,6,6,6,1.9459101490553132,1,0,1,6,6,215,5.375278407684165,0,2,0,5,5,4,1.6094379124341003,1,1,4,4,4,1,1,2921.0
6,1.9459101490553132,1,0,1,6,6,38,3.6635616461296463,1,2,3,3,8,388,5.963579343618446,1,1,3,3,8,9,2.302585092994046,0,0,4,2,9,1,0,133937.0
5,1.791759469228055,0,2,0,5,5,45,3.828641396489095,0,0,0,3,5,151,5.0238805208462765,0,1,1,4,1,39,3.6888794541139363,0,0,4,4,9,1,1,970.0
4,1.6094379124341003,1,1,4,4,4,46,3.8501476017100584,1,1,1,4,6,396,5.983936280687191,1,0,1,4,6,11,2.4849066497880004,0,2,1,4,1,1,2,28937.0
8,2.1972245773362196,1,2,3,1,8,11,2.4849066497880004,0,2,1,4,1,131,4.882801922586371,0,2,1,5,1,4,1.6094379124341003,1,1,4,4,4,1,1,5855.0
11,2.4849066497880004,0,2,1,4,1,28,3.367295829986474,1,1,3,0,8,356,5.877735781779639,1,2,1,6,6,6,1.9459101490553132,1,0,1,6,6,1,0,5981.0
5,1.791759469228055,0,2,0,5,5,12,2.5649493574615367,1,0,2,5,2,454,6.12029741895095,1,1,4,6,4,11,2.4849066497880004,0,2,1,4,1,1,0,21401.0
6,1.9459101490553132,1,0,1,6,6,59,4.0943445622221,0,2,4,3,9,162,5.093750200806762,1,0,2,1,2,57,4.060443010546419,0,0,2,1,7,1,1,266755.0
4,1.6094379124341003,1,1,4,4,4,5,1.791759469228055,0,2,0,5,5,416,6.0330862217988015,1,2,1,3,6,4,1.6094379124341003,1,1,4,4,4,1,3,1977.0
12,2.5649493574615367,1,0,2,5,2,48,3.8918202981106265,1,0,3,6,8,104,4.653960350157523,1,2,4,6,4,11,2.4849066497880004,0,2,1,4,1,1,1,4471.0
7,2.0794415416798357,0,1,2,0,7,29,3.4011973816621555,0,2,4,1,9,263,5.575949103146316,0,2,3,4,3,1,0.6931471805599453,0,1,1,1,1,1,3,939.0
11,2.4849066497880004,0,2,1,4,1,42,3.7612001156935624,1,0,2,0,2,296,5.6937321388027,1,2,1,2,6,35,3.58351893845611,0,2,0,0,5,1,0,12253.0
9,2.302585092994046,0,0,4,2,9,35,3.58351893845611,0,2,0,0,5,472,6.159095388491933,1,1,2,3,2,30,3.4339872044851463,1,0,0,2,0,1,0,10000.0
4,1.6094379124341003,1,1,4,4,4,46,3.8501476017100584,1,1,1,4,6,177,5.181783550292085,0,0,2,2,7,16,2.833213344056216,1,1,1,2,6,1,1,65003.0
10,2.3978952727983707,1,1,0,3,0,60,4.110873864173311,1,0,0,4,0,94,4.553876891600541,1,1,4,3,4,44,3.8066624897703196,1,2,4,2,4,2,1,2347.0
5,1.791759469228055,0,2,0,5,5,22,3.1354942159291497,1,1,2,1,2,393,5.976350909297934,0,0,3,1,3,19,2.995732273553991,0,1,4,5,9,1,0,21193.0
3,1.3862943611198906,0,0,3,3,3,45,3.828641396489095,0,0,0,3,5,71,4.276666119016055,0,2,1,1,1,24,3.2188758248682006,1,0,4,3,4,1,2,2501.0
6,1.9459101490553132,1,0,1,6,6,24,3.2188758248682006,1,0,4,3,4,383,5.950642552587727,0,2,3,5,3,6,1.9459101490553132,1,0,1,6,6,1,3,4705.0
3,1.3862943611198906,0,0,3,3,3,30,3.4339872044851463,1,0,0,2,0,59,4.0943445622221,0,2,4,3,9,15,2.772588722239781,0,0,0,1,5,1,3,289.0
3,1.3862943611198906,0,0,3,3,3,55,4.02535169073515,0,1,0,6,5,455,6.1224928095143865,0,2,0,0,5,8,2.1972245773362196,1,2,3,1,8,1,0,101201.0
11,2.4849066497880004,0,2,1,4,1,7,2.0794415416798357,0,1,2,0,7,245,5.5053315359323625,0,2,0,0,5,1,0.6931471805599453,0,1,1,1,1,1,4,302.0
6,1.9459101490553132,1,0,1,6,6,17,2.8903717578961645,0,2,2,3,7,238,5.476463551931511,1,1,3,0,8,14,2.70805020110221,1,2,4,0,4,1,2,58449.0
11,2.4849066497880004,0,2,1,4,1,10,2.3978952727983707,1,1,0,3,0,89,4.499809670330265,0,2,4,5,9,2,1.0986122886681098,1,2,2,2,2,1,1,409.0
8,2.1972245773362196,1,2,3,1,8,40,3.713572066704308,1,1,0,5,0,433,6.073044534100405,0,1,3,6,3,5,1.791759469228055,0,2,0,5,5,1,2,2172.0
5,1.791759469228055,0,2,0,5,5,48,3.8918202981106265,1,0,3,6,8,78,4.3694478524670215,1,0,3,1,8,46,3.8501476017100584,1,1,1,4,6,1,0,82267.0
4,1.6094379124341003,1,1,4,4,4,44,3.8066624897703196,1,2,4,2,4,490,6.19644412779452,1,1,0,0,0,11,2.4849066497880004,0,2,1,4,1,1,2,2429.0
6,1.9459101490553132,1,0,1,6,6,58,4.07753744390572,1,1,3,2,8,100,4.61512051684126,1,1,0,2,0,3,1.3862943611198906,0,0,3,3,3,1,1,16363.0
6,1.9459101490553132,1,0,1,6,6,48,3.8918202981106265,1,0,3,6,8,127,4.852030263919617,0,1,2,1,7,26,3.295836866004329,1,2,1,5,6,1,1,1167.0
12,2.5649493574615367,1,0,2,5,2,23,3.1780538303479458,0,2,3,2,3,289,5.66988092298052,0,1,4,2,9,6,1.9459101490553132,1,0,1,6,6,1,1,39701.0
8,2.1972245773362196,1,2,3,1,8,35,3.58351893845611,0,2,0,0,5,318,5.765191102784844,1,0,3,3,8,16,2.833213344056216,1,1,1,2,6,1,1,178427.0
12,2.5649493574615367,1,0,2,5,2,53,3.9889840465642745,0,2,3,4,3,318,5.765191102784844,1,0,3,3,8,9,2.302585092994046,0,0,4,2,9,1,1,74116.0
12,2.5649493574615367,1,0,2,5,2,50,3.9318256327243257,1,2,0,1,0,115,4.7535901911063645,0,1,0,3,5,45,3.828641396489095,0,0,0,3,5,1,0,23633.0
5,1.791759469228055,0,2,0,5,5,53,3.9889840465642745,0,2,3,4,3,455,6.1224928095143865,0,2,0,0,5,22,3.1354942159291497,1,1,2,1,2,1,1,133619.0
10,2.3978952727983707,1,1,0,3,0,51,3.9512437185814275,0,0,1,2,1,366,5.905361848054571,1,0,1,2,6,50,3.9318256327243257,1,2,0,1,0,1,1,925591.0
6,1.9459101490553132,1,0,1,6,6,13,2.6390573296152584,0,1,3,6,3,359,5.886104031450156,0,2,4,2,9,11,2.4849066497880004,0,2,1,4,1,1,0,54352.0
5,1.791759469228055,0,2,0,5,5,54,4.007333185232471,1,0,4,5,4,101,4.624972813284271,0,2,1,3,1,19,2.995732273553991,0,1,4,5,9,1,0,25045.0
5,1.791759469228055,0,2,0,5,5,25,3.258096538021482,0,1,0,4,5,357,5.8805329864007,0,0,2,0,7,20,3.044522437723423,1,2,0,6,0,1,2,9151.0
12,2.5649493574615367,1,0,2,5,2,24,3.2188758248682006,1,0,4,3,4,57,4.060443010546419,0,0,2,1,7,5,1.791759469228055,0,2,0,5,5,1,1,677.0
5,1.791759469228055,0,2,0,5,5,14,2.70805020110221,1,2,4,0,4,138,4.9344739331306915,1,0,3,5,8,6,1.9459101490553132,1,0,1,6,6,1,1,5969.0
10,2.3978952727983707,1,1,0,3,0,25,3.258096538021482,0,1,0,4,5,159,5.075173815233827,0,0,4,5,9,16,2.833213344056216,1,1,1,2,6,1,0,61903.0
8,2.1972245773362196,1,2,3,1,8,48,3.8918202981106265,1,0,3,6,8,399,5.991464547107982,0,0,4,0,9,12,2.5649493574615367,1,0,2,5,2,1,2,9569.0
11,2.4849066497880004,0,2,1,4,1,38,3.6635616461296463,1,2,3,3,8,391,5.971261839790462,0,1,1,6,1,4,1.6094379124341003,1,1,4,4,4,1,0,2947.0
7,2.0794415416798357,0,1,2,0,7,14,2.70805020110221,1,2,4,0,4,324,5.783825182329737,1,0,4,2,4,5,1.791759469228055,0,2,0,5,5,1,1,23721.0
6,1.9459101490553132,1,0,1,6,6,27,3.332204510175204,0,0,2,6,7,374,5.926926025970411,1,2,4,3,4,21,3.091042453358316,0,0,1,0,1,1,0,36059.0
11,2.4849066497880004,0,2,1,4,1,19,2.995732273553991,0,1,4,5,9,347,5.8522024797744745,0,2,2,4,7,17,2.8903717578961645,0,2,2,3,7,1,0,28555.0
6,1.9459101490553132,1,0,1,6,6,49,3.912023005428146,0,1,4,0,9,436,6.07993319509559,1,1,1,2,6,9,2.302585092994046,0,0,4,2,9,1,0,19330.0
8,2.1972245773362196,1,2,3,1,8,40,3.713572066704308,1,1,0,5,0,295,5.69035945432406,0,1,0,1,5,16,2.833213344056216,1,1,1,2,6,1,2,3359.0
10,2.3978952727983707,1,1,0,3,0,13,2.6390573296152584,0,1,3,6,3,71,4.276666119016055,0,2,1,1,1,4,1.6094379124341003,1,1,4,4,4,1,0,3335.0
10,2.3978952727983707,1,1,0,3,0,7,2.0794415416798357,0,1,2,0,7,419,6.040254711277414,0,2,4,6,9,3,1.3862943611198906,0,0,3,3,3,1,0,3260.0
6,1.9459101490553132,1,0,1,6,6,26,3.295836866004329,1,2,1,5,6,212,5.3612921657094255,1,2,2,2,2,20,3.044522437723423,1,2,0,6,0,2,0,11121.0
8,2.1972245773362196,1,2,3,1,8,36,3.6109179126442243,1,0,1,1,6,450,6.111467339502679,1,0,0,2,0,1,0.6931471805599453,0,1,1,1,1,1,3,16109.0
7,2.0794415416798357,0,1,2,0,7,19,2.995732273553991,0,1,4,5,9,74,4.31748811353631,1,2,4,4,4,15,2.772588722239781,0,0,0,1,5,1,0,6692.0
10,2.3978952727983707,1,1,0,3,0,19,2.995732273553991,0,1,4,5,9,208,5.342334251964811,1,1,3,5,8,15,2.772588722239781,0,0,0,1,5,1,0,3298.0
11,2.4849066497880004,0,2,1,4,1,56,4.04305126783455,1,2,1,0,6,442,6.093569770045136,1,1,2,1,2,18,2.9444389791664403,1,0,3,4,8,1,0,31559.0
5,1.791759469228055,0,2,0,5,5,46,3.8501476017100584,1,1,1,4,6,191,5.2574953720277815,0,2,1,2,1,3,1.3862943611198906,0,0,3,3,3,1,0,13027.0
3,1.3862943611198906,0,0,3,3,3,41,3.7376696182833684,0,2,1,6,1,359,5.886104031450156,0,2,4,2,9,31,3.4657359027997265,0,1,1,3,1,1,0,115873.0
12,2.5649493574615367,1,0,2,5,2,33,3.5263605246161616,0,0,3,5,3,108,4.6913478822291435,1,0,3,3,8,15,2.772588722239781,0,0,0,1,5,3,1,903.0
3,1.3862943611198906,0,0,3,3,3,36,3.6109179126442243,1,0,1,1,6,465,6.144185634125646,0,0,0,3,5,14,2.70805020110221,1,2,4,0,4,1,2,2719.0
