slot_R,slot_R_abs_log1p,slot_R_is_even,slot_R_mod3,slot_R_mod5,slot_R_mod7,slot_R_mod10,slot_r,slot_r_abs_log1p,slot_r_is_even,slot_r_mod3,slot_r_mod5,slot_r_mod7,slot_r_mod10,slot_triangle_name,gcd_all,n_multiple_pairs,y
67,4.219507705176107,0,1,2,4,7,22,3.1354942159291497,1,1,2,1,2,0,1,0,8844.0
89,4.499809670330265,0,2,4,5,9,22,3.1354942159291497,1,1,2,1,2,1,1,0,11748.0
55,4.02535169073515,0,1,0,6,5,26,3.295836866004329,1,2,1,5,6,0,1,0,8580.0
43,3.784189633918261,0,1,3,1,3,4,1.6094379124341003,1,1,4,4,4,2,1,0,1032.0
44,3.8066624897703196,1,2,4,2,4,4,1.6094379124341003,1,1,4,4,4,2,4,1,1056.0
77,4.356708826689592,0,2,2,0,7,30,3.4339872044851463,1,0,0,2,0,0,1,0,13860.0
60,4.110873864173311,1,0,0,4,0,30,3.4339872044851463,1,0,0,2,0,1,30,1,10800.0
73,4.30406509320417,0,1,3,3,3,6,1.9459101490553132,1,0,1,6,6,2,1,0,2628.0
91,4.5217885770490405,0,1,1,0,1,17,2.8903717578961645,0,2,2,3,7,3,1,0,9282.0
92,4.532599493153256,1,2,2,1,2,10,2.3978952727983707,1,1,0,3,0,1,2,0,5520.0
78,4.3694478524670215,1,0,3,1,8,14,2.70805020110221,1,2,4,0,4,3,2,0,6552.0
18,2.9444389791664403,1,0,3,4,8,3,1.3862943611198906,0,0,3,3,3,1,3,1,324.0
60,4.110873864173311,1,0,0,4,0,25,3.258096538021482,0,1,0,4,5,2,5,0,9000.0
68,4.23410650459726,1,2,3,5,8,25,3.258096538021482,0,1,0,4,5,3,1,0,10200.0
87,4.477336814478207,0,0,2,3,7,22,3.1354942159291497,1,1,2,1,2,0,1,0,11484.0
59,4.0943445622221,0,2,4,3,9,16,2.833213344056216,1,1,1,2,6,3,1,0,5664.0
66,4.204692619390966,1,0,1,3,6,7,2.0794415416798357,0,1,2,0,7,3,1,0,2772.0
100,4.61512051684126,1,1,0,2,0,3,1.3862943611198906,0,0,3,3,3,0,1,0,1800.0
27,3.332204510175204,0,0,2,6,7,4,1.6094379124341003,1,1,4,4,4,3,1,0,648.0
59,4.0943445622221,0,2,4,3,9,21,3.091042453358316,0,0,1,0,1,3,1,0,7434.0
93,4.543294782270004,0,0,3,2,3,21,3.091042453358316,0,0,1,0,1,1,3,0,11718.0
82,4.418840607796598,1,1,2,5,2,13,2.6390573296152584,0,1,3,6,3,2,1,0,6396.0
77,4.356708826689592,0,2,2,0,7,9,2.302585092994046,0,0,4,2,9,0,1,0,4158.0
23,3.1780538303479458,0,2,3,2,3,6,1.9459101490553132,1,0,1,6,6,1,1,0,828.0
45,3.828641396489095,0,0,0,3,5,22,3.1354942159291497,1,1,2,1,2,1,1,0,5940.0
41,3.7376696182833684,0,2,1,6,1,1,0.6931471805599453,0,1,1,1,1,2,1,1,246.0
48,3.8918202981106265,1,0,3,6,8,10,2.3978952727983707,1,1,0,3,0,2,2,0,2880.0
87,4.477336814478207,0,0,2,3,7,27,3.332204510175204,0,0,2,6,7,1,3,0,14094.0
99,4.605170185988092,0,0,4,1,9,4,1.6094379124341003,1,1,4,4,4,2,1,0,2376.0
80,4.394449154672439,1,2,0,3,0,30,3.4339872044851463,1,0,0,2,0,3,10,0,14400.0
79,4.382026634673881,0,1,4,2,9,22,3.1354942159291497,1,1,2,1,2,0,1,0,10428.0
58,4.07753744390572,1,1,3,2,8,20,3.044522437723423,1,2,0,6,0,3,2,0,6960.0
76,4.343805421853684,1,1,1,6,6,12,2.5649493574615367,1,0,2,5,2,1,4,0,5472.0
92,4.532599493153256,1,2,2,1,2,21,3.091042453358316,0,0,1,0,1,2,1,0,11592.0
77,4.356708826689592,0,2,2,0,7,21,3.091042453358316,0,0,1,0,1,3,7,0,9702.0
73,4.30406509320417,0,1,3,3,3,4,1.6094379124341003,1,1,4,4,4,3,1,0,1752.0
99,4.605170185988092,0,0,4,1,9,11,2.4849066497880004,0,2,1,4,1,1,11,1,6534.0
15,2.772588722239781,0,0,0,1,5,3,1.3862943611198906,0,0,3,3,3,3,3,1,270.0
98,4.59511985013459,1,2,3,0,8,21,3.091042453358316,0,0,1,0,1,2,7,0,12348.0
36,3.6109179126442243,1,0,1,1,6,5,1.791759469228055,0,2,0,5,5,2,1,0,1080.0
71,4.276666119016055,0,2,1,1,1,12,2.5649493574615367,1,0,2,5,2,1,1,0,5112.0
52,3.970291913552122,1,1,2,3,2,10,2.3978952727983707,1,1,0,3,0,3,2,0,3120.0
31,3.4657359027997265,0,1,1,3,1,14,2.70805020110221,1,2,4,0,4,3,1,0,2604.0
82,4.418840607796598,1,1,2,5,2,20,3.044522437723423,1,2,0,6,0,2,2,0,9840.0
65,4.189654742026425,0,2,0,2,5,15,2.772588722239781,0,0,0,1,5,0,5,0,5850.0
51,3.9512437185814275,0,0,1,2,1,23,3.1780538303479458,0,2,3,2,3,0,1,0,7038.0
87,4.477336814478207,0,0,2,3,7,24,3.2188758248682006,1,0,4,3,4,2,3,0,12528.0
28,3.367295829986474,1,1,3,0,8,5,1.791759469228055,0,2,0,5,5,3,1,0,840.0
100,4.61512051684126,1,1,0,2,0,22,3.1354942159291497,1,1,2,1,2,3,2,0,13200.0
75,4.330733340286331,0,0,0,5,5,5,1.791759469228055,0,2,0,5,5,2,5,1,2250.0
48,3.8918202981106265,1,0,3,6,8,17,2.8903717578961645,0,2,2,3,7,2,1,0,4896.0
54,4.007333185232471,1,0,4,5,4,14,2.70805020110221,1,2,4,0,4,2,2,0,4536.0
45,3.828641396489095,0,0,0,3,5,22,3.1354942159291497,1,1,2,1,2,0,1,0,5940.0
65,4.189654742026425,0,2,0,2,5,9,2.302585092994046,0,0,4,2,9,0,1,0,3510.0
71,4.276666119016055,0,2,1,1,1,30,3.4339872044851463,1,0,0,2,0,0,1,0,12780.0
45,3.828641396489095,0,0,0,3,5,18,2.9444389791664403,1,0,3,4,8,1,9,0,4860.0
66,4.204692619390966,1,0,1,3,6,26,3.295836866004329,1,2,1,5,6,0,2,0,10296.0
65,4.189654742026425,0,2,0,2,5,22,3.1354942159291497,1,1,2,1,2,3,1,0,8580.0
92,4.532599493153256,1,2,2,1,2,8,2.1972245773362196,1,2,3,1,8,2,4,0,4416.0
74,4.31748811353631,1,2,4,4,4,4,1.6094379124341003,1,1,4,4,4,1,2,0,1776.0
62,4.143134726391533,1,2,2,6,2,6,1.9459101490553132,1,0,1,6,6,1,2,0,2232.0
28,3.367295829986474,1,1,3,0,8,10,2.3978952727983707,1,1,0,3,0,1,2,0,1680.0
78,4.3694478524670215,1,0,3,1,8,21,3.091042453358316,0,0,1,0,1,3,3,0,9828.0
53,3.9889840465642745,0,2,3,4,3,1,0.6931471805599453,0,1,1,1,1,2,1,1,318.0
35,3.58351893845611,0,2,0,0,5,17,2.8903717578961645,0,2,2,3,7,2,1,0,3570.0
43,3.784189633918261,0,1,3,1,3,4,1.6094379124341003,1,1,4,4,4,3,1,0,1032.0
74,4.31748811353631,1,2,4,4,4,29,3.4011973816621555,0,2,4,1,9,3,1,0,12876.0
94,4.553876891600541,1,1,4,3,4,5,1.791759469228055,0,2,0,5,5,2,1,0,2820.0
47,3.871201010907891,0,2,2,5,7,22,3.1354942159291497,1,1,2,1,2,2,1,0,6204.0
56,4.04305126783455,1,2,1,0,6,25,3.258096538021482,0,1,0,4,5,3,1,0,8400.0
71,4.276666119016055,0,2,1,1,1,27,3.332204510175204,0,0,2,6,7,3,1,0,11502.0
48,3.8918202981106265,1,0,3,6,8,18,2.9444389791664403,1,0,3,4,8,2,6,0,5184.0
40,3.713572066704308,1,1,0,5,0,11,2.4849066497880004,0,2,1,4,1,3,1,0,2640.0
93,4.543294782270004,0,0,3,2,3,20,3.044522437723423,1,2,0,6,0,3,1,0,11160.0
69,4.248495242049359,0,0,4,6,9,28,3.367295829986474,1,1,3,0,8,1,1,0,11592.0
59,4.0943445622221,0,2,4,3,9,8,2.1972245773362196,1,2,3,1,8,0,1,0,2832.0
59,4.0943445622221,0,2,4,3,9,26,3.295836866004329,1,2,1,5,6,1,1,0,9204.0
83,4.430816798843313,0,2,3,6,3,27,3.332204510175204,0,0,2,6,7,1,1,0,13446.0
9,2.302585092994046,0,0,4,2,9,3,1.3862943611198906,0,0,3,3,3,1,3,1,162.0
91,4.5217885770490405,0,1,1,0,1,20,3.044522437723423,1,2,0,6,0,0,1,0,10920.0
70,4.2626798770413155,1,1,0,0,0,14,2.70805020110221,1,2,4,0,4,3,14,1,5880.0
73,4.30406509320417,0,1,3,3,3,21,3.091042453358316,0,0,1,0,1,3,1,0,9198.0
95,4.564348191467836,0,2,0,4,5,1,0.6931471805599453,0,1,1,1,1,1,1,1,570.0
53,3.9889840465642745,0,2,3,4,3,14,2.70805020110221,1,2,4,0,4,1,1,0,4452.0
72,4.290459441148391,1,0,2,2,2,17,2.8903717578961645,0,2,2,3,7,1,1,0,7344.0
98,4.59511985013459,1,2,3,0,8,8,2.1972245773362196,1,2,3,1,8,3,2,0,4704.0
79,4.382026634673881,0,1,4,2,9,19,2.995732273553991,0,1,4,5,9,1,1,0,9006.0
81,4.406719247264253,0,0,1,4,1,29,3.4011973816621555,0,2,4,1,9,1,1,0,14094.0
61,4.127134385045092,0,1,1,5,1,27,3.332204510175204,0,0,2,6,7,2,1,0,9882.0
92,4.532599493153256,1,2,2,1,2,13,2.6390573296152584,0,1,3,6,3,3,1,0,7176.0
27,3.332204510175204,0,0,2,6,7,11,2.4849066497880004,0,2,1,4,1,0,1,0,1782.0
34,3.5553480614894135,1,1,4,6,4,11,2.4849066497880004,0,2,1,4,1,2,1,0,2244.0
27,3.332204510175204,0,0,2,6,7,8,2.1972245773362196,1,2,3,1,8,2,1,0,1296.0
36,3.6109179126442243,1,0,1,1,6,9,2.302585092994046,0,0,4,2,9,1,9,1,1944.0
64,4.174387269895637,1,1,4,1,4,15,2.772588722239781,0,0,0,1,5,2,1,0,5760.0
97,4.584967478670572,0,1,2,6,7,27,3.332204510175204,0,0,2,6,7,1,1,0,15714.0
47,3.871201010907891,0,2,2,5,7,1,0.6931471805599453,0,1,1,1,1,2,1,1,282.0
94,4.553876891600541,1,1,4,3,4,27,3.332204510175204,0,0,2,6,7,1,1,0,15228.0
20,3.044522437723423,1,2,0,6,0,5,1.791759469228055,0,2,0,5,5,0,5,1,600.0
86,4.465908118654584,1,2,1,2,6,23,3.1780538303479458,0,2,3,2,3,3,1,0,11868.0
26,3.295836866004329,1,2,1,5,6,3,1.3862943611198906,0,0,3,3,3,3,1,0,468.0
85,4.454347296253507,0,1,0,1,5,17,2.8903717578961645,0,2,2,3,7,0,17,1,8670.0
44,3.8066624897703196,1,2,4,2,4,17,2.8903717578961645,0,2,2,3,7,3,1,0,4488.0
80,4.394449154672439,1,2,0,3,0,27,3.332204510175204,0,0,2,6,7,2,1,0,12960.0
15,2.772588722239781,0,0,0,1,5,6,1.9459101490553132,1,0,1,6,6,1,3,0,540.0
70,4.2626798770413155,1,1,0,0,0,20,3.044522437723423,1,2,0,6,0,2,10,0,8400.0
33,3.5263605246161616,0,0,3,5,3,3,1.3862943611198906,0,0,3,3,3,3,3,1,594.0
24,3.2188758248682006,1,0,4,3,4,1,0.6931471805599453,0,1,1,1,1,1,1,1,144.0
89,4.499809670330265,0,2,4,5,9,8,2.1972245773362196,1,2,3,1,8,2,1,0,4272.0
34,3.5553480614894135,1,1,4,6,4,17,2.8903717578961645,0,2,2,3,7,2,17,1,3468.0
48,3.8918202981106265,1,0,3,6,8,10,2.3978952727983707,1,1,0,3,0,1,2,0,2880.0
93,4.543294782270004,0,0,3,2,3,17,2.8903717578961645,0,2,2,3,7,2,1,0,9486.0
91,4.5217885770490405,0,1,1,0,1,11,2.4849066497880004,0,2,1,4,1,1,1,0,6006.0
95,4.564348191467836,0,2,0,4,5,15,2.772588722239781,0,0,0,1,5,3,5,0,8550.0
75,4.330733340286331,0,0,0,5,5,10,2.3978952727983707,1,1,0,3,0,2,5,0,4500.0
70,4.2626798770413155,1,1,0,0,0,18,2.9444389791664403,1,0,3,4,8,1,2,0,7560.0
66,4.204692619390966,1,0,1,3,6,12,2.5649493574615367,1,0,2,5,2,3,6,0,4752.0
71,4.276666119016055,0,2,1,1,1,11,2.4849066497880004,0,2,1,4,1,0,1,0,4686.0
55,4.02535169073515,0,1,0,6,5,21,3.091042453358316,0,0,1,0,1,0,1,0,6930.0
90,4.51085950651685,1,0,0,6,0,25,3.258096538021482,0,1,0,4,5,3,5,0,13500.0
46,3.8501476017100584,1,1,1,4,6,13,2.6390573296152584,0,1,3,6,3,2,1,0,3588.0
32,3.4965075614664802,1,2,2,4,2,11,2.4849066497880004,0,2,1,4,1,2,1,0,2112.0
61,4.127134385045092,0,1,1,5,1,18,2.9444389791664403,1,0,3,4,8,3,1,0,6588.0
38,3.6635616461296463,1,2,3,3,8,16,2.833213344056216,1,1,1,2,6,2,2,0,3648.0
66,4.204692619390966,1,0,1,3,6,6,1.9459101490553132,1,0,1,6,6,3,6,1,2376.0
100,4.61512051684126,1,1,0,2,0,17,2.8903717578961645,0,2,2,3,7,2,1,0,10200.0
33,3.5263605246161616,0,0,3,5,3,15,2.772588722239781,0,0,0,1,5,2,3,0,2970.0
18,2.9444389791664403,1,0,3,4,8,4,1.6094379124341003,1,1,4,4,4,1,2,0,432.0
21,3.091042453358316,0,0,1,0,1,5,1.791759469228055,0,2,0,5,5,1,1,0,630.0
66,4.204692619390966,1,0,1,3,6,23,3.1780538303479458,0,2,3,2,3,0,1,0,9108.0
98,4.59511985013459,1,2,3,0,8,25,3.258096538021482,0,1,0,4,5,0,1,0,14700.0
88,4.48863636973214,1,1,3,4,8,28,3.367295829986474,1,1,3,0,8,2,4,0,14784.0
72,4.290459441148391,1,0,2,2,2,11,2.4849066497880004,0,2,1,4,1,1,1,0,4752.0
17,2.8903717578961645,0,2,2,3,7,8,2.1972245773362196,1,2,3,1,8,0,1,0,816.0
48,3.8918202981106265,1,0,3,6,8,20,3.044522437723423,1,2,0,6,0,3,4,0,5760.0
87,4.477336814478207,0,0,2,3,7,12,2.5649493574615367,1,0,2,5,2,2,3,0,6264.0
83,4.430816798843313,0,2,3,6,3,11,2.4849066497880004,0,2,1,4,1,2,1,0,5478.0
52,3.970291913552122,1,1,2,3,2,13,2.6390573296152584,0,1,3,6,3,1,13,1,4056.0
65,4.189654742026425,0,2,0,2,5,28,3.367295829986474,1,1,3,0,8,0,1,0,10920.0
55,4.02535169073515,0,1,0,6,5,1,0.6931471805599453,0,1,1,1,1,0,1,1,330.0
35,3.58351893845611,0,2,0,0,5,16,2.833213344056216,1,1,1,2,6,0,1,0,3360.0
79,4.382026634673881,0,1,4,2,9,2,1.0986122886681098,1,2,2,2,2,1,1,0,948.0
88,4.48863636973214,1,1,3,4,8,4,1.6094379124341003,1,1,4,4,4,0,4,1,2112.0
77,4.356708826689592,0,2,2,0,7,22,3.1354942159291497,1,1,2,1,2,1,11,0,10164.0
37,3.6375861597263857,0,1,2,2,7,9,2.302585092994046,0,0,4,2,9,1,1,0,1998.0
33,3.5263605246161616,0,0,3,5,3,9,2.302585092994046,0,0,4,2,9,0,3,0,1782.0
93,4.543294782270004,0,0,3,2,3,27,3.332204510175204,0,0,2,6,7,2,3,0,15066.0
46,3.8501476017100584,1,1,1,4,6,21,3.091042453358316,0,0,1,0,1,1,1,0,5796.0
37,3.6375861597263857,0,1,2,2,7,10,2.3978952727983707,1,1,0,3,0,3,1,0,2220.0
93,4.543294782270004,0,0,3,2,3,11,2.4849066497880004,0,2,1,4,1,0,1,0,6138.0
41,3.7376696182833684,0,2,1,6,1,10,2.3978952727983707,1,1,0,3,0,0,1,0,2460.0
49,3.912023005428146,0,1,4,0,9,22,3.1354942159291497,1,1,2,1,2,1,1,0,6468.0
65,4.189654742026425,0,2,0,2,5,1,0.6931471805599453,0,1,1,1,1,3,1,1,390.0
64,4.174387269895637,1,1,4,1,4,15,2.772588722239781,0,0,0,1,5,1,1,0,5760.0
89,4.499809670330265,0,2,4,5,9,26,3.295836866004329,1,2,1,5,6,3,1,0,13884.0
95,4.564348191467836,0,2,0,4,5,29,3.4011973816621555,0,2,4,1,9,2,1,0,16530.0
68,4.23410650459726,1,2,3,5,8,30,3.4339872044851463,1,0,0,2,0,0,2,0,12240.0
44,3.8066624897703196,1,2,4,2,4,12,2.5649493574615367,1,0,2,5,2,3,4,0,3168.0
40,3.713572066704308,1,1,0,5,0,17,2.8903717578961645,0,2,2,3,7,3,1,0,4080.0
62,4.143134726391533,1,2,2,6,2,24,3.2188758248682006,1,0,4,3,4,2,2,0,8928.0
71,4.276666119016055,0,2,1,1,1,26,3.295836866004329,1,2,1,5,6,2,1,0,11076.0
49,3.912023005428146,0,1,4,0,9,1,0.6931471805599453,0,1,1,1,1,1,1,1,294.0
86,4.465908118654584,1,2,1,2,6,25,3.258096538021482,0,1,0,4,5,3,1,0,12900.0
62,4.143134726391533,1,2,2,6,2,15,2.772588722239781,0,0,0,1,5,3,1,0,5580.0
82,4.418840607796598,1,1,2,5,2,22,3.1354942159291497,1,1,2,1,2,0,2,0,10824.0
98,4.59511985013459,1,2,3,0,8,6,1.9459101490553132,1,0,1,6,6,1,2,0,3528.0
68,4.23410650459726,1,2,3,5,8,12,2.5649493574615367,1,0,2,5,2,0,4,0,4896.0
37,3.6375861597263857,0,1,2,2,7,12,2.5649493574615367,1,0,2,5,2,0,1,0,2664.0
97,4.584967478670572,0,1,2,6,7,25,3.258096538021482,0,1,0,4,5,1,1,0,14550.0
44,3.8066624897703196,1,2,4,2,4,19,2.995732273553991,0,1,4,5,9,3,1,0,5016.0
59,4.0943445622221,0,2,4,3,9,9,2.302585092994046,0,0,4,2,9,0,1,0,3186.0
61,4.127134385045092,0,1,1,5,1,21,3.091042453358316,0,0,1,0,1,1,1,0,7686.0
93,4.543294782270004,0,0,3,2,3,30,3.4339872044851463,1,0,0,2,0,1,3,0,16740.0
65,4.189654742026425,0,2,0,2,5,3,1.3862943611198906,0,0,3,3,3,3,1,0,1170.0
100,4.61512051684126,1,1,0,2,0,4,1.6094379124341003,1,1,4,4,4,2,4,1,2400.0
26,3.295836866004329,1,2,1,5,6,13,2.6390573296152584,0,1,3,6,3,0,13,1,2028.0
71,4.276666119016055,0,2,1,1,1,24,3.2188758248682006,1,0,4,3,4,3,1,0,10224.0
97,4.584967478670572,0,1,2,6,7,29,3.4011973816621555,0,2,4,1,9,1,1,0,16878.0
94,4.553876891600541,1,1,4,3,4,4,1.6094379124341003,1,1,4,4,4,0,2,0,2256.0
55,4.02535169073515,0,1,0,6,5,26,3.295836866004329,1,2,1,5,6,1,1,0,8580.0
74,4.31748811353631,1,2,4,4,4,27,3.332204510175204,0,0,2,6,7,0,1,0,11988.0
95,4.564348191467836,0,2,0,4,5,1,0.6931471805599453,0,1,1,1,1,0,1,1,570.0
54,4.007333185232471,1,0,4,5,4,23,3.1780538303479458,0,2,3,2,3,0,1,0,7452.0
43,3.784189633918261,0,1,3,1,3,6,1.9459101490553132,1,0,1,6,6,3,1,0,1548.0
26,3.295836866004329,1,2,1,5,6,7,2.0794415416798357,0,1,2,0,7,1,1,0,1092.0
59,4.0943445622221,0,2,4,3,9,23,3.1780538303479458,0,2,3,2,3,1,1,0,8142.0
57,4.060443010546419,0,0,2,1,7,25,3.258096538021482,0,1,0,4,5,1,1,0,8550.0
45,3.828641396489095,0,0,0,3,5,5,1.791759469228055,0,2,0,5,5,1,5,1,1350.0
55,4.02535169073515,0,1,0,6,5,19,2.995732273553991,0,1,4,5,9,3,1,0,6270.0
57,4.060443010546419,0,0,2,1,7,20,3.044522437723423,1,2,0,6,0,1,1,0,6840.0
56,4.04305126783455,1,2,1,0,6,22,3.1354942159291497,1,1,2,1,2,1,2,0,7392.0
50,3.9318256327243257,1,2,0,1,0,21,3.091042453358316,0,0,1,0,1,0,1,0,6300.0
44,3.8066624897703196,1,2,4,2,4,18,2.9444389791664403,1,0,3,4,8,2,2,0,4752.0
83,4.430816798843313,0,2,3,6,3,21,3.091042453358316,0,0,1,0,1,1,1,0,10458.0
83,4.430816798843313,0,2,3,6,3,18,2.9444389791664403,1,0,3,4,8,2,1,0,8964.0
61,4.127134385045092,0,1,1,5,1,28,3.367295829986474,1,1,3,0,8,2,1,0,10248.0
74,4.31748811353631,1,2,4,4,4,8,2.1972245773362196,1,2,3,1,8,2,2,0,3552.0
62,4.143134726391533,1,2,2,6,2,1,0.6931471805599453,0,1,1,1,1,3,1,1,372.0
82,4.418840607796598,1,1,2,5,2,25,3.258096538021482,0,1,0,4,5,0,1,0,12300.0
72,4.290459441148391,1,0,2,2,2,22,3.1354942159291497,1,1,2,1,2,2,2,0,9504.0
54,4.007333185232471,1,0,4,5,4,6,1.9459101490553132,1,0,1,6,6,0,6,1,1944.0
97,4.584967478670572,0,1,2,6,7,19,2.995732273553991,0,1,4,5,9,1,1,0,11058.0
76,4.343805421853684,1,1,1,6,6,26,3.295836866004329,1,2,1,5,6,3,2,0,11856.0
50,3.9318256327243257,1,2,0,1,0,3,1.3862943611198906,0,0,3,3,3,3,1,0,900.0
85,4.454347296253507,0,1,0,1,5,12,2.5649493574615367,1,0,2,5,2,3,1,0,6120.0
69,4.248495242049359,0,0,4,6,9,3,1.3862943611198906,0,0,3,3,3,2,3,1,1242.0
97,4.584967478670572,0,1,2,6,7,5,1.791759469228055,0,2,0,5,5,2,1,0,2910.0
75,4.330733340286331,0,0,0,5,5,15,2.772588722239781,0,0,0,1,5,1,15,1,6750.0
42,3.7612001156935624,1,0,2,0,2,8,2.1972245773362196,1,2,3,1,8,1,2,0,2016.0
85,4.454347296253507,0,1,0,1,5,17,2.8903717578961645,0,2,2,3,7,3,17,1,8670.0
96,4.574710978503383,1,0,1,5,6,10,2.3978952727983707,1,1,0,3,0,1,2,0,5760.0
66,4.204692619390966,1,0,1,3,6,30,3.4339872044851463,1,0,0,2,0,3,6,0,11880.0
77,4.356708826689592,0,2,2,0,7,22,3.1354942159291497,1,1,2,1,2,3,11,0,10164.0
62,4.143134726391533,1,2,2,6,2,2,1.0986122886681098,1,2,2,2,2,0,2,1,744.0
99,4.605170185988092,0,0,4,1,9,24,3.2188758248682006,1,0,4,3,4,0,3,0,14256.0
91,4.5217885770490405,0,1,1,0,1,10,2.3978952727983707,1,1,0,3,0,2,1,0,5460.0
55,4.02535169073515,0,1,0,6,5,9,2.302585092994046,0,0,4,2,9,3,1,0,2970.0
60,4.110873864173311,1,0,0,4,0,23,3.1780538303479458,0,2,3,2,3,1,1,0,8280.0
74,4.31748811353631,1,2,4,4,4,12,2.5649493574615367,1,0,2,5,2,3,2,0,5328.0
79,4.382026634673881,0,1,4,2,9,2,1.0986122886681098,1,2,2,2,2,2,1,0,948.0
61,4.127134385045092,0,1,1,5,1,2,1.0986122886681098,1,2,2,2,2,2,1,0,732.0
89,4.499809670330265,0,2,4,5,9,22,3.1354942159291497,1,1,2,1,2,0,1,0,11748.0
87,4.477336814478207,0,0,2,3,7,6,1.9459101490553132,1,0,1,6,6,0,3,0,3132.0
72,4.290459441148391,1,0,2,2,2,27,3.332204510175204,0,0,2,6,7,1,9,0,11664.0
33,3.5263605246161616,0,0,3,5,3,2,1.0986122886681098,1,2,2,2,2,3,1,0,396.0
50,3.9318256327243257,1,2,0,1,0,25,3.258096538021482,0,1,0,4,5,0,25,1,7500.0
73,4.30406509320417,0,1,3,3,3,24,3.2188758248682006,1,0,4,3,4,2,1,0,10512.0
47,3.871201010907891,0,2,2,5,7,2,1.0986122886681098,1,2,2,2,2,1,1,0,564.0
66,4.204692619390966,1,0,1,3,6,26,3.295836866004329,1,2,1,5,6,1,2,0,10296.0
58,4.07753744390572,1,1,3,2,8,18,2.9444389791664403,1,0,3,4,8,0,2,0,6264.0
62,4.143134726391533,1,2,2,6,2,16,2.833213344056216,1,1,1,2,6,2,2,0,5952.0
84,4.442651256490317,1,0,4,0,4,14,2.70805020110221,1,2,4,0,4,2,14,1,7056.0
78,4.3694478524670215,1,0,3,1,8,10,2.3978952727983707,1,1,0,3,0,3,2,0,4680.0
34,3.5553480614894135,1,1,4,6,4,15,2.772588722239781,0,0,0,1,5,3,1,0,3060.0
86,4.465908118654584,1,2,1,2,6,10,2.3978952727983707,1,1,0,3,0,2,2,0,5160.0
94,4.553876891600541,1,1,4,3,4,20,3.044522437723423,1,2,0,6,0,3,2,0,11280.0
32,3.4965075614664802,1,2,2,4,2,16,2.833213344056216,1,1,1,2,6,1,16,1,3072.0
92,4.532599493153256,1,2,2,1,2,25,3.258096538021482,0,1,0,4,5,2,1,0,13800.0
53,3.9889840465642745,0,2,3,4,3,21,3.091042453358316,0,0,1,0,1,2,1,0,6678.0
65,4.189654742026425,0,2,0,2,5,10,2.3978952727983707,1,1,0,3,0,1,5,0,3900.0
92,4.532599493153256,1,2,2,1,2,3,1.3862943611198906,0,0,3,3,3,1,1,0,1656.0
77,4.356708826689592,0,2,2,0,7,3,1.3862943611198906,0,0,3,3,3,1,1,0,1386.0
67,4.219507705176107,0,1,2,4,7,26,3.295836866004329,1,2,1,5,6,2,1,0,10452.0
74,4.31748811353631,1,2,4,4,4,26,3.295836866004329,1,2,1,5,6,3,2,0,11544.0
60,4.110873864173311,1,0,0,4,0,9,2.302585092994046,0,0,4,2,9,3,3,0,3240.0
51,3.9512437185814275,0,0,1,2,1,21,3.091042453358316,0,0,1,0,1,2,3,0,6426.0
72,4.290459441148391,1,0,2,2,2,7,2.0794415416798357,0,1,2,0,7,0,1,0,3024.0
43,3.784189633918261,0,1,3,1,3,6,1.9459101490553132,1,0,1,6,6,2,1,0,1548.0
96,4.574710978503383,1,0,1,5,6,20,3.044522437723423,1,2,0,6,0,2,4,0,11520.0
48,3.8918202981106265,1,0,3,6,8,12,2.5649493574615367,1,0,2,5,2,1,12,1,3456.0
56,4.04305126783455,1,2,1,0,6,4,1.6094379124341003,1,1,4,4,4,0,4,1,1344.0
85,4.454347296253507,0,1,0,1,5,24,3.2188758248682006,1,0,4,3,4,0,1,0,12240.0
56,4.04305126783455,1,2,1,0,6,27,3.332204510175204,0,0,2,6,7,3,1,0,9072.0
62,4.143134726391533,1,2,2,6,2,24,3.2188758248682006,1,0,4,3,4,3,2,0,8928.0
77,4.356708826689592,0,2,2,0,7,3,1.3862943611198906,0,0,3,3,3,0,1,0,1386.0
80,4.394449154672439,1,2,0,3,0,10,2.3978952727983707,1,1,0,3,0,2,10,1,4800.0
70,4.2626798770413155,1,1,0,0,0,25,3.258096538021482,0,1,0,4,5,1,5,0,10500.0
67,4.219507705176107,0,1,2,4,7,5,1.791759469228055,0,2,0,5,5,3,1,0,2010.0
87,4.477336814478207,0,0,2,3,7,26,3.295836866004329,1,2,1,5,6,3,1,0,13572.0
90,4.51085950651685,1,0,0,6,0,30,3.4339872044851463,1,0,0,2,0,1,30,1,16200.0
43,3.784189633918261,0,1,3,1,3,10,2.3978952727983707,1,1,0,3,0,0,1,0,2580.0
69,4.248495242049359,0,0,4,6,9,6,1.9459101490553132,1,0,1,6,6,3,3,0,2484.0
88,4.48863636973214,1,1,3,4,8,30,3.4339872044851463,1,0,0,2,0,0,2,0,15840.0
53,3.9889840465642745,0,2,3,4,3,8,2.1972245773362196,1,2,3,1,8,2,1,0,2544.0
100,4.61512051684126,1,1,0,2,0,26,3.295836866004329,1,2,1,5,6,0,2,0,15600.0
80,4.394449154672439,1,2,0,3,0,14,2.70805020110221,1,2,4,0,4,3,2,0,6720.0
89,4.499809670330265,0,2,4,5,9,28,3.367295829986474,1,1,3,0,8,0,1,0,14952.0
39,3.6888794541139363,0,0,4,4,9,19,2.995732273553991,0,1,4,5,9,2,1,0,4446.0
73,4.30406509320417,0,1,3,3,3,8,2.1972245773362196,1,2,3,1,8,2,1,0,3504.0
64,4.174387269895637,1,1,4,1,4,16,2.833213344056216,1,1,1,2,6,1,16,1,6144.0
64,4.174387269895637,1,1,4,1,4,15,2.772588722239781,0,0,0,1,5,0,1,0,5760.0
38,3.6635616461296463,1,2,3,3,8,13,2.6390573296152584,0,1,3,6,3,2,1,0,2964.0
75,4.330733340286331,0,0,0,5,5,7,2.0794415416798357,0,1,2,0,7,2,1,0,3150.0
96,4.574710978503383,1,0,1,5,6,7,2.0794415416798357,0,1,2,0,7,0,1,0,4032.0
81,4.406719247264253,0,0,1,4,1,30,3.4339872044851463,1,0,0,2,0,2,3,0,14580.0
46,3.8501476017100584,1,1,1,4,6,23,3.1780538303479458,0,2,3,2,3,2,23,1,6348.0
64,4.174387269895637,1,1,4,1,4,8,2.1972245773362196,1,2,3,1,8,1,8,1,3072.0
30,3.4339872044851463,1,0,0,2,0,6,1.9459101490553132,1,0,1,6,6,1,6,1,1080.0
89,4.499809670330265,0,2,4,5,9,11,2.4849066497880004,0,2,1,4,1,3,1,0,5874.0
21,3.091042453358316,0,0,1,0,1,8,2.1972245773362196,1,2,3,1,8,1,1,0,1008.0
36,3.6109179126442243,1,0,1,1,6,10,2.3978952727983707,1,1,0,3,0,3,2,0,2160.0
19,2.995732273553991,0,1,4,5,9,7,2.0794415416798357,0,1,2,0,7,2,1,0,798.0
61,4.127134385045092,0,1,1,5,1,11,2.4849066497880004,0,2,1,4,1,3,1,0,4026.0
46,3.8501476017100584,1,1,1,4,6,18,2.9444389791664403,1,0,3,4,8,3,2,0,4968.0
96,4.574710978503383,1,0,1,5,6,11,2.4849066497880004,0,2,1,4,1,2,1,0,6336.0
69,4.248495242049359,0,0,4,6,9,18,2.9444389791664403,1,0,3,4,8,1,3,0,7452.0
96,4.574710978503383,1,0,1,5,6,26,3.295836866004329,1,2,1,5,6,0,2,0,14976.0
47,3.871201010907891,0,2,2,5,7,4,1.6094379124341003,1,1,4,4,4,0,1,0,1128.0
89,4.499809670330265,0,2,4,5,9,10,2.3978952727983707,1,1,0,3,0,0,1,0,5340.0
85,4.454347296253507,0,1,0,1,5,26,3.295836866004329,1,2,1,5,6,1,1,0,13260.0
99,4.605170185988092,0,0,4,1,9,22,3.1354942159291497,1,1,2,1,2,2,11,0,13068.0
65,4.189654742026425,0,2,0,2,5,14,2.70805020110221,1,2,4,0,4,2,1,0,5460.0
54,4.007333185232471,1,0,4,5,4,16,2.833213344056216,1,1,1,2,6,1,2,0,5184.0
85,4.454347296253507,0,1,0,1,5,13,2.6390573296152584,0,1,3,6,3,1,1,0,6630.0
93,4.543294782270004,0,0,3,2,3,29,3.4011973816621555,0,2,4,1,9,1,1,0,16182.0
85,4.454347296253507,0,1,0,1,5,8,2.1972245773362196,1,2,3,1,8,3,1,0,4080.0
55,4.02535169073515,0,1,0,6,5,7,2.0794415416798357,0,1,2,0,7,3,1,0,2310.0
90,4.51085950651685,1,0,0,6,0,14,2.70805020110221,1,2,4,0,4,0,2,0,7560.0
95,4.564348191467836,0,2,0,4,5,13,2.6390573296152584,0,1,3,6,3,3,1,0,7410.0
82,4.418840607796598,1,1,2,5,2,27,3.332204510175204,0,0,2,6,7,0,1,0,13284.0
82,4.418840607796598,1,1,2,5,2,23,3.1780538303479458,0,2,3,2,3,2,1,0,11316.0
63,4.1588830833596715,0,0,3,0,3,14,2.70805020110221,1,2,4,0,4,2,7,0,5292.0
55,4.02535169073515,0,1,0,6,5,14,2.70805020110221,1,2,4,0,4,1,1,0,4620.0
78,4.3694478524670215,1,0,3,1,8,12,2.5649493574615367,1,0,2,5,2,1,6,0,5616.0
55,4.02535169073515,0,1,0,6,5,24,3.2188758248682006,1,0,4,3,4,2,1,0,7920.0
54,4.007333185232471,1,0,4,5,4,25,3.258096538021482,0,1,0,4,5,1,1,0,8100.0
61,4.127134385045092,0,1,1,5,1,25,3.258096538021482,0,1,0,4,5,0,1,0,9150.0
100,4.61512051684126,1,1,0,2,0,16,2.833213344056216,1,1,1,2,6,1,4,0,9600.0
34,3.5553480614894135,1,1,4,6,4,8,2.1972245773362196,1,2,3,1,8,0,2,0,1632.0
19,2.995732273553991,0,1,4,5,9,3,1.3862943611198906,0,0,3,3,3,2,1,0,342.0
59,4.0943445622221,0,2,4,3,9,27,3.332204510175204,0,0,2,6,7,2,1,0,9558.0
61,4.127134385045092,0,1,1,5,1,7,2.0794415416798357,0,1,2,0,7,0,1,0,2562.0
77,4.356708826689592,0,2,2,0,7,30,3.4339872044851463,1,0,0,2,0,2,1,0,13860.0
55,4.02535169073515,0,1,0,6,5,23,3.1780538303479458,0,2,3,2,3,3,1,0,7590.0
89,4.499809670330265,0,2,4,5,9,10,2.3978952727983707,1,1,0,3,0,1,1,0,5340.0
23,3.1780538303479458,0,2,3,2,3,2,1.0986122886681098,1,2,2,2,2,2,1,0,276.0
63,4.1588830833596715,0,0,3,0,3,23,3.1780538303479458,0,2,3,2,3,2,1,0,8694.0
61,4.127134385045092,0,1,1,5,1,18,2.9444389791664403,1,0,3,4,8,1,1,0,6588.0
89,4.499809670330265,0,2,4,5,9,27,3.332204510175204,0,0,2,6,7,3,1,0,14418.0
59,4.0943445622221,0,2,4,3,9,13,2.6390573296152584,0,1,3,6,3,3,1,0,4602.0
66,4.204692619390966,1,0,1,3,6,24,3.2188758248682006,1,0,4,3,4,3,6,0,9504.0
22,3.1354942159291497,1,1,2,1,2,8,2.1972245773362196,1,2,3,1,8,1,2,0,1056.0
66,4.204692619390966,1,0,1,3,6,26,3.295836866004329,1,2,1,5,6,3,2,0,10296.0
55,4.02535169073515,0,1,0,6,5,22,3.1354942159291497,1,1,2,1,2,2,11,0,7260.0
72,4.290459441148391,1,0,2,2,2,19,2.995732273553991,0,1,4,5,9,3,1,0,8208.0
67,4.219507705176107,0,1,2,4,7,27,3.332204510175204,0,0,2,6,7,0,1,0,10854.0
63,4.1588830833596715,0,0,3,0,3,30,3.4339872044851463,1,0,0,2,0,0,3,0,11340.0
29,3.4011973816621555,0,2,4,1,9,6,1.9459101490553132,1,0,1,6,6,3,1,0,1044.0
47,3.871201010907891,0,2,2,5,7,15,2.772588722239781,0,0,0,1,5,0,1,0,4230.0
47,3.871201010907891,0,2,2,5,7,2,1.0986122886681098,1,2,2,2,2,2,1,0,564.0
56,4.04305126783455,1,2,1,0,6,10,2.3978952727983707,1,1,0,3,0,2,2,0,3360.0
63,4.1588830833596715,0,0,3,0,3,24,3.2188758248682006,1,0,4,3,4,0,3,0,9072.0
59,4.0943445622221,0,2,4,3,9,25,3.258096538021482,0,1,0,4,5,3,1,0,8850.0
36,3.6109179126442243,1,0,1,1,6,17,2.8903717578961645,0,2,2,3,7,1,1,0,3672.0
53,3.9889840465642745,0,2,3,4,3,26,3.295836866004329,1,2,1,5,6,1,1,0,8268.0
49,3.912023005428146,0,1,4,0,9,23,3.1780538303479458,0,2,3,2,3,0,1,0,6762.0
18,2.9444389791664403,1,0,3,4,8,7,2.0794415416798357,0,1,2,0,7,0,1,0,756.0
54,4.007333185232471,1,0,4,5,4,20,3.044522437723423,1,2,0,6,0,0,2,0,6480.0
81,4.406719247264253,0,0,1,4,1,20,3.044522437723423,1,2,0,6,0,3,1,0,9720.0
68,4.23410650459726,1,2,3,5,8,11,2.4849066497880004,0,2,1,4,1,1,1,0,4488.0
69,4.248495242049359,0,0,4,6,9,1,0.6931471805599453,0,1,1,1,1,1,1,1,414.0
83,4.430816798843313,0,2,3,6,3,28,3.367295829986474,1,1,3,0,8,3,1,0,13944.0
52,3.970291913552122,1,1,2,3,2,14,2.70805020110221,1,2,4,0,4,0,2,0,4368.0
88,4.48863636973214,1,1,3,4,8,25,3.258096538021482,0,1,0,4,5,1,1,0,13200.0
94,4.553876891600541,1,1,4,3,4,12,2.5649493574615367,1,0,2,5,2,1,2,0,6768.0
67,4.219507705176107,0,1,2,4,7,30,3.4339872044851463,1,0,0,2,0,3,1,0,12060.0
95,4.564348191467836,0,2,0,4,5,21,3.091042453358316,0,0,1,0,1,1,1,0,11970.0
81,4.406719247264253,0,0,1,4,1,5,1.791759469228055,0,2,0,5,5,1,1,0,2430.0
68,4.23410650459726,1,2,3,5,8,27,3.332204510175204,0,0,2,6,7,0,1,0,11016.0
71,4.276666119016055,0,2,1,1,1,21,3.091042453358316,0,0,1,0,1,1,1,0,8946.0
45,3.828641396489095,0,0,0,3,5,9,2.302585092994046,0,0,4,2,9,0,9,1,2430.0
87,4.477336814478207,0,0,2,3,7,17,2.8903717578961645,0,2,2,3,7,1,1,0,8874.0
15,2.772588722239781,0,0,0,1,5,1,0.6931471805599453,0,1,1,1,1,3,1,1,90.0
73,4.30406509320417,0,1,3,3,3,24,3.2188758248682006,1,0,4,3,4,3,1,0,10512.0
75,4.330733340286331,0,0,0,5,5,19,2.995732273553991,0,1,4,5,9,3,1,0,8550.0
64,4.174387269895637,1,1,4,1,4,1,0.6931471805599453,0,1,1,1,1,3,1,1,384.0
70,4.2626798770413155,1,1,0,0,0,19,2.995732273553991,0,1,4,5,9,2,1,0,7980.0
19,2.995732273553991,0,1,4,5,9,6,1.9459101490553132,1,0,1,6,6,0,1,0,684.0
59,4.0943445622221,0,2,4,3,9,29,3.4011973816621555,0,2,4,1,9,2,1,0,10266.0
67,4.219507705176107,0,1,2,4,7,29,3.4011973816621555,0,2,4,1,9,0,1,0,11658.0
84,4.442651256490317,1,0,4,0,4,18,2.9444389791664403,1,0,3,4,8,1,6,0,9072.0
55,4.02535169073515,0,1,0,6,5,14,2.70805020110221,1,2,4,0,4,3,1,0,4620.0
48,3.8918202981106265,1,0,3,6,8,21,3.091042453358316,0,0,1,0,1,3,3,0,6048.0
60,4.110873864173311,1,0,0,4,0,1,0.6931471805599453,0,1,1,1,1,3,1,1,360.0
61,4.127134385045092,0,1,1,5,1,26,3.295836866004329,1,2,1,5,6,2,1,0,9516.0
75,4.330733340286331,0,0,0,5,5,30,3.4339872044851463,1,0,0,2,0,2,15,0,13500.0
63,4.1588830833596715,0,0,3,0,3,10,2.3978952727983707,1,1,0,3,0,1,1,0,3780.0
73,4.30406509320417,0,1,3,3,3,29,3.4011973816621555,0,2,4,1,9,3,1,0,12702.0
49,3.912023005428146,0,1,4,0,9,24,3.2188758248682006,1,0,4,3,4,1,1,0,7056.0
40,3.713572066704308,1,1,0,5,0,12,2.5649493574615367,1,0,2,5,2,1,4,0,2880.0
26,3.295836866004329,1,2,1,5,6,4,1.6094379124341003,1,1,4,4,4,0,2,0,624.0
74,4.31748811353631,1,2,4,4,4,29,3.4011973816621555,0,2,4,1,9,2,1,0,12876.0
67,4.219507705176107,0,1,2,4,7,12,2.5649493574615367,1,0,2,5,2,1,1,0,4824.0
69,4.248495242049359,0,0,4,6,9,21,3.091042453358316,0,0,1,0,1,1,3,0,8694.0
23,3.1780538303479458,0,2,3,2,3,4,1.6094379124341003,1,1,4,4,4,3,1,0,552.0
17,2.8903717578961645,0,2,2,3,7,3,1.3862943611198906,0,0,3,3,3,3,1,0,306.0
76,4.343805421853684,1,1,1,6,6,19,2.995732273553991,0,1,4,5,9,3,19,1,8664.0
91,4.5217885770490405,0,1,1,0,1,9,2.302585092994046,0,0,4,2,9,2,1,0,4914.0
48,3.8918202981106265,1,0,3,6,8,5,1.791759469228055,0,2,0,5,5,1,1,0,1440.0
89,4.499809670330265,0,2,4,5,9,6,1.9459101490553132,1,0,1,6,6,1,1,0,3204.0
87,4.477336814478207,0,0,2,3,7,29,3.4011973816621555,0,2,4,1,9,3,29,1,15138.0
92,4.532599493153256,1,2,2,1,2,6,1.9459101490553132,1,0,1,6,6,1,2,0,3312.0
82,4.418840607796598,1,1,2,5,2,20,3.044522437723423,1,2,0,6,0,3,2,0,9840.0
94,4.553876891600541,1,1,4,3,4,28,3.367295829986474,1,1,3,0,8,0,2,0,15792.0
93,4.543294782270004,0,0,3,2,3,9,2.302585092994046,0,0,4,2,9,0,3,0,5022.0
48,3.8918202981106265,1,0,3,6,8,23,3.1780538303479458,0,2,3,2,3,0,1,0,6624.0
48,3.8918202981106265,1,0,3,6,8,9,2.302585092994046,0,0,4,2,9,3,3,0,2592.0
71,4.276666119016055,0,2,1,1,1,16,2.833213344056216,1,1,1,2,6,0,1,0,6816.0
66,4.204692619390966,1,0,1,3,6,10,2.3978952727983707,1,1,0,3,0,3,2,0,3960.0
50,3.9318256327243257,1,2,0,1,0,1,0.6931471805599453,0,1,1,1,1,1,1,1,300.0
61,4.127134385045092,0,1,1,5,1,14,2.70805020110221,1,2,4,0,4,1,1,0,5124.0
96,4.574710978503383,1,0,1,5,6,30,3.4339872044851463,1,0,0,2,0,0,6,0,17280.0
35,3.58351893845611,0,2,0,0,5,7,2.0794415416798357,0,1,2,0,7,2,7,1,1470.0
69,4.248495242049359,0,0,4,6,9,25,3.258096538021482,0,1,0,4,5,2,1,0,10350.0
88,4.48863636973214,1,1,3,4,8,9,2.302585092994046,0,0,4,2,9,0,1,0,4752.0
70,4.2626798770413155,1,1,0,0,0,8,2.1972245773362196,1,2,3,1,8,1,2,0,3360.0
96,4.574710978503383,1,0,1,5,6,12,2.5649493574615367,1,0,2,5,2,1,12,1,6912.0
41,3.7376696182833684,0,2,1,6,1,7,2.0794415416798357,0,1,2,0,7,1,1,0,1722.0
87,4.477336814478207,0,0,2,3,7,22,3.1354942159291497,1,1,2,1,2,2,1,0,11484.0
67,4.219507705176107,0,1,2,4,7,24,3.2188758248682006,1,0,4,3,4,2,1,0,9648.0
97,4.584967478670572,0,1,2,6,7,5,1.791759469228055,0,2,0,5,5,1,1,0,2910.0
97,4.584967478670572,0,1,2,6,7,27,3.332204510175204,0,0,2,6,7,3,1,0,15714.0
83,4.430816798843313,0,2,3,6,3,26,3.295836866004329,1,2,1,5,6,2,1,0,12948.0
89,4.499809670330265,0,2,4,5,9,26,3.295836866004329,1,2,1,5,6,2,1,0,13884.0
64,4.174387269895637,1,1,4,1,4,29,3.4011973816621555,0,2,4,1,9,3,1,0,11136.0
78,4.3694478524670215,1,0,3,1,8,25,3.258096538021482,0,1,0,4,5,2,1,0,11700.0
50,3.9318256327243257,1,2,0,1,0,3,1.3862943611198906,0,0,3,3,3,1,1,0,900.0
72,4.290459441148391,1,0,2,2,2,12,2.5649493574615367,1,0,2,5,2,3,12,1,5184.0
53,3.9889840465642745,0,2,3,4,3,23,3.1780538303479458,0,2,3,2,3,0,1,0,7314.0
95,4.564348191467836,0,2,0,4,5,30,3.4339872044851463,1,0,0,2,0,1,5,0,17100.0
27,3.332204510175204,0,0,2,6,7,1,0.6931471805599453,0,1,1,1,1,0,1,1,162.0
26,3.295836866004329,1,2,1,5,6,2,1.0986122886681098,1,2,2,2,2,3,2,1,312.0
68,4.23410650459726,1,2,3,5,8,13,2.6390573296152584,0,1,3,6,3,1,1,0,5304.0
98,4.59511985013459,1,2,3,0,8,20,3.044522437723423,1,2,0,6,0,1,2,0,11760.0
99,4.605170185988092,0,0,4,1,9,17,2.8903717578961645,0,2,2,3,7,1,1,0,10098.0
18,2.9444389791664403,1,0,3,4,8,3,1.3862943611198906,0,0,3,3,3,3,3,1,324.0
16,2.833213344056216,1,1,1,2,6,1,0.6931471805599453,0,1,1,1,1,3,1,1,96.0
87,4.477336814478207,0,0,2,3,7,1,0.6931471805599453,0,1,1,1,1,3,1,1,522.0
58,4.07753744390572,1,1,3,2,8,28,3.367295829986474,1,1,3,0,8,0,2,0,9744.0
84,4.442651256490317,1,0,4,0,4,4,1.6094379124341003,1,1,4,4,4,1,4,1,2016.0
64,4.174387269895637,1,1,4,1,4,29,3.4011973816621555,0,2,4,1,9,1,1,0,11136.0
63,4.1588830833596715,0,0,3,0,3,18,2.9444389791664403,1,0,3,4,8,0,9,0,6804.0
71,4.276666119016055,0,2,1,1,1,10,2.3978952727983707,1,1,0,3,0,0,1,0,4260.0
21,3.091042453358316,0,0,1,0,1,3,1.3862943611198906,0,0,3,3,3,2,3,1,378.0
95,4.564348191467836,0,2,0,4,5,19,2.995732273553991,0,1,4,5,9,1,19,1,10830.0
44,3.8066624897703196,1,2,4,2,4,12,2.5649493574615367,1,0,2,5,2,0,4,0,3168.0
86,4.465908118654584,1,2,1,2,6,8,2.1972245773362196,1,2,3,1,8,0,2,0,4128.0
23,3.1780538303479458,0,2,3,2,3,4,1.6094379124341003,1,1,4,4,4,0,1,0,552.0
53,3.9889840465642745,0,2,3,4,3,1,0.6931471805599453,0,1,1,1,1,1,1,1,318.0
53,3.9889840465642745,0,2,3,4,3,7,2.0794415416798357,0,1,2,0,7,2,1,0,2226.0
45,3.828641396489095,0,0,0,3,5,7,2.0794415416798357,0,1,2,0,7,2,1,0,1890.0
72,4.290459441148391,1,0,2,2,2,30,3.4339872044851463,1,0,0,2,0,1,6,0,12960.0
99,4.605170185988092,0,0,4,1,9,12,2.5649493574615367,1,0,2,5,2,0,3,0,7128.0
80,4.394449154672439,1,2,0,3,0,11,2.4849066497880004,0,2,1,4,1,2,1,0,5280.0
48,3.8918202981106265,1,0,3,6,8,6,1.9459101490553132,1,0,1,6,6,0,6,1,1728.0
35,3.58351893845611,0,2,0,0,5,7,2.0794415416798357,0,1,2,0,7,0,7,1,1470.0
87,4.477336814478207,0,0,2,3,7,2,1.0986122886681098,1,2,2,2,2,1,1,0,1044.0
86,4.465908118654584,1,2,1,2,6,22,3.1354942159291497,1,1,2,1,2,2,2,0,11352.0
53,3.9889840465642745,0,2,3,4,3,6,1.9459101490553132,1,0,1,6,6,1,1,0,1908.0
63,4.1588830833596715,0,0,3,0,3,2,1.0986122886681098,1,2,2,2,2,2,1,0,756.0
27,3.332204510175204,0,0,2,6,7,9,2.302585092994046,0,0,4,2,9,1,9,1,1458.0
100,4.61512051684126,1,1,0,2,0,21,3.091042453358316,0,0,1,0,1,1,1,0,12600.0
92,4.532599493153256,1,2,2,1,2,15,2.772588722239781,0,0,0,1,5,2,1,0,8280.0
87,4.477336814478207,0,0,2,3,7,23,3.1780538303479458,0,2,3,2,3,3,1,0,12006.0
75,4.330733340286331,0,0,0,5,5,27,3.332204510175204,0,0,2,6,7,0,3,0,12150.0
80,4.394449154672439,1,2,0,3,0,9,2.302585092994046,0,0,4,2,9,1,1,0,4320.0
41,3.7376696182833684,0,2,1,6,1,17,2.8903717578961645,0,2,2,3,7,1,1,0,4182.0
95,4.564348191467836,0,2,0,4,5,26,3.295836866004329,1,2,1,5,6,0,1,0,14820.0
58,4.07753744390572,1,1,3,2,8,14,2.70805020110221,1,2,4,0,4,1,2,0,4872.0
91,4.5217885770490405,0,1,1,0,1,9,2.302585092994046,0,0,4,2,9,0,1,0,4914.0
21,3.091042453358316,0,0,1,0,1,1,0.6931471805599453,0,1,1,1,1,1,1,1,126.0
76,4.343805421853684,1,1,1,6,6,18,2.9444389791664403,1,0,3,4,8,3,2,0,8208.0
65,4.189654742026425,0,2,0,2,5,16,2.833213344056216,1,1,1,2,6,2,1,0,6240.0
92,4.532599493153256,1,2,2,1,2,27,3.332204510175204,0,0,2,6,7,3,1,0,14904.0
98,4.59511985013459,1,2,3,0,8,30,3.4339872044851463,1,0,0,2,0,1,2,0,17640.0
7,2.0794415416798357,0,1,2,0,7,2,1.0986122886681098,1,2,2,2,2,0,1,0,84.0
71,4.276666119016055,0,2,1,1,1,20,3.044522437723423,1,2,0,6,0,1,1,0,8520.0
55,4.02535169073515,0,1,0,6,5,6,1.9459101490553132,1,0,1,6,6,3,1,0,1980.0
98,4.59511985013459,1,2,3,0,8,25,3.258096538021482,0,1,0,4,5,1,1,0,14700.0
40,3.713572066704308,1,1,0,5,0,1,0.6931471805599453,0,1,1,1,1,0,1,1,240.0
95,4.564348191467836,0,2,0,4,5,9,2.302585092994046,0,0,4,2,9,3,1,0,5130.0
46,3.8501476017100584,1,1,1,4,6,14,2.70805020110221,1,2,4,0,4,0,2,0,3864.0
70,4.2626798770413155,1,1,0,0,0,9,2.302585092994046,0,0,4,2,9,2,1,0,3780.0
42,3.7612001156935624,1,0,2,0,2,14,2.70805020110221,1,2,4,0,4,3,14,1,3528.0
82,4.418840607796598,1,1,2,5,2,9,2.302585092994046,0,0,4,2,9,2,1,0,4428.0
42,3.7612001156935624,1,0,2,0,2,6,1.9459101490553132,1,0,1,6,6,3,6,1,1512.0
59,4.0943445622221,0,2,4,3,9,6,1.9459101490553132,1,0,1,6,6,1,1,0,2124.0
49,3.912023005428146,0,1,4,0,9,23,3.1780538303479458,0,2,3,2,3,3,1,0,6762.0
75,4.330733340286331,0,0,0,5,5,11,2.4849066497880004,0,2,1,4,1,3,1,0,4950.0
86,4.465908118654584,1,2,1,2,6,29,3.4011973816621555,0,2,4,1,9,2,1,0,14964.0
63,4.1588830833596715,0,0,3,0,3,15,2.772588722239781,0,0,0,1,5,3,3,0,5670.0
42,3.7612001156935624,1,0,2,0,2,13,2.6390573296152584,0,1,3,6,3,1,1,0,3276.0
51,3.9512437185814275,0,0,1,2,1,23,3.1780538303479458,0,2,3,2,3,1,1,0,7038.0
62,4.143134726391533,1,2,2,6,2,22,3.1354942159291497,1,1,2,1,2,3,2,0,8184.0
35,3.58351893845611,0,2,0,0,5,10,2.3978952727983707,1,1,0,3,0,0,5,0,2100.0
58,4.07753744390572,1,1,3,2,8,12,2.5649493574615367,1,0,2,5,2,2,2,0,4176.0
16,2.833213344056216,1,1,1,2,6,2,1.0986122886681098,1,2,2,2,2,3,2,1,192.0
54,4.007333185232471,1,0,4,5,4,8,2.1972245773362196,1,2,3,1,8,1,2,0,2592.0
69,4.248495242049359,0,0,4,6,9,22,3.1354942159291497,1,1,2,1,2,2,1,0,9108.0
85,4.454347296253507,0,1,0,1,5,30,3.4339872044851463,1,0,0,2,0,2,5,0,15300.0
30,3.4339872044851463,1,0,0,2,0,14,2.70805020110221,1,2,4,0,4,2,2,0,2520.0
64,4.174387269895637,1,1,4,1,4,26,3.295836866004329,1,2,1,5,6,3,2,0,9984.0
79,4.382026634673881,0,1,4,2,9,28,3.367295829986474,1,1,3,0,8,1,1,0,13272.0
45,3.828641396489095,0,0,0,3,5,19,2.995732273553991,0,1,4,5,9,1,1,0,5130.0
75,4.330733340286331,0,0,0,5,5,12,2.5649493574615367,1,0,2,5,2,0,3,0,5400.0
80,4.394449154672439,1,2,0,3,0,23,3.1780538303479458,0,2,3,2,3,3,1,0,11040.0
22,3.1354942159291497,1,1,2,1,2,2,1.0986122886681098,1,2,2,2,2,3,2,1,264.0
69,4.248495242049359,0,0,4,6,9,27,3.332204510175204,0,0,2,6,7,3,3,0,11178.0
88,4.48863636973214,1,1,3,4,8,15,2.772588722239781,0,0,0,1,5,3,1,0,7920.0
45,3.828641396489095,0,0,0,3,5,20,3.044522437723423,1,2,0,6,0,0,5,0,5400.0
80,4.394449154672439,1,2,0,3,0,28,3.367295829986474,1,1,3,0,8,1,4,0,13440.0
97,4.584967478670572,0,1,2,6,7,24,3.2188758248682006,1,0,4,3,4,3,1,0,13968.0
75,4.330733340286331,0,0,0,5,5,29,3.4011973816621555,0,2,4,1,9,2,1,0,13050.0
29,3.4011973816621555,0,2,4,1,9,10,2.3978952727983707,1,1,0,3,0,0,1,0,1740.0
87,4.477336814478207,0,0,2,3,7,28,3.367295829986474,1,1,3,0,8,1,1,0,14616.0
52,3.970291913552122,1,1,2,3,2,19,2.995732273553991,0,1,4,5,9,1,1,0,5928.0
73,4.30406509320417,0,1,3,3,3,29,3.4011973816621555,0,2,4,1,9,0,1,0,12702.0
79,4.382026634673881,0,1,4,2,9,12,2.5649493574615367,1,0,2,5,2,3,1,0,5688.0
71,4.276666119016055,0,2,1,1,1,24,3.2188758248682006,1,0,4,3,4,1,1,0,10224.0
97,4.584967478670572,0,1,2,6,7,20,3.044522437723423,1,2,0,6,0,2,1,0,11640.0
79,4.382026634673881,0,1,4,2,9,28,3.367295829986474,1,1,3,0,8,3,1,0,13272.0
70,4.2626798770413155,1,1,0,0,0,12,2.5649493574615367,1,0,2,5,2,1,2,0,5040.0
54,4.007333185232471,1,0,4,5,4,9,2.302585092994046,0,0,4,2,9,0,9,1,2916.0
61,4.127134385045092,0,1,1,5,1,25,3.258096538021482,0,1,0,4,5,1,1,0,9150.0
97,4.584967478670572,0,1,2,6,7,29,3.4011973816621555,0,2,4,1,9,3,1,0,16878.0
17,2.8903717578961645,0,2,2,3,7,6,1.9459101490553132,1,0,1,6,6,2,1,0,612.0
20,3.044522437723423,1,2,0,6,0,8,2.1972245773362196,1,2,3,1,8,3,4,0,960.0
84,4.442651256490317,1,0,4,0,4,9,2.302585092994046,0,0,4,2,9,3,3,0,4536.0
14,2.70805020110221,1,2,4,0,4,6,1.9459101490553132,1,0,1,6,6,2,2,0,504.0
90,4.51085950651685,1,0,0,6,0,13,2.6390573296152584,0,1,3,6,3,2,1,0,7020.0
66,4.204692619390966,1,0,1,3,6,19,2.995732273553991,0,1,4,5,9,0,1,0,7524.0
33,3.5263605246161616,0,0,3,5,3,13,2.6390573296152584,0,1,3,6,3,1,1,0,2574.0
71,4.276666119016055,0,2,1,1,1,4,1.6094379124341003,1,1,4,4,4,3,1,0,1704.0
89,4.499809670330265,0,2,4,5,9,3,1.3862943611198906,0,0,3,3,3,3,1,0,1602.0
82,4.418840607796598,1,1,2,5,2,2,1.0986122886681098,1,2,2,2,2,0,2,1,984.0
56,4.04305126783455,1,2,1,0,6,28,3.367295829986474,1,1,3,0,8,2,28,1,9408.0
99,4.605170185988092,0,0,4,1,9,26,3.295836866004329,1,2,1,5,6,1,1,0,15444.0
25,3.258096538021482,0,1,0,4,5,10,2.3978952727983707,1,1,0,3,0,2,5,0,1500.0
40,3.713572066704308,1,1,0,5,0,19,2.995732273553991,0,1,4,5,9,2,1,0,4560.0
55,4.02535169073515,0,1,0,6,5,24,3.2188758248682006,1,0,4,3,4,1,1,0,7920.0
77,4.356708826689592,0,2,2,0,7,23,3.1780538303479458,0,2,3,2,3,3,1,0,10626.0
50,3.9318256327243257,1,2,0,1,0,22,3.1354942159291497,1,1,2,1,2,2,2,0,6600.0
73,4.30406509320417,0,1,3,3,3,13,2.6390573296152584,0,1,3,6,3,3,1,0,5694.0
52,3.970291913552122,1,1,2,3,2,5,1.791759469228055,0,2,0,5,5,3,1,0,1560.0
94,4.553876891600541,1,1,4,3,4,25,3.258096538021482,0,1,0,4,5,2,1,0,14100.0
21,3.091042453358316,0,0,1,0,1,1,0.6931471805599453,0,1,1,1,1,0,1,1,126.0
7,2.0794415416798357,0,1,2,0,7,3,1.3862943611198906,0,0,3,3,3,2,1,0,126.0
77,4.356708826689592,0,2,2,0,7,14,2.70805020110221,1,2,4,0,4,2,7,0,6468.0
90,4.51085950651685,1,0,0,6,0,12,2.5649493574615367,1,0,2,5,2,3,6,0,6480.0
91,4.5217885770490405,0,1,1,0,1,21,3.091042453358316,0,0,1,0,1,2,7,0,11466.0
46,3.8501476017100584,1,1,1,4,6,17,2.8903717578961645,0,2,2,3,7,0,1,0,4692.0
26,3.295836866004329,1,2,1,5,6,3,1.3862943611198906,0,0,3,3,3,2,1,0,468.0
16,2.833213344056216,1,1,1,2,6,6,1.9459101490553132,1,0,1,6,6,0,2,0,576.0
70,4.2626798770413155,1,1,0,0,0,5,1.791759469228055,0,2,0,5,5,2,5,1,2100.0
51,3.9512437185814275,0,0,1,2,1,17,2.8903717578961645,0,2,2,3,7,3,17,1,5202.0
32,3.4965075614664802,1,2,2,4,2,9,2.302585092994046,0,0,4,2,9,3,1,0,1728.0
82,4.418840607796598,1,1,2,5,2,3,1.3862943611198906,0,0,3,3,3,2,1,0,1476.0
97,4.584967478670572,0,1,2,6,7,4,1.6094379124341003,1,1,4,4,4,3,1,0,2328.0
83,4.430816798843313,0,2,3,6,3,23,3.1780538303479458,0,2,3,2,3,2,1,0,11454.0
80,4.394449154672439,1,2,0,3,0,24,3.2188758248682006,1,0,4,3,4,0,8,0,11520.0
20,3.044522437723423,1,2,0,6,0,5,1.791759469228055,0,2,0,5,5,1,5,1,600.0
83,4.430816798843313,0,2,3,6,3,19,2.995732273553991,0,1,4,5,9,2,1,0,9462.0
42,3.7612001156935624,1,0,2,0,2,11,2.4849066497880004,0,2,1,4,1,1,1,0,2772.0
91,4.5217885770490405,0,1,1,0,1,8,2.1972245773362196,1,2,3,1,8,2,1,0,4368.0
18,2.9444389791664403,1,0,3,4,8,5,1.791759469228055,0,2,0,5,5,3,1,0,540.0
4,1.6094379124341003,1,1,4,4,4,1,0.6931471805599453,0,1,1,1,1,3,1,1,24.0
82,4.418840607796598,1,1,2,5,2,25,3.258096538021482,0,1,0,4,5,2,1,0,12300.0
83,4.430816798843313,0,2,3,6,3,14,2.70805020110221,1,2,4,0,4,1,1,0,6972.0
51,3.9512437185814275,0,0,1,2,1,23,3.1780538303479458,0,2,3,2,3,2,1,0,7038.0
98,4.59511985013459,1,2,3,0,8,26,3.295836866004329,1,2,1,5,6,2,2,0,15288.0
61,4.127134385045092,0,1,1,5,1,7,2.0794415416798357,0,1,2,0,7,2,1,0,2562.0
56,4.04305126783455,1,2,1,0,6,14,2.70805020110221,1,2,4,0,4,0,14,1,4704.0
36,3.6109179126442243,1,0,1,1,6,5,1.791759469228055,0,2,0,5,5,0,1,0,1080.0
66,4.204692619390966,1,0,1,3,6,20,3.044522437723423,1,2,0,6,0,2,2,0,7920.0
84,4.442651256490317,1,0,4,0,4,26,3.295836866004329,1,2,1,5,6,3,2,0,13104.0
50,3.9318256327243257,1,2,0,1,0,9,2.302585092994046,0,0,4,2,9,1,1,0,2700.0
60,4.110873864173311,1,0,0,4,0,22,3.1354942159291497,1,1,2,1,2,2,2,0,7920.0
77,4.356708826689592,0,2,2,0,7,6,1.9459101490553132,1,0,1,6,6,2,1,0,2772.0
90,4.51085950651685,1,0,0,6,0,29,3.4011973816621555,0,2,4,1,9,1,1,0,15660.0
41,3.7376696182833684,0,2,1,6,1,6,1.9459101490553132,1,0,1,6,6,1,1,0,1476.0
85,4.454347296253507,0,1,0,1,5,8,2.1972245773362196,1,2,3,1,8,2,1,0,4080.0
88,4.48863636973214,1,1,3,4,8,19,2.995732273553991,0,1,4,5,9,3,1,0,10032.0
67,4.219507705176107,0,1,2,4,7,7,2.0794415416798357,0,1,2,0,7,2,1,0,2814.0
81,4.406719247264253,0,0,1,4,1,23,3.1780538303479458,0,2,3,2,3,2,1,0,11178.0
91,4.5217885770490405,0,1,1,0,1,27,3.332204510175204,0,0,2,6,7,0,1,0,14742.0
83,4.430816798843313,0,2,3,6,3,6,1.9459101490553132,1,0,1,6,6,1,1,0,2988.0
43,3.784189633918261,0,1,3,1,3,7,2.0794415416798357,0,1,2,0,7,2,1,0,1806.0
75,4.330733340286331,0,0,0,5,5,11,2.4849066497880004,0,2,1,4,1,0,1,0,4950.0
94,4.553876891600541,1,1,4,3,4,30,3.4339872044851463,1,0,0,2,0,1,2,0,16920.0
85,4.454347296253507,0,1,0,1,5,24,3.2188758248682006,1,0,4,3,4,2,1,0,12240.0
54,4.007333185232471,1,0,4,5,4,14,2.70805020110221,1,2,4,0,4,3,2,0,4536.0
26,3.295836866004329,1,2,1,5,6,3,1.3862943611198906,0,0,3,3,3,0,1,0,468.0
45,3.828641396489095,0,0,0,3,5,19,2.995732273553991,0,1,4,5,9,2,1,0,5130.0
94,4.553876891600541,1,1,4,3,4,30,3.4339872044851463,1,0,0,2,0,2,2,0,16920.0
73,4.30406509320417,0,1,3,3,3,21,3.091042453358316,0,0,1,0,1,2,1,0,9198.0
62,4.143134726391533,1,2,2,6,2,27,3.332204510175204,0,0,2,6,7,2,1,0,10044.0
94,4.553876891600541,1,1,4,3,4,28,3.367295829986474,1,1,3,0,8,2,2,0,15792.0
82,4.418840607796598,1,1,2,5,2,22,3.1354942159291497,1,1,2,1,2,2,2,0,10824.0
72,4.290459441148391,1,0,2,2,2,9,2.302585092994046,0,0,4,2,9,3,9,1,3888.0
53,3.9889840465642745,0,2,3,4,3,2,1.0986122886681098,1,2,2,2,2,0,1,0,636.0
94,4.553876891600541,1,1,4,3,4,23,3.1780538303479458,0,2,3,2,3,1,1,0,12972.0
94,4.553876891600541,1,1,4,3,4,25,3.258096538021482,0,1,0,4,5,0,1,0,14100.0
91,4.5217885770490405,0,1,1,0,1,18,2.9444389791664403,1,0,3,4,8,2,1,0,9828.0
94,4.553876891600541,1,1,4,3,4,18,2.9444389791664403,1,0,3,4,8,2,2,0,10152.0
68,4.23410650459726,1,2,3,5,8,14,2.70805020110221,1,2,4,0,4,0,2,0,5712.0
66,4.204692619390966,1,0,1,3,6,26,3.295836866004329,1,2,1,5,6,2,2,0,10296.0
73,4.30406509320417,0,1,3,3,3,14,2.70805020110221,1,2,4,0,4,0,1,0,6132.0
68,4.23410650459726,1,2,3,5,8,13,2.6390573296152584,0,1,3,6,3,0,1,0,5304.0
64,4.174387269895637,1,1,4,1,4,14,2.70805020110221,1,2,4,0,4,1,2,0,5376.0
94,4.553876891600541,1,1,4,3,4,24,3.2188758248682006,1,0,4,3,4,1,2,0,13536.0
39,3.6888794541139363,0,0,4,4,9,17,2.8903717578961645,0,2,2,3,7,3,1,0,3978.0
16,2.833213344056216,1,1,1,2,6,1,0.6931471805599453,0,1,1,1,1,2,1,1,96.0
95,4.564348191467836,0,2,0,4,5,2,1.0986122886681098,1,2,2,2,2,3,1,0,1140.0
26,3.295836866004329,1,2,1,5,6,1,0.6931471805599453,0,1,1,1,1,1,1,1,156.0
96,4.574710978503383,1,0,1,5,6,21,3.091042453358316,0,0,1,0,1,2,3,0,12096.0
64,4.174387269895637,1,1,4,1,4,16,2.833213344056216,1,1,1,2,6,0,16,1,6144.0
99,4.605170185988092,0,0,4,1,9,24,3.2188758248682006,1,0,4,3,4,1,3,0,14256.0
67,4.219507705176107,0,1,2,4,7,13,2.6390573296152584,0,1,3,6,3,2,1,0,5226.0
42,3.7612001156935624,1,0,2,0,2,4,1.6094379124341003,1,1,4,4,4,3,2,0,1008.0
36,3.6109179126442243,1,0,1,1,6,11,2.4849066497880004,0,2,1,4,1,1,1,0,2376.0
81,4.406719247264253,0,0,1,4,1,21,3.091042453358316,0,0,1,0,1,1,3,0,10206.0
34,3.5553480614894135,1,1,4,6,4,13,2.6390573296152584,0,1,3,6,3,0,1,0,2652.0
93,4.543294782270004,0,0,3,2,3,25,3.258096538021482,0,1,0,4,5,0,1,0,13950.0
62,4.143134726391533,1,2,2,6,2,4,1.6094379124341003,1,1,4,4,4,1,2,0,1488.0
69,4.248495242049359,0,0,4,6,9,5,1.791759469228055,0,2,0,5,5,3,1,0,2070.0
79,4.382026634673881,0,1,4,2,9,13,2.6390573296152584,0,1,3,6,3,3,1,0,6162.0
66,4.204692619390966,1,0,1,3,6,14,2.70805020110221,1,2,4,0,4,2,2,0,5544.0
57,4.060443010546419,0,0,2,1,7,10,2.3978952727983707,1,1,0,3,0,0,1,0,3420.0
81,4.406719247264253,0,0,1,4,1,29,3.4011973816621555,0,2,4,1,9,2,1,0,14094.0
69,4.248495242049359,0,0,4,6,9,9,2.302585092994046,0,0,4,2,9,0,3,0,3726.0
100,4.61512051684126,1,1,0,2,0,20,3.044522437723423,1,2,0,6,0,2,20,1,12000.0
25,3.258096538021482,0,1,0,4,5,10,2.3978952727983707,1,1,0,3,0,0,5,0,1500.0
100,4.61512051684126,1,1,0,2,0,30,3.4339872044851463,1,0,0,2,0,1,10,0,18000.0
86,4.465908118654584,1,2,1,2,6,29,3.4011973816621555,0,2,4,1,9,0,1,0,14964.0
96,4.574710978503383,1,0,1,5,6,27,3.332204510175204,0,0,2,6,7,0,3,0,15552.0
52,3.970291913552122,1,1,2,3,2,23,3.1780538303479458,0,2,3,2,3,0,1,0,7176.0
95,4.564348191467836,0,2,0,4,5,1,0.6931471805599453,0,1,1,1,1,3,1,1,570.0
85,4.454347296253507,0,1,0,1,5,30,3.4339872044851463,1,0,0,2,0,0,5,0,15300.0
65,4.189654742026425,0,2,0,2,5,18,2.9444389791664403,1,0,3,4,8,1,1,0,7020.0
56,4.04305126783455,1,2,1,0,6,23,3.1780538303479458,0,2,3,2,3,3,1,0,7728.0
94,4.553876891600541,1,1,4,3,4,15,2.772588722239781,0,0,0,1,5,3,1,0,8460.0
49,3.912023005428146,0,1,4,0,9,13,2.6390573296152584,0,1,3,6,3,3,1,0,3822.0
60,4.110873864173311,1,0,0,4,0,25,3.258096538021482,0,1,0,4,5,1,5,0,9000.0
81,4.406719247264253,0,0,1,4,1,1,0.6931471805599453,0,1,1,1,1,0,1,1,486.0
8,2.1972245773362196,1,2,3,1,8,1,0.6931471805599453,0,1,1,1,1,1,1,1,48.0
83,4.430816798843313,0,2,3,6,3,15,2.772588722239781,0,0,0,1,5,3,1,0,7470.0
46,3.8501476017100584,1,1,1,4,6,15,2.772588722239781,0,0,0,1,5,1,1,0,4140.0
67,4.219507705176107,0,1,2,4,7,4,1.6094379124341003,1,1,4,4,4,3,1,0,1608.0
49,3.912023005428146,0,1,4,0,9,13,2.6390573296152584,0,1,3,6,3,0,1,0,3822.0
77,4.356708826689592,0,2,2,0,7,20,3.044522437723423,1,2,0,6,0,2,1,0,9240.0
47,3.871201010907891,0,2,2,5,7,23,3.1780538303479458,0,2,3,2,3,0,1,0,6486.0
40,3.713572066704308,1,1,0,5,0,2,1.0986122886681098,1,2,2,2,2,2,2,1,480.0
64,4.174387269895637,1,1,4,1,4,27,3.332204510175204,0,0,2,6,7,1,1,0,10368.0
64,4.174387269895637,1,1,4,1,4,2,1.0986122886681098,1,2,2,2,2,1,2,1,768.0
32,3.4965075614664802,1,2,2,4,2,2,1.0986122886681098,1,2,2,2,2,2,2,1,384.0
89,4.499809670330265,0,2,4,5,9,24,3.2188758248682006,1,0,4,3,4,3,1,0,12816.0
84,4.442651256490317,1,0,4,0,4,2,1.0986122886681098,1,2,2,2,2,1,2,1,1008.0
34,3.5553480614894135,1,1,4,6,4,12,2.5649493574615367,1,0,2,5,2,2,2,0,2448.0
97,4.584967478670572,0,1,2,6,7,29,3.4011973816621555,0,2,4,1,9,0,1,0,16878.0
79,4.382026634673881,0,1,4,2,9,28,3.367295829986474,1,1,3,0,8,0,1,0,13272.0
67,4.219507705176107,0,1,2,4,7,6,1.9459101490553132,1,0,1,6,6,3,1,0,2412.0
12,2.5649493574615367,1,0,2,5,2,5,1.791759469228055,0,2,0,5,5,2,1,0,360.0
95,4.564348191467836,0,2,0,4,5,19,2.995732273553991,0,1,4,5,9,2,19,1,10830.0
98,4.59511985013459,1,2,3,0,8,27,3.332204510175204,0,0,2,6,7,3,1,0,15876.0
86,4.465908118654584,1,2,1,2,6,7,2.0794415416798357,0,1,2,0,7,1,1,0,3612.0
48,3.8918202981106265,1,0,3,6,8,3,1.3862943611198906,0,0,3,3,3,3,3,1,864.0
24,3.2188758248682006,1,0,4,3,4,5,1.791759469228055,0,2,0,5,5,1,1,0,720.0
99,4.605170185988092,0,0,4,1,9,15,2.772588722239781,0,0,0,1,5,3,3,0,8910.0
93,4.543294782270004,0,0,3,2,3,27,3.332204510175204,0,0,2,6,7,1,3,0,15066.0
68,4.23410650459726,1,2,3,5,8,21,3.091042453358316,0,0,1,0,1,2,1,0,8568.0
78,4.3694478524670215,1,0,3,1,8,21,3.091042453358316,0,0,1,0,1,0,3,0,9828.0
58,4.07753744390572,1,1,3,2,8,3,1.3862943611198906,0,0,3,3,3,0,1,0,1044.0
90,4.51085950651685,1,0,0,6,0,13,2.6390573296152584,0,1,3,6,3,3,1,0,7020.0
54,4.007333185232471,1,0,4,5,4,1,0.6931471805599453,0,1,1,1,1,0,1,1,324.0
51,3.9512437185814275,0,0,1,2,1,21,3.091042453358316,0,0,1,0,1,0,3,0,6426.0
80,4.394449154672439,1,2,0,3,0,21,3.091042453358316,0,0,1,0,1,0,1,0,10080.0
87,4.477336814478207,0,0,2,3,7,2,1.0986122886681098,1,2,2,2,2,0,1,0,1044.0
27,3.332204510175204,0,0,2,6,7,2,1.0986122886681098,1,2,2,2,2,0,1,0,324.0
82,4.418840607796598,1,1,2,5,2,2,1.0986122886681098,1,2,2,2,2,2,2,1,984.0
94,4.553876891600541,1,1,4,3,4,16,2.833213344056216,1,1,1,2,6,2,2,0,9024.0
39,3.6888794541139363,0,0,4,4,9,6,1.9459101490553132,1,0,1,6,6,0,3,0,1404.0
57,4.060443010546419,0,0,2,1,7,22,3.1354942159291497,1,1,2,1,2,0,1,0,7524.0
68,4.23410650459726,1,2,3,5,8,20,3.044522437723423,1,2,0,6,0,3,4,0,8160.0
89,4.499809670330265,0,2,4,5,9,25,3.258096538021482,0,1,0,4,5,2,1,0,13350.0
91,4.5217885770490405,0,1,1,0,1,21,3.091042453358316,0,0,1,0,1,1,7,0,11466.0
77,4.356708826689592,0,2,2,0,7,28,3.367295829986474,1,1,3,0,8,3,7,0,12936.0
76,4.343805421853684,1,1,1,6,6,28,3.367295829986474,1,1,3,0,8,2,4,0,12768.0
79,4.382026634673881,0,1,4,2,9,24,3.2188758248682006,1,0,4,3,4,2,1,0,11376.0
68,4.23410650459726,1,2,3,5,8,23,3.1780538303479458,0,2,3,2,3,3,1,0,9384.0
63,4.1588830833596715,0,0,3,0,3,8,2.1972245773362196,1,2,3,1,8,3,1,0,3024.0
98,4.59511985013459,1,2,3,0,8,27,3.332204510175204,0,0,2,6,7,0,1,0,15876.0
76,4.343805421853684,1,1,1,6,6,22,3.1354942159291497,1,1,2,1,2,3,2,0,10032.0
14,2.70805020110221,1,2,4,0,4,3,1.3862943611198906,0,0,3,3,3,1,1,0,252.0
75,4.330733340286331,0,0,0,5,5,6,1.9459101490553132,1,0,1,6,6,3,3,0,2700.0
40,3.713572066704308,1,1,0,5,0,4,1.6094379124341003,1,1,4,4,4,2,4,1,960.0
24,3.2188758248682006,1,0,4,3,4,1,0.6931471805599453,0,1,1,1,1,3,1,1,144.0
93,4.543294782270004,0,0,3,2,3,24,3.2188758248682006,1,0,4,3,4,0,3,0,13392.0
100,4.61512051684126,1,1,0,2,0,21,3.091042453358316,0,0,1,0,1,3,1,0,12600.0
79,4.382026634673881,0,1,4,2,9,30,3.4339872044851463,1,0,0,2,0,0,1,0,14220.0
66,4.204692619390966,1,0,1,3,6,24,3.2188758248682006,1,0,4,3,4,1,6,0,9504.0
85,4.454347296253507,0,1,0,1,5,21,3.091042453358316,0,0,1,0,1,3,1,0,10710.0
89,4.499809670330265,0,2,4,5,9,10,2.3978952727983707,1,1,0,3,0,2,1,0,5340.0
52,3.970291913552122,1,1,2,3,2,11,2.4849066497880004,0,2,1,4,1,0,1,0,3432.0
59,4.0943445622221,0,2,4,3,9,24,3.2188758248682006,1,0,4,3,4,1,1,0,8496.0
57,4.060443010546419,0,0,2,1,7,18,2.9444389791664403,1,0,3,4,8,1,3,0,6156.0
90,4.51085950651685,1,0,0,6,0,28,3.367295829986474,1,1,3,0,8,0,2,0,15120.0
96,4.574710978503383,1,0,1,5,6,28,3.367295829986474,1,1,3,0,8,1,4,0,16128.0
59,4.0943445622221,0,2,4,3,9,28,3.367295829986474,1,1,3,0,8,2,1,0,9912.0
86,4.465908118654584,1,2,1,2,6,20,3.044522437723423,1,2,0,6,0,3,2,0,10320.0
71,4.276666119016055,0,2,1,1,1,1,0.6931471805599453,0,1,1,1,1,0,1,1,426.0
45,3.828641396489095,0,0,0,3,5,8,2.1972245773362196,1,2,3,1,8,0,1,0,2160.0
72,4.290459441148391,1,0,2,2,2,13,2.6390573296152584,0,1,3,6,3,0,1,0,5616.0
26,3.295836866004329,1,2,1,5,6,13,2.6390573296152584,0,1,3,6,3,1,13,1,2028.0
86,4.465908118654584,1,2,1,2,6,29,3.4011973816621555,0,2,4,1,9,3,1,0,14964.0
43,3.784189633918261,0,1,3,1,3,18,2.9444389791664403,1,0,3,4,8,2,1,0,4644.0
73,4.30406509320417,0,1,3,3,3,28,3.367295829986474,1,1,3,0,8,3,1,0,12264.0
93,4.543294782270004,0,0,3,2,3,3,1.3862943611198906,0,0,3,3,3,3,3,1,1674.0
54,4.007333185232471,1,0,4,5,4,13,2.6390573296152584,0,1,3,6,3,0,1,0,4212.0
82,4.418840607796598,1,1,2,5,2,23,3.1780538303479458,0,2,3,2,3,3,1,0,11316.0
82,4.418840607796598,1,1,2,5,2,30,3.4339872044851463,1,0,0,2,0,2,2,0,14760.0
19,2.995732273553991,0,1,4,5,9,5,1.791759469228055,0,2,0,5,5,3,1,0,570.0
74,4.31748811353631,1,2,4,4,4,15,2.772588722239781,0,0,0,1,5,1,1,0,6660.0
92,4.532599493153256,1,2,2,1,2,29,3.4011973816621555,0,2,4,1,9,3,1,0,16008.0
91,4.5217885770490405,0,1,1,0,1,13,2.6390573296152584,0,1,3,6,3,2,13,1,7098.0
70,4.2626798770413155,1,1,0,0,0,12,2.5649493574615367,1,0,2,5,2,3,2,0,5040.0
65,4.189654742026425,0,2,0,2,5,9,2.302585092994046,0,0,4,2,9,1,1,0,3510.0
29,3.4011973816621555,0,2,4,1,9,3,1.3862943611198906,0,0,3,3,3,1,1,0,522.0
82,4.418840607796598,1,1,2,5,2,26,3.295836866004329,1,2,1,5,6,3,2,0,12792.0
68,4.23410650459726,1,2,3,5,8,18,2.9444389791664403,1,0,3,4,8,0,2,0,7344.0
25,3.258096538021482,0,1,0,4,5,7,2.0794415416798357,0,1,2,0,7,2,1,0,1050.0
82,4.418840607796598,1,1,2,5,2,30,3.4339872044851463,1,0,0,2,0,0,2,0,14760.0
63,4.1588830833596715,0,0,3,0,3,27,3.332204510175204,0,0,2,6,7,1,9,0,10206.0
76,4.343805421853684,1,1,1,6,6,29,3.4011973816621555,0,2,4,1,9,3,1,0,13224.0
6,1.9459101490553132,1,0,1,6,6,2,1.0986122886681098,1,2,2,2,2,2,2,1,72.0
85,4.454347296253507,0,1,0,1,5,27,3.332204510175204,0,0,2,6,7,0,1,0,13770.0
76,4.343805421853684,1,1,1,6,6,25,3.258096538021482,0,1,0,4,5,2,1,0,11400.0
83,4.430816798843313,0,2,3,6,3,27,3.332204510175204,0,0,2,6,7,0,1,0,13446.0
57,4.060443010546419,0,0,2,1,7,26,3.295836866004329,1,2,1,5,6,1,1,0,8892.0
77,4.356708826689592,0,2,2,0,7,2,1.0986122886681098,1,2,2,2,2,2,1,0,924.0
91,4.5217885770490405,0,1,1,0,1,19,2.995732273553991,0,1,4,5,9,0,1,0,10374.0
82,4.418840607796598,1,1,2,5,2,6,1.9459101490553132,1,0,1,6,6,1,2,0,2952.0
72,4.290459441148391,1,0,2,2,2,3,1.3862943611198906,0,0,3,3,3,3,3,1,1296.0
38,3.6635616461296463,1,2,3,3,8,2,1.0986122886681098,1,2,2,2,2,0,2,1,456.0
100,4.61512051684126,1,1,0,2,0,15,2.772588722239781,0,0,0,1,5,3,5,0,9000.0
67,4.219507705176107,0,1,2,4,7,27,3.332204510175204,0,0,2,6,7,1,1,0,10854.0
85,4.454347296253507,0,1,0,1,5,23,3.1780538303479458,0,2,3,2,3,3,1,0,11730.0
54,4.007333185232471,1,0,4,5,4,15,2.772588722239781,0,0,0,1,5,0,3,0,4860.0
51,3.9512437185814275,0,0,1,2,1,24,3.2188758248682006,1,0,4,3,4,0,3,0,7344.0
100,4.61512051684126,1,1,0,2,0,6,1.9459101490553132,1,0,1,6,6,2,2,0,3600.0
61,4.127134385045092,0,1,1,5,1,30,3.4339872044851463,1,0,0,2,0,1,1,0,10980.0
39,3.6888794541139363,0,0,4,4,9,14,2.70805020110221,1,2,4,0,4,3,1,0,3276.0
66,4.204692619390966,1,0,1,3,6,21,3.091042453358316,0,0,1,0,1,0,3,0,8316.0
74,4.31748811353631,1,2,4,4,4,19,2.995732273553991,0,1,4,5,9,2,1,0,8436.0
47,3.871201010907891,0,2,2,5,7,21,3.091042453358316,0,0,1,0,1,1,1,0,5922.0
62,4.143134726391533,1,2,2,6,2,8,2.1972245773362196,1,2,3,1,8,1,2,0,2976.0
69,4.248495242049359,0,0,4,6,9,25,3.258096538021482,0,1,0,4,5,0,1,0,10350.0
94,4.553876891600541,1,1,4,3,4,13,2.6390573296152584,0,1,3,6,3,2,1,0,7332.0
36,3.6109179126442243,1,0,1,1,6,18,2.9444389791664403,1,0,3,4,8,3,18,1,3888.0
73,4.30406509320417,0,1,3,3,3,19,2.995732273553991,0,1,4,5,9,0,1,0,8322.0
72,4.290459441148391,1,0,2,2,2,16,2.833213344056216,1,1,1,2,6,0,8,0,6912.0
78,4.3694478524670215,1,0,3,1,8,29,3.4011973816621555,0,2,4,1,9,3,1,0,13572.0
77,4.356708826689592,0,2,2,0,7,4,1.6094379124341003,1,1,4,4,4,1,1,0,1848.0
74,4.31748811353631,1,2,4,4,4,18,2.9444389791664403,1,0,3,4,8,1,2,0,7992.0
71,4.276666119016055,0,2,1,1,1,5,1.791759469228055,0,2,0,5,5,1,1,0,2130.0
51,3.9512437185814275,0,0,1,2,1,20,3.044522437723423,1,2,0,6,0,3,1,0,6120.0
51,3.9512437185814275,0,0,1,2,1,19,2.995732273553991,0,1,4,5,9,2,1,0,5814.0
97,4.584967478670572,0,1,2,6,7,18,2.9444389791664403,1,0,3,4,8,2,1,0,10476.0
94,4.553876891600541,1,1,4,3,4,21,3.091042453358316,0,0,1,0,1,3,1,0,11844.0
57,4.060443010546419,0,0,2,1,7,23,3.1780538303479458,0,2,3,2,3,1,1,0,7866.0
79,4.382026634673881,0,1,4,2,9,5,1.791759469228055,0,2,0,5,5,0,1,0,2370.0
13,2.6390573296152584,0,1,3,6,3,4,1.6094379124341003,1,1,4,4,4,3,1,0,312.0
90,4.51085950651685,1,0,0,6,0,14,2.70805020110221,1,2,4,0,4,2,2,0,7560.0
36,3.6109179126442243,1,0,1,1,6,11,2.4849066497880004,0,2,1,4,1,3,1,0,2376.0
91,4.5217885770490405,0,1,1,0,1,30,3.4339872044851463,1,0,0,2,0,3,1,0,16380.0
55,4.02535169073515,0,1,0,6,5,9,2.302585092994046,0,0,4,2,9,0,1,0,2970.0
92,4.532599493153256,1,2,2,1,2,30,3.4339872044851463,1,0,0,2,0,1,2,0,16560.0
94,4.553876891600541,1,1,4,3,4,23,3.1780538303479458,0,2,3,2,3,2,1,0,12972.0
58,4.07753744390572,1,1,3,2,8,9,2.302585092994046,0,0,4,2,9,3,1,0,3132.0
64,4.174387269895637,1,1,4,1,4,11,2.4849066497880004,0,2,1,4,1,1,1,0,4224.0
25,3.258096538021482,0,1,0,4,5,6,1.9459101490553132,1,0,1,6,6,2,1,0,900.0
55,4.02535169073515,0,1,0,6,5,25,3.258096538021482,0,1,0,4,5,2,5,0,8250.0
68,4.23410650459726,1,2,3,5,8,24,3.2188758248682006,1,0,4,3,4,3,4,0,9792.0
50,3.9318256327243257,1,2,0,1,0,13,2.6390573296152584,0,1,3,6,3,0,1,0,3900.0
88,4.48863636973214,1,1,3,4,8,30,3.4339872044851463,1,0,0,2,0,2,2,0,15840.0
56,4.04305126783455,1,2,1,0,6,25,3.258096538021482,0,1,0,4,5,1,1,0,8400.0
33,3.5263605246161616,0,0,3,5,3,14,2.70805020110221,1,2,4,0,4,1,1,0,2772.0
68,4.23410650459726,1,2,3,5,8,6,1.9459101490553132,1,0,1,6,6,2,2,0,2448.0
46,3.8501476017100584,1,1,1,4,6,4,1.6094379124341003,1,1,4,4,4,1,2,0,1104.0
62,4.143134726391533,1,2,2,6,2,11,2.4849066497880004,0,2,1,4,1,2,1,0,4092.0
73,4.30406509320417,0,1,3,3,3,8,2.1972245773362196,1,2,3,1,8,1,1,0,3504.0
73,4.30406509320417,0,1,3,3,3,21,3.091042453358316,0,0,1,0,1,1,1,0,9198.0
31,3.4657359027997265,0,1,1,3,1,7,2.0794415416798357,0,1,2,0,7,2,1,0,1302.0
66,4.204692619390966,1,0,1,3,6,9,2.302585092994046,0,0,4,2,9,1,3,0,3564.0
41,3.7376696182833684,0,2,1,6,1,15,2.772588722239781,0,0,0,1,5,0,1,0,3690.0
73,4.30406509320417,0,1,3,3,3,28,3.367295829986474,1,1,3,0,8,2,1,0,12264.0
30,3.4339872044851463,1,0,0,2,0,7,2.0794415416798357,0,1,2,0,7,0,1,0,1260.0
62,4.143134726391533,1,2,2,6,2,25,3.258096538021482,0,1,0,4,5,2,1,0,9300.0
69,4.248495242049359,0,0,4,6,9,29,3.4011973816621555,0,2,4,1,9,1,1,0,12006.0
97,4.584967478670572,0,1,2,6,7,15,2.772588722239781,0,0,0,1,5,3,1,0,8730.0
42,3.7612001156935624,1,0,2,0,2,6,1.9459101490553132,1,0,1,6,6,0,6,1,1512.0
91,4.5217885770490405,0,1,1,0,1,14,2.70805020110221,1,2,4,0,4,2,7,0,7644.0
87,4.477336814478207,0,0,2,3,7,29,3.4011973816621555,0,2,4,1,9,0,29,1,15138.0
75,4.330733340286331,0,0,0,5,5,23,3.1780538303479458,0,2,3,2,3,0,1,0,10350.0
57,4.060443010546419,0,0,2,1,7,26,3.295836866004329,1,2,1,5,6,0,1,0,8892.0
99,4.605170185988092,0,0,4,1,9,30,3.4339872044851463,1,0,0,2,0,0,3,0,17820.0
85,4.454347296253507,0,1,0,1,5,14,2.70805020110221,1,2,4,0,4,1,1,0,7140.0
5,1.791759469228055,0,2,0,5,5,1,0.6931471805599453,0,1,1,1,1,3,1,1,30.0
56,4.04305126783455,1,2,1,0,6,26,3.295836866004329,1,2,1,5,6,1,2,0,8736.0
99,4.605170185988092,0,0,4,1,9,18,2.9444389791664403,1,0,3,4,8,1,9,0,10692.0
71,4.276666119016055,0,2,1,1,1,4,1.6094379124341003,1,1,4,4,4,1,1,0,1704.0
42,3.7612001156935624,1,0,2,0,2,15,2.772588722239781,0,0,0,1,5,2,3,0,3780.0
85,4.454347296253507,0,1,0,1,5,22,3.1354942159291497,1,1,2,1,2,2,1,0,11220.0
100,4.61512051684126,1,1,0,2,0,18,2.9444389791664403,1,0,3,4,8,1,2,0,10800.0
33,3.5263605246161616,0,0,3,5,3,7,2.0794415416798357,0,1,2,0,7,2,1,0,1386.0
90,4.51085950651685,1,0,0,6,0,5,1.791759469228055,0,2,0,5,5,1,5,1,2700.0
50,3.9318256327243257,1,2,0,1,0,4,1.6094379124341003,1,1,4,4,4,1,2,0,1200.0
88,4.48863636973214,1,1,3,4,8,18,2.9444389791664403,1,0,3,4,8,2,2,0,9504.0
48,3.8918202981106265,1,0,3,6,8,18,2.9444389791664403,1,0,3,4,8,1,6,0,5184.0
90,4.51085950651685,1,0,0,6,0,29,3.4011973816621555,0,2,4,1,9,2,1,0,15660.0
68,4.23410650459726,1,2,3,5,8,27,3.332204510175204,0,0,2,6,7,2,1,0,11016.0
40,3.713572066704308,1,1,0,5,0,17,2.8903717578961645,0,2,2,3,7,0,1,0,4080.0
74,4.31748811353631,1,2,4,4,4,27,3.332204510175204,0,0,2,6,7,1,1,0,11988.0
98,4.59511985013459,1,2,3,0,8,22,3.1354942159291497,1,1,2,1,2,0,2,0,12936.0
18,2.9444389791664403,1,0,3,4,8,8,2.1972245773362196,1,2,3,1,8,3,2,0,864.0
72,4.290459441148391,1,0,2,2,2,29,3.4011973816621555,0,2,4,1,9,2,1,0,12528.0
44,3.8066624897703196,1,2,4,2,4,3,1.3862943611198906,0,0,3,3,3,1,1,0,792.0
89,4.499809670330265,0,2,4,5,9,24,3.2188758248682006,1,0,4,3,4,2,1,0,12816.0
98,4.59511985013459,1,2,3,0,8,14,2.70805020110221,1,2,4,0,4,1,14,1,8232.0
80,4.394449154672439,1,2,0,3,0,26,3.295836866004329,1,2,1,5,6,3,2,0,12480.0
44,3.8066624897703196,1,2,4,2,4,4,1.6094379124341003,1,1,4,4,4,1,4,1,1056.0
47,3.871201010907891,0,2,2,5,7,17,2.8903717578961645,0,2,2,3,7,1,1,0,4794.0
50,3.9318256327243257,1,2,0,1,0,10,2.3978952727983707,1,1,0,3,0,2,10,1,3000.0
52,3.970291913552122,1,1,2,3,2,22,3.1354942159291497,1,1,2,1,2,3,2,0,6864.0
48,3.8918202981106265,1,0,3,6,8,14,2.70805020110221,1,2,4,0,4,1,2,0,4032.0
46,3.8501476017100584,1,1,1,4,6,9,2.302585092994046,0,0,4,2,9,0,1,0,2484.0
91,4.5217885770490405,0,1,1,0,1,19,2.995732273553991,0,1,4,5,9,3,1,0,10374.0
61,4.127134385045092,0,1,1,5,1,23,3.1780538303479458,0,2,3,2,3,0,1,0,8418.0
93,4.543294782270004,0,0,3,2,3,1,0.6931471805599453,0,1,1,1,1,3,1,1,558.0
61,4.127134385045092,0,1,1,5,1,27,3.332204510175204,0,0,2,6,7,0,1,0,9882.0
46,3.8501476017100584,1,1,1,4,6,13,2.6390573296152584,0,1,3,6,3,3,1,0,3588.0
23,3.1780538303479458,0,2,3,2,3,2,1.0986122886681098,1,2,2,2,2,0,1,0,276.0
81,4.406719247264253,0,0,1,4,1,2,1.0986122886681098,1,2,2,2,2,2,1,0,972.0
66,4.204692619390966,1,0,1,3,6,11,2.4849066497880004,0,2,1,4,1,1,11,1,4356.0
42,3.7612001156935624,1,0,2,0,2,1,0.6931471805599453,0,1,1,1,1,0,1,1,252.0
77,4.356708826689592,0,2,2,0,7,13,2.6390573296152584,0,1,3,6,3,2,1,0,6006.0
92,4.532599493153256,1,2,2,1,2,30,3.4339872044851463,1,0,0,2,0,0,2,0,16560.0
99,4.605170185988092,0,0,4,1,9,17,2.8903717578961645,0,2,2,3,7,0,1,0,10098.0
42,3.7612001156935624,1,0,2,0,2,11,2.4849066497880004,0,2,1,4,1,3,1,0,2772.0
60,4.110873864173311,1,0,0,4,0,11,2.4849066497880004,0,2,1,4,1,0,1,0,3960.0
66,4.204692619390966,1,0,1,3,6,3,1.3862943611198906,0,0,3,3,3,0,3,1,1188.0
27,3.332204510175204,0,0,2,6,7,3,1.3862943611198906,0,0,3,3,3,0,3,1,486.0
87,4.477336814478207,0,0,2,3,7,7,2.0794415416798357,0,1,2,0,7,1,1,0,3654.0
50,3.9318256327243257,1,2,0,1,0,20,3.044522437723423,1,2,0,6,0,1,10,0,6000.0
10,2.3978952727983707,1,1,0,3,0,1,0.6931471805599453,0,1,1,1,1,0,1,1,60.0
49,3.912023005428146,0,1,4,0,9,9,2.302585092994046,0,0,4,2,9,2,1,0,2646.0
56,4.04305126783455,1,2,1,0,6,12,2.5649493574615367,1,0,2,5,2,3,4,0,4032.0
32,3.4965075614664802,1,2,2,4,2,12,2.5649493574615367,1,0,2,5,2,2,4,0,2304.0
59,4.0943445622221,0,2,4,3,9,14,2.70805020110221,1,2,4,0,4,2,1,0,4956.0
51,3.9512437185814275,0,0,1,2,1,6,1.9459101490553132,1,0,1,6,6,1,3,0,1836.0
84,4.442651256490317,1,0,4,0,4,13,2.6390573296152584,0,1,3,6,3,0,1,0,6552.0
64,4.174387269895637,1,1,4,1,4,29,3.4011973816621555,0,2,4,1,9,2,1,0,11136.0
96,4.574710978503383,1,0,1,5,6,6,1.9459101490553132,1,0,1,6,6,1,6,1,3456.0
82,4.418840607796598,1,1,2,5,2,25,3.258096538021482,0,1,0,4,5,1,1,0,12300.0
63,4.1588830833596715,0,0,3,0,3,23,3.1780538303479458,0,2,3,2,3,0,1,0,8694.0
80,4.394449154672439,1,2,0,3,0,19,2.995732273553991,0,1,4,5,9,0,1,0,9120.0
99,4.605170185988092,0,0,4,1,9,4,1.6094379124341003,1,1,4,4,4,1,1,0,2376.0
34,3.5553480614894135,1,1,4,6,4,3,1.3862943611198906,0,0,3,3,3,2,1,0,612.0
81,4.406719247264253,0,0,1,4,1,2,1.0986122886681098,1,2,2,2,2,1,1,0,972.0
73,4.30406509320417,0,1,3,3,3,22,3.1354942159291497,1,1,2,1,2,0,1,0,9636.0
54,4.007333185232471,1,0,4,5,4,24,3.2188758248682006,1,0,4,3,4,3,6,0,7776.0
88,4.48863636973214,1,1,3,4,8,21,3.091042453358316,0,0,1,0,1,1,1,0,11088.0
41,3.7376696182833684,0,2,1,6,1,3,1.3862943611198906,0,0,3,3,3,1,1,0,738.0
80,4.394449154672439,1,2,0,3,0,2,1.0986122886681098,1,2,2,2,2,0,2,1,960.0
86,4.465908118654584,1,2,1,2,6,20,3.044522437723423,1,2,0,6,0,2,2,0,10320.0
95,4.564348191467836,0,2,0,4,5,24,3.2188758248682006,1,0,4,3,4,1,1,0,13680.0
66,4.204692619390966,1,0,1,3,6,3,1.3862943611198906,0,0,3,3,3,1,3,1,1188.0
61,4.127134385045092,0,1,1,5,1,7,2.0794415416798357,0,1,2,0,7,3,1,0,2562.0
39,3.6888794541139363,0,0,4,4,9,16,2.833213344056216,1,1,1,2,6,2,1,0,3744.0
66,4.204692619390966,1,0,1,3,6,3,1.3862943611198906,0,0,3,3,3,2,3,1,1188.0
90,4.51085950651685,1,0,0,6,0,5,1.791759469228055,0,2,0,5,5,2,5,1,2700.0
63,4.1588830833596715,0,0,3,0,3,26,3.295836866004329,1,2,1,5,6,2,1,0,9828.0
52,3.970291913552122,1,1,2,3,2,9,2.302585092994046,0,0,4,2,9,1,1,0,2808.0
85,4.454347296253507,0,1,0,1,5,10,2.3978952727983707,1,1,0,3,0,3,5,0,5100.0
75,4.330733340286331,0,0,0,5,5,23,3.1780538303479458,0,2,3,2,3,3,1,0,10350.0
53,3.9889840465642745,0,2,3,4,3,16,2.833213344056216,1,1,1,2,6,0,1,0,5088.0
78,4.3694478524670215,1,0,3,1,8,9,2.302585092994046,0,0,4,2,9,2,3,0,4212.0
35,3.58351893845611,0,2,0,0,5,3,1.3862943611198906,0,0,3,3,3,1,1,0,630.0
49,3.912023005428146,0,1,4,0,9,18,2.9444389791664403,1,0,3,4,8,3,1,0,5292.0
61,4.127134385045092,0,1,1,5,1,11,2.4849066497880004,0,2,1,4,1,2,1,0,4026.0
74,4.31748811353631,1,2,4,4,4,3,1.3862943611198906,0,0,3,3,3,3,1,0,1332.0
41,3.7376696182833684,0,2,1,6,1,16,2.833213344056216,1,1,1,2,6,2,1,0,3936.0
57,4.060443010546419,0,0,2,1,7,13,2.6390573296152584,0,1,3,6,3,1,1,0,4446.0
21,3.091042453358316,0,0,1,0,1,9,2.302585092994046,0,0,4,2,9,0,3,0,1134.0
20,3.044522437723423,1,2,0,6,0,6,1.9459101490553132,1,0,1,6,6,0,2,0,720.0
66,4.204692619390966,1,0,1,3,6,17,2.8903717578961645,0,2,2,3,7,3,1,0,6732.0
89,4.499809670330265,0,2,4,5,9,21,3.091042453358316,0,0,1,0,1,0,1,0,11214.0
79,4.382026634673881,0,1,4,2,9,16,2.833213344056216,1,1,1,2,6,3,1,0,7584.0
61,4.127134385045092,0,1,1,5,1,3,1.3862943611198906,0,0,3,3,3,1,1,0,1098.0
68,4.23410650459726,1,2,3,5,8,26,3.295836866004329,1,2,1,5,6,1,2,0,10608.0
87,4.477336814478207,0,0,2,3,7,15,2.772588722239781,0,0,0,1,5,1,3,0,7830.0
63,4.1588830833596715,0,0,3,0,3,29,3.4011973816621555,0,2,4,1,9,2,1,0,10962.0
58,4.07753744390572,1,1,3,2,8,24,3.2188758248682006,1,0,4,3,4,0,2,0,8352.0
86,4.465908118654584,1,2,1,2,6,13,2.6390573296152584,0,1,3,6,3,1,1,0,6708.0
54,4.007333185232471,1,0,4,5,4,27,3.332204510175204,0,0,2,6,7,3,27,1,8748.0
81,4.406719247264253,0,0,1,4,1,22,3.1354942159291497,1,1,2,1,2,1,1,0,10692.0
60,4.110873864173311,1,0,0,4,0,8,2.1972245773362196,1,2,3,1,8,1,4,0,2880.0
61,4.127134385045092,0,1,1,5,1,5,1.791759469228055,0,2,0,5,5,1,1,0,1830.0
100,4.61512051684126,1,1,0,2,0,3,1.3862943611198906,0,0,3,3,3,3,1,0,1800.0
57,4.060443010546419,0,0,2,1,7,2,1.0986122886681098,1,2,2,2,2,3,1,0,684.0
31,3.4657359027997265,0,1,1,3,1,6,1.9459101490553132,1,0,1,6,6,1,1,0,1116.0
42,3.7612001156935624,1,0,2,0,2,10,2.3978952727983707,1,1,0,3,0,2,2,0,2520.0
74,4.31748811353631,1,2,4,4,4,25,3.258096538021482,0,1,0,4,5,3,1,0,11100.0
54,4.007333185232471,1,0,4,5,4,19,2.995732273553991,0,1,4,5,9,1,1,0,6156.0
51,3.9512437185814275,0,0,1,2,1,15,2.772588722239781,0,0,0,1,5,3,3,0,4590.0
21,3.091042453358316,0,0,1,0,1,6,1.9459101490553132,1,0,1,6,6,2,3,0,756.0
81,4.406719247264253,0,0,1,4,1,24,3.2188758248682006,1,0,4,3,4,0,3,0,11664.0
57,4.060443010546419,0,0,2,1,7,4,1.6094379124341003,1,1,4,4,4,2,1,0,1368.0
99,4.605170185988092,0,0,4,1,9,2,1.0986122886681098,1,2,2,2,2,3,1,0,1188.0
76,4.343805421853684,1,1,1,6,6,20,3.044522437723423,1,2,0,6,0,0,4,0,9120.0
47,3.871201010907891,0,2,2,5,7,7,2.0794415416798357,0,1,2,0,7,1,1,0,1974.0
61,4.127134385045092,0,1,1,5,1,12,2.5649493574615367,1,0,2,5,2,1,1,0,4392.0
75,4.330733340286331,0,0,0,5,5,8,2.1972245773362196,1,2,3,1,8,2,1,0,3600.0
46,3.8501476017100584,1,1,1,4,6,23,3.1780538303479458,0,2,3,2,3,1,23,1,6348.0
49,3.912023005428146,0,1,4,0,9,8,2.1972245773362196,1,2,3,1,8,1,1,0,2352.0
85,4.454347296253507,0,1,0,1,5,3,1.3862943611198906,0,0,3,3,3,2,1,0,1530.0
96,4.574710978503383,1,0,1,5,6,12,2.5649493574615367,1,0,2,5,2,2,12,1,6912.0
49,3.912023005428146,0,1,4,0,9,5,1.791759469228055,0,2,0,5,5,0,1,0,1470.0
62,4.143134726391533,1,2,2,6,2,26,3.295836866004329,1,2,1,5,6,0,2,0,9672.0
100,4.61512051684126,1,1,0,2,0,27,3.332204510175204,0,0,2,6,7,1,1,0,16200.0
60,4.110873864173311,1,0,0,4,0,14,2.70805020110221,1,2,4,0,4,2,2,0,5040.0
75,4.330733340286331,0,0,0,5,5,25,3.258096538021482,0,1,0,4,5,1,25,1,11250.0
48,3.8918202981106265,1,0,3,6,8,19,2.995732273553991,0,1,4,5,9,2,1,0,5472.0
91,4.5217885770490405,0,1,1,0,1,20,3.044522437723423,1,2,0,6,0,2,1,0,10920.0
38,3.6635616461296463,1,2,3,3,8,5,1.791759469228055,0,2,0,5,5,1,1,0,1140.0
90,4.51085950651685,1,0,0,6,0,26,3.295836866004329,1,2,1,5,6,2,2,0,14040.0
27,3.332204510175204,0,0,2,6,7,1,0.6931471805599453,0,1,1,1,1,3,1,1,162.0
79,4.382026634673881,0,1,4,2,9,27,3.332204510175204,0,0,2,6,7,2,1,0,12798.0
47,3.871201010907891,0,2,2,5,7,12,2.5649493574615367,1,0,2,5,2,0,1,0,3384.0
38,3.6635616461296463,1,2,3,3,8,17,2.8903717578961645,0,2,2,3,7,0,1,0,3876.0
37,3.6375861597263857,0,1,2,2,7,14,2.70805020110221,1,2,4,0,4,1,1,0,3108.0
35,3.58351893845611,0,2,0,0,5,11,2.4849066497880004,0,2,1,4,1,2,1,0,2310.0
61,4.127134385045092,0,1,1,5,1,17,2.8903717578961645,0,2,2,3,7,2,1,0,6222.0
42,3.7612001156935624,1,0,2,0,2,15,2.772588722239781,0,0,0,1,5,0,3,0,3780.0
78,4.3694478524670215,1,0,3,1,8,26,3.295836866004329,1,2,1,5,6,0,26,1,12168.0
63,4.1588830833596715,0,0,3,0,3,2,1.0986122886681098,1,2,2,2,2,1,1,0,756.0
76,4.343805421853684,1,1,1,6,6,29,3.4011973816621555,0,2,4,1,9,1,1,0,13224.0
98,4.59511985013459,1,2,3,0,8,12,2.5649493574615367,1,0,2,5,2,2,2,0,7056.0
83,4.430816798843313,0,2,3,6,3,2,1.0986122886681098,1,2,2,2,2,3,1,0,996.0
91,4.5217885770490405,0,1,1,0,1,16,2.833213344056216,1,1,1,2,6,1,1,0,8736.0
67,4.219507705176107,0,1,2,4,7,3,1.3862943611198906,0,0,3,3,3,1,1,0,1206.0
13,2.6390573296152584,0,1,3,6,3,3,1.3862943611198906,0,0,3,3,3,0,1,0,234.0
14,2.70805020110221,1,2,4,0,4,1,0.6931471805599453,0,1,1,1,1,2,1,1,84.0
94,4.553876891600541,1,1,4,3,4,27,3.332204510175204,0,0,2,6,7,0,1,0,15228.0
65,4.189654742026425,0,2,0,2,5,9,2.302585092994046,0,0,4,2,9,2,1,0,3510.0
59,4.0943445622221,0,2,4,3,9,16,2.833213344056216,1,1,1,2,6,0,1,0,5664.0
90,4.51085950651685,1,0,0,6,0,7,2.0794415416798357,0,1,2,0,7,0,1,0,3780.0
82,4.418840607796598,1,1,2,5,2,24,3.2188758248682006,1,0,4,3,4,2,2,0,11808.0
69,4.248495242049359,0,0,4,6,9,5,1.791759469228055,0,2,0,5,5,1,1,0,2070.0
72,4.290459441148391,1,0,2,2,2,4,1.6094379124341003,1,1,4,4,4,3,4,1,1728.0
79,4.382026634673881,0,1,4,2,9,16,2.833213344056216,1,1,1,2,6,1,1,0,7584.0
94,4.553876891600541,1,1,4,3,4,24,3.2188758248682006,1,0,4,3,4,3,2,0,13536.0
100,4.61512051684126,1,1,0,2,0,11,2.4849066497880004,0,2,1,4,1,1,1,0,6600.0
57,4.060443010546419,0,0,2,1,7,22,3.1354942159291497,1,1,2,1,2,2,1,0,7524.0
100,4.61512051684126,1,1,0,2,0,10,2.3978952727983707,1,1,0,3,0,0,10,1,6000.0
95,4.564348191467836,0,2,0,4,5,3,1.3862943611198906,0,0,3,3,3,2,1,0,1710.0
82,4.418840607796598,1,1,2,5,2,12,2.5649493574615367,1,0,2,5,2,2,2,0,5904.0
38,3.6635616461296463,1,2,3,3,8,4,1.6094379124341003,1,1,4,4,4,0,2,0,912.0
43,3.784189633918261,0,1,3,1,3,6,1.9459101490553132,1,0,1,6,6,0,1,0,1548.0
65,4.189654742026425,0,2,0,2,5,20,3.044522437723423,1,2,0,6,0,2,5,0,7800.0
61,4.127134385045092,0,1,1,5,1,21,3.091042453358316,0,0,1,0,1,3,1,0,7686.0
99,4.605170185988092,0,0,4,1,9,26,3.295836866004329,1,2,1,5,6,2,1,0,15444.0
87,4.477336814478207,0,0,2,3,7,10,2.3978952727983707,1,1,0,3,0,2,1,0,5220.0
67,4.219507705176107,0,1,2,4,7,11,2.4849066497880004,0,2,1,4,1,3,1,0,4422.0
84,4.442651256490317,1,0,4,0,4,25,3.258096538021482,0,1,0,4,5,2,1,0,12600.0
97,4.584967478670572,0,1,2,6,7,25,3.258096538021482,0,1,0,4,5,3,1,0,14550.0
88,4.48863636973214,1,1,3,4,8,12,2.5649493574615367,1,0,2,5,2,3,4,0,6336.0
81,4.406719247264253,0,0,1,4,1,18,2.9444389791664403,1,0,3,4,8,0,9,0,8748.0
41,3.7376696182833684,0,2,1,6,1,16,2.833213344056216,1,1,1,2,6,1,1,0,3936.0
30,3.4339872044851463,1,0,0,2,0,12,2.5649493574615367,1,0,2,5,2,0,6,0,2160.0
57,4.060443010546419,0,0,2,1,7,2,1.0986122886681098,1,2,2,2,2,0,1,0,684.0
99,4.605170185988092,0,0,4,1,9,19,2.995732273553991,0,1,4,5,9,2,1,0,11286.0
39,3.6888794541139363,0,0,4,4,9,1,0.6931471805599453,0,1,1,1,1,0,1,1,234.0
57,4.060443010546419,0,0,2,1,7,5,1.791759469228055,0,2,0,5,5,0,1,0,1710.0
30,3.4339872044851463,1,0,0,2,0,8,2.1972245773362196,1,2,3,1,8,3,2,0,1440.0
37,3.6375861597263857,0,1,2,2,7,17,2.8903717578961645,0,2,2,3,7,2,1,0,3774.0
45,3.828641396489095,0,0,0,3,5,14,2.70805020110221,1,2,4,0,4,0,1,0,3780.0
92,4.532599493153256,1,2,2,1,2,8,2.1972245773362196,1,2,3,1,8,1,4,0,4416.0
71,4.276666119016055,0,2,1,1,1,19,2.995732273553991,0,1,4,5,9,1,1,0,8094.0
31,3.4657359027997265,0,1,1,3,1,12,2.5649493574615367,1,0,2,5,2,1,1,0,2232.0
92,4.532599493153256,1,2,2,1,2,9,2.302585092994046,0,0,4,2,9,2,1,0,4968.0
89,4.499809670330265,0,2,4,5,9,26,3.295836866004329,1,2,1,5,6,1,1,0,13884.0
60,4.110873864173311,1,0,0,4,0,30,3.4339872044851463,1,0,0,2,0,2,30,1,10800.0
69,4.248495242049359,0,0,4,6,9,19,2.995732273553991,0,1,4,5,9,3,1,0,7866.0
99,4.605170185988092,0,0,4,1,9,23,3.1780538303479458,0,2,3,2,3,3,1,0,13662.0
98,4.59511985013459,1,2,3,0,8,12,2.5649493574615367,1,0,2,5,2,1,2,0,7056.0
22,3.1354942159291497,1,1,2,1,2,10,2.3978952727983707,1,1,0,3,0,0,2,0,1320.0
33,3.5263605246161616,0,0,3,5,3,12,2.5649493574615367,1,0,2,5,2,0,3,0,2376.0
88,4.48863636973214,1,1,3,4,8,27,3.332204510175204,0,0,2,6,7,2,1,0,14256.0
88,4.48863636973214,1,1,3,4,8,18,2.9444389791664403,1,0,3,4,8,3,2,0,9504.0
55,4.02535169073515,0,1,0,6,5,24,3.2188758248682006,1,0,4,3,4,0,1,0,7920.0
72,4.290459441148391,1,0,2,2,2,14,2.70805020110221,1,2,4,0,4,3,2,0,6048.0
38,3.6635616461296463,1,2,3,3,8,2,1.0986122886681098,1,2,2,2,2,3,2,1,456.0
15,2.772588722239781,0,0,0,1,5,4,1.6094379124341003,1,1,4,4,4,3,1,0,360.0
87,4.477336814478207,0,0,2,3,7,7,2.0794415416798357,0,1,2,0,7,0,1,0,3654.0
77,4.356708826689592,0,2,2,0,7,22,3.1354942159291497,1,1,2,1,2,0,11,0,10164.0
54,4.007333185232471,1,0,4,5,4,20,3.044522437723423,1,2,0,6,0,1,2,0,6480.0
92,4.532599493153256,1,2,2,1,2,3,1.3862943611198906,0,0,3,3,3,3,1,0,1656.0
42,3.7612001156935624,1,0,2,0,2,21,3.091042453358316,0,0,1,0,1,1,21,1,5292.0
96,4.574710978503383,1,0,1,5,6,4,1.6094379124341003,1,1,4,4,4,2,4,1,2304.0
59,4.0943445622221,0,2,4,3,9,17,2.8903717578961645,0,2,2,3,7,2,1,0,6018.0
77,4.356708826689592,0,2,2,0,7,26,3.295836866004329,1,2,1,5,6,2,1,0,12012.0
40,3.713572066704308,1,1,0,5,0,18,2.9444389791664403,1,0,3,4,8,0,2,0,4320.0
68,4.23410650459726,1,2,3,5,8,5,1.791759469228055,0,2,0,5,5,1,1,0,2040.0
44,3.8066624897703196,1,2,4,2,4,8,2.1972245773362196,1,2,3,1,8,3,4,0,2112.0
57,4.060443010546419,0,0,2,1,7,28,3.367295829986474,1,1,3,0,8,0,1,0,9576.0
90,4.51085950651685,1,0,0,6,0,23,3.1780538303479458,0,2,3,2,3,2,1,0,12420.0
41,3.7376696182833684,0,2,1,6,1,19,2.995732273553991,0,1,4,5,9,3,1,0,4674.0
65,4.189654742026425,0,2,0,2,5,12,2.5649493574615367,1,0,2,5,2,2,1,0,4680.0
40,3.713572066704308,1,1,0,5,0,18,2.9444389791664403,1,0,3,4,8,2,2,0,4320.0
96,4.574710978503383,1,0,1,5,6,27,3.332204510175204,0,0,2,6,7,2,3,0,15552.0
61,4.127134385045092,0,1,1,5,1,28,3.367295829986474,1,1,3,0,8,0,1,0,10248.0
83,4.430816798843313,0,2,3,6,3,9,2.302585092994046,0,0,4,2,9,2,1,0,4482.0
34,3.5553480614894135,1,1,4,6,4,15,2.772588722239781,0,0,0,1,5,0,1,0,3060.0
71,4.276666119016055,0,2,1,1,1,15,2.772588722239781,0,0,0,1,5,3,1,0,6390.0
19,2.995732273553991,0,1,4,5,9,4,1.6094379124341003,1,1,4,4,4,1,1,0,456.0
52,3.970291913552122,1,1,2,3,2,20,3.044522437723423,1,2,0,6,0,1,4,0,6240.0
84,4.442651256490317,1,0,4,0,4,2,1.0986122886681098,1,2,2,2,2,2,2,1,1008.0
94,4.553876891600541,1,1,4,3,4,17,2.8903717578961645,0,2,2,3,7,2,1,0,9588.0
92,4.532599493153256,1,2,2,1,2,8,2.1972245773362196,1,2,3,1,8,3,4,0,4416.0
34,3.5553480614894135,1,1,4,6,4,4,1.6094379124341003,1,1,4,4,4,1,2,0,816.0
67,4.219507705176107,0,1,2,4,7,24,3.2188758248682006,1,0,4,3,4,1,1,0,9648.0
45,3.828641396489095,0,0,0,3,5,20,3.044522437723423,1,2,0,6,0,1,5,0,5400.0
100,4.61512051684126,1,1,0,2,0,22,3.1354942159291497,1,1,2,1,2,1,2,0,13200.0
23,3.1780538303479458,0,2,3,2,3,3,1.3862943611198906,0,0,3,3,3,0,1,0,414.0
43,3.784189633918261,0,1,3,1,3,5,1.791759469228055,0,2,0,5,5,2,1,0,1290.0
28,3.367295829986474,1,1,3,0,8,5,1.791759469228055,0,2,0,5,5,2,1,0,840.0
31,3.4657359027997265,0,1,1,3,1,13,2.6390573296152584,0,1,3,6,3,1,1,0,2418.0
97,4.584967478670572,0,1,2,6,7,14,2.70805020110221,1,2,4,0,4,1,1,0,8148.0
92,4.532599493153256,1,2,2,1,2,13,2.6390573296152584,0,1,3,6,3,1,1,0,7176.0
85,4.454347296253507,0,1,0,1,5,28,3.367295829986474,1,1,3,0,8,2,1,0,14280.0
62,4.143134726391533,1,2,2,6,2,20,3.044522437723423,1,2,0,6,0,1,2,0,7440.0
32,3.4965075614664802,1,2,2,4,2,6,1.9459101490553132,1,0,1,6,6,3,2,0,1152.0
48,3.8918202981106265,1,0,3,6,8,4,1.6094379124341003,1,1,4,4,4,0,4,1,1152.0
46,3.8501476017100584,1,1,1,4,6,2,1.0986122886681098,1,2,2,2,2,0,2,1,552.0
51,3.9512437185814275,0,0,1,2,1,13,2.6390573296152584,0,1,3,6,3,2,1,0,3978.0
74,4.31748811353631,1,2,4,4,4,9,2.302585092994046,0,0,4,2,9,2,1,0,3996.0
71,4.276666119016055,0,2,1,1,1,22,3.1354942159291497,1,1,2,1,2,1,1,0,9372.0
86,4.465908118654584,1,2,1,2,6,30,3.4339872044851463,1,0,0,2,0,1,2,0,15480.0
64,4.174387269895637,1,1,4,1,4,22,3.1354942159291497,1,1,2,1,2,1,2,0,8448.0
62,4.143134726391533,1,2,2,6,2,6,1.9459101490553132,1,0,1,6,6,2,2,0,2232.0
58,4.07753744390572,1,1,3,2,8,29,3.4011973816621555,0,2,4,1,9,1,29,1,10092.0
65,4.189654742026425,0,2,0,2,5,26,3.295836866004329,1,2,1,5,6,0,13,0,10140.0
56,4.04305126783455,1,2,1,0,6,20,3.044522437723423,1,2,0,6,0,0,4,0,6720.0
78,4.3694478524670215,1,0,3,1,8,1,0.6931471805599453,0,1,1,1,1,2,1,1,468.0
41,3.7376696182833684,0,2,1,6,1,20,3.044522437723423,1,2,0,6,0,0,1,0,4920.0
57,4.060443010546419,0,0,2,1,7,11,2.4849066497880004,0,2,1,4,1,1,1,0,3762.0
84,4.442651256490317,1,0,4,0,4,19,2.995732273553991,0,1,4,5,9,2,1,0,9576.0
66,4.204692619390966,1,0,1,3,6,27,3.332204510175204,0,0,2,6,7,3,3,0,10692.0
9,2.302585092994046,0,0,4,2,9,2,1.0986122886681098,1,2,2,2,2,1,1,0,108.0
93,4.543294782270004,0,0,3,2,3,18,2.9444389791664403,1,0,3,4,8,0,3,0,10044.0
57,4.060443010546419,0,0,2,1,7,10,2.3978952727983707,1,1,0,3,0,2,1,0,3420.0
60,4.110873864173311,1,0,0,4,0,28,3.367295829986474,1,1,3,0,8,3,4,0,10080.0
27,3.332204510175204,0,0,2,6,7,13,2.6390573296152584,0,1,3,6,3,2,1,0,2106.0
40,3.713572066704308,1,1,0,5,0,10,2.3978952727983707,1,1,0,3,0,0,10,1,2400.0
50,3.9318256327243257,1,2,0,1,0,1,0.6931471805599453,0,1,1,1,1,3,1,1,300.0
62,4.143134726391533,1,2,2,6,2,22,3.1354942159291497,1,1,2,1,2,1,2,0,8184.0
100,4.61512051684126,1,1,0,2,0,7,2.0794415416798357,0,1,2,0,7,0,1,0,4200.0
72,4.290459441148391,1,0,2,2,2,26,3.295836866004329,1,2,1,5,6,3,2,0,11232.0
90,4.51085950651685,1,0,0,6,0,6,1.9459101490553132,1,0,1,6,6,2,6,1,3240.0
53,3.9889840465642745,0,2,3,4,3,25,3.258096538021482,0,1,0,4,5,1,1,0,7950.0
51,3.9512437185814275,0,0,1,2,1,19,2.995732273553991,0,1,4,5,9,1,1,0,5814.0
51,3.9512437185814275,0,0,1,2,1,7,2.0794415416798357,0,1,2,0,7,2,1,0,2142.0
69,4.248495242049359,0,0,4,6,9,13,2.6390573296152584,0,1,3,6,3,2,1,0,5382.0
68,4.23410650459726,1,2,3,5,8,20,3.044522437723423,1,2,0,6,0,1,4,0,8160.0
63,4.1588830833596715,0,0,3,0,3,5,1.791759469228055,0,2,0,5,5,1,1,0,1890.0
57,4.060443010546419,0,0,2,1,7,19,2.995732273553991,0,1,4,5,9,0,19,1,6498.0
100,4.61512051684126,1,1,0,2,0,13,2.6390573296152584,0,1,3,6,3,1,1,0,7800.0
54,4.007333185232471,1,0,4,5,4,19,2.995732273553991,0,1,4,5,9,3,1,0,6156.0
65,4.189654742026425,0,2,0,2,5,11,2.4849066497880004,0,2,1,4,1,2,1,0,4290.0
100,4.61512051684126,1,1,0,2,0,4,1.6094379124341003,1,1,4,4,4,1,4,1,2400.0
7,2.0794415416798357,0,1,2,0,7,2,1.0986122886681098,1,2,2,2,2,3,1,0,84.0
76,4.343805421853684,1,1,1,6,6,3,1.3862943611198906,0,0,3,3,3,1,1,0,1368.0
79,4.382026634673881,0,1,4,2,9,3,1.3862943611198906,0,0,3,3,3,1,1,0,1422.0
27,3.332204510175204,0,0,2,6,7,3,1.3862943611198906,0,0,3,3,3,2,3,1,486.0
70,4.2626798770413155,1,1,0,0,0,23,3.1780538303479458,0,2,3,2,3,3,1,0,9660.0
32,3.4965075614664802,1,2,2,4,2,10,2.3978952727983707,1,1,0,3,0,2,2,0,1920.0
78,4.3694478524670215,1,0,3,1,8,22,3.1354942159291497,1,1,2,1,2,2,2,0,10296.0
77,4.356708826689592,0,2,2,0,7,18,2.9444389791664403,1,0,3,4,8,1,1,0,8316.0
52,3.970291913552122,1,1,2,3,2,24,3.2188758248682006,1,0,4,3,4,0,4,0,7488.0
73,4.30406509320417,0,1,3,3,3,5,1.791759469228055,0,2,0,5,5,1,1,0,2190.0
54,4.007333185232471,1,0,4,5,4,25,3.258096538021482,0,1,0,4,5,0,1,0,8100.0
61,4.127134385045092,0,1,1,5,1,3,1.3862943611198906,0,0,3,3,3,2,1,0,1098.0
82,4.418840607796598,1,1,2,5,2,1,0.6931471805599453,0,1,1,1,1,3,1,1,492.0
100,4.61512051684126,1,1,0,2,0,6,1.9459101490553132,1,0,1,6,6,3,2,0,3600.0
47,3.871201010907891,0,2,2,5,7,7,2.0794415416798357,0,1,2,0,7,3,1,0,1974.0
77,4.356708826689592,0,2,2,0,7,7,2.0794415416798357,0,1,2,0,7,0,7,1,3234.0
86,4.465908118654584,1,2,1,2,6,27,3.332204510175204,0,0,2,6,7,0,1,0,13932.0
58,4.07753744390572,1,1,3,2,8,12,2.5649493574615367,1,0,2,5,2,1,2,0,4176.0
48,3.8918202981106265,1,0,3,6,8,23,3.1780538303479458,0,2,3,2,3,1,1,0,6624.0
48,3.8918202981106265,1,0,3,6,8,21,3.091042453358316,0,0,1,0,1,1,3,0,6048.0
66,4.204692619390966,1,0,1,3,6,20,3.044522437723423,1,2,0,6,0,0,2,0,7920.0
67,4.219507705176107,0,1,2,4,7,30,3.4339872044851463,1,0,0,2,0,1,1,0,12060.0
35,3.58351893845611,0,2,0,0,5,4,1.6094379124341003,1,1,4,4,4,3,1,0,840.0
74,4.31748811353631,1,2,4,4,4,6,1.9459101490553132,1,0,1,6,6,1,2,0,2664.0
74,4.31748811353631,1,2,4,4,4,5,1.791759469228055,0,2,0,5,5,2,1,0,2220.0
41,3.7376696182833684,0,2,1,6,1,15,2.772588722239781,0,0,0,1,5,1,1,0,3690.0
67,4.219507705176107,0,1,2,4,7,10,2.3978952727983707,1,1,0,3,0,3,1,0,4020.0
99,4.605170185988092,0,0,4,1,9,28,3.367295829986474,1,1,3,0,8,0,1,0,16632.0
40,3.713572066704308,1,1,0,5,0,14,2.70805020110221,1,2,4,0,4,2,2,0,3360.0
43,3.784189633918261,0,1,3,1,3,19,2.995732273553991,0,1,4,5,9,3,1,0,4902.0
53,3.9889840465642745,0,2,3,4,3,3,1.3862943611198906,0,0,3,3,3,0,1,0,954.0
60,4.110873864173311,1,0,0,4,0,21,3.091042453358316,0,0,1,0,1,1,3,0,7560.0
84,4.442651256490317,1,0,4,0,4,7,2.0794415416798357,0,1,2,0,7,1,7,1,3528.0
57,4.060443010546419,0,0,2,1,7,28,3.367295829986474,1,1,3,0,8,2,1,0,9576.0
98,4.59511985013459,1,2,3,0,8,21,3.091042453358316,0,0,1,0,1,1,7,0,12348.0
35,3.58351893845611,0,2,0,0,5,11,2.4849066497880004,0,2,1,4,1,3,1,0,2310.0
31,3.4657359027997265,0,1,1,3,1,15,2.772588722239781,0,0,0,1,5,3,1,0,2790.0
90,4.51085950651685,1,0,0,6,0,17,2.8903717578961645,0,2,2,3,7,0,1,0,9180.0
18,2.9444389791664403,1,0,3,4,8,7,2.0794415416798357,0,1,2,0,7,3,1,0,756.0
88,4.48863636973214,1,1,3,4,8,11,2.4849066497880004,0,2,1,4,1,2,11,1,5808.0
64,4.174387269895637,1,1,4,1,4,9,2.302585092994046,0,0,4,2,9,3,1,0,3456.0
92,4.532599493153256,1,2,2,1,2,17,2.8903717578961645,0,2,2,3,7,2,1,0,9384.0
86,4.465908118654584,1,2,1,2,6,28,3.367295829986474,1,1,3,0,8,0,2,0,14448.0
75,4.330733340286331,0,0,0,5,5,21,3.091042453358316,0,0,1,0,1,0,3,0,9450.0
47,3.871201010907891,0,2,2,5,7,9,2.302585092994046,0,0,4,2,9,0,1,0,2538.0
57,4.060443010546419,0,0,2,1,7,28,3.367295829986474,1,1,3,0,8,1,1,0,9576.0
54,4.007333185232471,1,0,4,5,4,12,2.5649493574615367,1,0,2,5,2,1,6,0,3888.0
54,4.007333185232471,1,0,4,5,4,1,0.6931471805599453,0,1,1,1,1,2,1,1,324.0
48,3.8918202981106265,1,0,3,6,8,9,2.302585092994046,0,0,4,2,9,2,3,0,2592.0
37,3.6375861597263857,0,1,2,2,7,14,2.70805020110221,1,2,4,0,4,3,1,0,3108.0
59,4.0943445622221,0,2,4,3,9,7,2.0794415416798357,0,1,2,0,7,0,1,0,2478.0
69,4.248495242049359,0,0,4,6,9,2,1.0986122886681098,1,2,2,2,2,2,1,0,828.0
60,4.110873864173311,1,0,0,4,0,4,1.6094379124341003,1,1,4,4,4,2,4,1,1440.0
35,3.58351893845611,0,2,0,0,5,15,2.772588722239781,0,0,0,1,5,3,5,0,3150.0
69,4.248495242049359,0,0,4,6,9,17,2.8903717578961645,0,2,2,3,7,0,1,0,7038.0
60,4.110873864173311,1,0,0,4,0,5,1.791759469228055,0,2,0,5,5,2,5,1,1800.0
81,4.406719247264253,0,0,1,4,1,24,3.2188758248682006,1,0,4,3,4,2,3,0,11664.0
69,4.248495242049359,0,0,4,6,9,3,1.3862943611198906,0,0,3,3,3,0,3,1,1242.0
49,3.912023005428146,0,1,4,0,9,13,2.6390573296152584,0,1,3,6,3,1,1,0,3822.0
90,4.51085950651685,1,0,0,6,0,15,2.772588722239781,0,0,0,1,5,1,15,1,8100.0
96,4.574710978503383,1,0,1,5,6,14,2.70805020110221,1,2,4,0,4,2,2,0,8064.0
53,3.9889840465642745,0,2,3,4,3,23,3.1780538303479458,0,2,3,2,3,1,1,0,7314.0
52,3.970291913552122,1,1,2,3,2,20,3.044522437723423,1,2,0,6,0,3,4,0,6240.0
56,4.04305126783455,1,2,1,0,6,16,2.833213344056216,1,1,1,2,6,3,8,0,5376.0
91,4.5217885770490405,0,1,1,0,1,7,2.0794415416798357,0,1,2,0,7,1,7,1,3822.0
65,4.189654742026425,0,2,0,2,5,25,3.258096538021482,0,1,0,4,5,2,5,0,9750.0
94,4.553876891600541,1,1,4,3,4,5,1.791759469228055,0,2,0,5,5,1,1,0,2820.0
52,3.970291913552122,1,1,2,3,2,25,3.258096538021482,0,1,0,4,5,0,1,0,7800.0
62,4.143134726391533,1,2,2,6,2,20,3.044522437723423,1,2,0,6,0,3,2,0,7440.0
93,4.543294782270004,0,0,3,2,3,15,2.772588722239781,0,0,0,1,5,3,3,0,8370.0
78,4.3694478524670215,1,0,3,1,8,13,2.6390573296152584,0,1,3,6,3,1,13,1,6084.0
30,3.4339872044851463,1,0,0,2,0,9,2.302585092994046,0,0,4,2,9,3,3,0,1620.0
40,3.713572066704308,1,1,0,5,0,11,2.4849066497880004,0,2,1,4,1,1,1,0,2640.0
98,4.59511985013459,1,2,3,0,8,17,2.8903717578961645,0,2,2,3,7,2,1,0,9996.0
37,3.6375861597263857,0,1,2,2,7,16,2.833213344056216,1,1,1,2,6,1,1,0,3552.0
85,4.454347296253507,0,1,0,1,5,15,2.772588722239781,0,0,0,1,5,1,5,0,7650.0
68,4.23410650459726,1,2,3,5,8,26,3.295836866004329,1,2,1,5,6,3,2,0,10608.0
86,4.465908118654584,1,2,1,2,6,10,2.3978952727983707,1,1,0,3,0,3,2,0,5160.0
92,4.532599493153256,1,2,2,1,2,25,3.258096538021482,0,1,0,4,5,3,1,0,13800.0
86,4.465908118654584,1,2,1,2,6,14,2.70805020110221,1,2,4,0,4,2,2,0,7224.0
35,3.58351893845611,0,2,0,0,5,12,2.5649493574615367,1,0,2,5,2,0,1,0,2520.0
99,4.605170185988092,0,0,4,1,9,28,3.367295829986474,1,1,3,0,8,1,1,0,16632.0
61,4.127134385045092,0,1,1,5,1,4,1.6094379124341003,1,1,4,4,4,1,1,0,1464.0
84,4.442651256490317,1,0,4,0,4,29,3.4011973816621555,0,2,4,1,9,3,1,0,14616.0
95,4.564348191467836,0,2,0,4,5,5,1.791759469228055,0,2,0,5,5,3,5,1,2850.0
68,4.23410650459726,1,2,3,5,8,3,1.3862943611198906,0,0,3,3,3,3,1,0,1224.0
85,4.454347296253507,0,1,0,1,5,11,2.4849066497880004,0,2,1,4,1,0,1,0,5610.0
73,4.30406509320417,0,1,3,3,3,6,1.9459101490553132,1,0,1,6,6,0,1,0,2628.0
41,3.7376696182833684,0,2,1,6,1,12,2.5649493574615367,1,0,2,5,2,0,1,0,2952.0
91,4.5217885770490405,0,1,1,0,1,23,3.1780538303479458,0,2,3,2,3,2,1,0,12558.0
66,4.204692619390966,1,0,1,3,6,23,3.1780538303479458,0,2,3,2,3,1,1,0,9108.0
69,4.248495242049359,0,0,4,6,9,13,2.6390573296152584,0,1,3,6,3,0,1,0,5382.0
95,4.564348191467836,0,2,0,4,5,23,3.1780538303479458,0,2,3,2,3,0,1,0,13110.0
38,3.6635616461296463,1,2,3,3,8,6,1.9459101490553132,1,0,1,6,6,0,2,0,1368.0
56,4.04305126783455,1,2,1,0,6,24,3.2188758248682006,1,0,4,3,4,0,8,0,8064.0
35,3.58351893845611,0,2,0,0,5,14,2.70805020110221,1,2,4,0,4,1,7,0,2940.0
18,2.9444389791664403,1,0,3,4,8,5,1.791759469228055,0,2,0,5,5,1,1,0,540.0
78,4.3694478524670215,1,0,3,1,8,24,3.2188758248682006,1,0,4,3,4,0,6,0,11232.0
50,3.9318256327243257,1,2,0,1,0,17,2.8903717578961645,0,2,2,3,7,1,1,0,5100.0
57,4.060443010546419,0,0,2,1,7,14,2.70805020110221,1,2,4,0,4,1,1,0,4788.0
75,4.330733340286331,0,0,0,5,5,24,3.2188758248682006,1,0,4,3,4,1,3,0,10800.0
71,4.276666119016055,0,2,1,1,1,23,3.1780538303479458,0,2,3,2,3,2,1,0,9798.0
25,3.258096538021482,0,1,0,4,5,2,1.0986122886681098,1,2,2,2,2,0,1,0,300.0
78,4.3694478524670215,1,0,3,1,8,30,3.4339872044851463,1,0,0,2,0,3,6,0,14040.0
97,4.584967478670572,0,1,2,6,7,15,2.772588722239781,0,0,0,1,5,0,1,0,8730.0
86,4.465908118654584,1,2,1,2,6,25,3.258096538021482,0,1,0,4,5,1,1,0,12900.0
83,4.430816798843313,0,2,3,6,3,9,2.302585092994046,0,0,4,2,9,0,1,0,4482.0
93,4.543294782270004,0,0,3,2,3,29,3.4011973816621555,0,2,4,1,9,2,1,0,16182.0
98,4.59511985013459,1,2,3,0,8,9,2.302585092994046,0,0,4,2,9,1,1,0,5292.0
83,4.430816798843313,0,2,3,6,3,17,2.8903717578961645,0,2,2,3,7,1,1,0,8466.0
33,3.5263605246161616,0,0,3,5,3,16,2.833213344056216,1,1,1,2,6,2,1,0,3168.0
97,4.584967478670572,0,1,2,6,7,1,0.6931471805599453,0,1,1,1,1,0,1,1,582.0
21,3.091042453358316,0,0,1,0,1,7,2.0794415416798357,0,1,2,0,7,1,7,1,882.0
34,3.5553480614894135,1,1,4,6,4,4,1.6094379124341003,1,1,4,4,4,3,2,0,816.0
71,4.276666119016055,0,2,1,1,1,18,2.9444389791664403,1,0,3,4,8,3,1,0,7668.0
68,4.23410650459726,1,2,3,5,8,21,3.091042453358316,0,0,1,0,1,3,1,0,8568.0
74,4.31748811353631,1,2,4,4,4,30,3.4339872044851463,1,0,0,2,0,3,2,0,13320.0
75,4.330733340286331,0,0,0,5,5,20,3.044522437723423,1,2,0,6,0,3,5,0,9000.0
59,4.0943445622221,0,2,4,3,9,21,3.091042453358316,0,0,1,0,1,0,1,0,7434.0
75,4.330733340286331,0,0,0,5,5,15,2.772588722239781,0,0,0,1,5,3,15,1,6750.0
35,3.58351893845611,0,2,0,0,5,8,2.1972245773362196,1,2,3,1,8,2,1,0,1680.0
86,4.465908118654584,1,2,1,2,6,6,1.9459101490553132,1,0,1,6,6,3,2,0,3096.0
82,4.418840607796598,1,1,2,5,2,12,2.5649493574615367,1,0,2,5,2,1,2,0,5904.0
51,3.9512437185814275,0,0,1,2,1,14,2.70805020110221,1,2,4,0,4,3,1,0,4284.0
66,4.204692619390966,1,0,1,3,6,16,2.833213344056216,1,1,1,2,6,1,2,0,6336.0
94,4.553876891600541,1,1,4,3,4,11,2.4849066497880004,0,2,1,4,1,1,1,0,6204.0
64,4.174387269895637,1,1,4,1,4,16,2.833213344056216,1,1,1,2,6,3,16,1,6144.0
88,4.48863636973214,1,1,3,4,8,30,3.4339872044851463,1,0,0,2,0,3,2,0,15840.0
80,4.394449154672439,1,2,0,3,0,15,2.772588722239781,0,0,0,1,5,3,5,0,7200.0
60,4.110873864173311,1,0,0,4,0,8,2.1972245773362196,1,2,3,1,8,2,4,0,2880.0
100,4.61512051684126,1,1,0,2,0,28,3.367295829986474,1,1,3,0,8,3,4,0,16800.0
15,2.772588722239781,0,0,0,1,5,6,1.9459101490553132,1,0,1,6,6,0,3,0,540.0
66,4.204692619390966,1,0,1,3,6,4,1.6094379124341003,1,1,4,4,4,1,2,0,1584.0
12,2.5649493574615367,1,0,2,5,2,1,0.6931471805599453,0,1,1,1,1,2,1,1,72.0
45,3.828641396489095,0,0,0,3,5,21,3.091042453358316,0,0,1,0,1,1,3,0,5670.0
84,4.442651256490317,1,0,4,0,4,20,3.044522437723423,1,2,0,6,0,0,4,0,10080.0
77,4.356708826689592,0,2,2,0,7,11,2.4849066497880004,0,2,1,4,1,0,11,1,5082.0
97,4.584967478670572,0,1,2,6,7,16,2.833213344056216,1,1,1,2,6,0,1,0,9312.0
36,3.6109179126442243,1,0,1,1,6,1,0.6931471805599453,0,1,1,1,1,3,1,1,216.0
74,4.31748811353631,1,2,4,4,4,28,3.367295829986474,1,1,3,0,8,0,2,0,12432.0
63,4.1588830833596715,0,0,3,0,3,16,2.833213344056216,1,1,1,2,6,2,1,0,6048.0
49,3.912023005428146,0,1,4,0,9,23,3.1780538303479458,0,2,3,2,3,1,1,0,6762.0
82,4.418840607796598,1,1,2,5,2,16,2.833213344056216,1,1,1,2,6,3,2,0,7872.0
77,4.356708826689592,0,2,2,0,7,26,3.295836866004329,1,2,1,5,6,1,1,0,12012.0
64,4.174387269895637,1,1,4,1,4,1,0.6931471805599453,0,1,1,1,1,1,1,1,384.0
78,4.3694478524670215,1,0,3,1,8,11,2.4849066497880004,0,2,1,4,1,2,1,0,5148.0
76,4.343805421853684,1,1,1,6,6,9,2.302585092994046,0,0,4,2,9,1,1,0,4104.0
43,3.784189633918261,0,1,3,1,3,5,1.791759469228055,0,2,0,5,5,1,1,0,1290.0
14,2.70805020110221,1,2,4,0,4,2,1.0986122886681098,1,2,2,2,2,3,2,1,168.0
71,4.276666119016055,0,2,1,1,1,27,3.332204510175204,0,0,2,6,7,2,1,0,11502.0
91,4.5217885770490405,0,1,1,0,1,17,2.8903717578961645,0,2,2,3,7,1,1,0,9282.0
97,4.584967478670572,0,1,2,6,7,25,3.258096538021482,0,1,0,4,5,2,1,0,14550.0
86,4.465908118654584,1,2,1,2,6,26,3.295836866004329,1,2,1,5,6,3,2,0,13416.0
12,2.5649493574615367,1,0,2,5,2,6,1.9459101490553132,1,0,1,6,6,2,6,1,432.0
100,4.61512051684126,1,1,0,2,0,16,2.833213344056216,1,1,1,2,6,2,4,0,9600.0
3,1.3862943611198906,0,0,3,3,3,1,0.6931471805599453,0,1,1,1,1,3,1,1,18.0
59,4.0943445622221,0,2,4,3,9,10,2.3978952727983707,1,1,0,3,0,2,1,0,3540.0
15,2.772588722239781,0,0,0,1,5,4,1.6094379124341003,1,1,4,4,4,1,1,0,360.0
52,3.970291913552122,1,1,2,3,2,10,2.3978952727983707,1,1,0,3,0,0,2,0,3120.0
80,4.394449154672439,1,2,0,3,0,17,2.8903717578961645,0,2,2,3,7,2,1,0,8160.0
77,4.356708826689592,0,2,2,0,7,7,2.0794415416798357,0,1,2,0,7,3,7,1,3234.0
74,4.31748811353631,1,2,4,4,4,7,2.0794415416798357,0,1,2,0,7,3,1,0,3108.0
74,4.31748811353631,1,2,4,4,4,30,3.4339872044851463,1,0,0,2,0,1,2,0,13320.0
100,4.61512051684126,1,1,0,2,0,4,1.6094379124341003,1,1,4,4,4,3,4,1,2400.0
75,4.330733340286331,0,0,0,5,5,1,0.6931471805599453,0,1,1,1,1,1,1,1,450.0
80,4.394449154672439,1,2,0,3,0,25,3.258096538021482,0,1,0,4,5,0,5,0,12000.0
65,4.189654742026425,0,2,0,2,5,22,3.1354942159291497,1,1,2,1,2,2,1,0,8580.0
42,3.7612001156935624,1,0,2,0,2,9,2.302585092994046,0,0,4,2,9,2,3,0,2268.0
63,4.1588830833596715,0,0,3,0,3,28,3.367295829986474,1,1,3,0,8,0,7,0,10584.0
84,4.442651256490317,1,0,4,0,4,18,2.9444389791664403,1,0,3,4,8,0,6,0,9072.0
65,4.189654742026425,0,2,0,2,5,20,3.044522437723423,1,2,0,6,0,3,5,0,7800.0
68,4.23410650459726,1,2,3,5,8,12,2.5649493574615367,1,0,2,5,2,2,4,0,4896.0
74,4.31748811353631,1,2,4,4,4,25,3.258096538021482,0,1,0,4,5,2,1,0,11100.0
87,4.477336814478207,0,0,2,3,7,25,3.258096538021482,0,1,0,4,5,3,1,0,13050.0
86,4.465908118654584,1,2,1,2,6,9,2.302585092994046,0,0,4,2,9,2,1,0,4644.0
74,4.31748811353631,1,2,4,4,4,21,3.091042453358316,0,0,1,0,1,3,1,0,9324.0
48,3.8918202981106265,1,0,3,6,8,7,2.0794415416798357,0,1,2,0,7,1,1,0,2016.0
51,3.9512437185814275,0,0,1,2,1,21,3.091042453358316,0,0,1,0,1,1,3,0,6426.0
71,4.276666119016055,0,2,1,1,1,2,1.0986122886681098,1,2,2,2,2,1,1,0,852.0
34,3.5553480614894135,1,1,4,6,4,16,2.833213344056216,1,1,1,2,6,3,2,0,3264.0
18,2.9444389791664403,1,0,3,4,8,6,1.9459101490553132,1,0,1,6,6,3,6,1,648.0
74,4.31748811353631,1,2,4,4,4,4,1.6094379124341003,1,1,4,4,4,3,2,0,1776.0
57,4.060443010546419,0,0,2,1,7,15,2.772588722239781,0,0,0,1,5,0,3,0,5130.0
56,4.04305126783455,1,2,1,0,6,5,1.791759469228055,0,2,0,5,5,1,1,0,1680.0
87,4.477336814478207,0,0,2,3,7,6,1.9459101490553132,1,0,1,6,6,2,3,0,3132.0
76,4.343805421853684,1,1,1,6,6,19,2.995732273553991,0,1,4,5,9,1,19,1,8664.0
87,4.477336814478207,0,0,2,3,7,16,2.833213344056216,1,1,1,2,6,3,1,0,8352.0
87,4.477336814478207,0,0,2,3,7,18,2.9444389791664403,1,0,3,4,8,2,3,0,9396.0
72,4.290459441148391,1,0,2,2,2,16,2.833213344056216,1,1,1,2,6,2,8,0,6912.0
84,4.442651256490317,1,0,4,0,4,6,1.9459101490553132,1,0,1,6,6,0,6,1,3024.0
65,4.189654742026425,0,2,0,2,5,15,2.772588722239781,0,0,0,1,5,3,5,0,5850.0
99,4.605170185988092,0,0,4,1,9,1,0.6931471805599453,0,1,1,1,1,1,1,1,594.0
89,4.499809670330265,0,2,4,5,9,16,2.833213344056216,1,1,1,2,6,3,1,0,8544.0
53,3.9889840465642745,0,2,3,4,3,22,3.1354942159291497,1,1,2,1,2,1,1,0,6996.0
68,4.23410650459726,1,2,3,5,8,23,3.1780538303479458,0,2,3,2,3,2,1,0,9384.0
83,4.430816798843313,0,2,3,6,3,19,2.995732273553991,0,1,4,5,9,0,1,0,9462.0
86,4.465908118654584,1,2,1,2,6,26,3.295836866004329,1,2,1,5,6,2,2,0,13416.0
36,3.6109179126442243,1,0,1,1,6,5,1.791759469228055,0,2,0,5,5,3,1,0,1080.0
27,3.332204510175204,0,0,2,6,7,9,2.302585092994046,0,0,4,2,9,0,9,1,1458.0
65,4.189654742026425,0,2,0,2,5,3,1.3862943611198906,0,0,3,3,3,0,1,0,1170.0
71,4.276666119016055,0,2,1,1,1,22,3.1354942159291497,1,1,2,1,2,2,1,0,9372.0
60,4.110873864173311,1,0,0,4,0,20,3.044522437723423,1,2,0,6,0,3,20,1,7200.0
92,4.532599493153256,1,2,2,1,2,28,3.367295829986474,1,1,3,0,8,3,4,0,15456.0
48,3.8918202981106265,1,0,3,6,8,6,1.9459101490553132,1,0,1,6,6,2,6,1,1728.0
18,2.9444389791664403,1,0,3,4,8,6,1.9459101490553132,1,0,1,6,6,0,6,1,648.0
68,4.23410650459726,1,2,3,5,8,9,2.302585092994046,0,0,4,2,9,3,1,0,3672.0
94,4.553876891600541,1,1,4,3,4,13,2.6390573296152584,0,1,3,6,3,3,1,0,7332.0
83,4.430816798843313,0,2,3,6,3,12,2.5649493574615367,1,0,2,5,2,3,1,0,5976.0
69,4.248495242049359,0,0,4,6,9,28,3.367295829986474,1,1,3,0,8,3,1,0,11592.0
44,3.8066624897703196,1,2,4,2,4,1,0.6931471805599453,0,1,1,1,1,2,1,1,264.0
64,4.174387269895637,1,1,4,1,4,19,2.995732273553991,0,1,4,5,9,2,1,0,7296.0
100,4.61512051684126,1,1,0,2,0,19,2.995732273553991,0,1,4,5,9,3,1,0,11400.0
81,4.406719247264253,0,0,1,4,1,25,3.258096538021482,0,1,0,4,5,3,1,0,12150.0
66,4.204692619390966,1,0,1,3,6,5,1.791759469228055,0,2,0,5,5,0,1,0,1980.0
94,4.553876891600541,1,1,4,3,4,6,1.9459101490553132,1,0,1,6,6,3,2,0,3384.0
84,4.442651256490317,1,0,4,0,4,30,3.4339872044851463,1,0,0,2,0,2,6,0,15120.0
63,4.1588830833596715,0,0,3,0,3,26,3.295836866004329,1,2,1,5,6,0,1,0,9828.0
93,4.543294782270004,0,0,3,2,3,30,3.4339872044851463,1,0,0,2,0,3,3,0,16740.0
60,4.110873864173311,1,0,0,4,0,2,1.0986122886681098,1,2,2,2,2,3,2,1,720.0
67,4.219507705176107,0,1,2,4,7,12,2.5649493574615367,1,0,2,5,2,3,1,0,4824.0
81,4.406719247264253,0,0,1,4,1,21,3.091042453358316,0,0,1,0,1,0,3,0,10206.0
73,4.30406509320417,0,1,3,3,3,16,2.833213344056216,1,1,1,2,6,2,1,0,7008.0
64,4.174387269895637,1,1,4,1,4,26,3.295836866004329,1,2,1,5,6,1,2,0,9984.0
100,4.61512051684126,1,1,0,2,0,28,3.367295829986474,1,1,3,0,8,2,4,0,16800.0
85,4.454347296253507,0,1,0,1,5,2,1.0986122886681098,1,2,2,2,2,0,1,0,1020.0
93,4.543294782270004,0,0,3,2,3,8,2.1972245773362196,1,2,3,1,8,2,1,0,4464.0
78,4.3694478524670215,1,0,3,1,8,14,2.70805020110221,1,2,4,0,4,0,2,0,6552.0
53,3.9889840465642745,0,2,3,4,3,17,2.8903717578961645,0,2,2,3,7,1,1,0,5406.0
62,4.143134726391533,1,2,2,6,2,9,2.302585092994046,0,0,4,2,9,1,1,0,3348.0
71,4.276666119016055,0,2,1,1,1,25,3.258096538021482,0,1,0,4,5,2,1,0,10650.0
61,4.127134385045092,0,1,1,5,1,6,1.9459101490553132,1,0,1,6,6,1,1,0,2196.0
89,4.499809670330265,0,2,4,5,9,22,3.1354942159291497,1,1,2,1,2,3,1,0,11748.0
65,4.189654742026425,0,2,0,2,5,29,3.4011973816621555,0,2,4,1,9,2,1,0,11310.0
93,4.543294782270004,0,0,3,2,3,2,1.0986122886681098,1,2,2,2,2,3,1,0,1116.0
54,4.007333185232471,1,0,4,5,4,7,2.0794415416798357,0,1,2,0,7,1,1,0,2268.0
67,4.219507705176107,0,1,2,4,7,22,3.1354942159291497,1,1,2,1,2,2,1,0,8844.0
39,3.6888794541139363,0,0,4,4,9,8,2.1972245773362196,1,2,3,1,8,1,1,0,1872.0
93,4.543294782270004,0,0,3,2,3,10,2.3978952727983707,1,1,0,3,0,0,1,0,5580.0
39,3.6888794541139363,0,0,4,4,9,6,1.9459101490553132,1,0,1,6,6,1,3,0,1404.0
37,3.6375861597263857,0,1,2,2,7,1,0.6931471805599453,0,1,1,1,1,0,1,1,222.0
46,3.8501476017100584,1,1,1,4,6,23,3.1780538303479458,0,2,3,2,3,3,23,1,6348.0
60,4.110873864173311,1,0,0,4,0,13,2.6390573296152584,0,1,3,6,3,3,1,0,4680.0
87,4.477336814478207,0,0,2,3,7,20,3.044522437723423,1,2,0,6,0,3,1,0,10440.0
93,4.543294782270004,0,0,3,2,3,16,2.833213344056216,1,1,1,2,6,2,1,0,8928.0
63,4.1588830833596715,0,0,3,0,3,1,0.6931471805599453,0,1,1,1,1,2,1,1,378.0
54,4.007333185232471,1,0,4,5,4,19,2.995732273553991,0,1,4,5,9,2,1,0,6156.0
42,3.7612001156935624,1,0,2,0,2,19,2.995732273553991,0,1,4,5,9,1,1,0,4788.0
72,4.290459441148391,1,0,2,2,2,22,3.1354942159291497,1,1,2,1,2,1,2,0,9504.0
64,4.174387269895637,1,1,4,1,4,3,1.3862943611198906,0,0,3,3,3,0,1,0,1152.0
91,4.5217885770490405,0,1,1,0,1,30,3.4339872044851463,1,0,0,2,0,1,1,0,16380.0
73,4.30406509320417,0,1,3,3,3,28,3.367295829986474,1,1,3,0,8,1,1,0,12264.0
75,4.330733340286331,0,0,0,5,5,30,3.4339872044851463,1,0,0,2,0,3,15,0,13500.0
60,4.110873864173311,1,0,0,4,0,1,0.6931471805599453,0,1,1,1,1,2,1,1,360.0
89,4.499809670330265,0,2,4,5,9,22,3.1354942159291497,1,1,2,1,2,1,1,0,11748.0
79,4.382026634673881,0,1,4,2,9,28,3.367295829986474,1,1,3,0,8,2,1,0,13272.0
3,1.3862943611198906,0,0,3,3,3,1,0.6931471805599453,0,1,1,1,1,0,1,1,18.0
86,4.465908118654584,1,2,1,2,6,29,3.4011973816621555,0,2,4,1,9,1,1,0,14964.0
63,4.1588830833596715,0,0,3,0,3,17,2.8903717578961645,0,2,2,3,7,3,1,0,6426.0
36,3.6109179126442243,1,0,1,1,6,12,2.5649493574615367,1,0,2,5,2,2,12,1,2592.0
76,4.343805421853684,1,1,1,6,6,9,2.302585092994046,0,0,4,2,9,2,1,0,4104.0
61,4.127134385045092,0,1,1,5,1,26,3.295836866004329,1,2,1,5,6,3,1,0,9516.0
61,4.127134385045092,0,1,1,5,1,30,3.4339872044851463,1,0,0,2,0,0,1,0,10980.0
52,3.970291913552122,1,1,2,3,2,6,1.9459101490553132,1,0,1,6,6,0,2,0,1872.0
72,4.290459441148391,1,0,2,2,2,19,2.995732273553991,0,1,4,5,9,1,1,0,8208.0
32,3.4965075614664802,1,2,2,4,2,5,1.791759469228055,0,2,0,5,5,3,1,0,960.0
42,3.7612001156935624,1,0,2,0,2,21,3.091042453358316,0,0,1,0,1,0,21,1,5292.0
91,4.5217885770490405,0,1,1,0,1,12,2.5649493574615367,1,0,2,5,2,3,1,0,6552.0
51,3.9512437185814275,0,0,1,2,1,20,3.044522437723423,1,2,0,6,0,2,1,0,6120.0
83,4.430816798843313,0,2,3,6,3,9,2.302585092994046,0,0,4,2,9,1,1,0,4482.0
50,3.9318256327243257,1,2,0,1,0,10,2.3978952727983707,1,1,0,3,0,1,10,1,3000.0
72,4.290459441148391,1,0,2,2,2,9,2.302585092994046,0,0,4,2,9,0,9,1,3888.0
49,3.912023005428146,0,1,4,0,9,21,3.091042453358316,0,0,1,0,1,0,7,0,6174.0
25,3.258096538021482,0,1,0,4,5,6,1.9459101490553132,1,0,1,6,6,3,1,0,900.0
86,4.465908118654584,1,2,1,2,6,27,3.332204510175204,0,0,2,6,7,2,1,0,13932.0
20,3.044522437723423,1,2,0,6,0,3,1.3862943611198906,0,0,3,3,3,1,1,0,360.0
70,4.2626798770413155,1,1,0,0,0,15,2.772588722239781,0,0,0,1,5,0,5,0,6300.0
90,4.51085950651685,1,0,0,6,0,27,3.332204510175204,0,0,2,6,7,0,9,0,14580.0
61,4.127134385045092,0,1,1,5,1,22,3.1354942159291497,1,1,2,1,2,3,1,0,8052.0
76,4.343805421853684,1,1,1,6,6,27,3.332204510175204,0,0,2,6,7,3,1,0,12312.0
92,4.532599493153256,1,2,2,1,2,26,3.295836866004329,1,2,1,5,6,3,2,0,14352.0
47,3.871201010907891,0,2,2,5,7,23,3.1780538303479458,0,2,3,2,3,1,1,0,6486.0
66,4.204692619390966,1,0,1,3,6,8,2.1972245773362196,1,2,3,1,8,1,2,0,3168.0
92,4.532599493153256,1,2,2,1,2,7,2.0794415416798357,0,1,2,0,7,1,1,0,3864.0
27,3.332204510175204,0,0,2,6,7,1,0.6931471805599453,0,1,1,1,1,2,1,1,162.0
50,3.9318256327243257,1,2,0,1,0,2,1.0986122886681098,1,2,2,2,2,1,2,1,600.0
22,3.1354942159291497,1,1,2,1,2,3,1.3862943611198906,0,0,3,3,3,1,1,0,396.0
86,4.465908118654584,1,2,1,2,6,30,3.4339872044851463,1,0,0,2,0,2,2,0,15480.0
63,4.1588830833596715,0,0,3,0,3,28,3.367295829986474,1,1,3,0,8,3,7,0,10584.0
28,3.367295829986474,1,1,3,0,8,11,2.4849066497880004,0,2,1,4,1,1,1,0,1848.0
42,3.7612001156935624,1,0,2,0,2,9,2.302585092994046,0,0,4,2,9,0,3,0,2268.0
59,4.0943445622221,0,2,4,3,9,15,2.772588722239781,0,0,0,1,5,2,1,0,5310.0
79,4.382026634673881,0,1,4,2,9,29,3.4011973816621555,0,2,4,1,9,0,1,0,13746.0
58,4.07753744390572,1,1,3,2,8,25,3.258096538021482,0,1,0,4,5,3,1,0,8700.0
65,4.189654742026425,0,2,0,2,5,18,2.9444389791664403,1,0,3,4,8,3,1,0,7020.0
84,4.442651256490317,1,0,4,0,4,7,2.0794415416798357,0,1,2,0,7,3,7,1,3528.0
60,4.110873864173311,1,0,0,4,0,15,2.772588722239781,0,0,0,1,5,2,15,1,5400.0
20,3.044522437723423,1,2,0,6,0,4,1.6094379124341003,1,1,4,4,4,1,4,1,480.0
20,3.044522437723423,1,2,0,6,0,9,2.302585092994046,0,0,4,2,9,0,1,0,1080.0
75,4.330733340286331,0,0,0,5,5,26,3.295836866004329,1,2,1,5,6,2,1,0,11700.0
71,4.276666119016055,0,2,1,1,1,3,1.3862943611198906,0,0,3,3,3,3,1,0,1278.0
96,4.574710978503383,1,0,1,5,6,25,3.258096538021482,0,1,0,4,5,2,1,0,14400.0
89,4.499809670330265,0,2,4,5,9,14,2.70805020110221,1,2,4,0,4,1,1,0,7476.0
100,4.61512051684126,1,1,0,2,0,15,2.772588722239781,0,0,0,1,5,0,5,0,9000.0
24,3.2188758248682006,1,0,4,3,4,1,0.6931471805599453,0,1,1,1,1,2,1,1,144.0
68,4.23410650459726,1,2,3,5,8,30,3.4339872044851463,1,0,0,2,0,1,2,0,12240.0
98,4.59511985013459,1,2,3,0,8,26,3.295836866004329,1,2,1,5,6,3,2,0,15288.0
64,4.174387269895637,1,1,4,1,4,10,2.3978952727983707,1,1,0,3,0,3,2,0,3840.0
29,3.4011973816621555,0,2,4,1,9,9,2.302585092994046,0,0,4,2,9,0,1,0,1566.0
48,3.8918202981106265,1,0,3,6,8,22,3.1354942159291497,1,1,2,1,2,0,2,0,6336.0
54,4.007333185232471,1,0,4,5,4,18,2.9444389791664403,1,0,3,4,8,1,18,1,5832.0
91,4.5217885770490405,0,1,1,0,1,30,3.4339872044851463,1,0,0,2,0,2,1,0,16380.0
94,4.553876891600541,1,1,4,3,4,20,3.044522437723423,1,2,0,6,0,2,2,0,11280.0
62,4.143134726391533,1,2,2,6,2,1,0.6931471805599453,0,1,1,1,1,2,1,1,372.0
60,4.110873864173311,1,0,0,4,0,23,3.1780538303479458,0,2,3,2,3,3,1,0,8280.0
19,2.995732273553991,0,1,4,5,9,1,0.6931471805599453,0,1,1,1,1,3,1,1,114.0
97,4.584967478670572,0,1,2,6,7,13,2.6390573296152584,0,1,3,6,3,1,1,0,7566.0
61,4.127134385045092,0,1,1,5,1,9,2.302585092994046,0,0,4,2,9,0,1,0,3294.0
27,3.332204510175204,0,0,2,6,7,4,1.6094379124341003,1,1,4,4,4,0,1,0,648.0
88,4.48863636973214,1,1,3,4,8,19,2.995732273553991,0,1,4,5,9,2,1,0,10032.0
70,4.2626798770413155,1,1,0,0,0,22,3.1354942159291497,1,1,2,1,2,3,2,0,9240.0
64,4.174387269895637,1,1,4,1,4,24,3.2188758248682006,1,0,4,3,4,2,8,0,9216.0
72,4.290459441148391,1,0,2,2,2,27,3.332204510175204,0,0,2,6,7,0,9,0,11664.0
43,3.784189633918261,0,1,3,1,3,20,3.044522437723423,1,2,0,6,0,1,1,0,5160.0
20,3.044522437723423,1,2,0,6,0,7,2.0794415416798357,0,1,2,0,7,3,1,0,840.0
58,4.07753744390572,1,1,3,2,8,9,2.302585092994046,0,0,4,2,9,2,1,0,3132.0
84,4.442651256490317,1,0,4,0,4,20,3.044522437723423,1,2,0,6,0,2,4,0,10080.0
43,3.784189633918261,0,1,3,1,3,10,2.3978952727983707,1,1,0,3,0,1,1,0,2580.0
57,4.060443010546419,0,0,2,1,7,11,2.4849066497880004,0,2,1,4,1,3,1,0,3762.0
52,3.970291913552122,1,1,2,3,2,16,2.833213344056216,1,1,1,2,6,0,4,0,4992.0
32,3.4965075614664802,1,2,2,4,2,13,2.6390573296152584,0,1,3,6,3,0,1,0,2496.0
71,4.276666119016055,0,2,1,1,1,9,2.302585092994046,0,0,4,2,9,1,1,0,3834.0
71,4.276666119016055,0,2,1,1,1,11,2.4849066497880004,0,2,1,4,1,1,1,0,4686.0
48,3.8918202981106265,1,0,3,6,8,6,1.9459101490553132,1,0,1,6,6,3,6,1,1728.0
82,4.418840607796598,1,1,2,5,2,26,3.295836866004329,1,2,1,5,6,0,2,0,12792.0
34,3.5553480614894135,1,1,4,6,4,10,2.3978952727983707,1,1,0,3,0,2,2,0,2040.0
98,4.59511985013459,1,2,3,0,8,16,2.833213344056216,1,1,1,2,6,3,2,0,9408.0
91,4.5217885770490405,0,1,1,0,1,4,1.6094379124341003,1,1,4,4,4,1,1,0,2184.0
62,4.143134726391533,1,2,2,6,2,10,2.3978952727983707,1,1,0,3,0,1,2,0,3720.0
41,3.7376696182833684,0,2,1,6,1,14,2.70805020110221,1,2,4,0,4,0,1,0,3444.0
56,4.04305126783455,1,2,1,0,6,2,1.0986122886681098,1,2,2,2,2,0,2,1,672.0
100,4.61512051684126,1,1,0,2,0,24,3.2188758248682006,1,0,4,3,4,1,4,0,14400.0
93,4.543294782270004,0,0,3,2,3,30,3.4339872044851463,1,0,0,2,0,0,3,0,16740.0
84,4.442651256490317,1,0,4,0,4,12,2.5649493574615367,1,0,2,5,2,1,12,1,6048.0
30,3.4339872044851463,1,0,0,2,0,9,2.302585092994046,0,0,4,2,9,0,3,0,1620.0
29,3.4011973816621555,0,2,4,1,9,14,2.70805020110221,1,2,4,0,4,2,1,0,2436.0
7,2.0794415416798357,0,1,2,0,7,2,1.0986122886681098,1,2,2,2,2,2,1,0,84.0
78,4.3694478524670215,1,0,3,1,8,22,3.1354942159291497,1,1,2,1,2,1,2,0,10296.0
50,3.9318256327243257,1,2,0,1,0,6,1.9459101490553132,1,0,1,6,6,2,2,0,1800.0
98,4.59511985013459,1,2,3,0,8,18,2.9444389791664403,1,0,3,4,8,1,2,0,10584.0
70,4.2626798770413155,1,1,0,0,0,28,3.367295829986474,1,1,3,0,8,3,14,0,11760.0
51,3.9512437185814275,0,0,1,2,1,5,1.791759469228055,0,2,0,5,5,3,1,0,1530.0
62,4.143134726391533,1,2,2,6,2,4,1.6094379124341003,1,1,4,4,4,2,2,0,1488.0
55,4.02535169073515,0,1,0,6,5,7,2.0794415416798357,0,1,2,0,7,0,1,0,2310.0
62,4.143134726391533,1,2,2,6,2,19,2.995732273553991,0,1,4,5,9,0,1,0,7068.0
60,4.110873864173311,1,0,0,4,0,24,3.2188758248682006,1,0,4,3,4,3,12,0,8640.0
62,4.143134726391533,1,2,2,6,2,13,2.6390573296152584,0,1,3,6,3,1,1,0,4836.0
75,4.330733340286331,0,0,0,5,5,17,2.8903717578961645,0,2,2,3,7,3,1,0,7650.0
36,3.6109179126442243,1,0,1,1,6,1,0.6931471805599453,0,1,1,1,1,0,1,1,216.0
79,4.382026634673881,0,1,4,2,9,26,3.295836866004329,1,2,1,5,6,2,1,0,12324.0
62,4.143134726391533,1,2,2,6,2,17,2.8903717578961645,0,2,2,3,7,2,1,0,6324.0
99,4.605170185988092,0,0,4,1,9,25,3.258096538021482,0,1,0,4,5,0,1,0,14850.0
72,4.290459441148391,1,0,2,2,2,15,2.772588722239781,0,0,0,1,5,3,3,0,6480.0
73,4.30406509320417,0,1,3,3,3,9,2.302585092994046,0,0,4,2,9,1,1,0,3942.0
83,4.430816798843313,0,2,3,6,3,13,2.6390573296152584,0,1,3,6,3,3,1,0,6474.0
90,4.51085950651685,1,0,0,6,0,19,2.995732273553991,0,1,4,5,9,2,1,0,10260.0
98,4.59511985013459,1,2,3,0,8,22,3.1354942159291497,1,1,2,1,2,3,2,0,12936.0
38,3.6635616461296463,1,2,3,3,8,15,2.772588722239781,0,0,0,1,5,0,1,0,3420.0
74,4.31748811353631,1,2,4,4,4,18,2.9444389791664403,1,0,3,4,8,2,2,0,7992.0
77,4.356708826689592,0,2,2,0,7,27,3.332204510175204,0,0,2,6,7,2,1,0,12474.0
85,4.454347296253507,0,1,0,1,5,30,3.4339872044851463,1,0,0,2,0,1,5,0,15300.0
49,3.912023005428146,0,1,4,0,9,15,2.772588722239781,0,0,0,1,5,2,1,0,4410.0
10,2.3978952727983707,1,1,0,3,0,3,1.3862943611198906,0,0,3,3,3,0,1,0,180.0
62,4.143134726391533,1,2,2,6,2,28,3.367295829986474,1,1,3,0,8,2,2,0,10416.0
62,4.143134726391533,1,2,2,6,2,8,2.1972245773362196,1,2,3,1,8,0,2,0,2976.0
34,3.5553480614894135,1,1,4,6,4,8,2.1972245773362196,1,2,3,1,8,2,2,0,1632.0
65,4.189654742026425,0,2,0,2,5,23,3.1780538303479458,0,2,3,2,3,0,1,0,8970.0
100,4.61512051684126,1,1,0,2,0,5,1.791759469228055,0,2,0,5,5,3,5,1,3000.0
89,4.499809670330265,0,2,4,5,9,16,2.833213344056216,1,1,1,2,6,1,1,0,8544.0
84,4.442651256490317,1,0,4,0,4,11,2.4849066497880004,0,2,1,4,1,3,1,0,5544.0
95,4.564348191467836,0,2,0,4,5,26,3.295836866004329,1,2,1,5,6,3,1,0,14820.0
29,3.4011973816621555,0,2,4,1,9,1,0.6931471805599453,0,1,1,1,1,1,1,1,174.0
70,4.2626798770413155,1,1,0,0,0,21,3.091042453358316,0,0,1,0,1,1,7,0,8820.0
76,4.343805421853684,1,1,1,6,6,5,1.791759469228055,0,2,0,5,5,3,1,0,2280.0
73,4.30406509320417,0,1,3,3,3,9,2.302585092994046,0,0,4,2,9,3,1,0,3942.0
59,4.0943445622221,0,2,4,3,9,22,3.1354942159291497,1,1,2,1,2,0,1,0,7788.0
86,4.465908118654584,1,2,1,2,6,3,1.3862943611198906,0,0,3,3,3,3,1,0,1548.0
57,4.060443010546419,0,0,2,1,7,9,2.302585092994046,0,0,4,2,9,3,3,0,3078.0
24,3.2188758248682006,1,0,4,3,4,6,1.9459101490553132,1,0,1,6,6,0,6,1,864.0
55,4.02535169073515,0,1,0,6,5,24,3.2188758248682006,1,0,4,3,4,3,1,0,7920.0
78,4.3694478524670215,1,0,3,1,8,10,2.3978952727983707,1,1,0,3,0,2,2,0,4680.0
63,4.1588830833596715,0,0,3,0,3,17,2.8903717578961645,0,2,2,3,7,1,1,0,6426.0
60,4.110873864173311,1,0,0,4,0,8,2.1972245773362196,1,2,3,1,8,3,4,0,2880.0
100,4.61512051684126,1,1,0,2,0,20,3.044522437723423,1,2,0,6,0,3,20,1,12000.0
96,4.574710978503383,1,0,1,5,6,15,2.772588722239781,0,0,0,1,5,3,3,0,8640.0
36,3.6109179126442243,1,0,1,1,6,13,2.6390573296152584,0,1,3,6,3,3,1,0,2808.0
76,4.343805421853684,1,1,1,6,6,13,2.6390573296152584,0,1,3,6,3,3,1,0,5928.0
57,4.060443010546419,0,0,2,1,7,21,3.091042453358316,0,0,1,0,1,0,3,0,7182.0
78,4.3694478524670215,1,0,3,1,8,8,2.1972245773362196,1,2,3,1,8,0,2,0,3744.0
91,4.5217885770490405,0,1,1,0,1,22,3.1354942159291497,1,1,2,1,2,1,1,0,12012.0
50,3.9318256327243257,1,2,0,1,0,18,2.9444389791664403,1,0,3,4,8,1,2,0,5400.0
16,2.833213344056216,1,1,1,2,6,8,2.1972245773362196,1,2,3,1,8,0,8,1,768.0
68,4.23410650459726,1,2,3,5,8,3,1.3862943611198906,0,0,3,3,3,0,1,0,1224.0
64,4.174387269895637,1,1,4,1,4,3,1.3862943611198906,0,0,3,3,3,3,1,0,1152.0
81,4.406719247264253,0,0,1,4,1,3,1.3862943611198906,0,0,3,3,3,0,3,1,1458.0
84,4.442651256490317,1,0,4,0,4,10,2.3978952727983707,1,1,0,3,0,0,2,0,5040.0
10,2.3978952727983707,1,1,0,3,0,1,0.6931471805599453,0,1,1,1,1,2,1,1,60.0
73,4.30406509320417,0,1,3,3,3,18,2.9444389791664403,1,0,3,4,8,0,1,0,7884.0
59,4.0943445622221,0,2,4,3,9,18,2.9444389791664403,1,0,3,4,8,3,1,0,6372.0
62,4.143134726391533,1,2,2,6,2,25,3.258096538021482,0,1,0,4,5,0,1,0,9300.0
10,2.3978952727983707,1,1,0,3,0,5,1.791759469228055,0,2,0,5,5,1,5,1,300.0
69,4.248495242049359,0,0,4,6,9,7,2.0794415416798357,0,1,2,0,7,2,1,0,2898.0
97,4.584967478670572,0,1,2,6,7,17,2.8903717578961645,0,2,2,3,7,2,1,0,9894.0
52,3.970291913552122,1,1,2,3,2,6,1.9459101490553132,1,0,1,6,6,3,2,0,1872.0
46,3.8501476017100584,1,1,1,4,6,11,2.4849066497880004,0,2,1,4,1,2,1,0,3036.0
71,4.276666119016055,0,2,1,1,1,30,3.4339872044851463,1,0,0,2,0,2,1,0,12780.0
33,3.5263605246161616,0,0,3,5,3,11,2.4849066497880004,0,2,1,4,1,2,11,1,2178.0
92,4.532599493153256,1,2,2,1,2,22,3.1354942159291497,1,1,2,1,2,0,2,0,12144.0
39,3.6888794541139363,0,0,4,4,9,5,1.791759469228055,0,2,0,5,5,2,1,0,1170.0
89,4.499809670330265,0,2,4,5,9,20,3.044522437723423,1,2,0,6,0,0,1,0,10680.0
72,4.290459441148391,1,0,2,2,2,21,3.091042453358316,0,0,1,0,1,3,3,0,9072.0
58,4.07753744390572,1,1,3,2,8,29,3.4011973816621555,0,2,4,1,9,3,29,1,10092.0
82,4.418840607796598,1,1,2,5,2,21,3.091042453358316,0,0,1,0,1,3,1,0,10332.0
73,4.30406509320417,0,1,3,3,3,25,3.258096538021482,0,1,0,4,5,1,1,0,10950.0
96,4.574710978503383,1,0,1,5,6,5,1.791759469228055,0,2,0,5,5,0,1,0,2880.0
85,4.454347296253507,0,1,0,1,5,14,2.70805020110221,1,2,4,0,4,0,1,0,7140.0
76,4.343805421853684,1,1,1,6,6,30,3.4339872044851463,1,0,0,2,0,2,2,0,13680.0
51,3.9512437185814275,0,0,1,2,1,12,2.5649493574615367,1,0,2,5,2,3,3,0,3672.0
71,4.276666119016055,0,2,1,1,1,25,3.258096538021482,0,1,0,4,5,3,1,0,10650.0
83,4.430816798843313,0,2,3,6,3,28,3.367295829986474,1,1,3,0,8,2,1,0,13944.0
91,4.5217885770490405,0,1,1,0,1,7,2.0794415416798357,0,1,2,0,7,3,7,1,3822.0
18,2.9444389791664403,1,0,3,4,8,8,2.1972245773362196,1,2,3,1,8,0,2,0,864.0
40,3.713572066704308,1,1,0,5,0,15,2.772588722239781,0,0,0,1,5,1,5,0,3600.0
85,4.454347296253507,0,1,0,1,5,26,3.295836866004329,1,2,1,5,6,2,1,0,13260.0
74,4.31748811353631,1,2,4,4,4,19,2.995732273553991,0,1,4,5,9,0,1,0,8436.0
64,4.174387269895637,1,1,4,1,4,1,0.6931471805599453,0,1,1,1,1,0,1,1,384.0
57,4.060443010546419,0,0,2,1,7,12,2.5649493574615367,1,0,2,5,2,1,3,0,4104.0
46,3.8501476017100584,1,1,1,4,6,8,2.1972245773362196,1,2,3,1,8,3,2,0,2208.0
99,4.605170185988092,0,0,4,1,9,10,2.3978952727983707,1,1,0,3,0,1,1,0,5940.0
88,4.48863636973214,1,1,3,4,8,23,3.1780538303479458,0,2,3,2,3,0,1,0,12144.0
22,3.1354942159291497,1,1,2,1,2,2,1.0986122886681098,1,2,2,2,2,1,2,1,264.0
78,4.3694478524670215,1,0,3,1,8,17,2.8903717578961645,0,2,2,3,7,2,1,0,7956.0
73,4.30406509320417,0,1,3,3,3,13,2.6390573296152584,0,1,3,6,3,0,1,0,5694.0
83,4.430816798843313,0,2,3,6,3,8,2.1972245773362196,1,2,3,1,8,3,1,0,3984.0
88,4.48863636973214,1,1,3,4,8,16,2.833213344056216,1,1,1,2,6,0,8,0,8448.0
72,4.290459441148391,1,0,2,2,2,18,2.9444389791664403,1,0,3,4,8,3,18,1,7776.0
77,4.356708826689592,0,2,2,0,7,25,3.258096538021482,0,1,0,4,5,3,1,0,11550.0
57,4.060443010546419,0,0,2,1,7,23,3.1780538303479458,0,2,3,2,3,2,1,0,7866.0
53,3.9889840465642745,0,2,3,4,3,22,3.1354942159291497,1,1,2,1,2,0,1,0,6996.0
89,4.499809670330265,0,2,4,5,9,29,3.4011973816621555,0,2,4,1,9,2,1,0,15486.0
94,4.553876891600541,1,1,4,3,4,12,2.5649493574615367,1,0,2,5,2,2,2,0,6768.0
92,4.532599493153256,1,2,2,1,2,24,3.2188758248682006,1,0,4,3,4,1,4,0,13248.0
67,4.219507705176107,0,1,2,4,7,10,2.3978952727983707,1,1,0,3,0,2,1,0,4020.0
68,4.23410650459726,1,2,3,5,8,1,0.6931471805599453,0,1,1,1,1,0,1,1,408.0
73,4.30406509320417,0,1,3,3,3,11,2.4849066497880004,0,2,1,4,1,0,1,0,4818.0
99,4.605170185988092,0,0,4,1,9,16,2.833213344056216,1,1,1,2,6,1,1,0,9504.0
69,4.248495242049359,0,0,4,6,9,23,3.1780538303479458,0,2,3,2,3,1,23,1,9522.0
62,4.143134726391533,1,2,2,6,2,8,2.1972245773362196,1,2,3,1,8,3,2,0,2976.0
25,3.258096538021482,0,1,0,4,5,3,1.3862943611198906,0,0,3,3,3,1,1,0,450.0
93,4.543294782270004,0,0,3,2,3,20,3.044522437723423,1,2,0,6,0,0,1,0,11160.0
66,4.204692619390966,1,0,1,3,6,14,2.70805020110221,1,2,4,0,4,0,2,0,5544.0
51,3.9512437185814275,0,0,1,2,1,1,0.6931471805599453,0,1,1,1,1,1,1,1,306.0
62,4.143134726391533,1,2,2,6,2,10,2.3978952727983707,1,1,0,3,0,2,2,0,3720.0
88,4.48863636973214,1,1,3,4,8,5,1.791759469228055,0,2,0,5,5,2,1,0,2640.0
53,3.9889840465642745,0,2,3,4,3,18,2.9444389791664403,1,0,3,4,8,1,1,0,5724.0
97,4.584967478670572,0,1,2,6,7,14,2.70805020110221,1,2,4,0,4,2,1,0,8148.0
76,4.343805421853684,1,1,1,6,6,23,3.1780538303479458,0,2,3,2,3,2,1,0,10488.0
79,4.382026634673881,0,1,4,2,9,29,3.4011973816621555,0,2,4,1,9,1,1,0,13746.0
91,4.5217885770490405,0,1,1,0,1,24,3.2188758248682006,1,0,4,3,4,0,1,0,13104.0
92,4.532599493153256,1,2,2,1,2,8,2.1972245773362196,1,2,3,1,8,0,4,0,4416.0
59,4.0943445622221,0,2,4,3,9,23,3.1780538303479458,0,2,3,2,3,2,1,0,8142.0
96,4.574710978503383,1,0,1,5,6,30,3.4339872044851463,1,0,0,2,0,2,6,0,17280.0
70,4.2626798770413155,1,1,0,0,0,16,2.833213344056216,1,1,1,2,6,3,2,0,6720.0
71,4.276666119016055,0,2,1,1,1,29,3.4011973816621555,0,2,4,1,9,2,1,0,12354.0
86,4.465908118654584,1,2,1,2,6,12,2.5649493574615367,1,0,2,5,2,1,2,0,6192.0
71,4.276666119016055,0,2,1,1,1,15,2.772588722239781,0,0,0,1,5,0,1,0,6390.0
88,4.48863636973214,1,1,3,4,8,8,2.1972245773362196,1,2,3,1,8,2,8,1,4224.0
63,4.1588830833596715,0,0,3,0,3,24,3.2188758248682006,1,0,4,3,4,1,3,0,9072.0
67,4.219507705176107,0,1,2,4,7,20,3.044522437723423,1,2,0,6,0,1,1,0,8040.0
75,4.330733340286331,0,0,0,5,5,21,3.091042453358316,0,0,1,0,1,1,3,0,9450.0
51,3.9512437185814275,0,0,1,2,1,22,3.1354942159291497,1,1,2,1,2,3,1,0,6732.0
33,3.5263605246161616,0,0,3,5,3,1,0.6931471805599453,0,1,1,1,1,0,1,1,198.0
76,4.343805421853684,1,1,1,6,6,27,3.332204510175204,0,0,2,6,7,2,1,0,12312.0
54,4.007333185232471,1,0,4,5,4,15,2.772588722239781,0,0,0,1,5,2,3,0,4860.0
69,4.248495242049359,0,0,4,6,9,8,2.1972245773362196,1,2,3,1,8,0,1,0,3312.0
68,4.23410650459726,1,2,3,5,8,20,3.044522437723423,1,2,0,6,0,2,4,0,8160.0
90,4.51085950651685,1,0,0,6,0,15,2.772588722239781,0,0,0,1,5,0,15,1,8100.0
59,4.0943445622221,0,2,4,3,9,3,1.3862943611198906,0,0,3,3,3,2,1,0,1062.0
78,4.3694478524670215,1,0,3,1,8,23,3.1780538303479458,0,2,3,2,3,0,1,0,10764.0
36,3.6109179126442243,1,0,1,1,6,3,1.3862943611198906,0,0,3,3,3,2,3,1,648.0
11,2.4849066497880004,0,2,1,4,1,4,1.6094379124341003,1,1,4,4,4,2,1,0,264.0
62,4.143134726391533,1,2,2,6,2,12,2.5649493574615367,1,0,2,5,2,1,2,0,4464.0
54,4.007333185232471,1,0,4,5,4,13,2.6390573296152584,0,1,3,6,3,3,1,0,4212.0
16,2.833213344056216,1,1,1,2,6,4,1.6094379124341003,1,1,4,4,4,0,4,1,384.0
45,3.828641396489095,0,0,0,3,5,15,2.772588722239781,0,0,0,1,5,1,15,1,4050.0
77,4.356708826689592,0,2,2,0,7,14,2.70805020110221,1,2,4,0,4,1,7,0,6468.0
57,4.060443010546419,0,0,2,1,7,23,3.1780538303479458,0,2,3,2,3,0,1,0,7866.0
89,4.499809670330265,0,2,4,5,9,13,2.6390573296152584,0,1,3,6,3,1,1,0,6942.0
76,4.343805421853684,1,1,1,6,6,4,1.6094379124341003,1,1,4,4,4,1,4,1,1824.0
21,3.091042453358316,0,0,1,0,1,6,1.9459101490553132,1,0,1,6,6,1,3,0,756.0
47,3.871201010907891,0,2,2,5,7,13,2.6390573296152584,0,1,3,6,3,1,1,0,3666.0
58,4.07753744390572,1,1,3,2,8,15,2.772588722239781,0,0,0,1,5,1,1,0,5220.0
87,4.477336814478207,0,0,2,3,7,26,3.295836866004329,1,2,1,5,6,1,1,0,13572.0
91,4.5217885770490405,0,1,1,0,1,20,3.044522437723423,1,2,0,6,0,1,1,0,10920.0
38,3.6635616461296463,1,2,3,3,8,13,2.6390573296152584,0,1,3,6,3,1,1,0,2964.0
38,3.6635616461296463,1,2,3,3,8,8,2.1972245773362196,1,2,3,1,8,1,2,0,1824.0
69,4.248495242049359,0,0,4,6,9,6,1.9459101490553132,1,0,1,6,6,0,3,0,2484.0
68,4.23410650459726,1,2,3,5,8,15,2.772588722239781,0,0,0,1,5,3,1,0,6120.0
99,4.605170185988092,0,0,4,1,9,28,3.367295829986474,1,1,3,0,8,2,1,0,16632.0
56,4.04305126783455,1,2,1,0,6,19,2.995732273553991,0,1,4,5,9,3,1,0,6384.0
5,1.791759469228055,0,2,0,5,5,1,0.6931471805599453,0,1,1,1,1,0,1,1,30.0
75,4.330733340286331,0,0,0,5,5,18,2.9444389791664403,1,0,3,4,8,1,3,0,8100.0
75,4.330733340286331,0,0,0,5,5,9,2.302585092994046,0,0,4,2,9,0,3,0,4050.0
28,3.367295829986474,1,1,3,0,8,12,2.5649493574615367,1,0,2,5,2,3,4,0,2016.0
69,4.248495242049359,0,0,4,6,9,1,0.6931471805599453,0,1,1,1,1,3,1,1,414.0
89,4.499809670330265,0,2,4,5,9,15,2.772588722239781,0,0,0,1,5,2,1,0,8010.0
35,3.58351893845611,0,2,0,0,5,13,2.6390573296152584,0,1,3,6,3,0,1,0,2730.0
49,3.912023005428146,0,1,4,0,9,24,3.2188758248682006,1,0,4,3,4,3,1,0,7056.0
71,4.276666119016055,0,2,1,1,1,21,3.091042453358316,0,0,1,0,1,3,1,0,8946.0
20,3.044522437723423,1,2,0,6,0,4,1.6094379124341003,1,1,4,4,4,3,4,1,480.0
75,4.330733340286331,0,0,0,5,5,3,1.3862943611198906,0,0,3,3,3,1,3,1,1350.0
47,3.871201010907891,0,2,2,5,7,5,1.791759469228055,0,2,0,5,5,0,1,0,1410.0
96,4.574710978503383,1,0,1,5,6,24,3.2188758248682006,1,0,4,3,4,1,24,1,13824.0
73,4.30406509320417,0,1,3,3,3,11,2.4849066497880004,0,2,1,4,1,3,1,0,4818.0
82,4.418840607796598,1,1,2,5,2,22,3.1354942159291497,1,1,2,1,2,3,2,0,10824.0
33,3.5263605246161616,0,0,3,5,3,4,1.6094379124341003,1,1,4,4,4,0,1,0,792.0
11,2.4849066497880004,0,2,1,4,1,1,0.6931471805599453,0,1,1,1,1,3,1,1,66.0
51,3.9512437185814275,0,0,1,2,1,22,3.1354942159291497,1,1,2,1,2,1,1,0,6732.0
67,4.219507705176107,0,1,2,4,7,6,1.9459101490553132,1,0,1,6,6,1,1,0,2412.0
62,4.143134726391533,1,2,2,6,2,27,3.332204510175204,0,0,2,6,7,0,1,0,10044.0
30,3.4339872044851463,1,0,0,2,0,2,1.0986122886681098,1,2,2,2,2,1,2,1,360.0
38,3.6635616461296463,1,2,3,3,8,15,2.772588722239781,0,0,0,1,5,1,1,0,3420.0
89,4.499809670330265,0,2,4,5,9,5,1.791759469228055,0,2,0,5,5,2,1,0,2670.0
51,3.9512437185814275,0,0,1,2,1,14,2.70805020110221,1,2,4,0,4,2,1,0,4284.0
60,4.110873864173311,1,0,0,4,0,30,3.4339872044851463,1,0,0,2,0,0,30,1,10800.0
60,4.110873864173311,1,0,0,4,0,5,1.791759469228055,0,2,0,5,5,3,5,1,1800.0
65,4.189654742026425,0,2,0,2,5,1,0.6931471805599453,0,1,1,1,1,1,1,1,390.0
79,4.382026634673881,0,1,4,2,9,14,2.70805020110221,1,2,4,0,4,3,1,0,6636.0
51,3.9512437185814275,0,0,1,2,1,3,1.3862943611198906,0,0,3,3,3,0,3,1,918.0
71,4.276666119016055,0,2,1,1,1,13,2.6390573296152584,0,1,3,6,3,2,1,0,5538.0
94,4.553876891600541,1,1,4,3,4,15,2.772588722239781,0,0,0,1,5,1,1,0,8460.0
58,4.07753744390572,1,1,3,2,8,24,3.2188758248682006,1,0,4,3,4,2,2,0,8352.0
85,4.454347296253507,0,1,0,1,5,22,3.1354942159291497,1,1,2,1,2,3,1,0,11220.0
86,4.465908118654584,1,2,1,2,6,23,3.1780538303479458,0,2,3,2,3,0,1,0,11868.0
45,3.828641396489095,0,0,0,3,5,3,1.3862943611198906,0,0,3,3,3,3,3,1,810.0
88,4.48863636973214,1,1,3,4,8,25,3.258096538021482,0,1,0,4,5,2,1,0,13200.0
68,4.23410650459726,1,2,3,5,8,1,0.6931471805599453,0,1,1,1,1,3,1,1,408.0
51,3.9512437185814275,0,0,1,2,1,20,3.044522437723423,1,2,0,6,0,0,1,0,6120.0
82,4.418840607796598,1,1,2,5,2,28,3.367295829986474,1,1,3,0,8,0,2,0,13776.0
94,4.553876891600541,1,1,4,3,4,1,0.6931471805599453,0,1,1,1,1,3,1,1,564.0
74,4.31748811353631,1,2,4,4,4,9,2.302585092994046,0,0,4,2,9,0,1,0,3996.0
81,4.406719247264253,0,0,1,4,1,26,3.295836866004329,1,2,1,5,6,2,1,0,12636.0
73,4.30406509320417,0,1,3,3,3,4,1.6094379124341003,1,1,4,4,4,1,1,0,1752.0
93,4.543294782270004,0,0,3,2,3,7,2.0794415416798357,0,1,2,0,7,1,1,0,3906.0
68,4.23410650459726,1,2,3,5,8,27,3.332204510175204,0,0,2,6,7,3,1,0,11016.0
88,4.48863636973214,1,1,3,4,8,18,2.9444389791664403,1,0,3,4,8,1,2,0,9504.0
63,4.1588830833596715,0,0,3,0,3,30,3.4339872044851463,1,0,0,2,0,2,3,0,11340.0
70,4.2626798770413155,1,1,0,0,0,7,2.0794415416798357,0,1,2,0,7,3,7,1,2940.0
46,3.8501476017100584,1,1,1,4,6,5,1.791759469228055,0,2,0,5,5,0,1,0,1380.0
60,4.110873864173311,1,0,0,4,0,10,2.3978952727983707,1,1,0,3,0,0,10,1,3600.0
52,3.970291913552122,1,1,2,3,2,22,3.1354942159291497,1,1,2,1,2,2,2,0,6864.0
82,4.418840607796598,1,1,2,5,2,10,2.3978952727983707,1,1,0,3,0,3,2,0,4920.0
76,4.343805421853684,1,1,1,6,6,21,3.091042453358316,0,0,1,0,1,2,1,0,9576.0
56,4.04305126783455,1,2,1,0,6,23,3.1780538303479458,0,2,3,2,3,2,1,0,7728.0
19,2.995732273553991,0,1,4,5,9,7,2.0794415416798357,0,1,2,0,7,3,1,0,798.0
60,4.110873864173311,1,0,0,4,0,28,3.367295829986474,1,1,3,0,8,2,4,0,10080.0
66,4.204692619390966,1,0,1,3,6,1,0.6931471805599453,0,1,1,1,1,0,1,1,396.0
77,4.356708826689592,0,2,2,0,7,9,2.302585092994046,0,0,4,2,9,2,1,0,4158.0
85,4.454347296253507,0,1,0,1,5,8,2.1972245773362196,1,2,3,1,8,0,1,0,4080.0
76,4.343805421853684,1,1,1,6,6,18,2.9444389791664403,1,0,3,4,8,2,2,0,8208.0
57,4.060443010546419,0,0,2,1,7,13,2.6390573296152584,0,1,3,6,3,0,1,0,4446.0
76,4.343805421853684,1,1,1,6,6,7,2.0794415416798357,0,1,2,0,7,0,1,0,3192.0
58,4.07753744390572,1,1,3,2,8,26,3.295836866004329,1,2,1,5,6,3,2,0,9048.0
91,4.5217885770490405,0,1,1,0,1,16,2.833213344056216,1,1,1,2,6,3,1,0,8736.0
29,3.4011973816621555,0,2,4,1,9,14,2.70805020110221,1,2,4,0,4,3,1,0,2436.0
82,4.418840607796598,1,1,2,5,2,27,3.332204510175204,0,0,2,6,7,1,1,0,13284.0
72,4.290459441148391,1,0,2,2,2,6,1.9459101490553132,1,0,1,6,6,0,6,1,2592.0
83,4.430816798843313,0,2,3,6,3,12,2.5649493574615367,1,0,2,5,2,0,1,0,5976.0
57,4.060443010546419,0,0,2,1,7,8,2.1972245773362196,1,2,3,1,8,2,1,0,2736.0
57,4.060443010546419,0,0,2,1,7,1,0.6931471805599453,0,1,1,1,1,2,1,1,342.0
31,3.4657359027997265,0,1,1,3,1,5,1.791759469228055,0,2,0,5,5,2,1,0,930.0
60,4.110873864173311,1,0,0,4,0,10,2.3978952727983707,1,1,0,3,0,3,10,1,3600.0
96,4.574710978503383,1,0,1,5,6,9,2.302585092994046,0,0,4,2,9,0,3,0,5184.0
85,4.454347296253507,0,1,0,1,5,29,3.4011973816621555,0,2,4,1,9,3,1,0,14790.0
76,4.343805421853684,1,1,1,6,6,2,1.0986122886681098,1,2,2,2,2,1,2,1,912.0
46,3.8501476017100584,1,1,1,4,6,6,1.9459101490553132,1,0,1,6,6,2,2,0,1656.0
63,4.1588830833596715,0,0,3,0,3,25,3.258096538021482,0,1,0,4,5,2,1,0,9450.0
56,4.04305126783455,1,2,1,0,6,24,3.2188758248682006,1,0,4,3,4,2,8,0,8064.0
97,4.584967478670572,0,1,2,6,7,9,2.302585092994046,0,0,4,2,9,3,1,0,5238.0
98,4.59511985013459,1,2,3,0,8,12,2.5649493574615367,1,0,2,5,2,0,2,0,7056.0
38,3.6635616461296463,1,2,3,3,8,6,1.9459101490553132,1,0,1,6,6,3,2,0,1368.0
51,3.9512437185814275,0,0,1,2,1,23,3.1780538303479458,0,2,3,2,3,3,1,0,7038.0
56,4.04305126783455,1,2,1,0,6,10,2.3978952727983707,1,1,0,3,0,0,2,0,3360.0
64,4.174387269895637,1,1,4,1,4,22,3.1354942159291497,1,1,2,1,2,0,2,0,8448.0
88,4.48863636973214,1,1,3,4,8,27,3.332204510175204,0,0,2,6,7,0,1,0,14256.0
98,4.59511985013459,1,2,3,0,8,27,3.332204510175204,0,0,2,6,7,2,1,0,15876.0
49,3.912023005428146,0,1,4,0,9,23,3.1780538303479458,0,2,3,2,3,2,1,0,6762.0
70,4.2626798770413155,1,1,0,0,0,23,3.1780538303479458,0,2,3,2,3,1,1,0,9660.0
62,4.143134726391533,1,2,2,6,2,4,1.6094379124341003,1,1,4,4,4,3,2,0,1488.0
38,3.6635616461296463,1,2,3,3,8,8,2.1972245773362196,1,2,3,1,8,2,2,0,1824.0
55,4.02535169073515,0,1,0,6,5,21,3.091042453358316,0,0,1,0,1,1,1,0,6930.0
43,3.784189633918261,0,1,3,1,3,10,2.3978952727983707,1,1,0,3,0,2,1,0,2580.0
94,4.553876891600541,1,1,4,3,4,17,2.8903717578961645,0,2,2,3,7,1,1,0,9588.0
67,4.219507705176107,0,1,2,4,7,14,2.70805020110221,1,2,4,0,4,2,1,0,5628.0
81,4.406719247264253,0,0,1,4,1,19,2.995732273553991,0,1,4,5,9,0,1,0,9234.0
89,4.499809670330265,0,2,4,5,9,21,3.091042453358316,0,0,1,0,1,1,1,0,11214.0
76,4.343805421853684,1,1,1,6,6,13,2.6390573296152584,0,1,3,6,3,2,1,0,5928.0
87,4.477336814478207,0,0,2,3,7,26,3.295836866004329,1,2,1,5,6,2,1,0,13572.0
80,4.394449154672439,1,2,0,3,0,11,2.4849066497880004,0,2,1,4,1,1,1,0,5280.0
48,3.8918202981106265,1,0,3,6,8,21,3.091042453358316,0,0,1,0,1,0,3,0,6048.0
55,4.02535169073515,0,1,0,6,5,6,1.9459101490553132,1,0,1,6,6,1,1,0,1980.0
60,4.110873864173311,1,0,0,4,0,27,3.332204510175204,0,0,2,6,7,3,3,0,9720.0
76,4.343805421853684,1,1,1,6,6,5,1.791759469228055,0,2,0,5,5,1,1,0,2280.0
55,4.02535169073515,0,1,0,6,5,27,3.332204510175204,0,0,2,6,7,0,1,0,8910.0
97,4.584967478670572,0,1,2,6,7,24,3.2188758248682006,1,0,4,3,4,0,1,0,13968.0
53,3.9889840465642745,0,2,3,4,3,1,0.6931471805599453,0,1,1,1,1,0,1,1,318.0
42,3.7612001156935624,1,0,2,0,2,2,1.0986122886681098,1,2,2,2,2,2,2,1,504.0
84,4.442651256490317,1,0,4,0,4,21,3.091042453358316,0,0,1,0,1,1,21,1,10584.0
93,4.543294782270004,0,0,3,2,3,24,3.2188758248682006,1,0,4,3,4,3,3,0,13392.0
90,4.51085950651685,1,0,0,6,0,6,1.9459101490553132,1,0,1,6,6,0,6,1,3240.0
99,4.605170185988092,0,0,4,1,9,7,2.0794415416798357,0,1,2,0,7,2,1,0,4158.0
72,4.290459441148391,1,0,2,2,2,7,2.0794415416798357,0,1,2,0,7,1,1,0,3024.0
48,3.8918202981106265,1,0,3,6,8,24,3.2188758248682006,1,0,4,3,4,1,24,1,6912.0
41,3.7376696182833684,0,2,1,6,1,14,2.70805020110221,1,2,4,0,4,1,1,0,3444.0
58,4.07753744390572,1,1,3,2,8,25,3.258096538021482,0,1,0,4,5,2,1,0,8700.0
92,4.532599493153256,1,2,2,1,2,25,3.258096538021482,0,1,0,4,5,0,1,0,13800.0
49,3.912023005428146,0,1,4,0,9,6,1.9459101490553132,1,0,1,6,6,2,1,0,1764.0
34,3.5553480614894135,1,1,4,6,4,5,1.791759469228055,0,2,0,5,5,3,1,0,1020.0
86,4.465908118654584,1,2,1,2,6,16,2.833213344056216,1,1,1,2,6,3,2,0,8256.0
72,4.290459441148391,1,0,2,2,2,19,2.995732273553991,0,1,4,5,9,2,1,0,8208.0
68,4.23410650459726,1,2,3,5,8,18,2.9444389791664403,1,0,3,4,8,2,2,0,7344.0
58,4.07753744390572,1,1,3,2,8,16,2.833213344056216,1,1,1,2,6,2,2,0,5568.0
94,4.553876891600541,1,1,4,3,4,22,3.1354942159291497,1,1,2,1,2,2,2,0,12408.0
49,3.912023005428146,0,1,4,0,9,4,1.6094379124341003,1,1,4,4,4,3,1,0,1176.0
96,4.574710978503383,1,0,1,5,6,13,2.6390573296152584,0,1,3,6,3,0,1,0,7488.0
23,3.1780538303479458,0,2,3,2,3,6,1.9459101490553132,1,0,1,6,6,0,1,0,828.0
12,2.5649493574615367,1,0,2,5,2,2,1.0986122886681098,1,2,2,2,2,3,2,1,144.0
86,4.465908118654584,1,2,1,2,6,4,1.6094379124341003,1,1,4,4,4,3,2,0,2064.0
68,4.23410650459726,1,2,3,5,8,4,1.6094379124341003,1,1,4,4,4,3,4,1,1632.0
55,4.02535169073515,0,1,0,6,5,17,2.8903717578961645,0,2,2,3,7,1,1,0,5610.0
66,4.204692619390966,1,0,1,3,6,9,2.302585092994046,0,0,4,2,9,3,3,0,3564.0
83,4.430816798843313,0,2,3,6,3,17,2.8903717578961645,0,2,2,3,7,2,1,0,8466.0
31,3.4657359027997265,0,1,1,3,1,11,2.4849066497880004,0,2,1,4,1,3,1,0,2046.0
19,2.995732273553991,0,1,4,5,9,5,1.791759469228055,0,2,0,5,5,1,1,0,570.0
50,3.9318256327243257,1,2,0,1,0,5,1.791759469228055,0,2,0,5,5,0,5,1,1500.0
100,4.61512051684126,1,1,0,2,0,2,1.0986122886681098,1,2,2,2,2,2,2,1,1200.0
31,3.4657359027997265,0,1,1,3,1,5,1.791759469228055,0,2,0,5,5,1,1,0,930.0
89,4.499809670330265,0,2,4,5,9,30,3.4339872044851463,1,0,0,2,0,1,1,0,16020.0
26,3.295836866004329,1,2,1,5,6,7,2.0794415416798357,0,1,2,0,7,2,1,0,1092.0
59,4.0943445622221,0,2,4,3,9,19,2.995732273553991,0,1,4,5,9,2,1,0,6726.0
72,4.290459441148391,1,0,2,2,2,2,1.0986122886681098,1,2,2,2,2,1,2,1,864.0
20,3.044522437723423,1,2,0,6,0,3,1.3862943611198906,0,0,3,3,3,3,1,0,360.0
57,4.060443010546419,0,0,2,1,7,17,2.8903717578961645,0,2,2,3,7,1,1,0,5814.0
71,4.276666119016055,0,2,1,1,1,28,3.367295829986474,1,1,3,0,8,1,1,0,11928.0
91,4.5217885770490405,0,1,1,0,1,18,2.9444389791664403,1,0,3,4,8,0,1,0,9828.0
83,4.430816798843313,0,2,3,6,3,22,3.1354942159291497,1,1,2,1,2,3,1,0,10956.0
63,4.1588830833596715,0,0,3,0,3,3,1.3862943611198906,0,0,3,3,3,3,3,1,1134.0
66,4.204692619390966,1,0,1,3,6,13,2.6390573296152584,0,1,3,6,3,3,1,0,5148.0
56,4.04305126783455,1,2,1,0,6,19,2.995732273553991,0,1,4,5,9,2,1,0,6384.0
80,4.394449154672439,1,2,0,3,0,13,2.6390573296152584,0,1,3,6,3,1,1,0,6240.0
92,4.532599493153256,1,2,2,1,2,18,2.9444389791664403,1,0,3,4,8,2,2,0,9936.0
76,4.343805421853684,1,1,1,6,6,16,2.833213344056216,1,1,1,2,6,1,4,0,7296.0
81,4.406719247264253,0,0,1,4,1,29,3.4011973816621555,0,2,4,1,9,0,1,0,14094.0
60,4.110873864173311,1,0,0,4,0,13,2.6390573296152584,0,1,3,6,3,1,1,0,4680.0
49,3.912023005428146,0,1,4,0,9,16,2.833213344056216,1,1,1,2,6,1,1,0,4704.0
41,3.7376696182833684,0,2,1,6,1,14,2.70805020110221,1,2,4,0,4,2,1,0,3444.0
83,4.430816798843313,0,2,3,6,3,22,3.1354942159291497,1,1,2,1,2,1,1,0,10956.0
91,4.5217885770490405,0,1,1,0,1,26,3.295836866004329,1,2,1,5,6,0,13,0,14196.0
89,4.499809670330265,0,2,4,5,9,8,2.1972245773362196,1,2,3,1,8,3,1,0,4272.0
86,4.465908118654584,1,2,1,2,6,19,2.995732273553991,0,1,4,5,9,3,1,0,9804.0
95,4.564348191467836,0,2,0,4,5,30,3.4339872044851463,1,0,0,2,0,0,5,0,17100.0
37,3.6375861597263857,0,1,2,2,7,3,1.3862943611198906,0,0,3,3,3,0,1,0,666.0
65,4.189654742026425,0,2,0,2,5,20,3.044522437723423,1,2,0,6,0,0,5,0,7800.0
22,3.1354942159291497,1,1,2,1,2,8,2.1972245773362196,1,2,3,1,8,2,2,0,1056.0
86,4.465908118654584,1,2,1,2,6,19,2.995732273553991,0,1,4,5,9,0,1,0,9804.0
95,4.564348191467836,0,2,0,4,5,13,2.6390573296152584,0,1,3,6,3,2,1,0,7410.0
86,4.465908118654584,1,2,1,2,6,15,2.772588722239781,0,0,0,1,5,1,1,0,7740.0
63,4.1588830833596715,0,0,3,0,3,10,2.3978952727983707,1,1,0,3,0,2,1,0,3780.0
79,4.382026634673881,0,1,4,2,9,23,3.1780538303479458,0,2,3,2,3,3,1,0,10902.0
70,4.2626798770413155,1,1,0,0,0,1,0.6931471805599453,0,1,1,1,1,2,1,1,420.0
9,2.302585092994046,0,0,4,2,9,3,1.3862943611198906,0,0,3,3,3,0,3,1,162.0
61,4.127134385045092,0,1,1,5,1,15,2.772588722239781,0,0,0,1,5,2,1,0,5490.0
55,4.02535169073515,0,1,0,6,5,21,3.091042453358316,0,0,1,0,1,2,1,0,6930.0
70,4.2626798770413155,1,1,0,0,0,17,2.8903717578961645,0,2,2,3,7,1,1,0,7140.0
25,3.258096538021482,0,1,0,4,5,2,1.0986122886681098,1,2,2,2,2,2,1,0,300.0
51,3.9512437185814275,0,0,1,2,1,6,1.9459101490553132,1,0,1,6,6,2,3,0,1836.0
32,3.4965075614664802,1,2,2,4,2,15,2.772588722239781,0,0,0,1,5,2,1,0,2880.0
100,4.61512051684126,1,1,0,2,0,9,2.302585092994046,0,0,4,2,9,1,1,0,5400.0
69,4.248495242049359,0,0,4,6,9,29,3.4011973816621555,0,2,4,1,9,0,1,0,12006.0
33,3.5263605246161616,0,0,3,5,3,14,2.70805020110221,1,2,4,0,4,2,1,0,2772.0
86,4.465908118654584,1,2,1,2,6,30,3.4339872044851463,1,0,0,2,0,3,2,0,15480.0
96,4.574710978503383,1,0,1,5,6,22,3.1354942159291497,1,1,2,1,2,3,2,0,12672.0
53,3.9889840465642745,0,2,3,4,3,6,1.9459101490553132,1,0,1,6,6,2,1,0,1908.0
70,4.2626798770413155,1,1,0,0,0,22,3.1354942159291497,1,1,2,1,2,2,2,0,9240.0
32,3.4965075614664802,1,2,2,4,2,15,2.772588722239781,0,0,0,1,5,3,1,0,2880.0
96,4.574710978503383,1,0,1,5,6,12,2.5649493574615367,1,0,2,5,2,3,12,1,6912.0
80,4.394449154672439,1,2,0,3,0,13,2.6390573296152584,0,1,3,6,3,2,1,0,6240.0
71,4.276666119016055,0,2,1,1,1,3,1.3862943611198906,0,0,3,3,3,0,1,0,1278.0
81,4.406719247264253,0,0,1,4,1,6,1.9459101490553132,1,0,1,6,6,1,3,0,2916.0
56,4.04305126783455,1,2,1,0,6,21,3.091042453358316,0,0,1,0,1,1,7,0,7056.0
74,4.31748811353631,1,2,4,4,4,26,3.295836866004329,1,2,1,5,6,0,2,0,11544.0
47,3.871201010907891,0,2,2,5,7,12,2.5649493574615367,1,0,2,5,2,3,1,0,3384.0
74,4.31748811353631,1,2,4,4,4,6,1.9459101490553132,1,0,1,6,6,3,2,0,2664.0
81,4.406719247264253,0,0,1,4,1,8,2.1972245773362196,1,2,3,1,8,2,1,0,3888.0
88,4.48863636973214,1,1,3,4,8,8,2.1972245773362196,1,2,3,1,8,0,8,1,4224.0
26,3.295836866004329,1,2,1,5,6,1,0.6931471805599453,0,1,1,1,1,2,1,1,156.0
58,4.07753744390572,1,1,3,2,8,12,2.5649493574615367,1,0,2,5,2,3,2,0,4176.0
17,2.8903717578961645,0,2,2,3,7,7,2.0794415416798357,0,1,2,0,7,0,1,0,714.0
95,4.564348191467836,0,2,0,4,5,15,2.772588722239781,0,0,0,1,5,2,5,0,8550.0
92,4.532599493153256,1,2,2,1,2,22,3.1354942159291497,1,1,2,1,2,3,2,0,12144.0
77,4.356708826689592,0,2,2,0,7,8,2.1972245773362196,1,2,3,1,8,1,1,0,3696.0
81,4.406719247264253,0,0,1,4,1,23,3.1780538303479458,0,2,3,2,3,1,1,0,11178.0
87,4.477336814478207,0,0,2,3,7,18,2.9444389791664403,1,0,3,4,8,0,3,0,9396.0
47,3.871201010907891,0,2,2,5,7,23,3.1780538303479458,0,2,3,2,3,2,1,0,6486.0
61,4.127134385045092,0,1,1,5,1,14,2.70805020110221,1,2,4,0,4,3,1,0,5124.0
98,4.59511985013459,1,2,3,0,8,28,3.367295829986474,1,1,3,0,8,3,14,0,16464.0
78,4.3694478524670215,1,0,3,1,8,20,3.044522437723423,1,2,0,6,0,0,2,0,9360.0
35,3.58351893845611,0,2,0,0,5,8,2.1972245773362196,1,2,3,1,8,1,1,0,1680.0
34,3.5553480614894135,1,1,4,6,4,15,2.772588722239781,0,0,0,1,5,1,1,0,3060.0
82,4.418840607796598,1,1,2,5,2,12,2.5649493574615367,1,0,2,5,2,0,2,0,5904.0
87,4.477336814478207,0,0,2,3,7,25,3.258096538021482,0,1,0,4,5,1,1,0,13050.0
85,4.454347296253507,0,1,0,1,5,10,2.3978952727983707,1,1,0,3,0,1,5,0,5100.0
94,4.553876891600541,1,1,4,3,4,29,3.4011973816621555,0,2,4,1,9,0,1,0,16356.0
40,3.713572066704308,1,1,0,5,0,18,2.9444389791664403,1,0,3,4,8,3,2,0,4320.0
53,3.9889840465642745,0,2,3,4,3,26,3.295836866004329,1,2,1,5,6,3,1,0,8268.0
50,3.9318256327243257,1,2,0,1,0,19,2.995732273553991,0,1,4,5,9,3,1,0,5700.0
69,4.248495242049359,0,0,4,6,9,16,2.833213344056216,1,1,1,2,6,1,1,0,6624.0
73,4.30406509320417,0,1,3,3,3,19,2.995732273553991,0,1,4,5,9,3,1,0,8322.0
85,4.454347296253507,0,1,0,1,5,12,2.5649493574615367,1,0,2,5,2,0,1,0,6120.0
95,4.564348191467836,0,2,0,4,5,25,3.258096538021482,0,1,0,4,5,1,5,0,14250.0
75,4.330733340286331,0,0,0,5,5,23,3.1780538303479458,0,2,3,2,3,2,1,0,10350.0
84,4.442651256490317,1,0,4,0,4,22,3.1354942159291497,1,1,2,1,2,2,2,0,11088.0
56,4.04305126783455,1,2,1,0,6,28,3.367295829986474,1,1,3,0,8,0,28,1,9408.0
94,4.553876891600541,1,1,4,3,4,26,3.295836866004329,1,2,1,5,6,3,2,0,14664.0
86,4.465908118654584,1,2,1,2,6,30,3.4339872044851463,1,0,0,2,0,0,2,0,15480.0
70,4.2626798770413155,1,1,0,0,0,27,3.332204510175204,0,0,2,6,7,0,1,0,11340.0
71,4.276666119016055,0,2,1,1,1,7,2.0794415416798357,0,1,2,0,7,2,1,0,2982.0
94,4.553876891600541,1,1,4,3,4,23,3.1780538303479458,0,2,3,2,3,3,1,0,12972.0
93,4.543294782270004,0,0,3,2,3,16,2.833213344056216,1,1,1,2,6,1,1,0,8928.0
77,4.356708826689592,0,2,2,0,7,15,2.772588722239781,0,0,0,1,5,1,1,0,6930.0
82,4.418840607796598,1,1,2,5,2,12,2.5649493574615367,1,0,2,5,2,3,2,0,5904.0
27,3.332204510175204,0,0,2,6,7,7,2.0794415416798357,0,1,2,0,7,1,1,0,1134.0
93,4.543294782270004,0,0,3,2,3,22,3.1354942159291497,1,1,2,1,2,0,1,0,12276.0
59,4.0943445622221,0,2,4,3,9,26,3.295836866004329,1,2,1,5,6,2,1,0,9204.0
84,4.442651256490317,1,0,4,0,4,11,2.4849066497880004,0,2,1,4,1,1,1,0,5544.0
53,3.9889840465642745,0,2,3,4,3,4,1.6094379124341003,1,1,4,4,4,1,1,0,1272.0
29,3.4011973816621555,0,2,4,1,9,7,2.0794415416798357,0,1,2,0,7,1,1,0,1218.0
49,3.912023005428146,0,1,4,0,9,11,2.4849066497880004,0,2,1,4,1,1,1,0,3234.0
62,4.143134726391533,1,2,2,6,2,30,3.4339872044851463,1,0,0,2,0,0,2,0,11160.0
36,3.6109179126442243,1,0,1,1,6,2,1.0986122886681098,1,2,2,2,2,3,2,1,432.0
93,4.543294782270004,0,0,3,2,3,19,2.995732273553991,0,1,4,5,9,0,1,0,10602.0
78,4.3694478524670215,1,0,3,1,8,19,2.995732273553991,0,1,4,5,9,3,1,0,8892.0
85,4.454347296253507,0,1,0,1,5,9,2.302585092994046,0,0,4,2,9,3,1,0,4590.0
90,4.51085950651685,1,0,0,6,0,22,3.1354942159291497,1,1,2,1,2,3,2,0,11880.0
87,4.477336814478207,0,0,2,3,7,23,3.1780538303479458,0,2,3,2,3,2,1,0,12006.0
30,3.4339872044851463,1,0,0,2,0,14,2.70805020110221,1,2,4,0,4,3,2,0,2520.0
46,3.8501476017100584,1,1,1,4,6,17,2.8903717578961645,0,2,2,3,7,3,1,0,4692.0
90,4.51085950651685,1,0,0,6,0,13,2.6390573296152584,0,1,3,6,3,0,1,0,7020.0
75,4.330733340286331,0,0,0,5,5,22,3.1354942159291497,1,1,2,1,2,1,1,0,9900.0
88,4.48863636973214,1,1,3,4,8,6,1.9459101490553132,1,0,1,6,6,3,2,0,3168.0
95,4.564348191467836,0,2,0,4,5,8,2.1972245773362196,1,2,3,1,8,3,1,0,4560.0
89,4.499809670330265,0,2,4,5,9,27,3.332204510175204,0,0,2,6,7,1,1,0,14418.0
79,4.382026634673881,0,1,4,2,9,6,1.9459101490553132,1,0,1,6,6,0,1,0,2844.0
64,4.174387269895637,1,1,4,1,4,13,2.6390573296152584,0,1,3,6,3,2,1,0,4992.0
76,4.343805421853684,1,1,1,6,6,19,2.995732273553991,0,1,4,5,9,2,19,1,8664.0
77,4.356708826689592,0,2,2,0,7,2,1.0986122886681098,1,2,2,2,2,1,1,0,924.0
47,3.871201010907891,0,2,2,5,7,18,2.9444389791664403,1,0,3,4,8,2,1,0,5076.0
15,2.772588722239781,0,0,0,1,5,7,2.0794415416798357,0,1,2,0,7,0,1,0,630.0
58,4.07753744390572,1,1,3,2,8,26,3.295836866004329,1,2,1,5,6,1,2,0,9048.0
58,4.07753744390572,1,1,3,2,8,15,2.772588722239781,0,0,0,1,5,3,1,0,5220.0
59,4.0943445622221,0,2,4,3,9,20,3.044522437723423,1,2,0,6,0,2,1,0,7080.0
87,4.477336814478207,0,0,2,3,7,21,3.091042453358316,0,0,1,0,1,3,3,0,10962.0
85,4.454347296253507,0,1,0,1,5,29,3.4011973816621555,0,2,4,1,9,2,1,0,14790.0
87,4.477336814478207,0,0,2,3,7,19,2.995732273553991,0,1,4,5,9,3,1,0,9918.0
70,4.2626798770413155,1,1,0,0,0,19,2.995732273553991,0,1,4,5,9,0,1,0,7980.0
88,4.48863636973214,1,1,3,4,8,8,2.1972245773362196,1,2,3,1,8,3,8,1,4224.0
38,3.6635616461296463,1,2,3,3,8,17,2.8903717578961645,0,2,2,3,7,2,1,0,3876.0
81,4.406719247264253,0,0,1,4,1,6,1.9459101490553132,1,0,1,6,6,3,3,0,2916.0
59,4.0943445622221,0,2,4,3,9,8,2.1972245773362196,1,2,3,1,8,1,1,0,2832.0
93,4.543294782270004,0,0,3,2,3,28,3.367295829986474,1,1,3,0,8,3,1,0,15624.0
49,3.912023005428146,0,1,4,0,9,2,1.0986122886681098,1,2,2,2,2,2,1,0,588.0
73,4.30406509320417,0,1,3,3,3,17,2.8903717578961645,0,2,2,3,7,1,1,0,7446.0
76,4.343805421853684,1,1,1,6,6,24,3.2188758248682006,1,0,4,3,4,3,4,0,10944.0
99,4.605170185988092,0,0,4,1,9,20,3.044522437723423,1,2,0,6,0,0,1,0,11880.0
65,4.189654742026425,0,2,0,2,5,24,3.2188758248682006,1,0,4,3,4,3,1,0,9360.0
37,3.6375861597263857,0,1,2,2,7,12,2.5649493574615367,1,0,2,5,2,1,1,0,2664.0
39,3.6888794541139363,0,0,4,4,9,2,1.0986122886681098,1,2,2,2,2,1,1,0,468.0
29,3.4011973816621555,0,2,4,1,9,5,1.791759469228055,0,2,0,5,5,3,1,0,870.0
96,4.574710978503383,1,0,1,5,6,9,2.302585092994046,0,0,4,2,9,3,3,0,5184.0
68,4.23410650459726,1,2,3,5,8,24,3.2188758248682006,1,0,4,3,4,1,4,0,9792.0
63,4.1588830833596715,0,0,3,0,3,24,3.2188758248682006,1,0,4,3,4,3,3,0,9072.0
99,4.605170185988092,0,0,4,1,9,27,3.332204510175204,0,0,2,6,7,2,9,0,16038.0
81,4.406719247264253,0,0,1,4,1,17,2.8903717578961645,0,2,2,3,7,0,1,0,8262.0
11,2.4849066497880004,0,2,1,4,1,1,0.6931471805599453,0,1,1,1,1,0,1,1,66.0
44,3.8066624897703196,1,2,4,2,4,14,2.70805020110221,1,2,4,0,4,2,2,0,3696.0
76,4.343805421853684,1,1,1,6,6,30,3.4339872044851463,1,0,0,2,0,1,2,0,13680.0
58,4.07753744390572,1,1,3,2,8,24,3.2188758248682006,1,0,4,3,4,1,2,0,8352.0
69,4.248495242049359,0,0,4,6,9,26,3.295836866004329,1,2,1,5,6,3,1,0,10764.0
43,3.784189633918261,0,1,3,1,3,15,2.772588722239781,0,0,0,1,5,2,1,0,3870.0
99,4.605170185988092,0,0,4,1,9,22,3.1354942159291497,1,1,2,1,2,0,11,0,13068.0
46,3.8501476017100584,1,1,1,4,6,9,2.302585092994046,0,0,4,2,9,3,1,0,2484.0
97,4.584967478670572,0,1,2,6,7,18,2.9444389791664403,1,0,3,4,8,3,1,0,10476.0
84,4.442651256490317,1,0,4,0,4,24,3.2188758248682006,1,0,4,3,4,2,12,0,12096.0
86,4.465908118654584,1,2,1,2,6,25,3.258096538021482,0,1,0,4,5,0,1,0,12900.0
81,4.406719247264253,0,0,1,4,1,17,2.8903717578961645,0,2,2,3,7,3,1,0,8262.0
28,3.367295829986474,1,1,3,0,8,7,2.0794415416798357,0,1,2,0,7,2,7,1,1176.0
10,2.3978952727983707,1,1,0,3,0,2,1.0986122886681098,1,2,2,2,2,2,2,1,120.0
49,3.912023005428146,0,1,4,0,9,16,2.833213344056216,1,1,1,2,6,3,1,0,4704.0
73,4.30406509320417,0,1,3,3,3,25,3.258096538021482,0,1,0,4,5,0,1,0,10950.0
85,4.454347296253507,0,1,0,1,5,22,3.1354942159291497,1,1,2,1,2,0,1,0,11220.0
71,4.276666119016055,0,2,1,1,1,24,3.2188758248682006,1,0,4,3,4,0,1,0,10224.0
77,4.356708826689592,0,2,2,0,7,1,0.6931471805599453,0,1,1,1,1,3,1,1,462.0
89,4.499809670330265,0,2,4,5,9,29,3.4011973816621555,0,2,4,1,9,3,1,0,15486.0
51,3.9512437185814275,0,0,1,2,1,9,2.302585092994046,0,0,4,2,9,1,3,0,2754.0
31,3.4657359027997265,0,1,1,3,1,10,2.3978952727983707,1,1,0,3,0,2,1,0,1860.0
35,3.58351893845611,0,2,0,0,5,6,1.9459101490553132,1,0,1,6,6,1,1,0,1260.0
62,4.143134726391533,1,2,2,6,2,29,3.4011973816621555,0,2,4,1,9,2,1,0,10788.0
60,4.110873864173311,1,0,0,4,0,3,1.3862943611198906,0,0,3,3,3,1,3,1,1080.0
72,4.290459441148391,1,0,2,2,2,30,3.4339872044851463,1,0,0,2,0,0,6,0,12960.0
26,3.295836866004329,1,2,1,5,6,2,1.0986122886681098,1,2,2,2,2,0,2,1,312.0
97,4.584967478670572,0,1,2,6,7,21,3.091042453358316,0,0,1,0,1,3,1,0,12222.0
98,4.59511985013459,1,2,3,0,8,30,3.4339872044851463,1,0,0,2,0,2,2,0,17640.0
77,4.356708826689592,0,2,2,0,7,29,3.4011973816621555,0,2,4,1,9,1,1,0,13398.0
83,4.430816798843313,0,2,3,6,3,30,3.4339872044851463,1,0,0,2,0,3,1,0,14940.0
92,4.532599493153256,1,2,2,1,2,12,2.5649493574615367,1,0,2,5,2,2,4,0,6624.0
58,4.07753744390572,1,1,3,2,8,5,1.791759469228055,0,2,0,5,5,1,1,0,1740.0
84,4.442651256490317,1,0,4,0,4,27,3.332204510175204,0,0,2,6,7,1,3,0,13608.0
43,3.784189633918261,0,1,3,1,3,13,2.6390573296152584,0,1,3,6,3,2,1,0,3354.0
88,4.48863636973214,1,1,3,4,8,30,3.4339872044851463,1,0,0,2,0,1,2,0,15840.0
82,4.418840607796598,1,1,2,5,2,29,3.4011973816621555,0,2,4,1,9,0,1,0,14268.0
93,4.543294782270004,0,0,3,2,3,28,3.367295829986474,1,1,3,0,8,1,1,0,15624.0
49,3.912023005428146,0,1,4,0,9,21,3.091042453358316,0,0,1,0,1,1,7,0,6174.0
46,3.8501476017100584,1,1,1,4,6,20,3.044522437723423,1,2,0,6,0,3,2,0,5520.0
60,4.110873864173311,1,0,0,4,0,7,2.0794415416798357,0,1,2,0,7,0,1,0,2520.0
90,4.51085950651685,1,0,0,6,0,11,2.4849066497880004,0,2,1,4,1,3,1,0,5940.0
54,4.007333185232471,1,0,4,5,4,27,3.332204510175204,0,0,2,6,7,2,27,1,8748.0
60,4.110873864173311,1,0,0,4,0,22,3.1354942159291497,1,1,2,1,2,0,2,0,7920.0
99,4.605170185988092,0,0,4,1,9,11,2.4849066497880004,0,2,1,4,1,2,11,1,6534.0
97,4.584967478670572,0,1,2,6,7,18,2.9444389791664403,1,0,3,4,8,1,1,0,10476.0
90,4.51085950651685,1,0,0,6,0,15,2.772588722239781,0,0,0,1,5,3,15,1,8100.0
68,4.23410650459726,1,2,3,5,8,11,2.4849066497880004,0,2,1,4,1,3,1,0,4488.0
66,4.204692619390966,1,0,1,3,6,29,3.4011973816621555,0,2,4,1,9,0,1,0,11484.0
65,4.189654742026425,0,2,0,2,5,6,1.9459101490553132,1,0,1,6,6,2,1,0,2340.0
94,4.553876891600541,1,1,4,3,4,10,2.3978952727983707,1,1,0,3,0,0,2,0,5640.0
83,4.430816798843313,0,2,3,6,3,13,2.6390573296152584,0,1,3,6,3,2,1,0,6474.0
64,4.174387269895637,1,1,4,1,4,17,2.8903717578961645,0,2,2,3,7,1,1,0,6528.0
78,4.3694478524670215,1,0,3,1,8,5,1.791759469228055,0,2,0,5,5,2,1,0,2340.0
100,4.61512051684126,1,1,0,2,0,19,2.995732273553991,0,1,4,5,9,1,1,0,11400.0
81,4.406719247264253,0,0,1,4,1,13,2.6390573296152584,0,1,3,6,3,1,1,0,6318.0
50,3.9318256327243257,1,2,0,1,0,17,2.8903717578961645,0,2,2,3,7,3,1,0,5100.0
88,4.48863636973214,1,1,3,4,8,12,2.5649493574615367,1,0,2,5,2,2,4,0,6336.0
75,4.330733340286331,0,0,0,5,5,28,3.367295829986474,1,1,3,0,8,3,1,0,12600.0
65,4.189654742026425,0,2,0,2,5,2,1.0986122886681098,1,2,2,2,2,0,1,0,780.0
31,3.4657359027997265,0,1,1,3,1,4,1.6094379124341003,1,1,4,4,4,2,1,0,744.0
62,4.143134726391533,1,2,2,6,2,28,3.367295829986474,1,1,3,0,8,1,2,0,10416.0
87,4.477336814478207,0,0,2,3,7,27,3.332204510175204,0,0,2,6,7,0,3,0,14094.0
33,3.5263605246161616,0,0,3,5,3,12,2.5649493574615367,1,0,2,5,2,3,3,0,2376.0
100,4.61512051684126,1,1,0,2,0,30,3.4339872044851463,1,0,0,2,0,0,10,0,18000.0
75,4.330733340286331,0,0,0,5,5,15,2.772588722239781,0,0,0,1,5,0,15,1,6750.0
96,4.574710978503383,1,0,1,5,6,19,2.995732273553991,0,1,4,5,9,2,1,0,10944.0
95,4.564348191467836,0,2,0,4,5,11,2.4849066497880004,0,2,1,4,1,2,1,0,6270.0
27,3.332204510175204,0,0,2,6,7,5,1.791759469228055,0,2,0,5,5,0,1,0,810.0
44,3.8066624897703196,1,2,4,2,4,17,2.8903717578961645,0,2,2,3,7,0,1,0,4488.0
77,4.356708826689592,0,2,2,0,7,2,1.0986122886681098,1,2,2,2,2,0,1,0,924.0
33,3.5263605246161616,0,0,3,5,3,10,2.3978952727983707,1,1,0,3,0,0,1,0,1980.0
58,4.07753744390572,1,1,3,2,8,25,3.258096538021482,0,1,0,4,5,0,1,0,8700.0
77,4.356708826689592,0,2,2,0,7,19,2.995732273553991,0,1,4,5,9,3,1,0,8778.0
32,3.4965075614664802,1,2,2,4,2,4,1.6094379124341003,1,1,4,4,4,0,4,1,768.0
6,1.9459101490553132,1,0,1,6,6,3,1.3862943611198906,0,0,3,3,3,3,3,1,108.0
26,3.295836866004329,1,2,1,5,6,9,2.302585092994046,0,0,4,2,9,2,1,0,1404.0
55,4.02535169073515,0,1,0,6,5,27,3.332204510175204,0,0,2,6,7,3,1,0,8910.0
81,4.406719247264253,0,0,1,4,1,30,3.4339872044851463,1,0,0,2,0,1,3,0,14580.0
65,4.189654742026425,0,2,0,2,5,23,3.1780538303479458,0,2,3,2,3,1,1,0,8970.0
77,4.356708826689592,0,2,2,0,7,28,3.367295829986474,1,1,3,0,8,0,7,0,12936.0
28,3.367295829986474,1,1,3,0,8,7,2.0794415416798357,0,1,2,0,7,0,7,1,1176.0
75,4.330733340286331,0,0,0,5,5,14,2.70805020110221,1,2,4,0,4,2,1,0,6300.0
55,4.02535169073515,0,1,0,6,5,22,3.1354942159291497,1,1,2,1,2,1,11,0,7260.0
83,4.430816798843313,0,2,3,6,3,5,1.791759469228055,0,2,0,5,5,3,1,0,2490.0
61,4.127134385045092,0,1,1,5,1,6,1.9459101490553132,1,0,1,6,6,0,1,0,2196.0
76,4.343805421853684,1,1,1,6,6,5,1.791759469228055,0,2,0,5,5,0,1,0,2280.0
92,4.532599493153256,1,2,2,1,2,19,2.995732273553991,0,1,4,5,9,0,1,0,10488.0
72,4.290459441148391,1,0,2,2,2,23,3.1780538303479458,0,2,3,2,3,0,1,0,9936.0
81,4.406719247264253,0,0,1,4,1,26,3.295836866004329,1,2,1,5,6,0,1,0,12636.0
96,4.574710978503383,1,0,1,5,6,28,3.367295829986474,1,1,3,0,8,0,4,0,16128.0
99,4.605170185988092,0,0,4,1,9,6,1.9459101490553132,1,0,1,6,6,0,3,0,3564.0
75,4.330733340286331,0,0,0,5,5,2,1.0986122886681098,1,2,2,2,2,0,1,0,900.0
80,4.394449154672439,1,2,0,3,0,18,2.9444389791664403,1,0,3,4,8,3,2,0,8640.0
58,4.07753744390572,1,1,3,2,8,2,1.0986122886681098,1,2,2,2,2,2,2,1,696.0
69,4.248495242049359,0,0,4,6,9,22,3.1354942159291497,1,1,2,1,2,3,1,0,9108.0
49,3.912023005428146,0,1,4,0,9,14,2.70805020110221,1,2,4,0,4,1,7,0,4116.0
61,4.127134385045092,0,1,1,5,1,17,2.8903717578961645,0,2,2,3,7,0,1,0,6222.0
42,3.7612001156935624,1,0,2,0,2,19,2.995732273553991,0,1,4,5,9,2,1,0,4788.0
54,4.007333185232471,1,0,4,5,4,5,1.791759469228055,0,2,0,5,5,1,1,0,1620.0
98,4.59511985013459,1,2,3,0,8,29,3.4011973816621555,0,2,4,1,9,3,1,0,17052.0
100,4.61512051684126,1,1,0,2,0,12,2.5649493574615367,1,0,2,5,2,1,4,0,7200.0
5,1.791759469228055,0,2,0,5,5,2,1.0986122886681098,1,2,2,2,2,3,1,0,60.0
70,4.2626798770413155,1,1,0,0,0,8,2.1972245773362196,1,2,3,1,8,3,2,0,3360.0
64,4.174387269895637,1,1,4,1,4,15,2.772588722239781,0,0,0,1,5,3,1,0,5760.0
92,4.532599493153256,1,2,2,1,2,29,3.4011973816621555,0,2,4,1,9,0,1,0,16008.0
63,4.1588830833596715,0,0,3,0,3,8,2.1972245773362196,1,2,3,1,8,2,1,0,3024.0
57,4.060443010546419,0,0,2,1,7,7,2.0794415416798357,0,1,2,0,7,3,1,0,2394.0
43,3.784189633918261,0,1,3,1,3,3,1.3862943611198906,0,0,3,3,3,0,1,0,774.0
70,4.2626798770413155,1,1,0,0,0,16,2.833213344056216,1,1,1,2,6,2,2,0,6720.0
27,3.332204510175204,0,0,2,6,7,8,2.1972245773362196,1,2,3,1,8,1,1,0,1296.0
80,4.394449154672439,1,2,0,3,0,13,2.6390573296152584,0,1,3,6,3,3,1,0,6240.0
58,4.07753744390572,1,1,3,2,8,21,3.091042453358316,0,0,1,0,1,1,1,0,7308.0
53,3.9889840465642745,0,2,3,4,3,17,2.8903717578961645,0,2,2,3,7,2,1,0,5406.0
85,4.454347296253507,0,1,0,1,5,1,0.6931471805599453,0,1,1,1,1,1,1,1,510.0
86,4.465908118654584,1,2,1,2,6,28,3.367295829986474,1,1,3,0,8,3,2,0,14448.0
90,4.51085950651685,1,0,0,6,0,20,3.044522437723423,1,2,0,6,0,1,10,0,10800.0
74,4.31748811353631,1,2,4,4,4,30,3.4339872044851463,1,0,0,2,0,0,2,0,13320.0
28,3.367295829986474,1,1,3,0,8,9,2.302585092994046,0,0,4,2,9,0,1,0,1512.0
56,4.04305126783455,1,2,1,0,6,14,2.70805020110221,1,2,4,0,4,2,14,1,4704.0
76,4.343805421853684,1,1,1,6,6,26,3.295836866004329,1,2,1,5,6,0,2,0,11856.0
83,4.430816798843313,0,2,3,6,3,16,2.833213344056216,1,1,1,2,6,1,1,0,7968.0
88,4.48863636973214,1,1,3,4,8,4,1.6094379124341003,1,1,4,4,4,3,4,1,2112.0
99,4.605170185988092,0,0,4,1,9,21,3.091042453358316,0,0,1,0,1,3,3,0,12474.0
67,4.219507705176107,0,1,2,4,7,5,1.791759469228055,0,2,0,5,5,0,1,0,2010.0
93,4.543294782270004,0,0,3,2,3,1,0.6931471805599453,0,1,1,1,1,1,1,1,558.0
75,4.330733340286331,0,0,0,5,5,9,2.302585092994046,0,0,4,2,9,1,3,0,4050.0
87,4.477336814478207,0,0,2,3,7,26,3.295836866004329,1,2,1,5,6,0,1,0,13572.0
55,4.02535169073515,0,1,0,6,5,21,3.091042453358316,0,0,1,0,1,3,1,0,6930.0
65,4.189654742026425,0,2,0,2,5,30,3.4339872044851463,1,0,0,2,0,2,5,0,11700.0
57,4.060443010546419,0,0,2,1,7,9,2.302585092994046,0,0,4,2,9,0,3,0,3078.0
89,4.499809670330265,0,2,4,5,9,14,2.70805020110221,1,2,4,0,4,0,1,0,7476.0
52,3.970291913552122,1,1,2,3,2,2,1.0986122886681098,1,2,2,2,2,3,2,1,624.0
61,4.127134385045092,0,1,1,5,1,21,3.091042453358316,0,0,1,0,1,2,1,0,7686.0
88,4.48863636973214,1,1,3,4,8,26,3.295836866004329,1,2,1,5,6,0,2,0,13728.0
61,4.127134385045092,0,1,1,5,1,25,3.258096538021482,0,1,0,4,5,3,1,0,9150.0
50,3.9318256327243257,1,2,0,1,0,22,3.1354942159291497,1,1,2,1,2,1,2,0,6600.0
56,4.04305126783455,1,2,1,0,6,27,3.332204510175204,0,0,2,6,7,1,1,0,9072.0
68,4.23410650459726,1,2,3,5,8,30,3.4339872044851463,1,0,0,2,0,3,2,0,12240.0
100,4.61512051684126,1,1,0,2,0,23,3.1780538303479458,0,2,3,2,3,0,1,0,13800.0
50,3.9318256327243257,1,2,0,1,0,8,2.1972245773362196,1,2,3,1,8,2,2,0,2400.0
68,4.23410650459726,1,2,3,5,8,22,3.1354942159291497,1,1,2,1,2,1,2,0,8976.0
53,3.9889840465642745,0,2,3,4,3,10,2.3978952727983707,1,1,0,3,0,3,1,0,3180.0
80,4.394449154672439,1,2,0,3,0,8,2.1972245773362196,1,2,3,1,8,2,8,1,3840.0
64,4.174387269895637,1,1,4,1,4,20,3.044522437723423,1,2,0,6,0,1,4,0,7680.0
58,4.07753744390572,1,1,3,2,8,27,3.332204510175204,0,0,2,6,7,3,1,0,9396.0
44,3.8066624897703196,1,2,4,2,4,22,3.1354942159291497,1,1,2,1,2,3,22,1,5808.0
74,4.31748811353631,1,2,4,4,4,19,2.995732273553991,0,1,4,5,9,3,1,0,8436.0
25,3.258096538021482,0,1,0,4,5,8,2.1972245773362196,1,2,3,1,8,1,1,0,1200.0
71,4.276666119016055,0,2,1,1,1,22,3.1354942159291497,1,1,2,1,2,0,1,0,9372.0
63,4.1588830833596715,0,0,3,0,3,9,2.302585092994046,0,0,4,2,9,0,9,1,3402.0
56,4.04305126783455,1,2,1,0,6,6,1.9459101490553132,1,0,1,6,6,2,2,0,2016.0
76,4.343805421853684,1,1,1,6,6,14,2.70805020110221,1,2,4,0,4,3,2,0,6384.0
98,4.59511985013459,1,2,3,0,8,10,2.3978952727983707,1,1,0,3,0,2,2,0,5880.0
85,4.454347296253507,0,1,0,1,5,17,2.8903717578961645,0,2,2,3,7,2,17,1,8670.0
14,2.70805020110221,1,2,4,0,4,3,1.3862943611198906,0,0,3,3,3,2,1,0,252.0
52,3.970291913552122,1,1,2,3,2,20,3.044522437723423,1,2,0,6,0,2,4,0,6240.0
66,4.204692619390966,1,0,1,3,6,28,3.367295829986474,1,1,3,0,8,1,2,0,11088.0
93,4.543294782270004,0,0,3,2,3,23,3.1780538303479458,0,2,3,2,3,0,1,0,12834.0
9,2.302585092994046,0,0,4,2,9,4,1.6094379124341003,1,1,4,4,4,0,1,0,216.0
85,4.454347296253507,0,1,0,1,5,6,1.9459101490553132,1,0,1,6,6,2,1,0,3060.0
88,4.48863636973214,1,1,3,4,8,22,3.1354942159291497,1,1,2,1,2,0,22,1,11616.0
97,4.584967478670572,0,1,2,6,7,4,1.6094379124341003,1,1,4,4,4,1,1,0,2328.0
71,4.276666119016055,0,2,1,1,1,11,2.4849066497880004,0,2,1,4,1,3,1,0,4686.0
100,4.61512051684126,1,1,0,2,0,25,3.258096538021482,0,1,0,4,5,1,25,1,15000.0
96,4.574710978503383,1,0,1,5,6,1,0.6931471805599453,0,1,1,1,1,1,1,1,576.0
76,4.343805421853684,1,1,1,6,6,28,3.367295829986474,1,1,3,0,8,3,4,0,12768.0
65,4.189654742026425,0,2,0,2,5,5,1.791759469228055,0,2,0,5,5,2,5,1,1950.0
65,4.189654742026425,0,2,0,2,5,25,3.258096538021482,0,1,0,4,5,1,5,0,9750.0
62,4.143134726391533,1,2,2,6,2,17,2.8903717578961645,0,2,2,3,7,3,1,0,6324.0
47,3.871201010907891,0,2,2,5,7,13,2.6390573296152584,0,1,3,6,3,0,1,0,3666.0
30,3.4339872044851463,1,0,0,2,0,11,2.4849066497880004,0,2,1,4,1,0,1,0,1980.0
74,4.31748811353631,1,2,4,4,4,24,3.2188758248682006,1,0,4,3,4,2,2,0,10656.0
89,4.499809670330265,0,2,4,5,9,9,2.302585092994046,0,0,4,2,9,3,1,0,4806.0
43,3.784189633918261,0,1,3,1,3,11,2.4849066497880004,0,2,1,4,1,0,1,0,2838.0
84,4.442651256490317,1,0,4,0,4,30,3.4339872044851463,1,0,0,2,0,1,6,0,15120.0
74,4.31748811353631,1,2,4,4,4,24,3.2188758248682006,1,0,4,3,4,0,2,0,10656.0
59,4.0943445622221,0,2,4,3,9,17,2.8903717578961645,0,2,2,3,7,1,1,0,6018.0
58,4.07753744390572,1,1,3,2,8,21,3.091042453358316,0,0,1,0,1,3,1,0,7308.0
92,4.532599493153256,1,2,2,1,2,29,3.4011973816621555,0,2,4,1,9,2,1,0,16008.0
38,3.6635616461296463,1,2,3,3,8,9,2.302585092994046,0,0,4,2,9,1,1,0,2052.0
99,4.605170185988092,0,0,4,1,9,8,2.1972245773362196,1,2,3,1,8,0,1,0,4752.0
30,3.4339872044851463,1,0,0,2,0,9,2.302585092994046,0,0,4,2,9,1,3,0,1620.0
50,3.9318256327243257,1,2,0,1,0,6,1.9459101490553132,1,0,1,6,6,1,2,0,1800.0
66,4.204692619390966,1,0,1,3,6,29,3.4011973816621555,0,2,4,1,9,2,1,0,11484.0
74,4.31748811353631,1,2,4,4,4,28,3.367295829986474,1,1,3,0,8,1,2,0,12432.0
53,3.9889840465642745,0,2,3,4,3,18,2.9444389791664403,1,0,3,4,8,3,1,0,5724.0
86,4.465908118654584,1,2,1,2,6,14,2.70805020110221,1,2,4,0,4,1,2,0,7224.0
54,4.007333185232471,1,0,4,5,4,4,1.6094379124341003,1,1,4,4,4,0,2,0,1296.0
38,3.6635616461296463,1,2,3,3,8,14,2.70805020110221,1,2,4,0,4,0,2,0,3192.0
80,4.394449154672439,1,2,0,3,0,12,2.5649493574615367,1,0,2,5,2,1,4,0,5760.0
97,4.584967478670572,0,1,2,6,7,21,3.091042453358316,0,0,1,0,1,0,1,0,12222.0
52,3.970291913552122,1,1,2,3,2,4,1.6094379124341003,1,1,4,4,4,0,4,1,1248.0
58,4.07753744390572,1,1,3,2,8,26,3.295836866004329,1,2,1,5,6,0,2,0,9048.0
77,4.356708826689592,0,2,2,0,7,30,3.4339872044851463,1,0,0,2,0,3,1,0,13860.0
38,3.6635616461296463,1,2,3,3,8,4,1.6094379124341003,1,1,4,4,4,2,2,0,912.0
