split	family	model	rowcap	metric	mean	median	std	pct10	pct25	pct75	pct90	min	max
ood	AIME	catboost	32	mae	29.410519422364672	7.301419488999526	58.84174155473402	2.290098646475629	2.6272748246980977	12.561727439723974	83.65070686984184	1.596258411917091	216.86577514058175
ood	AIME	catboost	32	mse	18729.76738871147	75.43290692137495	58917.73580964135	5.679129043663152	7.221713368914099	283.49314721312396	22285.843287176787	2.55952162297791	229152.2707734034
ood	AIME	catboost	32	r2	-37.284398270955876	-2.3628510135098164	117.5633552834949	-14.321501657822946	-11.980379179600742	-0.8513147756249286	-0.3827811887242286	-460.75225877652986	0.0
ood	AIME	catboost	32	rmse	54.26201328597493	8.548702097973916	125.639966980512	2.3800332547658347	2.681041024371083	16.770756703288797	131.564912700732	1.599850500196162	478.6985176218989
ood	AIME	catboost	32	rounded_consistency	0.0	0.0	0.0	0.0	0.0	0.0	0.0	0.0	0.0
ood	AIME	catboost	64	mae	19.831042019527338	7.865923223899916	33.43864280444263	1.512480188115592	2.353354026897304	12.133187376346502	61.94761973961132	1.3218424025943076	117.33386436861936
ood	AIME	catboost	64	mse	7728.236067901964	79.1670312195612	23000.87299944087	2.7891979953285193	6.013944735905784	276.27582192017115	12489.115123617941	1.8437687385378276	89076.68652824775
ood	AIME	catboost	64	r2	-6.626731986138664	-2.4989789795878288	8.632454501011889	-16.825204800494806	-9.574144879925004	-0.8326734868952617	-0.30627092285938085	-31.004712321680422	0.0
ood	AIME	catboost	64	rmse	38.09118739839458	8.777673635320253	79.22939801918444	1.6633428601174525	2.4361366869092183	16.604904511507478	100.75003825746478	1.3578544614714154	298.45717704261654
ood	AIME	catboost	64	rounded_consistency	0.0	0.0	0.0	0.0	0.0	0.0	0.0	0.0	0.0
ood	AIME	catboost	128	mae	29.935305307569994	6.505002404234785	72.52240257548524	0.9744459376985716	1.8119987260335655	10.723747873340379	49.3373262711614	0.6217398958345439	285.4259174357805
ood	AIME	catboost	128	mse	36478.74093503773	55.207837384527636	126977.14164042333	1.1370433908142457	3.8463216666223365	198.08870432346865	10866.65922665646	0.5541026316547473	494086.74731899064
ood	AIME	catboost	128	r2	-5.244542687601033	-2.3038348120291685	7.643445870233187	-14.048299191029422	-5.4737277313817385	-0.7463410002610518	-0.24521830235779635	-27.890687187155894	0.0
ood	AIME	catboost	128	rmse	65.64964202327022	7.429806822667144	179.35681040109463	1.0260485433759647	1.960254011965008	14.073402007587273	94.1452490604183	0.7443807034406167	702.9130439243468
ood	AIME	catboost	128	rounded_consistency	0.0	0.0	0.0	0.0	0.0	0.0	0.0	0.0	0.0
ood	AIME	catboost	256	mae	29.728770956223116	5.948839921437301	59.98504700805356	0.764250497201648	1.5846846130864094	10.774720741360436	112.83194334840275	0.1960089660449435	195.16083234330657
ood	AIME	catboost	256	mse	45367.93375757946	46.1013679274196	117984.56688487915	0.7443923693633184	3.1255764720077357	229.04825466741823	147249.89004172914	0.06442179525801804	423728.26407907286
ood	AIME	catboost	256	r2	-4.426940189936144	-1.9968427335893062	6.067016403641894	-11.192373194391472	-5.117387389545126	-0.7225635253582213	-0.10847836489046708	-22.384351017371046	0.0
ood	AIME	catboost	256	rmse	85.62288276324838	6.783519766479339	195.0298841328951	0.8240606968441263	1.7662320887114287	15.134318897363466	327.7900196785481	0.2538144898503985	650.9441328401946
ood	AIME	catboost	256	rounded_consistency	0.0	0.0	0.0	0.0	0.0	0.0	0.0	0.0	0.0
ood	AIME	catboost	512	mae	29.188146466763673	5.372642349790144	58.52439854105239	0.7108498233740532	1.4309023061345725	11.734569481404101	122.94835656753047	0.05498779074194377	174.44537519412378
ood	AIME	catboost	512	mse	32725.848940445045	40.163908852478386	87317.6840677	0.6290911106831539	2.5859209299990606	295.87142605231156	94844.13808645397	0.005983178002975787	321591.71681613545
ood	AIME	catboost	512	r2	-3.1849970477135727	-1.458566178314671	3.681743250212164	-8.824733413494208	-4.178596269488938	-0.783316493746075	-0.15465086787457283	-12.208743609756166	0.0
ood	AIME	catboost	512	rmse	73.01347485674319	6.334693820928189	165.51399164357306	0.7782828636699592	1.6009747526250104	17.19538119275282	263.3846446152223	0.07735100518400383	567.090571969007
ood	AIME	catboost	512	rounded_consistency	0.0	0.0	0.0	0.0	0.0	0.0	0.0	0.0	0.0
ood	AIME	catboost	1024	mae	26.577205024955468	5.369675421040974	54.82017858891147	0.6296179053692963	1.136018037324945	11.157958447790547	87.39149465298263	0.02152181633635794	192.9168416372791
ood	AIME	catboost	1024	mse	24595.870168420057	41.675321978921545	60027.31137022767	0.5183771970819528	1.7628924230129568	244.0398587712313	119380.38673710707	0.0013874104058446387	172872.5619270346
ood	AIME	catboost	1024	r2	-2.7386197248179185	-1.150828293665174	3.1238865599508987	-6.956743827566732	-3.758572341038863	-0.8152404303965141	-0.145976165997712	-10.98769074747916	0.0
ood	AIME	catboost	1024	rmse	64.98341108035304	6.411550197657908	142.73411103440517	0.7006613187949868	1.3125090129788874	15.619083702793448	294.76043518535516	0.037247958411765855	415.7794630895502
ood	AIME	catboost	1024	rounded_consistency	0.0	0.0	0.0	0.0	0.0	0.0	0.0	0.0	0.0
ood	AIME	catboost	2048	mae	21.995329415375867	4.973267723317836	44.003037373218014	0.6077864353496791	1.0671377266764057	10.7995933630325	69.14177352120531	0.0277741969230064	156.99663726664315
ood	AIME	catboost	2048	mse	14263.585818578124	36.90387415394454	34925.18056535537	0.47716626687645364	1.7083515386625863	268.9357852124059	62671.1808186986	0.004737974724432491	109249.34909060637
ood	AIME	catboost	2048	r2	-2.5421362795004314	-1.1085165034714473	2.980841742472625	-6.858231559942514	-3.2840597513793695	-0.6566233658330842	-0.16219696996899075	-10.267171549979057	0.0
ood	AIME	catboost	2048	rmse	50.63749439378004	5.978287342852047	108.16390331389681	0.6825500396138074	1.2978934137443936	16.38454151295427	214.8354368983549	0.06883294795686504	330.52889297398247
ood	AIME	catboost	2048	rounded_consistency	0.00017421602787456446	0.0	0.0006281448215094058	0.0	0.0	0.0	0.0	0.0	0.0024390243902439024
ood	AIME	icl_llm	32	mae	255977470.63877553	1386.0285714285715	922901216.6373833	4.435714285714287	85.03571428571428	2535.289285714285	87032.40000000011	0.0	3583545127.571429
ood	AIME	icl_llm	32	mse	4.460963934970469e+18	3585044.166785714	1.6084234199562897e+19	92.46985714285715	26543.964285714286	10143228.821785714	14980213155.457165	0.0	6.2453495068066005e+19
ood	AIME	icl_llm	32	r2	-1.842656822233396	-1.0140643818122532	2.564212388300108	-4.838777613799722	-2.1635937526464795	-0.5619863360194974	0.6228867452193722	-8.989027777777778	1.0
ood	AIME	icl_llm	32	rmse	564494583.2602437	1867.2868338579096	2035266518.2821422	5.2669684964747185	101.83503042987596	3181.6772350810165	105945.67254655104	0.0	7902752372.94362
ood	AIME	icl_llm	32	rounded_consistency	0.14285714285714285	0.0	0.34992710611188266	0.0	0.0	0.0	0.7000000000000011	0.0	1.0
ood	AIME	icl_llm	64	mae	164720023.95879123	2123.730769230769	593751549.6546677	56.94615384615385	264.3557692307692	8785.134615384615	293421.9461538463	0.0	2305521653.4615383
ood	AIME	icl_llm	64	mse	2.4383593009535375e+18	6546006.384615385	8.79162942516439e+18	4856.1461538461535	126327.33942307692	139447547.90384614	131383069593.02318	0.0	3.413702998826175e+19
ood	AIME	icl_llm	64	r2	-4.643840641467051	-1.4937798600685592	7.941115335370322	-17.885589816571624	-3.978755719250543	-0.2890235471013435	0.21510770305067844	-23.928398058252426	1.0
ood	AIME	icl_llm	64	rmse	417384019.8254854	2471.9439688632037	1504709234.685511	61.366559467862245	314.36878259680105	11425.410805687152	356342.11959776806	0.0	5842690303.98341
ood	AIME	icl_llm	64	rounded_consistency	0.09340659340659341	0.0	0.26356450451014185	0.0	0.0	0.0	0.21538461538461573	0.0	1.0
ood	AIME	icl_llm	128	mae	202111858.7051282	1852.0961538461538	670258736.9936745	2.6730769230769256	63.625	6245.586538461538	189780.27307692316	0.0	2425108593.6923075
ood	AIME	icl_llm	128	mse	2.961632415478685e+18	3711495.2115384615	9.822623468402582e+18	79.9884615384616	6660.240384615385	64125009.94230769	61583600440.51925	0.0	3.553958891710943e+19
ood	AIME	icl_llm	128	r2	-11.11219072791223	-1.9051181750323578	20.46928266301832	-45.12891568494239	-5.75706808910453	-0.3255407985754228	0.8801703925044895	-62.92090908430041	1.0
ood	AIME	icl_llm	128	rmse	496816619.32683533	1925.1750743569605	1647666732.7585819	2.828223144280905	76.67804253783251	7505.321577992684	236630.66157350555	0.0	5961508946.324699
ood	AIME	icl_llm	128	rounded_consistency	0.16666666666666666	0.0	0.3726779962499649	0.0	0.0	0.0	0.9000000000000004	0.0	1.0
ood	AIME	lightgbm	32	mae	29.796811723840246	7.399339130076447	58.80060370734079	2.80069488678234	3.379426503937159	12.673777855975288	84.16732517715873	2.486494645391192	216.9805563619307
ood	AIME	lightgbm	32	mse	18749.078989089783	77.07473970625581	58933.82954023955	8.265848340200737	11.566565842157148	291.46797709326063	22401.85460251478	6.188198684044046	229209.39027891072
ood	AIME	lightgbm	32	r2	-85.49260054520961	-2.4245241940518527	285.7485298356673	-23.15118324213622	-14.474302662139877	-0.8576561745943547	-0.3856323756149769	-1115.3862397031796	0.0
ood	AIME	lightgbm	32	rmse	54.609859119853134	8.62653976080274	125.56608728474251	2.873864095579985	3.4003858440858767	17.029237591894436	131.89235750125445	2.4876090295792155	478.75817515621674
ood	AIME	lightgbm	32	rounded_consistency	0.0	0.0	0.0	0.0	0.0	0.0	0.0	0.0	0.0
ood	AIME	lightgbm	64	mae	19.86676208181953	7.439351511161314	33.481589047379984	1.965786748677094	2.390384807324645	12.231549965253073	62.06220248294977	1.4498514648432919	117.57139631445145
ood	AIME	lightgbm	64	mse	7727.135922680479	72.14797242548676	22995.03662174184	4.297380370270721	6.2608608996436725	278.46846415666056	12495.62310789953	2.2085843341648177	89053.55953319129
ood	AIME	lightgbm	64	r2	-6.6954908806393565	-2.2871334872584517	9.529690018995923	-18.907408068748158	-7.639168700217887	-0.8665830919019247	-0.3061352379647488	-33.615347552750876	0.0
ood	AIME	lightgbm	64	rmse	38.098278197985735	8.38053956556563	79.21904519135134	2.0636282946492996	2.5014565064215697	16.67166781069432	100.84050034310047	1.4861306585104883	298.41843028404145
ood	AIME	lightgbm	64	rounded_consistency	0.0	0.0	0.0	0.0	0.0	0.0	0.0	0.0	0.0
ood	AIME	lightgbm	128	mae	29.718032278031227	6.175808648881572	72.61748041511103	0.8446871751793404	1.4492615762955692	10.643203564891568	49.282946220648576	0.32445110147694106	285.5113943922204
ood	AIME	lightgbm	128	mse	36480.85722056446	50.882151574715536	127002.4713662737	0.9181217180150503	2.595943682982266	192.62082024106422	10840.265449881848	0.2118526185561064	494181.20285562624
ood	AIME	lightgbm	128	r2	-4.073182602226594	-2.0469027373719664	5.634645505633093	-12.83205537658919	-3.468734228977299	-0.7229476355892619	-0.24440260971551742	-18.593496457615778	0.0
ood	AIME	lightgbm	128	rmse	65.46200007966173	7.1314827969065995	179.43127867274097	0.9013333295686645	1.5949503921127748	13.878783176155716	94.02540712488434	0.46027450348254834	702.9802293490382
ood	AIME	lightgbm	128	rounded_consistency	0.0	0.0	0.0	0.0	0.0	0.0	0.0	0.0	0.0
ood	AIME	lightgbm	256	mae	29.48062145209402	5.472802020782581	60.03415922420169	0.656743484555565	1.2961429602313674	10.515973082863702	112.64719277826572	0.009891575270561836	195.12853198718287
ood	AIME	lightgbm	256	mse	45344.49697902907	39.862782193207124	117932.86400153002	0.5966893810564762	2.1856931456452404	216.52331823745203	147191.11776262007	0.000408876679016428	423532.8233391394
ood	AIME	lightgbm	256	r2	-3.541660335516997	-1.5674842317583084	4.761380361338348	-10.90776589223588	-3.7783374435553343	-0.6641547461887456	-0.10799115868074352	-15.703593675640146	0.0
ood	AIME	lightgbm	256	rmse	85.38117862752243	6.31276697388923	195.07575788704287	0.7266372854838551	1.4554721293468147	14.712332513803515	327.71373398632693	0.02022069927120296	650.7939945475368
ood	AIME	lightgbm	256	rounded_consistency	0.0	0.0	0.0	0.0	0.0	0.0	0.0	0.0	0.0
ood	AIME	lightgbm	512	mae	29.01337590755619	5.184591461796873	58.54345336933136	0.6063116904746017	1.2422024935683118	11.650043639986382	122.66863107849	0.0006392710155600867	174.2248496170544
ood	AIME	lightgbm	512	mse	32715.52242835098	37.89587599586058	87295.540631086	0.47820116066570595	1.9801554813586841	295.2297743814741	94838.56588075412	9.650586872161125e-07	321489.2055277313
ood	AIME	lightgbm	512	r2	-2.625047579218124	-1.2620235097064154	3.090912202312562	-6.394538471071128	-3.2811124641338196	-0.7318077355954973	-0.15442894289397574	-11.346063194423586	0.0
ood	AIME	lightgbm	512	rmse	72.84190079707902	6.142046256284799	165.55838823997857	0.6745371932101707	1.386738581111128	17.175831827749363	263.0868405508559	0.0009823740057717898	567.0001812413566
ood	AIME	lightgbm	512	rounded_consistency	0.005547850208044382	0.0	0.02000305839369758	0.0	0.0	0.0	0.0	0.0	0.07766990291262135
ood	AIME	lightgbm	1024	mae	26.453079524796628	5.35674653622128	54.8007055655397	0.6211723280159965	1.0016224967437002	11.035817689160282	86.90174046758212	0.0006292000170372889	192.857967674813
ood	AIME	lightgbm	1024	mse	24581.626343445467	41.13916619289249	60002.13057580017	0.4839995943492665	1.4378952596478909	240.29414425978186	119331.9907652326	1.5117833146855636e-06	172773.3403797235
ood	AIME	lightgbm	1024	r2	-2.650418901303063	-1.1209380928284662	3.327347369314586	-7.1567513098911455	-3.0826734792695434	-0.7419528583765753	-0.14542109625104882	-11.816095971177525	0.0
ood	AIME	lightgbm	1024	rmse	64.856308591567	6.363830772094094	142.74202457342722	0.6846500045372835	1.1544194935242187	15.499063013812059	294.402518850284	0.0012295459790855987	415.66012604016214
ood	AIME	lightgbm	1024	rounded_consistency	0.009407665505226481	0.0	0.032590971878669286	0.0	0.0	0.0	0.0034146341463414686	0.0	0.12682926829268293
ood	AIME	lightgbm	2048	mae	21.910608416366493	5.15108752668254	43.974231533787105	0.6076306849838207	0.9963154652820779	10.743362665730416	68.66164108670083	0.0005938632914681053	156.9390359136711
ood	AIME	lightgbm	2048	mse	14256.648787122806	38.254744946136455	34918.77595807521	0.4584029798650433	1.4158688388945215	267.68030616624424	62615.968638398495	1.5499137220082357e-06	109256.79526561774
ood	AIME	lightgbm	2048	r2	-2.3738262536270414	-1.1052045856530957	2.774200516772948	-6.79754264315627	-2.4025848106283263	-0.6849391476389328	-0.16170776181166807	-9.26712662118941	0.0
ood	AIME	lightgbm	2048	rmse	50.538023061551186	6.116943332479842	108.17835741105024	0.6707766624196676	1.1600233912307507	16.344970322266303	214.38628680687629	0.0012449553092413542	330.5401568124783
ood	AIME	lightgbm	2048	rounded_consistency	0.018815331010452963	0.0	0.06783964072301582	0.0	0.0	0.0	0.0	0.0	0.2634146341463415
ood	AIME	random_forest	32	mae	28.99414128392899	7.124114335086331	58.93533733488338	1.2248289269945454	2.257974688716233	12.386573855119892	83.7061664700773	0.9481982703208924	216.49792764394198
ood	AIME	random_forest	32	mse	18702.156076403204	72.26360938053973	58830.72285510117	1.9288325085281717	5.528549598049796	271.87915537353496	22300.178708553794	1.1533495396186377	228804.3689761179
ood	AIME	random_forest	32	r2	-18.023045295062282	-2.2611774264535986	52.549224175561804	-11.118497798010555	-6.9281122915796	-0.8213605896768728	-0.38180547607020116	-207.0708169435821	0.0
ood	AIME	random_forest	32	rmse	53.86615683333649	8.376462116868991	125.70041059761739	1.366517809183051	2.3509629816279265	16.411112798202428	131.57630830328327	1.0739411248381532	478.3349966039678
ood	AIME	random_forest	32	rounded_consistency	0.0	0.0	0.0	0.0	0.0	0.0	0.0	0.0	0.0
ood	AIME	random_forest	64	mae	19.532392652979063	7.666475069291891	33.57479126735504	1.080355728843579	2.1796436703325464	11.874199343132261	61.892879124126765	0.6707839395564336	117.3508817119883
ood	AIME	random_forest	64	mse	7724.488272032656	74.92474795171006	22996.365874121202	1.3860558758164174	5.071483991864507	269.17401734480103	12509.57755355729	1.029501280412097	89049.47587384298
ood	AIME	random_forest	64	r2	-5.168693597155936	-2.3004840626988	7.49159318295291	-10.077008951241872	-6.282605289449522	-0.7522705477357046	-0.30692111871148803	-29.573030265950266	0.0
ood	AIME	random_forest	64	rmse	37.813135732136566	8.563879571193217	79.33886209251853	1.1620206149246894	2.2514279205260754	16.3655000581589	100.7868932111464	1.0146434252544572	298.4115880354565
ood	AIME	random_forest	64	rounded_consistency	0.0	0.0	0.0	0.0	0.0	0.0	0.0	0.0	0.0
ood	AIME	random_forest	128	mae	29.7485218598147	6.3621057225043804	72.56399088302763	0.838594813046547	1.506504678163534	10.649509225724982	49.40478294304824	0.01810635535075107	285.3124326788206
ood	AIME	random_forest	128	mse	36472.18230753522	53.61350613360145	126954.49110458198	0.8901001621372451	2.7497347332576565	187.68495351751267	10883.090266300875	0.0019982589593034424	493997.71726032026
ood	AIME	random_forest	128	r2	-4.151121282475259	-2.157197557877418	5.589599566151991	-13.031083565355225	-4.054453346484436	-0.6957361937692235	-0.24573200125114206	-18.09550678729791	0.0
ood	AIME	random_forest	128	rmse	65.47257507642898	7.321786940217457	179.40324473207443	0.8881040777400657	1.6446472434935824	13.699806808238144	94.19677783495261	0.04470188988514291	702.8497117167512
ood	AIME	random_forest	128	rounded_consistency	0.04395604395604396	0.0	0.1584857703500655	0.0	0.0	0.0	0.0	0.0	0.6153846153846154
ood	AIME	random_forest	256	mae	29.60615696945653	5.923097775765399	60.02571616932633	0.7274516453671913	1.3916781570701768	10.673449204188037	112.87555311280026	0.006693846210837351	195.06297422670738
ood	AIME	random_forest	256	mse	45367.89847745194	45.399776654304006	118002.46343809973	0.6916474265956181	2.476848484673784	218.75261967256952	147203.7089145121	0.00045607220008640585	423829.93668339
ood	AIME	random_forest	256	r2	-4.017436196655328	-1.9612688187714558	5.316275362087299	-12.361109733619356	-4.028806893787264	-0.6508900988695371	-0.10854406419030033	-17.451474400960898	0.0
ood	AIME	random_forest	256	rmse	85.49663519753847	6.732718050993557	195.08517075203582	0.7771817935411337	1.5517493147125336	14.785000160432114	327.71735152493727	0.02135584697656372	651.022224415872
ood	AIME	random_forest	256	rounded_consistency	0.059065934065934064	0.0	0.21296525390790044	0.0	0.0	0.0	0.0	0.0	0.8269230769230769
ood	AIME	random_forest	512	mae	29.14171929280102	5.48716544335915	58.544263139108274	0.7297333654443038	1.333939820109758	11.69399198388171	122.6157873178663	0.0003656908250549564	174.52067664515982
ood	AIME	random_forest	512	mse	32722.745719124654	41.03638544037304	87328.55127569466	0.66457776932252	2.250364280327132	294.91555519300675	94785.93349423262	1.9677381845036562e-06	321655.26272997103
ood	AIME	random_forest	512	r2	-3.1598289206586663	-1.5203408496321986	3.6108469335824838	-8.080414239603403	-4.132584899145291	-0.7184054149614948	-0.1546254615447436	-12.576547549987106	0.0
ood	AIME	random_forest	512	rmse	72.93736456816187	6.404137421211553	165.53817254330102	0.7866474930595908	1.4816370994934285	17.167392716539474	262.9574486005863	0.0014027609149472537	567.1465972127233
ood	AIME	random_forest	512	rounded_consistency	0.06657420249653259	0.0	0.240036700724371	0.0	0.0	0.0	0.0	0.0	0.9320388349514563
ood	AIME	random_forest	1024	mae	26.61058781942489	5.7649962667828625	54.82243874564088	0.6746679247712507	1.0696311534160068	11.226052976745295	87.19671770997158	0.0	192.88829487582572
ood	AIME	random_forest	1024	mse	24596.719976725046	45.94711029241973	60036.128784313776	0.5711918877490401	1.5830017079305847	246.88160585926198	119331.36923513596	0.0	172965.26659594988
ood	AIME	random_forest	1024	r2	-2.859137361749482	-1.4672683607718529	3.4453437223484666	-7.294141580816952	-3.7587566906624765	-0.7082423007603682	-0.1462749014472381	-12.083817911691298	1.0
ood	AIME	random_forest	1024	rmse	64.98338006816607	6.767842253621645	142.73710201500282	0.7303540694977518	1.2230999455361249	15.708812559924453	294.32234263512396	0.0	415.8909311297253
ood	AIME	random_forest	1024	rounded_consistency	0.07142857142857142	0.0	0.25753937681885636	0.0	0.0	0.0	0.0	0.0	1.0
ood	AIME	random_forest	2048	mae	22.1039173478255	5.690941172370467	43.9779135376479	0.6559541391819135	1.0554592203706763	10.894983417156682	69.01020753251917	0.0	156.9473552200448
ood	AIME	random_forest	2048	mse	14268.185366451318	44.07054522032007	34937.20354685225	0.5289580996799714	1.6086887070293967	271.73204856713903	62735.53686301605	0.0	109220.21956477872
ood	AIME	random_forest	2048	r2	-2.690698029230137	-1.509260977248602	3.1687226451587707	-7.090591367019958	-3.515290225176325	-0.6943106917014181	-0.16306218861153912	-10.824693266009296	1.0
ood	AIME	random_forest	2048	rmse	50.70323314020754	6.62539841263043	108.15436891582827	0.7143090333013543	1.2346773063545815	16.47059490555614	214.57880609649254	0.0	330.48482501436996
ood	AIME	random_forest	2048	rounded_consistency	0.07142857142857142	0.0	0.25753937681885636	0.0	0.0	0.0	0.0	0.0	1.0
ood	AIME	realmlp	32	mae	29.061673964772904	7.340317487716675	58.80906815185119	1.6311842322349548	2.2146921157836914	12.59908938407898	82.78365535736094	1.0800734758377075	216.72952270507812
ood	AIME	realmlp	32	mse	18698.58476281166	74.72728729248047	58886.68358193134	4.099228143692017	5.654878377914429	275.40627670288086	22082.074902343782	1.2692232131958008	229044.453125
ood	AIME	realmlp	32	r2	-6658552271452.838	-3.043078899383545	24007751635003.945	-162.7516718864441	-9.827950477600098	-1.1426958441734314	-0.6871888518333434	-93219731800064.0	-0.2575957775115967
ood	AIME	realmlp	32	rmse	53.97239227585844	8.51610450574163	125.64062095848028	2.0219209937004603	2.3746607162537057	16.521572249491314	130.95454206377477	1.1265980708290781	478.58588897396464
ood	AIME	realmlp	32	rounded_consistency	0.0	0.0	0.0	0.0	0.0	0.0	0.0	0.0	0.0
ood	AIME	realmlp	64	mae	19.575018491063798	7.751960515975952	33.39555357697916	1.339004135131836	2.162858247756958	11.813534021377563	61.25127315521247	1.1075689792633057	117.33240509033203
ood	AIME	realmlp	64	mse	7712.968785226345	76.99040222167969	23002.31918709833	3.039079451560974	5.0680320262908936	264.92223739624023	12344.601354980487	1.4073199033737183	89103.4609375
ood	AIME	realmlp	64	r2	-5.588602159704481	-2.4397155046463013	7.602739295154614	-12.94502658843994	-6.664181709289551	-0.7962569296360016	-0.3009483575820919	-28.850934982299805	0.0
ood	AIME	realmlp	64	rmse	37.91044946451221	8.657831210514974	79.21973621910774	1.7342573903798397	2.2493221376183308	16.258044172454323	100.17977444640496	1.186305147663837	298.50202836413024
ood	AIME	realmlp	64	rounded_consistency	0.0	0.0	0.0	0.0	0.0	0.0	0.0	0.0	0.0
ood	AIME	realmlp	128	mae	29.74460263763155	6.1370460987091064	72.56465733385978	0.7075959324836731	1.5883269906044006	10.65620732307434	49.09161281585698	0.4260087013244629	285.40386962890625
ood	AIME	realmlp	128	mse	36477.05850360862	49.653533935546875	126998.65488181147	0.9982707083225251	3.0616848468780518	193.70304107666016	10816.417254638687	0.3512146770954132	494164.53125
ood	AIME	realmlp	128	r2	-3.8244817171778	-1.9002459049224854	5.131367944452354	-10.738958597183228	-3.774524688720703	-0.7206360697746277	-0.2435230135917662	-18.011987686157227	0.0
ood	AIME	realmlp	128	rmse	65.47851449616117	7.040871229682365	179.41466674434568	0.9907708977460875	1.7376796473650076	13.91679281968829	93.90473372456943	0.5926336786712456	702.9683714435522
ood	AIME	realmlp	128	rounded_consistency	0.0	0.0	0.0	0.0	0.0	0.0	0.0	0.0	0.0
ood	AIME	realmlp	256	mae	29.633075290492602	5.885166168212891	59.95529539679277	0.643367862701416	1.3933621942996979	10.664193153381348	112.61898365020767	0.49139562249183655	195.14378356933594
ood	AIME	realmlp	256	mse	45354.085149758626	44.523284912109375	117948.34012060009	1.0026842772960662	2.491744339466095	220.70794296264648	147239.50837402366	0.3320554196834564	423574.78125
ood	AIME	realmlp	256	r2	-1620332286540.8416	-2.12460196018219	5842191142398.452	-15.931216430664062	-4.96461021900177	-0.8824897408485413	-0.3481236219406123	-22684652011520.0	-0.059693217277526855
ood	AIME	realmlp	256	rmse	85.55564067703176	6.672410737897538	195.02388955741105	0.997239076913336	1.5670841642193583	14.854701419799195	327.8117107277433	0.5762425007611435	650.8262296880789
ood	AIME	realmlp	256	rounded_consistency	0.0	0.0	0.0	0.0	0.0	0.0	0.0	0.0	0.0
ood	AIME	realmlp	512	mae	29.153933116367885	5.4392993450164795	58.48358131334832	0.5673054933547974	1.350798487663269	11.800708293914795	122.95327644348161	0.14207792282104492	174.06170654296875
ood	AIME	realmlp	512	mse	32716.096667345082	40.09455871582031	87284.39823395509	0.4232312053442001	2.366774410009384	297.3915252685547	94860.3248718263	0.2015080749988556	321438.5625
ood	AIME	realmlp	512	r2	-253211967490.85834	-1.4214328527450562	912968732338.3118	-11.075968837738037	-4.321391820907593	-0.968611866235733	-0.40303680896758987	-3544967544832.0	-0.1042475700378418
ood	AIME	realmlp	512	rmse	72.9814466252353	6.3260934752356714	165.49865593361477	0.6469798800341793	1.5253206963234738	17.239426061560096	263.28434471690116	0.4488965081161309	566.9555207421478
ood	AIME	realmlp	512	rounded_consistency	0.0	0.0	0.0	0.0	0.0	0.0	0.0	0.0	0.0
ood	AIME	realmlp	1024	mae	26.53627510368824	5.542643070220947	54.78521213486472	0.5383681535720826	0.9937870502471924	11.212253332138062	86.97147846221935	0.06854256987571716	193.04444885253906
ood	AIME	realmlp	1024	mse	24582.288253403403	44.31144142150879	59996.68203946379	0.39974449276924134	1.4291630983352661	244.8208465576172	119371.90157165546	0.0551050640642643	172701.234375
ood	AIME	realmlp	1024	r2	-2.621276761804308	-1.1339151859283447	3.4547029017202293	-7.299769783020019	-2.7059198021888733	-0.7766799926757812	-0.1452102541923521	-12.291168212890625	0.0
ood	AIME	realmlp	1024	rmse	64.94582199032489	6.634166675790961	142.7036385639989	0.6314021306359989	1.1529181590149733	15.643421540060647	294.62085220389423	0.23474467845781785	415.57338025311486
ood	AIME	realmlp	1024	rounded_consistency	0.0006968641114982578	0.0	0.0017069614932286954	0.0	0.0	0.0	0.0034146341463414686	0.0	0.004878048780487805
ood	AIME	realmlp	2048	mae	21.99805712194315	5.191035270690918	43.97923347520372	0.46687071919441225	0.9315242320299149	10.85376524925232	68.84780597686776	0.04038386419415474	157.1180877685547
ood	AIME	realmlp	2048	mse	14263.669489551003	39.73141098022461	34930.31783162268	0.3443258017301559	1.3341441750526428	269.46023178100586	62637.28238830576	0.0016466854140162468	109303.5703125
ood	AIME	realmlp	2048	r2	-2069199728.3822968	-1.2187206745147705	7460605709.498905	-11.903570365905761	-3.9022393226623535	-0.7207968235015869	-0.29808244705200193	-28968796160.0	-0.1064612865447998
ood	AIME	realmlp	2048	rmse	50.62108740815258	6.26355896163912	108.17196956313211	0.5804796268024222	1.1203169139337312	16.40035433547523	214.5888682609592	0.04057937177946754	330.6109047089947
ood	AIME	realmlp	2048	rounded_consistency	0.00017421602787456446	0.0	0.0006281448215094057	0.0	0.0	0.0	0.0	0.0	0.0024390243902439024
ood	AIME	tabm	32	mae	28.95779245666095	7.223112344741821	59.00486015710088	1.421355378627777	1.8246497213840485	12.732549667358398	83.37127685546885	0.26232320070266724	216.8739013671875
ood	AIME	tabm	32	mse	18701.544723792267	73.5258617401123	58862.318080604746	2.530259346961975	4.122056782245636	280.4801940917969	22195.66134643558	0.07974398881196976	228937.484375
ood	AIME	tabm	32	r2	-4961593496140.656	-3.1191582679748535	17889279758330.133	-12.241024589538574	-5.1134114265441895	-1.1225294470787048	-0.6865843296051025	-69462308945920.0	-0.25700855255126953
ood	AIME	tabm	32	rmse	53.77882953307097	8.449076000465157	125.73536581982478	1.5844730706837178	2.0289868141927347	16.687148730428866	131.23560526303356	0.28238978170601314	478.4741209041509
ood	AIME	tabm	32	rounded_consistency	0.0	0.0	0.0	0.0	0.0	0.0	0.0	0.0	0.0
ood	AIME	tabm	64	mae	19.3567513355187	7.7568724155426025	33.59211627842999	1.0942696928977966	1.5906952619552612	11.648061275482178	61.55264778137214	0.3481903672218323	117.44198608398438
ood	AIME	tabm	64	mse	7713.092881851962	76.80877304077148	22998.160271473018	1.4827917575836183	3.562725245952606	259.631046295166	12398.45041503908	0.1374547779560089	89073.53125
ood	AIME	tabm	64	r2	-3.3831355401447842	-1.3861349821090698	5.909867054571453	-5.942465448379517	-2.8938820362091064	-0.6106173694133759	-0.2818199753761288	-23.705873489379883	0.0
ood	AIME	tabm	64	rmse	37.61326009807063	8.641499177727802	79.36205356873553	1.20689081867421	1.8864254499878732	16.056587228826714	100.37679573701229	0.3707489419486034	298.45189101428053
ood	AIME	tabm	64	rounded_consistency	0.0	0.0	0.0	0.0	0.0	0.0	0.0	0.0	0.0
ood	AIME	tabm	128	mae	29.464735580342158	5.980645418167114	72.69147063641357	0.6704427897930145	1.0291607528924942	10.483973503112793	49.178833389282275	0.15188509225845337	285.4987487792969
ood	AIME	tabm	128	mse	36473.72310837651	47.38372802734375	126996.04172227661	0.6349503219127655	1.5019853562116623	183.21289825439453	10833.53544311525	0.025295373052358627	494151.0
ood	AIME	tabm	128	r2	-2.1239061696188792	-0.929308295249939	3.9237694774187593	-3.1757068157196047	-1.8476585745811462	-0.23627448081970215	-0.07403498888015737	-15.796295166015625	0.0
ood	AIME	tabm	128	rmse	65.17246874712964	6.871386020438543	179.51677477545354	0.7964302874367586	1.124843453588853	13.535420268217958	93.99405951202917	0.1590451918555183	702.9587470115156
ood	AIME	tabm	128	rounded_consistency	0.0	0.0	0.0	0.0	0.0	0.0	0.0	0.0	0.0
ood	AIME	tabm	256	mae	29.208375868520566	5.289152383804321	60.136778002081925	0.4150272458791733	0.8684597313404083	10.379115581512451	112.68887233734145	0.06951218098402023	195.09205627441406
ood	AIME	tabm	256	mse	45349.627403757106	36.48259735107422	117961.60769488556	0.3114718347787857	1.148318812251091	208.6077651977539	147222.4744506838	0.006150271277874708	423631.28125
ood	AIME	tabm	256	r2	-341412825382.14905	-0.8033826351165771	1230981448010.2456	-9.008448076248168	-2.037912905216217	-0.2570500373840332	0.06567490100860615	-4779779555328.0	0.6665591597557068
ood	AIME	tabm	256	rmse	85.06177886228201	6.018468701421323	195.2283821080873	0.5556211783292919	0.9786612593209115	14.438933455370226	327.7743994219313	0.07842366529227456	650.8696346043499
ood	AIME	tabm	256	rounded_consistency	0.0	0.0	0.0	0.0	0.0	0.0	0.0	0.0	0.0
ood	AIME	tabm	512	mae	28.610677583409206	4.433346509933472	58.676055970185146	0.24538370668888093	0.6134251430630684	11.194051504135132	122.30591487884539	0.0917087271809578	174.16592407226562
ood	AIME	tabm	512	mse	32700.154245030535	29.46216869354248	87280.88917322904	0.13327782824635506	0.5740610435605049	265.9678726196289	94786.60609130873	0.010014256462454796	321435.78125
ood	AIME	tabm	512	r2	-101788708280.2202	-0.5565944314002991	367004406962.2873	-9.270690441131592	-1.0867945551872253	-0.1277611255645752	0.24420112967491175	-1425041915904.0	0.7487651109695435
ood	AIME	tabm	512	rmse	72.39344461837582	5.288773849268198	165.70860997943552	0.3507953932035792	0.6933894969670601	16.308515427037406	262.702042217085	0.10007125692452751	566.9530679430177
ood	AIME	tabm	512	rounded_consistency	0.0006934812760055478	0.0	0.0025003822992121973	0.0	0.0	0.0	0.0	0.0	0.009708737864077669
ood	AIME	tabm	1024	mae	26.028041141905955	4.670880317687988	54.859453869050924	0.1625246122479439	0.45896271616220474	10.631560802459717	86.21521987915051	0.056700222194194794	192.7422637939453
ood	AIME	tabm	1024	mse	24554.28667228323	34.97207450866699	59953.7859382939	0.044642839580774314	0.3324146680533886	238.40702438354492	119296.3131561281	0.007856536656618118	172504.640625
ood	AIME	tabm	1024	r2	-1.2952341096741813	-0.23880141973495483	3.10562896850865	-3.1552063703536986	-0.942721962928772	-0.006743311882019043	0.4845265269279483	-11.763447761535645	0.6674182415008545
ood	AIME	tabm	1024	rmse	64.40821964340066	5.735758425166856	142.8491089039434	0.18255457367909894	0.5418100802698231	15.438627421072235	293.7812100017947	0.08863710654470913	415.3367797643257
ood	AIME	tabm	1024	rounded_consistency	0.0003484320557491289	0.0	0.0012562896430188119	0.0	0.0	0.0	0.0	0.0	0.004878048780487805
ood	AIME	tabm	2048	mae	21.521127866581082	4.337187767028809	44.04332149830058	0.1461346849799156	0.4108083099126816	10.622944116592407	67.93868894577035	0.04803214594721794	156.9839324951172
ood	AIME	tabm	2048	mse	14231.93433789593	30.71843671798706	34879.00057170017	0.04210024112835527	0.2774835042655468	242.05147552490234	62411.305712890724	0.007049532141536474	109266.9453125
ood	AIME	tabm	2048	r2	-8858334355.517447	-0.35003048181533813	31939178729.239708	-9.128418779373169	-1.176390677690506	0.21740439534187317	0.51932846903801	-124016680960.0	0.8040481209754944
ood	AIME	tabm	2048	rmse	50.10124981390381	5.2204540542675515	108.2672577697465	0.1682530919638644	0.4938578072276517	15.555414484665445	213.90935410698893	0.08396149201590258	330.55551018323683
ood	AIME	tabm	2048	rounded_consistency	0.0	0.0	0.0	0.0	0.0	0.0	0.0	0.0	0.0
ood	AIME	tabpfn2	32	mae	28.721339307193244	6.937761306762695	59.2055716518574	0.5108192712068558	1.2887970954179764	12.441167831420898	83.87310104370127	0.07763413339853287	216.94503784179688
ood	AIME	tabpfn2	32	mae_original	255948454.45343325	1728.6436157226562	922796218.6604669	141.14942283630373	707.1264724731445	4253.919738769531	82793.39873046886	5.792366981506348	3583137536.0
ood	AIME	tabpfn2	32	mse	18724.940706236488	68.77697563171387	58911.029416558216	0.5865453869104386	2.4294321835041046	276.4240264892578	22314.706231689488	0.00681618507951498	229116.75
ood	AIME	tabpfn2	32	mse_original	4.464330413921789e+18	5218760.25	1.6096372212531933e+19	60336.90108642579	1008379.234375	53791085.25	13678239881.600021	37.94443130493164	6.250062577515941e+19
ood	AIME	tabpfn2	32	r2	-1372552878959.9277	-1.6519585847854614	4948809783367.144	-10.447923040390014	-3.1814380884170532	-0.6978693604469299	-0.23817281723022457	-19215740305408.0	0.3639126420021057
ood	AIME	tabpfn2	32	r2_original	-2.2133007688181743	-1.2260783910751343	3.313208368650148	-3.5965108394622805	-2.3471786975860596	-0.362435519695282	-0.06890419721603369	-13.356348991394043	0.36391252279281616
ood	AIME	tabpfn2	32	rmse	53.59506947183712	8.193642106919071	125.90674816921228	0.7392151595491828	1.4275616520885892	16.540529845331925	131.62670644237306	0.08256019064606732	478.66141478084484
ood	AIME	tabpfn2	32	rmse_original	564707915.8580195	2281.9000354351215	2036034229.4983847	162.20289680088115	871.6935540213665	7119.994623236153	101533.39826734808	6.159905137656882	7905733727.81802
ood	AIME	tabpfn2	32	rounded_consistency	0.0	0.0	0.0	0.0	0.0	0.0	0.0	0.0	0.0
ood	AIME	tabpfn2	64	mae	18.96640051688467	6.585899114608765	33.83789376705712	0.5822084605693817	1.2009406387805939	11.83509373664856	61.77861061096198	0.19906830787658691	117.59635162353516
ood	AIME	tabpfn2	64	mae_original	164459363.4670342	2001.77734375	592903376.2626957	144.63997535705568	599.9148406982422	4056.9793090820312	143825.10039062522	14.944549560546875	2302202880.0
ood	AIME	tabpfn2	64	mse	7720.0610755924135	70.16031265258789	23017.449497399713	0.8549063384532929	2.3142092525959015	255.89249420166016	12465.040100097674	0.047656457871198654	89133.4609375
ood	AIME	tabpfn2	64	mse_original	2.44012605481995e+18	8632713.0	8.797999591185135e+18	58343.88820800782	633622.125	74185649.5	45422086438.40007	268.5859375	3.4161764702349165e+19
ood	AIME	tabpfn2	64	r2	-3.1476825305393765	-0.9692317843437195	6.855163330169914	-4.476304435729981	-2.369156062602997	-0.1994393765926361	-0.0008524417877197235	-27.308801651000977	0.47551512718200684
ood	AIME	tabpfn2	64	r2_original	-3.1476824624197826	-0.9692316055297852	6.855163329226801	-4.476304244995117	-2.3691555857658386	-0.19943943619728088	-0.0008524417877197235	-27.308801651000977	0.4755150079727173
ood	AIME	tabpfn2	64	rmse	37.34889443084845	8.315555979686797	79.53063032810535	0.9175187104427966	1.4717643562853433	15.842485317849826	100.64688086204515	0.21830359106345149	298.5522750499483
ood	AIME	tabpfn2	64	rmse_original	417507268.9158069	2849.913606603743	1505262015.4718628	160.51947490571675	710.5071168910038	8307.362058583729	181978.39123044314	16.388591687512385	5844806643.709368
ood	AIME	tabpfn2	64	rounded_consistency	0.0	0.0	0.0	0.0	0.0	0.0	0.0	0.0	0.0
ood	AIME	tabpfn2	128	mae	29.32831346483103	5.602100610733032	72.75777336310776	0.27488323971629147	1.226272240281105	10.865633249282837	49.12557926177983	0.05825267359614372	285.5719909667969
ood	AIME	tabpfn2	128	mae_original	172917731.67809823	1544.7697143554688	623405070.4525666	147.3598602294922	464.95023345947266	3865.5804443359375	134023.45576171894	4.898343563079834	2420636672.0
ood	AIME	tabpfn2	128	mse	36485.46596917041	53.89925193786621	127046.48376905502	0.30741520263254646	1.9592329561710358	192.30181884765625	10835.707037353532	0.006264624651521444	494344.53125
ood	AIME	tabpfn2	128	mse_original	2.537053816084852e+18	5230686.375	9.147477606103048e+18	60614.21174316407	586228.52734375	25940148.5	41291209451.20006	44.295711517333984	3.551875336604798e+19
ood	AIME	tabpfn2	128	r2	-40534123668.63039	-1.5348674058914185	146147861284.14124	-13.236510038375854	-2.688691735267639	-0.44371673464775085	0.06924435496330301	-567477731328.0	0.7410414218902588
ood	AIME	tabpfn2	128	r2_original	-2.3446756218160902	-1.0971471071243286	4.350550282385982	-3.2548741817474367	-2.6001436710357666	-0.23669922351837158	0.12852242588996907	-17.41077995300293	0.7410414218902588
ood	AIME	tabpfn2	128	rmse	65.06392768509191	7.340836179388063	179.58883952896275	0.4180415622168214	1.3358374986344608	13.867284722043388	94.00109667789425	0.07914938187706487	703.0963883067527
ood	AIME	tabpfn2	128	rmse_original	425716935.8301546	2236.0277759043647	1534867716.3300545	163.30979314183537	671.8062378440824	5084.385673026494	173407.09718118212	6.655502348984183	5959761183.642176
ood	AIME	tabpfn2	128	rounded_consistency	0.0027472527472527475	0.0	0.009905360646879094	0.0	0.0	0.0	0.0	0.0	0.038461538461538464
ood	AIME	tabpfn2	256	mae	29.15057737686272	5.627519130706787	60.198487493911614	0.19683237187564376	0.9768523871898651	10.843498468399048	112.67194252014176	0.0075398776680231094	195.2372283935547
ood	AIME	tabpfn2	256	mae_original	173029171.16185212	2264.786376953125	623804858.6884968	47.61648712158203	282.89794921875	3720.7996215820312	138704.0312500002	1.7810815572738647	2422189568.0
ood	AIME	tabpfn2	256	mse	45368.08088680048	42.6204776763916	118014.18296820114	0.19255033533554528	1.7006655931472778	222.76502990722656	147265.74218750023	9.24043488339521e-05	423832.34375
ood	AIME	tabpfn2	256	mse_original	2.310461120366939e+18	13099112.5	8.330486019088995e+18	3908.197497558594	132934.541015625	70020174.5	51217846273.60008	7.050243854522705	3.23464556117282e+19
ood	AIME	tabpfn2	256	r2	-116113894.4243247	-1.1976354122161865	418654592.946102	-10.09420747756958	-2.1370465755462646	-0.32158923149108887	-0.009975033998489303	-1625594496.0	0.944947361946106
ood	AIME	tabpfn2	256	r2_original	-1.852895783526557	-1.0486836433410645	3.2209092031395516	-3.6165897369384767	-1.9490817785263062	-0.10064083337783813	0.008126103878021252	-12.600507736206055	0.9449473023414612
ood	AIME	tabpfn2	256	rmse	85.07935181662505	6.528224563595748	195.2679819664848	0.26220585086280196	1.2603821004724116	14.920846856326374	327.79542435486997	0.009612718077315703	651.0240730956115
ood	AIME	tabpfn2	256	rmse_original	406264615.7299072	3595.864654775596	1464721878.846892	55.466016386215614	364.43344340452677	8118.18413472904	192976.84685088147	2.6552295295365154	5687394448.403258
ood	AIME	tabpfn2	256	rounded_consistency	0.017857142857142856	0.0	0.06438484420471409	0.0	0.0	0.0	0.0	0.0	0.25
ood	AIME	tabpfn2	512	mae	28.505422831047326	5.003732204437256	58.749843651615016	0.6832128047943116	0.9529831856489182	11.188364505767822	122.47486457824724	0.015535778366029263	174.26376342773438
ood	AIME	tabpfn2	512	mae_original	175428079.08273777	1849.5753173828125	632449396.7528483	94.48055801391602	298.1371536254883	3908.4140625	150718.78017578146	30.613658905029297	2455756800.0
ood	AIME	tabpfn2	512	mse	32701.759601572794	41.68440055847168	87311.53317215583	0.7469734787940979	1.5818573236465454	253.13021087646484	94813.3588928224	0.00031884017516858876	321538.6875
ood	AIME	tabpfn2	512	mse_original	2.0200970642143444e+18	10358551.5	7.283563522781125e+18	14070.34453125	152594.25390625	67083448.0	59536819681.60009	1070.4439697265625	2.8281358813700817e+19
ood	AIME	tabpfn2	512	r2	-400649694.61223996	-1.6430250406265259	1444563005.0615485	-16.600026893615723	-3.831335663795471	-0.7923393845558167	-0.15449345111846907	-5609095680.0	0.47227996587753296
ood	AIME	tabpfn2	512	r2_original	-3.183668856109892	-1.462794542312622	5.170755149115274	-8.58627028465271	-2.318560540676117	-0.38054874539375305	-0.0313774824142455	-19.245895385742188	0.4722800850868225
ood	AIME	tabpfn2	512	rmse	72.2931208702329	6.455694881111983	165.75724501937978	0.8639836735267808	1.2491729189247924	15.880959435985472	262.7443597756446	0.017856096302624174	567.0438144447041
ood	AIME	tabpfn2	512	rmse_original	379882373.50441027	3207.5798005232255	1369593533.321109	107.55187870291351	390.6319683760828	7978.184181578887	208175.06898548966	32.71764003907621	5318022077.210738
ood	AIME	tabpfn2	512	rounded_consistency	0.0	0.0	0.0	0.0	0.0	0.0	0.0	0.0	0.0
ood	AIME	tabpfn2	1024	mae	25.979236871270196	5.379534721374512	54.982220445124206	0.31106372326612475	0.8413709104061127	9.853528499603271	86.45387077331554	0.02830301597714424	193.13137817382812
ood	AIME	tabpfn2	1024	mae_original	169520439.50145802	1745.584228515625	611150664.186915	105.2615032196045	312.93072509765625	3735.36865234375	148244.09619140645	17.451454162597656	2373055488.0
ood	AIME	tabpfn2	1024	mse	24568.963840339933	46.877906799316406	60011.040852176215	0.21550254561007026	1.1662110090255737	208.51205825805664	119375.17247619647	0.0008794115856289864	172694.90625
ood	AIME	tabpfn2	1024	mse_original	1.8379056310855565e+18	7646606.5	6.626662969888554e+18	27452.81090087891	157424.40625	42150062.0	56541385875.20009	408.2048645019531	2.573067875423722e+19
ood	AIME	tabpfn2	1024	r2	-1105055160.6616428	-1.201917290687561	3984333036.974955	-8.65701766014099	-2.2265660762786865	-0.5922392010688782	-0.14529650211334208	-15470772224.0	0.406461238861084
ood	AIME	tabpfn2	1024	r2_original	-1.8044998858656203	-1.0913219451904297	2.685466736057899	-3.4784323930740357	-1.770656704902649	-0.3426423668861389	-0.026265835762023834	-10.673432350158691	0.40646129846572876
ood	AIME	tabpfn2	1024	rmse	64.35378324311772	6.8405835673968465	142.92499579373003	0.3983104587146624	1.0572525598431874	14.380485299304183	293.7396493193933	0.02965487456775001	415.5657664558042
ood	AIME	tabpfn2	1024	rmse_original	362347206.46773356	2749.8907309796705	1306372892.037563	111.41269988340528	396.23350029809217	6426.891552588677	202581.95017660817	20.204080392384927	5072541646.377802
ood	AIME	tabpfn2	1024	rounded_consistency	0.0013937282229965157	0.0	0.0050251585720752475	0.0	0.0	0.0	0.0	0.0	0.01951219512195122
ood	AIME	tabpfn2	2048	mae	21.48837466897177	4.834592819213867	44.0365569739122	0.5869767069816589	1.1130045354366302	10.28209638595581	68.10491971969613	0.023114820942282677	156.94410705566406
ood	AIME	tabpfn2	2048	mae_original	173002729.3265235	1723.2255859375	623711369.9318298	127.59558334350587	264.57558822631836	4004.2071533203125	135243.4341796877	28.29173469543457	2421826048.0
ood	AIME	tabpfn2	2048	mse	14235.176937344202	39.70016670227051	34900.87997982512	0.6551380932331086	1.6212772130966187	207.0644359588623	62548.83855896005	0.0007117742206901312	109211.015625
ood	AIME	tabpfn2	2048	mse_original	1.857522645598601e+18	8308850.5	6.697393124423183e+18	25181.792578125	130492.2421875	28992205.5	49394688294.40007	1032.923828125	2.6005316967646364e+19
ood	AIME	tabpfn2	2048	r2	-894404612.1109207	-1.2382092475891113	3224821674.0151052	-26.54281482696533	-4.043453931808472	-0.7450284063816071	-0.16076934337615947	-12521664512.0	0.33598220348358154
ood	AIME	tabpfn2	2048	r2_original	-4.110920433487211	-1.0367122888565063	8.569765230758671	-8.48800287246704	-2.3773956298828125	-0.39108791947364807	-0.03152564764022816	-33.549156188964844	0.33598238229751587
ood	AIME	tabpfn2	2048	rmse	50.13563365192378	6.258560472054188	108.26631597899822	0.8082245898129877	1.269558243788217	14.283748772166355	214.150567948589	0.026679097074116493	330.47089981570235
ood	AIME	tabpfn2	2048	rmse_original	364274316.37461805	2856.1625364309452	1313326641.7873375	143.85237447146227	359.7434421209323	5382.566682498426	189494.40415493696	32.13913234866492	5099540858.51328
ood	AIME	tabpfn2	2048	rounded_consistency	0.00017421602787456446	0.0	0.0006281448215094059	0.0	0.0	0.0	0.0	0.0	0.0024390243902439024
ood	AIME	tabpfn25	32	mae	28.22315476941211	4.9629727602005005	59.329837289200114	0.4070607364177704	1.3338023275136948	12.51660704612732	83.57070388793956	0.2003733366727829	216.94290161132812
ood	AIME	tabpfn25	32	mae_original	255945500.39850658	1536.1631469726562	922787310.7200301	146.0473316192627	512.5172500610352	4079.9221801757812	80396.72890625011	24.93296241760254	3583102464.0
ood	AIME	tabpfn25	32	mse	18707.590019554696	37.11945629119873	58915.99476413081	0.4140690110623837	2.5968725979328156	279.558650970459	22242.589880371124	0.05823555961251259	229129.046875
ood	AIME	tabpfn25	32	mse_original	4.46456916494599e+18	4104314.5	1.609723304187178e+19	64455.37556152345	375567.703125	53258309.5	12982207259.20002	633.6903076171875	6.250396829050785e+19
ood	AIME	tabpfn25	32	r2	-1400612023738.336	-2.082113742828369	5049978468606.449	-17.980710315704346	-3.503493070602417	-0.6937662959098816	0.37782295942306615	-19608568332288.0	0.8998294472694397
ood	AIME	tabpfn25	32	r2_original	-3.4783987360341206	-1.4155447483062744	5.738255809810435	-11.09872121810913	-3.2216325998306274	-0.3611217737197876	0.45524110198021006	-19.536258697509766	0.8998293876647949
ood	AIME	tabpfn25	32	rmse	52.97674816334312	6.022551586554017	126.09938213009778	0.552901175050488	1.475784526642135	16.631761807462826	131.42374211864694	0.2413204500503689	478.67425967457245
ood	AIME	tabpfn25	32	rmse_original	564722511.2085615	2020.3600387390175	2036088811.9824944	167.66049717933754	611.2055201950695	6969.905514490752	99006.51531588842	25.17320614497064	7905945123.165721
ood	AIME	tabpfn25	32	rounded_consistency	0.0	0.0	0.0	0.0	0.0	0.0	0.0	0.0	0.0
ood	AIME	tabpfn25	64	mae	19.259949454239436	7.89132022857666	33.790177618828075	0.4103790819644928	1.1814655810594559	11.833913564682007	61.93772563934333	0.17351818084716797	117.66273498535156
ood	AIME	tabpfn25	64	mae_original	164552357.701396	1941.249267578125	593238059.581952	145.4107406616211	566.8041381835938	4452.0904541015625	144796.7796875002	13.026437759399414	2303502592.0
ood	AIME	tabpfn25	64	mse	7727.012284380517	79.66834449768066	23020.92844087235	0.46056085973978045	2.2959492206573486	259.2401542663574	12492.044934082049	0.03557134419679642	89147.25
ood	AIME	tabpfn25	64	mse_original	2.4405035014992794e+18	8160812.25	8.799360494367166e+18	58526.341674804695	462161.2421875	79164778.0	45857772971.20007	200.47560119628906	3.4167048955232256e+19
ood	AIME	tabpfn25	64	r2	-3.2397584233965193	-0.9700164794921875	7.251719516175008	-4.577626037597656	-2.6670581102371216	-0.2526964247226715	0.42596276998519966	-28.771116256713867	0.7942132949829102
ood	AIME	tabpfn25	64	r2_original	-3.2397581466606686	-0.9700165390968323	7.251718560948187	-4.577625894546509	-2.6670586466789246	-0.25269636511802673	0.42596289515495367	-28.7711124420166	0.7942131757736206
ood	AIME	tabpfn25	64	rmse	37.473334232446255	8.81483111124047	79.51579406560616	0.5951871192570892	1.478357508969356	15.99076807122764	100.77328180045268	0.18860366962706854	298.57536736978153
ood	AIME	tabpfn25	64	rmse_original	417539607.939395	2709.55694617717	1505378416.645162	161.4103648136447	655.5736227257994	8610.124510191114	182822.5364606434	14.158940680583736	5845258673.081308
ood	AIME	tabpfn25	64	rounded_consistency	0.0	0.0	0.0	0.0	0.0	0.0	0.0	0.0	0.0
ood	AIME	tabpfn25	128	mae	29.271163936704397	4.841126441955566	72.77247038024501	0.14770309776067733	1.125662386417389	10.892690420150757	49.25761947631841	0.07890491932630539	285.4901428222656
ood	AIME	tabpfn25	128	mae_original	172868175.78239202	918.6764831542969	623226400.4005339	87.22748298645021	383.91766357421875	3891.1082153320312	134640.6589843752	12.021012306213379	2419942912.0
ood	AIME	tabpfn25	128	mse	36490.743391939905	35.22789478302002	127024.99408786232	0.03358488120138645	1.8081197440624237	230.53385543823242	10857.62698974611	0.015535184182226658	494271.6875
ood	AIME	tabpfn25	128	mse_original	2.5366799821592945e+18	1681573.625	9.146129728607665e+18	18440.48465576172	206813.85546875	31871592.0	41556111684.800064	220.15318298339844	3.5513519690699768e+19
ood	AIME	tabpfn25	128	r2	-19521275028.34784	-1.3120555877685547	70384958069.13585	-12.73624653816223	-2.0932321548461914	-0.30445772409439087	-0.06068770885467509	-273297850368.0	0.9262937307357788
ood	AIME	tabpfn25	128	r2_original	-2.0621249164853777	-0.9576905965805054	4.192238069868445	-3.1632838249206543	-1.615339756011963	-0.21982410550117493	-0.0006267428398132301	-16.66893768310547	0.9262937307357788
ood	AIME	tabpfn25	128	rmse	65.18165212190975	5.634611744862394	179.56084099435	0.18298958466714668	1.2742580470214186	15.166297583151277	94.10339592546383	0.12464021895931769	703.0445842903564
ood	AIME	tabpfn25	128	rmse_original	425685566.5042763	1296.694041009867	1534754632.0598705	101.14556120226626	450.96031160874304	5641.383845622862	173954.1442660099	14.837559872950756	5959322083.148365
ood	AIME	tabpfn25	128	rounded_consistency	0.0	0.0	0.0	0.0	0.0	0.0	0.0	0.0	0.0
ood	AIME	tabpfn25	256	mae	28.977459582633205	3.9373987317085266	60.246309443608546	0.08428973555564881	0.5548996552824974	10.81726622581482	112.60824785232559	0.022928845137357712	195.1465606689453
ood	AIME	tabpfn25	256	mae_original	172948708.88716674	1511.4101257324219	623515264.7567931	60.217382049560555	207.87530136108398	3916.2056274414062	138179.24853515645	1.9105459451675415	2421064960.0
ood	AIME	tabpfn25	256	mse	45363.71429836806	25.887134552001953	117991.13211973396	0.023723418544977906	0.6561642698943615	222.2405128479004	147244.07404785178	0.0006846742471680045	423751.46875
ood	AIME	tabpfn25	256	mse_original	2.3101163449148815e+18	8513113.0	8.329242913596535e+18	9905.255468750001	168851.59765625	72413125.0	51017024993.60008	4.753720760345459	3.2341628755682263e+19
ood	AIME	tabpfn25	256	r2	-9526094118.000124	-0.6887614727020264	34346820791.79787	-10.70839385986328	-1.245049774646759	0.21392782032489777	0.7158877253532415	-133365317632.0	0.9628799557685852
ood	AIME	tabpfn25	256	r2_original	-1.4286951422691345	-0.4230411648750305	3.5597477018348127	-3.3698724508285522	-0.9538702070713043	0.22896163165569305	0.715887707471848	-13.477555274963379	0.96288001537323
ood	AIME	tabpfn25	256	rmse	84.96393828905481	4.745012035508395	195.3070492552221	0.13527855033347702	0.6988033029792531	14.903781626011229	327.777866913543	0.026166280728601925	650.9619564536779
ood	AIME	tabpfn25	256	rmse_original	406234201.0740706	2490.534389843214	1464612617.3130534	78.11796779175202	340.1111359172161	8354.346466428118	192610.30536534387	2.1803029056407413	5686970085.70313
ood	AIME	tabpfn25	256	rounded_consistency	0.005494505494505495	0.0	0.019810721293758188	0.0	0.0	0.0	0.0	0.0	0.07692307692307693
ood	AIME	tabpfn25	512	mae	28.532100465547824	3.7819519639015198	58.611512967456925	0.2986219212412834	0.5774491280317307	11.313988208770752	122.36166830062882	0.025102851912379265	173.56283569335938
ood	AIME	tabpfn25	512	mae_original	175324189.18446377	1868.0807495117188	632075489.3551049	53.15970973968506	249.15339279174805	4022.5621337890625	148941.54306640645	18.116113662719727	2454304768.0
ood	AIME	tabpfn25	512	mse	32686.060624768576	24.523545742034912	87210.46580812239	0.14858748689293863	0.56412672996521	295.35414123535156	94803.63607482924	0.00286175892688334	321145.46875
ood	AIME	tabpfn25	512	mse_original	2.0196175199654687e+18	7694949.75	7.281834501814831e+18	8008.163085937501	156089.21484375	68882680.0	58489248627.20009	393.76904296875	2.8274645195701617e+19
ood	AIME	tabpfn25	512	r2	-3596042533.9608316	-0.769583523273468	12965715739.550318	-8.591213464736938	-1.2156833410263062	-0.14508789777755737	0.10469890832901005	-50344595456.0	0.5336577892303467
ood	AIME	tabpfn25	512	r2_original	-1.3894033176558358	-0.5657198429107666	2.7438962791610266	-3.368224549293518	-0.9645861685276031	-0.025810211896896362	0.10469883680343632	-10.447157859802246	0.5336576700210571
ood	AIME	tabpfn25	512	rmse	72.45872175060883	4.5325081026261405	165.63753882208107	0.3475135700076446	0.7478521086770886	17.178233942096735	263.0674138299152	0.05349541033475059	566.6969814195237
ood	AIME	tabpfn25	512	rmse_original	379837127.8466865	2650.351651112659	1369431004.5689228	69.58417433889491	382.9587135851017	8156.555886372558	206369.84031191468	19.843614664892836	5317390825.931607
ood	AIME	tabpfn25	512	rounded_consistency	0.0	0.0	0.0	0.0	0.0	0.0	0.0	0.0	0.0
ood	AIME	tabpfn25	1024	mae	26.01805843785405	4.026228070259094	54.88423144176682	0.2515497595071793	0.44888870418071747	11.081502199172974	86.08721132278454	0.0315389558672905	192.9106903076172
ood	AIME	tabpfn25	1024	mae_original	169326625.04481792	1596.2720947265625	610452440.376564	48.96818466186524	273.68431091308594	4121.047119140625	146390.04052734395	16.544740676879883	2370344192.0
ood	AIME	tabpfn25	1024	mse	24552.66390649176	28.785853147506714	59953.41896992213	0.0977624073624611	0.3497593216598034	239.44924545288086	119309.57807769794	0.0011816993355751038	172472.40625
ood	AIME	tabpfn25	1024	mse_original	1.8369176412417254e+18	5795578.25	6.623100722273052e+18	7191.332946777345	109173.841796875	42146508.0	55459962372.80008	324.67291259765625	2.5716846897959797e+19
ood	AIME	tabpfn25	1024	r2	-1484905327.0182416	-0.5259358286857605	5353902290.710761	-8.176703405380248	-1.6748281121253967	-0.11893638968467712	0.46444696187973067	-20788674560.0	0.7143376469612122
ood	AIME	tabpfn25	1024	r2_original	-1.3039558742727553	-0.26717084646224976	2.662982826940905	-3.3286558389663696	-1.260425865650177	-0.02153792977333069	0.46444699168205306	-9.971573829650879	0.7143377065658569
ood	AIME	tabpfn25	1024	rmse	64.2808944791465	4.838098948782166	142.90077155653356	0.2909600666771078	0.5694912269586084	15.472768704035754	293.61615001922127	0.03437585396139423	415.2979728460037
ood	AIME	tabpfn25	1024	rmse_original	362249594.9471895	2288.049389021964	1306021773.2497125	65.46543391112638	330.28516460605624	6427.990729001228	200693.4019226716	18.018682321347924	5071178058.19908
ood	AIME	tabpfn25	1024	rounded_consistency	0.004181184668989547	0.0	0.012485346945762312	0.0	0.0	0.0	0.004878048780487805	0.0	0.04878048780487805
ood	AIME	tabpfn25	2048	mae	21.505921832551913	5.390627861022949	44.04963808325878	0.3766933917999268	0.5339354574680328	10.267255783081055	67.9738971710206	0.02464020811021328	157.07415771484375
ood	AIME	tabpfn25	2048	mae_original	173145919.3694184	1636.6563720703125	624228024.8712528	96.07583160400392	238.36255645751953	4091.1741943359375	134479.60654296895	28.296720504760742	2423832064.0
ood	AIME	tabpfn25	2048	mse	14230.457684443458	45.552703857421875	34896.140395377675	0.2165394902229309	0.48548735678195953	206.27179336547852	62481.38469238291	0.0014947502641007304	109260.03125
ood	AIME	tabpfn25	2048	mse_original	1.8583560753815598e+18	6984601.0	6.700398098360105e+18	27040.93814697266	129751.50390625	29077767.5	49094814723.20007	987.9439086914062	2.6016984985040323e+19
ood	AIME	tabpfn25	2048	r2	-1878280340.187804	-1.1808183789253235	6772236068.857445	-8.59752368927002	-3.920569121837616	-0.3173196613788605	0.3109653711318976	-26295924736.0	0.7773482799530029
ood	AIME	tabpfn25	2048	r2_original	-1.9020898682730538	-0.8287152051925659	2.831632806890143	-5.585011577606201	-1.8790227174758911	-0.15073686838150024	0.34213253855705317	-9.707198143005371	0.7773482203483582
ood	AIME	tabpfn25	2048	rmse	49.96825486141995	6.742497103122593	108.32188694141014	0.46204575534770476	0.6951280956372219	14.260953411797686	214.04063561260182	0.03866200025995461	330.5450517705567
ood	AIME	tabpfn25	2048	rmse_original	364355871.1975432	2597.9073540283607	1313621282.754447	119.19712098841362	360.1622617037435	5390.992353573724	188943.78868593398	31.431575027214375	5100684756.485184
ood	AIME	tabpfn25	2048	rounded_consistency	0.0012195121951219512	0.0	0.0037728933497748643	0.0	0.0	0.0	0.0017073170731707343	0.0	0.014634146341463415
ood	AIME	xgboost	32	mae	28.946063348225184	7.044997215270996	58.92017973131474	1.268982970714569	2.298727333545685	12.427981615066528	83.65487880706797	0.5360308885574341	216.39974975585938
ood	AIME	xgboost	32	mse	18705.17684887988	70.27599906921387	58860.36271063529	2.400921428203583	5.7059444189071655	272.9438247680664	22246.80039062503	1.1525938510894775	228925.140625
ood	AIME	xgboost	32	r2	-2258477664566.7847	-3.0970499515533447	8143057024014.981	-148.62149696350096	-9.491836786270142	-1.1170027256011963	-0.6986883878707885	-31618687303680.0	-0.25694072246551514
ood	AIME	xgboost	32	rmse	53.878448197737534	8.307947123958845	125.7071583828208	1.5239734253786534	2.388523600238984	16.440375419117537	131.4356390838772	1.0735892375995009	478.46122165228815
ood	AIME	xgboost	32	rounded_consistency	0.0	0.0	0.0	0.0	0.0	0.0	0.0	0.0	0.0
ood	AIME	xgboost	64	mae	19.467849705900466	7.667749404907227	33.57413903606938	1.1020531833171845	2.1916874647140503	11.754911422729492	61.84149780273444	0.6000295281410217	117.31448364257812
ood	AIME	xgboost	64	mse	7723.790751389095	73.63434982299805	23001.384718225843	2.0708961129188537	5.485834002494812	265.7096633911133	12500.54622802736	1.0688315629959106	89069.578125
ood	AIME	xgboost	64	r2	-5.541283241340092	-2.193609833717346	8.926489721902218	-9.608493661880493	-6.200485110282898	-0.7104507386684418	-0.30672214031219436	-35.740745544433594	0.0
ood	AIME	xgboost	64	rmse	37.79578317732461	8.51496592105756	79.34273454703813	1.4367124275449965	2.341549500718964	16.238037184098136	100.76577251189373	1.0338431036651117	298.44526822350525
ood	AIME	xgboost	64	rounded_consistency	0.0	0.0	0.0	0.0	0.0	0.0	0.0	0.0	0.0
ood	AIME	xgboost	128	mae	29.70478225818702	6.288353681564331	72.56184500812299	0.8201317369937897	1.4150719940662384	10.635053396224976	49.36352767944341	0.22363600134849548	285.2702941894531
ood	AIME	xgboost	128	mse	36467.32166045904	52.181236267089844	126946.41564993544	0.9178121149539948	2.5499459207057953	187.02862930297852	10868.06546630861	0.44767242670059204	493964.3125
ood	AIME	xgboost	128	r2	-4.055959454604557	-2.1139873266220093	5.646956279296815	-13.541071891784668	-3.8016064167022705	-0.6477722823619843	-0.2450947999954222	-17.505277633666992	0.0
ood	AIME	xgboost	128	rmse	65.4589923333255	7.223399262314091	179.39465427700088	0.9201996548849566	1.571520343578316	13.675623363661375	94.13871328949432	0.6690832733678164	702.8259475147456
ood	AIME	xgboost	128	rounded_consistency	0.0	0.0	0.0	0.0	0.0	0.0	0.0	0.0	0.0
ood	AIME	xgboost	256	mae	29.510309579283266	5.719846963882446	60.04775310927229	0.6319404184818268	1.242972046136856	10.590131759643555	112.77498130798355	0.006452532950788736	195.10345458984375
ood	AIME	xgboost	256	mse	45360.27649164742	43.17644119262695	117979.15071199571	0.6199612244963646	1.9844911992549896	216.6208724975586	147212.1106201174	0.0006069554365240037	423721.9375
ood	AIME	xgboost	256	r2	-762690928.8623769	-2.5343353748321533	2749921239.12083	-11.181707096099853	-4.872290134429932	-0.7922733426094055	-0.3408010125160213	-10677672960.0	-0.06006133556365967
ood	AIME	xgboost	256	rmse	85.41305734644153	6.5687138496450235	195.10224531353015	0.7063670769157618	1.3977728054164404	14.71340675844713	327.73365667003304	0.024636465585063206	650.93927328131
ood	AIME	xgboost	256	rounded_consistency	0.005494505494505495	0.0	0.019810721293758188	0.0	0.0	0.0	0.0	0.0	0.07692307692307693
ood	AIME	xgboost	512	mae	29.098203003206955	5.391262054443359	58.54623849493375	0.6577591359615326	1.2093062102794647	11.669560194015503	122.77609405517595	0.003954586572945118	174.34068298339844
ood	AIME	xgboost	512	mse	32722.835743686133	40.0739688873291	87317.01134281946	0.5482227653264999	1.8508362770080566	295.1920623779297	94835.88980712905	0.00023021108063403517	321583.65625
ood	AIME	xgboost	512	r2	-289279728.35797256	-2.22249698638916	1043012883.2817891	-8.982792472839355	-4.2562572956085205	-0.8906031548976898	-0.40018355846404985	-4049916160.0	-0.10474598407745361
ood	AIME	xgboost	512	rmse	72.9028104856472	6.325461693266218	165.55366491557942	0.7136032122486357	1.3478647836392552	17.174633825948305	263.1176235262761	0.01517270841458555	567.0834649767176
ood	AIME	xgboost	512	rounded_consistency	0.03398058252427184	0.0	0.12251873266139769	0.0	0.0	0.0	0.0	0.0	0.47572815533980584
ood	AIME	xgboost	1024	mae	26.468566387193277	5.431632041931152	54.813140133206275	0.6057186484336853	0.9575626999139786	11.108864307403564	86.88615798950207	0.002109160181134939	192.90943908691406
ood	AIME	xgboost	1024	mse	24581.11202088473	41.67470741271973	60000.86635440916	0.4666854292154312	1.33707857131958	242.9864044189453	119341.92478637715	0.00016061159840319306	172748.921875
ood	AIME	xgboost	1024	r2	-2.527973072869437	-1.1907650232315063	3.049126118526167	-6.415999460220337	-3.116396427154541	-0.7140306532382965	-0.14535282850265482	-11.060445785522461	0.0
ood	AIME	xgboost	1024	rmse	64.86026203885028	6.4186110689391	142.73842660312744	0.6669948792545698	1.1112704586879143	15.585117943588902	294.35390401514496	0.012673263131616617	415.63075183989935
ood	AIME	xgboost	1024	rounded_consistency	0.05261324041811847	0.0	0.18835097373107096	0.0	0.0	0.0	0.0034146341463414686	0.0	0.7317073170731707
ood	AIME	xgboost	2048	mae	21.89826252567582	5.166345238685608	43.97890876752235	0.5567270755767822	0.9343971163034439	10.792141675949097	68.52753658294687	0.004768660757690668	157.00408935546875
ood	AIME	xgboost	2048	mse	14255.044225635187	38.09219741821289	34915.73353308127	0.38677301704883577	1.3297257274389267	269.0132865905762	62592.77417297373	0.00039255499723367393	109266.0078125
ood	AIME	xgboost	2048	r2	-493278612.5445481	-1.4523353576660156	1778541321.8482735	-8.926248025894164	-4.079528570175171	-0.7198741137981415	-0.4067080140113827	-6905900544.0	-0.1058042049407959
ood	AIME	xgboost	2048	rmse	50.52562256646032	6.098232621657635	108.17673358863625	0.6168215734126725	1.1055140803056485	16.386419727916408	214.31626562178866	0.019813000712503744	330.55409211277356
ood	AIME	xgboost	2048	rounded_consistency	0.05313588850174216	0.0	0.19090873418332835	0.0	0.0	0.0	0.0017073170731707343	0.0	0.7414634146341463
ood	AIME	xrfm	32	mae	28.942918036665237	7.229226112365723	59.017963445472766	1.2111875414848328	1.8115354180335999	12.513447284698486	83.4702940940858	0.7210168838500977	216.8505096435547
ood	AIME	xrfm	32	mse	18706.987582662277	73.47625160217285	58868.60838218974	2.900570821762085	3.94068306684494	278.66124725341797	22235.58264770511	0.5245408415794373	228958.65625
ood	AIME	xrfm	32	r2	-3630023910555.8975	-3.011056900024414	13088237340632.273	-69.30989446640014	-7.186246752738953	-1.1607193350791931	-0.6911054134368896	-50820334747648.0	-0.25712478160858154
ood	AIME	xrfm	32	rmse	53.82753841689866	8.451968754828572	125.73616699517913	1.7030980711138373	1.9660970387120853	16.608914799538134	131.3624664754884	0.7242519185887167	478.49624476060416
ood	AIME	xrfm	32	rounded_consistency	0.0	0.0	0.0	0.0	0.0	0.0	0.0	0.0	0.0
ood	AIME	xrfm	64	mae	19.469791561365128	7.710682153701782	33.56260333702686	0.9947340011596679	1.729887992143631	11.642492294311523	61.71233806610114	0.8017056584358215	117.3975830078125
ood	AIME	xrfm	64	mse	7721.870339998177	76.83396911621094	23012.415500117084	1.853352916240692	3.605568528175354	261.8302001953125	12433.102471923845	0.73293137550354	89126.390625
ood	AIME	xrfm	64	r2	-4.489425591060093	-2.2866138219833374	6.576353047017085	-9.431557750701904	-4.206603050231934	-0.7510464191436768	-0.3045683622360225	-25.891088485717773	0.0
ood	AIME	xrfm	64	rmse	37.76996433872254	8.604555257204943	79.34292743433284	1.358474757538158	1.8957148488141764	16.139402410351515	100.53137938107568	0.856114113599081	298.54043381927346
ood	AIME	xrfm	64	rounded_consistency	0.0	0.0	0.0	0.0	0.0	0.0	0.0	0.0	0.0
ood	AIME	xrfm	128	mae	29.74726547087942	6.516678333282471	72.59872988559907	0.7791162967681885	1.3293801248073578	10.692031145095825	49.280867958068896	0.2313430905342102	285.48382568359375
ood	AIME	xrfm	128	mse	36487.49641116389	55.66661262512207	127022.82251868249	0.7802994519472123	2.275817722082138	189.06552124023438	10847.779559326187	0.4587464928627014	494261.0
ood	AIME	xrfm	128	r2	-3.9829192672457014	-2.000081181526184	5.364694572010302	-12.228424263000488	-3.4453229904174805	-0.6355474293231964	-0.24478613138198835	-17.963043212890625	0.0
ood	AIME	xrfm	128	rmse	65.5213306484766	7.460204352236762	179.4281238859084	0.8525932280697732	1.4872979117587364	13.750100617895818	94.07148651981916	0.6773082701862583	703.0369833799641
ood	AIME	xrfm	128	rounded_consistency	0.0	0.0	0.0	0.0	0.0	0.0	0.0	0.0	0.0
ood	AIME	xrfm	256	mae	29.592093415558338	5.785180568695068	60.07386449007343	0.5269703984260559	1.3044313788414001	10.741055965423584	112.94976549148575	0.2376941293478012	195.19480895996094
ood	AIME	xrfm	256	mse	45376.90571229479	43.77641677856445	118009.57093918648	0.6113925158977509	2.2934311032295227	222.59992218017578	147300.79023437522	0.19085778295993805	423803.5
ood	AIME	xrfm	256	r2	-586107472167.6555	-2.2014676332473755	2113240543821.0896	-11.745897483825683	-4.952171325683594	-0.9046495258808136	-0.34516211748123127	-8205504610304.0	-0.060265421867370605
ood	AIME	xrfm	256	rmse	85.53348155596562	6.616306623937747	195.09210451786632	0.7704177754585826	1.5007708297292328	14.918511650983552	327.8562866167357	0.4368727308495439	651.0019201200562
ood	AIME	xrfm	256	rounded_consistency	0.0	0.0	0.0	0.0	0.0	0.0	0.0	0.0	0.0
ood	AIME	xrfm	512	mae	29.007077222423895	5.232502698898315	58.57423976887461	0.7108617305755616	1.2244329154491425	11.659598112106323	122.54282035827654	0.03436286747455597	174.29702758789062
ood	AIME	xrfm	512	mse	32718.326511758245	39.78230667114258	87296.93805189118	0.6424522638320923	2.0506015717983246	295.1785659790039	94860.46027832045	0.05324877053499222	321485.84375
ood	AIME	xrfm	512	r2	-66911591280.73183	-1.9635063409805298	241253173273.85095	-12.272828102111816	-4.009318232536316	-0.882954865694046	-0.4006599426269527	-936762277888.0	-0.10440993309020996
ood	AIME	xrfm	512	rmse	72.90934616765925	6.30496459877183	165.53716728627043	0.7963278953373737	1.4229542598199747	17.174012744144154	263.1380692384769	0.23075695121705916	566.997216703927
ood	AIME	xrfm	512	rounded_consistency	0.004174353311878055	0.0	0.014998637210355409	0.0	0.0	0.0	0.00013196342727872583	0.0	0.05825242718446602
ood	AIME	xrfm	1024	mae	26.41837751210135	5.435220241546631	54.84546330811598	0.6528252482414245	0.897674947977066	11.109071016311646	86.77424411773693	0.004326728638261557	193.0084228515625
ood	AIME	xrfm	1024	mse	24600.952245148746	44.38754844665527	60044.53660643477	0.5445594966411591	1.2117623686790466	242.15681076049805	119405.83045349139	0.0008231780957430601	172920.40625
ood	AIME	xrfm	1024	r2	-2.7551795499665395	-1.208184838294983	3.7238445090819368	-8.995873403549194	-2.589899241924286	-0.7790749073028564	-0.14629238843917827	-11.910246849060059	0.0
ood	AIME	xrfm	1024	rmse	64.92966644848029	6.634566917497623	142.77636590149586	0.7335317459356195	1.094996051209375	15.559023834173457	294.60936824609246	0.028691080421327116	415.83699480685937
ood	AIME	xrfm	1024	rounded_consistency	0.003927934052859692	8.328375966686496e-05	0.012453681275165012	0.0	0.0	0.0012968471148126115	0.0014681737061273052	0.0	0.04878048780487805
ood	AIME	xrfm	2048	mae	21.86978691576847	5.3303062915802	43.99295733392344	0.5998110771179199	0.8923718184232712	10.819911479949951	68.24388723373421	0.005935098975896835	157.14439392089844
ood	AIME	xrfm	2048	mse	14257.810776083455	42.6330451965332	34919.307750903325	0.4607249885797501	1.2584572732448578	268.90646743774414	62574.03650512705	0.0009642372606322169	109314.265625
ood	AIME	xrfm	2048	r2	-1211645808.1828923	-1.3878371715545654	4368651079.519068	-9.8684588432312	-4.001965939998627	-0.8078064620494843	-0.41040732860565143	-16963041280.0	-0.10539090633392334
ood	AIME	xrfm	2048	rmse	50.60981354244258	6.509199251634685	108.15016204002035	0.6780246705945991	1.1126522852569143	16.382999373296354	214.41031894040066	0.03105216998266332	330.6270793885462
ood	AIME	xrfm	2048	rounded_consistency	0.002107164102999915	0.0	0.006209996374820716	0.0	0.0	0.0010336109458655564	0.0017192147531231415	0.0	0.024390243902439025
ood	GSM8K	catboost	32	mae	3.199675436889835	2.6715889154478605	2.297215719327042	1.7039323582908366	2.0319168760564774	3.529679864277017	4.601875545906726	1.1357125970906075	20.35407515088508
ood	GSM8K	catboost	32	mse	19.924970928434227	7.895709329423914	60.203872764546844	3.0989392539221896	4.471486701870961	14.245163208111741	24.00382458067978	1.4511138831978616	580.865389518862
ood	GSM8K	catboost	32	r2	-19.78835134787413	-8.674995211824164	39.15485235863266	-31.33559233621062	-16.69028566173532	-4.797609706176249	-3.1512242240961297	-266.34861739732014	0.0
ood	GSM8K	catboost	32	rmse	3.5013514902424068	2.8098130511963717	2.7686655034892733	1.7603592951484741	2.114554294129208	3.77427568742392	4.898812900248118	1.2046218839112386	24.101149132745974
ood	GSM8K	catboost	32	rounded_consistency	0.0	0.0	0.0	0.0	0.0	0.0	0.0	0.0	0.0
ood	GSM8K	catboost	64	mae	3.002919385661262	2.5525750961961964	2.0601410306755294	1.5642476125905933	1.8769587913385917	3.406086052353541	4.27573229421435	1.0756768084053432	17.167896686971126
ood	GSM8K	catboost	64	mse	17.746192252036227	7.696577950523103	44.56751520427501	2.7930094985556977	3.9670331732422457	13.531055703831935	25.411447901559388	1.318272789693574	397.74587618951745
ood	GSM8K	catboost	64	r2	-14.0996838046712	-7.4264936091117955	27.705348263742657	-19.398630054030843	-10.158600769169283	-4.455067799395561	-2.8089255126812507	-185.54490290389268	0.0
ood	GSM8K	catboost	64	rmse	3.348309238220418	2.773636697517312	2.5563680285287624	1.6711896155444648	1.9917162225248857	3.6783927203737	5.040560697454187	1.1481606114536302	19.943567288464656
ood	GSM8K	catboost	64	rounded_consistency	0.0	0.0	0.0	0.0	0.0	0.0	0.0	0.0	0.0
ood	GSM8K	catboost	128	mae	2.8007378727727685	2.2681410961172475	2.1386879203942866	1.2557970273285448	1.5924171263057492	3.0321012546635164	4.503356161037321	0.8416440573044164	16.700435724684635
ood	GSM8K	catboost	128	mse	16.661807181018435	5.858909254872436	39.917504283954145	1.881966976798677	3.075285200668731	11.220608098851763	26.666063334493238	0.8810849689527659	332.40660934309795
ood	GSM8K	catboost	128	r2	-11.252413019572684	-5.218910465330556	22.332127409412358	-14.270848939117519	-7.9953717731991345	-3.508061783641109	-2.5538588027290228	-141.21070904979024	0.0
ood	GSM8K	catboost	128	rmse	3.1728757548314035	2.420498801098952	2.5680082993287785	1.3716677532111547	1.753645632978452	3.3497172209675385	5.163834858265096	0.9386612642230241	18.232021537478996
ood	GSM8K	catboost	128	rounded_consistency	0.0	0.0	0.0	0.0	0.0	0.0	0.0	0.0	0.0
ood	GSM8K	catboost	256	mae	2.497932453406193	2.0064163322618205	1.8916802157812664	1.1517483692449413	1.4498740716974532	2.794581552844343	4.279722671076171	0.6361168523053384	13.812813857538194
ood	GSM8K	catboost	256	mse	14.244879570419148	4.800980828601018	32.465779234736715	1.5553329126108622	2.70216388572338	11.426313636960813	23.133032947477684	0.49628825097283114	241.5370517924253
ood	GSM8K	catboost	256	r2	-8.015976410533804	-3.999989977599542	16.279680710326343	-9.346373331342784	-5.493922816534361	-2.8318895308123677	-1.9547562164399985	-98.29568573269603	0.0
ood	GSM8K	catboost	256	rmse	2.9242771600289155	2.191094535117907	2.3861019805851496	1.2471228501781269	1.643823967617297	3.3802691272295675	4.8064657743776715	0.7044772891817246	15.541462344078992
ood	GSM8K	catboost	256	rounded_consistency	0.000576923076923077	0.0	0.004261253808876989	0.0	0.0	0.0	0.0	0.0	0.038461538461538464
ood	GSM8K	catboost	512	mae	2.2429597033314432	1.7484882383132918	1.925952339405867	0.8878716318401855	1.1636295579799416	2.4943343207237154	3.8847661034607057	0.5501251489229291	15.628839045316981
ood	GSM8K	catboost	512	mse	13.244461519728286	3.7961923450668547	37.98507690009595	1.0530106590148283	1.7577812969628204	9.160882885876095	26.778843245054325	0.3958954213341834	351.3635896840497
ood	GSM8K	catboost	512	r2	-6.331358194708884	-2.8069576208469003	14.788653834368402	-7.540221694447372	-4.399281299587858	-2.0568802104205943	-1.5732009634884065	-95.37227501775409	0.0
ood	GSM8K	catboost	512	rmse	2.6983908633980875	1.9482997810547875	2.441955828441212	1.0261579056870842	1.3258134118228255	3.026694977370185	5.17482489788051	0.6292022102108219	18.74469497442009
ood	GSM8K	catboost	512	rounded_consistency	0.0006796116504854369	0.0	0.005866359743697396	0.0	0.0	0.0	0.0	0.0	0.05825242718446602
ood	GSM8K	catboost	1024	mae	2.024519618971202	1.5113580688362327	2.0532251707914906	0.7710682983364335	1.0085914306954322	2.2933825213899515	3.463996101279485	0.5055152144603831	17.660803585616957
ood	GSM8K	catboost	1024	mse	12.98363862109603	3.0741408047700114	45.05524565680209	0.7784240116329944	1.4961406835108226	8.368519092727585	20.781805315853813	0.3258716947552043	431.8724752005172
ood	GSM8K	catboost	1024	r2	-4.743600020377149	-2.0130178413322666	12.292972455612409	-5.730846567795095	-3.7294534231915284	-1.3778606257679407	-1.061961702840075	-89.36889419936664	0.0
ood	GSM8K	catboost	1024	rmse	2.5207635265949118	1.7532374203535688	2.5747601566135856	0.8822833973822823	1.223168202122956	2.892835542928613	4.558077181339745	0.5708517274697558	20.781541694506622
ood	GSM8K	catboost	1024	rounded_consistency	0.0021951219512195124	0.0	0.007937141509889258	0.0	0.0	0.0	0.004878048780487805	0.0	0.06341463414634146
ood	GSM8K	catboost	2048	mae	1.849169494035227	1.3277781411934142	2.0662465267097936	0.618484762326886	0.8310051248530685	2.035437104954032	3.3748150423847245	0.3946220497820878	18.20128208035191
ood	GSM8K	catboost	2048	mse	12.363874267850017	2.557179793251257	47.40623709974201	0.5247749539089652	1.2009192951493342	6.550976458718054	19.29550723413833	0.20306346076678114	461.04751436090936
ood	GSM8K	catboost	2048	r2	-3.8852257157558063	-1.4602893221481112	11.044393060523033	-4.4549730007446815	-3.203736426794363	-0.9991338065223376	-0.7417784655544638	-88.48193710552286	0.0
ood	GSM8K	catboost	2048	rmse	2.3685322369180293	1.5991084577359276	2.598832297500186	0.7243933751507645	1.095782691518034	2.5593266548803593	4.385686821380889	0.4506256326117958	21.472017007279717
ood	GSM8K	catboost	2048	rounded_consistency	0.005	0.0	0.0181322230679222	0.0	0.0	0.0	0.007560975609756119	0.0	0.13658536585365855
ood	GSM8K	icl_llm	32	mae	21295.239863333336	12.428571428571429	170628.68972843653	0.0	0.0	79.71071428571427	524.9642857142906	0.0	1705442.857142857
ood	GSM8K	icl_llm	32	mse	31807373039.163876	192.71428571428572	309043806287.515	0.0	0.0	6718.881785714286	520833.24642858905	0.0	3106352844285.7144
ood	GSM8K	icl_llm	32	r2	-14.011786298278949	0.6272705436348316	44.82478300230141	-23.571121794871793	-8.300648341404887	1.0	1.0	-365.3333333333335	1.0
ood	GSM8K	icl_llm	32	rmse	22843.62559389534	13.881409415568882	176877.19414579653	0.0	0.0	81.78528756686667	657.9680215994025	0.0	1762484.8493776377
ood	GSM8K	icl_llm	32	rounded_consistency	0.44428571428571423	0.14285714285714285	0.48060123909578945	0.0	0.0	1.0	1.0	0.0	1.0
ood	GSM8K	icl_llm	64	mae	28474.805296370294	29.76923076923077	188288.8966080289	0.0	0.0	150.23076923076923	2064.3072307692314	0.0	1783750.0
ood	GSM8K	icl_llm	64	mse	43138646301.638626	967.1538461538462	361474882461.85345	0.0	0.0	29493.346153846156	9087102.897249237	0.0	3590525714038.4614
ood	GSM8K	icl_llm	64	r2	-22.14749112743609	-1.295148691930489	69.99876507690074	-56.90005803279767	-12.06477723523688	1.0	1.0	-537.6333333333333	1.0
ood	GSM8K	icl_llm	64	rmse	32548.212433495428	31.099097191941862	205132.29918523965	0.0	0.0	171.02171002436387	3011.0027815806166	0.0	1894868.257699849
ood	GSM8K	icl_llm	64	rounded_consistency	0.38073038073038074	0.0	0.47649600365654265	0.0	0.0	1.0	1.0	0.0	1.0
ood	GSM8K	icl_llm	128	mae	1145.9407824933685	19.153846153846153	6713.086937554345	0.0	0.0	96.49692307692308	359.0076923076925	0.0	60155.42307692308
ood	GSM8K	icl_llm	128	mse	49677035.22871276	484.7692307692308	400702055.95698243	0.0	0.0	11026.692307692309	153817.06153846157	0.0	3731137439.3461537
ood	GSM8K	icl_llm	128	r2	-17.940919247916902	-1.2498166495069714	44.24648624502992	-50.15897713355332	-13.107716732430639	1.0	1.0	-229.58749999999998	1.0
ood	GSM8K	icl_llm	128	rmse	1235.0586474834363	22.017475576669337	6939.140102778524	0.0	0.0	104.90965571673217	392.1750244621594	0.0	61083.037247227265
ood	GSM8K	icl_llm	128	rounded_consistency	0.392130857648099	0.0	0.4852037423384755	0.0	0.0	1.0	1.0	0.0	1.0
ood	GSM8K	lightgbm	32	mae	3.6463844266845853	3.077614598476461	2.345809454764716	2.0455582337757305	2.4994732176406043	3.9618343628730095	5.236417078918646	1.4843050844541616	21.050927583628464
ood	GSM8K	lightgbm	32	mse	23.25099391686285	10.259685913361135	63.56975614388176	4.352168984796002	6.528694064075429	17.67851673333616	31.128607769208983	2.2151833569567208	612.4691847870818
ood	GSM8K	lightgbm	32	r2	-24.700911632760576	-12.19393776649527	39.31685865095437	-53.2135704787368	-23.55208786305286	-7.049282778751181	-3.673925074181192	-254.6467520479649	0.0
ood	GSM8K	lightgbm	32	rmse	3.9201840809634585	3.203074079815125	2.8076949065422934	2.08618404352287	2.5550526362854926	4.20454438506495	5.579229897624361	1.4883492053132963	24.74811477238381
ood	GSM8K	lightgbm	32	rounded_consistency	0.0	0.0	0.0	0.0	0.0	0.0	0.0	0.0	0.0
ood	GSM8K	lightgbm	64	mae	2.7335254264883924	2.1729172212399206	2.139764394375495	1.2910526232098278	1.5931991915140054	3.1264402804163827	4.398700871275602	0.6723303628040694	17.286143314673254
ood	GSM8K	lightgbm	64	mse	16.364257353363957	5.506603093584518	44.686196073908754	1.7422194643471058	2.9905143032759285	12.093865796710798	26.46600521030043	0.6627346772481437	399.10959558801676
ood	GSM8K	lightgbm	64	r2	-12.354172499285067	-4.9263955247253275	27.99115734873631	-15.833914678142307	-8.330555975709755	-3.3163100235348355	-2.387929032572589	-183.81227411619676	0.0
ood	GSM8K	lightgbm	64	rmse	3.0902171877823377	2.346576942316662	2.6105200795432664	1.3199314780160565	1.7293043898830416	3.477623046106006	5.144508293224655	0.8140851781282741	19.97772748808074
ood	GSM8K	lightgbm	64	rounded_consistency	0.006153846153846154	0.0	0.03205025639384562	0.0	0.0	0.0	0.0	0.0	0.23076923076923078
ood	GSM8K	lightgbm	128	mae	2.410798363481033	1.8572776265289301	2.164639369718574	0.8663174537494114	1.2536233431850303	2.625208074027928	4.070169431200468	0.3416874382484245	16.641465735395442
ood	GSM8K	lightgbm	128	mse	14.439293937935815	4.003472398870797	39.31724522456642	0.9217941206185509	1.9061392769887824	8.970598815905088	22.56230104521658	0.14080357268702526	331.0577446346414
ood	GSM8K	lightgbm	128	r2	-8.922922649270122	-3.353003593990685	23.450033161469168	-10.671114459054747	-4.60604605535554	-2.1045622221128566	-1.3542872645565809	-173.29775713134939	0.0
ood	GSM8K	lightgbm	128	rmse	2.7763931633510497	2.00075751355065	2.5944045444828685	0.9598748898749198	1.3806296749163507	2.993663757423615	4.747838176718809	0.37523802137713236	18.194992295536743
ood	GSM8K	lightgbm	128	rounded_consistency	0.002307692307692308	0.0	0.011941672843276942	0.0	0.0	0.0	0.0	0.0	0.07692307692307693
ood	GSM8K	lightgbm	256	mae	2.1721253454118044	1.61422115039568	1.8745033212565523	0.8282820609212556	1.1164343747567285	2.455159535868913	3.7335817678817023	0.39826738575435205	13.64035372640211
ood	GSM8K	lightgbm	256	mse	12.266065596347177	3.4452656691191486	30.956360652478214	0.8651376010532821	1.630011651296612	8.528928951444597	18.914103425040842	0.2038656555266059	237.46467712754657
ood	GSM8K	lightgbm	256	r2	-6.124096370380557	-2.3554238999825303	15.42793122456755	-7.46815301190875	-3.260485263653276	-1.5917687014926964	-1.2247652961118378	-100.45923749641075	0.0
ood	GSM8K	lightgbm	256	rmse	2.57884322283285	1.8560087657306243	2.3697327335368983	0.9300978052136327	1.2767115865197711	2.9204145443612655	4.345224606219014	0.4515148453003577	15.409888939494229
ood	GSM8K	lightgbm	256	rounded_consistency	0.0015384615384615385	0.0	0.010058997562016942	0.0	0.0	0.0	0.0	0.0	0.09615384615384616
ood	GSM8K	lightgbm	512	mae	2.0378842785687676	1.502887851531098	1.8838247804119936	0.7478226193715841	1.0158672635614119	2.1463765029719486	3.7785647058643064	0.45001890782499737	15.268583076945223
ood	GSM8K	lightgbm	512	mse	11.799390260404081	2.953226317650123	36.3712668513467	0.7679407547685339	1.4030650588601818	6.918570977738273	24.80019315295947	0.2648830224630632	338.7666441887325
ood	GSM8K	lightgbm	512	r2	-5.0852838321632	-1.8840570868031004	13.202763339888289	-7.401422583811575	-2.5568198803343023	-1.5094275272737372	-1.089326121926988	-85.83705122000686	0.0
ood	GSM8K	lightgbm	512	rmse	2.4558242426952424	1.7184944094624865	2.4017321976845003	0.8762131486489345	1.1845008277732925	2.6303003225461237	4.979968084626131	0.5146678758802256	18.405614474630628
ood	GSM8K	lightgbm	512	rounded_consistency	0.001262135922330097	0.0	0.00638935277039724	0.0	0.0	0.0	0.0	0.0	0.05825242718446602
ood	GSM8K	lightgbm	1024	mae	1.9608746144648759	1.3861359913452618	2.010468980020389	0.7017869628500326	0.9695305119438373	2.118434746947123	3.463194176233855	0.49397758093256217	17.195441771594115
ood	GSM8K	lightgbm	1024	mse	12.191591863306767	2.5154293155575087	43.13178631322578	0.6475623816852994	1.2869657872653335	6.555740403527073	21.073285937426682	0.30622476792104564	413.4681603109244
ood	GSM8K	lightgbm	1024	r2	-4.0769050314471285	-1.6832982266794099	10.65516506586271	-5.454908485899522	-2.354644925540545	-1.288152717772852	-1.0433448708385813	-82.78514381300292	0.0
ood	GSM8K	lightgbm	1024	rmse	2.403841459717975	1.5859717945913319	2.532417441862168	0.8047083485907711	1.134321027456717	2.5603839160904087	4.590563743690538	0.5533757926771333	20.33391650201516
ood	GSM8K	lightgbm	1024	rounded_consistency	0.0019024390243902439	0.0	0.0065770498531613425	0.0	0.0	0.0	0.004878048780487805	0.0	0.05365853658536585
ood	GSM8K	lightgbm	2048	mae	1.883584881855358	1.3284629981849685	2.0285525488965503	0.6521522365532062	0.9458188241607389	2.0995781649251075	3.4565301287814263	0.4744384801380699	17.72573022167531
ood	GSM8K	lightgbm	2048	mse	12.025049001586014	2.4177007610135686	45.50489429644073	0.561442061429552	1.2653806525131628	6.8002160969441805	21.593036722002378	0.29155205387545363	442.11103673940283
ood	GSM8K	lightgbm	2048	r2	-3.4565973866669704	-1.605982597085834	9.055630492173632	-3.528059557380753	-2.0527588982040914	-1.20016009678874	-0.9757101328436488	-74.98907127260034	0.0
ood	GSM8K	lightgbm	2048	rmse	2.341056913183058	1.5548918655350146	2.5582223380355016	0.749289287878655	1.1248905480136653	2.607554134159477	4.643755210029626	0.5399556036151988	21.026436615351706
ood	GSM8K	lightgbm	2048	rounded_consistency	0.003024390243902439	0.0	0.009817610953305191	0.0	0.0	0.0	0.007317073170731708	0.0	0.06097560975609756
ood	GSM8K	random_forest	32	mae	2.9338933887116387	2.494279337013406	2.231670311815282	1.412093087377293	1.7757435659396328	3.3388549270443617	4.105607784720886	0.8009387798479626	19.710627023730428
ood	GSM8K	random_forest	32	mse	17.89726807582451	7.048925965920312	57.2344958135015	2.4008154029012956	3.416082990268622	13.012853674068644	21.698220870665676	0.7260186003729828	554.4481955822881
ood	GSM8K	random_forest	32	r2	-16.383284666873628	-6.662477693154073	35.08800280757772	-22.39362529802106	-13.953617627587139	-3.877335624292625	-2.6790859555323623	-262.40411640327454	0.0
ood	GSM8K	random_forest	32	rmse	3.2485933244900087	2.654980379554228	2.7099648499387325	1.5491197876142813	1.8482637430870552	3.6072522399704314	4.658134546197025	0.8520672510858417	23.546723669807825
ood	GSM8K	random_forest	32	rounded_consistency	0.0	0.0	0.0	0.0	0.0	0.0	0.0	0.0	0.0
ood	GSM8K	random_forest	64	mae	2.800530527418635	2.319169761738606	2.013459861256665	1.369677866070431	1.7265242505205363	3.2642388937246194	4.182752142331406	0.6098613337920262	16.631378377263363
ood	GSM8K	random_forest	64	mse	16.1490130347698	6.313823113199247	42.00392980452784	2.0831745784859623	3.3865690511818585	12.239857886653963	22.51765054638835	0.46290413616741827	377.8150962506704
ood	GSM8K	random_forest	64	r2	-12.032491385826582	-5.222816668309238	25.28613253391044	-16.165656055536587	-8.09219734622377	-3.849793295820202	-2.337939011107324	-168.84080576834103	0.0
ood	GSM8K	random_forest	64	rmse	3.140840083497667	2.5126810536248905	2.506818023843009	1.443246509656881	1.8402509584073976	3.4985423503067583	4.744635657931907	0.6803705873767754	19.43746630223884
ood	GSM8K	random_forest	64	rounded_consistency	0.0	0.0	0.0	0.0	0.0	0.0	0.0	0.0	0.0
ood	GSM8K	random_forest	128	mae	2.694969388665442	2.1090943834502607	2.1068882045883126	1.1578992906570436	1.4708367640888276	3.0527044582680007	4.428527552119685	0.5983188541302313	16.214745216703758
ood	GSM8K	random_forest	128	mse	15.737397586081808	5.34010923214945	38.20233520432028	1.5278686466169362	2.5483989084409093	11.075066746801777	25.803611228106984	0.4086593897199436	316.32197666154764
ood	GSM8K	random_forest	128	r2	-10.274834037730955	-4.29620351017173	21.513598582637826	-13.147926080024849	-6.85411389743221	-3.0884634011316443	-2.1378659484029545	-135.58808926455117	0.0
ood	GSM8K	random_forest	128	rmse	3.0469051004815304	2.310867631944637	2.5404265182723638	1.2360109682138012	1.5963694736511003	3.327921068484377	5.079652737896748	0.6392647258530253	17.785442830066042
ood	GSM8K	random_forest	128	rounded_consistency	0.0	0.0	0.0	0.0	0.0	0.0	0.0	0.0	0.0
ood	GSM8K	random_forest	256	mae	2.516631512537748	1.9894156787730037	1.872338882814153	1.0722366401537395	1.4715651811837631	2.8678247441462204	4.409761157711116	0.508883134988638	13.554991865801124
ood	GSM8K	random_forest	256	mse	14.047593001776843	4.581327965879513	31.54206888325686	1.43893465434954	2.6629731745808165	11.596457776968698	24.46175595463587	0.3229701987136495	233.74286930043627
ood	GSM8K	random_forest	256	r2	-8.1141616394987	-3.645603566458492	16.48710135839978	-10.114800113048856	-5.125297052964693	-2.6726002806978566	-2.0572757415315475	-95.1977491535107	0.0
ood	GSM8K	random_forest	256	rmse	2.907395308940721	2.1403453725918564	2.365300302144811	1.1994333572254485	1.6312572896368889	3.4053473201613955	4.944523744063978	0.5683046706773133	15.288651650830307
ood	GSM8K	random_forest	256	rounded_consistency	0.0001923076923076923	0.0	0.0019134373790511924	0.0	0.0	0.0	0.0	0.0	0.019230769230769232
ood	GSM8K	random_forest	512	mae	2.4027999055472815	1.9107384614732468	1.9144502740209695	0.9911386195294668	1.372554234036561	2.575711386007989	4.147677293025669	0.4913650831273458	15.41177908741386
ood	GSM8K	random_forest	512	mse	13.72595421383713	4.3201710963424365	37.26188528785415	1.2451803786331772	2.234561570303013	9.449607740839529	27.798539750932502	0.3155904038328914	343.47588337624626
ood	GSM8K	random_forest	512	r2	-7.220235996378749	-3.3508707615419295	15.493482885885548	-9.811782973364862	-4.214290035797526	-2.4922715639288833	-1.7290063028694882	-92.15512508190557	0.0
ood	GSM8K	random_forest	512	rmse	2.803652693346761	2.078280550367844	2.421876501584377	1.115813821765271	1.4946485362341564	3.0687960670632917	5.272259429054705	0.5617743353277109	18.53310236782407
ood	GSM8K	random_forest	512	rounded_consistency	0.0	0.0	0.0	0.0	0.0	0.0	0.0	0.0	0.0
ood	GSM8K	random_forest	1024	mae	2.3142409666684403	1.7515010909445494	2.0605805424843386	0.912842801236899	1.283654345496526	2.577727623033742	3.953425915610117	0.4878952285824752	17.38595154852518
ood	GSM8K	random_forest	1024	mse	14.12518916026978	3.7162226312502256	44.240200338273056	1.0916725069048936	1.9407435609186199	9.602344806043869	25.686821436690774	0.303065466299569	420.4321991983274
ood	GSM8K	random_forest	1024	r2	-6.016488966241241	-2.8131148016006913	13.198535684169837	-6.924701157576998	-3.710561036403165	-2.330268546328297	-1.6223760642412801	-89.84193399716415	0.0
ood	GSM8K	random_forest	1024	rmse	2.740311968320108	1.9276743334952613	2.5721351979535125	1.0447282538899527	1.3930858448481205	3.0987585601872136	5.068205112981116	0.5505138202620975	20.50444340132956
ood	GSM8K	random_forest	1024	rounded_consistency	0.0002926829268292683	0.0	0.0018015790548896963	0.0	0.0	0.0	0.0	0.0	0.014634146341463415
ood	GSM8K	random_forest	2048	mae	2.2272786339164226	1.6637858740519245	2.0718022736453596	0.8557162208744058	1.233018431459815	2.488992346300003	3.906074531883982	0.4633269836268774	17.8179856124686
ood	GSM8K	random_forest	2048	mse	13.828327330740041	3.481910426471768	46.16363995790604	0.9585450525755339	1.9728783366492575	8.332658661743901	25.116092460231783	0.2809911545774627	445.1370220396405
ood	GSM8K	random_forest	2048	r2	-5.53850208228355	-2.656389954990341	12.81614945625599	-6.574175839424154	-3.276019995070296	-2.140543278059147	-1.492127878813649	-90.68087600964101	0.0
ood	GSM8K	random_forest	2048	rmse	2.66794098984871	1.8659393333804402	2.590447491346838	0.9789491126366473	1.4044106241385277	2.886358172283981	5.011564948991821	0.5300859879090021	21.098270593573314
ood	GSM8K	random_forest	2048	rounded_consistency	0.0014878048780487807	0.0	0.006889067458383826	0.0	0.0	0.0	0.0024390243902439024	0.0	0.05609756097560976
ood	GSM8K	realmlp	32	mae	2.927106527686119	2.471383571624756	2.212248623873775	1.3728830337524414	1.7975740134716034	3.1870404481887817	4.329824399948121	0.9972192645072937	19.2869930267334
ood	GSM8K	realmlp	32	mse	17.82446772813797	7.009883880615234	55.82011512155653	2.2379753947257996	3.6258020401000977	12.143909931182861	22.305146980285656	1.2657277584075928	536.3814086914062
ood	GSM8K	realmlp	32	r2	-17.284588997364043	-7.419422626495361	39.548785387988445	-23.786263275146485	-14.199806213378906	-3.896088480949402	-2.269133949279784	-282.6337585449219	0.0
ood	GSM8K	realmlp	32	rmse	3.250359940565576	2.647416862835718	2.6943696823013195	1.4953158624055198	1.9041108682710717	3.484776065719972	4.722646548899951	1.1250456694763964	23.15990951388641
ood	GSM8K	realmlp	32	rounded_consistency	0.0014285714285714286	0.0	0.01421410624438028	0.0	0.0	0.0	0.0	0.0	0.14285714285714285
ood	GSM8K	realmlp	64	mae	2.714112286567688	2.2176471948623657	1.9671714742284456	1.2462784051895142	1.616057574748993	3.1524486541748047	4.112962102890015	0.817970871925354	16.136457443237305
ood	GSM8K	realmlp	64	mse	15.504007678627968	5.733833074569702	40.360244816326464	1.7751587271690368	3.0647303462028503	11.051224946975708	22.633599472045915	0.7975530028343201	358.79205322265625
ood	GSM8K	realmlp	64	r2	-11.484868633747102	-5.508084774017334	25.33154943448393	-16.82080955505371	-7.773301839828491	-3.6591957807540894	-2.322125005722045	-199.06607055664062	0.0
ood	GSM8K	realmlp	64	rmse	3.069891562391756	2.3945326184661795	2.465719666503852	1.3323501557734336	1.7505213797488057	3.324013322099483	4.756990200415836	0.8930582303715251	18.94180702104887
ood	GSM8K	realmlp	64	rounded_consistency	0.0015384615384615385	0.0	0.015307499032409539	0.0	0.0	0.0	0.0	0.0	0.15384615384615385
ood	GSM8K	realmlp	128	mae	2.5746357196569445	2.005739450454712	2.0486359555035834	1.0636922359466552	1.4357487559318542	2.9179471731185913	4.332888650894165	0.5119369029998779	15.583864212036133
ood	GSM8K	realmlp	128	mse	14.816002922654151	4.718770980834961	36.20415824895867	1.3158232808113097	2.4791147708892822	9.86721134185791	26.484505081176763	0.36148983240127563	296.3372497558594
ood	GSM8K	realmlp	128	r2	-2694379114341.9434	-4.348378896713257	26808733695628.625	-14.478058052062988	-5.688022971153259	-2.8767061829566956	-2.0848041296005246	-269437911433216.0	-1.0884923934936523
ood	GSM8K	realmlp	128	rmse	2.9399677272830846	2.172239314245116	2.4844703027382087	1.1470676223534795	1.5745204123712007	3.1400670544507916	5.146260379953222	0.6012402451610135	17.214448865875998
ood	GSM8K	realmlp	128	rounded_consistency	0.0026923076923076926	0.0	0.012468896213421022	0.0	0.0	0.0	0.0	0.0	0.07692307692307693
ood	GSM8K	realmlp	256	mae	2.2742632538080216	1.7992125153541565	1.7957455901562578	0.9631098985671998	1.2581727206707	2.6899664998054504	3.789891958236698	0.3830766975879669	12.532418251037598
ood	GSM8K	realmlp	256	mse	12.4637096747756	4.012362480163574	28.83848722178194	1.0935514569282532	1.979341983795166	9.544217348098755	20.90252914428712	0.2010534703731537	205.83363342285156
ood	GSM8K	realmlp	256	r2	-845361971206.7305	-2.8111608028411865	8411245411516.206	-9.629526138305662	-3.973966360092163	-2.02278333902359	-1.5463064432144162	-84536197120000.0	-0.5229277610778809
ood	GSM8K	realmlp	256	rmse	2.6815076758288683	2.003080241071155	2.2963506394378146	1.0457292201176858	1.406855937563733	3.089021736281415	4.571737993049084	0.4483898642622887	14.346903269446392
ood	GSM8K	realmlp	256	rounded_consistency	0.0021153846153846158	0.0	0.010496195422303994	0.0	0.0	0.0	0.0	0.0	0.09615384615384616
ood	GSM8K	realmlp	512	mae	2.065845694541931	1.6259636878967285	1.8456318806086238	0.6940246403217316	1.0486844778060913	2.2280266880989075	3.965200161933899	0.3280092179775238	14.621932983398438
ood	GSM8K	realmlp	512	mse	11.791963433027268	3.4264020919799805	34.439481211684424	0.6704241573810578	1.4146603047847748	7.132007718086243	26.319386672973636	0.1509435772895813	317.7497863769531
ood	GSM8K	realmlp	512	r2	-5.47997755408287	-1.9961742162704468	16.078727630543604	-5.032443952560424	-2.937689185142517	-1.5304181575775146	-1.227592396736145	-105.43045043945312	0.0
ood	GSM8K	realmlp	512	rmse	2.4907714529335694	1.8509400608357325	2.3638995330340213	0.8187895599749342	1.1893894415856137	2.669492241286151	5.1302395373698415	0.38851457796275973	17.825537477926243
ood	GSM8K	realmlp	512	rounded_consistency	0.0033009708737864072	0.0	0.01780805906518058	0.0	0.0	0.0	0.009708737864077669	0.0	0.17475728155339806
ood	GSM8K	realmlp	1024	mae	1.9142267519235612	1.3856894373893738	2.007928331213841	0.5914927065372467	0.8967961072921753	2.0932000875473022	3.5213567495346076	0.2798175811767578	16.821155548095703
ood	GSM8K	realmlp	1024	mse	12.094530540704728	2.634629487991333	42.10617506335876	0.48190272450447086	1.1439309120178223	7.373067378997803	22.26842937469483	0.10818171501159668	400.9640197753906
ood	GSM8K	realmlp	1024	r2	-278712255778.4327	-1.6851025819778442	2773151930634.5605	-3.598999214172363	-2.279218912124634	-1.183868646621704	-0.9447958588600157	-27871225577472.0	-0.32218194007873535
ood	GSM8K	realmlp	1024	rmse	2.3790785266803165	1.6231300574782312	2.5366347597936407	0.6940190568975713	1.0689980641176937	2.715338129456652	4.718911374835275	0.32890988889298645	20.02408599101069
ood	GSM8K	realmlp	1024	rounded_consistency	0.006682926829268293	0.0	0.028331806423262794	0.0	0.0	0.0	0.00975609756097561	0.0	0.22926829268292684
ood	GSM8K	realmlp	2048	mae	1.8062944501638412	1.256374716758728	2.04041649622148	0.5480640679597855	0.8566897660493851	1.8955413103103638	3.42760593891144	0.2817832827568054	17.50001335144043
ood	GSM8K	realmlp	2048	mse	11.96846290871501	2.2993924617767334	45.03874674271697	0.43554334640502934	1.0055981874465942	6.8578057289123535	21.871360015869165	0.13718679547309875	435.4493408203125
ood	GSM8K	realmlp	2048	r2	-166089006779.14075	-1.4994664192199707	1652564751839.2632	-2.7233279943466187	-1.9448681473731995	-1.09804368019104	-0.9354057788848876	-16608900677632.0	-0.27321672439575195
ood	GSM8K	realmlp	2048	rmse	2.300372678581949	1.51637089445674	2.5839404885462662	0.6591263598411398	1.0027944771937554	2.6187388135955953	4.675954576643254	0.3703873586842547	20.867422955897368
ood	GSM8K	realmlp	2048	rounded_consistency	0.010048780487804878	0.0	0.035830056940630566	0.0	0.0	0.004878048780487805	0.027073170731707338	0.0	0.3121951219512195
ood	GSM8K	tabm	32	mae	2.413408145606518	2.1255364418029785	1.5840385551996248	0.9257187962532044	1.4324473440647125	2.9362034797668457	3.8235722303390505	0.4683626592159271	10.057412147521973
ood	GSM8K	tabm	32	mse	11.030539077371358	4.939021587371826	20.855364743687073	0.954308420419693	2.2964346408843994	9.610021591186523	18.40745372772217	0.24948890507221222	124.94482421875
ood	GSM8K	tabm	32	r2	-12.903989406228066	-4.034655332565308	33.30110998395888	-19.291876602172852	-8.956441879272461	-2.252201795578003	-0.7641500711441034	-245.58236694335938	0.36445558071136475
ood	GSM8K	tabm	32	rmse	2.690998515486449	2.2222719919418177	1.946552354040621	0.9768734511429105	1.5151575115220925	3.1000024412762914	4.29035288297862	0.4994886435868309	11.177872079190655
ood	GSM8K	tabm	32	rounded_consistency	0.0	0.0	0.0	0.0	0.0	0.0	0.0	0.0	0.0
ood	GSM8K	tabm	64	mae	2.030931751728058	1.5809657573699951	1.444568085052414	0.6884802103042602	1.1555419266223907	2.480737626552582	3.569307637214666	0.30030566453933716	8.048200607299805
ood	GSM8K	tabm	64	mse	9.044493441954256	3.3716440200805664	18.29640230582762	0.5619430363178253	1.6822296679019928	7.235517978668213	15.723861408233695	0.10431113839149475	129.27464294433594
ood	GSM8K	tabm	64	r2	-7.662231324315071	-2.3344379663467407	21.979664955352572	-13.133095073699952	-4.026145815849304	-1.1838674545288086	-0.0037318110466003063	-167.42750549316406	0.6749699115753174
ood	GSM8K	tabm	64	rmse	2.3394801311624294	1.8362036806924023	1.889795268766032	0.7496222338432471	1.2970067672715837	2.6898918128302913	3.9595194746713367	0.3229723492676962	11.369900744700278
ood	GSM8K	tabm	64	rounded_consistency	0.0015384615384615385	0.0	0.010769230769230767	0.0	0.0	0.0	0.0	0.0	0.07692307692307693
ood	GSM8K	tabm	128	mae	1.7322624756395817	1.2177473306655884	1.4446777191766322	0.5199407100677491	0.849642425775528	2.1121103167533875	3.345764279365542	0.21861831843852997	7.870741844177246
ood	GSM8K	tabm	128	mse	7.782164562493563	1.981569766998291	17.39396315385816	0.32541683912277225	0.9115688502788544	5.564811706542969	17.227907943725597	0.051190271973609924	119.05619049072266
ood	GSM8K	tabm	128	r2	-2235839346120.1455	-1.1838477849960327	22246320607726.11	-6.826169872283934	-2.1728813648223877	-0.4507659077644348	0.20844109058380142	-223583934611456.0	0.8331525325775146
ood	GSM8K	tabm	128	rmse	2.04501586925061	1.4076546080774044	1.897386269847744	0.5685124207901338	0.9546004202821462	2.3589846833872894	4.150303802486388	0.226252672854068	10.911287297597964
ood	GSM8K	tabm	128	rounded_consistency	0.0026923076923076926	0.0	0.01980302409516308	0.0	0.0	0.0	0.0	0.0	0.19230769230769232
ood	GSM8K	tabm	256	mae	1.4512909896671773	1.0666793584823608	1.2897351830276067	0.40850910842418675	0.6512358337640762	1.7253787517547607	2.7701022624969496	0.19895116984844208	7.226203441619873
ood	GSM8K	tabm	256	mse	6.371412163414061	1.506454885005951	16.24115558943532	0.1944402799010277	0.5488247722387314	4.000823616981506	11.597876167297368	0.04398445039987564	114.36186981201172
ood	GSM8K	tabm	256	r2	-565384965000.5472	-0.4670568108558655	5625509373010.66	-3.5382754325866697	-0.9808699190616608	-0.04252710938453674	0.3889046370983125	-56538496499712.0	0.9535777568817139
ood	GSM8K	tabm	256	rmse	1.7774078303846648	1.2267596243805912	1.7922705063414233	0.44080608193005844	0.7408249236658346	2.0001511404283727	3.405488827975498	0.2097247014537764	10.694010931919404
ood	GSM8K	tabm	256	rounded_consistency	0.0028846153846153843	0.0	0.01986920992285753	0.0	0.0	0.0	0.0	0.0	0.19230769230769232
ood	GSM8K	tabm	512	mae	1.188300124257803	0.8080140650272369	1.1545877959498128	0.2409187585115433	0.4607580378651619	1.383665382862091	2.768693256378174	0.08970247954130173	5.327387809753418
ood	GSM8K	tabm	512	mse	4.868530184961855	0.9201413989067078	11.412140134946716	0.07472287937998773	0.29373398423194885	3.0394158959388733	13.22292079925538	0.009489134885370731	61.16645812988281
ood	GSM8K	tabm	512	r2	-2.4421713238954545	0.02710169553756714	12.906847851171598	-1.256735873222351	-0.3283592164516449	0.4033304303884506	0.7011795163154603	-89.9651107788086	0.994015097618103
ood	GSM8K	tabm	512	rmse	1.498898683082732	0.9592207237159944	1.6192074983814477	0.273183241542523	0.5419434012343404	1.7432979108068487	3.636079100716299	0.0974121906404467	7.8208988057564595
ood	GSM8K	tabm	512	rounded_consistency	0.009805825242718445	0.0	0.0409035244539309	0.0	0.0	0.0	0.019417475728155338	0.0	0.34951456310679613
ood	GSM8K	tabm	1024	mae	1.0256277541816234	0.665430873632431	1.1127967234727898	0.1773523524403572	0.34030352532863617	1.1074049174785614	2.3249028444290167	0.07260444015264511	5.345218181610107
ood	GSM8K	tabm	1024	mse	4.335429141791537	0.6536286771297455	11.014036878468149	0.04025955349206924	0.16527031734585762	1.9331473410129547	10.365616226196291	0.005896931514143944	56.80889892578125
ood	GSM8K	tabm	1024	r2	-185577085338.87598	0.35359060764312744	1846468685257.623	-0.9229300141334533	-0.009407281875610352	0.6071745753288269	0.866336876153946	-18557708533760.0	0.9951288104057312
ood	GSM8K	tabm	1024	rmse	1.342285652638105	0.8082047155227199	1.5917595196867629	0.20064777334816564	0.4065140117717582	1.3903766452266504	3.21953842857963	0.0767914807393629	7.537167831870354
ood	GSM8K	tabm	1024	rounded_consistency	0.024731707317073175	0.0	0.0811642088138946	0.0	0.0	0.004878048780487805	0.049756097560975696	0.0	0.5219512195121951
ood	GSM8K	tabm	2048	mae	0.9146717246621847	0.5673081278800964	1.0485802210565818	0.14399736523628234	0.280965194106102	0.9517054408788681	2.140436029434205	0.0664762482047081	5.277121067047119
ood	GSM8K	tabm	2048	mse	3.8679176112404092	0.5003000944852829	10.075280140862528	0.02795890923589468	0.1266416646540165	1.6597349345684052	9.797831153869636	0.005328346509486437	56.88020324707031
ood	GSM8K	tabm	2048	r2	-116524339691.93806	0.45500418543815613	1159402541102.0247	-0.29191837310791013	0.08164438605308533	0.6589863449335098	0.9015996396541596	-11652433969152.0	0.9882102012634277
ood	GSM8K	tabm	2048	rmse	1.233583654265172	0.7072879962328418	1.531727449375441	0.16720781446100472	0.35570755688169586	1.2882192451897452	3.129905755331175	0.07299552390034911	7.541896528531157
ood	GSM8K	tabm	2048	rounded_consistency	0.037560975609756096	0.0	0.11319123027139065	0.0	0.0	0.00975609756097561	0.08536585365853659	0.0	0.6780487804878049
ood	GSM8K	tabpfn2	32	mae	1.8270894612185657	1.4549205899238586	1.4817405431695743	0.41672760546207427	0.800312876701355	2.4558228850364685	3.3593490362167366	0.019118359312415123	9.40492057800293
ood	GSM8K	tabpfn2	32	mae_original	83950.911951316	71.42950057983398	403439.8581385343	4.7335936546325685	18.597459316253662	576.3438568115234	12196.034082031267	0.5832285284996033	3019067.5
ood	GSM8K	tabpfn2	32	mse	7.699259300339618	2.8711241483688354	16.379267140297692	0.3245324492454529	0.9120276421308517	7.869063138961792	13.404003620147735	0.0006373399519361556	133.64695739746094
ood	GSM8K	tabpfn2	32	mse_original	229893347812.4138	6974.008056640625	1420884704558.5417	31.897219657897953	514.8013763427734	589316.03125	173380718.40000093	0.5740385055541992	12537091325952.0
ood	GSM8K	tabpfn2	32	r2	-7.483554653525353	-1.8481295108795166	24.35505503261585	-12.236104106903076	-4.628685832023621	-0.32525643706321716	0.20162454843521127	-186.1699981689453	0.9929623007774353
ood	GSM8K	tabpfn2	32	r2_original	-7.483554034829139	-1.8481301069259644	24.355050460204616	-12.236107444763183	-4.628684997558594	-0.32525646686553955	0.2016245365142823	-186.1699676513672	0.9929623603820801
ood	GSM8K	tabpfn2	32	rmse	2.133887033450752	1.6944332388586019	1.77363621659301	0.5694518517616466	0.9543524728048554	2.805165431246439	3.6585573011825017	0.02524559272301119	11.560577727668326
ood	GSM8K	tabpfn2	32	rmse_original	96764.54555293625	83.47368343694362	469606.1866461594	5.640596467717323	22.665327398699922	766.9029708676097	13120.184539526177	0.7576532884863625	3540775.526060922
ood	GSM8K	tabpfn2	32	rounded_consistency	0.02571428571428571	0.0	0.09341590128155322	0.0	0.0	0.0	0.0	0.0	0.5714285714285714
ood	GSM8K	tabpfn2	64	mae	1.4757669527456165	1.1296789050102234	1.3023766210005352	0.29906166195869444	0.6373244524002075	1.933689147233963	2.6643845319747936	0.05200078710913658	8.393936157226562
ood	GSM8K	tabpfn2	64	mae_original	67618.10455364882	63.5947151184082	335742.7021114426	3.9082096815109253	15.266977548599243	580.3829498291016	8073.944335937542	0.5044994950294495	2319793.25
ood	GSM8K	tabpfn2	64	mse	6.604293807316571	2.3943703174591064	15.92055540273962	0.20717677772045137	0.8457862734794617	4.847300410270691	15.797419166564948	0.006938069127500057	118.10942840576172
ood	GSM8K	tabpfn2	64	mse_original	203634734972.33328	6164.084716796875	1296861828269.8098	22.63010902404785	357.78990936279297	576721.484375	91156011.20000163	0.484667032957077	9854248812544.0
ood	GSM8K	tabpfn2	64	r2	-4.072919280529022	-1.0615124702453613	15.86680623988879	-4.353803920745849	-1.7957202792167664	-0.27187493443489075	0.2677838265895844	-126.57630157470703	0.9169913530349731
ood	GSM8K	tabpfn2	64	r2_original	-4.072919037938118	-1.0615124702453613	15.866804947886761	-4.353803491592407	-1.7957203388214111	-0.27187469601631165	0.26778399348258974	-126.5763168334961	0.9169913530349731
ood	GSM8K	tabpfn2	64	rmse	1.897189124091817	1.547260711433068	1.7334841316678655	0.4547131012335178	0.9167143668922549	2.201592188653498	3.9744661597359587	0.08329507264838694	10.867816174639765
ood	GSM8K	tabpfn2	64	rmse_original	88155.07262959877	78.43269825403674	442564.59205634997	4.757108536340539	18.876963091137483	759.0541321241125	9259.723338604836	0.6961803164102509	3139147.784438318
ood	GSM8K	tabpfn2	64	rounded_consistency	0.04384615384615385	0.0	0.1406893426108046	0.0	0.0	0.0	0.08461538461538527	0.0	0.6923076923076923
ood	GSM8K	tabpfn2	128	mae	1.7035526371374727	1.3326010704040527	1.4588052400618772	0.31756772100925446	0.8362628519535065	2.1645637154579163	3.2313122987747205	0.023512843996286392	7.616164207458496
ood	GSM8K	tabpfn2	128	mae_original	81613.46621643066	84.81096267700195	408134.8393401306	4.965012788772583	15.314143657684326	646.9428100585938	11540.349218750023	0.6096490621566772	3325584.5
ood	GSM8K	tabpfn2	128	mse	8.234642507149838	2.77730655670166	16.87945615311034	0.231877663731575	1.088970810174942	7.18039333820343	19.0422124862671	0.0010137842036783695	111.91690063476562
ood	GSM8K	tabpfn2	128	mse_original	298786130050.558	9994.8076171875	2152417160403.3655	56.84582290649414	331.0200881958008	614025.84375	249120801.60000095	1.9626924991607666	20690839273472.0
ood	GSM8K	tabpfn2	128	r2	-2396810190525.3413	-1.340423583984375	23847960286967.918	-7.11660737991333	-2.6351285576820374	-0.6886759698390961	0.11154592037201105	-239681019052032.0	0.9809412956237793
ood	GSM8K	tabpfn2	128	r2_original	-5.02097966849804	-1.3269076347351074	17.02988016165055	-6.022046661376953	-2.581346094608307	-0.6433325707912445	0.11154592633247554	-103.2748031616211	0.9809412956237793
ood	GSM8K	tabpfn2	128	rmse	2.159344190078387	1.666511891380054	1.8899405217954748	0.48151843469749134	1.0434780502986707	2.6795447519614055	4.363533108358501	0.03183997807283117	10.57907843976807
ood	GSM8K	tabpfn2	128	rmse_original	105501.61348487828	99.92572153485528	536335.2865537055	7.539375940661778	18.19384307326845	779.4655938521153	15753.674211263755	1.400961276824155	4548718.420992005
ood	GSM8K	tabpfn2	128	rounded_consistency	0.038461538461538464	0.0	0.12756249193674615	0.0	0.0	0.0	0.07692307692307693	0.0	0.8076923076923077
ood	GSM8K	tabpfn2	256	mae	1.6528521212935448	1.2241989374160767	1.512314201681139	0.3722474277019501	0.8220439851284027	1.94889897108078	3.4510038137435917	0.15711992979049683	8.779570579528809
ood	GSM8K	tabpfn2	256	mae_original	86466.76559641004	85.79327774047852	457676.67314778775	4.026819491386414	17.061437606811523	592.5553588867188	10877.054882812523	1.2660012245178223	3642342.5
ood	GSM8K	tabpfn2	256	mse	9.017301953360437	2.39947509765625	21.258296181435483	0.24841272979974746	1.3251470625400543	6.6534130573272705	19.138552284240742	0.04223257675766945	128.53944396972656
ood	GSM8K	tabpfn2	256	mse_original	394596645283.2568	11918.23974609375	2808245583290.8784	30.258693313598634	405.6616744995117	681802.8125	196958000.00000095	2.0548741817474365	26126218952704.0
ood	GSM8K	tabpfn2	256	r2	-477589583957.39124	-1.3033294677734375	4751956361270.929	-4.21602988243103	-2.2400251626968384	-0.776496946811676	-0.05347374081611541	-47758958395392.0	0.7810783386230469
ood	GSM8K	tabpfn2	256	r2_original	-3.47128178358078	-1.2781928777694702	10.012202138930544	-4.1266426086425785	-2.054781973361969	-0.7586849331855774	0.004396969079971689	-84.55964660644531	0.7810783386230469
ood	GSM8K	tabpfn2	256	rmse	2.186466384819271	1.548561648762546	2.0583164726095418	0.49837398117178217	1.1508667237664454	2.5790823966987197	4.374120248493384	0.20550566113289787	11.337523714185853
ood	GSM8K	tabpfn2	256	rmse_original	116315.7912436419	109.16338147603452	617306.473310156	5.498431162780241	20.14003088967078	824.5544451262302	13992.20190192021	1.4334832338564119	5111381.315525579
ood	GSM8K	tabpfn2	256	rounded_consistency	0.024615384615384615	0.0	0.07087158150548609	0.0	0.0	0.0	0.057692307692307696	0.0	0.4230769230769231
ood	GSM8K	tabpfn2	512	mae	1.6615997572988273	1.1614952087402344	1.6691482569172278	0.3942314624786377	0.7808566987514496	1.7882159650325775	3.304612302780153	0.10229364782571793	12.854175567626953
ood	GSM8K	tabpfn2	512	mae_original	99403.52536706567	90.04349136352539	537376.2321485593	3.9823639392852783	15.325611352920532	585.0393981933594	9072.817773437562	1.45244300365448	4248977.5
ood	GSM8K	tabpfn2	512	mse	9.790181219745428	2.5919694900512695	30.63586841010396	0.26586177945137024	1.1158084571361542	5.928522825241089	17.823023223877005	0.018830550834536552	284.9930419921875
ood	GSM8K	tabpfn2	512	mse_original	510606318017.907	12701.8466796875	3497118815586.785	28.61462860107422	392.83255767822266	639100.4765625	164787503.20000276	2.160207748413086	30618018643968.0
ood	GSM8K	tabpfn2	512	r2	-454627195620.8445	-1.4061908721923828	4523483482061.716	-5.223123550415039	-2.1982924342155457	-0.7390227615833282	-0.12351530790328859	-45462719561728.0	0.7975140810012817
ood	GSM8K	tabpfn2	512	r2_original	-3.5645137292146685	-1.3476696014404297	10.615333311132117	-3.9196289539337155	-2.1527402997016907	-0.720769613981247	0.0003383755683899214	-77.70127868652344	0.7975140810012817
ood	GSM8K	tabpfn2	512	rmse	2.1921675510904883	1.6099576863911669	2.232617891107065	0.5156178106334849	1.0563065713043636	2.4342305417005003	4.216942434119061	0.13722445421475193	16.881736936470354
ood	GSM8K	tabpfn2	512	rmse_original	130809.9106194531	112.59878899070098	702492.0535505278	5.348617819049431	19.814246916219435	790.7576885301725	12492.17896802327	1.46976452141596	5533355.098307717
ood	GSM8K	tabpfn2	512	rounded_consistency	0.021067961165048544	0.0	0.05991251044257235	0.0	0.0	0.009708737864077669	0.06893203883495154	0.0	0.42718446601941745
ood	GSM8K	tabpfn2	1024	mae	1.7198301688581705	1.1929858326911926	1.9004717885285898	0.416985946893692	0.7174664288759232	1.9431630969047546	3.348510408401491	0.07962214201688766	15.986377716064453
ood	GSM8K	tabpfn2	1024	mae_original	100968.5075020504	84.97283554077148	554721.5217861687	4.956531763076782	14.224112510681152	640.8585205078125	9666.493652343801	1.2934329509735107	4135723.75
ood	GSM8K	tabpfn2	1024	mse	11.115313642714172	2.4472439289093018	41.16254217933633	0.2977866232395172	1.0218134969472885	6.81476354598999	19.574969291687037	0.011296594515442848	401.2958984375
ood	GSM8K	tabpfn2	1024	mse_original	524980569217.5497	12039.74560546875	3555463855123.1294	53.07935485839844	349.92957305908203	727406.265625	174643545.60000277	2.0734970569610596	29027884597248.0
ood	GSM8K	tabpfn2	1024	r2	-425976618028.32623	-1.4177857637405396	4238413834359.6665	-4.427375173568725	-2.4572936296463013	-0.8740196824073792	-0.1479779362678525	-42597661802496.0	0.8290149569511414
ood	GSM8K	tabpfn2	1024	r2_original	-3.3664379596710203	-1.3655102252960205	9.694694667485985	-3.849448585510254	-2.398545742034912	-0.8430335819721222	-0.11569764614105203	-83.66043853759766	0.8290150761604309
ood	GSM8K	tabpfn2	1024	rmse	2.273558113905524	1.5643451278574174	2.438492802000557	0.5456977439681331	1.0107419488869402	2.6089502637082695	4.423359697799756	0.10628543886837391	20.032371263470033
ood	GSM8K	tabpfn2	1024	rmse_original	131328.8105059753	109.59489995606293	712554.0770696884	7.284492055784923	18.701001646659684	852.7765836881316	12891.582885240234	1.4399642554456202	5387753.204931347
ood	GSM8K	tabpfn2	1024	rounded_consistency	0.022780487804878048	0.0	0.0661332996712061	0.0	0.0	0.006097560975609756	0.04926829268292687	0.0	0.44390243902439025
ood	GSM8K	tabpfn2	2048	mae	1.6557639907300472	1.0947020053863525	1.934739937550944	0.48069992661476135	0.7561695873737335	1.8164041340351105	3.304989910125734	0.11178542673587799	17.16895866394043
ood	GSM8K	tabpfn2	2048	mae_original	103665.2509790802	88.53153610229492	557016.7466344808	5.310694742202759	13.385655403137207	634.0173034667969	8375.004785156307	1.198732852935791	4015825.75
ood	GSM8K	tabpfn2	2048	mse	10.974414531178773	2.24281644821167	45.13106682461091	0.3293639302253723	1.0303263664245605	6.417913436889648	19.076009750366232	0.021233242005109787	446.6313781738281
ood	GSM8K	tabpfn2	2048	mse_original	525283505500.69806	13299.8486328125	3483528473363.097	49.76464157104492	319.29430389404297	730668.984375	169373323.20000198	1.560949683189392	27587992616960.0
ood	GSM8K	tabpfn2	2048	r2	-314219346004.74835	-1.3839129209518433	3126443017677.4014	-3.5410891532897946	-2.3867820501327515	-0.8087736964225769	-0.3661040902137756	-31421934600192.0	0.7013475894927979
ood	GSM8K	tabpfn2	2048	r2_original	-2.82840933740139	-1.366338849067688	8.04649867957193	-3.454396867752075	-2.312404155731201	-0.7821845710277557	-0.3533275127410882	-67.84142303466797	0.7013475894927979
ood	GSM8K	tabpfn2	2048	rmse	2.2144470990036806	1.4975193009796233	2.4638665907254302	0.5738490647865893	1.0150172833493403	2.5332922490446546	4.366746411199477	0.14571630658615317	21.133655106815482
ood	GSM8K	tabpfn2	2048	rmse_original	135165.7015626287	115.00460451510183	712048.9720670765	7.054316920350449	17.86094787968346	854.6896174864243	12826.381596118024	1.2493797193765361	5252427.3071561875
ood	GSM8K	tabpfn2	2048	rounded_consistency	0.01929268292682927	0.0	0.048356812556686106	0.0	0.0	0.010365853658536586	0.06390243902439029	0.0	0.3073170731707317
ood	GSM8K	tabpfn25	32	mae	1.7818008653819561	1.377108097076416	1.5419859613786207	0.3724577873945236	0.7027220726013184	2.4764703512191772	3.0816884994506837	0.06302130222320557	10.249083518981934
ood	GSM8K	tabpfn25	32	mae_original	66831.86459305257	70.88949584960938	328570.05436282395	6.183090496063233	19.52322006225586	521.1632080078125	9829.52607421879	0.1937287151813507	2240399.75
ood	GSM8K	tabpfn25	32	mse	7.635369805251248	2.323582172393799	19.36220362885382	0.18406340926885606	0.6261906027793884	7.3585803508758545	11.254130458831797	0.006183870602399111	161.44493103027344
ood	GSM8K	tabpfn25	32	mse_original	149908414551.86145	6689.769287109375	908359184401.9176	50.254121780395515	527.989013671875	384360.28125	115211135.20000093	0.0584351122379303	7714458566656.0
ood	GSM8K	tabpfn25	32	r2	-8.390627197027207	-1.6651545763015747	29.36523186591759	-11.609890365600585	-5.272451639175415	0.05684579908847809	0.5656269133090973	-233.8809356689453	0.9578923583030701
ood	GSM8K	tabpfn25	32	r2_original	-8.390626561641692	-1.6651546955108643	29.365226676736683	-11.609890556335447	-5.272451639175415	0.0568457692861557	0.5656268239021301	-233.8809051513672	0.9578923583030701
ood	GSM8K	tabpfn25	32	rmse	2.03961913315038	1.524330046714196	1.864221981669066	0.4290258386172346	0.7913159445331304	2.7126147360283737	3.354236179637963	0.07863759026317574	12.70609818277324
ood	GSM8K	tabpfn25	32	rmse_original	76573.91471222903	81.77670073063533	379532.4098644353	7.080452156783963	22.977968220997425	619.616013809677	10652.593108127583	0.24173355629272966	2777491.4161264296
ood	GSM8K	tabpfn25	32	rounded_consistency	0.03	0.0	0.12982720069698925	0.0	0.0	0.0	0.0	0.0	1.0
ood	GSM8K	tabpfn25	64	mae	1.0897158417478203	0.6008947193622589	1.168862036496971	0.1215627484023571	0.2754409685730934	1.4715019166469574	2.3622133016586306	0.03140312060713768	6.033970355987549
ood	GSM8K	tabpfn25	64	mae_original	40627.17188057646	41.56926345825195	197083.75875878648	2.1452410221099854	9.620239496231079	350.27930450439453	4058.4103759765744	0.11444202065467834	1627736.75
ood	GSM8K	tabpfn25	64	mse	4.236776096184039	0.6103584170341492	10.93192898969091	0.026571677438914778	0.11011173948645592	2.9723063111305237	7.119326639175418	0.001672819722443819	66.35939025878906
ood	GSM8K	tabpfn25	64	mse_original	77650536819.89894	2553.055419921875	524525317893.72327	5.722261905670166	140.32211303710938	164963.67578125	20165667.400000192	0.015413651242852211	4829080453120.0
ood	GSM8K	tabpfn25	64	r2	-4.16998644053936	0.3697432577610016	21.77434053133859	-3.6106661796569823	-0.950853556394577	0.8358061909675598	0.9474822759628296	-165.03762817382812	0.9896560907363892
ood	GSM8K	tabpfn25	64	r2_original	-4.169985492825508	0.3697431981563568	21.77433487129875	-3.6106657505035398	-0.9508533477783203	0.835806280374527	0.9474822878837585	-165.03761291503906	0.9896561503410339
ood	GSM8K	tabpfn25	64	rmse	1.3398782735395693	0.7799519171499223	1.5625307383474614	0.1629859614377445	0.33182483654315514	1.7235962338482873	2.668136607432156	0.04090011885610871	8.146127316632676
ood	GSM8K	tabpfn25	64	rmse_original	55129.63921876198	50.51592307516142	273150.617241675	2.3914297571875403	11.842400720513265	406.1535198438295	4445.027578896981	0.12415172670105	2197516.883466427
ood	GSM8K	tabpfn25	64	rounded_consistency	0.06692307692307692	0.0	0.18641907361082224	0.0	0.0	0.0	0.23076923076923078	0.0	1.0
ood	GSM8K	tabpfn25	128	mae	0.835227719284594	0.44368816912174225	0.9765014018914709	0.09037504941225052	0.22817834094166756	1.1349234282970428	2.164710831642151	0.016578147187829018	4.385677814483643
ood	GSM8K	tabpfn25	128	mae_original	31754.538916301502	28.289546012878418	159240.31493133417	1.5147140741348268	7.526516914367676	235.50612258911133	2925.6847900390717	0.06256019324064255	1243366.25
ood	GSM8K	tabpfn25	128	mse	3.0717984821269058	0.32764188945293427	7.143939555443287	0.014637022931128741	0.07527662999927998	1.670263648033142	8.702432250976566	0.0005787602276541293	39.83803176879883
ood	GSM8K	tabpfn25	128	mse_original	49454665744.41604	1122.386474609375	291377282793.43054	2.6348739147186278	85.48039627075195	123214.048828125	21727070.00000003	0.00954184215515852	2371644817408.0
ood	GSM8K	tabpfn25	128	r2	-1963034599754.3706	0.7593468725681305	19531947653585.164	-2.787674808502197	0.011128842830657959	0.8887061923742294	0.9523150384426119	-196303459975168.0	0.9960282444953918
ood	GSM8K	tabpfn25	128	r2_original	-2.6905514615774155	0.7593468427658081	16.530930732259076	-2.7280163288116457	0.02359972894191742	0.888706237077713	0.9523150384426119	-140.5352325439453	0.9960282444953918
ood	GSM8K	tabpfn25	128	rmse	1.1047440106651318	0.5723688723826361	1.3606392442622048	0.12097469476918228	0.27434426466288464	1.2922814788781554	2.949910802165341	0.024057436015796223	6.311737618817723
ood	GSM8K	tabpfn25	128	rmse_original	44628.470832915955	33.497876682237106	217859.9672623027	1.6232059983611407	9.245558719956076	350.2387585987127	4660.071625183749	0.09768235334572217	1540014.551037749
ood	GSM8K	tabpfn25	128	rounded_consistency	0.0776923076923077	0.0	0.20073680846369293	0.0	0.0	0.038461538461538464	0.19230769230769232	0.0	1.0
ood	GSM8K	tabpfn25	256	mae	0.7003107912652194	0.3739459216594696	0.9971252571848955	0.10610367134213448	0.20699738338589668	0.7872588783502579	1.251181185245514	0.02130742557346821	5.665893077850342
ood	GSM8K	tabpfn25	256	mae_original	41134.484894454625	23.016719818115234	218946.75144780154	1.1145257830619812	5.448452830314636	229.35919189453125	2701.1463378906255	0.1820545196533203	1731407.375
ood	GSM8K	tabpfn25	256	mse	3.6942913886369206	0.2116941213607788	13.87304932283022	0.020101252384483816	0.07649733126163483	1.189476877450943	3.9234536409378107	0.0010211784392595291	112.17646026611328
ood	GSM8K	tabpfn25	256	mse_original	107361248775.26431	895.97314453125	624478444951.2555	2.22837553024292	61.412123680114746	90052.34375	12301217.200000033	0.05916555970907211	4877825081344.0
ood	GSM8K	tabpfn25	256	r2	-276996617667.30756	0.7564358413219452	2756081546992.4526	-0.9383943915367126	0.19998368620872498	0.8897479325532913	0.9513697087764741	-27699661766656.0	0.995200514793396
ood	GSM8K	tabpfn25	256	r2_original	-0.7475393652915955	0.7564358413219452	9.252447327695894	-0.5315931677818297	0.19998347759246826	0.8897479325532913	0.9513696551322938	-91.00093841552734	0.995200514793396
ood	GSM8K	tabpfn25	256	rmse	1.017151204066426	0.4600949716593941	1.6308570804037799	0.14175261486588245	0.27646185234734655	1.0906222176516769	1.98017621696258	0.03195588270193032	10.591338926977707
ood	GSM8K	tabpfn25	256	rmse_original	62624.975704881464	29.931162669732572	321619.9017368599	1.492603674526995	7.833380789939681	299.97155276574927	3503.9062035298675	0.2432397165535927	2208579.878868772
ood	GSM8K	tabpfn25	256	rounded_consistency	0.08961538461538461	0.0	0.20527835049861431	0.0	0.0	0.038461538461538464	0.36923076923076953	0.0	0.9423076923076923
ood	GSM8K	tabpfn25	512	mae	0.675241837464273	0.3272617608308792	1.0777169388612096	0.08287653774023056	0.21190720051527023	0.6668846905231476	1.6671777367591873	0.018618661910295486	8.140670776367188
ood	GSM8K	tabpfn25	512	mae_original	41855.95766568437	20.254554748535156	229251.38027138225	0.9704348623752594	4.282221496105194	192.1554298400879	3255.6739013672036	0.17270879447460175	2020608.25
ood	GSM8K	tabpfn25	512	mse	3.8896956533472986	0.19561931490898132	14.248769235537889	0.019481815956532957	0.086229607462883	0.9504456073045731	8.17557883262638	0.0006710442248731852	125.17063903808594
ood	GSM8K	tabpfn25	512	mse_original	120123551177.97455	803.1150207519531	810525519594.6763	2.3461637973785403	38.23957538604736	57525.373046875	22906134.600000363	0.08506829291582108	7711632130048.0
ood	GSM8K	tabpfn25	512	r2	-138668167659.96704	0.7501423954963684	1379730847478.124	-1.2718360662460326	0.02395518124103546	0.8873836994171143	0.9612903833389282	-13866816765952.0	0.9956315755844116
ood	GSM8K	tabpfn25	512	r2_original	-0.44701718747615815	0.7501424849033356	6.521322806845569	-0.92922146320343	0.030591890215873718	0.8873836994171143	0.9612903833389282	-63.65399169921875	0.9956315755844116
ood	GSM8K	tabpfn25	512	rmse	1.0576401450194983	0.4422534942073014	1.6646600184393312	0.1395627823773677	0.29358879150124684	0.9747062183250698	2.851693521861104	0.025904521321058707	11.187968494685974
ood	GSM8K	tabpfn25	512	rmse_original	66927.31046147883	28.337662286828966	340065.1206642154	1.5310842252784622	6.183376940873819	239.09075188715167	4668.467234972248	0.29166469261091765	2776982.5584702543
ood	GSM8K	tabpfn25	512	rounded_consistency	0.1045631067961165	0.009708737864077669	0.2096136740662383	0.0	0.0	0.08737864077669903	0.3699029126213593	0.0	0.970873786407767
ood	GSM8K	tabpfn25	1024	mae	0.8006929558515549	0.33499664068222046	1.4118891937293205	0.11300928294658662	0.20552624389529228	0.6430466771125793	1.8590063333511373	0.029374897480010986	9.587023735046387
ood	GSM8K	tabpfn25	1024	mae_original	60668.73590817973	22.120758056640625	297901.3621833338	1.5253679633140564	4.513652682304382	254.27901458740234	2971.068603515628	0.1999126523733139	2200943.0
ood	GSM8K	tabpfn25	1024	mse	7.169199600020656	0.2756674885749817	28.842167787294414	0.03335463032126427	0.0931725800037384	1.493172824382782	10.817474365234435	0.001726649352349341	229.63861083984375
ood	GSM8K	tabpfn25	1024	mse_original	235542273909.1088	1334.0460815429688	1277544206030.0688	5.075539588928223	52.88716983795166	141111.68359375	38188773.60000005	0.1339597851037979	8729767968768.0
ood	GSM8K	tabpfn25	1024	r2	-80643353477.37756	0.5927648842334747	802391235958.8027	-1.2602305412292478	-0.2164207100868225	0.8728963285684586	0.9261599063873291	-8064335347712.0	0.9920735955238342
ood	GSM8K	tabpfn25	1024	r2_original	-0.25755895376205445	0.5927647948265076	3.771191047960353	-1.0982239723205567	-0.18716931343078613	0.8728963434696198	0.9261599600315095	-34.98542022705078	0.9920735955238342
ood	GSM8K	tabpfn25	1024	rmse	1.334190108184219	0.5250056612800955	2.3214513467320477	0.1826227659797382	0.30524182053965365	1.2218435471382971	3.2763336386684503	0.04155297043954067	15.153831556403276
ood	GSM8K	tabpfn25	1024	rmse_original	100393.6308526495	36.492033343828666	474829.8566785061	2.252466445029289	7.261222954472078	373.692543310014	6177.8543191574645	0.36600517087030054	2954618.0749409897
ood	GSM8K	tabpfn25	1024	rounded_consistency	0.09887804878048781	0.007317073170731707	0.19870114232667968	0.0	0.0	0.07926829268292683	0.33804878048780584	0.0	0.8975609756097561
ood	GSM8K	tabpfn25	2048	mae	0.8994275743141771	0.4539814293384552	1.3799184891654113	0.14405681043863297	0.2592935338616371	0.8710494786500931	2.1710070133209256	0.027847938239574432	10.970582008361816
ood	GSM8K	tabpfn25	2048	mae_original	61955.083127381804	29.753360748291016	302262.2812694245	1.9263784289360046	5.217514634132385	296.91412353515625	3129.955346679691	0.37107548117637634	2425976.5
ood	GSM8K	tabpfn25	2048	mse	6.439183193997014	0.4309629648923874	22.960284042994722	0.05490751676261425	0.17206182703375816	2.5215991139411926	13.878971099853517	0.0012287741992622614	211.51307678222656
ood	GSM8K	tabpfn25	2048	mse_original	205443650386.1689	2421.3416137695312	1156695996227.782	9.57209815979004	77.51692962646484	154638.78515625	35045742.600000165	0.24161836504936218	10343111720960.0
ood	GSM8K	tabpfn25	2048	r2	-66070202286.467705	0.2836955785751343	657390212417.388	-1.8843514204025267	-0.6718266606330872	0.713152676820755	0.8906764090061188	-6607020228608.0	0.9827169179916382
ood	GSM8K	tabpfn25	2048	r2_original	-0.3877211153507233	0.2836955785751343	2.2228732357376604	-1.7401453971862793	-0.4589943587779999	0.713152676820755	0.8906763613224029	-14.258149147033691	0.9827168583869934
ood	GSM8K	tabpfn25	2048	rmse	1.4839726587094184	0.6564571933933998	2.0583994612805148	0.2343211185151455	0.4145306442019883	1.5866946108975089	3.7254448340446973	0.03505387566678272	14.543489154333859
ood	GSM8K	tabpfn25	2048	rmse_original	97102.34309265908	48.899794531236076	442735.57046174246	3.092973772247455	8.801275017580839	393.1730811383304	5902.6100680418185	0.4915469103242967	3216070.851358844
ood	GSM8K	tabpfn25	2048	rounded_consistency	0.0816341463414634	0.013414634146341465	0.15133530381915022	0.0	0.0	0.0798780487804878	0.25219512195121957	0.0	0.7829268292682927
ood	GSM8K	xgboost	32	mae	2.837469970583916	2.3738454580307007	2.220235518047446	1.3132076859474182	1.703168511390686	3.2725746631622314	4.221292161941529	0.6796563863754272	19.84449577331543
ood	GSM8K	xgboost	32	mse	17.239203021526336	6.404857158660889	57.226048509504054	2.106456160545349	3.3354405760765076	12.719618082046509	21.584440040588387	0.5454772710800171	558.8707885742188
ood	GSM8K	xgboost	32	r2	-16.112099171876906	-6.072178363800049	40.3252399772841	-22.162403869628903	-12.152201890945435	-3.933103322982788	-2.2975244283676144	-355.7762451171875	0.0
ood	GSM8K	xgboost	32	rmse	3.167277279634937	2.5307740741900364	2.6846894895750326	1.4513345685657657	1.8263151369425903	3.566457034767513	4.645832451683706	0.7385643310369226	23.640448146645163
ood	GSM8K	xgboost	32	rounded_consistency	0.0014285714285714286	0.0	0.01421410624438028	0.0	0.0	0.0	0.0	0.0	0.14285714285714285
ood	GSM8K	xgboost	64	mae	2.7111795032024384	2.282713770866394	2.004486767348336	1.3141887784004211	1.7080667614936829	3.1145631074905396	4.135478639602663	0.6637489795684814	16.580854415893555
ood	GSM8K	xgboost	64	mse	15.710215085744858	6.383273601531982	41.90086167704449	1.893652153015137	3.3031933307647705	11.675528287887573	22.629435348510764	0.5329080820083618	375.5979309082031
ood	GSM8K	xgboost	64	r2	-11.191062872409821	-5.040240287780762	24.44656082455606	-14.548665809631348	-7.307757377624512	-3.484456419944763	-2.343407988548278	-176.65945434570312	0.0
ood	GSM8K	xgboost	64	rmse	3.0676447271483296	2.5265044235432588	2.5099344441128157	1.3752543526847858	1.8174411607407368	3.416910086008598	4.75643029310007	0.7300055356011773	19.380349091494796
ood	GSM8K	xgboost	64	rounded_consistency	0.0007692307692307692	0.0	0.0076537495162047695	0.0	0.0	0.0	0.0	0.0	0.07692307692307693
ood	GSM8K	xgboost	128	mae	2.581586586833	1.9719184637069702	2.1058950419953186	1.1166195511817931	1.3814241886138916	2.81907320022583	4.217925500869752	0.4990125298500061	16.215696334838867
ood	GSM8K	xgboost	128	mse	15.187894905507564	4.607247829437256	38.186396206499666	1.4511719703674317	2.4285340309143066	9.872380256652832	25.417764282226578	0.29696422815322876	316.32879638671875
ood	GSM8K	xgboost	128	r2	-2499242140640.524	-4.061965703964233	24867145322152.46	-14.108228492736814	-6.0176756381988525	-3.024691104888916	-2.030866551399231	-249924214063104.0	-1.0707569122314453
ood	GSM8K	xgboost	128	rmse	2.952561448333723	2.146447335478218	2.543673681768365	1.2046164086003721	1.5583747748108217	3.1419746347786637	5.041340144011806	0.5449442431600032	17.785634551140387
ood	GSM8K	xgboost	128	rounded_consistency	0.0003846153846153846	0.0	0.0038268747581023848	0.0	0.0	0.0	0.0	0.0	0.038461538461538464
ood	GSM8K	xgboost	256	mae	2.3863274428248404	1.905424416065216	1.87867482510998	1.0208103358745575	1.3198727369308472	2.7132787108421326	4.18195381164551	0.44200798869132996	13.585439682006836
ood	GSM8K	xgboost	256	mse	13.45386293619871	4.150622129440308	31.585968733532813	1.3379040002822877	2.237703859806061	10.662996768951416	22.389502716064484	0.24822118878364563	235.09837341308594
ood	GSM8K	xgboost	256	r2	-795235256900.6455	-3.123932123184204	7912490901531.561	-11.981404399871826	-4.469301104545593	-2.5099533796310425	-1.9082325220108032	-79523525689344.0	-0.7145183086395264
ood	GSM8K	xgboost	256	rmse	2.7942724703476283	2.0370643645987845	2.3761111711483687	1.1556197185808024	1.4958886082352714	3.2653330807944023	4.730535029360697	0.4982180133070719	15.332917967989196
ood	GSM8K	xgboost	256	rounded_consistency	0.0001923076923076923	0.0	0.0019134373790511924	0.0	0.0	0.0	0.0	0.0	0.019230769230769232
ood	GSM8K	xgboost	512	mae	2.210095921754837	1.73440283536911	1.902463768999435	0.8605977237224579	1.1706410348415375	2.322604537010193	3.974341964721681	0.4706333875656128	15.313929557800293
ood	GSM8K	xgboost	512	mse	12.743431901335716	3.69546377658844	36.80162061906819	0.9163958311080933	1.7663069367408752	7.8706594705581665	25.871367835998544	0.2844582796096802	340.142333984375
ood	GSM8K	xgboost	512	r2	-6.035491876602173	-2.501095175743103	14.435132289579489	-6.9821886062622065	-3.3389776945114136	-2.061170279979706	-1.6143140792846675	-86.59446716308594	0.0
ood	GSM8K	xgboost	512	rmse	2.6267463112290663	1.9222899440790264	2.4173613130395317	0.9572663294803716	1.3290115711566006	2.80388388472399	5.086311142809989	0.5333463036430272	18.442948082786955
ood	GSM8K	xgboost	512	rounded_consistency	0.0007766990291262135	0.0	0.004271844660194175	0.0	0.0	0.0	0.0	0.0	0.038834951456310676
ood	GSM8K	xgboost	1024	mae	2.049469847679138	1.5284019112586975	2.034145130947957	0.7715531826019287	1.0018347948789597	2.189295530319214	3.5810254812240605	0.5020005106925964	17.27137565612793
ood	GSM8K	xgboost	1024	mse	12.740334126651288	2.863700032234192	43.62928780983328	0.7735729455947876	1.3909500539302826	6.946387052536011	22.068254280090336	0.3217281103134155	416.42498779296875
ood	GSM8K	xgboost	1024	r2	-497495582970.30115	-1.9554651975631714	4950018550669.197	-6.068775367736817	-2.449991285800934	-1.6421489715576172	-1.2447691679000854	-49749558296576.0	-0.6786718368530273
ood	GSM8K	xgboost	1024	rmse	2.490868853448298	1.6922318031985308	2.5565418990449675	0.8795299240977278	1.1793426662582764	2.635599579219063	4.697636785121282	0.5672108164636985	20.406493765293654
ood	GSM8K	xgboost	1024	rounded_consistency	0.0019024390243902439	0.0	0.007426659055280438	0.0	0.0	0.0	0.004878048780487805	0.0	0.06341463414634146
ood	GSM8K	xgboost	2048	mae	1.8676620453596116	1.3434851169586182	2.034699154226686	0.6513258934020997	0.922686979174614	1.9759238362312317	3.5701323270797753	0.46309128403663635	17.688547134399414
ood	GSM8K	xgboost	2048	mse	11.945452658832073	2.393252968788147	45.413409252941555	0.5245632290840149	1.1484591960906982	5.919230818748474	21.505552482605015	0.2808030843734741	440.6208190917969
ood	GSM8K	xgboost	2048	r2	-362470745050.54456	-1.4803224802017212	3606538376404.461	-4.041743659973144	-1.9886802434921265	-1.13818359375	-0.9615636467933654	-36247074504704.0	-0.6485844850540161
ood	GSM8K	xgboost	2048	rmse	2.3166341292688966	1.5470040665506062	2.564889660382804	0.7242669581608312	1.0716529568000226	2.4318003458837247	4.635569464137822	0.5299085622760535	20.990969941662936
ood	GSM8K	xgboost	2048	rounded_consistency	0.0035853658536585363	0.0	0.011633174781747113	0.0	0.0	0.0024390243902439024	0.007317073170731708	0.0	0.0975609756097561
ood	GSM8K	xrfm	32	mae	2.779456841945648	2.3311163187026978	2.304657825594543	1.1760727882385253	1.638435035943985	3.1636704802513123	4.387438726425172	0.7889695167541504	20.292421340942383
ood	GSM8K	xrfm	32	mse	17.584856153726577	6.1716718673706055	61.466954711834525	1.5660104632377625	3.1926316618919373	12.136271476745605	22.271700286865237	0.6672341227531433	599.9688720703125
ood	GSM8K	xrfm	32	r2	-15.814536254405976	-5.796298980712891	37.96982580975356	-22.12625026702881	-11.109580039978027	-3.259350895881653	-2.1140235424041744	-259.800537109375	0.0
ood	GSM8K	xrfm	32	rmse	3.114796360864397	2.484281998058199	2.8076502246669683	1.2513837480413434	1.7867695152584535	3.483550463657598	4.719284641227128	0.8168440014795624	24.49426202338647
ood	GSM8K	xrfm	32	rounded_consistency	0.0008163265306122448	0.0	0.004931855499426356	0.0	0.0	0.0	0.0	0.0	0.04081632653061224
ood	GSM8K	xrfm	64	mae	2.444820932149887	1.9348432421684265	2.102955030145383	0.9011820912361145	1.3791689574718475	2.731101334095001	4.110861015319826	0.5580199956893921	17.357219696044922
ood	GSM8K	xrfm	64	mse	14.878999202251434	4.625230312347412	45.45628472201017	1.215642786026001	2.446392595767975	9.07519817352295	22.419440841674845	0.3854754567146301	418.22705078125
ood	GSM8K	xrfm	64	r2	-9.100200953483581	-3.6253774166107178	21.229901075100322	-12.253715705871581	-5.3684306144714355	-2.6604578495025635	-1.951959896087646	-161.6215362548828	0.0
ood	GSM8K	xrfm	64	rmse	2.8415126257560552	2.150573684756491	2.608602154396174	1.1023371115362774	1.5640595629013117	3.0125018211958943	4.7326924230645115	0.6208666980235211	20.45060025479081
ood	GSM8K	xrfm	64	rounded_consistency	0.003550295857988166	0.0	0.018276266522462135	0.0	0.0	0.0	0.0	0.0	0.14201183431952663
ood	GSM8K	xrfm	128	mae	2.307176541686058	1.7415674924850464	2.1990691059529017	0.8128381967544556	1.1127114593982697	2.625858426094055	4.401841259002686	0.4445905089378357	17.404537200927734
ood	GSM8K	xrfm	128	mse	14.666839112639428	3.754087209701538	42.37821291564646	0.941631680727005	1.7232728004455566	8.753056287765503	25.77324542999268	0.32659801840782166	366.5421447753906
ood	GSM8K	xrfm	128	r2	-2592736532241.859	-2.9854536056518555	25797402773003.754	-7.551072406768798	-4.2385464906692505	-2.217531383037567	-1.6103653669357294	-259273653223424.0	-0.9313844442367554
ood	GSM8K	xrfm	128	rmse	2.7510016641497557	1.937520618578549	2.6643627674332753	0.9702975699702555	1.312712709183138	2.958240410147021	5.076688484899233	0.5714875487775929	19.14529040718345
ood	GSM8K	xrfm	128	rounded_consistency	0.0050739644970414196	0.0	0.027353071048439148	0.0	0.0	0.0	0.00014792899408285284	0.0	0.2485207100591716
ood	GSM8K	xrfm	256	mae	2.1601722663640976	1.625456154346466	1.9473122432093486	0.6988057076931	1.0544373691082	2.5069937109947205	3.486201381683351	0.39104825258255005	14.645915031433105
ood	GSM8K	xrfm	256	mse	13.284996713399886	3.651782512664795	34.29960907316489	0.6846454918384552	1.771726816892624	8.879432678222656	19.166743087768555	0.22568175196647644	275.7757568359375
ood	GSM8K	xrfm	256	r2	-798548253742.5206	-2.649260997772217	7945454803916.488	-6.434434604644776	-3.3046449422836304	-2.0323747992515564	-1.5148790359497069	-79854825373696.0	-0.8351576328277588
ood	GSM8K	xrfm	256	rmse	2.669641941049383	1.9107919448724116	2.481533521834829	0.8273648402998905	1.3309883308187636	2.9796609599103006	4.377976066650978	0.47505973515598693	16.60649742829407
ood	GSM8K	xrfm	256	rounded_consistency	0.005728550295857988	0.0	0.021412977063098262	0.0	0.0	0.0	0.010946745562130229	0.0	0.15384615384615385
ood	GSM8K	xrfm	512	mae	1.9978344494104385	1.4196107387542725	2.009214352816302	0.6201613068580628	0.9848141074180603	2.211379289627075	3.8599257946014407	0.36015453934669495	16.72142219543457
ood	GSM8K	xrfm	512	mse	13.078951197862626	3.041506767272949	42.705296896370854	0.5803814768791199	1.4598964154720306	7.704707026481628	28.23790721893311	0.19993944466114044	404.1715393066406
ood	GSM8K	xrfm	512	r2	-4.145168397426605	-2.3382418155670166	10.45605251978529	-3.5833549976348875	-2.8187885880470276	-1.7875511050224304	-1.4618263721466063	-89.84522247314453	0.0
ood	GSM8K	xrfm	512	rmse	2.5381602577497135	1.74398601777864	2.576178119587722	0.761803043497388	1.2081818292946553	2.7757271959246563	5.313912257229705	0.4471458874474196	20.10401798911453
ood	GSM8K	xrfm	512	rounded_consistency	0.0104524460363842	0.00018851918182675087	0.03497175866587606	0.0	0.0	0.003676124045621642	0.02573286831935152	0.0	0.21359223300970873
ood	GSM8K	xrfm	1024	mae	1.9119895046949387	1.27116197347641	2.185343457761624	0.5943885385990143	0.8477048575878143	2.1419753432273865	3.6515996694564823	0.37540414929389954	18.88895606994629
ood	GSM8K	xrfm	1024	mse	13.796980056464673	2.570124387741089	51.392885855803435	0.5284916073083877	1.294687658548355	7.454244494438171	25.72306308746338	0.19728434085845947	496.3426208496094
ood	GSM8K	xrfm	1024	r2	-160718169049.95956	-1.9835997819900513	1599125591165.535	-3.515561056137085	-2.5614081621170044	-1.4739131927490234	-1.329028272628784	-16071816904704.0	-0.9754167795181274
ood	GSM8K	xrfm	1024	rmse	2.487727873905012	1.6031590969779048	2.7582947779127447	0.7268693057669615	1.137704963895016	2.7301341844758156	5.071786903510072	0.4441670191025663	22.278748188567718
ood	GSM8K	xrfm	1024	rounded_consistency	0.018057108863771563	0.0013325401546698393	0.05199488329127424	0.0	0.0001784651992861392	0.009339678762641286	0.04402379535990483	0.0	0.37073170731707317
ood	GSM8K	xrfm	2048	mae	1.82906433314085	1.171894371509552	2.209227124681458	0.49539366960525516	0.8629806935787201	1.9426914155483246	3.539586520195008	0.3070703148841858	19.488563537597656
ood	GSM8K	xrfm	2048	mse	13.658495208024979	2.366159200668335	54.35588331552083	0.35445193052291873	1.3380225598812103	5.96498441696167	24.156277847290042	0.12584976851940155	531.1353759765625
ood	GSM8K	xrfm	2048	r2	-140469054998.59967	-1.7157268524169922	1397649450237.1516	-3.166098403930664	-2.4860832691192627	-1.3998718857765198	-1.2200524568557738	-14046905499648.0	-0.7678550481796265
ood	GSM8K	xrfm	2048	rmse	2.4195926757553834	1.5382247710538077	2.7935759326454477	0.5952778466682411	1.1557119866242016	2.441678664450652	4.914894116882517	0.35475310924557313	23.04637446490364
ood	GSM8K	xrfm	2048	rounded_consistency	0.019761273051754905	0.00276918500892326	0.04686091395801337	2.3795359904818562e-05	0.0002632361689470553	0.016930398572278405	0.05592147531231414	0.0	0.35365853658536583
random	AIME	catboost	32	mae	0.4886827078044001	0.3976851405144324	0.24194351629517313	0.2208872781545775	0.2967611790008853	0.7106882141826555	0.8499087532935572	0.19281248515624663	0.8796968073076907
random	AIME	catboost	32	mse	0.5553202806182084	0.2721727905147979	0.482177909851414	0.11053255559120082	0.14780247005336386	1.0745343412044457	1.2731938988707274	0.05957966731997497	1.2927774143036925
random	AIME	catboost	32	r2	-330.10590666056754	0.32994201517347543	1190.972198837037	-0.8787941700548257	-0.34349230627843297	0.6464574918349775	0.8067851329853911	-4624.21675994065	0.89016751294589
random	AIME	catboost	32	rmse	0.6678131228096483	0.5206864705029777	0.3306749364881378	0.33126123289850234	0.38425415813620517	1.0338925333000155	1.1283426364978708	0.24408946581115493	1.1370037002154798
random	AIME	catboost	32	rounded_consistency	0.01020408163265306	0.0	0.0367913395455509	0.0	0.0	0.0	0.0	0.0	0.14285714285714285
random	AIME	catboost	64	mae	0.5117966650472104	0.555417463202176	0.26774756245375014	0.16631204870646144	0.2657279380460094	0.7098276376393446	0.76616125813902	0.11680455198188819	1.070324305121667
random	AIME	catboost	64	mse	1.0178684049025253	0.6786732588086773	1.059486795116816	0.0640351954726707	0.12200706792250471	1.6586695267724898	2.3578658411951587	0.027957575828902795	3.568165616496704
random	AIME	catboost	64	r2	-2.636079046467951	0.17138759577943685	10.824231639137707	-0.10099837631461592	-0.018331764955374058	0.6261113897374547	0.9418624055008974	-41.64038326057501	0.9478710790727257
random	AIME	catboost	64	rmse	0.8556743164227643	0.823666226167207	0.5344996437014345	0.253003436201658	0.33552574370245913	1.2833556485292665	1.5355290555457402	0.16720519079533025	1.888958871044233
random	AIME	catboost	64	rounded_consistency	0.005494505494505495	0.0	0.019810721293758188	0.0	0.0	0.0	0.0	0.0	0.07692307692307693
random	AIME	catboost	128	mae	0.3486289939707639	0.30187801108273415	0.18492783628442983	0.13412012831634187	0.2152371564467147	0.4605552486230928	0.5521220852276547	0.10462749914238854	0.7809541548095802
random	AIME	catboost	128	mse	0.46989286169535743	0.2575627687676352	0.6268367294225485	0.04736913662304464	0.11976473188679587	0.44981265124680364	1.0987533335280342	0.019045242128421905	2.411974700872008
random	AIME	catboost	128	r2	-4.237244558422625	0.5638604719147922	15.02777149310588	-5.907612457745008	-0.015495198422346201	0.8894688457735498	0.9580333116868512	-57.76526666851573	0.9802647199144923
random	AIME	catboost	128	rmse	0.5760577769301296	0.5074975029891545	0.3715512068795826	0.21421373799515667	0.3460665907836969	0.6706481936221216	1.0371390220189152	0.13800450039191442	1.5530533477224817
random	AIME	catboost	128	rounded_consistency	0.005494505494505495	0.0	0.013458734850457022	0.0	0.0	0.0	0.026923076923076966	0.0	0.038461538461538464
random	AIME	catboost	256	mae	0.30520880419460367	0.25633280575080325	0.24251365699651975	0.052606341403008974	0.09788378562539671	0.4948850189406509	0.6394870007494626	0.020615282778611372	0.7901460597359797
random	AIME	catboost	256	mse	0.6296893396287887	0.15222419551835176	0.9907455114493366	0.005680319807377779	0.027711917387067592	0.7490292565827006	1.6535599509222951	0.0009402279309351574	3.659395963242534
random	AIME	catboost	256	r2	0.2784160797540976	0.6023109816118284	1.1526569705716059	-0.16748421603320035	0.15404806010711583	0.9758634240350987	0.9940540665486152	-3.6106388797995317	0.9989988245155771
random	AIME	catboost	256	rmse	0.5863337736522535	0.3887026554630415	0.5346980881801399	0.07380864849259745	0.1624302817092883	0.8639264445132067	1.2747757922897431	0.03066313635189912	1.9129547729213396
random	AIME	catboost	256	rounded_consistency	0.008241758241758242	0.0	0.01737515197894714	0.0	0.0	0.0	0.032692307692307715	0.0	0.057692307692307696
random	AIME	catboost	512	mae	0.2515456228856491	0.24452867423658164	0.19183597986648587	0.029895556986049444	0.052858731103030715	0.39909472574771127	0.49221085188589975	0.013855930038294953	0.586347202548283
random	AIME	catboost	512	mse	0.7579133511497899	0.222863742490644	1.6295467808963002	0.0016740920230299279	0.009287678411446272	0.5364275865994874	1.1188630531824386	0.0005437621276009822	6.481406546771838
random	AIME	catboost	512	r2	0.6570473309199875	0.7507037129916916	0.34388278962718405	0.15334007917689413	0.4314464041207383	0.9919369747931003	0.9985088962214683	0.038465077751846155	0.9994838615357449
random	AIME	catboost	512	rmse	0.5801459621460533	0.4386781710392972	0.6491101707379263	0.04082155969031077	0.09617201016806176	0.7323696882519299	1.056918523580416	0.023318707674332688	2.545860669159221
random	AIME	catboost	512	rounded_consistency	0.014563106796116502	0.009708737864077669	0.024271844660194174	0.0	0.0	0.009708737864077669	0.02621359223300972	0.0	0.0970873786407767
random	AIME	catboost	1024	mae	0.22762523700446252	0.17961433111515135	0.19905710969521834	0.014241952116591777	0.021817008947781165	0.39591684261799576	0.4995239294347647	0.0064248038198194135	0.5684690636123386
random	AIME	catboost	1024	mse	0.49859352362082104	0.2560745702737898	0.6716098471628356	0.00045168876995111806	0.0017018010555654378	0.6337356534488963	1.3245641209222847	0.00014857798185007024	2.345972867781023
random	AIME	catboost	1024	r2	0.6708732449731667	0.7713590985733307	0.3419534499196603	0.16926450645717342	0.443699578108694	0.9978610948853349	0.9995366165410783	0.10746639243589873	0.9998386525417088
random	AIME	catboost	1024	rmse	0.5112585257841802	0.44631906949312244	0.4870402893332418	0.021250236704192235	0.04111206436002653	0.7960238892911617	1.1384232087897694	0.012189256821072818	1.5316569027628293
random	AIME	catboost	1024	rounded_consistency	0.025435540069686412	0.007317073170731707	0.05653303393584653	0.0	0.0	0.014634146341463415	0.039512195121951234	0.0	0.22439024390243903
random	AIME	catboost	2048	mae	0.20721211137120382	0.14691194241604708	0.18837174154263536	0.007852038754393137	0.01426966790005259	0.38607727149903137	0.4546175685256887	0.00457839396607535	0.5019776190179218
random	AIME	catboost	2048	mse	0.3953895450176663	0.21395872249260284	0.4676809174113603	0.00016608524660595376	0.0006867824739295984	0.6160522336559546	1.0781379161757683	0.00010369786634978775	1.4254435816487407
random	AIME	catboost	2048	r2	0.7064581719917423	0.7943005073503525	0.31176868211339037	0.2878368555449118	0.46174742767462706	0.9992729587908257	0.9998359627748329	0.1240006547955752	0.9999001558703495
random	AIME	catboost	2048	rmse	0.45709569343270257	0.3861455857989215	0.4318021214201514	0.012847774809377611	0.024287583826567424	0.7826785662133542	1.0375807155768542	0.010183214931925366	1.193919420081917
random	AIME	catboost	2048	rounded_consistency	0.03466898954703833	0.014634146341463415	0.07605901469148608	0.0	0.0012195121951219512	0.02195121951219512	0.04121951219512197	0.0	0.3048780487804878
random	AIME	icl_llm	32	mae	240034926.8673469	221.7142857142857	865449217.0729293	10.714285714285715	25.75	3608.8928571428573	14926.100000000011	0.0	3360456455.285714
random	AIME	icl_llm	32	mse	4.4517138974539146e+18	114207.07142857142	1.6050882720584761e+19	433.8857142857143	1246.9642857142858	50967170.03571428	824837091.1000009	0.0	6.23239945629812e+19
random	AIME	icl_llm	32	r2	-0.25099705997342514	-0.19397779681533656	1.0313196876423971	-1.5841212674580105	-1.0254284976768195	0.8143911684535263	0.9563489941817716	-2.2401291701277546	1.0
random	AIME	icl_llm	32	rmse	563900963.8118441	294.280560370784	2033157544.4283671	20.793356940184218	32.84824816922392	6483.594821317065	27494.645582285782	0.0	7894554741.274596
random	AIME	icl_llm	32	rounded_consistency	0.25510204081632654	0.0	0.3862753720560755	0.0	0.0	0.5714285714285714	0.8571428571428571	0.0	1.0
random	AIME	icl_llm	64	mae	125651731.03626372	124.96153846153845	453034772.54262173	1.6384615384615386	22.06923076923077	961.4807692307693	18934.16923076925	0.0	1759091832.8461537
random	AIME	icl_llm	64	mse	2.393983700306822e+18	60243.19230769231	8.631630983316826e+18	85.86923076923078	740.56	2046191.25	1888147970.2153873	0.0	3.3515771801539293e+19
random	AIME	icl_llm	64	r2	0.02430062851548823	-0.10902623015970969	0.7693327709438075	-0.7438334719016282	-0.4925671419910365	0.8556314539814244	0.988531445428999	-1.5579885241763267	1.0
random	AIME	icl_llm	64	rmse	413524690.25183314	215.42069183430965	1490966475.430936	5.075506795460847	26.52865829922088	1413.5149232448248	39022.947180773626	0.0	5789280767.205828
random	AIME	icl_llm	64	rounded_consistency	0.2417582417582418	0.0	0.3888309013836073	0.0	0.0	0.3653846153846154	0.953846153846154	0.0	1.0
random	AIME	icl_llm	128	mae	72844941.60576922	1019.0961538461538	241586191.20785892	2.676923076923078	67.67307692307693	2323.346153846154	31604.661538461547	0.0	874095691.7692307
random	AIME	icl_llm	128	mse	1.396402823508623e+18	1646224.3653846153	4.631344220907433e+18	399.03846153846183	8250.096153846154	26719601.03846154	2516848373.43077	0.0	1.675683387923943e+19
random	AIME	icl_llm	128	r2	-2.1866716562696054	-0.31482940448870067	5.909740610821368	-2.004649539496284	-1.288639955439057	-0.08489507100293403	0.8952224626910917	-21.55726153593069	1.0
random	AIME	icl_llm	128	rmse	341131703.83774316	1248.1909800758344	1131384984.9389822	10.393218230529637	89.39790663726426	5128.6041022197605	48181.531645727344	0.0	4093511192.025671
random	AIME	icl_llm	128	rounded_consistency	0.25	0.0	0.37863947245185536	0.0	0.0	0.34615384615384615	0.9346153846153847	0.0	1.0
random	AIME	lightgbm	32	mae	0.7221699700603373	0.680583976193198	0.2872556025564159	0.38258022319951224	0.5270867987715506	0.9807410338521003	1.0678357055352201	0.24505100373710906	1.2486029213454042
random	AIME	lightgbm	32	mse	0.9320731159529239	0.6180323503373675	0.7225397753007312	0.19343274637578178	0.3993311710720931	1.527524092003699	1.9277711603808736	0.06007114367311329	2.4234937353090493
random	AIME	lightgbm	32	r2	-202.93130363120363	-0.11433064687589545	731.2096631982664	-0.43208783613288887	-0.2310204964773439	-0.01223367829592048	-0.001963615499477562	-2839.345190405153	-0.00015817251494998352
random	AIME	lightgbm	32	rmse	0.8847276001659051	0.7856702126983579	0.3864326454346246	0.4242964010312221	0.6314623015404572	1.2352282308656366	1.3874797328590835	0.24509415267017956	1.5567574426701962
random	AIME	lightgbm	32	rounded_consistency	0.0	0.0	0.0	0.0	0.0	0.0	0.0	0.0	0.0
random	AIME	lightgbm	64	mae	0.7103959374046698	0.7605666530469091	0.2616090468843879	0.38405415000120807	0.4769279548191925	0.8464878622859997	0.9751130887152452	0.36841393511720505	1.3195278158524992
random	AIME	lightgbm	64	mse	1.1702820058541465	0.8025793278164357	1.0178092128134268	0.23095141390012522	0.3874030497970126	1.7583179560348334	2.818594846539023	0.19514210964877418	3.325211448337896
random	AIME	lightgbm	64	r2	-25.869563445027513	0.21843834940450352	93.74251137067053	-1.6807072888056462	0.006189476011337514	0.5362591081340335	0.7487887190282997	-363.8520921688185	0.8394522420917101
random	AIME	lightgbm	64	rmse	0.9841832864874541	0.8958399729296203	0.4490715582765184	0.4805413836291594	0.6168562801653905	1.316985460575848	1.6751047731445485	0.44174892150267236	1.8235162319918887
random	AIME	lightgbm	64	rounded_consistency	0.0	0.0	0.0	0.0	0.0	0.0	0.0	0.0	0.0
random	AIME	lightgbm	128	mae	0.444910319062875	0.48003287306357756	0.24885681879080346	0.10976798185404506	0.28288116943628794	0.5911822907023342	0.7568740790547577	0.034008304373153476	0.9115845565315961
random	AIME	lightgbm	128	mse	0.606753664706998	0.4069023508385774	0.6578801495502258	0.021580150749907677	0.16114979756924203	0.8202784973664454	1.4790730757433148	0.003393216199082126	2.3337077801507617
random	AIME	lightgbm	128	r2	-11.543086014075067	0.45420137984046643	38.02789130713369	-13.572568504380659	-0.2516634165046342	0.8597182073763189	0.979797551437068	-147.469291416749	0.9965482165975459
random	AIME	lightgbm	128	rmse	0.6584969440810975	0.6378879888323912	0.4160954690246623	0.14537452497923306	0.4014195604800887	0.8998718566498649	1.212681877801449	0.058251319290485826	1.5276477932268162
random	AIME	lightgbm	128	rounded_consistency	0.0	0.0	0.0	0.0	0.0	0.0	0.0	0.0	0.0
random	AIME	lightgbm	256	mae	0.3738382389390491	0.3530360714249767	0.2661731419769089	0.04968392160185243	0.15111613201765509	0.5688982130842773	0.7160752534380335	0.0062390423606449585	0.8908707222612586
random	AIME	lightgbm	256	mse	0.6918240375987811	0.24149057343363825	1.0799451304375323	0.004802421559115267	0.06014566888757819	0.6240924587866898	1.7969410681917752	0.00016354884765259106	4.044472388935726
random	AIME	lightgbm	256	r2	0.303301724971104	0.5169214464840204	0.7842405580470192	-0.547755463323931	0.015553799751985314	0.9495061975651844	0.9950211751425656	-1.8477719469651586	0.9998258495718028
random	AIME	lightgbm	256	rmse	0.6283097559171951	0.4913520732964711	0.5450237501412722	0.06671239736141188	0.23405155029949437	0.7898296740489502	1.3296617303680056	0.012788621804267692	2.0110873648192724
random	AIME	lightgbm	256	rounded_consistency	0.01098901098901099	0.0	0.029716081940637275	0.0	0.0	0.0	0.019230769230769232	0.0	0.11538461538461539
random	AIME	lightgbm	512	mae	0.2871688447369931	0.2821499904630691	0.2246865359769302	0.03442162967934037	0.06633764340600379	0.4499304189021405	0.6019754518814121	0.00033917017954055746	0.6108124362767997
random	AIME	lightgbm	512	mse	0.8379459137824538	0.22515090766755075	1.8203671359142888	0.0025964635906295446	0.010876556219941842	0.6695258082200581	1.1971475162642453	4.851741733703671e-07	7.243832820020028
random	AIME	lightgbm	512	r2	0.6219099912407486	0.7500774060167321	0.3839644487206615	0.0796600127911748	0.35950009478601247	0.9904346423897522	0.997698445704587	-0.07888727229596393	0.9999995394731629
random	AIME	lightgbm	512	rmse	0.6066723306397144	0.44141990194055225	0.6854885827047966	0.05058742345732706	0.10365616120968615	0.8176799438398081	1.090504266223525	0.0006965444518265629	2.6914369433482976
random	AIME	lightgbm	512	rounded_consistency	0.02427184466019417	0.0	0.04892361726617829	0.0	0.0	0.01699029126213592	0.08737864077669913	0.0	0.1650485436893204
random	AIME	lightgbm	1024	mae	0.2670790069707016	0.24574813724145889	0.22190982660754718	0.01368007140792651	0.042503607864656845	0.4613847209728651	0.5452870417529294	0.00012796561302164328	0.6122583172178365
random	AIME	lightgbm	1024	mse	0.5766894313769856	0.30001766286517284	0.7809164090844074	0.0005040934615891139	0.006495021497006742	0.80381740110432	1.3349859879615757	7.481549626430754e-08	2.861181913692863
random	AIME	lightgbm	1024	r2	0.6216005435544762	0.7315613671279763	0.3779714640801392	0.11481360071736932	0.2964180607934969	0.9914669867977178	0.9994859227758525	0.060689883900280295	0.9999999187545152
random	AIME	lightgbm	1024	rmse	0.5558454043922436	0.4864346243731204	0.5174217987222887	0.022116240162475848	0.07969278522692329	0.8965227458762361	1.1453891313363385	0.0002735242151333361	1.6915028565429213
random	AIME	lightgbm	1024	rounded_consistency	0.0613240418118467	0.0024390243902439024	0.13078414733925323	0.0	0.0	0.023170731707317073	0.26975609756097596	0.0	0.3902439024390244
random	AIME	lightgbm	2048	mae	0.23362116544478734	0.22493337183335027	0.19914933861021406	0.0061616973787360935	0.027745788548447236	0.41714932512101593	0.4857479760768722	0.00011896857182339303	0.5075421311428618
random	AIME	lightgbm	2048	mse	0.47655606454435107	0.23127838579658	0.6127234225335423	0.000131523526608072	0.0026769537020811624	0.678173494758666	1.1611184760060096	9.181489667398384e-08	2.1559890448385657
random	AIME	lightgbm	2048	r2	0.6611868085244269	0.7772861545550058	0.35177971743996006	0.20936981613406683	0.3611805370815021	0.9971398856756917	0.9998701183679788	0.042225464147366054	0.9999999105484562
random	AIME	lightgbm	2048	rmse	0.5015716097130442	0.42001758603749734	0.4743226590351939	0.011275484596408165	0.05137877632273352	0.8222856373177643	1.0761602542956323	0.0003030097303288854	1.468328656956121
random	AIME	lightgbm	2048	rounded_consistency	0.10034843205574914	0.00853658536585366	0.22234879799264634	0.0	0.0024390243902439024	0.023170731707317073	0.36487804878048824	0.0	0.7634146341463415
random	AIME	random_forest	32	mae	0.4650162715372554	0.38726376301901677	0.27927653782080486	0.17658694246669435	0.28216586151040557	0.6790406183786691	0.8712430948224985	0.031738324114254535	1.0091605601469056
random	AIME	random_forest	32	mse	0.49444459987186357	0.39194784573001085	0.4177566583239845	0.05864744422248439	0.15567700865813489	0.7446507993444411	1.0469718482501942	0.004620387819976966	1.4103335622380404
random	AIME	random_forest	32	r2	-988.8354703633225	0.39323501266629834	3564.44793037081	-5.219029452346835	-0.3250303784939163	0.8792993191609461	0.9007021238283378	-13840.633387599599	0.9914825189825716
random	AIME	random_forest	32	rmse	0.625038295697704	0.6209397704086492	0.3221361960152462	0.24181969372587056	0.3941304115766948	0.8629257827840122	1.0202044353932809	0.06797343466367553	1.1875746554377289
random	AIME	random_forest	32	rounded_consistency	0.02040816326530612	0.0	0.0735826790911018	0.0	0.0	0.0	0.0	0.0	0.2857142857142857
random	AIME	random_forest	64	mae	0.5218786509547111	0.5141222205345447	0.31030266647680865	0.13217408451162496	0.2557581457004933	0.6744700394493457	0.8684437321855257	0.08780231414391444	1.2231917836902162
random	AIME	random_forest	64	mse	0.9597157069264668	0.5228782021982943	1.023454053173772	0.04270503494622604	0.14857595091125042	1.7357444984101253	2.5246991945094277	0.02721806607926856	3.1469910188399797
random	AIME	random_forest	64	r2	-12.434990326427274	0.158613766733386	46.091501085427026	-0.47101925830245406	-0.02708260026591011	0.8114181994861773	0.9656214560111431	-178.61135007800075	0.9757778645127043
random	AIME	random_forest	64	rmse	0.8246248354052204	0.7229475022230423	0.5288757772477201	0.2065909704267721	0.3801080486617685	1.3090873391375268	1.5845847236482768	0.16497898678094905	1.773976047989369
random	AIME	random_forest	64	rounded_consistency	0.03296703296703297	0.0	0.06950060791578858	0.0	0.0	0.0	0.13076923076923086	0.0	0.23076923076923078
random	AIME	random_forest	128	mae	0.3830236755139377	0.38781510380997375	0.19604379926854482	0.13640370350321038	0.2669948133672229	0.43567837064409665	0.6560019695224922	0.05735857790250046	0.7776166623551398
random	AIME	random_forest	128	mse	0.5631196903884709	0.2982560674495601	0.7464939247098055	0.03496002634589525	0.15049974865448437	0.6177653725338556	1.1407519170935259	0.020915691571481116	2.961419695294801
random	AIME	random_forest	128	r2	-6.183282731227378	0.34169083673628287	20.59047032653224	-8.614946922593338	-0.150301272884315	0.887424757371979	0.9690869020181928	-79.50295296123079	0.9787233017934969
random	AIME	random_forest	128	rmse	0.6310853017734114	0.5450290389863146	0.4060185122307022	0.18685352378731035	0.3836501770896914	0.7859577505652966	1.0561457158594016	0.14462258320013896	1.7208775945124049
random	AIME	random_forest	128	rounded_consistency	0.04395604395604395	0.0	0.14814800838145895	0.0	0.0	0.0	0.026923076923076966	0.0	0.5769230769230769
random	AIME	random_forest	256	mae	0.3540848469232244	0.32747567867392524	0.2411269932569844	0.07046867946046763	0.18137263528165373	0.545817409575675	0.6744046581672004	0.00018477046260466688	0.8072966452081902
random	AIME	random_forest	256	mse	0.8520700301342157	0.2880039683817689	1.2195638740695083	0.010513284389628641	0.08972551380218305	0.7583764015603156	2.954853108792272	5.004777697793671e-07	3.7889044160799306
random	AIME	random_forest	256	r2	-0.5796088785730851	0.4365695562855401	3.804070636867865	-0.8059284327542784	0.14530216115552627	0.912686845929167	0.988834658184717	-14.148856153686287	0.9999994670802078
random	AIME	random_forest	256	rmse	0.7049172905227374	0.5364319617847191	0.5959543972958823	0.10195404642527577	0.29160955985549086	0.8692951496428069	1.706176252761128	0.000707444534772421	1.9465108312259478
random	AIME	random_forest	256	rounded_consistency	0.08928571428571429	0.0	0.226798152293687	0.0	0.0	0.03365384615384616	0.15384615384615385	0.0	0.8846153846153846
random	AIME	random_forest	512	mae	0.291712694201277	0.30927311577567757	0.19153082670320462	0.04865387215722281	0.12459161985990168	0.4323992807660792	0.5440599542371609	6.225537327887087e-06	0.5737076634431565
random	AIME	random_forest	512	mse	0.8052371605001735	0.2707767330605192	1.6476511190985785	0.004716354012108561	0.05200230589459895	0.642655383044493	1.183053980790485	3.858974892178856e-09	6.586059664573064
random	AIME	random_forest	512	r2	0.6096227146840378	0.648908713012283	0.3602044540150005	0.09226390385555172	0.4191635323170473	0.9534324224636778	0.9959135640754716	-0.0550951677535807	0.9999999963370649
random	AIME	random_forest	512	rmse	0.6332779763200331	0.5045097106990827	0.6357642371258208	0.06859169871306513	0.22462323032435044	0.8006658946646916	1.0848597489716514	6.212064787314163e-05	2.566331947463746
random	AIME	random_forest	512	rounded_consistency	0.09500693481276004	0.0	0.2536558854190101	0.0	0.0	0.024271844660194174	0.1611650485436894	0.0	0.9902912621359223
random	AIME	random_forest	1024	mae	0.2635190327989721	0.2381156910398237	0.19299908822048345	0.021350852848668358	0.07677778738848162	0.438869825222511	0.4850575906279025	1.4023199314119273e-07	0.5825052480348953
random	AIME	random_forest	1024	mse	0.5641128066761417	0.24647360252501416	0.7702501825091437	0.00104659156541732	0.023591029504938698	0.8136050165451346	1.3257715748642531	8.818528774015234e-13	2.8323605984524103
random	AIME	random_forest	1024	r2	0.6347822350753763	0.7738968299495889	0.35399705199279746	0.17189910817121337	0.30384287929567066	0.9660790098997376	0.9989344353908414	0.05915100306461385	0.9999999999990423
random	AIME	random_forest	1024	rmse	0.5646211908884905	0.4670896129035149	0.49529356696388094	0.0319415069947962	0.15252292921523203	0.90192931039791	1.143000296776296	9.390702196329747e-07	1.6829618529403483
random	AIME	random_forest	1024	rounded_consistency	0.12613240418118468	0.004878048780487805	0.2625606051215581	0.0	0.0	0.15609756097560976	0.2843902439024391	0.0	1.0
random	AIME	random_forest	2048	mae	0.23579545742586192	0.21019919499601378	0.18039812801487565	0.008331756818634739	0.05984391808351572	0.4072910575291795	0.4281477490722256	1.2035486174615143e-08	0.5061845631969457
random	AIME	random_forest	2048	mse	0.4253558131311209	0.22184304747731876	0.4856050146053549	0.00021345778934629277	0.015630245273987854	0.7099708923258516	1.1306844106320786	3.711641070511269e-14	1.487712550806011
random	AIME	random_forest	2048	r2	0.6830275012215046	0.7848961744343236	0.3198709371801081	0.24570036779154011	0.467724796866418	0.9832668530152583	0.9997887534076354	0.07907660438921049	0.9999999999999638
random	AIME	random_forest	2048	rmse	0.4997353191533779	0.45028227857632996	0.41907090560165655	0.014470246942551614	0.12481940597269328	0.841596642261291	1.0624808693546215	1.926561982006099e-07	1.219718225987466
random	AIME	random_forest	2048	rounded_consistency	0.16829268292682928	0.00975609756097561	0.29458297315022525	0.0	0.0	0.19329268292682927	0.5546341463414636	0.0	1.0
random	AIME	realmlp	32	mae	0.5812062301806041	0.5588235557079315	0.1761268484344626	0.40202980041503905	0.4988507330417633	0.6879039108753204	0.8148841083049775	0.24290379881858826	0.931363582611084
random	AIME	realmlp	32	mse	0.9245078558368343	0.9435069859027863	0.729679825006793	0.38378846645355225	0.47134438157081604	1.020990014076233	1.1271463751792907	0.11246495693922043	3.3006317615509033
random	AIME	realmlp	32	r2	-11148.196719003576	-0.03798815608024597	40192.091675926284	-8.315571761131286	-0.668584018945694	0.22658243775367737	0.6625187695026399	-156062.84375	0.9306935667991638
random	AIME	realmlp	32	rmse	0.9041269975251808	0.9712919763473693	0.32720364940345037	0.6186114169969896	0.6863454649972759	1.0104396487314566	1.0616605439995612	0.3353579534455988	1.816764090780887
random	AIME	realmlp	32	rounded_consistency	0.0	0.0	0.0	0.0	0.0	0.0	0.0	0.0	0.0
random	AIME	realmlp	64	mae	0.6391206947820527	0.5855889320373535	0.2667967974326732	0.32016628682613374	0.44380807131528854	0.9206859767436981	0.9982430398464204	0.1797807365655899	1.0115134716033936
random	AIME	realmlp	64	mse	1.534593696572951	1.0991541147232056	1.553254555662353	0.30261781215667727	0.49246696382761	1.9051573276519775	3.12993896007538	0.09687431901693344	6.102815628051758
random	AIME	realmlp	64	r2	-664.6955805335726	0.27376389503479004	2396.9172797302253	-1.6112409114837645	-0.3808613121509552	0.6274149268865585	0.775190281867981	-9306.9033203125	0.9256159067153931
random	AIME	realmlp	64	rmse	1.1070839734443743	1.0469875867650256	0.5558405997366213	0.5480692967304815	0.7014890020963983	1.3798831414016208	1.7566527877046256	0.3112463959902724	2.4703877485228425
random	AIME	realmlp	64	rounded_consistency	0.0	0.0	0.0	0.0	0.0	0.0	0.0	0.0	0.0
random	AIME	realmlp	128	mae	0.4200656201158251	0.40455594658851624	0.20577089023485431	0.24495310038328172	0.26679782569408417	0.4980473145842552	0.7498588204383851	0.07195894420146942	0.8063570857048035
random	AIME	realmlp	128	mse	0.7694917377084494	0.45497462153434753	0.9423088722606058	0.1038207694888115	0.17312493175268173	0.6839650124311447	1.9184195876121528	0.01918460801243782	3.5033793449401855
random	AIME	realmlp	128	r2	-32.788005254098344	0.3487001359462738	116.19156433373786	-8.47809281349182	-0.11403685808181763	0.8004732429981232	0.920553594827652	-451.5764465332031	0.9804842472076416
random	AIME	realmlp	128	rmse	0.7451544622195906	0.6690343552026851	0.46285695969995094	0.3213117481892561	0.4150974769246252	0.8269898411220307	1.3805482133257345	0.1385085124186879	1.8717316434094353
random	AIME	realmlp	128	rounded_consistency	0.008241758241758242	0.0	0.02145672987886444	0.0	0.0	0.0	0.026923076923076966	0.0	0.07692307692307693
random	AIME	realmlp	256	mae	0.3501174109322684	0.29872700572013855	0.2600734666111385	0.08497250676155091	0.1383378840982914	0.5142933577299118	0.7452145099639894	0.06084667146205902	0.8844389319419861
random	AIME	realmlp	256	mse	0.8993889131982412	0.21966160833835602	1.2824932600679304	0.03567610196769237	0.05855901539325714	1.13194140791893	2.7919255375862138	0.021410105749964714	4.238849639892578
random	AIME	realmlp	256	r2	-0.47432813474110197	0.5612798929214478	3.550536060981489	-0.22017898559570312	-0.028163611888885498	0.9367462992668152	0.9638521432876587	-13.182038307189941	0.9857694506645203
random	AIME	realmlp	256	rmse	0.7261263533310526	0.46851990015856626	0.6100241242741047	0.18640504068137317	0.24156768715520033	1.0639094015896629	1.6602848487432647	0.14632192504872507	2.058846677121096
random	AIME	realmlp	256	rounded_consistency	0.0013736263736263737	0.0	0.004952680323439547	0.0	0.0	0.0	0.0	0.0	0.019230769230769232
random	AIME	realmlp	512	mae	0.28983540793082546	0.2895238995552063	0.23749869668706425	0.04815582185983658	0.09322750568389893	0.3749978020787239	0.5162296026945116	0.02264472283422947	0.9403732419013977
random	AIME	realmlp	512	mse	0.8253018053032325	0.2518400624394417	1.5245131987266545	0.007166601112112403	0.017601079773157835	1.0313917770981789	1.3852273106575013	0.0006962049519643188	6.019110679626465
random	AIME	realmlp	512	r2	0.5617969036102295	0.6991384923458099	0.4523968836841496	-0.1367693066596985	0.3531098961830139	0.9848191440105438	0.9932710826396942	-0.29911255836486816	0.9993391633033752
random	AIME	realmlp	512	rmse	0.6438227063402461	0.493456686493794	0.64093223362845	0.08396331254936479	0.1324680755600206	0.9999958360495282	1.1769151603902945	0.026385695972710645	2.453387592620959
random	AIME	realmlp	512	rounded_consistency	0.00624133148404993	0.0	0.010121026018950366	0.0	0.0	0.009708737864077669	0.02330097087378643	0.0	0.02912621359223301
random	AIME	realmlp	1024	mae	0.24912635476461478	0.19568733125925064	0.230841453398421	0.025653795152902604	0.04717798810452223	0.3709782436490059	0.5094764411449433	0.01662147045135498	0.83612459897995
random	AIME	realmlp	1024	mse	0.5018989841711508	0.33971600234508514	0.5422905351079723	0.0020828049280680718	0.00527296494692564	0.8948216289281845	1.3240442872047429	0.00039390457095578313	1.5059623718261719
random	AIME	realmlp	1024	r2	0.6171417789799827	0.7945345640182495	0.4052515643963828	0.035102635622024536	0.21546173095703125	0.9945229440927505	0.9971585929393768	-0.050815582275390625	0.999572217464447
random	AIME	realmlp	1024	rmse	0.5410951924548721	0.5183478544138804	0.457290910551889	0.045439537699894304	0.07193308431665849	0.9433883169436642	1.1476772782109552	0.019847029272810155	1.2271765854294043
random	AIME	realmlp	1024	rounded_consistency	0.010801393728222999	0.0	0.020462783080175642	0.0	0.0	0.00975609756097561	0.024390243902439025	0.0	0.07804878048780488
random	AIME	realmlp	2048	mae	0.23208648239129356	0.15392370522022247	0.23223051853984783	0.017577160522341727	0.030226817820221186	0.3777628019452095	0.4771791279315949	0.0140984570607543	0.8240170478820801
random	AIME	realmlp	2048	mse	0.48073983642513796	0.28831496834754944	0.5248678174740766	0.0007065891404636204	0.0017090430483222008	0.9778678715229034	1.2666739106178286	0.00045930829946883023	1.3565566539764404
random	AIME	realmlp	2048	r2	0.6225053838321141	0.7459527850151062	0.4047306332669544	0.002960628271102911	0.3106486648321152	0.9983226358890533	0.9992437541484833	-0.05072629451751709	0.9995524883270264
random	AIME	realmlp	2048	rmse	0.5154937095762376	0.4654226272967539	0.46368747213232714	0.02658077138169785	0.04084624535067768	0.98388148974844	1.1243410433077683	0.02143147917127584	1.164713120891338
random	AIME	realmlp	2048	rounded_consistency	0.015679442508710804	0.0036585365853658534	0.025442698625127082	0.0	0.0	0.024390243902439025	0.03195121951219513	0.0	0.0975609756097561
random	AIME	tabm	32	mae	0.44063799349325045	0.4084997922182083	0.24504998930378802	0.16589531004428865	0.29169368743896484	0.5116575360298157	0.8076248764991762	0.07513383775949478	0.9560465812683105
random	AIME	tabm	32	mse	0.46395059927765814	0.37557391822338104	0.3827526069394479	0.05523864459246397	0.15103626251220703	0.6367924809455872	1.1050603389739992	0.01908275857567787	1.1637908220291138
random	AIME	tabm	32	r2	-1393.5060523748398	0.42802491784095764	5025.381157115354	-0.5787554621696472	-0.3545167148113251	0.645222932100296	0.9301485419273378	-19512.775390625	0.9840887188911438
random	AIME	tabm	32	rmse	0.612552161745565	0.6120899410077625	0.29787656574241156	0.2180704190338289	0.3854178348260534	0.7966958370124098	1.0508759172038469	0.13814035824362797	1.0787913709467247
random	AIME	tabm	32	rounded_consistency	0.01020408163265306	0.0	0.0367913395455509	0.0	0.0	0.0	0.0	0.0	0.14285714285714285
random	AIME	tabm	64	mae	0.4886386152356863	0.5064995437860489	0.2901482352523672	0.12546260729432107	0.2849208936095238	0.6769444495439529	0.7516565918922424	0.04654448851943016	1.1488451957702637
random	AIME	tabm	64	mse	0.9947332812672747	0.45490074157714844	1.085163650685003	0.05296776434406639	0.1772925816476345	1.6644861698150635	2.2614627838134767	0.002957735676318407	3.7551095485687256
random	AIME	tabm	64	r2	-39.74380351815905	0.1842879056930542	144.7026462672284	-0.16669965982437135	-0.024152040481567383	0.80767922103405	0.969300538301468	-561.4744873046875	0.9975665807723999
random	AIME	tabm	64	rmse	0.8335022221420736	0.6714079525791923	0.5477292460253516	0.19926052114262055	0.41798499454902177	1.2872597634321095	1.5037899228282932	0.0543850685052286	1.9378105037822262
random	AIME	tabm	64	rounded_consistency	0.005494505494505495	0.0	0.019810721293758184	0.0	0.0	0.0	0.0	0.0	0.07692307692307693
random	AIME	tabm	128	mae	0.3333080876618624	0.32099857926368713	0.22229973710495235	0.07147417739033698	0.17250527068972588	0.39117033034563065	0.6853390574455263	0.042448122054338455	0.7857375741004944
random	AIME	tabm	128	mse	0.45951602617943926	0.22973863035440445	0.6638644898481124	0.02070425064302981	0.07833645027130842	0.38187044113874435	1.104768770933152	0.003228507936000824	2.5453124046325684
random	AIME	tabm	128	r2	-2.7398737243243625	0.5781999230384827	9.835163885187432	-5.217101895809173	-0.03306952118873596	0.8854770064353943	0.9869125843048095	-37.43622589111328	0.9966545104980469
random	AIME	tabm	128	rmse	0.5471972225617939	0.4790081214387947	0.4001140160005617	0.1271684066223166	0.2718507901222792	0.6179542100676569	1.039771935631382	0.05681996071805069	1.5954035240755138
random	AIME	tabm	128	rounded_consistency	0.005494505494505495	0.0	0.013458734850457022	0.0	0.0	0.0	0.026923076923076966	0.0	0.038461538461538464
random	AIME	tabm	256	mae	0.27498472069523167	0.14288395643234253	0.2669935138655257	0.0472720667719841	0.07298530079424381	0.48667823523283005	0.7071794986724855	0.02811182476580143	0.7944138646125793
random	AIME	tabm	256	mse	0.598796175676398	0.07908616587519646	1.1089289895169858	0.003919210052117705	0.016585320932790637	0.7256752401590347	1.4867804169654855	0.0014595694374293089	4.186486721038818
random	AIME	tabm	256	r2	0.571942789213998	0.7718007266521454	0.45532627330932846	-0.04805940389633179	0.17952419817447662	0.9857043772935867	0.9957105278968811	-0.3122220039367676	0.9985823631286621
random	AIME	tabm	256	rmse	0.5274457994112528	0.281184236075529	0.5662129496574785	0.06141860738029228	0.12495492630064729	0.8349617911354226	1.2070739685146337	0.03820431176489519	2.0460905945335894
random	AIME	tabm	256	rounded_consistency	0.017857142857142853	0.0	0.04389160799085291	0.0	0.0	0.019230769230769232	0.019230769230769232	0.0	0.17307692307692307
random	AIME	tabm	512	mae	0.23984492982604674	0.1777082122862339	0.22581987290952368	0.02582866996526718	0.038550907745957375	0.3774590492248535	0.5087435811758042	0.01885273866355419	0.7766827344894409
random	AIME	tabm	512	mse	0.908650533146491	0.11458598170429468	2.090579392765528	0.001428333215881139	0.004281566012650728	0.7537366673350334	1.2800971031188968	0.0007298485143110156	8.277433395385742
random	AIME	tabm	512	r2	0.631062354360308	0.872884601354599	0.41081085454903643	0.022061562538146978	0.281225323677063	0.996250107884407	0.9986672282218934	-0.0964118242263794	0.9993887543678284
random	AIME	tabm	512	rmse	0.592496491859085	0.3055356585970096	0.7467251437317268	0.037464026602895814	0.06513342098522462	0.8619804132355118	1.1306320591221808	0.027015708658316102	2.8770529010405324
random	AIME	tabm	512	rounded_consistency	0.019417475728155338	0.0	0.05708492545702268	0.0	0.0	0.007281553398058252	0.02330097087378643	0.0	0.22330097087378642
random	AIME	tabm	1024	mae	0.2153272149818284	0.14307963475584984	0.21956152409235594	0.01528094857931137	0.019639983773231506	0.3465369716286659	0.506249561905861	0.011333368718624115	0.7192152738571167
random	AIME	tabm	1024	mse	0.46933454617101233	0.2235721880570054	0.5976506711567783	0.0006297847314272076	0.0011238875158596784	0.668926402926445	1.327339410781861	0.0002652572875376791	1.9296098947525024
random	AIME	tabm	1024	r2	0.6755653279168266	0.8262916505336761	0.35100733866732975	0.1606651723384857	0.3367229998111725	0.9985501319169998	0.9993920028209686	0.11832612752914429	0.999712347984314
random	AIME	tabm	1024	rmse	0.48971994402473173	0.3926826863753368	0.47907089516628537	0.024676053191824216	0.03351986008331154	0.8171200383449764	1.1420591216550018	0.016286721202798282	1.3891039898987054
random	AIME	tabm	1024	rounded_consistency	0.021951219512195124	0.004878048780487805	0.05285267529623487	0.0	0.0	0.013414634146341465	0.027804878048780495	0.0	0.2097560975609756
random	AIME	tabm	2048	mae	0.1962137330722596	0.10339629836380482	0.20495174438017247	0.00950928870588541	0.018239537719637156	0.34342270344495773	0.42905848026275634	0.008923224173486233	0.6695172786712646
random	AIME	tabm	2048	mse	0.3869050035251088	0.21552347973920405	0.431043085376564	0.0003099407447734848	0.000968973123235628	0.686437338590622	1.0600086450576784	0.0001427350362064317	1.1571663618087769
random	AIME	tabm	2048	r2	0.6993604387555804	0.8053867518901825	0.32354002212734423	0.29130731225013734	0.4050462394952774	0.9990294277667999	0.9996746063232422	0.10371220111846924	0.999862551689148
random	AIME	tabm	2048	rmse	0.44992761583345375	0.36874764629949774	0.42949987664204614	0.017403342056393788	0.030776914268459823	0.8274982804765123	1.0277807736520639	0.011947176913665909	1.0757166735757036
random	AIME	tabm	2048	rounded_consistency	0.023867595818815333	0.0024390243902439024	0.04609487457309341	0.0	0.0	0.01707317073170732	0.062195121951219526	0.0	0.17317073170731706
random	AIME	tabpfn2	32	mae	0.3318255949166736	0.2664923444390297	0.29113972419962236	0.04150584563612938	0.11557706259191036	0.39893751591444016	0.6870230317115785	0.005714000668376684	1.1029168367385864
random	AIME	tabpfn2	32	mae_original	21805192.119858894	406.27830505371094	78610503.37859793	19.742831230163574	63.126742362976074	2358.5545654296875	17807.39274902346	3.6667959690093994	305239392.0
random	AIME	tabpfn2	32	mse	0.32297038673849393	0.17746149003505707	0.38013576898988866	0.0057279227534309035	0.03845371352508664	0.47653409093618393	0.703795808553696	6.100946484366432e-05	1.4157041311264038
random	AIME	tabpfn2	32	mse_original	1.920275591933473e+16	402586.99609375	6.923652075338821e+16	655.6182922363282	9879.7744140625	9882257.0	831506335.2000012	25.47020149230957	2.6883858163040256e+17
random	AIME	tabpfn2	32	r2	-54.47486965571131	0.5832198262214661	198.23178573875398	-0.5229848504066468	0.18161095678806305	0.8921059668064117	0.9713200390338899	-769.2077026367188	0.9999623894691467
random	AIME	tabpfn2	32	r2_original	-54.47477376035282	0.5832198560237885	198.23143991819603	-0.5229850888252259	0.1816108375787735	0.8921060115098953	0.9713200569152833	-769.2063598632812	0.9999623894691467
random	AIME	tabpfn2	32	rmse	0.4622125589031333	0.4167225930595891	0.3306507782097472	0.06851683250592283	0.17671096188732105	0.6876330714445996	0.8369512425978931	0.0078108555769303735	1.189833656914446
random	AIME	tabpfn2	32	rmse_original	37039037.772867724	588.2423456662065	133532264.26671125	24.77190152972233	97.92769530541904	3051.5239604198277	26196.658434256424	5.046801114796339	518496462.50519645
random	AIME	tabpfn2	32	rounded_consistency	0.0	0.0	0.0	0.0	0.0	0.0	0.0	0.0	0.0
random	AIME	tabpfn2	64	mae	0.34869383248899666	0.27447451651096344	0.31320033701833344	0.02723006457090378	0.07832247391343117	0.5713076218962669	0.738152813911438	0.004453133791685104	1.0536240339279175
random	AIME	tabpfn2	64	mae_original	10014093.919889526	298.2686462402344	36092577.709767014	16.993828678131102	65.11428260803223	1429.7908630371094	30099.254736328163	1.778234601020813	140147728.0
random	AIME	tabpfn2	64	mse	0.7278307854217668	0.15976736694574356	1.08559522572065	0.0014888899517245592	0.03817971143871546	0.9086831659078598	2.1593596220016487	3.473605465842411e-05	3.7242331504821777
random	AIME	tabpfn2	64	mse_original	1540093162396966.8	710643.28125	5552883851068308.0	502.9767181396484	11772.540832519531	7645120.25	2531834316.400004	9.831376075744629	2.1561300614119424e+16
random	AIME	tabpfn2	64	r2	0.2953883537224361	0.559782087802887	0.9941847230591383	-0.11822493076324463	0.10628487169742584	0.951667919754982	0.9931096434593201	-2.92972469329834	0.9999733567237854
random	AIME	tabpfn2	64	r2_original	0.29538830689021517	0.5597821772098541	0.9941848473823088	-0.11822504997253418	0.10628485679626465	0.951667919754982	0.9931096613407135	-2.929725170135498	0.9999733567237854
random	AIME	tabpfn2	64	rmse	0.6192408958835938	0.3994729610127409	0.5868317461479492	0.037614221832184415	0.19516407578660652	0.9491931023214943	1.466513179631872	0.005893730114148773	1.9298272333248325
random	AIME	tabpfn2	64	rmse_original	10493818.532804506	814.9213012370593	37814982.94324004	22.325038672414333	85.66521108922691	2763.8417564661813	43925.2631917298	3.1355025236386957	146837667.55883664
random	AIME	tabpfn2	64	rounded_consistency	0.03296703296703297	0.0	0.11886432776254913	0.0	0.0	0.0	0.0	0.0	0.46153846153846156
random	AIME	tabpfn2	128	mae	0.23756887261489673	0.20533940196037292	0.21350271073350724	0.019281108397990465	0.050071838311851025	0.41564323753118515	0.47696185708045963	0.0026070079766213894	0.7133649587631226
random	AIME	tabpfn2	128	mae_original	9948570.996349743	226.5815658569336	35854329.0904527	11.672495079040527	39.956393241882324	1073.2881927490234	37091.37753906255	1.5156631469726562	139223184.0
random	AIME	tabpfn2	128	mse	0.3661495532232948	0.09175848960876465	0.7240676085543306	0.0023653034062590455	0.012941946974024177	0.2856806814670563	0.8145118981599815	1.3329390640137717e-05	2.8045783042907715
random	AIME	tabpfn2	128	mse_original	3939560623489854.5	410180.7734375	1.4204286521023106e+16	239.31695251464845	4447.313659667969	3498533.6875	3297785130.000005	7.11979341506958	5.515384400642048e+16
random	AIME	tabpfn2	128	r2	0.13253651772226607	0.7509996294975281	1.8560774955630366	0.010685735940933236	0.1701534539461136	0.976140484213829	0.997678691148758	-6.426146030426025	0.9999892115592957
random	AIME	tabpfn2	128	r2_original	0.13253650494984218	0.7509996592998505	1.8560774988875268	0.010685616731643685	0.17015340924263	0.976140484213829	0.997678691148758	-6.426146030426025	0.9999892115592957
random	AIME	tabpfn2	128	rmse	0.41612450598056305	0.29877598582959247	0.43930621296053524	0.04184222809865014	0.11286714284340345	0.5327598016156143	0.8814955944880295	0.0036509438012845004	1.674687524373061
random	AIME	tabpfn2	128	rmse_original	16780405.06703002	599.2461939859968	60481225.42803054	15.468931905859694	64.87591806770682	1870.112626423817	48633.23543888636	2.6682941020565143	234848555.4701593
random	AIME	tabpfn2	128	rounded_consistency	0.0521978021978022	0.0	0.12040992857588531	0.0	0.0	0.028846153846153848	0.11538461538461539	0.0	0.46153846153846156
random	AIME	tabpfn2	256	mae	0.2342505195494076	0.11584584042429924	0.2403746125393284	0.0023805085453204814	0.025507982820272446	0.42743539810180664	0.5670045077800752	0.0005791622679680586	0.7225102186203003
random	AIME	tabpfn2	256	mae_original	19205063.22595148	149.86515045166016	69230772.54492491	7.965771341323853	11.57953143119812	988.8560028076172	32551.46801757817	0.38486069440841675	268820160.0
random	AIME	tabpfn2	256	mse	0.5014701889619134	0.12164421007037163	0.9454275193356464	2.5575365089025585e-05	0.009273133473470807	0.402340903878212	1.361187353730203	6.366154821080272e-07	3.5254933834075928
random	AIME	tabpfn2	256	mse_original	7.645300012328469e+16	215241.19921875	2.7565521068807357e+17	138.10081100463867	319.7351760864258	6061745.9375	3558640645.2000055	0.688737154006958	1.0703419966079631e+18
random	AIME	tabpfn2	256	r2	0.6212285459041595	0.7029600441455841	0.3702114978629331	0.11561433076858521	0.3166845291852951	0.9900865256786346	0.9999742031097412	0.005119621753692627	0.9999993443489075
random	AIME	tabpfn2	256	r2_original	0.6212285373892102	0.7029600441455841	0.37021149729864156	0.11561440825462342	0.316684290766716	0.9900865256786346	0.9999742031097412	0.005119621753692627	0.9999993443489075
random	AIME	tabpfn2	256	rmse	0.4791197839284939	0.3477722263908145	0.5214541414259041	0.004493823967335495	0.07069812811956418	0.632996096697163	1.13192777638967	0.0007978818722768598	1.8776297247880351
random	AIME	tabpfn2	256	rmse_original	73904115.49312644	422.77232450155674	266441704.3866506	11.661212128341042	17.825737130821043	2447.142054332914	51649.38781373147	0.8299018942061513	1034573340.3717511
random	AIME	tabpfn2	256	rounded_consistency	0.08653846153846155	0.009615384615384616	0.21386705368657927	0.0	0.0	0.05288461538461539	0.10961538461538464	0.0	0.8461538461538461
random	AIME	tabpfn2	512	mae	0.22280057196206013	0.192640982568264	0.19570650434649828	0.0014523086370900272	0.012773035792633891	0.39493192732334137	0.4786067038774491	0.0005644398042932153	0.5342590808868408
random	AIME	tabpfn2	512	mae_original	32719174.923348486	96.80236434936523	117956320.88776033	5.243337631225586	8.860487461090088	1083.9901580810547	33238.99174804692	0.1829765886068344	458016736.0
random	AIME	tabpfn2	512	mse	1.050294836800808	0.22463135048747063	2.6894443377677217	5.24154570484825e-06	0.004766986683534924	0.48231537640094757	1.0854537606239318	5.189601210986439e-07	10.657943725585938
random	AIME	tabpfn2	512	mse_original	4.200126963312092e+17	131257.095703125	1.5143773105686095e+18	85.02241973876953	147.17691612243652	12602859.9375	6018925222.800009	0.08419559895992279	5.880177739985584e+18
random	AIME	tabpfn2	512	r2	0.6364201435020992	0.7316694855690002	0.37614596373352127	0.069489985704422	0.36764489114284515	0.9931351989507675	0.9999953746795655	-0.0113525390625	0.9999995231628418
random	AIME	tabpfn2	512	r2_original	0.6364201094423022	0.7316694557666779	0.37614601291453725	0.06948977708816528	0.36764493584632874	0.9931351989507675	0.9999953746795655	-0.0113525390625	0.9999995231628418
random	AIME	tabpfn2	512	rmse	0.6146192317610654	0.43979539774319976	0.8200841644308507	0.002256333852193063	0.04644643904351703	0.6944273881167202	1.04180385830452	0.000720388867972461	3.2646506284112453
random	AIME	tabpfn2	512	rmse_original	173215398.11824036	323.2131383901047	624507103.3911053	9.218287573549905	11.825568371209599	3383.6295205018914	67072.81940923564	0.2901647789789843	2424907779.686804
random	AIME	tabpfn2	512	rounded_consistency	0.108876560332871	0.009708737864077669	0.2428620538113856	0.0	0.0	0.06553398058252427	0.27669902912621386	0.0	0.9223300970873787
random	AIME	tabpfn2	1024	mae	0.20822251124107943	0.1985531747341156	0.18584406296574355	0.0012183913378976286	0.007490672403946519	0.39005445688962936	0.4523418277502061	0.0009838287951424718	0.5064862966537476
random	AIME	tabpfn2	1024	mae_original	41076426.79822584	71.19064712524414	148089169.75150567	4.436486053466797	12.378117322921753	850.0281524658203	32866.239843750045	0.13765095174312592	575019520.0
random	AIME	tabpfn2	1024	mse	0.5928775868412524	0.22570063918828964	0.9864510798454149	4.033797085867263e-06	0.00169016219660989	0.631703332066536	1.2503937125205997	2.049459226327599e-06	3.8257269859313965
random	AIME	tabpfn2	1024	mse_original	3.399580008834436e+17	36547.208984375	1.2257360010049193e+18	40.37606697082519	354.6509208679199	14240095.75	6750748952.00001	0.04172767698764801	4.75941200268886e+18
random	AIME	tabpfn2	1024	r2	0.6529708121504102	0.7919777929782867	0.3687142079564801	0.12474673986434937	0.37058112025260925	0.9969267100095749	0.9999959290027618	-0.0328526496887207	0.9999977946281433
random	AIME	tabpfn2	1024	r2_original	0.6529707993779864	0.7919777631759644	0.36871420122921306	0.12474687099456788	0.3705810457468033	0.9969267100095749	0.9999959290027618	-0.0328526496887207	0.9999977946281433
random	AIME	tabpfn2	1024	rmse	0.5323859966395673	0.4503760102959867	0.556275774614846	0.00200676167821663	0.027591887523599888	0.7947957902491792	1.1144815967975932	0.0014315932475139714	1.955946570316121
random	AIME	tabpfn2	1024	rmse_original	155837017.94666353	185.44953524107262	561847688.1868738	6.350288039704303	17.793561356068363	3576.8048130879392	70124.73133808476	0.2042735347215787	2181607664.7025375
random	AIME	tabpfn2	1024	rounded_consistency	0.09686411149825787	0.01951219512195122	0.24431224904429746	0.0	0.0	0.06951219512195121	0.07804878048780488	0.0	0.9707317073170731
random	AIME	tabpfn2	2048	mae	0.17645658264102945	0.12231263145804405	0.17181157743753472	0.001108481892151758	0.005525665241293609	0.3665691912174225	0.3994667947292328	0.0009515972924418747	0.429397851228714
random	AIME	tabpfn2	2048	mae_original	39970078.92825241	70.84744644165039	144100985.10138458	1.6987730264663696	5.8147536516189575	842.6649017333984	31138.2291625977	0.0989394411444664	559533568.0
random	AIME	tabpfn2	2048	mse	0.4854570942201641	0.17146997153759003	0.7096812978990037	3.087177265115315e-06	0.002393225543301014	0.654696635901928	1.186430621147156	1.7464934671806986e-06	2.5996692180633545
random	AIME	tabpfn2	2048	mse_original	4.303647554505826e+17	66581.6171875	1.551702190255341e+18	17.137555396556856	239.86933517456055	8959816.4375	6733181364.800011	0.018864361569285393	6.025106566665994e+18
random	AIME	tabpfn2	2048	r2	0.6743559922490802	0.8348153829574585	0.3655105436065744	0.12724841237068177	0.4398752599954605	0.9975939393043518	0.9999968528747558	-0.03311502933502197	0.9999982118606567
random	AIME	tabpfn2	2048	r2_original	0.674356005021504	0.8348153829574585	0.3655105246465947	0.12724851369857787	0.4398752599954605	0.9975939393043518	0.9999968528747558	-0.03311502933502197	0.9999982118606567
random	AIME	tabpfn2	2048	rmse	0.48514553346799966	0.34809180916918736	0.5000908973138923	0.001744136793904989	0.026522669848232056	0.8061972574408324	1.0877859820997284	0.0013215496461278702	1.612348975272833
random	AIME	tabpfn2	2048	rmse_original	175336984.1134227	231.98874832862165	632156386.863719	3.1004617728153256	15.256692877094746	2886.3119143361605	69740.09661270591	0.13734759396977217	2454609249.2830696
random	AIME	tabpfn2	2048	rounded_consistency	0.15871080139372823	0.06219512195121951	0.26380868752422193	0.0	0.0012195121951219512	0.1378048780487805	0.39365853658536587	0.0	0.9926829268292683
random	AIME	tabpfn25	32	mae	0.3598046799722527	0.27659909427165985	0.2948729608123189	0.07232417352497578	0.1796065829694271	0.4839376360177994	0.6658629238605501	0.00889058317989111	1.1754186153411865
random	AIME	tabpfn25	32	mae_original	54742363.339855514	471.39715576171875	197367860.43655995	23.623107337951662	84.98791122436523	2201.694305419922	16033.885205078146	3.2750461101531982	766362304.0
random	AIME	tabpfn25	32	mse	0.4255522495420467	0.15972895175218582	0.5681222052032329	0.014672923949547114	0.09302649274468422	0.46531281620264053	1.398917990922929	0.00013522438530344516	1.7779971361160278
random	AIME	tabpfn25	32	mse_original	1.0118333318916981e+17	400732.04296875	3.648216956681861e+17	1072.8804656982422	19215.068115234375	10305688.0	899734190.8000014	27.909395217895508	1.416566663322534e+18
random	AIME	tabpfn25	32	r2	-289.4183030128479	0.42680636048316956	1045.0458700488434	-0.8141569018363952	0.17608211934566498	0.8591634333133698	0.970081639289856	-4057.38427734375	0.999916672706604
random	AIME	tabpfn25	32	r2_original	-289.4178670176438	0.42680636048316956	1045.044298161734	-0.8141570687294006	0.17608214914798737	0.8591635078191757	0.9700816810131074	-4057.378173828125	0.999916672706604
random	AIME	tabpfn25	32	rmse	0.5225187218833653	0.3986405653079692	0.3905463286518271	0.09710150862628675	0.3043634336380326	0.6786079940994126	1.1638821030702968	0.011628602035646638	1.3334155901728568
random	AIME	tabpfn25	32	rmse_original	85017636.05283782	588.7394345680839	306521344.68770206	29.325904421177725	129.3771987867122	3166.8511153127884	26672.945518403605	5.282934337836834	1190196060.8750703
random	AIME	tabpfn25	32	rounded_consistency	0.01020408163265306	0.0	0.0367913395455509	0.0	0.0	0.0	0.0	0.0	0.14285714285714285
random	AIME	tabpfn25	64	mae	0.37015861948020756	0.32079029083251953	0.30744122373463406	0.018809103034436704	0.10721821524202824	0.5922350659966469	0.7253878355026245	0.004089105408638716	1.055850863456726
random	AIME	tabpfn25	64	mae_original	20601452.502675917	346.25205993652344	74265167.80264553	16.918210792541505	60.621989250183105	1420.9216918945312	31741.10700683598	1.3785330057144165	288368320.0
random	AIME	tabpfn25	64	mse	0.8294719204727049	0.23548635840415955	1.0668145820617723	0.0018815999123035002	0.0175930205732584	1.4069154560565948	2.1262860536575316	2.714134825509973e-05	3.5607032775878906
random	AIME	tabpfn25	64	mse_original	7029037673721642.0	896427.96875	2.5343554413521772e+16	468.7756042480469	11431.115051269531	7963108.5	3343798020.800005	3.8490068912506104	9.840652261418598e+16
random	AIME	tabpfn25	64	r2	-0.7373947628906795	0.37407681345939636	4.514065992363153	-0.27950233221054077	0.18249593675136566	0.9270319044589996	0.998344337940216	-16.935400009155273	0.9999791383743286
random	AIME	tabpfn25	64	r2_original	-0.7373949033873421	0.37407681345939636	4.5140664801925565	-0.2795022845268249	0.18249589204788208	0.9270318746566772	0.998344337940216	-16.935401916503906	0.9999791383743286
random	AIME	tabpfn25	64	rmse	0.6817811343208273	0.4759155714089163	0.6038595907633754	0.03592504557147545	0.1281641472206013	1.1791967237869196	1.4581748060499	0.005209735910302914	1.8869825853960314
random	AIME	tabpfn25	64	rmse_original	22413064.631557625	945.9779832440742	80787945.92971937	21.641746396397085	84.47631646304687	2821.5720811688	50126.602523824215	1.9618886031705802	313698139.3221611
random	AIME	tabpfn25	64	rounded_consistency	0.03846153846153847	0.0	0.0809391201244848	0.0	0.0	0.057692307692307696	0.07692307692307693	0.0	0.3076923076923077
random	AIME	tabpfn25	128	mae	0.21291894685210927	0.1022050529718399	0.2164777639234045	0.011407388746738434	0.031107518821954727	0.4181162863969803	0.475948977470398	0.0026322202757000923	0.6793335676193237
random	AIME	tabpfn25	128	mae_original	19596833.671156764	182.23905563354492	70641221.73633847	10.509875392913818	12.879023551940918	1167.154541015625	38043.240222168024	0.6709072589874268	274297376.0
random	AIME	tabpfn25	128	mse	0.326711504305162	0.036173053085803986	0.5955365531958187	0.00041499576909700416	0.007574124028906226	0.28193794190883636	0.8696821987628942	1.527697531855665e-05	2.2311527729034424
random	AIME	tabpfn25	128	mse_original	1.4134935491150688e+16	286299.0107421875	5.096423254722545e+16	246.0015884399414	449.0862808227539	4045682.4375	5394558155.700008	0.8098495006561279	1.9788908915484262e+17
random	AIME	tabpfn25	128	r2	-0.33344402483531405	0.8028092384338379	3.0932597830509256	-1.3401034653186796	0.1793583631515503	0.9913198053836823	0.9997420907020569	-11.146443367004395	0.9999876618385315
random	AIME	tabpfn25	128	r2_original	-0.3334440588951111	0.8028092384338379	3.093260003630899	-1.3401031136512755	0.1793583333492279	0.9913198053836823	0.9997420907020569	-11.146444320678711	0.9999876618385315
random	AIME	tabpfn25	128	rmse	0.38616601301303055	0.18724133899853115	0.4214110994015012	0.01647902674936589	0.08155640606148454	0.5297612777019901	0.9254031150205302	0.003908577147576423	1.493704379354711
random	AIME	tabpfn25	128	rmse_original	31781731.993465524	455.76845093236597	114563768.28057909	15.665598039738207	20.83416399604257	2011.2519206311601	62307.17896745839	0.8999163853692898	444847264.9739938
random	AIME	tabpfn25	128	rounded_consistency	0.06318681318681317	0.0	0.13837538746662667	0.0	0.0	0.038461538461538464	0.13076923076923086	0.0	0.5384615384615384
random	AIME	tabpfn25	256	mae	0.21114503866244508	0.08094368875026703	0.24365175102757014	0.0018173349322751164	0.013811330311000347	0.42281267046928406	0.5737490832805634	0.0004887454560957849	0.6985541582107544
random	AIME	tabpfn25	256	mae_original	24491858.41801589	108.57951354980469	88294598.85201274	5.567682886123658	6.8612964153289795	974.9744873046875	27529.230615234414	0.22455832362174988	342842560.0
random	AIME	tabpfn25	256	mse	0.4833434111438594	0.0951123833656311	0.9410121686707508	6.633193197558285e-06	0.0010862719536817167	0.36924731358885765	1.4109059333801284	5.447261628432898e-07	3.451503276824951
random	AIME	tabpfn25	256	mse_original	7.802891925226818e+16	172753.484375	2.8133726825659622e+17	76.55949172973632	123.97561454772949	5718575.875	2693217713.600004	0.10758805274963379	1.0924048656503931e+18
random	AIME	tabpfn25	256	r2	0.6588139959744045	0.7743823230266571	0.3596504283843313	0.1895393431186676	0.3711632043123245	0.9984247982501984	0.9999930202960968	-0.015387654304504395	0.9999994039535522
random	AIME	tabpfn25	256	r2_original	0.6588139576571328	0.7743823230266571	0.35965048051545356	0.18953918218612673	0.37116317451000214	0.9984247982501984	0.9999930202960968	-0.015387773513793945	0.9999994039535522
random	AIME	tabpfn25	256	rmse	0.44391386043726483	0.29777418219880303	0.535055039837533	0.0025417468882100516	0.025440147795326558	0.6040217008491788	1.1536714162654529	0.0007380556637837622	1.8578221865466433
random	AIME	tabpfn25	256	rmse_original	74661169.7504156	354.12023850805787	269173975.3092185	8.715038513764355	11.099583757719845	2362.649485623909	45173.97837990707	0.3280061779138219	1045181738.0964868
random	AIME	tabpfn25	256	rounded_consistency	0.10164835164835163	0.038461538461538464	0.2370291715398131	0.0	0.0	0.057692307692307696	0.13076923076923086	0.0	0.9423076923076923
random	AIME	tabpfn25	512	mae	0.19722957919085665	0.12664597108960152	0.19800379607667354	0.0012271260027773678	0.005276306299492717	0.37709762156009674	0.4364793181419373	0.0009645122336223722	0.534964919090271
random	AIME	tabpfn25	512	mae_original	34426089.87805476	42.385263442993164	124111149.13243064	2.0701616048812865	6.531489968299866	903.7213592529297	32345.389550781296	0.1833079755306244	481915200.0
random	AIME	tabpfn25	512	mse	0.7513809328927437	0.17615707055665553	1.702605180693948	3.2626756592435415e-06	0.0001650578560656868	0.46899542957544327	1.0246188402175904	1.5832472399779363e-06	6.759613513946533
random	AIME	tabpfn25	512	mse_original	3.685407087041587e+17	23200.376953125	1.328792420085163e+18	13.046361446380615	94.4149112701416	13032003.375	5633514304.000009	0.06499697268009186	5.159569913769099e+18
random	AIME	tabpfn25	512	r2	0.6851110884121486	0.7695355415344238	0.3346231339633044	0.21041993498802186	0.42177824676036835	0.9997861832380295	0.9999971330165863	0.112587571144104	0.9999985694885254
random	AIME	tabpfn25	512	r2_original	0.6851110628673008	0.769535481929779	0.3346231762547432	0.21041991114616396	0.42177823185920715	0.9997861832380295	0.9999971330165863	0.11258727312088013	0.9999985694885254
random	AIME	tabpfn25	512	rmse	0.529293876479027	0.332831250909827	0.6864611607473128	0.001734848815682828	0.00966196352502469	0.6848187018177819	1.0120430764364976	0.001258271528716253	2.5999256746965926
random	AIME	tabpfn25	512	rmse_original	162255110.34325057	138.21269485671428	584990587.8487775	3.492506196805219	8.462160869802581	3436.353403305662	64532.67678709001	0.2549450385477071	2271468668.8944445
random	AIME	tabpfn25	512	rounded_consistency	0.1220527045769764	0.019417475728155338	0.24348600648553048	0.0	0.0	0.13349514563106796	0.263106796116505	0.0	0.941747572815534
random	AIME	tabpfn25	1024	mae	0.18071508259579008	0.09833429846912622	0.19197796016203303	0.0012348227086476983	0.0028233927441760898	0.36259056627750397	0.4412710458040238	0.0008138931589201093	0.5187780857086182
random	AIME	tabpfn25	1024	mae_original	36908021.1653553	25.33971405029297	133060110.92118376	1.1321833610534668	5.62517249584198	820.0439605712891	32282.048059082077	0.12180458754301071	516663072.0
random	AIME	tabpfn25	1024	mse	0.41070402719144894	0.17707429581787437	0.5635625315801406	3.871713124681265e-06	8.051163695199648e-05	0.5053384751081467	1.1897035956382758	1.0959010978695005e-06	1.8900635242462158
random	AIME	tabpfn25	1024	mse_original	2.529316750447537e+17	16250.738647460938	9.119581213999762e+17	5.116591000556946	67.01610040664673	8798701.25	5442320915.900008	0.026750631630420685	3.5410434428281815e+18
random	AIME	tabpfn25	1024	r2	0.7303254008293152	0.8439123034477234	0.29688612733389946	0.2743172347545624	0.5542989820241928	0.9999099373817444	0.9999962389469147	0.2011401653289795	0.9999988079071045
random	AIME	tabpfn25	1024	r2_original	0.7303253667695182	0.8439123034477234	0.29688617994384053	0.2743170738220215	0.55429907143116	0.9999099373817444	0.9999962389469147	0.20113998651504517	0.9999988079071045
random	AIME	tabpfn25	1024	rmse	0.43990679675202726	0.32591454959501553	0.4660322278156518	0.0018996351196292928	0.0071209442727000445	0.710871590960323	1.0795101838645944	0.00104685294949649	1.3747958118376038
random	AIME	tabpfn25	1024	rmse_original	134418894.95010167	112.66307726423004	484626903.63324577	2.141725698790594	7.171979492383399	2856.196174110556	62841.37712736917	0.1635562032771019	1881766043.5952663
random	AIME	tabpfn25	1024	rounded_consistency	0.1470383275261324	0.01707317073170732	0.26606523654405756	0.0	0.0	0.15365853658536585	0.3853658536585367	0.0	0.9902439024390244
random	AIME	tabpfn25	2048	mae	0.16348756063546585	0.0755287203937769	0.17133523256749456	0.0009506514586973935	0.0018757096258923411	0.3282955437898636	0.3986679911613465	0.0007749890210106969	0.4451604187488556
random	AIME	tabpfn25	2048	mae_original	38930937.54202197	58.31281852722168	140355695.16829967	0.7583338677883148	5.615142107009888	821.2061920166016	27821.201806640667	0.10847130417823792	544990592.0
random	AIME	tabpfn25	2048	mse	0.3317248824704312	0.19698871485888958	0.3834503631750056	1.990842429222539e-06	2.0959347693860764e-05	0.503220796585083	0.9777894854545595	1.219702539856371e-06	1.0324610471725464
random	AIME	tabpfn25	2048	mse_original	3.0644225532186534e+17	230203.42059326172	1.1048932625178742e+18	1.7453845262527468	77.27932548522949	3893595.625	5072008173.500008	0.02411516197025776	4.290191567244755e+18
random	AIME	tabpfn25	2048	r2	0.7480625850813729	0.8084637522697449	0.27272540370337545	0.3470939755439758	0.5754789859056473	0.9999787658452988	0.9999980688095093	0.21697860956192017	0.9999988079071045
random	AIME	tabpfn25	2048	r2_original	0.7480625893388476	0.8084637522697449	0.27272538724580286	0.3470939934253693	0.5754789710044861	0.9999787658452988	0.9999980688095093	0.21697872877120972	0.9999988079071045
random	AIME	tabpfn25	2048	rmse	0.4145616687088971	0.4109578339366208	0.3998293452308445	0.0014098926603119586	0.0034485008969764573	0.707918748467089	0.9884930310401799	0.0011044014396297984	1.016100904030966
random	AIME	tabpfn25	2048	rmse_original	147955141.6452516	353.1554157425791	533433717.89061004	1.2834624960746974	8.146924103049965	1955.5949635313636	60579.84229580707	0.1552905727024592	2071277761.9732113
random	AIME	tabpfn25	2048	rounded_consistency	0.17282229965156795	0.02195121951219512	0.2876998230616967	0.0007317073170731708	0.003048780487804878	0.18048780487804877	0.5475609756097564	0.0	0.9951219512195122
random	AIME	xgboost	32	mae	0.510826135453369	0.41225089132785797	0.3801236804554707	0.1736100822687149	0.22379953414201736	0.7768932580947876	0.894513362646103	0.022000091150403023	1.471313238143921
random	AIME	xgboost	32	mse	0.7447910180032652	0.28751125931739807	0.9932867489996906	0.06886846497654915	0.09541916102170944	0.9468814730644226	1.541260635852814	0.0013276546960696578	3.832526445388794
random	AIME	xgboost	32	r2	-309.7861733862332	0.3063980042934418	1115.3226648251293	-6.5753048896789545	-0.42121146619319916	0.7671478539705276	0.9046493709087373	-4331.13037109375	0.9975525140762329
random	AIME	xgboost	32	rmse	0.701872258871917	0.5359723722242103	0.502161677380202	0.26114580380435776	0.30872312352699144	0.9712052141589905	1.2409130310615009	0.03643699625476362	1.9576839493107139
random	AIME	xgboost	32	rounded_consistency	0.01020408163265306	0.0	0.0367913395455509	0.0	0.0	0.0	0.0	0.0	0.14285714285714285
random	AIME	xgboost	64	mae	0.483998860232532	0.5195737481117249	0.2837494612479704	0.13186752796173096	0.26140057668089867	0.6730280220508575	0.7471219658851623	0.019732126966118813	1.0693752765655518
random	AIME	xgboost	64	mse	0.8786370574712886	0.5191675424575806	0.9103011472413031	0.02825028859078884	0.16143306717276573	1.513739138841629	2.3105701565742502	0.0012897831620648503	2.710350513458252
random	AIME	xgboost	64	r2	-14.370730659791402	0.2695074677467346	53.319332552958954	-0.23599921464920043	0.01903955638408661	0.8121814429759979	0.9776546418666839	-206.61050415039062	0.9988521933555603
random	AIME	xgboost	64	rmse	0.7822868673142684	0.719354525293254	0.5163955022063195	0.1667243631188015	0.39851093913655566	1.2303206562212838	1.5139989405209455	0.03591355123160129	1.6463142207544257
random	AIME	xgboost	64	rounded_consistency	0.005494505494505495	0.0	0.019810721293758184	0.0	0.0	0.0	0.0	0.0	0.07692307692307693
random	AIME	xgboost	128	mae	0.35999378309186014	0.3501026928424835	0.20106901336216562	0.1202380582690239	0.2616516798734665	0.4371923357248306	0.6211184978485109	0.012008020654320717	0.7926424741744995
random	AIME	xgboost	128	mse	0.5995424945639181	0.32504379749298096	0.7580038663547561	0.027130311727523802	0.17384692654013634	0.6424533128738403	1.3178559005260473	0.0009883674792945385	2.943211078643799
random	AIME	xgboost	128	r2	-6.552487701177597	0.3769446909427643	21.75042697189912	-8.507111978530883	-0.6112801730632782	0.872626394033432	0.9757370948791504	-84.13089752197266	0.9989945888519287
random	AIME	xgboost	128	rmse	0.6442850838094546	0.5700980671957037	0.42946388130384383	0.16415503723018282	0.41600635697404553	0.8013271419423225	1.1439577774148166	0.03143831228444902	1.7155789339589709
random	AIME	xgboost	128	rounded_consistency	0.008241758241758242	0.0	0.02145672987886444	0.0	0.0	0.0	0.026923076923076966	0.0	0.07692307692307693
random	AIME	xgboost	256	mae	0.34418043387787683	0.29672345519065857	0.2599585153119371	0.05391647666692734	0.12149284034967422	0.590117484331131	0.6453084528446198	0.004361405968666077	0.8543667197227478
random	AIME	xgboost	256	mse	0.9637105046328672	0.22849053144454956	1.5438499700312485	0.00559470453299582	0.06339742988348007	0.8992909938097	3.301453435420992	0.00012331943435128778	5.09912633895874
random	AIME	xgboost	256	r2	-1.0674352986471993	0.544862300157547	5.750801801490687	-0.4068727135658264	0.0819288045167923	0.9476190954446793	0.9941087424755096	-21.736635208129883	0.9998686909675598
random	AIME	xgboost	256	rmse	0.7091370765300239	0.47774686443162684	0.6788483713785564	0.0737631785404381	0.25152952298584086	0.9399990109907972	1.7959249515144067	0.011104928381186787	2.258124518036758
random	AIME	xgboost	256	rounded_consistency	0.0260989010989011	0.0	0.0656616395753688	0.0	0.0	0.0	0.06538461538461543	0.0	0.25
random	AIME	xgboost	512	mae	0.2709084045408027	0.2716556414961815	0.19726319973491835	0.03135629016906023	0.06582586653530598	0.43417852371931076	0.5020472824573518	0.004753492772579193	0.5967419147491455
random	AIME	xgboost	512	mse	0.6732698830933909	0.2668042965233326	1.207287045691047	0.0023172410670667886	0.016855113208293915	0.7054609656333923	1.1480351865291598	0.0002252784906886518	4.797275066375732
random	AIME	xgboost	512	r2	0.6237821536404746	0.7160706520080566	0.3744698051554161	0.031674629449844366	0.4126178175210953	0.9841012507677078	0.9979882657527923	-0.01829075813293457	0.9997861385345459
random	AIME	xgboost	512	rmse	0.587925895651135	0.4874552118141906	0.5723748983980705	0.0481373648081169	0.1280150832614726	0.8389495269223428	1.0699997548021472	0.015009280152247536	2.1902682635640165
random	AIME	xgboost	512	rounded_consistency	0.0464632454923717	0.0048543689320388345	0.09737672358483553	0.0	0.0	0.009708737864077669	0.19126213592233032	0.0	0.3106796116504854
random	AIME	xgboost	1024	mae	0.24622430935102915	0.19373707473278046	0.2063487834193386	0.01330469474196434	0.0375639982521534	0.43615489453077316	0.52915398478508	0.0012066611088812351	0.581574022769928
random	AIME	xgboost	1024	mse	0.5434013239521717	0.29305835999548435	0.720683550740681	0.0005208048707572744	0.007949487888254225	0.733328565955162	1.3367709159851082	7.178670784924179e-05	2.5828042030334473
random	AIME	xgboost	1024	r2	0.6413502437727792	0.7373142242431641	0.3553559876826101	0.1497768759727478	0.32810914516448975	0.9888916462659836	0.9994685471057891	0.10624802112579346	0.9999220371246338
random	AIME	xgboost	1024	rmse	0.5451457724547499	0.4834467251428263	0.49620299346828367	0.022459520235682217	0.0887184370688436	0.8562784317403014	1.1450378305871367	0.008472703691811828	1.6071105136341581
random	AIME	xgboost	1024	rounded_consistency	0.08048780487804878	0.00975609756097561	0.15893276683317134	0.0	0.0	0.036585365853658534	0.31512195121951253	0.0	0.5121951219512195
random	AIME	xgboost	2048	mae	0.2175344815394575	0.17321348190307617	0.18789888601956947	0.005108118895441294	0.023834613151848316	0.3857222944498062	0.46459388434886933	0.0013324719620868564	0.5025724172592163
random	AIME	xgboost	2048	mse	0.40242713021767224	0.2329938504844904	0.4475740793022483	9.609965927666053e-05	0.0034129934501834214	0.6917004436254501	1.1051903665065768	4.440825432538986e-05	1.237270474433899
random	AIME	xgboost	2048	r2	0.6911879650184086	0.7754573225975037	0.3225847352351404	0.26089821457862855	0.42515118420124054	0.9963597059249878	0.9999047756195069	0.09233701229095459	0.9999567270278931
random	AIME	xgboost	2048	rmse	0.47460730152036845	0.42844002311274343	0.4209216548969966	0.009747824429948336	0.05759289142005823	0.8295296811084921	1.0501142064281352	0.006663951854972383	1.1123266042102466
random	AIME	xgboost	2048	rounded_consistency	0.09895470383275264	0.013414634146341465	0.21322333743164745	0.0	0.0	0.02378048780487805	0.2995121951219515	0.0	0.7853658536585366
random	AIME	xrfm	32	mae	0.5181307909744126	0.45945580303668976	0.2837342247290434	0.23472683131694794	0.3528694063425064	0.6054336726665497	0.8500360906124117	0.10763297975063324	1.230324149131775
random	AIME	xrfm	32	mse	0.6675198394139963	0.5777234733104706	0.5099242874585376	0.11676644980907441	0.3520808294415474	0.7696538120508194	1.3071383357048036	0.014558370225131512	1.9611672163009644
random	AIME	xrfm	32	r2	-2677.8373105866567	0.1536182463169098	9654.004136633177	-4.272737145423889	-0.6609886884689331	0.5472989976406097	0.8655207455158237	-37485.84375	0.9735591411590576
random	AIME	xrfm	32	rmse	0.7482295518636268	0.7597116443748678	0.32813469358169445	0.318491139181829	0.5931658995012781	0.8769915491649449	1.1425534726838051	0.12065807152914185	1.400416800920699
random	AIME	xrfm	32	rounded_consistency	0.01457725947521866	0.0	0.052559056493644174	0.0	0.0	0.0	0.0	0.0	0.20408163265306123
random	AIME	xrfm	64	mae	0.48652747965284754	0.5357500910758972	0.3120485064440507	0.06109906993806362	0.16922836191952229	0.7133592963218689	0.7781298041343689	0.02701703831553459	1.0744385719299316
random	AIME	xrfm	64	mse	0.9499561011990798	0.6421090662479401	0.9630143346356989	0.009539366886019706	0.08498277701437473	1.751934677362442	2.1689239740371704	0.004826768767088652	3.0519986152648926
random	AIME	xrfm	64	r2	-0.14417782425880432	0.17487698793411255	1.7855686771486952	-0.39435107707977296	-0.05996371805667877	0.7980247139930725	0.9830877661705018	-6.36169958114624	0.9929169416427612
random	AIME	xrfm	64	rmse	0.8028188118249557	0.8005504257539902	0.5526645063499612	0.09695182468599879	0.26761770987613825	1.3177104209489252	1.4727198920078057	0.06947495064473706	1.7469970278351628
random	AIME	xrfm	64	rounded_consistency	0.002958579881656805	0.0	0.006226086163421908	0.0	0.0	0.004437869822485207	0.005917159763313609	0.0	0.023668639053254437
random	AIME	xrfm	128	mae	0.3748632006879364	0.36029796302318573	0.2010982414337952	0.11158148720860481	0.25259343534708023	0.49990488588809967	0.6395214259624482	0.05348310247063637	0.7456344962120056
random	AIME	xrfm	128	mse	0.524024120897853	0.33227984607219696	0.6496872251195207	0.03280222248286009	0.19002537429332733	0.5638012290000916	1.00955240726471	0.005381052847951651	2.615128755569458
random	AIME	xrfm	128	r2	-6.351087557418006	0.5416083931922913	22.21207390378609	-6.403946101665497	0.04283207654953003	0.6153077483177185	0.9782043874263764	-85.9317398071289	0.9944239854812622
random	AIME	xrfm	128	rmse	0.6163803242216492	0.5726380817637595	0.3796042897679997	0.1735852019553683	0.4346635522534403	0.7498919542012294	0.9980089994887721	0.07335565995853115	1.6171359731233048
random	AIME	xrfm	128	rounded_consistency	0.004437869822485207	0.0	0.010608537952672133	0.0	0.0	0.0036982248520710057	0.007988165680473376	0.0	0.04142011834319527
random	AIME	xrfm	256	mae	0.3099617030737655	0.19614889472723007	0.27065677342078337	0.04191654808819294	0.09827490337193012	0.5152720883488655	0.7048260688781739	0.02803886868059635	0.8473524451255798
random	AIME	xrfm	256	mse	0.6952292281701895	0.16035248339176178	1.2241279328626118	0.005249053961597383	0.033110056072473526	0.6988040059804916	1.6963557124137894	0.001355945598334074	4.648581504821777
random	AIME	xrfm	256	r2	0.40161521094185965	0.6196200251579285	0.7974494679988356	-0.07061577439308164	0.21941278874874115	0.9697341173887253	0.9943031430244446	-2.1277103424072266	0.9986830353736877
random	AIME	xrfm	256	rmse	0.5954695468067034	0.38528213065539274	0.5836482219590914	0.06793161327148316	0.18095666063068724	0.8359404695304044	1.2771430592150013	0.0368231665984075	2.1560569345037663
random	AIME	xrfm	256	rounded_consistency	0.002958579881656805	0.0003698224852071006	0.004752511864760993	0.0	0.0	0.0043454142011834325	0.010465976331360954	0.0	0.014792899408284023
random	AIME	xrfm	512	mae	0.26536063239577096	0.2777007445693016	0.214309766256022	0.019555329531431197	0.06869042105972767	0.3919397369027138	0.5338142454624177	0.001652952516451478	0.7022157907485962
random	AIME	xrfm	512	mse	0.7666891034254409	0.23447904735803604	1.5750326163195671	0.0009615548595320433	0.0170673958491534	0.6693087369203568	1.1576623797416687	2.0737414160976186e-05	6.263972282409668
random	AIME	xrfm	512	r2	0.6367532951491219	0.7053738236427307	0.3637333289744803	0.10723899602890016	0.3955628573894501	0.9847886711359024	0.9991651177406311	-0.002605915069580078	0.9999803304672241
random	AIME	xrfm	512	rmse	0.5908351933821108	0.44788412405585	0.6462220034063871	0.03092787041143213	0.12903819784152992	0.8142362995831908	1.0757434236529253	0.004553835104719558	2.502792896427842
random	AIME	xrfm	512	rounded_consistency	0.004423467945006262	0.0005184277500235649	0.006078774248007242	0.0	0.00018851918182675087	0.009802997454991046	0.012998397586954473	0.0	0.017438024318974454
random	AIME	xrfm	1024	mae	0.22451769803384586	0.16875826567411423	0.2037004870595952	0.008682337123900652	0.024051733780652285	0.38360846042633057	0.4906656742095948	0.004144787322729826	0.6002709865570068
random	AIME	xrfm	1024	mse	0.41557133023265386	0.23272993229329586	0.5000307079475308	0.0003944827389204875	0.00588088680524379	0.6126382648944855	1.184317302703858	0.00020771489653270692	1.5282548666000366
random	AIME	xrfm	1024	r2	0.7009158219609942	0.8134621679782867	0.32170482318767973	0.22379863858222962	0.4908439964056015	0.9926367104053497	0.9995934665203094	0.12570154666900635	0.9997747540473938
random	AIME	xrfm	1024	rmse	0.4784226153179195	0.4268618930189285	0.4320684336826932	0.019220231245256278	0.07646024403134113	0.7826887529482557	1.077646630156753	0.014412317528166902	1.2362260580492699
random	AIME	xrfm	1024	rounded_consistency	0.007752188323276961	0.0004878048780487805	0.010213581072297417	0.00012849494348602023	0.0002676977989292088	0.015591909577632363	0.021006543723973828	0.0	0.031838191552647235
random	AIME	xrfm	2048	mae	0.21479418283394938	0.20772860571742058	0.2001689969492751	0.002434440888464451	0.007251654285937548	0.38122913241386414	0.4688474297523499	0.0013086239341646433	0.5583807826042175
random	AIME	xrfm	2048	mse	0.44719660567768316	0.21622912120074034	0.6002463543794901	8.264797870651818e-05	0.00020716146173072048	0.6915861368179321	0.994799900054932	3.146719973301515e-05	2.1943109035491943
random	AIME	xrfm	2048	r2	0.686758565051215	0.8043360412120819	0.3268931828222034	0.26533442735671997	0.37156978249549866	0.9997863620519638	0.9999178647994995	0.1542726755142212	0.9999671578407288
random	AIME	xrfm	2048	rmse	0.4732884322256489	0.3944170865052631	0.47243482682701377	0.009078678241311517	0.01378601633332277	0.8293811124306012	0.9944055142668111	0.005609563239060163	1.481320661959859
random	AIME	xrfm	2048	rounded_consistency	0.012971870485255376	0.0004997025580011898	0.02731304196366369	6.484235574063058e-05	0.0003048780487804878	0.0104476502082094	0.030568709101725176	0.0	0.10471148126115408
random	GSM8K	catboost	32	mae	0.6181823517012739	0.517448637628849	0.33064192317040253	0.3043019903494092	0.3858186025585272	0.7992145222008729	1.0290433650926714	0.13906541044340662	2.2357696182490505
random	GSM8K	catboost	32	mse	0.792117685890919	0.4655220801459605	1.177362229531879	0.1635039480376312	0.24084860118287962	0.9479992130365775	1.500540574793558	0.03138073926261743	10.183019575883781
random	GSM8K	catboost	32	r2	0.1717111648351434	0.3051935276174759	1.1427124595176643	-0.24318672197402838	0.04558194770339974	0.5956674169786023	0.7519435268925283	-10.28547802492913	0.9135224428058718
random	GSM8K	catboost	32	rmse	0.7763355428910238	0.6822877884683577	0.43522501161470306	0.4042980110633256	0.49074240012150866	0.973624659262696	1.2249655335452423	0.17714609581533947	3.191084388712367
random	GSM8K	catboost	32	rounded_consistency	0.02	0.0	0.0670668262531743	0.0	0.0	0.0	0.014285714285715503	0.0	0.42857142857142855
random	GSM8K	catboost	64	mae	0.446769232420398	0.4065847577697783	0.21065824526995	0.21864510281762095	0.2961502967388281	0.5827116052129464	0.7282517295541662	0.07561890237804211	1.054855951063872
random	GSM8K	catboost	64	mse	0.40720507634879977	0.27962151716495354	0.4339090114884181	0.08028340646281608	0.1459424910390534	0.5407046021859814	0.8334826392426374	0.008661289637379815	3.114542001183644
random	GSM8K	catboost	64	r2	0.5244449956856345	0.5840889552275114	0.3969084409144814	0.1388388739661066	0.45372575862241377	0.7869374105290164	0.8871887442373011	-1.685246032850468	0.9819637585405908
random	GSM8K	catboost	64	rmse	0.5767091381113637	0.5287925083003309	0.2731513250336667	0.2833432284558898	0.3820222289348327	0.7353230698934874	0.9129524036440906	0.09306604986449041	1.7648065053097588
random	GSM8K	catboost	64	rounded_consistency	0.02846153846153847	0.0	0.07187678477331266	0.0	0.0	0.0	0.07692307692307693	0.0	0.46153846153846156
random	GSM8K	catboost	128	mae	0.32369790232832396	0.2851024787029794	0.20261581979670498	0.12873797356468358	0.17499607639569761	0.3863305314706605	0.5558530785397351	0.07310855848054289	1.2622225553584698
random	GSM8K	catboost	128	mse	0.27015428701975003	0.14466123662109515	0.35702837374042645	0.03720068085650286	0.0669185766683504	0.31754988493281866	0.6621411708243958	0.009134951494905928	2.2927870371039054
random	GSM8K	catboost	128	r2	0.7538195803780487	0.8127727176704802	0.24149792671307233	0.4799236676782217	0.7047925473207725	0.9214728297117599	0.9532338267087372	-0.3705562096138999	0.9886147408029229
random	GSM8K	catboost	128	rmse	0.4485851868040833	0.3803424565127487	0.26253688731242275	0.1928714509242483	0.258681255540395	0.5634643783732622	0.8137202772391736	0.09557694018384313	1.514195178008405
random	GSM8K	catboost	128	rounded_consistency	0.04884615384615385	0.0	0.10130144247996031	0.0	0.0	0.038461538461538464	0.11538461538461539	0.0	0.6538461538461539
random	GSM8K	catboost	256	mae	0.212318788632988	0.1550721363627937	0.18456049112034942	0.0733188883775634	0.10129122464873938	0.24564382426743783	0.39313370378566276	0.03987506194976894	1.0687844102208195
random	GSM8K	catboost	256	mse	0.1427638176643162	0.05441701281321078	0.24122337398942462	0.01373444096965991	0.026627008440370338	0.14684242768820724	0.303701992377262	0.00282149926783376	1.4643912179817882
random	GSM8K	catboost	256	r2	0.8582949439328427	0.9419634813683737	0.2270719884785916	0.6994121721882127	0.8504866528326916	0.9758681624266013	0.9848591162848425	-0.27841158112478914	0.9966787101460274
random	GSM8K	catboost	256	rmse	0.30552590345403535	0.2332216001418708	0.22230101210500966	0.1171877560258089	0.16304772933243356	0.38309848612813413	0.5510870522855766	0.053117786736965614	1.2101203320256164
random	GSM8K	catboost	256	rounded_consistency	0.0875	0.019230769230769232	0.14958955185329167	0.0	0.0	0.09615384615384616	0.25769230769230833	0.0	0.8269230769230769
random	GSM8K	catboost	512	mae	0.13671869590944644	0.08828268623624219	0.1593412580728907	0.030606627028241875	0.052473578726477496	0.15653603259271442	0.22141050000334772	0.011804187520163862	0.8765229301358464
random	GSM8K	catboost	512	mse	0.07997568221961018	0.018136151058982225	0.18233730143344418	0.0021184386022753405	0.006605297427658849	0.06238809404586179	0.15435770604647595	0.0005322666263913656	1.0574337038488042
random	GSM8K	catboost	512	r2	0.9203130867799986	0.9792484860864311	0.1820085346185244	0.8450571755203866	0.9387911420199363	0.9933588307085428	0.9977044272106015	-0.01763417989200078	0.9993649492216491
random	GSM8K	catboost	512	rmse	0.20370029307446572	0.13467052252023567	0.19616797093559124	0.04601905602546406	0.08126988282978036	0.24976434958117408	0.39283469364087625	0.023070904325391443	1.028315955263169
random	GSM8K	catboost	512	rounded_consistency	0.14427184466019416	0.038834951456310676	0.21430164625744513	0.0	0.009708737864077669	0.20631067961165048	0.4689320388349517	0.0	0.970873786407767
random	GSM8K	catboost	1024	mae	0.08699773946456178	0.046559317841539744	0.13405973446974062	0.014974971755818502	0.022686006532638144	0.08813902391056855	0.14178064734105614	0.005449490090237307	0.7600671768889339
random	GSM8K	catboost	1024	mse	0.046888672509289686	0.005121975560873883	0.13729181103273114	0.0004861536206648537	0.0016588245385323473	0.020974142535206297	0.07395730650320019	8.331989923991104e-05	0.8364305361242069
random	GSM8K	catboost	1024	r2	0.954175696274039	0.9944147327084114	0.14053813041289237	0.9384041954284783	0.9796577924816902	0.9985131909460221	0.9994880182512611	0.08245599378521906	0.9999142809926017
random	GSM8K	catboost	1024	rmse	0.1323679482294507	0.07152004287957697	0.17136918856905156	0.022048886259969536	0.04072337764169742	0.14481475837947325	0.2714858498580878	0.009127973446494629	0.9145657636956497
random	GSM8K	catboost	1024	rounded_consistency	0.21648780487804878	0.05853658536585366	0.282904776264162	0.0	0.014634146341463415	0.3121951219512195	0.7092682926829269	0.0	0.9951219512195122
random	GSM8K	catboost	2048	mae	0.06098227786111631	0.024585071414546023	0.1195679429554299	0.006582320582562201	0.011031795586223962	0.052586281125117255	0.09969854226615828	0.001695048088640686	0.7753495113659172
random	GSM8K	catboost	2048	mse	0.028717130508131378	0.001998364190780187	0.11120579034053321	8.819225495729554e-05	0.0003225172347967953	0.007320845821874279	0.026756995053175057	6.216622969374112e-06	0.8002639951160153
random	GSM8K	catboost	2048	r2	0.9719130370420619	0.9978431692852778	0.10728206298541225	0.973877744568132	0.9923312420098689	0.9996814853425319	0.9999133850350936	0.21951018016045187	0.9999942585795967
random	GSM8K	catboost	2048	rmse	0.08716896427921579	0.044697877075204506	0.14532275174459156	0.009389440752746758	0.017957209263006445	0.08556193818586769	0.1635710435446371	0.002493315657788663	0.8945747565832692
random	GSM8K	catboost	2048	rounded_consistency	0.2962439024390244	0.11097560975609756	0.3378355044670774	0.0	0.024390243902439025	0.476219512195122	0.928048780487805	0.0	1.0
random	GSM8K	icl_llm	32	mae	9137.392592857143	0.6439285714285714	79223.98404939304	0.0	0.0	23.142857142857142	119.57142857142865	0.0	793314.2857142857
random	GSM8K	icl_llm	32	mse	11098799342.083696	1.6428642857142857	108877232875.01755	0.0	0.0	774.6428571428571	28310.86046714324	0.0	1094350240000.0
random	GSM8K	icl_llm	32	r2	0.13853176327492614	0.9944867321296179	2.0851426381078264	-0.9023939365896534	0.002485443399849935	1.0	1.0	-14.529126213592232	1.0
random	GSM8K	icl_llm	32	rmse	12328.56887407251	0.9082167895400122	104626.9837642324	0.0	0.0	27.78163816688815	165.12210266400842	0.0	1046111.9634150065
random	GSM8K	icl_llm	32	rounded_consistency	0.5485714285714285	0.9285714285714286	0.4689197311755119	0.0	0.0	1.0	1.0	0.0	1.0
random	GSM8K	icl_llm	64	mae	10466.857405227094	0.0	70876.39429162165	0.0	0.0	23.653846153846153	63.32307692307694	0.0	514748.3076923077
random	GSM8K	icl_llm	64	mse	8253964245.8017	0.0	57901021099.48796	0.0	0.0	900.5	5686.038421538474	0.0	459379530476.3077
random	GSM8K	icl_llm	64	r2	-0.49874362009712636	1.0	5.725865806591597	-1.699831650882366	-0.07149628809150466	1.0	1.0	-43.82521200014244	1.0
random	GSM8K	icl_llm	64	rmse	13348.090459296329	0.0	89865.41452022652	0.0	0.0	30.007317807402345	74.62702961748619	0.0	677775.4277607795
random	GSM8K	icl_llm	64	rounded_consistency	0.5695415695415695	1.0	0.46846896927558696	0.0	0.0	1.0	1.0	0.0	1.0
random	GSM8K	icl_llm	128	mae	523.8175044208665	3.5384615384615383	2519.032435321686	0.0	0.0	43.16346153846155	155.82692307692312	0.0	19776.115384615383
random	GSM8K	icl_llm	128	mse	12843140.741411999	114.6923076923077	88719485.2839959	0.0	0.0	3355.982884615386	50192.332692307784	0.0	792831478.9615384
random	GSM8K	icl_llm	128	r2	-0.06990020951451817	0.8382397413012233	1.9634636233687905	-1.8948016491709905	-0.36618629945349623	1.0	1.0	-10.83208064373508	1.0
random	GSM8K	icl_llm	128	rmse	724.3544260470338	10.709449457946365	3509.7651498181567	0.0	0.0	57.77901072332548	223.41269122616185	0.0	28157.2633429021
random	GSM8K	icl_llm	128	rounded_consistency	0.495579133510168	0.2692307692307692	0.4698060455585068	0.0	0.0	1.0	1.0	0.0	1.0
random	GSM8K	lightgbm	32	mae	0.860751583101727	0.7739290127158165	0.3284136126961052	0.5585628790557384	0.6550523830790604	0.9927454765566759	1.1772432338606036	0.4036346794026238	2.8741754869690963
random	GSM8K	lightgbm	32	mse	1.2589554962958562	0.9016441674430788	1.550650988289793	0.4337777495853653	0.6284373062129538	1.3169741903425447	2.0686014984120904	0.23107093909449236	14.508327886629067
random	GSM8K	lightgbm	32	r2	-0.654103282495297	-0.07648014409452464	3.1045650163261325	-0.7082586660534216	-0.26301675133342733	-0.01401121314786985	-0.002553594285554482	-29.557302498373186	-4.524833786545557e-05
random	GSM8K	lightgbm	32	rmse	1.037164796433907	0.9495171455267751	0.42807088353924355	0.6585456211280535	0.7927384386803682	1.1475349345013361	1.4381863451364638	0.48069838682326815	3.808979901053439
random	GSM8K	lightgbm	32	rounded_consistency	0.022857142857142857	0.0	0.05965889433663172	0.0	0.0	0.0	0.14285714285714285	0.0	0.2857142857142857
random	GSM8K	lightgbm	64	mae	0.5329399118273551	0.48806248452705964	0.21533682907031	0.3086454054374259	0.37979893597859143	0.6456885210389124	0.8208471132153894	0.20967562212348412	1.276364654458067
random	GSM8K	lightgbm	64	mse	0.5078034412704896	0.3711769951668229	0.4488569438356139	0.15080198977730022	0.20767838585521486	0.6228410736907832	1.0347693363518815	0.07576598781217497	2.2570688585571532
random	GSM8K	lightgbm	64	r2	0.32126238870822393	0.5383563037770162	0.6902275258523185	-0.24127359331087767	0.2392795289263437	0.7096818744132688	0.7827075290369734	-3.7398161704865576	0.909746988944856
random	GSM8K	lightgbm	64	rmse	0.6617741965251079	0.6092182762770363	0.26430730993303486	0.38833211193559564	0.4557119314568427	0.7892013373230403	1.0170429727819221	0.275256222113461	1.5023544383923366
random	GSM8K	lightgbm	64	rounded_consistency	0.025384615384615387	0.0	0.059638953157544715	0.0	0.0	0.0	0.08461538461538527	0.0	0.3076923076923077
random	GSM8K	lightgbm	128	mae	0.3303569648815565	0.27991395163377975	0.20329967014462347	0.1390385693219283	0.20239195771694016	0.40361969906607525	0.5402874555423526	0.07504712099428906	1.3357150878987716
random	GSM8K	lightgbm	128	mse	0.26397165241188925	0.14209088566143338	0.35221033202104673	0.030903726418738647	0.06972543443994035	0.30067534552213526	0.5537349020160157	0.011645405413493605	2.131275568372688
random	GSM8K	lightgbm	128	r2	0.7408657073124469	0.8129702905762175	0.29054134491827044	0.4285824641093322	0.6933966292094209	0.9353569283499534	0.9615377981157779	-0.6241623259441096	0.9908641801880077
random	GSM8K	lightgbm	128	rmse	0.4415204847891268	0.37689497540045835	0.2627381090048865	0.17579108764526707	0.2640455917583514	0.5483370113070276	0.7440995917697376	0.10791387961468907	1.4598888890503579
random	GSM8K	lightgbm	128	rounded_consistency	0.05153846153846153	0.0	0.10578251664808493	0.0	0.0	0.038461538461538464	0.15769230769230802	0.0	0.7307692307692307
random	GSM8K	lightgbm	256	mae	0.21761163703148814	0.17837116603827669	0.17049264360121705	0.07402853252941971	0.11654383270026272	0.26197501328942585	0.36029477409292787	0.03031421784000221	1.0129501877816336
random	GSM8K	lightgbm	256	mse	0.14130891643617546	0.06432682196587416	0.2293435777395884	0.010065570750080775	0.028766473837550113	0.1514122896339607	0.28237929250903915	0.0017211002446521548	1.37315430814468
random	GSM8K	lightgbm	256	r2	0.8509693940292766	0.9282760533922847	0.22856490766112822	0.648493243116971	0.8535038347236275	0.9697561858472428	0.9889223730625128	-0.2375923797813735	0.9980157347404051
random	GSM8K	lightgbm	256	rmse	0.3075056461461253	0.25362522339538707	0.2162156192887771	0.10032656214614342	0.16952881132912886	0.38911728918992305	0.5313571226785203	0.04148614521321733	1.1718166700233787
random	GSM8K	lightgbm	256	rounded_consistency	0.07346153846153845	0.019230769230769232	0.1302131843277825	0.0	0.0	0.07692307692307693	0.25	0.0	0.8076923076923077
random	GSM8K	lightgbm	512	mae	0.15154501013775534	0.10963371824582262	0.14735385707711163	0.03522628583160015	0.061130011090694485	0.17927457089048637	0.2562566432029497	0.012036665041854766	0.7888003621613491
random	GSM8K	lightgbm	512	mse	0.08365209579544539	0.028851698032897756	0.1663723716853242	0.00270516937696468	0.008518098737101555	0.0815949883998376	0.16583704473366578	0.00036890886421714006	0.9345489282455606
random	GSM8K	lightgbm	512	r2	0.9162535689628665	0.9694144628083865	0.16769133906824402	0.8336399938757973	0.9266973800541731	0.9878993169687329	0.9979618985013442	0.04774881058095637	0.9995748327241046
random	GSM8K	lightgbm	512	rmse	0.22011727131753375	0.16984624437545429	0.1876179166901941	0.05200481816355435	0.09229227603981194	0.2856481451789103	0.4072059913621947	0.019207000396135262	0.9667207085014579
random	GSM8K	lightgbm	512	rounded_consistency	0.12359223300970873	0.038834951456310676	0.1857535800380078	0.0	0.009708737864077669	0.14805825242718446	0.3990291262135923	0.0	0.941747572815534
random	GSM8K	lightgbm	1024	mae	0.11089284135192098	0.0787265379109767	0.12662548725937733	0.021933894259872598	0.04001334557482108	0.1287013858522792	0.20019749044056181	0.006618951342057554	0.7330000752965933
random	GSM8K	lightgbm	1024	mse	0.05500957923741854	0.015022445398094282	0.1301656956403112	0.001020524327462987	0.00401000054131478	0.04076048277678801	0.10578619930885114	0.00019433387708713487	0.8102446104176285
random	GSM8K	lightgbm	1024	r2	0.9460078959882976	0.9845542130771515	0.133669075493898	0.9048208769379066	0.9594559145530006	0.9963957572972058	0.9990746277535804	0.11118131901137596	0.9998335063664235
random	GSM8K	lightgbm	1024	rmse	0.1659058173070335	0.12256541071371191	0.16578552114435013	0.03192671580742051	0.06326362992383189	0.20189169353306963	0.3251694785377473	0.013940368613746729	0.900135884418363
random	GSM8K	lightgbm	1024	rounded_consistency	0.1739512195121951	0.051219512195121955	0.23843553149012417	0.0	0.00975609756097561	0.24634146341463414	0.6395121951219512	0.0	0.9853658536585366
random	GSM8K	lightgbm	2048	mae	0.07927290719840328	0.054541515167424864	0.10769260833941695	0.012102710399711053	0.02386734210837199	0.09103126160427563	0.13701777647605626	0.0016042186989067009	0.7040938709687057
random	GSM8K	lightgbm	2048	mse	0.03178524696213849	0.006227726040128477	0.096395870653501	0.0003536745803186258	0.0015913163355552604	0.016971092559679102	0.04122141124380957	8.613252619446282e-06	0.7070880758619726
random	GSM8K	lightgbm	2048	r2	0.9684722207741724	0.9935115956960882	0.09390951875871092	0.9559569515970836	0.9804523102494956	0.9984555347035494	0.9996413305398482	0.3103837629728703	0.9999920451498231
random	GSM8K	lightgbm	2048	rmse	0.1154406368608858	0.07890564650564341	0.13586282171106112	0.01880607016770288	0.03988803452366319	0.1302548015939804	0.20301770641576591	0.0029348343427604705	0.840885292927622
random	GSM8K	lightgbm	2048	rounded_consistency	0.23643902439024395	0.09024390243902439	0.2965201348355272	0.0	0.01402439024390244	0.325	0.7721951219512199	0.0	1.0
random	GSM8K	random_forest	32	mae	0.5763246870576496	0.48850059244462424	0.3178479124520364	0.1896499123801078	0.37057409849656475	0.7513515879315258	0.9907076080647964	0.0969374953146492	1.535177589200437
random	GSM8K	random_forest	32	mse	0.6979259738811858	0.3791952713325012	0.9568071201837225	0.05124295338733474	0.20913261795349827	0.8053304734110036	1.4804009681589505	0.014236099806885236	7.297891378098681
random	GSM8K	random_forest	32	r2	-0.3189441396936493	0.44052026237950775	6.59478985572145	-0.2383181420592218	0.021316661024212175	0.7081189353495329	0.8980709076906558	-65.71334242836119	0.9790463879461113
random	GSM8K	random_forest	32	rmse	0.717382229463359	0.615763963905797	0.42812230814495805	0.22636163688079883	0.45728120257624616	0.897398184908976	1.2167152735761575	0.11931512815601061	2.7014609710485695
random	GSM8K	random_forest	32	rounded_consistency	0.022857142857142857	0.0	0.0720544012166771	0.0	0.0	0.0	0.14285714285714285	0.0	0.42857142857142855
random	GSM8K	random_forest	64	mae	0.4457630877341818	0.3829123279575187	0.23562570485565348	0.1603636778172392	0.2855131680590029	0.606153634599195	0.771918976839188	0.05422211780685644	1.0738313390326042
random	GSM8K	random_forest	64	mse	0.41792572102042663	0.2538729794776493	0.4393539094772923	0.04536228234171797	0.13493114524785213	0.5637158718398337	0.8870396875640009	0.004586652564640969	2.800306962564513
random	GSM8K	random_forest	64	r2	0.4768100453300561	0.6087196114570974	0.4957615928912662	-0.08630129865714357	0.29848139982496985	0.8301170532447901	0.9376915575155392	-2.0254869103653173	0.9865682634858038
random	GSM8K	random_forest	64	rmse	0.5729264697888143	0.5038563262987814	0.299467830051499	0.2129787823927228	0.36731492803091825	0.7508095184537892	0.941764591351978	0.06772482974981162	1.6734117731641884
random	GSM8K	random_forest	64	rounded_consistency	0.02384615384615385	0.0	0.06027059298445823	0.0	0.0	0.0	0.07692307692307693	0.0	0.38461538461538464
random	GSM8K	random_forest	128	mae	0.3471608098255241	0.32733574784513064	0.20679317559778748	0.10717802069810077	0.21415031272663665	0.403053320512892	0.6044316511158402	0.04133061678664617	1.1930339771854475
random	GSM8K	random_forest	128	mse	0.2815241895069085	0.18921803503832163	0.34516887827928433	0.02422214175708227	0.08494499885745595	0.32303618188155964	0.7138627788365719	0.0024531081287054862	2.227363802593899
random	GSM8K	random_forest	128	r2	0.7271000071467912	0.7946195960127971	0.2570975861187771	0.4027180201362165	0.6568044442657529	0.9080843249116581	0.9688085925459056	-0.19353120567777937	0.9969425922075948
random	GSM8K	random_forest	128	rmse	0.4600404026067571	0.4349919509975375	0.2643615279807585	0.15562703770218858	0.2914513782480586	0.568360866483262	0.8449023836426768	0.04952886157287977	1.4924355271146217
random	GSM8K	random_forest	128	rounded_consistency	0.04615384615384615	0.0	0.08531181928007243	0.0	0.0	0.07692307692307693	0.11923076923076957	0.0	0.46153846153846156
random	GSM8K	random_forest	256	mae	0.27918822096551577	0.22991612594429614	0.18379689820270412	0.07833486947483882	0.16858091560437774	0.35428944591870265	0.5002694479781706	0.026701473026894608	0.9652135243157928
random	GSM8K	random_forest	256	mse	0.19746102144695762	0.11262381307582248	0.23659826818040763	0.012299464676775762	0.05481945507463524	0.2616318644981713	0.4280253938889942	0.001108689451804524	1.2395703866785348
random	GSM8K	random_forest	256	r2	0.7964953062511556	0.8761808275431142	0.2294028162075154	0.5227622928599847	0.7545995499265392	0.9389736163920268	0.9884587285245651	-0.14021261665401608	0.9987217862703054
random	GSM8K	random_forest	256	rmse	0.3820034070546904	0.33551720001568264	0.22701193458839583	0.1108862998431241	0.2341311505253189	0.5114959896769743	0.6541569387313724	0.033296988629672265	1.1133599537788912
random	GSM8K	random_forest	256	rounded_consistency	0.055	0.019230769230769232	0.09768095027863559	0.0	0.0	0.0625	0.15576923076923094	0.0	0.4807692307692308
random	GSM8K	random_forest	512	mae	0.21904976083672278	0.1849587865158061	0.171322765063608	0.042826495170767316	0.11254143723210736	0.2872627320614038	0.39387071686618935	0.011077946784987469	0.898340779985473
random	GSM8K	random_forest	512	mse	0.13218182983851282	0.061824968347965775	0.194698727987195	0.005265451160023005	0.02561576510460388	0.1579354860887206	0.2662453965019589	0.0005025772201620718	1.0926706502582881
random	GSM8K	random_forest	512	r2	0.8661052774895193	0.9353991934543098	0.19536676752800652	0.741796465346448	0.842044216903998	0.9706300006778114	0.9947477910593678	-0.05154488363711285	0.9996864531638434
random	GSM8K	random_forest	512	rmse	0.2994375473672679	0.24863903288072753	0.20620132168632677	0.07249879251015057	0.16004749508647884	0.3973568407644133	0.5158685847974127	0.022418234099992617	1.045308877919961
random	GSM8K	random_forest	512	rounded_consistency	0.08165048543689321	0.019417475728155338	0.13818569759730684	0.0	0.0	0.08980582524271845	0.2543689320388351	0.0	0.6504854368932039
random	GSM8K	random_forest	1024	mae	0.1734944516000072	0.14449623494462063	0.15672649688950754	0.02679847890149484	0.08105070446548052	0.2336403403476849	0.34428189518606644	0.00169818619584165	0.7912596647366518
random	GSM8K	random_forest	1024	mse	0.0973050972997778	0.03992444234590225	0.16725639817166457	0.002250001080690902	0.015125319070154302	0.10104855439433574	0.24428020018359436	2.534761635746156e-05	0.8457915172917659
random	GSM8K	random_forest	1024	r2	0.9047464834962873	0.9607521851125409	0.1679281798671671	0.767632742741981	0.9024878163945999	0.9834538789281759	0.9977807048654789	0.09782527895131554	0.9999745717175821
random	GSM8K	random_forest	1024	rmse	0.24380006579087576	0.19981061581723153	0.19459348709590063	0.047421243375446266	0.12298445102443051	0.3178768070953951	0.4937787589131484	0.005034641631482976	0.9196692434194839
random	GSM8K	random_forest	1024	rounded_consistency	0.12258536585365855	0.03414634146341464	0.19506542473901908	0.0	0.004878048780487805	0.1329268292682927	0.4195121951219512	0.0	0.9219512195121952
random	GSM8K	random_forest	2048	mae	0.13798042376378786	0.10272530660246094	0.1518292273541486	0.015485094203174388	0.04265036921027093	0.16260277818507946	0.24606639201652472	0.00017081231493048504	0.804342607006794
random	GSM8K	random_forest	2048	mse	0.0693180587760698	0.021172911511540535	0.15422723042634992	0.0006355811927190702	0.005709589322480931	0.0585327757199632	0.12045743008590445	7.086987789971278e-07	0.8676752715086705
random	GSM8K	random_forest	2048	r2	0.9311330822903356	0.9780314663904356	0.14873968475867555	0.8724107561304476	0.9345653126202009	0.9945164391959882	0.999400885618551	0.15376460708961792	0.9999993736370247
random	GSM8K	random_forest	2048	rmse	0.18963334345528934	0.14550908071077856	0.1826396830539247	0.025202572481383717	0.07555372990697892	0.24193051553346165	0.34706977308093495	0.0008418424906104038	0.9314908864335015
random	GSM8K	random_forest	2048	rounded_consistency	0.1791707317073171	0.04878048780487805	0.26045021652615064	0.0	0.00426829268292683	0.20731707317073172	0.6514634146341464	0.0	0.9951219512195122
random	GSM8K	realmlp	32	mae	0.6152610455080867	0.5675347149372101	0.33367152137578454	0.2743124395608902	0.3551466688513756	0.7816279530525208	1.0206942558288576	0.05736694857478142	2.2209231853485107
random	GSM8K	realmlp	32	mse	0.832707643546164	0.5583180785179138	1.1547238826554085	0.11578029990196229	0.21135610342025757	1.0334081947803497	1.6052597165107745	0.006007153540849686	9.61713981628418
random	GSM8K	realmlp	32	r2	0.1554599803686142	0.3645215332508087	0.6933660486786256	-0.4987549066543579	-0.11730319261550903	0.574411004781723	0.8004329264163972	-3.7063307762145996	0.926112174987793
random	GSM8K	realmlp	32	rmse	0.7959633583512793	0.7472029147872576	0.44626222751686795	0.34025858634562717	0.4597286421333191	1.0165666103169406	1.2667816130606728	0.07750582907659066	3.1011513694568635
random	GSM8K	realmlp	32	rounded_consistency	0.02	0.0	0.060676458804558	0.0	0.0	0.0	0.14285714285714285	0.0	0.42857142857142855
random	GSM8K	realmlp	64	mae	0.4657610622048378	0.4382558763027191	0.2071615856906259	0.2395731821656227	0.29690758138895035	0.5798303931951523	0.7598954796791076	0.128717839717865	1.1225601434707642
random	GSM8K	realmlp	64	mse	0.4545365144684911	0.30972564220428467	0.42735676062213535	0.10688993111252786	0.17605587095022202	0.5854603797197342	0.9111082792282124	0.026378832757472992	2.7620432376861572
random	GSM8K	realmlp	64	r2	0.4014790731668472	0.5914504528045654	0.547141481111291	-0.2711540699005127	0.21328356862068176	0.7802340090274811	0.8747578382492066	-2.2604305744171143	0.9580050706863403
random	GSM8K	realmlp	64	rmse	0.6169059289329101	0.556528749106076	0.2719624777720529	0.32693294424174957	0.4195462498683561	0.7651504633590498	0.9539400526591757	0.16241561734473994	1.6619396010945033
random	GSM8K	realmlp	64	rounded_consistency	0.03384615384615385	0.0	0.07403821178779055	0.0	0.0	0.019230769230769232	0.08461538461538527	0.0	0.46153846153846156
random	GSM8K	realmlp	128	mae	0.36357238218188287	0.3162227123975754	0.20034410043748285	0.16972074508666993	0.2245318926870823	0.43514882028102875	0.6059710860252382	0.08218323439359665	1.3191947937011719
random	GSM8K	realmlp	128	mse	0.3273521235678345	0.2124435380101204	0.37039925924404205	0.06275083944201469	0.0997481718659401	0.4273187145590782	0.6583384871482859	0.0129023352637887	2.2523183822631836
random	GSM8K	realmlp	128	r2	0.637170033454895	0.7684624195098877	0.5974049652202175	0.2986213207244873	0.5929018259048462	0.8890118598937988	0.9271441817283631	-4.6332478523254395	0.9882211685180664
random	GSM8K	realmlp	128	rmse	0.509972281792009	0.46090875064326664	0.2593846475250342	0.25049928234155233	0.3158244747496786	0.6536553902522765	0.8110882549051521	0.1135884468763822	1.500772595119988
random	GSM8K	realmlp	128	rounded_consistency	0.04038461538461538	0.0	0.09871586744392766	0.0	0.0	0.038461538461538464	0.0807692307692311	0.0	0.8461538461538461
random	GSM8K	realmlp	256	mae	0.26386162504553795	0.223600335419178	0.18245498190450923	0.10598483681678772	0.1460193656384945	0.31526289880275726	0.4322988390922547	0.06377788633108139	1.1063951253890991
random	GSM8K	realmlp	256	mse	0.1841843239031732	0.09922361373901367	0.2672697821800842	0.025312799960374832	0.05221747513860464	0.19692553207278252	0.33754249811172565	0.007814283482730389	1.6844043731689453
random	GSM8K	realmlp	256	r2	0.8100112158060074	0.8900335729122162	0.26579649685354473	0.6326763451099395	0.8025384545326233	0.949498787522316	0.975302642583847	-0.6412431001663208	0.9907224178314209
random	GSM8K	realmlp	256	rmse	0.36701101981875994	0.3149816726932941	0.22245726608669583	0.159067238435936	0.22850851536184383	0.44375680221731895	0.5805547739539628	0.08839843597445822	1.2978460514132426
random	GSM8K	realmlp	256	rounded_consistency	0.05403846153846154	0.019230769230769232	0.10664653640794274	0.0	0.0	0.057692307692307696	0.13846153846153877	0.0	0.7884615384615384
random	GSM8K	realmlp	512	mae	0.18379973707720637	0.15230270475149155	0.156053094606321	0.05025789886713028	0.09468335099518299	0.21460281684994698	0.2940659135580063	0.029324805364012718	0.8596393465995789
random	GSM8K	realmlp	512	mse	0.11021552140591666	0.05075471103191376	0.19988790198465123	0.006156640686094761	0.023149943444877863	0.1070433184504509	0.2043595314025882	0.002034117467701435	1.1155635118484497
random	GSM8K	realmlp	512	r2	0.8883243107795715	0.9471102952957153	0.20389762249473814	0.8078383386135102	0.8894682377576828	0.9775327891111374	0.9944561183452606	-0.3029210567474365	0.9977862238883972
random	GSM8K	realmlp	512	rmse	0.26811768887523746	0.2252711920691804	0.19577647028720796	0.07845203703741543	0.1521243537062563	0.3271746071460656	0.4519076827381462	0.04510119142219455	1.056202400985933
random	GSM8K	realmlp	512	rounded_consistency	0.09165048543689319	0.02912621359223301	0.1506721047074049	0.0	0.0	0.10922330097087378	0.23398058252427276	0.0	0.970873786407767
random	GSM8K	realmlp	1024	mae	0.11833840303122997	0.09301374480128288	0.1236212014911113	0.026229567639529706	0.04659550450742245	0.13516152277588844	0.1894200608134272	0.016004901379346848	0.8699460029602051
random	GSM8K	realmlp	1024	mse	0.06037059650814627	0.019699585624039173	0.1433470818189362	0.001815252983942628	0.006876457831822336	0.047687836922705173	0.11657200008630753	0.0007871815469115973	1.1440256834030151
random	GSM8K	realmlp	1024	r2	0.9409171658754348	0.9801693260669708	0.15019580111803382	0.9050046980381012	0.9524783194065094	0.9926871061325073	0.9981259822845459	-0.2549682855606079	0.9991832375526428
random	GSM8K	realmlp	1024	rmse	0.18219857579932433	0.14035260534968957	0.1648462176843744	0.04258790394631763	0.08292021374282524	0.2183525522832241	0.3414263865049761	0.028056755815874315	1.0695913628124598
random	GSM8K	realmlp	1024	rounded_consistency	0.14107317073170733	0.04878048780487805	0.20463595452557326	0.0	0.004878048780487805	0.1902439024390244	0.4736585365853659	0.0	1.0
random	GSM8K	realmlp	2048	mae	0.07431745541281998	0.052639326080679893	0.09544331624218293	0.019823981449007988	0.02797749638557434	0.07306281663477421	0.12848714590072643	0.012128119356930256	0.7936379313468933
random	GSM8K	realmlp	2048	mse	0.028307523252442478	0.006422277772799134	0.10504698692507329	0.0007601232326123863	0.0020015003974549472	0.016984553541988134	0.046629297360777894	0.0004068154376000166	0.9992519617080688
random	GSM8K	realmlp	2048	r2	0.9715272921323777	0.9934491217136383	0.10279981405424377	0.9570226073265076	0.9826021045446396	0.9981093555688858	0.9992604553699493	0.025439143180847168	0.9995740652084351
random	GSM8K	realmlp	2048	rmse	0.11246340400130576	0.08013745880016637	0.12513794793299737	0.027570144925887073	0.04473488849145226	0.1303247941417872	0.21591731820644566	0.02016966627388804	0.9996259108827006
random	GSM8K	realmlp	2048	rounded_consistency	0.1931219512195122	0.07682926829268293	0.25686467687260184	0.0	0.00975609756097561	0.24573170731707317	0.661219512195122	0.0	1.0
random	GSM8K	tabm	32	mae	0.469937555976212	0.3942592293024063	0.31214751803310614	0.16412386447191238	0.24257932975888252	0.6268459856510162	0.9416102468967444	0.060625117272138596	1.590016484260559
random	GSM8K	tabm	32	mse	0.5878497630776838	0.26217561960220337	0.9651795512848176	0.043281179293990134	0.10513629205524921	0.6069258153438568	1.5592725396156313	0.007650541607290506	6.432568550109863
random	GSM8K	tabm	32	r2	0.22897746920585632	0.6529934406280518	2.1552262428302096	-0.2025412082672119	0.28763391077518463	0.8288255631923676	0.9382260084152222	-19.572229385375977	0.9878098368644714
random	GSM8K	tabm	32	rmse	0.6221052613510697	0.5120305365734408	0.44814596603896917	0.20803925322586644	0.3242450706201336	0.778983507382577	1.2487070205393116	0.08746737453068147	2.536250884693757
random	GSM8K	tabm	32	rounded_consistency	0.032857142857142856	0.0	0.08536834953330664	0.0	0.0	0.0	0.14285714285714285	0.0	0.42857142857142855
random	GSM8K	tabm	64	mae	0.293554345369339	0.2074856236577034	0.22699021384323204	0.08982395529747009	0.12947949394583702	0.3709961846470833	0.632866019010544	0.03719031810760498	1.019666314125061
random	GSM8K	tabm	64	mse	0.2512918354407884	0.07601195201277733	0.43208102561552253	0.013889361172914505	0.03162743104621768	0.23894234746694565	0.6422525823116305	0.0022492411080747843	2.8386454582214355
random	GSM8K	tabm	64	r2	0.6699193483591079	0.8850694894790649	0.6672145757685267	0.2862061738967896	0.6852590590715408	0.9600112587213516	0.9812561511993408	-3.850281238555908	0.9984235167503357
random	GSM8K	tabm	64	rmse	0.3922492323108817	0.2756831862820952	0.31214159478081793	0.11785292896143446	0.1778395297042338	0.48881720657621625	0.8013900265766998	0.04742616480461797	1.6848280203692707
random	GSM8K	tabm	64	rounded_consistency	0.05615384615384616	0.0	0.12106773496561396	0.0	0.0	0.07692307692307693	0.23076923076923078	0.0	0.7692307692307693
random	GSM8K	tabm	128	mae	0.1977652259916067	0.13634315878152847	0.19859187673278153	0.05316994898021221	0.07419503293931484	0.21047735959291458	0.39604958593845396	0.03375176340341568	1.2449538707733154
random	GSM8K	tabm	128	mse	0.14205783805344255	0.040119271725416183	0.293080565349252	0.005333466688171029	0.011422630166634917	0.10236716829240322	0.3027012109756475	0.0016312501393258572	1.9614492654800415
random	GSM8K	tabm	128	r2	0.8671614497900009	0.956500232219696	0.2436470865802708	0.6827379882335662	0.8861883282661438	0.9870599657297134	0.9951628565788269	-0.37276792526245117	0.9980349540710449
random	GSM8K	tabm	128	rmse	0.27814917917472015	0.20026837425736524	0.2543440036208283	0.0730303945050983	0.10686785112652886	0.31988060807677415	0.549949418322715	0.040388737778319556	1.4005174991695182
random	GSM8K	tabm	128	rounded_consistency	0.09846153846153846	0.038461538461538464	0.16165929546627034	0.0	0.0	0.125	0.3076923076923077	0.0	0.9615384615384616
random	GSM8K	tabm	256	mae	0.1333985953219235	0.08449206873774529	0.16023423974787315	0.03951714299619198	0.05466198083013296	0.14046021178364754	0.2199609220027925	0.02712121605873108	0.9385765790939331
random	GSM8K	tabm	256	mse	0.0750666391744744	0.013955931644886732	0.19482821853927723	0.0026427744887769222	0.005995709449052811	0.051638235338032246	0.12027158588171016	0.001162210712209344	1.2254867553710938
random	GSM8K	tabm	256	r2	0.9254530668258667	0.9846350848674774	0.18303454762434523	0.8615619719028473	0.9466531127691269	0.9933374375104904	0.9972680032253265	-0.014330744743347168	0.9987132549285889
random	GSM8K	tabm	256	rmse	0.18845883027415805	0.11811765402030536	0.19887158788064846	0.05140739886342624	0.07743181449208678	0.22723986590220346	0.3467543498085142	0.03409121165651558	1.1070170528817944
random	GSM8K	tabm	256	rounded_consistency	0.12500000000000003	0.028846153846153848	0.20732695786033542	0.0	0.0	0.1201923076923077	0.38461538461538464	0.0	1.0
random	GSM8K	tabm	512	mae	0.08232123462483287	0.04638074152171612	0.12380005046317061	0.021913627348840236	0.030845140106976032	0.08022106066346169	0.1269077047705651	0.012850383296608925	0.7774413824081421
random	GSM8K	tabm	512	mse	0.03795231455907924	0.004906787537038326	0.12851279992634862	0.0007904147438239306	0.0018515202100388706	0.01428375905379653	0.05154888555407529	0.0003029041981790215	0.8964340090751648
random	GSM8K	tabm	512	r2	0.9608877646923065	0.9943075478076935	0.1366300061565125	0.9617254257202148	0.9860854893922806	0.9978764057159424	0.9992157697677613	-0.0469890832901001	0.9996739029884338
random	GSM8K	tabm	512	rmse	0.11782790792379437	0.07004625749318352	0.15514154399573662	0.028112475193804134	0.043028413855995776	0.1195132540891717	0.22701612750539577	0.01740414313257109	0.9468019904262795
random	GSM8K	tabm	512	rounded_consistency	0.18766990291262137	0.06310679611650485	0.26595936888698846	0.0	0.0	0.21601941747572814	0.6223300970873786	0.0	1.0
random	GSM8K	tabm	1024	mae	0.053217349657788876	0.030434777960181236	0.09218198360108802	0.012063713185489178	0.020488904789090157	0.045826819725334644	0.08060797750949862	0.008031108416616917	0.7442853450775146
random	GSM8K	tabm	1024	mse	0.02112795536391786	0.0021086613414809108	0.08770680217737849	0.00025318585976492615	0.0008039219683269039	0.006216876907274127	0.021113139949739013	0.00012922992755193263	0.7894288301467896
random	GSM8K	tabm	1024	r2	0.9791037923097611	0.9976176619529724	0.09341752148741844	0.9826049506664276	0.9937627166509628	0.9990672916173935	0.99974445104599	0.13401579856872559	0.999869167804718
random	GSM8K	tabm	1024	rmse	0.0814253084810105	0.04591523082266047	0.1204071198172689	0.015911801403537623	0.028353301334903054	0.0788467910850948	0.14525247929741333	0.011367934181368777	0.888498075488512
random	GSM8K	tabm	1024	rounded_consistency	0.252	0.11951219512195121	0.3043630538200005	0.0	0.014634146341463415	0.3829268292682927	0.8009756097560977	0.0	1.0
random	GSM8K	tabm	2048	mae	0.03150307557545602	0.019752088002860546	0.05322188866134	0.009779946878552437	0.013787092175334692	0.02876877784729004	0.046868565678596506	0.006420886144042015	0.44902127981185913
random	GSM8K	tabm	2048	mse	0.0065686059917061355	0.0010112327872775495	0.031515510536607165	0.00017824781825765968	0.00036461602576309815	0.0019624627311713994	0.006782122794538741	6.618905899813399e-05	0.28688734769821167
random	GSM8K	tabm	2048	r2	0.9934643757343292	0.9989509284496307	0.031016089525168086	0.9941002488136291	0.9978297203779221	0.9996390640735626	0.999818480014801	0.7202014923095703	0.9999386668205261
random	GSM8K	tabm	2048	rmse	0.04625287309583526	0.03179000229399598	0.06655281903936673	0.013350222123750463	0.019094725247963816	0.04429936368760001	0.0823468699241706	0.008135665860772183	0.535618658840608
random	GSM8K	tabm	2048	rounded_consistency	0.31573170731707323	0.16463414634146342	0.34184323388019955	0.0	0.026829268292682926	0.5591463414634147	0.9297560975609757	0.0	1.0
random	GSM8K	tabpfn2	32	mae	0.26043168406467887	0.13578209280967712	0.3072304712296069	0.020083654113113882	0.04118039831519127	0.35524923354387283	0.7181614041328435	0.0042113023810088634	1.3989810943603516
random	GSM8K	tabpfn2	32	mae_original	8870.991619965956	13.027248859405518	36793.872022586576	0.5698565512895585	3.080325186252594	93.7835578918457	2978.7697998046915	0.09010954946279526	228395.90625
random	GSM8K	tabpfn2	32	mse	0.2928971890890171	0.030511755496263504	0.6164028820148277	0.000598960364004597	0.0030598550220020115	0.21949004009366035	0.9950891435146345	4.302137313061394e-05	3.649348020553589
random	GSM8K	tabpfn2	32	mse_original	3870745280.7616596	309.5819091796875	20521162904.8523	0.5412417531013489	20.82561445236206	16596.1630859375	17458689.00000002	0.010970309376716614	167697530880.0
random	GSM8K	tabpfn2	32	r2	0.7611639249324799	0.9463613033294678	0.3731384081699619	0.09781180024147035	0.6710669994354248	0.9954308569431305	0.9992928504943848	-0.8713971376419067	0.9999593496322632
random	GSM8K	tabpfn2	32	r2_original	0.7611639153957367	0.9463612735271454	0.3731384231393775	0.09781180024147035	0.6710669994354248	0.9954308569431305	0.9992928504943848	-0.8713973760604858	0.9999593496322632
random	GSM8K	tabpfn2	32	rmse	0.3479920462045827	0.17465611805195025	0.4144860973149337	0.02447320009599122	0.05531528046429891	0.46837758351219044	0.9972844543234773	0.006559068007774728	1.9103266790142437
random	GSM8K	tabpfn2	32	rmse_original	14010.163362904792	17.56273575717771	60617.32923270688	0.7354043800876463	4.531147602694205	128.81667847481748	4177.759024649152	0.10473924468276738	409508.88986687455
random	GSM8K	tabpfn2	32	rounded_consistency	0.1657142857142857	0.0	0.28046608438418347	0.0	0.0	0.2857142857142857	0.7142857142857143	0.0	1.0
random	GSM8K	tabpfn2	64	mae	0.1161049975338392	0.0374306570738554	0.1891647395053652	0.007338329125195742	0.01778921904042363	0.12714534625411034	0.29025318026542674	0.0015079951845109463	1.131188154220581
random	GSM8K	tabpfn2	64	mae_original	3205.5332321281358	4.011335134506226	13126.874723553226	0.24427424669265746	1.1419719755649567	49.78058433532715	836.9953308105537	0.048150721937417984	82526.453125
random	GSM8K	tabpfn2	64	mse	0.07096382107132286	0.0028185808332636952	0.2269731724470608	0.00018125666247215122	0.0007688199111726135	0.034321244806051254	0.1451169773936272	2.8166464289824944e-06	1.7828261852264404
random	GSM8K	tabpfn2	64	mse_original	630497129.7973548	31.603256225585938	3057042837.9316287	0.13045496717095376	2.0484422147274017	3820.710693359375	1791549.687500057	0.003092630300670862	23202344960.0
random	GSM8K	tabpfn2	64	r2	0.9067769885063172	0.9941191375255585	0.30555440307051246	0.8095825016498566	0.9585361331701279	0.9991802275180817	0.9997975111007691	-1.5981709957122803	0.9999968409538269
random	GSM8K	tabpfn2	64	r2_original	0.906776984333992	0.9941191375255585	0.30555442649147835	0.809582507610321	0.9585361331701279	0.9991802275180817	0.9997975111007691	-1.5981712341308594	0.9999968409538269
random	GSM8K	tabpfn2	64	rmse	0.15185723966383036	0.05308927780821283	0.2188679963654002	0.013462341684179062	0.027713488727752388	0.18522722516063284	0.38093903007195223	0.0016782867540985045	1.3352251440212024
random	GSM8K	tabpfn2	64	rmse_original	5990.738078306201	5.621549770591264	24384.589130729408	0.3609045127681779	1.4310026708714576	61.75142508157937	1233.0348274302257	0.05561142239388291	152323.15963109484
random	GSM8K	tabpfn2	64	rounded_consistency	0.24846153846153846	0.07692307692307693	0.33721009902963167	0.0	0.0	0.3269230769230769	0.8461538461538461	0.0	1.0
random	GSM8K	tabpfn2	128	mae	0.14356915978016332	0.061866555362939835	0.1982650990462342	0.005196345178410411	0.009641498560085893	0.20199257880449295	0.34125169217586526	0.00132296746596694	1.1038814783096313
random	GSM8K	tabpfn2	128	mae_original	3233.434933230169	4.930265665054321	13278.111454885928	0.24210662692785265	1.0503320693969727	53.013654708862305	1276.4970458984521	0.03402676805853844	86522.890625
random	GSM8K	tabpfn2	128	mse	0.0930397643135052	0.007635996676981449	0.21740713250389018	4.692014954343904e-05	0.0002452066801197361	0.09028338827192783	0.21416897624731066	2.9344612357817823e-06	1.380793809890747
random	GSM8K	tabpfn2	128	mse_original	706233649.9519186	55.98952293395996	4336034396.929037	0.24101285338401796	2.9960749745368958	4760.6158447265625	3652873.2750001806	0.002447832841426134	40085860352.0
random	GSM8K	tabpfn2	128	r2	0.9069943135976791	0.9890466928482056	0.20696631771035978	0.7654831826686859	0.9054933488368988	0.9997073709964752	0.9999565958976746	-0.2110360860824585	0.9999963641166687
random	GSM8K	tabpfn2	128	r2_original	0.9069943153858184	0.9890466928482056	0.20696631605972782	0.7654831826686859	0.9054933488368988	0.9997073858976364	0.9999565958976746	-0.2110360860824585	0.9999963641166687
random	GSM8K	tabpfn2	128	rmse	0.19259332586607833	0.08737286061433987	0.2365323976654102	0.006849735255807577	0.01565130010786844	0.3001627770249482	0.4627832921424203	0.0017130269220831827	1.1750718318003999
random	GSM8K	tabpfn2	128	rmse_original	6006.177371030469	7.4824074096773145	25887.438717255132	0.4909130773575028	1.7287272942773564	68.88041807221903	1591.6030485437163	0.04947557823235757	200214.53581595919
random	GSM8K	tabpfn2	128	rounded_consistency	0.25346153846153846	0.07692307692307693	0.32184265147380997	0.0	0.0	0.38461538461538464	0.8500000000000003	0.0	1.0
random	GSM8K	tabpfn2	256	mae	0.1043957542697899	0.0323985954746604	0.15893546182337032	0.0033404874848201875	0.006424651015549898	0.13666589930653572	0.2773941367864612	0.0009774439968168736	0.9370037317276001
random	GSM8K	tabpfn2	256	mae_original	2271.609415324554	3.8964316844940186	9712.606884761663	0.15882948338985445	0.6549717336893082	27.12128210067749	870.581195068362	0.02325381711125374	67229.3671875
random	GSM8K	tabpfn2	256	mse	0.06055738056771816	0.004715480841696262	0.15415182714992548	2.3440426957677122e-05	0.00012782401972799562	0.035475095734000206	0.16720940917730343	1.5462453575310064e-06	1.1196248531341553
random	GSM8K	tabpfn2	256	mse_original	381294013.184736	33.9262752532959	1940968834.6887248	0.07856270857155324	0.9643598794937134	2753.5403442382812	1499615.8250000046	0.0011506712762638927	14226425856.0
random	GSM8K	tabpfn2	256	r2	0.9409068441390991	0.9953003823757172	0.1382872650064265	0.8365702629089355	0.9655873328447342	0.9998430460691452	0.9999790608882904	0.05874508619308472	0.9999985694885254
random	GSM8K	tabpfn2	256	r2_original	0.9409068471193314	0.9953003823757172	0.13828724957765956	0.8365703225135803	0.9655873328447342	0.9998430460691452	0.9999790608882904	0.05874526500701904	0.9999985694885254
random	GSM8K	tabpfn2	256	rmse	0.14716273730946194	0.06865331336420158	0.19723212039448454	0.004836116599603113	0.011304107475380794	0.1883132233993174	0.4088895004727797	0.0012434811448232765	1.05812326934727
random	GSM8K	tabpfn2	256	rmse_original	4586.591141661638	5.824605678834798	18980.442431196567	0.27962852054972537	0.9801201350025627	52.19747830005774	1223.0748025774878	0.03392154590026658	119274.58176828791
random	GSM8K	tabpfn2	256	rounded_consistency	0.3069230769230769	0.14423076923076922	0.3488455177672091	0.0	0.019230769230769232	0.5336538461538461	0.9442307692307694	0.0	1.0
random	GSM8K	tabpfn2	512	mae	0.08323490731942002	0.02204244676977396	0.13490585514042183	0.0020410916302353145	0.005078108864836395	0.10064268857240677	0.253398272395134	0.0007563161198049784	0.7999430298805237
random	GSM8K	tabpfn2	512	mae_original	1299.6331423879042	3.3644022941589355	5231.352159661132	0.10059758350253105	0.4802432209253311	19.704082489013672	527.8753845214887	0.01234540157020092	40191.296875
random	GSM8K	tabpfn2	512	mse	0.043937032708828386	0.0017029782175086439	0.10960528252710963	9.152383154287235e-06	9.204543857777026e-05	0.03041169000789523	0.12923449426889433	9.580592177371727e-07	0.8329485058784485
random	GSM8K	tabpfn2	512	mse_original	147645345.31650338	31.724834442138672	720861383.248138	0.020892385952174665	0.5237821936607361	1713.7515258789062	686248.7312500069	0.00042826952994801104	5917533696.0
random	GSM8K	tabpfn2	512	r2	0.9552349418401718	0.9983457624912262	0.11791359241813089	0.8628986954689026	0.9676884412765503	0.9998792558908463	0.9999898135662079	0.027158796787261963	0.9999990463256836
random	GSM8K	tabpfn2	512	r2_original	0.9552349400520325	0.9983457624912262	0.11791360379779996	0.8628986477851868	0.9676884412765503	0.9998792558908463	0.9999898135662079	0.027158617973327637	0.9999990463256836
random	GSM8K	tabpfn2	512	rmse	0.12358410976223809	0.04126205896324123	0.16930446102540675	0.003025279688926924	0.009591182915170037	0.17429911591440872	0.35943996355337005	0.0009788049947447002	0.9126601261578422
random	GSM8K	tabpfn2	512	rmse_original	3093.0078012236127	5.619751734433983	11750.687131315906	0.14452458512422436	0.723724898277319	41.303957309244645	818.9304814016424	0.020694673951237093	76925.50744714006
random	GSM8K	tabpfn2	512	rounded_consistency	0.36349514563106794	0.2184466019417476	0.3763117817371418	0.0	0.019417475728155338	0.7184466019417476	0.9805825242718447	0.0	1.0
random	GSM8K	tabpfn2	1024	mae	0.07000765963108278	0.016148553229868412	0.13265141950402257	0.0015129996696487068	0.00472629617433995	0.062353297136723995	0.22120529115200058	0.0008015629136934876	0.7958280444145203
random	GSM8K	tabpfn2	1024	mae_original	1035.8778423866256	2.166382074356079	3649.2091688255173	0.08471701815724374	0.3712112233042717	20.401867866516113	357.28485412597985	0.008889853954315186	21996.904296875
random	GSM8K	tabpfn2	1024	mse	0.04022522121923885	0.0011055238428525627	0.11471958695037116	7.18140518074506e-06	0.00011523768989718519	0.015628982800990343	0.12597408443689348	1.1265664170423406e-06	0.8298501968383789
random	GSM8K	tabpfn2	1024	mse_original	258647098.3689391	16.66158390045166	1372018271.6577268	0.014176554232835769	0.29991908371448517	1019.2433013916016	529188.5437500081	0.00012345518916845322	11288220672.0
random	GSM8K	tabpfn2	1024	r2	0.9605914437770844	0.9989927709102631	0.11861370779663293	0.9018216550350189	0.9853384047746658	0.9998816102743149	0.9999922335147857	0.08967453241348267	0.9999988675117493
random	GSM8K	tabpfn2	1024	r2_original	0.960591443181038	0.9989927709102631	0.11861371309710352	0.9018217086791992	0.985338419675827	0.9998816102743149	0.9999922335147857	0.08967447280883789	0.9999988675117493
random	GSM8K	tabpfn2	1024	rmse	0.10915987296245958	0.03324931384656925	0.16825380635830664	0.002679768243116916	0.010678982840176848	0.12487844357825939	0.35492707543656027	0.001061398330996587	0.9109611390385316
random	GSM8K	tabpfn2	1024	rmse_original	3736.3219246645504	4.080737866300466	15642.474127969977	0.11906380966716137	0.5470010491444489	31.919882860024806	710.8024687292891	0.01111103906790239	106246.03838261453
random	GSM8K	tabpfn2	1024	rounded_consistency	0.4106829268292683	0.2926829268292683	0.39203533633785764	0.0	0.024390243902439025	0.8378048780487805	0.9902439024390244	0.0	1.0
random	GSM8K	tabpfn2	2048	mae	0.042517602997832	0.009744243696331978	0.09894181367999143	0.0014152005431242287	0.0038438825285993516	0.028185518458485603	0.10488770604133618	0.0007884840597398579	0.6244761347770691
random	GSM8K	tabpfn2	2048	mae_original	674.2076886124909	1.5989441275596619	2826.652576233026	0.05661643110215664	0.31597189232707024	11.932514667510986	151.77476043701267	0.008765220642089844	19904.923828125
random	GSM8K	tabpfn2	2048	mse	0.021561357945108738	0.0006234792526811361	0.07664423439602285	7.879691838752479e-06	0.00011034652379748877	0.004211728577502072	0.049875205382704776	1.1493486908875639e-06	0.541024923324585
random	GSM8K	tabpfn2	2048	mse_original	162913423.16621798	15.791621685028076	1112994904.2098658	0.012508004251867533	0.2840765193104744	770.9065246582031	117633.81718750043	0.00013107222912367433	10785998848.0
random	GSM8K	tabpfn2	2048	r2	0.9785179001092911	0.9993619322776794	0.07593425725564328	0.953406834602356	0.9957095980644226	0.9998867809772491	0.9999925553798675	0.4723435640335083	0.9999988675117493
random	GSM8K	tabpfn2	2048	r2_original	0.9785178995132446	0.9993619322776794	0.07593426215006752	0.953406834602356	0.9957095980644226	0.9998867809772491	0.9999925553798675	0.4723435640335083	0.9999988675117493
random	GSM8K	tabpfn2	2048	rmse	0.07200445899773132	0.02496921299512285	0.12797154304591613	0.002806051663320398	0.010487649170476458	0.06486068868871964	0.2233062559824831	0.0010720768120277408	0.7355439642363908
random	GSM8K	tabpfn2	2048	rmse_original	2641.855166227236	3.973227038418103	12487.35458161161	0.11182577172829598	0.5286692027049686	27.603250949564647	342.36693804975215	0.01144867805135922	103855.66353357914
random	GSM8K	tabpfn2	2048	rounded_consistency	0.46378048780487807	0.46219512195121953	0.39273357876624365	0.004634146341463415	0.04573170731707317	0.9225609756097561	0.9953658536585366	0.0	1.0
random	GSM8K	tabpfn25	32	mae	0.25397809262387455	0.10373064130544662	0.3232517878571332	0.01207259725779295	0.0377155402675271	0.3100028708577156	0.7796001672744753	0.003948313649743795	1.441627860069275
random	GSM8K	tabpfn25	32	mae_original	6102.515507613085	9.426268577575684	25595.639587416892	0.44207917451858525	3.116100490093231	89.31731224060059	2524.2021484375027	0.03631748631596565	166091.03125
random	GSM8K	tabpfn25	32	mse	0.3062469885243263	0.02090907096862793	0.6611636773619747	0.00025888431846397	0.0023004960967227817	0.27905863523483276	0.9368170559406288	2.087097891489975e-05	4.113315105438232
random	GSM8K	tabpfn25	32	mse_original	1340926751.8201365	233.210693359375	6368698158.467119	0.38307814896106723	16.671050786972046	16132.99462890625	12114547.600000007	0.0023905602283775806	44810113024.0
random	GSM8K	tabpfn25	32	r2	0.7771785277128219	0.9616990089416504	0.35000608924652604	0.12050294876098636	0.7099647223949432	0.9959937334060669	0.9996474802494049	-0.21441328525543213	0.9999501705169678
random	GSM8K	tabpfn25	32	r2_original	0.7771785283088684	0.9616990089416504	0.3500060893511783	0.12050294280052187	0.7099647223949432	0.9959937334060669	0.9996474802494049	-0.21441316604614258	0.9999501705169678
random	GSM8K	tabpfn25	32	rmse	0.3408843205215872	0.1445968594715546	0.4359413590689258	0.01608301045770059	0.04793421835977167	0.5282594923494833	0.9677954052204861	0.0045684766514561236	2.028130938928311
random	GSM8K	tabpfn25	32	rmse_original	8753.089319674944	15.256644435699492	35557.13963723642	0.6186061534069313	4.076894410513175	126.97343281717727	3480.4211908502957	0.0488933556669777	211683.9933107839
random	GSM8K	tabpfn25	32	rounded_consistency	0.15999999999999998	0.0	0.301885232957081	0.0	0.0	0.14285714285714285	0.7285714285714298	0.0	1.0
random	GSM8K	tabpfn25	64	mae	0.09786513476632536	0.021365308202803135	0.17675426992362597	0.005833713850006461	0.01074481988325715	0.10866285674273968	0.25591811537742637	0.0020715915597975254	1.0188215970993042
random	GSM8K	tabpfn25	64	mae_original	1931.9077974208071	2.351626992225647	7435.486445833982	0.17319757044315337	0.8012348711490631	38.40381336212158	641.0249267578137	0.043851230293512344	40559.93359375
random	GSM8K	tabpfn25	64	mse	0.05987898733044858	0.0011384585523046553	0.19159292032353037	7.454461374436505e-05	0.00025123649538727477	0.024479872547090054	0.13179159909486773	8.095027624221984e-06	1.3459008932113647
random	GSM8K	tabpfn25	64	mse_original	172892892.11251685	12.227985858917236	788217124.2348909	0.0713406302034855	1.280925452709198	2463.7304077148438	642197.2187500066	0.0030349704902619123	5178692096.0
random	GSM8K	tabpfn25	64	r2	0.9212476825714111	0.9984185695648193	0.24857799020136256	0.8287056863307953	0.974661111831665	0.9996978491544724	0.9999218583106995	-0.9614254236221313	0.9999943375587463
random	GSM8K	tabpfn25	64	r2_original	0.9212476819753647	0.9984185695648193	0.2485779994930143	0.8287056803703309	0.974661111831665	0.9996978491544724	0.9999218583106995	-0.9614255428314209	0.9999943375587463
random	GSM8K	tabpfn25	64	rmse	0.12788531178769783	0.03374022261287085	0.20862486515133305	0.008633770887951583	0.015842081920459567	0.15645105752465793	0.3630271549082553	0.0028451762026668903	1.1601296881001557
random	GSM8K	tabpfn25	64	rmse_original	3225.0317668578878	3.49680762032083	12747.237434647332	0.26709441605402984	1.1312989929199848	49.532135925135925	791.9419622352275	0.055090566254685676	71963.13011535838
random	GSM8K	tabpfn25	64	rounded_consistency	0.2923076923076923	0.15384615384615385	0.3457262316037574	0.0	0.0	0.4807692307692308	0.9230769230769231	0.0	1.0
random	GSM8K	tabpfn25	128	mae	0.05550749005516991	0.013729735743254423	0.12650620363457182	0.0024998292326927187	0.004971475922502577	0.03180111479014158	0.11199845299124724	0.00121717166621238	0.8016088008880615
random	GSM8K	tabpfn25	128	mae_original	993.472379342476	1.3771016001701355	3835.6664069839394	0.0951465405523777	0.5076397359371185	14.224762439727783	416.52030944824287	0.014652288518846035	23251.220703125
random	GSM8K	tabpfn25	128	mse	0.03022426245161114	0.0004693832015618682	0.11396425766764239	1.3299377678777092e-05	5.192216849536635e-05	0.0032582044950686395	0.036920654401183174	2.8316349016677123e-06	0.8325846195220947
random	GSM8K	tabpfn25	128	mse_original	66874171.11310851	3.6496018171310425	332332955.7864565	0.01707676313817501	0.6083931028842926	367.533935546875	727083.2312500018	0.00036114605609327555	2352852480.0
random	GSM8K	tabpfn25	128	r2	0.9669870066642762	0.9994107782840729	0.132322350723176	0.963367509841919	0.9968933612108231	0.999939501285553	0.9999877870082855	-0.032099127769470215	0.9999960064888
random	GSM8K	tabpfn25	128	r2_original	0.966987007856369	0.9994107782840729	0.13232235214780397	0.9633675158023834	0.9968933612108231	0.999939501285553	0.9999877870082855	-0.032099127769470215	0.9999960064888
random	GSM8K	tabpfn25	128	rmse	0.0780129094653607	0.021658543371207914	0.1553648879520742	0.0036468185698891042	0.007205326622266455	0.05681847812089857	0.19210374011501236	0.001682746238048896	0.9124607495789037
random	GSM8K	tabpfn25	128	rmse_original	1985.0081040555995	1.9103929698519908	7933.0898104044	0.13067626842926744	0.7796138732529798	19.161458135347903	851.9832087543072	0.01900384319271435	48506.21073635829
random	GSM8K	tabpfn25	128	rounded_consistency	0.395	0.3076923076923077	0.3679406547852343	0.0	0.038461538461538464	0.6923076923076923	1.0	0.0	1.0
random	GSM8K	tabpfn25	256	mae	0.032143912981264296	0.006440954050049186	0.10081687140136512	0.0017071276903152467	0.0029533866327255964	0.013725355034694076	0.049010922387242334	0.0007907344261184335	0.8089311122894287
random	GSM8K	tabpfn25	256	mae_original	627.3670861565042	0.7728293240070343	2782.972636394017	0.05397805646061897	0.23607701435685158	7.376060366630554	97.94105758667	0.008616823703050613	22696.53515625
random	GSM8K	tabpfn25	256	mse	0.01777643569570273	9.94338042801246e-05	0.0969787764732193	5.357291001928388e-06	2.168415949199698e-05	0.0006897687417222187	0.006146166753023887	9.806714160731644e-07	0.8578993678092957
random	GSM8K	tabpfn25	256	mse_original	75757616.39630684	1.68254154920578	559033186.6281859	0.006763707753270865	0.1316213607788086	133.80418586730957	26278.30058593757	0.00015096875722520053	5452729344.0
random	GSM8K	tabpfn25	256	r2	0.9837899452447891	0.9998959302902222	0.08534331573504969	0.9936520338058472	0.9992734342813492	0.9999794214963913	0.9999950528144836	0.2787744402885437	0.9999988675117493
random	GSM8K	tabpfn25	256	r2_original	0.9837899470329284	0.9998959302902222	0.08534330594497665	0.9936520397663117	0.9992734342813492	0.9999794214963913	0.9999950528144836	0.27877455949783325	0.9999988675117493
random	GSM8K	tabpfn25	256	rmse	0.04516391130252262	0.00997133992999202	0.12544583218090827	0.002314564833964427	0.004656358591209837	0.02626318494097348	0.07823793842241496	0.000990288551924723	0.9262285721188348
random	GSM8K	tabpfn25	256	rmse_original	1676.813923603169	1.2970275366677748	8540.837866504517	0.08224175743201863	0.36142823274913066	11.538529363597547	161.94942757292264	0.012286934411202842	73842.5984374873
random	GSM8K	tabpfn25	256	rounded_consistency	0.4928846153846155	0.5096153846153846	0.38894348435687753	0.0	0.07211538461538462	0.8846153846153846	1.0	0.0	1.0
random	GSM8K	tabpfn25	512	mae	0.019347897827392446	0.003929088125005364	0.06300857322940827	0.0014269543229602278	0.0020105617586523294	0.010504260892048478	0.02848983202129604	0.0007647967431694269	0.5294205546379089
random	GSM8K	tabpfn25	512	mae_original	283.5361826246977	0.6314918100833893	1120.630845133079	0.02884734980762005	0.16147494316101074	4.79359769821167	103.48062210083032	0.009600426070392132	6329.98779296875
random	GSM8K	tabpfn25	512	mse	0.006899487944733665	4.873563739238307e-05	0.04165419486003563	3.6746446767210726e-06	1.1081445109084598e-05	0.00043549217662075534	0.0016187824658118195	9.823638720263261e-07	0.36242061853408813
random	GSM8K	tabpfn25	512	mse_original	6920650.444236222	1.1014113426208496	36048113.35729612	0.0015073836548253894	0.050658345222473145	76.32584762573242	40859.48320312573	0.00016182218678295612	306568096.0
random	GSM8K	tabpfn25	512	r2	0.9926458251476288	0.9999490082263947	0.04601133526625858	0.9985168397426605	0.9994910806417465	0.9999889880418777	0.9999959349632264	0.5767112970352173	0.9999990463256836
random	GSM8K	tabpfn25	512	r2_original	0.9926458251476288	0.9999490082263947	0.04601133526625858	0.9985168397426605	0.9994910806417465	0.9999889880418777	0.9999959349632264	0.5767112970352173	0.9999990463256836
random	GSM8K	tabpfn25	512	rmse	0.028118388497529883	0.006976917733943605	0.07815909526750962	0.0019169359941288609	0.003328423930800039	0.020867942323387186	0.04023291052432806	0.0009911427102220578	0.6020138026109436
random	GSM8K	tabpfn25	512	rmse_original	619.255598312444	1.0494754429474271	2556.789578396102	0.038819666603176206	0.2249213875226384	8.735257767959585	196.0588223940447	0.012720934980690535	17509.086098366184
random	GSM8K	tabpfn25	512	rounded_consistency	0.5359223300970873	0.6504854368932039	0.4008380324860694	0.008737864077669905	0.09951456310679611	0.9466019417475728	1.0	0.0	1.0
random	GSM8K	tabpfn25	1024	mae	0.012201233439845964	0.003823130624368787	0.03445384393269411	0.0009810508869122713	0.0019524208910297602	0.007743475842289627	0.01575998999178411	0.0005902288830839097	0.2767229378223419
random	GSM8K	tabpfn25	1024	mae_original	254.5183737297915	0.4672340899705887	1066.2180887084537	0.03368270285427571	0.1039232611656189	2.948362112045288	88.74390945434581	0.004987623542547226	6190.04443359375
random	GSM8K	tabpfn25	1024	mse	0.0025580042009102043	4.874099795415532e-05	0.015037597281049886	2.0590516442098306e-06	1.1439751915531815e-05	0.00017210287114721723	0.0007857933873310767	6.741326501469302e-07	0.1422109603881836
random	GSM8K	tabpfn25	1024	mse_original	7307038.342726174	0.5330353528261185	38544947.73340443	0.004205659381113947	0.03277410473674536	32.92435073852539	16984.852539062704	4.703695958596654e-05	310555968.0
random	GSM8K	tabpfn25	1024	r2	0.9974540489912033	0.9999482333660126	0.015110377734624675	0.9991973519325257	0.9998224824666977	0.9999892711639404	0.9999978065490722	0.857389509677887	0.9999992251396179
random	GSM8K	tabpfn25	1024	r2_original	0.9974540489912033	0.9999482333660126	0.015110377734624675	0.9991973519325257	0.9998224824666977	0.9999892711639404	0.9999978065490722	0.857389509677887	0.9999992251396179
random	GSM8K	tabpfn25	1024	rmse	0.019014099925602178	0.006980851997721149	0.04686649341405243	0.0014349241936365718	0.0033818729581034093	0.01311608547289052	0.027697139138709942	0.0008210558142702177	0.3771086851136998
random	GSM8K	tabpfn25	1024	rmse_original	611.1042821423098	0.7297416497002824	2633.1710728840812	0.0646321338578881	0.18093877980228804	5.725192890867031	128.3383473906875	0.006858349625527014	17622.598219331903
random	GSM8K	tabpfn25	1024	rounded_consistency	0.5838536585365853	0.7146341463414634	0.3980234897513125	0.00926829268292683	0.1475609756097561	0.975609756097561	1.0	0.0	1.0
random	GSM8K	tabpfn25	2048	mae	0.008090461628744378	0.0027650012634694576	0.023331613171605217	0.0009430279664229601	0.0014588132034987211	0.0049983455101028085	0.01115910215303302	0.0006154054426588118	0.1990479975938797
random	GSM8K	tabpfn25	2048	mae_original	230.79402308801656	0.31624774634838104	1008.70857236372	0.027839215844869616	0.08634702861309052	2.2487934827804565	42.81734504699728	0.005365262273699045	6382.7451171875
random	GSM8K	tabpfn25	2048	mse	0.001358094664424243	2.5644041670602746e-05	0.009028170068941493	1.8058306864077168e-06	6.439688263526477e-06	8.227736543631181e-05	0.00038872914155945305	8.757002660786384e-07	0.08783707767724991
random	GSM8K	tabpfn25	2048	mse_original	7052895.162524011	0.33937792479991913	42091798.69787132	0.0017780723632313312	0.01841176114976406	16.40394401550293	3639.615258789107	4.5971639337949455e-05	368737920.0
random	GSM8K	tabpfn25	2048	r2	0.9986257725954055	0.999973863363266	0.009279681225469136	0.9996227145195007	0.9999161660671234	0.9999939203262329	0.9999982178211212	0.9093895554542542	0.9999991059303284
random	GSM8K	tabpfn25	2048	r2_original	0.9986257714033127	0.999973863363266	0.009279682318048599	0.9996227145195007	0.9999161660671234	0.9999939203262329	0.9999982178211212	0.9093895554542542	0.9999991059303284
random	GSM8K	tabpfn25	2048	rmse	0.012985466403777386	0.005060523030096575	0.03448872753089931	0.0013436090806825524	0.00253764475135333	0.009061808630776713	0.019688838599604092	0.0009357885797970813	0.2963732067465781
random	GSM8K	tabpfn25	2048	rmse_original	563.9928419769799	0.5825380153541941	2595.1507156083903	0.04216579851383309	0.13568853328298863	4.04864319331452	59.38727666546963	0.0067802388850208995	19202.54983068655
random	GSM8K	tabpfn25	2048	rounded_consistency	0.6196341463414634	0.8146341463414635	0.3915032082198062	0.007073170731707318	0.19329268292682927	0.9859756097560975	1.0	0.0	1.0
random	GSM8K	xgboost	32	mae	0.5665078120678664	0.5006812065839767	0.3260961872033531	0.18026357889175415	0.37014370411634445	0.7034357786178589	0.9870116710662843	0.059905894100666046	1.6532211303710938
random	GSM8K	xgboost	32	mse	0.7167758481064811	0.43337029218673706	0.9738970937402238	0.05783081687986851	0.2378319911658764	0.8406188488006592	1.5722801566123976	0.006484111305326223	7.225064277648926
random	GSM8K	xgboost	32	r2	0.2212551575899124	0.4221676290035248	0.7980690516681174	-0.41537894010543824	-0.028651028871536255	0.7115465551614761	0.9140001356601716	-4.784271717071533	0.9840810298919678
random	GSM8K	xgboost	32	rmse	0.7255368031208878	0.6583086117419428	0.4363166229054349	0.24044210974218452	0.4875596714012518	0.9167902101573657	1.2537842956614766	0.08052397969130826	2.687947967809073
random	GSM8K	xgboost	32	rounded_consistency	0.015714285714285712	0.0	0.053049841793220386	0.0	0.0	0.0	0.0	0.0	0.2857142857142857
random	GSM8K	xgboost	64	mae	0.42265826545655727	0.38928401470184326	0.2288718468645056	0.16458960622549057	0.2345060519874096	0.5650356113910675	0.7179396033287052	0.09706616401672363	0.9771877527236938
random	GSM8K	xgboost	64	mse	0.4004502956941724	0.2471516951918602	0.4333641683211316	0.053048839420080186	0.08584625646471977	0.5517283380031586	0.9107746541500092	0.014639690518379211	2.6838574409484863
random	GSM8K	xgboost	64	r2	0.46951616525650025	0.6114526391029358	0.6321449426000806	-0.09576615095138549	0.34444190561771393	0.8642876297235489	0.9395110607147218	-3.0299339294433594	0.9847870469093323
random	GSM8K	xgboost	64	rmse	0.5561140852840146	0.49713369082764264	0.3019725481610806	0.23031870450167272	0.2929940749367048	0.7427716112532081	0.9543417457737812	0.12099458879792604	1.6382482842806478
random	GSM8K	xgboost	64	rounded_consistency	0.03461538461538462	0.0	0.06912384906004396	0.0	0.0	0.07692307692307693	0.08461538461538527	0.0	0.38461538461538464
random	GSM8K	xgboost	128	mae	0.3228465335071087	0.29708871245384216	0.20614583121321686	0.1149167574942112	0.18522702530026436	0.3979487344622612	0.564031857252121	0.03164096176624298	1.2624170780181885
random	GSM8K	xgboost	128	mse	0.256979210563004	0.1609848514199257	0.3244960092221105	0.029724005796015265	0.05754236038774252	0.32881617546081543	0.5868633925914767	0.0019586915150284767	1.9105064868927002
random	GSM8K	xgboost	128	r2	0.753125685453415	0.8232706189155579	0.2522056315102509	0.487367057800293	0.6984446495771408	0.9294624626636505	0.9699250102043152	-0.3371143341064453	0.9986057877540588
random	GSM8K	xgboost	128	rmse	0.4352235328899734	0.40122594469941564	0.2599224634035586	0.1721509496415866	0.23977177701356706	0.5733933790275543	0.7660418326322397	0.044257106943726865	1.3822107244891064
random	GSM8K	xgboost	128	rounded_consistency	0.05153846153846153	0.0	0.09440251225219924	0.0	0.0	0.07692307692307693	0.15384615384615385	0.0	0.5769230769230769
random	GSM8K	xgboost	256	mae	0.24847025468945502	0.2097603678703308	0.18189801954938553	0.06337725520133972	0.13366152718663216	0.2962966337800026	0.4590879946947098	0.0163783747702837	1.0123875141143799
random	GSM8K	xgboost	256	mse	0.17413280077453236	0.09572433307766914	0.23773164369391897	0.008077518735080957	0.03646007739007473	0.20562436804175377	0.34708850979804995	0.0006342309643514454	1.3741168975830078
random	GSM8K	xgboost	256	r2	0.8221036738157272	0.8875071108341217	0.2256289719235505	0.6093318164348602	0.7902941703796387	0.9599265307188034	0.9921776354312897	-0.20200133323669434	0.9994634985923767
random	GSM8K	xgboost	256	rmse	0.34928126295978096	0.30923356749692676	0.22833177641264193	0.08987463773619657	0.19094488181099903	0.4534567428664005	0.5891420740087489	0.025183942589504238	1.1722273233392095
random	GSM8K	xgboost	256	rounded_consistency	0.07538461538461538	0.019230769230769232	0.12345734476462451	0.0	0.0	0.09615384615384616	0.2519230769230771	0.0	0.6538461538461539
random	GSM8K	xgboost	512	mae	0.1757753697875887	0.13482274860143661	0.15797129576777358	0.04119716174900532	0.07956278882920742	0.2246689721941948	0.3118820756673814	0.007961674593389034	0.8790844082832336
random	GSM8K	xgboost	512	mse	0.1015416212346463	0.03858856111764908	0.18049581950470864	0.0029042260721325874	0.014367206487804651	0.10840092040598392	0.20774361044168504	0.00024381412367802113	1.065677523612976
random	GSM8K	xgboost	512	r2	0.896944888830185	0.9609471559524536	0.1822926666189985	0.8155997931957245	0.8926930278539658	0.9817276448011398	0.9971729159355164	-0.02556777000427246	0.9998478889465332
random	GSM8K	xgboost	512	rmse	0.25123677812869355	0.19643495936599475	0.19601454678201796	0.053890869861366306	0.11986232276553169	0.32923652680459614	0.45562814597964385	0.015614548462188111	1.0323165810995074
random	GSM8K	xgboost	512	rounded_consistency	0.11300970873786406	0.038834951456310676	0.17139439667617437	0.0	0.007281553398058252	0.1383495145631068	0.39126213592233033	0.0	0.883495145631068
random	GSM8K	xgboost	1024	mae	0.12145692246034741	0.089657723903656	0.13501139425812167	0.021672073006629943	0.04480525106191635	0.14506268128752708	0.24482141733169574	0.0034282291308045387	0.7166287302970886
random	GSM8K	xgboost	1024	mse	0.06287673095874197	0.01775508653372526	0.13920406372476749	0.0011238881736062468	0.005281473626382649	0.04959644004702568	0.1430556282401085	6.677245983155444e-05	0.7691483497619629
random	GSM8K	xgboost	1024	r2	0.9383642721176148	0.9816568195819855	0.14199954279808585	0.8704196751117707	0.952413484454155	0.9946683049201965	0.9988306581974029	0.15626299381256104	0.9999330043792725
random	GSM8K	xgboost	1024	rmse	0.1803975105558228	0.13324812544135523	0.17416506292596054	0.03352114133431418	0.07266919741846367	0.22270088952693495	0.3782268018286662	0.008171441722949167	0.8770110317219293
random	GSM8K	xgboost	1024	rounded_consistency	0.17546341463414636	0.06585365853658537	0.24562654531228176	0.0	0.00853658536585366	0.18902439024390244	0.6434146341463418	0.0	0.9853658536585366
random	GSM8K	xgboost	2048	mae	0.08493340830667875	0.05776311829686165	0.1162307900376049	0.009452519193291665	0.026636376976966858	0.09667275473475456	0.1479661956429483	0.0014239164302125573	0.7157970666885376
random	GSM8K	xgboost	2048	mse	0.0363096787305858	0.007374183740466833	0.10707972735514659	0.0002661127888131887	0.0019365145126357675	0.02211479377001524	0.0447694305330515	5.134655111760367e-06	0.7376894950866699
random	GSM8K	xgboost	2048	r2	0.9640861743688584	0.9928535521030426	0.10401355600653468	0.9549888908863068	0.9769996851682663	0.9981709420681	0.9997234106063843	0.28053849935531616	0.9999951124191284
random	GSM8K	xgboost	2048	rmse	0.12288759267650595	0.08587306755997512	0.14563076013246293	0.016306706319340593	0.04400487201047343	0.14870307082480372	0.21158636196429403	0.002265977738584465	0.8588885230847306
random	GSM8K	xgboost	2048	rounded_consistency	0.23982926829268295	0.09634146341463415	0.298840920717529	0.0	0.015853658536585366	0.3426829268292683	0.8029268292682932	0.0	1.0
random	GSM8K	xrfm	32	mae	0.5689301056414843	0.5432567596435547	0.33505138703764226	0.22022451609373092	0.3085966259241104	0.7280173897743225	0.9910162746906281	0.09807751327753067	2.2446138858795166
random	GSM8K	xrfm	32	mse	0.6998710561078042	0.4369676262140274	1.0914952068604442	0.07992388531565667	0.14833851903676987	0.8393897712230682	1.5138522148132327	0.014815269969403744	9.846704483032227
random	GSM8K	xrfm	32	r2	0.3015255677700043	0.4981778860092163	0.5734409528836732	-0.3639156579971313	0.04120050370693207	0.710649237036705	0.8583918213844299	-2.2028584480285645	0.9555210471153259
random	GSM8K	xrfm	32	rmse	0.7194515324582281	0.6610352497489669	0.4269198385543958	0.28265257761138557	0.3851471480312506	0.9161597615348568	1.230377786045981	0.12171799361394249	3.13794590186514
random	GSM8K	xrfm	32	rounded_consistency	0.016122448979591836	0.0	0.0355002331767248	0.0	0.0	0.02040816326530612	0.04285714285714303	0.0	0.24489795918367346
random	GSM8K	xrfm	64	mae	0.38555402994155885	0.355708047747612	0.21277947062036132	0.1364004507660866	0.22253641858696938	0.49274804443120956	0.6610181748867036	0.0790524110198021	1.066125750541687
random	GSM8K	xrfm	64	mse	0.32593878941610455	0.20548738539218903	0.34221241622645965	0.0417189072817564	0.08257227577269077	0.44897452741861343	0.6794930577278139	0.0087050162255764	1.5988800525665283
random	GSM8K	xrfm	64	r2	0.5840005880594253	0.7296278476715088	0.4622696350545535	0.05521250963211062	0.4313754141330719	0.8729513138532639	0.9509309530258179	-2.259199857711792	0.9931325912475586
random	GSM8K	xrfm	64	rmse	0.5019444704927846	0.4532444821549333	0.2720120180393188	0.20425122243116858	0.2873442957138214	0.6700527760977195	0.8243046665314943	0.0933006764475821	1.264468288478018
random	GSM8K	xrfm	64	rounded_consistency	0.014260355029585798	0.005917159763313609	0.02757796400381992	0.0	0.0	0.013313609467455622	0.03609467455621307	0.0	0.14792899408284024
random	GSM8K	xrfm	128	mae	0.26725116547197103	0.20254510641098022	0.21123570834011446	0.08690341636538505	0.13062972947955132	0.35081715136766434	0.5309203803539276	0.02587253786623478	1.1891140937805176
random	GSM8K	xrfm	128	mse	0.21077518744394183	0.102522823959589	0.33559620395071815	0.012911353819072248	0.032054523937404156	0.21071378514170647	0.48200469911098487	0.0011828236747533083	2.083376407623291
random	GSM8K	xrfm	128	r2	0.7956221777200699	0.8976879715919495	0.28332028179282787	0.4179007351398468	0.783531665802002	0.9555552452802658	0.9863499104976654	-0.6444946527481079	0.9986185431480408
random	GSM8K	xrfm	128	rmse	0.370193104612854	0.3201918057943057	0.2715368349617384	0.11360327009447985	0.17903738561259308	0.45901571457488105	0.6942645656081485	0.03439220369143722	1.4433905942686793
random	GSM8K	xrfm	128	rounded_consistency	0.01707100591715976	0.0036982248520710057	0.03484625633374228	0.0	0.0	0.01664201183431953	0.049704142011834394	0.0	0.26479289940828404
random	GSM8K	xrfm	256	mae	0.17066356213763356	0.12435510382056236	0.17467811135560504	0.0410376712679863	0.07787753269076347	0.19175712764263153	0.2729358375072481	0.015820685774087906	1.0048744678497314
random	GSM8K	xrfm	256	mse	0.10259285659471061	0.03275980241596699	0.22205044938628135	0.003885555500164628	0.0130753752309829	0.08064563386142254	0.1820179939270022	0.0005503873690031469	1.3498916625976562
random	GSM8K	xrfm	256	r2	0.8935395330190659	0.9647791385650635	0.21733422076571393	0.8314782440662384	0.9142516702413559	0.9859770089387894	0.9968794286251068	-0.22955262660980225	0.9994850158691406
random	GSM8K	xrfm	256	rmse	0.24029764785096405	0.18099630539994244	0.21177794274193118	0.06232597363390253	0.1143370890263985	0.2839800669893252	0.4265445842073022	0.02346033608035373	1.1618483819318493
random	GSM8K	xrfm	256	rounded_consistency	0.016793639053254438	0.004437869822485207	0.03547432797588524	0.0	0.0007396449704142012	0.015625	0.045821005917159825	0.0	0.27588757396449703
random	GSM8K	xrfm	512	mae	0.10609349790029228	0.07268394529819489	0.12903377616974585	0.014361541252583265	0.03552030026912689	0.11885347589850426	0.1935122132301331	0.0077052125707268715	0.7673737406730652
random	GSM8K	xrfm	512	mse	0.04966290908007068	0.013895800337195396	0.13477017495457924	0.0007022293750196696	0.0024726115516386926	0.035675146616995335	0.07140401527285578	0.00019673244969453663	0.8264456391334534
random	GSM8K	xrfm	512	r2	0.9490784227848053	0.9871267974376678	0.13912048495085116	0.9249308943748474	0.9652611166238785	0.997265487909317	0.9992483198642731	0.03475379943847656	0.9997866749763489
random	GSM8K	xrfm	512	rmse	0.15128022406010203	0.11787462953755327	0.1636374128626947	0.026498875109547838	0.04972491011751724	0.1888602959345803	0.267209680551065	0.01402613452432767	0.9090905560687853
random	GSM8K	xrfm	512	rounded_consistency	0.01597228768027147	0.004712979545668771	0.031448388212922625	0.0	0.0007540767273070035	0.015859176171175417	0.045668771797530434	0.0	0.242529927420115
random	GSM8K	xrfm	1024	mae	0.06512079298030585	0.0448570940643549	0.08818053058770772	0.007562859635800123	0.019727931823581457	0.06750450655817986	0.13560319542884833	0.0026318267919123173	0.6109358668327332
random	GSM8K	xrfm	1024	mse	0.024669241215251533	0.005570371635258198	0.07833628290795139	0.00013799428415950388	0.0009427646873518825	0.011725461576133966	0.03907213769853116	2.259376378788147e-05	0.6345396637916565
random	GSM8K	xrfm	1024	r2	0.975933485031128	0.9941906630992889	0.08115442569743658	0.963592129945755	0.9882637411355972	0.9990142434835434	0.999857372045517	0.30392545461654663	0.9999827742576599
random	GSM8K	xrfm	1024	rmse	0.09974216739417231	0.074634922277834	0.12132906188858647	0.011741457679273285	0.030704472802897502	0.10824817583175984	0.19766502687491788	0.004753289785809558	0.7965799795322855
random	GSM8K	xrfm	1024	rounded_consistency	0.017081737061273052	0.0054848304580606775	0.03437644993570351	4.7590719809637124e-05	0.0008685306365258775	0.017394408090422368	0.040963712076145194	0.0	0.2539916716240333
random	GSM8K	xrfm	2048	mae	0.03908149645663798	0.02585184294730425	0.05435664858268689	0.003507542796432972	0.009049549698829651	0.041950822807848454	0.09247968122363093	0.00035593920620158315	0.3244812786579132
random	GSM8K	xrfm	2048	mse	0.009062640328120325	0.0016712776268832386	0.02827961620043059	5.032796143495944e-05	0.000352976108842995	0.004562857327982783	0.017072608321905172	9.97402139546466e-07	0.18890950083732605
random	GSM8K	xrfm	2048	r2	0.9908717590570449	0.998217910528183	0.028253310555177165	0.9801205098628998	0.9949652701616287	0.9996486455202103	0.9999487340450287	0.8051258325576782	0.9999990463256836
random	GSM8K	xrfm	2048	rmse	0.06037507915413986	0.04088072283947646	0.07360360144212828	0.0070859568712027905	0.018787417484842587	0.0675359303782095	0.13058332353421173	0.0009987002250657932	0.4346372059975147
random	GSM8K	xrfm	2048	rounded_consistency	0.01710428316478287	0.006216537775133849	0.034497710529004	4.64009518143962e-05	0.0010767400356930397	0.016339976204640096	0.04397917906008329	0.0	0.25069006543723976
